"cell_barcode","expression"
"AAACCTGAGACAGAGA-1",0
"AAACCTGAGACTTTCG-1",0
"AAACCTGAGAGTAAGG-1",0
"AAACCTGAGAGTCGGT-1",2
"AAACCTGAGGATGGAA-1",2
"AAACCTGAGTAGATGT-1",1
"AAACCTGCAATCAGAA-1",1
"AAACCTGCACCGATAT-1",2
"AAACCTGCAGACGTAG-1",1
"AAACCTGCAGTATCTG-1",0
"AAACCTGCATAGTAAG-1",0
"AAACCTGCATGAACCT-1",0
"AAACCTGGTAAGAGGA-1",1
"AAACCTGGTCCAACTA-1",4
"AAACCTGTCCGTAGTA-1",2
"AAACCTGTCGAGAGCA-1",2
"AAACGGGAGTACGACG-1",0
"AAACGGGCAAGGTTTC-1",2
"AAACGGGCACGTCAGC-1",1
"AAACGGGCAGCGTTCG-1",3
"AAACGGGGTAGCCTCG-1",2
"AAACGGGGTCTACCTC-1",2
"AAACGGGGTGCGGTAA-1",1
"AAACGGGGTTGTCGCG-1",2
"AAACGGGTCCATGAGT-1",4
"AAACGGGTCCCAACGG-1",0
"AAACGGGTCCCATTAT-1",1
"AAAGATGCAGTCAGCC-1",1
"AAAGATGCATCTACGA-1",1
"AAAGCAAAGCGTCTAT-1",0
"AAAGCAACATGTCGAT-1",1
"AAAGCAAGTAGCTGCC-1",1
"AAAGCAAGTAGGCATG-1",1
"AAAGCAAGTGCGCTTG-1",1
"AAAGCAAGTTATTCTC-1",0
"AAAGCAATCCGTAGTA-1",3
"AAAGTAGAGATGTGTA-1",0
"AAAGTAGAGTGGGCTA-1",0
"AAAGTAGGTATATGGA-1",1
"AAAGTAGGTGAGCGAT-1",0
"AAAGTAGGTTGAGGTG-1",1
"AAATGCCAGCCCTAAT-1",2
"AAATGCCAGCGTGTCC-1",0
"AAATGCCCAACACCTA-1",0
"AAATGCCGTAGGAGTC-1",1
"AAATGCCGTCTTTCAT-1",2
"AAATGCCGTGGTCCGT-1",0
"AAATGCCGTTCCCGAG-1",1
"AAATGCCTCATAGCAC-1",2
"AAATGCCTCGCTTAGA-1",1
"AACACGTAGAATTCCC-1",3
"AACACGTAGCCCTAAT-1",1
"AACACGTAGGGTGTGT-1",1
"AACACGTCACTGTCGG-1",0
"AACACGTCATCCCATC-1",1
"AACACGTGTGCAACGA-1",1
"AACACGTGTGTCGCTG-1",0
"AACCATGAGCGCTTAT-1",0
"AACCATGGTCCGTTAA-1",0
"AACCATGTCAGTTCGA-1",1
"AACCATGTCATCGATG-1",3
"AACCATGTCCCAAGTA-1",2
"AACCGCGAGAAGCCCA-1",0
"AACCGCGAGACTGGGT-1",1
"AACCGCGAGAGGTACC-1",0
"AACCGCGAGTTAGGTA-1",1
"AACCGCGAGTTGCAGG-1",1
"AACCGCGCACGGTAGA-1",2
"AACCGCGCAGCATGAG-1",3
"AACCGCGCAGCCTGTG-1",0
"AACCGCGCAGCTGTGC-1",0
"AACCGCGCAGTATGCT-1",0
"AACCGCGGTACTTGAC-1",2
"AACCGCGGTCTGCAAT-1",2
"AACCGCGTCACATGCA-1",1
"AACCGCGTCACCGTAA-1",0
"AACCGCGTCCAGAGGA-1",1
"AACCGCGTCCGAAGAG-1",0
"AACCGCGTCGATCCCT-1",0
"AACGTTGAGCGATAGC-1",0
"AACGTTGAGCGATCCC-1",2
"AACGTTGAGCTTATCG-1",1
"AACGTTGCAAGTTGTC-1",2
"AACGTTGCAATAGAGT-1",4
"AACGTTGCAATGGATA-1",3
"AACGTTGCATGGATGG-1",1
"AACGTTGCATTCTCAT-1",1
"AACGTTGTCAACACGT-1",2
"AACGTTGTCGAGGTAG-1",1
"AACGTTGTCGGTCCGA-1",3
"AACTCAGAGAGCTATA-1",2
"AACTCAGAGAGTCGGT-1",0
"AACTCAGAGCCACCTG-1",1
"AACTCAGAGCCCAATT-1",1
"AACTCAGCAAACAACA-1",0
"AACTCAGCACAAGCCC-1",0
"AACTCAGCACGGTTTA-1",2
"AACTCAGCAGGATCGA-1",2
"AACTCAGCATAAAGGT-1",1
"AACTCAGGTTCCACAA-1",4
"AACTCAGTCGTACCGG-1",2
"AACTCCCAGCCCAGCT-1",1
"AACTCCCAGCTAAGAT-1",3
"AACTCCCCAAACGCGA-1",0
"AACTCCCCATGGTCTA-1",2
"AACTCCCGTTGCGCAC-1",3
"AACTCCCTCAAGAAGT-1",4
"AACTCCCTCAAGCCTA-1",2
"AACTCCCTCATCGCTC-1",0
"AACTCCCTCTGCAGTA-1",2
"AACTCCCTCTGGCGTG-1",2
"AACTCTTAGCAGACTG-1",2
"AACTCTTAGTCCGGTC-1",0
"AACTCTTCATGCTAGT-1",2
"AACTCTTGTCGAATCT-1",1
"AACTCTTGTCGGGTCT-1",3
"AACTCTTTCCTCAATT-1",1
"AACTCTTTCTCAAACG-1",0
"AACTCTTTCTCCAGGG-1",0
"AACTCTTTCTCTGCTG-1",1
"AACTGGTAGAAGATTC-1",0
"AACTGGTAGAGACTAT-1",0
"AACTGGTAGCCAACAG-1",0
"AACTGGTAGTGTACTC-1",0
"AACTGGTCACTGAAGG-1",0
"AACTGGTGTCCGAACC-1",2
"AACTGGTTCGGAGCAA-1",2
"AACTGGTTCGTGGGAA-1",2
"AACTGGTTCTGCTTGC-1",0
"AACTTTCAGCGTGAAC-1",1
"AACTTTCAGTATCTCG-1",1
"AACTTTCAGTTTCCTT-1",1
"AACTTTCCATCCTTGC-1",0
"AACTTTCGTCTAGAGG-1",0
"AACTTTCGTCTCTTTA-1",0
"AACTTTCGTTTGTTTC-1",0
"AAGACCTAGGGCTTCC-1",3
"AAGACCTAGTACACCT-1",2
"AAGACCTGTATATGAG-1",1
"AAGACCTGTATCAGTC-1",2
"AAGACCTGTCCGTGAC-1",2
"AAGACCTGTCGAAAGC-1",1
"AAGACCTTCGCCATAA-1",0
"AAGCCGCAGATCTGAA-1",3
"AAGCCGCAGGGTGTTG-1",1
"AAGCCGCAGTGGACGT-1",3
"AAGCCGCAGTGTACTC-1",0
"AAGCCGCCACGCTTTC-1",2
"AAGCCGCCAGGACGTA-1",2
"AAGCCGCGTACAGTTC-1",1
"AAGCCGCGTCATTAGC-1",0
"AAGCCGCTCACGAAGG-1",1
"AAGCCGCTCAGTTAGC-1",1
"AAGCCGCTCGCAAACT-1",0
"AAGCCGCTCGTCGTTC-1",0
"AAGCCGCTCTTACCGC-1",2
"AAGGAGCAGAAACCGC-1",0
"AAGGAGCAGGCATGTG-1",1
"AAGGAGCAGGCGCTCT-1",1
"AAGGAGCAGTTGAGTA-1",2
"AAGGAGCCACGGCGTT-1",0
"AAGGAGCGTAGCGCAA-1",1
"AAGGAGCGTCTGCAAT-1",1
"AAGGAGCTCGTCTGCT-1",0
"AAGGCAGAGAACTGTA-1",1
"AAGGCAGAGAGATGAG-1",2
"AAGGCAGAGGTGATAT-1",0
"AAGGCAGCATAGTAAG-1",2
"AAGGCAGGTACTTCTT-1",0
"AAGGCAGGTGTGCCTG-1",0
"AAGGCAGTCAGATAAG-1",2
"AAGGCAGTCGGAATCT-1",0
"AAGGTTCAGTATCTCG-1",1
"AAGGTTCCATCACGTA-1",2
"AAGGTTCGTATATGGA-1",3
"AAGGTTCGTCCGAATT-1",2
"AAGGTTCGTCGACTAT-1",3
"AAGGTTCGTGTGACCC-1",1
"AAGGTTCTCCGTCATC-1",3
"AAGGTTCTCCTCGCAT-1",1
"AAGGTTCTCTGCGGCA-1",1
"AAGTCTGAGCCATCGC-1",1
"AAGTCTGAGTCAAGCG-1",0
"AAGTCTGCAAAGGAAG-1",1
"AAGTCTGGTCAGCTAT-1",0
"AAGTCTGTCAAACAAG-1",0
"AAGTCTGTCACTGGGC-1",4
"AAGTCTGTCAGCAACT-1",1
"AATCCAGCAAAGTGCG-1",0
"AATCCAGCAGCATACT-1",0
"AATCCAGGTAGGCATG-1",1
"AATCCAGGTCTCCCTA-1",0
"AATCCAGTCCGAATGT-1",2
"AATCGGTAGGCATGGT-1",1
"AATCGGTTCCTGTACC-1",3
"AATCGGTTCGCCGTGA-1",3
"ACACCAAAGATGAGAG-1",0
"ACACCAAAGCCCTAAT-1",0
"ACACCAAAGGATGGTC-1",0
"ACACCAAAGTGTCCAT-1",2
"ACACCAACACTTCGAA-1",0
"ACACCAACAGACGCTC-1",4
"ACACCAACAGCCTATA-1",2
"ACACCAAGTCGCGTGT-1",0
"ACACCAAGTCTAAACC-1",1
"ACACCAAGTTATGTGC-1",1
"ACACCAATCGCGTTTC-1",4
"ACACCCTAGCCAGGAT-1",2
"ACACCCTAGTACTTGC-1",6
"ACACCCTCAAGCGCTC-1",1
"ACACCCTCATCACAAC-1",4
"ACACCCTCATGCCCGA-1",0
"ACACCCTGTCTGGTCG-1",1
"ACACCCTTCCGCAAGC-1",1
"ACACCCTTCCTTGCCA-1",0
"ACACCCTTCTATCCTA-1",2
"ACACCCTTCTGGCGTG-1",0
"ACACCGGAGGCTCAGA-1",3
"ACACCGGAGTGACATA-1",0
"ACACCGGAGTTACCCA-1",2
"ACACCGGCAAGCCGTC-1",0
"ACACCGGCACCAGATT-1",7
"ACACCGGCACCGAAAG-1",4
"ACACCGGCATCACAAC-1",1
"ACACCGGTCCGCATAA-1",2
"ACACCGGTCTCGGACG-1",0
"ACACCGGTCTCTGTCG-1",1
"ACACTGAAGCACGCCT-1",1
"ACACTGAAGGTGATTA-1",1
"ACACTGACAATAGAGT-1",1
"ACACTGACAGACTCGC-1",2
"ACACTGACATCCAACA-1",2
"ACACTGAGTCCGAAGA-1",1
"ACACTGAGTGTTTGTG-1",0
"ACACTGAGTTTGACTG-1",0
"ACAGCCGAGGAATGGA-1",2
"ACAGCCGAGGCCCGTT-1",0
"ACAGCCGAGGTGCTTT-1",1
"ACAGCCGAGTGGTAGC-1",0
"ACAGCCGCATATACGC-1",0
"ACAGCCGCATGCAACT-1",2
"ACAGCCGGTAGGGTAC-1",0
"ACAGCCGGTCGAATCT-1",0
"ACAGCCGGTTCACCTC-1",2
"ACAGCCGGTTCCACTC-1",1
"ACAGCCGTCCAGAAGG-1",2
"ACAGCCGTCTTTACAC-1",1
"ACAGCTAAGCACCGCT-1",0
"ACAGCTAAGTATCTCG-1",1
"ACAGCTAAGTGTTGAA-1",1
"ACAGCTACATCGTCGG-1",1
"ACAGCTAGTCGACTAT-1",1
"ACAGCTAGTGGTACAG-1",1
"ACAGCTATCACCACCT-1",1
"ACAGCTATCTGCTTGC-1",3
"ACATACGAGAGCTTCT-1",1
"ACATACGAGCGTAGTG-1",2
"ACATACGAGCTTCGCG-1",0
"ACATACGAGCTTTGGT-1",1
"ACATACGCAAACGTGG-1",0
"ACATACGCAAGCCTAT-1",1
"ACATACGCATCTCCCA-1",3
"ACATACGCATTCTCAT-1",0
"ACATACGGTAGGAGTC-1",0
"ACATACGGTGCACCAC-1",1
"ACATACGGTGGTTTCA-1",0
"ACATACGTCGTATCAG-1",1
"ACATCAGAGCCACTAT-1",3
"ACATCAGAGCCTTGAT-1",1
"ACATCAGCAACACCCG-1",1
"ACATCAGCAACGATGG-1",2
"ACATCAGCAATTGCTG-1",0
"ACATCAGCACCGGAAA-1",1
"ACATCAGCATAAAGGT-1",0
"ACATCAGCATCCCACT-1",3
"ACATCAGCATTTGCCC-1",5
"ACATCAGGTAAGGATT-1",3
"ACATCAGGTCCGTGAC-1",0
"ACATCAGGTTAAGTAG-1",0
"ACATCAGTCAAACCGT-1",0
"ACATGGTAGCATGGCA-1",2
"ACATGGTAGCTGTTCA-1",3
"ACATGGTCACTTGGAT-1",0
"ACATGGTGTCAGATAA-1",0
"ACATGGTGTCTGCGGT-1",0
"ACATGGTGTGCAACTT-1",1
"ACATGGTTCCGCAAGC-1",1
"ACATGGTTCCTCCTAG-1",4
"ACATGGTTCTGGAGCC-1",4
"ACATGGTTCTTCTGGC-1",1
"ACCAGTAAGATCACGG-1",1
"ACCAGTAAGCTTCGCG-1",0
"ACCAGTACACAGATTC-1",1
"ACCAGTACACAGGCCT-1",1
"ACCAGTACAGTATGCT-1",0
"ACCAGTACAGTCAGAG-1",0
"ACCAGTACAGTTTACG-1",1
"ACCAGTAGTCACCCAG-1",4
"ACCAGTAGTCCATCCT-1",0
"ACCAGTAGTCTTCAAG-1",1
"ACCAGTAGTGGACGAT-1",0
"ACCAGTATCTGCGACG-1",2
"ACCAGTATCTGCTTGC-1",0
"ACCAGTATCTGTTTGT-1",1
"ACCCACTAGAGGTTAT-1",2
"ACCCACTAGATCCCGC-1",3
"ACCCACTAGATGTGTA-1",3
"ACCCACTAGCCCAATT-1",3
"ACCCACTCAAGGGTCA-1",0
"ACCCACTCAAGGTTCT-1",3
"ACCCACTGTAAATGAC-1",1
"ACCCACTGTAGCCTCG-1",0
"ACCCACTGTCAAAGAT-1",2
"ACCCACTGTCAATACC-1",1
"ACCCACTGTGTGGTTT-1",2
"ACCCACTTCGCAAACT-1",1
"ACCCACTTCTGCCAGG-1",0
"ACCGTAACAATCGGTT-1",2
"ACCGTAACAATCTACG-1",0
"ACCGTAACAGGTCCAC-1",2
"ACCGTAAGTACAGCAG-1",1
"ACCGTAAGTCATGCAT-1",1
"ACCGTAAGTGAGTGAC-1",4
"ACCGTAAGTTAAGAAC-1",1
"ACCGTAAGTTCCGTCT-1",2
"ACCGTAATCACATAGC-1",0
"ACCGTAATCATGTGGT-1",1
"ACCGTAATCTGAAAGA-1",0
"ACCTTTACAATCGGTT-1",0
"ACCTTTACACGGACAA-1",3
"ACCTTTACAGCAGTTT-1",1
"ACCTTTACATGCAACT-1",1
"ACCTTTACATTTCAGG-1",2
"ACCTTTAGTGAACCTT-1",2
"ACCTTTAGTTCCACTC-1",2
"ACCTTTATCTCTAGGA-1",1
"ACGAGCCAGGCAGGTT-1",1
"ACGAGCCCACAGGCCT-1",2
"ACGAGCCCATGGAATA-1",0
"ACGAGCCGTGCACGAA-1",1
"ACGAGCCGTGTGACCC-1",0
"ACGAGCCGTTGGTTTG-1",2
"ACGAGCCTCAGTCCCT-1",0
"ACGAGCCTCGCAAACT-1",2
"ACGAGGACACTACAGT-1",1
"ACGAGGACATGTAGTC-1",1
"ACGAGGAGTACACCGC-1",2
"ACGAGGAGTGCCTGCA-1",2
"ACGAGGAGTTCTGAAC-1",2
"ACGAGGATCTGCGGCA-1",0
"ACGATACAGAGTGACC-1",0
"ACGATACAGCGCCTTG-1",1
"ACGATACAGTGATCGG-1",1
"ACGATACCACGTTGGC-1",4
"ACGATACCATTGGGCC-1",2
"ACGATACGTCGAATCT-1",2
"ACGATACTCTGACCTC-1",0
"ACGATGTAGTGCGATG-1",1
"ACGATGTAGTTGAGAT-1",1
"ACGATGTCAACGCACC-1",0
"ACGATGTCACACGCTG-1",0
"ACGATGTGTATTCTCT-1",0
"ACGATGTGTCAGTGGA-1",1
"ACGATGTGTGACTACT-1",0
"ACGATGTGTGTCGCTG-1",3
"ACGATGTTCGCGTAGC-1",1
"ACGATGTTCTCTTATG-1",4
"ACGCAGCAGCGGCTTC-1",1
"ACGCAGCAGCTGCGAA-1",2
"ACGCAGCAGTGTACGG-1",2
"ACGCAGCCACCTCGTT-1",1
"ACGCAGCCATCGACGC-1",1
"ACGCAGCCATTACCTT-1",1
"ACGCAGCGTCCATGAT-1",2
"ACGCAGCGTCTACCTC-1",0
"ACGCAGCGTCTGGTCG-1",2
"ACGCAGCGTGCGATAG-1",0
"ACGCCAGCAAAGCAAT-1",1
"ACGCCAGCAACGCACC-1",2
"ACGCCAGCACGAGAGT-1",1
"ACGCCAGCAGTGAGTG-1",0
"ACGCCAGGTGCACTTA-1",0
"ACGCCAGGTGTGCGTC-1",1
"ACGCCAGTCACAGGCC-1",2
"ACGCCAGTCAGTGTTG-1",0
"ACGCCGAAGAAACGCC-1",2
"ACGCCGAAGATCTGCT-1",1
"ACGCCGACAGCCTGTG-1",1
"ACGCCGAGTTCCAACA-1",0
"ACGCCGATCCTATGTT-1",0
"ACGCCGATCGCAGGCT-1",3
"ACGCCGATCTTGTATC-1",2
"ACGGAGAAGCCAGTTT-1",0
"ACGGAGAAGGTCATCT-1",0
"ACGGAGACACACATGT-1",2
"ACGGAGACAGCCTGTG-1",2
"ACGGAGACAGCGTAAG-1",0
"ACGGAGACAGTAAGCG-1",1
"ACGGAGAGTGTGACGA-1",1
"ACGGAGATCCACGAAT-1",0
"ACGGCCACACATCCAA-1",3
"ACGGCCACACATTCGA-1",3
"ACGGCCAGTACCGTAT-1",0
"ACGGCCAGTGTATGGG-1",0
"ACGGCCATCACGGTTA-1",0
"ACGGCCATCAGTGTTG-1",2
"ACGGCCATCTACTATC-1",1
"ACGGGCTAGGATCGCA-1",3
"ACGGGCTAGGTTCCTA-1",2
"ACGGGCTAGTGGCACA-1",3
"ACGGGCTCATCTGGTA-1",0
"ACGGGCTGTGAGGCTA-1",0
"ACGGGCTTCCGAACGC-1",0
"ACGGGTCAGATGCCAG-1",1
"ACGGGTCCATGATCCA-1",3
"ACGGGTCCATTAGGCT-1",2
"ACGGGTCCATTTCACT-1",1
"ACGGGTCGTTAGGGTG-1",2
"ACGGGTCTCAACACCA-1",1
"ACGGGTCTCCACGCAG-1",2
"ACGTCAAAGGGCTTCC-1",2
"ACGTCAAAGTGGTAAT-1",1
"ACGTCAACAACTGCGC-1",2
"ACGTCAACACAAGACG-1",1
"ACGTCAAGTAGCTCCG-1",1
"ACGTCAAGTGTCGCTG-1",2
"ACGTCAAGTTATGCGT-1",0
"ACGTCAATCAACCAAC-1",0
"ACGTCAATCATAACCG-1",1
"ACGTCAATCCAGAAGG-1",4
"ACGTCAATCTAACTCT-1",0
"ACTATCTAGAGGTTAT-1",1
"ACTATCTAGATACACA-1",2
"ACTATCTAGGAGTAGA-1",1
"ACTATCTAGGCATGTG-1",0
"ACTATCTCAAATACAG-1",1
"ACTATCTCAAATTGCC-1",0
"ACTATCTGTAGGGACT-1",0
"ACTATCTGTCGCGTGT-1",1
"ACTATCTGTGCACGAA-1",1
"ACTATCTGTGGTTTCA-1",1
"ACTATCTTCGCCGTGA-1",3
"ACTGAACAGAGTGAGA-1",2
"ACTGAACAGATCCCGC-1",0
"ACTGAACAGGTGATAT-1",1
"ACTGAACCAAAGCGGT-1",0
"ACTGAACCAAGCGAGT-1",0
"ACTGAACCAATTCCTT-1",0
"ACTGAACCAGCTGGCT-1",0
"ACTGAACCAGTCTTCC-1",0
"ACTGAACCATTACCTT-1",0
"ACTGAACGTAAGCACG-1",4
"ACTGAACGTAATCGTC-1",0
"ACTGAACGTCCAGTAT-1",1
"ACTGAACGTCTGATCA-1",0
"ACTGAACTCCCACTTG-1",2
"ACTGAGTAGCCGGTAA-1",1
"ACTGAGTCAGTGGGAT-1",1
"ACTGAGTCATTTGCCC-1",1
"ACTGAGTGTAGAGCTG-1",2
"ACTGAGTGTTGTGGCC-1",2
"ACTGAGTTCAGGTTCA-1",0
"ACTGATGAGACAGACC-1",0
"ACTGATGAGCGGATCA-1",2
"ACTGATGAGGTGCTTT-1",4
"ACTGATGCAGCAGTTT-1",1
"ACTGATGCATCACAAC-1",2
"ACTGATGGTCATGCAT-1",1
"ACTGATGTCACAATGC-1",2
"ACTGATGTCACTCCTG-1",0
"ACTGATGTCCCTGACT-1",0
"ACTGATGTCCGCTGTT-1",0
"ACTGATGTCCGGCACA-1",1
"ACTGATGTCCTATTCA-1",1
"ACTGCTCAGAGCTTCT-1",1
"ACTGCTCAGATGCCTT-1",1
"ACTGCTCCACACCGCA-1",0
"ACTGCTCCAGATGGGT-1",1
"ACTGCTCCATGCCTAA-1",2
"ACTGCTCGTAGGCATG-1",1
"ACTGCTCGTATCACCA-1",0
"ACTGCTCGTCCGAAGA-1",0
"ACTGCTCTCCGAGCCA-1",4
"ACTGTCCAGAGGGCTT-1",0
"ACTGTCCAGCAGCGTA-1",1
"ACTGTCCAGGCATGGT-1",1
"ACTGTCCCAAGGTTTC-1",2
"ACTGTCCCAAGTACCT-1",1
"ACTGTCCCAGTATCTG-1",0
"ACTGTCCCATAGAAAC-1",1
"ACTGTCCGTTGAGGTG-1",3
"ACTGTCCTCCACGTGG-1",0
"ACTGTCCTCCTTGGTC-1",0
"ACTGTCCTCTCTGTCG-1",0
"ACTTACTAGCGATAGC-1",2
"ACTTACTAGGGATGGG-1",0
"ACTTACTCACAGACAG-1",0
"ACTTACTCACATTTCT-1",1
"ACTTACTGTACTCAAC-1",2
"ACTTACTGTTCCACAA-1",1
"ACTTACTTCATCGGAT-1",0
"ACTTGTTAGACAAGCC-1",1
"ACTTGTTAGCTAGCCC-1",0
"ACTTGTTAGTTACCCA-1",2
"ACTTGTTCACGACGAA-1",0
"ACTTGTTCACGGCTAC-1",2
"ACTTGTTGTATCGCAT-1",0
"ACTTGTTGTGGTAACG-1",1
"ACTTGTTGTTGTGGAG-1",3
"ACTTGTTTCATCACCC-1",1
"ACTTTCACATGGTCAT-1",1
"ACTTTCAGTGACTACT-1",1
"ACTTTCATCGCCAGCA-1",2
"AGAATAGAGCTGAACG-1",0
"AGAATAGAGCTGTCTA-1",0
"AGAATAGAGGTAGCTG-1",0
"AGAATAGCATGGTCTA-1",2
"AGAATAGGTAATCGTC-1",1
"AGAATAGGTATTCTCT-1",2
"AGAATAGGTGCGGTAA-1",1
"AGAATAGGTTAAGAAC-1",0
"AGAATAGTCAGGCCCA-1",2
"AGACGTTAGAATGTGT-1",0
"AGACGTTAGCTCCTCT-1",0
"AGACGTTAGTGCCAGA-1",1
"AGACGTTCAGGATCGA-1",2
"AGACGTTGTAGCTGCC-1",1
"AGACGTTGTCTGCAAT-1",0
"AGACGTTGTTCTGTTT-1",1
"AGACGTTTCGCATGGC-1",2
"AGACGTTTCGCTTAGA-1",1
"AGAGCGACAACTTGAC-1",0
"AGAGCGACAAGTACCT-1",0
"AGAGCGACACAACGTT-1",3
"AGAGCGACATGAGCGA-1",0
"AGAGCGAGTCAGTGGA-1",2
"AGAGCGAGTCGACTGC-1",0
"AGAGCGAGTTGAGTTC-1",0
"AGAGCGATCGCGTAGC-1",0
"AGAGCGATCTATCCTA-1",0
"AGAGCGATCTCGCTTG-1",1
"AGAGCTTAGCCGTCGT-1",1
"AGAGCTTAGTACACCT-1",1
"AGAGCTTAGTCATGCT-1",1
"AGAGCTTGTAGAGCTG-1",0
"AGAGCTTGTATCACCA-1",2
"AGAGCTTTCACTATTC-1",3
"AGAGCTTTCCTGCAGG-1",2
"AGAGCTTTCGCAAACT-1",2
"AGAGCTTTCGCTTAGA-1",0
"AGAGTGGAGAGCCTAG-1",2
"AGAGTGGAGGCCCTTG-1",0
"AGAGTGGAGGTACTCT-1",3
"AGAGTGGCACAAGACG-1",1
"AGAGTGGCACCTCGTT-1",1
"AGAGTGGCATCCGGGT-1",3
"AGAGTGGCATCTGGTA-1",0
"AGAGTGGGTCAGCTAT-1",0
"AGAGTGGGTCCTCCAT-1",0
"AGAGTGGGTCTAGTCA-1",2
"AGAGTGGGTTACCGAT-1",0
"AGATCTGAGGTGGGTT-1",0
"AGATCTGAGTCAAGGC-1",1
"AGATCTGCAATGTTGC-1",0
"AGATCTGTCGAATCCA-1",0
"AGATCTGTCTGCAGTA-1",1
"AGATTGCAGGCTACGA-1",0
"AGATTGCCACGACGAA-1",0
"AGATTGCCAGATGGGT-1",2
"AGATTGCGTAGAGCTG-1",0
"AGATTGCGTGATGTCT-1",0
"AGATTGCGTGTTCGAT-1",0
"AGATTGCGTTCACGGC-1",2
"AGATTGCTCACTGGGC-1",1
"AGATTGCTCATCTGTT-1",1
"AGCAGCCAGCTGATAA-1",1
"AGCAGCCCACCGAAAG-1",1
"AGCAGCCGTCGACTGC-1",0
"AGCAGCCGTCGCTTTC-1",0
"AGCAGCCGTCTAACGT-1",0
"AGCAGCCGTGTGAAAT-1",0
"AGCAGCCGTTTGTTGG-1",0
"AGCAGCCTCCAAACAC-1",2
"AGCATACAGTGGTAGC-1",0
"AGCATACAGTTGTCGT-1",3
"AGCATACGTCTTCTCG-1",1
"AGCATACGTTAAGTAG-1",0
"AGCATACTCCGTTGCT-1",1
"AGCCTAAAGATATGGT-1",0
"AGCCTAACAAAGCGGT-1",3
"AGCCTAACAGATAATG-1",1
"AGCCTAAGTACGAAAT-1",2
"AGCCTAAGTCACCTAA-1",0
"AGCCTAAGTGTGCCTG-1",0
"AGCCTAATCACCCGAG-1",2
"AGCCTAATCCAATGGT-1",0
"AGCCTAATCCTTGGTC-1",2
"AGCCTAATCTGTGCAA-1",2
"AGCCTAATCTGTTTGT-1",2
"AGCGGTCAGCGAAGGG-1",1
"AGCGGTCAGGTACTCT-1",3
"AGCGGTCAGTGACTCT-1",1
"AGCGGTCCAGCCTTGG-1",3
"AGCGGTCGTCCTAGCG-1",1
"AGCGGTCGTGGTGTAG-1",2
"AGCGGTCGTTAAGGGC-1",3
"AGCGGTCGTTTGCATG-1",0
"AGCGGTCTCCGAAGAG-1",0
"AGCGGTCTCCTCAATT-1",1
"AGCGGTCTCTGGGCCA-1",1
"AGCGTATAGAACTGTA-1",2
"AGCGTATAGCGATGAC-1",1
"AGCGTATAGGTACTCT-1",1
"AGCGTATGTTGAGGTG-1",0
"AGCGTATTCCAGAGGA-1",1
"AGCGTCGAGTTGAGTA-1",0
"AGCGTCGCAGGGATTG-1",1
"AGCGTCGTCTGAAAGA-1",0
"AGCTCCTAGACCTAGG-1",1
"AGCTCCTAGCGTTTAC-1",1
"AGCTCCTGTGTTTGTG-1",1
"AGCTCCTGTTGTCTTT-1",2
"AGCTCCTTCCGAATGT-1",1
"AGCTCCTTCTTGACGA-1",1
"AGCTCTCAGCGGATCA-1",1
"AGCTCTCAGCTGTTCA-1",2
"AGCTCTCAGGTGCTAG-1",1
"AGCTCTCCATACAGCT-1",0
"AGCTCTCGTCAGAGGT-1",0
"AGCTCTCGTGGGTCAA-1",1
"AGCTCTCTCACAACGT-1",1
"AGCTCTCTCTTGACGA-1",3
"AGCTTGAAGCATCATC-1",2
"AGCTTGAAGTAGCGGT-1",1
"AGCTTGAAGTTGTCGT-1",3
"AGCTTGACAATCCAAC-1",0
"AGCTTGACACCGATAT-1",3
"AGCTTGAGTCTACCTC-1",1
"AGCTTGAGTGCGCTTG-1",2
"AGCTTGAGTTACGCGC-1",1
"AGCTTGATCCTGCCAT-1",0
"AGCTTGATCTGCAAGT-1",0
"AGGCCACAGAGTAAGG-1",1
"AGGCCACAGGGTCTCC-1",0
"AGGCCACAGTACTTGC-1",1
"AGGCCACCAGGACCCT-1",1
"AGGCCACCATCAGTCA-1",0
"AGGCCACTCATGCTCC-1",3
"AGGCCACTCATGGTCA-1",0
"AGGCCACTCATTGCGA-1",1
"AGGCCGTAGGATCGCA-1",0
"AGGCCGTCACGTAAGG-1",0
"AGGCCGTCAGCTCGAC-1",0
"AGGCCGTCATCGTCGG-1",1
"AGGCCGTTCACGGTTA-1",2
"AGGCCGTTCGAACTGT-1",1
"AGGCCGTTCTCAAGTG-1",0
"AGGCCGTTCTGCTTGC-1",0
"AGGGAGTAGCCCAACC-1",0
"AGGGAGTAGGAGTACC-1",2
"AGGGAGTAGGCAGGTT-1",1
"AGGGAGTCACGAGAGT-1",1
"AGGGAGTCAGAAGCAC-1",1
"AGGGAGTCAGATCCAT-1",2
"AGGGAGTCATCGACGC-1",0
"AGGGAGTCATGCTAGT-1",1
"AGGGAGTGTCCATGAT-1",2
"AGGGAGTTCATAACCG-1",0
"AGGGATGAGCTCTCGG-1",1
"AGGGATGAGGAGTAGA-1",2
"AGGGATGAGTAGCGGT-1",2
"AGGGATGCAATGAATG-1",1
"AGGGATGCAATGGAGC-1",2
"AGGGATGCACAAGACG-1",3
"AGGGATGCACATTTCT-1",1
"AGGGATGCATGGTCTA-1",1
"AGGGATGGTTAAAGTG-1",2
"AGGGATGGTTATGCGT-1",4
"AGGGATGTCGTGACAT-1",1
"AGGGTGAAGATGGCGT-1",2
"AGGGTGAAGATGGGTC-1",1
"AGGGTGAAGGCTCAGA-1",2
"AGGGTGACACGAGAGT-1",0
"AGGGTGACAGATGGCA-1",2
"AGGGTGACAGATTGCT-1",0
"AGGGTGAGTACTCTCC-1",1
"AGGGTGAGTTATCGGT-1",0
"AGGGTGAGTTCTGAAC-1",1
"AGGGTGATCTCGCTTG-1",1
"AGGTCATAGAGCCCAA-1",2
"AGGTCATAGCCAGAAC-1",2
"AGGTCATAGGCATGGT-1",1
"AGGTCATAGGGAGTAA-1",2
"AGGTCATCACTCAGGC-1",0
"AGGTCATCACTCTGTC-1",2
"AGGTCATGTTCCACTC-1",2
"AGGTCATTCTCGTTTA-1",0
"AGGTCCGAGGATGCGT-1",0
"AGGTCCGCAACACGCC-1",0
"AGGTCCGGTGATGCCC-1",1
"AGGTCCGTCCATGAAC-1",1
"AGGTCCGTCGCCCTTA-1",0
"AGGTCCGTCTGCGTAA-1",1
"AGTAGTCAGACTGTAA-1",2
"AGTAGTCAGTACGACG-1",0
"AGTAGTCAGTTTAGGA-1",0
"AGTAGTCCAACTGGCC-1",2
"AGTAGTCGTGCAGACA-1",4
"AGTAGTCTCACCCGAG-1",1
"AGTCTTTAGGCAGTCA-1",1
"AGTCTTTCAAATCCGT-1",2
"AGTCTTTCATATACCG-1",0
"AGTCTTTGTGCTTCTC-1",1
"AGTCTTTGTGTCCTCT-1",1
"AGTCTTTGTTTGTTTC-1",1
"AGTCTTTTCGCAGGCT-1",2
"AGTCTTTTCGCGTAGC-1",0
"AGTCTTTTCGCTAGCG-1",1
"AGTCTTTTCGCTTGTC-1",3
"AGTCTTTTCTGACCTC-1",0
"AGTGAGGAGATAGCAT-1",2
"AGTGAGGCAGGTGCCT-1",2
"AGTGAGGGTATGAAAC-1",2
"AGTGAGGGTCACTTCC-1",0
"AGTGAGGGTCGCGAAA-1",4
"AGTGAGGGTTATGTGC-1",0
"AGTGAGGTCTACTATC-1",1
"AGTGGGAAGCAGACTG-1",0
"AGTGGGACAAACGCGA-1",3
"AGTGGGACAAGCCGTC-1",1
"AGTGGGACACAGGAGT-1",0
"AGTGGGACACGAGAGT-1",1
"AGTGGGATCATCGATG-1",2
"AGTGGGATCCACGAAT-1",1
"AGTGGGATCCTGCAGG-1",2
"AGTGTCAAGAAGCCCA-1",3
"AGTGTCAAGCTAGTCT-1",1
"AGTGTCAAGTACGACG-1",1
"AGTGTCAAGTGAACAT-1",1
"AGTGTCACACCATCCT-1",1
"AGTGTCACAGTAAGCG-1",1
"AGTGTCACAGTGGAGT-1",0
"AGTGTCAGTAAACCTC-1",3
"AGTGTCAGTACAGCAG-1",1
"AGTGTCAGTCTCCACT-1",0
"AGTGTCAGTTTGACTG-1",1
"AGTGTCATCAAAGTAG-1",0
"AGTGTCATCCGTCAAA-1",1
"AGTGTCATCGTTACAG-1",1
"AGTGTCATCTGTCAAG-1",0
"AGTTGGTAGACTGTAA-1",0
"AGTTGGTAGTACGCGA-1",0
"AGTTGGTCAAATTGCC-1",1
"AGTTGGTCAGGAATGC-1",2
"AGTTGGTCATGCGCAC-1",1
"AGTTGGTGTACCGTAT-1",4
"AGTTGGTGTATGCTTG-1",0
"AGTTGGTGTCAGGACA-1",0
"AGTTGGTGTTCAGACT-1",3
"AGTTGGTTCAGTACGT-1",3
"AGTTGGTTCCTCAACC-1",1
"AGTTGGTTCGTACCGG-1",0
"AGTTGGTTCTGTCCGT-1",2
"ATAACGCAGTTGAGTA-1",3
"ATAACGCCACGTGAGA-1",3
"ATAACGCGTGAACCTT-1",1
"ATAACGCGTGTCCTCT-1",0
"ATAACGCGTGTGAAAT-1",1
"ATAACGCTCTCCGGTT-1",1
"ATAAGAGAGTCCGGTC-1",1
"ATAAGAGCAACTGCGC-1",1
"ATAAGAGCAGTATCTG-1",3
"ATAAGAGGTGACGCCT-1",0
"ATAAGAGGTTAAAGTG-1",2
"ATAAGAGTCAGCACAT-1",0
"ATAAGAGTCAGTGCAT-1",1
"ATAGACCAGAGAGCTC-1",1
"ATAGACCAGCCCAATT-1",1
"ATAGACCCAAGCCATT-1",2
"ATAGACCCATCTGGTA-1",2
"ATAGACCGTATATGGA-1",0
"ATAGACCGTGGACGAT-1",0
"ATAGACCGTGGCGAAT-1",2
"ATAGACCGTTTCGCTC-1",2
"ATCACGAAGAACTCGG-1",1
"ATCACGAAGACACGAC-1",3
"ATCACGAAGTTACCCA-1",1
"ATCACGACAAGACACG-1",1
"ATCACGACAAGCGTAG-1",1
"ATCACGACACACATGT-1",1
"ATCACGACACCACCAG-1",0
"ATCACGACACGGTAAG-1",1
"ATCACGACAGCGAACA-1",5
"ATCACGATCCCGACTT-1",1
"ATCACGATCGGTGTCG-1",1
"ATCATCTAGCCTATGT-1",3
"ATCATCTAGGCCATAG-1",2
"ATCATCTAGTACTTGC-1",2
"ATCATCTCAGACGCCT-1",1
"ATCATCTCATCCGTGG-1",0
"ATCATCTGTATTACCG-1",1
"ATCATCTGTCACTTCC-1",0
"ATCATCTTCAGCGACC-1",1
"ATCATCTTCCTCAACC-1",1
"ATCATGGCAAGCGTAG-1",0
"ATCATGGCAAGGTTCT-1",0
"ATCATGGCACTACAGT-1",2
"ATCATGGGTAAGGGAA-1",2
"ATCATGGGTTGTGGCC-1",0
"ATCATGGTCAATAAGG-1",1
"ATCATGGTCCAATGGT-1",0
"ATCATGGTCGCCATAA-1",0
"ATCATGGTCGGTTAAC-1",2
"ATCCACCAGCTAGTCT-1",1
"ATCCACCAGGCTCTTA-1",0
"ATCCACCCAAACGTGG-1",0
"ATCCACCCAGTTAACC-1",0
"ATCCACCGTCCGAAGA-1",1
"ATCCACCGTTTGTTTC-1",4
"ATCCACCTCCTGCTTG-1",1
"ATCCACCTCCTTAATC-1",1
"ATCCACCTCTGGTATG-1",3
"ATCCGAAAGCGATGAC-1",1
"ATCCGAAAGCTAGGCA-1",2
"ATCCGAACAAACGTGG-1",0
"ATCCGAACAACAACCT-1",1
"ATCCGAACAAGGACTG-1",1
"ATCCGAACACCCATTC-1",0
"ATCCGAACACGGTAGA-1",2
"ATCCGAAGTAGCGCTC-1",1
"ATCCGAAGTCATTAGC-1",1
"ATCCGAAGTCTCTTAT-1",1
"ATCCGAATCCAACCAA-1",1
"ATCCGAATCCTTGACC-1",2
"ATCCGAATCTTGTCAT-1",2
"ATCGAGTAGACTTTCG-1",0
"ATCGAGTCATCCGGGT-1",0
"ATCGAGTGTCCCTTGT-1",1
"ATCGAGTGTCTCCCTA-1",2
"ATCGAGTTCATGCATG-1",0
"ATCGAGTTCCTGCCAT-1",0
"ATCTACTAGGTGTGGT-1",3
"ATCTACTCAGCTGTAT-1",4
"ATCTACTCAGTACACT-1",0
"ATCTACTCATGACATC-1",2
"ATCTACTGTAAGTAGT-1",1
"ATCTACTGTGTCGCTG-1",1
"ATCTACTTCCGCGTTT-1",1
"ATCTACTTCGCAAGCC-1",3
"ATCTACTTCTATCGCC-1",0
"ATCTACTTCTCTAAGG-1",1
"ATCTGCCAGGCTCAGA-1",1
"ATCTGCCGTACAGTTC-1",1
"ATCTGCCGTTGTGGAG-1",5
"ATCTGCCTCAGAGACG-1",2
"ATCTGCCTCAGCTGGC-1",0
"ATCTGCCTCGTACGGC-1",1
"ATCTGCCTCTCGAGTA-1",1
"ATCTGCCTCTGAGTGT-1",0
"ATCTGCCTCTTGTATC-1",0
"ATGAGGGAGGTCGGAT-1",1
"ATGAGGGCATGACGGA-1",0
"ATGAGGGCATTAGGCT-1",1
"ATGAGGGTCACATGCA-1",0
"ATGAGGGTCAGTCCCT-1",0
"ATGCGATAGTCAATAG-1",3
"ATGCGATCATGTTGAC-1",1
"ATGCGATGTGCAGTAG-1",1
"ATGCGATGTGCATCTA-1",6
"ATGCGATTCCCAAGAT-1",3
"ATGCGATTCGCCATAA-1",2
"ATGGGAGAGCAATATG-1",2
"ATGGGAGAGCCACGCT-1",0
"ATGGGAGAGGTGATAT-1",1
"ATGGGAGCACCAGGTC-1",0
"ATGGGAGCACTATCTT-1",3
"ATGGGAGCAGCATACT-1",1
"ATGGGAGCATAGAAAC-1",2
"ATGGGAGCATTACCTT-1",1
"ATGGGAGTCAAGGTAA-1",1
"ATGTGTGAGCGAAGGG-1",0
"ATGTGTGAGGGTTTCT-1",1
"ATGTGTGAGTTGAGTA-1",2
"ATGTGTGCACGGCGTT-1",2
"ATGTGTGCACGGTTTA-1",0
"ATGTGTGCAGTATAAG-1",3
"ATGTGTGTCACGCGGT-1",0
"ATTACTCAGATGTGTA-1",5
"ATTACTCAGCGTAATA-1",1
"ATTACTCAGGTGCACA-1",1
"ATTACTCAGTGAAGTT-1",0
"ATTACTCCAAACTGTC-1",3
"ATTACTCCACCATCCT-1",1
"ATTACTCCAGACTCGC-1",0
"ATTACTCCATATGCTG-1",0
"ATTACTCCATCGGTTA-1",2
"ATTACTCCATTGCGGC-1",1
"ATTACTCGTTAAAGAC-1",1
"ATTACTCTCCGAACGC-1",1
"ATTATCCAGAGTACCG-1",1
"ATTATCCAGCTTATCG-1",1
"ATTATCCCACAAGCCC-1",0
"ATTATCCCATATGAGA-1",2
"ATTATCCCATCTGGTA-1",2
"ATTATCCGTCGTTGTA-1",1
"ATTATCCGTCTCTCTG-1",0
"ATTATCCTCAACGGGA-1",0
"ATTATCCTCCGCGCAA-1",3
"ATTATCCTCTCCGGTT-1",1
"ATTCTACGTCACTTCC-1",1
"ATTCTACGTCTAGTCA-1",1
"ATTCTACGTTGTCGCG-1",0
"ATTGGACAGCAGATCG-1",2
"ATTGGACAGGGCATGT-1",0
"ATTGGACAGTGGACGT-1",0
"ATTGGACCAAGACACG-1",1
"ATTGGACGTAATAGCA-1",3
"ATTGGACTCCTGCTTG-1",1
"ATTGGACTCGGCGCAT-1",2
"ATTGGACTCGTTTGCC-1",4
"ATTGGTGAGAATGTTG-1",2
"ATTGGTGCAAGCTGAG-1",0
"ATTGGTGCAGCAGTTT-1",0
"ATTGGTGGTATGGTTC-1",0
"ATTGGTGGTTGAGTTC-1",1
"ATTGGTGTCAAAGTAG-1",1
"ATTGGTGTCGGAAACG-1",0
"ATTTCTGAGGGATACC-1",2
"ATTTCTGAGGGATCTG-1",0
"ATTTCTGAGGTGTTAA-1",2
"ATTTCTGAGTCGAGTG-1",0
"ATTTCTGAGTTCGCAT-1",2
"ATTTCTGCAAGGTGTG-1",3
"ATTTCTGGTAGCTCCG-1",1
"ATTTCTGGTGCACGAA-1",0
"ATTTCTGGTTGCCTCT-1",3
"ATTTCTGTCAAAGTAG-1",1
"ATTTCTGTCAGCTCGG-1",2
"ATTTCTGTCTTGGGTA-1",1
"CAACCAAAGAAACGCC-1",0
"CAACCAAAGAGGGCTT-1",3
"CAACCAAAGCTGAAAT-1",1
"CAACCAAAGGACAGCT-1",2
"CAACCAAAGGGAGTAA-1",0
"CAACCAACATACGCTA-1",1
"CAACCTCAGTAATCCC-1",0
"CAACCTCCAGACGCAA-1",0
"CAACCTCGTGAGTGAC-1",0
"CAACCTCGTTCCACGG-1",1
"CAACCTCTCATACGGT-1",3
"CAACCTCTCCGATATG-1",0
"CAACCTCTCCTTTACA-1",2
"CAACCTCTCTCTAGGA-1",3
"CAACTAGAGAATAGGG-1",1
"CAACTAGAGGATGCGT-1",0
"CAACTAGCACCATCCT-1",2
"CAACTAGCAGACTCGC-1",3
"CAACTAGCAGTTCATG-1",0
"CAACTAGGTACGCACC-1",1
"CAACTAGTCAGGCCCA-1",2
"CAAGAAAAGAAGGACA-1",0
"CAAGAAAAGACGCACA-1",2
"CAAGAAAAGGCCCTTG-1",1
"CAAGAAAAGGTGATAT-1",0
"CAAGAAAAGTCGATAA-1",2
"CAAGAAAAGTGGAGTC-1",4
"CAAGAAAAGTGTACCT-1",1
"CAAGAAACACGGTGTC-1",2
"CAAGAAATCTGCTTGC-1",4
"CAAGATCAGCTGAAAT-1",2
"CAAGATCGTAAGAGGA-1",0
"CAAGATCGTGCCTTGG-1",3
"CAAGATCTCAACACCA-1",0
"CAAGATCTCTCGATGA-1",1
"CAAGGCCAGGAGTCTG-1",4
"CAAGGCCAGGCTATCT-1",1
"CAAGGCCCACGGTAAG-1",0
"CAAGGCCCATGTTCCC-1",0
"CAAGGCCGTCCGTCAG-1",0
"CAAGGCCTCAACGGGA-1",3
"CAAGGCCTCCTTGACC-1",3
"CAAGGCCTCGTGACAT-1",0
"CAAGTTGAGACAGGCT-1",0
"CAAGTTGAGATGTCGG-1",2
"CAAGTTGAGCGTCAAG-1",2
"CAAGTTGAGCGTTTAC-1",0
"CAAGTTGCACATTAGC-1",0
"CAAGTTGCACGCTTTC-1",1
"CAAGTTGCACGGTGTC-1",0
"CAAGTTGCATTCTTAC-1",3
"CAAGTTGGTACTCAAC-1",0
"CAAGTTGGTCAGGACA-1",0
"CAAGTTGGTCGGCACT-1",3
"CAAGTTGTCAACGAAA-1",2
"CAAGTTGTCACCACCT-1",0
"CAAGTTGTCATTGCCC-1",1
"CAAGTTGTCGAATCCA-1",1
"CAAGTTGTCTACTTAC-1",0
"CACAAACAGGGCTCTC-1",0
"CACAAACAGGGCTTGA-1",1
"CACAAACAGTGACATA-1",1
"CACAAACCAACTGCGC-1",1
"CACAAACCAATAAGCA-1",2
"CACAAACCAATCAGAA-1",0
"CACAAACCACTTAACG-1",2
"CACAAACCATGAACCT-1",0
"CACAAACCATGGTCAT-1",1
"CACAAACGTCAACTGT-1",2
"CACAAACGTCAGAATA-1",1
"CACAAACTCTTCGGTC-1",1
"CACAAACTCTTGGGTA-1",6
"CACACAAAGCGACGTA-1",1
"CACACAAAGGGAGTAA-1",1
"CACACAACAAACGTGG-1",1
"CACACAACACATGACT-1",2
"CACACAACATCGATTG-1",1
"CACACAACATTGGGCC-1",1
"CACACAAGTACGACCC-1",1
"CACACAAGTCAGTGGA-1",0
"CACACAAGTCATCGGC-1",1
"CACACAAGTTTACTCT-1",1
"CACACAATCCACGTGG-1",1
"CACACAATCCACGTTC-1",0
"CACACAATCGGCGCAT-1",1
"CACACCTAGAGACTAT-1",2
"CACACCTAGGACATTA-1",0
"CACACCTAGTCATCCA-1",1
"CACACCTAGTGTGAAT-1",0
"CACACCTCACTGAAGG-1",4
"CACACCTCATAGGATA-1",2
"CACACCTCATAGTAAG-1",1
"CACACCTCATTGGGCC-1",1
"CACACCTGTACAGCAG-1",0
"CACACCTGTACCGCTG-1",0
"CACACCTGTCCAAGTT-1",1
"CACACCTGTGGACGAT-1",4
"CACACCTGTGGTCTCG-1",0
"CACACCTTCATGTCTT-1",1
"CACACCTTCTGGCGAC-1",2
"CACACTCAGGGAAACA-1",2
"CACACTCCAACACCTA-1",1
"CACACTCCAAGGGTCA-1",0
"CACACTCGTGACGCCT-1",0
"CACACTCGTTTGTGTG-1",1
"CACAGGCAGCCATCGC-1",3
"CACAGGCAGGGATGGG-1",0
"CACAGGCCAAGAGTCG-1",4
"CACAGGCCAATGGAGC-1",0
"CACAGGCGTCTAGGTT-1",1
"CACAGGCGTTACGCGC-1",4
"CACAGGCTCGGGAGTA-1",1
"CACAGGCTCTATGTGG-1",1
"CACAGTAAGACGCAAC-1",5
"CACAGTAAGACGCACA-1",0
"CACAGTAAGTGGGCTA-1",1
"CACAGTACAACTGGCC-1",0
"CACAGTACATCGGACC-1",2
"CACAGTAGTTCCATGA-1",0
"CACATAGAGCCCAATT-1",0
"CACATAGAGTGTACTC-1",0
"CACATAGCACTTCTGC-1",2
"CACATAGCAGGGTATG-1",3
"CACATAGTCCTTGCCA-1",1
"CACATAGTCGGCGCAT-1",0
"CACATTTAGCAGATCG-1",0
"CACATTTAGGGCACTA-1",2
"CACATTTCACGGCGTT-1",0
"CACATTTCATTACCTT-1",0
"CACATTTGTCGAACAG-1",0
"CACATTTGTGTTGAGG-1",3
"CACATTTTCCAGAGGA-1",2
"CACATTTTCCGCATCT-1",2
"CACATTTTCTACTATC-1",0
"CACATTTTCTGTGCAA-1",0
"CACCACTAGCCACGTC-1",3
"CACCACTAGTGGTAAT-1",0
"CACCACTAGTTACCCA-1",0
"CACCACTCAAGCCCAC-1",1
"CACCACTCAGTTCATG-1",1
"CACCACTGTTATTCTC-1",1
"CACCACTTCACCGGGT-1",2
"CACCACTTCGAATCCA-1",1
"CACCACTTCGACCAGC-1",0
"CACCACTTCTAACCGA-1",1
"CACCACTTCTTTAGTC-1",0
"CACCAGGCACATTAGC-1",4
"CACCAGGCACTGCCAG-1",0
"CACCAGGCATAAAGGT-1",0
"CACCAGGCATGAACCT-1",2
"CACCAGGGTGAAATCA-1",3
"CACCAGGGTGTTTGGT-1",2
"CACCAGGGTTATCACG-1",0
"CACCAGGTCATGTAGC-1",2
"CACCAGGTCTGCTTGC-1",1
"CACCTTGAGACTTGAA-1",1
"CACCTTGAGTCAATAG-1",4
"CACCTTGCACTAGTAC-1",1
"CACCTTGCAGGCGATA-1",1
"CACCTTGCATTCCTGC-1",1
"CACCTTGGTCATTAGC-1",1
"CACCTTGGTGATGTCT-1",0
"CACCTTGGTGTGAAAT-1",1
"CACCTTGGTTATGTGC-1",1
"CACCTTGTCAACCATG-1",2
"CACCTTGTCATTATCC-1",4
"CACCTTGTCCAAAGTC-1",1
"CACCTTGTCTCACATT-1",1
"CACTCCAAGACAAGCC-1",1
"CACTCCAAGGTACTCT-1",1
"CACTCCACAATGGACG-1",2
"CACTCCAGTACATGTC-1",1
"CACTCCAGTTGTCGCG-1",0
"CACTCCATCAACACAC-1",0
"CACTCCATCCCAGGTG-1",2
"CAGAATCAGAAACCTA-1",2
"CAGAATCAGCCAACAG-1",2
"CAGAATCAGCTGGAAC-1",0
"CAGAATCAGGACTGGT-1",1
"CAGAATCAGTATCGAA-1",3
"CAGAATCCACAGAGGT-1",5
"CAGAATCCAGGGTACA-1",0
"CAGAATCGTAAGTGTA-1",1
"CAGAATCGTAATCACC-1",3
"CAGAATCTCAGTTTGG-1",0
"CAGAATCTCGCAAGCC-1",1
"CAGAATCTCGGTCCGA-1",2
"CAGAATCTCTTGCAAG-1",0
"CAGAATCTCTTGTACT-1",1
"CAGAGAGAGAATTGTG-1",1
"CAGAGAGAGCAATATG-1",0
"CAGAGAGCAAGAAGAG-1",1
"CAGAGAGCACCAGATT-1",0
"CAGAGAGGTAATCACC-1",1
"CAGAGAGGTAGCTGCC-1",0
"CAGAGAGGTAGGACAC-1",1
"CAGAGAGGTATAGGGC-1",2
"CAGAGAGGTCCGAATT-1",1
"CAGAGAGGTTGAGGTG-1",0
"CAGAGAGTCACCCGAG-1",15
"CAGAGAGTCATAACCG-1",0
"CAGAGAGTCCGAACGC-1",3
"CAGAGAGTCTGGTATG-1",3
"CAGATCAAGAGACGAA-1",4
"CAGATCAAGCACCGTC-1",0
"CAGATCAAGCTTCGCG-1",1
"CAGATCAAGGATTCGG-1",0
"CAGATCAAGTGTACCT-1",1
"CAGATCAAGTTTAGGA-1",2
"CAGATCACAATAACGA-1",3
"CAGATCACACACCGAC-1",1
"CAGATCACACGGTAAG-1",1
"CAGATCACACTCTGTC-1",2
"CAGATCACAGCATACT-1",3
"CAGATCACAGTGGGAT-1",0
"CAGATCAGTACCAGTT-1",0
"CAGATCAGTGCGGTAA-1",0
"CAGATCATCTGATACG-1",2
"CAGATCATCTGATTCT-1",1
"CAGCAGCAGATGCCAG-1",2
"CAGCAGCAGGGAACGG-1",1
"CAGCAGCCACCTATCC-1",2
"CAGCAGCCATCACAAC-1",1
"CAGCAGCGTGCTAGCC-1",3
"CAGCAGCTCAACACTG-1",2
"CAGCAGCTCGAACTGT-1",0
"CAGCAGCTCGCCGTGA-1",0
"CAGCATAAGAGACGAA-1",3
"CAGCATAGTCTAGGTT-1",4
"CAGCATAGTTTACTCT-1",1
"CAGCATATCACGAAGG-1",0
"CAGCATATCAGGCAAG-1",0
"CAGCATATCCTTAATC-1",1
"CAGCCGAAGCATCATC-1",1
"CAGCCGAAGTTTCCTT-1",0
"CAGCCGACACGTGAGA-1",0
"CAGCCGACATCAGTCA-1",0
"CAGCCGAGTGATGTCT-1",0
"CAGCCGATCACCAGGC-1",0
"CAGCCGATCCTCAATT-1",0
"CAGCGACAGAAACGCC-1",1
"CAGCGACAGCGTCAAG-1",1
"CAGCGACCAAACGTGG-1",0
"CAGCGACCAAAGCGGT-1",1
"CAGCGACCACGTCAGC-1",1
"CAGCGACCATGGGACA-1",1
"CAGCGACGTCTGATTG-1",0
"CAGCGACGTGGACGAT-1",1
"CAGCGACGTGGTTTCA-1",3
"CAGCGACGTTCGGCAC-1",0
"CAGCGACTCCGCAAGC-1",0
"CAGCGACTCTGGGCCA-1",1
"CAGCTAAAGATGTGTA-1",0
"CAGCTAAAGCAGACTG-1",0
"CAGCTAAAGCTGTTCA-1",2
"CAGCTAAAGGAGCGTT-1",0
"CAGCTAACACAGATTC-1",1
"CAGCTAACATCAGTAC-1",2
"CAGCTAAGTAATCGTC-1",2
"CAGCTAAGTCTCACCT-1",1
"CAGCTAAGTTCGTCTC-1",6
"CAGCTAATCCACGCAG-1",2
"CAGCTAATCCCTAACC-1",4
"CAGCTAATCTGGTTCC-1",1
"CAGCTAATCTTAGCCC-1",0
"CAGCTAATCTTCGGTC-1",1
"CAGCTGGAGACACTAA-1",4
"CAGCTGGAGATCCTGT-1",1
"CAGCTGGCACCAACCG-1",1
"CAGCTGGCAGTGGAGT-1",3
"CAGCTGGCATGCATGT-1",2
"CAGCTGGTCTACCTGC-1",2
"CAGGTGCAGAGACGAA-1",1
"CAGGTGCAGATCCTGT-1",2
"CAGGTGCAGGCATGTG-1",0
"CAGGTGCCAGGAACGT-1",0
"CAGGTGCCATAGTAAG-1",2
"CAGGTGCCATCGGAAG-1",0
"CAGGTGCTCAGTTGAC-1",0
"CAGGTGCTCCAAGTAC-1",2
"CAGGTGCTCTTGTATC-1",1
"CAGTAACAGATATGGT-1",0
"CAGTAACAGATGGCGT-1",0
"CAGTAACCAATCACAC-1",5
"CAGTAACCACTCGACG-1",0
"CAGTAACGTGATAAGT-1",1
"CAGTAACGTGCACCAC-1",0
"CAGTAACTCAGAGGTG-1",0
"CAGTAACTCGTACGGC-1",0
"CAGTAACTCGTGACAT-1",1
"CAGTAACTCTGCCAGG-1",0
"CAGTCCTAGAATCTCC-1",2
"CAGTCCTAGATCTGCT-1",1
"CAGTCCTCAGTATAAG-1",0
"CAGTCCTTCAACACGT-1",0
"CAGTCCTTCCATGAGT-1",0
"CAGTCCTTCCCGACTT-1",0
"CAGTCCTTCCCTTGTG-1",0
"CAGTCCTTCGAACGGA-1",0
"CAGTCCTTCGGTTCGG-1",0
"CAGTCCTTCTACTTAC-1",0
"CATATGGAGAGATGAG-1",0
"CATATGGAGGCATGGT-1",2
"CATATGGAGTATTGGA-1",1
"CATATGGCAAGCGTAG-1",2
"CATATGGGTCGCATAT-1",1
"CATATGGTCATTATCC-1",0
"CATATGGTCATTGCGA-1",2
"CATATTCAGGCGACAT-1",2
"CATATTCCACCACCAG-1",0
"CATATTCGTGACTACT-1",1
"CATATTCGTGGTACAG-1",0
"CATATTCGTGTGACGA-1",1
"CATATTCTCACAGGCC-1",2
"CATATTCTCGCAAACT-1",3
"CATCAAGAGAACTCGG-1",2
"CATCAAGAGATGGCGT-1",2
"CATCAAGAGCCGCCTA-1",2
"CATCAAGCACGAAACG-1",1
"CATCAAGCAGCCTTTC-1",0
"CATCAAGCATGGAATA-1",3
"CATCAAGGTTACTGAC-1",1
"CATCAAGGTTCCATGA-1",3
"CATCAAGTCTAAGCCA-1",0
"CATCAAGTCTGACCTC-1",0
"CATCAGAAGCTAGTCT-1",0
"CATCAGACAAGCCATT-1",0
"CATCAGACAATGACCT-1",2
"CATCAGACACGGCCAT-1",1
"CATCAGACAGACAGGT-1",2
"CATCAGACATAACCTG-1",1
"CATCAGAGTAATTGGA-1",0
"CATCAGAGTACATGTC-1",0
"CATCAGAGTGTTAAGA-1",1
"CATCAGAGTTCAACCA-1",0
"CATCAGATCGTTGACA-1",0
"CATCCACGTAAAGTCA-1",4
"CATCCACGTACCGTAT-1",2
"CATCCACGTGCCTGTG-1",1
"CATCCACGTTTAAGCC-1",1
"CATCGAAAGAGTACAT-1",2
"CATCGAAAGCTGTCTA-1",2
"CATCGAACAAGAGGCT-1",5
"CATCGAACAAGCTGAG-1",0
"CATCGAACACATTTCT-1",2
"CATCGAACATAAAGGT-1",1
"CATCGAAGTAGTACCT-1",2
"CATCGAAGTCCGACGT-1",2
"CATCGAAGTGCACTTA-1",1
"CATCGAATCAAACCAC-1",0
"CATCGAATCCGCGGTA-1",0
"CATCGAATCCGTAGTA-1",0
"CATCGGGAGAAGCCCA-1",0
"CATCGGGAGCGAGAAA-1",1
"CATCGGGAGGGTGTGT-1",2
"CATCGGGAGGTGTTAA-1",2
"CATCGGGAGTGACTCT-1",1
"CATCGGGCACTCAGGC-1",1
"CATCGGGCAGACGCTC-1",2
"CATCGGGCATCACAAC-1",1
"CATCGGGGTCCTCTTG-1",3
"CATCGGGGTGAGGGAG-1",0
"CATCGGGGTTCGAATC-1",0
"CATCGGGTCAGGATCT-1",0
"CATCGGGTCCACGAAT-1",0
"CATCGGGTCGATGAGG-1",2
"CATGACAAGACCACGA-1",1
"CATGACAAGCTCCTCT-1",2
"CATGACAAGTAACCCT-1",1
"CATGACAAGTATCTCG-1",2
"CATGACAGTCGTCTTC-1",5
"CATGACAGTGAACCTT-1",3
"CATGACATCAATAAGG-1",0
"CATGACATCTAACTGG-1",1
"CATGCCTAGACCTAGG-1",1
"CATGCCTAGAGTCTGG-1",0
"CATGCCTCACCACCAG-1",0
"CATGCCTGTCAAAGCG-1",1
"CATGCCTGTCGATTGT-1",2
"CATGCCTTCCACGACG-1",1
"CATGCCTTCCTCATTA-1",0
"CATGCCTTCGCATGAT-1",0
"CATGGCGAGAGCTGGT-1",1
"CATGGCGAGTACGACG-1",0
"CATGGCGTCCAAAGTC-1",1
"CATGGCGTCCCTTGTG-1",1
"CATGGCGTCGGCCGAT-1",0
"CATGGCGTCTCAAACG-1",0
"CATGGCGTCTGCCCTA-1",1
"CATTATCAGACCCACC-1",0
"CATTATCAGTCCCACG-1",0
"CATTATCCAAGTCTGT-1",2
"CATTATCCAGGGCATA-1",0
"CATTATCGTCAATGTC-1",2
"CATTATCTCACAAACC-1",0
"CATTATCTCAGATAAG-1",1
"CATTATCTCGCGTTTC-1",1
"CATTATCTCGTTGCCT-1",2
"CATTATCTCTATCCCG-1",0
"CATTATCTCTTAACCT-1",2
"CATTCGCAGGTGCTAG-1",2
"CATTCGCCAAGGGTCA-1",2
"CATTCGCCAGCCTATA-1",1
"CATTCGCCATACAGCT-1",4
"CATTCGCCATGGATGG-1",1
"CATTCGCCATGTCTCC-1",2
"CATTCGCCATTCACTT-1",0
"CATTCGCGTAGCACGA-1",1
"CATTCGCTCATCACCC-1",1
"CCAATCCAGACCACGA-1",0
"CCAATCCAGATATGGT-1",1
"CCAATCCAGTCGAGTG-1",1
"CCAATCCAGTCGTTTG-1",2
"CCAATCCAGTTTAGGA-1",0
"CCAATCCCAAGCGAGT-1",2
"CCAATCCTCGGACAAG-1",2
"CCAATCCTCTACCTGC-1",1
"CCACCTAAGCAGACTG-1",1
"CCACCTAAGGATGGTC-1",1
"CCACCTAAGTCGAGTG-1",0
"CCACCTAAGTGGGATC-1",2
"CCACCTAAGTGTGGCA-1",0
"CCACCTACAACAACCT-1",1
"CCACCTACAAGCCGCT-1",0
"CCACCTACAATCTACG-1",1
"CCACCTAGTAGTACCT-1",0
"CCACCTAGTCGCGTGT-1",2
"CCACCTAGTGGGTCAA-1",1
"CCACCTATCAGTTGAC-1",1
"CCACCTATCTGATACG-1",0
"CCACGGAAGACACGAC-1",0
"CCACGGAAGGGAACGG-1",0
"CCACGGACATGTCGAT-1",2
"CCACGGAGTAAGGGCT-1",1
"CCACGGAGTCAGATAA-1",1
"CCACGGAGTCCGTGAC-1",3
"CCACGGAGTGTAATGA-1",0
"CCACGGAGTTCTGAAC-1",1
"CCACGGATCACATAGC-1",2
"CCACGGATCCACGTGG-1",1
"CCACGGATCTACTATC-1",2
"CCACGGATCTAGAGTC-1",0
"CCACTACAGAGTACCG-1",2
"CCACTACAGCTTTGGT-1",0
"CCACTACCAGCAGTTT-1",3
"CCACTACCAGTAGAGC-1",0
"CCACTACGTCCGAATT-1",0
"CCACTACGTCTCAACA-1",1
"CCACTACGTGACAAAT-1",2
"CCACTACGTGACCAAG-1",2
"CCACTACGTGCACGAA-1",0
"CCACTACTCACTCTTA-1",1
"CCACTACTCCGCATCT-1",0
"CCACTACTCGGAAATA-1",2
"CCACTACTCTCGTATT-1",1
"CCACTACTCTCGTTTA-1",2
"CCAGCGAAGCCCAACC-1",0
"CCAGCGACATCGGGTC-1",2
"CCAGCGACATGTCCTC-1",1
"CCAGCGAGTAGGCATG-1",0
"CCAGCGAGTCCGTTAA-1",2
"CCAGCGATCAGAAATG-1",2
"CCATGTCAGCGATCCC-1",1
"CCATGTCAGGTCGGAT-1",0
"CCATGTCAGGTTACCT-1",1
"CCATGTCCAAGCTGGA-1",1
"CCATGTCCACATCCGG-1",3
"CCATGTCGTCCAGTAT-1",0
"CCATGTCTCCAAGTAC-1",1
"CCATGTCTCTTGTATC-1",1
"CCATTCGCAGTACACT-1",0
"CCATTCGCAGTTTACG-1",0
"CCATTCGGTAATCGTC-1",1
"CCATTCGGTATTACCG-1",2
"CCATTCGTCGTAGGAG-1",0
"CCCAATCAGTCACGCC-1",1
"CCCAATCCAGGTGGAT-1",0
"CCCAATCGTGAAGGCT-1",1
"CCCAATCGTTGGAGGT-1",0
"CCCAATCTCACATGCA-1",1
"CCCAATCTCCAGTATG-1",2
"CCCAATCTCGGAGCAA-1",1
"CCCAGTTAGAATAGGG-1",1
"CCCAGTTAGATCCCGC-1",3
"CCCAGTTAGCGTGAAC-1",1
"CCCAGTTAGGAATCGC-1",0
"CCCAGTTAGTCCGGTC-1",2
"CCCAGTTAGTTTGCGT-1",0
"CCCAGTTGTACATGTC-1",0
"CCCAGTTGTCTGCAAT-1",1
"CCCAGTTTCTGAAAGA-1",2
"CCCATACAGGGTTCCC-1",1
"CCCATACAGTGTTTGC-1",2
"CCCATACCAAAGGTGC-1",2
"CCCATACCAACACCCG-1",0
"CCCATACCAGCAGTTT-1",0
"CCCATACGTATTACCG-1",1
"CCCATACGTCAATACC-1",0
"CCCATACGTCTAGTCA-1",1
"CCCATACGTTGAGTTC-1",3
"CCCATACTCAATAAGG-1",1
"CCCATACTCAGCGACC-1",1
"CCCATACTCATCACCC-1",0
"CCCATACTCCGTAGGC-1",0
"CCCTCCTAGGAATCGC-1",1
"CCCTCCTCACGTCTCT-1",2
"CCCTCCTCAGCTTAAC-1",2
"CCCTCCTCATATGAGA-1",0
"CCCTCCTCATCACGTA-1",2
"CCCTCCTGTATGGTTC-1",0
"CCCTCCTGTTAGATGA-1",0
"CCCTCCTTCAATCACG-1",0
"CCCTCCTTCCGCAGTG-1",1
"CCGGGATAGCTTCGCG-1",1
"CCGGGATAGGCGACAT-1",1
"CCGGGATAGGCTAGGT-1",1
"CCGGGATCACAGTCGC-1",1
"CCGGGATGTATAGGTA-1",2
"CCGGGATTCAGAGCTT-1",0
"CCGGGATTCGCTAGCG-1",2
"CCGGGATTCGCTTGTC-1",0
"CCGGTAGAGCGTCTAT-1",0
"CCGGTAGAGTACGCCC-1",1
"CCGGTAGCACATAACC-1",4
"CCGGTAGCACGCATCG-1",0
"CCGGTAGGTACTTCTT-1",1
"CCGGTAGGTCAAACTC-1",5
"CCGGTAGTCGTCCGTT-1",0
"CCGTACTAGAGAACAG-1",2
"CCGTACTAGTCCGTAT-1",1
"CCGTACTCAAGCCCAC-1",2
"CCGTACTCAAGCGAGT-1",0
"CCGTACTCATCCCACT-1",1
"CCGTACTGTACAGCAG-1",0
"CCGTACTGTAGCGCTC-1",0
"CCGTACTGTGCGGTAA-1",1
"CCGTACTTCGTTACAG-1",1
"CCGTGGAAGACGCACA-1",4
"CCGTGGAAGAGTTGGC-1",0
"CCGTGGAAGGTGATAT-1",0
"CCGTGGAAGGTTCCTA-1",2
"CCGTGGACAGCCTTGG-1",0
"CCGTGGAGTTCCATGA-1",0
"CCGTGGATCTAACTTC-1",1
"CCGTGGATCTCTGTCG-1",0
"CCGTTCAAGCGTAATA-1",2
"CCGTTCAAGTACGATA-1",0
"CCGTTCAAGTAGATGT-1",2
"CCGTTCACAGGATCGA-1",0
"CCGTTCAGTATAGGGC-1",0
"CCGTTCAGTCGCGAAA-1",1
"CCGTTCATCGTACCGG-1",1
"CCTAAAGAGAGTTGGC-1",1
"CCTAAAGCAAACCTAC-1",1
"CCTAAAGCATGTCTCC-1",0
"CCTAAAGGTACTCAAC-1",2
"CCTAAAGGTCGGCACT-1",2
"CCTAAAGGTGTAATGA-1",1
"CCTAAAGTCACCGTAA-1",1
"CCTAAAGTCAGCGATT-1",1
"CCTAAAGTCGGCGCTA-1",2
"CCTAAAGTCGGTCCGA-1",0
"CCTACACAGGACCACA-1",1
"CCTACACAGGGTGTTG-1",1
"CCTACACCAGTAAGAT-1",0
"CCTACACGTATAGTAG-1",0
"CCTACACGTCCGAACC-1",2
"CCTACACGTGGGTCAA-1",1
"CCTACACGTTTGACTG-1",0
"CCTACACTCGGCGCTA-1",0
"CCTACACTCGTGACAT-1",4
"CCTACCAAGATAGGAG-1",0
"CCTACCAAGCAAATCA-1",1
"CCTACCAAGCGTAGTG-1",0
"CCTACCAAGCTTCGCG-1",1
"CCTACCAAGTGCGATG-1",1
"CCTACCAGTATCAGTC-1",1
"CCTACCAGTCTCTCTG-1",0
"CCTACCAGTCTTTCAT-1",1
"CCTACCATCAGCACAT-1",0
"CCTACCATCGCCAGCA-1",1
"CCTAGCTAGCAAATCA-1",0
"CCTAGCTAGCTCCTCT-1",2
"CCTAGCTAGGTTACCT-1",1
"CCTAGCTAGTACGCGA-1",0
"CCTAGCTCAATGAATG-1",1
"CCTAGCTCAATGGTCT-1",1
"CCTAGCTCACATCCAA-1",1
"CCTAGCTCAGCCAGAA-1",1
"CCTAGCTGTAGAAAGG-1",0
"CCTAGCTGTCACCCAG-1",1
"CCTAGCTGTCTGATTG-1",2
"CCTAGCTTCACGATGT-1",0
"CCTAGCTTCGTAGGAG-1",2
"CCTATTAAGAATTCCC-1",2
"CCTATTAAGCAGGCTA-1",1
"CCTATTAAGCAGGTCA-1",3
"CCTATTAAGGGAGTAA-1",3
"CCTATTAAGGTAGCCA-1",1
"CCTATTACACAACTGT-1",1
"CCTATTACACATCCGG-1",0
"CCTATTAGTCAATACC-1",0
"CCTATTATCATCACCC-1",1
"CCTATTATCTGCGACG-1",0
"CCTCAGTAGCTAACTC-1",1
"CCTCAGTCAGGTGGAT-1",1
"CCTCAGTGTCCATCCT-1",1
"CCTCAGTGTCCGACGT-1",3
"CCTCAGTGTCTTGTCC-1",0
"CCTCAGTGTGGGTATG-1",2
"CCTCTGAAGTATCGAA-1",0
"CCTCTGAAGTGGGTTG-1",0
"CCTCTGACAAGCTGTT-1",1
"CCTCTGACACCGATAT-1",0
"CCTCTGACAGATGAGC-1",2
"CCTCTGAGTCAATACC-1",2
"CCTCTGAGTCCGAACC-1",0
"CCTCTGAGTCGTGGCT-1",0
"CCTCTGAGTCTGATTG-1",0
"CCTCTGATCTGAGGGA-1",2
"CCTTACGCAAGCGTAG-1",0
"CCTTACGCACCAACCG-1",1
"CCTTACGGTCATCCCT-1",0
"CCTTACGGTCCTCTTG-1",2
"CCTTACGTCACAACGT-1",0
"CCTTACGTCATCTGCC-1",1
"CCTTACGTCGGAGGTA-1",0
"CCTTCCCAGAGACTAT-1",0
"CCTTCCCAGCTAGGCA-1",0
"CCTTCCCAGGACGAAA-1",2
"CCTTCCCAGGGCATGT-1",0
"CCTTCCCAGGTACTCT-1",0
"CCTTCCCCATGATCCA-1",1
"CCTTCCCTCAAGGCTT-1",0
"CCTTCCCTCTATCCTA-1",0
"CCTTCCCTCTATCGCC-1",3
"CCTTCGAAGGCGCTCT-1",2
"CCTTCGACAACACCCG-1",2
"CCTTCGACAGCGATCC-1",1
"CCTTCGAGTAAGCACG-1",1
"CCTTCGAGTCCATGAT-1",2
"CCTTCGAGTGTGACCC-1",1
"CCTTCGAGTTGGTGGA-1",0
"CCTTCGATCACAGTAC-1",3
"CCTTCGATCCTATGTT-1",1
"CCTTCGATCGCACTCT-1",2
"CCTTTCTAGACGCTTT-1",1
"CCTTTCTAGGGCACTA-1",3
"CCTTTCTAGTGGAGTC-1",0
"CCTTTCTCAGACAAGC-1",1
"CCTTTCTCATCACGAT-1",1
"CCTTTCTCATGCCCGA-1",2
"CCTTTCTTCCCACTTG-1",0
"CCTTTCTTCTTTACGT-1",0
"CGAACATCACATGACT-1",1
"CGAACATCACTTGGAT-1",0
"CGAACATCAGTCCTTC-1",1
"CGAACATGTCTGATTG-1",1
"CGAACATGTGCTGTAT-1",3
"CGAACATTCTCAAACG-1",1
"CGAATGTAGAGGTTAT-1",3
"CGAATGTAGCGATAGC-1",0
"CGAATGTAGTTCGCAT-1",1
"CGAATGTCAATGCCAT-1",1
"CGAATGTGTCTAGTCA-1",0
"CGAATGTGTCTCACCT-1",0
"CGAATGTTCAACACAC-1",2
"CGAATGTTCATCACCC-1",1
"CGAATGTTCTGTACGA-1",1
"CGACCTTAGCTACCGC-1",1
"CGACCTTAGCTAGTCT-1",0
"CGACCTTCAAAGTGCG-1",0
"CGACCTTCACGAAATA-1",0
"CGACCTTGTAAGTGTA-1",3
"CGACCTTGTCAGAATA-1",1
"CGACCTTGTCTCCCTA-1",4
"CGACCTTGTCTCTTAT-1",2
"CGACCTTTCCGCGTTT-1",1
"CGACCTTTCGTTTATC-1",0
"CGACCTTTCTCCAGGG-1",2
"CGACTTCAGACACGAC-1",1
"CGACTTCAGGTAGCCA-1",1
"CGACTTCAGTCTTGCA-1",1
"CGACTTCCAATGGACG-1",1
"CGACTTCGTGGTGTAG-1",1
"CGACTTCGTTGAGTTC-1",0
"CGACTTCTCACTTACT-1",1
"CGACTTCTCTCGCTTG-1",3
"CGAGAAGAGAAACGCC-1",0
"CGAGAAGAGCCAACAG-1",0
"CGAGAAGAGCGTGTCC-1",4
"CGAGAAGCAAGTTCTG-1",3
"CGAGAAGCACATCCGG-1",1
"CGAGAAGCAGGCTGAA-1",2
"CGAGAAGTCGGATGGA-1",1
"CGAGCACAGCCAGAAC-1",2
"CGAGCACCACATGTGT-1",2
"CGAGCACGTAGCGTCC-1",0
"CGAGCACGTAGCGTGA-1",1
"CGAGCACGTCAGATAA-1",0
"CGAGCACGTGCCTTGG-1",1
"CGAGCACTCCCGGATG-1",0
"CGAGCACTCCGCTGTT-1",1
"CGAGCACTCGGAAATA-1",0
"CGAGCACTCGTGACAT-1",2
"CGAGCCAAGCTAGCCC-1",1
"CGAGCCAGTATATCCG-1",1
"CGAGCCAGTCAAGCGA-1",0
"CGATCGGAGAGCCTAG-1",0
"CGATCGGAGTACGATA-1",1
"CGATCGGCAAACGCGA-1",1
"CGATCGGCAAGCGATG-1",3
"CGATCGGCAATACGCT-1",0
"CGATCGGCAGTTAACC-1",2
"CGATCGGCATACTCTT-1",1
"CGATCGGGTCGACTGC-1",1
"CGATCGGTCAACGGGA-1",0
"CGATCGGTCTAGCACA-1",3
"CGATGGCAGCCGTCGT-1",3
"CGATGGCAGTCCAGGA-1",0
"CGATGGCCACTTAACG-1",1
"CGATGGCCAGCGTAAG-1",0
"CGATGGCCATCATCCC-1",0
"CGATGGCTCCTAGAAC-1",0
"CGATGGCTCGCTAGCG-1",0
"CGATGGCTCTGACCTC-1",0
"CGATGTAAGGCAATTA-1",6
"CGATGTAAGTTTGCGT-1",1
"CGATGTACACAGGCCT-1",2
"CGATGTACAGGTCTCG-1",2
"CGATGTAGTCCAGTGC-1",1
"CGATGTAGTCTAGGTT-1",2
"CGATGTAGTGTGCCTG-1",0
"CGATGTAGTTTGCATG-1",1
"CGATTGAAGATGTGGC-1",1
"CGATTGACAGACGCAA-1",0
"CGATTGAGTATGGTTC-1",1
"CGATTGAGTTCAGACT-1",1
"CGATTGATCATGGTCA-1",2
"CGATTGATCTGCGGCA-1",0
"CGCCAAGAGAATGTTG-1",1
"CGCCAAGAGACCTTTG-1",1
"CGCCAAGAGATCGGGT-1",3
"CGCCAAGAGATCTGAA-1",1
"CGCCAAGAGCGTGTCC-1",1
"CGCCAAGGTCTAGGTT-1",0
"CGCCAAGTCAGGATCT-1",1
"CGCCAAGTCCACTCCA-1",2
"CGCCAAGTCTTGTTTG-1",0
"CGCGGTAAGCTAGCCC-1",1
"CGCGGTAAGGGTTCCC-1",1
"CGCGGTACAAACTGCT-1",0
"CGCGGTACAATGGAAT-1",4
"CGCGGTACAGCTGTTA-1",0
"CGCGGTAGTCAAGCGA-1",0
"CGCGGTAGTGAGGCTA-1",0
"CGCGGTAGTTTGCATG-1",1
"CGCGTTTAGTTATCGC-1",3
"CGCGTTTCAACAACCT-1",2
"CGCGTTTCAAGCGAGT-1",2
"CGCGTTTCAATGGACG-1",1
"CGCGTTTCACGGTGTC-1",3
"CGCGTTTGTGCTGTAT-1",1
"CGCGTTTGTGGACGAT-1",1
"CGCGTTTTCAAACCGT-1",2
"CGCGTTTTCAGCCTAA-1",2
"CGCGTTTTCCTATGTT-1",2
"CGCGTTTTCGTGGTCG-1",1
"CGCTATCAGAAACCGC-1",1
"CGCTATCAGTCATCCA-1",1
"CGCTATCCAAGCGAGT-1",1
"CGCTATCCAGTCGATT-1",2
"CGCTATCCATCGACGC-1",4
"CGCTATCCATTTCAGG-1",0
"CGCTATCGTACCGAGA-1",1
"CGCTATCGTTCGAATC-1",1
"CGCTATCGTTTCGCTC-1",0
"CGCTATCTCGTTACAG-1",1
"CGCTGGAAGGACATTA-1",2
"CGCTGGAAGGGCACTA-1",0
"CGCTGGAAGGTGATAT-1",1
"CGCTGGACAGACTCGC-1",1
"CGCTGGAGTGTAATGA-1",0
"CGCTGGAGTTCTGGTA-1",1
"CGCTGGATCCGAAGAG-1",1
"CGCTGGATCCGTTGCT-1",1
"CGCTGGATCGTAGGAG-1",2
"CGCTGGATCGTTACAG-1",1
"CGCTTCAAGAAGGGTA-1",0
"CGCTTCAAGGTCGGAT-1",2
"CGCTTCACACGGTGTC-1",3
"CGCTTCACAGACAAGC-1",0
"CGCTTCACATCACCCT-1",3
"CGCTTCAGTCGCGGTT-1",2
"CGCTTCATCTTAGAGC-1",5
"CGGACACAGCGATATA-1",0
"CGGACACAGCGATGAC-1",3
"CGGACACAGCTTCGCG-1",0
"CGGACACAGGTAAACT-1",3
"CGGACACAGTAGCCGA-1",1
"CGGACACCACAGGAGT-1",0
"CGGACACCATTCACTT-1",1
"CGGACACGTGAGCGAT-1",2
"CGGACACGTGCTCTTC-1",1
"CGGACACGTGTGACCC-1",3
"CGGACGTAGGTTACCT-1",1
"CGGACGTCATGGGACA-1",2
"CGGACGTGTGAAAGAG-1",1
"CGGACGTGTTGGTAAA-1",0
"CGGACGTTCATGTGGT-1",2
"CGGACGTTCTGTCCGT-1",1
"CGGACTGAGGAGCGAG-1",1
"CGGACTGAGGAGTCTG-1",1
"CGGACTGAGTGGTAGC-1",2
"CGGACTGCAACTTGAC-1",2
"CGGACTGCAATGACCT-1",3
"CGGACTGCACAACGTT-1",0
"CGGACTGCACGCCAGT-1",0
"CGGACTGCAGTATGCT-1",1
"CGGACTGGTAAAGGAG-1",0
"CGGACTGGTATAAACG-1",0
"CGGACTGGTGTAAGTA-1",1
"CGGACTGGTGTGGTTT-1",0
"CGGACTGGTTGACGTT-1",2
"CGGACTGTCATTGCCC-1",0
"CGGACTGTCCATGCTC-1",1
"CGGACTGTCCGTCAAA-1",1
"CGGACTGTCGTTTGCC-1",0
"CGGACTGTCTTCATGT-1",3
"CGGAGCTAGTTTAGGA-1",0
"CGGAGCTCATTGAGCT-1",1
"CGGAGCTGTAGAAAGG-1",4
"CGGAGCTTCACTTATC-1",3
"CGGAGCTTCATGTAGC-1",1
"CGGAGCTTCCACGAAT-1",1
"CGGAGTCAGTGCGATG-1",1
"CGGAGTCAGTGTGAAT-1",1
"CGGAGTCCAGTGGGAT-1",0
"CGGAGTCCATTATCTC-1",6
"CGGAGTCGTAGCTGCC-1",3
"CGGAGTCGTCCAGTGC-1",2
"CGGAGTCGTGTTCGAT-1",0
"CGGAGTCTCCCAGGTG-1",0
"CGGAGTCTCCGTAGTA-1",1
"CGGCTAGAGAAACGCC-1",1
"CGGCTAGAGCACCGTC-1",1
"CGGCTAGAGCTAAACA-1",1
"CGGCTAGCAGACAAAT-1",1
"CGGCTAGGTAACGCGA-1",2
"CGGCTAGGTTCATGGT-1",2
"CGGCTAGTCAAAGACA-1",0
"CGGCTAGTCGTGGGAA-1",0
"CGGCTAGTCTTGTTTG-1",0
"CGGGTCAAGAGTCGGT-1",4
"CGGGTCAAGCACACAG-1",2
"CGGGTCAAGCTAACTC-1",0
"CGGGTCAAGGACACCA-1",0
"CGGGTCAAGTATGACA-1",0
"CGGGTCACAATGACCT-1",2
"CGGGTCACACCGAAAG-1",4
"CGGGTCACAGCCACCA-1",1
"CGGGTCACATACAGCT-1",2
"CGGGTCACATCCTTGC-1",1
"CGGGTCAGTAGCGCTC-1",1
"CGGGTCAGTCGATTGT-1",1
"CGGGTCAGTGCAACTT-1",1
"CGGGTCAGTTGTTTGG-1",0
"CGGGTCATCAACACCA-1",2
"CGGGTCATCACCTTAT-1",3
"CGGGTCATCCACGACG-1",0
"CGGTTAACAGGACCCT-1",2
"CGGTTAACATGTCCTC-1",0
"CGGTTAACATTCCTGC-1",2
"CGGTTAAGTCGACTGC-1",3
"CGGTTAATCCGGCACA-1",1
"CGGTTAATCCTTTCGG-1",2
"CGGTTAATCTTATCTG-1",3
"CGTAGCGAGATGTAAC-1",0
"CGTAGCGAGGCAATTA-1",1
"CGTAGCGAGTAGGTGC-1",1
"CGTAGCGCAAGCGCTC-1",1
"CGTAGCGTCCAACCAA-1",1
"CGTAGCGTCGGCGGTT-1",1
"CGTAGGCAGGGCTCTC-1",2
"CGTAGGCCAAGCGATG-1",1
"CGTAGGCCACTAAGTC-1",2
"CGTAGGCCAGAGTGTG-1",1
"CGTAGGCCATCCCATC-1",1
"CGTAGGCGTATTAGCC-1",1
"CGTAGGCGTCAATACC-1",2
"CGTAGGCGTGGCGAAT-1",3
"CGTAGGCTCCAGAAGG-1",1
"CGTCACTAGTCATGCT-1",1
"CGTCACTCAAAGCGGT-1",0
"CGTCACTCAGGTCCAC-1",2
"CGTCACTCAGTCACTA-1",2
"CGTCACTTCCTTGACC-1",0
"CGTCACTTCGGTGTTA-1",0
"CGTCACTTCTGTGCAA-1",2
"CGTCACTTCTTGAGAC-1",0
"CGTCAGGAGCTGTTCA-1",1
"CGTCAGGCAAAGCAAT-1",0
"CGTCAGGCAAAGCGGT-1",4
"CGTCAGGCAACACGCC-1",0
"CGTCAGGCATCCGCGA-1",1
"CGTCAGGGTCAGCTAT-1",0
"CGTCAGGGTCGTTGTA-1",0
"CGTCAGGGTGTAAGTA-1",0
"CGTCAGGTCCACTGGG-1",1
"CGTCAGGTCGACAGCC-1",1
"CGTCAGGTCGGGAGTA-1",3
"CGTCCATAGACCACGA-1",3
"CGTCCATAGCGATTCT-1",1
"CGTCCATAGGCTATCT-1",1
"CGTCCATAGTCTCAAC-1",1
"CGTCCATCACGACTCG-1",1
"CGTCCATCATTCACTT-1",1
"CGTCCATGTCTAGCGC-1",1
"CGTCCATGTGATAAAC-1",2
"CGTCCATGTTTGGGCC-1",1
"CGTCCATGTTTGTGTG-1",0
"CGTCCATTCAACACCA-1",1
"CGTCCATTCATTCACT-1",6
"CGTCTACAGTGCGTGA-1",2
"CGTCTACGTAGTAGTA-1",0
"CGTCTACTCGAGCCCA-1",0
"CGTCTACTCGCCATAA-1",1
"CGTCTACTCGGCCGAT-1",2
"CGTCTACTCGTCCAGG-1",3
"CGTCTACTCTATCGCC-1",0
"CGTGAGCAGATCTGAA-1",6
"CGTGAGCAGCAATCTC-1",0
"CGTGAGCAGCGGATCA-1",1
"CGTGAGCAGCTAGTGG-1",1
"CGTGAGCAGCTTCGCG-1",1
"CGTGAGCAGGGCACTA-1",2
"CGTGAGCAGGGTGTGT-1",1
"CGTGAGCAGTGGAGAA-1",2
"CGTGAGCCAAGCCGCT-1",3
"CGTGAGCCACGTAAGG-1",0
"CGTGAGCCATACGCCG-1",1
"CGTGAGCGTAGATTAG-1",1
"CGTGAGCGTCTCTTAT-1",2
"CGTGAGCTCACAAACC-1",3
"CGTGAGCTCCAAATGC-1",0
"CGTGAGCTCCGAGCCA-1",2
"CGTGAGCTCGTTGCCT-1",1
"CGTGAGCTCTGGGCCA-1",1
"CGTGTAAAGATAGTCA-1",1
"CGTGTAAAGGTGTTAA-1",2
"CGTGTAAAGTACATGA-1",0
"CGTGTAACATGGGACA-1",0
"CGTGTAAGTCCGCTGA-1",0
"CGTGTAAGTGTCTGAT-1",0
"CGTGTAATCTACTATC-1",0
"CGTGTAATCTCGATGA-1",2
"CGTGTAATCTTTAGTC-1",1
"CGTGTCTAGGCGCTCT-1",0
"CGTGTCTAGGGATGGG-1",0
"CGTGTCTCAGACAAAT-1",0
"CGTGTCTCAGACACTT-1",1
"CGTGTCTGTAAGAGGA-1",1
"CGTGTCTGTATATGAG-1",0
"CGTGTCTGTCAAAGCG-1",1
"CGTGTCTGTTCCGTCT-1",3
"CGTGTCTTCAATCACG-1",1
"CGTGTCTTCAGAGGTG-1",0
"CGTGTCTTCATAGCAC-1",0
"CGTGTCTTCCGAACGC-1",0
"CGTGTCTTCGGCATCG-1",2
"CGTGTCTTCGTGGACC-1",0
"CGTGTCTTCTACTTAC-1",1
"CGTGTCTTCTGAGTGT-1",1
"CGTTAGAAGATCTGAA-1",1
"CGTTAGAAGGCCCTTG-1",2
"CGTTAGACACGAAAGC-1",2
"CGTTAGACAGCTTCGG-1",1
"CGTTAGAGTTTAAGCC-1",0
"CGTTAGATCACTTATC-1",2
"CGTTAGATCAGCCTAA-1",1
"CGTTCTGAGAAGGGTA-1",0
"CGTTCTGAGACTAGGC-1",1
"CGTTCTGAGTGAACAT-1",0
"CGTTCTGCAGCTCGCA-1",2
"CGTTCTGCATTGGCGC-1",2
"CGTTCTGGTGAGGGTT-1",3
"CGTTCTGTCTGATTCT-1",0
"CGTTGGGAGCTAGTTC-1",1
"CGTTGGGAGGATGCGT-1",1
"CGTTGGGCACATTAGC-1",0
"CGTTGGGCAGACAGGT-1",1
"CGTTGGGGTTCCCGAG-1",0
"CGTTGGGTCATGCTCC-1",1
"CGTTGGGTCCATGAAC-1",5
"CGTTGGGTCTACCAGA-1",3
"CTAACTTAGTCCTCCT-1",2
"CTAACTTCAATAGCAA-1",0
"CTAACTTCAATCGGTT-1",2
"CTAACTTGTGAGGCTA-1",2
"CTAACTTTCGTACGGC-1",1
"CTAACTTTCTGGCGTG-1",3
"CTAAGACAGGGAAACA-1",1
"CTAAGACAGTACATGA-1",0
"CTAAGACAGTTCGCGC-1",1
"CTAAGACCAAGTAATG-1",0
"CTAAGACCAGTAAGAT-1",1
"CTAAGACCATGCAATC-1",0
"CTAAGACGTAAGGATT-1",2
"CTAAGACGTATCAGTC-1",1
"CTAAGACGTCACCTAA-1",2
"CTAAGACTCGTTGCCT-1",1
"CTAAGACTCTTACCGC-1",0
"CTAAGACTCTTGAGGT-1",0
"CTAATGGAGCAATCTC-1",1
"CTAATGGAGCGCTCCA-1",1
"CTAATGGAGCTCCCAG-1",1
"CTAATGGAGCTGAAAT-1",8
"CTAATGGAGTTAGGTA-1",0
"CTAATGGCATGGAATA-1",1
"CTAATGGGTACCGCTG-1",1
"CTAATGGGTCTAGCGC-1",3
"CTAATGGGTGAGGGAG-1",0
"CTAATGGGTTGGTGGA-1",1
"CTAATGGTCATGCTCC-1",0
"CTAATGGTCCACTGGG-1",0
"CTAATGGTCCGTTGCT-1",2
"CTAATGGTCCTAGAAC-1",2
"CTACACCAGTGCGATG-1",2
"CTACACCCACGGACAA-1",1
"CTACACCGTAATAGCA-1",3
"CTACACCGTCTGATTG-1",0
"CTACACCGTTCGTCTC-1",5
"CTACACCTCAGAAATG-1",0
"CTACACCTCGGCTTGG-1",1
"CTACACCTCGGTCCGA-1",1
"CTACACCTCTCGCATC-1",7
"CTACACCTCTCTGCTG-1",4
"CTACATTAGATCACGG-1",0
"CTACATTCACTCGACG-1",0
"CTACATTCATTTCACT-1",1
"CTACATTGTGATGATA-1",0
"CTACATTGTTCGAATC-1",0
"CTACATTTCAACGCTA-1",2
"CTACATTTCGCCATAA-1",1
"CTACATTTCTAGCACA-1",1
"CTACCCACACAGAGGT-1",0
"CTACCCACACGACGAA-1",0
"CTACCCACATGGTTGT-1",0
"CTACCCAGTATCTGCA-1",1
"CTACCCAGTATGAATG-1",2
"CTACCCAGTCAGAAGC-1",0
"CTACCCAGTGTGACCC-1",0
"CTACCCAGTTATGTGC-1",3
"CTACCCATCTACGAGT-1",0
"CTACGTCAGGTGCAAC-1",4
"CTACGTCAGTGCGATG-1",0
"CTACGTCAGTTGTCGT-1",2
"CTACGTCCATATACCG-1",0
"CTACGTCGTATATGGA-1",1
"CTACGTCGTGTGGTTT-1",0
"CTACGTCTCAAAGTAG-1",0
"CTACGTCTCACGACTA-1",2
"CTACGTCTCACGGTTA-1",2
"CTACGTCTCCTAGAAC-1",2
"CTAGAGTAGCTGTCTA-1",2
"CTAGAGTAGGATCGCA-1",1
"CTAGAGTAGTCCATAC-1",3
"CTAGAGTCACATTAGC-1",1
"CTAGAGTCAGTATGCT-1",0
"CTAGAGTCATACTCTT-1",0
"CTAGAGTCATGTAAGA-1",1
"CTAGAGTGTGACCAAG-1",0
"CTAGAGTTCAACACCA-1",1
"CTAGAGTTCCGTCAAA-1",0
"CTAGAGTTCCTAAGTG-1",2
"CTAGAGTTCGCCAGCA-1",3
"CTAGAGTTCGCTTAGA-1",2
"CTAGAGTTCGTGACAT-1",0
"CTAGAGTTCTGATTCT-1",3
"CTAGCCTCACCAGATT-1",2
"CTAGCCTGTATATCCG-1",1
"CTAGCCTGTGATGCCC-1",0
"CTAGCCTTCGGGAGTA-1",1
"CTAGTGAAGCTGGAAC-1",1
"CTAGTGAAGTGTACCT-1",2
"CTAGTGACAAGTCTAC-1",1
"CTAGTGACAGGATCGA-1",1
"CTAGTGAGTTATGCGT-1",0
"CTAGTGATCAGTTGAC-1",1
"CTAGTGATCCAGTAGT-1",1
"CTCACACAGCTAAGAT-1",1
"CTCACACAGCTGCCCA-1",0
"CTCACACAGGATGCGT-1",1
"CTCACACCACGTAAGG-1",1
"CTCACACCACTGTTAG-1",3
"CTCACACCATATACGC-1",0
"CTCACACGTGCTGTAT-1",1
"CTCACACGTTCCATGA-1",1
"CTCACACGTTTGGGCC-1",0
"CTCACACTCACCGGGT-1",0
"CTCACACTCATCGGAT-1",0
"CTCACACTCCGCGCAA-1",1
"CTCACACTCTAACCGA-1",2
"CTCAGAAAGAGCTGCA-1",0
"CTCAGAAAGGAGTAGA-1",1
"CTCAGAACAACGCACC-1",5
"CTCAGAACAAGCGATG-1",1
"CTCAGAACAGGGCATA-1",0
"CTCAGAAGTGACGGTA-1",3
"CTCAGAATCTTAACCT-1",3
"CTCATTAAGAACTGTA-1",2
"CTCATTACATGGTCAT-1",1
"CTCATTAGTGTAACGG-1",0
"CTCATTAGTTTACTCT-1",2
"CTCCTAGCAAGTACCT-1",0
"CTCCTAGCAATTCCTT-1",2
"CTCCTAGCACTGTCGG-1",0
"CTCCTAGCAGTCCTTC-1",0
"CTCCTAGCATAACCTG-1",0
"CTCCTAGCATGCGCAC-1",0
"CTCCTAGGTAGAAAGG-1",2
"CTCCTAGGTCCGAGTC-1",2
"CTCCTAGGTCTAGCCG-1",5
"CTCCTAGGTGTTTGTG-1",1
"CTCCTAGGTTCGTGAT-1",0
"CTCCTAGGTTGTTTGG-1",1
"CTCCTAGTCACTTACT-1",1
"CTCCTAGTCTCATTCA-1",0
"CTCGAAAAGCCCAACC-1",2
"CTCGAAAAGCTATGCT-1",3
"CTCGAAAAGGCCCTTG-1",2
"CTCGAAAAGGGCTTCC-1",0
"CTCGAAACAAGCCGTC-1",0
"CTCGAAACACATTAGC-1",2
"CTCGAAACACCGAAAG-1",1
"CTCGAAACACGGCTAC-1",1
"CTCGAAACAGTAAGAT-1",0
"CTCGAAACATACGCCG-1",2
"CTCGAGGAGCCATCGC-1",2
"CTCGAGGAGGGCTTCC-1",1
"CTCGAGGCAGATAATG-1",2
"CTCGAGGGTATTCTCT-1",0
"CTCGAGGGTGCCTGGT-1",0
"CTCGGAGAGTCCCACG-1",0
"CTCGGAGCACTTCTGC-1",2
"CTCGGAGCAGCTGCAC-1",2
"CTCGGAGCAGGATCGA-1",1
"CTCGGAGGTAGCCTAT-1",0
"CTCGGAGGTCATGCCG-1",1
"CTCGGAGTCAAACGGG-1",0
"CTCGGAGTCACATACG-1",2
"CTCGGAGTCAGCTTAG-1",0
"CTCGGGAAGACCTAGG-1",3
"CTCGGGACACAGCCCA-1",1
"CTCGGGACATAAAGGT-1",0
"CTCGGGACATCCCACT-1",1
"CTCGGGACATGTCGAT-1",1
"CTCGGGAGTCGCGTGT-1",1
"CTCGGGAGTGACTACT-1",2
"CTCGGGAGTTACGACT-1",0
"CTCGGGATCCGTACAA-1",2
"CTCGGGATCCTTGACC-1",1
"CTCGGGATCTTAGCCC-1",0
"CTCGGGATCTTGTTTG-1",2
"CTCGTACAGCGATAGC-1",0
"CTCGTACCAGCGTAAG-1",0
"CTCGTACCATAGTAAG-1",1
"CTCGTACGTAGAGTGC-1",1
"CTCGTACGTATCACCA-1",1
"CTCGTACGTGCAGTAG-1",0
"CTCGTACTCAAAGTAG-1",1
"CTCGTACTCAATCTCT-1",1
"CTCGTACTCGTTGCCT-1",2
"CTCGTACTCTGGTTCC-1",0
"CTCGTCAAGATGCCTT-1",1
"CTCGTCAAGTGGAGTC-1",3
"CTCGTCAAGTTTGCGT-1",0
"CTCGTCACAACGATCT-1",3
"CTCGTCACACATCCGG-1",0
"CTCGTCACAGTCGTGC-1",3
"CTCGTCAGTCTCATCC-1",1
"CTCGTCAGTCTCCATC-1",1
"CTCGTCAGTGAGCGAT-1",1
"CTCGTCAGTTGACGTT-1",0
"CTCGTCAGTTGGGACA-1",1
"CTCGTCATCACTTATC-1",0
"CTCGTCATCGACCAGC-1",2
"CTCGTCATCTGCTGTC-1",1
"CTCTAATCACCAGGTC-1",2
"CTCTAATCACGGTGTC-1",0
"CTCTAATCAGGAATCG-1",1
"CTCTAATGTCCAAGTT-1",1
"CTCTACGAGCTAAACA-1",0
"CTCTACGAGCTAGTGG-1",1
"CTCTACGAGTACGCCC-1",0
"CTCTACGAGTAGGCCA-1",2
"CTCTACGCAATAACGA-1",0
"CTCTACGCAGACGCTC-1",1
"CTCTACGCATGACATC-1",1
"CTCTACGTCATGTCTT-1",0
"CTCTACGTCCCTAATT-1",2
"CTCTACGTCGGCATCG-1",2
"CTCTACGTCGGTCTAA-1",1
"CTCTGGTAGCAGCGTA-1",0
"CTCTGGTAGCGTTCCG-1",0
"CTCTGGTAGGCATGGT-1",1
"CTCTGGTAGTGCCAGA-1",1
"CTCTGGTCACAAGCCC-1",1
"CTCTGGTCAGCCTTTC-1",2
"CTCTGGTTCATCTGTT-1",2
"CTCTGGTTCTTGTACT-1",1
"CTGAAACAGATCCCGC-1",2
"CTGAAACAGGTGCTAG-1",2
"CTGAAACAGTCCGTAT-1",1
"CTGAAACAGTGTCTCA-1",3
"CTGAAACGTCATCGGC-1",2
"CTGAAACGTTAAAGAC-1",1
"CTGAAACTCATACGGT-1",3
"CTGAAGTAGTGCGTGA-1",5
"CTGAAGTCAGCTGTAT-1",1
"CTGAAGTGTTAAAGTG-1",3
"CTGAAGTTCAAGCCTA-1",0
"CTGAAGTTCGGATGTT-1",3
"CTGATAGAGGGAGTAA-1",1
"CTGATAGAGTGCAAGC-1",2
"CTGATAGCAGCCTTTC-1",3
"CTGATAGCATCCCATC-1",1
"CTGATAGCATCTCCCA-1",0
"CTGATAGGTCAAAGCG-1",1
"CTGATAGGTCGCTTTC-1",2
"CTGATAGGTTACGACT-1",1
"CTGATAGTCGCGATCG-1",0
"CTGATAGTCTTATCTG-1",0
"CTGATCCAGGCATTGG-1",0
"CTGATCCAGGTGACCA-1",2
"CTGATCCCACAGAGGT-1",2
"CTGATCCCAGGCTGAA-1",1
"CTGATCCGTGCCTGGT-1",1
"CTGATCCGTTATCCGA-1",2
"CTGATCCGTTGTGGCC-1",0
"CTGCCTAAGGGTCTCC-1",6
"CTGCCTAAGGTGATAT-1",1
"CTGCCTAAGTACGCGA-1",3
"CTGCCTAAGTGCGTGA-1",1
"CTGCCTACATCCCACT-1",2
"CTGCCTATCAATAAGG-1",0
"CTGCGGAAGAAGGACA-1",3
"CTGCGGAAGAGCTGGT-1",0
"CTGCGGAAGATGAGAG-1",1
"CTGCGGACAGGTCGTC-1",0
"CTGCGGACATGTCTCC-1",2
"CTGCGGAGTCACTTCC-1",1
"CTGCGGAGTCGTGGCT-1",1
"CTGCGGAGTTCTGTTT-1",1
"CTGCGGAGTTGGACCC-1",2
"CTGCGGATCGCCTGTT-1",2
"CTGCGGATCTTACCGC-1",0
"CTGCTGTAGGGTGTTG-1",0
"CTGCTGTAGTACCGGA-1",1
"CTGCTGTAGTGGAGAA-1",1
"CTGCTGTCACATCTTT-1",0
"CTGCTGTGTTAAAGAC-1",1
"CTGCTGTTCTCCAACC-1",1
"CTGCTGTTCTTACCGC-1",2
"CTGGTCTAGCGTTGCC-1",0
"CTGGTCTAGGACAGCT-1",1
"CTGGTCTAGGGCTTGA-1",1
"CTGGTCTAGTCGAGTG-1",3
"CTGGTCTCAAAGGAAG-1",0
"CTGGTCTCACCAGTTA-1",3
"CTGGTCTGTACCTACA-1",3
"CTGGTCTGTACGCTGC-1",2
"CTGGTCTGTCCGCTGA-1",1
"CTGGTCTGTCCGTTAA-1",0
"CTGGTCTGTTCATGGT-1",2
"CTGGTCTGTTCGTGAT-1",0
"CTGGTCTTCAACGGGA-1",1
"CTGGTCTTCACTTACT-1",4
"CTGGTCTTCTTACCTA-1",0
"CTGTGCTGTATATCCG-1",0
"CTGTGCTGTCATCCCT-1",1
"CTGTGCTGTCCCTACT-1",2
"CTGTGCTGTCGGCACT-1",0
"CTGTGCTTCCATTCTA-1",0
"CTGTGCTTCCGTACAA-1",1
"CTGTTTAAGAAACCGC-1",1
"CTGTTTAAGATCGATA-1",0
"CTGTTTAAGGAGTTGC-1",0
"CTGTTTAGTCAAAGCG-1",0
"CTGTTTATCAGCCTAA-1",0
"CTGTTTATCATTTGGG-1",5
"CTGTTTATCTCCAGGG-1",1
"CTGTTTATCTCTTGAT-1",1
"CTGTTTATCTTCTGGC-1",0
"CTTAACTAGCCAGTAG-1",0
"CTTAACTAGGCTCTTA-1",1
"CTTAACTAGGTGCACA-1",1
"CTTAACTAGTCTCGGC-1",0
"CTTACCGAGCGCTTAT-1",1
"CTTACCGAGGCTACGA-1",3
"CTTACCGCAGATCTGT-1",1
"CTTACCGCAGTCAGAG-1",1
"CTTACCGGTCCTGCTT-1",0
"CTTACCGGTCGCCATG-1",1
"CTTACCGGTCTACCTC-1",3
"CTTACCGTCGGACAAG-1",1
"CTTAGGAAGCCCAACC-1",0
"CTTAGGACACGACGAA-1",0
"CTTAGGAGTTATGTGC-1",0
"CTTAGGATCCCATTTA-1",4
"CTTAGGATCTTTACAC-1",1
"CTTCTCTAGAACTCGG-1",1
"CTTCTCTAGAGTGAGA-1",1
"CTTCTCTAGCAGGCTA-1",1
"CTTCTCTAGTTAACGA-1",0
"CTTCTCTCAAAGGTGC-1",1
"CTTCTCTGTAACGACG-1",2
"CTTCTCTGTGCATCTA-1",1
"CTTCTCTTCGAGCCCA-1",2
"CTTGGCTAGCGATATA-1",0
"CTTGGCTAGTACGTTC-1",2
"CTTGGCTCATTACCTT-1",3
"CTTGGCTGTCTCCATC-1",1
"CTTGGCTTCCCTAATT-1",1
"CTTGGCTTCGCGTAGC-1",0
"CTTGGCTTCTCGTTTA-1",2
"CTTTGCGAGCAAATCA-1",3
"CTTTGCGAGCGTTCCG-1",1
"CTTTGCGAGTATCTCG-1",1
"CTTTGCGCAATTCCTT-1",1
"CTTTGCGCACTTAAGC-1",1
"CTTTGCGCAGACGCAA-1",0
"CTTTGCGGTAGAGGAA-1",1
"CTTTGCGTCCAGGGCT-1",0
"GAAACTCAGAGACGAA-1",2
"GAAACTCAGAGGTTAT-1",3
"GAAACTCAGCAGCCTC-1",1
"GAAACTCAGCCCAGCT-1",2
"GAAACTCAGCTAAACA-1",0
"GAAACTCAGTGCTGCC-1",1
"GAAACTCCAAGCCCAC-1",0
"GAAACTCCACATGACT-1",3
"GAAACTCCAGACACTT-1",1
"GAAACTCCATGGATGG-1",1
"GAAACTCGTACTCGCG-1",1
"GAAACTCGTAGCGATG-1",0
"GAAACTCGTGTGAAAT-1",0
"GAAACTCGTTTGTGTG-1",1
"GAAATGAAGACTAGGC-1",0
"GAAATGAAGCCAGTTT-1",1
"GAAATGAAGCTAGTCT-1",1
"GAAATGAAGTACGTAA-1",2
"GAAATGATCATGCTCC-1",3
"GAAATGATCCTCGCAT-1",4
"GAACATCAGATGGCGT-1",0
"GAACATCCAACAACCT-1",1
"GAACATCCACATCTTT-1",0
"GAACATCCACCTATCC-1",2
"GAACATCCACGGACAA-1",0
"GAACATCCATGCTAGT-1",2
"GAACATCGTACGACCC-1",0
"GAACATCGTGGACGAT-1",2
"GAACATCGTTCCCGAG-1",0
"GAACATCTCCAAGTAC-1",0
"GAACATCTCGATCCCT-1",1
"GAACATCTCTCCAACC-1",3
"GAACCTAAGAACTGTA-1",1
"GAACCTAAGAGCAATT-1",2
"GAACCTAAGCCAGTAG-1",2
"GAACCTACAAGGACAC-1",0
"GAACCTACAGACACTT-1",1
"GAACCTAGTACCAGTT-1",0
"GAACCTAGTGTCAATC-1",4
"GAACCTATCACGATGT-1",1
"GAACGGAAGACGCAAC-1",1
"GAACGGAAGTAATCCC-1",0
"GAACGGAAGTCAATAG-1",1
"GAACGGAAGTGGACGT-1",1
"GAACGGACACAGCGTC-1",1
"GAACGGACACCTCGTT-1",3
"GAACGGACACTTAACG-1",2
"GAACGGAGTAGCGTAG-1",0
"GAACGGAGTCAGAGGT-1",1
"GAACGGAGTGGCGAAT-1",3
"GAACGGATCACTCCTG-1",3
"GAACGGATCCACGAAT-1",2
"GAACGGATCGTAGGAG-1",3
"GAACGGATCTGTCAAG-1",1
"GAAGCAGAGACTAAGT-1",2
"GAAGCAGAGAGACGAA-1",2
"GAAGCAGAGCCACGCT-1",1
"GAAGCAGAGTTCGCGC-1",1
"GAAGCAGCAATCCGAT-1",2
"GAAGCAGCACTCGACG-1",1
"GAAGCAGCAGATCTGT-1",1
"GAAGCAGCAGATGAGC-1",1
"GAAGCAGCATGAACCT-1",2
"GAAGCAGCATGGAATA-1",0
"GAAGCAGGTAACGCGA-1",1
"GAAGCAGGTCATACTG-1",1
"GAAGCAGTCCTAGTGA-1",2
"GAAGCAGTCTTATCTG-1",2
"GAATAAGCAAGGTGTG-1",0
"GAATAAGCAGACAAGC-1",1
"GAATAAGCATGCAACT-1",0
"GAATAAGGTCCGTTAA-1",2
"GAATAAGGTGAGTGAC-1",0
"GAATAAGGTTCCCTTG-1",3
"GAATAAGTCGTTTAGG-1",1
"GAATGAAAGAGTCTGG-1",5
"GAATGAAAGCTTATCG-1",0
"GAATGAAAGGCATGTG-1",0
"GAATGAACAAACGCGA-1",1
"GAATGAACAGTGAGTG-1",2
"GAATGAACATCATCCC-1",0
"GAATGAAGTCAACATC-1",4
"GAATGAAGTCTCACCT-1",0
"GAATGAAGTGGCAAAC-1",3
"GAATGAAGTTGCGTTA-1",1
"GAATGAATCAGTTAGC-1",0
"GAATGAATCCTGCCAT-1",0
"GACACGCAGACGCACA-1",1
"GACACGCAGAGTAATC-1",0
"GACACGCAGCCAACAG-1",1
"GACACGCAGGAGTTTA-1",1
"GACACGCAGGGCATGT-1",0
"GACACGCAGGTGCACA-1",1
"GACACGCAGTCCAGGA-1",0
"GACACGCAGTGGGATC-1",1
"GACACGCAGTGGGTTG-1",0
"GACACGCCAAGCGTAG-1",1
"GACACGCCAAGGACAC-1",2
"GACACGCCAGACGCTC-1",1
"GACACGCCATCCTTGC-1",2
"GACACGCGTTCACGGC-1",0
"GACACGCTCATGTAGC-1",2
"GACAGAGAGTACGATA-1",0
"GACAGAGCAACGATCT-1",1
"GACAGAGCAAGTCTAC-1",1
"GACAGAGCAGCTCCGA-1",1
"GACAGAGCAGCTGGCT-1",3
"GACAGAGGTAGAAAGG-1",4
"GACAGAGTCAAACAAG-1",3
"GACAGAGTCAGAGACG-1",0
"GACAGAGTCCTTCAAT-1",1
"GACAGAGTCCTTGCCA-1",3
"GACAGAGTCTTCATGT-1",4
"GACCAATAGAAGGGTA-1",0
"GACCAATAGCTACCGC-1",1
"GACCAATAGCTACCTA-1",2
"GACCAATCAGGTGCCT-1",0
"GACCAATCATGCGCAC-1",2
"GACCAATGTACAGTTC-1",0
"GACCAATGTCGCTTCT-1",2
"GACCAATTCCGATATG-1",0
"GACCAATTCGAATGGG-1",0
"GACCAATTCGTCACGG-1",1
"GACCTGGCATCACAAC-1",1
"GACCTGGCATGTCTCC-1",3
"GACCTGGCATTGGCGC-1",3
"GACCTGGGTAAAGGAG-1",0
"GACCTGGGTCCAGTTA-1",2
"GACCTGGGTGCAGTAG-1",2
"GACCTGGTCATAGCAC-1",1
"GACCTGGTCCTTGCCA-1",3
"GACCTGGTCGCATGAT-1",1
"GACCTGGTCGTCACGG-1",0
"GACGCGTAGTGGTAAT-1",0
"GACGCGTAGTTGTAGA-1",0
"GACGCGTGTAAAGGAG-1",3
"GACGCGTGTGTGAAAT-1",4
"GACGCGTGTTAAGACA-1",2
"GACGCGTTCAAACCGT-1",0
"GACGCGTTCCAAATGC-1",2
"GACGCGTTCCGCGGTA-1",0
"GACGCGTTCCTACAGA-1",4
"GACGCGTTCGACGGAA-1",0
"GACGCGTTCTCCGGTT-1",0
"GACGGCTAGAAGATTC-1",2
"GACGGCTAGAGCTGGT-1",0
"GACGGCTCAAGGTTTC-1",1
"GACGGCTCACCGCTAG-1",0
"GACGGCTCATGAACCT-1",0
"GACGGCTCATGCAACT-1",1
"GACGGCTGTGTGTGCC-1",1
"GACGGCTGTTATGTGC-1",1
"GACGGCTGTTTGGCGC-1",0
"GACGGCTTCTATCGCC-1",2
"GACGTGCAGGCAAAGA-1",3
"GACGTGCAGGGTGTGT-1",2
"GACGTGCAGGTGTTAA-1",2
"GACGTGCCAGGTCGTC-1",0
"GACGTGCGTAACGTTC-1",0
"GACGTGCTCACCTCGT-1",0
"GACGTTAAGCTACCGC-1",2
"GACGTTAAGGCAAAGA-1",2
"GACGTTAAGTCAAGCG-1",0
"GACGTTACAAGCCATT-1",0
"GACGTTACAAGGTTTC-1",0
"GACGTTACAGACACTT-1",3
"GACGTTAGTATCTGCA-1",1
"GACGTTAGTTTGACAC-1",0
"GACGTTAGTTTGACTG-1",1
"GACGTTATCACAGGCC-1",1
"GACGTTATCATTGCGA-1",0
"GACGTTATCCCGGATG-1",1
"GACGTTATCCGAAGAG-1",1
"GACGTTATCGCGTTTC-1",0
"GACGTTATCTGTCCGT-1",3
"GACTAACAGACAGAGA-1",3
"GACTAACAGTGGAGAA-1",1
"GACTAACCAAATCCGT-1",0
"GACTAACGTCTAGTCA-1",1
"GACTAACGTGCAACTT-1",0
"GACTAACGTTCAGACT-1",7
"GACTAACTCCGCGCAA-1",1
"GACTAACTCCTTTCTC-1",1
"GACTAACTCTTGCCGT-1",1
"GACTAACTCTTTACAC-1",1
"GACTACAAGATATGGT-1",2
"GACTACACAAATCCGT-1",2
"GACTACAGTGCTGTAT-1",0
"GACTACATCAGCCTAA-1",0
"GACTACATCAGGTAAA-1",3
"GACTACATCTGCAGTA-1",2
"GACTGCGAGCGTAGTG-1",0
"GACTGCGAGTTGTAGA-1",1
"GACTGCGCACTTAACG-1",0
"GACTGCGCATGTTCCC-1",0
"GACTGCGGTACGCACC-1",2
"GACTGCGGTTCTCATT-1",0
"GACTGCGTCAACACAC-1",1
"GACTGCGTCACGACTA-1",1
"GACTGCGTCGCCCTTA-1",1
"GACTGCGTCTCAAACG-1",2
"GAGCAGAGTAGGGTAC-1",2
"GAGCAGAGTCAGATAA-1",1
"GAGCAGAGTCATATGC-1",0
"GAGCAGAGTGAGCGAT-1",1
"GAGCAGAGTGTAACGG-1",2
"GAGCAGAGTGTGACCC-1",1
"GAGCAGAGTTCGGGCT-1",3
"GAGCAGAGTTTAAGCC-1",0
"GAGCAGAGTTTGCATG-1",5
"GAGGTGAAGCAACGGT-1",2
"GAGGTGAAGGCTCTTA-1",0
"GAGGTGAAGTGGTAGC-1",2
"GAGGTGAAGTTGTAGA-1",1
"GAGGTGACACTGTCGG-1",0
"GAGGTGACATCCTTGC-1",0
"GAGGTGACATGCATGT-1",2
"GAGGTGAGTACCTACA-1",0
"GAGGTGAGTCATTAGC-1",1
"GAGGTGAGTTCCTCCA-1",2
"GAGGTGATCATCGCTC-1",4
"GAGGTGATCTAGAGTC-1",0
"GAGGTGATCTCTAGGA-1",4
"GAGGTGATCTGCTGTC-1",1
"GAGGTGATCTGGGCCA-1",0
"GAGTCCGAGGACAGAA-1",3
"GAGTCCGAGGCATGTG-1",0
"GAGTCCGAGGCGTACA-1",1
"GAGTCCGCAAACCCAT-1",1
"GAGTCCGGTCAAGCGA-1",0
"GAGTCCGGTGACCAAG-1",0
"GAGTCCGGTGACTCAT-1",1
"GAGTCCGGTGTGACCC-1",1
"GAGTCCGGTTCGGGCT-1",1
"GAGTCCGGTTTGCATG-1",0
"GAGTCCGTCGGCGCAT-1",1
"GAGTCCGTCTGATTCT-1",0
"GATCAGTAGATGTCGG-1",0
"GATCAGTAGTGGTAGC-1",0
"GATCAGTGTATATGAG-1",2
"GATCAGTGTCTGCGGT-1",1
"GATCAGTGTTATGCGT-1",2
"GATCAGTGTTGTACAC-1",1
"GATCAGTTCCCGACTT-1",2
"GATCGATAGAATGTTG-1",2
"GATCGATAGAGCTGCA-1",1
"GATCGATAGCATGGCA-1",0
"GATCGATCAAGCGAGT-1",1
"GATCGATCAAGCGTAG-1",0
"GATCGATGTCAACATC-1",2
"GATCGATGTTGCCTCT-1",0
"GATCGATTCCGCATCT-1",3
"GATCGCGAGATAGTCA-1",1
"GATCGCGAGCCTTGAT-1",2
"GATCGCGAGGAGCGTT-1",2
"GATCGCGCAGGTCGTC-1",3
"GATCGCGGTACAGCAG-1",1
"GATCGCGGTGAGTATA-1",1
"GATCGCGGTTGTCGCG-1",1
"GATCGCGTCACTCCTG-1",1
"GATCGTAAGACATAAC-1",3
"GATCGTAAGCTCAACT-1",2
"GATCGTACATAACCTG-1",0
"GATCGTAGTGGCTCCA-1",1
"GATCGTATCATATCGG-1",0
"GATCGTATCATGTCCC-1",0
"GATCGTATCTTACCGC-1",0
"GATCTAGAGCGTCTAT-1",0
"GATCTAGAGTGGAGAA-1",2
"GATCTAGCAACACCTA-1",0
"GATCTAGCAAGGGTCA-1",1
"GATCTAGGTCTAAAGA-1",2
"GATCTAGGTCTCACCT-1",0
"GATCTAGGTCTCTTTA-1",0
"GATCTAGTCACATAGC-1",0
"GATCTAGTCTAAGCCA-1",0
"GATGAAAAGAGTAATC-1",1
"GATGAAAAGCTCCCAG-1",4
"GATGAAACACGGTAGA-1",1
"GATGAAACAGCTGTAT-1",0
"GATGAAAGTGGGTATG-1",4
"GATGAAATCACCCTCA-1",0
"GATGAAATCACTCCTG-1",0
"GATGAAATCAGCAACT-1",0
"GATGAAATCGAGAGCA-1",0
"GATGAGGAGATCCCGC-1",1
"GATGAGGAGTTCGATC-1",2
"GATGAGGCACCAGTTA-1",1
"GATGAGGGTATCACCA-1",1
"GATGAGGGTATTCGTG-1",1
"GATGAGGGTCGCGTGT-1",5
"GATGAGGGTGATGATA-1",2
"GATGAGGTCACAGGCC-1",2
"GATGAGGTCACATAGC-1",7
"GATGAGGTCCCTTGTG-1",1
"GATGAGGTCTGCTGTC-1",0
"GATGCTAAGACTAAGT-1",1
"GATGCTAAGGATGCGT-1",0
"GATGCTAAGGCTCTTA-1",2
"GATGCTAAGGGAACGG-1",1
"GATGCTAAGTATCTCG-1",1
"GATGCTAAGTCTCGGC-1",1
"GATGCTACATGTTGAC-1",0
"GATGCTACATTGCGGC-1",2
"GATGCTAGTCTCCATC-1",1
"GATGCTAGTGGAAAGA-1",0
"GATGCTAGTTAGGGTG-1",1
"GATGCTATCCTGTACC-1",0
"GATGCTATCGGCGCTA-1",0
"GATTCAGAGAAACCTA-1",2
"GATTCAGAGAGTGACC-1",1
"GATTCAGAGATTACCC-1",1
"GATTCAGAGGGTCGAT-1",2
"GATTCAGAGGTCGGAT-1",1
"GATTCAGAGTCAATAG-1",1
"GATTCAGCAAGTTGTC-1",1
"GATTCAGCAATTCCTT-1",3
"GATTCAGCAGGGTACA-1",1
"GATTCAGCATCGACGC-1",1
"GATTCAGCATTATCTC-1",3
"GATTCAGGTAAATACG-1",0
"GATTCAGTCAACTCTT-1",1
"GCAAACTAGATGTTAG-1",0
"GCAAACTAGTCATGCT-1",1
"GCAAACTAGTCTCAAC-1",2
"GCAAACTCACAGGTTT-1",0
"GCAAACTGTCAGATAA-1",2
"GCAAACTGTCTCCATC-1",1
"GCAAACTTCGTGGTCG-1",3
"GCAATCAAGGGATCTG-1",0
"GCAATCAAGTATCTCG-1",2
"GCAATCAAGTGGGTTG-1",0
"GCAATCACAGCTTAAC-1",0
"GCAATCACATGTCGAT-1",0
"GCAATCACATTCCTCG-1",0
"GCAATCAGTAGGAGTC-1",0
"GCAATCAGTATAATGG-1",2
"GCAATCAGTTCTCATT-1",2
"GCAATCAGTTCTGGTA-1",3
"GCACATAAGAGCTATA-1",3
"GCACATAAGATGTTAG-1",2
"GCACATAAGCCTTGAT-1",1
"GCACATAAGGAGTACC-1",1
"GCACATAAGTGAAGTT-1",1
"GCACATACACCACGTG-1",0
"GCACATACAGCTGTAT-1",0
"GCACATACAGGAACGT-1",1
"GCACATAGTCATCGGC-1",2
"GCACATAGTCCGAATT-1",0
"GCACATAGTCTCTTTA-1",2
"GCACATAGTGCGCTTG-1",0
"GCACATATCACCTCGT-1",1
"GCACATATCTGGTTCC-1",0
"GCACTCTCAAGACACG-1",1
"GCACTCTCAATCACAC-1",0
"GCACTCTCATTTCAGG-1",0
"GCACTCTGTAAACCTC-1",1
"GCACTCTGTACCAGTT-1",2
"GCACTCTGTAGAAAGG-1",2
"GCACTCTGTCGAACAG-1",0
"GCACTCTGTCTAGGTT-1",2
"GCACTCTTCAACTCTT-1",1
"GCACTCTTCCCTAATT-1",4
"GCACTCTTCTGCCCTA-1",0
"GCAGCCAAGCTGATAA-1",0
"GCAGCCACATGAGCGA-1",0
"GCAGCCAGTAATCGTC-1",2
"GCAGCCAGTGTCGCTG-1",4
"GCAGCCATCAGTTGAC-1",0
"GCAGCCATCCCAACGG-1",0
"GCAGCCATCCGTACAA-1",1
"GCAGTTAAGTCCATAC-1",4
"GCAGTTAAGTCCGTAT-1",2
"GCAGTTAAGTTAACGA-1",1
"GCAGTTAGTGGACGAT-1",2
"GCAGTTAGTTATTCTC-1",1
"GCAGTTATCGCGATCG-1",0
"GCATACAAGATCTGCT-1",0
"GCATACAAGCAACGGT-1",3
"GCATACACAACGCACC-1",1
"GCATACACAAGGACTG-1",5
"GCATACACAAGTCTGT-1",2
"GCATACACAGTCAGCC-1",3
"GCATACACATCCTAGA-1",1
"GCATACACATCGGAAG-1",1
"GCATACAGTCCGAACC-1",1
"GCATACAGTTCTGGTA-1",2
"GCATACATCCACGACG-1",0
"GCATGATAGAATGTTG-1",1
"GCATGATAGAGTAATC-1",2
"GCATGATAGCTGATAA-1",2
"GCATGATAGGACCACA-1",3
"GCATGATAGGCTAGCA-1",0
"GCATGATAGTCAAGCG-1",1
"GCATGATAGTGGAGAA-1",2
"GCATGATCACACCGAC-1",2
"GCATGATCACATTTCT-1",0
"GCATGATGTCCCTACT-1",1
"GCATGATGTTGCGCAC-1",1
"GCATGATTCGTGGACC-1",0
"GCATGCGAGCATGGCA-1",0
"GCATGCGAGTCCAGGA-1",2
"GCATGCGCACTGCCAG-1",1
"GCATGCGGTAAGGATT-1",0
"GCATGCGGTCCTCTTG-1",0
"GCATGCGGTGTGAAAT-1",0
"GCATGCGTCCGCGGTA-1",3
"GCATGTAAGAACTGTA-1",1
"GCATGTAAGACAGACC-1",0
"GCATGTAAGTACTTGC-1",0
"GCATGTAAGTGCAAGC-1",2
"GCATGTACAACACGCC-1",1
"GCATGTATCACGAAGG-1",0
"GCCAAATCAAACTGTC-1",2
"GCCAAATCAAGGGTCA-1",0
"GCCAAATCAAGTTCTG-1",1
"GCCAAATCAGCCACCA-1",1
"GCCAAATCATAACCTG-1",1
"GCCAAATGTATAAACG-1",2
"GCCAAATGTGTTTGGT-1",1
"GCCAAATGTTTCGCTC-1",3
"GCCAAATTCAGGTAAA-1",0
"GCCAAATTCCGAGCCA-1",2
"GCCAAATTCCGCGGTA-1",0
"GCCAAATTCGGCTACG-1",0
"GCCTCTAAGAGTACCG-1",2
"GCCTCTAAGCCATCGC-1",2
"GCCTCTAAGCCGCCTA-1",1
"GCCTCTAAGCGATAGC-1",3
"GCCTCTAAGCTGCAAG-1",3
"GCCTCTAAGCTTCGCG-1",1
"GCCTCTAAGTCACGCC-1",2
"GCCTCTACAAGACGTG-1",1
"GCCTCTACAGCTATTG-1",1
"GCCTCTAGTAAGGATT-1",1
"GCCTCTAGTGATGATA-1",0
"GCCTCTAGTTAAGGGC-1",0
"GCCTCTATCAGCGACC-1",0
"GCCTCTATCCGATATG-1",2
"GCCTCTATCGAATCCA-1",1
"GCCTCTATCGAGCCCA-1",2
"GCCTCTATCGCTGATA-1",2
"GCCTCTATCTTTAGGG-1",1
"GCGACCAAGAGGTTAT-1",0
"GCGACCACACTTACGA-1",1
"GCGACCAGTCAGGACA-1",0
"GCGACCAGTCTAGAGG-1",0
"GCGACCATCAACGGGA-1",2
"GCGACCATCCCGGATG-1",2
"GCGACCATCTACTCAT-1",3
"GCGAGAAAGGTTCCTA-1",0
"GCGAGAAAGTACGATA-1",4
"GCGAGAAAGTGTCTCA-1",3
"GCGAGAACAAGCCCAC-1",1
"GCGAGAACACTGAAGG-1",0
"GCGAGAAGTAGCGCTC-1",0
"GCGAGAAGTCCCTACT-1",0
"GCGAGAATCCTTTCGG-1",2
"GCGAGAATCGAGAGCA-1",1
"GCGAGAATCGCACTCT-1",3
"GCGCAACAGTCCTCCT-1",0
"GCGCAACAGTGTACGG-1",0
"GCGCAACCAAGTCTGT-1",0
"GCGCAACCAGCCACCA-1",0
"GCGCAACGTAGCGCTC-1",2
"GCGCAACGTCCCTTGT-1",1
"GCGCAACGTCCTAGCG-1",1
"GCGCAACGTCGACTAT-1",1
"GCGCAACGTCTAGAGG-1",0
"GCGCAACGTGCACGAA-1",0
"GCGCAACTCAATACCG-1",0
"GCGCAGTCACATCCAA-1",0
"GCGCAGTCATTACCTT-1",0
"GCGCAGTGTTAGGGTG-1",1
"GCGCAGTTCGATCCCT-1",0
"GCGCAGTTCGCGGATC-1",1
"GCGCCAAAGACATAAC-1",1
"GCGCCAAAGGACAGCT-1",0
"GCGCCAAAGGCCCTTG-1",0
"GCGCCAAAGGGCTTCC-1",0
"GCGCCAAAGGTACTCT-1",1
"GCGCCAACATAACCTG-1",1
"GCGCCAACATTGGGCC-1",1
"GCGCCAAGTACTTGAC-1",1
"GCGCCAAGTCGGCACT-1",0
"GCGCCAAGTGAAAGAG-1",2
"GCGCCAAGTTGTACAC-1",0
"GCGCCAATCCGTTGCT-1",2
"GCGCGATAGAAGGTTT-1",0
"GCGCGATAGCAGGTCA-1",1
"GCGCGATAGTGAATTG-1",1
"GCGCGATAGTTTGCGT-1",1
"GCGCGATCAGCTCGAC-1",1
"GCGCGATGTAAGTAGT-1",1
"GCGCGATGTATCACCA-1",1
"GCGCGATGTCACTTCC-1",0
"GCGCGATGTTACCAGT-1",2
"GCGCGATTCAGTTAGC-1",1
"GCGCGATTCGTTTAGG-1",1
"GCGGGTTAGAAACGAG-1",1
"GCGGGTTAGCTATGCT-1",2
"GCGGGTTAGTGTGAAT-1",2
"GCGGGTTCACGCGAAA-1",1
"GCGGGTTCAGGCAGTA-1",1
"GCGGGTTCAGTAACGG-1",1
"GCGGGTTGTGAGTATA-1",2
"GCGGGTTGTGGCGAAT-1",2
"GCGGGTTTCCAAAGTC-1",1
"GCGGGTTTCCTTTCTC-1",0
"GCGGGTTTCTCCAACC-1",2
"GCGGGTTTCTTGAGGT-1",0
"GCGGGTTTCTTGTATC-1",1
"GCTCCTACAAACTGTC-1",4
"GCTCCTACACCAGGTC-1",3
"GCTCCTACACCGATAT-1",0
"GCTCCTACAGGGTACA-1",1
"GCTCCTACATTAGCCA-1",3
"GCTCCTAGTCAGGACA-1",1
"GCTCCTAGTCCGTCAG-1",4
"GCTCCTATCAGCCTAA-1",1
"GCTCCTATCCCTAATT-1",1
"GCTCTGTAGAGGTAGA-1",1
"GCTCTGTAGCTGAACG-1",3
"GCTCTGTAGGAGTCTG-1",1
"GCTCTGTAGTGCTGCC-1",1
"GCTCTGTAGTGGACGT-1",0
"GCTCTGTTCACCTCGT-1",5
"GCTGCAGAGCGTGAGT-1",2
"GCTGCAGAGTCAAGCG-1",0
"GCTGCAGAGTCCCACG-1",0
"GCTGCAGCAATTGCTG-1",1
"GCTGCAGCATGCCCGA-1",1
"GCTGCAGCATGCCTAA-1",0
"GCTGCAGGTAAACCTC-1",1
"GCTGCAGGTACGAAAT-1",1
"GCTGCAGGTAGCGCAA-1",1
"GCTGCAGGTCACCCAG-1",2
"GCTGCAGGTCATGCCG-1",1
"GCTGCGAAGGAATGGA-1",4
"GCTGCGAGTCTAACGT-1",0
"GCTGCGAGTGTTTGGT-1",1
"GCTGCGATCTCCTATA-1",1
"GCTGCGATCTTGTTTG-1",0
"GCTGCTTAGAATTGTG-1",3
"GCTGCTTAGGCAATTA-1",0
"GCTGCTTCATCACGTA-1",0
"GCTGCTTCATCCAACA-1",2
"GCTGCTTCATGCCTAA-1",1
"GCTGCTTCATGGTCAT-1",0
"GCTGCTTGTAACGACG-1",1
"GCTGCTTGTAATCGTC-1",0
"GCTGCTTGTAGGGACT-1",0
"GCTGCTTGTGAAAGAG-1",0
"GCTGCTTTCCGGGTGT-1",1
"GCTGGGTAGACCCACC-1",0
"GCTGGGTAGCCACGCT-1",1
"GCTGGGTAGTCGCCGT-1",0
"GCTGGGTAGTCTCAAC-1",1
"GCTGGGTCACGGCTAC-1",2
"GCTGGGTCAGCCAATT-1",0
"GCTGGGTGTACAGTTC-1",2
"GCTGGGTGTACCGTTA-1",1
"GCTGGGTGTCGAGTTT-1",0
"GCTGGGTGTCTCCACT-1",0
"GCTGGGTGTGCCTGTG-1",0
"GCTGGGTTCAGCTTAG-1",0
"GCTGGGTTCCTTAATC-1",1
"GCTTCCAAGAAACCTA-1",0
"GCTTCCACACCACCAG-1",3
"GCTTCCACAGGTCGTC-1",0
"GCTTCCACAGTGAGTG-1",1
"GCTTCCAGTATAGGTA-1",0
"GCTTCCAGTTCAGCGC-1",0
"GCTTCCATCGTCCAGG-1",1
"GCTTGAAAGATGGCGT-1",0
"GCTTGAAAGCCGTCGT-1",0
"GCTTGAACAAACCTAC-1",3
"GCTTGAACACGGTGTC-1",1
"GCTTGAACATCGGAAG-1",0
"GCTTGAAGTGCGGTAA-1",1
"GCTTGAAGTTCTCATT-1",2
"GCTTGAATCAGGATCT-1",0
"GGAAAGCAGGCAGGTT-1",1
"GGAAAGCCAAACGCGA-1",0
"GGAAAGCCAAGTACCT-1",3
"GGAAAGCGTAAGCACG-1",3
"GGAAAGCGTCCTCCAT-1",1
"GGAAAGCGTCGCGTGT-1",1
"GGAAAGCGTGCTTCTC-1",2
"GGAAAGCTCCAGAGGA-1",0
"GGAACTTAGAGTAAGG-1",1
"GGAACTTCAATGTAAG-1",0
"GGAACTTCACAGGAGT-1",0
"GGAACTTCACCTCGTT-1",0
"GGAACTTGTCTCTTTA-1",3
"GGAACTTTCATTGCCC-1",1
"GGAACTTTCATTTGGG-1",0
"GGAACTTTCCGTCATC-1",1
"GGAACTTTCCTCAACC-1",1
"GGAACTTTCGGATGTT-1",1
"GGAATAAAGGTACTCT-1",4
"GGAATAAAGTGTCCAT-1",0
"GGAATAACAGCGTCCA-1",0
"GGAATAAGTCTGGTCG-1",1
"GGAATAAGTGCAGGTA-1",0
"GGAATAATCAGCACAT-1",4
"GGAATAATCTTTACGT-1",0
"GGACAAGAGGTACTCT-1",0
"GGACAAGCAACGATGG-1",0
"GGACAAGCAGTCGTGC-1",2
"GGACAAGCATGGGACA-1",1
"GGACAAGGTATAAACG-1",2
"GGACAAGGTATGAAAC-1",2
"GGACAAGGTCGGCATC-1",0
"GGACAAGGTTATGCGT-1",3
"GGACAAGTCTAACGGT-1",1
"GGACAGAAGCTAGTCT-1",2
"GGACAGAAGTACTTGC-1",0
"GGACAGACAACACGCC-1",1
"GGACAGACACAAGCCC-1",0
"GGACAGAGTAAGTGGC-1",1
"GGACAGAGTCTTTCAT-1",1
"GGACAGAGTGAGGGAG-1",1
"GGACAGAGTTCCACAA-1",0
"GGACAGATCAACGCTA-1",4
"GGACATTAGAGGGCTT-1",2
"GGACATTAGCCACGTC-1",1
"GGACATTCAAACGCGA-1",1
"GGACATTCAATGACCT-1",1
"GGACATTCACCAGCAC-1",1
"GGACATTGTTCTGGTA-1",1
"GGACATTTCCTCTAGC-1",0
"GGACGTCAGTACTTGC-1",2
"GGACGTCAGTGGTAAT-1",0
"GGACGTCCACAGTCGC-1",1
"GGACGTCGTGAGGGAG-1",0
"GGACGTCGTGGCGAAT-1",1
"GGACGTCGTTACGGAG-1",0
"GGACGTCGTTTAAGCC-1",1
"GGACGTCTCCACTCCA-1",3
"GGACGTCTCGCAAACT-1",2
"GGACGTCTCTCCAGGG-1",0
"GGACGTCTCTCGAGTA-1",0
"GGACGTCTCTGGTGTA-1",0
"GGACGTCTCTTCGAGA-1",0
"GGAGCAAAGAACTCGG-1",0
"GGAGCAAAGACTGTAA-1",2
"GGAGCAAAGCCGCCTA-1",1
"GGAGCAAAGCTAAACA-1",4
"GGAGCAAAGTACGCCC-1",1
"GGAGCAACAAGCTGTT-1",2
"GGAGCAACAATGGACG-1",1
"GGAGCAACAATTCCTT-1",0
"GGAGCAACATGCTGGC-1",2
"GGAGCAAGTGAGTATA-1",1
"GGAGCAAGTTACTGAC-1",1
"GGAGCAATCAAGATCC-1",1
"GGAGCAATCCCATTTA-1",2
"GGATGTTCAAACTGTC-1",2
"GGATGTTTCATCACCC-1",0
"GGATGTTTCATGCATG-1",0
"GGATGTTTCCTACAGA-1",1
"GGATGTTTCCTCTAGC-1",0
"GGATTACAGATCCCAT-1",0
"GGATTACAGCTTCGCG-1",2
"GGATTACAGGCTAGCA-1",5
"GGATTACAGTATCTCG-1",1
"GGATTACCAAGCGTAG-1",2
"GGATTACCACATCCGG-1",0
"GGATTACCAGCGTAAG-1",0
"GGATTACGTAATAGCA-1",1
"GGATTACGTACACCGC-1",0
"GGATTACGTCTCTTTA-1",0
"GGATTACGTTGAGGTG-1",2
"GGATTACTCGCGCCAA-1",0
"GGATTACTCGGCGCAT-1",0
"GGATTACTCTGCCCTA-1",1
"GGCAATTCAATCGGTT-1",2
"GGCAATTCACGGCGTT-1",0
"GGCAATTCATCACCCT-1",0
"GGCAATTGTCGATTGT-1",0
"GGCAATTTCACTTACT-1",2
"GGCAATTTCAGCACAT-1",0
"GGCAATTTCTCCGGTT-1",1
"GGCCGATAGTGTCTCA-1",2
"GGCCGATCACGGACAA-1",1
"GGCCGATGTAGGACAC-1",1
"GGCCGATGTCACTGGC-1",0
"GGCCGATGTCCCTACT-1",1
"GGCCGATTCACCGTAA-1",0
"GGCCGATTCCGCGCAA-1",0
"GGCGACTAGAGCTGGT-1",0
"GGCGACTAGGACCACA-1",1
"GGCGACTAGGTTACCT-1",2
"GGCGACTCAAAGCGGT-1",0
"GGCGACTCAAGAGTCG-1",0
"GGCGACTCACCAGGTC-1",1
"GGCGACTCATTGTGCA-1",0
"GGCGACTTCAGAAATG-1",3
"GGCGACTTCAGAGACG-1",1
"GGCGACTTCCAGATCA-1",2
"GGCGACTTCTCTAGGA-1",1
"GGCGTGTAGCTAGCCC-1",0
"GGCGTGTAGGGTATCG-1",0
"GGCGTGTCAGGTCCAC-1",1
"GGCGTGTCAGTATAAG-1",1
"GGCGTGTCATCGTCGG-1",2
"GGCGTGTCATGGAATA-1",1
"GGCGTGTGTCTCCCTA-1",0
"GGCGTGTTCTTGAGGT-1",1
"GGCTCGAAGCCGTCGT-1",1
"GGCTCGAAGGTAAACT-1",1
"GGCTCGACAAGAAGAG-1",1
"GGCTCGACAATAGCAA-1",2
"GGCTCGACATGGTCAT-1",1
"GGCTCGAGTATATCCG-1",2
"GGCTCGAGTTACGTCA-1",0
"GGCTCGAGTTAGGGTG-1",3
"GGCTCGATCTGCAAGT-1",2
"GGCTGGTAGAAGAAGC-1",1
"GGCTGGTAGACCCACC-1",0
"GGCTGGTCAAGGACAC-1",0
"GGCTGGTCACTGCCAG-1",2
"GGCTGGTCATTTCAGG-1",0
"GGCTGGTGTATTCTCT-1",0
"GGCTGGTGTCGCATCG-1",2
"GGCTGGTGTCTAGTGT-1",3
"GGCTGGTGTTATGCGT-1",1
"GGGAATGAGCGTTGCC-1",2
"GGGAATGAGTAGGTGC-1",0
"GGGAATGGTAAGGGAA-1",0
"GGGAATGTCAACGAAA-1",0
"GGGAATGTCCAGTATG-1",2
"GGGAATGTCCGGGTGT-1",1
"GGGACCTAGATGTAAC-1",0
"GGGACCTAGTCTTGCA-1",0
"GGGACCTCAATCAGAA-1",0
"GGGACCTCACTGAAGG-1",4
"GGGAGATAGTACGACG-1",2
"GGGAGATCAAAGTGCG-1",2
"GGGAGATCAAATCCGT-1",2
"GGGAGATCAAGGACTG-1",3
"GGGAGATCACGCGAAA-1",0
"GGGAGATGTAGCGCAA-1",2
"GGGAGATTCAACGGGA-1",0
"GGGAGATTCATCACCC-1",0
"GGGATGAAGTGACATA-1",2
"GGGATGACATCATCCC-1",1
"GGGATGAGTCACCCAG-1",2
"GGGATGAGTGGAAAGA-1",0
"GGGATGAGTTACGACT-1",1
"GGGATGAGTTGGTAAA-1",0
"GGGATGATCAGTTAGC-1",0
"GGGATGATCTATCCTA-1",2
"GGGATGATCTTTAGGG-1",0
"GGGCACTAGTCTCGGC-1",0
"GGGCACTCATCTCCCA-1",0
"GGGCACTTCACCTCGT-1",1
"GGGCACTTCTGAGGGA-1",2
"GGGCATCCAATGTAAG-1",2
"GGGCATCCAGTCTTCC-1",1
"GGGCATCGTGGCGAAT-1",0
"GGGCATCTCACAGTAC-1",1
"GGGCATCTCCCTTGTG-1",2
"GGGCATCTCCGGCACA-1",3
"GGGCATCTCTGTCCGT-1",0
"GGGCATCTCTTATCTG-1",0
"GGGTCTGAGAAGATTC-1",0
"GGGTCTGAGATCCCGC-1",2
"GGGTCTGAGCCAACAG-1",0
"GGGTCTGCACAGGCCT-1",0
"GGGTCTGCACCAGGTC-1",3
"GGGTCTGGTCTGGTCG-1",0
"GGGTCTGGTGATGATA-1",1
"GGGTCTGGTGTGACCC-1",0
"GGGTCTGTCAACTCTT-1",1
"GGGTCTGTCACTCCTG-1",2
"GGGTCTGTCCGTAGTA-1",1
"GGGTTGCAGACAGAGA-1",0
"GGGTTGCAGACCTTTG-1",1
"GGGTTGCAGATCGATA-1",2
"GGGTTGCAGGGTGTTG-1",2
"GGGTTGCAGGTGGGTT-1",2
"GGGTTGCCAATAACGA-1",0
"GGGTTGCCACGCCAGT-1",0
"GGGTTGCCATTAACCG-1",1
"GGGTTGCGTACATCCA-1",0
"GGGTTGCGTAGCGCAA-1",1
"GGGTTGCGTCCTCCAT-1",3
"GGGTTGCGTCGAGTTT-1",5
"GGGTTGCGTGAGTATA-1",0
"GGGTTGCGTGTGACCC-1",2
"GGGTTGCTCGTACCGG-1",0
"GGTATTGAGCACCGTC-1",1
"GGTATTGAGCTATGCT-1",1
"GGTATTGCACATCCAA-1",1
"GGTATTGCAGCTTCGG-1",3
"GGTATTGGTTCCGTCT-1",1
"GGTATTGTCAGAAATG-1",0
"GGTATTGTCCATTCTA-1",3
"GGTATTGTCGCCAGCA-1",2
"GGTGAAGAGACACGAC-1",0
"GGTGAAGAGATCCGAG-1",2
"GGTGAAGCAAGGTGTG-1",1
"GGTGAAGCACTCGACG-1",0
"GGTGAAGCAGTATGCT-1",3
"GGTGAAGGTATGAAAC-1",1
"GGTGAAGGTCAGAATA-1",1
"GGTGAAGGTGGTACAG-1",1
"GGTGAAGGTGTATGGG-1",1
"GGTGAAGGTGTCTGAT-1",2
"GGTGAAGGTGTGGTTT-1",0
"GGTGAAGGTGTGTGCC-1",2
"GGTGAAGTCACGATGT-1",2
"GGTGAAGTCACTCTTA-1",0
"GGTGAAGTCTGGCGTG-1",0
"GGTGCGTAGGTGATTA-1",0
"GGTGCGTAGTACGATA-1",2
"GGTGCGTCACTTAAGC-1",1
"GGTGCGTCAGCTGTAT-1",0
"GGTGCGTGTTCGTTGA-1",1
"GGTGCGTTCCGTACAA-1",1
"GGTGCGTTCTTGACGA-1",0
"GGTGTTAAGGGCTCTC-1",2
"GGTGTTAAGTAGCGGT-1",3
"GGTGTTAAGTGGGATC-1",0
"GGTGTTAAGTTATCGC-1",2
"GGTGTTACAAATCCGT-1",3
"GGTGTTACACGGATAG-1",0
"GGTGTTAGTAATCACC-1",0
"GGTGTTAGTAGCAAAT-1",3
"GGTGTTAGTGTATGGG-1",0
"GGTGTTAGTTGAACTC-1",2
"GGTGTTATCGGACAAG-1",1
"GGTGTTATCGGTGTTA-1",1
"GGTGTTATCTACTTAC-1",1
"GTAACGTAGGTGACCA-1",1
"GTAACGTCACAGGCCT-1",1
"GTAACGTGTACCATCA-1",1
"GTAACGTGTGAGTATA-1",1
"GTAACGTGTTACGGAG-1",1
"GTAACGTGTTAGGGTG-1",0
"GTAACGTTCGGTCCGA-1",1
"GTAACGTTCTCATTCA-1",1
"GTAACTGAGTGGGTTG-1",3
"GTAACTGCAATGGAAT-1",3
"GTAACTGCACAGGCCT-1",1
"GTAACTGCAGGATCGA-1",2
"GTAACTGCATCGGGTC-1",1
"GTAACTGGTATTACCG-1",0
"GTAACTGTCACGGTTA-1",0
"GTAACTGTCTACTATC-1",1
"GTACGTAAGGTGCTTT-1",0
"GTACGTACAGGAATGC-1",2
"GTACGTACATGGATGG-1",1
"GTACGTAGTGAGTGAC-1",3
"GTACGTAGTTGGTAAA-1",1
"GTACGTATCACCTCGT-1",1
"GTACGTATCATCGGAT-1",0
"GTACGTATCCACTGGG-1",0
"GTACTCCAGGCAGTCA-1",0
"GTACTCCCAATAGCGG-1",2
"GTACTCCCACAGGTTT-1",2
"GTACTCCTCACCTTAT-1",1
"GTACTCCTCATTGCCC-1",0
"GTACTCCTCCTTCAAT-1",3
"GTACTTTCAGTTAACC-1",3
"GTACTTTCATGTCGAT-1",0
"GTACTTTTCCGAAGAG-1",3
"GTAGGCCAGCAATCTC-1",1
"GTAGGCCCATTCGACA-1",1
"GTAGGCCGTAACGCGA-1",0
"GTAGGCCGTAAGGGCT-1",2
"GTAGGCCGTACGACCC-1",4
"GTAGGCCGTTCAGGCC-1",1
"GTAGGCCGTTGATTGC-1",2
"GTAGGCCTCAGCACAT-1",2
"GTAGTCAAGAATGTGT-1",1
"GTAGTCAAGATGCCTT-1",0
"GTAGTCAAGGACGAAA-1",1
"GTAGTCAAGTGAAGAG-1",0
"GTAGTCATCGTCACGG-1",3
"GTAGTCATCTGAAAGA-1",1
"GTATCTTAGAAACCAT-1",2
"GTATCTTAGGCTATCT-1",0
"GTATCTTAGTTGTCGT-1",0
"GTATCTTCACACCGCA-1",0
"GTATCTTCACGAAGCA-1",0
"GTATCTTGTTCGCTAA-1",0
"GTATCTTTCATGCTCC-1",1
"GTATCTTTCATGTAGC-1",0
"GTATTCTAGAAACCAT-1",1
"GTATTCTAGACAAAGG-1",1
"GTATTCTCAAAGTCAA-1",2
"GTATTCTCAACAACCT-1",3
"GTATTCTCAACTTGAC-1",0
"GTATTCTCAATAAGCA-1",2
"GTATTCTCAGGGTTAG-1",2
"GTATTCTCATACTACG-1",2
"GTATTCTCATGGTAGG-1",1
"GTATTCTGTAGTGAAT-1",0
"GTATTCTGTCTAGAGG-1",1
"GTCAAGTCATATGCTG-1",3
"GTCAAGTCATGGTTGT-1",0
"GTCAAGTGTCAGCTAT-1",0
"GTCAAGTGTTCCACTC-1",1
"GTCACAAAGCCGATTT-1",1
"GTCACAAAGTGGAGTC-1",2
"GTCACAACAGGTGGAT-1",1
"GTCACAAGTAAACGCG-1",3
"GTCACAATCAGGATCT-1",1
"GTCACAATCAGTTGAC-1",1
"GTCACAATCATGCATG-1",0
"GTCACGGAGATCACGG-1",2
"GTCACGGCATATACCG-1",2
"GTCACGGGTGAGTGAC-1",1
"GTCACGGGTGTGGCTC-1",0
"GTCACGGTCGAGAGCA-1",1
"GTCACGGTCTACCTGC-1",1
"GTCATTTAGAGACTAT-1",1
"GTCATTTCACGTGAGA-1",2
"GTCATTTGTAGAAGGA-1",1
"GTCATTTGTCAGATAA-1",3
"GTCATTTTCCAGAGGA-1",1
"GTCCTCAAGCCCAACC-1",0
"GTCCTCAAGTAGATGT-1",1
"GTCCTCAAGTGGGCTA-1",2
"GTCCTCACAATCACAC-1",0
"GTCCTCAGTGGAAAGA-1",0
"GTCCTCATCAAAGACA-1",0
"GTCCTCATCGTCCGTT-1",3
"GTCGGGTCACTGAAGG-1",0
"GTCGGGTCACTTCGAA-1",0
"GTCGGGTCATGAAGTA-1",0
"GTCGGGTGTCTCACCT-1",1
"GTCGGGTGTGTGACGA-1",0
"GTCGGGTGTGTGTGCC-1",1
"GTCGGGTGTTACGTCA-1",3
"GTCGGGTTCTGCTGTC-1",0
"GTCGGGTTCTGTGCAA-1",0
"GTCGTAAAGAGATGAG-1",3
"GTCGTAAAGCTGCAAG-1",0
"GTCGTAAAGGCGACAT-1",3
"GTCGTAACATCACGAT-1",0
"GTCGTAAGTATCACCA-1",0
"GTCGTAATCCAAGTAC-1",0
"GTCTCGTAGACCACGA-1",2
"GTCTCGTCAGGAACGT-1",2
"GTCTCGTGTGGTAACG-1",2
"GTCTCGTGTTTGGCGC-1",1
"GTCTCGTTCACCGGGT-1",3
"GTCTCGTTCAGTGCAT-1",0
"GTCTTCGAGACAAGCC-1",1
"GTCTTCGAGGAATGGA-1",0
"GTCTTCGAGTCAAGCG-1",0
"GTCTTCGCACATGGGA-1",1
"GTCTTCGCACCAGGTC-1",0
"GTCTTCGCAGACGCAA-1",3
"GTCTTCGCATAACCTG-1",1
"GTCTTCGCATCGATGT-1",0
"GTCTTCGGTCTAGTGT-1",1
"GTCTTCGTCTCGATGA-1",1
"GTGAAGGAGAGCTGGT-1",1
"GTGAAGGAGATCGGGT-1",2
"GTGAAGGAGCCAGTTT-1",5
"GTGAAGGAGTGTTGAA-1",0
"GTGAAGGCAAAGGCGT-1",2
"GTGAAGGCACTTAAGC-1",4
"GTGAAGGCAGATTGCT-1",1
"GTGAAGGGTATATGGA-1",2
"GTGAAGGGTCTCTCTG-1",3
"GTGAAGGTCTCCTATA-1",2
"GTGCAGCAGACATAAC-1",1
"GTGCAGCAGTGGTCCC-1",1
"GTGCAGCCACATCTTT-1",1
"GTGCAGCGTGAGTATA-1",0
"GTGCAGCTCTTAGAGC-1",0
"GTGCATAAGGCATGGT-1",2
"GTGCATAGTTTGTTGG-1",1
"GTGCATATCAGAGCTT-1",0
"GTGCATATCATCATTC-1",1
"GTGCATATCTGCGTAA-1",1
"GTGCGGTAGCAATCTC-1",0
"GTGCGGTAGGACAGAA-1",1
"GTGCGGTCAAAGGTGC-1",0
"GTGCGGTGTTCAGACT-1",1
"GTGCGGTGTTCTGTTT-1",1
"GTGCGGTTCATCTGCC-1",3
"GTGCGGTTCCAGGGCT-1",0
"GTGCGGTTCGGATGGA-1",0
"GTGCGGTTCTCGTTTA-1",0
"GTGCGGTTCTGCTGTC-1",4
"GTGCTTCAGCCAGTTT-1",0
"GTGCTTCAGGATTCGG-1",1
"GTGCTTCAGTACACCT-1",0
"GTGCTTCCACTTAACG-1",0
"GTGCTTCCAGCTATTG-1",0
"GTGCTTCGTAGAGTGC-1",0
"GTGCTTCTCACAATGC-1",2
"GTGCTTCTCACTTCAT-1",2
"GTGGGTCAGACCGGAT-1",2
"GTGGGTCAGACTGTAA-1",0
"GTGGGTCAGCCGTCGT-1",1
"GTGGGTCCACCAACCG-1",1
"GTGGGTCCACCACCAG-1",3
"GTGTGCGAGACCGGAT-1",1
"GTGTGCGAGACTTGAA-1",2
"GTGTGCGCAGGTCGTC-1",0
"GTGTGCGGTGAGCGAT-1",2
"GTGTGCGTCAGTCAGT-1",1
"GTGTGCGTCCCTTGTG-1",2
"GTGTGCGTCTAACTTC-1",1
"GTGTTAGAGCACGCCT-1",1
"GTGTTAGAGGACAGAA-1",1
"GTGTTAGAGGCATGGT-1",0
"GTGTTAGAGTGGAGAA-1",0
"GTGTTAGAGTTTGCGT-1",0
"GTGTTAGCAATGGAAT-1",1
"GTGTTAGCACCACCAG-1",4
"GTGTTAGGTGCCTGGT-1",0
"GTGTTAGGTGGAAAGA-1",3
"GTGTTAGGTTCCATGA-1",0
"GTGTTAGGTTGGGACA-1",0
"GTTAAGCAGAGCTGCA-1",0
"GTTAAGCAGATAGCAT-1",1
"GTTAAGCAGCTAACAA-1",3
"GTTAAGCAGGCTACGA-1",0
"GTTAAGCAGTGTACCT-1",1
"GTTAAGCAGTTTGCGT-1",0
"GTTAAGCCATTCACTT-1",0
"GTTAAGCGTACTCGCG-1",2
"GTTAAGCGTCTAGGTT-1",2
"GTTAAGCGTGGCAAAC-1",2
"GTTAAGCGTTGCTCCT-1",0
"GTTAAGCTCCTTTCGG-1",1
"GTTACAGAGAGCTATA-1",1
"GTTACAGAGTACGATA-1",1
"GTTACAGCAGACGCCT-1",2
"GTTACAGCATCGGTTA-1",2
"GTTACAGGTATGGTTC-1",0
"GTTACAGGTCGACTGC-1",2
"GTTACAGGTCTAGGTT-1",0
"GTTCATTAGCGATGAC-1",4
"GTTCATTCATATACGC-1",4
"GTTCATTCATTGGCGC-1",0
"GTTCATTGTGCACGAA-1",0
"GTTCATTGTGTTAAGA-1",1
"GTTCATTGTTCAGTAC-1",2
"GTTCGGGAGACGACGT-1",2
"GTTCGGGAGCTAAGAT-1",1
"GTTCGGGAGTGTCTCA-1",0
"GTTCGGGGTAGGGTAC-1",0
"GTTCGGGGTGCAGGTA-1",0
"GTTCGGGTCCACGCAG-1",0
"GTTCGGGTCTACTTAC-1",3
"GTTCTCGAGACCACGA-1",0
"GTTCTCGAGCGATGAC-1",0
"GTTCTCGAGGCCATAG-1",1
"GTTCTCGCATCGGACC-1",1
"GTTCTCGGTAAGGGAA-1",2
"GTTCTCGGTAGCGTAG-1",2
"GTTCTCGGTCCGTGAC-1",1
"GTTCTCGGTGTTAAGA-1",1
"GTTCTCGTCAACGCTA-1",1
"GTTCTCGTCCTGTACC-1",1
"GTTTCTACAAACCTAC-1",0
"GTTTCTACAAGAAAGG-1",3
"GTTTCTAGTGTTGGGA-1",4
"GTTTCTATCCCAACGG-1",2
"GTTTCTATCCGTAGTA-1",2
"GTTTCTATCGGCATCG-1",1
"TAAACCGGTACTTAGC-1",1
"TAAACCGTCACTCTTA-1",0
"TAAACCGTCAGGCGAA-1",1
"TAAACCGTCCGTTGTC-1",1
"TAAACCGTCTTCCTTC-1",3
"TAAGAGACAAGTTGTC-1",1
"TAAGAGAGTATATCCG-1",4
"TAAGAGATCAATCACG-1",1
"TAAGAGATCTAACGGT-1",2
"TAAGAGATCTTTCCTC-1",4
"TAAGCGTAGTGGACGT-1",3
"TAAGCGTAGTGTCTCA-1",1
"TAAGCGTCAGCTTCGG-1",2
"TAAGCGTCAGGTGGAT-1",1
"TAAGCGTGTCCTGCTT-1",1
"TAAGCGTGTGCCTGGT-1",1
"TAAGCGTGTTGTTTGG-1",0
"TAAGCGTTCCTCATTA-1",2
"TAAGCGTTCGGCGCAT-1",1
"TAAGCGTTCTCGCATC-1",1
"TAAGTGCAGGCTAGGT-1",1
"TAAGTGCAGTAGCGGT-1",0
"TAAGTGCCAACGCACC-1",0
"TAAGTGCCATACAGCT-1",1
"TAAGTGCGTAAACACA-1",1
"TAAGTGCGTCTCACCT-1",1
"TAAGTGCGTTCAGACT-1",2
"TAAGTGCTCACCCTCA-1",2
"TAAGTGCTCACTGGGC-1",0
"TAAGTGCTCTGGCGTG-1",1
"TACACGACACCCATTC-1",1
"TACACGAGTGATAAAC-1",0
"TACACGATCTGTCTCG-1",0
"TACAGTGAGATGCGAC-1",1
"TACAGTGAGCGTTGCC-1",0
"TACAGTGAGTGTACGG-1",0
"TACAGTGCAGGAATCG-1",2
"TACAGTGCAGGTGCCT-1",0
"TACAGTGGTACTCAAC-1",1
"TACAGTGGTTGGACCC-1",1
"TACCTATAGAGCTGGT-1",5
"TACCTATAGAGTTGGC-1",1
"TACCTATAGGCTCATT-1",0
"TACCTATAGTTAGCGG-1",2
"TACCTATCAAGCTGGA-1",1
"TACCTATGTAAATGAC-1",2
"TACCTATGTAGAGTGC-1",0
"TACCTATGTCACCTAA-1",0
"TACCTATGTGTTGAGG-1",0
"TACCTATGTTAAAGAC-1",0
"TACCTATTCTATGTGG-1",0
"TACCTATTCTTCCTTC-1",0
"TACCTTAAGAGGTTGC-1",2
"TACCTTAAGTCAAGCG-1",3
"TACCTTAAGTGGTCCC-1",2
"TACCTTACAACTGGCC-1",1
"TACCTTACAAGGGTCA-1",1
"TACCTTACACTCAGGC-1",1
"TACCTTACATCTACGA-1",1
"TACCTTAGTAGCGTCC-1",0
"TACCTTAGTCTCCACT-1",0
"TACGGATAGATGGCGT-1",1
"TACGGATAGGTACTCT-1",2
"TACGGATCAGGGATTG-1",0
"TACGGATCATCACCCT-1",1
"TACGGATGTCTAGCCG-1",0
"TACGGATTCGGTGTCG-1",3
"TACGGATTCTACTATC-1",0
"TACGGGCAGGATGCGT-1",0
"TACGGGCAGGGAACGG-1",2
"TACGGGCAGTATTGGA-1",0
"TACGGGCAGTCAAGCG-1",0
"TACGGGCCAAGAAGAG-1",1
"TACGGGCCACCAGATT-1",2
"TACGGGCCATCAGTAC-1",1
"TACGGGCGTAAGGGCT-1",2
"TACGGGCGTCTGATTG-1",0
"TACGGGCGTGATGTGG-1",1
"TACGGGCTCACCTTAT-1",2
"TACGGGCTCAGCTCTC-1",1
"TACGGGCTCCACGAAT-1",0
"TACGGGCTCCTATTCA-1",3
"TACGGGCTCGGTGTTA-1",1
"TACGGTAAGATATGGT-1",3
"TACGGTAAGCCGATTT-1",0
"TACGGTAAGTCATGCT-1",1
"TACGGTAAGTGCCATT-1",0
"TACGGTACACAGGCCT-1",2
"TACGGTACATTTCAGG-1",1
"TACGGTAGTATATCCG-1",1
"TACGGTAGTCACTTCC-1",1
"TACGGTAGTGCAGGTA-1",1
"TACGGTAGTGGGTATG-1",1
"TACGGTATCGCAGGCT-1",0
"TACGGTATCGGACAAG-1",1
"TACGGTATCGTTTATC-1",1
"TACTCATAGTCACGCC-1",5
"TACTCATCAATCTACG-1",0
"TACTCATCACGGTAGA-1",3
"TACTCATCACTTCTGC-1",1
"TACTCATCATCCGTGG-1",0
"TACTCATCATGTCGAT-1",1
"TACTCATGTACAGCAG-1",2
"TACTCATGTCTTCAAG-1",1
"TACTCATTCCTTTCTC-1",0
"TACTCGCAGGCGACAT-1",0
"TACTCGCGTCAGAAGC-1",0
"TACTCGCGTCTGATTG-1",1
"TACTCGCGTGTAACGG-1",0
"TACTCGCGTTGAGTTC-1",4
"TACTCGCTCAACGGGA-1",3
"TACTCGCTCCGAATGT-1",2
"TACTTACAGACTAGGC-1",1
"TACTTACAGCTGAACG-1",1
"TACTTACAGTACACCT-1",0
"TACTTACAGTACGCCC-1",0
"TACTTACAGTGATCGG-1",0
"TACTTACCAAGCCGTC-1",2
"TACTTACCACAGGTTT-1",1
"TACTTACTCGCGTTTC-1",1
"TACTTGTAGCGATATA-1",1
"TACTTGTAGTAATCCC-1",1
"TACTTGTCAAACAACA-1",0
"TACTTGTCATGCAACT-1",1
"TACTTGTGTAGCACGA-1",0
"TACTTGTGTATAAACG-1",1
"TACTTGTGTTCCACAA-1",1
"TACTTGTTCTGCAGTA-1",0
"TAGACCAAGAGACGAA-1",1
"TAGACCAAGCCTCGTG-1",0
"TAGACCAAGTCGATAA-1",0
"TAGACCACAACACCCG-1",0
"TAGACCAGTAGATTAG-1",0
"TAGACCAGTTCATGGT-1",2
"TAGACCATCACTTCAT-1",1
"TAGACCATCGTCACGG-1",2
"TAGACCATCTCCAGGG-1",3
"TAGAGCTAGAATTCCC-1",0
"TAGAGCTAGTATTGGA-1",1
"TAGAGCTCACTGAAGG-1",0
"TAGAGCTGTACTTGAC-1",0
"TAGAGCTGTAGGGACT-1",2
"TAGAGCTGTCTAAAGA-1",0
"TAGCCGGAGACTGGGT-1",0
"TAGCCGGAGTCCCACG-1",0
"TAGCCGGAGTGACATA-1",2
"TAGCCGGCAGCAGTTT-1",0
"TAGCCGGGTACAGTGG-1",1
"TAGCCGGGTACCATCA-1",0
"TAGCCGGGTCGCGAAA-1",3
"TAGCCGGTCACGACTA-1",1
"TAGCCGGTCCAGGGCT-1",1
"TAGGCATAGAACTGTA-1",1
"TAGGCATAGCTAGGCA-1",1
"TAGGCATAGTCGTACT-1",2
"TAGGCATAGTTTAGGA-1",1
"TAGGCATCAAGCCTAT-1",1
"TAGGCATCAGACGCAA-1",0
"TAGGCATGTACGAAAT-1",0
"TAGGCATGTCCAGTTA-1",1
"TAGGCATGTTCCACTC-1",0
"TAGGCATTCCCTAACC-1",1
"TAGGCATTCGCTAGCG-1",4
"TAGGCATTCGTAGATC-1",2
"TAGGCATTCTTCATGT-1",3
"TAGTGGTAGATCACGG-1",1
"TAGTGGTAGCTGTTCA-1",4
"TAGTGGTCAGTATAAG-1",1
"TAGTGGTGTAGCGTAG-1",1
"TAGTGGTTCAGCATGT-1",0
"TAGTGGTTCGGCGCAT-1",1
"TAGTGGTTCTCAAGTG-1",2
"TAGTGGTTCTGGGCCA-1",5
"TAGTGGTTCTTTAGTC-1",2
"TAGTTGGAGATAGGAG-1",1
"TAGTTGGCAGACGCAA-1",2
"TAGTTGGCATGCGCAC-1",1
"TAGTTGGGTATGGTTC-1",1
"TAGTTGGTCCGAATGT-1",2
"TAGTTGGTCTACTCAT-1",2
"TAGTTGGTCTCTAAGG-1",1
"TAGTTGGTCTGATACG-1",0
"TATCAGGAGAGTAAGG-1",2
"TATCAGGAGATCCGAG-1",1
"TATCAGGAGCAGATCG-1",1
"TATCAGGAGGTGCTTT-1",1
"TATCAGGCAACTTGAC-1",1
"TATCAGGCACGTTGGC-1",1
"TATCAGGGTCCGTTAA-1",2
"TATCAGGGTCTGCAAT-1",2
"TATCAGGGTTAAAGAC-1",3
"TATCAGGTCAAGATCC-1",2
"TATCAGGTCCACTCCA-1",2
"TATCAGGTCGTAGGTT-1",0
"TATCTCAAGAGTTGGC-1",1
"TATCTCAAGCCACCTG-1",2
"TATCTCAAGCGTAATA-1",0
"TATCTCAAGGCTAGCA-1",0
"TATCTCAAGTGGGCTA-1",3
"TATCTCACATGTCCTC-1",3
"TATCTCAGTAACGACG-1",1
"TATCTCAGTACCTACA-1",2
"TATCTCAGTACGACCC-1",3
"TATCTCAGTCAATGTC-1",2
"TATCTCATCAAGCCTA-1",2
"TATGCCCAGAAACCGC-1",1
"TATGCCCAGGTAGCTG-1",0
"TATGCCCCAATGGAAT-1",1
"TATGCCCCACTTAACG-1",2
"TATGCCCCATGTTCCC-1",0
"TATGCCCGTAGCCTCG-1",3
"TATGCCCGTATAGGGC-1",1
"TATGCCCGTATGAAAC-1",0
"TATGCCCGTCGCCATG-1",5
"TATGCCCGTGCCTTGG-1",2
"TATGCCCGTTAAGATG-1",1
"TATGCCCGTTGGTGGA-1",1
"TATGCCCGTTTAGGAA-1",0
"TATGCCCTCGTCTGCT-1",1
"TATTACCAGAGAGCTC-1",1
"TATTACCAGCAAATCA-1",1
"TATTACCAGCCCGAAA-1",4
"TATTACCAGTATCTCG-1",0
"TATTACCCAAAGTGCG-1",1
"TATTACCCAGACAAGC-1",2
"TATTACCCAGTCAGCC-1",0
"TATTACCCATAAAGGT-1",1
"TATTACCCATCTACGA-1",1
"TATTACCGTCCAGTAT-1",1
"TCAACGAAGCCGATTT-1",3
"TCAACGAAGCGATGAC-1",4
"TCAACGAAGGCATGTG-1",1
"TCAACGAAGTAGTGCG-1",2
"TCAACGACACCAGGCT-1",1
"TCAACGACATGCCTTC-1",3
"TCAACGAGTTACCAGT-1",1
"TCAACGAGTTCCATGA-1",1
"TCAACGAGTTCTGGTA-1",3
"TCAACGATCAGTCCCT-1",1
"TCAACGATCTGTGCAA-1",2
"TCAATCTAGATCCCGC-1",1
"TCAATCTCACAAGCCC-1",1
"TCAATCTCACAGCCCA-1",0
"TCAATCTCATGACGGA-1",2
"TCAATCTCATTTGCTT-1",0
"TCAATCTGTAGTGAAT-1",0
"TCAATCTGTTAGATGA-1",1
"TCAATCTTCAGATAAG-1",1
"TCAATCTTCATGTCCC-1",2
"TCACAAGAGACTGGGT-1",0
"TCACAAGAGAGAGCTC-1",2
"TCACAAGAGGCCCTCA-1",0
"TCACAAGAGGTGGGTT-1",3
"TCACAAGAGTAGATGT-1",1
"TCACAAGCAGTATGCT-1",1
"TCACAAGCATAACCTG-1",0
"TCACAAGCATGACATC-1",1
"TCACAAGGTCAGATAA-1",1
"TCACAAGGTGTGGTTT-1",0
"TCACAAGTCATCATTC-1",0
"TCACAAGTCATGCATG-1",1
"TCACGAAAGCTCCTTC-1",0
"TCACGAAAGGTGCTTT-1",0
"TCACGAAAGTCTCGGC-1",2
"TCACGAACACAAGACG-1",2
"TCACGAACACTGTCGG-1",3
"TCACGAAGTGGTCCGT-1",0
"TCACGAAGTTGGTGGA-1",0
"TCACGAATCATGCAAC-1",1
"TCACGAATCCCGACTT-1",3
"TCACGAATCCTCGCAT-1",2
"TCACGAATCGTCACGG-1",1
"TCAGATGAGGTGCACA-1",1
"TCAGATGGTCTTGTCC-1",2
"TCAGATGGTGCCTGCA-1",0
"TCAGATGGTGCTGTAT-1",4
"TCAGATGTCAGTTTGG-1",4
"TCAGATGTCGCATGAT-1",1
"TCAGATGTCTCCTATA-1",0
"TCAGCAAAGGAGTCTG-1",1
"TCAGCAAAGGCTCATT-1",1
"TCAGCAAAGTACGACG-1",0
"TCAGCAAAGTGGCACA-1",3
"TCAGCAACACGCATCG-1",0
"TCAGCAAGTACCGGCT-1",2
"TCAGCAATCAGCGATT-1",2
"TCAGCAATCGGAAACG-1",0
"TCAGCAATCTTCAACT-1",1
"TCAGCTCAGGTGTTAA-1",1
"TCAGCTCAGTATGACA-1",0
"TCAGCTCCAATCTGCA-1",1
"TCAGCTCCACGGTTTA-1",1
"TCAGCTCGTAATAGCA-1",5
"TCAGCTCGTCCGTCAG-1",2
"TCAGCTCGTTCACGGC-1",0
"TCAGCTCTCACGATGT-1",0
"TCAGCTCTCATGCATG-1",0
"TCAGCTCTCCTAAGTG-1",3
"TCAGCTCTCTCGTATT-1",0
"TCAGGATAGACAGAGA-1",1
"TCAGGATAGATATGGT-1",1
"TCAGGATCAAACGTGG-1",1
"TCAGGATCAAGTTCTG-1",1
"TCAGGATCACGGTGTC-1",1
"TCAGGATCACTGTGTA-1",1
"TCAGGATCAGCATACT-1",1
"TCAGGATCATCTGGTA-1",1
"TCAGGATGTAAGCACG-1",2
"TCAGGATGTGGCCCTA-1",0
"TCAGGATTCCGATATG-1",0
"TCAGGATTCTCGATGA-1",1
"TCAGGTAAGATGGCGT-1",0
"TCAGGTAAGTGTTTGC-1",2
"TCAGGTACACAAGTAA-1",1
"TCAGGTACACAGAGGT-1",1
"TCAGGTACAGCTGCTG-1",1
"TCAGGTAGTAAACGCG-1",3
"TCATTACAGAAACCAT-1",2
"TCATTACAGGAGTTGC-1",2
"TCATTACAGTTGCAGG-1",0
"TCATTACCACATCCAA-1",1
"TCATTACCAGTCAGCC-1",2
"TCATTACGTACGCACC-1",0
"TCATTACGTCTAGAGG-1",1
"TCATTACGTGAAGGCT-1",1
"TCATTACGTTCTGTTT-1",2
"TCATTACTCATCGATG-1",0
"TCATTTGAGCCAGTTT-1",0
"TCATTTGCACGTCTCT-1",2
"TCATTTGCAGTTAACC-1",2
"TCATTTGTCCAGAGGA-1",0
"TCATTTGTCCCTTGCA-1",3
"TCATTTGTCCGTCAAA-1",3
"TCATTTGTCGCTAGCG-1",1
"TCATTTGTCGTACGGC-1",3
"TCATTTGTCTCTGCTG-1",0
"TCCACACCAAAGAATC-1",2
"TCCACACCACGCCAGT-1",1
"TCCACACGTACAGCAG-1",0
"TCCACACGTAGCCTAT-1",1
"TCCACACGTCATCGGC-1",5
"TCCACACGTGACCAAG-1",0
"TCCACACGTGCGAAAC-1",0
"TCCACACTCAACACCA-1",0
"TCCACACTCCAGTATG-1",1
"TCCACACTCCCATTTA-1",0
"TCCACACTCGAACTGT-1",0
"TCCCGATAGAAGAAGC-1",0
"TCCCGATAGCACAGGT-1",0
"TCCCGATAGCCGGTAA-1",1
"TCCCGATCAAGGTTCT-1",3
"TCCCGATCAGCCAATT-1",0
"TCCCGATCATCCAACA-1",1
"TCCCGATGTAAGGATT-1",0
"TCCCGATGTCAATACC-1",0
"TCCCGATTCAGAAATG-1",0
"TCCCGATTCAGTCCCT-1",0
"TCCCGATTCATCTGTT-1",0
"TCCCGATTCCCTAATT-1",0
"TCCCGATTCTGGAGCC-1",1
"TCGAGGCAGCGATGAC-1",3
"TCGAGGCAGTGTTTGC-1",2
"TCGAGGCCAAAGAATC-1",0
"TCGAGGCCAAGTTCTG-1",4
"TCGAGGCCAGTAACGG-1",1
"TCGAGGCGTATATCCG-1",1
"TCGAGGCTCGCAAGCC-1",1
"TCGAGGCTCTTGAGAC-1",1
"TCGAGGCTCTTTCCTC-1",0
"TCGCGAGAGACAAAGG-1",0
"TCGCGAGAGTGAATTG-1",0
"TCGCGAGCAAGCGTAG-1",2
"TCGCGAGCACCGAATT-1",1
"TCGCGAGCAGTAAGAT-1",0
"TCGCGAGTCCACGAAT-1",1
"TCGCGAGTCTAGCACA-1",1
"TCGCGAGTCTCTAGGA-1",1
"TCGCGAGTCTTCATGT-1",1
"TCGCGTTAGTGGGCTA-1",3
"TCGCGTTCACAGGCCT-1",0
"TCGCGTTCATCACAAC-1",0
"TCGCGTTCATCTCGCT-1",0
"TCGCGTTGTTCACCTC-1",2
"TCGCGTTTCAAGATCC-1",2
"TCGCGTTTCAGGTAAA-1",3
"TCGCGTTTCATTCACT-1",2
"TCGCGTTTCCTGTACC-1",0
"TCGCGTTTCGCCCTTA-1",1
"TCGGGACCACACATGT-1",0
"TCGGGACTCCTTGCCA-1",2
"TCGGGACTCTGCGGCA-1",1
"TCGGGACTCTTGTCAT-1",0
"TCGGTAAAGACAGGCT-1",2
"TCGGTAAAGCTCAACT-1",2
"TCGGTAACAAGCTGAG-1",0
"TCGGTAACAGGAATGC-1",3
"TCGGTAAGTATATGGA-1",0
"TCGGTAAGTCTAGTCA-1",1
"TCGGTAATCCCGGATG-1",4
"TCGTACCAGCAGGCTA-1",1
"TCGTACCAGTTTCCTT-1",3
"TCGTACCGTTTGCATG-1",0
"TCGTACCTCGGGAGTA-1",0
"TCGTAGAAGCTAACTC-1",0
"TCGTAGAAGGCGACAT-1",1
"TCGTAGAAGGGAACGG-1",2
"TCGTAGAAGTCCATAC-1",1
"TCGTAGACAATCCAAC-1",1
"TCGTAGACACTCAGGC-1",0
"TCGTAGAGTATGAATG-1",0
"TCGTAGAGTGAGCGAT-1",1
"TCGTAGAGTGTGTGCC-1",1
"TCGTAGAGTTCAACCA-1",0
"TCGTAGAGTTCCATGA-1",3
"TCGTAGATCCAAGCCG-1",1
"TCGTAGATCTTAGCCC-1",2
"TCTATTGAGCGATTCT-1",1
"TCTATTGAGTGCCATT-1",0
"TCTATTGCACATCTTT-1",1
"TCTATTGGTAAGTGTA-1",1
"TCTATTGGTCCAACTA-1",4
"TCTATTGGTCTGCCAG-1",1
"TCTATTGGTTGCTCCT-1",1
"TCTATTGTCGGCGCTA-1",0
"TCTCATAAGCTAAACA-1",2
"TCTCATAAGCTAGTCT-1",0
"TCTCATAAGTGCCATT-1",1
"TCTCATAGTACCGGCT-1",3
"TCTCATAGTGTAAGTA-1",2
"TCTCATATCAAGCCTA-1",0
"TCTCATATCACCTTAT-1",1
"TCTCATATCCTGTACC-1",3
"TCTCTAAAGACCGGAT-1",0
"TCTCTAAAGGGTGTTG-1",1
"TCTCTAACAGCCTATA-1",0
"TCTCTAAGTCCAGTAT-1",3
"TCTCTAAGTCCATGAT-1",0
"TCTCTAAGTCTCATCC-1",2
"TCTCTAAGTGGAAAGA-1",2
"TCTCTAATCAAACCAC-1",2
"TCTCTAATCAACGCTA-1",0
"TCTCTAATCACAGGCC-1",0
"TCTCTAATCACATACG-1",1
"TCTCTAATCCGTAGGC-1",1
"TCTCTAATCGTATCAG-1",2
"TCTGAGACAAACCTAC-1",2
"TCTGAGACACGGATAG-1",0
"TCTGAGACAGAGTGTG-1",0
"TCTGAGAGTAAGGGAA-1",0
"TCTGAGATCCTTGACC-1",3
"TCTGAGATCTATCCTA-1",1
"TCTGGAAAGCGATGAC-1",1
"TCTGGAAAGCTAGTTC-1",1
"TCTGGAAAGCTCTCGG-1",3
"TCTGGAAAGGAGCGAG-1",1
"TCTGGAACACAAGACG-1",1
"TCTGGAACACACTGCG-1",1
"TCTGGAACACTTCTGC-1",3
"TCTGGAAGTGAGTATA-1",1
"TCTGGAATCTGTCTAT-1",0
"TCTTCGGAGGTTCCTA-1",2
"TCTTCGGAGTTCGATC-1",1
"TCTTCGGCAAAGCAAT-1",2
"TCTTCGGCAAAGGTGC-1",1
"TCTTCGGCAATAGCAA-1",2
"TCTTCGGCAATGTAAG-1",1
"TCTTCGGCACACCGAC-1",1
"TCTTCGGCAGCCAATT-1",3
"TCTTCGGGTCATTAGC-1",0
"TCTTCGGTCGTAGGTT-1",1
"TCTTCGGTCTCTAAGG-1",2
"TCTTTCCAGAGAGCTC-1",0
"TCTTTCCAGTCATCCA-1",0
"TCTTTCCCATCTCCCA-1",1
"TCTTTCCGTAATCACC-1",3
"TCTTTCCGTAGTACCT-1",0
"TCTTTCCTCACAACGT-1",1
"TCTTTCCTCAGCTGGC-1",1
"TCTTTCCTCCAAGTAC-1",1
"TCTTTCCTCCTCGCAT-1",2
"TGAAAGAAGCTAAGAT-1",1
"TGAAAGACAAGCCGTC-1",1
"TGAAAGACACATTCGA-1",0
"TGAAAGACATGAGCGA-1",2
"TGAAAGAGTCTAGCGC-1",1
"TGAAAGAGTCTCATCC-1",3
"TGAAAGATCCCGACTT-1",2
"TGAAAGATCTATGTGG-1",0
"TGACAACCAAGCGAGT-1",1
"TGACAACGTAGGGACT-1",0
"TGACAACGTGCGCTTG-1",2
"TGACAACGTGGTTTCA-1",2
"TGACAACTCACAAACC-1",1
"TGACAACTCCACGTGG-1",0
"TGACAACTCGAATGCT-1",1
"TGACGGCAGCGCCTCA-1",1
"TGACGGCAGGCTCAGA-1",0
"TGACGGCAGTCAAGCG-1",0
"TGACGGCCACAGACTT-1",2
"TGACGGCGTCATCCCT-1",0
"TGACGGCTCAGGCGAA-1",1
"TGACGGCTCCACTGGG-1",0
"TGACTAGAGACCCACC-1",2
"TGACTAGAGGGCATGT-1",2
"TGACTAGAGTCTCAAC-1",1
"TGACTAGAGTTGAGAT-1",1
"TGACTAGCAGCATACT-1",0
"TGACTAGCAGTCAGAG-1",0
"TGACTAGCATTTCACT-1",1
"TGACTAGGTAAATACG-1",1
"TGACTAGGTGAAAGAG-1",2
"TGACTAGGTGCAGTAG-1",2
"TGACTAGTCATGCATG-1",1
"TGACTAGTCCATGCTC-1",1
"TGACTAGTCTGTTGAG-1",0
"TGACTTTAGAACAATC-1",2
"TGACTTTAGTCTCGGC-1",1
"TGACTTTAGTTAGGTA-1",1
"TGACTTTCAGTCCTTC-1",0
"TGACTTTCATTATCTC-1",0
"TGACTTTGTCACACGC-1",2
"TGACTTTTCCTCAATT-1",0
"TGACTTTTCTGCCCTA-1",0
"TGAGAGGAGGCTCATT-1",2
"TGAGAGGCAAAGTCAA-1",1
"TGAGAGGCAAGCCATT-1",2
"TGAGAGGCACCATGTA-1",2
"TGAGAGGGTCACTGGC-1",1
"TGAGAGGGTCTAAACC-1",0
"TGAGAGGTCGAACTGT-1",0
"TGAGAGGTCGCGTTTC-1",1
"TGAGAGGTCTGACCTC-1",1
"TGAGCATAGAAACGAG-1",0
"TGAGCATAGAAGCCCA-1",0
"TGAGCATAGATGTCGG-1",1
"TGAGCATAGGAATGGA-1",0
"TGAGCATCACCAGGCT-1",0
"TGAGCATCAGATGAGC-1",2
"TGAGCATCAGCGTAAG-1",1
"TGAGCATCAGCTGTAT-1",3
"TGAGCATGTGGCCCTA-1",1
"TGAGCATTCCACGTTC-1",1
"TGAGCATTCCGATATG-1",0
"TGAGCATTCGGCCGAT-1",2
"TGAGCCGCATCGGGTC-1",2
"TGAGCCGGTCGAACAG-1",0
"TGAGCCGGTGTAATGA-1",3
"TGAGCCGGTTGATTCG-1",1
"TGAGCCGTCATCTGCC-1",2
"TGAGCCGTCGTCACGG-1",0
"TGAGCCGTCTTGAGGT-1",1
"TGAGGGAAGAGACTAT-1",2
"TGAGGGAAGGAGTACC-1",0
"TGAGGGAAGTCATCCA-1",1
"TGAGGGAAGTCATGCT-1",1
"TGAGGGACACCAGTTA-1",1
"TGAGGGACATAAGACA-1",2
"TGAGGGAGTAAACGCG-1",1
"TGAGGGAGTTAGGGTG-1",0
"TGAGGGATCAACGGGA-1",0
"TGAGGGATCTAGCACA-1",0
"TGAGGGATCTCTTATG-1",1
"TGATTTCCATCCGGGT-1",0
"TGATTTCGTAGGCATG-1",2
"TGATTTCGTTAAGACA-1",2
"TGATTTCTCTGATTCT-1",1
"TGCACCTAGACCTTTG-1",0
"TGCACCTAGGACGAAA-1",0
"TGCACCTCAAGTTGTC-1",1
"TGCACCTCAATAGAGT-1",2
"TGCACCTCATCCGGGT-1",1
"TGCACCTGTAATCACC-1",0
"TGCACCTGTCACACGC-1",2
"TGCACCTTCACGGTTA-1",0
"TGCACCTTCATCGGAT-1",1
"TGCACCTTCCGCGGTA-1",0
"TGCACCTTCGAACTGT-1",1
"TGCACCTTCTCTTGAT-1",1
"TGCCAAACAATGTAAG-1",0
"TGCCAAACAATTCCTT-1",0
"TGCCAAAGTTCGCGAC-1",0
"TGCCAAATCCAAACTG-1",1
"TGCCAAATCCCTGACT-1",2
"TGCCAAATCGGCGGTT-1",3
"TGCCCATAGACTAGGC-1",0
"TGCCCATAGCGTCAAG-1",1
"TGCCCATAGCGTGAAC-1",1
"TGCCCATAGCTGTTCA-1",1
"TGCCCATAGGATGGAA-1",1
"TGCCCATAGTACGCCC-1",3
"TGCCCATAGTTGAGTA-1",2
"TGCCCATCACCAGGTC-1",2
"TGCCCATCACGAAATA-1",2
"TGCCCATCAGGACGTA-1",0
"TGCCCATCATGGAATA-1",1
"TGCCCATCATGGATGG-1",3
"TGCCCATGTAGCCTCG-1",2
"TGCCCATTCAAACCGT-1",0
"TGCCCATTCAGGCCCA-1",1
"TGCCCATTCCTTCAAT-1",2
"TGCCCATTCGGAAATA-1",1
"TGCCCTAAGGTCGGAT-1",0
"TGCCCTAAGGTTCCTA-1",0
"TGCCCTACACCACCAG-1",0
"TGCCCTACAGCCACCA-1",1
"TGCCCTACAGTGAGTG-1",1
"TGCCCTAGTCCGAGTC-1",2
"TGCCCTAGTGGTTTCA-1",1
"TGCCCTAGTTTCGCTC-1",2
"TGCCCTATCGACGGAA-1",1
"TGCCCTATCTTCGGTC-1",2
"TGCGCAGAGACTAGGC-1",2
"TGCGCAGAGCACACAG-1",0
"TGCGCAGAGCGTCTAT-1",0
"TGCGCAGAGGAGCGAG-1",2
"TGCGCAGCAAACGTGG-1",1
"TGCGCAGCAGCTCGCA-1",0
"TGCGCAGCAGTAGAGC-1",0
"TGCGCAGTCCTACAGA-1",0
"TGCGGGTAGAGACTTA-1",2
"TGCGGGTAGATCGATA-1",1
"TGCGGGTAGCTCTCGG-1",1
"TGCGGGTAGGTGTGGT-1",0
"TGCGGGTAGTACTTGC-1",2
"TGCGGGTCAATGGAAT-1",3
"TGCGGGTCACACGCTG-1",2
"TGCGGGTCATTGGGCC-1",1
"TGCGGGTGTAGAAAGG-1",1
"TGCGGGTGTCACCTAA-1",0
"TGCGGGTGTCAGATAA-1",1
"TGCGGGTGTTAGAACA-1",1
"TGCGGGTTCAGTTCGA-1",0
"TGCGGGTTCGTAGATC-1",1
"TGCGGGTTCTCTTGAT-1",1
"TGCGTGGAGACGCAAC-1",0
"TGCGTGGAGACTGGGT-1",0
"TGCGTGGAGTGAACGC-1",1
"TGCGTGGCAATTCCTT-1",2
"TGCGTGGGTGCACCAC-1",2
"TGCGTGGTCCGCGCAA-1",1
"TGCGTGGTCGCCCTTA-1",2
"TGCGTGGTCTGGCGAC-1",0
"TGCTACCAGAAAGTGG-1",2
"TGCTACCAGATGGCGT-1",1
"TGCTACCAGCAAATCA-1",0
"TGCTACCAGTCCGTAT-1",0
"TGCTACCCAAGAGGCT-1",0
"TGCTACCCACTTAACG-1",1
"TGCTACCCATCGTCGG-1",0
"TGCTACCCATGGTTGT-1",2
"TGCTACCGTGTGACGA-1",1
"TGCTACCTCCTCGCAT-1",2
"TGCTACCTCTTCTGGC-1",1
"TGCTGCTAGACTAAGT-1",0
"TGCTGCTAGGTGATAT-1",3
"TGCTGCTCAATAGAGT-1",0
"TGCTGCTCACAGACAG-1",1
"TGCTGCTCATCCCATC-1",1
"TGCTGCTCATGGTTGT-1",5
"TGCTGCTGTCATACTG-1",0
"TGCTGCTGTGAAGGCT-1",1
"TGCTGCTTCATTGCGA-1",0
"TGGACGCAGAGGTACC-1",3
"TGGACGCAGTCAAGGC-1",3
"TGGACGCCACAGAGGT-1",0
"TGGACGCCATGGTAGG-1",1
"TGGACGCGTCCGAACC-1",0
"TGGACGCGTCTCCCTA-1",1
"TGGCCAGAGAAGGTGA-1",0
"TGGCCAGAGAGTACAT-1",0
"TGGCCAGAGGCGATAC-1",1
"TGGCCAGAGGCGTACA-1",0
"TGGCCAGCAACTGCGC-1",1
"TGGCCAGCACGACTCG-1",1
"TGGCCAGGTCAATACC-1",2
"TGGCCAGTCGTAGATC-1",1
"TGGCCAGTCTATCCCG-1",1
"TGGCGCAAGCTACCTA-1",0
"TGGCGCAAGCTATGCT-1",0
"TGGCGCAAGTGTGGCA-1",1
"TGGCGCAAGTTACCCA-1",0
"TGGCGCACACAGGCCT-1",0
"TGGCGCACACGGATAG-1",0
"TGGCGCACAGCGATCC-1",4
"TGGCGCACATAGGATA-1",0
"TGGCGCACATATACGC-1",1
"TGGCGCAGTACTCTCC-1",1
"TGGCGCAGTGGACGAT-1",2
"TGGCGCAGTTATGTGC-1",2
"TGGCGCATCAAGAAGT-1",0
"TGGCGCATCATGCTCC-1",3
"TGGCGCATCATGTGGT-1",1
"TGGCGCATCATTATCC-1",0
"TGGCGCATCGTGGTCG-1",0
"TGGCTGGAGCGGATCA-1",0
"TGGCTGGAGTGCAAGC-1",3
"TGGCTGGCAAGTTAAG-1",3
"TGGCTGGCACGGATAG-1",1
"TGGCTGGCAGGAACGT-1",0
"TGGCTGGGTCGAGTTT-1",1
"TGGCTGGGTCGGCATC-1",1
"TGGCTGGGTCTAGCCG-1",1
"TGGCTGGGTTACGCGC-1",2
"TGGCTGGGTTGGACCC-1",0
"TGGCTGGTCTCGTTTA-1",0
"TGGGAAGAGATATACG-1",0
"TGGGAAGAGCCCAATT-1",1
"TGGGAAGAGCGCTCCA-1",2
"TGGGAAGAGGGCTTCC-1",1
"TGGGAAGAGTAAGTAC-1",6
"TGGGAAGAGTTAACGA-1",0
"TGGGAAGCAAGGTGTG-1",2
"TGGGAAGCAGATCCAT-1",1
"TGGGAAGCAGCGAACA-1",0
"TGGGAAGGTAAGTTCC-1",0
"TGGGAAGGTTAGATGA-1",1
"TGGGAAGGTTATTCTC-1",1
"TGGGAAGTCCCAAGAT-1",0
"TGGGAAGTCCTTCAAT-1",3
"TGGGAAGTCGTGGACC-1",1
"TGGGAAGTCTCCTATA-1",1
"TGGGCGTAGTCTCCTC-1",0
"TGGGCGTCAGACGTAG-1",0
"TGGGCGTCAGGGATTG-1",1
"TGGGCGTGTCCAAGTT-1",0
"TGGGCGTGTCTAGAGG-1",0
"TGGGCGTGTGGCTCCA-1",2
"TGGGCGTGTTTCGCTC-1",0
"TGGGCGTTCAGCTTAG-1",0
"TGGTTAGAGCTACCTA-1",0
"TGGTTAGAGTTAGGTA-1",0
"TGGTTAGGTGATGATA-1",0
"TGGTTAGGTTCACGGC-1",3
"TGGTTAGTCCCGACTT-1",0
"TGGTTAGTCTTGTATC-1",2
"TGGTTCCAGCCGTCGT-1",0
"TGGTTCCAGTAATCCC-1",1
"TGGTTCCCAAGTTGTC-1",0
"TGGTTCCCAGACAAAT-1",1
"TGGTTCCCAGACAGGT-1",1
"TGGTTCCCAGCTCGAC-1",1
"TGGTTCCCATGTCCTC-1",2
"TGGTTCCCATTTCACT-1",1
"TGGTTCCGTCCAAGTT-1",1
"TGGTTCCTCACATACG-1",0
"TGGTTCCTCAGCTTAG-1",0
"TGGTTCCTCTAACTTC-1",0
"TGGTTCCTCTAGAGTC-1",1
"TGGTTCCTCTGGGCCA-1",1
"TGTATTCAGCCCGAAA-1",0
"TGTATTCAGCGATCCC-1",1
"TGTATTCCAGGGCATA-1",0
"TGTATTCGTAAGAGAG-1",0
"TGTATTCGTTTGTTTC-1",1
"TGTATTCTCAGCATGT-1",1
"TGTATTCTCATCTGTT-1",1
"TGTCCCAAGCAGATCG-1",2
"TGTCCCAAGCTAGTTC-1",0
"TGTCCCAAGCTGAACG-1",1
"TGTCCCAAGTTGTCGT-1",2
"TGTCCCACAGTAAGCG-1",0
"TGTCCCACATCACGTA-1",1
"TGTCCCAGTAAGAGGA-1",2
"TGTCCCAGTAAGTGGC-1",0
"TGTCCCAGTCGGATCC-1",0
"TGTCCCAGTCTCTTTA-1",0
"TGTCCCATCATTTGGG-1",1
"TGTCCCATCTGCAAGT-1",0
"TGTCCCATCTGCGTAA-1",1
"TGTGGTAGTCCCGACA-1",1
"TGTGGTAGTGTGAAAT-1",0
"TGTGGTAGTGTGACGA-1",1
"TGTGGTATCCAGGGCT-1",0
"TGTGGTATCTTGCATT-1",1
"TGTGTTTAGAGGTTAT-1",2
"TGTGTTTAGCGTGAGT-1",1
"TGTGTTTAGTGCGTGA-1",3
"TGTGTTTCATGCGCAC-1",1
"TGTGTTTTCTCATTCA-1",1
"TGTGTTTTCTTTCCTC-1",1
"TGTTCCGAGAGCAATT-1",0
"TGTTCCGAGCAACGGT-1",1
"TGTTCCGAGGAATTAC-1",1
"TGTTCCGAGGACTGGT-1",2
"TGTTCCGCAGTGAGTG-1",1
"TGTTCCGGTGAGTATA-1",2
"TGTTCCGTCAAGCCTA-1",1
"TGTTCCGTCAGTTCGA-1",1
"TGTTCCGTCGGCGGTT-1",1
"TGTTCCGTCTGAAAGA-1",1
"TGTTCCGTCTGGTATG-1",0
"TTAACTCAGTGTACGG-1",3
"TTAACTCCAAGCGCTC-1",0
"TTAACTCCAGGCAGTA-1",0
"TTAACTCGTTCCACAA-1",1
"TTAACTCTCATAAAGG-1",4
"TTAACTCTCCCTCAGT-1",0
"TTAGGACAGCAGGCTA-1",0
"TTAGGACAGCTCTCGG-1",3
"TTAGGACCAAGCCATT-1",2
"TTAGGACCAGTCAGAG-1",0
"TTAGGACGTTTGTTTC-1",0
"TTAGGCAAGAAGATTC-1",2
"TTAGGCAAGAGCCCAA-1",1
"TTAGGCAAGAGTGACC-1",1
"TTAGGCAAGGTTCCTA-1",1
"TTAGGCAAGTCGTTTG-1",1
"TTAGGCAAGTGTACCT-1",0
"TTAGGCACAGACGCTC-1",1
"TTAGGCACATGTTCCC-1",1
"TTAGGCAGTAAGGATT-1",3
"TTAGGCAGTAAGTAGT-1",0
"TTAGGCAGTCTTGATG-1",0
"TTAGGCATCACGCATA-1",0
"TTAGGCATCAGTCAGT-1",0
"TTAGGCATCCAGTATG-1",3
"TTAGGCATCGTTACGA-1",0
"TTAGTTCAGGTGCAAC-1",2
"TTAGTTCCAATGTAAG-1",1
"TTAGTTCCATCCTTGC-1",6
"TTAGTTCGTAGCCTAT-1",2
"TTAGTTCGTGCAGACA-1",0
"TTAGTTCGTGTCAATC-1",3
"TTAGTTCGTTGCCTCT-1",0
"TTAGTTCTCAGGCCCA-1",2
"TTAGTTCTCGCAGGCT-1",3
"TTAGTTCTCTACTATC-1",1
"TTATGCTAGAATGTGT-1",3
"TTATGCTAGCACACAG-1",2
"TTATGCTAGCAGCCTC-1",0
"TTATGCTAGTCCCACG-1",0
"TTATGCTAGTGGTAAT-1",1
"TTATGCTCAGCCAGAA-1",1
"TTATGCTCATACCATG-1",1
"TTATGCTCATGTAGTC-1",0
"TTATGCTGTCCGAGTC-1",0
"TTATGCTTCGATAGAA-1",2
"TTCCCAGAGAATTCCC-1",0
"TTCCCAGAGACTAGAT-1",1
"TTCCCAGAGTATCGAA-1",0
"TTCCCAGCAGATGGGT-1",1
"TTCCCAGCATCAGTAC-1",1
"TTCCCAGCATCTCCCA-1",1
"TTCCCAGCATTACCTT-1",1
"TTCCCAGTCAACACTG-1",0
"TTCCCAGTCGAGAGCA-1",0
"TTCGAAGAGTCTCAAC-1",1
"TTCGAAGCAAGCGCTC-1",2
"TTCGAAGCACATTAGC-1",4
"TTCGAAGCACGGTGTC-1",1
"TTCGGTCAGAGGACGG-1",0
"TTCGGTCAGCACACAG-1",2
"TTCGGTCAGGCCCTCA-1",1
"TTCGGTCAGTGAATTG-1",2
"TTCGGTCAGTTGAGAT-1",1
"TTCGGTCCAAGGGTCA-1",1
"TTCGGTCCACGTCAGC-1",2
"TTCGGTCGTAACGTTC-1",0
"TTCGGTCGTAGAGTGC-1",3
"TTCGGTCGTTCATGGT-1",0
"TTCGGTCGTTCTGTTT-1",4
"TTCGGTCTCAAAGACA-1",2
"TTCGGTCTCCAGTATG-1",2
"TTCGGTCTCGCGTTTC-1",1
"TTCGGTCTCGTCTGAA-1",3
"TTCTACAAGACTAAGT-1",3
"TTCTACAAGCAGCCTC-1",1
"TTCTACAAGCCTTGAT-1",1
"TTCTACAAGGCAGGTT-1",0
"TTCTACAAGGTAAACT-1",1
"TTCTACAAGTTAGGTA-1",1
"TTCTACACACGTGAGA-1",1
"TTCTACACAGCTGTTA-1",2
"TTCTACACATCGATTG-1",1
"TTCTACACATTACGAC-1",4
"TTCTACAGTACCGTTA-1",2
"TTCTACAGTATATGAG-1",2
"TTCTACAGTGGCTCCA-1",0
"TTCTACATCAACGGGA-1",0
"TTCTACATCCGCGTTT-1",1
"TTCTCAAAGAAAGTGG-1",2
"TTCTCAAAGAATCTCC-1",2
"TTCTCAAAGAGGTTAT-1",1
"TTCTCAAAGCAGCCTC-1",2
"TTCTCAAAGCCGCCTA-1",0
"TTCTCAAAGTCAATAG-1",2
"TTCTCAAAGTTGAGAT-1",1
"TTCTCAACACCCAGTG-1",1
"TTCTCAACATTGTGCA-1",1
"TTCTCAAGTATAAACG-1",0
"TTCTCAAGTCCCTTGT-1",2
"TTCTCAAGTCGAGATG-1",0
"TTCTCAATCATCGCTC-1",0
"TTCTCAATCCCTAACC-1",2
"TTCTCAATCGTAGGAG-1",0
"TTCTCCTAGAGTAAGG-1",0
"TTCTCCTAGCGACGTA-1",4
"TTCTCCTAGCGTGAGT-1",0
"TTCTCCTAGTCTCGGC-1",0
"TTCTCCTCAACACGCC-1",1
"TTCTCCTCAATAACGA-1",1
"TTCTCCTGTTAAGAAC-1",1
"TTCTCCTTCAGTTCGA-1",2
"TTCTCCTTCCGTAGGC-1",0
"TTCTCCTTCCTTTCTC-1",1
"TTCTCCTTCTGCAAGT-1",4
"TTCTCCTTCTTCAACT-1",0
"TTCTCCTTCTTGTACT-1",0
"TTCTTAGAGGACTGGT-1",0
"TTCTTAGCAAGGTGTG-1",0
"TTCTTAGCATCGGAAG-1",1
"TTCTTAGGTAGAAGGA-1",0
"TTCTTAGGTCATATGC-1",2
"TTCTTAGTCAGTTCGA-1",2
"TTGAACGGTCACTTCC-1",2
"TTGAACGTCATGTCCC-1",1
"TTGACTTAGCCACGTC-1",0
"TTGACTTAGCGACGTA-1",1
"TTGACTTAGTTAACGA-1",0
"TTGACTTCACTTACGA-1",0
"TTGACTTGTCTCTCTG-1",0
"TTGACTTGTGCGATAG-1",2
"TTGACTTTCCAGAGGA-1",1
"TTGACTTTCTGTCCGT-1",1
"TTGCCGTAGGAGCGTT-1",1
"TTGCCGTAGGTGGGTT-1",0
"TTGCCGTCATGGTCAT-1",3
"TTGCCGTGTACAGACG-1",0
"TTGCGTCAGACAGAGA-1",1
"TTGCGTCAGCTCCTTC-1",1
"TTGCGTCAGTCCATAC-1",2
"TTGCGTCAGTGAATTG-1",2
"TTGCGTCCAAATTGCC-1",2
"TTGCGTCCACTGTGTA-1",0
"TTGCGTCCAGTCACTA-1",4
"TTGCGTCGTCTGATTG-1",1
"TTGGAACAGCCCAATT-1",1
"TTGGAACAGCGTCTAT-1",0
"TTGGAACAGGCGTACA-1",0
"TTGGAACGTATTACCG-1",3
"TTGGAACGTGTGTGCC-1",2
"TTGGAACTCCCATTAT-1",2
"TTGGAACTCCGTAGTA-1",3
"TTGGAACTCGTCCAGG-1",2
"TTGGCAAAGTTAGGTA-1",1
"TTGGCAAGTATAGGTA-1",1
"TTGGCAATCACATGCA-1",2
"TTGGCAATCAGAGCTT-1",0
"TTGGCAATCGCATGAT-1",5
"TTGGCAATCTAGAGTC-1",0
"TTGTAGGAGGTGCTAG-1",3
"TTGTAGGCACACGCTG-1",0
"TTGTAGGGTCTCCCTA-1",0
"TTGTAGGGTGGTAACG-1",1
"TTGTAGGTCGGCGCTA-1",0
"TTGTAGGTCTGCCAGG-1",1
"TTTACTGAGATCACGG-1",2
"TTTACTGCAAAGCAAT-1",1
"TTTACTGCACATGGGA-1",1
"TTTACTGCACCACGTG-1",1
"TTTACTGCATGGGACA-1",1
"TTTACTGCATGTCCTC-1",1
"TTTACTGGTAACGTTC-1",0
"TTTACTGGTGGTGTAG-1",0
"TTTACTGGTTCGCTAA-1",0
"TTTACTGTCTGGAGCC-1",1
"TTTATGCAGACTGTAA-1",4
"TTTATGCAGATGCGAC-1",1
"TTTATGCAGGCAAAGA-1",2
"TTTATGCAGGCCCGTT-1",1
"TTTATGCAGTTCCACA-1",1
"TTTATGCCAAACGCGA-1",0
"TTTATGCCAATCTGCA-1",3
"TTTATGCCACAGGTTT-1",0
"TTTATGCCAGCCAATT-1",1
"TTTATGCCAGGTCGTC-1",2
"TTTATGCCATGGTCAT-1",1
"TTTATGCTCACATAGC-1",0
"TTTATGCTCACCTTAT-1",1
"TTTATGCTCGGCGGTT-1",5
"TTTATGCTCTCGCTTG-1",2
"TTTCCTCAGCGTGAAC-1",1
"TTTCCTCAGGACTGGT-1",3
"TTTCCTCCAAAGTGCG-1",0
"TTTCCTCCAGGAATGC-1",0
"TTTCCTCCATTAGCCA-1",1
"TTTCCTCGTCCGAAGA-1",1
"TTTCCTCGTCGCTTTC-1",0
"TTTCCTCTCGGCCGAT-1",1
"TTTCCTCTCGTGTAGT-1",1
"TTTGCGCAGCTAAACA-1",0
"TTTGCGCAGCTAGTCT-1",0
"TTTGCGCAGGCCGAAT-1",0
"TTTGCGCAGTCAAGGC-1",0
"TTTGCGCCAAGTAGTA-1",2
"TTTGCGCCAGGTGCCT-1",1
"TTTGCGCGTCTAAACC-1",0
"TTTGCGCTCAAAGTAG-1",1
"TTTGCGCTCATGTAGC-1",3
"TTTGGTTAGAATGTGT-1",2
"TTTGGTTAGACAATAC-1",7
"TTTGGTTAGCGATTCT-1",1
"TTTGGTTAGGCTCAGA-1",1
"TTTGGTTAGTTACCCA-1",2
"TTTGGTTCAAACTGCT-1",2
"TTTGGTTCAAGCTGTT-1",2
"TTTGGTTCAGATCGGA-1",0
"TTTGGTTCATCACAAC-1",0
"TTTGGTTGTACTTCTT-1",2
"TTTGGTTGTATGCTTG-1",3
"TTTGGTTGTGCTTCTC-1",0
"TTTGGTTTCATGCTCC-1",2
"TTTGGTTTCCCTGACT-1",3
"TTTGTCAAGAGTCGGT-1",1
"TTTGTCACAAGTTCTG-1",0
"TTTGTCACAAGTTGTC-1",1
"TTTGTCACACTCTGTC-1",2
"TTTGTCATCACCTTAT-1",0
"TTTGTCATCCATTCTA-1",4
"TTTGTCATCCTTAATC-1",2
"TTTGTCATCTTATCTG-1",0
