"cell_barcode","expression"
"AAACCTGAGACAGAGA-1",1
"AAACCTGAGACTTTCG-1",2
"AAACCTGAGAGTAAGG-1",0
"AAACCTGAGAGTCGGT-1",1
"AAACCTGAGGATGGAA-1",0
"AAACCTGAGTAGATGT-1",2
"AAACCTGCAATCAGAA-1",0
"AAACCTGCACCGATAT-1",1
"AAACCTGCAGACGTAG-1",0
"AAACCTGCAGTATCTG-1",1
"AAACCTGCATAGTAAG-1",0
"AAACCTGCATGAACCT-1",1
"AAACCTGGTAAGAGGA-1",1
"AAACCTGGTCCAACTA-1",2
"AAACCTGTCCGTAGTA-1",0
"AAACCTGTCGAGAGCA-1",0
"AAACGGGAGTACGACG-1",0
"AAACGGGCAAGGTTTC-1",0
"AAACGGGCACGTCAGC-1",1
"AAACGGGCAGCGTTCG-1",1
"AAACGGGGTAGCCTCG-1",4
"AAACGGGGTCTACCTC-1",1
"AAACGGGGTGCGGTAA-1",2
"AAACGGGGTTGTCGCG-1",0
"AAACGGGTCCATGAGT-1",1
"AAACGGGTCCCAACGG-1",0
"AAACGGGTCCCATTAT-1",2
"AAAGATGCAGTCAGCC-1",1
"AAAGATGCATCTACGA-1",2
"AAAGCAAAGCGTCTAT-1",0
"AAAGCAACATGTCGAT-1",2
"AAAGCAAGTAGCTGCC-1",0
"AAAGCAAGTAGGCATG-1",2
"AAAGCAAGTGCGCTTG-1",0
"AAAGCAAGTTATTCTC-1",4
"AAAGCAATCCGTAGTA-1",1
"AAAGTAGAGATGTGTA-1",3
"AAAGTAGAGTGGGCTA-1",0
"AAAGTAGGTATATGGA-1",0
"AAAGTAGGTGAGCGAT-1",1
"AAAGTAGGTTGAGGTG-1",2
"AAATGCCAGCCCTAAT-1",2
"AAATGCCAGCGTGTCC-1",1
"AAATGCCCAACACCTA-1",0
"AAATGCCGTAGGAGTC-1",2
"AAATGCCGTCTTTCAT-1",0
"AAATGCCGTGGTCCGT-1",1
"AAATGCCGTTCCCGAG-1",0
"AAATGCCTCATAGCAC-1",2
"AAATGCCTCGCTTAGA-1",1
"AACACGTAGAATTCCC-1",2
"AACACGTAGCCCTAAT-1",2
"AACACGTAGGGTGTGT-1",1
"AACACGTCACTGTCGG-1",1
"AACACGTCATCCCATC-1",0
"AACACGTGTGCAACGA-1",2
"AACACGTGTGTCGCTG-1",1
"AACCATGAGCGCTTAT-1",1
"AACCATGGTCCGTTAA-1",0
"AACCATGTCAGTTCGA-1",1
"AACCATGTCATCGATG-1",1
"AACCATGTCCCAAGTA-1",2
"AACCGCGAGAAGCCCA-1",3
"AACCGCGAGACTGGGT-1",0
"AACCGCGAGAGGTACC-1",0
"AACCGCGAGTTAGGTA-1",3
"AACCGCGAGTTGCAGG-1",2
"AACCGCGCACGGTAGA-1",1
"AACCGCGCAGCATGAG-1",1
"AACCGCGCAGCCTGTG-1",0
"AACCGCGCAGCTGTGC-1",0
"AACCGCGCAGTATGCT-1",0
"AACCGCGGTACTTGAC-1",1
"AACCGCGGTCTGCAAT-1",1
"AACCGCGTCACATGCA-1",0
"AACCGCGTCACCGTAA-1",1
"AACCGCGTCCAGAGGA-1",1
"AACCGCGTCCGAAGAG-1",0
"AACCGCGTCGATCCCT-1",0
"AACGTTGAGCGATAGC-1",1
"AACGTTGAGCGATCCC-1",1
"AACGTTGAGCTTATCG-1",0
"AACGTTGCAAGTTGTC-1",1
"AACGTTGCAATAGAGT-1",6
"AACGTTGCAATGGATA-1",0
"AACGTTGCATGGATGG-1",2
"AACGTTGCATTCTCAT-1",2
"AACGTTGTCAACACGT-1",3
"AACGTTGTCGAGGTAG-1",3
"AACGTTGTCGGTCCGA-1",1
"AACTCAGAGAGCTATA-1",0
"AACTCAGAGAGTCGGT-1",0
"AACTCAGAGCCACCTG-1",0
"AACTCAGAGCCCAATT-1",0
"AACTCAGCAAACAACA-1",1
"AACTCAGCACAAGCCC-1",2
"AACTCAGCACGGTTTA-1",2
"AACTCAGCAGGATCGA-1",2
"AACTCAGCATAAAGGT-1",0
"AACTCAGGTTCCACAA-1",5
"AACTCAGTCGTACCGG-1",0
"AACTCCCAGCCCAGCT-1",0
"AACTCCCAGCTAAGAT-1",3
"AACTCCCCAAACGCGA-1",1
"AACTCCCCATGGTCTA-1",1
"AACTCCCGTTGCGCAC-1",0
"AACTCCCTCAAGAAGT-1",0
"AACTCCCTCAAGCCTA-1",0
"AACTCCCTCATCGCTC-1",0
"AACTCCCTCTGCAGTA-1",1
"AACTCCCTCTGGCGTG-1",0
"AACTCTTAGCAGACTG-1",0
"AACTCTTAGTCCGGTC-1",0
"AACTCTTCATGCTAGT-1",1
"AACTCTTGTCGAATCT-1",1
"AACTCTTGTCGGGTCT-1",4
"AACTCTTTCCTCAATT-1",0
"AACTCTTTCTCAAACG-1",0
"AACTCTTTCTCCAGGG-1",1
"AACTCTTTCTCTGCTG-1",0
"AACTGGTAGAAGATTC-1",0
"AACTGGTAGAGACTAT-1",0
"AACTGGTAGCCAACAG-1",3
"AACTGGTAGTGTACTC-1",0
"AACTGGTCACTGAAGG-1",0
"AACTGGTGTCCGAACC-1",0
"AACTGGTTCGGAGCAA-1",5
"AACTGGTTCGTGGGAA-1",1
"AACTGGTTCTGCTTGC-1",0
"AACTTTCAGCGTGAAC-1",0
"AACTTTCAGTATCTCG-1",2
"AACTTTCAGTTTCCTT-1",1
"AACTTTCCATCCTTGC-1",1
"AACTTTCGTCTAGAGG-1",1
"AACTTTCGTCTCTTTA-1",0
"AACTTTCGTTTGTTTC-1",0
"AAGACCTAGGGCTTCC-1",1
"AAGACCTAGTACACCT-1",0
"AAGACCTGTATATGAG-1",0
"AAGACCTGTATCAGTC-1",0
"AAGACCTGTCCGTGAC-1",2
"AAGACCTGTCGAAAGC-1",2
"AAGACCTTCGCCATAA-1",0
"AAGCCGCAGATCTGAA-1",1
"AAGCCGCAGGGTGTTG-1",0
"AAGCCGCAGTGGACGT-1",1
"AAGCCGCAGTGTACTC-1",0
"AAGCCGCCACGCTTTC-1",0
"AAGCCGCCAGGACGTA-1",3
"AAGCCGCGTACAGTTC-1",0
"AAGCCGCGTCATTAGC-1",0
"AAGCCGCTCACGAAGG-1",2
"AAGCCGCTCAGTTAGC-1",0
"AAGCCGCTCGCAAACT-1",0
"AAGCCGCTCGTCGTTC-1",0
"AAGCCGCTCTTACCGC-1",2
"AAGGAGCAGAAACCGC-1",1
"AAGGAGCAGGCATGTG-1",3
"AAGGAGCAGGCGCTCT-1",1
"AAGGAGCAGTTGAGTA-1",1
"AAGGAGCCACGGCGTT-1",1
"AAGGAGCGTAGCGCAA-1",0
"AAGGAGCGTCTGCAAT-1",0
"AAGGAGCTCGTCTGCT-1",5
"AAGGCAGAGAACTGTA-1",0
"AAGGCAGAGAGATGAG-1",1
"AAGGCAGAGGTGATAT-1",0
"AAGGCAGCATAGTAAG-1",0
"AAGGCAGGTACTTCTT-1",0
"AAGGCAGGTGTGCCTG-1",0
"AAGGCAGTCAGATAAG-1",1
"AAGGCAGTCGGAATCT-1",2
"AAGGTTCAGTATCTCG-1",0
"AAGGTTCCATCACGTA-1",1
"AAGGTTCGTATATGGA-1",0
"AAGGTTCGTCCGAATT-1",3
"AAGGTTCGTCGACTAT-1",1
"AAGGTTCGTGTGACCC-1",3
"AAGGTTCTCCGTCATC-1",1
"AAGGTTCTCCTCGCAT-1",1
"AAGGTTCTCTGCGGCA-1",1
"AAGTCTGAGCCATCGC-1",0
"AAGTCTGAGTCAAGCG-1",0
"AAGTCTGCAAAGGAAG-1",0
"AAGTCTGGTCAGCTAT-1",2
"AAGTCTGTCAAACAAG-1",0
"AAGTCTGTCACTGGGC-1",0
"AAGTCTGTCAGCAACT-1",1
"AATCCAGCAAAGTGCG-1",1
"AATCCAGCAGCATACT-1",1
"AATCCAGGTAGGCATG-1",0
"AATCCAGGTCTCCCTA-1",2
"AATCCAGTCCGAATGT-1",5
"AATCGGTAGGCATGGT-1",0
"AATCGGTTCCTGTACC-1",0
"AATCGGTTCGCCGTGA-1",1
"ACACCAAAGATGAGAG-1",0
"ACACCAAAGCCCTAAT-1",0
"ACACCAAAGGATGGTC-1",3
"ACACCAAAGTGTCCAT-1",2
"ACACCAACACTTCGAA-1",0
"ACACCAACAGACGCTC-1",0
"ACACCAACAGCCTATA-1",0
"ACACCAAGTCGCGTGT-1",1
"ACACCAAGTCTAAACC-1",3
"ACACCAAGTTATGTGC-1",2
"ACACCAATCGCGTTTC-1",0
"ACACCCTAGCCAGGAT-1",3
"ACACCCTAGTACTTGC-1",3
"ACACCCTCAAGCGCTC-1",1
"ACACCCTCATCACAAC-1",2
"ACACCCTCATGCCCGA-1",1
"ACACCCTGTCTGGTCG-1",1
"ACACCCTTCCGCAAGC-1",1
"ACACCCTTCCTTGCCA-1",0
"ACACCCTTCTATCCTA-1",1
"ACACCCTTCTGGCGTG-1",1
"ACACCGGAGGCTCAGA-1",0
"ACACCGGAGTGACATA-1",0
"ACACCGGAGTTACCCA-1",0
"ACACCGGCAAGCCGTC-1",0
"ACACCGGCACCAGATT-1",2
"ACACCGGCACCGAAAG-1",3
"ACACCGGCATCACAAC-1",2
"ACACCGGTCCGCATAA-1",2
"ACACCGGTCTCGGACG-1",1
"ACACCGGTCTCTGTCG-1",2
"ACACTGAAGCACGCCT-1",0
"ACACTGAAGGTGATTA-1",2
"ACACTGACAATAGAGT-1",0
"ACACTGACAGACTCGC-1",3
"ACACTGACATCCAACA-1",1
"ACACTGAGTCCGAAGA-1",1
"ACACTGAGTGTTTGTG-1",2
"ACACTGAGTTTGACTG-1",0
"ACAGCCGAGGAATGGA-1",2
"ACAGCCGAGGCCCGTT-1",0
"ACAGCCGAGGTGCTTT-1",1
"ACAGCCGAGTGGTAGC-1",1
"ACAGCCGCATATACGC-1",1
"ACAGCCGCATGCAACT-1",0
"ACAGCCGGTAGGGTAC-1",0
"ACAGCCGGTCGAATCT-1",1
"ACAGCCGGTTCACCTC-1",0
"ACAGCCGGTTCCACTC-1",0
"ACAGCCGTCCAGAAGG-1",1
"ACAGCCGTCTTTACAC-1",0
"ACAGCTAAGCACCGCT-1",1
"ACAGCTAAGTATCTCG-1",2
"ACAGCTAAGTGTTGAA-1",1
"ACAGCTACATCGTCGG-1",2
"ACAGCTAGTCGACTAT-1",0
"ACAGCTAGTGGTACAG-1",2
"ACAGCTATCACCACCT-1",0
"ACAGCTATCTGCTTGC-1",0
"ACATACGAGAGCTTCT-1",1
"ACATACGAGCGTAGTG-1",2
"ACATACGAGCTTCGCG-1",0
"ACATACGAGCTTTGGT-1",1
"ACATACGCAAACGTGG-1",3
"ACATACGCAAGCCTAT-1",1
"ACATACGCATCTCCCA-1",1
"ACATACGCATTCTCAT-1",0
"ACATACGGTAGGAGTC-1",1
"ACATACGGTGCACCAC-1",0
"ACATACGGTGGTTTCA-1",5
"ACATACGTCGTATCAG-1",2
"ACATCAGAGCCACTAT-1",0
"ACATCAGAGCCTTGAT-1",0
"ACATCAGCAACACCCG-1",0
"ACATCAGCAACGATGG-1",3
"ACATCAGCAATTGCTG-1",0
"ACATCAGCACCGGAAA-1",0
"ACATCAGCATAAAGGT-1",1
"ACATCAGCATCCCACT-1",1
"ACATCAGCATTTGCCC-1",1
"ACATCAGGTAAGGATT-1",1
"ACATCAGGTCCGTGAC-1",2
"ACATCAGGTTAAGTAG-1",0
"ACATCAGTCAAACCGT-1",1
"ACATGGTAGCATGGCA-1",0
"ACATGGTAGCTGTTCA-1",0
"ACATGGTCACTTGGAT-1",1
"ACATGGTGTCAGATAA-1",2
"ACATGGTGTCTGCGGT-1",0
"ACATGGTGTGCAACTT-1",1
"ACATGGTTCCGCAAGC-1",1
"ACATGGTTCCTCCTAG-1",3
"ACATGGTTCTGGAGCC-1",1
"ACATGGTTCTTCTGGC-1",2
"ACCAGTAAGATCACGG-1",0
"ACCAGTAAGCTTCGCG-1",2
"ACCAGTACACAGATTC-1",4
"ACCAGTACACAGGCCT-1",0
"ACCAGTACAGTATGCT-1",0
"ACCAGTACAGTCAGAG-1",0
"ACCAGTACAGTTTACG-1",2
"ACCAGTAGTCACCCAG-1",1
"ACCAGTAGTCCATCCT-1",0
"ACCAGTAGTCTTCAAG-1",0
"ACCAGTAGTGGACGAT-1",1
"ACCAGTATCTGCGACG-1",0
"ACCAGTATCTGCTTGC-1",0
"ACCAGTATCTGTTTGT-1",1
"ACCCACTAGAGGTTAT-1",1
"ACCCACTAGATCCCGC-1",0
"ACCCACTAGATGTGTA-1",1
"ACCCACTAGCCCAATT-1",2
"ACCCACTCAAGGGTCA-1",0
"ACCCACTCAAGGTTCT-1",1
"ACCCACTGTAAATGAC-1",0
"ACCCACTGTAGCCTCG-1",1
"ACCCACTGTCAAAGAT-1",2
"ACCCACTGTCAATACC-1",1
"ACCCACTGTGTGGTTT-1",2
"ACCCACTTCGCAAACT-1",0
"ACCCACTTCTGCCAGG-1",6
"ACCGTAACAATCGGTT-1",2
"ACCGTAACAATCTACG-1",1
"ACCGTAACAGGTCCAC-1",0
"ACCGTAAGTACAGCAG-1",0
"ACCGTAAGTCATGCAT-1",0
"ACCGTAAGTGAGTGAC-1",2
"ACCGTAAGTTAAGAAC-1",1
"ACCGTAAGTTCCGTCT-1",1
"ACCGTAATCACATAGC-1",4
"ACCGTAATCATGTGGT-1",0
"ACCGTAATCTGAAAGA-1",1
"ACCTTTACAATCGGTT-1",0
"ACCTTTACACGGACAA-1",0
"ACCTTTACAGCAGTTT-1",1
"ACCTTTACATGCAACT-1",3
"ACCTTTACATTTCAGG-1",0
"ACCTTTAGTGAACCTT-1",1
"ACCTTTAGTTCCACTC-1",2
"ACCTTTATCTCTAGGA-1",3
"ACGAGCCAGGCAGGTT-1",0
"ACGAGCCCACAGGCCT-1",4
"ACGAGCCCATGGAATA-1",0
"ACGAGCCGTGCACGAA-1",3
"ACGAGCCGTGTGACCC-1",1
"ACGAGCCGTTGGTTTG-1",0
"ACGAGCCTCAGTCCCT-1",2
"ACGAGCCTCGCAAACT-1",0
"ACGAGGACACTACAGT-1",2
"ACGAGGACATGTAGTC-1",0
"ACGAGGAGTACACCGC-1",2
"ACGAGGAGTGCCTGCA-1",0
"ACGAGGAGTTCTGAAC-1",2
"ACGAGGATCTGCGGCA-1",1
"ACGATACAGAGTGACC-1",0
"ACGATACAGCGCCTTG-1",1
"ACGATACAGTGATCGG-1",5
"ACGATACCACGTTGGC-1",0
"ACGATACCATTGGGCC-1",0
"ACGATACGTCGAATCT-1",1
"ACGATACTCTGACCTC-1",0
"ACGATGTAGTGCGATG-1",0
"ACGATGTAGTTGAGAT-1",1
"ACGATGTCAACGCACC-1",0
"ACGATGTCACACGCTG-1",4
"ACGATGTGTATTCTCT-1",1
"ACGATGTGTCAGTGGA-1",0
"ACGATGTGTGACTACT-1",0
"ACGATGTGTGTCGCTG-1",0
"ACGATGTTCGCGTAGC-1",0
"ACGATGTTCTCTTATG-1",0
"ACGCAGCAGCGGCTTC-1",0
"ACGCAGCAGCTGCGAA-1",2
"ACGCAGCAGTGTACGG-1",1
"ACGCAGCCACCTCGTT-1",2
"ACGCAGCCATCGACGC-1",0
"ACGCAGCCATTACCTT-1",1
"ACGCAGCGTCCATGAT-1",1
"ACGCAGCGTCTACCTC-1",1
"ACGCAGCGTCTGGTCG-1",2
"ACGCAGCGTGCGATAG-1",1
"ACGCCAGCAAAGCAAT-1",2
"ACGCCAGCAACGCACC-1",0
"ACGCCAGCACGAGAGT-1",3
"ACGCCAGCAGTGAGTG-1",2
"ACGCCAGGTGCACTTA-1",1
"ACGCCAGGTGTGCGTC-1",1
"ACGCCAGTCACAGGCC-1",0
"ACGCCAGTCAGTGTTG-1",0
"ACGCCGAAGAAACGCC-1",3
"ACGCCGAAGATCTGCT-1",3
"ACGCCGACAGCCTGTG-1",1
"ACGCCGAGTTCCAACA-1",1
"ACGCCGATCCTATGTT-1",3
"ACGCCGATCGCAGGCT-1",1
"ACGCCGATCTTGTATC-1",1
"ACGGAGAAGCCAGTTT-1",0
"ACGGAGAAGGTCATCT-1",0
"ACGGAGACACACATGT-1",2
"ACGGAGACAGCCTGTG-1",0
"ACGGAGACAGCGTAAG-1",0
"ACGGAGACAGTAAGCG-1",0
"ACGGAGAGTGTGACGA-1",1
"ACGGAGATCCACGAAT-1",1
"ACGGCCACACATCCAA-1",2
"ACGGCCACACATTCGA-1",2
"ACGGCCAGTACCGTAT-1",1
"ACGGCCAGTGTATGGG-1",0
"ACGGCCATCACGGTTA-1",0
"ACGGCCATCAGTGTTG-1",1
"ACGGCCATCTACTATC-1",1
"ACGGGCTAGGATCGCA-1",1
"ACGGGCTAGGTTCCTA-1",3
"ACGGGCTAGTGGCACA-1",2
"ACGGGCTCATCTGGTA-1",1
"ACGGGCTGTGAGGCTA-1",0
"ACGGGCTTCCGAACGC-1",3
"ACGGGTCAGATGCCAG-1",0
"ACGGGTCCATGATCCA-1",0
"ACGGGTCCATTAGGCT-1",1
"ACGGGTCCATTTCACT-1",1
"ACGGGTCGTTAGGGTG-1",0
"ACGGGTCTCAACACCA-1",0
"ACGGGTCTCCACGCAG-1",0
"ACGTCAAAGGGCTTCC-1",1
"ACGTCAAAGTGGTAAT-1",1
"ACGTCAACAACTGCGC-1",0
"ACGTCAACACAAGACG-1",0
"ACGTCAAGTAGCTCCG-1",1
"ACGTCAAGTGTCGCTG-1",3
"ACGTCAAGTTATGCGT-1",1
"ACGTCAATCAACCAAC-1",6
"ACGTCAATCATAACCG-1",3
"ACGTCAATCCAGAAGG-1",2
"ACGTCAATCTAACTCT-1",0
"ACTATCTAGAGGTTAT-1",0
"ACTATCTAGATACACA-1",2
"ACTATCTAGGAGTAGA-1",0
"ACTATCTAGGCATGTG-1",1
"ACTATCTCAAATACAG-1",0
"ACTATCTCAAATTGCC-1",2
"ACTATCTGTAGGGACT-1",0
"ACTATCTGTCGCGTGT-1",1
"ACTATCTGTGCACGAA-1",0
"ACTATCTGTGGTTTCA-1",0
"ACTATCTTCGCCGTGA-1",0
"ACTGAACAGAGTGAGA-1",1
"ACTGAACAGATCCCGC-1",1
"ACTGAACAGGTGATAT-1",1
"ACTGAACCAAAGCGGT-1",0
"ACTGAACCAAGCGAGT-1",0
"ACTGAACCAATTCCTT-1",1
"ACTGAACCAGCTGGCT-1",0
"ACTGAACCAGTCTTCC-1",0
"ACTGAACCATTACCTT-1",1
"ACTGAACGTAAGCACG-1",3
"ACTGAACGTAATCGTC-1",2
"ACTGAACGTCCAGTAT-1",0
"ACTGAACGTCTGATCA-1",1
"ACTGAACTCCCACTTG-1",0
"ACTGAGTAGCCGGTAA-1",0
"ACTGAGTCAGTGGGAT-1",1
"ACTGAGTCATTTGCCC-1",1
"ACTGAGTGTAGAGCTG-1",2
"ACTGAGTGTTGTGGCC-1",0
"ACTGAGTTCAGGTTCA-1",0
"ACTGATGAGACAGACC-1",0
"ACTGATGAGCGGATCA-1",1
"ACTGATGAGGTGCTTT-1",2
"ACTGATGCAGCAGTTT-1",0
"ACTGATGCATCACAAC-1",0
"ACTGATGGTCATGCAT-1",0
"ACTGATGTCACAATGC-1",3
"ACTGATGTCACTCCTG-1",1
"ACTGATGTCCCTGACT-1",0
"ACTGATGTCCGCTGTT-1",0
"ACTGATGTCCGGCACA-1",1
"ACTGATGTCCTATTCA-1",0
"ACTGCTCAGAGCTTCT-1",0
"ACTGCTCAGATGCCTT-1",3
"ACTGCTCCACACCGCA-1",3
"ACTGCTCCAGATGGGT-1",0
"ACTGCTCCATGCCTAA-1",0
"ACTGCTCGTAGGCATG-1",1
"ACTGCTCGTATCACCA-1",0
"ACTGCTCGTCCGAAGA-1",0
"ACTGCTCTCCGAGCCA-1",0
"ACTGTCCAGAGGGCTT-1",0
"ACTGTCCAGCAGCGTA-1",0
"ACTGTCCAGGCATGGT-1",0
"ACTGTCCCAAGGTTTC-1",2
"ACTGTCCCAAGTACCT-1",1
"ACTGTCCCAGTATCTG-1",0
"ACTGTCCCATAGAAAC-1",0
"ACTGTCCGTTGAGGTG-1",1
"ACTGTCCTCCACGTGG-1",1
"ACTGTCCTCCTTGGTC-1",1
"ACTGTCCTCTCTGTCG-1",1
"ACTTACTAGCGATAGC-1",0
"ACTTACTAGGGATGGG-1",1
"ACTTACTCACAGACAG-1",0
"ACTTACTCACATTTCT-1",1
"ACTTACTGTACTCAAC-1",2
"ACTTACTGTTCCACAA-1",1
"ACTTACTTCATCGGAT-1",0
"ACTTGTTAGACAAGCC-1",0
"ACTTGTTAGCTAGCCC-1",0
"ACTTGTTAGTTACCCA-1",0
"ACTTGTTCACGACGAA-1",1
"ACTTGTTCACGGCTAC-1",0
"ACTTGTTGTATCGCAT-1",1
"ACTTGTTGTGGTAACG-1",1
"ACTTGTTGTTGTGGAG-1",1
"ACTTGTTTCATCACCC-1",0
"ACTTTCACATGGTCAT-1",0
"ACTTTCAGTGACTACT-1",0
"ACTTTCATCGCCAGCA-1",2
"AGAATAGAGCTGAACG-1",0
"AGAATAGAGCTGTCTA-1",2
"AGAATAGAGGTAGCTG-1",0
"AGAATAGCATGGTCTA-1",0
"AGAATAGGTAATCGTC-1",2
"AGAATAGGTATTCTCT-1",0
"AGAATAGGTGCGGTAA-1",0
"AGAATAGGTTAAGAAC-1",1
"AGAATAGTCAGGCCCA-1",1
"AGACGTTAGAATGTGT-1",0
"AGACGTTAGCTCCTCT-1",1
"AGACGTTAGTGCCAGA-1",0
"AGACGTTCAGGATCGA-1",1
"AGACGTTGTAGCTGCC-1",0
"AGACGTTGTCTGCAAT-1",0
"AGACGTTGTTCTGTTT-1",1
"AGACGTTTCGCATGGC-1",4
"AGACGTTTCGCTTAGA-1",1
"AGAGCGACAACTTGAC-1",1
"AGAGCGACAAGTACCT-1",4
"AGAGCGACACAACGTT-1",2
"AGAGCGACATGAGCGA-1",0
"AGAGCGAGTCAGTGGA-1",0
"AGAGCGAGTCGACTGC-1",1
"AGAGCGAGTTGAGTTC-1",0
"AGAGCGATCGCGTAGC-1",0
"AGAGCGATCTATCCTA-1",2
"AGAGCGATCTCGCTTG-1",0
"AGAGCTTAGCCGTCGT-1",1
"AGAGCTTAGTACACCT-1",1
"AGAGCTTAGTCATGCT-1",1
"AGAGCTTGTAGAGCTG-1",0
"AGAGCTTGTATCACCA-1",0
"AGAGCTTTCACTATTC-1",0
"AGAGCTTTCCTGCAGG-1",2
"AGAGCTTTCGCAAACT-1",2
"AGAGCTTTCGCTTAGA-1",0
"AGAGTGGAGAGCCTAG-1",0
"AGAGTGGAGGCCCTTG-1",0
"AGAGTGGAGGTACTCT-1",2
"AGAGTGGCACAAGACG-1",3
"AGAGTGGCACCTCGTT-1",1
"AGAGTGGCATCCGGGT-1",0
"AGAGTGGCATCTGGTA-1",0
"AGAGTGGGTCAGCTAT-1",1
"AGAGTGGGTCCTCCAT-1",6
"AGAGTGGGTCTAGTCA-1",3
"AGAGTGGGTTACCGAT-1",0
"AGATCTGAGGTGGGTT-1",0
"AGATCTGAGTCAAGGC-1",0
"AGATCTGCAATGTTGC-1",3
"AGATCTGTCGAATCCA-1",0
"AGATCTGTCTGCAGTA-1",1
"AGATTGCAGGCTACGA-1",1
"AGATTGCCACGACGAA-1",0
"AGATTGCCAGATGGGT-1",0
"AGATTGCGTAGAGCTG-1",4
"AGATTGCGTGATGTCT-1",0
"AGATTGCGTGTTCGAT-1",1
"AGATTGCGTTCACGGC-1",0
"AGATTGCTCACTGGGC-1",1
"AGATTGCTCATCTGTT-1",0
"AGCAGCCAGCTGATAA-1",1
"AGCAGCCCACCGAAAG-1",2
"AGCAGCCGTCGACTGC-1",0
"AGCAGCCGTCGCTTTC-1",0
"AGCAGCCGTCTAACGT-1",0
"AGCAGCCGTGTGAAAT-1",1
"AGCAGCCGTTTGTTGG-1",2
"AGCAGCCTCCAAACAC-1",0
"AGCATACAGTGGTAGC-1",2
"AGCATACAGTTGTCGT-1",1
"AGCATACGTCTTCTCG-1",0
"AGCATACGTTAAGTAG-1",0
"AGCATACTCCGTTGCT-1",1
"AGCCTAAAGATATGGT-1",0
"AGCCTAACAAAGCGGT-1",2
"AGCCTAACAGATAATG-1",0
"AGCCTAAGTACGAAAT-1",1
"AGCCTAAGTCACCTAA-1",0
"AGCCTAAGTGTGCCTG-1",1
"AGCCTAATCACCCGAG-1",0
"AGCCTAATCCAATGGT-1",0
"AGCCTAATCCTTGGTC-1",1
"AGCCTAATCTGTGCAA-1",1
"AGCCTAATCTGTTTGT-1",1
"AGCGGTCAGCGAAGGG-1",0
"AGCGGTCAGGTACTCT-1",5
"AGCGGTCAGTGACTCT-1",1
"AGCGGTCCAGCCTTGG-1",0
"AGCGGTCGTCCTAGCG-1",0
"AGCGGTCGTGGTGTAG-1",0
"AGCGGTCGTTAAGGGC-1",0
"AGCGGTCGTTTGCATG-1",0
"AGCGGTCTCCGAAGAG-1",1
"AGCGGTCTCCTCAATT-1",0
"AGCGGTCTCTGGGCCA-1",3
"AGCGTATAGAACTGTA-1",2
"AGCGTATAGCGATGAC-1",0
"AGCGTATAGGTACTCT-1",3
"AGCGTATGTTGAGGTG-1",0
"AGCGTATTCCAGAGGA-1",0
"AGCGTCGAGTTGAGTA-1",0
"AGCGTCGCAGGGATTG-1",2
"AGCGTCGTCTGAAAGA-1",0
"AGCTCCTAGACCTAGG-1",0
"AGCTCCTAGCGTTTAC-1",2
"AGCTCCTGTGTTTGTG-1",3
"AGCTCCTGTTGTCTTT-1",0
"AGCTCCTTCCGAATGT-1",1
"AGCTCCTTCTTGACGA-1",0
"AGCTCTCAGCGGATCA-1",2
"AGCTCTCAGCTGTTCA-1",2
"AGCTCTCAGGTGCTAG-1",0
"AGCTCTCCATACAGCT-1",1
"AGCTCTCGTCAGAGGT-1",0
"AGCTCTCGTGGGTCAA-1",2
"AGCTCTCTCACAACGT-1",0
"AGCTCTCTCTTGACGA-1",3
"AGCTTGAAGCATCATC-1",2
"AGCTTGAAGTAGCGGT-1",2
"AGCTTGAAGTTGTCGT-1",0
"AGCTTGACAATCCAAC-1",0
"AGCTTGACACCGATAT-1",1
"AGCTTGAGTCTACCTC-1",0
"AGCTTGAGTGCGCTTG-1",0
"AGCTTGAGTTACGCGC-1",0
"AGCTTGATCCTGCCAT-1",2
"AGCTTGATCTGCAAGT-1",1
"AGGCCACAGAGTAAGG-1",0
"AGGCCACAGGGTCTCC-1",2
"AGGCCACAGTACTTGC-1",2
"AGGCCACCAGGACCCT-1",1
"AGGCCACCATCAGTCA-1",1
"AGGCCACTCATGCTCC-1",0
"AGGCCACTCATGGTCA-1",2
"AGGCCACTCATTGCGA-1",1
"AGGCCGTAGGATCGCA-1",1
"AGGCCGTCACGTAAGG-1",0
"AGGCCGTCAGCTCGAC-1",1
"AGGCCGTCATCGTCGG-1",0
"AGGCCGTTCACGGTTA-1",0
"AGGCCGTTCGAACTGT-1",1
"AGGCCGTTCTCAAGTG-1",1
"AGGCCGTTCTGCTTGC-1",0
"AGGGAGTAGCCCAACC-1",0
"AGGGAGTAGGAGTACC-1",2
"AGGGAGTAGGCAGGTT-1",1
"AGGGAGTCACGAGAGT-1",0
"AGGGAGTCAGAAGCAC-1",0
"AGGGAGTCAGATCCAT-1",2
"AGGGAGTCATCGACGC-1",0
"AGGGAGTCATGCTAGT-1",1
"AGGGAGTGTCCATGAT-1",2
"AGGGAGTTCATAACCG-1",0
"AGGGATGAGCTCTCGG-1",0
"AGGGATGAGGAGTAGA-1",1
"AGGGATGAGTAGCGGT-1",1
"AGGGATGCAATGAATG-1",3
"AGGGATGCAATGGAGC-1",0
"AGGGATGCACAAGACG-1",0
"AGGGATGCACATTTCT-1",0
"AGGGATGCATGGTCTA-1",1
"AGGGATGGTTAAAGTG-1",1
"AGGGATGGTTATGCGT-1",0
"AGGGATGTCGTGACAT-1",3
"AGGGTGAAGATGGCGT-1",1
"AGGGTGAAGATGGGTC-1",2
"AGGGTGAAGGCTCAGA-1",2
"AGGGTGACACGAGAGT-1",1
"AGGGTGACAGATGGCA-1",2
"AGGGTGACAGATTGCT-1",0
"AGGGTGAGTACTCTCC-1",1
"AGGGTGAGTTATCGGT-1",0
"AGGGTGAGTTCTGAAC-1",0
"AGGGTGATCTCGCTTG-1",2
"AGGTCATAGAGCCCAA-1",0
"AGGTCATAGCCAGAAC-1",4
"AGGTCATAGGCATGGT-1",0
"AGGTCATAGGGAGTAA-1",0
"AGGTCATCACTCAGGC-1",2
"AGGTCATCACTCTGTC-1",1
"AGGTCATGTTCCACTC-1",0
"AGGTCATTCTCGTTTA-1",0
"AGGTCCGAGGATGCGT-1",1
"AGGTCCGCAACACGCC-1",0
"AGGTCCGGTGATGCCC-1",2
"AGGTCCGTCCATGAAC-1",0
"AGGTCCGTCGCCCTTA-1",1
"AGGTCCGTCTGCGTAA-1",0
"AGTAGTCAGACTGTAA-1",0
"AGTAGTCAGTACGACG-1",2
"AGTAGTCAGTTTAGGA-1",0
"AGTAGTCCAACTGGCC-1",1
"AGTAGTCGTGCAGACA-1",0
"AGTAGTCTCACCCGAG-1",1
"AGTCTTTAGGCAGTCA-1",0
"AGTCTTTCAAATCCGT-1",0
"AGTCTTTCATATACCG-1",0
"AGTCTTTGTGCTTCTC-1",1
"AGTCTTTGTGTCCTCT-1",3
"AGTCTTTGTTTGTTTC-1",0
"AGTCTTTTCGCAGGCT-1",0
"AGTCTTTTCGCGTAGC-1",0
"AGTCTTTTCGCTAGCG-1",1
"AGTCTTTTCGCTTGTC-1",3
"AGTCTTTTCTGACCTC-1",0
"AGTGAGGAGATAGCAT-1",0
"AGTGAGGCAGGTGCCT-1",2
"AGTGAGGGTATGAAAC-1",0
"AGTGAGGGTCACTTCC-1",0
"AGTGAGGGTCGCGAAA-1",0
"AGTGAGGGTTATGTGC-1",1
"AGTGAGGTCTACTATC-1",0
"AGTGGGAAGCAGACTG-1",1
"AGTGGGACAAACGCGA-1",2
"AGTGGGACAAGCCGTC-1",1
"AGTGGGACACAGGAGT-1",0
"AGTGGGACACGAGAGT-1",2
"AGTGGGATCATCGATG-1",0
"AGTGGGATCCACGAAT-1",0
"AGTGGGATCCTGCAGG-1",1
"AGTGTCAAGAAGCCCA-1",1
"AGTGTCAAGCTAGTCT-1",0
"AGTGTCAAGTACGACG-1",2
"AGTGTCAAGTGAACAT-1",1
"AGTGTCACACCATCCT-1",1
"AGTGTCACAGTAAGCG-1",0
"AGTGTCACAGTGGAGT-1",4
"AGTGTCAGTAAACCTC-1",0
"AGTGTCAGTACAGCAG-1",1
"AGTGTCAGTCTCCACT-1",0
"AGTGTCAGTTTGACTG-1",0
"AGTGTCATCAAAGTAG-1",1
"AGTGTCATCCGTCAAA-1",0
"AGTGTCATCGTTACAG-1",1
"AGTGTCATCTGTCAAG-1",0
"AGTTGGTAGACTGTAA-1",1
"AGTTGGTAGTACGCGA-1",5
"AGTTGGTCAAATTGCC-1",2
"AGTTGGTCAGGAATGC-1",0
"AGTTGGTCATGCGCAC-1",0
"AGTTGGTGTACCGTAT-1",2
"AGTTGGTGTATGCTTG-1",1
"AGTTGGTGTCAGGACA-1",0
"AGTTGGTGTTCAGACT-1",1
"AGTTGGTTCAGTACGT-1",0
"AGTTGGTTCCTCAACC-1",1
"AGTTGGTTCGTACCGG-1",0
"AGTTGGTTCTGTCCGT-1",1
"ATAACGCAGTTGAGTA-1",0
"ATAACGCCACGTGAGA-1",0
"ATAACGCGTGAACCTT-1",1
"ATAACGCGTGTCCTCT-1",2
"ATAACGCGTGTGAAAT-1",1
"ATAACGCTCTCCGGTT-1",4
"ATAAGAGAGTCCGGTC-1",3
"ATAAGAGCAACTGCGC-1",0
"ATAAGAGCAGTATCTG-1",3
"ATAAGAGGTGACGCCT-1",0
"ATAAGAGGTTAAAGTG-1",4
"ATAAGAGTCAGCACAT-1",0
"ATAAGAGTCAGTGCAT-1",2
"ATAGACCAGAGAGCTC-1",2
"ATAGACCAGCCCAATT-1",0
"ATAGACCCAAGCCATT-1",1
"ATAGACCCATCTGGTA-1",0
"ATAGACCGTATATGGA-1",0
"ATAGACCGTGGACGAT-1",3
"ATAGACCGTGGCGAAT-1",1
"ATAGACCGTTTCGCTC-1",0
"ATCACGAAGAACTCGG-1",1
"ATCACGAAGACACGAC-1",2
"ATCACGAAGTTACCCA-1",1
"ATCACGACAAGACACG-1",2
"ATCACGACAAGCGTAG-1",2
"ATCACGACACACATGT-1",0
"ATCACGACACCACCAG-1",0
"ATCACGACACGGTAAG-1",1
"ATCACGACAGCGAACA-1",2
"ATCACGATCCCGACTT-1",1
"ATCACGATCGGTGTCG-1",1
"ATCATCTAGCCTATGT-1",0
"ATCATCTAGGCCATAG-1",3
"ATCATCTAGTACTTGC-1",0
"ATCATCTCAGACGCCT-1",1
"ATCATCTCATCCGTGG-1",0
"ATCATCTGTATTACCG-1",0
"ATCATCTGTCACTTCC-1",2
"ATCATCTTCAGCGACC-1",2
"ATCATCTTCCTCAACC-1",4
"ATCATGGCAAGCGTAG-1",1
"ATCATGGCAAGGTTCT-1",1
"ATCATGGCACTACAGT-1",1
"ATCATGGGTAAGGGAA-1",1
"ATCATGGGTTGTGGCC-1",2
"ATCATGGTCAATAAGG-1",1
"ATCATGGTCCAATGGT-1",0
"ATCATGGTCGCCATAA-1",0
"ATCATGGTCGGTTAAC-1",2
"ATCCACCAGCTAGTCT-1",3
"ATCCACCAGGCTCTTA-1",0
"ATCCACCCAAACGTGG-1",2
"ATCCACCCAGTTAACC-1",2
"ATCCACCGTCCGAAGA-1",2
"ATCCACCGTTTGTTTC-1",1
"ATCCACCTCCTGCTTG-1",0
"ATCCACCTCCTTAATC-1",4
"ATCCACCTCTGGTATG-1",2
"ATCCGAAAGCGATGAC-1",1
"ATCCGAAAGCTAGGCA-1",2
"ATCCGAACAAACGTGG-1",0
"ATCCGAACAACAACCT-1",1
"ATCCGAACAAGGACTG-1",2
"ATCCGAACACCCATTC-1",0
"ATCCGAACACGGTAGA-1",1
"ATCCGAAGTAGCGCTC-1",0
"ATCCGAAGTCATTAGC-1",1
"ATCCGAAGTCTCTTAT-1",1
"ATCCGAATCCAACCAA-1",2
"ATCCGAATCCTTGACC-1",0
"ATCCGAATCTTGTCAT-1",3
"ATCGAGTAGACTTTCG-1",0
"ATCGAGTCATCCGGGT-1",1
"ATCGAGTGTCCCTTGT-1",0
"ATCGAGTGTCTCCCTA-1",0
"ATCGAGTTCATGCATG-1",0
"ATCGAGTTCCTGCCAT-1",0
"ATCTACTAGGTGTGGT-1",1
"ATCTACTCAGCTGTAT-1",4
"ATCTACTCAGTACACT-1",1
"ATCTACTCATGACATC-1",4
"ATCTACTGTAAGTAGT-1",1
"ATCTACTGTGTCGCTG-1",1
"ATCTACTTCCGCGTTT-1",1
"ATCTACTTCGCAAGCC-1",1
"ATCTACTTCTATCGCC-1",5
"ATCTACTTCTCTAAGG-1",0
"ATCTGCCAGGCTCAGA-1",0
"ATCTGCCGTACAGTTC-1",0
"ATCTGCCGTTGTGGAG-1",0
"ATCTGCCTCAGAGACG-1",2
"ATCTGCCTCAGCTGGC-1",0
"ATCTGCCTCGTACGGC-1",0
"ATCTGCCTCTCGAGTA-1",1
"ATCTGCCTCTGAGTGT-1",1
"ATCTGCCTCTTGTATC-1",1
"ATGAGGGAGGTCGGAT-1",2
"ATGAGGGCATGACGGA-1",2
"ATGAGGGCATTAGGCT-1",0
"ATGAGGGTCACATGCA-1",0
"ATGAGGGTCAGTCCCT-1",2
"ATGCGATAGTCAATAG-1",0
"ATGCGATCATGTTGAC-1",1
"ATGCGATGTGCAGTAG-1",2
"ATGCGATGTGCATCTA-1",0
"ATGCGATTCCCAAGAT-1",1
"ATGCGATTCGCCATAA-1",1
"ATGGGAGAGCAATATG-1",1
"ATGGGAGAGCCACGCT-1",1
"ATGGGAGAGGTGATAT-1",1
"ATGGGAGCACCAGGTC-1",0
"ATGGGAGCACTATCTT-1",1
"ATGGGAGCAGCATACT-1",1
"ATGGGAGCATAGAAAC-1",0
"ATGGGAGCATTACCTT-1",0
"ATGGGAGTCAAGGTAA-1",0
"ATGTGTGAGCGAAGGG-1",0
"ATGTGTGAGGGTTTCT-1",1
"ATGTGTGAGTTGAGTA-1",1
"ATGTGTGCACGGCGTT-1",0
"ATGTGTGCACGGTTTA-1",0
"ATGTGTGCAGTATAAG-1",0
"ATGTGTGTCACGCGGT-1",0
"ATTACTCAGATGTGTA-1",3
"ATTACTCAGCGTAATA-1",1
"ATTACTCAGGTGCACA-1",1
"ATTACTCAGTGAAGTT-1",1
"ATTACTCCAAACTGTC-1",0
"ATTACTCCACCATCCT-1",0
"ATTACTCCAGACTCGC-1",0
"ATTACTCCATATGCTG-1",1
"ATTACTCCATCGGTTA-1",0
"ATTACTCCATTGCGGC-1",0
"ATTACTCGTTAAAGAC-1",1
"ATTACTCTCCGAACGC-1",2
"ATTATCCAGAGTACCG-1",1
"ATTATCCAGCTTATCG-1",2
"ATTATCCCACAAGCCC-1",1
"ATTATCCCATATGAGA-1",0
"ATTATCCCATCTGGTA-1",0
"ATTATCCGTCGTTGTA-1",3
"ATTATCCGTCTCTCTG-1",0
"ATTATCCTCAACGGGA-1",0
"ATTATCCTCCGCGCAA-1",2
"ATTATCCTCTCCGGTT-1",1
"ATTCTACGTCACTTCC-1",0
"ATTCTACGTCTAGTCA-1",1
"ATTCTACGTTGTCGCG-1",0
"ATTGGACAGCAGATCG-1",0
"ATTGGACAGGGCATGT-1",2
"ATTGGACAGTGGACGT-1",1
"ATTGGACCAAGACACG-1",2
"ATTGGACGTAATAGCA-1",2
"ATTGGACTCCTGCTTG-1",1
"ATTGGACTCGGCGCAT-1",2
"ATTGGACTCGTTTGCC-1",2
"ATTGGTGAGAATGTTG-1",0
"ATTGGTGCAAGCTGAG-1",2
"ATTGGTGCAGCAGTTT-1",3
"ATTGGTGGTATGGTTC-1",1
"ATTGGTGGTTGAGTTC-1",1
"ATTGGTGTCAAAGTAG-1",1
"ATTGGTGTCGGAAACG-1",0
"ATTTCTGAGGGATACC-1",1
"ATTTCTGAGGGATCTG-1",0
"ATTTCTGAGGTGTTAA-1",1
"ATTTCTGAGTCGAGTG-1",2
"ATTTCTGAGTTCGCAT-1",0
"ATTTCTGCAAGGTGTG-1",0
"ATTTCTGGTAGCTCCG-1",0
"ATTTCTGGTGCACGAA-1",0
"ATTTCTGGTTGCCTCT-1",1
"ATTTCTGTCAAAGTAG-1",2
"ATTTCTGTCAGCTCGG-1",1
"ATTTCTGTCTTGGGTA-1",0
"CAACCAAAGAAACGCC-1",0
"CAACCAAAGAGGGCTT-1",1
"CAACCAAAGCTGAAAT-1",2
"CAACCAAAGGACAGCT-1",2
"CAACCAAAGGGAGTAA-1",2
"CAACCAACATACGCTA-1",1
"CAACCTCAGTAATCCC-1",1
"CAACCTCCAGACGCAA-1",1
"CAACCTCGTGAGTGAC-1",0
"CAACCTCGTTCCACGG-1",0
"CAACCTCTCATACGGT-1",2
"CAACCTCTCCGATATG-1",0
"CAACCTCTCCTTTACA-1",0
"CAACCTCTCTCTAGGA-1",0
"CAACTAGAGAATAGGG-1",1
"CAACTAGAGGATGCGT-1",2
"CAACTAGCACCATCCT-1",2
"CAACTAGCAGACTCGC-1",1
"CAACTAGCAGTTCATG-1",1
"CAACTAGGTACGCACC-1",0
"CAACTAGTCAGGCCCA-1",3
"CAAGAAAAGAAGGACA-1",1
"CAAGAAAAGACGCACA-1",0
"CAAGAAAAGGCCCTTG-1",0
"CAAGAAAAGGTGATAT-1",1
"CAAGAAAAGTCGATAA-1",0
"CAAGAAAAGTGGAGTC-1",0
"CAAGAAAAGTGTACCT-1",3
"CAAGAAACACGGTGTC-1",1
"CAAGAAATCTGCTTGC-1",2
"CAAGATCAGCTGAAAT-1",2
"CAAGATCGTAAGAGGA-1",1
"CAAGATCGTGCCTTGG-1",0
"CAAGATCTCAACACCA-1",0
"CAAGATCTCTCGATGA-1",1
"CAAGGCCAGGAGTCTG-1",2
"CAAGGCCAGGCTATCT-1",0
"CAAGGCCCACGGTAAG-1",2
"CAAGGCCCATGTTCCC-1",0
"CAAGGCCGTCCGTCAG-1",0
"CAAGGCCTCAACGGGA-1",1
"CAAGGCCTCCTTGACC-1",1
"CAAGGCCTCGTGACAT-1",0
"CAAGTTGAGACAGGCT-1",1
"CAAGTTGAGATGTCGG-1",1
"CAAGTTGAGCGTCAAG-1",1
"CAAGTTGAGCGTTTAC-1",0
"CAAGTTGCACATTAGC-1",1
"CAAGTTGCACGCTTTC-1",0
"CAAGTTGCACGGTGTC-1",2
"CAAGTTGCATTCTTAC-1",3
"CAAGTTGGTACTCAAC-1",0
"CAAGTTGGTCAGGACA-1",0
"CAAGTTGGTCGGCACT-1",0
"CAAGTTGTCAACGAAA-1",0
"CAAGTTGTCACCACCT-1",2
"CAAGTTGTCATTGCCC-1",0
"CAAGTTGTCGAATCCA-1",3
"CAAGTTGTCTACTTAC-1",0
"CACAAACAGGGCTCTC-1",2
"CACAAACAGGGCTTGA-1",2
"CACAAACAGTGACATA-1",1
"CACAAACCAACTGCGC-1",0
"CACAAACCAATAAGCA-1",1
"CACAAACCAATCAGAA-1",0
"CACAAACCACTTAACG-1",0
"CACAAACCATGAACCT-1",1
"CACAAACCATGGTCAT-1",1
"CACAAACGTCAACTGT-1",2
"CACAAACGTCAGAATA-1",1
"CACAAACTCTTCGGTC-1",0
"CACAAACTCTTGGGTA-1",5
"CACACAAAGCGACGTA-1",0
"CACACAAAGGGAGTAA-1",2
"CACACAACAAACGTGG-1",0
"CACACAACACATGACT-1",1
"CACACAACATCGATTG-1",0
"CACACAACATTGGGCC-1",0
"CACACAAGTACGACCC-1",0
"CACACAAGTCAGTGGA-1",0
"CACACAAGTCATCGGC-1",1
"CACACAAGTTTACTCT-1",0
"CACACAATCCACGTGG-1",0
"CACACAATCCACGTTC-1",0
"CACACAATCGGCGCAT-1",1
"CACACCTAGAGACTAT-1",2
"CACACCTAGGACATTA-1",1
"CACACCTAGTCATCCA-1",3
"CACACCTAGTGTGAAT-1",2
"CACACCTCACTGAAGG-1",2
"CACACCTCATAGGATA-1",0
"CACACCTCATAGTAAG-1",2
"CACACCTCATTGGGCC-1",2
"CACACCTGTACAGCAG-1",1
"CACACCTGTACCGCTG-1",1
"CACACCTGTCCAAGTT-1",1
"CACACCTGTGGACGAT-1",1
"CACACCTGTGGTCTCG-1",2
"CACACCTTCATGTCTT-1",0
"CACACCTTCTGGCGAC-1",0
"CACACTCAGGGAAACA-1",0
"CACACTCCAACACCTA-1",1
"CACACTCCAAGGGTCA-1",0
"CACACTCGTGACGCCT-1",1
"CACACTCGTTTGTGTG-1",4
"CACAGGCAGCCATCGC-1",0
"CACAGGCAGGGATGGG-1",2
"CACAGGCCAAGAGTCG-1",0
"CACAGGCCAATGGAGC-1",1
"CACAGGCGTCTAGGTT-1",3
"CACAGGCGTTACGCGC-1",0
"CACAGGCTCGGGAGTA-1",0
"CACAGGCTCTATGTGG-1",4
"CACAGTAAGACGCAAC-1",1
"CACAGTAAGACGCACA-1",0
"CACAGTAAGTGGGCTA-1",2
"CACAGTACAACTGGCC-1",3
"CACAGTACATCGGACC-1",2
"CACAGTAGTTCCATGA-1",1
"CACATAGAGCCCAATT-1",0
"CACATAGAGTGTACTC-1",1
"CACATAGCACTTCTGC-1",1
"CACATAGCAGGGTATG-1",0
"CACATAGTCCTTGCCA-1",0
"CACATAGTCGGCGCAT-1",0
"CACATTTAGCAGATCG-1",1
"CACATTTAGGGCACTA-1",1
"CACATTTCACGGCGTT-1",1
"CACATTTCATTACCTT-1",0
"CACATTTGTCGAACAG-1",2
"CACATTTGTGTTGAGG-1",3
"CACATTTTCCAGAGGA-1",0
"CACATTTTCCGCATCT-1",2
"CACATTTTCTACTATC-1",3
"CACATTTTCTGTGCAA-1",0
"CACCACTAGCCACGTC-1",1
"CACCACTAGTGGTAAT-1",2
"CACCACTAGTTACCCA-1",0
"CACCACTCAAGCCCAC-1",1
"CACCACTCAGTTCATG-1",0
"CACCACTGTTATTCTC-1",0
"CACCACTTCACCGGGT-1",2
"CACCACTTCGAATCCA-1",6
"CACCACTTCGACCAGC-1",0
"CACCACTTCTAACCGA-1",0
"CACCACTTCTTTAGTC-1",0
"CACCAGGCACATTAGC-1",3
"CACCAGGCACTGCCAG-1",0
"CACCAGGCATAAAGGT-1",1
"CACCAGGCATGAACCT-1",1
"CACCAGGGTGAAATCA-1",2
"CACCAGGGTGTTTGGT-1",2
"CACCAGGGTTATCACG-1",1
"CACCAGGTCATGTAGC-1",1
"CACCAGGTCTGCTTGC-1",0
"CACCTTGAGACTTGAA-1",2
"CACCTTGAGTCAATAG-1",0
"CACCTTGCACTAGTAC-1",0
"CACCTTGCAGGCGATA-1",0
"CACCTTGCATTCCTGC-1",1
"CACCTTGGTCATTAGC-1",6
"CACCTTGGTGATGTCT-1",0
"CACCTTGGTGTGAAAT-1",1
"CACCTTGGTTATGTGC-1",1
"CACCTTGTCAACCATG-1",1
"CACCTTGTCATTATCC-1",1
"CACCTTGTCCAAAGTC-1",3
"CACCTTGTCTCACATT-1",0
"CACTCCAAGACAAGCC-1",1
"CACTCCAAGGTACTCT-1",1
"CACTCCACAATGGACG-1",2
"CACTCCAGTACATGTC-1",0
"CACTCCAGTTGTCGCG-1",1
"CACTCCATCAACACAC-1",0
"CACTCCATCCCAGGTG-1",0
"CAGAATCAGAAACCTA-1",1
"CAGAATCAGCCAACAG-1",4
"CAGAATCAGCTGGAAC-1",0
"CAGAATCAGGACTGGT-1",0
"CAGAATCAGTATCGAA-1",4
"CAGAATCCACAGAGGT-1",2
"CAGAATCCAGGGTACA-1",1
"CAGAATCGTAAGTGTA-1",2
"CAGAATCGTAATCACC-1",2
"CAGAATCTCAGTTTGG-1",1
"CAGAATCTCGCAAGCC-1",1
"CAGAATCTCGGTCCGA-1",0
"CAGAATCTCTTGCAAG-1",1
"CAGAATCTCTTGTACT-1",3
"CAGAGAGAGAATTGTG-1",2
"CAGAGAGAGCAATATG-1",1
"CAGAGAGCAAGAAGAG-1",1
"CAGAGAGCACCAGATT-1",0
"CAGAGAGGTAATCACC-1",3
"CAGAGAGGTAGCTGCC-1",0
"CAGAGAGGTAGGACAC-1",2
"CAGAGAGGTATAGGGC-1",0
"CAGAGAGGTCCGAATT-1",0
"CAGAGAGGTTGAGGTG-1",0
"CAGAGAGTCACCCGAG-1",0
"CAGAGAGTCATAACCG-1",0
"CAGAGAGTCCGAACGC-1",2
"CAGAGAGTCTGGTATG-1",1
"CAGATCAAGAGACGAA-1",1
"CAGATCAAGCACCGTC-1",1
"CAGATCAAGCTTCGCG-1",1
"CAGATCAAGGATTCGG-1",0
"CAGATCAAGTGTACCT-1",2
"CAGATCAAGTTTAGGA-1",2
"CAGATCACAATAACGA-1",2
"CAGATCACACACCGAC-1",1
"CAGATCACACGGTAAG-1",1
"CAGATCACACTCTGTC-1",0
"CAGATCACAGCATACT-1",2
"CAGATCACAGTGGGAT-1",1
"CAGATCAGTACCAGTT-1",2
"CAGATCAGTGCGGTAA-1",1
"CAGATCATCTGATACG-1",2
"CAGATCATCTGATTCT-1",1
"CAGCAGCAGATGCCAG-1",3
"CAGCAGCAGGGAACGG-1",0
"CAGCAGCCACCTATCC-1",1
"CAGCAGCCATCACAAC-1",2
"CAGCAGCGTGCTAGCC-1",1
"CAGCAGCTCAACACTG-1",0
"CAGCAGCTCGAACTGT-1",1
"CAGCAGCTCGCCGTGA-1",0
"CAGCATAAGAGACGAA-1",1
"CAGCATAGTCTAGGTT-1",0
"CAGCATAGTTTACTCT-1",1
"CAGCATATCACGAAGG-1",0
"CAGCATATCAGGCAAG-1",0
"CAGCATATCCTTAATC-1",1
"CAGCCGAAGCATCATC-1",2
"CAGCCGAAGTTTCCTT-1",2
"CAGCCGACACGTGAGA-1",0
"CAGCCGACATCAGTCA-1",0
"CAGCCGAGTGATGTCT-1",0
"CAGCCGATCACCAGGC-1",1
"CAGCCGATCCTCAATT-1",0
"CAGCGACAGAAACGCC-1",2
"CAGCGACAGCGTCAAG-1",1
"CAGCGACCAAACGTGG-1",1
"CAGCGACCAAAGCGGT-1",3
"CAGCGACCACGTCAGC-1",0
"CAGCGACCATGGGACA-1",1
"CAGCGACGTCTGATTG-1",0
"CAGCGACGTGGACGAT-1",2
"CAGCGACGTGGTTTCA-1",1
"CAGCGACGTTCGGCAC-1",0
"CAGCGACTCCGCAAGC-1",0
"CAGCGACTCTGGGCCA-1",0
"CAGCTAAAGATGTGTA-1",1
"CAGCTAAAGCAGACTG-1",1
"CAGCTAAAGCTGTTCA-1",2
"CAGCTAAAGGAGCGTT-1",1
"CAGCTAACACAGATTC-1",1
"CAGCTAACATCAGTAC-1",3
"CAGCTAAGTAATCGTC-1",0
"CAGCTAAGTCTCACCT-1",0
"CAGCTAAGTTCGTCTC-1",5
"CAGCTAATCCACGCAG-1",1
"CAGCTAATCCCTAACC-1",0
"CAGCTAATCTGGTTCC-1",0
"CAGCTAATCTTAGCCC-1",1
"CAGCTAATCTTCGGTC-1",1
"CAGCTGGAGACACTAA-1",0
"CAGCTGGAGATCCTGT-1",0
"CAGCTGGCACCAACCG-1",1
"CAGCTGGCAGTGGAGT-1",1
"CAGCTGGCATGCATGT-1",3
"CAGCTGGTCTACCTGC-1",3
"CAGGTGCAGAGACGAA-1",1
"CAGGTGCAGATCCTGT-1",1
"CAGGTGCAGGCATGTG-1",1
"CAGGTGCCAGGAACGT-1",4
"CAGGTGCCATAGTAAG-1",3
"CAGGTGCCATCGGAAG-1",1
"CAGGTGCTCAGTTGAC-1",3
"CAGGTGCTCCAAGTAC-1",0
"CAGGTGCTCTTGTATC-1",0
"CAGTAACAGATATGGT-1",1
"CAGTAACAGATGGCGT-1",0
"CAGTAACCAATCACAC-1",0
"CAGTAACCACTCGACG-1",1
"CAGTAACGTGATAAGT-1",0
"CAGTAACGTGCACCAC-1",0
"CAGTAACTCAGAGGTG-1",0
"CAGTAACTCGTACGGC-1",1
"CAGTAACTCGTGACAT-1",0
"CAGTAACTCTGCCAGG-1",1
"CAGTCCTAGAATCTCC-1",1
"CAGTCCTAGATCTGCT-1",2
"CAGTCCTCAGTATAAG-1",1
"CAGTCCTTCAACACGT-1",0
"CAGTCCTTCCATGAGT-1",1
"CAGTCCTTCCCGACTT-1",3
"CAGTCCTTCCCTTGTG-1",1
"CAGTCCTTCGAACGGA-1",3
"CAGTCCTTCGGTTCGG-1",0
"CAGTCCTTCTACTTAC-1",1
"CATATGGAGAGATGAG-1",0
"CATATGGAGGCATGGT-1",1
"CATATGGAGTATTGGA-1",2
"CATATGGCAAGCGTAG-1",0
"CATATGGGTCGCATAT-1",0
"CATATGGTCATTATCC-1",1
"CATATGGTCATTGCGA-1",1
"CATATTCAGGCGACAT-1",1
"CATATTCCACCACCAG-1",1
"CATATTCGTGACTACT-1",0
"CATATTCGTGGTACAG-1",0
"CATATTCGTGTGACGA-1",0
"CATATTCTCACAGGCC-1",1
"CATATTCTCGCAAACT-1",0
"CATCAAGAGAACTCGG-1",1
"CATCAAGAGATGGCGT-1",0
"CATCAAGAGCCGCCTA-1",2
"CATCAAGCACGAAACG-1",2
"CATCAAGCAGCCTTTC-1",2
"CATCAAGCATGGAATA-1",1
"CATCAAGGTTACTGAC-1",1
"CATCAAGGTTCCATGA-1",0
"CATCAAGTCTAAGCCA-1",0
"CATCAAGTCTGACCTC-1",1
"CATCAGAAGCTAGTCT-1",3
"CATCAGACAAGCCATT-1",0
"CATCAGACAATGACCT-1",0
"CATCAGACACGGCCAT-1",1
"CATCAGACAGACAGGT-1",2
"CATCAGACATAACCTG-1",2
"CATCAGAGTAATTGGA-1",0
"CATCAGAGTACATGTC-1",2
"CATCAGAGTGTTAAGA-1",1
"CATCAGAGTTCAACCA-1",0
"CATCAGATCGTTGACA-1",2
"CATCCACGTAAAGTCA-1",2
"CATCCACGTACCGTAT-1",2
"CATCCACGTGCCTGTG-1",5
"CATCCACGTTTAAGCC-1",3
"CATCGAAAGAGTACAT-1",2
"CATCGAAAGCTGTCTA-1",0
"CATCGAACAAGAGGCT-1",1
"CATCGAACAAGCTGAG-1",0
"CATCGAACACATTTCT-1",2
"CATCGAACATAAAGGT-1",1
"CATCGAAGTAGTACCT-1",1
"CATCGAAGTCCGACGT-1",5
"CATCGAAGTGCACTTA-1",3
"CATCGAATCAAACCAC-1",2
"CATCGAATCCGCGGTA-1",0
"CATCGAATCCGTAGTA-1",0
"CATCGGGAGAAGCCCA-1",0
"CATCGGGAGCGAGAAA-1",2
"CATCGGGAGGGTGTGT-1",3
"CATCGGGAGGTGTTAA-1",4
"CATCGGGAGTGACTCT-1",1
"CATCGGGCACTCAGGC-1",1
"CATCGGGCAGACGCTC-1",1
"CATCGGGCATCACAAC-1",0
"CATCGGGGTCCTCTTG-1",2
"CATCGGGGTGAGGGAG-1",0
"CATCGGGGTTCGAATC-1",2
"CATCGGGTCAGGATCT-1",1
"CATCGGGTCCACGAAT-1",0
"CATCGGGTCGATGAGG-1",2
"CATGACAAGACCACGA-1",2
"CATGACAAGCTCCTCT-1",0
"CATGACAAGTAACCCT-1",0
"CATGACAAGTATCTCG-1",1
"CATGACAGTCGTCTTC-1",0
"CATGACAGTGAACCTT-1",1
"CATGACATCAATAAGG-1",0
"CATGACATCTAACTGG-1",0
"CATGCCTAGACCTAGG-1",2
"CATGCCTAGAGTCTGG-1",1
"CATGCCTCACCACCAG-1",0
"CATGCCTGTCAAAGCG-1",0
"CATGCCTGTCGATTGT-1",0
"CATGCCTTCCACGACG-1",1
"CATGCCTTCCTCATTA-1",0
"CATGCCTTCGCATGAT-1",0
"CATGGCGAGAGCTGGT-1",0
"CATGGCGAGTACGACG-1",0
"CATGGCGTCCAAAGTC-1",2
"CATGGCGTCCCTTGTG-1",2
"CATGGCGTCGGCCGAT-1",0
"CATGGCGTCTCAAACG-1",0
"CATGGCGTCTGCCCTA-1",2
"CATTATCAGACCCACC-1",0
"CATTATCAGTCCCACG-1",0
"CATTATCCAAGTCTGT-1",1
"CATTATCCAGGGCATA-1",0
"CATTATCGTCAATGTC-1",0
"CATTATCTCACAAACC-1",2
"CATTATCTCAGATAAG-1",1
"CATTATCTCGCGTTTC-1",1
"CATTATCTCGTTGCCT-1",3
"CATTATCTCTATCCCG-1",0
"CATTATCTCTTAACCT-1",1
"CATTCGCAGGTGCTAG-1",0
"CATTCGCCAAGGGTCA-1",1
"CATTCGCCAGCCTATA-1",0
"CATTCGCCATACAGCT-1",2
"CATTCGCCATGGATGG-1",2
"CATTCGCCATGTCTCC-1",0
"CATTCGCCATTCACTT-1",0
"CATTCGCGTAGCACGA-1",0
"CATTCGCTCATCACCC-1",0
"CCAATCCAGACCACGA-1",0
"CCAATCCAGATATGGT-1",4
"CCAATCCAGTCGAGTG-1",1
"CCAATCCAGTCGTTTG-1",1
"CCAATCCAGTTTAGGA-1",1
"CCAATCCCAAGCGAGT-1",3
"CCAATCCTCGGACAAG-1",2
"CCAATCCTCTACCTGC-1",1
"CCACCTAAGCAGACTG-1",3
"CCACCTAAGGATGGTC-1",1
"CCACCTAAGTCGAGTG-1",0
"CCACCTAAGTGGGATC-1",1
"CCACCTAAGTGTGGCA-1",2
"CCACCTACAACAACCT-1",2
"CCACCTACAAGCCGCT-1",0
"CCACCTACAATCTACG-1",2
"CCACCTAGTAGTACCT-1",1
"CCACCTAGTCGCGTGT-1",1
"CCACCTAGTGGGTCAA-1",1
"CCACCTATCAGTTGAC-1",1
"CCACCTATCTGATACG-1",1
"CCACGGAAGACACGAC-1",1
"CCACGGAAGGGAACGG-1",4
"CCACGGACATGTCGAT-1",1
"CCACGGAGTAAGGGCT-1",0
"CCACGGAGTCAGATAA-1",1
"CCACGGAGTCCGTGAC-1",0
"CCACGGAGTGTAATGA-1",1
"CCACGGAGTTCTGAAC-1",2
"CCACGGATCACATAGC-1",0
"CCACGGATCCACGTGG-1",0
"CCACGGATCTACTATC-1",0
"CCACGGATCTAGAGTC-1",0
"CCACTACAGAGTACCG-1",1
"CCACTACAGCTTTGGT-1",0
"CCACTACCAGCAGTTT-1",0
"CCACTACCAGTAGAGC-1",1
"CCACTACGTCCGAATT-1",1
"CCACTACGTCTCAACA-1",6
"CCACTACGTGACAAAT-1",1
"CCACTACGTGACCAAG-1",0
"CCACTACGTGCACGAA-1",0
"CCACTACTCACTCTTA-1",1
"CCACTACTCCGCATCT-1",3
"CCACTACTCGGAAATA-1",2
"CCACTACTCTCGTATT-1",0
"CCACTACTCTCGTTTA-1",2
"CCAGCGAAGCCCAACC-1",0
"CCAGCGACATCGGGTC-1",0
"CCAGCGACATGTCCTC-1",1
"CCAGCGAGTAGGCATG-1",2
"CCAGCGAGTCCGTTAA-1",0
"CCAGCGATCAGAAATG-1",0
"CCATGTCAGCGATCCC-1",0
"CCATGTCAGGTCGGAT-1",0
"CCATGTCAGGTTACCT-1",0
"CCATGTCCAAGCTGGA-1",2
"CCATGTCCACATCCGG-1",1
"CCATGTCGTCCAGTAT-1",1
"CCATGTCTCCAAGTAC-1",0
"CCATGTCTCTTGTATC-1",2
"CCATTCGCAGTACACT-1",1
"CCATTCGCAGTTTACG-1",0
"CCATTCGGTAATCGTC-1",0
"CCATTCGGTATTACCG-1",3
"CCATTCGTCGTAGGAG-1",3
"CCCAATCAGTCACGCC-1",0
"CCCAATCCAGGTGGAT-1",0
"CCCAATCGTGAAGGCT-1",1
"CCCAATCGTTGGAGGT-1",0
"CCCAATCTCACATGCA-1",0
"CCCAATCTCCAGTATG-1",0
"CCCAATCTCGGAGCAA-1",0
"CCCAGTTAGAATAGGG-1",0
"CCCAGTTAGATCCCGC-1",1
"CCCAGTTAGCGTGAAC-1",1
"CCCAGTTAGGAATCGC-1",1
"CCCAGTTAGTCCGGTC-1",1
"CCCAGTTAGTTTGCGT-1",2
"CCCAGTTGTACATGTC-1",1
"CCCAGTTGTCTGCAAT-1",1
"CCCAGTTTCTGAAAGA-1",1
"CCCATACAGGGTTCCC-1",0
"CCCATACAGTGTTTGC-1",0
"CCCATACCAAAGGTGC-1",0
"CCCATACCAACACCCG-1",1
"CCCATACCAGCAGTTT-1",1
"CCCATACGTATTACCG-1",0
"CCCATACGTCAATACC-1",4
"CCCATACGTCTAGTCA-1",1
"CCCATACGTTGAGTTC-1",0
"CCCATACTCAATAAGG-1",1
"CCCATACTCAGCGACC-1",1
"CCCATACTCATCACCC-1",2
"CCCATACTCCGTAGGC-1",1
"CCCTCCTAGGAATCGC-1",1
"CCCTCCTCACGTCTCT-1",5
"CCCTCCTCAGCTTAAC-1",2
"CCCTCCTCATATGAGA-1",1
"CCCTCCTCATCACGTA-1",0
"CCCTCCTGTATGGTTC-1",1
"CCCTCCTGTTAGATGA-1",1
"CCCTCCTTCAATCACG-1",1
"CCCTCCTTCCGCAGTG-1",3
"CCGGGATAGCTTCGCG-1",2
"CCGGGATAGGCGACAT-1",1
"CCGGGATAGGCTAGGT-1",0
"CCGGGATCACAGTCGC-1",3
"CCGGGATGTATAGGTA-1",5
"CCGGGATTCAGAGCTT-1",1
"CCGGGATTCGCTAGCG-1",1
"CCGGGATTCGCTTGTC-1",0
"CCGGTAGAGCGTCTAT-1",1
"CCGGTAGAGTACGCCC-1",0
"CCGGTAGCACATAACC-1",0
"CCGGTAGCACGCATCG-1",1
"CCGGTAGGTACTTCTT-1",0
"CCGGTAGGTCAAACTC-1",2
"CCGGTAGTCGTCCGTT-1",1
"CCGTACTAGAGAACAG-1",1
"CCGTACTAGTCCGTAT-1",2
"CCGTACTCAAGCCCAC-1",1
"CCGTACTCAAGCGAGT-1",0
"CCGTACTCATCCCACT-1",1
"CCGTACTGTACAGCAG-1",0
"CCGTACTGTAGCGCTC-1",1
"CCGTACTGTGCGGTAA-1",2
"CCGTACTTCGTTACAG-1",2
"CCGTGGAAGACGCACA-1",0
"CCGTGGAAGAGTTGGC-1",0
"CCGTGGAAGGTGATAT-1",0
"CCGTGGAAGGTTCCTA-1",2
"CCGTGGACAGCCTTGG-1",1
"CCGTGGAGTTCCATGA-1",0
"CCGTGGATCTAACTTC-1",1
"CCGTGGATCTCTGTCG-1",0
"CCGTTCAAGCGTAATA-1",0
"CCGTTCAAGTACGATA-1",0
"CCGTTCAAGTAGATGT-1",0
"CCGTTCACAGGATCGA-1",0
"CCGTTCAGTATAGGGC-1",4
"CCGTTCAGTCGCGAAA-1",1
"CCGTTCATCGTACCGG-1",2
"CCTAAAGAGAGTTGGC-1",0
"CCTAAAGCAAACCTAC-1",0
"CCTAAAGCATGTCTCC-1",0
"CCTAAAGGTACTCAAC-1",0
"CCTAAAGGTCGGCACT-1",3
"CCTAAAGGTGTAATGA-1",0
"CCTAAAGTCACCGTAA-1",3
"CCTAAAGTCAGCGATT-1",2
"CCTAAAGTCGGCGCTA-1",2
"CCTAAAGTCGGTCCGA-1",1
"CCTACACAGGACCACA-1",1
"CCTACACAGGGTGTTG-1",2
"CCTACACCAGTAAGAT-1",1
"CCTACACGTATAGTAG-1",0
"CCTACACGTCCGAACC-1",0
"CCTACACGTGGGTCAA-1",1
"CCTACACGTTTGACTG-1",0
"CCTACACTCGGCGCTA-1",1
"CCTACACTCGTGACAT-1",4
"CCTACCAAGATAGGAG-1",1
"CCTACCAAGCAAATCA-1",1
"CCTACCAAGCGTAGTG-1",2
"CCTACCAAGCTTCGCG-1",0
"CCTACCAAGTGCGATG-1",2
"CCTACCAGTATCAGTC-1",1
"CCTACCAGTCTCTCTG-1",0
"CCTACCAGTCTTTCAT-1",1
"CCTACCATCAGCACAT-1",0
"CCTACCATCGCCAGCA-1",0
"CCTAGCTAGCAAATCA-1",1
"CCTAGCTAGCTCCTCT-1",0
"CCTAGCTAGGTTACCT-1",2
"CCTAGCTAGTACGCGA-1",0
"CCTAGCTCAATGAATG-1",1
"CCTAGCTCAATGGTCT-1",1
"CCTAGCTCACATCCAA-1",1
"CCTAGCTCAGCCAGAA-1",0
"CCTAGCTGTAGAAAGG-1",1
"CCTAGCTGTCACCCAG-1",0
"CCTAGCTGTCTGATTG-1",0
"CCTAGCTTCACGATGT-1",2
"CCTAGCTTCGTAGGAG-1",3
"CCTATTAAGAATTCCC-1",3
"CCTATTAAGCAGGCTA-1",3
"CCTATTAAGCAGGTCA-1",2
"CCTATTAAGGGAGTAA-1",2
"CCTATTAAGGTAGCCA-1",2
"CCTATTACACAACTGT-1",0
"CCTATTACACATCCGG-1",0
"CCTATTAGTCAATACC-1",0
"CCTATTATCATCACCC-1",1
"CCTATTATCTGCGACG-1",1
"CCTCAGTAGCTAACTC-1",2
"CCTCAGTCAGGTGGAT-1",0
"CCTCAGTGTCCATCCT-1",0
"CCTCAGTGTCCGACGT-1",0
"CCTCAGTGTCTTGTCC-1",0
"CCTCAGTGTGGGTATG-1",0
"CCTCTGAAGTATCGAA-1",0
"CCTCTGAAGTGGGTTG-1",1
"CCTCTGACAAGCTGTT-1",0
"CCTCTGACACCGATAT-1",2
"CCTCTGACAGATGAGC-1",0
"CCTCTGAGTCAATACC-1",0
"CCTCTGAGTCCGAACC-1",0
"CCTCTGAGTCGTGGCT-1",1
"CCTCTGAGTCTGATTG-1",0
"CCTCTGATCTGAGGGA-1",1
"CCTTACGCAAGCGTAG-1",4
"CCTTACGCACCAACCG-1",0
"CCTTACGGTCATCCCT-1",0
"CCTTACGGTCCTCTTG-1",2
"CCTTACGTCACAACGT-1",0
"CCTTACGTCATCTGCC-1",0
"CCTTACGTCGGAGGTA-1",0
"CCTTCCCAGAGACTAT-1",2
"CCTTCCCAGCTAGGCA-1",0
"CCTTCCCAGGACGAAA-1",3
"CCTTCCCAGGGCATGT-1",0
"CCTTCCCAGGTACTCT-1",0
"CCTTCCCCATGATCCA-1",0
"CCTTCCCTCAAGGCTT-1",1
"CCTTCCCTCTATCCTA-1",2
"CCTTCCCTCTATCGCC-1",2
"CCTTCGAAGGCGCTCT-1",1
"CCTTCGACAACACCCG-1",0
"CCTTCGACAGCGATCC-1",0
"CCTTCGAGTAAGCACG-1",0
"CCTTCGAGTCCATGAT-1",0
"CCTTCGAGTGTGACCC-1",1
"CCTTCGAGTTGGTGGA-1",1
"CCTTCGATCACAGTAC-1",2
"CCTTCGATCCTATGTT-1",0
"CCTTCGATCGCACTCT-1",1
"CCTTTCTAGACGCTTT-1",0
"CCTTTCTAGGGCACTA-1",1
"CCTTTCTAGTGGAGTC-1",0
"CCTTTCTCAGACAAGC-1",2
"CCTTTCTCATCACGAT-1",2
"CCTTTCTCATGCCCGA-1",0
"CCTTTCTTCCCACTTG-1",2
"CCTTTCTTCTTTACGT-1",1
"CGAACATCACATGACT-1",1
"CGAACATCACTTGGAT-1",1
"CGAACATCAGTCCTTC-1",0
"CGAACATGTCTGATTG-1",1
"CGAACATGTGCTGTAT-1",0
"CGAACATTCTCAAACG-1",2
"CGAATGTAGAGGTTAT-1",2
"CGAATGTAGCGATAGC-1",0
"CGAATGTAGTTCGCAT-1",3
"CGAATGTCAATGCCAT-1",0
"CGAATGTGTCTAGTCA-1",1
"CGAATGTGTCTCACCT-1",0
"CGAATGTTCAACACAC-1",0
"CGAATGTTCATCACCC-1",1
"CGAATGTTCTGTACGA-1",0
"CGACCTTAGCTACCGC-1",0
"CGACCTTAGCTAGTCT-1",0
"CGACCTTCAAAGTGCG-1",1
"CGACCTTCACGAAATA-1",0
"CGACCTTGTAAGTGTA-1",0
"CGACCTTGTCAGAATA-1",2
"CGACCTTGTCTCCCTA-1",0
"CGACCTTGTCTCTTAT-1",0
"CGACCTTTCCGCGTTT-1",0
"CGACCTTTCGTTTATC-1",1
"CGACCTTTCTCCAGGG-1",0
"CGACTTCAGACACGAC-1",0
"CGACTTCAGGTAGCCA-1",1
"CGACTTCAGTCTTGCA-1",0
"CGACTTCCAATGGACG-1",0
"CGACTTCGTGGTGTAG-1",2
"CGACTTCGTTGAGTTC-1",0
"CGACTTCTCACTTACT-1",2
"CGACTTCTCTCGCTTG-1",2
"CGAGAAGAGAAACGCC-1",0
"CGAGAAGAGCCAACAG-1",0
"CGAGAAGAGCGTGTCC-1",7
"CGAGAAGCAAGTTCTG-1",0
"CGAGAAGCACATCCGG-1",0
"CGAGAAGCAGGCTGAA-1",1
"CGAGAAGTCGGATGGA-1",1
"CGAGCACAGCCAGAAC-1",0
"CGAGCACCACATGTGT-1",0
"CGAGCACGTAGCGTCC-1",2
"CGAGCACGTAGCGTGA-1",1
"CGAGCACGTCAGATAA-1",0
"CGAGCACGTGCCTTGG-1",3
"CGAGCACTCCCGGATG-1",0
"CGAGCACTCCGCTGTT-1",0
"CGAGCACTCGGAAATA-1",0
"CGAGCACTCGTGACAT-1",0
"CGAGCCAAGCTAGCCC-1",1
"CGAGCCAGTATATCCG-1",1
"CGAGCCAGTCAAGCGA-1",0
"CGATCGGAGAGCCTAG-1",5
"CGATCGGAGTACGATA-1",0
"CGATCGGCAAACGCGA-1",2
"CGATCGGCAAGCGATG-1",0
"CGATCGGCAATACGCT-1",0
"CGATCGGCAGTTAACC-1",1
"CGATCGGCATACTCTT-1",0
"CGATCGGGTCGACTGC-1",0
"CGATCGGTCAACGGGA-1",3
"CGATCGGTCTAGCACA-1",2
"CGATGGCAGCCGTCGT-1",4
"CGATGGCAGTCCAGGA-1",0
"CGATGGCCACTTAACG-1",1
"CGATGGCCAGCGTAAG-1",0
"CGATGGCCATCATCCC-1",0
"CGATGGCTCCTAGAAC-1",0
"CGATGGCTCGCTAGCG-1",0
"CGATGGCTCTGACCTC-1",0
"CGATGTAAGGCAATTA-1",3
"CGATGTAAGTTTGCGT-1",0
"CGATGTACACAGGCCT-1",1
"CGATGTACAGGTCTCG-1",1
"CGATGTAGTCCAGTGC-1",0
"CGATGTAGTCTAGGTT-1",0
"CGATGTAGTGTGCCTG-1",0
"CGATGTAGTTTGCATG-1",0
"CGATTGAAGATGTGGC-1",0
"CGATTGACAGACGCAA-1",0
"CGATTGAGTATGGTTC-1",1
"CGATTGAGTTCAGACT-1",1
"CGATTGATCATGGTCA-1",0
"CGATTGATCTGCGGCA-1",1
"CGCCAAGAGAATGTTG-1",1
"CGCCAAGAGACCTTTG-1",0
"CGCCAAGAGATCGGGT-1",2
"CGCCAAGAGATCTGAA-1",1
"CGCCAAGAGCGTGTCC-1",1
"CGCCAAGGTCTAGGTT-1",1
"CGCCAAGTCAGGATCT-1",0
"CGCCAAGTCCACTCCA-1",0
"CGCCAAGTCTTGTTTG-1",1
"CGCGGTAAGCTAGCCC-1",1
"CGCGGTAAGGGTTCCC-1",3
"CGCGGTACAAACTGCT-1",0
"CGCGGTACAATGGAAT-1",1
"CGCGGTACAGCTGTTA-1",0
"CGCGGTAGTCAAGCGA-1",0
"CGCGGTAGTGAGGCTA-1",0
"CGCGGTAGTTTGCATG-1",1
"CGCGTTTAGTTATCGC-1",3
"CGCGTTTCAACAACCT-1",2
"CGCGTTTCAAGCGAGT-1",0
"CGCGTTTCAATGGACG-1",1
"CGCGTTTCACGGTGTC-1",1
"CGCGTTTGTGCTGTAT-1",0
"CGCGTTTGTGGACGAT-1",3
"CGCGTTTTCAAACCGT-1",1
"CGCGTTTTCAGCCTAA-1",0
"CGCGTTTTCCTATGTT-1",0
"CGCGTTTTCGTGGTCG-1",3
"CGCTATCAGAAACCGC-1",1
"CGCTATCAGTCATCCA-1",1
"CGCTATCCAAGCGAGT-1",1
"CGCTATCCAGTCGATT-1",0
"CGCTATCCATCGACGC-1",3
"CGCTATCCATTTCAGG-1",1
"CGCTATCGTACCGAGA-1",1
"CGCTATCGTTCGAATC-1",0
"CGCTATCGTTTCGCTC-1",2
"CGCTATCTCGTTACAG-1",0
"CGCTGGAAGGACATTA-1",1
"CGCTGGAAGGGCACTA-1",1
"CGCTGGAAGGTGATAT-1",1
"CGCTGGACAGACTCGC-1",1
"CGCTGGAGTGTAATGA-1",0
"CGCTGGAGTTCTGGTA-1",1
"CGCTGGATCCGAAGAG-1",1
"CGCTGGATCCGTTGCT-1",0
"CGCTGGATCGTAGGAG-1",2
"CGCTGGATCGTTACAG-1",1
"CGCTTCAAGAAGGGTA-1",1
"CGCTTCAAGGTCGGAT-1",2
"CGCTTCACACGGTGTC-1",4
"CGCTTCACAGACAAGC-1",0
"CGCTTCACATCACCCT-1",1
"CGCTTCAGTCGCGGTT-1",2
"CGCTTCATCTTAGAGC-1",4
"CGGACACAGCGATATA-1",0
"CGGACACAGCGATGAC-1",0
"CGGACACAGCTTCGCG-1",1
"CGGACACAGGTAAACT-1",0
"CGGACACAGTAGCCGA-1",0
"CGGACACCACAGGAGT-1",0
"CGGACACCATTCACTT-1",1
"CGGACACGTGAGCGAT-1",2
"CGGACACGTGCTCTTC-1",0
"CGGACACGTGTGACCC-1",1
"CGGACGTAGGTTACCT-1",1
"CGGACGTCATGGGACA-1",0
"CGGACGTGTGAAAGAG-1",0
"CGGACGTGTTGGTAAA-1",1
"CGGACGTTCATGTGGT-1",2
"CGGACGTTCTGTCCGT-1",0
"CGGACTGAGGAGCGAG-1",2
"CGGACTGAGGAGTCTG-1",0
"CGGACTGAGTGGTAGC-1",0
"CGGACTGCAACTTGAC-1",1
"CGGACTGCAATGACCT-1",2
"CGGACTGCACAACGTT-1",0
"CGGACTGCACGCCAGT-1",0
"CGGACTGCAGTATGCT-1",4
"CGGACTGGTAAAGGAG-1",0
"CGGACTGGTATAAACG-1",0
"CGGACTGGTGTAAGTA-1",0
"CGGACTGGTGTGGTTT-1",1
"CGGACTGGTTGACGTT-1",0
"CGGACTGTCATTGCCC-1",1
"CGGACTGTCCATGCTC-1",0
"CGGACTGTCCGTCAAA-1",0
"CGGACTGTCGTTTGCC-1",2
"CGGACTGTCTTCATGT-1",2
"CGGAGCTAGTTTAGGA-1",1
"CGGAGCTCATTGAGCT-1",1
"CGGAGCTGTAGAAAGG-1",0
"CGGAGCTTCACTTATC-1",2
"CGGAGCTTCATGTAGC-1",0
"CGGAGCTTCCACGAAT-1",0
"CGGAGTCAGTGCGATG-1",3
"CGGAGTCAGTGTGAAT-1",1
"CGGAGTCCAGTGGGAT-1",2
"CGGAGTCCATTATCTC-1",3
"CGGAGTCGTAGCTGCC-1",0
"CGGAGTCGTCCAGTGC-1",0
"CGGAGTCGTGTTCGAT-1",2
"CGGAGTCTCCCAGGTG-1",3
"CGGAGTCTCCGTAGTA-1",0
"CGGCTAGAGAAACGCC-1",3
"CGGCTAGAGCACCGTC-1",0
"CGGCTAGAGCTAAACA-1",0
"CGGCTAGCAGACAAAT-1",0
"CGGCTAGGTAACGCGA-1",0
"CGGCTAGGTTCATGGT-1",1
"CGGCTAGTCAAAGACA-1",1
"CGGCTAGTCGTGGGAA-1",2
"CGGCTAGTCTTGTTTG-1",0
"CGGGTCAAGAGTCGGT-1",2
"CGGGTCAAGCACACAG-1",0
"CGGGTCAAGCTAACTC-1",0
"CGGGTCAAGGACACCA-1",1
"CGGGTCAAGTATGACA-1",0
"CGGGTCACAATGACCT-1",0
"CGGGTCACACCGAAAG-1",2
"CGGGTCACAGCCACCA-1",0
"CGGGTCACATACAGCT-1",1
"CGGGTCACATCCTTGC-1",0
"CGGGTCAGTAGCGCTC-1",1
"CGGGTCAGTCGATTGT-1",0
"CGGGTCAGTGCAACTT-1",2
"CGGGTCAGTTGTTTGG-1",0
"CGGGTCATCAACACCA-1",1
"CGGGTCATCACCTTAT-1",0
"CGGGTCATCCACGACG-1",1
"CGGTTAACAGGACCCT-1",0
"CGGTTAACATGTCCTC-1",0
"CGGTTAACATTCCTGC-1",0
"CGGTTAAGTCGACTGC-1",1
"CGGTTAATCCGGCACA-1",0
"CGGTTAATCCTTTCGG-1",3
"CGGTTAATCTTATCTG-1",0
"CGTAGCGAGATGTAAC-1",3
"CGTAGCGAGGCAATTA-1",1
"CGTAGCGAGTAGGTGC-1",2
"CGTAGCGCAAGCGCTC-1",1
"CGTAGCGTCCAACCAA-1",1
"CGTAGCGTCGGCGGTT-1",1
"CGTAGGCAGGGCTCTC-1",1
"CGTAGGCCAAGCGATG-1",0
"CGTAGGCCACTAAGTC-1",1
"CGTAGGCCAGAGTGTG-1",1
"CGTAGGCCATCCCATC-1",3
"CGTAGGCGTATTAGCC-1",1
"CGTAGGCGTCAATACC-1",2
"CGTAGGCGTGGCGAAT-1",3
"CGTAGGCTCCAGAAGG-1",0
"CGTCACTAGTCATGCT-1",0
"CGTCACTCAAAGCGGT-1",0
"CGTCACTCAGGTCCAC-1",1
"CGTCACTCAGTCACTA-1",1
"CGTCACTTCCTTGACC-1",1
"CGTCACTTCGGTGTTA-1",0
"CGTCACTTCTGTGCAA-1",1
"CGTCACTTCTTGAGAC-1",0
"CGTCAGGAGCTGTTCA-1",2
"CGTCAGGCAAAGCAAT-1",1
"CGTCAGGCAAAGCGGT-1",0
"CGTCAGGCAACACGCC-1",0
"CGTCAGGCATCCGCGA-1",2
"CGTCAGGGTCAGCTAT-1",4
"CGTCAGGGTCGTTGTA-1",1
"CGTCAGGGTGTAAGTA-1",2
"CGTCAGGTCCACTGGG-1",1
"CGTCAGGTCGACAGCC-1",1
"CGTCAGGTCGGGAGTA-1",0
"CGTCCATAGACCACGA-1",1
"CGTCCATAGCGATTCT-1",0
"CGTCCATAGGCTATCT-1",2
"CGTCCATAGTCTCAAC-1",0
"CGTCCATCACGACTCG-1",0
"CGTCCATCATTCACTT-1",0
"CGTCCATGTCTAGCGC-1",0
"CGTCCATGTGATAAAC-1",3
"CGTCCATGTTTGGGCC-1",0
"CGTCCATGTTTGTGTG-1",0
"CGTCCATTCAACACCA-1",0
"CGTCCATTCATTCACT-1",0
"CGTCTACAGTGCGTGA-1",2
"CGTCTACGTAGTAGTA-1",0
"CGTCTACTCGAGCCCA-1",0
"CGTCTACTCGCCATAA-1",0
"CGTCTACTCGGCCGAT-1",3
"CGTCTACTCGTCCAGG-1",1
"CGTCTACTCTATCGCC-1",0
"CGTGAGCAGATCTGAA-1",3
"CGTGAGCAGCAATCTC-1",2
"CGTGAGCAGCGGATCA-1",0
"CGTGAGCAGCTAGTGG-1",1
"CGTGAGCAGCTTCGCG-1",0
"CGTGAGCAGGGCACTA-1",1
"CGTGAGCAGGGTGTGT-1",0
"CGTGAGCAGTGGAGAA-1",1
"CGTGAGCCAAGCCGCT-1",1
"CGTGAGCCACGTAAGG-1",1
"CGTGAGCCATACGCCG-1",1
"CGTGAGCGTAGATTAG-1",0
"CGTGAGCGTCTCTTAT-1",5
"CGTGAGCTCACAAACC-1",1
"CGTGAGCTCCAAATGC-1",1
"CGTGAGCTCCGAGCCA-1",3
"CGTGAGCTCGTTGCCT-1",2
"CGTGAGCTCTGGGCCA-1",0
"CGTGTAAAGATAGTCA-1",1
"CGTGTAAAGGTGTTAA-1",0
"CGTGTAAAGTACATGA-1",1
"CGTGTAACATGGGACA-1",1
"CGTGTAAGTCCGCTGA-1",0
"CGTGTAAGTGTCTGAT-1",0
"CGTGTAATCTACTATC-1",0
"CGTGTAATCTCGATGA-1",3
"CGTGTAATCTTTAGTC-1",2
"CGTGTCTAGGCGCTCT-1",1
"CGTGTCTAGGGATGGG-1",1
"CGTGTCTCAGACAAAT-1",1
"CGTGTCTCAGACACTT-1",1
"CGTGTCTGTAAGAGGA-1",0
"CGTGTCTGTATATGAG-1",2
"CGTGTCTGTCAAAGCG-1",2
"CGTGTCTGTTCCGTCT-1",0
"CGTGTCTTCAATCACG-1",1
"CGTGTCTTCAGAGGTG-1",1
"CGTGTCTTCATAGCAC-1",1
"CGTGTCTTCCGAACGC-1",0
"CGTGTCTTCGGCATCG-1",0
"CGTGTCTTCGTGGACC-1",0
"CGTGTCTTCTACTTAC-1",0
"CGTGTCTTCTGAGTGT-1",1
"CGTTAGAAGATCTGAA-1",0
"CGTTAGAAGGCCCTTG-1",1
"CGTTAGACACGAAAGC-1",0
"CGTTAGACAGCTTCGG-1",0
"CGTTAGAGTTTAAGCC-1",0
"CGTTAGATCACTTATC-1",1
"CGTTAGATCAGCCTAA-1",0
"CGTTCTGAGAAGGGTA-1",1
"CGTTCTGAGACTAGGC-1",1
"CGTTCTGAGTGAACAT-1",1
"CGTTCTGCAGCTCGCA-1",0
"CGTTCTGCATTGGCGC-1",1
"CGTTCTGGTGAGGGTT-1",0
"CGTTCTGTCTGATTCT-1",0
"CGTTGGGAGCTAGTTC-1",0
"CGTTGGGAGGATGCGT-1",1
"CGTTGGGCACATTAGC-1",2
"CGTTGGGCAGACAGGT-1",3
"CGTTGGGGTTCCCGAG-1",0
"CGTTGGGTCATGCTCC-1",2
"CGTTGGGTCCATGAAC-1",0
"CGTTGGGTCTACCAGA-1",1
"CTAACTTAGTCCTCCT-1",2
"CTAACTTCAATAGCAA-1",1
"CTAACTTCAATCGGTT-1",0
"CTAACTTGTGAGGCTA-1",0
"CTAACTTTCGTACGGC-1",1
"CTAACTTTCTGGCGTG-1",1
"CTAAGACAGGGAAACA-1",0
"CTAAGACAGTACATGA-1",0
"CTAAGACAGTTCGCGC-1",0
"CTAAGACCAAGTAATG-1",0
"CTAAGACCAGTAAGAT-1",2
"CTAAGACCATGCAATC-1",0
"CTAAGACGTAAGGATT-1",3
"CTAAGACGTATCAGTC-1",2
"CTAAGACGTCACCTAA-1",3
"CTAAGACTCGTTGCCT-1",4
"CTAAGACTCTTACCGC-1",2
"CTAAGACTCTTGAGGT-1",2
"CTAATGGAGCAATCTC-1",0
"CTAATGGAGCGCTCCA-1",0
"CTAATGGAGCTCCCAG-1",2
"CTAATGGAGCTGAAAT-1",3
"CTAATGGAGTTAGGTA-1",0
"CTAATGGCATGGAATA-1",1
"CTAATGGGTACCGCTG-1",0
"CTAATGGGTCTAGCGC-1",2
"CTAATGGGTGAGGGAG-1",0
"CTAATGGGTTGGTGGA-1",0
"CTAATGGTCATGCTCC-1",1
"CTAATGGTCCACTGGG-1",0
"CTAATGGTCCGTTGCT-1",0
"CTAATGGTCCTAGAAC-1",2
"CTACACCAGTGCGATG-1",0
"CTACACCCACGGACAA-1",0
"CTACACCGTAATAGCA-1",0
"CTACACCGTCTGATTG-1",1
"CTACACCGTTCGTCTC-1",0
"CTACACCTCAGAAATG-1",1
"CTACACCTCGGCTTGG-1",0
"CTACACCTCGGTCCGA-1",0
"CTACACCTCTCGCATC-1",1
"CTACACCTCTCTGCTG-1",3
"CTACATTAGATCACGG-1",0
"CTACATTCACTCGACG-1",1
"CTACATTCATTTCACT-1",1
"CTACATTGTGATGATA-1",0
"CTACATTGTTCGAATC-1",1
"CTACATTTCAACGCTA-1",2
"CTACATTTCGCCATAA-1",3
"CTACATTTCTAGCACA-1",2
"CTACCCACACAGAGGT-1",0
"CTACCCACACGACGAA-1",1
"CTACCCACATGGTTGT-1",0
"CTACCCAGTATCTGCA-1",0
"CTACCCAGTATGAATG-1",2
"CTACCCAGTCAGAAGC-1",0
"CTACCCAGTGTGACCC-1",2
"CTACCCAGTTATGTGC-1",2
"CTACCCATCTACGAGT-1",1
"CTACGTCAGGTGCAAC-1",0
"CTACGTCAGTGCGATG-1",4
"CTACGTCAGTTGTCGT-1",0
"CTACGTCCATATACCG-1",0
"CTACGTCGTATATGGA-1",1
"CTACGTCGTGTGGTTT-1",2
"CTACGTCTCAAAGTAG-1",1
"CTACGTCTCACGACTA-1",1
"CTACGTCTCACGGTTA-1",0
"CTACGTCTCCTAGAAC-1",3
"CTAGAGTAGCTGTCTA-1",3
"CTAGAGTAGGATCGCA-1",2
"CTAGAGTAGTCCATAC-1",0
"CTAGAGTCACATTAGC-1",2
"CTAGAGTCAGTATGCT-1",1
"CTAGAGTCATACTCTT-1",1
"CTAGAGTCATGTAAGA-1",0
"CTAGAGTGTGACCAAG-1",2
"CTAGAGTTCAACACCA-1",0
"CTAGAGTTCCGTCAAA-1",1
"CTAGAGTTCCTAAGTG-1",1
"CTAGAGTTCGCCAGCA-1",2
"CTAGAGTTCGCTTAGA-1",3
"CTAGAGTTCGTGACAT-1",1
"CTAGAGTTCTGATTCT-1",0
"CTAGCCTCACCAGATT-1",1
"CTAGCCTGTATATCCG-1",5
"CTAGCCTGTGATGCCC-1",1
"CTAGCCTTCGGGAGTA-1",0
"CTAGTGAAGCTGGAAC-1",2
"CTAGTGAAGTGTACCT-1",1
"CTAGTGACAAGTCTAC-1",0
"CTAGTGACAGGATCGA-1",7
"CTAGTGAGTTATGCGT-1",1
"CTAGTGATCAGTTGAC-1",1
"CTAGTGATCCAGTAGT-1",0
"CTCACACAGCTAAGAT-1",0
"CTCACACAGCTGCCCA-1",1
"CTCACACAGGATGCGT-1",2
"CTCACACCACGTAAGG-1",0
"CTCACACCACTGTTAG-1",2
"CTCACACCATATACGC-1",2
"CTCACACGTGCTGTAT-1",1
"CTCACACGTTCCATGA-1",0
"CTCACACGTTTGGGCC-1",0
"CTCACACTCACCGGGT-1",0
"CTCACACTCATCGGAT-1",1
"CTCACACTCCGCGCAA-1",0
"CTCACACTCTAACCGA-1",2
"CTCAGAAAGAGCTGCA-1",1
"CTCAGAAAGGAGTAGA-1",0
"CTCAGAACAACGCACC-1",3
"CTCAGAACAAGCGATG-1",1
"CTCAGAACAGGGCATA-1",0
"CTCAGAAGTGACGGTA-1",1
"CTCAGAATCTTAACCT-1",0
"CTCATTAAGAACTGTA-1",1
"CTCATTACATGGTCAT-1",0
"CTCATTAGTGTAACGG-1",0
"CTCATTAGTTTACTCT-1",2
"CTCCTAGCAAGTACCT-1",1
"CTCCTAGCAATTCCTT-1",0
"CTCCTAGCACTGTCGG-1",1
"CTCCTAGCAGTCCTTC-1",0
"CTCCTAGCATAACCTG-1",0
"CTCCTAGCATGCGCAC-1",0
"CTCCTAGGTAGAAAGG-1",0
"CTCCTAGGTCCGAGTC-1",0
"CTCCTAGGTCTAGCCG-1",0
"CTCCTAGGTGTTTGTG-1",3
"CTCCTAGGTTCGTGAT-1",0
"CTCCTAGGTTGTTTGG-1",3
"CTCCTAGTCACTTACT-1",1
"CTCCTAGTCTCATTCA-1",2
"CTCGAAAAGCCCAACC-1",1
"CTCGAAAAGCTATGCT-1",0
"CTCGAAAAGGCCCTTG-1",3
"CTCGAAAAGGGCTTCC-1",0
"CTCGAAACAAGCCGTC-1",1
"CTCGAAACACATTAGC-1",1
"CTCGAAACACCGAAAG-1",1
"CTCGAAACACGGCTAC-1",3
"CTCGAAACAGTAAGAT-1",0
"CTCGAAACATACGCCG-1",0
"CTCGAGGAGCCATCGC-1",0
"CTCGAGGAGGGCTTCC-1",1
"CTCGAGGCAGATAATG-1",2
"CTCGAGGGTATTCTCT-1",2
"CTCGAGGGTGCCTGGT-1",3
"CTCGGAGAGTCCCACG-1",1
"CTCGGAGCACTTCTGC-1",2
"CTCGGAGCAGCTGCAC-1",2
"CTCGGAGCAGGATCGA-1",0
"CTCGGAGGTAGCCTAT-1",2
"CTCGGAGGTCATGCCG-1",2
"CTCGGAGTCAAACGGG-1",0
"CTCGGAGTCACATACG-1",2
"CTCGGAGTCAGCTTAG-1",2
"CTCGGGAAGACCTAGG-1",2
"CTCGGGACACAGCCCA-1",6
"CTCGGGACATAAAGGT-1",1
"CTCGGGACATCCCACT-1",0
"CTCGGGACATGTCGAT-1",1
"CTCGGGAGTCGCGTGT-1",0
"CTCGGGAGTGACTACT-1",1
"CTCGGGAGTTACGACT-1",0
"CTCGGGATCCGTACAA-1",0
"CTCGGGATCCTTGACC-1",2
"CTCGGGATCTTAGCCC-1",0
"CTCGGGATCTTGTTTG-1",1
"CTCGTACAGCGATAGC-1",1
"CTCGTACCAGCGTAAG-1",0
"CTCGTACCATAGTAAG-1",0
"CTCGTACGTAGAGTGC-1",2
"CTCGTACGTATCACCA-1",2
"CTCGTACGTGCAGTAG-1",3
"CTCGTACTCAAAGTAG-1",0
"CTCGTACTCAATCTCT-1",0
"CTCGTACTCGTTGCCT-1",0
"CTCGTACTCTGGTTCC-1",1
"CTCGTCAAGATGCCTT-1",0
"CTCGTCAAGTGGAGTC-1",1
"CTCGTCAAGTTTGCGT-1",0
"CTCGTCACAACGATCT-1",1
"CTCGTCACACATCCGG-1",2
"CTCGTCACAGTCGTGC-1",2
"CTCGTCAGTCTCATCC-1",0
"CTCGTCAGTCTCCATC-1",2
"CTCGTCAGTGAGCGAT-1",0
"CTCGTCAGTTGACGTT-1",0
"CTCGTCAGTTGGGACA-1",0
"CTCGTCATCACTTATC-1",1
"CTCGTCATCGACCAGC-1",1
"CTCGTCATCTGCTGTC-1",0
"CTCTAATCACCAGGTC-1",3
"CTCTAATCACGGTGTC-1",1
"CTCTAATCAGGAATCG-1",0
"CTCTAATGTCCAAGTT-1",0
"CTCTACGAGCTAAACA-1",0
"CTCTACGAGCTAGTGG-1",2
"CTCTACGAGTACGCCC-1",1
"CTCTACGAGTAGGCCA-1",0
"CTCTACGCAATAACGA-1",2
"CTCTACGCAGACGCTC-1",1
"CTCTACGCATGACATC-1",0
"CTCTACGTCATGTCTT-1",2
"CTCTACGTCCCTAATT-1",1
"CTCTACGTCGGCATCG-1",2
"CTCTACGTCGGTCTAA-1",2
"CTCTGGTAGCAGCGTA-1",0
"CTCTGGTAGCGTTCCG-1",0
"CTCTGGTAGGCATGGT-1",1
"CTCTGGTAGTGCCAGA-1",0
"CTCTGGTCACAAGCCC-1",1
"CTCTGGTCAGCCTTTC-1",1
"CTCTGGTTCATCTGTT-1",1
"CTCTGGTTCTTGTACT-1",0
"CTGAAACAGATCCCGC-1",0
"CTGAAACAGGTGCTAG-1",2
"CTGAAACAGTCCGTAT-1",2
"CTGAAACAGTGTCTCA-1",0
"CTGAAACGTCATCGGC-1",2
"CTGAAACGTTAAAGAC-1",0
"CTGAAACTCATACGGT-1",0
"CTGAAGTAGTGCGTGA-1",3
"CTGAAGTCAGCTGTAT-1",5
"CTGAAGTGTTAAAGTG-1",1
"CTGAAGTTCAAGCCTA-1",0
"CTGAAGTTCGGATGTT-1",1
"CTGATAGAGGGAGTAA-1",0
"CTGATAGAGTGCAAGC-1",0
"CTGATAGCAGCCTTTC-1",1
"CTGATAGCATCCCATC-1",0
"CTGATAGCATCTCCCA-1",3
"CTGATAGGTCAAAGCG-1",6
"CTGATAGGTCGCTTTC-1",2
"CTGATAGGTTACGACT-1",0
"CTGATAGTCGCGATCG-1",0
"CTGATAGTCTTATCTG-1",4
"CTGATCCAGGCATTGG-1",0
"CTGATCCAGGTGACCA-1",1
"CTGATCCCACAGAGGT-1",3
"CTGATCCCAGGCTGAA-1",0
"CTGATCCGTGCCTGGT-1",0
"CTGATCCGTTATCCGA-1",0
"CTGATCCGTTGTGGCC-1",0
"CTGCCTAAGGGTCTCC-1",3
"CTGCCTAAGGTGATAT-1",0
"CTGCCTAAGTACGCGA-1",0
"CTGCCTAAGTGCGTGA-1",0
"CTGCCTACATCCCACT-1",0
"CTGCCTATCAATAAGG-1",0
"CTGCGGAAGAAGGACA-1",1
"CTGCGGAAGAGCTGGT-1",1
"CTGCGGAAGATGAGAG-1",2
"CTGCGGACAGGTCGTC-1",0
"CTGCGGACATGTCTCC-1",0
"CTGCGGAGTCACTTCC-1",1
"CTGCGGAGTCGTGGCT-1",1
"CTGCGGAGTTCTGTTT-1",2
"CTGCGGAGTTGGACCC-1",1
"CTGCGGATCGCCTGTT-1",0
"CTGCGGATCTTACCGC-1",0
"CTGCTGTAGGGTGTTG-1",0
"CTGCTGTAGTACCGGA-1",4
"CTGCTGTAGTGGAGAA-1",0
"CTGCTGTCACATCTTT-1",2
"CTGCTGTGTTAAAGAC-1",4
"CTGCTGTTCTCCAACC-1",0
"CTGCTGTTCTTACCGC-1",0
"CTGGTCTAGCGTTGCC-1",1
"CTGGTCTAGGACAGCT-1",0
"CTGGTCTAGGGCTTGA-1",1
"CTGGTCTAGTCGAGTG-1",0
"CTGGTCTCAAAGGAAG-1",0
"CTGGTCTCACCAGTTA-1",2
"CTGGTCTGTACCTACA-1",0
"CTGGTCTGTACGCTGC-1",1
"CTGGTCTGTCCGCTGA-1",1
"CTGGTCTGTCCGTTAA-1",1
"CTGGTCTGTTCATGGT-1",1
"CTGGTCTGTTCGTGAT-1",2
"CTGGTCTTCAACGGGA-1",1
"CTGGTCTTCACTTACT-1",1
"CTGGTCTTCTTACCTA-1",1
"CTGTGCTGTATATCCG-1",0
"CTGTGCTGTCATCCCT-1",2
"CTGTGCTGTCCCTACT-1",1
"CTGTGCTGTCGGCACT-1",2
"CTGTGCTTCCATTCTA-1",0
"CTGTGCTTCCGTACAA-1",2
"CTGTTTAAGAAACCGC-1",2
"CTGTTTAAGATCGATA-1",0
"CTGTTTAAGGAGTTGC-1",1
"CTGTTTAGTCAAAGCG-1",1
"CTGTTTATCAGCCTAA-1",3
"CTGTTTATCATTTGGG-1",1
"CTGTTTATCTCCAGGG-1",0
"CTGTTTATCTCTTGAT-1",1
"CTGTTTATCTTCTGGC-1",2
"CTTAACTAGCCAGTAG-1",1
"CTTAACTAGGCTCTTA-1",0
"CTTAACTAGGTGCACA-1",1
"CTTAACTAGTCTCGGC-1",1
"CTTACCGAGCGCTTAT-1",0
"CTTACCGAGGCTACGA-1",0
"CTTACCGCAGATCTGT-1",1
"CTTACCGCAGTCAGAG-1",1
"CTTACCGGTCCTGCTT-1",0
"CTTACCGGTCGCCATG-1",1
"CTTACCGGTCTACCTC-1",2
"CTTACCGTCGGACAAG-1",0
"CTTAGGAAGCCCAACC-1",1
"CTTAGGACACGACGAA-1",0
"CTTAGGAGTTATGTGC-1",0
"CTTAGGATCCCATTTA-1",4
"CTTAGGATCTTTACAC-1",1
"CTTCTCTAGAACTCGG-1",0
"CTTCTCTAGAGTGAGA-1",0
"CTTCTCTAGCAGGCTA-1",0
"CTTCTCTAGTTAACGA-1",1
"CTTCTCTCAAAGGTGC-1",0
"CTTCTCTGTAACGACG-1",2
"CTTCTCTGTGCATCTA-1",1
"CTTCTCTTCGAGCCCA-1",2
"CTTGGCTAGCGATATA-1",0
"CTTGGCTAGTACGTTC-1",1
"CTTGGCTCATTACCTT-1",1
"CTTGGCTGTCTCCATC-1",0
"CTTGGCTTCCCTAATT-1",3
"CTTGGCTTCGCGTAGC-1",3
"CTTGGCTTCTCGTTTA-1",2
"CTTTGCGAGCAAATCA-1",2
"CTTTGCGAGCGTTCCG-1",0
"CTTTGCGAGTATCTCG-1",3
"CTTTGCGCAATTCCTT-1",2
"CTTTGCGCACTTAAGC-1",0
"CTTTGCGCAGACGCAA-1",1
"CTTTGCGGTAGAGGAA-1",0
"CTTTGCGTCCAGGGCT-1",2
"GAAACTCAGAGACGAA-1",0
"GAAACTCAGAGGTTAT-1",0
"GAAACTCAGCAGCCTC-1",1
"GAAACTCAGCCCAGCT-1",2
"GAAACTCAGCTAAACA-1",0
"GAAACTCAGTGCTGCC-1",1
"GAAACTCCAAGCCCAC-1",1
"GAAACTCCACATGACT-1",0
"GAAACTCCAGACACTT-1",0
"GAAACTCCATGGATGG-1",1
"GAAACTCGTACTCGCG-1",1
"GAAACTCGTAGCGATG-1",3
"GAAACTCGTGTGAAAT-1",1
"GAAACTCGTTTGTGTG-1",1
"GAAATGAAGACTAGGC-1",1
"GAAATGAAGCCAGTTT-1",2
"GAAATGAAGCTAGTCT-1",3
"GAAATGAAGTACGTAA-1",0
"GAAATGATCATGCTCC-1",2
"GAAATGATCCTCGCAT-1",3
"GAACATCAGATGGCGT-1",0
"GAACATCCAACAACCT-1",1
"GAACATCCACATCTTT-1",1
"GAACATCCACCTATCC-1",0
"GAACATCCACGGACAA-1",0
"GAACATCCATGCTAGT-1",1
"GAACATCGTACGACCC-1",2
"GAACATCGTGGACGAT-1",1
"GAACATCGTTCCCGAG-1",0
"GAACATCTCCAAGTAC-1",2
"GAACATCTCGATCCCT-1",0
"GAACATCTCTCCAACC-1",1
"GAACCTAAGAACTGTA-1",2
"GAACCTAAGAGCAATT-1",3
"GAACCTAAGCCAGTAG-1",2
"GAACCTACAAGGACAC-1",0
"GAACCTACAGACACTT-1",0
"GAACCTAGTACCAGTT-1",2
"GAACCTAGTGTCAATC-1",0
"GAACCTATCACGATGT-1",0
"GAACGGAAGACGCAAC-1",1
"GAACGGAAGTAATCCC-1",3
"GAACGGAAGTCAATAG-1",1
"GAACGGAAGTGGACGT-1",1
"GAACGGACACAGCGTC-1",0
"GAACGGACACCTCGTT-1",1
"GAACGGACACTTAACG-1",0
"GAACGGAGTAGCGTAG-1",1
"GAACGGAGTCAGAGGT-1",0
"GAACGGAGTGGCGAAT-1",1
"GAACGGATCACTCCTG-1",2
"GAACGGATCCACGAAT-1",1
"GAACGGATCGTAGGAG-1",3
"GAACGGATCTGTCAAG-1",0
"GAAGCAGAGACTAAGT-1",3
"GAAGCAGAGAGACGAA-1",0
"GAAGCAGAGCCACGCT-1",1
"GAAGCAGAGTTCGCGC-1",3
"GAAGCAGCAATCCGAT-1",0
"GAAGCAGCACTCGACG-1",2
"GAAGCAGCAGATCTGT-1",0
"GAAGCAGCAGATGAGC-1",2
"GAAGCAGCATGAACCT-1",2
"GAAGCAGCATGGAATA-1",1
"GAAGCAGGTAACGCGA-1",1
"GAAGCAGGTCATACTG-1",2
"GAAGCAGTCCTAGTGA-1",1
"GAAGCAGTCTTATCTG-1",3
"GAATAAGCAAGGTGTG-1",0
"GAATAAGCAGACAAGC-1",1
"GAATAAGCATGCAACT-1",1
"GAATAAGGTCCGTTAA-1",1
"GAATAAGGTGAGTGAC-1",1
"GAATAAGGTTCCCTTG-1",0
"GAATAAGTCGTTTAGG-1",1
"GAATGAAAGAGTCTGG-1",0
"GAATGAAAGCTTATCG-1",0
"GAATGAAAGGCATGTG-1",0
"GAATGAACAAACGCGA-1",3
"GAATGAACAGTGAGTG-1",0
"GAATGAACATCATCCC-1",2
"GAATGAAGTCAACATC-1",4
"GAATGAAGTCTCACCT-1",1
"GAATGAAGTGGCAAAC-1",1
"GAATGAAGTTGCGTTA-1",0
"GAATGAATCAGTTAGC-1",0
"GAATGAATCCTGCCAT-1",0
"GACACGCAGACGCACA-1",1
"GACACGCAGAGTAATC-1",0
"GACACGCAGCCAACAG-1",1
"GACACGCAGGAGTTTA-1",1
"GACACGCAGGGCATGT-1",0
"GACACGCAGGTGCACA-1",0
"GACACGCAGTCCAGGA-1",3
"GACACGCAGTGGGATC-1",2
"GACACGCAGTGGGTTG-1",0
"GACACGCCAAGCGTAG-1",2
"GACACGCCAAGGACAC-1",0
"GACACGCCAGACGCTC-1",0
"GACACGCCATCCTTGC-1",3
"GACACGCGTTCACGGC-1",2
"GACACGCTCATGTAGC-1",1
"GACAGAGAGTACGATA-1",2
"GACAGAGCAACGATCT-1",1
"GACAGAGCAAGTCTAC-1",0
"GACAGAGCAGCTCCGA-1",0
"GACAGAGCAGCTGGCT-1",0
"GACAGAGGTAGAAAGG-1",2
"GACAGAGTCAAACAAG-1",0
"GACAGAGTCAGAGACG-1",0
"GACAGAGTCCTTCAAT-1",1
"GACAGAGTCCTTGCCA-1",1
"GACAGAGTCTTCATGT-1",0
"GACCAATAGAAGGGTA-1",0
"GACCAATAGCTACCGC-1",2
"GACCAATAGCTACCTA-1",0
"GACCAATCAGGTGCCT-1",1
"GACCAATCATGCGCAC-1",3
"GACCAATGTACAGTTC-1",1
"GACCAATGTCGCTTCT-1",2
"GACCAATTCCGATATG-1",3
"GACCAATTCGAATGGG-1",1
"GACCAATTCGTCACGG-1",1
"GACCTGGCATCACAAC-1",0
"GACCTGGCATGTCTCC-1",1
"GACCTGGCATTGGCGC-1",3
"GACCTGGGTAAAGGAG-1",2
"GACCTGGGTCCAGTTA-1",2
"GACCTGGGTGCAGTAG-1",0
"GACCTGGTCATAGCAC-1",0
"GACCTGGTCCTTGCCA-1",0
"GACCTGGTCGCATGAT-1",0
"GACCTGGTCGTCACGG-1",0
"GACGCGTAGTGGTAAT-1",3
"GACGCGTAGTTGTAGA-1",0
"GACGCGTGTAAAGGAG-1",0
"GACGCGTGTGTGAAAT-1",1
"GACGCGTGTTAAGACA-1",1
"GACGCGTTCAAACCGT-1",0
"GACGCGTTCCAAATGC-1",1
"GACGCGTTCCGCGGTA-1",1
"GACGCGTTCCTACAGA-1",0
"GACGCGTTCGACGGAA-1",2
"GACGCGTTCTCCGGTT-1",0
"GACGGCTAGAAGATTC-1",1
"GACGGCTAGAGCTGGT-1",1
"GACGGCTCAAGGTTTC-1",1
"GACGGCTCACCGCTAG-1",0
"GACGGCTCATGAACCT-1",0
"GACGGCTCATGCAACT-1",0
"GACGGCTGTGTGTGCC-1",4
"GACGGCTGTTATGTGC-1",2
"GACGGCTGTTTGGCGC-1",2
"GACGGCTTCTATCGCC-1",3
"GACGTGCAGGCAAAGA-1",1
"GACGTGCAGGGTGTGT-1",2
"GACGTGCAGGTGTTAA-1",0
"GACGTGCCAGGTCGTC-1",0
"GACGTGCGTAACGTTC-1",0
"GACGTGCTCACCTCGT-1",0
"GACGTTAAGCTACCGC-1",1
"GACGTTAAGGCAAAGA-1",0
"GACGTTAAGTCAAGCG-1",0
"GACGTTACAAGCCATT-1",1
"GACGTTACAAGGTTTC-1",1
"GACGTTACAGACACTT-1",2
"GACGTTAGTATCTGCA-1",1
"GACGTTAGTTTGACAC-1",1
"GACGTTAGTTTGACTG-1",0
"GACGTTATCACAGGCC-1",2
"GACGTTATCATTGCGA-1",0
"GACGTTATCCCGGATG-1",0
"GACGTTATCCGAAGAG-1",2
"GACGTTATCGCGTTTC-1",0
"GACGTTATCTGTCCGT-1",2
"GACTAACAGACAGAGA-1",0
"GACTAACAGTGGAGAA-1",0
"GACTAACCAAATCCGT-1",1
"GACTAACGTCTAGTCA-1",3
"GACTAACGTGCAACTT-1",0
"GACTAACGTTCAGACT-1",1
"GACTAACTCCGCGCAA-1",2
"GACTAACTCCTTTCTC-1",0
"GACTAACTCTTGCCGT-1",1
"GACTAACTCTTTACAC-1",2
"GACTACAAGATATGGT-1",1
"GACTACACAAATCCGT-1",1
"GACTACAGTGCTGTAT-1",1
"GACTACATCAGCCTAA-1",0
"GACTACATCAGGTAAA-1",1
"GACTACATCTGCAGTA-1",0
"GACTGCGAGCGTAGTG-1",0
"GACTGCGAGTTGTAGA-1",1
"GACTGCGCACTTAACG-1",3
"GACTGCGCATGTTCCC-1",0
"GACTGCGGTACGCACC-1",1
"GACTGCGGTTCTCATT-1",2
"GACTGCGTCAACACAC-1",2
"GACTGCGTCACGACTA-1",0
"GACTGCGTCGCCCTTA-1",0
"GACTGCGTCTCAAACG-1",1
"GAGCAGAGTAGGGTAC-1",1
"GAGCAGAGTCAGATAA-1",0
"GAGCAGAGTCATATGC-1",0
"GAGCAGAGTGAGCGAT-1",2
"GAGCAGAGTGTAACGG-1",0
"GAGCAGAGTGTGACCC-1",1
"GAGCAGAGTTCGGGCT-1",0
"GAGCAGAGTTTAAGCC-1",0
"GAGCAGAGTTTGCATG-1",6
"GAGGTGAAGCAACGGT-1",0
"GAGGTGAAGGCTCTTA-1",1
"GAGGTGAAGTGGTAGC-1",3
"GAGGTGAAGTTGTAGA-1",2
"GAGGTGACACTGTCGG-1",1
"GAGGTGACATCCTTGC-1",0
"GAGGTGACATGCATGT-1",1
"GAGGTGAGTACCTACA-1",0
"GAGGTGAGTCATTAGC-1",1
"GAGGTGAGTTCCTCCA-1",0
"GAGGTGATCATCGCTC-1",1
"GAGGTGATCTAGAGTC-1",1
"GAGGTGATCTCTAGGA-1",2
"GAGGTGATCTGCTGTC-1",0
"GAGGTGATCTGGGCCA-1",5
"GAGTCCGAGGACAGAA-1",4
"GAGTCCGAGGCATGTG-1",0
"GAGTCCGAGGCGTACA-1",0
"GAGTCCGCAAACCCAT-1",0
"GAGTCCGGTCAAGCGA-1",0
"GAGTCCGGTGACCAAG-1",2
"GAGTCCGGTGACTCAT-1",4
"GAGTCCGGTGTGACCC-1",0
"GAGTCCGGTTCGGGCT-1",0
"GAGTCCGGTTTGCATG-1",1
"GAGTCCGTCGGCGCAT-1",0
"GAGTCCGTCTGATTCT-1",0
"GATCAGTAGATGTCGG-1",0
"GATCAGTAGTGGTAGC-1",0
"GATCAGTGTATATGAG-1",2
"GATCAGTGTCTGCGGT-1",0
"GATCAGTGTTATGCGT-1",2
"GATCAGTGTTGTACAC-1",5
"GATCAGTTCCCGACTT-1",0
"GATCGATAGAATGTTG-1",0
"GATCGATAGAGCTGCA-1",0
"GATCGATAGCATGGCA-1",1
"GATCGATCAAGCGAGT-1",1
"GATCGATCAAGCGTAG-1",0
"GATCGATGTCAACATC-1",1
"GATCGATGTTGCCTCT-1",0
"GATCGATTCCGCATCT-1",0
"GATCGCGAGATAGTCA-1",1
"GATCGCGAGCCTTGAT-1",0
"GATCGCGAGGAGCGTT-1",0
"GATCGCGCAGGTCGTC-1",0
"GATCGCGGTACAGCAG-1",1
"GATCGCGGTGAGTATA-1",2
"GATCGCGGTTGTCGCG-1",1
"GATCGCGTCACTCCTG-1",2
"GATCGTAAGACATAAC-1",1
"GATCGTAAGCTCAACT-1",0
"GATCGTACATAACCTG-1",1
"GATCGTAGTGGCTCCA-1",3
"GATCGTATCATATCGG-1",0
"GATCGTATCATGTCCC-1",2
"GATCGTATCTTACCGC-1",1
"GATCTAGAGCGTCTAT-1",1
"GATCTAGAGTGGAGAA-1",1
"GATCTAGCAACACCTA-1",1
"GATCTAGCAAGGGTCA-1",0
"GATCTAGGTCTAAAGA-1",0
"GATCTAGGTCTCACCT-1",1
"GATCTAGGTCTCTTTA-1",0
"GATCTAGTCACATAGC-1",1
"GATCTAGTCTAAGCCA-1",0
"GATGAAAAGAGTAATC-1",0
"GATGAAAAGCTCCCAG-1",1
"GATGAAACACGGTAGA-1",0
"GATGAAACAGCTGTAT-1",0
"GATGAAAGTGGGTATG-1",1
"GATGAAATCACCCTCA-1",1
"GATGAAATCACTCCTG-1",5
"GATGAAATCAGCAACT-1",1
"GATGAAATCGAGAGCA-1",2
"GATGAGGAGATCCCGC-1",3
"GATGAGGAGTTCGATC-1",0
"GATGAGGCACCAGTTA-1",0
"GATGAGGGTATCACCA-1",0
"GATGAGGGTATTCGTG-1",1
"GATGAGGGTCGCGTGT-1",0
"GATGAGGGTGATGATA-1",0
"GATGAGGTCACAGGCC-1",1
"GATGAGGTCACATAGC-1",2
"GATGAGGTCCCTTGTG-1",3
"GATGAGGTCTGCTGTC-1",1
"GATGCTAAGACTAAGT-1",0
"GATGCTAAGGATGCGT-1",0
"GATGCTAAGGCTCTTA-1",0
"GATGCTAAGGGAACGG-1",2
"GATGCTAAGTATCTCG-1",0
"GATGCTAAGTCTCGGC-1",4
"GATGCTACATGTTGAC-1",0
"GATGCTACATTGCGGC-1",3
"GATGCTAGTCTCCATC-1",0
"GATGCTAGTGGAAAGA-1",1
"GATGCTAGTTAGGGTG-1",0
"GATGCTATCCTGTACC-1",3
"GATGCTATCGGCGCTA-1",2
"GATTCAGAGAAACCTA-1",2
"GATTCAGAGAGTGACC-1",1
"GATTCAGAGATTACCC-1",1
"GATTCAGAGGGTCGAT-1",0
"GATTCAGAGGTCGGAT-1",1
"GATTCAGAGTCAATAG-1",0
"GATTCAGCAAGTTGTC-1",3
"GATTCAGCAATTCCTT-1",2
"GATTCAGCAGGGTACA-1",2
"GATTCAGCATCGACGC-1",0
"GATTCAGCATTATCTC-1",0
"GATTCAGGTAAATACG-1",0
"GATTCAGTCAACTCTT-1",2
"GCAAACTAGATGTTAG-1",1
"GCAAACTAGTCATGCT-1",0
"GCAAACTAGTCTCAAC-1",1
"GCAAACTCACAGGTTT-1",0
"GCAAACTGTCAGATAA-1",0
"GCAAACTGTCTCCATC-1",0
"GCAAACTTCGTGGTCG-1",2
"GCAATCAAGGGATCTG-1",0
"GCAATCAAGTATCTCG-1",1
"GCAATCAAGTGGGTTG-1",2
"GCAATCACAGCTTAAC-1",0
"GCAATCACATGTCGAT-1",0
"GCAATCACATTCCTCG-1",3
"GCAATCAGTAGGAGTC-1",0
"GCAATCAGTATAATGG-1",0
"GCAATCAGTTCTCATT-1",1
"GCAATCAGTTCTGGTA-1",0
"GCACATAAGAGCTATA-1",2
"GCACATAAGATGTTAG-1",0
"GCACATAAGCCTTGAT-1",3
"GCACATAAGGAGTACC-1",1
"GCACATAAGTGAAGTT-1",0
"GCACATACACCACGTG-1",0
"GCACATACAGCTGTAT-1",0
"GCACATACAGGAACGT-1",1
"GCACATAGTCATCGGC-1",0
"GCACATAGTCCGAATT-1",2
"GCACATAGTCTCTTTA-1",0
"GCACATAGTGCGCTTG-1",0
"GCACATATCACCTCGT-1",3
"GCACATATCTGGTTCC-1",0
"GCACTCTCAAGACACG-1",4
"GCACTCTCAATCACAC-1",2
"GCACTCTCATTTCAGG-1",1
"GCACTCTGTAAACCTC-1",2
"GCACTCTGTACCAGTT-1",3
"GCACTCTGTAGAAAGG-1",1
"GCACTCTGTCGAACAG-1",0
"GCACTCTGTCTAGGTT-1",1
"GCACTCTTCAACTCTT-1",0
"GCACTCTTCCCTAATT-1",1
"GCACTCTTCTGCCCTA-1",0
"GCAGCCAAGCTGATAA-1",0
"GCAGCCACATGAGCGA-1",0
"GCAGCCAGTAATCGTC-1",2
"GCAGCCAGTGTCGCTG-1",1
"GCAGCCATCAGTTGAC-1",3
"GCAGCCATCCCAACGG-1",1
"GCAGCCATCCGTACAA-1",1
"GCAGTTAAGTCCATAC-1",0
"GCAGTTAAGTCCGTAT-1",0
"GCAGTTAAGTTAACGA-1",1
"GCAGTTAGTGGACGAT-1",0
"GCAGTTAGTTATTCTC-1",1
"GCAGTTATCGCGATCG-1",0
"GCATACAAGATCTGCT-1",2
"GCATACAAGCAACGGT-1",3
"GCATACACAACGCACC-1",1
"GCATACACAAGGACTG-1",0
"GCATACACAAGTCTGT-1",0
"GCATACACAGTCAGCC-1",4
"GCATACACATCCTAGA-1",2
"GCATACACATCGGAAG-1",1
"GCATACAGTCCGAACC-1",2
"GCATACAGTTCTGGTA-1",0
"GCATACATCCACGACG-1",0
"GCATGATAGAATGTTG-1",0
"GCATGATAGAGTAATC-1",0
"GCATGATAGCTGATAA-1",0
"GCATGATAGGACCACA-1",2
"GCATGATAGGCTAGCA-1",3
"GCATGATAGTCAAGCG-1",1
"GCATGATAGTGGAGAA-1",5
"GCATGATCACACCGAC-1",0
"GCATGATCACATTTCT-1",0
"GCATGATGTCCCTACT-1",1
"GCATGATGTTGCGCAC-1",2
"GCATGATTCGTGGACC-1",0
"GCATGCGAGCATGGCA-1",0
"GCATGCGAGTCCAGGA-1",0
"GCATGCGCACTGCCAG-1",1
"GCATGCGGTAAGGATT-1",0
"GCATGCGGTCCTCTTG-1",2
"GCATGCGGTGTGAAAT-1",2
"GCATGCGTCCGCGGTA-1",1
"GCATGTAAGAACTGTA-1",1
"GCATGTAAGACAGACC-1",1
"GCATGTAAGTACTTGC-1",0
"GCATGTAAGTGCAAGC-1",2
"GCATGTACAACACGCC-1",3
"GCATGTATCACGAAGG-1",0
"GCCAAATCAAACTGTC-1",2
"GCCAAATCAAGGGTCA-1",0
"GCCAAATCAAGTTCTG-1",0
"GCCAAATCAGCCACCA-1",1
"GCCAAATCATAACCTG-1",2
"GCCAAATGTATAAACG-1",0
"GCCAAATGTGTTTGGT-1",3
"GCCAAATGTTTCGCTC-1",0
"GCCAAATTCAGGTAAA-1",0
"GCCAAATTCCGAGCCA-1",1
"GCCAAATTCCGCGGTA-1",0
"GCCAAATTCGGCTACG-1",0
"GCCTCTAAGAGTACCG-1",0
"GCCTCTAAGCCATCGC-1",1
"GCCTCTAAGCCGCCTA-1",1
"GCCTCTAAGCGATAGC-1",2
"GCCTCTAAGCTGCAAG-1",4
"GCCTCTAAGCTTCGCG-1",2
"GCCTCTAAGTCACGCC-1",3
"GCCTCTACAAGACGTG-1",0
"GCCTCTACAGCTATTG-1",0
"GCCTCTAGTAAGGATT-1",3
"GCCTCTAGTGATGATA-1",0
"GCCTCTAGTTAAGGGC-1",0
"GCCTCTATCAGCGACC-1",2
"GCCTCTATCCGATATG-1",1
"GCCTCTATCGAATCCA-1",0
"GCCTCTATCGAGCCCA-1",3
"GCCTCTATCGCTGATA-1",0
"GCCTCTATCTTTAGGG-1",0
"GCGACCAAGAGGTTAT-1",1
"GCGACCACACTTACGA-1",1
"GCGACCAGTCAGGACA-1",0
"GCGACCAGTCTAGAGG-1",2
"GCGACCATCAACGGGA-1",1
"GCGACCATCCCGGATG-1",1
"GCGACCATCTACTCAT-1",0
"GCGAGAAAGGTTCCTA-1",0
"GCGAGAAAGTACGATA-1",3
"GCGAGAAAGTGTCTCA-1",0
"GCGAGAACAAGCCCAC-1",0
"GCGAGAACACTGAAGG-1",4
"GCGAGAAGTAGCGCTC-1",2
"GCGAGAAGTCCCTACT-1",0
"GCGAGAATCCTTTCGG-1",0
"GCGAGAATCGAGAGCA-1",1
"GCGAGAATCGCACTCT-1",2
"GCGCAACAGTCCTCCT-1",0
"GCGCAACAGTGTACGG-1",0
"GCGCAACCAAGTCTGT-1",0
"GCGCAACCAGCCACCA-1",0
"GCGCAACGTAGCGCTC-1",0
"GCGCAACGTCCCTTGT-1",0
"GCGCAACGTCCTAGCG-1",2
"GCGCAACGTCGACTAT-1",1
"GCGCAACGTCTAGAGG-1",0
"GCGCAACGTGCACGAA-1",3
"GCGCAACTCAATACCG-1",0
"GCGCAGTCACATCCAA-1",1
"GCGCAGTCATTACCTT-1",1
"GCGCAGTGTTAGGGTG-1",1
"GCGCAGTTCGATCCCT-1",2
"GCGCAGTTCGCGGATC-1",0
"GCGCCAAAGACATAAC-1",0
"GCGCCAAAGGACAGCT-1",1
"GCGCCAAAGGCCCTTG-1",0
"GCGCCAAAGGGCTTCC-1",0
"GCGCCAAAGGTACTCT-1",3
"GCGCCAACATAACCTG-1",1
"GCGCCAACATTGGGCC-1",1
"GCGCCAAGTACTTGAC-1",0
"GCGCCAAGTCGGCACT-1",1
"GCGCCAAGTGAAAGAG-1",1
"GCGCCAAGTTGTACAC-1",0
"GCGCCAATCCGTTGCT-1",1
"GCGCGATAGAAGGTTT-1",2
"GCGCGATAGCAGGTCA-1",1
"GCGCGATAGTGAATTG-1",4
"GCGCGATAGTTTGCGT-1",5
"GCGCGATCAGCTCGAC-1",1
"GCGCGATGTAAGTAGT-1",0
"GCGCGATGTATCACCA-1",0
"GCGCGATGTCACTTCC-1",1
"GCGCGATGTTACCAGT-1",1
"GCGCGATTCAGTTAGC-1",2
"GCGCGATTCGTTTAGG-1",0
"GCGGGTTAGAAACGAG-1",0
"GCGGGTTAGCTATGCT-1",0
"GCGGGTTAGTGTGAAT-1",3
"GCGGGTTCACGCGAAA-1",1
"GCGGGTTCAGGCAGTA-1",2
"GCGGGTTCAGTAACGG-1",0
"GCGGGTTGTGAGTATA-1",2
"GCGGGTTGTGGCGAAT-1",1
"GCGGGTTTCCAAAGTC-1",2
"GCGGGTTTCCTTTCTC-1",0
"GCGGGTTTCTCCAACC-1",3
"GCGGGTTTCTTGAGGT-1",1
"GCGGGTTTCTTGTATC-1",0
"GCTCCTACAAACTGTC-1",3
"GCTCCTACACCAGGTC-1",0
"GCTCCTACACCGATAT-1",0
"GCTCCTACAGGGTACA-1",1
"GCTCCTACATTAGCCA-1",1
"GCTCCTAGTCAGGACA-1",0
"GCTCCTAGTCCGTCAG-1",3
"GCTCCTATCAGCCTAA-1",1
"GCTCCTATCCCTAATT-1",2
"GCTCTGTAGAGGTAGA-1",0
"GCTCTGTAGCTGAACG-1",1
"GCTCTGTAGGAGTCTG-1",0
"GCTCTGTAGTGCTGCC-1",0
"GCTCTGTAGTGGACGT-1",1
"GCTCTGTTCACCTCGT-1",5
"GCTGCAGAGCGTGAGT-1",2
"GCTGCAGAGTCAAGCG-1",0
"GCTGCAGAGTCCCACG-1",1
"GCTGCAGCAATTGCTG-1",0
"GCTGCAGCATGCCCGA-1",1
"GCTGCAGCATGCCTAA-1",0
"GCTGCAGGTAAACCTC-1",0
"GCTGCAGGTACGAAAT-1",0
"GCTGCAGGTAGCGCAA-1",1
"GCTGCAGGTCACCCAG-1",1
"GCTGCAGGTCATGCCG-1",2
"GCTGCGAAGGAATGGA-1",3
"GCTGCGAGTCTAACGT-1",1
"GCTGCGAGTGTTTGGT-1",2
"GCTGCGATCTCCTATA-1",0
"GCTGCGATCTTGTTTG-1",1
"GCTGCTTAGAATTGTG-1",1
"GCTGCTTAGGCAATTA-1",1
"GCTGCTTCATCACGTA-1",0
"GCTGCTTCATCCAACA-1",0
"GCTGCTTCATGCCTAA-1",0
"GCTGCTTCATGGTCAT-1",0
"GCTGCTTGTAACGACG-1",0
"GCTGCTTGTAATCGTC-1",0
"GCTGCTTGTAGGGACT-1",0
"GCTGCTTGTGAAAGAG-1",0
"GCTGCTTTCCGGGTGT-1",0
"GCTGGGTAGACCCACC-1",1
"GCTGGGTAGCCACGCT-1",1
"GCTGGGTAGTCGCCGT-1",2
"GCTGGGTAGTCTCAAC-1",1
"GCTGGGTCACGGCTAC-1",0
"GCTGGGTCAGCCAATT-1",1
"GCTGGGTGTACAGTTC-1",0
"GCTGGGTGTACCGTTA-1",1
"GCTGGGTGTCGAGTTT-1",0
"GCTGGGTGTCTCCACT-1",0
"GCTGGGTGTGCCTGTG-1",1
"GCTGGGTTCAGCTTAG-1",0
"GCTGGGTTCCTTAATC-1",0
"GCTTCCAAGAAACCTA-1",3
"GCTTCCACACCACCAG-1",1
"GCTTCCACAGGTCGTC-1",2
"GCTTCCACAGTGAGTG-1",1
"GCTTCCAGTATAGGTA-1",0
"GCTTCCAGTTCAGCGC-1",2
"GCTTCCATCGTCCAGG-1",0
"GCTTGAAAGATGGCGT-1",2
"GCTTGAAAGCCGTCGT-1",2
"GCTTGAACAAACCTAC-1",0
"GCTTGAACACGGTGTC-1",2
"GCTTGAACATCGGAAG-1",1
"GCTTGAAGTGCGGTAA-1",4
"GCTTGAAGTTCTCATT-1",2
"GCTTGAATCAGGATCT-1",0
"GGAAAGCAGGCAGGTT-1",1
"GGAAAGCCAAACGCGA-1",0
"GGAAAGCCAAGTACCT-1",1
"GGAAAGCGTAAGCACG-1",0
"GGAAAGCGTCCTCCAT-1",0
"GGAAAGCGTCGCGTGT-1",0
"GGAAAGCGTGCTTCTC-1",2
"GGAAAGCTCCAGAGGA-1",0
"GGAACTTAGAGTAAGG-1",0
"GGAACTTCAATGTAAG-1",0
"GGAACTTCACAGGAGT-1",0
"GGAACTTCACCTCGTT-1",1
"GGAACTTGTCTCTTTA-1",5
"GGAACTTTCATTGCCC-1",1
"GGAACTTTCATTTGGG-1",1
"GGAACTTTCCGTCATC-1",1
"GGAACTTTCCTCAACC-1",0
"GGAACTTTCGGATGTT-1",1
"GGAATAAAGGTACTCT-1",0
"GGAATAAAGTGTCCAT-1",0
"GGAATAACAGCGTCCA-1",4
"GGAATAAGTCTGGTCG-1",0
"GGAATAAGTGCAGGTA-1",0
"GGAATAATCAGCACAT-1",1
"GGAATAATCTTTACGT-1",0
"GGACAAGAGGTACTCT-1",2
"GGACAAGCAACGATGG-1",0
"GGACAAGCAGTCGTGC-1",0
"GGACAAGCATGGGACA-1",0
"GGACAAGGTATAAACG-1",2
"GGACAAGGTATGAAAC-1",3
"GGACAAGGTCGGCATC-1",0
"GGACAAGGTTATGCGT-1",1
"GGACAAGTCTAACGGT-1",0
"GGACAGAAGCTAGTCT-1",1
"GGACAGAAGTACTTGC-1",2
"GGACAGACAACACGCC-1",1
"GGACAGACACAAGCCC-1",2
"GGACAGAGTAAGTGGC-1",0
"GGACAGAGTCTTTCAT-1",1
"GGACAGAGTGAGGGAG-1",2
"GGACAGAGTTCCACAA-1",1
"GGACAGATCAACGCTA-1",0
"GGACATTAGAGGGCTT-1",2
"GGACATTAGCCACGTC-1",1
"GGACATTCAAACGCGA-1",0
"GGACATTCAATGACCT-1",0
"GGACATTCACCAGCAC-1",0
"GGACATTGTTCTGGTA-1",1
"GGACATTTCCTCTAGC-1",0
"GGACGTCAGTACTTGC-1",2
"GGACGTCAGTGGTAAT-1",1
"GGACGTCCACAGTCGC-1",1
"GGACGTCGTGAGGGAG-1",3
"GGACGTCGTGGCGAAT-1",0
"GGACGTCGTTACGGAG-1",1
"GGACGTCGTTTAAGCC-1",0
"GGACGTCTCCACTCCA-1",2
"GGACGTCTCGCAAACT-1",1
"GGACGTCTCTCCAGGG-1",0
"GGACGTCTCTCGAGTA-1",0
"GGACGTCTCTGGTGTA-1",1
"GGACGTCTCTTCGAGA-1",0
"GGAGCAAAGAACTCGG-1",0
"GGAGCAAAGACTGTAA-1",1
"GGAGCAAAGCCGCCTA-1",0
"GGAGCAAAGCTAAACA-1",0
"GGAGCAAAGTACGCCC-1",0
"GGAGCAACAAGCTGTT-1",1
"GGAGCAACAATGGACG-1",1
"GGAGCAACAATTCCTT-1",1
"GGAGCAACATGCTGGC-1",3
"GGAGCAAGTGAGTATA-1",1
"GGAGCAAGTTACTGAC-1",2
"GGAGCAATCAAGATCC-1",1
"GGAGCAATCCCATTTA-1",2
"GGATGTTCAAACTGTC-1",0
"GGATGTTTCATCACCC-1",0
"GGATGTTTCATGCATG-1",3
"GGATGTTTCCTACAGA-1",2
"GGATGTTTCCTCTAGC-1",0
"GGATTACAGATCCCAT-1",0
"GGATTACAGCTTCGCG-1",0
"GGATTACAGGCTAGCA-1",1
"GGATTACAGTATCTCG-1",2
"GGATTACCAAGCGTAG-1",3
"GGATTACCACATCCGG-1",0
"GGATTACCAGCGTAAG-1",1
"GGATTACGTAATAGCA-1",0
"GGATTACGTACACCGC-1",0
"GGATTACGTCTCTTTA-1",0
"GGATTACGTTGAGGTG-1",0
"GGATTACTCGCGCCAA-1",1
"GGATTACTCGGCGCAT-1",1
"GGATTACTCTGCCCTA-1",2
"GGCAATTCAATCGGTT-1",2
"GGCAATTCACGGCGTT-1",0
"GGCAATTCATCACCCT-1",1
"GGCAATTGTCGATTGT-1",1
"GGCAATTTCACTTACT-1",2
"GGCAATTTCAGCACAT-1",0
"GGCAATTTCTCCGGTT-1",2
"GGCCGATAGTGTCTCA-1",0
"GGCCGATCACGGACAA-1",2
"GGCCGATGTAGGACAC-1",1
"GGCCGATGTCACTGGC-1",1
"GGCCGATGTCCCTACT-1",3
"GGCCGATTCACCGTAA-1",1
"GGCCGATTCCGCGCAA-1",0
"GGCGACTAGAGCTGGT-1",2
"GGCGACTAGGACCACA-1",2
"GGCGACTAGGTTACCT-1",3
"GGCGACTCAAAGCGGT-1",4
"GGCGACTCAAGAGTCG-1",2
"GGCGACTCACCAGGTC-1",2
"GGCGACTCATTGTGCA-1",0
"GGCGACTTCAGAAATG-1",0
"GGCGACTTCAGAGACG-1",0
"GGCGACTTCCAGATCA-1",1
"GGCGACTTCTCTAGGA-1",0
"GGCGTGTAGCTAGCCC-1",0
"GGCGTGTAGGGTATCG-1",1
"GGCGTGTCAGGTCCAC-1",0
"GGCGTGTCAGTATAAG-1",0
"GGCGTGTCATCGTCGG-1",1
"GGCGTGTCATGGAATA-1",0
"GGCGTGTGTCTCCCTA-1",0
"GGCGTGTTCTTGAGGT-1",0
"GGCTCGAAGCCGTCGT-1",2
"GGCTCGAAGGTAAACT-1",0
"GGCTCGACAAGAAGAG-1",1
"GGCTCGACAATAGCAA-1",0
"GGCTCGACATGGTCAT-1",4
"GGCTCGAGTATATCCG-1",2
"GGCTCGAGTTACGTCA-1",0
"GGCTCGAGTTAGGGTG-1",0
"GGCTCGATCTGCAAGT-1",0
"GGCTGGTAGAAGAAGC-1",1
"GGCTGGTAGACCCACC-1",0
"GGCTGGTCAAGGACAC-1",0
"GGCTGGTCACTGCCAG-1",2
"GGCTGGTCATTTCAGG-1",0
"GGCTGGTGTATTCTCT-1",0
"GGCTGGTGTCGCATCG-1",0
"GGCTGGTGTCTAGTGT-1",0
"GGCTGGTGTTATGCGT-1",0
"GGGAATGAGCGTTGCC-1",0
"GGGAATGAGTAGGTGC-1",2
"GGGAATGGTAAGGGAA-1",1
"GGGAATGTCAACGAAA-1",0
"GGGAATGTCCAGTATG-1",1
"GGGAATGTCCGGGTGT-1",1
"GGGACCTAGATGTAAC-1",0
"GGGACCTAGTCTTGCA-1",3
"GGGACCTCAATCAGAA-1",2
"GGGACCTCACTGAAGG-1",1
"GGGAGATAGTACGACG-1",1
"GGGAGATCAAAGTGCG-1",3
"GGGAGATCAAATCCGT-1",3
"GGGAGATCAAGGACTG-1",0
"GGGAGATCACGCGAAA-1",6
"GGGAGATGTAGCGCAA-1",1
"GGGAGATTCAACGGGA-1",0
"GGGAGATTCATCACCC-1",0
"GGGATGAAGTGACATA-1",0
"GGGATGACATCATCCC-1",3
"GGGATGAGTCACCCAG-1",3
"GGGATGAGTGGAAAGA-1",1
"GGGATGAGTTACGACT-1",1
"GGGATGAGTTGGTAAA-1",1
"GGGATGATCAGTTAGC-1",0
"GGGATGATCTATCCTA-1",1
"GGGATGATCTTTAGGG-1",1
"GGGCACTAGTCTCGGC-1",0
"GGGCACTCATCTCCCA-1",0
"GGGCACTTCACCTCGT-1",0
"GGGCACTTCTGAGGGA-1",0
"GGGCATCCAATGTAAG-1",1
"GGGCATCCAGTCTTCC-1",1
"GGGCATCGTGGCGAAT-1",0
"GGGCATCTCACAGTAC-1",3
"GGGCATCTCCCTTGTG-1",0
"GGGCATCTCCGGCACA-1",4
"GGGCATCTCTGTCCGT-1",2
"GGGCATCTCTTATCTG-1",0
"GGGTCTGAGAAGATTC-1",1
"GGGTCTGAGATCCCGC-1",2
"GGGTCTGAGCCAACAG-1",0
"GGGTCTGCACAGGCCT-1",1
"GGGTCTGCACCAGGTC-1",0
"GGGTCTGGTCTGGTCG-1",1
"GGGTCTGGTGATGATA-1",1
"GGGTCTGGTGTGACCC-1",1
"GGGTCTGTCAACTCTT-1",1
"GGGTCTGTCACTCCTG-1",2
"GGGTCTGTCCGTAGTA-1",2
"GGGTTGCAGACAGAGA-1",0
"GGGTTGCAGACCTTTG-1",0
"GGGTTGCAGATCGATA-1",0
"GGGTTGCAGGGTGTTG-1",0
"GGGTTGCAGGTGGGTT-1",1
"GGGTTGCCAATAACGA-1",0
"GGGTTGCCACGCCAGT-1",1
"GGGTTGCCATTAACCG-1",1
"GGGTTGCGTACATCCA-1",1
"GGGTTGCGTAGCGCAA-1",1
"GGGTTGCGTCCTCCAT-1",2
"GGGTTGCGTCGAGTTT-1",3
"GGGTTGCGTGAGTATA-1",2
"GGGTTGCGTGTGACCC-1",1
"GGGTTGCTCGTACCGG-1",2
"GGTATTGAGCACCGTC-1",0
"GGTATTGAGCTATGCT-1",2
"GGTATTGCACATCCAA-1",0
"GGTATTGCAGCTTCGG-1",0
"GGTATTGGTTCCGTCT-1",2
"GGTATTGTCAGAAATG-1",2
"GGTATTGTCCATTCTA-1",0
"GGTATTGTCGCCAGCA-1",1
"GGTGAAGAGACACGAC-1",0
"GGTGAAGAGATCCGAG-1",1
"GGTGAAGCAAGGTGTG-1",0
"GGTGAAGCACTCGACG-1",1
"GGTGAAGCAGTATGCT-1",0
"GGTGAAGGTATGAAAC-1",1
"GGTGAAGGTCAGAATA-1",0
"GGTGAAGGTGGTACAG-1",2
"GGTGAAGGTGTATGGG-1",0
"GGTGAAGGTGTCTGAT-1",0
"GGTGAAGGTGTGGTTT-1",0
"GGTGAAGGTGTGTGCC-1",0
"GGTGAAGTCACGATGT-1",0
"GGTGAAGTCACTCTTA-1",1
"GGTGAAGTCTGGCGTG-1",0
"GGTGCGTAGGTGATTA-1",2
"GGTGCGTAGTACGATA-1",1
"GGTGCGTCACTTAAGC-1",4
"GGTGCGTCAGCTGTAT-1",0
"GGTGCGTGTTCGTTGA-1",2
"GGTGCGTTCCGTACAA-1",2
"GGTGCGTTCTTGACGA-1",2
"GGTGTTAAGGGCTCTC-1",1
"GGTGTTAAGTAGCGGT-1",0
"GGTGTTAAGTGGGATC-1",1
"GGTGTTAAGTTATCGC-1",0
"GGTGTTACAAATCCGT-1",2
"GGTGTTACACGGATAG-1",0
"GGTGTTAGTAATCACC-1",1
"GGTGTTAGTAGCAAAT-1",0
"GGTGTTAGTGTATGGG-1",3
"GGTGTTAGTTGAACTC-1",1
"GGTGTTATCGGACAAG-1",2
"GGTGTTATCGGTGTTA-1",0
"GGTGTTATCTACTTAC-1",0
"GTAACGTAGGTGACCA-1",0
"GTAACGTCACAGGCCT-1",0
"GTAACGTGTACCATCA-1",0
"GTAACGTGTGAGTATA-1",0
"GTAACGTGTTACGGAG-1",0
"GTAACGTGTTAGGGTG-1",3
"GTAACGTTCGGTCCGA-1",0
"GTAACGTTCTCATTCA-1",1
"GTAACTGAGTGGGTTG-1",3
"GTAACTGCAATGGAAT-1",2
"GTAACTGCACAGGCCT-1",0
"GTAACTGCAGGATCGA-1",0
"GTAACTGCATCGGGTC-1",0
"GTAACTGGTATTACCG-1",1
"GTAACTGTCACGGTTA-1",0
"GTAACTGTCTACTATC-1",1
"GTACGTAAGGTGCTTT-1",0
"GTACGTACAGGAATGC-1",0
"GTACGTACATGGATGG-1",0
"GTACGTAGTGAGTGAC-1",0
"GTACGTAGTTGGTAAA-1",0
"GTACGTATCACCTCGT-1",1
"GTACGTATCATCGGAT-1",0
"GTACGTATCCACTGGG-1",0
"GTACTCCAGGCAGTCA-1",2
"GTACTCCCAATAGCGG-1",1
"GTACTCCCACAGGTTT-1",4
"GTACTCCTCACCTTAT-1",2
"GTACTCCTCATTGCCC-1",0
"GTACTCCTCCTTCAAT-1",0
"GTACTTTCAGTTAACC-1",1
"GTACTTTCATGTCGAT-1",0
"GTACTTTTCCGAAGAG-1",0
"GTAGGCCAGCAATCTC-1",0
"GTAGGCCCATTCGACA-1",4
"GTAGGCCGTAACGCGA-1",0
"GTAGGCCGTAAGGGCT-1",1
"GTAGGCCGTACGACCC-1",0
"GTAGGCCGTTCAGGCC-1",0
"GTAGGCCGTTGATTGC-1",0
"GTAGGCCTCAGCACAT-1",2
"GTAGTCAAGAATGTGT-1",1
"GTAGTCAAGATGCCTT-1",0
"GTAGTCAAGGACGAAA-1",1
"GTAGTCAAGTGAAGAG-1",0
"GTAGTCATCGTCACGG-1",2
"GTAGTCATCTGAAAGA-1",1
"GTATCTTAGAAACCAT-1",0
"GTATCTTAGGCTATCT-1",0
"GTATCTTAGTTGTCGT-1",1
"GTATCTTCACACCGCA-1",0
"GTATCTTCACGAAGCA-1",0
"GTATCTTGTTCGCTAA-1",1
"GTATCTTTCATGCTCC-1",0
"GTATCTTTCATGTAGC-1",1
"GTATTCTAGAAACCAT-1",2
"GTATTCTAGACAAAGG-1",0
"GTATTCTCAAAGTCAA-1",0
"GTATTCTCAACAACCT-1",0
"GTATTCTCAACTTGAC-1",0
"GTATTCTCAATAAGCA-1",1
"GTATTCTCAGGGTTAG-1",2
"GTATTCTCATACTACG-1",0
"GTATTCTCATGGTAGG-1",1
"GTATTCTGTAGTGAAT-1",0
"GTATTCTGTCTAGAGG-1",1
"GTCAAGTCATATGCTG-1",0
"GTCAAGTCATGGTTGT-1",0
"GTCAAGTGTCAGCTAT-1",0
"GTCAAGTGTTCCACTC-1",1
"GTCACAAAGCCGATTT-1",1
"GTCACAAAGTGGAGTC-1",0
"GTCACAACAGGTGGAT-1",1
"GTCACAAGTAAACGCG-1",2
"GTCACAATCAGGATCT-1",1
"GTCACAATCAGTTGAC-1",0
"GTCACAATCATGCATG-1",2
"GTCACGGAGATCACGG-1",1
"GTCACGGCATATACCG-1",2
"GTCACGGGTGAGTGAC-1",2
"GTCACGGGTGTGGCTC-1",1
"GTCACGGTCGAGAGCA-1",0
"GTCACGGTCTACCTGC-1",1
"GTCATTTAGAGACTAT-1",1
"GTCATTTCACGTGAGA-1",1
"GTCATTTGTAGAAGGA-1",1
"GTCATTTGTCAGATAA-1",3
"GTCATTTTCCAGAGGA-1",0
"GTCCTCAAGCCCAACC-1",0
"GTCCTCAAGTAGATGT-1",0
"GTCCTCAAGTGGGCTA-1",1
"GTCCTCACAATCACAC-1",1
"GTCCTCAGTGGAAAGA-1",1
"GTCCTCATCAAAGACA-1",1
"GTCCTCATCGTCCGTT-1",0
"GTCGGGTCACTGAAGG-1",0
"GTCGGGTCACTTCGAA-1",0
"GTCGGGTCATGAAGTA-1",2
"GTCGGGTGTCTCACCT-1",1
"GTCGGGTGTGTGACGA-1",1
"GTCGGGTGTGTGTGCC-1",1
"GTCGGGTGTTACGTCA-1",1
"GTCGGGTTCTGCTGTC-1",2
"GTCGGGTTCTGTGCAA-1",0
"GTCGTAAAGAGATGAG-1",3
"GTCGTAAAGCTGCAAG-1",2
"GTCGTAAAGGCGACAT-1",0
"GTCGTAACATCACGAT-1",2
"GTCGTAAGTATCACCA-1",2
"GTCGTAATCCAAGTAC-1",1
"GTCTCGTAGACCACGA-1",1
"GTCTCGTCAGGAACGT-1",1
"GTCTCGTGTGGTAACG-1",0
"GTCTCGTGTTTGGCGC-1",3
"GTCTCGTTCACCGGGT-1",1
"GTCTCGTTCAGTGCAT-1",1
"GTCTTCGAGACAAGCC-1",1
"GTCTTCGAGGAATGGA-1",0
"GTCTTCGAGTCAAGCG-1",1
"GTCTTCGCACATGGGA-1",1
"GTCTTCGCACCAGGTC-1",1
"GTCTTCGCAGACGCAA-1",0
"GTCTTCGCATAACCTG-1",0
"GTCTTCGCATCGATGT-1",1
"GTCTTCGGTCTAGTGT-1",0
"GTCTTCGTCTCGATGA-1",0
"GTGAAGGAGAGCTGGT-1",3
"GTGAAGGAGATCGGGT-1",0
"GTGAAGGAGCCAGTTT-1",1
"GTGAAGGAGTGTTGAA-1",3
"GTGAAGGCAAAGGCGT-1",0
"GTGAAGGCACTTAAGC-1",0
"GTGAAGGCAGATTGCT-1",1
"GTGAAGGGTATATGGA-1",3
"GTGAAGGGTCTCTCTG-1",5
"GTGAAGGTCTCCTATA-1",0
"GTGCAGCAGACATAAC-1",2
"GTGCAGCAGTGGTCCC-1",1
"GTGCAGCCACATCTTT-1",3
"GTGCAGCGTGAGTATA-1",0
"GTGCAGCTCTTAGAGC-1",0
"GTGCATAAGGCATGGT-1",1
"GTGCATAGTTTGTTGG-1",2
"GTGCATATCAGAGCTT-1",2
"GTGCATATCATCATTC-1",1
"GTGCATATCTGCGTAA-1",1
"GTGCGGTAGCAATCTC-1",1
"GTGCGGTAGGACAGAA-1",3
"GTGCGGTCAAAGGTGC-1",3
"GTGCGGTGTTCAGACT-1",2
"GTGCGGTGTTCTGTTT-1",0
"GTGCGGTTCATCTGCC-1",0
"GTGCGGTTCCAGGGCT-1",1
"GTGCGGTTCGGATGGA-1",1
"GTGCGGTTCTCGTTTA-1",0
"GTGCGGTTCTGCTGTC-1",3
"GTGCTTCAGCCAGTTT-1",0
"GTGCTTCAGGATTCGG-1",1
"GTGCTTCAGTACACCT-1",1
"GTGCTTCCACTTAACG-1",1
"GTGCTTCCAGCTATTG-1",0
"GTGCTTCGTAGAGTGC-1",0
"GTGCTTCTCACAATGC-1",1
"GTGCTTCTCACTTCAT-1",3
"GTGGGTCAGACCGGAT-1",1
"GTGGGTCAGACTGTAA-1",0
"GTGGGTCAGCCGTCGT-1",1
"GTGGGTCCACCAACCG-1",1
"GTGGGTCCACCACCAG-1",0
"GTGTGCGAGACCGGAT-1",0
"GTGTGCGAGACTTGAA-1",1
"GTGTGCGCAGGTCGTC-1",0
"GTGTGCGGTGAGCGAT-1",0
"GTGTGCGTCAGTCAGT-1",1
"GTGTGCGTCCCTTGTG-1",0
"GTGTGCGTCTAACTTC-1",1
"GTGTTAGAGCACGCCT-1",1
"GTGTTAGAGGACAGAA-1",1
"GTGTTAGAGGCATGGT-1",2
"GTGTTAGAGTGGAGAA-1",0
"GTGTTAGAGTTTGCGT-1",1
"GTGTTAGCAATGGAAT-1",1
"GTGTTAGCACCACCAG-1",0
"GTGTTAGGTGCCTGGT-1",2
"GTGTTAGGTGGAAAGA-1",0
"GTGTTAGGTTCCATGA-1",0
"GTGTTAGGTTGGGACA-1",0
"GTTAAGCAGAGCTGCA-1",0
"GTTAAGCAGATAGCAT-1",0
"GTTAAGCAGCTAACAA-1",0
"GTTAAGCAGGCTACGA-1",1
"GTTAAGCAGTGTACCT-1",1
"GTTAAGCAGTTTGCGT-1",0
"GTTAAGCCATTCACTT-1",1
"GTTAAGCGTACTCGCG-1",2
"GTTAAGCGTCTAGGTT-1",0
"GTTAAGCGTGGCAAAC-1",1
"GTTAAGCGTTGCTCCT-1",0
"GTTAAGCTCCTTTCGG-1",0
"GTTACAGAGAGCTATA-1",1
"GTTACAGAGTACGATA-1",1
"GTTACAGCAGACGCCT-1",2
"GTTACAGCATCGGTTA-1",0
"GTTACAGGTATGGTTC-1",3
"GTTACAGGTCGACTGC-1",3
"GTTACAGGTCTAGGTT-1",1
"GTTCATTAGCGATGAC-1",0
"GTTCATTCATATACGC-1",1
"GTTCATTCATTGGCGC-1",0
"GTTCATTGTGCACGAA-1",1
"GTTCATTGTGTTAAGA-1",0
"GTTCATTGTTCAGTAC-1",1
"GTTCGGGAGACGACGT-1",1
"GTTCGGGAGCTAAGAT-1",1
"GTTCGGGAGTGTCTCA-1",0
"GTTCGGGGTAGGGTAC-1",0
"GTTCGGGGTGCAGGTA-1",1
"GTTCGGGTCCACGCAG-1",0
"GTTCGGGTCTACTTAC-1",0
"GTTCTCGAGACCACGA-1",1
"GTTCTCGAGCGATGAC-1",1
"GTTCTCGAGGCCATAG-1",0
"GTTCTCGCATCGGACC-1",1
"GTTCTCGGTAAGGGAA-1",0
"GTTCTCGGTAGCGTAG-1",0
"GTTCTCGGTCCGTGAC-1",1
"GTTCTCGGTGTTAAGA-1",3
"GTTCTCGTCAACGCTA-1",1
"GTTCTCGTCCTGTACC-1",1
"GTTTCTACAAACCTAC-1",0
"GTTTCTACAAGAAAGG-1",1
"GTTTCTAGTGTTGGGA-1",2
"GTTTCTATCCCAACGG-1",0
"GTTTCTATCCGTAGTA-1",2
"GTTTCTATCGGCATCG-1",2
"TAAACCGGTACTTAGC-1",2
"TAAACCGTCACTCTTA-1",1
"TAAACCGTCAGGCGAA-1",1
"TAAACCGTCCGTTGTC-1",2
"TAAACCGTCTTCCTTC-1",0
"TAAGAGACAAGTTGTC-1",2
"TAAGAGAGTATATCCG-1",2
"TAAGAGATCAATCACG-1",2
"TAAGAGATCTAACGGT-1",1
"TAAGAGATCTTTCCTC-1",3
"TAAGCGTAGTGGACGT-1",2
"TAAGCGTAGTGTCTCA-1",0
"TAAGCGTCAGCTTCGG-1",2
"TAAGCGTCAGGTGGAT-1",1
"TAAGCGTGTCCTGCTT-1",0
"TAAGCGTGTGCCTGGT-1",1
"TAAGCGTGTTGTTTGG-1",0
"TAAGCGTTCCTCATTA-1",0
"TAAGCGTTCGGCGCAT-1",2
"TAAGCGTTCTCGCATC-1",0
"TAAGTGCAGGCTAGGT-1",1
"TAAGTGCAGTAGCGGT-1",0
"TAAGTGCCAACGCACC-1",1
"TAAGTGCCATACAGCT-1",1
"TAAGTGCGTAAACACA-1",1
"TAAGTGCGTCTCACCT-1",0
"TAAGTGCGTTCAGACT-1",0
"TAAGTGCTCACCCTCA-1",1
"TAAGTGCTCACTGGGC-1",1
"TAAGTGCTCTGGCGTG-1",0
"TACACGACACCCATTC-1",1
"TACACGAGTGATAAAC-1",0
"TACACGATCTGTCTCG-1",2
"TACAGTGAGATGCGAC-1",2
"TACAGTGAGCGTTGCC-1",0
"TACAGTGAGTGTACGG-1",0
"TACAGTGCAGGAATCG-1",0
"TACAGTGCAGGTGCCT-1",1
"TACAGTGGTACTCAAC-1",2
"TACAGTGGTTGGACCC-1",1
"TACCTATAGAGCTGGT-1",0
"TACCTATAGAGTTGGC-1",0
"TACCTATAGGCTCATT-1",0
"TACCTATAGTTAGCGG-1",1
"TACCTATCAAGCTGGA-1",0
"TACCTATGTAAATGAC-1",3
"TACCTATGTAGAGTGC-1",1
"TACCTATGTCACCTAA-1",0
"TACCTATGTGTTGAGG-1",0
"TACCTATGTTAAAGAC-1",0
"TACCTATTCTATGTGG-1",0
"TACCTATTCTTCCTTC-1",0
"TACCTTAAGAGGTTGC-1",0
"TACCTTAAGTCAAGCG-1",2
"TACCTTAAGTGGTCCC-1",0
"TACCTTACAACTGGCC-1",1
"TACCTTACAAGGGTCA-1",1
"TACCTTACACTCAGGC-1",1
"TACCTTACATCTACGA-1",2
"TACCTTAGTAGCGTCC-1",1
"TACCTTAGTCTCCACT-1",0
"TACGGATAGATGGCGT-1",0
"TACGGATAGGTACTCT-1",1
"TACGGATCAGGGATTG-1",0
"TACGGATCATCACCCT-1",1
"TACGGATGTCTAGCCG-1",0
"TACGGATTCGGTGTCG-1",3
"TACGGATTCTACTATC-1",0
"TACGGGCAGGATGCGT-1",1
"TACGGGCAGGGAACGG-1",2
"TACGGGCAGTATTGGA-1",0
"TACGGGCAGTCAAGCG-1",0
"TACGGGCCAAGAAGAG-1",0
"TACGGGCCACCAGATT-1",0
"TACGGGCCATCAGTAC-1",1
"TACGGGCGTAAGGGCT-1",1
"TACGGGCGTCTGATTG-1",1
"TACGGGCGTGATGTGG-1",1
"TACGGGCTCACCTTAT-1",1
"TACGGGCTCAGCTCTC-1",2
"TACGGGCTCCACGAAT-1",0
"TACGGGCTCCTATTCA-1",0
"TACGGGCTCGGTGTTA-1",1
"TACGGTAAGATATGGT-1",2
"TACGGTAAGCCGATTT-1",1
"TACGGTAAGTCATGCT-1",1
"TACGGTAAGTGCCATT-1",0
"TACGGTACACAGGCCT-1",1
"TACGGTACATTTCAGG-1",1
"TACGGTAGTATATCCG-1",0
"TACGGTAGTCACTTCC-1",1
"TACGGTAGTGCAGGTA-1",0
"TACGGTAGTGGGTATG-1",0
"TACGGTATCGCAGGCT-1",1
"TACGGTATCGGACAAG-1",5
"TACGGTATCGTTTATC-1",0
"TACTCATAGTCACGCC-1",1
"TACTCATCAATCTACG-1",1
"TACTCATCACGGTAGA-1",4
"TACTCATCACTTCTGC-1",1
"TACTCATCATCCGTGG-1",0
"TACTCATCATGTCGAT-1",0
"TACTCATGTACAGCAG-1",0
"TACTCATGTCTTCAAG-1",1
"TACTCATTCCTTTCTC-1",2
"TACTCGCAGGCGACAT-1",0
"TACTCGCGTCAGAAGC-1",1
"TACTCGCGTCTGATTG-1",1
"TACTCGCGTGTAACGG-1",1
"TACTCGCGTTGAGTTC-1",2
"TACTCGCTCAACGGGA-1",0
"TACTCGCTCCGAATGT-1",3
"TACTTACAGACTAGGC-1",1
"TACTTACAGCTGAACG-1",0
"TACTTACAGTACACCT-1",0
"TACTTACAGTACGCCC-1",1
"TACTTACAGTGATCGG-1",1
"TACTTACCAAGCCGTC-1",1
"TACTTACCACAGGTTT-1",3
"TACTTACTCGCGTTTC-1",2
"TACTTGTAGCGATATA-1",1
"TACTTGTAGTAATCCC-1",1
"TACTTGTCAAACAACA-1",2
"TACTTGTCATGCAACT-1",0
"TACTTGTGTAGCACGA-1",2
"TACTTGTGTATAAACG-1",0
"TACTTGTGTTCCACAA-1",1
"TACTTGTTCTGCAGTA-1",1
"TAGACCAAGAGACGAA-1",0
"TAGACCAAGCCTCGTG-1",0
"TAGACCAAGTCGATAA-1",4
"TAGACCACAACACCCG-1",0
"TAGACCAGTAGATTAG-1",1
"TAGACCAGTTCATGGT-1",1
"TAGACCATCACTTCAT-1",2
"TAGACCATCGTCACGG-1",0
"TAGACCATCTCCAGGG-1",2
"TAGAGCTAGAATTCCC-1",0
"TAGAGCTAGTATTGGA-1",1
"TAGAGCTCACTGAAGG-1",2
"TAGAGCTGTACTTGAC-1",2
"TAGAGCTGTAGGGACT-1",0
"TAGAGCTGTCTAAAGA-1",1
"TAGCCGGAGACTGGGT-1",1
"TAGCCGGAGTCCCACG-1",0
"TAGCCGGAGTGACATA-1",2
"TAGCCGGCAGCAGTTT-1",1
"TAGCCGGGTACAGTGG-1",2
"TAGCCGGGTACCATCA-1",0
"TAGCCGGGTCGCGAAA-1",4
"TAGCCGGTCACGACTA-1",0
"TAGCCGGTCCAGGGCT-1",0
"TAGGCATAGAACTGTA-1",2
"TAGGCATAGCTAGGCA-1",1
"TAGGCATAGTCGTACT-1",1
"TAGGCATAGTTTAGGA-1",1
"TAGGCATCAAGCCTAT-1",0
"TAGGCATCAGACGCAA-1",0
"TAGGCATGTACGAAAT-1",1
"TAGGCATGTCCAGTTA-1",1
"TAGGCATGTTCCACTC-1",2
"TAGGCATTCCCTAACC-1",0
"TAGGCATTCGCTAGCG-1",5
"TAGGCATTCGTAGATC-1",0
"TAGGCATTCTTCATGT-1",1
"TAGTGGTAGATCACGG-1",0
"TAGTGGTAGCTGTTCA-1",2
"TAGTGGTCAGTATAAG-1",0
"TAGTGGTGTAGCGTAG-1",0
"TAGTGGTTCAGCATGT-1",0
"TAGTGGTTCGGCGCAT-1",1
"TAGTGGTTCTCAAGTG-1",0
"TAGTGGTTCTGGGCCA-1",2
"TAGTGGTTCTTTAGTC-1",0
"TAGTTGGAGATAGGAG-1",2
"TAGTTGGCAGACGCAA-1",0
"TAGTTGGCATGCGCAC-1",4
"TAGTTGGGTATGGTTC-1",1
"TAGTTGGTCCGAATGT-1",0
"TAGTTGGTCTACTCAT-1",0
"TAGTTGGTCTCTAAGG-1",1
"TAGTTGGTCTGATACG-1",0
"TATCAGGAGAGTAAGG-1",1
"TATCAGGAGATCCGAG-1",0
"TATCAGGAGCAGATCG-1",0
"TATCAGGAGGTGCTTT-1",0
"TATCAGGCAACTTGAC-1",0
"TATCAGGCACGTTGGC-1",2
"TATCAGGGTCCGTTAA-1",0
"TATCAGGGTCTGCAAT-1",0
"TATCAGGGTTAAAGAC-1",1
"TATCAGGTCAAGATCC-1",1
"TATCAGGTCCACTCCA-1",1
"TATCAGGTCGTAGGTT-1",0
"TATCTCAAGAGTTGGC-1",0
"TATCTCAAGCCACCTG-1",0
"TATCTCAAGCGTAATA-1",1
"TATCTCAAGGCTAGCA-1",0
"TATCTCAAGTGGGCTA-1",1
"TATCTCACATGTCCTC-1",0
"TATCTCAGTAACGACG-1",2
"TATCTCAGTACCTACA-1",1
"TATCTCAGTACGACCC-1",3
"TATCTCAGTCAATGTC-1",0
"TATCTCATCAAGCCTA-1",1
"TATGCCCAGAAACCGC-1",0
"TATGCCCAGGTAGCTG-1",1
"TATGCCCCAATGGAAT-1",0
"TATGCCCCACTTAACG-1",0
"TATGCCCCATGTTCCC-1",0
"TATGCCCGTAGCCTCG-1",2
"TATGCCCGTATAGGGC-1",1
"TATGCCCGTATGAAAC-1",1
"TATGCCCGTCGCCATG-1",2
"TATGCCCGTGCCTTGG-1",1
"TATGCCCGTTAAGATG-1",1
"TATGCCCGTTGGTGGA-1",1
"TATGCCCGTTTAGGAA-1",1
"TATGCCCTCGTCTGCT-1",0
"TATTACCAGAGAGCTC-1",2
"TATTACCAGCAAATCA-1",2
"TATTACCAGCCCGAAA-1",0
"TATTACCAGTATCTCG-1",0
"TATTACCCAAAGTGCG-1",2
"TATTACCCAGACAAGC-1",2
"TATTACCCAGTCAGCC-1",4
"TATTACCCATAAAGGT-1",0
"TATTACCCATCTACGA-1",0
"TATTACCGTCCAGTAT-1",0
"TCAACGAAGCCGATTT-1",1
"TCAACGAAGCGATGAC-1",3
"TCAACGAAGGCATGTG-1",4
"TCAACGAAGTAGTGCG-1",1
"TCAACGACACCAGGCT-1",0
"TCAACGACATGCCTTC-1",2
"TCAACGAGTTACCAGT-1",0
"TCAACGAGTTCCATGA-1",1
"TCAACGAGTTCTGGTA-1",1
"TCAACGATCAGTCCCT-1",2
"TCAACGATCTGTGCAA-1",2
"TCAATCTAGATCCCGC-1",1
"TCAATCTCACAAGCCC-1",0
"TCAATCTCACAGCCCA-1",0
"TCAATCTCATGACGGA-1",0
"TCAATCTCATTTGCTT-1",0
"TCAATCTGTAGTGAAT-1",1
"TCAATCTGTTAGATGA-1",1
"TCAATCTTCAGATAAG-1",1
"TCAATCTTCATGTCCC-1",0
"TCACAAGAGACTGGGT-1",1
"TCACAAGAGAGAGCTC-1",0
"TCACAAGAGGCCCTCA-1",2
"TCACAAGAGGTGGGTT-1",1
"TCACAAGAGTAGATGT-1",2
"TCACAAGCAGTATGCT-1",1
"TCACAAGCATAACCTG-1",0
"TCACAAGCATGACATC-1",0
"TCACAAGGTCAGATAA-1",1
"TCACAAGGTGTGGTTT-1",3
"TCACAAGTCATCATTC-1",0
"TCACAAGTCATGCATG-1",0
"TCACGAAAGCTCCTTC-1",0
"TCACGAAAGGTGCTTT-1",0
"TCACGAAAGTCTCGGC-1",2
"TCACGAACACAAGACG-1",1
"TCACGAACACTGTCGG-1",2
"TCACGAAGTGGTCCGT-1",1
"TCACGAAGTTGGTGGA-1",2
"TCACGAATCATGCAAC-1",0
"TCACGAATCCCGACTT-1",1
"TCACGAATCCTCGCAT-1",1
"TCACGAATCGTCACGG-1",2
"TCAGATGAGGTGCACA-1",3
"TCAGATGGTCTTGTCC-1",3
"TCAGATGGTGCCTGCA-1",0
"TCAGATGGTGCTGTAT-1",2
"TCAGATGTCAGTTTGG-1",1
"TCAGATGTCGCATGAT-1",0
"TCAGATGTCTCCTATA-1",0
"TCAGCAAAGGAGTCTG-1",2
"TCAGCAAAGGCTCATT-1",3
"TCAGCAAAGTACGACG-1",0
"TCAGCAAAGTGGCACA-1",2
"TCAGCAACACGCATCG-1",1
"TCAGCAAGTACCGGCT-1",0
"TCAGCAATCAGCGATT-1",2
"TCAGCAATCGGAAACG-1",1
"TCAGCAATCTTCAACT-1",0
"TCAGCTCAGGTGTTAA-1",1
"TCAGCTCAGTATGACA-1",0
"TCAGCTCCAATCTGCA-1",0
"TCAGCTCCACGGTTTA-1",0
"TCAGCTCGTAATAGCA-1",0
"TCAGCTCGTCCGTCAG-1",1
"TCAGCTCGTTCACGGC-1",3
"TCAGCTCTCACGATGT-1",1
"TCAGCTCTCATGCATG-1",0
"TCAGCTCTCCTAAGTG-1",1
"TCAGCTCTCTCGTATT-1",0
"TCAGGATAGACAGAGA-1",0
"TCAGGATAGATATGGT-1",0
"TCAGGATCAAACGTGG-1",2
"TCAGGATCAAGTTCTG-1",1
"TCAGGATCACGGTGTC-1",3
"TCAGGATCACTGTGTA-1",1
"TCAGGATCAGCATACT-1",1
"TCAGGATCATCTGGTA-1",0
"TCAGGATGTAAGCACG-1",0
"TCAGGATGTGGCCCTA-1",0
"TCAGGATTCCGATATG-1",0
"TCAGGATTCTCGATGA-1",4
"TCAGGTAAGATGGCGT-1",1
"TCAGGTAAGTGTTTGC-1",3
"TCAGGTACACAAGTAA-1",2
"TCAGGTACACAGAGGT-1",1
"TCAGGTACAGCTGCTG-1",0
"TCAGGTAGTAAACGCG-1",0
"TCATTACAGAAACCAT-1",2
"TCATTACAGGAGTTGC-1",0
"TCATTACAGTTGCAGG-1",1
"TCATTACCACATCCAA-1",0
"TCATTACCAGTCAGCC-1",1
"TCATTACGTACGCACC-1",0
"TCATTACGTCTAGAGG-1",2
"TCATTACGTGAAGGCT-1",3
"TCATTACGTTCTGTTT-1",6
"TCATTACTCATCGATG-1",0
"TCATTTGAGCCAGTTT-1",0
"TCATTTGCACGTCTCT-1",0
"TCATTTGCAGTTAACC-1",0
"TCATTTGTCCAGAGGA-1",2
"TCATTTGTCCCTTGCA-1",0
"TCATTTGTCCGTCAAA-1",1
"TCATTTGTCGCTAGCG-1",1
"TCATTTGTCGTACGGC-1",1
"TCATTTGTCTCTGCTG-1",0
"TCCACACCAAAGAATC-1",1
"TCCACACCACGCCAGT-1",2
"TCCACACGTACAGCAG-1",3
"TCCACACGTAGCCTAT-1",3
"TCCACACGTCATCGGC-1",2
"TCCACACGTGACCAAG-1",0
"TCCACACGTGCGAAAC-1",0
"TCCACACTCAACACCA-1",0
"TCCACACTCCAGTATG-1",0
"TCCACACTCCCATTTA-1",0
"TCCACACTCGAACTGT-1",1
"TCCCGATAGAAGAAGC-1",0
"TCCCGATAGCACAGGT-1",2
"TCCCGATAGCCGGTAA-1",2
"TCCCGATCAAGGTTCT-1",2
"TCCCGATCAGCCAATT-1",0
"TCCCGATCATCCAACA-1",1
"TCCCGATGTAAGGATT-1",1
"TCCCGATGTCAATACC-1",1
"TCCCGATTCAGAAATG-1",0
"TCCCGATTCAGTCCCT-1",0
"TCCCGATTCATCTGTT-1",0
"TCCCGATTCCCTAATT-1",1
"TCCCGATTCTGGAGCC-1",1
"TCGAGGCAGCGATGAC-1",2
"TCGAGGCAGTGTTTGC-1",0
"TCGAGGCCAAAGAATC-1",1
"TCGAGGCCAAGTTCTG-1",0
"TCGAGGCCAGTAACGG-1",0
"TCGAGGCGTATATCCG-1",1
"TCGAGGCTCGCAAGCC-1",2
"TCGAGGCTCTTGAGAC-1",1
"TCGAGGCTCTTTCCTC-1",2
"TCGCGAGAGACAAAGG-1",1
"TCGCGAGAGTGAATTG-1",1
"TCGCGAGCAAGCGTAG-1",0
"TCGCGAGCACCGAATT-1",0
"TCGCGAGCAGTAAGAT-1",0
"TCGCGAGTCCACGAAT-1",2
"TCGCGAGTCTAGCACA-1",1
"TCGCGAGTCTCTAGGA-1",1
"TCGCGAGTCTTCATGT-1",2
"TCGCGTTAGTGGGCTA-1",0
"TCGCGTTCACAGGCCT-1",1
"TCGCGTTCATCACAAC-1",1
"TCGCGTTCATCTCGCT-1",0
"TCGCGTTGTTCACCTC-1",0
"TCGCGTTTCAAGATCC-1",1
"TCGCGTTTCAGGTAAA-1",2
"TCGCGTTTCATTCACT-1",2
"TCGCGTTTCCTGTACC-1",0
"TCGCGTTTCGCCCTTA-1",1
"TCGGGACCACACATGT-1",0
"TCGGGACTCCTTGCCA-1",0
"TCGGGACTCTGCGGCA-1",0
"TCGGGACTCTTGTCAT-1",1
"TCGGTAAAGACAGGCT-1",1
"TCGGTAAAGCTCAACT-1",2
"TCGGTAACAAGCTGAG-1",2
"TCGGTAACAGGAATGC-1",0
"TCGGTAAGTATATGGA-1",0
"TCGGTAAGTCTAGTCA-1",1
"TCGGTAATCCCGGATG-1",0
"TCGTACCAGCAGGCTA-1",2
"TCGTACCAGTTTCCTT-1",2
"TCGTACCGTTTGCATG-1",0
"TCGTACCTCGGGAGTA-1",0
"TCGTAGAAGCTAACTC-1",3
"TCGTAGAAGGCGACAT-1",1
"TCGTAGAAGGGAACGG-1",2
"TCGTAGAAGTCCATAC-1",0
"TCGTAGACAATCCAAC-1",0
"TCGTAGACACTCAGGC-1",3
"TCGTAGAGTATGAATG-1",2
"TCGTAGAGTGAGCGAT-1",3
"TCGTAGAGTGTGTGCC-1",1
"TCGTAGAGTTCAACCA-1",3
"TCGTAGAGTTCCATGA-1",5
"TCGTAGATCCAAGCCG-1",4
"TCGTAGATCTTAGCCC-1",0
"TCTATTGAGCGATTCT-1",1
"TCTATTGAGTGCCATT-1",1
"TCTATTGCACATCTTT-1",4
"TCTATTGGTAAGTGTA-1",0
"TCTATTGGTCCAACTA-1",1
"TCTATTGGTCTGCCAG-1",0
"TCTATTGGTTGCTCCT-1",3
"TCTATTGTCGGCGCTA-1",1
"TCTCATAAGCTAAACA-1",1
"TCTCATAAGCTAGTCT-1",0
"TCTCATAAGTGCCATT-1",0
"TCTCATAGTACCGGCT-1",2
"TCTCATAGTGTAAGTA-1",1
"TCTCATATCAAGCCTA-1",0
"TCTCATATCACCTTAT-1",1
"TCTCATATCCTGTACC-1",2
"TCTCTAAAGACCGGAT-1",0
"TCTCTAAAGGGTGTTG-1",1
"TCTCTAACAGCCTATA-1",0
"TCTCTAAGTCCAGTAT-1",1
"TCTCTAAGTCCATGAT-1",2
"TCTCTAAGTCTCATCC-1",0
"TCTCTAAGTGGAAAGA-1",3
"TCTCTAATCAAACCAC-1",1
"TCTCTAATCAACGCTA-1",1
"TCTCTAATCACAGGCC-1",0
"TCTCTAATCACATACG-1",0
"TCTCTAATCCGTAGGC-1",1
"TCTCTAATCGTATCAG-1",2
"TCTGAGACAAACCTAC-1",1
"TCTGAGACACGGATAG-1",3
"TCTGAGACAGAGTGTG-1",1
"TCTGAGAGTAAGGGAA-1",0
"TCTGAGATCCTTGACC-1",1
"TCTGAGATCTATCCTA-1",0
"TCTGGAAAGCGATGAC-1",1
"TCTGGAAAGCTAGTTC-1",3
"TCTGGAAAGCTCTCGG-1",1
"TCTGGAAAGGAGCGAG-1",2
"TCTGGAACACAAGACG-1",0
"TCTGGAACACACTGCG-1",1
"TCTGGAACACTTCTGC-1",4
"TCTGGAAGTGAGTATA-1",2
"TCTGGAATCTGTCTAT-1",0
"TCTTCGGAGGTTCCTA-1",1
"TCTTCGGAGTTCGATC-1",2
"TCTTCGGCAAAGCAAT-1",1
"TCTTCGGCAAAGGTGC-1",4
"TCTTCGGCAATAGCAA-1",2
"TCTTCGGCAATGTAAG-1",4
"TCTTCGGCACACCGAC-1",1
"TCTTCGGCAGCCAATT-1",1
"TCTTCGGGTCATTAGC-1",0
"TCTTCGGTCGTAGGTT-1",1
"TCTTCGGTCTCTAAGG-1",0
"TCTTTCCAGAGAGCTC-1",1
"TCTTTCCAGTCATCCA-1",0
"TCTTTCCCATCTCCCA-1",1
"TCTTTCCGTAATCACC-1",1
"TCTTTCCGTAGTACCT-1",1
"TCTTTCCTCACAACGT-1",0
"TCTTTCCTCAGCTGGC-1",0
"TCTTTCCTCCAAGTAC-1",0
"TCTTTCCTCCTCGCAT-1",3
"TGAAAGAAGCTAAGAT-1",1
"TGAAAGACAAGCCGTC-1",1
"TGAAAGACACATTCGA-1",4
"TGAAAGACATGAGCGA-1",1
"TGAAAGAGTCTAGCGC-1",0
"TGAAAGAGTCTCATCC-1",0
"TGAAAGATCCCGACTT-1",0
"TGAAAGATCTATGTGG-1",1
"TGACAACCAAGCGAGT-1",1
"TGACAACGTAGGGACT-1",1
"TGACAACGTGCGCTTG-1",2
"TGACAACGTGGTTTCA-1",0
"TGACAACTCACAAACC-1",4
"TGACAACTCCACGTGG-1",2
"TGACAACTCGAATGCT-1",2
"TGACGGCAGCGCCTCA-1",1
"TGACGGCAGGCTCAGA-1",1
"TGACGGCAGTCAAGCG-1",2
"TGACGGCCACAGACTT-1",0
"TGACGGCGTCATCCCT-1",0
"TGACGGCTCAGGCGAA-1",0
"TGACGGCTCCACTGGG-1",0
"TGACTAGAGACCCACC-1",2
"TGACTAGAGGGCATGT-1",2
"TGACTAGAGTCTCAAC-1",2
"TGACTAGAGTTGAGAT-1",0
"TGACTAGCAGCATACT-1",0
"TGACTAGCAGTCAGAG-1",1
"TGACTAGCATTTCACT-1",0
"TGACTAGGTAAATACG-1",1
"TGACTAGGTGAAAGAG-1",1
"TGACTAGGTGCAGTAG-1",0
"TGACTAGTCATGCATG-1",4
"TGACTAGTCCATGCTC-1",2
"TGACTAGTCTGTTGAG-1",1
"TGACTTTAGAACAATC-1",3
"TGACTTTAGTCTCGGC-1",1
"TGACTTTAGTTAGGTA-1",0
"TGACTTTCAGTCCTTC-1",5
"TGACTTTCATTATCTC-1",2
"TGACTTTGTCACACGC-1",0
"TGACTTTTCCTCAATT-1",0
"TGACTTTTCTGCCCTA-1",2
"TGAGAGGAGGCTCATT-1",1
"TGAGAGGCAAAGTCAA-1",1
"TGAGAGGCAAGCCATT-1",0
"TGAGAGGCACCATGTA-1",0
"TGAGAGGGTCACTGGC-1",0
"TGAGAGGGTCTAAACC-1",0
"TGAGAGGTCGAACTGT-1",1
"TGAGAGGTCGCGTTTC-1",2
"TGAGAGGTCTGACCTC-1",2
"TGAGCATAGAAACGAG-1",1
"TGAGCATAGAAGCCCA-1",0
"TGAGCATAGATGTCGG-1",0
"TGAGCATAGGAATGGA-1",1
"TGAGCATCACCAGGCT-1",2
"TGAGCATCAGATGAGC-1",1
"TGAGCATCAGCGTAAG-1",0
"TGAGCATCAGCTGTAT-1",0
"TGAGCATGTGGCCCTA-1",3
"TGAGCATTCCACGTTC-1",5
"TGAGCATTCCGATATG-1",1
"TGAGCATTCGGCCGAT-1",2
"TGAGCCGCATCGGGTC-1",1
"TGAGCCGGTCGAACAG-1",1
"TGAGCCGGTGTAATGA-1",1
"TGAGCCGGTTGATTCG-1",0
"TGAGCCGTCATCTGCC-1",0
"TGAGCCGTCGTCACGG-1",1
"TGAGCCGTCTTGAGGT-1",2
"TGAGGGAAGAGACTAT-1",1
"TGAGGGAAGGAGTACC-1",2
"TGAGGGAAGTCATCCA-1",1
"TGAGGGAAGTCATGCT-1",1
"TGAGGGACACCAGTTA-1",1
"TGAGGGACATAAGACA-1",3
"TGAGGGAGTAAACGCG-1",1
"TGAGGGAGTTAGGGTG-1",0
"TGAGGGATCAACGGGA-1",2
"TGAGGGATCTAGCACA-1",0
"TGAGGGATCTCTTATG-1",0
"TGATTTCCATCCGGGT-1",2
"TGATTTCGTAGGCATG-1",0
"TGATTTCGTTAAGACA-1",0
"TGATTTCTCTGATTCT-1",1
"TGCACCTAGACCTTTG-1",1
"TGCACCTAGGACGAAA-1",0
"TGCACCTCAAGTTGTC-1",0
"TGCACCTCAATAGAGT-1",1
"TGCACCTCATCCGGGT-1",0
"TGCACCTGTAATCACC-1",1
"TGCACCTGTCACACGC-1",1
"TGCACCTTCACGGTTA-1",0
"TGCACCTTCATCGGAT-1",0
"TGCACCTTCCGCGGTA-1",1
"TGCACCTTCGAACTGT-1",0
"TGCACCTTCTCTTGAT-1",1
"TGCCAAACAATGTAAG-1",0
"TGCCAAACAATTCCTT-1",0
"TGCCAAAGTTCGCGAC-1",0
"TGCCAAATCCAAACTG-1",1
"TGCCAAATCCCTGACT-1",0
"TGCCAAATCGGCGGTT-1",0
"TGCCCATAGACTAGGC-1",2
"TGCCCATAGCGTCAAG-1",0
"TGCCCATAGCGTGAAC-1",2
"TGCCCATAGCTGTTCA-1",1
"TGCCCATAGGATGGAA-1",0
"TGCCCATAGTACGCCC-1",0
"TGCCCATAGTTGAGTA-1",1
"TGCCCATCACCAGGTC-1",0
"TGCCCATCACGAAATA-1",1
"TGCCCATCAGGACGTA-1",2
"TGCCCATCATGGAATA-1",0
"TGCCCATCATGGATGG-1",1
"TGCCCATGTAGCCTCG-1",0
"TGCCCATTCAAACCGT-1",3
"TGCCCATTCAGGCCCA-1",1
"TGCCCATTCCTTCAAT-1",0
"TGCCCATTCGGAAATA-1",1
"TGCCCTAAGGTCGGAT-1",2
"TGCCCTAAGGTTCCTA-1",0
"TGCCCTACACCACCAG-1",1
"TGCCCTACAGCCACCA-1",0
"TGCCCTACAGTGAGTG-1",2
"TGCCCTAGTCCGAGTC-1",2
"TGCCCTAGTGGTTTCA-1",1
"TGCCCTAGTTTCGCTC-1",1
"TGCCCTATCGACGGAA-1",2
"TGCCCTATCTTCGGTC-1",0
"TGCGCAGAGACTAGGC-1",3
"TGCGCAGAGCACACAG-1",1
"TGCGCAGAGCGTCTAT-1",0
"TGCGCAGAGGAGCGAG-1",2
"TGCGCAGCAAACGTGG-1",1
"TGCGCAGCAGCTCGCA-1",2
"TGCGCAGCAGTAGAGC-1",0
"TGCGCAGTCCTACAGA-1",2
"TGCGGGTAGAGACTTA-1",1
"TGCGGGTAGATCGATA-1",0
"TGCGGGTAGCTCTCGG-1",1
"TGCGGGTAGGTGTGGT-1",0
"TGCGGGTAGTACTTGC-1",0
"TGCGGGTCAATGGAAT-1",1
"TGCGGGTCACACGCTG-1",2
"TGCGGGTCATTGGGCC-1",0
"TGCGGGTGTAGAAAGG-1",2
"TGCGGGTGTCACCTAA-1",0
"TGCGGGTGTCAGATAA-1",2
"TGCGGGTGTTAGAACA-1",1
"TGCGGGTTCAGTTCGA-1",1
"TGCGGGTTCGTAGATC-1",1
"TGCGGGTTCTCTTGAT-1",0
"TGCGTGGAGACGCAAC-1",0
"TGCGTGGAGACTGGGT-1",0
"TGCGTGGAGTGAACGC-1",0
"TGCGTGGCAATTCCTT-1",1
"TGCGTGGGTGCACCAC-1",0
"TGCGTGGTCCGCGCAA-1",0
"TGCGTGGTCGCCCTTA-1",2
"TGCGTGGTCTGGCGAC-1",0
"TGCTACCAGAAAGTGG-1",2
"TGCTACCAGATGGCGT-1",3
"TGCTACCAGCAAATCA-1",0
"TGCTACCAGTCCGTAT-1",0
"TGCTACCCAAGAGGCT-1",1
"TGCTACCCACTTAACG-1",0
"TGCTACCCATCGTCGG-1",0
"TGCTACCCATGGTTGT-1",1
"TGCTACCGTGTGACGA-1",0
"TGCTACCTCCTCGCAT-1",1
"TGCTACCTCTTCTGGC-1",3
"TGCTGCTAGACTAAGT-1",0
"TGCTGCTAGGTGATAT-1",1
"TGCTGCTCAATAGAGT-1",0
"TGCTGCTCACAGACAG-1",2
"TGCTGCTCATCCCATC-1",2
"TGCTGCTCATGGTTGT-1",0
"TGCTGCTGTCATACTG-1",0
"TGCTGCTGTGAAGGCT-1",1
"TGCTGCTTCATTGCGA-1",4
"TGGACGCAGAGGTACC-1",0
"TGGACGCAGTCAAGGC-1",0
"TGGACGCCACAGAGGT-1",1
"TGGACGCCATGGTAGG-1",4
"TGGACGCGTCCGAACC-1",3
"TGGACGCGTCTCCCTA-1",0
"TGGCCAGAGAAGGTGA-1",0
"TGGCCAGAGAGTACAT-1",0
"TGGCCAGAGGCGATAC-1",0
"TGGCCAGAGGCGTACA-1",0
"TGGCCAGCAACTGCGC-1",2
"TGGCCAGCACGACTCG-1",2
"TGGCCAGGTCAATACC-1",3
"TGGCCAGTCGTAGATC-1",2
"TGGCCAGTCTATCCCG-1",1
"TGGCGCAAGCTACCTA-1",0
"TGGCGCAAGCTATGCT-1",1
"TGGCGCAAGTGTGGCA-1",2
"TGGCGCAAGTTACCCA-1",3
"TGGCGCACACAGGCCT-1",1
"TGGCGCACACGGATAG-1",1
"TGGCGCACAGCGATCC-1",0
"TGGCGCACATAGGATA-1",0
"TGGCGCACATATACGC-1",5
"TGGCGCAGTACTCTCC-1",1
"TGGCGCAGTGGACGAT-1",3
"TGGCGCAGTTATGTGC-1",0
"TGGCGCATCAAGAAGT-1",0
"TGGCGCATCATGCTCC-1",0
"TGGCGCATCATGTGGT-1",1
"TGGCGCATCATTATCC-1",2
"TGGCGCATCGTGGTCG-1",0
"TGGCTGGAGCGGATCA-1",3
"TGGCTGGAGTGCAAGC-1",2
"TGGCTGGCAAGTTAAG-1",0
"TGGCTGGCACGGATAG-1",1
"TGGCTGGCAGGAACGT-1",0
"TGGCTGGGTCGAGTTT-1",0
"TGGCTGGGTCGGCATC-1",1
"TGGCTGGGTCTAGCCG-1",3
"TGGCTGGGTTACGCGC-1",1
"TGGCTGGGTTGGACCC-1",0
"TGGCTGGTCTCGTTTA-1",0
"TGGGAAGAGATATACG-1",0
"TGGGAAGAGCCCAATT-1",0
"TGGGAAGAGCGCTCCA-1",0
"TGGGAAGAGGGCTTCC-1",2
"TGGGAAGAGTAAGTAC-1",5
"TGGGAAGAGTTAACGA-1",1
"TGGGAAGCAAGGTGTG-1",0
"TGGGAAGCAGATCCAT-1",0
"TGGGAAGCAGCGAACA-1",2
"TGGGAAGGTAAGTTCC-1",0
"TGGGAAGGTTAGATGA-1",0
"TGGGAAGGTTATTCTC-1",1
"TGGGAAGTCCCAAGAT-1",2
"TGGGAAGTCCTTCAAT-1",1
"TGGGAAGTCGTGGACC-1",2
"TGGGAAGTCTCCTATA-1",1
"TGGGCGTAGTCTCCTC-1",1
"TGGGCGTCAGACGTAG-1",0
"TGGGCGTCAGGGATTG-1",1
"TGGGCGTGTCCAAGTT-1",0
"TGGGCGTGTCTAGAGG-1",3
"TGGGCGTGTGGCTCCA-1",1
"TGGGCGTGTTTCGCTC-1",2
"TGGGCGTTCAGCTTAG-1",2
"TGGTTAGAGCTACCTA-1",1
"TGGTTAGAGTTAGGTA-1",0
"TGGTTAGGTGATGATA-1",0
"TGGTTAGGTTCACGGC-1",3
"TGGTTAGTCCCGACTT-1",0
"TGGTTAGTCTTGTATC-1",0
"TGGTTCCAGCCGTCGT-1",0
"TGGTTCCAGTAATCCC-1",1
"TGGTTCCCAAGTTGTC-1",0
"TGGTTCCCAGACAAAT-1",0
"TGGTTCCCAGACAGGT-1",2
"TGGTTCCCAGCTCGAC-1",1
"TGGTTCCCATGTCCTC-1",2
"TGGTTCCCATTTCACT-1",1
"TGGTTCCGTCCAAGTT-1",2
"TGGTTCCTCACATACG-1",1
"TGGTTCCTCAGCTTAG-1",1
"TGGTTCCTCTAACTTC-1",1
"TGGTTCCTCTAGAGTC-1",1
"TGGTTCCTCTGGGCCA-1",0
"TGTATTCAGCCCGAAA-1",0
"TGTATTCAGCGATCCC-1",0
"TGTATTCCAGGGCATA-1",1
"TGTATTCGTAAGAGAG-1",1
"TGTATTCGTTTGTTTC-1",1
"TGTATTCTCAGCATGT-1",0
"TGTATTCTCATCTGTT-1",1
"TGTCCCAAGCAGATCG-1",0
"TGTCCCAAGCTAGTTC-1",1
"TGTCCCAAGCTGAACG-1",1
"TGTCCCAAGTTGTCGT-1",0
"TGTCCCACAGTAAGCG-1",2
"TGTCCCACATCACGTA-1",1
"TGTCCCAGTAAGAGGA-1",0
"TGTCCCAGTAAGTGGC-1",1
"TGTCCCAGTCGGATCC-1",1
"TGTCCCAGTCTCTTTA-1",0
"TGTCCCATCATTTGGG-1",0
"TGTCCCATCTGCAAGT-1",3
"TGTCCCATCTGCGTAA-1",2
"TGTGGTAGTCCCGACA-1",0
"TGTGGTAGTGTGAAAT-1",1
"TGTGGTAGTGTGACGA-1",0
"TGTGGTATCCAGGGCT-1",1
"TGTGGTATCTTGCATT-1",3
"TGTGTTTAGAGGTTAT-1",2
"TGTGTTTAGCGTGAGT-1",2
"TGTGTTTAGTGCGTGA-1",0
"TGTGTTTCATGCGCAC-1",0
"TGTGTTTTCTCATTCA-1",1
"TGTGTTTTCTTTCCTC-1",1
"TGTTCCGAGAGCAATT-1",0
"TGTTCCGAGCAACGGT-1",2
"TGTTCCGAGGAATTAC-1",3
"TGTTCCGAGGACTGGT-1",4
"TGTTCCGCAGTGAGTG-1",0
"TGTTCCGGTGAGTATA-1",3
"TGTTCCGTCAAGCCTA-1",4
"TGTTCCGTCAGTTCGA-1",0
"TGTTCCGTCGGCGGTT-1",0
"TGTTCCGTCTGAAAGA-1",0
"TGTTCCGTCTGGTATG-1",0
"TTAACTCAGTGTACGG-1",2
"TTAACTCCAAGCGCTC-1",1
"TTAACTCCAGGCAGTA-1",1
"TTAACTCGTTCCACAA-1",0
"TTAACTCTCATAAAGG-1",1
"TTAACTCTCCCTCAGT-1",1
"TTAGGACAGCAGGCTA-1",2
"TTAGGACAGCTCTCGG-1",1
"TTAGGACCAAGCCATT-1",2
"TTAGGACCAGTCAGAG-1",1
"TTAGGACGTTTGTTTC-1",1
"TTAGGCAAGAAGATTC-1",4
"TTAGGCAAGAGCCCAA-1",1
"TTAGGCAAGAGTGACC-1",1
"TTAGGCAAGGTTCCTA-1",1
"TTAGGCAAGTCGTTTG-1",1
"TTAGGCAAGTGTACCT-1",0
"TTAGGCACAGACGCTC-1",0
"TTAGGCACATGTTCCC-1",0
"TTAGGCAGTAAGGATT-1",2
"TTAGGCAGTAAGTAGT-1",1
"TTAGGCAGTCTTGATG-1",0
"TTAGGCATCACGCATA-1",4
"TTAGGCATCAGTCAGT-1",1
"TTAGGCATCCAGTATG-1",0
"TTAGGCATCGTTACGA-1",0
"TTAGTTCAGGTGCAAC-1",1
"TTAGTTCCAATGTAAG-1",0
"TTAGTTCCATCCTTGC-1",1
"TTAGTTCGTAGCCTAT-1",3
"TTAGTTCGTGCAGACA-1",0
"TTAGTTCGTGTCAATC-1",0
"TTAGTTCGTTGCCTCT-1",0
"TTAGTTCTCAGGCCCA-1",0
"TTAGTTCTCGCAGGCT-1",1
"TTAGTTCTCTACTATC-1",0
"TTATGCTAGAATGTGT-1",0
"TTATGCTAGCACACAG-1",0
"TTATGCTAGCAGCCTC-1",3
"TTATGCTAGTCCCACG-1",2
"TTATGCTAGTGGTAAT-1",0
"TTATGCTCAGCCAGAA-1",0
"TTATGCTCATACCATG-1",2
"TTATGCTCATGTAGTC-1",1
"TTATGCTGTCCGAGTC-1",2
"TTATGCTTCGATAGAA-1",1
"TTCCCAGAGAATTCCC-1",0
"TTCCCAGAGACTAGAT-1",2
"TTCCCAGAGTATCGAA-1",3
"TTCCCAGCAGATGGGT-1",1
"TTCCCAGCATCAGTAC-1",1
"TTCCCAGCATCTCCCA-1",2
"TTCCCAGCATTACCTT-1",1
"TTCCCAGTCAACACTG-1",0
"TTCCCAGTCGAGAGCA-1",0
"TTCGAAGAGTCTCAAC-1",3
"TTCGAAGCAAGCGCTC-1",4
"TTCGAAGCACATTAGC-1",0
"TTCGAAGCACGGTGTC-1",0
"TTCGGTCAGAGGACGG-1",3
"TTCGGTCAGCACACAG-1",1
"TTCGGTCAGGCCCTCA-1",2
"TTCGGTCAGTGAATTG-1",2
"TTCGGTCAGTTGAGAT-1",0
"TTCGGTCCAAGGGTCA-1",4
"TTCGGTCCACGTCAGC-1",2
"TTCGGTCGTAACGTTC-1",3
"TTCGGTCGTAGAGTGC-1",0
"TTCGGTCGTTCATGGT-1",0
"TTCGGTCGTTCTGTTT-1",1
"TTCGGTCTCAAAGACA-1",1
"TTCGGTCTCCAGTATG-1",2
"TTCGGTCTCGCGTTTC-1",4
"TTCGGTCTCGTCTGAA-1",1
"TTCTACAAGACTAAGT-1",1
"TTCTACAAGCAGCCTC-1",1
"TTCTACAAGCCTTGAT-1",2
"TTCTACAAGGCAGGTT-1",1
"TTCTACAAGGTAAACT-1",0
"TTCTACAAGTTAGGTA-1",1
"TTCTACACACGTGAGA-1",2
"TTCTACACAGCTGTTA-1",0
"TTCTACACATCGATTG-1",0
"TTCTACACATTACGAC-1",0
"TTCTACAGTACCGTTA-1",3
"TTCTACAGTATATGAG-1",1
"TTCTACAGTGGCTCCA-1",0
"TTCTACATCAACGGGA-1",2
"TTCTACATCCGCGTTT-1",1
"TTCTCAAAGAAAGTGG-1",2
"TTCTCAAAGAATCTCC-1",1
"TTCTCAAAGAGGTTAT-1",1
"TTCTCAAAGCAGCCTC-1",0
"TTCTCAAAGCCGCCTA-1",0
"TTCTCAAAGTCAATAG-1",0
"TTCTCAAAGTTGAGAT-1",1
"TTCTCAACACCCAGTG-1",0
"TTCTCAACATTGTGCA-1",1
"TTCTCAAGTATAAACG-1",0
"TTCTCAAGTCCCTTGT-1",0
"TTCTCAAGTCGAGATG-1",0
"TTCTCAATCATCGCTC-1",0
"TTCTCAATCCCTAACC-1",1
"TTCTCAATCGTAGGAG-1",1
"TTCTCCTAGAGTAAGG-1",0
"TTCTCCTAGCGACGTA-1",1
"TTCTCCTAGCGTGAGT-1",4
"TTCTCCTAGTCTCGGC-1",0
"TTCTCCTCAACACGCC-1",1
"TTCTCCTCAATAACGA-1",4
"TTCTCCTGTTAAGAAC-1",1
"TTCTCCTTCAGTTCGA-1",0
"TTCTCCTTCCGTAGGC-1",2
"TTCTCCTTCCTTTCTC-1",1
"TTCTCCTTCTGCAAGT-1",2
"TTCTCCTTCTTCAACT-1",2
"TTCTCCTTCTTGTACT-1",1
"TTCTTAGAGGACTGGT-1",0
"TTCTTAGCAAGGTGTG-1",0
"TTCTTAGCATCGGAAG-1",2
"TTCTTAGGTAGAAGGA-1",0
"TTCTTAGGTCATATGC-1",0
"TTCTTAGTCAGTTCGA-1",2
"TTGAACGGTCACTTCC-1",1
"TTGAACGTCATGTCCC-1",1
"TTGACTTAGCCACGTC-1",0
"TTGACTTAGCGACGTA-1",2
"TTGACTTAGTTAACGA-1",0
"TTGACTTCACTTACGA-1",3
"TTGACTTGTCTCTCTG-1",2
"TTGACTTGTGCGATAG-1",0
"TTGACTTTCCAGAGGA-1",3
"TTGACTTTCTGTCCGT-1",2
"TTGCCGTAGGAGCGTT-1",1
"TTGCCGTAGGTGGGTT-1",0
"TTGCCGTCATGGTCAT-1",2
"TTGCCGTGTACAGACG-1",0
"TTGCGTCAGACAGAGA-1",0
"TTGCGTCAGCTCCTTC-1",0
"TTGCGTCAGTCCATAC-1",2
"TTGCGTCAGTGAATTG-1",2
"TTGCGTCCAAATTGCC-1",0
"TTGCGTCCACTGTGTA-1",1
"TTGCGTCCAGTCACTA-1",0
"TTGCGTCGTCTGATTG-1",1
"TTGGAACAGCCCAATT-1",0
"TTGGAACAGCGTCTAT-1",2
"TTGGAACAGGCGTACA-1",1
"TTGGAACGTATTACCG-1",1
"TTGGAACGTGTGTGCC-1",2
"TTGGAACTCCCATTAT-1",0
"TTGGAACTCCGTAGTA-1",1
"TTGGAACTCGTCCAGG-1",1
"TTGGCAAAGTTAGGTA-1",1
"TTGGCAAGTATAGGTA-1",0
"TTGGCAATCACATGCA-1",0
"TTGGCAATCAGAGCTT-1",1
"TTGGCAATCGCATGAT-1",1
"TTGGCAATCTAGAGTC-1",2
"TTGTAGGAGGTGCTAG-1",0
"TTGTAGGCACACGCTG-1",2
"TTGTAGGGTCTCCCTA-1",0
"TTGTAGGGTGGTAACG-1",0
"TTGTAGGTCGGCGCTA-1",0
"TTGTAGGTCTGCCAGG-1",2
"TTTACTGAGATCACGG-1",0
"TTTACTGCAAAGCAAT-1",1
"TTTACTGCACATGGGA-1",2
"TTTACTGCACCACGTG-1",0
"TTTACTGCATGGGACA-1",0
"TTTACTGCATGTCCTC-1",2
"TTTACTGGTAACGTTC-1",0
"TTTACTGGTGGTGTAG-1",1
"TTTACTGGTTCGCTAA-1",0
"TTTACTGTCTGGAGCC-1",2
"TTTATGCAGACTGTAA-1",0
"TTTATGCAGATGCGAC-1",0
"TTTATGCAGGCAAAGA-1",3
"TTTATGCAGGCCCGTT-1",2
"TTTATGCAGTTCCACA-1",3
"TTTATGCCAAACGCGA-1",1
"TTTATGCCAATCTGCA-1",0
"TTTATGCCACAGGTTT-1",0
"TTTATGCCAGCCAATT-1",1
"TTTATGCCAGGTCGTC-1",3
"TTTATGCCATGGTCAT-1",1
"TTTATGCTCACATAGC-1",0
"TTTATGCTCACCTTAT-1",2
"TTTATGCTCGGCGGTT-1",0
"TTTATGCTCTCGCTTG-1",2
"TTTCCTCAGCGTGAAC-1",1
"TTTCCTCAGGACTGGT-1",1
"TTTCCTCCAAAGTGCG-1",0
"TTTCCTCCAGGAATGC-1",0
"TTTCCTCCATTAGCCA-1",4
"TTTCCTCGTCCGAAGA-1",1
"TTTCCTCGTCGCTTTC-1",1
"TTTCCTCTCGGCCGAT-1",1
"TTTCCTCTCGTGTAGT-1",0
"TTTGCGCAGCTAAACA-1",0
"TTTGCGCAGCTAGTCT-1",0
"TTTGCGCAGGCCGAAT-1",2
"TTTGCGCAGTCAAGGC-1",2
"TTTGCGCCAAGTAGTA-1",1
"TTTGCGCCAGGTGCCT-1",1
"TTTGCGCGTCTAAACC-1",1
"TTTGCGCTCAAAGTAG-1",1
"TTTGCGCTCATGTAGC-1",0
"TTTGGTTAGAATGTGT-1",2
"TTTGGTTAGACAATAC-1",3
"TTTGGTTAGCGATTCT-1",1
"TTTGGTTAGGCTCAGA-1",0
"TTTGGTTAGTTACCCA-1",1
"TTTGGTTCAAACTGCT-1",4
"TTTGGTTCAAGCTGTT-1",0
"TTTGGTTCAGATCGGA-1",1
"TTTGGTTCATCACAAC-1",1
"TTTGGTTGTACTTCTT-1",3
"TTTGGTTGTATGCTTG-1",0
"TTTGGTTGTGCTTCTC-1",0
"TTTGGTTTCATGCTCC-1",0
"TTTGGTTTCCCTGACT-1",1
"TTTGTCAAGAGTCGGT-1",1
"TTTGTCACAAGTTCTG-1",0
"TTTGTCACAAGTTGTC-1",2
"TTTGTCACACTCTGTC-1",0
"TTTGTCATCACCTTAT-1",0
"TTTGTCATCCATTCTA-1",1
"TTTGTCATCCTTAATC-1",0
"TTTGTCATCTTATCTG-1",1
