"cell_barcode","expression"
"AAACCTGAGACAGAGA-1",2
"AAACCTGAGACTTTCG-1",2
"AAACCTGAGAGTAAGG-1",3
"AAACCTGAGAGTCGGT-1",0
"AAACCTGAGGATGGAA-1",2
"AAACCTGAGTAGATGT-1",0
"AAACCTGCAATCAGAA-1",1
"AAACCTGCACCGATAT-1",1
"AAACCTGCAGACGTAG-1",0
"AAACCTGCAGTATCTG-1",0
"AAACCTGCATAGTAAG-1",0
"AAACCTGCATGAACCT-1",1
"AAACCTGGTAAGAGGA-1",0
"AAACCTGGTCCAACTA-1",20
"AAACCTGTCCGTAGTA-1",0
"AAACCTGTCGAGAGCA-1",3
"AAACGGGAGTACGACG-1",0
"AAACGGGCAAGGTTTC-1",0
"AAACGGGCACGTCAGC-1",1
"AAACGGGCAGCGTTCG-1",0
"AAACGGGGTAGCCTCG-1",11
"AAACGGGGTCTACCTC-1",0
"AAACGGGGTGCGGTAA-1",1
"AAACGGGGTTGTCGCG-1",2
"AAACGGGTCCATGAGT-1",0
"AAACGGGTCCCAACGG-1",1
"AAACGGGTCCCATTAT-1",3
"AAAGATGCAGTCAGCC-1",0
"AAAGATGCATCTACGA-1",0
"AAAGCAAAGCGTCTAT-1",0
"AAAGCAACATGTCGAT-1",2
"AAAGCAAGTAGCTGCC-1",2
"AAAGCAAGTAGGCATG-1",0
"AAAGCAAGTGCGCTTG-1",3
"AAAGCAAGTTATTCTC-1",0
"AAAGCAATCCGTAGTA-1",2
"AAAGTAGAGATGTGTA-1",0
"AAAGTAGAGTGGGCTA-1",0
"AAAGTAGGTATATGGA-1",1
"AAAGTAGGTGAGCGAT-1",0
"AAAGTAGGTTGAGGTG-1",0
"AAATGCCAGCCCTAAT-1",1
"AAATGCCAGCGTGTCC-1",1
"AAATGCCCAACACCTA-1",0
"AAATGCCGTAGGAGTC-1",2
"AAATGCCGTCTTTCAT-1",0
"AAATGCCGTGGTCCGT-1",0
"AAATGCCGTTCCCGAG-1",2
"AAATGCCTCATAGCAC-1",4
"AAATGCCTCGCTTAGA-1",2
"AACACGTAGAATTCCC-1",13
"AACACGTAGCCCTAAT-1",0
"AACACGTAGGGTGTGT-1",0
"AACACGTCACTGTCGG-1",1
"AACACGTCATCCCATC-1",1
"AACACGTGTGCAACGA-1",0
"AACACGTGTGTCGCTG-1",3
"AACCATGAGCGCTTAT-1",1
"AACCATGGTCCGTTAA-1",2
"AACCATGTCAGTTCGA-1",3
"AACCATGTCATCGATG-1",2
"AACCATGTCCCAAGTA-1",1
"AACCGCGAGAAGCCCA-1",1
"AACCGCGAGACTGGGT-1",0
"AACCGCGAGAGGTACC-1",0
"AACCGCGAGTTAGGTA-1",3
"AACCGCGAGTTGCAGG-1",2
"AACCGCGCACGGTAGA-1",0
"AACCGCGCAGCATGAG-1",0
"AACCGCGCAGCCTGTG-1",0
"AACCGCGCAGCTGTGC-1",0
"AACCGCGCAGTATGCT-1",0
"AACCGCGGTACTTGAC-1",3
"AACCGCGGTCTGCAAT-1",0
"AACCGCGTCACATGCA-1",1
"AACCGCGTCACCGTAA-1",1
"AACCGCGTCCAGAGGA-1",0
"AACCGCGTCCGAAGAG-1",4
"AACCGCGTCGATCCCT-1",0
"AACGTTGAGCGATAGC-1",1
"AACGTTGAGCGATCCC-1",2
"AACGTTGAGCTTATCG-1",1
"AACGTTGCAAGTTGTC-1",4
"AACGTTGCAATAGAGT-1",22
"AACGTTGCAATGGATA-1",2
"AACGTTGCATGGATGG-1",1
"AACGTTGCATTCTCAT-1",2
"AACGTTGTCAACACGT-1",2
"AACGTTGTCGAGGTAG-1",3
"AACGTTGTCGGTCCGA-1",2
"AACTCAGAGAGCTATA-1",0
"AACTCAGAGAGTCGGT-1",0
"AACTCAGAGCCACCTG-1",0
"AACTCAGAGCCCAATT-1",0
"AACTCAGCAAACAACA-1",1
"AACTCAGCACAAGCCC-1",1
"AACTCAGCACGGTTTA-1",3
"AACTCAGCAGGATCGA-1",2
"AACTCAGCATAAAGGT-1",1
"AACTCAGGTTCCACAA-1",3
"AACTCAGTCGTACCGG-1",1
"AACTCCCAGCCCAGCT-1",2
"AACTCCCAGCTAAGAT-1",8
"AACTCCCCAAACGCGA-1",0
"AACTCCCCATGGTCTA-1",3
"AACTCCCGTTGCGCAC-1",1
"AACTCCCTCAAGAAGT-1",2
"AACTCCCTCAAGCCTA-1",0
"AACTCCCTCATCGCTC-1",2
"AACTCCCTCTGCAGTA-1",0
"AACTCCCTCTGGCGTG-1",0
"AACTCTTAGCAGACTG-1",2
"AACTCTTAGTCCGGTC-1",2
"AACTCTTCATGCTAGT-1",1
"AACTCTTGTCGAATCT-1",1
"AACTCTTGTCGGGTCT-1",3
"AACTCTTTCCTCAATT-1",1
"AACTCTTTCTCAAACG-1",0
"AACTCTTTCTCCAGGG-1",1
"AACTCTTTCTCTGCTG-1",1
"AACTGGTAGAAGATTC-1",0
"AACTGGTAGAGACTAT-1",1
"AACTGGTAGCCAACAG-1",1
"AACTGGTAGTGTACTC-1",0
"AACTGGTCACTGAAGG-1",1
"AACTGGTGTCCGAACC-1",0
"AACTGGTTCGGAGCAA-1",0
"AACTGGTTCGTGGGAA-1",1
"AACTGGTTCTGCTTGC-1",0
"AACTTTCAGCGTGAAC-1",0
"AACTTTCAGTATCTCG-1",2
"AACTTTCAGTTTCCTT-1",1
"AACTTTCCATCCTTGC-1",1
"AACTTTCGTCTAGAGG-1",0
"AACTTTCGTCTCTTTA-1",1
"AACTTTCGTTTGTTTC-1",0
"AAGACCTAGGGCTTCC-1",1
"AAGACCTAGTACACCT-1",1
"AAGACCTGTATATGAG-1",1
"AAGACCTGTATCAGTC-1",1
"AAGACCTGTCCGTGAC-1",2
"AAGACCTGTCGAAAGC-1",0
"AAGACCTTCGCCATAA-1",0
"AAGCCGCAGATCTGAA-1",1
"AAGCCGCAGGGTGTTG-1",2
"AAGCCGCAGTGGACGT-1",1
"AAGCCGCAGTGTACTC-1",0
"AAGCCGCCACGCTTTC-1",0
"AAGCCGCCAGGACGTA-1",0
"AAGCCGCGTACAGTTC-1",3
"AAGCCGCGTCATTAGC-1",0
"AAGCCGCTCACGAAGG-1",0
"AAGCCGCTCAGTTAGC-1",0
"AAGCCGCTCGCAAACT-1",1
"AAGCCGCTCGTCGTTC-1",2
"AAGCCGCTCTTACCGC-1",0
"AAGGAGCAGAAACCGC-1",1
"AAGGAGCAGGCATGTG-1",1
"AAGGAGCAGGCGCTCT-1",1
"AAGGAGCAGTTGAGTA-1",1
"AAGGAGCCACGGCGTT-1",0
"AAGGAGCGTAGCGCAA-1",0
"AAGGAGCGTCTGCAAT-1",1
"AAGGAGCTCGTCTGCT-1",1
"AAGGCAGAGAACTGTA-1",2
"AAGGCAGAGAGATGAG-1",0
"AAGGCAGAGGTGATAT-1",0
"AAGGCAGCATAGTAAG-1",0
"AAGGCAGGTACTTCTT-1",0
"AAGGCAGGTGTGCCTG-1",5
"AAGGCAGTCAGATAAG-1",0
"AAGGCAGTCGGAATCT-1",1
"AAGGTTCAGTATCTCG-1",0
"AAGGTTCCATCACGTA-1",0
"AAGGTTCGTATATGGA-1",1
"AAGGTTCGTCCGAATT-1",3
"AAGGTTCGTCGACTAT-1",2
"AAGGTTCGTGTGACCC-1",0
"AAGGTTCTCCGTCATC-1",0
"AAGGTTCTCCTCGCAT-1",0
"AAGGTTCTCTGCGGCA-1",2
"AAGTCTGAGCCATCGC-1",0
"AAGTCTGAGTCAAGCG-1",0
"AAGTCTGCAAAGGAAG-1",0
"AAGTCTGGTCAGCTAT-1",0
"AAGTCTGTCAAACAAG-1",0
"AAGTCTGTCACTGGGC-1",3
"AAGTCTGTCAGCAACT-1",0
"AATCCAGCAAAGTGCG-1",1
"AATCCAGCAGCATACT-1",1
"AATCCAGGTAGGCATG-1",0
"AATCCAGGTCTCCCTA-1",1
"AATCCAGTCCGAATGT-1",10
"AATCGGTAGGCATGGT-1",1
"AATCGGTTCCTGTACC-1",0
"AATCGGTTCGCCGTGA-1",1
"ACACCAAAGATGAGAG-1",0
"ACACCAAAGCCCTAAT-1",2
"ACACCAAAGGATGGTC-1",1
"ACACCAAAGTGTCCAT-1",3
"ACACCAACACTTCGAA-1",0
"ACACCAACAGACGCTC-1",1
"ACACCAACAGCCTATA-1",1
"ACACCAAGTCGCGTGT-1",4
"ACACCAAGTCTAAACC-1",1
"ACACCAAGTTATGTGC-1",1
"ACACCAATCGCGTTTC-1",0
"ACACCCTAGCCAGGAT-1",16
"ACACCCTAGTACTTGC-1",24
"ACACCCTCAAGCGCTC-1",0
"ACACCCTCATCACAAC-1",1
"ACACCCTCATGCCCGA-1",0
"ACACCCTGTCTGGTCG-1",0
"ACACCCTTCCGCAAGC-1",1
"ACACCCTTCCTTGCCA-1",2
"ACACCCTTCTATCCTA-1",0
"ACACCCTTCTGGCGTG-1",0
"ACACCGGAGGCTCAGA-1",0
"ACACCGGAGTGACATA-1",1
"ACACCGGAGTTACCCA-1",1
"ACACCGGCAAGCCGTC-1",0
"ACACCGGCACCAGATT-1",2
"ACACCGGCACCGAAAG-1",1
"ACACCGGCATCACAAC-1",0
"ACACCGGTCCGCATAA-1",1
"ACACCGGTCTCGGACG-1",0
"ACACCGGTCTCTGTCG-1",1
"ACACTGAAGCACGCCT-1",1
"ACACTGAAGGTGATTA-1",1
"ACACTGACAATAGAGT-1",0
"ACACTGACAGACTCGC-1",24
"ACACTGACATCCAACA-1",1
"ACACTGAGTCCGAAGA-1",2
"ACACTGAGTGTTTGTG-1",2
"ACACTGAGTTTGACTG-1",3
"ACAGCCGAGGAATGGA-1",1
"ACAGCCGAGGCCCGTT-1",0
"ACAGCCGAGGTGCTTT-1",0
"ACAGCCGAGTGGTAGC-1",1
"ACAGCCGCATATACGC-1",2
"ACAGCCGCATGCAACT-1",1
"ACAGCCGGTAGGGTAC-1",2
"ACAGCCGGTCGAATCT-1",2
"ACAGCCGGTTCACCTC-1",0
"ACAGCCGGTTCCACTC-1",3
"ACAGCCGTCCAGAAGG-1",2
"ACAGCCGTCTTTACAC-1",1
"ACAGCTAAGCACCGCT-1",1
"ACAGCTAAGTATCTCG-1",1
"ACAGCTAAGTGTTGAA-1",2
"ACAGCTACATCGTCGG-1",2
"ACAGCTAGTCGACTAT-1",0
"ACAGCTAGTGGTACAG-1",0
"ACAGCTATCACCACCT-1",0
"ACAGCTATCTGCTTGC-1",1
"ACATACGAGAGCTTCT-1",0
"ACATACGAGCGTAGTG-1",1
"ACATACGAGCTTCGCG-1",1
"ACATACGAGCTTTGGT-1",2
"ACATACGCAAACGTGG-1",14
"ACATACGCAAGCCTAT-1",0
"ACATACGCATCTCCCA-1",4
"ACATACGCATTCTCAT-1",0
"ACATACGGTAGGAGTC-1",1
"ACATACGGTGCACCAC-1",1
"ACATACGGTGGTTTCA-1",4
"ACATACGTCGTATCAG-1",2
"ACATCAGAGCCACTAT-1",0
"ACATCAGAGCCTTGAT-1",0
"ACATCAGCAACACCCG-1",3
"ACATCAGCAACGATGG-1",1
"ACATCAGCAATTGCTG-1",1
"ACATCAGCACCGGAAA-1",0
"ACATCAGCATAAAGGT-1",3
"ACATCAGCATCCCACT-1",1
"ACATCAGCATTTGCCC-1",1
"ACATCAGGTAAGGATT-1",2
"ACATCAGGTCCGTGAC-1",3
"ACATCAGGTTAAGTAG-1",2
"ACATCAGTCAAACCGT-1",1
"ACATGGTAGCATGGCA-1",1
"ACATGGTAGCTGTTCA-1",0
"ACATGGTCACTTGGAT-1",0
"ACATGGTGTCAGATAA-1",1
"ACATGGTGTCTGCGGT-1",0
"ACATGGTGTGCAACTT-1",0
"ACATGGTTCCGCAAGC-1",1
"ACATGGTTCCTCCTAG-1",1
"ACATGGTTCTGGAGCC-1",2
"ACATGGTTCTTCTGGC-1",1
"ACCAGTAAGATCACGG-1",0
"ACCAGTAAGCTTCGCG-1",1
"ACCAGTACACAGATTC-1",1
"ACCAGTACACAGGCCT-1",0
"ACCAGTACAGTATGCT-1",1
"ACCAGTACAGTCAGAG-1",2
"ACCAGTACAGTTTACG-1",2
"ACCAGTAGTCACCCAG-1",2
"ACCAGTAGTCCATCCT-1",0
"ACCAGTAGTCTTCAAG-1",0
"ACCAGTAGTGGACGAT-1",0
"ACCAGTATCTGCGACG-1",2
"ACCAGTATCTGCTTGC-1",1
"ACCAGTATCTGTTTGT-1",1
"ACCCACTAGAGGTTAT-1",0
"ACCCACTAGATCCCGC-1",19
"ACCCACTAGATGTGTA-1",1
"ACCCACTAGCCCAATT-1",0
"ACCCACTCAAGGGTCA-1",1
"ACCCACTCAAGGTTCT-1",0
"ACCCACTGTAAATGAC-1",1
"ACCCACTGTAGCCTCG-1",0
"ACCCACTGTCAAAGAT-1",0
"ACCCACTGTCAATACC-1",1
"ACCCACTGTGTGGTTT-1",2
"ACCCACTTCGCAAACT-1",3
"ACCCACTTCTGCCAGG-1",2
"ACCGTAACAATCGGTT-1",1
"ACCGTAACAATCTACG-1",0
"ACCGTAACAGGTCCAC-1",1
"ACCGTAAGTACAGCAG-1",0
"ACCGTAAGTCATGCAT-1",1
"ACCGTAAGTGAGTGAC-1",1
"ACCGTAAGTTAAGAAC-1",0
"ACCGTAAGTTCCGTCT-1",1
"ACCGTAATCACATAGC-1",1
"ACCGTAATCATGTGGT-1",0
"ACCGTAATCTGAAAGA-1",1
"ACCTTTACAATCGGTT-1",0
"ACCTTTACACGGACAA-1",2
"ACCTTTACAGCAGTTT-1",2
"ACCTTTACATGCAACT-1",1
"ACCTTTACATTTCAGG-1",1
"ACCTTTAGTGAACCTT-1",3
"ACCTTTAGTTCCACTC-1",3
"ACCTTTATCTCTAGGA-1",0
"ACGAGCCAGGCAGGTT-1",0
"ACGAGCCCACAGGCCT-1",1
"ACGAGCCCATGGAATA-1",0
"ACGAGCCGTGCACGAA-1",2
"ACGAGCCGTGTGACCC-1",1
"ACGAGCCGTTGGTTTG-1",0
"ACGAGCCTCAGTCCCT-1",2
"ACGAGCCTCGCAAACT-1",0
"ACGAGGACACTACAGT-1",1
"ACGAGGACATGTAGTC-1",4
"ACGAGGAGTACACCGC-1",1
"ACGAGGAGTGCCTGCA-1",2
"ACGAGGAGTTCTGAAC-1",1
"ACGAGGATCTGCGGCA-1",0
"ACGATACAGAGTGACC-1",0
"ACGATACAGCGCCTTG-1",2
"ACGATACAGTGATCGG-1",1
"ACGATACCACGTTGGC-1",2
"ACGATACCATTGGGCC-1",0
"ACGATACGTCGAATCT-1",1
"ACGATACTCTGACCTC-1",1
"ACGATGTAGTGCGATG-1",0
"ACGATGTAGTTGAGAT-1",3
"ACGATGTCAACGCACC-1",0
"ACGATGTCACACGCTG-1",0
"ACGATGTGTATTCTCT-1",3
"ACGATGTGTCAGTGGA-1",1
"ACGATGTGTGACTACT-1",2
"ACGATGTGTGTCGCTG-1",1
"ACGATGTTCGCGTAGC-1",0
"ACGATGTTCTCTTATG-1",0
"ACGCAGCAGCGGCTTC-1",0
"ACGCAGCAGCTGCGAA-1",0
"ACGCAGCAGTGTACGG-1",0
"ACGCAGCCACCTCGTT-1",0
"ACGCAGCCATCGACGC-1",0
"ACGCAGCCATTACCTT-1",1
"ACGCAGCGTCCATGAT-1",0
"ACGCAGCGTCTACCTC-1",0
"ACGCAGCGTCTGGTCG-1",2
"ACGCAGCGTGCGATAG-1",1
"ACGCCAGCAAAGCAAT-1",0
"ACGCCAGCAACGCACC-1",1
"ACGCCAGCACGAGAGT-1",2
"ACGCCAGCAGTGAGTG-1",0
"ACGCCAGGTGCACTTA-1",6
"ACGCCAGGTGTGCGTC-1",0
"ACGCCAGTCACAGGCC-1",1
"ACGCCAGTCAGTGTTG-1",0
"ACGCCGAAGAAACGCC-1",0
"ACGCCGAAGATCTGCT-1",2
"ACGCCGACAGCCTGTG-1",0
"ACGCCGAGTTCCAACA-1",0
"ACGCCGATCCTATGTT-1",0
"ACGCCGATCGCAGGCT-1",0
"ACGCCGATCTTGTATC-1",0
"ACGGAGAAGCCAGTTT-1",0
"ACGGAGAAGGTCATCT-1",0
"ACGGAGACACACATGT-1",4
"ACGGAGACAGCCTGTG-1",1
"ACGGAGACAGCGTAAG-1",0
"ACGGAGACAGTAAGCG-1",3
"ACGGAGAGTGTGACGA-1",4
"ACGGAGATCCACGAAT-1",1
"ACGGCCACACATCCAA-1",0
"ACGGCCACACATTCGA-1",1
"ACGGCCAGTACCGTAT-1",1
"ACGGCCAGTGTATGGG-1",3
"ACGGCCATCACGGTTA-1",2
"ACGGCCATCAGTGTTG-1",3
"ACGGCCATCTACTATC-1",20
"ACGGGCTAGGATCGCA-1",2
"ACGGGCTAGGTTCCTA-1",1
"ACGGGCTAGTGGCACA-1",1
"ACGGGCTCATCTGGTA-1",0
"ACGGGCTGTGAGGCTA-1",0
"ACGGGCTTCCGAACGC-1",1
"ACGGGTCAGATGCCAG-1",2
"ACGGGTCCATGATCCA-1",1
"ACGGGTCCATTAGGCT-1",1
"ACGGGTCCATTTCACT-1",0
"ACGGGTCGTTAGGGTG-1",1
"ACGGGTCTCAACACCA-1",1
"ACGGGTCTCCACGCAG-1",0
"ACGTCAAAGGGCTTCC-1",0
"ACGTCAAAGTGGTAAT-1",2
"ACGTCAACAACTGCGC-1",1
"ACGTCAACACAAGACG-1",2
"ACGTCAAGTAGCTCCG-1",1
"ACGTCAAGTGTCGCTG-1",1
"ACGTCAAGTTATGCGT-1",0
"ACGTCAATCAACCAAC-1",0
"ACGTCAATCATAACCG-1",0
"ACGTCAATCCAGAAGG-1",2
"ACGTCAATCTAACTCT-1",0
"ACTATCTAGAGGTTAT-1",0
"ACTATCTAGATACACA-1",1
"ACTATCTAGGAGTAGA-1",1
"ACTATCTAGGCATGTG-1",0
"ACTATCTCAAATACAG-1",1
"ACTATCTCAAATTGCC-1",4
"ACTATCTGTAGGGACT-1",1
"ACTATCTGTCGCGTGT-1",2
"ACTATCTGTGCACGAA-1",0
"ACTATCTGTGGTTTCA-1",0
"ACTATCTTCGCCGTGA-1",1
"ACTGAACAGAGTGAGA-1",1
"ACTGAACAGATCCCGC-1",1
"ACTGAACAGGTGATAT-1",0
"ACTGAACCAAAGCGGT-1",3
"ACTGAACCAAGCGAGT-1",0
"ACTGAACCAATTCCTT-1",1
"ACTGAACCAGCTGGCT-1",0
"ACTGAACCAGTCTTCC-1",1
"ACTGAACCATTACCTT-1",1
"ACTGAACGTAAGCACG-1",0
"ACTGAACGTAATCGTC-1",1
"ACTGAACGTCCAGTAT-1",3
"ACTGAACGTCTGATCA-1",2
"ACTGAACTCCCACTTG-1",2
"ACTGAGTAGCCGGTAA-1",0
"ACTGAGTCAGTGGGAT-1",17
"ACTGAGTCATTTGCCC-1",12
"ACTGAGTGTAGAGCTG-1",14
"ACTGAGTGTTGTGGCC-1",1
"ACTGAGTTCAGGTTCA-1",0
"ACTGATGAGACAGACC-1",1
"ACTGATGAGCGGATCA-1",0
"ACTGATGAGGTGCTTT-1",2
"ACTGATGCAGCAGTTT-1",1
"ACTGATGCATCACAAC-1",2
"ACTGATGGTCATGCAT-1",0
"ACTGATGTCACAATGC-1",3
"ACTGATGTCACTCCTG-1",2
"ACTGATGTCCCTGACT-1",0
"ACTGATGTCCGCTGTT-1",1
"ACTGATGTCCGGCACA-1",1
"ACTGATGTCCTATTCA-1",1
"ACTGCTCAGAGCTTCT-1",1
"ACTGCTCAGATGCCTT-1",2
"ACTGCTCCACACCGCA-1",2
"ACTGCTCCAGATGGGT-1",2
"ACTGCTCCATGCCTAA-1",1
"ACTGCTCGTAGGCATG-1",3
"ACTGCTCGTATCACCA-1",0
"ACTGCTCGTCCGAAGA-1",0
"ACTGCTCTCCGAGCCA-1",2
"ACTGTCCAGAGGGCTT-1",1
"ACTGTCCAGCAGCGTA-1",0
"ACTGTCCAGGCATGGT-1",0
"ACTGTCCCAAGGTTTC-1",11
"ACTGTCCCAAGTACCT-1",0
"ACTGTCCCAGTATCTG-1",1
"ACTGTCCCATAGAAAC-1",2
"ACTGTCCGTTGAGGTG-1",0
"ACTGTCCTCCACGTGG-1",2
"ACTGTCCTCCTTGGTC-1",0
"ACTGTCCTCTCTGTCG-1",1
"ACTTACTAGCGATAGC-1",3
"ACTTACTAGGGATGGG-1",0
"ACTTACTCACAGACAG-1",0
"ACTTACTCACATTTCT-1",2
"ACTTACTGTACTCAAC-1",1
"ACTTACTGTTCCACAA-1",0
"ACTTACTTCATCGGAT-1",0
"ACTTGTTAGACAAGCC-1",0
"ACTTGTTAGCTAGCCC-1",0
"ACTTGTTAGTTACCCA-1",3
"ACTTGTTCACGACGAA-1",1
"ACTTGTTCACGGCTAC-1",1
"ACTTGTTGTATCGCAT-1",1
"ACTTGTTGTGGTAACG-1",1
"ACTTGTTGTTGTGGAG-1",2
"ACTTGTTTCATCACCC-1",1
"ACTTTCACATGGTCAT-1",5
"ACTTTCAGTGACTACT-1",1
"ACTTTCATCGCCAGCA-1",3
"AGAATAGAGCTGAACG-1",1
"AGAATAGAGCTGTCTA-1",1
"AGAATAGAGGTAGCTG-1",1
"AGAATAGCATGGTCTA-1",2
"AGAATAGGTAATCGTC-1",2
"AGAATAGGTATTCTCT-1",1
"AGAATAGGTGCGGTAA-1",0
"AGAATAGGTTAAGAAC-1",1
"AGAATAGTCAGGCCCA-1",3
"AGACGTTAGAATGTGT-1",0
"AGACGTTAGCTCCTCT-1",0
"AGACGTTAGTGCCAGA-1",0
"AGACGTTCAGGATCGA-1",1
"AGACGTTGTAGCTGCC-1",1
"AGACGTTGTCTGCAAT-1",2
"AGACGTTGTTCTGTTT-1",3
"AGACGTTTCGCATGGC-1",0
"AGACGTTTCGCTTAGA-1",0
"AGAGCGACAACTTGAC-1",0
"AGAGCGACAAGTACCT-1",1
"AGAGCGACACAACGTT-1",15
"AGAGCGACATGAGCGA-1",0
"AGAGCGAGTCAGTGGA-1",0
"AGAGCGAGTCGACTGC-1",1
"AGAGCGAGTTGAGTTC-1",0
"AGAGCGATCGCGTAGC-1",0
"AGAGCGATCTATCCTA-1",0
"AGAGCGATCTCGCTTG-1",1
"AGAGCTTAGCCGTCGT-1",2
"AGAGCTTAGTACACCT-1",0
"AGAGCTTAGTCATGCT-1",3
"AGAGCTTGTAGAGCTG-1",2
"AGAGCTTGTATCACCA-1",1
"AGAGCTTTCACTATTC-1",0
"AGAGCTTTCCTGCAGG-1",0
"AGAGCTTTCGCAAACT-1",1
"AGAGCTTTCGCTTAGA-1",0
"AGAGTGGAGAGCCTAG-1",1
"AGAGTGGAGGCCCTTG-1",1
"AGAGTGGAGGTACTCT-1",2
"AGAGTGGCACAAGACG-1",0
"AGAGTGGCACCTCGTT-1",1
"AGAGTGGCATCCGGGT-1",1
"AGAGTGGCATCTGGTA-1",0
"AGAGTGGGTCAGCTAT-1",3
"AGAGTGGGTCCTCCAT-1",1
"AGAGTGGGTCTAGTCA-1",0
"AGAGTGGGTTACCGAT-1",3
"AGATCTGAGGTGGGTT-1",1
"AGATCTGAGTCAAGGC-1",0
"AGATCTGCAATGTTGC-1",0
"AGATCTGTCGAATCCA-1",1
"AGATCTGTCTGCAGTA-1",1
"AGATTGCAGGCTACGA-1",0
"AGATTGCCACGACGAA-1",1
"AGATTGCCAGATGGGT-1",0
"AGATTGCGTAGAGCTG-1",2
"AGATTGCGTGATGTCT-1",0
"AGATTGCGTGTTCGAT-1",1
"AGATTGCGTTCACGGC-1",1
"AGATTGCTCACTGGGC-1",0
"AGATTGCTCATCTGTT-1",0
"AGCAGCCAGCTGATAA-1",0
"AGCAGCCCACCGAAAG-1",1
"AGCAGCCGTCGACTGC-1",0
"AGCAGCCGTCGCTTTC-1",2
"AGCAGCCGTCTAACGT-1",2
"AGCAGCCGTGTGAAAT-1",2
"AGCAGCCGTTTGTTGG-1",2
"AGCAGCCTCCAAACAC-1",2
"AGCATACAGTGGTAGC-1",8
"AGCATACAGTTGTCGT-1",1
"AGCATACGTCTTCTCG-1",3
"AGCATACGTTAAGTAG-1",1
"AGCATACTCCGTTGCT-1",2
"AGCCTAAAGATATGGT-1",1
"AGCCTAACAAAGCGGT-1",0
"AGCCTAACAGATAATG-1",2
"AGCCTAAGTACGAAAT-1",1
"AGCCTAAGTCACCTAA-1",1
"AGCCTAAGTGTGCCTG-1",0
"AGCCTAATCACCCGAG-1",0
"AGCCTAATCCAATGGT-1",0
"AGCCTAATCCTTGGTC-1",1
"AGCCTAATCTGTGCAA-1",3
"AGCCTAATCTGTTTGT-1",2
"AGCGGTCAGCGAAGGG-1",0
"AGCGGTCAGGTACTCT-1",19
"AGCGGTCAGTGACTCT-1",6
"AGCGGTCCAGCCTTGG-1",0
"AGCGGTCGTCCTAGCG-1",0
"AGCGGTCGTGGTGTAG-1",0
"AGCGGTCGTTAAGGGC-1",1
"AGCGGTCGTTTGCATG-1",2
"AGCGGTCTCCGAAGAG-1",3
"AGCGGTCTCCTCAATT-1",2
"AGCGGTCTCTGGGCCA-1",2
"AGCGTATAGAACTGTA-1",2
"AGCGTATAGCGATGAC-1",0
"AGCGTATAGGTACTCT-1",0
"AGCGTATGTTGAGGTG-1",1
"AGCGTATTCCAGAGGA-1",2
"AGCGTCGAGTTGAGTA-1",1
"AGCGTCGCAGGGATTG-1",1
"AGCGTCGTCTGAAAGA-1",0
"AGCTCCTAGACCTAGG-1",0
"AGCTCCTAGCGTTTAC-1",2
"AGCTCCTGTGTTTGTG-1",1
"AGCTCCTGTTGTCTTT-1",0
"AGCTCCTTCCGAATGT-1",1
"AGCTCCTTCTTGACGA-1",1
"AGCTCTCAGCGGATCA-1",2
"AGCTCTCAGCTGTTCA-1",1
"AGCTCTCAGGTGCTAG-1",1
"AGCTCTCCATACAGCT-1",0
"AGCTCTCGTCAGAGGT-1",0
"AGCTCTCGTGGGTCAA-1",1
"AGCTCTCTCACAACGT-1",1
"AGCTCTCTCTTGACGA-1",1
"AGCTTGAAGCATCATC-1",0
"AGCTTGAAGTAGCGGT-1",0
"AGCTTGAAGTTGTCGT-1",0
"AGCTTGACAATCCAAC-1",0
"AGCTTGACACCGATAT-1",0
"AGCTTGAGTCTACCTC-1",0
"AGCTTGAGTGCGCTTG-1",2
"AGCTTGAGTTACGCGC-1",0
"AGCTTGATCCTGCCAT-1",3
"AGCTTGATCTGCAAGT-1",1
"AGGCCACAGAGTAAGG-1",1
"AGGCCACAGGGTCTCC-1",1
"AGGCCACAGTACTTGC-1",1
"AGGCCACCAGGACCCT-1",0
"AGGCCACCATCAGTCA-1",0
"AGGCCACTCATGCTCC-1",0
"AGGCCACTCATGGTCA-1",0
"AGGCCACTCATTGCGA-1",0
"AGGCCGTAGGATCGCA-1",0
"AGGCCGTCACGTAAGG-1",2
"AGGCCGTCAGCTCGAC-1",1
"AGGCCGTCATCGTCGG-1",2
"AGGCCGTTCACGGTTA-1",0
"AGGCCGTTCGAACTGT-1",0
"AGGCCGTTCTCAAGTG-1",1
"AGGCCGTTCTGCTTGC-1",2
"AGGGAGTAGCCCAACC-1",0
"AGGGAGTAGGAGTACC-1",1
"AGGGAGTAGGCAGGTT-1",0
"AGGGAGTCACGAGAGT-1",3
"AGGGAGTCAGAAGCAC-1",2
"AGGGAGTCAGATCCAT-1",1
"AGGGAGTCATCGACGC-1",0
"AGGGAGTCATGCTAGT-1",1
"AGGGAGTGTCCATGAT-1",0
"AGGGAGTTCATAACCG-1",0
"AGGGATGAGCTCTCGG-1",0
"AGGGATGAGGAGTAGA-1",1
"AGGGATGAGTAGCGGT-1",1
"AGGGATGCAATGAATG-1",0
"AGGGATGCAATGGAGC-1",1
"AGGGATGCACAAGACG-1",1
"AGGGATGCACATTTCT-1",0
"AGGGATGCATGGTCTA-1",2
"AGGGATGGTTAAAGTG-1",1
"AGGGATGGTTATGCGT-1",0
"AGGGATGTCGTGACAT-1",3
"AGGGTGAAGATGGCGT-1",1
"AGGGTGAAGATGGGTC-1",2
"AGGGTGAAGGCTCAGA-1",1
"AGGGTGACACGAGAGT-1",0
"AGGGTGACAGATGGCA-1",1
"AGGGTGACAGATTGCT-1",0
"AGGGTGAGTACTCTCC-1",0
"AGGGTGAGTTATCGGT-1",0
"AGGGTGAGTTCTGAAC-1",23
"AGGGTGATCTCGCTTG-1",2
"AGGTCATAGAGCCCAA-1",0
"AGGTCATAGCCAGAAC-1",3
"AGGTCATAGGCATGGT-1",0
"AGGTCATAGGGAGTAA-1",5
"AGGTCATCACTCAGGC-1",0
"AGGTCATCACTCTGTC-1",1
"AGGTCATGTTCCACTC-1",18
"AGGTCATTCTCGTTTA-1",0
"AGGTCCGAGGATGCGT-1",2
"AGGTCCGCAACACGCC-1",0
"AGGTCCGGTGATGCCC-1",0
"AGGTCCGTCCATGAAC-1",1
"AGGTCCGTCGCCCTTA-1",1
"AGGTCCGTCTGCGTAA-1",1
"AGTAGTCAGACTGTAA-1",1
"AGTAGTCAGTACGACG-1",2
"AGTAGTCAGTTTAGGA-1",1
"AGTAGTCCAACTGGCC-1",0
"AGTAGTCGTGCAGACA-1",0
"AGTAGTCTCACCCGAG-1",0
"AGTCTTTAGGCAGTCA-1",1
"AGTCTTTCAAATCCGT-1",1
"AGTCTTTCATATACCG-1",1
"AGTCTTTGTGCTTCTC-1",10
"AGTCTTTGTGTCCTCT-1",13
"AGTCTTTGTTTGTTTC-1",0
"AGTCTTTTCGCAGGCT-1",0
"AGTCTTTTCGCGTAGC-1",0
"AGTCTTTTCGCTAGCG-1",0
"AGTCTTTTCGCTTGTC-1",1
"AGTCTTTTCTGACCTC-1",0
"AGTGAGGAGATAGCAT-1",5
"AGTGAGGCAGGTGCCT-1",2
"AGTGAGGGTATGAAAC-1",2
"AGTGAGGGTCACTTCC-1",0
"AGTGAGGGTCGCGAAA-1",2
"AGTGAGGGTTATGTGC-1",2
"AGTGAGGTCTACTATC-1",6
"AGTGGGAAGCAGACTG-1",0
"AGTGGGACAAACGCGA-1",0
"AGTGGGACAAGCCGTC-1",2
"AGTGGGACACAGGAGT-1",0
"AGTGGGACACGAGAGT-1",0
"AGTGGGATCATCGATG-1",3
"AGTGGGATCCACGAAT-1",0
"AGTGGGATCCTGCAGG-1",16
"AGTGTCAAGAAGCCCA-1",2
"AGTGTCAAGCTAGTCT-1",3
"AGTGTCAAGTACGACG-1",1
"AGTGTCAAGTGAACAT-1",0
"AGTGTCACACCATCCT-1",1
"AGTGTCACAGTAAGCG-1",1
"AGTGTCACAGTGGAGT-1",3
"AGTGTCAGTAAACCTC-1",1
"AGTGTCAGTACAGCAG-1",1
"AGTGTCAGTCTCCACT-1",0
"AGTGTCAGTTTGACTG-1",1
"AGTGTCATCAAAGTAG-1",2
"AGTGTCATCCGTCAAA-1",1
"AGTGTCATCGTTACAG-1",2
"AGTGTCATCTGTCAAG-1",0
"AGTTGGTAGACTGTAA-1",0
"AGTTGGTAGTACGCGA-1",17
"AGTTGGTCAAATTGCC-1",1
"AGTTGGTCAGGAATGC-1",0
"AGTTGGTCATGCGCAC-1",0
"AGTTGGTGTACCGTAT-1",13
"AGTTGGTGTATGCTTG-1",1
"AGTTGGTGTCAGGACA-1",0
"AGTTGGTGTTCAGACT-1",1
"AGTTGGTTCAGTACGT-1",0
"AGTTGGTTCCTCAACC-1",1
"AGTTGGTTCGTACCGG-1",0
"AGTTGGTTCTGTCCGT-1",1
"ATAACGCAGTTGAGTA-1",2
"ATAACGCCACGTGAGA-1",0
"ATAACGCGTGAACCTT-1",4
"ATAACGCGTGTCCTCT-1",2
"ATAACGCGTGTGAAAT-1",1
"ATAACGCTCTCCGGTT-1",3
"ATAAGAGAGTCCGGTC-1",0
"ATAAGAGCAACTGCGC-1",0
"ATAAGAGCAGTATCTG-1",0
"ATAAGAGGTGACGCCT-1",0
"ATAAGAGGTTAAAGTG-1",2
"ATAAGAGTCAGCACAT-1",0
"ATAAGAGTCAGTGCAT-1",1
"ATAGACCAGAGAGCTC-1",1
"ATAGACCAGCCCAATT-1",0
"ATAGACCCAAGCCATT-1",3
"ATAGACCCATCTGGTA-1",3
"ATAGACCGTATATGGA-1",0
"ATAGACCGTGGACGAT-1",0
"ATAGACCGTGGCGAAT-1",2
"ATAGACCGTTTCGCTC-1",3
"ATCACGAAGAACTCGG-1",2
"ATCACGAAGACACGAC-1",2
"ATCACGAAGTTACCCA-1",1
"ATCACGACAAGACACG-1",1
"ATCACGACAAGCGTAG-1",0
"ATCACGACACACATGT-1",0
"ATCACGACACCACCAG-1",0
"ATCACGACACGGTAAG-1",1
"ATCACGACAGCGAACA-1",4
"ATCACGATCCCGACTT-1",1
"ATCACGATCGGTGTCG-1",3
"ATCATCTAGCCTATGT-1",2
"ATCATCTAGGCCATAG-1",16
"ATCATCTAGTACTTGC-1",0
"ATCATCTCAGACGCCT-1",1
"ATCATCTCATCCGTGG-1",0
"ATCATCTGTATTACCG-1",0
"ATCATCTGTCACTTCC-1",1
"ATCATCTTCAGCGACC-1",1
"ATCATCTTCCTCAACC-1",6
"ATCATGGCAAGCGTAG-1",0
"ATCATGGCAAGGTTCT-1",0
"ATCATGGCACTACAGT-1",0
"ATCATGGGTAAGGGAA-1",2
"ATCATGGGTTGTGGCC-1",1
"ATCATGGTCAATAAGG-1",1
"ATCATGGTCCAATGGT-1",1
"ATCATGGTCGCCATAA-1",0
"ATCATGGTCGGTTAAC-1",0
"ATCCACCAGCTAGTCT-1",0
"ATCCACCAGGCTCTTA-1",1
"ATCCACCCAAACGTGG-1",2
"ATCCACCCAGTTAACC-1",0
"ATCCACCGTCCGAAGA-1",0
"ATCCACCGTTTGTTTC-1",1
"ATCCACCTCCTGCTTG-1",0
"ATCCACCTCCTTAATC-1",2
"ATCCACCTCTGGTATG-1",1
"ATCCGAAAGCGATGAC-1",0
"ATCCGAAAGCTAGGCA-1",1
"ATCCGAACAAACGTGG-1",0
"ATCCGAACAACAACCT-1",1
"ATCCGAACAAGGACTG-1",4
"ATCCGAACACCCATTC-1",1
"ATCCGAACACGGTAGA-1",0
"ATCCGAAGTAGCGCTC-1",1
"ATCCGAAGTCATTAGC-1",2
"ATCCGAAGTCTCTTAT-1",1
"ATCCGAATCCAACCAA-1",1
"ATCCGAATCCTTGACC-1",1
"ATCCGAATCTTGTCAT-1",0
"ATCGAGTAGACTTTCG-1",3
"ATCGAGTCATCCGGGT-1",1
"ATCGAGTGTCCCTTGT-1",1
"ATCGAGTGTCTCCCTA-1",0
"ATCGAGTTCATGCATG-1",1
"ATCGAGTTCCTGCCAT-1",0
"ATCTACTAGGTGTGGT-1",0
"ATCTACTCAGCTGTAT-1",2
"ATCTACTCAGTACACT-1",0
"ATCTACTCATGACATC-1",0
"ATCTACTGTAAGTAGT-1",0
"ATCTACTGTGTCGCTG-1",0
"ATCTACTTCCGCGTTT-1",0
"ATCTACTTCGCAAGCC-1",0
"ATCTACTTCTATCGCC-1",1
"ATCTACTTCTCTAAGG-1",2
"ATCTGCCAGGCTCAGA-1",1
"ATCTGCCGTACAGTTC-1",1
"ATCTGCCGTTGTGGAG-1",3
"ATCTGCCTCAGAGACG-1",2
"ATCTGCCTCAGCTGGC-1",1
"ATCTGCCTCGTACGGC-1",0
"ATCTGCCTCTCGAGTA-1",0
"ATCTGCCTCTGAGTGT-1",3
"ATCTGCCTCTTGTATC-1",0
"ATGAGGGAGGTCGGAT-1",0
"ATGAGGGCATGACGGA-1",0
"ATGAGGGCATTAGGCT-1",1
"ATGAGGGTCACATGCA-1",1
"ATGAGGGTCAGTCCCT-1",0
"ATGCGATAGTCAATAG-1",2
"ATGCGATCATGTTGAC-1",19
"ATGCGATGTGCAGTAG-1",1
"ATGCGATGTGCATCTA-1",1
"ATGCGATTCCCAAGAT-1",1
"ATGCGATTCGCCATAA-1",0
"ATGGGAGAGCAATATG-1",1
"ATGGGAGAGCCACGCT-1",2
"ATGGGAGAGGTGATAT-1",3
"ATGGGAGCACCAGGTC-1",0
"ATGGGAGCACTATCTT-1",0
"ATGGGAGCAGCATACT-1",3
"ATGGGAGCATAGAAAC-1",1
"ATGGGAGCATTACCTT-1",0
"ATGGGAGTCAAGGTAA-1",0
"ATGTGTGAGCGAAGGG-1",0
"ATGTGTGAGGGTTTCT-1",4
"ATGTGTGAGTTGAGTA-1",2
"ATGTGTGCACGGCGTT-1",0
"ATGTGTGCACGGTTTA-1",2
"ATGTGTGCAGTATAAG-1",0
"ATGTGTGTCACGCGGT-1",3
"ATTACTCAGATGTGTA-1",4
"ATTACTCAGCGTAATA-1",0
"ATTACTCAGGTGCACA-1",1
"ATTACTCAGTGAAGTT-1",0
"ATTACTCCAAACTGTC-1",0
"ATTACTCCACCATCCT-1",0
"ATTACTCCAGACTCGC-1",1
"ATTACTCCATATGCTG-1",1
"ATTACTCCATCGGTTA-1",0
"ATTACTCCATTGCGGC-1",0
"ATTACTCGTTAAAGAC-1",21
"ATTACTCTCCGAACGC-1",2
"ATTATCCAGAGTACCG-1",1
"ATTATCCAGCTTATCG-1",2
"ATTATCCCACAAGCCC-1",0
"ATTATCCCATATGAGA-1",0
"ATTATCCCATCTGGTA-1",1
"ATTATCCGTCGTTGTA-1",3
"ATTATCCGTCTCTCTG-1",6
"ATTATCCTCAACGGGA-1",0
"ATTATCCTCCGCGCAA-1",2
"ATTATCCTCTCCGGTT-1",2
"ATTCTACGTCACTTCC-1",0
"ATTCTACGTCTAGTCA-1",0
"ATTCTACGTTGTCGCG-1",0
"ATTGGACAGCAGATCG-1",0
"ATTGGACAGGGCATGT-1",0
"ATTGGACAGTGGACGT-1",1
"ATTGGACCAAGACACG-1",23
"ATTGGACGTAATAGCA-1",5
"ATTGGACTCCTGCTTG-1",1
"ATTGGACTCGGCGCAT-1",0
"ATTGGACTCGTTTGCC-1",0
"ATTGGTGAGAATGTTG-1",0
"ATTGGTGCAAGCTGAG-1",1
"ATTGGTGCAGCAGTTT-1",0
"ATTGGTGGTATGGTTC-1",0
"ATTGGTGGTTGAGTTC-1",1
"ATTGGTGTCAAAGTAG-1",2
"ATTGGTGTCGGAAACG-1",0
"ATTTCTGAGGGATACC-1",0
"ATTTCTGAGGGATCTG-1",2
"ATTTCTGAGGTGTTAA-1",0
"ATTTCTGAGTCGAGTG-1",2
"ATTTCTGAGTTCGCAT-1",3
"ATTTCTGCAAGGTGTG-1",0
"ATTTCTGGTAGCTCCG-1",1
"ATTTCTGGTGCACGAA-1",2
"ATTTCTGGTTGCCTCT-1",0
"ATTTCTGTCAAAGTAG-1",3
"ATTTCTGTCAGCTCGG-1",2
"ATTTCTGTCTTGGGTA-1",1
"CAACCAAAGAAACGCC-1",0
"CAACCAAAGAGGGCTT-1",0
"CAACCAAAGCTGAAAT-1",2
"CAACCAAAGGACAGCT-1",0
"CAACCAAAGGGAGTAA-1",2
"CAACCAACATACGCTA-1",0
"CAACCTCAGTAATCCC-1",0
"CAACCTCCAGACGCAA-1",0
"CAACCTCGTGAGTGAC-1",0
"CAACCTCGTTCCACGG-1",1
"CAACCTCTCATACGGT-1",2
"CAACCTCTCCGATATG-1",1
"CAACCTCTCCTTTACA-1",1
"CAACCTCTCTCTAGGA-1",0
"CAACTAGAGAATAGGG-1",2
"CAACTAGAGGATGCGT-1",0
"CAACTAGCACCATCCT-1",0
"CAACTAGCAGACTCGC-1",3
"CAACTAGCAGTTCATG-1",0
"CAACTAGGTACGCACC-1",1
"CAACTAGTCAGGCCCA-1",3
"CAAGAAAAGAAGGACA-1",0
"CAAGAAAAGACGCACA-1",0
"CAAGAAAAGGCCCTTG-1",0
"CAAGAAAAGGTGATAT-1",4
"CAAGAAAAGTCGATAA-1",0
"CAAGAAAAGTGGAGTC-1",1
"CAAGAAAAGTGTACCT-1",2
"CAAGAAACACGGTGTC-1",1
"CAAGAAATCTGCTTGC-1",6
"CAAGATCAGCTGAAAT-1",0
"CAAGATCGTAAGAGGA-1",1
"CAAGATCGTGCCTTGG-1",2
"CAAGATCTCAACACCA-1",2
"CAAGATCTCTCGATGA-1",2
"CAAGGCCAGGAGTCTG-1",1
"CAAGGCCAGGCTATCT-1",0
"CAAGGCCCACGGTAAG-1",1
"CAAGGCCCATGTTCCC-1",1
"CAAGGCCGTCCGTCAG-1",0
"CAAGGCCTCAACGGGA-1",0
"CAAGGCCTCCTTGACC-1",2
"CAAGGCCTCGTGACAT-1",0
"CAAGTTGAGACAGGCT-1",0
"CAAGTTGAGATGTCGG-1",0
"CAAGTTGAGCGTCAAG-1",2
"CAAGTTGAGCGTTTAC-1",0
"CAAGTTGCACATTAGC-1",0
"CAAGTTGCACGCTTTC-1",0
"CAAGTTGCACGGTGTC-1",0
"CAAGTTGCATTCTTAC-1",14
"CAAGTTGGTACTCAAC-1",1
"CAAGTTGGTCAGGACA-1",0
"CAAGTTGGTCGGCACT-1",3
"CAAGTTGTCAACGAAA-1",2
"CAAGTTGTCACCACCT-1",0
"CAAGTTGTCATTGCCC-1",3
"CAAGTTGTCGAATCCA-1",2
"CAAGTTGTCTACTTAC-1",1
"CACAAACAGGGCTCTC-1",3
"CACAAACAGGGCTTGA-1",1
"CACAAACAGTGACATA-1",3
"CACAAACCAACTGCGC-1",2
"CACAAACCAATAAGCA-1",1
"CACAAACCAATCAGAA-1",0
"CACAAACCACTTAACG-1",1
"CACAAACCATGAACCT-1",0
"CACAAACCATGGTCAT-1",1
"CACAAACGTCAACTGT-1",0
"CACAAACGTCAGAATA-1",0
"CACAAACTCTTCGGTC-1",1
"CACAAACTCTTGGGTA-1",3
"CACACAAAGCGACGTA-1",1
"CACACAAAGGGAGTAA-1",0
"CACACAACAAACGTGG-1",0
"CACACAACACATGACT-1",4
"CACACAACATCGATTG-1",0
"CACACAACATTGGGCC-1",1
"CACACAAGTACGACCC-1",5
"CACACAAGTCAGTGGA-1",1
"CACACAAGTCATCGGC-1",1
"CACACAAGTTTACTCT-1",1
"CACACAATCCACGTGG-1",0
"CACACAATCCACGTTC-1",0
"CACACAATCGGCGCAT-1",2
"CACACCTAGAGACTAT-1",2
"CACACCTAGGACATTA-1",0
"CACACCTAGTCATCCA-1",0
"CACACCTAGTGTGAAT-1",1
"CACACCTCACTGAAGG-1",3
"CACACCTCATAGGATA-1",0
"CACACCTCATAGTAAG-1",0
"CACACCTCATTGGGCC-1",2
"CACACCTGTACAGCAG-1",3
"CACACCTGTACCGCTG-1",1
"CACACCTGTCCAAGTT-1",3
"CACACCTGTGGACGAT-1",1
"CACACCTGTGGTCTCG-1",1
"CACACCTTCATGTCTT-1",0
"CACACCTTCTGGCGAC-1",0
"CACACTCAGGGAAACA-1",3
"CACACTCCAACACCTA-1",1
"CACACTCCAAGGGTCA-1",2
"CACACTCGTGACGCCT-1",0
"CACACTCGTTTGTGTG-1",0
"CACAGGCAGCCATCGC-1",1
"CACAGGCAGGGATGGG-1",3
"CACAGGCCAAGAGTCG-1",0
"CACAGGCCAATGGAGC-1",0
"CACAGGCGTCTAGGTT-1",0
"CACAGGCGTTACGCGC-1",1
"CACAGGCTCGGGAGTA-1",1
"CACAGGCTCTATGTGG-1",3
"CACAGTAAGACGCAAC-1",3
"CACAGTAAGACGCACA-1",1
"CACAGTAAGTGGGCTA-1",3
"CACAGTACAACTGGCC-1",0
"CACAGTACATCGGACC-1",1
"CACAGTAGTTCCATGA-1",12
"CACATAGAGCCCAATT-1",3
"CACATAGAGTGTACTC-1",1
"CACATAGCACTTCTGC-1",0
"CACATAGCAGGGTATG-1",0
"CACATAGTCCTTGCCA-1",1
"CACATAGTCGGCGCAT-1",2
"CACATTTAGCAGATCG-1",0
"CACATTTAGGGCACTA-1",0
"CACATTTCACGGCGTT-1",2
"CACATTTCATTACCTT-1",0
"CACATTTGTCGAACAG-1",0
"CACATTTGTGTTGAGG-1",1
"CACATTTTCCAGAGGA-1",0
"CACATTTTCCGCATCT-1",3
"CACATTTTCTACTATC-1",0
"CACATTTTCTGTGCAA-1",0
"CACCACTAGCCACGTC-1",6
"CACCACTAGTGGTAAT-1",2
"CACCACTAGTTACCCA-1",1
"CACCACTCAAGCCCAC-1",0
"CACCACTCAGTTCATG-1",1
"CACCACTGTTATTCTC-1",3
"CACCACTTCACCGGGT-1",3
"CACCACTTCGAATCCA-1",11
"CACCACTTCGACCAGC-1",0
"CACCACTTCTAACCGA-1",0
"CACCACTTCTTTAGTC-1",0
"CACCAGGCACATTAGC-1",29
"CACCAGGCACTGCCAG-1",0
"CACCAGGCATAAAGGT-1",1
"CACCAGGCATGAACCT-1",0
"CACCAGGGTGAAATCA-1",1
"CACCAGGGTGTTTGGT-1",1
"CACCAGGGTTATCACG-1",2
"CACCAGGTCATGTAGC-1",11
"CACCAGGTCTGCTTGC-1",0
"CACCTTGAGACTTGAA-1",0
"CACCTTGAGTCAATAG-1",1
"CACCTTGCACTAGTAC-1",0
"CACCTTGCAGGCGATA-1",1
"CACCTTGCATTCCTGC-1",1
"CACCTTGGTCATTAGC-1",1
"CACCTTGGTGATGTCT-1",0
"CACCTTGGTGTGAAAT-1",0
"CACCTTGGTTATGTGC-1",0
"CACCTTGTCAACCATG-1",2
"CACCTTGTCATTATCC-1",0
"CACCTTGTCCAAAGTC-1",0
"CACCTTGTCTCACATT-1",2
"CACTCCAAGACAAGCC-1",2
"CACTCCAAGGTACTCT-1",2
"CACTCCACAATGGACG-1",0
"CACTCCAGTACATGTC-1",2
"CACTCCAGTTGTCGCG-1",29
"CACTCCATCAACACAC-1",0
"CACTCCATCCCAGGTG-1",0
"CAGAATCAGAAACCTA-1",1
"CAGAATCAGCCAACAG-1",4
"CAGAATCAGCTGGAAC-1",0
"CAGAATCAGGACTGGT-1",1
"CAGAATCAGTATCGAA-1",14
"CAGAATCCACAGAGGT-1",2
"CAGAATCCAGGGTACA-1",0
"CAGAATCGTAAGTGTA-1",0
"CAGAATCGTAATCACC-1",0
"CAGAATCTCAGTTTGG-1",1
"CAGAATCTCGCAAGCC-1",1
"CAGAATCTCGGTCCGA-1",1
"CAGAATCTCTTGCAAG-1",3
"CAGAATCTCTTGTACT-1",0
"CAGAGAGAGAATTGTG-1",0
"CAGAGAGAGCAATATG-1",0
"CAGAGAGCAAGAAGAG-1",0
"CAGAGAGCACCAGATT-1",0
"CAGAGAGGTAATCACC-1",0
"CAGAGAGGTAGCTGCC-1",1
"CAGAGAGGTAGGACAC-1",2
"CAGAGAGGTATAGGGC-1",1
"CAGAGAGGTCCGAATT-1",0
"CAGAGAGGTTGAGGTG-1",0
"CAGAGAGTCACCCGAG-1",0
"CAGAGAGTCATAACCG-1",0
"CAGAGAGTCCGAACGC-1",11
"CAGAGAGTCTGGTATG-1",2
"CAGATCAAGAGACGAA-1",1
"CAGATCAAGCACCGTC-1",1
"CAGATCAAGCTTCGCG-1",0
"CAGATCAAGGATTCGG-1",0
"CAGATCAAGTGTACCT-1",1
"CAGATCAAGTTTAGGA-1",2
"CAGATCACAATAACGA-1",2
"CAGATCACACACCGAC-1",2
"CAGATCACACGGTAAG-1",0
"CAGATCACACTCTGTC-1",0
"CAGATCACAGCATACT-1",3
"CAGATCACAGTGGGAT-1",3
"CAGATCAGTACCAGTT-1",2
"CAGATCAGTGCGGTAA-1",1
"CAGATCATCTGATACG-1",0
"CAGATCATCTGATTCT-1",2
"CAGCAGCAGATGCCAG-1",2
"CAGCAGCAGGGAACGG-1",2
"CAGCAGCCACCTATCC-1",0
"CAGCAGCCATCACAAC-1",0
"CAGCAGCGTGCTAGCC-1",0
"CAGCAGCTCAACACTG-1",3
"CAGCAGCTCGAACTGT-1",2
"CAGCAGCTCGCCGTGA-1",0
"CAGCATAAGAGACGAA-1",2
"CAGCATAGTCTAGGTT-1",0
"CAGCATAGTTTACTCT-1",0
"CAGCATATCACGAAGG-1",3
"CAGCATATCAGGCAAG-1",0
"CAGCATATCCTTAATC-1",1
"CAGCCGAAGCATCATC-1",2
"CAGCCGAAGTTTCCTT-1",0
"CAGCCGACACGTGAGA-1",0
"CAGCCGACATCAGTCA-1",1
"CAGCCGAGTGATGTCT-1",1
"CAGCCGATCACCAGGC-1",0
"CAGCCGATCCTCAATT-1",2
"CAGCGACAGAAACGCC-1",1
"CAGCGACAGCGTCAAG-1",1
"CAGCGACCAAACGTGG-1",0
"CAGCGACCAAAGCGGT-1",2
"CAGCGACCACGTCAGC-1",1
"CAGCGACCATGGGACA-1",3
"CAGCGACGTCTGATTG-1",0
"CAGCGACGTGGACGAT-1",3
"CAGCGACGTGGTTTCA-1",1
"CAGCGACGTTCGGCAC-1",1
"CAGCGACTCCGCAAGC-1",0
"CAGCGACTCTGGGCCA-1",1
"CAGCTAAAGATGTGTA-1",1
"CAGCTAAAGCAGACTG-1",0
"CAGCTAAAGCTGTTCA-1",6
"CAGCTAAAGGAGCGTT-1",1
"CAGCTAACACAGATTC-1",1
"CAGCTAACATCAGTAC-1",1
"CAGCTAAGTAATCGTC-1",2
"CAGCTAAGTCTCACCT-1",3
"CAGCTAAGTTCGTCTC-1",6
"CAGCTAATCCACGCAG-1",1
"CAGCTAATCCCTAACC-1",0
"CAGCTAATCTGGTTCC-1",0
"CAGCTAATCTTAGCCC-1",2
"CAGCTAATCTTCGGTC-1",3
"CAGCTGGAGACACTAA-1",10
"CAGCTGGAGATCCTGT-1",0
"CAGCTGGCACCAACCG-1",0
"CAGCTGGCAGTGGAGT-1",1
"CAGCTGGCATGCATGT-1",2
"CAGCTGGTCTACCTGC-1",0
"CAGGTGCAGAGACGAA-1",1
"CAGGTGCAGATCCTGT-1",1
"CAGGTGCAGGCATGTG-1",1
"CAGGTGCCAGGAACGT-1",0
"CAGGTGCCATAGTAAG-1",1
"CAGGTGCCATCGGAAG-1",0
"CAGGTGCTCAGTTGAC-1",1
"CAGGTGCTCCAAGTAC-1",0
"CAGGTGCTCTTGTATC-1",0
"CAGTAACAGATATGGT-1",1
"CAGTAACAGATGGCGT-1",1
"CAGTAACCAATCACAC-1",0
"CAGTAACCACTCGACG-1",2
"CAGTAACGTGATAAGT-1",0
"CAGTAACGTGCACCAC-1",0
"CAGTAACTCAGAGGTG-1",1
"CAGTAACTCGTACGGC-1",1
"CAGTAACTCGTGACAT-1",0
"CAGTAACTCTGCCAGG-1",0
"CAGTCCTAGAATCTCC-1",0
"CAGTCCTAGATCTGCT-1",1
"CAGTCCTCAGTATAAG-1",0
"CAGTCCTTCAACACGT-1",2
"CAGTCCTTCCATGAGT-1",0
"CAGTCCTTCCCGACTT-1",0
"CAGTCCTTCCCTTGTG-1",1
"CAGTCCTTCGAACGGA-1",0
"CAGTCCTTCGGTTCGG-1",0
"CAGTCCTTCTACTTAC-1",1
"CATATGGAGAGATGAG-1",0
"CATATGGAGGCATGGT-1",0
"CATATGGAGTATTGGA-1",1
"CATATGGCAAGCGTAG-1",1
"CATATGGGTCGCATAT-1",0
"CATATGGTCATTATCC-1",1
"CATATGGTCATTGCGA-1",1
"CATATTCAGGCGACAT-1",0
"CATATTCCACCACCAG-1",1
"CATATTCGTGACTACT-1",2
"CATATTCGTGGTACAG-1",0
"CATATTCGTGTGACGA-1",1
"CATATTCTCACAGGCC-1",4
"CATATTCTCGCAAACT-1",0
"CATCAAGAGAACTCGG-1",0
"CATCAAGAGATGGCGT-1",0
"CATCAAGAGCCGCCTA-1",0
"CATCAAGCACGAAACG-1",0
"CATCAAGCAGCCTTTC-1",2
"CATCAAGCATGGAATA-1",1
"CATCAAGGTTACTGAC-1",2
"CATCAAGGTTCCATGA-1",0
"CATCAAGTCTAAGCCA-1",1
"CATCAAGTCTGACCTC-1",0
"CATCAGAAGCTAGTCT-1",2
"CATCAGACAAGCCATT-1",0
"CATCAGACAATGACCT-1",4
"CATCAGACACGGCCAT-1",0
"CATCAGACAGACAGGT-1",2
"CATCAGACATAACCTG-1",0
"CATCAGAGTAATTGGA-1",0
"CATCAGAGTACATGTC-1",2
"CATCAGAGTGTTAAGA-1",1
"CATCAGAGTTCAACCA-1",1
"CATCAGATCGTTGACA-1",2
"CATCCACGTAAAGTCA-1",0
"CATCCACGTACCGTAT-1",1
"CATCCACGTGCCTGTG-1",23
"CATCCACGTTTAAGCC-1",3
"CATCGAAAGAGTACAT-1",1
"CATCGAAAGCTGTCTA-1",0
"CATCGAACAAGAGGCT-1",2
"CATCGAACAAGCTGAG-1",0
"CATCGAACACATTTCT-1",2
"CATCGAACATAAAGGT-1",0
"CATCGAAGTAGTACCT-1",2
"CATCGAAGTCCGACGT-1",10
"CATCGAAGTGCACTTA-1",2
"CATCGAATCAAACCAC-1",2
"CATCGAATCCGCGGTA-1",1
"CATCGAATCCGTAGTA-1",1
"CATCGGGAGAAGCCCA-1",1
"CATCGGGAGCGAGAAA-1",1
"CATCGGGAGGGTGTGT-1",0
"CATCGGGAGGTGTTAA-1",0
"CATCGGGAGTGACTCT-1",0
"CATCGGGCACTCAGGC-1",2
"CATCGGGCAGACGCTC-1",2
"CATCGGGCATCACAAC-1",1
"CATCGGGGTCCTCTTG-1",0
"CATCGGGGTGAGGGAG-1",0
"CATCGGGGTTCGAATC-1",0
"CATCGGGTCAGGATCT-1",0
"CATCGGGTCCACGAAT-1",2
"CATCGGGTCGATGAGG-1",1
"CATGACAAGACCACGA-1",0
"CATGACAAGCTCCTCT-1",0
"CATGACAAGTAACCCT-1",1
"CATGACAAGTATCTCG-1",3
"CATGACAGTCGTCTTC-1",2
"CATGACAGTGAACCTT-1",3
"CATGACATCAATAAGG-1",0
"CATGACATCTAACTGG-1",1
"CATGCCTAGACCTAGG-1",1
"CATGCCTAGAGTCTGG-1",1
"CATGCCTCACCACCAG-1",0
"CATGCCTGTCAAAGCG-1",2
"CATGCCTGTCGATTGT-1",3
"CATGCCTTCCACGACG-1",1
"CATGCCTTCCTCATTA-1",0
"CATGCCTTCGCATGAT-1",0
"CATGGCGAGAGCTGGT-1",11
"CATGGCGAGTACGACG-1",0
"CATGGCGTCCAAAGTC-1",0
"CATGGCGTCCCTTGTG-1",0
"CATGGCGTCGGCCGAT-1",1
"CATGGCGTCTCAAACG-1",0
"CATGGCGTCTGCCCTA-1",3
"CATTATCAGACCCACC-1",0
"CATTATCAGTCCCACG-1",0
"CATTATCCAAGTCTGT-1",0
"CATTATCCAGGGCATA-1",0
"CATTATCGTCAATGTC-1",0
"CATTATCTCACAAACC-1",3
"CATTATCTCAGATAAG-1",1
"CATTATCTCGCGTTTC-1",0
"CATTATCTCGTTGCCT-1",7
"CATTATCTCTATCCCG-1",0
"CATTATCTCTTAACCT-1",0
"CATTCGCAGGTGCTAG-1",0
"CATTCGCCAAGGGTCA-1",3
"CATTCGCCAGCCTATA-1",0
"CATTCGCCATACAGCT-1",1
"CATTCGCCATGGATGG-1",2
"CATTCGCCATGTCTCC-1",1
"CATTCGCCATTCACTT-1",0
"CATTCGCGTAGCACGA-1",0
"CATTCGCTCATCACCC-1",0
"CCAATCCAGACCACGA-1",0
"CCAATCCAGATATGGT-1",2
"CCAATCCAGTCGAGTG-1",4
"CCAATCCAGTCGTTTG-1",1
"CCAATCCAGTTTAGGA-1",2
"CCAATCCCAAGCGAGT-1",4
"CCAATCCTCGGACAAG-1",0
"CCAATCCTCTACCTGC-1",0
"CCACCTAAGCAGACTG-1",1
"CCACCTAAGGATGGTC-1",0
"CCACCTAAGTCGAGTG-1",0
"CCACCTAAGTGGGATC-1",0
"CCACCTAAGTGTGGCA-1",1
"CCACCTACAACAACCT-1",0
"CCACCTACAAGCCGCT-1",0
"CCACCTACAATCTACG-1",2
"CCACCTAGTAGTACCT-1",0
"CCACCTAGTCGCGTGT-1",4
"CCACCTAGTGGGTCAA-1",1
"CCACCTATCAGTTGAC-1",4
"CCACCTATCTGATACG-1",0
"CCACGGAAGACACGAC-1",0
"CCACGGAAGGGAACGG-1",0
"CCACGGACATGTCGAT-1",2
"CCACGGAGTAAGGGCT-1",1
"CCACGGAGTCAGATAA-1",1
"CCACGGAGTCCGTGAC-1",1
"CCACGGAGTGTAATGA-1",4
"CCACGGAGTTCTGAAC-1",2
"CCACGGATCACATAGC-1",0
"CCACGGATCCACGTGG-1",1
"CCACGGATCTACTATC-1",1
"CCACGGATCTAGAGTC-1",0
"CCACTACAGAGTACCG-1",2
"CCACTACAGCTTTGGT-1",3
"CCACTACCAGCAGTTT-1",1
"CCACTACCAGTAGAGC-1",1
"CCACTACGTCCGAATT-1",2
"CCACTACGTCTCAACA-1",18
"CCACTACGTGACAAAT-1",5
"CCACTACGTGACCAAG-1",0
"CCACTACGTGCACGAA-1",1
"CCACTACTCACTCTTA-1",1
"CCACTACTCCGCATCT-1",0
"CCACTACTCGGAAATA-1",1
"CCACTACTCTCGTATT-1",0
"CCACTACTCTCGTTTA-1",0
"CCAGCGAAGCCCAACC-1",0
"CCAGCGACATCGGGTC-1",2
"CCAGCGACATGTCCTC-1",1
"CCAGCGAGTAGGCATG-1",2
"CCAGCGAGTCCGTTAA-1",0
"CCAGCGATCAGAAATG-1",1
"CCATGTCAGCGATCCC-1",0
"CCATGTCAGGTCGGAT-1",0
"CCATGTCAGGTTACCT-1",1
"CCATGTCCAAGCTGGA-1",0
"CCATGTCCACATCCGG-1",0
"CCATGTCGTCCAGTAT-1",1
"CCATGTCTCCAAGTAC-1",1
"CCATGTCTCTTGTATC-1",1
"CCATTCGCAGTACACT-1",18
"CCATTCGCAGTTTACG-1",0
"CCATTCGGTAATCGTC-1",1
"CCATTCGGTATTACCG-1",0
"CCATTCGTCGTAGGAG-1",1
"CCCAATCAGTCACGCC-1",1
"CCCAATCCAGGTGGAT-1",2
"CCCAATCGTGAAGGCT-1",0
"CCCAATCGTTGGAGGT-1",1
"CCCAATCTCACATGCA-1",1
"CCCAATCTCCAGTATG-1",0
"CCCAATCTCGGAGCAA-1",0
"CCCAGTTAGAATAGGG-1",0
"CCCAGTTAGATCCCGC-1",3
"CCCAGTTAGCGTGAAC-1",0
"CCCAGTTAGGAATCGC-1",1
"CCCAGTTAGTCCGGTC-1",0
"CCCAGTTAGTTTGCGT-1",0
"CCCAGTTGTACATGTC-1",0
"CCCAGTTGTCTGCAAT-1",3
"CCCAGTTTCTGAAAGA-1",0
"CCCATACAGGGTTCCC-1",0
"CCCATACAGTGTTTGC-1",3
"CCCATACCAAAGGTGC-1",1
"CCCATACCAACACCCG-1",3
"CCCATACCAGCAGTTT-1",0
"CCCATACGTATTACCG-1",0
"CCCATACGTCAATACC-1",2
"CCCATACGTCTAGTCA-1",0
"CCCATACGTTGAGTTC-1",1
"CCCATACTCAATAAGG-1",4
"CCCATACTCAGCGACC-1",0
"CCCATACTCATCACCC-1",2
"CCCATACTCCGTAGGC-1",0
"CCCTCCTAGGAATCGC-1",11
"CCCTCCTCACGTCTCT-1",0
"CCCTCCTCAGCTTAAC-1",2
"CCCTCCTCATATGAGA-1",0
"CCCTCCTCATCACGTA-1",2
"CCCTCCTGTATGGTTC-1",1
"CCCTCCTGTTAGATGA-1",1
"CCCTCCTTCAATCACG-1",0
"CCCTCCTTCCGCAGTG-1",1
"CCGGGATAGCTTCGCG-1",0
"CCGGGATAGGCGACAT-1",1
"CCGGGATAGGCTAGGT-1",0
"CCGGGATCACAGTCGC-1",0
"CCGGGATGTATAGGTA-1",1
"CCGGGATTCAGAGCTT-1",0
"CCGGGATTCGCTAGCG-1",1
"CCGGGATTCGCTTGTC-1",2
"CCGGTAGAGCGTCTAT-1",0
"CCGGTAGAGTACGCCC-1",2
"CCGGTAGCACATAACC-1",3
"CCGGTAGCACGCATCG-1",0
"CCGGTAGGTACTTCTT-1",0
"CCGGTAGGTCAAACTC-1",3
"CCGGTAGTCGTCCGTT-1",1
"CCGTACTAGAGAACAG-1",1
"CCGTACTAGTCCGTAT-1",1
"CCGTACTCAAGCCCAC-1",27
"CCGTACTCAAGCGAGT-1",0
"CCGTACTCATCCCACT-1",0
"CCGTACTGTACAGCAG-1",3
"CCGTACTGTAGCGCTC-1",0
"CCGTACTGTGCGGTAA-1",0
"CCGTACTTCGTTACAG-1",3
"CCGTGGAAGACGCACA-1",1
"CCGTGGAAGAGTTGGC-1",1
"CCGTGGAAGGTGATAT-1",0
"CCGTGGAAGGTTCCTA-1",4
"CCGTGGACAGCCTTGG-1",0
"CCGTGGAGTTCCATGA-1",0
"CCGTGGATCTAACTTC-1",0
"CCGTGGATCTCTGTCG-1",0
"CCGTTCAAGCGTAATA-1",1
"CCGTTCAAGTACGATA-1",1
"CCGTTCAAGTAGATGT-1",1
"CCGTTCACAGGATCGA-1",0
"CCGTTCAGTATAGGGC-1",2
"CCGTTCAGTCGCGAAA-1",0
"CCGTTCATCGTACCGG-1",1
"CCTAAAGAGAGTTGGC-1",1
"CCTAAAGCAAACCTAC-1",0
"CCTAAAGCATGTCTCC-1",0
"CCTAAAGGTACTCAAC-1",0
"CCTAAAGGTCGGCACT-1",2
"CCTAAAGGTGTAATGA-1",0
"CCTAAAGTCACCGTAA-1",3
"CCTAAAGTCAGCGATT-1",2
"CCTAAAGTCGGCGCTA-1",4
"CCTAAAGTCGGTCCGA-1",1
"CCTACACAGGACCACA-1",4
"CCTACACAGGGTGTTG-1",2
"CCTACACCAGTAAGAT-1",1
"CCTACACGTATAGTAG-1",2
"CCTACACGTCCGAACC-1",3
"CCTACACGTGGGTCAA-1",1
"CCTACACGTTTGACTG-1",0
"CCTACACTCGGCGCTA-1",0
"CCTACACTCGTGACAT-1",8
"CCTACCAAGATAGGAG-1",0
"CCTACCAAGCAAATCA-1",1
"CCTACCAAGCGTAGTG-1",0
"CCTACCAAGCTTCGCG-1",0
"CCTACCAAGTGCGATG-1",1
"CCTACCAGTATCAGTC-1",0
"CCTACCAGTCTCTCTG-1",0
"CCTACCAGTCTTTCAT-1",2
"CCTACCATCAGCACAT-1",1
"CCTACCATCGCCAGCA-1",0
"CCTAGCTAGCAAATCA-1",0
"CCTAGCTAGCTCCTCT-1",0
"CCTAGCTAGGTTACCT-1",1
"CCTAGCTAGTACGCGA-1",2
"CCTAGCTCAATGAATG-1",2
"CCTAGCTCAATGGTCT-1",2
"CCTAGCTCACATCCAA-1",0
"CCTAGCTCAGCCAGAA-1",0
"CCTAGCTGTAGAAAGG-1",1
"CCTAGCTGTCACCCAG-1",2
"CCTAGCTGTCTGATTG-1",0
"CCTAGCTTCACGATGT-1",1
"CCTAGCTTCGTAGGAG-1",0
"CCTATTAAGAATTCCC-1",2
"CCTATTAAGCAGGCTA-1",3
"CCTATTAAGCAGGTCA-1",1
"CCTATTAAGGGAGTAA-1",15
"CCTATTAAGGTAGCCA-1",3
"CCTATTACACAACTGT-1",2
"CCTATTACACATCCGG-1",1
"CCTATTAGTCAATACC-1",0
"CCTATTATCATCACCC-1",0
"CCTATTATCTGCGACG-1",2
"CCTCAGTAGCTAACTC-1",1
"CCTCAGTCAGGTGGAT-1",3
"CCTCAGTGTCCATCCT-1",0
"CCTCAGTGTCCGACGT-1",0
"CCTCAGTGTCTTGTCC-1",2
"CCTCAGTGTGGGTATG-1",1
"CCTCTGAAGTATCGAA-1",0
"CCTCTGAAGTGGGTTG-1",0
"CCTCTGACAAGCTGTT-1",2
"CCTCTGACACCGATAT-1",4
"CCTCTGACAGATGAGC-1",0
"CCTCTGAGTCAATACC-1",2
"CCTCTGAGTCCGAACC-1",0
"CCTCTGAGTCGTGGCT-1",2
"CCTCTGAGTCTGATTG-1",0
"CCTCTGATCTGAGGGA-1",0
"CCTTACGCAAGCGTAG-1",1
"CCTTACGCACCAACCG-1",0
"CCTTACGGTCATCCCT-1",0
"CCTTACGGTCCTCTTG-1",4
"CCTTACGTCACAACGT-1",1
"CCTTACGTCATCTGCC-1",1
"CCTTACGTCGGAGGTA-1",0
"CCTTCCCAGAGACTAT-1",1
"CCTTCCCAGCTAGGCA-1",0
"CCTTCCCAGGACGAAA-1",1
"CCTTCCCAGGGCATGT-1",0
"CCTTCCCAGGTACTCT-1",0
"CCTTCCCCATGATCCA-1",0
"CCTTCCCTCAAGGCTT-1",2
"CCTTCCCTCTATCCTA-1",2
"CCTTCCCTCTATCGCC-1",0
"CCTTCGAAGGCGCTCT-1",0
"CCTTCGACAACACCCG-1",0
"CCTTCGACAGCGATCC-1",0
"CCTTCGAGTAAGCACG-1",1
"CCTTCGAGTCCATGAT-1",0
"CCTTCGAGTGTGACCC-1",4
"CCTTCGAGTTGGTGGA-1",0
"CCTTCGATCACAGTAC-1",4
"CCTTCGATCCTATGTT-1",0
"CCTTCGATCGCACTCT-1",3
"CCTTTCTAGACGCTTT-1",3
"CCTTTCTAGGGCACTA-1",2
"CCTTTCTAGTGGAGTC-1",1
"CCTTTCTCAGACAAGC-1",0
"CCTTTCTCATCACGAT-1",0
"CCTTTCTCATGCCCGA-1",0
"CCTTTCTTCCCACTTG-1",1
"CCTTTCTTCTTTACGT-1",2
"CGAACATCACATGACT-1",1
"CGAACATCACTTGGAT-1",2
"CGAACATCAGTCCTTC-1",0
"CGAACATGTCTGATTG-1",1
"CGAACATGTGCTGTAT-1",1
"CGAACATTCTCAAACG-1",0
"CGAATGTAGAGGTTAT-1",2
"CGAATGTAGCGATAGC-1",0
"CGAATGTAGTTCGCAT-1",3
"CGAATGTCAATGCCAT-1",1
"CGAATGTGTCTAGTCA-1",0
"CGAATGTGTCTCACCT-1",1
"CGAATGTTCAACACAC-1",0
"CGAATGTTCATCACCC-1",2
"CGAATGTTCTGTACGA-1",1
"CGACCTTAGCTACCGC-1",2
"CGACCTTAGCTAGTCT-1",0
"CGACCTTCAAAGTGCG-1",1
"CGACCTTCACGAAATA-1",0
"CGACCTTGTAAGTGTA-1",1
"CGACCTTGTCAGAATA-1",0
"CGACCTTGTCTCCCTA-1",1
"CGACCTTGTCTCTTAT-1",0
"CGACCTTTCCGCGTTT-1",0
"CGACCTTTCGTTTATC-1",0
"CGACCTTTCTCCAGGG-1",0
"CGACTTCAGACACGAC-1",0
"CGACTTCAGGTAGCCA-1",2
"CGACTTCAGTCTTGCA-1",0
"CGACTTCCAATGGACG-1",1
"CGACTTCGTGGTGTAG-1",0
"CGACTTCGTTGAGTTC-1",1
"CGACTTCTCACTTACT-1",2
"CGACTTCTCTCGCTTG-1",3
"CGAGAAGAGAAACGCC-1",0
"CGAGAAGAGCCAACAG-1",0
"CGAGAAGAGCGTGTCC-1",18
"CGAGAAGCAAGTTCTG-1",2
"CGAGAAGCACATCCGG-1",1
"CGAGAAGCAGGCTGAA-1",23
"CGAGAAGTCGGATGGA-1",1
"CGAGCACAGCCAGAAC-1",0
"CGAGCACCACATGTGT-1",2
"CGAGCACGTAGCGTCC-1",1
"CGAGCACGTAGCGTGA-1",0
"CGAGCACGTCAGATAA-1",0
"CGAGCACGTGCCTTGG-1",7
"CGAGCACTCCCGGATG-1",4
"CGAGCACTCCGCTGTT-1",2
"CGAGCACTCGGAAATA-1",1
"CGAGCACTCGTGACAT-1",0
"CGAGCCAAGCTAGCCC-1",1
"CGAGCCAGTATATCCG-1",0
"CGAGCCAGTCAAGCGA-1",0
"CGATCGGAGAGCCTAG-1",6
"CGATCGGAGTACGATA-1",0
"CGATCGGCAAACGCGA-1",1
"CGATCGGCAAGCGATG-1",1
"CGATCGGCAATACGCT-1",0
"CGATCGGCAGTTAACC-1",2
"CGATCGGCATACTCTT-1",0
"CGATCGGGTCGACTGC-1",1
"CGATCGGTCAACGGGA-1",3
"CGATCGGTCTAGCACA-1",0
"CGATGGCAGCCGTCGT-1",0
"CGATGGCAGTCCAGGA-1",0
"CGATGGCCACTTAACG-1",1
"CGATGGCCAGCGTAAG-1",3
"CGATGGCCATCATCCC-1",1
"CGATGGCTCCTAGAAC-1",2
"CGATGGCTCGCTAGCG-1",0
"CGATGGCTCTGACCTC-1",0
"CGATGTAAGGCAATTA-1",15
"CGATGTAAGTTTGCGT-1",0
"CGATGTACACAGGCCT-1",0
"CGATGTACAGGTCTCG-1",4
"CGATGTAGTCCAGTGC-1",3
"CGATGTAGTCTAGGTT-1",2
"CGATGTAGTGTGCCTG-1",1
"CGATGTAGTTTGCATG-1",1
"CGATTGAAGATGTGGC-1",2
"CGATTGACAGACGCAA-1",0
"CGATTGAGTATGGTTC-1",0
"CGATTGAGTTCAGACT-1",3
"CGATTGATCATGGTCA-1",1
"CGATTGATCTGCGGCA-1",0
"CGCCAAGAGAATGTTG-1",1
"CGCCAAGAGACCTTTG-1",3
"CGCCAAGAGATCGGGT-1",2
"CGCCAAGAGATCTGAA-1",0
"CGCCAAGAGCGTGTCC-1",1
"CGCCAAGGTCTAGGTT-1",0
"CGCCAAGTCAGGATCT-1",0
"CGCCAAGTCCACTCCA-1",1
"CGCCAAGTCTTGTTTG-1",0
"CGCGGTAAGCTAGCCC-1",0
"CGCGGTAAGGGTTCCC-1",1
"CGCGGTACAAACTGCT-1",1
"CGCGGTACAATGGAAT-1",1
"CGCGGTACAGCTGTTA-1",2
"CGCGGTAGTCAAGCGA-1",1
"CGCGGTAGTGAGGCTA-1",2
"CGCGGTAGTTTGCATG-1",3
"CGCGTTTAGTTATCGC-1",1
"CGCGTTTCAACAACCT-1",0
"CGCGTTTCAAGCGAGT-1",1
"CGCGTTTCAATGGACG-1",1
"CGCGTTTCACGGTGTC-1",1
"CGCGTTTGTGCTGTAT-1",2
"CGCGTTTGTGGACGAT-1",2
"CGCGTTTTCAAACCGT-1",0
"CGCGTTTTCAGCCTAA-1",1
"CGCGTTTTCCTATGTT-1",1
"CGCGTTTTCGTGGTCG-1",1
"CGCTATCAGAAACCGC-1",0
"CGCTATCAGTCATCCA-1",0
"CGCTATCCAAGCGAGT-1",2
"CGCTATCCAGTCGATT-1",1
"CGCTATCCATCGACGC-1",1
"CGCTATCCATTTCAGG-1",0
"CGCTATCGTACCGAGA-1",1
"CGCTATCGTTCGAATC-1",4
"CGCTATCGTTTCGCTC-1",1
"CGCTATCTCGTTACAG-1",0
"CGCTGGAAGGACATTA-1",1
"CGCTGGAAGGGCACTA-1",1
"CGCTGGAAGGTGATAT-1",1
"CGCTGGACAGACTCGC-1",0
"CGCTGGAGTGTAATGA-1",1
"CGCTGGAGTTCTGGTA-1",1
"CGCTGGATCCGAAGAG-1",0
"CGCTGGATCCGTTGCT-1",1
"CGCTGGATCGTAGGAG-1",2
"CGCTGGATCGTTACAG-1",2
"CGCTTCAAGAAGGGTA-1",1
"CGCTTCAAGGTCGGAT-1",3
"CGCTTCACACGGTGTC-1",1
"CGCTTCACAGACAAGC-1",1
"CGCTTCACATCACCCT-1",0
"CGCTTCAGTCGCGGTT-1",5
"CGCTTCATCTTAGAGC-1",2
"CGGACACAGCGATATA-1",1
"CGGACACAGCGATGAC-1",0
"CGGACACAGCTTCGCG-1",1
"CGGACACAGGTAAACT-1",1
"CGGACACAGTAGCCGA-1",2
"CGGACACCACAGGAGT-1",1
"CGGACACCATTCACTT-1",1
"CGGACACGTGAGCGAT-1",1
"CGGACACGTGCTCTTC-1",0
"CGGACACGTGTGACCC-1",0
"CGGACGTAGGTTACCT-1",1
"CGGACGTCATGGGACA-1",2
"CGGACGTGTGAAAGAG-1",0
"CGGACGTGTTGGTAAA-1",0
"CGGACGTTCATGTGGT-1",1
"CGGACGTTCTGTCCGT-1",0
"CGGACTGAGGAGCGAG-1",4
"CGGACTGAGGAGTCTG-1",0
"CGGACTGAGTGGTAGC-1",2
"CGGACTGCAACTTGAC-1",15
"CGGACTGCAATGACCT-1",4
"CGGACTGCACAACGTT-1",1
"CGGACTGCACGCCAGT-1",1
"CGGACTGCAGTATGCT-1",3
"CGGACTGGTAAAGGAG-1",5
"CGGACTGGTATAAACG-1",1
"CGGACTGGTGTAAGTA-1",0
"CGGACTGGTGTGGTTT-1",0
"CGGACTGGTTGACGTT-1",3
"CGGACTGTCATTGCCC-1",1
"CGGACTGTCCATGCTC-1",0
"CGGACTGTCCGTCAAA-1",0
"CGGACTGTCGTTTGCC-1",1
"CGGACTGTCTTCATGT-1",1
"CGGAGCTAGTTTAGGA-1",1
"CGGAGCTCATTGAGCT-1",0
"CGGAGCTGTAGAAAGG-1",3
"CGGAGCTTCACTTATC-1",2
"CGGAGCTTCATGTAGC-1",1
"CGGAGCTTCCACGAAT-1",2
"CGGAGTCAGTGCGATG-1",1
"CGGAGTCAGTGTGAAT-1",0
"CGGAGTCCAGTGGGAT-1",0
"CGGAGTCCATTATCTC-1",1
"CGGAGTCGTAGCTGCC-1",0
"CGGAGTCGTCCAGTGC-1",0
"CGGAGTCGTGTTCGAT-1",2
"CGGAGTCTCCCAGGTG-1",2
"CGGAGTCTCCGTAGTA-1",0
"CGGCTAGAGAAACGCC-1",0
"CGGCTAGAGCACCGTC-1",3
"CGGCTAGAGCTAAACA-1",1
"CGGCTAGCAGACAAAT-1",1
"CGGCTAGGTAACGCGA-1",0
"CGGCTAGGTTCATGGT-1",1
"CGGCTAGTCAAAGACA-1",0
"CGGCTAGTCGTGGGAA-1",1
"CGGCTAGTCTTGTTTG-1",0
"CGGGTCAAGAGTCGGT-1",2
"CGGGTCAAGCACACAG-1",1
"CGGGTCAAGCTAACTC-1",0
"CGGGTCAAGGACACCA-1",2
"CGGGTCAAGTATGACA-1",2
"CGGGTCACAATGACCT-1",0
"CGGGTCACACCGAAAG-1",1
"CGGGTCACAGCCACCA-1",1
"CGGGTCACATACAGCT-1",4
"CGGGTCACATCCTTGC-1",0
"CGGGTCAGTAGCGCTC-1",0
"CGGGTCAGTCGATTGT-1",0
"CGGGTCAGTGCAACTT-1",2
"CGGGTCAGTTGTTTGG-1",0
"CGGGTCATCAACACCA-1",18
"CGGGTCATCACCTTAT-1",1
"CGGGTCATCCACGACG-1",1
"CGGTTAACAGGACCCT-1",2
"CGGTTAACATGTCCTC-1",1
"CGGTTAACATTCCTGC-1",2
"CGGTTAAGTCGACTGC-1",3
"CGGTTAATCCGGCACA-1",0
"CGGTTAATCCTTTCGG-1",0
"CGGTTAATCTTATCTG-1",3
"CGTAGCGAGATGTAAC-1",4
"CGTAGCGAGGCAATTA-1",0
"CGTAGCGAGTAGGTGC-1",0
"CGTAGCGCAAGCGCTC-1",1
"CGTAGCGTCCAACCAA-1",2
"CGTAGCGTCGGCGGTT-1",1
"CGTAGGCAGGGCTCTC-1",1
"CGTAGGCCAAGCGATG-1",1
"CGTAGGCCACTAAGTC-1",2
"CGTAGGCCAGAGTGTG-1",0
"CGTAGGCCATCCCATC-1",18
"CGTAGGCGTATTAGCC-1",2
"CGTAGGCGTCAATACC-1",0
"CGTAGGCGTGGCGAAT-1",1
"CGTAGGCTCCAGAAGG-1",0
"CGTCACTAGTCATGCT-1",1
"CGTCACTCAAAGCGGT-1",2
"CGTCACTCAGGTCCAC-1",1
"CGTCACTCAGTCACTA-1",2
"CGTCACTTCCTTGACC-1",0
"CGTCACTTCGGTGTTA-1",0
"CGTCACTTCTGTGCAA-1",3
"CGTCACTTCTTGAGAC-1",0
"CGTCAGGAGCTGTTCA-1",4
"CGTCAGGCAAAGCAAT-1",0
"CGTCAGGCAAAGCGGT-1",4
"CGTCAGGCAACACGCC-1",1
"CGTCAGGCATCCGCGA-1",2
"CGTCAGGGTCAGCTAT-1",0
"CGTCAGGGTCGTTGTA-1",0
"CGTCAGGGTGTAAGTA-1",0
"CGTCAGGTCCACTGGG-1",0
"CGTCAGGTCGACAGCC-1",4
"CGTCAGGTCGGGAGTA-1",1
"CGTCCATAGACCACGA-1",0
"CGTCCATAGCGATTCT-1",0
"CGTCCATAGGCTATCT-1",4
"CGTCCATAGTCTCAAC-1",1
"CGTCCATCACGACTCG-1",0
"CGTCCATCATTCACTT-1",1
"CGTCCATGTCTAGCGC-1",0
"CGTCCATGTGATAAAC-1",1
"CGTCCATGTTTGGGCC-1",0
"CGTCCATGTTTGTGTG-1",0
"CGTCCATTCAACACCA-1",1
"CGTCCATTCATTCACT-1",0
"CGTCTACAGTGCGTGA-1",1
"CGTCTACGTAGTAGTA-1",1
"CGTCTACTCGAGCCCA-1",2
"CGTCTACTCGCCATAA-1",1
"CGTCTACTCGGCCGAT-1",2
"CGTCTACTCGTCCAGG-1",0
"CGTCTACTCTATCGCC-1",0
"CGTGAGCAGATCTGAA-1",2
"CGTGAGCAGCAATCTC-1",0
"CGTGAGCAGCGGATCA-1",0
"CGTGAGCAGCTAGTGG-1",2
"CGTGAGCAGCTTCGCG-1",0
"CGTGAGCAGGGCACTA-1",1
"CGTGAGCAGGGTGTGT-1",0
"CGTGAGCAGTGGAGAA-1",3
"CGTGAGCCAAGCCGCT-1",0
"CGTGAGCCACGTAAGG-1",0
"CGTGAGCCATACGCCG-1",3
"CGTGAGCGTAGATTAG-1",0
"CGTGAGCGTCTCTTAT-1",2
"CGTGAGCTCACAAACC-1",2
"CGTGAGCTCCAAATGC-1",0
"CGTGAGCTCCGAGCCA-1",4
"CGTGAGCTCGTTGCCT-1",1
"CGTGAGCTCTGGGCCA-1",1
"CGTGTAAAGATAGTCA-1",1
"CGTGTAAAGGTGTTAA-1",0
"CGTGTAAAGTACATGA-1",1
"CGTGTAACATGGGACA-1",0
"CGTGTAAGTCCGCTGA-1",0
"CGTGTAAGTGTCTGAT-1",2
"CGTGTAATCTACTATC-1",1
"CGTGTAATCTCGATGA-1",0
"CGTGTAATCTTTAGTC-1",0
"CGTGTCTAGGCGCTCT-1",0
"CGTGTCTAGGGATGGG-1",11
"CGTGTCTCAGACAAAT-1",1
"CGTGTCTCAGACACTT-1",0
"CGTGTCTGTAAGAGGA-1",1
"CGTGTCTGTATATGAG-1",0
"CGTGTCTGTCAAAGCG-1",1
"CGTGTCTGTTCCGTCT-1",1
"CGTGTCTTCAATCACG-1",1
"CGTGTCTTCAGAGGTG-1",1
"CGTGTCTTCATAGCAC-1",0
"CGTGTCTTCCGAACGC-1",1
"CGTGTCTTCGGCATCG-1",0
"CGTGTCTTCGTGGACC-1",0
"CGTGTCTTCTACTTAC-1",0
"CGTGTCTTCTGAGTGT-1",3
"CGTTAGAAGATCTGAA-1",0
"CGTTAGAAGGCCCTTG-1",1
"CGTTAGACACGAAAGC-1",3
"CGTTAGACAGCTTCGG-1",0
"CGTTAGAGTTTAAGCC-1",2
"CGTTAGATCACTTATC-1",1
"CGTTAGATCAGCCTAA-1",0
"CGTTCTGAGAAGGGTA-1",0
"CGTTCTGAGACTAGGC-1",0
"CGTTCTGAGTGAACAT-1",0
"CGTTCTGCAGCTCGCA-1",0
"CGTTCTGCATTGGCGC-1",0
"CGTTCTGGTGAGGGTT-1",0
"CGTTCTGTCTGATTCT-1",2
"CGTTGGGAGCTAGTTC-1",1
"CGTTGGGAGGATGCGT-1",0
"CGTTGGGCACATTAGC-1",0
"CGTTGGGCAGACAGGT-1",0
"CGTTGGGGTTCCCGAG-1",3
"CGTTGGGTCATGCTCC-1",0
"CGTTGGGTCCATGAAC-1",1
"CGTTGGGTCTACCAGA-1",0
"CTAACTTAGTCCTCCT-1",3
"CTAACTTCAATAGCAA-1",2
"CTAACTTCAATCGGTT-1",0
"CTAACTTGTGAGGCTA-1",0
"CTAACTTTCGTACGGC-1",2
"CTAACTTTCTGGCGTG-1",1
"CTAAGACAGGGAAACA-1",0
"CTAAGACAGTACATGA-1",2
"CTAAGACAGTTCGCGC-1",0
"CTAAGACCAAGTAATG-1",1
"CTAAGACCAGTAAGAT-1",2
"CTAAGACCATGCAATC-1",0
"CTAAGACGTAAGGATT-1",0
"CTAAGACGTATCAGTC-1",4
"CTAAGACGTCACCTAA-1",1
"CTAAGACTCGTTGCCT-1",3
"CTAAGACTCTTACCGC-1",3
"CTAAGACTCTTGAGGT-1",1
"CTAATGGAGCAATCTC-1",1
"CTAATGGAGCGCTCCA-1",1
"CTAATGGAGCTCCCAG-1",2
"CTAATGGAGCTGAAAT-1",11
"CTAATGGAGTTAGGTA-1",0
"CTAATGGCATGGAATA-1",4
"CTAATGGGTACCGCTG-1",1
"CTAATGGGTCTAGCGC-1",1
"CTAATGGGTGAGGGAG-1",1
"CTAATGGGTTGGTGGA-1",0
"CTAATGGTCATGCTCC-1",1
"CTAATGGTCCACTGGG-1",0
"CTAATGGTCCGTTGCT-1",0
"CTAATGGTCCTAGAAC-1",1
"CTACACCAGTGCGATG-1",3
"CTACACCCACGGACAA-1",2
"CTACACCGTAATAGCA-1",2
"CTACACCGTCTGATTG-1",1
"CTACACCGTTCGTCTC-1",0
"CTACACCTCAGAAATG-1",1
"CTACACCTCGGCTTGG-1",1
"CTACACCTCGGTCCGA-1",1
"CTACACCTCTCGCATC-1",29
"CTACACCTCTCTGCTG-1",4
"CTACATTAGATCACGG-1",0
"CTACATTCACTCGACG-1",2
"CTACATTCATTTCACT-1",1
"CTACATTGTGATGATA-1",1
"CTACATTGTTCGAATC-1",0
"CTACATTTCAACGCTA-1",1
"CTACATTTCGCCATAA-1",0
"CTACATTTCTAGCACA-1",5
"CTACCCACACAGAGGT-1",0
"CTACCCACACGACGAA-1",2
"CTACCCACATGGTTGT-1",0
"CTACCCAGTATCTGCA-1",2
"CTACCCAGTATGAATG-1",0
"CTACCCAGTCAGAAGC-1",2
"CTACCCAGTGTGACCC-1",1
"CTACCCAGTTATGTGC-1",4
"CTACCCATCTACGAGT-1",0
"CTACGTCAGGTGCAAC-1",0
"CTACGTCAGTGCGATG-1",0
"CTACGTCAGTTGTCGT-1",4
"CTACGTCCATATACCG-1",1
"CTACGTCGTATATGGA-1",4
"CTACGTCGTGTGGTTT-1",1
"CTACGTCTCAAAGTAG-1",0
"CTACGTCTCACGACTA-1",2
"CTACGTCTCACGGTTA-1",3
"CTACGTCTCCTAGAAC-1",3
"CTAGAGTAGCTGTCTA-1",9
"CTAGAGTAGGATCGCA-1",0
"CTAGAGTAGTCCATAC-1",0
"CTAGAGTCACATTAGC-1",2
"CTAGAGTCAGTATGCT-1",1
"CTAGAGTCATACTCTT-1",6
"CTAGAGTCATGTAAGA-1",1
"CTAGAGTGTGACCAAG-1",2
"CTAGAGTTCAACACCA-1",1
"CTAGAGTTCCGTCAAA-1",2
"CTAGAGTTCCTAAGTG-1",0
"CTAGAGTTCGCCAGCA-1",0
"CTAGAGTTCGCTTAGA-1",7
"CTAGAGTTCGTGACAT-1",1
"CTAGAGTTCTGATTCT-1",1
"CTAGCCTCACCAGATT-1",1
"CTAGCCTGTATATCCG-1",2
"CTAGCCTGTGATGCCC-1",0
"CTAGCCTTCGGGAGTA-1",14
"CTAGTGAAGCTGGAAC-1",1
"CTAGTGAAGTGTACCT-1",0
"CTAGTGACAAGTCTAC-1",4
"CTAGTGACAGGATCGA-1",2
"CTAGTGAGTTATGCGT-1",0
"CTAGTGATCAGTTGAC-1",1
"CTAGTGATCCAGTAGT-1",0
"CTCACACAGCTAAGAT-1",0
"CTCACACAGCTGCCCA-1",0
"CTCACACAGGATGCGT-1",2
"CTCACACCACGTAAGG-1",1
"CTCACACCACTGTTAG-1",5
"CTCACACCATATACGC-1",2
"CTCACACGTGCTGTAT-1",2
"CTCACACGTTCCATGA-1",0
"CTCACACGTTTGGGCC-1",2
"CTCACACTCACCGGGT-1",2
"CTCACACTCATCGGAT-1",1
"CTCACACTCCGCGCAA-1",0
"CTCACACTCTAACCGA-1",4
"CTCAGAAAGAGCTGCA-1",0
"CTCAGAAAGGAGTAGA-1",0
"CTCAGAACAACGCACC-1",0
"CTCAGAACAAGCGATG-1",2
"CTCAGAACAGGGCATA-1",1
"CTCAGAAGTGACGGTA-1",2
"CTCAGAATCTTAACCT-1",1
"CTCATTAAGAACTGTA-1",0
"CTCATTACATGGTCAT-1",2
"CTCATTAGTGTAACGG-1",0
"CTCATTAGTTTACTCT-1",1
"CTCCTAGCAAGTACCT-1",0
"CTCCTAGCAATTCCTT-1",2
"CTCCTAGCACTGTCGG-1",1
"CTCCTAGCAGTCCTTC-1",2
"CTCCTAGCATAACCTG-1",1
"CTCCTAGCATGCGCAC-1",2
"CTCCTAGGTAGAAAGG-1",1
"CTCCTAGGTCCGAGTC-1",3
"CTCCTAGGTCTAGCCG-1",3
"CTCCTAGGTGTTTGTG-1",1
"CTCCTAGGTTCGTGAT-1",0
"CTCCTAGGTTGTTTGG-1",0
"CTCCTAGTCACTTACT-1",0
"CTCCTAGTCTCATTCA-1",1
"CTCGAAAAGCCCAACC-1",0
"CTCGAAAAGCTATGCT-1",2
"CTCGAAAAGGCCCTTG-1",2
"CTCGAAAAGGGCTTCC-1",1
"CTCGAAACAAGCCGTC-1",0
"CTCGAAACACATTAGC-1",2
"CTCGAAACACCGAAAG-1",1
"CTCGAAACACGGCTAC-1",0
"CTCGAAACAGTAAGAT-1",1
"CTCGAAACATACGCCG-1",0
"CTCGAGGAGCCATCGC-1",0
"CTCGAGGAGGGCTTCC-1",2
"CTCGAGGCAGATAATG-1",18
"CTCGAGGGTATTCTCT-1",0
"CTCGAGGGTGCCTGGT-1",0
"CTCGGAGAGTCCCACG-1",0
"CTCGGAGCACTTCTGC-1",1
"CTCGGAGCAGCTGCAC-1",3
"CTCGGAGCAGGATCGA-1",1
"CTCGGAGGTAGCCTAT-1",0
"CTCGGAGGTCATGCCG-1",1
"CTCGGAGTCAAACGGG-1",0
"CTCGGAGTCACATACG-1",5
"CTCGGAGTCAGCTTAG-1",1
"CTCGGGAAGACCTAGG-1",0
"CTCGGGACACAGCCCA-1",0
"CTCGGGACATAAAGGT-1",1
"CTCGGGACATCCCACT-1",4
"CTCGGGACATGTCGAT-1",0
"CTCGGGAGTCGCGTGT-1",3
"CTCGGGAGTGACTACT-1",14
"CTCGGGAGTTACGACT-1",0
"CTCGGGATCCGTACAA-1",3
"CTCGGGATCCTTGACC-1",3
"CTCGGGATCTTAGCCC-1",0
"CTCGGGATCTTGTTTG-1",2
"CTCGTACAGCGATAGC-1",2
"CTCGTACCAGCGTAAG-1",1
"CTCGTACCATAGTAAG-1",1
"CTCGTACGTAGAGTGC-1",3
"CTCGTACGTATCACCA-1",2
"CTCGTACGTGCAGTAG-1",0
"CTCGTACTCAAAGTAG-1",1
"CTCGTACTCAATCTCT-1",4
"CTCGTACTCGTTGCCT-1",0
"CTCGTACTCTGGTTCC-1",1
"CTCGTCAAGATGCCTT-1",1
"CTCGTCAAGTGGAGTC-1",15
"CTCGTCAAGTTTGCGT-1",2
"CTCGTCACAACGATCT-1",1
"CTCGTCACACATCCGG-1",0
"CTCGTCACAGTCGTGC-1",2
"CTCGTCAGTCTCATCC-1",0
"CTCGTCAGTCTCCATC-1",0
"CTCGTCAGTGAGCGAT-1",0
"CTCGTCAGTTGACGTT-1",2
"CTCGTCAGTTGGGACA-1",1
"CTCGTCATCACTTATC-1",3
"CTCGTCATCGACCAGC-1",1
"CTCGTCATCTGCTGTC-1",0
"CTCTAATCACCAGGTC-1",1
"CTCTAATCACGGTGTC-1",3
"CTCTAATCAGGAATCG-1",1
"CTCTAATGTCCAAGTT-1",3
"CTCTACGAGCTAAACA-1",1
"CTCTACGAGCTAGTGG-1",1
"CTCTACGAGTACGCCC-1",0
"CTCTACGAGTAGGCCA-1",0
"CTCTACGCAATAACGA-1",2
"CTCTACGCAGACGCTC-1",1
"CTCTACGCATGACATC-1",1
"CTCTACGTCATGTCTT-1",2
"CTCTACGTCCCTAATT-1",1
"CTCTACGTCGGCATCG-1",1
"CTCTACGTCGGTCTAA-1",2
"CTCTGGTAGCAGCGTA-1",0
"CTCTGGTAGCGTTCCG-1",3
"CTCTGGTAGGCATGGT-1",1
"CTCTGGTAGTGCCAGA-1",1
"CTCTGGTCACAAGCCC-1",1
"CTCTGGTCAGCCTTTC-1",1
"CTCTGGTTCATCTGTT-1",1
"CTCTGGTTCTTGTACT-1",2
"CTGAAACAGATCCCGC-1",1
"CTGAAACAGGTGCTAG-1",1
"CTGAAACAGTCCGTAT-1",1
"CTGAAACAGTGTCTCA-1",0
"CTGAAACGTCATCGGC-1",5
"CTGAAACGTTAAAGAC-1",2
"CTGAAACTCATACGGT-1",1
"CTGAAGTAGTGCGTGA-1",0
"CTGAAGTCAGCTGTAT-1",26
"CTGAAGTGTTAAAGTG-1",2
"CTGAAGTTCAAGCCTA-1",1
"CTGAAGTTCGGATGTT-1",1
"CTGATAGAGGGAGTAA-1",0
"CTGATAGAGTGCAAGC-1",1
"CTGATAGCAGCCTTTC-1",1
"CTGATAGCATCCCATC-1",2
"CTGATAGCATCTCCCA-1",2
"CTGATAGGTCAAAGCG-1",11
"CTGATAGGTCGCTTTC-1",0
"CTGATAGGTTACGACT-1",1
"CTGATAGTCGCGATCG-1",0
"CTGATAGTCTTATCTG-1",0
"CTGATCCAGGCATTGG-1",3
"CTGATCCAGGTGACCA-1",0
"CTGATCCCACAGAGGT-1",2
"CTGATCCCAGGCTGAA-1",0
"CTGATCCGTGCCTGGT-1",1
"CTGATCCGTTATCCGA-1",0
"CTGATCCGTTGTGGCC-1",0
"CTGCCTAAGGGTCTCC-1",1
"CTGCCTAAGGTGATAT-1",1
"CTGCCTAAGTACGCGA-1",1
"CTGCCTAAGTGCGTGA-1",1
"CTGCCTACATCCCACT-1",1
"CTGCCTATCAATAAGG-1",13
"CTGCGGAAGAAGGACA-1",0
"CTGCGGAAGAGCTGGT-1",3
"CTGCGGAAGATGAGAG-1",1
"CTGCGGACAGGTCGTC-1",0
"CTGCGGACATGTCTCC-1",2
"CTGCGGAGTCACTTCC-1",3
"CTGCGGAGTCGTGGCT-1",2
"CTGCGGAGTTCTGTTT-1",0
"CTGCGGAGTTGGACCC-1",1
"CTGCGGATCGCCTGTT-1",0
"CTGCGGATCTTACCGC-1",0
"CTGCTGTAGGGTGTTG-1",0
"CTGCTGTAGTACCGGA-1",0
"CTGCTGTAGTGGAGAA-1",1
"CTGCTGTCACATCTTT-1",2
"CTGCTGTGTTAAAGAC-1",1
"CTGCTGTTCTCCAACC-1",0
"CTGCTGTTCTTACCGC-1",1
"CTGGTCTAGCGTTGCC-1",1
"CTGGTCTAGGACAGCT-1",1
"CTGGTCTAGGGCTTGA-1",1
"CTGGTCTAGTCGAGTG-1",0
"CTGGTCTCAAAGGAAG-1",3
"CTGGTCTCACCAGTTA-1",0
"CTGGTCTGTACCTACA-1",0
"CTGGTCTGTACGCTGC-1",5
"CTGGTCTGTCCGCTGA-1",0
"CTGGTCTGTCCGTTAA-1",1
"CTGGTCTGTTCATGGT-1",5
"CTGGTCTGTTCGTGAT-1",0
"CTGGTCTTCAACGGGA-1",2
"CTGGTCTTCACTTACT-1",3
"CTGGTCTTCTTACCTA-1",1
"CTGTGCTGTATATCCG-1",0
"CTGTGCTGTCATCCCT-1",2
"CTGTGCTGTCCCTACT-1",1
"CTGTGCTGTCGGCACT-1",1
"CTGTGCTTCCATTCTA-1",3
"CTGTGCTTCCGTACAA-1",1
"CTGTTTAAGAAACCGC-1",0
"CTGTTTAAGATCGATA-1",0
"CTGTTTAAGGAGTTGC-1",0
"CTGTTTAGTCAAAGCG-1",1
"CTGTTTATCAGCCTAA-1",0
"CTGTTTATCATTTGGG-1",0
"CTGTTTATCTCCAGGG-1",3
"CTGTTTATCTCTTGAT-1",0
"CTGTTTATCTTCTGGC-1",0
"CTTAACTAGCCAGTAG-1",1
"CTTAACTAGGCTCTTA-1",2
"CTTAACTAGGTGCACA-1",0
"CTTAACTAGTCTCGGC-1",0
"CTTACCGAGCGCTTAT-1",16
"CTTACCGAGGCTACGA-1",0
"CTTACCGCAGATCTGT-1",0
"CTTACCGCAGTCAGAG-1",1
"CTTACCGGTCCTGCTT-1",0
"CTTACCGGTCGCCATG-1",1
"CTTACCGGTCTACCTC-1",3
"CTTACCGTCGGACAAG-1",0
"CTTAGGAAGCCCAACC-1",1
"CTTAGGACACGACGAA-1",0
"CTTAGGAGTTATGTGC-1",2
"CTTAGGATCCCATTTA-1",5
"CTTAGGATCTTTACAC-1",0
"CTTCTCTAGAACTCGG-1",1
"CTTCTCTAGAGTGAGA-1",1
"CTTCTCTAGCAGGCTA-1",1
"CTTCTCTAGTTAACGA-1",2
"CTTCTCTCAAAGGTGC-1",0
"CTTCTCTGTAACGACG-1",5
"CTTCTCTGTGCATCTA-1",1
"CTTCTCTTCGAGCCCA-1",2
"CTTGGCTAGCGATATA-1",0
"CTTGGCTAGTACGTTC-1",1
"CTTGGCTCATTACCTT-1",7
"CTTGGCTGTCTCCATC-1",0
"CTTGGCTTCCCTAATT-1",1
"CTTGGCTTCGCGTAGC-1",0
"CTTGGCTTCTCGTTTA-1",2
"CTTTGCGAGCAAATCA-1",2
"CTTTGCGAGCGTTCCG-1",2
"CTTTGCGAGTATCTCG-1",0
"CTTTGCGCAATTCCTT-1",3
"CTTTGCGCACTTAAGC-1",1
"CTTTGCGCAGACGCAA-1",1
"CTTTGCGGTAGAGGAA-1",1
"CTTTGCGTCCAGGGCT-1",0
"GAAACTCAGAGACGAA-1",3
"GAAACTCAGAGGTTAT-1",2
"GAAACTCAGCAGCCTC-1",3
"GAAACTCAGCCCAGCT-1",0
"GAAACTCAGCTAAACA-1",0
"GAAACTCAGTGCTGCC-1",2
"GAAACTCCAAGCCCAC-1",0
"GAAACTCCACATGACT-1",1
"GAAACTCCAGACACTT-1",1
"GAAACTCCATGGATGG-1",1
"GAAACTCGTACTCGCG-1",1
"GAAACTCGTAGCGATG-1",3
"GAAACTCGTGTGAAAT-1",1
"GAAACTCGTTTGTGTG-1",0
"GAAATGAAGACTAGGC-1",0
"GAAATGAAGCCAGTTT-1",0
"GAAATGAAGCTAGTCT-1",0
"GAAATGAAGTACGTAA-1",2
"GAAATGATCATGCTCC-1",2
"GAAATGATCCTCGCAT-1",0
"GAACATCAGATGGCGT-1",2
"GAACATCCAACAACCT-1",0
"GAACATCCACATCTTT-1",2
"GAACATCCACCTATCC-1",3
"GAACATCCACGGACAA-1",4
"GAACATCCATGCTAGT-1",0
"GAACATCGTACGACCC-1",2
"GAACATCGTGGACGAT-1",2
"GAACATCGTTCCCGAG-1",0
"GAACATCTCCAAGTAC-1",1
"GAACATCTCGATCCCT-1",0
"GAACATCTCTCCAACC-1",1
"GAACCTAAGAACTGTA-1",0
"GAACCTAAGAGCAATT-1",4
"GAACCTAAGCCAGTAG-1",0
"GAACCTACAAGGACAC-1",0
"GAACCTACAGACACTT-1",2
"GAACCTAGTACCAGTT-1",2
"GAACCTAGTGTCAATC-1",2
"GAACCTATCACGATGT-1",1
"GAACGGAAGACGCAAC-1",3
"GAACGGAAGTAATCCC-1",1
"GAACGGAAGTCAATAG-1",1
"GAACGGAAGTGGACGT-1",1
"GAACGGACACAGCGTC-1",0
"GAACGGACACCTCGTT-1",0
"GAACGGACACTTAACG-1",0
"GAACGGAGTAGCGTAG-1",0
"GAACGGAGTCAGAGGT-1",0
"GAACGGAGTGGCGAAT-1",4
"GAACGGATCACTCCTG-1",0
"GAACGGATCCACGAAT-1",0
"GAACGGATCGTAGGAG-1",3
"GAACGGATCTGTCAAG-1",1
"GAAGCAGAGACTAAGT-1",3
"GAAGCAGAGAGACGAA-1",1
"GAAGCAGAGCCACGCT-1",2
"GAAGCAGAGTTCGCGC-1",1
"GAAGCAGCAATCCGAT-1",4
"GAAGCAGCACTCGACG-1",0
"GAAGCAGCAGATCTGT-1",0
"GAAGCAGCAGATGAGC-1",1
"GAAGCAGCATGAACCT-1",0
"GAAGCAGCATGGAATA-1",0
"GAAGCAGGTAACGCGA-1",1
"GAAGCAGGTCATACTG-1",0
"GAAGCAGTCCTAGTGA-1",0
"GAAGCAGTCTTATCTG-1",14
"GAATAAGCAAGGTGTG-1",7
"GAATAAGCAGACAAGC-1",1
"GAATAAGCATGCAACT-1",0
"GAATAAGGTCCGTTAA-1",0
"GAATAAGGTGAGTGAC-1",1
"GAATAAGGTTCCCTTG-1",0
"GAATAAGTCGTTTAGG-1",1
"GAATGAAAGAGTCTGG-1",1
"GAATGAAAGCTTATCG-1",0
"GAATGAAAGGCATGTG-1",2
"GAATGAACAAACGCGA-1",3
"GAATGAACAGTGAGTG-1",2
"GAATGAACATCATCCC-1",0
"GAATGAAGTCAACATC-1",1
"GAATGAAGTCTCACCT-1",1
"GAATGAAGTGGCAAAC-1",1
"GAATGAAGTTGCGTTA-1",0
"GAATGAATCAGTTAGC-1",0
"GAATGAATCCTGCCAT-1",5
"GACACGCAGACGCACA-1",2
"GACACGCAGAGTAATC-1",0
"GACACGCAGCCAACAG-1",0
"GACACGCAGGAGTTTA-1",15
"GACACGCAGGGCATGT-1",1
"GACACGCAGGTGCACA-1",2
"GACACGCAGTCCAGGA-1",3
"GACACGCAGTGGGATC-1",3
"GACACGCAGTGGGTTG-1",2
"GACACGCCAAGCGTAG-1",9
"GACACGCCAAGGACAC-1",3
"GACACGCCAGACGCTC-1",1
"GACACGCCATCCTTGC-1",5
"GACACGCGTTCACGGC-1",0
"GACACGCTCATGTAGC-1",2
"GACAGAGAGTACGATA-1",1
"GACAGAGCAACGATCT-1",1
"GACAGAGCAAGTCTAC-1",0
"GACAGAGCAGCTCCGA-1",0
"GACAGAGCAGCTGGCT-1",2
"GACAGAGGTAGAAAGG-1",4
"GACAGAGTCAAACAAG-1",2
"GACAGAGTCAGAGACG-1",1
"GACAGAGTCCTTCAAT-1",0
"GACAGAGTCCTTGCCA-1",0
"GACAGAGTCTTCATGT-1",0
"GACCAATAGAAGGGTA-1",0
"GACCAATAGCTACCGC-1",2
"GACCAATAGCTACCTA-1",1
"GACCAATCAGGTGCCT-1",0
"GACCAATCATGCGCAC-1",1
"GACCAATGTACAGTTC-1",0
"GACCAATGTCGCTTCT-1",1
"GACCAATTCCGATATG-1",1
"GACCAATTCGAATGGG-1",1
"GACCAATTCGTCACGG-1",0
"GACCTGGCATCACAAC-1",2
"GACCTGGCATGTCTCC-1",2
"GACCTGGCATTGGCGC-1",2
"GACCTGGGTAAAGGAG-1",3
"GACCTGGGTCCAGTTA-1",1
"GACCTGGGTGCAGTAG-1",1
"GACCTGGTCATAGCAC-1",0
"GACCTGGTCCTTGCCA-1",21
"GACCTGGTCGCATGAT-1",1
"GACCTGGTCGTCACGG-1",0
"GACGCGTAGTGGTAAT-1",10
"GACGCGTAGTTGTAGA-1",0
"GACGCGTGTAAAGGAG-1",3
"GACGCGTGTGTGAAAT-1",3
"GACGCGTGTTAAGACA-1",0
"GACGCGTTCAAACCGT-1",1
"GACGCGTTCCAAATGC-1",1
"GACGCGTTCCGCGGTA-1",1
"GACGCGTTCCTACAGA-1",0
"GACGCGTTCGACGGAA-1",0
"GACGCGTTCTCCGGTT-1",0
"GACGGCTAGAAGATTC-1",1
"GACGGCTAGAGCTGGT-1",1
"GACGGCTCAAGGTTTC-1",3
"GACGGCTCACCGCTAG-1",2
"GACGGCTCATGAACCT-1",1
"GACGGCTCATGCAACT-1",23
"GACGGCTGTGTGTGCC-1",1
"GACGGCTGTTATGTGC-1",2
"GACGGCTGTTTGGCGC-1",2
"GACGGCTTCTATCGCC-1",2
"GACGTGCAGGCAAAGA-1",0
"GACGTGCAGGGTGTGT-1",1
"GACGTGCAGGTGTTAA-1",0
"GACGTGCCAGGTCGTC-1",1
"GACGTGCGTAACGTTC-1",1
"GACGTGCTCACCTCGT-1",1
"GACGTTAAGCTACCGC-1",4
"GACGTTAAGGCAAAGA-1",1
"GACGTTAAGTCAAGCG-1",1
"GACGTTACAAGCCATT-1",1
"GACGTTACAAGGTTTC-1",0
"GACGTTACAGACACTT-1",0
"GACGTTAGTATCTGCA-1",1
"GACGTTAGTTTGACAC-1",0
"GACGTTAGTTTGACTG-1",0
"GACGTTATCACAGGCC-1",3
"GACGTTATCATTGCGA-1",0
"GACGTTATCCCGGATG-1",0
"GACGTTATCCGAAGAG-1",0
"GACGTTATCGCGTTTC-1",1
"GACGTTATCTGTCCGT-1",1
"GACTAACAGACAGAGA-1",2
"GACTAACAGTGGAGAA-1",2
"GACTAACCAAATCCGT-1",0
"GACTAACGTCTAGTCA-1",7
"GACTAACGTGCAACTT-1",1
"GACTAACGTTCAGACT-1",15
"GACTAACTCCGCGCAA-1",0
"GACTAACTCCTTTCTC-1",1
"GACTAACTCTTGCCGT-1",2
"GACTAACTCTTTACAC-1",11
"GACTACAAGATATGGT-1",0
"GACTACACAAATCCGT-1",3
"GACTACAGTGCTGTAT-1",0
"GACTACATCAGCCTAA-1",0
"GACTACATCAGGTAAA-1",1
"GACTACATCTGCAGTA-1",0
"GACTGCGAGCGTAGTG-1",2
"GACTGCGAGTTGTAGA-1",1
"GACTGCGCACTTAACG-1",2
"GACTGCGCATGTTCCC-1",1
"GACTGCGGTACGCACC-1",1
"GACTGCGGTTCTCATT-1",2
"GACTGCGTCAACACAC-1",2
"GACTGCGTCACGACTA-1",0
"GACTGCGTCGCCCTTA-1",0
"GACTGCGTCTCAAACG-1",1
"GAGCAGAGTAGGGTAC-1",0
"GAGCAGAGTCAGATAA-1",2
"GAGCAGAGTCATATGC-1",0
"GAGCAGAGTGAGCGAT-1",0
"GAGCAGAGTGTAACGG-1",0
"GAGCAGAGTGTGACCC-1",1
"GAGCAGAGTTCGGGCT-1",3
"GAGCAGAGTTTAAGCC-1",0
"GAGCAGAGTTTGCATG-1",1
"GAGGTGAAGCAACGGT-1",0
"GAGGTGAAGGCTCTTA-1",0
"GAGGTGAAGTGGTAGC-1",0
"GAGGTGAAGTTGTAGA-1",0
"GAGGTGACACTGTCGG-1",1
"GAGGTGACATCCTTGC-1",0
"GAGGTGACATGCATGT-1",0
"GAGGTGAGTACCTACA-1",1
"GAGGTGAGTCATTAGC-1",1
"GAGGTGAGTTCCTCCA-1",0
"GAGGTGATCATCGCTC-1",0
"GAGGTGATCTAGAGTC-1",0
"GAGGTGATCTCTAGGA-1",5
"GAGGTGATCTGCTGTC-1",1
"GAGGTGATCTGGGCCA-1",0
"GAGTCCGAGGACAGAA-1",1
"GAGTCCGAGGCATGTG-1",0
"GAGTCCGAGGCGTACA-1",1
"GAGTCCGCAAACCCAT-1",1
"GAGTCCGGTCAAGCGA-1",0
"GAGTCCGGTGACCAAG-1",0
"GAGTCCGGTGACTCAT-1",3
"GAGTCCGGTGTGACCC-1",2
"GAGTCCGGTTCGGGCT-1",1
"GAGTCCGGTTTGCATG-1",1
"GAGTCCGTCGGCGCAT-1",2
"GAGTCCGTCTGATTCT-1",2
"GATCAGTAGATGTCGG-1",0
"GATCAGTAGTGGTAGC-1",0
"GATCAGTGTATATGAG-1",3
"GATCAGTGTCTGCGGT-1",2
"GATCAGTGTTATGCGT-1",22
"GATCAGTGTTGTACAC-1",1
"GATCAGTTCCCGACTT-1",0
"GATCGATAGAATGTTG-1",1
"GATCGATAGAGCTGCA-1",1
"GATCGATAGCATGGCA-1",0
"GATCGATCAAGCGAGT-1",1
"GATCGATCAAGCGTAG-1",1
"GATCGATGTCAACATC-1",1
"GATCGATGTTGCCTCT-1",0
"GATCGATTCCGCATCT-1",3
"GATCGCGAGATAGTCA-1",19
"GATCGCGAGCCTTGAT-1",4
"GATCGCGAGGAGCGTT-1",0
"GATCGCGCAGGTCGTC-1",0
"GATCGCGGTACAGCAG-1",0
"GATCGCGGTGAGTATA-1",1
"GATCGCGGTTGTCGCG-1",0
"GATCGCGTCACTCCTG-1",1
"GATCGTAAGACATAAC-1",23
"GATCGTAAGCTCAACT-1",1
"GATCGTACATAACCTG-1",0
"GATCGTAGTGGCTCCA-1",1
"GATCGTATCATATCGG-1",2
"GATCGTATCATGTCCC-1",1
"GATCGTATCTTACCGC-1",0
"GATCTAGAGCGTCTAT-1",2
"GATCTAGAGTGGAGAA-1",0
"GATCTAGCAACACCTA-1",2
"GATCTAGCAAGGGTCA-1",3
"GATCTAGGTCTAAAGA-1",0
"GATCTAGGTCTCACCT-1",0
"GATCTAGGTCTCTTTA-1",0
"GATCTAGTCACATAGC-1",3
"GATCTAGTCTAAGCCA-1",0
"GATGAAAAGAGTAATC-1",1
"GATGAAAAGCTCCCAG-1",0
"GATGAAACACGGTAGA-1",0
"GATGAAACAGCTGTAT-1",0
"GATGAAAGTGGGTATG-1",12
"GATGAAATCACCCTCA-1",2
"GATGAAATCACTCCTG-1",1
"GATGAAATCAGCAACT-1",0
"GATGAAATCGAGAGCA-1",0
"GATGAGGAGATCCCGC-1",0
"GATGAGGAGTTCGATC-1",0
"GATGAGGCACCAGTTA-1",1
"GATGAGGGTATCACCA-1",0
"GATGAGGGTATTCGTG-1",2
"GATGAGGGTCGCGTGT-1",0
"GATGAGGGTGATGATA-1",0
"GATGAGGTCACAGGCC-1",1
"GATGAGGTCACATAGC-1",1
"GATGAGGTCCCTTGTG-1",2
"GATGAGGTCTGCTGTC-1",1
"GATGCTAAGACTAAGT-1",1
"GATGCTAAGGATGCGT-1",0
"GATGCTAAGGCTCTTA-1",2
"GATGCTAAGGGAACGG-1",1
"GATGCTAAGTATCTCG-1",0
"GATGCTAAGTCTCGGC-1",4
"GATGCTACATGTTGAC-1",0
"GATGCTACATTGCGGC-1",3
"GATGCTAGTCTCCATC-1",0
"GATGCTAGTGGAAAGA-1",0
"GATGCTAGTTAGGGTG-1",0
"GATGCTATCCTGTACC-1",1
"GATGCTATCGGCGCTA-1",1
"GATTCAGAGAAACCTA-1",2
"GATTCAGAGAGTGACC-1",1
"GATTCAGAGATTACCC-1",0
"GATTCAGAGGGTCGAT-1",0
"GATTCAGAGGTCGGAT-1",1
"GATTCAGAGTCAATAG-1",1
"GATTCAGCAAGTTGTC-1",16
"GATTCAGCAATTCCTT-1",4
"GATTCAGCAGGGTACA-1",1
"GATTCAGCATCGACGC-1",1
"GATTCAGCATTATCTC-1",3
"GATTCAGGTAAATACG-1",0
"GATTCAGTCAACTCTT-1",1
"GCAAACTAGATGTTAG-1",1
"GCAAACTAGTCATGCT-1",0
"GCAAACTAGTCTCAAC-1",0
"GCAAACTCACAGGTTT-1",1
"GCAAACTGTCAGATAA-1",0
"GCAAACTGTCTCCATC-1",3
"GCAAACTTCGTGGTCG-1",5
"GCAATCAAGGGATCTG-1",0
"GCAATCAAGTATCTCG-1",2
"GCAATCAAGTGGGTTG-1",3
"GCAATCACAGCTTAAC-1",0
"GCAATCACATGTCGAT-1",4
"GCAATCACATTCCTCG-1",0
"GCAATCAGTAGGAGTC-1",1
"GCAATCAGTATAATGG-1",0
"GCAATCAGTTCTCATT-1",0
"GCAATCAGTTCTGGTA-1",0
"GCACATAAGAGCTATA-1",14
"GCACATAAGATGTTAG-1",1
"GCACATAAGCCTTGAT-1",0
"GCACATAAGGAGTACC-1",1
"GCACATAAGTGAAGTT-1",0
"GCACATACACCACGTG-1",0
"GCACATACAGCTGTAT-1",0
"GCACATACAGGAACGT-1",0
"GCACATAGTCATCGGC-1",10
"GCACATAGTCCGAATT-1",1
"GCACATAGTCTCTTTA-1",2
"GCACATAGTGCGCTTG-1",0
"GCACATATCACCTCGT-1",1
"GCACATATCTGGTTCC-1",1
"GCACTCTCAAGACACG-1",2
"GCACTCTCAATCACAC-1",13
"GCACTCTCATTTCAGG-1",2
"GCACTCTGTAAACCTC-1",0
"GCACTCTGTACCAGTT-1",3
"GCACTCTGTAGAAAGG-1",0
"GCACTCTGTCGAACAG-1",1
"GCACTCTGTCTAGGTT-1",1
"GCACTCTTCAACTCTT-1",1
"GCACTCTTCCCTAATT-1",12
"GCACTCTTCTGCCCTA-1",1
"GCAGCCAAGCTGATAA-1",1
"GCAGCCACATGAGCGA-1",0
"GCAGCCAGTAATCGTC-1",0
"GCAGCCAGTGTCGCTG-1",3
"GCAGCCATCAGTTGAC-1",1
"GCAGCCATCCCAACGG-1",1
"GCAGCCATCCGTACAA-1",0
"GCAGTTAAGTCCATAC-1",0
"GCAGTTAAGTCCGTAT-1",1
"GCAGTTAAGTTAACGA-1",13
"GCAGTTAGTGGACGAT-1",1
"GCAGTTAGTTATTCTC-1",5
"GCAGTTATCGCGATCG-1",1
"GCATACAAGATCTGCT-1",1
"GCATACAAGCAACGGT-1",2
"GCATACACAACGCACC-1",1
"GCATACACAAGGACTG-1",0
"GCATACACAAGTCTGT-1",0
"GCATACACAGTCAGCC-1",1
"GCATACACATCCTAGA-1",1
"GCATACACATCGGAAG-1",0
"GCATACAGTCCGAACC-1",1
"GCATACAGTTCTGGTA-1",1
"GCATACATCCACGACG-1",0
"GCATGATAGAATGTTG-1",2
"GCATGATAGAGTAATC-1",3
"GCATGATAGCTGATAA-1",0
"GCATGATAGGACCACA-1",0
"GCATGATAGGCTAGCA-1",0
"GCATGATAGTCAAGCG-1",1
"GCATGATAGTGGAGAA-1",11
"GCATGATCACACCGAC-1",0
"GCATGATCACATTTCT-1",0
"GCATGATGTCCCTACT-1",0
"GCATGATGTTGCGCAC-1",16
"GCATGATTCGTGGACC-1",2
"GCATGCGAGCATGGCA-1",3
"GCATGCGAGTCCAGGA-1",0
"GCATGCGCACTGCCAG-1",0
"GCATGCGGTAAGGATT-1",1
"GCATGCGGTCCTCTTG-1",1
"GCATGCGGTGTGAAAT-1",0
"GCATGCGTCCGCGGTA-1",0
"GCATGTAAGAACTGTA-1",0
"GCATGTAAGACAGACC-1",2
"GCATGTAAGTACTTGC-1",5
"GCATGTAAGTGCAAGC-1",0
"GCATGTACAACACGCC-1",1
"GCATGTATCACGAAGG-1",0
"GCCAAATCAAACTGTC-1",3
"GCCAAATCAAGGGTCA-1",0
"GCCAAATCAAGTTCTG-1",0
"GCCAAATCAGCCACCA-1",1
"GCCAAATCATAACCTG-1",2
"GCCAAATGTATAAACG-1",3
"GCCAAATGTGTTTGGT-1",21
"GCCAAATGTTTCGCTC-1",0
"GCCAAATTCAGGTAAA-1",0
"GCCAAATTCCGAGCCA-1",1
"GCCAAATTCCGCGGTA-1",0
"GCCAAATTCGGCTACG-1",0
"GCCTCTAAGAGTACCG-1",0
"GCCTCTAAGCCATCGC-1",0
"GCCTCTAAGCCGCCTA-1",2
"GCCTCTAAGCGATAGC-1",0
"GCCTCTAAGCTGCAAG-1",2
"GCCTCTAAGCTTCGCG-1",6
"GCCTCTAAGTCACGCC-1",0
"GCCTCTACAAGACGTG-1",0
"GCCTCTACAGCTATTG-1",2
"GCCTCTAGTAAGGATT-1",1
"GCCTCTAGTGATGATA-1",1
"GCCTCTAGTTAAGGGC-1",0
"GCCTCTATCAGCGACC-1",0
"GCCTCTATCCGATATG-1",0
"GCCTCTATCGAATCCA-1",0
"GCCTCTATCGAGCCCA-1",1
"GCCTCTATCGCTGATA-1",0
"GCCTCTATCTTTAGGG-1",0
"GCGACCAAGAGGTTAT-1",0
"GCGACCACACTTACGA-1",0
"GCGACCAGTCAGGACA-1",0
"GCGACCAGTCTAGAGG-1",4
"GCGACCATCAACGGGA-1",1
"GCGACCATCCCGGATG-1",1
"GCGACCATCTACTCAT-1",1
"GCGAGAAAGGTTCCTA-1",3
"GCGAGAAAGTACGATA-1",0
"GCGAGAAAGTGTCTCA-1",1
"GCGAGAACAAGCCCAC-1",0
"GCGAGAACACTGAAGG-1",3
"GCGAGAAGTAGCGCTC-1",0
"GCGAGAAGTCCCTACT-1",1
"GCGAGAATCCTTTCGG-1",1
"GCGAGAATCGAGAGCA-1",4
"GCGAGAATCGCACTCT-1",2
"GCGCAACAGTCCTCCT-1",0
"GCGCAACAGTGTACGG-1",2
"GCGCAACCAAGTCTGT-1",2
"GCGCAACCAGCCACCA-1",1
"GCGCAACGTAGCGCTC-1",0
"GCGCAACGTCCCTTGT-1",0
"GCGCAACGTCCTAGCG-1",0
"GCGCAACGTCGACTAT-1",0
"GCGCAACGTCTAGAGG-1",1
"GCGCAACGTGCACGAA-1",1
"GCGCAACTCAATACCG-1",2
"GCGCAGTCACATCCAA-1",2
"GCGCAGTCATTACCTT-1",0
"GCGCAGTGTTAGGGTG-1",0
"GCGCAGTTCGATCCCT-1",0
"GCGCAGTTCGCGGATC-1",0
"GCGCCAAAGACATAAC-1",0
"GCGCCAAAGGACAGCT-1",1
"GCGCCAAAGGCCCTTG-1",0
"GCGCCAAAGGGCTTCC-1",1
"GCGCCAAAGGTACTCT-1",1
"GCGCCAACATAACCTG-1",1
"GCGCCAACATTGGGCC-1",2
"GCGCCAAGTACTTGAC-1",0
"GCGCCAAGTCGGCACT-1",0
"GCGCCAAGTGAAAGAG-1",0
"GCGCCAAGTTGTACAC-1",0
"GCGCCAATCCGTTGCT-1",1
"GCGCGATAGAAGGTTT-1",0
"GCGCGATAGCAGGTCA-1",0
"GCGCGATAGTGAATTG-1",1
"GCGCGATAGTTTGCGT-1",26
"GCGCGATCAGCTCGAC-1",1
"GCGCGATGTAAGTAGT-1",0
"GCGCGATGTATCACCA-1",1
"GCGCGATGTCACTTCC-1",0
"GCGCGATGTTACCAGT-1",1
"GCGCGATTCAGTTAGC-1",0
"GCGCGATTCGTTTAGG-1",1
"GCGGGTTAGAAACGAG-1",0
"GCGGGTTAGCTATGCT-1",1
"GCGGGTTAGTGTGAAT-1",3
"GCGGGTTCACGCGAAA-1",1
"GCGGGTTCAGGCAGTA-1",1
"GCGGGTTCAGTAACGG-1",0
"GCGGGTTGTGAGTATA-1",2
"GCGGGTTGTGGCGAAT-1",0
"GCGGGTTTCCAAAGTC-1",2
"GCGGGTTTCCTTTCTC-1",3
"GCGGGTTTCTCCAACC-1",1
"GCGGGTTTCTTGAGGT-1",4
"GCGGGTTTCTTGTATC-1",2
"GCTCCTACAAACTGTC-1",3
"GCTCCTACACCAGGTC-1",0
"GCTCCTACACCGATAT-1",0
"GCTCCTACAGGGTACA-1",0
"GCTCCTACATTAGCCA-1",4
"GCTCCTAGTCAGGACA-1",0
"GCTCCTAGTCCGTCAG-1",0
"GCTCCTATCAGCCTAA-1",0
"GCTCCTATCCCTAATT-1",4
"GCTCTGTAGAGGTAGA-1",0
"GCTCTGTAGCTGAACG-1",1
"GCTCTGTAGGAGTCTG-1",1
"GCTCTGTAGTGCTGCC-1",0
"GCTCTGTAGTGGACGT-1",0
"GCTCTGTTCACCTCGT-1",5
"GCTGCAGAGCGTGAGT-1",1
"GCTGCAGAGTCAAGCG-1",1
"GCTGCAGAGTCCCACG-1",1
"GCTGCAGCAATTGCTG-1",2
"GCTGCAGCATGCCCGA-1",0
"GCTGCAGCATGCCTAA-1",1
"GCTGCAGGTAAACCTC-1",0
"GCTGCAGGTACGAAAT-1",1
"GCTGCAGGTAGCGCAA-1",0
"GCTGCAGGTCACCCAG-1",2
"GCTGCAGGTCATGCCG-1",4
"GCTGCGAAGGAATGGA-1",2
"GCTGCGAGTCTAACGT-1",1
"GCTGCGAGTGTTTGGT-1",2
"GCTGCGATCTCCTATA-1",0
"GCTGCGATCTTGTTTG-1",0
"GCTGCTTAGAATTGTG-1",3
"GCTGCTTAGGCAATTA-1",1
"GCTGCTTCATCACGTA-1",1
"GCTGCTTCATCCAACA-1",0
"GCTGCTTCATGCCTAA-1",0
"GCTGCTTCATGGTCAT-1",0
"GCTGCTTGTAACGACG-1",0
"GCTGCTTGTAATCGTC-1",0
"GCTGCTTGTAGGGACT-1",0
"GCTGCTTGTGAAAGAG-1",0
"GCTGCTTTCCGGGTGT-1",2
"GCTGGGTAGACCCACC-1",0
"GCTGGGTAGCCACGCT-1",1
"GCTGGGTAGTCGCCGT-1",1
"GCTGGGTAGTCTCAAC-1",0
"GCTGGGTCACGGCTAC-1",0
"GCTGGGTCAGCCAATT-1",0
"GCTGGGTGTACAGTTC-1",0
"GCTGGGTGTACCGTTA-1",2
"GCTGGGTGTCGAGTTT-1",2
"GCTGGGTGTCTCCACT-1",1
"GCTGGGTGTGCCTGTG-1",1
"GCTGGGTTCAGCTTAG-1",0
"GCTGGGTTCCTTAATC-1",0
"GCTTCCAAGAAACCTA-1",0
"GCTTCCACACCACCAG-1",0
"GCTTCCACAGGTCGTC-1",0
"GCTTCCACAGTGAGTG-1",2
"GCTTCCAGTATAGGTA-1",0
"GCTTCCAGTTCAGCGC-1",2
"GCTTCCATCGTCCAGG-1",2
"GCTTGAAAGATGGCGT-1",0
"GCTTGAAAGCCGTCGT-1",1
"GCTTGAACAAACCTAC-1",0
"GCTTGAACACGGTGTC-1",0
"GCTTGAACATCGGAAG-1",0
"GCTTGAAGTGCGGTAA-1",7
"GCTTGAAGTTCTCATT-1",1
"GCTTGAATCAGGATCT-1",1
"GGAAAGCAGGCAGGTT-1",1
"GGAAAGCCAAACGCGA-1",1
"GGAAAGCCAAGTACCT-1",0
"GGAAAGCGTAAGCACG-1",1
"GGAAAGCGTCCTCCAT-1",0
"GGAAAGCGTCGCGTGT-1",0
"GGAAAGCGTGCTTCTC-1",1
"GGAAAGCTCCAGAGGA-1",1
"GGAACTTAGAGTAAGG-1",0
"GGAACTTCAATGTAAG-1",0
"GGAACTTCACAGGAGT-1",0
"GGAACTTCACCTCGTT-1",1
"GGAACTTGTCTCTTTA-1",3
"GGAACTTTCATTGCCC-1",1
"GGAACTTTCATTTGGG-1",4
"GGAACTTTCCGTCATC-1",0
"GGAACTTTCCTCAACC-1",2
"GGAACTTTCGGATGTT-1",0
"GGAATAAAGGTACTCT-1",3
"GGAATAAAGTGTCCAT-1",0
"GGAATAACAGCGTCCA-1",2
"GGAATAAGTCTGGTCG-1",2
"GGAATAAGTGCAGGTA-1",0
"GGAATAATCAGCACAT-1",2
"GGAATAATCTTTACGT-1",0
"GGACAAGAGGTACTCT-1",0
"GGACAAGCAACGATGG-1",0
"GGACAAGCAGTCGTGC-1",0
"GGACAAGCATGGGACA-1",1
"GGACAAGGTATAAACG-1",1
"GGACAAGGTATGAAAC-1",0
"GGACAAGGTCGGCATC-1",0
"GGACAAGGTTATGCGT-1",0
"GGACAAGTCTAACGGT-1",1
"GGACAGAAGCTAGTCT-1",1
"GGACAGAAGTACTTGC-1",0
"GGACAGACAACACGCC-1",0
"GGACAGACACAAGCCC-1",2
"GGACAGAGTAAGTGGC-1",1
"GGACAGAGTCTTTCAT-1",0
"GGACAGAGTGAGGGAG-1",0
"GGACAGAGTTCCACAA-1",1
"GGACAGATCAACGCTA-1",0
"GGACATTAGAGGGCTT-1",1
"GGACATTAGCCACGTC-1",1
"GGACATTCAAACGCGA-1",0
"GGACATTCAATGACCT-1",0
"GGACATTCACCAGCAC-1",0
"GGACATTGTTCTGGTA-1",0
"GGACATTTCCTCTAGC-1",0
"GGACGTCAGTACTTGC-1",2
"GGACGTCAGTGGTAAT-1",1
"GGACGTCCACAGTCGC-1",4
"GGACGTCGTGAGGGAG-1",0
"GGACGTCGTGGCGAAT-1",9
"GGACGTCGTTACGGAG-1",1
"GGACGTCGTTTAAGCC-1",2
"GGACGTCTCCACTCCA-1",1
"GGACGTCTCGCAAACT-1",1
"GGACGTCTCTCCAGGG-1",1
"GGACGTCTCTCGAGTA-1",0
"GGACGTCTCTGGTGTA-1",6
"GGACGTCTCTTCGAGA-1",1
"GGAGCAAAGAACTCGG-1",0
"GGAGCAAAGACTGTAA-1",1
"GGAGCAAAGCCGCCTA-1",0
"GGAGCAAAGCTAAACA-1",0
"GGAGCAAAGTACGCCC-1",2
"GGAGCAACAAGCTGTT-1",2
"GGAGCAACAATGGACG-1",0
"GGAGCAACAATTCCTT-1",1
"GGAGCAACATGCTGGC-1",1
"GGAGCAAGTGAGTATA-1",2
"GGAGCAAGTTACTGAC-1",1
"GGAGCAATCAAGATCC-1",0
"GGAGCAATCCCATTTA-1",1
"GGATGTTCAAACTGTC-1",0
"GGATGTTTCATCACCC-1",0
"GGATGTTTCATGCATG-1",1
"GGATGTTTCCTACAGA-1",1
"GGATGTTTCCTCTAGC-1",0
"GGATTACAGATCCCAT-1",0
"GGATTACAGCTTCGCG-1",0
"GGATTACAGGCTAGCA-1",1
"GGATTACAGTATCTCG-1",0
"GGATTACCAAGCGTAG-1",6
"GGATTACCACATCCGG-1",0
"GGATTACCAGCGTAAG-1",1
"GGATTACGTAATAGCA-1",2
"GGATTACGTACACCGC-1",2
"GGATTACGTCTCTTTA-1",0
"GGATTACGTTGAGGTG-1",1
"GGATTACTCGCGCCAA-1",2
"GGATTACTCGGCGCAT-1",4
"GGATTACTCTGCCCTA-1",1
"GGCAATTCAATCGGTT-1",2
"GGCAATTCACGGCGTT-1",2
"GGCAATTCATCACCCT-1",1
"GGCAATTGTCGATTGT-1",0
"GGCAATTTCACTTACT-1",3
"GGCAATTTCAGCACAT-1",0
"GGCAATTTCTCCGGTT-1",0
"GGCCGATAGTGTCTCA-1",0
"GGCCGATCACGGACAA-1",0
"GGCCGATGTAGGACAC-1",0
"GGCCGATGTCACTGGC-1",3
"GGCCGATGTCCCTACT-1",2
"GGCCGATTCACCGTAA-1",2
"GGCCGATTCCGCGCAA-1",1
"GGCGACTAGAGCTGGT-1",0
"GGCGACTAGGACCACA-1",0
"GGCGACTAGGTTACCT-1",2
"GGCGACTCAAAGCGGT-1",1
"GGCGACTCAAGAGTCG-1",0
"GGCGACTCACCAGGTC-1",3
"GGCGACTCATTGTGCA-1",0
"GGCGACTTCAGAAATG-1",0
"GGCGACTTCAGAGACG-1",1
"GGCGACTTCCAGATCA-1",2
"GGCGACTTCTCTAGGA-1",3
"GGCGTGTAGCTAGCCC-1",2
"GGCGTGTAGGGTATCG-1",1
"GGCGTGTCAGGTCCAC-1",1
"GGCGTGTCAGTATAAG-1",1
"GGCGTGTCATCGTCGG-1",2
"GGCGTGTCATGGAATA-1",0
"GGCGTGTGTCTCCCTA-1",0
"GGCGTGTTCTTGAGGT-1",1
"GGCTCGAAGCCGTCGT-1",1
"GGCTCGAAGGTAAACT-1",0
"GGCTCGACAAGAAGAG-1",3
"GGCTCGACAATAGCAA-1",1
"GGCTCGACATGGTCAT-1",4
"GGCTCGAGTATATCCG-1",0
"GGCTCGAGTTACGTCA-1",3
"GGCTCGAGTTAGGGTG-1",3
"GGCTCGATCTGCAAGT-1",0
"GGCTGGTAGAAGAAGC-1",0
"GGCTGGTAGACCCACC-1",0
"GGCTGGTCAAGGACAC-1",1
"GGCTGGTCACTGCCAG-1",1
"GGCTGGTCATTTCAGG-1",0
"GGCTGGTGTATTCTCT-1",1
"GGCTGGTGTCGCATCG-1",0
"GGCTGGTGTCTAGTGT-1",1
"GGCTGGTGTTATGCGT-1",0
"GGGAATGAGCGTTGCC-1",0
"GGGAATGAGTAGGTGC-1",0
"GGGAATGGTAAGGGAA-1",0
"GGGAATGTCAACGAAA-1",1
"GGGAATGTCCAGTATG-1",0
"GGGAATGTCCGGGTGT-1",4
"GGGACCTAGATGTAAC-1",0
"GGGACCTAGTCTTGCA-1",3
"GGGACCTCAATCAGAA-1",0
"GGGACCTCACTGAAGG-1",15
"GGGAGATAGTACGACG-1",11
"GGGAGATCAAAGTGCG-1",2
"GGGAGATCAAATCCGT-1",5
"GGGAGATCAAGGACTG-1",2
"GGGAGATCACGCGAAA-1",3
"GGGAGATGTAGCGCAA-1",3
"GGGAGATTCAACGGGA-1",0
"GGGAGATTCATCACCC-1",0
"GGGATGAAGTGACATA-1",1
"GGGATGACATCATCCC-1",2
"GGGATGAGTCACCCAG-1",0
"GGGATGAGTGGAAAGA-1",0
"GGGATGAGTTACGACT-1",0
"GGGATGAGTTGGTAAA-1",0
"GGGATGATCAGTTAGC-1",0
"GGGATGATCTATCCTA-1",0
"GGGATGATCTTTAGGG-1",2
"GGGCACTAGTCTCGGC-1",2
"GGGCACTCATCTCCCA-1",1
"GGGCACTTCACCTCGT-1",0
"GGGCACTTCTGAGGGA-1",8
"GGGCATCCAATGTAAG-1",0
"GGGCATCCAGTCTTCC-1",2
"GGGCATCGTGGCGAAT-1",0
"GGGCATCTCACAGTAC-1",1
"GGGCATCTCCCTTGTG-1",2
"GGGCATCTCCGGCACA-1",1
"GGGCATCTCTGTCCGT-1",1
"GGGCATCTCTTATCTG-1",1
"GGGTCTGAGAAGATTC-1",0
"GGGTCTGAGATCCCGC-1",12
"GGGTCTGAGCCAACAG-1",0
"GGGTCTGCACAGGCCT-1",3
"GGGTCTGCACCAGGTC-1",0
"GGGTCTGGTCTGGTCG-1",2
"GGGTCTGGTGATGATA-1",5
"GGGTCTGGTGTGACCC-1",0
"GGGTCTGTCAACTCTT-1",2
"GGGTCTGTCACTCCTG-1",5
"GGGTCTGTCCGTAGTA-1",4
"GGGTTGCAGACAGAGA-1",0
"GGGTTGCAGACCTTTG-1",1
"GGGTTGCAGATCGATA-1",2
"GGGTTGCAGGGTGTTG-1",16
"GGGTTGCAGGTGGGTT-1",0
"GGGTTGCCAATAACGA-1",0
"GGGTTGCCACGCCAGT-1",0
"GGGTTGCCATTAACCG-1",4
"GGGTTGCGTACATCCA-1",1
"GGGTTGCGTAGCGCAA-1",0
"GGGTTGCGTCCTCCAT-1",1
"GGGTTGCGTCGAGTTT-1",0
"GGGTTGCGTGAGTATA-1",6
"GGGTTGCGTGTGACCC-1",0
"GGGTTGCTCGTACCGG-1",3
"GGTATTGAGCACCGTC-1",1
"GGTATTGAGCTATGCT-1",3
"GGTATTGCACATCCAA-1",1
"GGTATTGCAGCTTCGG-1",0
"GGTATTGGTTCCGTCT-1",2
"GGTATTGTCAGAAATG-1",6
"GGTATTGTCCATTCTA-1",0
"GGTATTGTCGCCAGCA-1",0
"GGTGAAGAGACACGAC-1",1
"GGTGAAGAGATCCGAG-1",1
"GGTGAAGCAAGGTGTG-1",3
"GGTGAAGCACTCGACG-1",0
"GGTGAAGCAGTATGCT-1",5
"GGTGAAGGTATGAAAC-1",2
"GGTGAAGGTCAGAATA-1",0
"GGTGAAGGTGGTACAG-1",0
"GGTGAAGGTGTATGGG-1",1
"GGTGAAGGTGTCTGAT-1",3
"GGTGAAGGTGTGGTTT-1",1
"GGTGAAGGTGTGTGCC-1",2
"GGTGAAGTCACGATGT-1",1
"GGTGAAGTCACTCTTA-1",2
"GGTGAAGTCTGGCGTG-1",2
"GGTGCGTAGGTGATTA-1",1
"GGTGCGTAGTACGATA-1",2
"GGTGCGTCACTTAAGC-1",4
"GGTGCGTCAGCTGTAT-1",1
"GGTGCGTGTTCGTTGA-1",0
"GGTGCGTTCCGTACAA-1",3
"GGTGCGTTCTTGACGA-1",0
"GGTGTTAAGGGCTCTC-1",0
"GGTGTTAAGTAGCGGT-1",0
"GGTGTTAAGTGGGATC-1",1
"GGTGTTAAGTTATCGC-1",1
"GGTGTTACAAATCCGT-1",15
"GGTGTTACACGGATAG-1",1
"GGTGTTAGTAATCACC-1",1
"GGTGTTAGTAGCAAAT-1",2
"GGTGTTAGTGTATGGG-1",0
"GGTGTTAGTTGAACTC-1",0
"GGTGTTATCGGACAAG-1",13
"GGTGTTATCGGTGTTA-1",0
"GGTGTTATCTACTTAC-1",0
"GTAACGTAGGTGACCA-1",1
"GTAACGTCACAGGCCT-1",1
"GTAACGTGTACCATCA-1",2
"GTAACGTGTGAGTATA-1",0
"GTAACGTGTTACGGAG-1",1
"GTAACGTGTTAGGGTG-1",1
"GTAACGTTCGGTCCGA-1",0
"GTAACGTTCTCATTCA-1",0
"GTAACTGAGTGGGTTG-1",1
"GTAACTGCAATGGAAT-1",0
"GTAACTGCACAGGCCT-1",2
"GTAACTGCAGGATCGA-1",2
"GTAACTGCATCGGGTC-1",3
"GTAACTGGTATTACCG-1",3
"GTAACTGTCACGGTTA-1",1
"GTAACTGTCTACTATC-1",1
"GTACGTAAGGTGCTTT-1",0
"GTACGTACAGGAATGC-1",0
"GTACGTACATGGATGG-1",0
"GTACGTAGTGAGTGAC-1",2
"GTACGTAGTTGGTAAA-1",2
"GTACGTATCACCTCGT-1",4
"GTACGTATCATCGGAT-1",0
"GTACGTATCCACTGGG-1",2
"GTACTCCAGGCAGTCA-1",0
"GTACTCCCAATAGCGG-1",0
"GTACTCCCACAGGTTT-1",0
"GTACTCCTCACCTTAT-1",0
"GTACTCCTCATTGCCC-1",1
"GTACTCCTCCTTCAAT-1",1
"GTACTTTCAGTTAACC-1",0
"GTACTTTCATGTCGAT-1",0
"GTACTTTTCCGAAGAG-1",3
"GTAGGCCAGCAATCTC-1",0
"GTAGGCCCATTCGACA-1",3
"GTAGGCCGTAACGCGA-1",0
"GTAGGCCGTAAGGGCT-1",3
"GTAGGCCGTACGACCC-1",1
"GTAGGCCGTTCAGGCC-1",3
"GTAGGCCGTTGATTGC-1",0
"GTAGGCCTCAGCACAT-1",1
"GTAGTCAAGAATGTGT-1",1
"GTAGTCAAGATGCCTT-1",1
"GTAGTCAAGGACGAAA-1",0
"GTAGTCAAGTGAAGAG-1",0
"GTAGTCATCGTCACGG-1",1
"GTAGTCATCTGAAAGA-1",0
"GTATCTTAGAAACCAT-1",0
"GTATCTTAGGCTATCT-1",0
"GTATCTTAGTTGTCGT-1",2
"GTATCTTCACACCGCA-1",4
"GTATCTTCACGAAGCA-1",2
"GTATCTTGTTCGCTAA-1",0
"GTATCTTTCATGCTCC-1",0
"GTATCTTTCATGTAGC-1",5
"GTATTCTAGAAACCAT-1",0
"GTATTCTAGACAAAGG-1",0
"GTATTCTCAAAGTCAA-1",1
"GTATTCTCAACAACCT-1",1
"GTATTCTCAACTTGAC-1",0
"GTATTCTCAATAAGCA-1",2
"GTATTCTCAGGGTTAG-1",1
"GTATTCTCATACTACG-1",0
"GTATTCTCATGGTAGG-1",0
"GTATTCTGTAGTGAAT-1",0
"GTATTCTGTCTAGAGG-1",3
"GTCAAGTCATATGCTG-1",0
"GTCAAGTCATGGTTGT-1",0
"GTCAAGTGTCAGCTAT-1",0
"GTCAAGTGTTCCACTC-1",1
"GTCACAAAGCCGATTT-1",0
"GTCACAAAGTGGAGTC-1",1
"GTCACAACAGGTGGAT-1",1
"GTCACAAGTAAACGCG-1",4
"GTCACAATCAGGATCT-1",6
"GTCACAATCAGTTGAC-1",1
"GTCACAATCATGCATG-1",0
"GTCACGGAGATCACGG-1",1
"GTCACGGCATATACCG-1",2
"GTCACGGGTGAGTGAC-1",0
"GTCACGGGTGTGGCTC-1",2
"GTCACGGTCGAGAGCA-1",0
"GTCACGGTCTACCTGC-1",2
"GTCATTTAGAGACTAT-1",1
"GTCATTTCACGTGAGA-1",1
"GTCATTTGTAGAAGGA-1",0
"GTCATTTGTCAGATAA-1",2
"GTCATTTTCCAGAGGA-1",0
"GTCCTCAAGCCCAACC-1",0
"GTCCTCAAGTAGATGT-1",1
"GTCCTCAAGTGGGCTA-1",2
"GTCCTCACAATCACAC-1",1
"GTCCTCAGTGGAAAGA-1",0
"GTCCTCATCAAAGACA-1",3
"GTCCTCATCGTCCGTT-1",1
"GTCGGGTCACTGAAGG-1",2
"GTCGGGTCACTTCGAA-1",1
"GTCGGGTCATGAAGTA-1",0
"GTCGGGTGTCTCACCT-1",0
"GTCGGGTGTGTGACGA-1",3
"GTCGGGTGTGTGTGCC-1",2
"GTCGGGTGTTACGTCA-1",2
"GTCGGGTTCTGCTGTC-1",0
"GTCGGGTTCTGTGCAA-1",0
"GTCGTAAAGAGATGAG-1",1
"GTCGTAAAGCTGCAAG-1",1
"GTCGTAAAGGCGACAT-1",1
"GTCGTAACATCACGAT-1",0
"GTCGTAAGTATCACCA-1",1
"GTCGTAATCCAAGTAC-1",1
"GTCTCGTAGACCACGA-1",0
"GTCTCGTCAGGAACGT-1",0
"GTCTCGTGTGGTAACG-1",0
"GTCTCGTGTTTGGCGC-1",2
"GTCTCGTTCACCGGGT-1",2
"GTCTCGTTCAGTGCAT-1",3
"GTCTTCGAGACAAGCC-1",1
"GTCTTCGAGGAATGGA-1",2
"GTCTTCGAGTCAAGCG-1",0
"GTCTTCGCACATGGGA-1",0
"GTCTTCGCACCAGGTC-1",0
"GTCTTCGCAGACGCAA-1",0
"GTCTTCGCATAACCTG-1",0
"GTCTTCGCATCGATGT-1",2
"GTCTTCGGTCTAGTGT-1",0
"GTCTTCGTCTCGATGA-1",0
"GTGAAGGAGAGCTGGT-1",3
"GTGAAGGAGATCGGGT-1",1
"GTGAAGGAGCCAGTTT-1",3
"GTGAAGGAGTGTTGAA-1",1
"GTGAAGGCAAAGGCGT-1",3
"GTGAAGGCACTTAAGC-1",0
"GTGAAGGCAGATTGCT-1",1
"GTGAAGGGTATATGGA-1",1
"GTGAAGGGTCTCTCTG-1",10
"GTGAAGGTCTCCTATA-1",0
"GTGCAGCAGACATAAC-1",1
"GTGCAGCAGTGGTCCC-1",0
"GTGCAGCCACATCTTT-1",1
"GTGCAGCGTGAGTATA-1",1
"GTGCAGCTCTTAGAGC-1",2
"GTGCATAAGGCATGGT-1",2
"GTGCATAGTTTGTTGG-1",1
"GTGCATATCAGAGCTT-1",0
"GTGCATATCATCATTC-1",1
"GTGCATATCTGCGTAA-1",3
"GTGCGGTAGCAATCTC-1",0
"GTGCGGTAGGACAGAA-1",2
"GTGCGGTCAAAGGTGC-1",11
"GTGCGGTGTTCAGACT-1",1
"GTGCGGTGTTCTGTTT-1",1
"GTGCGGTTCATCTGCC-1",1
"GTGCGGTTCCAGGGCT-1",2
"GTGCGGTTCGGATGGA-1",0
"GTGCGGTTCTCGTTTA-1",1
"GTGCGGTTCTGCTGTC-1",1
"GTGCTTCAGCCAGTTT-1",0
"GTGCTTCAGGATTCGG-1",4
"GTGCTTCAGTACACCT-1",1
"GTGCTTCCACTTAACG-1",0
"GTGCTTCCAGCTATTG-1",1
"GTGCTTCGTAGAGTGC-1",0
"GTGCTTCTCACAATGC-1",2
"GTGCTTCTCACTTCAT-1",3
"GTGGGTCAGACCGGAT-1",4
"GTGGGTCAGACTGTAA-1",0
"GTGGGTCAGCCGTCGT-1",0
"GTGGGTCCACCAACCG-1",1
"GTGGGTCCACCACCAG-1",0
"GTGTGCGAGACCGGAT-1",2
"GTGTGCGAGACTTGAA-1",1
"GTGTGCGCAGGTCGTC-1",1
"GTGTGCGGTGAGCGAT-1",0
"GTGTGCGTCAGTCAGT-1",1
"GTGTGCGTCCCTTGTG-1",0
"GTGTGCGTCTAACTTC-1",0
"GTGTTAGAGCACGCCT-1",1
"GTGTTAGAGGACAGAA-1",0
"GTGTTAGAGGCATGGT-1",2
"GTGTTAGAGTGGAGAA-1",0
"GTGTTAGAGTTTGCGT-1",1
"GTGTTAGCAATGGAAT-1",0
"GTGTTAGCACCACCAG-1",0
"GTGTTAGGTGCCTGGT-1",1
"GTGTTAGGTGGAAAGA-1",2
"GTGTTAGGTTCCATGA-1",0
"GTGTTAGGTTGGGACA-1",2
"GTTAAGCAGAGCTGCA-1",1
"GTTAAGCAGATAGCAT-1",2
"GTTAAGCAGCTAACAA-1",0
"GTTAAGCAGGCTACGA-1",1
"GTTAAGCAGTGTACCT-1",1
"GTTAAGCAGTTTGCGT-1",1
"GTTAAGCCATTCACTT-1",0
"GTTAAGCGTACTCGCG-1",0
"GTTAAGCGTCTAGGTT-1",1
"GTTAAGCGTGGCAAAC-1",0
"GTTAAGCGTTGCTCCT-1",1
"GTTAAGCTCCTTTCGG-1",2
"GTTACAGAGAGCTATA-1",1
"GTTACAGAGTACGATA-1",2
"GTTACAGCAGACGCCT-1",2
"GTTACAGCATCGGTTA-1",1
"GTTACAGGTATGGTTC-1",0
"GTTACAGGTCGACTGC-1",3
"GTTACAGGTCTAGGTT-1",1
"GTTCATTAGCGATGAC-1",1
"GTTCATTCATATACGC-1",1
"GTTCATTCATTGGCGC-1",1
"GTTCATTGTGCACGAA-1",0
"GTTCATTGTGTTAAGA-1",2
"GTTCATTGTTCAGTAC-1",0
"GTTCGGGAGACGACGT-1",0
"GTTCGGGAGCTAAGAT-1",1
"GTTCGGGAGTGTCTCA-1",0
"GTTCGGGGTAGGGTAC-1",1
"GTTCGGGGTGCAGGTA-1",3
"GTTCGGGTCCACGCAG-1",1
"GTTCGGGTCTACTTAC-1",1
"GTTCTCGAGACCACGA-1",1
"GTTCTCGAGCGATGAC-1",1
"GTTCTCGAGGCCATAG-1",4
"GTTCTCGCATCGGACC-1",2
"GTTCTCGGTAAGGGAA-1",3
"GTTCTCGGTAGCGTAG-1",0
"GTTCTCGGTCCGTGAC-1",1
"GTTCTCGGTGTTAAGA-1",18
"GTTCTCGTCAACGCTA-1",4
"GTTCTCGTCCTGTACC-1",0
"GTTTCTACAAACCTAC-1",3
"GTTTCTACAAGAAAGG-1",2
"GTTTCTAGTGTTGGGA-1",2
"GTTTCTATCCCAACGG-1",0
"GTTTCTATCCGTAGTA-1",0
"GTTTCTATCGGCATCG-1",3
"TAAACCGGTACTTAGC-1",0
"TAAACCGTCACTCTTA-1",1
"TAAACCGTCAGGCGAA-1",0
"TAAACCGTCCGTTGTC-1",2
"TAAACCGTCTTCCTTC-1",0
"TAAGAGACAAGTTGTC-1",1
"TAAGAGAGTATATCCG-1",7
"TAAGAGATCAATCACG-1",0
"TAAGAGATCTAACGGT-1",2
"TAAGAGATCTTTCCTC-1",2
"TAAGCGTAGTGGACGT-1",0
"TAAGCGTAGTGTCTCA-1",1
"TAAGCGTCAGCTTCGG-1",3
"TAAGCGTCAGGTGGAT-1",4
"TAAGCGTGTCCTGCTT-1",0
"TAAGCGTGTGCCTGGT-1",0
"TAAGCGTGTTGTTTGG-1",0
"TAAGCGTTCCTCATTA-1",3
"TAAGCGTTCGGCGCAT-1",0
"TAAGCGTTCTCGCATC-1",1
"TAAGTGCAGGCTAGGT-1",0
"TAAGTGCAGTAGCGGT-1",0
"TAAGTGCCAACGCACC-1",1
"TAAGTGCCATACAGCT-1",1
"TAAGTGCGTAAACACA-1",0
"TAAGTGCGTCTCACCT-1",1
"TAAGTGCGTTCAGACT-1",1
"TAAGTGCTCACCCTCA-1",0
"TAAGTGCTCACTGGGC-1",2
"TAAGTGCTCTGGCGTG-1",0
"TACACGACACCCATTC-1",1
"TACACGAGTGATAAAC-1",0
"TACACGATCTGTCTCG-1",4
"TACAGTGAGATGCGAC-1",27
"TACAGTGAGCGTTGCC-1",0
"TACAGTGAGTGTACGG-1",1
"TACAGTGCAGGAATCG-1",1
"TACAGTGCAGGTGCCT-1",2
"TACAGTGGTACTCAAC-1",0
"TACAGTGGTTGGACCC-1",0
"TACCTATAGAGCTGGT-1",1
"TACCTATAGAGTTGGC-1",0
"TACCTATAGGCTCATT-1",0
"TACCTATAGTTAGCGG-1",0
"TACCTATCAAGCTGGA-1",1
"TACCTATGTAAATGAC-1",17
"TACCTATGTAGAGTGC-1",0
"TACCTATGTCACCTAA-1",0
"TACCTATGTGTTGAGG-1",0
"TACCTATGTTAAAGAC-1",0
"TACCTATTCTATGTGG-1",0
"TACCTATTCTTCCTTC-1",0
"TACCTTAAGAGGTTGC-1",2
"TACCTTAAGTCAAGCG-1",9
"TACCTTAAGTGGTCCC-1",2
"TACCTTACAACTGGCC-1",1
"TACCTTACAAGGGTCA-1",1
"TACCTTACACTCAGGC-1",0
"TACCTTACATCTACGA-1",1
"TACCTTAGTAGCGTCC-1",1
"TACCTTAGTCTCCACT-1",1
"TACGGATAGATGGCGT-1",1
"TACGGATAGGTACTCT-1",1
"TACGGATCAGGGATTG-1",1
"TACGGATCATCACCCT-1",0
"TACGGATGTCTAGCCG-1",0
"TACGGATTCGGTGTCG-1",10
"TACGGATTCTACTATC-1",0
"TACGGGCAGGATGCGT-1",1
"TACGGGCAGGGAACGG-1",1
"TACGGGCAGTATTGGA-1",1
"TACGGGCAGTCAAGCG-1",0
"TACGGGCCAAGAAGAG-1",0
"TACGGGCCACCAGATT-1",0
"TACGGGCCATCAGTAC-1",1
"TACGGGCGTAAGGGCT-1",0
"TACGGGCGTCTGATTG-1",11
"TACGGGCGTGATGTGG-1",0
"TACGGGCTCACCTTAT-1",2
"TACGGGCTCAGCTCTC-1",0
"TACGGGCTCCACGAAT-1",1
"TACGGGCTCCTATTCA-1",1
"TACGGGCTCGGTGTTA-1",0
"TACGGTAAGATATGGT-1",2
"TACGGTAAGCCGATTT-1",3
"TACGGTAAGTCATGCT-1",5
"TACGGTAAGTGCCATT-1",1
"TACGGTACACAGGCCT-1",1
"TACGGTACATTTCAGG-1",0
"TACGGTAGTATATCCG-1",2
"TACGGTAGTCACTTCC-1",1
"TACGGTAGTGCAGGTA-1",1
"TACGGTAGTGGGTATG-1",0
"TACGGTATCGCAGGCT-1",2
"TACGGTATCGGACAAG-1",1
"TACGGTATCGTTTATC-1",0
"TACTCATAGTCACGCC-1",0
"TACTCATCAATCTACG-1",1
"TACTCATCACGGTAGA-1",6
"TACTCATCACTTCTGC-1",0
"TACTCATCATCCGTGG-1",0
"TACTCATCATGTCGAT-1",0
"TACTCATGTACAGCAG-1",0
"TACTCATGTCTTCAAG-1",2
"TACTCATTCCTTTCTC-1",1
"TACTCGCAGGCGACAT-1",0
"TACTCGCGTCAGAAGC-1",0
"TACTCGCGTCTGATTG-1",1
"TACTCGCGTGTAACGG-1",1
"TACTCGCGTTGAGTTC-1",1
"TACTCGCTCAACGGGA-1",0
"TACTCGCTCCGAATGT-1",1
"TACTTACAGACTAGGC-1",2
"TACTTACAGCTGAACG-1",1
"TACTTACAGTACACCT-1",3
"TACTTACAGTACGCCC-1",1
"TACTTACAGTGATCGG-1",1
"TACTTACCAAGCCGTC-1",3
"TACTTACCACAGGTTT-1",0
"TACTTACTCGCGTTTC-1",2
"TACTTGTAGCGATATA-1",0
"TACTTGTAGTAATCCC-1",0
"TACTTGTCAAACAACA-1",0
"TACTTGTCATGCAACT-1",0
"TACTTGTGTAGCACGA-1",0
"TACTTGTGTATAAACG-1",0
"TACTTGTGTTCCACAA-1",0
"TACTTGTTCTGCAGTA-1",0
"TAGACCAAGAGACGAA-1",1
"TAGACCAAGCCTCGTG-1",0
"TAGACCAAGTCGATAA-1",1
"TAGACCACAACACCCG-1",2
"TAGACCAGTAGATTAG-1",1
"TAGACCAGTTCATGGT-1",0
"TAGACCATCACTTCAT-1",5
"TAGACCATCGTCACGG-1",0
"TAGACCATCTCCAGGG-1",1
"TAGAGCTAGAATTCCC-1",1
"TAGAGCTAGTATTGGA-1",1
"TAGAGCTCACTGAAGG-1",1
"TAGAGCTGTACTTGAC-1",0
"TAGAGCTGTAGGGACT-1",0
"TAGAGCTGTCTAAAGA-1",0
"TAGCCGGAGACTGGGT-1",1
"TAGCCGGAGTCCCACG-1",0
"TAGCCGGAGTGACATA-1",2
"TAGCCGGCAGCAGTTT-1",1
"TAGCCGGGTACAGTGG-1",1
"TAGCCGGGTACCATCA-1",2
"TAGCCGGGTCGCGAAA-1",25
"TAGCCGGTCACGACTA-1",1
"TAGCCGGTCCAGGGCT-1",0
"TAGGCATAGAACTGTA-1",0
"TAGGCATAGCTAGGCA-1",1
"TAGGCATAGTCGTACT-1",0
"TAGGCATAGTTTAGGA-1",0
"TAGGCATCAAGCCTAT-1",4
"TAGGCATCAGACGCAA-1",0
"TAGGCATGTACGAAAT-1",0
"TAGGCATGTCCAGTTA-1",0
"TAGGCATGTTCCACTC-1",0
"TAGGCATTCCCTAACC-1",0
"TAGGCATTCGCTAGCG-1",2
"TAGGCATTCGTAGATC-1",0
"TAGGCATTCTTCATGT-1",1
"TAGTGGTAGATCACGG-1",1
"TAGTGGTAGCTGTTCA-1",2
"TAGTGGTCAGTATAAG-1",0
"TAGTGGTGTAGCGTAG-1",1
"TAGTGGTTCAGCATGT-1",0
"TAGTGGTTCGGCGCAT-1",1
"TAGTGGTTCTCAAGTG-1",0
"TAGTGGTTCTGGGCCA-1",21
"TAGTGGTTCTTTAGTC-1",2
"TAGTTGGAGATAGGAG-1",0
"TAGTTGGCAGACGCAA-1",1
"TAGTTGGCATGCGCAC-1",2
"TAGTTGGGTATGGTTC-1",2
"TAGTTGGTCCGAATGT-1",0
"TAGTTGGTCTACTCAT-1",0
"TAGTTGGTCTCTAAGG-1",3
"TAGTTGGTCTGATACG-1",0
"TATCAGGAGAGTAAGG-1",0
"TATCAGGAGATCCGAG-1",0
"TATCAGGAGCAGATCG-1",2
"TATCAGGAGGTGCTTT-1",0
"TATCAGGCAACTTGAC-1",3
"TATCAGGCACGTTGGC-1",1
"TATCAGGGTCCGTTAA-1",1
"TATCAGGGTCTGCAAT-1",1
"TATCAGGGTTAAAGAC-1",5
"TATCAGGTCAAGATCC-1",3
"TATCAGGTCCACTCCA-1",4
"TATCAGGTCGTAGGTT-1",0
"TATCTCAAGAGTTGGC-1",2
"TATCTCAAGCCACCTG-1",4
"TATCTCAAGCGTAATA-1",1
"TATCTCAAGGCTAGCA-1",0
"TATCTCAAGTGGGCTA-1",1
"TATCTCACATGTCCTC-1",0
"TATCTCAGTAACGACG-1",0
"TATCTCAGTACCTACA-1",1
"TATCTCAGTACGACCC-1",2
"TATCTCAGTCAATGTC-1",2
"TATCTCATCAAGCCTA-1",1
"TATGCCCAGAAACCGC-1",0
"TATGCCCAGGTAGCTG-1",1
"TATGCCCCAATGGAAT-1",1
"TATGCCCCACTTAACG-1",0
"TATGCCCCATGTTCCC-1",0
"TATGCCCGTAGCCTCG-1",5
"TATGCCCGTATAGGGC-1",3
"TATGCCCGTATGAAAC-1",0
"TATGCCCGTCGCCATG-1",2
"TATGCCCGTGCCTTGG-1",0
"TATGCCCGTTAAGATG-1",1
"TATGCCCGTTGGTGGA-1",1
"TATGCCCGTTTAGGAA-1",0
"TATGCCCTCGTCTGCT-1",0
"TATTACCAGAGAGCTC-1",0
"TATTACCAGCAAATCA-1",0
"TATTACCAGCCCGAAA-1",0
"TATTACCAGTATCTCG-1",0
"TATTACCCAAAGTGCG-1",0
"TATTACCCAGACAAGC-1",1
"TATTACCCAGTCAGCC-1",0
"TATTACCCATAAAGGT-1",0
"TATTACCCATCTACGA-1",2
"TATTACCGTCCAGTAT-1",0
"TCAACGAAGCCGATTT-1",0
"TCAACGAAGCGATGAC-1",2
"TCAACGAAGGCATGTG-1",0
"TCAACGAAGTAGTGCG-1",0
"TCAACGACACCAGGCT-1",2
"TCAACGACATGCCTTC-1",20
"TCAACGAGTTACCAGT-1",1
"TCAACGAGTTCCATGA-1",0
"TCAACGAGTTCTGGTA-1",0
"TCAACGATCAGTCCCT-1",2
"TCAACGATCTGTGCAA-1",1
"TCAATCTAGATCCCGC-1",1
"TCAATCTCACAAGCCC-1",1
"TCAATCTCACAGCCCA-1",0
"TCAATCTCATGACGGA-1",0
"TCAATCTCATTTGCTT-1",0
"TCAATCTGTAGTGAAT-1",1
"TCAATCTGTTAGATGA-1",1
"TCAATCTTCAGATAAG-1",1
"TCAATCTTCATGTCCC-1",1
"TCACAAGAGACTGGGT-1",0
"TCACAAGAGAGAGCTC-1",1
"TCACAAGAGGCCCTCA-1",3
"TCACAAGAGGTGGGTT-1",0
"TCACAAGAGTAGATGT-1",1
"TCACAAGCAGTATGCT-1",0
"TCACAAGCATAACCTG-1",1
"TCACAAGCATGACATC-1",2
"TCACAAGGTCAGATAA-1",1
"TCACAAGGTGTGGTTT-1",13
"TCACAAGTCATCATTC-1",0
"TCACAAGTCATGCATG-1",2
"TCACGAAAGCTCCTTC-1",0
"TCACGAAAGGTGCTTT-1",0
"TCACGAAAGTCTCGGC-1",0
"TCACGAACACAAGACG-1",1
"TCACGAACACTGTCGG-1",3
"TCACGAAGTGGTCCGT-1",0
"TCACGAAGTTGGTGGA-1",0
"TCACGAATCATGCAAC-1",0
"TCACGAATCCCGACTT-1",0
"TCACGAATCCTCGCAT-1",1
"TCACGAATCGTCACGG-1",0
"TCAGATGAGGTGCACA-1",1
"TCAGATGGTCTTGTCC-1",0
"TCAGATGGTGCCTGCA-1",1
"TCAGATGGTGCTGTAT-1",0
"TCAGATGTCAGTTTGG-1",4
"TCAGATGTCGCATGAT-1",0
"TCAGATGTCTCCTATA-1",0
"TCAGCAAAGGAGTCTG-1",4
"TCAGCAAAGGCTCATT-1",2
"TCAGCAAAGTACGACG-1",1
"TCAGCAAAGTGGCACA-1",15
"TCAGCAACACGCATCG-1",1
"TCAGCAAGTACCGGCT-1",1
"TCAGCAATCAGCGATT-1",0
"TCAGCAATCGGAAACG-1",1
"TCAGCAATCTTCAACT-1",0
"TCAGCTCAGGTGTTAA-1",0
"TCAGCTCAGTATGACA-1",2
"TCAGCTCCAATCTGCA-1",0
"TCAGCTCCACGGTTTA-1",0
"TCAGCTCGTAATAGCA-1",0
"TCAGCTCGTCCGTCAG-1",0
"TCAGCTCGTTCACGGC-1",0
"TCAGCTCTCACGATGT-1",1
"TCAGCTCTCATGCATG-1",2
"TCAGCTCTCCTAAGTG-1",1
"TCAGCTCTCTCGTATT-1",0
"TCAGGATAGACAGAGA-1",1
"TCAGGATAGATATGGT-1",1
"TCAGGATCAAACGTGG-1",2
"TCAGGATCAAGTTCTG-1",1
"TCAGGATCACGGTGTC-1",0
"TCAGGATCACTGTGTA-1",13
"TCAGGATCAGCATACT-1",2
"TCAGGATCATCTGGTA-1",1
"TCAGGATGTAAGCACG-1",0
"TCAGGATGTGGCCCTA-1",4
"TCAGGATTCCGATATG-1",1
"TCAGGATTCTCGATGA-1",1
"TCAGGTAAGATGGCGT-1",0
"TCAGGTAAGTGTTTGC-1",0
"TCAGGTACACAAGTAA-1",1
"TCAGGTACACAGAGGT-1",16
"TCAGGTACAGCTGCTG-1",1
"TCAGGTAGTAAACGCG-1",1
"TCATTACAGAAACCAT-1",2
"TCATTACAGGAGTTGC-1",0
"TCATTACAGTTGCAGG-1",0
"TCATTACCACATCCAA-1",1
"TCATTACCAGTCAGCC-1",4
"TCATTACGTACGCACC-1",4
"TCATTACGTCTAGAGG-1",2
"TCATTACGTGAAGGCT-1",0
"TCATTACGTTCTGTTT-1",5
"TCATTACTCATCGATG-1",1
"TCATTTGAGCCAGTTT-1",1
"TCATTTGCACGTCTCT-1",1
"TCATTTGCAGTTAACC-1",2
"TCATTTGTCCAGAGGA-1",0
"TCATTTGTCCCTTGCA-1",3
"TCATTTGTCCGTCAAA-1",1
"TCATTTGTCGCTAGCG-1",0
"TCATTTGTCGTACGGC-1",1
"TCATTTGTCTCTGCTG-1",0
"TCCACACCAAAGAATC-1",1
"TCCACACCACGCCAGT-1",1
"TCCACACGTACAGCAG-1",3
"TCCACACGTAGCCTAT-1",1
"TCCACACGTCATCGGC-1",1
"TCCACACGTGACCAAG-1",0
"TCCACACGTGCGAAAC-1",0
"TCCACACTCAACACCA-1",0
"TCCACACTCCAGTATG-1",1
"TCCACACTCCCATTTA-1",1
"TCCACACTCGAACTGT-1",2
"TCCCGATAGAAGAAGC-1",1
"TCCCGATAGCACAGGT-1",0
"TCCCGATAGCCGGTAA-1",0
"TCCCGATCAAGGTTCT-1",0
"TCCCGATCAGCCAATT-1",2
"TCCCGATCATCCAACA-1",2
"TCCCGATGTAAGGATT-1",0
"TCCCGATGTCAATACC-1",0
"TCCCGATTCAGAAATG-1",0
"TCCCGATTCAGTCCCT-1",1
"TCCCGATTCATCTGTT-1",0
"TCCCGATTCCCTAATT-1",3
"TCCCGATTCTGGAGCC-1",1
"TCGAGGCAGCGATGAC-1",2
"TCGAGGCAGTGTTTGC-1",0
"TCGAGGCCAAAGAATC-1",6
"TCGAGGCCAAGTTCTG-1",0
"TCGAGGCCAGTAACGG-1",0
"TCGAGGCGTATATCCG-1",1
"TCGAGGCTCGCAAGCC-1",0
"TCGAGGCTCTTGAGAC-1",0
"TCGAGGCTCTTTCCTC-1",0
"TCGCGAGAGACAAAGG-1",2
"TCGCGAGAGTGAATTG-1",1
"TCGCGAGCAAGCGTAG-1",0
"TCGCGAGCACCGAATT-1",0
"TCGCGAGCAGTAAGAT-1",1
"TCGCGAGTCCACGAAT-1",0
"TCGCGAGTCTAGCACA-1",0
"TCGCGAGTCTCTAGGA-1",3
"TCGCGAGTCTTCATGT-1",2
"TCGCGTTAGTGGGCTA-1",0
"TCGCGTTCACAGGCCT-1",2
"TCGCGTTCATCACAAC-1",0
"TCGCGTTCATCTCGCT-1",1
"TCGCGTTGTTCACCTC-1",2
"TCGCGTTTCAAGATCC-1",1
"TCGCGTTTCAGGTAAA-1",2
"TCGCGTTTCATTCACT-1",1
"TCGCGTTTCCTGTACC-1",1
"TCGCGTTTCGCCCTTA-1",0
"TCGGGACCACACATGT-1",0
"TCGGGACTCCTTGCCA-1",1
"TCGGGACTCTGCGGCA-1",1
"TCGGGACTCTTGTCAT-1",3
"TCGGTAAAGACAGGCT-1",1
"TCGGTAAAGCTCAACT-1",1
"TCGGTAACAAGCTGAG-1",1
"TCGGTAACAGGAATGC-1",1
"TCGGTAAGTATATGGA-1",1
"TCGGTAAGTCTAGTCA-1",0
"TCGGTAATCCCGGATG-1",1
"TCGTACCAGCAGGCTA-1",1
"TCGTACCAGTTTCCTT-1",1
"TCGTACCGTTTGCATG-1",0
"TCGTACCTCGGGAGTA-1",1
"TCGTAGAAGCTAACTC-1",2
"TCGTAGAAGGCGACAT-1",4
"TCGTAGAAGGGAACGG-1",1
"TCGTAGAAGTCCATAC-1",1
"TCGTAGACAATCCAAC-1",0
"TCGTAGACACTCAGGC-1",1
"TCGTAGAGTATGAATG-1",3
"TCGTAGAGTGAGCGAT-1",1
"TCGTAGAGTGTGTGCC-1",1
"TCGTAGAGTTCAACCA-1",0
"TCGTAGAGTTCCATGA-1",10
"TCGTAGATCCAAGCCG-1",2
"TCGTAGATCTTAGCCC-1",1
"TCTATTGAGCGATTCT-1",3
"TCTATTGAGTGCCATT-1",1
"TCTATTGCACATCTTT-1",2
"TCTATTGGTAAGTGTA-1",1
"TCTATTGGTCCAACTA-1",4
"TCTATTGGTCTGCCAG-1",1
"TCTATTGGTTGCTCCT-1",2
"TCTATTGTCGGCGCTA-1",0
"TCTCATAAGCTAAACA-1",0
"TCTCATAAGCTAGTCT-1",0
"TCTCATAAGTGCCATT-1",0
"TCTCATAGTACCGGCT-1",0
"TCTCATAGTGTAAGTA-1",7
"TCTCATATCAAGCCTA-1",1
"TCTCATATCACCTTAT-1",0
"TCTCATATCCTGTACC-1",1
"TCTCTAAAGACCGGAT-1",2
"TCTCTAAAGGGTGTTG-1",4
"TCTCTAACAGCCTATA-1",1
"TCTCTAAGTCCAGTAT-1",1
"TCTCTAAGTCCATGAT-1",2
"TCTCTAAGTCTCATCC-1",0
"TCTCTAAGTGGAAAGA-1",2
"TCTCTAATCAAACCAC-1",2
"TCTCTAATCAACGCTA-1",0
"TCTCTAATCACAGGCC-1",1
"TCTCTAATCACATACG-1",0
"TCTCTAATCCGTAGGC-1",0
"TCTCTAATCGTATCAG-1",26
"TCTGAGACAAACCTAC-1",17
"TCTGAGACACGGATAG-1",3
"TCTGAGACAGAGTGTG-1",0
"TCTGAGAGTAAGGGAA-1",0
"TCTGAGATCCTTGACC-1",3
"TCTGAGATCTATCCTA-1",0
"TCTGGAAAGCGATGAC-1",0
"TCTGGAAAGCTAGTTC-1",0
"TCTGGAAAGCTCTCGG-1",2
"TCTGGAAAGGAGCGAG-1",0
"TCTGGAACACAAGACG-1",1
"TCTGGAACACACTGCG-1",0
"TCTGGAACACTTCTGC-1",3
"TCTGGAAGTGAGTATA-1",0
"TCTGGAATCTGTCTAT-1",0
"TCTTCGGAGGTTCCTA-1",1
"TCTTCGGAGTTCGATC-1",1
"TCTTCGGCAAAGCAAT-1",0
"TCTTCGGCAAAGGTGC-1",2
"TCTTCGGCAATAGCAA-1",1
"TCTTCGGCAATGTAAG-1",4
"TCTTCGGCACACCGAC-1",1
"TCTTCGGCAGCCAATT-1",3
"TCTTCGGGTCATTAGC-1",0
"TCTTCGGTCGTAGGTT-1",0
"TCTTCGGTCTCTAAGG-1",1
"TCTTTCCAGAGAGCTC-1",0
"TCTTTCCAGTCATCCA-1",1
"TCTTTCCCATCTCCCA-1",4
"TCTTTCCGTAATCACC-1",2
"TCTTTCCGTAGTACCT-1",1
"TCTTTCCTCACAACGT-1",1
"TCTTTCCTCAGCTGGC-1",1
"TCTTTCCTCCAAGTAC-1",0
"TCTTTCCTCCTCGCAT-1",1
"TGAAAGAAGCTAAGAT-1",14
"TGAAAGACAAGCCGTC-1",2
"TGAAAGACACATTCGA-1",0
"TGAAAGACATGAGCGA-1",1
"TGAAAGAGTCTAGCGC-1",0
"TGAAAGAGTCTCATCC-1",2
"TGAAAGATCCCGACTT-1",0
"TGAAAGATCTATGTGG-1",2
"TGACAACCAAGCGAGT-1",0
"TGACAACGTAGGGACT-1",5
"TGACAACGTGCGCTTG-1",0
"TGACAACGTGGTTTCA-1",1
"TGACAACTCACAAACC-1",1
"TGACAACTCCACGTGG-1",0
"TGACAACTCGAATGCT-1",0
"TGACGGCAGCGCCTCA-1",0
"TGACGGCAGGCTCAGA-1",1
"TGACGGCAGTCAAGCG-1",0
"TGACGGCCACAGACTT-1",1
"TGACGGCGTCATCCCT-1",0
"TGACGGCTCAGGCGAA-1",0
"TGACGGCTCCACTGGG-1",1
"TGACTAGAGACCCACC-1",0
"TGACTAGAGGGCATGT-1",0
"TGACTAGAGTCTCAAC-1",1
"TGACTAGAGTTGAGAT-1",1
"TGACTAGCAGCATACT-1",3
"TGACTAGCAGTCAGAG-1",0
"TGACTAGCATTTCACT-1",2
"TGACTAGGTAAATACG-1",10
"TGACTAGGTGAAAGAG-1",2
"TGACTAGGTGCAGTAG-1",6
"TGACTAGTCATGCATG-1",0
"TGACTAGTCCATGCTC-1",1
"TGACTAGTCTGTTGAG-1",3
"TGACTTTAGAACAATC-1",0
"TGACTTTAGTCTCGGC-1",0
"TGACTTTAGTTAGGTA-1",0
"TGACTTTCAGTCCTTC-1",3
"TGACTTTCATTATCTC-1",1
"TGACTTTGTCACACGC-1",4
"TGACTTTTCCTCAATT-1",0
"TGACTTTTCTGCCCTA-1",1
"TGAGAGGAGGCTCATT-1",0
"TGAGAGGCAAAGTCAA-1",0
"TGAGAGGCAAGCCATT-1",1
"TGAGAGGCACCATGTA-1",1
"TGAGAGGGTCACTGGC-1",3
"TGAGAGGGTCTAAACC-1",0
"TGAGAGGTCGAACTGT-1",1
"TGAGAGGTCGCGTTTC-1",1
"TGAGAGGTCTGACCTC-1",2
"TGAGCATAGAAACGAG-1",1
"TGAGCATAGAAGCCCA-1",0
"TGAGCATAGATGTCGG-1",0
"TGAGCATAGGAATGGA-1",0
"TGAGCATCACCAGGCT-1",0
"TGAGCATCAGATGAGC-1",1
"TGAGCATCAGCGTAAG-1",1
"TGAGCATCAGCTGTAT-1",1
"TGAGCATGTGGCCCTA-1",2
"TGAGCATTCCACGTTC-1",1
"TGAGCATTCCGATATG-1",0
"TGAGCATTCGGCCGAT-1",2
"TGAGCCGCATCGGGTC-1",2
"TGAGCCGGTCGAACAG-1",2
"TGAGCCGGTGTAATGA-1",2
"TGAGCCGGTTGATTCG-1",1
"TGAGCCGTCATCTGCC-1",0
"TGAGCCGTCGTCACGG-1",0
"TGAGCCGTCTTGAGGT-1",3
"TGAGGGAAGAGACTAT-1",0
"TGAGGGAAGGAGTACC-1",5
"TGAGGGAAGTCATCCA-1",0
"TGAGGGAAGTCATGCT-1",2
"TGAGGGACACCAGTTA-1",0
"TGAGGGACATAAGACA-1",2
"TGAGGGAGTAAACGCG-1",14
"TGAGGGAGTTAGGGTG-1",2
"TGAGGGATCAACGGGA-1",1
"TGAGGGATCTAGCACA-1",0
"TGAGGGATCTCTTATG-1",0
"TGATTTCCATCCGGGT-1",3
"TGATTTCGTAGGCATG-1",0
"TGATTTCGTTAAGACA-1",0
"TGATTTCTCTGATTCT-1",0
"TGCACCTAGACCTTTG-1",2
"TGCACCTAGGACGAAA-1",0
"TGCACCTCAAGTTGTC-1",0
"TGCACCTCAATAGAGT-1",1
"TGCACCTCATCCGGGT-1",1
"TGCACCTGTAATCACC-1",1
"TGCACCTGTCACACGC-1",0
"TGCACCTTCACGGTTA-1",2
"TGCACCTTCATCGGAT-1",1
"TGCACCTTCCGCGGTA-1",0
"TGCACCTTCGAACTGT-1",0
"TGCACCTTCTCTTGAT-1",0
"TGCCAAACAATGTAAG-1",1
"TGCCAAACAATTCCTT-1",2
"TGCCAAAGTTCGCGAC-1",0
"TGCCAAATCCAAACTG-1",4
"TGCCAAATCCCTGACT-1",0
"TGCCAAATCGGCGGTT-1",1
"TGCCCATAGACTAGGC-1",0
"TGCCCATAGCGTCAAG-1",1
"TGCCCATAGCGTGAAC-1",0
"TGCCCATAGCTGTTCA-1",1
"TGCCCATAGGATGGAA-1",4
"TGCCCATAGTACGCCC-1",2
"TGCCCATAGTTGAGTA-1",2
"TGCCCATCACCAGGTC-1",0
"TGCCCATCACGAAATA-1",1
"TGCCCATCAGGACGTA-1",1
"TGCCCATCATGGAATA-1",0
"TGCCCATCATGGATGG-1",2
"TGCCCATGTAGCCTCG-1",1
"TGCCCATTCAAACCGT-1",0
"TGCCCATTCAGGCCCA-1",4
"TGCCCATTCCTTCAAT-1",0
"TGCCCATTCGGAAATA-1",2
"TGCCCTAAGGTCGGAT-1",2
"TGCCCTAAGGTTCCTA-1",0
"TGCCCTACACCACCAG-1",1
"TGCCCTACAGCCACCA-1",0
"TGCCCTACAGTGAGTG-1",0
"TGCCCTAGTCCGAGTC-1",1
"TGCCCTAGTGGTTTCA-1",1
"TGCCCTAGTTTCGCTC-1",0
"TGCCCTATCGACGGAA-1",6
"TGCCCTATCTTCGGTC-1",1
"TGCGCAGAGACTAGGC-1",10
"TGCGCAGAGCACACAG-1",3
"TGCGCAGAGCGTCTAT-1",0
"TGCGCAGAGGAGCGAG-1",0
"TGCGCAGCAAACGTGG-1",12
"TGCGCAGCAGCTCGCA-1",2
"TGCGCAGCAGTAGAGC-1",4
"TGCGCAGTCCTACAGA-1",0
"TGCGGGTAGAGACTTA-1",1
"TGCGGGTAGATCGATA-1",3
"TGCGGGTAGCTCTCGG-1",1
"TGCGGGTAGGTGTGGT-1",1
"TGCGGGTAGTACTTGC-1",0
"TGCGGGTCAATGGAAT-1",0
"TGCGGGTCACACGCTG-1",0
"TGCGGGTCATTGGGCC-1",1
"TGCGGGTGTAGAAAGG-1",0
"TGCGGGTGTCACCTAA-1",0
"TGCGGGTGTCAGATAA-1",1
"TGCGGGTGTTAGAACA-1",0
"TGCGGGTTCAGTTCGA-1",0
"TGCGGGTTCGTAGATC-1",0
"TGCGGGTTCTCTTGAT-1",0
"TGCGTGGAGACGCAAC-1",0
"TGCGTGGAGACTGGGT-1",1
"TGCGTGGAGTGAACGC-1",0
"TGCGTGGCAATTCCTT-1",0
"TGCGTGGGTGCACCAC-1",1
"TGCGTGGTCCGCGCAA-1",1
"TGCGTGGTCGCCCTTA-1",3
"TGCGTGGTCTGGCGAC-1",0
"TGCTACCAGAAAGTGG-1",0
"TGCTACCAGATGGCGT-1",0
"TGCTACCAGCAAATCA-1",1
"TGCTACCAGTCCGTAT-1",1
"TGCTACCCAAGAGGCT-1",0
"TGCTACCCACTTAACG-1",0
"TGCTACCCATCGTCGG-1",1
"TGCTACCCATGGTTGT-1",0
"TGCTACCGTGTGACGA-1",0
"TGCTACCTCCTCGCAT-1",0
"TGCTACCTCTTCTGGC-1",2
"TGCTGCTAGACTAAGT-1",2
"TGCTGCTAGGTGATAT-1",1
"TGCTGCTCAATAGAGT-1",1
"TGCTGCTCACAGACAG-1",3
"TGCTGCTCATCCCATC-1",0
"TGCTGCTCATGGTTGT-1",19
"TGCTGCTGTCATACTG-1",0
"TGCTGCTGTGAAGGCT-1",1
"TGCTGCTTCATTGCGA-1",0
"TGGACGCAGAGGTACC-1",0
"TGGACGCAGTCAAGGC-1",0
"TGGACGCCACAGAGGT-1",0
"TGGACGCCATGGTAGG-1",0
"TGGACGCGTCCGAACC-1",1
"TGGACGCGTCTCCCTA-1",0
"TGGCCAGAGAAGGTGA-1",0
"TGGCCAGAGAGTACAT-1",2
"TGGCCAGAGGCGATAC-1",0
"TGGCCAGAGGCGTACA-1",0
"TGGCCAGCAACTGCGC-1",1
"TGGCCAGCACGACTCG-1",2
"TGGCCAGGTCAATACC-1",3
"TGGCCAGTCGTAGATC-1",9
"TGGCCAGTCTATCCCG-1",0
"TGGCGCAAGCTACCTA-1",0
"TGGCGCAAGCTATGCT-1",0
"TGGCGCAAGTGTGGCA-1",2
"TGGCGCAAGTTACCCA-1",13
"TGGCGCACACAGGCCT-1",1
"TGGCGCACACGGATAG-1",3
"TGGCGCACAGCGATCC-1",1
"TGGCGCACATAGGATA-1",0
"TGGCGCACATATACGC-1",0
"TGGCGCAGTACTCTCC-1",4
"TGGCGCAGTGGACGAT-1",20
"TGGCGCAGTTATGTGC-1",2
"TGGCGCATCAAGAAGT-1",0
"TGGCGCATCATGCTCC-1",1
"TGGCGCATCATGTGGT-1",4
"TGGCGCATCATTATCC-1",1
"TGGCGCATCGTGGTCG-1",0
"TGGCTGGAGCGGATCA-1",1
"TGGCTGGAGTGCAAGC-1",0
"TGGCTGGCAAGTTAAG-1",0
"TGGCTGGCACGGATAG-1",0
"TGGCTGGCAGGAACGT-1",0
"TGGCTGGGTCGAGTTT-1",2
"TGGCTGGGTCGGCATC-1",0
"TGGCTGGGTCTAGCCG-1",0
"TGGCTGGGTTACGCGC-1",1
"TGGCTGGGTTGGACCC-1",1
"TGGCTGGTCTCGTTTA-1",2
"TGGGAAGAGATATACG-1",0
"TGGGAAGAGCCCAATT-1",0
"TGGGAAGAGCGCTCCA-1",3
"TGGGAAGAGGGCTTCC-1",1
"TGGGAAGAGTAAGTAC-1",26
"TGGGAAGAGTTAACGA-1",1
"TGGGAAGCAAGGTGTG-1",0
"TGGGAAGCAGATCCAT-1",2
"TGGGAAGCAGCGAACA-1",0
"TGGGAAGGTAAGTTCC-1",1
"TGGGAAGGTTAGATGA-1",1
"TGGGAAGGTTATTCTC-1",4
"TGGGAAGTCCCAAGAT-1",0
"TGGGAAGTCCTTCAAT-1",0
"TGGGAAGTCGTGGACC-1",0
"TGGGAAGTCTCCTATA-1",4
"TGGGCGTAGTCTCCTC-1",1
"TGGGCGTCAGACGTAG-1",1
"TGGGCGTCAGGGATTG-1",1
"TGGGCGTGTCCAAGTT-1",1
"TGGGCGTGTCTAGAGG-1",0
"TGGGCGTGTGGCTCCA-1",0
"TGGGCGTGTTTCGCTC-1",0
"TGGGCGTTCAGCTTAG-1",0
"TGGTTAGAGCTACCTA-1",1
"TGGTTAGAGTTAGGTA-1",0
"TGGTTAGGTGATGATA-1",0
"TGGTTAGGTTCACGGC-1",1
"TGGTTAGTCCCGACTT-1",1
"TGGTTAGTCTTGTATC-1",3
"TGGTTCCAGCCGTCGT-1",1
"TGGTTCCAGTAATCCC-1",0
"TGGTTCCCAAGTTGTC-1",3
"TGGTTCCCAGACAAAT-1",1
"TGGTTCCCAGACAGGT-1",0
"TGGTTCCCAGCTCGAC-1",1
"TGGTTCCCATGTCCTC-1",4
"TGGTTCCCATTTCACT-1",1
"TGGTTCCGTCCAAGTT-1",0
"TGGTTCCTCACATACG-1",0
"TGGTTCCTCAGCTTAG-1",0
"TGGTTCCTCTAACTTC-1",0
"TGGTTCCTCTAGAGTC-1",1
"TGGTTCCTCTGGGCCA-1",1
"TGTATTCAGCCCGAAA-1",1
"TGTATTCAGCGATCCC-1",1
"TGTATTCCAGGGCATA-1",0
"TGTATTCGTAAGAGAG-1",0
"TGTATTCGTTTGTTTC-1",2
"TGTATTCTCAGCATGT-1",0
"TGTATTCTCATCTGTT-1",0
"TGTCCCAAGCAGATCG-1",10
"TGTCCCAAGCTAGTTC-1",1
"TGTCCCAAGCTGAACG-1",0
"TGTCCCAAGTTGTCGT-1",1
"TGTCCCACAGTAAGCG-1",3
"TGTCCCACATCACGTA-1",1
"TGTCCCAGTAAGAGGA-1",3
"TGTCCCAGTAAGTGGC-1",1
"TGTCCCAGTCGGATCC-1",1
"TGTCCCAGTCTCTTTA-1",0
"TGTCCCATCATTTGGG-1",0
"TGTCCCATCTGCAAGT-1",0
"TGTCCCATCTGCGTAA-1",1
"TGTGGTAGTCCCGACA-1",0
"TGTGGTAGTGTGAAAT-1",1
"TGTGGTAGTGTGACGA-1",1
"TGTGGTATCCAGGGCT-1",0
"TGTGGTATCTTGCATT-1",0
"TGTGTTTAGAGGTTAT-1",0
"TGTGTTTAGCGTGAGT-1",1
"TGTGTTTAGTGCGTGA-1",1
"TGTGTTTCATGCGCAC-1",0
"TGTGTTTTCTCATTCA-1",1
"TGTGTTTTCTTTCCTC-1",2
"TGTTCCGAGAGCAATT-1",0
"TGTTCCGAGCAACGGT-1",0
"TGTTCCGAGGAATTAC-1",2
"TGTTCCGAGGACTGGT-1",0
"TGTTCCGCAGTGAGTG-1",1
"TGTTCCGGTGAGTATA-1",0
"TGTTCCGTCAAGCCTA-1",2
"TGTTCCGTCAGTTCGA-1",2
"TGTTCCGTCGGCGGTT-1",2
"TGTTCCGTCTGAAAGA-1",0
"TGTTCCGTCTGGTATG-1",0
"TTAACTCAGTGTACGG-1",0
"TTAACTCCAAGCGCTC-1",1
"TTAACTCCAGGCAGTA-1",1
"TTAACTCGTTCCACAA-1",0
"TTAACTCTCATAAAGG-1",0
"TTAACTCTCCCTCAGT-1",1
"TTAGGACAGCAGGCTA-1",2
"TTAGGACAGCTCTCGG-1",6
"TTAGGACCAAGCCATT-1",0
"TTAGGACCAGTCAGAG-1",1
"TTAGGACGTTTGTTTC-1",3
"TTAGGCAAGAAGATTC-1",1
"TTAGGCAAGAGCCCAA-1",2
"TTAGGCAAGAGTGACC-1",0
"TTAGGCAAGGTTCCTA-1",1
"TTAGGCAAGTCGTTTG-1",5
"TTAGGCAAGTGTACCT-1",0
"TTAGGCACAGACGCTC-1",0
"TTAGGCACATGTTCCC-1",0
"TTAGGCAGTAAGGATT-1",2
"TTAGGCAGTAAGTAGT-1",0
"TTAGGCAGTCTTGATG-1",2
"TTAGGCATCACGCATA-1",0
"TTAGGCATCAGTCAGT-1",0
"TTAGGCATCCAGTATG-1",0
"TTAGGCATCGTTACGA-1",0
"TTAGTTCAGGTGCAAC-1",0
"TTAGTTCCAATGTAAG-1",0
"TTAGTTCCATCCTTGC-1",2
"TTAGTTCGTAGCCTAT-1",2
"TTAGTTCGTGCAGACA-1",1
"TTAGTTCGTGTCAATC-1",4
"TTAGTTCGTTGCCTCT-1",3
"TTAGTTCTCAGGCCCA-1",2
"TTAGTTCTCGCAGGCT-1",1
"TTAGTTCTCTACTATC-1",0
"TTATGCTAGAATGTGT-1",0
"TTATGCTAGCACACAG-1",0
"TTATGCTAGCAGCCTC-1",0
"TTATGCTAGTCCCACG-1",1
"TTATGCTAGTGGTAAT-1",0
"TTATGCTCAGCCAGAA-1",1
"TTATGCTCATACCATG-1",3
"TTATGCTCATGTAGTC-1",0
"TTATGCTGTCCGAGTC-1",1
"TTATGCTTCGATAGAA-1",0
"TTCCCAGAGAATTCCC-1",0
"TTCCCAGAGACTAGAT-1",4
"TTCCCAGAGTATCGAA-1",0
"TTCCCAGCAGATGGGT-1",0
"TTCCCAGCATCAGTAC-1",1
"TTCCCAGCATCTCCCA-1",0
"TTCCCAGCATTACCTT-1",0
"TTCCCAGTCAACACTG-1",0
"TTCCCAGTCGAGAGCA-1",0
"TTCGAAGAGTCTCAAC-1",2
"TTCGAAGCAAGCGCTC-1",2
"TTCGAAGCACATTAGC-1",1
"TTCGAAGCACGGTGTC-1",0
"TTCGGTCAGAGGACGG-1",1
"TTCGGTCAGCACACAG-1",0
"TTCGGTCAGGCCCTCA-1",1
"TTCGGTCAGTGAATTG-1",0
"TTCGGTCAGTTGAGAT-1",13
"TTCGGTCCAAGGGTCA-1",2
"TTCGGTCCACGTCAGC-1",0
"TTCGGTCGTAACGTTC-1",2
"TTCGGTCGTAGAGTGC-1",1
"TTCGGTCGTTCATGGT-1",0
"TTCGGTCGTTCTGTTT-1",1
"TTCGGTCTCAAAGACA-1",0
"TTCGGTCTCCAGTATG-1",2
"TTCGGTCTCGCGTTTC-1",2
"TTCGGTCTCGTCTGAA-1",2
"TTCTACAAGACTAAGT-1",14
"TTCTACAAGCAGCCTC-1",1
"TTCTACAAGCCTTGAT-1",2
"TTCTACAAGGCAGGTT-1",3
"TTCTACAAGGTAAACT-1",1
"TTCTACAAGTTAGGTA-1",3
"TTCTACACACGTGAGA-1",2
"TTCTACACAGCTGTTA-1",0
"TTCTACACATCGATTG-1",1
"TTCTACACATTACGAC-1",2
"TTCTACAGTACCGTTA-1",0
"TTCTACAGTATATGAG-1",0
"TTCTACAGTGGCTCCA-1",1
"TTCTACATCAACGGGA-1",0
"TTCTACATCCGCGTTT-1",1
"TTCTCAAAGAAAGTGG-1",1
"TTCTCAAAGAATCTCC-1",15
"TTCTCAAAGAGGTTAT-1",0
"TTCTCAAAGCAGCCTC-1",2
"TTCTCAAAGCCGCCTA-1",0
"TTCTCAAAGTCAATAG-1",0
"TTCTCAAAGTTGAGAT-1",22
"TTCTCAACACCCAGTG-1",2
"TTCTCAACATTGTGCA-1",7
"TTCTCAAGTATAAACG-1",2
"TTCTCAAGTCCCTTGT-1",1
"TTCTCAAGTCGAGATG-1",1
"TTCTCAATCATCGCTC-1",0
"TTCTCAATCCCTAACC-1",3
"TTCTCAATCGTAGGAG-1",1
"TTCTCCTAGAGTAAGG-1",1
"TTCTCCTAGCGACGTA-1",2
"TTCTCCTAGCGTGAGT-1",1
"TTCTCCTAGTCTCGGC-1",0
"TTCTCCTCAACACGCC-1",1
"TTCTCCTCAATAACGA-1",2
"TTCTCCTGTTAAGAAC-1",1
"TTCTCCTTCAGTTCGA-1",2
"TTCTCCTTCCGTAGGC-1",19
"TTCTCCTTCCTTTCTC-1",5
"TTCTCCTTCTGCAAGT-1",1
"TTCTCCTTCTTCAACT-1",0
"TTCTCCTTCTTGTACT-1",0
"TTCTTAGAGGACTGGT-1",0
"TTCTTAGCAAGGTGTG-1",0
"TTCTTAGCATCGGAAG-1",2
"TTCTTAGGTAGAAGGA-1",0
"TTCTTAGGTCATATGC-1",0
"TTCTTAGTCAGTTCGA-1",0
"TTGAACGGTCACTTCC-1",4
"TTGAACGTCATGTCCC-1",1
"TTGACTTAGCCACGTC-1",3
"TTGACTTAGCGACGTA-1",0
"TTGACTTAGTTAACGA-1",2
"TTGACTTCACTTACGA-1",1
"TTGACTTGTCTCTCTG-1",1
"TTGACTTGTGCGATAG-1",0
"TTGACTTTCCAGAGGA-1",1
"TTGACTTTCTGTCCGT-1",0
"TTGCCGTAGGAGCGTT-1",0
"TTGCCGTAGGTGGGTT-1",0
"TTGCCGTCATGGTCAT-1",1
"TTGCCGTGTACAGACG-1",0
"TTGCGTCAGACAGAGA-1",2
"TTGCGTCAGCTCCTTC-1",0
"TTGCGTCAGTCCATAC-1",1
"TTGCGTCAGTGAATTG-1",1
"TTGCGTCCAAATTGCC-1",1
"TTGCGTCCACTGTGTA-1",0
"TTGCGTCCAGTCACTA-1",3
"TTGCGTCGTCTGATTG-1",1
"TTGGAACAGCCCAATT-1",1
"TTGGAACAGCGTCTAT-1",19
"TTGGAACAGGCGTACA-1",2
"TTGGAACGTATTACCG-1",1
"TTGGAACGTGTGTGCC-1",0
"TTGGAACTCCCATTAT-1",0
"TTGGAACTCCGTAGTA-1",1
"TTGGAACTCGTCCAGG-1",1
"TTGGCAAAGTTAGGTA-1",3
"TTGGCAAGTATAGGTA-1",0
"TTGGCAATCACATGCA-1",1
"TTGGCAATCAGAGCTT-1",2
"TTGGCAATCGCATGAT-1",1
"TTGGCAATCTAGAGTC-1",4
"TTGTAGGAGGTGCTAG-1",4
"TTGTAGGCACACGCTG-1",1
"TTGTAGGGTCTCCCTA-1",0
"TTGTAGGGTGGTAACG-1",2
"TTGTAGGTCGGCGCTA-1",1
"TTGTAGGTCTGCCAGG-1",0
"TTTACTGAGATCACGG-1",2
"TTTACTGCAAAGCAAT-1",0
"TTTACTGCACATGGGA-1",0
"TTTACTGCACCACGTG-1",0
"TTTACTGCATGGGACA-1",1
"TTTACTGCATGTCCTC-1",2
"TTTACTGGTAACGTTC-1",1
"TTTACTGGTGGTGTAG-1",1
"TTTACTGGTTCGCTAA-1",2
"TTTACTGTCTGGAGCC-1",9
"TTTATGCAGACTGTAA-1",0
"TTTATGCAGATGCGAC-1",1
"TTTATGCAGGCAAAGA-1",3
"TTTATGCAGGCCCGTT-1",0
"TTTATGCAGTTCCACA-1",2
"TTTATGCCAAACGCGA-1",0
"TTTATGCCAATCTGCA-1",2
"TTTATGCCACAGGTTT-1",0
"TTTATGCCAGCCAATT-1",3
"TTTATGCCAGGTCGTC-1",4
"TTTATGCCATGGTCAT-1",2
"TTTATGCTCACATAGC-1",0
"TTTATGCTCACCTTAT-1",4
"TTTATGCTCGGCGGTT-1",2
"TTTATGCTCTCGCTTG-1",1
"TTTCCTCAGCGTGAAC-1",1
"TTTCCTCAGGACTGGT-1",0
"TTTCCTCCAAAGTGCG-1",2
"TTTCCTCCAGGAATGC-1",2
"TTTCCTCCATTAGCCA-1",1
"TTTCCTCGTCCGAAGA-1",1
"TTTCCTCGTCGCTTTC-1",1
"TTTCCTCTCGGCCGAT-1",3
"TTTCCTCTCGTGTAGT-1",0
"TTTGCGCAGCTAAACA-1",1
"TTTGCGCAGCTAGTCT-1",1
"TTTGCGCAGGCCGAAT-1",0
"TTTGCGCAGTCAAGGC-1",0
"TTTGCGCCAAGTAGTA-1",0
"TTTGCGCCAGGTGCCT-1",2
"TTTGCGCGTCTAAACC-1",1
"TTTGCGCTCAAAGTAG-1",2
"TTTGCGCTCATGTAGC-1",2
"TTTGGTTAGAATGTGT-1",0
"TTTGGTTAGACAATAC-1",4
"TTTGGTTAGCGATTCT-1",1
"TTTGGTTAGGCTCAGA-1",0
"TTTGGTTAGTTACCCA-1",2
"TTTGGTTCAAACTGCT-1",1
"TTTGGTTCAAGCTGTT-1",3
"TTTGGTTCAGATCGGA-1",1
"TTTGGTTCATCACAAC-1",1
"TTTGGTTGTACTTCTT-1",2
"TTTGGTTGTATGCTTG-1",2
"TTTGGTTGTGCTTCTC-1",1
"TTTGGTTTCATGCTCC-1",4
"TTTGGTTTCCCTGACT-1",1
"TTTGTCAAGAGTCGGT-1",1
"TTTGTCACAAGTTCTG-1",0
"TTTGTCACAAGTTGTC-1",1
"TTTGTCACACTCTGTC-1",1
"TTTGTCATCACCTTAT-1",3
"TTTGTCATCCATTCTA-1",4
"TTTGTCATCCTTAATC-1",1
"TTTGTCATCTTATCTG-1",1
