"cell_barcode","expression"
"AAACCTGAGACAGAGA-1",1
"AAACCTGAGACTTTCG-1",0
"AAACCTGAGAGTAAGG-1",4
"AAACCTGAGAGTCGGT-1",2
"AAACCTGAGGATGGAA-1",1
"AAACCTGAGTAGATGT-1",1
"AAACCTGCAATCAGAA-1",0
"AAACCTGCACCGATAT-1",1
"AAACCTGCAGACGTAG-1",1
"AAACCTGCAGTATCTG-1",0
"AAACCTGCATAGTAAG-1",0
"AAACCTGCATGAACCT-1",1
"AAACCTGGTAAGAGGA-1",1
"AAACCTGGTCCAACTA-1",1
"AAACCTGTCCGTAGTA-1",2
"AAACCTGTCGAGAGCA-1",0
"AAACGGGAGTACGACG-1",1
"AAACGGGCAAGGTTTC-1",3
"AAACGGGCACGTCAGC-1",2
"AAACGGGCAGCGTTCG-1",2
"AAACGGGGTAGCCTCG-1",2
"AAACGGGGTCTACCTC-1",5
"AAACGGGGTGCGGTAA-1",0
"AAACGGGGTTGTCGCG-1",5
"AAACGGGTCCATGAGT-1",2
"AAACGGGTCCCAACGG-1",0
"AAACGGGTCCCATTAT-1",1
"AAAGATGCAGTCAGCC-1",0
"AAAGATGCATCTACGA-1",0
"AAAGCAAAGCGTCTAT-1",5
"AAAGCAACATGTCGAT-1",1
"AAAGCAAGTAGCTGCC-1",1
"AAAGCAAGTAGGCATG-1",1
"AAAGCAAGTGCGCTTG-1",2
"AAAGCAAGTTATTCTC-1",1
"AAAGCAATCCGTAGTA-1",3
"AAAGTAGAGATGTGTA-1",3
"AAAGTAGAGTGGGCTA-1",1
"AAAGTAGGTATATGGA-1",0
"AAAGTAGGTGAGCGAT-1",4
"AAAGTAGGTTGAGGTG-1",2
"AAATGCCAGCCCTAAT-1",1
"AAATGCCAGCGTGTCC-1",1
"AAATGCCCAACACCTA-1",1
"AAATGCCGTAGGAGTC-1",2
"AAATGCCGTCTTTCAT-1",0
"AAATGCCGTGGTCCGT-1",1
"AAATGCCGTTCCCGAG-1",1
"AAATGCCTCATAGCAC-1",2
"AAATGCCTCGCTTAGA-1",1
"AACACGTAGAATTCCC-1",6
"AACACGTAGCCCTAAT-1",0
"AACACGTAGGGTGTGT-1",2
"AACACGTCACTGTCGG-1",1
"AACACGTCATCCCATC-1",3
"AACACGTGTGCAACGA-1",5
"AACACGTGTGTCGCTG-1",1
"AACCATGAGCGCTTAT-1",1
"AACCATGGTCCGTTAA-1",0
"AACCATGTCAGTTCGA-1",1
"AACCATGTCATCGATG-1",0
"AACCATGTCCCAAGTA-1",1
"AACCGCGAGAAGCCCA-1",1
"AACCGCGAGACTGGGT-1",1
"AACCGCGAGAGGTACC-1",3
"AACCGCGAGTTAGGTA-1",2
"AACCGCGAGTTGCAGG-1",1
"AACCGCGCACGGTAGA-1",1
"AACCGCGCAGCATGAG-1",3
"AACCGCGCAGCCTGTG-1",1
"AACCGCGCAGCTGTGC-1",2
"AACCGCGCAGTATGCT-1",2
"AACCGCGGTACTTGAC-1",2
"AACCGCGGTCTGCAAT-1",1
"AACCGCGTCACATGCA-1",2
"AACCGCGTCACCGTAA-1",2
"AACCGCGTCCAGAGGA-1",2
"AACCGCGTCCGAAGAG-1",1
"AACCGCGTCGATCCCT-1",1
"AACGTTGAGCGATAGC-1",0
"AACGTTGAGCGATCCC-1",0
"AACGTTGAGCTTATCG-1",1
"AACGTTGCAAGTTGTC-1",1
"AACGTTGCAATAGAGT-1",2
"AACGTTGCAATGGATA-1",0
"AACGTTGCATGGATGG-1",0
"AACGTTGCATTCTCAT-1",2
"AACGTTGTCAACACGT-1",2
"AACGTTGTCGAGGTAG-1",1
"AACGTTGTCGGTCCGA-1",0
"AACTCAGAGAGCTATA-1",1
"AACTCAGAGAGTCGGT-1",0
"AACTCAGAGCCACCTG-1",0
"AACTCAGAGCCCAATT-1",1
"AACTCAGCAAACAACA-1",1
"AACTCAGCACAAGCCC-1",1
"AACTCAGCACGGTTTA-1",3
"AACTCAGCAGGATCGA-1",2
"AACTCAGCATAAAGGT-1",5
"AACTCAGGTTCCACAA-1",3
"AACTCAGTCGTACCGG-1",2
"AACTCCCAGCCCAGCT-1",2
"AACTCCCAGCTAAGAT-1",9
"AACTCCCCAAACGCGA-1",2
"AACTCCCCATGGTCTA-1",4
"AACTCCCGTTGCGCAC-1",1
"AACTCCCTCAAGAAGT-1",0
"AACTCCCTCAAGCCTA-1",2
"AACTCCCTCATCGCTC-1",0
"AACTCCCTCTGCAGTA-1",1
"AACTCCCTCTGGCGTG-1",0
"AACTCTTAGCAGACTG-1",3
"AACTCTTAGTCCGGTC-1",0
"AACTCTTCATGCTAGT-1",1
"AACTCTTGTCGAATCT-1",2
"AACTCTTGTCGGGTCT-1",3
"AACTCTTTCCTCAATT-1",0
"AACTCTTTCTCAAACG-1",0
"AACTCTTTCTCCAGGG-1",3
"AACTCTTTCTCTGCTG-1",0
"AACTGGTAGAAGATTC-1",3
"AACTGGTAGAGACTAT-1",1
"AACTGGTAGCCAACAG-1",1
"AACTGGTAGTGTACTC-1",0
"AACTGGTCACTGAAGG-1",1
"AACTGGTGTCCGAACC-1",1
"AACTGGTTCGGAGCAA-1",1
"AACTGGTTCGTGGGAA-1",0
"AACTGGTTCTGCTTGC-1",1
"AACTTTCAGCGTGAAC-1",1
"AACTTTCAGTATCTCG-1",1
"AACTTTCAGTTTCCTT-1",0
"AACTTTCCATCCTTGC-1",1
"AACTTTCGTCTAGAGG-1",2
"AACTTTCGTCTCTTTA-1",0
"AACTTTCGTTTGTTTC-1",3
"AAGACCTAGGGCTTCC-1",3
"AAGACCTAGTACACCT-1",3
"AAGACCTGTATATGAG-1",1
"AAGACCTGTATCAGTC-1",2
"AAGACCTGTCCGTGAC-1",3
"AAGACCTGTCGAAAGC-1",1
"AAGACCTTCGCCATAA-1",0
"AAGCCGCAGATCTGAA-1",1
"AAGCCGCAGGGTGTTG-1",1
"AAGCCGCAGTGGACGT-1",0
"AAGCCGCAGTGTACTC-1",1
"AAGCCGCCACGCTTTC-1",0
"AAGCCGCCAGGACGTA-1",1
"AAGCCGCGTACAGTTC-1",1
"AAGCCGCGTCATTAGC-1",1
"AAGCCGCTCACGAAGG-1",3
"AAGCCGCTCAGTTAGC-1",0
"AAGCCGCTCGCAAACT-1",0
"AAGCCGCTCGTCGTTC-1",2
"AAGCCGCTCTTACCGC-1",0
"AAGGAGCAGAAACCGC-1",3
"AAGGAGCAGGCATGTG-1",1
"AAGGAGCAGGCGCTCT-1",0
"AAGGAGCAGTTGAGTA-1",0
"AAGGAGCCACGGCGTT-1",0
"AAGGAGCGTAGCGCAA-1",1
"AAGGAGCGTCTGCAAT-1",0
"AAGGAGCTCGTCTGCT-1",0
"AAGGCAGAGAACTGTA-1",3
"AAGGCAGAGAGATGAG-1",1
"AAGGCAGAGGTGATAT-1",1
"AAGGCAGCATAGTAAG-1",1
"AAGGCAGGTACTTCTT-1",1
"AAGGCAGGTGTGCCTG-1",3
"AAGGCAGTCAGATAAG-1",0
"AAGGCAGTCGGAATCT-1",3
"AAGGTTCAGTATCTCG-1",2
"AAGGTTCCATCACGTA-1",0
"AAGGTTCGTATATGGA-1",4
"AAGGTTCGTCCGAATT-1",2
"AAGGTTCGTCGACTAT-1",3
"AAGGTTCGTGTGACCC-1",1
"AAGGTTCTCCGTCATC-1",2
"AAGGTTCTCCTCGCAT-1",0
"AAGGTTCTCTGCGGCA-1",2
"AAGTCTGAGCCATCGC-1",0
"AAGTCTGAGTCAAGCG-1",0
"AAGTCTGCAAAGGAAG-1",0
"AAGTCTGGTCAGCTAT-1",1
"AAGTCTGTCAAACAAG-1",2
"AAGTCTGTCACTGGGC-1",3
"AAGTCTGTCAGCAACT-1",3
"AATCCAGCAAAGTGCG-1",2
"AATCCAGCAGCATACT-1",2
"AATCCAGGTAGGCATG-1",2
"AATCCAGGTCTCCCTA-1",0
"AATCCAGTCCGAATGT-1",2
"AATCGGTAGGCATGGT-1",3
"AATCGGTTCCTGTACC-1",3
"AATCGGTTCGCCGTGA-1",3
"ACACCAAAGATGAGAG-1",0
"ACACCAAAGCCCTAAT-1",1
"ACACCAAAGGATGGTC-1",2
"ACACCAAAGTGTCCAT-1",3
"ACACCAACACTTCGAA-1",0
"ACACCAACAGACGCTC-1",2
"ACACCAACAGCCTATA-1",0
"ACACCAAGTCGCGTGT-1",2
"ACACCAAGTCTAAACC-1",1
"ACACCAAGTTATGTGC-1",0
"ACACCAATCGCGTTTC-1",4
"ACACCCTAGCCAGGAT-1",3
"ACACCCTAGTACTTGC-1",1
"ACACCCTCAAGCGCTC-1",2
"ACACCCTCATCACAAC-1",4
"ACACCCTCATGCCCGA-1",1
"ACACCCTGTCTGGTCG-1",0
"ACACCCTTCCGCAAGC-1",0
"ACACCCTTCCTTGCCA-1",1
"ACACCCTTCTATCCTA-1",1
"ACACCCTTCTGGCGTG-1",0
"ACACCGGAGGCTCAGA-1",3
"ACACCGGAGTGACATA-1",3
"ACACCGGAGTTACCCA-1",3
"ACACCGGCAAGCCGTC-1",3
"ACACCGGCACCAGATT-1",1
"ACACCGGCACCGAAAG-1",0
"ACACCGGCATCACAAC-1",2
"ACACCGGTCCGCATAA-1",2
"ACACCGGTCTCGGACG-1",1
"ACACCGGTCTCTGTCG-1",4
"ACACTGAAGCACGCCT-1",0
"ACACTGAAGGTGATTA-1",3
"ACACTGACAATAGAGT-1",0
"ACACTGACAGACTCGC-1",2
"ACACTGACATCCAACA-1",1
"ACACTGAGTCCGAAGA-1",0
"ACACTGAGTGTTTGTG-1",1
"ACACTGAGTTTGACTG-1",1
"ACAGCCGAGGAATGGA-1",0
"ACAGCCGAGGCCCGTT-1",2
"ACAGCCGAGGTGCTTT-1",2
"ACAGCCGAGTGGTAGC-1",2
"ACAGCCGCATATACGC-1",0
"ACAGCCGCATGCAACT-1",1
"ACAGCCGGTAGGGTAC-1",0
"ACAGCCGGTCGAATCT-1",0
"ACAGCCGGTTCACCTC-1",2
"ACAGCCGGTTCCACTC-1",2
"ACAGCCGTCCAGAAGG-1",3
"ACAGCCGTCTTTACAC-1",1
"ACAGCTAAGCACCGCT-1",1
"ACAGCTAAGTATCTCG-1",1
"ACAGCTAAGTGTTGAA-1",0
"ACAGCTACATCGTCGG-1",0
"ACAGCTAGTCGACTAT-1",0
"ACAGCTAGTGGTACAG-1",4
"ACAGCTATCACCACCT-1",1
"ACAGCTATCTGCTTGC-1",2
"ACATACGAGAGCTTCT-1",3
"ACATACGAGCGTAGTG-1",0
"ACATACGAGCTTCGCG-1",2
"ACATACGAGCTTTGGT-1",1
"ACATACGCAAACGTGG-1",5
"ACATACGCAAGCCTAT-1",2
"ACATACGCATCTCCCA-1",3
"ACATACGCATTCTCAT-1",0
"ACATACGGTAGGAGTC-1",1
"ACATACGGTGCACCAC-1",0
"ACATACGGTGGTTTCA-1",0
"ACATACGTCGTATCAG-1",2
"ACATCAGAGCCACTAT-1",1
"ACATCAGAGCCTTGAT-1",2
"ACATCAGCAACACCCG-1",3
"ACATCAGCAACGATGG-1",1
"ACATCAGCAATTGCTG-1",2
"ACATCAGCACCGGAAA-1",2
"ACATCAGCATAAAGGT-1",1
"ACATCAGCATCCCACT-1",0
"ACATCAGCATTTGCCC-1",5
"ACATCAGGTAAGGATT-1",0
"ACATCAGGTCCGTGAC-1",1
"ACATCAGGTTAAGTAG-1",1
"ACATCAGTCAAACCGT-1",2
"ACATGGTAGCATGGCA-1",3
"ACATGGTAGCTGTTCA-1",3
"ACATGGTCACTTGGAT-1",2
"ACATGGTGTCAGATAA-1",1
"ACATGGTGTCTGCGGT-1",1
"ACATGGTGTGCAACTT-1",1
"ACATGGTTCCGCAAGC-1",0
"ACATGGTTCCTCCTAG-1",2
"ACATGGTTCTGGAGCC-1",1
"ACATGGTTCTTCTGGC-1",2
"ACCAGTAAGATCACGG-1",2
"ACCAGTAAGCTTCGCG-1",0
"ACCAGTACACAGATTC-1",4
"ACCAGTACACAGGCCT-1",1
"ACCAGTACAGTATGCT-1",1
"ACCAGTACAGTCAGAG-1",4
"ACCAGTACAGTTTACG-1",0
"ACCAGTAGTCACCCAG-1",1
"ACCAGTAGTCCATCCT-1",2
"ACCAGTAGTCTTCAAG-1",0
"ACCAGTAGTGGACGAT-1",1
"ACCAGTATCTGCGACG-1",1
"ACCAGTATCTGCTTGC-1",1
"ACCAGTATCTGTTTGT-1",3
"ACCCACTAGAGGTTAT-1",1
"ACCCACTAGATCCCGC-1",1
"ACCCACTAGATGTGTA-1",1
"ACCCACTAGCCCAATT-1",0
"ACCCACTCAAGGGTCA-1",1
"ACCCACTCAAGGTTCT-1",2
"ACCCACTGTAAATGAC-1",1
"ACCCACTGTAGCCTCG-1",3
"ACCCACTGTCAAAGAT-1",4
"ACCCACTGTCAATACC-1",1
"ACCCACTGTGTGGTTT-1",2
"ACCCACTTCGCAAACT-1",1
"ACCCACTTCTGCCAGG-1",1
"ACCGTAACAATCGGTT-1",0
"ACCGTAACAATCTACG-1",1
"ACCGTAACAGGTCCAC-1",2
"ACCGTAAGTACAGCAG-1",0
"ACCGTAAGTCATGCAT-1",0
"ACCGTAAGTGAGTGAC-1",2
"ACCGTAAGTTAAGAAC-1",1
"ACCGTAAGTTCCGTCT-1",3
"ACCGTAATCACATAGC-1",3
"ACCGTAATCATGTGGT-1",1
"ACCGTAATCTGAAAGA-1",0
"ACCTTTACAATCGGTT-1",0
"ACCTTTACACGGACAA-1",0
"ACCTTTACAGCAGTTT-1",0
"ACCTTTACATGCAACT-1",1
"ACCTTTACATTTCAGG-1",2
"ACCTTTAGTGAACCTT-1",2
"ACCTTTAGTTCCACTC-1",1
"ACCTTTATCTCTAGGA-1",3
"ACGAGCCAGGCAGGTT-1",1
"ACGAGCCCACAGGCCT-1",2
"ACGAGCCCATGGAATA-1",0
"ACGAGCCGTGCACGAA-1",2
"ACGAGCCGTGTGACCC-1",1
"ACGAGCCGTTGGTTTG-1",2
"ACGAGCCTCAGTCCCT-1",0
"ACGAGCCTCGCAAACT-1",4
"ACGAGGACACTACAGT-1",0
"ACGAGGACATGTAGTC-1",2
"ACGAGGAGTACACCGC-1",2
"ACGAGGAGTGCCTGCA-1",0
"ACGAGGAGTTCTGAAC-1",4
"ACGAGGATCTGCGGCA-1",0
"ACGATACAGAGTGACC-1",1
"ACGATACAGCGCCTTG-1",4
"ACGATACAGTGATCGG-1",2
"ACGATACCACGTTGGC-1",1
"ACGATACCATTGGGCC-1",0
"ACGATACGTCGAATCT-1",1
"ACGATACTCTGACCTC-1",0
"ACGATGTAGTGCGATG-1",4
"ACGATGTAGTTGAGAT-1",0
"ACGATGTCAACGCACC-1",1
"ACGATGTCACACGCTG-1",3
"ACGATGTGTATTCTCT-1",3
"ACGATGTGTCAGTGGA-1",1
"ACGATGTGTGACTACT-1",1
"ACGATGTGTGTCGCTG-1",1
"ACGATGTTCGCGTAGC-1",0
"ACGATGTTCTCTTATG-1",1
"ACGCAGCAGCGGCTTC-1",1
"ACGCAGCAGCTGCGAA-1",3
"ACGCAGCAGTGTACGG-1",2
"ACGCAGCCACCTCGTT-1",0
"ACGCAGCCATCGACGC-1",0
"ACGCAGCCATTACCTT-1",0
"ACGCAGCGTCCATGAT-1",1
"ACGCAGCGTCTACCTC-1",1
"ACGCAGCGTCTGGTCG-1",1
"ACGCAGCGTGCGATAG-1",0
"ACGCCAGCAAAGCAAT-1",0
"ACGCCAGCAACGCACC-1",2
"ACGCCAGCACGAGAGT-1",3
"ACGCCAGCAGTGAGTG-1",1
"ACGCCAGGTGCACTTA-1",1
"ACGCCAGGTGTGCGTC-1",2
"ACGCCAGTCACAGGCC-1",1
"ACGCCAGTCAGTGTTG-1",0
"ACGCCGAAGAAACGCC-1",3
"ACGCCGAAGATCTGCT-1",4
"ACGCCGACAGCCTGTG-1",0
"ACGCCGAGTTCCAACA-1",0
"ACGCCGATCCTATGTT-1",1
"ACGCCGATCGCAGGCT-1",1
"ACGCCGATCTTGTATC-1",1
"ACGGAGAAGCCAGTTT-1",2
"ACGGAGAAGGTCATCT-1",2
"ACGGAGACACACATGT-1",6
"ACGGAGACAGCCTGTG-1",0
"ACGGAGACAGCGTAAG-1",2
"ACGGAGACAGTAAGCG-1",0
"ACGGAGAGTGTGACGA-1",1
"ACGGAGATCCACGAAT-1",1
"ACGGCCACACATCCAA-1",3
"ACGGCCACACATTCGA-1",1
"ACGGCCAGTACCGTAT-1",1
"ACGGCCAGTGTATGGG-1",0
"ACGGCCATCACGGTTA-1",0
"ACGGCCATCAGTGTTG-1",0
"ACGGCCATCTACTATC-1",4
"ACGGGCTAGGATCGCA-1",0
"ACGGGCTAGGTTCCTA-1",1
"ACGGGCTAGTGGCACA-1",2
"ACGGGCTCATCTGGTA-1",1
"ACGGGCTGTGAGGCTA-1",1
"ACGGGCTTCCGAACGC-1",1
"ACGGGTCAGATGCCAG-1",1
"ACGGGTCCATGATCCA-1",3
"ACGGGTCCATTAGGCT-1",0
"ACGGGTCCATTTCACT-1",1
"ACGGGTCGTTAGGGTG-1",1
"ACGGGTCTCAACACCA-1",3
"ACGGGTCTCCACGCAG-1",0
"ACGTCAAAGGGCTTCC-1",1
"ACGTCAAAGTGGTAAT-1",3
"ACGTCAACAACTGCGC-1",2
"ACGTCAACACAAGACG-1",0
"ACGTCAAGTAGCTCCG-1",0
"ACGTCAAGTGTCGCTG-1",2
"ACGTCAAGTTATGCGT-1",1
"ACGTCAATCAACCAAC-1",2
"ACGTCAATCATAACCG-1",2
"ACGTCAATCCAGAAGG-1",3
"ACGTCAATCTAACTCT-1",1
"ACTATCTAGAGGTTAT-1",4
"ACTATCTAGATACACA-1",1
"ACTATCTAGGAGTAGA-1",1
"ACTATCTAGGCATGTG-1",2
"ACTATCTCAAATACAG-1",0
"ACTATCTCAAATTGCC-1",1
"ACTATCTGTAGGGACT-1",1
"ACTATCTGTCGCGTGT-1",0
"ACTATCTGTGCACGAA-1",0
"ACTATCTGTGGTTTCA-1",1
"ACTATCTTCGCCGTGA-1",1
"ACTGAACAGAGTGAGA-1",3
"ACTGAACAGATCCCGC-1",0
"ACTGAACAGGTGATAT-1",1
"ACTGAACCAAAGCGGT-1",0
"ACTGAACCAAGCGAGT-1",1
"ACTGAACCAATTCCTT-1",2
"ACTGAACCAGCTGGCT-1",2
"ACTGAACCAGTCTTCC-1",2
"ACTGAACCATTACCTT-1",0
"ACTGAACGTAAGCACG-1",5
"ACTGAACGTAATCGTC-1",3
"ACTGAACGTCCAGTAT-1",1
"ACTGAACGTCTGATCA-1",1
"ACTGAACTCCCACTTG-1",3
"ACTGAGTAGCCGGTAA-1",1
"ACTGAGTCAGTGGGAT-1",0
"ACTGAGTCATTTGCCC-1",3
"ACTGAGTGTAGAGCTG-1",4
"ACTGAGTGTTGTGGCC-1",2
"ACTGAGTTCAGGTTCA-1",1
"ACTGATGAGACAGACC-1",0
"ACTGATGAGCGGATCA-1",1
"ACTGATGAGGTGCTTT-1",2
"ACTGATGCAGCAGTTT-1",0
"ACTGATGCATCACAAC-1",0
"ACTGATGGTCATGCAT-1",1
"ACTGATGTCACAATGC-1",2
"ACTGATGTCACTCCTG-1",0
"ACTGATGTCCCTGACT-1",2
"ACTGATGTCCGCTGTT-1",2
"ACTGATGTCCGGCACA-1",1
"ACTGATGTCCTATTCA-1",0
"ACTGCTCAGAGCTTCT-1",1
"ACTGCTCAGATGCCTT-1",1
"ACTGCTCCACACCGCA-1",2
"ACTGCTCCAGATGGGT-1",1
"ACTGCTCCATGCCTAA-1",1
"ACTGCTCGTAGGCATG-1",0
"ACTGCTCGTATCACCA-1",0
"ACTGCTCGTCCGAAGA-1",1
"ACTGCTCTCCGAGCCA-1",2
"ACTGTCCAGAGGGCTT-1",1
"ACTGTCCAGCAGCGTA-1",3
"ACTGTCCAGGCATGGT-1",1
"ACTGTCCCAAGGTTTC-1",2
"ACTGTCCCAAGTACCT-1",2
"ACTGTCCCAGTATCTG-1",1
"ACTGTCCCATAGAAAC-1",1
"ACTGTCCGTTGAGGTG-1",1
"ACTGTCCTCCACGTGG-1",2
"ACTGTCCTCCTTGGTC-1",3
"ACTGTCCTCTCTGTCG-1",0
"ACTTACTAGCGATAGC-1",4
"ACTTACTAGGGATGGG-1",3
"ACTTACTCACAGACAG-1",1
"ACTTACTCACATTTCT-1",1
"ACTTACTGTACTCAAC-1",2
"ACTTACTGTTCCACAA-1",2
"ACTTACTTCATCGGAT-1",0
"ACTTGTTAGACAAGCC-1",1
"ACTTGTTAGCTAGCCC-1",0
"ACTTGTTAGTTACCCA-1",1
"ACTTGTTCACGACGAA-1",3
"ACTTGTTCACGGCTAC-1",4
"ACTTGTTGTATCGCAT-1",1
"ACTTGTTGTGGTAACG-1",2
"ACTTGTTGTTGTGGAG-1",2
"ACTTGTTTCATCACCC-1",0
"ACTTTCACATGGTCAT-1",2
"ACTTTCAGTGACTACT-1",0
"ACTTTCATCGCCAGCA-1",1
"AGAATAGAGCTGAACG-1",3
"AGAATAGAGCTGTCTA-1",3
"AGAATAGAGGTAGCTG-1",0
"AGAATAGCATGGTCTA-1",4
"AGAATAGGTAATCGTC-1",1
"AGAATAGGTATTCTCT-1",1
"AGAATAGGTGCGGTAA-1",1
"AGAATAGGTTAAGAAC-1",1
"AGAATAGTCAGGCCCA-1",5
"AGACGTTAGAATGTGT-1",1
"AGACGTTAGCTCCTCT-1",2
"AGACGTTAGTGCCAGA-1",0
"AGACGTTCAGGATCGA-1",1
"AGACGTTGTAGCTGCC-1",0
"AGACGTTGTCTGCAAT-1",2
"AGACGTTGTTCTGTTT-1",1
"AGACGTTTCGCATGGC-1",3
"AGACGTTTCGCTTAGA-1",1
"AGAGCGACAACTTGAC-1",0
"AGAGCGACAAGTACCT-1",2
"AGAGCGACACAACGTT-1",3
"AGAGCGACATGAGCGA-1",1
"AGAGCGAGTCAGTGGA-1",0
"AGAGCGAGTCGACTGC-1",0
"AGAGCGAGTTGAGTTC-1",0
"AGAGCGATCGCGTAGC-1",0
"AGAGCGATCTATCCTA-1",2
"AGAGCGATCTCGCTTG-1",1
"AGAGCTTAGCCGTCGT-1",0
"AGAGCTTAGTACACCT-1",3
"AGAGCTTAGTCATGCT-1",1
"AGAGCTTGTAGAGCTG-1",1
"AGAGCTTGTATCACCA-1",2
"AGAGCTTTCACTATTC-1",7
"AGAGCTTTCCTGCAGG-1",3
"AGAGCTTTCGCAAACT-1",0
"AGAGCTTTCGCTTAGA-1",5
"AGAGTGGAGAGCCTAG-1",1
"AGAGTGGAGGCCCTTG-1",1
"AGAGTGGAGGTACTCT-1",1
"AGAGTGGCACAAGACG-1",1
"AGAGTGGCACCTCGTT-1",2
"AGAGTGGCATCCGGGT-1",1
"AGAGTGGCATCTGGTA-1",0
"AGAGTGGGTCAGCTAT-1",4
"AGAGTGGGTCCTCCAT-1",3
"AGAGTGGGTCTAGTCA-1",1
"AGAGTGGGTTACCGAT-1",0
"AGATCTGAGGTGGGTT-1",1
"AGATCTGAGTCAAGGC-1",2
"AGATCTGCAATGTTGC-1",2
"AGATCTGTCGAATCCA-1",0
"AGATCTGTCTGCAGTA-1",0
"AGATTGCAGGCTACGA-1",0
"AGATTGCCACGACGAA-1",0
"AGATTGCCAGATGGGT-1",1
"AGATTGCGTAGAGCTG-1",5
"AGATTGCGTGATGTCT-1",0
"AGATTGCGTGTTCGAT-1",2
"AGATTGCGTTCACGGC-1",0
"AGATTGCTCACTGGGC-1",2
"AGATTGCTCATCTGTT-1",4
"AGCAGCCAGCTGATAA-1",2
"AGCAGCCCACCGAAAG-1",1
"AGCAGCCGTCGACTGC-1",1
"AGCAGCCGTCGCTTTC-1",0
"AGCAGCCGTCTAACGT-1",2
"AGCAGCCGTGTGAAAT-1",0
"AGCAGCCGTTTGTTGG-1",1
"AGCAGCCTCCAAACAC-1",1
"AGCATACAGTGGTAGC-1",6
"AGCATACAGTTGTCGT-1",4
"AGCATACGTCTTCTCG-1",3
"AGCATACGTTAAGTAG-1",2
"AGCATACTCCGTTGCT-1",0
"AGCCTAAAGATATGGT-1",1
"AGCCTAACAAAGCGGT-1",1
"AGCCTAACAGATAATG-1",3
"AGCCTAAGTACGAAAT-1",2
"AGCCTAAGTCACCTAA-1",0
"AGCCTAAGTGTGCCTG-1",1
"AGCCTAATCACCCGAG-1",3
"AGCCTAATCCAATGGT-1",0
"AGCCTAATCCTTGGTC-1",0
"AGCCTAATCTGTGCAA-1",0
"AGCCTAATCTGTTTGT-1",1
"AGCGGTCAGCGAAGGG-1",4
"AGCGGTCAGGTACTCT-1",2
"AGCGGTCAGTGACTCT-1",2
"AGCGGTCCAGCCTTGG-1",1
"AGCGGTCGTCCTAGCG-1",1
"AGCGGTCGTGGTGTAG-1",1
"AGCGGTCGTTAAGGGC-1",3
"AGCGGTCGTTTGCATG-1",1
"AGCGGTCTCCGAAGAG-1",1
"AGCGGTCTCCTCAATT-1",1
"AGCGGTCTCTGGGCCA-1",2
"AGCGTATAGAACTGTA-1",0
"AGCGTATAGCGATGAC-1",1
"AGCGTATAGGTACTCT-1",1
"AGCGTATGTTGAGGTG-1",1
"AGCGTATTCCAGAGGA-1",1
"AGCGTCGAGTTGAGTA-1",0
"AGCGTCGCAGGGATTG-1",3
"AGCGTCGTCTGAAAGA-1",1
"AGCTCCTAGACCTAGG-1",1
"AGCTCCTAGCGTTTAC-1",3
"AGCTCCTGTGTTTGTG-1",1
"AGCTCCTGTTGTCTTT-1",1
"AGCTCCTTCCGAATGT-1",2
"AGCTCCTTCTTGACGA-1",3
"AGCTCTCAGCGGATCA-1",0
"AGCTCTCAGCTGTTCA-1",2
"AGCTCTCAGGTGCTAG-1",1
"AGCTCTCCATACAGCT-1",2
"AGCTCTCGTCAGAGGT-1",0
"AGCTCTCGTGGGTCAA-1",2
"AGCTCTCTCACAACGT-1",0
"AGCTCTCTCTTGACGA-1",1
"AGCTTGAAGCATCATC-1",7
"AGCTTGAAGTAGCGGT-1",1
"AGCTTGAAGTTGTCGT-1",3
"AGCTTGACAATCCAAC-1",1
"AGCTTGACACCGATAT-1",2
"AGCTTGAGTCTACCTC-1",0
"AGCTTGAGTGCGCTTG-1",0
"AGCTTGAGTTACGCGC-1",4
"AGCTTGATCCTGCCAT-1",1
"AGCTTGATCTGCAAGT-1",1
"AGGCCACAGAGTAAGG-1",1
"AGGCCACAGGGTCTCC-1",3
"AGGCCACAGTACTTGC-1",3
"AGGCCACCAGGACCCT-1",4
"AGGCCACCATCAGTCA-1",0
"AGGCCACTCATGCTCC-1",0
"AGGCCACTCATGGTCA-1",0
"AGGCCACTCATTGCGA-1",0
"AGGCCGTAGGATCGCA-1",2
"AGGCCGTCACGTAAGG-1",4
"AGGCCGTCAGCTCGAC-1",0
"AGGCCGTCATCGTCGG-1",5
"AGGCCGTTCACGGTTA-1",2
"AGGCCGTTCGAACTGT-1",2
"AGGCCGTTCTCAAGTG-1",0
"AGGCCGTTCTGCTTGC-1",0
"AGGGAGTAGCCCAACC-1",2
"AGGGAGTAGGAGTACC-1",2
"AGGGAGTAGGCAGGTT-1",0
"AGGGAGTCACGAGAGT-1",2
"AGGGAGTCAGAAGCAC-1",1
"AGGGAGTCAGATCCAT-1",0
"AGGGAGTCATCGACGC-1",0
"AGGGAGTCATGCTAGT-1",0
"AGGGAGTGTCCATGAT-1",4
"AGGGAGTTCATAACCG-1",0
"AGGGATGAGCTCTCGG-1",1
"AGGGATGAGGAGTAGA-1",1
"AGGGATGAGTAGCGGT-1",2
"AGGGATGCAATGAATG-1",1
"AGGGATGCAATGGAGC-1",2
"AGGGATGCACAAGACG-1",2
"AGGGATGCACATTTCT-1",3
"AGGGATGCATGGTCTA-1",0
"AGGGATGGTTAAAGTG-1",1
"AGGGATGGTTATGCGT-1",1
"AGGGATGTCGTGACAT-1",3
"AGGGTGAAGATGGCGT-1",2
"AGGGTGAAGATGGGTC-1",2
"AGGGTGAAGGCTCAGA-1",1
"AGGGTGACACGAGAGT-1",1
"AGGGTGACAGATGGCA-1",4
"AGGGTGACAGATTGCT-1",1
"AGGGTGAGTACTCTCC-1",1
"AGGGTGAGTTATCGGT-1",3
"AGGGTGAGTTCTGAAC-1",6
"AGGGTGATCTCGCTTG-1",0
"AGGTCATAGAGCCCAA-1",1
"AGGTCATAGCCAGAAC-1",4
"AGGTCATAGGCATGGT-1",0
"AGGTCATAGGGAGTAA-1",1
"AGGTCATCACTCAGGC-1",1
"AGGTCATCACTCTGTC-1",0
"AGGTCATGTTCCACTC-1",3
"AGGTCATTCTCGTTTA-1",0
"AGGTCCGAGGATGCGT-1",1
"AGGTCCGCAACACGCC-1",2
"AGGTCCGGTGATGCCC-1",0
"AGGTCCGTCCATGAAC-1",3
"AGGTCCGTCGCCCTTA-1",1
"AGGTCCGTCTGCGTAA-1",0
"AGTAGTCAGACTGTAA-1",3
"AGTAGTCAGTACGACG-1",1
"AGTAGTCAGTTTAGGA-1",1
"AGTAGTCCAACTGGCC-1",3
"AGTAGTCGTGCAGACA-1",0
"AGTAGTCTCACCCGAG-1",1
"AGTCTTTAGGCAGTCA-1",1
"AGTCTTTCAAATCCGT-1",1
"AGTCTTTCATATACCG-1",2
"AGTCTTTGTGCTTCTC-1",3
"AGTCTTTGTGTCCTCT-1",6
"AGTCTTTGTTTGTTTC-1",2
"AGTCTTTTCGCAGGCT-1",1
"AGTCTTTTCGCGTAGC-1",2
"AGTCTTTTCGCTAGCG-1",1
"AGTCTTTTCGCTTGTC-1",3
"AGTCTTTTCTGACCTC-1",1
"AGTGAGGAGATAGCAT-1",0
"AGTGAGGCAGGTGCCT-1",3
"AGTGAGGGTATGAAAC-1",0
"AGTGAGGGTCACTTCC-1",1
"AGTGAGGGTCGCGAAA-1",1
"AGTGAGGGTTATGTGC-1",0
"AGTGAGGTCTACTATC-1",3
"AGTGGGAAGCAGACTG-1",2
"AGTGGGACAAACGCGA-1",1
"AGTGGGACAAGCCGTC-1",1
"AGTGGGACACAGGAGT-1",1
"AGTGGGACACGAGAGT-1",2
"AGTGGGATCATCGATG-1",1
"AGTGGGATCCACGAAT-1",1
"AGTGGGATCCTGCAGG-1",1
"AGTGTCAAGAAGCCCA-1",1
"AGTGTCAAGCTAGTCT-1",4
"AGTGTCAAGTACGACG-1",4
"AGTGTCAAGTGAACAT-1",1
"AGTGTCACACCATCCT-1",1
"AGTGTCACAGTAAGCG-1",0
"AGTGTCACAGTGGAGT-1",3
"AGTGTCAGTAAACCTC-1",1
"AGTGTCAGTACAGCAG-1",1
"AGTGTCAGTCTCCACT-1",2
"AGTGTCAGTTTGACTG-1",2
"AGTGTCATCAAAGTAG-1",0
"AGTGTCATCCGTCAAA-1",2
"AGTGTCATCGTTACAG-1",2
"AGTGTCATCTGTCAAG-1",1
"AGTTGGTAGACTGTAA-1",0
"AGTTGGTAGTACGCGA-1",3
"AGTTGGTCAAATTGCC-1",1
"AGTTGGTCAGGAATGC-1",2
"AGTTGGTCATGCGCAC-1",0
"AGTTGGTGTACCGTAT-1",5
"AGTTGGTGTATGCTTG-1",1
"AGTTGGTGTCAGGACA-1",1
"AGTTGGTGTTCAGACT-1",0
"AGTTGGTTCAGTACGT-1",1
"AGTTGGTTCCTCAACC-1",2
"AGTTGGTTCGTACCGG-1",1
"AGTTGGTTCTGTCCGT-1",0
"ATAACGCAGTTGAGTA-1",0
"ATAACGCCACGTGAGA-1",2
"ATAACGCGTGAACCTT-1",5
"ATAACGCGTGTCCTCT-1",1
"ATAACGCGTGTGAAAT-1",0
"ATAACGCTCTCCGGTT-1",2
"ATAAGAGAGTCCGGTC-1",0
"ATAAGAGCAACTGCGC-1",1
"ATAAGAGCAGTATCTG-1",1
"ATAAGAGGTGACGCCT-1",0
"ATAAGAGGTTAAAGTG-1",1
"ATAAGAGTCAGCACAT-1",3
"ATAAGAGTCAGTGCAT-1",1
"ATAGACCAGAGAGCTC-1",0
"ATAGACCAGCCCAATT-1",0
"ATAGACCCAAGCCATT-1",3
"ATAGACCCATCTGGTA-1",1
"ATAGACCGTATATGGA-1",1
"ATAGACCGTGGACGAT-1",0
"ATAGACCGTGGCGAAT-1",0
"ATAGACCGTTTCGCTC-1",1
"ATCACGAAGAACTCGG-1",4
"ATCACGAAGACACGAC-1",3
"ATCACGAAGTTACCCA-1",2
"ATCACGACAAGACACG-1",1
"ATCACGACAAGCGTAG-1",1
"ATCACGACACACATGT-1",1
"ATCACGACACCACCAG-1",0
"ATCACGACACGGTAAG-1",3
"ATCACGACAGCGAACA-1",1
"ATCACGATCCCGACTT-1",1
"ATCACGATCGGTGTCG-1",3
"ATCATCTAGCCTATGT-1",1
"ATCATCTAGGCCATAG-1",4
"ATCATCTAGTACTTGC-1",0
"ATCATCTCAGACGCCT-1",2
"ATCATCTCATCCGTGG-1",1
"ATCATCTGTATTACCG-1",1
"ATCATCTGTCACTTCC-1",2
"ATCATCTTCAGCGACC-1",2
"ATCATCTTCCTCAACC-1",1
"ATCATGGCAAGCGTAG-1",0
"ATCATGGCAAGGTTCT-1",0
"ATCATGGCACTACAGT-1",0
"ATCATGGGTAAGGGAA-1",0
"ATCATGGGTTGTGGCC-1",2
"ATCATGGTCAATAAGG-1",0
"ATCATGGTCCAATGGT-1",0
"ATCATGGTCGCCATAA-1",4
"ATCATGGTCGGTTAAC-1",2
"ATCCACCAGCTAGTCT-1",2
"ATCCACCAGGCTCTTA-1",0
"ATCCACCCAAACGTGG-1",0
"ATCCACCCAGTTAACC-1",1
"ATCCACCGTCCGAAGA-1",0
"ATCCACCGTTTGTTTC-1",3
"ATCCACCTCCTGCTTG-1",3
"ATCCACCTCCTTAATC-1",1
"ATCCACCTCTGGTATG-1",4
"ATCCGAAAGCGATGAC-1",0
"ATCCGAAAGCTAGGCA-1",1
"ATCCGAACAAACGTGG-1",0
"ATCCGAACAACAACCT-1",1
"ATCCGAACAAGGACTG-1",2
"ATCCGAACACCCATTC-1",3
"ATCCGAACACGGTAGA-1",1
"ATCCGAAGTAGCGCTC-1",0
"ATCCGAAGTCATTAGC-1",1
"ATCCGAAGTCTCTTAT-1",0
"ATCCGAATCCAACCAA-1",0
"ATCCGAATCCTTGACC-1",7
"ATCCGAATCTTGTCAT-1",0
"ATCGAGTAGACTTTCG-1",0
"ATCGAGTCATCCGGGT-1",0
"ATCGAGTGTCCCTTGT-1",0
"ATCGAGTGTCTCCCTA-1",1
"ATCGAGTTCATGCATG-1",1
"ATCGAGTTCCTGCCAT-1",1
"ATCTACTAGGTGTGGT-1",0
"ATCTACTCAGCTGTAT-1",3
"ATCTACTCAGTACACT-1",2
"ATCTACTCATGACATC-1",1
"ATCTACTGTAAGTAGT-1",2
"ATCTACTGTGTCGCTG-1",0
"ATCTACTTCCGCGTTT-1",2
"ATCTACTTCGCAAGCC-1",3
"ATCTACTTCTATCGCC-1",3
"ATCTACTTCTCTAAGG-1",1
"ATCTGCCAGGCTCAGA-1",1
"ATCTGCCGTACAGTTC-1",1
"ATCTGCCGTTGTGGAG-1",1
"ATCTGCCTCAGAGACG-1",2
"ATCTGCCTCAGCTGGC-1",3
"ATCTGCCTCGTACGGC-1",0
"ATCTGCCTCTCGAGTA-1",0
"ATCTGCCTCTGAGTGT-1",2
"ATCTGCCTCTTGTATC-1",2
"ATGAGGGAGGTCGGAT-1",0
"ATGAGGGCATGACGGA-1",0
"ATGAGGGCATTAGGCT-1",2
"ATGAGGGTCACATGCA-1",1
"ATGAGGGTCAGTCCCT-1",0
"ATGCGATAGTCAATAG-1",2
"ATGCGATCATGTTGAC-1",1
"ATGCGATGTGCAGTAG-1",2
"ATGCGATGTGCATCTA-1",1
"ATGCGATTCCCAAGAT-1",2
"ATGCGATTCGCCATAA-1",0
"ATGGGAGAGCAATATG-1",1
"ATGGGAGAGCCACGCT-1",1
"ATGGGAGAGGTGATAT-1",4
"ATGGGAGCACCAGGTC-1",3
"ATGGGAGCACTATCTT-1",4
"ATGGGAGCAGCATACT-1",1
"ATGGGAGCATAGAAAC-1",1
"ATGGGAGCATTACCTT-1",1
"ATGGGAGTCAAGGTAA-1",0
"ATGTGTGAGCGAAGGG-1",1
"ATGTGTGAGGGTTTCT-1",3
"ATGTGTGAGTTGAGTA-1",0
"ATGTGTGCACGGCGTT-1",0
"ATGTGTGCACGGTTTA-1",0
"ATGTGTGCAGTATAAG-1",1
"ATGTGTGTCACGCGGT-1",1
"ATTACTCAGATGTGTA-1",1
"ATTACTCAGCGTAATA-1",1
"ATTACTCAGGTGCACA-1",2
"ATTACTCAGTGAAGTT-1",1
"ATTACTCCAAACTGTC-1",3
"ATTACTCCACCATCCT-1",1
"ATTACTCCAGACTCGC-1",1
"ATTACTCCATATGCTG-1",1
"ATTACTCCATCGGTTA-1",2
"ATTACTCCATTGCGGC-1",1
"ATTACTCGTTAAAGAC-1",1
"ATTACTCTCCGAACGC-1",3
"ATTATCCAGAGTACCG-1",0
"ATTATCCAGCTTATCG-1",1
"ATTATCCCACAAGCCC-1",1
"ATTATCCCATATGAGA-1",0
"ATTATCCCATCTGGTA-1",0
"ATTATCCGTCGTTGTA-1",4
"ATTATCCGTCTCTCTG-1",2
"ATTATCCTCAACGGGA-1",2
"ATTATCCTCCGCGCAA-1",1
"ATTATCCTCTCCGGTT-1",1
"ATTCTACGTCACTTCC-1",2
"ATTCTACGTCTAGTCA-1",1
"ATTCTACGTTGTCGCG-1",1
"ATTGGACAGCAGATCG-1",1
"ATTGGACAGGGCATGT-1",0
"ATTGGACAGTGGACGT-1",1
"ATTGGACCAAGACACG-1",2
"ATTGGACGTAATAGCA-1",6
"ATTGGACTCCTGCTTG-1",3
"ATTGGACTCGGCGCAT-1",1
"ATTGGACTCGTTTGCC-1",2
"ATTGGTGAGAATGTTG-1",0
"ATTGGTGCAAGCTGAG-1",3
"ATTGGTGCAGCAGTTT-1",3
"ATTGGTGGTATGGTTC-1",2
"ATTGGTGGTTGAGTTC-1",0
"ATTGGTGTCAAAGTAG-1",1
"ATTGGTGTCGGAAACG-1",4
"ATTTCTGAGGGATACC-1",2
"ATTTCTGAGGGATCTG-1",2
"ATTTCTGAGGTGTTAA-1",1
"ATTTCTGAGTCGAGTG-1",0
"ATTTCTGAGTTCGCAT-1",0
"ATTTCTGCAAGGTGTG-1",0
"ATTTCTGGTAGCTCCG-1",0
"ATTTCTGGTGCACGAA-1",1
"ATTTCTGGTTGCCTCT-1",0
"ATTTCTGTCAAAGTAG-1",1
"ATTTCTGTCAGCTCGG-1",2
"ATTTCTGTCTTGGGTA-1",1
"CAACCAAAGAAACGCC-1",2
"CAACCAAAGAGGGCTT-1",0
"CAACCAAAGCTGAAAT-1",3
"CAACCAAAGGACAGCT-1",1
"CAACCAAAGGGAGTAA-1",2
"CAACCAACATACGCTA-1",3
"CAACCTCAGTAATCCC-1",2
"CAACCTCCAGACGCAA-1",4
"CAACCTCGTGAGTGAC-1",1
"CAACCTCGTTCCACGG-1",0
"CAACCTCTCATACGGT-1",1
"CAACCTCTCCGATATG-1",0
"CAACCTCTCCTTTACA-1",3
"CAACCTCTCTCTAGGA-1",2
"CAACTAGAGAATAGGG-1",0
"CAACTAGAGGATGCGT-1",1
"CAACTAGCACCATCCT-1",2
"CAACTAGCAGACTCGC-1",1
"CAACTAGCAGTTCATG-1",0
"CAACTAGGTACGCACC-1",1
"CAACTAGTCAGGCCCA-1",1
"CAAGAAAAGAAGGACA-1",1
"CAAGAAAAGACGCACA-1",0
"CAAGAAAAGGCCCTTG-1",2
"CAAGAAAAGGTGATAT-1",0
"CAAGAAAAGTCGATAA-1",1
"CAAGAAAAGTGGAGTC-1",2
"CAAGAAAAGTGTACCT-1",0
"CAAGAAACACGGTGTC-1",0
"CAAGAAATCTGCTTGC-1",0
"CAAGATCAGCTGAAAT-1",1
"CAAGATCGTAAGAGGA-1",1
"CAAGATCGTGCCTTGG-1",1
"CAAGATCTCAACACCA-1",1
"CAAGATCTCTCGATGA-1",1
"CAAGGCCAGGAGTCTG-1",0
"CAAGGCCAGGCTATCT-1",2
"CAAGGCCCACGGTAAG-1",0
"CAAGGCCCATGTTCCC-1",2
"CAAGGCCGTCCGTCAG-1",2
"CAAGGCCTCAACGGGA-1",2
"CAAGGCCTCCTTGACC-1",1
"CAAGGCCTCGTGACAT-1",2
"CAAGTTGAGACAGGCT-1",0
"CAAGTTGAGATGTCGG-1",0
"CAAGTTGAGCGTCAAG-1",0
"CAAGTTGAGCGTTTAC-1",1
"CAAGTTGCACATTAGC-1",2
"CAAGTTGCACGCTTTC-1",3
"CAAGTTGCACGGTGTC-1",1
"CAAGTTGCATTCTTAC-1",6
"CAAGTTGGTACTCAAC-1",0
"CAAGTTGGTCAGGACA-1",1
"CAAGTTGGTCGGCACT-1",1
"CAAGTTGTCAACGAAA-1",0
"CAAGTTGTCACCACCT-1",0
"CAAGTTGTCATTGCCC-1",4
"CAAGTTGTCGAATCCA-1",1
"CAAGTTGTCTACTTAC-1",1
"CACAAACAGGGCTCTC-1",0
"CACAAACAGGGCTTGA-1",1
"CACAAACAGTGACATA-1",1
"CACAAACCAACTGCGC-1",3
"CACAAACCAATAAGCA-1",1
"CACAAACCAATCAGAA-1",3
"CACAAACCACTTAACG-1",3
"CACAAACCATGAACCT-1",2
"CACAAACCATGGTCAT-1",1
"CACAAACGTCAACTGT-1",0
"CACAAACGTCAGAATA-1",0
"CACAAACTCTTCGGTC-1",0
"CACAAACTCTTGGGTA-1",7
"CACACAAAGCGACGTA-1",2
"CACACAAAGGGAGTAA-1",0
"CACACAACAAACGTGG-1",1
"CACACAACACATGACT-1",2
"CACACAACATCGATTG-1",0
"CACACAACATTGGGCC-1",1
"CACACAAGTACGACCC-1",1
"CACACAAGTCAGTGGA-1",0
"CACACAAGTCATCGGC-1",3
"CACACAAGTTTACTCT-1",1
"CACACAATCCACGTGG-1",4
"CACACAATCCACGTTC-1",1
"CACACAATCGGCGCAT-1",0
"CACACCTAGAGACTAT-1",5
"CACACCTAGGACATTA-1",2
"CACACCTAGTCATCCA-1",4
"CACACCTAGTGTGAAT-1",3
"CACACCTCACTGAAGG-1",0
"CACACCTCATAGGATA-1",0
"CACACCTCATAGTAAG-1",0
"CACACCTCATTGGGCC-1",0
"CACACCTGTACAGCAG-1",0
"CACACCTGTACCGCTG-1",0
"CACACCTGTCCAAGTT-1",2
"CACACCTGTGGACGAT-1",1
"CACACCTGTGGTCTCG-1",1
"CACACCTTCATGTCTT-1",0
"CACACCTTCTGGCGAC-1",0
"CACACTCAGGGAAACA-1",4
"CACACTCCAACACCTA-1",1
"CACACTCCAAGGGTCA-1",1
"CACACTCGTGACGCCT-1",2
"CACACTCGTTTGTGTG-1",1
"CACAGGCAGCCATCGC-1",3
"CACAGGCAGGGATGGG-1",1
"CACAGGCCAAGAGTCG-1",2
"CACAGGCCAATGGAGC-1",1
"CACAGGCGTCTAGGTT-1",1
"CACAGGCGTTACGCGC-1",1
"CACAGGCTCGGGAGTA-1",1
"CACAGGCTCTATGTGG-1",2
"CACAGTAAGACGCAAC-1",2
"CACAGTAAGACGCACA-1",2
"CACAGTAAGTGGGCTA-1",3
"CACAGTACAACTGGCC-1",0
"CACAGTACATCGGACC-1",1
"CACAGTAGTTCCATGA-1",2
"CACATAGAGCCCAATT-1",0
"CACATAGAGTGTACTC-1",1
"CACATAGCACTTCTGC-1",2
"CACATAGCAGGGTATG-1",1
"CACATAGTCCTTGCCA-1",3
"CACATAGTCGGCGCAT-1",1
"CACATTTAGCAGATCG-1",0
"CACATTTAGGGCACTA-1",0
"CACATTTCACGGCGTT-1",1
"CACATTTCATTACCTT-1",3
"CACATTTGTCGAACAG-1",2
"CACATTTGTGTTGAGG-1",3
"CACATTTTCCAGAGGA-1",1
"CACATTTTCCGCATCT-1",0
"CACATTTTCTACTATC-1",1
"CACATTTTCTGTGCAA-1",0
"CACCACTAGCCACGTC-1",1
"CACCACTAGTGGTAAT-1",2
"CACCACTAGTTACCCA-1",0
"CACCACTCAAGCCCAC-1",1
"CACCACTCAGTTCATG-1",1
"CACCACTGTTATTCTC-1",1
"CACCACTTCACCGGGT-1",2
"CACCACTTCGAATCCA-1",1
"CACCACTTCGACCAGC-1",1
"CACCACTTCTAACCGA-1",0
"CACCACTTCTTTAGTC-1",0
"CACCAGGCACATTAGC-1",1
"CACCAGGCACTGCCAG-1",2
"CACCAGGCATAAAGGT-1",1
"CACCAGGCATGAACCT-1",0
"CACCAGGGTGAAATCA-1",1
"CACCAGGGTGTTTGGT-1",0
"CACCAGGGTTATCACG-1",2
"CACCAGGTCATGTAGC-1",2
"CACCAGGTCTGCTTGC-1",2
"CACCTTGAGACTTGAA-1",2
"CACCTTGAGTCAATAG-1",0
"CACCTTGCACTAGTAC-1",0
"CACCTTGCAGGCGATA-1",1
"CACCTTGCATTCCTGC-1",1
"CACCTTGGTCATTAGC-1",1
"CACCTTGGTGATGTCT-1",2
"CACCTTGGTGTGAAAT-1",0
"CACCTTGGTTATGTGC-1",1
"CACCTTGTCAACCATG-1",2
"CACCTTGTCATTATCC-1",5
"CACCTTGTCCAAAGTC-1",0
"CACCTTGTCTCACATT-1",2
"CACTCCAAGACAAGCC-1",2
"CACTCCAAGGTACTCT-1",0
"CACTCCACAATGGACG-1",1
"CACTCCAGTACATGTC-1",0
"CACTCCAGTTGTCGCG-1",1
"CACTCCATCAACACAC-1",0
"CACTCCATCCCAGGTG-1",3
"CAGAATCAGAAACCTA-1",1
"CAGAATCAGCCAACAG-1",3
"CAGAATCAGCTGGAAC-1",0
"CAGAATCAGGACTGGT-1",0
"CAGAATCAGTATCGAA-1",2
"CAGAATCCACAGAGGT-1",3
"CAGAATCCAGGGTACA-1",1
"CAGAATCGTAAGTGTA-1",1
"CAGAATCGTAATCACC-1",1
"CAGAATCTCAGTTTGG-1",2
"CAGAATCTCGCAAGCC-1",1
"CAGAATCTCGGTCCGA-1",1
"CAGAATCTCTTGCAAG-1",5
"CAGAATCTCTTGTACT-1",4
"CAGAGAGAGAATTGTG-1",0
"CAGAGAGAGCAATATG-1",2
"CAGAGAGCAAGAAGAG-1",0
"CAGAGAGCACCAGATT-1",2
"CAGAGAGGTAATCACC-1",3
"CAGAGAGGTAGCTGCC-1",0
"CAGAGAGGTAGGACAC-1",0
"CAGAGAGGTATAGGGC-1",2
"CAGAGAGGTCCGAATT-1",1
"CAGAGAGGTTGAGGTG-1",2
"CAGAGAGTCACCCGAG-1",0
"CAGAGAGTCATAACCG-1",2
"CAGAGAGTCCGAACGC-1",4
"CAGAGAGTCTGGTATG-1",2
"CAGATCAAGAGACGAA-1",4
"CAGATCAAGCACCGTC-1",3
"CAGATCAAGCTTCGCG-1",2
"CAGATCAAGGATTCGG-1",1
"CAGATCAAGTGTACCT-1",1
"CAGATCAAGTTTAGGA-1",2
"CAGATCACAATAACGA-1",1
"CAGATCACACACCGAC-1",1
"CAGATCACACGGTAAG-1",2
"CAGATCACACTCTGTC-1",1
"CAGATCACAGCATACT-1",1
"CAGATCACAGTGGGAT-1",1
"CAGATCAGTACCAGTT-1",1
"CAGATCAGTGCGGTAA-1",0
"CAGATCATCTGATACG-1",4
"CAGATCATCTGATTCT-1",1
"CAGCAGCAGATGCCAG-1",1
"CAGCAGCAGGGAACGG-1",0
"CAGCAGCCACCTATCC-1",0
"CAGCAGCCATCACAAC-1",1
"CAGCAGCGTGCTAGCC-1",2
"CAGCAGCTCAACACTG-1",3
"CAGCAGCTCGAACTGT-1",0
"CAGCAGCTCGCCGTGA-1",0
"CAGCATAAGAGACGAA-1",4
"CAGCATAGTCTAGGTT-1",0
"CAGCATAGTTTACTCT-1",1
"CAGCATATCACGAAGG-1",0
"CAGCATATCAGGCAAG-1",4
"CAGCATATCCTTAATC-1",0
"CAGCCGAAGCATCATC-1",4
"CAGCCGAAGTTTCCTT-1",1
"CAGCCGACACGTGAGA-1",0
"CAGCCGACATCAGTCA-1",0
"CAGCCGAGTGATGTCT-1",3
"CAGCCGATCACCAGGC-1",1
"CAGCCGATCCTCAATT-1",0
"CAGCGACAGAAACGCC-1",2
"CAGCGACAGCGTCAAG-1",2
"CAGCGACCAAACGTGG-1",2
"CAGCGACCAAAGCGGT-1",3
"CAGCGACCACGTCAGC-1",2
"CAGCGACCATGGGACA-1",1
"CAGCGACGTCTGATTG-1",2
"CAGCGACGTGGACGAT-1",0
"CAGCGACGTGGTTTCA-1",3
"CAGCGACGTTCGGCAC-1",0
"CAGCGACTCCGCAAGC-1",2
"CAGCGACTCTGGGCCA-1",1
"CAGCTAAAGATGTGTA-1",0
"CAGCTAAAGCAGACTG-1",0
"CAGCTAAAGCTGTTCA-1",2
"CAGCTAAAGGAGCGTT-1",1
"CAGCTAACACAGATTC-1",2
"CAGCTAACATCAGTAC-1",3
"CAGCTAAGTAATCGTC-1",2
"CAGCTAAGTCTCACCT-1",1
"CAGCTAAGTTCGTCTC-1",2
"CAGCTAATCCACGCAG-1",1
"CAGCTAATCCCTAACC-1",3
"CAGCTAATCTGGTTCC-1",0
"CAGCTAATCTTAGCCC-1",3
"CAGCTAATCTTCGGTC-1",3
"CAGCTGGAGACACTAA-1",1
"CAGCTGGAGATCCTGT-1",1
"CAGCTGGCACCAACCG-1",3
"CAGCTGGCAGTGGAGT-1",1
"CAGCTGGCATGCATGT-1",2
"CAGCTGGTCTACCTGC-1",3
"CAGGTGCAGAGACGAA-1",2
"CAGGTGCAGATCCTGT-1",0
"CAGGTGCAGGCATGTG-1",0
"CAGGTGCCAGGAACGT-1",1
"CAGGTGCCATAGTAAG-1",4
"CAGGTGCCATCGGAAG-1",1
"CAGGTGCTCAGTTGAC-1",3
"CAGGTGCTCCAAGTAC-1",1
"CAGGTGCTCTTGTATC-1",10
"CAGTAACAGATATGGT-1",2
"CAGTAACAGATGGCGT-1",1
"CAGTAACCAATCACAC-1",1
"CAGTAACCACTCGACG-1",2
"CAGTAACGTGATAAGT-1",1
"CAGTAACGTGCACCAC-1",0
"CAGTAACTCAGAGGTG-1",0
"CAGTAACTCGTACGGC-1",0
"CAGTAACTCGTGACAT-1",2
"CAGTAACTCTGCCAGG-1",2
"CAGTCCTAGAATCTCC-1",1
"CAGTCCTAGATCTGCT-1",2
"CAGTCCTCAGTATAAG-1",2
"CAGTCCTTCAACACGT-1",2
"CAGTCCTTCCATGAGT-1",4
"CAGTCCTTCCCGACTT-1",2
"CAGTCCTTCCCTTGTG-1",2
"CAGTCCTTCGAACGGA-1",3
"CAGTCCTTCGGTTCGG-1",2
"CAGTCCTTCTACTTAC-1",0
"CATATGGAGAGATGAG-1",0
"CATATGGAGGCATGGT-1",0
"CATATGGAGTATTGGA-1",2
"CATATGGCAAGCGTAG-1",0
"CATATGGGTCGCATAT-1",1
"CATATGGTCATTATCC-1",1
"CATATGGTCATTGCGA-1",0
"CATATTCAGGCGACAT-1",3
"CATATTCCACCACCAG-1",1
"CATATTCGTGACTACT-1",3
"CATATTCGTGGTACAG-1",1
"CATATTCGTGTGACGA-1",1
"CATATTCTCACAGGCC-1",1
"CATATTCTCGCAAACT-1",1
"CATCAAGAGAACTCGG-1",3
"CATCAAGAGATGGCGT-1",2
"CATCAAGAGCCGCCTA-1",2
"CATCAAGCACGAAACG-1",2
"CATCAAGCAGCCTTTC-1",1
"CATCAAGCATGGAATA-1",2
"CATCAAGGTTACTGAC-1",4
"CATCAAGGTTCCATGA-1",0
"CATCAAGTCTAAGCCA-1",0
"CATCAAGTCTGACCTC-1",0
"CATCAGAAGCTAGTCT-1",1
"CATCAGACAAGCCATT-1",1
"CATCAGACAATGACCT-1",1
"CATCAGACACGGCCAT-1",2
"CATCAGACAGACAGGT-1",2
"CATCAGACATAACCTG-1",1
"CATCAGAGTAATTGGA-1",1
"CATCAGAGTACATGTC-1",1
"CATCAGAGTGTTAAGA-1",0
"CATCAGAGTTCAACCA-1",0
"CATCAGATCGTTGACA-1",1
"CATCCACGTAAAGTCA-1",1
"CATCCACGTACCGTAT-1",3
"CATCCACGTGCCTGTG-1",1
"CATCCACGTTTAAGCC-1",1
"CATCGAAAGAGTACAT-1",3
"CATCGAAAGCTGTCTA-1",1
"CATCGAACAAGAGGCT-1",3
"CATCGAACAAGCTGAG-1",0
"CATCGAACACATTTCT-1",1
"CATCGAACATAAAGGT-1",3
"CATCGAAGTAGTACCT-1",3
"CATCGAAGTCCGACGT-1",4
"CATCGAAGTGCACTTA-1",3
"CATCGAATCAAACCAC-1",0
"CATCGAATCCGCGGTA-1",1
"CATCGAATCCGTAGTA-1",1
"CATCGGGAGAAGCCCA-1",4
"CATCGGGAGCGAGAAA-1",1
"CATCGGGAGGGTGTGT-1",1
"CATCGGGAGGTGTTAA-1",5
"CATCGGGAGTGACTCT-1",1
"CATCGGGCACTCAGGC-1",1
"CATCGGGCAGACGCTC-1",0
"CATCGGGCATCACAAC-1",0
"CATCGGGGTCCTCTTG-1",1
"CATCGGGGTGAGGGAG-1",1
"CATCGGGGTTCGAATC-1",2
"CATCGGGTCAGGATCT-1",1
"CATCGGGTCCACGAAT-1",1
"CATCGGGTCGATGAGG-1",3
"CATGACAAGACCACGA-1",0
"CATGACAAGCTCCTCT-1",1
"CATGACAAGTAACCCT-1",0
"CATGACAAGTATCTCG-1",2
"CATGACAGTCGTCTTC-1",1
"CATGACAGTGAACCTT-1",1
"CATGACATCAATAAGG-1",0
"CATGACATCTAACTGG-1",2
"CATGCCTAGACCTAGG-1",0
"CATGCCTAGAGTCTGG-1",0
"CATGCCTCACCACCAG-1",1
"CATGCCTGTCAAAGCG-1",0
"CATGCCTGTCGATTGT-1",0
"CATGCCTTCCACGACG-1",1
"CATGCCTTCCTCATTA-1",5
"CATGCCTTCGCATGAT-1",1
"CATGGCGAGAGCTGGT-1",0
"CATGGCGAGTACGACG-1",3
"CATGGCGTCCAAAGTC-1",1
"CATGGCGTCCCTTGTG-1",0
"CATGGCGTCGGCCGAT-1",0
"CATGGCGTCTCAAACG-1",0
"CATGGCGTCTGCCCTA-1",1
"CATTATCAGACCCACC-1",1
"CATTATCAGTCCCACG-1",0
"CATTATCCAAGTCTGT-1",1
"CATTATCCAGGGCATA-1",2
"CATTATCGTCAATGTC-1",2
"CATTATCTCACAAACC-1",3
"CATTATCTCAGATAAG-1",1
"CATTATCTCGCGTTTC-1",0
"CATTATCTCGTTGCCT-1",2
"CATTATCTCTATCCCG-1",0
"CATTATCTCTTAACCT-1",4
"CATTCGCAGGTGCTAG-1",2
"CATTCGCCAAGGGTCA-1",2
"CATTCGCCAGCCTATA-1",1
"CATTCGCCATACAGCT-1",1
"CATTCGCCATGGATGG-1",3
"CATTCGCCATGTCTCC-1",1
"CATTCGCCATTCACTT-1",0
"CATTCGCGTAGCACGA-1",1
"CATTCGCTCATCACCC-1",1
"CCAATCCAGACCACGA-1",0
"CCAATCCAGATATGGT-1",4
"CCAATCCAGTCGAGTG-1",1
"CCAATCCAGTCGTTTG-1",2
"CCAATCCAGTTTAGGA-1",0
"CCAATCCCAAGCGAGT-1",2
"CCAATCCTCGGACAAG-1",3
"CCAATCCTCTACCTGC-1",2
"CCACCTAAGCAGACTG-1",2
"CCACCTAAGGATGGTC-1",2
"CCACCTAAGTCGAGTG-1",3
"CCACCTAAGTGGGATC-1",1
"CCACCTAAGTGTGGCA-1",2
"CCACCTACAACAACCT-1",3
"CCACCTACAAGCCGCT-1",0
"CCACCTACAATCTACG-1",0
"CCACCTAGTAGTACCT-1",3
"CCACCTAGTCGCGTGT-1",0
"CCACCTAGTGGGTCAA-1",1
"CCACCTATCAGTTGAC-1",1
"CCACCTATCTGATACG-1",1
"CCACGGAAGACACGAC-1",1
"CCACGGAAGGGAACGG-1",0
"CCACGGACATGTCGAT-1",1
"CCACGGAGTAAGGGCT-1",3
"CCACGGAGTCAGATAA-1",1
"CCACGGAGTCCGTGAC-1",3
"CCACGGAGTGTAATGA-1",5
"CCACGGAGTTCTGAAC-1",0
"CCACGGATCACATAGC-1",1
"CCACGGATCCACGTGG-1",0
"CCACGGATCTACTATC-1",1
"CCACGGATCTAGAGTC-1",2
"CCACTACAGAGTACCG-1",2
"CCACTACAGCTTTGGT-1",1
"CCACTACCAGCAGTTT-1",1
"CCACTACCAGTAGAGC-1",1
"CCACTACGTCCGAATT-1",1
"CCACTACGTCTCAACA-1",0
"CCACTACGTGACAAAT-1",1
"CCACTACGTGACCAAG-1",1
"CCACTACGTGCACGAA-1",0
"CCACTACTCACTCTTA-1",1
"CCACTACTCCGCATCT-1",3
"CCACTACTCGGAAATA-1",1
"CCACTACTCTCGTATT-1",1
"CCACTACTCTCGTTTA-1",2
"CCAGCGAAGCCCAACC-1",1
"CCAGCGACATCGGGTC-1",3
"CCAGCGACATGTCCTC-1",1
"CCAGCGAGTAGGCATG-1",0
"CCAGCGAGTCCGTTAA-1",1
"CCAGCGATCAGAAATG-1",2
"CCATGTCAGCGATCCC-1",1
"CCATGTCAGGTCGGAT-1",1
"CCATGTCAGGTTACCT-1",0
"CCATGTCCAAGCTGGA-1",2
"CCATGTCCACATCCGG-1",2
"CCATGTCGTCCAGTAT-1",0
"CCATGTCTCCAAGTAC-1",2
"CCATGTCTCTTGTATC-1",2
"CCATTCGCAGTACACT-1",3
"CCATTCGCAGTTTACG-1",2
"CCATTCGGTAATCGTC-1",5
"CCATTCGGTATTACCG-1",1
"CCATTCGTCGTAGGAG-1",2
"CCCAATCAGTCACGCC-1",2
"CCCAATCCAGGTGGAT-1",0
"CCCAATCGTGAAGGCT-1",0
"CCCAATCGTTGGAGGT-1",0
"CCCAATCTCACATGCA-1",2
"CCCAATCTCCAGTATG-1",2
"CCCAATCTCGGAGCAA-1",0
"CCCAGTTAGAATAGGG-1",1
"CCCAGTTAGATCCCGC-1",0
"CCCAGTTAGCGTGAAC-1",2
"CCCAGTTAGGAATCGC-1",1
"CCCAGTTAGTCCGGTC-1",1
"CCCAGTTAGTTTGCGT-1",1
"CCCAGTTGTACATGTC-1",1
"CCCAGTTGTCTGCAAT-1",0
"CCCAGTTTCTGAAAGA-1",0
"CCCATACAGGGTTCCC-1",0
"CCCATACAGTGTTTGC-1",0
"CCCATACCAAAGGTGC-1",2
"CCCATACCAACACCCG-1",1
"CCCATACCAGCAGTTT-1",1
"CCCATACGTATTACCG-1",1
"CCCATACGTCAATACC-1",2
"CCCATACGTCTAGTCA-1",3
"CCCATACGTTGAGTTC-1",1
"CCCATACTCAATAAGG-1",0
"CCCATACTCAGCGACC-1",2
"CCCATACTCATCACCC-1",2
"CCCATACTCCGTAGGC-1",1
"CCCTCCTAGGAATCGC-1",4
"CCCTCCTCACGTCTCT-1",0
"CCCTCCTCAGCTTAAC-1",4
"CCCTCCTCATATGAGA-1",1
"CCCTCCTCATCACGTA-1",2
"CCCTCCTGTATGGTTC-1",2
"CCCTCCTGTTAGATGA-1",2
"CCCTCCTTCAATCACG-1",1
"CCCTCCTTCCGCAGTG-1",0
"CCGGGATAGCTTCGCG-1",1
"CCGGGATAGGCGACAT-1",2
"CCGGGATAGGCTAGGT-1",1
"CCGGGATCACAGTCGC-1",0
"CCGGGATGTATAGGTA-1",0
"CCGGGATTCAGAGCTT-1",0
"CCGGGATTCGCTAGCG-1",3
"CCGGGATTCGCTTGTC-1",2
"CCGGTAGAGCGTCTAT-1",1
"CCGGTAGAGTACGCCC-1",1
"CCGGTAGCACATAACC-1",4
"CCGGTAGCACGCATCG-1",0
"CCGGTAGGTACTTCTT-1",3
"CCGGTAGGTCAAACTC-1",1
"CCGGTAGTCGTCCGTT-1",3
"CCGTACTAGAGAACAG-1",3
"CCGTACTAGTCCGTAT-1",0
"CCGTACTCAAGCCCAC-1",3
"CCGTACTCAAGCGAGT-1",0
"CCGTACTCATCCCACT-1",2
"CCGTACTGTACAGCAG-1",2
"CCGTACTGTAGCGCTC-1",1
"CCGTACTGTGCGGTAA-1",1
"CCGTACTTCGTTACAG-1",1
"CCGTGGAAGACGCACA-1",1
"CCGTGGAAGAGTTGGC-1",1
"CCGTGGAAGGTGATAT-1",3
"CCGTGGAAGGTTCCTA-1",2
"CCGTGGACAGCCTTGG-1",0
"CCGTGGAGTTCCATGA-1",1
"CCGTGGATCTAACTTC-1",0
"CCGTGGATCTCTGTCG-1",1
"CCGTTCAAGCGTAATA-1",1
"CCGTTCAAGTACGATA-1",0
"CCGTTCAAGTAGATGT-1",0
"CCGTTCACAGGATCGA-1",1
"CCGTTCAGTATAGGGC-1",1
"CCGTTCAGTCGCGAAA-1",1
"CCGTTCATCGTACCGG-1",0
"CCTAAAGAGAGTTGGC-1",1
"CCTAAAGCAAACCTAC-1",0
"CCTAAAGCATGTCTCC-1",1
"CCTAAAGGTACTCAAC-1",3
"CCTAAAGGTCGGCACT-1",2
"CCTAAAGGTGTAATGA-1",0
"CCTAAAGTCACCGTAA-1",0
"CCTAAAGTCAGCGATT-1",2
"CCTAAAGTCGGCGCTA-1",1
"CCTAAAGTCGGTCCGA-1",0
"CCTACACAGGACCACA-1",3
"CCTACACAGGGTGTTG-1",0
"CCTACACCAGTAAGAT-1",2
"CCTACACGTATAGTAG-1",3
"CCTACACGTCCGAACC-1",5
"CCTACACGTGGGTCAA-1",1
"CCTACACGTTTGACTG-1",1
"CCTACACTCGGCGCTA-1",2
"CCTACACTCGTGACAT-1",5
"CCTACCAAGATAGGAG-1",2
"CCTACCAAGCAAATCA-1",1
"CCTACCAAGCGTAGTG-1",1
"CCTACCAAGCTTCGCG-1",1
"CCTACCAAGTGCGATG-1",1
"CCTACCAGTATCAGTC-1",0
"CCTACCAGTCTCTCTG-1",0
"CCTACCAGTCTTTCAT-1",0
"CCTACCATCAGCACAT-1",1
"CCTACCATCGCCAGCA-1",1
"CCTAGCTAGCAAATCA-1",2
"CCTAGCTAGCTCCTCT-1",1
"CCTAGCTAGGTTACCT-1",3
"CCTAGCTAGTACGCGA-1",1
"CCTAGCTCAATGAATG-1",2
"CCTAGCTCAATGGTCT-1",1
"CCTAGCTCACATCCAA-1",2
"CCTAGCTCAGCCAGAA-1",0
"CCTAGCTGTAGAAAGG-1",2
"CCTAGCTGTCACCCAG-1",1
"CCTAGCTGTCTGATTG-1",1
"CCTAGCTTCACGATGT-1",2
"CCTAGCTTCGTAGGAG-1",3
"CCTATTAAGAATTCCC-1",1
"CCTATTAAGCAGGCTA-1",2
"CCTATTAAGCAGGTCA-1",3
"CCTATTAAGGGAGTAA-1",3
"CCTATTAAGGTAGCCA-1",3
"CCTATTACACAACTGT-1",1
"CCTATTACACATCCGG-1",3
"CCTATTAGTCAATACC-1",0
"CCTATTATCATCACCC-1",1
"CCTATTATCTGCGACG-1",1
"CCTCAGTAGCTAACTC-1",0
"CCTCAGTCAGGTGGAT-1",0
"CCTCAGTGTCCATCCT-1",1
"CCTCAGTGTCCGACGT-1",1
"CCTCAGTGTCTTGTCC-1",1
"CCTCAGTGTGGGTATG-1",2
"CCTCTGAAGTATCGAA-1",2
"CCTCTGAAGTGGGTTG-1",1
"CCTCTGACAAGCTGTT-1",3
"CCTCTGACACCGATAT-1",2
"CCTCTGACAGATGAGC-1",1
"CCTCTGAGTCAATACC-1",1
"CCTCTGAGTCCGAACC-1",0
"CCTCTGAGTCGTGGCT-1",1
"CCTCTGAGTCTGATTG-1",2
"CCTCTGATCTGAGGGA-1",0
"CCTTACGCAAGCGTAG-1",0
"CCTTACGCACCAACCG-1",1
"CCTTACGGTCATCCCT-1",0
"CCTTACGGTCCTCTTG-1",7
"CCTTACGTCACAACGT-1",2
"CCTTACGTCATCTGCC-1",0
"CCTTACGTCGGAGGTA-1",1
"CCTTCCCAGAGACTAT-1",7
"CCTTCCCAGCTAGGCA-1",0
"CCTTCCCAGGACGAAA-1",0
"CCTTCCCAGGGCATGT-1",0
"CCTTCCCAGGTACTCT-1",1
"CCTTCCCCATGATCCA-1",3
"CCTTCCCTCAAGGCTT-1",0
"CCTTCCCTCTATCCTA-1",1
"CCTTCCCTCTATCGCC-1",3
"CCTTCGAAGGCGCTCT-1",0
"CCTTCGACAACACCCG-1",4
"CCTTCGACAGCGATCC-1",4
"CCTTCGAGTAAGCACG-1",1
"CCTTCGAGTCCATGAT-1",0
"CCTTCGAGTGTGACCC-1",2
"CCTTCGAGTTGGTGGA-1",1
"CCTTCGATCACAGTAC-1",5
"CCTTCGATCCTATGTT-1",3
"CCTTCGATCGCACTCT-1",0
"CCTTTCTAGACGCTTT-1",2
"CCTTTCTAGGGCACTA-1",2
"CCTTTCTAGTGGAGTC-1",1
"CCTTTCTCAGACAAGC-1",1
"CCTTTCTCATCACGAT-1",0
"CCTTTCTCATGCCCGA-1",1
"CCTTTCTTCCCACTTG-1",5
"CCTTTCTTCTTTACGT-1",1
"CGAACATCACATGACT-1",3
"CGAACATCACTTGGAT-1",0
"CGAACATCAGTCCTTC-1",2
"CGAACATGTCTGATTG-1",0
"CGAACATGTGCTGTAT-1",1
"CGAACATTCTCAAACG-1",1
"CGAATGTAGAGGTTAT-1",0
"CGAATGTAGCGATAGC-1",1
"CGAATGTAGTTCGCAT-1",1
"CGAATGTCAATGCCAT-1",0
"CGAATGTGTCTAGTCA-1",1
"CGAATGTGTCTCACCT-1",1
"CGAATGTTCAACACAC-1",1
"CGAATGTTCATCACCC-1",0
"CGAATGTTCTGTACGA-1",1
"CGACCTTAGCTACCGC-1",1
"CGACCTTAGCTAGTCT-1",2
"CGACCTTCAAAGTGCG-1",1
"CGACCTTCACGAAATA-1",0
"CGACCTTGTAAGTGTA-1",1
"CGACCTTGTCAGAATA-1",1
"CGACCTTGTCTCCCTA-1",2
"CGACCTTGTCTCTTAT-1",3
"CGACCTTTCCGCGTTT-1",1
"CGACCTTTCGTTTATC-1",1
"CGACCTTTCTCCAGGG-1",2
"CGACTTCAGACACGAC-1",2
"CGACTTCAGGTAGCCA-1",2
"CGACTTCAGTCTTGCA-1",1
"CGACTTCCAATGGACG-1",1
"CGACTTCGTGGTGTAG-1",2
"CGACTTCGTTGAGTTC-1",0
"CGACTTCTCACTTACT-1",2
"CGACTTCTCTCGCTTG-1",1
"CGAGAAGAGAAACGCC-1",1
"CGAGAAGAGCCAACAG-1",2
"CGAGAAGAGCGTGTCC-1",5
"CGAGAAGCAAGTTCTG-1",2
"CGAGAAGCACATCCGG-1",1
"CGAGAAGCAGGCTGAA-1",5
"CGAGAAGTCGGATGGA-1",0
"CGAGCACAGCCAGAAC-1",1
"CGAGCACCACATGTGT-1",2
"CGAGCACGTAGCGTCC-1",0
"CGAGCACGTAGCGTGA-1",0
"CGAGCACGTCAGATAA-1",1
"CGAGCACGTGCCTTGG-1",4
"CGAGCACTCCCGGATG-1",0
"CGAGCACTCCGCTGTT-1",1
"CGAGCACTCGGAAATA-1",1
"CGAGCACTCGTGACAT-1",2
"CGAGCCAAGCTAGCCC-1",1
"CGAGCCAGTATATCCG-1",1
"CGAGCCAGTCAAGCGA-1",0
"CGATCGGAGAGCCTAG-1",2
"CGATCGGAGTACGATA-1",2
"CGATCGGCAAACGCGA-1",2
"CGATCGGCAAGCGATG-1",1
"CGATCGGCAATACGCT-1",1
"CGATCGGCAGTTAACC-1",2
"CGATCGGCATACTCTT-1",1
"CGATCGGGTCGACTGC-1",3
"CGATCGGTCAACGGGA-1",1
"CGATCGGTCTAGCACA-1",0
"CGATGGCAGCCGTCGT-1",1
"CGATGGCAGTCCAGGA-1",1
"CGATGGCCACTTAACG-1",1
"CGATGGCCAGCGTAAG-1",0
"CGATGGCCATCATCCC-1",0
"CGATGGCTCCTAGAAC-1",0
"CGATGGCTCGCTAGCG-1",2
"CGATGGCTCTGACCTC-1",0
"CGATGTAAGGCAATTA-1",3
"CGATGTAAGTTTGCGT-1",0
"CGATGTACACAGGCCT-1",2
"CGATGTACAGGTCTCG-1",3
"CGATGTAGTCCAGTGC-1",1
"CGATGTAGTCTAGGTT-1",0
"CGATGTAGTGTGCCTG-1",0
"CGATGTAGTTTGCATG-1",3
"CGATTGAAGATGTGGC-1",1
"CGATTGACAGACGCAA-1",1
"CGATTGAGTATGGTTC-1",4
"CGATTGAGTTCAGACT-1",1
"CGATTGATCATGGTCA-1",0
"CGATTGATCTGCGGCA-1",0
"CGCCAAGAGAATGTTG-1",0
"CGCCAAGAGACCTTTG-1",0
"CGCCAAGAGATCGGGT-1",4
"CGCCAAGAGATCTGAA-1",1
"CGCCAAGAGCGTGTCC-1",2
"CGCCAAGGTCTAGGTT-1",0
"CGCCAAGTCAGGATCT-1",1
"CGCCAAGTCCACTCCA-1",1
"CGCCAAGTCTTGTTTG-1",2
"CGCGGTAAGCTAGCCC-1",2
"CGCGGTAAGGGTTCCC-1",0
"CGCGGTACAAACTGCT-1",0
"CGCGGTACAATGGAAT-1",3
"CGCGGTACAGCTGTTA-1",1
"CGCGGTAGTCAAGCGA-1",1
"CGCGGTAGTGAGGCTA-1",0
"CGCGGTAGTTTGCATG-1",1
"CGCGTTTAGTTATCGC-1",0
"CGCGTTTCAACAACCT-1",1
"CGCGTTTCAAGCGAGT-1",1
"CGCGTTTCAATGGACG-1",3
"CGCGTTTCACGGTGTC-1",2
"CGCGTTTGTGCTGTAT-1",1
"CGCGTTTGTGGACGAT-1",1
"CGCGTTTTCAAACCGT-1",2
"CGCGTTTTCAGCCTAA-1",4
"CGCGTTTTCCTATGTT-1",0
"CGCGTTTTCGTGGTCG-1",3
"CGCTATCAGAAACCGC-1",0
"CGCTATCAGTCATCCA-1",0
"CGCTATCCAAGCGAGT-1",1
"CGCTATCCAGTCGATT-1",3
"CGCTATCCATCGACGC-1",5
"CGCTATCCATTTCAGG-1",2
"CGCTATCGTACCGAGA-1",1
"CGCTATCGTTCGAATC-1",1
"CGCTATCGTTTCGCTC-1",1
"CGCTATCTCGTTACAG-1",3
"CGCTGGAAGGACATTA-1",2
"CGCTGGAAGGGCACTA-1",1
"CGCTGGAAGGTGATAT-1",1
"CGCTGGACAGACTCGC-1",1
"CGCTGGAGTGTAATGA-1",0
"CGCTGGAGTTCTGGTA-1",2
"CGCTGGATCCGAAGAG-1",0
"CGCTGGATCCGTTGCT-1",0
"CGCTGGATCGTAGGAG-1",2
"CGCTGGATCGTTACAG-1",2
"CGCTTCAAGAAGGGTA-1",0
"CGCTTCAAGGTCGGAT-1",1
"CGCTTCACACGGTGTC-1",1
"CGCTTCACAGACAAGC-1",2
"CGCTTCACATCACCCT-1",3
"CGCTTCAGTCGCGGTT-1",1
"CGCTTCATCTTAGAGC-1",3
"CGGACACAGCGATATA-1",4
"CGGACACAGCGATGAC-1",1
"CGGACACAGCTTCGCG-1",1
"CGGACACAGGTAAACT-1",3
"CGGACACAGTAGCCGA-1",0
"CGGACACCACAGGAGT-1",1
"CGGACACCATTCACTT-1",0
"CGGACACGTGAGCGAT-1",1
"CGGACACGTGCTCTTC-1",3
"CGGACACGTGTGACCC-1",1
"CGGACGTAGGTTACCT-1",0
"CGGACGTCATGGGACA-1",1
"CGGACGTGTGAAAGAG-1",1
"CGGACGTGTTGGTAAA-1",2
"CGGACGTTCATGTGGT-1",3
"CGGACGTTCTGTCCGT-1",0
"CGGACTGAGGAGCGAG-1",0
"CGGACTGAGGAGTCTG-1",1
"CGGACTGAGTGGTAGC-1",0
"CGGACTGCAACTTGAC-1",2
"CGGACTGCAATGACCT-1",1
"CGGACTGCACAACGTT-1",2
"CGGACTGCACGCCAGT-1",1
"CGGACTGCAGTATGCT-1",1
"CGGACTGGTAAAGGAG-1",4
"CGGACTGGTATAAACG-1",1
"CGGACTGGTGTAAGTA-1",2
"CGGACTGGTGTGGTTT-1",1
"CGGACTGGTTGACGTT-1",0
"CGGACTGTCATTGCCC-1",2
"CGGACTGTCCATGCTC-1",1
"CGGACTGTCCGTCAAA-1",1
"CGGACTGTCGTTTGCC-1",0
"CGGACTGTCTTCATGT-1",1
"CGGAGCTAGTTTAGGA-1",1
"CGGAGCTCATTGAGCT-1",0
"CGGAGCTGTAGAAAGG-1",4
"CGGAGCTTCACTTATC-1",3
"CGGAGCTTCATGTAGC-1",0
"CGGAGCTTCCACGAAT-1",1
"CGGAGTCAGTGCGATG-1",1
"CGGAGTCAGTGTGAAT-1",0
"CGGAGTCCAGTGGGAT-1",2
"CGGAGTCCATTATCTC-1",2
"CGGAGTCGTAGCTGCC-1",0
"CGGAGTCGTCCAGTGC-1",1
"CGGAGTCGTGTTCGAT-1",2
"CGGAGTCTCCCAGGTG-1",2
"CGGAGTCTCCGTAGTA-1",2
"CGGCTAGAGAAACGCC-1",3
"CGGCTAGAGCACCGTC-1",1
"CGGCTAGAGCTAAACA-1",2
"CGGCTAGCAGACAAAT-1",1
"CGGCTAGGTAACGCGA-1",1
"CGGCTAGGTTCATGGT-1",3
"CGGCTAGTCAAAGACA-1",1
"CGGCTAGTCGTGGGAA-1",2
"CGGCTAGTCTTGTTTG-1",3
"CGGGTCAAGAGTCGGT-1",3
"CGGGTCAAGCACACAG-1",3
"CGGGTCAAGCTAACTC-1",2
"CGGGTCAAGGACACCA-1",3
"CGGGTCAAGTATGACA-1",3
"CGGGTCACAATGACCT-1",0
"CGGGTCACACCGAAAG-1",1
"CGGGTCACAGCCACCA-1",0
"CGGGTCACATACAGCT-1",5
"CGGGTCACATCCTTGC-1",1
"CGGGTCAGTAGCGCTC-1",1
"CGGGTCAGTCGATTGT-1",1
"CGGGTCAGTGCAACTT-1",0
"CGGGTCAGTTGTTTGG-1",4
"CGGGTCATCAACACCA-1",3
"CGGGTCATCACCTTAT-1",0
"CGGGTCATCCACGACG-1",1
"CGGTTAACAGGACCCT-1",2
"CGGTTAACATGTCCTC-1",2
"CGGTTAACATTCCTGC-1",0
"CGGTTAAGTCGACTGC-1",4
"CGGTTAATCCGGCACA-1",1
"CGGTTAATCCTTTCGG-1",1
"CGGTTAATCTTATCTG-1",1
"CGTAGCGAGATGTAAC-1",0
"CGTAGCGAGGCAATTA-1",0
"CGTAGCGAGTAGGTGC-1",1
"CGTAGCGCAAGCGCTC-1",0
"CGTAGCGTCCAACCAA-1",1
"CGTAGCGTCGGCGGTT-1",1
"CGTAGGCAGGGCTCTC-1",1
"CGTAGGCCAAGCGATG-1",1
"CGTAGGCCACTAAGTC-1",4
"CGTAGGCCAGAGTGTG-1",0
"CGTAGGCCATCCCATC-1",3
"CGTAGGCGTATTAGCC-1",1
"CGTAGGCGTCAATACC-1",2
"CGTAGGCGTGGCGAAT-1",1
"CGTAGGCTCCAGAAGG-1",0
"CGTCACTAGTCATGCT-1",1
"CGTCACTCAAAGCGGT-1",1
"CGTCACTCAGGTCCAC-1",1
"CGTCACTCAGTCACTA-1",0
"CGTCACTTCCTTGACC-1",1
"CGTCACTTCGGTGTTA-1",0
"CGTCACTTCTGTGCAA-1",1
"CGTCACTTCTTGAGAC-1",0
"CGTCAGGAGCTGTTCA-1",3
"CGTCAGGCAAAGCAAT-1",2
"CGTCAGGCAAAGCGGT-1",2
"CGTCAGGCAACACGCC-1",0
"CGTCAGGCATCCGCGA-1",2
"CGTCAGGGTCAGCTAT-1",3
"CGTCAGGGTCGTTGTA-1",2
"CGTCAGGGTGTAAGTA-1",0
"CGTCAGGTCCACTGGG-1",0
"CGTCAGGTCGACAGCC-1",0
"CGTCAGGTCGGGAGTA-1",1
"CGTCCATAGACCACGA-1",1
"CGTCCATAGCGATTCT-1",3
"CGTCCATAGGCTATCT-1",1
"CGTCCATAGTCTCAAC-1",0
"CGTCCATCACGACTCG-1",0
"CGTCCATCATTCACTT-1",0
"CGTCCATGTCTAGCGC-1",0
"CGTCCATGTGATAAAC-1",1
"CGTCCATGTTTGGGCC-1",4
"CGTCCATGTTTGTGTG-1",0
"CGTCCATTCAACACCA-1",2
"CGTCCATTCATTCACT-1",1
"CGTCTACAGTGCGTGA-1",1
"CGTCTACGTAGTAGTA-1",1
"CGTCTACTCGAGCCCA-1",0
"CGTCTACTCGCCATAA-1",2
"CGTCTACTCGGCCGAT-1",1
"CGTCTACTCGTCCAGG-1",3
"CGTCTACTCTATCGCC-1",0
"CGTGAGCAGATCTGAA-1",2
"CGTGAGCAGCAATCTC-1",1
"CGTGAGCAGCGGATCA-1",2
"CGTGAGCAGCTAGTGG-1",1
"CGTGAGCAGCTTCGCG-1",0
"CGTGAGCAGGGCACTA-1",0
"CGTGAGCAGGGTGTGT-1",2
"CGTGAGCAGTGGAGAA-1",3
"CGTGAGCCAAGCCGCT-1",1
"CGTGAGCCACGTAAGG-1",0
"CGTGAGCCATACGCCG-1",1
"CGTGAGCGTAGATTAG-1",1
"CGTGAGCGTCTCTTAT-1",1
"CGTGAGCTCACAAACC-1",3
"CGTGAGCTCCAAATGC-1",0
"CGTGAGCTCCGAGCCA-1",0
"CGTGAGCTCGTTGCCT-1",3
"CGTGAGCTCTGGGCCA-1",0
"CGTGTAAAGATAGTCA-1",2
"CGTGTAAAGGTGTTAA-1",1
"CGTGTAAAGTACATGA-1",1
"CGTGTAACATGGGACA-1",0
"CGTGTAAGTCCGCTGA-1",2
"CGTGTAAGTGTCTGAT-1",2
"CGTGTAATCTACTATC-1",1
"CGTGTAATCTCGATGA-1",1
"CGTGTAATCTTTAGTC-1",0
"CGTGTCTAGGCGCTCT-1",0
"CGTGTCTAGGGATGGG-1",1
"CGTGTCTCAGACAAAT-1",2
"CGTGTCTCAGACACTT-1",2
"CGTGTCTGTAAGAGGA-1",4
"CGTGTCTGTATATGAG-1",0
"CGTGTCTGTCAAAGCG-1",1
"CGTGTCTGTTCCGTCT-1",1
"CGTGTCTTCAATCACG-1",1
"CGTGTCTTCAGAGGTG-1",3
"CGTGTCTTCATAGCAC-1",1
"CGTGTCTTCCGAACGC-1",2
"CGTGTCTTCGGCATCG-1",1
"CGTGTCTTCGTGGACC-1",3
"CGTGTCTTCTACTTAC-1",2
"CGTGTCTTCTGAGTGT-1",1
"CGTTAGAAGATCTGAA-1",3
"CGTTAGAAGGCCCTTG-1",3
"CGTTAGACACGAAAGC-1",1
"CGTTAGACAGCTTCGG-1",2
"CGTTAGAGTTTAAGCC-1",3
"CGTTAGATCACTTATC-1",1
"CGTTAGATCAGCCTAA-1",2
"CGTTCTGAGAAGGGTA-1",0
"CGTTCTGAGACTAGGC-1",2
"CGTTCTGAGTGAACAT-1",0
"CGTTCTGCAGCTCGCA-1",2
"CGTTCTGCATTGGCGC-1",2
"CGTTCTGGTGAGGGTT-1",1
"CGTTCTGTCTGATTCT-1",3
"CGTTGGGAGCTAGTTC-1",0
"CGTTGGGAGGATGCGT-1",1
"CGTTGGGCACATTAGC-1",3
"CGTTGGGCAGACAGGT-1",0
"CGTTGGGGTTCCCGAG-1",1
"CGTTGGGTCATGCTCC-1",1
"CGTTGGGTCCATGAAC-1",0
"CGTTGGGTCTACCAGA-1",3
"CTAACTTAGTCCTCCT-1",3
"CTAACTTCAATAGCAA-1",2
"CTAACTTCAATCGGTT-1",0
"CTAACTTGTGAGGCTA-1",0
"CTAACTTTCGTACGGC-1",2
"CTAACTTTCTGGCGTG-1",2
"CTAAGACAGGGAAACA-1",1
"CTAAGACAGTACATGA-1",2
"CTAAGACAGTTCGCGC-1",1
"CTAAGACCAAGTAATG-1",0
"CTAAGACCAGTAAGAT-1",1
"CTAAGACCATGCAATC-1",0
"CTAAGACGTAAGGATT-1",0
"CTAAGACGTATCAGTC-1",0
"CTAAGACGTCACCTAA-1",1
"CTAAGACTCGTTGCCT-1",1
"CTAAGACTCTTACCGC-1",0
"CTAAGACTCTTGAGGT-1",1
"CTAATGGAGCAATCTC-1",0
"CTAATGGAGCGCTCCA-1",3
"CTAATGGAGCTCCCAG-1",4
"CTAATGGAGCTGAAAT-1",6
"CTAATGGAGTTAGGTA-1",0
"CTAATGGCATGGAATA-1",3
"CTAATGGGTACCGCTG-1",1
"CTAATGGGTCTAGCGC-1",1
"CTAATGGGTGAGGGAG-1",1
"CTAATGGGTTGGTGGA-1",0
"CTAATGGTCATGCTCC-1",3
"CTAATGGTCCACTGGG-1",2
"CTAATGGTCCGTTGCT-1",2
"CTAATGGTCCTAGAAC-1",3
"CTACACCAGTGCGATG-1",4
"CTACACCCACGGACAA-1",2
"CTACACCGTAATAGCA-1",1
"CTACACCGTCTGATTG-1",0
"CTACACCGTTCGTCTC-1",2
"CTACACCTCAGAAATG-1",0
"CTACACCTCGGCTTGG-1",4
"CTACACCTCGGTCCGA-1",0
"CTACACCTCTCGCATC-1",2
"CTACACCTCTCTGCTG-1",2
"CTACATTAGATCACGG-1",2
"CTACATTCACTCGACG-1",1
"CTACATTCATTTCACT-1",1
"CTACATTGTGATGATA-1",2
"CTACATTGTTCGAATC-1",4
"CTACATTTCAACGCTA-1",0
"CTACATTTCGCCATAA-1",2
"CTACATTTCTAGCACA-1",2
"CTACCCACACAGAGGT-1",1
"CTACCCACACGACGAA-1",5
"CTACCCACATGGTTGT-1",0
"CTACCCAGTATCTGCA-1",2
"CTACCCAGTATGAATG-1",2
"CTACCCAGTCAGAAGC-1",2
"CTACCCAGTGTGACCC-1",1
"CTACCCAGTTATGTGC-1",3
"CTACCCATCTACGAGT-1",2
"CTACGTCAGGTGCAAC-1",5
"CTACGTCAGTGCGATG-1",3
"CTACGTCAGTTGTCGT-1",3
"CTACGTCCATATACCG-1",1
"CTACGTCGTATATGGA-1",4
"CTACGTCGTGTGGTTT-1",3
"CTACGTCTCAAAGTAG-1",2
"CTACGTCTCACGACTA-1",0
"CTACGTCTCACGGTTA-1",2
"CTACGTCTCCTAGAAC-1",0
"CTAGAGTAGCTGTCTA-1",3
"CTAGAGTAGGATCGCA-1",1
"CTAGAGTAGTCCATAC-1",1
"CTAGAGTCACATTAGC-1",1
"CTAGAGTCAGTATGCT-1",2
"CTAGAGTCATACTCTT-1",2
"CTAGAGTCATGTAAGA-1",0
"CTAGAGTGTGACCAAG-1",4
"CTAGAGTTCAACACCA-1",0
"CTAGAGTTCCGTCAAA-1",2
"CTAGAGTTCCTAAGTG-1",3
"CTAGAGTTCGCCAGCA-1",0
"CTAGAGTTCGCTTAGA-1",1
"CTAGAGTTCGTGACAT-1",0
"CTAGAGTTCTGATTCT-1",4
"CTAGCCTCACCAGATT-1",1
"CTAGCCTGTATATCCG-1",1
"CTAGCCTGTGATGCCC-1",2
"CTAGCCTTCGGGAGTA-1",1
"CTAGTGAAGCTGGAAC-1",1
"CTAGTGAAGTGTACCT-1",2
"CTAGTGACAAGTCTAC-1",1
"CTAGTGACAGGATCGA-1",2
"CTAGTGAGTTATGCGT-1",2
"CTAGTGATCAGTTGAC-1",0
"CTAGTGATCCAGTAGT-1",2
"CTCACACAGCTAAGAT-1",3
"CTCACACAGCTGCCCA-1",2
"CTCACACAGGATGCGT-1",1
"CTCACACCACGTAAGG-1",2
"CTCACACCACTGTTAG-1",0
"CTCACACCATATACGC-1",0
"CTCACACGTGCTGTAT-1",0
"CTCACACGTTCCATGA-1",2
"CTCACACGTTTGGGCC-1",1
"CTCACACTCACCGGGT-1",0
"CTCACACTCATCGGAT-1",0
"CTCACACTCCGCGCAA-1",1
"CTCACACTCTAACCGA-1",1
"CTCAGAAAGAGCTGCA-1",0
"CTCAGAAAGGAGTAGA-1",2
"CTCAGAACAACGCACC-1",2
"CTCAGAACAAGCGATG-1",0
"CTCAGAACAGGGCATA-1",2
"CTCAGAAGTGACGGTA-1",2
"CTCAGAATCTTAACCT-1",2
"CTCATTAAGAACTGTA-1",2
"CTCATTACATGGTCAT-1",0
"CTCATTAGTGTAACGG-1",1
"CTCATTAGTTTACTCT-1",3
"CTCCTAGCAAGTACCT-1",2
"CTCCTAGCAATTCCTT-1",0
"CTCCTAGCACTGTCGG-1",2
"CTCCTAGCAGTCCTTC-1",2
"CTCCTAGCATAACCTG-1",0
"CTCCTAGCATGCGCAC-1",0
"CTCCTAGGTAGAAAGG-1",1
"CTCCTAGGTCCGAGTC-1",3
"CTCCTAGGTCTAGCCG-1",1
"CTCCTAGGTGTTTGTG-1",4
"CTCCTAGGTTCGTGAT-1",2
"CTCCTAGGTTGTTTGG-1",1
"CTCCTAGTCACTTACT-1",3
"CTCCTAGTCTCATTCA-1",1
"CTCGAAAAGCCCAACC-1",0
"CTCGAAAAGCTATGCT-1",3
"CTCGAAAAGGCCCTTG-1",1
"CTCGAAAAGGGCTTCC-1",1
"CTCGAAACAAGCCGTC-1",1
"CTCGAAACACATTAGC-1",1
"CTCGAAACACCGAAAG-1",4
"CTCGAAACACGGCTAC-1",2
"CTCGAAACAGTAAGAT-1",3
"CTCGAAACATACGCCG-1",2
"CTCGAGGAGCCATCGC-1",1
"CTCGAGGAGGGCTTCC-1",3
"CTCGAGGCAGATAATG-1",2
"CTCGAGGGTATTCTCT-1",2
"CTCGAGGGTGCCTGGT-1",2
"CTCGGAGAGTCCCACG-1",0
"CTCGGAGCACTTCTGC-1",1
"CTCGGAGCAGCTGCAC-1",0
"CTCGGAGCAGGATCGA-1",2
"CTCGGAGGTAGCCTAT-1",1
"CTCGGAGGTCATGCCG-1",0
"CTCGGAGTCAAACGGG-1",1
"CTCGGAGTCACATACG-1",2
"CTCGGAGTCAGCTTAG-1",1
"CTCGGGAAGACCTAGG-1",1
"CTCGGGACACAGCCCA-1",0
"CTCGGGACATAAAGGT-1",1
"CTCGGGACATCCCACT-1",4
"CTCGGGACATGTCGAT-1",2
"CTCGGGAGTCGCGTGT-1",0
"CTCGGGAGTGACTACT-1",4
"CTCGGGAGTTACGACT-1",1
"CTCGGGATCCGTACAA-1",0
"CTCGGGATCCTTGACC-1",0
"CTCGGGATCTTAGCCC-1",0
"CTCGGGATCTTGTTTG-1",2
"CTCGTACAGCGATAGC-1",1
"CTCGTACCAGCGTAAG-1",1
"CTCGTACCATAGTAAG-1",1
"CTCGTACGTAGAGTGC-1",3
"CTCGTACGTATCACCA-1",2
"CTCGTACGTGCAGTAG-1",0
"CTCGTACTCAAAGTAG-1",2
"CTCGTACTCAATCTCT-1",0
"CTCGTACTCGTTGCCT-1",0
"CTCGTACTCTGGTTCC-1",1
"CTCGTCAAGATGCCTT-1",4
"CTCGTCAAGTGGAGTC-1",3
"CTCGTCAAGTTTGCGT-1",0
"CTCGTCACAACGATCT-1",1
"CTCGTCACACATCCGG-1",3
"CTCGTCACAGTCGTGC-1",3
"CTCGTCAGTCTCATCC-1",2
"CTCGTCAGTCTCCATC-1",1
"CTCGTCAGTGAGCGAT-1",0
"CTCGTCAGTTGACGTT-1",1
"CTCGTCAGTTGGGACA-1",1
"CTCGTCATCACTTATC-1",2
"CTCGTCATCGACCAGC-1",2
"CTCGTCATCTGCTGTC-1",2
"CTCTAATCACCAGGTC-1",1
"CTCTAATCACGGTGTC-1",2
"CTCTAATCAGGAATCG-1",1
"CTCTAATGTCCAAGTT-1",1
"CTCTACGAGCTAAACA-1",2
"CTCTACGAGCTAGTGG-1",3
"CTCTACGAGTACGCCC-1",4
"CTCTACGAGTAGGCCA-1",0
"CTCTACGCAATAACGA-1",2
"CTCTACGCAGACGCTC-1",1
"CTCTACGCATGACATC-1",1
"CTCTACGTCATGTCTT-1",0
"CTCTACGTCCCTAATT-1",0
"CTCTACGTCGGCATCG-1",3
"CTCTACGTCGGTCTAA-1",1
"CTCTGGTAGCAGCGTA-1",1
"CTCTGGTAGCGTTCCG-1",1
"CTCTGGTAGGCATGGT-1",3
"CTCTGGTAGTGCCAGA-1",0
"CTCTGGTCACAAGCCC-1",3
"CTCTGGTCAGCCTTTC-1",2
"CTCTGGTTCATCTGTT-1",1
"CTCTGGTTCTTGTACT-1",2
"CTGAAACAGATCCCGC-1",0
"CTGAAACAGGTGCTAG-1",0
"CTGAAACAGTCCGTAT-1",1
"CTGAAACAGTGTCTCA-1",0
"CTGAAACGTCATCGGC-1",1
"CTGAAACGTTAAAGAC-1",3
"CTGAAACTCATACGGT-1",0
"CTGAAGTAGTGCGTGA-1",1
"CTGAAGTCAGCTGTAT-1",1
"CTGAAGTGTTAAAGTG-1",1
"CTGAAGTTCAAGCCTA-1",0
"CTGAAGTTCGGATGTT-1",0
"CTGATAGAGGGAGTAA-1",0
"CTGATAGAGTGCAAGC-1",4
"CTGATAGCAGCCTTTC-1",2
"CTGATAGCATCCCATC-1",0
"CTGATAGCATCTCCCA-1",2
"CTGATAGGTCAAAGCG-1",1
"CTGATAGGTCGCTTTC-1",1
"CTGATAGGTTACGACT-1",1
"CTGATAGTCGCGATCG-1",0
"CTGATAGTCTTATCTG-1",1
"CTGATCCAGGCATTGG-1",2
"CTGATCCAGGTGACCA-1",0
"CTGATCCCACAGAGGT-1",5
"CTGATCCCAGGCTGAA-1",2
"CTGATCCGTGCCTGGT-1",2
"CTGATCCGTTATCCGA-1",0
"CTGATCCGTTGTGGCC-1",2
"CTGCCTAAGGGTCTCC-1",0
"CTGCCTAAGGTGATAT-1",2
"CTGCCTAAGTACGCGA-1",1
"CTGCCTAAGTGCGTGA-1",3
"CTGCCTACATCCCACT-1",3
"CTGCCTATCAATAAGG-1",3
"CTGCGGAAGAAGGACA-1",2
"CTGCGGAAGAGCTGGT-1",5
"CTGCGGAAGATGAGAG-1",2
"CTGCGGACAGGTCGTC-1",2
"CTGCGGACATGTCTCC-1",1
"CTGCGGAGTCACTTCC-1",0
"CTGCGGAGTCGTGGCT-1",1
"CTGCGGAGTTCTGTTT-1",0
"CTGCGGAGTTGGACCC-1",0
"CTGCGGATCGCCTGTT-1",2
"CTGCGGATCTTACCGC-1",2
"CTGCTGTAGGGTGTTG-1",0
"CTGCTGTAGTACCGGA-1",1
"CTGCTGTAGTGGAGAA-1",2
"CTGCTGTCACATCTTT-1",1
"CTGCTGTGTTAAAGAC-1",1
"CTGCTGTTCTCCAACC-1",0
"CTGCTGTTCTTACCGC-1",0
"CTGGTCTAGCGTTGCC-1",3
"CTGGTCTAGGACAGCT-1",2
"CTGGTCTAGGGCTTGA-1",0
"CTGGTCTAGTCGAGTG-1",2
"CTGGTCTCAAAGGAAG-1",3
"CTGGTCTCACCAGTTA-1",0
"CTGGTCTGTACCTACA-1",1
"CTGGTCTGTACGCTGC-1",4
"CTGGTCTGTCCGCTGA-1",1
"CTGGTCTGTCCGTTAA-1",1
"CTGGTCTGTTCATGGT-1",3
"CTGGTCTGTTCGTGAT-1",1
"CTGGTCTTCAACGGGA-1",2
"CTGGTCTTCACTTACT-1",4
"CTGGTCTTCTTACCTA-1",1
"CTGTGCTGTATATCCG-1",1
"CTGTGCTGTCATCCCT-1",2
"CTGTGCTGTCCCTACT-1",1
"CTGTGCTGTCGGCACT-1",4
"CTGTGCTTCCATTCTA-1",0
"CTGTGCTTCCGTACAA-1",1
"CTGTTTAAGAAACCGC-1",1
"CTGTTTAAGATCGATA-1",1
"CTGTTTAAGGAGTTGC-1",1
"CTGTTTAGTCAAAGCG-1",3
"CTGTTTATCAGCCTAA-1",2
"CTGTTTATCATTTGGG-1",1
"CTGTTTATCTCCAGGG-1",2
"CTGTTTATCTCTTGAT-1",3
"CTGTTTATCTTCTGGC-1",1
"CTTAACTAGCCAGTAG-1",1
"CTTAACTAGGCTCTTA-1",2
"CTTAACTAGGTGCACA-1",1
"CTTAACTAGTCTCGGC-1",0
"CTTACCGAGCGCTTAT-1",0
"CTTACCGAGGCTACGA-1",1
"CTTACCGCAGATCTGT-1",5
"CTTACCGCAGTCAGAG-1",0
"CTTACCGGTCCTGCTT-1",0
"CTTACCGGTCGCCATG-1",3
"CTTACCGGTCTACCTC-1",2
"CTTACCGTCGGACAAG-1",1
"CTTAGGAAGCCCAACC-1",2
"CTTAGGACACGACGAA-1",1
"CTTAGGAGTTATGTGC-1",3
"CTTAGGATCCCATTTA-1",5
"CTTAGGATCTTTACAC-1",1
"CTTCTCTAGAACTCGG-1",3
"CTTCTCTAGAGTGAGA-1",1
"CTTCTCTAGCAGGCTA-1",1
"CTTCTCTAGTTAACGA-1",1
"CTTCTCTCAAAGGTGC-1",1
"CTTCTCTGTAACGACG-1",1
"CTTCTCTGTGCATCTA-1",2
"CTTCTCTTCGAGCCCA-1",3
"CTTGGCTAGCGATATA-1",1
"CTTGGCTAGTACGTTC-1",1
"CTTGGCTCATTACCTT-1",0
"CTTGGCTGTCTCCATC-1",3
"CTTGGCTTCCCTAATT-1",2
"CTTGGCTTCGCGTAGC-1",3
"CTTGGCTTCTCGTTTA-1",2
"CTTTGCGAGCAAATCA-1",2
"CTTTGCGAGCGTTCCG-1",4
"CTTTGCGAGTATCTCG-1",2
"CTTTGCGCAATTCCTT-1",2
"CTTTGCGCACTTAAGC-1",2
"CTTTGCGCAGACGCAA-1",1
"CTTTGCGGTAGAGGAA-1",4
"CTTTGCGTCCAGGGCT-1",1
"GAAACTCAGAGACGAA-1",4
"GAAACTCAGAGGTTAT-1",4
"GAAACTCAGCAGCCTC-1",0
"GAAACTCAGCCCAGCT-1",3
"GAAACTCAGCTAAACA-1",3
"GAAACTCAGTGCTGCC-1",2
"GAAACTCCAAGCCCAC-1",1
"GAAACTCCACATGACT-1",0
"GAAACTCCAGACACTT-1",1
"GAAACTCCATGGATGG-1",1
"GAAACTCGTACTCGCG-1",2
"GAAACTCGTAGCGATG-1",1
"GAAACTCGTGTGAAAT-1",0
"GAAACTCGTTTGTGTG-1",0
"GAAATGAAGACTAGGC-1",2
"GAAATGAAGCCAGTTT-1",0
"GAAATGAAGCTAGTCT-1",1
"GAAATGAAGTACGTAA-1",2
"GAAATGATCATGCTCC-1",1
"GAAATGATCCTCGCAT-1",0
"GAACATCAGATGGCGT-1",0
"GAACATCCAACAACCT-1",3
"GAACATCCACATCTTT-1",0
"GAACATCCACCTATCC-1",2
"GAACATCCACGGACAA-1",1
"GAACATCCATGCTAGT-1",3
"GAACATCGTACGACCC-1",1
"GAACATCGTGGACGAT-1",2
"GAACATCGTTCCCGAG-1",1
"GAACATCTCCAAGTAC-1",3
"GAACATCTCGATCCCT-1",1
"GAACATCTCTCCAACC-1",2
"GAACCTAAGAACTGTA-1",4
"GAACCTAAGAGCAATT-1",2
"GAACCTAAGCCAGTAG-1",2
"GAACCTACAAGGACAC-1",4
"GAACCTACAGACACTT-1",1
"GAACCTAGTACCAGTT-1",1
"GAACCTAGTGTCAATC-1",2
"GAACCTATCACGATGT-1",1
"GAACGGAAGACGCAAC-1",2
"GAACGGAAGTAATCCC-1",0
"GAACGGAAGTCAATAG-1",1
"GAACGGAAGTGGACGT-1",4
"GAACGGACACAGCGTC-1",1
"GAACGGACACCTCGTT-1",2
"GAACGGACACTTAACG-1",2
"GAACGGAGTAGCGTAG-1",3
"GAACGGAGTCAGAGGT-1",2
"GAACGGAGTGGCGAAT-1",2
"GAACGGATCACTCCTG-1",3
"GAACGGATCCACGAAT-1",5
"GAACGGATCGTAGGAG-1",3
"GAACGGATCTGTCAAG-1",2
"GAAGCAGAGACTAAGT-1",4
"GAAGCAGAGAGACGAA-1",5
"GAAGCAGAGCCACGCT-1",0
"GAAGCAGAGTTCGCGC-1",1
"GAAGCAGCAATCCGAT-1",1
"GAAGCAGCACTCGACG-1",0
"GAAGCAGCAGATCTGT-1",0
"GAAGCAGCAGATGAGC-1",1
"GAAGCAGCATGAACCT-1",4
"GAAGCAGCATGGAATA-1",0
"GAAGCAGGTAACGCGA-1",5
"GAAGCAGGTCATACTG-1",2
"GAAGCAGTCCTAGTGA-1",0
"GAAGCAGTCTTATCTG-1",3
"GAATAAGCAAGGTGTG-1",0
"GAATAAGCAGACAAGC-1",2
"GAATAAGCATGCAACT-1",0
"GAATAAGGTCCGTTAA-1",3
"GAATAAGGTGAGTGAC-1",1
"GAATAAGGTTCCCTTG-1",0
"GAATAAGTCGTTTAGG-1",1
"GAATGAAAGAGTCTGG-1",0
"GAATGAAAGCTTATCG-1",4
"GAATGAAAGGCATGTG-1",0
"GAATGAACAAACGCGA-1",2
"GAATGAACAGTGAGTG-1",2
"GAATGAACATCATCCC-1",1
"GAATGAAGTCAACATC-1",3
"GAATGAAGTCTCACCT-1",1
"GAATGAAGTGGCAAAC-1",3
"GAATGAAGTTGCGTTA-1",2
"GAATGAATCAGTTAGC-1",0
"GAATGAATCCTGCCAT-1",4
"GACACGCAGACGCACA-1",1
"GACACGCAGAGTAATC-1",1
"GACACGCAGCCAACAG-1",2
"GACACGCAGGAGTTTA-1",1
"GACACGCAGGGCATGT-1",0
"GACACGCAGGTGCACA-1",1
"GACACGCAGTCCAGGA-1",1
"GACACGCAGTGGGATC-1",1
"GACACGCAGTGGGTTG-1",1
"GACACGCCAAGCGTAG-1",1
"GACACGCCAAGGACAC-1",0
"GACACGCCAGACGCTC-1",0
"GACACGCCATCCTTGC-1",2
"GACACGCGTTCACGGC-1",1
"GACACGCTCATGTAGC-1",0
"GACAGAGAGTACGATA-1",1
"GACAGAGCAACGATCT-1",2
"GACAGAGCAAGTCTAC-1",1
"GACAGAGCAGCTCCGA-1",1
"GACAGAGCAGCTGGCT-1",1
"GACAGAGGTAGAAAGG-1",0
"GACAGAGTCAAACAAG-1",0
"GACAGAGTCAGAGACG-1",0
"GACAGAGTCCTTCAAT-1",3
"GACAGAGTCCTTGCCA-1",1
"GACAGAGTCTTCATGT-1",1
"GACCAATAGAAGGGTA-1",1
"GACCAATAGCTACCGC-1",1
"GACCAATAGCTACCTA-1",0
"GACCAATCAGGTGCCT-1",2
"GACCAATCATGCGCAC-1",1
"GACCAATGTACAGTTC-1",0
"GACCAATGTCGCTTCT-1",1
"GACCAATTCCGATATG-1",1
"GACCAATTCGAATGGG-1",1
"GACCAATTCGTCACGG-1",1
"GACCTGGCATCACAAC-1",2
"GACCTGGCATGTCTCC-1",3
"GACCTGGCATTGGCGC-1",2
"GACCTGGGTAAAGGAG-1",1
"GACCTGGGTCCAGTTA-1",2
"GACCTGGGTGCAGTAG-1",3
"GACCTGGTCATAGCAC-1",2
"GACCTGGTCCTTGCCA-1",5
"GACCTGGTCGCATGAT-1",2
"GACCTGGTCGTCACGG-1",3
"GACGCGTAGTGGTAAT-1",0
"GACGCGTAGTTGTAGA-1",1
"GACGCGTGTAAAGGAG-1",1
"GACGCGTGTGTGAAAT-1",4
"GACGCGTGTTAAGACA-1",3
"GACGCGTTCAAACCGT-1",2
"GACGCGTTCCAAATGC-1",6
"GACGCGTTCCGCGGTA-1",0
"GACGCGTTCCTACAGA-1",0
"GACGCGTTCGACGGAA-1",1
"GACGCGTTCTCCGGTT-1",3
"GACGGCTAGAAGATTC-1",1
"GACGGCTAGAGCTGGT-1",4
"GACGGCTCAAGGTTTC-1",1
"GACGGCTCACCGCTAG-1",0
"GACGGCTCATGAACCT-1",1
"GACGGCTCATGCAACT-1",0
"GACGGCTGTGTGTGCC-1",2
"GACGGCTGTTATGTGC-1",0
"GACGGCTGTTTGGCGC-1",0
"GACGGCTTCTATCGCC-1",5
"GACGTGCAGGCAAAGA-1",0
"GACGTGCAGGGTGTGT-1",0
"GACGTGCAGGTGTTAA-1",0
"GACGTGCCAGGTCGTC-1",1
"GACGTGCGTAACGTTC-1",0
"GACGTGCTCACCTCGT-1",2
"GACGTTAAGCTACCGC-1",0
"GACGTTAAGGCAAAGA-1",0
"GACGTTAAGTCAAGCG-1",1
"GACGTTACAAGCCATT-1",2
"GACGTTACAAGGTTTC-1",2
"GACGTTACAGACACTT-1",2
"GACGTTAGTATCTGCA-1",3
"GACGTTAGTTTGACAC-1",1
"GACGTTAGTTTGACTG-1",1
"GACGTTATCACAGGCC-1",0
"GACGTTATCATTGCGA-1",0
"GACGTTATCCCGGATG-1",2
"GACGTTATCCGAAGAG-1",0
"GACGTTATCGCGTTTC-1",3
"GACGTTATCTGTCCGT-1",2
"GACTAACAGACAGAGA-1",2
"GACTAACAGTGGAGAA-1",2
"GACTAACCAAATCCGT-1",1
"GACTAACGTCTAGTCA-1",0
"GACTAACGTGCAACTT-1",2
"GACTAACGTTCAGACT-1",0
"GACTAACTCCGCGCAA-1",1
"GACTAACTCCTTTCTC-1",2
"GACTAACTCTTGCCGT-1",1
"GACTAACTCTTTACAC-1",1
"GACTACAAGATATGGT-1",1
"GACTACACAAATCCGT-1",0
"GACTACAGTGCTGTAT-1",2
"GACTACATCAGCCTAA-1",0
"GACTACATCAGGTAAA-1",2
"GACTACATCTGCAGTA-1",0
"GACTGCGAGCGTAGTG-1",3
"GACTGCGAGTTGTAGA-1",4
"GACTGCGCACTTAACG-1",0
"GACTGCGCATGTTCCC-1",1
"GACTGCGGTACGCACC-1",2
"GACTGCGGTTCTCATT-1",0
"GACTGCGTCAACACAC-1",0
"GACTGCGTCACGACTA-1",1
"GACTGCGTCGCCCTTA-1",1
"GACTGCGTCTCAAACG-1",0
"GAGCAGAGTAGGGTAC-1",2
"GAGCAGAGTCAGATAA-1",2
"GAGCAGAGTCATATGC-1",0
"GAGCAGAGTGAGCGAT-1",0
"GAGCAGAGTGTAACGG-1",3
"GAGCAGAGTGTGACCC-1",2
"GAGCAGAGTTCGGGCT-1",1
"GAGCAGAGTTTAAGCC-1",2
"GAGCAGAGTTTGCATG-1",1
"GAGGTGAAGCAACGGT-1",1
"GAGGTGAAGGCTCTTA-1",2
"GAGGTGAAGTGGTAGC-1",4
"GAGGTGAAGTTGTAGA-1",1
"GAGGTGACACTGTCGG-1",1
"GAGGTGACATCCTTGC-1",1
"GAGGTGACATGCATGT-1",0
"GAGGTGAGTACCTACA-1",0
"GAGGTGAGTCATTAGC-1",4
"GAGGTGAGTTCCTCCA-1",0
"GAGGTGATCATCGCTC-1",1
"GAGGTGATCTAGAGTC-1",3
"GAGGTGATCTCTAGGA-1",4
"GAGGTGATCTGCTGTC-1",1
"GAGGTGATCTGGGCCA-1",1
"GAGTCCGAGGACAGAA-1",0
"GAGTCCGAGGCATGTG-1",1
"GAGTCCGAGGCGTACA-1",0
"GAGTCCGCAAACCCAT-1",2
"GAGTCCGGTCAAGCGA-1",1
"GAGTCCGGTGACCAAG-1",4
"GAGTCCGGTGACTCAT-1",2
"GAGTCCGGTGTGACCC-1",0
"GAGTCCGGTTCGGGCT-1",1
"GAGTCCGGTTTGCATG-1",2
"GAGTCCGTCGGCGCAT-1",1
"GAGTCCGTCTGATTCT-1",3
"GATCAGTAGATGTCGG-1",1
"GATCAGTAGTGGTAGC-1",0
"GATCAGTGTATATGAG-1",0
"GATCAGTGTCTGCGGT-1",1
"GATCAGTGTTATGCGT-1",1
"GATCAGTGTTGTACAC-1",1
"GATCAGTTCCCGACTT-1",1
"GATCGATAGAATGTTG-1",1
"GATCGATAGAGCTGCA-1",1
"GATCGATAGCATGGCA-1",0
"GATCGATCAAGCGAGT-1",0
"GATCGATCAAGCGTAG-1",1
"GATCGATGTCAACATC-1",0
"GATCGATGTTGCCTCT-1",1
"GATCGATTCCGCATCT-1",4
"GATCGCGAGATAGTCA-1",3
"GATCGCGAGCCTTGAT-1",4
"GATCGCGAGGAGCGTT-1",1
"GATCGCGCAGGTCGTC-1",3
"GATCGCGGTACAGCAG-1",3
"GATCGCGGTGAGTATA-1",2
"GATCGCGGTTGTCGCG-1",2
"GATCGCGTCACTCCTG-1",1
"GATCGTAAGACATAAC-1",2
"GATCGTAAGCTCAACT-1",0
"GATCGTACATAACCTG-1",0
"GATCGTAGTGGCTCCA-1",1
"GATCGTATCATATCGG-1",1
"GATCGTATCATGTCCC-1",2
"GATCGTATCTTACCGC-1",4
"GATCTAGAGCGTCTAT-1",0
"GATCTAGAGTGGAGAA-1",1
"GATCTAGCAACACCTA-1",3
"GATCTAGCAAGGGTCA-1",3
"GATCTAGGTCTAAAGA-1",0
"GATCTAGGTCTCACCT-1",0
"GATCTAGGTCTCTTTA-1",1
"GATCTAGTCACATAGC-1",1
"GATCTAGTCTAAGCCA-1",2
"GATGAAAAGAGTAATC-1",0
"GATGAAAAGCTCCCAG-1",1
"GATGAAACACGGTAGA-1",1
"GATGAAACAGCTGTAT-1",4
"GATGAAAGTGGGTATG-1",1
"GATGAAATCACCCTCA-1",3
"GATGAAATCACTCCTG-1",0
"GATGAAATCAGCAACT-1",0
"GATGAAATCGAGAGCA-1",1
"GATGAGGAGATCCCGC-1",3
"GATGAGGAGTTCGATC-1",1
"GATGAGGCACCAGTTA-1",0
"GATGAGGGTATCACCA-1",2
"GATGAGGGTATTCGTG-1",0
"GATGAGGGTCGCGTGT-1",1
"GATGAGGGTGATGATA-1",0
"GATGAGGTCACAGGCC-1",4
"GATGAGGTCACATAGC-1",2
"GATGAGGTCCCTTGTG-1",2
"GATGAGGTCTGCTGTC-1",0
"GATGCTAAGACTAAGT-1",0
"GATGCTAAGGATGCGT-1",2
"GATGCTAAGGCTCTTA-1",0
"GATGCTAAGGGAACGG-1",2
"GATGCTAAGTATCTCG-1",2
"GATGCTAAGTCTCGGC-1",2
"GATGCTACATGTTGAC-1",0
"GATGCTACATTGCGGC-1",3
"GATGCTAGTCTCCATC-1",0
"GATGCTAGTGGAAAGA-1",0
"GATGCTAGTTAGGGTG-1",0
"GATGCTATCCTGTACC-1",0
"GATGCTATCGGCGCTA-1",3
"GATTCAGAGAAACCTA-1",1
"GATTCAGAGAGTGACC-1",3
"GATTCAGAGATTACCC-1",5
"GATTCAGAGGGTCGAT-1",0
"GATTCAGAGGTCGGAT-1",1
"GATTCAGAGTCAATAG-1",3
"GATTCAGCAAGTTGTC-1",3
"GATTCAGCAATTCCTT-1",1
"GATTCAGCAGGGTACA-1",2
"GATTCAGCATCGACGC-1",1
"GATTCAGCATTATCTC-1",4
"GATTCAGGTAAATACG-1",2
"GATTCAGTCAACTCTT-1",4
"GCAAACTAGATGTTAG-1",2
"GCAAACTAGTCATGCT-1",1
"GCAAACTAGTCTCAAC-1",1
"GCAAACTCACAGGTTT-1",1
"GCAAACTGTCAGATAA-1",3
"GCAAACTGTCTCCATC-1",0
"GCAAACTTCGTGGTCG-1",3
"GCAATCAAGGGATCTG-1",1
"GCAATCAAGTATCTCG-1",0
"GCAATCAAGTGGGTTG-1",1
"GCAATCACAGCTTAAC-1",2
"GCAATCACATGTCGAT-1",1
"GCAATCACATTCCTCG-1",2
"GCAATCAGTAGGAGTC-1",1
"GCAATCAGTATAATGG-1",3
"GCAATCAGTTCTCATT-1",0
"GCAATCAGTTCTGGTA-1",2
"GCACATAAGAGCTATA-1",1
"GCACATAAGATGTTAG-1",1
"GCACATAAGCCTTGAT-1",0
"GCACATAAGGAGTACC-1",4
"GCACATAAGTGAAGTT-1",1
"GCACATACACCACGTG-1",2
"GCACATACAGCTGTAT-1",0
"GCACATACAGGAACGT-1",0
"GCACATAGTCATCGGC-1",1
"GCACATAGTCCGAATT-1",2
"GCACATAGTCTCTTTA-1",3
"GCACATAGTGCGCTTG-1",2
"GCACATATCACCTCGT-1",0
"GCACATATCTGGTTCC-1",2
"GCACTCTCAAGACACG-1",2
"GCACTCTCAATCACAC-1",3
"GCACTCTCATTTCAGG-1",1
"GCACTCTGTAAACCTC-1",0
"GCACTCTGTACCAGTT-1",1
"GCACTCTGTAGAAAGG-1",0
"GCACTCTGTCGAACAG-1",2
"GCACTCTGTCTAGGTT-1",1
"GCACTCTTCAACTCTT-1",1
"GCACTCTTCCCTAATT-1",2
"GCACTCTTCTGCCCTA-1",1
"GCAGCCAAGCTGATAA-1",2
"GCAGCCACATGAGCGA-1",3
"GCAGCCAGTAATCGTC-1",3
"GCAGCCAGTGTCGCTG-1",1
"GCAGCCATCAGTTGAC-1",1
"GCAGCCATCCCAACGG-1",3
"GCAGCCATCCGTACAA-1",2
"GCAGTTAAGTCCATAC-1",3
"GCAGTTAAGTCCGTAT-1",0
"GCAGTTAAGTTAACGA-1",3
"GCAGTTAGTGGACGAT-1",1
"GCAGTTAGTTATTCTC-1",1
"GCAGTTATCGCGATCG-1",2
"GCATACAAGATCTGCT-1",2
"GCATACAAGCAACGGT-1",1
"GCATACACAACGCACC-1",1
"GCATACACAAGGACTG-1",2
"GCATACACAAGTCTGT-1",0
"GCATACACAGTCAGCC-1",2
"GCATACACATCCTAGA-1",0
"GCATACACATCGGAAG-1",1
"GCATACAGTCCGAACC-1",0
"GCATACAGTTCTGGTA-1",1
"GCATACATCCACGACG-1",1
"GCATGATAGAATGTTG-1",2
"GCATGATAGAGTAATC-1",1
"GCATGATAGCTGATAA-1",1
"GCATGATAGGACCACA-1",1
"GCATGATAGGCTAGCA-1",0
"GCATGATAGTCAAGCG-1",0
"GCATGATAGTGGAGAA-1",1
"GCATGATCACACCGAC-1",1
"GCATGATCACATTTCT-1",2
"GCATGATGTCCCTACT-1",3
"GCATGATGTTGCGCAC-1",2
"GCATGATTCGTGGACC-1",4
"GCATGCGAGCATGGCA-1",1
"GCATGCGAGTCCAGGA-1",0
"GCATGCGCACTGCCAG-1",1
"GCATGCGGTAAGGATT-1",0
"GCATGCGGTCCTCTTG-1",1
"GCATGCGGTGTGAAAT-1",0
"GCATGCGTCCGCGGTA-1",3
"GCATGTAAGAACTGTA-1",2
"GCATGTAAGACAGACC-1",2
"GCATGTAAGTACTTGC-1",1
"GCATGTAAGTGCAAGC-1",1
"GCATGTACAACACGCC-1",0
"GCATGTATCACGAAGG-1",0
"GCCAAATCAAACTGTC-1",2
"GCCAAATCAAGGGTCA-1",1
"GCCAAATCAAGTTCTG-1",1
"GCCAAATCAGCCACCA-1",2
"GCCAAATCATAACCTG-1",1
"GCCAAATGTATAAACG-1",3
"GCCAAATGTGTTTGGT-1",1
"GCCAAATGTTTCGCTC-1",1
"GCCAAATTCAGGTAAA-1",0
"GCCAAATTCCGAGCCA-1",2
"GCCAAATTCCGCGGTA-1",0
"GCCAAATTCGGCTACG-1",0
"GCCTCTAAGAGTACCG-1",1
"GCCTCTAAGCCATCGC-1",2
"GCCTCTAAGCCGCCTA-1",2
"GCCTCTAAGCGATAGC-1",1
"GCCTCTAAGCTGCAAG-1",1
"GCCTCTAAGCTTCGCG-1",1
"GCCTCTAAGTCACGCC-1",1
"GCCTCTACAAGACGTG-1",2
"GCCTCTACAGCTATTG-1",1
"GCCTCTAGTAAGGATT-1",1
"GCCTCTAGTGATGATA-1",2
"GCCTCTAGTTAAGGGC-1",0
"GCCTCTATCAGCGACC-1",3
"GCCTCTATCCGATATG-1",1
"GCCTCTATCGAATCCA-1",1
"GCCTCTATCGAGCCCA-1",2
"GCCTCTATCGCTGATA-1",1
"GCCTCTATCTTTAGGG-1",2
"GCGACCAAGAGGTTAT-1",0
"GCGACCACACTTACGA-1",1
"GCGACCAGTCAGGACA-1",1
"GCGACCAGTCTAGAGG-1",0
"GCGACCATCAACGGGA-1",2
"GCGACCATCCCGGATG-1",0
"GCGACCATCTACTCAT-1",2
"GCGAGAAAGGTTCCTA-1",0
"GCGAGAAAGTACGATA-1",3
"GCGAGAAAGTGTCTCA-1",2
"GCGAGAACAAGCCCAC-1",1
"GCGAGAACACTGAAGG-1",0
"GCGAGAAGTAGCGCTC-1",2
"GCGAGAAGTCCCTACT-1",2
"GCGAGAATCCTTTCGG-1",0
"GCGAGAATCGAGAGCA-1",2
"GCGAGAATCGCACTCT-1",3
"GCGCAACAGTCCTCCT-1",0
"GCGCAACAGTGTACGG-1",2
"GCGCAACCAAGTCTGT-1",1
"GCGCAACCAGCCACCA-1",3
"GCGCAACGTAGCGCTC-1",1
"GCGCAACGTCCCTTGT-1",2
"GCGCAACGTCCTAGCG-1",1
"GCGCAACGTCGACTAT-1",0
"GCGCAACGTCTAGAGG-1",1
"GCGCAACGTGCACGAA-1",1
"GCGCAACTCAATACCG-1",1
"GCGCAGTCACATCCAA-1",0
"GCGCAGTCATTACCTT-1",3
"GCGCAGTGTTAGGGTG-1",1
"GCGCAGTTCGATCCCT-1",2
"GCGCAGTTCGCGGATC-1",0
"GCGCCAAAGACATAAC-1",0
"GCGCCAAAGGACAGCT-1",2
"GCGCCAAAGGCCCTTG-1",0
"GCGCCAAAGGGCTTCC-1",2
"GCGCCAAAGGTACTCT-1",0
"GCGCCAACATAACCTG-1",0
"GCGCCAACATTGGGCC-1",1
"GCGCCAAGTACTTGAC-1",0
"GCGCCAAGTCGGCACT-1",0
"GCGCCAAGTGAAAGAG-1",1
"GCGCCAAGTTGTACAC-1",1
"GCGCCAATCCGTTGCT-1",1
"GCGCGATAGAAGGTTT-1",0
"GCGCGATAGCAGGTCA-1",2
"GCGCGATAGTGAATTG-1",2
"GCGCGATAGTTTGCGT-1",1
"GCGCGATCAGCTCGAC-1",0
"GCGCGATGTAAGTAGT-1",3
"GCGCGATGTATCACCA-1",0
"GCGCGATGTCACTTCC-1",0
"GCGCGATGTTACCAGT-1",4
"GCGCGATTCAGTTAGC-1",1
"GCGCGATTCGTTTAGG-1",2
"GCGGGTTAGAAACGAG-1",1
"GCGGGTTAGCTATGCT-1",1
"GCGGGTTAGTGTGAAT-1",4
"GCGGGTTCACGCGAAA-1",0
"GCGGGTTCAGGCAGTA-1",2
"GCGGGTTCAGTAACGG-1",1
"GCGGGTTGTGAGTATA-1",0
"GCGGGTTGTGGCGAAT-1",3
"GCGGGTTTCCAAAGTC-1",1
"GCGGGTTTCCTTTCTC-1",1
"GCGGGTTTCTCCAACC-1",0
"GCGGGTTTCTTGAGGT-1",1
"GCGGGTTTCTTGTATC-1",1
"GCTCCTACAAACTGTC-1",4
"GCTCCTACACCAGGTC-1",1
"GCTCCTACACCGATAT-1",1
"GCTCCTACAGGGTACA-1",4
"GCTCCTACATTAGCCA-1",2
"GCTCCTAGTCAGGACA-1",0
"GCTCCTAGTCCGTCAG-1",2
"GCTCCTATCAGCCTAA-1",0
"GCTCCTATCCCTAATT-1",2
"GCTCTGTAGAGGTAGA-1",2
"GCTCTGTAGCTGAACG-1",1
"GCTCTGTAGGAGTCTG-1",3
"GCTCTGTAGTGCTGCC-1",1
"GCTCTGTAGTGGACGT-1",2
"GCTCTGTTCACCTCGT-1",4
"GCTGCAGAGCGTGAGT-1",4
"GCTGCAGAGTCAAGCG-1",2
"GCTGCAGAGTCCCACG-1",2
"GCTGCAGCAATTGCTG-1",1
"GCTGCAGCATGCCCGA-1",1
"GCTGCAGCATGCCTAA-1",0
"GCTGCAGGTAAACCTC-1",2
"GCTGCAGGTACGAAAT-1",2
"GCTGCAGGTAGCGCAA-1",1
"GCTGCAGGTCACCCAG-1",1
"GCTGCAGGTCATGCCG-1",0
"GCTGCGAAGGAATGGA-1",2
"GCTGCGAGTCTAACGT-1",1
"GCTGCGAGTGTTTGGT-1",1
"GCTGCGATCTCCTATA-1",4
"GCTGCGATCTTGTTTG-1",0
"GCTGCTTAGAATTGTG-1",2
"GCTGCTTAGGCAATTA-1",3
"GCTGCTTCATCACGTA-1",1
"GCTGCTTCATCCAACA-1",1
"GCTGCTTCATGCCTAA-1",0
"GCTGCTTCATGGTCAT-1",1
"GCTGCTTGTAACGACG-1",2
"GCTGCTTGTAATCGTC-1",1
"GCTGCTTGTAGGGACT-1",2
"GCTGCTTGTGAAAGAG-1",2
"GCTGCTTTCCGGGTGT-1",2
"GCTGGGTAGACCCACC-1",0
"GCTGGGTAGCCACGCT-1",0
"GCTGGGTAGTCGCCGT-1",3
"GCTGGGTAGTCTCAAC-1",2
"GCTGGGTCACGGCTAC-1",1
"GCTGGGTCAGCCAATT-1",0
"GCTGGGTGTACAGTTC-1",0
"GCTGGGTGTACCGTTA-1",0
"GCTGGGTGTCGAGTTT-1",0
"GCTGGGTGTCTCCACT-1",0
"GCTGGGTGTGCCTGTG-1",0
"GCTGGGTTCAGCTTAG-1",0
"GCTGGGTTCCTTAATC-1",1
"GCTTCCAAGAAACCTA-1",0
"GCTTCCACACCACCAG-1",0
"GCTTCCACAGGTCGTC-1",2
"GCTTCCACAGTGAGTG-1",2
"GCTTCCAGTATAGGTA-1",2
"GCTTCCAGTTCAGCGC-1",0
"GCTTCCATCGTCCAGG-1",3
"GCTTGAAAGATGGCGT-1",0
"GCTTGAAAGCCGTCGT-1",4
"GCTTGAACAAACCTAC-1",1
"GCTTGAACACGGTGTC-1",2
"GCTTGAACATCGGAAG-1",2
"GCTTGAAGTGCGGTAA-1",1
"GCTTGAAGTTCTCATT-1",0
"GCTTGAATCAGGATCT-1",2
"GGAAAGCAGGCAGGTT-1",0
"GGAAAGCCAAACGCGA-1",3
"GGAAAGCCAAGTACCT-1",1
"GGAAAGCGTAAGCACG-1",1
"GGAAAGCGTCCTCCAT-1",0
"GGAAAGCGTCGCGTGT-1",1
"GGAAAGCGTGCTTCTC-1",1
"GGAAAGCTCCAGAGGA-1",0
"GGAACTTAGAGTAAGG-1",1
"GGAACTTCAATGTAAG-1",1
"GGAACTTCACAGGAGT-1",0
"GGAACTTCACCTCGTT-1",0
"GGAACTTGTCTCTTTA-1",2
"GGAACTTTCATTGCCC-1",2
"GGAACTTTCATTTGGG-1",1
"GGAACTTTCCGTCATC-1",1
"GGAACTTTCCTCAACC-1",1
"GGAACTTTCGGATGTT-1",2
"GGAATAAAGGTACTCT-1",1
"GGAATAAAGTGTCCAT-1",3
"GGAATAACAGCGTCCA-1",1
"GGAATAAGTCTGGTCG-1",1
"GGAATAAGTGCAGGTA-1",1
"GGAATAATCAGCACAT-1",2
"GGAATAATCTTTACGT-1",4
"GGACAAGAGGTACTCT-1",0
"GGACAAGCAACGATGG-1",1
"GGACAAGCAGTCGTGC-1",2
"GGACAAGCATGGGACA-1",0
"GGACAAGGTATAAACG-1",1
"GGACAAGGTATGAAAC-1",2
"GGACAAGGTCGGCATC-1",1
"GGACAAGGTTATGCGT-1",1
"GGACAAGTCTAACGGT-1",1
"GGACAGAAGCTAGTCT-1",3
"GGACAGAAGTACTTGC-1",3
"GGACAGACAACACGCC-1",1
"GGACAGACACAAGCCC-1",1
"GGACAGAGTAAGTGGC-1",0
"GGACAGAGTCTTTCAT-1",0
"GGACAGAGTGAGGGAG-1",3
"GGACAGAGTTCCACAA-1",0
"GGACAGATCAACGCTA-1",3
"GGACATTAGAGGGCTT-1",1
"GGACATTAGCCACGTC-1",1
"GGACATTCAAACGCGA-1",2
"GGACATTCAATGACCT-1",2
"GGACATTCACCAGCAC-1",0
"GGACATTGTTCTGGTA-1",0
"GGACATTTCCTCTAGC-1",0
"GGACGTCAGTACTTGC-1",1
"GGACGTCAGTGGTAAT-1",0
"GGACGTCCACAGTCGC-1",0
"GGACGTCGTGAGGGAG-1",1
"GGACGTCGTGGCGAAT-1",0
"GGACGTCGTTACGGAG-1",1
"GGACGTCGTTTAAGCC-1",0
"GGACGTCTCCACTCCA-1",0
"GGACGTCTCGCAAACT-1",2
"GGACGTCTCTCCAGGG-1",0
"GGACGTCTCTCGAGTA-1",1
"GGACGTCTCTGGTGTA-1",2
"GGACGTCTCTTCGAGA-1",1
"GGAGCAAAGAACTCGG-1",0
"GGAGCAAAGACTGTAA-1",3
"GGAGCAAAGCCGCCTA-1",3
"GGAGCAAAGCTAAACA-1",3
"GGAGCAAAGTACGCCC-1",1
"GGAGCAACAAGCTGTT-1",3
"GGAGCAACAATGGACG-1",0
"GGAGCAACAATTCCTT-1",1
"GGAGCAACATGCTGGC-1",2
"GGAGCAAGTGAGTATA-1",1
"GGAGCAAGTTACTGAC-1",1
"GGAGCAATCAAGATCC-1",6
"GGAGCAATCCCATTTA-1",2
"GGATGTTCAAACTGTC-1",1
"GGATGTTTCATCACCC-1",1
"GGATGTTTCATGCATG-1",2
"GGATGTTTCCTACAGA-1",4
"GGATGTTTCCTCTAGC-1",1
"GGATTACAGATCCCAT-1",3
"GGATTACAGCTTCGCG-1",2
"GGATTACAGGCTAGCA-1",5
"GGATTACAGTATCTCG-1",3
"GGATTACCAAGCGTAG-1",2
"GGATTACCACATCCGG-1",3
"GGATTACCAGCGTAAG-1",1
"GGATTACGTAATAGCA-1",1
"GGATTACGTACACCGC-1",1
"GGATTACGTCTCTTTA-1",0
"GGATTACGTTGAGGTG-1",1
"GGATTACTCGCGCCAA-1",4
"GGATTACTCGGCGCAT-1",0
"GGATTACTCTGCCCTA-1",3
"GGCAATTCAATCGGTT-1",2
"GGCAATTCACGGCGTT-1",2
"GGCAATTCATCACCCT-1",2
"GGCAATTGTCGATTGT-1",0
"GGCAATTTCACTTACT-1",3
"GGCAATTTCAGCACAT-1",2
"GGCAATTTCTCCGGTT-1",4
"GGCCGATAGTGTCTCA-1",1
"GGCCGATCACGGACAA-1",1
"GGCCGATGTAGGACAC-1",1
"GGCCGATGTCACTGGC-1",1
"GGCCGATGTCCCTACT-1",2
"GGCCGATTCACCGTAA-1",1
"GGCCGATTCCGCGCAA-1",1
"GGCGACTAGAGCTGGT-1",1
"GGCGACTAGGACCACA-1",3
"GGCGACTAGGTTACCT-1",4
"GGCGACTCAAAGCGGT-1",0
"GGCGACTCAAGAGTCG-1",2
"GGCGACTCACCAGGTC-1",3
"GGCGACTCATTGTGCA-1",1
"GGCGACTTCAGAAATG-1",1
"GGCGACTTCAGAGACG-1",3
"GGCGACTTCCAGATCA-1",2
"GGCGACTTCTCTAGGA-1",3
"GGCGTGTAGCTAGCCC-1",1
"GGCGTGTAGGGTATCG-1",2
"GGCGTGTCAGGTCCAC-1",1
"GGCGTGTCAGTATAAG-1",1
"GGCGTGTCATCGTCGG-1",3
"GGCGTGTCATGGAATA-1",3
"GGCGTGTGTCTCCCTA-1",0
"GGCGTGTTCTTGAGGT-1",1
"GGCTCGAAGCCGTCGT-1",4
"GGCTCGAAGGTAAACT-1",0
"GGCTCGACAAGAAGAG-1",2
"GGCTCGACAATAGCAA-1",2
"GGCTCGACATGGTCAT-1",0
"GGCTCGAGTATATCCG-1",3
"GGCTCGAGTTACGTCA-1",1
"GGCTCGAGTTAGGGTG-1",0
"GGCTCGATCTGCAAGT-1",1
"GGCTGGTAGAAGAAGC-1",0
"GGCTGGTAGACCCACC-1",3
"GGCTGGTCAAGGACAC-1",0
"GGCTGGTCACTGCCAG-1",1
"GGCTGGTCATTTCAGG-1",0
"GGCTGGTGTATTCTCT-1",1
"GGCTGGTGTCGCATCG-1",2
"GGCTGGTGTCTAGTGT-1",1
"GGCTGGTGTTATGCGT-1",0
"GGGAATGAGCGTTGCC-1",0
"GGGAATGAGTAGGTGC-1",1
"GGGAATGGTAAGGGAA-1",0
"GGGAATGTCAACGAAA-1",0
"GGGAATGTCCAGTATG-1",0
"GGGAATGTCCGGGTGT-1",0
"GGGACCTAGATGTAAC-1",1
"GGGACCTAGTCTTGCA-1",1
"GGGACCTCAATCAGAA-1",1
"GGGACCTCACTGAAGG-1",2
"GGGAGATAGTACGACG-1",4
"GGGAGATCAAAGTGCG-1",1
"GGGAGATCAAATCCGT-1",0
"GGGAGATCAAGGACTG-1",2
"GGGAGATCACGCGAAA-1",2
"GGGAGATGTAGCGCAA-1",1
"GGGAGATTCAACGGGA-1",0
"GGGAGATTCATCACCC-1",1
"GGGATGAAGTGACATA-1",2
"GGGATGACATCATCCC-1",0
"GGGATGAGTCACCCAG-1",3
"GGGATGAGTGGAAAGA-1",1
"GGGATGAGTTACGACT-1",1
"GGGATGAGTTGGTAAA-1",0
"GGGATGATCAGTTAGC-1",0
"GGGATGATCTATCCTA-1",1
"GGGATGATCTTTAGGG-1",1
"GGGCACTAGTCTCGGC-1",2
"GGGCACTCATCTCCCA-1",3
"GGGCACTTCACCTCGT-1",1
"GGGCACTTCTGAGGGA-1",0
"GGGCATCCAATGTAAG-1",0
"GGGCATCCAGTCTTCC-1",0
"GGGCATCGTGGCGAAT-1",1
"GGGCATCTCACAGTAC-1",1
"GGGCATCTCCCTTGTG-1",1
"GGGCATCTCCGGCACA-1",2
"GGGCATCTCTGTCCGT-1",0
"GGGCATCTCTTATCTG-1",1
"GGGTCTGAGAAGATTC-1",2
"GGGTCTGAGATCCCGC-1",4
"GGGTCTGAGCCAACAG-1",0
"GGGTCTGCACAGGCCT-1",1
"GGGTCTGCACCAGGTC-1",0
"GGGTCTGGTCTGGTCG-1",1
"GGGTCTGGTGATGATA-1",1
"GGGTCTGGTGTGACCC-1",1
"GGGTCTGTCAACTCTT-1",3
"GGGTCTGTCACTCCTG-1",1
"GGGTCTGTCCGTAGTA-1",1
"GGGTTGCAGACAGAGA-1",0
"GGGTTGCAGACCTTTG-1",0
"GGGTTGCAGATCGATA-1",1
"GGGTTGCAGGGTGTTG-1",1
"GGGTTGCAGGTGGGTT-1",1
"GGGTTGCCAATAACGA-1",1
"GGGTTGCCACGCCAGT-1",1
"GGGTTGCCATTAACCG-1",3
"GGGTTGCGTACATCCA-1",0
"GGGTTGCGTAGCGCAA-1",0
"GGGTTGCGTCCTCCAT-1",2
"GGGTTGCGTCGAGTTT-1",1
"GGGTTGCGTGAGTATA-1",1
"GGGTTGCGTGTGACCC-1",0
"GGGTTGCTCGTACCGG-1",1
"GGTATTGAGCACCGTC-1",0
"GGTATTGAGCTATGCT-1",4
"GGTATTGCACATCCAA-1",0
"GGTATTGCAGCTTCGG-1",1
"GGTATTGGTTCCGTCT-1",1
"GGTATTGTCAGAAATG-1",2
"GGTATTGTCCATTCTA-1",0
"GGTATTGTCGCCAGCA-1",0
"GGTGAAGAGACACGAC-1",0
"GGTGAAGAGATCCGAG-1",2
"GGTGAAGCAAGGTGTG-1",2
"GGTGAAGCACTCGACG-1",1
"GGTGAAGCAGTATGCT-1",4
"GGTGAAGGTATGAAAC-1",2
"GGTGAAGGTCAGAATA-1",1
"GGTGAAGGTGGTACAG-1",2
"GGTGAAGGTGTATGGG-1",1
"GGTGAAGGTGTCTGAT-1",2
"GGTGAAGGTGTGGTTT-1",3
"GGTGAAGGTGTGTGCC-1",1
"GGTGAAGTCACGATGT-1",0
"GGTGAAGTCACTCTTA-1",0
"GGTGAAGTCTGGCGTG-1",0
"GGTGCGTAGGTGATTA-1",0
"GGTGCGTAGTACGATA-1",0
"GGTGCGTCACTTAAGC-1",3
"GGTGCGTCAGCTGTAT-1",3
"GGTGCGTGTTCGTTGA-1",1
"GGTGCGTTCCGTACAA-1",1
"GGTGCGTTCTTGACGA-1",2
"GGTGTTAAGGGCTCTC-1",0
"GGTGTTAAGTAGCGGT-1",2
"GGTGTTAAGTGGGATC-1",2
"GGTGTTAAGTTATCGC-1",0
"GGTGTTACAAATCCGT-1",0
"GGTGTTACACGGATAG-1",0
"GGTGTTAGTAATCACC-1",0
"GGTGTTAGTAGCAAAT-1",1
"GGTGTTAGTGTATGGG-1",2
"GGTGTTAGTTGAACTC-1",1
"GGTGTTATCGGACAAG-1",4
"GGTGTTATCGGTGTTA-1",0
"GGTGTTATCTACTTAC-1",0
"GTAACGTAGGTGACCA-1",1
"GTAACGTCACAGGCCT-1",2
"GTAACGTGTACCATCA-1",1
"GTAACGTGTGAGTATA-1",0
"GTAACGTGTTACGGAG-1",2
"GTAACGTGTTAGGGTG-1",1
"GTAACGTTCGGTCCGA-1",0
"GTAACGTTCTCATTCA-1",2
"GTAACTGAGTGGGTTG-1",5
"GTAACTGCAATGGAAT-1",1
"GTAACTGCACAGGCCT-1",0
"GTAACTGCAGGATCGA-1",2
"GTAACTGCATCGGGTC-1",1
"GTAACTGGTATTACCG-1",1
"GTAACTGTCACGGTTA-1",0
"GTAACTGTCTACTATC-1",0
"GTACGTAAGGTGCTTT-1",0
"GTACGTACAGGAATGC-1",2
"GTACGTACATGGATGG-1",0
"GTACGTAGTGAGTGAC-1",2
"GTACGTAGTTGGTAAA-1",2
"GTACGTATCACCTCGT-1",1
"GTACGTATCATCGGAT-1",0
"GTACGTATCCACTGGG-1",3
"GTACTCCAGGCAGTCA-1",1
"GTACTCCCAATAGCGG-1",1
"GTACTCCCACAGGTTT-1",1
"GTACTCCTCACCTTAT-1",2
"GTACTCCTCATTGCCC-1",0
"GTACTCCTCCTTCAAT-1",1
"GTACTTTCAGTTAACC-1",1
"GTACTTTCATGTCGAT-1",0
"GTACTTTTCCGAAGAG-1",5
"GTAGGCCAGCAATCTC-1",3
"GTAGGCCCATTCGACA-1",0
"GTAGGCCGTAACGCGA-1",0
"GTAGGCCGTAAGGGCT-1",1
"GTAGGCCGTACGACCC-1",1
"GTAGGCCGTTCAGGCC-1",2
"GTAGGCCGTTGATTGC-1",1
"GTAGGCCTCAGCACAT-1",1
"GTAGTCAAGAATGTGT-1",2
"GTAGTCAAGATGCCTT-1",1
"GTAGTCAAGGACGAAA-1",2
"GTAGTCAAGTGAAGAG-1",1
"GTAGTCATCGTCACGG-1",2
"GTAGTCATCTGAAAGA-1",0
"GTATCTTAGAAACCAT-1",3
"GTATCTTAGGCTATCT-1",2
"GTATCTTAGTTGTCGT-1",1
"GTATCTTCACACCGCA-1",0
"GTATCTTCACGAAGCA-1",1
"GTATCTTGTTCGCTAA-1",2
"GTATCTTTCATGCTCC-1",0
"GTATCTTTCATGTAGC-1",2
"GTATTCTAGAAACCAT-1",0
"GTATTCTAGACAAAGG-1",1
"GTATTCTCAAAGTCAA-1",4
"GTATTCTCAACAACCT-1",1
"GTATTCTCAACTTGAC-1",1
"GTATTCTCAATAAGCA-1",3
"GTATTCTCAGGGTTAG-1",1
"GTATTCTCATACTACG-1",1
"GTATTCTCATGGTAGG-1",0
"GTATTCTGTAGTGAAT-1",2
"GTATTCTGTCTAGAGG-1",0
"GTCAAGTCATATGCTG-1",1
"GTCAAGTCATGGTTGT-1",3
"GTCAAGTGTCAGCTAT-1",2
"GTCAAGTGTTCCACTC-1",1
"GTCACAAAGCCGATTT-1",1
"GTCACAAAGTGGAGTC-1",0
"GTCACAACAGGTGGAT-1",1
"GTCACAAGTAAACGCG-1",4
"GTCACAATCAGGATCT-1",2
"GTCACAATCAGTTGAC-1",1
"GTCACAATCATGCATG-1",1
"GTCACGGAGATCACGG-1",3
"GTCACGGCATATACCG-1",1
"GTCACGGGTGAGTGAC-1",0
"GTCACGGGTGTGGCTC-1",1
"GTCACGGTCGAGAGCA-1",1
"GTCACGGTCTACCTGC-1",0
"GTCATTTAGAGACTAT-1",2
"GTCATTTCACGTGAGA-1",3
"GTCATTTGTAGAAGGA-1",0
"GTCATTTGTCAGATAA-1",1
"GTCATTTTCCAGAGGA-1",2
"GTCCTCAAGCCCAACC-1",1
"GTCCTCAAGTAGATGT-1",0
"GTCCTCAAGTGGGCTA-1",3
"GTCCTCACAATCACAC-1",0
"GTCCTCAGTGGAAAGA-1",0
"GTCCTCATCAAAGACA-1",0
"GTCCTCATCGTCCGTT-1",1
"GTCGGGTCACTGAAGG-1",0
"GTCGGGTCACTTCGAA-1",0
"GTCGGGTCATGAAGTA-1",2
"GTCGGGTGTCTCACCT-1",1
"GTCGGGTGTGTGACGA-1",0
"GTCGGGTGTGTGTGCC-1",1
"GTCGGGTGTTACGTCA-1",0
"GTCGGGTTCTGCTGTC-1",4
"GTCGGGTTCTGTGCAA-1",0
"GTCGTAAAGAGATGAG-1",5
"GTCGTAAAGCTGCAAG-1",0
"GTCGTAAAGGCGACAT-1",3
"GTCGTAACATCACGAT-1",0
"GTCGTAAGTATCACCA-1",1
"GTCGTAATCCAAGTAC-1",1
"GTCTCGTAGACCACGA-1",1
"GTCTCGTCAGGAACGT-1",3
"GTCTCGTGTGGTAACG-1",0
"GTCTCGTGTTTGGCGC-1",1
"GTCTCGTTCACCGGGT-1",1
"GTCTCGTTCAGTGCAT-1",0
"GTCTTCGAGACAAGCC-1",1
"GTCTTCGAGGAATGGA-1",0
"GTCTTCGAGTCAAGCG-1",3
"GTCTTCGCACATGGGA-1",1
"GTCTTCGCACCAGGTC-1",2
"GTCTTCGCAGACGCAA-1",2
"GTCTTCGCATAACCTG-1",1
"GTCTTCGCATCGATGT-1",1
"GTCTTCGGTCTAGTGT-1",0
"GTCTTCGTCTCGATGA-1",1
"GTGAAGGAGAGCTGGT-1",4
"GTGAAGGAGATCGGGT-1",1
"GTGAAGGAGCCAGTTT-1",0
"GTGAAGGAGTGTTGAA-1",1
"GTGAAGGCAAAGGCGT-1",1
"GTGAAGGCACTTAAGC-1",3
"GTGAAGGCAGATTGCT-1",1
"GTGAAGGGTATATGGA-1",3
"GTGAAGGGTCTCTCTG-1",0
"GTGAAGGTCTCCTATA-1",1
"GTGCAGCAGACATAAC-1",3
"GTGCAGCAGTGGTCCC-1",1
"GTGCAGCCACATCTTT-1",1
"GTGCAGCGTGAGTATA-1",0
"GTGCAGCTCTTAGAGC-1",1
"GTGCATAAGGCATGGT-1",3
"GTGCATAGTTTGTTGG-1",1
"GTGCATATCAGAGCTT-1",3
"GTGCATATCATCATTC-1",0
"GTGCATATCTGCGTAA-1",1
"GTGCGGTAGCAATCTC-1",0
"GTGCGGTAGGACAGAA-1",3
"GTGCGGTCAAAGGTGC-1",4
"GTGCGGTGTTCAGACT-1",1
"GTGCGGTGTTCTGTTT-1",0
"GTGCGGTTCATCTGCC-1",1
"GTGCGGTTCCAGGGCT-1",3
"GTGCGGTTCGGATGGA-1",1
"GTGCGGTTCTCGTTTA-1",0
"GTGCGGTTCTGCTGTC-1",2
"GTGCTTCAGCCAGTTT-1",1
"GTGCTTCAGGATTCGG-1",1
"GTGCTTCAGTACACCT-1",0
"GTGCTTCCACTTAACG-1",2
"GTGCTTCCAGCTATTG-1",3
"GTGCTTCGTAGAGTGC-1",2
"GTGCTTCTCACAATGC-1",4
"GTGCTTCTCACTTCAT-1",2
"GTGGGTCAGACCGGAT-1",1
"GTGGGTCAGACTGTAA-1",2
"GTGGGTCAGCCGTCGT-1",1
"GTGGGTCCACCAACCG-1",2
"GTGGGTCCACCACCAG-1",0
"GTGTGCGAGACCGGAT-1",1
"GTGTGCGAGACTTGAA-1",1
"GTGTGCGCAGGTCGTC-1",1
"GTGTGCGGTGAGCGAT-1",0
"GTGTGCGTCAGTCAGT-1",1
"GTGTGCGTCCCTTGTG-1",0
"GTGTGCGTCTAACTTC-1",2
"GTGTTAGAGCACGCCT-1",1
"GTGTTAGAGGACAGAA-1",0
"GTGTTAGAGGCATGGT-1",2
"GTGTTAGAGTGGAGAA-1",1
"GTGTTAGAGTTTGCGT-1",1
"GTGTTAGCAATGGAAT-1",1
"GTGTTAGCACCACCAG-1",3
"GTGTTAGGTGCCTGGT-1",0
"GTGTTAGGTGGAAAGA-1",0
"GTGTTAGGTTCCATGA-1",0
"GTGTTAGGTTGGGACA-1",3
"GTTAAGCAGAGCTGCA-1",2
"GTTAAGCAGATAGCAT-1",1
"GTTAAGCAGCTAACAA-1",1
"GTTAAGCAGGCTACGA-1",0
"GTTAAGCAGTGTACCT-1",4
"GTTAAGCAGTTTGCGT-1",3
"GTTAAGCCATTCACTT-1",4
"GTTAAGCGTACTCGCG-1",1
"GTTAAGCGTCTAGGTT-1",1
"GTTAAGCGTGGCAAAC-1",4
"GTTAAGCGTTGCTCCT-1",1
"GTTAAGCTCCTTTCGG-1",1
"GTTACAGAGAGCTATA-1",1
"GTTACAGAGTACGATA-1",1
"GTTACAGCAGACGCCT-1",3
"GTTACAGCATCGGTTA-1",0
"GTTACAGGTATGGTTC-1",2
"GTTACAGGTCGACTGC-1",1
"GTTACAGGTCTAGGTT-1",1
"GTTCATTAGCGATGAC-1",7
"GTTCATTCATATACGC-1",3
"GTTCATTCATTGGCGC-1",2
"GTTCATTGTGCACGAA-1",1
"GTTCATTGTGTTAAGA-1",1
"GTTCATTGTTCAGTAC-1",2
"GTTCGGGAGACGACGT-1",3
"GTTCGGGAGCTAAGAT-1",1
"GTTCGGGAGTGTCTCA-1",1
"GTTCGGGGTAGGGTAC-1",2
"GTTCGGGGTGCAGGTA-1",1
"GTTCGGGTCCACGCAG-1",3
"GTTCGGGTCTACTTAC-1",1
"GTTCTCGAGACCACGA-1",1
"GTTCTCGAGCGATGAC-1",2
"GTTCTCGAGGCCATAG-1",2
"GTTCTCGCATCGGACC-1",1
"GTTCTCGGTAAGGGAA-1",1
"GTTCTCGGTAGCGTAG-1",0
"GTTCTCGGTCCGTGAC-1",4
"GTTCTCGGTGTTAAGA-1",3
"GTTCTCGTCAACGCTA-1",1
"GTTCTCGTCCTGTACC-1",1
"GTTTCTACAAACCTAC-1",2
"GTTTCTACAAGAAAGG-1",2
"GTTTCTAGTGTTGGGA-1",1
"GTTTCTATCCCAACGG-1",1
"GTTTCTATCCGTAGTA-1",1
"GTTTCTATCGGCATCG-1",1
"TAAACCGGTACTTAGC-1",4
"TAAACCGTCACTCTTA-1",2
"TAAACCGTCAGGCGAA-1",0
"TAAACCGTCCGTTGTC-1",1
"TAAACCGTCTTCCTTC-1",2
"TAAGAGACAAGTTGTC-1",2
"TAAGAGAGTATATCCG-1",0
"TAAGAGATCAATCACG-1",4
"TAAGAGATCTAACGGT-1",1
"TAAGAGATCTTTCCTC-1",2
"TAAGCGTAGTGGACGT-1",1
"TAAGCGTAGTGTCTCA-1",3
"TAAGCGTCAGCTTCGG-1",3
"TAAGCGTCAGGTGGAT-1",2
"TAAGCGTGTCCTGCTT-1",2
"TAAGCGTGTGCCTGGT-1",3
"TAAGCGTGTTGTTTGG-1",1
"TAAGCGTTCCTCATTA-1",1
"TAAGCGTTCGGCGCAT-1",3
"TAAGCGTTCTCGCATC-1",3
"TAAGTGCAGGCTAGGT-1",0
"TAAGTGCAGTAGCGGT-1",0
"TAAGTGCCAACGCACC-1",2
"TAAGTGCCATACAGCT-1",0
"TAAGTGCGTAAACACA-1",1
"TAAGTGCGTCTCACCT-1",0
"TAAGTGCGTTCAGACT-1",0
"TAAGTGCTCACCCTCA-1",1
"TAAGTGCTCACTGGGC-1",3
"TAAGTGCTCTGGCGTG-1",3
"TACACGACACCCATTC-1",1
"TACACGAGTGATAAAC-1",0
"TACACGATCTGTCTCG-1",0
"TACAGTGAGATGCGAC-1",0
"TACAGTGAGCGTTGCC-1",0
"TACAGTGAGTGTACGG-1",0
"TACAGTGCAGGAATCG-1",0
"TACAGTGCAGGTGCCT-1",2
"TACAGTGGTACTCAAC-1",0
"TACAGTGGTTGGACCC-1",1
"TACCTATAGAGCTGGT-1",1
"TACCTATAGAGTTGGC-1",1
"TACCTATAGGCTCATT-1",1
"TACCTATAGTTAGCGG-1",3
"TACCTATCAAGCTGGA-1",2
"TACCTATGTAAATGAC-1",5
"TACCTATGTAGAGTGC-1",1
"TACCTATGTCACCTAA-1",2
"TACCTATGTGTTGAGG-1",2
"TACCTATGTTAAAGAC-1",1
"TACCTATTCTATGTGG-1",0
"TACCTATTCTTCCTTC-1",1
"TACCTTAAGAGGTTGC-1",1
"TACCTTAAGTCAAGCG-1",5
"TACCTTAAGTGGTCCC-1",3
"TACCTTACAACTGGCC-1",1
"TACCTTACAAGGGTCA-1",1
"TACCTTACACTCAGGC-1",1
"TACCTTACATCTACGA-1",2
"TACCTTAGTAGCGTCC-1",0
"TACCTTAGTCTCCACT-1",2
"TACGGATAGATGGCGT-1",0
"TACGGATAGGTACTCT-1",1
"TACGGATCAGGGATTG-1",2
"TACGGATCATCACCCT-1",1
"TACGGATGTCTAGCCG-1",3
"TACGGATTCGGTGTCG-1",5
"TACGGATTCTACTATC-1",1
"TACGGGCAGGATGCGT-1",0
"TACGGGCAGGGAACGG-1",3
"TACGGGCAGTATTGGA-1",0
"TACGGGCAGTCAAGCG-1",3
"TACGGGCCAAGAAGAG-1",0
"TACGGGCCACCAGATT-1",2
"TACGGGCCATCAGTAC-1",1
"TACGGGCGTAAGGGCT-1",1
"TACGGGCGTCTGATTG-1",1
"TACGGGCGTGATGTGG-1",1
"TACGGGCTCACCTTAT-1",2
"TACGGGCTCAGCTCTC-1",0
"TACGGGCTCCACGAAT-1",2
"TACGGGCTCCTATTCA-1",1
"TACGGGCTCGGTGTTA-1",1
"TACGGTAAGATATGGT-1",1
"TACGGTAAGCCGATTT-1",2
"TACGGTAAGTCATGCT-1",1
"TACGGTAAGTGCCATT-1",1
"TACGGTACACAGGCCT-1",2
"TACGGTACATTTCAGG-1",0
"TACGGTAGTATATCCG-1",2
"TACGGTAGTCACTTCC-1",0
"TACGGTAGTGCAGGTA-1",0
"TACGGTAGTGGGTATG-1",3
"TACGGTATCGCAGGCT-1",1
"TACGGTATCGGACAAG-1",2
"TACGGTATCGTTTATC-1",0
"TACTCATAGTCACGCC-1",1
"TACTCATCAATCTACG-1",1
"TACTCATCACGGTAGA-1",5
"TACTCATCACTTCTGC-1",2
"TACTCATCATCCGTGG-1",1
"TACTCATCATGTCGAT-1",0
"TACTCATGTACAGCAG-1",2
"TACTCATGTCTTCAAG-1",2
"TACTCATTCCTTTCTC-1",0
"TACTCGCAGGCGACAT-1",3
"TACTCGCGTCAGAAGC-1",0
"TACTCGCGTCTGATTG-1",0
"TACTCGCGTGTAACGG-1",1
"TACTCGCGTTGAGTTC-1",2
"TACTCGCTCAACGGGA-1",1
"TACTCGCTCCGAATGT-1",2
"TACTTACAGACTAGGC-1",0
"TACTTACAGCTGAACG-1",3
"TACTTACAGTACACCT-1",0
"TACTTACAGTACGCCC-1",4
"TACTTACAGTGATCGG-1",2
"TACTTACCAAGCCGTC-1",2
"TACTTACCACAGGTTT-1",0
"TACTTACTCGCGTTTC-1",1
"TACTTGTAGCGATATA-1",4
"TACTTGTAGTAATCCC-1",2
"TACTTGTCAAACAACA-1",1
"TACTTGTCATGCAACT-1",3
"TACTTGTGTAGCACGA-1",0
"TACTTGTGTATAAACG-1",0
"TACTTGTGTTCCACAA-1",0
"TACTTGTTCTGCAGTA-1",5
"TAGACCAAGAGACGAA-1",3
"TAGACCAAGCCTCGTG-1",2
"TAGACCAAGTCGATAA-1",1
"TAGACCACAACACCCG-1",1
"TAGACCAGTAGATTAG-1",0
"TAGACCAGTTCATGGT-1",1
"TAGACCATCACTTCAT-1",2
"TAGACCATCGTCACGG-1",1
"TAGACCATCTCCAGGG-1",1
"TAGAGCTAGAATTCCC-1",0
"TAGAGCTAGTATTGGA-1",0
"TAGAGCTCACTGAAGG-1",0
"TAGAGCTGTACTTGAC-1",0
"TAGAGCTGTAGGGACT-1",1
"TAGAGCTGTCTAAAGA-1",2
"TAGCCGGAGACTGGGT-1",0
"TAGCCGGAGTCCCACG-1",0
"TAGCCGGAGTGACATA-1",2
"TAGCCGGCAGCAGTTT-1",3
"TAGCCGGGTACAGTGG-1",2
"TAGCCGGGTACCATCA-1",1
"TAGCCGGGTCGCGAAA-1",3
"TAGCCGGTCACGACTA-1",2
"TAGCCGGTCCAGGGCT-1",1
"TAGGCATAGAACTGTA-1",0
"TAGGCATAGCTAGGCA-1",1
"TAGGCATAGTCGTACT-1",1
"TAGGCATAGTTTAGGA-1",0
"TAGGCATCAAGCCTAT-1",1
"TAGGCATCAGACGCAA-1",1
"TAGGCATGTACGAAAT-1",1
"TAGGCATGTCCAGTTA-1",1
"TAGGCATGTTCCACTC-1",1
"TAGGCATTCCCTAACC-1",0
"TAGGCATTCGCTAGCG-1",0
"TAGGCATTCGTAGATC-1",1
"TAGGCATTCTTCATGT-1",0
"TAGTGGTAGATCACGG-1",2
"TAGTGGTAGCTGTTCA-1",1
"TAGTGGTCAGTATAAG-1",0
"TAGTGGTGTAGCGTAG-1",3
"TAGTGGTTCAGCATGT-1",1
"TAGTGGTTCGGCGCAT-1",2
"TAGTGGTTCTCAAGTG-1",0
"TAGTGGTTCTGGGCCA-1",5
"TAGTGGTTCTTTAGTC-1",0
"TAGTTGGAGATAGGAG-1",2
"TAGTTGGCAGACGCAA-1",2
"TAGTTGGCATGCGCAC-1",3
"TAGTTGGGTATGGTTC-1",0
"TAGTTGGTCCGAATGT-1",1
"TAGTTGGTCTACTCAT-1",2
"TAGTTGGTCTCTAAGG-1",1
"TAGTTGGTCTGATACG-1",1
"TATCAGGAGAGTAAGG-1",0
"TATCAGGAGATCCGAG-1",0
"TATCAGGAGCAGATCG-1",1
"TATCAGGAGGTGCTTT-1",2
"TATCAGGCAACTTGAC-1",0
"TATCAGGCACGTTGGC-1",0
"TATCAGGGTCCGTTAA-1",2
"TATCAGGGTCTGCAAT-1",2
"TATCAGGGTTAAAGAC-1",3
"TATCAGGTCAAGATCC-1",2
"TATCAGGTCCACTCCA-1",2
"TATCAGGTCGTAGGTT-1",0
"TATCTCAAGAGTTGGC-1",0
"TATCTCAAGCCACCTG-1",1
"TATCTCAAGCGTAATA-1",2
"TATCTCAAGGCTAGCA-1",0
"TATCTCAAGTGGGCTA-1",2
"TATCTCACATGTCCTC-1",1
"TATCTCAGTAACGACG-1",1
"TATCTCAGTACCTACA-1",2
"TATCTCAGTACGACCC-1",1
"TATCTCAGTCAATGTC-1",2
"TATCTCATCAAGCCTA-1",1
"TATGCCCAGAAACCGC-1",1
"TATGCCCAGGTAGCTG-1",4
"TATGCCCCAATGGAAT-1",3
"TATGCCCCACTTAACG-1",1
"TATGCCCCATGTTCCC-1",0
"TATGCCCGTAGCCTCG-1",1
"TATGCCCGTATAGGGC-1",1
"TATGCCCGTATGAAAC-1",3
"TATGCCCGTCGCCATG-1",3
"TATGCCCGTGCCTTGG-1",1
"TATGCCCGTTAAGATG-1",2
"TATGCCCGTTGGTGGA-1",0
"TATGCCCGTTTAGGAA-1",3
"TATGCCCTCGTCTGCT-1",2
"TATTACCAGAGAGCTC-1",1
"TATTACCAGCAAATCA-1",0
"TATTACCAGCCCGAAA-1",2
"TATTACCAGTATCTCG-1",2
"TATTACCCAAAGTGCG-1",1
"TATTACCCAGACAAGC-1",1
"TATTACCCAGTCAGCC-1",0
"TATTACCCATAAAGGT-1",1
"TATTACCCATCTACGA-1",6
"TATTACCGTCCAGTAT-1",0
"TCAACGAAGCCGATTT-1",1
"TCAACGAAGCGATGAC-1",1
"TCAACGAAGGCATGTG-1",0
"TCAACGAAGTAGTGCG-1",5
"TCAACGACACCAGGCT-1",1
"TCAACGACATGCCTTC-1",4
"TCAACGAGTTACCAGT-1",1
"TCAACGAGTTCCATGA-1",1
"TCAACGAGTTCTGGTA-1",1
"TCAACGATCAGTCCCT-1",0
"TCAACGATCTGTGCAA-1",2
"TCAATCTAGATCCCGC-1",1
"TCAATCTCACAAGCCC-1",2
"TCAATCTCACAGCCCA-1",3
"TCAATCTCATGACGGA-1",2
"TCAATCTCATTTGCTT-1",2
"TCAATCTGTAGTGAAT-1",1
"TCAATCTGTTAGATGA-1",1
"TCAATCTTCAGATAAG-1",0
"TCAATCTTCATGTCCC-1",1
"TCACAAGAGACTGGGT-1",1
"TCACAAGAGAGAGCTC-1",2
"TCACAAGAGGCCCTCA-1",2
"TCACAAGAGGTGGGTT-1",2
"TCACAAGAGTAGATGT-1",2
"TCACAAGCAGTATGCT-1",1
"TCACAAGCATAACCTG-1",5
"TCACAAGCATGACATC-1",2
"TCACAAGGTCAGATAA-1",2
"TCACAAGGTGTGGTTT-1",2
"TCACAAGTCATCATTC-1",0
"TCACAAGTCATGCATG-1",1
"TCACGAAAGCTCCTTC-1",1
"TCACGAAAGGTGCTTT-1",2
"TCACGAAAGTCTCGGC-1",1
"TCACGAACACAAGACG-1",5
"TCACGAACACTGTCGG-1",2
"TCACGAAGTGGTCCGT-1",0
"TCACGAAGTTGGTGGA-1",3
"TCACGAATCATGCAAC-1",4
"TCACGAATCCCGACTT-1",1
"TCACGAATCCTCGCAT-1",1
"TCACGAATCGTCACGG-1",0
"TCAGATGAGGTGCACA-1",0
"TCAGATGGTCTTGTCC-1",4
"TCAGATGGTGCCTGCA-1",0
"TCAGATGGTGCTGTAT-1",1
"TCAGATGTCAGTTTGG-1",4
"TCAGATGTCGCATGAT-1",0
"TCAGATGTCTCCTATA-1",0
"TCAGCAAAGGAGTCTG-1",3
"TCAGCAAAGGCTCATT-1",2
"TCAGCAAAGTACGACG-1",0
"TCAGCAAAGTGGCACA-1",6
"TCAGCAACACGCATCG-1",3
"TCAGCAAGTACCGGCT-1",3
"TCAGCAATCAGCGATT-1",1
"TCAGCAATCGGAAACG-1",1
"TCAGCAATCTTCAACT-1",0
"TCAGCTCAGGTGTTAA-1",0
"TCAGCTCAGTATGACA-1",5
"TCAGCTCCAATCTGCA-1",2
"TCAGCTCCACGGTTTA-1",3
"TCAGCTCGTAATAGCA-1",1
"TCAGCTCGTCCGTCAG-1",1
"TCAGCTCGTTCACGGC-1",4
"TCAGCTCTCACGATGT-1",1
"TCAGCTCTCATGCATG-1",1
"TCAGCTCTCCTAAGTG-1",4
"TCAGCTCTCTCGTATT-1",1
"TCAGGATAGACAGAGA-1",0
"TCAGGATAGATATGGT-1",1
"TCAGGATCAAACGTGG-1",1
"TCAGGATCAAGTTCTG-1",3
"TCAGGATCACGGTGTC-1",1
"TCAGGATCACTGTGTA-1",4
"TCAGGATCAGCATACT-1",0
"TCAGGATCATCTGGTA-1",1
"TCAGGATGTAAGCACG-1",2
"TCAGGATGTGGCCCTA-1",2
"TCAGGATTCCGATATG-1",1
"TCAGGATTCTCGATGA-1",2
"TCAGGTAAGATGGCGT-1",1
"TCAGGTAAGTGTTTGC-1",2
"TCAGGTACACAAGTAA-1",1
"TCAGGTACACAGAGGT-1",3
"TCAGGTACAGCTGCTG-1",0
"TCAGGTAGTAAACGCG-1",0
"TCATTACAGAAACCAT-1",2
"TCATTACAGGAGTTGC-1",2
"TCATTACAGTTGCAGG-1",2
"TCATTACCACATCCAA-1",3
"TCATTACCAGTCAGCC-1",1
"TCATTACGTACGCACC-1",1
"TCATTACGTCTAGAGG-1",3
"TCATTACGTGAAGGCT-1",0
"TCATTACGTTCTGTTT-1",2
"TCATTACTCATCGATG-1",1
"TCATTTGAGCCAGTTT-1",1
"TCATTTGCACGTCTCT-1",1
"TCATTTGCAGTTAACC-1",4
"TCATTTGTCCAGAGGA-1",2
"TCATTTGTCCCTTGCA-1",2
"TCATTTGTCCGTCAAA-1",2
"TCATTTGTCGCTAGCG-1",1
"TCATTTGTCGTACGGC-1",2
"TCATTTGTCTCTGCTG-1",0
"TCCACACCAAAGAATC-1",1
"TCCACACCACGCCAGT-1",1
"TCCACACGTACAGCAG-1",1
"TCCACACGTAGCCTAT-1",1
"TCCACACGTCATCGGC-1",0
"TCCACACGTGACCAAG-1",0
"TCCACACGTGCGAAAC-1",0
"TCCACACTCAACACCA-1",1
"TCCACACTCCAGTATG-1",2
"TCCACACTCCCATTTA-1",0
"TCCACACTCGAACTGT-1",3
"TCCCGATAGAAGAAGC-1",1
"TCCCGATAGCACAGGT-1",3
"TCCCGATAGCCGGTAA-1",0
"TCCCGATCAAGGTTCT-1",2
"TCCCGATCAGCCAATT-1",2
"TCCCGATCATCCAACA-1",1
"TCCCGATGTAAGGATT-1",0
"TCCCGATGTCAATACC-1",0
"TCCCGATTCAGAAATG-1",0
"TCCCGATTCAGTCCCT-1",1
"TCCCGATTCATCTGTT-1",0
"TCCCGATTCCCTAATT-1",0
"TCCCGATTCTGGAGCC-1",0
"TCGAGGCAGCGATGAC-1",0
"TCGAGGCAGTGTTTGC-1",2
"TCGAGGCCAAAGAATC-1",7
"TCGAGGCCAAGTTCTG-1",0
"TCGAGGCCAGTAACGG-1",2
"TCGAGGCGTATATCCG-1",1
"TCGAGGCTCGCAAGCC-1",2
"TCGAGGCTCTTGAGAC-1",1
"TCGAGGCTCTTTCCTC-1",2
"TCGCGAGAGACAAAGG-1",2
"TCGCGAGAGTGAATTG-1",2
"TCGCGAGCAAGCGTAG-1",1
"TCGCGAGCACCGAATT-1",0
"TCGCGAGCAGTAAGAT-1",2
"TCGCGAGTCCACGAAT-1",3
"TCGCGAGTCTAGCACA-1",1
"TCGCGAGTCTCTAGGA-1",0
"TCGCGAGTCTTCATGT-1",3
"TCGCGTTAGTGGGCTA-1",4
"TCGCGTTCACAGGCCT-1",0
"TCGCGTTCATCACAAC-1",0
"TCGCGTTCATCTCGCT-1",0
"TCGCGTTGTTCACCTC-1",2
"TCGCGTTTCAAGATCC-1",3
"TCGCGTTTCAGGTAAA-1",2
"TCGCGTTTCATTCACT-1",1
"TCGCGTTTCCTGTACC-1",2
"TCGCGTTTCGCCCTTA-1",1
"TCGGGACCACACATGT-1",1
"TCGGGACTCCTTGCCA-1",1
"TCGGGACTCTGCGGCA-1",2
"TCGGGACTCTTGTCAT-1",3
"TCGGTAAAGACAGGCT-1",1
"TCGGTAAAGCTCAACT-1",1
"TCGGTAACAAGCTGAG-1",1
"TCGGTAACAGGAATGC-1",2
"TCGGTAAGTATATGGA-1",0
"TCGGTAAGTCTAGTCA-1",1
"TCGGTAATCCCGGATG-1",1
"TCGTACCAGCAGGCTA-1",2
"TCGTACCAGTTTCCTT-1",1
"TCGTACCGTTTGCATG-1",1
"TCGTACCTCGGGAGTA-1",1
"TCGTAGAAGCTAACTC-1",0
"TCGTAGAAGGCGACAT-1",3
"TCGTAGAAGGGAACGG-1",2
"TCGTAGAAGTCCATAC-1",1
"TCGTAGACAATCCAAC-1",2
"TCGTAGACACTCAGGC-1",2
"TCGTAGAGTATGAATG-1",1
"TCGTAGAGTGAGCGAT-1",2
"TCGTAGAGTGTGTGCC-1",0
"TCGTAGAGTTCAACCA-1",1
"TCGTAGAGTTCCATGA-1",2
"TCGTAGATCCAAGCCG-1",1
"TCGTAGATCTTAGCCC-1",2
"TCTATTGAGCGATTCT-1",0
"TCTATTGAGTGCCATT-1",0
"TCTATTGCACATCTTT-1",2
"TCTATTGGTAAGTGTA-1",0
"TCTATTGGTCCAACTA-1",3
"TCTATTGGTCTGCCAG-1",0
"TCTATTGGTTGCTCCT-1",2
"TCTATTGTCGGCGCTA-1",0
"TCTCATAAGCTAAACA-1",4
"TCTCATAAGCTAGTCT-1",2
"TCTCATAAGTGCCATT-1",2
"TCTCATAGTACCGGCT-1",2
"TCTCATAGTGTAAGTA-1",3
"TCTCATATCAAGCCTA-1",1
"TCTCATATCACCTTAT-1",3
"TCTCATATCCTGTACC-1",3
"TCTCTAAAGACCGGAT-1",0
"TCTCTAAAGGGTGTTG-1",0
"TCTCTAACAGCCTATA-1",5
"TCTCTAAGTCCAGTAT-1",5
"TCTCTAAGTCCATGAT-1",1
"TCTCTAAGTCTCATCC-1",0
"TCTCTAAGTGGAAAGA-1",1
"TCTCTAATCAAACCAC-1",2
"TCTCTAATCAACGCTA-1",1
"TCTCTAATCACAGGCC-1",2
"TCTCTAATCACATACG-1",0
"TCTCTAATCCGTAGGC-1",2
"TCTCTAATCGTATCAG-1",1
"TCTGAGACAAACCTAC-1",4
"TCTGAGACACGGATAG-1",0
"TCTGAGACAGAGTGTG-1",1
"TCTGAGAGTAAGGGAA-1",0
"TCTGAGATCCTTGACC-1",2
"TCTGAGATCTATCCTA-1",3
"TCTGGAAAGCGATGAC-1",1
"TCTGGAAAGCTAGTTC-1",0
"TCTGGAAAGCTCTCGG-1",0
"TCTGGAAAGGAGCGAG-1",2
"TCTGGAACACAAGACG-1",0
"TCTGGAACACACTGCG-1",1
"TCTGGAACACTTCTGC-1",4
"TCTGGAAGTGAGTATA-1",1
"TCTGGAATCTGTCTAT-1",1
"TCTTCGGAGGTTCCTA-1",1
"TCTTCGGAGTTCGATC-1",3
"TCTTCGGCAAAGCAAT-1",1
"TCTTCGGCAAAGGTGC-1",0
"TCTTCGGCAATAGCAA-1",0
"TCTTCGGCAATGTAAG-1",3
"TCTTCGGCACACCGAC-1",0
"TCTTCGGCAGCCAATT-1",3
"TCTTCGGGTCATTAGC-1",1
"TCTTCGGTCGTAGGTT-1",0
"TCTTCGGTCTCTAAGG-1",1
"TCTTTCCAGAGAGCTC-1",3
"TCTTTCCAGTCATCCA-1",1
"TCTTTCCCATCTCCCA-1",1
"TCTTTCCGTAATCACC-1",2
"TCTTTCCGTAGTACCT-1",1
"TCTTTCCTCACAACGT-1",0
"TCTTTCCTCAGCTGGC-1",1
"TCTTTCCTCCAAGTAC-1",1
"TCTTTCCTCCTCGCAT-1",0
"TGAAAGAAGCTAAGAT-1",2
"TGAAAGACAAGCCGTC-1",1
"TGAAAGACACATTCGA-1",2
"TGAAAGACATGAGCGA-1",3
"TGAAAGAGTCTAGCGC-1",2
"TGAAAGAGTCTCATCC-1",1
"TGAAAGATCCCGACTT-1",2
"TGAAAGATCTATGTGG-1",1
"TGACAACCAAGCGAGT-1",0
"TGACAACGTAGGGACT-1",3
"TGACAACGTGCGCTTG-1",0
"TGACAACGTGGTTTCA-1",2
"TGACAACTCACAAACC-1",2
"TGACAACTCCACGTGG-1",1
"TGACAACTCGAATGCT-1",0
"TGACGGCAGCGCCTCA-1",1
"TGACGGCAGGCTCAGA-1",1
"TGACGGCAGTCAAGCG-1",2
"TGACGGCCACAGACTT-1",1
"TGACGGCGTCATCCCT-1",0
"TGACGGCTCAGGCGAA-1",3
"TGACGGCTCCACTGGG-1",1
"TGACTAGAGACCCACC-1",1
"TGACTAGAGGGCATGT-1",6
"TGACTAGAGTCTCAAC-1",3
"TGACTAGAGTTGAGAT-1",0
"TGACTAGCAGCATACT-1",1
"TGACTAGCAGTCAGAG-1",0
"TGACTAGCATTTCACT-1",2
"TGACTAGGTAAATACG-1",0
"TGACTAGGTGAAAGAG-1",1
"TGACTAGGTGCAGTAG-1",1
"TGACTAGTCATGCATG-1",1
"TGACTAGTCCATGCTC-1",1
"TGACTAGTCTGTTGAG-1",0
"TGACTTTAGAACAATC-1",2
"TGACTTTAGTCTCGGC-1",1
"TGACTTTAGTTAGGTA-1",1
"TGACTTTCAGTCCTTC-1",1
"TGACTTTCATTATCTC-1",0
"TGACTTTGTCACACGC-1",2
"TGACTTTTCCTCAATT-1",1
"TGACTTTTCTGCCCTA-1",0
"TGAGAGGAGGCTCATT-1",1
"TGAGAGGCAAAGTCAA-1",2
"TGAGAGGCAAGCCATT-1",2
"TGAGAGGCACCATGTA-1",2
"TGAGAGGGTCACTGGC-1",3
"TGAGAGGGTCTAAACC-1",0
"TGAGAGGTCGAACTGT-1",0
"TGAGAGGTCGCGTTTC-1",2
"TGAGAGGTCTGACCTC-1",1
"TGAGCATAGAAACGAG-1",2
"TGAGCATAGAAGCCCA-1",0
"TGAGCATAGATGTCGG-1",2
"TGAGCATAGGAATGGA-1",0
"TGAGCATCACCAGGCT-1",1
"TGAGCATCAGATGAGC-1",2
"TGAGCATCAGCGTAAG-1",0
"TGAGCATCAGCTGTAT-1",3
"TGAGCATGTGGCCCTA-1",5
"TGAGCATTCCACGTTC-1",5
"TGAGCATTCCGATATG-1",1
"TGAGCATTCGGCCGAT-1",2
"TGAGCCGCATCGGGTC-1",1
"TGAGCCGGTCGAACAG-1",3
"TGAGCCGGTGTAATGA-1",3
"TGAGCCGGTTGATTCG-1",1
"TGAGCCGTCATCTGCC-1",4
"TGAGCCGTCGTCACGG-1",1
"TGAGCCGTCTTGAGGT-1",3
"TGAGGGAAGAGACTAT-1",3
"TGAGGGAAGGAGTACC-1",2
"TGAGGGAAGTCATCCA-1",4
"TGAGGGAAGTCATGCT-1",1
"TGAGGGACACCAGTTA-1",2
"TGAGGGACATAAGACA-1",1
"TGAGGGAGTAAACGCG-1",1
"TGAGGGAGTTAGGGTG-1",0
"TGAGGGATCAACGGGA-1",3
"TGAGGGATCTAGCACA-1",0
"TGAGGGATCTCTTATG-1",2
"TGATTTCCATCCGGGT-1",0
"TGATTTCGTAGGCATG-1",0
"TGATTTCGTTAAGACA-1",2
"TGATTTCTCTGATTCT-1",1
"TGCACCTAGACCTTTG-1",0
"TGCACCTAGGACGAAA-1",1
"TGCACCTCAAGTTGTC-1",0
"TGCACCTCAATAGAGT-1",1
"TGCACCTCATCCGGGT-1",3
"TGCACCTGTAATCACC-1",3
"TGCACCTGTCACACGC-1",1
"TGCACCTTCACGGTTA-1",2
"TGCACCTTCATCGGAT-1",1
"TGCACCTTCCGCGGTA-1",1
"TGCACCTTCGAACTGT-1",3
"TGCACCTTCTCTTGAT-1",1
"TGCCAAACAATGTAAG-1",1
"TGCCAAACAATTCCTT-1",1
"TGCCAAAGTTCGCGAC-1",0
"TGCCAAATCCAAACTG-1",1
"TGCCAAATCCCTGACT-1",0
"TGCCAAATCGGCGGTT-1",1
"TGCCCATAGACTAGGC-1",2
"TGCCCATAGCGTCAAG-1",0
"TGCCCATAGCGTGAAC-1",1
"TGCCCATAGCTGTTCA-1",0
"TGCCCATAGGATGGAA-1",1
"TGCCCATAGTACGCCC-1",0
"TGCCCATAGTTGAGTA-1",1
"TGCCCATCACCAGGTC-1",0
"TGCCCATCACGAAATA-1",1
"TGCCCATCAGGACGTA-1",3
"TGCCCATCATGGAATA-1",0
"TGCCCATCATGGATGG-1",0
"TGCCCATGTAGCCTCG-1",1
"TGCCCATTCAAACCGT-1",2
"TGCCCATTCAGGCCCA-1",2
"TGCCCATTCCTTCAAT-1",1
"TGCCCATTCGGAAATA-1",1
"TGCCCTAAGGTCGGAT-1",0
"TGCCCTAAGGTTCCTA-1",1
"TGCCCTACACCACCAG-1",1
"TGCCCTACAGCCACCA-1",1
"TGCCCTACAGTGAGTG-1",1
"TGCCCTAGTCCGAGTC-1",3
"TGCCCTAGTGGTTTCA-1",0
"TGCCCTAGTTTCGCTC-1",0
"TGCCCTATCGACGGAA-1",0
"TGCCCTATCTTCGGTC-1",2
"TGCGCAGAGACTAGGC-1",4
"TGCGCAGAGCACACAG-1",2
"TGCGCAGAGCGTCTAT-1",0
"TGCGCAGAGGAGCGAG-1",2
"TGCGCAGCAAACGTGG-1",1
"TGCGCAGCAGCTCGCA-1",2
"TGCGCAGCAGTAGAGC-1",3
"TGCGCAGTCCTACAGA-1",0
"TGCGGGTAGAGACTTA-1",2
"TGCGGGTAGATCGATA-1",2
"TGCGGGTAGCTCTCGG-1",0
"TGCGGGTAGGTGTGGT-1",4
"TGCGGGTAGTACTTGC-1",1
"TGCGGGTCAATGGAAT-1",4
"TGCGGGTCACACGCTG-1",2
"TGCGGGTCATTGGGCC-1",3
"TGCGGGTGTAGAAAGG-1",1
"TGCGGGTGTCACCTAA-1",1
"TGCGGGTGTCAGATAA-1",1
"TGCGGGTGTTAGAACA-1",4
"TGCGGGTTCAGTTCGA-1",1
"TGCGGGTTCGTAGATC-1",2
"TGCGGGTTCTCTTGAT-1",1
"TGCGTGGAGACGCAAC-1",0
"TGCGTGGAGACTGGGT-1",2
"TGCGTGGAGTGAACGC-1",1
"TGCGTGGCAATTCCTT-1",1
"TGCGTGGGTGCACCAC-1",4
"TGCGTGGTCCGCGCAA-1",0
"TGCGTGGTCGCCCTTA-1",3
"TGCGTGGTCTGGCGAC-1",2
"TGCTACCAGAAAGTGG-1",3
"TGCTACCAGATGGCGT-1",3
"TGCTACCAGCAAATCA-1",2
"TGCTACCAGTCCGTAT-1",0
"TGCTACCCAAGAGGCT-1",1
"TGCTACCCACTTAACG-1",1
"TGCTACCCATCGTCGG-1",4
"TGCTACCCATGGTTGT-1",1
"TGCTACCGTGTGACGA-1",0
"TGCTACCTCCTCGCAT-1",1
"TGCTACCTCTTCTGGC-1",2
"TGCTGCTAGACTAAGT-1",0
"TGCTGCTAGGTGATAT-1",0
"TGCTGCTCAATAGAGT-1",0
"TGCTGCTCACAGACAG-1",3
"TGCTGCTCATCCCATC-1",2
"TGCTGCTCATGGTTGT-1",3
"TGCTGCTGTCATACTG-1",0
"TGCTGCTGTGAAGGCT-1",0
"TGCTGCTTCATTGCGA-1",1
"TGGACGCAGAGGTACC-1",1
"TGGACGCAGTCAAGGC-1",2
"TGGACGCCACAGAGGT-1",0
"TGGACGCCATGGTAGG-1",0
"TGGACGCGTCCGAACC-1",4
"TGGACGCGTCTCCCTA-1",2
"TGGCCAGAGAAGGTGA-1",3
"TGGCCAGAGAGTACAT-1",1
"TGGCCAGAGGCGATAC-1",2
"TGGCCAGAGGCGTACA-1",1
"TGGCCAGCAACTGCGC-1",1
"TGGCCAGCACGACTCG-1",2
"TGGCCAGGTCAATACC-1",1
"TGGCCAGTCGTAGATC-1",2
"TGGCCAGTCTATCCCG-1",1
"TGGCGCAAGCTACCTA-1",1
"TGGCGCAAGCTATGCT-1",0
"TGGCGCAAGTGTGGCA-1",4
"TGGCGCAAGTTACCCA-1",5
"TGGCGCACACAGGCCT-1",5
"TGGCGCACACGGATAG-1",2
"TGGCGCACAGCGATCC-1",2
"TGGCGCACATAGGATA-1",0
"TGGCGCACATATACGC-1",2
"TGGCGCAGTACTCTCC-1",1
"TGGCGCAGTGGACGAT-1",1
"TGGCGCAGTTATGTGC-1",2
"TGGCGCATCAAGAAGT-1",1
"TGGCGCATCATGCTCC-1",0
"TGGCGCATCATGTGGT-1",3
"TGGCGCATCATTATCC-1",1
"TGGCGCATCGTGGTCG-1",0
"TGGCTGGAGCGGATCA-1",2
"TGGCTGGAGTGCAAGC-1",1
"TGGCTGGCAAGTTAAG-1",0
"TGGCTGGCACGGATAG-1",0
"TGGCTGGCAGGAACGT-1",2
"TGGCTGGGTCGAGTTT-1",0
"TGGCTGGGTCGGCATC-1",2
"TGGCTGGGTCTAGCCG-1",1
"TGGCTGGGTTACGCGC-1",2
"TGGCTGGGTTGGACCC-1",0
"TGGCTGGTCTCGTTTA-1",0
"TGGGAAGAGATATACG-1",2
"TGGGAAGAGCCCAATT-1",1
"TGGGAAGAGCGCTCCA-1",1
"TGGGAAGAGGGCTTCC-1",0
"TGGGAAGAGTAAGTAC-1",4
"TGGGAAGAGTTAACGA-1",1
"TGGGAAGCAAGGTGTG-1",0
"TGGGAAGCAGATCCAT-1",2
"TGGGAAGCAGCGAACA-1",0
"TGGGAAGGTAAGTTCC-1",1
"TGGGAAGGTTAGATGA-1",1
"TGGGAAGGTTATTCTC-1",0
"TGGGAAGTCCCAAGAT-1",2
"TGGGAAGTCCTTCAAT-1",4
"TGGGAAGTCGTGGACC-1",0
"TGGGAAGTCTCCTATA-1",3
"TGGGCGTAGTCTCCTC-1",3
"TGGGCGTCAGACGTAG-1",0
"TGGGCGTCAGGGATTG-1",2
"TGGGCGTGTCCAAGTT-1",0
"TGGGCGTGTCTAGAGG-1",1
"TGGGCGTGTGGCTCCA-1",2
"TGGGCGTGTTTCGCTC-1",1
"TGGGCGTTCAGCTTAG-1",0
"TGGTTAGAGCTACCTA-1",1
"TGGTTAGAGTTAGGTA-1",2
"TGGTTAGGTGATGATA-1",0
"TGGTTAGGTTCACGGC-1",1
"TGGTTAGTCCCGACTT-1",1
"TGGTTAGTCTTGTATC-1",0
"TGGTTCCAGCCGTCGT-1",0
"TGGTTCCAGTAATCCC-1",1
"TGGTTCCCAAGTTGTC-1",2
"TGGTTCCCAGACAAAT-1",4
"TGGTTCCCAGACAGGT-1",1
"TGGTTCCCAGCTCGAC-1",3
"TGGTTCCCATGTCCTC-1",2
"TGGTTCCCATTTCACT-1",2
"TGGTTCCGTCCAAGTT-1",1
"TGGTTCCTCACATACG-1",3
"TGGTTCCTCAGCTTAG-1",2
"TGGTTCCTCTAACTTC-1",0
"TGGTTCCTCTAGAGTC-1",0
"TGGTTCCTCTGGGCCA-1",3
"TGTATTCAGCCCGAAA-1",1
"TGTATTCAGCGATCCC-1",0
"TGTATTCCAGGGCATA-1",2
"TGTATTCGTAAGAGAG-1",1
"TGTATTCGTTTGTTTC-1",2
"TGTATTCTCAGCATGT-1",3
"TGTATTCTCATCTGTT-1",1
"TGTCCCAAGCAGATCG-1",4
"TGTCCCAAGCTAGTTC-1",1
"TGTCCCAAGCTGAACG-1",2
"TGTCCCAAGTTGTCGT-1",0
"TGTCCCACAGTAAGCG-1",2
"TGTCCCACATCACGTA-1",1
"TGTCCCAGTAAGAGGA-1",0
"TGTCCCAGTAAGTGGC-1",0
"TGTCCCAGTCGGATCC-1",3
"TGTCCCAGTCTCTTTA-1",0
"TGTCCCATCATTTGGG-1",0
"TGTCCCATCTGCAAGT-1",1
"TGTCCCATCTGCGTAA-1",1
"TGTGGTAGTCCCGACA-1",2
"TGTGGTAGTGTGAAAT-1",3
"TGTGGTAGTGTGACGA-1",0
"TGTGGTATCCAGGGCT-1",0
"TGTGGTATCTTGCATT-1",3
"TGTGTTTAGAGGTTAT-1",0
"TGTGTTTAGCGTGAGT-1",2
"TGTGTTTAGTGCGTGA-1",1
"TGTGTTTCATGCGCAC-1",0
"TGTGTTTTCTCATTCA-1",0
"TGTGTTTTCTTTCCTC-1",0
"TGTTCCGAGAGCAATT-1",0
"TGTTCCGAGCAACGGT-1",0
"TGTTCCGAGGAATTAC-1",4
"TGTTCCGAGGACTGGT-1",2
"TGTTCCGCAGTGAGTG-1",0
"TGTTCCGGTGAGTATA-1",2
"TGTTCCGTCAAGCCTA-1",4
"TGTTCCGTCAGTTCGA-1",4
"TGTTCCGTCGGCGGTT-1",1
"TGTTCCGTCTGAAAGA-1",0
"TGTTCCGTCTGGTATG-1",0
"TTAACTCAGTGTACGG-1",2
"TTAACTCCAAGCGCTC-1",0
"TTAACTCCAGGCAGTA-1",3
"TTAACTCGTTCCACAA-1",1
"TTAACTCTCATAAAGG-1",2
"TTAACTCTCCCTCAGT-1",0
"TTAGGACAGCAGGCTA-1",2
"TTAGGACAGCTCTCGG-1",0
"TTAGGACCAAGCCATT-1",0
"TTAGGACCAGTCAGAG-1",1
"TTAGGACGTTTGTTTC-1",2
"TTAGGCAAGAAGATTC-1",0
"TTAGGCAAGAGCCCAA-1",2
"TTAGGCAAGAGTGACC-1",0
"TTAGGCAAGGTTCCTA-1",3
"TTAGGCAAGTCGTTTG-1",0
"TTAGGCAAGTGTACCT-1",0
"TTAGGCACAGACGCTC-1",0
"TTAGGCACATGTTCCC-1",2
"TTAGGCAGTAAGGATT-1",3
"TTAGGCAGTAAGTAGT-1",3
"TTAGGCAGTCTTGATG-1",0
"TTAGGCATCACGCATA-1",4
"TTAGGCATCAGTCAGT-1",0
"TTAGGCATCCAGTATG-1",1
"TTAGGCATCGTTACGA-1",0
"TTAGTTCAGGTGCAAC-1",0
"TTAGTTCCAATGTAAG-1",3
"TTAGTTCCATCCTTGC-1",3
"TTAGTTCGTAGCCTAT-1",5
"TTAGTTCGTGCAGACA-1",0
"TTAGTTCGTGTCAATC-1",1
"TTAGTTCGTTGCCTCT-1",3
"TTAGTTCTCAGGCCCA-1",2
"TTAGTTCTCGCAGGCT-1",0
"TTAGTTCTCTACTATC-1",1
"TTATGCTAGAATGTGT-1",0
"TTATGCTAGCACACAG-1",2
"TTATGCTAGCAGCCTC-1",2
"TTATGCTAGTCCCACG-1",2
"TTATGCTAGTGGTAAT-1",2
"TTATGCTCAGCCAGAA-1",5
"TTATGCTCATACCATG-1",1
"TTATGCTCATGTAGTC-1",2
"TTATGCTGTCCGAGTC-1",1
"TTATGCTTCGATAGAA-1",1
"TTCCCAGAGAATTCCC-1",1
"TTCCCAGAGACTAGAT-1",2
"TTCCCAGAGTATCGAA-1",0
"TTCCCAGCAGATGGGT-1",2
"TTCCCAGCATCAGTAC-1",0
"TTCCCAGCATCTCCCA-1",1
"TTCCCAGCATTACCTT-1",1
"TTCCCAGTCAACACTG-1",1
"TTCCCAGTCGAGAGCA-1",1
"TTCGAAGAGTCTCAAC-1",1
"TTCGAAGCAAGCGCTC-1",1
"TTCGAAGCACATTAGC-1",2
"TTCGAAGCACGGTGTC-1",2
"TTCGGTCAGAGGACGG-1",0
"TTCGGTCAGCACACAG-1",2
"TTCGGTCAGGCCCTCA-1",4
"TTCGGTCAGTGAATTG-1",1
"TTCGGTCAGTTGAGAT-1",2
"TTCGGTCCAAGGGTCA-1",3
"TTCGGTCCACGTCAGC-1",0
"TTCGGTCGTAACGTTC-1",0
"TTCGGTCGTAGAGTGC-1",1
"TTCGGTCGTTCATGGT-1",0
"TTCGGTCGTTCTGTTT-1",3
"TTCGGTCTCAAAGACA-1",0
"TTCGGTCTCCAGTATG-1",3
"TTCGGTCTCGCGTTTC-1",2
"TTCGGTCTCGTCTGAA-1",1
"TTCTACAAGACTAAGT-1",3
"TTCTACAAGCAGCCTC-1",2
"TTCTACAAGCCTTGAT-1",2
"TTCTACAAGGCAGGTT-1",2
"TTCTACAAGGTAAACT-1",0
"TTCTACAAGTTAGGTA-1",2
"TTCTACACACGTGAGA-1",2
"TTCTACACAGCTGTTA-1",0
"TTCTACACATCGATTG-1",0
"TTCTACACATTACGAC-1",0
"TTCTACAGTACCGTTA-1",4
"TTCTACAGTATATGAG-1",2
"TTCTACAGTGGCTCCA-1",4
"TTCTACATCAACGGGA-1",3
"TTCTACATCCGCGTTT-1",1
"TTCTCAAAGAAAGTGG-1",1
"TTCTCAAAGAATCTCC-1",2
"TTCTCAAAGAGGTTAT-1",1
"TTCTCAAAGCAGCCTC-1",0
"TTCTCAAAGCCGCCTA-1",1
"TTCTCAAAGTCAATAG-1",2
"TTCTCAAAGTTGAGAT-1",2
"TTCTCAACACCCAGTG-1",1
"TTCTCAACATTGTGCA-1",3
"TTCTCAAGTATAAACG-1",0
"TTCTCAAGTCCCTTGT-1",2
"TTCTCAAGTCGAGATG-1",1
"TTCTCAATCATCGCTC-1",2
"TTCTCAATCCCTAACC-1",4
"TTCTCAATCGTAGGAG-1",0
"TTCTCCTAGAGTAAGG-1",1
"TTCTCCTAGCGACGTA-1",2
"TTCTCCTAGCGTGAGT-1",1
"TTCTCCTAGTCTCGGC-1",0
"TTCTCCTCAACACGCC-1",1
"TTCTCCTCAATAACGA-1",3
"TTCTCCTGTTAAGAAC-1",1
"TTCTCCTTCAGTTCGA-1",3
"TTCTCCTTCCGTAGGC-1",2
"TTCTCCTTCCTTTCTC-1",4
"TTCTCCTTCTGCAAGT-1",1
"TTCTCCTTCTTCAACT-1",1
"TTCTCCTTCTTGTACT-1",1
"TTCTTAGAGGACTGGT-1",1
"TTCTTAGCAAGGTGTG-1",0
"TTCTTAGCATCGGAAG-1",5
"TTCTTAGGTAGAAGGA-1",0
"TTCTTAGGTCATATGC-1",2
"TTCTTAGTCAGTTCGA-1",1
"TTGAACGGTCACTTCC-1",2
"TTGAACGTCATGTCCC-1",2
"TTGACTTAGCCACGTC-1",1
"TTGACTTAGCGACGTA-1",3
"TTGACTTAGTTAACGA-1",0
"TTGACTTCACTTACGA-1",0
"TTGACTTGTCTCTCTG-1",1
"TTGACTTGTGCGATAG-1",0
"TTGACTTTCCAGAGGA-1",1
"TTGACTTTCTGTCCGT-1",3
"TTGCCGTAGGAGCGTT-1",1
"TTGCCGTAGGTGGGTT-1",1
"TTGCCGTCATGGTCAT-1",1
"TTGCCGTGTACAGACG-1",1
"TTGCGTCAGACAGAGA-1",0
"TTGCGTCAGCTCCTTC-1",3
"TTGCGTCAGTCCATAC-1",5
"TTGCGTCAGTGAATTG-1",4
"TTGCGTCCAAATTGCC-1",2
"TTGCGTCCACTGTGTA-1",1
"TTGCGTCCAGTCACTA-1",0
"TTGCGTCGTCTGATTG-1",1
"TTGGAACAGCCCAATT-1",1
"TTGGAACAGCGTCTAT-1",2
"TTGGAACAGGCGTACA-1",0
"TTGGAACGTATTACCG-1",1
"TTGGAACGTGTGTGCC-1",3
"TTGGAACTCCCATTAT-1",0
"TTGGAACTCCGTAGTA-1",3
"TTGGAACTCGTCCAGG-1",0
"TTGGCAAAGTTAGGTA-1",1
"TTGGCAAGTATAGGTA-1",2
"TTGGCAATCACATGCA-1",4
"TTGGCAATCAGAGCTT-1",1
"TTGGCAATCGCATGAT-1",3
"TTGGCAATCTAGAGTC-1",2
"TTGTAGGAGGTGCTAG-1",1
"TTGTAGGCACACGCTG-1",1
"TTGTAGGGTCTCCCTA-1",0
"TTGTAGGGTGGTAACG-1",3
"TTGTAGGTCGGCGCTA-1",1
"TTGTAGGTCTGCCAGG-1",2
"TTTACTGAGATCACGG-1",1
"TTTACTGCAAAGCAAT-1",2
"TTTACTGCACATGGGA-1",1
"TTTACTGCACCACGTG-1",1
"TTTACTGCATGGGACA-1",1
"TTTACTGCATGTCCTC-1",0
"TTTACTGGTAACGTTC-1",3
"TTTACTGGTGGTGTAG-1",1
"TTTACTGGTTCGCTAA-1",3
"TTTACTGTCTGGAGCC-1",3
"TTTATGCAGACTGTAA-1",0
"TTTATGCAGATGCGAC-1",7
"TTTATGCAGGCAAAGA-1",2
"TTTATGCAGGCCCGTT-1",1
"TTTATGCAGTTCCACA-1",3
"TTTATGCCAAACGCGA-1",1
"TTTATGCCAATCTGCA-1",1
"TTTATGCCACAGGTTT-1",0
"TTTATGCCAGCCAATT-1",1
"TTTATGCCAGGTCGTC-1",2
"TTTATGCCATGGTCAT-1",0
"TTTATGCTCACATAGC-1",0
"TTTATGCTCACCTTAT-1",3
"TTTATGCTCGGCGGTT-1",0
"TTTATGCTCTCGCTTG-1",1
"TTTCCTCAGCGTGAAC-1",1
"TTTCCTCAGGACTGGT-1",2
"TTTCCTCCAAAGTGCG-1",1
"TTTCCTCCAGGAATGC-1",0
"TTTCCTCCATTAGCCA-1",2
"TTTCCTCGTCCGAAGA-1",1
"TTTCCTCGTCGCTTTC-1",1
"TTTCCTCTCGGCCGAT-1",4
"TTTCCTCTCGTGTAGT-1",0
"TTTGCGCAGCTAAACA-1",1
"TTTGCGCAGCTAGTCT-1",0
"TTTGCGCAGGCCGAAT-1",0
"TTTGCGCAGTCAAGGC-1",2
"TTTGCGCCAAGTAGTA-1",0
"TTTGCGCCAGGTGCCT-1",3
"TTTGCGCGTCTAAACC-1",0
"TTTGCGCTCAAAGTAG-1",1
"TTTGCGCTCATGTAGC-1",2
"TTTGGTTAGAATGTGT-1",0
"TTTGGTTAGACAATAC-1",5
"TTTGGTTAGCGATTCT-1",2
"TTTGGTTAGGCTCAGA-1",0
"TTTGGTTAGTTACCCA-1",2
"TTTGGTTCAAACTGCT-1",0
"TTTGGTTCAAGCTGTT-1",2
"TTTGGTTCAGATCGGA-1",2
"TTTGGTTCATCACAAC-1",0
"TTTGGTTGTACTTCTT-1",1
"TTTGGTTGTATGCTTG-1",1
"TTTGGTTGTGCTTCTC-1",3
"TTTGGTTTCATGCTCC-1",2
"TTTGGTTTCCCTGACT-1",3
"TTTGTCAAGAGTCGGT-1",0
"TTTGTCACAAGTTCTG-1",2
"TTTGTCACAAGTTGTC-1",2
"TTTGTCACACTCTGTC-1",4
"TTTGTCATCACCTTAT-1",1
"TTTGTCATCCATTCTA-1",1
"TTTGTCATCCTTAATC-1",0
"TTTGTCATCTTATCTG-1",0
