"cell_barcode","expression"
"AAACCTGAGACAGAGA-1",2
"AAACCTGAGACTTTCG-1",1
"AAACCTGAGAGTAAGG-1",1
"AAACCTGAGAGTCGGT-1",0
"AAACCTGAGGATGGAA-1",1
"AAACCTGAGTAGATGT-1",5
"AAACCTGCAATCAGAA-1",1
"AAACCTGCACCGATAT-1",2
"AAACCTGCAGACGTAG-1",5
"AAACCTGCAGTATCTG-1",1
"AAACCTGCATAGTAAG-1",0
"AAACCTGCATGAACCT-1",2
"AAACCTGGTAAGAGGA-1",1
"AAACCTGGTCCAACTA-1",9
"AAACCTGTCCGTAGTA-1",4
"AAACCTGTCGAGAGCA-1",2
"AAACGGGAGTACGACG-1",1
"AAACGGGCAAGGTTTC-1",2
"AAACGGGCACGTCAGC-1",1
"AAACGGGCAGCGTTCG-1",5
"AAACGGGGTAGCCTCG-1",5
"AAACGGGGTCTACCTC-1",2
"AAACGGGGTGCGGTAA-1",0
"AAACGGGGTTGTCGCG-1",7
"AAACGGGTCCATGAGT-1",7
"AAACGGGTCCCAACGG-1",3
"AAACGGGTCCCATTAT-1",2
"AAAGATGCAGTCAGCC-1",1
"AAAGATGCATCTACGA-1",1
"AAAGCAAAGCGTCTAT-1",1
"AAAGCAACATGTCGAT-1",1
"AAAGCAAGTAGCTGCC-1",1
"AAAGCAAGTAGGCATG-1",1
"AAAGCAAGTGCGCTTG-1",5
"AAAGCAAGTTATTCTC-1",3
"AAAGCAATCCGTAGTA-1",1
"AAAGTAGAGATGTGTA-1",3
"AAAGTAGAGTGGGCTA-1",4
"AAAGTAGGTATATGGA-1",0
"AAAGTAGGTGAGCGAT-1",3
"AAAGTAGGTTGAGGTG-1",2
"AAATGCCAGCCCTAAT-1",3
"AAATGCCAGCGTGTCC-1",1
"AAATGCCCAACACCTA-1",4
"AAATGCCGTAGGAGTC-1",5
"AAATGCCGTCTTTCAT-1",2
"AAATGCCGTGGTCCGT-1",2
"AAATGCCGTTCCCGAG-1",1
"AAATGCCTCATAGCAC-1",0
"AAATGCCTCGCTTAGA-1",3
"AACACGTAGAATTCCC-1",3
"AACACGTAGCCCTAAT-1",1
"AACACGTAGGGTGTGT-1",1
"AACACGTCACTGTCGG-1",4
"AACACGTCATCCCATC-1",1
"AACACGTGTGCAACGA-1",1
"AACACGTGTGTCGCTG-1",3
"AACCATGAGCGCTTAT-1",3
"AACCATGGTCCGTTAA-1",0
"AACCATGTCAGTTCGA-1",3
"AACCATGTCATCGATG-1",3
"AACCATGTCCCAAGTA-1",4
"AACCGCGAGAAGCCCA-1",6
"AACCGCGAGACTGGGT-1",3
"AACCGCGAGAGGTACC-1",1
"AACCGCGAGTTAGGTA-1",8
"AACCGCGAGTTGCAGG-1",2
"AACCGCGCACGGTAGA-1",0
"AACCGCGCAGCATGAG-1",3
"AACCGCGCAGCCTGTG-1",1
"AACCGCGCAGCTGTGC-1",1
"AACCGCGCAGTATGCT-1",4
"AACCGCGGTACTTGAC-1",2
"AACCGCGGTCTGCAAT-1",7
"AACCGCGTCACATGCA-1",1
"AACCGCGTCACCGTAA-1",2
"AACCGCGTCCAGAGGA-1",1
"AACCGCGTCCGAAGAG-1",1
"AACCGCGTCGATCCCT-1",0
"AACGTTGAGCGATAGC-1",1
"AACGTTGAGCGATCCC-1",0
"AACGTTGAGCTTATCG-1",0
"AACGTTGCAAGTTGTC-1",1
"AACGTTGCAATAGAGT-1",11
"AACGTTGCAATGGATA-1",1
"AACGTTGCATGGATGG-1",1
"AACGTTGCATTCTCAT-1",0
"AACGTTGTCAACACGT-1",11
"AACGTTGTCGAGGTAG-1",1
"AACGTTGTCGGTCCGA-1",5
"AACTCAGAGAGCTATA-1",1
"AACTCAGAGAGTCGGT-1",4
"AACTCAGAGCCACCTG-1",4
"AACTCAGAGCCCAATT-1",2
"AACTCAGCAAACAACA-1",2
"AACTCAGCACAAGCCC-1",1
"AACTCAGCACGGTTTA-1",2
"AACTCAGCAGGATCGA-1",3
"AACTCAGCATAAAGGT-1",1
"AACTCAGGTTCCACAA-1",6
"AACTCAGTCGTACCGG-1",0
"AACTCCCAGCCCAGCT-1",2
"AACTCCCAGCTAAGAT-1",3
"AACTCCCCAAACGCGA-1",1
"AACTCCCCATGGTCTA-1",0
"AACTCCCGTTGCGCAC-1",1
"AACTCCCTCAAGAAGT-1",6
"AACTCCCTCAAGCCTA-1",0
"AACTCCCTCATCGCTC-1",2
"AACTCCCTCTGCAGTA-1",8
"AACTCCCTCTGGCGTG-1",4
"AACTCTTAGCAGACTG-1",3
"AACTCTTAGTCCGGTC-1",0
"AACTCTTCATGCTAGT-1",1
"AACTCTTGTCGAATCT-1",0
"AACTCTTGTCGGGTCT-1",3
"AACTCTTTCCTCAATT-1",1
"AACTCTTTCTCAAACG-1",4
"AACTCTTTCTCCAGGG-1",8
"AACTCTTTCTCTGCTG-1",1
"AACTGGTAGAAGATTC-1",2
"AACTGGTAGAGACTAT-1",0
"AACTGGTAGCCAACAG-1",0
"AACTGGTAGTGTACTC-1",0
"AACTGGTCACTGAAGG-1",2
"AACTGGTGTCCGAACC-1",3
"AACTGGTTCGGAGCAA-1",2
"AACTGGTTCGTGGGAA-1",0
"AACTGGTTCTGCTTGC-1",1
"AACTTTCAGCGTGAAC-1",0
"AACTTTCAGTATCTCG-1",2
"AACTTTCAGTTTCCTT-1",1
"AACTTTCCATCCTTGC-1",3
"AACTTTCGTCTAGAGG-1",0
"AACTTTCGTCTCTTTA-1",1
"AACTTTCGTTTGTTTC-1",1
"AAGACCTAGGGCTTCC-1",2
"AAGACCTAGTACACCT-1",1
"AAGACCTGTATATGAG-1",1
"AAGACCTGTATCAGTC-1",1
"AAGACCTGTCCGTGAC-1",3
"AAGACCTGTCGAAAGC-1",1
"AAGACCTTCGCCATAA-1",2
"AAGCCGCAGATCTGAA-1",1
"AAGCCGCAGGGTGTTG-1",0
"AAGCCGCAGTGGACGT-1",1
"AAGCCGCAGTGTACTC-1",0
"AAGCCGCCACGCTTTC-1",0
"AAGCCGCCAGGACGTA-1",1
"AAGCCGCGTACAGTTC-1",6
"AAGCCGCGTCATTAGC-1",6
"AAGCCGCTCACGAAGG-1",5
"AAGCCGCTCAGTTAGC-1",1
"AAGCCGCTCGCAAACT-1",3
"AAGCCGCTCGTCGTTC-1",7
"AAGCCGCTCTTACCGC-1",3
"AAGGAGCAGAAACCGC-1",3
"AAGGAGCAGGCATGTG-1",4
"AAGGAGCAGGCGCTCT-1",4
"AAGGAGCAGTTGAGTA-1",3
"AAGGAGCCACGGCGTT-1",3
"AAGGAGCGTAGCGCAA-1",0
"AAGGAGCGTCTGCAAT-1",5
"AAGGAGCTCGTCTGCT-1",3
"AAGGCAGAGAACTGTA-1",8
"AAGGCAGAGAGATGAG-1",1
"AAGGCAGAGGTGATAT-1",0
"AAGGCAGCATAGTAAG-1",2
"AAGGCAGGTACTTCTT-1",1
"AAGGCAGGTGTGCCTG-1",2
"AAGGCAGTCAGATAAG-1",4
"AAGGCAGTCGGAATCT-1",3
"AAGGTTCAGTATCTCG-1",2
"AAGGTTCCATCACGTA-1",4
"AAGGTTCGTATATGGA-1",2
"AAGGTTCGTCCGAATT-1",3
"AAGGTTCGTCGACTAT-1",1
"AAGGTTCGTGTGACCC-1",0
"AAGGTTCTCCGTCATC-1",3
"AAGGTTCTCCTCGCAT-1",4
"AAGGTTCTCTGCGGCA-1",3
"AAGTCTGAGCCATCGC-1",2
"AAGTCTGAGTCAAGCG-1",0
"AAGTCTGCAAAGGAAG-1",1
"AAGTCTGGTCAGCTAT-1",1
"AAGTCTGTCAAACAAG-1",0
"AAGTCTGTCACTGGGC-1",3
"AAGTCTGTCAGCAACT-1",2
"AATCCAGCAAAGTGCG-1",3
"AATCCAGCAGCATACT-1",3
"AATCCAGGTAGGCATG-1",2
"AATCCAGGTCTCCCTA-1",2
"AATCCAGTCCGAATGT-1",8
"AATCGGTAGGCATGGT-1",3
"AATCGGTTCCTGTACC-1",0
"AATCGGTTCGCCGTGA-1",4
"ACACCAAAGATGAGAG-1",3
"ACACCAAAGCCCTAAT-1",3
"ACACCAAAGGATGGTC-1",3
"ACACCAAAGTGTCCAT-1",3
"ACACCAACACTTCGAA-1",0
"ACACCAACAGACGCTC-1",4
"ACACCAACAGCCTATA-1",2
"ACACCAAGTCGCGTGT-1",2
"ACACCAAGTCTAAACC-1",2
"ACACCAAGTTATGTGC-1",1
"ACACCAATCGCGTTTC-1",4
"ACACCCTAGCCAGGAT-1",6
"ACACCCTAGTACTTGC-1",8
"ACACCCTCAAGCGCTC-1",1
"ACACCCTCATCACAAC-1",3
"ACACCCTCATGCCCGA-1",2
"ACACCCTGTCTGGTCG-1",2
"ACACCCTTCCGCAAGC-1",6
"ACACCCTTCCTTGCCA-1",0
"ACACCCTTCTATCCTA-1",2
"ACACCCTTCTGGCGTG-1",3
"ACACCGGAGGCTCAGA-1",1
"ACACCGGAGTGACATA-1",0
"ACACCGGAGTTACCCA-1",2
"ACACCGGCAAGCCGTC-1",0
"ACACCGGCACCAGATT-1",15
"ACACCGGCACCGAAAG-1",5
"ACACCGGCATCACAAC-1",1
"ACACCGGTCCGCATAA-1",1
"ACACCGGTCTCGGACG-1",1
"ACACCGGTCTCTGTCG-1",1
"ACACTGAAGCACGCCT-1",1
"ACACTGAAGGTGATTA-1",2
"ACACTGACAATAGAGT-1",0
"ACACTGACAGACTCGC-1",5
"ACACTGACATCCAACA-1",2
"ACACTGAGTCCGAAGA-1",2
"ACACTGAGTGTTTGTG-1",2
"ACACTGAGTTTGACTG-1",1
"ACAGCCGAGGAATGGA-1",3
"ACAGCCGAGGCCCGTT-1",2
"ACAGCCGAGGTGCTTT-1",6
"ACAGCCGAGTGGTAGC-1",0
"ACAGCCGCATATACGC-1",3
"ACAGCCGCATGCAACT-1",2
"ACAGCCGGTAGGGTAC-1",0
"ACAGCCGGTCGAATCT-1",1
"ACAGCCGGTTCACCTC-1",8
"ACAGCCGGTTCCACTC-1",4
"ACAGCCGTCCAGAAGG-1",2
"ACAGCCGTCTTTACAC-1",3
"ACAGCTAAGCACCGCT-1",0
"ACAGCTAAGTATCTCG-1",2
"ACAGCTAAGTGTTGAA-1",0
"ACAGCTACATCGTCGG-1",3
"ACAGCTAGTCGACTAT-1",1
"ACAGCTAGTGGTACAG-1",3
"ACAGCTATCACCACCT-1",4
"ACAGCTATCTGCTTGC-1",0
"ACATACGAGAGCTTCT-1",3
"ACATACGAGCGTAGTG-1",2
"ACATACGAGCTTCGCG-1",0
"ACATACGAGCTTTGGT-1",2
"ACATACGCAAACGTGG-1",5
"ACATACGCAAGCCTAT-1",2
"ACATACGCATCTCCCA-1",3
"ACATACGCATTCTCAT-1",0
"ACATACGGTAGGAGTC-1",0
"ACATACGGTGCACCAC-1",7
"ACATACGGTGGTTTCA-1",1
"ACATACGTCGTATCAG-1",4
"ACATCAGAGCCACTAT-1",4
"ACATCAGAGCCTTGAT-1",2
"ACATCAGCAACACCCG-1",7
"ACATCAGCAACGATGG-1",1
"ACATCAGCAATTGCTG-1",1
"ACATCAGCACCGGAAA-1",5
"ACATCAGCATAAAGGT-1",3
"ACATCAGCATCCCACT-1",3
"ACATCAGCATTTGCCC-1",10
"ACATCAGGTAAGGATT-1",3
"ACATCAGGTCCGTGAC-1",2
"ACATCAGGTTAAGTAG-1",1
"ACATCAGTCAAACCGT-1",4
"ACATGGTAGCATGGCA-1",1
"ACATGGTAGCTGTTCA-1",0
"ACATGGTCACTTGGAT-1",2
"ACATGGTGTCAGATAA-1",1
"ACATGGTGTCTGCGGT-1",0
"ACATGGTGTGCAACTT-1",1
"ACATGGTTCCGCAAGC-1",1
"ACATGGTTCCTCCTAG-1",3
"ACATGGTTCTGGAGCC-1",4
"ACATGGTTCTTCTGGC-1",2
"ACCAGTAAGATCACGG-1",0
"ACCAGTAAGCTTCGCG-1",0
"ACCAGTACACAGATTC-1",1
"ACCAGTACACAGGCCT-1",1
"ACCAGTACAGTATGCT-1",0
"ACCAGTACAGTCAGAG-1",4
"ACCAGTACAGTTTACG-1",4
"ACCAGTAGTCACCCAG-1",2
"ACCAGTAGTCCATCCT-1",1
"ACCAGTAGTCTTCAAG-1",0
"ACCAGTAGTGGACGAT-1",2
"ACCAGTATCTGCGACG-1",0
"ACCAGTATCTGCTTGC-1",2
"ACCAGTATCTGTTTGT-1",2
"ACCCACTAGAGGTTAT-1",3
"ACCCACTAGATCCCGC-1",7
"ACCCACTAGATGTGTA-1",4
"ACCCACTAGCCCAATT-1",5
"ACCCACTCAAGGGTCA-1",0
"ACCCACTCAAGGTTCT-1",3
"ACCCACTGTAAATGAC-1",2
"ACCCACTGTAGCCTCG-1",0
"ACCCACTGTCAAAGAT-1",3
"ACCCACTGTCAATACC-1",1
"ACCCACTGTGTGGTTT-1",2
"ACCCACTTCGCAAACT-1",3
"ACCCACTTCTGCCAGG-1",1
"ACCGTAACAATCGGTT-1",1
"ACCGTAACAATCTACG-1",3
"ACCGTAACAGGTCCAC-1",6
"ACCGTAAGTACAGCAG-1",0
"ACCGTAAGTCATGCAT-1",0
"ACCGTAAGTGAGTGAC-1",0
"ACCGTAAGTTAAGAAC-1",1
"ACCGTAAGTTCCGTCT-1",1
"ACCGTAATCACATAGC-1",3
"ACCGTAATCATGTGGT-1",1
"ACCGTAATCTGAAAGA-1",1
"ACCTTTACAATCGGTT-1",1
"ACCTTTACACGGACAA-1",0
"ACCTTTACAGCAGTTT-1",1
"ACCTTTACATGCAACT-1",0
"ACCTTTACATTTCAGG-1",4
"ACCTTTAGTGAACCTT-1",3
"ACCTTTAGTTCCACTC-1",6
"ACCTTTATCTCTAGGA-1",3
"ACGAGCCAGGCAGGTT-1",1
"ACGAGCCCACAGGCCT-1",3
"ACGAGCCCATGGAATA-1",2
"ACGAGCCGTGCACGAA-1",4
"ACGAGCCGTGTGACCC-1",1
"ACGAGCCGTTGGTTTG-1",4
"ACGAGCCTCAGTCCCT-1",0
"ACGAGCCTCGCAAACT-1",0
"ACGAGGACACTACAGT-1",6
"ACGAGGACATGTAGTC-1",5
"ACGAGGAGTACACCGC-1",1
"ACGAGGAGTGCCTGCA-1",1
"ACGAGGAGTTCTGAAC-1",4
"ACGAGGATCTGCGGCA-1",0
"ACGATACAGAGTGACC-1",0
"ACGATACAGCGCCTTG-1",0
"ACGATACAGTGATCGG-1",2
"ACGATACCACGTTGGC-1",2
"ACGATACCATTGGGCC-1",3
"ACGATACGTCGAATCT-1",3
"ACGATACTCTGACCTC-1",4
"ACGATGTAGTGCGATG-1",4
"ACGATGTAGTTGAGAT-1",1
"ACGATGTCAACGCACC-1",1
"ACGATGTCACACGCTG-1",0
"ACGATGTGTATTCTCT-1",7
"ACGATGTGTCAGTGGA-1",1
"ACGATGTGTGACTACT-1",0
"ACGATGTGTGTCGCTG-1",0
"ACGATGTTCGCGTAGC-1",6
"ACGATGTTCTCTTATG-1",3
"ACGCAGCAGCGGCTTC-1",2
"ACGCAGCAGCTGCGAA-1",3
"ACGCAGCAGTGTACGG-1",3
"ACGCAGCCACCTCGTT-1",1
"ACGCAGCCATCGACGC-1",3
"ACGCAGCCATTACCTT-1",2
"ACGCAGCGTCCATGAT-1",4
"ACGCAGCGTCTACCTC-1",0
"ACGCAGCGTCTGGTCG-1",7
"ACGCAGCGTGCGATAG-1",0
"ACGCCAGCAAAGCAAT-1",0
"ACGCCAGCAACGCACC-1",0
"ACGCCAGCACGAGAGT-1",4
"ACGCCAGCAGTGAGTG-1",0
"ACGCCAGGTGCACTTA-1",5
"ACGCCAGGTGTGCGTC-1",1
"ACGCCAGTCACAGGCC-1",1
"ACGCCAGTCAGTGTTG-1",0
"ACGCCGAAGAAACGCC-1",2
"ACGCCGAAGATCTGCT-1",3
"ACGCCGACAGCCTGTG-1",0
"ACGCCGAGTTCCAACA-1",1
"ACGCCGATCCTATGTT-1",1
"ACGCCGATCGCAGGCT-1",4
"ACGCCGATCTTGTATC-1",2
"ACGGAGAAGCCAGTTT-1",2
"ACGGAGAAGGTCATCT-1",1
"ACGGAGACACACATGT-1",5
"ACGGAGACAGCCTGTG-1",2
"ACGGAGACAGCGTAAG-1",1
"ACGGAGACAGTAAGCG-1",3
"ACGGAGAGTGTGACGA-1",2
"ACGGAGATCCACGAAT-1",0
"ACGGCCACACATCCAA-1",0
"ACGGCCACACATTCGA-1",12
"ACGGCCAGTACCGTAT-1",0
"ACGGCCAGTGTATGGG-1",2
"ACGGCCATCACGGTTA-1",2
"ACGGCCATCAGTGTTG-1",0
"ACGGCCATCTACTATC-1",4
"ACGGGCTAGGATCGCA-1",1
"ACGGGCTAGGTTCCTA-1",1
"ACGGGCTAGTGGCACA-1",1
"ACGGGCTCATCTGGTA-1",1
"ACGGGCTGTGAGGCTA-1",1
"ACGGGCTTCCGAACGC-1",1
"ACGGGTCAGATGCCAG-1",3
"ACGGGTCCATGATCCA-1",6
"ACGGGTCCATTAGGCT-1",2
"ACGGGTCCATTTCACT-1",3
"ACGGGTCGTTAGGGTG-1",0
"ACGGGTCTCAACACCA-1",7
"ACGGGTCTCCACGCAG-1",2
"ACGTCAAAGGGCTTCC-1",6
"ACGTCAAAGTGGTAAT-1",4
"ACGTCAACAACTGCGC-1",2
"ACGTCAACACAAGACG-1",1
"ACGTCAAGTAGCTCCG-1",2
"ACGTCAAGTGTCGCTG-1",6
"ACGTCAAGTTATGCGT-1",0
"ACGTCAATCAACCAAC-1",5
"ACGTCAATCATAACCG-1",2
"ACGTCAATCCAGAAGG-1",3
"ACGTCAATCTAACTCT-1",1
"ACTATCTAGAGGTTAT-1",1
"ACTATCTAGATACACA-1",0
"ACTATCTAGGAGTAGA-1",2
"ACTATCTAGGCATGTG-1",3
"ACTATCTCAAATACAG-1",0
"ACTATCTCAAATTGCC-1",1
"ACTATCTGTAGGGACT-1",3
"ACTATCTGTCGCGTGT-1",4
"ACTATCTGTGCACGAA-1",5
"ACTATCTGTGGTTTCA-1",0
"ACTATCTTCGCCGTGA-1",1
"ACTGAACAGAGTGAGA-1",0
"ACTGAACAGATCCCGC-1",2
"ACTGAACAGGTGATAT-1",2
"ACTGAACCAAAGCGGT-1",1
"ACTGAACCAAGCGAGT-1",3
"ACTGAACCAATTCCTT-1",2
"ACTGAACCAGCTGGCT-1",3
"ACTGAACCAGTCTTCC-1",0
"ACTGAACCATTACCTT-1",0
"ACTGAACGTAAGCACG-1",3
"ACTGAACGTAATCGTC-1",1
"ACTGAACGTCCAGTAT-1",2
"ACTGAACGTCTGATCA-1",1
"ACTGAACTCCCACTTG-1",3
"ACTGAGTAGCCGGTAA-1",1
"ACTGAGTCAGTGGGAT-1",4
"ACTGAGTCATTTGCCC-1",4
"ACTGAGTGTAGAGCTG-1",6
"ACTGAGTGTTGTGGCC-1",1
"ACTGAGTTCAGGTTCA-1",2
"ACTGATGAGACAGACC-1",1
"ACTGATGAGCGGATCA-1",2
"ACTGATGAGGTGCTTT-1",0
"ACTGATGCAGCAGTTT-1",0
"ACTGATGCATCACAAC-1",2
"ACTGATGGTCATGCAT-1",2
"ACTGATGTCACAATGC-1",3
"ACTGATGTCACTCCTG-1",0
"ACTGATGTCCCTGACT-1",1
"ACTGATGTCCGCTGTT-1",1
"ACTGATGTCCGGCACA-1",3
"ACTGATGTCCTATTCA-1",3
"ACTGCTCAGAGCTTCT-1",4
"ACTGCTCAGATGCCTT-1",0
"ACTGCTCCACACCGCA-1",7
"ACTGCTCCAGATGGGT-1",0
"ACTGCTCCATGCCTAA-1",1
"ACTGCTCGTAGGCATG-1",3
"ACTGCTCGTATCACCA-1",0
"ACTGCTCGTCCGAAGA-1",1
"ACTGCTCTCCGAGCCA-1",7
"ACTGTCCAGAGGGCTT-1",1
"ACTGTCCAGCAGCGTA-1",3
"ACTGTCCAGGCATGGT-1",2
"ACTGTCCCAAGGTTTC-1",5
"ACTGTCCCAAGTACCT-1",1
"ACTGTCCCAGTATCTG-1",0
"ACTGTCCCATAGAAAC-1",6
"ACTGTCCGTTGAGGTG-1",3
"ACTGTCCTCCACGTGG-1",1
"ACTGTCCTCCTTGGTC-1",0
"ACTGTCCTCTCTGTCG-1",3
"ACTTACTAGCGATAGC-1",1
"ACTTACTAGGGATGGG-1",0
"ACTTACTCACAGACAG-1",0
"ACTTACTCACATTTCT-1",0
"ACTTACTGTACTCAAC-1",4
"ACTTACTGTTCCACAA-1",0
"ACTTACTTCATCGGAT-1",2
"ACTTGTTAGACAAGCC-1",1
"ACTTGTTAGCTAGCCC-1",0
"ACTTGTTAGTTACCCA-1",1
"ACTTGTTCACGACGAA-1",1
"ACTTGTTCACGGCTAC-1",2
"ACTTGTTGTATCGCAT-1",1
"ACTTGTTGTGGTAACG-1",2
"ACTTGTTGTTGTGGAG-1",3
"ACTTGTTTCATCACCC-1",3
"ACTTTCACATGGTCAT-1",6
"ACTTTCAGTGACTACT-1",1
"ACTTTCATCGCCAGCA-1",1
"AGAATAGAGCTGAACG-1",0
"AGAATAGAGCTGTCTA-1",1
"AGAATAGAGGTAGCTG-1",1
"AGAATAGCATGGTCTA-1",2
"AGAATAGGTAATCGTC-1",0
"AGAATAGGTATTCTCT-1",1
"AGAATAGGTGCGGTAA-1",0
"AGAATAGGTTAAGAAC-1",3
"AGAATAGTCAGGCCCA-1",4
"AGACGTTAGAATGTGT-1",1
"AGACGTTAGCTCCTCT-1",1
"AGACGTTAGTGCCAGA-1",0
"AGACGTTCAGGATCGA-1",2
"AGACGTTGTAGCTGCC-1",1
"AGACGTTGTCTGCAAT-1",0
"AGACGTTGTTCTGTTT-1",1
"AGACGTTTCGCATGGC-1",6
"AGACGTTTCGCTTAGA-1",3
"AGAGCGACAACTTGAC-1",1
"AGAGCGACAAGTACCT-1",3
"AGAGCGACACAACGTT-1",5
"AGAGCGACATGAGCGA-1",2
"AGAGCGAGTCAGTGGA-1",0
"AGAGCGAGTCGACTGC-1",3
"AGAGCGAGTTGAGTTC-1",1
"AGAGCGATCGCGTAGC-1",0
"AGAGCGATCTATCCTA-1",2
"AGAGCGATCTCGCTTG-1",1
"AGAGCTTAGCCGTCGT-1",1
"AGAGCTTAGTACACCT-1",1
"AGAGCTTAGTCATGCT-1",1
"AGAGCTTGTAGAGCTG-1",2
"AGAGCTTGTATCACCA-1",1
"AGAGCTTTCACTATTC-1",5
"AGAGCTTTCCTGCAGG-1",2
"AGAGCTTTCGCAAACT-1",1
"AGAGCTTTCGCTTAGA-1",4
"AGAGTGGAGAGCCTAG-1",0
"AGAGTGGAGGCCCTTG-1",2
"AGAGTGGAGGTACTCT-1",2
"AGAGTGGCACAAGACG-1",0
"AGAGTGGCACCTCGTT-1",1
"AGAGTGGCATCCGGGT-1",6
"AGAGTGGCATCTGGTA-1",1
"AGAGTGGGTCAGCTAT-1",4
"AGAGTGGGTCCTCCAT-1",2
"AGAGTGGGTCTAGTCA-1",1
"AGAGTGGGTTACCGAT-1",0
"AGATCTGAGGTGGGTT-1",2
"AGATCTGAGTCAAGGC-1",3
"AGATCTGCAATGTTGC-1",0
"AGATCTGTCGAATCCA-1",1
"AGATCTGTCTGCAGTA-1",1
"AGATTGCAGGCTACGA-1",3
"AGATTGCCACGACGAA-1",1
"AGATTGCCAGATGGGT-1",1
"AGATTGCGTAGAGCTG-1",1
"AGATTGCGTGATGTCT-1",0
"AGATTGCGTGTTCGAT-1",0
"AGATTGCGTTCACGGC-1",1
"AGATTGCTCACTGGGC-1",1
"AGATTGCTCATCTGTT-1",0
"AGCAGCCAGCTGATAA-1",2
"AGCAGCCCACCGAAAG-1",0
"AGCAGCCGTCGACTGC-1",0
"AGCAGCCGTCGCTTTC-1",1
"AGCAGCCGTCTAACGT-1",3
"AGCAGCCGTGTGAAAT-1",2
"AGCAGCCGTTTGTTGG-1",1
"AGCAGCCTCCAAACAC-1",1
"AGCATACAGTGGTAGC-1",1
"AGCATACAGTTGTCGT-1",2
"AGCATACGTCTTCTCG-1",0
"AGCATACGTTAAGTAG-1",3
"AGCATACTCCGTTGCT-1",2
"AGCCTAAAGATATGGT-1",2
"AGCCTAACAAAGCGGT-1",1
"AGCCTAACAGATAATG-1",4
"AGCCTAAGTACGAAAT-1",1
"AGCCTAAGTCACCTAA-1",1
"AGCCTAAGTGTGCCTG-1",2
"AGCCTAATCACCCGAG-1",2
"AGCCTAATCCAATGGT-1",0
"AGCCTAATCCTTGGTC-1",3
"AGCCTAATCTGTGCAA-1",5
"AGCCTAATCTGTTTGT-1",0
"AGCGGTCAGCGAAGGG-1",0
"AGCGGTCAGGTACTCT-1",6
"AGCGGTCAGTGACTCT-1",2
"AGCGGTCCAGCCTTGG-1",1
"AGCGGTCGTCCTAGCG-1",2
"AGCGGTCGTGGTGTAG-1",0
"AGCGGTCGTTAAGGGC-1",0
"AGCGGTCGTTTGCATG-1",2
"AGCGGTCTCCGAAGAG-1",0
"AGCGGTCTCCTCAATT-1",6
"AGCGGTCTCTGGGCCA-1",1
"AGCGTATAGAACTGTA-1",0
"AGCGTATAGCGATGAC-1",3
"AGCGTATAGGTACTCT-1",1
"AGCGTATGTTGAGGTG-1",0
"AGCGTATTCCAGAGGA-1",3
"AGCGTCGAGTTGAGTA-1",0
"AGCGTCGCAGGGATTG-1",1
"AGCGTCGTCTGAAAGA-1",2
"AGCTCCTAGACCTAGG-1",1
"AGCTCCTAGCGTTTAC-1",1
"AGCTCCTGTGTTTGTG-1",1
"AGCTCCTGTTGTCTTT-1",3
"AGCTCCTTCCGAATGT-1",3
"AGCTCCTTCTTGACGA-1",0
"AGCTCTCAGCGGATCA-1",4
"AGCTCTCAGCTGTTCA-1",8
"AGCTCTCAGGTGCTAG-1",0
"AGCTCTCCATACAGCT-1",1
"AGCTCTCGTCAGAGGT-1",3
"AGCTCTCGTGGGTCAA-1",0
"AGCTCTCTCACAACGT-1",1
"AGCTCTCTCTTGACGA-1",4
"AGCTTGAAGCATCATC-1",3
"AGCTTGAAGTAGCGGT-1",2
"AGCTTGAAGTTGTCGT-1",2
"AGCTTGACAATCCAAC-1",0
"AGCTTGACACCGATAT-1",3
"AGCTTGAGTCTACCTC-1",0
"AGCTTGAGTGCGCTTG-1",5
"AGCTTGAGTTACGCGC-1",5
"AGCTTGATCCTGCCAT-1",1
"AGCTTGATCTGCAAGT-1",0
"AGGCCACAGAGTAAGG-1",5
"AGGCCACAGGGTCTCC-1",5
"AGGCCACAGTACTTGC-1",3
"AGGCCACCAGGACCCT-1",0
"AGGCCACCATCAGTCA-1",2
"AGGCCACTCATGCTCC-1",2
"AGGCCACTCATGGTCA-1",2
"AGGCCACTCATTGCGA-1",2
"AGGCCGTAGGATCGCA-1",1
"AGGCCGTCACGTAAGG-1",1
"AGGCCGTCAGCTCGAC-1",1
"AGGCCGTCATCGTCGG-1",1
"AGGCCGTTCACGGTTA-1",3
"AGGCCGTTCGAACTGT-1",4
"AGGCCGTTCTCAAGTG-1",0
"AGGCCGTTCTGCTTGC-1",1
"AGGGAGTAGCCCAACC-1",1
"AGGGAGTAGGAGTACC-1",2
"AGGGAGTAGGCAGGTT-1",6
"AGGGAGTCACGAGAGT-1",4
"AGGGAGTCAGAAGCAC-1",4
"AGGGAGTCAGATCCAT-1",1
"AGGGAGTCATCGACGC-1",2
"AGGGAGTCATGCTAGT-1",1
"AGGGAGTGTCCATGAT-1",8
"AGGGAGTTCATAACCG-1",1
"AGGGATGAGCTCTCGG-1",4
"AGGGATGAGGAGTAGA-1",1
"AGGGATGAGTAGCGGT-1",1
"AGGGATGCAATGAATG-1",6
"AGGGATGCAATGGAGC-1",2
"AGGGATGCACAAGACG-1",0
"AGGGATGCACATTTCT-1",2
"AGGGATGCATGGTCTA-1",3
"AGGGATGGTTAAAGTG-1",3
"AGGGATGGTTATGCGT-1",3
"AGGGATGTCGTGACAT-1",3
"AGGGTGAAGATGGCGT-1",4
"AGGGTGAAGATGGGTC-1",5
"AGGGTGAAGGCTCAGA-1",5
"AGGGTGACACGAGAGT-1",0
"AGGGTGACAGATGGCA-1",0
"AGGGTGACAGATTGCT-1",1
"AGGGTGAGTACTCTCC-1",5
"AGGGTGAGTTATCGGT-1",1
"AGGGTGAGTTCTGAAC-1",7
"AGGGTGATCTCGCTTG-1",5
"AGGTCATAGAGCCCAA-1",0
"AGGTCATAGCCAGAAC-1",5
"AGGTCATAGGCATGGT-1",1
"AGGTCATAGGGAGTAA-1",2
"AGGTCATCACTCAGGC-1",0
"AGGTCATCACTCTGTC-1",3
"AGGTCATGTTCCACTC-1",3
"AGGTCATTCTCGTTTA-1",0
"AGGTCCGAGGATGCGT-1",0
"AGGTCCGCAACACGCC-1",2
"AGGTCCGGTGATGCCC-1",1
"AGGTCCGTCCATGAAC-1",3
"AGGTCCGTCGCCCTTA-1",3
"AGGTCCGTCTGCGTAA-1",1
"AGTAGTCAGACTGTAA-1",2
"AGTAGTCAGTACGACG-1",2
"AGTAGTCAGTTTAGGA-1",0
"AGTAGTCCAACTGGCC-1",2
"AGTAGTCGTGCAGACA-1",3
"AGTAGTCTCACCCGAG-1",3
"AGTCTTTAGGCAGTCA-1",4
"AGTCTTTCAAATCCGT-1",2
"AGTCTTTCATATACCG-1",1
"AGTCTTTGTGCTTCTC-1",7
"AGTCTTTGTGTCCTCT-1",3
"AGTCTTTGTTTGTTTC-1",4
"AGTCTTTTCGCAGGCT-1",1
"AGTCTTTTCGCGTAGC-1",2
"AGTCTTTTCGCTAGCG-1",0
"AGTCTTTTCGCTTGTC-1",3
"AGTCTTTTCTGACCTC-1",0
"AGTGAGGAGATAGCAT-1",3
"AGTGAGGCAGGTGCCT-1",2
"AGTGAGGGTATGAAAC-1",4
"AGTGAGGGTCACTTCC-1",2
"AGTGAGGGTCGCGAAA-1",3
"AGTGAGGGTTATGTGC-1",1
"AGTGAGGTCTACTATC-1",1
"AGTGGGAAGCAGACTG-1",3
"AGTGGGACAAACGCGA-1",6
"AGTGGGACAAGCCGTC-1",1
"AGTGGGACACAGGAGT-1",1
"AGTGGGACACGAGAGT-1",0
"AGTGGGATCATCGATG-1",2
"AGTGGGATCCACGAAT-1",2
"AGTGGGATCCTGCAGG-1",5
"AGTGTCAAGAAGCCCA-1",0
"AGTGTCAAGCTAGTCT-1",2
"AGTGTCAAGTACGACG-1",0
"AGTGTCAAGTGAACAT-1",2
"AGTGTCACACCATCCT-1",2
"AGTGTCACAGTAAGCG-1",1
"AGTGTCACAGTGGAGT-1",1
"AGTGTCAGTAAACCTC-1",6
"AGTGTCAGTACAGCAG-1",0
"AGTGTCAGTCTCCACT-1",4
"AGTGTCAGTTTGACTG-1",1
"AGTGTCATCAAAGTAG-1",2
"AGTGTCATCCGTCAAA-1",2
"AGTGTCATCGTTACAG-1",2
"AGTGTCATCTGTCAAG-1",0
"AGTTGGTAGACTGTAA-1",1
"AGTTGGTAGTACGCGA-1",9
"AGTTGGTCAAATTGCC-1",3
"AGTTGGTCAGGAATGC-1",0
"AGTTGGTCATGCGCAC-1",0
"AGTTGGTGTACCGTAT-1",6
"AGTTGGTGTATGCTTG-1",4
"AGTTGGTGTCAGGACA-1",2
"AGTTGGTGTTCAGACT-1",0
"AGTTGGTTCAGTACGT-1",3
"AGTTGGTTCCTCAACC-1",2
"AGTTGGTTCGTACCGG-1",0
"AGTTGGTTCTGTCCGT-1",2
"ATAACGCAGTTGAGTA-1",1
"ATAACGCCACGTGAGA-1",3
"ATAACGCGTGAACCTT-1",3
"ATAACGCGTGTCCTCT-1",1
"ATAACGCGTGTGAAAT-1",1
"ATAACGCTCTCCGGTT-1",5
"ATAAGAGAGTCCGGTC-1",2
"ATAAGAGCAACTGCGC-1",0
"ATAAGAGCAGTATCTG-1",2
"ATAAGAGGTGACGCCT-1",2
"ATAAGAGGTTAAAGTG-1",5
"ATAAGAGTCAGCACAT-1",1
"ATAAGAGTCAGTGCAT-1",0
"ATAGACCAGAGAGCTC-1",0
"ATAGACCAGCCCAATT-1",1
"ATAGACCCAAGCCATT-1",5
"ATAGACCCATCTGGTA-1",2
"ATAGACCGTATATGGA-1",1
"ATAGACCGTGGACGAT-1",0
"ATAGACCGTGGCGAAT-1",1
"ATAGACCGTTTCGCTC-1",0
"ATCACGAAGAACTCGG-1",1
"ATCACGAAGACACGAC-1",3
"ATCACGAAGTTACCCA-1",1
"ATCACGACAAGACACG-1",5
"ATCACGACAAGCGTAG-1",2
"ATCACGACACACATGT-1",5
"ATCACGACACCACCAG-1",1
"ATCACGACACGGTAAG-1",0
"ATCACGACAGCGAACA-1",8
"ATCACGATCCCGACTT-1",2
"ATCACGATCGGTGTCG-1",1
"ATCATCTAGCCTATGT-1",0
"ATCATCTAGGCCATAG-1",5
"ATCATCTAGTACTTGC-1",2
"ATCATCTCAGACGCCT-1",5
"ATCATCTCATCCGTGG-1",4
"ATCATCTGTATTACCG-1",4
"ATCATCTGTCACTTCC-1",2
"ATCATCTTCAGCGACC-1",1
"ATCATCTTCCTCAACC-1",4
"ATCATGGCAAGCGTAG-1",1
"ATCATGGCAAGGTTCT-1",2
"ATCATGGCACTACAGT-1",1
"ATCATGGGTAAGGGAA-1",2
"ATCATGGGTTGTGGCC-1",3
"ATCATGGTCAATAAGG-1",0
"ATCATGGTCCAATGGT-1",1
"ATCATGGTCGCCATAA-1",2
"ATCATGGTCGGTTAAC-1",0
"ATCCACCAGCTAGTCT-1",2
"ATCCACCAGGCTCTTA-1",1
"ATCCACCCAAACGTGG-1",0
"ATCCACCCAGTTAACC-1",2
"ATCCACCGTCCGAAGA-1",1
"ATCCACCGTTTGTTTC-1",5
"ATCCACCTCCTGCTTG-1",0
"ATCCACCTCCTTAATC-1",6
"ATCCACCTCTGGTATG-1",1
"ATCCGAAAGCGATGAC-1",1
"ATCCGAAAGCTAGGCA-1",6
"ATCCGAACAAACGTGG-1",0
"ATCCGAACAACAACCT-1",0
"ATCCGAACAAGGACTG-1",3
"ATCCGAACACCCATTC-1",2
"ATCCGAACACGGTAGA-1",1
"ATCCGAAGTAGCGCTC-1",3
"ATCCGAAGTCATTAGC-1",1
"ATCCGAAGTCTCTTAT-1",1
"ATCCGAATCCAACCAA-1",2
"ATCCGAATCCTTGACC-1",1
"ATCCGAATCTTGTCAT-1",2
"ATCGAGTAGACTTTCG-1",0
"ATCGAGTCATCCGGGT-1",2
"ATCGAGTGTCCCTTGT-1",0
"ATCGAGTGTCTCCCTA-1",2
"ATCGAGTTCATGCATG-1",1
"ATCGAGTTCCTGCCAT-1",1
"ATCTACTAGGTGTGGT-1",1
"ATCTACTCAGCTGTAT-1",4
"ATCTACTCAGTACACT-1",3
"ATCTACTCATGACATC-1",3
"ATCTACTGTAAGTAGT-1",0
"ATCTACTGTGTCGCTG-1",2
"ATCTACTTCCGCGTTT-1",1
"ATCTACTTCGCAAGCC-1",2
"ATCTACTTCTATCGCC-1",4
"ATCTACTTCTCTAAGG-1",1
"ATCTGCCAGGCTCAGA-1",0
"ATCTGCCGTACAGTTC-1",1
"ATCTGCCGTTGTGGAG-1",2
"ATCTGCCTCAGAGACG-1",3
"ATCTGCCTCAGCTGGC-1",1
"ATCTGCCTCGTACGGC-1",2
"ATCTGCCTCTCGAGTA-1",2
"ATCTGCCTCTGAGTGT-1",0
"ATCTGCCTCTTGTATC-1",0
"ATGAGGGAGGTCGGAT-1",1
"ATGAGGGCATGACGGA-1",2
"ATGAGGGCATTAGGCT-1",0
"ATGAGGGTCACATGCA-1",0
"ATGAGGGTCAGTCCCT-1",2
"ATGCGATAGTCAATAG-1",5
"ATGCGATCATGTTGAC-1",3
"ATGCGATGTGCAGTAG-1",3
"ATGCGATGTGCATCTA-1",3
"ATGCGATTCCCAAGAT-1",6
"ATGCGATTCGCCATAA-1",0
"ATGGGAGAGCAATATG-1",0
"ATGGGAGAGCCACGCT-1",2
"ATGGGAGAGGTGATAT-1",3
"ATGGGAGCACCAGGTC-1",1
"ATGGGAGCACTATCTT-1",1
"ATGGGAGCAGCATACT-1",2
"ATGGGAGCATAGAAAC-1",2
"ATGGGAGCATTACCTT-1",2
"ATGGGAGTCAAGGTAA-1",1
"ATGTGTGAGCGAAGGG-1",1
"ATGTGTGAGGGTTTCT-1",5
"ATGTGTGAGTTGAGTA-1",2
"ATGTGTGCACGGCGTT-1",2
"ATGTGTGCACGGTTTA-1",1
"ATGTGTGCAGTATAAG-1",3
"ATGTGTGTCACGCGGT-1",2
"ATTACTCAGATGTGTA-1",2
"ATTACTCAGCGTAATA-1",0
"ATTACTCAGGTGCACA-1",0
"ATTACTCAGTGAAGTT-1",0
"ATTACTCCAAACTGTC-1",0
"ATTACTCCACCATCCT-1",2
"ATTACTCCAGACTCGC-1",2
"ATTACTCCATATGCTG-1",3
"ATTACTCCATCGGTTA-1",3
"ATTACTCCATTGCGGC-1",0
"ATTACTCGTTAAAGAC-1",3
"ATTACTCTCCGAACGC-1",3
"ATTATCCAGAGTACCG-1",1
"ATTATCCAGCTTATCG-1",1
"ATTATCCCACAAGCCC-1",0
"ATTATCCCATATGAGA-1",1
"ATTATCCCATCTGGTA-1",1
"ATTATCCGTCGTTGTA-1",4
"ATTATCCGTCTCTCTG-1",2
"ATTATCCTCAACGGGA-1",3
"ATTATCCTCCGCGCAA-1",1
"ATTATCCTCTCCGGTT-1",3
"ATTCTACGTCACTTCC-1",3
"ATTCTACGTCTAGTCA-1",0
"ATTCTACGTTGTCGCG-1",4
"ATTGGACAGCAGATCG-1",10
"ATTGGACAGGGCATGT-1",1
"ATTGGACAGTGGACGT-1",1
"ATTGGACCAAGACACG-1",5
"ATTGGACGTAATAGCA-1",8
"ATTGGACTCCTGCTTG-1",1
"ATTGGACTCGGCGCAT-1",1
"ATTGGACTCGTTTGCC-1",2
"ATTGGTGAGAATGTTG-1",1
"ATTGGTGCAAGCTGAG-1",1
"ATTGGTGCAGCAGTTT-1",2
"ATTGGTGGTATGGTTC-1",5
"ATTGGTGGTTGAGTTC-1",1
"ATTGGTGTCAAAGTAG-1",3
"ATTGGTGTCGGAAACG-1",1
"ATTTCTGAGGGATACC-1",2
"ATTTCTGAGGGATCTG-1",0
"ATTTCTGAGGTGTTAA-1",2
"ATTTCTGAGTCGAGTG-1",6
"ATTTCTGAGTTCGCAT-1",1
"ATTTCTGCAAGGTGTG-1",2
"ATTTCTGGTAGCTCCG-1",3
"ATTTCTGGTGCACGAA-1",1
"ATTTCTGGTTGCCTCT-1",0
"ATTTCTGTCAAAGTAG-1",6
"ATTTCTGTCAGCTCGG-1",0
"ATTTCTGTCTTGGGTA-1",0
"CAACCAAAGAAACGCC-1",0
"CAACCAAAGAGGGCTT-1",4
"CAACCAAAGCTGAAAT-1",3
"CAACCAAAGGACAGCT-1",0
"CAACCAAAGGGAGTAA-1",9
"CAACCAACATACGCTA-1",10
"CAACCTCAGTAATCCC-1",5
"CAACCTCCAGACGCAA-1",1
"CAACCTCGTGAGTGAC-1",2
"CAACCTCGTTCCACGG-1",3
"CAACCTCTCATACGGT-1",1
"CAACCTCTCCGATATG-1",3
"CAACCTCTCCTTTACA-1",4
"CAACCTCTCTCTAGGA-1",5
"CAACTAGAGAATAGGG-1",4
"CAACTAGAGGATGCGT-1",2
"CAACTAGCACCATCCT-1",5
"CAACTAGCAGACTCGC-1",0
"CAACTAGCAGTTCATG-1",2
"CAACTAGGTACGCACC-1",2
"CAACTAGTCAGGCCCA-1",3
"CAAGAAAAGAAGGACA-1",1
"CAAGAAAAGACGCACA-1",2
"CAAGAAAAGGCCCTTG-1",0
"CAAGAAAAGGTGATAT-1",4
"CAAGAAAAGTCGATAA-1",3
"CAAGAAAAGTGGAGTC-1",2
"CAAGAAAAGTGTACCT-1",1
"CAAGAAACACGGTGTC-1",2
"CAAGAAATCTGCTTGC-1",3
"CAAGATCAGCTGAAAT-1",3
"CAAGATCGTAAGAGGA-1",2
"CAAGATCGTGCCTTGG-1",3
"CAAGATCTCAACACCA-1",0
"CAAGATCTCTCGATGA-1",0
"CAAGGCCAGGAGTCTG-1",4
"CAAGGCCAGGCTATCT-1",3
"CAAGGCCCACGGTAAG-1",6
"CAAGGCCCATGTTCCC-1",2
"CAAGGCCGTCCGTCAG-1",1
"CAAGGCCTCAACGGGA-1",2
"CAAGGCCTCCTTGACC-1",0
"CAAGGCCTCGTGACAT-1",3
"CAAGTTGAGACAGGCT-1",0
"CAAGTTGAGATGTCGG-1",1
"CAAGTTGAGCGTCAAG-1",4
"CAAGTTGAGCGTTTAC-1",0
"CAAGTTGCACATTAGC-1",2
"CAAGTTGCACGCTTTC-1",4
"CAAGTTGCACGGTGTC-1",0
"CAAGTTGCATTCTTAC-1",8
"CAAGTTGGTACTCAAC-1",0
"CAAGTTGGTCAGGACA-1",0
"CAAGTTGGTCGGCACT-1",3
"CAAGTTGTCAACGAAA-1",4
"CAAGTTGTCACCACCT-1",2
"CAAGTTGTCATTGCCC-1",0
"CAAGTTGTCGAATCCA-1",5
"CAAGTTGTCTACTTAC-1",1
"CACAAACAGGGCTCTC-1",3
"CACAAACAGGGCTTGA-1",3
"CACAAACAGTGACATA-1",2
"CACAAACCAACTGCGC-1",1
"CACAAACCAATAAGCA-1",1
"CACAAACCAATCAGAA-1",1
"CACAAACCACTTAACG-1",1
"CACAAACCATGAACCT-1",3
"CACAAACCATGGTCAT-1",0
"CACAAACGTCAACTGT-1",1
"CACAAACGTCAGAATA-1",0
"CACAAACTCTTCGGTC-1",1
"CACAAACTCTTGGGTA-1",8
"CACACAAAGCGACGTA-1",0
"CACACAAAGGGAGTAA-1",1
"CACACAACAAACGTGG-1",2
"CACACAACACATGACT-1",3
"CACACAACATCGATTG-1",5
"CACACAACATTGGGCC-1",2
"CACACAAGTACGACCC-1",3
"CACACAAGTCAGTGGA-1",3
"CACACAAGTCATCGGC-1",5
"CACACAAGTTTACTCT-1",0
"CACACAATCCACGTGG-1",1
"CACACAATCCACGTTC-1",2
"CACACAATCGGCGCAT-1",0
"CACACCTAGAGACTAT-1",1
"CACACCTAGGACATTA-1",1
"CACACCTAGTCATCCA-1",3
"CACACCTAGTGTGAAT-1",1
"CACACCTCACTGAAGG-1",2
"CACACCTCATAGGATA-1",0
"CACACCTCATAGTAAG-1",1
"CACACCTCATTGGGCC-1",8
"CACACCTGTACAGCAG-1",4
"CACACCTGTACCGCTG-1",0
"CACACCTGTCCAAGTT-1",2
"CACACCTGTGGACGAT-1",2
"CACACCTGTGGTCTCG-1",2
"CACACCTTCATGTCTT-1",0
"CACACCTTCTGGCGAC-1",2
"CACACTCAGGGAAACA-1",3
"CACACTCCAACACCTA-1",3
"CACACTCCAAGGGTCA-1",1
"CACACTCGTGACGCCT-1",1
"CACACTCGTTTGTGTG-1",0
"CACAGGCAGCCATCGC-1",1
"CACAGGCAGGGATGGG-1",5
"CACAGGCCAAGAGTCG-1",2
"CACAGGCCAATGGAGC-1",0
"CACAGGCGTCTAGGTT-1",1
"CACAGGCGTTACGCGC-1",2
"CACAGGCTCGGGAGTA-1",1
"CACAGGCTCTATGTGG-1",3
"CACAGTAAGACGCAAC-1",2
"CACAGTAAGACGCACA-1",0
"CACAGTAAGTGGGCTA-1",2
"CACAGTACAACTGGCC-1",0
"CACAGTACATCGGACC-1",5
"CACAGTAGTTCCATGA-1",7
"CACATAGAGCCCAATT-1",1
"CACATAGAGTGTACTC-1",2
"CACATAGCACTTCTGC-1",3
"CACATAGCAGGGTATG-1",2
"CACATAGTCCTTGCCA-1",3
"CACATAGTCGGCGCAT-1",1
"CACATTTAGCAGATCG-1",0
"CACATTTAGGGCACTA-1",1
"CACATTTCACGGCGTT-1",1
"CACATTTCATTACCTT-1",2
"CACATTTGTCGAACAG-1",2
"CACATTTGTGTTGAGG-1",4
"CACATTTTCCAGAGGA-1",4
"CACATTTTCCGCATCT-1",3
"CACATTTTCTACTATC-1",1
"CACATTTTCTGTGCAA-1",1
"CACCACTAGCCACGTC-1",4
"CACCACTAGTGGTAAT-1",4
"CACCACTAGTTACCCA-1",2
"CACCACTCAAGCCCAC-1",0
"CACCACTCAGTTCATG-1",0
"CACCACTGTTATTCTC-1",0
"CACCACTTCACCGGGT-1",2
"CACCACTTCGAATCCA-1",5
"CACCACTTCGACCAGC-1",1
"CACCACTTCTAACCGA-1",1
"CACCACTTCTTTAGTC-1",0
"CACCAGGCACATTAGC-1",16
"CACCAGGCACTGCCAG-1",0
"CACCAGGCATAAAGGT-1",0
"CACCAGGCATGAACCT-1",5
"CACCAGGGTGAAATCA-1",4
"CACCAGGGTGTTTGGT-1",1
"CACCAGGGTTATCACG-1",1
"CACCAGGTCATGTAGC-1",3
"CACCAGGTCTGCTTGC-1",1
"CACCTTGAGACTTGAA-1",7
"CACCTTGAGTCAATAG-1",2
"CACCTTGCACTAGTAC-1",1
"CACCTTGCAGGCGATA-1",1
"CACCTTGCATTCCTGC-1",4
"CACCTTGGTCATTAGC-1",4
"CACCTTGGTGATGTCT-1",5
"CACCTTGGTGTGAAAT-1",0
"CACCTTGGTTATGTGC-1",3
"CACCTTGTCAACCATG-1",4
"CACCTTGTCATTATCC-1",5
"CACCTTGTCCAAAGTC-1",4
"CACCTTGTCTCACATT-1",1
"CACTCCAAGACAAGCC-1",1
"CACTCCAAGGTACTCT-1",0
"CACTCCACAATGGACG-1",0
"CACTCCAGTACATGTC-1",0
"CACTCCAGTTGTCGCG-1",7
"CACTCCATCAACACAC-1",3
"CACTCCATCCCAGGTG-1",4
"CAGAATCAGAAACCTA-1",3
"CAGAATCAGCCAACAG-1",6
"CAGAATCAGCTGGAAC-1",1
"CAGAATCAGGACTGGT-1",4
"CAGAATCAGTATCGAA-1",10
"CAGAATCCACAGAGGT-1",7
"CAGAATCCAGGGTACA-1",1
"CAGAATCGTAAGTGTA-1",0
"CAGAATCGTAATCACC-1",5
"CAGAATCTCAGTTTGG-1",0
"CAGAATCTCGCAAGCC-1",2
"CAGAATCTCGGTCCGA-1",3
"CAGAATCTCTTGCAAG-1",2
"CAGAATCTCTTGTACT-1",1
"CAGAGAGAGAATTGTG-1",6
"CAGAGAGAGCAATATG-1",0
"CAGAGAGCAAGAAGAG-1",2
"CAGAGAGCACCAGATT-1",3
"CAGAGAGGTAATCACC-1",2
"CAGAGAGGTAGCTGCC-1",1
"CAGAGAGGTAGGACAC-1",2
"CAGAGAGGTATAGGGC-1",1
"CAGAGAGGTCCGAATT-1",2
"CAGAGAGGTTGAGGTG-1",1
"CAGAGAGTCACCCGAG-1",2
"CAGAGAGTCATAACCG-1",1
"CAGAGAGTCCGAACGC-1",13
"CAGAGAGTCTGGTATG-1",1
"CAGATCAAGAGACGAA-1",4
"CAGATCAAGCACCGTC-1",1
"CAGATCAAGCTTCGCG-1",1
"CAGATCAAGGATTCGG-1",3
"CAGATCAAGTGTACCT-1",2
"CAGATCAAGTTTAGGA-1",3
"CAGATCACAATAACGA-1",4
"CAGATCACACACCGAC-1",3
"CAGATCACACGGTAAG-1",3
"CAGATCACACTCTGTC-1",0
"CAGATCACAGCATACT-1",1
"CAGATCACAGTGGGAT-1",1
"CAGATCAGTACCAGTT-1",0
"CAGATCAGTGCGGTAA-1",0
"CAGATCATCTGATACG-1",5
"CAGATCATCTGATTCT-1",4
"CAGCAGCAGATGCCAG-1",3
"CAGCAGCAGGGAACGG-1",1
"CAGCAGCCACCTATCC-1",5
"CAGCAGCCATCACAAC-1",3
"CAGCAGCGTGCTAGCC-1",1
"CAGCAGCTCAACACTG-1",1
"CAGCAGCTCGAACTGT-1",0
"CAGCAGCTCGCCGTGA-1",7
"CAGCATAAGAGACGAA-1",1
"CAGCATAGTCTAGGTT-1",6
"CAGCATAGTTTACTCT-1",2
"CAGCATATCACGAAGG-1",1
"CAGCATATCAGGCAAG-1",0
"CAGCATATCCTTAATC-1",3
"CAGCCGAAGCATCATC-1",8
"CAGCCGAAGTTTCCTT-1",1
"CAGCCGACACGTGAGA-1",5
"CAGCCGACATCAGTCA-1",3
"CAGCCGAGTGATGTCT-1",0
"CAGCCGATCACCAGGC-1",0
"CAGCCGATCCTCAATT-1",0
"CAGCGACAGAAACGCC-1",1
"CAGCGACAGCGTCAAG-1",4
"CAGCGACCAAACGTGG-1",1
"CAGCGACCAAAGCGGT-1",0
"CAGCGACCACGTCAGC-1",4
"CAGCGACCATGGGACA-1",3
"CAGCGACGTCTGATTG-1",1
"CAGCGACGTGGACGAT-1",5
"CAGCGACGTGGTTTCA-1",1
"CAGCGACGTTCGGCAC-1",0
"CAGCGACTCCGCAAGC-1",3
"CAGCGACTCTGGGCCA-1",0
"CAGCTAAAGATGTGTA-1",1
"CAGCTAAAGCAGACTG-1",1
"CAGCTAAAGCTGTTCA-1",4
"CAGCTAAAGGAGCGTT-1",0
"CAGCTAACACAGATTC-1",1
"CAGCTAACATCAGTAC-1",2
"CAGCTAAGTAATCGTC-1",0
"CAGCTAAGTCTCACCT-1",1
"CAGCTAAGTTCGTCTC-1",5
"CAGCTAATCCACGCAG-1",5
"CAGCTAATCCCTAACC-1",3
"CAGCTAATCTGGTTCC-1",0
"CAGCTAATCTTAGCCC-1",6
"CAGCTAATCTTCGGTC-1",12
"CAGCTGGAGACACTAA-1",4
"CAGCTGGAGATCCTGT-1",1
"CAGCTGGCACCAACCG-1",4
"CAGCTGGCAGTGGAGT-1",4
"CAGCTGGCATGCATGT-1",5
"CAGCTGGTCTACCTGC-1",1
"CAGGTGCAGAGACGAA-1",3
"CAGGTGCAGATCCTGT-1",1
"CAGGTGCAGGCATGTG-1",0
"CAGGTGCCAGGAACGT-1",0
"CAGGTGCCATAGTAAG-1",2
"CAGGTGCCATCGGAAG-1",0
"CAGGTGCTCAGTTGAC-1",3
"CAGGTGCTCCAAGTAC-1",2
"CAGGTGCTCTTGTATC-1",0
"CAGTAACAGATATGGT-1",3
"CAGTAACAGATGGCGT-1",1
"CAGTAACCAATCACAC-1",6
"CAGTAACCACTCGACG-1",0
"CAGTAACGTGATAAGT-1",1
"CAGTAACGTGCACCAC-1",0
"CAGTAACTCAGAGGTG-1",8
"CAGTAACTCGTACGGC-1",3
"CAGTAACTCGTGACAT-1",0
"CAGTAACTCTGCCAGG-1",0
"CAGTCCTAGAATCTCC-1",1
"CAGTCCTAGATCTGCT-1",0
"CAGTCCTCAGTATAAG-1",1
"CAGTCCTTCAACACGT-1",2
"CAGTCCTTCCATGAGT-1",0
"CAGTCCTTCCCGACTT-1",4
"CAGTCCTTCCCTTGTG-1",3
"CAGTCCTTCGAACGGA-1",3
"CAGTCCTTCGGTTCGG-1",0
"CAGTCCTTCTACTTAC-1",0
"CATATGGAGAGATGAG-1",0
"CATATGGAGGCATGGT-1",2
"CATATGGAGTATTGGA-1",4
"CATATGGCAAGCGTAG-1",4
"CATATGGGTCGCATAT-1",2
"CATATGGTCATTATCC-1",3
"CATATGGTCATTGCGA-1",0
"CATATTCAGGCGACAT-1",1
"CATATTCCACCACCAG-1",0
"CATATTCGTGACTACT-1",1
"CATATTCGTGGTACAG-1",4
"CATATTCGTGTGACGA-1",0
"CATATTCTCACAGGCC-1",3
"CATATTCTCGCAAACT-1",1
"CATCAAGAGAACTCGG-1",2
"CATCAAGAGATGGCGT-1",1
"CATCAAGAGCCGCCTA-1",1
"CATCAAGCACGAAACG-1",5
"CATCAAGCAGCCTTTC-1",1
"CATCAAGCATGGAATA-1",2
"CATCAAGGTTACTGAC-1",1
"CATCAAGGTTCCATGA-1",1
"CATCAAGTCTAAGCCA-1",1
"CATCAAGTCTGACCTC-1",2
"CATCAGAAGCTAGTCT-1",6
"CATCAGACAAGCCATT-1",1
"CATCAGACAATGACCT-1",6
"CATCAGACACGGCCAT-1",1
"CATCAGACAGACAGGT-1",9
"CATCAGACATAACCTG-1",0
"CATCAGAGTAATTGGA-1",2
"CATCAGAGTACATGTC-1",1
"CATCAGAGTGTTAAGA-1",3
"CATCAGAGTTCAACCA-1",2
"CATCAGATCGTTGACA-1",2
"CATCCACGTAAAGTCA-1",2
"CATCCACGTACCGTAT-1",4
"CATCCACGTGCCTGTG-1",5
"CATCCACGTTTAAGCC-1",0
"CATCGAAAGAGTACAT-1",1
"CATCGAAAGCTGTCTA-1",1
"CATCGAACAAGAGGCT-1",9
"CATCGAACAAGCTGAG-1",2
"CATCGAACACATTTCT-1",2
"CATCGAACATAAAGGT-1",1
"CATCGAAGTAGTACCT-1",3
"CATCGAAGTCCGACGT-1",10
"CATCGAAGTGCACTTA-1",2
"CATCGAATCAAACCAC-1",0
"CATCGAATCCGCGGTA-1",0
"CATCGAATCCGTAGTA-1",0
"CATCGGGAGAAGCCCA-1",0
"CATCGGGAGCGAGAAA-1",3
"CATCGGGAGGGTGTGT-1",2
"CATCGGGAGGTGTTAA-1",6
"CATCGGGAGTGACTCT-1",3
"CATCGGGCACTCAGGC-1",10
"CATCGGGCAGACGCTC-1",0
"CATCGGGCATCACAAC-1",3
"CATCGGGGTCCTCTTG-1",5
"CATCGGGGTGAGGGAG-1",1
"CATCGGGGTTCGAATC-1",1
"CATCGGGTCAGGATCT-1",0
"CATCGGGTCCACGAAT-1",0
"CATCGGGTCGATGAGG-1",6
"CATGACAAGACCACGA-1",0
"CATGACAAGCTCCTCT-1",0
"CATGACAAGTAACCCT-1",3
"CATGACAAGTATCTCG-1",1
"CATGACAGTCGTCTTC-1",0
"CATGACAGTGAACCTT-1",5
"CATGACATCAATAAGG-1",0
"CATGACATCTAACTGG-1",0
"CATGCCTAGACCTAGG-1",0
"CATGCCTAGAGTCTGG-1",0
"CATGCCTCACCACCAG-1",1
"CATGCCTGTCAAAGCG-1",1
"CATGCCTGTCGATTGT-1",0
"CATGCCTTCCACGACG-1",2
"CATGCCTTCCTCATTA-1",2
"CATGCCTTCGCATGAT-1",0
"CATGGCGAGAGCTGGT-1",1
"CATGGCGAGTACGACG-1",0
"CATGGCGTCCAAAGTC-1",4
"CATGGCGTCCCTTGTG-1",0
"CATGGCGTCGGCCGAT-1",0
"CATGGCGTCTCAAACG-1",2
"CATGGCGTCTGCCCTA-1",4
"CATTATCAGACCCACC-1",0
"CATTATCAGTCCCACG-1",0
"CATTATCCAAGTCTGT-1",16
"CATTATCCAGGGCATA-1",2
"CATTATCGTCAATGTC-1",2
"CATTATCTCACAAACC-1",1
"CATTATCTCAGATAAG-1",6
"CATTATCTCGCGTTTC-1",0
"CATTATCTCGTTGCCT-1",1
"CATTATCTCTATCCCG-1",1
"CATTATCTCTTAACCT-1",3
"CATTCGCAGGTGCTAG-1",3
"CATTCGCCAAGGGTCA-1",3
"CATTCGCCAGCCTATA-1",1
"CATTCGCCATACAGCT-1",2
"CATTCGCCATGGATGG-1",1
"CATTCGCCATGTCTCC-1",1
"CATTCGCCATTCACTT-1",2
"CATTCGCGTAGCACGA-1",1
"CATTCGCTCATCACCC-1",0
"CCAATCCAGACCACGA-1",2
"CCAATCCAGATATGGT-1",3
"CCAATCCAGTCGAGTG-1",1
"CCAATCCAGTCGTTTG-1",1
"CCAATCCAGTTTAGGA-1",0
"CCAATCCCAAGCGAGT-1",1
"CCAATCCTCGGACAAG-1",2
"CCAATCCTCTACCTGC-1",1
"CCACCTAAGCAGACTG-1",2
"CCACCTAAGGATGGTC-1",4
"CCACCTAAGTCGAGTG-1",3
"CCACCTAAGTGGGATC-1",2
"CCACCTAAGTGTGGCA-1",2
"CCACCTACAACAACCT-1",3
"CCACCTACAAGCCGCT-1",0
"CCACCTACAATCTACG-1",2
"CCACCTAGTAGTACCT-1",1
"CCACCTAGTCGCGTGT-1",1
"CCACCTAGTGGGTCAA-1",1
"CCACCTATCAGTTGAC-1",0
"CCACCTATCTGATACG-1",1
"CCACGGAAGACACGAC-1",0
"CCACGGAAGGGAACGG-1",2
"CCACGGACATGTCGAT-1",3
"CCACGGAGTAAGGGCT-1",1
"CCACGGAGTCAGATAA-1",1
"CCACGGAGTCCGTGAC-1",3
"CCACGGAGTGTAATGA-1",3
"CCACGGAGTTCTGAAC-1",1
"CCACGGATCACATAGC-1",2
"CCACGGATCCACGTGG-1",0
"CCACGGATCTACTATC-1",1
"CCACGGATCTAGAGTC-1",1
"CCACTACAGAGTACCG-1",1
"CCACTACAGCTTTGGT-1",1
"CCACTACCAGCAGTTT-1",7
"CCACTACCAGTAGAGC-1",2
"CCACTACGTCCGAATT-1",1
"CCACTACGTCTCAACA-1",5
"CCACTACGTGACAAAT-1",4
"CCACTACGTGACCAAG-1",3
"CCACTACGTGCACGAA-1",2
"CCACTACTCACTCTTA-1",5
"CCACTACTCCGCATCT-1",0
"CCACTACTCGGAAATA-1",2
"CCACTACTCTCGTATT-1",1
"CCACTACTCTCGTTTA-1",1
"CCAGCGAAGCCCAACC-1",0
"CCAGCGACATCGGGTC-1",8
"CCAGCGACATGTCCTC-1",2
"CCAGCGAGTAGGCATG-1",0
"CCAGCGAGTCCGTTAA-1",3
"CCAGCGATCAGAAATG-1",2
"CCATGTCAGCGATCCC-1",0
"CCATGTCAGGTCGGAT-1",1
"CCATGTCAGGTTACCT-1",3
"CCATGTCCAAGCTGGA-1",2
"CCATGTCCACATCCGG-1",2
"CCATGTCGTCCAGTAT-1",2
"CCATGTCTCCAAGTAC-1",1
"CCATGTCTCTTGTATC-1",5
"CCATTCGCAGTACACT-1",8
"CCATTCGCAGTTTACG-1",0
"CCATTCGGTAATCGTC-1",5
"CCATTCGGTATTACCG-1",4
"CCATTCGTCGTAGGAG-1",3
"CCCAATCAGTCACGCC-1",5
"CCCAATCCAGGTGGAT-1",4
"CCCAATCGTGAAGGCT-1",4
"CCCAATCGTTGGAGGT-1",3
"CCCAATCTCACATGCA-1",0
"CCCAATCTCCAGTATG-1",1
"CCCAATCTCGGAGCAA-1",4
"CCCAGTTAGAATAGGG-1",4
"CCCAGTTAGATCCCGC-1",4
"CCCAGTTAGCGTGAAC-1",2
"CCCAGTTAGGAATCGC-1",0
"CCCAGTTAGTCCGGTC-1",3
"CCCAGTTAGTTTGCGT-1",1
"CCCAGTTGTACATGTC-1",2
"CCCAGTTGTCTGCAAT-1",12
"CCCAGTTTCTGAAAGA-1",0
"CCCATACAGGGTTCCC-1",1
"CCCATACAGTGTTTGC-1",0
"CCCATACCAAAGGTGC-1",1
"CCCATACCAACACCCG-1",1
"CCCATACCAGCAGTTT-1",3
"CCCATACGTATTACCG-1",1
"CCCATACGTCAATACC-1",2
"CCCATACGTCTAGTCA-1",0
"CCCATACGTTGAGTTC-1",1
"CCCATACTCAATAAGG-1",5
"CCCATACTCAGCGACC-1",1
"CCCATACTCATCACCC-1",4
"CCCATACTCCGTAGGC-1",1
"CCCTCCTAGGAATCGC-1",5
"CCCTCCTCACGTCTCT-1",2
"CCCTCCTCAGCTTAAC-1",7
"CCCTCCTCATATGAGA-1",2
"CCCTCCTCATCACGTA-1",4
"CCCTCCTGTATGGTTC-1",1
"CCCTCCTGTTAGATGA-1",2
"CCCTCCTTCAATCACG-1",1
"CCCTCCTTCCGCAGTG-1",1
"CCGGGATAGCTTCGCG-1",0
"CCGGGATAGGCGACAT-1",2
"CCGGGATAGGCTAGGT-1",4
"CCGGGATCACAGTCGC-1",0
"CCGGGATGTATAGGTA-1",2
"CCGGGATTCAGAGCTT-1",2
"CCGGGATTCGCTAGCG-1",1
"CCGGGATTCGCTTGTC-1",2
"CCGGTAGAGCGTCTAT-1",0
"CCGGTAGAGTACGCCC-1",1
"CCGGTAGCACATAACC-1",10
"CCGGTAGCACGCATCG-1",2
"CCGGTAGGTACTTCTT-1",1
"CCGGTAGGTCAAACTC-1",5
"CCGGTAGTCGTCCGTT-1",0
"CCGTACTAGAGAACAG-1",4
"CCGTACTAGTCCGTAT-1",7
"CCGTACTCAAGCCCAC-1",5
"CCGTACTCAAGCGAGT-1",4
"CCGTACTCATCCCACT-1",0
"CCGTACTGTACAGCAG-1",1
"CCGTACTGTAGCGCTC-1",0
"CCGTACTGTGCGGTAA-1",2
"CCGTACTTCGTTACAG-1",3
"CCGTGGAAGACGCACA-1",4
"CCGTGGAAGAGTTGGC-1",2
"CCGTGGAAGGTGATAT-1",2
"CCGTGGAAGGTTCCTA-1",2
"CCGTGGACAGCCTTGG-1",1
"CCGTGGAGTTCCATGA-1",3
"CCGTGGATCTAACTTC-1",1
"CCGTGGATCTCTGTCG-1",1
"CCGTTCAAGCGTAATA-1",2
"CCGTTCAAGTACGATA-1",5
"CCGTTCAAGTAGATGT-1",2
"CCGTTCACAGGATCGA-1",3
"CCGTTCAGTATAGGGC-1",3
"CCGTTCAGTCGCGAAA-1",0
"CCGTTCATCGTACCGG-1",0
"CCTAAAGAGAGTTGGC-1",3
"CCTAAAGCAAACCTAC-1",1
"CCTAAAGCATGTCTCC-1",3
"CCTAAAGGTACTCAAC-1",7
"CCTAAAGGTCGGCACT-1",1
"CCTAAAGGTGTAATGA-1",3
"CCTAAAGTCACCGTAA-1",2
"CCTAAAGTCAGCGATT-1",1
"CCTAAAGTCGGCGCTA-1",1
"CCTAAAGTCGGTCCGA-1",0
"CCTACACAGGACCACA-1",1
"CCTACACAGGGTGTTG-1",1
"CCTACACCAGTAAGAT-1",3
"CCTACACGTATAGTAG-1",1
"CCTACACGTCCGAACC-1",4
"CCTACACGTGGGTCAA-1",1
"CCTACACGTTTGACTG-1",6
"CCTACACTCGGCGCTA-1",0
"CCTACACTCGTGACAT-1",8
"CCTACCAAGATAGGAG-1",1
"CCTACCAAGCAAATCA-1",1
"CCTACCAAGCGTAGTG-1",1
"CCTACCAAGCTTCGCG-1",0
"CCTACCAAGTGCGATG-1",0
"CCTACCAGTATCAGTC-1",1
"CCTACCAGTCTCTCTG-1",2
"CCTACCAGTCTTTCAT-1",3
"CCTACCATCAGCACAT-1",4
"CCTACCATCGCCAGCA-1",0
"CCTAGCTAGCAAATCA-1",1
"CCTAGCTAGCTCCTCT-1",0
"CCTAGCTAGGTTACCT-1",1
"CCTAGCTAGTACGCGA-1",1
"CCTAGCTCAATGAATG-1",3
"CCTAGCTCAATGGTCT-1",2
"CCTAGCTCACATCCAA-1",0
"CCTAGCTCAGCCAGAA-1",1
"CCTAGCTGTAGAAAGG-1",2
"CCTAGCTGTCACCCAG-1",1
"CCTAGCTGTCTGATTG-1",1
"CCTAGCTTCACGATGT-1",1
"CCTAGCTTCGTAGGAG-1",5
"CCTATTAAGAATTCCC-1",0
"CCTATTAAGCAGGCTA-1",2
"CCTATTAAGCAGGTCA-1",5
"CCTATTAAGGGAGTAA-1",6
"CCTATTAAGGTAGCCA-1",5
"CCTATTACACAACTGT-1",3
"CCTATTACACATCCGG-1",2
"CCTATTAGTCAATACC-1",0
"CCTATTATCATCACCC-1",2
"CCTATTATCTGCGACG-1",8
"CCTCAGTAGCTAACTC-1",1
"CCTCAGTCAGGTGGAT-1",1
"CCTCAGTGTCCATCCT-1",1
"CCTCAGTGTCCGACGT-1",7
"CCTCAGTGTCTTGTCC-1",1
"CCTCAGTGTGGGTATG-1",3
"CCTCTGAAGTATCGAA-1",2
"CCTCTGAAGTGGGTTG-1",0
"CCTCTGACAAGCTGTT-1",1
"CCTCTGACACCGATAT-1",4
"CCTCTGACAGATGAGC-1",8
"CCTCTGAGTCAATACC-1",3
"CCTCTGAGTCCGAACC-1",4
"CCTCTGAGTCGTGGCT-1",3
"CCTCTGAGTCTGATTG-1",1
"CCTCTGATCTGAGGGA-1",1
"CCTTACGCAAGCGTAG-1",0
"CCTTACGCACCAACCG-1",0
"CCTTACGGTCATCCCT-1",1
"CCTTACGGTCCTCTTG-1",5
"CCTTACGTCACAACGT-1",2
"CCTTACGTCATCTGCC-1",3
"CCTTACGTCGGAGGTA-1",2
"CCTTCCCAGAGACTAT-1",4
"CCTTCCCAGCTAGGCA-1",0
"CCTTCCCAGGACGAAA-1",2
"CCTTCCCAGGGCATGT-1",1
"CCTTCCCAGGTACTCT-1",0
"CCTTCCCCATGATCCA-1",6
"CCTTCCCTCAAGGCTT-1",4
"CCTTCCCTCTATCCTA-1",3
"CCTTCCCTCTATCGCC-1",4
"CCTTCGAAGGCGCTCT-1",1
"CCTTCGACAACACCCG-1",1
"CCTTCGACAGCGATCC-1",1
"CCTTCGAGTAAGCACG-1",1
"CCTTCGAGTCCATGAT-1",3
"CCTTCGAGTGTGACCC-1",3
"CCTTCGAGTTGGTGGA-1",0
"CCTTCGATCACAGTAC-1",5
"CCTTCGATCCTATGTT-1",2
"CCTTCGATCGCACTCT-1",7
"CCTTTCTAGACGCTTT-1",4
"CCTTTCTAGGGCACTA-1",0
"CCTTTCTAGTGGAGTC-1",2
"CCTTTCTCAGACAAGC-1",2
"CCTTTCTCATCACGAT-1",1
"CCTTTCTCATGCCCGA-1",2
"CCTTTCTTCCCACTTG-1",1
"CCTTTCTTCTTTACGT-1",1
"CGAACATCACATGACT-1",1
"CGAACATCACTTGGAT-1",2
"CGAACATCAGTCCTTC-1",1
"CGAACATGTCTGATTG-1",0
"CGAACATGTGCTGTAT-1",1
"CGAACATTCTCAAACG-1",2
"CGAATGTAGAGGTTAT-1",1
"CGAATGTAGCGATAGC-1",2
"CGAATGTAGTTCGCAT-1",0
"CGAATGTCAATGCCAT-1",2
"CGAATGTGTCTAGTCA-1",1
"CGAATGTGTCTCACCT-1",2
"CGAATGTTCAACACAC-1",0
"CGAATGTTCATCACCC-1",4
"CGAATGTTCTGTACGA-1",0
"CGACCTTAGCTACCGC-1",1
"CGACCTTAGCTAGTCT-1",2
"CGACCTTCAAAGTGCG-1",4
"CGACCTTCACGAAATA-1",1
"CGACCTTGTAAGTGTA-1",2
"CGACCTTGTCAGAATA-1",2
"CGACCTTGTCTCCCTA-1",1
"CGACCTTGTCTCTTAT-1",1
"CGACCTTTCCGCGTTT-1",1
"CGACCTTTCGTTTATC-1",3
"CGACCTTTCTCCAGGG-1",3
"CGACTTCAGACACGAC-1",1
"CGACTTCAGGTAGCCA-1",0
"CGACTTCAGTCTTGCA-1",1
"CGACTTCCAATGGACG-1",1
"CGACTTCGTGGTGTAG-1",5
"CGACTTCGTTGAGTTC-1",2
"CGACTTCTCACTTACT-1",7
"CGACTTCTCTCGCTTG-1",9
"CGAGAAGAGAAACGCC-1",0
"CGAGAAGAGCCAACAG-1",3
"CGAGAAGAGCGTGTCC-1",3
"CGAGAAGCAAGTTCTG-1",0
"CGAGAAGCACATCCGG-1",1
"CGAGAAGCAGGCTGAA-1",3
"CGAGAAGTCGGATGGA-1",4
"CGAGCACAGCCAGAAC-1",3
"CGAGCACCACATGTGT-1",1
"CGAGCACGTAGCGTCC-1",2
"CGAGCACGTAGCGTGA-1",2
"CGAGCACGTCAGATAA-1",3
"CGAGCACGTGCCTTGG-1",6
"CGAGCACTCCCGGATG-1",2
"CGAGCACTCCGCTGTT-1",2
"CGAGCACTCGGAAATA-1",3
"CGAGCACTCGTGACAT-1",3
"CGAGCCAAGCTAGCCC-1",2
"CGAGCCAGTATATCCG-1",3
"CGAGCCAGTCAAGCGA-1",0
"CGATCGGAGAGCCTAG-1",3
"CGATCGGAGTACGATA-1",0
"CGATCGGCAAACGCGA-1",3
"CGATCGGCAAGCGATG-1",4
"CGATCGGCAATACGCT-1",2
"CGATCGGCAGTTAACC-1",10
"CGATCGGCATACTCTT-1",0
"CGATCGGGTCGACTGC-1",6
"CGATCGGTCAACGGGA-1",0
"CGATCGGTCTAGCACA-1",3
"CGATGGCAGCCGTCGT-1",2
"CGATGGCAGTCCAGGA-1",1
"CGATGGCCACTTAACG-1",2
"CGATGGCCAGCGTAAG-1",3
"CGATGGCCATCATCCC-1",1
"CGATGGCTCCTAGAAC-1",2
"CGATGGCTCGCTAGCG-1",0
"CGATGGCTCTGACCTC-1",2
"CGATGTAAGGCAATTA-1",2
"CGATGTAAGTTTGCGT-1",0
"CGATGTACACAGGCCT-1",1
"CGATGTACAGGTCTCG-1",2
"CGATGTAGTCCAGTGC-1",2
"CGATGTAGTCTAGGTT-1",3
"CGATGTAGTGTGCCTG-1",2
"CGATGTAGTTTGCATG-1",2
"CGATTGAAGATGTGGC-1",0
"CGATTGACAGACGCAA-1",2
"CGATTGAGTATGGTTC-1",1
"CGATTGAGTTCAGACT-1",3
"CGATTGATCATGGTCA-1",1
"CGATTGATCTGCGGCA-1",1
"CGCCAAGAGAATGTTG-1",0
"CGCCAAGAGACCTTTG-1",0
"CGCCAAGAGATCGGGT-1",4
"CGCCAAGAGATCTGAA-1",3
"CGCCAAGAGCGTGTCC-1",2
"CGCCAAGGTCTAGGTT-1",0
"CGCCAAGTCAGGATCT-1",5
"CGCCAAGTCCACTCCA-1",0
"CGCCAAGTCTTGTTTG-1",0
"CGCGGTAAGCTAGCCC-1",7
"CGCGGTAAGGGTTCCC-1",1
"CGCGGTACAAACTGCT-1",0
"CGCGGTACAATGGAAT-1",3
"CGCGGTACAGCTGTTA-1",1
"CGCGGTAGTCAAGCGA-1",2
"CGCGGTAGTGAGGCTA-1",0
"CGCGGTAGTTTGCATG-1",0
"CGCGTTTAGTTATCGC-1",0
"CGCGTTTCAACAACCT-1",1
"CGCGTTTCAAGCGAGT-1",3
"CGCGTTTCAATGGACG-1",0
"CGCGTTTCACGGTGTC-1",0
"CGCGTTTGTGCTGTAT-1",6
"CGCGTTTGTGGACGAT-1",6
"CGCGTTTTCAAACCGT-1",0
"CGCGTTTTCAGCCTAA-1",2
"CGCGTTTTCCTATGTT-1",0
"CGCGTTTTCGTGGTCG-1",3
"CGCTATCAGAAACCGC-1",1
"CGCTATCAGTCATCCA-1",0
"CGCTATCCAAGCGAGT-1",2
"CGCTATCCAGTCGATT-1",0
"CGCTATCCATCGACGC-1",3
"CGCTATCCATTTCAGG-1",2
"CGCTATCGTACCGAGA-1",4
"CGCTATCGTTCGAATC-1",2
"CGCTATCGTTTCGCTC-1",1
"CGCTATCTCGTTACAG-1",0
"CGCTGGAAGGACATTA-1",4
"CGCTGGAAGGGCACTA-1",2
"CGCTGGAAGGTGATAT-1",1
"CGCTGGACAGACTCGC-1",1
"CGCTGGAGTGTAATGA-1",2
"CGCTGGAGTTCTGGTA-1",3
"CGCTGGATCCGAAGAG-1",1
"CGCTGGATCCGTTGCT-1",0
"CGCTGGATCGTAGGAG-1",4
"CGCTGGATCGTTACAG-1",5
"CGCTTCAAGAAGGGTA-1",3
"CGCTTCAAGGTCGGAT-1",1
"CGCTTCACACGGTGTC-1",4
"CGCTTCACAGACAAGC-1",2
"CGCTTCACATCACCCT-1",6
"CGCTTCAGTCGCGGTT-1",2
"CGCTTCATCTTAGAGC-1",8
"CGGACACAGCGATATA-1",2
"CGGACACAGCGATGAC-1",3
"CGGACACAGCTTCGCG-1",2
"CGGACACAGGTAAACT-1",0
"CGGACACAGTAGCCGA-1",1
"CGGACACCACAGGAGT-1",1
"CGGACACCATTCACTT-1",3
"CGGACACGTGAGCGAT-1",2
"CGGACACGTGCTCTTC-1",0
"CGGACACGTGTGACCC-1",0
"CGGACGTAGGTTACCT-1",2
"CGGACGTCATGGGACA-1",2
"CGGACGTGTGAAAGAG-1",1
"CGGACGTGTTGGTAAA-1",6
"CGGACGTTCATGTGGT-1",1
"CGGACGTTCTGTCCGT-1",2
"CGGACTGAGGAGCGAG-1",0
"CGGACTGAGGAGTCTG-1",2
"CGGACTGAGTGGTAGC-1",1
"CGGACTGCAACTTGAC-1",6
"CGGACTGCAATGACCT-1",4
"CGGACTGCACAACGTT-1",4
"CGGACTGCACGCCAGT-1",2
"CGGACTGCAGTATGCT-1",1
"CGGACTGGTAAAGGAG-1",2
"CGGACTGGTATAAACG-1",3
"CGGACTGGTGTAAGTA-1",3
"CGGACTGGTGTGGTTT-1",3
"CGGACTGGTTGACGTT-1",0
"CGGACTGTCATTGCCC-1",0
"CGGACTGTCCATGCTC-1",3
"CGGACTGTCCGTCAAA-1",4
"CGGACTGTCGTTTGCC-1",2
"CGGACTGTCTTCATGT-1",2
"CGGAGCTAGTTTAGGA-1",2
"CGGAGCTCATTGAGCT-1",0
"CGGAGCTGTAGAAAGG-1",2
"CGGAGCTTCACTTATC-1",2
"CGGAGCTTCATGTAGC-1",0
"CGGAGCTTCCACGAAT-1",1
"CGGAGTCAGTGCGATG-1",4
"CGGAGTCAGTGTGAAT-1",1
"CGGAGTCCAGTGGGAT-1",2
"CGGAGTCCATTATCTC-1",5
"CGGAGTCGTAGCTGCC-1",1
"CGGAGTCGTCCAGTGC-1",1
"CGGAGTCGTGTTCGAT-1",0
"CGGAGTCTCCCAGGTG-1",4
"CGGAGTCTCCGTAGTA-1",2
"CGGCTAGAGAAACGCC-1",3
"CGGCTAGAGCACCGTC-1",0
"CGGCTAGAGCTAAACA-1",1
"CGGCTAGCAGACAAAT-1",0
"CGGCTAGGTAACGCGA-1",1
"CGGCTAGGTTCATGGT-1",4
"CGGCTAGTCAAAGACA-1",0
"CGGCTAGTCGTGGGAA-1",2
"CGGCTAGTCTTGTTTG-1",1
"CGGGTCAAGAGTCGGT-1",6
"CGGGTCAAGCACACAG-1",0
"CGGGTCAAGCTAACTC-1",0
"CGGGTCAAGGACACCA-1",0
"CGGGTCAAGTATGACA-1",4
"CGGGTCACAATGACCT-1",1
"CGGGTCACACCGAAAG-1",1
"CGGGTCACAGCCACCA-1",0
"CGGGTCACATACAGCT-1",2
"CGGGTCACATCCTTGC-1",1
"CGGGTCAGTAGCGCTC-1",3
"CGGGTCAGTCGATTGT-1",0
"CGGGTCAGTGCAACTT-1",1
"CGGGTCAGTTGTTTGG-1",4
"CGGGTCATCAACACCA-1",4
"CGGGTCATCACCTTAT-1",3
"CGGGTCATCCACGACG-1",3
"CGGTTAACAGGACCCT-1",1
"CGGTTAACATGTCCTC-1",1
"CGGTTAACATTCCTGC-1",2
"CGGTTAAGTCGACTGC-1",5
"CGGTTAATCCGGCACA-1",3
"CGGTTAATCCTTTCGG-1",0
"CGGTTAATCTTATCTG-1",6
"CGTAGCGAGATGTAAC-1",4
"CGTAGCGAGGCAATTA-1",0
"CGTAGCGAGTAGGTGC-1",1
"CGTAGCGCAAGCGCTC-1",0
"CGTAGCGTCCAACCAA-1",2
"CGTAGCGTCGGCGGTT-1",2
"CGTAGGCAGGGCTCTC-1",3
"CGTAGGCCAAGCGATG-1",5
"CGTAGGCCACTAAGTC-1",3
"CGTAGGCCAGAGTGTG-1",0
"CGTAGGCCATCCCATC-1",3
"CGTAGGCGTATTAGCC-1",0
"CGTAGGCGTCAATACC-1",1
"CGTAGGCGTGGCGAAT-1",2
"CGTAGGCTCCAGAAGG-1",2
"CGTCACTAGTCATGCT-1",0
"CGTCACTCAAAGCGGT-1",0
"CGTCACTCAGGTCCAC-1",3
"CGTCACTCAGTCACTA-1",8
"CGTCACTTCCTTGACC-1",3
"CGTCACTTCGGTGTTA-1",0
"CGTCACTTCTGTGCAA-1",1
"CGTCACTTCTTGAGAC-1",2
"CGTCAGGAGCTGTTCA-1",2
"CGTCAGGCAAAGCAAT-1",3
"CGTCAGGCAAAGCGGT-1",2
"CGTCAGGCAACACGCC-1",1
"CGTCAGGCATCCGCGA-1",1
"CGTCAGGGTCAGCTAT-1",1
"CGTCAGGGTCGTTGTA-1",3
"CGTCAGGGTGTAAGTA-1",0
"CGTCAGGTCCACTGGG-1",2
"CGTCAGGTCGACAGCC-1",4
"CGTCAGGTCGGGAGTA-1",3
"CGTCCATAGACCACGA-1",3
"CGTCCATAGCGATTCT-1",2
"CGTCCATAGGCTATCT-1",4
"CGTCCATAGTCTCAAC-1",0
"CGTCCATCACGACTCG-1",2
"CGTCCATCATTCACTT-1",3
"CGTCCATGTCTAGCGC-1",2
"CGTCCATGTGATAAAC-1",8
"CGTCCATGTTTGGGCC-1",0
"CGTCCATGTTTGTGTG-1",0
"CGTCCATTCAACACCA-1",4
"CGTCCATTCATTCACT-1",5
"CGTCTACAGTGCGTGA-1",5
"CGTCTACGTAGTAGTA-1",0
"CGTCTACTCGAGCCCA-1",0
"CGTCTACTCGCCATAA-1",1
"CGTCTACTCGGCCGAT-1",6
"CGTCTACTCGTCCAGG-1",0
"CGTCTACTCTATCGCC-1",0
"CGTGAGCAGATCTGAA-1",10
"CGTGAGCAGCAATCTC-1",1
"CGTGAGCAGCGGATCA-1",3
"CGTGAGCAGCTAGTGG-1",2
"CGTGAGCAGCTTCGCG-1",0
"CGTGAGCAGGGCACTA-1",2
"CGTGAGCAGGGTGTGT-1",1
"CGTGAGCAGTGGAGAA-1",2
"CGTGAGCCAAGCCGCT-1",4
"CGTGAGCCACGTAAGG-1",1
"CGTGAGCCATACGCCG-1",1
"CGTGAGCGTAGATTAG-1",1
"CGTGAGCGTCTCTTAT-1",2
"CGTGAGCTCACAAACC-1",2
"CGTGAGCTCCAAATGC-1",2
"CGTGAGCTCCGAGCCA-1",5
"CGTGAGCTCGTTGCCT-1",1
"CGTGAGCTCTGGGCCA-1",4
"CGTGTAAAGATAGTCA-1",2
"CGTGTAAAGGTGTTAA-1",1
"CGTGTAAAGTACATGA-1",0
"CGTGTAACATGGGACA-1",0
"CGTGTAAGTCCGCTGA-1",0
"CGTGTAAGTGTCTGAT-1",2
"CGTGTAATCTACTATC-1",0
"CGTGTAATCTCGATGA-1",2
"CGTGTAATCTTTAGTC-1",0
"CGTGTCTAGGCGCTCT-1",0
"CGTGTCTAGGGATGGG-1",2
"CGTGTCTCAGACAAAT-1",5
"CGTGTCTCAGACACTT-1",0
"CGTGTCTGTAAGAGGA-1",0
"CGTGTCTGTATATGAG-1",1
"CGTGTCTGTCAAAGCG-1",3
"CGTGTCTGTTCCGTCT-1",1
"CGTGTCTTCAATCACG-1",2
"CGTGTCTTCAGAGGTG-1",2
"CGTGTCTTCATAGCAC-1",0
"CGTGTCTTCCGAACGC-1",1
"CGTGTCTTCGGCATCG-1",0
"CGTGTCTTCGTGGACC-1",1
"CGTGTCTTCTACTTAC-1",1
"CGTGTCTTCTGAGTGT-1",6
"CGTTAGAAGATCTGAA-1",2
"CGTTAGAAGGCCCTTG-1",5
"CGTTAGACACGAAAGC-1",2
"CGTTAGACAGCTTCGG-1",1
"CGTTAGAGTTTAAGCC-1",2
"CGTTAGATCACTTATC-1",1
"CGTTAGATCAGCCTAA-1",7
"CGTTCTGAGAAGGGTA-1",2
"CGTTCTGAGACTAGGC-1",2
"CGTTCTGAGTGAACAT-1",0
"CGTTCTGCAGCTCGCA-1",9
"CGTTCTGCATTGGCGC-1",0
"CGTTCTGGTGAGGGTT-1",6
"CGTTCTGTCTGATTCT-1",3
"CGTTGGGAGCTAGTTC-1",3
"CGTTGGGAGGATGCGT-1",2
"CGTTGGGCACATTAGC-1",1
"CGTTGGGCAGACAGGT-1",1
"CGTTGGGGTTCCCGAG-1",1
"CGTTGGGTCATGCTCC-1",2
"CGTTGGGTCCATGAAC-1",5
"CGTTGGGTCTACCAGA-1",1
"CTAACTTAGTCCTCCT-1",2
"CTAACTTCAATAGCAA-1",3
"CTAACTTCAATCGGTT-1",8
"CTAACTTGTGAGGCTA-1",0
"CTAACTTTCGTACGGC-1",2
"CTAACTTTCTGGCGTG-1",2
"CTAAGACAGGGAAACA-1",0
"CTAAGACAGTACATGA-1",3
"CTAAGACAGTTCGCGC-1",1
"CTAAGACCAAGTAATG-1",2
"CTAAGACCAGTAAGAT-1",1
"CTAAGACCATGCAATC-1",2
"CTAAGACGTAAGGATT-1",0
"CTAAGACGTATCAGTC-1",3
"CTAAGACGTCACCTAA-1",3
"CTAAGACTCGTTGCCT-1",1
"CTAAGACTCTTACCGC-1",2
"CTAAGACTCTTGAGGT-1",2
"CTAATGGAGCAATCTC-1",0
"CTAATGGAGCGCTCCA-1",3
"CTAATGGAGCTCCCAG-1",5
"CTAATGGAGCTGAAAT-1",6
"CTAATGGAGTTAGGTA-1",2
"CTAATGGCATGGAATA-1",7
"CTAATGGGTACCGCTG-1",1
"CTAATGGGTCTAGCGC-1",0
"CTAATGGGTGAGGGAG-1",1
"CTAATGGGTTGGTGGA-1",0
"CTAATGGTCATGCTCC-1",0
"CTAATGGTCCACTGGG-1",3
"CTAATGGTCCGTTGCT-1",0
"CTAATGGTCCTAGAAC-1",1
"CTACACCAGTGCGATG-1",4
"CTACACCCACGGACAA-1",2
"CTACACCGTAATAGCA-1",3
"CTACACCGTCTGATTG-1",4
"CTACACCGTTCGTCTC-1",3
"CTACACCTCAGAAATG-1",3
"CTACACCTCGGCTTGG-1",2
"CTACACCTCGGTCCGA-1",1
"CTACACCTCTCGCATC-1",3
"CTACACCTCTCTGCTG-1",5
"CTACATTAGATCACGG-1",0
"CTACATTCACTCGACG-1",0
"CTACATTCATTTCACT-1",6
"CTACATTGTGATGATA-1",2
"CTACATTGTTCGAATC-1",1
"CTACATTTCAACGCTA-1",3
"CTACATTTCGCCATAA-1",1
"CTACATTTCTAGCACA-1",3
"CTACCCACACAGAGGT-1",1
"CTACCCACACGACGAA-1",3
"CTACCCACATGGTTGT-1",2
"CTACCCAGTATCTGCA-1",10
"CTACCCAGTATGAATG-1",3
"CTACCCAGTCAGAAGC-1",2
"CTACCCAGTGTGACCC-1",5
"CTACCCAGTTATGTGC-1",3
"CTACCCATCTACGAGT-1",0
"CTACGTCAGGTGCAAC-1",4
"CTACGTCAGTGCGATG-1",5
"CTACGTCAGTTGTCGT-1",4
"CTACGTCCATATACCG-1",2
"CTACGTCGTATATGGA-1",2
"CTACGTCGTGTGGTTT-1",0
"CTACGTCTCAAAGTAG-1",1
"CTACGTCTCACGACTA-1",1
"CTACGTCTCACGGTTA-1",2
"CTACGTCTCCTAGAAC-1",2
"CTAGAGTAGCTGTCTA-1",4
"CTAGAGTAGGATCGCA-1",2
"CTAGAGTAGTCCATAC-1",1
"CTAGAGTCACATTAGC-1",1
"CTAGAGTCAGTATGCT-1",2
"CTAGAGTCATACTCTT-1",3
"CTAGAGTCATGTAAGA-1",0
"CTAGAGTGTGACCAAG-1",1
"CTAGAGTTCAACACCA-1",4
"CTAGAGTTCCGTCAAA-1",2
"CTAGAGTTCCTAAGTG-1",0
"CTAGAGTTCGCCAGCA-1",0
"CTAGAGTTCGCTTAGA-1",6
"CTAGAGTTCGTGACAT-1",2
"CTAGAGTTCTGATTCT-1",0
"CTAGCCTCACCAGATT-1",2
"CTAGCCTGTATATCCG-1",3
"CTAGCCTGTGATGCCC-1",1
"CTAGCCTTCGGGAGTA-1",6
"CTAGTGAAGCTGGAAC-1",0
"CTAGTGAAGTGTACCT-1",4
"CTAGTGACAAGTCTAC-1",0
"CTAGTGACAGGATCGA-1",8
"CTAGTGAGTTATGCGT-1",4
"CTAGTGATCAGTTGAC-1",6
"CTAGTGATCCAGTAGT-1",0
"CTCACACAGCTAAGAT-1",4
"CTCACACAGCTGCCCA-1",1
"CTCACACAGGATGCGT-1",3
"CTCACACCACGTAAGG-1",2
"CTCACACCACTGTTAG-1",2
"CTCACACCATATACGC-1",3
"CTCACACGTGCTGTAT-1",2
"CTCACACGTTCCATGA-1",1
"CTCACACGTTTGGGCC-1",1
"CTCACACTCACCGGGT-1",3
"CTCACACTCATCGGAT-1",1
"CTCACACTCCGCGCAA-1",3
"CTCACACTCTAACCGA-1",0
"CTCAGAAAGAGCTGCA-1",0
"CTCAGAAAGGAGTAGA-1",1
"CTCAGAACAACGCACC-1",3
"CTCAGAACAAGCGATG-1",2
"CTCAGAACAGGGCATA-1",3
"CTCAGAAGTGACGGTA-1",0
"CTCAGAATCTTAACCT-1",4
"CTCATTAAGAACTGTA-1",2
"CTCATTACATGGTCAT-1",2
"CTCATTAGTGTAACGG-1",1
"CTCATTAGTTTACTCT-1",6
"CTCCTAGCAAGTACCT-1",2
"CTCCTAGCAATTCCTT-1",6
"CTCCTAGCACTGTCGG-1",0
"CTCCTAGCAGTCCTTC-1",1
"CTCCTAGCATAACCTG-1",1
"CTCCTAGCATGCGCAC-1",1
"CTCCTAGGTAGAAAGG-1",3
"CTCCTAGGTCCGAGTC-1",3
"CTCCTAGGTCTAGCCG-1",1
"CTCCTAGGTGTTTGTG-1",2
"CTCCTAGGTTCGTGAT-1",1
"CTCCTAGGTTGTTTGG-1",2
"CTCCTAGTCACTTACT-1",1
"CTCCTAGTCTCATTCA-1",0
"CTCGAAAAGCCCAACC-1",0
"CTCGAAAAGCTATGCT-1",7
"CTCGAAAAGGCCCTTG-1",7
"CTCGAAAAGGGCTTCC-1",1
"CTCGAAACAAGCCGTC-1",0
"CTCGAAACACATTAGC-1",5
"CTCGAAACACCGAAAG-1",4
"CTCGAAACACGGCTAC-1",2
"CTCGAAACAGTAAGAT-1",2
"CTCGAAACATACGCCG-1",0
"CTCGAGGAGCCATCGC-1",4
"CTCGAGGAGGGCTTCC-1",1
"CTCGAGGCAGATAATG-1",11
"CTCGAGGGTATTCTCT-1",6
"CTCGAGGGTGCCTGGT-1",1
"CTCGGAGAGTCCCACG-1",3
"CTCGGAGCACTTCTGC-1",1
"CTCGGAGCAGCTGCAC-1",3
"CTCGGAGCAGGATCGA-1",4
"CTCGGAGGTAGCCTAT-1",0
"CTCGGAGGTCATGCCG-1",4
"CTCGGAGTCAAACGGG-1",0
"CTCGGAGTCACATACG-1",4
"CTCGGAGTCAGCTTAG-1",2
"CTCGGGAAGACCTAGG-1",1
"CTCGGGACACAGCCCA-1",3
"CTCGGGACATAAAGGT-1",1
"CTCGGGACATCCCACT-1",4
"CTCGGGACATGTCGAT-1",2
"CTCGGGAGTCGCGTGT-1",2
"CTCGGGAGTGACTACT-1",6
"CTCGGGAGTTACGACT-1",0
"CTCGGGATCCGTACAA-1",0
"CTCGGGATCCTTGACC-1",1
"CTCGGGATCTTAGCCC-1",0
"CTCGGGATCTTGTTTG-1",0
"CTCGTACAGCGATAGC-1",1
"CTCGTACCAGCGTAAG-1",1
"CTCGTACCATAGTAAG-1",0
"CTCGTACGTAGAGTGC-1",4
"CTCGTACGTATCACCA-1",0
"CTCGTACGTGCAGTAG-1",0
"CTCGTACTCAAAGTAG-1",1
"CTCGTACTCAATCTCT-1",4
"CTCGTACTCGTTGCCT-1",1
"CTCGTACTCTGGTTCC-1",2
"CTCGTCAAGATGCCTT-1",5
"CTCGTCAAGTGGAGTC-1",5
"CTCGTCAAGTTTGCGT-1",3
"CTCGTCACAACGATCT-1",2
"CTCGTCACACATCCGG-1",1
"CTCGTCACAGTCGTGC-1",4
"CTCGTCAGTCTCATCC-1",0
"CTCGTCAGTCTCCATC-1",1
"CTCGTCAGTGAGCGAT-1",0
"CTCGTCAGTTGACGTT-1",2
"CTCGTCAGTTGGGACA-1",1
"CTCGTCATCACTTATC-1",3
"CTCGTCATCGACCAGC-1",2
"CTCGTCATCTGCTGTC-1",1
"CTCTAATCACCAGGTC-1",3
"CTCTAATCACGGTGTC-1",1
"CTCTAATCAGGAATCG-1",1
"CTCTAATGTCCAAGTT-1",2
"CTCTACGAGCTAAACA-1",0
"CTCTACGAGCTAGTGG-1",2
"CTCTACGAGTACGCCC-1",2
"CTCTACGAGTAGGCCA-1",2
"CTCTACGCAATAACGA-1",5
"CTCTACGCAGACGCTC-1",3
"CTCTACGCATGACATC-1",4
"CTCTACGTCATGTCTT-1",0
"CTCTACGTCCCTAATT-1",1
"CTCTACGTCGGCATCG-1",2
"CTCTACGTCGGTCTAA-1",5
"CTCTGGTAGCAGCGTA-1",6
"CTCTGGTAGCGTTCCG-1",3
"CTCTGGTAGGCATGGT-1",2
"CTCTGGTAGTGCCAGA-1",1
"CTCTGGTCACAAGCCC-1",2
"CTCTGGTCAGCCTTTC-1",5
"CTCTGGTTCATCTGTT-1",7
"CTCTGGTTCTTGTACT-1",0
"CTGAAACAGATCCCGC-1",2
"CTGAAACAGGTGCTAG-1",1
"CTGAAACAGTCCGTAT-1",3
"CTGAAACAGTGTCTCA-1",2
"CTGAAACGTCATCGGC-1",5
"CTGAAACGTTAAAGAC-1",4
"CTGAAACTCATACGGT-1",3
"CTGAAGTAGTGCGTGA-1",8
"CTGAAGTCAGCTGTAT-1",8
"CTGAAGTGTTAAAGTG-1",0
"CTGAAGTTCAAGCCTA-1",3
"CTGAAGTTCGGATGTT-1",2
"CTGATAGAGGGAGTAA-1",2
"CTGATAGAGTGCAAGC-1",5
"CTGATAGCAGCCTTTC-1",2
"CTGATAGCATCCCATC-1",2
"CTGATAGCATCTCCCA-1",0
"CTGATAGGTCAAAGCG-1",6
"CTGATAGGTCGCTTTC-1",2
"CTGATAGGTTACGACT-1",0
"CTGATAGTCGCGATCG-1",0
"CTGATAGTCTTATCTG-1",1
"CTGATCCAGGCATTGG-1",3
"CTGATCCAGGTGACCA-1",1
"CTGATCCCACAGAGGT-1",3
"CTGATCCCAGGCTGAA-1",2
"CTGATCCGTGCCTGGT-1",2
"CTGATCCGTTATCCGA-1",0
"CTGATCCGTTGTGGCC-1",3
"CTGCCTAAGGGTCTCC-1",7
"CTGCCTAAGGTGATAT-1",2
"CTGCCTAAGTACGCGA-1",4
"CTGCCTAAGTGCGTGA-1",1
"CTGCCTACATCCCACT-1",2
"CTGCCTATCAATAAGG-1",6
"CTGCGGAAGAAGGACA-1",1
"CTGCGGAAGAGCTGGT-1",1
"CTGCGGAAGATGAGAG-1",5
"CTGCGGACAGGTCGTC-1",1
"CTGCGGACATGTCTCC-1",0
"CTGCGGAGTCACTTCC-1",0
"CTGCGGAGTCGTGGCT-1",4
"CTGCGGAGTTCTGTTT-1",0
"CTGCGGAGTTGGACCC-1",1
"CTGCGGATCGCCTGTT-1",2
"CTGCGGATCTTACCGC-1",1
"CTGCTGTAGGGTGTTG-1",0
"CTGCTGTAGTACCGGA-1",2
"CTGCTGTAGTGGAGAA-1",0
"CTGCTGTCACATCTTT-1",2
"CTGCTGTGTTAAAGAC-1",1
"CTGCTGTTCTCCAACC-1",2
"CTGCTGTTCTTACCGC-1",1
"CTGGTCTAGCGTTGCC-1",10
"CTGGTCTAGGACAGCT-1",3
"CTGGTCTAGGGCTTGA-1",5
"CTGGTCTAGTCGAGTG-1",4
"CTGGTCTCAAAGGAAG-1",1
"CTGGTCTCACCAGTTA-1",1
"CTGGTCTGTACCTACA-1",6
"CTGGTCTGTACGCTGC-1",5
"CTGGTCTGTCCGCTGA-1",0
"CTGGTCTGTCCGTTAA-1",1
"CTGGTCTGTTCATGGT-1",1
"CTGGTCTGTTCGTGAT-1",4
"CTGGTCTTCAACGGGA-1",2
"CTGGTCTTCACTTACT-1",7
"CTGGTCTTCTTACCTA-1",0
"CTGTGCTGTATATCCG-1",1
"CTGTGCTGTCATCCCT-1",2
"CTGTGCTGTCCCTACT-1",2
"CTGTGCTGTCGGCACT-1",1
"CTGTGCTTCCATTCTA-1",0
"CTGTGCTTCCGTACAA-1",2
"CTGTTTAAGAAACCGC-1",1
"CTGTTTAAGATCGATA-1",2
"CTGTTTAAGGAGTTGC-1",1
"CTGTTTAGTCAAAGCG-1",1
"CTGTTTATCAGCCTAA-1",1
"CTGTTTATCATTTGGG-1",4
"CTGTTTATCTCCAGGG-1",1
"CTGTTTATCTCTTGAT-1",8
"CTGTTTATCTTCTGGC-1",1
"CTTAACTAGCCAGTAG-1",3
"CTTAACTAGGCTCTTA-1",2
"CTTAACTAGGTGCACA-1",5
"CTTAACTAGTCTCGGC-1",0
"CTTACCGAGCGCTTAT-1",5
"CTTACCGAGGCTACGA-1",3
"CTTACCGCAGATCTGT-1",5
"CTTACCGCAGTCAGAG-1",1
"CTTACCGGTCCTGCTT-1",1
"CTTACCGGTCGCCATG-1",0
"CTTACCGGTCTACCTC-1",2
"CTTACCGTCGGACAAG-1",0
"CTTAGGAAGCCCAACC-1",3
"CTTAGGACACGACGAA-1",2
"CTTAGGAGTTATGTGC-1",2
"CTTAGGATCCCATTTA-1",3
"CTTAGGATCTTTACAC-1",1
"CTTCTCTAGAACTCGG-1",3
"CTTCTCTAGAGTGAGA-1",0
"CTTCTCTAGCAGGCTA-1",3
"CTTCTCTAGTTAACGA-1",4
"CTTCTCTCAAAGGTGC-1",2
"CTTCTCTGTAACGACG-1",4
"CTTCTCTGTGCATCTA-1",2
"CTTCTCTTCGAGCCCA-1",4
"CTTGGCTAGCGATATA-1",1
"CTTGGCTAGTACGTTC-1",1
"CTTGGCTCATTACCTT-1",1
"CTTGGCTGTCTCCATC-1",3
"CTTGGCTTCCCTAATT-1",4
"CTTGGCTTCGCGTAGC-1",2
"CTTGGCTTCTCGTTTA-1",5
"CTTTGCGAGCAAATCA-1",2
"CTTTGCGAGCGTTCCG-1",6
"CTTTGCGAGTATCTCG-1",1
"CTTTGCGCAATTCCTT-1",2
"CTTTGCGCACTTAAGC-1",1
"CTTTGCGCAGACGCAA-1",0
"CTTTGCGGTAGAGGAA-1",1
"CTTTGCGTCCAGGGCT-1",1
"GAAACTCAGAGACGAA-1",2
"GAAACTCAGAGGTTAT-1",2
"GAAACTCAGCAGCCTC-1",2
"GAAACTCAGCCCAGCT-1",2
"GAAACTCAGCTAAACA-1",3
"GAAACTCAGTGCTGCC-1",3
"GAAACTCCAAGCCCAC-1",1
"GAAACTCCACATGACT-1",3
"GAAACTCCAGACACTT-1",0
"GAAACTCCATGGATGG-1",1
"GAAACTCGTACTCGCG-1",1
"GAAACTCGTAGCGATG-1",4
"GAAACTCGTGTGAAAT-1",0
"GAAACTCGTTTGTGTG-1",2
"GAAATGAAGACTAGGC-1",1
"GAAATGAAGCCAGTTT-1",2
"GAAATGAAGCTAGTCT-1",0
"GAAATGAAGTACGTAA-1",2
"GAAATGATCATGCTCC-1",1
"GAAATGATCCTCGCAT-1",1
"GAACATCAGATGGCGT-1",1
"GAACATCCAACAACCT-1",1
"GAACATCCACATCTTT-1",1
"GAACATCCACCTATCC-1",1
"GAACATCCACGGACAA-1",2
"GAACATCCATGCTAGT-1",2
"GAACATCGTACGACCC-1",2
"GAACATCGTGGACGAT-1",4
"GAACATCGTTCCCGAG-1",1
"GAACATCTCCAAGTAC-1",0
"GAACATCTCGATCCCT-1",2
"GAACATCTCTCCAACC-1",4
"GAACCTAAGAACTGTA-1",4
"GAACCTAAGAGCAATT-1",5
"GAACCTAAGCCAGTAG-1",1
"GAACCTACAAGGACAC-1",0
"GAACCTACAGACACTT-1",0
"GAACCTAGTACCAGTT-1",3
"GAACCTAGTGTCAATC-1",0
"GAACCTATCACGATGT-1",0
"GAACGGAAGACGCAAC-1",1
"GAACGGAAGTAATCCC-1",6
"GAACGGAAGTCAATAG-1",0
"GAACGGAAGTGGACGT-1",1
"GAACGGACACAGCGTC-1",1
"GAACGGACACCTCGTT-1",9
"GAACGGACACTTAACG-1",0
"GAACGGAGTAGCGTAG-1",0
"GAACGGAGTCAGAGGT-1",0
"GAACGGAGTGGCGAAT-1",1
"GAACGGATCACTCCTG-1",1
"GAACGGATCCACGAAT-1",4
"GAACGGATCGTAGGAG-1",4
"GAACGGATCTGTCAAG-1",0
"GAAGCAGAGACTAAGT-1",7
"GAAGCAGAGAGACGAA-1",1
"GAAGCAGAGCCACGCT-1",2
"GAAGCAGAGTTCGCGC-1",1
"GAAGCAGCAATCCGAT-1",7
"GAAGCAGCACTCGACG-1",5
"GAAGCAGCAGATCTGT-1",1
"GAAGCAGCAGATGAGC-1",3
"GAAGCAGCATGAACCT-1",3
"GAAGCAGCATGGAATA-1",2
"GAAGCAGGTAACGCGA-1",3
"GAAGCAGGTCATACTG-1",2
"GAAGCAGTCCTAGTGA-1",6
"GAAGCAGTCTTATCTG-1",2
"GAATAAGCAAGGTGTG-1",3
"GAATAAGCAGACAAGC-1",2
"GAATAAGCATGCAACT-1",4
"GAATAAGGTCCGTTAA-1",1
"GAATAAGGTGAGTGAC-1",2
"GAATAAGGTTCCCTTG-1",0
"GAATAAGTCGTTTAGG-1",2
"GAATGAAAGAGTCTGG-1",4
"GAATGAAAGCTTATCG-1",3
"GAATGAAAGGCATGTG-1",0
"GAATGAACAAACGCGA-1",1
"GAATGAACAGTGAGTG-1",2
"GAATGAACATCATCCC-1",0
"GAATGAAGTCAACATC-1",5
"GAATGAAGTCTCACCT-1",9
"GAATGAAGTGGCAAAC-1",2
"GAATGAAGTTGCGTTA-1",2
"GAATGAATCAGTTAGC-1",4
"GAATGAATCCTGCCAT-1",8
"GACACGCAGACGCACA-1",4
"GACACGCAGAGTAATC-1",1
"GACACGCAGCCAACAG-1",2
"GACACGCAGGAGTTTA-1",8
"GACACGCAGGGCATGT-1",1
"GACACGCAGGTGCACA-1",1
"GACACGCAGTCCAGGA-1",2
"GACACGCAGTGGGATC-1",2
"GACACGCAGTGGGTTG-1",1
"GACACGCCAAGCGTAG-1",4
"GACACGCCAAGGACAC-1",2
"GACACGCCAGACGCTC-1",1
"GACACGCCATCCTTGC-1",8
"GACACGCGTTCACGGC-1",3
"GACACGCTCATGTAGC-1",0
"GACAGAGAGTACGATA-1",4
"GACAGAGCAACGATCT-1",5
"GACAGAGCAAGTCTAC-1",0
"GACAGAGCAGCTCCGA-1",0
"GACAGAGCAGCTGGCT-1",3
"GACAGAGGTAGAAAGG-1",3
"GACAGAGTCAAACAAG-1",3
"GACAGAGTCAGAGACG-1",2
"GACAGAGTCCTTCAAT-1",2
"GACAGAGTCCTTGCCA-1",0
"GACAGAGTCTTCATGT-1",1
"GACCAATAGAAGGGTA-1",1
"GACCAATAGCTACCGC-1",2
"GACCAATAGCTACCTA-1",2
"GACCAATCAGGTGCCT-1",6
"GACCAATCATGCGCAC-1",2
"GACCAATGTACAGTTC-1",2
"GACCAATGTCGCTTCT-1",1
"GACCAATTCCGATATG-1",2
"GACCAATTCGAATGGG-1",1
"GACCAATTCGTCACGG-1",0
"GACCTGGCATCACAAC-1",1
"GACCTGGCATGTCTCC-1",0
"GACCTGGCATTGGCGC-1",4
"GACCTGGGTAAAGGAG-1",1
"GACCTGGGTCCAGTTA-1",0
"GACCTGGGTGCAGTAG-1",1
"GACCTGGTCATAGCAC-1",0
"GACCTGGTCCTTGCCA-1",7
"GACCTGGTCGCATGAT-1",0
"GACCTGGTCGTCACGG-1",1
"GACGCGTAGTGGTAAT-1",5
"GACGCGTAGTTGTAGA-1",0
"GACGCGTGTAAAGGAG-1",8
"GACGCGTGTGTGAAAT-1",10
"GACGCGTGTTAAGACA-1",4
"GACGCGTTCAAACCGT-1",1
"GACGCGTTCCAAATGC-1",2
"GACGCGTTCCGCGGTA-1",1
"GACGCGTTCCTACAGA-1",5
"GACGCGTTCGACGGAA-1",4
"GACGCGTTCTCCGGTT-1",7
"GACGGCTAGAAGATTC-1",1
"GACGGCTAGAGCTGGT-1",3
"GACGGCTCAAGGTTTC-1",4
"GACGGCTCACCGCTAG-1",0
"GACGGCTCATGAACCT-1",0
"GACGGCTCATGCAACT-1",2
"GACGGCTGTGTGTGCC-1",3
"GACGGCTGTTATGTGC-1",0
"GACGGCTGTTTGGCGC-1",3
"GACGGCTTCTATCGCC-1",2
"GACGTGCAGGCAAAGA-1",4
"GACGTGCAGGGTGTGT-1",3
"GACGTGCAGGTGTTAA-1",3
"GACGTGCCAGGTCGTC-1",3
"GACGTGCGTAACGTTC-1",0
"GACGTGCTCACCTCGT-1",1
"GACGTTAAGCTACCGC-1",3
"GACGTTAAGGCAAAGA-1",4
"GACGTTAAGTCAAGCG-1",0
"GACGTTACAAGCCATT-1",2
"GACGTTACAAGGTTTC-1",1
"GACGTTACAGACACTT-1",4
"GACGTTAGTATCTGCA-1",0
"GACGTTAGTTTGACAC-1",1
"GACGTTAGTTTGACTG-1",3
"GACGTTATCACAGGCC-1",2
"GACGTTATCATTGCGA-1",0
"GACGTTATCCCGGATG-1",1
"GACGTTATCCGAAGAG-1",0
"GACGTTATCGCGTTTC-1",2
"GACGTTATCTGTCCGT-1",3
"GACTAACAGACAGAGA-1",4
"GACTAACAGTGGAGAA-1",3
"GACTAACCAAATCCGT-1",0
"GACTAACGTCTAGTCA-1",6
"GACTAACGTGCAACTT-1",0
"GACTAACGTTCAGACT-1",8
"GACTAACTCCGCGCAA-1",1
"GACTAACTCCTTTCTC-1",2
"GACTAACTCTTGCCGT-1",1
"GACTAACTCTTTACAC-1",0
"GACTACAAGATATGGT-1",1
"GACTACACAAATCCGT-1",2
"GACTACAGTGCTGTAT-1",3
"GACTACATCAGCCTAA-1",1
"GACTACATCAGGTAAA-1",1
"GACTACATCTGCAGTA-1",1
"GACTGCGAGCGTAGTG-1",0
"GACTGCGAGTTGTAGA-1",0
"GACTGCGCACTTAACG-1",3
"GACTGCGCATGTTCCC-1",0
"GACTGCGGTACGCACC-1",0
"GACTGCGGTTCTCATT-1",2
"GACTGCGTCAACACAC-1",2
"GACTGCGTCACGACTA-1",1
"GACTGCGTCGCCCTTA-1",0
"GACTGCGTCTCAAACG-1",2
"GAGCAGAGTAGGGTAC-1",2
"GAGCAGAGTCAGATAA-1",3
"GAGCAGAGTCATATGC-1",1
"GAGCAGAGTGAGCGAT-1",3
"GAGCAGAGTGTAACGG-1",2
"GAGCAGAGTGTGACCC-1",2
"GAGCAGAGTTCGGGCT-1",2
"GAGCAGAGTTTAAGCC-1",1
"GAGCAGAGTTTGCATG-1",5
"GAGGTGAAGCAACGGT-1",2
"GAGGTGAAGGCTCTTA-1",2
"GAGGTGAAGTGGTAGC-1",7
"GAGGTGAAGTTGTAGA-1",0
"GAGGTGACACTGTCGG-1",3
"GAGGTGACATCCTTGC-1",0
"GAGGTGACATGCATGT-1",4
"GAGGTGAGTACCTACA-1",0
"GAGGTGAGTCATTAGC-1",3
"GAGGTGAGTTCCTCCA-1",1
"GAGGTGATCATCGCTC-1",1
"GAGGTGATCTAGAGTC-1",2
"GAGGTGATCTCTAGGA-1",0
"GAGGTGATCTGCTGTC-1",3
"GAGGTGATCTGGGCCA-1",0
"GAGTCCGAGGACAGAA-1",1
"GAGTCCGAGGCATGTG-1",0
"GAGTCCGAGGCGTACA-1",0
"GAGTCCGCAAACCCAT-1",0
"GAGTCCGGTCAAGCGA-1",1
"GAGTCCGGTGACCAAG-1",0
"GAGTCCGGTGACTCAT-1",2
"GAGTCCGGTGTGACCC-1",0
"GAGTCCGGTTCGGGCT-1",8
"GAGTCCGGTTTGCATG-1",0
"GAGTCCGTCGGCGCAT-1",1
"GAGTCCGTCTGATTCT-1",1
"GATCAGTAGATGTCGG-1",2
"GATCAGTAGTGGTAGC-1",1
"GATCAGTGTATATGAG-1",6
"GATCAGTGTCTGCGGT-1",4
"GATCAGTGTTATGCGT-1",3
"GATCAGTGTTGTACAC-1",9
"GATCAGTTCCCGACTT-1",2
"GATCGATAGAATGTTG-1",3
"GATCGATAGAGCTGCA-1",2
"GATCGATAGCATGGCA-1",1
"GATCGATCAAGCGAGT-1",1
"GATCGATCAAGCGTAG-1",2
"GATCGATGTCAACATC-1",2
"GATCGATGTTGCCTCT-1",3
"GATCGATTCCGCATCT-1",5
"GATCGCGAGATAGTCA-1",9
"GATCGCGAGCCTTGAT-1",4
"GATCGCGAGGAGCGTT-1",2
"GATCGCGCAGGTCGTC-1",5
"GATCGCGGTACAGCAG-1",3
"GATCGCGGTGAGTATA-1",1
"GATCGCGGTTGTCGCG-1",0
"GATCGCGTCACTCCTG-1",5
"GATCGTAAGACATAAC-1",5
"GATCGTAAGCTCAACT-1",2
"GATCGTACATAACCTG-1",3
"GATCGTAGTGGCTCCA-1",1
"GATCGTATCATATCGG-1",1
"GATCGTATCATGTCCC-1",2
"GATCGTATCTTACCGC-1",2
"GATCTAGAGCGTCTAT-1",0
"GATCTAGAGTGGAGAA-1",2
"GATCTAGCAACACCTA-1",0
"GATCTAGCAAGGGTCA-1",6
"GATCTAGGTCTAAAGA-1",5
"GATCTAGGTCTCACCT-1",1
"GATCTAGGTCTCTTTA-1",0
"GATCTAGTCACATAGC-1",5
"GATCTAGTCTAAGCCA-1",2
"GATGAAAAGAGTAATC-1",2
"GATGAAAAGCTCCCAG-1",2
"GATGAAACACGGTAGA-1",1
"GATGAAACAGCTGTAT-1",4
"GATGAAAGTGGGTATG-1",6
"GATGAAATCACCCTCA-1",1
"GATGAAATCACTCCTG-1",2
"GATGAAATCAGCAACT-1",0
"GATGAAATCGAGAGCA-1",3
"GATGAGGAGATCCCGC-1",0
"GATGAGGAGTTCGATC-1",5
"GATGAGGCACCAGTTA-1",1
"GATGAGGGTATCACCA-1",0
"GATGAGGGTATTCGTG-1",2
"GATGAGGGTCGCGTGT-1",5
"GATGAGGGTGATGATA-1",2
"GATGAGGTCACAGGCC-1",2
"GATGAGGTCACATAGC-1",6
"GATGAGGTCCCTTGTG-1",3
"GATGAGGTCTGCTGTC-1",0
"GATGCTAAGACTAAGT-1",2
"GATGCTAAGGATGCGT-1",1
"GATGCTAAGGCTCTTA-1",0
"GATGCTAAGGGAACGG-1",1
"GATGCTAAGTATCTCG-1",3
"GATGCTAAGTCTCGGC-1",2
"GATGCTACATGTTGAC-1",0
"GATGCTACATTGCGGC-1",5
"GATGCTAGTCTCCATC-1",0
"GATGCTAGTGGAAAGA-1",0
"GATGCTAGTTAGGGTG-1",2
"GATGCTATCCTGTACC-1",5
"GATGCTATCGGCGCTA-1",1
"GATTCAGAGAAACCTA-1",1
"GATTCAGAGAGTGACC-1",2
"GATTCAGAGATTACCC-1",2
"GATTCAGAGGGTCGAT-1",0
"GATTCAGAGGTCGGAT-1",3
"GATTCAGAGTCAATAG-1",3
"GATTCAGCAAGTTGTC-1",6
"GATTCAGCAATTCCTT-1",4
"GATTCAGCAGGGTACA-1",0
"GATTCAGCATCGACGC-1",2
"GATTCAGCATTATCTC-1",2
"GATTCAGGTAAATACG-1",2
"GATTCAGTCAACTCTT-1",3
"GCAAACTAGATGTTAG-1",1
"GCAAACTAGTCATGCT-1",0
"GCAAACTAGTCTCAAC-1",1
"GCAAACTCACAGGTTT-1",0
"GCAAACTGTCAGATAA-1",1
"GCAAACTGTCTCCATC-1",0
"GCAAACTTCGTGGTCG-1",6
"GCAATCAAGGGATCTG-1",1
"GCAATCAAGTATCTCG-1",1
"GCAATCAAGTGGGTTG-1",2
"GCAATCACAGCTTAAC-1",1
"GCAATCACATGTCGAT-1",0
"GCAATCACATTCCTCG-1",1
"GCAATCAGTAGGAGTC-1",3
"GCAATCAGTATAATGG-1",3
"GCAATCAGTTCTCATT-1",3
"GCAATCAGTTCTGGTA-1",4
"GCACATAAGAGCTATA-1",5
"GCACATAAGATGTTAG-1",1
"GCACATAAGCCTTGAT-1",1
"GCACATAAGGAGTACC-1",2
"GCACATAAGTGAAGTT-1",3
"GCACATACACCACGTG-1",3
"GCACATACAGCTGTAT-1",0
"GCACATACAGGAACGT-1",1
"GCACATAGTCATCGGC-1",7
"GCACATAGTCCGAATT-1",3
"GCACATAGTCTCTTTA-1",1
"GCACATAGTGCGCTTG-1",4
"GCACATATCACCTCGT-1",2
"GCACATATCTGGTTCC-1",1
"GCACTCTCAAGACACG-1",8
"GCACTCTCAATCACAC-1",8
"GCACTCTCATTTCAGG-1",0
"GCACTCTGTAAACCTC-1",3
"GCACTCTGTACCAGTT-1",5
"GCACTCTGTAGAAAGG-1",2
"GCACTCTGTCGAACAG-1",1
"GCACTCTGTCTAGGTT-1",1
"GCACTCTTCAACTCTT-1",0
"GCACTCTTCCCTAATT-1",2
"GCACTCTTCTGCCCTA-1",1
"GCAGCCAAGCTGATAA-1",2
"GCAGCCACATGAGCGA-1",6
"GCAGCCAGTAATCGTC-1",3
"GCAGCCAGTGTCGCTG-1",1
"GCAGCCATCAGTTGAC-1",5
"GCAGCCATCCCAACGG-1",1
"GCAGCCATCCGTACAA-1",1
"GCAGTTAAGTCCATAC-1",3
"GCAGTTAAGTCCGTAT-1",2
"GCAGTTAAGTTAACGA-1",7
"GCAGTTAGTGGACGAT-1",1
"GCAGTTAGTTATTCTC-1",0
"GCAGTTATCGCGATCG-1",1
"GCATACAAGATCTGCT-1",3
"GCATACAAGCAACGGT-1",3
"GCATACACAACGCACC-1",1
"GCATACACAAGGACTG-1",5
"GCATACACAAGTCTGT-1",1
"GCATACACAGTCAGCC-1",6
"GCATACACATCCTAGA-1",1
"GCATACACATCGGAAG-1",1
"GCATACAGTCCGAACC-1",1
"GCATACAGTTCTGGTA-1",0
"GCATACATCCACGACG-1",3
"GCATGATAGAATGTTG-1",2
"GCATGATAGAGTAATC-1",4
"GCATGATAGCTGATAA-1",1
"GCATGATAGGACCACA-1",6
"GCATGATAGGCTAGCA-1",1
"GCATGATAGTCAAGCG-1",3
"GCATGATAGTGGAGAA-1",10
"GCATGATCACACCGAC-1",0
"GCATGATCACATTTCT-1",0
"GCATGATGTCCCTACT-1",1
"GCATGATGTTGCGCAC-1",9
"GCATGATTCGTGGACC-1",3
"GCATGCGAGCATGGCA-1",7
"GCATGCGAGTCCAGGA-1",0
"GCATGCGCACTGCCAG-1",0
"GCATGCGGTAAGGATT-1",1
"GCATGCGGTCCTCTTG-1",3
"GCATGCGGTGTGAAAT-1",5
"GCATGCGTCCGCGGTA-1",4
"GCATGTAAGAACTGTA-1",3
"GCATGTAAGACAGACC-1",0
"GCATGTAAGTACTTGC-1",3
"GCATGTAAGTGCAAGC-1",0
"GCATGTACAACACGCC-1",3
"GCATGTATCACGAAGG-1",0
"GCCAAATCAAACTGTC-1",8
"GCCAAATCAAGGGTCA-1",0
"GCCAAATCAAGTTCTG-1",2
"GCCAAATCAGCCACCA-1",0
"GCCAAATCATAACCTG-1",4
"GCCAAATGTATAAACG-1",6
"GCCAAATGTGTTTGGT-1",8
"GCCAAATGTTTCGCTC-1",0
"GCCAAATTCAGGTAAA-1",1
"GCCAAATTCCGAGCCA-1",2
"GCCAAATTCCGCGGTA-1",0
"GCCAAATTCGGCTACG-1",0
"GCCTCTAAGAGTACCG-1",2
"GCCTCTAAGCCATCGC-1",0
"GCCTCTAAGCCGCCTA-1",2
"GCCTCTAAGCGATAGC-1",0
"GCCTCTAAGCTGCAAG-1",7
"GCCTCTAAGCTTCGCG-1",3
"GCCTCTAAGTCACGCC-1",3
"GCCTCTACAAGACGTG-1",1
"GCCTCTACAGCTATTG-1",1
"GCCTCTAGTAAGGATT-1",1
"GCCTCTAGTGATGATA-1",1
"GCCTCTAGTTAAGGGC-1",1
"GCCTCTATCAGCGACC-1",1
"GCCTCTATCCGATATG-1",1
"GCCTCTATCGAATCCA-1",1
"GCCTCTATCGAGCCCA-1",1
"GCCTCTATCGCTGATA-1",1
"GCCTCTATCTTTAGGG-1",2
"GCGACCAAGAGGTTAT-1",2
"GCGACCACACTTACGA-1",0
"GCGACCAGTCAGGACA-1",0
"GCGACCAGTCTAGAGG-1",4
"GCGACCATCAACGGGA-1",4
"GCGACCATCCCGGATG-1",1
"GCGACCATCTACTCAT-1",6
"GCGAGAAAGGTTCCTA-1",5
"GCGAGAAAGTACGATA-1",3
"GCGAGAAAGTGTCTCA-1",1
"GCGAGAACAAGCCCAC-1",2
"GCGAGAACACTGAAGG-1",0
"GCGAGAAGTAGCGCTC-1",1
"GCGAGAAGTCCCTACT-1",4
"GCGAGAATCCTTTCGG-1",0
"GCGAGAATCGAGAGCA-1",6
"GCGAGAATCGCACTCT-1",3
"GCGCAACAGTCCTCCT-1",1
"GCGCAACAGTGTACGG-1",2
"GCGCAACCAAGTCTGT-1",4
"GCGCAACCAGCCACCA-1",1
"GCGCAACGTAGCGCTC-1",2
"GCGCAACGTCCCTTGT-1",3
"GCGCAACGTCCTAGCG-1",8
"GCGCAACGTCGACTAT-1",0
"GCGCAACGTCTAGAGG-1",1
"GCGCAACGTGCACGAA-1",3
"GCGCAACTCAATACCG-1",1
"GCGCAGTCACATCCAA-1",7
"GCGCAGTCATTACCTT-1",0
"GCGCAGTGTTAGGGTG-1",3
"GCGCAGTTCGATCCCT-1",3
"GCGCAGTTCGCGGATC-1",1
"GCGCCAAAGACATAAC-1",1
"GCGCCAAAGGACAGCT-1",1
"GCGCCAAAGGCCCTTG-1",0
"GCGCCAAAGGGCTTCC-1",3
"GCGCCAAAGGTACTCT-1",0
"GCGCCAACATAACCTG-1",2
"GCGCCAACATTGGGCC-1",5
"GCGCCAAGTACTTGAC-1",0
"GCGCCAAGTCGGCACT-1",0
"GCGCCAAGTGAAAGAG-1",1
"GCGCCAAGTTGTACAC-1",1
"GCGCCAATCCGTTGCT-1",2
"GCGCGATAGAAGGTTT-1",1
"GCGCGATAGCAGGTCA-1",2
"GCGCGATAGTGAATTG-1",2
"GCGCGATAGTTTGCGT-1",7
"GCGCGATCAGCTCGAC-1",3
"GCGCGATGTAAGTAGT-1",0
"GCGCGATGTATCACCA-1",1
"GCGCGATGTCACTTCC-1",2
"GCGCGATGTTACCAGT-1",4
"GCGCGATTCAGTTAGC-1",0
"GCGCGATTCGTTTAGG-1",2
"GCGGGTTAGAAACGAG-1",7
"GCGGGTTAGCTATGCT-1",0
"GCGGGTTAGTGTGAAT-1",7
"GCGGGTTCACGCGAAA-1",5
"GCGGGTTCAGGCAGTA-1",6
"GCGGGTTCAGTAACGG-1",3
"GCGGGTTGTGAGTATA-1",1
"GCGGGTTGTGGCGAAT-1",2
"GCGGGTTTCCAAAGTC-1",3
"GCGGGTTTCCTTTCTC-1",1
"GCGGGTTTCTCCAACC-1",1
"GCGGGTTTCTTGAGGT-1",1
"GCGGGTTTCTTGTATC-1",2
"GCTCCTACAAACTGTC-1",10
"GCTCCTACACCAGGTC-1",2
"GCTCCTACACCGATAT-1",2
"GCTCCTACAGGGTACA-1",1
"GCTCCTACATTAGCCA-1",3
"GCTCCTAGTCAGGACA-1",2
"GCTCCTAGTCCGTCAG-1",8
"GCTCCTATCAGCCTAA-1",4
"GCTCCTATCCCTAATT-1",1
"GCTCTGTAGAGGTAGA-1",2
"GCTCTGTAGCTGAACG-1",0
"GCTCTGTAGGAGTCTG-1",0
"GCTCTGTAGTGCTGCC-1",0
"GCTCTGTAGTGGACGT-1",0
"GCTCTGTTCACCTCGT-1",10
"GCTGCAGAGCGTGAGT-1",1
"GCTGCAGAGTCAAGCG-1",2
"GCTGCAGAGTCCCACG-1",0
"GCTGCAGCAATTGCTG-1",4
"GCTGCAGCATGCCCGA-1",4
"GCTGCAGCATGCCTAA-1",1
"GCTGCAGGTAAACCTC-1",0
"GCTGCAGGTACGAAAT-1",2
"GCTGCAGGTAGCGCAA-1",7
"GCTGCAGGTCACCCAG-1",3
"GCTGCAGGTCATGCCG-1",7
"GCTGCGAAGGAATGGA-1",2
"GCTGCGAGTCTAACGT-1",0
"GCTGCGAGTGTTTGGT-1",1
"GCTGCGATCTCCTATA-1",2
"GCTGCGATCTTGTTTG-1",3
"GCTGCTTAGAATTGTG-1",4
"GCTGCTTAGGCAATTA-1",3
"GCTGCTTCATCACGTA-1",1
"GCTGCTTCATCCAACA-1",5
"GCTGCTTCATGCCTAA-1",4
"GCTGCTTCATGGTCAT-1",0
"GCTGCTTGTAACGACG-1",0
"GCTGCTTGTAATCGTC-1",0
"GCTGCTTGTAGGGACT-1",2
"GCTGCTTGTGAAAGAG-1",3
"GCTGCTTTCCGGGTGT-1",2
"GCTGGGTAGACCCACC-1",2
"GCTGGGTAGCCACGCT-1",1
"GCTGGGTAGTCGCCGT-1",0
"GCTGGGTAGTCTCAAC-1",1
"GCTGGGTCACGGCTAC-1",0
"GCTGGGTCAGCCAATT-1",0
"GCTGGGTGTACAGTTC-1",0
"GCTGGGTGTACCGTTA-1",1
"GCTGGGTGTCGAGTTT-1",1
"GCTGGGTGTCTCCACT-1",0
"GCTGGGTGTGCCTGTG-1",0
"GCTGGGTTCAGCTTAG-1",0
"GCTGGGTTCCTTAATC-1",4
"GCTTCCAAGAAACCTA-1",0
"GCTTCCACACCACCAG-1",1
"GCTTCCACAGGTCGTC-1",0
"GCTTCCACAGTGAGTG-1",3
"GCTTCCAGTATAGGTA-1",3
"GCTTCCAGTTCAGCGC-1",0
"GCTTCCATCGTCCAGG-1",0
"GCTTGAAAGATGGCGT-1",1
"GCTTGAAAGCCGTCGT-1",1
"GCTTGAACAAACCTAC-1",3
"GCTTGAACACGGTGTC-1",1
"GCTTGAACATCGGAAG-1",2
"GCTTGAAGTGCGGTAA-1",3
"GCTTGAAGTTCTCATT-1",1
"GCTTGAATCAGGATCT-1",6
"GGAAAGCAGGCAGGTT-1",1
"GGAAAGCCAAACGCGA-1",0
"GGAAAGCCAAGTACCT-1",6
"GGAAAGCGTAAGCACG-1",3
"GGAAAGCGTCCTCCAT-1",0
"GGAAAGCGTCGCGTGT-1",0
"GGAAAGCGTGCTTCTC-1",8
"GGAAAGCTCCAGAGGA-1",5
"GGAACTTAGAGTAAGG-1",3
"GGAACTTCAATGTAAG-1",1
"GGAACTTCACAGGAGT-1",1
"GGAACTTCACCTCGTT-1",1
"GGAACTTGTCTCTTTA-1",8
"GGAACTTTCATTGCCC-1",1
"GGAACTTTCATTTGGG-1",0
"GGAACTTTCCGTCATC-1",0
"GGAACTTTCCTCAACC-1",1
"GGAACTTTCGGATGTT-1",1
"GGAATAAAGGTACTCT-1",1
"GGAATAAAGTGTCCAT-1",0
"GGAATAACAGCGTCCA-1",4
"GGAATAAGTCTGGTCG-1",2
"GGAATAAGTGCAGGTA-1",1
"GGAATAATCAGCACAT-1",1
"GGAATAATCTTTACGT-1",4
"GGACAAGAGGTACTCT-1",2
"GGACAAGCAACGATGG-1",1
"GGACAAGCAGTCGTGC-1",2
"GGACAAGCATGGGACA-1",8
"GGACAAGGTATAAACG-1",1
"GGACAAGGTATGAAAC-1",3
"GGACAAGGTCGGCATC-1",0
"GGACAAGGTTATGCGT-1",2
"GGACAAGTCTAACGGT-1",1
"GGACAGAAGCTAGTCT-1",3
"GGACAGAAGTACTTGC-1",2
"GGACAGACAACACGCC-1",3
"GGACAGACACAAGCCC-1",2
"GGACAGAGTAAGTGGC-1",1
"GGACAGAGTCTTTCAT-1",1
"GGACAGAGTGAGGGAG-1",12
"GGACAGAGTTCCACAA-1",2
"GGACAGATCAACGCTA-1",2
"GGACATTAGAGGGCTT-1",0
"GGACATTAGCCACGTC-1",0
"GGACATTCAAACGCGA-1",1
"GGACATTCAATGACCT-1",1
"GGACATTCACCAGCAC-1",0
"GGACATTGTTCTGGTA-1",4
"GGACATTTCCTCTAGC-1",1
"GGACGTCAGTACTTGC-1",3
"GGACGTCAGTGGTAAT-1",1
"GGACGTCCACAGTCGC-1",0
"GGACGTCGTGAGGGAG-1",1
"GGACGTCGTGGCGAAT-1",5
"GGACGTCGTTACGGAG-1",1
"GGACGTCGTTTAAGCC-1",1
"GGACGTCTCCACTCCA-1",1
"GGACGTCTCGCAAACT-1",2
"GGACGTCTCTCCAGGG-1",2
"GGACGTCTCTCGAGTA-1",0
"GGACGTCTCTGGTGTA-1",0
"GGACGTCTCTTCGAGA-1",3
"GGAGCAAAGAACTCGG-1",3
"GGAGCAAAGACTGTAA-1",7
"GGAGCAAAGCCGCCTA-1",0
"GGAGCAAAGCTAAACA-1",1
"GGAGCAAAGTACGCCC-1",0
"GGAGCAACAAGCTGTT-1",1
"GGAGCAACAATGGACG-1",0
"GGAGCAACAATTCCTT-1",3
"GGAGCAACATGCTGGC-1",2
"GGAGCAAGTGAGTATA-1",5
"GGAGCAAGTTACTGAC-1",3
"GGAGCAATCAAGATCC-1",0
"GGAGCAATCCCATTTA-1",5
"GGATGTTCAAACTGTC-1",2
"GGATGTTTCATCACCC-1",0
"GGATGTTTCATGCATG-1",2
"GGATGTTTCCTACAGA-1",1
"GGATGTTTCCTCTAGC-1",4
"GGATTACAGATCCCAT-1",1
"GGATTACAGCTTCGCG-1",3
"GGATTACAGGCTAGCA-1",2
"GGATTACAGTATCTCG-1",0
"GGATTACCAAGCGTAG-1",3
"GGATTACCACATCCGG-1",0
"GGATTACCAGCGTAAG-1",0
"GGATTACGTAATAGCA-1",0
"GGATTACGTACACCGC-1",0
"GGATTACGTCTCTTTA-1",0
"GGATTACGTTGAGGTG-1",2
"GGATTACTCGCGCCAA-1",2
"GGATTACTCGGCGCAT-1",2
"GGATTACTCTGCCCTA-1",2
"GGCAATTCAATCGGTT-1",3
"GGCAATTCACGGCGTT-1",3
"GGCAATTCATCACCCT-1",1
"GGCAATTGTCGATTGT-1",1
"GGCAATTTCACTTACT-1",2
"GGCAATTTCAGCACAT-1",2
"GGCAATTTCTCCGGTT-1",2
"GGCCGATAGTGTCTCA-1",3
"GGCCGATCACGGACAA-1",1
"GGCCGATGTAGGACAC-1",1
"GGCCGATGTCACTGGC-1",2
"GGCCGATGTCCCTACT-1",4
"GGCCGATTCACCGTAA-1",0
"GGCCGATTCCGCGCAA-1",2
"GGCGACTAGAGCTGGT-1",0
"GGCGACTAGGACCACA-1",0
"GGCGACTAGGTTACCT-1",3
"GGCGACTCAAAGCGGT-1",2
"GGCGACTCAAGAGTCG-1",2
"GGCGACTCACCAGGTC-1",1
"GGCGACTCATTGTGCA-1",0
"GGCGACTTCAGAAATG-1",7
"GGCGACTTCAGAGACG-1",0
"GGCGACTTCCAGATCA-1",4
"GGCGACTTCTCTAGGA-1",0
"GGCGTGTAGCTAGCCC-1",1
"GGCGTGTAGGGTATCG-1",1
"GGCGTGTCAGGTCCAC-1",1
"GGCGTGTCAGTATAAG-1",0
"GGCGTGTCATCGTCGG-1",2
"GGCGTGTCATGGAATA-1",1
"GGCGTGTGTCTCCCTA-1",0
"GGCGTGTTCTTGAGGT-1",2
"GGCTCGAAGCCGTCGT-1",3
"GGCTCGAAGGTAAACT-1",7
"GGCTCGACAAGAAGAG-1",3
"GGCTCGACAATAGCAA-1",3
"GGCTCGACATGGTCAT-1",5
"GGCTCGAGTATATCCG-1",1
"GGCTCGAGTTACGTCA-1",0
"GGCTCGAGTTAGGGTG-1",5
"GGCTCGATCTGCAAGT-1",2
"GGCTGGTAGAAGAAGC-1",0
"GGCTGGTAGACCCACC-1",2
"GGCTGGTCAAGGACAC-1",4
"GGCTGGTCACTGCCAG-1",0
"GGCTGGTCATTTCAGG-1",1
"GGCTGGTGTATTCTCT-1",2
"GGCTGGTGTCGCATCG-1",2
"GGCTGGTGTCTAGTGT-1",2
"GGCTGGTGTTATGCGT-1",1
"GGGAATGAGCGTTGCC-1",0
"GGGAATGAGTAGGTGC-1",1
"GGGAATGGTAAGGGAA-1",2
"GGGAATGTCAACGAAA-1",0
"GGGAATGTCCAGTATG-1",2
"GGGAATGTCCGGGTGT-1",0
"GGGACCTAGATGTAAC-1",0
"GGGACCTAGTCTTGCA-1",1
"GGGACCTCAATCAGAA-1",1
"GGGACCTCACTGAAGG-1",4
"GGGAGATAGTACGACG-1",2
"GGGAGATCAAAGTGCG-1",3
"GGGAGATCAAATCCGT-1",4
"GGGAGATCAAGGACTG-1",4
"GGGAGATCACGCGAAA-1",1
"GGGAGATGTAGCGCAA-1",3
"GGGAGATTCAACGGGA-1",1
"GGGAGATTCATCACCC-1",1
"GGGATGAAGTGACATA-1",1
"GGGATGACATCATCCC-1",4
"GGGATGAGTCACCCAG-1",1
"GGGATGAGTGGAAAGA-1",1
"GGGATGAGTTACGACT-1",1
"GGGATGAGTTGGTAAA-1",1
"GGGATGATCAGTTAGC-1",0
"GGGATGATCTATCCTA-1",0
"GGGATGATCTTTAGGG-1",3
"GGGCACTAGTCTCGGC-1",1
"GGGCACTCATCTCCCA-1",1
"GGGCACTTCACCTCGT-1",0
"GGGCACTTCTGAGGGA-1",2
"GGGCATCCAATGTAAG-1",2
"GGGCATCCAGTCTTCC-1",1
"GGGCATCGTGGCGAAT-1",1
"GGGCATCTCACAGTAC-1",2
"GGGCATCTCCCTTGTG-1",2
"GGGCATCTCCGGCACA-1",6
"GGGCATCTCTGTCCGT-1",1
"GGGCATCTCTTATCTG-1",3
"GGGTCTGAGAAGATTC-1",3
"GGGTCTGAGATCCCGC-1",4
"GGGTCTGAGCCAACAG-1",0
"GGGTCTGCACAGGCCT-1",0
"GGGTCTGCACCAGGTC-1",4
"GGGTCTGGTCTGGTCG-1",2
"GGGTCTGGTGATGATA-1",3
"GGGTCTGGTGTGACCC-1",1
"GGGTCTGTCAACTCTT-1",4
"GGGTCTGTCACTCCTG-1",3
"GGGTCTGTCCGTAGTA-1",2
"GGGTTGCAGACAGAGA-1",0
"GGGTTGCAGACCTTTG-1",2
"GGGTTGCAGATCGATA-1",2
"GGGTTGCAGGGTGTTG-1",6
"GGGTTGCAGGTGGGTT-1",2
"GGGTTGCCAATAACGA-1",0
"GGGTTGCCACGCCAGT-1",1
"GGGTTGCCATTAACCG-1",4
"GGGTTGCGTACATCCA-1",1
"GGGTTGCGTAGCGCAA-1",5
"GGGTTGCGTCCTCCAT-1",1
"GGGTTGCGTCGAGTTT-1",6
"GGGTTGCGTGAGTATA-1",4
"GGGTTGCGTGTGACCC-1",2
"GGGTTGCTCGTACCGG-1",3
"GGTATTGAGCACCGTC-1",1
"GGTATTGAGCTATGCT-1",7
"GGTATTGCACATCCAA-1",3
"GGTATTGCAGCTTCGG-1",0
"GGTATTGGTTCCGTCT-1",0
"GGTATTGTCAGAAATG-1",1
"GGTATTGTCCATTCTA-1",3
"GGTATTGTCGCCAGCA-1",1
"GGTGAAGAGACACGAC-1",2
"GGTGAAGAGATCCGAG-1",1
"GGTGAAGCAAGGTGTG-1",0
"GGTGAAGCACTCGACG-1",0
"GGTGAAGCAGTATGCT-1",2
"GGTGAAGGTATGAAAC-1",4
"GGTGAAGGTCAGAATA-1",3
"GGTGAAGGTGGTACAG-1",0
"GGTGAAGGTGTATGGG-1",5
"GGTGAAGGTGTCTGAT-1",4
"GGTGAAGGTGTGGTTT-1",0
"GGTGAAGGTGTGTGCC-1",1
"GGTGAAGTCACGATGT-1",3
"GGTGAAGTCACTCTTA-1",3
"GGTGAAGTCTGGCGTG-1",1
"GGTGCGTAGGTGATTA-1",1
"GGTGCGTAGTACGATA-1",1
"GGTGCGTCACTTAAGC-1",4
"GGTGCGTCAGCTGTAT-1",0
"GGTGCGTGTTCGTTGA-1",1
"GGTGCGTTCCGTACAA-1",1
"GGTGCGTTCTTGACGA-1",2
"GGTGTTAAGGGCTCTC-1",0
"GGTGTTAAGTAGCGGT-1",5
"GGTGTTAAGTGGGATC-1",3
"GGTGTTAAGTTATCGC-1",2
"GGTGTTACAAATCCGT-1",4
"GGTGTTACACGGATAG-1",0
"GGTGTTAGTAATCACC-1",2
"GGTGTTAGTAGCAAAT-1",3
"GGTGTTAGTGTATGGG-1",0
"GGTGTTAGTTGAACTC-1",1
"GGTGTTATCGGACAAG-1",4
"GGTGTTATCGGTGTTA-1",1
"GGTGTTATCTACTTAC-1",3
"GTAACGTAGGTGACCA-1",2
"GTAACGTCACAGGCCT-1",1
"GTAACGTGTACCATCA-1",1
"GTAACGTGTGAGTATA-1",1
"GTAACGTGTTACGGAG-1",2
"GTAACGTGTTAGGGTG-1",1
"GTAACGTTCGGTCCGA-1",1
"GTAACGTTCTCATTCA-1",2
"GTAACTGAGTGGGTTG-1",1
"GTAACTGCAATGGAAT-1",0
"GTAACTGCACAGGCCT-1",8
"GTAACTGCAGGATCGA-1",5
"GTAACTGCATCGGGTC-1",3
"GTAACTGGTATTACCG-1",1
"GTAACTGTCACGGTTA-1",0
"GTAACTGTCTACTATC-1",3
"GTACGTAAGGTGCTTT-1",3
"GTACGTACAGGAATGC-1",3
"GTACGTACATGGATGG-1",1
"GTACGTAGTGAGTGAC-1",2
"GTACGTAGTTGGTAAA-1",4
"GTACGTATCACCTCGT-1",2
"GTACGTATCATCGGAT-1",0
"GTACGTATCCACTGGG-1",4
"GTACTCCAGGCAGTCA-1",3
"GTACTCCCAATAGCGG-1",1
"GTACTCCCACAGGTTT-1",3
"GTACTCCTCACCTTAT-1",3
"GTACTCCTCATTGCCC-1",0
"GTACTCCTCCTTCAAT-1",5
"GTACTTTCAGTTAACC-1",4
"GTACTTTCATGTCGAT-1",0
"GTACTTTTCCGAAGAG-1",1
"GTAGGCCAGCAATCTC-1",2
"GTAGGCCCATTCGACA-1",1
"GTAGGCCGTAACGCGA-1",0
"GTAGGCCGTAAGGGCT-1",3
"GTAGGCCGTACGACCC-1",1
"GTAGGCCGTTCAGGCC-1",2
"GTAGGCCGTTGATTGC-1",2
"GTAGGCCTCAGCACAT-1",4
"GTAGTCAAGAATGTGT-1",2
"GTAGTCAAGATGCCTT-1",1
"GTAGTCAAGGACGAAA-1",4
"GTAGTCAAGTGAAGAG-1",3
"GTAGTCATCGTCACGG-1",3
"GTAGTCATCTGAAAGA-1",2
"GTATCTTAGAAACCAT-1",2
"GTATCTTAGGCTATCT-1",1
"GTATCTTAGTTGTCGT-1",1
"GTATCTTCACACCGCA-1",0
"GTATCTTCACGAAGCA-1",5
"GTATCTTGTTCGCTAA-1",0
"GTATCTTTCATGCTCC-1",3
"GTATCTTTCATGTAGC-1",8
"GTATTCTAGAAACCAT-1",2
"GTATTCTAGACAAAGG-1",2
"GTATTCTCAAAGTCAA-1",1
"GTATTCTCAACAACCT-1",2
"GTATTCTCAACTTGAC-1",1
"GTATTCTCAATAAGCA-1",9
"GTATTCTCAGGGTTAG-1",0
"GTATTCTCATACTACG-1",7
"GTATTCTCATGGTAGG-1",1
"GTATTCTGTAGTGAAT-1",0
"GTATTCTGTCTAGAGG-1",1
"GTCAAGTCATATGCTG-1",6
"GTCAAGTCATGGTTGT-1",0
"GTCAAGTGTCAGCTAT-1",0
"GTCAAGTGTTCCACTC-1",1
"GTCACAAAGCCGATTT-1",0
"GTCACAAAGTGGAGTC-1",1
"GTCACAACAGGTGGAT-1",1
"GTCACAAGTAAACGCG-1",5
"GTCACAATCAGGATCT-1",8
"GTCACAATCAGTTGAC-1",5
"GTCACAATCATGCATG-1",6
"GTCACGGAGATCACGG-1",4
"GTCACGGCATATACCG-1",0
"GTCACGGGTGAGTGAC-1",1
"GTCACGGGTGTGGCTC-1",5
"GTCACGGTCGAGAGCA-1",0
"GTCACGGTCTACCTGC-1",3
"GTCATTTAGAGACTAT-1",1
"GTCATTTCACGTGAGA-1",2
"GTCATTTGTAGAAGGA-1",3
"GTCATTTGTCAGATAA-1",2
"GTCATTTTCCAGAGGA-1",1
"GTCCTCAAGCCCAACC-1",0
"GTCCTCAAGTAGATGT-1",1
"GTCCTCAAGTGGGCTA-1",1
"GTCCTCACAATCACAC-1",0
"GTCCTCAGTGGAAAGA-1",1
"GTCCTCATCAAAGACA-1",0
"GTCCTCATCGTCCGTT-1",1
"GTCGGGTCACTGAAGG-1",0
"GTCGGGTCACTTCGAA-1",1
"GTCGGGTCATGAAGTA-1",0
"GTCGGGTGTCTCACCT-1",3
"GTCGGGTGTGTGACGA-1",1
"GTCGGGTGTGTGTGCC-1",6
"GTCGGGTGTTACGTCA-1",0
"GTCGGGTTCTGCTGTC-1",0
"GTCGGGTTCTGTGCAA-1",0
"GTCGTAAAGAGATGAG-1",2
"GTCGTAAAGCTGCAAG-1",0
"GTCGTAAAGGCGACAT-1",3
"GTCGTAACATCACGAT-1",6
"GTCGTAAGTATCACCA-1",6
"GTCGTAATCCAAGTAC-1",1
"GTCTCGTAGACCACGA-1",2
"GTCTCGTCAGGAACGT-1",1
"GTCTCGTGTGGTAACG-1",1
"GTCTCGTGTTTGGCGC-1",8
"GTCTCGTTCACCGGGT-1",1
"GTCTCGTTCAGTGCAT-1",3
"GTCTTCGAGACAAGCC-1",0
"GTCTTCGAGGAATGGA-1",0
"GTCTTCGAGTCAAGCG-1",0
"GTCTTCGCACATGGGA-1",0
"GTCTTCGCACCAGGTC-1",0
"GTCTTCGCAGACGCAA-1",2
"GTCTTCGCATAACCTG-1",3
"GTCTTCGCATCGATGT-1",4
"GTCTTCGGTCTAGTGT-1",1
"GTCTTCGTCTCGATGA-1",0
"GTGAAGGAGAGCTGGT-1",0
"GTGAAGGAGATCGGGT-1",2
"GTGAAGGAGCCAGTTT-1",4
"GTGAAGGAGTGTTGAA-1",0
"GTGAAGGCAAAGGCGT-1",2
"GTGAAGGCACTTAAGC-1",2
"GTGAAGGCAGATTGCT-1",3
"GTGAAGGGTATATGGA-1",2
"GTGAAGGGTCTCTCTG-1",4
"GTGAAGGTCTCCTATA-1",2
"GTGCAGCAGACATAAC-1",1
"GTGCAGCAGTGGTCCC-1",0
"GTGCAGCCACATCTTT-1",3
"GTGCAGCGTGAGTATA-1",0
"GTGCAGCTCTTAGAGC-1",1
"GTGCATAAGGCATGGT-1",10
"GTGCATAGTTTGTTGG-1",3
"GTGCATATCAGAGCTT-1",0
"GTGCATATCATCATTC-1",7
"GTGCATATCTGCGTAA-1",1
"GTGCGGTAGCAATCTC-1",4
"GTGCGGTAGGACAGAA-1",2
"GTGCGGTCAAAGGTGC-1",6
"GTGCGGTGTTCAGACT-1",0
"GTGCGGTGTTCTGTTT-1",0
"GTGCGGTTCATCTGCC-1",9
"GTGCGGTTCCAGGGCT-1",2
"GTGCGGTTCGGATGGA-1",1
"GTGCGGTTCTCGTTTA-1",0
"GTGCGGTTCTGCTGTC-1",3
"GTGCTTCAGCCAGTTT-1",0
"GTGCTTCAGGATTCGG-1",2
"GTGCTTCAGTACACCT-1",0
"GTGCTTCCACTTAACG-1",2
"GTGCTTCCAGCTATTG-1",0
"GTGCTTCGTAGAGTGC-1",4
"GTGCTTCTCACAATGC-1",0
"GTGCTTCTCACTTCAT-1",3
"GTGGGTCAGACCGGAT-1",3
"GTGGGTCAGACTGTAA-1",0
"GTGGGTCAGCCGTCGT-1",0
"GTGGGTCCACCAACCG-1",7
"GTGGGTCCACCACCAG-1",8
"GTGTGCGAGACCGGAT-1",2
"GTGTGCGAGACTTGAA-1",4
"GTGTGCGCAGGTCGTC-1",1
"GTGTGCGGTGAGCGAT-1",1
"GTGTGCGTCAGTCAGT-1",1
"GTGTGCGTCCCTTGTG-1",2
"GTGTGCGTCTAACTTC-1",1
"GTGTTAGAGCACGCCT-1",4
"GTGTTAGAGGACAGAA-1",1
"GTGTTAGAGGCATGGT-1",0
"GTGTTAGAGTGGAGAA-1",3
"GTGTTAGAGTTTGCGT-1",1
"GTGTTAGCAATGGAAT-1",0
"GTGTTAGCACCACCAG-1",4
"GTGTTAGGTGCCTGGT-1",2
"GTGTTAGGTGGAAAGA-1",1
"GTGTTAGGTTCCATGA-1",0
"GTGTTAGGTTGGGACA-1",0
"GTTAAGCAGAGCTGCA-1",1
"GTTAAGCAGATAGCAT-1",1
"GTTAAGCAGCTAACAA-1",2
"GTTAAGCAGGCTACGA-1",2
"GTTAAGCAGTGTACCT-1",3
"GTTAAGCAGTTTGCGT-1",2
"GTTAAGCCATTCACTT-1",5
"GTTAAGCGTACTCGCG-1",0
"GTTAAGCGTCTAGGTT-1",2
"GTTAAGCGTGGCAAAC-1",1
"GTTAAGCGTTGCTCCT-1",0
"GTTAAGCTCCTTTCGG-1",2
"GTTACAGAGAGCTATA-1",0
"GTTACAGAGTACGATA-1",0
"GTTACAGCAGACGCCT-1",4
"GTTACAGCATCGGTTA-1",6
"GTTACAGGTATGGTTC-1",0
"GTTACAGGTCGACTGC-1",2
"GTTACAGGTCTAGGTT-1",0
"GTTCATTAGCGATGAC-1",5
"GTTCATTCATATACGC-1",0
"GTTCATTCATTGGCGC-1",4
"GTTCATTGTGCACGAA-1",0
"GTTCATTGTGTTAAGA-1",1
"GTTCATTGTTCAGTAC-1",2
"GTTCGGGAGACGACGT-1",0
"GTTCGGGAGCTAAGAT-1",0
"GTTCGGGAGTGTCTCA-1",1
"GTTCGGGGTAGGGTAC-1",1
"GTTCGGGGTGCAGGTA-1",1
"GTTCGGGTCCACGCAG-1",2
"GTTCGGGTCTACTTAC-1",3
"GTTCTCGAGACCACGA-1",0
"GTTCTCGAGCGATGAC-1",5
"GTTCTCGAGGCCATAG-1",3
"GTTCTCGCATCGGACC-1",0
"GTTCTCGGTAAGGGAA-1",0
"GTTCTCGGTAGCGTAG-1",1
"GTTCTCGGTCCGTGAC-1",6
"GTTCTCGGTGTTAAGA-1",7
"GTTCTCGTCAACGCTA-1",3
"GTTCTCGTCCTGTACC-1",3
"GTTTCTACAAACCTAC-1",1
"GTTTCTACAAGAAAGG-1",1
"GTTTCTAGTGTTGGGA-1",2
"GTTTCTATCCCAACGG-1",4
"GTTTCTATCCGTAGTA-1",7
"GTTTCTATCGGCATCG-1",4
"TAAACCGGTACTTAGC-1",2
"TAAACCGTCACTCTTA-1",1
"TAAACCGTCAGGCGAA-1",1
"TAAACCGTCCGTTGTC-1",6
"TAAACCGTCTTCCTTC-1",1
"TAAGAGACAAGTTGTC-1",2
"TAAGAGAGTATATCCG-1",3
"TAAGAGATCAATCACG-1",1
"TAAGAGATCTAACGGT-1",2
"TAAGAGATCTTTCCTC-1",2
"TAAGCGTAGTGGACGT-1",0
"TAAGCGTAGTGTCTCA-1",0
"TAAGCGTCAGCTTCGG-1",4
"TAAGCGTCAGGTGGAT-1",1
"TAAGCGTGTCCTGCTT-1",0
"TAAGCGTGTGCCTGGT-1",1
"TAAGCGTGTTGTTTGG-1",3
"TAAGCGTTCCTCATTA-1",0
"TAAGCGTTCGGCGCAT-1",1
"TAAGCGTTCTCGCATC-1",0
"TAAGTGCAGGCTAGGT-1",0
"TAAGTGCAGTAGCGGT-1",1
"TAAGTGCCAACGCACC-1",2
"TAAGTGCCATACAGCT-1",0
"TAAGTGCGTAAACACA-1",1
"TAAGTGCGTCTCACCT-1",0
"TAAGTGCGTTCAGACT-1",3
"TAAGTGCTCACCCTCA-1",2
"TAAGTGCTCACTGGGC-1",0
"TAAGTGCTCTGGCGTG-1",1
"TACACGACACCCATTC-1",1
"TACACGAGTGATAAAC-1",0
"TACACGATCTGTCTCG-1",0
"TACAGTGAGATGCGAC-1",7
"TACAGTGAGCGTTGCC-1",2
"TACAGTGAGTGTACGG-1",0
"TACAGTGCAGGAATCG-1",3
"TACAGTGCAGGTGCCT-1",2
"TACAGTGGTACTCAAC-1",3
"TACAGTGGTTGGACCC-1",1
"TACCTATAGAGCTGGT-1",4
"TACCTATAGAGTTGGC-1",1
"TACCTATAGGCTCATT-1",2
"TACCTATAGTTAGCGG-1",2
"TACCTATCAAGCTGGA-1",1
"TACCTATGTAAATGAC-1",10
"TACCTATGTAGAGTGC-1",0
"TACCTATGTCACCTAA-1",0
"TACCTATGTGTTGAGG-1",1
"TACCTATGTTAAAGAC-1",4
"TACCTATTCTATGTGG-1",0
"TACCTATTCTTCCTTC-1",2
"TACCTTAAGAGGTTGC-1",0
"TACCTTAAGTCAAGCG-1",5
"TACCTTAAGTGGTCCC-1",3
"TACCTTACAACTGGCC-1",2
"TACCTTACAAGGGTCA-1",3
"TACCTTACACTCAGGC-1",0
"TACCTTACATCTACGA-1",4
"TACCTTAGTAGCGTCC-1",0
"TACCTTAGTCTCCACT-1",0
"TACGGATAGATGGCGT-1",3
"TACGGATAGGTACTCT-1",8
"TACGGATCAGGGATTG-1",1
"TACGGATCATCACCCT-1",1
"TACGGATGTCTAGCCG-1",2
"TACGGATTCGGTGTCG-1",5
"TACGGATTCTACTATC-1",2
"TACGGGCAGGATGCGT-1",1
"TACGGGCAGGGAACGG-1",6
"TACGGGCAGTATTGGA-1",2
"TACGGGCAGTCAAGCG-1",0
"TACGGGCCAAGAAGAG-1",0
"TACGGGCCACCAGATT-1",3
"TACGGGCCATCAGTAC-1",3
"TACGGGCGTAAGGGCT-1",3
"TACGGGCGTCTGATTG-1",5
"TACGGGCGTGATGTGG-1",0
"TACGGGCTCACCTTAT-1",0
"TACGGGCTCAGCTCTC-1",0
"TACGGGCTCCACGAAT-1",1
"TACGGGCTCCTATTCA-1",1
"TACGGGCTCGGTGTTA-1",2
"TACGGTAAGATATGGT-1",2
"TACGGTAAGCCGATTT-1",1
"TACGGTAAGTCATGCT-1",0
"TACGGTAAGTGCCATT-1",2
"TACGGTACACAGGCCT-1",2
"TACGGTACATTTCAGG-1",3
"TACGGTAGTATATCCG-1",3
"TACGGTAGTCACTTCC-1",4
"TACGGTAGTGCAGGTA-1",3
"TACGGTAGTGGGTATG-1",2
"TACGGTATCGCAGGCT-1",1
"TACGGTATCGGACAAG-1",4
"TACGGTATCGTTTATC-1",1
"TACTCATAGTCACGCC-1",2
"TACTCATCAATCTACG-1",1
"TACTCATCACGGTAGA-1",5
"TACTCATCACTTCTGC-1",0
"TACTCATCATCCGTGG-1",4
"TACTCATCATGTCGAT-1",2
"TACTCATGTACAGCAG-1",2
"TACTCATGTCTTCAAG-1",6
"TACTCATTCCTTTCTC-1",1
"TACTCGCAGGCGACAT-1",2
"TACTCGCGTCAGAAGC-1",1
"TACTCGCGTCTGATTG-1",2
"TACTCGCGTGTAACGG-1",0
"TACTCGCGTTGAGTTC-1",2
"TACTCGCTCAACGGGA-1",2
"TACTCGCTCCGAATGT-1",0
"TACTTACAGACTAGGC-1",1
"TACTTACAGCTGAACG-1",2
"TACTTACAGTACACCT-1",2
"TACTTACAGTACGCCC-1",13
"TACTTACAGTGATCGG-1",0
"TACTTACCAAGCCGTC-1",5
"TACTTACCACAGGTTT-1",1
"TACTTACTCGCGTTTC-1",5
"TACTTGTAGCGATATA-1",6
"TACTTGTAGTAATCCC-1",2
"TACTTGTCAAACAACA-1",0
"TACTTGTCATGCAACT-1",1
"TACTTGTGTAGCACGA-1",3
"TACTTGTGTATAAACG-1",3
"TACTTGTGTTCCACAA-1",3
"TACTTGTTCTGCAGTA-1",1
"TAGACCAAGAGACGAA-1",3
"TAGACCAAGCCTCGTG-1",0
"TAGACCAAGTCGATAA-1",3
"TAGACCACAACACCCG-1",2
"TAGACCAGTAGATTAG-1",1
"TAGACCAGTTCATGGT-1",1
"TAGACCATCACTTCAT-1",1
"TAGACCATCGTCACGG-1",7
"TAGACCATCTCCAGGG-1",0
"TAGAGCTAGAATTCCC-1",3
"TAGAGCTAGTATTGGA-1",1
"TAGAGCTCACTGAAGG-1",1
"TAGAGCTGTACTTGAC-1",3
"TAGAGCTGTAGGGACT-1",2
"TAGAGCTGTCTAAAGA-1",1
"TAGCCGGAGACTGGGT-1",0
"TAGCCGGAGTCCCACG-1",0
"TAGCCGGAGTGACATA-1",0
"TAGCCGGCAGCAGTTT-1",2
"TAGCCGGGTACAGTGG-1",3
"TAGCCGGGTACCATCA-1",0
"TAGCCGGGTCGCGAAA-1",7
"TAGCCGGTCACGACTA-1",1
"TAGCCGGTCCAGGGCT-1",1
"TAGGCATAGAACTGTA-1",1
"TAGGCATAGCTAGGCA-1",0
"TAGGCATAGTCGTACT-1",1
"TAGGCATAGTTTAGGA-1",2
"TAGGCATCAAGCCTAT-1",2
"TAGGCATCAGACGCAA-1",2
"TAGGCATGTACGAAAT-1",0
"TAGGCATGTCCAGTTA-1",2
"TAGGCATGTTCCACTC-1",3
"TAGGCATTCCCTAACC-1",1
"TAGGCATTCGCTAGCG-1",8
"TAGGCATTCGTAGATC-1",4
"TAGGCATTCTTCATGT-1",0
"TAGTGGTAGATCACGG-1",0
"TAGTGGTAGCTGTTCA-1",6
"TAGTGGTCAGTATAAG-1",0
"TAGTGGTGTAGCGTAG-1",1
"TAGTGGTTCAGCATGT-1",0
"TAGTGGTTCGGCGCAT-1",1
"TAGTGGTTCTCAAGTG-1",1
"TAGTGGTTCTGGGCCA-1",7
"TAGTGGTTCTTTAGTC-1",0
"TAGTTGGAGATAGGAG-1",1
"TAGTTGGCAGACGCAA-1",2
"TAGTTGGCATGCGCAC-1",9
"TAGTTGGGTATGGTTC-1",0
"TAGTTGGTCCGAATGT-1",0
"TAGTTGGTCTACTCAT-1",1
"TAGTTGGTCTCTAAGG-1",2
"TAGTTGGTCTGATACG-1",1
"TATCAGGAGAGTAAGG-1",1
"TATCAGGAGATCCGAG-1",1
"TATCAGGAGCAGATCG-1",1
"TATCAGGAGGTGCTTT-1",0
"TATCAGGCAACTTGAC-1",0
"TATCAGGCACGTTGGC-1",2
"TATCAGGGTCCGTTAA-1",6
"TATCAGGGTCTGCAAT-1",1
"TATCAGGGTTAAAGAC-1",3
"TATCAGGTCAAGATCC-1",1
"TATCAGGTCCACTCCA-1",4
"TATCAGGTCGTAGGTT-1",1
"TATCTCAAGAGTTGGC-1",1
"TATCTCAAGCCACCTG-1",4
"TATCTCAAGCGTAATA-1",1
"TATCTCAAGGCTAGCA-1",0
"TATCTCAAGTGGGCTA-1",5
"TATCTCACATGTCCTC-1",0
"TATCTCAGTAACGACG-1",4
"TATCTCAGTACCTACA-1",2
"TATCTCAGTACGACCC-1",1
"TATCTCAGTCAATGTC-1",2
"TATCTCATCAAGCCTA-1",2
"TATGCCCAGAAACCGC-1",1
"TATGCCCAGGTAGCTG-1",1
"TATGCCCCAATGGAAT-1",5
"TATGCCCCACTTAACG-1",5
"TATGCCCCATGTTCCC-1",1
"TATGCCCGTAGCCTCG-1",0
"TATGCCCGTATAGGGC-1",1
"TATGCCCGTATGAAAC-1",0
"TATGCCCGTCGCCATG-1",14
"TATGCCCGTGCCTTGG-1",1
"TATGCCCGTTAAGATG-1",2
"TATGCCCGTTGGTGGA-1",1
"TATGCCCGTTTAGGAA-1",3
"TATGCCCTCGTCTGCT-1",1
"TATTACCAGAGAGCTC-1",2
"TATTACCAGCAAATCA-1",8
"TATTACCAGCCCGAAA-1",1
"TATTACCAGTATCTCG-1",0
"TATTACCCAAAGTGCG-1",1
"TATTACCCAGACAAGC-1",1
"TATTACCCAGTCAGCC-1",0
"TATTACCCATAAAGGT-1",2
"TATTACCCATCTACGA-1",1
"TATTACCGTCCAGTAT-1",3
"TCAACGAAGCCGATTT-1",1
"TCAACGAAGCGATGAC-1",2
"TCAACGAAGGCATGTG-1",2
"TCAACGAAGTAGTGCG-1",7
"TCAACGACACCAGGCT-1",2
"TCAACGACATGCCTTC-1",9
"TCAACGAGTTACCAGT-1",2
"TCAACGAGTTCCATGA-1",1
"TCAACGAGTTCTGGTA-1",4
"TCAACGATCAGTCCCT-1",1
"TCAACGATCTGTGCAA-1",1
"TCAATCTAGATCCCGC-1",3
"TCAATCTCACAAGCCC-1",0
"TCAATCTCACAGCCCA-1",1
"TCAATCTCATGACGGA-1",1
"TCAATCTCATTTGCTT-1",0
"TCAATCTGTAGTGAAT-1",3
"TCAATCTGTTAGATGA-1",3
"TCAATCTTCAGATAAG-1",0
"TCAATCTTCATGTCCC-1",3
"TCACAAGAGACTGGGT-1",3
"TCACAAGAGAGAGCTC-1",2
"TCACAAGAGGCCCTCA-1",0
"TCACAAGAGGTGGGTT-1",3
"TCACAAGAGTAGATGT-1",3
"TCACAAGCAGTATGCT-1",2
"TCACAAGCATAACCTG-1",0
"TCACAAGCATGACATC-1",2
"TCACAAGGTCAGATAA-1",2
"TCACAAGGTGTGGTTT-1",2
"TCACAAGTCATCATTC-1",0
"TCACAAGTCATGCATG-1",1
"TCACGAAAGCTCCTTC-1",2
"TCACGAAAGGTGCTTT-1",0
"TCACGAAAGTCTCGGC-1",4
"TCACGAACACAAGACG-1",5
"TCACGAACACTGTCGG-1",5
"TCACGAAGTGGTCCGT-1",2
"TCACGAAGTTGGTGGA-1",2
"TCACGAATCATGCAAC-1",0
"TCACGAATCCCGACTT-1",3
"TCACGAATCCTCGCAT-1",5
"TCACGAATCGTCACGG-1",2
"TCAGATGAGGTGCACA-1",2
"TCAGATGGTCTTGTCC-1",5
"TCAGATGGTGCCTGCA-1",0
"TCAGATGGTGCTGTAT-1",2
"TCAGATGTCAGTTTGG-1",3
"TCAGATGTCGCATGAT-1",0
"TCAGATGTCTCCTATA-1",0
"TCAGCAAAGGAGTCTG-1",2
"TCAGCAAAGGCTCATT-1",0
"TCAGCAAAGTACGACG-1",1
"TCAGCAAAGTGGCACA-1",4
"TCAGCAACACGCATCG-1",0
"TCAGCAAGTACCGGCT-1",6
"TCAGCAATCAGCGATT-1",0
"TCAGCAATCGGAAACG-1",1
"TCAGCAATCTTCAACT-1",0
"TCAGCTCAGGTGTTAA-1",1
"TCAGCTCAGTATGACA-1",0
"TCAGCTCCAATCTGCA-1",2
"TCAGCTCCACGGTTTA-1",2
"TCAGCTCGTAATAGCA-1",1
"TCAGCTCGTCCGTCAG-1",4
"TCAGCTCGTTCACGGC-1",1
"TCAGCTCTCACGATGT-1",1
"TCAGCTCTCATGCATG-1",1
"TCAGCTCTCCTAAGTG-1",2
"TCAGCTCTCTCGTATT-1",5
"TCAGGATAGACAGAGA-1",2
"TCAGGATAGATATGGT-1",3
"TCAGGATCAAACGTGG-1",5
"TCAGGATCAAGTTCTG-1",3
"TCAGGATCACGGTGTC-1",7
"TCAGGATCACTGTGTA-1",5
"TCAGGATCAGCATACT-1",3
"TCAGGATCATCTGGTA-1",1
"TCAGGATGTAAGCACG-1",1
"TCAGGATGTGGCCCTA-1",0
"TCAGGATTCCGATATG-1",1
"TCAGGATTCTCGATGA-1",9
"TCAGGTAAGATGGCGT-1",0
"TCAGGTAAGTGTTTGC-1",4
"TCAGGTACACAAGTAA-1",3
"TCAGGTACACAGAGGT-1",3
"TCAGGTACAGCTGCTG-1",2
"TCAGGTAGTAAACGCG-1",2
"TCATTACAGAAACCAT-1",4
"TCATTACAGGAGTTGC-1",1
"TCATTACAGTTGCAGG-1",1
"TCATTACCACATCCAA-1",2
"TCATTACCAGTCAGCC-1",1
"TCATTACGTACGCACC-1",1
"TCATTACGTCTAGAGG-1",4
"TCATTACGTGAAGGCT-1",2
"TCATTACGTTCTGTTT-1",1
"TCATTACTCATCGATG-1",0
"TCATTTGAGCCAGTTT-1",2
"TCATTTGCACGTCTCT-1",0
"TCATTTGCAGTTAACC-1",3
"TCATTTGTCCAGAGGA-1",1
"TCATTTGTCCCTTGCA-1",7
"TCATTTGTCCGTCAAA-1",1
"TCATTTGTCGCTAGCG-1",2
"TCATTTGTCGTACGGC-1",2
"TCATTTGTCTCTGCTG-1",0
"TCCACACCAAAGAATC-1",1
"TCCACACCACGCCAGT-1",4
"TCCACACGTACAGCAG-1",3
"TCCACACGTAGCCTAT-1",1
"TCCACACGTCATCGGC-1",0
"TCCACACGTGACCAAG-1",2
"TCCACACGTGCGAAAC-1",3
"TCCACACTCAACACCA-1",1
"TCCACACTCCAGTATG-1",3
"TCCACACTCCCATTTA-1",0
"TCCACACTCGAACTGT-1",0
"TCCCGATAGAAGAAGC-1",1
"TCCCGATAGCACAGGT-1",2
"TCCCGATAGCCGGTAA-1",3
"TCCCGATCAAGGTTCT-1",2
"TCCCGATCAGCCAATT-1",2
"TCCCGATCATCCAACA-1",2
"TCCCGATGTAAGGATT-1",4
"TCCCGATGTCAATACC-1",1
"TCCCGATTCAGAAATG-1",3
"TCCCGATTCAGTCCCT-1",1
"TCCCGATTCATCTGTT-1",1
"TCCCGATTCCCTAATT-1",3
"TCCCGATTCTGGAGCC-1",0
"TCGAGGCAGCGATGAC-1",1
"TCGAGGCAGTGTTTGC-1",0
"TCGAGGCCAAAGAATC-1",4
"TCGAGGCCAAGTTCTG-1",1
"TCGAGGCCAGTAACGG-1",4
"TCGAGGCGTATATCCG-1",2
"TCGAGGCTCGCAAGCC-1",3
"TCGAGGCTCTTGAGAC-1",4
"TCGAGGCTCTTTCCTC-1",5
"TCGCGAGAGACAAAGG-1",1
"TCGCGAGAGTGAATTG-1",1
"TCGCGAGCAAGCGTAG-1",1
"TCGCGAGCACCGAATT-1",4
"TCGCGAGCAGTAAGAT-1",2
"TCGCGAGTCCACGAAT-1",1
"TCGCGAGTCTAGCACA-1",2
"TCGCGAGTCTCTAGGA-1",2
"TCGCGAGTCTTCATGT-1",0
"TCGCGTTAGTGGGCTA-1",4
"TCGCGTTCACAGGCCT-1",0
"TCGCGTTCATCACAAC-1",1
"TCGCGTTCATCTCGCT-1",0
"TCGCGTTGTTCACCTC-1",4
"TCGCGTTTCAAGATCC-1",1
"TCGCGTTTCAGGTAAA-1",2
"TCGCGTTTCATTCACT-1",1
"TCGCGTTTCCTGTACC-1",0
"TCGCGTTTCGCCCTTA-1",2
"TCGGGACCACACATGT-1",1
"TCGGGACTCCTTGCCA-1",0
"TCGGGACTCTGCGGCA-1",3
"TCGGGACTCTTGTCAT-1",1
"TCGGTAAAGACAGGCT-1",1
"TCGGTAAAGCTCAACT-1",6
"TCGGTAACAAGCTGAG-1",2
"TCGGTAACAGGAATGC-1",1
"TCGGTAAGTATATGGA-1",1
"TCGGTAAGTCTAGTCA-1",2
"TCGGTAATCCCGGATG-1",1
"TCGTACCAGCAGGCTA-1",5
"TCGTACCAGTTTCCTT-1",0
"TCGTACCGTTTGCATG-1",1
"TCGTACCTCGGGAGTA-1",2
"TCGTAGAAGCTAACTC-1",5
"TCGTAGAAGGCGACAT-1",3
"TCGTAGAAGGGAACGG-1",3
"TCGTAGAAGTCCATAC-1",1
"TCGTAGACAATCCAAC-1",2
"TCGTAGACACTCAGGC-1",3
"TCGTAGAGTATGAATG-1",3
"TCGTAGAGTGAGCGAT-1",1
"TCGTAGAGTGTGTGCC-1",3
"TCGTAGAGTTCAACCA-1",2
"TCGTAGAGTTCCATGA-1",6
"TCGTAGATCCAAGCCG-1",3
"TCGTAGATCTTAGCCC-1",3
"TCTATTGAGCGATTCT-1",1
"TCTATTGAGTGCCATT-1",1
"TCTATTGCACATCTTT-1",5
"TCTATTGGTAAGTGTA-1",0
"TCTATTGGTCCAACTA-1",5
"TCTATTGGTCTGCCAG-1",3
"TCTATTGGTTGCTCCT-1",0
"TCTATTGTCGGCGCTA-1",2
"TCTCATAAGCTAAACA-1",4
"TCTCATAAGCTAGTCT-1",3
"TCTCATAAGTGCCATT-1",1
"TCTCATAGTACCGGCT-1",0
"TCTCATAGTGTAAGTA-1",9
"TCTCATATCAAGCCTA-1",1
"TCTCATATCACCTTAT-1",2
"TCTCATATCCTGTACC-1",1
"TCTCTAAAGACCGGAT-1",0
"TCTCTAAAGGGTGTTG-1",3
"TCTCTAACAGCCTATA-1",0
"TCTCTAAGTCCAGTAT-1",2
"TCTCTAAGTCCATGAT-1",2
"TCTCTAAGTCTCATCC-1",3
"TCTCTAAGTGGAAAGA-1",3
"TCTCTAATCAAACCAC-1",1
"TCTCTAATCAACGCTA-1",0
"TCTCTAATCACAGGCC-1",1
"TCTCTAATCACATACG-1",1
"TCTCTAATCCGTAGGC-1",0
"TCTCTAATCGTATCAG-1",14
"TCTGAGACAAACCTAC-1",5
"TCTGAGACACGGATAG-1",2
"TCTGAGACAGAGTGTG-1",1
"TCTGAGAGTAAGGGAA-1",2
"TCTGAGATCCTTGACC-1",1
"TCTGAGATCTATCCTA-1",1
"TCTGGAAAGCGATGAC-1",3
"TCTGGAAAGCTAGTTC-1",3
"TCTGGAAAGCTCTCGG-1",2
"TCTGGAAAGGAGCGAG-1",2
"TCTGGAACACAAGACG-1",0
"TCTGGAACACACTGCG-1",0
"TCTGGAACACTTCTGC-1",6
"TCTGGAAGTGAGTATA-1",5
"TCTGGAATCTGTCTAT-1",2
"TCTTCGGAGGTTCCTA-1",0
"TCTTCGGAGTTCGATC-1",1
"TCTTCGGCAAAGCAAT-1",0
"TCTTCGGCAAAGGTGC-1",1
"TCTTCGGCAATAGCAA-1",8
"TCTTCGGCAATGTAAG-1",13
"TCTTCGGCACACCGAC-1",4
"TCTTCGGCAGCCAATT-1",2
"TCTTCGGGTCATTAGC-1",2
"TCTTCGGTCGTAGGTT-1",0
"TCTTCGGTCTCTAAGG-1",1
"TCTTTCCAGAGAGCTC-1",1
"TCTTTCCAGTCATCCA-1",1
"TCTTTCCCATCTCCCA-1",4
"TCTTTCCGTAATCACC-1",6
"TCTTTCCGTAGTACCT-1",5
"TCTTTCCTCACAACGT-1",2
"TCTTTCCTCAGCTGGC-1",1
"TCTTTCCTCCAAGTAC-1",0
"TCTTTCCTCCTCGCAT-1",0
"TGAAAGAAGCTAAGAT-1",4
"TGAAAGACAAGCCGTC-1",5
"TGAAAGACACATTCGA-1",4
"TGAAAGACATGAGCGA-1",2
"TGAAAGAGTCTAGCGC-1",4
"TGAAAGAGTCTCATCC-1",3
"TGAAAGATCCCGACTT-1",2
"TGAAAGATCTATGTGG-1",2
"TGACAACCAAGCGAGT-1",0
"TGACAACGTAGGGACT-1",5
"TGACAACGTGCGCTTG-1",2
"TGACAACGTGGTTTCA-1",0
"TGACAACTCACAAACC-1",2
"TGACAACTCCACGTGG-1",3
"TGACAACTCGAATGCT-1",1
"TGACGGCAGCGCCTCA-1",0
"TGACGGCAGGCTCAGA-1",1
"TGACGGCAGTCAAGCG-1",1
"TGACGGCCACAGACTT-1",1
"TGACGGCGTCATCCCT-1",0
"TGACGGCTCAGGCGAA-1",4
"TGACGGCTCCACTGGG-1",1
"TGACTAGAGACCCACC-1",1
"TGACTAGAGGGCATGT-1",7
"TGACTAGAGTCTCAAC-1",2
"TGACTAGAGTTGAGAT-1",1
"TGACTAGCAGCATACT-1",6
"TGACTAGCAGTCAGAG-1",0
"TGACTAGCATTTCACT-1",5
"TGACTAGGTAAATACG-1",3
"TGACTAGGTGAAAGAG-1",1
"TGACTAGGTGCAGTAG-1",1
"TGACTAGTCATGCATG-1",7
"TGACTAGTCCATGCTC-1",2
"TGACTAGTCTGTTGAG-1",1
"TGACTTTAGAACAATC-1",2
"TGACTTTAGTCTCGGC-1",2
"TGACTTTAGTTAGGTA-1",5
"TGACTTTCAGTCCTTC-1",0
"TGACTTTCATTATCTC-1",2
"TGACTTTGTCACACGC-1",7
"TGACTTTTCCTCAATT-1",2
"TGACTTTTCTGCCCTA-1",0
"TGAGAGGAGGCTCATT-1",2
"TGAGAGGCAAAGTCAA-1",4
"TGAGAGGCAAGCCATT-1",4
"TGAGAGGCACCATGTA-1",1
"TGAGAGGGTCACTGGC-1",3
"TGAGAGGGTCTAAACC-1",0
"TGAGAGGTCGAACTGT-1",1
"TGAGAGGTCGCGTTTC-1",3
"TGAGAGGTCTGACCTC-1",2
"TGAGCATAGAAACGAG-1",3
"TGAGCATAGAAGCCCA-1",0
"TGAGCATAGATGTCGG-1",1
"TGAGCATAGGAATGGA-1",1
"TGAGCATCACCAGGCT-1",2
"TGAGCATCAGATGAGC-1",2
"TGAGCATCAGCGTAAG-1",0
"TGAGCATCAGCTGTAT-1",0
"TGAGCATGTGGCCCTA-1",1
"TGAGCATTCCACGTTC-1",4
"TGAGCATTCCGATATG-1",1
"TGAGCATTCGGCCGAT-1",3
"TGAGCCGCATCGGGTC-1",3
"TGAGCCGGTCGAACAG-1",3
"TGAGCCGGTGTAATGA-1",3
"TGAGCCGGTTGATTCG-1",2
"TGAGCCGTCATCTGCC-1",2
"TGAGCCGTCGTCACGG-1",3
"TGAGCCGTCTTGAGGT-1",3
"TGAGGGAAGAGACTAT-1",0
"TGAGGGAAGGAGTACC-1",0
"TGAGGGAAGTCATCCA-1",1
"TGAGGGAAGTCATGCT-1",1
"TGAGGGACACCAGTTA-1",1
"TGAGGGACATAAGACA-1",7
"TGAGGGAGTAAACGCG-1",7
"TGAGGGAGTTAGGGTG-1",2
"TGAGGGATCAACGGGA-1",3
"TGAGGGATCTAGCACA-1",3
"TGAGGGATCTCTTATG-1",3
"TGATTTCCATCCGGGT-1",3
"TGATTTCGTAGGCATG-1",4
"TGATTTCGTTAAGACA-1",2
"TGATTTCTCTGATTCT-1",2
"TGCACCTAGACCTTTG-1",2
"TGCACCTAGGACGAAA-1",1
"TGCACCTCAAGTTGTC-1",0
"TGCACCTCAATAGAGT-1",0
"TGCACCTCATCCGGGT-1",3
"TGCACCTGTAATCACC-1",3
"TGCACCTGTCACACGC-1",2
"TGCACCTTCACGGTTA-1",4
"TGCACCTTCATCGGAT-1",1
"TGCACCTTCCGCGGTA-1",2
"TGCACCTTCGAACTGT-1",6
"TGCACCTTCTCTTGAT-1",1
"TGCCAAACAATGTAAG-1",0
"TGCCAAACAATTCCTT-1",3
"TGCCAAAGTTCGCGAC-1",2
"TGCCAAATCCAAACTG-1",8
"TGCCAAATCCCTGACT-1",0
"TGCCAAATCGGCGGTT-1",3
"TGCCCATAGACTAGGC-1",0
"TGCCCATAGCGTCAAG-1",0
"TGCCCATAGCGTGAAC-1",2
"TGCCCATAGCTGTTCA-1",3
"TGCCCATAGGATGGAA-1",1
"TGCCCATAGTACGCCC-1",1
"TGCCCATAGTTGAGTA-1",0
"TGCCCATCACCAGGTC-1",5
"TGCCCATCACGAAATA-1",3
"TGCCCATCAGGACGTA-1",0
"TGCCCATCATGGAATA-1",1
"TGCCCATCATGGATGG-1",7
"TGCCCATGTAGCCTCG-1",7
"TGCCCATTCAAACCGT-1",2
"TGCCCATTCAGGCCCA-1",3
"TGCCCATTCCTTCAAT-1",1
"TGCCCATTCGGAAATA-1",0
"TGCCCTAAGGTCGGAT-1",1
"TGCCCTAAGGTTCCTA-1",1
"TGCCCTACACCACCAG-1",1
"TGCCCTACAGCCACCA-1",4
"TGCCCTACAGTGAGTG-1",2
"TGCCCTAGTCCGAGTC-1",2
"TGCCCTAGTGGTTTCA-1",1
"TGCCCTAGTTTCGCTC-1",0
"TGCCCTATCGACGGAA-1",0
"TGCCCTATCTTCGGTC-1",0
"TGCGCAGAGACTAGGC-1",5
"TGCGCAGAGCACACAG-1",3
"TGCGCAGAGCGTCTAT-1",0
"TGCGCAGAGGAGCGAG-1",0
"TGCGCAGCAAACGTGG-1",2
"TGCGCAGCAGCTCGCA-1",1
"TGCGCAGCAGTAGAGC-1",1
"TGCGCAGTCCTACAGA-1",0
"TGCGGGTAGAGACTTA-1",4
"TGCGGGTAGATCGATA-1",2
"TGCGGGTAGCTCTCGG-1",1
"TGCGGGTAGGTGTGGT-1",2
"TGCGGGTAGTACTTGC-1",2
"TGCGGGTCAATGGAAT-1",7
"TGCGGGTCACACGCTG-1",11
"TGCGGGTCATTGGGCC-1",0
"TGCGGGTGTAGAAAGG-1",8
"TGCGGGTGTCACCTAA-1",0
"TGCGGGTGTCAGATAA-1",1
"TGCGGGTGTTAGAACA-1",3
"TGCGGGTTCAGTTCGA-1",1
"TGCGGGTTCGTAGATC-1",4
"TGCGGGTTCTCTTGAT-1",5
"TGCGTGGAGACGCAAC-1",0
"TGCGTGGAGACTGGGT-1",0
"TGCGTGGAGTGAACGC-1",1
"TGCGTGGCAATTCCTT-1",4
"TGCGTGGGTGCACCAC-1",2
"TGCGTGGTCCGCGCAA-1",1
"TGCGTGGTCGCCCTTA-1",2
"TGCGTGGTCTGGCGAC-1",0
"TGCTACCAGAAAGTGG-1",4
"TGCTACCAGATGGCGT-1",3
"TGCTACCAGCAAATCA-1",0
"TGCTACCAGTCCGTAT-1",3
"TGCTACCCAAGAGGCT-1",0
"TGCTACCCACTTAACG-1",1
"TGCTACCCATCGTCGG-1",7
"TGCTACCCATGGTTGT-1",1
"TGCTACCGTGTGACGA-1",1
"TGCTACCTCCTCGCAT-1",2
"TGCTACCTCTTCTGGC-1",1
"TGCTGCTAGACTAAGT-1",1
"TGCTGCTAGGTGATAT-1",2
"TGCTGCTCAATAGAGT-1",1
"TGCTGCTCACAGACAG-1",5
"TGCTGCTCATCCCATC-1",0
"TGCTGCTCATGGTTGT-1",7
"TGCTGCTGTCATACTG-1",0
"TGCTGCTGTGAAGGCT-1",1
"TGCTGCTTCATTGCGA-1",1
"TGGACGCAGAGGTACC-1",3
"TGGACGCAGTCAAGGC-1",1
"TGGACGCCACAGAGGT-1",1
"TGGACGCCATGGTAGG-1",2
"TGGACGCGTCCGAACC-1",2
"TGGACGCGTCTCCCTA-1",1
"TGGCCAGAGAAGGTGA-1",2
"TGGCCAGAGAGTACAT-1",0
"TGGCCAGAGGCGATAC-1",1
"TGGCCAGAGGCGTACA-1",1
"TGGCCAGCAACTGCGC-1",4
"TGGCCAGCACGACTCG-1",2
"TGGCCAGGTCAATACC-1",4
"TGGCCAGTCGTAGATC-1",4
"TGGCCAGTCTATCCCG-1",4
"TGGCGCAAGCTACCTA-1",1
"TGGCGCAAGCTATGCT-1",1
"TGGCGCAAGTGTGGCA-1",1
"TGGCGCAAGTTACCCA-1",6
"TGGCGCACACAGGCCT-1",2
"TGGCGCACACGGATAG-1",2
"TGGCGCACAGCGATCC-1",3
"TGGCGCACATAGGATA-1",1
"TGGCGCACATATACGC-1",3
"TGGCGCAGTACTCTCC-1",5
"TGGCGCAGTGGACGAT-1",4
"TGGCGCAGTTATGTGC-1",2
"TGGCGCATCAAGAAGT-1",0
"TGGCGCATCATGCTCC-1",10
"TGGCGCATCATGTGGT-1",2
"TGGCGCATCATTATCC-1",1
"TGGCGCATCGTGGTCG-1",1
"TGGCTGGAGCGGATCA-1",3
"TGGCTGGAGTGCAAGC-1",0
"TGGCTGGCAAGTTAAG-1",3
"TGGCTGGCACGGATAG-1",0
"TGGCTGGCAGGAACGT-1",0
"TGGCTGGGTCGAGTTT-1",2
"TGGCTGGGTCGGCATC-1",0
"TGGCTGGGTCTAGCCG-1",2
"TGGCTGGGTTACGCGC-1",1
"TGGCTGGGTTGGACCC-1",0
"TGGCTGGTCTCGTTTA-1",2
"TGGGAAGAGATATACG-1",4
"TGGGAAGAGCCCAATT-1",0
"TGGGAAGAGCGCTCCA-1",1
"TGGGAAGAGGGCTTCC-1",2
"TGGGAAGAGTAAGTAC-1",11
"TGGGAAGAGTTAACGA-1",0
"TGGGAAGCAAGGTGTG-1",3
"TGGGAAGCAGATCCAT-1",5
"TGGGAAGCAGCGAACA-1",2
"TGGGAAGGTAAGTTCC-1",2
"TGGGAAGGTTAGATGA-1",1
"TGGGAAGGTTATTCTC-1",2
"TGGGAAGTCCCAAGAT-1",1
"TGGGAAGTCCTTCAAT-1",3
"TGGGAAGTCGTGGACC-1",1
"TGGGAAGTCTCCTATA-1",4
"TGGGCGTAGTCTCCTC-1",0
"TGGGCGTCAGACGTAG-1",0
"TGGGCGTCAGGGATTG-1",2
"TGGGCGTGTCCAAGTT-1",0
"TGGGCGTGTCTAGAGG-1",3
"TGGGCGTGTGGCTCCA-1",4
"TGGGCGTGTTTCGCTC-1",0
"TGGGCGTTCAGCTTAG-1",1
"TGGTTAGAGCTACCTA-1",0
"TGGTTAGAGTTAGGTA-1",4
"TGGTTAGGTGATGATA-1",2
"TGGTTAGGTTCACGGC-1",1
"TGGTTAGTCCCGACTT-1",1
"TGGTTAGTCTTGTATC-1",2
"TGGTTCCAGCCGTCGT-1",0
"TGGTTCCAGTAATCCC-1",3
"TGGTTCCCAAGTTGTC-1",2
"TGGTTCCCAGACAAAT-1",1
"TGGTTCCCAGACAGGT-1",2
"TGGTTCCCAGCTCGAC-1",0
"TGGTTCCCATGTCCTC-1",4
"TGGTTCCCATTTCACT-1",3
"TGGTTCCGTCCAAGTT-1",5
"TGGTTCCTCACATACG-1",2
"TGGTTCCTCAGCTTAG-1",0
"TGGTTCCTCTAACTTC-1",0
"TGGTTCCTCTAGAGTC-1",0
"TGGTTCCTCTGGGCCA-1",1
"TGTATTCAGCCCGAAA-1",1
"TGTATTCAGCGATCCC-1",1
"TGTATTCCAGGGCATA-1",3
"TGTATTCGTAAGAGAG-1",0
"TGTATTCGTTTGTTTC-1",1
"TGTATTCTCAGCATGT-1",4
"TGTATTCTCATCTGTT-1",1
"TGTCCCAAGCAGATCG-1",5
"TGTCCCAAGCTAGTTC-1",0
"TGTCCCAAGCTGAACG-1",5
"TGTCCCAAGTTGTCGT-1",1
"TGTCCCACAGTAAGCG-1",1
"TGTCCCACATCACGTA-1",0
"TGTCCCAGTAAGAGGA-1",7
"TGTCCCAGTAAGTGGC-1",0
"TGTCCCAGTCGGATCC-1",0
"TGTCCCAGTCTCTTTA-1",1
"TGTCCCATCATTTGGG-1",1
"TGTCCCATCTGCAAGT-1",2
"TGTCCCATCTGCGTAA-1",1
"TGTGGTAGTCCCGACA-1",1
"TGTGGTAGTGTGAAAT-1",1
"TGTGGTAGTGTGACGA-1",1
"TGTGGTATCCAGGGCT-1",1
"TGTGGTATCTTGCATT-1",3
"TGTGTTTAGAGGTTAT-1",6
"TGTGTTTAGCGTGAGT-1",1
"TGTGTTTAGTGCGTGA-1",1
"TGTGTTTCATGCGCAC-1",3
"TGTGTTTTCTCATTCA-1",0
"TGTGTTTTCTTTCCTC-1",1
"TGTTCCGAGAGCAATT-1",4
"TGTTCCGAGCAACGGT-1",4
"TGTTCCGAGGAATTAC-1",4
"TGTTCCGAGGACTGGT-1",3
"TGTTCCGCAGTGAGTG-1",3
"TGTTCCGGTGAGTATA-1",3
"TGTTCCGTCAAGCCTA-1",9
"TGTTCCGTCAGTTCGA-1",2
"TGTTCCGTCGGCGGTT-1",5
"TGTTCCGTCTGAAAGA-1",2
"TGTTCCGTCTGGTATG-1",1
"TTAACTCAGTGTACGG-1",2
"TTAACTCCAAGCGCTC-1",1
"TTAACTCCAGGCAGTA-1",1
"TTAACTCGTTCCACAA-1",1
"TTAACTCTCATAAAGG-1",1
"TTAACTCTCCCTCAGT-1",1
"TTAGGACAGCAGGCTA-1",6
"TTAGGACAGCTCTCGG-1",1
"TTAGGACCAAGCCATT-1",1
"TTAGGACCAGTCAGAG-1",1
"TTAGGACGTTTGTTTC-1",1
"TTAGGCAAGAAGATTC-1",3
"TTAGGCAAGAGCCCAA-1",1
"TTAGGCAAGAGTGACC-1",0
"TTAGGCAAGGTTCCTA-1",0
"TTAGGCAAGTCGTTTG-1",1
"TTAGGCAAGTGTACCT-1",0
"TTAGGCACAGACGCTC-1",1
"TTAGGCACATGTTCCC-1",2
"TTAGGCAGTAAGGATT-1",1
"TTAGGCAGTAAGTAGT-1",2
"TTAGGCAGTCTTGATG-1",1
"TTAGGCATCACGCATA-1",2
"TTAGGCATCAGTCAGT-1",5
"TTAGGCATCCAGTATG-1",2
"TTAGGCATCGTTACGA-1",3
"TTAGTTCAGGTGCAAC-1",3
"TTAGTTCCAATGTAAG-1",1
"TTAGTTCCATCCTTGC-1",4
"TTAGTTCGTAGCCTAT-1",4
"TTAGTTCGTGCAGACA-1",0
"TTAGTTCGTGTCAATC-1",4
"TTAGTTCGTTGCCTCT-1",4
"TTAGTTCTCAGGCCCA-1",1
"TTAGTTCTCGCAGGCT-1",2
"TTAGTTCTCTACTATC-1",2
"TTATGCTAGAATGTGT-1",2
"TTATGCTAGCACACAG-1",0
"TTATGCTAGCAGCCTC-1",5
"TTATGCTAGTCCCACG-1",3
"TTATGCTAGTGGTAAT-1",0
"TTATGCTCAGCCAGAA-1",3
"TTATGCTCATACCATG-1",0
"TTATGCTCATGTAGTC-1",0
"TTATGCTGTCCGAGTC-1",1
"TTATGCTTCGATAGAA-1",2
"TTCCCAGAGAATTCCC-1",0
"TTCCCAGAGACTAGAT-1",2
"TTCCCAGAGTATCGAA-1",1
"TTCCCAGCAGATGGGT-1",1
"TTCCCAGCATCAGTAC-1",0
"TTCCCAGCATCTCCCA-1",0
"TTCCCAGCATTACCTT-1",1
"TTCCCAGTCAACACTG-1",2
"TTCCCAGTCGAGAGCA-1",1
"TTCGAAGAGTCTCAAC-1",2
"TTCGAAGCAAGCGCTC-1",0
"TTCGAAGCACATTAGC-1",0
"TTCGAAGCACGGTGTC-1",0
"TTCGGTCAGAGGACGG-1",1
"TTCGGTCAGCACACAG-1",1
"TTCGGTCAGGCCCTCA-1",2
"TTCGGTCAGTGAATTG-1",1
"TTCGGTCAGTTGAGAT-1",8
"TTCGGTCCAAGGGTCA-1",11
"TTCGGTCCACGTCAGC-1",3
"TTCGGTCGTAACGTTC-1",4
"TTCGGTCGTAGAGTGC-1",4
"TTCGGTCGTTCATGGT-1",0
"TTCGGTCGTTCTGTTT-1",0
"TTCGGTCTCAAAGACA-1",3
"TTCGGTCTCCAGTATG-1",5
"TTCGGTCTCGCGTTTC-1",5
"TTCGGTCTCGTCTGAA-1",3
"TTCTACAAGACTAAGT-1",6
"TTCTACAAGCAGCCTC-1",1
"TTCTACAAGCCTTGAT-1",1
"TTCTACAAGGCAGGTT-1",1
"TTCTACAAGGTAAACT-1",1
"TTCTACAAGTTAGGTA-1",1
"TTCTACACACGTGAGA-1",2
"TTCTACACAGCTGTTA-1",1
"TTCTACACATCGATTG-1",1
"TTCTACACATTACGAC-1",4
"TTCTACAGTACCGTTA-1",3
"TTCTACAGTATATGAG-1",6
"TTCTACAGTGGCTCCA-1",3
"TTCTACATCAACGGGA-1",2
"TTCTACATCCGCGTTT-1",1
"TTCTCAAAGAAAGTGG-1",2
"TTCTCAAAGAATCTCC-1",5
"TTCTCAAAGAGGTTAT-1",1
"TTCTCAAAGCAGCCTC-1",1
"TTCTCAAAGCCGCCTA-1",0
"TTCTCAAAGTCAATAG-1",2
"TTCTCAAAGTTGAGAT-1",3
"TTCTCAACACCCAGTG-1",2
"TTCTCAACATTGTGCA-1",5
"TTCTCAAGTATAAACG-1",1
"TTCTCAAGTCCCTTGT-1",2
"TTCTCAAGTCGAGATG-1",2
"TTCTCAATCATCGCTC-1",0
"TTCTCAATCCCTAACC-1",1
"TTCTCAATCGTAGGAG-1",3
"TTCTCCTAGAGTAAGG-1",1
"TTCTCCTAGCGACGTA-1",7
"TTCTCCTAGCGTGAGT-1",2
"TTCTCCTAGTCTCGGC-1",0
"TTCTCCTCAACACGCC-1",2
"TTCTCCTCAATAACGA-1",2
"TTCTCCTGTTAAGAAC-1",2
"TTCTCCTTCAGTTCGA-1",2
"TTCTCCTTCCGTAGGC-1",6
"TTCTCCTTCCTTTCTC-1",4
"TTCTCCTTCTGCAAGT-1",1
"TTCTCCTTCTTCAACT-1",3
"TTCTCCTTCTTGTACT-1",1
"TTCTTAGAGGACTGGT-1",0
"TTCTTAGCAAGGTGTG-1",0
"TTCTTAGCATCGGAAG-1",2
"TTCTTAGGTAGAAGGA-1",2
"TTCTTAGGTCATATGC-1",1
"TTCTTAGTCAGTTCGA-1",0
"TTGAACGGTCACTTCC-1",2
"TTGAACGTCATGTCCC-1",1
"TTGACTTAGCCACGTC-1",1
"TTGACTTAGCGACGTA-1",7
"TTGACTTAGTTAACGA-1",2
"TTGACTTCACTTACGA-1",5
"TTGACTTGTCTCTCTG-1",1
"TTGACTTGTGCGATAG-1",0
"TTGACTTTCCAGAGGA-1",3
"TTGACTTTCTGTCCGT-1",2
"TTGCCGTAGGAGCGTT-1",0
"TTGCCGTAGGTGGGTT-1",2
"TTGCCGTCATGGTCAT-1",4
"TTGCCGTGTACAGACG-1",3
"TTGCGTCAGACAGAGA-1",0
"TTGCGTCAGCTCCTTC-1",2
"TTGCGTCAGTCCATAC-1",0
"TTGCGTCAGTGAATTG-1",1
"TTGCGTCCAAATTGCC-1",2
"TTGCGTCCACTGTGTA-1",0
"TTGCGTCCAGTCACTA-1",2
"TTGCGTCGTCTGATTG-1",3
"TTGGAACAGCCCAATT-1",6
"TTGGAACAGCGTCTAT-1",7
"TTGGAACAGGCGTACA-1",1
"TTGGAACGTATTACCG-1",2
"TTGGAACGTGTGTGCC-1",3
"TTGGAACTCCCATTAT-1",0
"TTGGAACTCCGTAGTA-1",0
"TTGGAACTCGTCCAGG-1",1
"TTGGCAAAGTTAGGTA-1",2
"TTGGCAAGTATAGGTA-1",6
"TTGGCAATCACATGCA-1",1
"TTGGCAATCAGAGCTT-1",3
"TTGGCAATCGCATGAT-1",1
"TTGGCAATCTAGAGTC-1",2
"TTGTAGGAGGTGCTAG-1",3
"TTGTAGGCACACGCTG-1",0
"TTGTAGGGTCTCCCTA-1",2
"TTGTAGGGTGGTAACG-1",2
"TTGTAGGTCGGCGCTA-1",2
"TTGTAGGTCTGCCAGG-1",3
"TTTACTGAGATCACGG-1",0
"TTTACTGCAAAGCAAT-1",1
"TTTACTGCACATGGGA-1",1
"TTTACTGCACCACGTG-1",1
"TTTACTGCATGGGACA-1",3
"TTTACTGCATGTCCTC-1",0
"TTTACTGGTAACGTTC-1",1
"TTTACTGGTGGTGTAG-1",3
"TTTACTGGTTCGCTAA-1",1
"TTTACTGTCTGGAGCC-1",4
"TTTATGCAGACTGTAA-1",1
"TTTATGCAGATGCGAC-1",0
"TTTATGCAGGCAAAGA-1",2
"TTTATGCAGGCCCGTT-1",2
"TTTATGCAGTTCCACA-1",3
"TTTATGCCAAACGCGA-1",1
"TTTATGCCAATCTGCA-1",1
"TTTATGCCACAGGTTT-1",0
"TTTATGCCAGCCAATT-1",1
"TTTATGCCAGGTCGTC-1",5
"TTTATGCCATGGTCAT-1",1
"TTTATGCTCACATAGC-1",1
"TTTATGCTCACCTTAT-1",2
"TTTATGCTCGGCGGTT-1",1
"TTTATGCTCTCGCTTG-1",2
"TTTCCTCAGCGTGAAC-1",0
"TTTCCTCAGGACTGGT-1",2
"TTTCCTCCAAAGTGCG-1",0
"TTTCCTCCAGGAATGC-1",3
"TTTCCTCCATTAGCCA-1",0
"TTTCCTCGTCCGAAGA-1",2
"TTTCCTCGTCGCTTTC-1",4
"TTTCCTCTCGGCCGAT-1",4
"TTTCCTCTCGTGTAGT-1",3
"TTTGCGCAGCTAAACA-1",2
"TTTGCGCAGCTAGTCT-1",2
"TTTGCGCAGGCCGAAT-1",5
"TTTGCGCAGTCAAGGC-1",1
"TTTGCGCCAAGTAGTA-1",2
"TTTGCGCCAGGTGCCT-1",2
"TTTGCGCGTCTAAACC-1",0
"TTTGCGCTCAAAGTAG-1",2
"TTTGCGCTCATGTAGC-1",0
"TTTGGTTAGAATGTGT-1",0
"TTTGGTTAGACAATAC-1",7
"TTTGGTTAGCGATTCT-1",1
"TTTGGTTAGGCTCAGA-1",0
"TTTGGTTAGTTACCCA-1",0
"TTTGGTTCAAACTGCT-1",4
"TTTGGTTCAAGCTGTT-1",9
"TTTGGTTCAGATCGGA-1",1
"TTTGGTTCATCACAAC-1",4
"TTTGGTTGTACTTCTT-1",4
"TTTGGTTGTATGCTTG-1",3
"TTTGGTTGTGCTTCTC-1",3
"TTTGGTTTCATGCTCC-1",5
"TTTGGTTTCCCTGACT-1",5
"TTTGTCAAGAGTCGGT-1",0
"TTTGTCACAAGTTCTG-1",0
"TTTGTCACAAGTTGTC-1",1
"TTTGTCACACTCTGTC-1",0
"TTTGTCATCACCTTAT-1",2
"TTTGTCATCCATTCTA-1",4
"TTTGTCATCCTTAATC-1",3
"TTTGTCATCTTATCTG-1",0
