"cell_barcode","expression"
"AAACCTGAGACAGAGA-1",6
"AAACCTGAGACTTTCG-1",0
"AAACCTGAGAGTAAGG-1",4
"AAACCTGAGAGTCGGT-1",2
"AAACCTGAGGATGGAA-1",1
"AAACCTGAGTAGATGT-1",6
"AAACCTGCAATCAGAA-1",2
"AAACCTGCACCGATAT-1",1
"AAACCTGCAGACGTAG-1",0
"AAACCTGCAGTATCTG-1",0
"AAACCTGCATAGTAAG-1",1
"AAACCTGCATGAACCT-1",1
"AAACCTGGTAAGAGGA-1",2
"AAACCTGGTCCAACTA-1",0
"AAACCTGTCCGTAGTA-1",0
"AAACCTGTCGAGAGCA-1",0
"AAACGGGAGTACGACG-1",1
"AAACGGGCAAGGTTTC-1",0
"AAACGGGCACGTCAGC-1",1
"AAACGGGCAGCGTTCG-1",3
"AAACGGGGTAGCCTCG-1",0
"AAACGGGGTCTACCTC-1",1
"AAACGGGGTGCGGTAA-1",0
"AAACGGGGTTGTCGCG-1",0
"AAACGGGTCCATGAGT-1",1
"AAACGGGTCCCAACGG-1",1
"AAACGGGTCCCATTAT-1",2
"AAAGATGCAGTCAGCC-1",1
"AAAGATGCATCTACGA-1",0
"AAAGCAAAGCGTCTAT-1",0
"AAAGCAACATGTCGAT-1",1
"AAAGCAAGTAGCTGCC-1",0
"AAAGCAAGTAGGCATG-1",0
"AAAGCAAGTGCGCTTG-1",1
"AAAGCAAGTTATTCTC-1",1
"AAAGCAATCCGTAGTA-1",0
"AAAGTAGAGATGTGTA-1",0
"AAAGTAGAGTGGGCTA-1",2
"AAAGTAGGTATATGGA-1",5
"AAAGTAGGTGAGCGAT-1",0
"AAAGTAGGTTGAGGTG-1",1
"AAATGCCAGCCCTAAT-1",3
"AAATGCCAGCGTGTCC-1",0
"AAATGCCCAACACCTA-1",2
"AAATGCCGTAGGAGTC-1",1
"AAATGCCGTCTTTCAT-1",0
"AAATGCCGTGGTCCGT-1",1
"AAATGCCGTTCCCGAG-1",2
"AAATGCCTCATAGCAC-1",1
"AAATGCCTCGCTTAGA-1",1
"AACACGTAGAATTCCC-1",0
"AACACGTAGCCCTAAT-1",2
"AACACGTAGGGTGTGT-1",1
"AACACGTCACTGTCGG-1",0
"AACACGTCATCCCATC-1",4
"AACACGTGTGCAACGA-1",2
"AACACGTGTGTCGCTG-1",0
"AACCATGAGCGCTTAT-1",2
"AACCATGGTCCGTTAA-1",2
"AACCATGTCAGTTCGA-1",0
"AACCATGTCATCGATG-1",0
"AACCATGTCCCAAGTA-1",1
"AACCGCGAGAAGCCCA-1",0
"AACCGCGAGACTGGGT-1",2
"AACCGCGAGAGGTACC-1",2
"AACCGCGAGTTAGGTA-1",1
"AACCGCGAGTTGCAGG-1",2
"AACCGCGCACGGTAGA-1",3
"AACCGCGCAGCATGAG-1",0
"AACCGCGCAGCCTGTG-1",1
"AACCGCGCAGCTGTGC-1",1
"AACCGCGCAGTATGCT-1",1
"AACCGCGGTACTTGAC-1",2
"AACCGCGGTCTGCAAT-1",1
"AACCGCGTCACATGCA-1",0
"AACCGCGTCACCGTAA-1",0
"AACCGCGTCCAGAGGA-1",0
"AACCGCGTCCGAAGAG-1",2
"AACCGCGTCGATCCCT-1",0
"AACGTTGAGCGATAGC-1",2
"AACGTTGAGCGATCCC-1",4
"AACGTTGAGCTTATCG-1",0
"AACGTTGCAAGTTGTC-1",6
"AACGTTGCAATAGAGT-1",0
"AACGTTGCAATGGATA-1",1
"AACGTTGCATGGATGG-1",0
"AACGTTGCATTCTCAT-1",1
"AACGTTGTCAACACGT-1",8
"AACGTTGTCGAGGTAG-1",3
"AACGTTGTCGGTCCGA-1",1
"AACTCAGAGAGCTATA-1",0
"AACTCAGAGAGTCGGT-1",5
"AACTCAGAGCCACCTG-1",0
"AACTCAGAGCCCAATT-1",0
"AACTCAGCAAACAACA-1",5
"AACTCAGCACAAGCCC-1",1
"AACTCAGCACGGTTTA-1",0
"AACTCAGCAGGATCGA-1",4
"AACTCAGCATAAAGGT-1",0
"AACTCAGGTTCCACAA-1",3
"AACTCAGTCGTACCGG-1",0
"AACTCCCAGCCCAGCT-1",1
"AACTCCCAGCTAAGAT-1",3
"AACTCCCCAAACGCGA-1",1
"AACTCCCCATGGTCTA-1",2
"AACTCCCGTTGCGCAC-1",3
"AACTCCCTCAAGAAGT-1",4
"AACTCCCTCAAGCCTA-1",1
"AACTCCCTCATCGCTC-1",3
"AACTCCCTCTGCAGTA-1",1
"AACTCCCTCTGGCGTG-1",3
"AACTCTTAGCAGACTG-1",0
"AACTCTTAGTCCGGTC-1",1
"AACTCTTCATGCTAGT-1",0
"AACTCTTGTCGAATCT-1",1
"AACTCTTGTCGGGTCT-1",2
"AACTCTTTCCTCAATT-1",0
"AACTCTTTCTCAAACG-1",3
"AACTCTTTCTCCAGGG-1",0
"AACTCTTTCTCTGCTG-1",1
"AACTGGTAGAAGATTC-1",0
"AACTGGTAGAGACTAT-1",2
"AACTGGTAGCCAACAG-1",1
"AACTGGTAGTGTACTC-1",0
"AACTGGTCACTGAAGG-1",3
"AACTGGTGTCCGAACC-1",0
"AACTGGTTCGGAGCAA-1",2
"AACTGGTTCGTGGGAA-1",0
"AACTGGTTCTGCTTGC-1",0
"AACTTTCAGCGTGAAC-1",4
"AACTTTCAGTATCTCG-1",3
"AACTTTCAGTTTCCTT-1",2
"AACTTTCCATCCTTGC-1",0
"AACTTTCGTCTAGAGG-1",0
"AACTTTCGTCTCTTTA-1",1
"AACTTTCGTTTGTTTC-1",0
"AAGACCTAGGGCTTCC-1",1
"AAGACCTAGTACACCT-1",6
"AAGACCTGTATATGAG-1",1
"AAGACCTGTATCAGTC-1",2
"AAGACCTGTCCGTGAC-1",2
"AAGACCTGTCGAAAGC-1",0
"AAGACCTTCGCCATAA-1",1
"AAGCCGCAGATCTGAA-1",2
"AAGCCGCAGGGTGTTG-1",2
"AAGCCGCAGTGGACGT-1",1
"AAGCCGCAGTGTACTC-1",1
"AAGCCGCCACGCTTTC-1",0
"AAGCCGCCAGGACGTA-1",2
"AAGCCGCGTACAGTTC-1",0
"AAGCCGCGTCATTAGC-1",0
"AAGCCGCTCACGAAGG-1",1
"AAGCCGCTCAGTTAGC-1",0
"AAGCCGCTCGCAAACT-1",1
"AAGCCGCTCGTCGTTC-1",3
"AAGCCGCTCTTACCGC-1",4
"AAGGAGCAGAAACCGC-1",1
"AAGGAGCAGGCATGTG-1",3
"AAGGAGCAGGCGCTCT-1",1
"AAGGAGCAGTTGAGTA-1",1
"AAGGAGCCACGGCGTT-1",1
"AAGGAGCGTAGCGCAA-1",1
"AAGGAGCGTCTGCAAT-1",2
"AAGGAGCTCGTCTGCT-1",1
"AAGGCAGAGAACTGTA-1",1
"AAGGCAGAGAGATGAG-1",1
"AAGGCAGAGGTGATAT-1",0
"AAGGCAGCATAGTAAG-1",3
"AAGGCAGGTACTTCTT-1",0
"AAGGCAGGTGTGCCTG-1",1
"AAGGCAGTCAGATAAG-1",0
"AAGGCAGTCGGAATCT-1",3
"AAGGTTCAGTATCTCG-1",0
"AAGGTTCCATCACGTA-1",3
"AAGGTTCGTATATGGA-1",1
"AAGGTTCGTCCGAATT-1",1
"AAGGTTCGTCGACTAT-1",2
"AAGGTTCGTGTGACCC-1",0
"AAGGTTCTCCGTCATC-1",1
"AAGGTTCTCCTCGCAT-1",3
"AAGGTTCTCTGCGGCA-1",0
"AAGTCTGAGCCATCGC-1",0
"AAGTCTGAGTCAAGCG-1",0
"AAGTCTGCAAAGGAAG-1",1
"AAGTCTGGTCAGCTAT-1",2
"AAGTCTGTCAAACAAG-1",1
"AAGTCTGTCACTGGGC-1",2
"AAGTCTGTCAGCAACT-1",3
"AATCCAGCAAAGTGCG-1",1
"AATCCAGCAGCATACT-1",2
"AATCCAGGTAGGCATG-1",0
"AATCCAGGTCTCCCTA-1",1
"AATCCAGTCCGAATGT-1",1
"AATCGGTAGGCATGGT-1",1
"AATCGGTTCCTGTACC-1",1
"AATCGGTTCGCCGTGA-1",4
"ACACCAAAGATGAGAG-1",1
"ACACCAAAGCCCTAAT-1",0
"ACACCAAAGGATGGTC-1",0
"ACACCAAAGTGTCCAT-1",3
"ACACCAACACTTCGAA-1",4
"ACACCAACAGACGCTC-1",4
"ACACCAACAGCCTATA-1",0
"ACACCAAGTCGCGTGT-1",0
"ACACCAAGTCTAAACC-1",1
"ACACCAAGTTATGTGC-1",1
"ACACCAATCGCGTTTC-1",0
"ACACCCTAGCCAGGAT-1",0
"ACACCCTAGTACTTGC-1",0
"ACACCCTCAAGCGCTC-1",0
"ACACCCTCATCACAAC-1",3
"ACACCCTCATGCCCGA-1",1
"ACACCCTGTCTGGTCG-1",0
"ACACCCTTCCGCAAGC-1",1
"ACACCCTTCCTTGCCA-1",3
"ACACCCTTCTATCCTA-1",0
"ACACCCTTCTGGCGTG-1",0
"ACACCGGAGGCTCAGA-1",0
"ACACCGGAGTGACATA-1",0
"ACACCGGAGTTACCCA-1",4
"ACACCGGCAAGCCGTC-1",0
"ACACCGGCACCAGATT-1",4
"ACACCGGCACCGAAAG-1",0
"ACACCGGCATCACAAC-1",2
"ACACCGGTCCGCATAA-1",0
"ACACCGGTCTCGGACG-1",0
"ACACCGGTCTCTGTCG-1",2
"ACACTGAAGCACGCCT-1",2
"ACACTGAAGGTGATTA-1",1
"ACACTGACAATAGAGT-1",1
"ACACTGACAGACTCGC-1",0
"ACACTGACATCCAACA-1",0
"ACACTGAGTCCGAAGA-1",0
"ACACTGAGTGTTTGTG-1",1
"ACACTGAGTTTGACTG-1",0
"ACAGCCGAGGAATGGA-1",1
"ACAGCCGAGGCCCGTT-1",3
"ACAGCCGAGGTGCTTT-1",4
"ACAGCCGAGTGGTAGC-1",0
"ACAGCCGCATATACGC-1",2
"ACAGCCGCATGCAACT-1",0
"ACAGCCGGTAGGGTAC-1",0
"ACAGCCGGTCGAATCT-1",2
"ACAGCCGGTTCACCTC-1",1
"ACAGCCGGTTCCACTC-1",0
"ACAGCCGTCCAGAAGG-1",1
"ACAGCCGTCTTTACAC-1",3
"ACAGCTAAGCACCGCT-1",0
"ACAGCTAAGTATCTCG-1",2
"ACAGCTAAGTGTTGAA-1",0
"ACAGCTACATCGTCGG-1",0
"ACAGCTAGTCGACTAT-1",1
"ACAGCTAGTGGTACAG-1",2
"ACAGCTATCACCACCT-1",2
"ACAGCTATCTGCTTGC-1",0
"ACATACGAGAGCTTCT-1",0
"ACATACGAGCGTAGTG-1",3
"ACATACGAGCTTCGCG-1",0
"ACATACGAGCTTTGGT-1",0
"ACATACGCAAACGTGG-1",0
"ACATACGCAAGCCTAT-1",0
"ACATACGCATCTCCCA-1",2
"ACATACGCATTCTCAT-1",0
"ACATACGGTAGGAGTC-1",0
"ACATACGGTGCACCAC-1",1
"ACATACGGTGGTTTCA-1",1
"ACATACGTCGTATCAG-1",1
"ACATCAGAGCCACTAT-1",0
"ACATCAGAGCCTTGAT-1",2
"ACATCAGCAACACCCG-1",1
"ACATCAGCAACGATGG-1",1
"ACATCAGCAATTGCTG-1",1
"ACATCAGCACCGGAAA-1",1
"ACATCAGCATAAAGGT-1",1
"ACATCAGCATCCCACT-1",0
"ACATCAGCATTTGCCC-1",2
"ACATCAGGTAAGGATT-1",2
"ACATCAGGTCCGTGAC-1",1
"ACATCAGGTTAAGTAG-1",1
"ACATCAGTCAAACCGT-1",0
"ACATGGTAGCATGGCA-1",0
"ACATGGTAGCTGTTCA-1",0
"ACATGGTCACTTGGAT-1",1
"ACATGGTGTCAGATAA-1",0
"ACATGGTGTCTGCGGT-1",0
"ACATGGTGTGCAACTT-1",0
"ACATGGTTCCGCAAGC-1",2
"ACATGGTTCCTCCTAG-1",5
"ACATGGTTCTGGAGCC-1",1
"ACATGGTTCTTCTGGC-1",0
"ACCAGTAAGATCACGG-1",0
"ACCAGTAAGCTTCGCG-1",0
"ACCAGTACACAGATTC-1",1
"ACCAGTACACAGGCCT-1",0
"ACCAGTACAGTATGCT-1",1
"ACCAGTACAGTCAGAG-1",3
"ACCAGTACAGTTTACG-1",5
"ACCAGTAGTCACCCAG-1",1
"ACCAGTAGTCCATCCT-1",1
"ACCAGTAGTCTTCAAG-1",0
"ACCAGTAGTGGACGAT-1",0
"ACCAGTATCTGCGACG-1",3
"ACCAGTATCTGCTTGC-1",2
"ACCAGTATCTGTTTGT-1",1
"ACCCACTAGAGGTTAT-1",2
"ACCCACTAGATCCCGC-1",0
"ACCCACTAGATGTGTA-1",8
"ACCCACTAGCCCAATT-1",1
"ACCCACTCAAGGGTCA-1",0
"ACCCACTCAAGGTTCT-1",1
"ACCCACTGTAAATGAC-1",0
"ACCCACTGTAGCCTCG-1",1
"ACCCACTGTCAAAGAT-1",2
"ACCCACTGTCAATACC-1",0
"ACCCACTGTGTGGTTT-1",0
"ACCCACTTCGCAAACT-1",0
"ACCCACTTCTGCCAGG-1",1
"ACCGTAACAATCGGTT-1",0
"ACCGTAACAATCTACG-1",2
"ACCGTAACAGGTCCAC-1",1
"ACCGTAAGTACAGCAG-1",3
"ACCGTAAGTCATGCAT-1",0
"ACCGTAAGTGAGTGAC-1",1
"ACCGTAAGTTAAGAAC-1",0
"ACCGTAAGTTCCGTCT-1",2
"ACCGTAATCACATAGC-1",0
"ACCGTAATCATGTGGT-1",0
"ACCGTAATCTGAAAGA-1",0
"ACCTTTACAATCGGTT-1",1
"ACCTTTACACGGACAA-1",0
"ACCTTTACAGCAGTTT-1",1
"ACCTTTACATGCAACT-1",0
"ACCTTTACATTTCAGG-1",2
"ACCTTTAGTGAACCTT-1",0
"ACCTTTAGTTCCACTC-1",1
"ACCTTTATCTCTAGGA-1",0
"ACGAGCCAGGCAGGTT-1",0
"ACGAGCCCACAGGCCT-1",0
"ACGAGCCCATGGAATA-1",0
"ACGAGCCGTGCACGAA-1",1
"ACGAGCCGTGTGACCC-1",1
"ACGAGCCGTTGGTTTG-1",0
"ACGAGCCTCAGTCCCT-1",3
"ACGAGCCTCGCAAACT-1",0
"ACGAGGACACTACAGT-1",2
"ACGAGGACATGTAGTC-1",4
"ACGAGGAGTACACCGC-1",1
"ACGAGGAGTGCCTGCA-1",0
"ACGAGGAGTTCTGAAC-1",0
"ACGAGGATCTGCGGCA-1",2
"ACGATACAGAGTGACC-1",0
"ACGATACAGCGCCTTG-1",1
"ACGATACAGTGATCGG-1",0
"ACGATACCACGTTGGC-1",2
"ACGATACCATTGGGCC-1",1
"ACGATACGTCGAATCT-1",2
"ACGATACTCTGACCTC-1",2
"ACGATGTAGTGCGATG-1",0
"ACGATGTAGTTGAGAT-1",1
"ACGATGTCAACGCACC-1",1
"ACGATGTCACACGCTG-1",1
"ACGATGTGTATTCTCT-1",0
"ACGATGTGTCAGTGGA-1",0
"ACGATGTGTGACTACT-1",1
"ACGATGTGTGTCGCTG-1",1
"ACGATGTTCGCGTAGC-1",2
"ACGATGTTCTCTTATG-1",1
"ACGCAGCAGCGGCTTC-1",0
"ACGCAGCAGCTGCGAA-1",1
"ACGCAGCAGTGTACGG-1",0
"ACGCAGCCACCTCGTT-1",2
"ACGCAGCCATCGACGC-1",1
"ACGCAGCCATTACCTT-1",3
"ACGCAGCGTCCATGAT-1",0
"ACGCAGCGTCTACCTC-1",3
"ACGCAGCGTCTGGTCG-1",3
"ACGCAGCGTGCGATAG-1",0
"ACGCCAGCAAAGCAAT-1",1
"ACGCCAGCAACGCACC-1",1
"ACGCCAGCACGAGAGT-1",0
"ACGCCAGCAGTGAGTG-1",0
"ACGCCAGGTGCACTTA-1",2
"ACGCCAGGTGTGCGTC-1",2
"ACGCCAGTCACAGGCC-1",1
"ACGCCAGTCAGTGTTG-1",0
"ACGCCGAAGAAACGCC-1",1
"ACGCCGAAGATCTGCT-1",2
"ACGCCGACAGCCTGTG-1",1
"ACGCCGAGTTCCAACA-1",0
"ACGCCGATCCTATGTT-1",2
"ACGCCGATCGCAGGCT-1",1
"ACGCCGATCTTGTATC-1",0
"ACGGAGAAGCCAGTTT-1",0
"ACGGAGAAGGTCATCT-1",0
"ACGGAGACACACATGT-1",1
"ACGGAGACAGCCTGTG-1",1
"ACGGAGACAGCGTAAG-1",0
"ACGGAGACAGTAAGCG-1",0
"ACGGAGAGTGTGACGA-1",1
"ACGGAGATCCACGAAT-1",2
"ACGGCCACACATCCAA-1",2
"ACGGCCACACATTCGA-1",1
"ACGGCCAGTACCGTAT-1",0
"ACGGCCAGTGTATGGG-1",0
"ACGGCCATCACGGTTA-1",2
"ACGGCCATCAGTGTTG-1",1
"ACGGCCATCTACTATC-1",0
"ACGGGCTAGGATCGCA-1",2
"ACGGGCTAGGTTCCTA-1",2
"ACGGGCTAGTGGCACA-1",0
"ACGGGCTCATCTGGTA-1",1
"ACGGGCTGTGAGGCTA-1",3
"ACGGGCTTCCGAACGC-1",3
"ACGGGTCAGATGCCAG-1",2
"ACGGGTCCATGATCCA-1",0
"ACGGGTCCATTAGGCT-1",1
"ACGGGTCCATTTCACT-1",1
"ACGGGTCGTTAGGGTG-1",0
"ACGGGTCTCAACACCA-1",6
"ACGGGTCTCCACGCAG-1",0
"ACGTCAAAGGGCTTCC-1",0
"ACGTCAAAGTGGTAAT-1",2
"ACGTCAACAACTGCGC-1",0
"ACGTCAACACAAGACG-1",3
"ACGTCAAGTAGCTCCG-1",1
"ACGTCAAGTGTCGCTG-1",2
"ACGTCAAGTTATGCGT-1",1
"ACGTCAATCAACCAAC-1",6
"ACGTCAATCATAACCG-1",0
"ACGTCAATCCAGAAGG-1",1
"ACGTCAATCTAACTCT-1",1
"ACTATCTAGAGGTTAT-1",0
"ACTATCTAGATACACA-1",1
"ACTATCTAGGAGTAGA-1",2
"ACTATCTAGGCATGTG-1",0
"ACTATCTCAAATACAG-1",0
"ACTATCTCAAATTGCC-1",2
"ACTATCTGTAGGGACT-1",1
"ACTATCTGTCGCGTGT-1",1
"ACTATCTGTGCACGAA-1",0
"ACTATCTGTGGTTTCA-1",2
"ACTATCTTCGCCGTGA-1",0
"ACTGAACAGAGTGAGA-1",1
"ACTGAACAGATCCCGC-1",0
"ACTGAACAGGTGATAT-1",2
"ACTGAACCAAAGCGGT-1",1
"ACTGAACCAAGCGAGT-1",0
"ACTGAACCAATTCCTT-1",2
"ACTGAACCAGCTGGCT-1",0
"ACTGAACCAGTCTTCC-1",3
"ACTGAACCATTACCTT-1",1
"ACTGAACGTAAGCACG-1",2
"ACTGAACGTAATCGTC-1",1
"ACTGAACGTCCAGTAT-1",0
"ACTGAACGTCTGATCA-1",2
"ACTGAACTCCCACTTG-1",1
"ACTGAGTAGCCGGTAA-1",1
"ACTGAGTCAGTGGGAT-1",0
"ACTGAGTCATTTGCCC-1",0
"ACTGAGTGTAGAGCTG-1",0
"ACTGAGTGTTGTGGCC-1",0
"ACTGAGTTCAGGTTCA-1",0
"ACTGATGAGACAGACC-1",1
"ACTGATGAGCGGATCA-1",0
"ACTGATGAGGTGCTTT-1",1
"ACTGATGCAGCAGTTT-1",0
"ACTGATGCATCACAAC-1",0
"ACTGATGGTCATGCAT-1",0
"ACTGATGTCACAATGC-1",1
"ACTGATGTCACTCCTG-1",0
"ACTGATGTCCCTGACT-1",1
"ACTGATGTCCGCTGTT-1",2
"ACTGATGTCCGGCACA-1",0
"ACTGATGTCCTATTCA-1",1
"ACTGCTCAGAGCTTCT-1",2
"ACTGCTCAGATGCCTT-1",1
"ACTGCTCCACACCGCA-1",0
"ACTGCTCCAGATGGGT-1",2
"ACTGCTCCATGCCTAA-1",2
"ACTGCTCGTAGGCATG-1",1
"ACTGCTCGTATCACCA-1",0
"ACTGCTCGTCCGAAGA-1",0
"ACTGCTCTCCGAGCCA-1",5
"ACTGTCCAGAGGGCTT-1",0
"ACTGTCCAGCAGCGTA-1",2
"ACTGTCCAGGCATGGT-1",0
"ACTGTCCCAAGGTTTC-1",0
"ACTGTCCCAAGTACCT-1",4
"ACTGTCCCAGTATCTG-1",1
"ACTGTCCCATAGAAAC-1",0
"ACTGTCCGTTGAGGTG-1",1
"ACTGTCCTCCACGTGG-1",1
"ACTGTCCTCCTTGGTC-1",1
"ACTGTCCTCTCTGTCG-1",0
"ACTTACTAGCGATAGC-1",0
"ACTTACTAGGGATGGG-1",2
"ACTTACTCACAGACAG-1",2
"ACTTACTCACATTTCT-1",0
"ACTTACTGTACTCAAC-1",2
"ACTTACTGTTCCACAA-1",1
"ACTTACTTCATCGGAT-1",3
"ACTTGTTAGACAAGCC-1",2
"ACTTGTTAGCTAGCCC-1",0
"ACTTGTTAGTTACCCA-1",4
"ACTTGTTCACGACGAA-1",0
"ACTTGTTCACGGCTAC-1",1
"ACTTGTTGTATCGCAT-1",1
"ACTTGTTGTGGTAACG-1",1
"ACTTGTTGTTGTGGAG-1",1
"ACTTGTTTCATCACCC-1",5
"ACTTTCACATGGTCAT-1",0
"ACTTTCAGTGACTACT-1",0
"ACTTTCATCGCCAGCA-1",0
"AGAATAGAGCTGAACG-1",0
"AGAATAGAGCTGTCTA-1",4
"AGAATAGAGGTAGCTG-1",2
"AGAATAGCATGGTCTA-1",1
"AGAATAGGTAATCGTC-1",0
"AGAATAGGTATTCTCT-1",2
"AGAATAGGTGCGGTAA-1",0
"AGAATAGGTTAAGAAC-1",0
"AGAATAGTCAGGCCCA-1",2
"AGACGTTAGAATGTGT-1",3
"AGACGTTAGCTCCTCT-1",0
"AGACGTTAGTGCCAGA-1",0
"AGACGTTCAGGATCGA-1",3
"AGACGTTGTAGCTGCC-1",1
"AGACGTTGTCTGCAAT-1",1
"AGACGTTGTTCTGTTT-1",2
"AGACGTTTCGCATGGC-1",1
"AGACGTTTCGCTTAGA-1",0
"AGAGCGACAACTTGAC-1",0
"AGAGCGACAAGTACCT-1",3
"AGAGCGACACAACGTT-1",0
"AGAGCGACATGAGCGA-1",0
"AGAGCGAGTCAGTGGA-1",0
"AGAGCGAGTCGACTGC-1",1
"AGAGCGAGTTGAGTTC-1",0
"AGAGCGATCGCGTAGC-1",0
"AGAGCGATCTATCCTA-1",0
"AGAGCGATCTCGCTTG-1",0
"AGAGCTTAGCCGTCGT-1",1
"AGAGCTTAGTACACCT-1",0
"AGAGCTTAGTCATGCT-1",0
"AGAGCTTGTAGAGCTG-1",0
"AGAGCTTGTATCACCA-1",2
"AGAGCTTTCACTATTC-1",2
"AGAGCTTTCCTGCAGG-1",2
"AGAGCTTTCGCAAACT-1",1
"AGAGCTTTCGCTTAGA-1",0
"AGAGTGGAGAGCCTAG-1",2
"AGAGTGGAGGCCCTTG-1",1
"AGAGTGGAGGTACTCT-1",3
"AGAGTGGCACAAGACG-1",0
"AGAGTGGCACCTCGTT-1",0
"AGAGTGGCATCCGGGT-1",0
"AGAGTGGCATCTGGTA-1",0
"AGAGTGGGTCAGCTAT-1",4
"AGAGTGGGTCCTCCAT-1",2
"AGAGTGGGTCTAGTCA-1",3
"AGAGTGGGTTACCGAT-1",0
"AGATCTGAGGTGGGTT-1",0
"AGATCTGAGTCAAGGC-1",1
"AGATCTGCAATGTTGC-1",3
"AGATCTGTCGAATCCA-1",3
"AGATCTGTCTGCAGTA-1",1
"AGATTGCAGGCTACGA-1",1
"AGATTGCCACGACGAA-1",0
"AGATTGCCAGATGGGT-1",2
"AGATTGCGTAGAGCTG-1",4
"AGATTGCGTGATGTCT-1",0
"AGATTGCGTGTTCGAT-1",2
"AGATTGCGTTCACGGC-1",1
"AGATTGCTCACTGGGC-1",0
"AGATTGCTCATCTGTT-1",0
"AGCAGCCAGCTGATAA-1",0
"AGCAGCCCACCGAAAG-1",1
"AGCAGCCGTCGACTGC-1",2
"AGCAGCCGTCGCTTTC-1",1
"AGCAGCCGTCTAACGT-1",1
"AGCAGCCGTGTGAAAT-1",0
"AGCAGCCGTTTGTTGG-1",1
"AGCAGCCTCCAAACAC-1",0
"AGCATACAGTGGTAGC-1",1
"AGCATACAGTTGTCGT-1",1
"AGCATACGTCTTCTCG-1",0
"AGCATACGTTAAGTAG-1",1
"AGCATACTCCGTTGCT-1",1
"AGCCTAAAGATATGGT-1",1
"AGCCTAACAAAGCGGT-1",2
"AGCCTAACAGATAATG-1",1
"AGCCTAAGTACGAAAT-1",0
"AGCCTAAGTCACCTAA-1",0
"AGCCTAAGTGTGCCTG-1",0
"AGCCTAATCACCCGAG-1",4
"AGCCTAATCCAATGGT-1",0
"AGCCTAATCCTTGGTC-1",3
"AGCCTAATCTGTGCAA-1",0
"AGCCTAATCTGTTTGT-1",6
"AGCGGTCAGCGAAGGG-1",0
"AGCGGTCAGGTACTCT-1",0
"AGCGGTCAGTGACTCT-1",0
"AGCGGTCCAGCCTTGG-1",0
"AGCGGTCGTCCTAGCG-1",2
"AGCGGTCGTGGTGTAG-1",0
"AGCGGTCGTTAAGGGC-1",4
"AGCGGTCGTTTGCATG-1",1
"AGCGGTCTCCGAAGAG-1",4
"AGCGGTCTCCTCAATT-1",0
"AGCGGTCTCTGGGCCA-1",2
"AGCGTATAGAACTGTA-1",1
"AGCGTATAGCGATGAC-1",1
"AGCGTATAGGTACTCT-1",0
"AGCGTATGTTGAGGTG-1",0
"AGCGTATTCCAGAGGA-1",1
"AGCGTCGAGTTGAGTA-1",0
"AGCGTCGCAGGGATTG-1",0
"AGCGTCGTCTGAAAGA-1",2
"AGCTCCTAGACCTAGG-1",0
"AGCTCCTAGCGTTTAC-1",0
"AGCTCCTGTGTTTGTG-1",0
"AGCTCCTGTTGTCTTT-1",1
"AGCTCCTTCCGAATGT-1",0
"AGCTCCTTCTTGACGA-1",1
"AGCTCTCAGCGGATCA-1",1
"AGCTCTCAGCTGTTCA-1",3
"AGCTCTCAGGTGCTAG-1",4
"AGCTCTCCATACAGCT-1",0
"AGCTCTCGTCAGAGGT-1",0
"AGCTCTCGTGGGTCAA-1",2
"AGCTCTCTCACAACGT-1",1
"AGCTCTCTCTTGACGA-1",6
"AGCTTGAAGCATCATC-1",5
"AGCTTGAAGTAGCGGT-1",3
"AGCTTGAAGTTGTCGT-1",0
"AGCTTGACAATCCAAC-1",2
"AGCTTGACACCGATAT-1",1
"AGCTTGAGTCTACCTC-1",0
"AGCTTGAGTGCGCTTG-1",1
"AGCTTGAGTTACGCGC-1",0
"AGCTTGATCCTGCCAT-1",0
"AGCTTGATCTGCAAGT-1",0
"AGGCCACAGAGTAAGG-1",2
"AGGCCACAGGGTCTCC-1",3
"AGGCCACAGTACTTGC-1",3
"AGGCCACCAGGACCCT-1",0
"AGGCCACCATCAGTCA-1",2
"AGGCCACTCATGCTCC-1",1
"AGGCCACTCATGGTCA-1",0
"AGGCCACTCATTGCGA-1",2
"AGGCCGTAGGATCGCA-1",2
"AGGCCGTCACGTAAGG-1",2
"AGGCCGTCAGCTCGAC-1",0
"AGGCCGTCATCGTCGG-1",3
"AGGCCGTTCACGGTTA-1",0
"AGGCCGTTCGAACTGT-1",0
"AGGCCGTTCTCAAGTG-1",0
"AGGCCGTTCTGCTTGC-1",1
"AGGGAGTAGCCCAACC-1",0
"AGGGAGTAGGAGTACC-1",3
"AGGGAGTAGGCAGGTT-1",1
"AGGGAGTCACGAGAGT-1",1
"AGGGAGTCAGAAGCAC-1",0
"AGGGAGTCAGATCCAT-1",1
"AGGGAGTCATCGACGC-1",1
"AGGGAGTCATGCTAGT-1",0
"AGGGAGTGTCCATGAT-1",2
"AGGGAGTTCATAACCG-1",1
"AGGGATGAGCTCTCGG-1",2
"AGGGATGAGGAGTAGA-1",0
"AGGGATGAGTAGCGGT-1",1
"AGGGATGCAATGAATG-1",0
"AGGGATGCAATGGAGC-1",0
"AGGGATGCACAAGACG-1",0
"AGGGATGCACATTTCT-1",2
"AGGGATGCATGGTCTA-1",0
"AGGGATGGTTAAAGTG-1",1
"AGGGATGGTTATGCGT-1",0
"AGGGATGTCGTGACAT-1",0
"AGGGTGAAGATGGCGT-1",0
"AGGGTGAAGATGGGTC-1",3
"AGGGTGAAGGCTCAGA-1",1
"AGGGTGACACGAGAGT-1",0
"AGGGTGACAGATGGCA-1",3
"AGGGTGACAGATTGCT-1",1
"AGGGTGAGTACTCTCC-1",1
"AGGGTGAGTTATCGGT-1",1
"AGGGTGAGTTCTGAAC-1",0
"AGGGTGATCTCGCTTG-1",1
"AGGTCATAGAGCCCAA-1",0
"AGGTCATAGCCAGAAC-1",4
"AGGTCATAGGCATGGT-1",1
"AGGTCATAGGGAGTAA-1",0
"AGGTCATCACTCAGGC-1",1
"AGGTCATCACTCTGTC-1",2
"AGGTCATGTTCCACTC-1",0
"AGGTCATTCTCGTTTA-1",1
"AGGTCCGAGGATGCGT-1",4
"AGGTCCGCAACACGCC-1",0
"AGGTCCGGTGATGCCC-1",1
"AGGTCCGTCCATGAAC-1",0
"AGGTCCGTCGCCCTTA-1",1
"AGGTCCGTCTGCGTAA-1",1
"AGTAGTCAGACTGTAA-1",2
"AGTAGTCAGTACGACG-1",0
"AGTAGTCAGTTTAGGA-1",3
"AGTAGTCCAACTGGCC-1",2
"AGTAGTCGTGCAGACA-1",0
"AGTAGTCTCACCCGAG-1",2
"AGTCTTTAGGCAGTCA-1",2
"AGTCTTTCAAATCCGT-1",0
"AGTCTTTCATATACCG-1",1
"AGTCTTTGTGCTTCTC-1",0
"AGTCTTTGTGTCCTCT-1",0
"AGTCTTTGTTTGTTTC-1",0
"AGTCTTTTCGCAGGCT-1",3
"AGTCTTTTCGCGTAGC-1",1
"AGTCTTTTCGCTAGCG-1",0
"AGTCTTTTCGCTTGTC-1",1
"AGTCTTTTCTGACCTC-1",0
"AGTGAGGAGATAGCAT-1",0
"AGTGAGGCAGGTGCCT-1",1
"AGTGAGGGTATGAAAC-1",1
"AGTGAGGGTCACTTCC-1",2
"AGTGAGGGTCGCGAAA-1",3
"AGTGAGGGTTATGTGC-1",1
"AGTGAGGTCTACTATC-1",0
"AGTGGGAAGCAGACTG-1",0
"AGTGGGACAAACGCGA-1",0
"AGTGGGACAAGCCGTC-1",1
"AGTGGGACACAGGAGT-1",1
"AGTGGGACACGAGAGT-1",2
"AGTGGGATCATCGATG-1",1
"AGTGGGATCCACGAAT-1",1
"AGTGGGATCCTGCAGG-1",0
"AGTGTCAAGAAGCCCA-1",3
"AGTGTCAAGCTAGTCT-1",3
"AGTGTCAAGTACGACG-1",3
"AGTGTCAAGTGAACAT-1",0
"AGTGTCACACCATCCT-1",1
"AGTGTCACAGTAAGCG-1",0
"AGTGTCACAGTGGAGT-1",3
"AGTGTCAGTAAACCTC-1",0
"AGTGTCAGTACAGCAG-1",2
"AGTGTCAGTCTCCACT-1",0
"AGTGTCAGTTTGACTG-1",1
"AGTGTCATCAAAGTAG-1",1
"AGTGTCATCCGTCAAA-1",0
"AGTGTCATCGTTACAG-1",1
"AGTGTCATCTGTCAAG-1",0
"AGTTGGTAGACTGTAA-1",1
"AGTTGGTAGTACGCGA-1",1
"AGTTGGTCAAATTGCC-1",0
"AGTTGGTCAGGAATGC-1",1
"AGTTGGTCATGCGCAC-1",0
"AGTTGGTGTACCGTAT-1",0
"AGTTGGTGTATGCTTG-1",4
"AGTTGGTGTCAGGACA-1",0
"AGTTGGTGTTCAGACT-1",2
"AGTTGGTTCAGTACGT-1",2
"AGTTGGTTCCTCAACC-1",1
"AGTTGGTTCGTACCGG-1",2
"AGTTGGTTCTGTCCGT-1",2
"ATAACGCAGTTGAGTA-1",2
"ATAACGCCACGTGAGA-1",0
"ATAACGCGTGAACCTT-1",0
"ATAACGCGTGTCCTCT-1",0
"ATAACGCGTGTGAAAT-1",4
"ATAACGCTCTCCGGTT-1",4
"ATAAGAGAGTCCGGTC-1",1
"ATAAGAGCAACTGCGC-1",0
"ATAAGAGCAGTATCTG-1",1
"ATAAGAGGTGACGCCT-1",1
"ATAAGAGGTTAAAGTG-1",0
"ATAAGAGTCAGCACAT-1",0
"ATAAGAGTCAGTGCAT-1",1
"ATAGACCAGAGAGCTC-1",0
"ATAGACCAGCCCAATT-1",0
"ATAGACCCAAGCCATT-1",1
"ATAGACCCATCTGGTA-1",1
"ATAGACCGTATATGGA-1",1
"ATAGACCGTGGACGAT-1",3
"ATAGACCGTGGCGAAT-1",4
"ATAGACCGTTTCGCTC-1",1
"ATCACGAAGAACTCGG-1",0
"ATCACGAAGACACGAC-1",2
"ATCACGAAGTTACCCA-1",2
"ATCACGACAAGACACG-1",3
"ATCACGACAAGCGTAG-1",0
"ATCACGACACACATGT-1",2
"ATCACGACACCACCAG-1",0
"ATCACGACACGGTAAG-1",1
"ATCACGACAGCGAACA-1",4
"ATCACGATCCCGACTT-1",2
"ATCACGATCGGTGTCG-1",0
"ATCATCTAGCCTATGT-1",1
"ATCATCTAGGCCATAG-1",0
"ATCATCTAGTACTTGC-1",0
"ATCATCTCAGACGCCT-1",3
"ATCATCTCATCCGTGG-1",0
"ATCATCTGTATTACCG-1",2
"ATCATCTGTCACTTCC-1",2
"ATCATCTTCAGCGACC-1",1
"ATCATCTTCCTCAACC-1",0
"ATCATGGCAAGCGTAG-1",1
"ATCATGGCAAGGTTCT-1",3
"ATCATGGCACTACAGT-1",0
"ATCATGGGTAAGGGAA-1",0
"ATCATGGGTTGTGGCC-1",0
"ATCATGGTCAATAAGG-1",0
"ATCATGGTCCAATGGT-1",1
"ATCATGGTCGCCATAA-1",0
"ATCATGGTCGGTTAAC-1",0
"ATCCACCAGCTAGTCT-1",3
"ATCCACCAGGCTCTTA-1",0
"ATCCACCCAAACGTGG-1",1
"ATCCACCCAGTTAACC-1",0
"ATCCACCGTCCGAAGA-1",0
"ATCCACCGTTTGTTTC-1",1
"ATCCACCTCCTGCTTG-1",3
"ATCCACCTCCTTAATC-1",3
"ATCCACCTCTGGTATG-1",1
"ATCCGAAAGCGATGAC-1",0
"ATCCGAAAGCTAGGCA-1",1
"ATCCGAACAAACGTGG-1",0
"ATCCGAACAACAACCT-1",3
"ATCCGAACAAGGACTG-1",1
"ATCCGAACACCCATTC-1",0
"ATCCGAACACGGTAGA-1",1
"ATCCGAAGTAGCGCTC-1",0
"ATCCGAAGTCATTAGC-1",1
"ATCCGAAGTCTCTTAT-1",3
"ATCCGAATCCAACCAA-1",2
"ATCCGAATCCTTGACC-1",0
"ATCCGAATCTTGTCAT-1",0
"ATCGAGTAGACTTTCG-1",0
"ATCGAGTCATCCGGGT-1",0
"ATCGAGTGTCCCTTGT-1",1
"ATCGAGTGTCTCCCTA-1",0
"ATCGAGTTCATGCATG-1",1
"ATCGAGTTCCTGCCAT-1",1
"ATCTACTAGGTGTGGT-1",0
"ATCTACTCAGCTGTAT-1",0
"ATCTACTCAGTACACT-1",1
"ATCTACTCATGACATC-1",2
"ATCTACTGTAAGTAGT-1",1
"ATCTACTGTGTCGCTG-1",4
"ATCTACTTCCGCGTTT-1",0
"ATCTACTTCGCAAGCC-1",1
"ATCTACTTCTATCGCC-1",2
"ATCTACTTCTCTAAGG-1",0
"ATCTGCCAGGCTCAGA-1",1
"ATCTGCCGTACAGTTC-1",2
"ATCTGCCGTTGTGGAG-1",2
"ATCTGCCTCAGAGACG-1",2
"ATCTGCCTCAGCTGGC-1",0
"ATCTGCCTCGTACGGC-1",0
"ATCTGCCTCTCGAGTA-1",1
"ATCTGCCTCTGAGTGT-1",1
"ATCTGCCTCTTGTATC-1",0
"ATGAGGGAGGTCGGAT-1",1
"ATGAGGGCATGACGGA-1",0
"ATGAGGGCATTAGGCT-1",1
"ATGAGGGTCACATGCA-1",0
"ATGAGGGTCAGTCCCT-1",1
"ATGCGATAGTCAATAG-1",0
"ATGCGATCATGTTGAC-1",0
"ATGCGATGTGCAGTAG-1",0
"ATGCGATGTGCATCTA-1",0
"ATGCGATTCCCAAGAT-1",0
"ATGCGATTCGCCATAA-1",3
"ATGGGAGAGCAATATG-1",0
"ATGGGAGAGCCACGCT-1",3
"ATGGGAGAGGTGATAT-1",3
"ATGGGAGCACCAGGTC-1",0
"ATGGGAGCACTATCTT-1",2
"ATGGGAGCAGCATACT-1",2
"ATGGGAGCATAGAAAC-1",0
"ATGGGAGCATTACCTT-1",2
"ATGGGAGTCAAGGTAA-1",1
"ATGTGTGAGCGAAGGG-1",2
"ATGTGTGAGGGTTTCT-1",2
"ATGTGTGAGTTGAGTA-1",1
"ATGTGTGCACGGCGTT-1",0
"ATGTGTGCACGGTTTA-1",0
"ATGTGTGCAGTATAAG-1",1
"ATGTGTGTCACGCGGT-1",1
"ATTACTCAGATGTGTA-1",2
"ATTACTCAGCGTAATA-1",0
"ATTACTCAGGTGCACA-1",1
"ATTACTCAGTGAAGTT-1",0
"ATTACTCCAAACTGTC-1",1
"ATTACTCCACCATCCT-1",2
"ATTACTCCAGACTCGC-1",0
"ATTACTCCATATGCTG-1",0
"ATTACTCCATCGGTTA-1",0
"ATTACTCCATTGCGGC-1",0
"ATTACTCGTTAAAGAC-1",0
"ATTACTCTCCGAACGC-1",0
"ATTATCCAGAGTACCG-1",1
"ATTATCCAGCTTATCG-1",2
"ATTATCCCACAAGCCC-1",2
"ATTATCCCATATGAGA-1",0
"ATTATCCCATCTGGTA-1",3
"ATTATCCGTCGTTGTA-1",2
"ATTATCCGTCTCTCTG-1",1
"ATTATCCTCAACGGGA-1",0
"ATTATCCTCCGCGCAA-1",5
"ATTATCCTCTCCGGTT-1",3
"ATTCTACGTCACTTCC-1",2
"ATTCTACGTCTAGTCA-1",0
"ATTCTACGTTGTCGCG-1",1
"ATTGGACAGCAGATCG-1",1
"ATTGGACAGGGCATGT-1",3
"ATTGGACAGTGGACGT-1",0
"ATTGGACCAAGACACG-1",0
"ATTGGACGTAATAGCA-1",2
"ATTGGACTCCTGCTTG-1",2
"ATTGGACTCGGCGCAT-1",3
"ATTGGACTCGTTTGCC-1",2
"ATTGGTGAGAATGTTG-1",1
"ATTGGTGCAAGCTGAG-1",0
"ATTGGTGCAGCAGTTT-1",0
"ATTGGTGGTATGGTTC-1",0
"ATTGGTGGTTGAGTTC-1",1
"ATTGGTGTCAAAGTAG-1",0
"ATTGGTGTCGGAAACG-1",2
"ATTTCTGAGGGATACC-1",0
"ATTTCTGAGGGATCTG-1",1
"ATTTCTGAGGTGTTAA-1",2
"ATTTCTGAGTCGAGTG-1",5
"ATTTCTGAGTTCGCAT-1",1
"ATTTCTGCAAGGTGTG-1",0
"ATTTCTGGTAGCTCCG-1",0
"ATTTCTGGTGCACGAA-1",0
"ATTTCTGGTTGCCTCT-1",1
"ATTTCTGTCAAAGTAG-1",3
"ATTTCTGTCAGCTCGG-1",0
"ATTTCTGTCTTGGGTA-1",0
"CAACCAAAGAAACGCC-1",1
"CAACCAAAGAGGGCTT-1",2
"CAACCAAAGCTGAAAT-1",1
"CAACCAAAGGACAGCT-1",0
"CAACCAAAGGGAGTAA-1",2
"CAACCAACATACGCTA-1",0
"CAACCTCAGTAATCCC-1",2
"CAACCTCCAGACGCAA-1",2
"CAACCTCGTGAGTGAC-1",1
"CAACCTCGTTCCACGG-1",0
"CAACCTCTCATACGGT-1",5
"CAACCTCTCCGATATG-1",1
"CAACCTCTCCTTTACA-1",0
"CAACCTCTCTCTAGGA-1",1
"CAACTAGAGAATAGGG-1",1
"CAACTAGAGGATGCGT-1",3
"CAACTAGCACCATCCT-1",1
"CAACTAGCAGACTCGC-1",0
"CAACTAGCAGTTCATG-1",1
"CAACTAGGTACGCACC-1",0
"CAACTAGTCAGGCCCA-1",1
"CAAGAAAAGAAGGACA-1",1
"CAAGAAAAGACGCACA-1",2
"CAAGAAAAGGCCCTTG-1",0
"CAAGAAAAGGTGATAT-1",1
"CAAGAAAAGTCGATAA-1",2
"CAAGAAAAGTGGAGTC-1",1
"CAAGAAAAGTGTACCT-1",1
"CAAGAAACACGGTGTC-1",2
"CAAGAAATCTGCTTGC-1",0
"CAAGATCAGCTGAAAT-1",0
"CAAGATCGTAAGAGGA-1",1
"CAAGATCGTGCCTTGG-1",0
"CAAGATCTCAACACCA-1",0
"CAAGATCTCTCGATGA-1",1
"CAAGGCCAGGAGTCTG-1",2
"CAAGGCCAGGCTATCT-1",0
"CAAGGCCCACGGTAAG-1",4
"CAAGGCCCATGTTCCC-1",0
"CAAGGCCGTCCGTCAG-1",0
"CAAGGCCTCAACGGGA-1",0
"CAAGGCCTCCTTGACC-1",2
"CAAGGCCTCGTGACAT-1",4
"CAAGTTGAGACAGGCT-1",0
"CAAGTTGAGATGTCGG-1",2
"CAAGTTGAGCGTCAAG-1",0
"CAAGTTGAGCGTTTAC-1",0
"CAAGTTGCACATTAGC-1",1
"CAAGTTGCACGCTTTC-1",1
"CAAGTTGCACGGTGTC-1",2
"CAAGTTGCATTCTTAC-1",0
"CAAGTTGGTACTCAAC-1",0
"CAAGTTGGTCAGGACA-1",1
"CAAGTTGGTCGGCACT-1",1
"CAAGTTGTCAACGAAA-1",1
"CAAGTTGTCACCACCT-1",1
"CAAGTTGTCATTGCCC-1",1
"CAAGTTGTCGAATCCA-1",0
"CAAGTTGTCTACTTAC-1",2
"CACAAACAGGGCTCTC-1",3
"CACAAACAGGGCTTGA-1",6
"CACAAACAGTGACATA-1",0
"CACAAACCAACTGCGC-1",0
"CACAAACCAATAAGCA-1",0
"CACAAACCAATCAGAA-1",0
"CACAAACCACTTAACG-1",1
"CACAAACCATGAACCT-1",1
"CACAAACCATGGTCAT-1",0
"CACAAACGTCAACTGT-1",1
"CACAAACGTCAGAATA-1",1
"CACAAACTCTTCGGTC-1",1
"CACAAACTCTTGGGTA-1",4
"CACACAAAGCGACGTA-1",1
"CACACAAAGGGAGTAA-1",2
"CACACAACAAACGTGG-1",0
"CACACAACACATGACT-1",1
"CACACAACATCGATTG-1",0
"CACACAACATTGGGCC-1",0
"CACACAAGTACGACCC-1",1
"CACACAAGTCAGTGGA-1",1
"CACACAAGTCATCGGC-1",3
"CACACAAGTTTACTCT-1",1
"CACACAATCCACGTGG-1",1
"CACACAATCCACGTTC-1",1
"CACACAATCGGCGCAT-1",1
"CACACCTAGAGACTAT-1",2
"CACACCTAGGACATTA-1",1
"CACACCTAGTCATCCA-1",2
"CACACCTAGTGTGAAT-1",2
"CACACCTCACTGAAGG-1",2
"CACACCTCATAGGATA-1",0
"CACACCTCATAGTAAG-1",0
"CACACCTCATTGGGCC-1",1
"CACACCTGTACAGCAG-1",2
"CACACCTGTACCGCTG-1",2
"CACACCTGTCCAAGTT-1",0
"CACACCTGTGGACGAT-1",1
"CACACCTGTGGTCTCG-1",0
"CACACCTTCATGTCTT-1",1
"CACACCTTCTGGCGAC-1",3
"CACACTCAGGGAAACA-1",3
"CACACTCCAACACCTA-1",0
"CACACTCCAAGGGTCA-1",3
"CACACTCGTGACGCCT-1",0
"CACACTCGTTTGTGTG-1",1
"CACAGGCAGCCATCGC-1",1
"CACAGGCAGGGATGGG-1",2
"CACAGGCCAAGAGTCG-1",2
"CACAGGCCAATGGAGC-1",0
"CACAGGCGTCTAGGTT-1",0
"CACAGGCGTTACGCGC-1",0
"CACAGGCTCGGGAGTA-1",1
"CACAGGCTCTATGTGG-1",0
"CACAGTAAGACGCAAC-1",1
"CACAGTAAGACGCACA-1",0
"CACAGTAAGTGGGCTA-1",0
"CACAGTACAACTGGCC-1",5
"CACAGTACATCGGACC-1",4
"CACAGTAGTTCCATGA-1",0
"CACATAGAGCCCAATT-1",0
"CACATAGAGTGTACTC-1",0
"CACATAGCACTTCTGC-1",0
"CACATAGCAGGGTATG-1",0
"CACATAGTCCTTGCCA-1",2
"CACATAGTCGGCGCAT-1",1
"CACATTTAGCAGATCG-1",1
"CACATTTAGGGCACTA-1",1
"CACATTTCACGGCGTT-1",2
"CACATTTCATTACCTT-1",4
"CACATTTGTCGAACAG-1",0
"CACATTTGTGTTGAGG-1",2
"CACATTTTCCAGAGGA-1",0
"CACATTTTCCGCATCT-1",1
"CACATTTTCTACTATC-1",1
"CACATTTTCTGTGCAA-1",0
"CACCACTAGCCACGTC-1",6
"CACCACTAGTGGTAAT-1",0
"CACCACTAGTTACCCA-1",1
"CACCACTCAAGCCCAC-1",1
"CACCACTCAGTTCATG-1",1
"CACCACTGTTATTCTC-1",2
"CACCACTTCACCGGGT-1",2
"CACCACTTCGAATCCA-1",0
"CACCACTTCGACCAGC-1",3
"CACCACTTCTAACCGA-1",0
"CACCACTTCTTTAGTC-1",1
"CACCAGGCACATTAGC-1",0
"CACCAGGCACTGCCAG-1",2
"CACCAGGCATAAAGGT-1",0
"CACCAGGCATGAACCT-1",0
"CACCAGGGTGAAATCA-1",1
"CACCAGGGTGTTTGGT-1",1
"CACCAGGGTTATCACG-1",0
"CACCAGGTCATGTAGC-1",0
"CACCAGGTCTGCTTGC-1",0
"CACCTTGAGACTTGAA-1",1
"CACCTTGAGTCAATAG-1",0
"CACCTTGCACTAGTAC-1",1
"CACCTTGCAGGCGATA-1",3
"CACCTTGCATTCCTGC-1",3
"CACCTTGGTCATTAGC-1",1
"CACCTTGGTGATGTCT-1",2
"CACCTTGGTGTGAAAT-1",0
"CACCTTGGTTATGTGC-1",2
"CACCTTGTCAACCATG-1",2
"CACCTTGTCATTATCC-1",0
"CACCTTGTCCAAAGTC-1",1
"CACCTTGTCTCACATT-1",0
"CACTCCAAGACAAGCC-1",0
"CACTCCAAGGTACTCT-1",2
"CACTCCACAATGGACG-1",1
"CACTCCAGTACATGTC-1",0
"CACTCCAGTTGTCGCG-1",0
"CACTCCATCAACACAC-1",1
"CACTCCATCCCAGGTG-1",0
"CAGAATCAGAAACCTA-1",0
"CAGAATCAGCCAACAG-1",4
"CAGAATCAGCTGGAAC-1",2
"CAGAATCAGGACTGGT-1",1
"CAGAATCAGTATCGAA-1",0
"CAGAATCCACAGAGGT-1",2
"CAGAATCCAGGGTACA-1",1
"CAGAATCGTAAGTGTA-1",3
"CAGAATCGTAATCACC-1",4
"CAGAATCTCAGTTTGG-1",0
"CAGAATCTCGCAAGCC-1",1
"CAGAATCTCGGTCCGA-1",0
"CAGAATCTCTTGCAAG-1",2
"CAGAATCTCTTGTACT-1",3
"CAGAGAGAGAATTGTG-1",2
"CAGAGAGAGCAATATG-1",2
"CAGAGAGCAAGAAGAG-1",1
"CAGAGAGCACCAGATT-1",0
"CAGAGAGGTAATCACC-1",0
"CAGAGAGGTAGCTGCC-1",1
"CAGAGAGGTAGGACAC-1",0
"CAGAGAGGTATAGGGC-1",4
"CAGAGAGGTCCGAATT-1",0
"CAGAGAGGTTGAGGTG-1",0
"CAGAGAGTCACCCGAG-1",0
"CAGAGAGTCATAACCG-1",2
"CAGAGAGTCCGAACGC-1",0
"CAGAGAGTCTGGTATG-1",2
"CAGATCAAGAGACGAA-1",0
"CAGATCAAGCACCGTC-1",1
"CAGATCAAGCTTCGCG-1",1
"CAGATCAAGGATTCGG-1",0
"CAGATCAAGTGTACCT-1",2
"CAGATCAAGTTTAGGA-1",1
"CAGATCACAATAACGA-1",2
"CAGATCACACACCGAC-1",0
"CAGATCACACGGTAAG-1",0
"CAGATCACACTCTGTC-1",1
"CAGATCACAGCATACT-1",3
"CAGATCACAGTGGGAT-1",1
"CAGATCAGTACCAGTT-1",0
"CAGATCAGTGCGGTAA-1",1
"CAGATCATCTGATACG-1",0
"CAGATCATCTGATTCT-1",8
"CAGCAGCAGATGCCAG-1",1
"CAGCAGCAGGGAACGG-1",0
"CAGCAGCCACCTATCC-1",1
"CAGCAGCCATCACAAC-1",1
"CAGCAGCGTGCTAGCC-1",4
"CAGCAGCTCAACACTG-1",1
"CAGCAGCTCGAACTGT-1",2
"CAGCAGCTCGCCGTGA-1",0
"CAGCATAAGAGACGAA-1",0
"CAGCATAGTCTAGGTT-1",0
"CAGCATAGTTTACTCT-1",1
"CAGCATATCACGAAGG-1",0
"CAGCATATCAGGCAAG-1",0
"CAGCATATCCTTAATC-1",1
"CAGCCGAAGCATCATC-1",4
"CAGCCGAAGTTTCCTT-1",1
"CAGCCGACACGTGAGA-1",1
"CAGCCGACATCAGTCA-1",1
"CAGCCGAGTGATGTCT-1",0
"CAGCCGATCACCAGGC-1",1
"CAGCCGATCCTCAATT-1",0
"CAGCGACAGAAACGCC-1",0
"CAGCGACAGCGTCAAG-1",0
"CAGCGACCAAACGTGG-1",0
"CAGCGACCAAAGCGGT-1",2
"CAGCGACCACGTCAGC-1",5
"CAGCGACCATGGGACA-1",2
"CAGCGACGTCTGATTG-1",0
"CAGCGACGTGGACGAT-1",1
"CAGCGACGTGGTTTCA-1",2
"CAGCGACGTTCGGCAC-1",1
"CAGCGACTCCGCAAGC-1",0
"CAGCGACTCTGGGCCA-1",0
"CAGCTAAAGATGTGTA-1",1
"CAGCTAAAGCAGACTG-1",2
"CAGCTAAAGCTGTTCA-1",3
"CAGCTAAAGGAGCGTT-1",0
"CAGCTAACACAGATTC-1",1
"CAGCTAACATCAGTAC-1",1
"CAGCTAAGTAATCGTC-1",0
"CAGCTAAGTCTCACCT-1",1
"CAGCTAAGTTCGTCTC-1",2
"CAGCTAATCCACGCAG-1",2
"CAGCTAATCCCTAACC-1",0
"CAGCTAATCTGGTTCC-1",0
"CAGCTAATCTTAGCCC-1",0
"CAGCTAATCTTCGGTC-1",2
"CAGCTGGAGACACTAA-1",0
"CAGCTGGAGATCCTGT-1",1
"CAGCTGGCACCAACCG-1",0
"CAGCTGGCAGTGGAGT-1",2
"CAGCTGGCATGCATGT-1",3
"CAGCTGGTCTACCTGC-1",0
"CAGGTGCAGAGACGAA-1",1
"CAGGTGCAGATCCTGT-1",0
"CAGGTGCAGGCATGTG-1",0
"CAGGTGCCAGGAACGT-1",1
"CAGGTGCCATAGTAAG-1",0
"CAGGTGCCATCGGAAG-1",2
"CAGGTGCTCAGTTGAC-1",2
"CAGGTGCTCCAAGTAC-1",0
"CAGGTGCTCTTGTATC-1",0
"CAGTAACAGATATGGT-1",0
"CAGTAACAGATGGCGT-1",4
"CAGTAACCAATCACAC-1",0
"CAGTAACCACTCGACG-1",3
"CAGTAACGTGATAAGT-1",1
"CAGTAACGTGCACCAC-1",1
"CAGTAACTCAGAGGTG-1",1
"CAGTAACTCGTACGGC-1",1
"CAGTAACTCGTGACAT-1",1
"CAGTAACTCTGCCAGG-1",2
"CAGTCCTAGAATCTCC-1",2
"CAGTCCTAGATCTGCT-1",2
"CAGTCCTCAGTATAAG-1",0
"CAGTCCTTCAACACGT-1",1
"CAGTCCTTCCATGAGT-1",2
"CAGTCCTTCCCGACTT-1",3
"CAGTCCTTCCCTTGTG-1",2
"CAGTCCTTCGAACGGA-1",0
"CAGTCCTTCGGTTCGG-1",0
"CAGTCCTTCTACTTAC-1",0
"CATATGGAGAGATGAG-1",0
"CATATGGAGGCATGGT-1",1
"CATATGGAGTATTGGA-1",1
"CATATGGCAAGCGTAG-1",2
"CATATGGGTCGCATAT-1",0
"CATATGGTCATTATCC-1",2
"CATATGGTCATTGCGA-1",0
"CATATTCAGGCGACAT-1",0
"CATATTCCACCACCAG-1",0
"CATATTCGTGACTACT-1",0
"CATATTCGTGGTACAG-1",0
"CATATTCGTGTGACGA-1",1
"CATATTCTCACAGGCC-1",1
"CATATTCTCGCAAACT-1",0
"CATCAAGAGAACTCGG-1",3
"CATCAAGAGATGGCGT-1",0
"CATCAAGAGCCGCCTA-1",4
"CATCAAGCACGAAACG-1",2
"CATCAAGCAGCCTTTC-1",0
"CATCAAGCATGGAATA-1",2
"CATCAAGGTTACTGAC-1",1
"CATCAAGGTTCCATGA-1",1
"CATCAAGTCTAAGCCA-1",1
"CATCAAGTCTGACCTC-1",0
"CATCAGAAGCTAGTCT-1",7
"CATCAGACAAGCCATT-1",3
"CATCAGACAATGACCT-1",0
"CATCAGACACGGCCAT-1",1
"CATCAGACAGACAGGT-1",1
"CATCAGACATAACCTG-1",0
"CATCAGAGTAATTGGA-1",3
"CATCAGAGTACATGTC-1",2
"CATCAGAGTGTTAAGA-1",0
"CATCAGAGTTCAACCA-1",0
"CATCAGATCGTTGACA-1",1
"CATCCACGTAAAGTCA-1",4
"CATCCACGTACCGTAT-1",1
"CATCCACGTGCCTGTG-1",0
"CATCCACGTTTAAGCC-1",0
"CATCGAAAGAGTACAT-1",2
"CATCGAAAGCTGTCTA-1",0
"CATCGAACAAGAGGCT-1",2
"CATCGAACAAGCTGAG-1",0
"CATCGAACACATTTCT-1",1
"CATCGAACATAAAGGT-1",0
"CATCGAAGTAGTACCT-1",3
"CATCGAAGTCCGACGT-1",0
"CATCGAAGTGCACTTA-1",1
"CATCGAATCAAACCAC-1",0
"CATCGAATCCGCGGTA-1",2
"CATCGAATCCGTAGTA-1",0
"CATCGGGAGAAGCCCA-1",1
"CATCGGGAGCGAGAAA-1",1
"CATCGGGAGGGTGTGT-1",1
"CATCGGGAGGTGTTAA-1",1
"CATCGGGAGTGACTCT-1",0
"CATCGGGCACTCAGGC-1",2
"CATCGGGCAGACGCTC-1",0
"CATCGGGCATCACAAC-1",0
"CATCGGGGTCCTCTTG-1",2
"CATCGGGGTGAGGGAG-1",3
"CATCGGGGTTCGAATC-1",0
"CATCGGGTCAGGATCT-1",0
"CATCGGGTCCACGAAT-1",0
"CATCGGGTCGATGAGG-1",2
"CATGACAAGACCACGA-1",0
"CATGACAAGCTCCTCT-1",0
"CATGACAAGTAACCCT-1",1
"CATGACAAGTATCTCG-1",1
"CATGACAGTCGTCTTC-1",2
"CATGACAGTGAACCTT-1",0
"CATGACATCAATAAGG-1",0
"CATGACATCTAACTGG-1",2
"CATGCCTAGACCTAGG-1",3
"CATGCCTAGAGTCTGG-1",0
"CATGCCTCACCACCAG-1",1
"CATGCCTGTCAAAGCG-1",1
"CATGCCTGTCGATTGT-1",0
"CATGCCTTCCACGACG-1",0
"CATGCCTTCCTCATTA-1",1
"CATGCCTTCGCATGAT-1",0
"CATGGCGAGAGCTGGT-1",0
"CATGGCGAGTACGACG-1",0
"CATGGCGTCCAAAGTC-1",1
"CATGGCGTCCCTTGTG-1",2
"CATGGCGTCGGCCGAT-1",2
"CATGGCGTCTCAAACG-1",0
"CATGGCGTCTGCCCTA-1",7
"CATTATCAGACCCACC-1",1
"CATTATCAGTCCCACG-1",0
"CATTATCCAAGTCTGT-1",1
"CATTATCCAGGGCATA-1",0
"CATTATCGTCAATGTC-1",0
"CATTATCTCACAAACC-1",1
"CATTATCTCAGATAAG-1",1
"CATTATCTCGCGTTTC-1",2
"CATTATCTCGTTGCCT-1",0
"CATTATCTCTATCCCG-1",2
"CATTATCTCTTAACCT-1",1
"CATTCGCAGGTGCTAG-1",0
"CATTCGCCAAGGGTCA-1",0
"CATTCGCCAGCCTATA-1",2
"CATTCGCCATACAGCT-1",6
"CATTCGCCATGGATGG-1",1
"CATTCGCCATGTCTCC-1",2
"CATTCGCCATTCACTT-1",1
"CATTCGCGTAGCACGA-1",0
"CATTCGCTCATCACCC-1",1
"CCAATCCAGACCACGA-1",0
"CCAATCCAGATATGGT-1",2
"CCAATCCAGTCGAGTG-1",2
"CCAATCCAGTCGTTTG-1",2
"CCAATCCAGTTTAGGA-1",0
"CCAATCCCAAGCGAGT-1",1
"CCAATCCTCGGACAAG-1",2
"CCAATCCTCTACCTGC-1",0
"CCACCTAAGCAGACTG-1",1
"CCACCTAAGGATGGTC-1",2
"CCACCTAAGTCGAGTG-1",1
"CCACCTAAGTGGGATC-1",2
"CCACCTAAGTGTGGCA-1",2
"CCACCTACAACAACCT-1",0
"CCACCTACAAGCCGCT-1",0
"CCACCTACAATCTACG-1",0
"CCACCTAGTAGTACCT-1",3
"CCACCTAGTCGCGTGT-1",0
"CCACCTAGTGGGTCAA-1",1
"CCACCTATCAGTTGAC-1",0
"CCACCTATCTGATACG-1",0
"CCACGGAAGACACGAC-1",0
"CCACGGAAGGGAACGG-1",2
"CCACGGACATGTCGAT-1",0
"CCACGGAGTAAGGGCT-1",0
"CCACGGAGTCAGATAA-1",0
"CCACGGAGTCCGTGAC-1",1
"CCACGGAGTGTAATGA-1",1
"CCACGGAGTTCTGAAC-1",2
"CCACGGATCACATAGC-1",2
"CCACGGATCCACGTGG-1",2
"CCACGGATCTACTATC-1",1
"CCACGGATCTAGAGTC-1",1
"CCACTACAGAGTACCG-1",3
"CCACTACAGCTTTGGT-1",0
"CCACTACCAGCAGTTT-1",0
"CCACTACCAGTAGAGC-1",1
"CCACTACGTCCGAATT-1",1
"CCACTACGTCTCAACA-1",0
"CCACTACGTGACAAAT-1",0
"CCACTACGTGACCAAG-1",2
"CCACTACGTGCACGAA-1",0
"CCACTACTCACTCTTA-1",1
"CCACTACTCCGCATCT-1",3
"CCACTACTCGGAAATA-1",0
"CCACTACTCTCGTATT-1",0
"CCACTACTCTCGTTTA-1",1
"CCAGCGAAGCCCAACC-1",2
"CCAGCGACATCGGGTC-1",0
"CCAGCGACATGTCCTC-1",1
"CCAGCGAGTAGGCATG-1",0
"CCAGCGAGTCCGTTAA-1",1
"CCAGCGATCAGAAATG-1",0
"CCATGTCAGCGATCCC-1",0
"CCATGTCAGGTCGGAT-1",0
"CCATGTCAGGTTACCT-1",1
"CCATGTCCAAGCTGGA-1",1
"CCATGTCCACATCCGG-1",2
"CCATGTCGTCCAGTAT-1",2
"CCATGTCTCCAAGTAC-1",0
"CCATGTCTCTTGTATC-1",1
"CCATTCGCAGTACACT-1",1
"CCATTCGCAGTTTACG-1",0
"CCATTCGGTAATCGTC-1",1
"CCATTCGGTATTACCG-1",1
"CCATTCGTCGTAGGAG-1",3
"CCCAATCAGTCACGCC-1",1
"CCCAATCCAGGTGGAT-1",3
"CCCAATCGTGAAGGCT-1",1
"CCCAATCGTTGGAGGT-1",1
"CCCAATCTCACATGCA-1",1
"CCCAATCTCCAGTATG-1",1
"CCCAATCTCGGAGCAA-1",0
"CCCAGTTAGAATAGGG-1",0
"CCCAGTTAGATCCCGC-1",1
"CCCAGTTAGCGTGAAC-1",1
"CCCAGTTAGGAATCGC-1",1
"CCCAGTTAGTCCGGTC-1",0
"CCCAGTTAGTTTGCGT-1",0
"CCCAGTTGTACATGTC-1",2
"CCCAGTTGTCTGCAAT-1",2
"CCCAGTTTCTGAAAGA-1",1
"CCCATACAGGGTTCCC-1",2
"CCCATACAGTGTTTGC-1",0
"CCCATACCAAAGGTGC-1",0
"CCCATACCAACACCCG-1",3
"CCCATACCAGCAGTTT-1",1
"CCCATACGTATTACCG-1",0
"CCCATACGTCAATACC-1",3
"CCCATACGTCTAGTCA-1",2
"CCCATACGTTGAGTTC-1",1
"CCCATACTCAATAAGG-1",4
"CCCATACTCAGCGACC-1",1
"CCCATACTCATCACCC-1",1
"CCCATACTCCGTAGGC-1",2
"CCCTCCTAGGAATCGC-1",0
"CCCTCCTCACGTCTCT-1",1
"CCCTCCTCAGCTTAAC-1",1
"CCCTCCTCATATGAGA-1",1
"CCCTCCTCATCACGTA-1",1
"CCCTCCTGTATGGTTC-1",1
"CCCTCCTGTTAGATGA-1",0
"CCCTCCTTCAATCACG-1",1
"CCCTCCTTCCGCAGTG-1",1
"CCGGGATAGCTTCGCG-1",0
"CCGGGATAGGCGACAT-1",2
"CCGGGATAGGCTAGGT-1",0
"CCGGGATCACAGTCGC-1",0
"CCGGGATGTATAGGTA-1",2
"CCGGGATTCAGAGCTT-1",4
"CCGGGATTCGCTAGCG-1",1
"CCGGGATTCGCTTGTC-1",1
"CCGGTAGAGCGTCTAT-1",0
"CCGGTAGAGTACGCCC-1",1
"CCGGTAGCACATAACC-1",3
"CCGGTAGCACGCATCG-1",2
"CCGGTAGGTACTTCTT-1",0
"CCGGTAGGTCAAACTC-1",4
"CCGGTAGTCGTCCGTT-1",3
"CCGTACTAGAGAACAG-1",0
"CCGTACTAGTCCGTAT-1",5
"CCGTACTCAAGCCCAC-1",0
"CCGTACTCAAGCGAGT-1",0
"CCGTACTCATCCCACT-1",1
"CCGTACTGTACAGCAG-1",0
"CCGTACTGTAGCGCTC-1",0
"CCGTACTGTGCGGTAA-1",0
"CCGTACTTCGTTACAG-1",2
"CCGTGGAAGACGCACA-1",3
"CCGTGGAAGAGTTGGC-1",0
"CCGTGGAAGGTGATAT-1",2
"CCGTGGAAGGTTCCTA-1",0
"CCGTGGACAGCCTTGG-1",1
"CCGTGGAGTTCCATGA-1",1
"CCGTGGATCTAACTTC-1",1
"CCGTGGATCTCTGTCG-1",2
"CCGTTCAAGCGTAATA-1",5
"CCGTTCAAGTACGATA-1",0
"CCGTTCAAGTAGATGT-1",0
"CCGTTCACAGGATCGA-1",1
"CCGTTCAGTATAGGGC-1",1
"CCGTTCAGTCGCGAAA-1",3
"CCGTTCATCGTACCGG-1",1
"CCTAAAGAGAGTTGGC-1",3
"CCTAAAGCAAACCTAC-1",1
"CCTAAAGCATGTCTCC-1",2
"CCTAAAGGTACTCAAC-1",1
"CCTAAAGGTCGGCACT-1",5
"CCTAAAGGTGTAATGA-1",0
"CCTAAAGTCACCGTAA-1",2
"CCTAAAGTCAGCGATT-1",0
"CCTAAAGTCGGCGCTA-1",3
"CCTAAAGTCGGTCCGA-1",3
"CCTACACAGGACCACA-1",0
"CCTACACAGGGTGTTG-1",2
"CCTACACCAGTAAGAT-1",0
"CCTACACGTATAGTAG-1",3
"CCTACACGTCCGAACC-1",1
"CCTACACGTGGGTCAA-1",1
"CCTACACGTTTGACTG-1",2
"CCTACACTCGGCGCTA-1",1
"CCTACACTCGTGACAT-1",4
"CCTACCAAGATAGGAG-1",2
"CCTACCAAGCAAATCA-1",0
"CCTACCAAGCGTAGTG-1",0
"CCTACCAAGCTTCGCG-1",0
"CCTACCAAGTGCGATG-1",0
"CCTACCAGTATCAGTC-1",1
"CCTACCAGTCTCTCTG-1",2
"CCTACCAGTCTTTCAT-1",2
"CCTACCATCAGCACAT-1",2
"CCTACCATCGCCAGCA-1",2
"CCTAGCTAGCAAATCA-1",0
"CCTAGCTAGCTCCTCT-1",0
"CCTAGCTAGGTTACCT-1",0
"CCTAGCTAGTACGCGA-1",3
"CCTAGCTCAATGAATG-1",1
"CCTAGCTCAATGGTCT-1",5
"CCTAGCTCACATCCAA-1",0
"CCTAGCTCAGCCAGAA-1",0
"CCTAGCTGTAGAAAGG-1",0
"CCTAGCTGTCACCCAG-1",3
"CCTAGCTGTCTGATTG-1",1
"CCTAGCTTCACGATGT-1",2
"CCTAGCTTCGTAGGAG-1",5
"CCTATTAAGAATTCCC-1",0
"CCTATTAAGCAGGCTA-1",2
"CCTATTAAGCAGGTCA-1",3
"CCTATTAAGGGAGTAA-1",0
"CCTATTAAGGTAGCCA-1",1
"CCTATTACACAACTGT-1",2
"CCTATTACACATCCGG-1",0
"CCTATTAGTCAATACC-1",0
"CCTATTATCATCACCC-1",2
"CCTATTATCTGCGACG-1",1
"CCTCAGTAGCTAACTC-1",0
"CCTCAGTCAGGTGGAT-1",1
"CCTCAGTGTCCATCCT-1",2
"CCTCAGTGTCCGACGT-1",0
"CCTCAGTGTCTTGTCC-1",2
"CCTCAGTGTGGGTATG-1",0
"CCTCTGAAGTATCGAA-1",1
"CCTCTGAAGTGGGTTG-1",0
"CCTCTGACAAGCTGTT-1",2
"CCTCTGACACCGATAT-1",3
"CCTCTGACAGATGAGC-1",0
"CCTCTGAGTCAATACC-1",4
"CCTCTGAGTCCGAACC-1",0
"CCTCTGAGTCGTGGCT-1",1
"CCTCTGAGTCTGATTG-1",2
"CCTCTGATCTGAGGGA-1",0
"CCTTACGCAAGCGTAG-1",1
"CCTTACGCACCAACCG-1",0
"CCTTACGGTCATCCCT-1",1
"CCTTACGGTCCTCTTG-1",1
"CCTTACGTCACAACGT-1",0
"CCTTACGTCATCTGCC-1",0
"CCTTACGTCGGAGGTA-1",0
"CCTTCCCAGAGACTAT-1",3
"CCTTCCCAGCTAGGCA-1",0
"CCTTCCCAGGACGAAA-1",0
"CCTTCCCAGGGCATGT-1",1
"CCTTCCCAGGTACTCT-1",0
"CCTTCCCCATGATCCA-1",2
"CCTTCCCTCAAGGCTT-1",4
"CCTTCCCTCTATCCTA-1",0
"CCTTCCCTCTATCGCC-1",1
"CCTTCGAAGGCGCTCT-1",1
"CCTTCGACAACACCCG-1",0
"CCTTCGACAGCGATCC-1",1
"CCTTCGAGTAAGCACG-1",0
"CCTTCGAGTCCATGAT-1",1
"CCTTCGAGTGTGACCC-1",0
"CCTTCGAGTTGGTGGA-1",0
"CCTTCGATCACAGTAC-1",4
"CCTTCGATCCTATGTT-1",0
"CCTTCGATCGCACTCT-1",2
"CCTTTCTAGACGCTTT-1",2
"CCTTTCTAGGGCACTA-1",4
"CCTTTCTAGTGGAGTC-1",0
"CCTTTCTCAGACAAGC-1",0
"CCTTTCTCATCACGAT-1",1
"CCTTTCTCATGCCCGA-1",1
"CCTTTCTTCCCACTTG-1",1
"CCTTTCTTCTTTACGT-1",0
"CGAACATCACATGACT-1",0
"CGAACATCACTTGGAT-1",0
"CGAACATCAGTCCTTC-1",0
"CGAACATGTCTGATTG-1",1
"CGAACATGTGCTGTAT-1",1
"CGAACATTCTCAAACG-1",1
"CGAATGTAGAGGTTAT-1",0
"CGAATGTAGCGATAGC-1",3
"CGAATGTAGTTCGCAT-1",0
"CGAATGTCAATGCCAT-1",2
"CGAATGTGTCTAGTCA-1",3
"CGAATGTGTCTCACCT-1",0
"CGAATGTTCAACACAC-1",0
"CGAATGTTCATCACCC-1",4
"CGAATGTTCTGTACGA-1",0
"CGACCTTAGCTACCGC-1",0
"CGACCTTAGCTAGTCT-1",1
"CGACCTTCAAAGTGCG-1",1
"CGACCTTCACGAAATA-1",1
"CGACCTTGTAAGTGTA-1",0
"CGACCTTGTCAGAATA-1",0
"CGACCTTGTCTCCCTA-1",0
"CGACCTTGTCTCTTAT-1",1
"CGACCTTTCCGCGTTT-1",0
"CGACCTTTCGTTTATC-1",5
"CGACCTTTCTCCAGGG-1",0
"CGACTTCAGACACGAC-1",1
"CGACTTCAGGTAGCCA-1",0
"CGACTTCAGTCTTGCA-1",1
"CGACTTCCAATGGACG-1",1
"CGACTTCGTGGTGTAG-1",1
"CGACTTCGTTGAGTTC-1",1
"CGACTTCTCACTTACT-1",4
"CGACTTCTCTCGCTTG-1",1
"CGAGAAGAGAAACGCC-1",0
"CGAGAAGAGCCAACAG-1",0
"CGAGAAGAGCGTGTCC-1",0
"CGAGAAGCAAGTTCTG-1",1
"CGAGAAGCACATCCGG-1",1
"CGAGAAGCAGGCTGAA-1",0
"CGAGAAGTCGGATGGA-1",1
"CGAGCACAGCCAGAAC-1",2
"CGAGCACCACATGTGT-1",3
"CGAGCACGTAGCGTCC-1",1
"CGAGCACGTAGCGTGA-1",0
"CGAGCACGTCAGATAA-1",1
"CGAGCACGTGCCTTGG-1",0
"CGAGCACTCCCGGATG-1",2
"CGAGCACTCCGCTGTT-1",0
"CGAGCACTCGGAAATA-1",0
"CGAGCACTCGTGACAT-1",1
"CGAGCCAAGCTAGCCC-1",0
"CGAGCCAGTATATCCG-1",0
"CGAGCCAGTCAAGCGA-1",1
"CGATCGGAGAGCCTAG-1",0
"CGATCGGAGTACGATA-1",1
"CGATCGGCAAACGCGA-1",2
"CGATCGGCAAGCGATG-1",0
"CGATCGGCAATACGCT-1",0
"CGATCGGCAGTTAACC-1",1
"CGATCGGCATACTCTT-1",0
"CGATCGGGTCGACTGC-1",3
"CGATCGGTCAACGGGA-1",1
"CGATCGGTCTAGCACA-1",0
"CGATGGCAGCCGTCGT-1",0
"CGATGGCAGTCCAGGA-1",1
"CGATGGCCACTTAACG-1",2
"CGATGGCCAGCGTAAG-1",2
"CGATGGCCATCATCCC-1",0
"CGATGGCTCCTAGAAC-1",0
"CGATGGCTCGCTAGCG-1",1
"CGATGGCTCTGACCTC-1",1
"CGATGTAAGGCAATTA-1",0
"CGATGTAAGTTTGCGT-1",0
"CGATGTACACAGGCCT-1",1
"CGATGTACAGGTCTCG-1",0
"CGATGTAGTCCAGTGC-1",0
"CGATGTAGTCTAGGTT-1",1
"CGATGTAGTGTGCCTG-1",1
"CGATGTAGTTTGCATG-1",1
"CGATTGAAGATGTGGC-1",0
"CGATTGACAGACGCAA-1",2
"CGATTGAGTATGGTTC-1",0
"CGATTGAGTTCAGACT-1",2
"CGATTGATCATGGTCA-1",2
"CGATTGATCTGCGGCA-1",0
"CGCCAAGAGAATGTTG-1",1
"CGCCAAGAGACCTTTG-1",0
"CGCCAAGAGATCGGGT-1",1
"CGCCAAGAGATCTGAA-1",3
"CGCCAAGAGCGTGTCC-1",4
"CGCCAAGGTCTAGGTT-1",0
"CGCCAAGTCAGGATCT-1",2
"CGCCAAGTCCACTCCA-1",0
"CGCCAAGTCTTGTTTG-1",2
"CGCGGTAAGCTAGCCC-1",1
"CGCGGTAAGGGTTCCC-1",0
"CGCGGTACAAACTGCT-1",3
"CGCGGTACAATGGAAT-1",1
"CGCGGTACAGCTGTTA-1",0
"CGCGGTAGTCAAGCGA-1",0
"CGCGGTAGTGAGGCTA-1",0
"CGCGGTAGTTTGCATG-1",3
"CGCGTTTAGTTATCGC-1",0
"CGCGTTTCAACAACCT-1",2
"CGCGTTTCAAGCGAGT-1",4
"CGCGTTTCAATGGACG-1",0
"CGCGTTTCACGGTGTC-1",1
"CGCGTTTGTGCTGTAT-1",3
"CGCGTTTGTGGACGAT-1",3
"CGCGTTTTCAAACCGT-1",0
"CGCGTTTTCAGCCTAA-1",2
"CGCGTTTTCCTATGTT-1",0
"CGCGTTTTCGTGGTCG-1",1
"CGCTATCAGAAACCGC-1",1
"CGCTATCAGTCATCCA-1",0
"CGCTATCCAAGCGAGT-1",3
"CGCTATCCAGTCGATT-1",1
"CGCTATCCATCGACGC-1",1
"CGCTATCCATTTCAGG-1",2
"CGCTATCGTACCGAGA-1",3
"CGCTATCGTTCGAATC-1",0
"CGCTATCGTTTCGCTC-1",3
"CGCTATCTCGTTACAG-1",1
"CGCTGGAAGGACATTA-1",2
"CGCTGGAAGGGCACTA-1",1
"CGCTGGAAGGTGATAT-1",0
"CGCTGGACAGACTCGC-1",0
"CGCTGGAGTGTAATGA-1",2
"CGCTGGAGTTCTGGTA-1",2
"CGCTGGATCCGAAGAG-1",0
"CGCTGGATCCGTTGCT-1",0
"CGCTGGATCGTAGGAG-1",1
"CGCTGGATCGTTACAG-1",0
"CGCTTCAAGAAGGGTA-1",2
"CGCTTCAAGGTCGGAT-1",3
"CGCTTCACACGGTGTC-1",2
"CGCTTCACAGACAAGC-1",3
"CGCTTCACATCACCCT-1",2
"CGCTTCAGTCGCGGTT-1",0
"CGCTTCATCTTAGAGC-1",3
"CGGACACAGCGATATA-1",0
"CGGACACAGCGATGAC-1",0
"CGGACACAGCTTCGCG-1",1
"CGGACACAGGTAAACT-1",1
"CGGACACAGTAGCCGA-1",1
"CGGACACCACAGGAGT-1",0
"CGGACACCATTCACTT-1",1
"CGGACACGTGAGCGAT-1",1
"CGGACACGTGCTCTTC-1",1
"CGGACACGTGTGACCC-1",1
"CGGACGTAGGTTACCT-1",0
"CGGACGTCATGGGACA-1",2
"CGGACGTGTGAAAGAG-1",0
"CGGACGTGTTGGTAAA-1",0
"CGGACGTTCATGTGGT-1",1
"CGGACGTTCTGTCCGT-1",0
"CGGACTGAGGAGCGAG-1",0
"CGGACTGAGGAGTCTG-1",0
"CGGACTGAGTGGTAGC-1",0
"CGGACTGCAACTTGAC-1",0
"CGGACTGCAATGACCT-1",0
"CGGACTGCACAACGTT-1",1
"CGGACTGCACGCCAGT-1",1
"CGGACTGCAGTATGCT-1",0
"CGGACTGGTAAAGGAG-1",0
"CGGACTGGTATAAACG-1",0
"CGGACTGGTGTAAGTA-1",0
"CGGACTGGTGTGGTTT-1",0
"CGGACTGGTTGACGTT-1",0
"CGGACTGTCATTGCCC-1",1
"CGGACTGTCCATGCTC-1",2
"CGGACTGTCCGTCAAA-1",1
"CGGACTGTCGTTTGCC-1",0
"CGGACTGTCTTCATGT-1",0
"CGGAGCTAGTTTAGGA-1",0
"CGGAGCTCATTGAGCT-1",1
"CGGAGCTGTAGAAAGG-1",4
"CGGAGCTTCACTTATC-1",0
"CGGAGCTTCATGTAGC-1",0
"CGGAGCTTCCACGAAT-1",2
"CGGAGTCAGTGCGATG-1",0
"CGGAGTCAGTGTGAAT-1",2
"CGGAGTCCAGTGGGAT-1",0
"CGGAGTCCATTATCTC-1",0
"CGGAGTCGTAGCTGCC-1",2
"CGGAGTCGTCCAGTGC-1",1
"CGGAGTCGTGTTCGAT-1",2
"CGGAGTCTCCCAGGTG-1",0
"CGGAGTCTCCGTAGTA-1",0
"CGGCTAGAGAAACGCC-1",4
"CGGCTAGAGCACCGTC-1",1
"CGGCTAGAGCTAAACA-1",0
"CGGCTAGCAGACAAAT-1",1
"CGGCTAGGTAACGCGA-1",0
"CGGCTAGGTTCATGGT-1",0
"CGGCTAGTCAAAGACA-1",2
"CGGCTAGTCGTGGGAA-1",0
"CGGCTAGTCTTGTTTG-1",2
"CGGGTCAAGAGTCGGT-1",2
"CGGGTCAAGCACACAG-1",1
"CGGGTCAAGCTAACTC-1",0
"CGGGTCAAGGACACCA-1",2
"CGGGTCAAGTATGACA-1",1
"CGGGTCACAATGACCT-1",2
"CGGGTCACACCGAAAG-1",0
"CGGGTCACAGCCACCA-1",0
"CGGGTCACATACAGCT-1",1
"CGGGTCACATCCTTGC-1",1
"CGGGTCAGTAGCGCTC-1",2
"CGGGTCAGTCGATTGT-1",3
"CGGGTCAGTGCAACTT-1",1
"CGGGTCAGTTGTTTGG-1",1
"CGGGTCATCAACACCA-1",1
"CGGGTCATCACCTTAT-1",2
"CGGGTCATCCACGACG-1",0
"CGGTTAACAGGACCCT-1",1
"CGGTTAACATGTCCTC-1",0
"CGGTTAACATTCCTGC-1",3
"CGGTTAAGTCGACTGC-1",3
"CGGTTAATCCGGCACA-1",0
"CGGTTAATCCTTTCGG-1",1
"CGGTTAATCTTATCTG-1",3
"CGTAGCGAGATGTAAC-1",2
"CGTAGCGAGGCAATTA-1",2
"CGTAGCGAGTAGGTGC-1",0
"CGTAGCGCAAGCGCTC-1",1
"CGTAGCGTCCAACCAA-1",2
"CGTAGCGTCGGCGGTT-1",0
"CGTAGGCAGGGCTCTC-1",1
"CGTAGGCCAAGCGATG-1",1
"CGTAGGCCACTAAGTC-1",1
"CGTAGGCCAGAGTGTG-1",2
"CGTAGGCCATCCCATC-1",1
"CGTAGGCGTATTAGCC-1",0
"CGTAGGCGTCAATACC-1",2
"CGTAGGCGTGGCGAAT-1",0
"CGTAGGCTCCAGAAGG-1",0
"CGTCACTAGTCATGCT-1",0
"CGTCACTCAAAGCGGT-1",1
"CGTCACTCAGGTCCAC-1",2
"CGTCACTCAGTCACTA-1",1
"CGTCACTTCCTTGACC-1",1
"CGTCACTTCGGTGTTA-1",0
"CGTCACTTCTGTGCAA-1",2
"CGTCACTTCTTGAGAC-1",1
"CGTCAGGAGCTGTTCA-1",1
"CGTCAGGCAAAGCAAT-1",0
"CGTCAGGCAAAGCGGT-1",1
"CGTCAGGCAACACGCC-1",3
"CGTCAGGCATCCGCGA-1",1
"CGTCAGGGTCAGCTAT-1",1
"CGTCAGGGTCGTTGTA-1",0
"CGTCAGGGTGTAAGTA-1",0
"CGTCAGGTCCACTGGG-1",2
"CGTCAGGTCGACAGCC-1",0
"CGTCAGGTCGGGAGTA-1",3
"CGTCCATAGACCACGA-1",5
"CGTCCATAGCGATTCT-1",1
"CGTCCATAGGCTATCT-1",1
"CGTCCATAGTCTCAAC-1",0
"CGTCCATCACGACTCG-1",0
"CGTCCATCATTCACTT-1",2
"CGTCCATGTCTAGCGC-1",0
"CGTCCATGTGATAAAC-1",2
"CGTCCATGTTTGGGCC-1",1
"CGTCCATGTTTGTGTG-1",0
"CGTCCATTCAACACCA-1",0
"CGTCCATTCATTCACT-1",0
"CGTCTACAGTGCGTGA-1",1
"CGTCTACGTAGTAGTA-1",1
"CGTCTACTCGAGCCCA-1",0
"CGTCTACTCGCCATAA-1",0
"CGTCTACTCGGCCGAT-1",0
"CGTCTACTCGTCCAGG-1",1
"CGTCTACTCTATCGCC-1",0
"CGTGAGCAGATCTGAA-1",3
"CGTGAGCAGCAATCTC-1",0
"CGTGAGCAGCGGATCA-1",1
"CGTGAGCAGCTAGTGG-1",3
"CGTGAGCAGCTTCGCG-1",0
"CGTGAGCAGGGCACTA-1",1
"CGTGAGCAGGGTGTGT-1",2
"CGTGAGCAGTGGAGAA-1",1
"CGTGAGCCAAGCCGCT-1",4
"CGTGAGCCACGTAAGG-1",1
"CGTGAGCCATACGCCG-1",0
"CGTGAGCGTAGATTAG-1",0
"CGTGAGCGTCTCTTAT-1",2
"CGTGAGCTCACAAACC-1",1
"CGTGAGCTCCAAATGC-1",2
"CGTGAGCTCCGAGCCA-1",6
"CGTGAGCTCGTTGCCT-1",1
"CGTGAGCTCTGGGCCA-1",0
"CGTGTAAAGATAGTCA-1",0
"CGTGTAAAGGTGTTAA-1",0
"CGTGTAAAGTACATGA-1",3
"CGTGTAACATGGGACA-1",1
"CGTGTAAGTCCGCTGA-1",0
"CGTGTAAGTGTCTGAT-1",2
"CGTGTAATCTACTATC-1",0
"CGTGTAATCTCGATGA-1",1
"CGTGTAATCTTTAGTC-1",1
"CGTGTCTAGGCGCTCT-1",0
"CGTGTCTAGGGATGGG-1",2
"CGTGTCTCAGACAAAT-1",1
"CGTGTCTCAGACACTT-1",3
"CGTGTCTGTAAGAGGA-1",0
"CGTGTCTGTATATGAG-1",2
"CGTGTCTGTCAAAGCG-1",1
"CGTGTCTGTTCCGTCT-1",2
"CGTGTCTTCAATCACG-1",0
"CGTGTCTTCAGAGGTG-1",2
"CGTGTCTTCATAGCAC-1",1
"CGTGTCTTCCGAACGC-1",2
"CGTGTCTTCGGCATCG-1",0
"CGTGTCTTCGTGGACC-1",1
"CGTGTCTTCTACTTAC-1",2
"CGTGTCTTCTGAGTGT-1",8
"CGTTAGAAGATCTGAA-1",1
"CGTTAGAAGGCCCTTG-1",1
"CGTTAGACACGAAAGC-1",0
"CGTTAGACAGCTTCGG-1",2
"CGTTAGAGTTTAAGCC-1",3
"CGTTAGATCACTTATC-1",1
"CGTTAGATCAGCCTAA-1",1
"CGTTCTGAGAAGGGTA-1",1
"CGTTCTGAGACTAGGC-1",1
"CGTTCTGAGTGAACAT-1",0
"CGTTCTGCAGCTCGCA-1",5
"CGTTCTGCATTGGCGC-1",0
"CGTTCTGGTGAGGGTT-1",1
"CGTTCTGTCTGATTCT-1",5
"CGTTGGGAGCTAGTTC-1",2
"CGTTGGGAGGATGCGT-1",0
"CGTTGGGCACATTAGC-1",0
"CGTTGGGCAGACAGGT-1",2
"CGTTGGGGTTCCCGAG-1",2
"CGTTGGGTCATGCTCC-1",0
"CGTTGGGTCCATGAAC-1",2
"CGTTGGGTCTACCAGA-1",3
"CTAACTTAGTCCTCCT-1",0
"CTAACTTCAATAGCAA-1",2
"CTAACTTCAATCGGTT-1",0
"CTAACTTGTGAGGCTA-1",0
"CTAACTTTCGTACGGC-1",1
"CTAACTTTCTGGCGTG-1",0
"CTAAGACAGGGAAACA-1",1
"CTAAGACAGTACATGA-1",6
"CTAAGACAGTTCGCGC-1",1
"CTAAGACCAAGTAATG-1",1
"CTAAGACCAGTAAGAT-1",0
"CTAAGACCATGCAATC-1",0
"CTAAGACGTAAGGATT-1",2
"CTAAGACGTATCAGTC-1",0
"CTAAGACGTCACCTAA-1",1
"CTAAGACTCGTTGCCT-1",3
"CTAAGACTCTTACCGC-1",0
"CTAAGACTCTTGAGGT-1",5
"CTAATGGAGCAATCTC-1",0
"CTAATGGAGCGCTCCA-1",0
"CTAATGGAGCTCCCAG-1",1
"CTAATGGAGCTGAAAT-1",0
"CTAATGGAGTTAGGTA-1",0
"CTAATGGCATGGAATA-1",0
"CTAATGGGTACCGCTG-1",2
"CTAATGGGTCTAGCGC-1",1
"CTAATGGGTGAGGGAG-1",0
"CTAATGGGTTGGTGGA-1",0
"CTAATGGTCATGCTCC-1",1
"CTAATGGTCCACTGGG-1",1
"CTAATGGTCCGTTGCT-1",1
"CTAATGGTCCTAGAAC-1",1
"CTACACCAGTGCGATG-1",0
"CTACACCCACGGACAA-1",0
"CTACACCGTAATAGCA-1",2
"CTACACCGTCTGATTG-1",0
"CTACACCGTTCGTCTC-1",0
"CTACACCTCAGAAATG-1",0
"CTACACCTCGGCTTGG-1",1
"CTACACCTCGGTCCGA-1",1
"CTACACCTCTCGCATC-1",0
"CTACACCTCTCTGCTG-1",1
"CTACATTAGATCACGG-1",0
"CTACATTCACTCGACG-1",1
"CTACATTCATTTCACT-1",1
"CTACATTGTGATGATA-1",0
"CTACATTGTTCGAATC-1",0
"CTACATTTCAACGCTA-1",1
"CTACATTTCGCCATAA-1",0
"CTACATTTCTAGCACA-1",1
"CTACCCACACAGAGGT-1",1
"CTACCCACACGACGAA-1",0
"CTACCCACATGGTTGT-1",0
"CTACCCAGTATCTGCA-1",1
"CTACCCAGTATGAATG-1",2
"CTACCCAGTCAGAAGC-1",1
"CTACCCAGTGTGACCC-1",3
"CTACCCAGTTATGTGC-1",6
"CTACCCATCTACGAGT-1",0
"CTACGTCAGGTGCAAC-1",2
"CTACGTCAGTGCGATG-1",4
"CTACGTCAGTTGTCGT-1",2
"CTACGTCCATATACCG-1",0
"CTACGTCGTATATGGA-1",3
"CTACGTCGTGTGGTTT-1",0
"CTACGTCTCAAAGTAG-1",0
"CTACGTCTCACGACTA-1",2
"CTACGTCTCACGGTTA-1",8
"CTACGTCTCCTAGAAC-1",0
"CTAGAGTAGCTGTCTA-1",0
"CTAGAGTAGGATCGCA-1",2
"CTAGAGTAGTCCATAC-1",1
"CTAGAGTCACATTAGC-1",1
"CTAGAGTCAGTATGCT-1",1
"CTAGAGTCATACTCTT-1",3
"CTAGAGTCATGTAAGA-1",1
"CTAGAGTGTGACCAAG-1",1
"CTAGAGTTCAACACCA-1",0
"CTAGAGTTCCGTCAAA-1",1
"CTAGAGTTCCTAAGTG-1",2
"CTAGAGTTCGCCAGCA-1",0
"CTAGAGTTCGCTTAGA-1",0
"CTAGAGTTCGTGACAT-1",0
"CTAGAGTTCTGATTCT-1",2
"CTAGCCTCACCAGATT-1",1
"CTAGCCTGTATATCCG-1",1
"CTAGCCTGTGATGCCC-1",2
"CTAGCCTTCGGGAGTA-1",0
"CTAGTGAAGCTGGAAC-1",1
"CTAGTGAAGTGTACCT-1",1
"CTAGTGACAAGTCTAC-1",2
"CTAGTGACAGGATCGA-1",1
"CTAGTGAGTTATGCGT-1",0
"CTAGTGATCAGTTGAC-1",0
"CTAGTGATCCAGTAGT-1",3
"CTCACACAGCTAAGAT-1",2
"CTCACACAGCTGCCCA-1",3
"CTCACACAGGATGCGT-1",0
"CTCACACCACGTAAGG-1",2
"CTCACACCACTGTTAG-1",2
"CTCACACCATATACGC-1",0
"CTCACACGTGCTGTAT-1",1
"CTCACACGTTCCATGA-1",1
"CTCACACGTTTGGGCC-1",0
"CTCACACTCACCGGGT-1",1
"CTCACACTCATCGGAT-1",0
"CTCACACTCCGCGCAA-1",2
"CTCACACTCTAACCGA-1",1
"CTCAGAAAGAGCTGCA-1",1
"CTCAGAAAGGAGTAGA-1",1
"CTCAGAACAACGCACC-1",3
"CTCAGAACAAGCGATG-1",0
"CTCAGAACAGGGCATA-1",0
"CTCAGAAGTGACGGTA-1",2
"CTCAGAATCTTAACCT-1",1
"CTCATTAAGAACTGTA-1",0
"CTCATTACATGGTCAT-1",1
"CTCATTAGTGTAACGG-1",2
"CTCATTAGTTTACTCT-1",1
"CTCCTAGCAAGTACCT-1",0
"CTCCTAGCAATTCCTT-1",2
"CTCCTAGCACTGTCGG-1",0
"CTCCTAGCAGTCCTTC-1",0
"CTCCTAGCATAACCTG-1",1
"CTCCTAGCATGCGCAC-1",1
"CTCCTAGGTAGAAAGG-1",1
"CTCCTAGGTCCGAGTC-1",2
"CTCCTAGGTCTAGCCG-1",1
"CTCCTAGGTGTTTGTG-1",2
"CTCCTAGGTTCGTGAT-1",0
"CTCCTAGGTTGTTTGG-1",2
"CTCCTAGTCACTTACT-1",0
"CTCCTAGTCTCATTCA-1",0
"CTCGAAAAGCCCAACC-1",0
"CTCGAAAAGCTATGCT-1",4
"CTCGAAAAGGCCCTTG-1",1
"CTCGAAAAGGGCTTCC-1",0
"CTCGAAACAAGCCGTC-1",0
"CTCGAAACACATTAGC-1",1
"CTCGAAACACCGAAAG-1",4
"CTCGAAACACGGCTAC-1",0
"CTCGAAACAGTAAGAT-1",0
"CTCGAAACATACGCCG-1",1
"CTCGAGGAGCCATCGC-1",2
"CTCGAGGAGGGCTTCC-1",2
"CTCGAGGCAGATAATG-1",0
"CTCGAGGGTATTCTCT-1",1
"CTCGAGGGTGCCTGGT-1",2
"CTCGGAGAGTCCCACG-1",1
"CTCGGAGCACTTCTGC-1",0
"CTCGGAGCAGCTGCAC-1",2
"CTCGGAGCAGGATCGA-1",1
"CTCGGAGGTAGCCTAT-1",0
"CTCGGAGGTCATGCCG-1",0
"CTCGGAGTCAAACGGG-1",4
"CTCGGAGTCACATACG-1",2
"CTCGGAGTCAGCTTAG-1",0
"CTCGGGAAGACCTAGG-1",1
"CTCGGGACACAGCCCA-1",2
"CTCGGGACATAAAGGT-1",1
"CTCGGGACATCCCACT-1",4
"CTCGGGACATGTCGAT-1",1
"CTCGGGAGTCGCGTGT-1",1
"CTCGGGAGTGACTACT-1",0
"CTCGGGAGTTACGACT-1",1
"CTCGGGATCCGTACAA-1",1
"CTCGGGATCCTTGACC-1",1
"CTCGGGATCTTAGCCC-1",1
"CTCGGGATCTTGTTTG-1",1
"CTCGTACAGCGATAGC-1",4
"CTCGTACCAGCGTAAG-1",1
"CTCGTACCATAGTAAG-1",0
"CTCGTACGTAGAGTGC-1",2
"CTCGTACGTATCACCA-1",0
"CTCGTACGTGCAGTAG-1",0
"CTCGTACTCAAAGTAG-1",0
"CTCGTACTCAATCTCT-1",0
"CTCGTACTCGTTGCCT-1",0
"CTCGTACTCTGGTTCC-1",1
"CTCGTCAAGATGCCTT-1",3
"CTCGTCAAGTGGAGTC-1",1
"CTCGTCAAGTTTGCGT-1",1
"CTCGTCACAACGATCT-1",1
"CTCGTCACACATCCGG-1",1
"CTCGTCACAGTCGTGC-1",4
"CTCGTCAGTCTCATCC-1",3
"CTCGTCAGTCTCCATC-1",2
"CTCGTCAGTGAGCGAT-1",0
"CTCGTCAGTTGACGTT-1",2
"CTCGTCAGTTGGGACA-1",1
"CTCGTCATCACTTATC-1",1
"CTCGTCATCGACCAGC-1",2
"CTCGTCATCTGCTGTC-1",2
"CTCTAATCACCAGGTC-1",1
"CTCTAATCACGGTGTC-1",3
"CTCTAATCAGGAATCG-1",0
"CTCTAATGTCCAAGTT-1",1
"CTCTACGAGCTAAACA-1",1
"CTCTACGAGCTAGTGG-1",1
"CTCTACGAGTACGCCC-1",2
"CTCTACGAGTAGGCCA-1",1
"CTCTACGCAATAACGA-1",4
"CTCTACGCAGACGCTC-1",1
"CTCTACGCATGACATC-1",1
"CTCTACGTCATGTCTT-1",1
"CTCTACGTCCCTAATT-1",2
"CTCTACGTCGGCATCG-1",1
"CTCTACGTCGGTCTAA-1",0
"CTCTGGTAGCAGCGTA-1",0
"CTCTGGTAGCGTTCCG-1",3
"CTCTGGTAGGCATGGT-1",3
"CTCTGGTAGTGCCAGA-1",0
"CTCTGGTCACAAGCCC-1",1
"CTCTGGTCAGCCTTTC-1",1
"CTCTGGTTCATCTGTT-1",3
"CTCTGGTTCTTGTACT-1",0
"CTGAAACAGATCCCGC-1",1
"CTGAAACAGGTGCTAG-1",0
"CTGAAACAGTCCGTAT-1",0
"CTGAAACAGTGTCTCA-1",0
"CTGAAACGTCATCGGC-1",0
"CTGAAACGTTAAAGAC-1",6
"CTGAAACTCATACGGT-1",8
"CTGAAGTAGTGCGTGA-1",0
"CTGAAGTCAGCTGTAT-1",0
"CTGAAGTGTTAAAGTG-1",2
"CTGAAGTTCAAGCCTA-1",1
"CTGAAGTTCGGATGTT-1",0
"CTGATAGAGGGAGTAA-1",0
"CTGATAGAGTGCAAGC-1",0
"CTGATAGCAGCCTTTC-1",1
"CTGATAGCATCCCATC-1",1
"CTGATAGCATCTCCCA-1",1
"CTGATAGGTCAAAGCG-1",0
"CTGATAGGTCGCTTTC-1",0
"CTGATAGGTTACGACT-1",2
"CTGATAGTCGCGATCG-1",0
"CTGATAGTCTTATCTG-1",1
"CTGATCCAGGCATTGG-1",1
"CTGATCCAGGTGACCA-1",1
"CTGATCCCACAGAGGT-1",4
"CTGATCCCAGGCTGAA-1",1
"CTGATCCGTGCCTGGT-1",1
"CTGATCCGTTATCCGA-1",1
"CTGATCCGTTGTGGCC-1",0
"CTGCCTAAGGGTCTCC-1",1
"CTGCCTAAGGTGATAT-1",1
"CTGCCTAAGTACGCGA-1",0
"CTGCCTAAGTGCGTGA-1",2
"CTGCCTACATCCCACT-1",0
"CTGCCTATCAATAAGG-1",0
"CTGCGGAAGAAGGACA-1",1
"CTGCGGAAGAGCTGGT-1",4
"CTGCGGAAGATGAGAG-1",3
"CTGCGGACAGGTCGTC-1",1
"CTGCGGACATGTCTCC-1",1
"CTGCGGAGTCACTTCC-1",0
"CTGCGGAGTCGTGGCT-1",2
"CTGCGGAGTTCTGTTT-1",2
"CTGCGGAGTTGGACCC-1",3
"CTGCGGATCGCCTGTT-1",0
"CTGCGGATCTTACCGC-1",0
"CTGCTGTAGGGTGTTG-1",2
"CTGCTGTAGTACCGGA-1",2
"CTGCTGTAGTGGAGAA-1",0
"CTGCTGTCACATCTTT-1",0
"CTGCTGTGTTAAAGAC-1",1
"CTGCTGTTCTCCAACC-1",0
"CTGCTGTTCTTACCGC-1",0
"CTGGTCTAGCGTTGCC-1",0
"CTGGTCTAGGACAGCT-1",1
"CTGGTCTAGGGCTTGA-1",1
"CTGGTCTAGTCGAGTG-1",3
"CTGGTCTCAAAGGAAG-1",2
"CTGGTCTCACCAGTTA-1",2
"CTGGTCTGTACCTACA-1",0
"CTGGTCTGTACGCTGC-1",2
"CTGGTCTGTCCGCTGA-1",0
"CTGGTCTGTCCGTTAA-1",0
"CTGGTCTGTTCATGGT-1",3
"CTGGTCTGTTCGTGAT-1",1
"CTGGTCTTCAACGGGA-1",0
"CTGGTCTTCACTTACT-1",1
"CTGGTCTTCTTACCTA-1",0
"CTGTGCTGTATATCCG-1",0
"CTGTGCTGTCATCCCT-1",0
"CTGTGCTGTCCCTACT-1",4
"CTGTGCTGTCGGCACT-1",0
"CTGTGCTTCCATTCTA-1",1
"CTGTGCTTCCGTACAA-1",1
"CTGTTTAAGAAACCGC-1",0
"CTGTTTAAGATCGATA-1",2
"CTGTTTAAGGAGTTGC-1",1
"CTGTTTAGTCAAAGCG-1",1
"CTGTTTATCAGCCTAA-1",0
"CTGTTTATCATTTGGG-1",0
"CTGTTTATCTCCAGGG-1",1
"CTGTTTATCTCTTGAT-1",2
"CTGTTTATCTTCTGGC-1",4
"CTTAACTAGCCAGTAG-1",0
"CTTAACTAGGCTCTTA-1",3
"CTTAACTAGGTGCACA-1",1
"CTTAACTAGTCTCGGC-1",2
"CTTACCGAGCGCTTAT-1",0
"CTTACCGAGGCTACGA-1",0
"CTTACCGCAGATCTGT-1",0
"CTTACCGCAGTCAGAG-1",2
"CTTACCGGTCCTGCTT-1",1
"CTTACCGGTCGCCATG-1",1
"CTTACCGGTCTACCTC-1",0
"CTTACCGTCGGACAAG-1",1
"CTTAGGAAGCCCAACC-1",2
"CTTAGGACACGACGAA-1",0
"CTTAGGAGTTATGTGC-1",1
"CTTAGGATCCCATTTA-1",3
"CTTAGGATCTTTACAC-1",2
"CTTCTCTAGAACTCGG-1",1
"CTTCTCTAGAGTGAGA-1",0
"CTTCTCTAGCAGGCTA-1",2
"CTTCTCTAGTTAACGA-1",0
"CTTCTCTCAAAGGTGC-1",1
"CTTCTCTGTAACGACG-1",1
"CTTCTCTGTGCATCTA-1",0
"CTTCTCTTCGAGCCCA-1",0
"CTTGGCTAGCGATATA-1",3
"CTTGGCTAGTACGTTC-1",2
"CTTGGCTCATTACCTT-1",0
"CTTGGCTGTCTCCATC-1",2
"CTTGGCTTCCCTAATT-1",2
"CTTGGCTTCGCGTAGC-1",0
"CTTGGCTTCTCGTTTA-1",4
"CTTTGCGAGCAAATCA-1",4
"CTTTGCGAGCGTTCCG-1",7
"CTTTGCGAGTATCTCG-1",3
"CTTTGCGCAATTCCTT-1",1
"CTTTGCGCACTTAAGC-1",0
"CTTTGCGCAGACGCAA-1",0
"CTTTGCGGTAGAGGAA-1",2
"CTTTGCGTCCAGGGCT-1",1
"GAAACTCAGAGACGAA-1",2
"GAAACTCAGAGGTTAT-1",0
"GAAACTCAGCAGCCTC-1",2
"GAAACTCAGCCCAGCT-1",2
"GAAACTCAGCTAAACA-1",3
"GAAACTCAGTGCTGCC-1",0
"GAAACTCCAAGCCCAC-1",5
"GAAACTCCACATGACT-1",0
"GAAACTCCAGACACTT-1",0
"GAAACTCCATGGATGG-1",3
"GAAACTCGTACTCGCG-1",1
"GAAACTCGTAGCGATG-1",0
"GAAACTCGTGTGAAAT-1",1
"GAAACTCGTTTGTGTG-1",1
"GAAATGAAGACTAGGC-1",2
"GAAATGAAGCCAGTTT-1",3
"GAAATGAAGCTAGTCT-1",0
"GAAATGAAGTACGTAA-1",0
"GAAATGATCATGCTCC-1",1
"GAAATGATCCTCGCAT-1",4
"GAACATCAGATGGCGT-1",3
"GAACATCCAACAACCT-1",0
"GAACATCCACATCTTT-1",0
"GAACATCCACCTATCC-1",0
"GAACATCCACGGACAA-1",0
"GAACATCCATGCTAGT-1",1
"GAACATCGTACGACCC-1",1
"GAACATCGTGGACGAT-1",2
"GAACATCGTTCCCGAG-1",0
"GAACATCTCCAAGTAC-1",1
"GAACATCTCGATCCCT-1",1
"GAACATCTCTCCAACC-1",1
"GAACCTAAGAACTGTA-1",1
"GAACCTAAGAGCAATT-1",0
"GAACCTAAGCCAGTAG-1",0
"GAACCTACAAGGACAC-1",1
"GAACCTACAGACACTT-1",1
"GAACCTAGTACCAGTT-1",3
"GAACCTAGTGTCAATC-1",4
"GAACCTATCACGATGT-1",1
"GAACGGAAGACGCAAC-1",0
"GAACGGAAGTAATCCC-1",2
"GAACGGAAGTCAATAG-1",0
"GAACGGAAGTGGACGT-1",0
"GAACGGACACAGCGTC-1",0
"GAACGGACACCTCGTT-1",1
"GAACGGACACTTAACG-1",3
"GAACGGAGTAGCGTAG-1",0
"GAACGGAGTCAGAGGT-1",1
"GAACGGAGTGGCGAAT-1",2
"GAACGGATCACTCCTG-1",2
"GAACGGATCCACGAAT-1",1
"GAACGGATCGTAGGAG-1",4
"GAACGGATCTGTCAAG-1",1
"GAAGCAGAGACTAAGT-1",4
"GAAGCAGAGAGACGAA-1",1
"GAAGCAGAGCCACGCT-1",1
"GAAGCAGAGTTCGCGC-1",1
"GAAGCAGCAATCCGAT-1",0
"GAAGCAGCACTCGACG-1",0
"GAAGCAGCAGATCTGT-1",0
"GAAGCAGCAGATGAGC-1",0
"GAAGCAGCATGAACCT-1",0
"GAAGCAGCATGGAATA-1",2
"GAAGCAGGTAACGCGA-1",3
"GAAGCAGGTCATACTG-1",1
"GAAGCAGTCCTAGTGA-1",1
"GAAGCAGTCTTATCTG-1",0
"GAATAAGCAAGGTGTG-1",0
"GAATAAGCAGACAAGC-1",1
"GAATAAGCATGCAACT-1",0
"GAATAAGGTCCGTTAA-1",4
"GAATAAGGTGAGTGAC-1",1
"GAATAAGGTTCCCTTG-1",0
"GAATAAGTCGTTTAGG-1",0
"GAATGAAAGAGTCTGG-1",1
"GAATGAAAGCTTATCG-1",1
"GAATGAAAGGCATGTG-1",3
"GAATGAACAAACGCGA-1",0
"GAATGAACAGTGAGTG-1",2
"GAATGAACATCATCCC-1",1
"GAATGAAGTCAACATC-1",0
"GAATGAAGTCTCACCT-1",4
"GAATGAAGTGGCAAAC-1",0
"GAATGAAGTTGCGTTA-1",0
"GAATGAATCAGTTAGC-1",0
"GAATGAATCCTGCCAT-1",2
"GACACGCAGACGCACA-1",0
"GACACGCAGAGTAATC-1",2
"GACACGCAGCCAACAG-1",0
"GACACGCAGGAGTTTA-1",0
"GACACGCAGGGCATGT-1",3
"GACACGCAGGTGCACA-1",1
"GACACGCAGTCCAGGA-1",4
"GACACGCAGTGGGATC-1",5
"GACACGCAGTGGGTTG-1",2
"GACACGCCAAGCGTAG-1",0
"GACACGCCAAGGACAC-1",1
"GACACGCCAGACGCTC-1",0
"GACACGCCATCCTTGC-1",3
"GACACGCGTTCACGGC-1",1
"GACACGCTCATGTAGC-1",2
"GACAGAGAGTACGATA-1",2
"GACAGAGCAACGATCT-1",1
"GACAGAGCAAGTCTAC-1",0
"GACAGAGCAGCTCCGA-1",0
"GACAGAGCAGCTGGCT-1",2
"GACAGAGGTAGAAAGG-1",1
"GACAGAGTCAAACAAG-1",2
"GACAGAGTCAGAGACG-1",0
"GACAGAGTCCTTCAAT-1",1
"GACAGAGTCCTTGCCA-1",0
"GACAGAGTCTTCATGT-1",2
"GACCAATAGAAGGGTA-1",1
"GACCAATAGCTACCGC-1",1
"GACCAATAGCTACCTA-1",0
"GACCAATCAGGTGCCT-1",2
"GACCAATCATGCGCAC-1",1
"GACCAATGTACAGTTC-1",2
"GACCAATGTCGCTTCT-1",2
"GACCAATTCCGATATG-1",0
"GACCAATTCGAATGGG-1",1
"GACCAATTCGTCACGG-1",1
"GACCTGGCATCACAAC-1",0
"GACCTGGCATGTCTCC-1",0
"GACCTGGCATTGGCGC-1",2
"GACCTGGGTAAAGGAG-1",2
"GACCTGGGTCCAGTTA-1",2
"GACCTGGGTGCAGTAG-1",0
"GACCTGGTCATAGCAC-1",0
"GACCTGGTCCTTGCCA-1",1
"GACCTGGTCGCATGAT-1",1
"GACCTGGTCGTCACGG-1",1
"GACGCGTAGTGGTAAT-1",0
"GACGCGTAGTTGTAGA-1",1
"GACGCGTGTAAAGGAG-1",0
"GACGCGTGTGTGAAAT-1",0
"GACGCGTGTTAAGACA-1",0
"GACGCGTTCAAACCGT-1",0
"GACGCGTTCCAAATGC-1",0
"GACGCGTTCCGCGGTA-1",0
"GACGCGTTCCTACAGA-1",0
"GACGCGTTCGACGGAA-1",0
"GACGCGTTCTCCGGTT-1",0
"GACGGCTAGAAGATTC-1",1
"GACGGCTAGAGCTGGT-1",1
"GACGGCTCAAGGTTTC-1",1
"GACGGCTCACCGCTAG-1",1
"GACGGCTCATGAACCT-1",1
"GACGGCTCATGCAACT-1",0
"GACGGCTGTGTGTGCC-1",0
"GACGGCTGTTATGTGC-1",2
"GACGGCTGTTTGGCGC-1",3
"GACGGCTTCTATCGCC-1",1
"GACGTGCAGGCAAAGA-1",0
"GACGTGCAGGGTGTGT-1",1
"GACGTGCAGGTGTTAA-1",2
"GACGTGCCAGGTCGTC-1",1
"GACGTGCGTAACGTTC-1",1
"GACGTGCTCACCTCGT-1",0
"GACGTTAAGCTACCGC-1",1
"GACGTTAAGGCAAAGA-1",1
"GACGTTAAGTCAAGCG-1",1
"GACGTTACAAGCCATT-1",1
"GACGTTACAAGGTTTC-1",0
"GACGTTACAGACACTT-1",1
"GACGTTAGTATCTGCA-1",0
"GACGTTAGTTTGACAC-1",1
"GACGTTAGTTTGACTG-1",1
"GACGTTATCACAGGCC-1",0
"GACGTTATCATTGCGA-1",0
"GACGTTATCCCGGATG-1",0
"GACGTTATCCGAAGAG-1",1
"GACGTTATCGCGTTTC-1",0
"GACGTTATCTGTCCGT-1",1
"GACTAACAGACAGAGA-1",1
"GACTAACAGTGGAGAA-1",0
"GACTAACCAAATCCGT-1",0
"GACTAACGTCTAGTCA-1",0
"GACTAACGTGCAACTT-1",0
"GACTAACGTTCAGACT-1",0
"GACTAACTCCGCGCAA-1",0
"GACTAACTCCTTTCTC-1",1
"GACTAACTCTTGCCGT-1",2
"GACTAACTCTTTACAC-1",0
"GACTACAAGATATGGT-1",2
"GACTACACAAATCCGT-1",0
"GACTACAGTGCTGTAT-1",2
"GACTACATCAGCCTAA-1",0
"GACTACATCAGGTAAA-1",5
"GACTACATCTGCAGTA-1",0
"GACTGCGAGCGTAGTG-1",0
"GACTGCGAGTTGTAGA-1",0
"GACTGCGCACTTAACG-1",3
"GACTGCGCATGTTCCC-1",0
"GACTGCGGTACGCACC-1",0
"GACTGCGGTTCTCATT-1",1
"GACTGCGTCAACACAC-1",1
"GACTGCGTCACGACTA-1",0
"GACTGCGTCGCCCTTA-1",0
"GACTGCGTCTCAAACG-1",0
"GAGCAGAGTAGGGTAC-1",1
"GAGCAGAGTCAGATAA-1",1
"GAGCAGAGTCATATGC-1",1
"GAGCAGAGTGAGCGAT-1",1
"GAGCAGAGTGTAACGG-1",2
"GAGCAGAGTGTGACCC-1",1
"GAGCAGAGTTCGGGCT-1",2
"GAGCAGAGTTTAAGCC-1",0
"GAGCAGAGTTTGCATG-1",0
"GAGGTGAAGCAACGGT-1",4
"GAGGTGAAGGCTCTTA-1",1
"GAGGTGAAGTGGTAGC-1",3
"GAGGTGAAGTTGTAGA-1",1
"GAGGTGACACTGTCGG-1",1
"GAGGTGACATCCTTGC-1",0
"GAGGTGACATGCATGT-1",1
"GAGGTGAGTACCTACA-1",0
"GAGGTGAGTCATTAGC-1",3
"GAGGTGAGTTCCTCCA-1",0
"GAGGTGATCATCGCTC-1",0
"GAGGTGATCTAGAGTC-1",0
"GAGGTGATCTCTAGGA-1",5
"GAGGTGATCTGCTGTC-1",0
"GAGGTGATCTGGGCCA-1",2
"GAGTCCGAGGACAGAA-1",2
"GAGTCCGAGGCATGTG-1",0
"GAGTCCGAGGCGTACA-1",0
"GAGTCCGCAAACCCAT-1",0
"GAGTCCGGTCAAGCGA-1",0
"GAGTCCGGTGACCAAG-1",1
"GAGTCCGGTGACTCAT-1",0
"GAGTCCGGTGTGACCC-1",0
"GAGTCCGGTTCGGGCT-1",0
"GAGTCCGGTTTGCATG-1",1
"GAGTCCGTCGGCGCAT-1",1
"GAGTCCGTCTGATTCT-1",1
"GATCAGTAGATGTCGG-1",0
"GATCAGTAGTGGTAGC-1",0
"GATCAGTGTATATGAG-1",0
"GATCAGTGTCTGCGGT-1",0
"GATCAGTGTTATGCGT-1",0
"GATCAGTGTTGTACAC-1",1
"GATCAGTTCCCGACTT-1",0
"GATCGATAGAATGTTG-1",0
"GATCGATAGAGCTGCA-1",0
"GATCGATAGCATGGCA-1",0
"GATCGATCAAGCGAGT-1",1
"GATCGATCAAGCGTAG-1",0
"GATCGATGTCAACATC-1",1
"GATCGATGTTGCCTCT-1",0
"GATCGATTCCGCATCT-1",2
"GATCGCGAGATAGTCA-1",1
"GATCGCGAGCCTTGAT-1",0
"GATCGCGAGGAGCGTT-1",1
"GATCGCGCAGGTCGTC-1",0
"GATCGCGGTACAGCAG-1",1
"GATCGCGGTGAGTATA-1",1
"GATCGCGGTTGTCGCG-1",0
"GATCGCGTCACTCCTG-1",1
"GATCGTAAGACATAAC-1",1
"GATCGTAAGCTCAACT-1",2
"GATCGTACATAACCTG-1",1
"GATCGTAGTGGCTCCA-1",0
"GATCGTATCATATCGG-1",2
"GATCGTATCATGTCCC-1",0
"GATCGTATCTTACCGC-1",3
"GATCTAGAGCGTCTAT-1",0
"GATCTAGAGTGGAGAA-1",0
"GATCTAGCAACACCTA-1",1
"GATCTAGCAAGGGTCA-1",2
"GATCTAGGTCTAAAGA-1",0
"GATCTAGGTCTCACCT-1",6
"GATCTAGGTCTCTTTA-1",0
"GATCTAGTCACATAGC-1",1
"GATCTAGTCTAAGCCA-1",0
"GATGAAAAGAGTAATC-1",0
"GATGAAAAGCTCCCAG-1",0
"GATGAAACACGGTAGA-1",2
"GATGAAACAGCTGTAT-1",2
"GATGAAAGTGGGTATG-1",0
"GATGAAATCACCCTCA-1",0
"GATGAAATCACTCCTG-1",0
"GATGAAATCAGCAACT-1",2
"GATGAAATCGAGAGCA-1",0
"GATGAGGAGATCCCGC-1",1
"GATGAGGAGTTCGATC-1",1
"GATGAGGCACCAGTTA-1",2
"GATGAGGGTATCACCA-1",0
"GATGAGGGTATTCGTG-1",1
"GATGAGGGTCGCGTGT-1",0
"GATGAGGGTGATGATA-1",0
"GATGAGGTCACAGGCC-1",1
"GATGAGGTCACATAGC-1",0
"GATGAGGTCCCTTGTG-1",3
"GATGAGGTCTGCTGTC-1",1
"GATGCTAAGACTAAGT-1",0
"GATGCTAAGGATGCGT-1",0
"GATGCTAAGGCTCTTA-1",1
"GATGCTAAGGGAACGG-1",0
"GATGCTAAGTATCTCG-1",2
"GATGCTAAGTCTCGGC-1",0
"GATGCTACATGTTGAC-1",1
"GATGCTACATTGCGGC-1",3
"GATGCTAGTCTCCATC-1",1
"GATGCTAGTGGAAAGA-1",1
"GATGCTAGTTAGGGTG-1",0
"GATGCTATCCTGTACC-1",0
"GATGCTATCGGCGCTA-1",0
"GATTCAGAGAAACCTA-1",3
"GATTCAGAGAGTGACC-1",1
"GATTCAGAGATTACCC-1",1
"GATTCAGAGGGTCGAT-1",2
"GATTCAGAGGTCGGAT-1",1
"GATTCAGAGTCAATAG-1",1
"GATTCAGCAAGTTGTC-1",0
"GATTCAGCAATTCCTT-1",0
"GATTCAGCAGGGTACA-1",0
"GATTCAGCATCGACGC-1",0
"GATTCAGCATTATCTC-1",0
"GATTCAGGTAAATACG-1",0
"GATTCAGTCAACTCTT-1",4
"GCAAACTAGATGTTAG-1",1
"GCAAACTAGTCATGCT-1",1
"GCAAACTAGTCTCAAC-1",0
"GCAAACTCACAGGTTT-1",1
"GCAAACTGTCAGATAA-1",0
"GCAAACTGTCTCCATC-1",1
"GCAAACTTCGTGGTCG-1",0
"GCAATCAAGGGATCTG-1",0
"GCAATCAAGTATCTCG-1",0
"GCAATCAAGTGGGTTG-1",1
"GCAATCACAGCTTAAC-1",2
"GCAATCACATGTCGAT-1",0
"GCAATCACATTCCTCG-1",3
"GCAATCAGTAGGAGTC-1",0
"GCAATCAGTATAATGG-1",0
"GCAATCAGTTCTCATT-1",2
"GCAATCAGTTCTGGTA-1",0
"GCACATAAGAGCTATA-1",0
"GCACATAAGATGTTAG-1",1
"GCACATAAGCCTTGAT-1",2
"GCACATAAGGAGTACC-1",3
"GCACATAAGTGAAGTT-1",1
"GCACATACACCACGTG-1",0
"GCACATACAGCTGTAT-1",0
"GCACATACAGGAACGT-1",0
"GCACATAGTCATCGGC-1",0
"GCACATAGTCCGAATT-1",2
"GCACATAGTCTCTTTA-1",0
"GCACATAGTGCGCTTG-1",1
"GCACATATCACCTCGT-1",0
"GCACATATCTGGTTCC-1",0
"GCACTCTCAAGACACG-1",0
"GCACTCTCAATCACAC-1",0
"GCACTCTCATTTCAGG-1",0
"GCACTCTGTAAACCTC-1",0
"GCACTCTGTACCAGTT-1",0
"GCACTCTGTAGAAAGG-1",1
"GCACTCTGTCGAACAG-1",0
"GCACTCTGTCTAGGTT-1",3
"GCACTCTTCAACTCTT-1",2
"GCACTCTTCCCTAATT-1",0
"GCACTCTTCTGCCCTA-1",0
"GCAGCCAAGCTGATAA-1",3
"GCAGCCACATGAGCGA-1",0
"GCAGCCAGTAATCGTC-1",1
"GCAGCCAGTGTCGCTG-1",2
"GCAGCCATCAGTTGAC-1",2
"GCAGCCATCCCAACGG-1",3
"GCAGCCATCCGTACAA-1",0
"GCAGTTAAGTCCATAC-1",2
"GCAGTTAAGTCCGTAT-1",1
"GCAGTTAAGTTAACGA-1",0
"GCAGTTAGTGGACGAT-1",1
"GCAGTTAGTTATTCTC-1",0
"GCAGTTATCGCGATCG-1",2
"GCATACAAGATCTGCT-1",2
"GCATACAAGCAACGGT-1",2
"GCATACACAACGCACC-1",5
"GCATACACAAGGACTG-1",0
"GCATACACAAGTCTGT-1",0
"GCATACACAGTCAGCC-1",3
"GCATACACATCCTAGA-1",0
"GCATACACATCGGAAG-1",1
"GCATACAGTCCGAACC-1",1
"GCATACAGTTCTGGTA-1",2
"GCATACATCCACGACG-1",1
"GCATGATAGAATGTTG-1",1
"GCATGATAGAGTAATC-1",2
"GCATGATAGCTGATAA-1",0
"GCATGATAGGACCACA-1",2
"GCATGATAGGCTAGCA-1",1
"GCATGATAGTCAAGCG-1",3
"GCATGATAGTGGAGAA-1",0
"GCATGATCACACCGAC-1",2
"GCATGATCACATTTCT-1",1
"GCATGATGTCCCTACT-1",0
"GCATGATGTTGCGCAC-1",0
"GCATGATTCGTGGACC-1",1
"GCATGCGAGCATGGCA-1",0
"GCATGCGAGTCCAGGA-1",0
"GCATGCGCACTGCCAG-1",1
"GCATGCGGTAAGGATT-1",0
"GCATGCGGTCCTCTTG-1",1
"GCATGCGGTGTGAAAT-1",1
"GCATGCGTCCGCGGTA-1",2
"GCATGTAAGAACTGTA-1",0
"GCATGTAAGACAGACC-1",1
"GCATGTAAGTACTTGC-1",1
"GCATGTAAGTGCAAGC-1",0
"GCATGTACAACACGCC-1",3
"GCATGTATCACGAAGG-1",1
"GCCAAATCAAACTGTC-1",2
"GCCAAATCAAGGGTCA-1",0
"GCCAAATCAAGTTCTG-1",1
"GCCAAATCAGCCACCA-1",1
"GCCAAATCATAACCTG-1",5
"GCCAAATGTATAAACG-1",1
"GCCAAATGTGTTTGGT-1",0
"GCCAAATGTTTCGCTC-1",0
"GCCAAATTCAGGTAAA-1",2
"GCCAAATTCCGAGCCA-1",3
"GCCAAATTCCGCGGTA-1",3
"GCCAAATTCGGCTACG-1",0
"GCCTCTAAGAGTACCG-1",0
"GCCTCTAAGCCATCGC-1",3
"GCCTCTAAGCCGCCTA-1",0
"GCCTCTAAGCGATAGC-1",2
"GCCTCTAAGCTGCAAG-1",4
"GCCTCTAAGCTTCGCG-1",0
"GCCTCTAAGTCACGCC-1",2
"GCCTCTACAAGACGTG-1",2
"GCCTCTACAGCTATTG-1",0
"GCCTCTAGTAAGGATT-1",0
"GCCTCTAGTGATGATA-1",2
"GCCTCTAGTTAAGGGC-1",3
"GCCTCTATCAGCGACC-1",0
"GCCTCTATCCGATATG-1",0
"GCCTCTATCGAATCCA-1",1
"GCCTCTATCGAGCCCA-1",1
"GCCTCTATCGCTGATA-1",0
"GCCTCTATCTTTAGGG-1",0
"GCGACCAAGAGGTTAT-1",2
"GCGACCACACTTACGA-1",0
"GCGACCAGTCAGGACA-1",2
"GCGACCAGTCTAGAGG-1",1
"GCGACCATCAACGGGA-1",1
"GCGACCATCCCGGATG-1",0
"GCGACCATCTACTCAT-1",1
"GCGAGAAAGGTTCCTA-1",1
"GCGAGAAAGTACGATA-1",1
"GCGAGAAAGTGTCTCA-1",0
"GCGAGAACAAGCCCAC-1",0
"GCGAGAACACTGAAGG-1",1
"GCGAGAAGTAGCGCTC-1",0
"GCGAGAAGTCCCTACT-1",5
"GCGAGAATCCTTTCGG-1",0
"GCGAGAATCGAGAGCA-1",1
"GCGAGAATCGCACTCT-1",1
"GCGCAACAGTCCTCCT-1",1
"GCGCAACAGTGTACGG-1",0
"GCGCAACCAAGTCTGT-1",2
"GCGCAACCAGCCACCA-1",1
"GCGCAACGTAGCGCTC-1",1
"GCGCAACGTCCCTTGT-1",1
"GCGCAACGTCCTAGCG-1",1
"GCGCAACGTCGACTAT-1",1
"GCGCAACGTCTAGAGG-1",1
"GCGCAACGTGCACGAA-1",0
"GCGCAACTCAATACCG-1",2
"GCGCAGTCACATCCAA-1",2
"GCGCAGTCATTACCTT-1",3
"GCGCAGTGTTAGGGTG-1",0
"GCGCAGTTCGATCCCT-1",5
"GCGCAGTTCGCGGATC-1",1
"GCGCCAAAGACATAAC-1",0
"GCGCCAAAGGACAGCT-1",2
"GCGCCAAAGGCCCTTG-1",0
"GCGCCAAAGGGCTTCC-1",1
"GCGCCAAAGGTACTCT-1",4
"GCGCCAACATAACCTG-1",1
"GCGCCAACATTGGGCC-1",2
"GCGCCAAGTACTTGAC-1",1
"GCGCCAAGTCGGCACT-1",1
"GCGCCAAGTGAAAGAG-1",0
"GCGCCAAGTTGTACAC-1",1
"GCGCCAATCCGTTGCT-1",0
"GCGCGATAGAAGGTTT-1",0
"GCGCGATAGCAGGTCA-1",1
"GCGCGATAGTGAATTG-1",1
"GCGCGATAGTTTGCGT-1",0
"GCGCGATCAGCTCGAC-1",0
"GCGCGATGTAAGTAGT-1",1
"GCGCGATGTATCACCA-1",1
"GCGCGATGTCACTTCC-1",1
"GCGCGATGTTACCAGT-1",0
"GCGCGATTCAGTTAGC-1",0
"GCGCGATTCGTTTAGG-1",1
"GCGGGTTAGAAACGAG-1",0
"GCGGGTTAGCTATGCT-1",3
"GCGGGTTAGTGTGAAT-1",0
"GCGGGTTCACGCGAAA-1",1
"GCGGGTTCAGGCAGTA-1",1
"GCGGGTTCAGTAACGG-1",1
"GCGGGTTGTGAGTATA-1",0
"GCGGGTTGTGGCGAAT-1",0
"GCGGGTTTCCAAAGTC-1",1
"GCGGGTTTCCTTTCTC-1",0
"GCGGGTTTCTCCAACC-1",0
"GCGGGTTTCTTGAGGT-1",1
"GCGGGTTTCTTGTATC-1",2
"GCTCCTACAAACTGTC-1",4
"GCTCCTACACCAGGTC-1",0
"GCTCCTACACCGATAT-1",0
"GCTCCTACAGGGTACA-1",2
"GCTCCTACATTAGCCA-1",2
"GCTCCTAGTCAGGACA-1",0
"GCTCCTAGTCCGTCAG-1",2
"GCTCCTATCAGCCTAA-1",1
"GCTCCTATCCCTAATT-1",3
"GCTCTGTAGAGGTAGA-1",1
"GCTCTGTAGCTGAACG-1",1
"GCTCTGTAGGAGTCTG-1",0
"GCTCTGTAGTGCTGCC-1",0
"GCTCTGTAGTGGACGT-1",3
"GCTCTGTTCACCTCGT-1",5
"GCTGCAGAGCGTGAGT-1",1
"GCTGCAGAGTCAAGCG-1",0
"GCTGCAGAGTCCCACG-1",1
"GCTGCAGCAATTGCTG-1",1
"GCTGCAGCATGCCCGA-1",1
"GCTGCAGCATGCCTAA-1",0
"GCTGCAGGTAAACCTC-1",3
"GCTGCAGGTACGAAAT-1",2
"GCTGCAGGTAGCGCAA-1",1
"GCTGCAGGTCACCCAG-1",1
"GCTGCAGGTCATGCCG-1",0
"GCTGCGAAGGAATGGA-1",3
"GCTGCGAGTCTAACGT-1",1
"GCTGCGAGTGTTTGGT-1",0
"GCTGCGATCTCCTATA-1",4
"GCTGCGATCTTGTTTG-1",1
"GCTGCTTAGAATTGTG-1",3
"GCTGCTTAGGCAATTA-1",2
"GCTGCTTCATCACGTA-1",3
"GCTGCTTCATCCAACA-1",0
"GCTGCTTCATGCCTAA-1",0
"GCTGCTTCATGGTCAT-1",0
"GCTGCTTGTAACGACG-1",0
"GCTGCTTGTAATCGTC-1",0
"GCTGCTTGTAGGGACT-1",1
"GCTGCTTGTGAAAGAG-1",2
"GCTGCTTTCCGGGTGT-1",5
"GCTGGGTAGACCCACC-1",4
"GCTGGGTAGCCACGCT-1",0
"GCTGGGTAGTCGCCGT-1",0
"GCTGGGTAGTCTCAAC-1",1
"GCTGGGTCACGGCTAC-1",0
"GCTGGGTCAGCCAATT-1",3
"GCTGGGTGTACAGTTC-1",1
"GCTGGGTGTACCGTTA-1",0
"GCTGGGTGTCGAGTTT-1",1
"GCTGGGTGTCTCCACT-1",0
"GCTGGGTGTGCCTGTG-1",1
"GCTGGGTTCAGCTTAG-1",2
"GCTGGGTTCCTTAATC-1",1
"GCTTCCAAGAAACCTA-1",0
"GCTTCCACACCACCAG-1",0
"GCTTCCACAGGTCGTC-1",0
"GCTTCCACAGTGAGTG-1",2
"GCTTCCAGTATAGGTA-1",1
"GCTTCCAGTTCAGCGC-1",1
"GCTTCCATCGTCCAGG-1",1
"GCTTGAAAGATGGCGT-1",3
"GCTTGAAAGCCGTCGT-1",0
"GCTTGAACAAACCTAC-1",2
"GCTTGAACACGGTGTC-1",0
"GCTTGAACATCGGAAG-1",1
"GCTTGAAGTGCGGTAA-1",1
"GCTTGAAGTTCTCATT-1",0
"GCTTGAATCAGGATCT-1",1
"GGAAAGCAGGCAGGTT-1",2
"GGAAAGCCAAACGCGA-1",0
"GGAAAGCCAAGTACCT-1",2
"GGAAAGCGTAAGCACG-1",0
"GGAAAGCGTCCTCCAT-1",0
"GGAAAGCGTCGCGTGT-1",1
"GGAAAGCGTGCTTCTC-1",4
"GGAAAGCTCCAGAGGA-1",2
"GGAACTTAGAGTAAGG-1",2
"GGAACTTCAATGTAAG-1",1
"GGAACTTCACAGGAGT-1",0
"GGAACTTCACCTCGTT-1",1
"GGAACTTGTCTCTTTA-1",2
"GGAACTTTCATTGCCC-1",0
"GGAACTTTCATTTGGG-1",0
"GGAACTTTCCGTCATC-1",1
"GGAACTTTCCTCAACC-1",0
"GGAACTTTCGGATGTT-1",3
"GGAATAAAGGTACTCT-1",1
"GGAATAAAGTGTCCAT-1",0
"GGAATAACAGCGTCCA-1",1
"GGAATAAGTCTGGTCG-1",1
"GGAATAAGTGCAGGTA-1",0
"GGAATAATCAGCACAT-1",1
"GGAATAATCTTTACGT-1",2
"GGACAAGAGGTACTCT-1",1
"GGACAAGCAACGATGG-1",3
"GGACAAGCAGTCGTGC-1",0
"GGACAAGCATGGGACA-1",3
"GGACAAGGTATAAACG-1",0
"GGACAAGGTATGAAAC-1",1
"GGACAAGGTCGGCATC-1",0
"GGACAAGGTTATGCGT-1",2
"GGACAAGTCTAACGGT-1",0
"GGACAGAAGCTAGTCT-1",1
"GGACAGAAGTACTTGC-1",0
"GGACAGACAACACGCC-1",2
"GGACAGACACAAGCCC-1",2
"GGACAGAGTAAGTGGC-1",1
"GGACAGAGTCTTTCAT-1",1
"GGACAGAGTGAGGGAG-1",3
"GGACAGAGTTCCACAA-1",1
"GGACAGATCAACGCTA-1",1
"GGACATTAGAGGGCTT-1",0
"GGACATTAGCCACGTC-1",1
"GGACATTCAAACGCGA-1",0
"GGACATTCAATGACCT-1",0
"GGACATTCACCAGCAC-1",0
"GGACATTGTTCTGGTA-1",1
"GGACATTTCCTCTAGC-1",1
"GGACGTCAGTACTTGC-1",1
"GGACGTCAGTGGTAAT-1",1
"GGACGTCCACAGTCGC-1",0
"GGACGTCGTGAGGGAG-1",0
"GGACGTCGTGGCGAAT-1",1
"GGACGTCGTTACGGAG-1",2
"GGACGTCGTTTAAGCC-1",2
"GGACGTCTCCACTCCA-1",2
"GGACGTCTCGCAAACT-1",2
"GGACGTCTCTCCAGGG-1",0
"GGACGTCTCTCGAGTA-1",0
"GGACGTCTCTGGTGTA-1",0
"GGACGTCTCTTCGAGA-1",1
"GGAGCAAAGAACTCGG-1",1
"GGAGCAAAGACTGTAA-1",1
"GGAGCAAAGCCGCCTA-1",3
"GGAGCAAAGCTAAACA-1",0
"GGAGCAAAGTACGCCC-1",0
"GGAGCAACAAGCTGTT-1",2
"GGAGCAACAATGGACG-1",3
"GGAGCAACAATTCCTT-1",0
"GGAGCAACATGCTGGC-1",1
"GGAGCAAGTGAGTATA-1",3
"GGAGCAAGTTACTGAC-1",1
"GGAGCAATCAAGATCC-1",2
"GGAGCAATCCCATTTA-1",4
"GGATGTTCAAACTGTC-1",1
"GGATGTTTCATCACCC-1",2
"GGATGTTTCATGCATG-1",1
"GGATGTTTCCTACAGA-1",1
"GGATGTTTCCTCTAGC-1",1
"GGATTACAGATCCCAT-1",1
"GGATTACAGCTTCGCG-1",0
"GGATTACAGGCTAGCA-1",0
"GGATTACAGTATCTCG-1",0
"GGATTACCAAGCGTAG-1",2
"GGATTACCACATCCGG-1",0
"GGATTACCAGCGTAAG-1",1
"GGATTACGTAATAGCA-1",3
"GGATTACGTACACCGC-1",5
"GGATTACGTCTCTTTA-1",0
"GGATTACGTTGAGGTG-1",3
"GGATTACTCGCGCCAA-1",0
"GGATTACTCGGCGCAT-1",3
"GGATTACTCTGCCCTA-1",2
"GGCAATTCAATCGGTT-1",3
"GGCAATTCACGGCGTT-1",0
"GGCAATTCATCACCCT-1",0
"GGCAATTGTCGATTGT-1",2
"GGCAATTTCACTTACT-1",2
"GGCAATTTCAGCACAT-1",2
"GGCAATTTCTCCGGTT-1",0
"GGCCGATAGTGTCTCA-1",1
"GGCCGATCACGGACAA-1",0
"GGCCGATGTAGGACAC-1",0
"GGCCGATGTCACTGGC-1",4
"GGCCGATGTCCCTACT-1",1
"GGCCGATTCACCGTAA-1",0
"GGCCGATTCCGCGCAA-1",0
"GGCGACTAGAGCTGGT-1",2
"GGCGACTAGGACCACA-1",3
"GGCGACTAGGTTACCT-1",1
"GGCGACTCAAAGCGGT-1",0
"GGCGACTCAAGAGTCG-1",3
"GGCGACTCACCAGGTC-1",0
"GGCGACTCATTGTGCA-1",0
"GGCGACTTCAGAAATG-1",0
"GGCGACTTCAGAGACG-1",1
"GGCGACTTCCAGATCA-1",1
"GGCGACTTCTCTAGGA-1",1
"GGCGTGTAGCTAGCCC-1",0
"GGCGTGTAGGGTATCG-1",1
"GGCGTGTCAGGTCCAC-1",1
"GGCGTGTCAGTATAAG-1",1
"GGCGTGTCATCGTCGG-1",0
"GGCGTGTCATGGAATA-1",0
"GGCGTGTGTCTCCCTA-1",1
"GGCGTGTTCTTGAGGT-1",2
"GGCTCGAAGCCGTCGT-1",3
"GGCTCGAAGGTAAACT-1",0
"GGCTCGACAAGAAGAG-1",1
"GGCTCGACAATAGCAA-1",0
"GGCTCGACATGGTCAT-1",7
"GGCTCGAGTATATCCG-1",2
"GGCTCGAGTTACGTCA-1",0
"GGCTCGAGTTAGGGTG-1",1
"GGCTCGATCTGCAAGT-1",0
"GGCTGGTAGAAGAAGC-1",0
"GGCTGGTAGACCCACC-1",3
"GGCTGGTCAAGGACAC-1",1
"GGCTGGTCACTGCCAG-1",2
"GGCTGGTCATTTCAGG-1",1
"GGCTGGTGTATTCTCT-1",1
"GGCTGGTGTCGCATCG-1",0
"GGCTGGTGTCTAGTGT-1",1
"GGCTGGTGTTATGCGT-1",0
"GGGAATGAGCGTTGCC-1",0
"GGGAATGAGTAGGTGC-1",1
"GGGAATGGTAAGGGAA-1",1
"GGGAATGTCAACGAAA-1",2
"GGGAATGTCCAGTATG-1",2
"GGGAATGTCCGGGTGT-1",0
"GGGACCTAGATGTAAC-1",1
"GGGACCTAGTCTTGCA-1",2
"GGGACCTCAATCAGAA-1",0
"GGGACCTCACTGAAGG-1",0
"GGGAGATAGTACGACG-1",0
"GGGAGATCAAAGTGCG-1",2
"GGGAGATCAAATCCGT-1",2
"GGGAGATCAAGGACTG-1",1
"GGGAGATCACGCGAAA-1",0
"GGGAGATGTAGCGCAA-1",0
"GGGAGATTCAACGGGA-1",0
"GGGAGATTCATCACCC-1",1
"GGGATGAAGTGACATA-1",1
"GGGATGACATCATCCC-1",2
"GGGATGAGTCACCCAG-1",0
"GGGATGAGTGGAAAGA-1",2
"GGGATGAGTTACGACT-1",0
"GGGATGAGTTGGTAAA-1",1
"GGGATGATCAGTTAGC-1",0
"GGGATGATCTATCCTA-1",2
"GGGATGATCTTTAGGG-1",0
"GGGCACTAGTCTCGGC-1",1
"GGGCACTCATCTCCCA-1",1
"GGGCACTTCACCTCGT-1",0
"GGGCACTTCTGAGGGA-1",0
"GGGCATCCAATGTAAG-1",0
"GGGCATCCAGTCTTCC-1",2
"GGGCATCGTGGCGAAT-1",0
"GGGCATCTCACAGTAC-1",0
"GGGCATCTCCCTTGTG-1",0
"GGGCATCTCCGGCACA-1",0
"GGGCATCTCTGTCCGT-1",0
"GGGCATCTCTTATCTG-1",0
"GGGTCTGAGAAGATTC-1",2
"GGGTCTGAGATCCCGC-1",0
"GGGTCTGAGCCAACAG-1",3
"GGGTCTGCACAGGCCT-1",2
"GGGTCTGCACCAGGTC-1",4
"GGGTCTGGTCTGGTCG-1",3
"GGGTCTGGTGATGATA-1",0
"GGGTCTGGTGTGACCC-1",0
"GGGTCTGTCAACTCTT-1",2
"GGGTCTGTCACTCCTG-1",1
"GGGTCTGTCCGTAGTA-1",5
"GGGTTGCAGACAGAGA-1",0
"GGGTTGCAGACCTTTG-1",2
"GGGTTGCAGATCGATA-1",1
"GGGTTGCAGGGTGTTG-1",0
"GGGTTGCAGGTGGGTT-1",1
"GGGTTGCCAATAACGA-1",0
"GGGTTGCCACGCCAGT-1",2
"GGGTTGCCATTAACCG-1",2
"GGGTTGCGTACATCCA-1",1
"GGGTTGCGTAGCGCAA-1",3
"GGGTTGCGTCCTCCAT-1",0
"GGGTTGCGTCGAGTTT-1",4
"GGGTTGCGTGAGTATA-1",2
"GGGTTGCGTGTGACCC-1",0
"GGGTTGCTCGTACCGG-1",0
"GGTATTGAGCACCGTC-1",0
"GGTATTGAGCTATGCT-1",1
"GGTATTGCACATCCAA-1",2
"GGTATTGCAGCTTCGG-1",1
"GGTATTGGTTCCGTCT-1",0
"GGTATTGTCAGAAATG-1",3
"GGTATTGTCCATTCTA-1",0
"GGTATTGTCGCCAGCA-1",2
"GGTGAAGAGACACGAC-1",0
"GGTGAAGAGATCCGAG-1",3
"GGTGAAGCAAGGTGTG-1",0
"GGTGAAGCACTCGACG-1",3
"GGTGAAGCAGTATGCT-1",1
"GGTGAAGGTATGAAAC-1",2
"GGTGAAGGTCAGAATA-1",2
"GGTGAAGGTGGTACAG-1",1
"GGTGAAGGTGTATGGG-1",0
"GGTGAAGGTGTCTGAT-1",1
"GGTGAAGGTGTGGTTT-1",1
"GGTGAAGGTGTGTGCC-1",1
"GGTGAAGTCACGATGT-1",1
"GGTGAAGTCACTCTTA-1",3
"GGTGAAGTCTGGCGTG-1",3
"GGTGCGTAGGTGATTA-1",0
"GGTGCGTAGTACGATA-1",3
"GGTGCGTCACTTAAGC-1",2
"GGTGCGTCAGCTGTAT-1",1
"GGTGCGTGTTCGTTGA-1",0
"GGTGCGTTCCGTACAA-1",4
"GGTGCGTTCTTGACGA-1",0
"GGTGTTAAGGGCTCTC-1",2
"GGTGTTAAGTAGCGGT-1",0
"GGTGTTAAGTGGGATC-1",1
"GGTGTTAAGTTATCGC-1",0
"GGTGTTACAAATCCGT-1",1
"GGTGTTACACGGATAG-1",0
"GGTGTTAGTAATCACC-1",1
"GGTGTTAGTAGCAAAT-1",3
"GGTGTTAGTGTATGGG-1",0
"GGTGTTAGTTGAACTC-1",0
"GGTGTTATCGGACAAG-1",0
"GGTGTTATCGGTGTTA-1",2
"GGTGTTATCTACTTAC-1",0
"GTAACGTAGGTGACCA-1",2
"GTAACGTCACAGGCCT-1",3
"GTAACGTGTACCATCA-1",1
"GTAACGTGTGAGTATA-1",1
"GTAACGTGTTACGGAG-1",2
"GTAACGTGTTAGGGTG-1",1
"GTAACGTTCGGTCCGA-1",1
"GTAACGTTCTCATTCA-1",2
"GTAACTGAGTGGGTTG-1",0
"GTAACTGCAATGGAAT-1",0
"GTAACTGCACAGGCCT-1",2
"GTAACTGCAGGATCGA-1",3
"GTAACTGCATCGGGTC-1",1
"GTAACTGGTATTACCG-1",0
"GTAACTGTCACGGTTA-1",2
"GTAACTGTCTACTATC-1",2
"GTACGTAAGGTGCTTT-1",0
"GTACGTACAGGAATGC-1",0
"GTACGTACATGGATGG-1",0
"GTACGTAGTGAGTGAC-1",3
"GTACGTAGTTGGTAAA-1",0
"GTACGTATCACCTCGT-1",3
"GTACGTATCATCGGAT-1",0
"GTACGTATCCACTGGG-1",1
"GTACTCCAGGCAGTCA-1",0
"GTACTCCCAATAGCGG-1",0
"GTACTCCCACAGGTTT-1",2
"GTACTCCTCACCTTAT-1",0
"GTACTCCTCATTGCCC-1",0
"GTACTCCTCCTTCAAT-1",1
"GTACTTTCAGTTAACC-1",0
"GTACTTTCATGTCGAT-1",0
"GTACTTTTCCGAAGAG-1",0
"GTAGGCCAGCAATCTC-1",0
"GTAGGCCCATTCGACA-1",2
"GTAGGCCGTAACGCGA-1",0
"GTAGGCCGTAAGGGCT-1",1
"GTAGGCCGTACGACCC-1",1
"GTAGGCCGTTCAGGCC-1",2
"GTAGGCCGTTGATTGC-1",1
"GTAGGCCTCAGCACAT-1",1
"GTAGTCAAGAATGTGT-1",0
"GTAGTCAAGATGCCTT-1",0
"GTAGTCAAGGACGAAA-1",3
"GTAGTCAAGTGAAGAG-1",0
"GTAGTCATCGTCACGG-1",0
"GTAGTCATCTGAAAGA-1",1
"GTATCTTAGAAACCAT-1",0
"GTATCTTAGGCTATCT-1",1
"GTATCTTAGTTGTCGT-1",2
"GTATCTTCACACCGCA-1",2
"GTATCTTCACGAAGCA-1",2
"GTATCTTGTTCGCTAA-1",1
"GTATCTTTCATGCTCC-1",0
"GTATCTTTCATGTAGC-1",7
"GTATTCTAGAAACCAT-1",2
"GTATTCTAGACAAAGG-1",0
"GTATTCTCAAAGTCAA-1",1
"GTATTCTCAACAACCT-1",0
"GTATTCTCAACTTGAC-1",2
"GTATTCTCAATAAGCA-1",1
"GTATTCTCAGGGTTAG-1",1
"GTATTCTCATACTACG-1",1
"GTATTCTCATGGTAGG-1",0
"GTATTCTGTAGTGAAT-1",1
"GTATTCTGTCTAGAGG-1",3
"GTCAAGTCATATGCTG-1",0
"GTCAAGTCATGGTTGT-1",1
"GTCAAGTGTCAGCTAT-1",1
"GTCAAGTGTTCCACTC-1",0
"GTCACAAAGCCGATTT-1",1
"GTCACAAAGTGGAGTC-1",4
"GTCACAACAGGTGGAT-1",1
"GTCACAAGTAAACGCG-1",0
"GTCACAATCAGGATCT-1",0
"GTCACAATCAGTTGAC-1",2
"GTCACAATCATGCATG-1",3
"GTCACGGAGATCACGG-1",0
"GTCACGGCATATACCG-1",1
"GTCACGGGTGAGTGAC-1",1
"GTCACGGGTGTGGCTC-1",1
"GTCACGGTCGAGAGCA-1",0
"GTCACGGTCTACCTGC-1",3
"GTCATTTAGAGACTAT-1",0
"GTCATTTCACGTGAGA-1",2
"GTCATTTGTAGAAGGA-1",1
"GTCATTTGTCAGATAA-1",0
"GTCATTTTCCAGAGGA-1",2
"GTCCTCAAGCCCAACC-1",0
"GTCCTCAAGTAGATGT-1",2
"GTCCTCAAGTGGGCTA-1",0
"GTCCTCACAATCACAC-1",2
"GTCCTCAGTGGAAAGA-1",0
"GTCCTCATCAAAGACA-1",0
"GTCCTCATCGTCCGTT-1",0
"GTCGGGTCACTGAAGG-1",0
"GTCGGGTCACTTCGAA-1",1
"GTCGGGTCATGAAGTA-1",0
"GTCGGGTGTCTCACCT-1",5
"GTCGGGTGTGTGACGA-1",2
"GTCGGGTGTGTGTGCC-1",1
"GTCGGGTGTTACGTCA-1",3
"GTCGGGTTCTGCTGTC-1",1
"GTCGGGTTCTGTGCAA-1",2
"GTCGTAAAGAGATGAG-1",5
"GTCGTAAAGCTGCAAG-1",3
"GTCGTAAAGGCGACAT-1",0
"GTCGTAACATCACGAT-1",3
"GTCGTAAGTATCACCA-1",1
"GTCGTAATCCAAGTAC-1",0
"GTCTCGTAGACCACGA-1",0
"GTCTCGTCAGGAACGT-1",3
"GTCTCGTGTGGTAACG-1",0
"GTCTCGTGTTTGGCGC-1",4
"GTCTCGTTCACCGGGT-1",0
"GTCTCGTTCAGTGCAT-1",2
"GTCTTCGAGACAAGCC-1",0
"GTCTTCGAGGAATGGA-1",0
"GTCTTCGAGTCAAGCG-1",0
"GTCTTCGCACATGGGA-1",1
"GTCTTCGCACCAGGTC-1",0
"GTCTTCGCAGACGCAA-1",0
"GTCTTCGCATAACCTG-1",0
"GTCTTCGCATCGATGT-1",1
"GTCTTCGGTCTAGTGT-1",1
"GTCTTCGTCTCGATGA-1",1
"GTGAAGGAGAGCTGGT-1",0
"GTGAAGGAGATCGGGT-1",4
"GTGAAGGAGCCAGTTT-1",2
"GTGAAGGAGTGTTGAA-1",0
"GTGAAGGCAAAGGCGT-1",0
"GTGAAGGCACTTAAGC-1",0
"GTGAAGGCAGATTGCT-1",2
"GTGAAGGGTATATGGA-1",2
"GTGAAGGGTCTCTCTG-1",0
"GTGAAGGTCTCCTATA-1",0
"GTGCAGCAGACATAAC-1",2
"GTGCAGCAGTGGTCCC-1",1
"GTGCAGCCACATCTTT-1",1
"GTGCAGCGTGAGTATA-1",0
"GTGCAGCTCTTAGAGC-1",2
"GTGCATAAGGCATGGT-1",1
"GTGCATAGTTTGTTGG-1",2
"GTGCATATCAGAGCTT-1",0
"GTGCATATCATCATTC-1",2
"GTGCATATCTGCGTAA-1",0
"GTGCGGTAGCAATCTC-1",1
"GTGCGGTAGGACAGAA-1",1
"GTGCGGTCAAAGGTGC-1",0
"GTGCGGTGTTCAGACT-1",0
"GTGCGGTGTTCTGTTT-1",3
"GTGCGGTTCATCTGCC-1",0
"GTGCGGTTCCAGGGCT-1",1
"GTGCGGTTCGGATGGA-1",2
"GTGCGGTTCTCGTTTA-1",0
"GTGCGGTTCTGCTGTC-1",1
"GTGCTTCAGCCAGTTT-1",0
"GTGCTTCAGGATTCGG-1",1
"GTGCTTCAGTACACCT-1",0
"GTGCTTCCACTTAACG-1",1
"GTGCTTCCAGCTATTG-1",3
"GTGCTTCGTAGAGTGC-1",1
"GTGCTTCTCACAATGC-1",2
"GTGCTTCTCACTTCAT-1",0
"GTGGGTCAGACCGGAT-1",0
"GTGGGTCAGACTGTAA-1",0
"GTGGGTCAGCCGTCGT-1",2
"GTGGGTCCACCAACCG-1",2
"GTGGGTCCACCACCAG-1",0
"GTGTGCGAGACCGGAT-1",0
"GTGTGCGAGACTTGAA-1",0
"GTGTGCGCAGGTCGTC-1",1
"GTGTGCGGTGAGCGAT-1",0
"GTGTGCGTCAGTCAGT-1",1
"GTGTGCGTCCCTTGTG-1",4
"GTGTGCGTCTAACTTC-1",0
"GTGTTAGAGCACGCCT-1",2
"GTGTTAGAGGACAGAA-1",1
"GTGTTAGAGGCATGGT-1",3
"GTGTTAGAGTGGAGAA-1",0
"GTGTTAGAGTTTGCGT-1",3
"GTGTTAGCAATGGAAT-1",0
"GTGTTAGCACCACCAG-1",0
"GTGTTAGGTGCCTGGT-1",3
"GTGTTAGGTGGAAAGA-1",1
"GTGTTAGGTTCCATGA-1",1
"GTGTTAGGTTGGGACA-1",0
"GTTAAGCAGAGCTGCA-1",4
"GTTAAGCAGATAGCAT-1",1
"GTTAAGCAGCTAACAA-1",2
"GTTAAGCAGGCTACGA-1",0
"GTTAAGCAGTGTACCT-1",1
"GTTAAGCAGTTTGCGT-1",3
"GTTAAGCCATTCACTT-1",0
"GTTAAGCGTACTCGCG-1",2
"GTTAAGCGTCTAGGTT-1",0
"GTTAAGCGTGGCAAAC-1",1
"GTTAAGCGTTGCTCCT-1",0
"GTTAAGCTCCTTTCGG-1",2
"GTTACAGAGAGCTATA-1",0
"GTTACAGAGTACGATA-1",0
"GTTACAGCAGACGCCT-1",1
"GTTACAGCATCGGTTA-1",2
"GTTACAGGTATGGTTC-1",1
"GTTACAGGTCGACTGC-1",1
"GTTACAGGTCTAGGTT-1",0
"GTTCATTAGCGATGAC-1",0
"GTTCATTCATATACGC-1",4
"GTTCATTCATTGGCGC-1",0
"GTTCATTGTGCACGAA-1",1
"GTTCATTGTGTTAAGA-1",3
"GTTCATTGTTCAGTAC-1",0
"GTTCGGGAGACGACGT-1",1
"GTTCGGGAGCTAAGAT-1",1
"GTTCGGGAGTGTCTCA-1",1
"GTTCGGGGTAGGGTAC-1",0
"GTTCGGGGTGCAGGTA-1",2
"GTTCGGGTCCACGCAG-1",0
"GTTCGGGTCTACTTAC-1",2
"GTTCTCGAGACCACGA-1",0
"GTTCTCGAGCGATGAC-1",0
"GTTCTCGAGGCCATAG-1",0
"GTTCTCGCATCGGACC-1",0
"GTTCTCGGTAAGGGAA-1",2
"GTTCTCGGTAGCGTAG-1",0
"GTTCTCGGTCCGTGAC-1",0
"GTTCTCGGTGTTAAGA-1",1
"GTTCTCGTCAACGCTA-1",0
"GTTCTCGTCCTGTACC-1",1
"GTTTCTACAAACCTAC-1",1
"GTTTCTACAAGAAAGG-1",1
"GTTTCTAGTGTTGGGA-1",2
"GTTTCTATCCCAACGG-1",0
"GTTTCTATCCGTAGTA-1",4
"GTTTCTATCGGCATCG-1",3
"TAAACCGGTACTTAGC-1",2
"TAAACCGTCACTCTTA-1",0
"TAAACCGTCAGGCGAA-1",1
"TAAACCGTCCGTTGTC-1",0
"TAAACCGTCTTCCTTC-1",0
"TAAGAGACAAGTTGTC-1",1
"TAAGAGAGTATATCCG-1",1
"TAAGAGATCAATCACG-1",1
"TAAGAGATCTAACGGT-1",7
"TAAGAGATCTTTCCTC-1",5
"TAAGCGTAGTGGACGT-1",4
"TAAGCGTAGTGTCTCA-1",0
"TAAGCGTCAGCTTCGG-1",1
"TAAGCGTCAGGTGGAT-1",3
"TAAGCGTGTCCTGCTT-1",0
"TAAGCGTGTGCCTGGT-1",1
"TAAGCGTGTTGTTTGG-1",2
"TAAGCGTTCCTCATTA-1",0
"TAAGCGTTCGGCGCAT-1",0
"TAAGCGTTCTCGCATC-1",1
"TAAGTGCAGGCTAGGT-1",0
"TAAGTGCAGTAGCGGT-1",1
"TAAGTGCCAACGCACC-1",1
"TAAGTGCCATACAGCT-1",0
"TAAGTGCGTAAACACA-1",0
"TAAGTGCGTCTCACCT-1",1
"TAAGTGCGTTCAGACT-1",1
"TAAGTGCTCACCCTCA-1",1
"TAAGTGCTCACTGGGC-1",0
"TAAGTGCTCTGGCGTG-1",0
"TACACGACACCCATTC-1",1
"TACACGAGTGATAAAC-1",0
"TACACGATCTGTCTCG-1",2
"TACAGTGAGATGCGAC-1",0
"TACAGTGAGCGTTGCC-1",0
"TACAGTGAGTGTACGG-1",1
"TACAGTGCAGGAATCG-1",1
"TACAGTGCAGGTGCCT-1",0
"TACAGTGGTACTCAAC-1",2
"TACAGTGGTTGGACCC-1",1
"TACCTATAGAGCTGGT-1",0
"TACCTATAGAGTTGGC-1",1
"TACCTATAGGCTCATT-1",1
"TACCTATAGTTAGCGG-1",0
"TACCTATCAAGCTGGA-1",1
"TACCTATGTAAATGAC-1",1
"TACCTATGTAGAGTGC-1",0
"TACCTATGTCACCTAA-1",0
"TACCTATGTGTTGAGG-1",0
"TACCTATGTTAAAGAC-1",0
"TACCTATTCTATGTGG-1",2
"TACCTATTCTTCCTTC-1",0
"TACCTTAAGAGGTTGC-1",0
"TACCTTAAGTCAAGCG-1",0
"TACCTTAAGTGGTCCC-1",0
"TACCTTACAACTGGCC-1",0
"TACCTTACAAGGGTCA-1",2
"TACCTTACACTCAGGC-1",1
"TACCTTACATCTACGA-1",2
"TACCTTAGTAGCGTCC-1",0
"TACCTTAGTCTCCACT-1",1
"TACGGATAGATGGCGT-1",1
"TACGGATAGGTACTCT-1",4
"TACGGATCAGGGATTG-1",2
"TACGGATCATCACCCT-1",2
"TACGGATGTCTAGCCG-1",0
"TACGGATTCGGTGTCG-1",0
"TACGGATTCTACTATC-1",0
"TACGGGCAGGATGCGT-1",3
"TACGGGCAGGGAACGG-1",2
"TACGGGCAGTATTGGA-1",1
"TACGGGCAGTCAAGCG-1",1
"TACGGGCCAAGAAGAG-1",0
"TACGGGCCACCAGATT-1",0
"TACGGGCCATCAGTAC-1",0
"TACGGGCGTAAGGGCT-1",0
"TACGGGCGTCTGATTG-1",0
"TACGGGCGTGATGTGG-1",0
"TACGGGCTCACCTTAT-1",1
"TACGGGCTCAGCTCTC-1",1
"TACGGGCTCCACGAAT-1",2
"TACGGGCTCCTATTCA-1",0
"TACGGGCTCGGTGTTA-1",0
"TACGGTAAGATATGGT-1",0
"TACGGTAAGCCGATTT-1",1
"TACGGTAAGTCATGCT-1",0
"TACGGTAAGTGCCATT-1",1
"TACGGTACACAGGCCT-1",0
"TACGGTACATTTCAGG-1",0
"TACGGTAGTATATCCG-1",2
"TACGGTAGTCACTTCC-1",3
"TACGGTAGTGCAGGTA-1",0
"TACGGTAGTGGGTATG-1",0
"TACGGTATCGCAGGCT-1",1
"TACGGTATCGGACAAG-1",2
"TACGGTATCGTTTATC-1",0
"TACTCATAGTCACGCC-1",2
"TACTCATCAATCTACG-1",1
"TACTCATCACGGTAGA-1",0
"TACTCATCACTTCTGC-1",1
"TACTCATCATCCGTGG-1",0
"TACTCATCATGTCGAT-1",1
"TACTCATGTACAGCAG-1",1
"TACTCATGTCTTCAAG-1",3
"TACTCATTCCTTTCTC-1",1
"TACTCGCAGGCGACAT-1",0
"TACTCGCGTCAGAAGC-1",0
"TACTCGCGTCTGATTG-1",1
"TACTCGCGTGTAACGG-1",2
"TACTCGCGTTGAGTTC-1",0
"TACTCGCTCAACGGGA-1",0
"TACTCGCTCCGAATGT-1",1
"TACTTACAGACTAGGC-1",1
"TACTTACAGCTGAACG-1",3
"TACTTACAGTACACCT-1",1
"TACTTACAGTACGCCC-1",2
"TACTTACAGTGATCGG-1",1
"TACTTACCAAGCCGTC-1",3
"TACTTACCACAGGTTT-1",1
"TACTTACTCGCGTTTC-1",3
"TACTTGTAGCGATATA-1",0
"TACTTGTAGTAATCCC-1",3
"TACTTGTCAAACAACA-1",0
"TACTTGTCATGCAACT-1",2
"TACTTGTGTAGCACGA-1",0
"TACTTGTGTATAAACG-1",0
"TACTTGTGTTCCACAA-1",1
"TACTTGTTCTGCAGTA-1",6
"TAGACCAAGAGACGAA-1",0
"TAGACCAAGCCTCGTG-1",1
"TAGACCAAGTCGATAA-1",1
"TAGACCACAACACCCG-1",1
"TAGACCAGTAGATTAG-1",2
"TAGACCAGTTCATGGT-1",1
"TAGACCATCACTTCAT-1",2
"TAGACCATCGTCACGG-1",2
"TAGACCATCTCCAGGG-1",2
"TAGAGCTAGAATTCCC-1",1
"TAGAGCTAGTATTGGA-1",1
"TAGAGCTCACTGAAGG-1",0
"TAGAGCTGTACTTGAC-1",1
"TAGAGCTGTAGGGACT-1",0
"TAGAGCTGTCTAAAGA-1",0
"TAGCCGGAGACTGGGT-1",3
"TAGCCGGAGTCCCACG-1",0
"TAGCCGGAGTGACATA-1",0
"TAGCCGGCAGCAGTTT-1",0
"TAGCCGGGTACAGTGG-1",4
"TAGCCGGGTACCATCA-1",1
"TAGCCGGGTCGCGAAA-1",0
"TAGCCGGTCACGACTA-1",1
"TAGCCGGTCCAGGGCT-1",0
"TAGGCATAGAACTGTA-1",2
"TAGGCATAGCTAGGCA-1",1
"TAGGCATAGTCGTACT-1",3
"TAGGCATAGTTTAGGA-1",0
"TAGGCATCAAGCCTAT-1",1
"TAGGCATCAGACGCAA-1",1
"TAGGCATGTACGAAAT-1",1
"TAGGCATGTCCAGTTA-1",2
"TAGGCATGTTCCACTC-1",5
"TAGGCATTCCCTAACC-1",0
"TAGGCATTCGCTAGCG-1",0
"TAGGCATTCGTAGATC-1",2
"TAGGCATTCTTCATGT-1",1
"TAGTGGTAGATCACGG-1",5
"TAGTGGTAGCTGTTCA-1",1
"TAGTGGTCAGTATAAG-1",2
"TAGTGGTGTAGCGTAG-1",0
"TAGTGGTTCAGCATGT-1",3
"TAGTGGTTCGGCGCAT-1",3
"TAGTGGTTCTCAAGTG-1",2
"TAGTGGTTCTGGGCCA-1",0
"TAGTGGTTCTTTAGTC-1",3
"TAGTTGGAGATAGGAG-1",1
"TAGTTGGCAGACGCAA-1",0
"TAGTTGGCATGCGCAC-1",6
"TAGTTGGGTATGGTTC-1",3
"TAGTTGGTCCGAATGT-1",0
"TAGTTGGTCTACTCAT-1",0
"TAGTTGGTCTCTAAGG-1",3
"TAGTTGGTCTGATACG-1",1
"TATCAGGAGAGTAAGG-1",1
"TATCAGGAGATCCGAG-1",1
"TATCAGGAGCAGATCG-1",0
"TATCAGGAGGTGCTTT-1",2
"TATCAGGCAACTTGAC-1",1
"TATCAGGCACGTTGGC-1",3
"TATCAGGGTCCGTTAA-1",1
"TATCAGGGTCTGCAAT-1",3
"TATCAGGGTTAAAGAC-1",1
"TATCAGGTCAAGATCC-1",1
"TATCAGGTCCACTCCA-1",2
"TATCAGGTCGTAGGTT-1",1
"TATCTCAAGAGTTGGC-1",0
"TATCTCAAGCCACCTG-1",2
"TATCTCAAGCGTAATA-1",0
"TATCTCAAGGCTAGCA-1",1
"TATCTCAAGTGGGCTA-1",1
"TATCTCACATGTCCTC-1",0
"TATCTCAGTAACGACG-1",2
"TATCTCAGTACCTACA-1",1
"TATCTCAGTACGACCC-1",0
"TATCTCAGTCAATGTC-1",4
"TATCTCATCAAGCCTA-1",3
"TATGCCCAGAAACCGC-1",7
"TATGCCCAGGTAGCTG-1",1
"TATGCCCCAATGGAAT-1",0
"TATGCCCCACTTAACG-1",0
"TATGCCCCATGTTCCC-1",1
"TATGCCCGTAGCCTCG-1",0
"TATGCCCGTATAGGGC-1",1
"TATGCCCGTATGAAAC-1",4
"TATGCCCGTCGCCATG-1",4
"TATGCCCGTGCCTTGG-1",2
"TATGCCCGTTAAGATG-1",2
"TATGCCCGTTGGTGGA-1",2
"TATGCCCGTTTAGGAA-1",0
"TATGCCCTCGTCTGCT-1",1
"TATTACCAGAGAGCTC-1",3
"TATTACCAGCAAATCA-1",0
"TATTACCAGCCCGAAA-1",0
"TATTACCAGTATCTCG-1",0
"TATTACCCAAAGTGCG-1",2
"TATTACCCAGACAAGC-1",0
"TATTACCCAGTCAGCC-1",1
"TATTACCCATAAAGGT-1",0
"TATTACCCATCTACGA-1",0
"TATTACCGTCCAGTAT-1",0
"TCAACGAAGCCGATTT-1",0
"TCAACGAAGCGATGAC-1",1
"TCAACGAAGGCATGTG-1",1
"TCAACGAAGTAGTGCG-1",2
"TCAACGACACCAGGCT-1",1
"TCAACGACATGCCTTC-1",0
"TCAACGAGTTACCAGT-1",1
"TCAACGAGTTCCATGA-1",1
"TCAACGAGTTCTGGTA-1",1
"TCAACGATCAGTCCCT-1",1
"TCAACGATCTGTGCAA-1",1
"TCAATCTAGATCCCGC-1",1
"TCAATCTCACAAGCCC-1",3
"TCAATCTCACAGCCCA-1",1
"TCAATCTCATGACGGA-1",1
"TCAATCTCATTTGCTT-1",0
"TCAATCTGTAGTGAAT-1",2
"TCAATCTGTTAGATGA-1",2
"TCAATCTTCAGATAAG-1",0
"TCAATCTTCATGTCCC-1",0
"TCACAAGAGACTGGGT-1",2
"TCACAAGAGAGAGCTC-1",0
"TCACAAGAGGCCCTCA-1",1
"TCACAAGAGGTGGGTT-1",1
"TCACAAGAGTAGATGT-1",3
"TCACAAGCAGTATGCT-1",0
"TCACAAGCATAACCTG-1",1
"TCACAAGCATGACATC-1",3
"TCACAAGGTCAGATAA-1",2
"TCACAAGGTGTGGTTT-1",0
"TCACAAGTCATCATTC-1",1
"TCACAAGTCATGCATG-1",1
"TCACGAAAGCTCCTTC-1",0
"TCACGAAAGGTGCTTT-1",1
"TCACGAAAGTCTCGGC-1",1
"TCACGAACACAAGACG-1",3
"TCACGAACACTGTCGG-1",1
"TCACGAAGTGGTCCGT-1",1
"TCACGAAGTTGGTGGA-1",1
"TCACGAATCATGCAAC-1",0
"TCACGAATCCCGACTT-1",1
"TCACGAATCCTCGCAT-1",5
"TCACGAATCGTCACGG-1",0
"TCAGATGAGGTGCACA-1",1
"TCAGATGGTCTTGTCC-1",0
"TCAGATGGTGCCTGCA-1",0
"TCAGATGGTGCTGTAT-1",0
"TCAGATGTCAGTTTGG-1",2
"TCAGATGTCGCATGAT-1",1
"TCAGATGTCTCCTATA-1",0
"TCAGCAAAGGAGTCTG-1",2
"TCAGCAAAGGCTCATT-1",1
"TCAGCAAAGTACGACG-1",1
"TCAGCAAAGTGGCACA-1",0
"TCAGCAACACGCATCG-1",2
"TCAGCAAGTACCGGCT-1",1
"TCAGCAATCAGCGATT-1",2
"TCAGCAATCGGAAACG-1",2
"TCAGCAATCTTCAACT-1",0
"TCAGCTCAGGTGTTAA-1",1
"TCAGCTCAGTATGACA-1",3
"TCAGCTCCAATCTGCA-1",2
"TCAGCTCCACGGTTTA-1",1
"TCAGCTCGTAATAGCA-1",0
"TCAGCTCGTCCGTCAG-1",2
"TCAGCTCGTTCACGGC-1",1
"TCAGCTCTCACGATGT-1",2
"TCAGCTCTCATGCATG-1",1
"TCAGCTCTCCTAAGTG-1",2
"TCAGCTCTCTCGTATT-1",0
"TCAGGATAGACAGAGA-1",2
"TCAGGATAGATATGGT-1",1
"TCAGGATCAAACGTGG-1",0
"TCAGGATCAAGTTCTG-1",0
"TCAGGATCACGGTGTC-1",1
"TCAGGATCACTGTGTA-1",0
"TCAGGATCAGCATACT-1",2
"TCAGGATCATCTGGTA-1",1
"TCAGGATGTAAGCACG-1",3
"TCAGGATGTGGCCCTA-1",1
"TCAGGATTCCGATATG-1",4
"TCAGGATTCTCGATGA-1",1
"TCAGGTAAGATGGCGT-1",0
"TCAGGTAAGTGTTTGC-1",0
"TCAGGTACACAAGTAA-1",3
"TCAGGTACACAGAGGT-1",1
"TCAGGTACAGCTGCTG-1",4
"TCAGGTAGTAAACGCG-1",1
"TCATTACAGAAACCAT-1",2
"TCATTACAGGAGTTGC-1",0
"TCATTACAGTTGCAGG-1",2
"TCATTACCACATCCAA-1",1
"TCATTACCAGTCAGCC-1",1
"TCATTACGTACGCACC-1",0
"TCATTACGTCTAGAGG-1",2
"TCATTACGTGAAGGCT-1",1
"TCATTACGTTCTGTTT-1",3
"TCATTACTCATCGATG-1",0
"TCATTTGAGCCAGTTT-1",2
"TCATTTGCACGTCTCT-1",0
"TCATTTGCAGTTAACC-1",1
"TCATTTGTCCAGAGGA-1",1
"TCATTTGTCCCTTGCA-1",3
"TCATTTGTCCGTCAAA-1",1
"TCATTTGTCGCTAGCG-1",1
"TCATTTGTCGTACGGC-1",0
"TCATTTGTCTCTGCTG-1",1
"TCCACACCAAAGAATC-1",3
"TCCACACCACGCCAGT-1",1
"TCCACACGTACAGCAG-1",1
"TCCACACGTAGCCTAT-1",2
"TCCACACGTCATCGGC-1",4
"TCCACACGTGACCAAG-1",0
"TCCACACGTGCGAAAC-1",0
"TCCACACTCAACACCA-1",1
"TCCACACTCCAGTATG-1",0
"TCCACACTCCCATTTA-1",0
"TCCACACTCGAACTGT-1",0
"TCCCGATAGAAGAAGC-1",0
"TCCCGATAGCACAGGT-1",1
"TCCCGATAGCCGGTAA-1",2
"TCCCGATCAAGGTTCT-1",1
"TCCCGATCAGCCAATT-1",1
"TCCCGATCATCCAACA-1",2
"TCCCGATGTAAGGATT-1",0
"TCCCGATGTCAATACC-1",0
"TCCCGATTCAGAAATG-1",0
"TCCCGATTCAGTCCCT-1",1
"TCCCGATTCATCTGTT-1",0
"TCCCGATTCCCTAATT-1",0
"TCCCGATTCTGGAGCC-1",0
"TCGAGGCAGCGATGAC-1",2
"TCGAGGCAGTGTTTGC-1",1
"TCGAGGCCAAAGAATC-1",4
"TCGAGGCCAAGTTCTG-1",0
"TCGAGGCCAGTAACGG-1",0
"TCGAGGCGTATATCCG-1",1
"TCGAGGCTCGCAAGCC-1",0
"TCGAGGCTCTTGAGAC-1",0
"TCGAGGCTCTTTCCTC-1",1
"TCGCGAGAGACAAAGG-1",1
"TCGCGAGAGTGAATTG-1",1
"TCGCGAGCAAGCGTAG-1",1
"TCGCGAGCACCGAATT-1",4
"TCGCGAGCAGTAAGAT-1",0
"TCGCGAGTCCACGAAT-1",1
"TCGCGAGTCTAGCACA-1",1
"TCGCGAGTCTCTAGGA-1",0
"TCGCGAGTCTTCATGT-1",1
"TCGCGTTAGTGGGCTA-1",1
"TCGCGTTCACAGGCCT-1",1
"TCGCGTTCATCACAAC-1",0
"TCGCGTTCATCTCGCT-1",0
"TCGCGTTGTTCACCTC-1",2
"TCGCGTTTCAAGATCC-1",1
"TCGCGTTTCAGGTAAA-1",0
"TCGCGTTTCATTCACT-1",0
"TCGCGTTTCCTGTACC-1",0
"TCGCGTTTCGCCCTTA-1",2
"TCGGGACCACACATGT-1",1
"TCGGGACTCCTTGCCA-1",1
"TCGGGACTCTGCGGCA-1",2
"TCGGGACTCTTGTCAT-1",0
"TCGGTAAAGACAGGCT-1",2
"TCGGTAAAGCTCAACT-1",2
"TCGGTAACAAGCTGAG-1",1
"TCGGTAACAGGAATGC-1",1
"TCGGTAAGTATATGGA-1",1
"TCGGTAAGTCTAGTCA-1",0
"TCGGTAATCCCGGATG-1",3
"TCGTACCAGCAGGCTA-1",1
"TCGTACCAGTTTCCTT-1",0
"TCGTACCGTTTGCATG-1",0
"TCGTACCTCGGGAGTA-1",2
"TCGTAGAAGCTAACTC-1",0
"TCGTAGAAGGCGACAT-1",2
"TCGTAGAAGGGAACGG-1",0
"TCGTAGAAGTCCATAC-1",1
"TCGTAGACAATCCAAC-1",0
"TCGTAGACACTCAGGC-1",0
"TCGTAGAGTATGAATG-1",2
"TCGTAGAGTGAGCGAT-1",2
"TCGTAGAGTGTGTGCC-1",4
"TCGTAGAGTTCAACCA-1",0
"TCGTAGAGTTCCATGA-1",2
"TCGTAGATCCAAGCCG-1",6
"TCGTAGATCTTAGCCC-1",0
"TCTATTGAGCGATTCT-1",0
"TCTATTGAGTGCCATT-1",0
"TCTATTGCACATCTTT-1",2
"TCTATTGGTAAGTGTA-1",0
"TCTATTGGTCCAACTA-1",1
"TCTATTGGTCTGCCAG-1",0
"TCTATTGGTTGCTCCT-1",0
"TCTATTGTCGGCGCTA-1",0
"TCTCATAAGCTAAACA-1",3
"TCTCATAAGCTAGTCT-1",1
"TCTCATAAGTGCCATT-1",0
"TCTCATAGTACCGGCT-1",1
"TCTCATAGTGTAAGTA-1",0
"TCTCATATCAAGCCTA-1",0
"TCTCATATCACCTTAT-1",0
"TCTCATATCCTGTACC-1",0
"TCTCTAAAGACCGGAT-1",1
"TCTCTAAAGGGTGTTG-1",1
"TCTCTAACAGCCTATA-1",3
"TCTCTAAGTCCAGTAT-1",0
"TCTCTAAGTCCATGAT-1",0
"TCTCTAAGTCTCATCC-1",0
"TCTCTAAGTGGAAAGA-1",1
"TCTCTAATCAAACCAC-1",1
"TCTCTAATCAACGCTA-1",0
"TCTCTAATCACAGGCC-1",1
"TCTCTAATCACATACG-1",2
"TCTCTAATCCGTAGGC-1",2
"TCTCTAATCGTATCAG-1",2
"TCTGAGACAAACCTAC-1",0
"TCTGAGACACGGATAG-1",1
"TCTGAGACAGAGTGTG-1",3
"TCTGAGAGTAAGGGAA-1",1
"TCTGAGATCCTTGACC-1",1
"TCTGAGATCTATCCTA-1",0
"TCTGGAAAGCGATGAC-1",3
"TCTGGAAAGCTAGTTC-1",2
"TCTGGAAAGCTCTCGG-1",4
"TCTGGAAAGGAGCGAG-1",1
"TCTGGAACACAAGACG-1",0
"TCTGGAACACACTGCG-1",1
"TCTGGAACACTTCTGC-1",2
"TCTGGAAGTGAGTATA-1",0
"TCTGGAATCTGTCTAT-1",0
"TCTTCGGAGGTTCCTA-1",0
"TCTTCGGAGTTCGATC-1",1
"TCTTCGGCAAAGCAAT-1",1
"TCTTCGGCAAAGGTGC-1",2
"TCTTCGGCAATAGCAA-1",2
"TCTTCGGCAATGTAAG-1",0
"TCTTCGGCACACCGAC-1",0
"TCTTCGGCAGCCAATT-1",3
"TCTTCGGGTCATTAGC-1",2
"TCTTCGGTCGTAGGTT-1",1
"TCTTCGGTCTCTAAGG-1",2
"TCTTTCCAGAGAGCTC-1",1
"TCTTTCCAGTCATCCA-1",0
"TCTTTCCCATCTCCCA-1",0
"TCTTTCCGTAATCACC-1",1
"TCTTTCCGTAGTACCT-1",3
"TCTTTCCTCACAACGT-1",0
"TCTTTCCTCAGCTGGC-1",2
"TCTTTCCTCCAAGTAC-1",1
"TCTTTCCTCCTCGCAT-1",1
"TGAAAGAAGCTAAGAT-1",0
"TGAAAGACAAGCCGTC-1",1
"TGAAAGACACATTCGA-1",3
"TGAAAGACATGAGCGA-1",1
"TGAAAGAGTCTAGCGC-1",1
"TGAAAGAGTCTCATCC-1",1
"TGAAAGATCCCGACTT-1",0
"TGAAAGATCTATGTGG-1",2
"TGACAACCAAGCGAGT-1",0
"TGACAACGTAGGGACT-1",4
"TGACAACGTGCGCTTG-1",1
"TGACAACGTGGTTTCA-1",1
"TGACAACTCACAAACC-1",2
"TGACAACTCCACGTGG-1",1
"TGACAACTCGAATGCT-1",2
"TGACGGCAGCGCCTCA-1",1
"TGACGGCAGGCTCAGA-1",2
"TGACGGCAGTCAAGCG-1",1
"TGACGGCCACAGACTT-1",0
"TGACGGCGTCATCCCT-1",1
"TGACGGCTCAGGCGAA-1",1
"TGACGGCTCCACTGGG-1",0
"TGACTAGAGACCCACC-1",0
"TGACTAGAGGGCATGT-1",1
"TGACTAGAGTCTCAAC-1",2
"TGACTAGAGTTGAGAT-1",0
"TGACTAGCAGCATACT-1",0
"TGACTAGCAGTCAGAG-1",0
"TGACTAGCATTTCACT-1",1
"TGACTAGGTAAATACG-1",0
"TGACTAGGTGAAAGAG-1",0
"TGACTAGGTGCAGTAG-1",0
"TGACTAGTCATGCATG-1",0
"TGACTAGTCCATGCTC-1",4
"TGACTAGTCTGTTGAG-1",2
"TGACTTTAGAACAATC-1",1
"TGACTTTAGTCTCGGC-1",2
"TGACTTTAGTTAGGTA-1",0
"TGACTTTCAGTCCTTC-1",0
"TGACTTTCATTATCTC-1",2
"TGACTTTGTCACACGC-1",1
"TGACTTTTCCTCAATT-1",2
"TGACTTTTCTGCCCTA-1",1
"TGAGAGGAGGCTCATT-1",2
"TGAGAGGCAAAGTCAA-1",0
"TGAGAGGCAAGCCATT-1",0
"TGAGAGGCACCATGTA-1",0
"TGAGAGGGTCACTGGC-1",1
"TGAGAGGGTCTAAACC-1",1
"TGAGAGGTCGAACTGT-1",2
"TGAGAGGTCGCGTTTC-1",2
"TGAGAGGTCTGACCTC-1",4
"TGAGCATAGAAACGAG-1",0
"TGAGCATAGAAGCCCA-1",0
"TGAGCATAGATGTCGG-1",2
"TGAGCATAGGAATGGA-1",2
"TGAGCATCACCAGGCT-1",2
"TGAGCATCAGATGAGC-1",1
"TGAGCATCAGCGTAAG-1",0
"TGAGCATCAGCTGTAT-1",1
"TGAGCATGTGGCCCTA-1",2
"TGAGCATTCCACGTTC-1",4
"TGAGCATTCCGATATG-1",1
"TGAGCATTCGGCCGAT-1",2
"TGAGCCGCATCGGGTC-1",1
"TGAGCCGGTCGAACAG-1",1
"TGAGCCGGTGTAATGA-1",3
"TGAGCCGGTTGATTCG-1",1
"TGAGCCGTCATCTGCC-1",0
"TGAGCCGTCGTCACGG-1",0
"TGAGCCGTCTTGAGGT-1",1
"TGAGGGAAGAGACTAT-1",0
"TGAGGGAAGGAGTACC-1",2
"TGAGGGAAGTCATCCA-1",1
"TGAGGGAAGTCATGCT-1",1
"TGAGGGACACCAGTTA-1",0
"TGAGGGACATAAGACA-1",1
"TGAGGGAGTAAACGCG-1",0
"TGAGGGAGTTAGGGTG-1",1
"TGAGGGATCAACGGGA-1",0
"TGAGGGATCTAGCACA-1",0
"TGAGGGATCTCTTATG-1",0
"TGATTTCCATCCGGGT-1",1
"TGATTTCGTAGGCATG-1",1
"TGATTTCGTTAAGACA-1",3
"TGATTTCTCTGATTCT-1",2
"TGCACCTAGACCTTTG-1",1
"TGCACCTAGGACGAAA-1",0
"TGCACCTCAAGTTGTC-1",0
"TGCACCTCAATAGAGT-1",1
"TGCACCTCATCCGGGT-1",1
"TGCACCTGTAATCACC-1",1
"TGCACCTGTCACACGC-1",2
"TGCACCTTCACGGTTA-1",3
"TGCACCTTCATCGGAT-1",3
"TGCACCTTCCGCGGTA-1",0
"TGCACCTTCGAACTGT-1",0
"TGCACCTTCTCTTGAT-1",0
"TGCCAAACAATGTAAG-1",1
"TGCCAAACAATTCCTT-1",5
"TGCCAAAGTTCGCGAC-1",0
"TGCCAAATCCAAACTG-1",1
"TGCCAAATCCCTGACT-1",0
"TGCCAAATCGGCGGTT-1",1
"TGCCCATAGACTAGGC-1",3
"TGCCCATAGCGTCAAG-1",0
"TGCCCATAGCGTGAAC-1",0
"TGCCCATAGCTGTTCA-1",3
"TGCCCATAGGATGGAA-1",2
"TGCCCATAGTACGCCC-1",1
"TGCCCATAGTTGAGTA-1",2
"TGCCCATCACCAGGTC-1",0
"TGCCCATCACGAAATA-1",3
"TGCCCATCAGGACGTA-1",3
"TGCCCATCATGGAATA-1",1
"TGCCCATCATGGATGG-1",2
"TGCCCATGTAGCCTCG-1",1
"TGCCCATTCAAACCGT-1",2
"TGCCCATTCAGGCCCA-1",0
"TGCCCATTCCTTCAAT-1",0
"TGCCCATTCGGAAATA-1",0
"TGCCCTAAGGTCGGAT-1",0
"TGCCCTAAGGTTCCTA-1",2
"TGCCCTACACCACCAG-1",0
"TGCCCTACAGCCACCA-1",0
"TGCCCTACAGTGAGTG-1",1
"TGCCCTAGTCCGAGTC-1",2
"TGCCCTAGTGGTTTCA-1",1
"TGCCCTAGTTTCGCTC-1",1
"TGCCCTATCGACGGAA-1",2
"TGCCCTATCTTCGGTC-1",1
"TGCGCAGAGACTAGGC-1",0
"TGCGCAGAGCACACAG-1",1
"TGCGCAGAGCGTCTAT-1",1
"TGCGCAGAGGAGCGAG-1",0
"TGCGCAGCAAACGTGG-1",0
"TGCGCAGCAGCTCGCA-1",4
"TGCGCAGCAGTAGAGC-1",2
"TGCGCAGTCCTACAGA-1",0
"TGCGGGTAGAGACTTA-1",0
"TGCGGGTAGATCGATA-1",1
"TGCGGGTAGCTCTCGG-1",0
"TGCGGGTAGGTGTGGT-1",0
"TGCGGGTAGTACTTGC-1",0
"TGCGGGTCAATGGAAT-1",3
"TGCGGGTCACACGCTG-1",2
"TGCGGGTCATTGGGCC-1",1
"TGCGGGTGTAGAAAGG-1",1
"TGCGGGTGTCACCTAA-1",0
"TGCGGGTGTCAGATAA-1",0
"TGCGGGTGTTAGAACA-1",0
"TGCGGGTTCAGTTCGA-1",0
"TGCGGGTTCGTAGATC-1",1
"TGCGGGTTCTCTTGAT-1",0
"TGCGTGGAGACGCAAC-1",3
"TGCGTGGAGACTGGGT-1",2
"TGCGTGGAGTGAACGC-1",2
"TGCGTGGCAATTCCTT-1",1
"TGCGTGGGTGCACCAC-1",3
"TGCGTGGTCCGCGCAA-1",2
"TGCGTGGTCGCCCTTA-1",1
"TGCGTGGTCTGGCGAC-1",0
"TGCTACCAGAAAGTGG-1",0
"TGCTACCAGATGGCGT-1",0
"TGCTACCAGCAAATCA-1",0
"TGCTACCAGTCCGTAT-1",0
"TGCTACCCAAGAGGCT-1",1
"TGCTACCCACTTAACG-1",0
"TGCTACCCATCGTCGG-1",0
"TGCTACCCATGGTTGT-1",3
"TGCTACCGTGTGACGA-1",0
"TGCTACCTCCTCGCAT-1",0
"TGCTACCTCTTCTGGC-1",2
"TGCTGCTAGACTAAGT-1",0
"TGCTGCTAGGTGATAT-1",0
"TGCTGCTCAATAGAGT-1",0
"TGCTGCTCACAGACAG-1",3
"TGCTGCTCATCCCATC-1",1
"TGCTGCTCATGGTTGT-1",2
"TGCTGCTGTCATACTG-1",1
"TGCTGCTGTGAAGGCT-1",1
"TGCTGCTTCATTGCGA-1",0
"TGGACGCAGAGGTACC-1",0
"TGGACGCAGTCAAGGC-1",0
"TGGACGCCACAGAGGT-1",2
"TGGACGCCATGGTAGG-1",1
"TGGACGCGTCCGAACC-1",0
"TGGACGCGTCTCCCTA-1",2
"TGGCCAGAGAAGGTGA-1",1
"TGGCCAGAGAGTACAT-1",2
"TGGCCAGAGGCGATAC-1",0
"TGGCCAGAGGCGTACA-1",0
"TGGCCAGCAACTGCGC-1",2
"TGGCCAGCACGACTCG-1",1
"TGGCCAGGTCAATACC-1",5
"TGGCCAGTCGTAGATC-1",0
"TGGCCAGTCTATCCCG-1",0
"TGGCGCAAGCTACCTA-1",0
"TGGCGCAAGCTATGCT-1",2
"TGGCGCAAGTGTGGCA-1",0
"TGGCGCAAGTTACCCA-1",0
"TGGCGCACACAGGCCT-1",4
"TGGCGCACACGGATAG-1",0
"TGGCGCACAGCGATCC-1",0
"TGGCGCACATAGGATA-1",0
"TGGCGCACATATACGC-1",0
"TGGCGCAGTACTCTCC-1",5
"TGGCGCAGTGGACGAT-1",1
"TGGCGCAGTTATGTGC-1",3
"TGGCGCATCAAGAAGT-1",1
"TGGCGCATCATGCTCC-1",0
"TGGCGCATCATGTGGT-1",1
"TGGCGCATCATTATCC-1",2
"TGGCGCATCGTGGTCG-1",0
"TGGCTGGAGCGGATCA-1",0
"TGGCTGGAGTGCAAGC-1",0
"TGGCTGGCAAGTTAAG-1",0
"TGGCTGGCACGGATAG-1",0
"TGGCTGGCAGGAACGT-1",1
"TGGCTGGGTCGAGTTT-1",0
"TGGCTGGGTCGGCATC-1",1
"TGGCTGGGTCTAGCCG-1",3
"TGGCTGGGTTACGCGC-1",1
"TGGCTGGGTTGGACCC-1",0
"TGGCTGGTCTCGTTTA-1",2
"TGGGAAGAGATATACG-1",0
"TGGGAAGAGCCCAATT-1",0
"TGGGAAGAGCGCTCCA-1",1
"TGGGAAGAGGGCTTCC-1",0
"TGGGAAGAGTAAGTAC-1",2
"TGGGAAGAGTTAACGA-1",0
"TGGGAAGCAAGGTGTG-1",0
"TGGGAAGCAGATCCAT-1",0
"TGGGAAGCAGCGAACA-1",0
"TGGGAAGGTAAGTTCC-1",0
"TGGGAAGGTTAGATGA-1",1
"TGGGAAGGTTATTCTC-1",2
"TGGGAAGTCCCAAGAT-1",4
"TGGGAAGTCCTTCAAT-1",1
"TGGGAAGTCGTGGACC-1",1
"TGGGAAGTCTCCTATA-1",0
"TGGGCGTAGTCTCCTC-1",3
"TGGGCGTCAGACGTAG-1",0
"TGGGCGTCAGGGATTG-1",0
"TGGGCGTGTCCAAGTT-1",2
"TGGGCGTGTCTAGAGG-1",0
"TGGGCGTGTGGCTCCA-1",4
"TGGGCGTGTTTCGCTC-1",1
"TGGGCGTTCAGCTTAG-1",0
"TGGTTAGAGCTACCTA-1",1
"TGGTTAGAGTTAGGTA-1",1
"TGGTTAGGTGATGATA-1",0
"TGGTTAGGTTCACGGC-1",0
"TGGTTAGTCCCGACTT-1",2
"TGGTTAGTCTTGTATC-1",1
"TGGTTCCAGCCGTCGT-1",2
"TGGTTCCAGTAATCCC-1",1
"TGGTTCCCAAGTTGTC-1",4
"TGGTTCCCAGACAAAT-1",0
"TGGTTCCCAGACAGGT-1",2
"TGGTTCCCAGCTCGAC-1",0
"TGGTTCCCATGTCCTC-1",1
"TGGTTCCCATTTCACT-1",0
"TGGTTCCGTCCAAGTT-1",4
"TGGTTCCTCACATACG-1",0
"TGGTTCCTCAGCTTAG-1",1
"TGGTTCCTCTAACTTC-1",0
"TGGTTCCTCTAGAGTC-1",3
"TGGTTCCTCTGGGCCA-1",1
"TGTATTCAGCCCGAAA-1",0
"TGTATTCAGCGATCCC-1",1
"TGTATTCCAGGGCATA-1",0
"TGTATTCGTAAGAGAG-1",1
"TGTATTCGTTTGTTTC-1",2
"TGTATTCTCAGCATGT-1",2
"TGTATTCTCATCTGTT-1",1
"TGTCCCAAGCAGATCG-1",0
"TGTCCCAAGCTAGTTC-1",3
"TGTCCCAAGCTGAACG-1",3
"TGTCCCAAGTTGTCGT-1",0
"TGTCCCACAGTAAGCG-1",0
"TGTCCCACATCACGTA-1",2
"TGTCCCAGTAAGAGGA-1",3
"TGTCCCAGTAAGTGGC-1",0
"TGTCCCAGTCGGATCC-1",0
"TGTCCCAGTCTCTTTA-1",0
"TGTCCCATCATTTGGG-1",0
"TGTCCCATCTGCAAGT-1",1
"TGTCCCATCTGCGTAA-1",5
"TGTGGTAGTCCCGACA-1",2
"TGTGGTAGTGTGAAAT-1",1
"TGTGGTAGTGTGACGA-1",1
"TGTGGTATCCAGGGCT-1",1
"TGTGGTATCTTGCATT-1",2
"TGTGTTTAGAGGTTAT-1",1
"TGTGTTTAGCGTGAGT-1",1
"TGTGTTTAGTGCGTGA-1",2
"TGTGTTTCATGCGCAC-1",1
"TGTGTTTTCTCATTCA-1",1
"TGTGTTTTCTTTCCTC-1",2
"TGTTCCGAGAGCAATT-1",0
"TGTTCCGAGCAACGGT-1",1
"TGTTCCGAGGAATTAC-1",1
"TGTTCCGAGGACTGGT-1",4
"TGTTCCGCAGTGAGTG-1",1
"TGTTCCGGTGAGTATA-1",1
"TGTTCCGTCAAGCCTA-1",1
"TGTTCCGTCAGTTCGA-1",1
"TGTTCCGTCGGCGGTT-1",3
"TGTTCCGTCTGAAAGA-1",1
"TGTTCCGTCTGGTATG-1",3
"TTAACTCAGTGTACGG-1",1
"TTAACTCCAAGCGCTC-1",3
"TTAACTCCAGGCAGTA-1",0
"TTAACTCGTTCCACAA-1",2
"TTAACTCTCATAAAGG-1",4
"TTAACTCTCCCTCAGT-1",1
"TTAGGACAGCAGGCTA-1",2
"TTAGGACAGCTCTCGG-1",0
"TTAGGACCAAGCCATT-1",1
"TTAGGACCAGTCAGAG-1",0
"TTAGGACGTTTGTTTC-1",0
"TTAGGCAAGAAGATTC-1",3
"TTAGGCAAGAGCCCAA-1",2
"TTAGGCAAGAGTGACC-1",0
"TTAGGCAAGGTTCCTA-1",0
"TTAGGCAAGTCGTTTG-1",0
"TTAGGCAAGTGTACCT-1",0
"TTAGGCACAGACGCTC-1",0
"TTAGGCACATGTTCCC-1",0
"TTAGGCAGTAAGGATT-1",1
"TTAGGCAGTAAGTAGT-1",1
"TTAGGCAGTCTTGATG-1",2
"TTAGGCATCACGCATA-1",4
"TTAGGCATCAGTCAGT-1",0
"TTAGGCATCCAGTATG-1",0
"TTAGGCATCGTTACGA-1",1
"TTAGTTCAGGTGCAAC-1",0
"TTAGTTCCAATGTAAG-1",1
"TTAGTTCCATCCTTGC-1",2
"TTAGTTCGTAGCCTAT-1",1
"TTAGTTCGTGCAGACA-1",1
"TTAGTTCGTGTCAATC-1",1
"TTAGTTCGTTGCCTCT-1",3
"TTAGTTCTCAGGCCCA-1",1
"TTAGTTCTCGCAGGCT-1",3
"TTAGTTCTCTACTATC-1",0
"TTATGCTAGAATGTGT-1",0
"TTATGCTAGCACACAG-1",1
"TTATGCTAGCAGCCTC-1",1
"TTATGCTAGTCCCACG-1",1
"TTATGCTAGTGGTAAT-1",1
"TTATGCTCAGCCAGAA-1",0
"TTATGCTCATACCATG-1",3
"TTATGCTCATGTAGTC-1",1
"TTATGCTGTCCGAGTC-1",2
"TTATGCTTCGATAGAA-1",0
"TTCCCAGAGAATTCCC-1",2
"TTCCCAGAGACTAGAT-1",1
"TTCCCAGAGTATCGAA-1",1
"TTCCCAGCAGATGGGT-1",1
"TTCCCAGCATCAGTAC-1",1
"TTCCCAGCATCTCCCA-1",1
"TTCCCAGCATTACCTT-1",1
"TTCCCAGTCAACACTG-1",3
"TTCCCAGTCGAGAGCA-1",2
"TTCGAAGAGTCTCAAC-1",0
"TTCGAAGCAAGCGCTC-1",0
"TTCGAAGCACATTAGC-1",1
"TTCGAAGCACGGTGTC-1",0
"TTCGGTCAGAGGACGG-1",0
"TTCGGTCAGCACACAG-1",2
"TTCGGTCAGGCCCTCA-1",1
"TTCGGTCAGTGAATTG-1",1
"TTCGGTCAGTTGAGAT-1",0
"TTCGGTCCAAGGGTCA-1",0
"TTCGGTCCACGTCAGC-1",1
"TTCGGTCGTAACGTTC-1",1
"TTCGGTCGTAGAGTGC-1",3
"TTCGGTCGTTCATGGT-1",0
"TTCGGTCGTTCTGTTT-1",0
"TTCGGTCTCAAAGACA-1",0
"TTCGGTCTCCAGTATG-1",0
"TTCGGTCTCGCGTTTC-1",1
"TTCGGTCTCGTCTGAA-1",1
"TTCTACAAGACTAAGT-1",0
"TTCTACAAGCAGCCTC-1",0
"TTCTACAAGCCTTGAT-1",0
"TTCTACAAGGCAGGTT-1",0
"TTCTACAAGGTAAACT-1",0
"TTCTACAAGTTAGGTA-1",1
"TTCTACACACGTGAGA-1",3
"TTCTACACAGCTGTTA-1",0
"TTCTACACATCGATTG-1",2
"TTCTACACATTACGAC-1",4
"TTCTACAGTACCGTTA-1",4
"TTCTACAGTATATGAG-1",1
"TTCTACAGTGGCTCCA-1",0
"TTCTACATCAACGGGA-1",0
"TTCTACATCCGCGTTT-1",1
"TTCTCAAAGAAAGTGG-1",0
"TTCTCAAAGAATCTCC-1",0
"TTCTCAAAGAGGTTAT-1",3
"TTCTCAAAGCAGCCTC-1",3
"TTCTCAAAGCCGCCTA-1",4
"TTCTCAAAGTCAATAG-1",1
"TTCTCAAAGTTGAGAT-1",0
"TTCTCAACACCCAGTG-1",4
"TTCTCAACATTGTGCA-1",0
"TTCTCAAGTATAAACG-1",1
"TTCTCAAGTCCCTTGT-1",1
"TTCTCAAGTCGAGATG-1",3
"TTCTCAATCATCGCTC-1",0
"TTCTCAATCCCTAACC-1",0
"TTCTCAATCGTAGGAG-1",2
"TTCTCCTAGAGTAAGG-1",0
"TTCTCCTAGCGACGTA-1",5
"TTCTCCTAGCGTGAGT-1",3
"TTCTCCTAGTCTCGGC-1",1
"TTCTCCTCAACACGCC-1",1
"TTCTCCTCAATAACGA-1",2
"TTCTCCTGTTAAGAAC-1",0
"TTCTCCTTCAGTTCGA-1",2
"TTCTCCTTCCGTAGGC-1",0
"TTCTCCTTCCTTTCTC-1",3
"TTCTCCTTCTGCAAGT-1",2
"TTCTCCTTCTTCAACT-1",4
"TTCTCCTTCTTGTACT-1",1
"TTCTTAGAGGACTGGT-1",0
"TTCTTAGCAAGGTGTG-1",1
"TTCTTAGCATCGGAAG-1",0
"TTCTTAGGTAGAAGGA-1",0
"TTCTTAGGTCATATGC-1",1
"TTCTTAGTCAGTTCGA-1",3
"TTGAACGGTCACTTCC-1",1
"TTGAACGTCATGTCCC-1",5
"TTGACTTAGCCACGTC-1",1
"TTGACTTAGCGACGTA-1",2
"TTGACTTAGTTAACGA-1",1
"TTGACTTCACTTACGA-1",0
"TTGACTTGTCTCTCTG-1",1
"TTGACTTGTGCGATAG-1",1
"TTGACTTTCCAGAGGA-1",1
"TTGACTTTCTGTCCGT-1",1
"TTGCCGTAGGAGCGTT-1",1
"TTGCCGTAGGTGGGTT-1",0
"TTGCCGTCATGGTCAT-1",0
"TTGCCGTGTACAGACG-1",0
"TTGCGTCAGACAGAGA-1",3
"TTGCGTCAGCTCCTTC-1",1
"TTGCGTCAGTCCATAC-1",2
"TTGCGTCAGTGAATTG-1",0
"TTGCGTCCAAATTGCC-1",0
"TTGCGTCCACTGTGTA-1",0
"TTGCGTCCAGTCACTA-1",2
"TTGCGTCGTCTGATTG-1",0
"TTGGAACAGCCCAATT-1",2
"TTGGAACAGCGTCTAT-1",0
"TTGGAACAGGCGTACA-1",3
"TTGGAACGTATTACCG-1",1
"TTGGAACGTGTGTGCC-1",0
"TTGGAACTCCCATTAT-1",0
"TTGGAACTCCGTAGTA-1",1
"TTGGAACTCGTCCAGG-1",0
"TTGGCAAAGTTAGGTA-1",3
"TTGGCAAGTATAGGTA-1",4
"TTGGCAATCACATGCA-1",4
"TTGGCAATCAGAGCTT-1",1
"TTGGCAATCGCATGAT-1",3
"TTGGCAATCTAGAGTC-1",2
"TTGTAGGAGGTGCTAG-1",1
"TTGTAGGCACACGCTG-1",1
"TTGTAGGGTCTCCCTA-1",0
"TTGTAGGGTGGTAACG-1",2
"TTGTAGGTCGGCGCTA-1",3
"TTGTAGGTCTGCCAGG-1",2
"TTTACTGAGATCACGG-1",4
"TTTACTGCAAAGCAAT-1",2
"TTTACTGCACATGGGA-1",1
"TTTACTGCACCACGTG-1",0
"TTTACTGCATGGGACA-1",3
"TTTACTGCATGTCCTC-1",0
"TTTACTGGTAACGTTC-1",1
"TTTACTGGTGGTGTAG-1",0
"TTTACTGGTTCGCTAA-1",1
"TTTACTGTCTGGAGCC-1",0
"TTTATGCAGACTGTAA-1",0
"TTTATGCAGATGCGAC-1",0
"TTTATGCAGGCAAAGA-1",1
"TTTATGCAGGCCCGTT-1",0
"TTTATGCAGTTCCACA-1",0
"TTTATGCCAAACGCGA-1",2
"TTTATGCCAATCTGCA-1",0
"TTTATGCCACAGGTTT-1",0
"TTTATGCCAGCCAATT-1",0
"TTTATGCCAGGTCGTC-1",0
"TTTATGCCATGGTCAT-1",1
"TTTATGCTCACATAGC-1",0
"TTTATGCTCACCTTAT-1",0
"TTTATGCTCGGCGGTT-1",0
"TTTATGCTCTCGCTTG-1",1
"TTTCCTCAGCGTGAAC-1",1
"TTTCCTCAGGACTGGT-1",5
"TTTCCTCCAAAGTGCG-1",1
"TTTCCTCCAGGAATGC-1",4
"TTTCCTCCATTAGCCA-1",1
"TTTCCTCGTCCGAAGA-1",1
"TTTCCTCGTCGCTTTC-1",1
"TTTCCTCTCGGCCGAT-1",1
"TTTCCTCTCGTGTAGT-1",4
"TTTGCGCAGCTAAACA-1",0
"TTTGCGCAGCTAGTCT-1",2
"TTTGCGCAGGCCGAAT-1",1
"TTTGCGCAGTCAAGGC-1",0
"TTTGCGCCAAGTAGTA-1",0
"TTTGCGCCAGGTGCCT-1",0
"TTTGCGCGTCTAAACC-1",1
"TTTGCGCTCAAAGTAG-1",0
"TTTGCGCTCATGTAGC-1",3
"TTTGGTTAGAATGTGT-1",0
"TTTGGTTAGACAATAC-1",8
"TTTGGTTAGCGATTCT-1",1
"TTTGGTTAGGCTCAGA-1",0
"TTTGGTTAGTTACCCA-1",1
"TTTGGTTCAAACTGCT-1",1
"TTTGGTTCAAGCTGTT-1",0
"TTTGGTTCAGATCGGA-1",1
"TTTGGTTCATCACAAC-1",1
"TTTGGTTGTACTTCTT-1",5
"TTTGGTTGTATGCTTG-1",1
"TTTGGTTGTGCTTCTC-1",0
"TTTGGTTTCATGCTCC-1",2
"TTTGGTTTCCCTGACT-1",2
"TTTGTCAAGAGTCGGT-1",0
"TTTGTCACAAGTTCTG-1",1
"TTTGTCACAAGTTGTC-1",0
"TTTGTCACACTCTGTC-1",1
"TTTGTCATCACCTTAT-1",3
"TTTGTCATCCATTCTA-1",3
"TTTGTCATCCTTAATC-1",0
"TTTGTCATCTTATCTG-1",0
