"cell_barcode","expression"
"AAACCTGAGACAGAGA-1",1
"AAACCTGAGACTTTCG-1",1
"AAACCTGAGAGTAAGG-1",1
"AAACCTGAGAGTCGGT-1",2
"AAACCTGAGGATGGAA-1",3
"AAACCTGAGTAGATGT-1",0
"AAACCTGCAATCAGAA-1",0
"AAACCTGCACCGATAT-1",1
"AAACCTGCAGACGTAG-1",0
"AAACCTGCAGTATCTG-1",2
"AAACCTGCATAGTAAG-1",1
"AAACCTGCATGAACCT-1",2
"AAACCTGGTAAGAGGA-1",1
"AAACCTGGTCCAACTA-1",0
"AAACCTGTCCGTAGTA-1",1
"AAACCTGTCGAGAGCA-1",1
"AAACGGGAGTACGACG-1",0
"AAACGGGCAAGGTTTC-1",3
"AAACGGGCACGTCAGC-1",0
"AAACGGGCAGCGTTCG-1",0
"AAACGGGGTAGCCTCG-1",0
"AAACGGGGTCTACCTC-1",5
"AAACGGGGTGCGGTAA-1",3
"AAACGGGGTTGTCGCG-1",1
"AAACGGGTCCATGAGT-1",0
"AAACGGGTCCCAACGG-1",1
"AAACGGGTCCCATTAT-1",1
"AAAGATGCAGTCAGCC-1",1
"AAAGATGCATCTACGA-1",0
"AAAGCAAAGCGTCTAT-1",0
"AAAGCAACATGTCGAT-1",1
"AAAGCAAGTAGCTGCC-1",1
"AAAGCAAGTAGGCATG-1",1
"AAAGCAAGTGCGCTTG-1",2
"AAAGCAAGTTATTCTC-1",1
"AAAGCAATCCGTAGTA-1",3
"AAAGTAGAGATGTGTA-1",0
"AAAGTAGAGTGGGCTA-1",3
"AAAGTAGGTATATGGA-1",2
"AAAGTAGGTGAGCGAT-1",1
"AAAGTAGGTTGAGGTG-1",0
"AAATGCCAGCCCTAAT-1",0
"AAATGCCAGCGTGTCC-1",2
"AAATGCCCAACACCTA-1",2
"AAATGCCGTAGGAGTC-1",0
"AAATGCCGTCTTTCAT-1",2
"AAATGCCGTGGTCCGT-1",3
"AAATGCCGTTCCCGAG-1",1
"AAATGCCTCATAGCAC-1",1
"AAATGCCTCGCTTAGA-1",0
"AACACGTAGAATTCCC-1",0
"AACACGTAGCCCTAAT-1",0
"AACACGTAGGGTGTGT-1",1
"AACACGTCACTGTCGG-1",0
"AACACGTCATCCCATC-1",0
"AACACGTGTGCAACGA-1",1
"AACACGTGTGTCGCTG-1",1
"AACCATGAGCGCTTAT-1",1
"AACCATGGTCCGTTAA-1",1
"AACCATGTCAGTTCGA-1",0
"AACCATGTCATCGATG-1",1
"AACCATGTCCCAAGTA-1",1
"AACCGCGAGAAGCCCA-1",0
"AACCGCGAGACTGGGT-1",0
"AACCGCGAGAGGTACC-1",2
"AACCGCGAGTTAGGTA-1",1
"AACCGCGAGTTGCAGG-1",2
"AACCGCGCACGGTAGA-1",3
"AACCGCGCAGCATGAG-1",2
"AACCGCGCAGCCTGTG-1",2
"AACCGCGCAGCTGTGC-1",1
"AACCGCGCAGTATGCT-1",2
"AACCGCGGTACTTGAC-1",1
"AACCGCGGTCTGCAAT-1",1
"AACCGCGTCACATGCA-1",1
"AACCGCGTCACCGTAA-1",4
"AACCGCGTCCAGAGGA-1",0
"AACCGCGTCCGAAGAG-1",1
"AACCGCGTCGATCCCT-1",0
"AACGTTGAGCGATAGC-1",1
"AACGTTGAGCGATCCC-1",1
"AACGTTGAGCTTATCG-1",0
"AACGTTGCAAGTTGTC-1",0
"AACGTTGCAATAGAGT-1",2
"AACGTTGCAATGGATA-1",2
"AACGTTGCATGGATGG-1",0
"AACGTTGCATTCTCAT-1",1
"AACGTTGTCAACACGT-1",4
"AACGTTGTCGAGGTAG-1",0
"AACGTTGTCGGTCCGA-1",0
"AACTCAGAGAGCTATA-1",0
"AACTCAGAGAGTCGGT-1",0
"AACTCAGAGCCACCTG-1",0
"AACTCAGAGCCCAATT-1",0
"AACTCAGCAAACAACA-1",2
"AACTCAGCACAAGCCC-1",0
"AACTCAGCACGGTTTA-1",0
"AACTCAGCAGGATCGA-1",0
"AACTCAGCATAAAGGT-1",1
"AACTCAGGTTCCACAA-1",1
"AACTCAGTCGTACCGG-1",3
"AACTCCCAGCCCAGCT-1",2
"AACTCCCAGCTAAGAT-1",4
"AACTCCCCAAACGCGA-1",1
"AACTCCCCATGGTCTA-1",1
"AACTCCCGTTGCGCAC-1",0
"AACTCCCTCAAGAAGT-1",2
"AACTCCCTCAAGCCTA-1",1
"AACTCCCTCATCGCTC-1",1
"AACTCCCTCTGCAGTA-1",0
"AACTCCCTCTGGCGTG-1",2
"AACTCTTAGCAGACTG-1",1
"AACTCTTAGTCCGGTC-1",1
"AACTCTTCATGCTAGT-1",1
"AACTCTTGTCGAATCT-1",0
"AACTCTTGTCGGGTCT-1",1
"AACTCTTTCCTCAATT-1",3
"AACTCTTTCTCAAACG-1",3
"AACTCTTTCTCCAGGG-1",2
"AACTCTTTCTCTGCTG-1",2
"AACTGGTAGAAGATTC-1",0
"AACTGGTAGAGACTAT-1",0
"AACTGGTAGCCAACAG-1",0
"AACTGGTAGTGTACTC-1",2
"AACTGGTCACTGAAGG-1",1
"AACTGGTGTCCGAACC-1",1
"AACTGGTTCGGAGCAA-1",0
"AACTGGTTCGTGGGAA-1",2
"AACTGGTTCTGCTTGC-1",2
"AACTTTCAGCGTGAAC-1",1
"AACTTTCAGTATCTCG-1",0
"AACTTTCAGTTTCCTT-1",4
"AACTTTCCATCCTTGC-1",2
"AACTTTCGTCTAGAGG-1",1
"AACTTTCGTCTCTTTA-1",0
"AACTTTCGTTTGTTTC-1",0
"AAGACCTAGGGCTTCC-1",2
"AAGACCTAGTACACCT-1",1
"AAGACCTGTATATGAG-1",0
"AAGACCTGTATCAGTC-1",1
"AAGACCTGTCCGTGAC-1",3
"AAGACCTGTCGAAAGC-1",2
"AAGACCTTCGCCATAA-1",1
"AAGCCGCAGATCTGAA-1",1
"AAGCCGCAGGGTGTTG-1",2
"AAGCCGCAGTGGACGT-1",2
"AAGCCGCAGTGTACTC-1",2
"AAGCCGCCACGCTTTC-1",0
"AAGCCGCCAGGACGTA-1",1
"AAGCCGCGTACAGTTC-1",1
"AAGCCGCGTCATTAGC-1",1
"AAGCCGCTCACGAAGG-1",1
"AAGCCGCTCAGTTAGC-1",1
"AAGCCGCTCGCAAACT-1",0
"AAGCCGCTCGTCGTTC-1",2
"AAGCCGCTCTTACCGC-1",2
"AAGGAGCAGAAACCGC-1",0
"AAGGAGCAGGCATGTG-1",0
"AAGGAGCAGGCGCTCT-1",0
"AAGGAGCAGTTGAGTA-1",0
"AAGGAGCCACGGCGTT-1",1
"AAGGAGCGTAGCGCAA-1",1
"AAGGAGCGTCTGCAAT-1",2
"AAGGAGCTCGTCTGCT-1",0
"AAGGCAGAGAACTGTA-1",0
"AAGGCAGAGAGATGAG-1",4
"AAGGCAGAGGTGATAT-1",1
"AAGGCAGCATAGTAAG-1",2
"AAGGCAGGTACTTCTT-1",1
"AAGGCAGGTGTGCCTG-1",1
"AAGGCAGTCAGATAAG-1",2
"AAGGCAGTCGGAATCT-1",1
"AAGGTTCAGTATCTCG-1",0
"AAGGTTCCATCACGTA-1",2
"AAGGTTCGTATATGGA-1",0
"AAGGTTCGTCCGAATT-1",2
"AAGGTTCGTCGACTAT-1",1
"AAGGTTCGTGTGACCC-1",2
"AAGGTTCTCCGTCATC-1",1
"AAGGTTCTCCTCGCAT-1",1
"AAGGTTCTCTGCGGCA-1",2
"AAGTCTGAGCCATCGC-1",0
"AAGTCTGAGTCAAGCG-1",2
"AAGTCTGCAAAGGAAG-1",5
"AAGTCTGGTCAGCTAT-1",2
"AAGTCTGTCAAACAAG-1",0
"AAGTCTGTCACTGGGC-1",2
"AAGTCTGTCAGCAACT-1",2
"AATCCAGCAAAGTGCG-1",1
"AATCCAGCAGCATACT-1",0
"AATCCAGGTAGGCATG-1",0
"AATCCAGGTCTCCCTA-1",1
"AATCCAGTCCGAATGT-1",1
"AATCGGTAGGCATGGT-1",1
"AATCGGTTCCTGTACC-1",1
"AATCGGTTCGCCGTGA-1",0
"ACACCAAAGATGAGAG-1",1
"ACACCAAAGCCCTAAT-1",3
"ACACCAAAGGATGGTC-1",1
"ACACCAAAGTGTCCAT-1",2
"ACACCAACACTTCGAA-1",0
"ACACCAACAGACGCTC-1",0
"ACACCAACAGCCTATA-1",2
"ACACCAAGTCGCGTGT-1",1
"ACACCAAGTCTAAACC-1",0
"ACACCAAGTTATGTGC-1",1
"ACACCAATCGCGTTTC-1",0
"ACACCCTAGCCAGGAT-1",1
"ACACCCTAGTACTTGC-1",0
"ACACCCTCAAGCGCTC-1",2
"ACACCCTCATCACAAC-1",2
"ACACCCTCATGCCCGA-1",1
"ACACCCTGTCTGGTCG-1",0
"ACACCCTTCCGCAAGC-1",1
"ACACCCTTCCTTGCCA-1",3
"ACACCCTTCTATCCTA-1",0
"ACACCCTTCTGGCGTG-1",4
"ACACCGGAGGCTCAGA-1",1
"ACACCGGAGTGACATA-1",3
"ACACCGGAGTTACCCA-1",3
"ACACCGGCAAGCCGTC-1",1
"ACACCGGCACCAGATT-1",1
"ACACCGGCACCGAAAG-1",1
"ACACCGGCATCACAAC-1",3
"ACACCGGTCCGCATAA-1",0
"ACACCGGTCTCGGACG-1",0
"ACACCGGTCTCTGTCG-1",1
"ACACTGAAGCACGCCT-1",1
"ACACTGAAGGTGATTA-1",1
"ACACTGACAATAGAGT-1",0
"ACACTGACAGACTCGC-1",3
"ACACTGACATCCAACA-1",0
"ACACTGAGTCCGAAGA-1",0
"ACACTGAGTGTTTGTG-1",1
"ACACTGAGTTTGACTG-1",1
"ACAGCCGAGGAATGGA-1",4
"ACAGCCGAGGCCCGTT-1",2
"ACAGCCGAGGTGCTTT-1",4
"ACAGCCGAGTGGTAGC-1",0
"ACAGCCGCATATACGC-1",2
"ACAGCCGCATGCAACT-1",0
"ACAGCCGGTAGGGTAC-1",2
"ACAGCCGGTCGAATCT-1",1
"ACAGCCGGTTCACCTC-1",0
"ACAGCCGGTTCCACTC-1",1
"ACAGCCGTCCAGAAGG-1",1
"ACAGCCGTCTTTACAC-1",4
"ACAGCTAAGCACCGCT-1",0
"ACAGCTAAGTATCTCG-1",0
"ACAGCTAAGTGTTGAA-1",1
"ACAGCTACATCGTCGG-1",3
"ACAGCTAGTCGACTAT-1",1
"ACAGCTAGTGGTACAG-1",2
"ACAGCTATCACCACCT-1",1
"ACAGCTATCTGCTTGC-1",1
"ACATACGAGAGCTTCT-1",2
"ACATACGAGCGTAGTG-1",3
"ACATACGAGCTTCGCG-1",1
"ACATACGAGCTTTGGT-1",1
"ACATACGCAAACGTGG-1",0
"ACATACGCAAGCCTAT-1",1
"ACATACGCATCTCCCA-1",0
"ACATACGCATTCTCAT-1",0
"ACATACGGTAGGAGTC-1",1
"ACATACGGTGCACCAC-1",2
"ACATACGGTGGTTTCA-1",0
"ACATACGTCGTATCAG-1",1
"ACATCAGAGCCACTAT-1",0
"ACATCAGAGCCTTGAT-1",3
"ACATCAGCAACACCCG-1",1
"ACATCAGCAACGATGG-1",1
"ACATCAGCAATTGCTG-1",1
"ACATCAGCACCGGAAA-1",0
"ACATCAGCATAAAGGT-1",1
"ACATCAGCATCCCACT-1",1
"ACATCAGCATTTGCCC-1",2
"ACATCAGGTAAGGATT-1",1
"ACATCAGGTCCGTGAC-1",2
"ACATCAGGTTAAGTAG-1",2
"ACATCAGTCAAACCGT-1",4
"ACATGGTAGCATGGCA-1",2
"ACATGGTAGCTGTTCA-1",3
"ACATGGTCACTTGGAT-1",1
"ACATGGTGTCAGATAA-1",3
"ACATGGTGTCTGCGGT-1",0
"ACATGGTGTGCAACTT-1",4
"ACATGGTTCCGCAAGC-1",1
"ACATGGTTCCTCCTAG-1",0
"ACATGGTTCTGGAGCC-1",0
"ACATGGTTCTTCTGGC-1",1
"ACCAGTAAGATCACGG-1",2
"ACCAGTAAGCTTCGCG-1",1
"ACCAGTACACAGATTC-1",0
"ACCAGTACACAGGCCT-1",1
"ACCAGTACAGTATGCT-1",0
"ACCAGTACAGTCAGAG-1",4
"ACCAGTACAGTTTACG-1",1
"ACCAGTAGTCACCCAG-1",4
"ACCAGTAGTCCATCCT-1",3
"ACCAGTAGTCTTCAAG-1",0
"ACCAGTAGTGGACGAT-1",1
"ACCAGTATCTGCGACG-1",5
"ACCAGTATCTGCTTGC-1",2
"ACCAGTATCTGTTTGT-1",0
"ACCCACTAGAGGTTAT-1",1
"ACCCACTAGATCCCGC-1",0
"ACCCACTAGATGTGTA-1",1
"ACCCACTAGCCCAATT-1",0
"ACCCACTCAAGGGTCA-1",0
"ACCCACTCAAGGTTCT-1",3
"ACCCACTGTAAATGAC-1",3
"ACCCACTGTAGCCTCG-1",2
"ACCCACTGTCAAAGAT-1",1
"ACCCACTGTCAATACC-1",0
"ACCCACTGTGTGGTTT-1",1
"ACCCACTTCGCAAACT-1",0
"ACCCACTTCTGCCAGG-1",0
"ACCGTAACAATCGGTT-1",0
"ACCGTAACAATCTACG-1",2
"ACCGTAACAGGTCCAC-1",0
"ACCGTAAGTACAGCAG-1",2
"ACCGTAAGTCATGCAT-1",2
"ACCGTAAGTGAGTGAC-1",3
"ACCGTAAGTTAAGAAC-1",3
"ACCGTAAGTTCCGTCT-1",0
"ACCGTAATCACATAGC-1",1
"ACCGTAATCATGTGGT-1",1
"ACCGTAATCTGAAAGA-1",1
"ACCTTTACAATCGGTT-1",0
"ACCTTTACACGGACAA-1",1
"ACCTTTACAGCAGTTT-1",0
"ACCTTTACATGCAACT-1",0
"ACCTTTACATTTCAGG-1",0
"ACCTTTAGTGAACCTT-1",1
"ACCTTTAGTTCCACTC-1",5
"ACCTTTATCTCTAGGA-1",1
"ACGAGCCAGGCAGGTT-1",0
"ACGAGCCCACAGGCCT-1",1
"ACGAGCCCATGGAATA-1",3
"ACGAGCCGTGCACGAA-1",1
"ACGAGCCGTGTGACCC-1",0
"ACGAGCCGTTGGTTTG-1",0
"ACGAGCCTCAGTCCCT-1",0
"ACGAGCCTCGCAAACT-1",2
"ACGAGGACACTACAGT-1",1
"ACGAGGACATGTAGTC-1",1
"ACGAGGAGTACACCGC-1",0
"ACGAGGAGTGCCTGCA-1",1
"ACGAGGAGTTCTGAAC-1",1
"ACGAGGATCTGCGGCA-1",2
"ACGATACAGAGTGACC-1",1
"ACGATACAGCGCCTTG-1",0
"ACGATACAGTGATCGG-1",3
"ACGATACCACGTTGGC-1",0
"ACGATACCATTGGGCC-1",1
"ACGATACGTCGAATCT-1",1
"ACGATACTCTGACCTC-1",5
"ACGATGTAGTGCGATG-1",0
"ACGATGTAGTTGAGAT-1",3
"ACGATGTCAACGCACC-1",2
"ACGATGTCACACGCTG-1",3
"ACGATGTGTATTCTCT-1",0
"ACGATGTGTCAGTGGA-1",5
"ACGATGTGTGACTACT-1",2
"ACGATGTGTGTCGCTG-1",0
"ACGATGTTCGCGTAGC-1",1
"ACGATGTTCTCTTATG-1",2
"ACGCAGCAGCGGCTTC-1",2
"ACGCAGCAGCTGCGAA-1",0
"ACGCAGCAGTGTACGG-1",3
"ACGCAGCCACCTCGTT-1",1
"ACGCAGCCATCGACGC-1",4
"ACGCAGCCATTACCTT-1",1
"ACGCAGCGTCCATGAT-1",0
"ACGCAGCGTCTACCTC-1",0
"ACGCAGCGTCTGGTCG-1",1
"ACGCAGCGTGCGATAG-1",4
"ACGCCAGCAAAGCAAT-1",3
"ACGCCAGCAACGCACC-1",1
"ACGCCAGCACGAGAGT-1",1
"ACGCCAGCAGTGAGTG-1",2
"ACGCCAGGTGCACTTA-1",3
"ACGCCAGGTGTGCGTC-1",3
"ACGCCAGTCACAGGCC-1",1
"ACGCCAGTCAGTGTTG-1",2
"ACGCCGAAGAAACGCC-1",2
"ACGCCGAAGATCTGCT-1",0
"ACGCCGACAGCCTGTG-1",0
"ACGCCGAGTTCCAACA-1",4
"ACGCCGATCCTATGTT-1",2
"ACGCCGATCGCAGGCT-1",7
"ACGCCGATCTTGTATC-1",1
"ACGGAGAAGCCAGTTT-1",1
"ACGGAGAAGGTCATCT-1",1
"ACGGAGACACACATGT-1",2
"ACGGAGACAGCCTGTG-1",0
"ACGGAGACAGCGTAAG-1",3
"ACGGAGACAGTAAGCG-1",0
"ACGGAGAGTGTGACGA-1",0
"ACGGAGATCCACGAAT-1",1
"ACGGCCACACATCCAA-1",0
"ACGGCCACACATTCGA-1",1
"ACGGCCAGTACCGTAT-1",4
"ACGGCCAGTGTATGGG-1",0
"ACGGCCATCACGGTTA-1",2
"ACGGCCATCAGTGTTG-1",0
"ACGGCCATCTACTATC-1",1
"ACGGGCTAGGATCGCA-1",3
"ACGGGCTAGGTTCCTA-1",2
"ACGGGCTAGTGGCACA-1",3
"ACGGGCTCATCTGGTA-1",2
"ACGGGCTGTGAGGCTA-1",0
"ACGGGCTTCCGAACGC-1",2
"ACGGGTCAGATGCCAG-1",1
"ACGGGTCCATGATCCA-1",0
"ACGGGTCCATTAGGCT-1",1
"ACGGGTCCATTTCACT-1",4
"ACGGGTCGTTAGGGTG-1",3
"ACGGGTCTCAACACCA-1",0
"ACGGGTCTCCACGCAG-1",0
"ACGTCAAAGGGCTTCC-1",0
"ACGTCAAAGTGGTAAT-1",2
"ACGTCAACAACTGCGC-1",1
"ACGTCAACACAAGACG-1",0
"ACGTCAAGTAGCTCCG-1",0
"ACGTCAAGTGTCGCTG-1",2
"ACGTCAAGTTATGCGT-1",1
"ACGTCAATCAACCAAC-1",2
"ACGTCAATCATAACCG-1",0
"ACGTCAATCCAGAAGG-1",0
"ACGTCAATCTAACTCT-1",0
"ACTATCTAGAGGTTAT-1",0
"ACTATCTAGATACACA-1",1
"ACTATCTAGGAGTAGA-1",0
"ACTATCTAGGCATGTG-1",2
"ACTATCTCAAATACAG-1",0
"ACTATCTCAAATTGCC-1",1
"ACTATCTGTAGGGACT-1",0
"ACTATCTGTCGCGTGT-1",1
"ACTATCTGTGCACGAA-1",0
"ACTATCTGTGGTTTCA-1",0
"ACTATCTTCGCCGTGA-1",3
"ACTGAACAGAGTGAGA-1",4
"ACTGAACAGATCCCGC-1",1
"ACTGAACAGGTGATAT-1",3
"ACTGAACCAAAGCGGT-1",0
"ACTGAACCAAGCGAGT-1",1
"ACTGAACCAATTCCTT-1",2
"ACTGAACCAGCTGGCT-1",1
"ACTGAACCAGTCTTCC-1",2
"ACTGAACCATTACCTT-1",0
"ACTGAACGTAAGCACG-1",2
"ACTGAACGTAATCGTC-1",1
"ACTGAACGTCCAGTAT-1",3
"ACTGAACGTCTGATCA-1",2
"ACTGAACTCCCACTTG-1",2
"ACTGAGTAGCCGGTAA-1",0
"ACTGAGTCAGTGGGAT-1",0
"ACTGAGTCATTTGCCC-1",0
"ACTGAGTGTAGAGCTG-1",0
"ACTGAGTGTTGTGGCC-1",2
"ACTGAGTTCAGGTTCA-1",3
"ACTGATGAGACAGACC-1",1
"ACTGATGAGCGGATCA-1",1
"ACTGATGAGGTGCTTT-1",0
"ACTGATGCAGCAGTTT-1",1
"ACTGATGCATCACAAC-1",0
"ACTGATGGTCATGCAT-1",2
"ACTGATGTCACAATGC-1",1
"ACTGATGTCACTCCTG-1",0
"ACTGATGTCCCTGACT-1",0
"ACTGATGTCCGCTGTT-1",1
"ACTGATGTCCGGCACA-1",0
"ACTGATGTCCTATTCA-1",5
"ACTGCTCAGAGCTTCT-1",2
"ACTGCTCAGATGCCTT-1",1
"ACTGCTCCACACCGCA-1",0
"ACTGCTCCAGATGGGT-1",1
"ACTGCTCCATGCCTAA-1",0
"ACTGCTCGTAGGCATG-1",4
"ACTGCTCGTATCACCA-1",0
"ACTGCTCGTCCGAAGA-1",5
"ACTGCTCTCCGAGCCA-1",3
"ACTGTCCAGAGGGCTT-1",1
"ACTGTCCAGCAGCGTA-1",4
"ACTGTCCAGGCATGGT-1",2
"ACTGTCCCAAGGTTTC-1",0
"ACTGTCCCAAGTACCT-1",1
"ACTGTCCCAGTATCTG-1",0
"ACTGTCCCATAGAAAC-1",0
"ACTGTCCGTTGAGGTG-1",0
"ACTGTCCTCCACGTGG-1",0
"ACTGTCCTCCTTGGTC-1",1
"ACTGTCCTCTCTGTCG-1",0
"ACTTACTAGCGATAGC-1",3
"ACTTACTAGGGATGGG-1",4
"ACTTACTCACAGACAG-1",0
"ACTTACTCACATTTCT-1",1
"ACTTACTGTACTCAAC-1",0
"ACTTACTGTTCCACAA-1",1
"ACTTACTTCATCGGAT-1",1
"ACTTGTTAGACAAGCC-1",0
"ACTTGTTAGCTAGCCC-1",0
"ACTTGTTAGTTACCCA-1",0
"ACTTGTTCACGACGAA-1",3
"ACTTGTTCACGGCTAC-1",0
"ACTTGTTGTATCGCAT-1",2
"ACTTGTTGTGGTAACG-1",0
"ACTTGTTGTTGTGGAG-1",1
"ACTTGTTTCATCACCC-1",1
"ACTTTCACATGGTCAT-1",1
"ACTTTCAGTGACTACT-1",3
"ACTTTCATCGCCAGCA-1",0
"AGAATAGAGCTGAACG-1",1
"AGAATAGAGCTGTCTA-1",2
"AGAATAGAGGTAGCTG-1",1
"AGAATAGCATGGTCTA-1",5
"AGAATAGGTAATCGTC-1",0
"AGAATAGGTATTCTCT-1",3
"AGAATAGGTGCGGTAA-1",0
"AGAATAGGTTAAGAAC-1",3
"AGAATAGTCAGGCCCA-1",0
"AGACGTTAGAATGTGT-1",2
"AGACGTTAGCTCCTCT-1",0
"AGACGTTAGTGCCAGA-1",4
"AGACGTTCAGGATCGA-1",1
"AGACGTTGTAGCTGCC-1",0
"AGACGTTGTCTGCAAT-1",0
"AGACGTTGTTCTGTTT-1",0
"AGACGTTTCGCATGGC-1",1
"AGACGTTTCGCTTAGA-1",0
"AGAGCGACAACTTGAC-1",3
"AGAGCGACAAGTACCT-1",0
"AGAGCGACACAACGTT-1",0
"AGAGCGACATGAGCGA-1",2
"AGAGCGAGTCAGTGGA-1",0
"AGAGCGAGTCGACTGC-1",0
"AGAGCGAGTTGAGTTC-1",3
"AGAGCGATCGCGTAGC-1",0
"AGAGCGATCTATCCTA-1",3
"AGAGCGATCTCGCTTG-1",0
"AGAGCTTAGCCGTCGT-1",0
"AGAGCTTAGTACACCT-1",3
"AGAGCTTAGTCATGCT-1",1
"AGAGCTTGTAGAGCTG-1",1
"AGAGCTTGTATCACCA-1",0
"AGAGCTTTCACTATTC-1",5
"AGAGCTTTCCTGCAGG-1",2
"AGAGCTTTCGCAAACT-1",1
"AGAGCTTTCGCTTAGA-1",2
"AGAGTGGAGAGCCTAG-1",1
"AGAGTGGAGGCCCTTG-1",0
"AGAGTGGAGGTACTCT-1",1
"AGAGTGGCACAAGACG-1",3
"AGAGTGGCACCTCGTT-1",3
"AGAGTGGCATCCGGGT-1",1
"AGAGTGGCATCTGGTA-1",4
"AGAGTGGGTCAGCTAT-1",1
"AGAGTGGGTCCTCCAT-1",2
"AGAGTGGGTCTAGTCA-1",1
"AGAGTGGGTTACCGAT-1",1
"AGATCTGAGGTGGGTT-1",0
"AGATCTGAGTCAAGGC-1",0
"AGATCTGCAATGTTGC-1",1
"AGATCTGTCGAATCCA-1",1
"AGATCTGTCTGCAGTA-1",0
"AGATTGCAGGCTACGA-1",4
"AGATTGCCACGACGAA-1",2
"AGATTGCCAGATGGGT-1",3
"AGATTGCGTAGAGCTG-1",0
"AGATTGCGTGATGTCT-1",0
"AGATTGCGTGTTCGAT-1",2
"AGATTGCGTTCACGGC-1",0
"AGATTGCTCACTGGGC-1",3
"AGATTGCTCATCTGTT-1",1
"AGCAGCCAGCTGATAA-1",1
"AGCAGCCCACCGAAAG-1",1
"AGCAGCCGTCGACTGC-1",0
"AGCAGCCGTCGCTTTC-1",1
"AGCAGCCGTCTAACGT-1",2
"AGCAGCCGTGTGAAAT-1",2
"AGCAGCCGTTTGTTGG-1",2
"AGCAGCCTCCAAACAC-1",2
"AGCATACAGTGGTAGC-1",0
"AGCATACAGTTGTCGT-1",8
"AGCATACGTCTTCTCG-1",0
"AGCATACGTTAAGTAG-1",1
"AGCATACTCCGTTGCT-1",1
"AGCCTAAAGATATGGT-1",2
"AGCCTAACAAAGCGGT-1",2
"AGCCTAACAGATAATG-1",0
"AGCCTAAGTACGAAAT-1",2
"AGCCTAAGTCACCTAA-1",0
"AGCCTAAGTGTGCCTG-1",0
"AGCCTAATCACCCGAG-1",3
"AGCCTAATCCAATGGT-1",0
"AGCCTAATCCTTGGTC-1",1
"AGCCTAATCTGTGCAA-1",0
"AGCCTAATCTGTTTGT-1",2
"AGCGGTCAGCGAAGGG-1",2
"AGCGGTCAGGTACTCT-1",0
"AGCGGTCAGTGACTCT-1",1
"AGCGGTCCAGCCTTGG-1",2
"AGCGGTCGTCCTAGCG-1",1
"AGCGGTCGTGGTGTAG-1",1
"AGCGGTCGTTAAGGGC-1",1
"AGCGGTCGTTTGCATG-1",1
"AGCGGTCTCCGAAGAG-1",1
"AGCGGTCTCCTCAATT-1",1
"AGCGGTCTCTGGGCCA-1",0
"AGCGTATAGAACTGTA-1",0
"AGCGTATAGCGATGAC-1",1
"AGCGTATAGGTACTCT-1",0
"AGCGTATGTTGAGGTG-1",1
"AGCGTATTCCAGAGGA-1",0
"AGCGTCGAGTTGAGTA-1",2
"AGCGTCGCAGGGATTG-1",0
"AGCGTCGTCTGAAAGA-1",4
"AGCTCCTAGACCTAGG-1",0
"AGCTCCTAGCGTTTAC-1",1
"AGCTCCTGTGTTTGTG-1",1
"AGCTCCTGTTGTCTTT-1",2
"AGCTCCTTCCGAATGT-1",0
"AGCTCCTTCTTGACGA-1",1
"AGCTCTCAGCGGATCA-1",1
"AGCTCTCAGCTGTTCA-1",0
"AGCTCTCAGGTGCTAG-1",0
"AGCTCTCCATACAGCT-1",4
"AGCTCTCGTCAGAGGT-1",3
"AGCTCTCGTGGGTCAA-1",2
"AGCTCTCTCACAACGT-1",0
"AGCTCTCTCTTGACGA-1",1
"AGCTTGAAGCATCATC-1",0
"AGCTTGAAGTAGCGGT-1",3
"AGCTTGAAGTTGTCGT-1",0
"AGCTTGACAATCCAAC-1",0
"AGCTTGACACCGATAT-1",4
"AGCTTGAGTCTACCTC-1",0
"AGCTTGAGTGCGCTTG-1",2
"AGCTTGAGTTACGCGC-1",0
"AGCTTGATCCTGCCAT-1",2
"AGCTTGATCTGCAAGT-1",0
"AGGCCACAGAGTAAGG-1",3
"AGGCCACAGGGTCTCC-1",0
"AGGCCACAGTACTTGC-1",0
"AGGCCACCAGGACCCT-1",0
"AGGCCACCATCAGTCA-1",0
"AGGCCACTCATGCTCC-1",4
"AGGCCACTCATGGTCA-1",2
"AGGCCACTCATTGCGA-1",1
"AGGCCGTAGGATCGCA-1",4
"AGGCCGTCACGTAAGG-1",0
"AGGCCGTCAGCTCGAC-1",2
"AGGCCGTCATCGTCGG-1",5
"AGGCCGTTCACGGTTA-1",0
"AGGCCGTTCGAACTGT-1",2
"AGGCCGTTCTCAAGTG-1",1
"AGGCCGTTCTGCTTGC-1",3
"AGGGAGTAGCCCAACC-1",1
"AGGGAGTAGGAGTACC-1",0
"AGGGAGTAGGCAGGTT-1",1
"AGGGAGTCACGAGAGT-1",0
"AGGGAGTCAGAAGCAC-1",1
"AGGGAGTCAGATCCAT-1",6
"AGGGAGTCATCGACGC-1",0
"AGGGAGTCATGCTAGT-1",1
"AGGGAGTGTCCATGAT-1",3
"AGGGAGTTCATAACCG-1",0
"AGGGATGAGCTCTCGG-1",6
"AGGGATGAGGAGTAGA-1",0
"AGGGATGAGTAGCGGT-1",0
"AGGGATGCAATGAATG-1",0
"AGGGATGCAATGGAGC-1",1
"AGGGATGCACAAGACG-1",1
"AGGGATGCACATTTCT-1",0
"AGGGATGCATGGTCTA-1",1
"AGGGATGGTTAAAGTG-1",2
"AGGGATGGTTATGCGT-1",0
"AGGGATGTCGTGACAT-1",0
"AGGGTGAAGATGGCGT-1",3
"AGGGTGAAGATGGGTC-1",1
"AGGGTGAAGGCTCAGA-1",0
"AGGGTGACACGAGAGT-1",0
"AGGGTGACAGATGGCA-1",6
"AGGGTGACAGATTGCT-1",2
"AGGGTGAGTACTCTCC-1",1
"AGGGTGAGTTATCGGT-1",2
"AGGGTGAGTTCTGAAC-1",0
"AGGGTGATCTCGCTTG-1",0
"AGGTCATAGAGCCCAA-1",0
"AGGTCATAGCCAGAAC-1",3
"AGGTCATAGGCATGGT-1",0
"AGGTCATAGGGAGTAA-1",3
"AGGTCATCACTCAGGC-1",2
"AGGTCATCACTCTGTC-1",0
"AGGTCATGTTCCACTC-1",0
"AGGTCATTCTCGTTTA-1",0
"AGGTCCGAGGATGCGT-1",1
"AGGTCCGCAACACGCC-1",0
"AGGTCCGGTGATGCCC-1",0
"AGGTCCGTCCATGAAC-1",0
"AGGTCCGTCGCCCTTA-1",2
"AGGTCCGTCTGCGTAA-1",1
"AGTAGTCAGACTGTAA-1",2
"AGTAGTCAGTACGACG-1",0
"AGTAGTCAGTTTAGGA-1",3
"AGTAGTCCAACTGGCC-1",1
"AGTAGTCGTGCAGACA-1",0
"AGTAGTCTCACCCGAG-1",2
"AGTCTTTAGGCAGTCA-1",2
"AGTCTTTCAAATCCGT-1",1
"AGTCTTTCATATACCG-1",0
"AGTCTTTGTGCTTCTC-1",2
"AGTCTTTGTGTCCTCT-1",1
"AGTCTTTGTTTGTTTC-1",0
"AGTCTTTTCGCAGGCT-1",5
"AGTCTTTTCGCGTAGC-1",1
"AGTCTTTTCGCTAGCG-1",0
"AGTCTTTTCGCTTGTC-1",2
"AGTCTTTTCTGACCTC-1",2
"AGTGAGGAGATAGCAT-1",0
"AGTGAGGCAGGTGCCT-1",1
"AGTGAGGGTATGAAAC-1",3
"AGTGAGGGTCACTTCC-1",1
"AGTGAGGGTCGCGAAA-1",2
"AGTGAGGGTTATGTGC-1",0
"AGTGAGGTCTACTATC-1",1
"AGTGGGAAGCAGACTG-1",3
"AGTGGGACAAACGCGA-1",1
"AGTGGGACAAGCCGTC-1",1
"AGTGGGACACAGGAGT-1",2
"AGTGGGACACGAGAGT-1",0
"AGTGGGATCATCGATG-1",0
"AGTGGGATCCACGAAT-1",0
"AGTGGGATCCTGCAGG-1",0
"AGTGTCAAGAAGCCCA-1",2
"AGTGTCAAGCTAGTCT-1",0
"AGTGTCAAGTACGACG-1",4
"AGTGTCAAGTGAACAT-1",2
"AGTGTCACACCATCCT-1",2
"AGTGTCACAGTAAGCG-1",0
"AGTGTCACAGTGGAGT-1",2
"AGTGTCAGTAAACCTC-1",0
"AGTGTCAGTACAGCAG-1",2
"AGTGTCAGTCTCCACT-1",0
"AGTGTCAGTTTGACTG-1",4
"AGTGTCATCAAAGTAG-1",4
"AGTGTCATCCGTCAAA-1",1
"AGTGTCATCGTTACAG-1",2
"AGTGTCATCTGTCAAG-1",0
"AGTTGGTAGACTGTAA-1",0
"AGTTGGTAGTACGCGA-1",0
"AGTTGGTCAAATTGCC-1",0
"AGTTGGTCAGGAATGC-1",2
"AGTTGGTCATGCGCAC-1",0
"AGTTGGTGTACCGTAT-1",0
"AGTTGGTGTATGCTTG-1",7
"AGTTGGTGTCAGGACA-1",4
"AGTTGGTGTTCAGACT-1",2
"AGTTGGTTCAGTACGT-1",2
"AGTTGGTTCCTCAACC-1",1
"AGTTGGTTCGTACCGG-1",0
"AGTTGGTTCTGTCCGT-1",2
"ATAACGCAGTTGAGTA-1",5
"ATAACGCCACGTGAGA-1",0
"ATAACGCGTGAACCTT-1",0
"ATAACGCGTGTCCTCT-1",1
"ATAACGCGTGTGAAAT-1",0
"ATAACGCTCTCCGGTT-1",3
"ATAAGAGAGTCCGGTC-1",2
"ATAAGAGCAACTGCGC-1",0
"ATAAGAGCAGTATCTG-1",1
"ATAAGAGGTGACGCCT-1",0
"ATAAGAGGTTAAAGTG-1",1
"ATAAGAGTCAGCACAT-1",0
"ATAAGAGTCAGTGCAT-1",2
"ATAGACCAGAGAGCTC-1",3
"ATAGACCAGCCCAATT-1",0
"ATAGACCCAAGCCATT-1",0
"ATAGACCCATCTGGTA-1",0
"ATAGACCGTATATGGA-1",2
"ATAGACCGTGGACGAT-1",2
"ATAGACCGTGGCGAAT-1",0
"ATAGACCGTTTCGCTC-1",0
"ATCACGAAGAACTCGG-1",1
"ATCACGAAGACACGAC-1",1
"ATCACGAAGTTACCCA-1",3
"ATCACGACAAGACACG-1",3
"ATCACGACAAGCGTAG-1",0
"ATCACGACACACATGT-1",0
"ATCACGACACCACCAG-1",1
"ATCACGACACGGTAAG-1",1
"ATCACGACAGCGAACA-1",0
"ATCACGATCCCGACTT-1",2
"ATCACGATCGGTGTCG-1",1
"ATCATCTAGCCTATGT-1",0
"ATCATCTAGGCCATAG-1",0
"ATCATCTAGTACTTGC-1",3
"ATCATCTCAGACGCCT-1",6
"ATCATCTCATCCGTGG-1",1
"ATCATCTGTATTACCG-1",1
"ATCATCTGTCACTTCC-1",2
"ATCATCTTCAGCGACC-1",1
"ATCATCTTCCTCAACC-1",2
"ATCATGGCAAGCGTAG-1",2
"ATCATGGCAAGGTTCT-1",0
"ATCATGGCACTACAGT-1",1
"ATCATGGGTAAGGGAA-1",3
"ATCATGGGTTGTGGCC-1",1
"ATCATGGTCAATAAGG-1",1
"ATCATGGTCCAATGGT-1",2
"ATCATGGTCGCCATAA-1",0
"ATCATGGTCGGTTAAC-1",1
"ATCCACCAGCTAGTCT-1",1
"ATCCACCAGGCTCTTA-1",1
"ATCCACCCAAACGTGG-1",0
"ATCCACCCAGTTAACC-1",3
"ATCCACCGTCCGAAGA-1",0
"ATCCACCGTTTGTTTC-1",2
"ATCCACCTCCTGCTTG-1",0
"ATCCACCTCCTTAATC-1",0
"ATCCACCTCTGGTATG-1",0
"ATCCGAAAGCGATGAC-1",0
"ATCCGAAAGCTAGGCA-1",0
"ATCCGAACAAACGTGG-1",2
"ATCCGAACAACAACCT-1",1
"ATCCGAACAAGGACTG-1",2
"ATCCGAACACCCATTC-1",2
"ATCCGAACACGGTAGA-1",1
"ATCCGAAGTAGCGCTC-1",3
"ATCCGAAGTCATTAGC-1",2
"ATCCGAAGTCTCTTAT-1",1
"ATCCGAATCCAACCAA-1",1
"ATCCGAATCCTTGACC-1",4
"ATCCGAATCTTGTCAT-1",6
"ATCGAGTAGACTTTCG-1",5
"ATCGAGTCATCCGGGT-1",0
"ATCGAGTGTCCCTTGT-1",0
"ATCGAGTGTCTCCCTA-1",1
"ATCGAGTTCATGCATG-1",1
"ATCGAGTTCCTGCCAT-1",1
"ATCTACTAGGTGTGGT-1",2
"ATCTACTCAGCTGTAT-1",1
"ATCTACTCAGTACACT-1",3
"ATCTACTCATGACATC-1",0
"ATCTACTGTAAGTAGT-1",1
"ATCTACTGTGTCGCTG-1",0
"ATCTACTTCCGCGTTT-1",2
"ATCTACTTCGCAAGCC-1",0
"ATCTACTTCTATCGCC-1",0
"ATCTACTTCTCTAAGG-1",3
"ATCTGCCAGGCTCAGA-1",4
"ATCTGCCGTACAGTTC-1",0
"ATCTGCCGTTGTGGAG-1",4
"ATCTGCCTCAGAGACG-1",3
"ATCTGCCTCAGCTGGC-1",0
"ATCTGCCTCGTACGGC-1",0
"ATCTGCCTCTCGAGTA-1",1
"ATCTGCCTCTGAGTGT-1",1
"ATCTGCCTCTTGTATC-1",1
"ATGAGGGAGGTCGGAT-1",1
"ATGAGGGCATGACGGA-1",2
"ATGAGGGCATTAGGCT-1",6
"ATGAGGGTCACATGCA-1",3
"ATGAGGGTCAGTCCCT-1",3
"ATGCGATAGTCAATAG-1",1
"ATGCGATCATGTTGAC-1",0
"ATGCGATGTGCAGTAG-1",0
"ATGCGATGTGCATCTA-1",2
"ATGCGATTCCCAAGAT-1",0
"ATGCGATTCGCCATAA-1",2
"ATGGGAGAGCAATATG-1",1
"ATGGGAGAGCCACGCT-1",1
"ATGGGAGAGGTGATAT-1",2
"ATGGGAGCACCAGGTC-1",2
"ATGGGAGCACTATCTT-1",2
"ATGGGAGCAGCATACT-1",1
"ATGGGAGCATAGAAAC-1",1
"ATGGGAGCATTACCTT-1",4
"ATGGGAGTCAAGGTAA-1",4
"ATGTGTGAGCGAAGGG-1",0
"ATGTGTGAGGGTTTCT-1",2
"ATGTGTGAGTTGAGTA-1",0
"ATGTGTGCACGGCGTT-1",2
"ATGTGTGCACGGTTTA-1",2
"ATGTGTGCAGTATAAG-1",2
"ATGTGTGTCACGCGGT-1",3
"ATTACTCAGATGTGTA-1",0
"ATTACTCAGCGTAATA-1",1
"ATTACTCAGGTGCACA-1",0
"ATTACTCAGTGAAGTT-1",0
"ATTACTCCAAACTGTC-1",3
"ATTACTCCACCATCCT-1",3
"ATTACTCCAGACTCGC-1",0
"ATTACTCCATATGCTG-1",0
"ATTACTCCATCGGTTA-1",1
"ATTACTCCATTGCGGC-1",0
"ATTACTCGTTAAAGAC-1",1
"ATTACTCTCCGAACGC-1",0
"ATTATCCAGAGTACCG-1",2
"ATTATCCAGCTTATCG-1",1
"ATTATCCCACAAGCCC-1",3
"ATTATCCCATATGAGA-1",1
"ATTATCCCATCTGGTA-1",2
"ATTATCCGTCGTTGTA-1",4
"ATTATCCGTCTCTCTG-1",0
"ATTATCCTCAACGGGA-1",0
"ATTATCCTCCGCGCAA-1",3
"ATTATCCTCTCCGGTT-1",5
"ATTCTACGTCACTTCC-1",1
"ATTCTACGTCTAGTCA-1",3
"ATTCTACGTTGTCGCG-1",3
"ATTGGACAGCAGATCG-1",3
"ATTGGACAGGGCATGT-1",0
"ATTGGACAGTGGACGT-1",0
"ATTGGACCAAGACACG-1",1
"ATTGGACGTAATAGCA-1",7
"ATTGGACTCCTGCTTG-1",2
"ATTGGACTCGGCGCAT-1",1
"ATTGGACTCGTTTGCC-1",2
"ATTGGTGAGAATGTTG-1",1
"ATTGGTGCAAGCTGAG-1",6
"ATTGGTGCAGCAGTTT-1",0
"ATTGGTGGTATGGTTC-1",1
"ATTGGTGGTTGAGTTC-1",0
"ATTGGTGTCAAAGTAG-1",1
"ATTGGTGTCGGAAACG-1",0
"ATTTCTGAGGGATACC-1",0
"ATTTCTGAGGGATCTG-1",2
"ATTTCTGAGGTGTTAA-1",3
"ATTTCTGAGTCGAGTG-1",0
"ATTTCTGAGTTCGCAT-1",3
"ATTTCTGCAAGGTGTG-1",0
"ATTTCTGGTAGCTCCG-1",2
"ATTTCTGGTGCACGAA-1",0
"ATTTCTGGTTGCCTCT-1",2
"ATTTCTGTCAAAGTAG-1",0
"ATTTCTGTCAGCTCGG-1",0
"ATTTCTGTCTTGGGTA-1",2
"CAACCAAAGAAACGCC-1",1
"CAACCAAAGAGGGCTT-1",1
"CAACCAAAGCTGAAAT-1",1
"CAACCAAAGGACAGCT-1",1
"CAACCAAAGGGAGTAA-1",0
"CAACCAACATACGCTA-1",1
"CAACCTCAGTAATCCC-1",1
"CAACCTCCAGACGCAA-1",0
"CAACCTCGTGAGTGAC-1",2
"CAACCTCGTTCCACGG-1",3
"CAACCTCTCATACGGT-1",2
"CAACCTCTCCGATATG-1",0
"CAACCTCTCCTTTACA-1",2
"CAACCTCTCTCTAGGA-1",0
"CAACTAGAGAATAGGG-1",0
"CAACTAGAGGATGCGT-1",1
"CAACTAGCACCATCCT-1",4
"CAACTAGCAGACTCGC-1",1
"CAACTAGCAGTTCATG-1",2
"CAACTAGGTACGCACC-1",0
"CAACTAGTCAGGCCCA-1",1
"CAAGAAAAGAAGGACA-1",1
"CAAGAAAAGACGCACA-1",1
"CAAGAAAAGGCCCTTG-1",1
"CAAGAAAAGGTGATAT-1",0
"CAAGAAAAGTCGATAA-1",0
"CAAGAAAAGTGGAGTC-1",2
"CAAGAAAAGTGTACCT-1",0
"CAAGAAACACGGTGTC-1",1
"CAAGAAATCTGCTTGC-1",0
"CAAGATCAGCTGAAAT-1",1
"CAAGATCGTAAGAGGA-1",3
"CAAGATCGTGCCTTGG-1",1
"CAAGATCTCAACACCA-1",1
"CAAGATCTCTCGATGA-1",0
"CAAGGCCAGGAGTCTG-1",2
"CAAGGCCAGGCTATCT-1",1
"CAAGGCCCACGGTAAG-1",1
"CAAGGCCCATGTTCCC-1",2
"CAAGGCCGTCCGTCAG-1",1
"CAAGGCCTCAACGGGA-1",1
"CAAGGCCTCCTTGACC-1",0
"CAAGGCCTCGTGACAT-1",2
"CAAGTTGAGACAGGCT-1",0
"CAAGTTGAGATGTCGG-1",3
"CAAGTTGAGCGTCAAG-1",0
"CAAGTTGAGCGTTTAC-1",1
"CAAGTTGCACATTAGC-1",3
"CAAGTTGCACGCTTTC-1",1
"CAAGTTGCACGGTGTC-1",1
"CAAGTTGCATTCTTAC-1",3
"CAAGTTGGTACTCAAC-1",0
"CAAGTTGGTCAGGACA-1",0
"CAAGTTGGTCGGCACT-1",1
"CAAGTTGTCAACGAAA-1",0
"CAAGTTGTCACCACCT-1",0
"CAAGTTGTCATTGCCC-1",1
"CAAGTTGTCGAATCCA-1",0
"CAAGTTGTCTACTTAC-1",1
"CACAAACAGGGCTCTC-1",0
"CACAAACAGGGCTTGA-1",1
"CACAAACAGTGACATA-1",1
"CACAAACCAACTGCGC-1",0
"CACAAACCAATAAGCA-1",4
"CACAAACCAATCAGAA-1",0
"CACAAACCACTTAACG-1",2
"CACAAACCATGAACCT-1",1
"CACAAACCATGGTCAT-1",2
"CACAAACGTCAACTGT-1",2
"CACAAACGTCAGAATA-1",2
"CACAAACTCTTCGGTC-1",0
"CACAAACTCTTGGGTA-1",0
"CACACAAAGCGACGTA-1",3
"CACACAAAGGGAGTAA-1",6
"CACACAACAAACGTGG-1",2
"CACACAACACATGACT-1",2
"CACACAACATCGATTG-1",0
"CACACAACATTGGGCC-1",1
"CACACAAGTACGACCC-1",3
"CACACAAGTCAGTGGA-1",1
"CACACAAGTCATCGGC-1",2
"CACACAAGTTTACTCT-1",0
"CACACAATCCACGTGG-1",2
"CACACAATCCACGTTC-1",4
"CACACAATCGGCGCAT-1",1
"CACACCTAGAGACTAT-1",3
"CACACCTAGGACATTA-1",0
"CACACCTAGTCATCCA-1",0
"CACACCTAGTGTGAAT-1",2
"CACACCTCACTGAAGG-1",1
"CACACCTCATAGGATA-1",1
"CACACCTCATAGTAAG-1",3
"CACACCTCATTGGGCC-1",0
"CACACCTGTACAGCAG-1",1
"CACACCTGTACCGCTG-1",3
"CACACCTGTCCAAGTT-1",2
"CACACCTGTGGACGAT-1",2
"CACACCTGTGGTCTCG-1",1
"CACACCTTCATGTCTT-1",2
"CACACCTTCTGGCGAC-1",1
"CACACTCAGGGAAACA-1",1
"CACACTCCAACACCTA-1",1
"CACACTCCAAGGGTCA-1",3
"CACACTCGTGACGCCT-1",1
"CACACTCGTTTGTGTG-1",3
"CACAGGCAGCCATCGC-1",5
"CACAGGCAGGGATGGG-1",0
"CACAGGCCAAGAGTCG-1",2
"CACAGGCCAATGGAGC-1",0
"CACAGGCGTCTAGGTT-1",3
"CACAGGCGTTACGCGC-1",0
"CACAGGCTCGGGAGTA-1",1
"CACAGGCTCTATGTGG-1",1
"CACAGTAAGACGCAAC-1",2
"CACAGTAAGACGCACA-1",4
"CACAGTAAGTGGGCTA-1",0
"CACAGTACAACTGGCC-1",1
"CACAGTACATCGGACC-1",0
"CACAGTAGTTCCATGA-1",1
"CACATAGAGCCCAATT-1",1
"CACATAGAGTGTACTC-1",1
"CACATAGCACTTCTGC-1",4
"CACATAGCAGGGTATG-1",2
"CACATAGTCCTTGCCA-1",1
"CACATAGTCGGCGCAT-1",3
"CACATTTAGCAGATCG-1",0
"CACATTTAGGGCACTA-1",1
"CACATTTCACGGCGTT-1",2
"CACATTTCATTACCTT-1",2
"CACATTTGTCGAACAG-1",0
"CACATTTGTGTTGAGG-1",0
"CACATTTTCCAGAGGA-1",0
"CACATTTTCCGCATCT-1",3
"CACATTTTCTACTATC-1",3
"CACATTTTCTGTGCAA-1",0
"CACCACTAGCCACGTC-1",2
"CACCACTAGTGGTAAT-1",0
"CACCACTAGTTACCCA-1",1
"CACCACTCAAGCCCAC-1",0
"CACCACTCAGTTCATG-1",2
"CACCACTGTTATTCTC-1",2
"CACCACTTCACCGGGT-1",1
"CACCACTTCGAATCCA-1",1
"CACCACTTCGACCAGC-1",2
"CACCACTTCTAACCGA-1",4
"CACCACTTCTTTAGTC-1",1
"CACCAGGCACATTAGC-1",1
"CACCAGGCACTGCCAG-1",1
"CACCAGGCATAAAGGT-1",1
"CACCAGGCATGAACCT-1",1
"CACCAGGGTGAAATCA-1",4
"CACCAGGGTGTTTGGT-1",1
"CACCAGGGTTATCACG-1",3
"CACCAGGTCATGTAGC-1",0
"CACCAGGTCTGCTTGC-1",1
"CACCTTGAGACTTGAA-1",0
"CACCTTGAGTCAATAG-1",1
"CACCTTGCACTAGTAC-1",0
"CACCTTGCAGGCGATA-1",0
"CACCTTGCATTCCTGC-1",0
"CACCTTGGTCATTAGC-1",0
"CACCTTGGTGATGTCT-1",2
"CACCTTGGTGTGAAAT-1",1
"CACCTTGGTTATGTGC-1",1
"CACCTTGTCAACCATG-1",1
"CACCTTGTCATTATCC-1",0
"CACCTTGTCCAAAGTC-1",2
"CACCTTGTCTCACATT-1",2
"CACTCCAAGACAAGCC-1",0
"CACTCCAAGGTACTCT-1",2
"CACTCCACAATGGACG-1",0
"CACTCCAGTACATGTC-1",1
"CACTCCAGTTGTCGCG-1",0
"CACTCCATCAACACAC-1",4
"CACTCCATCCCAGGTG-1",1
"CAGAATCAGAAACCTA-1",2
"CAGAATCAGCCAACAG-1",1
"CAGAATCAGCTGGAAC-1",2
"CAGAATCAGGACTGGT-1",1
"CAGAATCAGTATCGAA-1",1
"CAGAATCCACAGAGGT-1",0
"CAGAATCCAGGGTACA-1",1
"CAGAATCGTAAGTGTA-1",3
"CAGAATCGTAATCACC-1",1
"CAGAATCTCAGTTTGG-1",0
"CAGAATCTCGCAAGCC-1",1
"CAGAATCTCGGTCCGA-1",3
"CAGAATCTCTTGCAAG-1",3
"CAGAATCTCTTGTACT-1",2
"CAGAGAGAGAATTGTG-1",1
"CAGAGAGAGCAATATG-1",3
"CAGAGAGCAAGAAGAG-1",1
"CAGAGAGCACCAGATT-1",0
"CAGAGAGGTAATCACC-1",3
"CAGAGAGGTAGCTGCC-1",1
"CAGAGAGGTAGGACAC-1",0
"CAGAGAGGTATAGGGC-1",2
"CAGAGAGGTCCGAATT-1",2
"CAGAGAGGTTGAGGTG-1",4
"CAGAGAGTCACCCGAG-1",1
"CAGAGAGTCATAACCG-1",0
"CAGAGAGTCCGAACGC-1",0
"CAGAGAGTCTGGTATG-1",2
"CAGATCAAGAGACGAA-1",1
"CAGATCAAGCACCGTC-1",0
"CAGATCAAGCTTCGCG-1",2
"CAGATCAAGGATTCGG-1",1
"CAGATCAAGTGTACCT-1",1
"CAGATCAAGTTTAGGA-1",0
"CAGATCACAATAACGA-1",1
"CAGATCACACACCGAC-1",4
"CAGATCACACGGTAAG-1",1
"CAGATCACACTCTGTC-1",4
"CAGATCACAGCATACT-1",3
"CAGATCACAGTGGGAT-1",1
"CAGATCAGTACCAGTT-1",0
"CAGATCAGTGCGGTAA-1",1
"CAGATCATCTGATACG-1",0
"CAGATCATCTGATTCT-1",0
"CAGCAGCAGATGCCAG-1",0
"CAGCAGCAGGGAACGG-1",0
"CAGCAGCCACCTATCC-1",2
"CAGCAGCCATCACAAC-1",1
"CAGCAGCGTGCTAGCC-1",3
"CAGCAGCTCAACACTG-1",1
"CAGCAGCTCGAACTGT-1",1
"CAGCAGCTCGCCGTGA-1",1
"CAGCATAAGAGACGAA-1",3
"CAGCATAGTCTAGGTT-1",0
"CAGCATAGTTTACTCT-1",2
"CAGCATATCACGAAGG-1",3
"CAGCATATCAGGCAAG-1",0
"CAGCATATCCTTAATC-1",0
"CAGCCGAAGCATCATC-1",0
"CAGCCGAAGTTTCCTT-1",2
"CAGCCGACACGTGAGA-1",0
"CAGCCGACATCAGTCA-1",1
"CAGCCGAGTGATGTCT-1",2
"CAGCCGATCACCAGGC-1",1
"CAGCCGATCCTCAATT-1",0
"CAGCGACAGAAACGCC-1",1
"CAGCGACAGCGTCAAG-1",1
"CAGCGACCAAACGTGG-1",1
"CAGCGACCAAAGCGGT-1",1
"CAGCGACCACGTCAGC-1",0
"CAGCGACCATGGGACA-1",3
"CAGCGACGTCTGATTG-1",0
"CAGCGACGTGGACGAT-1",0
"CAGCGACGTGGTTTCA-1",2
"CAGCGACGTTCGGCAC-1",2
"CAGCGACTCCGCAAGC-1",0
"CAGCGACTCTGGGCCA-1",2
"CAGCTAAAGATGTGTA-1",3
"CAGCTAAAGCAGACTG-1",1
"CAGCTAAAGCTGTTCA-1",0
"CAGCTAAAGGAGCGTT-1",1
"CAGCTAACACAGATTC-1",1
"CAGCTAACATCAGTAC-1",2
"CAGCTAAGTAATCGTC-1",1
"CAGCTAAGTCTCACCT-1",1
"CAGCTAAGTTCGTCTC-1",0
"CAGCTAATCCACGCAG-1",2
"CAGCTAATCCCTAACC-1",0
"CAGCTAATCTGGTTCC-1",0
"CAGCTAATCTTAGCCC-1",0
"CAGCTAATCTTCGGTC-1",3
"CAGCTGGAGACACTAA-1",0
"CAGCTGGAGATCCTGT-1",2
"CAGCTGGCACCAACCG-1",2
"CAGCTGGCAGTGGAGT-1",2
"CAGCTGGCATGCATGT-1",2
"CAGCTGGTCTACCTGC-1",4
"CAGGTGCAGAGACGAA-1",1
"CAGGTGCAGATCCTGT-1",0
"CAGGTGCAGGCATGTG-1",1
"CAGGTGCCAGGAACGT-1",4
"CAGGTGCCATAGTAAG-1",2
"CAGGTGCCATCGGAAG-1",5
"CAGGTGCTCAGTTGAC-1",2
"CAGGTGCTCCAAGTAC-1",0
"CAGGTGCTCTTGTATC-1",1
"CAGTAACAGATATGGT-1",1
"CAGTAACAGATGGCGT-1",0
"CAGTAACCAATCACAC-1",0
"CAGTAACCACTCGACG-1",1
"CAGTAACGTGATAAGT-1",1
"CAGTAACGTGCACCAC-1",0
"CAGTAACTCAGAGGTG-1",4
"CAGTAACTCGTACGGC-1",0
"CAGTAACTCGTGACAT-1",0
"CAGTAACTCTGCCAGG-1",4
"CAGTCCTAGAATCTCC-1",1
"CAGTCCTAGATCTGCT-1",2
"CAGTCCTCAGTATAAG-1",0
"CAGTCCTTCAACACGT-1",2
"CAGTCCTTCCATGAGT-1",1
"CAGTCCTTCCCGACTT-1",3
"CAGTCCTTCCCTTGTG-1",2
"CAGTCCTTCGAACGGA-1",0
"CAGTCCTTCGGTTCGG-1",4
"CAGTCCTTCTACTTAC-1",1
"CATATGGAGAGATGAG-1",2
"CATATGGAGGCATGGT-1",1
"CATATGGAGTATTGGA-1",0
"CATATGGCAAGCGTAG-1",2
"CATATGGGTCGCATAT-1",0
"CATATGGTCATTATCC-1",0
"CATATGGTCATTGCGA-1",2
"CATATTCAGGCGACAT-1",4
"CATATTCCACCACCAG-1",2
"CATATTCGTGACTACT-1",0
"CATATTCGTGGTACAG-1",0
"CATATTCGTGTGACGA-1",0
"CATATTCTCACAGGCC-1",3
"CATATTCTCGCAAACT-1",0
"CATCAAGAGAACTCGG-1",2
"CATCAAGAGATGGCGT-1",0
"CATCAAGAGCCGCCTA-1",3
"CATCAAGCACGAAACG-1",3
"CATCAAGCAGCCTTTC-1",0
"CATCAAGCATGGAATA-1",2
"CATCAAGGTTACTGAC-1",0
"CATCAAGGTTCCATGA-1",0
"CATCAAGTCTAAGCCA-1",0
"CATCAAGTCTGACCTC-1",0
"CATCAGAAGCTAGTCT-1",2
"CATCAGACAAGCCATT-1",2
"CATCAGACAATGACCT-1",1
"CATCAGACACGGCCAT-1",3
"CATCAGACAGACAGGT-1",1
"CATCAGACATAACCTG-1",1
"CATCAGAGTAATTGGA-1",2
"CATCAGAGTACATGTC-1",0
"CATCAGAGTGTTAAGA-1",1
"CATCAGAGTTCAACCA-1",1
"CATCAGATCGTTGACA-1",3
"CATCCACGTAAAGTCA-1",0
"CATCCACGTACCGTAT-1",1
"CATCCACGTGCCTGTG-1",0
"CATCCACGTTTAAGCC-1",3
"CATCGAAAGAGTACAT-1",0
"CATCGAAAGCTGTCTA-1",2
"CATCGAACAAGAGGCT-1",6
"CATCGAACAAGCTGAG-1",1
"CATCGAACACATTTCT-1",4
"CATCGAACATAAAGGT-1",0
"CATCGAAGTAGTACCT-1",1
"CATCGAAGTCCGACGT-1",0
"CATCGAAGTGCACTTA-1",1
"CATCGAATCAAACCAC-1",1
"CATCGAATCCGCGGTA-1",0
"CATCGAATCCGTAGTA-1",3
"CATCGGGAGAAGCCCA-1",1
"CATCGGGAGCGAGAAA-1",4
"CATCGGGAGGGTGTGT-1",3
"CATCGGGAGGTGTTAA-1",2
"CATCGGGAGTGACTCT-1",2
"CATCGGGCACTCAGGC-1",1
"CATCGGGCAGACGCTC-1",0
"CATCGGGCATCACAAC-1",2
"CATCGGGGTCCTCTTG-1",3
"CATCGGGGTGAGGGAG-1",1
"CATCGGGGTTCGAATC-1",0
"CATCGGGTCAGGATCT-1",0
"CATCGGGTCCACGAAT-1",0
"CATCGGGTCGATGAGG-1",1
"CATGACAAGACCACGA-1",2
"CATGACAAGCTCCTCT-1",0
"CATGACAAGTAACCCT-1",1
"CATGACAAGTATCTCG-1",0
"CATGACAGTCGTCTTC-1",3
"CATGACAGTGAACCTT-1",0
"CATGACATCAATAAGG-1",4
"CATGACATCTAACTGG-1",0
"CATGCCTAGACCTAGG-1",4
"CATGCCTAGAGTCTGG-1",1
"CATGCCTCACCACCAG-1",0
"CATGCCTGTCAAAGCG-1",2
"CATGCCTGTCGATTGT-1",1
"CATGCCTTCCACGACG-1",0
"CATGCCTTCCTCATTA-1",3
"CATGCCTTCGCATGAT-1",2
"CATGGCGAGAGCTGGT-1",0
"CATGGCGAGTACGACG-1",1
"CATGGCGTCCAAAGTC-1",2
"CATGGCGTCCCTTGTG-1",2
"CATGGCGTCGGCCGAT-1",1
"CATGGCGTCTCAAACG-1",0
"CATGGCGTCTGCCCTA-1",0
"CATTATCAGACCCACC-1",3
"CATTATCAGTCCCACG-1",0
"CATTATCCAAGTCTGT-1",1
"CATTATCCAGGGCATA-1",0
"CATTATCGTCAATGTC-1",1
"CATTATCTCACAAACC-1",0
"CATTATCTCAGATAAG-1",5
"CATTATCTCGCGTTTC-1",1
"CATTATCTCGTTGCCT-1",1
"CATTATCTCTATCCCG-1",4
"CATTATCTCTTAACCT-1",4
"CATTCGCAGGTGCTAG-1",0
"CATTCGCCAAGGGTCA-1",0
"CATTCGCCAGCCTATA-1",0
"CATTCGCCATACAGCT-1",1
"CATTCGCCATGGATGG-1",2
"CATTCGCCATGTCTCC-1",2
"CATTCGCCATTCACTT-1",5
"CATTCGCGTAGCACGA-1",0
"CATTCGCTCATCACCC-1",2
"CCAATCCAGACCACGA-1",2
"CCAATCCAGATATGGT-1",0
"CCAATCCAGTCGAGTG-1",0
"CCAATCCAGTCGTTTG-1",0
"CCAATCCAGTTTAGGA-1",0
"CCAATCCCAAGCGAGT-1",3
"CCAATCCTCGGACAAG-1",3
"CCAATCCTCTACCTGC-1",1
"CCACCTAAGCAGACTG-1",0
"CCACCTAAGGATGGTC-1",1
"CCACCTAAGTCGAGTG-1",0
"CCACCTAAGTGGGATC-1",3
"CCACCTAAGTGTGGCA-1",2
"CCACCTACAACAACCT-1",1
"CCACCTACAAGCCGCT-1",0
"CCACCTACAATCTACG-1",1
"CCACCTAGTAGTACCT-1",1
"CCACCTAGTCGCGTGT-1",1
"CCACCTAGTGGGTCAA-1",2
"CCACCTATCAGTTGAC-1",1
"CCACCTATCTGATACG-1",0
"CCACGGAAGACACGAC-1",1
"CCACGGAAGGGAACGG-1",1
"CCACGGACATGTCGAT-1",0
"CCACGGAGTAAGGGCT-1",0
"CCACGGAGTCAGATAA-1",2
"CCACGGAGTCCGTGAC-1",1
"CCACGGAGTGTAATGA-1",3
"CCACGGAGTTCTGAAC-1",2
"CCACGGATCACATAGC-1",1
"CCACGGATCCACGTGG-1",4
"CCACGGATCTACTATC-1",2
"CCACGGATCTAGAGTC-1",3
"CCACTACAGAGTACCG-1",0
"CCACTACAGCTTTGGT-1",0
"CCACTACCAGCAGTTT-1",0
"CCACTACCAGTAGAGC-1",2
"CCACTACGTCCGAATT-1",0
"CCACTACGTCTCAACA-1",0
"CCACTACGTGACAAAT-1",0
"CCACTACGTGACCAAG-1",2
"CCACTACGTGCACGAA-1",2
"CCACTACTCACTCTTA-1",0
"CCACTACTCCGCATCT-1",3
"CCACTACTCGGAAATA-1",1
"CCACTACTCTCGTATT-1",0
"CCACTACTCTCGTTTA-1",2
"CCAGCGAAGCCCAACC-1",2
"CCAGCGACATCGGGTC-1",0
"CCAGCGACATGTCCTC-1",2
"CCAGCGAGTAGGCATG-1",1
"CCAGCGAGTCCGTTAA-1",4
"CCAGCGATCAGAAATG-1",0
"CCATGTCAGCGATCCC-1",2
"CCATGTCAGGTCGGAT-1",2
"CCATGTCAGGTTACCT-1",1
"CCATGTCCAAGCTGGA-1",1
"CCATGTCCACATCCGG-1",2
"CCATGTCGTCCAGTAT-1",1
"CCATGTCTCCAAGTAC-1",3
"CCATGTCTCTTGTATC-1",1
"CCATTCGCAGTACACT-1",1
"CCATTCGCAGTTTACG-1",1
"CCATTCGGTAATCGTC-1",2
"CCATTCGGTATTACCG-1",0
"CCATTCGTCGTAGGAG-1",3
"CCCAATCAGTCACGCC-1",0
"CCCAATCCAGGTGGAT-1",4
"CCCAATCGTGAAGGCT-1",2
"CCCAATCGTTGGAGGT-1",0
"CCCAATCTCACATGCA-1",1
"CCCAATCTCCAGTATG-1",1
"CCCAATCTCGGAGCAA-1",0
"CCCAGTTAGAATAGGG-1",1
"CCCAGTTAGATCCCGC-1",2
"CCCAGTTAGCGTGAAC-1",1
"CCCAGTTAGGAATCGC-1",1
"CCCAGTTAGTCCGGTC-1",1
"CCCAGTTAGTTTGCGT-1",0
"CCCAGTTGTACATGTC-1",0
"CCCAGTTGTCTGCAAT-1",1
"CCCAGTTTCTGAAAGA-1",0
"CCCATACAGGGTTCCC-1",1
"CCCATACAGTGTTTGC-1",3
"CCCATACCAAAGGTGC-1",5
"CCCATACCAACACCCG-1",2
"CCCATACCAGCAGTTT-1",0
"CCCATACGTATTACCG-1",0
"CCCATACGTCAATACC-1",1
"CCCATACGTCTAGTCA-1",1
"CCCATACGTTGAGTTC-1",0
"CCCATACTCAATAAGG-1",1
"CCCATACTCAGCGACC-1",1
"CCCATACTCATCACCC-1",0
"CCCATACTCCGTAGGC-1",0
"CCCTCCTAGGAATCGC-1",0
"CCCTCCTCACGTCTCT-1",1
"CCCTCCTCAGCTTAAC-1",1
"CCCTCCTCATATGAGA-1",4
"CCCTCCTCATCACGTA-1",1
"CCCTCCTGTATGGTTC-1",1
"CCCTCCTGTTAGATGA-1",3
"CCCTCCTTCAATCACG-1",1
"CCCTCCTTCCGCAGTG-1",2
"CCGGGATAGCTTCGCG-1",4
"CCGGGATAGGCGACAT-1",0
"CCGGGATAGGCTAGGT-1",0
"CCGGGATCACAGTCGC-1",1
"CCGGGATGTATAGGTA-1",0
"CCGGGATTCAGAGCTT-1",1
"CCGGGATTCGCTAGCG-1",0
"CCGGGATTCGCTTGTC-1",1
"CCGGTAGAGCGTCTAT-1",2
"CCGGTAGAGTACGCCC-1",4
"CCGGTAGCACATAACC-1",5
"CCGGTAGCACGCATCG-1",0
"CCGGTAGGTACTTCTT-1",1
"CCGGTAGGTCAAACTC-1",1
"CCGGTAGTCGTCCGTT-1",4
"CCGTACTAGAGAACAG-1",1
"CCGTACTAGTCCGTAT-1",0
"CCGTACTCAAGCCCAC-1",4
"CCGTACTCAAGCGAGT-1",0
"CCGTACTCATCCCACT-1",1
"CCGTACTGTACAGCAG-1",1
"CCGTACTGTAGCGCTC-1",1
"CCGTACTGTGCGGTAA-1",1
"CCGTACTTCGTTACAG-1",0
"CCGTGGAAGACGCACA-1",0
"CCGTGGAAGAGTTGGC-1",2
"CCGTGGAAGGTGATAT-1",0
"CCGTGGAAGGTTCCTA-1",0
"CCGTGGACAGCCTTGG-1",1
"CCGTGGAGTTCCATGA-1",2
"CCGTGGATCTAACTTC-1",1
"CCGTGGATCTCTGTCG-1",2
"CCGTTCAAGCGTAATA-1",3
"CCGTTCAAGTACGATA-1",0
"CCGTTCAAGTAGATGT-1",0
"CCGTTCACAGGATCGA-1",2
"CCGTTCAGTATAGGGC-1",4
"CCGTTCAGTCGCGAAA-1",0
"CCGTTCATCGTACCGG-1",1
"CCTAAAGAGAGTTGGC-1",0
"CCTAAAGCAAACCTAC-1",1
"CCTAAAGCATGTCTCC-1",0
"CCTAAAGGTACTCAAC-1",0
"CCTAAAGGTCGGCACT-1",2
"CCTAAAGGTGTAATGA-1",0
"CCTAAAGTCACCGTAA-1",1
"CCTAAAGTCAGCGATT-1",2
"CCTAAAGTCGGCGCTA-1",0
"CCTAAAGTCGGTCCGA-1",3
"CCTACACAGGACCACA-1",1
"CCTACACAGGGTGTTG-1",1
"CCTACACCAGTAAGAT-1",2
"CCTACACGTATAGTAG-1",1
"CCTACACGTCCGAACC-1",0
"CCTACACGTGGGTCAA-1",0
"CCTACACGTTTGACTG-1",1
"CCTACACTCGGCGCTA-1",3
"CCTACACTCGTGACAT-1",3
"CCTACCAAGATAGGAG-1",4
"CCTACCAAGCAAATCA-1",0
"CCTACCAAGCGTAGTG-1",0
"CCTACCAAGCTTCGCG-1",1
"CCTACCAAGTGCGATG-1",1
"CCTACCAGTATCAGTC-1",3
"CCTACCAGTCTCTCTG-1",2
"CCTACCAGTCTTTCAT-1",1
"CCTACCATCAGCACAT-1",1
"CCTACCATCGCCAGCA-1",2
"CCTAGCTAGCAAATCA-1",0
"CCTAGCTAGCTCCTCT-1",4
"CCTAGCTAGGTTACCT-1",0
"CCTAGCTAGTACGCGA-1",0
"CCTAGCTCAATGAATG-1",2
"CCTAGCTCAATGGTCT-1",4
"CCTAGCTCACATCCAA-1",0
"CCTAGCTCAGCCAGAA-1",0
"CCTAGCTGTAGAAAGG-1",2
"CCTAGCTGTCACCCAG-1",0
"CCTAGCTGTCTGATTG-1",0
"CCTAGCTTCACGATGT-1",1
"CCTAGCTTCGTAGGAG-1",1
"CCTATTAAGAATTCCC-1",2
"CCTATTAAGCAGGCTA-1",0
"CCTATTAAGCAGGTCA-1",2
"CCTATTAAGGGAGTAA-1",0
"CCTATTAAGGTAGCCA-1",0
"CCTATTACACAACTGT-1",1
"CCTATTACACATCCGG-1",0
"CCTATTAGTCAATACC-1",0
"CCTATTATCATCACCC-1",0
"CCTATTATCTGCGACG-1",2
"CCTCAGTAGCTAACTC-1",0
"CCTCAGTCAGGTGGAT-1",1
"CCTCAGTGTCCATCCT-1",1
"CCTCAGTGTCCGACGT-1",0
"CCTCAGTGTCTTGTCC-1",1
"CCTCAGTGTGGGTATG-1",1
"CCTCTGAAGTATCGAA-1",2
"CCTCTGAAGTGGGTTG-1",1
"CCTCTGACAAGCTGTT-1",2
"CCTCTGACACCGATAT-1",3
"CCTCTGACAGATGAGC-1",2
"CCTCTGAGTCAATACC-1",1
"CCTCTGAGTCCGAACC-1",0
"CCTCTGAGTCGTGGCT-1",0
"CCTCTGAGTCTGATTG-1",2
"CCTCTGATCTGAGGGA-1",0
"CCTTACGCAAGCGTAG-1",0
"CCTTACGCACCAACCG-1",2
"CCTTACGGTCATCCCT-1",2
"CCTTACGGTCCTCTTG-1",3
"CCTTACGTCACAACGT-1",1
"CCTTACGTCATCTGCC-1",5
"CCTTACGTCGGAGGTA-1",0
"CCTTCCCAGAGACTAT-1",0
"CCTTCCCAGCTAGGCA-1",0
"CCTTCCCAGGACGAAA-1",2
"CCTTCCCAGGGCATGT-1",2
"CCTTCCCAGGTACTCT-1",1
"CCTTCCCCATGATCCA-1",0
"CCTTCCCTCAAGGCTT-1",1
"CCTTCCCTCTATCCTA-1",2
"CCTTCCCTCTATCGCC-1",1
"CCTTCGAAGGCGCTCT-1",1
"CCTTCGACAACACCCG-1",2
"CCTTCGACAGCGATCC-1",0
"CCTTCGAGTAAGCACG-1",0
"CCTTCGAGTCCATGAT-1",5
"CCTTCGAGTGTGACCC-1",1
"CCTTCGAGTTGGTGGA-1",2
"CCTTCGATCACAGTAC-1",0
"CCTTCGATCCTATGTT-1",0
"CCTTCGATCGCACTCT-1",2
"CCTTTCTAGACGCTTT-1",0
"CCTTTCTAGGGCACTA-1",1
"CCTTTCTAGTGGAGTC-1",1
"CCTTTCTCAGACAAGC-1",2
"CCTTTCTCATCACGAT-1",0
"CCTTTCTCATGCCCGA-1",2
"CCTTTCTTCCCACTTG-1",1
"CCTTTCTTCTTTACGT-1",3
"CGAACATCACATGACT-1",0
"CGAACATCACTTGGAT-1",2
"CGAACATCAGTCCTTC-1",0
"CGAACATGTCTGATTG-1",0
"CGAACATGTGCTGTAT-1",3
"CGAACATTCTCAAACG-1",5
"CGAATGTAGAGGTTAT-1",2
"CGAATGTAGCGATAGC-1",4
"CGAATGTAGTTCGCAT-1",4
"CGAATGTCAATGCCAT-1",0
"CGAATGTGTCTAGTCA-1",4
"CGAATGTGTCTCACCT-1",0
"CGAATGTTCAACACAC-1",4
"CGAATGTTCATCACCC-1",5
"CGAATGTTCTGTACGA-1",0
"CGACCTTAGCTACCGC-1",1
"CGACCTTAGCTAGTCT-1",1
"CGACCTTCAAAGTGCG-1",0
"CGACCTTCACGAAATA-1",0
"CGACCTTGTAAGTGTA-1",1
"CGACCTTGTCAGAATA-1",3
"CGACCTTGTCTCCCTA-1",0
"CGACCTTGTCTCTTAT-1",2
"CGACCTTTCCGCGTTT-1",0
"CGACCTTTCGTTTATC-1",1
"CGACCTTTCTCCAGGG-1",1
"CGACTTCAGACACGAC-1",2
"CGACTTCAGGTAGCCA-1",1
"CGACTTCAGTCTTGCA-1",3
"CGACTTCCAATGGACG-1",0
"CGACTTCGTGGTGTAG-1",1
"CGACTTCGTTGAGTTC-1",4
"CGACTTCTCACTTACT-1",0
"CGACTTCTCTCGCTTG-1",0
"CGAGAAGAGAAACGCC-1",3
"CGAGAAGAGCCAACAG-1",1
"CGAGAAGAGCGTGTCC-1",2
"CGAGAAGCAAGTTCTG-1",2
"CGAGAAGCACATCCGG-1",0
"CGAGAAGCAGGCTGAA-1",0
"CGAGAAGTCGGATGGA-1",3
"CGAGCACAGCCAGAAC-1",3
"CGAGCACCACATGTGT-1",0
"CGAGCACGTAGCGTCC-1",0
"CGAGCACGTAGCGTGA-1",0
"CGAGCACGTCAGATAA-1",3
"CGAGCACGTGCCTTGG-1",1
"CGAGCACTCCCGGATG-1",4
"CGAGCACTCCGCTGTT-1",1
"CGAGCACTCGGAAATA-1",2
"CGAGCACTCGTGACAT-1",1
"CGAGCCAAGCTAGCCC-1",2
"CGAGCCAGTATATCCG-1",1
"CGAGCCAGTCAAGCGA-1",0
"CGATCGGAGAGCCTAG-1",1
"CGATCGGAGTACGATA-1",3
"CGATCGGCAAACGCGA-1",3
"CGATCGGCAAGCGATG-1",1
"CGATCGGCAATACGCT-1",0
"CGATCGGCAGTTAACC-1",1
"CGATCGGCATACTCTT-1",0
"CGATCGGGTCGACTGC-1",3
"CGATCGGTCAACGGGA-1",1
"CGATCGGTCTAGCACA-1",0
"CGATGGCAGCCGTCGT-1",1
"CGATGGCAGTCCAGGA-1",0
"CGATGGCCACTTAACG-1",0
"CGATGGCCAGCGTAAG-1",0
"CGATGGCCATCATCCC-1",0
"CGATGGCTCCTAGAAC-1",1
"CGATGGCTCGCTAGCG-1",0
"CGATGGCTCTGACCTC-1",0
"CGATGTAAGGCAATTA-1",1
"CGATGTAAGTTTGCGT-1",1
"CGATGTACACAGGCCT-1",0
"CGATGTACAGGTCTCG-1",4
"CGATGTAGTCCAGTGC-1",1
"CGATGTAGTCTAGGTT-1",1
"CGATGTAGTGTGCCTG-1",4
"CGATGTAGTTTGCATG-1",0
"CGATTGAAGATGTGGC-1",2
"CGATTGACAGACGCAA-1",3
"CGATTGAGTATGGTTC-1",2
"CGATTGAGTTCAGACT-1",0
"CGATTGATCATGGTCA-1",1
"CGATTGATCTGCGGCA-1",2
"CGCCAAGAGAATGTTG-1",2
"CGCCAAGAGACCTTTG-1",2
"CGCCAAGAGATCGGGT-1",0
"CGCCAAGAGATCTGAA-1",1
"CGCCAAGAGCGTGTCC-1",2
"CGCCAAGGTCTAGGTT-1",1
"CGCCAAGTCAGGATCT-1",0
"CGCCAAGTCCACTCCA-1",2
"CGCCAAGTCTTGTTTG-1",0
"CGCGGTAAGCTAGCCC-1",0
"CGCGGTAAGGGTTCCC-1",1
"CGCGGTACAAACTGCT-1",2
"CGCGGTACAATGGAAT-1",3
"CGCGGTACAGCTGTTA-1",3
"CGCGGTAGTCAAGCGA-1",1
"CGCGGTAGTGAGGCTA-1",0
"CGCGGTAGTTTGCATG-1",1
"CGCGTTTAGTTATCGC-1",0
"CGCGTTTCAACAACCT-1",2
"CGCGTTTCAAGCGAGT-1",3
"CGCGTTTCAATGGACG-1",1
"CGCGTTTCACGGTGTC-1",0
"CGCGTTTGTGCTGTAT-1",2
"CGCGTTTGTGGACGAT-1",2
"CGCGTTTTCAAACCGT-1",0
"CGCGTTTTCAGCCTAA-1",0
"CGCGTTTTCCTATGTT-1",1
"CGCGTTTTCGTGGTCG-1",0
"CGCTATCAGAAACCGC-1",2
"CGCTATCAGTCATCCA-1",1
"CGCTATCCAAGCGAGT-1",0
"CGCTATCCAGTCGATT-1",2
"CGCTATCCATCGACGC-1",2
"CGCTATCCATTTCAGG-1",1
"CGCTATCGTACCGAGA-1",1
"CGCTATCGTTCGAATC-1",1
"CGCTATCGTTTCGCTC-1",0
"CGCTATCTCGTTACAG-1",2
"CGCTGGAAGGACATTA-1",1
"CGCTGGAAGGGCACTA-1",2
"CGCTGGAAGGTGATAT-1",2
"CGCTGGACAGACTCGC-1",3
"CGCTGGAGTGTAATGA-1",1
"CGCTGGAGTTCTGGTA-1",0
"CGCTGGATCCGAAGAG-1",1
"CGCTGGATCCGTTGCT-1",0
"CGCTGGATCGTAGGAG-1",1
"CGCTGGATCGTTACAG-1",0
"CGCTTCAAGAAGGGTA-1",0
"CGCTTCAAGGTCGGAT-1",0
"CGCTTCACACGGTGTC-1",1
"CGCTTCACAGACAAGC-1",3
"CGCTTCACATCACCCT-1",2
"CGCTTCAGTCGCGGTT-1",0
"CGCTTCATCTTAGAGC-1",1
"CGGACACAGCGATATA-1",1
"CGGACACAGCGATGAC-1",0
"CGGACACAGCTTCGCG-1",2
"CGGACACAGGTAAACT-1",1
"CGGACACAGTAGCCGA-1",1
"CGGACACCACAGGAGT-1",0
"CGGACACCATTCACTT-1",1
"CGGACACGTGAGCGAT-1",0
"CGGACACGTGCTCTTC-1",1
"CGGACACGTGTGACCC-1",4
"CGGACGTAGGTTACCT-1",5
"CGGACGTCATGGGACA-1",0
"CGGACGTGTGAAAGAG-1",1
"CGGACGTGTTGGTAAA-1",2
"CGGACGTTCATGTGGT-1",1
"CGGACGTTCTGTCCGT-1",0
"CGGACTGAGGAGCGAG-1",2
"CGGACTGAGGAGTCTG-1",2
"CGGACTGAGTGGTAGC-1",3
"CGGACTGCAACTTGAC-1",0
"CGGACTGCAATGACCT-1",0
"CGGACTGCACAACGTT-1",5
"CGGACTGCACGCCAGT-1",1
"CGGACTGCAGTATGCT-1",2
"CGGACTGGTAAAGGAG-1",1
"CGGACTGGTATAAACG-1",2
"CGGACTGGTGTAAGTA-1",0
"CGGACTGGTGTGGTTT-1",2
"CGGACTGGTTGACGTT-1",0
"CGGACTGTCATTGCCC-1",1
"CGGACTGTCCATGCTC-1",7
"CGGACTGTCCGTCAAA-1",0
"CGGACTGTCGTTTGCC-1",2
"CGGACTGTCTTCATGT-1",1
"CGGAGCTAGTTTAGGA-1",2
"CGGAGCTCATTGAGCT-1",2
"CGGAGCTGTAGAAAGG-1",4
"CGGAGCTTCACTTATC-1",1
"CGGAGCTTCATGTAGC-1",2
"CGGAGCTTCCACGAAT-1",1
"CGGAGTCAGTGCGATG-1",2
"CGGAGTCAGTGTGAAT-1",0
"CGGAGTCCAGTGGGAT-1",4
"CGGAGTCCATTATCTC-1",1
"CGGAGTCGTAGCTGCC-1",0
"CGGAGTCGTCCAGTGC-1",2
"CGGAGTCGTGTTCGAT-1",0
"CGGAGTCTCCCAGGTG-1",1
"CGGAGTCTCCGTAGTA-1",4
"CGGCTAGAGAAACGCC-1",1
"CGGCTAGAGCACCGTC-1",0
"CGGCTAGAGCTAAACA-1",1
"CGGCTAGCAGACAAAT-1",1
"CGGCTAGGTAACGCGA-1",0
"CGGCTAGGTTCATGGT-1",2
"CGGCTAGTCAAAGACA-1",1
"CGGCTAGTCGTGGGAA-1",1
"CGGCTAGTCTTGTTTG-1",0
"CGGGTCAAGAGTCGGT-1",0
"CGGGTCAAGCACACAG-1",2
"CGGGTCAAGCTAACTC-1",0
"CGGGTCAAGGACACCA-1",1
"CGGGTCAAGTATGACA-1",4
"CGGGTCACAATGACCT-1",8
"CGGGTCACACCGAAAG-1",2
"CGGGTCACAGCCACCA-1",2
"CGGGTCACATACAGCT-1",1
"CGGGTCACATCCTTGC-1",1
"CGGGTCAGTAGCGCTC-1",0
"CGGGTCAGTCGATTGT-1",2
"CGGGTCAGTGCAACTT-1",3
"CGGGTCAGTTGTTTGG-1",0
"CGGGTCATCAACACCA-1",1
"CGGGTCATCACCTTAT-1",1
"CGGGTCATCCACGACG-1",1
"CGGTTAACAGGACCCT-1",0
"CGGTTAACATGTCCTC-1",3
"CGGTTAACATTCCTGC-1",1
"CGGTTAAGTCGACTGC-1",2
"CGGTTAATCCGGCACA-1",1
"CGGTTAATCCTTTCGG-1",0
"CGGTTAATCTTATCTG-1",1
"CGTAGCGAGATGTAAC-1",0
"CGTAGCGAGGCAATTA-1",1
"CGTAGCGAGTAGGTGC-1",0
"CGTAGCGCAAGCGCTC-1",1
"CGTAGCGTCCAACCAA-1",1
"CGTAGCGTCGGCGGTT-1",0
"CGTAGGCAGGGCTCTC-1",1
"CGTAGGCCAAGCGATG-1",3
"CGTAGGCCACTAAGTC-1",1
"CGTAGGCCAGAGTGTG-1",0
"CGTAGGCCATCCCATC-1",0
"CGTAGGCGTATTAGCC-1",1
"CGTAGGCGTCAATACC-1",0
"CGTAGGCGTGGCGAAT-1",2
"CGTAGGCTCCAGAAGG-1",2
"CGTCACTAGTCATGCT-1",1
"CGTCACTCAAAGCGGT-1",0
"CGTCACTCAGGTCCAC-1",2
"CGTCACTCAGTCACTA-1",3
"CGTCACTTCCTTGACC-1",1
"CGTCACTTCGGTGTTA-1",2
"CGTCACTTCTGTGCAA-1",0
"CGTCACTTCTTGAGAC-1",0
"CGTCAGGAGCTGTTCA-1",1
"CGTCAGGCAAAGCAAT-1",1
"CGTCAGGCAAAGCGGT-1",1
"CGTCAGGCAACACGCC-1",0
"CGTCAGGCATCCGCGA-1",0
"CGTCAGGGTCAGCTAT-1",0
"CGTCAGGGTCGTTGTA-1",0
"CGTCAGGGTGTAAGTA-1",0
"CGTCAGGTCCACTGGG-1",1
"CGTCAGGTCGACAGCC-1",2
"CGTCAGGTCGGGAGTA-1",3
"CGTCCATAGACCACGA-1",4
"CGTCCATAGCGATTCT-1",0
"CGTCCATAGGCTATCT-1",1
"CGTCCATAGTCTCAAC-1",2
"CGTCCATCACGACTCG-1",0
"CGTCCATCATTCACTT-1",2
"CGTCCATGTCTAGCGC-1",1
"CGTCCATGTGATAAAC-1",1
"CGTCCATGTTTGGGCC-1",3
"CGTCCATGTTTGTGTG-1",3
"CGTCCATTCAACACCA-1",0
"CGTCCATTCATTCACT-1",0
"CGTCTACAGTGCGTGA-1",3
"CGTCTACGTAGTAGTA-1",2
"CGTCTACTCGAGCCCA-1",1
"CGTCTACTCGCCATAA-1",1
"CGTCTACTCGGCCGAT-1",2
"CGTCTACTCGTCCAGG-1",3
"CGTCTACTCTATCGCC-1",0
"CGTGAGCAGATCTGAA-1",0
"CGTGAGCAGCAATCTC-1",4
"CGTGAGCAGCGGATCA-1",0
"CGTGAGCAGCTAGTGG-1",0
"CGTGAGCAGCTTCGCG-1",2
"CGTGAGCAGGGCACTA-1",4
"CGTGAGCAGGGTGTGT-1",2
"CGTGAGCAGTGGAGAA-1",0
"CGTGAGCCAAGCCGCT-1",2
"CGTGAGCCACGTAAGG-1",0
"CGTGAGCCATACGCCG-1",1
"CGTGAGCGTAGATTAG-1",0
"CGTGAGCGTCTCTTAT-1",2
"CGTGAGCTCACAAACC-1",2
"CGTGAGCTCCAAATGC-1",2
"CGTGAGCTCCGAGCCA-1",0
"CGTGAGCTCGTTGCCT-1",1
"CGTGAGCTCTGGGCCA-1",0
"CGTGTAAAGATAGTCA-1",2
"CGTGTAAAGGTGTTAA-1",0
"CGTGTAAAGTACATGA-1",4
"CGTGTAACATGGGACA-1",0
"CGTGTAAGTCCGCTGA-1",3
"CGTGTAAGTGTCTGAT-1",1
"CGTGTAATCTACTATC-1",1
"CGTGTAATCTCGATGA-1",2
"CGTGTAATCTTTAGTC-1",1
"CGTGTCTAGGCGCTCT-1",0
"CGTGTCTAGGGATGGG-1",0
"CGTGTCTCAGACAAAT-1",2
"CGTGTCTCAGACACTT-1",3
"CGTGTCTGTAAGAGGA-1",0
"CGTGTCTGTATATGAG-1",1
"CGTGTCTGTCAAAGCG-1",0
"CGTGTCTGTTCCGTCT-1",2
"CGTGTCTTCAATCACG-1",1
"CGTGTCTTCAGAGGTG-1",1
"CGTGTCTTCATAGCAC-1",1
"CGTGTCTTCCGAACGC-1",1
"CGTGTCTTCGGCATCG-1",0
"CGTGTCTTCGTGGACC-1",0
"CGTGTCTTCTACTTAC-1",2
"CGTGTCTTCTGAGTGT-1",1
"CGTTAGAAGATCTGAA-1",3
"CGTTAGAAGGCCCTTG-1",1
"CGTTAGACACGAAAGC-1",3
"CGTTAGACAGCTTCGG-1",0
"CGTTAGAGTTTAAGCC-1",3
"CGTTAGATCACTTATC-1",1
"CGTTAGATCAGCCTAA-1",8
"CGTTCTGAGAAGGGTA-1",1
"CGTTCTGAGACTAGGC-1",6
"CGTTCTGAGTGAACAT-1",1
"CGTTCTGCAGCTCGCA-1",0
"CGTTCTGCATTGGCGC-1",2
"CGTTCTGGTGAGGGTT-1",0
"CGTTCTGTCTGATTCT-1",0
"CGTTGGGAGCTAGTTC-1",1
"CGTTGGGAGGATGCGT-1",2
"CGTTGGGCACATTAGC-1",1
"CGTTGGGCAGACAGGT-1",1
"CGTTGGGGTTCCCGAG-1",3
"CGTTGGGTCATGCTCC-1",0
"CGTTGGGTCCATGAAC-1",2
"CGTTGGGTCTACCAGA-1",1
"CTAACTTAGTCCTCCT-1",0
"CTAACTTCAATAGCAA-1",1
"CTAACTTCAATCGGTT-1",1
"CTAACTTGTGAGGCTA-1",0
"CTAACTTTCGTACGGC-1",3
"CTAACTTTCTGGCGTG-1",1
"CTAAGACAGGGAAACA-1",0
"CTAAGACAGTACATGA-1",0
"CTAAGACAGTTCGCGC-1",1
"CTAAGACCAAGTAATG-1",0
"CTAAGACCAGTAAGAT-1",0
"CTAAGACCATGCAATC-1",0
"CTAAGACGTAAGGATT-1",5
"CTAAGACGTATCAGTC-1",1
"CTAAGACGTCACCTAA-1",1
"CTAAGACTCGTTGCCT-1",1
"CTAAGACTCTTACCGC-1",1
"CTAAGACTCTTGAGGT-1",1
"CTAATGGAGCAATCTC-1",2
"CTAATGGAGCGCTCCA-1",2
"CTAATGGAGCTCCCAG-1",1
"CTAATGGAGCTGAAAT-1",1
"CTAATGGAGTTAGGTA-1",1
"CTAATGGCATGGAATA-1",1
"CTAATGGGTACCGCTG-1",1
"CTAATGGGTCTAGCGC-1",2
"CTAATGGGTGAGGGAG-1",1
"CTAATGGGTTGGTGGA-1",0
"CTAATGGTCATGCTCC-1",2
"CTAATGGTCCACTGGG-1",1
"CTAATGGTCCGTTGCT-1",3
"CTAATGGTCCTAGAAC-1",0
"CTACACCAGTGCGATG-1",1
"CTACACCCACGGACAA-1",0
"CTACACCGTAATAGCA-1",1
"CTACACCGTCTGATTG-1",1
"CTACACCGTTCGTCTC-1",0
"CTACACCTCAGAAATG-1",2
"CTACACCTCGGCTTGG-1",0
"CTACACCTCGGTCCGA-1",1
"CTACACCTCTCGCATC-1",2
"CTACACCTCTCTGCTG-1",3
"CTACATTAGATCACGG-1",1
"CTACATTCACTCGACG-1",1
"CTACATTCATTTCACT-1",0
"CTACATTGTGATGATA-1",1
"CTACATTGTTCGAATC-1",2
"CTACATTTCAACGCTA-1",1
"CTACATTTCGCCATAA-1",2
"CTACATTTCTAGCACA-1",1
"CTACCCACACAGAGGT-1",0
"CTACCCACACGACGAA-1",1
"CTACCCACATGGTTGT-1",1
"CTACCCAGTATCTGCA-1",1
"CTACCCAGTATGAATG-1",1
"CTACCCAGTCAGAAGC-1",3
"CTACCCAGTGTGACCC-1",1
"CTACCCAGTTATGTGC-1",4
"CTACCCATCTACGAGT-1",1
"CTACGTCAGGTGCAAC-1",2
"CTACGTCAGTGCGATG-1",0
"CTACGTCAGTTGTCGT-1",2
"CTACGTCCATATACCG-1",2
"CTACGTCGTATATGGA-1",0
"CTACGTCGTGTGGTTT-1",1
"CTACGTCTCAAAGTAG-1",0
"CTACGTCTCACGACTA-1",0
"CTACGTCTCACGGTTA-1",2
"CTACGTCTCCTAGAAC-1",3
"CTAGAGTAGCTGTCTA-1",0
"CTAGAGTAGGATCGCA-1",0
"CTAGAGTAGTCCATAC-1",2
"CTAGAGTCACATTAGC-1",1
"CTAGAGTCAGTATGCT-1",1
"CTAGAGTCATACTCTT-1",1
"CTAGAGTCATGTAAGA-1",1
"CTAGAGTGTGACCAAG-1",3
"CTAGAGTTCAACACCA-1",1
"CTAGAGTTCCGTCAAA-1",2
"CTAGAGTTCCTAAGTG-1",2
"CTAGAGTTCGCCAGCA-1",2
"CTAGAGTTCGCTTAGA-1",1
"CTAGAGTTCGTGACAT-1",5
"CTAGAGTTCTGATTCT-1",1
"CTAGCCTCACCAGATT-1",1
"CTAGCCTGTATATCCG-1",0
"CTAGCCTGTGATGCCC-1",0
"CTAGCCTTCGGGAGTA-1",1
"CTAGTGAAGCTGGAAC-1",5
"CTAGTGAAGTGTACCT-1",1
"CTAGTGACAAGTCTAC-1",3
"CTAGTGACAGGATCGA-1",0
"CTAGTGAGTTATGCGT-1",0
"CTAGTGATCAGTTGAC-1",0
"CTAGTGATCCAGTAGT-1",1
"CTCACACAGCTAAGAT-1",1
"CTCACACAGCTGCCCA-1",3
"CTCACACAGGATGCGT-1",1
"CTCACACCACGTAAGG-1",4
"CTCACACCACTGTTAG-1",3
"CTCACACCATATACGC-1",0
"CTCACACGTGCTGTAT-1",2
"CTCACACGTTCCATGA-1",3
"CTCACACGTTTGGGCC-1",4
"CTCACACTCACCGGGT-1",0
"CTCACACTCATCGGAT-1",0
"CTCACACTCCGCGCAA-1",2
"CTCACACTCTAACCGA-1",0
"CTCAGAAAGAGCTGCA-1",3
"CTCAGAAAGGAGTAGA-1",2
"CTCAGAACAACGCACC-1",2
"CTCAGAACAAGCGATG-1",2
"CTCAGAACAGGGCATA-1",2
"CTCAGAAGTGACGGTA-1",1
"CTCAGAATCTTAACCT-1",2
"CTCATTAAGAACTGTA-1",1
"CTCATTACATGGTCAT-1",0
"CTCATTAGTGTAACGG-1",1
"CTCATTAGTTTACTCT-1",0
"CTCCTAGCAAGTACCT-1",0
"CTCCTAGCAATTCCTT-1",0
"CTCCTAGCACTGTCGG-1",1
"CTCCTAGCAGTCCTTC-1",1
"CTCCTAGCATAACCTG-1",8
"CTCCTAGCATGCGCAC-1",0
"CTCCTAGGTAGAAAGG-1",2
"CTCCTAGGTCCGAGTC-1",3
"CTCCTAGGTCTAGCCG-1",1
"CTCCTAGGTGTTTGTG-1",1
"CTCCTAGGTTCGTGAT-1",2
"CTCCTAGGTTGTTTGG-1",3
"CTCCTAGTCACTTACT-1",0
"CTCCTAGTCTCATTCA-1",2
"CTCGAAAAGCCCAACC-1",1
"CTCGAAAAGCTATGCT-1",1
"CTCGAAAAGGCCCTTG-1",0
"CTCGAAAAGGGCTTCC-1",1
"CTCGAAACAAGCCGTC-1",1
"CTCGAAACACATTAGC-1",0
"CTCGAAACACCGAAAG-1",1
"CTCGAAACACGGCTAC-1",0
"CTCGAAACAGTAAGAT-1",2
"CTCGAAACATACGCCG-1",1
"CTCGAGGAGCCATCGC-1",2
"CTCGAGGAGGGCTTCC-1",2
"CTCGAGGCAGATAATG-1",0
"CTCGAGGGTATTCTCT-1",0
"CTCGAGGGTGCCTGGT-1",2
"CTCGGAGAGTCCCACG-1",2
"CTCGGAGCACTTCTGC-1",1
"CTCGGAGCAGCTGCAC-1",0
"CTCGGAGCAGGATCGA-1",0
"CTCGGAGGTAGCCTAT-1",3
"CTCGGAGGTCATGCCG-1",0
"CTCGGAGTCAAACGGG-1",0
"CTCGGAGTCACATACG-1",2
"CTCGGAGTCAGCTTAG-1",4
"CTCGGGAAGACCTAGG-1",0
"CTCGGGACACAGCCCA-1",0
"CTCGGGACATAAAGGT-1",1
"CTCGGGACATCCCACT-1",2
"CTCGGGACATGTCGAT-1",0
"CTCGGGAGTCGCGTGT-1",2
"CTCGGGAGTGACTACT-1",1
"CTCGGGAGTTACGACT-1",1
"CTCGGGATCCGTACAA-1",3
"CTCGGGATCCTTGACC-1",0
"CTCGGGATCTTAGCCC-1",0
"CTCGGGATCTTGTTTG-1",1
"CTCGTACAGCGATAGC-1",0
"CTCGTACCAGCGTAAG-1",1
"CTCGTACCATAGTAAG-1",2
"CTCGTACGTAGAGTGC-1",0
"CTCGTACGTATCACCA-1",0
"CTCGTACGTGCAGTAG-1",1
"CTCGTACTCAAAGTAG-1",5
"CTCGTACTCAATCTCT-1",0
"CTCGTACTCGTTGCCT-1",0
"CTCGTACTCTGGTTCC-1",0
"CTCGTCAAGATGCCTT-1",0
"CTCGTCAAGTGGAGTC-1",0
"CTCGTCAAGTTTGCGT-1",2
"CTCGTCACAACGATCT-1",0
"CTCGTCACACATCCGG-1",3
"CTCGTCACAGTCGTGC-1",3
"CTCGTCAGTCTCATCC-1",2
"CTCGTCAGTCTCCATC-1",2
"CTCGTCAGTGAGCGAT-1",1
"CTCGTCAGTTGACGTT-1",2
"CTCGTCAGTTGGGACA-1",1
"CTCGTCATCACTTATC-1",1
"CTCGTCATCGACCAGC-1",0
"CTCGTCATCTGCTGTC-1",3
"CTCTAATCACCAGGTC-1",0
"CTCTAATCACGGTGTC-1",2
"CTCTAATCAGGAATCG-1",1
"CTCTAATGTCCAAGTT-1",1
"CTCTACGAGCTAAACA-1",1
"CTCTACGAGCTAGTGG-1",4
"CTCTACGAGTACGCCC-1",2
"CTCTACGAGTAGGCCA-1",6
"CTCTACGCAATAACGA-1",1
"CTCTACGCAGACGCTC-1",0
"CTCTACGCATGACATC-1",2
"CTCTACGTCATGTCTT-1",1
"CTCTACGTCCCTAATT-1",0
"CTCTACGTCGGCATCG-1",0
"CTCTACGTCGGTCTAA-1",1
"CTCTGGTAGCAGCGTA-1",0
"CTCTGGTAGCGTTCCG-1",0
"CTCTGGTAGGCATGGT-1",0
"CTCTGGTAGTGCCAGA-1",0
"CTCTGGTCACAAGCCC-1",1
"CTCTGGTCAGCCTTTC-1",2
"CTCTGGTTCATCTGTT-1",0
"CTCTGGTTCTTGTACT-1",1
"CTGAAACAGATCCCGC-1",0
"CTGAAACAGGTGCTAG-1",0
"CTGAAACAGTCCGTAT-1",1
"CTGAAACAGTGTCTCA-1",1
"CTGAAACGTCATCGGC-1",0
"CTGAAACGTTAAAGAC-1",2
"CTGAAACTCATACGGT-1",2
"CTGAAGTAGTGCGTGA-1",4
"CTGAAGTCAGCTGTAT-1",1
"CTGAAGTGTTAAAGTG-1",2
"CTGAAGTTCAAGCCTA-1",0
"CTGAAGTTCGGATGTT-1",0
"CTGATAGAGGGAGTAA-1",0
"CTGATAGAGTGCAAGC-1",1
"CTGATAGCAGCCTTTC-1",3
"CTGATAGCATCCCATC-1",1
"CTGATAGCATCTCCCA-1",0
"CTGATAGGTCAAAGCG-1",0
"CTGATAGGTCGCTTTC-1",1
"CTGATAGGTTACGACT-1",2
"CTGATAGTCGCGATCG-1",0
"CTGATAGTCTTATCTG-1",0
"CTGATCCAGGCATTGG-1",3
"CTGATCCAGGTGACCA-1",3
"CTGATCCCACAGAGGT-1",1
"CTGATCCCAGGCTGAA-1",0
"CTGATCCGTGCCTGGT-1",0
"CTGATCCGTTATCCGA-1",0
"CTGATCCGTTGTGGCC-1",0
"CTGCCTAAGGGTCTCC-1",3
"CTGCCTAAGGTGATAT-1",2
"CTGCCTAAGTACGCGA-1",2
"CTGCCTAAGTGCGTGA-1",0
"CTGCCTACATCCCACT-1",1
"CTGCCTATCAATAAGG-1",0
"CTGCGGAAGAAGGACA-1",2
"CTGCGGAAGAGCTGGT-1",1
"CTGCGGAAGATGAGAG-1",1
"CTGCGGACAGGTCGTC-1",0
"CTGCGGACATGTCTCC-1",2
"CTGCGGAGTCACTTCC-1",2
"CTGCGGAGTCGTGGCT-1",2
"CTGCGGAGTTCTGTTT-1",2
"CTGCGGAGTTGGACCC-1",1
"CTGCGGATCGCCTGTT-1",1
"CTGCGGATCTTACCGC-1",0
"CTGCTGTAGGGTGTTG-1",2
"CTGCTGTAGTACCGGA-1",4
"CTGCTGTAGTGGAGAA-1",1
"CTGCTGTCACATCTTT-1",0
"CTGCTGTGTTAAAGAC-1",0
"CTGCTGTTCTCCAACC-1",2
"CTGCTGTTCTTACCGC-1",0
"CTGGTCTAGCGTTGCC-1",0
"CTGGTCTAGGACAGCT-1",0
"CTGGTCTAGGGCTTGA-1",1
"CTGGTCTAGTCGAGTG-1",0
"CTGGTCTCAAAGGAAG-1",1
"CTGGTCTCACCAGTTA-1",3
"CTGGTCTGTACCTACA-1",0
"CTGGTCTGTACGCTGC-1",0
"CTGGTCTGTCCGCTGA-1",0
"CTGGTCTGTCCGTTAA-1",1
"CTGGTCTGTTCATGGT-1",0
"CTGGTCTGTTCGTGAT-1",2
"CTGGTCTTCAACGGGA-1",1
"CTGGTCTTCACTTACT-1",2
"CTGGTCTTCTTACCTA-1",0
"CTGTGCTGTATATCCG-1",1
"CTGTGCTGTCATCCCT-1",2
"CTGTGCTGTCCCTACT-1",3
"CTGTGCTGTCGGCACT-1",0
"CTGTGCTTCCATTCTA-1",0
"CTGTGCTTCCGTACAA-1",2
"CTGTTTAAGAAACCGC-1",2
"CTGTTTAAGATCGATA-1",3
"CTGTTTAAGGAGTTGC-1",1
"CTGTTTAGTCAAAGCG-1",0
"CTGTTTATCAGCCTAA-1",0
"CTGTTTATCATTTGGG-1",1
"CTGTTTATCTCCAGGG-1",1
"CTGTTTATCTCTTGAT-1",2
"CTGTTTATCTTCTGGC-1",0
"CTTAACTAGCCAGTAG-1",2
"CTTAACTAGGCTCTTA-1",1
"CTTAACTAGGTGCACA-1",2
"CTTAACTAGTCTCGGC-1",0
"CTTACCGAGCGCTTAT-1",0
"CTTACCGAGGCTACGA-1",0
"CTTACCGCAGATCTGT-1",1
"CTTACCGCAGTCAGAG-1",2
"CTTACCGGTCCTGCTT-1",2
"CTTACCGGTCGCCATG-1",0
"CTTACCGGTCTACCTC-1",0
"CTTACCGTCGGACAAG-1",1
"CTTAGGAAGCCCAACC-1",1
"CTTAGGACACGACGAA-1",0
"CTTAGGAGTTATGTGC-1",1
"CTTAGGATCCCATTTA-1",2
"CTTAGGATCTTTACAC-1",2
"CTTCTCTAGAACTCGG-1",1
"CTTCTCTAGAGTGAGA-1",2
"CTTCTCTAGCAGGCTA-1",1
"CTTCTCTAGTTAACGA-1",1
"CTTCTCTCAAAGGTGC-1",0
"CTTCTCTGTAACGACG-1",0
"CTTCTCTGTGCATCTA-1",0
"CTTCTCTTCGAGCCCA-1",3
"CTTGGCTAGCGATATA-1",1
"CTTGGCTAGTACGTTC-1",0
"CTTGGCTCATTACCTT-1",2
"CTTGGCTGTCTCCATC-1",1
"CTTGGCTTCCCTAATT-1",0
"CTTGGCTTCGCGTAGC-1",2
"CTTGGCTTCTCGTTTA-1",0
"CTTTGCGAGCAAATCA-1",0
"CTTTGCGAGCGTTCCG-1",1
"CTTTGCGAGTATCTCG-1",5
"CTTTGCGCAATTCCTT-1",0
"CTTTGCGCACTTAAGC-1",0
"CTTTGCGCAGACGCAA-1",1
"CTTTGCGGTAGAGGAA-1",1
"CTTTGCGTCCAGGGCT-1",3
"GAAACTCAGAGACGAA-1",1
"GAAACTCAGAGGTTAT-1",3
"GAAACTCAGCAGCCTC-1",3
"GAAACTCAGCCCAGCT-1",1
"GAAACTCAGCTAAACA-1",1
"GAAACTCAGTGCTGCC-1",1
"GAAACTCCAAGCCCAC-1",2
"GAAACTCCACATGACT-1",2
"GAAACTCCAGACACTT-1",0
"GAAACTCCATGGATGG-1",3
"GAAACTCGTACTCGCG-1",3
"GAAACTCGTAGCGATG-1",1
"GAAACTCGTGTGAAAT-1",1
"GAAACTCGTTTGTGTG-1",1
"GAAATGAAGACTAGGC-1",0
"GAAATGAAGCCAGTTT-1",3
"GAAATGAAGCTAGTCT-1",4
"GAAATGAAGTACGTAA-1",2
"GAAATGATCATGCTCC-1",4
"GAAATGATCCTCGCAT-1",0
"GAACATCAGATGGCGT-1",1
"GAACATCCAACAACCT-1",0
"GAACATCCACATCTTT-1",1
"GAACATCCACCTATCC-1",1
"GAACATCCACGGACAA-1",0
"GAACATCCATGCTAGT-1",1
"GAACATCGTACGACCC-1",0
"GAACATCGTGGACGAT-1",2
"GAACATCGTTCCCGAG-1",0
"GAACATCTCCAAGTAC-1",0
"GAACATCTCGATCCCT-1",1
"GAACATCTCTCCAACC-1",1
"GAACCTAAGAACTGTA-1",1
"GAACCTAAGAGCAATT-1",2
"GAACCTAAGCCAGTAG-1",0
"GAACCTACAAGGACAC-1",0
"GAACCTACAGACACTT-1",3
"GAACCTAGTACCAGTT-1",3
"GAACCTAGTGTCAATC-1",3
"GAACCTATCACGATGT-1",0
"GAACGGAAGACGCAAC-1",4
"GAACGGAAGTAATCCC-1",1
"GAACGGAAGTCAATAG-1",0
"GAACGGAAGTGGACGT-1",0
"GAACGGACACAGCGTC-1",1
"GAACGGACACCTCGTT-1",3
"GAACGGACACTTAACG-1",2
"GAACGGAGTAGCGTAG-1",2
"GAACGGAGTCAGAGGT-1",0
"GAACGGAGTGGCGAAT-1",4
"GAACGGATCACTCCTG-1",1
"GAACGGATCCACGAAT-1",3
"GAACGGATCGTAGGAG-1",1
"GAACGGATCTGTCAAG-1",1
"GAAGCAGAGACTAAGT-1",2
"GAAGCAGAGAGACGAA-1",2
"GAAGCAGAGCCACGCT-1",0
"GAAGCAGAGTTCGCGC-1",2
"GAAGCAGCAATCCGAT-1",0
"GAAGCAGCACTCGACG-1",0
"GAAGCAGCAGATCTGT-1",0
"GAAGCAGCAGATGAGC-1",2
"GAAGCAGCATGAACCT-1",2
"GAAGCAGCATGGAATA-1",3
"GAAGCAGGTAACGCGA-1",1
"GAAGCAGGTCATACTG-1",0
"GAAGCAGTCCTAGTGA-1",1
"GAAGCAGTCTTATCTG-1",0
"GAATAAGCAAGGTGTG-1",1
"GAATAAGCAGACAAGC-1",1
"GAATAAGCATGCAACT-1",1
"GAATAAGGTCCGTTAA-1",0
"GAATAAGGTGAGTGAC-1",1
"GAATAAGGTTCCCTTG-1",2
"GAATAAGTCGTTTAGG-1",3
"GAATGAAAGAGTCTGG-1",0
"GAATGAAAGCTTATCG-1",0
"GAATGAAAGGCATGTG-1",2
"GAATGAACAAACGCGA-1",1
"GAATGAACAGTGAGTG-1",0
"GAATGAACATCATCCC-1",1
"GAATGAAGTCAACATC-1",0
"GAATGAAGTCTCACCT-1",2
"GAATGAAGTGGCAAAC-1",0
"GAATGAAGTTGCGTTA-1",0
"GAATGAATCAGTTAGC-1",3
"GAATGAATCCTGCCAT-1",0
"GACACGCAGACGCACA-1",0
"GACACGCAGAGTAATC-1",1
"GACACGCAGCCAACAG-1",2
"GACACGCAGGAGTTTA-1",0
"GACACGCAGGGCATGT-1",3
"GACACGCAGGTGCACA-1",2
"GACACGCAGTCCAGGA-1",0
"GACACGCAGTGGGATC-1",1
"GACACGCAGTGGGTTG-1",2
"GACACGCCAAGCGTAG-1",2
"GACACGCCAAGGACAC-1",0
"GACACGCCAGACGCTC-1",0
"GACACGCCATCCTTGC-1",4
"GACACGCGTTCACGGC-1",3
"GACACGCTCATGTAGC-1",2
"GACAGAGAGTACGATA-1",1
"GACAGAGCAACGATCT-1",2
"GACAGAGCAAGTCTAC-1",1
"GACAGAGCAGCTCCGA-1",7
"GACAGAGCAGCTGGCT-1",0
"GACAGAGGTAGAAAGG-1",1
"GACAGAGTCAAACAAG-1",1
"GACAGAGTCAGAGACG-1",3
"GACAGAGTCCTTCAAT-1",1
"GACAGAGTCCTTGCCA-1",0
"GACAGAGTCTTCATGT-1",1
"GACCAATAGAAGGGTA-1",1
"GACCAATAGCTACCGC-1",1
"GACCAATAGCTACCTA-1",2
"GACCAATCAGGTGCCT-1",0
"GACCAATCATGCGCAC-1",3
"GACCAATGTACAGTTC-1",2
"GACCAATGTCGCTTCT-1",1
"GACCAATTCCGATATG-1",5
"GACCAATTCGAATGGG-1",0
"GACCAATTCGTCACGG-1",2
"GACCTGGCATCACAAC-1",2
"GACCTGGCATGTCTCC-1",0
"GACCTGGCATTGGCGC-1",1
"GACCTGGGTAAAGGAG-1",3
"GACCTGGGTCCAGTTA-1",0
"GACCTGGGTGCAGTAG-1",2
"GACCTGGTCATAGCAC-1",0
"GACCTGGTCCTTGCCA-1",0
"GACCTGGTCGCATGAT-1",1
"GACCTGGTCGTCACGG-1",0
"GACGCGTAGTGGTAAT-1",0
"GACGCGTAGTTGTAGA-1",1
"GACGCGTGTAAAGGAG-1",3
"GACGCGTGTGTGAAAT-1",2
"GACGCGTGTTAAGACA-1",1
"GACGCGTTCAAACCGT-1",2
"GACGCGTTCCAAATGC-1",0
"GACGCGTTCCGCGGTA-1",1
"GACGCGTTCCTACAGA-1",1
"GACGCGTTCGACGGAA-1",0
"GACGCGTTCTCCGGTT-1",1
"GACGGCTAGAAGATTC-1",3
"GACGGCTAGAGCTGGT-1",0
"GACGGCTCAAGGTTTC-1",0
"GACGGCTCACCGCTAG-1",0
"GACGGCTCATGAACCT-1",2
"GACGGCTCATGCAACT-1",0
"GACGGCTGTGTGTGCC-1",1
"GACGGCTGTTATGTGC-1",1
"GACGGCTGTTTGGCGC-1",1
"GACGGCTTCTATCGCC-1",0
"GACGTGCAGGCAAAGA-1",3
"GACGTGCAGGGTGTGT-1",0
"GACGTGCAGGTGTTAA-1",2
"GACGTGCCAGGTCGTC-1",1
"GACGTGCGTAACGTTC-1",2
"GACGTGCTCACCTCGT-1",1
"GACGTTAAGCTACCGC-1",0
"GACGTTAAGGCAAAGA-1",3
"GACGTTAAGTCAAGCG-1",2
"GACGTTACAAGCCATT-1",1
"GACGTTACAAGGTTTC-1",1
"GACGTTACAGACACTT-1",0
"GACGTTAGTATCTGCA-1",0
"GACGTTAGTTTGACAC-1",2
"GACGTTAGTTTGACTG-1",0
"GACGTTATCACAGGCC-1",0
"GACGTTATCATTGCGA-1",0
"GACGTTATCCCGGATG-1",1
"GACGTTATCCGAAGAG-1",0
"GACGTTATCGCGTTTC-1",0
"GACGTTATCTGTCCGT-1",1
"GACTAACAGACAGAGA-1",4
"GACTAACAGTGGAGAA-1",1
"GACTAACCAAATCCGT-1",0
"GACTAACGTCTAGTCA-1",0
"GACTAACGTGCAACTT-1",0
"GACTAACGTTCAGACT-1",1
"GACTAACTCCGCGCAA-1",0
"GACTAACTCCTTTCTC-1",2
"GACTAACTCTTGCCGT-1",0
"GACTAACTCTTTACAC-1",1
"GACTACAAGATATGGT-1",0
"GACTACACAAATCCGT-1",2
"GACTACAGTGCTGTAT-1",0
"GACTACATCAGCCTAA-1",1
"GACTACATCAGGTAAA-1",1
"GACTACATCTGCAGTA-1",0
"GACTGCGAGCGTAGTG-1",2
"GACTGCGAGTTGTAGA-1",2
"GACTGCGCACTTAACG-1",0
"GACTGCGCATGTTCCC-1",2
"GACTGCGGTACGCACC-1",0
"GACTGCGGTTCTCATT-1",1
"GACTGCGTCAACACAC-1",0
"GACTGCGTCACGACTA-1",1
"GACTGCGTCGCCCTTA-1",0
"GACTGCGTCTCAAACG-1",1
"GAGCAGAGTAGGGTAC-1",1
"GAGCAGAGTCAGATAA-1",0
"GAGCAGAGTCATATGC-1",1
"GAGCAGAGTGAGCGAT-1",0
"GAGCAGAGTGTAACGG-1",0
"GAGCAGAGTGTGACCC-1",3
"GAGCAGAGTTCGGGCT-1",3
"GAGCAGAGTTTAAGCC-1",1
"GAGCAGAGTTTGCATG-1",3
"GAGGTGAAGCAACGGT-1",0
"GAGGTGAAGGCTCTTA-1",6
"GAGGTGAAGTGGTAGC-1",1
"GAGGTGAAGTTGTAGA-1",2
"GAGGTGACACTGTCGG-1",4
"GAGGTGACATCCTTGC-1",0
"GAGGTGACATGCATGT-1",4
"GAGGTGAGTACCTACA-1",1
"GAGGTGAGTCATTAGC-1",2
"GAGGTGAGTTCCTCCA-1",2
"GAGGTGATCATCGCTC-1",0
"GAGGTGATCTAGAGTC-1",2
"GAGGTGATCTCTAGGA-1",5
"GAGGTGATCTGCTGTC-1",1
"GAGGTGATCTGGGCCA-1",1
"GAGTCCGAGGACAGAA-1",1
"GAGTCCGAGGCATGTG-1",0
"GAGTCCGAGGCGTACA-1",1
"GAGTCCGCAAACCCAT-1",2
"GAGTCCGGTCAAGCGA-1",1
"GAGTCCGGTGACCAAG-1",2
"GAGTCCGGTGACTCAT-1",3
"GAGTCCGGTGTGACCC-1",2
"GAGTCCGGTTCGGGCT-1",1
"GAGTCCGGTTTGCATG-1",1
"GAGTCCGTCGGCGCAT-1",0
"GAGTCCGTCTGATTCT-1",0
"GATCAGTAGATGTCGG-1",0
"GATCAGTAGTGGTAGC-1",0
"GATCAGTGTATATGAG-1",1
"GATCAGTGTCTGCGGT-1",2
"GATCAGTGTTATGCGT-1",0
"GATCAGTGTTGTACAC-1",4
"GATCAGTTCCCGACTT-1",3
"GATCGATAGAATGTTG-1",2
"GATCGATAGAGCTGCA-1",1
"GATCGATAGCATGGCA-1",0
"GATCGATCAAGCGAGT-1",0
"GATCGATCAAGCGTAG-1",2
"GATCGATGTCAACATC-1",3
"GATCGATGTTGCCTCT-1",0
"GATCGATTCCGCATCT-1",0
"GATCGCGAGATAGTCA-1",2
"GATCGCGAGCCTTGAT-1",1
"GATCGCGAGGAGCGTT-1",0
"GATCGCGCAGGTCGTC-1",1
"GATCGCGGTACAGCAG-1",1
"GATCGCGGTGAGTATA-1",1
"GATCGCGGTTGTCGCG-1",2
"GATCGCGTCACTCCTG-1",1
"GATCGTAAGACATAAC-1",0
"GATCGTAAGCTCAACT-1",2
"GATCGTACATAACCTG-1",0
"GATCGTAGTGGCTCCA-1",0
"GATCGTATCATATCGG-1",2
"GATCGTATCATGTCCC-1",2
"GATCGTATCTTACCGC-1",1
"GATCTAGAGCGTCTAT-1",0
"GATCTAGAGTGGAGAA-1",3
"GATCTAGCAACACCTA-1",1
"GATCTAGCAAGGGTCA-1",1
"GATCTAGGTCTAAAGA-1",0
"GATCTAGGTCTCACCT-1",2
"GATCTAGGTCTCTTTA-1",0
"GATCTAGTCACATAGC-1",0
"GATCTAGTCTAAGCCA-1",0
"GATGAAAAGAGTAATC-1",0
"GATGAAAAGCTCCCAG-1",0
"GATGAAACACGGTAGA-1",2
"GATGAAACAGCTGTAT-1",2
"GATGAAAGTGGGTATG-1",4
"GATGAAATCACCCTCA-1",1
"GATGAAATCACTCCTG-1",2
"GATGAAATCAGCAACT-1",0
"GATGAAATCGAGAGCA-1",1
"GATGAGGAGATCCCGC-1",0
"GATGAGGAGTTCGATC-1",4
"GATGAGGCACCAGTTA-1",2
"GATGAGGGTATCACCA-1",4
"GATGAGGGTATTCGTG-1",0
"GATGAGGGTCGCGTGT-1",1
"GATGAGGGTGATGATA-1",1
"GATGAGGTCACAGGCC-1",0
"GATGAGGTCACATAGC-1",1
"GATGAGGTCCCTTGTG-1",1
"GATGAGGTCTGCTGTC-1",0
"GATGCTAAGACTAAGT-1",1
"GATGCTAAGGATGCGT-1",2
"GATGCTAAGGCTCTTA-1",0
"GATGCTAAGGGAACGG-1",0
"GATGCTAAGTATCTCG-1",4
"GATGCTAAGTCTCGGC-1",1
"GATGCTACATGTTGAC-1",1
"GATGCTACATTGCGGC-1",0
"GATGCTAGTCTCCATC-1",2
"GATGCTAGTGGAAAGA-1",1
"GATGCTAGTTAGGGTG-1",2
"GATGCTATCCTGTACC-1",0
"GATGCTATCGGCGCTA-1",2
"GATTCAGAGAAACCTA-1",1
"GATTCAGAGAGTGACC-1",0
"GATTCAGAGATTACCC-1",0
"GATTCAGAGGGTCGAT-1",3
"GATTCAGAGGTCGGAT-1",1
"GATTCAGAGTCAATAG-1",2
"GATTCAGCAAGTTGTC-1",0
"GATTCAGCAATTCCTT-1",1
"GATTCAGCAGGGTACA-1",0
"GATTCAGCATCGACGC-1",1
"GATTCAGCATTATCTC-1",0
"GATTCAGGTAAATACG-1",0
"GATTCAGTCAACTCTT-1",1
"GCAAACTAGATGTTAG-1",3
"GCAAACTAGTCATGCT-1",1
"GCAAACTAGTCTCAAC-1",2
"GCAAACTCACAGGTTT-1",2
"GCAAACTGTCAGATAA-1",2
"GCAAACTGTCTCCATC-1",1
"GCAAACTTCGTGGTCG-1",0
"GCAATCAAGGGATCTG-1",2
"GCAATCAAGTATCTCG-1",2
"GCAATCAAGTGGGTTG-1",0
"GCAATCACAGCTTAAC-1",0
"GCAATCACATGTCGAT-1",3
"GCAATCACATTCCTCG-1",0
"GCAATCAGTAGGAGTC-1",0
"GCAATCAGTATAATGG-1",1
"GCAATCAGTTCTCATT-1",2
"GCAATCAGTTCTGGTA-1",1
"GCACATAAGAGCTATA-1",0
"GCACATAAGATGTTAG-1",0
"GCACATAAGCCTTGAT-1",2
"GCACATAAGGAGTACC-1",1
"GCACATAAGTGAAGTT-1",1
"GCACATACACCACGTG-1",1
"GCACATACAGCTGTAT-1",1
"GCACATACAGGAACGT-1",0
"GCACATAGTCATCGGC-1",1
"GCACATAGTCCGAATT-1",0
"GCACATAGTCTCTTTA-1",0
"GCACATAGTGCGCTTG-1",1
"GCACATATCACCTCGT-1",0
"GCACATATCTGGTTCC-1",2
"GCACTCTCAAGACACG-1",1
"GCACTCTCAATCACAC-1",0
"GCACTCTCATTTCAGG-1",1
"GCACTCTGTAAACCTC-1",0
"GCACTCTGTACCAGTT-1",0
"GCACTCTGTAGAAAGG-1",3
"GCACTCTGTCGAACAG-1",0
"GCACTCTGTCTAGGTT-1",0
"GCACTCTTCAACTCTT-1",1
"GCACTCTTCCCTAATT-1",1
"GCACTCTTCTGCCCTA-1",1
"GCAGCCAAGCTGATAA-1",1
"GCAGCCACATGAGCGA-1",0
"GCAGCCAGTAATCGTC-1",0
"GCAGCCAGTGTCGCTG-1",1
"GCAGCCATCAGTTGAC-1",0
"GCAGCCATCCCAACGG-1",2
"GCAGCCATCCGTACAA-1",3
"GCAGTTAAGTCCATAC-1",2
"GCAGTTAAGTCCGTAT-1",0
"GCAGTTAAGTTAACGA-1",1
"GCAGTTAGTGGACGAT-1",0
"GCAGTTAGTTATTCTC-1",0
"GCAGTTATCGCGATCG-1",1
"GCATACAAGATCTGCT-1",1
"GCATACAAGCAACGGT-1",1
"GCATACACAACGCACC-1",0
"GCATACACAAGGACTG-1",1
"GCATACACAAGTCTGT-1",0
"GCATACACAGTCAGCC-1",1
"GCATACACATCCTAGA-1",0
"GCATACACATCGGAAG-1",2
"GCATACAGTCCGAACC-1",2
"GCATACAGTTCTGGTA-1",2
"GCATACATCCACGACG-1",0
"GCATGATAGAATGTTG-1",2
"GCATGATAGAGTAATC-1",2
"GCATGATAGCTGATAA-1",1
"GCATGATAGGACCACA-1",3
"GCATGATAGGCTAGCA-1",0
"GCATGATAGTCAAGCG-1",4
"GCATGATAGTGGAGAA-1",1
"GCATGATCACACCGAC-1",0
"GCATGATCACATTTCT-1",1
"GCATGATGTCCCTACT-1",2
"GCATGATGTTGCGCAC-1",1
"GCATGATTCGTGGACC-1",4
"GCATGCGAGCATGGCA-1",1
"GCATGCGAGTCCAGGA-1",2
"GCATGCGCACTGCCAG-1",0
"GCATGCGGTAAGGATT-1",1
"GCATGCGGTCCTCTTG-1",0
"GCATGCGGTGTGAAAT-1",1
"GCATGCGTCCGCGGTA-1",0
"GCATGTAAGAACTGTA-1",0
"GCATGTAAGACAGACC-1",3
"GCATGTAAGTACTTGC-1",1
"GCATGTAAGTGCAAGC-1",4
"GCATGTACAACACGCC-1",0
"GCATGTATCACGAAGG-1",0
"GCCAAATCAAACTGTC-1",0
"GCCAAATCAAGGGTCA-1",1
"GCCAAATCAAGTTCTG-1",1
"GCCAAATCAGCCACCA-1",0
"GCCAAATCATAACCTG-1",1
"GCCAAATGTATAAACG-1",2
"GCCAAATGTGTTTGGT-1",1
"GCCAAATGTTTCGCTC-1",0
"GCCAAATTCAGGTAAA-1",0
"GCCAAATTCCGAGCCA-1",0
"GCCAAATTCCGCGGTA-1",1
"GCCAAATTCGGCTACG-1",0
"GCCTCTAAGAGTACCG-1",1
"GCCTCTAAGCCATCGC-1",1
"GCCTCTAAGCCGCCTA-1",2
"GCCTCTAAGCGATAGC-1",3
"GCCTCTAAGCTGCAAG-1",1
"GCCTCTAAGCTTCGCG-1",1
"GCCTCTAAGTCACGCC-1",1
"GCCTCTACAAGACGTG-1",2
"GCCTCTACAGCTATTG-1",0
"GCCTCTAGTAAGGATT-1",1
"GCCTCTAGTGATGATA-1",0
"GCCTCTAGTTAAGGGC-1",0
"GCCTCTATCAGCGACC-1",2
"GCCTCTATCCGATATG-1",2
"GCCTCTATCGAATCCA-1",1
"GCCTCTATCGAGCCCA-1",2
"GCCTCTATCGCTGATA-1",0
"GCCTCTATCTTTAGGG-1",2
"GCGACCAAGAGGTTAT-1",0
"GCGACCACACTTACGA-1",0
"GCGACCAGTCAGGACA-1",4
"GCGACCAGTCTAGAGG-1",0
"GCGACCATCAACGGGA-1",0
"GCGACCATCCCGGATG-1",1
"GCGACCATCTACTCAT-1",0
"GCGAGAAAGGTTCCTA-1",4
"GCGAGAAAGTACGATA-1",0
"GCGAGAAAGTGTCTCA-1",2
"GCGAGAACAAGCCCAC-1",0
"GCGAGAACACTGAAGG-1",3
"GCGAGAAGTAGCGCTC-1",3
"GCGAGAAGTCCCTACT-1",1
"GCGAGAATCCTTTCGG-1",2
"GCGAGAATCGAGAGCA-1",5
"GCGAGAATCGCACTCT-1",2
"GCGCAACAGTCCTCCT-1",0
"GCGCAACAGTGTACGG-1",0
"GCGCAACCAAGTCTGT-1",4
"GCGCAACCAGCCACCA-1",0
"GCGCAACGTAGCGCTC-1",1
"GCGCAACGTCCCTTGT-1",1
"GCGCAACGTCCTAGCG-1",1
"GCGCAACGTCGACTAT-1",1
"GCGCAACGTCTAGAGG-1",1
"GCGCAACGTGCACGAA-1",0
"GCGCAACTCAATACCG-1",0
"GCGCAGTCACATCCAA-1",0
"GCGCAGTCATTACCTT-1",5
"GCGCAGTGTTAGGGTG-1",1
"GCGCAGTTCGATCCCT-1",0
"GCGCAGTTCGCGGATC-1",0
"GCGCCAAAGACATAAC-1",0
"GCGCCAAAGGACAGCT-1",1
"GCGCCAAAGGCCCTTG-1",0
"GCGCCAAAGGGCTTCC-1",0
"GCGCCAAAGGTACTCT-1",1
"GCGCCAACATAACCTG-1",2
"GCGCCAACATTGGGCC-1",3
"GCGCCAAGTACTTGAC-1",0
"GCGCCAAGTCGGCACT-1",2
"GCGCCAAGTGAAAGAG-1",0
"GCGCCAAGTTGTACAC-1",0
"GCGCCAATCCGTTGCT-1",0
"GCGCGATAGAAGGTTT-1",1
"GCGCGATAGCAGGTCA-1",0
"GCGCGATAGTGAATTG-1",2
"GCGCGATAGTTTGCGT-1",1
"GCGCGATCAGCTCGAC-1",4
"GCGCGATGTAAGTAGT-1",6
"GCGCGATGTATCACCA-1",4
"GCGCGATGTCACTTCC-1",2
"GCGCGATGTTACCAGT-1",0
"GCGCGATTCAGTTAGC-1",1
"GCGCGATTCGTTTAGG-1",5
"GCGGGTTAGAAACGAG-1",0
"GCGGGTTAGCTATGCT-1",4
"GCGGGTTAGTGTGAAT-1",1
"GCGGGTTCACGCGAAA-1",0
"GCGGGTTCAGGCAGTA-1",3
"GCGGGTTCAGTAACGG-1",3
"GCGGGTTGTGAGTATA-1",0
"GCGGGTTGTGGCGAAT-1",1
"GCGGGTTTCCAAAGTC-1",0
"GCGGGTTTCCTTTCTC-1",3
"GCGGGTTTCTCCAACC-1",0
"GCGGGTTTCTTGAGGT-1",1
"GCGGGTTTCTTGTATC-1",1
"GCTCCTACAAACTGTC-1",2
"GCTCCTACACCAGGTC-1",1
"GCTCCTACACCGATAT-1",2
"GCTCCTACAGGGTACA-1",0
"GCTCCTACATTAGCCA-1",1
"GCTCCTAGTCAGGACA-1",0
"GCTCCTAGTCCGTCAG-1",0
"GCTCCTATCAGCCTAA-1",0
"GCTCCTATCCCTAATT-1",2
"GCTCTGTAGAGGTAGA-1",2
"GCTCTGTAGCTGAACG-1",1
"GCTCTGTAGGAGTCTG-1",3
"GCTCTGTAGTGCTGCC-1",0
"GCTCTGTAGTGGACGT-1",2
"GCTCTGTTCACCTCGT-1",3
"GCTGCAGAGCGTGAGT-1",3
"GCTGCAGAGTCAAGCG-1",2
"GCTGCAGAGTCCCACG-1",1
"GCTGCAGCAATTGCTG-1",5
"GCTGCAGCATGCCCGA-1",2
"GCTGCAGCATGCCTAA-1",0
"GCTGCAGGTAAACCTC-1",3
"GCTGCAGGTACGAAAT-1",1
"GCTGCAGGTAGCGCAA-1",1
"GCTGCAGGTCACCCAG-1",2
"GCTGCAGGTCATGCCG-1",0
"GCTGCGAAGGAATGGA-1",2
"GCTGCGAGTCTAACGT-1",1
"GCTGCGAGTGTTTGGT-1",0
"GCTGCGATCTCCTATA-1",2
"GCTGCGATCTTGTTTG-1",1
"GCTGCTTAGAATTGTG-1",1
"GCTGCTTAGGCAATTA-1",0
"GCTGCTTCATCACGTA-1",1
"GCTGCTTCATCCAACA-1",1
"GCTGCTTCATGCCTAA-1",0
"GCTGCTTCATGGTCAT-1",1
"GCTGCTTGTAACGACG-1",0
"GCTGCTTGTAATCGTC-1",1
"GCTGCTTGTAGGGACT-1",3
"GCTGCTTGTGAAAGAG-1",1
"GCTGCTTTCCGGGTGT-1",0
"GCTGGGTAGACCCACC-1",3
"GCTGGGTAGCCACGCT-1",1
"GCTGGGTAGTCGCCGT-1",1
"GCTGGGTAGTCTCAAC-1",1
"GCTGGGTCACGGCTAC-1",0
"GCTGGGTCAGCCAATT-1",0
"GCTGGGTGTACAGTTC-1",0
"GCTGGGTGTACCGTTA-1",2
"GCTGGGTGTCGAGTTT-1",3
"GCTGGGTGTCTCCACT-1",0
"GCTGGGTGTGCCTGTG-1",1
"GCTGGGTTCAGCTTAG-1",3
"GCTGGGTTCCTTAATC-1",0
"GCTTCCAAGAAACCTA-1",2
"GCTTCCACACCACCAG-1",3
"GCTTCCACAGGTCGTC-1",1
"GCTTCCACAGTGAGTG-1",0
"GCTTCCAGTATAGGTA-1",1
"GCTTCCAGTTCAGCGC-1",1
"GCTTCCATCGTCCAGG-1",0
"GCTTGAAAGATGGCGT-1",1
"GCTTGAAAGCCGTCGT-1",0
"GCTTGAACAAACCTAC-1",4
"GCTTGAACACGGTGTC-1",1
"GCTTGAACATCGGAAG-1",0
"GCTTGAAGTGCGGTAA-1",0
"GCTTGAAGTTCTCATT-1",3
"GCTTGAATCAGGATCT-1",1
"GGAAAGCAGGCAGGTT-1",3
"GGAAAGCCAAACGCGA-1",0
"GGAAAGCCAAGTACCT-1",3
"GGAAAGCGTAAGCACG-1",0
"GGAAAGCGTCCTCCAT-1",1
"GGAAAGCGTCGCGTGT-1",1
"GGAAAGCGTGCTTCTC-1",0
"GGAAAGCTCCAGAGGA-1",1
"GGAACTTAGAGTAAGG-1",1
"GGAACTTCAATGTAAG-1",1
"GGAACTTCACAGGAGT-1",0
"GGAACTTCACCTCGTT-1",1
"GGAACTTGTCTCTTTA-1",1
"GGAACTTTCATTGCCC-1",1
"GGAACTTTCATTTGGG-1",0
"GGAACTTTCCGTCATC-1",2
"GGAACTTTCCTCAACC-1",1
"GGAACTTTCGGATGTT-1",1
"GGAATAAAGGTACTCT-1",1
"GGAATAAAGTGTCCAT-1",0
"GGAATAACAGCGTCCA-1",1
"GGAATAAGTCTGGTCG-1",1
"GGAATAAGTGCAGGTA-1",0
"GGAATAATCAGCACAT-1",0
"GGAATAATCTTTACGT-1",1
"GGACAAGAGGTACTCT-1",3
"GGACAAGCAACGATGG-1",2
"GGACAAGCAGTCGTGC-1",0
"GGACAAGCATGGGACA-1",0
"GGACAAGGTATAAACG-1",0
"GGACAAGGTATGAAAC-1",3
"GGACAAGGTCGGCATC-1",0
"GGACAAGGTTATGCGT-1",0
"GGACAAGTCTAACGGT-1",1
"GGACAGAAGCTAGTCT-1",2
"GGACAGAAGTACTTGC-1",1
"GGACAGACAACACGCC-1",0
"GGACAGACACAAGCCC-1",1
"GGACAGAGTAAGTGGC-1",5
"GGACAGAGTCTTTCAT-1",0
"GGACAGAGTGAGGGAG-1",2
"GGACAGAGTTCCACAA-1",1
"GGACAGATCAACGCTA-1",5
"GGACATTAGAGGGCTT-1",1
"GGACATTAGCCACGTC-1",2
"GGACATTCAAACGCGA-1",0
"GGACATTCAATGACCT-1",0
"GGACATTCACCAGCAC-1",0
"GGACATTGTTCTGGTA-1",1
"GGACATTTCCTCTAGC-1",1
"GGACGTCAGTACTTGC-1",1
"GGACGTCAGTGGTAAT-1",0
"GGACGTCCACAGTCGC-1",3
"GGACGTCGTGAGGGAG-1",0
"GGACGTCGTGGCGAAT-1",0
"GGACGTCGTTACGGAG-1",2
"GGACGTCGTTTAAGCC-1",3
"GGACGTCTCCACTCCA-1",0
"GGACGTCTCGCAAACT-1",1
"GGACGTCTCTCCAGGG-1",1
"GGACGTCTCTCGAGTA-1",0
"GGACGTCTCTGGTGTA-1",0
"GGACGTCTCTTCGAGA-1",1
"GGAGCAAAGAACTCGG-1",0
"GGAGCAAAGACTGTAA-1",4
"GGAGCAAAGCCGCCTA-1",1
"GGAGCAAAGCTAAACA-1",0
"GGAGCAAAGTACGCCC-1",2
"GGAGCAACAAGCTGTT-1",1
"GGAGCAACAATGGACG-1",2
"GGAGCAACAATTCCTT-1",0
"GGAGCAACATGCTGGC-1",4
"GGAGCAAGTGAGTATA-1",0
"GGAGCAAGTTACTGAC-1",2
"GGAGCAATCAAGATCC-1",0
"GGAGCAATCCCATTTA-1",0
"GGATGTTCAAACTGTC-1",1
"GGATGTTTCATCACCC-1",1
"GGATGTTTCATGCATG-1",2
"GGATGTTTCCTACAGA-1",2
"GGATGTTTCCTCTAGC-1",5
"GGATTACAGATCCCAT-1",5
"GGATTACAGCTTCGCG-1",0
"GGATTACAGGCTAGCA-1",1
"GGATTACAGTATCTCG-1",1
"GGATTACCAAGCGTAG-1",0
"GGATTACCACATCCGG-1",1
"GGATTACCAGCGTAAG-1",1
"GGATTACGTAATAGCA-1",0
"GGATTACGTACACCGC-1",2
"GGATTACGTCTCTTTA-1",0
"GGATTACGTTGAGGTG-1",4
"GGATTACTCGCGCCAA-1",1
"GGATTACTCGGCGCAT-1",0
"GGATTACTCTGCCCTA-1",1
"GGCAATTCAATCGGTT-1",2
"GGCAATTCACGGCGTT-1",4
"GGCAATTCATCACCCT-1",0
"GGCAATTGTCGATTGT-1",1
"GGCAATTTCACTTACT-1",0
"GGCAATTTCAGCACAT-1",2
"GGCAATTTCTCCGGTT-1",2
"GGCCGATAGTGTCTCA-1",1
"GGCCGATCACGGACAA-1",0
"GGCCGATGTAGGACAC-1",1
"GGCCGATGTCACTGGC-1",3
"GGCCGATGTCCCTACT-1",1
"GGCCGATTCACCGTAA-1",0
"GGCCGATTCCGCGCAA-1",1
"GGCGACTAGAGCTGGT-1",0
"GGCGACTAGGACCACA-1",3
"GGCGACTAGGTTACCT-1",1
"GGCGACTCAAAGCGGT-1",0
"GGCGACTCAAGAGTCG-1",1
"GGCGACTCACCAGGTC-1",0
"GGCGACTCATTGTGCA-1",0
"GGCGACTTCAGAAATG-1",1
"GGCGACTTCAGAGACG-1",0
"GGCGACTTCCAGATCA-1",0
"GGCGACTTCTCTAGGA-1",2
"GGCGTGTAGCTAGCCC-1",0
"GGCGTGTAGGGTATCG-1",1
"GGCGTGTCAGGTCCAC-1",4
"GGCGTGTCAGTATAAG-1",0
"GGCGTGTCATCGTCGG-1",0
"GGCGTGTCATGGAATA-1",0
"GGCGTGTGTCTCCCTA-1",4
"GGCGTGTTCTTGAGGT-1",1
"GGCTCGAAGCCGTCGT-1",0
"GGCTCGAAGGTAAACT-1",0
"GGCTCGACAAGAAGAG-1",2
"GGCTCGACAATAGCAA-1",0
"GGCTCGACATGGTCAT-1",3
"GGCTCGAGTATATCCG-1",0
"GGCTCGAGTTACGTCA-1",1
"GGCTCGAGTTAGGGTG-1",1
"GGCTCGATCTGCAAGT-1",0
"GGCTGGTAGAAGAAGC-1",0
"GGCTGGTAGACCCACC-1",3
"GGCTGGTCAAGGACAC-1",0
"GGCTGGTCACTGCCAG-1",0
"GGCTGGTCATTTCAGG-1",0
"GGCTGGTGTATTCTCT-1",3
"GGCTGGTGTCGCATCG-1",1
"GGCTGGTGTCTAGTGT-1",1
"GGCTGGTGTTATGCGT-1",0
"GGGAATGAGCGTTGCC-1",2
"GGGAATGAGTAGGTGC-1",0
"GGGAATGGTAAGGGAA-1",1
"GGGAATGTCAACGAAA-1",0
"GGGAATGTCCAGTATG-1",1
"GGGAATGTCCGGGTGT-1",2
"GGGACCTAGATGTAAC-1",2
"GGGACCTAGTCTTGCA-1",0
"GGGACCTCAATCAGAA-1",1
"GGGACCTCACTGAAGG-1",0
"GGGAGATAGTACGACG-1",1
"GGGAGATCAAAGTGCG-1",1
"GGGAGATCAAATCCGT-1",1
"GGGAGATCAAGGACTG-1",0
"GGGAGATCACGCGAAA-1",1
"GGGAGATGTAGCGCAA-1",1
"GGGAGATTCAACGGGA-1",0
"GGGAGATTCATCACCC-1",2
"GGGATGAAGTGACATA-1",1
"GGGATGACATCATCCC-1",1
"GGGATGAGTCACCCAG-1",0
"GGGATGAGTGGAAAGA-1",0
"GGGATGAGTTACGACT-1",0
"GGGATGAGTTGGTAAA-1",4
"GGGATGATCAGTTAGC-1",5
"GGGATGATCTATCCTA-1",1
"GGGATGATCTTTAGGG-1",2
"GGGCACTAGTCTCGGC-1",1
"GGGCACTCATCTCCCA-1",3
"GGGCACTTCACCTCGT-1",5
"GGGCACTTCTGAGGGA-1",1
"GGGCATCCAATGTAAG-1",2
"GGGCATCCAGTCTTCC-1",0
"GGGCATCGTGGCGAAT-1",0
"GGGCATCTCACAGTAC-1",0
"GGGCATCTCCCTTGTG-1",0
"GGGCATCTCCGGCACA-1",2
"GGGCATCTCTGTCCGT-1",0
"GGGCATCTCTTATCTG-1",0
"GGGTCTGAGAAGATTC-1",0
"GGGTCTGAGATCCCGC-1",0
"GGGTCTGAGCCAACAG-1",0
"GGGTCTGCACAGGCCT-1",1
"GGGTCTGCACCAGGTC-1",2
"GGGTCTGGTCTGGTCG-1",3
"GGGTCTGGTGATGATA-1",0
"GGGTCTGGTGTGACCC-1",4
"GGGTCTGTCAACTCTT-1",0
"GGGTCTGTCACTCCTG-1",0
"GGGTCTGTCCGTAGTA-1",2
"GGGTTGCAGACAGAGA-1",0
"GGGTTGCAGACCTTTG-1",0
"GGGTTGCAGATCGATA-1",0
"GGGTTGCAGGGTGTTG-1",0
"GGGTTGCAGGTGGGTT-1",1
"GGGTTGCCAATAACGA-1",1
"GGGTTGCCACGCCAGT-1",2
"GGGTTGCCATTAACCG-1",2
"GGGTTGCGTACATCCA-1",2
"GGGTTGCGTAGCGCAA-1",0
"GGGTTGCGTCCTCCAT-1",1
"GGGTTGCGTCGAGTTT-1",4
"GGGTTGCGTGAGTATA-1",0
"GGGTTGCGTGTGACCC-1",8
"GGGTTGCTCGTACCGG-1",2
"GGTATTGAGCACCGTC-1",1
"GGTATTGAGCTATGCT-1",1
"GGTATTGCACATCCAA-1",1
"GGTATTGCAGCTTCGG-1",0
"GGTATTGGTTCCGTCT-1",4
"GGTATTGTCAGAAATG-1",4
"GGTATTGTCCATTCTA-1",0
"GGTATTGTCGCCAGCA-1",0
"GGTGAAGAGACACGAC-1",1
"GGTGAAGAGATCCGAG-1",2
"GGTGAAGCAAGGTGTG-1",0
"GGTGAAGCACTCGACG-1",2
"GGTGAAGCAGTATGCT-1",3
"GGTGAAGGTATGAAAC-1",3
"GGTGAAGGTCAGAATA-1",1
"GGTGAAGGTGGTACAG-1",1
"GGTGAAGGTGTATGGG-1",0
"GGTGAAGGTGTCTGAT-1",0
"GGTGAAGGTGTGGTTT-1",0
"GGTGAAGGTGTGTGCC-1",2
"GGTGAAGTCACGATGT-1",1
"GGTGAAGTCACTCTTA-1",1
"GGTGAAGTCTGGCGTG-1",0
"GGTGCGTAGGTGATTA-1",0
"GGTGCGTAGTACGATA-1",1
"GGTGCGTCACTTAAGC-1",3
"GGTGCGTCAGCTGTAT-1",2
"GGTGCGTGTTCGTTGA-1",2
"GGTGCGTTCCGTACAA-1",1
"GGTGCGTTCTTGACGA-1",3
"GGTGTTAAGGGCTCTC-1",1
"GGTGTTAAGTAGCGGT-1",0
"GGTGTTAAGTGGGATC-1",1
"GGTGTTAAGTTATCGC-1",0
"GGTGTTACAAATCCGT-1",2
"GGTGTTACACGGATAG-1",3
"GGTGTTAGTAATCACC-1",0
"GGTGTTAGTAGCAAAT-1",2
"GGTGTTAGTGTATGGG-1",1
"GGTGTTAGTTGAACTC-1",0
"GGTGTTATCGGACAAG-1",0
"GGTGTTATCGGTGTTA-1",2
"GGTGTTATCTACTTAC-1",2
"GTAACGTAGGTGACCA-1",2
"GTAACGTCACAGGCCT-1",1
"GTAACGTGTACCATCA-1",2
"GTAACGTGTGAGTATA-1",1
"GTAACGTGTTACGGAG-1",5
"GTAACGTGTTAGGGTG-1",2
"GTAACGTTCGGTCCGA-1",1
"GTAACGTTCTCATTCA-1",2
"GTAACTGAGTGGGTTG-1",1
"GTAACTGCAATGGAAT-1",3
"GTAACTGCACAGGCCT-1",2
"GTAACTGCAGGATCGA-1",4
"GTAACTGCATCGGGTC-1",0
"GTAACTGGTATTACCG-1",2
"GTAACTGTCACGGTTA-1",1
"GTAACTGTCTACTATC-1",0
"GTACGTAAGGTGCTTT-1",1
"GTACGTACAGGAATGC-1",0
"GTACGTACATGGATGG-1",0
"GTACGTAGTGAGTGAC-1",3
"GTACGTAGTTGGTAAA-1",0
"GTACGTATCACCTCGT-1",2
"GTACGTATCATCGGAT-1",0
"GTACGTATCCACTGGG-1",0
"GTACTCCAGGCAGTCA-1",1
"GTACTCCCAATAGCGG-1",1
"GTACTCCCACAGGTTT-1",2
"GTACTCCTCACCTTAT-1",3
"GTACTCCTCATTGCCC-1",1
"GTACTCCTCCTTCAAT-1",0
"GTACTTTCAGTTAACC-1",2
"GTACTTTCATGTCGAT-1",6
"GTACTTTTCCGAAGAG-1",0
"GTAGGCCAGCAATCTC-1",1
"GTAGGCCCATTCGACA-1",2
"GTAGGCCGTAACGCGA-1",0
"GTAGGCCGTAAGGGCT-1",1
"GTAGGCCGTACGACCC-1",2
"GTAGGCCGTTCAGGCC-1",1
"GTAGGCCGTTGATTGC-1",0
"GTAGGCCTCAGCACAT-1",2
"GTAGTCAAGAATGTGT-1",3
"GTAGTCAAGATGCCTT-1",1
"GTAGTCAAGGACGAAA-1",0
"GTAGTCAAGTGAAGAG-1",0
"GTAGTCATCGTCACGG-1",3
"GTAGTCATCTGAAAGA-1",2
"GTATCTTAGAAACCAT-1",1
"GTATCTTAGGCTATCT-1",0
"GTATCTTAGTTGTCGT-1",2
"GTATCTTCACACCGCA-1",2
"GTATCTTCACGAAGCA-1",1
"GTATCTTGTTCGCTAA-1",4
"GTATCTTTCATGCTCC-1",2
"GTATCTTTCATGTAGC-1",1
"GTATTCTAGAAACCAT-1",4
"GTATTCTAGACAAAGG-1",0
"GTATTCTCAAAGTCAA-1",3
"GTATTCTCAACAACCT-1",0
"GTATTCTCAACTTGAC-1",0
"GTATTCTCAATAAGCA-1",3
"GTATTCTCAGGGTTAG-1",2
"GTATTCTCATACTACG-1",1
"GTATTCTCATGGTAGG-1",0
"GTATTCTGTAGTGAAT-1",0
"GTATTCTGTCTAGAGG-1",0
"GTCAAGTCATATGCTG-1",0
"GTCAAGTCATGGTTGT-1",1
"GTCAAGTGTCAGCTAT-1",0
"GTCAAGTGTTCCACTC-1",1
"GTCACAAAGCCGATTT-1",1
"GTCACAAAGTGGAGTC-1",1
"GTCACAACAGGTGGAT-1",0
"GTCACAAGTAAACGCG-1",0
"GTCACAATCAGGATCT-1",0
"GTCACAATCAGTTGAC-1",0
"GTCACAATCATGCATG-1",0
"GTCACGGAGATCACGG-1",1
"GTCACGGCATATACCG-1",0
"GTCACGGGTGAGTGAC-1",2
"GTCACGGGTGTGGCTC-1",3
"GTCACGGTCGAGAGCA-1",0
"GTCACGGTCTACCTGC-1",0
"GTCATTTAGAGACTAT-1",2
"GTCATTTCACGTGAGA-1",1
"GTCATTTGTAGAAGGA-1",1
"GTCATTTGTCAGATAA-1",2
"GTCATTTTCCAGAGGA-1",1
"GTCCTCAAGCCCAACC-1",1
"GTCCTCAAGTAGATGT-1",2
"GTCCTCAAGTGGGCTA-1",1
"GTCCTCACAATCACAC-1",3
"GTCCTCAGTGGAAAGA-1",1
"GTCCTCATCAAAGACA-1",1
"GTCCTCATCGTCCGTT-1",5
"GTCGGGTCACTGAAGG-1",0
"GTCGGGTCACTTCGAA-1",0
"GTCGGGTCATGAAGTA-1",1
"GTCGGGTGTCTCACCT-1",1
"GTCGGGTGTGTGACGA-1",3
"GTCGGGTGTGTGTGCC-1",1
"GTCGGGTGTTACGTCA-1",2
"GTCGGGTTCTGCTGTC-1",1
"GTCGGGTTCTGTGCAA-1",0
"GTCGTAAAGAGATGAG-1",2
"GTCGTAAAGCTGCAAG-1",0
"GTCGTAAAGGCGACAT-1",3
"GTCGTAACATCACGAT-1",1
"GTCGTAAGTATCACCA-1",0
"GTCGTAATCCAAGTAC-1",1
"GTCTCGTAGACCACGA-1",0
"GTCTCGTCAGGAACGT-1",1
"GTCTCGTGTGGTAACG-1",0
"GTCTCGTGTTTGGCGC-1",2
"GTCTCGTTCACCGGGT-1",0
"GTCTCGTTCAGTGCAT-1",3
"GTCTTCGAGACAAGCC-1",3
"GTCTTCGAGGAATGGA-1",4
"GTCTTCGAGTCAAGCG-1",0
"GTCTTCGCACATGGGA-1",2
"GTCTTCGCACCAGGTC-1",0
"GTCTTCGCAGACGCAA-1",0
"GTCTTCGCATAACCTG-1",1
"GTCTTCGCATCGATGT-1",0
"GTCTTCGGTCTAGTGT-1",1
"GTCTTCGTCTCGATGA-1",0
"GTGAAGGAGAGCTGGT-1",1
"GTGAAGGAGATCGGGT-1",1
"GTGAAGGAGCCAGTTT-1",0
"GTGAAGGAGTGTTGAA-1",1
"GTGAAGGCAAAGGCGT-1",0
"GTGAAGGCACTTAAGC-1",4
"GTGAAGGCAGATTGCT-1",3
"GTGAAGGGTATATGGA-1",1
"GTGAAGGGTCTCTCTG-1",0
"GTGAAGGTCTCCTATA-1",1
"GTGCAGCAGACATAAC-1",3
"GTGCAGCAGTGGTCCC-1",3
"GTGCAGCCACATCTTT-1",0
"GTGCAGCGTGAGTATA-1",2
"GTGCAGCTCTTAGAGC-1",1
"GTGCATAAGGCATGGT-1",3
"GTGCATAGTTTGTTGG-1",1
"GTGCATATCAGAGCTT-1",1
"GTGCATATCATCATTC-1",0
"GTGCATATCTGCGTAA-1",1
"GTGCGGTAGCAATCTC-1",4
"GTGCGGTAGGACAGAA-1",0
"GTGCGGTCAAAGGTGC-1",1
"GTGCGGTGTTCAGACT-1",2
"GTGCGGTGTTCTGTTT-1",2
"GTGCGGTTCATCTGCC-1",0
"GTGCGGTTCCAGGGCT-1",1
"GTGCGGTTCGGATGGA-1",1
"GTGCGGTTCTCGTTTA-1",0
"GTGCGGTTCTGCTGTC-1",3
"GTGCTTCAGCCAGTTT-1",5
"GTGCTTCAGGATTCGG-1",1
"GTGCTTCAGTACACCT-1",1
"GTGCTTCCACTTAACG-1",0
"GTGCTTCCAGCTATTG-1",3
"GTGCTTCGTAGAGTGC-1",0
"GTGCTTCTCACAATGC-1",1
"GTGCTTCTCACTTCAT-1",1
"GTGGGTCAGACCGGAT-1",1
"GTGGGTCAGACTGTAA-1",2
"GTGGGTCAGCCGTCGT-1",1
"GTGGGTCCACCAACCG-1",0
"GTGGGTCCACCACCAG-1",2
"GTGTGCGAGACCGGAT-1",1
"GTGTGCGAGACTTGAA-1",3
"GTGTGCGCAGGTCGTC-1",2
"GTGTGCGGTGAGCGAT-1",0
"GTGTGCGTCAGTCAGT-1",1
"GTGTGCGTCCCTTGTG-1",0
"GTGTGCGTCTAACTTC-1",0
"GTGTTAGAGCACGCCT-1",2
"GTGTTAGAGGACAGAA-1",1
"GTGTTAGAGGCATGGT-1",1
"GTGTTAGAGTGGAGAA-1",0
"GTGTTAGAGTTTGCGT-1",1
"GTGTTAGCAATGGAAT-1",3
"GTGTTAGCACCACCAG-1",0
"GTGTTAGGTGCCTGGT-1",1
"GTGTTAGGTGGAAAGA-1",2
"GTGTTAGGTTCCATGA-1",0
"GTGTTAGGTTGGGACA-1",0
"GTTAAGCAGAGCTGCA-1",6
"GTTAAGCAGATAGCAT-1",1
"GTTAAGCAGCTAACAA-1",2
"GTTAAGCAGGCTACGA-1",3
"GTTAAGCAGTGTACCT-1",2
"GTTAAGCAGTTTGCGT-1",2
"GTTAAGCCATTCACTT-1",0
"GTTAAGCGTACTCGCG-1",2
"GTTAAGCGTCTAGGTT-1",3
"GTTAAGCGTGGCAAAC-1",2
"GTTAAGCGTTGCTCCT-1",1
"GTTAAGCTCCTTTCGG-1",4
"GTTACAGAGAGCTATA-1",0
"GTTACAGAGTACGATA-1",0
"GTTACAGCAGACGCCT-1",0
"GTTACAGCATCGGTTA-1",1
"GTTACAGGTATGGTTC-1",1
"GTTACAGGTCGACTGC-1",2
"GTTACAGGTCTAGGTT-1",0
"GTTCATTAGCGATGAC-1",0
"GTTCATTCATATACGC-1",0
"GTTCATTCATTGGCGC-1",3
"GTTCATTGTGCACGAA-1",1
"GTTCATTGTGTTAAGA-1",0
"GTTCATTGTTCAGTAC-1",4
"GTTCGGGAGACGACGT-1",0
"GTTCGGGAGCTAAGAT-1",4
"GTTCGGGAGTGTCTCA-1",2
"GTTCGGGGTAGGGTAC-1",3
"GTTCGGGGTGCAGGTA-1",4
"GTTCGGGTCCACGCAG-1",2
"GTTCGGGTCTACTTAC-1",2
"GTTCTCGAGACCACGA-1",0
"GTTCTCGAGCGATGAC-1",0
"GTTCTCGAGGCCATAG-1",1
"GTTCTCGCATCGGACC-1",2
"GTTCTCGGTAAGGGAA-1",2
"GTTCTCGGTAGCGTAG-1",0
"GTTCTCGGTCCGTGAC-1",0
"GTTCTCGGTGTTAAGA-1",1
"GTTCTCGTCAACGCTA-1",0
"GTTCTCGTCCTGTACC-1",1
"GTTTCTACAAACCTAC-1",2
"GTTTCTACAAGAAAGG-1",3
"GTTTCTAGTGTTGGGA-1",0
"GTTTCTATCCCAACGG-1",0
"GTTTCTATCCGTAGTA-1",1
"GTTTCTATCGGCATCG-1",1
"TAAACCGGTACTTAGC-1",0
"TAAACCGTCACTCTTA-1",1
"TAAACCGTCAGGCGAA-1",0
"TAAACCGTCCGTTGTC-1",0
"TAAACCGTCTTCCTTC-1",1
"TAAGAGACAAGTTGTC-1",0
"TAAGAGAGTATATCCG-1",1
"TAAGAGATCAATCACG-1",1
"TAAGAGATCTAACGGT-1",3
"TAAGAGATCTTTCCTC-1",0
"TAAGCGTAGTGGACGT-1",1
"TAAGCGTAGTGTCTCA-1",1
"TAAGCGTCAGCTTCGG-1",0
"TAAGCGTCAGGTGGAT-1",1
"TAAGCGTGTCCTGCTT-1",0
"TAAGCGTGTGCCTGGT-1",1
"TAAGCGTGTTGTTTGG-1",0
"TAAGCGTTCCTCATTA-1",2
"TAAGCGTTCGGCGCAT-1",2
"TAAGCGTTCTCGCATC-1",2
"TAAGTGCAGGCTAGGT-1",2
"TAAGTGCAGTAGCGGT-1",0
"TAAGTGCCAACGCACC-1",2
"TAAGTGCCATACAGCT-1",2
"TAAGTGCGTAAACACA-1",2
"TAAGTGCGTCTCACCT-1",1
"TAAGTGCGTTCAGACT-1",0
"TAAGTGCTCACCCTCA-1",0
"TAAGTGCTCACTGGGC-1",1
"TAAGTGCTCTGGCGTG-1",3
"TACACGACACCCATTC-1",2
"TACACGAGTGATAAAC-1",0
"TACACGATCTGTCTCG-1",3
"TACAGTGAGATGCGAC-1",1
"TACAGTGAGCGTTGCC-1",0
"TACAGTGAGTGTACGG-1",0
"TACAGTGCAGGAATCG-1",0
"TACAGTGCAGGTGCCT-1",2
"TACAGTGGTACTCAAC-1",0
"TACAGTGGTTGGACCC-1",0
"TACCTATAGAGCTGGT-1",1
"TACCTATAGAGTTGGC-1",1
"TACCTATAGGCTCATT-1",1
"TACCTATAGTTAGCGG-1",1
"TACCTATCAAGCTGGA-1",0
"TACCTATGTAAATGAC-1",0
"TACCTATGTAGAGTGC-1",2
"TACCTATGTCACCTAA-1",1
"TACCTATGTGTTGAGG-1",0
"TACCTATGTTAAAGAC-1",1
"TACCTATTCTATGTGG-1",2
"TACCTATTCTTCCTTC-1",2
"TACCTTAAGAGGTTGC-1",2
"TACCTTAAGTCAAGCG-1",0
"TACCTTAAGTGGTCCC-1",2
"TACCTTACAACTGGCC-1",2
"TACCTTACAAGGGTCA-1",2
"TACCTTACACTCAGGC-1",0
"TACCTTACATCTACGA-1",2
"TACCTTAGTAGCGTCC-1",4
"TACCTTAGTCTCCACT-1",1
"TACGGATAGATGGCGT-1",2
"TACGGATAGGTACTCT-1",1
"TACGGATCAGGGATTG-1",2
"TACGGATCATCACCCT-1",2
"TACGGATGTCTAGCCG-1",5
"TACGGATTCGGTGTCG-1",0
"TACGGATTCTACTATC-1",2
"TACGGGCAGGATGCGT-1",1
"TACGGGCAGGGAACGG-1",2
"TACGGGCAGTATTGGA-1",1
"TACGGGCAGTCAAGCG-1",0
"TACGGGCCAAGAAGAG-1",0
"TACGGGCCACCAGATT-1",0
"TACGGGCCATCAGTAC-1",1
"TACGGGCGTAAGGGCT-1",3
"TACGGGCGTCTGATTG-1",0
"TACGGGCGTGATGTGG-1",0
"TACGGGCTCACCTTAT-1",0
"TACGGGCTCAGCTCTC-1",0
"TACGGGCTCCACGAAT-1",2
"TACGGGCTCCTATTCA-1",2
"TACGGGCTCGGTGTTA-1",3
"TACGGTAAGATATGGT-1",1
"TACGGTAAGCCGATTT-1",0
"TACGGTAAGTCATGCT-1",0
"TACGGTAAGTGCCATT-1",0
"TACGGTACACAGGCCT-1",0
"TACGGTACATTTCAGG-1",2
"TACGGTAGTATATCCG-1",2
"TACGGTAGTCACTTCC-1",1
"TACGGTAGTGCAGGTA-1",0
"TACGGTAGTGGGTATG-1",1
"TACGGTATCGCAGGCT-1",4
"TACGGTATCGGACAAG-1",0
"TACGGTATCGTTTATC-1",0
"TACTCATAGTCACGCC-1",0
"TACTCATCAATCTACG-1",1
"TACTCATCACGGTAGA-1",4
"TACTCATCACTTCTGC-1",0
"TACTCATCATCCGTGG-1",1
"TACTCATCATGTCGAT-1",3
"TACTCATGTACAGCAG-1",0
"TACTCATGTCTTCAAG-1",1
"TACTCATTCCTTTCTC-1",0
"TACTCGCAGGCGACAT-1",2
"TACTCGCGTCAGAAGC-1",1
"TACTCGCGTCTGATTG-1",0
"TACTCGCGTGTAACGG-1",1
"TACTCGCGTTGAGTTC-1",2
"TACTCGCTCAACGGGA-1",1
"TACTCGCTCCGAATGT-1",2
"TACTTACAGACTAGGC-1",1
"TACTTACAGCTGAACG-1",0
"TACTTACAGTACACCT-1",2
"TACTTACAGTACGCCC-1",1
"TACTTACAGTGATCGG-1",1
"TACTTACCAAGCCGTC-1",2
"TACTTACCACAGGTTT-1",0
"TACTTACTCGCGTTTC-1",2
"TACTTGTAGCGATATA-1",6
"TACTTGTAGTAATCCC-1",0
"TACTTGTCAAACAACA-1",2
"TACTTGTCATGCAACT-1",1
"TACTTGTGTAGCACGA-1",2
"TACTTGTGTATAAACG-1",0
"TACTTGTGTTCCACAA-1",4
"TACTTGTTCTGCAGTA-1",1
"TAGACCAAGAGACGAA-1",1
"TAGACCAAGCCTCGTG-1",0
"TAGACCAAGTCGATAA-1",1
"TAGACCACAACACCCG-1",3
"TAGACCAGTAGATTAG-1",0
"TAGACCAGTTCATGGT-1",4
"TAGACCATCACTTCAT-1",3
"TAGACCATCGTCACGG-1",1
"TAGACCATCTCCAGGG-1",2
"TAGAGCTAGAATTCCC-1",1
"TAGAGCTAGTATTGGA-1",4
"TAGAGCTCACTGAAGG-1",0
"TAGAGCTGTACTTGAC-1",3
"TAGAGCTGTAGGGACT-1",3
"TAGAGCTGTCTAAAGA-1",1
"TAGCCGGAGACTGGGT-1",1
"TAGCCGGAGTCCCACG-1",0
"TAGCCGGAGTGACATA-1",0
"TAGCCGGCAGCAGTTT-1",1
"TAGCCGGGTACAGTGG-1",1
"TAGCCGGGTACCATCA-1",1
"TAGCCGGGTCGCGAAA-1",0
"TAGCCGGTCACGACTA-1",2
"TAGCCGGTCCAGGGCT-1",0
"TAGGCATAGAACTGTA-1",2
"TAGGCATAGCTAGGCA-1",1
"TAGGCATAGTCGTACT-1",0
"TAGGCATAGTTTAGGA-1",0
"TAGGCATCAAGCCTAT-1",2
"TAGGCATCAGACGCAA-1",0
"TAGGCATGTACGAAAT-1",0
"TAGGCATGTCCAGTTA-1",0
"TAGGCATGTTCCACTC-1",0
"TAGGCATTCCCTAACC-1",3
"TAGGCATTCGCTAGCG-1",0
"TAGGCATTCGTAGATC-1",3
"TAGGCATTCTTCATGT-1",1
"TAGTGGTAGATCACGG-1",3
"TAGTGGTAGCTGTTCA-1",0
"TAGTGGTCAGTATAAG-1",0
"TAGTGGTGTAGCGTAG-1",1
"TAGTGGTTCAGCATGT-1",0
"TAGTGGTTCGGCGCAT-1",1
"TAGTGGTTCTCAAGTG-1",2
"TAGTGGTTCTGGGCCA-1",0
"TAGTGGTTCTTTAGTC-1",5
"TAGTTGGAGATAGGAG-1",1
"TAGTTGGCAGACGCAA-1",2
"TAGTTGGCATGCGCAC-1",2
"TAGTTGGGTATGGTTC-1",2
"TAGTTGGTCCGAATGT-1",0
"TAGTTGGTCTACTCAT-1",0
"TAGTTGGTCTCTAAGG-1",1
"TAGTTGGTCTGATACG-1",1
"TATCAGGAGAGTAAGG-1",3
"TATCAGGAGATCCGAG-1",0
"TATCAGGAGCAGATCG-1",0
"TATCAGGAGGTGCTTT-1",1
"TATCAGGCAACTTGAC-1",3
"TATCAGGCACGTTGGC-1",2
"TATCAGGGTCCGTTAA-1",0
"TATCAGGGTCTGCAAT-1",0
"TATCAGGGTTAAAGAC-1",0
"TATCAGGTCAAGATCC-1",4
"TATCAGGTCCACTCCA-1",0
"TATCAGGTCGTAGGTT-1",1
"TATCTCAAGAGTTGGC-1",2
"TATCTCAAGCCACCTG-1",1
"TATCTCAAGCGTAATA-1",0
"TATCTCAAGGCTAGCA-1",0
"TATCTCAAGTGGGCTA-1",5
"TATCTCACATGTCCTC-1",1
"TATCTCAGTAACGACG-1",0
"TATCTCAGTACCTACA-1",0
"TATCTCAGTACGACCC-1",0
"TATCTCAGTCAATGTC-1",2
"TATCTCATCAAGCCTA-1",3
"TATGCCCAGAAACCGC-1",1
"TATGCCCAGGTAGCTG-1",1
"TATGCCCCAATGGAAT-1",2
"TATGCCCCACTTAACG-1",1
"TATGCCCCATGTTCCC-1",0
"TATGCCCGTAGCCTCG-1",2
"TATGCCCGTATAGGGC-1",6
"TATGCCCGTATGAAAC-1",0
"TATGCCCGTCGCCATG-1",1
"TATGCCCGTGCCTTGG-1",0
"TATGCCCGTTAAGATG-1",2
"TATGCCCGTTGGTGGA-1",0
"TATGCCCGTTTAGGAA-1",2
"TATGCCCTCGTCTGCT-1",3
"TATTACCAGAGAGCTC-1",2
"TATTACCAGCAAATCA-1",3
"TATTACCAGCCCGAAA-1",1
"TATTACCAGTATCTCG-1",0
"TATTACCCAAAGTGCG-1",1
"TATTACCCAGACAAGC-1",1
"TATTACCCAGTCAGCC-1",1
"TATTACCCATAAAGGT-1",2
"TATTACCCATCTACGA-1",1
"TATTACCGTCCAGTAT-1",4
"TCAACGAAGCCGATTT-1",3
"TCAACGAAGCGATGAC-1",4
"TCAACGAAGGCATGTG-1",2
"TCAACGAAGTAGTGCG-1",0
"TCAACGACACCAGGCT-1",0
"TCAACGACATGCCTTC-1",0
"TCAACGAGTTACCAGT-1",1
"TCAACGAGTTCCATGA-1",3
"TCAACGAGTTCTGGTA-1",4
"TCAACGATCAGTCCCT-1",1
"TCAACGATCTGTGCAA-1",0
"TCAATCTAGATCCCGC-1",1
"TCAATCTCACAAGCCC-1",0
"TCAATCTCACAGCCCA-1",4
"TCAATCTCATGACGGA-1",1
"TCAATCTCATTTGCTT-1",0
"TCAATCTGTAGTGAAT-1",3
"TCAATCTGTTAGATGA-1",1
"TCAATCTTCAGATAAG-1",1
"TCAATCTTCATGTCCC-1",0
"TCACAAGAGACTGGGT-1",1
"TCACAAGAGAGAGCTC-1",0
"TCACAAGAGGCCCTCA-1",0
"TCACAAGAGGTGGGTT-1",3
"TCACAAGAGTAGATGT-1",0
"TCACAAGCAGTATGCT-1",2
"TCACAAGCATAACCTG-1",1
"TCACAAGCATGACATC-1",0
"TCACAAGGTCAGATAA-1",3
"TCACAAGGTGTGGTTT-1",0
"TCACAAGTCATCATTC-1",1
"TCACAAGTCATGCATG-1",2
"TCACGAAAGCTCCTTC-1",1
"TCACGAAAGGTGCTTT-1",0
"TCACGAAAGTCTCGGC-1",2
"TCACGAACACAAGACG-1",0
"TCACGAACACTGTCGG-1",0
"TCACGAAGTGGTCCGT-1",1
"TCACGAAGTTGGTGGA-1",4
"TCACGAATCATGCAAC-1",1
"TCACGAATCCCGACTT-1",2
"TCACGAATCCTCGCAT-1",2
"TCACGAATCGTCACGG-1",3
"TCAGATGAGGTGCACA-1",1
"TCAGATGGTCTTGTCC-1",0
"TCAGATGGTGCCTGCA-1",0
"TCAGATGGTGCTGTAT-1",0
"TCAGATGTCAGTTTGG-1",1
"TCAGATGTCGCATGAT-1",1
"TCAGATGTCTCCTATA-1",1
"TCAGCAAAGGAGTCTG-1",1
"TCAGCAAAGGCTCATT-1",0
"TCAGCAAAGTACGACG-1",1
"TCAGCAAAGTGGCACA-1",0
"TCAGCAACACGCATCG-1",0
"TCAGCAAGTACCGGCT-1",1
"TCAGCAATCAGCGATT-1",2
"TCAGCAATCGGAAACG-1",0
"TCAGCAATCTTCAACT-1",2
"TCAGCTCAGGTGTTAA-1",1
"TCAGCTCAGTATGACA-1",0
"TCAGCTCCAATCTGCA-1",0
"TCAGCTCCACGGTTTA-1",0
"TCAGCTCGTAATAGCA-1",1
"TCAGCTCGTCCGTCAG-1",0
"TCAGCTCGTTCACGGC-1",2
"TCAGCTCTCACGATGT-1",1
"TCAGCTCTCATGCATG-1",2
"TCAGCTCTCCTAAGTG-1",3
"TCAGCTCTCTCGTATT-1",0
"TCAGGATAGACAGAGA-1",2
"TCAGGATAGATATGGT-1",1
"TCAGGATCAAACGTGG-1",3
"TCAGGATCAAGTTCTG-1",1
"TCAGGATCACGGTGTC-1",1
"TCAGGATCACTGTGTA-1",1
"TCAGGATCAGCATACT-1",0
"TCAGGATCATCTGGTA-1",1
"TCAGGATGTAAGCACG-1",1
"TCAGGATGTGGCCCTA-1",2
"TCAGGATTCCGATATG-1",1
"TCAGGATTCTCGATGA-1",2
"TCAGGTAAGATGGCGT-1",3
"TCAGGTAAGTGTTTGC-1",3
"TCAGGTACACAAGTAA-1",0
"TCAGGTACACAGAGGT-1",0
"TCAGGTACAGCTGCTG-1",2
"TCAGGTAGTAAACGCG-1",0
"TCATTACAGAAACCAT-1",0
"TCATTACAGGAGTTGC-1",1
"TCATTACAGTTGCAGG-1",3
"TCATTACCACATCCAA-1",1
"TCATTACCAGTCAGCC-1",2
"TCATTACGTACGCACC-1",4
"TCATTACGTCTAGAGG-1",2
"TCATTACGTGAAGGCT-1",2
"TCATTACGTTCTGTTT-1",4
"TCATTACTCATCGATG-1",1
"TCATTTGAGCCAGTTT-1",0
"TCATTTGCACGTCTCT-1",1
"TCATTTGCAGTTAACC-1",0
"TCATTTGTCCAGAGGA-1",1
"TCATTTGTCCCTTGCA-1",3
"TCATTTGTCCGTCAAA-1",2
"TCATTTGTCGCTAGCG-1",1
"TCATTTGTCGTACGGC-1",3
"TCATTTGTCTCTGCTG-1",0
"TCCACACCAAAGAATC-1",1
"TCCACACCACGCCAGT-1",1
"TCCACACGTACAGCAG-1",0
"TCCACACGTAGCCTAT-1",2
"TCCACACGTCATCGGC-1",4
"TCCACACGTGACCAAG-1",3
"TCCACACGTGCGAAAC-1",0
"TCCACACTCAACACCA-1",0
"TCCACACTCCAGTATG-1",3
"TCCACACTCCCATTTA-1",0
"TCCACACTCGAACTGT-1",4
"TCCCGATAGAAGAAGC-1",5
"TCCCGATAGCACAGGT-1",0
"TCCCGATAGCCGGTAA-1",2
"TCCCGATCAAGGTTCT-1",0
"TCCCGATCAGCCAATT-1",1
"TCCCGATCATCCAACA-1",0
"TCCCGATGTAAGGATT-1",0
"TCCCGATGTCAATACC-1",1
"TCCCGATTCAGAAATG-1",0
"TCCCGATTCAGTCCCT-1",0
"TCCCGATTCATCTGTT-1",0
"TCCCGATTCCCTAATT-1",1
"TCCCGATTCTGGAGCC-1",1
"TCGAGGCAGCGATGAC-1",1
"TCGAGGCAGTGTTTGC-1",3
"TCGAGGCCAAAGAATC-1",6
"TCGAGGCCAAGTTCTG-1",0
"TCGAGGCCAGTAACGG-1",1
"TCGAGGCGTATATCCG-1",1
"TCGAGGCTCGCAAGCC-1",3
"TCGAGGCTCTTGAGAC-1",0
"TCGAGGCTCTTTCCTC-1",0
"TCGCGAGAGACAAAGG-1",1
"TCGCGAGAGTGAATTG-1",3
"TCGCGAGCAAGCGTAG-1",0
"TCGCGAGCACCGAATT-1",0
"TCGCGAGCAGTAAGAT-1",0
"TCGCGAGTCCACGAAT-1",0
"TCGCGAGTCTAGCACA-1",3
"TCGCGAGTCTCTAGGA-1",1
"TCGCGAGTCTTCATGT-1",2
"TCGCGTTAGTGGGCTA-1",0
"TCGCGTTCACAGGCCT-1",0
"TCGCGTTCATCACAAC-1",0
"TCGCGTTCATCTCGCT-1",0
"TCGCGTTGTTCACCTC-1",5
"TCGCGTTTCAAGATCC-1",1
"TCGCGTTTCAGGTAAA-1",4
"TCGCGTTTCATTCACT-1",1
"TCGCGTTTCCTGTACC-1",4
"TCGCGTTTCGCCCTTA-1",2
"TCGGGACCACACATGT-1",0
"TCGGGACTCCTTGCCA-1",0
"TCGGGACTCTGCGGCA-1",1
"TCGGGACTCTTGTCAT-1",0
"TCGGTAAAGACAGGCT-1",4
"TCGGTAAAGCTCAACT-1",0
"TCGGTAACAAGCTGAG-1",0
"TCGGTAACAGGAATGC-1",1
"TCGGTAAGTATATGGA-1",2
"TCGGTAAGTCTAGTCA-1",0
"TCGGTAATCCCGGATG-1",4
"TCGTACCAGCAGGCTA-1",1
"TCGTACCAGTTTCCTT-1",4
"TCGTACCGTTTGCATG-1",1
"TCGTACCTCGGGAGTA-1",3
"TCGTAGAAGCTAACTC-1",0
"TCGTAGAAGGCGACAT-1",0
"TCGTAGAAGGGAACGG-1",2
"TCGTAGAAGTCCATAC-1",2
"TCGTAGACAATCCAAC-1",0
"TCGTAGACACTCAGGC-1",0
"TCGTAGAGTATGAATG-1",1
"TCGTAGAGTGAGCGAT-1",0
"TCGTAGAGTGTGTGCC-1",0
"TCGTAGAGTTCAACCA-1",2
"TCGTAGAGTTCCATGA-1",0
"TCGTAGATCCAAGCCG-1",1
"TCGTAGATCTTAGCCC-1",1
"TCTATTGAGCGATTCT-1",1
"TCTATTGAGTGCCATT-1",2
"TCTATTGCACATCTTT-1",6
"TCTATTGGTAAGTGTA-1",0
"TCTATTGGTCCAACTA-1",1
"TCTATTGGTCTGCCAG-1",1
"TCTATTGGTTGCTCCT-1",3
"TCTATTGTCGGCGCTA-1",1
"TCTCATAAGCTAAACA-1",1
"TCTCATAAGCTAGTCT-1",0
"TCTCATAAGTGCCATT-1",0
"TCTCATAGTACCGGCT-1",6
"TCTCATAGTGTAAGTA-1",2
"TCTCATATCAAGCCTA-1",0
"TCTCATATCACCTTAT-1",4
"TCTCATATCCTGTACC-1",1
"TCTCTAAAGACCGGAT-1",3
"TCTCTAAAGGGTGTTG-1",6
"TCTCTAACAGCCTATA-1",3
"TCTCTAAGTCCAGTAT-1",0
"TCTCTAAGTCCATGAT-1",0
"TCTCTAAGTCTCATCC-1",0
"TCTCTAAGTGGAAAGA-1",1
"TCTCTAATCAAACCAC-1",2
"TCTCTAATCAACGCTA-1",0
"TCTCTAATCACAGGCC-1",1
"TCTCTAATCACATACG-1",2
"TCTCTAATCCGTAGGC-1",2
"TCTCTAATCGTATCAG-1",0
"TCTGAGACAAACCTAC-1",1
"TCTGAGACACGGATAG-1",0
"TCTGAGACAGAGTGTG-1",4
"TCTGAGAGTAAGGGAA-1",4
"TCTGAGATCCTTGACC-1",2
"TCTGAGATCTATCCTA-1",1
"TCTGGAAAGCGATGAC-1",3
"TCTGGAAAGCTAGTTC-1",0
"TCTGGAAAGCTCTCGG-1",3
"TCTGGAAAGGAGCGAG-1",2
"TCTGGAACACAAGACG-1",1
"TCTGGAACACACTGCG-1",0
"TCTGGAACACTTCTGC-1",2
"TCTGGAAGTGAGTATA-1",2
"TCTGGAATCTGTCTAT-1",1
"TCTTCGGAGGTTCCTA-1",1
"TCTTCGGAGTTCGATC-1",0
"TCTTCGGCAAAGCAAT-1",3
"TCTTCGGCAAAGGTGC-1",1
"TCTTCGGCAATAGCAA-1",0
"TCTTCGGCAATGTAAG-1",2
"TCTTCGGCACACCGAC-1",0
"TCTTCGGCAGCCAATT-1",3
"TCTTCGGGTCATTAGC-1",1
"TCTTCGGTCGTAGGTT-1",0
"TCTTCGGTCTCTAAGG-1",4
"TCTTTCCAGAGAGCTC-1",0
"TCTTTCCAGTCATCCA-1",1
"TCTTTCCCATCTCCCA-1",0
"TCTTTCCGTAATCACC-1",2
"TCTTTCCGTAGTACCT-1",3
"TCTTTCCTCACAACGT-1",0
"TCTTTCCTCAGCTGGC-1",1
"TCTTTCCTCCAAGTAC-1",0
"TCTTTCCTCCTCGCAT-1",0
"TGAAAGAAGCTAAGAT-1",1
"TGAAAGACAAGCCGTC-1",2
"TGAAAGACACATTCGA-1",2
"TGAAAGACATGAGCGA-1",3
"TGAAAGAGTCTAGCGC-1",0
"TGAAAGAGTCTCATCC-1",0
"TGAAAGATCCCGACTT-1",1
"TGAAAGATCTATGTGG-1",1
"TGACAACCAAGCGAGT-1",0
"TGACAACGTAGGGACT-1",0
"TGACAACGTGCGCTTG-1",0
"TGACAACGTGGTTTCA-1",1
"TGACAACTCACAAACC-1",0
"TGACAACTCCACGTGG-1",0
"TGACAACTCGAATGCT-1",1
"TGACGGCAGCGCCTCA-1",1
"TGACGGCAGGCTCAGA-1",0
"TGACGGCAGTCAAGCG-1",1
"TGACGGCCACAGACTT-1",2
"TGACGGCGTCATCCCT-1",3
"TGACGGCTCAGGCGAA-1",2
"TGACGGCTCCACTGGG-1",2
"TGACTAGAGACCCACC-1",1
"TGACTAGAGGGCATGT-1",0
"TGACTAGAGTCTCAAC-1",3
"TGACTAGAGTTGAGAT-1",0
"TGACTAGCAGCATACT-1",2
"TGACTAGCAGTCAGAG-1",1
"TGACTAGCATTTCACT-1",3
"TGACTAGGTAAATACG-1",0
"TGACTAGGTGAAAGAG-1",1
"TGACTAGGTGCAGTAG-1",0
"TGACTAGTCATGCATG-1",3
"TGACTAGTCCATGCTC-1",0
"TGACTAGTCTGTTGAG-1",4
"TGACTTTAGAACAATC-1",0
"TGACTTTAGTCTCGGC-1",1
"TGACTTTAGTTAGGTA-1",0
"TGACTTTCAGTCCTTC-1",0
"TGACTTTCATTATCTC-1",0
"TGACTTTGTCACACGC-1",0
"TGACTTTTCCTCAATT-1",0
"TGACTTTTCTGCCCTA-1",1
"TGAGAGGAGGCTCATT-1",0
"TGAGAGGCAAAGTCAA-1",1
"TGAGAGGCAAGCCATT-1",2
"TGAGAGGCACCATGTA-1",0
"TGAGAGGGTCACTGGC-1",1
"TGAGAGGGTCTAAACC-1",0
"TGAGAGGTCGAACTGT-1",2
"TGAGAGGTCGCGTTTC-1",1
"TGAGAGGTCTGACCTC-1",1
"TGAGCATAGAAACGAG-1",2
"TGAGCATAGAAGCCCA-1",2
"TGAGCATAGATGTCGG-1",4
"TGAGCATAGGAATGGA-1",1
"TGAGCATCACCAGGCT-1",1
"TGAGCATCAGATGAGC-1",3
"TGAGCATCAGCGTAAG-1",0
"TGAGCATCAGCTGTAT-1",1
"TGAGCATGTGGCCCTA-1",0
"TGAGCATTCCACGTTC-1",0
"TGAGCATTCCGATATG-1",1
"TGAGCATTCGGCCGAT-1",0
"TGAGCCGCATCGGGTC-1",2
"TGAGCCGGTCGAACAG-1",0
"TGAGCCGGTGTAATGA-1",1
"TGAGCCGGTTGATTCG-1",1
"TGAGCCGTCATCTGCC-1",0
"TGAGCCGTCGTCACGG-1",1
"TGAGCCGTCTTGAGGT-1",0
"TGAGGGAAGAGACTAT-1",0
"TGAGGGAAGGAGTACC-1",0
"TGAGGGAAGTCATCCA-1",1
"TGAGGGAAGTCATGCT-1",0
"TGAGGGACACCAGTTA-1",2
"TGAGGGACATAAGACA-1",1
"TGAGGGAGTAAACGCG-1",1
"TGAGGGAGTTAGGGTG-1",2
"TGAGGGATCAACGGGA-1",3
"TGAGGGATCTAGCACA-1",0
"TGAGGGATCTCTTATG-1",2
"TGATTTCCATCCGGGT-1",0
"TGATTTCGTAGGCATG-1",2
"TGATTTCGTTAAGACA-1",1
"TGATTTCTCTGATTCT-1",2
"TGCACCTAGACCTTTG-1",0
"TGCACCTAGGACGAAA-1",0
"TGCACCTCAAGTTGTC-1",2
"TGCACCTCAATAGAGT-1",1
"TGCACCTCATCCGGGT-1",0
"TGCACCTGTAATCACC-1",0
"TGCACCTGTCACACGC-1",4
"TGCACCTTCACGGTTA-1",3
"TGCACCTTCATCGGAT-1",2
"TGCACCTTCCGCGGTA-1",1
"TGCACCTTCGAACTGT-1",0
"TGCACCTTCTCTTGAT-1",7
"TGCCAAACAATGTAAG-1",1
"TGCCAAACAATTCCTT-1",0
"TGCCAAAGTTCGCGAC-1",3
"TGCCAAATCCAAACTG-1",1
"TGCCAAATCCCTGACT-1",0
"TGCCAAATCGGCGGTT-1",4
"TGCCCATAGACTAGGC-1",0
"TGCCCATAGCGTCAAG-1",1
"TGCCCATAGCGTGAAC-1",3
"TGCCCATAGCTGTTCA-1",1
"TGCCCATAGGATGGAA-1",1
"TGCCCATAGTACGCCC-1",2
"TGCCCATAGTTGAGTA-1",1
"TGCCCATCACCAGGTC-1",0
"TGCCCATCACGAAATA-1",0
"TGCCCATCAGGACGTA-1",0
"TGCCCATCATGGAATA-1",1
"TGCCCATCATGGATGG-1",0
"TGCCCATGTAGCCTCG-1",0
"TGCCCATTCAAACCGT-1",2
"TGCCCATTCAGGCCCA-1",0
"TGCCCATTCCTTCAAT-1",0
"TGCCCATTCGGAAATA-1",1
"TGCCCTAAGGTCGGAT-1",1
"TGCCCTAAGGTTCCTA-1",5
"TGCCCTACACCACCAG-1",4
"TGCCCTACAGCCACCA-1",4
"TGCCCTACAGTGAGTG-1",0
"TGCCCTAGTCCGAGTC-1",8
"TGCCCTAGTGGTTTCA-1",1
"TGCCCTAGTTTCGCTC-1",3
"TGCCCTATCGACGGAA-1",0
"TGCCCTATCTTCGGTC-1",3
"TGCGCAGAGACTAGGC-1",1
"TGCGCAGAGCACACAG-1",0
"TGCGCAGAGCGTCTAT-1",0
"TGCGCAGAGGAGCGAG-1",5
"TGCGCAGCAAACGTGG-1",1
"TGCGCAGCAGCTCGCA-1",0
"TGCGCAGCAGTAGAGC-1",1
"TGCGCAGTCCTACAGA-1",0
"TGCGGGTAGAGACTTA-1",6
"TGCGGGTAGATCGATA-1",2
"TGCGGGTAGCTCTCGG-1",1
"TGCGGGTAGGTGTGGT-1",4
"TGCGGGTAGTACTTGC-1",1
"TGCGGGTCAATGGAAT-1",0
"TGCGGGTCACACGCTG-1",2
"TGCGGGTCATTGGGCC-1",1
"TGCGGGTGTAGAAAGG-1",0
"TGCGGGTGTCACCTAA-1",0
"TGCGGGTGTCAGATAA-1",5
"TGCGGGTGTTAGAACA-1",2
"TGCGGGTTCAGTTCGA-1",1
"TGCGGGTTCGTAGATC-1",1
"TGCGGGTTCTCTTGAT-1",0
"TGCGTGGAGACGCAAC-1",0
"TGCGTGGAGACTGGGT-1",2
"TGCGTGGAGTGAACGC-1",2
"TGCGTGGCAATTCCTT-1",2
"TGCGTGGGTGCACCAC-1",2
"TGCGTGGTCCGCGCAA-1",3
"TGCGTGGTCGCCCTTA-1",0
"TGCGTGGTCTGGCGAC-1",1
"TGCTACCAGAAAGTGG-1",2
"TGCTACCAGATGGCGT-1",0
"TGCTACCAGCAAATCA-1",1
"TGCTACCAGTCCGTAT-1",0
"TGCTACCCAAGAGGCT-1",3
"TGCTACCCACTTAACG-1",0
"TGCTACCCATCGTCGG-1",0
"TGCTACCCATGGTTGT-1",3
"TGCTACCGTGTGACGA-1",1
"TGCTACCTCCTCGCAT-1",1
"TGCTACCTCTTCTGGC-1",3
"TGCTGCTAGACTAAGT-1",1
"TGCTGCTAGGTGATAT-1",3
"TGCTGCTCAATAGAGT-1",1
"TGCTGCTCACAGACAG-1",1
"TGCTGCTCATCCCATC-1",0
"TGCTGCTCATGGTTGT-1",1
"TGCTGCTGTCATACTG-1",0
"TGCTGCTGTGAAGGCT-1",1
"TGCTGCTTCATTGCGA-1",2
"TGGACGCAGAGGTACC-1",0
"TGGACGCAGTCAAGGC-1",2
"TGGACGCCACAGAGGT-1",0
"TGGACGCCATGGTAGG-1",2
"TGGACGCGTCCGAACC-1",4
"TGGACGCGTCTCCCTA-1",3
"TGGCCAGAGAAGGTGA-1",4
"TGGCCAGAGAGTACAT-1",0
"TGGCCAGAGGCGATAC-1",3
"TGGCCAGAGGCGTACA-1",5
"TGGCCAGCAACTGCGC-1",4
"TGGCCAGCACGACTCG-1",0
"TGGCCAGGTCAATACC-1",3
"TGGCCAGTCGTAGATC-1",1
"TGGCCAGTCTATCCCG-1",0
"TGGCGCAAGCTACCTA-1",0
"TGGCGCAAGCTATGCT-1",0
"TGGCGCAAGTGTGGCA-1",1
"TGGCGCAAGTTACCCA-1",2
"TGGCGCACACAGGCCT-1",1
"TGGCGCACACGGATAG-1",1
"TGGCGCACAGCGATCC-1",0
"TGGCGCACATAGGATA-1",0
"TGGCGCACATATACGC-1",0
"TGGCGCAGTACTCTCC-1",1
"TGGCGCAGTGGACGAT-1",1
"TGGCGCAGTTATGTGC-1",0
"TGGCGCATCAAGAAGT-1",3
"TGGCGCATCATGCTCC-1",1
"TGGCGCATCATGTGGT-1",0
"TGGCGCATCATTATCC-1",1
"TGGCGCATCGTGGTCG-1",1
"TGGCTGGAGCGGATCA-1",0
"TGGCTGGAGTGCAAGC-1",3
"TGGCTGGCAAGTTAAG-1",1
"TGGCTGGCACGGATAG-1",1
"TGGCTGGCAGGAACGT-1",0
"TGGCTGGGTCGAGTTT-1",2
"TGGCTGGGTCGGCATC-1",2
"TGGCTGGGTCTAGCCG-1",2
"TGGCTGGGTTACGCGC-1",0
"TGGCTGGGTTGGACCC-1",1
"TGGCTGGTCTCGTTTA-1",1
"TGGGAAGAGATATACG-1",0
"TGGGAAGAGCCCAATT-1",1
"TGGGAAGAGCGCTCCA-1",3
"TGGGAAGAGGGCTTCC-1",0
"TGGGAAGAGTAAGTAC-1",2
"TGGGAAGAGTTAACGA-1",1
"TGGGAAGCAAGGTGTG-1",1
"TGGGAAGCAGATCCAT-1",0
"TGGGAAGCAGCGAACA-1",1
"TGGGAAGGTAAGTTCC-1",2
"TGGGAAGGTTAGATGA-1",1
"TGGGAAGGTTATTCTC-1",0
"TGGGAAGTCCCAAGAT-1",2
"TGGGAAGTCCTTCAAT-1",5
"TGGGAAGTCGTGGACC-1",2
"TGGGAAGTCTCCTATA-1",0
"TGGGCGTAGTCTCCTC-1",2
"TGGGCGTCAGACGTAG-1",0
"TGGGCGTCAGGGATTG-1",2
"TGGGCGTGTCCAAGTT-1",1
"TGGGCGTGTCTAGAGG-1",1
"TGGGCGTGTGGCTCCA-1",3
"TGGGCGTGTTTCGCTC-1",0
"TGGGCGTTCAGCTTAG-1",1
"TGGTTAGAGCTACCTA-1",1
"TGGTTAGAGTTAGGTA-1",2
"TGGTTAGGTGATGATA-1",0
"TGGTTAGGTTCACGGC-1",1
"TGGTTAGTCCCGACTT-1",2
"TGGTTAGTCTTGTATC-1",1
"TGGTTCCAGCCGTCGT-1",1
"TGGTTCCAGTAATCCC-1",3
"TGGTTCCCAAGTTGTC-1",2
"TGGTTCCCAGACAAAT-1",0
"TGGTTCCCAGACAGGT-1",0
"TGGTTCCCAGCTCGAC-1",2
"TGGTTCCCATGTCCTC-1",2
"TGGTTCCCATTTCACT-1",0
"TGGTTCCGTCCAAGTT-1",1
"TGGTTCCTCACATACG-1",1
"TGGTTCCTCAGCTTAG-1",2
"TGGTTCCTCTAACTTC-1",2
"TGGTTCCTCTAGAGTC-1",1
"TGGTTCCTCTGGGCCA-1",0
"TGTATTCAGCCCGAAA-1",1
"TGTATTCAGCGATCCC-1",0
"TGTATTCCAGGGCATA-1",1
"TGTATTCGTAAGAGAG-1",1
"TGTATTCGTTTGTTTC-1",0
"TGTATTCTCAGCATGT-1",0
"TGTATTCTCATCTGTT-1",4
"TGTCCCAAGCAGATCG-1",1
"TGTCCCAAGCTAGTTC-1",3
"TGTCCCAAGCTGAACG-1",1
"TGTCCCAAGTTGTCGT-1",0
"TGTCCCACAGTAAGCG-1",2
"TGTCCCACATCACGTA-1",2
"TGTCCCAGTAAGAGGA-1",3
"TGTCCCAGTAAGTGGC-1",1
"TGTCCCAGTCGGATCC-1",0
"TGTCCCAGTCTCTTTA-1",3
"TGTCCCATCATTTGGG-1",1
"TGTCCCATCTGCAAGT-1",2
"TGTCCCATCTGCGTAA-1",4
"TGTGGTAGTCCCGACA-1",0
"TGTGGTAGTGTGAAAT-1",0
"TGTGGTAGTGTGACGA-1",0
"TGTGGTATCCAGGGCT-1",0
"TGTGGTATCTTGCATT-1",3
"TGTGTTTAGAGGTTAT-1",2
"TGTGTTTAGCGTGAGT-1",2
"TGTGTTTAGTGCGTGA-1",1
"TGTGTTTCATGCGCAC-1",2
"TGTGTTTTCTCATTCA-1",2
"TGTGTTTTCTTTCCTC-1",1
"TGTTCCGAGAGCAATT-1",0
"TGTTCCGAGCAACGGT-1",2
"TGTTCCGAGGAATTAC-1",0
"TGTTCCGAGGACTGGT-1",1
"TGTTCCGCAGTGAGTG-1",3
"TGTTCCGGTGAGTATA-1",1
"TGTTCCGTCAAGCCTA-1",2
"TGTTCCGTCAGTTCGA-1",0
"TGTTCCGTCGGCGGTT-1",2
"TGTTCCGTCTGAAAGA-1",2
"TGTTCCGTCTGGTATG-1",0
"TTAACTCAGTGTACGG-1",1
"TTAACTCCAAGCGCTC-1",3
"TTAACTCCAGGCAGTA-1",1
"TTAACTCGTTCCACAA-1",4
"TTAACTCTCATAAAGG-1",2
"TTAACTCTCCCTCAGT-1",0
"TTAGGACAGCAGGCTA-1",0
"TTAGGACAGCTCTCGG-1",0
"TTAGGACCAAGCCATT-1",1
"TTAGGACCAGTCAGAG-1",3
"TTAGGACGTTTGTTTC-1",1
"TTAGGCAAGAAGATTC-1",2
"TTAGGCAAGAGCCCAA-1",1
"TTAGGCAAGAGTGACC-1",1
"TTAGGCAAGGTTCCTA-1",1
"TTAGGCAAGTCGTTTG-1",0
"TTAGGCAAGTGTACCT-1",0
"TTAGGCACAGACGCTC-1",0
"TTAGGCACATGTTCCC-1",0
"TTAGGCAGTAAGGATT-1",5
"TTAGGCAGTAAGTAGT-1",2
"TTAGGCAGTCTTGATG-1",1
"TTAGGCATCACGCATA-1",1
"TTAGGCATCAGTCAGT-1",0
"TTAGGCATCCAGTATG-1",0
"TTAGGCATCGTTACGA-1",1
"TTAGTTCAGGTGCAAC-1",0
"TTAGTTCCAATGTAAG-1",0
"TTAGTTCCATCCTTGC-1",1
"TTAGTTCGTAGCCTAT-1",1
"TTAGTTCGTGCAGACA-1",2
"TTAGTTCGTGTCAATC-1",3
"TTAGTTCGTTGCCTCT-1",1
"TTAGTTCTCAGGCCCA-1",1
"TTAGTTCTCGCAGGCT-1",0
"TTAGTTCTCTACTATC-1",1
"TTATGCTAGAATGTGT-1",1
"TTATGCTAGCACACAG-1",0
"TTATGCTAGCAGCCTC-1",1
"TTATGCTAGTCCCACG-1",2
"TTATGCTAGTGGTAAT-1",2
"TTATGCTCAGCCAGAA-1",0
"TTATGCTCATACCATG-1",2
"TTATGCTCATGTAGTC-1",1
"TTATGCTGTCCGAGTC-1",1
"TTATGCTTCGATAGAA-1",2
"TTCCCAGAGAATTCCC-1",1
"TTCCCAGAGACTAGAT-1",1
"TTCCCAGAGTATCGAA-1",1
"TTCCCAGCAGATGGGT-1",0
"TTCCCAGCATCAGTAC-1",2
"TTCCCAGCATCTCCCA-1",1
"TTCCCAGCATTACCTT-1",0
"TTCCCAGTCAACACTG-1",0
"TTCCCAGTCGAGAGCA-1",4
"TTCGAAGAGTCTCAAC-1",0
"TTCGAAGCAAGCGCTC-1",3
"TTCGAAGCACATTAGC-1",1
"TTCGAAGCACGGTGTC-1",0
"TTCGGTCAGAGGACGG-1",1
"TTCGGTCAGCACACAG-1",1
"TTCGGTCAGGCCCTCA-1",0
"TTCGGTCAGTGAATTG-1",1
"TTCGGTCAGTTGAGAT-1",3
"TTCGGTCCAAGGGTCA-1",2
"TTCGGTCCACGTCAGC-1",0
"TTCGGTCGTAACGTTC-1",1
"TTCGGTCGTAGAGTGC-1",1
"TTCGGTCGTTCATGGT-1",0
"TTCGGTCGTTCTGTTT-1",1
"TTCGGTCTCAAAGACA-1",2
"TTCGGTCTCCAGTATG-1",2
"TTCGGTCTCGCGTTTC-1",0
"TTCGGTCTCGTCTGAA-1",2
"TTCTACAAGACTAAGT-1",0
"TTCTACAAGCAGCCTC-1",2
"TTCTACAAGCCTTGAT-1",2
"TTCTACAAGGCAGGTT-1",4
"TTCTACAAGGTAAACT-1",1
"TTCTACAAGTTAGGTA-1",3
"TTCTACACACGTGAGA-1",0
"TTCTACACAGCTGTTA-1",1
"TTCTACACATCGATTG-1",1
"TTCTACACATTACGAC-1",5
"TTCTACAGTACCGTTA-1",2
"TTCTACAGTATATGAG-1",0
"TTCTACAGTGGCTCCA-1",3
"TTCTACATCAACGGGA-1",4
"TTCTACATCCGCGTTT-1",4
"TTCTCAAAGAAAGTGG-1",0
"TTCTCAAAGAATCTCC-1",1
"TTCTCAAAGAGGTTAT-1",0
"TTCTCAAAGCAGCCTC-1",1
"TTCTCAAAGCCGCCTA-1",3
"TTCTCAAAGTCAATAG-1",2
"TTCTCAAAGTTGAGAT-1",1
"TTCTCAACACCCAGTG-1",0
"TTCTCAACATTGTGCA-1",1
"TTCTCAAGTATAAACG-1",0
"TTCTCAAGTCCCTTGT-1",0
"TTCTCAAGTCGAGATG-1",0
"TTCTCAATCATCGCTC-1",4
"TTCTCAATCCCTAACC-1",0
"TTCTCAATCGTAGGAG-1",1
"TTCTCCTAGAGTAAGG-1",1
"TTCTCCTAGCGACGTA-1",0
"TTCTCCTAGCGTGAGT-1",2
"TTCTCCTAGTCTCGGC-1",2
"TTCTCCTCAACACGCC-1",1
"TTCTCCTCAATAACGA-1",3
"TTCTCCTGTTAAGAAC-1",4
"TTCTCCTTCAGTTCGA-1",2
"TTCTCCTTCCGTAGGC-1",0
"TTCTCCTTCCTTTCTC-1",0
"TTCTCCTTCTGCAAGT-1",0
"TTCTCCTTCTTCAACT-1",1
"TTCTCCTTCTTGTACT-1",1
"TTCTTAGAGGACTGGT-1",3
"TTCTTAGCAAGGTGTG-1",3
"TTCTTAGCATCGGAAG-1",0
"TTCTTAGGTAGAAGGA-1",0
"TTCTTAGGTCATATGC-1",1
"TTCTTAGTCAGTTCGA-1",2
"TTGAACGGTCACTTCC-1",1
"TTGAACGTCATGTCCC-1",2
"TTGACTTAGCCACGTC-1",1
"TTGACTTAGCGACGTA-1",0
"TTGACTTAGTTAACGA-1",4
"TTGACTTCACTTACGA-1",2
"TTGACTTGTCTCTCTG-1",2
"TTGACTTGTGCGATAG-1",2
"TTGACTTTCCAGAGGA-1",3
"TTGACTTTCTGTCCGT-1",0
"TTGCCGTAGGAGCGTT-1",1
"TTGCCGTAGGTGGGTT-1",0
"TTGCCGTCATGGTCAT-1",1
"TTGCCGTGTACAGACG-1",0
"TTGCGTCAGACAGAGA-1",1
"TTGCGTCAGCTCCTTC-1",1
"TTGCGTCAGTCCATAC-1",3
"TTGCGTCAGTGAATTG-1",2
"TTGCGTCCAAATTGCC-1",0
"TTGCGTCCACTGTGTA-1",1
"TTGCGTCCAGTCACTA-1",0
"TTGCGTCGTCTGATTG-1",1
"TTGGAACAGCCCAATT-1",3
"TTGGAACAGCGTCTAT-1",0
"TTGGAACAGGCGTACA-1",1
"TTGGAACGTATTACCG-1",0
"TTGGAACGTGTGTGCC-1",0
"TTGGAACTCCCATTAT-1",0
"TTGGAACTCCGTAGTA-1",6
"TTGGAACTCGTCCAGG-1",2
"TTGGCAAAGTTAGGTA-1",0
"TTGGCAAGTATAGGTA-1",0
"TTGGCAATCACATGCA-1",1
"TTGGCAATCAGAGCTT-1",1
"TTGGCAATCGCATGAT-1",0
"TTGGCAATCTAGAGTC-1",0
"TTGTAGGAGGTGCTAG-1",1
"TTGTAGGCACACGCTG-1",2
"TTGTAGGGTCTCCCTA-1",1
"TTGTAGGGTGGTAACG-1",0
"TTGTAGGTCGGCGCTA-1",5
"TTGTAGGTCTGCCAGG-1",0
"TTTACTGAGATCACGG-1",3
"TTTACTGCAAAGCAAT-1",3
"TTTACTGCACATGGGA-1",1
"TTTACTGCACCACGTG-1",1
"TTTACTGCATGGGACA-1",1
"TTTACTGCATGTCCTC-1",0
"TTTACTGGTAACGTTC-1",2
"TTTACTGGTGGTGTAG-1",1
"TTTACTGGTTCGCTAA-1",2
"TTTACTGTCTGGAGCC-1",1
"TTTATGCAGACTGTAA-1",0
"TTTATGCAGATGCGAC-1",2
"TTTATGCAGGCAAAGA-1",0
"TTTATGCAGGCCCGTT-1",0
"TTTATGCAGTTCCACA-1",4
"TTTATGCCAAACGCGA-1",2
"TTTATGCCAATCTGCA-1",1
"TTTATGCCACAGGTTT-1",0
"TTTATGCCAGCCAATT-1",0
"TTTATGCCAGGTCGTC-1",0
"TTTATGCCATGGTCAT-1",2
"TTTATGCTCACATAGC-1",2
"TTTATGCTCACCTTAT-1",0
"TTTATGCTCGGCGGTT-1",1
"TTTATGCTCTCGCTTG-1",2
"TTTCCTCAGCGTGAAC-1",2
"TTTCCTCAGGACTGGT-1",0
"TTTCCTCCAAAGTGCG-1",0
"TTTCCTCCAGGAATGC-1",1
"TTTCCTCCATTAGCCA-1",0
"TTTCCTCGTCCGAAGA-1",2
"TTTCCTCGTCGCTTTC-1",0
"TTTCCTCTCGGCCGAT-1",3
"TTTCCTCTCGTGTAGT-1",1
"TTTGCGCAGCTAAACA-1",1
"TTTGCGCAGCTAGTCT-1",0
"TTTGCGCAGGCCGAAT-1",0
"TTTGCGCAGTCAAGGC-1",2
"TTTGCGCCAAGTAGTA-1",0
"TTTGCGCCAGGTGCCT-1",1
"TTTGCGCGTCTAAACC-1",2
"TTTGCGCTCAAAGTAG-1",1
"TTTGCGCTCATGTAGC-1",1
"TTTGGTTAGAATGTGT-1",1
"TTTGGTTAGACAATAC-1",3
"TTTGGTTAGCGATTCT-1",2
"TTTGGTTAGGCTCAGA-1",0
"TTTGGTTAGTTACCCA-1",3
"TTTGGTTCAAACTGCT-1",0
"TTTGGTTCAAGCTGTT-1",0
"TTTGGTTCAGATCGGA-1",3
"TTTGGTTCATCACAAC-1",2
"TTTGGTTGTACTTCTT-1",2
"TTTGGTTGTATGCTTG-1",3
"TTTGGTTGTGCTTCTC-1",1
"TTTGGTTTCATGCTCC-1",0
"TTTGGTTTCCCTGACT-1",1
"TTTGTCAAGAGTCGGT-1",3
"TTTGTCACAAGTTCTG-1",1
"TTTGTCACAAGTTGTC-1",2
"TTTGTCACACTCTGTC-1",3
"TTTGTCATCACCTTAT-1",0
"TTTGTCATCCATTCTA-1",1
"TTTGTCATCCTTAATC-1",0
"TTTGTCATCTTATCTG-1",3
