"cell_barcode","expression"
"AAACCTGAGACAGAGA-1",1
"AAACCTGAGACTTTCG-1",1
"AAACCTGAGAGTAAGG-1",1
"AAACCTGAGAGTCGGT-1",4
"AAACCTGAGGATGGAA-1",1
"AAACCTGAGTAGATGT-1",0
"AAACCTGCAATCAGAA-1",1
"AAACCTGCACCGATAT-1",0
"AAACCTGCAGACGTAG-1",0
"AAACCTGCAGTATCTG-1",1
"AAACCTGCATAGTAAG-1",2
"AAACCTGCATGAACCT-1",0
"AAACCTGGTAAGAGGA-1",1
"AAACCTGGTCCAACTA-1",0
"AAACCTGTCCGTAGTA-1",0
"AAACCTGTCGAGAGCA-1",0
"AAACGGGAGTACGACG-1",1
"AAACGGGCAAGGTTTC-1",1
"AAACGGGCACGTCAGC-1",0
"AAACGGGCAGCGTTCG-1",3
"AAACGGGGTAGCCTCG-1",2
"AAACGGGGTCTACCTC-1",0
"AAACGGGGTGCGGTAA-1",6
"AAACGGGGTTGTCGCG-1",0
"AAACGGGTCCATGAGT-1",0
"AAACGGGTCCCAACGG-1",0
"AAACGGGTCCCATTAT-1",2
"AAAGATGCAGTCAGCC-1",3
"AAAGATGCATCTACGA-1",0
"AAAGCAAAGCGTCTAT-1",1
"AAAGCAACATGTCGAT-1",2
"AAAGCAAGTAGCTGCC-1",0
"AAAGCAAGTAGGCATG-1",1
"AAAGCAAGTGCGCTTG-1",0
"AAAGCAAGTTATTCTC-1",0
"AAAGCAATCCGTAGTA-1",4
"AAAGTAGAGATGTGTA-1",5
"AAAGTAGAGTGGGCTA-1",0
"AAAGTAGGTATATGGA-1",2
"AAAGTAGGTGAGCGAT-1",1
"AAAGTAGGTTGAGGTG-1",2
"AAATGCCAGCCCTAAT-1",0
"AAATGCCAGCGTGTCC-1",1
"AAATGCCCAACACCTA-1",1
"AAATGCCGTAGGAGTC-1",2
"AAATGCCGTCTTTCAT-1",0
"AAATGCCGTGGTCCGT-1",1
"AAATGCCGTTCCCGAG-1",1
"AAATGCCTCATAGCAC-1",0
"AAATGCCTCGCTTAGA-1",0
"AACACGTAGAATTCCC-1",0
"AACACGTAGCCCTAAT-1",2
"AACACGTAGGGTGTGT-1",3
"AACACGTCACTGTCGG-1",0
"AACACGTCATCCCATC-1",0
"AACACGTGTGCAACGA-1",2
"AACACGTGTGTCGCTG-1",0
"AACCATGAGCGCTTAT-1",1
"AACCATGGTCCGTTAA-1",1
"AACCATGTCAGTTCGA-1",0
"AACCATGTCATCGATG-1",1
"AACCATGTCCCAAGTA-1",1
"AACCGCGAGAAGCCCA-1",0
"AACCGCGAGACTGGGT-1",0
"AACCGCGAGAGGTACC-1",1
"AACCGCGAGTTAGGTA-1",1
"AACCGCGAGTTGCAGG-1",5
"AACCGCGCACGGTAGA-1",0
"AACCGCGCAGCATGAG-1",0
"AACCGCGCAGCCTGTG-1",0
"AACCGCGCAGCTGTGC-1",0
"AACCGCGCAGTATGCT-1",1
"AACCGCGGTACTTGAC-1",0
"AACCGCGGTCTGCAAT-1",0
"AACCGCGTCACATGCA-1",1
"AACCGCGTCACCGTAA-1",2
"AACCGCGTCCAGAGGA-1",0
"AACCGCGTCCGAAGAG-1",4
"AACCGCGTCGATCCCT-1",2
"AACGTTGAGCGATAGC-1",1
"AACGTTGAGCGATCCC-1",1
"AACGTTGAGCTTATCG-1",1
"AACGTTGCAAGTTGTC-1",1
"AACGTTGCAATAGAGT-1",2
"AACGTTGCAATGGATA-1",2
"AACGTTGCATGGATGG-1",1
"AACGTTGCATTCTCAT-1",3
"AACGTTGTCAACACGT-1",3
"AACGTTGTCGAGGTAG-1",0
"AACGTTGTCGGTCCGA-1",1
"AACTCAGAGAGCTATA-1",0
"AACTCAGAGAGTCGGT-1",0
"AACTCAGAGCCACCTG-1",0
"AACTCAGAGCCCAATT-1",0
"AACTCAGCAAACAACA-1",1
"AACTCAGCACAAGCCC-1",0
"AACTCAGCACGGTTTA-1",0
"AACTCAGCAGGATCGA-1",0
"AACTCAGCATAAAGGT-1",0
"AACTCAGGTTCCACAA-1",2
"AACTCAGTCGTACCGG-1",0
"AACTCCCAGCCCAGCT-1",0
"AACTCCCAGCTAAGAT-1",1
"AACTCCCCAAACGCGA-1",1
"AACTCCCCATGGTCTA-1",0
"AACTCCCGTTGCGCAC-1",0
"AACTCCCTCAAGAAGT-1",1
"AACTCCCTCAAGCCTA-1",0
"AACTCCCTCATCGCTC-1",1
"AACTCCCTCTGCAGTA-1",0
"AACTCCCTCTGGCGTG-1",0
"AACTCTTAGCAGACTG-1",0
"AACTCTTAGTCCGGTC-1",3
"AACTCTTCATGCTAGT-1",0
"AACTCTTGTCGAATCT-1",0
"AACTCTTGTCGGGTCT-1",1
"AACTCTTTCCTCAATT-1",0
"AACTCTTTCTCAAACG-1",0
"AACTCTTTCTCCAGGG-1",0
"AACTCTTTCTCTGCTG-1",3
"AACTGGTAGAAGATTC-1",0
"AACTGGTAGAGACTAT-1",0
"AACTGGTAGCCAACAG-1",4
"AACTGGTAGTGTACTC-1",0
"AACTGGTCACTGAAGG-1",0
"AACTGGTGTCCGAACC-1",3
"AACTGGTTCGGAGCAA-1",3
"AACTGGTTCGTGGGAA-1",1
"AACTGGTTCTGCTTGC-1",1
"AACTTTCAGCGTGAAC-1",1
"AACTTTCAGTATCTCG-1",1
"AACTTTCAGTTTCCTT-1",1
"AACTTTCCATCCTTGC-1",0
"AACTTTCGTCTAGAGG-1",0
"AACTTTCGTCTCTTTA-1",0
"AACTTTCGTTTGTTTC-1",0
"AAGACCTAGGGCTTCC-1",2
"AAGACCTAGTACACCT-1",0
"AAGACCTGTATATGAG-1",2
"AAGACCTGTATCAGTC-1",2
"AAGACCTGTCCGTGAC-1",3
"AAGACCTGTCGAAAGC-1",0
"AAGACCTTCGCCATAA-1",1
"AAGCCGCAGATCTGAA-1",2
"AAGCCGCAGGGTGTTG-1",1
"AAGCCGCAGTGGACGT-1",1
"AAGCCGCAGTGTACTC-1",0
"AAGCCGCCACGCTTTC-1",0
"AAGCCGCCAGGACGTA-1",0
"AAGCCGCGTACAGTTC-1",0
"AAGCCGCGTCATTAGC-1",2
"AAGCCGCTCACGAAGG-1",0
"AAGCCGCTCAGTTAGC-1",0
"AAGCCGCTCGCAAACT-1",3
"AAGCCGCTCGTCGTTC-1",2
"AAGCCGCTCTTACCGC-1",1
"AAGGAGCAGAAACCGC-1",3
"AAGGAGCAGGCATGTG-1",0
"AAGGAGCAGGCGCTCT-1",0
"AAGGAGCAGTTGAGTA-1",1
"AAGGAGCCACGGCGTT-1",4
"AAGGAGCGTAGCGCAA-1",0
"AAGGAGCGTCTGCAAT-1",1
"AAGGAGCTCGTCTGCT-1",0
"AAGGCAGAGAACTGTA-1",0
"AAGGCAGAGAGATGAG-1",1
"AAGGCAGAGGTGATAT-1",1
"AAGGCAGCATAGTAAG-1",7
"AAGGCAGGTACTTCTT-1",0
"AAGGCAGGTGTGCCTG-1",0
"AAGGCAGTCAGATAAG-1",0
"AAGGCAGTCGGAATCT-1",1
"AAGGTTCAGTATCTCG-1",0
"AAGGTTCCATCACGTA-1",0
"AAGGTTCGTATATGGA-1",2
"AAGGTTCGTCCGAATT-1",1
"AAGGTTCGTCGACTAT-1",0
"AAGGTTCGTGTGACCC-1",5
"AAGGTTCTCCGTCATC-1",2
"AAGGTTCTCCTCGCAT-1",0
"AAGGTTCTCTGCGGCA-1",1
"AAGTCTGAGCCATCGC-1",0
"AAGTCTGAGTCAAGCG-1",2
"AAGTCTGCAAAGGAAG-1",1
"AAGTCTGGTCAGCTAT-1",2
"AAGTCTGTCAAACAAG-1",0
"AAGTCTGTCACTGGGC-1",6
"AAGTCTGTCAGCAACT-1",2
"AATCCAGCAAAGTGCG-1",1
"AATCCAGCAGCATACT-1",0
"AATCCAGGTAGGCATG-1",0
"AATCCAGGTCTCCCTA-1",1
"AATCCAGTCCGAATGT-1",0
"AATCGGTAGGCATGGT-1",0
"AATCGGTTCCTGTACC-1",2
"AATCGGTTCGCCGTGA-1",1
"ACACCAAAGATGAGAG-1",1
"ACACCAAAGCCCTAAT-1",0
"ACACCAAAGGATGGTC-1",0
"ACACCAAAGTGTCCAT-1",0
"ACACCAACACTTCGAA-1",0
"ACACCAACAGACGCTC-1",0
"ACACCAACAGCCTATA-1",0
"ACACCAAGTCGCGTGT-1",2
"ACACCAAGTCTAAACC-1",0
"ACACCAAGTTATGTGC-1",1
"ACACCAATCGCGTTTC-1",0
"ACACCCTAGCCAGGAT-1",3
"ACACCCTAGTACTTGC-1",2
"ACACCCTCAAGCGCTC-1",1
"ACACCCTCATCACAAC-1",7
"ACACCCTCATGCCCGA-1",2
"ACACCCTGTCTGGTCG-1",2
"ACACCCTTCCGCAAGC-1",0
"ACACCCTTCCTTGCCA-1",1
"ACACCCTTCTATCCTA-1",0
"ACACCCTTCTGGCGTG-1",3
"ACACCGGAGGCTCAGA-1",5
"ACACCGGAGTGACATA-1",1
"ACACCGGAGTTACCCA-1",0
"ACACCGGCAAGCCGTC-1",2
"ACACCGGCACCAGATT-1",0
"ACACCGGCACCGAAAG-1",0
"ACACCGGCATCACAAC-1",0
"ACACCGGTCCGCATAA-1",1
"ACACCGGTCTCGGACG-1",0
"ACACCGGTCTCTGTCG-1",0
"ACACTGAAGCACGCCT-1",2
"ACACTGAAGGTGATTA-1",0
"ACACTGACAATAGAGT-1",2
"ACACTGACAGACTCGC-1",1
"ACACTGACATCCAACA-1",1
"ACACTGAGTCCGAAGA-1",0
"ACACTGAGTGTTTGTG-1",0
"ACACTGAGTTTGACTG-1",0
"ACAGCCGAGGAATGGA-1",1
"ACAGCCGAGGCCCGTT-1",1
"ACAGCCGAGGTGCTTT-1",1
"ACAGCCGAGTGGTAGC-1",0
"ACAGCCGCATATACGC-1",0
"ACAGCCGCATGCAACT-1",0
"ACAGCCGGTAGGGTAC-1",1
"ACAGCCGGTCGAATCT-1",2
"ACAGCCGGTTCACCTC-1",0
"ACAGCCGGTTCCACTC-1",0
"ACAGCCGTCCAGAAGG-1",0
"ACAGCCGTCTTTACAC-1",1
"ACAGCTAAGCACCGCT-1",0
"ACAGCTAAGTATCTCG-1",0
"ACAGCTAAGTGTTGAA-1",3
"ACAGCTACATCGTCGG-1",0
"ACAGCTAGTCGACTAT-1",0
"ACAGCTAGTGGTACAG-1",1
"ACAGCTATCACCACCT-1",2
"ACAGCTATCTGCTTGC-1",0
"ACATACGAGAGCTTCT-1",0
"ACATACGAGCGTAGTG-1",0
"ACATACGAGCTTCGCG-1",0
"ACATACGAGCTTTGGT-1",1
"ACATACGCAAACGTGG-1",1
"ACATACGCAAGCCTAT-1",1
"ACATACGCATCTCCCA-1",1
"ACATACGCATTCTCAT-1",0
"ACATACGGTAGGAGTC-1",1
"ACATACGGTGCACCAC-1",0
"ACATACGGTGGTTTCA-1",3
"ACATACGTCGTATCAG-1",1
"ACATCAGAGCCACTAT-1",0
"ACATCAGAGCCTTGAT-1",2
"ACATCAGCAACACCCG-1",0
"ACATCAGCAACGATGG-1",0
"ACATCAGCAATTGCTG-1",3
"ACATCAGCACCGGAAA-1",0
"ACATCAGCATAAAGGT-1",2
"ACATCAGCATCCCACT-1",0
"ACATCAGCATTTGCCC-1",2
"ACATCAGGTAAGGATT-1",1
"ACATCAGGTCCGTGAC-1",0
"ACATCAGGTTAAGTAG-1",3
"ACATCAGTCAAACCGT-1",1
"ACATGGTAGCATGGCA-1",1
"ACATGGTAGCTGTTCA-1",4
"ACATGGTCACTTGGAT-1",1
"ACATGGTGTCAGATAA-1",0
"ACATGGTGTCTGCGGT-1",1
"ACATGGTGTGCAACTT-1",0
"ACATGGTTCCGCAAGC-1",1
"ACATGGTTCCTCCTAG-1",1
"ACATGGTTCTGGAGCC-1",2
"ACATGGTTCTTCTGGC-1",0
"ACCAGTAAGATCACGG-1",1
"ACCAGTAAGCTTCGCG-1",0
"ACCAGTACACAGATTC-1",0
"ACCAGTACACAGGCCT-1",0
"ACCAGTACAGTATGCT-1",0
"ACCAGTACAGTCAGAG-1",0
"ACCAGTACAGTTTACG-1",0
"ACCAGTAGTCACCCAG-1",0
"ACCAGTAGTCCATCCT-1",2
"ACCAGTAGTCTTCAAG-1",1
"ACCAGTAGTGGACGAT-1",0
"ACCAGTATCTGCGACG-1",1
"ACCAGTATCTGCTTGC-1",2
"ACCAGTATCTGTTTGT-1",3
"ACCCACTAGAGGTTAT-1",0
"ACCCACTAGATCCCGC-1",0
"ACCCACTAGATGTGTA-1",1
"ACCCACTAGCCCAATT-1",0
"ACCCACTCAAGGGTCA-1",1
"ACCCACTCAAGGTTCT-1",2
"ACCCACTGTAAATGAC-1",2
"ACCCACTGTAGCCTCG-1",1
"ACCCACTGTCAAAGAT-1",0
"ACCCACTGTCAATACC-1",0
"ACCCACTGTGTGGTTT-1",2
"ACCCACTTCGCAAACT-1",0
"ACCCACTTCTGCCAGG-1",1
"ACCGTAACAATCGGTT-1",4
"ACCGTAACAATCTACG-1",0
"ACCGTAACAGGTCCAC-1",0
"ACCGTAAGTACAGCAG-1",5
"ACCGTAAGTCATGCAT-1",2
"ACCGTAAGTGAGTGAC-1",2
"ACCGTAAGTTAAGAAC-1",2
"ACCGTAAGTTCCGTCT-1",1
"ACCGTAATCACATAGC-1",0
"ACCGTAATCATGTGGT-1",2
"ACCGTAATCTGAAAGA-1",0
"ACCTTTACAATCGGTT-1",0
"ACCTTTACACGGACAA-1",1
"ACCTTTACAGCAGTTT-1",2
"ACCTTTACATGCAACT-1",2
"ACCTTTACATTTCAGG-1",4
"ACCTTTAGTGAACCTT-1",0
"ACCTTTAGTTCCACTC-1",0
"ACCTTTATCTCTAGGA-1",0
"ACGAGCCAGGCAGGTT-1",0
"ACGAGCCCACAGGCCT-1",2
"ACGAGCCCATGGAATA-1",0
"ACGAGCCGTGCACGAA-1",0
"ACGAGCCGTGTGACCC-1",2
"ACGAGCCGTTGGTTTG-1",0
"ACGAGCCTCAGTCCCT-1",4
"ACGAGCCTCGCAAACT-1",1
"ACGAGGACACTACAGT-1",0
"ACGAGGACATGTAGTC-1",0
"ACGAGGAGTACACCGC-1",1
"ACGAGGAGTGCCTGCA-1",0
"ACGAGGAGTTCTGAAC-1",0
"ACGAGGATCTGCGGCA-1",2
"ACGATACAGAGTGACC-1",1
"ACGATACAGCGCCTTG-1",2
"ACGATACAGTGATCGG-1",0
"ACGATACCACGTTGGC-1",0
"ACGATACCATTGGGCC-1",0
"ACGATACGTCGAATCT-1",1
"ACGATACTCTGACCTC-1",0
"ACGATGTAGTGCGATG-1",0
"ACGATGTAGTTGAGAT-1",0
"ACGATGTCAACGCACC-1",4
"ACGATGTCACACGCTG-1",0
"ACGATGTGTATTCTCT-1",0
"ACGATGTGTCAGTGGA-1",2
"ACGATGTGTGACTACT-1",3
"ACGATGTGTGTCGCTG-1",2
"ACGATGTTCGCGTAGC-1",0
"ACGATGTTCTCTTATG-1",1
"ACGCAGCAGCGGCTTC-1",1
"ACGCAGCAGCTGCGAA-1",0
"ACGCAGCAGTGTACGG-1",1
"ACGCAGCCACCTCGTT-1",2
"ACGCAGCCATCGACGC-1",0
"ACGCAGCCATTACCTT-1",3
"ACGCAGCGTCCATGAT-1",0
"ACGCAGCGTCTACCTC-1",3
"ACGCAGCGTCTGGTCG-1",0
"ACGCAGCGTGCGATAG-1",4
"ACGCCAGCAAAGCAAT-1",1
"ACGCCAGCAACGCACC-1",2
"ACGCCAGCACGAGAGT-1",0
"ACGCCAGCAGTGAGTG-1",0
"ACGCCAGGTGCACTTA-1",2
"ACGCCAGGTGTGCGTC-1",2
"ACGCCAGTCACAGGCC-1",0
"ACGCCAGTCAGTGTTG-1",1
"ACGCCGAAGAAACGCC-1",4
"ACGCCGAAGATCTGCT-1",1
"ACGCCGACAGCCTGTG-1",0
"ACGCCGAGTTCCAACA-1",1
"ACGCCGATCCTATGTT-1",1
"ACGCCGATCGCAGGCT-1",1
"ACGCCGATCTTGTATC-1",0
"ACGGAGAAGCCAGTTT-1",0
"ACGGAGAAGGTCATCT-1",1
"ACGGAGACACACATGT-1",0
"ACGGAGACAGCCTGTG-1",1
"ACGGAGACAGCGTAAG-1",0
"ACGGAGACAGTAAGCG-1",1
"ACGGAGAGTGTGACGA-1",1
"ACGGAGATCCACGAAT-1",2
"ACGGCCACACATCCAA-1",3
"ACGGCCACACATTCGA-1",0
"ACGGCCAGTACCGTAT-1",0
"ACGGCCAGTGTATGGG-1",1
"ACGGCCATCACGGTTA-1",2
"ACGGCCATCAGTGTTG-1",0
"ACGGCCATCTACTATC-1",0
"ACGGGCTAGGATCGCA-1",2
"ACGGGCTAGGTTCCTA-1",0
"ACGGGCTAGTGGCACA-1",1
"ACGGGCTCATCTGGTA-1",2
"ACGGGCTGTGAGGCTA-1",1
"ACGGGCTTCCGAACGC-1",2
"ACGGGTCAGATGCCAG-1",1
"ACGGGTCCATGATCCA-1",0
"ACGGGTCCATTAGGCT-1",0
"ACGGGTCCATTTCACT-1",3
"ACGGGTCGTTAGGGTG-1",0
"ACGGGTCTCAACACCA-1",1
"ACGGGTCTCCACGCAG-1",0
"ACGTCAAAGGGCTTCC-1",0
"ACGTCAAAGTGGTAAT-1",0
"ACGTCAACAACTGCGC-1",0
"ACGTCAACACAAGACG-1",0
"ACGTCAAGTAGCTCCG-1",0
"ACGTCAAGTGTCGCTG-1",1
"ACGTCAAGTTATGCGT-1",1
"ACGTCAATCAACCAAC-1",1
"ACGTCAATCATAACCG-1",0
"ACGTCAATCCAGAAGG-1",2
"ACGTCAATCTAACTCT-1",0
"ACTATCTAGAGGTTAT-1",2
"ACTATCTAGATACACA-1",1
"ACTATCTAGGAGTAGA-1",0
"ACTATCTAGGCATGTG-1",3
"ACTATCTCAAATACAG-1",1
"ACTATCTCAAATTGCC-1",1
"ACTATCTGTAGGGACT-1",0
"ACTATCTGTCGCGTGT-1",0
"ACTATCTGTGCACGAA-1",0
"ACTATCTGTGGTTTCA-1",3
"ACTATCTTCGCCGTGA-1",1
"ACTGAACAGAGTGAGA-1",0
"ACTGAACAGATCCCGC-1",0
"ACTGAACAGGTGATAT-1",0
"ACTGAACCAAAGCGGT-1",1
"ACTGAACCAAGCGAGT-1",0
"ACTGAACCAATTCCTT-1",1
"ACTGAACCAGCTGGCT-1",2
"ACTGAACCAGTCTTCC-1",0
"ACTGAACCATTACCTT-1",4
"ACTGAACGTAAGCACG-1",0
"ACTGAACGTAATCGTC-1",4
"ACTGAACGTCCAGTAT-1",0
"ACTGAACGTCTGATCA-1",2
"ACTGAACTCCCACTTG-1",0
"ACTGAGTAGCCGGTAA-1",0
"ACTGAGTCAGTGGGAT-1",0
"ACTGAGTCATTTGCCC-1",1
"ACTGAGTGTAGAGCTG-1",0
"ACTGAGTGTTGTGGCC-1",2
"ACTGAGTTCAGGTTCA-1",1
"ACTGATGAGACAGACC-1",5
"ACTGATGAGCGGATCA-1",1
"ACTGATGAGGTGCTTT-1",1
"ACTGATGCAGCAGTTT-1",0
"ACTGATGCATCACAAC-1",1
"ACTGATGGTCATGCAT-1",5
"ACTGATGTCACAATGC-1",0
"ACTGATGTCACTCCTG-1",2
"ACTGATGTCCCTGACT-1",2
"ACTGATGTCCGCTGTT-1",0
"ACTGATGTCCGGCACA-1",0
"ACTGATGTCCTATTCA-1",2
"ACTGCTCAGAGCTTCT-1",0
"ACTGCTCAGATGCCTT-1",0
"ACTGCTCCACACCGCA-1",0
"ACTGCTCCAGATGGGT-1",2
"ACTGCTCCATGCCTAA-1",1
"ACTGCTCGTAGGCATG-1",1
"ACTGCTCGTATCACCA-1",0
"ACTGCTCGTCCGAAGA-1",1
"ACTGCTCTCCGAGCCA-1",3
"ACTGTCCAGAGGGCTT-1",2
"ACTGTCCAGCAGCGTA-1",1
"ACTGTCCAGGCATGGT-1",1
"ACTGTCCCAAGGTTTC-1",1
"ACTGTCCCAAGTACCT-1",0
"ACTGTCCCAGTATCTG-1",2
"ACTGTCCCATAGAAAC-1",2
"ACTGTCCGTTGAGGTG-1",1
"ACTGTCCTCCACGTGG-1",4
"ACTGTCCTCCTTGGTC-1",1
"ACTGTCCTCTCTGTCG-1",0
"ACTTACTAGCGATAGC-1",1
"ACTTACTAGGGATGGG-1",0
"ACTTACTCACAGACAG-1",0
"ACTTACTCACATTTCT-1",0
"ACTTACTGTACTCAAC-1",1
"ACTTACTGTTCCACAA-1",0
"ACTTACTTCATCGGAT-1",1
"ACTTGTTAGACAAGCC-1",0
"ACTTGTTAGCTAGCCC-1",0
"ACTTGTTAGTTACCCA-1",1
"ACTTGTTCACGACGAA-1",1
"ACTTGTTCACGGCTAC-1",1
"ACTTGTTGTATCGCAT-1",0
"ACTTGTTGTGGTAACG-1",0
"ACTTGTTGTTGTGGAG-1",0
"ACTTGTTTCATCACCC-1",2
"ACTTTCACATGGTCAT-1",1
"ACTTTCAGTGACTACT-1",1
"ACTTTCATCGCCAGCA-1",0
"AGAATAGAGCTGAACG-1",1
"AGAATAGAGCTGTCTA-1",2
"AGAATAGAGGTAGCTG-1",0
"AGAATAGCATGGTCTA-1",0
"AGAATAGGTAATCGTC-1",0
"AGAATAGGTATTCTCT-1",4
"AGAATAGGTGCGGTAA-1",0
"AGAATAGGTTAAGAAC-1",3
"AGAATAGTCAGGCCCA-1",0
"AGACGTTAGAATGTGT-1",1
"AGACGTTAGCTCCTCT-1",0
"AGACGTTAGTGCCAGA-1",3
"AGACGTTCAGGATCGA-1",0
"AGACGTTGTAGCTGCC-1",0
"AGACGTTGTCTGCAAT-1",1
"AGACGTTGTTCTGTTT-1",1
"AGACGTTTCGCATGGC-1",0
"AGACGTTTCGCTTAGA-1",1
"AGAGCGACAACTTGAC-1",2
"AGAGCGACAAGTACCT-1",1
"AGAGCGACACAACGTT-1",1
"AGAGCGACATGAGCGA-1",2
"AGAGCGAGTCAGTGGA-1",0
"AGAGCGAGTCGACTGC-1",0
"AGAGCGAGTTGAGTTC-1",0
"AGAGCGATCGCGTAGC-1",1
"AGAGCGATCTATCCTA-1",0
"AGAGCGATCTCGCTTG-1",0
"AGAGCTTAGCCGTCGT-1",0
"AGAGCTTAGTACACCT-1",0
"AGAGCTTAGTCATGCT-1",2
"AGAGCTTGTAGAGCTG-1",1
"AGAGCTTGTATCACCA-1",1
"AGAGCTTTCACTATTC-1",2
"AGAGCTTTCCTGCAGG-1",0
"AGAGCTTTCGCAAACT-1",1
"AGAGCTTTCGCTTAGA-1",0
"AGAGTGGAGAGCCTAG-1",1
"AGAGTGGAGGCCCTTG-1",1
"AGAGTGGAGGTACTCT-1",2
"AGAGTGGCACAAGACG-1",0
"AGAGTGGCACCTCGTT-1",1
"AGAGTGGCATCCGGGT-1",0
"AGAGTGGCATCTGGTA-1",0
"AGAGTGGGTCAGCTAT-1",0
"AGAGTGGGTCCTCCAT-1",1
"AGAGTGGGTCTAGTCA-1",2
"AGAGTGGGTTACCGAT-1",3
"AGATCTGAGGTGGGTT-1",4
"AGATCTGAGTCAAGGC-1",0
"AGATCTGCAATGTTGC-1",2
"AGATCTGTCGAATCCA-1",0
"AGATCTGTCTGCAGTA-1",2
"AGATTGCAGGCTACGA-1",1
"AGATTGCCACGACGAA-1",1
"AGATTGCCAGATGGGT-1",0
"AGATTGCGTAGAGCTG-1",3
"AGATTGCGTGATGTCT-1",0
"AGATTGCGTGTTCGAT-1",0
"AGATTGCGTTCACGGC-1",1
"AGATTGCTCACTGGGC-1",0
"AGATTGCTCATCTGTT-1",1
"AGCAGCCAGCTGATAA-1",0
"AGCAGCCCACCGAAAG-1",2
"AGCAGCCGTCGACTGC-1",2
"AGCAGCCGTCGCTTTC-1",0
"AGCAGCCGTCTAACGT-1",6
"AGCAGCCGTGTGAAAT-1",0
"AGCAGCCGTTTGTTGG-1",1
"AGCAGCCTCCAAACAC-1",0
"AGCATACAGTGGTAGC-1",1
"AGCATACAGTTGTCGT-1",2
"AGCATACGTCTTCTCG-1",1
"AGCATACGTTAAGTAG-1",0
"AGCATACTCCGTTGCT-1",1
"AGCCTAAAGATATGGT-1",2
"AGCCTAACAAAGCGGT-1",2
"AGCCTAACAGATAATG-1",0
"AGCCTAAGTACGAAAT-1",1
"AGCCTAAGTCACCTAA-1",2
"AGCCTAAGTGTGCCTG-1",0
"AGCCTAATCACCCGAG-1",2
"AGCCTAATCCAATGGT-1",1
"AGCCTAATCCTTGGTC-1",1
"AGCCTAATCTGTGCAA-1",2
"AGCCTAATCTGTTTGT-1",0
"AGCGGTCAGCGAAGGG-1",1
"AGCGGTCAGGTACTCT-1",0
"AGCGGTCAGTGACTCT-1",1
"AGCGGTCCAGCCTTGG-1",2
"AGCGGTCGTCCTAGCG-1",0
"AGCGGTCGTGGTGTAG-1",0
"AGCGGTCGTTAAGGGC-1",2
"AGCGGTCGTTTGCATG-1",1
"AGCGGTCTCCGAAGAG-1",0
"AGCGGTCTCCTCAATT-1",2
"AGCGGTCTCTGGGCCA-1",1
"AGCGTATAGAACTGTA-1",1
"AGCGTATAGCGATGAC-1",1
"AGCGTATAGGTACTCT-1",1
"AGCGTATGTTGAGGTG-1",0
"AGCGTATTCCAGAGGA-1",3
"AGCGTCGAGTTGAGTA-1",0
"AGCGTCGCAGGGATTG-1",2
"AGCGTCGTCTGAAAGA-1",0
"AGCTCCTAGACCTAGG-1",1
"AGCTCCTAGCGTTTAC-1",0
"AGCTCCTGTGTTTGTG-1",1
"AGCTCCTGTTGTCTTT-1",0
"AGCTCCTTCCGAATGT-1",0
"AGCTCCTTCTTGACGA-1",2
"AGCTCTCAGCGGATCA-1",0
"AGCTCTCAGCTGTTCA-1",1
"AGCTCTCAGGTGCTAG-1",0
"AGCTCTCCATACAGCT-1",4
"AGCTCTCGTCAGAGGT-1",1
"AGCTCTCGTGGGTCAA-1",3
"AGCTCTCTCACAACGT-1",1
"AGCTCTCTCTTGACGA-1",1
"AGCTTGAAGCATCATC-1",1
"AGCTTGAAGTAGCGGT-1",0
"AGCTTGAAGTTGTCGT-1",0
"AGCTTGACAATCCAAC-1",0
"AGCTTGACACCGATAT-1",1
"AGCTTGAGTCTACCTC-1",0
"AGCTTGAGTGCGCTTG-1",1
"AGCTTGAGTTACGCGC-1",0
"AGCTTGATCCTGCCAT-1",3
"AGCTTGATCTGCAAGT-1",2
"AGGCCACAGAGTAAGG-1",3
"AGGCCACAGGGTCTCC-1",1
"AGGCCACAGTACTTGC-1",1
"AGGCCACCAGGACCCT-1",1
"AGGCCACCATCAGTCA-1",0
"AGGCCACTCATGCTCC-1",1
"AGGCCACTCATGGTCA-1",1
"AGGCCACTCATTGCGA-1",2
"AGGCCGTAGGATCGCA-1",3
"AGGCCGTCACGTAAGG-1",0
"AGGCCGTCAGCTCGAC-1",1
"AGGCCGTCATCGTCGG-1",2
"AGGCCGTTCACGGTTA-1",0
"AGGCCGTTCGAACTGT-1",0
"AGGCCGTTCTCAAGTG-1",0
"AGGCCGTTCTGCTTGC-1",0
"AGGGAGTAGCCCAACC-1",1
"AGGGAGTAGGAGTACC-1",0
"AGGGAGTAGGCAGGTT-1",1
"AGGGAGTCACGAGAGT-1",0
"AGGGAGTCAGAAGCAC-1",0
"AGGGAGTCAGATCCAT-1",4
"AGGGAGTCATCGACGC-1",0
"AGGGAGTCATGCTAGT-1",3
"AGGGAGTGTCCATGAT-1",0
"AGGGAGTTCATAACCG-1",2
"AGGGATGAGCTCTCGG-1",1
"AGGGATGAGGAGTAGA-1",2
"AGGGATGAGTAGCGGT-1",2
"AGGGATGCAATGAATG-1",0
"AGGGATGCAATGGAGC-1",0
"AGGGATGCACAAGACG-1",1
"AGGGATGCACATTTCT-1",0
"AGGGATGCATGGTCTA-1",2
"AGGGATGGTTAAAGTG-1",2
"AGGGATGGTTATGCGT-1",0
"AGGGATGTCGTGACAT-1",0
"AGGGTGAAGATGGCGT-1",0
"AGGGTGAAGATGGGTC-1",0
"AGGGTGAAGGCTCAGA-1",0
"AGGGTGACACGAGAGT-1",0
"AGGGTGACAGATGGCA-1",0
"AGGGTGACAGATTGCT-1",0
"AGGGTGAGTACTCTCC-1",0
"AGGGTGAGTTATCGGT-1",0
"AGGGTGAGTTCTGAAC-1",2
"AGGGTGATCTCGCTTG-1",1
"AGGTCATAGAGCCCAA-1",0
"AGGTCATAGCCAGAAC-1",1
"AGGTCATAGGCATGGT-1",1
"AGGTCATAGGGAGTAA-1",0
"AGGTCATCACTCAGGC-1",0
"AGGTCATCACTCTGTC-1",0
"AGGTCATGTTCCACTC-1",0
"AGGTCATTCTCGTTTA-1",1
"AGGTCCGAGGATGCGT-1",0
"AGGTCCGCAACACGCC-1",0
"AGGTCCGGTGATGCCC-1",2
"AGGTCCGTCCATGAAC-1",0
"AGGTCCGTCGCCCTTA-1",0
"AGGTCCGTCTGCGTAA-1",1
"AGTAGTCAGACTGTAA-1",1
"AGTAGTCAGTACGACG-1",0
"AGTAGTCAGTTTAGGA-1",2
"AGTAGTCCAACTGGCC-1",0
"AGTAGTCGTGCAGACA-1",0
"AGTAGTCTCACCCGAG-1",2
"AGTCTTTAGGCAGTCA-1",2
"AGTCTTTCAAATCCGT-1",0
"AGTCTTTCATATACCG-1",1
"AGTCTTTGTGCTTCTC-1",0
"AGTCTTTGTGTCCTCT-1",1
"AGTCTTTGTTTGTTTC-1",0
"AGTCTTTTCGCAGGCT-1",1
"AGTCTTTTCGCGTAGC-1",2
"AGTCTTTTCGCTAGCG-1",1
"AGTCTTTTCGCTTGTC-1",6
"AGTCTTTTCTGACCTC-1",0
"AGTGAGGAGATAGCAT-1",1
"AGTGAGGCAGGTGCCT-1",2
"AGTGAGGGTATGAAAC-1",2
"AGTGAGGGTCACTTCC-1",0
"AGTGAGGGTCGCGAAA-1",2
"AGTGAGGGTTATGTGC-1",0
"AGTGAGGTCTACTATC-1",0
"AGTGGGAAGCAGACTG-1",0
"AGTGGGACAAACGCGA-1",1
"AGTGGGACAAGCCGTC-1",1
"AGTGGGACACAGGAGT-1",2
"AGTGGGACACGAGAGT-1",1
"AGTGGGATCATCGATG-1",0
"AGTGGGATCCACGAAT-1",2
"AGTGGGATCCTGCAGG-1",0
"AGTGTCAAGAAGCCCA-1",2
"AGTGTCAAGCTAGTCT-1",0
"AGTGTCAAGTACGACG-1",4
"AGTGTCAAGTGAACAT-1",0
"AGTGTCACACCATCCT-1",4
"AGTGTCACAGTAAGCG-1",0
"AGTGTCACAGTGGAGT-1",1
"AGTGTCAGTAAACCTC-1",0
"AGTGTCAGTACAGCAG-1",0
"AGTGTCAGTCTCCACT-1",0
"AGTGTCAGTTTGACTG-1",0
"AGTGTCATCAAAGTAG-1",1
"AGTGTCATCCGTCAAA-1",0
"AGTGTCATCGTTACAG-1",2
"AGTGTCATCTGTCAAG-1",2
"AGTTGGTAGACTGTAA-1",0
"AGTTGGTAGTACGCGA-1",2
"AGTTGGTCAAATTGCC-1",1
"AGTTGGTCAGGAATGC-1",1
"AGTTGGTCATGCGCAC-1",0
"AGTTGGTGTACCGTAT-1",3
"AGTTGGTGTATGCTTG-1",4
"AGTTGGTGTCAGGACA-1",1
"AGTTGGTGTTCAGACT-1",2
"AGTTGGTTCAGTACGT-1",1
"AGTTGGTTCCTCAACC-1",0
"AGTTGGTTCGTACCGG-1",0
"AGTTGGTTCTGTCCGT-1",1
"ATAACGCAGTTGAGTA-1",1
"ATAACGCCACGTGAGA-1",0
"ATAACGCGTGAACCTT-1",1
"ATAACGCGTGTCCTCT-1",4
"ATAACGCGTGTGAAAT-1",1
"ATAACGCTCTCCGGTT-1",1
"ATAAGAGAGTCCGGTC-1",0
"ATAAGAGCAACTGCGC-1",3
"ATAAGAGCAGTATCTG-1",1
"ATAAGAGGTGACGCCT-1",0
"ATAAGAGGTTAAAGTG-1",1
"ATAAGAGTCAGCACAT-1",0
"ATAAGAGTCAGTGCAT-1",2
"ATAGACCAGAGAGCTC-1",0
"ATAGACCAGCCCAATT-1",0
"ATAGACCCAAGCCATT-1",0
"ATAGACCCATCTGGTA-1",0
"ATAGACCGTATATGGA-1",0
"ATAGACCGTGGACGAT-1",0
"ATAGACCGTGGCGAAT-1",1
"ATAGACCGTTTCGCTC-1",2
"ATCACGAAGAACTCGG-1",1
"ATCACGAAGACACGAC-1",0
"ATCACGAAGTTACCCA-1",4
"ATCACGACAAGACACG-1",2
"ATCACGACAAGCGTAG-1",2
"ATCACGACACACATGT-1",1
"ATCACGACACCACCAG-1",1
"ATCACGACACGGTAAG-1",1
"ATCACGACAGCGAACA-1",2
"ATCACGATCCCGACTT-1",0
"ATCACGATCGGTGTCG-1",3
"ATCATCTAGCCTATGT-1",2
"ATCATCTAGGCCATAG-1",1
"ATCATCTAGTACTTGC-1",1
"ATCATCTCAGACGCCT-1",0
"ATCATCTCATCCGTGG-1",0
"ATCATCTGTATTACCG-1",4
"ATCATCTGTCACTTCC-1",3
"ATCATCTTCAGCGACC-1",2
"ATCATCTTCCTCAACC-1",0
"ATCATGGCAAGCGTAG-1",2
"ATCATGGCAAGGTTCT-1",0
"ATCATGGCACTACAGT-1",0
"ATCATGGGTAAGGGAA-1",1
"ATCATGGGTTGTGGCC-1",1
"ATCATGGTCAATAAGG-1",5
"ATCATGGTCCAATGGT-1",1
"ATCATGGTCGCCATAA-1",0
"ATCATGGTCGGTTAAC-1",1
"ATCCACCAGCTAGTCT-1",0
"ATCCACCAGGCTCTTA-1",5
"ATCCACCCAAACGTGG-1",0
"ATCCACCCAGTTAACC-1",1
"ATCCACCGTCCGAAGA-1",0
"ATCCACCGTTTGTTTC-1",0
"ATCCACCTCCTGCTTG-1",0
"ATCCACCTCCTTAATC-1",0
"ATCCACCTCTGGTATG-1",0
"ATCCGAAAGCGATGAC-1",1
"ATCCGAAAGCTAGGCA-1",0
"ATCCGAACAAACGTGG-1",3
"ATCCGAACAACAACCT-1",2
"ATCCGAACAAGGACTG-1",2
"ATCCGAACACCCATTC-1",1
"ATCCGAACACGGTAGA-1",0
"ATCCGAAGTAGCGCTC-1",0
"ATCCGAAGTCATTAGC-1",1
"ATCCGAAGTCTCTTAT-1",0
"ATCCGAATCCAACCAA-1",2
"ATCCGAATCCTTGACC-1",6
"ATCCGAATCTTGTCAT-1",1
"ATCGAGTAGACTTTCG-1",0
"ATCGAGTCATCCGGGT-1",0
"ATCGAGTGTCCCTTGT-1",0
"ATCGAGTGTCTCCCTA-1",1
"ATCGAGTTCATGCATG-1",0
"ATCGAGTTCCTGCCAT-1",0
"ATCTACTAGGTGTGGT-1",1
"ATCTACTCAGCTGTAT-1",1
"ATCTACTCAGTACACT-1",4
"ATCTACTCATGACATC-1",1
"ATCTACTGTAAGTAGT-1",1
"ATCTACTGTGTCGCTG-1",0
"ATCTACTTCCGCGTTT-1",1
"ATCTACTTCGCAAGCC-1",3
"ATCTACTTCTATCGCC-1",1
"ATCTACTTCTCTAAGG-1",5
"ATCTGCCAGGCTCAGA-1",4
"ATCTGCCGTACAGTTC-1",3
"ATCTGCCGTTGTGGAG-1",0
"ATCTGCCTCAGAGACG-1",1
"ATCTGCCTCAGCTGGC-1",4
"ATCTGCCTCGTACGGC-1",0
"ATCTGCCTCTCGAGTA-1",0
"ATCTGCCTCTGAGTGT-1",0
"ATCTGCCTCTTGTATC-1",3
"ATGAGGGAGGTCGGAT-1",3
"ATGAGGGCATGACGGA-1",1
"ATGAGGGCATTAGGCT-1",2
"ATGAGGGTCACATGCA-1",0
"ATGAGGGTCAGTCCCT-1",0
"ATGCGATAGTCAATAG-1",1
"ATGCGATCATGTTGAC-1",2
"ATGCGATGTGCAGTAG-1",3
"ATGCGATGTGCATCTA-1",0
"ATGCGATTCCCAAGAT-1",0
"ATGCGATTCGCCATAA-1",0
"ATGGGAGAGCAATATG-1",1
"ATGGGAGAGCCACGCT-1",1
"ATGGGAGAGGTGATAT-1",0
"ATGGGAGCACCAGGTC-1",3
"ATGGGAGCACTATCTT-1",2
"ATGGGAGCAGCATACT-1",2
"ATGGGAGCATAGAAAC-1",2
"ATGGGAGCATTACCTT-1",0
"ATGGGAGTCAAGGTAA-1",0
"ATGTGTGAGCGAAGGG-1",0
"ATGTGTGAGGGTTTCT-1",0
"ATGTGTGAGTTGAGTA-1",3
"ATGTGTGCACGGCGTT-1",1
"ATGTGTGCACGGTTTA-1",0
"ATGTGTGCAGTATAAG-1",0
"ATGTGTGTCACGCGGT-1",1
"ATTACTCAGATGTGTA-1",0
"ATTACTCAGCGTAATA-1",1
"ATTACTCAGGTGCACA-1",1
"ATTACTCAGTGAAGTT-1",1
"ATTACTCCAAACTGTC-1",1
"ATTACTCCACCATCCT-1",3
"ATTACTCCAGACTCGC-1",3
"ATTACTCCATATGCTG-1",0
"ATTACTCCATCGGTTA-1",0
"ATTACTCCATTGCGGC-1",1
"ATTACTCGTTAAAGAC-1",1
"ATTACTCTCCGAACGC-1",2
"ATTATCCAGAGTACCG-1",3
"ATTATCCAGCTTATCG-1",0
"ATTATCCCACAAGCCC-1",2
"ATTATCCCATATGAGA-1",2
"ATTATCCCATCTGGTA-1",1
"ATTATCCGTCGTTGTA-1",2
"ATTATCCGTCTCTCTG-1",1
"ATTATCCTCAACGGGA-1",0
"ATTATCCTCCGCGCAA-1",0
"ATTATCCTCTCCGGTT-1",1
"ATTCTACGTCACTTCC-1",0
"ATTCTACGTCTAGTCA-1",0
"ATTCTACGTTGTCGCG-1",1
"ATTGGACAGCAGATCG-1",0
"ATTGGACAGGGCATGT-1",0
"ATTGGACAGTGGACGT-1",0
"ATTGGACCAAGACACG-1",4
"ATTGGACGTAATAGCA-1",3
"ATTGGACTCCTGCTTG-1",5
"ATTGGACTCGGCGCAT-1",0
"ATTGGACTCGTTTGCC-1",0
"ATTGGTGAGAATGTTG-1",1
"ATTGGTGCAAGCTGAG-1",1
"ATTGGTGCAGCAGTTT-1",2
"ATTGGTGGTATGGTTC-1",0
"ATTGGTGGTTGAGTTC-1",6
"ATTGGTGTCAAAGTAG-1",1
"ATTGGTGTCGGAAACG-1",0
"ATTTCTGAGGGATACC-1",2
"ATTTCTGAGGGATCTG-1",1
"ATTTCTGAGGTGTTAA-1",3
"ATTTCTGAGTCGAGTG-1",1
"ATTTCTGAGTTCGCAT-1",3
"ATTTCTGCAAGGTGTG-1",2
"ATTTCTGGTAGCTCCG-1",0
"ATTTCTGGTGCACGAA-1",0
"ATTTCTGGTTGCCTCT-1",1
"ATTTCTGTCAAAGTAG-1",0
"ATTTCTGTCAGCTCGG-1",0
"ATTTCTGTCTTGGGTA-1",0
"CAACCAAAGAAACGCC-1",3
"CAACCAAAGAGGGCTT-1",1
"CAACCAAAGCTGAAAT-1",0
"CAACCAAAGGACAGCT-1",0
"CAACCAAAGGGAGTAA-1",0
"CAACCAACATACGCTA-1",0
"CAACCTCAGTAATCCC-1",0
"CAACCTCCAGACGCAA-1",4
"CAACCTCGTGAGTGAC-1",0
"CAACCTCGTTCCACGG-1",1
"CAACCTCTCATACGGT-1",3
"CAACCTCTCCGATATG-1",0
"CAACCTCTCCTTTACA-1",0
"CAACCTCTCTCTAGGA-1",0
"CAACTAGAGAATAGGG-1",1
"CAACTAGAGGATGCGT-1",2
"CAACTAGCACCATCCT-1",0
"CAACTAGCAGACTCGC-1",4
"CAACTAGCAGTTCATG-1",0
"CAACTAGGTACGCACC-1",5
"CAACTAGTCAGGCCCA-1",0
"CAAGAAAAGAAGGACA-1",0
"CAAGAAAAGACGCACA-1",1
"CAAGAAAAGGCCCTTG-1",4
"CAAGAAAAGGTGATAT-1",1
"CAAGAAAAGTCGATAA-1",2
"CAAGAAAAGTGGAGTC-1",1
"CAAGAAAAGTGTACCT-1",1
"CAAGAAACACGGTGTC-1",0
"CAAGAAATCTGCTTGC-1",2
"CAAGATCAGCTGAAAT-1",1
"CAAGATCGTAAGAGGA-1",0
"CAAGATCGTGCCTTGG-1",5
"CAAGATCTCAACACCA-1",3
"CAAGATCTCTCGATGA-1",1
"CAAGGCCAGGAGTCTG-1",0
"CAAGGCCAGGCTATCT-1",0
"CAAGGCCCACGGTAAG-1",1
"CAAGGCCCATGTTCCC-1",1
"CAAGGCCGTCCGTCAG-1",0
"CAAGGCCTCAACGGGA-1",0
"CAAGGCCTCCTTGACC-1",0
"CAAGGCCTCGTGACAT-1",1
"CAAGTTGAGACAGGCT-1",1
"CAAGTTGAGATGTCGG-1",1
"CAAGTTGAGCGTCAAG-1",2
"CAAGTTGAGCGTTTAC-1",0
"CAAGTTGCACATTAGC-1",0
"CAAGTTGCACGCTTTC-1",0
"CAAGTTGCACGGTGTC-1",2
"CAAGTTGCATTCTTAC-1",5
"CAAGTTGGTACTCAAC-1",0
"CAAGTTGGTCAGGACA-1",1
"CAAGTTGGTCGGCACT-1",1
"CAAGTTGTCAACGAAA-1",1
"CAAGTTGTCACCACCT-1",0
"CAAGTTGTCATTGCCC-1",0
"CAAGTTGTCGAATCCA-1",2
"CAAGTTGTCTACTTAC-1",1
"CACAAACAGGGCTCTC-1",0
"CACAAACAGGGCTTGA-1",7
"CACAAACAGTGACATA-1",0
"CACAAACCAACTGCGC-1",0
"CACAAACCAATAAGCA-1",0
"CACAAACCAATCAGAA-1",2
"CACAAACCACTTAACG-1",1
"CACAAACCATGAACCT-1",0
"CACAAACCATGGTCAT-1",2
"CACAAACGTCAACTGT-1",3
"CACAAACGTCAGAATA-1",0
"CACAAACTCTTCGGTC-1",2
"CACAAACTCTTGGGTA-1",0
"CACACAAAGCGACGTA-1",1
"CACACAAAGGGAGTAA-1",2
"CACACAACAAACGTGG-1",0
"CACACAACACATGACT-1",1
"CACACAACATCGATTG-1",0
"CACACAACATTGGGCC-1",1
"CACACAAGTACGACCC-1",1
"CACACAAGTCAGTGGA-1",1
"CACACAAGTCATCGGC-1",1
"CACACAAGTTTACTCT-1",0
"CACACAATCCACGTGG-1",2
"CACACAATCCACGTTC-1",0
"CACACAATCGGCGCAT-1",2
"CACACCTAGAGACTAT-1",2
"CACACCTAGGACATTA-1",3
"CACACCTAGTCATCCA-1",1
"CACACCTAGTGTGAAT-1",0
"CACACCTCACTGAAGG-1",2
"CACACCTCATAGGATA-1",0
"CACACCTCATAGTAAG-1",2
"CACACCTCATTGGGCC-1",0
"CACACCTGTACAGCAG-1",1
"CACACCTGTACCGCTG-1",1
"CACACCTGTCCAAGTT-1",1
"CACACCTGTGGACGAT-1",2
"CACACCTGTGGTCTCG-1",1
"CACACCTTCATGTCTT-1",4
"CACACCTTCTGGCGAC-1",1
"CACACTCAGGGAAACA-1",2
"CACACTCCAACACCTA-1",0
"CACACTCCAAGGGTCA-1",1
"CACACTCGTGACGCCT-1",1
"CACACTCGTTTGTGTG-1",2
"CACAGGCAGCCATCGC-1",1
"CACAGGCAGGGATGGG-1",3
"CACAGGCCAAGAGTCG-1",0
"CACAGGCCAATGGAGC-1",0
"CACAGGCGTCTAGGTT-1",0
"CACAGGCGTTACGCGC-1",1
"CACAGGCTCGGGAGTA-1",3
"CACAGGCTCTATGTGG-1",1
"CACAGTAAGACGCAAC-1",3
"CACAGTAAGACGCACA-1",1
"CACAGTAAGTGGGCTA-1",2
"CACAGTACAACTGGCC-1",2
"CACAGTACATCGGACC-1",1
"CACAGTAGTTCCATGA-1",2
"CACATAGAGCCCAATT-1",2
"CACATAGAGTGTACTC-1",0
"CACATAGCACTTCTGC-1",0
"CACATAGCAGGGTATG-1",6
"CACATAGTCCTTGCCA-1",6
"CACATAGTCGGCGCAT-1",1
"CACATTTAGCAGATCG-1",0
"CACATTTAGGGCACTA-1",0
"CACATTTCACGGCGTT-1",0
"CACATTTCATTACCTT-1",3
"CACATTTGTCGAACAG-1",0
"CACATTTGTGTTGAGG-1",0
"CACATTTTCCAGAGGA-1",0
"CACATTTTCCGCATCT-1",1
"CACATTTTCTACTATC-1",1
"CACATTTTCTGTGCAA-1",1
"CACCACTAGCCACGTC-1",1
"CACCACTAGTGGTAAT-1",3
"CACCACTAGTTACCCA-1",1
"CACCACTCAAGCCCAC-1",1
"CACCACTCAGTTCATG-1",1
"CACCACTGTTATTCTC-1",0
"CACCACTTCACCGGGT-1",1
"CACCACTTCGAATCCA-1",1
"CACCACTTCGACCAGC-1",0
"CACCACTTCTAACCGA-1",1
"CACCACTTCTTTAGTC-1",2
"CACCAGGCACATTAGC-1",0
"CACCAGGCACTGCCAG-1",1
"CACCAGGCATAAAGGT-1",0
"CACCAGGCATGAACCT-1",3
"CACCAGGGTGAAATCA-1",0
"CACCAGGGTGTTTGGT-1",2
"CACCAGGGTTATCACG-1",2
"CACCAGGTCATGTAGC-1",2
"CACCAGGTCTGCTTGC-1",1
"CACCTTGAGACTTGAA-1",0
"CACCTTGAGTCAATAG-1",0
"CACCTTGCACTAGTAC-1",0
"CACCTTGCAGGCGATA-1",2
"CACCTTGCATTCCTGC-1",0
"CACCTTGGTCATTAGC-1",1
"CACCTTGGTGATGTCT-1",0
"CACCTTGGTGTGAAAT-1",1
"CACCTTGGTTATGTGC-1",1
"CACCTTGTCAACCATG-1",5
"CACCTTGTCATTATCC-1",2
"CACCTTGTCCAAAGTC-1",0
"CACCTTGTCTCACATT-1",2
"CACTCCAAGACAAGCC-1",2
"CACTCCAAGGTACTCT-1",2
"CACTCCACAATGGACG-1",0
"CACTCCAGTACATGTC-1",3
"CACTCCAGTTGTCGCG-1",0
"CACTCCATCAACACAC-1",1
"CACTCCATCCCAGGTG-1",0
"CAGAATCAGAAACCTA-1",2
"CAGAATCAGCCAACAG-1",1
"CAGAATCAGCTGGAAC-1",1
"CAGAATCAGGACTGGT-1",1
"CAGAATCAGTATCGAA-1",2
"CAGAATCCACAGAGGT-1",3
"CAGAATCCAGGGTACA-1",1
"CAGAATCGTAAGTGTA-1",4
"CAGAATCGTAATCACC-1",1
"CAGAATCTCAGTTTGG-1",2
"CAGAATCTCGCAAGCC-1",0
"CAGAATCTCGGTCCGA-1",0
"CAGAATCTCTTGCAAG-1",1
"CAGAATCTCTTGTACT-1",0
"CAGAGAGAGAATTGTG-1",1
"CAGAGAGAGCAATATG-1",2
"CAGAGAGCAAGAAGAG-1",0
"CAGAGAGCACCAGATT-1",0
"CAGAGAGGTAATCACC-1",2
"CAGAGAGGTAGCTGCC-1",1
"CAGAGAGGTAGGACAC-1",2
"CAGAGAGGTATAGGGC-1",2
"CAGAGAGGTCCGAATT-1",0
"CAGAGAGGTTGAGGTG-1",2
"CAGAGAGTCACCCGAG-1",0
"CAGAGAGTCATAACCG-1",0
"CAGAGAGTCCGAACGC-1",0
"CAGAGAGTCTGGTATG-1",3
"CAGATCAAGAGACGAA-1",0
"CAGATCAAGCACCGTC-1",1
"CAGATCAAGCTTCGCG-1",0
"CAGATCAAGGATTCGG-1",0
"CAGATCAAGTGTACCT-1",1
"CAGATCAAGTTTAGGA-1",2
"CAGATCACAATAACGA-1",0
"CAGATCACACACCGAC-1",0
"CAGATCACACGGTAAG-1",1
"CAGATCACACTCTGTC-1",0
"CAGATCACAGCATACT-1",4
"CAGATCACAGTGGGAT-1",2
"CAGATCAGTACCAGTT-1",1
"CAGATCAGTGCGGTAA-1",2
"CAGATCATCTGATACG-1",0
"CAGATCATCTGATTCT-1",0
"CAGCAGCAGATGCCAG-1",0
"CAGCAGCAGGGAACGG-1",0
"CAGCAGCCACCTATCC-1",0
"CAGCAGCCATCACAAC-1",0
"CAGCAGCGTGCTAGCC-1",2
"CAGCAGCTCAACACTG-1",1
"CAGCAGCTCGAACTGT-1",1
"CAGCAGCTCGCCGTGA-1",0
"CAGCATAAGAGACGAA-1",1
"CAGCATAGTCTAGGTT-1",0
"CAGCATAGTTTACTCT-1",0
"CAGCATATCACGAAGG-1",2
"CAGCATATCAGGCAAG-1",0
"CAGCATATCCTTAATC-1",2
"CAGCCGAAGCATCATC-1",1
"CAGCCGAAGTTTCCTT-1",1
"CAGCCGACACGTGAGA-1",0
"CAGCCGACATCAGTCA-1",2
"CAGCCGAGTGATGTCT-1",0
"CAGCCGATCACCAGGC-1",1
"CAGCCGATCCTCAATT-1",1
"CAGCGACAGAAACGCC-1",2
"CAGCGACAGCGTCAAG-1",0
"CAGCGACCAAACGTGG-1",1
"CAGCGACCAAAGCGGT-1",1
"CAGCGACCACGTCAGC-1",1
"CAGCGACCATGGGACA-1",2
"CAGCGACGTCTGATTG-1",1
"CAGCGACGTGGACGAT-1",1
"CAGCGACGTGGTTTCA-1",1
"CAGCGACGTTCGGCAC-1",0
"CAGCGACTCCGCAAGC-1",0
"CAGCGACTCTGGGCCA-1",0
"CAGCTAAAGATGTGTA-1",3
"CAGCTAAAGCAGACTG-1",0
"CAGCTAAAGCTGTTCA-1",0
"CAGCTAAAGGAGCGTT-1",2
"CAGCTAACACAGATTC-1",1
"CAGCTAACATCAGTAC-1",0
"CAGCTAAGTAATCGTC-1",1
"CAGCTAAGTCTCACCT-1",1
"CAGCTAAGTTCGTCTC-1",0
"CAGCTAATCCACGCAG-1",1
"CAGCTAATCCCTAACC-1",0
"CAGCTAATCTGGTTCC-1",0
"CAGCTAATCTTAGCCC-1",0
"CAGCTAATCTTCGGTC-1",0
"CAGCTGGAGACACTAA-1",2
"CAGCTGGAGATCCTGT-1",1
"CAGCTGGCACCAACCG-1",0
"CAGCTGGCAGTGGAGT-1",1
"CAGCTGGCATGCATGT-1",3
"CAGCTGGTCTACCTGC-1",1
"CAGGTGCAGAGACGAA-1",2
"CAGGTGCAGATCCTGT-1",1
"CAGGTGCAGGCATGTG-1",0
"CAGGTGCCAGGAACGT-1",0
"CAGGTGCCATAGTAAG-1",3
"CAGGTGCCATCGGAAG-1",2
"CAGGTGCTCAGTTGAC-1",0
"CAGGTGCTCCAAGTAC-1",0
"CAGGTGCTCTTGTATC-1",2
"CAGTAACAGATATGGT-1",3
"CAGTAACAGATGGCGT-1",0
"CAGTAACCAATCACAC-1",0
"CAGTAACCACTCGACG-1",0
"CAGTAACGTGATAAGT-1",1
"CAGTAACGTGCACCAC-1",0
"CAGTAACTCAGAGGTG-1",1
"CAGTAACTCGTACGGC-1",2
"CAGTAACTCGTGACAT-1",0
"CAGTAACTCTGCCAGG-1",0
"CAGTCCTAGAATCTCC-1",2
"CAGTCCTAGATCTGCT-1",5
"CAGTCCTCAGTATAAG-1",4
"CAGTCCTTCAACACGT-1",0
"CAGTCCTTCCATGAGT-1",0
"CAGTCCTTCCCGACTT-1",2
"CAGTCCTTCCCTTGTG-1",2
"CAGTCCTTCGAACGGA-1",0
"CAGTCCTTCGGTTCGG-1",0
"CAGTCCTTCTACTTAC-1",0
"CATATGGAGAGATGAG-1",1
"CATATGGAGGCATGGT-1",1
"CATATGGAGTATTGGA-1",2
"CATATGGCAAGCGTAG-1",3
"CATATGGGTCGCATAT-1",0
"CATATGGTCATTATCC-1",3
"CATATGGTCATTGCGA-1",0
"CATATTCAGGCGACAT-1",0
"CATATTCCACCACCAG-1",1
"CATATTCGTGACTACT-1",0
"CATATTCGTGGTACAG-1",1
"CATATTCGTGTGACGA-1",2
"CATATTCTCACAGGCC-1",2
"CATATTCTCGCAAACT-1",0
"CATCAAGAGAACTCGG-1",1
"CATCAAGAGATGGCGT-1",0
"CATCAAGAGCCGCCTA-1",3
"CATCAAGCACGAAACG-1",0
"CATCAAGCAGCCTTTC-1",4
"CATCAAGCATGGAATA-1",1
"CATCAAGGTTACTGAC-1",0
"CATCAAGGTTCCATGA-1",1
"CATCAAGTCTAAGCCA-1",0
"CATCAAGTCTGACCTC-1",1
"CATCAGAAGCTAGTCT-1",6
"CATCAGACAAGCCATT-1",0
"CATCAGACAATGACCT-1",4
"CATCAGACACGGCCAT-1",3
"CATCAGACAGACAGGT-1",1
"CATCAGACATAACCTG-1",1
"CATCAGAGTAATTGGA-1",1
"CATCAGAGTACATGTC-1",0
"CATCAGAGTGTTAAGA-1",1
"CATCAGAGTTCAACCA-1",0
"CATCAGATCGTTGACA-1",2
"CATCCACGTAAAGTCA-1",0
"CATCCACGTACCGTAT-1",1
"CATCCACGTGCCTGTG-1",1
"CATCCACGTTTAAGCC-1",0
"CATCGAAAGAGTACAT-1",3
"CATCGAAAGCTGTCTA-1",3
"CATCGAACAAGAGGCT-1",2
"CATCGAACAAGCTGAG-1",0
"CATCGAACACATTTCT-1",3
"CATCGAACATAAAGGT-1",0
"CATCGAAGTAGTACCT-1",3
"CATCGAAGTCCGACGT-1",0
"CATCGAAGTGCACTTA-1",0
"CATCGAATCAAACCAC-1",0
"CATCGAATCCGCGGTA-1",0
"CATCGAATCCGTAGTA-1",1
"CATCGGGAGAAGCCCA-1",2
"CATCGGGAGCGAGAAA-1",3
"CATCGGGAGGGTGTGT-1",2
"CATCGGGAGGTGTTAA-1",0
"CATCGGGAGTGACTCT-1",1
"CATCGGGCACTCAGGC-1",0
"CATCGGGCAGACGCTC-1",2
"CATCGGGCATCACAAC-1",0
"CATCGGGGTCCTCTTG-1",0
"CATCGGGGTGAGGGAG-1",0
"CATCGGGGTTCGAATC-1",0
"CATCGGGTCAGGATCT-1",1
"CATCGGGTCCACGAAT-1",2
"CATCGGGTCGATGAGG-1",1
"CATGACAAGACCACGA-1",1
"CATGACAAGCTCCTCT-1",0
"CATGACAAGTAACCCT-1",0
"CATGACAAGTATCTCG-1",0
"CATGACAGTCGTCTTC-1",0
"CATGACAGTGAACCTT-1",0
"CATGACATCAATAAGG-1",3
"CATGACATCTAACTGG-1",1
"CATGCCTAGACCTAGG-1",0
"CATGCCTAGAGTCTGG-1",0
"CATGCCTCACCACCAG-1",1
"CATGCCTGTCAAAGCG-1",1
"CATGCCTGTCGATTGT-1",4
"CATGCCTTCCACGACG-1",3
"CATGCCTTCCTCATTA-1",3
"CATGCCTTCGCATGAT-1",1
"CATGGCGAGAGCTGGT-1",0
"CATGGCGAGTACGACG-1",0
"CATGGCGTCCAAAGTC-1",0
"CATGGCGTCCCTTGTG-1",3
"CATGGCGTCGGCCGAT-1",1
"CATGGCGTCTCAAACG-1",1
"CATGGCGTCTGCCCTA-1",0
"CATTATCAGACCCACC-1",2
"CATTATCAGTCCCACG-1",0
"CATTATCCAAGTCTGT-1",0
"CATTATCCAGGGCATA-1",0
"CATTATCGTCAATGTC-1",0
"CATTATCTCACAAACC-1",2
"CATTATCTCAGATAAG-1",0
"CATTATCTCGCGTTTC-1",1
"CATTATCTCGTTGCCT-1",0
"CATTATCTCTATCCCG-1",0
"CATTATCTCTTAACCT-1",2
"CATTCGCAGGTGCTAG-1",0
"CATTCGCCAAGGGTCA-1",0
"CATTCGCCAGCCTATA-1",0
"CATTCGCCATACAGCT-1",1
"CATTCGCCATGGATGG-1",2
"CATTCGCCATGTCTCC-1",2
"CATTCGCCATTCACTT-1",2
"CATTCGCGTAGCACGA-1",0
"CATTCGCTCATCACCC-1",1
"CCAATCCAGACCACGA-1",1
"CCAATCCAGATATGGT-1",0
"CCAATCCAGTCGAGTG-1",0
"CCAATCCAGTCGTTTG-1",1
"CCAATCCAGTTTAGGA-1",0
"CCAATCCCAAGCGAGT-1",2
"CCAATCCTCGGACAAG-1",1
"CCAATCCTCTACCTGC-1",1
"CCACCTAAGCAGACTG-1",2
"CCACCTAAGGATGGTC-1",0
"CCACCTAAGTCGAGTG-1",2
"CCACCTAAGTGGGATC-1",0
"CCACCTAAGTGTGGCA-1",3
"CCACCTACAACAACCT-1",2
"CCACCTACAAGCCGCT-1",0
"CCACCTACAATCTACG-1",0
"CCACCTAGTAGTACCT-1",3
"CCACCTAGTCGCGTGT-1",0
"CCACCTAGTGGGTCAA-1",1
"CCACCTATCAGTTGAC-1",5
"CCACCTATCTGATACG-1",0
"CCACGGAAGACACGAC-1",0
"CCACGGAAGGGAACGG-1",0
"CCACGGACATGTCGAT-1",1
"CCACGGAGTAAGGGCT-1",0
"CCACGGAGTCAGATAA-1",1
"CCACGGAGTCCGTGAC-1",1
"CCACGGAGTGTAATGA-1",0
"CCACGGAGTTCTGAAC-1",1
"CCACGGATCACATAGC-1",0
"CCACGGATCCACGTGG-1",1
"CCACGGATCTACTATC-1",2
"CCACGGATCTAGAGTC-1",1
"CCACTACAGAGTACCG-1",0
"CCACTACAGCTTTGGT-1",2
"CCACTACCAGCAGTTT-1",0
"CCACTACCAGTAGAGC-1",1
"CCACTACGTCCGAATT-1",0
"CCACTACGTCTCAACA-1",1
"CCACTACGTGACAAAT-1",0
"CCACTACGTGACCAAG-1",3
"CCACTACGTGCACGAA-1",1
"CCACTACTCACTCTTA-1",1
"CCACTACTCCGCATCT-1",0
"CCACTACTCGGAAATA-1",0
"CCACTACTCTCGTATT-1",3
"CCACTACTCTCGTTTA-1",3
"CCAGCGAAGCCCAACC-1",1
"CCAGCGACATCGGGTC-1",0
"CCAGCGACATGTCCTC-1",0
"CCAGCGAGTAGGCATG-1",2
"CCAGCGAGTCCGTTAA-1",1
"CCAGCGATCAGAAATG-1",3
"CCATGTCAGCGATCCC-1",3
"CCATGTCAGGTCGGAT-1",1
"CCATGTCAGGTTACCT-1",0
"CCATGTCCAAGCTGGA-1",1
"CCATGTCCACATCCGG-1",0
"CCATGTCGTCCAGTAT-1",4
"CCATGTCTCCAAGTAC-1",0
"CCATGTCTCTTGTATC-1",1
"CCATTCGCAGTACACT-1",1
"CCATTCGCAGTTTACG-1",2
"CCATTCGGTAATCGTC-1",2
"CCATTCGGTATTACCG-1",1
"CCATTCGTCGTAGGAG-1",1
"CCCAATCAGTCACGCC-1",0
"CCCAATCCAGGTGGAT-1",1
"CCCAATCGTGAAGGCT-1",2
"CCCAATCGTTGGAGGT-1",1
"CCCAATCTCACATGCA-1",1
"CCCAATCTCCAGTATG-1",3
"CCCAATCTCGGAGCAA-1",0
"CCCAGTTAGAATAGGG-1",1
"CCCAGTTAGATCCCGC-1",1
"CCCAGTTAGCGTGAAC-1",1
"CCCAGTTAGGAATCGC-1",2
"CCCAGTTAGTCCGGTC-1",0
"CCCAGTTAGTTTGCGT-1",0
"CCCAGTTGTACATGTC-1",2
"CCCAGTTGTCTGCAAT-1",0
"CCCAGTTTCTGAAAGA-1",0
"CCCATACAGGGTTCCC-1",0
"CCCATACAGTGTTTGC-1",2
"CCCATACCAAAGGTGC-1",2
"CCCATACCAACACCCG-1",2
"CCCATACCAGCAGTTT-1",3
"CCCATACGTATTACCG-1",0
"CCCATACGTCAATACC-1",0
"CCCATACGTCTAGTCA-1",2
"CCCATACGTTGAGTTC-1",3
"CCCATACTCAATAAGG-1",0
"CCCATACTCAGCGACC-1",2
"CCCATACTCATCACCC-1",1
"CCCATACTCCGTAGGC-1",1
"CCCTCCTAGGAATCGC-1",0
"CCCTCCTCACGTCTCT-1",0
"CCCTCCTCAGCTTAAC-1",3
"CCCTCCTCATATGAGA-1",0
"CCCTCCTCATCACGTA-1",0
"CCCTCCTGTATGGTTC-1",0
"CCCTCCTGTTAGATGA-1",3
"CCCTCCTTCAATCACG-1",1
"CCCTCCTTCCGCAGTG-1",0
"CCGGGATAGCTTCGCG-1",1
"CCGGGATAGGCGACAT-1",1
"CCGGGATAGGCTAGGT-1",2
"CCGGGATCACAGTCGC-1",0
"CCGGGATGTATAGGTA-1",0
"CCGGGATTCAGAGCTT-1",0
"CCGGGATTCGCTAGCG-1",3
"CCGGGATTCGCTTGTC-1",0
"CCGGTAGAGCGTCTAT-1",2
"CCGGTAGAGTACGCCC-1",0
"CCGGTAGCACATAACC-1",2
"CCGGTAGCACGCATCG-1",0
"CCGGTAGGTACTTCTT-1",1
"CCGGTAGGTCAAACTC-1",0
"CCGGTAGTCGTCCGTT-1",0
"CCGTACTAGAGAACAG-1",1
"CCGTACTAGTCCGTAT-1",0
"CCGTACTCAAGCCCAC-1",0
"CCGTACTCAAGCGAGT-1",1
"CCGTACTCATCCCACT-1",0
"CCGTACTGTACAGCAG-1",2
"CCGTACTGTAGCGCTC-1",0
"CCGTACTGTGCGGTAA-1",0
"CCGTACTTCGTTACAG-1",0
"CCGTGGAAGACGCACA-1",3
"CCGTGGAAGAGTTGGC-1",1
"CCGTGGAAGGTGATAT-1",4
"CCGTGGAAGGTTCCTA-1",2
"CCGTGGACAGCCTTGG-1",0
"CCGTGGAGTTCCATGA-1",2
"CCGTGGATCTAACTTC-1",1
"CCGTGGATCTCTGTCG-1",2
"CCGTTCAAGCGTAATA-1",1
"CCGTTCAAGTACGATA-1",0
"CCGTTCAAGTAGATGT-1",0
"CCGTTCACAGGATCGA-1",0
"CCGTTCAGTATAGGGC-1",0
"CCGTTCAGTCGCGAAA-1",3
"CCGTTCATCGTACCGG-1",0
"CCTAAAGAGAGTTGGC-1",0
"CCTAAAGCAAACCTAC-1",6
"CCTAAAGCATGTCTCC-1",0
"CCTAAAGGTACTCAAC-1",0
"CCTAAAGGTCGGCACT-1",1
"CCTAAAGGTGTAATGA-1",0
"CCTAAAGTCACCGTAA-1",0
"CCTAAAGTCAGCGATT-1",0
"CCTAAAGTCGGCGCTA-1",3
"CCTAAAGTCGGTCCGA-1",0
"CCTACACAGGACCACA-1",0
"CCTACACAGGGTGTTG-1",4
"CCTACACCAGTAAGAT-1",1
"CCTACACGTATAGTAG-1",3
"CCTACACGTCCGAACC-1",0
"CCTACACGTGGGTCAA-1",2
"CCTACACGTTTGACTG-1",1
"CCTACACTCGGCGCTA-1",0
"CCTACACTCGTGACAT-1",0
"CCTACCAAGATAGGAG-1",5
"CCTACCAAGCAAATCA-1",4
"CCTACCAAGCGTAGTG-1",2
"CCTACCAAGCTTCGCG-1",1
"CCTACCAAGTGCGATG-1",0
"CCTACCAGTATCAGTC-1",3
"CCTACCAGTCTCTCTG-1",0
"CCTACCAGTCTTTCAT-1",5
"CCTACCATCAGCACAT-1",0
"CCTACCATCGCCAGCA-1",1
"CCTAGCTAGCAAATCA-1",0
"CCTAGCTAGCTCCTCT-1",3
"CCTAGCTAGGTTACCT-1",6
"CCTAGCTAGTACGCGA-1",1
"CCTAGCTCAATGAATG-1",3
"CCTAGCTCAATGGTCT-1",0
"CCTAGCTCACATCCAA-1",0
"CCTAGCTCAGCCAGAA-1",0
"CCTAGCTGTAGAAAGG-1",1
"CCTAGCTGTCACCCAG-1",2
"CCTAGCTGTCTGATTG-1",0
"CCTAGCTTCACGATGT-1",3
"CCTAGCTTCGTAGGAG-1",0
"CCTATTAAGAATTCCC-1",1
"CCTATTAAGCAGGCTA-1",1
"CCTATTAAGCAGGTCA-1",0
"CCTATTAAGGGAGTAA-1",0
"CCTATTAAGGTAGCCA-1",1
"CCTATTACACAACTGT-1",0
"CCTATTACACATCCGG-1",0
"CCTATTAGTCAATACC-1",0
"CCTATTATCATCACCC-1",0
"CCTATTATCTGCGACG-1",0
"CCTCAGTAGCTAACTC-1",1
"CCTCAGTCAGGTGGAT-1",2
"CCTCAGTGTCCATCCT-1",2
"CCTCAGTGTCCGACGT-1",0
"CCTCAGTGTCTTGTCC-1",1
"CCTCAGTGTGGGTATG-1",1
"CCTCTGAAGTATCGAA-1",0
"CCTCTGAAGTGGGTTG-1",0
"CCTCTGACAAGCTGTT-1",3
"CCTCTGACACCGATAT-1",2
"CCTCTGACAGATGAGC-1",1
"CCTCTGAGTCAATACC-1",0
"CCTCTGAGTCCGAACC-1",0
"CCTCTGAGTCGTGGCT-1",1
"CCTCTGAGTCTGATTG-1",0
"CCTCTGATCTGAGGGA-1",0
"CCTTACGCAAGCGTAG-1",0
"CCTTACGCACCAACCG-1",0
"CCTTACGGTCATCCCT-1",0
"CCTTACGGTCCTCTTG-1",1
"CCTTACGTCACAACGT-1",0
"CCTTACGTCATCTGCC-1",2
"CCTTACGTCGGAGGTA-1",1
"CCTTCCCAGAGACTAT-1",0
"CCTTCCCAGCTAGGCA-1",0
"CCTTCCCAGGACGAAA-1",1
"CCTTCCCAGGGCATGT-1",0
"CCTTCCCAGGTACTCT-1",0
"CCTTCCCCATGATCCA-1",2
"CCTTCCCTCAAGGCTT-1",0
"CCTTCCCTCTATCCTA-1",5
"CCTTCCCTCTATCGCC-1",3
"CCTTCGAAGGCGCTCT-1",0
"CCTTCGACAACACCCG-1",0
"CCTTCGACAGCGATCC-1",3
"CCTTCGAGTAAGCACG-1",0
"CCTTCGAGTCCATGAT-1",1
"CCTTCGAGTGTGACCC-1",0
"CCTTCGAGTTGGTGGA-1",0
"CCTTCGATCACAGTAC-1",0
"CCTTCGATCCTATGTT-1",0
"CCTTCGATCGCACTCT-1",1
"CCTTTCTAGACGCTTT-1",1
"CCTTTCTAGGGCACTA-1",3
"CCTTTCTAGTGGAGTC-1",0
"CCTTTCTCAGACAAGC-1",1
"CCTTTCTCATCACGAT-1",5
"CCTTTCTCATGCCCGA-1",0
"CCTTTCTTCCCACTTG-1",3
"CCTTTCTTCTTTACGT-1",2
"CGAACATCACATGACT-1",0
"CGAACATCACTTGGAT-1",0
"CGAACATCAGTCCTTC-1",0
"CGAACATGTCTGATTG-1",1
"CGAACATGTGCTGTAT-1",3
"CGAACATTCTCAAACG-1",1
"CGAATGTAGAGGTTAT-1",0
"CGAATGTAGCGATAGC-1",1
"CGAATGTAGTTCGCAT-1",1
"CGAATGTCAATGCCAT-1",1
"CGAATGTGTCTAGTCA-1",1
"CGAATGTGTCTCACCT-1",0
"CGAATGTTCAACACAC-1",1
"CGAATGTTCATCACCC-1",1
"CGAATGTTCTGTACGA-1",1
"CGACCTTAGCTACCGC-1",1
"CGACCTTAGCTAGTCT-1",4
"CGACCTTCAAAGTGCG-1",1
"CGACCTTCACGAAATA-1",0
"CGACCTTGTAAGTGTA-1",5
"CGACCTTGTCAGAATA-1",1
"CGACCTTGTCTCCCTA-1",0
"CGACCTTGTCTCTTAT-1",3
"CGACCTTTCCGCGTTT-1",3
"CGACCTTTCGTTTATC-1",2
"CGACCTTTCTCCAGGG-1",0
"CGACTTCAGACACGAC-1",0
"CGACTTCAGGTAGCCA-1",2
"CGACTTCAGTCTTGCA-1",0
"CGACTTCCAATGGACG-1",3
"CGACTTCGTGGTGTAG-1",0
"CGACTTCGTTGAGTTC-1",1
"CGACTTCTCACTTACT-1",1
"CGACTTCTCTCGCTTG-1",1
"CGAGAAGAGAAACGCC-1",0
"CGAGAAGAGCCAACAG-1",2
"CGAGAAGAGCGTGTCC-1",2
"CGAGAAGCAAGTTCTG-1",5
"CGAGAAGCACATCCGG-1",0
"CGAGAAGCAGGCTGAA-1",1
"CGAGAAGTCGGATGGA-1",3
"CGAGCACAGCCAGAAC-1",1
"CGAGCACCACATGTGT-1",0
"CGAGCACGTAGCGTCC-1",0
"CGAGCACGTAGCGTGA-1",0
"CGAGCACGTCAGATAA-1",3
"CGAGCACGTGCCTTGG-1",0
"CGAGCACTCCCGGATG-1",1
"CGAGCACTCCGCTGTT-1",2
"CGAGCACTCGGAAATA-1",2
"CGAGCACTCGTGACAT-1",0
"CGAGCCAAGCTAGCCC-1",1
"CGAGCCAGTATATCCG-1",0
"CGAGCCAGTCAAGCGA-1",1
"CGATCGGAGAGCCTAG-1",0
"CGATCGGAGTACGATA-1",2
"CGATCGGCAAACGCGA-1",0
"CGATCGGCAAGCGATG-1",0
"CGATCGGCAATACGCT-1",0
"CGATCGGCAGTTAACC-1",0
"CGATCGGCATACTCTT-1",1
"CGATCGGGTCGACTGC-1",0
"CGATCGGTCAACGGGA-1",0
"CGATCGGTCTAGCACA-1",0
"CGATGGCAGCCGTCGT-1",2
"CGATGGCAGTCCAGGA-1",0
"CGATGGCCACTTAACG-1",0
"CGATGGCCAGCGTAAG-1",1
"CGATGGCCATCATCCC-1",1
"CGATGGCTCCTAGAAC-1",2
"CGATGGCTCGCTAGCG-1",0
"CGATGGCTCTGACCTC-1",2
"CGATGTAAGGCAATTA-1",0
"CGATGTAAGTTTGCGT-1",0
"CGATGTACACAGGCCT-1",0
"CGATGTACAGGTCTCG-1",2
"CGATGTAGTCCAGTGC-1",1
"CGATGTAGTCTAGGTT-1",3
"CGATGTAGTGTGCCTG-1",0
"CGATGTAGTTTGCATG-1",0
"CGATTGAAGATGTGGC-1",1
"CGATTGACAGACGCAA-1",0
"CGATTGAGTATGGTTC-1",3
"CGATTGAGTTCAGACT-1",2
"CGATTGATCATGGTCA-1",0
"CGATTGATCTGCGGCA-1",1
"CGCCAAGAGAATGTTG-1",0
"CGCCAAGAGACCTTTG-1",2
"CGCCAAGAGATCGGGT-1",0
"CGCCAAGAGATCTGAA-1",0
"CGCCAAGAGCGTGTCC-1",0
"CGCCAAGGTCTAGGTT-1",0
"CGCCAAGTCAGGATCT-1",0
"CGCCAAGTCCACTCCA-1",1
"CGCCAAGTCTTGTTTG-1",1
"CGCGGTAAGCTAGCCC-1",1
"CGCGGTAAGGGTTCCC-1",0
"CGCGGTACAAACTGCT-1",3
"CGCGGTACAATGGAAT-1",4
"CGCGGTACAGCTGTTA-1",0
"CGCGGTAGTCAAGCGA-1",2
"CGCGGTAGTGAGGCTA-1",0
"CGCGGTAGTTTGCATG-1",2
"CGCGTTTAGTTATCGC-1",0
"CGCGTTTCAACAACCT-1",0
"CGCGTTTCAAGCGAGT-1",1
"CGCGTTTCAATGGACG-1",2
"CGCGTTTCACGGTGTC-1",4
"CGCGTTTGTGCTGTAT-1",1
"CGCGTTTGTGGACGAT-1",1
"CGCGTTTTCAAACCGT-1",3
"CGCGTTTTCAGCCTAA-1",1
"CGCGTTTTCCTATGTT-1",0
"CGCGTTTTCGTGGTCG-1",3
"CGCTATCAGAAACCGC-1",0
"CGCTATCAGTCATCCA-1",0
"CGCTATCCAAGCGAGT-1",1
"CGCTATCCAGTCGATT-1",0
"CGCTATCCATCGACGC-1",1
"CGCTATCCATTTCAGG-1",3
"CGCTATCGTACCGAGA-1",0
"CGCTATCGTTCGAATC-1",1
"CGCTATCGTTTCGCTC-1",0
"CGCTATCTCGTTACAG-1",1
"CGCTGGAAGGACATTA-1",2
"CGCTGGAAGGGCACTA-1",0
"CGCTGGAAGGTGATAT-1",1
"CGCTGGACAGACTCGC-1",0
"CGCTGGAGTGTAATGA-1",0
"CGCTGGAGTTCTGGTA-1",0
"CGCTGGATCCGAAGAG-1",0
"CGCTGGATCCGTTGCT-1",1
"CGCTGGATCGTAGGAG-1",2
"CGCTGGATCGTTACAG-1",0
"CGCTTCAAGAAGGGTA-1",2
"CGCTTCAAGGTCGGAT-1",2
"CGCTTCACACGGTGTC-1",0
"CGCTTCACAGACAAGC-1",1
"CGCTTCACATCACCCT-1",0
"CGCTTCAGTCGCGGTT-1",3
"CGCTTCATCTTAGAGC-1",0
"CGGACACAGCGATATA-1",2
"CGGACACAGCGATGAC-1",0
"CGGACACAGCTTCGCG-1",0
"CGGACACAGGTAAACT-1",0
"CGGACACAGTAGCCGA-1",0
"CGGACACCACAGGAGT-1",0
"CGGACACCATTCACTT-1",1
"CGGACACGTGAGCGAT-1",1
"CGGACACGTGCTCTTC-1",1
"CGGACACGTGTGACCC-1",2
"CGGACGTAGGTTACCT-1",1
"CGGACGTCATGGGACA-1",1
"CGGACGTGTGAAAGAG-1",1
"CGGACGTGTTGGTAAA-1",3
"CGGACGTTCATGTGGT-1",1
"CGGACGTTCTGTCCGT-1",2
"CGGACTGAGGAGCGAG-1",0
"CGGACTGAGGAGTCTG-1",0
"CGGACTGAGTGGTAGC-1",0
"CGGACTGCAACTTGAC-1",0
"CGGACTGCAATGACCT-1",0
"CGGACTGCACAACGTT-1",2
"CGGACTGCACGCCAGT-1",1
"CGGACTGCAGTATGCT-1",1
"CGGACTGGTAAAGGAG-1",1
"CGGACTGGTATAAACG-1",0
"CGGACTGGTGTAAGTA-1",0
"CGGACTGGTGTGGTTT-1",5
"CGGACTGGTTGACGTT-1",0
"CGGACTGTCATTGCCC-1",1
"CGGACTGTCCATGCTC-1",0
"CGGACTGTCCGTCAAA-1",1
"CGGACTGTCGTTTGCC-1",2
"CGGACTGTCTTCATGT-1",2
"CGGAGCTAGTTTAGGA-1",3
"CGGAGCTCATTGAGCT-1",1
"CGGAGCTGTAGAAAGG-1",1
"CGGAGCTTCACTTATC-1",0
"CGGAGCTTCATGTAGC-1",2
"CGGAGCTTCCACGAAT-1",4
"CGGAGTCAGTGCGATG-1",0
"CGGAGTCAGTGTGAAT-1",1
"CGGAGTCCAGTGGGAT-1",1
"CGGAGTCCATTATCTC-1",0
"CGGAGTCGTAGCTGCC-1",0
"CGGAGTCGTCCAGTGC-1",0
"CGGAGTCGTGTTCGAT-1",2
"CGGAGTCTCCCAGGTG-1",1
"CGGAGTCTCCGTAGTA-1",0
"CGGCTAGAGAAACGCC-1",1
"CGGCTAGAGCACCGTC-1",0
"CGGCTAGAGCTAAACA-1",0
"CGGCTAGCAGACAAAT-1",0
"CGGCTAGGTAACGCGA-1",1
"CGGCTAGGTTCATGGT-1",0
"CGGCTAGTCAAAGACA-1",2
"CGGCTAGTCGTGGGAA-1",1
"CGGCTAGTCTTGTTTG-1",0
"CGGGTCAAGAGTCGGT-1",0
"CGGGTCAAGCACACAG-1",0
"CGGGTCAAGCTAACTC-1",0
"CGGGTCAAGGACACCA-1",0
"CGGGTCAAGTATGACA-1",4
"CGGGTCACAATGACCT-1",1
"CGGGTCACACCGAAAG-1",1
"CGGGTCACAGCCACCA-1",3
"CGGGTCACATACAGCT-1",3
"CGGGTCACATCCTTGC-1",4
"CGGGTCAGTAGCGCTC-1",2
"CGGGTCAGTCGATTGT-1",0
"CGGGTCAGTGCAACTT-1",2
"CGGGTCAGTTGTTTGG-1",0
"CGGGTCATCAACACCA-1",0
"CGGGTCATCACCTTAT-1",0
"CGGGTCATCCACGACG-1",0
"CGGTTAACAGGACCCT-1",1
"CGGTTAACATGTCCTC-1",5
"CGGTTAACATTCCTGC-1",0
"CGGTTAAGTCGACTGC-1",5
"CGGTTAATCCGGCACA-1",0
"CGGTTAATCCTTTCGG-1",2
"CGGTTAATCTTATCTG-1",0
"CGTAGCGAGATGTAAC-1",3
"CGTAGCGAGGCAATTA-1",1
"CGTAGCGAGTAGGTGC-1",1
"CGTAGCGCAAGCGCTC-1",2
"CGTAGCGTCCAACCAA-1",0
"CGTAGCGTCGGCGGTT-1",3
"CGTAGGCAGGGCTCTC-1",0
"CGTAGGCCAAGCGATG-1",1
"CGTAGGCCACTAAGTC-1",1
"CGTAGGCCAGAGTGTG-1",0
"CGTAGGCCATCCCATC-1",1
"CGTAGGCGTATTAGCC-1",5
"CGTAGGCGTCAATACC-1",1
"CGTAGGCGTGGCGAAT-1",2
"CGTAGGCTCCAGAAGG-1",1
"CGTCACTAGTCATGCT-1",2
"CGTCACTCAAAGCGGT-1",2
"CGTCACTCAGGTCCAC-1",4
"CGTCACTCAGTCACTA-1",0
"CGTCACTTCCTTGACC-1",0
"CGTCACTTCGGTGTTA-1",0
"CGTCACTTCTGTGCAA-1",0
"CGTCACTTCTTGAGAC-1",0
"CGTCAGGAGCTGTTCA-1",0
"CGTCAGGCAAAGCAAT-1",1
"CGTCAGGCAAAGCGGT-1",1
"CGTCAGGCAACACGCC-1",1
"CGTCAGGCATCCGCGA-1",4
"CGTCAGGGTCAGCTAT-1",1
"CGTCAGGGTCGTTGTA-1",0
"CGTCAGGGTGTAAGTA-1",1
"CGTCAGGTCCACTGGG-1",3
"CGTCAGGTCGACAGCC-1",0
"CGTCAGGTCGGGAGTA-1",2
"CGTCCATAGACCACGA-1",1
"CGTCCATAGCGATTCT-1",0
"CGTCCATAGGCTATCT-1",0
"CGTCCATAGTCTCAAC-1",4
"CGTCCATCACGACTCG-1",3
"CGTCCATCATTCACTT-1",0
"CGTCCATGTCTAGCGC-1",0
"CGTCCATGTGATAAAC-1",0
"CGTCCATGTTTGGGCC-1",3
"CGTCCATGTTTGTGTG-1",1
"CGTCCATTCAACACCA-1",2
"CGTCCATTCATTCACT-1",0
"CGTCTACAGTGCGTGA-1",2
"CGTCTACGTAGTAGTA-1",1
"CGTCTACTCGAGCCCA-1",0
"CGTCTACTCGCCATAA-1",3
"CGTCTACTCGGCCGAT-1",0
"CGTCTACTCGTCCAGG-1",3
"CGTCTACTCTATCGCC-1",3
"CGTGAGCAGATCTGAA-1",1
"CGTGAGCAGCAATCTC-1",2
"CGTGAGCAGCGGATCA-1",2
"CGTGAGCAGCTAGTGG-1",3
"CGTGAGCAGCTTCGCG-1",1
"CGTGAGCAGGGCACTA-1",3
"CGTGAGCAGGGTGTGT-1",3
"CGTGAGCAGTGGAGAA-1",0
"CGTGAGCCAAGCCGCT-1",3
"CGTGAGCCACGTAAGG-1",2
"CGTGAGCCATACGCCG-1",2
"CGTGAGCGTAGATTAG-1",0
"CGTGAGCGTCTCTTAT-1",0
"CGTGAGCTCACAAACC-1",0
"CGTGAGCTCCAAATGC-1",5
"CGTGAGCTCCGAGCCA-1",0
"CGTGAGCTCGTTGCCT-1",2
"CGTGAGCTCTGGGCCA-1",0
"CGTGTAAAGATAGTCA-1",0
"CGTGTAAAGGTGTTAA-1",4
"CGTGTAAAGTACATGA-1",1
"CGTGTAACATGGGACA-1",0
"CGTGTAAGTCCGCTGA-1",1
"CGTGTAAGTGTCTGAT-1",0
"CGTGTAATCTACTATC-1",1
"CGTGTAATCTCGATGA-1",0
"CGTGTAATCTTTAGTC-1",1
"CGTGTCTAGGCGCTCT-1",0
"CGTGTCTAGGGATGGG-1",1
"CGTGTCTCAGACAAAT-1",2
"CGTGTCTCAGACACTT-1",5
"CGTGTCTGTAAGAGGA-1",3
"CGTGTCTGTATATGAG-1",0
"CGTGTCTGTCAAAGCG-1",3
"CGTGTCTGTTCCGTCT-1",2
"CGTGTCTTCAATCACG-1",2
"CGTGTCTTCAGAGGTG-1",1
"CGTGTCTTCATAGCAC-1",1
"CGTGTCTTCCGAACGC-1",1
"CGTGTCTTCGGCATCG-1",0
"CGTGTCTTCGTGGACC-1",0
"CGTGTCTTCTACTTAC-1",1
"CGTGTCTTCTGAGTGT-1",0
"CGTTAGAAGATCTGAA-1",1
"CGTTAGAAGGCCCTTG-1",4
"CGTTAGACACGAAAGC-1",0
"CGTTAGACAGCTTCGG-1",2
"CGTTAGAGTTTAAGCC-1",0
"CGTTAGATCACTTATC-1",1
"CGTTAGATCAGCCTAA-1",0
"CGTTCTGAGAAGGGTA-1",1
"CGTTCTGAGACTAGGC-1",1
"CGTTCTGAGTGAACAT-1",1
"CGTTCTGCAGCTCGCA-1",0
"CGTTCTGCATTGGCGC-1",2
"CGTTCTGGTGAGGGTT-1",0
"CGTTCTGTCTGATTCT-1",0
"CGTTGGGAGCTAGTTC-1",2
"CGTTGGGAGGATGCGT-1",1
"CGTTGGGCACATTAGC-1",1
"CGTTGGGCAGACAGGT-1",4
"CGTTGGGGTTCCCGAG-1",0
"CGTTGGGTCATGCTCC-1",1
"CGTTGGGTCCATGAAC-1",1
"CGTTGGGTCTACCAGA-1",2
"CTAACTTAGTCCTCCT-1",0
"CTAACTTCAATAGCAA-1",2
"CTAACTTCAATCGGTT-1",0
"CTAACTTGTGAGGCTA-1",0
"CTAACTTTCGTACGGC-1",1
"CTAACTTTCTGGCGTG-1",0
"CTAAGACAGGGAAACA-1",1
"CTAAGACAGTACATGA-1",2
"CTAAGACAGTTCGCGC-1",0
"CTAAGACCAAGTAATG-1",2
"CTAAGACCAGTAAGAT-1",1
"CTAAGACCATGCAATC-1",0
"CTAAGACGTAAGGATT-1",0
"CTAAGACGTATCAGTC-1",0
"CTAAGACGTCACCTAA-1",0
"CTAAGACTCGTTGCCT-1",0
"CTAAGACTCTTACCGC-1",4
"CTAAGACTCTTGAGGT-1",1
"CTAATGGAGCAATCTC-1",1
"CTAATGGAGCGCTCCA-1",0
"CTAATGGAGCTCCCAG-1",0
"CTAATGGAGCTGAAAT-1",0
"CTAATGGAGTTAGGTA-1",2
"CTAATGGCATGGAATA-1",1
"CTAATGGGTACCGCTG-1",1
"CTAATGGGTCTAGCGC-1",2
"CTAATGGGTGAGGGAG-1",0
"CTAATGGGTTGGTGGA-1",1
"CTAATGGTCATGCTCC-1",1
"CTAATGGTCCACTGGG-1",1
"CTAATGGTCCGTTGCT-1",0
"CTAATGGTCCTAGAAC-1",0
"CTACACCAGTGCGATG-1",0
"CTACACCCACGGACAA-1",1
"CTACACCGTAATAGCA-1",0
"CTACACCGTCTGATTG-1",5
"CTACACCGTTCGTCTC-1",0
"CTACACCTCAGAAATG-1",0
"CTACACCTCGGCTTGG-1",0
"CTACACCTCGGTCCGA-1",0
"CTACACCTCTCGCATC-1",0
"CTACACCTCTCTGCTG-1",0
"CTACATTAGATCACGG-1",0
"CTACATTCACTCGACG-1",0
"CTACATTCATTTCACT-1",1
"CTACATTGTGATGATA-1",2
"CTACATTGTTCGAATC-1",3
"CTACATTTCAACGCTA-1",0
"CTACATTTCGCCATAA-1",1
"CTACATTTCTAGCACA-1",0
"CTACCCACACAGAGGT-1",0
"CTACCCACACGACGAA-1",2
"CTACCCACATGGTTGT-1",0
"CTACCCAGTATCTGCA-1",0
"CTACCCAGTATGAATG-1",0
"CTACCCAGTCAGAAGC-1",2
"CTACCCAGTGTGACCC-1",0
"CTACCCAGTTATGTGC-1",5
"CTACCCATCTACGAGT-1",0
"CTACGTCAGGTGCAAC-1",0
"CTACGTCAGTGCGATG-1",0
"CTACGTCAGTTGTCGT-1",2
"CTACGTCCATATACCG-1",2
"CTACGTCGTATATGGA-1",3
"CTACGTCGTGTGGTTT-1",0
"CTACGTCTCAAAGTAG-1",0
"CTACGTCTCACGACTA-1",1
"CTACGTCTCACGGTTA-1",3
"CTACGTCTCCTAGAAC-1",5
"CTAGAGTAGCTGTCTA-1",1
"CTAGAGTAGGATCGCA-1",1
"CTAGAGTAGTCCATAC-1",1
"CTAGAGTCACATTAGC-1",2
"CTAGAGTCAGTATGCT-1",0
"CTAGAGTCATACTCTT-1",0
"CTAGAGTCATGTAAGA-1",1
"CTAGAGTGTGACCAAG-1",2
"CTAGAGTTCAACACCA-1",2
"CTAGAGTTCCGTCAAA-1",0
"CTAGAGTTCCTAAGTG-1",1
"CTAGAGTTCGCCAGCA-1",2
"CTAGAGTTCGCTTAGA-1",1
"CTAGAGTTCGTGACAT-1",0
"CTAGAGTTCTGATTCT-1",3
"CTAGCCTCACCAGATT-1",2
"CTAGCCTGTATATCCG-1",0
"CTAGCCTGTGATGCCC-1",0
"CTAGCCTTCGGGAGTA-1",0
"CTAGTGAAGCTGGAAC-1",2
"CTAGTGAAGTGTACCT-1",2
"CTAGTGACAAGTCTAC-1",2
"CTAGTGACAGGATCGA-1",2
"CTAGTGAGTTATGCGT-1",1
"CTAGTGATCAGTTGAC-1",0
"CTAGTGATCCAGTAGT-1",1
"CTCACACAGCTAAGAT-1",2
"CTCACACAGCTGCCCA-1",1
"CTCACACAGGATGCGT-1",0
"CTCACACCACGTAAGG-1",1
"CTCACACCACTGTTAG-1",1
"CTCACACCATATACGC-1",1
"CTCACACGTGCTGTAT-1",2
"CTCACACGTTCCATGA-1",4
"CTCACACGTTTGGGCC-1",1
"CTCACACTCACCGGGT-1",0
"CTCACACTCATCGGAT-1",3
"CTCACACTCCGCGCAA-1",1
"CTCACACTCTAACCGA-1",0
"CTCAGAAAGAGCTGCA-1",1
"CTCAGAAAGGAGTAGA-1",2
"CTCAGAACAACGCACC-1",0
"CTCAGAACAAGCGATG-1",0
"CTCAGAACAGGGCATA-1",1
"CTCAGAAGTGACGGTA-1",2
"CTCAGAATCTTAACCT-1",1
"CTCATTAAGAACTGTA-1",1
"CTCATTACATGGTCAT-1",0
"CTCATTAGTGTAACGG-1",1
"CTCATTAGTTTACTCT-1",0
"CTCCTAGCAAGTACCT-1",0
"CTCCTAGCAATTCCTT-1",0
"CTCCTAGCACTGTCGG-1",0
"CTCCTAGCAGTCCTTC-1",2
"CTCCTAGCATAACCTG-1",0
"CTCCTAGCATGCGCAC-1",1
"CTCCTAGGTAGAAAGG-1",2
"CTCCTAGGTCCGAGTC-1",5
"CTCCTAGGTCTAGCCG-1",0
"CTCCTAGGTGTTTGTG-1",0
"CTCCTAGGTTCGTGAT-1",2
"CTCCTAGGTTGTTTGG-1",1
"CTCCTAGTCACTTACT-1",1
"CTCCTAGTCTCATTCA-1",4
"CTCGAAAAGCCCAACC-1",3
"CTCGAAAAGCTATGCT-1",0
"CTCGAAAAGGCCCTTG-1",0
"CTCGAAAAGGGCTTCC-1",2
"CTCGAAACAAGCCGTC-1",2
"CTCGAAACACATTAGC-1",2
"CTCGAAACACCGAAAG-1",1
"CTCGAAACACGGCTAC-1",1
"CTCGAAACAGTAAGAT-1",1
"CTCGAAACATACGCCG-1",4
"CTCGAGGAGCCATCGC-1",0
"CTCGAGGAGGGCTTCC-1",6
"CTCGAGGCAGATAATG-1",1
"CTCGAGGGTATTCTCT-1",0
"CTCGAGGGTGCCTGGT-1",1
"CTCGGAGAGTCCCACG-1",3
"CTCGGAGCACTTCTGC-1",1
"CTCGGAGCAGCTGCAC-1",0
"CTCGGAGCAGGATCGA-1",0
"CTCGGAGGTAGCCTAT-1",1
"CTCGGAGGTCATGCCG-1",0
"CTCGGAGTCAAACGGG-1",3
"CTCGGAGTCACATACG-1",3
"CTCGGAGTCAGCTTAG-1",1
"CTCGGGAAGACCTAGG-1",0
"CTCGGGACACAGCCCA-1",3
"CTCGGGACATAAAGGT-1",3
"CTCGGGACATCCCACT-1",0
"CTCGGGACATGTCGAT-1",0
"CTCGGGAGTCGCGTGT-1",0
"CTCGGGAGTGACTACT-1",1
"CTCGGGAGTTACGACT-1",1
"CTCGGGATCCGTACAA-1",0
"CTCGGGATCCTTGACC-1",2
"CTCGGGATCTTAGCCC-1",0
"CTCGGGATCTTGTTTG-1",0
"CTCGTACAGCGATAGC-1",3
"CTCGTACCAGCGTAAG-1",0
"CTCGTACCATAGTAAG-1",2
"CTCGTACGTAGAGTGC-1",1
"CTCGTACGTATCACCA-1",1
"CTCGTACGTGCAGTAG-1",1
"CTCGTACTCAAAGTAG-1",2
"CTCGTACTCAATCTCT-1",0
"CTCGTACTCGTTGCCT-1",1
"CTCGTACTCTGGTTCC-1",1
"CTCGTCAAGATGCCTT-1",0
"CTCGTCAAGTGGAGTC-1",1
"CTCGTCAAGTTTGCGT-1",0
"CTCGTCACAACGATCT-1",2
"CTCGTCACACATCCGG-1",0
"CTCGTCACAGTCGTGC-1",2
"CTCGTCAGTCTCATCC-1",1
"CTCGTCAGTCTCCATC-1",1
"CTCGTCAGTGAGCGAT-1",0
"CTCGTCAGTTGACGTT-1",0
"CTCGTCAGTTGGGACA-1",5
"CTCGTCATCACTTATC-1",0
"CTCGTCATCGACCAGC-1",1
"CTCGTCATCTGCTGTC-1",0
"CTCTAATCACCAGGTC-1",0
"CTCTAATCACGGTGTC-1",0
"CTCTAATCAGGAATCG-1",1
"CTCTAATGTCCAAGTT-1",2
"CTCTACGAGCTAAACA-1",0
"CTCTACGAGCTAGTGG-1",0
"CTCTACGAGTACGCCC-1",1
"CTCTACGAGTAGGCCA-1",0
"CTCTACGCAATAACGA-1",1
"CTCTACGCAGACGCTC-1",0
"CTCTACGCATGACATC-1",2
"CTCTACGTCATGTCTT-1",0
"CTCTACGTCCCTAATT-1",3
"CTCTACGTCGGCATCG-1",1
"CTCTACGTCGGTCTAA-1",2
"CTCTGGTAGCAGCGTA-1",1
"CTCTGGTAGCGTTCCG-1",0
"CTCTGGTAGGCATGGT-1",0
"CTCTGGTAGTGCCAGA-1",0
"CTCTGGTCACAAGCCC-1",1
"CTCTGGTCAGCCTTTC-1",0
"CTCTGGTTCATCTGTT-1",0
"CTCTGGTTCTTGTACT-1",0
"CTGAAACAGATCCCGC-1",0
"CTGAAACAGGTGCTAG-1",2
"CTGAAACAGTCCGTAT-1",1
"CTGAAACAGTGTCTCA-1",0
"CTGAAACGTCATCGGC-1",4
"CTGAAACGTTAAAGAC-1",0
"CTGAAACTCATACGGT-1",0
"CTGAAGTAGTGCGTGA-1",3
"CTGAAGTCAGCTGTAT-1",2
"CTGAAGTGTTAAAGTG-1",0
"CTGAAGTTCAAGCCTA-1",0
"CTGAAGTTCGGATGTT-1",0
"CTGATAGAGGGAGTAA-1",0
"CTGATAGAGTGCAAGC-1",0
"CTGATAGCAGCCTTTC-1",0
"CTGATAGCATCCCATC-1",0
"CTGATAGCATCTCCCA-1",2
"CTGATAGGTCAAAGCG-1",2
"CTGATAGGTCGCTTTC-1",4
"CTGATAGGTTACGACT-1",1
"CTGATAGTCGCGATCG-1",0
"CTGATAGTCTTATCTG-1",0
"CTGATCCAGGCATTGG-1",0
"CTGATCCAGGTGACCA-1",0
"CTGATCCCACAGAGGT-1",1
"CTGATCCCAGGCTGAA-1",0
"CTGATCCGTGCCTGGT-1",1
"CTGATCCGTTATCCGA-1",1
"CTGATCCGTTGTGGCC-1",0
"CTGCCTAAGGGTCTCC-1",1
"CTGCCTAAGGTGATAT-1",0
"CTGCCTAAGTACGCGA-1",1
"CTGCCTAAGTGCGTGA-1",1
"CTGCCTACATCCCACT-1",2
"CTGCCTATCAATAAGG-1",0
"CTGCGGAAGAAGGACA-1",1
"CTGCGGAAGAGCTGGT-1",2
"CTGCGGAAGATGAGAG-1",0
"CTGCGGACAGGTCGTC-1",0
"CTGCGGACATGTCTCC-1",3
"CTGCGGAGTCACTTCC-1",2
"CTGCGGAGTCGTGGCT-1",2
"CTGCGGAGTTCTGTTT-1",1
"CTGCGGAGTTGGACCC-1",0
"CTGCGGATCGCCTGTT-1",0
"CTGCGGATCTTACCGC-1",0
"CTGCTGTAGGGTGTTG-1",0
"CTGCTGTAGTACCGGA-1",0
"CTGCTGTAGTGGAGAA-1",1
"CTGCTGTCACATCTTT-1",0
"CTGCTGTGTTAAAGAC-1",2
"CTGCTGTTCTCCAACC-1",1
"CTGCTGTTCTTACCGC-1",1
"CTGGTCTAGCGTTGCC-1",0
"CTGGTCTAGGACAGCT-1",1
"CTGGTCTAGGGCTTGA-1",2
"CTGGTCTAGTCGAGTG-1",5
"CTGGTCTCAAAGGAAG-1",2
"CTGGTCTCACCAGTTA-1",1
"CTGGTCTGTACCTACA-1",0
"CTGGTCTGTACGCTGC-1",2
"CTGGTCTGTCCGCTGA-1",3
"CTGGTCTGTCCGTTAA-1",2
"CTGGTCTGTTCATGGT-1",3
"CTGGTCTGTTCGTGAT-1",1
"CTGGTCTTCAACGGGA-1",0
"CTGGTCTTCACTTACT-1",1
"CTGGTCTTCTTACCTA-1",0
"CTGTGCTGTATATCCG-1",0
"CTGTGCTGTCATCCCT-1",1
"CTGTGCTGTCCCTACT-1",2
"CTGTGCTGTCGGCACT-1",2
"CTGTGCTTCCATTCTA-1",3
"CTGTGCTTCCGTACAA-1",7
"CTGTTTAAGAAACCGC-1",5
"CTGTTTAAGATCGATA-1",1
"CTGTTTAAGGAGTTGC-1",2
"CTGTTTAGTCAAAGCG-1",2
"CTGTTTATCAGCCTAA-1",0
"CTGTTTATCATTTGGG-1",0
"CTGTTTATCTCCAGGG-1",0
"CTGTTTATCTCTTGAT-1",0
"CTGTTTATCTTCTGGC-1",1
"CTTAACTAGCCAGTAG-1",2
"CTTAACTAGGCTCTTA-1",0
"CTTAACTAGGTGCACA-1",2
"CTTAACTAGTCTCGGC-1",1
"CTTACCGAGCGCTTAT-1",0
"CTTACCGAGGCTACGA-1",0
"CTTACCGCAGATCTGT-1",0
"CTTACCGCAGTCAGAG-1",2
"CTTACCGGTCCTGCTT-1",1
"CTTACCGGTCGCCATG-1",1
"CTTACCGGTCTACCTC-1",1
"CTTACCGTCGGACAAG-1",1
"CTTAGGAAGCCCAACC-1",3
"CTTAGGACACGACGAA-1",0
"CTTAGGAGTTATGTGC-1",3
"CTTAGGATCCCATTTA-1",0
"CTTAGGATCTTTACAC-1",3
"CTTCTCTAGAACTCGG-1",0
"CTTCTCTAGAGTGAGA-1",1
"CTTCTCTAGCAGGCTA-1",0
"CTTCTCTAGTTAACGA-1",0
"CTTCTCTCAAAGGTGC-1",0
"CTTCTCTGTAACGACG-1",1
"CTTCTCTGTGCATCTA-1",0
"CTTCTCTTCGAGCCCA-1",0
"CTTGGCTAGCGATATA-1",2
"CTTGGCTAGTACGTTC-1",2
"CTTGGCTCATTACCTT-1",1
"CTTGGCTGTCTCCATC-1",3
"CTTGGCTTCCCTAATT-1",0
"CTTGGCTTCGCGTAGC-1",0
"CTTGGCTTCTCGTTTA-1",0
"CTTTGCGAGCAAATCA-1",4
"CTTTGCGAGCGTTCCG-1",1
"CTTTGCGAGTATCTCG-1",2
"CTTTGCGCAATTCCTT-1",1
"CTTTGCGCACTTAAGC-1",0
"CTTTGCGCAGACGCAA-1",3
"CTTTGCGGTAGAGGAA-1",3
"CTTTGCGTCCAGGGCT-1",2
"GAAACTCAGAGACGAA-1",6
"GAAACTCAGAGGTTAT-1",2
"GAAACTCAGCAGCCTC-1",0
"GAAACTCAGCCCAGCT-1",2
"GAAACTCAGCTAAACA-1",0
"GAAACTCAGTGCTGCC-1",0
"GAAACTCCAAGCCCAC-1",3
"GAAACTCCACATGACT-1",0
"GAAACTCCAGACACTT-1",0
"GAAACTCCATGGATGG-1",3
"GAAACTCGTACTCGCG-1",3
"GAAACTCGTAGCGATG-1",4
"GAAACTCGTGTGAAAT-1",1
"GAAACTCGTTTGTGTG-1",3
"GAAATGAAGACTAGGC-1",2
"GAAATGAAGCCAGTTT-1",3
"GAAATGAAGCTAGTCT-1",2
"GAAATGAAGTACGTAA-1",2
"GAAATGATCATGCTCC-1",1
"GAAATGATCCTCGCAT-1",2
"GAACATCAGATGGCGT-1",1
"GAACATCCAACAACCT-1",2
"GAACATCCACATCTTT-1",0
"GAACATCCACCTATCC-1",1
"GAACATCCACGGACAA-1",1
"GAACATCCATGCTAGT-1",0
"GAACATCGTACGACCC-1",0
"GAACATCGTGGACGAT-1",1
"GAACATCGTTCCCGAG-1",3
"GAACATCTCCAAGTAC-1",0
"GAACATCTCGATCCCT-1",2
"GAACATCTCTCCAACC-1",2
"GAACCTAAGAACTGTA-1",0
"GAACCTAAGAGCAATT-1",0
"GAACCTAAGCCAGTAG-1",0
"GAACCTACAAGGACAC-1",1
"GAACCTACAGACACTT-1",3
"GAACCTAGTACCAGTT-1",3
"GAACCTAGTGTCAATC-1",0
"GAACCTATCACGATGT-1",0
"GAACGGAAGACGCAAC-1",2
"GAACGGAAGTAATCCC-1",1
"GAACGGAAGTCAATAG-1",1
"GAACGGAAGTGGACGT-1",3
"GAACGGACACAGCGTC-1",1
"GAACGGACACCTCGTT-1",0
"GAACGGACACTTAACG-1",2
"GAACGGAGTAGCGTAG-1",0
"GAACGGAGTCAGAGGT-1",0
"GAACGGAGTGGCGAAT-1",0
"GAACGGATCACTCCTG-1",0
"GAACGGATCCACGAAT-1",1
"GAACGGATCGTAGGAG-1",1
"GAACGGATCTGTCAAG-1",2
"GAAGCAGAGACTAAGT-1",0
"GAAGCAGAGAGACGAA-1",0
"GAAGCAGAGCCACGCT-1",0
"GAAGCAGAGTTCGCGC-1",2
"GAAGCAGCAATCCGAT-1",0
"GAAGCAGCACTCGACG-1",0
"GAAGCAGCAGATCTGT-1",0
"GAAGCAGCAGATGAGC-1",3
"GAAGCAGCATGAACCT-1",0
"GAAGCAGCATGGAATA-1",1
"GAAGCAGGTAACGCGA-1",0
"GAAGCAGGTCATACTG-1",0
"GAAGCAGTCCTAGTGA-1",0
"GAAGCAGTCTTATCTG-1",0
"GAATAAGCAAGGTGTG-1",1
"GAATAAGCAGACAAGC-1",2
"GAATAAGCATGCAACT-1",0
"GAATAAGGTCCGTTAA-1",0
"GAATAAGGTGAGTGAC-1",2
"GAATAAGGTTCCCTTG-1",0
"GAATAAGTCGTTTAGG-1",0
"GAATGAAAGAGTCTGG-1",0
"GAATGAAAGCTTATCG-1",0
"GAATGAAAGGCATGTG-1",1
"GAATGAACAAACGCGA-1",2
"GAATGAACAGTGAGTG-1",2
"GAATGAACATCATCCC-1",0
"GAATGAAGTCAACATC-1",0
"GAATGAAGTCTCACCT-1",1
"GAATGAAGTGGCAAAC-1",0
"GAATGAAGTTGCGTTA-1",0
"GAATGAATCAGTTAGC-1",3
"GAATGAATCCTGCCAT-1",1
"GACACGCAGACGCACA-1",2
"GACACGCAGAGTAATC-1",6
"GACACGCAGCCAACAG-1",1
"GACACGCAGGAGTTTA-1",0
"GACACGCAGGGCATGT-1",1
"GACACGCAGGTGCACA-1",0
"GACACGCAGTCCAGGA-1",0
"GACACGCAGTGGGATC-1",1
"GACACGCAGTGGGTTG-1",1
"GACACGCCAAGCGTAG-1",1
"GACACGCCAAGGACAC-1",7
"GACACGCCAGACGCTC-1",0
"GACACGCCATCCTTGC-1",0
"GACACGCGTTCACGGC-1",5
"GACACGCTCATGTAGC-1",1
"GACAGAGAGTACGATA-1",1
"GACAGAGCAACGATCT-1",0
"GACAGAGCAAGTCTAC-1",0
"GACAGAGCAGCTCCGA-1",1
"GACAGAGCAGCTGGCT-1",0
"GACAGAGGTAGAAAGG-1",3
"GACAGAGTCAAACAAG-1",0
"GACAGAGTCAGAGACG-1",1
"GACAGAGTCCTTCAAT-1",2
"GACAGAGTCCTTGCCA-1",3
"GACAGAGTCTTCATGT-1",0
"GACCAATAGAAGGGTA-1",1
"GACCAATAGCTACCGC-1",1
"GACCAATAGCTACCTA-1",0
"GACCAATCAGGTGCCT-1",1
"GACCAATCATGCGCAC-1",0
"GACCAATGTACAGTTC-1",3
"GACCAATGTCGCTTCT-1",2
"GACCAATTCCGATATG-1",3
"GACCAATTCGAATGGG-1",0
"GACCAATTCGTCACGG-1",0
"GACCTGGCATCACAAC-1",0
"GACCTGGCATGTCTCC-1",4
"GACCTGGCATTGGCGC-1",0
"GACCTGGGTAAAGGAG-1",1
"GACCTGGGTCCAGTTA-1",0
"GACCTGGGTGCAGTAG-1",0
"GACCTGGTCATAGCAC-1",1
"GACCTGGTCCTTGCCA-1",2
"GACCTGGTCGCATGAT-1",2
"GACCTGGTCGTCACGG-1",0
"GACGCGTAGTGGTAAT-1",1
"GACGCGTAGTTGTAGA-1",3
"GACGCGTGTAAAGGAG-1",1
"GACGCGTGTGTGAAAT-1",0
"GACGCGTGTTAAGACA-1",1
"GACGCGTTCAAACCGT-1",0
"GACGCGTTCCAAATGC-1",0
"GACGCGTTCCGCGGTA-1",2
"GACGCGTTCCTACAGA-1",0
"GACGCGTTCGACGGAA-1",2
"GACGCGTTCTCCGGTT-1",2
"GACGGCTAGAAGATTC-1",1
"GACGGCTAGAGCTGGT-1",0
"GACGGCTCAAGGTTTC-1",0
"GACGGCTCACCGCTAG-1",1
"GACGGCTCATGAACCT-1",1
"GACGGCTCATGCAACT-1",0
"GACGGCTGTGTGTGCC-1",1
"GACGGCTGTTATGTGC-1",1
"GACGGCTGTTTGGCGC-1",0
"GACGGCTTCTATCGCC-1",0
"GACGTGCAGGCAAAGA-1",2
"GACGTGCAGGGTGTGT-1",0
"GACGTGCAGGTGTTAA-1",1
"GACGTGCCAGGTCGTC-1",1
"GACGTGCGTAACGTTC-1",0
"GACGTGCTCACCTCGT-1",1
"GACGTTAAGCTACCGC-1",0
"GACGTTAAGGCAAAGA-1",0
"GACGTTAAGTCAAGCG-1",5
"GACGTTACAAGCCATT-1",3
"GACGTTACAAGGTTTC-1",1
"GACGTTACAGACACTT-1",0
"GACGTTAGTATCTGCA-1",0
"GACGTTAGTTTGACAC-1",1
"GACGTTAGTTTGACTG-1",0
"GACGTTATCACAGGCC-1",1
"GACGTTATCATTGCGA-1",1
"GACGTTATCCCGGATG-1",1
"GACGTTATCCGAAGAG-1",0
"GACGTTATCGCGTTTC-1",0
"GACGTTATCTGTCCGT-1",1
"GACTAACAGACAGAGA-1",0
"GACTAACAGTGGAGAA-1",2
"GACTAACCAAATCCGT-1",2
"GACTAACGTCTAGTCA-1",2
"GACTAACGTGCAACTT-1",1
"GACTAACGTTCAGACT-1",2
"GACTAACTCCGCGCAA-1",0
"GACTAACTCCTTTCTC-1",2
"GACTAACTCTTGCCGT-1",0
"GACTAACTCTTTACAC-1",2
"GACTACAAGATATGGT-1",1
"GACTACACAAATCCGT-1",4
"GACTACAGTGCTGTAT-1",0
"GACTACATCAGCCTAA-1",1
"GACTACATCAGGTAAA-1",1
"GACTACATCTGCAGTA-1",0
"GACTGCGAGCGTAGTG-1",0
"GACTGCGAGTTGTAGA-1",1
"GACTGCGCACTTAACG-1",0
"GACTGCGCATGTTCCC-1",0
"GACTGCGGTACGCACC-1",0
"GACTGCGGTTCTCATT-1",1
"GACTGCGTCAACACAC-1",0
"GACTGCGTCACGACTA-1",1
"GACTGCGTCGCCCTTA-1",1
"GACTGCGTCTCAAACG-1",1
"GAGCAGAGTAGGGTAC-1",0
"GAGCAGAGTCAGATAA-1",1
"GAGCAGAGTCATATGC-1",1
"GAGCAGAGTGAGCGAT-1",0
"GAGCAGAGTGTAACGG-1",2
"GAGCAGAGTGTGACCC-1",1
"GAGCAGAGTTCGGGCT-1",1
"GAGCAGAGTTTAAGCC-1",0
"GAGCAGAGTTTGCATG-1",2
"GAGGTGAAGCAACGGT-1",2
"GAGGTGAAGGCTCTTA-1",2
"GAGGTGAAGTGGTAGC-1",0
"GAGGTGAAGTTGTAGA-1",0
"GAGGTGACACTGTCGG-1",2
"GAGGTGACATCCTTGC-1",2
"GAGGTGACATGCATGT-1",0
"GAGGTGAGTACCTACA-1",5
"GAGGTGAGTCATTAGC-1",1
"GAGGTGAGTTCCTCCA-1",0
"GAGGTGATCATCGCTC-1",2
"GAGGTGATCTAGAGTC-1",1
"GAGGTGATCTCTAGGA-1",2
"GAGGTGATCTGCTGTC-1",0
"GAGGTGATCTGGGCCA-1",0
"GAGTCCGAGGACAGAA-1",1
"GAGTCCGAGGCATGTG-1",5
"GAGTCCGAGGCGTACA-1",0
"GAGTCCGCAAACCCAT-1",5
"GAGTCCGGTCAAGCGA-1",0
"GAGTCCGGTGACCAAG-1",2
"GAGTCCGGTGACTCAT-1",2
"GAGTCCGGTGTGACCC-1",1
"GAGTCCGGTTCGGGCT-1",0
"GAGTCCGGTTTGCATG-1",2
"GAGTCCGTCGGCGCAT-1",1
"GAGTCCGTCTGATTCT-1",0
"GATCAGTAGATGTCGG-1",0
"GATCAGTAGTGGTAGC-1",0
"GATCAGTGTATATGAG-1",1
"GATCAGTGTCTGCGGT-1",0
"GATCAGTGTTATGCGT-1",1
"GATCAGTGTTGTACAC-1",0
"GATCAGTTCCCGACTT-1",0
"GATCGATAGAATGTTG-1",3
"GATCGATAGAGCTGCA-1",1
"GATCGATAGCATGGCA-1",2
"GATCGATCAAGCGAGT-1",0
"GATCGATCAAGCGTAG-1",0
"GATCGATGTCAACATC-1",2
"GATCGATGTTGCCTCT-1",3
"GATCGATTCCGCATCT-1",0
"GATCGCGAGATAGTCA-1",0
"GATCGCGAGCCTTGAT-1",2
"GATCGCGAGGAGCGTT-1",0
"GATCGCGCAGGTCGTC-1",0
"GATCGCGGTACAGCAG-1",1
"GATCGCGGTGAGTATA-1",1
"GATCGCGGTTGTCGCG-1",1
"GATCGCGTCACTCCTG-1",0
"GATCGTAAGACATAAC-1",0
"GATCGTAAGCTCAACT-1",1
"GATCGTACATAACCTG-1",0
"GATCGTAGTGGCTCCA-1",1
"GATCGTATCATATCGG-1",2
"GATCGTATCATGTCCC-1",4
"GATCGTATCTTACCGC-1",1
"GATCTAGAGCGTCTAT-1",0
"GATCTAGAGTGGAGAA-1",1
"GATCTAGCAACACCTA-1",1
"GATCTAGCAAGGGTCA-1",4
"GATCTAGGTCTAAAGA-1",0
"GATCTAGGTCTCACCT-1",0
"GATCTAGGTCTCTTTA-1",2
"GATCTAGTCACATAGC-1",0
"GATCTAGTCTAAGCCA-1",0
"GATGAAAAGAGTAATC-1",0
"GATGAAAAGCTCCCAG-1",0
"GATGAAACACGGTAGA-1",2
"GATGAAACAGCTGTAT-1",0
"GATGAAAGTGGGTATG-1",0
"GATGAAATCACCCTCA-1",3
"GATGAAATCACTCCTG-1",2
"GATGAAATCAGCAACT-1",2
"GATGAAATCGAGAGCA-1",1
"GATGAGGAGATCCCGC-1",0
"GATGAGGAGTTCGATC-1",0
"GATGAGGCACCAGTTA-1",1
"GATGAGGGTATCACCA-1",2
"GATGAGGGTATTCGTG-1",2
"GATGAGGGTCGCGTGT-1",1
"GATGAGGGTGATGATA-1",0
"GATGAGGTCACAGGCC-1",0
"GATGAGGTCACATAGC-1",0
"GATGAGGTCCCTTGTG-1",0
"GATGAGGTCTGCTGTC-1",0
"GATGCTAAGACTAAGT-1",0
"GATGCTAAGGATGCGT-1",2
"GATGCTAAGGCTCTTA-1",0
"GATGCTAAGGGAACGG-1",1
"GATGCTAAGTATCTCG-1",1
"GATGCTAAGTCTCGGC-1",0
"GATGCTACATGTTGAC-1",0
"GATGCTACATTGCGGC-1",0
"GATGCTAGTCTCCATC-1",1
"GATGCTAGTGGAAAGA-1",0
"GATGCTAGTTAGGGTG-1",0
"GATGCTATCCTGTACC-1",4
"GATGCTATCGGCGCTA-1",1
"GATTCAGAGAAACCTA-1",2
"GATTCAGAGAGTGACC-1",0
"GATTCAGAGATTACCC-1",2
"GATTCAGAGGGTCGAT-1",2
"GATTCAGAGGTCGGAT-1",1
"GATTCAGAGTCAATAG-1",3
"GATTCAGCAAGTTGTC-1",1
"GATTCAGCAATTCCTT-1",0
"GATTCAGCAGGGTACA-1",1
"GATTCAGCATCGACGC-1",2
"GATTCAGCATTATCTC-1",1
"GATTCAGGTAAATACG-1",0
"GATTCAGTCAACTCTT-1",0
"GCAAACTAGATGTTAG-1",0
"GCAAACTAGTCATGCT-1",2
"GCAAACTAGTCTCAAC-1",3
"GCAAACTCACAGGTTT-1",0
"GCAAACTGTCAGATAA-1",2
"GCAAACTGTCTCCATC-1",0
"GCAAACTTCGTGGTCG-1",2
"GCAATCAAGGGATCTG-1",1
"GCAATCAAGTATCTCG-1",0
"GCAATCAAGTGGGTTG-1",0
"GCAATCACAGCTTAAC-1",0
"GCAATCACATGTCGAT-1",3
"GCAATCACATTCCTCG-1",1
"GCAATCAGTAGGAGTC-1",0
"GCAATCAGTATAATGG-1",0
"GCAATCAGTTCTCATT-1",1
"GCAATCAGTTCTGGTA-1",0
"GCACATAAGAGCTATA-1",1
"GCACATAAGATGTTAG-1",1
"GCACATAAGCCTTGAT-1",2
"GCACATAAGGAGTACC-1",0
"GCACATAAGTGAAGTT-1",1
"GCACATACACCACGTG-1",0
"GCACATACAGCTGTAT-1",0
"GCACATACAGGAACGT-1",0
"GCACATAGTCATCGGC-1",2
"GCACATAGTCCGAATT-1",3
"GCACATAGTCTCTTTA-1",0
"GCACATAGTGCGCTTG-1",1
"GCACATATCACCTCGT-1",1
"GCACATATCTGGTTCC-1",2
"GCACTCTCAAGACACG-1",1
"GCACTCTCAATCACAC-1",0
"GCACTCTCATTTCAGG-1",3
"GCACTCTGTAAACCTC-1",3
"GCACTCTGTACCAGTT-1",1
"GCACTCTGTAGAAAGG-1",2
"GCACTCTGTCGAACAG-1",1
"GCACTCTGTCTAGGTT-1",3
"GCACTCTTCAACTCTT-1",8
"GCACTCTTCCCTAATT-1",4
"GCACTCTTCTGCCCTA-1",0
"GCAGCCAAGCTGATAA-1",0
"GCAGCCACATGAGCGA-1",4
"GCAGCCAGTAATCGTC-1",4
"GCAGCCAGTGTCGCTG-1",1
"GCAGCCATCAGTTGAC-1",0
"GCAGCCATCCCAACGG-1",4
"GCAGCCATCCGTACAA-1",0
"GCAGTTAAGTCCATAC-1",1
"GCAGTTAAGTCCGTAT-1",2
"GCAGTTAAGTTAACGA-1",1
"GCAGTTAGTGGACGAT-1",1
"GCAGTTAGTTATTCTC-1",0
"GCAGTTATCGCGATCG-1",1
"GCATACAAGATCTGCT-1",0
"GCATACAAGCAACGGT-1",1
"GCATACACAACGCACC-1",0
"GCATACACAAGGACTG-1",0
"GCATACACAAGTCTGT-1",0
"GCATACACAGTCAGCC-1",0
"GCATACACATCCTAGA-1",1
"GCATACACATCGGAAG-1",3
"GCATACAGTCCGAACC-1",0
"GCATACAGTTCTGGTA-1",1
"GCATACATCCACGACG-1",3
"GCATGATAGAATGTTG-1",0
"GCATGATAGAGTAATC-1",1
"GCATGATAGCTGATAA-1",2
"GCATGATAGGACCACA-1",2
"GCATGATAGGCTAGCA-1",2
"GCATGATAGTCAAGCG-1",0
"GCATGATAGTGGAGAA-1",0
"GCATGATCACACCGAC-1",1
"GCATGATCACATTTCT-1",0
"GCATGATGTCCCTACT-1",1
"GCATGATGTTGCGCAC-1",0
"GCATGATTCGTGGACC-1",2
"GCATGCGAGCATGGCA-1",0
"GCATGCGAGTCCAGGA-1",5
"GCATGCGCACTGCCAG-1",0
"GCATGCGGTAAGGATT-1",0
"GCATGCGGTCCTCTTG-1",1
"GCATGCGGTGTGAAAT-1",0
"GCATGCGTCCGCGGTA-1",1
"GCATGTAAGAACTGTA-1",1
"GCATGTAAGACAGACC-1",0
"GCATGTAAGTACTTGC-1",0
"GCATGTAAGTGCAAGC-1",4
"GCATGTACAACACGCC-1",2
"GCATGTATCACGAAGG-1",0
"GCCAAATCAAACTGTC-1",0
"GCCAAATCAAGGGTCA-1",0
"GCCAAATCAAGTTCTG-1",1
"GCCAAATCAGCCACCA-1",0
"GCCAAATCATAACCTG-1",1
"GCCAAATGTATAAACG-1",0
"GCCAAATGTGTTTGGT-1",2
"GCCAAATGTTTCGCTC-1",0
"GCCAAATTCAGGTAAA-1",0
"GCCAAATTCCGAGCCA-1",2
"GCCAAATTCCGCGGTA-1",1
"GCCAAATTCGGCTACG-1",0
"GCCTCTAAGAGTACCG-1",0
"GCCTCTAAGCCATCGC-1",0
"GCCTCTAAGCCGCCTA-1",0
"GCCTCTAAGCGATAGC-1",0
"GCCTCTAAGCTGCAAG-1",0
"GCCTCTAAGCTTCGCG-1",0
"GCCTCTAAGTCACGCC-1",0
"GCCTCTACAAGACGTG-1",1
"GCCTCTACAGCTATTG-1",2
"GCCTCTAGTAAGGATT-1",3
"GCCTCTAGTGATGATA-1",1
"GCCTCTAGTTAAGGGC-1",1
"GCCTCTATCAGCGACC-1",0
"GCCTCTATCCGATATG-1",0
"GCCTCTATCGAATCCA-1",1
"GCCTCTATCGAGCCCA-1",3
"GCCTCTATCGCTGATA-1",0
"GCCTCTATCTTTAGGG-1",0
"GCGACCAAGAGGTTAT-1",1
"GCGACCACACTTACGA-1",2
"GCGACCAGTCAGGACA-1",0
"GCGACCAGTCTAGAGG-1",4
"GCGACCATCAACGGGA-1",1
"GCGACCATCCCGGATG-1",0
"GCGACCATCTACTCAT-1",0
"GCGAGAAAGGTTCCTA-1",1
"GCGAGAAAGTACGATA-1",0
"GCGAGAAAGTGTCTCA-1",1
"GCGAGAACAAGCCCAC-1",0
"GCGAGAACACTGAAGG-1",0
"GCGAGAAGTAGCGCTC-1",2
"GCGAGAAGTCCCTACT-1",3
"GCGAGAATCCTTTCGG-1",1
"GCGAGAATCGAGAGCA-1",1
"GCGAGAATCGCACTCT-1",0
"GCGCAACAGTCCTCCT-1",0
"GCGCAACAGTGTACGG-1",0
"GCGCAACCAAGTCTGT-1",1
"GCGCAACCAGCCACCA-1",3
"GCGCAACGTAGCGCTC-1",5
"GCGCAACGTCCCTTGT-1",0
"GCGCAACGTCCTAGCG-1",0
"GCGCAACGTCGACTAT-1",2
"GCGCAACGTCTAGAGG-1",1
"GCGCAACGTGCACGAA-1",0
"GCGCAACTCAATACCG-1",1
"GCGCAGTCACATCCAA-1",0
"GCGCAGTCATTACCTT-1",1
"GCGCAGTGTTAGGGTG-1",2
"GCGCAGTTCGATCCCT-1",0
"GCGCAGTTCGCGGATC-1",0
"GCGCCAAAGACATAAC-1",0
"GCGCCAAAGGACAGCT-1",0
"GCGCCAAAGGCCCTTG-1",0
"GCGCCAAAGGGCTTCC-1",0
"GCGCCAAAGGTACTCT-1",1
"GCGCCAACATAACCTG-1",0
"GCGCCAACATTGGGCC-1",0
"GCGCCAAGTACTTGAC-1",0
"GCGCCAAGTCGGCACT-1",3
"GCGCCAAGTGAAAGAG-1",1
"GCGCCAAGTTGTACAC-1",0
"GCGCCAATCCGTTGCT-1",2
"GCGCGATAGAAGGTTT-1",0
"GCGCGATAGCAGGTCA-1",0
"GCGCGATAGTGAATTG-1",2
"GCGCGATAGTTTGCGT-1",0
"GCGCGATCAGCTCGAC-1",2
"GCGCGATGTAAGTAGT-1",0
"GCGCGATGTATCACCA-1",0
"GCGCGATGTCACTTCC-1",0
"GCGCGATGTTACCAGT-1",0
"GCGCGATTCAGTTAGC-1",0
"GCGCGATTCGTTTAGG-1",0
"GCGGGTTAGAAACGAG-1",0
"GCGGGTTAGCTATGCT-1",1
"GCGGGTTAGTGTGAAT-1",1
"GCGGGTTCACGCGAAA-1",0
"GCGGGTTCAGGCAGTA-1",0
"GCGGGTTCAGTAACGG-1",2
"GCGGGTTGTGAGTATA-1",0
"GCGGGTTGTGGCGAAT-1",1
"GCGGGTTTCCAAAGTC-1",1
"GCGGGTTTCCTTTCTC-1",1
"GCGGGTTTCTCCAACC-1",2
"GCGGGTTTCTTGAGGT-1",3
"GCGGGTTTCTTGTATC-1",2
"GCTCCTACAAACTGTC-1",0
"GCTCCTACACCAGGTC-1",0
"GCTCCTACACCGATAT-1",1
"GCTCCTACAGGGTACA-1",0
"GCTCCTACATTAGCCA-1",1
"GCTCCTAGTCAGGACA-1",0
"GCTCCTAGTCCGTCAG-1",6
"GCTCCTATCAGCCTAA-1",0
"GCTCCTATCCCTAATT-1",0
"GCTCTGTAGAGGTAGA-1",4
"GCTCTGTAGCTGAACG-1",3
"GCTCTGTAGGAGTCTG-1",0
"GCTCTGTAGTGCTGCC-1",0
"GCTCTGTAGTGGACGT-1",5
"GCTCTGTTCACCTCGT-1",0
"GCTGCAGAGCGTGAGT-1",0
"GCTGCAGAGTCAAGCG-1",0
"GCTGCAGAGTCCCACG-1",0
"GCTGCAGCAATTGCTG-1",0
"GCTGCAGCATGCCCGA-1",1
"GCTGCAGCATGCCTAA-1",0
"GCTGCAGGTAAACCTC-1",0
"GCTGCAGGTACGAAAT-1",0
"GCTGCAGGTAGCGCAA-1",1
"GCTGCAGGTCACCCAG-1",1
"GCTGCAGGTCATGCCG-1",2
"GCTGCGAAGGAATGGA-1",4
"GCTGCGAGTCTAACGT-1",0
"GCTGCGAGTGTTTGGT-1",0
"GCTGCGATCTCCTATA-1",1
"GCTGCGATCTTGTTTG-1",1
"GCTGCTTAGAATTGTG-1",0
"GCTGCTTAGGCAATTA-1",1
"GCTGCTTCATCACGTA-1",2
"GCTGCTTCATCCAACA-1",0
"GCTGCTTCATGCCTAA-1",0
"GCTGCTTCATGGTCAT-1",0
"GCTGCTTGTAACGACG-1",1
"GCTGCTTGTAATCGTC-1",1
"GCTGCTTGTAGGGACT-1",0
"GCTGCTTGTGAAAGAG-1",1
"GCTGCTTTCCGGGTGT-1",0
"GCTGGGTAGACCCACC-1",0
"GCTGGGTAGCCACGCT-1",0
"GCTGGGTAGTCGCCGT-1",1
"GCTGGGTAGTCTCAAC-1",2
"GCTGGGTCACGGCTAC-1",0
"GCTGGGTCAGCCAATT-1",1
"GCTGGGTGTACAGTTC-1",0
"GCTGGGTGTACCGTTA-1",0
"GCTGGGTGTCGAGTTT-1",1
"GCTGGGTGTCTCCACT-1",1
"GCTGGGTGTGCCTGTG-1",1
"GCTGGGTTCAGCTTAG-1",1
"GCTGGGTTCCTTAATC-1",0
"GCTTCCAAGAAACCTA-1",0
"GCTTCCACACCACCAG-1",1
"GCTTCCACAGGTCGTC-1",1
"GCTTCCACAGTGAGTG-1",0
"GCTTCCAGTATAGGTA-1",1
"GCTTCCAGTTCAGCGC-1",3
"GCTTCCATCGTCCAGG-1",2
"GCTTGAAAGATGGCGT-1",0
"GCTTGAAAGCCGTCGT-1",0
"GCTTGAACAAACCTAC-1",2
"GCTTGAACACGGTGTC-1",3
"GCTTGAACATCGGAAG-1",3
"GCTTGAAGTGCGGTAA-1",0
"GCTTGAAGTTCTCATT-1",5
"GCTTGAATCAGGATCT-1",0
"GGAAAGCAGGCAGGTT-1",0
"GGAAAGCCAAACGCGA-1",0
"GGAAAGCCAAGTACCT-1",0
"GGAAAGCGTAAGCACG-1",2
"GGAAAGCGTCCTCCAT-1",2
"GGAAAGCGTCGCGTGT-1",0
"GGAAAGCGTGCTTCTC-1",2
"GGAAAGCTCCAGAGGA-1",0
"GGAACTTAGAGTAAGG-1",1
"GGAACTTCAATGTAAG-1",0
"GGAACTTCACAGGAGT-1",0
"GGAACTTCACCTCGTT-1",0
"GGAACTTGTCTCTTTA-1",3
"GGAACTTTCATTGCCC-1",3
"GGAACTTTCATTTGGG-1",3
"GGAACTTTCCGTCATC-1",4
"GGAACTTTCCTCAACC-1",2
"GGAACTTTCGGATGTT-1",2
"GGAATAAAGGTACTCT-1",0
"GGAATAAAGTGTCCAT-1",0
"GGAATAACAGCGTCCA-1",1
"GGAATAAGTCTGGTCG-1",0
"GGAATAAGTGCAGGTA-1",0
"GGAATAATCAGCACAT-1",0
"GGAATAATCTTTACGT-1",0
"GGACAAGAGGTACTCT-1",3
"GGACAAGCAACGATGG-1",0
"GGACAAGCAGTCGTGC-1",0
"GGACAAGCATGGGACA-1",1
"GGACAAGGTATAAACG-1",3
"GGACAAGGTATGAAAC-1",0
"GGACAAGGTCGGCATC-1",0
"GGACAAGGTTATGCGT-1",1
"GGACAAGTCTAACGGT-1",0
"GGACAGAAGCTAGTCT-1",1
"GGACAGAAGTACTTGC-1",1
"GGACAGACAACACGCC-1",1
"GGACAGACACAAGCCC-1",0
"GGACAGAGTAAGTGGC-1",2
"GGACAGAGTCTTTCAT-1",0
"GGACAGAGTGAGGGAG-1",0
"GGACAGAGTTCCACAA-1",1
"GGACAGATCAACGCTA-1",0
"GGACATTAGAGGGCTT-1",1
"GGACATTAGCCACGTC-1",1
"GGACATTCAAACGCGA-1",0
"GGACATTCAATGACCT-1",4
"GGACATTCACCAGCAC-1",0
"GGACATTGTTCTGGTA-1",3
"GGACATTTCCTCTAGC-1",1
"GGACGTCAGTACTTGC-1",1
"GGACGTCAGTGGTAAT-1",0
"GGACGTCCACAGTCGC-1",1
"GGACGTCGTGAGGGAG-1",1
"GGACGTCGTGGCGAAT-1",1
"GGACGTCGTTACGGAG-1",1
"GGACGTCGTTTAAGCC-1",1
"GGACGTCTCCACTCCA-1",2
"GGACGTCTCGCAAACT-1",0
"GGACGTCTCTCCAGGG-1",2
"GGACGTCTCTCGAGTA-1",0
"GGACGTCTCTGGTGTA-1",2
"GGACGTCTCTTCGAGA-1",1
"GGAGCAAAGAACTCGG-1",0
"GGAGCAAAGACTGTAA-1",0
"GGAGCAAAGCCGCCTA-1",1
"GGAGCAAAGCTAAACA-1",0
"GGAGCAAAGTACGCCC-1",2
"GGAGCAACAAGCTGTT-1",4
"GGAGCAACAATGGACG-1",4
"GGAGCAACAATTCCTT-1",2
"GGAGCAACATGCTGGC-1",4
"GGAGCAAGTGAGTATA-1",5
"GGAGCAAGTTACTGAC-1",0
"GGAGCAATCAAGATCC-1",1
"GGAGCAATCCCATTTA-1",2
"GGATGTTCAAACTGTC-1",0
"GGATGTTTCATCACCC-1",0
"GGATGTTTCATGCATG-1",1
"GGATGTTTCCTACAGA-1",1
"GGATGTTTCCTCTAGC-1",3
"GGATTACAGATCCCAT-1",2
"GGATTACAGCTTCGCG-1",0
"GGATTACAGGCTAGCA-1",2
"GGATTACAGTATCTCG-1",0
"GGATTACCAAGCGTAG-1",4
"GGATTACCACATCCGG-1",0
"GGATTACCAGCGTAAG-1",0
"GGATTACGTAATAGCA-1",3
"GGATTACGTACACCGC-1",3
"GGATTACGTCTCTTTA-1",0
"GGATTACGTTGAGGTG-1",3
"GGATTACTCGCGCCAA-1",2
"GGATTACTCGGCGCAT-1",0
"GGATTACTCTGCCCTA-1",1
"GGCAATTCAATCGGTT-1",1
"GGCAATTCACGGCGTT-1",8
"GGCAATTCATCACCCT-1",4
"GGCAATTGTCGATTGT-1",0
"GGCAATTTCACTTACT-1",3
"GGCAATTTCAGCACAT-1",1
"GGCAATTTCTCCGGTT-1",2
"GGCCGATAGTGTCTCA-1",1
"GGCCGATCACGGACAA-1",0
"GGCCGATGTAGGACAC-1",3
"GGCCGATGTCACTGGC-1",0
"GGCCGATGTCCCTACT-1",0
"GGCCGATTCACCGTAA-1",0
"GGCCGATTCCGCGCAA-1",2
"GGCGACTAGAGCTGGT-1",0
"GGCGACTAGGACCACA-1",2
"GGCGACTAGGTTACCT-1",1
"GGCGACTCAAAGCGGT-1",2
"GGCGACTCAAGAGTCG-1",0
"GGCGACTCACCAGGTC-1",1
"GGCGACTCATTGTGCA-1",1
"GGCGACTTCAGAAATG-1",0
"GGCGACTTCAGAGACG-1",2
"GGCGACTTCCAGATCA-1",1
"GGCGACTTCTCTAGGA-1",1
"GGCGTGTAGCTAGCCC-1",1
"GGCGTGTAGGGTATCG-1",1
"GGCGTGTCAGGTCCAC-1",0
"GGCGTGTCAGTATAAG-1",0
"GGCGTGTCATCGTCGG-1",0
"GGCGTGTCATGGAATA-1",0
"GGCGTGTGTCTCCCTA-1",1
"GGCGTGTTCTTGAGGT-1",2
"GGCTCGAAGCCGTCGT-1",0
"GGCTCGAAGGTAAACT-1",0
"GGCTCGACAAGAAGAG-1",3
"GGCTCGACAATAGCAA-1",0
"GGCTCGACATGGTCAT-1",0
"GGCTCGAGTATATCCG-1",2
"GGCTCGAGTTACGTCA-1",0
"GGCTCGAGTTAGGGTG-1",0
"GGCTCGATCTGCAAGT-1",0
"GGCTGGTAGAAGAAGC-1",0
"GGCTGGTAGACCCACC-1",2
"GGCTGGTCAAGGACAC-1",0
"GGCTGGTCACTGCCAG-1",1
"GGCTGGTCATTTCAGG-1",0
"GGCTGGTGTATTCTCT-1",1
"GGCTGGTGTCGCATCG-1",0
"GGCTGGTGTCTAGTGT-1",0
"GGCTGGTGTTATGCGT-1",1
"GGGAATGAGCGTTGCC-1",2
"GGGAATGAGTAGGTGC-1",0
"GGGAATGGTAAGGGAA-1",0
"GGGAATGTCAACGAAA-1",0
"GGGAATGTCCAGTATG-1",1
"GGGAATGTCCGGGTGT-1",3
"GGGACCTAGATGTAAC-1",1
"GGGACCTAGTCTTGCA-1",0
"GGGACCTCAATCAGAA-1",1
"GGGACCTCACTGAAGG-1",1
"GGGAGATAGTACGACG-1",0
"GGGAGATCAAAGTGCG-1",0
"GGGAGATCAAATCCGT-1",0
"GGGAGATCAAGGACTG-1",2
"GGGAGATCACGCGAAA-1",4
"GGGAGATGTAGCGCAA-1",0
"GGGAGATTCAACGGGA-1",4
"GGGAGATTCATCACCC-1",0
"GGGATGAAGTGACATA-1",0
"GGGATGACATCATCCC-1",0
"GGGATGAGTCACCCAG-1",0
"GGGATGAGTGGAAAGA-1",1
"GGGATGAGTTACGACT-1",0
"GGGATGAGTTGGTAAA-1",0
"GGGATGATCAGTTAGC-1",2
"GGGATGATCTATCCTA-1",0
"GGGATGATCTTTAGGG-1",1
"GGGCACTAGTCTCGGC-1",1
"GGGCACTCATCTCCCA-1",1
"GGGCACTTCACCTCGT-1",1
"GGGCACTTCTGAGGGA-1",0
"GGGCATCCAATGTAAG-1",0
"GGGCATCCAGTCTTCC-1",0
"GGGCATCGTGGCGAAT-1",0
"GGGCATCTCACAGTAC-1",0
"GGGCATCTCCCTTGTG-1",1
"GGGCATCTCCGGCACA-1",2
"GGGCATCTCTGTCCGT-1",2
"GGGCATCTCTTATCTG-1",3
"GGGTCTGAGAAGATTC-1",1
"GGGTCTGAGATCCCGC-1",1
"GGGTCTGAGCCAACAG-1",0
"GGGTCTGCACAGGCCT-1",5
"GGGTCTGCACCAGGTC-1",0
"GGGTCTGGTCTGGTCG-1",1
"GGGTCTGGTGATGATA-1",0
"GGGTCTGGTGTGACCC-1",1
"GGGTCTGTCAACTCTT-1",1
"GGGTCTGTCACTCCTG-1",3
"GGGTCTGTCCGTAGTA-1",0
"GGGTTGCAGACAGAGA-1",0
"GGGTTGCAGACCTTTG-1",1
"GGGTTGCAGATCGATA-1",2
"GGGTTGCAGGGTGTTG-1",0
"GGGTTGCAGGTGGGTT-1",1
"GGGTTGCCAATAACGA-1",0
"GGGTTGCCACGCCAGT-1",1
"GGGTTGCCATTAACCG-1",1
"GGGTTGCGTACATCCA-1",2
"GGGTTGCGTAGCGCAA-1",0
"GGGTTGCGTCCTCCAT-1",2
"GGGTTGCGTCGAGTTT-1",3
"GGGTTGCGTGAGTATA-1",2
"GGGTTGCGTGTGACCC-1",1
"GGGTTGCTCGTACCGG-1",0
"GGTATTGAGCACCGTC-1",0
"GGTATTGAGCTATGCT-1",0
"GGTATTGCACATCCAA-1",1
"GGTATTGCAGCTTCGG-1",0
"GGTATTGGTTCCGTCT-1",1
"GGTATTGTCAGAAATG-1",2
"GGTATTGTCCATTCTA-1",1
"GGTATTGTCGCCAGCA-1",1
"GGTGAAGAGACACGAC-1",1
"GGTGAAGAGATCCGAG-1",1
"GGTGAAGCAAGGTGTG-1",1
"GGTGAAGCACTCGACG-1",1
"GGTGAAGCAGTATGCT-1",3
"GGTGAAGGTATGAAAC-1",0
"GGTGAAGGTCAGAATA-1",6
"GGTGAAGGTGGTACAG-1",1
"GGTGAAGGTGTATGGG-1",4
"GGTGAAGGTGTCTGAT-1",0
"GGTGAAGGTGTGGTTT-1",1
"GGTGAAGGTGTGTGCC-1",5
"GGTGAAGTCACGATGT-1",1
"GGTGAAGTCACTCTTA-1",1
"GGTGAAGTCTGGCGTG-1",2
"GGTGCGTAGGTGATTA-1",0
"GGTGCGTAGTACGATA-1",0
"GGTGCGTCACTTAAGC-1",0
"GGTGCGTCAGCTGTAT-1",1
"GGTGCGTGTTCGTTGA-1",2
"GGTGCGTTCCGTACAA-1",0
"GGTGCGTTCTTGACGA-1",2
"GGTGTTAAGGGCTCTC-1",1
"GGTGTTAAGTAGCGGT-1",0
"GGTGTTAAGTGGGATC-1",0
"GGTGTTAAGTTATCGC-1",0
"GGTGTTACAAATCCGT-1",0
"GGTGTTACACGGATAG-1",1
"GGTGTTAGTAATCACC-1",1
"GGTGTTAGTAGCAAAT-1",2
"GGTGTTAGTGTATGGG-1",1
"GGTGTTAGTTGAACTC-1",1
"GGTGTTATCGGACAAG-1",0
"GGTGTTATCGGTGTTA-1",1
"GGTGTTATCTACTTAC-1",0
"GTAACGTAGGTGACCA-1",3
"GTAACGTCACAGGCCT-1",2
"GTAACGTGTACCATCA-1",2
"GTAACGTGTGAGTATA-1",0
"GTAACGTGTTACGGAG-1",3
"GTAACGTGTTAGGGTG-1",0
"GTAACGTTCGGTCCGA-1",1
"GTAACGTTCTCATTCA-1",1
"GTAACTGAGTGGGTTG-1",3
"GTAACTGCAATGGAAT-1",0
"GTAACTGCACAGGCCT-1",1
"GTAACTGCAGGATCGA-1",0
"GTAACTGCATCGGGTC-1",2
"GTAACTGGTATTACCG-1",0
"GTAACTGTCACGGTTA-1",0
"GTAACTGTCTACTATC-1",0
"GTACGTAAGGTGCTTT-1",3
"GTACGTACAGGAATGC-1",0
"GTACGTACATGGATGG-1",0
"GTACGTAGTGAGTGAC-1",1
"GTACGTAGTTGGTAAA-1",0
"GTACGTATCACCTCGT-1",1
"GTACGTATCATCGGAT-1",0
"GTACGTATCCACTGGG-1",0
"GTACTCCAGGCAGTCA-1",2
"GTACTCCCAATAGCGG-1",1
"GTACTCCCACAGGTTT-1",2
"GTACTCCTCACCTTAT-1",3
"GTACTCCTCATTGCCC-1",0
"GTACTCCTCCTTCAAT-1",0
"GTACTTTCAGTTAACC-1",1
"GTACTTTCATGTCGAT-1",0
"GTACTTTTCCGAAGAG-1",0
"GTAGGCCAGCAATCTC-1",0
"GTAGGCCCATTCGACA-1",0
"GTAGGCCGTAACGCGA-1",0
"GTAGGCCGTAAGGGCT-1",0
"GTAGGCCGTACGACCC-1",1
"GTAGGCCGTTCAGGCC-1",1
"GTAGGCCGTTGATTGC-1",0
"GTAGGCCTCAGCACAT-1",1
"GTAGTCAAGAATGTGT-1",0
"GTAGTCAAGATGCCTT-1",2
"GTAGTCAAGGACGAAA-1",0
"GTAGTCAAGTGAAGAG-1",0
"GTAGTCATCGTCACGG-1",0
"GTAGTCATCTGAAAGA-1",1
"GTATCTTAGAAACCAT-1",0
"GTATCTTAGGCTATCT-1",1
"GTATCTTAGTTGTCGT-1",1
"GTATCTTCACACCGCA-1",1
"GTATCTTCACGAAGCA-1",1
"GTATCTTGTTCGCTAA-1",2
"GTATCTTTCATGCTCC-1",2
"GTATCTTTCATGTAGC-1",0
"GTATTCTAGAAACCAT-1",3
"GTATTCTAGACAAAGG-1",2
"GTATTCTCAAAGTCAA-1",2
"GTATTCTCAACAACCT-1",1
"GTATTCTCAACTTGAC-1",0
"GTATTCTCAATAAGCA-1",0
"GTATTCTCAGGGTTAG-1",2
"GTATTCTCATACTACG-1",0
"GTATTCTCATGGTAGG-1",2
"GTATTCTGTAGTGAAT-1",1
"GTATTCTGTCTAGAGG-1",0
"GTCAAGTCATATGCTG-1",0
"GTCAAGTCATGGTTGT-1",0
"GTCAAGTGTCAGCTAT-1",0
"GTCAAGTGTTCCACTC-1",1
"GTCACAAAGCCGATTT-1",1
"GTCACAAAGTGGAGTC-1",2
"GTCACAACAGGTGGAT-1",0
"GTCACAAGTAAACGCG-1",2
"GTCACAATCAGGATCT-1",2
"GTCACAATCAGTTGAC-1",1
"GTCACAATCATGCATG-1",0
"GTCACGGAGATCACGG-1",0
"GTCACGGCATATACCG-1",5
"GTCACGGGTGAGTGAC-1",1
"GTCACGGGTGTGGCTC-1",1
"GTCACGGTCGAGAGCA-1",2
"GTCACGGTCTACCTGC-1",0
"GTCATTTAGAGACTAT-1",1
"GTCATTTCACGTGAGA-1",0
"GTCATTTGTAGAAGGA-1",2
"GTCATTTGTCAGATAA-1",1
"GTCATTTTCCAGAGGA-1",0
"GTCCTCAAGCCCAACC-1",1
"GTCCTCAAGTAGATGT-1",1
"GTCCTCAAGTGGGCTA-1",2
"GTCCTCACAATCACAC-1",2
"GTCCTCAGTGGAAAGA-1",4
"GTCCTCATCAAAGACA-1",0
"GTCCTCATCGTCCGTT-1",2
"GTCGGGTCACTGAAGG-1",0
"GTCGGGTCACTTCGAA-1",0
"GTCGGGTCATGAAGTA-1",1
"GTCGGGTGTCTCACCT-1",3
"GTCGGGTGTGTGACGA-1",0
"GTCGGGTGTGTGTGCC-1",1
"GTCGGGTGTTACGTCA-1",4
"GTCGGGTTCTGCTGTC-1",0
"GTCGGGTTCTGTGCAA-1",1
"GTCGTAAAGAGATGAG-1",0
"GTCGTAAAGCTGCAAG-1",0
"GTCGTAAAGGCGACAT-1",0
"GTCGTAACATCACGAT-1",0
"GTCGTAAGTATCACCA-1",1
"GTCGTAATCCAAGTAC-1",0
"GTCTCGTAGACCACGA-1",0
"GTCTCGTCAGGAACGT-1",3
"GTCTCGTGTGGTAACG-1",0
"GTCTCGTGTTTGGCGC-1",1
"GTCTCGTTCACCGGGT-1",3
"GTCTCGTTCAGTGCAT-1",0
"GTCTTCGAGACAAGCC-1",0
"GTCTTCGAGGAATGGA-1",0
"GTCTTCGAGTCAAGCG-1",0
"GTCTTCGCACATGGGA-1",2
"GTCTTCGCACCAGGTC-1",0
"GTCTTCGCAGACGCAA-1",2
"GTCTTCGCATAACCTG-1",1
"GTCTTCGCATCGATGT-1",1
"GTCTTCGGTCTAGTGT-1",1
"GTCTTCGTCTCGATGA-1",1
"GTGAAGGAGAGCTGGT-1",0
"GTGAAGGAGATCGGGT-1",2
"GTGAAGGAGCCAGTTT-1",0
"GTGAAGGAGTGTTGAA-1",3
"GTGAAGGCAAAGGCGT-1",0
"GTGAAGGCACTTAAGC-1",1
"GTGAAGGCAGATTGCT-1",1
"GTGAAGGGTATATGGA-1",2
"GTGAAGGGTCTCTCTG-1",1
"GTGAAGGTCTCCTATA-1",0
"GTGCAGCAGACATAAC-1",2
"GTGCAGCAGTGGTCCC-1",2
"GTGCAGCCACATCTTT-1",0
"GTGCAGCGTGAGTATA-1",0
"GTGCAGCTCTTAGAGC-1",1
"GTGCATAAGGCATGGT-1",0
"GTGCATAGTTTGTTGG-1",1
"GTGCATATCAGAGCTT-1",1
"GTGCATATCATCATTC-1",0
"GTGCATATCTGCGTAA-1",1
"GTGCGGTAGCAATCTC-1",2
"GTGCGGTAGGACAGAA-1",0
"GTGCGGTCAAAGGTGC-1",0
"GTGCGGTGTTCAGACT-1",1
"GTGCGGTGTTCTGTTT-1",0
"GTGCGGTTCATCTGCC-1",0
"GTGCGGTTCCAGGGCT-1",0
"GTGCGGTTCGGATGGA-1",3
"GTGCGGTTCTCGTTTA-1",5
"GTGCGGTTCTGCTGTC-1",0
"GTGCTTCAGCCAGTTT-1",2
"GTGCTTCAGGATTCGG-1",1
"GTGCTTCAGTACACCT-1",0
"GTGCTTCCACTTAACG-1",0
"GTGCTTCCAGCTATTG-1",0
"GTGCTTCGTAGAGTGC-1",1
"GTGCTTCTCACAATGC-1",1
"GTGCTTCTCACTTCAT-1",1
"GTGGGTCAGACCGGAT-1",0
"GTGGGTCAGACTGTAA-1",2
"GTGGGTCAGCCGTCGT-1",0
"GTGGGTCCACCAACCG-1",0
"GTGGGTCCACCACCAG-1",0
"GTGTGCGAGACCGGAT-1",0
"GTGTGCGAGACTTGAA-1",2
"GTGTGCGCAGGTCGTC-1",0
"GTGTGCGGTGAGCGAT-1",1
"GTGTGCGTCAGTCAGT-1",1
"GTGTGCGTCCCTTGTG-1",2
"GTGTGCGTCTAACTTC-1",0
"GTGTTAGAGCACGCCT-1",0
"GTGTTAGAGGACAGAA-1",1
"GTGTTAGAGGCATGGT-1",2
"GTGTTAGAGTGGAGAA-1",1
"GTGTTAGAGTTTGCGT-1",4
"GTGTTAGCAATGGAAT-1",3
"GTGTTAGCACCACCAG-1",0
"GTGTTAGGTGCCTGGT-1",0
"GTGTTAGGTGGAAAGA-1",2
"GTGTTAGGTTCCATGA-1",2
"GTGTTAGGTTGGGACA-1",1
"GTTAAGCAGAGCTGCA-1",1
"GTTAAGCAGATAGCAT-1",1
"GTTAAGCAGCTAACAA-1",1
"GTTAAGCAGGCTACGA-1",2
"GTTAAGCAGTGTACCT-1",0
"GTTAAGCAGTTTGCGT-1",2
"GTTAAGCCATTCACTT-1",0
"GTTAAGCGTACTCGCG-1",2
"GTTAAGCGTCTAGGTT-1",0
"GTTAAGCGTGGCAAAC-1",0
"GTTAAGCGTTGCTCCT-1",0
"GTTAAGCTCCTTTCGG-1",9
"GTTACAGAGAGCTATA-1",4
"GTTACAGAGTACGATA-1",4
"GTTACAGCAGACGCCT-1",1
"GTTACAGCATCGGTTA-1",0
"GTTACAGGTATGGTTC-1",0
"GTTACAGGTCGACTGC-1",1
"GTTACAGGTCTAGGTT-1",1
"GTTCATTAGCGATGAC-1",2
"GTTCATTCATATACGC-1",1
"GTTCATTCATTGGCGC-1",2
"GTTCATTGTGCACGAA-1",0
"GTTCATTGTGTTAAGA-1",0
"GTTCATTGTTCAGTAC-1",0
"GTTCGGGAGACGACGT-1",0
"GTTCGGGAGCTAAGAT-1",2
"GTTCGGGAGTGTCTCA-1",2
"GTTCGGGGTAGGGTAC-1",2
"GTTCGGGGTGCAGGTA-1",1
"GTTCGGGTCCACGCAG-1",1
"GTTCGGGTCTACTTAC-1",1
"GTTCTCGAGACCACGA-1",3
"GTTCTCGAGCGATGAC-1",0
"GTTCTCGAGGCCATAG-1",2
"GTTCTCGCATCGGACC-1",3
"GTTCTCGGTAAGGGAA-1",1
"GTTCTCGGTAGCGTAG-1",0
"GTTCTCGGTCCGTGAC-1",0
"GTTCTCGGTGTTAAGA-1",0
"GTTCTCGTCAACGCTA-1",1
"GTTCTCGTCCTGTACC-1",1
"GTTTCTACAAACCTAC-1",3
"GTTTCTACAAGAAAGG-1",0
"GTTTCTAGTGTTGGGA-1",0
"GTTTCTATCCCAACGG-1",0
"GTTTCTATCCGTAGTA-1",0
"GTTTCTATCGGCATCG-1",0
"TAAACCGGTACTTAGC-1",0
"TAAACCGTCACTCTTA-1",0
"TAAACCGTCAGGCGAA-1",1
"TAAACCGTCCGTTGTC-1",0
"TAAACCGTCTTCCTTC-1",0
"TAAGAGACAAGTTGTC-1",0
"TAAGAGAGTATATCCG-1",1
"TAAGAGATCAATCACG-1",3
"TAAGAGATCTAACGGT-1",2
"TAAGAGATCTTTCCTC-1",2
"TAAGCGTAGTGGACGT-1",1
"TAAGCGTAGTGTCTCA-1",0
"TAAGCGTCAGCTTCGG-1",0
"TAAGCGTCAGGTGGAT-1",0
"TAAGCGTGTCCTGCTT-1",0
"TAAGCGTGTGCCTGGT-1",5
"TAAGCGTGTTGTTTGG-1",2
"TAAGCGTTCCTCATTA-1",2
"TAAGCGTTCGGCGCAT-1",1
"TAAGCGTTCTCGCATC-1",2
"TAAGTGCAGGCTAGGT-1",2
"TAAGTGCAGTAGCGGT-1",0
"TAAGTGCCAACGCACC-1",3
"TAAGTGCCATACAGCT-1",1
"TAAGTGCGTAAACACA-1",0
"TAAGTGCGTCTCACCT-1",1
"TAAGTGCGTTCAGACT-1",1
"TAAGTGCTCACCCTCA-1",3
"TAAGTGCTCACTGGGC-1",1
"TAAGTGCTCTGGCGTG-1",1
"TACACGACACCCATTC-1",0
"TACACGAGTGATAAAC-1",0
"TACACGATCTGTCTCG-1",1
"TACAGTGAGATGCGAC-1",0
"TACAGTGAGCGTTGCC-1",0
"TACAGTGAGTGTACGG-1",0
"TACAGTGCAGGAATCG-1",3
"TACAGTGCAGGTGCCT-1",1
"TACAGTGGTACTCAAC-1",3
"TACAGTGGTTGGACCC-1",1
"TACCTATAGAGCTGGT-1",0
"TACCTATAGAGTTGGC-1",0
"TACCTATAGGCTCATT-1",3
"TACCTATAGTTAGCGG-1",0
"TACCTATCAAGCTGGA-1",2
"TACCTATGTAAATGAC-1",0
"TACCTATGTAGAGTGC-1",0
"TACCTATGTCACCTAA-1",1
"TACCTATGTGTTGAGG-1",0
"TACCTATGTTAAAGAC-1",0
"TACCTATTCTATGTGG-1",0
"TACCTATTCTTCCTTC-1",0
"TACCTTAAGAGGTTGC-1",0
"TACCTTAAGTCAAGCG-1",2
"TACCTTAAGTGGTCCC-1",0
"TACCTTACAACTGGCC-1",3
"TACCTTACAAGGGTCA-1",3
"TACCTTACACTCAGGC-1",0
"TACCTTACATCTACGA-1",1
"TACCTTAGTAGCGTCC-1",1
"TACCTTAGTCTCCACT-1",1
"TACGGATAGATGGCGT-1",2
"TACGGATAGGTACTCT-1",0
"TACGGATCAGGGATTG-1",1
"TACGGATCATCACCCT-1",1
"TACGGATGTCTAGCCG-1",0
"TACGGATTCGGTGTCG-1",0
"TACGGATTCTACTATC-1",2
"TACGGGCAGGATGCGT-1",0
"TACGGGCAGGGAACGG-1",0
"TACGGGCAGTATTGGA-1",0
"TACGGGCAGTCAAGCG-1",0
"TACGGGCCAAGAAGAG-1",0
"TACGGGCCACCAGATT-1",0
"TACGGGCCATCAGTAC-1",0
"TACGGGCGTAAGGGCT-1",0
"TACGGGCGTCTGATTG-1",0
"TACGGGCGTGATGTGG-1",1
"TACGGGCTCACCTTAT-1",1
"TACGGGCTCAGCTCTC-1",0
"TACGGGCTCCACGAAT-1",0
"TACGGGCTCCTATTCA-1",1
"TACGGGCTCGGTGTTA-1",1
"TACGGTAAGATATGGT-1",2
"TACGGTAAGCCGATTT-1",0
"TACGGTAAGTCATGCT-1",0
"TACGGTAAGTGCCATT-1",0
"TACGGTACACAGGCCT-1",2
"TACGGTACATTTCAGG-1",2
"TACGGTAGTATATCCG-1",1
"TACGGTAGTCACTTCC-1",0
"TACGGTAGTGCAGGTA-1",0
"TACGGTAGTGGGTATG-1",1
"TACGGTATCGCAGGCT-1",0
"TACGGTATCGGACAAG-1",1
"TACGGTATCGTTTATC-1",0
"TACTCATAGTCACGCC-1",2
"TACTCATCAATCTACG-1",2
"TACTCATCACGGTAGA-1",1
"TACTCATCACTTCTGC-1",0
"TACTCATCATCCGTGG-1",0
"TACTCATCATGTCGAT-1",4
"TACTCATGTACAGCAG-1",1
"TACTCATGTCTTCAAG-1",0
"TACTCATTCCTTTCTC-1",1
"TACTCGCAGGCGACAT-1",0
"TACTCGCGTCAGAAGC-1",2
"TACTCGCGTCTGATTG-1",1
"TACTCGCGTGTAACGG-1",0
"TACTCGCGTTGAGTTC-1",0
"TACTCGCTCAACGGGA-1",1
"TACTCGCTCCGAATGT-1",7
"TACTTACAGACTAGGC-1",2
"TACTTACAGCTGAACG-1",2
"TACTTACAGTACACCT-1",2
"TACTTACAGTACGCCC-1",0
"TACTTACAGTGATCGG-1",0
"TACTTACCAAGCCGTC-1",1
"TACTTACCACAGGTTT-1",1
"TACTTACTCGCGTTTC-1",1
"TACTTGTAGCGATATA-1",4
"TACTTGTAGTAATCCC-1",0
"TACTTGTCAAACAACA-1",0
"TACTTGTCATGCAACT-1",1
"TACTTGTGTAGCACGA-1",2
"TACTTGTGTATAAACG-1",0
"TACTTGTGTTCCACAA-1",0
"TACTTGTTCTGCAGTA-1",3
"TAGACCAAGAGACGAA-1",0
"TAGACCAAGCCTCGTG-1",1
"TAGACCAAGTCGATAA-1",0
"TAGACCACAACACCCG-1",4
"TAGACCAGTAGATTAG-1",3
"TAGACCAGTTCATGGT-1",3
"TAGACCATCACTTCAT-1",0
"TAGACCATCGTCACGG-1",0
"TAGACCATCTCCAGGG-1",1
"TAGAGCTAGAATTCCC-1",0
"TAGAGCTAGTATTGGA-1",1
"TAGAGCTCACTGAAGG-1",2
"TAGAGCTGTACTTGAC-1",1
"TAGAGCTGTAGGGACT-1",1
"TAGAGCTGTCTAAAGA-1",1
"TAGCCGGAGACTGGGT-1",1
"TAGCCGGAGTCCCACG-1",0
"TAGCCGGAGTGACATA-1",0
"TAGCCGGCAGCAGTTT-1",0
"TAGCCGGGTACAGTGG-1",1
"TAGCCGGGTACCATCA-1",1
"TAGCCGGGTCGCGAAA-1",2
"TAGCCGGTCACGACTA-1",2
"TAGCCGGTCCAGGGCT-1",2
"TAGGCATAGAACTGTA-1",3
"TAGGCATAGCTAGGCA-1",1
"TAGGCATAGTCGTACT-1",0
"TAGGCATAGTTTAGGA-1",0
"TAGGCATCAAGCCTAT-1",4
"TAGGCATCAGACGCAA-1",0
"TAGGCATGTACGAAAT-1",0
"TAGGCATGTCCAGTTA-1",2
"TAGGCATGTTCCACTC-1",1
"TAGGCATTCCCTAACC-1",1
"TAGGCATTCGCTAGCG-1",0
"TAGGCATTCGTAGATC-1",0
"TAGGCATTCTTCATGT-1",2
"TAGTGGTAGATCACGG-1",0
"TAGTGGTAGCTGTTCA-1",0
"TAGTGGTCAGTATAAG-1",0
"TAGTGGTGTAGCGTAG-1",0
"TAGTGGTTCAGCATGT-1",1
"TAGTGGTTCGGCGCAT-1",0
"TAGTGGTTCTCAAGTG-1",0
"TAGTGGTTCTGGGCCA-1",0
"TAGTGGTTCTTTAGTC-1",0
"TAGTTGGAGATAGGAG-1",0
"TAGTTGGCAGACGCAA-1",1
"TAGTTGGCATGCGCAC-1",0
"TAGTTGGGTATGGTTC-1",1
"TAGTTGGTCCGAATGT-1",0
"TAGTTGGTCTACTCAT-1",0
"TAGTTGGTCTCTAAGG-1",0
"TAGTTGGTCTGATACG-1",1
"TATCAGGAGAGTAAGG-1",0
"TATCAGGAGATCCGAG-1",1
"TATCAGGAGCAGATCG-1",2
"TATCAGGAGGTGCTTT-1",5
"TATCAGGCAACTTGAC-1",1
"TATCAGGCACGTTGGC-1",1
"TATCAGGGTCCGTTAA-1",0
"TATCAGGGTCTGCAAT-1",0
"TATCAGGGTTAAAGAC-1",0
"TATCAGGTCAAGATCC-1",0
"TATCAGGTCCACTCCA-1",0
"TATCAGGTCGTAGGTT-1",0
"TATCTCAAGAGTTGGC-1",1
"TATCTCAAGCCACCTG-1",1
"TATCTCAAGCGTAATA-1",0
"TATCTCAAGGCTAGCA-1",0
"TATCTCAAGTGGGCTA-1",1
"TATCTCACATGTCCTC-1",0
"TATCTCAGTAACGACG-1",0
"TATCTCAGTACCTACA-1",1
"TATCTCAGTACGACCC-1",2
"TATCTCAGTCAATGTC-1",2
"TATCTCATCAAGCCTA-1",2
"TATGCCCAGAAACCGC-1",0
"TATGCCCAGGTAGCTG-1",2
"TATGCCCCAATGGAAT-1",3
"TATGCCCCACTTAACG-1",0
"TATGCCCCATGTTCCC-1",0
"TATGCCCGTAGCCTCG-1",1
"TATGCCCGTATAGGGC-1",3
"TATGCCCGTATGAAAC-1",1
"TATGCCCGTCGCCATG-1",0
"TATGCCCGTGCCTTGG-1",2
"TATGCCCGTTAAGATG-1",0
"TATGCCCGTTGGTGGA-1",2
"TATGCCCGTTTAGGAA-1",2
"TATGCCCTCGTCTGCT-1",0
"TATTACCAGAGAGCTC-1",1
"TATTACCAGCAAATCA-1",1
"TATTACCAGCCCGAAA-1",1
"TATTACCAGTATCTCG-1",1
"TATTACCCAAAGTGCG-1",1
"TATTACCCAGACAAGC-1",1
"TATTACCCAGTCAGCC-1",1
"TATTACCCATAAAGGT-1",0
"TATTACCCATCTACGA-1",3
"TATTACCGTCCAGTAT-1",0
"TCAACGAAGCCGATTT-1",1
"TCAACGAAGCGATGAC-1",5
"TCAACGAAGGCATGTG-1",2
"TCAACGAAGTAGTGCG-1",0
"TCAACGACACCAGGCT-1",1
"TCAACGACATGCCTTC-1",1
"TCAACGAGTTACCAGT-1",0
"TCAACGAGTTCCATGA-1",0
"TCAACGAGTTCTGGTA-1",0
"TCAACGATCAGTCCCT-1",2
"TCAACGATCTGTGCAA-1",2
"TCAATCTAGATCCCGC-1",3
"TCAATCTCACAAGCCC-1",0
"TCAATCTCACAGCCCA-1",2
"TCAATCTCATGACGGA-1",0
"TCAATCTCATTTGCTT-1",2
"TCAATCTGTAGTGAAT-1",1
"TCAATCTGTTAGATGA-1",5
"TCAATCTTCAGATAAG-1",0
"TCAATCTTCATGTCCC-1",0
"TCACAAGAGACTGGGT-1",0
"TCACAAGAGAGAGCTC-1",3
"TCACAAGAGGCCCTCA-1",3
"TCACAAGAGGTGGGTT-1",0
"TCACAAGAGTAGATGT-1",0
"TCACAAGCAGTATGCT-1",1
"TCACAAGCATAACCTG-1",0
"TCACAAGCATGACATC-1",1
"TCACAAGGTCAGATAA-1",1
"TCACAAGGTGTGGTTT-1",0
"TCACAAGTCATCATTC-1",0
"TCACAAGTCATGCATG-1",0
"TCACGAAAGCTCCTTC-1",1
"TCACGAAAGGTGCTTT-1",3
"TCACGAAAGTCTCGGC-1",0
"TCACGAACACAAGACG-1",0
"TCACGAACACTGTCGG-1",1
"TCACGAAGTGGTCCGT-1",0
"TCACGAAGTTGGTGGA-1",2
"TCACGAATCATGCAAC-1",2
"TCACGAATCCCGACTT-1",2
"TCACGAATCCTCGCAT-1",0
"TCACGAATCGTCACGG-1",8
"TCAGATGAGGTGCACA-1",1
"TCAGATGGTCTTGTCC-1",0
"TCAGATGGTGCCTGCA-1",0
"TCAGATGGTGCTGTAT-1",0
"TCAGATGTCAGTTTGG-1",2
"TCAGATGTCGCATGAT-1",1
"TCAGATGTCTCCTATA-1",0
"TCAGCAAAGGAGTCTG-1",0
"TCAGCAAAGGCTCATT-1",1
"TCAGCAAAGTACGACG-1",4
"TCAGCAAAGTGGCACA-1",1
"TCAGCAACACGCATCG-1",5
"TCAGCAAGTACCGGCT-1",1
"TCAGCAATCAGCGATT-1",0
"TCAGCAATCGGAAACG-1",0
"TCAGCAATCTTCAACT-1",0
"TCAGCTCAGGTGTTAA-1",2
"TCAGCTCAGTATGACA-1",1
"TCAGCTCCAATCTGCA-1",1
"TCAGCTCCACGGTTTA-1",1
"TCAGCTCGTAATAGCA-1",1
"TCAGCTCGTCCGTCAG-1",4
"TCAGCTCGTTCACGGC-1",4
"TCAGCTCTCACGATGT-1",0
"TCAGCTCTCATGCATG-1",1
"TCAGCTCTCCTAAGTG-1",0
"TCAGCTCTCTCGTATT-1",0
"TCAGGATAGACAGAGA-1",3
"TCAGGATAGATATGGT-1",4
"TCAGGATCAAACGTGG-1",0
"TCAGGATCAAGTTCTG-1",0
"TCAGGATCACGGTGTC-1",1
"TCAGGATCACTGTGTA-1",0
"TCAGGATCAGCATACT-1",1
"TCAGGATCATCTGGTA-1",0
"TCAGGATGTAAGCACG-1",2
"TCAGGATGTGGCCCTA-1",1
"TCAGGATTCCGATATG-1",0
"TCAGGATTCTCGATGA-1",0
"TCAGGTAAGATGGCGT-1",0
"TCAGGTAAGTGTTTGC-1",0
"TCAGGTACACAAGTAA-1",2
"TCAGGTACACAGAGGT-1",0
"TCAGGTACAGCTGCTG-1",2
"TCAGGTAGTAAACGCG-1",3
"TCATTACAGAAACCAT-1",0
"TCATTACAGGAGTTGC-1",2
"TCATTACAGTTGCAGG-1",1
"TCATTACCACATCCAA-1",3
"TCATTACCAGTCAGCC-1",0
"TCATTACGTACGCACC-1",1
"TCATTACGTCTAGAGG-1",0
"TCATTACGTGAAGGCT-1",2
"TCATTACGTTCTGTTT-1",0
"TCATTACTCATCGATG-1",0
"TCATTTGAGCCAGTTT-1",2
"TCATTTGCACGTCTCT-1",1
"TCATTTGCAGTTAACC-1",1
"TCATTTGTCCAGAGGA-1",2
"TCATTTGTCCCTTGCA-1",1
"TCATTTGTCCGTCAAA-1",1
"TCATTTGTCGCTAGCG-1",1
"TCATTTGTCGTACGGC-1",0
"TCATTTGTCTCTGCTG-1",2
"TCCACACCAAAGAATC-1",0
"TCCACACCACGCCAGT-1",0
"TCCACACGTACAGCAG-1",3
"TCCACACGTAGCCTAT-1",7
"TCCACACGTCATCGGC-1",0
"TCCACACGTGACCAAG-1",0
"TCCACACGTGCGAAAC-1",0
"TCCACACTCAACACCA-1",3
"TCCACACTCCAGTATG-1",2
"TCCACACTCCCATTTA-1",1
"TCCACACTCGAACTGT-1",0
"TCCCGATAGAAGAAGC-1",2
"TCCCGATAGCACAGGT-1",4
"TCCCGATAGCCGGTAA-1",6
"TCCCGATCAAGGTTCT-1",1
"TCCCGATCAGCCAATT-1",1
"TCCCGATCATCCAACA-1",2
"TCCCGATGTAAGGATT-1",0
"TCCCGATGTCAATACC-1",0
"TCCCGATTCAGAAATG-1",0
"TCCCGATTCAGTCCCT-1",0
"TCCCGATTCATCTGTT-1",0
"TCCCGATTCCCTAATT-1",0
"TCCCGATTCTGGAGCC-1",1
"TCGAGGCAGCGATGAC-1",4
"TCGAGGCAGTGTTTGC-1",3
"TCGAGGCCAAAGAATC-1",3
"TCGAGGCCAAGTTCTG-1",0
"TCGAGGCCAGTAACGG-1",2
"TCGAGGCGTATATCCG-1",1
"TCGAGGCTCGCAAGCC-1",1
"TCGAGGCTCTTGAGAC-1",0
"TCGAGGCTCTTTCCTC-1",0
"TCGCGAGAGACAAAGG-1",3
"TCGCGAGAGTGAATTG-1",3
"TCGCGAGCAAGCGTAG-1",0
"TCGCGAGCACCGAATT-1",2
"TCGCGAGCAGTAAGAT-1",1
"TCGCGAGTCCACGAAT-1",1
"TCGCGAGTCTAGCACA-1",0
"TCGCGAGTCTCTAGGA-1",4
"TCGCGAGTCTTCATGT-1",0
"TCGCGTTAGTGGGCTA-1",0
"TCGCGTTCACAGGCCT-1",0
"TCGCGTTCATCACAAC-1",0
"TCGCGTTCATCTCGCT-1",0
"TCGCGTTGTTCACCTC-1",1
"TCGCGTTTCAAGATCC-1",1
"TCGCGTTTCAGGTAAA-1",3
"TCGCGTTTCATTCACT-1",0
"TCGCGTTTCCTGTACC-1",1
"TCGCGTTTCGCCCTTA-1",2
"TCGGGACCACACATGT-1",0
"TCGGGACTCCTTGCCA-1",4
"TCGGGACTCTGCGGCA-1",0
"TCGGGACTCTTGTCAT-1",2
"TCGGTAAAGACAGGCT-1",1
"TCGGTAAAGCTCAACT-1",0
"TCGGTAACAAGCTGAG-1",0
"TCGGTAACAGGAATGC-1",3
"TCGGTAAGTATATGGA-1",0
"TCGGTAAGTCTAGTCA-1",0
"TCGGTAATCCCGGATG-1",0
"TCGTACCAGCAGGCTA-1",5
"TCGTACCAGTTTCCTT-1",1
"TCGTACCGTTTGCATG-1",3
"TCGTACCTCGGGAGTA-1",0
"TCGTAGAAGCTAACTC-1",1
"TCGTAGAAGGCGACAT-1",1
"TCGTAGAAGGGAACGG-1",2
"TCGTAGAAGTCCATAC-1",1
"TCGTAGACAATCCAAC-1",0
"TCGTAGACACTCAGGC-1",0
"TCGTAGAGTATGAATG-1",0
"TCGTAGAGTGAGCGAT-1",0
"TCGTAGAGTGTGTGCC-1",2
"TCGTAGAGTTCAACCA-1",0
"TCGTAGAGTTCCATGA-1",2
"TCGTAGATCCAAGCCG-1",0
"TCGTAGATCTTAGCCC-1",1
"TCTATTGAGCGATTCT-1",3
"TCTATTGAGTGCCATT-1",3
"TCTATTGCACATCTTT-1",2
"TCTATTGGTAAGTGTA-1",2
"TCTATTGGTCCAACTA-1",0
"TCTATTGGTCTGCCAG-1",0
"TCTATTGGTTGCTCCT-1",1
"TCTATTGTCGGCGCTA-1",0
"TCTCATAAGCTAAACA-1",0
"TCTCATAAGCTAGTCT-1",0
"TCTCATAAGTGCCATT-1",1
"TCTCATAGTACCGGCT-1",0
"TCTCATAGTGTAAGTA-1",0
"TCTCATATCAAGCCTA-1",1
"TCTCATATCACCTTAT-1",0
"TCTCATATCCTGTACC-1",3
"TCTCTAAAGACCGGAT-1",0
"TCTCTAAAGGGTGTTG-1",1
"TCTCTAACAGCCTATA-1",1
"TCTCTAAGTCCAGTAT-1",1
"TCTCTAAGTCCATGAT-1",0
"TCTCTAAGTCTCATCC-1",0
"TCTCTAAGTGGAAAGA-1",2
"TCTCTAATCAAACCAC-1",0
"TCTCTAATCAACGCTA-1",0
"TCTCTAATCACAGGCC-1",1
"TCTCTAATCACATACG-1",5
"TCTCTAATCCGTAGGC-1",1
"TCTCTAATCGTATCAG-1",0
"TCTGAGACAAACCTAC-1",1
"TCTGAGACACGGATAG-1",0
"TCTGAGACAGAGTGTG-1",2
"TCTGAGAGTAAGGGAA-1",6
"TCTGAGATCCTTGACC-1",1
"TCTGAGATCTATCCTA-1",0
"TCTGGAAAGCGATGAC-1",1
"TCTGGAAAGCTAGTTC-1",0
"TCTGGAAAGCTCTCGG-1",2
"TCTGGAAAGGAGCGAG-1",1
"TCTGGAACACAAGACG-1",1
"TCTGGAACACACTGCG-1",2
"TCTGGAACACTTCTGC-1",1
"TCTGGAAGTGAGTATA-1",1
"TCTGGAATCTGTCTAT-1",0
"TCTTCGGAGGTTCCTA-1",1
"TCTTCGGAGTTCGATC-1",0
"TCTTCGGCAAAGCAAT-1",0
"TCTTCGGCAAAGGTGC-1",1
"TCTTCGGCAATAGCAA-1",0
"TCTTCGGCAATGTAAG-1",0
"TCTTCGGCACACCGAC-1",0
"TCTTCGGCAGCCAATT-1",2
"TCTTCGGGTCATTAGC-1",1
"TCTTCGGTCGTAGGTT-1",1
"TCTTCGGTCTCTAAGG-1",2
"TCTTTCCAGAGAGCTC-1",2
"TCTTTCCAGTCATCCA-1",0
"TCTTTCCCATCTCCCA-1",0
"TCTTTCCGTAATCACC-1",1
"TCTTTCCGTAGTACCT-1",1
"TCTTTCCTCACAACGT-1",0
"TCTTTCCTCAGCTGGC-1",2
"TCTTTCCTCCAAGTAC-1",2
"TCTTTCCTCCTCGCAT-1",2
"TGAAAGAAGCTAAGAT-1",2
"TGAAAGACAAGCCGTC-1",2
"TGAAAGACACATTCGA-1",0
"TGAAAGACATGAGCGA-1",5
"TGAAAGAGTCTAGCGC-1",2
"TGAAAGAGTCTCATCC-1",0
"TGAAAGATCCCGACTT-1",3
"TGAAAGATCTATGTGG-1",1
"TGACAACCAAGCGAGT-1",0
"TGACAACGTAGGGACT-1",1
"TGACAACGTGCGCTTG-1",3
"TGACAACGTGGTTTCA-1",0
"TGACAACTCACAAACC-1",1
"TGACAACTCCACGTGG-1",0
"TGACAACTCGAATGCT-1",4
"TGACGGCAGCGCCTCA-1",0
"TGACGGCAGGCTCAGA-1",1
"TGACGGCAGTCAAGCG-1",1
"TGACGGCCACAGACTT-1",1
"TGACGGCGTCATCCCT-1",2
"TGACGGCTCAGGCGAA-1",0
"TGACGGCTCCACTGGG-1",3
"TGACTAGAGACCCACC-1",2
"TGACTAGAGGGCATGT-1",0
"TGACTAGAGTCTCAAC-1",0
"TGACTAGAGTTGAGAT-1",0
"TGACTAGCAGCATACT-1",1
"TGACTAGCAGTCAGAG-1",0
"TGACTAGCATTTCACT-1",0
"TGACTAGGTAAATACG-1",0
"TGACTAGGTGAAAGAG-1",2
"TGACTAGGTGCAGTAG-1",0
"TGACTAGTCATGCATG-1",0
"TGACTAGTCCATGCTC-1",0
"TGACTAGTCTGTTGAG-1",2
"TGACTTTAGAACAATC-1",0
"TGACTTTAGTCTCGGC-1",1
"TGACTTTAGTTAGGTA-1",0
"TGACTTTCAGTCCTTC-1",0
"TGACTTTCATTATCTC-1",3
"TGACTTTGTCACACGC-1",0
"TGACTTTTCCTCAATT-1",1
"TGACTTTTCTGCCCTA-1",0
"TGAGAGGAGGCTCATT-1",4
"TGAGAGGCAAAGTCAA-1",2
"TGAGAGGCAAGCCATT-1",1
"TGAGAGGCACCATGTA-1",0
"TGAGAGGGTCACTGGC-1",0
"TGAGAGGGTCTAAACC-1",1
"TGAGAGGTCGAACTGT-1",0
"TGAGAGGTCGCGTTTC-1",0
"TGAGAGGTCTGACCTC-1",1
"TGAGCATAGAAACGAG-1",1
"TGAGCATAGAAGCCCA-1",0
"TGAGCATAGATGTCGG-1",0
"TGAGCATAGGAATGGA-1",0
"TGAGCATCACCAGGCT-1",3
"TGAGCATCAGATGAGC-1",1
"TGAGCATCAGCGTAAG-1",5
"TGAGCATCAGCTGTAT-1",1
"TGAGCATGTGGCCCTA-1",1
"TGAGCATTCCACGTTC-1",1
"TGAGCATTCCGATATG-1",1
"TGAGCATTCGGCCGAT-1",0
"TGAGCCGCATCGGGTC-1",0
"TGAGCCGGTCGAACAG-1",1
"TGAGCCGGTGTAATGA-1",0
"TGAGCCGGTTGATTCG-1",1
"TGAGCCGTCATCTGCC-1",1
"TGAGCCGTCGTCACGG-1",3
"TGAGCCGTCTTGAGGT-1",2
"TGAGGGAAGAGACTAT-1",0
"TGAGGGAAGGAGTACC-1",0
"TGAGGGAAGTCATCCA-1",0
"TGAGGGAAGTCATGCT-1",0
"TGAGGGACACCAGTTA-1",0
"TGAGGGACATAAGACA-1",0
"TGAGGGAGTAAACGCG-1",0
"TGAGGGAGTTAGGGTG-1",2
"TGAGGGATCAACGGGA-1",1
"TGAGGGATCTAGCACA-1",0
"TGAGGGATCTCTTATG-1",4
"TGATTTCCATCCGGGT-1",0
"TGATTTCGTAGGCATG-1",1
"TGATTTCGTTAAGACA-1",1
"TGATTTCTCTGATTCT-1",1
"TGCACCTAGACCTTTG-1",0
"TGCACCTAGGACGAAA-1",0
"TGCACCTCAAGTTGTC-1",0
"TGCACCTCAATAGAGT-1",0
"TGCACCTCATCCGGGT-1",1
"TGCACCTGTAATCACC-1",0
"TGCACCTGTCACACGC-1",0
"TGCACCTTCACGGTTA-1",1
"TGCACCTTCATCGGAT-1",0
"TGCACCTTCCGCGGTA-1",0
"TGCACCTTCGAACTGT-1",2
"TGCACCTTCTCTTGAT-1",0
"TGCCAAACAATGTAAG-1",4
"TGCCAAACAATTCCTT-1",0
"TGCCAAAGTTCGCGAC-1",0
"TGCCAAATCCAAACTG-1",1
"TGCCAAATCCCTGACT-1",0
"TGCCAAATCGGCGGTT-1",2
"TGCCCATAGACTAGGC-1",1
"TGCCCATAGCGTCAAG-1",0
"TGCCCATAGCGTGAAC-1",1
"TGCCCATAGCTGTTCA-1",2
"TGCCCATAGGATGGAA-1",1
"TGCCCATAGTACGCCC-1",1
"TGCCCATAGTTGAGTA-1",1
"TGCCCATCACCAGGTC-1",0
"TGCCCATCACGAAATA-1",0
"TGCCCATCAGGACGTA-1",0
"TGCCCATCATGGAATA-1",0
"TGCCCATCATGGATGG-1",0
"TGCCCATGTAGCCTCG-1",0
"TGCCCATTCAAACCGT-1",1
"TGCCCATTCAGGCCCA-1",2
"TGCCCATTCCTTCAAT-1",0
"TGCCCATTCGGAAATA-1",0
"TGCCCTAAGGTCGGAT-1",0
"TGCCCTAAGGTTCCTA-1",0
"TGCCCTACACCACCAG-1",6
"TGCCCTACAGCCACCA-1",1
"TGCCCTACAGTGAGTG-1",0
"TGCCCTAGTCCGAGTC-1",0
"TGCCCTAGTGGTTTCA-1",0
"TGCCCTAGTTTCGCTC-1",1
"TGCCCTATCGACGGAA-1",2
"TGCCCTATCTTCGGTC-1",3
"TGCGCAGAGACTAGGC-1",0
"TGCGCAGAGCACACAG-1",0
"TGCGCAGAGCGTCTAT-1",1
"TGCGCAGAGGAGCGAG-1",2
"TGCGCAGCAAACGTGG-1",0
"TGCGCAGCAGCTCGCA-1",2
"TGCGCAGCAGTAGAGC-1",0
"TGCGCAGTCCTACAGA-1",2
"TGCGGGTAGAGACTTA-1",2
"TGCGGGTAGATCGATA-1",3
"TGCGGGTAGCTCTCGG-1",1
"TGCGGGTAGGTGTGGT-1",1
"TGCGGGTAGTACTTGC-1",0
"TGCGGGTCAATGGAAT-1",1
"TGCGGGTCACACGCTG-1",0
"TGCGGGTCATTGGGCC-1",0
"TGCGGGTGTAGAAAGG-1",0
"TGCGGGTGTCACCTAA-1",1
"TGCGGGTGTCAGATAA-1",0
"TGCGGGTGTTAGAACA-1",1
"TGCGGGTTCAGTTCGA-1",1
"TGCGGGTTCGTAGATC-1",0
"TGCGGGTTCTCTTGAT-1",0
"TGCGTGGAGACGCAAC-1",2
"TGCGTGGAGACTGGGT-1",1
"TGCGTGGAGTGAACGC-1",0
"TGCGTGGCAATTCCTT-1",0
"TGCGTGGGTGCACCAC-1",0
"TGCGTGGTCCGCGCAA-1",1
"TGCGTGGTCGCCCTTA-1",0
"TGCGTGGTCTGGCGAC-1",1
"TGCTACCAGAAAGTGG-1",1
"TGCTACCAGATGGCGT-1",0
"TGCTACCAGCAAATCA-1",0
"TGCTACCAGTCCGTAT-1",1
"TGCTACCCAAGAGGCT-1",0
"TGCTACCCACTTAACG-1",0
"TGCTACCCATCGTCGG-1",0
"TGCTACCCATGGTTGT-1",2
"TGCTACCGTGTGACGA-1",1
"TGCTACCTCCTCGCAT-1",2
"TGCTACCTCTTCTGGC-1",1
"TGCTGCTAGACTAAGT-1",0
"TGCTGCTAGGTGATAT-1",0
"TGCTGCTCAATAGAGT-1",1
"TGCTGCTCACAGACAG-1",0
"TGCTGCTCATCCCATC-1",0
"TGCTGCTCATGGTTGT-1",5
"TGCTGCTGTCATACTG-1",0
"TGCTGCTGTGAAGGCT-1",2
"TGCTGCTTCATTGCGA-1",0
"TGGACGCAGAGGTACC-1",0
"TGGACGCAGTCAAGGC-1",1
"TGGACGCCACAGAGGT-1",2
"TGGACGCCATGGTAGG-1",1
"TGGACGCGTCCGAACC-1",3
"TGGACGCGTCTCCCTA-1",1
"TGGCCAGAGAAGGTGA-1",0
"TGGCCAGAGAGTACAT-1",3
"TGGCCAGAGGCGATAC-1",0
"TGGCCAGAGGCGTACA-1",0
"TGGCCAGCAACTGCGC-1",4
"TGGCCAGCACGACTCG-1",0
"TGGCCAGGTCAATACC-1",0
"TGGCCAGTCGTAGATC-1",0
"TGGCCAGTCTATCCCG-1",3
"TGGCGCAAGCTACCTA-1",1
"TGGCGCAAGCTATGCT-1",0
"TGGCGCAAGTGTGGCA-1",2
"TGGCGCAAGTTACCCA-1",1
"TGGCGCACACAGGCCT-1",0
"TGGCGCACACGGATAG-1",2
"TGGCGCACAGCGATCC-1",0
"TGGCGCACATAGGATA-1",0
"TGGCGCACATATACGC-1",0
"TGGCGCAGTACTCTCC-1",3
"TGGCGCAGTGGACGAT-1",0
"TGGCGCAGTTATGTGC-1",5
"TGGCGCATCAAGAAGT-1",0
"TGGCGCATCATGCTCC-1",0
"TGGCGCATCATGTGGT-1",0
"TGGCGCATCATTATCC-1",0
"TGGCGCATCGTGGTCG-1",1
"TGGCTGGAGCGGATCA-1",1
"TGGCTGGAGTGCAAGC-1",2
"TGGCTGGCAAGTTAAG-1",0
"TGGCTGGCACGGATAG-1",2
"TGGCTGGCAGGAACGT-1",0
"TGGCTGGGTCGAGTTT-1",0
"TGGCTGGGTCGGCATC-1",0
"TGGCTGGGTCTAGCCG-1",5
"TGGCTGGGTTACGCGC-1",3
"TGGCTGGGTTGGACCC-1",0
"TGGCTGGTCTCGTTTA-1",1
"TGGGAAGAGATATACG-1",0
"TGGGAAGAGCCCAATT-1",0
"TGGGAAGAGCGCTCCA-1",3
"TGGGAAGAGGGCTTCC-1",1
"TGGGAAGAGTAAGTAC-1",4
"TGGGAAGAGTTAACGA-1",4
"TGGGAAGCAAGGTGTG-1",0
"TGGGAAGCAGATCCAT-1",1
"TGGGAAGCAGCGAACA-1",0
"TGGGAAGGTAAGTTCC-1",2
"TGGGAAGGTTAGATGA-1",1
"TGGGAAGGTTATTCTC-1",1
"TGGGAAGTCCCAAGAT-1",2
"TGGGAAGTCCTTCAAT-1",1
"TGGGAAGTCGTGGACC-1",1
"TGGGAAGTCTCCTATA-1",0
"TGGGCGTAGTCTCCTC-1",0
"TGGGCGTCAGACGTAG-1",1
"TGGGCGTCAGGGATTG-1",2
"TGGGCGTGTCCAAGTT-1",0
"TGGGCGTGTCTAGAGG-1",1
"TGGGCGTGTGGCTCCA-1",1
"TGGGCGTGTTTCGCTC-1",0
"TGGGCGTTCAGCTTAG-1",0
"TGGTTAGAGCTACCTA-1",0
"TGGTTAGAGTTAGGTA-1",2
"TGGTTAGGTGATGATA-1",0
"TGGTTAGGTTCACGGC-1",2
"TGGTTAGTCCCGACTT-1",1
"TGGTTAGTCTTGTATC-1",3
"TGGTTCCAGCCGTCGT-1",3
"TGGTTCCAGTAATCCC-1",0
"TGGTTCCCAAGTTGTC-1",1
"TGGTTCCCAGACAAAT-1",0
"TGGTTCCCAGACAGGT-1",1
"TGGTTCCCAGCTCGAC-1",1
"TGGTTCCCATGTCCTC-1",0
"TGGTTCCCATTTCACT-1",0
"TGGTTCCGTCCAAGTT-1",2
"TGGTTCCTCACATACG-1",0
"TGGTTCCTCAGCTTAG-1",1
"TGGTTCCTCTAACTTC-1",0
"TGGTTCCTCTAGAGTC-1",1
"TGGTTCCTCTGGGCCA-1",1
"TGTATTCAGCCCGAAA-1",3
"TGTATTCAGCGATCCC-1",0
"TGTATTCCAGGGCATA-1",0
"TGTATTCGTAAGAGAG-1",3
"TGTATTCGTTTGTTTC-1",3
"TGTATTCTCAGCATGT-1",1
"TGTATTCTCATCTGTT-1",1
"TGTCCCAAGCAGATCG-1",3
"TGTCCCAAGCTAGTTC-1",0
"TGTCCCAAGCTGAACG-1",3
"TGTCCCAAGTTGTCGT-1",1
"TGTCCCACAGTAAGCG-1",0
"TGTCCCACATCACGTA-1",3
"TGTCCCAGTAAGAGGA-1",0
"TGTCCCAGTAAGTGGC-1",5
"TGTCCCAGTCGGATCC-1",4
"TGTCCCAGTCTCTTTA-1",1
"TGTCCCATCATTTGGG-1",0
"TGTCCCATCTGCAAGT-1",0
"TGTCCCATCTGCGTAA-1",0
"TGTGGTAGTCCCGACA-1",0
"TGTGGTAGTGTGAAAT-1",0
"TGTGGTAGTGTGACGA-1",0
"TGTGGTATCCAGGGCT-1",0
"TGTGGTATCTTGCATT-1",0
"TGTGTTTAGAGGTTAT-1",0
"TGTGTTTAGCGTGAGT-1",3
"TGTGTTTAGTGCGTGA-1",2
"TGTGTTTCATGCGCAC-1",2
"TGTGTTTTCTCATTCA-1",1
"TGTGTTTTCTTTCCTC-1",0
"TGTTCCGAGAGCAATT-1",0
"TGTTCCGAGCAACGGT-1",1
"TGTTCCGAGGAATTAC-1",2
"TGTTCCGAGGACTGGT-1",2
"TGTTCCGCAGTGAGTG-1",1
"TGTTCCGGTGAGTATA-1",4
"TGTTCCGTCAAGCCTA-1",3
"TGTTCCGTCAGTTCGA-1",0
"TGTTCCGTCGGCGGTT-1",1
"TGTTCCGTCTGAAAGA-1",1
"TGTTCCGTCTGGTATG-1",0
"TTAACTCAGTGTACGG-1",1
"TTAACTCCAAGCGCTC-1",0
"TTAACTCCAGGCAGTA-1",1
"TTAACTCGTTCCACAA-1",0
"TTAACTCTCATAAAGG-1",1
"TTAACTCTCCCTCAGT-1",0
"TTAGGACAGCAGGCTA-1",0
"TTAGGACAGCTCTCGG-1",2
"TTAGGACCAAGCCATT-1",0
"TTAGGACCAGTCAGAG-1",0
"TTAGGACGTTTGTTTC-1",0
"TTAGGCAAGAAGATTC-1",2
"TTAGGCAAGAGCCCAA-1",0
"TTAGGCAAGAGTGACC-1",0
"TTAGGCAAGGTTCCTA-1",2
"TTAGGCAAGTCGTTTG-1",1
"TTAGGCAAGTGTACCT-1",0
"TTAGGCACAGACGCTC-1",0
"TTAGGCACATGTTCCC-1",0
"TTAGGCAGTAAGGATT-1",0
"TTAGGCAGTAAGTAGT-1",0
"TTAGGCAGTCTTGATG-1",0
"TTAGGCATCACGCATA-1",2
"TTAGGCATCAGTCAGT-1",0
"TTAGGCATCCAGTATG-1",0
"TTAGGCATCGTTACGA-1",0
"TTAGTTCAGGTGCAAC-1",0
"TTAGTTCCAATGTAAG-1",0
"TTAGTTCCATCCTTGC-1",0
"TTAGTTCGTAGCCTAT-1",0
"TTAGTTCGTGCAGACA-1",0
"TTAGTTCGTGTCAATC-1",0
"TTAGTTCGTTGCCTCT-1",0
"TTAGTTCTCAGGCCCA-1",1
"TTAGTTCTCGCAGGCT-1",0
"TTAGTTCTCTACTATC-1",0
"TTATGCTAGAATGTGT-1",0
"TTATGCTAGCACACAG-1",1
"TTATGCTAGCAGCCTC-1",0
"TTATGCTAGTCCCACG-1",0
"TTATGCTAGTGGTAAT-1",0
"TTATGCTCAGCCAGAA-1",0
"TTATGCTCATACCATG-1",3
"TTATGCTCATGTAGTC-1",0
"TTATGCTGTCCGAGTC-1",1
"TTATGCTTCGATAGAA-1",5
"TTCCCAGAGAATTCCC-1",1
"TTCCCAGAGACTAGAT-1",0
"TTCCCAGAGTATCGAA-1",0
"TTCCCAGCAGATGGGT-1",1
"TTCCCAGCATCAGTAC-1",6
"TTCCCAGCATCTCCCA-1",4
"TTCCCAGCATTACCTT-1",0
"TTCCCAGTCAACACTG-1",2
"TTCCCAGTCGAGAGCA-1",0
"TTCGAAGAGTCTCAAC-1",1
"TTCGAAGCAAGCGCTC-1",4
"TTCGAAGCACATTAGC-1",1
"TTCGAAGCACGGTGTC-1",0
"TTCGGTCAGAGGACGG-1",2
"TTCGGTCAGCACACAG-1",1
"TTCGGTCAGGCCCTCA-1",0
"TTCGGTCAGTGAATTG-1",3
"TTCGGTCAGTTGAGAT-1",2
"TTCGGTCCAAGGGTCA-1",0
"TTCGGTCCACGTCAGC-1",1
"TTCGGTCGTAACGTTC-1",1
"TTCGGTCGTAGAGTGC-1",0
"TTCGGTCGTTCATGGT-1",0
"TTCGGTCGTTCTGTTT-1",3
"TTCGGTCTCAAAGACA-1",1
"TTCGGTCTCCAGTATG-1",0
"TTCGGTCTCGCGTTTC-1",0
"TTCGGTCTCGTCTGAA-1",1
"TTCTACAAGACTAAGT-1",2
"TTCTACAAGCAGCCTC-1",1
"TTCTACAAGCCTTGAT-1",0
"TTCTACAAGGCAGGTT-1",0
"TTCTACAAGGTAAACT-1",1
"TTCTACAAGTTAGGTA-1",3
"TTCTACACACGTGAGA-1",0
"TTCTACACAGCTGTTA-1",1
"TTCTACACATCGATTG-1",2
"TTCTACACATTACGAC-1",2
"TTCTACAGTACCGTTA-1",0
"TTCTACAGTATATGAG-1",1
"TTCTACAGTGGCTCCA-1",3
"TTCTACATCAACGGGA-1",2
"TTCTACATCCGCGTTT-1",2
"TTCTCAAAGAAAGTGG-1",2
"TTCTCAAAGAATCTCC-1",0
"TTCTCAAAGAGGTTAT-1",0
"TTCTCAAAGCAGCCTC-1",2
"TTCTCAAAGCCGCCTA-1",0
"TTCTCAAAGTCAATAG-1",2
"TTCTCAAAGTTGAGAT-1",0
"TTCTCAACACCCAGTG-1",0
"TTCTCAACATTGTGCA-1",1
"TTCTCAAGTATAAACG-1",3
"TTCTCAAGTCCCTTGT-1",1
"TTCTCAAGTCGAGATG-1",0
"TTCTCAATCATCGCTC-1",3
"TTCTCAATCCCTAACC-1",6
"TTCTCAATCGTAGGAG-1",0
"TTCTCCTAGAGTAAGG-1",3
"TTCTCCTAGCGACGTA-1",1
"TTCTCCTAGCGTGAGT-1",2
"TTCTCCTAGTCTCGGC-1",0
"TTCTCCTCAACACGCC-1",2
"TTCTCCTCAATAACGA-1",1
"TTCTCCTGTTAAGAAC-1",0
"TTCTCCTTCAGTTCGA-1",1
"TTCTCCTTCCGTAGGC-1",2
"TTCTCCTTCCTTTCTC-1",2
"TTCTCCTTCTGCAAGT-1",0
"TTCTCCTTCTTCAACT-1",0
"TTCTCCTTCTTGTACT-1",0
"TTCTTAGAGGACTGGT-1",1
"TTCTTAGCAAGGTGTG-1",0
"TTCTTAGCATCGGAAG-1",1
"TTCTTAGGTAGAAGGA-1",0
"TTCTTAGGTCATATGC-1",0
"TTCTTAGTCAGTTCGA-1",1
"TTGAACGGTCACTTCC-1",2
"TTGAACGTCATGTCCC-1",0
"TTGACTTAGCCACGTC-1",1
"TTGACTTAGCGACGTA-1",5
"TTGACTTAGTTAACGA-1",0
"TTGACTTCACTTACGA-1",0
"TTGACTTGTCTCTCTG-1",1
"TTGACTTGTGCGATAG-1",0
"TTGACTTTCCAGAGGA-1",0
"TTGACTTTCTGTCCGT-1",2
"TTGCCGTAGGAGCGTT-1",0
"TTGCCGTAGGTGGGTT-1",2
"TTGCCGTCATGGTCAT-1",1
"TTGCCGTGTACAGACG-1",0
"TTGCGTCAGACAGAGA-1",2
"TTGCGTCAGCTCCTTC-1",3
"TTGCGTCAGTCCATAC-1",2
"TTGCGTCAGTGAATTG-1",1
"TTGCGTCCAAATTGCC-1",1
"TTGCGTCCACTGTGTA-1",2
"TTGCGTCCAGTCACTA-1",0
"TTGCGTCGTCTGATTG-1",2
"TTGGAACAGCCCAATT-1",0
"TTGGAACAGCGTCTAT-1",0
"TTGGAACAGGCGTACA-1",0
"TTGGAACGTATTACCG-1",0
"TTGGAACGTGTGTGCC-1",1
"TTGGAACTCCCATTAT-1",0
"TTGGAACTCCGTAGTA-1",4
"TTGGAACTCGTCCAGG-1",2
"TTGGCAAAGTTAGGTA-1",2
"TTGGCAAGTATAGGTA-1",0
"TTGGCAATCACATGCA-1",0
"TTGGCAATCAGAGCTT-1",0
"TTGGCAATCGCATGAT-1",0
"TTGGCAATCTAGAGTC-1",0
"TTGTAGGAGGTGCTAG-1",1
"TTGTAGGCACACGCTG-1",0
"TTGTAGGGTCTCCCTA-1",0
"TTGTAGGGTGGTAACG-1",6
"TTGTAGGTCGGCGCTA-1",2
"TTGTAGGTCTGCCAGG-1",1
"TTTACTGAGATCACGG-1",0
"TTTACTGCAAAGCAAT-1",0
"TTTACTGCACATGGGA-1",3
"TTTACTGCACCACGTG-1",0
"TTTACTGCATGGGACA-1",2
"TTTACTGCATGTCCTC-1",1
"TTTACTGGTAACGTTC-1",0
"TTTACTGGTGGTGTAG-1",3
"TTTACTGGTTCGCTAA-1",1
"TTTACTGTCTGGAGCC-1",0
"TTTATGCAGACTGTAA-1",0
"TTTATGCAGATGCGAC-1",0
"TTTATGCAGGCAAAGA-1",1
"TTTATGCAGGCCCGTT-1",0
"TTTATGCAGTTCCACA-1",0
"TTTATGCCAAACGCGA-1",1
"TTTATGCCAATCTGCA-1",1
"TTTATGCCACAGGTTT-1",0
"TTTATGCCAGCCAATT-1",2
"TTTATGCCAGGTCGTC-1",1
"TTTATGCCATGGTCAT-1",1
"TTTATGCTCACATAGC-1",2
"TTTATGCTCACCTTAT-1",4
"TTTATGCTCGGCGGTT-1",1
"TTTATGCTCTCGCTTG-1",0
"TTTCCTCAGCGTGAAC-1",2
"TTTCCTCAGGACTGGT-1",1
"TTTCCTCCAAAGTGCG-1",2
"TTTCCTCCAGGAATGC-1",0
"TTTCCTCCATTAGCCA-1",1
"TTTCCTCGTCCGAAGA-1",3
"TTTCCTCGTCGCTTTC-1",2
"TTTCCTCTCGGCCGAT-1",2
"TTTCCTCTCGTGTAGT-1",0
"TTTGCGCAGCTAAACA-1",2
"TTTGCGCAGCTAGTCT-1",2
"TTTGCGCAGGCCGAAT-1",0
"TTTGCGCAGTCAAGGC-1",1
"TTTGCGCCAAGTAGTA-1",1
"TTTGCGCCAGGTGCCT-1",2
"TTTGCGCGTCTAAACC-1",1
"TTTGCGCTCAAAGTAG-1",1
"TTTGCGCTCATGTAGC-1",0
"TTTGGTTAGAATGTGT-1",0
"TTTGGTTAGACAATAC-1",1
"TTTGGTTAGCGATTCT-1",0
"TTTGGTTAGGCTCAGA-1",0
"TTTGGTTAGTTACCCA-1",1
"TTTGGTTCAAACTGCT-1",2
"TTTGGTTCAAGCTGTT-1",0
"TTTGGTTCAGATCGGA-1",5
"TTTGGTTCATCACAAC-1",0
"TTTGGTTGTACTTCTT-1",1
"TTTGGTTGTATGCTTG-1",3
"TTTGGTTGTGCTTCTC-1",0
"TTTGGTTTCATGCTCC-1",1
"TTTGGTTTCCCTGACT-1",0
"TTTGTCAAGAGTCGGT-1",1
"TTTGTCACAAGTTCTG-1",1
"TTTGTCACAAGTTGTC-1",0
"TTTGTCACACTCTGTC-1",1
"TTTGTCATCACCTTAT-1",0
"TTTGTCATCCATTCTA-1",0
"TTTGTCATCCTTAATC-1",0
"TTTGTCATCTTATCTG-1",0
