"cell_barcode","expression"
"AAACCTGAGACAGAGA-1",1
"AAACCTGAGACTTTCG-1",2
"AAACCTGAGAGTAAGG-1",0
"AAACCTGAGAGTCGGT-1",2
"AAACCTGAGGATGGAA-1",0
"AAACCTGAGTAGATGT-1",1
"AAACCTGCAATCAGAA-1",0
"AAACCTGCACCGATAT-1",2
"AAACCTGCAGACGTAG-1",1
"AAACCTGCAGTATCTG-1",0
"AAACCTGCATAGTAAG-1",0
"AAACCTGCATGAACCT-1",0
"AAACCTGGTAAGAGGA-1",2
"AAACCTGGTCCAACTA-1",0
"AAACCTGTCCGTAGTA-1",4
"AAACCTGTCGAGAGCA-1",1
"AAACGGGAGTACGACG-1",0
"AAACGGGCAAGGTTTC-1",0
"AAACGGGCACGTCAGC-1",0
"AAACGGGCAGCGTTCG-1",3
"AAACGGGGTAGCCTCG-1",0
"AAACGGGGTCTACCTC-1",1
"AAACGGGGTGCGGTAA-1",3
"AAACGGGGTTGTCGCG-1",3
"AAACGGGTCCATGAGT-1",1
"AAACGGGTCCCAACGG-1",0
"AAACGGGTCCCATTAT-1",0
"AAAGATGCAGTCAGCC-1",0
"AAAGATGCATCTACGA-1",1
"AAAGCAAAGCGTCTAT-1",0
"AAAGCAACATGTCGAT-1",0
"AAAGCAAGTAGCTGCC-1",3
"AAAGCAAGTAGGCATG-1",1
"AAAGCAAGTGCGCTTG-1",0
"AAAGCAAGTTATTCTC-1",1
"AAAGCAATCCGTAGTA-1",2
"AAAGTAGAGATGTGTA-1",1
"AAAGTAGAGTGGGCTA-1",0
"AAAGTAGGTATATGGA-1",3
"AAAGTAGGTGAGCGAT-1",0
"AAAGTAGGTTGAGGTG-1",1
"AAATGCCAGCCCTAAT-1",3
"AAATGCCAGCGTGTCC-1",1
"AAATGCCCAACACCTA-1",0
"AAATGCCGTAGGAGTC-1",2
"AAATGCCGTCTTTCAT-1",0
"AAATGCCGTGGTCCGT-1",2
"AAATGCCGTTCCCGAG-1",1
"AAATGCCTCATAGCAC-1",1
"AAATGCCTCGCTTAGA-1",0
"AACACGTAGAATTCCC-1",0
"AACACGTAGCCCTAAT-1",3
"AACACGTAGGGTGTGT-1",0
"AACACGTCACTGTCGG-1",1
"AACACGTCATCCCATC-1",2
"AACACGTGTGCAACGA-1",1
"AACACGTGTGTCGCTG-1",2
"AACCATGAGCGCTTAT-1",1
"AACCATGGTCCGTTAA-1",1
"AACCATGTCAGTTCGA-1",0
"AACCATGTCATCGATG-1",1
"AACCATGTCCCAAGTA-1",3
"AACCGCGAGAAGCCCA-1",4
"AACCGCGAGACTGGGT-1",0
"AACCGCGAGAGGTACC-1",0
"AACCGCGAGTTAGGTA-1",0
"AACCGCGAGTTGCAGG-1",0
"AACCGCGCACGGTAGA-1",0
"AACCGCGCAGCATGAG-1",1
"AACCGCGCAGCCTGTG-1",0
"AACCGCGCAGCTGTGC-1",1
"AACCGCGCAGTATGCT-1",0
"AACCGCGGTACTTGAC-1",1
"AACCGCGGTCTGCAAT-1",0
"AACCGCGTCACATGCA-1",1
"AACCGCGTCACCGTAA-1",0
"AACCGCGTCCAGAGGA-1",1
"AACCGCGTCCGAAGAG-1",0
"AACCGCGTCGATCCCT-1",0
"AACGTTGAGCGATAGC-1",1
"AACGTTGAGCGATCCC-1",2
"AACGTTGAGCTTATCG-1",1
"AACGTTGCAAGTTGTC-1",0
"AACGTTGCAATAGAGT-1",1
"AACGTTGCAATGGATA-1",0
"AACGTTGCATGGATGG-1",1
"AACGTTGCATTCTCAT-1",0
"AACGTTGTCAACACGT-1",0
"AACGTTGTCGAGGTAG-1",0
"AACGTTGTCGGTCCGA-1",0
"AACTCAGAGAGCTATA-1",0
"AACTCAGAGAGTCGGT-1",0
"AACTCAGAGCCACCTG-1",0
"AACTCAGAGCCCAATT-1",0
"AACTCAGCAAACAACA-1",0
"AACTCAGCACAAGCCC-1",0
"AACTCAGCACGGTTTA-1",0
"AACTCAGCAGGATCGA-1",2
"AACTCAGCATAAAGGT-1",0
"AACTCAGGTTCCACAA-1",0
"AACTCAGTCGTACCGG-1",1
"AACTCCCAGCCCAGCT-1",0
"AACTCCCAGCTAAGAT-1",1
"AACTCCCCAAACGCGA-1",0
"AACTCCCCATGGTCTA-1",1
"AACTCCCGTTGCGCAC-1",1
"AACTCCCTCAAGAAGT-1",1
"AACTCCCTCAAGCCTA-1",1
"AACTCCCTCATCGCTC-1",0
"AACTCCCTCTGCAGTA-1",1
"AACTCCCTCTGGCGTG-1",1
"AACTCTTAGCAGACTG-1",0
"AACTCTTAGTCCGGTC-1",2
"AACTCTTCATGCTAGT-1",1
"AACTCTTGTCGAATCT-1",0
"AACTCTTGTCGGGTCT-1",1
"AACTCTTTCCTCAATT-1",0
"AACTCTTTCTCAAACG-1",0
"AACTCTTTCTCCAGGG-1",1
"AACTCTTTCTCTGCTG-1",1
"AACTGGTAGAAGATTC-1",0
"AACTGGTAGAGACTAT-1",1
"AACTGGTAGCCAACAG-1",2
"AACTGGTAGTGTACTC-1",0
"AACTGGTCACTGAAGG-1",2
"AACTGGTGTCCGAACC-1",1
"AACTGGTTCGGAGCAA-1",0
"AACTGGTTCGTGGGAA-1",0
"AACTGGTTCTGCTTGC-1",0
"AACTTTCAGCGTGAAC-1",0
"AACTTTCAGTATCTCG-1",1
"AACTTTCAGTTTCCTT-1",1
"AACTTTCCATCCTTGC-1",0
"AACTTTCGTCTAGAGG-1",0
"AACTTTCGTCTCTTTA-1",1
"AACTTTCGTTTGTTTC-1",0
"AAGACCTAGGGCTTCC-1",1
"AAGACCTAGTACACCT-1",0
"AAGACCTGTATATGAG-1",1
"AAGACCTGTATCAGTC-1",0
"AAGACCTGTCCGTGAC-1",1
"AAGACCTGTCGAAAGC-1",0
"AAGACCTTCGCCATAA-1",0
"AAGCCGCAGATCTGAA-1",1
"AAGCCGCAGGGTGTTG-1",0
"AAGCCGCAGTGGACGT-1",0
"AAGCCGCAGTGTACTC-1",0
"AAGCCGCCACGCTTTC-1",0
"AAGCCGCCAGGACGTA-1",1
"AAGCCGCGTACAGTTC-1",2
"AAGCCGCGTCATTAGC-1",1
"AAGCCGCTCACGAAGG-1",0
"AAGCCGCTCAGTTAGC-1",0
"AAGCCGCTCGCAAACT-1",0
"AAGCCGCTCGTCGTTC-1",1
"AAGCCGCTCTTACCGC-1",3
"AAGGAGCAGAAACCGC-1",2
"AAGGAGCAGGCATGTG-1",0
"AAGGAGCAGGCGCTCT-1",1
"AAGGAGCAGTTGAGTA-1",0
"AAGGAGCCACGGCGTT-1",0
"AAGGAGCGTAGCGCAA-1",0
"AAGGAGCGTCTGCAAT-1",0
"AAGGAGCTCGTCTGCT-1",0
"AAGGCAGAGAACTGTA-1",0
"AAGGCAGAGAGATGAG-1",0
"AAGGCAGAGGTGATAT-1",0
"AAGGCAGCATAGTAAG-1",3
"AAGGCAGGTACTTCTT-1",0
"AAGGCAGGTGTGCCTG-1",2
"AAGGCAGTCAGATAAG-1",0
"AAGGCAGTCGGAATCT-1",1
"AAGGTTCAGTATCTCG-1",0
"AAGGTTCCATCACGTA-1",3
"AAGGTTCGTATATGGA-1",1
"AAGGTTCGTCCGAATT-1",1
"AAGGTTCGTCGACTAT-1",2
"AAGGTTCGTGTGACCC-1",4
"AAGGTTCTCCGTCATC-1",0
"AAGGTTCTCCTCGCAT-1",1
"AAGGTTCTCTGCGGCA-1",0
"AAGTCTGAGCCATCGC-1",0
"AAGTCTGAGTCAAGCG-1",0
"AAGTCTGCAAAGGAAG-1",1
"AAGTCTGGTCAGCTAT-1",0
"AAGTCTGTCAAACAAG-1",0
"AAGTCTGTCACTGGGC-1",2
"AAGTCTGTCAGCAACT-1",1
"AATCCAGCAAAGTGCG-1",0
"AATCCAGCAGCATACT-1",2
"AATCCAGGTAGGCATG-1",0
"AATCCAGGTCTCCCTA-1",1
"AATCCAGTCCGAATGT-1",2
"AATCGGTAGGCATGGT-1",4
"AATCGGTTCCTGTACC-1",0
"AATCGGTTCGCCGTGA-1",1
"ACACCAAAGATGAGAG-1",0
"ACACCAAAGCCCTAAT-1",0
"ACACCAAAGGATGGTC-1",1
"ACACCAAAGTGTCCAT-1",1
"ACACCAACACTTCGAA-1",0
"ACACCAACAGACGCTC-1",1
"ACACCAACAGCCTATA-1",1
"ACACCAAGTCGCGTGT-1",3
"ACACCAAGTCTAAACC-1",1
"ACACCAAGTTATGTGC-1",1
"ACACCAATCGCGTTTC-1",0
"ACACCCTAGCCAGGAT-1",3
"ACACCCTAGTACTTGC-1",1
"ACACCCTCAAGCGCTC-1",1
"ACACCCTCATCACAAC-1",2
"ACACCCTCATGCCCGA-1",0
"ACACCCTGTCTGGTCG-1",2
"ACACCCTTCCGCAAGC-1",2
"ACACCCTTCCTTGCCA-1",0
"ACACCCTTCTATCCTA-1",1
"ACACCCTTCTGGCGTG-1",2
"ACACCGGAGGCTCAGA-1",1
"ACACCGGAGTGACATA-1",0
"ACACCGGAGTTACCCA-1",0
"ACACCGGCAAGCCGTC-1",2
"ACACCGGCACCAGATT-1",1
"ACACCGGCACCGAAAG-1",1
"ACACCGGCATCACAAC-1",1
"ACACCGGTCCGCATAA-1",0
"ACACCGGTCTCGGACG-1",0
"ACACCGGTCTCTGTCG-1",0
"ACACTGAAGCACGCCT-1",2
"ACACTGAAGGTGATTA-1",1
"ACACTGACAATAGAGT-1",1
"ACACTGACAGACTCGC-1",1
"ACACTGACATCCAACA-1",0
"ACACTGAGTCCGAAGA-1",1
"ACACTGAGTGTTTGTG-1",0
"ACACTGAGTTTGACTG-1",0
"ACAGCCGAGGAATGGA-1",1
"ACAGCCGAGGCCCGTT-1",2
"ACAGCCGAGGTGCTTT-1",2
"ACAGCCGAGTGGTAGC-1",0
"ACAGCCGCATATACGC-1",0
"ACAGCCGCATGCAACT-1",0
"ACAGCCGGTAGGGTAC-1",0
"ACAGCCGGTCGAATCT-1",1
"ACAGCCGGTTCACCTC-1",1
"ACAGCCGGTTCCACTC-1",1
"ACAGCCGTCCAGAAGG-1",0
"ACAGCCGTCTTTACAC-1",0
"ACAGCTAAGCACCGCT-1",1
"ACAGCTAAGTATCTCG-1",0
"ACAGCTAAGTGTTGAA-1",1
"ACAGCTACATCGTCGG-1",0
"ACAGCTAGTCGACTAT-1",1
"ACAGCTAGTGGTACAG-1",0
"ACAGCTATCACCACCT-1",2
"ACAGCTATCTGCTTGC-1",1
"ACATACGAGAGCTTCT-1",0
"ACATACGAGCGTAGTG-1",1
"ACATACGAGCTTCGCG-1",1
"ACATACGAGCTTTGGT-1",1
"ACATACGCAAACGTGG-1",1
"ACATACGCAAGCCTAT-1",2
"ACATACGCATCTCCCA-1",5
"ACATACGCATTCTCAT-1",0
"ACATACGGTAGGAGTC-1",1
"ACATACGGTGCACCAC-1",3
"ACATACGGTGGTTTCA-1",0
"ACATACGTCGTATCAG-1",0
"ACATCAGAGCCACTAT-1",1
"ACATCAGAGCCTTGAT-1",1
"ACATCAGCAACACCCG-1",3
"ACATCAGCAACGATGG-1",1
"ACATCAGCAATTGCTG-1",2
"ACATCAGCACCGGAAA-1",0
"ACATCAGCATAAAGGT-1",2
"ACATCAGCATCCCACT-1",1
"ACATCAGCATTTGCCC-1",3
"ACATCAGGTAAGGATT-1",0
"ACATCAGGTCCGTGAC-1",3
"ACATCAGGTTAAGTAG-1",2
"ACATCAGTCAAACCGT-1",0
"ACATGGTAGCATGGCA-1",0
"ACATGGTAGCTGTTCA-1",1
"ACATGGTCACTTGGAT-1",0
"ACATGGTGTCAGATAA-1",0
"ACATGGTGTCTGCGGT-1",1
"ACATGGTGTGCAACTT-1",0
"ACATGGTTCCGCAAGC-1",1
"ACATGGTTCCTCCTAG-1",4
"ACATGGTTCTGGAGCC-1",1
"ACATGGTTCTTCTGGC-1",0
"ACCAGTAAGATCACGG-1",1
"ACCAGTAAGCTTCGCG-1",0
"ACCAGTACACAGATTC-1",3
"ACCAGTACACAGGCCT-1",0
"ACCAGTACAGTATGCT-1",0
"ACCAGTACAGTCAGAG-1",0
"ACCAGTACAGTTTACG-1",1
"ACCAGTAGTCACCCAG-1",1
"ACCAGTAGTCCATCCT-1",1
"ACCAGTAGTCTTCAAG-1",0
"ACCAGTAGTGGACGAT-1",1
"ACCAGTATCTGCGACG-1",0
"ACCAGTATCTGCTTGC-1",1
"ACCAGTATCTGTTTGT-1",0
"ACCCACTAGAGGTTAT-1",0
"ACCCACTAGATCCCGC-1",0
"ACCCACTAGATGTGTA-1",2
"ACCCACTAGCCCAATT-1",0
"ACCCACTCAAGGGTCA-1",2
"ACCCACTCAAGGTTCT-1",3
"ACCCACTGTAAATGAC-1",0
"ACCCACTGTAGCCTCG-1",1
"ACCCACTGTCAAAGAT-1",0
"ACCCACTGTCAATACC-1",1
"ACCCACTGTGTGGTTT-1",0
"ACCCACTTCGCAAACT-1",0
"ACCCACTTCTGCCAGG-1",2
"ACCGTAACAATCGGTT-1",0
"ACCGTAACAATCTACG-1",3
"ACCGTAACAGGTCCAC-1",1
"ACCGTAAGTACAGCAG-1",0
"ACCGTAAGTCATGCAT-1",1
"ACCGTAAGTGAGTGAC-1",1
"ACCGTAAGTTAAGAAC-1",0
"ACCGTAAGTTCCGTCT-1",0
"ACCGTAATCACATAGC-1",1
"ACCGTAATCATGTGGT-1",1
"ACCGTAATCTGAAAGA-1",1
"ACCTTTACAATCGGTT-1",1
"ACCTTTACACGGACAA-1",0
"ACCTTTACAGCAGTTT-1",1
"ACCTTTACATGCAACT-1",1
"ACCTTTACATTTCAGG-1",0
"ACCTTTAGTGAACCTT-1",0
"ACCTTTAGTTCCACTC-1",1
"ACCTTTATCTCTAGGA-1",0
"ACGAGCCAGGCAGGTT-1",0
"ACGAGCCCACAGGCCT-1",1
"ACGAGCCCATGGAATA-1",1
"ACGAGCCGTGCACGAA-1",1
"ACGAGCCGTGTGACCC-1",0
"ACGAGCCGTTGGTTTG-1",0
"ACGAGCCTCAGTCCCT-1",0
"ACGAGCCTCGCAAACT-1",1
"ACGAGGACACTACAGT-1",1
"ACGAGGACATGTAGTC-1",3
"ACGAGGAGTACACCGC-1",1
"ACGAGGAGTGCCTGCA-1",1
"ACGAGGAGTTCTGAAC-1",1
"ACGAGGATCTGCGGCA-1",1
"ACGATACAGAGTGACC-1",0
"ACGATACAGCGCCTTG-1",1
"ACGATACAGTGATCGG-1",4
"ACGATACCACGTTGGC-1",1
"ACGATACCATTGGGCC-1",0
"ACGATACGTCGAATCT-1",1
"ACGATACTCTGACCTC-1",1
"ACGATGTAGTGCGATG-1",0
"ACGATGTAGTTGAGAT-1",1
"ACGATGTCAACGCACC-1",1
"ACGATGTCACACGCTG-1",1
"ACGATGTGTATTCTCT-1",3
"ACGATGTGTCAGTGGA-1",2
"ACGATGTGTGACTACT-1",1
"ACGATGTGTGTCGCTG-1",0
"ACGATGTTCGCGTAGC-1",1
"ACGATGTTCTCTTATG-1",1
"ACGCAGCAGCGGCTTC-1",1
"ACGCAGCAGCTGCGAA-1",2
"ACGCAGCAGTGTACGG-1",0
"ACGCAGCCACCTCGTT-1",1
"ACGCAGCCATCGACGC-1",0
"ACGCAGCCATTACCTT-1",1
"ACGCAGCGTCCATGAT-1",2
"ACGCAGCGTCTACCTC-1",1
"ACGCAGCGTCTGGTCG-1",2
"ACGCAGCGTGCGATAG-1",2
"ACGCCAGCAAAGCAAT-1",0
"ACGCCAGCAACGCACC-1",0
"ACGCCAGCACGAGAGT-1",0
"ACGCCAGCAGTGAGTG-1",0
"ACGCCAGGTGCACTTA-1",1
"ACGCCAGGTGTGCGTC-1",0
"ACGCCAGTCACAGGCC-1",1
"ACGCCAGTCAGTGTTG-1",1
"ACGCCGAAGAAACGCC-1",0
"ACGCCGAAGATCTGCT-1",0
"ACGCCGACAGCCTGTG-1",0
"ACGCCGAGTTCCAACA-1",0
"ACGCCGATCCTATGTT-1",0
"ACGCCGATCGCAGGCT-1",4
"ACGCCGATCTTGTATC-1",1
"ACGGAGAAGCCAGTTT-1",0
"ACGGAGAAGGTCATCT-1",0
"ACGGAGACACACATGT-1",2
"ACGGAGACAGCCTGTG-1",2
"ACGGAGACAGCGTAAG-1",0
"ACGGAGACAGTAAGCG-1",0
"ACGGAGAGTGTGACGA-1",0
"ACGGAGATCCACGAAT-1",1
"ACGGCCACACATCCAA-1",1
"ACGGCCACACATTCGA-1",1
"ACGGCCAGTACCGTAT-1",0
"ACGGCCAGTGTATGGG-1",0
"ACGGCCATCACGGTTA-1",0
"ACGGCCATCAGTGTTG-1",0
"ACGGCCATCTACTATC-1",0
"ACGGGCTAGGATCGCA-1",0
"ACGGGCTAGGTTCCTA-1",0
"ACGGGCTAGTGGCACA-1",0
"ACGGGCTCATCTGGTA-1",2
"ACGGGCTGTGAGGCTA-1",0
"ACGGGCTTCCGAACGC-1",0
"ACGGGTCAGATGCCAG-1",0
"ACGGGTCCATGATCCA-1",0
"ACGGGTCCATTAGGCT-1",2
"ACGGGTCCATTTCACT-1",1
"ACGGGTCGTTAGGGTG-1",1
"ACGGGTCTCAACACCA-1",1
"ACGGGTCTCCACGCAG-1",0
"ACGTCAAAGGGCTTCC-1",0
"ACGTCAAAGTGGTAAT-1",0
"ACGTCAACAACTGCGC-1",2
"ACGTCAACACAAGACG-1",2
"ACGTCAAGTAGCTCCG-1",0
"ACGTCAAGTGTCGCTG-1",4
"ACGTCAAGTTATGCGT-1",0
"ACGTCAATCAACCAAC-1",3
"ACGTCAATCATAACCG-1",0
"ACGTCAATCCAGAAGG-1",2
"ACGTCAATCTAACTCT-1",0
"ACTATCTAGAGGTTAT-1",0
"ACTATCTAGATACACA-1",0
"ACTATCTAGGAGTAGA-1",2
"ACTATCTAGGCATGTG-1",2
"ACTATCTCAAATACAG-1",0
"ACTATCTCAAATTGCC-1",1
"ACTATCTGTAGGGACT-1",0
"ACTATCTGTCGCGTGT-1",1
"ACTATCTGTGCACGAA-1",0
"ACTATCTGTGGTTTCA-1",0
"ACTATCTTCGCCGTGA-1",1
"ACTGAACAGAGTGAGA-1",3
"ACTGAACAGATCCCGC-1",0
"ACTGAACAGGTGATAT-1",1
"ACTGAACCAAAGCGGT-1",1
"ACTGAACCAAGCGAGT-1",0
"ACTGAACCAATTCCTT-1",0
"ACTGAACCAGCTGGCT-1",1
"ACTGAACCAGTCTTCC-1",0
"ACTGAACCATTACCTT-1",1
"ACTGAACGTAAGCACG-1",2
"ACTGAACGTAATCGTC-1",1
"ACTGAACGTCCAGTAT-1",0
"ACTGAACGTCTGATCA-1",3
"ACTGAACTCCCACTTG-1",2
"ACTGAGTAGCCGGTAA-1",0
"ACTGAGTCAGTGGGAT-1",0
"ACTGAGTCATTTGCCC-1",1
"ACTGAGTGTAGAGCTG-1",0
"ACTGAGTGTTGTGGCC-1",1
"ACTGAGTTCAGGTTCA-1",0
"ACTGATGAGACAGACC-1",2
"ACTGATGAGCGGATCA-1",1
"ACTGATGAGGTGCTTT-1",1
"ACTGATGCAGCAGTTT-1",2
"ACTGATGCATCACAAC-1",2
"ACTGATGGTCATGCAT-1",0
"ACTGATGTCACAATGC-1",2
"ACTGATGTCACTCCTG-1",0
"ACTGATGTCCCTGACT-1",0
"ACTGATGTCCGCTGTT-1",0
"ACTGATGTCCGGCACA-1",0
"ACTGATGTCCTATTCA-1",1
"ACTGCTCAGAGCTTCT-1",2
"ACTGCTCAGATGCCTT-1",1
"ACTGCTCCACACCGCA-1",1
"ACTGCTCCAGATGGGT-1",1
"ACTGCTCCATGCCTAA-1",2
"ACTGCTCGTAGGCATG-1",0
"ACTGCTCGTATCACCA-1",0
"ACTGCTCGTCCGAAGA-1",2
"ACTGCTCTCCGAGCCA-1",4
"ACTGTCCAGAGGGCTT-1",0
"ACTGTCCAGCAGCGTA-1",2
"ACTGTCCAGGCATGGT-1",1
"ACTGTCCCAAGGTTTC-1",0
"ACTGTCCCAAGTACCT-1",1
"ACTGTCCCAGTATCTG-1",2
"ACTGTCCCATAGAAAC-1",0
"ACTGTCCGTTGAGGTG-1",0
"ACTGTCCTCCACGTGG-1",0
"ACTGTCCTCCTTGGTC-1",2
"ACTGTCCTCTCTGTCG-1",0
"ACTTACTAGCGATAGC-1",0
"ACTTACTAGGGATGGG-1",1
"ACTTACTCACAGACAG-1",0
"ACTTACTCACATTTCT-1",0
"ACTTACTGTACTCAAC-1",0
"ACTTACTGTTCCACAA-1",0
"ACTTACTTCATCGGAT-1",0
"ACTTGTTAGACAAGCC-1",1
"ACTTGTTAGCTAGCCC-1",0
"ACTTGTTAGTTACCCA-1",0
"ACTTGTTCACGACGAA-1",0
"ACTTGTTCACGGCTAC-1",1
"ACTTGTTGTATCGCAT-1",0
"ACTTGTTGTGGTAACG-1",0
"ACTTGTTGTTGTGGAG-1",2
"ACTTGTTTCATCACCC-1",2
"ACTTTCACATGGTCAT-1",0
"ACTTTCAGTGACTACT-1",0
"ACTTTCATCGCCAGCA-1",1
"AGAATAGAGCTGAACG-1",0
"AGAATAGAGCTGTCTA-1",1
"AGAATAGAGGTAGCTG-1",0
"AGAATAGCATGGTCTA-1",1
"AGAATAGGTAATCGTC-1",1
"AGAATAGGTATTCTCT-1",1
"AGAATAGGTGCGGTAA-1",0
"AGAATAGGTTAAGAAC-1",0
"AGAATAGTCAGGCCCA-1",2
"AGACGTTAGAATGTGT-1",0
"AGACGTTAGCTCCTCT-1",1
"AGACGTTAGTGCCAGA-1",1
"AGACGTTCAGGATCGA-1",2
"AGACGTTGTAGCTGCC-1",0
"AGACGTTGTCTGCAAT-1",1
"AGACGTTGTTCTGTTT-1",2
"AGACGTTTCGCATGGC-1",2
"AGACGTTTCGCTTAGA-1",1
"AGAGCGACAACTTGAC-1",0
"AGAGCGACAAGTACCT-1",1
"AGAGCGACACAACGTT-1",0
"AGAGCGACATGAGCGA-1",0
"AGAGCGAGTCAGTGGA-1",0
"AGAGCGAGTCGACTGC-1",0
"AGAGCGAGTTGAGTTC-1",0
"AGAGCGATCGCGTAGC-1",1
"AGAGCGATCTATCCTA-1",0
"AGAGCGATCTCGCTTG-1",0
"AGAGCTTAGCCGTCGT-1",1
"AGAGCTTAGTACACCT-1",0
"AGAGCTTAGTCATGCT-1",0
"AGAGCTTGTAGAGCTG-1",0
"AGAGCTTGTATCACCA-1",1
"AGAGCTTTCACTATTC-1",2
"AGAGCTTTCCTGCAGG-1",1
"AGAGCTTTCGCAAACT-1",0
"AGAGCTTTCGCTTAGA-1",0
"AGAGTGGAGAGCCTAG-1",1
"AGAGTGGAGGCCCTTG-1",0
"AGAGTGGAGGTACTCT-1",0
"AGAGTGGCACAAGACG-1",1
"AGAGTGGCACCTCGTT-1",3
"AGAGTGGCATCCGGGT-1",0
"AGAGTGGCATCTGGTA-1",3
"AGAGTGGGTCAGCTAT-1",2
"AGAGTGGGTCCTCCAT-1",3
"AGAGTGGGTCTAGTCA-1",1
"AGAGTGGGTTACCGAT-1",1
"AGATCTGAGGTGGGTT-1",1
"AGATCTGAGTCAAGGC-1",0
"AGATCTGCAATGTTGC-1",0
"AGATCTGTCGAATCCA-1",0
"AGATCTGTCTGCAGTA-1",2
"AGATTGCAGGCTACGA-1",2
"AGATTGCCACGACGAA-1",0
"AGATTGCCAGATGGGT-1",1
"AGATTGCGTAGAGCTG-1",4
"AGATTGCGTGATGTCT-1",0
"AGATTGCGTGTTCGAT-1",0
"AGATTGCGTTCACGGC-1",1
"AGATTGCTCACTGGGC-1",0
"AGATTGCTCATCTGTT-1",0
"AGCAGCCAGCTGATAA-1",1
"AGCAGCCCACCGAAAG-1",1
"AGCAGCCGTCGACTGC-1",0
"AGCAGCCGTCGCTTTC-1",0
"AGCAGCCGTCTAACGT-1",2
"AGCAGCCGTGTGAAAT-1",2
"AGCAGCCGTTTGTTGG-1",1
"AGCAGCCTCCAAACAC-1",2
"AGCATACAGTGGTAGC-1",1
"AGCATACAGTTGTCGT-1",2
"AGCATACGTCTTCTCG-1",0
"AGCATACGTTAAGTAG-1",0
"AGCATACTCCGTTGCT-1",2
"AGCCTAAAGATATGGT-1",2
"AGCCTAACAAAGCGGT-1",1
"AGCCTAACAGATAATG-1",0
"AGCCTAAGTACGAAAT-1",0
"AGCCTAAGTCACCTAA-1",2
"AGCCTAAGTGTGCCTG-1",0
"AGCCTAATCACCCGAG-1",3
"AGCCTAATCCAATGGT-1",0
"AGCCTAATCCTTGGTC-1",0
"AGCCTAATCTGTGCAA-1",1
"AGCCTAATCTGTTTGT-1",1
"AGCGGTCAGCGAAGGG-1",0
"AGCGGTCAGGTACTCT-1",2
"AGCGGTCAGTGACTCT-1",1
"AGCGGTCCAGCCTTGG-1",1
"AGCGGTCGTCCTAGCG-1",1
"AGCGGTCGTGGTGTAG-1",1
"AGCGGTCGTTAAGGGC-1",1
"AGCGGTCGTTTGCATG-1",1
"AGCGGTCTCCGAAGAG-1",1
"AGCGGTCTCCTCAATT-1",2
"AGCGGTCTCTGGGCCA-1",1
"AGCGTATAGAACTGTA-1",1
"AGCGTATAGCGATGAC-1",0
"AGCGTATAGGTACTCT-1",1
"AGCGTATGTTGAGGTG-1",1
"AGCGTATTCCAGAGGA-1",3
"AGCGTCGAGTTGAGTA-1",1
"AGCGTCGCAGGGATTG-1",2
"AGCGTCGTCTGAAAGA-1",2
"AGCTCCTAGACCTAGG-1",0
"AGCTCCTAGCGTTTAC-1",1
"AGCTCCTGTGTTTGTG-1",1
"AGCTCCTGTTGTCTTT-1",1
"AGCTCCTTCCGAATGT-1",1
"AGCTCCTTCTTGACGA-1",0
"AGCTCTCAGCGGATCA-1",1
"AGCTCTCAGCTGTTCA-1",3
"AGCTCTCAGGTGCTAG-1",1
"AGCTCTCCATACAGCT-1",0
"AGCTCTCGTCAGAGGT-1",3
"AGCTCTCGTGGGTCAA-1",1
"AGCTCTCTCACAACGT-1",0
"AGCTCTCTCTTGACGA-1",1
"AGCTTGAAGCATCATC-1",1
"AGCTTGAAGTAGCGGT-1",1
"AGCTTGAAGTTGTCGT-1",0
"AGCTTGACAATCCAAC-1",0
"AGCTTGACACCGATAT-1",1
"AGCTTGAGTCTACCTC-1",0
"AGCTTGAGTGCGCTTG-1",0
"AGCTTGAGTTACGCGC-1",0
"AGCTTGATCCTGCCAT-1",2
"AGCTTGATCTGCAAGT-1",0
"AGGCCACAGAGTAAGG-1",3
"AGGCCACAGGGTCTCC-1",1
"AGGCCACAGTACTTGC-1",1
"AGGCCACCAGGACCCT-1",0
"AGGCCACCATCAGTCA-1",0
"AGGCCACTCATGCTCC-1",1
"AGGCCACTCATGGTCA-1",0
"AGGCCACTCATTGCGA-1",0
"AGGCCGTAGGATCGCA-1",2
"AGGCCGTCACGTAAGG-1",0
"AGGCCGTCAGCTCGAC-1",1
"AGGCCGTCATCGTCGG-1",2
"AGGCCGTTCACGGTTA-1",0
"AGGCCGTTCGAACTGT-1",0
"AGGCCGTTCTCAAGTG-1",1
"AGGCCGTTCTGCTTGC-1",0
"AGGGAGTAGCCCAACC-1",0
"AGGGAGTAGGAGTACC-1",2
"AGGGAGTAGGCAGGTT-1",0
"AGGGAGTCACGAGAGT-1",1
"AGGGAGTCAGAAGCAC-1",0
"AGGGAGTCAGATCCAT-1",0
"AGGGAGTCATCGACGC-1",0
"AGGGAGTCATGCTAGT-1",1
"AGGGAGTGTCCATGAT-1",0
"AGGGAGTTCATAACCG-1",0
"AGGGATGAGCTCTCGG-1",1
"AGGGATGAGGAGTAGA-1",1
"AGGGATGAGTAGCGGT-1",2
"AGGGATGCAATGAATG-1",2
"AGGGATGCAATGGAGC-1",0
"AGGGATGCACAAGACG-1",0
"AGGGATGCACATTTCT-1",2
"AGGGATGCATGGTCTA-1",0
"AGGGATGGTTAAAGTG-1",0
"AGGGATGGTTATGCGT-1",0
"AGGGATGTCGTGACAT-1",0
"AGGGTGAAGATGGCGT-1",0
"AGGGTGAAGATGGGTC-1",2
"AGGGTGAAGGCTCAGA-1",1
"AGGGTGACACGAGAGT-1",0
"AGGGTGACAGATGGCA-1",0
"AGGGTGACAGATTGCT-1",1
"AGGGTGAGTACTCTCC-1",3
"AGGGTGAGTTATCGGT-1",0
"AGGGTGAGTTCTGAAC-1",2
"AGGGTGATCTCGCTTG-1",0
"AGGTCATAGAGCCCAA-1",0
"AGGTCATAGCCAGAAC-1",1
"AGGTCATAGGCATGGT-1",0
"AGGTCATAGGGAGTAA-1",0
"AGGTCATCACTCAGGC-1",2
"AGGTCATCACTCTGTC-1",0
"AGGTCATGTTCCACTC-1",1
"AGGTCATTCTCGTTTA-1",0
"AGGTCCGAGGATGCGT-1",1
"AGGTCCGCAACACGCC-1",3
"AGGTCCGGTGATGCCC-1",1
"AGGTCCGTCCATGAAC-1",5
"AGGTCCGTCGCCCTTA-1",0
"AGGTCCGTCTGCGTAA-1",3
"AGTAGTCAGACTGTAA-1",0
"AGTAGTCAGTACGACG-1",0
"AGTAGTCAGTTTAGGA-1",2
"AGTAGTCCAACTGGCC-1",0
"AGTAGTCGTGCAGACA-1",1
"AGTAGTCTCACCCGAG-1",1
"AGTCTTTAGGCAGTCA-1",0
"AGTCTTTCAAATCCGT-1",0
"AGTCTTTCATATACCG-1",2
"AGTCTTTGTGCTTCTC-1",1
"AGTCTTTGTGTCCTCT-1",0
"AGTCTTTGTTTGTTTC-1",1
"AGTCTTTTCGCAGGCT-1",3
"AGTCTTTTCGCGTAGC-1",2
"AGTCTTTTCGCTAGCG-1",1
"AGTCTTTTCGCTTGTC-1",1
"AGTCTTTTCTGACCTC-1",1
"AGTGAGGAGATAGCAT-1",2
"AGTGAGGCAGGTGCCT-1",1
"AGTGAGGGTATGAAAC-1",0
"AGTGAGGGTCACTTCC-1",2
"AGTGAGGGTCGCGAAA-1",1
"AGTGAGGGTTATGTGC-1",0
"AGTGAGGTCTACTATC-1",1
"AGTGGGAAGCAGACTG-1",1
"AGTGGGACAAACGCGA-1",0
"AGTGGGACAAGCCGTC-1",1
"AGTGGGACACAGGAGT-1",1
"AGTGGGACACGAGAGT-1",0
"AGTGGGATCATCGATG-1",1
"AGTGGGATCCACGAAT-1",2
"AGTGGGATCCTGCAGG-1",1
"AGTGTCAAGAAGCCCA-1",0
"AGTGTCAAGCTAGTCT-1",2
"AGTGTCAAGTACGACG-1",2
"AGTGTCAAGTGAACAT-1",1
"AGTGTCACACCATCCT-1",2
"AGTGTCACAGTAAGCG-1",1
"AGTGTCACAGTGGAGT-1",0
"AGTGTCAGTAAACCTC-1",1
"AGTGTCAGTACAGCAG-1",1
"AGTGTCAGTCTCCACT-1",0
"AGTGTCAGTTTGACTG-1",1
"AGTGTCATCAAAGTAG-1",2
"AGTGTCATCCGTCAAA-1",0
"AGTGTCATCGTTACAG-1",1
"AGTGTCATCTGTCAAG-1",0
"AGTTGGTAGACTGTAA-1",2
"AGTTGGTAGTACGCGA-1",1
"AGTTGGTCAAATTGCC-1",1
"AGTTGGTCAGGAATGC-1",0
"AGTTGGTCATGCGCAC-1",0
"AGTTGGTGTACCGTAT-1",3
"AGTTGGTGTATGCTTG-1",3
"AGTTGGTGTCAGGACA-1",1
"AGTTGGTGTTCAGACT-1",4
"AGTTGGTTCAGTACGT-1",0
"AGTTGGTTCCTCAACC-1",4
"AGTTGGTTCGTACCGG-1",2
"AGTTGGTTCTGTCCGT-1",1
"ATAACGCAGTTGAGTA-1",0
"ATAACGCCACGTGAGA-1",1
"ATAACGCGTGAACCTT-1",1
"ATAACGCGTGTCCTCT-1",0
"ATAACGCGTGTGAAAT-1",1
"ATAACGCTCTCCGGTT-1",0
"ATAAGAGAGTCCGGTC-1",1
"ATAAGAGCAACTGCGC-1",0
"ATAAGAGCAGTATCTG-1",2
"ATAAGAGGTGACGCCT-1",1
"ATAAGAGGTTAAAGTG-1",3
"ATAAGAGTCAGCACAT-1",0
"ATAAGAGTCAGTGCAT-1",2
"ATAGACCAGAGAGCTC-1",1
"ATAGACCAGCCCAATT-1",0
"ATAGACCCAAGCCATT-1",0
"ATAGACCCATCTGGTA-1",2
"ATAGACCGTATATGGA-1",0
"ATAGACCGTGGACGAT-1",0
"ATAGACCGTGGCGAAT-1",2
"ATAGACCGTTTCGCTC-1",1
"ATCACGAAGAACTCGG-1",3
"ATCACGAAGACACGAC-1",1
"ATCACGAAGTTACCCA-1",1
"ATCACGACAAGACACG-1",1
"ATCACGACAAGCGTAG-1",1
"ATCACGACACACATGT-1",1
"ATCACGACACCACCAG-1",1
"ATCACGACACGGTAAG-1",0
"ATCACGACAGCGAACA-1",3
"ATCACGATCCCGACTT-1",0
"ATCACGATCGGTGTCG-1",0
"ATCATCTAGCCTATGT-1",0
"ATCATCTAGGCCATAG-1",0
"ATCATCTAGTACTTGC-1",1
"ATCATCTCAGACGCCT-1",1
"ATCATCTCATCCGTGG-1",1
"ATCATCTGTATTACCG-1",2
"ATCATCTGTCACTTCC-1",1
"ATCATCTTCAGCGACC-1",2
"ATCATCTTCCTCAACC-1",1
"ATCATGGCAAGCGTAG-1",1
"ATCATGGCAAGGTTCT-1",1
"ATCATGGCACTACAGT-1",0
"ATCATGGGTAAGGGAA-1",1
"ATCATGGGTTGTGGCC-1",1
"ATCATGGTCAATAAGG-1",2
"ATCATGGTCCAATGGT-1",1
"ATCATGGTCGCCATAA-1",3
"ATCATGGTCGGTTAAC-1",2
"ATCCACCAGCTAGTCT-1",1
"ATCCACCAGGCTCTTA-1",4
"ATCCACCCAAACGTGG-1",0
"ATCCACCCAGTTAACC-1",2
"ATCCACCGTCCGAAGA-1",1
"ATCCACCGTTTGTTTC-1",0
"ATCCACCTCCTGCTTG-1",0
"ATCCACCTCCTTAATC-1",2
"ATCCACCTCTGGTATG-1",0
"ATCCGAAAGCGATGAC-1",0
"ATCCGAAAGCTAGGCA-1",1
"ATCCGAACAAACGTGG-1",1
"ATCCGAACAACAACCT-1",1
"ATCCGAACAAGGACTG-1",1
"ATCCGAACACCCATTC-1",1
"ATCCGAACACGGTAGA-1",1
"ATCCGAAGTAGCGCTC-1",2
"ATCCGAAGTCATTAGC-1",2
"ATCCGAAGTCTCTTAT-1",4
"ATCCGAATCCAACCAA-1",0
"ATCCGAATCCTTGACC-1",0
"ATCCGAATCTTGTCAT-1",3
"ATCGAGTAGACTTTCG-1",1
"ATCGAGTCATCCGGGT-1",0
"ATCGAGTGTCCCTTGT-1",2
"ATCGAGTGTCTCCCTA-1",0
"ATCGAGTTCATGCATG-1",0
"ATCGAGTTCCTGCCAT-1",0
"ATCTACTAGGTGTGGT-1",0
"ATCTACTCAGCTGTAT-1",0
"ATCTACTCAGTACACT-1",2
"ATCTACTCATGACATC-1",1
"ATCTACTGTAAGTAGT-1",2
"ATCTACTGTGTCGCTG-1",3
"ATCTACTTCCGCGTTT-1",2
"ATCTACTTCGCAAGCC-1",2
"ATCTACTTCTATCGCC-1",2
"ATCTACTTCTCTAAGG-1",1
"ATCTGCCAGGCTCAGA-1",3
"ATCTGCCGTACAGTTC-1",1
"ATCTGCCGTTGTGGAG-1",2
"ATCTGCCTCAGAGACG-1",0
"ATCTGCCTCAGCTGGC-1",1
"ATCTGCCTCGTACGGC-1",0
"ATCTGCCTCTCGAGTA-1",0
"ATCTGCCTCTGAGTGT-1",1
"ATCTGCCTCTTGTATC-1",1
"ATGAGGGAGGTCGGAT-1",0
"ATGAGGGCATGACGGA-1",1
"ATGAGGGCATTAGGCT-1",2
"ATGAGGGTCACATGCA-1",0
"ATGAGGGTCAGTCCCT-1",2
"ATGCGATAGTCAATAG-1",0
"ATGCGATCATGTTGAC-1",0
"ATGCGATGTGCAGTAG-1",0
"ATGCGATGTGCATCTA-1",0
"ATGCGATTCCCAAGAT-1",0
"ATGCGATTCGCCATAA-1",1
"ATGGGAGAGCAATATG-1",1
"ATGGGAGAGCCACGCT-1",1
"ATGGGAGAGGTGATAT-1",1
"ATGGGAGCACCAGGTC-1",0
"ATGGGAGCACTATCTT-1",0
"ATGGGAGCAGCATACT-1",1
"ATGGGAGCATAGAAAC-1",3
"ATGGGAGCATTACCTT-1",0
"ATGGGAGTCAAGGTAA-1",1
"ATGTGTGAGCGAAGGG-1",1
"ATGTGTGAGGGTTTCT-1",0
"ATGTGTGAGTTGAGTA-1",1
"ATGTGTGCACGGCGTT-1",0
"ATGTGTGCACGGTTTA-1",0
"ATGTGTGCAGTATAAG-1",1
"ATGTGTGTCACGCGGT-1",1
"ATTACTCAGATGTGTA-1",0
"ATTACTCAGCGTAATA-1",0
"ATTACTCAGGTGCACA-1",2
"ATTACTCAGTGAAGTT-1",1
"ATTACTCCAAACTGTC-1",0
"ATTACTCCACCATCCT-1",1
"ATTACTCCAGACTCGC-1",1
"ATTACTCCATATGCTG-1",0
"ATTACTCCATCGGTTA-1",1
"ATTACTCCATTGCGGC-1",0
"ATTACTCGTTAAAGAC-1",0
"ATTACTCTCCGAACGC-1",1
"ATTATCCAGAGTACCG-1",0
"ATTATCCAGCTTATCG-1",1
"ATTATCCCACAAGCCC-1",1
"ATTATCCCATATGAGA-1",1
"ATTATCCCATCTGGTA-1",2
"ATTATCCGTCGTTGTA-1",1
"ATTATCCGTCTCTCTG-1",1
"ATTATCCTCAACGGGA-1",1
"ATTATCCTCCGCGCAA-1",1
"ATTATCCTCTCCGGTT-1",0
"ATTCTACGTCACTTCC-1",2
"ATTCTACGTCTAGTCA-1",0
"ATTCTACGTTGTCGCG-1",0
"ATTGGACAGCAGATCG-1",2
"ATTGGACAGGGCATGT-1",0
"ATTGGACAGTGGACGT-1",1
"ATTGGACCAAGACACG-1",3
"ATTGGACGTAATAGCA-1",3
"ATTGGACTCCTGCTTG-1",2
"ATTGGACTCGGCGCAT-1",0
"ATTGGACTCGTTTGCC-1",0
"ATTGGTGAGAATGTTG-1",0
"ATTGGTGCAAGCTGAG-1",1
"ATTGGTGCAGCAGTTT-1",0
"ATTGGTGGTATGGTTC-1",0
"ATTGGTGGTTGAGTTC-1",0
"ATTGGTGTCAAAGTAG-1",1
"ATTGGTGTCGGAAACG-1",1
"ATTTCTGAGGGATACC-1",1
"ATTTCTGAGGGATCTG-1",1
"ATTTCTGAGGTGTTAA-1",0
"ATTTCTGAGTCGAGTG-1",0
"ATTTCTGAGTTCGCAT-1",2
"ATTTCTGCAAGGTGTG-1",1
"ATTTCTGGTAGCTCCG-1",1
"ATTTCTGGTGCACGAA-1",0
"ATTTCTGGTTGCCTCT-1",0
"ATTTCTGTCAAAGTAG-1",2
"ATTTCTGTCAGCTCGG-1",0
"ATTTCTGTCTTGGGTA-1",1
"CAACCAAAGAAACGCC-1",2
"CAACCAAAGAGGGCTT-1",1
"CAACCAAAGCTGAAAT-1",3
"CAACCAAAGGACAGCT-1",0
"CAACCAAAGGGAGTAA-1",0
"CAACCAACATACGCTA-1",0
"CAACCTCAGTAATCCC-1",2
"CAACCTCCAGACGCAA-1",2
"CAACCTCGTGAGTGAC-1",3
"CAACCTCGTTCCACGG-1",0
"CAACCTCTCATACGGT-1",0
"CAACCTCTCCGATATG-1",1
"CAACCTCTCCTTTACA-1",0
"CAACCTCTCTCTAGGA-1",1
"CAACTAGAGAATAGGG-1",1
"CAACTAGAGGATGCGT-1",1
"CAACTAGCACCATCCT-1",1
"CAACTAGCAGACTCGC-1",0
"CAACTAGCAGTTCATG-1",1
"CAACTAGGTACGCACC-1",0
"CAACTAGTCAGGCCCA-1",2
"CAAGAAAAGAAGGACA-1",1
"CAAGAAAAGACGCACA-1",3
"CAAGAAAAGGCCCTTG-1",1
"CAAGAAAAGGTGATAT-1",0
"CAAGAAAAGTCGATAA-1",0
"CAAGAAAAGTGGAGTC-1",4
"CAAGAAAAGTGTACCT-1",3
"CAAGAAACACGGTGTC-1",2
"CAAGAAATCTGCTTGC-1",1
"CAAGATCAGCTGAAAT-1",1
"CAAGATCGTAAGAGGA-1",0
"CAAGATCGTGCCTTGG-1",0
"CAAGATCTCAACACCA-1",1
"CAAGATCTCTCGATGA-1",0
"CAAGGCCAGGAGTCTG-1",0
"CAAGGCCAGGCTATCT-1",1
"CAAGGCCCACGGTAAG-1",1
"CAAGGCCCATGTTCCC-1",1
"CAAGGCCGTCCGTCAG-1",0
"CAAGGCCTCAACGGGA-1",0
"CAAGGCCTCCTTGACC-1",0
"CAAGGCCTCGTGACAT-1",2
"CAAGTTGAGACAGGCT-1",1
"CAAGTTGAGATGTCGG-1",0
"CAAGTTGAGCGTCAAG-1",2
"CAAGTTGAGCGTTTAC-1",1
"CAAGTTGCACATTAGC-1",0
"CAAGTTGCACGCTTTC-1",1
"CAAGTTGCACGGTGTC-1",0
"CAAGTTGCATTCTTAC-1",3
"CAAGTTGGTACTCAAC-1",0
"CAAGTTGGTCAGGACA-1",2
"CAAGTTGGTCGGCACT-1",0
"CAAGTTGTCAACGAAA-1",1
"CAAGTTGTCACCACCT-1",1
"CAAGTTGTCATTGCCC-1",1
"CAAGTTGTCGAATCCA-1",0
"CAAGTTGTCTACTTAC-1",1
"CACAAACAGGGCTCTC-1",1
"CACAAACAGGGCTTGA-1",0
"CACAAACAGTGACATA-1",3
"CACAAACCAACTGCGC-1",0
"CACAAACCAATAAGCA-1",1
"CACAAACCAATCAGAA-1",0
"CACAAACCACTTAACG-1",0
"CACAAACCATGAACCT-1",1
"CACAAACCATGGTCAT-1",0
"CACAAACGTCAACTGT-1",2
"CACAAACGTCAGAATA-1",1
"CACAAACTCTTCGGTC-1",1
"CACAAACTCTTGGGTA-1",2
"CACACAAAGCGACGTA-1",0
"CACACAAAGGGAGTAA-1",0
"CACACAACAAACGTGG-1",3
"CACACAACACATGACT-1",0
"CACACAACATCGATTG-1",0
"CACACAACATTGGGCC-1",2
"CACACAAGTACGACCC-1",1
"CACACAAGTCAGTGGA-1",0
"CACACAAGTCATCGGC-1",0
"CACACAAGTTTACTCT-1",0
"CACACAATCCACGTGG-1",0
"CACACAATCCACGTTC-1",0
"CACACAATCGGCGCAT-1",0
"CACACCTAGAGACTAT-1",0
"CACACCTAGGACATTA-1",0
"CACACCTAGTCATCCA-1",1
"CACACCTAGTGTGAAT-1",1
"CACACCTCACTGAAGG-1",3
"CACACCTCATAGGATA-1",1
"CACACCTCATAGTAAG-1",0
"CACACCTCATTGGGCC-1",2
"CACACCTGTACAGCAG-1",0
"CACACCTGTACCGCTG-1",0
"CACACCTGTCCAAGTT-1",0
"CACACCTGTGGACGAT-1",2
"CACACCTGTGGTCTCG-1",2
"CACACCTTCATGTCTT-1",1
"CACACCTTCTGGCGAC-1",2
"CACACTCAGGGAAACA-1",1
"CACACTCCAACACCTA-1",3
"CACACTCCAAGGGTCA-1",1
"CACACTCGTGACGCCT-1",2
"CACACTCGTTTGTGTG-1",0
"CACAGGCAGCCATCGC-1",0
"CACAGGCAGGGATGGG-1",1
"CACAGGCCAAGAGTCG-1",1
"CACAGGCCAATGGAGC-1",0
"CACAGGCGTCTAGGTT-1",0
"CACAGGCGTTACGCGC-1",0
"CACAGGCTCGGGAGTA-1",1
"CACAGGCTCTATGTGG-1",1
"CACAGTAAGACGCAAC-1",0
"CACAGTAAGACGCACA-1",2
"CACAGTAAGTGGGCTA-1",1
"CACAGTACAACTGGCC-1",0
"CACAGTACATCGGACC-1",0
"CACAGTAGTTCCATGA-1",4
"CACATAGAGCCCAATT-1",1
"CACATAGAGTGTACTC-1",0
"CACATAGCACTTCTGC-1",0
"CACATAGCAGGGTATG-1",0
"CACATAGTCCTTGCCA-1",0
"CACATAGTCGGCGCAT-1",0
"CACATTTAGCAGATCG-1",1
"CACATTTAGGGCACTA-1",0
"CACATTTCACGGCGTT-1",1
"CACATTTCATTACCTT-1",2
"CACATTTGTCGAACAG-1",1
"CACATTTGTGTTGAGG-1",2
"CACATTTTCCAGAGGA-1",0
"CACATTTTCCGCATCT-1",1
"CACATTTTCTACTATC-1",1
"CACATTTTCTGTGCAA-1",0
"CACCACTAGCCACGTC-1",2
"CACCACTAGTGGTAAT-1",2
"CACCACTAGTTACCCA-1",2
"CACCACTCAAGCCCAC-1",0
"CACCACTCAGTTCATG-1",2
"CACCACTGTTATTCTC-1",0
"CACCACTTCACCGGGT-1",1
"CACCACTTCGAATCCA-1",0
"CACCACTTCGACCAGC-1",0
"CACCACTTCTAACCGA-1",2
"CACCACTTCTTTAGTC-1",0
"CACCAGGCACATTAGC-1",1
"CACCAGGCACTGCCAG-1",0
"CACCAGGCATAAAGGT-1",0
"CACCAGGCATGAACCT-1",2
"CACCAGGGTGAAATCA-1",1
"CACCAGGGTGTTTGGT-1",0
"CACCAGGGTTATCACG-1",0
"CACCAGGTCATGTAGC-1",1
"CACCAGGTCTGCTTGC-1",0
"CACCTTGAGACTTGAA-1",1
"CACCTTGAGTCAATAG-1",1
"CACCTTGCACTAGTAC-1",2
"CACCTTGCAGGCGATA-1",0
"CACCTTGCATTCCTGC-1",1
"CACCTTGGTCATTAGC-1",0
"CACCTTGGTGATGTCT-1",1
"CACCTTGGTGTGAAAT-1",1
"CACCTTGGTTATGTGC-1",2
"CACCTTGTCAACCATG-1",2
"CACCTTGTCATTATCC-1",1
"CACCTTGTCCAAAGTC-1",1
"CACCTTGTCTCACATT-1",0
"CACTCCAAGACAAGCC-1",0
"CACTCCAAGGTACTCT-1",1
"CACTCCACAATGGACG-1",0
"CACTCCAGTACATGTC-1",0
"CACTCCAGTTGTCGCG-1",0
"CACTCCATCAACACAC-1",2
"CACTCCATCCCAGGTG-1",0
"CAGAATCAGAAACCTA-1",0
"CAGAATCAGCCAACAG-1",1
"CAGAATCAGCTGGAAC-1",1
"CAGAATCAGGACTGGT-1",1
"CAGAATCAGTATCGAA-1",0
"CAGAATCCACAGAGGT-1",2
"CAGAATCCAGGGTACA-1",0
"CAGAATCGTAAGTGTA-1",0
"CAGAATCGTAATCACC-1",3
"CAGAATCTCAGTTTGG-1",2
"CAGAATCTCGCAAGCC-1",3
"CAGAATCTCGGTCCGA-1",1
"CAGAATCTCTTGCAAG-1",1
"CAGAATCTCTTGTACT-1",1
"CAGAGAGAGAATTGTG-1",1
"CAGAGAGAGCAATATG-1",0
"CAGAGAGCAAGAAGAG-1",0
"CAGAGAGCACCAGATT-1",0
"CAGAGAGGTAATCACC-1",2
"CAGAGAGGTAGCTGCC-1",1
"CAGAGAGGTAGGACAC-1",0
"CAGAGAGGTATAGGGC-1",0
"CAGAGAGGTCCGAATT-1",0
"CAGAGAGGTTGAGGTG-1",0
"CAGAGAGTCACCCGAG-1",0
"CAGAGAGTCATAACCG-1",0
"CAGAGAGTCCGAACGC-1",1
"CAGAGAGTCTGGTATG-1",2
"CAGATCAAGAGACGAA-1",0
"CAGATCAAGCACCGTC-1",1
"CAGATCAAGCTTCGCG-1",0
"CAGATCAAGGATTCGG-1",0
"CAGATCAAGTGTACCT-1",1
"CAGATCAAGTTTAGGA-1",1
"CAGATCACAATAACGA-1",2
"CAGATCACACACCGAC-1",2
"CAGATCACACGGTAAG-1",0
"CAGATCACACTCTGTC-1",2
"CAGATCACAGCATACT-1",0
"CAGATCACAGTGGGAT-1",0
"CAGATCAGTACCAGTT-1",1
"CAGATCAGTGCGGTAA-1",0
"CAGATCATCTGATACG-1",1
"CAGATCATCTGATTCT-1",1
"CAGCAGCAGATGCCAG-1",1
"CAGCAGCAGGGAACGG-1",0
"CAGCAGCCACCTATCC-1",1
"CAGCAGCCATCACAAC-1",0
"CAGCAGCGTGCTAGCC-1",2
"CAGCAGCTCAACACTG-1",0
"CAGCAGCTCGAACTGT-1",1
"CAGCAGCTCGCCGTGA-1",1
"CAGCATAAGAGACGAA-1",0
"CAGCATAGTCTAGGTT-1",0
"CAGCATAGTTTACTCT-1",0
"CAGCATATCACGAAGG-1",0
"CAGCATATCAGGCAAG-1",0
"CAGCATATCCTTAATC-1",2
"CAGCCGAAGCATCATC-1",1
"CAGCCGAAGTTTCCTT-1",0
"CAGCCGACACGTGAGA-1",0
"CAGCCGACATCAGTCA-1",0
"CAGCCGAGTGATGTCT-1",3
"CAGCCGATCACCAGGC-1",1
"CAGCCGATCCTCAATT-1",1
"CAGCGACAGAAACGCC-1",0
"CAGCGACAGCGTCAAG-1",2
"CAGCGACCAAACGTGG-1",0
"CAGCGACCAAAGCGGT-1",1
"CAGCGACCACGTCAGC-1",3
"CAGCGACCATGGGACA-1",1
"CAGCGACGTCTGATTG-1",1
"CAGCGACGTGGACGAT-1",0
"CAGCGACGTGGTTTCA-1",1
"CAGCGACGTTCGGCAC-1",1
"CAGCGACTCCGCAAGC-1",0
"CAGCGACTCTGGGCCA-1",2
"CAGCTAAAGATGTGTA-1",3
"CAGCTAAAGCAGACTG-1",1
"CAGCTAAAGCTGTTCA-1",3
"CAGCTAAAGGAGCGTT-1",1
"CAGCTAACACAGATTC-1",0
"CAGCTAACATCAGTAC-1",0
"CAGCTAAGTAATCGTC-1",1
"CAGCTAAGTCTCACCT-1",1
"CAGCTAAGTTCGTCTC-1",2
"CAGCTAATCCACGCAG-1",0
"CAGCTAATCCCTAACC-1",1
"CAGCTAATCTGGTTCC-1",0
"CAGCTAATCTTAGCCC-1",0
"CAGCTAATCTTCGGTC-1",1
"CAGCTGGAGACACTAA-1",2
"CAGCTGGAGATCCTGT-1",2
"CAGCTGGCACCAACCG-1",1
"CAGCTGGCAGTGGAGT-1",2
"CAGCTGGCATGCATGT-1",0
"CAGCTGGTCTACCTGC-1",0
"CAGGTGCAGAGACGAA-1",2
"CAGGTGCAGATCCTGT-1",2
"CAGGTGCAGGCATGTG-1",1
"CAGGTGCCAGGAACGT-1",1
"CAGGTGCCATAGTAAG-1",0
"CAGGTGCCATCGGAAG-1",1
"CAGGTGCTCAGTTGAC-1",1
"CAGGTGCTCCAAGTAC-1",1
"CAGGTGCTCTTGTATC-1",0
"CAGTAACAGATATGGT-1",0
"CAGTAACAGATGGCGT-1",1
"CAGTAACCAATCACAC-1",0
"CAGTAACCACTCGACG-1",2
"CAGTAACGTGATAAGT-1",1
"CAGTAACGTGCACCAC-1",0
"CAGTAACTCAGAGGTG-1",1
"CAGTAACTCGTACGGC-1",0
"CAGTAACTCGTGACAT-1",0
"CAGTAACTCTGCCAGG-1",0
"CAGTCCTAGAATCTCC-1",0
"CAGTCCTAGATCTGCT-1",1
"CAGTCCTCAGTATAAG-1",0
"CAGTCCTTCAACACGT-1",0
"CAGTCCTTCCATGAGT-1",0
"CAGTCCTTCCCGACTT-1",3
"CAGTCCTTCCCTTGTG-1",2
"CAGTCCTTCGAACGGA-1",3
"CAGTCCTTCGGTTCGG-1",0
"CAGTCCTTCTACTTAC-1",0
"CATATGGAGAGATGAG-1",0
"CATATGGAGGCATGGT-1",1
"CATATGGAGTATTGGA-1",0
"CATATGGCAAGCGTAG-1",1
"CATATGGGTCGCATAT-1",0
"CATATGGTCATTATCC-1",1
"CATATGGTCATTGCGA-1",1
"CATATTCAGGCGACAT-1",1
"CATATTCCACCACCAG-1",2
"CATATTCGTGACTACT-1",1
"CATATTCGTGGTACAG-1",0
"CATATTCGTGTGACGA-1",0
"CATATTCTCACAGGCC-1",1
"CATATTCTCGCAAACT-1",1
"CATCAAGAGAACTCGG-1",0
"CATCAAGAGATGGCGT-1",0
"CATCAAGAGCCGCCTA-1",1
"CATCAAGCACGAAACG-1",3
"CATCAAGCAGCCTTTC-1",2
"CATCAAGCATGGAATA-1",1
"CATCAAGGTTACTGAC-1",1
"CATCAAGGTTCCATGA-1",2
"CATCAAGTCTAAGCCA-1",0
"CATCAAGTCTGACCTC-1",0
"CATCAGAAGCTAGTCT-1",2
"CATCAGACAAGCCATT-1",2
"CATCAGACAATGACCT-1",1
"CATCAGACACGGCCAT-1",0
"CATCAGACAGACAGGT-1",2
"CATCAGACATAACCTG-1",0
"CATCAGAGTAATTGGA-1",1
"CATCAGAGTACATGTC-1",1
"CATCAGAGTGTTAAGA-1",2
"CATCAGAGTTCAACCA-1",0
"CATCAGATCGTTGACA-1",1
"CATCCACGTAAAGTCA-1",0
"CATCCACGTACCGTAT-1",1
"CATCCACGTGCCTGTG-1",0
"CATCCACGTTTAAGCC-1",1
"CATCGAAAGAGTACAT-1",1
"CATCGAAAGCTGTCTA-1",2
"CATCGAACAAGAGGCT-1",1
"CATCGAACAAGCTGAG-1",1
"CATCGAACACATTTCT-1",0
"CATCGAACATAAAGGT-1",0
"CATCGAAGTAGTACCT-1",3
"CATCGAAGTCCGACGT-1",2
"CATCGAAGTGCACTTA-1",0
"CATCGAATCAAACCAC-1",0
"CATCGAATCCGCGGTA-1",0
"CATCGAATCCGTAGTA-1",0
"CATCGGGAGAAGCCCA-1",1
"CATCGGGAGCGAGAAA-1",1
"CATCGGGAGGGTGTGT-1",2
"CATCGGGAGGTGTTAA-1",1
"CATCGGGAGTGACTCT-1",1
"CATCGGGCACTCAGGC-1",3
"CATCGGGCAGACGCTC-1",1
"CATCGGGCATCACAAC-1",2
"CATCGGGGTCCTCTTG-1",1
"CATCGGGGTGAGGGAG-1",2
"CATCGGGGTTCGAATC-1",0
"CATCGGGTCAGGATCT-1",1
"CATCGGGTCCACGAAT-1",1
"CATCGGGTCGATGAGG-1",0
"CATGACAAGACCACGA-1",1
"CATGACAAGCTCCTCT-1",0
"CATGACAAGTAACCCT-1",2
"CATGACAAGTATCTCG-1",0
"CATGACAGTCGTCTTC-1",0
"CATGACAGTGAACCTT-1",2
"CATGACATCAATAAGG-1",1
"CATGACATCTAACTGG-1",1
"CATGCCTAGACCTAGG-1",3
"CATGCCTAGAGTCTGG-1",0
"CATGCCTCACCACCAG-1",0
"CATGCCTGTCAAAGCG-1",0
"CATGCCTGTCGATTGT-1",1
"CATGCCTTCCACGACG-1",0
"CATGCCTTCCTCATTA-1",1
"CATGCCTTCGCATGAT-1",0
"CATGGCGAGAGCTGGT-1",1
"CATGGCGAGTACGACG-1",0
"CATGGCGTCCAAAGTC-1",0
"CATGGCGTCCCTTGTG-1",0
"CATGGCGTCGGCCGAT-1",0
"CATGGCGTCTCAAACG-1",0
"CATGGCGTCTGCCCTA-1",2
"CATTATCAGACCCACC-1",1
"CATTATCAGTCCCACG-1",0
"CATTATCCAAGTCTGT-1",2
"CATTATCCAGGGCATA-1",0
"CATTATCGTCAATGTC-1",1
"CATTATCTCACAAACC-1",2
"CATTATCTCAGATAAG-1",1
"CATTATCTCGCGTTTC-1",0
"CATTATCTCGTTGCCT-1",1
"CATTATCTCTATCCCG-1",2
"CATTATCTCTTAACCT-1",2
"CATTCGCAGGTGCTAG-1",0
"CATTCGCCAAGGGTCA-1",0
"CATTCGCCAGCCTATA-1",1
"CATTCGCCATACAGCT-1",1
"CATTCGCCATGGATGG-1",1
"CATTCGCCATGTCTCC-1",0
"CATTCGCCATTCACTT-1",0
"CATTCGCGTAGCACGA-1",0
"CATTCGCTCATCACCC-1",5
"CCAATCCAGACCACGA-1",0
"CCAATCCAGATATGGT-1",0
"CCAATCCAGTCGAGTG-1",2
"CCAATCCAGTCGTTTG-1",3
"CCAATCCAGTTTAGGA-1",1
"CCAATCCCAAGCGAGT-1",0
"CCAATCCTCGGACAAG-1",1
"CCAATCCTCTACCTGC-1",1
"CCACCTAAGCAGACTG-1",2
"CCACCTAAGGATGGTC-1",1
"CCACCTAAGTCGAGTG-1",0
"CCACCTAAGTGGGATC-1",0
"CCACCTAAGTGTGGCA-1",1
"CCACCTACAACAACCT-1",1
"CCACCTACAAGCCGCT-1",0
"CCACCTACAATCTACG-1",1
"CCACCTAGTAGTACCT-1",0
"CCACCTAGTCGCGTGT-1",0
"CCACCTAGTGGGTCAA-1",2
"CCACCTATCAGTTGAC-1",1
"CCACCTATCTGATACG-1",0
"CCACGGAAGACACGAC-1",0
"CCACGGAAGGGAACGG-1",0
"CCACGGACATGTCGAT-1",0
"CCACGGAGTAAGGGCT-1",1
"CCACGGAGTCAGATAA-1",0
"CCACGGAGTCCGTGAC-1",2
"CCACGGAGTGTAATGA-1",1
"CCACGGAGTTCTGAAC-1",1
"CCACGGATCACATAGC-1",1
"CCACGGATCCACGTGG-1",1
"CCACGGATCTACTATC-1",0
"CCACGGATCTAGAGTC-1",0
"CCACTACAGAGTACCG-1",1
"CCACTACAGCTTTGGT-1",1
"CCACTACCAGCAGTTT-1",1
"CCACTACCAGTAGAGC-1",2
"CCACTACGTCCGAATT-1",3
"CCACTACGTCTCAACA-1",0
"CCACTACGTGACAAAT-1",1
"CCACTACGTGACCAAG-1",0
"CCACTACGTGCACGAA-1",0
"CCACTACTCACTCTTA-1",2
"CCACTACTCCGCATCT-1",1
"CCACTACTCGGAAATA-1",1
"CCACTACTCTCGTATT-1",0
"CCACTACTCTCGTTTA-1",0
"CCAGCGAAGCCCAACC-1",0
"CCAGCGACATCGGGTC-1",0
"CCAGCGACATGTCCTC-1",1
"CCAGCGAGTAGGCATG-1",0
"CCAGCGAGTCCGTTAA-1",0
"CCAGCGATCAGAAATG-1",0
"CCATGTCAGCGATCCC-1",1
"CCATGTCAGGTCGGAT-1",1
"CCATGTCAGGTTACCT-1",1
"CCATGTCCAAGCTGGA-1",1
"CCATGTCCACATCCGG-1",1
"CCATGTCGTCCAGTAT-1",1
"CCATGTCTCCAAGTAC-1",0
"CCATGTCTCTTGTATC-1",1
"CCATTCGCAGTACACT-1",3
"CCATTCGCAGTTTACG-1",3
"CCATTCGGTAATCGTC-1",1
"CCATTCGGTATTACCG-1",0
"CCATTCGTCGTAGGAG-1",1
"CCCAATCAGTCACGCC-1",0
"CCCAATCCAGGTGGAT-1",2
"CCCAATCGTGAAGGCT-1",0
"CCCAATCGTTGGAGGT-1",0
"CCCAATCTCACATGCA-1",0
"CCCAATCTCCAGTATG-1",1
"CCCAATCTCGGAGCAA-1",1
"CCCAGTTAGAATAGGG-1",1
"CCCAGTTAGATCCCGC-1",0
"CCCAGTTAGCGTGAAC-1",2
"CCCAGTTAGGAATCGC-1",0
"CCCAGTTAGTCCGGTC-1",1
"CCCAGTTAGTTTGCGT-1",1
"CCCAGTTGTACATGTC-1",2
"CCCAGTTGTCTGCAAT-1",2
"CCCAGTTTCTGAAAGA-1",0
"CCCATACAGGGTTCCC-1",0
"CCCATACAGTGTTTGC-1",1
"CCCATACCAAAGGTGC-1",1
"CCCATACCAACACCCG-1",2
"CCCATACCAGCAGTTT-1",3
"CCCATACGTATTACCG-1",1
"CCCATACGTCAATACC-1",0
"CCCATACGTCTAGTCA-1",0
"CCCATACGTTGAGTTC-1",1
"CCCATACTCAATAAGG-1",1
"CCCATACTCAGCGACC-1",0
"CCCATACTCATCACCC-1",1
"CCCATACTCCGTAGGC-1",1
"CCCTCCTAGGAATCGC-1",1
"CCCTCCTCACGTCTCT-1",0
"CCCTCCTCAGCTTAAC-1",1
"CCCTCCTCATATGAGA-1",1
"CCCTCCTCATCACGTA-1",4
"CCCTCCTGTATGGTTC-1",1
"CCCTCCTGTTAGATGA-1",1
"CCCTCCTTCAATCACG-1",1
"CCCTCCTTCCGCAGTG-1",2
"CCGGGATAGCTTCGCG-1",2
"CCGGGATAGGCGACAT-1",2
"CCGGGATAGGCTAGGT-1",1
"CCGGGATCACAGTCGC-1",1
"CCGGGATGTATAGGTA-1",1
"CCGGGATTCAGAGCTT-1",0
"CCGGGATTCGCTAGCG-1",0
"CCGGGATTCGCTTGTC-1",2
"CCGGTAGAGCGTCTAT-1",0
"CCGGTAGAGTACGCCC-1",1
"CCGGTAGCACATAACC-1",0
"CCGGTAGCACGCATCG-1",1
"CCGGTAGGTACTTCTT-1",0
"CCGGTAGGTCAAACTC-1",1
"CCGGTAGTCGTCCGTT-1",2
"CCGTACTAGAGAACAG-1",0
"CCGTACTAGTCCGTAT-1",1
"CCGTACTCAAGCCCAC-1",2
"CCGTACTCAAGCGAGT-1",0
"CCGTACTCATCCCACT-1",1
"CCGTACTGTACAGCAG-1",1
"CCGTACTGTAGCGCTC-1",1
"CCGTACTGTGCGGTAA-1",3
"CCGTACTTCGTTACAG-1",0
"CCGTGGAAGACGCACA-1",1
"CCGTGGAAGAGTTGGC-1",2
"CCGTGGAAGGTGATAT-1",0
"CCGTGGAAGGTTCCTA-1",1
"CCGTGGACAGCCTTGG-1",0
"CCGTGGAGTTCCATGA-1",0
"CCGTGGATCTAACTTC-1",1
"CCGTGGATCTCTGTCG-1",4
"CCGTTCAAGCGTAATA-1",4
"CCGTTCAAGTACGATA-1",0
"CCGTTCAAGTAGATGT-1",0
"CCGTTCACAGGATCGA-1",0
"CCGTTCAGTATAGGGC-1",0
"CCGTTCAGTCGCGAAA-1",0
"CCGTTCATCGTACCGG-1",1
"CCTAAAGAGAGTTGGC-1",2
"CCTAAAGCAAACCTAC-1",1
"CCTAAAGCATGTCTCC-1",1
"CCTAAAGGTACTCAAC-1",1
"CCTAAAGGTCGGCACT-1",0
"CCTAAAGGTGTAATGA-1",0
"CCTAAAGTCACCGTAA-1",0
"CCTAAAGTCAGCGATT-1",1
"CCTAAAGTCGGCGCTA-1",1
"CCTAAAGTCGGTCCGA-1",1
"CCTACACAGGACCACA-1",0
"CCTACACAGGGTGTTG-1",0
"CCTACACCAGTAAGAT-1",0
"CCTACACGTATAGTAG-1",0
"CCTACACGTCCGAACC-1",3
"CCTACACGTGGGTCAA-1",0
"CCTACACGTTTGACTG-1",0
"CCTACACTCGGCGCTA-1",0
"CCTACACTCGTGACAT-1",2
"CCTACCAAGATAGGAG-1",2
"CCTACCAAGCAAATCA-1",1
"CCTACCAAGCGTAGTG-1",0
"CCTACCAAGCTTCGCG-1",1
"CCTACCAAGTGCGATG-1",0
"CCTACCAGTATCAGTC-1",0
"CCTACCAGTCTCTCTG-1",0
"CCTACCAGTCTTTCAT-1",3
"CCTACCATCAGCACAT-1",0
"CCTACCATCGCCAGCA-1",0
"CCTAGCTAGCAAATCA-1",0
"CCTAGCTAGCTCCTCT-1",1
"CCTAGCTAGGTTACCT-1",1
"CCTAGCTAGTACGCGA-1",1
"CCTAGCTCAATGAATG-1",2
"CCTAGCTCAATGGTCT-1",0
"CCTAGCTCACATCCAA-1",3
"CCTAGCTCAGCCAGAA-1",0
"CCTAGCTGTAGAAAGG-1",1
"CCTAGCTGTCACCCAG-1",0
"CCTAGCTGTCTGATTG-1",2
"CCTAGCTTCACGATGT-1",2
"CCTAGCTTCGTAGGAG-1",2
"CCTATTAAGAATTCCC-1",0
"CCTATTAAGCAGGCTA-1",1
"CCTATTAAGCAGGTCA-1",1
"CCTATTAAGGGAGTAA-1",2
"CCTATTAAGGTAGCCA-1",0
"CCTATTACACAACTGT-1",0
"CCTATTACACATCCGG-1",1
"CCTATTAGTCAATACC-1",0
"CCTATTATCATCACCC-1",1
"CCTATTATCTGCGACG-1",1
"CCTCAGTAGCTAACTC-1",1
"CCTCAGTCAGGTGGAT-1",2
"CCTCAGTGTCCATCCT-1",2
"CCTCAGTGTCCGACGT-1",0
"CCTCAGTGTCTTGTCC-1",0
"CCTCAGTGTGGGTATG-1",1
"CCTCTGAAGTATCGAA-1",4
"CCTCTGAAGTGGGTTG-1",0
"CCTCTGACAAGCTGTT-1",1
"CCTCTGACACCGATAT-1",1
"CCTCTGACAGATGAGC-1",0
"CCTCTGAGTCAATACC-1",1
"CCTCTGAGTCCGAACC-1",0
"CCTCTGAGTCGTGGCT-1",0
"CCTCTGAGTCTGATTG-1",0
"CCTCTGATCTGAGGGA-1",1
"CCTTACGCAAGCGTAG-1",0
"CCTTACGCACCAACCG-1",0
"CCTTACGGTCATCCCT-1",0
"CCTTACGGTCCTCTTG-1",3
"CCTTACGTCACAACGT-1",0
"CCTTACGTCATCTGCC-1",1
"CCTTACGTCGGAGGTA-1",0
"CCTTCCCAGAGACTAT-1",2
"CCTTCCCAGCTAGGCA-1",0
"CCTTCCCAGGACGAAA-1",2
"CCTTCCCAGGGCATGT-1",0
"CCTTCCCAGGTACTCT-1",0
"CCTTCCCCATGATCCA-1",1
"CCTTCCCTCAAGGCTT-1",2
"CCTTCCCTCTATCCTA-1",0
"CCTTCCCTCTATCGCC-1",2
"CCTTCGAAGGCGCTCT-1",1
"CCTTCGACAACACCCG-1",0
"CCTTCGACAGCGATCC-1",2
"CCTTCGAGTAAGCACG-1",0
"CCTTCGAGTCCATGAT-1",0
"CCTTCGAGTGTGACCC-1",0
"CCTTCGAGTTGGTGGA-1",0
"CCTTCGATCACAGTAC-1",3
"CCTTCGATCCTATGTT-1",0
"CCTTCGATCGCACTCT-1",0
"CCTTTCTAGACGCTTT-1",0
"CCTTTCTAGGGCACTA-1",0
"CCTTTCTAGTGGAGTC-1",2
"CCTTTCTCAGACAAGC-1",0
"CCTTTCTCATCACGAT-1",0
"CCTTTCTCATGCCCGA-1",2
"CCTTTCTTCCCACTTG-1",1
"CCTTTCTTCTTTACGT-1",2
"CGAACATCACATGACT-1",1
"CGAACATCACTTGGAT-1",2
"CGAACATCAGTCCTTC-1",0
"CGAACATGTCTGATTG-1",0
"CGAACATGTGCTGTAT-1",0
"CGAACATTCTCAAACG-1",0
"CGAATGTAGAGGTTAT-1",2
"CGAATGTAGCGATAGC-1",1
"CGAATGTAGTTCGCAT-1",2
"CGAATGTCAATGCCAT-1",0
"CGAATGTGTCTAGTCA-1",0
"CGAATGTGTCTCACCT-1",1
"CGAATGTTCAACACAC-1",0
"CGAATGTTCATCACCC-1",0
"CGAATGTTCTGTACGA-1",0
"CGACCTTAGCTACCGC-1",1
"CGACCTTAGCTAGTCT-1",0
"CGACCTTCAAAGTGCG-1",0
"CGACCTTCACGAAATA-1",1
"CGACCTTGTAAGTGTA-1",2
"CGACCTTGTCAGAATA-1",1
"CGACCTTGTCTCCCTA-1",0
"CGACCTTGTCTCTTAT-1",0
"CGACCTTTCCGCGTTT-1",0
"CGACCTTTCGTTTATC-1",0
"CGACCTTTCTCCAGGG-1",0
"CGACTTCAGACACGAC-1",1
"CGACTTCAGGTAGCCA-1",1
"CGACTTCAGTCTTGCA-1",2
"CGACTTCCAATGGACG-1",0
"CGACTTCGTGGTGTAG-1",1
"CGACTTCGTTGAGTTC-1",2
"CGACTTCTCACTTACT-1",1
"CGACTTCTCTCGCTTG-1",0
"CGAGAAGAGAAACGCC-1",2
"CGAGAAGAGCCAACAG-1",1
"CGAGAAGAGCGTGTCC-1",0
"CGAGAAGCAAGTTCTG-1",2
"CGAGAAGCACATCCGG-1",0
"CGAGAAGCAGGCTGAA-1",0
"CGAGAAGTCGGATGGA-1",0
"CGAGCACAGCCAGAAC-1",0
"CGAGCACCACATGTGT-1",1
"CGAGCACGTAGCGTCC-1",0
"CGAGCACGTAGCGTGA-1",0
"CGAGCACGTCAGATAA-1",1
"CGAGCACGTGCCTTGG-1",0
"CGAGCACTCCCGGATG-1",2
"CGAGCACTCCGCTGTT-1",1
"CGAGCACTCGGAAATA-1",0
"CGAGCACTCGTGACAT-1",0
"CGAGCCAAGCTAGCCC-1",0
"CGAGCCAGTATATCCG-1",1
"CGAGCCAGTCAAGCGA-1",1
"CGATCGGAGAGCCTAG-1",1
"CGATCGGAGTACGATA-1",0
"CGATCGGCAAACGCGA-1",3
"CGATCGGCAAGCGATG-1",0
"CGATCGGCAATACGCT-1",1
"CGATCGGCAGTTAACC-1",2
"CGATCGGCATACTCTT-1",1
"CGATCGGGTCGACTGC-1",4
"CGATCGGTCAACGGGA-1",1
"CGATCGGTCTAGCACA-1",4
"CGATGGCAGCCGTCGT-1",0
"CGATGGCAGTCCAGGA-1",1
"CGATGGCCACTTAACG-1",0
"CGATGGCCAGCGTAAG-1",0
"CGATGGCCATCATCCC-1",1
"CGATGGCTCCTAGAAC-1",3
"CGATGGCTCGCTAGCG-1",0
"CGATGGCTCTGACCTC-1",1
"CGATGTAAGGCAATTA-1",0
"CGATGTAAGTTTGCGT-1",0
"CGATGTACACAGGCCT-1",0
"CGATGTACAGGTCTCG-1",2
"CGATGTAGTCCAGTGC-1",1
"CGATGTAGTCTAGGTT-1",2
"CGATGTAGTGTGCCTG-1",0
"CGATGTAGTTTGCATG-1",1
"CGATTGAAGATGTGGC-1",2
"CGATTGACAGACGCAA-1",0
"CGATTGAGTATGGTTC-1",3
"CGATTGAGTTCAGACT-1",2
"CGATTGATCATGGTCA-1",1
"CGATTGATCTGCGGCA-1",0
"CGCCAAGAGAATGTTG-1",1
"CGCCAAGAGACCTTTG-1",1
"CGCCAAGAGATCGGGT-1",0
"CGCCAAGAGATCTGAA-1",0
"CGCCAAGAGCGTGTCC-1",1
"CGCCAAGGTCTAGGTT-1",1
"CGCCAAGTCAGGATCT-1",1
"CGCCAAGTCCACTCCA-1",0
"CGCCAAGTCTTGTTTG-1",0
"CGCGGTAAGCTAGCCC-1",0
"CGCGGTAAGGGTTCCC-1",1
"CGCGGTACAAACTGCT-1",0
"CGCGGTACAATGGAAT-1",0
"CGCGGTACAGCTGTTA-1",0
"CGCGGTAGTCAAGCGA-1",0
"CGCGGTAGTGAGGCTA-1",0
"CGCGGTAGTTTGCATG-1",1
"CGCGTTTAGTTATCGC-1",0
"CGCGTTTCAACAACCT-1",0
"CGCGTTTCAAGCGAGT-1",1
"CGCGTTTCAATGGACG-1",0
"CGCGTTTCACGGTGTC-1",2
"CGCGTTTGTGCTGTAT-1",0
"CGCGTTTGTGGACGAT-1",3
"CGCGTTTTCAAACCGT-1",0
"CGCGTTTTCAGCCTAA-1",0
"CGCGTTTTCCTATGTT-1",0
"CGCGTTTTCGTGGTCG-1",0
"CGCTATCAGAAACCGC-1",0
"CGCTATCAGTCATCCA-1",0
"CGCTATCCAAGCGAGT-1",4
"CGCTATCCAGTCGATT-1",1
"CGCTATCCATCGACGC-1",4
"CGCTATCCATTTCAGG-1",2
"CGCTATCGTACCGAGA-1",0
"CGCTATCGTTCGAATC-1",3
"CGCTATCGTTTCGCTC-1",1
"CGCTATCTCGTTACAG-1",1
"CGCTGGAAGGACATTA-1",2
"CGCTGGAAGGGCACTA-1",2
"CGCTGGAAGGTGATAT-1",0
"CGCTGGACAGACTCGC-1",1
"CGCTGGAGTGTAATGA-1",1
"CGCTGGAGTTCTGGTA-1",0
"CGCTGGATCCGAAGAG-1",0
"CGCTGGATCCGTTGCT-1",1
"CGCTGGATCGTAGGAG-1",1
"CGCTGGATCGTTACAG-1",0
"CGCTTCAAGAAGGGTA-1",2
"CGCTTCAAGGTCGGAT-1",0
"CGCTTCACACGGTGTC-1",0
"CGCTTCACAGACAAGC-1",1
"CGCTTCACATCACCCT-1",0
"CGCTTCAGTCGCGGTT-1",1
"CGCTTCATCTTAGAGC-1",1
"CGGACACAGCGATATA-1",0
"CGGACACAGCGATGAC-1",1
"CGGACACAGCTTCGCG-1",0
"CGGACACAGGTAAACT-1",0
"CGGACACAGTAGCCGA-1",1
"CGGACACCACAGGAGT-1",2
"CGGACACCATTCACTT-1",0
"CGGACACGTGAGCGAT-1",2
"CGGACACGTGCTCTTC-1",0
"CGGACACGTGTGACCC-1",1
"CGGACGTAGGTTACCT-1",0
"CGGACGTCATGGGACA-1",1
"CGGACGTGTGAAAGAG-1",1
"CGGACGTGTTGGTAAA-1",2
"CGGACGTTCATGTGGT-1",0
"CGGACGTTCTGTCCGT-1",3
"CGGACTGAGGAGCGAG-1",1
"CGGACTGAGGAGTCTG-1",1
"CGGACTGAGTGGTAGC-1",1
"CGGACTGCAACTTGAC-1",2
"CGGACTGCAATGACCT-1",0
"CGGACTGCACAACGTT-1",1
"CGGACTGCACGCCAGT-1",1
"CGGACTGCAGTATGCT-1",0
"CGGACTGGTAAAGGAG-1",2
"CGGACTGGTATAAACG-1",3
"CGGACTGGTGTAAGTA-1",0
"CGGACTGGTGTGGTTT-1",2
"CGGACTGGTTGACGTT-1",0
"CGGACTGTCATTGCCC-1",1
"CGGACTGTCCATGCTC-1",1
"CGGACTGTCCGTCAAA-1",1
"CGGACTGTCGTTTGCC-1",1
"CGGACTGTCTTCATGT-1",0
"CGGAGCTAGTTTAGGA-1",4
"CGGAGCTCATTGAGCT-1",1
"CGGAGCTGTAGAAAGG-1",2
"CGGAGCTTCACTTATC-1",3
"CGGAGCTTCATGTAGC-1",0
"CGGAGCTTCCACGAAT-1",1
"CGGAGTCAGTGCGATG-1",2
"CGGAGTCAGTGTGAAT-1",0
"CGGAGTCCAGTGGGAT-1",2
"CGGAGTCCATTATCTC-1",0
"CGGAGTCGTAGCTGCC-1",1
"CGGAGTCGTCCAGTGC-1",1
"CGGAGTCGTGTTCGAT-1",1
"CGGAGTCTCCCAGGTG-1",1
"CGGAGTCTCCGTAGTA-1",0
"CGGCTAGAGAAACGCC-1",0
"CGGCTAGAGCACCGTC-1",1
"CGGCTAGAGCTAAACA-1",0
"CGGCTAGCAGACAAAT-1",0
"CGGCTAGGTAACGCGA-1",0
"CGGCTAGGTTCATGGT-1",0
"CGGCTAGTCAAAGACA-1",0
"CGGCTAGTCGTGGGAA-1",1
"CGGCTAGTCTTGTTTG-1",0
"CGGGTCAAGAGTCGGT-1",0
"CGGGTCAAGCACACAG-1",1
"CGGGTCAAGCTAACTC-1",0
"CGGGTCAAGGACACCA-1",1
"CGGGTCAAGTATGACA-1",2
"CGGGTCACAATGACCT-1",2
"CGGGTCACACCGAAAG-1",1
"CGGGTCACAGCCACCA-1",0
"CGGGTCACATACAGCT-1",0
"CGGGTCACATCCTTGC-1",0
"CGGGTCAGTAGCGCTC-1",2
"CGGGTCAGTCGATTGT-1",3
"CGGGTCAGTGCAACTT-1",1
"CGGGTCAGTTGTTTGG-1",0
"CGGGTCATCAACACCA-1",0
"CGGGTCATCACCTTAT-1",3
"CGGGTCATCCACGACG-1",2
"CGGTTAACAGGACCCT-1",0
"CGGTTAACATGTCCTC-1",0
"CGGTTAACATTCCTGC-1",2
"CGGTTAAGTCGACTGC-1",6
"CGGTTAATCCGGCACA-1",0
"CGGTTAATCCTTTCGG-1",1
"CGGTTAATCTTATCTG-1",0
"CGTAGCGAGATGTAAC-1",1
"CGTAGCGAGGCAATTA-1",1
"CGTAGCGAGTAGGTGC-1",0
"CGTAGCGCAAGCGCTC-1",1
"CGTAGCGTCCAACCAA-1",1
"CGTAGCGTCGGCGGTT-1",1
"CGTAGGCAGGGCTCTC-1",0
"CGTAGGCCAAGCGATG-1",0
"CGTAGGCCACTAAGTC-1",1
"CGTAGGCCAGAGTGTG-1",0
"CGTAGGCCATCCCATC-1",1
"CGTAGGCGTATTAGCC-1",0
"CGTAGGCGTCAATACC-1",3
"CGTAGGCGTGGCGAAT-1",1
"CGTAGGCTCCAGAAGG-1",1
"CGTCACTAGTCATGCT-1",2
"CGTCACTCAAAGCGGT-1",2
"CGTCACTCAGGTCCAC-1",1
"CGTCACTCAGTCACTA-1",0
"CGTCACTTCCTTGACC-1",2
"CGTCACTTCGGTGTTA-1",0
"CGTCACTTCTGTGCAA-1",2
"CGTCACTTCTTGAGAC-1",0
"CGTCAGGAGCTGTTCA-1",1
"CGTCAGGCAAAGCAAT-1",1
"CGTCAGGCAAAGCGGT-1",1
"CGTCAGGCAACACGCC-1",0
"CGTCAGGCATCCGCGA-1",3
"CGTCAGGGTCAGCTAT-1",0
"CGTCAGGGTCGTTGTA-1",0
"CGTCAGGGTGTAAGTA-1",1
"CGTCAGGTCCACTGGG-1",2
"CGTCAGGTCGACAGCC-1",1
"CGTCAGGTCGGGAGTA-1",0
"CGTCCATAGACCACGA-1",1
"CGTCCATAGCGATTCT-1",1
"CGTCCATAGGCTATCT-1",2
"CGTCCATAGTCTCAAC-1",0
"CGTCCATCACGACTCG-1",2
"CGTCCATCATTCACTT-1",1
"CGTCCATGTCTAGCGC-1",0
"CGTCCATGTGATAAAC-1",1
"CGTCCATGTTTGGGCC-1",0
"CGTCCATGTTTGTGTG-1",1
"CGTCCATTCAACACCA-1",0
"CGTCCATTCATTCACT-1",0
"CGTCTACAGTGCGTGA-1",1
"CGTCTACGTAGTAGTA-1",1
"CGTCTACTCGAGCCCA-1",0
"CGTCTACTCGCCATAA-1",0
"CGTCTACTCGGCCGAT-1",0
"CGTCTACTCGTCCAGG-1",1
"CGTCTACTCTATCGCC-1",0
"CGTGAGCAGATCTGAA-1",1
"CGTGAGCAGCAATCTC-1",2
"CGTGAGCAGCGGATCA-1",1
"CGTGAGCAGCTAGTGG-1",0
"CGTGAGCAGCTTCGCG-1",1
"CGTGAGCAGGGCACTA-1",0
"CGTGAGCAGGGTGTGT-1",3
"CGTGAGCAGTGGAGAA-1",0
"CGTGAGCCAAGCCGCT-1",0
"CGTGAGCCACGTAAGG-1",0
"CGTGAGCCATACGCCG-1",0
"CGTGAGCGTAGATTAG-1",0
"CGTGAGCGTCTCTTAT-1",1
"CGTGAGCTCACAAACC-1",1
"CGTGAGCTCCAAATGC-1",0
"CGTGAGCTCCGAGCCA-1",3
"CGTGAGCTCGTTGCCT-1",0
"CGTGAGCTCTGGGCCA-1",0
"CGTGTAAAGATAGTCA-1",0
"CGTGTAAAGGTGTTAA-1",2
"CGTGTAAAGTACATGA-1",1
"CGTGTAACATGGGACA-1",1
"CGTGTAAGTCCGCTGA-1",0
"CGTGTAAGTGTCTGAT-1",0
"CGTGTAATCTACTATC-1",1
"CGTGTAATCTCGATGA-1",2
"CGTGTAATCTTTAGTC-1",2
"CGTGTCTAGGCGCTCT-1",0
"CGTGTCTAGGGATGGG-1",1
"CGTGTCTCAGACAAAT-1",1
"CGTGTCTCAGACACTT-1",1
"CGTGTCTGTAAGAGGA-1",0
"CGTGTCTGTATATGAG-1",0
"CGTGTCTGTCAAAGCG-1",0
"CGTGTCTGTTCCGTCT-1",0
"CGTGTCTTCAATCACG-1",0
"CGTGTCTTCAGAGGTG-1",0
"CGTGTCTTCATAGCAC-1",0
"CGTGTCTTCCGAACGC-1",1
"CGTGTCTTCGGCATCG-1",0
"CGTGTCTTCGTGGACC-1",0
"CGTGTCTTCTACTTAC-1",1
"CGTGTCTTCTGAGTGT-1",0
"CGTTAGAAGATCTGAA-1",1
"CGTTAGAAGGCCCTTG-1",0
"CGTTAGACACGAAAGC-1",1
"CGTTAGACAGCTTCGG-1",1
"CGTTAGAGTTTAAGCC-1",0
"CGTTAGATCACTTATC-1",4
"CGTTAGATCAGCCTAA-1",0
"CGTTCTGAGAAGGGTA-1",2
"CGTTCTGAGACTAGGC-1",3
"CGTTCTGAGTGAACAT-1",1
"CGTTCTGCAGCTCGCA-1",2
"CGTTCTGCATTGGCGC-1",0
"CGTTCTGGTGAGGGTT-1",0
"CGTTCTGTCTGATTCT-1",1
"CGTTGGGAGCTAGTTC-1",3
"CGTTGGGAGGATGCGT-1",0
"CGTTGGGCACATTAGC-1",0
"CGTTGGGCAGACAGGT-1",0
"CGTTGGGGTTCCCGAG-1",1
"CGTTGGGTCATGCTCC-1",0
"CGTTGGGTCCATGAAC-1",0
"CGTTGGGTCTACCAGA-1",3
"CTAACTTAGTCCTCCT-1",0
"CTAACTTCAATAGCAA-1",0
"CTAACTTCAATCGGTT-1",0
"CTAACTTGTGAGGCTA-1",0
"CTAACTTTCGTACGGC-1",2
"CTAACTTTCTGGCGTG-1",1
"CTAAGACAGGGAAACA-1",0
"CTAAGACAGTACATGA-1",2
"CTAAGACAGTTCGCGC-1",0
"CTAAGACCAAGTAATG-1",0
"CTAAGACCAGTAAGAT-1",0
"CTAAGACCATGCAATC-1",0
"CTAAGACGTAAGGATT-1",1
"CTAAGACGTATCAGTC-1",0
"CTAAGACGTCACCTAA-1",0
"CTAAGACTCGTTGCCT-1",0
"CTAAGACTCTTACCGC-1",0
"CTAAGACTCTTGAGGT-1",0
"CTAATGGAGCAATCTC-1",3
"CTAATGGAGCGCTCCA-1",0
"CTAATGGAGCTCCCAG-1",1
"CTAATGGAGCTGAAAT-1",2
"CTAATGGAGTTAGGTA-1",0
"CTAATGGCATGGAATA-1",0
"CTAATGGGTACCGCTG-1",1
"CTAATGGGTCTAGCGC-1",1
"CTAATGGGTGAGGGAG-1",1
"CTAATGGGTTGGTGGA-1",0
"CTAATGGTCATGCTCC-1",0
"CTAATGGTCCACTGGG-1",0
"CTAATGGTCCGTTGCT-1",0
"CTAATGGTCCTAGAAC-1",2
"CTACACCAGTGCGATG-1",0
"CTACACCCACGGACAA-1",3
"CTACACCGTAATAGCA-1",3
"CTACACCGTCTGATTG-1",0
"CTACACCGTTCGTCTC-1",0
"CTACACCTCAGAAATG-1",1
"CTACACCTCGGCTTGG-1",1
"CTACACCTCGGTCCGA-1",0
"CTACACCTCTCGCATC-1",0
"CTACACCTCTCTGCTG-1",1
"CTACATTAGATCACGG-1",1
"CTACATTCACTCGACG-1",1
"CTACATTCATTTCACT-1",0
"CTACATTGTGATGATA-1",0
"CTACATTGTTCGAATC-1",2
"CTACATTTCAACGCTA-1",0
"CTACATTTCGCCATAA-1",0
"CTACATTTCTAGCACA-1",1
"CTACCCACACAGAGGT-1",0
"CTACCCACACGACGAA-1",0
"CTACCCACATGGTTGT-1",1
"CTACCCAGTATCTGCA-1",0
"CTACCCAGTATGAATG-1",1
"CTACCCAGTCAGAAGC-1",0
"CTACCCAGTGTGACCC-1",1
"CTACCCAGTTATGTGC-1",2
"CTACCCATCTACGAGT-1",0
"CTACGTCAGGTGCAAC-1",0
"CTACGTCAGTGCGATG-1",1
"CTACGTCAGTTGTCGT-1",2
"CTACGTCCATATACCG-1",0
"CTACGTCGTATATGGA-1",1
"CTACGTCGTGTGGTTT-1",2
"CTACGTCTCAAAGTAG-1",1
"CTACGTCTCACGACTA-1",1
"CTACGTCTCACGGTTA-1",2
"CTACGTCTCCTAGAAC-1",1
"CTAGAGTAGCTGTCTA-1",1
"CTAGAGTAGGATCGCA-1",1
"CTAGAGTAGTCCATAC-1",0
"CTAGAGTCACATTAGC-1",2
"CTAGAGTCAGTATGCT-1",2
"CTAGAGTCATACTCTT-1",1
"CTAGAGTCATGTAAGA-1",0
"CTAGAGTGTGACCAAG-1",0
"CTAGAGTTCAACACCA-1",1
"CTAGAGTTCCGTCAAA-1",1
"CTAGAGTTCCTAAGTG-1",2
"CTAGAGTTCGCCAGCA-1",0
"CTAGAGTTCGCTTAGA-1",0
"CTAGAGTTCGTGACAT-1",0
"CTAGAGTTCTGATTCT-1",2
"CTAGCCTCACCAGATT-1",0
"CTAGCCTGTATATCCG-1",0
"CTAGCCTGTGATGCCC-1",1
"CTAGCCTTCGGGAGTA-1",3
"CTAGTGAAGCTGGAAC-1",2
"CTAGTGAAGTGTACCT-1",1
"CTAGTGACAAGTCTAC-1",1
"CTAGTGACAGGATCGA-1",3
"CTAGTGAGTTATGCGT-1",1
"CTAGTGATCAGTTGAC-1",2
"CTAGTGATCCAGTAGT-1",3
"CTCACACAGCTAAGAT-1",0
"CTCACACAGCTGCCCA-1",2
"CTCACACAGGATGCGT-1",0
"CTCACACCACGTAAGG-1",0
"CTCACACCACTGTTAG-1",0
"CTCACACCATATACGC-1",3
"CTCACACGTGCTGTAT-1",0
"CTCACACGTTCCATGA-1",0
"CTCACACGTTTGGGCC-1",1
"CTCACACTCACCGGGT-1",1
"CTCACACTCATCGGAT-1",0
"CTCACACTCCGCGCAA-1",0
"CTCACACTCTAACCGA-1",0
"CTCAGAAAGAGCTGCA-1",0
"CTCAGAAAGGAGTAGA-1",1
"CTCAGAACAACGCACC-1",0
"CTCAGAACAAGCGATG-1",1
"CTCAGAACAGGGCATA-1",1
"CTCAGAAGTGACGGTA-1",1
"CTCAGAATCTTAACCT-1",1
"CTCATTAAGAACTGTA-1",1
"CTCATTACATGGTCAT-1",1
"CTCATTAGTGTAACGG-1",1
"CTCATTAGTTTACTCT-1",1
"CTCCTAGCAAGTACCT-1",0
"CTCCTAGCAATTCCTT-1",4
"CTCCTAGCACTGTCGG-1",0
"CTCCTAGCAGTCCTTC-1",3
"CTCCTAGCATAACCTG-1",0
"CTCCTAGCATGCGCAC-1",0
"CTCCTAGGTAGAAAGG-1",1
"CTCCTAGGTCCGAGTC-1",0
"CTCCTAGGTCTAGCCG-1",0
"CTCCTAGGTGTTTGTG-1",0
"CTCCTAGGTTCGTGAT-1",0
"CTCCTAGGTTGTTTGG-1",0
"CTCCTAGTCACTTACT-1",2
"CTCCTAGTCTCATTCA-1",0
"CTCGAAAAGCCCAACC-1",0
"CTCGAAAAGCTATGCT-1",1
"CTCGAAAAGGCCCTTG-1",0
"CTCGAAAAGGGCTTCC-1",0
"CTCGAAACAAGCCGTC-1",2
"CTCGAAACACATTAGC-1",3
"CTCGAAACACCGAAAG-1",0
"CTCGAAACACGGCTAC-1",1
"CTCGAAACAGTAAGAT-1",1
"CTCGAAACATACGCCG-1",1
"CTCGAGGAGCCATCGC-1",0
"CTCGAGGAGGGCTTCC-1",4
"CTCGAGGCAGATAATG-1",0
"CTCGAGGGTATTCTCT-1",2
"CTCGAGGGTGCCTGGT-1",0
"CTCGGAGAGTCCCACG-1",0
"CTCGGAGCACTTCTGC-1",0
"CTCGGAGCAGCTGCAC-1",2
"CTCGGAGCAGGATCGA-1",1
"CTCGGAGGTAGCCTAT-1",0
"CTCGGAGGTCATGCCG-1",2
"CTCGGAGTCAAACGGG-1",0
"CTCGGAGTCACATACG-1",0
"CTCGGAGTCAGCTTAG-1",0
"CTCGGGAAGACCTAGG-1",2
"CTCGGGACACAGCCCA-1",0
"CTCGGGACATAAAGGT-1",0
"CTCGGGACATCCCACT-1",5
"CTCGGGACATGTCGAT-1",0
"CTCGGGAGTCGCGTGT-1",0
"CTCGGGAGTGACTACT-1",1
"CTCGGGAGTTACGACT-1",0
"CTCGGGATCCGTACAA-1",0
"CTCGGGATCCTTGACC-1",2
"CTCGGGATCTTAGCCC-1",0
"CTCGGGATCTTGTTTG-1",1
"CTCGTACAGCGATAGC-1",1
"CTCGTACCAGCGTAAG-1",1
"CTCGTACCATAGTAAG-1",1
"CTCGTACGTAGAGTGC-1",0
"CTCGTACGTATCACCA-1",0
"CTCGTACGTGCAGTAG-1",2
"CTCGTACTCAAAGTAG-1",2
"CTCGTACTCAATCTCT-1",0
"CTCGTACTCGTTGCCT-1",0
"CTCGTACTCTGGTTCC-1",2
"CTCGTCAAGATGCCTT-1",0
"CTCGTCAAGTGGAGTC-1",3
"CTCGTCAAGTTTGCGT-1",1
"CTCGTCACAACGATCT-1",1
"CTCGTCACACATCCGG-1",0
"CTCGTCACAGTCGTGC-1",4
"CTCGTCAGTCTCATCC-1",1
"CTCGTCAGTCTCCATC-1",1
"CTCGTCAGTGAGCGAT-1",0
"CTCGTCAGTTGACGTT-1",0
"CTCGTCAGTTGGGACA-1",2
"CTCGTCATCACTTATC-1",0
"CTCGTCATCGACCAGC-1",2
"CTCGTCATCTGCTGTC-1",0
"CTCTAATCACCAGGTC-1",0
"CTCTAATCACGGTGTC-1",0
"CTCTAATCAGGAATCG-1",0
"CTCTAATGTCCAAGTT-1",0
"CTCTACGAGCTAAACA-1",1
"CTCTACGAGCTAGTGG-1",1
"CTCTACGAGTACGCCC-1",0
"CTCTACGAGTAGGCCA-1",2
"CTCTACGCAATAACGA-1",0
"CTCTACGCAGACGCTC-1",1
"CTCTACGCATGACATC-1",0
"CTCTACGTCATGTCTT-1",0
"CTCTACGTCCCTAATT-1",0
"CTCTACGTCGGCATCG-1",0
"CTCTACGTCGGTCTAA-1",2
"CTCTGGTAGCAGCGTA-1",0
"CTCTGGTAGCGTTCCG-1",0
"CTCTGGTAGGCATGGT-1",0
"CTCTGGTAGTGCCAGA-1",0
"CTCTGGTCACAAGCCC-1",1
"CTCTGGTCAGCCTTTC-1",1
"CTCTGGTTCATCTGTT-1",3
"CTCTGGTTCTTGTACT-1",1
"CTGAAACAGATCCCGC-1",1
"CTGAAACAGGTGCTAG-1",0
"CTGAAACAGTCCGTAT-1",0
"CTGAAACAGTGTCTCA-1",1
"CTGAAACGTCATCGGC-1",1
"CTGAAACGTTAAAGAC-1",2
"CTGAAACTCATACGGT-1",1
"CTGAAGTAGTGCGTGA-1",0
"CTGAAGTCAGCTGTAT-1",0
"CTGAAGTGTTAAAGTG-1",1
"CTGAAGTTCAAGCCTA-1",0
"CTGAAGTTCGGATGTT-1",0
"CTGATAGAGGGAGTAA-1",0
"CTGATAGAGTGCAAGC-1",2
"CTGATAGCAGCCTTTC-1",1
"CTGATAGCATCCCATC-1",0
"CTGATAGCATCTCCCA-1",1
"CTGATAGGTCAAAGCG-1",1
"CTGATAGGTCGCTTTC-1",1
"CTGATAGGTTACGACT-1",1
"CTGATAGTCGCGATCG-1",1
"CTGATAGTCTTATCTG-1",1
"CTGATCCAGGCATTGG-1",2
"CTGATCCAGGTGACCA-1",0
"CTGATCCCACAGAGGT-1",1
"CTGATCCCAGGCTGAA-1",0
"CTGATCCGTGCCTGGT-1",1
"CTGATCCGTTATCCGA-1",1
"CTGATCCGTTGTGGCC-1",1
"CTGCCTAAGGGTCTCC-1",1
"CTGCCTAAGGTGATAT-1",0
"CTGCCTAAGTACGCGA-1",0
"CTGCCTAAGTGCGTGA-1",2
"CTGCCTACATCCCACT-1",1
"CTGCCTATCAATAAGG-1",2
"CTGCGGAAGAAGGACA-1",1
"CTGCGGAAGAGCTGGT-1",4
"CTGCGGAAGATGAGAG-1",1
"CTGCGGACAGGTCGTC-1",0
"CTGCGGACATGTCTCC-1",0
"CTGCGGAGTCACTTCC-1",2
"CTGCGGAGTCGTGGCT-1",0
"CTGCGGAGTTCTGTTT-1",1
"CTGCGGAGTTGGACCC-1",1
"CTGCGGATCGCCTGTT-1",0
"CTGCGGATCTTACCGC-1",0
"CTGCTGTAGGGTGTTG-1",2
"CTGCTGTAGTACCGGA-1",0
"CTGCTGTAGTGGAGAA-1",1
"CTGCTGTCACATCTTT-1",0
"CTGCTGTGTTAAAGAC-1",0
"CTGCTGTTCTCCAACC-1",1
"CTGCTGTTCTTACCGC-1",0
"CTGGTCTAGCGTTGCC-1",1
"CTGGTCTAGGACAGCT-1",0
"CTGGTCTAGGGCTTGA-1",2
"CTGGTCTAGTCGAGTG-1",0
"CTGGTCTCAAAGGAAG-1",2
"CTGGTCTCACCAGTTA-1",0
"CTGGTCTGTACCTACA-1",0
"CTGGTCTGTACGCTGC-1",6
"CTGGTCTGTCCGCTGA-1",3
"CTGGTCTGTCCGTTAA-1",0
"CTGGTCTGTTCATGGT-1",0
"CTGGTCTGTTCGTGAT-1",0
"CTGGTCTTCAACGGGA-1",2
"CTGGTCTTCACTTACT-1",0
"CTGGTCTTCTTACCTA-1",0
"CTGTGCTGTATATCCG-1",1
"CTGTGCTGTCATCCCT-1",0
"CTGTGCTGTCCCTACT-1",1
"CTGTGCTGTCGGCACT-1",0
"CTGTGCTTCCATTCTA-1",1
"CTGTGCTTCCGTACAA-1",3
"CTGTTTAAGAAACCGC-1",1
"CTGTTTAAGATCGATA-1",0
"CTGTTTAAGGAGTTGC-1",1
"CTGTTTAGTCAAAGCG-1",1
"CTGTTTATCAGCCTAA-1",1
"CTGTTTATCATTTGGG-1",1
"CTGTTTATCTCCAGGG-1",2
"CTGTTTATCTCTTGAT-1",3
"CTGTTTATCTTCTGGC-1",1
"CTTAACTAGCCAGTAG-1",2
"CTTAACTAGGCTCTTA-1",0
"CTTAACTAGGTGCACA-1",0
"CTTAACTAGTCTCGGC-1",0
"CTTACCGAGCGCTTAT-1",1
"CTTACCGAGGCTACGA-1",0
"CTTACCGCAGATCTGT-1",0
"CTTACCGCAGTCAGAG-1",1
"CTTACCGGTCCTGCTT-1",1
"CTTACCGGTCGCCATG-1",0
"CTTACCGGTCTACCTC-1",1
"CTTACCGTCGGACAAG-1",1
"CTTAGGAAGCCCAACC-1",0
"CTTAGGACACGACGAA-1",2
"CTTAGGAGTTATGTGC-1",0
"CTTAGGATCCCATTTA-1",3
"CTTAGGATCTTTACAC-1",0
"CTTCTCTAGAACTCGG-1",0
"CTTCTCTAGAGTGAGA-1",1
"CTTCTCTAGCAGGCTA-1",0
"CTTCTCTAGTTAACGA-1",0
"CTTCTCTCAAAGGTGC-1",0
"CTTCTCTGTAACGACG-1",0
"CTTCTCTGTGCATCTA-1",1
"CTTCTCTTCGAGCCCA-1",0
"CTTGGCTAGCGATATA-1",0
"CTTGGCTAGTACGTTC-1",1
"CTTGGCTCATTACCTT-1",0
"CTTGGCTGTCTCCATC-1",0
"CTTGGCTTCCCTAATT-1",0
"CTTGGCTTCGCGTAGC-1",1
"CTTGGCTTCTCGTTTA-1",3
"CTTTGCGAGCAAATCA-1",0
"CTTTGCGAGCGTTCCG-1",2
"CTTTGCGAGTATCTCG-1",2
"CTTTGCGCAATTCCTT-1",2
"CTTTGCGCACTTAAGC-1",1
"CTTTGCGCAGACGCAA-1",0
"CTTTGCGGTAGAGGAA-1",0
"CTTTGCGTCCAGGGCT-1",0
"GAAACTCAGAGACGAA-1",0
"GAAACTCAGAGGTTAT-1",1
"GAAACTCAGCAGCCTC-1",0
"GAAACTCAGCCCAGCT-1",1
"GAAACTCAGCTAAACA-1",0
"GAAACTCAGTGCTGCC-1",0
"GAAACTCCAAGCCCAC-1",1
"GAAACTCCACATGACT-1",1
"GAAACTCCAGACACTT-1",1
"GAAACTCCATGGATGG-1",1
"GAAACTCGTACTCGCG-1",0
"GAAACTCGTAGCGATG-1",1
"GAAACTCGTGTGAAAT-1",2
"GAAACTCGTTTGTGTG-1",1
"GAAATGAAGACTAGGC-1",0
"GAAATGAAGCCAGTTT-1",0
"GAAATGAAGCTAGTCT-1",2
"GAAATGAAGTACGTAA-1",1
"GAAATGATCATGCTCC-1",0
"GAAATGATCCTCGCAT-1",2
"GAACATCAGATGGCGT-1",0
"GAACATCCAACAACCT-1",1
"GAACATCCACATCTTT-1",1
"GAACATCCACCTATCC-1",2
"GAACATCCACGGACAA-1",0
"GAACATCCATGCTAGT-1",1
"GAACATCGTACGACCC-1",0
"GAACATCGTGGACGAT-1",2
"GAACATCGTTCCCGAG-1",0
"GAACATCTCCAAGTAC-1",1
"GAACATCTCGATCCCT-1",1
"GAACATCTCTCCAACC-1",1
"GAACCTAAGAACTGTA-1",0
"GAACCTAAGAGCAATT-1",0
"GAACCTAAGCCAGTAG-1",1
"GAACCTACAAGGACAC-1",1
"GAACCTACAGACACTT-1",0
"GAACCTAGTACCAGTT-1",1
"GAACCTAGTGTCAATC-1",1
"GAACCTATCACGATGT-1",2
"GAACGGAAGACGCAAC-1",0
"GAACGGAAGTAATCCC-1",2
"GAACGGAAGTCAATAG-1",0
"GAACGGAAGTGGACGT-1",1
"GAACGGACACAGCGTC-1",0
"GAACGGACACCTCGTT-1",1
"GAACGGACACTTAACG-1",0
"GAACGGAGTAGCGTAG-1",3
"GAACGGAGTCAGAGGT-1",1
"GAACGGAGTGGCGAAT-1",1
"GAACGGATCACTCCTG-1",1
"GAACGGATCCACGAAT-1",0
"GAACGGATCGTAGGAG-1",1
"GAACGGATCTGTCAAG-1",0
"GAAGCAGAGACTAAGT-1",1
"GAAGCAGAGAGACGAA-1",0
"GAAGCAGAGCCACGCT-1",2
"GAAGCAGAGTTCGCGC-1",0
"GAAGCAGCAATCCGAT-1",3
"GAAGCAGCACTCGACG-1",0
"GAAGCAGCAGATCTGT-1",0
"GAAGCAGCAGATGAGC-1",4
"GAAGCAGCATGAACCT-1",0
"GAAGCAGCATGGAATA-1",1
"GAAGCAGGTAACGCGA-1",0
"GAAGCAGGTCATACTG-1",1
"GAAGCAGTCCTAGTGA-1",0
"GAAGCAGTCTTATCTG-1",1
"GAATAAGCAAGGTGTG-1",0
"GAATAAGCAGACAAGC-1",0
"GAATAAGCATGCAACT-1",0
"GAATAAGGTCCGTTAA-1",2
"GAATAAGGTGAGTGAC-1",1
"GAATAAGGTTCCCTTG-1",3
"GAATAAGTCGTTTAGG-1",0
"GAATGAAAGAGTCTGG-1",2
"GAATGAAAGCTTATCG-1",1
"GAATGAAAGGCATGTG-1",1
"GAATGAACAAACGCGA-1",1
"GAATGAACAGTGAGTG-1",1
"GAATGAACATCATCCC-1",1
"GAATGAAGTCAACATC-1",1
"GAATGAAGTCTCACCT-1",2
"GAATGAAGTGGCAAAC-1",0
"GAATGAAGTTGCGTTA-1",0
"GAATGAATCAGTTAGC-1",1
"GAATGAATCCTGCCAT-1",0
"GACACGCAGACGCACA-1",1
"GACACGCAGAGTAATC-1",1
"GACACGCAGCCAACAG-1",1
"GACACGCAGGAGTTTA-1",0
"GACACGCAGGGCATGT-1",1
"GACACGCAGGTGCACA-1",0
"GACACGCAGTCCAGGA-1",1
"GACACGCAGTGGGATC-1",1
"GACACGCAGTGGGTTG-1",0
"GACACGCCAAGCGTAG-1",2
"GACACGCCAAGGACAC-1",0
"GACACGCCAGACGCTC-1",0
"GACACGCCATCCTTGC-1",1
"GACACGCGTTCACGGC-1",0
"GACACGCTCATGTAGC-1",1
"GACAGAGAGTACGATA-1",1
"GACAGAGCAACGATCT-1",4
"GACAGAGCAAGTCTAC-1",0
"GACAGAGCAGCTCCGA-1",1
"GACAGAGCAGCTGGCT-1",3
"GACAGAGGTAGAAAGG-1",2
"GACAGAGTCAAACAAG-1",1
"GACAGAGTCAGAGACG-1",0
"GACAGAGTCCTTCAAT-1",1
"GACAGAGTCCTTGCCA-1",1
"GACAGAGTCTTCATGT-1",2
"GACCAATAGAAGGGTA-1",0
"GACCAATAGCTACCGC-1",2
"GACCAATAGCTACCTA-1",1
"GACCAATCAGGTGCCT-1",0
"GACCAATCATGCGCAC-1",0
"GACCAATGTACAGTTC-1",1
"GACCAATGTCGCTTCT-1",1
"GACCAATTCCGATATG-1",0
"GACCAATTCGAATGGG-1",1
"GACCAATTCGTCACGG-1",0
"GACCTGGCATCACAAC-1",0
"GACCTGGCATGTCTCC-1",0
"GACCTGGCATTGGCGC-1",2
"GACCTGGGTAAAGGAG-1",1
"GACCTGGGTCCAGTTA-1",1
"GACCTGGGTGCAGTAG-1",1
"GACCTGGTCATAGCAC-1",0
"GACCTGGTCCTTGCCA-1",0
"GACCTGGTCGCATGAT-1",0
"GACCTGGTCGTCACGG-1",4
"GACGCGTAGTGGTAAT-1",1
"GACGCGTAGTTGTAGA-1",0
"GACGCGTGTAAAGGAG-1",1
"GACGCGTGTGTGAAAT-1",2
"GACGCGTGTTAAGACA-1",0
"GACGCGTTCAAACCGT-1",0
"GACGCGTTCCAAATGC-1",1
"GACGCGTTCCGCGGTA-1",0
"GACGCGTTCCTACAGA-1",0
"GACGCGTTCGACGGAA-1",0
"GACGCGTTCTCCGGTT-1",0
"GACGGCTAGAAGATTC-1",0
"GACGGCTAGAGCTGGT-1",0
"GACGGCTCAAGGTTTC-1",0
"GACGGCTCACCGCTAG-1",1
"GACGGCTCATGAACCT-1",1
"GACGGCTCATGCAACT-1",0
"GACGGCTGTGTGTGCC-1",2
"GACGGCTGTTATGTGC-1",0
"GACGGCTGTTTGGCGC-1",0
"GACGGCTTCTATCGCC-1",1
"GACGTGCAGGCAAAGA-1",1
"GACGTGCAGGGTGTGT-1",1
"GACGTGCAGGTGTTAA-1",0
"GACGTGCCAGGTCGTC-1",1
"GACGTGCGTAACGTTC-1",3
"GACGTGCTCACCTCGT-1",1
"GACGTTAAGCTACCGC-1",0
"GACGTTAAGGCAAAGA-1",2
"GACGTTAAGTCAAGCG-1",0
"GACGTTACAAGCCATT-1",1
"GACGTTACAAGGTTTC-1",0
"GACGTTACAGACACTT-1",2
"GACGTTAGTATCTGCA-1",0
"GACGTTAGTTTGACAC-1",0
"GACGTTAGTTTGACTG-1",1
"GACGTTATCACAGGCC-1",0
"GACGTTATCATTGCGA-1",0
"GACGTTATCCCGGATG-1",1
"GACGTTATCCGAAGAG-1",1
"GACGTTATCGCGTTTC-1",0
"GACGTTATCTGTCCGT-1",2
"GACTAACAGACAGAGA-1",1
"GACTAACAGTGGAGAA-1",0
"GACTAACCAAATCCGT-1",0
"GACTAACGTCTAGTCA-1",0
"GACTAACGTGCAACTT-1",0
"GACTAACGTTCAGACT-1",1
"GACTAACTCCGCGCAA-1",1
"GACTAACTCCTTTCTC-1",2
"GACTAACTCTTGCCGT-1",1
"GACTAACTCTTTACAC-1",0
"GACTACAAGATATGGT-1",0
"GACTACACAAATCCGT-1",1
"GACTACAGTGCTGTAT-1",1
"GACTACATCAGCCTAA-1",0
"GACTACATCAGGTAAA-1",2
"GACTACATCTGCAGTA-1",1
"GACTGCGAGCGTAGTG-1",0
"GACTGCGAGTTGTAGA-1",2
"GACTGCGCACTTAACG-1",1
"GACTGCGCATGTTCCC-1",0
"GACTGCGGTACGCACC-1",0
"GACTGCGGTTCTCATT-1",0
"GACTGCGTCAACACAC-1",0
"GACTGCGTCACGACTA-1",0
"GACTGCGTCGCCCTTA-1",0
"GACTGCGTCTCAAACG-1",1
"GAGCAGAGTAGGGTAC-1",0
"GAGCAGAGTCAGATAA-1",1
"GAGCAGAGTCATATGC-1",2
"GAGCAGAGTGAGCGAT-1",1
"GAGCAGAGTGTAACGG-1",2
"GAGCAGAGTGTGACCC-1",2
"GAGCAGAGTTCGGGCT-1",0
"GAGCAGAGTTTAAGCC-1",0
"GAGCAGAGTTTGCATG-1",3
"GAGGTGAAGCAACGGT-1",4
"GAGGTGAAGGCTCTTA-1",0
"GAGGTGAAGTGGTAGC-1",3
"GAGGTGAAGTTGTAGA-1",3
"GAGGTGACACTGTCGG-1",0
"GAGGTGACATCCTTGC-1",0
"GAGGTGACATGCATGT-1",0
"GAGGTGAGTACCTACA-1",1
"GAGGTGAGTCATTAGC-1",1
"GAGGTGAGTTCCTCCA-1",0
"GAGGTGATCATCGCTC-1",0
"GAGGTGATCTAGAGTC-1",1
"GAGGTGATCTCTAGGA-1",4
"GAGGTGATCTGCTGTC-1",0
"GAGGTGATCTGGGCCA-1",2
"GAGTCCGAGGACAGAA-1",2
"GAGTCCGAGGCATGTG-1",1
"GAGTCCGAGGCGTACA-1",2
"GAGTCCGCAAACCCAT-1",1
"GAGTCCGGTCAAGCGA-1",0
"GAGTCCGGTGACCAAG-1",1
"GAGTCCGGTGACTCAT-1",2
"GAGTCCGGTGTGACCC-1",1
"GAGTCCGGTTCGGGCT-1",0
"GAGTCCGGTTTGCATG-1",1
"GAGTCCGTCGGCGCAT-1",0
"GAGTCCGTCTGATTCT-1",1
"GATCAGTAGATGTCGG-1",0
"GATCAGTAGTGGTAGC-1",0
"GATCAGTGTATATGAG-1",2
"GATCAGTGTCTGCGGT-1",1
"GATCAGTGTTATGCGT-1",0
"GATCAGTGTTGTACAC-1",2
"GATCAGTTCCCGACTT-1",0
"GATCGATAGAATGTTG-1",2
"GATCGATAGAGCTGCA-1",2
"GATCGATAGCATGGCA-1",1
"GATCGATCAAGCGAGT-1",4
"GATCGATCAAGCGTAG-1",1
"GATCGATGTCAACATC-1",1
"GATCGATGTTGCCTCT-1",0
"GATCGATTCCGCATCT-1",0
"GATCGCGAGATAGTCA-1",1
"GATCGCGAGCCTTGAT-1",1
"GATCGCGAGGAGCGTT-1",2
"GATCGCGCAGGTCGTC-1",1
"GATCGCGGTACAGCAG-1",1
"GATCGCGGTGAGTATA-1",0
"GATCGCGGTTGTCGCG-1",1
"GATCGCGTCACTCCTG-1",2
"GATCGTAAGACATAAC-1",0
"GATCGTAAGCTCAACT-1",1
"GATCGTACATAACCTG-1",1
"GATCGTAGTGGCTCCA-1",1
"GATCGTATCATATCGG-1",1
"GATCGTATCATGTCCC-1",2
"GATCGTATCTTACCGC-1",0
"GATCTAGAGCGTCTAT-1",1
"GATCTAGAGTGGAGAA-1",0
"GATCTAGCAACACCTA-1",0
"GATCTAGCAAGGGTCA-1",0
"GATCTAGGTCTAAAGA-1",1
"GATCTAGGTCTCACCT-1",0
"GATCTAGGTCTCTTTA-1",0
"GATCTAGTCACATAGC-1",4
"GATCTAGTCTAAGCCA-1",0
"GATGAAAAGAGTAATC-1",1
"GATGAAAAGCTCCCAG-1",0
"GATGAAACACGGTAGA-1",2
"GATGAAACAGCTGTAT-1",0
"GATGAAAGTGGGTATG-1",0
"GATGAAATCACCCTCA-1",0
"GATGAAATCACTCCTG-1",0
"GATGAAATCAGCAACT-1",0
"GATGAAATCGAGAGCA-1",2
"GATGAGGAGATCCCGC-1",0
"GATGAGGAGTTCGATC-1",1
"GATGAGGCACCAGTTA-1",1
"GATGAGGGTATCACCA-1",2
"GATGAGGGTATTCGTG-1",1
"GATGAGGGTCGCGTGT-1",1
"GATGAGGGTGATGATA-1",0
"GATGAGGTCACAGGCC-1",1
"GATGAGGTCACATAGC-1",0
"GATGAGGTCCCTTGTG-1",0
"GATGAGGTCTGCTGTC-1",0
"GATGCTAAGACTAAGT-1",2
"GATGCTAAGGATGCGT-1",0
"GATGCTAAGGCTCTTA-1",0
"GATGCTAAGGGAACGG-1",0
"GATGCTAAGTATCTCG-1",1
"GATGCTAAGTCTCGGC-1",1
"GATGCTACATGTTGAC-1",3
"GATGCTACATTGCGGC-1",2
"GATGCTAGTCTCCATC-1",4
"GATGCTAGTGGAAAGA-1",0
"GATGCTAGTTAGGGTG-1",1
"GATGCTATCCTGTACC-1",1
"GATGCTATCGGCGCTA-1",0
"GATTCAGAGAAACCTA-1",2
"GATTCAGAGAGTGACC-1",0
"GATTCAGAGATTACCC-1",1
"GATTCAGAGGGTCGAT-1",0
"GATTCAGAGGTCGGAT-1",0
"GATTCAGAGTCAATAG-1",3
"GATTCAGCAAGTTGTC-1",0
"GATTCAGCAATTCCTT-1",2
"GATTCAGCAGGGTACA-1",0
"GATTCAGCATCGACGC-1",0
"GATTCAGCATTATCTC-1",1
"GATTCAGGTAAATACG-1",0
"GATTCAGTCAACTCTT-1",0
"GCAAACTAGATGTTAG-1",0
"GCAAACTAGTCATGCT-1",0
"GCAAACTAGTCTCAAC-1",1
"GCAAACTCACAGGTTT-1",0
"GCAAACTGTCAGATAA-1",3
"GCAAACTGTCTCCATC-1",0
"GCAAACTTCGTGGTCG-1",0
"GCAATCAAGGGATCTG-1",0
"GCAATCAAGTATCTCG-1",1
"GCAATCAAGTGGGTTG-1",1
"GCAATCACAGCTTAAC-1",0
"GCAATCACATGTCGAT-1",1
"GCAATCACATTCCTCG-1",0
"GCAATCAGTAGGAGTC-1",0
"GCAATCAGTATAATGG-1",1
"GCAATCAGTTCTCATT-1",2
"GCAATCAGTTCTGGTA-1",0
"GCACATAAGAGCTATA-1",0
"GCACATAAGATGTTAG-1",0
"GCACATAAGCCTTGAT-1",0
"GCACATAAGGAGTACC-1",2
"GCACATAAGTGAAGTT-1",0
"GCACATACACCACGTG-1",2
"GCACATACAGCTGTAT-1",1
"GCACATACAGGAACGT-1",2
"GCACATAGTCATCGGC-1",1
"GCACATAGTCCGAATT-1",1
"GCACATAGTCTCTTTA-1",0
"GCACATAGTGCGCTTG-1",0
"GCACATATCACCTCGT-1",0
"GCACATATCTGGTTCC-1",0
"GCACTCTCAAGACACG-1",0
"GCACTCTCAATCACAC-1",1
"GCACTCTCATTTCAGG-1",1
"GCACTCTGTAAACCTC-1",0
"GCACTCTGTACCAGTT-1",3
"GCACTCTGTAGAAAGG-1",0
"GCACTCTGTCGAACAG-1",1
"GCACTCTGTCTAGGTT-1",2
"GCACTCTTCAACTCTT-1",2
"GCACTCTTCCCTAATT-1",0
"GCACTCTTCTGCCCTA-1",1
"GCAGCCAAGCTGATAA-1",0
"GCAGCCACATGAGCGA-1",1
"GCAGCCAGTAATCGTC-1",1
"GCAGCCAGTGTCGCTG-1",1
"GCAGCCATCAGTTGAC-1",2
"GCAGCCATCCCAACGG-1",0
"GCAGCCATCCGTACAA-1",0
"GCAGTTAAGTCCATAC-1",1
"GCAGTTAAGTCCGTAT-1",0
"GCAGTTAAGTTAACGA-1",0
"GCAGTTAGTGGACGAT-1",2
"GCAGTTAGTTATTCTC-1",3
"GCAGTTATCGCGATCG-1",1
"GCATACAAGATCTGCT-1",1
"GCATACAAGCAACGGT-1",0
"GCATACACAACGCACC-1",2
"GCATACACAAGGACTG-1",0
"GCATACACAAGTCTGT-1",0
"GCATACACAGTCAGCC-1",1
"GCATACACATCCTAGA-1",1
"GCATACACATCGGAAG-1",1
"GCATACAGTCCGAACC-1",1
"GCATACAGTTCTGGTA-1",1
"GCATACATCCACGACG-1",1
"GCATGATAGAATGTTG-1",0
"GCATGATAGAGTAATC-1",0
"GCATGATAGCTGATAA-1",1
"GCATGATAGGACCACA-1",2
"GCATGATAGGCTAGCA-1",1
"GCATGATAGTCAAGCG-1",1
"GCATGATAGTGGAGAA-1",1
"GCATGATCACACCGAC-1",1
"GCATGATCACATTTCT-1",0
"GCATGATGTCCCTACT-1",0
"GCATGATGTTGCGCAC-1",1
"GCATGATTCGTGGACC-1",0
"GCATGCGAGCATGGCA-1",0
"GCATGCGAGTCCAGGA-1",2
"GCATGCGCACTGCCAG-1",0
"GCATGCGGTAAGGATT-1",0
"GCATGCGGTCCTCTTG-1",0
"GCATGCGGTGTGAAAT-1",2
"GCATGCGTCCGCGGTA-1",4
"GCATGTAAGAACTGTA-1",1
"GCATGTAAGACAGACC-1",0
"GCATGTAAGTACTTGC-1",0
"GCATGTAAGTGCAAGC-1",1
"GCATGTACAACACGCC-1",2
"GCATGTATCACGAAGG-1",0
"GCCAAATCAAACTGTC-1",3
"GCCAAATCAAGGGTCA-1",0
"GCCAAATCAAGTTCTG-1",0
"GCCAAATCAGCCACCA-1",1
"GCCAAATCATAACCTG-1",0
"GCCAAATGTATAAACG-1",3
"GCCAAATGTGTTTGGT-1",0
"GCCAAATGTTTCGCTC-1",0
"GCCAAATTCAGGTAAA-1",0
"GCCAAATTCCGAGCCA-1",1
"GCCAAATTCCGCGGTA-1",0
"GCCAAATTCGGCTACG-1",0
"GCCTCTAAGAGTACCG-1",1
"GCCTCTAAGCCATCGC-1",0
"GCCTCTAAGCCGCCTA-1",0
"GCCTCTAAGCGATAGC-1",0
"GCCTCTAAGCTGCAAG-1",1
"GCCTCTAAGCTTCGCG-1",1
"GCCTCTAAGTCACGCC-1",0
"GCCTCTACAAGACGTG-1",0
"GCCTCTACAGCTATTG-1",1
"GCCTCTAGTAAGGATT-1",1
"GCCTCTAGTGATGATA-1",1
"GCCTCTAGTTAAGGGC-1",0
"GCCTCTATCAGCGACC-1",0
"GCCTCTATCCGATATG-1",1
"GCCTCTATCGAATCCA-1",1
"GCCTCTATCGAGCCCA-1",4
"GCCTCTATCGCTGATA-1",0
"GCCTCTATCTTTAGGG-1",1
"GCGACCAAGAGGTTAT-1",0
"GCGACCACACTTACGA-1",0
"GCGACCAGTCAGGACA-1",1
"GCGACCAGTCTAGAGG-1",1
"GCGACCATCAACGGGA-1",1
"GCGACCATCCCGGATG-1",2
"GCGACCATCTACTCAT-1",2
"GCGAGAAAGGTTCCTA-1",0
"GCGAGAAAGTACGATA-1",1
"GCGAGAAAGTGTCTCA-1",3
"GCGAGAACAAGCCCAC-1",0
"GCGAGAACACTGAAGG-1",0
"GCGAGAAGTAGCGCTC-1",1
"GCGAGAAGTCCCTACT-1",0
"GCGAGAATCCTTTCGG-1",1
"GCGAGAATCGAGAGCA-1",0
"GCGAGAATCGCACTCT-1",0
"GCGCAACAGTCCTCCT-1",0
"GCGCAACAGTGTACGG-1",0
"GCGCAACCAAGTCTGT-1",0
"GCGCAACCAGCCACCA-1",1
"GCGCAACGTAGCGCTC-1",0
"GCGCAACGTCCCTTGT-1",2
"GCGCAACGTCCTAGCG-1",1
"GCGCAACGTCGACTAT-1",1
"GCGCAACGTCTAGAGG-1",1
"GCGCAACGTGCACGAA-1",2
"GCGCAACTCAATACCG-1",1
"GCGCAGTCACATCCAA-1",0
"GCGCAGTCATTACCTT-1",0
"GCGCAGTGTTAGGGTG-1",0
"GCGCAGTTCGATCCCT-1",1
"GCGCAGTTCGCGGATC-1",0
"GCGCCAAAGACATAAC-1",0
"GCGCCAAAGGACAGCT-1",2
"GCGCCAAAGGCCCTTG-1",0
"GCGCCAAAGGGCTTCC-1",0
"GCGCCAAAGGTACTCT-1",1
"GCGCCAACATAACCTG-1",2
"GCGCCAACATTGGGCC-1",3
"GCGCCAAGTACTTGAC-1",0
"GCGCCAAGTCGGCACT-1",1
"GCGCCAAGTGAAAGAG-1",1
"GCGCCAAGTTGTACAC-1",0
"GCGCCAATCCGTTGCT-1",1
"GCGCGATAGAAGGTTT-1",1
"GCGCGATAGCAGGTCA-1",0
"GCGCGATAGTGAATTG-1",3
"GCGCGATAGTTTGCGT-1",2
"GCGCGATCAGCTCGAC-1",2
"GCGCGATGTAAGTAGT-1",0
"GCGCGATGTATCACCA-1",0
"GCGCGATGTCACTTCC-1",0
"GCGCGATGTTACCAGT-1",0
"GCGCGATTCAGTTAGC-1",0
"GCGCGATTCGTTTAGG-1",0
"GCGGGTTAGAAACGAG-1",0
"GCGGGTTAGCTATGCT-1",1
"GCGGGTTAGTGTGAAT-1",1
"GCGGGTTCACGCGAAA-1",2
"GCGGGTTCAGGCAGTA-1",4
"GCGGGTTCAGTAACGG-1",1
"GCGGGTTGTGAGTATA-1",2
"GCGGGTTGTGGCGAAT-1",2
"GCGGGTTTCCAAAGTC-1",1
"GCGGGTTTCCTTTCTC-1",1
"GCGGGTTTCTCCAACC-1",0
"GCGGGTTTCTTGAGGT-1",3
"GCGGGTTTCTTGTATC-1",3
"GCTCCTACAAACTGTC-1",0
"GCTCCTACACCAGGTC-1",0
"GCTCCTACACCGATAT-1",2
"GCTCCTACAGGGTACA-1",0
"GCTCCTACATTAGCCA-1",0
"GCTCCTAGTCAGGACA-1",0
"GCTCCTAGTCCGTCAG-1",1
"GCTCCTATCAGCCTAA-1",3
"GCTCCTATCCCTAATT-1",0
"GCTCTGTAGAGGTAGA-1",1
"GCTCTGTAGCTGAACG-1",0
"GCTCTGTAGGAGTCTG-1",1
"GCTCTGTAGTGCTGCC-1",0
"GCTCTGTAGTGGACGT-1",1
"GCTCTGTTCACCTCGT-1",3
"GCTGCAGAGCGTGAGT-1",1
"GCTGCAGAGTCAAGCG-1",2
"GCTGCAGAGTCCCACG-1",0
"GCTGCAGCAATTGCTG-1",3
"GCTGCAGCATGCCCGA-1",0
"GCTGCAGCATGCCTAA-1",1
"GCTGCAGGTAAACCTC-1",1
"GCTGCAGGTACGAAAT-1",0
"GCTGCAGGTAGCGCAA-1",1
"GCTGCAGGTCACCCAG-1",3
"GCTGCAGGTCATGCCG-1",3
"GCTGCGAAGGAATGGA-1",0
"GCTGCGAGTCTAACGT-1",1
"GCTGCGAGTGTTTGGT-1",1
"GCTGCGATCTCCTATA-1",0
"GCTGCGATCTTGTTTG-1",1
"GCTGCTTAGAATTGTG-1",1
"GCTGCTTAGGCAATTA-1",0
"GCTGCTTCATCACGTA-1",0
"GCTGCTTCATCCAACA-1",0
"GCTGCTTCATGCCTAA-1",1
"GCTGCTTCATGGTCAT-1",0
"GCTGCTTGTAACGACG-1",0
"GCTGCTTGTAATCGTC-1",2
"GCTGCTTGTAGGGACT-1",1
"GCTGCTTGTGAAAGAG-1",0
"GCTGCTTTCCGGGTGT-1",1
"GCTGGGTAGACCCACC-1",1
"GCTGGGTAGCCACGCT-1",1
"GCTGGGTAGTCGCCGT-1",0
"GCTGGGTAGTCTCAAC-1",1
"GCTGGGTCACGGCTAC-1",1
"GCTGGGTCAGCCAATT-1",0
"GCTGGGTGTACAGTTC-1",2
"GCTGGGTGTACCGTTA-1",0
"GCTGGGTGTCGAGTTT-1",1
"GCTGGGTGTCTCCACT-1",0
"GCTGGGTGTGCCTGTG-1",1
"GCTGGGTTCAGCTTAG-1",1
"GCTGGGTTCCTTAATC-1",0
"GCTTCCAAGAAACCTA-1",0
"GCTTCCACACCACCAG-1",0
"GCTTCCACAGGTCGTC-1",0
"GCTTCCACAGTGAGTG-1",0
"GCTTCCAGTATAGGTA-1",0
"GCTTCCAGTTCAGCGC-1",0
"GCTTCCATCGTCCAGG-1",0
"GCTTGAAAGATGGCGT-1",1
"GCTTGAAAGCCGTCGT-1",1
"GCTTGAACAAACCTAC-1",2
"GCTTGAACACGGTGTC-1",1
"GCTTGAACATCGGAAG-1",2
"GCTTGAAGTGCGGTAA-1",0
"GCTTGAAGTTCTCATT-1",0
"GCTTGAATCAGGATCT-1",1
"GGAAAGCAGGCAGGTT-1",0
"GGAAAGCCAAACGCGA-1",0
"GGAAAGCCAAGTACCT-1",1
"GGAAAGCGTAAGCACG-1",0
"GGAAAGCGTCCTCCAT-1",1
"GGAAAGCGTCGCGTGT-1",1
"GGAAAGCGTGCTTCTC-1",1
"GGAAAGCTCCAGAGGA-1",3
"GGAACTTAGAGTAAGG-1",1
"GGAACTTCAATGTAAG-1",0
"GGAACTTCACAGGAGT-1",0
"GGAACTTCACCTCGTT-1",0
"GGAACTTGTCTCTTTA-1",0
"GGAACTTTCATTGCCC-1",1
"GGAACTTTCATTTGGG-1",0
"GGAACTTTCCGTCATC-1",1
"GGAACTTTCCTCAACC-1",2
"GGAACTTTCGGATGTT-1",0
"GGAATAAAGGTACTCT-1",1
"GGAATAAAGTGTCCAT-1",0
"GGAATAACAGCGTCCA-1",1
"GGAATAAGTCTGGTCG-1",1
"GGAATAAGTGCAGGTA-1",1
"GGAATAATCAGCACAT-1",1
"GGAATAATCTTTACGT-1",2
"GGACAAGAGGTACTCT-1",2
"GGACAAGCAACGATGG-1",2
"GGACAAGCAGTCGTGC-1",0
"GGACAAGCATGGGACA-1",0
"GGACAAGGTATAAACG-1",2
"GGACAAGGTATGAAAC-1",2
"GGACAAGGTCGGCATC-1",0
"GGACAAGGTTATGCGT-1",1
"GGACAAGTCTAACGGT-1",2
"GGACAGAAGCTAGTCT-1",1
"GGACAGAAGTACTTGC-1",0
"GGACAGACAACACGCC-1",1
"GGACAGACACAAGCCC-1",1
"GGACAGAGTAAGTGGC-1",0
"GGACAGAGTCTTTCAT-1",0
"GGACAGAGTGAGGGAG-1",0
"GGACAGAGTTCCACAA-1",2
"GGACAGATCAACGCTA-1",0
"GGACATTAGAGGGCTT-1",0
"GGACATTAGCCACGTC-1",0
"GGACATTCAAACGCGA-1",1
"GGACATTCAATGACCT-1",1
"GGACATTCACCAGCAC-1",0
"GGACATTGTTCTGGTA-1",1
"GGACATTTCCTCTAGC-1",2
"GGACGTCAGTACTTGC-1",1
"GGACGTCAGTGGTAAT-1",0
"GGACGTCCACAGTCGC-1",1
"GGACGTCGTGAGGGAG-1",1
"GGACGTCGTGGCGAAT-1",0
"GGACGTCGTTACGGAG-1",0
"GGACGTCGTTTAAGCC-1",0
"GGACGTCTCCACTCCA-1",2
"GGACGTCTCGCAAACT-1",0
"GGACGTCTCTCCAGGG-1",0
"GGACGTCTCTCGAGTA-1",0
"GGACGTCTCTGGTGTA-1",0
"GGACGTCTCTTCGAGA-1",0
"GGAGCAAAGAACTCGG-1",1
"GGAGCAAAGACTGTAA-1",3
"GGAGCAAAGCCGCCTA-1",1
"GGAGCAAAGCTAAACA-1",0
"GGAGCAAAGTACGCCC-1",2
"GGAGCAACAAGCTGTT-1",1
"GGAGCAACAATGGACG-1",0
"GGAGCAACAATTCCTT-1",2
"GGAGCAACATGCTGGC-1",0
"GGAGCAAGTGAGTATA-1",2
"GGAGCAAGTTACTGAC-1",0
"GGAGCAATCAAGATCC-1",0
"GGAGCAATCCCATTTA-1",2
"GGATGTTCAAACTGTC-1",0
"GGATGTTTCATCACCC-1",2
"GGATGTTTCATGCATG-1",0
"GGATGTTTCCTACAGA-1",0
"GGATGTTTCCTCTAGC-1",3
"GGATTACAGATCCCAT-1",1
"GGATTACAGCTTCGCG-1",0
"GGATTACAGGCTAGCA-1",1
"GGATTACAGTATCTCG-1",0
"GGATTACCAAGCGTAG-1",7
"GGATTACCACATCCGG-1",0
"GGATTACCAGCGTAAG-1",0
"GGATTACGTAATAGCA-1",0
"GGATTACGTACACCGC-1",0
"GGATTACGTCTCTTTA-1",0
"GGATTACGTTGAGGTG-1",0
"GGATTACTCGCGCCAA-1",1
"GGATTACTCGGCGCAT-1",1
"GGATTACTCTGCCCTA-1",1
"GGCAATTCAATCGGTT-1",2
"GGCAATTCACGGCGTT-1",0
"GGCAATTCATCACCCT-1",2
"GGCAATTGTCGATTGT-1",2
"GGCAATTTCACTTACT-1",0
"GGCAATTTCAGCACAT-1",3
"GGCAATTTCTCCGGTT-1",1
"GGCCGATAGTGTCTCA-1",1
"GGCCGATCACGGACAA-1",0
"GGCCGATGTAGGACAC-1",2
"GGCCGATGTCACTGGC-1",0
"GGCCGATGTCCCTACT-1",2
"GGCCGATTCACCGTAA-1",1
"GGCCGATTCCGCGCAA-1",0
"GGCGACTAGAGCTGGT-1",0
"GGCGACTAGGACCACA-1",1
"GGCGACTAGGTTACCT-1",1
"GGCGACTCAAAGCGGT-1",0
"GGCGACTCAAGAGTCG-1",2
"GGCGACTCACCAGGTC-1",1
"GGCGACTCATTGTGCA-1",0
"GGCGACTTCAGAAATG-1",0
"GGCGACTTCAGAGACG-1",1
"GGCGACTTCCAGATCA-1",0
"GGCGACTTCTCTAGGA-1",0
"GGCGTGTAGCTAGCCC-1",0
"GGCGTGTAGGGTATCG-1",2
"GGCGTGTCAGGTCCAC-1",2
"GGCGTGTCAGTATAAG-1",1
"GGCGTGTCATCGTCGG-1",3
"GGCGTGTCATGGAATA-1",0
"GGCGTGTGTCTCCCTA-1",0
"GGCGTGTTCTTGAGGT-1",0
"GGCTCGAAGCCGTCGT-1",0
"GGCTCGAAGGTAAACT-1",0
"GGCTCGACAAGAAGAG-1",3
"GGCTCGACAATAGCAA-1",0
"GGCTCGACATGGTCAT-1",2
"GGCTCGAGTATATCCG-1",1
"GGCTCGAGTTACGTCA-1",0
"GGCTCGAGTTAGGGTG-1",1
"GGCTCGATCTGCAAGT-1",0
"GGCTGGTAGAAGAAGC-1",0
"GGCTGGTAGACCCACC-1",2
"GGCTGGTCAAGGACAC-1",1
"GGCTGGTCACTGCCAG-1",1
"GGCTGGTCATTTCAGG-1",0
"GGCTGGTGTATTCTCT-1",1
"GGCTGGTGTCGCATCG-1",0
"GGCTGGTGTCTAGTGT-1",2
"GGCTGGTGTTATGCGT-1",1
"GGGAATGAGCGTTGCC-1",1
"GGGAATGAGTAGGTGC-1",1
"GGGAATGGTAAGGGAA-1",1
"GGGAATGTCAACGAAA-1",0
"GGGAATGTCCAGTATG-1",0
"GGGAATGTCCGGGTGT-1",1
"GGGACCTAGATGTAAC-1",1
"GGGACCTAGTCTTGCA-1",1
"GGGACCTCAATCAGAA-1",0
"GGGACCTCACTGAAGG-1",1
"GGGAGATAGTACGACG-1",0
"GGGAGATCAAAGTGCG-1",0
"GGGAGATCAAATCCGT-1",1
"GGGAGATCAAGGACTG-1",2
"GGGAGATCACGCGAAA-1",0
"GGGAGATGTAGCGCAA-1",2
"GGGAGATTCAACGGGA-1",2
"GGGAGATTCATCACCC-1",0
"GGGATGAAGTGACATA-1",1
"GGGATGACATCATCCC-1",1
"GGGATGAGTCACCCAG-1",0
"GGGATGAGTGGAAAGA-1",0
"GGGATGAGTTACGACT-1",2
"GGGATGAGTTGGTAAA-1",1
"GGGATGATCAGTTAGC-1",1
"GGGATGATCTATCCTA-1",0
"GGGATGATCTTTAGGG-1",0
"GGGCACTAGTCTCGGC-1",2
"GGGCACTCATCTCCCA-1",0
"GGGCACTTCACCTCGT-1",1
"GGGCACTTCTGAGGGA-1",0
"GGGCATCCAATGTAAG-1",0
"GGGCATCCAGTCTTCC-1",1
"GGGCATCGTGGCGAAT-1",1
"GGGCATCTCACAGTAC-1",1
"GGGCATCTCCCTTGTG-1",0
"GGGCATCTCCGGCACA-1",2
"GGGCATCTCTGTCCGT-1",1
"GGGCATCTCTTATCTG-1",0
"GGGTCTGAGAAGATTC-1",1
"GGGTCTGAGATCCCGC-1",0
"GGGTCTGAGCCAACAG-1",0
"GGGTCTGCACAGGCCT-1",0
"GGGTCTGCACCAGGTC-1",2
"GGGTCTGGTCTGGTCG-1",2
"GGGTCTGGTGATGATA-1",2
"GGGTCTGGTGTGACCC-1",0
"GGGTCTGTCAACTCTT-1",4
"GGGTCTGTCACTCCTG-1",1
"GGGTCTGTCCGTAGTA-1",0
"GGGTTGCAGACAGAGA-1",0
"GGGTTGCAGACCTTTG-1",0
"GGGTTGCAGATCGATA-1",1
"GGGTTGCAGGGTGTTG-1",2
"GGGTTGCAGGTGGGTT-1",0
"GGGTTGCCAATAACGA-1",0
"GGGTTGCCACGCCAGT-1",2
"GGGTTGCCATTAACCG-1",1
"GGGTTGCGTACATCCA-1",0
"GGGTTGCGTAGCGCAA-1",0
"GGGTTGCGTCCTCCAT-1",0
"GGGTTGCGTCGAGTTT-1",0
"GGGTTGCGTGAGTATA-1",1
"GGGTTGCGTGTGACCC-1",0
"GGGTTGCTCGTACCGG-1",1
"GGTATTGAGCACCGTC-1",1
"GGTATTGAGCTATGCT-1",5
"GGTATTGCACATCCAA-1",1
"GGTATTGCAGCTTCGG-1",0
"GGTATTGGTTCCGTCT-1",0
"GGTATTGTCAGAAATG-1",1
"GGTATTGTCCATTCTA-1",1
"GGTATTGTCGCCAGCA-1",2
"GGTGAAGAGACACGAC-1",1
"GGTGAAGAGATCCGAG-1",2
"GGTGAAGCAAGGTGTG-1",1
"GGTGAAGCACTCGACG-1",0
"GGTGAAGCAGTATGCT-1",3
"GGTGAAGGTATGAAAC-1",1
"GGTGAAGGTCAGAATA-1",0
"GGTGAAGGTGGTACAG-1",0
"GGTGAAGGTGTATGGG-1",1
"GGTGAAGGTGTCTGAT-1",2
"GGTGAAGGTGTGGTTT-1",0
"GGTGAAGGTGTGTGCC-1",0
"GGTGAAGTCACGATGT-1",1
"GGTGAAGTCACTCTTA-1",1
"GGTGAAGTCTGGCGTG-1",0
"GGTGCGTAGGTGATTA-1",1
"GGTGCGTAGTACGATA-1",1
"GGTGCGTCACTTAAGC-1",1
"GGTGCGTCAGCTGTAT-1",0
"GGTGCGTGTTCGTTGA-1",0
"GGTGCGTTCCGTACAA-1",0
"GGTGCGTTCTTGACGA-1",1
"GGTGTTAAGGGCTCTC-1",0
"GGTGTTAAGTAGCGGT-1",0
"GGTGTTAAGTGGGATC-1",0
"GGTGTTAAGTTATCGC-1",0
"GGTGTTACAAATCCGT-1",0
"GGTGTTACACGGATAG-1",0
"GGTGTTAGTAATCACC-1",1
"GGTGTTAGTAGCAAAT-1",0
"GGTGTTAGTGTATGGG-1",2
"GGTGTTAGTTGAACTC-1",1
"GGTGTTATCGGACAAG-1",1
"GGTGTTATCGGTGTTA-1",0
"GGTGTTATCTACTTAC-1",0
"GTAACGTAGGTGACCA-1",1
"GTAACGTCACAGGCCT-1",1
"GTAACGTGTACCATCA-1",1
"GTAACGTGTGAGTATA-1",1
"GTAACGTGTTACGGAG-1",1
"GTAACGTGTTAGGGTG-1",0
"GTAACGTTCGGTCCGA-1",1
"GTAACGTTCTCATTCA-1",2
"GTAACTGAGTGGGTTG-1",0
"GTAACTGCAATGGAAT-1",1
"GTAACTGCACAGGCCT-1",1
"GTAACTGCAGGATCGA-1",2
"GTAACTGCATCGGGTC-1",2
"GTAACTGGTATTACCG-1",1
"GTAACTGTCACGGTTA-1",0
"GTAACTGTCTACTATC-1",2
"GTACGTAAGGTGCTTT-1",1
"GTACGTACAGGAATGC-1",0
"GTACGTACATGGATGG-1",0
"GTACGTAGTGAGTGAC-1",0
"GTACGTAGTTGGTAAA-1",1
"GTACGTATCACCTCGT-1",0
"GTACGTATCATCGGAT-1",0
"GTACGTATCCACTGGG-1",2
"GTACTCCAGGCAGTCA-1",1
"GTACTCCCAATAGCGG-1",0
"GTACTCCCACAGGTTT-1",2
"GTACTCCTCACCTTAT-1",0
"GTACTCCTCATTGCCC-1",0
"GTACTCCTCCTTCAAT-1",0
"GTACTTTCAGTTAACC-1",1
"GTACTTTCATGTCGAT-1",2
"GTACTTTTCCGAAGAG-1",0
"GTAGGCCAGCAATCTC-1",0
"GTAGGCCCATTCGACA-1",3
"GTAGGCCGTAACGCGA-1",1
"GTAGGCCGTAAGGGCT-1",1
"GTAGGCCGTACGACCC-1",1
"GTAGGCCGTTCAGGCC-1",1
"GTAGGCCGTTGATTGC-1",0
"GTAGGCCTCAGCACAT-1",1
"GTAGTCAAGAATGTGT-1",3
"GTAGTCAAGATGCCTT-1",1
"GTAGTCAAGGACGAAA-1",0
"GTAGTCAAGTGAAGAG-1",0
"GTAGTCATCGTCACGG-1",1
"GTAGTCATCTGAAAGA-1",0
"GTATCTTAGAAACCAT-1",0
"GTATCTTAGGCTATCT-1",0
"GTATCTTAGTTGTCGT-1",0
"GTATCTTCACACCGCA-1",1
"GTATCTTCACGAAGCA-1",2
"GTATCTTGTTCGCTAA-1",0
"GTATCTTTCATGCTCC-1",0
"GTATCTTTCATGTAGC-1",0
"GTATTCTAGAAACCAT-1",0
"GTATTCTAGACAAAGG-1",3
"GTATTCTCAAAGTCAA-1",1
"GTATTCTCAACAACCT-1",1
"GTATTCTCAACTTGAC-1",2
"GTATTCTCAATAAGCA-1",3
"GTATTCTCAGGGTTAG-1",0
"GTATTCTCATACTACG-1",1
"GTATTCTCATGGTAGG-1",1
"GTATTCTGTAGTGAAT-1",0
"GTATTCTGTCTAGAGG-1",3
"GTCAAGTCATATGCTG-1",1
"GTCAAGTCATGGTTGT-1",2
"GTCAAGTGTCAGCTAT-1",0
"GTCAAGTGTTCCACTC-1",2
"GTCACAAAGCCGATTT-1",1
"GTCACAAAGTGGAGTC-1",1
"GTCACAACAGGTGGAT-1",1
"GTCACAAGTAAACGCG-1",1
"GTCACAATCAGGATCT-1",1
"GTCACAATCAGTTGAC-1",0
"GTCACAATCATGCATG-1",0
"GTCACGGAGATCACGG-1",2
"GTCACGGCATATACCG-1",1
"GTCACGGGTGAGTGAC-1",1
"GTCACGGGTGTGGCTC-1",1
"GTCACGGTCGAGAGCA-1",0
"GTCACGGTCTACCTGC-1",2
"GTCATTTAGAGACTAT-1",1
"GTCATTTCACGTGAGA-1",1
"GTCATTTGTAGAAGGA-1",0
"GTCATTTGTCAGATAA-1",0
"GTCATTTTCCAGAGGA-1",1
"GTCCTCAAGCCCAACC-1",1
"GTCCTCAAGTAGATGT-1",0
"GTCCTCAAGTGGGCTA-1",2
"GTCCTCACAATCACAC-1",0
"GTCCTCAGTGGAAAGA-1",0
"GTCCTCATCAAAGACA-1",1
"GTCCTCATCGTCCGTT-1",1
"GTCGGGTCACTGAAGG-1",0
"GTCGGGTCACTTCGAA-1",0
"GTCGGGTCATGAAGTA-1",1
"GTCGGGTGTCTCACCT-1",1
"GTCGGGTGTGTGACGA-1",0
"GTCGGGTGTGTGTGCC-1",1
"GTCGGGTGTTACGTCA-1",0
"GTCGGGTTCTGCTGTC-1",0
"GTCGGGTTCTGTGCAA-1",0
"GTCGTAAAGAGATGAG-1",3
"GTCGTAAAGCTGCAAG-1",1
"GTCGTAAAGGCGACAT-1",0
"GTCGTAACATCACGAT-1",0
"GTCGTAAGTATCACCA-1",1
"GTCGTAATCCAAGTAC-1",2
"GTCTCGTAGACCACGA-1",0
"GTCTCGTCAGGAACGT-1",0
"GTCTCGTGTGGTAACG-1",1
"GTCTCGTGTTTGGCGC-1",0
"GTCTCGTTCACCGGGT-1",0
"GTCTCGTTCAGTGCAT-1",0
"GTCTTCGAGACAAGCC-1",1
"GTCTTCGAGGAATGGA-1",0
"GTCTTCGAGTCAAGCG-1",2
"GTCTTCGCACATGGGA-1",3
"GTCTTCGCACCAGGTC-1",0
"GTCTTCGCAGACGCAA-1",1
"GTCTTCGCATAACCTG-1",1
"GTCTTCGCATCGATGT-1",2
"GTCTTCGGTCTAGTGT-1",0
"GTCTTCGTCTCGATGA-1",0
"GTGAAGGAGAGCTGGT-1",2
"GTGAAGGAGATCGGGT-1",0
"GTGAAGGAGCCAGTTT-1",1
"GTGAAGGAGTGTTGAA-1",4
"GTGAAGGCAAAGGCGT-1",1
"GTGAAGGCACTTAAGC-1",1
"GTGAAGGCAGATTGCT-1",0
"GTGAAGGGTATATGGA-1",0
"GTGAAGGGTCTCTCTG-1",3
"GTGAAGGTCTCCTATA-1",0
"GTGCAGCAGACATAAC-1",0
"GTGCAGCAGTGGTCCC-1",0
"GTGCAGCCACATCTTT-1",2
"GTGCAGCGTGAGTATA-1",1
"GTGCAGCTCTTAGAGC-1",1
"GTGCATAAGGCATGGT-1",1
"GTGCATAGTTTGTTGG-1",1
"GTGCATATCAGAGCTT-1",0
"GTGCATATCATCATTC-1",1
"GTGCATATCTGCGTAA-1",4
"GTGCGGTAGCAATCTC-1",3
"GTGCGGTAGGACAGAA-1",0
"GTGCGGTCAAAGGTGC-1",3
"GTGCGGTGTTCAGACT-1",1
"GTGCGGTGTTCTGTTT-1",0
"GTGCGGTTCATCTGCC-1",0
"GTGCGGTTCCAGGGCT-1",0
"GTGCGGTTCGGATGGA-1",2
"GTGCGGTTCTCGTTTA-1",3
"GTGCGGTTCTGCTGTC-1",2
"GTGCTTCAGCCAGTTT-1",1
"GTGCTTCAGGATTCGG-1",1
"GTGCTTCAGTACACCT-1",0
"GTGCTTCCACTTAACG-1",0
"GTGCTTCCAGCTATTG-1",0
"GTGCTTCGTAGAGTGC-1",0
"GTGCTTCTCACAATGC-1",0
"GTGCTTCTCACTTCAT-1",0
"GTGGGTCAGACCGGAT-1",0
"GTGGGTCAGACTGTAA-1",0
"GTGGGTCAGCCGTCGT-1",2
"GTGGGTCCACCAACCG-1",0
"GTGGGTCCACCACCAG-1",0
"GTGTGCGAGACCGGAT-1",1
"GTGTGCGAGACTTGAA-1",1
"GTGTGCGCAGGTCGTC-1",0
"GTGTGCGGTGAGCGAT-1",1
"GTGTGCGTCAGTCAGT-1",2
"GTGTGCGTCCCTTGTG-1",0
"GTGTGCGTCTAACTTC-1",1
"GTGTTAGAGCACGCCT-1",2
"GTGTTAGAGGACAGAA-1",0
"GTGTTAGAGGCATGGT-1",3
"GTGTTAGAGTGGAGAA-1",2
"GTGTTAGAGTTTGCGT-1",1
"GTGTTAGCAATGGAAT-1",1
"GTGTTAGCACCACCAG-1",1
"GTGTTAGGTGCCTGGT-1",1
"GTGTTAGGTGGAAAGA-1",1
"GTGTTAGGTTCCATGA-1",1
"GTGTTAGGTTGGGACA-1",2
"GTTAAGCAGAGCTGCA-1",0
"GTTAAGCAGATAGCAT-1",1
"GTTAAGCAGCTAACAA-1",0
"GTTAAGCAGGCTACGA-1",1
"GTTAAGCAGTGTACCT-1",0
"GTTAAGCAGTTTGCGT-1",1
"GTTAAGCCATTCACTT-1",1
"GTTAAGCGTACTCGCG-1",1
"GTTAAGCGTCTAGGTT-1",0
"GTTAAGCGTGGCAAAC-1",1
"GTTAAGCGTTGCTCCT-1",0
"GTTAAGCTCCTTTCGG-1",0
"GTTACAGAGAGCTATA-1",0
"GTTACAGAGTACGATA-1",0
"GTTACAGCAGACGCCT-1",1
"GTTACAGCATCGGTTA-1",1
"GTTACAGGTATGGTTC-1",1
"GTTACAGGTCGACTGC-1",2
"GTTACAGGTCTAGGTT-1",2
"GTTCATTAGCGATGAC-1",0
"GTTCATTCATATACGC-1",1
"GTTCATTCATTGGCGC-1",0
"GTTCATTGTGCACGAA-1",0
"GTTCATTGTGTTAAGA-1",0
"GTTCATTGTTCAGTAC-1",0
"GTTCGGGAGACGACGT-1",2
"GTTCGGGAGCTAAGAT-1",1
"GTTCGGGAGTGTCTCA-1",0
"GTTCGGGGTAGGGTAC-1",0
"GTTCGGGGTGCAGGTA-1",0
"GTTCGGGTCCACGCAG-1",2
"GTTCGGGTCTACTTAC-1",0
"GTTCTCGAGACCACGA-1",1
"GTTCTCGAGCGATGAC-1",2
"GTTCTCGAGGCCATAG-1",1
"GTTCTCGCATCGGACC-1",0
"GTTCTCGGTAAGGGAA-1",1
"GTTCTCGGTAGCGTAG-1",0
"GTTCTCGGTCCGTGAC-1",1
"GTTCTCGGTGTTAAGA-1",4
"GTTCTCGTCAACGCTA-1",0
"GTTCTCGTCCTGTACC-1",3
"GTTTCTACAAACCTAC-1",0
"GTTTCTACAAGAAAGG-1",1
"GTTTCTAGTGTTGGGA-1",0
"GTTTCTATCCCAACGG-1",0
"GTTTCTATCCGTAGTA-1",2
"GTTTCTATCGGCATCG-1",0
"TAAACCGGTACTTAGC-1",0
"TAAACCGTCACTCTTA-1",0
"TAAACCGTCAGGCGAA-1",0
"TAAACCGTCCGTTGTC-1",0
"TAAACCGTCTTCCTTC-1",0
"TAAGAGACAAGTTGTC-1",1
"TAAGAGAGTATATCCG-1",0
"TAAGAGATCAATCACG-1",0
"TAAGAGATCTAACGGT-1",3
"TAAGAGATCTTTCCTC-1",2
"TAAGCGTAGTGGACGT-1",1
"TAAGCGTAGTGTCTCA-1",0
"TAAGCGTCAGCTTCGG-1",1
"TAAGCGTCAGGTGGAT-1",1
"TAAGCGTGTCCTGCTT-1",1
"TAAGCGTGTGCCTGGT-1",1
"TAAGCGTGTTGTTTGG-1",0
"TAAGCGTTCCTCATTA-1",0
"TAAGCGTTCGGCGCAT-1",0
"TAAGCGTTCTCGCATC-1",1
"TAAGTGCAGGCTAGGT-1",2
"TAAGTGCAGTAGCGGT-1",0
"TAAGTGCCAACGCACC-1",0
"TAAGTGCCATACAGCT-1",2
"TAAGTGCGTAAACACA-1",0
"TAAGTGCGTCTCACCT-1",0
"TAAGTGCGTTCAGACT-1",1
"TAAGTGCTCACCCTCA-1",1
"TAAGTGCTCACTGGGC-1",2
"TAAGTGCTCTGGCGTG-1",0
"TACACGACACCCATTC-1",0
"TACACGAGTGATAAAC-1",0
"TACACGATCTGTCTCG-1",3
"TACAGTGAGATGCGAC-1",0
"TACAGTGAGCGTTGCC-1",0
"TACAGTGAGTGTACGG-1",0
"TACAGTGCAGGAATCG-1",0
"TACAGTGCAGGTGCCT-1",1
"TACAGTGGTACTCAAC-1",1
"TACAGTGGTTGGACCC-1",1
"TACCTATAGAGCTGGT-1",0
"TACCTATAGAGTTGGC-1",1
"TACCTATAGGCTCATT-1",1
"TACCTATAGTTAGCGG-1",0
"TACCTATCAAGCTGGA-1",0
"TACCTATGTAAATGAC-1",0
"TACCTATGTAGAGTGC-1",1
"TACCTATGTCACCTAA-1",1
"TACCTATGTGTTGAGG-1",0
"TACCTATGTTAAAGAC-1",1
"TACCTATTCTATGTGG-1",0
"TACCTATTCTTCCTTC-1",1
"TACCTTAAGAGGTTGC-1",1
"TACCTTAAGTCAAGCG-1",0
"TACCTTAAGTGGTCCC-1",0
"TACCTTACAACTGGCC-1",0
"TACCTTACAAGGGTCA-1",1
"TACCTTACACTCAGGC-1",0
"TACCTTACATCTACGA-1",1
"TACCTTAGTAGCGTCC-1",0
"TACCTTAGTCTCCACT-1",0
"TACGGATAGATGGCGT-1",1
"TACGGATAGGTACTCT-1",0
"TACGGATCAGGGATTG-1",0
"TACGGATCATCACCCT-1",1
"TACGGATGTCTAGCCG-1",2
"TACGGATTCGGTGTCG-1",1
"TACGGATTCTACTATC-1",1
"TACGGGCAGGATGCGT-1",1
"TACGGGCAGGGAACGG-1",1
"TACGGGCAGTATTGGA-1",3
"TACGGGCAGTCAAGCG-1",1
"TACGGGCCAAGAAGAG-1",0
"TACGGGCCACCAGATT-1",0
"TACGGGCCATCAGTAC-1",1
"TACGGGCGTAAGGGCT-1",2
"TACGGGCGTCTGATTG-1",1
"TACGGGCGTGATGTGG-1",0
"TACGGGCTCACCTTAT-1",2
"TACGGGCTCAGCTCTC-1",0
"TACGGGCTCCACGAAT-1",2
"TACGGGCTCCTATTCA-1",0
"TACGGGCTCGGTGTTA-1",0
"TACGGTAAGATATGGT-1",1
"TACGGTAAGCCGATTT-1",0
"TACGGTAAGTCATGCT-1",0
"TACGGTAAGTGCCATT-1",2
"TACGGTACACAGGCCT-1",1
"TACGGTACATTTCAGG-1",2
"TACGGTAGTATATCCG-1",1
"TACGGTAGTCACTTCC-1",0
"TACGGTAGTGCAGGTA-1",0
"TACGGTAGTGGGTATG-1",0
"TACGGTATCGCAGGCT-1",2
"TACGGTATCGGACAAG-1",2
"TACGGTATCGTTTATC-1",0
"TACTCATAGTCACGCC-1",1
"TACTCATCAATCTACG-1",3
"TACTCATCACGGTAGA-1",2
"TACTCATCACTTCTGC-1",2
"TACTCATCATCCGTGG-1",1
"TACTCATCATGTCGAT-1",0
"TACTCATGTACAGCAG-1",0
"TACTCATGTCTTCAAG-1",1
"TACTCATTCCTTTCTC-1",0
"TACTCGCAGGCGACAT-1",0
"TACTCGCGTCAGAAGC-1",1
"TACTCGCGTCTGATTG-1",1
"TACTCGCGTGTAACGG-1",2
"TACTCGCGTTGAGTTC-1",0
"TACTCGCTCAACGGGA-1",1
"TACTCGCTCCGAATGT-1",1
"TACTTACAGACTAGGC-1",1
"TACTTACAGCTGAACG-1",4
"TACTTACAGTACACCT-1",1
"TACTTACAGTACGCCC-1",0
"TACTTACAGTGATCGG-1",1
"TACTTACCAAGCCGTC-1",1
"TACTTACCACAGGTTT-1",2
"TACTTACTCGCGTTTC-1",3
"TACTTGTAGCGATATA-1",5
"TACTTGTAGTAATCCC-1",0
"TACTTGTCAAACAACA-1",0
"TACTTGTCATGCAACT-1",0
"TACTTGTGTAGCACGA-1",1
"TACTTGTGTATAAACG-1",0
"TACTTGTGTTCCACAA-1",1
"TACTTGTTCTGCAGTA-1",2
"TAGACCAAGAGACGAA-1",0
"TAGACCAAGCCTCGTG-1",2
"TAGACCAAGTCGATAA-1",2
"TAGACCACAACACCCG-1",1
"TAGACCAGTAGATTAG-1",1
"TAGACCAGTTCATGGT-1",0
"TAGACCATCACTTCAT-1",0
"TAGACCATCGTCACGG-1",1
"TAGACCATCTCCAGGG-1",0
"TAGAGCTAGAATTCCC-1",0
"TAGAGCTAGTATTGGA-1",1
"TAGAGCTCACTGAAGG-1",1
"TAGAGCTGTACTTGAC-1",0
"TAGAGCTGTAGGGACT-1",0
"TAGAGCTGTCTAAAGA-1",1
"TAGCCGGAGACTGGGT-1",0
"TAGCCGGAGTCCCACG-1",0
"TAGCCGGAGTGACATA-1",0
"TAGCCGGCAGCAGTTT-1",0
"TAGCCGGGTACAGTGG-1",0
"TAGCCGGGTACCATCA-1",0
"TAGCCGGGTCGCGAAA-1",1
"TAGCCGGTCACGACTA-1",0
"TAGCCGGTCCAGGGCT-1",1
"TAGGCATAGAACTGTA-1",0
"TAGGCATAGCTAGGCA-1",0
"TAGGCATAGTCGTACT-1",0
"TAGGCATAGTTTAGGA-1",0
"TAGGCATCAAGCCTAT-1",1
"TAGGCATCAGACGCAA-1",2
"TAGGCATGTACGAAAT-1",0
"TAGGCATGTCCAGTTA-1",3
"TAGGCATGTTCCACTC-1",2
"TAGGCATTCCCTAACC-1",0
"TAGGCATTCGCTAGCG-1",1
"TAGGCATTCGTAGATC-1",1
"TAGGCATTCTTCATGT-1",0
"TAGTGGTAGATCACGG-1",0
"TAGTGGTAGCTGTTCA-1",1
"TAGTGGTCAGTATAAG-1",0
"TAGTGGTGTAGCGTAG-1",1
"TAGTGGTTCAGCATGT-1",3
"TAGTGGTTCGGCGCAT-1",1
"TAGTGGTTCTCAAGTG-1",2
"TAGTGGTTCTGGGCCA-1",2
"TAGTGGTTCTTTAGTC-1",0
"TAGTTGGAGATAGGAG-1",2
"TAGTTGGCAGACGCAA-1",1
"TAGTTGGCATGCGCAC-1",3
"TAGTTGGGTATGGTTC-1",1
"TAGTTGGTCCGAATGT-1",0
"TAGTTGGTCTACTCAT-1",0
"TAGTTGGTCTCTAAGG-1",0
"TAGTTGGTCTGATACG-1",0
"TATCAGGAGAGTAAGG-1",2
"TATCAGGAGATCCGAG-1",0
"TATCAGGAGCAGATCG-1",1
"TATCAGGAGGTGCTTT-1",1
"TATCAGGCAACTTGAC-1",0
"TATCAGGCACGTTGGC-1",0
"TATCAGGGTCCGTTAA-1",1
"TATCAGGGTCTGCAAT-1",0
"TATCAGGGTTAAAGAC-1",1
"TATCAGGTCAAGATCC-1",0
"TATCAGGTCCACTCCA-1",1
"TATCAGGTCGTAGGTT-1",0
"TATCTCAAGAGTTGGC-1",0
"TATCTCAAGCCACCTG-1",1
"TATCTCAAGCGTAATA-1",0
"TATCTCAAGGCTAGCA-1",0
"TATCTCAAGTGGGCTA-1",1
"TATCTCACATGTCCTC-1",0
"TATCTCAGTAACGACG-1",1
"TATCTCAGTACCTACA-1",1
"TATCTCAGTACGACCC-1",2
"TATCTCAGTCAATGTC-1",0
"TATCTCATCAAGCCTA-1",0
"TATGCCCAGAAACCGC-1",0
"TATGCCCAGGTAGCTG-1",0
"TATGCCCCAATGGAAT-1",1
"TATGCCCCACTTAACG-1",0
"TATGCCCCATGTTCCC-1",1
"TATGCCCGTAGCCTCG-1",0
"TATGCCCGTATAGGGC-1",0
"TATGCCCGTATGAAAC-1",0
"TATGCCCGTCGCCATG-1",2
"TATGCCCGTGCCTTGG-1",0
"TATGCCCGTTAAGATG-1",2
"TATGCCCGTTGGTGGA-1",1
"TATGCCCGTTTAGGAA-1",1
"TATGCCCTCGTCTGCT-1",1
"TATTACCAGAGAGCTC-1",0
"TATTACCAGCAAATCA-1",2
"TATTACCAGCCCGAAA-1",0
"TATTACCAGTATCTCG-1",0
"TATTACCCAAAGTGCG-1",0
"TATTACCCAGACAAGC-1",0
"TATTACCCAGTCAGCC-1",1
"TATTACCCATAAAGGT-1",0
"TATTACCCATCTACGA-1",0
"TATTACCGTCCAGTAT-1",0
"TCAACGAAGCCGATTT-1",0
"TCAACGAAGCGATGAC-1",0
"TCAACGAAGGCATGTG-1",2
"TCAACGAAGTAGTGCG-1",1
"TCAACGACACCAGGCT-1",1
"TCAACGACATGCCTTC-1",2
"TCAACGAGTTACCAGT-1",0
"TCAACGAGTTCCATGA-1",2
"TCAACGAGTTCTGGTA-1",0
"TCAACGATCAGTCCCT-1",1
"TCAACGATCTGTGCAA-1",1
"TCAATCTAGATCCCGC-1",0
"TCAATCTCACAAGCCC-1",0
"TCAATCTCACAGCCCA-1",0
"TCAATCTCATGACGGA-1",0
"TCAATCTCATTTGCTT-1",3
"TCAATCTGTAGTGAAT-1",2
"TCAATCTGTTAGATGA-1",1
"TCAATCTTCAGATAAG-1",1
"TCAATCTTCATGTCCC-1",0
"TCACAAGAGACTGGGT-1",0
"TCACAAGAGAGAGCTC-1",0
"TCACAAGAGGCCCTCA-1",2
"TCACAAGAGGTGGGTT-1",2
"TCACAAGAGTAGATGT-1",1
"TCACAAGCAGTATGCT-1",0
"TCACAAGCATAACCTG-1",1
"TCACAAGCATGACATC-1",0
"TCACAAGGTCAGATAA-1",0
"TCACAAGGTGTGGTTT-1",1
"TCACAAGTCATCATTC-1",0
"TCACAAGTCATGCATG-1",4
"TCACGAAAGCTCCTTC-1",1
"TCACGAAAGGTGCTTT-1",0
"TCACGAAAGTCTCGGC-1",0
"TCACGAACACAAGACG-1",0
"TCACGAACACTGTCGG-1",1
"TCACGAAGTGGTCCGT-1",0
"TCACGAAGTTGGTGGA-1",0
"TCACGAATCATGCAAC-1",0
"TCACGAATCCCGACTT-1",1
"TCACGAATCCTCGCAT-1",4
"TCACGAATCGTCACGG-1",0
"TCAGATGAGGTGCACA-1",2
"TCAGATGGTCTTGTCC-1",4
"TCAGATGGTGCCTGCA-1",0
"TCAGATGGTGCTGTAT-1",0
"TCAGATGTCAGTTTGG-1",3
"TCAGATGTCGCATGAT-1",0
"TCAGATGTCTCCTATA-1",0
"TCAGCAAAGGAGTCTG-1",0
"TCAGCAAAGGCTCATT-1",0
"TCAGCAAAGTACGACG-1",3
"TCAGCAAAGTGGCACA-1",0
"TCAGCAACACGCATCG-1",1
"TCAGCAAGTACCGGCT-1",0
"TCAGCAATCAGCGATT-1",1
"TCAGCAATCGGAAACG-1",2
"TCAGCAATCTTCAACT-1",0
"TCAGCTCAGGTGTTAA-1",1
"TCAGCTCAGTATGACA-1",1
"TCAGCTCCAATCTGCA-1",1
"TCAGCTCCACGGTTTA-1",0
"TCAGCTCGTAATAGCA-1",1
"TCAGCTCGTCCGTCAG-1",1
"TCAGCTCGTTCACGGC-1",2
"TCAGCTCTCACGATGT-1",0
"TCAGCTCTCATGCATG-1",0
"TCAGCTCTCCTAAGTG-1",2
"TCAGCTCTCTCGTATT-1",0
"TCAGGATAGACAGAGA-1",0
"TCAGGATAGATATGGT-1",0
"TCAGGATCAAACGTGG-1",0
"TCAGGATCAAGTTCTG-1",3
"TCAGGATCACGGTGTC-1",4
"TCAGGATCACTGTGTA-1",1
"TCAGGATCAGCATACT-1",3
"TCAGGATCATCTGGTA-1",3
"TCAGGATGTAAGCACG-1",1
"TCAGGATGTGGCCCTA-1",1
"TCAGGATTCCGATATG-1",1
"TCAGGATTCTCGATGA-1",1
"TCAGGTAAGATGGCGT-1",0
"TCAGGTAAGTGTTTGC-1",1
"TCAGGTACACAAGTAA-1",2
"TCAGGTACACAGAGGT-1",1
"TCAGGTACAGCTGCTG-1",1
"TCAGGTAGTAAACGCG-1",1
"TCATTACAGAAACCAT-1",0
"TCATTACAGGAGTTGC-1",0
"TCATTACAGTTGCAGG-1",1
"TCATTACCACATCCAA-1",0
"TCATTACCAGTCAGCC-1",0
"TCATTACGTACGCACC-1",0
"TCATTACGTCTAGAGG-1",0
"TCATTACGTGAAGGCT-1",0
"TCATTACGTTCTGTTT-1",1
"TCATTACTCATCGATG-1",0
"TCATTTGAGCCAGTTT-1",0
"TCATTTGCACGTCTCT-1",0
"TCATTTGCAGTTAACC-1",1
"TCATTTGTCCAGAGGA-1",0
"TCATTTGTCCCTTGCA-1",1
"TCATTTGTCCGTCAAA-1",0
"TCATTTGTCGCTAGCG-1",1
"TCATTTGTCGTACGGC-1",0
"TCATTTGTCTCTGCTG-1",1
"TCCACACCAAAGAATC-1",0
"TCCACACCACGCCAGT-1",0
"TCCACACGTACAGCAG-1",2
"TCCACACGTAGCCTAT-1",1
"TCCACACGTCATCGGC-1",1
"TCCACACGTGACCAAG-1",1
"TCCACACGTGCGAAAC-1",1
"TCCACACTCAACACCA-1",1
"TCCACACTCCAGTATG-1",1
"TCCACACTCCCATTTA-1",0
"TCCACACTCGAACTGT-1",0
"TCCCGATAGAAGAAGC-1",1
"TCCCGATAGCACAGGT-1",0
"TCCCGATAGCCGGTAA-1",0
"TCCCGATCAAGGTTCT-1",6
"TCCCGATCAGCCAATT-1",1
"TCCCGATCATCCAACA-1",2
"TCCCGATGTAAGGATT-1",1
"TCCCGATGTCAATACC-1",0
"TCCCGATTCAGAAATG-1",0
"TCCCGATTCAGTCCCT-1",2
"TCCCGATTCATCTGTT-1",1
"TCCCGATTCCCTAATT-1",2
"TCCCGATTCTGGAGCC-1",0
"TCGAGGCAGCGATGAC-1",1
"TCGAGGCAGTGTTTGC-1",2
"TCGAGGCCAAAGAATC-1",0
"TCGAGGCCAAGTTCTG-1",0
"TCGAGGCCAGTAACGG-1",0
"TCGAGGCGTATATCCG-1",1
"TCGAGGCTCGCAAGCC-1",1
"TCGAGGCTCTTGAGAC-1",0
"TCGAGGCTCTTTCCTC-1",1
"TCGCGAGAGACAAAGG-1",0
"TCGCGAGAGTGAATTG-1",1
"TCGCGAGCAAGCGTAG-1",1
"TCGCGAGCACCGAATT-1",0
"TCGCGAGCAGTAAGAT-1",0
"TCGCGAGTCCACGAAT-1",0
"TCGCGAGTCTAGCACA-1",0
"TCGCGAGTCTCTAGGA-1",0
"TCGCGAGTCTTCATGT-1",1
"TCGCGTTAGTGGGCTA-1",2
"TCGCGTTCACAGGCCT-1",0
"TCGCGTTCATCACAAC-1",1
"TCGCGTTCATCTCGCT-1",0
"TCGCGTTGTTCACCTC-1",1
"TCGCGTTTCAAGATCC-1",2
"TCGCGTTTCAGGTAAA-1",1
"TCGCGTTTCATTCACT-1",1
"TCGCGTTTCCTGTACC-1",0
"TCGCGTTTCGCCCTTA-1",0
"TCGGGACCACACATGT-1",0
"TCGGGACTCCTTGCCA-1",1
"TCGGGACTCTGCGGCA-1",1
"TCGGGACTCTTGTCAT-1",1
"TCGGTAAAGACAGGCT-1",1
"TCGGTAAAGCTCAACT-1",0
"TCGGTAACAAGCTGAG-1",0
"TCGGTAACAGGAATGC-1",0
"TCGGTAAGTATATGGA-1",0
"TCGGTAAGTCTAGTCA-1",1
"TCGGTAATCCCGGATG-1",1
"TCGTACCAGCAGGCTA-1",2
"TCGTACCAGTTTCCTT-1",1
"TCGTACCGTTTGCATG-1",2
"TCGTACCTCGGGAGTA-1",1
"TCGTAGAAGCTAACTC-1",2
"TCGTAGAAGGCGACAT-1",0
"TCGTAGAAGGGAACGG-1",1
"TCGTAGAAGTCCATAC-1",0
"TCGTAGACAATCCAAC-1",0
"TCGTAGACACTCAGGC-1",0
"TCGTAGAGTATGAATG-1",2
"TCGTAGAGTGAGCGAT-1",0
"TCGTAGAGTGTGTGCC-1",2
"TCGTAGAGTTCAACCA-1",1
"TCGTAGAGTTCCATGA-1",0
"TCGTAGATCCAAGCCG-1",0
"TCGTAGATCTTAGCCC-1",1
"TCTATTGAGCGATTCT-1",0
"TCTATTGAGTGCCATT-1",0
"TCTATTGCACATCTTT-1",2
"TCTATTGGTAAGTGTA-1",0
"TCTATTGGTCCAACTA-1",1
"TCTATTGGTCTGCCAG-1",0
"TCTATTGGTTGCTCCT-1",0
"TCTATTGTCGGCGCTA-1",0
"TCTCATAAGCTAAACA-1",2
"TCTCATAAGCTAGTCT-1",0
"TCTCATAAGTGCCATT-1",1
"TCTCATAGTACCGGCT-1",0
"TCTCATAGTGTAAGTA-1",0
"TCTCATATCAAGCCTA-1",1
"TCTCATATCACCTTAT-1",2
"TCTCATATCCTGTACC-1",1
"TCTCTAAAGACCGGAT-1",2
"TCTCTAAAGGGTGTTG-1",3
"TCTCTAACAGCCTATA-1",0
"TCTCTAAGTCCAGTAT-1",1
"TCTCTAAGTCCATGAT-1",0
"TCTCTAAGTCTCATCC-1",0
"TCTCTAAGTGGAAAGA-1",4
"TCTCTAATCAAACCAC-1",0
"TCTCTAATCAACGCTA-1",0
"TCTCTAATCACAGGCC-1",0
"TCTCTAATCACATACG-1",0
"TCTCTAATCCGTAGGC-1",0
"TCTCTAATCGTATCAG-1",0
"TCTGAGACAAACCTAC-1",2
"TCTGAGACACGGATAG-1",0
"TCTGAGACAGAGTGTG-1",0
"TCTGAGAGTAAGGGAA-1",2
"TCTGAGATCCTTGACC-1",1
"TCTGAGATCTATCCTA-1",0
"TCTGGAAAGCGATGAC-1",1
"TCTGGAAAGCTAGTTC-1",2
"TCTGGAAAGCTCTCGG-1",0
"TCTGGAAAGGAGCGAG-1",2
"TCTGGAACACAAGACG-1",0
"TCTGGAACACACTGCG-1",1
"TCTGGAACACTTCTGC-1",2
"TCTGGAAGTGAGTATA-1",1
"TCTGGAATCTGTCTAT-1",0
"TCTTCGGAGGTTCCTA-1",2
"TCTTCGGAGTTCGATC-1",1
"TCTTCGGCAAAGCAAT-1",0
"TCTTCGGCAAAGGTGC-1",2
"TCTTCGGCAATAGCAA-1",1
"TCTTCGGCAATGTAAG-1",0
"TCTTCGGCACACCGAC-1",2
"TCTTCGGCAGCCAATT-1",0
"TCTTCGGGTCATTAGC-1",0
"TCTTCGGTCGTAGGTT-1",1
"TCTTCGGTCTCTAAGG-1",2
"TCTTTCCAGAGAGCTC-1",0
"TCTTTCCAGTCATCCA-1",0
"TCTTTCCCATCTCCCA-1",2
"TCTTTCCGTAATCACC-1",0
"TCTTTCCGTAGTACCT-1",0
"TCTTTCCTCACAACGT-1",0
"TCTTTCCTCAGCTGGC-1",0
"TCTTTCCTCCAAGTAC-1",1
"TCTTTCCTCCTCGCAT-1",2
"TGAAAGAAGCTAAGAT-1",1
"TGAAAGACAAGCCGTC-1",1
"TGAAAGACACATTCGA-1",1
"TGAAAGACATGAGCGA-1",2
"TGAAAGAGTCTAGCGC-1",1
"TGAAAGAGTCTCATCC-1",4
"TGAAAGATCCCGACTT-1",3
"TGAAAGATCTATGTGG-1",1
"TGACAACCAAGCGAGT-1",0
"TGACAACGTAGGGACT-1",0
"TGACAACGTGCGCTTG-1",0
"TGACAACGTGGTTTCA-1",0
"TGACAACTCACAAACC-1",1
"TGACAACTCCACGTGG-1",0
"TGACAACTCGAATGCT-1",2
"TGACGGCAGCGCCTCA-1",0
"TGACGGCAGGCTCAGA-1",0
"TGACGGCAGTCAAGCG-1",0
"TGACGGCCACAGACTT-1",0
"TGACGGCGTCATCCCT-1",0
"TGACGGCTCAGGCGAA-1",1
"TGACGGCTCCACTGGG-1",1
"TGACTAGAGACCCACC-1",0
"TGACTAGAGGGCATGT-1",1
"TGACTAGAGTCTCAAC-1",0
"TGACTAGAGTTGAGAT-1",0
"TGACTAGCAGCATACT-1",2
"TGACTAGCAGTCAGAG-1",0
"TGACTAGCATTTCACT-1",0
"TGACTAGGTAAATACG-1",1
"TGACTAGGTGAAAGAG-1",1
"TGACTAGGTGCAGTAG-1",0
"TGACTAGTCATGCATG-1",0
"TGACTAGTCCATGCTC-1",3
"TGACTAGTCTGTTGAG-1",1
"TGACTTTAGAACAATC-1",0
"TGACTTTAGTCTCGGC-1",1
"TGACTTTAGTTAGGTA-1",0
"TGACTTTCAGTCCTTC-1",1
"TGACTTTCATTATCTC-1",0
"TGACTTTGTCACACGC-1",0
"TGACTTTTCCTCAATT-1",2
"TGACTTTTCTGCCCTA-1",1
"TGAGAGGAGGCTCATT-1",1
"TGAGAGGCAAAGTCAA-1",1
"TGAGAGGCAAGCCATT-1",0
"TGAGAGGCACCATGTA-1",0
"TGAGAGGGTCACTGGC-1",1
"TGAGAGGGTCTAAACC-1",1
"TGAGAGGTCGAACTGT-1",2
"TGAGAGGTCGCGTTTC-1",0
"TGAGAGGTCTGACCTC-1",0
"TGAGCATAGAAACGAG-1",2
"TGAGCATAGAAGCCCA-1",0
"TGAGCATAGATGTCGG-1",0
"TGAGCATAGGAATGGA-1",0
"TGAGCATCACCAGGCT-1",2
"TGAGCATCAGATGAGC-1",1
"TGAGCATCAGCGTAAG-1",1
"TGAGCATCAGCTGTAT-1",1
"TGAGCATGTGGCCCTA-1",0
"TGAGCATTCCACGTTC-1",1
"TGAGCATTCCGATATG-1",0
"TGAGCATTCGGCCGAT-1",0
"TGAGCCGCATCGGGTC-1",0
"TGAGCCGGTCGAACAG-1",1
"TGAGCCGGTGTAATGA-1",1
"TGAGCCGGTTGATTCG-1",0
"TGAGCCGTCATCTGCC-1",0
"TGAGCCGTCGTCACGG-1",0
"TGAGCCGTCTTGAGGT-1",2
"TGAGGGAAGAGACTAT-1",1
"TGAGGGAAGGAGTACC-1",1
"TGAGGGAAGTCATCCA-1",0
"TGAGGGAAGTCATGCT-1",2
"TGAGGGACACCAGTTA-1",0
"TGAGGGACATAAGACA-1",1
"TGAGGGAGTAAACGCG-1",0
"TGAGGGAGTTAGGGTG-1",1
"TGAGGGATCAACGGGA-1",1
"TGAGGGATCTAGCACA-1",0
"TGAGGGATCTCTTATG-1",0
"TGATTTCCATCCGGGT-1",3
"TGATTTCGTAGGCATG-1",0
"TGATTTCGTTAAGACA-1",0
"TGATTTCTCTGATTCT-1",0
"TGCACCTAGACCTTTG-1",1
"TGCACCTAGGACGAAA-1",0
"TGCACCTCAAGTTGTC-1",0
"TGCACCTCAATAGAGT-1",1
"TGCACCTCATCCGGGT-1",1
"TGCACCTGTAATCACC-1",0
"TGCACCTGTCACACGC-1",0
"TGCACCTTCACGGTTA-1",1
"TGCACCTTCATCGGAT-1",1
"TGCACCTTCCGCGGTA-1",2
"TGCACCTTCGAACTGT-1",0
"TGCACCTTCTCTTGAT-1",0
"TGCCAAACAATGTAAG-1",1
"TGCCAAACAATTCCTT-1",1
"TGCCAAAGTTCGCGAC-1",0
"TGCCAAATCCAAACTG-1",2
"TGCCAAATCCCTGACT-1",0
"TGCCAAATCGGCGGTT-1",4
"TGCCCATAGACTAGGC-1",2
"TGCCCATAGCGTCAAG-1",0
"TGCCCATAGCGTGAAC-1",1
"TGCCCATAGCTGTTCA-1",1
"TGCCCATAGGATGGAA-1",3
"TGCCCATAGTACGCCC-1",0
"TGCCCATAGTTGAGTA-1",0
"TGCCCATCACCAGGTC-1",3
"TGCCCATCACGAAATA-1",2
"TGCCCATCAGGACGTA-1",0
"TGCCCATCATGGAATA-1",0
"TGCCCATCATGGATGG-1",0
"TGCCCATGTAGCCTCG-1",0
"TGCCCATTCAAACCGT-1",1
"TGCCCATTCAGGCCCA-1",3
"TGCCCATTCCTTCAAT-1",0
"TGCCCATTCGGAAATA-1",0
"TGCCCTAAGGTCGGAT-1",1
"TGCCCTAAGGTTCCTA-1",1
"TGCCCTACACCACCAG-1",0
"TGCCCTACAGCCACCA-1",0
"TGCCCTACAGTGAGTG-1",0
"TGCCCTAGTCCGAGTC-1",1
"TGCCCTAGTGGTTTCA-1",0
"TGCCCTAGTTTCGCTC-1",0
"TGCCCTATCGACGGAA-1",1
"TGCCCTATCTTCGGTC-1",1
"TGCGCAGAGACTAGGC-1",1
"TGCGCAGAGCACACAG-1",2
"TGCGCAGAGCGTCTAT-1",0
"TGCGCAGAGGAGCGAG-1",2
"TGCGCAGCAAACGTGG-1",1
"TGCGCAGCAGCTCGCA-1",2
"TGCGCAGCAGTAGAGC-1",0
"TGCGCAGTCCTACAGA-1",1
"TGCGGGTAGAGACTTA-1",3
"TGCGGGTAGATCGATA-1",0
"TGCGGGTAGCTCTCGG-1",0
"TGCGGGTAGGTGTGGT-1",1
"TGCGGGTAGTACTTGC-1",0
"TGCGGGTCAATGGAAT-1",1
"TGCGGGTCACACGCTG-1",2
"TGCGGGTCATTGGGCC-1",1
"TGCGGGTGTAGAAAGG-1",0
"TGCGGGTGTCACCTAA-1",1
"TGCGGGTGTCAGATAA-1",0
"TGCGGGTGTTAGAACA-1",0
"TGCGGGTTCAGTTCGA-1",0
"TGCGGGTTCGTAGATC-1",3
"TGCGGGTTCTCTTGAT-1",0
"TGCGTGGAGACGCAAC-1",0
"TGCGTGGAGACTGGGT-1",1
"TGCGTGGAGTGAACGC-1",2
"TGCGTGGCAATTCCTT-1",2
"TGCGTGGGTGCACCAC-1",0
"TGCGTGGTCCGCGCAA-1",3
"TGCGTGGTCGCCCTTA-1",2
"TGCGTGGTCTGGCGAC-1",0
"TGCTACCAGAAAGTGG-1",1
"TGCTACCAGATGGCGT-1",1
"TGCTACCAGCAAATCA-1",1
"TGCTACCAGTCCGTAT-1",0
"TGCTACCCAAGAGGCT-1",1
"TGCTACCCACTTAACG-1",0
"TGCTACCCATCGTCGG-1",2
"TGCTACCCATGGTTGT-1",0
"TGCTACCGTGTGACGA-1",1
"TGCTACCTCCTCGCAT-1",3
"TGCTACCTCTTCTGGC-1",2
"TGCTGCTAGACTAAGT-1",2
"TGCTGCTAGGTGATAT-1",1
"TGCTGCTCAATAGAGT-1",0
"TGCTGCTCACAGACAG-1",2
"TGCTGCTCATCCCATC-1",1
"TGCTGCTCATGGTTGT-1",2
"TGCTGCTGTCATACTG-1",0
"TGCTGCTGTGAAGGCT-1",0
"TGCTGCTTCATTGCGA-1",3
"TGGACGCAGAGGTACC-1",0
"TGGACGCAGTCAAGGC-1",0
"TGGACGCCACAGAGGT-1",0
"TGGACGCCATGGTAGG-1",0
"TGGACGCGTCCGAACC-1",2
"TGGACGCGTCTCCCTA-1",0
"TGGCCAGAGAAGGTGA-1",1
"TGGCCAGAGAGTACAT-1",0
"TGGCCAGAGGCGATAC-1",0
"TGGCCAGAGGCGTACA-1",1
"TGGCCAGCAACTGCGC-1",0
"TGGCCAGCACGACTCG-1",2
"TGGCCAGGTCAATACC-1",1
"TGGCCAGTCGTAGATC-1",0
"TGGCCAGTCTATCCCG-1",1
"TGGCGCAAGCTACCTA-1",1
"TGGCGCAAGCTATGCT-1",0
"TGGCGCAAGTGTGGCA-1",1
"TGGCGCAAGTTACCCA-1",1
"TGGCGCACACAGGCCT-1",1
"TGGCGCACACGGATAG-1",0
"TGGCGCACAGCGATCC-1",0
"TGGCGCACATAGGATA-1",0
"TGGCGCACATATACGC-1",1
"TGGCGCAGTACTCTCC-1",3
"TGGCGCAGTGGACGAT-1",0
"TGGCGCAGTTATGTGC-1",0
"TGGCGCATCAAGAAGT-1",0
"TGGCGCATCATGCTCC-1",0
"TGGCGCATCATGTGGT-1",2
"TGGCGCATCATTATCC-1",0
"TGGCGCATCGTGGTCG-1",0
"TGGCTGGAGCGGATCA-1",0
"TGGCTGGAGTGCAAGC-1",2
"TGGCTGGCAAGTTAAG-1",0
"TGGCTGGCACGGATAG-1",0
"TGGCTGGCAGGAACGT-1",1
"TGGCTGGGTCGAGTTT-1",0
"TGGCTGGGTCGGCATC-1",1
"TGGCTGGGTCTAGCCG-1",0
"TGGCTGGGTTACGCGC-1",0
"TGGCTGGGTTGGACCC-1",1
"TGGCTGGTCTCGTTTA-1",1
"TGGGAAGAGATATACG-1",0
"TGGGAAGAGCCCAATT-1",0
"TGGGAAGAGCGCTCCA-1",0
"TGGGAAGAGGGCTTCC-1",1
"TGGGAAGAGTAAGTAC-1",2
"TGGGAAGAGTTAACGA-1",0
"TGGGAAGCAAGGTGTG-1",1
"TGGGAAGCAGATCCAT-1",2
"TGGGAAGCAGCGAACA-1",0
"TGGGAAGGTAAGTTCC-1",1
"TGGGAAGGTTAGATGA-1",2
"TGGGAAGGTTATTCTC-1",0
"TGGGAAGTCCCAAGAT-1",2
"TGGGAAGTCCTTCAAT-1",1
"TGGGAAGTCGTGGACC-1",2
"TGGGAAGTCTCCTATA-1",2
"TGGGCGTAGTCTCCTC-1",1
"TGGGCGTCAGACGTAG-1",0
"TGGGCGTCAGGGATTG-1",0
"TGGGCGTGTCCAAGTT-1",1
"TGGGCGTGTCTAGAGG-1",0
"TGGGCGTGTGGCTCCA-1",0
"TGGGCGTGTTTCGCTC-1",1
"TGGGCGTTCAGCTTAG-1",0
"TGGTTAGAGCTACCTA-1",2
"TGGTTAGAGTTAGGTA-1",0
"TGGTTAGGTGATGATA-1",0
"TGGTTAGGTTCACGGC-1",0
"TGGTTAGTCCCGACTT-1",0
"TGGTTAGTCTTGTATC-1",1
"TGGTTCCAGCCGTCGT-1",0
"TGGTTCCAGTAATCCC-1",1
"TGGTTCCCAAGTTGTC-1",1
"TGGTTCCCAGACAAAT-1",0
"TGGTTCCCAGACAGGT-1",0
"TGGTTCCCAGCTCGAC-1",0
"TGGTTCCCATGTCCTC-1",1
"TGGTTCCCATTTCACT-1",0
"TGGTTCCGTCCAAGTT-1",0
"TGGTTCCTCACATACG-1",2
"TGGTTCCTCAGCTTAG-1",1
"TGGTTCCTCTAACTTC-1",0
"TGGTTCCTCTAGAGTC-1",3
"TGGTTCCTCTGGGCCA-1",0
"TGTATTCAGCCCGAAA-1",1
"TGTATTCAGCGATCCC-1",0
"TGTATTCCAGGGCATA-1",1
"TGTATTCGTAAGAGAG-1",1
"TGTATTCGTTTGTTTC-1",2
"TGTATTCTCAGCATGT-1",1
"TGTATTCTCATCTGTT-1",0
"TGTCCCAAGCAGATCG-1",0
"TGTCCCAAGCTAGTTC-1",0
"TGTCCCAAGCTGAACG-1",1
"TGTCCCAAGTTGTCGT-1",1
"TGTCCCACAGTAAGCG-1",1
"TGTCCCACATCACGTA-1",0
"TGTCCCAGTAAGAGGA-1",1
"TGTCCCAGTAAGTGGC-1",2
"TGTCCCAGTCGGATCC-1",1
"TGTCCCAGTCTCTTTA-1",1
"TGTCCCATCATTTGGG-1",1
"TGTCCCATCTGCAAGT-1",0
"TGTCCCATCTGCGTAA-1",2
"TGTGGTAGTCCCGACA-1",0
"TGTGGTAGTGTGAAAT-1",2
"TGTGGTAGTGTGACGA-1",1
"TGTGGTATCCAGGGCT-1",0
"TGTGGTATCTTGCATT-1",0
"TGTGTTTAGAGGTTAT-1",2
"TGTGTTTAGCGTGAGT-1",0
"TGTGTTTAGTGCGTGA-1",1
"TGTGTTTCATGCGCAC-1",1
"TGTGTTTTCTCATTCA-1",0
"TGTGTTTTCTTTCCTC-1",0
"TGTTCCGAGAGCAATT-1",1
"TGTTCCGAGCAACGGT-1",1
"TGTTCCGAGGAATTAC-1",0
"TGTTCCGAGGACTGGT-1",0
"TGTTCCGCAGTGAGTG-1",0
"TGTTCCGGTGAGTATA-1",0
"TGTTCCGTCAAGCCTA-1",3
"TGTTCCGTCAGTTCGA-1",2
"TGTTCCGTCGGCGGTT-1",0
"TGTTCCGTCTGAAAGA-1",0
"TGTTCCGTCTGGTATG-1",0
"TTAACTCAGTGTACGG-1",2
"TTAACTCCAAGCGCTC-1",1
"TTAACTCCAGGCAGTA-1",1
"TTAACTCGTTCCACAA-1",0
"TTAACTCTCATAAAGG-1",2
"TTAACTCTCCCTCAGT-1",1
"TTAGGACAGCAGGCTA-1",1
"TTAGGACAGCTCTCGG-1",1
"TTAGGACCAAGCCATT-1",1
"TTAGGACCAGTCAGAG-1",1
"TTAGGACGTTTGTTTC-1",1
"TTAGGCAAGAAGATTC-1",3
"TTAGGCAAGAGCCCAA-1",1
"TTAGGCAAGAGTGACC-1",1
"TTAGGCAAGGTTCCTA-1",0
"TTAGGCAAGTCGTTTG-1",0
"TTAGGCAAGTGTACCT-1",0
"TTAGGCACAGACGCTC-1",0
"TTAGGCACATGTTCCC-1",0
"TTAGGCAGTAAGGATT-1",0
"TTAGGCAGTAAGTAGT-1",1
"TTAGGCAGTCTTGATG-1",0
"TTAGGCATCACGCATA-1",3
"TTAGGCATCAGTCAGT-1",0
"TTAGGCATCCAGTATG-1",0
"TTAGGCATCGTTACGA-1",0
"TTAGTTCAGGTGCAAC-1",1
"TTAGTTCCAATGTAAG-1",2
"TTAGTTCCATCCTTGC-1",2
"TTAGTTCGTAGCCTAT-1",0
"TTAGTTCGTGCAGACA-1",0
"TTAGTTCGTGTCAATC-1",1
"TTAGTTCGTTGCCTCT-1",1
"TTAGTTCTCAGGCCCA-1",0
"TTAGTTCTCGCAGGCT-1",0
"TTAGTTCTCTACTATC-1",0
"TTATGCTAGAATGTGT-1",0
"TTATGCTAGCACACAG-1",0
"TTATGCTAGCAGCCTC-1",1
"TTATGCTAGTCCCACG-1",1
"TTATGCTAGTGGTAAT-1",1
"TTATGCTCAGCCAGAA-1",1
"TTATGCTCATACCATG-1",0
"TTATGCTCATGTAGTC-1",2
"TTATGCTGTCCGAGTC-1",0
"TTATGCTTCGATAGAA-1",2
"TTCCCAGAGAATTCCC-1",1
"TTCCCAGAGACTAGAT-1",1
"TTCCCAGAGTATCGAA-1",2
"TTCCCAGCAGATGGGT-1",0
"TTCCCAGCATCAGTAC-1",1
"TTCCCAGCATCTCCCA-1",0
"TTCCCAGCATTACCTT-1",0
"TTCCCAGTCAACACTG-1",0
"TTCCCAGTCGAGAGCA-1",2
"TTCGAAGAGTCTCAAC-1",1
"TTCGAAGCAAGCGCTC-1",1
"TTCGAAGCACATTAGC-1",3
"TTCGAAGCACGGTGTC-1",0
"TTCGGTCAGAGGACGG-1",1
"TTCGGTCAGCACACAG-1",0
"TTCGGTCAGGCCCTCA-1",1
"TTCGGTCAGTGAATTG-1",0
"TTCGGTCAGTTGAGAT-1",0
"TTCGGTCCAAGGGTCA-1",0
"TTCGGTCCACGTCAGC-1",0
"TTCGGTCGTAACGTTC-1",0
"TTCGGTCGTAGAGTGC-1",0
"TTCGGTCGTTCATGGT-1",0
"TTCGGTCGTTCTGTTT-1",0
"TTCGGTCTCAAAGACA-1",3
"TTCGGTCTCCAGTATG-1",1
"TTCGGTCTCGCGTTTC-1",3
"TTCGGTCTCGTCTGAA-1",2
"TTCTACAAGACTAAGT-1",0
"TTCTACAAGCAGCCTC-1",2
"TTCTACAAGCCTTGAT-1",0
"TTCTACAAGGCAGGTT-1",2
"TTCTACAAGGTAAACT-1",1
"TTCTACAAGTTAGGTA-1",2
"TTCTACACACGTGAGA-1",2
"TTCTACACAGCTGTTA-1",4
"TTCTACACATCGATTG-1",2
"TTCTACACATTACGAC-1",2
"TTCTACAGTACCGTTA-1",2
"TTCTACAGTATATGAG-1",1
"TTCTACAGTGGCTCCA-1",4
"TTCTACATCAACGGGA-1",1
"TTCTACATCCGCGTTT-1",1
"TTCTCAAAGAAAGTGG-1",1
"TTCTCAAAGAATCTCC-1",0
"TTCTCAAAGAGGTTAT-1",0
"TTCTCAAAGCAGCCTC-1",0
"TTCTCAAAGCCGCCTA-1",1
"TTCTCAAAGTCAATAG-1",2
"TTCTCAAAGTTGAGAT-1",2
"TTCTCAACACCCAGTG-1",0
"TTCTCAACATTGTGCA-1",0
"TTCTCAAGTATAAACG-1",2
"TTCTCAAGTCCCTTGT-1",1
"TTCTCAAGTCGAGATG-1",1
"TTCTCAATCATCGCTC-1",1
"TTCTCAATCCCTAACC-1",1
"TTCTCAATCGTAGGAG-1",0
"TTCTCCTAGAGTAAGG-1",0
"TTCTCCTAGCGACGTA-1",3
"TTCTCCTAGCGTGAGT-1",4
"TTCTCCTAGTCTCGGC-1",0
"TTCTCCTCAACACGCC-1",0
"TTCTCCTCAATAACGA-1",1
"TTCTCCTGTTAAGAAC-1",1
"TTCTCCTTCAGTTCGA-1",1
"TTCTCCTTCCGTAGGC-1",1
"TTCTCCTTCCTTTCTC-1",0
"TTCTCCTTCTGCAAGT-1",1
"TTCTCCTTCTTCAACT-1",0
"TTCTCCTTCTTGTACT-1",1
"TTCTTAGAGGACTGGT-1",0
"TTCTTAGCAAGGTGTG-1",1
"TTCTTAGCATCGGAAG-1",0
"TTCTTAGGTAGAAGGA-1",0
"TTCTTAGGTCATATGC-1",1
"TTCTTAGTCAGTTCGA-1",1
"TTGAACGGTCACTTCC-1",1
"TTGAACGTCATGTCCC-1",3
"TTGACTTAGCCACGTC-1",0
"TTGACTTAGCGACGTA-1",0
"TTGACTTAGTTAACGA-1",1
"TTGACTTCACTTACGA-1",1
"TTGACTTGTCTCTCTG-1",1
"TTGACTTGTGCGATAG-1",0
"TTGACTTTCCAGAGGA-1",1
"TTGACTTTCTGTCCGT-1",1
"TTGCCGTAGGAGCGTT-1",0
"TTGCCGTAGGTGGGTT-1",1
"TTGCCGTCATGGTCAT-1",2
"TTGCCGTGTACAGACG-1",1
"TTGCGTCAGACAGAGA-1",1
"TTGCGTCAGCTCCTTC-1",0
"TTGCGTCAGTCCATAC-1",0
"TTGCGTCAGTGAATTG-1",5
"TTGCGTCCAAATTGCC-1",0
"TTGCGTCCACTGTGTA-1",3
"TTGCGTCCAGTCACTA-1",2
"TTGCGTCGTCTGATTG-1",0
"TTGGAACAGCCCAATT-1",1
"TTGGAACAGCGTCTAT-1",0
"TTGGAACAGGCGTACA-1",1
"TTGGAACGTATTACCG-1",2
"TTGGAACGTGTGTGCC-1",0
"TTGGAACTCCCATTAT-1",0
"TTGGAACTCCGTAGTA-1",0
"TTGGAACTCGTCCAGG-1",0
"TTGGCAAAGTTAGGTA-1",1
"TTGGCAAGTATAGGTA-1",3
"TTGGCAATCACATGCA-1",1
"TTGGCAATCAGAGCTT-1",1
"TTGGCAATCGCATGAT-1",1
"TTGGCAATCTAGAGTC-1",4
"TTGTAGGAGGTGCTAG-1",0
"TTGTAGGCACACGCTG-1",2
"TTGTAGGGTCTCCCTA-1",2
"TTGTAGGGTGGTAACG-1",2
"TTGTAGGTCGGCGCTA-1",0
"TTGTAGGTCTGCCAGG-1",0
"TTTACTGAGATCACGG-1",1
"TTTACTGCAAAGCAAT-1",0
"TTTACTGCACATGGGA-1",2
"TTTACTGCACCACGTG-1",0
"TTTACTGCATGGGACA-1",1
"TTTACTGCATGTCCTC-1",0
"TTTACTGGTAACGTTC-1",0
"TTTACTGGTGGTGTAG-1",1
"TTTACTGGTTCGCTAA-1",1
"TTTACTGTCTGGAGCC-1",1
"TTTATGCAGACTGTAA-1",0
"TTTATGCAGATGCGAC-1",1
"TTTATGCAGGCAAAGA-1",0
"TTTATGCAGGCCCGTT-1",0
"TTTATGCAGTTCCACA-1",0
"TTTATGCCAAACGCGA-1",2
"TTTATGCCAATCTGCA-1",1
"TTTATGCCACAGGTTT-1",0
"TTTATGCCAGCCAATT-1",0
"TTTATGCCAGGTCGTC-1",1
"TTTATGCCATGGTCAT-1",0
"TTTATGCTCACATAGC-1",0
"TTTATGCTCACCTTAT-1",0
"TTTATGCTCGGCGGTT-1",0
"TTTATGCTCTCGCTTG-1",0
"TTTCCTCAGCGTGAAC-1",0
"TTTCCTCAGGACTGGT-1",0
"TTTCCTCCAAAGTGCG-1",1
"TTTCCTCCAGGAATGC-1",0
"TTTCCTCCATTAGCCA-1",0
"TTTCCTCGTCCGAAGA-1",0
"TTTCCTCGTCGCTTTC-1",3
"TTTCCTCTCGGCCGAT-1",1
"TTTCCTCTCGTGTAGT-1",0
"TTTGCGCAGCTAAACA-1",0
"TTTGCGCAGCTAGTCT-1",0
"TTTGCGCAGGCCGAAT-1",1
"TTTGCGCAGTCAAGGC-1",0
"TTTGCGCCAAGTAGTA-1",1
"TTTGCGCCAGGTGCCT-1",1
"TTTGCGCGTCTAAACC-1",0
"TTTGCGCTCAAAGTAG-1",1
"TTTGCGCTCATGTAGC-1",0
"TTTGGTTAGAATGTGT-1",0
"TTTGGTTAGACAATAC-1",1
"TTTGGTTAGCGATTCT-1",3
"TTTGGTTAGGCTCAGA-1",1
"TTTGGTTAGTTACCCA-1",0
"TTTGGTTCAAACTGCT-1",2
"TTTGGTTCAAGCTGTT-1",1
"TTTGGTTCAGATCGGA-1",0
"TTTGGTTCATCACAAC-1",2
"TTTGGTTGTACTTCTT-1",2
"TTTGGTTGTATGCTTG-1",0
"TTTGGTTGTGCTTCTC-1",0
"TTTGGTTTCATGCTCC-1",7
"TTTGGTTTCCCTGACT-1",1
"TTTGTCAAGAGTCGGT-1",0
"TTTGTCACAAGTTCTG-1",1
"TTTGTCACAAGTTGTC-1",2
"TTTGTCACACTCTGTC-1",2
"TTTGTCATCACCTTAT-1",1
"TTTGTCATCCATTCTA-1",2
"TTTGTCATCCTTAATC-1",0
"TTTGTCATCTTATCTG-1",2
