"cell_barcode","expression"
"AAACCTGAGACAGAGA-1",1
"AAACCTGAGACTTTCG-1",2
"AAACCTGAGAGTAAGG-1",1
"AAACCTGAGAGTCGGT-1",0
"AAACCTGAGGATGGAA-1",0
"AAACCTGAGTAGATGT-1",0
"AAACCTGCAATCAGAA-1",1
"AAACCTGCACCGATAT-1",3
"AAACCTGCAGACGTAG-1",1
"AAACCTGCAGTATCTG-1",1
"AAACCTGCATAGTAAG-1",0
"AAACCTGCATGAACCT-1",0
"AAACCTGGTAAGAGGA-1",0
"AAACCTGGTCCAACTA-1",4
"AAACCTGTCCGTAGTA-1",4
"AAACCTGTCGAGAGCA-1",2
"AAACGGGAGTACGACG-1",0
"AAACGGGCAAGGTTTC-1",0
"AAACGGGCACGTCAGC-1",2
"AAACGGGCAGCGTTCG-1",0
"AAACGGGGTAGCCTCG-1",0
"AAACGGGGTCTACCTC-1",3
"AAACGGGGTGCGGTAA-1",0
"AAACGGGGTTGTCGCG-1",0
"AAACGGGTCCATGAGT-1",1
"AAACGGGTCCCAACGG-1",1
"AAACGGGTCCCATTAT-1",1
"AAAGATGCAGTCAGCC-1",0
"AAAGATGCATCTACGA-1",0
"AAAGCAAAGCGTCTAT-1",0
"AAAGCAACATGTCGAT-1",0
"AAAGCAAGTAGCTGCC-1",0
"AAAGCAAGTAGGCATG-1",1
"AAAGCAAGTGCGCTTG-1",2
"AAAGCAAGTTATTCTC-1",0
"AAAGCAATCCGTAGTA-1",0
"AAAGTAGAGATGTGTA-1",2
"AAAGTAGAGTGGGCTA-1",1
"AAAGTAGGTATATGGA-1",4
"AAAGTAGGTGAGCGAT-1",0
"AAAGTAGGTTGAGGTG-1",0
"AAATGCCAGCCCTAAT-1",0
"AAATGCCAGCGTGTCC-1",0
"AAATGCCCAACACCTA-1",2
"AAATGCCGTAGGAGTC-1",2
"AAATGCCGTCTTTCAT-1",0
"AAATGCCGTGGTCCGT-1",0
"AAATGCCGTTCCCGAG-1",3
"AAATGCCTCATAGCAC-1",2
"AAATGCCTCGCTTAGA-1",3
"AACACGTAGAATTCCC-1",2
"AACACGTAGCCCTAAT-1",0
"AACACGTAGGGTGTGT-1",3
"AACACGTCACTGTCGG-1",1
"AACACGTCATCCCATC-1",1
"AACACGTGTGCAACGA-1",4
"AACACGTGTGTCGCTG-1",0
"AACCATGAGCGCTTAT-1",0
"AACCATGGTCCGTTAA-1",2
"AACCATGTCAGTTCGA-1",2
"AACCATGTCATCGATG-1",1
"AACCATGTCCCAAGTA-1",1
"AACCGCGAGAAGCCCA-1",0
"AACCGCGAGACTGGGT-1",0
"AACCGCGAGAGGTACC-1",0
"AACCGCGAGTTAGGTA-1",2
"AACCGCGAGTTGCAGG-1",1
"AACCGCGCACGGTAGA-1",2
"AACCGCGCAGCATGAG-1",2
"AACCGCGCAGCCTGTG-1",0
"AACCGCGCAGCTGTGC-1",2
"AACCGCGCAGTATGCT-1",0
"AACCGCGGTACTTGAC-1",1
"AACCGCGGTCTGCAAT-1",0
"AACCGCGTCACATGCA-1",1
"AACCGCGTCACCGTAA-1",1
"AACCGCGTCCAGAGGA-1",3
"AACCGCGTCCGAAGAG-1",0
"AACCGCGTCGATCCCT-1",1
"AACGTTGAGCGATAGC-1",1
"AACGTTGAGCGATCCC-1",0
"AACGTTGAGCTTATCG-1",0
"AACGTTGCAAGTTGTC-1",1
"AACGTTGCAATAGAGT-1",6
"AACGTTGCAATGGATA-1",1
"AACGTTGCATGGATGG-1",1
"AACGTTGCATTCTCAT-1",0
"AACGTTGTCAACACGT-1",4
"AACGTTGTCGAGGTAG-1",0
"AACGTTGTCGGTCCGA-1",1
"AACTCAGAGAGCTATA-1",1
"AACTCAGAGAGTCGGT-1",2
"AACTCAGAGCCACCTG-1",1
"AACTCAGAGCCCAATT-1",0
"AACTCAGCAAACAACA-1",0
"AACTCAGCACAAGCCC-1",1
"AACTCAGCACGGTTTA-1",0
"AACTCAGCAGGATCGA-1",0
"AACTCAGCATAAAGGT-1",1
"AACTCAGGTTCCACAA-1",3
"AACTCAGTCGTACCGG-1",0
"AACTCCCAGCCCAGCT-1",4
"AACTCCCAGCTAAGAT-1",1
"AACTCCCCAAACGCGA-1",0
"AACTCCCCATGGTCTA-1",2
"AACTCCCGTTGCGCAC-1",1
"AACTCCCTCAAGAAGT-1",3
"AACTCCCTCAAGCCTA-1",0
"AACTCCCTCATCGCTC-1",0
"AACTCCCTCTGCAGTA-1",0
"AACTCCCTCTGGCGTG-1",0
"AACTCTTAGCAGACTG-1",1
"AACTCTTAGTCCGGTC-1",0
"AACTCTTCATGCTAGT-1",0
"AACTCTTGTCGAATCT-1",0
"AACTCTTGTCGGGTCT-1",1
"AACTCTTTCCTCAATT-1",1
"AACTCTTTCTCAAACG-1",0
"AACTCTTTCTCCAGGG-1",1
"AACTCTTTCTCTGCTG-1",0
"AACTGGTAGAAGATTC-1",1
"AACTGGTAGAGACTAT-1",0
"AACTGGTAGCCAACAG-1",0
"AACTGGTAGTGTACTC-1",0
"AACTGGTCACTGAAGG-1",0
"AACTGGTGTCCGAACC-1",0
"AACTGGTTCGGAGCAA-1",0
"AACTGGTTCGTGGGAA-1",2
"AACTGGTTCTGCTTGC-1",0
"AACTTTCAGCGTGAAC-1",0
"AACTTTCAGTATCTCG-1",2
"AACTTTCAGTTTCCTT-1",1
"AACTTTCCATCCTTGC-1",0
"AACTTTCGTCTAGAGG-1",1
"AACTTTCGTCTCTTTA-1",0
"AACTTTCGTTTGTTTC-1",0
"AAGACCTAGGGCTTCC-1",0
"AAGACCTAGTACACCT-1",0
"AAGACCTGTATATGAG-1",1
"AAGACCTGTATCAGTC-1",0
"AAGACCTGTCCGTGAC-1",1
"AAGACCTGTCGAAAGC-1",0
"AAGACCTTCGCCATAA-1",0
"AAGCCGCAGATCTGAA-1",0
"AAGCCGCAGGGTGTTG-1",0
"AAGCCGCAGTGGACGT-1",0
"AAGCCGCAGTGTACTC-1",1
"AAGCCGCCACGCTTTC-1",0
"AAGCCGCCAGGACGTA-1",2
"AAGCCGCGTACAGTTC-1",0
"AAGCCGCGTCATTAGC-1",1
"AAGCCGCTCACGAAGG-1",1
"AAGCCGCTCAGTTAGC-1",0
"AAGCCGCTCGCAAACT-1",2
"AAGCCGCTCGTCGTTC-1",1
"AAGCCGCTCTTACCGC-1",0
"AAGGAGCAGAAACCGC-1",1
"AAGGAGCAGGCATGTG-1",3
"AAGGAGCAGGCGCTCT-1",3
"AAGGAGCAGTTGAGTA-1",1
"AAGGAGCCACGGCGTT-1",1
"AAGGAGCGTAGCGCAA-1",1
"AAGGAGCGTCTGCAAT-1",1
"AAGGAGCTCGTCTGCT-1",1
"AAGGCAGAGAACTGTA-1",0
"AAGGCAGAGAGATGAG-1",0
"AAGGCAGAGGTGATAT-1",1
"AAGGCAGCATAGTAAG-1",1
"AAGGCAGGTACTTCTT-1",1
"AAGGCAGGTGTGCCTG-1",0
"AAGGCAGTCAGATAAG-1",0
"AAGGCAGTCGGAATCT-1",3
"AAGGTTCAGTATCTCG-1",1
"AAGGTTCCATCACGTA-1",2
"AAGGTTCGTATATGGA-1",2
"AAGGTTCGTCCGAATT-1",1
"AAGGTTCGTCGACTAT-1",1
"AAGGTTCGTGTGACCC-1",1
"AAGGTTCTCCGTCATC-1",1
"AAGGTTCTCCTCGCAT-1",2
"AAGGTTCTCTGCGGCA-1",4
"AAGTCTGAGCCATCGC-1",0
"AAGTCTGAGTCAAGCG-1",1
"AAGTCTGCAAAGGAAG-1",3
"AAGTCTGGTCAGCTAT-1",2
"AAGTCTGTCAAACAAG-1",1
"AAGTCTGTCACTGGGC-1",1
"AAGTCTGTCAGCAACT-1",1
"AATCCAGCAAAGTGCG-1",1
"AATCCAGCAGCATACT-1",1
"AATCCAGGTAGGCATG-1",0
"AATCCAGGTCTCCCTA-1",1
"AATCCAGTCCGAATGT-1",4
"AATCGGTAGGCATGGT-1",0
"AATCGGTTCCTGTACC-1",0
"AATCGGTTCGCCGTGA-1",1
"ACACCAAAGATGAGAG-1",1
"ACACCAAAGCCCTAAT-1",2
"ACACCAAAGGATGGTC-1",0
"ACACCAAAGTGTCCAT-1",4
"ACACCAACACTTCGAA-1",1
"ACACCAACAGACGCTC-1",0
"ACACCAACAGCCTATA-1",1
"ACACCAAGTCGCGTGT-1",1
"ACACCAAGTCTAAACC-1",2
"ACACCAAGTTATGTGC-1",1
"ACACCAATCGCGTTTC-1",0
"ACACCCTAGCCAGGAT-1",2
"ACACCCTAGTACTTGC-1",4
"ACACCCTCAAGCGCTC-1",2
"ACACCCTCATCACAAC-1",1
"ACACCCTCATGCCCGA-1",1
"ACACCCTGTCTGGTCG-1",1
"ACACCCTTCCGCAAGC-1",2
"ACACCCTTCCTTGCCA-1",0
"ACACCCTTCTATCCTA-1",1
"ACACCCTTCTGGCGTG-1",1
"ACACCGGAGGCTCAGA-1",0
"ACACCGGAGTGACATA-1",0
"ACACCGGAGTTACCCA-1",3
"ACACCGGCAAGCCGTC-1",2
"ACACCGGCACCAGATT-1",3
"ACACCGGCACCGAAAG-1",1
"ACACCGGCATCACAAC-1",4
"ACACCGGTCCGCATAA-1",0
"ACACCGGTCTCGGACG-1",0
"ACACCGGTCTCTGTCG-1",2
"ACACTGAAGCACGCCT-1",4
"ACACTGAAGGTGATTA-1",1
"ACACTGACAATAGAGT-1",1
"ACACTGACAGACTCGC-1",4
"ACACTGACATCCAACA-1",0
"ACACTGAGTCCGAAGA-1",0
"ACACTGAGTGTTTGTG-1",2
"ACACTGAGTTTGACTG-1",1
"ACAGCCGAGGAATGGA-1",0
"ACAGCCGAGGCCCGTT-1",1
"ACAGCCGAGGTGCTTT-1",1
"ACAGCCGAGTGGTAGC-1",0
"ACAGCCGCATATACGC-1",4
"ACAGCCGCATGCAACT-1",0
"ACAGCCGGTAGGGTAC-1",0
"ACAGCCGGTCGAATCT-1",4
"ACAGCCGGTTCACCTC-1",0
"ACAGCCGGTTCCACTC-1",1
"ACAGCCGTCCAGAAGG-1",0
"ACAGCCGTCTTTACAC-1",2
"ACAGCTAAGCACCGCT-1",0
"ACAGCTAAGTATCTCG-1",0
"ACAGCTAAGTGTTGAA-1",1
"ACAGCTACATCGTCGG-1",2
"ACAGCTAGTCGACTAT-1",2
"ACAGCTAGTGGTACAG-1",0
"ACAGCTATCACCACCT-1",1
"ACAGCTATCTGCTTGC-1",2
"ACATACGAGAGCTTCT-1",1
"ACATACGAGCGTAGTG-1",1
"ACATACGAGCTTCGCG-1",0
"ACATACGAGCTTTGGT-1",1
"ACATACGCAAACGTGG-1",3
"ACATACGCAAGCCTAT-1",1
"ACATACGCATCTCCCA-1",0
"ACATACGCATTCTCAT-1",0
"ACATACGGTAGGAGTC-1",0
"ACATACGGTGCACCAC-1",1
"ACATACGGTGGTTTCA-1",0
"ACATACGTCGTATCAG-1",0
"ACATCAGAGCCACTAT-1",0
"ACATCAGAGCCTTGAT-1",0
"ACATCAGCAACACCCG-1",3
"ACATCAGCAACGATGG-1",1
"ACATCAGCAATTGCTG-1",0
"ACATCAGCACCGGAAA-1",1
"ACATCAGCATAAAGGT-1",1
"ACATCAGCATCCCACT-1",0
"ACATCAGCATTTGCCC-1",1
"ACATCAGGTAAGGATT-1",0
"ACATCAGGTCCGTGAC-1",3
"ACATCAGGTTAAGTAG-1",1
"ACATCAGTCAAACCGT-1",1
"ACATGGTAGCATGGCA-1",0
"ACATGGTAGCTGTTCA-1",0
"ACATGGTCACTTGGAT-1",0
"ACATGGTGTCAGATAA-1",1
"ACATGGTGTCTGCGGT-1",0
"ACATGGTGTGCAACTT-1",0
"ACATGGTTCCGCAAGC-1",1
"ACATGGTTCCTCCTAG-1",1
"ACATGGTTCTGGAGCC-1",1
"ACATGGTTCTTCTGGC-1",2
"ACCAGTAAGATCACGG-1",0
"ACCAGTAAGCTTCGCG-1",0
"ACCAGTACACAGATTC-1",0
"ACCAGTACACAGGCCT-1",0
"ACCAGTACAGTATGCT-1",0
"ACCAGTACAGTCAGAG-1",2
"ACCAGTACAGTTTACG-1",0
"ACCAGTAGTCACCCAG-1",0
"ACCAGTAGTCCATCCT-1",0
"ACCAGTAGTCTTCAAG-1",1
"ACCAGTAGTGGACGAT-1",1
"ACCAGTATCTGCGACG-1",0
"ACCAGTATCTGCTTGC-1",1
"ACCAGTATCTGTTTGT-1",1
"ACCCACTAGAGGTTAT-1",1
"ACCCACTAGATCCCGC-1",1
"ACCCACTAGATGTGTA-1",3
"ACCCACTAGCCCAATT-1",3
"ACCCACTCAAGGGTCA-1",0
"ACCCACTCAAGGTTCT-1",1
"ACCCACTGTAAATGAC-1",0
"ACCCACTGTAGCCTCG-1",0
"ACCCACTGTCAAAGAT-1",2
"ACCCACTGTCAATACC-1",0
"ACCCACTGTGTGGTTT-1",1
"ACCCACTTCGCAAACT-1",0
"ACCCACTTCTGCCAGG-1",0
"ACCGTAACAATCGGTT-1",0
"ACCGTAACAATCTACG-1",1
"ACCGTAACAGGTCCAC-1",0
"ACCGTAAGTACAGCAG-1",1
"ACCGTAAGTCATGCAT-1",1
"ACCGTAAGTGAGTGAC-1",2
"ACCGTAAGTTAAGAAC-1",1
"ACCGTAAGTTCCGTCT-1",1
"ACCGTAATCACATAGC-1",1
"ACCGTAATCATGTGGT-1",0
"ACCGTAATCTGAAAGA-1",0
"ACCTTTACAATCGGTT-1",0
"ACCTTTACACGGACAA-1",1
"ACCTTTACAGCAGTTT-1",0
"ACCTTTACATGCAACT-1",2
"ACCTTTACATTTCAGG-1",2
"ACCTTTAGTGAACCTT-1",1
"ACCTTTAGTTCCACTC-1",2
"ACCTTTATCTCTAGGA-1",1
"ACGAGCCAGGCAGGTT-1",0
"ACGAGCCCACAGGCCT-1",0
"ACGAGCCCATGGAATA-1",0
"ACGAGCCGTGCACGAA-1",2
"ACGAGCCGTGTGACCC-1",1
"ACGAGCCGTTGGTTTG-1",3
"ACGAGCCTCAGTCCCT-1",0
"ACGAGCCTCGCAAACT-1",0
"ACGAGGACACTACAGT-1",2
"ACGAGGACATGTAGTC-1",1
"ACGAGGAGTACACCGC-1",1
"ACGAGGAGTGCCTGCA-1",1
"ACGAGGAGTTCTGAAC-1",1
"ACGAGGATCTGCGGCA-1",1
"ACGATACAGAGTGACC-1",0
"ACGATACAGCGCCTTG-1",2
"ACGATACAGTGATCGG-1",2
"ACGATACCACGTTGGC-1",3
"ACGATACCATTGGGCC-1",1
"ACGATACGTCGAATCT-1",1
"ACGATACTCTGACCTC-1",1
"ACGATGTAGTGCGATG-1",0
"ACGATGTAGTTGAGAT-1",0
"ACGATGTCAACGCACC-1",0
"ACGATGTCACACGCTG-1",0
"ACGATGTGTATTCTCT-1",2
"ACGATGTGTCAGTGGA-1",3
"ACGATGTGTGACTACT-1",0
"ACGATGTGTGTCGCTG-1",0
"ACGATGTTCGCGTAGC-1",0
"ACGATGTTCTCTTATG-1",1
"ACGCAGCAGCGGCTTC-1",0
"ACGCAGCAGCTGCGAA-1",4
"ACGCAGCAGTGTACGG-1",1
"ACGCAGCCACCTCGTT-1",1
"ACGCAGCCATCGACGC-1",1
"ACGCAGCCATTACCTT-1",1
"ACGCAGCGTCCATGAT-1",1
"ACGCAGCGTCTACCTC-1",0
"ACGCAGCGTCTGGTCG-1",1
"ACGCAGCGTGCGATAG-1",0
"ACGCCAGCAAAGCAAT-1",1
"ACGCCAGCAACGCACC-1",0
"ACGCCAGCACGAGAGT-1",0
"ACGCCAGCAGTGAGTG-1",0
"ACGCCAGGTGCACTTA-1",4
"ACGCCAGGTGTGCGTC-1",0
"ACGCCAGTCACAGGCC-1",0
"ACGCCAGTCAGTGTTG-1",0
"ACGCCGAAGAAACGCC-1",2
"ACGCCGAAGATCTGCT-1",0
"ACGCCGACAGCCTGTG-1",0
"ACGCCGAGTTCCAACA-1",0
"ACGCCGATCCTATGTT-1",1
"ACGCCGATCGCAGGCT-1",1
"ACGCCGATCTTGTATC-1",0
"ACGGAGAAGCCAGTTT-1",1
"ACGGAGAAGGTCATCT-1",1
"ACGGAGACACACATGT-1",2
"ACGGAGACAGCCTGTG-1",1
"ACGGAGACAGCGTAAG-1",0
"ACGGAGACAGTAAGCG-1",0
"ACGGAGAGTGTGACGA-1",0
"ACGGAGATCCACGAAT-1",0
"ACGGCCACACATCCAA-1",1
"ACGGCCACACATTCGA-1",5
"ACGGCCAGTACCGTAT-1",0
"ACGGCCAGTGTATGGG-1",2
"ACGGCCATCACGGTTA-1",0
"ACGGCCATCAGTGTTG-1",0
"ACGGCCATCTACTATC-1",2
"ACGGGCTAGGATCGCA-1",0
"ACGGGCTAGGTTCCTA-1",1
"ACGGGCTAGTGGCACA-1",1
"ACGGGCTCATCTGGTA-1",0
"ACGGGCTGTGAGGCTA-1",2
"ACGGGCTTCCGAACGC-1",1
"ACGGGTCAGATGCCAG-1",1
"ACGGGTCCATGATCCA-1",0
"ACGGGTCCATTAGGCT-1",0
"ACGGGTCCATTTCACT-1",0
"ACGGGTCGTTAGGGTG-1",1
"ACGGGTCTCAACACCA-1",1
"ACGGGTCTCCACGCAG-1",0
"ACGTCAAAGGGCTTCC-1",1
"ACGTCAAAGTGGTAAT-1",3
"ACGTCAACAACTGCGC-1",1
"ACGTCAACACAAGACG-1",2
"ACGTCAAGTAGCTCCG-1",0
"ACGTCAAGTGTCGCTG-1",2
"ACGTCAAGTTATGCGT-1",1
"ACGTCAATCAACCAAC-1",1
"ACGTCAATCATAACCG-1",2
"ACGTCAATCCAGAAGG-1",3
"ACGTCAATCTAACTCT-1",0
"ACTATCTAGAGGTTAT-1",0
"ACTATCTAGATACACA-1",0
"ACTATCTAGGAGTAGA-1",0
"ACTATCTAGGCATGTG-1",1
"ACTATCTCAAATACAG-1",1
"ACTATCTCAAATTGCC-1",0
"ACTATCTGTAGGGACT-1",2
"ACTATCTGTCGCGTGT-1",0
"ACTATCTGTGCACGAA-1",0
"ACTATCTGTGGTTTCA-1",1
"ACTATCTTCGCCGTGA-1",0
"ACTGAACAGAGTGAGA-1",0
"ACTGAACAGATCCCGC-1",0
"ACTGAACAGGTGATAT-1",5
"ACTGAACCAAAGCGGT-1",0
"ACTGAACCAAGCGAGT-1",0
"ACTGAACCAATTCCTT-1",0
"ACTGAACCAGCTGGCT-1",1
"ACTGAACCAGTCTTCC-1",0
"ACTGAACCATTACCTT-1",1
"ACTGAACGTAAGCACG-1",0
"ACTGAACGTAATCGTC-1",2
"ACTGAACGTCCAGTAT-1",0
"ACTGAACGTCTGATCA-1",1
"ACTGAACTCCCACTTG-1",1
"ACTGAGTAGCCGGTAA-1",1
"ACTGAGTCAGTGGGAT-1",4
"ACTGAGTCATTTGCCC-1",5
"ACTGAGTGTAGAGCTG-1",0
"ACTGAGTGTTGTGGCC-1",1
"ACTGAGTTCAGGTTCA-1",0
"ACTGATGAGACAGACC-1",0
"ACTGATGAGCGGATCA-1",2
"ACTGATGAGGTGCTTT-1",4
"ACTGATGCAGCAGTTT-1",0
"ACTGATGCATCACAAC-1",5
"ACTGATGGTCATGCAT-1",2
"ACTGATGTCACAATGC-1",1
"ACTGATGTCACTCCTG-1",1
"ACTGATGTCCCTGACT-1",0
"ACTGATGTCCGCTGTT-1",1
"ACTGATGTCCGGCACA-1",0
"ACTGATGTCCTATTCA-1",0
"ACTGCTCAGAGCTTCT-1",1
"ACTGCTCAGATGCCTT-1",1
"ACTGCTCCACACCGCA-1",2
"ACTGCTCCAGATGGGT-1",2
"ACTGCTCCATGCCTAA-1",1
"ACTGCTCGTAGGCATG-1",2
"ACTGCTCGTATCACCA-1",0
"ACTGCTCGTCCGAAGA-1",0
"ACTGCTCTCCGAGCCA-1",0
"ACTGTCCAGAGGGCTT-1",1
"ACTGTCCAGCAGCGTA-1",2
"ACTGTCCAGGCATGGT-1",2
"ACTGTCCCAAGGTTTC-1",3
"ACTGTCCCAAGTACCT-1",0
"ACTGTCCCAGTATCTG-1",3
"ACTGTCCCATAGAAAC-1",0
"ACTGTCCGTTGAGGTG-1",2
"ACTGTCCTCCACGTGG-1",0
"ACTGTCCTCCTTGGTC-1",0
"ACTGTCCTCTCTGTCG-1",0
"ACTTACTAGCGATAGC-1",0
"ACTTACTAGGGATGGG-1",0
"ACTTACTCACAGACAG-1",1
"ACTTACTCACATTTCT-1",0
"ACTTACTGTACTCAAC-1",2
"ACTTACTGTTCCACAA-1",0
"ACTTACTTCATCGGAT-1",0
"ACTTGTTAGACAAGCC-1",1
"ACTTGTTAGCTAGCCC-1",0
"ACTTGTTAGTTACCCA-1",1
"ACTTGTTCACGACGAA-1",0
"ACTTGTTCACGGCTAC-1",0
"ACTTGTTGTATCGCAT-1",0
"ACTTGTTGTGGTAACG-1",0
"ACTTGTTGTTGTGGAG-1",0
"ACTTGTTTCATCACCC-1",1
"ACTTTCACATGGTCAT-1",2
"ACTTTCAGTGACTACT-1",1
"ACTTTCATCGCCAGCA-1",1
"AGAATAGAGCTGAACG-1",0
"AGAATAGAGCTGTCTA-1",0
"AGAATAGAGGTAGCTG-1",1
"AGAATAGCATGGTCTA-1",2
"AGAATAGGTAATCGTC-1",1
"AGAATAGGTATTCTCT-1",0
"AGAATAGGTGCGGTAA-1",0
"AGAATAGGTTAAGAAC-1",1
"AGAATAGTCAGGCCCA-1",2
"AGACGTTAGAATGTGT-1",0
"AGACGTTAGCTCCTCT-1",1
"AGACGTTAGTGCCAGA-1",0
"AGACGTTCAGGATCGA-1",0
"AGACGTTGTAGCTGCC-1",2
"AGACGTTGTCTGCAAT-1",0
"AGACGTTGTTCTGTTT-1",1
"AGACGTTTCGCATGGC-1",2
"AGACGTTTCGCTTAGA-1",0
"AGAGCGACAACTTGAC-1",1
"AGAGCGACAAGTACCT-1",1
"AGAGCGACACAACGTT-1",2
"AGAGCGACATGAGCGA-1",0
"AGAGCGAGTCAGTGGA-1",0
"AGAGCGAGTCGACTGC-1",0
"AGAGCGAGTTGAGTTC-1",0
"AGAGCGATCGCGTAGC-1",0
"AGAGCGATCTATCCTA-1",2
"AGAGCGATCTCGCTTG-1",0
"AGAGCTTAGCCGTCGT-1",0
"AGAGCTTAGTACACCT-1",0
"AGAGCTTAGTCATGCT-1",2
"AGAGCTTGTAGAGCTG-1",0
"AGAGCTTGTATCACCA-1",2
"AGAGCTTTCACTATTC-1",3
"AGAGCTTTCCTGCAGG-1",4
"AGAGCTTTCGCAAACT-1",2
"AGAGCTTTCGCTTAGA-1",0
"AGAGTGGAGAGCCTAG-1",1
"AGAGTGGAGGCCCTTG-1",0
"AGAGTGGAGGTACTCT-1",1
"AGAGTGGCACAAGACG-1",1
"AGAGTGGCACCTCGTT-1",1
"AGAGTGGCATCCGGGT-1",1
"AGAGTGGCATCTGGTA-1",1
"AGAGTGGGTCAGCTAT-1",0
"AGAGTGGGTCCTCCAT-1",1
"AGAGTGGGTCTAGTCA-1",1
"AGAGTGGGTTACCGAT-1",0
"AGATCTGAGGTGGGTT-1",1
"AGATCTGAGTCAAGGC-1",0
"AGATCTGCAATGTTGC-1",1
"AGATCTGTCGAATCCA-1",0
"AGATCTGTCTGCAGTA-1",0
"AGATTGCAGGCTACGA-1",1
"AGATTGCCACGACGAA-1",1
"AGATTGCCAGATGGGT-1",1
"AGATTGCGTAGAGCTG-1",4
"AGATTGCGTGATGTCT-1",0
"AGATTGCGTGTTCGAT-1",0
"AGATTGCGTTCACGGC-1",0
"AGATTGCTCACTGGGC-1",1
"AGATTGCTCATCTGTT-1",0
"AGCAGCCAGCTGATAA-1",0
"AGCAGCCCACCGAAAG-1",1
"AGCAGCCGTCGACTGC-1",1
"AGCAGCCGTCGCTTTC-1",0
"AGCAGCCGTCTAACGT-1",2
"AGCAGCCGTGTGAAAT-1",4
"AGCAGCCGTTTGTTGG-1",1
"AGCAGCCTCCAAACAC-1",2
"AGCATACAGTGGTAGC-1",1
"AGCATACAGTTGTCGT-1",1
"AGCATACGTCTTCTCG-1",0
"AGCATACGTTAAGTAG-1",0
"AGCATACTCCGTTGCT-1",0
"AGCCTAAAGATATGGT-1",1
"AGCCTAACAAAGCGGT-1",1
"AGCCTAACAGATAATG-1",2
"AGCCTAAGTACGAAAT-1",1
"AGCCTAAGTCACCTAA-1",0
"AGCCTAAGTGTGCCTG-1",0
"AGCCTAATCACCCGAG-1",0
"AGCCTAATCCAATGGT-1",1
"AGCCTAATCCTTGGTC-1",1
"AGCCTAATCTGTGCAA-1",2
"AGCCTAATCTGTTTGT-1",2
"AGCGGTCAGCGAAGGG-1",0
"AGCGGTCAGGTACTCT-1",2
"AGCGGTCAGTGACTCT-1",3
"AGCGGTCCAGCCTTGG-1",1
"AGCGGTCGTCCTAGCG-1",3
"AGCGGTCGTGGTGTAG-1",0
"AGCGGTCGTTAAGGGC-1",3
"AGCGGTCGTTTGCATG-1",1
"AGCGGTCTCCGAAGAG-1",2
"AGCGGTCTCCTCAATT-1",3
"AGCGGTCTCTGGGCCA-1",1
"AGCGTATAGAACTGTA-1",2
"AGCGTATAGCGATGAC-1",1
"AGCGTATAGGTACTCT-1",2
"AGCGTATGTTGAGGTG-1",0
"AGCGTATTCCAGAGGA-1",0
"AGCGTCGAGTTGAGTA-1",0
"AGCGTCGCAGGGATTG-1",2
"AGCGTCGTCTGAAAGA-1",1
"AGCTCCTAGACCTAGG-1",0
"AGCTCCTAGCGTTTAC-1",0
"AGCTCCTGTGTTTGTG-1",0
"AGCTCCTGTTGTCTTT-1",1
"AGCTCCTTCCGAATGT-1",2
"AGCTCCTTCTTGACGA-1",0
"AGCTCTCAGCGGATCA-1",0
"AGCTCTCAGCTGTTCA-1",4
"AGCTCTCAGGTGCTAG-1",2
"AGCTCTCCATACAGCT-1",0
"AGCTCTCGTCAGAGGT-1",0
"AGCTCTCGTGGGTCAA-1",1
"AGCTCTCTCACAACGT-1",1
"AGCTCTCTCTTGACGA-1",1
"AGCTTGAAGCATCATC-1",2
"AGCTTGAAGTAGCGGT-1",1
"AGCTTGAAGTTGTCGT-1",0
"AGCTTGACAATCCAAC-1",0
"AGCTTGACACCGATAT-1",1
"AGCTTGAGTCTACCTC-1",0
"AGCTTGAGTGCGCTTG-1",1
"AGCTTGAGTTACGCGC-1",0
"AGCTTGATCCTGCCAT-1",1
"AGCTTGATCTGCAAGT-1",0
"AGGCCACAGAGTAAGG-1",0
"AGGCCACAGGGTCTCC-1",1
"AGGCCACAGTACTTGC-1",3
"AGGCCACCAGGACCCT-1",1
"AGGCCACCATCAGTCA-1",1
"AGGCCACTCATGCTCC-1",1
"AGGCCACTCATGGTCA-1",1
"AGGCCACTCATTGCGA-1",0
"AGGCCGTAGGATCGCA-1",1
"AGGCCGTCACGTAAGG-1",0
"AGGCCGTCAGCTCGAC-1",1
"AGGCCGTCATCGTCGG-1",0
"AGGCCGTTCACGGTTA-1",1
"AGGCCGTTCGAACTGT-1",0
"AGGCCGTTCTCAAGTG-1",0
"AGGCCGTTCTGCTTGC-1",1
"AGGGAGTAGCCCAACC-1",2
"AGGGAGTAGGAGTACC-1",1
"AGGGAGTAGGCAGGTT-1",1
"AGGGAGTCACGAGAGT-1",0
"AGGGAGTCAGAAGCAC-1",0
"AGGGAGTCAGATCCAT-1",1
"AGGGAGTCATCGACGC-1",0
"AGGGAGTCATGCTAGT-1",2
"AGGGAGTGTCCATGAT-1",2
"AGGGAGTTCATAACCG-1",0
"AGGGATGAGCTCTCGG-1",1
"AGGGATGAGGAGTAGA-1",0
"AGGGATGAGTAGCGGT-1",0
"AGGGATGCAATGAATG-1",0
"AGGGATGCAATGGAGC-1",0
"AGGGATGCACAAGACG-1",0
"AGGGATGCACATTTCT-1",0
"AGGGATGCATGGTCTA-1",0
"AGGGATGGTTAAAGTG-1",1
"AGGGATGGTTATGCGT-1",0
"AGGGATGTCGTGACAT-1",2
"AGGGTGAAGATGGCGT-1",4
"AGGGTGAAGATGGGTC-1",1
"AGGGTGAAGGCTCAGA-1",0
"AGGGTGACACGAGAGT-1",0
"AGGGTGACAGATGGCA-1",3
"AGGGTGACAGATTGCT-1",0
"AGGGTGAGTACTCTCC-1",0
"AGGGTGAGTTATCGGT-1",2
"AGGGTGAGTTCTGAAC-1",2
"AGGGTGATCTCGCTTG-1",0
"AGGTCATAGAGCCCAA-1",0
"AGGTCATAGCCAGAAC-1",1
"AGGTCATAGGCATGGT-1",2
"AGGTCATAGGGAGTAA-1",5
"AGGTCATCACTCAGGC-1",1
"AGGTCATCACTCTGTC-1",1
"AGGTCATGTTCCACTC-1",2
"AGGTCATTCTCGTTTA-1",1
"AGGTCCGAGGATGCGT-1",0
"AGGTCCGCAACACGCC-1",0
"AGGTCCGGTGATGCCC-1",1
"AGGTCCGTCCATGAAC-1",3
"AGGTCCGTCGCCCTTA-1",0
"AGGTCCGTCTGCGTAA-1",0
"AGTAGTCAGACTGTAA-1",1
"AGTAGTCAGTACGACG-1",0
"AGTAGTCAGTTTAGGA-1",0
"AGTAGTCCAACTGGCC-1",0
"AGTAGTCGTGCAGACA-1",0
"AGTAGTCTCACCCGAG-1",0
"AGTCTTTAGGCAGTCA-1",0
"AGTCTTTCAAATCCGT-1",0
"AGTCTTTCATATACCG-1",0
"AGTCTTTGTGCTTCTC-1",3
"AGTCTTTGTGTCCTCT-1",3
"AGTCTTTGTTTGTTTC-1",1
"AGTCTTTTCGCAGGCT-1",2
"AGTCTTTTCGCGTAGC-1",0
"AGTCTTTTCGCTAGCG-1",0
"AGTCTTTTCGCTTGTC-1",1
"AGTCTTTTCTGACCTC-1",0
"AGTGAGGAGATAGCAT-1",3
"AGTGAGGCAGGTGCCT-1",0
"AGTGAGGGTATGAAAC-1",1
"AGTGAGGGTCACTTCC-1",0
"AGTGAGGGTCGCGAAA-1",2
"AGTGAGGGTTATGTGC-1",0
"AGTGAGGTCTACTATC-1",0
"AGTGGGAAGCAGACTG-1",0
"AGTGGGACAAACGCGA-1",0
"AGTGGGACAAGCCGTC-1",1
"AGTGGGACACAGGAGT-1",1
"AGTGGGACACGAGAGT-1",2
"AGTGGGATCATCGATG-1",1
"AGTGGGATCCACGAAT-1",0
"AGTGGGATCCTGCAGG-1",2
"AGTGTCAAGAAGCCCA-1",2
"AGTGTCAAGCTAGTCT-1",0
"AGTGTCAAGTACGACG-1",0
"AGTGTCAAGTGAACAT-1",1
"AGTGTCACACCATCCT-1",1
"AGTGTCACAGTAAGCG-1",0
"AGTGTCACAGTGGAGT-1",0
"AGTGTCAGTAAACCTC-1",0
"AGTGTCAGTACAGCAG-1",0
"AGTGTCAGTCTCCACT-1",0
"AGTGTCAGTTTGACTG-1",0
"AGTGTCATCAAAGTAG-1",1
"AGTGTCATCCGTCAAA-1",2
"AGTGTCATCGTTACAG-1",0
"AGTGTCATCTGTCAAG-1",0
"AGTTGGTAGACTGTAA-1",0
"AGTTGGTAGTACGCGA-1",5
"AGTTGGTCAAATTGCC-1",0
"AGTTGGTCAGGAATGC-1",1
"AGTTGGTCATGCGCAC-1",0
"AGTTGGTGTACCGTAT-1",3
"AGTTGGTGTATGCTTG-1",2
"AGTTGGTGTCAGGACA-1",2
"AGTTGGTGTTCAGACT-1",3
"AGTTGGTTCAGTACGT-1",3
"AGTTGGTTCCTCAACC-1",4
"AGTTGGTTCGTACCGG-1",0
"AGTTGGTTCTGTCCGT-1",0
"ATAACGCAGTTGAGTA-1",1
"ATAACGCCACGTGAGA-1",0
"ATAACGCGTGAACCTT-1",1
"ATAACGCGTGTCCTCT-1",0
"ATAACGCGTGTGAAAT-1",1
"ATAACGCTCTCCGGTT-1",3
"ATAAGAGAGTCCGGTC-1",1
"ATAAGAGCAACTGCGC-1",0
"ATAAGAGCAGTATCTG-1",0
"ATAAGAGGTGACGCCT-1",1
"ATAAGAGGTTAAAGTG-1",0
"ATAAGAGTCAGCACAT-1",1
"ATAAGAGTCAGTGCAT-1",0
"ATAGACCAGAGAGCTC-1",0
"ATAGACCAGCCCAATT-1",0
"ATAGACCCAAGCCATT-1",0
"ATAGACCCATCTGGTA-1",1
"ATAGACCGTATATGGA-1",0
"ATAGACCGTGGACGAT-1",0
"ATAGACCGTGGCGAAT-1",1
"ATAGACCGTTTCGCTC-1",1
"ATCACGAAGAACTCGG-1",1
"ATCACGAAGACACGAC-1",2
"ATCACGAAGTTACCCA-1",2
"ATCACGACAAGACACG-1",3
"ATCACGACAAGCGTAG-1",1
"ATCACGACACACATGT-1",0
"ATCACGACACCACCAG-1",0
"ATCACGACACGGTAAG-1",0
"ATCACGACAGCGAACA-1",1
"ATCACGATCCCGACTT-1",0
"ATCACGATCGGTGTCG-1",2
"ATCATCTAGCCTATGT-1",2
"ATCATCTAGGCCATAG-1",4
"ATCATCTAGTACTTGC-1",0
"ATCATCTCAGACGCCT-1",0
"ATCATCTCATCCGTGG-1",0
"ATCATCTGTATTACCG-1",1
"ATCATCTGTCACTTCC-1",0
"ATCATCTTCAGCGACC-1",1
"ATCATCTTCCTCAACC-1",5
"ATCATGGCAAGCGTAG-1",0
"ATCATGGCAAGGTTCT-1",0
"ATCATGGCACTACAGT-1",0
"ATCATGGGTAAGGGAA-1",1
"ATCATGGGTTGTGGCC-1",0
"ATCATGGTCAATAAGG-1",2
"ATCATGGTCCAATGGT-1",0
"ATCATGGTCGCCATAA-1",1
"ATCATGGTCGGTTAAC-1",0
"ATCCACCAGCTAGTCT-1",2
"ATCCACCAGGCTCTTA-1",0
"ATCCACCCAAACGTGG-1",0
"ATCCACCCAGTTAACC-1",3
"ATCCACCGTCCGAAGA-1",1
"ATCCACCGTTTGTTTC-1",3
"ATCCACCTCCTGCTTG-1",0
"ATCCACCTCCTTAATC-1",2
"ATCCACCTCTGGTATG-1",2
"ATCCGAAAGCGATGAC-1",0
"ATCCGAAAGCTAGGCA-1",1
"ATCCGAACAAACGTGG-1",0
"ATCCGAACAACAACCT-1",0
"ATCCGAACAAGGACTG-1",0
"ATCCGAACACCCATTC-1",3
"ATCCGAACACGGTAGA-1",0
"ATCCGAAGTAGCGCTC-1",1
"ATCCGAAGTCATTAGC-1",1
"ATCCGAAGTCTCTTAT-1",2
"ATCCGAATCCAACCAA-1",2
"ATCCGAATCCTTGACC-1",0
"ATCCGAATCTTGTCAT-1",1
"ATCGAGTAGACTTTCG-1",0
"ATCGAGTCATCCGGGT-1",2
"ATCGAGTGTCCCTTGT-1",0
"ATCGAGTGTCTCCCTA-1",1
"ATCGAGTTCATGCATG-1",0
"ATCGAGTTCCTGCCAT-1",1
"ATCTACTAGGTGTGGT-1",0
"ATCTACTCAGCTGTAT-1",1
"ATCTACTCAGTACACT-1",0
"ATCTACTCATGACATC-1",1
"ATCTACTGTAAGTAGT-1",0
"ATCTACTGTGTCGCTG-1",0
"ATCTACTTCCGCGTTT-1",3
"ATCTACTTCGCAAGCC-1",0
"ATCTACTTCTATCGCC-1",1
"ATCTACTTCTCTAAGG-1",0
"ATCTGCCAGGCTCAGA-1",1
"ATCTGCCGTACAGTTC-1",1
"ATCTGCCGTTGTGGAG-1",0
"ATCTGCCTCAGAGACG-1",1
"ATCTGCCTCAGCTGGC-1",0
"ATCTGCCTCGTACGGC-1",0
"ATCTGCCTCTCGAGTA-1",1
"ATCTGCCTCTGAGTGT-1",2
"ATCTGCCTCTTGTATC-1",1
"ATGAGGGAGGTCGGAT-1",2
"ATGAGGGCATGACGGA-1",2
"ATGAGGGCATTAGGCT-1",0
"ATGAGGGTCACATGCA-1",1
"ATGAGGGTCAGTCCCT-1",0
"ATGCGATAGTCAATAG-1",0
"ATGCGATCATGTTGAC-1",2
"ATGCGATGTGCAGTAG-1",2
"ATGCGATGTGCATCTA-1",0
"ATGCGATTCCCAAGAT-1",0
"ATGCGATTCGCCATAA-1",0
"ATGGGAGAGCAATATG-1",1
"ATGGGAGAGCCACGCT-1",0
"ATGGGAGAGGTGATAT-1",0
"ATGGGAGCACCAGGTC-1",0
"ATGGGAGCACTATCTT-1",0
"ATGGGAGCAGCATACT-1",0
"ATGGGAGCATAGAAAC-1",1
"ATGGGAGCATTACCTT-1",0
"ATGGGAGTCAAGGTAA-1",2
"ATGTGTGAGCGAAGGG-1",0
"ATGTGTGAGGGTTTCT-1",1
"ATGTGTGAGTTGAGTA-1",1
"ATGTGTGCACGGCGTT-1",0
"ATGTGTGCACGGTTTA-1",0
"ATGTGTGCAGTATAAG-1",0
"ATGTGTGTCACGCGGT-1",0
"ATTACTCAGATGTGTA-1",1
"ATTACTCAGCGTAATA-1",1
"ATTACTCAGGTGCACA-1",0
"ATTACTCAGTGAAGTT-1",0
"ATTACTCCAAACTGTC-1",2
"ATTACTCCACCATCCT-1",0
"ATTACTCCAGACTCGC-1",1
"ATTACTCCATATGCTG-1",0
"ATTACTCCATCGGTTA-1",2
"ATTACTCCATTGCGGC-1",1
"ATTACTCGTTAAAGAC-1",2
"ATTACTCTCCGAACGC-1",1
"ATTATCCAGAGTACCG-1",2
"ATTATCCAGCTTATCG-1",1
"ATTATCCCACAAGCCC-1",2
"ATTATCCCATATGAGA-1",1
"ATTATCCCATCTGGTA-1",1
"ATTATCCGTCGTTGTA-1",3
"ATTATCCGTCTCTCTG-1",1
"ATTATCCTCAACGGGA-1",3
"ATTATCCTCCGCGCAA-1",4
"ATTATCCTCTCCGGTT-1",1
"ATTCTACGTCACTTCC-1",0
"ATTCTACGTCTAGTCA-1",2
"ATTCTACGTTGTCGCG-1",1
"ATTGGACAGCAGATCG-1",1
"ATTGGACAGGGCATGT-1",0
"ATTGGACAGTGGACGT-1",0
"ATTGGACCAAGACACG-1",3
"ATTGGACGTAATAGCA-1",5
"ATTGGACTCCTGCTTG-1",1
"ATTGGACTCGGCGCAT-1",1
"ATTGGACTCGTTTGCC-1",0
"ATTGGTGAGAATGTTG-1",1
"ATTGGTGCAAGCTGAG-1",1
"ATTGGTGCAGCAGTTT-1",1
"ATTGGTGGTATGGTTC-1",2
"ATTGGTGGTTGAGTTC-1",0
"ATTGGTGTCAAAGTAG-1",0
"ATTGGTGTCGGAAACG-1",1
"ATTTCTGAGGGATACC-1",2
"ATTTCTGAGGGATCTG-1",0
"ATTTCTGAGGTGTTAA-1",1
"ATTTCTGAGTCGAGTG-1",0
"ATTTCTGAGTTCGCAT-1",1
"ATTTCTGCAAGGTGTG-1",0
"ATTTCTGGTAGCTCCG-1",1
"ATTTCTGGTGCACGAA-1",1
"ATTTCTGGTTGCCTCT-1",0
"ATTTCTGTCAAAGTAG-1",0
"ATTTCTGTCAGCTCGG-1",1
"ATTTCTGTCTTGGGTA-1",0
"CAACCAAAGAAACGCC-1",0
"CAACCAAAGAGGGCTT-1",2
"CAACCAAAGCTGAAAT-1",3
"CAACCAAAGGACAGCT-1",1
"CAACCAAAGGGAGTAA-1",1
"CAACCAACATACGCTA-1",3
"CAACCTCAGTAATCCC-1",0
"CAACCTCCAGACGCAA-1",0
"CAACCTCGTGAGTGAC-1",1
"CAACCTCGTTCCACGG-1",4
"CAACCTCTCATACGGT-1",0
"CAACCTCTCCGATATG-1",0
"CAACCTCTCCTTTACA-1",2
"CAACCTCTCTCTAGGA-1",1
"CAACTAGAGAATAGGG-1",3
"CAACTAGAGGATGCGT-1",1
"CAACTAGCACCATCCT-1",2
"CAACTAGCAGACTCGC-1",0
"CAACTAGCAGTTCATG-1",1
"CAACTAGGTACGCACC-1",1
"CAACTAGTCAGGCCCA-1",2
"CAAGAAAAGAAGGACA-1",0
"CAAGAAAAGACGCACA-1",3
"CAAGAAAAGGCCCTTG-1",1
"CAAGAAAAGGTGATAT-1",3
"CAAGAAAAGTCGATAA-1",0
"CAAGAAAAGTGGAGTC-1",1
"CAAGAAAAGTGTACCT-1",1
"CAAGAAACACGGTGTC-1",3
"CAAGAAATCTGCTTGC-1",1
"CAAGATCAGCTGAAAT-1",1
"CAAGATCGTAAGAGGA-1",1
"CAAGATCGTGCCTTGG-1",0
"CAAGATCTCAACACCA-1",0
"CAAGATCTCTCGATGA-1",0
"CAAGGCCAGGAGTCTG-1",1
"CAAGGCCAGGCTATCT-1",3
"CAAGGCCCACGGTAAG-1",1
"CAAGGCCCATGTTCCC-1",0
"CAAGGCCGTCCGTCAG-1",0
"CAAGGCCTCAACGGGA-1",0
"CAAGGCCTCCTTGACC-1",1
"CAAGGCCTCGTGACAT-1",0
"CAAGTTGAGACAGGCT-1",1
"CAAGTTGAGATGTCGG-1",1
"CAAGTTGAGCGTCAAG-1",2
"CAAGTTGAGCGTTTAC-1",0
"CAAGTTGCACATTAGC-1",0
"CAAGTTGCACGCTTTC-1",1
"CAAGTTGCACGGTGTC-1",1
"CAAGTTGCATTCTTAC-1",4
"CAAGTTGGTACTCAAC-1",0
"CAAGTTGGTCAGGACA-1",0
"CAAGTTGGTCGGCACT-1",0
"CAAGTTGTCAACGAAA-1",0
"CAAGTTGTCACCACCT-1",0
"CAAGTTGTCATTGCCC-1",2
"CAAGTTGTCGAATCCA-1",2
"CAAGTTGTCTACTTAC-1",0
"CACAAACAGGGCTCTC-1",1
"CACAAACAGGGCTTGA-1",2
"CACAAACAGTGACATA-1",4
"CACAAACCAACTGCGC-1",2
"CACAAACCAATAAGCA-1",2
"CACAAACCAATCAGAA-1",0
"CACAAACCACTTAACG-1",1
"CACAAACCATGAACCT-1",0
"CACAAACCATGGTCAT-1",0
"CACAAACGTCAACTGT-1",1
"CACAAACGTCAGAATA-1",0
"CACAAACTCTTCGGTC-1",2
"CACAAACTCTTGGGTA-1",2
"CACACAAAGCGACGTA-1",0
"CACACAAAGGGAGTAA-1",1
"CACACAACAAACGTGG-1",1
"CACACAACACATGACT-1",1
"CACACAACATCGATTG-1",1
"CACACAACATTGGGCC-1",1
"CACACAAGTACGACCC-1",1
"CACACAAGTCAGTGGA-1",1
"CACACAAGTCATCGGC-1",1
"CACACAAGTTTACTCT-1",1
"CACACAATCCACGTGG-1",1
"CACACAATCCACGTTC-1",0
"CACACAATCGGCGCAT-1",2
"CACACCTAGAGACTAT-1",1
"CACACCTAGGACATTA-1",1
"CACACCTAGTCATCCA-1",1
"CACACCTAGTGTGAAT-1",2
"CACACCTCACTGAAGG-1",4
"CACACCTCATAGGATA-1",0
"CACACCTCATAGTAAG-1",2
"CACACCTCATTGGGCC-1",2
"CACACCTGTACAGCAG-1",0
"CACACCTGTACCGCTG-1",1
"CACACCTGTCCAAGTT-1",0
"CACACCTGTGGACGAT-1",0
"CACACCTGTGGTCTCG-1",0
"CACACCTTCATGTCTT-1",3
"CACACCTTCTGGCGAC-1",1
"CACACTCAGGGAAACA-1",0
"CACACTCCAACACCTA-1",2
"CACACTCCAAGGGTCA-1",1
"CACACTCGTGACGCCT-1",0
"CACACTCGTTTGTGTG-1",0
"CACAGGCAGCCATCGC-1",0
"CACAGGCAGGGATGGG-1",1
"CACAGGCCAAGAGTCG-1",0
"CACAGGCCAATGGAGC-1",1
"CACAGGCGTCTAGGTT-1",1
"CACAGGCGTTACGCGC-1",3
"CACAGGCTCGGGAGTA-1",0
"CACAGGCTCTATGTGG-1",0
"CACAGTAAGACGCAAC-1",0
"CACAGTAAGACGCACA-1",0
"CACAGTAAGTGGGCTA-1",3
"CACAGTACAACTGGCC-1",0
"CACAGTACATCGGACC-1",4
"CACAGTAGTTCCATGA-1",4
"CACATAGAGCCCAATT-1",0
"CACATAGAGTGTACTC-1",0
"CACATAGCACTTCTGC-1",0
"CACATAGCAGGGTATG-1",0
"CACATAGTCCTTGCCA-1",0
"CACATAGTCGGCGCAT-1",2
"CACATTTAGCAGATCG-1",1
"CACATTTAGGGCACTA-1",1
"CACATTTCACGGCGTT-1",0
"CACATTTCATTACCTT-1",1
"CACATTTGTCGAACAG-1",0
"CACATTTGTGTTGAGG-1",1
"CACATTTTCCAGAGGA-1",0
"CACATTTTCCGCATCT-1",0
"CACATTTTCTACTATC-1",1
"CACATTTTCTGTGCAA-1",1
"CACCACTAGCCACGTC-1",2
"CACCACTAGTGGTAAT-1",0
"CACCACTAGTTACCCA-1",1
"CACCACTCAAGCCCAC-1",0
"CACCACTCAGTTCATG-1",0
"CACCACTGTTATTCTC-1",1
"CACCACTTCACCGGGT-1",2
"CACCACTTCGAATCCA-1",1
"CACCACTTCGACCAGC-1",2
"CACCACTTCTAACCGA-1",2
"CACCACTTCTTTAGTC-1",0
"CACCAGGCACATTAGC-1",1
"CACCAGGCACTGCCAG-1",0
"CACCAGGCATAAAGGT-1",1
"CACCAGGCATGAACCT-1",1
"CACCAGGGTGAAATCA-1",1
"CACCAGGGTGTTTGGT-1",1
"CACCAGGGTTATCACG-1",0
"CACCAGGTCATGTAGC-1",0
"CACCAGGTCTGCTTGC-1",2
"CACCTTGAGACTTGAA-1",0
"CACCTTGAGTCAATAG-1",0
"CACCTTGCACTAGTAC-1",1
"CACCTTGCAGGCGATA-1",2
"CACCTTGCATTCCTGC-1",1
"CACCTTGGTCATTAGC-1",3
"CACCTTGGTGATGTCT-1",0
"CACCTTGGTGTGAAAT-1",1
"CACCTTGGTTATGTGC-1",0
"CACCTTGTCAACCATG-1",1
"CACCTTGTCATTATCC-1",1
"CACCTTGTCCAAAGTC-1",1
"CACCTTGTCTCACATT-1",2
"CACTCCAAGACAAGCC-1",0
"CACTCCAAGGTACTCT-1",0
"CACTCCACAATGGACG-1",0
"CACTCCAGTACATGTC-1",0
"CACTCCAGTTGTCGCG-1",1
"CACTCCATCAACACAC-1",0
"CACTCCATCCCAGGTG-1",2
"CAGAATCAGAAACCTA-1",2
"CAGAATCAGCCAACAG-1",4
"CAGAATCAGCTGGAAC-1",0
"CAGAATCAGGACTGGT-1",0
"CAGAATCAGTATCGAA-1",4
"CAGAATCCACAGAGGT-1",2
"CAGAATCCAGGGTACA-1",0
"CAGAATCGTAAGTGTA-1",0
"CAGAATCGTAATCACC-1",2
"CAGAATCTCAGTTTGG-1",0
"CAGAATCTCGCAAGCC-1",0
"CAGAATCTCGGTCCGA-1",4
"CAGAATCTCTTGCAAG-1",1
"CAGAATCTCTTGTACT-1",0
"CAGAGAGAGAATTGTG-1",1
"CAGAGAGAGCAATATG-1",0
"CAGAGAGCAAGAAGAG-1",1
"CAGAGAGCACCAGATT-1",1
"CAGAGAGGTAATCACC-1",1
"CAGAGAGGTAGCTGCC-1",0
"CAGAGAGGTAGGACAC-1",0
"CAGAGAGGTATAGGGC-1",1
"CAGAGAGGTCCGAATT-1",0
"CAGAGAGGTTGAGGTG-1",1
"CAGAGAGTCACCCGAG-1",0
"CAGAGAGTCATAACCG-1",0
"CAGAGAGTCCGAACGC-1",6
"CAGAGAGTCTGGTATG-1",1
"CAGATCAAGAGACGAA-1",0
"CAGATCAAGCACCGTC-1",0
"CAGATCAAGCTTCGCG-1",0
"CAGATCAAGGATTCGG-1",0
"CAGATCAAGTGTACCT-1",0
"CAGATCAAGTTTAGGA-1",0
"CAGATCACAATAACGA-1",0
"CAGATCACACACCGAC-1",0
"CAGATCACACGGTAAG-1",0
"CAGATCACACTCTGTC-1",0
"CAGATCACAGCATACT-1",1
"CAGATCACAGTGGGAT-1",1
"CAGATCAGTACCAGTT-1",2
"CAGATCAGTGCGGTAA-1",0
"CAGATCATCTGATACG-1",3
"CAGATCATCTGATTCT-1",0
"CAGCAGCAGATGCCAG-1",2
"CAGCAGCAGGGAACGG-1",2
"CAGCAGCCACCTATCC-1",1
"CAGCAGCCATCACAAC-1",1
"CAGCAGCGTGCTAGCC-1",0
"CAGCAGCTCAACACTG-1",2
"CAGCAGCTCGAACTGT-1",0
"CAGCAGCTCGCCGTGA-1",0
"CAGCATAAGAGACGAA-1",2
"CAGCATAGTCTAGGTT-1",0
"CAGCATAGTTTACTCT-1",1
"CAGCATATCACGAAGG-1",0
"CAGCATATCAGGCAAG-1",0
"CAGCATATCCTTAATC-1",1
"CAGCCGAAGCATCATC-1",1
"CAGCCGAAGTTTCCTT-1",1
"CAGCCGACACGTGAGA-1",1
"CAGCCGACATCAGTCA-1",0
"CAGCCGAGTGATGTCT-1",0
"CAGCCGATCACCAGGC-1",0
"CAGCCGATCCTCAATT-1",1
"CAGCGACAGAAACGCC-1",1
"CAGCGACAGCGTCAAG-1",3
"CAGCGACCAAACGTGG-1",1
"CAGCGACCAAAGCGGT-1",0
"CAGCGACCACGTCAGC-1",2
"CAGCGACCATGGGACA-1",1
"CAGCGACGTCTGATTG-1",2
"CAGCGACGTGGACGAT-1",0
"CAGCGACGTGGTTTCA-1",0
"CAGCGACGTTCGGCAC-1",0
"CAGCGACTCCGCAAGC-1",0
"CAGCGACTCTGGGCCA-1",0
"CAGCTAAAGATGTGTA-1",0
"CAGCTAAAGCAGACTG-1",0
"CAGCTAAAGCTGTTCA-1",2
"CAGCTAAAGGAGCGTT-1",0
"CAGCTAACACAGATTC-1",0
"CAGCTAACATCAGTAC-1",0
"CAGCTAAGTAATCGTC-1",0
"CAGCTAAGTCTCACCT-1",2
"CAGCTAAGTTCGTCTC-1",2
"CAGCTAATCCACGCAG-1",1
"CAGCTAATCCCTAACC-1",0
"CAGCTAATCTGGTTCC-1",0
"CAGCTAATCTTAGCCC-1",0
"CAGCTAATCTTCGGTC-1",1
"CAGCTGGAGACACTAA-1",3
"CAGCTGGAGATCCTGT-1",0
"CAGCTGGCACCAACCG-1",0
"CAGCTGGCAGTGGAGT-1",4
"CAGCTGGCATGCATGT-1",3
"CAGCTGGTCTACCTGC-1",1
"CAGGTGCAGAGACGAA-1",0
"CAGGTGCAGATCCTGT-1",0
"CAGGTGCAGGCATGTG-1",0
"CAGGTGCCAGGAACGT-1",5
"CAGGTGCCATAGTAAG-1",3
"CAGGTGCCATCGGAAG-1",1
"CAGGTGCTCAGTTGAC-1",0
"CAGGTGCTCCAAGTAC-1",1
"CAGGTGCTCTTGTATC-1",0
"CAGTAACAGATATGGT-1",0
"CAGTAACAGATGGCGT-1",0
"CAGTAACCAATCACAC-1",1
"CAGTAACCACTCGACG-1",1
"CAGTAACGTGATAAGT-1",4
"CAGTAACGTGCACCAC-1",2
"CAGTAACTCAGAGGTG-1",1
"CAGTAACTCGTACGGC-1",0
"CAGTAACTCGTGACAT-1",2
"CAGTAACTCTGCCAGG-1",2
"CAGTCCTAGAATCTCC-1",1
"CAGTCCTAGATCTGCT-1",2
"CAGTCCTCAGTATAAG-1",1
"CAGTCCTTCAACACGT-1",0
"CAGTCCTTCCATGAGT-1",3
"CAGTCCTTCCCGACTT-1",1
"CAGTCCTTCCCTTGTG-1",0
"CAGTCCTTCGAACGGA-1",1
"CAGTCCTTCGGTTCGG-1",0
"CAGTCCTTCTACTTAC-1",1
"CATATGGAGAGATGAG-1",0
"CATATGGAGGCATGGT-1",1
"CATATGGAGTATTGGA-1",2
"CATATGGCAAGCGTAG-1",0
"CATATGGGTCGCATAT-1",0
"CATATGGTCATTATCC-1",1
"CATATGGTCATTGCGA-1",0
"CATATTCAGGCGACAT-1",2
"CATATTCCACCACCAG-1",0
"CATATTCGTGACTACT-1",0
"CATATTCGTGGTACAG-1",0
"CATATTCGTGTGACGA-1",1
"CATATTCTCACAGGCC-1",0
"CATATTCTCGCAAACT-1",0
"CATCAAGAGAACTCGG-1",1
"CATCAAGAGATGGCGT-1",1
"CATCAAGAGCCGCCTA-1",2
"CATCAAGCACGAAACG-1",2
"CATCAAGCAGCCTTTC-1",1
"CATCAAGCATGGAATA-1",2
"CATCAAGGTTACTGAC-1",0
"CATCAAGGTTCCATGA-1",1
"CATCAAGTCTAAGCCA-1",0
"CATCAAGTCTGACCTC-1",0
"CATCAGAAGCTAGTCT-1",2
"CATCAGACAAGCCATT-1",0
"CATCAGACAATGACCT-1",1
"CATCAGACACGGCCAT-1",0
"CATCAGACAGACAGGT-1",0
"CATCAGACATAACCTG-1",4
"CATCAGAGTAATTGGA-1",1
"CATCAGAGTACATGTC-1",0
"CATCAGAGTGTTAAGA-1",0
"CATCAGAGTTCAACCA-1",4
"CATCAGATCGTTGACA-1",1
"CATCCACGTAAAGTCA-1",0
"CATCCACGTACCGTAT-1",2
"CATCCACGTGCCTGTG-1",2
"CATCCACGTTTAAGCC-1",1
"CATCGAAAGAGTACAT-1",0
"CATCGAAAGCTGTCTA-1",2
"CATCGAACAAGAGGCT-1",5
"CATCGAACAAGCTGAG-1",0
"CATCGAACACATTTCT-1",1
"CATCGAACATAAAGGT-1",1
"CATCGAAGTAGTACCT-1",2
"CATCGAAGTCCGACGT-1",3
"CATCGAAGTGCACTTA-1",1
"CATCGAATCAAACCAC-1",0
"CATCGAATCCGCGGTA-1",0
"CATCGAATCCGTAGTA-1",0
"CATCGGGAGAAGCCCA-1",2
"CATCGGGAGCGAGAAA-1",1
"CATCGGGAGGGTGTGT-1",1
"CATCGGGAGGTGTTAA-1",2
"CATCGGGAGTGACTCT-1",0
"CATCGGGCACTCAGGC-1",1
"CATCGGGCAGACGCTC-1",0
"CATCGGGCATCACAAC-1",1
"CATCGGGGTCCTCTTG-1",3
"CATCGGGGTGAGGGAG-1",0
"CATCGGGGTTCGAATC-1",2
"CATCGGGTCAGGATCT-1",0
"CATCGGGTCCACGAAT-1",0
"CATCGGGTCGATGAGG-1",1
"CATGACAAGACCACGA-1",0
"CATGACAAGCTCCTCT-1",0
"CATGACAAGTAACCCT-1",2
"CATGACAAGTATCTCG-1",0
"CATGACAGTCGTCTTC-1",3
"CATGACAGTGAACCTT-1",1
"CATGACATCAATAAGG-1",0
"CATGACATCTAACTGG-1",2
"CATGCCTAGACCTAGG-1",1
"CATGCCTAGAGTCTGG-1",0
"CATGCCTCACCACCAG-1",1
"CATGCCTGTCAAAGCG-1",0
"CATGCCTGTCGATTGT-1",1
"CATGCCTTCCACGACG-1",0
"CATGCCTTCCTCATTA-1",0
"CATGCCTTCGCATGAT-1",0
"CATGGCGAGAGCTGGT-1",0
"CATGGCGAGTACGACG-1",0
"CATGGCGTCCAAAGTC-1",1
"CATGGCGTCCCTTGTG-1",1
"CATGGCGTCGGCCGAT-1",1
"CATGGCGTCTCAAACG-1",1
"CATGGCGTCTGCCCTA-1",2
"CATTATCAGACCCACC-1",1
"CATTATCAGTCCCACG-1",0
"CATTATCCAAGTCTGT-1",3
"CATTATCCAGGGCATA-1",1
"CATTATCGTCAATGTC-1",1
"CATTATCTCACAAACC-1",0
"CATTATCTCAGATAAG-1",1
"CATTATCTCGCGTTTC-1",0
"CATTATCTCGTTGCCT-1",3
"CATTATCTCTATCCCG-1",0
"CATTATCTCTTAACCT-1",0
"CATTCGCAGGTGCTAG-1",0
"CATTCGCCAAGGGTCA-1",1
"CATTCGCCAGCCTATA-1",0
"CATTCGCCATACAGCT-1",2
"CATTCGCCATGGATGG-1",0
"CATTCGCCATGTCTCC-1",2
"CATTCGCCATTCACTT-1",1
"CATTCGCGTAGCACGA-1",1
"CATTCGCTCATCACCC-1",0
"CCAATCCAGACCACGA-1",0
"CCAATCCAGATATGGT-1",0
"CCAATCCAGTCGAGTG-1",1
"CCAATCCAGTCGTTTG-1",1
"CCAATCCAGTTTAGGA-1",0
"CCAATCCCAAGCGAGT-1",1
"CCAATCCTCGGACAAG-1",2
"CCAATCCTCTACCTGC-1",0
"CCACCTAAGCAGACTG-1",0
"CCACCTAAGGATGGTC-1",1
"CCACCTAAGTCGAGTG-1",0
"CCACCTAAGTGGGATC-1",0
"CCACCTAAGTGTGGCA-1",1
"CCACCTACAACAACCT-1",0
"CCACCTACAAGCCGCT-1",0
"CCACCTACAATCTACG-1",0
"CCACCTAGTAGTACCT-1",1
"CCACCTAGTCGCGTGT-1",2
"CCACCTAGTGGGTCAA-1",0
"CCACCTATCAGTTGAC-1",1
"CCACCTATCTGATACG-1",1
"CCACGGAAGACACGAC-1",1
"CCACGGAAGGGAACGG-1",0
"CCACGGACATGTCGAT-1",2
"CCACGGAGTAAGGGCT-1",0
"CCACGGAGTCAGATAA-1",0
"CCACGGAGTCCGTGAC-1",2
"CCACGGAGTGTAATGA-1",1
"CCACGGAGTTCTGAAC-1",1
"CCACGGATCACATAGC-1",0
"CCACGGATCCACGTGG-1",0
"CCACGGATCTACTATC-1",1
"CCACGGATCTAGAGTC-1",2
"CCACTACAGAGTACCG-1",2
"CCACTACAGCTTTGGT-1",1
"CCACTACCAGCAGTTT-1",0
"CCACTACCAGTAGAGC-1",0
"CCACTACGTCCGAATT-1",0
"CCACTACGTCTCAACA-1",4
"CCACTACGTGACAAAT-1",3
"CCACTACGTGACCAAG-1",0
"CCACTACGTGCACGAA-1",1
"CCACTACTCACTCTTA-1",1
"CCACTACTCCGCATCT-1",1
"CCACTACTCGGAAATA-1",0
"CCACTACTCTCGTATT-1",2
"CCACTACTCTCGTTTA-1",1
"CCAGCGAAGCCCAACC-1",0
"CCAGCGACATCGGGTC-1",0
"CCAGCGACATGTCCTC-1",1
"CCAGCGAGTAGGCATG-1",0
"CCAGCGAGTCCGTTAA-1",1
"CCAGCGATCAGAAATG-1",0
"CCATGTCAGCGATCCC-1",1
"CCATGTCAGGTCGGAT-1",0
"CCATGTCAGGTTACCT-1",0
"CCATGTCCAAGCTGGA-1",1
"CCATGTCCACATCCGG-1",2
"CCATGTCGTCCAGTAT-1",0
"CCATGTCTCCAAGTAC-1",1
"CCATGTCTCTTGTATC-1",1
"CCATTCGCAGTACACT-1",2
"CCATTCGCAGTTTACG-1",1
"CCATTCGGTAATCGTC-1",1
"CCATTCGGTATTACCG-1",0
"CCATTCGTCGTAGGAG-1",0
"CCCAATCAGTCACGCC-1",1
"CCCAATCCAGGTGGAT-1",1
"CCCAATCGTGAAGGCT-1",1
"CCCAATCGTTGGAGGT-1",2
"CCCAATCTCACATGCA-1",1
"CCCAATCTCCAGTATG-1",2
"CCCAATCTCGGAGCAA-1",0
"CCCAGTTAGAATAGGG-1",0
"CCCAGTTAGATCCCGC-1",1
"CCCAGTTAGCGTGAAC-1",2
"CCCAGTTAGGAATCGC-1",1
"CCCAGTTAGTCCGGTC-1",2
"CCCAGTTAGTTTGCGT-1",0
"CCCAGTTGTACATGTC-1",4
"CCCAGTTGTCTGCAAT-1",1
"CCCAGTTTCTGAAAGA-1",0
"CCCATACAGGGTTCCC-1",0
"CCCATACAGTGTTTGC-1",3
"CCCATACCAAAGGTGC-1",2
"CCCATACCAACACCCG-1",0
"CCCATACCAGCAGTTT-1",0
"CCCATACGTATTACCG-1",1
"CCCATACGTCAATACC-1",0
"CCCATACGTCTAGTCA-1",1
"CCCATACGTTGAGTTC-1",3
"CCCATACTCAATAAGG-1",1
"CCCATACTCAGCGACC-1",0
"CCCATACTCATCACCC-1",0
"CCCATACTCCGTAGGC-1",0
"CCCTCCTAGGAATCGC-1",7
"CCCTCCTCACGTCTCT-1",0
"CCCTCCTCAGCTTAAC-1",0
"CCCTCCTCATATGAGA-1",1
"CCCTCCTCATCACGTA-1",3
"CCCTCCTGTATGGTTC-1",2
"CCCTCCTGTTAGATGA-1",0
"CCCTCCTTCAATCACG-1",1
"CCCTCCTTCCGCAGTG-1",1
"CCGGGATAGCTTCGCG-1",0
"CCGGGATAGGCGACAT-1",0
"CCGGGATAGGCTAGGT-1",2
"CCGGGATCACAGTCGC-1",0
"CCGGGATGTATAGGTA-1",1
"CCGGGATTCAGAGCTT-1",1
"CCGGGATTCGCTAGCG-1",0
"CCGGGATTCGCTTGTC-1",0
"CCGGTAGAGCGTCTAT-1",3
"CCGGTAGAGTACGCCC-1",1
"CCGGTAGCACATAACC-1",4
"CCGGTAGCACGCATCG-1",3
"CCGGTAGGTACTTCTT-1",0
"CCGGTAGGTCAAACTC-1",2
"CCGGTAGTCGTCCGTT-1",1
"CCGTACTAGAGAACAG-1",0
"CCGTACTAGTCCGTAT-1",0
"CCGTACTCAAGCCCAC-1",1
"CCGTACTCAAGCGAGT-1",0
"CCGTACTCATCCCACT-1",0
"CCGTACTGTACAGCAG-1",0
"CCGTACTGTAGCGCTC-1",0
"CCGTACTGTGCGGTAA-1",1
"CCGTACTTCGTTACAG-1",2
"CCGTGGAAGACGCACA-1",1
"CCGTGGAAGAGTTGGC-1",0
"CCGTGGAAGGTGATAT-1",1
"CCGTGGAAGGTTCCTA-1",0
"CCGTGGACAGCCTTGG-1",0
"CCGTGGAGTTCCATGA-1",0
"CCGTGGATCTAACTTC-1",0
"CCGTGGATCTCTGTCG-1",1
"CCGTTCAAGCGTAATA-1",2
"CCGTTCAAGTACGATA-1",0
"CCGTTCAAGTAGATGT-1",0
"CCGTTCACAGGATCGA-1",1
"CCGTTCAGTATAGGGC-1",0
"CCGTTCAGTCGCGAAA-1",1
"CCGTTCATCGTACCGG-1",1
"CCTAAAGAGAGTTGGC-1",0
"CCTAAAGCAAACCTAC-1",2
"CCTAAAGCATGTCTCC-1",1
"CCTAAAGGTACTCAAC-1",1
"CCTAAAGGTCGGCACT-1",1
"CCTAAAGGTGTAATGA-1",0
"CCTAAAGTCACCGTAA-1",0
"CCTAAAGTCAGCGATT-1",0
"CCTAAAGTCGGCGCTA-1",1
"CCTAAAGTCGGTCCGA-1",1
"CCTACACAGGACCACA-1",1
"CCTACACAGGGTGTTG-1",1
"CCTACACCAGTAAGAT-1",1
"CCTACACGTATAGTAG-1",2
"CCTACACGTCCGAACC-1",1
"CCTACACGTGGGTCAA-1",1
"CCTACACGTTTGACTG-1",0
"CCTACACTCGGCGCTA-1",0
"CCTACACTCGTGACAT-1",3
"CCTACCAAGATAGGAG-1",0
"CCTACCAAGCAAATCA-1",2
"CCTACCAAGCGTAGTG-1",1
"CCTACCAAGCTTCGCG-1",0
"CCTACCAAGTGCGATG-1",2
"CCTACCAGTATCAGTC-1",1
"CCTACCAGTCTCTCTG-1",0
"CCTACCAGTCTTTCAT-1",0
"CCTACCATCAGCACAT-1",2
"CCTACCATCGCCAGCA-1",0
"CCTAGCTAGCAAATCA-1",1
"CCTAGCTAGCTCCTCT-1",1
"CCTAGCTAGGTTACCT-1",1
"CCTAGCTAGTACGCGA-1",0
"CCTAGCTCAATGAATG-1",0
"CCTAGCTCAATGGTCT-1",1
"CCTAGCTCACATCCAA-1",1
"CCTAGCTCAGCCAGAA-1",0
"CCTAGCTGTAGAAAGG-1",2
"CCTAGCTGTCACCCAG-1",1
"CCTAGCTGTCTGATTG-1",2
"CCTAGCTTCACGATGT-1",0
"CCTAGCTTCGTAGGAG-1",2
"CCTATTAAGAATTCCC-1",1
"CCTATTAAGCAGGCTA-1",1
"CCTATTAAGCAGGTCA-1",2
"CCTATTAAGGGAGTAA-1",1
"CCTATTAAGGTAGCCA-1",1
"CCTATTACACAACTGT-1",0
"CCTATTACACATCCGG-1",0
"CCTATTAGTCAATACC-1",0
"CCTATTATCATCACCC-1",2
"CCTATTATCTGCGACG-1",2
"CCTCAGTAGCTAACTC-1",1
"CCTCAGTCAGGTGGAT-1",1
"CCTCAGTGTCCATCCT-1",3
"CCTCAGTGTCCGACGT-1",0
"CCTCAGTGTCTTGTCC-1",0
"CCTCAGTGTGGGTATG-1",0
"CCTCTGAAGTATCGAA-1",2
"CCTCTGAAGTGGGTTG-1",0
"CCTCTGACAAGCTGTT-1",0
"CCTCTGACACCGATAT-1",1
"CCTCTGACAGATGAGC-1",4
"CCTCTGAGTCAATACC-1",0
"CCTCTGAGTCCGAACC-1",1
"CCTCTGAGTCGTGGCT-1",0
"CCTCTGAGTCTGATTG-1",1
"CCTCTGATCTGAGGGA-1",1
"CCTTACGCAAGCGTAG-1",0
"CCTTACGCACCAACCG-1",1
"CCTTACGGTCATCCCT-1",0
"CCTTACGGTCCTCTTG-1",2
"CCTTACGTCACAACGT-1",0
"CCTTACGTCATCTGCC-1",4
"CCTTACGTCGGAGGTA-1",0
"CCTTCCCAGAGACTAT-1",2
"CCTTCCCAGCTAGGCA-1",0
"CCTTCCCAGGACGAAA-1",2
"CCTTCCCAGGGCATGT-1",2
"CCTTCCCAGGTACTCT-1",0
"CCTTCCCCATGATCCA-1",0
"CCTTCCCTCAAGGCTT-1",4
"CCTTCCCTCTATCCTA-1",0
"CCTTCCCTCTATCGCC-1",0
"CCTTCGAAGGCGCTCT-1",0
"CCTTCGACAACACCCG-1",2
"CCTTCGACAGCGATCC-1",1
"CCTTCGAGTAAGCACG-1",1
"CCTTCGAGTCCATGAT-1",2
"CCTTCGAGTGTGACCC-1",2
"CCTTCGAGTTGGTGGA-1",0
"CCTTCGATCACAGTAC-1",1
"CCTTCGATCCTATGTT-1",0
"CCTTCGATCGCACTCT-1",2
"CCTTTCTAGACGCTTT-1",3
"CCTTTCTAGGGCACTA-1",0
"CCTTTCTAGTGGAGTC-1",2
"CCTTTCTCAGACAAGC-1",0
"CCTTTCTCATCACGAT-1",1
"CCTTTCTCATGCCCGA-1",4
"CCTTTCTTCCCACTTG-1",0
"CCTTTCTTCTTTACGT-1",2
"CGAACATCACATGACT-1",0
"CGAACATCACTTGGAT-1",2
"CGAACATCAGTCCTTC-1",0
"CGAACATGTCTGATTG-1",2
"CGAACATGTGCTGTAT-1",0
"CGAACATTCTCAAACG-1",0
"CGAATGTAGAGGTTAT-1",0
"CGAATGTAGCGATAGC-1",0
"CGAATGTAGTTCGCAT-1",1
"CGAATGTCAATGCCAT-1",1
"CGAATGTGTCTAGTCA-1",0
"CGAATGTGTCTCACCT-1",0
"CGAATGTTCAACACAC-1",1
"CGAATGTTCATCACCC-1",2
"CGAATGTTCTGTACGA-1",1
"CGACCTTAGCTACCGC-1",1
"CGACCTTAGCTAGTCT-1",1
"CGACCTTCAAAGTGCG-1",3
"CGACCTTCACGAAATA-1",0
"CGACCTTGTAAGTGTA-1",0
"CGACCTTGTCAGAATA-1",2
"CGACCTTGTCTCCCTA-1",0
"CGACCTTGTCTCTTAT-1",1
"CGACCTTTCCGCGTTT-1",2
"CGACCTTTCGTTTATC-1",1
"CGACCTTTCTCCAGGG-1",0
"CGACTTCAGACACGAC-1",1
"CGACTTCAGGTAGCCA-1",1
"CGACTTCAGTCTTGCA-1",1
"CGACTTCCAATGGACG-1",2
"CGACTTCGTGGTGTAG-1",1
"CGACTTCGTTGAGTTC-1",0
"CGACTTCTCACTTACT-1",1
"CGACTTCTCTCGCTTG-1",1
"CGAGAAGAGAAACGCC-1",0
"CGAGAAGAGCCAACAG-1",0
"CGAGAAGAGCGTGTCC-1",1
"CGAGAAGCAAGTTCTG-1",2
"CGAGAAGCACATCCGG-1",0
"CGAGAAGCAGGCTGAA-1",4
"CGAGAAGTCGGATGGA-1",1
"CGAGCACAGCCAGAAC-1",1
"CGAGCACCACATGTGT-1",1
"CGAGCACGTAGCGTCC-1",0
"CGAGCACGTAGCGTGA-1",0
"CGAGCACGTCAGATAA-1",0
"CGAGCACGTGCCTTGG-1",0
"CGAGCACTCCCGGATG-1",1
"CGAGCACTCCGCTGTT-1",1
"CGAGCACTCGGAAATA-1",0
"CGAGCACTCGTGACAT-1",2
"CGAGCCAAGCTAGCCC-1",0
"CGAGCCAGTATATCCG-1",1
"CGAGCCAGTCAAGCGA-1",0
"CGATCGGAGAGCCTAG-1",0
"CGATCGGAGTACGATA-1",0
"CGATCGGCAAACGCGA-1",1
"CGATCGGCAAGCGATG-1",1
"CGATCGGCAATACGCT-1",0
"CGATCGGCAGTTAACC-1",1
"CGATCGGCATACTCTT-1",2
"CGATCGGGTCGACTGC-1",2
"CGATCGGTCAACGGGA-1",1
"CGATCGGTCTAGCACA-1",0
"CGATGGCAGCCGTCGT-1",0
"CGATGGCAGTCCAGGA-1",0
"CGATGGCCACTTAACG-1",0
"CGATGGCCAGCGTAAG-1",3
"CGATGGCCATCATCCC-1",0
"CGATGGCTCCTAGAAC-1",1
"CGATGGCTCGCTAGCG-1",0
"CGATGGCTCTGACCTC-1",0
"CGATGTAAGGCAATTA-1",3
"CGATGTAAGTTTGCGT-1",0
"CGATGTACACAGGCCT-1",0
"CGATGTACAGGTCTCG-1",0
"CGATGTAGTCCAGTGC-1",0
"CGATGTAGTCTAGGTT-1",0
"CGATGTAGTGTGCCTG-1",1
"CGATGTAGTTTGCATG-1",0
"CGATTGAAGATGTGGC-1",0
"CGATTGACAGACGCAA-1",1
"CGATTGAGTATGGTTC-1",0
"CGATTGAGTTCAGACT-1",1
"CGATTGATCATGGTCA-1",0
"CGATTGATCTGCGGCA-1",0
"CGCCAAGAGAATGTTG-1",0
"CGCCAAGAGACCTTTG-1",3
"CGCCAAGAGATCGGGT-1",2
"CGCCAAGAGATCTGAA-1",0
"CGCCAAGAGCGTGTCC-1",1
"CGCCAAGGTCTAGGTT-1",0
"CGCCAAGTCAGGATCT-1",1
"CGCCAAGTCCACTCCA-1",3
"CGCCAAGTCTTGTTTG-1",1
"CGCGGTAAGCTAGCCC-1",0
"CGCGGTAAGGGTTCCC-1",1
"CGCGGTACAAACTGCT-1",0
"CGCGGTACAATGGAAT-1",2
"CGCGGTACAGCTGTTA-1",1
"CGCGGTAGTCAAGCGA-1",1
"CGCGGTAGTGAGGCTA-1",1
"CGCGGTAGTTTGCATG-1",0
"CGCGTTTAGTTATCGC-1",3
"CGCGTTTCAACAACCT-1",0
"CGCGTTTCAAGCGAGT-1",4
"CGCGTTTCAATGGACG-1",1
"CGCGTTTCACGGTGTC-1",0
"CGCGTTTGTGCTGTAT-1",1
"CGCGTTTGTGGACGAT-1",2
"CGCGTTTTCAAACCGT-1",0
"CGCGTTTTCAGCCTAA-1",0
"CGCGTTTTCCTATGTT-1",0
"CGCGTTTTCGTGGTCG-1",1
"CGCTATCAGAAACCGC-1",0
"CGCTATCAGTCATCCA-1",0
"CGCTATCCAAGCGAGT-1",0
"CGCTATCCAGTCGATT-1",0
"CGCTATCCATCGACGC-1",1
"CGCTATCCATTTCAGG-1",3
"CGCTATCGTACCGAGA-1",2
"CGCTATCGTTCGAATC-1",1
"CGCTATCGTTTCGCTC-1",2
"CGCTATCTCGTTACAG-1",0
"CGCTGGAAGGACATTA-1",0
"CGCTGGAAGGGCACTA-1",0
"CGCTGGAAGGTGATAT-1",0
"CGCTGGACAGACTCGC-1",1
"CGCTGGAGTGTAATGA-1",0
"CGCTGGAGTTCTGGTA-1",1
"CGCTGGATCCGAAGAG-1",1
"CGCTGGATCCGTTGCT-1",0
"CGCTGGATCGTAGGAG-1",1
"CGCTGGATCGTTACAG-1",2
"CGCTTCAAGAAGGGTA-1",3
"CGCTTCAAGGTCGGAT-1",0
"CGCTTCACACGGTGTC-1",1
"CGCTTCACAGACAAGC-1",2
"CGCTTCACATCACCCT-1",2
"CGCTTCAGTCGCGGTT-1",1
"CGCTTCATCTTAGAGC-1",4
"CGGACACAGCGATATA-1",1
"CGGACACAGCGATGAC-1",0
"CGGACACAGCTTCGCG-1",0
"CGGACACAGGTAAACT-1",0
"CGGACACAGTAGCCGA-1",1
"CGGACACCACAGGAGT-1",0
"CGGACACCATTCACTT-1",0
"CGGACACGTGAGCGAT-1",0
"CGGACACGTGCTCTTC-1",1
"CGGACACGTGTGACCC-1",0
"CGGACGTAGGTTACCT-1",0
"CGGACGTCATGGGACA-1",3
"CGGACGTGTGAAAGAG-1",0
"CGGACGTGTTGGTAAA-1",0
"CGGACGTTCATGTGGT-1",0
"CGGACGTTCTGTCCGT-1",1
"CGGACTGAGGAGCGAG-1",2
"CGGACTGAGGAGTCTG-1",0
"CGGACTGAGTGGTAGC-1",0
"CGGACTGCAACTTGAC-1",2
"CGGACTGCAATGACCT-1",0
"CGGACTGCACAACGTT-1",2
"CGGACTGCACGCCAGT-1",0
"CGGACTGCAGTATGCT-1",0
"CGGACTGGTAAAGGAG-1",1
"CGGACTGGTATAAACG-1",1
"CGGACTGGTGTAAGTA-1",3
"CGGACTGGTGTGGTTT-1",1
"CGGACTGGTTGACGTT-1",0
"CGGACTGTCATTGCCC-1",0
"CGGACTGTCCATGCTC-1",4
"CGGACTGTCCGTCAAA-1",1
"CGGACTGTCGTTTGCC-1",2
"CGGACTGTCTTCATGT-1",0
"CGGAGCTAGTTTAGGA-1",3
"CGGAGCTCATTGAGCT-1",0
"CGGAGCTGTAGAAAGG-1",1
"CGGAGCTTCACTTATC-1",1
"CGGAGCTTCATGTAGC-1",0
"CGGAGCTTCCACGAAT-1",2
"CGGAGTCAGTGCGATG-1",1
"CGGAGTCAGTGTGAAT-1",0
"CGGAGTCCAGTGGGAT-1",2
"CGGAGTCCATTATCTC-1",1
"CGGAGTCGTAGCTGCC-1",1
"CGGAGTCGTCCAGTGC-1",2
"CGGAGTCGTGTTCGAT-1",0
"CGGAGTCTCCCAGGTG-1",0
"CGGAGTCTCCGTAGTA-1",2
"CGGCTAGAGAAACGCC-1",2
"CGGCTAGAGCACCGTC-1",2
"CGGCTAGAGCTAAACA-1",1
"CGGCTAGCAGACAAAT-1",0
"CGGCTAGGTAACGCGA-1",0
"CGGCTAGGTTCATGGT-1",0
"CGGCTAGTCAAAGACA-1",0
"CGGCTAGTCGTGGGAA-1",0
"CGGCTAGTCTTGTTTG-1",0
"CGGGTCAAGAGTCGGT-1",1
"CGGGTCAAGCACACAG-1",1
"CGGGTCAAGCTAACTC-1",0
"CGGGTCAAGGACACCA-1",1
"CGGGTCAAGTATGACA-1",1
"CGGGTCACAATGACCT-1",1
"CGGGTCACACCGAAAG-1",0
"CGGGTCACAGCCACCA-1",0
"CGGGTCACATACAGCT-1",0
"CGGGTCACATCCTTGC-1",1
"CGGGTCAGTAGCGCTC-1",2
"CGGGTCAGTCGATTGT-1",0
"CGGGTCAGTGCAACTT-1",0
"CGGGTCAGTTGTTTGG-1",0
"CGGGTCATCAACACCA-1",4
"CGGGTCATCACCTTAT-1",0
"CGGGTCATCCACGACG-1",1
"CGGTTAACAGGACCCT-1",2
"CGGTTAACATGTCCTC-1",0
"CGGTTAACATTCCTGC-1",1
"CGGTTAAGTCGACTGC-1",3
"CGGTTAATCCGGCACA-1",0
"CGGTTAATCCTTTCGG-1",0
"CGGTTAATCTTATCTG-1",0
"CGTAGCGAGATGTAAC-1",3
"CGTAGCGAGGCAATTA-1",2
"CGTAGCGAGTAGGTGC-1",0
"CGTAGCGCAAGCGCTC-1",0
"CGTAGCGTCCAACCAA-1",2
"CGTAGCGTCGGCGGTT-1",0
"CGTAGGCAGGGCTCTC-1",0
"CGTAGGCCAAGCGATG-1",0
"CGTAGGCCACTAAGTC-1",1
"CGTAGGCCAGAGTGTG-1",0
"CGTAGGCCATCCCATC-1",1
"CGTAGGCGTATTAGCC-1",0
"CGTAGGCGTCAATACC-1",1
"CGTAGGCGTGGCGAAT-1",1
"CGTAGGCTCCAGAAGG-1",0
"CGTCACTAGTCATGCT-1",0
"CGTCACTCAAAGCGGT-1",0
"CGTCACTCAGGTCCAC-1",0
"CGTCACTCAGTCACTA-1",0
"CGTCACTTCCTTGACC-1",1
"CGTCACTTCGGTGTTA-1",0
"CGTCACTTCTGTGCAA-1",0
"CGTCACTTCTTGAGAC-1",0
"CGTCAGGAGCTGTTCA-1",1
"CGTCAGGCAAAGCAAT-1",0
"CGTCAGGCAAAGCGGT-1",3
"CGTCAGGCAACACGCC-1",1
"CGTCAGGCATCCGCGA-1",1
"CGTCAGGGTCAGCTAT-1",0
"CGTCAGGGTCGTTGTA-1",1
"CGTCAGGGTGTAAGTA-1",0
"CGTCAGGTCCACTGGG-1",3
"CGTCAGGTCGACAGCC-1",2
"CGTCAGGTCGGGAGTA-1",0
"CGTCCATAGACCACGA-1",1
"CGTCCATAGCGATTCT-1",2
"CGTCCATAGGCTATCT-1",2
"CGTCCATAGTCTCAAC-1",2
"CGTCCATCACGACTCG-1",0
"CGTCCATCATTCACTT-1",0
"CGTCCATGTCTAGCGC-1",1
"CGTCCATGTGATAAAC-1",1
"CGTCCATGTTTGGGCC-1",1
"CGTCCATGTTTGTGTG-1",2
"CGTCCATTCAACACCA-1",1
"CGTCCATTCATTCACT-1",0
"CGTCTACAGTGCGTGA-1",0
"CGTCTACGTAGTAGTA-1",0
"CGTCTACTCGAGCCCA-1",0
"CGTCTACTCGCCATAA-1",1
"CGTCTACTCGGCCGAT-1",0
"CGTCTACTCGTCCAGG-1",1
"CGTCTACTCTATCGCC-1",0
"CGTGAGCAGATCTGAA-1",1
"CGTGAGCAGCAATCTC-1",1
"CGTGAGCAGCGGATCA-1",2
"CGTGAGCAGCTAGTGG-1",1
"CGTGAGCAGCTTCGCG-1",1
"CGTGAGCAGGGCACTA-1",2
"CGTGAGCAGGGTGTGT-1",0
"CGTGAGCAGTGGAGAA-1",2
"CGTGAGCCAAGCCGCT-1",1
"CGTGAGCCACGTAAGG-1",0
"CGTGAGCCATACGCCG-1",0
"CGTGAGCGTAGATTAG-1",0
"CGTGAGCGTCTCTTAT-1",1
"CGTGAGCTCACAAACC-1",0
"CGTGAGCTCCAAATGC-1",0
"CGTGAGCTCCGAGCCA-1",0
"CGTGAGCTCGTTGCCT-1",3
"CGTGAGCTCTGGGCCA-1",1
"CGTGTAAAGATAGTCA-1",0
"CGTGTAAAGGTGTTAA-1",1
"CGTGTAAAGTACATGA-1",1
"CGTGTAACATGGGACA-1",0
"CGTGTAAGTCCGCTGA-1",0
"CGTGTAAGTGTCTGAT-1",1
"CGTGTAATCTACTATC-1",0
"CGTGTAATCTCGATGA-1",3
"CGTGTAATCTTTAGTC-1",0
"CGTGTCTAGGCGCTCT-1",0
"CGTGTCTAGGGATGGG-1",0
"CGTGTCTCAGACAAAT-1",0
"CGTGTCTCAGACACTT-1",0
"CGTGTCTGTAAGAGGA-1",1
"CGTGTCTGTATATGAG-1",1
"CGTGTCTGTCAAAGCG-1",1
"CGTGTCTGTTCCGTCT-1",1
"CGTGTCTTCAATCACG-1",0
"CGTGTCTTCAGAGGTG-1",0
"CGTGTCTTCATAGCAC-1",0
"CGTGTCTTCCGAACGC-1",0
"CGTGTCTTCGGCATCG-1",1
"CGTGTCTTCGTGGACC-1",1
"CGTGTCTTCTACTTAC-1",1
"CGTGTCTTCTGAGTGT-1",1
"CGTTAGAAGATCTGAA-1",0
"CGTTAGAAGGCCCTTG-1",3
"CGTTAGACACGAAAGC-1",0
"CGTTAGACAGCTTCGG-1",0
"CGTTAGAGTTTAAGCC-1",2
"CGTTAGATCACTTATC-1",1
"CGTTAGATCAGCCTAA-1",5
"CGTTCTGAGAAGGGTA-1",1
"CGTTCTGAGACTAGGC-1",1
"CGTTCTGAGTGAACAT-1",2
"CGTTCTGCAGCTCGCA-1",2
"CGTTCTGCATTGGCGC-1",0
"CGTTCTGGTGAGGGTT-1",0
"CGTTCTGTCTGATTCT-1",2
"CGTTGGGAGCTAGTTC-1",2
"CGTTGGGAGGATGCGT-1",1
"CGTTGGGCACATTAGC-1",0
"CGTTGGGCAGACAGGT-1",0
"CGTTGGGGTTCCCGAG-1",0
"CGTTGGGTCATGCTCC-1",0
"CGTTGGGTCCATGAAC-1",2
"CGTTGGGTCTACCAGA-1",4
"CTAACTTAGTCCTCCT-1",2
"CTAACTTCAATAGCAA-1",0
"CTAACTTCAATCGGTT-1",1
"CTAACTTGTGAGGCTA-1",0
"CTAACTTTCGTACGGC-1",2
"CTAACTTTCTGGCGTG-1",2
"CTAAGACAGGGAAACA-1",0
"CTAAGACAGTACATGA-1",0
"CTAAGACAGTTCGCGC-1",0
"CTAAGACCAAGTAATG-1",0
"CTAAGACCAGTAAGAT-1",2
"CTAAGACCATGCAATC-1",0
"CTAAGACGTAAGGATT-1",1
"CTAAGACGTATCAGTC-1",1
"CTAAGACGTCACCTAA-1",1
"CTAAGACTCGTTGCCT-1",2
"CTAAGACTCTTACCGC-1",0
"CTAAGACTCTTGAGGT-1",0
"CTAATGGAGCAATCTC-1",0
"CTAATGGAGCGCTCCA-1",2
"CTAATGGAGCTCCCAG-1",1
"CTAATGGAGCTGAAAT-1",2
"CTAATGGAGTTAGGTA-1",0
"CTAATGGCATGGAATA-1",0
"CTAATGGGTACCGCTG-1",2
"CTAATGGGTCTAGCGC-1",2
"CTAATGGGTGAGGGAG-1",1
"CTAATGGGTTGGTGGA-1",0
"CTAATGGTCATGCTCC-1",1
"CTAATGGTCCACTGGG-1",0
"CTAATGGTCCGTTGCT-1",0
"CTAATGGTCCTAGAAC-1",0
"CTACACCAGTGCGATG-1",1
"CTACACCCACGGACAA-1",3
"CTACACCGTAATAGCA-1",4
"CTACACCGTCTGATTG-1",1
"CTACACCGTTCGTCTC-1",1
"CTACACCTCAGAAATG-1",0
"CTACACCTCGGCTTGG-1",4
"CTACACCTCGGTCCGA-1",1
"CTACACCTCTCGCATC-1",1
"CTACACCTCTCTGCTG-1",2
"CTACATTAGATCACGG-1",1
"CTACATTCACTCGACG-1",0
"CTACATTCATTTCACT-1",1
"CTACATTGTGATGATA-1",0
"CTACATTGTTCGAATC-1",0
"CTACATTTCAACGCTA-1",1
"CTACATTTCGCCATAA-1",0
"CTACATTTCTAGCACA-1",2
"CTACCCACACAGAGGT-1",0
"CTACCCACACGACGAA-1",0
"CTACCCACATGGTTGT-1",0
"CTACCCAGTATCTGCA-1",3
"CTACCCAGTATGAATG-1",0
"CTACCCAGTCAGAAGC-1",0
"CTACCCAGTGTGACCC-1",2
"CTACCCAGTTATGTGC-1",1
"CTACCCATCTACGAGT-1",1
"CTACGTCAGGTGCAAC-1",0
"CTACGTCAGTGCGATG-1",2
"CTACGTCAGTTGTCGT-1",4
"CTACGTCCATATACCG-1",1
"CTACGTCGTATATGGA-1",3
"CTACGTCGTGTGGTTT-1",1
"CTACGTCTCAAAGTAG-1",0
"CTACGTCTCACGACTA-1",1
"CTACGTCTCACGGTTA-1",1
"CTACGTCTCCTAGAAC-1",1
"CTAGAGTAGCTGTCTA-1",3
"CTAGAGTAGGATCGCA-1",0
"CTAGAGTAGTCCATAC-1",3
"CTAGAGTCACATTAGC-1",2
"CTAGAGTCAGTATGCT-1",2
"CTAGAGTCATACTCTT-1",3
"CTAGAGTCATGTAAGA-1",0
"CTAGAGTGTGACCAAG-1",2
"CTAGAGTTCAACACCA-1",0
"CTAGAGTTCCGTCAAA-1",1
"CTAGAGTTCCTAAGTG-1",0
"CTAGAGTTCGCCAGCA-1",0
"CTAGAGTTCGCTTAGA-1",2
"CTAGAGTTCGTGACAT-1",1
"CTAGAGTTCTGATTCT-1",0
"CTAGCCTCACCAGATT-1",1
"CTAGCCTGTATATCCG-1",1
"CTAGCCTGTGATGCCC-1",0
"CTAGCCTTCGGGAGTA-1",6
"CTAGTGAAGCTGGAAC-1",4
"CTAGTGAAGTGTACCT-1",1
"CTAGTGACAAGTCTAC-1",0
"CTAGTGACAGGATCGA-1",2
"CTAGTGAGTTATGCGT-1",1
"CTAGTGATCAGTTGAC-1",1
"CTAGTGATCCAGTAGT-1",1
"CTCACACAGCTAAGAT-1",1
"CTCACACAGCTGCCCA-1",1
"CTCACACAGGATGCGT-1",0
"CTCACACCACGTAAGG-1",0
"CTCACACCACTGTTAG-1",0
"CTCACACCATATACGC-1",0
"CTCACACGTGCTGTAT-1",4
"CTCACACGTTCCATGA-1",1
"CTCACACGTTTGGGCC-1",0
"CTCACACTCACCGGGT-1",1
"CTCACACTCATCGGAT-1",0
"CTCACACTCCGCGCAA-1",1
"CTCACACTCTAACCGA-1",1
"CTCAGAAAGAGCTGCA-1",2
"CTCAGAAAGGAGTAGA-1",0
"CTCAGAACAACGCACC-1",1
"CTCAGAACAAGCGATG-1",4
"CTCAGAACAGGGCATA-1",0
"CTCAGAAGTGACGGTA-1",1
"CTCAGAATCTTAACCT-1",1
"CTCATTAAGAACTGTA-1",1
"CTCATTACATGGTCAT-1",1
"CTCATTAGTGTAACGG-1",3
"CTCATTAGTTTACTCT-1",0
"CTCCTAGCAAGTACCT-1",0
"CTCCTAGCAATTCCTT-1",1
"CTCCTAGCACTGTCGG-1",0
"CTCCTAGCAGTCCTTC-1",1
"CTCCTAGCATAACCTG-1",0
"CTCCTAGCATGCGCAC-1",0
"CTCCTAGGTAGAAAGG-1",0
"CTCCTAGGTCCGAGTC-1",1
"CTCCTAGGTCTAGCCG-1",0
"CTCCTAGGTGTTTGTG-1",0
"CTCCTAGGTTCGTGAT-1",0
"CTCCTAGGTTGTTTGG-1",2
"CTCCTAGTCACTTACT-1",0
"CTCCTAGTCTCATTCA-1",1
"CTCGAAAAGCCCAACC-1",2
"CTCGAAAAGCTATGCT-1",2
"CTCGAAAAGGCCCTTG-1",3
"CTCGAAAAGGGCTTCC-1",0
"CTCGAAACAAGCCGTC-1",2
"CTCGAAACACATTAGC-1",1
"CTCGAAACACCGAAAG-1",0
"CTCGAAACACGGCTAC-1",0
"CTCGAAACAGTAAGAT-1",2
"CTCGAAACATACGCCG-1",1
"CTCGAGGAGCCATCGC-1",1
"CTCGAGGAGGGCTTCC-1",0
"CTCGAGGCAGATAATG-1",5
"CTCGAGGGTATTCTCT-1",0
"CTCGAGGGTGCCTGGT-1",0
"CTCGGAGAGTCCCACG-1",2
"CTCGGAGCACTTCTGC-1",0
"CTCGGAGCAGCTGCAC-1",3
"CTCGGAGCAGGATCGA-1",2
"CTCGGAGGTAGCCTAT-1",1
"CTCGGAGGTCATGCCG-1",2
"CTCGGAGTCAAACGGG-1",0
"CTCGGAGTCACATACG-1",3
"CTCGGAGTCAGCTTAG-1",0
"CTCGGGAAGACCTAGG-1",0
"CTCGGGACACAGCCCA-1",0
"CTCGGGACATAAAGGT-1",0
"CTCGGGACATCCCACT-1",0
"CTCGGGACATGTCGAT-1",2
"CTCGGGAGTCGCGTGT-1",0
"CTCGGGAGTGACTACT-1",5
"CTCGGGAGTTACGACT-1",1
"CTCGGGATCCGTACAA-1",2
"CTCGGGATCCTTGACC-1",1
"CTCGGGATCTTAGCCC-1",0
"CTCGGGATCTTGTTTG-1",0
"CTCGTACAGCGATAGC-1",0
"CTCGTACCAGCGTAAG-1",0
"CTCGTACCATAGTAAG-1",1
"CTCGTACGTAGAGTGC-1",2
"CTCGTACGTATCACCA-1",0
"CTCGTACGTGCAGTAG-1",0
"CTCGTACTCAAAGTAG-1",2
"CTCGTACTCAATCTCT-1",1
"CTCGTACTCGTTGCCT-1",0
"CTCGTACTCTGGTTCC-1",1
"CTCGTCAAGATGCCTT-1",3
"CTCGTCAAGTGGAGTC-1",2
"CTCGTCAAGTTTGCGT-1",1
"CTCGTCACAACGATCT-1",3
"CTCGTCACACATCCGG-1",1
"CTCGTCACAGTCGTGC-1",0
"CTCGTCAGTCTCATCC-1",0
"CTCGTCAGTCTCCATC-1",0
"CTCGTCAGTGAGCGAT-1",0
"CTCGTCAGTTGACGTT-1",1
"CTCGTCAGTTGGGACA-1",3
"CTCGTCATCACTTATC-1",1
"CTCGTCATCGACCAGC-1",0
"CTCGTCATCTGCTGTC-1",2
"CTCTAATCACCAGGTC-1",1
"CTCTAATCACGGTGTC-1",1
"CTCTAATCAGGAATCG-1",1
"CTCTAATGTCCAAGTT-1",1
"CTCTACGAGCTAAACA-1",1
"CTCTACGAGCTAGTGG-1",0
"CTCTACGAGTACGCCC-1",0
"CTCTACGAGTAGGCCA-1",0
"CTCTACGCAATAACGA-1",0
"CTCTACGCAGACGCTC-1",2
"CTCTACGCATGACATC-1",1
"CTCTACGTCATGTCTT-1",0
"CTCTACGTCCCTAATT-1",2
"CTCTACGTCGGCATCG-1",1
"CTCTACGTCGGTCTAA-1",1
"CTCTGGTAGCAGCGTA-1",1
"CTCTGGTAGCGTTCCG-1",0
"CTCTGGTAGGCATGGT-1",4
"CTCTGGTAGTGCCAGA-1",0
"CTCTGGTCACAAGCCC-1",1
"CTCTGGTCAGCCTTTC-1",0
"CTCTGGTTCATCTGTT-1",1
"CTCTGGTTCTTGTACT-1",1
"CTGAAACAGATCCCGC-1",2
"CTGAAACAGGTGCTAG-1",1
"CTGAAACAGTCCGTAT-1",2
"CTGAAACAGTGTCTCA-1",0
"CTGAAACGTCATCGGC-1",4
"CTGAAACGTTAAAGAC-1",1
"CTGAAACTCATACGGT-1",2
"CTGAAGTAGTGCGTGA-1",1
"CTGAAGTCAGCTGTAT-1",7
"CTGAAGTGTTAAAGTG-1",1
"CTGAAGTTCAAGCCTA-1",1
"CTGAAGTTCGGATGTT-1",2
"CTGATAGAGGGAGTAA-1",0
"CTGATAGAGTGCAAGC-1",2
"CTGATAGCAGCCTTTC-1",2
"CTGATAGCATCCCATC-1",0
"CTGATAGCATCTCCCA-1",0
"CTGATAGGTCAAAGCG-1",2
"CTGATAGGTCGCTTTC-1",1
"CTGATAGGTTACGACT-1",2
"CTGATAGTCGCGATCG-1",0
"CTGATAGTCTTATCTG-1",2
"CTGATCCAGGCATTGG-1",1
"CTGATCCAGGTGACCA-1",1
"CTGATCCCACAGAGGT-1",1
"CTGATCCCAGGCTGAA-1",0
"CTGATCCGTGCCTGGT-1",1
"CTGATCCGTTATCCGA-1",1
"CTGATCCGTTGTGGCC-1",2
"CTGCCTAAGGGTCTCC-1",2
"CTGCCTAAGGTGATAT-1",0
"CTGCCTAAGTACGCGA-1",0
"CTGCCTAAGTGCGTGA-1",1
"CTGCCTACATCCCACT-1",1
"CTGCCTATCAATAAGG-1",0
"CTGCGGAAGAAGGACA-1",2
"CTGCGGAAGAGCTGGT-1",2
"CTGCGGAAGATGAGAG-1",0
"CTGCGGACAGGTCGTC-1",0
"CTGCGGACATGTCTCC-1",0
"CTGCGGAGTCACTTCC-1",0
"CTGCGGAGTCGTGGCT-1",1
"CTGCGGAGTTCTGTTT-1",2
"CTGCGGAGTTGGACCC-1",3
"CTGCGGATCGCCTGTT-1",0
"CTGCGGATCTTACCGC-1",0
"CTGCTGTAGGGTGTTG-1",0
"CTGCTGTAGTACCGGA-1",0
"CTGCTGTAGTGGAGAA-1",0
"CTGCTGTCACATCTTT-1",0
"CTGCTGTGTTAAAGAC-1",3
"CTGCTGTTCTCCAACC-1",0
"CTGCTGTTCTTACCGC-1",1
"CTGGTCTAGCGTTGCC-1",1
"CTGGTCTAGGACAGCT-1",5
"CTGGTCTAGGGCTTGA-1",3
"CTGGTCTAGTCGAGTG-1",1
"CTGGTCTCAAAGGAAG-1",1
"CTGGTCTCACCAGTTA-1",0
"CTGGTCTGTACCTACA-1",0
"CTGGTCTGTACGCTGC-1",2
"CTGGTCTGTCCGCTGA-1",1
"CTGGTCTGTCCGTTAA-1",1
"CTGGTCTGTTCATGGT-1",1
"CTGGTCTGTTCGTGAT-1",1
"CTGGTCTTCAACGGGA-1",1
"CTGGTCTTCACTTACT-1",1
"CTGGTCTTCTTACCTA-1",0
"CTGTGCTGTATATCCG-1",0
"CTGTGCTGTCATCCCT-1",1
"CTGTGCTGTCCCTACT-1",0
"CTGTGCTGTCGGCACT-1",0
"CTGTGCTTCCATTCTA-1",0
"CTGTGCTTCCGTACAA-1",3
"CTGTTTAAGAAACCGC-1",0
"CTGTTTAAGATCGATA-1",2
"CTGTTTAAGGAGTTGC-1",3
"CTGTTTAGTCAAAGCG-1",0
"CTGTTTATCAGCCTAA-1",0
"CTGTTTATCATTTGGG-1",1
"CTGTTTATCTCCAGGG-1",3
"CTGTTTATCTCTTGAT-1",0
"CTGTTTATCTTCTGGC-1",1
"CTTAACTAGCCAGTAG-1",0
"CTTAACTAGGCTCTTA-1",3
"CTTAACTAGGTGCACA-1",1
"CTTAACTAGTCTCGGC-1",0
"CTTACCGAGCGCTTAT-1",1
"CTTACCGAGGCTACGA-1",0
"CTTACCGCAGATCTGT-1",0
"CTTACCGCAGTCAGAG-1",0
"CTTACCGGTCCTGCTT-1",2
"CTTACCGGTCGCCATG-1",0
"CTTACCGGTCTACCTC-1",1
"CTTACCGTCGGACAAG-1",0
"CTTAGGAAGCCCAACC-1",2
"CTTAGGACACGACGAA-1",0
"CTTAGGAGTTATGTGC-1",1
"CTTAGGATCCCATTTA-1",3
"CTTAGGATCTTTACAC-1",4
"CTTCTCTAGAACTCGG-1",1
"CTTCTCTAGAGTGAGA-1",0
"CTTCTCTAGCAGGCTA-1",4
"CTTCTCTAGTTAACGA-1",0
"CTTCTCTCAAAGGTGC-1",2
"CTTCTCTGTAACGACG-1",1
"CTTCTCTGTGCATCTA-1",1
"CTTCTCTTCGAGCCCA-1",2
"CTTGGCTAGCGATATA-1",0
"CTTGGCTAGTACGTTC-1",0
"CTTGGCTCATTACCTT-1",2
"CTTGGCTGTCTCCATC-1",0
"CTTGGCTTCCCTAATT-1",1
"CTTGGCTTCGCGTAGC-1",2
"CTTGGCTTCTCGTTTA-1",1
"CTTTGCGAGCAAATCA-1",0
"CTTTGCGAGCGTTCCG-1",5
"CTTTGCGAGTATCTCG-1",0
"CTTTGCGCAATTCCTT-1",0
"CTTTGCGCACTTAAGC-1",3
"CTTTGCGCAGACGCAA-1",0
"CTTTGCGGTAGAGGAA-1",2
"CTTTGCGTCCAGGGCT-1",0
"GAAACTCAGAGACGAA-1",0
"GAAACTCAGAGGTTAT-1",1
"GAAACTCAGCAGCCTC-1",1
"GAAACTCAGCCCAGCT-1",1
"GAAACTCAGCTAAACA-1",0
"GAAACTCAGTGCTGCC-1",0
"GAAACTCCAAGCCCAC-1",0
"GAAACTCCACATGACT-1",1
"GAAACTCCAGACACTT-1",0
"GAAACTCCATGGATGG-1",0
"GAAACTCGTACTCGCG-1",1
"GAAACTCGTAGCGATG-1",1
"GAAACTCGTGTGAAAT-1",2
"GAAACTCGTTTGTGTG-1",1
"GAAATGAAGACTAGGC-1",2
"GAAATGAAGCCAGTTT-1",2
"GAAATGAAGCTAGTCT-1",1
"GAAATGAAGTACGTAA-1",1
"GAAATGATCATGCTCC-1",1
"GAAATGATCCTCGCAT-1",0
"GAACATCAGATGGCGT-1",2
"GAACATCCAACAACCT-1",0
"GAACATCCACATCTTT-1",1
"GAACATCCACCTATCC-1",2
"GAACATCCACGGACAA-1",1
"GAACATCCATGCTAGT-1",0
"GAACATCGTACGACCC-1",2
"GAACATCGTGGACGAT-1",3
"GAACATCGTTCCCGAG-1",1
"GAACATCTCCAAGTAC-1",0
"GAACATCTCGATCCCT-1",1
"GAACATCTCTCCAACC-1",1
"GAACCTAAGAACTGTA-1",1
"GAACCTAAGAGCAATT-1",3
"GAACCTAAGCCAGTAG-1",2
"GAACCTACAAGGACAC-1",0
"GAACCTACAGACACTT-1",0
"GAACCTAGTACCAGTT-1",0
"GAACCTAGTGTCAATC-1",2
"GAACCTATCACGATGT-1",0
"GAACGGAAGACGCAAC-1",1
"GAACGGAAGTAATCCC-1",1
"GAACGGAAGTCAATAG-1",0
"GAACGGAAGTGGACGT-1",0
"GAACGGACACAGCGTC-1",0
"GAACGGACACCTCGTT-1",0
"GAACGGACACTTAACG-1",1
"GAACGGAGTAGCGTAG-1",1
"GAACGGAGTCAGAGGT-1",0
"GAACGGAGTGGCGAAT-1",0
"GAACGGATCACTCCTG-1",3
"GAACGGATCCACGAAT-1",2
"GAACGGATCGTAGGAG-1",1
"GAACGGATCTGTCAAG-1",0
"GAAGCAGAGACTAAGT-1",3
"GAAGCAGAGAGACGAA-1",0
"GAAGCAGAGCCACGCT-1",1
"GAAGCAGAGTTCGCGC-1",1
"GAAGCAGCAATCCGAT-1",2
"GAAGCAGCACTCGACG-1",3
"GAAGCAGCAGATCTGT-1",0
"GAAGCAGCAGATGAGC-1",1
"GAAGCAGCATGAACCT-1",0
"GAAGCAGCATGGAATA-1",0
"GAAGCAGGTAACGCGA-1",2
"GAAGCAGGTCATACTG-1",0
"GAAGCAGTCCTAGTGA-1",0
"GAAGCAGTCTTATCTG-1",0
"GAATAAGCAAGGTGTG-1",1
"GAATAAGCAGACAAGC-1",1
"GAATAAGCATGCAACT-1",2
"GAATAAGGTCCGTTAA-1",0
"GAATAAGGTGAGTGAC-1",0
"GAATAAGGTTCCCTTG-1",0
"GAATAAGTCGTTTAGG-1",1
"GAATGAAAGAGTCTGG-1",3
"GAATGAAAGCTTATCG-1",0
"GAATGAAAGGCATGTG-1",0
"GAATGAACAAACGCGA-1",0
"GAATGAACAGTGAGTG-1",0
"GAATGAACATCATCCC-1",0
"GAATGAAGTCAACATC-1",2
"GAATGAAGTCTCACCT-1",2
"GAATGAAGTGGCAAAC-1",0
"GAATGAAGTTGCGTTA-1",0
"GAATGAATCAGTTAGC-1",1
"GAATGAATCCTGCCAT-1",5
"GACACGCAGACGCACA-1",0
"GACACGCAGAGTAATC-1",1
"GACACGCAGCCAACAG-1",0
"GACACGCAGGAGTTTA-1",2
"GACACGCAGGGCATGT-1",0
"GACACGCAGGTGCACA-1",1
"GACACGCAGTCCAGGA-1",1
"GACACGCAGTGGGATC-1",0
"GACACGCAGTGGGTTG-1",1
"GACACGCCAAGCGTAG-1",2
"GACACGCCAAGGACAC-1",0
"GACACGCCAGACGCTC-1",1
"GACACGCCATCCTTGC-1",4
"GACACGCGTTCACGGC-1",1
"GACACGCTCATGTAGC-1",2
"GACAGAGAGTACGATA-1",2
"GACAGAGCAACGATCT-1",0
"GACAGAGCAAGTCTAC-1",0
"GACAGAGCAGCTCCGA-1",2
"GACAGAGCAGCTGGCT-1",2
"GACAGAGGTAGAAAGG-1",3
"GACAGAGTCAAACAAG-1",0
"GACAGAGTCAGAGACG-1",0
"GACAGAGTCCTTCAAT-1",0
"GACAGAGTCCTTGCCA-1",0
"GACAGAGTCTTCATGT-1",1
"GACCAATAGAAGGGTA-1",0
"GACCAATAGCTACCGC-1",0
"GACCAATAGCTACCTA-1",0
"GACCAATCAGGTGCCT-1",4
"GACCAATCATGCGCAC-1",0
"GACCAATGTACAGTTC-1",0
"GACCAATGTCGCTTCT-1",0
"GACCAATTCCGATATG-1",1
"GACCAATTCGAATGGG-1",0
"GACCAATTCGTCACGG-1",0
"GACCTGGCATCACAAC-1",0
"GACCTGGCATGTCTCC-1",1
"GACCTGGCATTGGCGC-1",3
"GACCTGGGTAAAGGAG-1",0
"GACCTGGGTCCAGTTA-1",2
"GACCTGGGTGCAGTAG-1",1
"GACCTGGTCATAGCAC-1",1
"GACCTGGTCCTTGCCA-1",3
"GACCTGGTCGCATGAT-1",1
"GACCTGGTCGTCACGG-1",1
"GACGCGTAGTGGTAAT-1",0
"GACGCGTAGTTGTAGA-1",0
"GACGCGTGTAAAGGAG-1",4
"GACGCGTGTGTGAAAT-1",1
"GACGCGTGTTAAGACA-1",2
"GACGCGTTCAAACCGT-1",2
"GACGCGTTCCAAATGC-1",1
"GACGCGTTCCGCGGTA-1",1
"GACGCGTTCCTACAGA-1",0
"GACGCGTTCGACGGAA-1",1
"GACGCGTTCTCCGGTT-1",3
"GACGGCTAGAAGATTC-1",2
"GACGGCTAGAGCTGGT-1",1
"GACGGCTCAAGGTTTC-1",0
"GACGGCTCACCGCTAG-1",0
"GACGGCTCATGAACCT-1",0
"GACGGCTCATGCAACT-1",0
"GACGGCTGTGTGTGCC-1",0
"GACGGCTGTTATGTGC-1",1
"GACGGCTGTTTGGCGC-1",0
"GACGGCTTCTATCGCC-1",1
"GACGTGCAGGCAAAGA-1",0
"GACGTGCAGGGTGTGT-1",4
"GACGTGCAGGTGTTAA-1",1
"GACGTGCCAGGTCGTC-1",1
"GACGTGCGTAACGTTC-1",1
"GACGTGCTCACCTCGT-1",0
"GACGTTAAGCTACCGC-1",2
"GACGTTAAGGCAAAGA-1",2
"GACGTTAAGTCAAGCG-1",5
"GACGTTACAAGCCATT-1",0
"GACGTTACAAGGTTTC-1",0
"GACGTTACAGACACTT-1",1
"GACGTTAGTATCTGCA-1",0
"GACGTTAGTTTGACAC-1",1
"GACGTTAGTTTGACTG-1",2
"GACGTTATCACAGGCC-1",0
"GACGTTATCATTGCGA-1",2
"GACGTTATCCCGGATG-1",0
"GACGTTATCCGAAGAG-1",1
"GACGTTATCGCGTTTC-1",4
"GACGTTATCTGTCCGT-1",0
"GACTAACAGACAGAGA-1",3
"GACTAACAGTGGAGAA-1",2
"GACTAACCAAATCCGT-1",1
"GACTAACGTCTAGTCA-1",2
"GACTAACGTGCAACTT-1",0
"GACTAACGTTCAGACT-1",3
"GACTAACTCCGCGCAA-1",1
"GACTAACTCCTTTCTC-1",1
"GACTAACTCTTGCCGT-1",1
"GACTAACTCTTTACAC-1",3
"GACTACAAGATATGGT-1",1
"GACTACACAAATCCGT-1",5
"GACTACAGTGCTGTAT-1",1
"GACTACATCAGCCTAA-1",0
"GACTACATCAGGTAAA-1",1
"GACTACATCTGCAGTA-1",1
"GACTGCGAGCGTAGTG-1",1
"GACTGCGAGTTGTAGA-1",1
"GACTGCGCACTTAACG-1",2
"GACTGCGCATGTTCCC-1",0
"GACTGCGGTACGCACC-1",0
"GACTGCGGTTCTCATT-1",0
"GACTGCGTCAACACAC-1",0
"GACTGCGTCACGACTA-1",1
"GACTGCGTCGCCCTTA-1",0
"GACTGCGTCTCAAACG-1",0
"GAGCAGAGTAGGGTAC-1",1
"GAGCAGAGTCAGATAA-1",3
"GAGCAGAGTCATATGC-1",0
"GAGCAGAGTGAGCGAT-1",3
"GAGCAGAGTGTAACGG-1",1
"GAGCAGAGTGTGACCC-1",3
"GAGCAGAGTTCGGGCT-1",0
"GAGCAGAGTTTAAGCC-1",0
"GAGCAGAGTTTGCATG-1",2
"GAGGTGAAGCAACGGT-1",0
"GAGGTGAAGGCTCTTA-1",0
"GAGGTGAAGTGGTAGC-1",3
"GAGGTGAAGTTGTAGA-1",1
"GAGGTGACACTGTCGG-1",0
"GAGGTGACATCCTTGC-1",0
"GAGGTGACATGCATGT-1",2
"GAGGTGAGTACCTACA-1",0
"GAGGTGAGTCATTAGC-1",0
"GAGGTGAGTTCCTCCA-1",2
"GAGGTGATCATCGCTC-1",0
"GAGGTGATCTAGAGTC-1",2
"GAGGTGATCTCTAGGA-1",4
"GAGGTGATCTGCTGTC-1",1
"GAGGTGATCTGGGCCA-1",0
"GAGTCCGAGGACAGAA-1",3
"GAGTCCGAGGCATGTG-1",0
"GAGTCCGAGGCGTACA-1",0
"GAGTCCGCAAACCCAT-1",0
"GAGTCCGGTCAAGCGA-1",2
"GAGTCCGGTGACCAAG-1",2
"GAGTCCGGTGACTCAT-1",2
"GAGTCCGGTGTGACCC-1",1
"GAGTCCGGTTCGGGCT-1",3
"GAGTCCGGTTTGCATG-1",0
"GAGTCCGTCGGCGCAT-1",0
"GAGTCCGTCTGATTCT-1",0
"GATCAGTAGATGTCGG-1",0
"GATCAGTAGTGGTAGC-1",0
"GATCAGTGTATATGAG-1",1
"GATCAGTGTCTGCGGT-1",0
"GATCAGTGTTATGCGT-1",4
"GATCAGTGTTGTACAC-1",4
"GATCAGTTCCCGACTT-1",0
"GATCGATAGAATGTTG-1",0
"GATCGATAGAGCTGCA-1",1
"GATCGATAGCATGGCA-1",0
"GATCGATCAAGCGAGT-1",1
"GATCGATCAAGCGTAG-1",1
"GATCGATGTCAACATC-1",2
"GATCGATGTTGCCTCT-1",0
"GATCGATTCCGCATCT-1",1
"GATCGCGAGATAGTCA-1",4
"GATCGCGAGCCTTGAT-1",2
"GATCGCGAGGAGCGTT-1",1
"GATCGCGCAGGTCGTC-1",1
"GATCGCGGTACAGCAG-1",2
"GATCGCGGTGAGTATA-1",1
"GATCGCGGTTGTCGCG-1",0
"GATCGCGTCACTCCTG-1",1
"GATCGTAAGACATAAC-1",2
"GATCGTAAGCTCAACT-1",0
"GATCGTACATAACCTG-1",0
"GATCGTAGTGGCTCCA-1",1
"GATCGTATCATATCGG-1",0
"GATCGTATCATGTCCC-1",1
"GATCGTATCTTACCGC-1",0
"GATCTAGAGCGTCTAT-1",1
"GATCTAGAGTGGAGAA-1",0
"GATCTAGCAACACCTA-1",1
"GATCTAGCAAGGGTCA-1",2
"GATCTAGGTCTAAAGA-1",0
"GATCTAGGTCTCACCT-1",0
"GATCTAGGTCTCTTTA-1",0
"GATCTAGTCACATAGC-1",0
"GATCTAGTCTAAGCCA-1",0
"GATGAAAAGAGTAATC-1",0
"GATGAAAAGCTCCCAG-1",0
"GATGAAACACGGTAGA-1",0
"GATGAAACAGCTGTAT-1",2
"GATGAAAGTGGGTATG-1",1
"GATGAAATCACCCTCA-1",0
"GATGAAATCACTCCTG-1",2
"GATGAAATCAGCAACT-1",0
"GATGAAATCGAGAGCA-1",1
"GATGAGGAGATCCCGC-1",0
"GATGAGGAGTTCGATC-1",0
"GATGAGGCACCAGTTA-1",2
"GATGAGGGTATCACCA-1",0
"GATGAGGGTATTCGTG-1",0
"GATGAGGGTCGCGTGT-1",1
"GATGAGGGTGATGATA-1",1
"GATGAGGTCACAGGCC-1",1
"GATGAGGTCACATAGC-1",0
"GATGAGGTCCCTTGTG-1",2
"GATGAGGTCTGCTGTC-1",0
"GATGCTAAGACTAAGT-1",0
"GATGCTAAGGATGCGT-1",0
"GATGCTAAGGCTCTTA-1",0
"GATGCTAAGGGAACGG-1",0
"GATGCTAAGTATCTCG-1",0
"GATGCTAAGTCTCGGC-1",3
"GATGCTACATGTTGAC-1",0
"GATGCTACATTGCGGC-1",0
"GATGCTAGTCTCCATC-1",0
"GATGCTAGTGGAAAGA-1",0
"GATGCTAGTTAGGGTG-1",0
"GATGCTATCCTGTACC-1",1
"GATGCTATCGGCGCTA-1",0
"GATTCAGAGAAACCTA-1",1
"GATTCAGAGAGTGACC-1",0
"GATTCAGAGATTACCC-1",2
"GATTCAGAGGGTCGAT-1",1
"GATTCAGAGGTCGGAT-1",1
"GATTCAGAGTCAATAG-1",1
"GATTCAGCAAGTTGTC-1",3
"GATTCAGCAATTCCTT-1",2
"GATTCAGCAGGGTACA-1",0
"GATTCAGCATCGACGC-1",1
"GATTCAGCATTATCTC-1",1
"GATTCAGGTAAATACG-1",0
"GATTCAGTCAACTCTT-1",0
"GCAAACTAGATGTTAG-1",1
"GCAAACTAGTCATGCT-1",1
"GCAAACTAGTCTCAAC-1",0
"GCAAACTCACAGGTTT-1",0
"GCAAACTGTCAGATAA-1",2
"GCAAACTGTCTCCATC-1",0
"GCAAACTTCGTGGTCG-1",1
"GCAATCAAGGGATCTG-1",0
"GCAATCAAGTATCTCG-1",0
"GCAATCAAGTGGGTTG-1",1
"GCAATCACAGCTTAAC-1",1
"GCAATCACATGTCGAT-1",0
"GCAATCACATTCCTCG-1",0
"GCAATCAGTAGGAGTC-1",0
"GCAATCAGTATAATGG-1",0
"GCAATCAGTTCTCATT-1",2
"GCAATCAGTTCTGGTA-1",0
"GCACATAAGAGCTATA-1",6
"GCACATAAGATGTTAG-1",1
"GCACATAAGCCTTGAT-1",1
"GCACATAAGGAGTACC-1",1
"GCACATAAGTGAAGTT-1",0
"GCACATACACCACGTG-1",1
"GCACATACAGCTGTAT-1",0
"GCACATACAGGAACGT-1",0
"GCACATAGTCATCGGC-1",1
"GCACATAGTCCGAATT-1",1
"GCACATAGTCTCTTTA-1",0
"GCACATAGTGCGCTTG-1",1
"GCACATATCACCTCGT-1",1
"GCACATATCTGGTTCC-1",0
"GCACTCTCAAGACACG-1",1
"GCACTCTCAATCACAC-1",3
"GCACTCTCATTTCAGG-1",0
"GCACTCTGTAAACCTC-1",0
"GCACTCTGTACCAGTT-1",3
"GCACTCTGTAGAAAGG-1",1
"GCACTCTGTCGAACAG-1",1
"GCACTCTGTCTAGGTT-1",2
"GCACTCTTCAACTCTT-1",1
"GCACTCTTCCCTAATT-1",4
"GCACTCTTCTGCCCTA-1",0
"GCAGCCAAGCTGATAA-1",0
"GCAGCCACATGAGCGA-1",0
"GCAGCCAGTAATCGTC-1",1
"GCAGCCAGTGTCGCTG-1",0
"GCAGCCATCAGTTGAC-1",3
"GCAGCCATCCCAACGG-1",1
"GCAGCCATCCGTACAA-1",2
"GCAGTTAAGTCCATAC-1",1
"GCAGTTAAGTCCGTAT-1",1
"GCAGTTAAGTTAACGA-1",9
"GCAGTTAGTGGACGAT-1",1
"GCAGTTAGTTATTCTC-1",0
"GCAGTTATCGCGATCG-1",0
"GCATACAAGATCTGCT-1",2
"GCATACAAGCAACGGT-1",1
"GCATACACAACGCACC-1",2
"GCATACACAAGGACTG-1",0
"GCATACACAAGTCTGT-1",0
"GCATACACAGTCAGCC-1",1
"GCATACACATCCTAGA-1",2
"GCATACACATCGGAAG-1",2
"GCATACAGTCCGAACC-1",1
"GCATACAGTTCTGGTA-1",2
"GCATACATCCACGACG-1",1
"GCATGATAGAATGTTG-1",1
"GCATGATAGAGTAATC-1",2
"GCATGATAGCTGATAA-1",0
"GCATGATAGGACCACA-1",1
"GCATGATAGGCTAGCA-1",0
"GCATGATAGTCAAGCG-1",0
"GCATGATAGTGGAGAA-1",1
"GCATGATCACACCGAC-1",0
"GCATGATCACATTTCT-1",2
"GCATGATGTCCCTACT-1",2
"GCATGATGTTGCGCAC-1",2
"GCATGATTCGTGGACC-1",1
"GCATGCGAGCATGGCA-1",1
"GCATGCGAGTCCAGGA-1",0
"GCATGCGCACTGCCAG-1",0
"GCATGCGGTAAGGATT-1",0
"GCATGCGGTCCTCTTG-1",1
"GCATGCGGTGTGAAAT-1",1
"GCATGCGTCCGCGGTA-1",3
"GCATGTAAGAACTGTA-1",1
"GCATGTAAGACAGACC-1",0
"GCATGTAAGTACTTGC-1",2
"GCATGTAAGTGCAAGC-1",1
"GCATGTACAACACGCC-1",3
"GCATGTATCACGAAGG-1",0
"GCCAAATCAAACTGTC-1",0
"GCCAAATCAAGGGTCA-1",1
"GCCAAATCAAGTTCTG-1",0
"GCCAAATCAGCCACCA-1",0
"GCCAAATCATAACCTG-1",2
"GCCAAATGTATAAACG-1",1
"GCCAAATGTGTTTGGT-1",8
"GCCAAATGTTTCGCTC-1",0
"GCCAAATTCAGGTAAA-1",1
"GCCAAATTCCGAGCCA-1",1
"GCCAAATTCCGCGGTA-1",0
"GCCAAATTCGGCTACG-1",1
"GCCTCTAAGAGTACCG-1",1
"GCCTCTAAGCCATCGC-1",1
"GCCTCTAAGCCGCCTA-1",0
"GCCTCTAAGCGATAGC-1",1
"GCCTCTAAGCTGCAAG-1",1
"GCCTCTAAGCTTCGCG-1",3
"GCCTCTAAGTCACGCC-1",1
"GCCTCTACAAGACGTG-1",0
"GCCTCTACAGCTATTG-1",1
"GCCTCTAGTAAGGATT-1",2
"GCCTCTAGTGATGATA-1",0
"GCCTCTAGTTAAGGGC-1",1
"GCCTCTATCAGCGACC-1",2
"GCCTCTATCCGATATG-1",0
"GCCTCTATCGAATCCA-1",0
"GCCTCTATCGAGCCCA-1",1
"GCCTCTATCGCTGATA-1",0
"GCCTCTATCTTTAGGG-1",1
"GCGACCAAGAGGTTAT-1",1
"GCGACCACACTTACGA-1",0
"GCGACCAGTCAGGACA-1",0
"GCGACCAGTCTAGAGG-1",1
"GCGACCATCAACGGGA-1",4
"GCGACCATCCCGGATG-1",1
"GCGACCATCTACTCAT-1",3
"GCGAGAAAGGTTCCTA-1",1
"GCGAGAAAGTACGATA-1",1
"GCGAGAAAGTGTCTCA-1",2
"GCGAGAACAAGCCCAC-1",0
"GCGAGAACACTGAAGG-1",1
"GCGAGAAGTAGCGCTC-1",2
"GCGAGAAGTCCCTACT-1",4
"GCGAGAATCCTTTCGG-1",0
"GCGAGAATCGAGAGCA-1",0
"GCGAGAATCGCACTCT-1",3
"GCGCAACAGTCCTCCT-1",0
"GCGCAACAGTGTACGG-1",0
"GCGCAACCAAGTCTGT-1",1
"GCGCAACCAGCCACCA-1",1
"GCGCAACGTAGCGCTC-1",1
"GCGCAACGTCCCTTGT-1",1
"GCGCAACGTCCTAGCG-1",4
"GCGCAACGTCGACTAT-1",0
"GCGCAACGTCTAGAGG-1",1
"GCGCAACGTGCACGAA-1",1
"GCGCAACTCAATACCG-1",1
"GCGCAGTCACATCCAA-1",0
"GCGCAGTCATTACCTT-1",3
"GCGCAGTGTTAGGGTG-1",0
"GCGCAGTTCGATCCCT-1",1
"GCGCAGTTCGCGGATC-1",4
"GCGCCAAAGACATAAC-1",0
"GCGCCAAAGGACAGCT-1",0
"GCGCCAAAGGCCCTTG-1",1
"GCGCCAAAGGGCTTCC-1",0
"GCGCCAAAGGTACTCT-1",0
"GCGCCAACATAACCTG-1",1
"GCGCCAACATTGGGCC-1",0
"GCGCCAAGTACTTGAC-1",0
"GCGCCAAGTCGGCACT-1",0
"GCGCCAAGTGAAAGAG-1",1
"GCGCCAAGTTGTACAC-1",0
"GCGCCAATCCGTTGCT-1",0
"GCGCGATAGAAGGTTT-1",0
"GCGCGATAGCAGGTCA-1",0
"GCGCGATAGTGAATTG-1",1
"GCGCGATAGTTTGCGT-1",2
"GCGCGATCAGCTCGAC-1",0
"GCGCGATGTAAGTAGT-1",1
"GCGCGATGTATCACCA-1",1
"GCGCGATGTCACTTCC-1",2
"GCGCGATGTTACCAGT-1",4
"GCGCGATTCAGTTAGC-1",0
"GCGCGATTCGTTTAGG-1",0
"GCGGGTTAGAAACGAG-1",2
"GCGGGTTAGCTATGCT-1",2
"GCGGGTTAGTGTGAAT-1",1
"GCGGGTTCACGCGAAA-1",0
"GCGGGTTCAGGCAGTA-1",0
"GCGGGTTCAGTAACGG-1",2
"GCGGGTTGTGAGTATA-1",2
"GCGGGTTGTGGCGAAT-1",2
"GCGGGTTTCCAAAGTC-1",1
"GCGGGTTTCCTTTCTC-1",1
"GCGGGTTTCTCCAACC-1",1
"GCGGGTTTCTTGAGGT-1",0
"GCGGGTTTCTTGTATC-1",0
"GCTCCTACAAACTGTC-1",0
"GCTCCTACACCAGGTC-1",3
"GCTCCTACACCGATAT-1",0
"GCTCCTACAGGGTACA-1",1
"GCTCCTACATTAGCCA-1",1
"GCTCCTAGTCAGGACA-1",0
"GCTCCTAGTCCGTCAG-1",2
"GCTCCTATCAGCCTAA-1",0
"GCTCCTATCCCTAATT-1",1
"GCTCTGTAGAGGTAGA-1",3
"GCTCTGTAGCTGAACG-1",2
"GCTCTGTAGGAGTCTG-1",0
"GCTCTGTAGTGCTGCC-1",0
"GCTCTGTAGTGGACGT-1",0
"GCTCTGTTCACCTCGT-1",1
"GCTGCAGAGCGTGAGT-1",2
"GCTGCAGAGTCAAGCG-1",1
"GCTGCAGAGTCCCACG-1",3
"GCTGCAGCAATTGCTG-1",1
"GCTGCAGCATGCCCGA-1",1
"GCTGCAGCATGCCTAA-1",0
"GCTGCAGGTAAACCTC-1",1
"GCTGCAGGTACGAAAT-1",1
"GCTGCAGGTAGCGCAA-1",1
"GCTGCAGGTCACCCAG-1",2
"GCTGCAGGTCATGCCG-1",1
"GCTGCGAAGGAATGGA-1",1
"GCTGCGAGTCTAACGT-1",2
"GCTGCGAGTGTTTGGT-1",0
"GCTGCGATCTCCTATA-1",0
"GCTGCGATCTTGTTTG-1",3
"GCTGCTTAGAATTGTG-1",4
"GCTGCTTAGGCAATTA-1",1
"GCTGCTTCATCACGTA-1",4
"GCTGCTTCATCCAACA-1",1
"GCTGCTTCATGCCTAA-1",1
"GCTGCTTCATGGTCAT-1",0
"GCTGCTTGTAACGACG-1",0
"GCTGCTTGTAATCGTC-1",1
"GCTGCTTGTAGGGACT-1",2
"GCTGCTTGTGAAAGAG-1",2
"GCTGCTTTCCGGGTGT-1",2
"GCTGGGTAGACCCACC-1",2
"GCTGGGTAGCCACGCT-1",1
"GCTGGGTAGTCGCCGT-1",1
"GCTGGGTAGTCTCAAC-1",0
"GCTGGGTCACGGCTAC-1",0
"GCTGGGTCAGCCAATT-1",0
"GCTGGGTGTACAGTTC-1",0
"GCTGGGTGTACCGTTA-1",2
"GCTGGGTGTCGAGTTT-1",0
"GCTGGGTGTCTCCACT-1",1
"GCTGGGTGTGCCTGTG-1",0
"GCTGGGTTCAGCTTAG-1",1
"GCTGGGTTCCTTAATC-1",0
"GCTTCCAAGAAACCTA-1",0
"GCTTCCACACCACCAG-1",0
"GCTTCCACAGGTCGTC-1",1
"GCTTCCACAGTGAGTG-1",1
"GCTTCCAGTATAGGTA-1",0
"GCTTCCAGTTCAGCGC-1",1
"GCTTCCATCGTCCAGG-1",1
"GCTTGAAAGATGGCGT-1",0
"GCTTGAAAGCCGTCGT-1",2
"GCTTGAACAAACCTAC-1",2
"GCTTGAACACGGTGTC-1",0
"GCTTGAACATCGGAAG-1",1
"GCTTGAAGTGCGGTAA-1",0
"GCTTGAAGTTCTCATT-1",0
"GCTTGAATCAGGATCT-1",0
"GGAAAGCAGGCAGGTT-1",0
"GGAAAGCCAAACGCGA-1",0
"GGAAAGCCAAGTACCT-1",2
"GGAAAGCGTAAGCACG-1",1
"GGAAAGCGTCCTCCAT-1",1
"GGAAAGCGTCGCGTGT-1",0
"GGAAAGCGTGCTTCTC-1",0
"GGAAAGCTCCAGAGGA-1",2
"GGAACTTAGAGTAAGG-1",1
"GGAACTTCAATGTAAG-1",1
"GGAACTTCACAGGAGT-1",0
"GGAACTTCACCTCGTT-1",1
"GGAACTTGTCTCTTTA-1",3
"GGAACTTTCATTGCCC-1",0
"GGAACTTTCATTTGGG-1",0
"GGAACTTTCCGTCATC-1",1
"GGAACTTTCCTCAACC-1",0
"GGAACTTTCGGATGTT-1",0
"GGAATAAAGGTACTCT-1",0
"GGAATAAAGTGTCCAT-1",4
"GGAATAACAGCGTCCA-1",1
"GGAATAAGTCTGGTCG-1",2
"GGAATAAGTGCAGGTA-1",1
"GGAATAATCAGCACAT-1",1
"GGAATAATCTTTACGT-1",0
"GGACAAGAGGTACTCT-1",0
"GGACAAGCAACGATGG-1",1
"GGACAAGCAGTCGTGC-1",0
"GGACAAGCATGGGACA-1",3
"GGACAAGGTATAAACG-1",1
"GGACAAGGTATGAAAC-1",2
"GGACAAGGTCGGCATC-1",0
"GGACAAGGTTATGCGT-1",2
"GGACAAGTCTAACGGT-1",0
"GGACAGAAGCTAGTCT-1",1
"GGACAGAAGTACTTGC-1",0
"GGACAGACAACACGCC-1",0
"GGACAGACACAAGCCC-1",1
"GGACAGAGTAAGTGGC-1",0
"GGACAGAGTCTTTCAT-1",0
"GGACAGAGTGAGGGAG-1",0
"GGACAGAGTTCCACAA-1",0
"GGACAGATCAACGCTA-1",3
"GGACATTAGAGGGCTT-1",2
"GGACATTAGCCACGTC-1",1
"GGACATTCAAACGCGA-1",1
"GGACATTCAATGACCT-1",1
"GGACATTCACCAGCAC-1",0
"GGACATTGTTCTGGTA-1",1
"GGACATTTCCTCTAGC-1",1
"GGACGTCAGTACTTGC-1",1
"GGACGTCAGTGGTAAT-1",0
"GGACGTCCACAGTCGC-1",1
"GGACGTCGTGAGGGAG-1",2
"GGACGTCGTGGCGAAT-1",1
"GGACGTCGTTACGGAG-1",1
"GGACGTCGTTTAAGCC-1",0
"GGACGTCTCCACTCCA-1",0
"GGACGTCTCGCAAACT-1",1
"GGACGTCTCTCCAGGG-1",1
"GGACGTCTCTCGAGTA-1",1
"GGACGTCTCTGGTGTA-1",1
"GGACGTCTCTTCGAGA-1",0
"GGAGCAAAGAACTCGG-1",1
"GGAGCAAAGACTGTAA-1",0
"GGAGCAAAGCCGCCTA-1",3
"GGAGCAAAGCTAAACA-1",0
"GGAGCAAAGTACGCCC-1",1
"GGAGCAACAAGCTGTT-1",0
"GGAGCAACAATGGACG-1",1
"GGAGCAACAATTCCTT-1",3
"GGAGCAACATGCTGGC-1",0
"GGAGCAAGTGAGTATA-1",1
"GGAGCAAGTTACTGAC-1",1
"GGAGCAATCAAGATCC-1",1
"GGAGCAATCCCATTTA-1",1
"GGATGTTCAAACTGTC-1",0
"GGATGTTTCATCACCC-1",0
"GGATGTTTCATGCATG-1",0
"GGATGTTTCCTACAGA-1",0
"GGATGTTTCCTCTAGC-1",2
"GGATTACAGATCCCAT-1",0
"GGATTACAGCTTCGCG-1",0
"GGATTACAGGCTAGCA-1",4
"GGATTACAGTATCTCG-1",1
"GGATTACCAAGCGTAG-1",3
"GGATTACCACATCCGG-1",1
"GGATTACCAGCGTAAG-1",0
"GGATTACGTAATAGCA-1",1
"GGATTACGTACACCGC-1",1
"GGATTACGTCTCTTTA-1",0
"GGATTACGTTGAGGTG-1",2
"GGATTACTCGCGCCAA-1",0
"GGATTACTCGGCGCAT-1",3
"GGATTACTCTGCCCTA-1",1
"GGCAATTCAATCGGTT-1",1
"GGCAATTCACGGCGTT-1",1
"GGCAATTCATCACCCT-1",0
"GGCAATTGTCGATTGT-1",0
"GGCAATTTCACTTACT-1",1
"GGCAATTTCAGCACAT-1",2
"GGCAATTTCTCCGGTT-1",1
"GGCCGATAGTGTCTCA-1",2
"GGCCGATCACGGACAA-1",0
"GGCCGATGTAGGACAC-1",0
"GGCCGATGTCACTGGC-1",2
"GGCCGATGTCCCTACT-1",0
"GGCCGATTCACCGTAA-1",1
"GGCCGATTCCGCGCAA-1",1
"GGCGACTAGAGCTGGT-1",1
"GGCGACTAGGACCACA-1",1
"GGCGACTAGGTTACCT-1",2
"GGCGACTCAAAGCGGT-1",1
"GGCGACTCAAGAGTCG-1",0
"GGCGACTCACCAGGTC-1",1
"GGCGACTCATTGTGCA-1",0
"GGCGACTTCAGAAATG-1",0
"GGCGACTTCAGAGACG-1",1
"GGCGACTTCCAGATCA-1",3
"GGCGACTTCTCTAGGA-1",0
"GGCGTGTAGCTAGCCC-1",0
"GGCGTGTAGGGTATCG-1",0
"GGCGTGTCAGGTCCAC-1",0
"GGCGTGTCAGTATAAG-1",0
"GGCGTGTCATCGTCGG-1",1
"GGCGTGTCATGGAATA-1",1
"GGCGTGTGTCTCCCTA-1",0
"GGCGTGTTCTTGAGGT-1",3
"GGCTCGAAGCCGTCGT-1",0
"GGCTCGAAGGTAAACT-1",0
"GGCTCGACAAGAAGAG-1",1
"GGCTCGACAATAGCAA-1",0
"GGCTCGACATGGTCAT-1",0
"GGCTCGAGTATATCCG-1",0
"GGCTCGAGTTACGTCA-1",0
"GGCTCGAGTTAGGGTG-1",1
"GGCTCGATCTGCAAGT-1",0
"GGCTGGTAGAAGAAGC-1",2
"GGCTGGTAGACCCACC-1",1
"GGCTGGTCAAGGACAC-1",1
"GGCTGGTCACTGCCAG-1",2
"GGCTGGTCATTTCAGG-1",0
"GGCTGGTGTATTCTCT-1",1
"GGCTGGTGTCGCATCG-1",0
"GGCTGGTGTCTAGTGT-1",0
"GGCTGGTGTTATGCGT-1",0
"GGGAATGAGCGTTGCC-1",1
"GGGAATGAGTAGGTGC-1",1
"GGGAATGGTAAGGGAA-1",1
"GGGAATGTCAACGAAA-1",0
"GGGAATGTCCAGTATG-1",0
"GGGAATGTCCGGGTGT-1",0
"GGGACCTAGATGTAAC-1",0
"GGGACCTAGTCTTGCA-1",2
"GGGACCTCAATCAGAA-1",0
"GGGACCTCACTGAAGG-1",3
"GGGAGATAGTACGACG-1",2
"GGGAGATCAAAGTGCG-1",1
"GGGAGATCAAATCCGT-1",0
"GGGAGATCAAGGACTG-1",1
"GGGAGATCACGCGAAA-1",1
"GGGAGATGTAGCGCAA-1",0
"GGGAGATTCAACGGGA-1",2
"GGGAGATTCATCACCC-1",0
"GGGATGAAGTGACATA-1",0
"GGGATGACATCATCCC-1",2
"GGGATGAGTCACCCAG-1",3
"GGGATGAGTGGAAAGA-1",0
"GGGATGAGTTACGACT-1",1
"GGGATGAGTTGGTAAA-1",1
"GGGATGATCAGTTAGC-1",1
"GGGATGATCTATCCTA-1",0
"GGGATGATCTTTAGGG-1",0
"GGGCACTAGTCTCGGC-1",0
"GGGCACTCATCTCCCA-1",1
"GGGCACTTCACCTCGT-1",0
"GGGCACTTCTGAGGGA-1",1
"GGGCATCCAATGTAAG-1",0
"GGGCATCCAGTCTTCC-1",1
"GGGCATCGTGGCGAAT-1",0
"GGGCATCTCACAGTAC-1",1
"GGGCATCTCCCTTGTG-1",1
"GGGCATCTCCGGCACA-1",2
"GGGCATCTCTGTCCGT-1",0
"GGGCATCTCTTATCTG-1",1
"GGGTCTGAGAAGATTC-1",1
"GGGTCTGAGATCCCGC-1",2
"GGGTCTGAGCCAACAG-1",0
"GGGTCTGCACAGGCCT-1",2
"GGGTCTGCACCAGGTC-1",1
"GGGTCTGGTCTGGTCG-1",2
"GGGTCTGGTGATGATA-1",0
"GGGTCTGGTGTGACCC-1",1
"GGGTCTGTCAACTCTT-1",1
"GGGTCTGTCACTCCTG-1",1
"GGGTCTGTCCGTAGTA-1",3
"GGGTTGCAGACAGAGA-1",0
"GGGTTGCAGACCTTTG-1",0
"GGGTTGCAGATCGATA-1",0
"GGGTTGCAGGGTGTTG-1",2
"GGGTTGCAGGTGGGTT-1",0
"GGGTTGCCAATAACGA-1",1
"GGGTTGCCACGCCAGT-1",1
"GGGTTGCCATTAACCG-1",2
"GGGTTGCGTACATCCA-1",1
"GGGTTGCGTAGCGCAA-1",1
"GGGTTGCGTCCTCCAT-1",0
"GGGTTGCGTCGAGTTT-1",5
"GGGTTGCGTGAGTATA-1",0
"GGGTTGCGTGTGACCC-1",2
"GGGTTGCTCGTACCGG-1",0
"GGTATTGAGCACCGTC-1",0
"GGTATTGAGCTATGCT-1",0
"GGTATTGCACATCCAA-1",1
"GGTATTGCAGCTTCGG-1",0
"GGTATTGGTTCCGTCT-1",2
"GGTATTGTCAGAAATG-1",1
"GGTATTGTCCATTCTA-1",1
"GGTATTGTCGCCAGCA-1",0
"GGTGAAGAGACACGAC-1",0
"GGTGAAGAGATCCGAG-1",2
"GGTGAAGCAAGGTGTG-1",0
"GGTGAAGCACTCGACG-1",0
"GGTGAAGCAGTATGCT-1",2
"GGTGAAGGTATGAAAC-1",6
"GGTGAAGGTCAGAATA-1",0
"GGTGAAGGTGGTACAG-1",1
"GGTGAAGGTGTATGGG-1",2
"GGTGAAGGTGTCTGAT-1",1
"GGTGAAGGTGTGGTTT-1",3
"GGTGAAGGTGTGTGCC-1",0
"GGTGAAGTCACGATGT-1",0
"GGTGAAGTCACTCTTA-1",0
"GGTGAAGTCTGGCGTG-1",0
"GGTGCGTAGGTGATTA-1",1
"GGTGCGTAGTACGATA-1",3
"GGTGCGTCACTTAAGC-1",2
"GGTGCGTCAGCTGTAT-1",1
"GGTGCGTGTTCGTTGA-1",0
"GGTGCGTTCCGTACAA-1",1
"GGTGCGTTCTTGACGA-1",1
"GGTGTTAAGGGCTCTC-1",2
"GGTGTTAAGTAGCGGT-1",0
"GGTGTTAAGTGGGATC-1",0
"GGTGTTAAGTTATCGC-1",0
"GGTGTTACAAATCCGT-1",2
"GGTGTTACACGGATAG-1",0
"GGTGTTAGTAATCACC-1",1
"GGTGTTAGTAGCAAAT-1",0
"GGTGTTAGTGTATGGG-1",0
"GGTGTTAGTTGAACTC-1",0
"GGTGTTATCGGACAAG-1",0
"GGTGTTATCGGTGTTA-1",0
"GGTGTTATCTACTTAC-1",0
"GTAACGTAGGTGACCA-1",3
"GTAACGTCACAGGCCT-1",0
"GTAACGTGTACCATCA-1",0
"GTAACGTGTGAGTATA-1",0
"GTAACGTGTTACGGAG-1",4
"GTAACGTGTTAGGGTG-1",2
"GTAACGTTCGGTCCGA-1",0
"GTAACGTTCTCATTCA-1",0
"GTAACTGAGTGGGTTG-1",0
"GTAACTGCAATGGAAT-1",0
"GTAACTGCACAGGCCT-1",1
"GTAACTGCAGGATCGA-1",1
"GTAACTGCATCGGGTC-1",0
"GTAACTGGTATTACCG-1",1
"GTAACTGTCACGGTTA-1",1
"GTAACTGTCTACTATC-1",1
"GTACGTAAGGTGCTTT-1",0
"GTACGTACAGGAATGC-1",0
"GTACGTACATGGATGG-1",0
"GTACGTAGTGAGTGAC-1",2
"GTACGTAGTTGGTAAA-1",1
"GTACGTATCACCTCGT-1",2
"GTACGTATCATCGGAT-1",0
"GTACGTATCCACTGGG-1",0
"GTACTCCAGGCAGTCA-1",1
"GTACTCCCAATAGCGG-1",2
"GTACTCCCACAGGTTT-1",1
"GTACTCCTCACCTTAT-1",1
"GTACTCCTCATTGCCC-1",0
"GTACTCCTCCTTCAAT-1",0
"GTACTTTCAGTTAACC-1",3
"GTACTTTCATGTCGAT-1",1
"GTACTTTTCCGAAGAG-1",4
"GTAGGCCAGCAATCTC-1",0
"GTAGGCCCATTCGACA-1",4
"GTAGGCCGTAACGCGA-1",0
"GTAGGCCGTAAGGGCT-1",1
"GTAGGCCGTACGACCC-1",1
"GTAGGCCGTTCAGGCC-1",1
"GTAGGCCGTTGATTGC-1",1
"GTAGGCCTCAGCACAT-1",0
"GTAGTCAAGAATGTGT-1",0
"GTAGTCAAGATGCCTT-1",1
"GTAGTCAAGGACGAAA-1",1
"GTAGTCAAGTGAAGAG-1",0
"GTAGTCATCGTCACGG-1",5
"GTAGTCATCTGAAAGA-1",0
"GTATCTTAGAAACCAT-1",0
"GTATCTTAGGCTATCT-1",0
"GTATCTTAGTTGTCGT-1",0
"GTATCTTCACACCGCA-1",0
"GTATCTTCACGAAGCA-1",0
"GTATCTTGTTCGCTAA-1",0
"GTATCTTTCATGCTCC-1",0
"GTATCTTTCATGTAGC-1",0
"GTATTCTAGAAACCAT-1",2
"GTATTCTAGACAAAGG-1",0
"GTATTCTCAAAGTCAA-1",1
"GTATTCTCAACAACCT-1",0
"GTATTCTCAACTTGAC-1",1
"GTATTCTCAATAAGCA-1",0
"GTATTCTCAGGGTTAG-1",1
"GTATTCTCATACTACG-1",1
"GTATTCTCATGGTAGG-1",0
"GTATTCTGTAGTGAAT-1",0
"GTATTCTGTCTAGAGG-1",0
"GTCAAGTCATATGCTG-1",2
"GTCAAGTCATGGTTGT-1",0
"GTCAAGTGTCAGCTAT-1",0
"GTCAAGTGTTCCACTC-1",1
"GTCACAAAGCCGATTT-1",0
"GTCACAAAGTGGAGTC-1",0
"GTCACAACAGGTGGAT-1",3
"GTCACAAGTAAACGCG-1",1
"GTCACAATCAGGATCT-1",4
"GTCACAATCAGTTGAC-1",1
"GTCACAATCATGCATG-1",2
"GTCACGGAGATCACGG-1",0
"GTCACGGCATATACCG-1",1
"GTCACGGGTGAGTGAC-1",0
"GTCACGGGTGTGGCTC-1",0
"GTCACGGTCGAGAGCA-1",0
"GTCACGGTCTACCTGC-1",1
"GTCATTTAGAGACTAT-1",3
"GTCATTTCACGTGAGA-1",1
"GTCATTTGTAGAAGGA-1",0
"GTCATTTGTCAGATAA-1",1
"GTCATTTTCCAGAGGA-1",0
"GTCCTCAAGCCCAACC-1",0
"GTCCTCAAGTAGATGT-1",0
"GTCCTCAAGTGGGCTA-1",0
"GTCCTCACAATCACAC-1",1
"GTCCTCAGTGGAAAGA-1",0
"GTCCTCATCAAAGACA-1",0
"GTCCTCATCGTCCGTT-1",1
"GTCGGGTCACTGAAGG-1",0
"GTCGGGTCACTTCGAA-1",0
"GTCGGGTCATGAAGTA-1",0
"GTCGGGTGTCTCACCT-1",3
"GTCGGGTGTGTGACGA-1",2
"GTCGGGTGTGTGTGCC-1",0
"GTCGGGTGTTACGTCA-1",1
"GTCGGGTTCTGCTGTC-1",0
"GTCGGGTTCTGTGCAA-1",0
"GTCGTAAAGAGATGAG-1",2
"GTCGTAAAGCTGCAAG-1",1
"GTCGTAAAGGCGACAT-1",1
"GTCGTAACATCACGAT-1",0
"GTCGTAAGTATCACCA-1",3
"GTCGTAATCCAAGTAC-1",2
"GTCTCGTAGACCACGA-1",0
"GTCTCGTCAGGAACGT-1",0
"GTCTCGTGTGGTAACG-1",0
"GTCTCGTGTTTGGCGC-1",3
"GTCTCGTTCACCGGGT-1",1
"GTCTCGTTCAGTGCAT-1",0
"GTCTTCGAGACAAGCC-1",2
"GTCTTCGAGGAATGGA-1",1
"GTCTTCGAGTCAAGCG-1",0
"GTCTTCGCACATGGGA-1",0
"GTCTTCGCACCAGGTC-1",1
"GTCTTCGCAGACGCAA-1",1
"GTCTTCGCATAACCTG-1",2
"GTCTTCGCATCGATGT-1",2
"GTCTTCGGTCTAGTGT-1",0
"GTCTTCGTCTCGATGA-1",0
"GTGAAGGAGAGCTGGT-1",2
"GTGAAGGAGATCGGGT-1",0
"GTGAAGGAGCCAGTTT-1",5
"GTGAAGGAGTGTTGAA-1",0
"GTGAAGGCAAAGGCGT-1",1
"GTGAAGGCACTTAAGC-1",2
"GTGAAGGCAGATTGCT-1",1
"GTGAAGGGTATATGGA-1",1
"GTGAAGGGTCTCTCTG-1",3
"GTGAAGGTCTCCTATA-1",0
"GTGCAGCAGACATAAC-1",1
"GTGCAGCAGTGGTCCC-1",1
"GTGCAGCCACATCTTT-1",0
"GTGCAGCGTGAGTATA-1",0
"GTGCAGCTCTTAGAGC-1",1
"GTGCATAAGGCATGGT-1",4
"GTGCATAGTTTGTTGG-1",1
"GTGCATATCAGAGCTT-1",1
"GTGCATATCATCATTC-1",0
"GTGCATATCTGCGTAA-1",2
"GTGCGGTAGCAATCTC-1",1
"GTGCGGTAGGACAGAA-1",0
"GTGCGGTCAAAGGTGC-1",3
"GTGCGGTGTTCAGACT-1",0
"GTGCGGTGTTCTGTTT-1",1
"GTGCGGTTCATCTGCC-1",0
"GTGCGGTTCCAGGGCT-1",2
"GTGCGGTTCGGATGGA-1",1
"GTGCGGTTCTCGTTTA-1",0
"GTGCGGTTCTGCTGTC-1",1
"GTGCTTCAGCCAGTTT-1",0
"GTGCTTCAGGATTCGG-1",1
"GTGCTTCAGTACACCT-1",1
"GTGCTTCCACTTAACG-1",0
"GTGCTTCCAGCTATTG-1",0
"GTGCTTCGTAGAGTGC-1",1
"GTGCTTCTCACAATGC-1",1
"GTGCTTCTCACTTCAT-1",1
"GTGGGTCAGACCGGAT-1",0
"GTGGGTCAGACTGTAA-1",0
"GTGGGTCAGCCGTCGT-1",0
"GTGGGTCCACCAACCG-1",0
"GTGGGTCCACCACCAG-1",0
"GTGTGCGAGACCGGAT-1",1
"GTGTGCGAGACTTGAA-1",2
"GTGTGCGCAGGTCGTC-1",0
"GTGTGCGGTGAGCGAT-1",0
"GTGTGCGTCAGTCAGT-1",0
"GTGTGCGTCCCTTGTG-1",1
"GTGTGCGTCTAACTTC-1",0
"GTGTTAGAGCACGCCT-1",1
"GTGTTAGAGGACAGAA-1",0
"GTGTTAGAGGCATGGT-1",2
"GTGTTAGAGTGGAGAA-1",1
"GTGTTAGAGTTTGCGT-1",0
"GTGTTAGCAATGGAAT-1",0
"GTGTTAGCACCACCAG-1",0
"GTGTTAGGTGCCTGGT-1",1
"GTGTTAGGTGGAAAGA-1",2
"GTGTTAGGTTCCATGA-1",0
"GTGTTAGGTTGGGACA-1",2
"GTTAAGCAGAGCTGCA-1",2
"GTTAAGCAGATAGCAT-1",1
"GTTAAGCAGCTAACAA-1",2
"GTTAAGCAGGCTACGA-1",0
"GTTAAGCAGTGTACCT-1",0
"GTTAAGCAGTTTGCGT-1",2
"GTTAAGCCATTCACTT-1",0
"GTTAAGCGTACTCGCG-1",1
"GTTAAGCGTCTAGGTT-1",1
"GTTAAGCGTGGCAAAC-1",0
"GTTAAGCGTTGCTCCT-1",1
"GTTAAGCTCCTTTCGG-1",2
"GTTACAGAGAGCTATA-1",1
"GTTACAGAGTACGATA-1",1
"GTTACAGCAGACGCCT-1",2
"GTTACAGCATCGGTTA-1",1
"GTTACAGGTATGGTTC-1",0
"GTTACAGGTCGACTGC-1",0
"GTTACAGGTCTAGGTT-1",0
"GTTCATTAGCGATGAC-1",3
"GTTCATTCATATACGC-1",0
"GTTCATTCATTGGCGC-1",3
"GTTCATTGTGCACGAA-1",1
"GTTCATTGTGTTAAGA-1",0
"GTTCATTGTTCAGTAC-1",1
"GTTCGGGAGACGACGT-1",1
"GTTCGGGAGCTAAGAT-1",0
"GTTCGGGAGTGTCTCA-1",1
"GTTCGGGGTAGGGTAC-1",3
"GTTCGGGGTGCAGGTA-1",2
"GTTCGGGTCCACGCAG-1",2
"GTTCGGGTCTACTTAC-1",0
"GTTCTCGAGACCACGA-1",1
"GTTCTCGAGCGATGAC-1",0
"GTTCTCGAGGCCATAG-1",1
"GTTCTCGCATCGGACC-1",0
"GTTCTCGGTAAGGGAA-1",2
"GTTCTCGGTAGCGTAG-1",0
"GTTCTCGGTCCGTGAC-1",2
"GTTCTCGGTGTTAAGA-1",7
"GTTCTCGTCAACGCTA-1",0
"GTTCTCGTCCTGTACC-1",1
"GTTTCTACAAACCTAC-1",0
"GTTTCTACAAGAAAGG-1",2
"GTTTCTAGTGTTGGGA-1",1
"GTTTCTATCCCAACGG-1",0
"GTTTCTATCCGTAGTA-1",3
"GTTTCTATCGGCATCG-1",2
"TAAACCGGTACTTAGC-1",0
"TAAACCGTCACTCTTA-1",0
"TAAACCGTCAGGCGAA-1",2
"TAAACCGTCCGTTGTC-1",2
"TAAACCGTCTTCCTTC-1",1
"TAAGAGACAAGTTGTC-1",1
"TAAGAGAGTATATCCG-1",0
"TAAGAGATCAATCACG-1",1
"TAAGAGATCTAACGGT-1",1
"TAAGAGATCTTTCCTC-1",2
"TAAGCGTAGTGGACGT-1",1
"TAAGCGTAGTGTCTCA-1",0
"TAAGCGTCAGCTTCGG-1",0
"TAAGCGTCAGGTGGAT-1",0
"TAAGCGTGTCCTGCTT-1",0
"TAAGCGTGTGCCTGGT-1",1
"TAAGCGTGTTGTTTGG-1",0
"TAAGCGTTCCTCATTA-1",1
"TAAGCGTTCGGCGCAT-1",1
"TAAGCGTTCTCGCATC-1",0
"TAAGTGCAGGCTAGGT-1",0
"TAAGTGCAGTAGCGGT-1",1
"TAAGTGCCAACGCACC-1",0
"TAAGTGCCATACAGCT-1",0
"TAAGTGCGTAAACACA-1",0
"TAAGTGCGTCTCACCT-1",1
"TAAGTGCGTTCAGACT-1",1
"TAAGTGCTCACCCTCA-1",0
"TAAGTGCTCACTGGGC-1",0
"TAAGTGCTCTGGCGTG-1",0
"TACACGACACCCATTC-1",1
"TACACGAGTGATAAAC-1",0
"TACACGATCTGTCTCG-1",0
"TACAGTGAGATGCGAC-1",6
"TACAGTGAGCGTTGCC-1",2
"TACAGTGAGTGTACGG-1",0
"TACAGTGCAGGAATCG-1",1
"TACAGTGCAGGTGCCT-1",3
"TACAGTGGTACTCAAC-1",1
"TACAGTGGTTGGACCC-1",1
"TACCTATAGAGCTGGT-1",0
"TACCTATAGAGTTGGC-1",3
"TACCTATAGGCTCATT-1",1
"TACCTATAGTTAGCGG-1",0
"TACCTATCAAGCTGGA-1",0
"TACCTATGTAAATGAC-1",1
"TACCTATGTAGAGTGC-1",0
"TACCTATGTCACCTAA-1",0
"TACCTATGTGTTGAGG-1",1
"TACCTATGTTAAAGAC-1",0
"TACCTATTCTATGTGG-1",0
"TACCTATTCTTCCTTC-1",0
"TACCTTAAGAGGTTGC-1",0
"TACCTTAAGTCAAGCG-1",6
"TACCTTAAGTGGTCCC-1",1
"TACCTTACAACTGGCC-1",0
"TACCTTACAAGGGTCA-1",2
"TACCTTACACTCAGGC-1",2
"TACCTTACATCTACGA-1",0
"TACCTTAGTAGCGTCC-1",1
"TACCTTAGTCTCCACT-1",0
"TACGGATAGATGGCGT-1",2
"TACGGATAGGTACTCT-1",1
"TACGGATCAGGGATTG-1",1
"TACGGATCATCACCCT-1",0
"TACGGATGTCTAGCCG-1",1
"TACGGATTCGGTGTCG-1",5
"TACGGATTCTACTATC-1",1
"TACGGGCAGGATGCGT-1",0
"TACGGGCAGGGAACGG-1",3
"TACGGGCAGTATTGGA-1",1
"TACGGGCAGTCAAGCG-1",0
"TACGGGCCAAGAAGAG-1",0
"TACGGGCCACCAGATT-1",0
"TACGGGCCATCAGTAC-1",1
"TACGGGCGTAAGGGCT-1",0
"TACGGGCGTCTGATTG-1",1
"TACGGGCGTGATGTGG-1",0
"TACGGGCTCACCTTAT-1",3
"TACGGGCTCAGCTCTC-1",0
"TACGGGCTCCACGAAT-1",2
"TACGGGCTCCTATTCA-1",0
"TACGGGCTCGGTGTTA-1",0
"TACGGTAAGATATGGT-1",3
"TACGGTAAGCCGATTT-1",0
"TACGGTAAGTCATGCT-1",0
"TACGGTAAGTGCCATT-1",0
"TACGGTACACAGGCCT-1",0
"TACGGTACATTTCAGG-1",1
"TACGGTAGTATATCCG-1",2
"TACGGTAGTCACTTCC-1",0
"TACGGTAGTGCAGGTA-1",0
"TACGGTAGTGGGTATG-1",2
"TACGGTATCGCAGGCT-1",0
"TACGGTATCGGACAAG-1",4
"TACGGTATCGTTTATC-1",0
"TACTCATAGTCACGCC-1",0
"TACTCATCAATCTACG-1",1
"TACTCATCACGGTAGA-1",3
"TACTCATCACTTCTGC-1",2
"TACTCATCATCCGTGG-1",0
"TACTCATCATGTCGAT-1",0
"TACTCATGTACAGCAG-1",1
"TACTCATGTCTTCAAG-1",0
"TACTCATTCCTTTCTC-1",1
"TACTCGCAGGCGACAT-1",3
"TACTCGCGTCAGAAGC-1",0
"TACTCGCGTCTGATTG-1",2
"TACTCGCGTGTAACGG-1",0
"TACTCGCGTTGAGTTC-1",2
"TACTCGCTCAACGGGA-1",1
"TACTCGCTCCGAATGT-1",0
"TACTTACAGACTAGGC-1",1
"TACTTACAGCTGAACG-1",0
"TACTTACAGTACACCT-1",0
"TACTTACAGTACGCCC-1",0
"TACTTACAGTGATCGG-1",0
"TACTTACCAAGCCGTC-1",0
"TACTTACCACAGGTTT-1",1
"TACTTACTCGCGTTTC-1",0
"TACTTGTAGCGATATA-1",2
"TACTTGTAGTAATCCC-1",2
"TACTTGTCAAACAACA-1",0
"TACTTGTCATGCAACT-1",0
"TACTTGTGTAGCACGA-1",0
"TACTTGTGTATAAACG-1",0
"TACTTGTGTTCCACAA-1",2
"TACTTGTTCTGCAGTA-1",1
"TAGACCAAGAGACGAA-1",0
"TAGACCAAGCCTCGTG-1",0
"TAGACCAAGTCGATAA-1",1
"TAGACCACAACACCCG-1",2
"TAGACCAGTAGATTAG-1",2
"TAGACCAGTTCATGGT-1",0
"TAGACCATCACTTCAT-1",1
"TAGACCATCGTCACGG-1",0
"TAGACCATCTCCAGGG-1",2
"TAGAGCTAGAATTCCC-1",1
"TAGAGCTAGTATTGGA-1",3
"TAGAGCTCACTGAAGG-1",1
"TAGAGCTGTACTTGAC-1",1
"TAGAGCTGTAGGGACT-1",1
"TAGAGCTGTCTAAAGA-1",0
"TAGCCGGAGACTGGGT-1",1
"TAGCCGGAGTCCCACG-1",1
"TAGCCGGAGTGACATA-1",1
"TAGCCGGCAGCAGTTT-1",0
"TAGCCGGGTACAGTGG-1",1
"TAGCCGGGTACCATCA-1",0
"TAGCCGGGTCGCGAAA-1",7
"TAGCCGGTCACGACTA-1",0
"TAGCCGGTCCAGGGCT-1",0
"TAGGCATAGAACTGTA-1",2
"TAGGCATAGCTAGGCA-1",3
"TAGGCATAGTCGTACT-1",1
"TAGGCATAGTTTAGGA-1",0
"TAGGCATCAAGCCTAT-1",0
"TAGGCATCAGACGCAA-1",0
"TAGGCATGTACGAAAT-1",1
"TAGGCATGTCCAGTTA-1",2
"TAGGCATGTTCCACTC-1",1
"TAGGCATTCCCTAACC-1",0
"TAGGCATTCGCTAGCG-1",0
"TAGGCATTCGTAGATC-1",2
"TAGGCATTCTTCATGT-1",0
"TAGTGGTAGATCACGG-1",1
"TAGTGGTAGCTGTTCA-1",0
"TAGTGGTCAGTATAAG-1",0
"TAGTGGTGTAGCGTAG-1",1
"TAGTGGTTCAGCATGT-1",1
"TAGTGGTTCGGCGCAT-1",1
"TAGTGGTTCTCAAGTG-1",1
"TAGTGGTTCTGGGCCA-1",4
"TAGTGGTTCTTTAGTC-1",1
"TAGTTGGAGATAGGAG-1",2
"TAGTTGGCAGACGCAA-1",4
"TAGTTGGCATGCGCAC-1",1
"TAGTTGGGTATGGTTC-1",1
"TAGTTGGTCCGAATGT-1",0
"TAGTTGGTCTACTCAT-1",1
"TAGTTGGTCTCTAAGG-1",2
"TAGTTGGTCTGATACG-1",1
"TATCAGGAGAGTAAGG-1",0
"TATCAGGAGATCCGAG-1",2
"TATCAGGAGCAGATCG-1",1
"TATCAGGAGGTGCTTT-1",1
"TATCAGGCAACTTGAC-1",0
"TATCAGGCACGTTGGC-1",3
"TATCAGGGTCCGTTAA-1",2
"TATCAGGGTCTGCAAT-1",3
"TATCAGGGTTAAAGAC-1",1
"TATCAGGTCAAGATCC-1",1
"TATCAGGTCCACTCCA-1",3
"TATCAGGTCGTAGGTT-1",0
"TATCTCAAGAGTTGGC-1",2
"TATCTCAAGCCACCTG-1",0
"TATCTCAAGCGTAATA-1",1
"TATCTCAAGGCTAGCA-1",0
"TATCTCAAGTGGGCTA-1",2
"TATCTCACATGTCCTC-1",3
"TATCTCAGTAACGACG-1",2
"TATCTCAGTACCTACA-1",0
"TATCTCAGTACGACCC-1",2
"TATCTCAGTCAATGTC-1",1
"TATCTCATCAAGCCTA-1",0
"TATGCCCAGAAACCGC-1",1
"TATGCCCAGGTAGCTG-1",1
"TATGCCCCAATGGAAT-1",0
"TATGCCCCACTTAACG-1",0
"TATGCCCCATGTTCCC-1",1
"TATGCCCGTAGCCTCG-1",2
"TATGCCCGTATAGGGC-1",0
"TATGCCCGTATGAAAC-1",1
"TATGCCCGTCGCCATG-1",5
"TATGCCCGTGCCTTGG-1",1
"TATGCCCGTTAAGATG-1",0
"TATGCCCGTTGGTGGA-1",2
"TATGCCCGTTTAGGAA-1",0
"TATGCCCTCGTCTGCT-1",1
"TATTACCAGAGAGCTC-1",1
"TATTACCAGCAAATCA-1",1
"TATTACCAGCCCGAAA-1",1
"TATTACCAGTATCTCG-1",0
"TATTACCCAAAGTGCG-1",2
"TATTACCCAGACAAGC-1",2
"TATTACCCAGTCAGCC-1",1
"TATTACCCATAAAGGT-1",0
"TATTACCCATCTACGA-1",0
"TATTACCGTCCAGTAT-1",5
"TCAACGAAGCCGATTT-1",1
"TCAACGAAGCGATGAC-1",0
"TCAACGAAGGCATGTG-1",1
"TCAACGAAGTAGTGCG-1",0
"TCAACGACACCAGGCT-1",2
"TCAACGACATGCCTTC-1",6
"TCAACGAGTTACCAGT-1",0
"TCAACGAGTTCCATGA-1",1
"TCAACGAGTTCTGGTA-1",3
"TCAACGATCAGTCCCT-1",2
"TCAACGATCTGTGCAA-1",3
"TCAATCTAGATCCCGC-1",0
"TCAATCTCACAAGCCC-1",0
"TCAATCTCACAGCCCA-1",0
"TCAATCTCATGACGGA-1",2
"TCAATCTCATTTGCTT-1",0
"TCAATCTGTAGTGAAT-1",0
"TCAATCTGTTAGATGA-1",2
"TCAATCTTCAGATAAG-1",1
"TCAATCTTCATGTCCC-1",0
"TCACAAGAGACTGGGT-1",0
"TCACAAGAGAGAGCTC-1",0
"TCACAAGAGGCCCTCA-1",1
"TCACAAGAGGTGGGTT-1",0
"TCACAAGAGTAGATGT-1",0
"TCACAAGCAGTATGCT-1",2
"TCACAAGCATAACCTG-1",0
"TCACAAGCATGACATC-1",0
"TCACAAGGTCAGATAA-1",2
"TCACAAGGTGTGGTTT-1",2
"TCACAAGTCATCATTC-1",0
"TCACAAGTCATGCATG-1",3
"TCACGAAAGCTCCTTC-1",0
"TCACGAAAGGTGCTTT-1",0
"TCACGAAAGTCTCGGC-1",1
"TCACGAACACAAGACG-1",1
"TCACGAACACTGTCGG-1",1
"TCACGAAGTGGTCCGT-1",2
"TCACGAAGTTGGTGGA-1",0
"TCACGAATCATGCAAC-1",1
"TCACGAATCCCGACTT-1",1
"TCACGAATCCTCGCAT-1",3
"TCACGAATCGTCACGG-1",0
"TCAGATGAGGTGCACA-1",0
"TCAGATGGTCTTGTCC-1",1
"TCAGATGGTGCCTGCA-1",1
"TCAGATGGTGCTGTAT-1",1
"TCAGATGTCAGTTTGG-1",1
"TCAGATGTCGCATGAT-1",0
"TCAGATGTCTCCTATA-1",0
"TCAGCAAAGGAGTCTG-1",1
"TCAGCAAAGGCTCATT-1",1
"TCAGCAAAGTACGACG-1",1
"TCAGCAAAGTGGCACA-1",4
"TCAGCAACACGCATCG-1",1
"TCAGCAAGTACCGGCT-1",2
"TCAGCAATCAGCGATT-1",1
"TCAGCAATCGGAAACG-1",1
"TCAGCAATCTTCAACT-1",1
"TCAGCTCAGGTGTTAA-1",2
"TCAGCTCAGTATGACA-1",1
"TCAGCTCCAATCTGCA-1",1
"TCAGCTCCACGGTTTA-1",0
"TCAGCTCGTAATAGCA-1",0
"TCAGCTCGTCCGTCAG-1",1
"TCAGCTCGTTCACGGC-1",1
"TCAGCTCTCACGATGT-1",2
"TCAGCTCTCATGCATG-1",2
"TCAGCTCTCCTAAGTG-1",0
"TCAGCTCTCTCGTATT-1",0
"TCAGGATAGACAGAGA-1",1
"TCAGGATAGATATGGT-1",0
"TCAGGATCAAACGTGG-1",0
"TCAGGATCAAGTTCTG-1",1
"TCAGGATCACGGTGTC-1",0
"TCAGGATCACTGTGTA-1",2
"TCAGGATCAGCATACT-1",1
"TCAGGATCATCTGGTA-1",1
"TCAGGATGTAAGCACG-1",0
"TCAGGATGTGGCCCTA-1",1
"TCAGGATTCCGATATG-1",0
"TCAGGATTCTCGATGA-1",3
"TCAGGTAAGATGGCGT-1",0
"TCAGGTAAGTGTTTGC-1",1
"TCAGGTACACAAGTAA-1",2
"TCAGGTACACAGAGGT-1",1
"TCAGGTACAGCTGCTG-1",1
"TCAGGTAGTAAACGCG-1",2
"TCATTACAGAAACCAT-1",0
"TCATTACAGGAGTTGC-1",3
"TCATTACAGTTGCAGG-1",1
"TCATTACCACATCCAA-1",1
"TCATTACCAGTCAGCC-1",0
"TCATTACGTACGCACC-1",2
"TCATTACGTCTAGAGG-1",0
"TCATTACGTGAAGGCT-1",0
"TCATTACGTTCTGTTT-1",4
"TCATTACTCATCGATG-1",1
"TCATTTGAGCCAGTTT-1",0
"TCATTTGCACGTCTCT-1",0
"TCATTTGCAGTTAACC-1",0
"TCATTTGTCCAGAGGA-1",2
"TCATTTGTCCCTTGCA-1",0
"TCATTTGTCCGTCAAA-1",0
"TCATTTGTCGCTAGCG-1",1
"TCATTTGTCGTACGGC-1",2
"TCATTTGTCTCTGCTG-1",1
"TCCACACCAAAGAATC-1",1
"TCCACACCACGCCAGT-1",1
"TCCACACGTACAGCAG-1",1
"TCCACACGTAGCCTAT-1",0
"TCCACACGTCATCGGC-1",0
"TCCACACGTGACCAAG-1",1
"TCCACACGTGCGAAAC-1",0
"TCCACACTCAACACCA-1",3
"TCCACACTCCAGTATG-1",1
"TCCACACTCCCATTTA-1",0
"TCCACACTCGAACTGT-1",1
"TCCCGATAGAAGAAGC-1",1
"TCCCGATAGCACAGGT-1",1
"TCCCGATAGCCGGTAA-1",0
"TCCCGATCAAGGTTCT-1",2
"TCCCGATCAGCCAATT-1",0
"TCCCGATCATCCAACA-1",0
"TCCCGATGTAAGGATT-1",1
"TCCCGATGTCAATACC-1",2
"TCCCGATTCAGAAATG-1",0
"TCCCGATTCAGTCCCT-1",0
"TCCCGATTCATCTGTT-1",0
"TCCCGATTCCCTAATT-1",2
"TCCCGATTCTGGAGCC-1",1
"TCGAGGCAGCGATGAC-1",3
"TCGAGGCAGTGTTTGC-1",0
"TCGAGGCCAAAGAATC-1",1
"TCGAGGCCAAGTTCTG-1",1
"TCGAGGCCAGTAACGG-1",0
"TCGAGGCGTATATCCG-1",0
"TCGAGGCTCGCAAGCC-1",1
"TCGAGGCTCTTGAGAC-1",1
"TCGAGGCTCTTTCCTC-1",1
"TCGCGAGAGACAAAGG-1",0
"TCGCGAGAGTGAATTG-1",0
"TCGCGAGCAAGCGTAG-1",0
"TCGCGAGCACCGAATT-1",2
"TCGCGAGCAGTAAGAT-1",1
"TCGCGAGTCCACGAAT-1",1
"TCGCGAGTCTAGCACA-1",0
"TCGCGAGTCTCTAGGA-1",1
"TCGCGAGTCTTCATGT-1",1
"TCGCGTTAGTGGGCTA-1",1
"TCGCGTTCACAGGCCT-1",0
"TCGCGTTCATCACAAC-1",0
"TCGCGTTCATCTCGCT-1",1
"TCGCGTTGTTCACCTC-1",0
"TCGCGTTTCAAGATCC-1",0
"TCGCGTTTCAGGTAAA-1",0
"TCGCGTTTCATTCACT-1",1
"TCGCGTTTCCTGTACC-1",1
"TCGCGTTTCGCCCTTA-1",1
"TCGGGACCACACATGT-1",1
"TCGGGACTCCTTGCCA-1",1
"TCGGGACTCTGCGGCA-1",0
"TCGGGACTCTTGTCAT-1",1
"TCGGTAAAGACAGGCT-1",0
"TCGGTAAAGCTCAACT-1",1
"TCGGTAACAAGCTGAG-1",0
"TCGGTAACAGGAATGC-1",0
"TCGGTAAGTATATGGA-1",0
"TCGGTAAGTCTAGTCA-1",2
"TCGGTAATCCCGGATG-1",2
"TCGTACCAGCAGGCTA-1",1
"TCGTACCAGTTTCCTT-1",0
"TCGTACCGTTTGCATG-1",0
"TCGTACCTCGGGAGTA-1",1
"TCGTAGAAGCTAACTC-1",2
"TCGTAGAAGGCGACAT-1",2
"TCGTAGAAGGGAACGG-1",0
"TCGTAGAAGTCCATAC-1",1
"TCGTAGACAATCCAAC-1",0
"TCGTAGACACTCAGGC-1",1
"TCGTAGAGTATGAATG-1",0
"TCGTAGAGTGAGCGAT-1",3
"TCGTAGAGTGTGTGCC-1",2
"TCGTAGAGTTCAACCA-1",2
"TCGTAGAGTTCCATGA-1",4
"TCGTAGATCCAAGCCG-1",3
"TCGTAGATCTTAGCCC-1",1
"TCTATTGAGCGATTCT-1",0
"TCTATTGAGTGCCATT-1",2
"TCTATTGCACATCTTT-1",1
"TCTATTGGTAAGTGTA-1",1
"TCTATTGGTCCAACTA-1",3
"TCTATTGGTCTGCCAG-1",0
"TCTATTGGTTGCTCCT-1",1
"TCTATTGTCGGCGCTA-1",1
"TCTCATAAGCTAAACA-1",0
"TCTCATAAGCTAGTCT-1",0
"TCTCATAAGTGCCATT-1",1
"TCTCATAGTACCGGCT-1",0
"TCTCATAGTGTAAGTA-1",2
"TCTCATATCAAGCCTA-1",0
"TCTCATATCACCTTAT-1",1
"TCTCATATCCTGTACC-1",1
"TCTCTAAAGACCGGAT-1",2
"TCTCTAAAGGGTGTTG-1",2
"TCTCTAACAGCCTATA-1",2
"TCTCTAAGTCCAGTAT-1",1
"TCTCTAAGTCCATGAT-1",1
"TCTCTAAGTCTCATCC-1",0
"TCTCTAAGTGGAAAGA-1",3
"TCTCTAATCAAACCAC-1",0
"TCTCTAATCAACGCTA-1",0
"TCTCTAATCACAGGCC-1",4
"TCTCTAATCACATACG-1",0
"TCTCTAATCCGTAGGC-1",1
"TCTCTAATCGTATCAG-1",3
"TCTGAGACAAACCTAC-1",3
"TCTGAGACACGGATAG-1",2
"TCTGAGACAGAGTGTG-1",0
"TCTGAGAGTAAGGGAA-1",0
"TCTGAGATCCTTGACC-1",0
"TCTGAGATCTATCCTA-1",0
"TCTGGAAAGCGATGAC-1",1
"TCTGGAAAGCTAGTTC-1",3
"TCTGGAAAGCTCTCGG-1",1
"TCTGGAAAGGAGCGAG-1",0
"TCTGGAACACAAGACG-1",2
"TCTGGAACACACTGCG-1",0
"TCTGGAACACTTCTGC-1",1
"TCTGGAAGTGAGTATA-1",0
"TCTGGAATCTGTCTAT-1",0
"TCTTCGGAGGTTCCTA-1",0
"TCTTCGGAGTTCGATC-1",0
"TCTTCGGCAAAGCAAT-1",0
"TCTTCGGCAAAGGTGC-1",2
"TCTTCGGCAATAGCAA-1",1
"TCTTCGGCAATGTAAG-1",1
"TCTTCGGCACACCGAC-1",0
"TCTTCGGCAGCCAATT-1",0
"TCTTCGGGTCATTAGC-1",2
"TCTTCGGTCGTAGGTT-1",0
"TCTTCGGTCTCTAAGG-1",2
"TCTTTCCAGAGAGCTC-1",0
"TCTTTCCAGTCATCCA-1",0
"TCTTTCCCATCTCCCA-1",1
"TCTTTCCGTAATCACC-1",4
"TCTTTCCGTAGTACCT-1",1
"TCTTTCCTCACAACGT-1",0
"TCTTTCCTCAGCTGGC-1",0
"TCTTTCCTCCAAGTAC-1",0
"TCTTTCCTCCTCGCAT-1",0
"TGAAAGAAGCTAAGAT-1",4
"TGAAAGACAAGCCGTC-1",0
"TGAAAGACACATTCGA-1",1
"TGAAAGACATGAGCGA-1",1
"TGAAAGAGTCTAGCGC-1",0
"TGAAAGAGTCTCATCC-1",0
"TGAAAGATCCCGACTT-1",0
"TGAAAGATCTATGTGG-1",0
"TGACAACCAAGCGAGT-1",0
"TGACAACGTAGGGACT-1",3
"TGACAACGTGCGCTTG-1",2
"TGACAACGTGGTTTCA-1",0
"TGACAACTCACAAACC-1",1
"TGACAACTCCACGTGG-1",0
"TGACAACTCGAATGCT-1",1
"TGACGGCAGCGCCTCA-1",2
"TGACGGCAGGCTCAGA-1",1
"TGACGGCAGTCAAGCG-1",0
"TGACGGCCACAGACTT-1",1
"TGACGGCGTCATCCCT-1",0
"TGACGGCTCAGGCGAA-1",1
"TGACGGCTCCACTGGG-1",1
"TGACTAGAGACCCACC-1",1
"TGACTAGAGGGCATGT-1",2
"TGACTAGAGTCTCAAC-1",0
"TGACTAGAGTTGAGAT-1",0
"TGACTAGCAGCATACT-1",0
"TGACTAGCAGTCAGAG-1",1
"TGACTAGCATTTCACT-1",0
"TGACTAGGTAAATACG-1",4
"TGACTAGGTGAAAGAG-1",0
"TGACTAGGTGCAGTAG-1",1
"TGACTAGTCATGCATG-1",0
"TGACTAGTCCATGCTC-1",1
"TGACTAGTCTGTTGAG-1",1
"TGACTTTAGAACAATC-1",2
"TGACTTTAGTCTCGGC-1",0
"TGACTTTAGTTAGGTA-1",0
"TGACTTTCAGTCCTTC-1",2
"TGACTTTCATTATCTC-1",1
"TGACTTTGTCACACGC-1",1
"TGACTTTTCCTCAATT-1",1
"TGACTTTTCTGCCCTA-1",3
"TGAGAGGAGGCTCATT-1",1
"TGAGAGGCAAAGTCAA-1",1
"TGAGAGGCAAGCCATT-1",1
"TGAGAGGCACCATGTA-1",0
"TGAGAGGGTCACTGGC-1",1
"TGAGAGGGTCTAAACC-1",0
"TGAGAGGTCGAACTGT-1",3
"TGAGAGGTCGCGTTTC-1",1
"TGAGAGGTCTGACCTC-1",2
"TGAGCATAGAAACGAG-1",0
"TGAGCATAGAAGCCCA-1",1
"TGAGCATAGATGTCGG-1",0
"TGAGCATAGGAATGGA-1",1
"TGAGCATCACCAGGCT-1",1
"TGAGCATCAGATGAGC-1",1
"TGAGCATCAGCGTAAG-1",1
"TGAGCATCAGCTGTAT-1",0
"TGAGCATGTGGCCCTA-1",0
"TGAGCATTCCACGTTC-1",3
"TGAGCATTCCGATATG-1",1
"TGAGCATTCGGCCGAT-1",0
"TGAGCCGCATCGGGTC-1",2
"TGAGCCGGTCGAACAG-1",1
"TGAGCCGGTGTAATGA-1",0
"TGAGCCGGTTGATTCG-1",2
"TGAGCCGTCATCTGCC-1",2
"TGAGCCGTCGTCACGG-1",2
"TGAGCCGTCTTGAGGT-1",2
"TGAGGGAAGAGACTAT-1",0
"TGAGGGAAGGAGTACC-1",6
"TGAGGGAAGTCATCCA-1",0
"TGAGGGAAGTCATGCT-1",1
"TGAGGGACACCAGTTA-1",0
"TGAGGGACATAAGACA-1",0
"TGAGGGAGTAAACGCG-1",1
"TGAGGGAGTTAGGGTG-1",1
"TGAGGGATCAACGGGA-1",1
"TGAGGGATCTAGCACA-1",0
"TGAGGGATCTCTTATG-1",0
"TGATTTCCATCCGGGT-1",1
"TGATTTCGTAGGCATG-1",1
"TGATTTCGTTAAGACA-1",1
"TGATTTCTCTGATTCT-1",1
"TGCACCTAGACCTTTG-1",0
"TGCACCTAGGACGAAA-1",1
"TGCACCTCAAGTTGTC-1",0
"TGCACCTCAATAGAGT-1",2
"TGCACCTCATCCGGGT-1",1
"TGCACCTGTAATCACC-1",1
"TGCACCTGTCACACGC-1",0
"TGCACCTTCACGGTTA-1",2
"TGCACCTTCATCGGAT-1",0
"TGCACCTTCCGCGGTA-1",1
"TGCACCTTCGAACTGT-1",2
"TGCACCTTCTCTTGAT-1",5
"TGCCAAACAATGTAAG-1",0
"TGCCAAACAATTCCTT-1",3
"TGCCAAAGTTCGCGAC-1",0
"TGCCAAATCCAAACTG-1",2
"TGCCAAATCCCTGACT-1",1
"TGCCAAATCGGCGGTT-1",1
"TGCCCATAGACTAGGC-1",3
"TGCCCATAGCGTCAAG-1",0
"TGCCCATAGCGTGAAC-1",2
"TGCCCATAGCTGTTCA-1",0
"TGCCCATAGGATGGAA-1",0
"TGCCCATAGTACGCCC-1",1
"TGCCCATAGTTGAGTA-1",3
"TGCCCATCACCAGGTC-1",1
"TGCCCATCACGAAATA-1",1
"TGCCCATCAGGACGTA-1",1
"TGCCCATCATGGAATA-1",0
"TGCCCATCATGGATGG-1",1
"TGCCCATGTAGCCTCG-1",1
"TGCCCATTCAAACCGT-1",1
"TGCCCATTCAGGCCCA-1",5
"TGCCCATTCCTTCAAT-1",1
"TGCCCATTCGGAAATA-1",1
"TGCCCTAAGGTCGGAT-1",0
"TGCCCTAAGGTTCCTA-1",4
"TGCCCTACACCACCAG-1",0
"TGCCCTACAGCCACCA-1",3
"TGCCCTACAGTGAGTG-1",0
"TGCCCTAGTCCGAGTC-1",1
"TGCCCTAGTGGTTTCA-1",0
"TGCCCTAGTTTCGCTC-1",0
"TGCCCTATCGACGGAA-1",3
"TGCCCTATCTTCGGTC-1",0
"TGCGCAGAGACTAGGC-1",2
"TGCGCAGAGCACACAG-1",2
"TGCGCAGAGCGTCTAT-1",2
"TGCGCAGAGGAGCGAG-1",2
"TGCGCAGCAAACGTGG-1",6
"TGCGCAGCAGCTCGCA-1",1
"TGCGCAGCAGTAGAGC-1",1
"TGCGCAGTCCTACAGA-1",2
"TGCGGGTAGAGACTTA-1",1
"TGCGGGTAGATCGATA-1",2
"TGCGGGTAGCTCTCGG-1",0
"TGCGGGTAGGTGTGGT-1",1
"TGCGGGTAGTACTTGC-1",0
"TGCGGGTCAATGGAAT-1",0
"TGCGGGTCACACGCTG-1",0
"TGCGGGTCATTGGGCC-1",0
"TGCGGGTGTAGAAAGG-1",1
"TGCGGGTGTCACCTAA-1",1
"TGCGGGTGTCAGATAA-1",1
"TGCGGGTGTTAGAACA-1",0
"TGCGGGTTCAGTTCGA-1",1
"TGCGGGTTCGTAGATC-1",0
"TGCGGGTTCTCTTGAT-1",0
"TGCGTGGAGACGCAAC-1",0
"TGCGTGGAGACTGGGT-1",1
"TGCGTGGAGTGAACGC-1",2
"TGCGTGGCAATTCCTT-1",5
"TGCGTGGGTGCACCAC-1",0
"TGCGTGGTCCGCGCAA-1",2
"TGCGTGGTCGCCCTTA-1",0
"TGCGTGGTCTGGCGAC-1",1
"TGCTACCAGAAAGTGG-1",1
"TGCTACCAGATGGCGT-1",1
"TGCTACCAGCAAATCA-1",0
"TGCTACCAGTCCGTAT-1",1
"TGCTACCCAAGAGGCT-1",1
"TGCTACCCACTTAACG-1",0
"TGCTACCCATCGTCGG-1",3
"TGCTACCCATGGTTGT-1",1
"TGCTACCGTGTGACGA-1",2
"TGCTACCTCCTCGCAT-1",0
"TGCTACCTCTTCTGGC-1",2
"TGCTGCTAGACTAAGT-1",0
"TGCTGCTAGGTGATAT-1",1
"TGCTGCTCAATAGAGT-1",0
"TGCTGCTCACAGACAG-1",2
"TGCTGCTCATCCCATC-1",0
"TGCTGCTCATGGTTGT-1",3
"TGCTGCTGTCATACTG-1",0
"TGCTGCTGTGAAGGCT-1",0
"TGCTGCTTCATTGCGA-1",1
"TGGACGCAGAGGTACC-1",1
"TGGACGCAGTCAAGGC-1",0
"TGGACGCCACAGAGGT-1",2
"TGGACGCCATGGTAGG-1",0
"TGGACGCGTCCGAACC-1",0
"TGGACGCGTCTCCCTA-1",0
"TGGCCAGAGAAGGTGA-1",2
"TGGCCAGAGAGTACAT-1",0
"TGGCCAGAGGCGATAC-1",4
"TGGCCAGAGGCGTACA-1",0
"TGGCCAGCAACTGCGC-1",1
"TGGCCAGCACGACTCG-1",3
"TGGCCAGGTCAATACC-1",3
"TGGCCAGTCGTAGATC-1",0
"TGGCCAGTCTATCCCG-1",0
"TGGCGCAAGCTACCTA-1",0
"TGGCGCAAGCTATGCT-1",0
"TGGCGCAAGTGTGGCA-1",0
"TGGCGCAAGTTACCCA-1",2
"TGGCGCACACAGGCCT-1",4
"TGGCGCACACGGATAG-1",0
"TGGCGCACAGCGATCC-1",1
"TGGCGCACATAGGATA-1",0
"TGGCGCACATATACGC-1",0
"TGGCGCAGTACTCTCC-1",0
"TGGCGCAGTGGACGAT-1",5
"TGGCGCAGTTATGTGC-1",1
"TGGCGCATCAAGAAGT-1",0
"TGGCGCATCATGCTCC-1",0
"TGGCGCATCATGTGGT-1",1
"TGGCGCATCATTATCC-1",0
"TGGCGCATCGTGGTCG-1",2
"TGGCTGGAGCGGATCA-1",3
"TGGCTGGAGTGCAAGC-1",0
"TGGCTGGCAAGTTAAG-1",0
"TGGCTGGCACGGATAG-1",1
"TGGCTGGCAGGAACGT-1",0
"TGGCTGGGTCGAGTTT-1",1
"TGGCTGGGTCGGCATC-1",1
"TGGCTGGGTCTAGCCG-1",1
"TGGCTGGGTTACGCGC-1",0
"TGGCTGGGTTGGACCC-1",0
"TGGCTGGTCTCGTTTA-1",1
"TGGGAAGAGATATACG-1",0
"TGGGAAGAGCCCAATT-1",2
"TGGGAAGAGCGCTCCA-1",1
"TGGGAAGAGGGCTTCC-1",1
"TGGGAAGAGTAAGTAC-1",4
"TGGGAAGAGTTAACGA-1",1
"TGGGAAGCAAGGTGTG-1",0
"TGGGAAGCAGATCCAT-1",2
"TGGGAAGCAGCGAACA-1",1
"TGGGAAGGTAAGTTCC-1",0
"TGGGAAGGTTAGATGA-1",1
"TGGGAAGGTTATTCTC-1",0
"TGGGAAGTCCCAAGAT-1",1
"TGGGAAGTCCTTCAAT-1",2
"TGGGAAGTCGTGGACC-1",0
"TGGGAAGTCTCCTATA-1",0
"TGGGCGTAGTCTCCTC-1",0
"TGGGCGTCAGACGTAG-1",0
"TGGGCGTCAGGGATTG-1",1
"TGGGCGTGTCCAAGTT-1",1
"TGGGCGTGTCTAGAGG-1",2
"TGGGCGTGTGGCTCCA-1",1
"TGGGCGTGTTTCGCTC-1",0
"TGGGCGTTCAGCTTAG-1",1
"TGGTTAGAGCTACCTA-1",0
"TGGTTAGAGTTAGGTA-1",2
"TGGTTAGGTGATGATA-1",0
"TGGTTAGGTTCACGGC-1",2
"TGGTTAGTCCCGACTT-1",1
"TGGTTAGTCTTGTATC-1",0
"TGGTTCCAGCCGTCGT-1",1
"TGGTTCCAGTAATCCC-1",0
"TGGTTCCCAAGTTGTC-1",2
"TGGTTCCCAGACAAAT-1",1
"TGGTTCCCAGACAGGT-1",0
"TGGTTCCCAGCTCGAC-1",0
"TGGTTCCCATGTCCTC-1",0
"TGGTTCCCATTTCACT-1",1
"TGGTTCCGTCCAAGTT-1",2
"TGGTTCCTCACATACG-1",0
"TGGTTCCTCAGCTTAG-1",1
"TGGTTCCTCTAACTTC-1",2
"TGGTTCCTCTAGAGTC-1",0
"TGGTTCCTCTGGGCCA-1",0
"TGTATTCAGCCCGAAA-1",0
"TGTATTCAGCGATCCC-1",1
"TGTATTCCAGGGCATA-1",0
"TGTATTCGTAAGAGAG-1",0
"TGTATTCGTTTGTTTC-1",3
"TGTATTCTCAGCATGT-1",0
"TGTATTCTCATCTGTT-1",1
"TGTCCCAAGCAGATCG-1",1
"TGTCCCAAGCTAGTTC-1",0
"TGTCCCAAGCTGAACG-1",1
"TGTCCCAAGTTGTCGT-1",1
"TGTCCCACAGTAAGCG-1",2
"TGTCCCACATCACGTA-1",1
"TGTCCCAGTAAGAGGA-1",2
"TGTCCCAGTAAGTGGC-1",0
"TGTCCCAGTCGGATCC-1",1
"TGTCCCAGTCTCTTTA-1",0
"TGTCCCATCATTTGGG-1",0
"TGTCCCATCTGCAAGT-1",0
"TGTCCCATCTGCGTAA-1",2
"TGTGGTAGTCCCGACA-1",2
"TGTGGTAGTGTGAAAT-1",0
"TGTGGTAGTGTGACGA-1",0
"TGTGGTATCCAGGGCT-1",0
"TGTGGTATCTTGCATT-1",2
"TGTGTTTAGAGGTTAT-1",3
"TGTGTTTAGCGTGAGT-1",2
"TGTGTTTAGTGCGTGA-1",0
"TGTGTTTCATGCGCAC-1",2
"TGTGTTTTCTCATTCA-1",0
"TGTGTTTTCTTTCCTC-1",2
"TGTTCCGAGAGCAATT-1",0
"TGTTCCGAGCAACGGT-1",0
"TGTTCCGAGGAATTAC-1",1
"TGTTCCGAGGACTGGT-1",0
"TGTTCCGCAGTGAGTG-1",1
"TGTTCCGGTGAGTATA-1",1
"TGTTCCGTCAAGCCTA-1",5
"TGTTCCGTCAGTTCGA-1",0
"TGTTCCGTCGGCGGTT-1",0
"TGTTCCGTCTGAAAGA-1",1
"TGTTCCGTCTGGTATG-1",0
"TTAACTCAGTGTACGG-1",2
"TTAACTCCAAGCGCTC-1",0
"TTAACTCCAGGCAGTA-1",2
"TTAACTCGTTCCACAA-1",1
"TTAACTCTCATAAAGG-1",1
"TTAACTCTCCCTCAGT-1",0
"TTAGGACAGCAGGCTA-1",4
"TTAGGACAGCTCTCGG-1",1
"TTAGGACCAAGCCATT-1",0
"TTAGGACCAGTCAGAG-1",0
"TTAGGACGTTTGTTTC-1",1
"TTAGGCAAGAAGATTC-1",3
"TTAGGCAAGAGCCCAA-1",1
"TTAGGCAAGAGTGACC-1",0
"TTAGGCAAGGTTCCTA-1",0
"TTAGGCAAGTCGTTTG-1",0
"TTAGGCAAGTGTACCT-1",0
"TTAGGCACAGACGCTC-1",0
"TTAGGCACATGTTCCC-1",0
"TTAGGCAGTAAGGATT-1",1
"TTAGGCAGTAAGTAGT-1",2
"TTAGGCAGTCTTGATG-1",1
"TTAGGCATCACGCATA-1",0
"TTAGGCATCAGTCAGT-1",0
"TTAGGCATCCAGTATG-1",1
"TTAGGCATCGTTACGA-1",0
"TTAGTTCAGGTGCAAC-1",0
"TTAGTTCCAATGTAAG-1",0
"TTAGTTCCATCCTTGC-1",1
"TTAGTTCGTAGCCTAT-1",0
"TTAGTTCGTGCAGACA-1",1
"TTAGTTCGTGTCAATC-1",2
"TTAGTTCGTTGCCTCT-1",1
"TTAGTTCTCAGGCCCA-1",2
"TTAGTTCTCGCAGGCT-1",1
"TTAGTTCTCTACTATC-1",0
"TTATGCTAGAATGTGT-1",0
"TTATGCTAGCACACAG-1",0
"TTATGCTAGCAGCCTC-1",1
"TTATGCTAGTCCCACG-1",0
"TTATGCTAGTGGTAAT-1",2
"TTATGCTCAGCCAGAA-1",0
"TTATGCTCATACCATG-1",1
"TTATGCTCATGTAGTC-1",0
"TTATGCTGTCCGAGTC-1",0
"TTATGCTTCGATAGAA-1",0
"TTCCCAGAGAATTCCC-1",0
"TTCCCAGAGACTAGAT-1",0
"TTCCCAGAGTATCGAA-1",2
"TTCCCAGCAGATGGGT-1",0
"TTCCCAGCATCAGTAC-1",0
"TTCCCAGCATCTCCCA-1",1
"TTCCCAGCATTACCTT-1",0
"TTCCCAGTCAACACTG-1",0
"TTCCCAGTCGAGAGCA-1",1
"TTCGAAGAGTCTCAAC-1",0
"TTCGAAGCAAGCGCTC-1",0
"TTCGAAGCACATTAGC-1",0
"TTCGAAGCACGGTGTC-1",0
"TTCGGTCAGAGGACGG-1",1
"TTCGGTCAGCACACAG-1",2
"TTCGGTCAGGCCCTCA-1",2
"TTCGGTCAGTGAATTG-1",1
"TTCGGTCAGTTGAGAT-1",8
"TTCGGTCCAAGGGTCA-1",1
"TTCGGTCCACGTCAGC-1",0
"TTCGGTCGTAACGTTC-1",2
"TTCGGTCGTAGAGTGC-1",0
"TTCGGTCGTTCATGGT-1",1
"TTCGGTCGTTCTGTTT-1",0
"TTCGGTCTCAAAGACA-1",0
"TTCGGTCTCCAGTATG-1",0
"TTCGGTCTCGCGTTTC-1",2
"TTCGGTCTCGTCTGAA-1",1
"TTCTACAAGACTAAGT-1",5
"TTCTACAAGCAGCCTC-1",0
"TTCTACAAGCCTTGAT-1",1
"TTCTACAAGGCAGGTT-1",2
"TTCTACAAGGTAAACT-1",0
"TTCTACAAGTTAGGTA-1",2
"TTCTACACACGTGAGA-1",0
"TTCTACACAGCTGTTA-1",0
"TTCTACACATCGATTG-1",2
"TTCTACACATTACGAC-1",0
"TTCTACAGTACCGTTA-1",2
"TTCTACAGTATATGAG-1",2
"TTCTACAGTGGCTCCA-1",1
"TTCTACATCAACGGGA-1",0
"TTCTACATCCGCGTTT-1",0
"TTCTCAAAGAAAGTGG-1",1
"TTCTCAAAGAATCTCC-1",4
"TTCTCAAAGAGGTTAT-1",2
"TTCTCAAAGCAGCCTC-1",2
"TTCTCAAAGCCGCCTA-1",2
"TTCTCAAAGTCAATAG-1",2
"TTCTCAAAGTTGAGAT-1",7
"TTCTCAACACCCAGTG-1",2
"TTCTCAACATTGTGCA-1",1
"TTCTCAAGTATAAACG-1",1
"TTCTCAAGTCCCTTGT-1",0
"TTCTCAAGTCGAGATG-1",1
"TTCTCAATCATCGCTC-1",0
"TTCTCAATCCCTAACC-1",1
"TTCTCAATCGTAGGAG-1",1
"TTCTCCTAGAGTAAGG-1",0
"TTCTCCTAGCGACGTA-1",4
"TTCTCCTAGCGTGAGT-1",1
"TTCTCCTAGTCTCGGC-1",0
"TTCTCCTCAACACGCC-1",0
"TTCTCCTCAATAACGA-1",3
"TTCTCCTGTTAAGAAC-1",0
"TTCTCCTTCAGTTCGA-1",1
"TTCTCCTTCCGTAGGC-1",1
"TTCTCCTTCCTTTCTC-1",3
"TTCTCCTTCTGCAAGT-1",2
"TTCTCCTTCTTCAACT-1",0
"TTCTCCTTCTTGTACT-1",0
"TTCTTAGAGGACTGGT-1",1
"TTCTTAGCAAGGTGTG-1",2
"TTCTTAGCATCGGAAG-1",1
"TTCTTAGGTAGAAGGA-1",1
"TTCTTAGGTCATATGC-1",0
"TTCTTAGTCAGTTCGA-1",0
"TTGAACGGTCACTTCC-1",1
"TTGAACGTCATGTCCC-1",3
"TTGACTTAGCCACGTC-1",1
"TTGACTTAGCGACGTA-1",1
"TTGACTTAGTTAACGA-1",0
"TTGACTTCACTTACGA-1",0
"TTGACTTGTCTCTCTG-1",0
"TTGACTTGTGCGATAG-1",1
"TTGACTTTCCAGAGGA-1",2
"TTGACTTTCTGTCCGT-1",0
"TTGCCGTAGGAGCGTT-1",0
"TTGCCGTAGGTGGGTT-1",0
"TTGCCGTCATGGTCAT-1",1
"TTGCCGTGTACAGACG-1",0
"TTGCGTCAGACAGAGA-1",0
"TTGCGTCAGCTCCTTC-1",0
"TTGCGTCAGTCCATAC-1",0
"TTGCGTCAGTGAATTG-1",0
"TTGCGTCCAAATTGCC-1",0
"TTGCGTCCACTGTGTA-1",1
"TTGCGTCCAGTCACTA-1",3
"TTGCGTCGTCTGATTG-1",1
"TTGGAACAGCCCAATT-1",0
"TTGGAACAGCGTCTAT-1",2
"TTGGAACAGGCGTACA-1",0
"TTGGAACGTATTACCG-1",1
"TTGGAACGTGTGTGCC-1",2
"TTGGAACTCCCATTAT-1",0
"TTGGAACTCCGTAGTA-1",0
"TTGGAACTCGTCCAGG-1",1
"TTGGCAAAGTTAGGTA-1",0
"TTGGCAAGTATAGGTA-1",2
"TTGGCAATCACATGCA-1",1
"TTGGCAATCAGAGCTT-1",0
"TTGGCAATCGCATGAT-1",0
"TTGGCAATCTAGAGTC-1",1
"TTGTAGGAGGTGCTAG-1",1
"TTGTAGGCACACGCTG-1",0
"TTGTAGGGTCTCCCTA-1",0
"TTGTAGGGTGGTAACG-1",1
"TTGTAGGTCGGCGCTA-1",1
"TTGTAGGTCTGCCAGG-1",0
"TTTACTGAGATCACGG-1",2
"TTTACTGCAAAGCAAT-1",0
"TTTACTGCACATGGGA-1",3
"TTTACTGCACCACGTG-1",0
"TTTACTGCATGGGACA-1",1
"TTTACTGCATGTCCTC-1",2
"TTTACTGGTAACGTTC-1",1
"TTTACTGGTGGTGTAG-1",0
"TTTACTGGTTCGCTAA-1",1
"TTTACTGTCTGGAGCC-1",0
"TTTATGCAGACTGTAA-1",1
"TTTATGCAGATGCGAC-1",1
"TTTATGCAGGCAAAGA-1",2
"TTTATGCAGGCCCGTT-1",0
"TTTATGCAGTTCCACA-1",1
"TTTATGCCAAACGCGA-1",0
"TTTATGCCAATCTGCA-1",2
"TTTATGCCACAGGTTT-1",1
"TTTATGCCAGCCAATT-1",0
"TTTATGCCAGGTCGTC-1",1
"TTTATGCCATGGTCAT-1",0
"TTTATGCTCACATAGC-1",0
"TTTATGCTCACCTTAT-1",1
"TTTATGCTCGGCGGTT-1",0
"TTTATGCTCTCGCTTG-1",2
"TTTCCTCAGCGTGAAC-1",2
"TTTCCTCAGGACTGGT-1",0
"TTTCCTCCAAAGTGCG-1",0
"TTTCCTCCAGGAATGC-1",0
"TTTCCTCCATTAGCCA-1",1
"TTTCCTCGTCCGAAGA-1",3
"TTTCCTCGTCGCTTTC-1",1
"TTTCCTCTCGGCCGAT-1",3
"TTTCCTCTCGTGTAGT-1",1
"TTTGCGCAGCTAAACA-1",0
"TTTGCGCAGCTAGTCT-1",1
"TTTGCGCAGGCCGAAT-1",1
"TTTGCGCAGTCAAGGC-1",1
"TTTGCGCCAAGTAGTA-1",1
"TTTGCGCCAGGTGCCT-1",1
"TTTGCGCGTCTAAACC-1",0
"TTTGCGCTCAAAGTAG-1",1
"TTTGCGCTCATGTAGC-1",1
"TTTGGTTAGAATGTGT-1",1
"TTTGGTTAGACAATAC-1",4
"TTTGGTTAGCGATTCT-1",4
"TTTGGTTAGGCTCAGA-1",0
"TTTGGTTAGTTACCCA-1",1
"TTTGGTTCAAACTGCT-1",2
"TTTGGTTCAAGCTGTT-1",0
"TTTGGTTCAGATCGGA-1",1
"TTTGGTTCATCACAAC-1",2
"TTTGGTTGTACTTCTT-1",0
"TTTGGTTGTATGCTTG-1",1
"TTTGGTTGTGCTTCTC-1",0
"TTTGGTTTCATGCTCC-1",2
"TTTGGTTTCCCTGACT-1",2
"TTTGTCAAGAGTCGGT-1",0
"TTTGTCACAAGTTCTG-1",1
"TTTGTCACAAGTTGTC-1",0
"TTTGTCACACTCTGTC-1",0
"TTTGTCATCACCTTAT-1",0
"TTTGTCATCCATTCTA-1",1
"TTTGTCATCCTTAATC-1",0
"TTTGTCATCTTATCTG-1",1
