"cell_barcode","expression"
"AAACCTGAGACAGAGA-1",11
"AAACCTGAGACTTTCG-1",9
"AAACCTGAGAGTAAGG-1",9
"AAACCTGAGAGTCGGT-1",6
"AAACCTGAGGATGGAA-1",5
"AAACCTGAGTAGATGT-1",12
"AAACCTGCAATCAGAA-1",3
"AAACCTGCACCGATAT-1",7
"AAACCTGCAGACGTAG-1",16
"AAACCTGCAGTATCTG-1",10
"AAACCTGCATAGTAAG-1",12
"AAACCTGCATGAACCT-1",6
"AAACCTGGTAAGAGGA-1",12
"AAACCTGGTCCAACTA-1",11
"AAACCTGTCCGTAGTA-1",7
"AAACCTGTCGAGAGCA-1",13
"AAACGGGAGTACGACG-1",5
"AAACGGGCAAGGTTTC-1",16
"AAACGGGCACGTCAGC-1",6
"AAACGGGCAGCGTTCG-1",12
"AAACGGGGTAGCCTCG-1",6
"AAACGGGGTCTACCTC-1",6
"AAACGGGGTGCGGTAA-1",9
"AAACGGGGTTGTCGCG-1",6
"AAACGGGTCCATGAGT-1",0
"AAACGGGTCCCAACGG-1",8
"AAACGGGTCCCATTAT-1",8
"AAAGATGCAGTCAGCC-1",3
"AAAGATGCATCTACGA-1",0
"AAAGCAAAGCGTCTAT-1",6
"AAAGCAACATGTCGAT-1",11
"AAAGCAAGTAGCTGCC-1",11
"AAAGCAAGTAGGCATG-1",6
"AAAGCAAGTGCGCTTG-1",6
"AAAGCAAGTTATTCTC-1",7
"AAAGCAATCCGTAGTA-1",17
"AAAGTAGAGATGTGTA-1",11
"AAAGTAGAGTGGGCTA-1",10
"AAAGTAGGTATATGGA-1",12
"AAAGTAGGTGAGCGAT-1",9
"AAAGTAGGTTGAGGTG-1",12
"AAATGCCAGCCCTAAT-1",8
"AAATGCCAGCGTGTCC-1",8
"AAATGCCCAACACCTA-1",9
"AAATGCCGTAGGAGTC-1",12
"AAATGCCGTCTTTCAT-1",0
"AAATGCCGTGGTCCGT-1",10
"AAATGCCGTTCCCGAG-1",6
"AAATGCCTCATAGCAC-1",15
"AAATGCCTCGCTTAGA-1",11
"AACACGTAGAATTCCC-1",8
"AACACGTAGCCCTAAT-1",11
"AACACGTAGGGTGTGT-1",8
"AACACGTCACTGTCGG-1",3
"AACACGTCATCCCATC-1",13
"AACACGTGTGCAACGA-1",3
"AACACGTGTGTCGCTG-1",5
"AACCATGAGCGCTTAT-1",6
"AACCATGGTCCGTTAA-1",5
"AACCATGTCAGTTCGA-1",6
"AACCATGTCATCGATG-1",9
"AACCATGTCCCAAGTA-1",8
"AACCGCGAGAAGCCCA-1",10
"AACCGCGAGACTGGGT-1",9
"AACCGCGAGAGGTACC-1",6
"AACCGCGAGTTAGGTA-1",13
"AACCGCGAGTTGCAGG-1",5
"AACCGCGCACGGTAGA-1",16
"AACCGCGCAGCATGAG-1",1
"AACCGCGCAGCCTGTG-1",4
"AACCGCGCAGCTGTGC-1",14
"AACCGCGCAGTATGCT-1",14
"AACCGCGGTACTTGAC-1",12
"AACCGCGGTCTGCAAT-1",11
"AACCGCGTCACATGCA-1",6
"AACCGCGTCACCGTAA-1",8
"AACCGCGTCCAGAGGA-1",3
"AACCGCGTCCGAAGAG-1",8
"AACCGCGTCGATCCCT-1",1
"AACGTTGAGCGATAGC-1",7
"AACGTTGAGCGATCCC-1",5
"AACGTTGAGCTTATCG-1",10
"AACGTTGCAAGTTGTC-1",12
"AACGTTGCAATAGAGT-1",13
"AACGTTGCAATGGATA-1",7
"AACGTTGCATGGATGG-1",7
"AACGTTGCATTCTCAT-1",9
"AACGTTGTCAACACGT-1",20
"AACGTTGTCGAGGTAG-1",6
"AACGTTGTCGGTCCGA-1",13
"AACTCAGAGAGCTATA-1",0
"AACTCAGAGAGTCGGT-1",10
"AACTCAGAGCCACCTG-1",0
"AACTCAGAGCCCAATT-1",0
"AACTCAGCAAACAACA-1",2
"AACTCAGCACAAGCCC-1",2
"AACTCAGCACGGTTTA-1",7
"AACTCAGCAGGATCGA-1",10
"AACTCAGCATAAAGGT-1",10
"AACTCAGGTTCCACAA-1",20
"AACTCAGTCGTACCGG-1",1
"AACTCCCAGCCCAGCT-1",8
"AACTCCCAGCTAAGAT-1",17
"AACTCCCCAAACGCGA-1",4
"AACTCCCCATGGTCTA-1",9
"AACTCCCGTTGCGCAC-1",13
"AACTCCCTCAAGAAGT-1",20
"AACTCCCTCAAGCCTA-1",7
"AACTCCCTCATCGCTC-1",6
"AACTCCCTCTGCAGTA-1",13
"AACTCCCTCTGGCGTG-1",12
"AACTCTTAGCAGACTG-1",10
"AACTCTTAGTCCGGTC-1",6
"AACTCTTCATGCTAGT-1",7
"AACTCTTGTCGAATCT-1",5
"AACTCTTGTCGGGTCT-1",13
"AACTCTTTCCTCAATT-1",5
"AACTCTTTCTCAAACG-1",12
"AACTCTTTCTCCAGGG-1",10
"AACTCTTTCTCTGCTG-1",9
"AACTGGTAGAAGATTC-1",3
"AACTGGTAGAGACTAT-1",12
"AACTGGTAGCCAACAG-1",9
"AACTGGTAGTGTACTC-1",8
"AACTGGTCACTGAAGG-1",12
"AACTGGTGTCCGAACC-1",6
"AACTGGTTCGGAGCAA-1",7
"AACTGGTTCGTGGGAA-1",7
"AACTGGTTCTGCTTGC-1",6
"AACTTTCAGCGTGAAC-1",5
"AACTTTCAGTATCTCG-1",7
"AACTTTCAGTTTCCTT-1",7
"AACTTTCCATCCTTGC-1",8
"AACTTTCGTCTAGAGG-1",7
"AACTTTCGTCTCTTTA-1",0
"AACTTTCGTTTGTTTC-1",1
"AAGACCTAGGGCTTCC-1",6
"AAGACCTAGTACACCT-1",14
"AAGACCTGTATATGAG-1",5
"AAGACCTGTATCAGTC-1",12
"AAGACCTGTCCGTGAC-1",13
"AAGACCTGTCGAAAGC-1",7
"AAGACCTTCGCCATAA-1",5
"AAGCCGCAGATCTGAA-1",7
"AAGCCGCAGGGTGTTG-1",8
"AAGCCGCAGTGGACGT-1",9
"AAGCCGCAGTGTACTC-1",11
"AAGCCGCCACGCTTTC-1",0
"AAGCCGCCAGGACGTA-1",10
"AAGCCGCGTACAGTTC-1",14
"AAGCCGCGTCATTAGC-1",5
"AAGCCGCTCACGAAGG-1",13
"AAGCCGCTCAGTTAGC-1",0
"AAGCCGCTCGCAAACT-1",8
"AAGCCGCTCGTCGTTC-1",11
"AAGCCGCTCTTACCGC-1",7
"AAGGAGCAGAAACCGC-1",10
"AAGGAGCAGGCATGTG-1",7
"AAGGAGCAGGCGCTCT-1",14
"AAGGAGCAGTTGAGTA-1",17
"AAGGAGCCACGGCGTT-1",6
"AAGGAGCGTAGCGCAA-1",6
"AAGGAGCGTCTGCAAT-1",9
"AAGGAGCTCGTCTGCT-1",14
"AAGGCAGAGAACTGTA-1",15
"AAGGCAGAGAGATGAG-1",4
"AAGGCAGAGGTGATAT-1",11
"AAGGCAGCATAGTAAG-1",8
"AAGGCAGGTACTTCTT-1",0
"AAGGCAGGTGTGCCTG-1",8
"AAGGCAGTCAGATAAG-1",0
"AAGGCAGTCGGAATCT-1",9
"AAGGTTCAGTATCTCG-1",7
"AAGGTTCCATCACGTA-1",15
"AAGGTTCGTATATGGA-1",9
"AAGGTTCGTCCGAATT-1",15
"AAGGTTCGTCGACTAT-1",12
"AAGGTTCGTGTGACCC-1",10
"AAGGTTCTCCGTCATC-1",6
"AAGGTTCTCCTCGCAT-1",12
"AAGGTTCTCTGCGGCA-1",13
"AAGTCTGAGCCATCGC-1",0
"AAGTCTGAGTCAAGCG-1",10
"AAGTCTGCAAAGGAAG-1",12
"AAGTCTGGTCAGCTAT-1",10
"AAGTCTGTCAAACAAG-1",8
"AAGTCTGTCACTGGGC-1",15
"AAGTCTGTCAGCAACT-1",16
"AATCCAGCAAAGTGCG-1",5
"AATCCAGCAGCATACT-1",6
"AATCCAGGTAGGCATG-1",1
"AATCCAGGTCTCCCTA-1",9
"AATCCAGTCCGAATGT-1",17
"AATCGGTAGGCATGGT-1",12
"AATCGGTTCCTGTACC-1",12
"AATCGGTTCGCCGTGA-1",12
"ACACCAAAGATGAGAG-1",4
"ACACCAAAGCCCTAAT-1",4
"ACACCAAAGGATGGTC-1",7
"ACACCAAAGTGTCCAT-1",10
"ACACCAACACTTCGAA-1",7
"ACACCAACAGACGCTC-1",7
"ACACCAACAGCCTATA-1",5
"ACACCAAGTCGCGTGT-1",13
"ACACCAAGTCTAAACC-1",9
"ACACCAAGTTATGTGC-1",8
"ACACCAATCGCGTTTC-1",2
"ACACCCTAGCCAGGAT-1",9
"ACACCCTAGTACTTGC-1",6
"ACACCCTCAAGCGCTC-1",6
"ACACCCTCATCACAAC-1",14
"ACACCCTCATGCCCGA-1",6
"ACACCCTGTCTGGTCG-1",6
"ACACCCTTCCGCAAGC-1",11
"ACACCCTTCCTTGCCA-1",11
"ACACCCTTCTATCCTA-1",4
"ACACCCTTCTGGCGTG-1",11
"ACACCGGAGGCTCAGA-1",13
"ACACCGGAGTGACATA-1",9
"ACACCGGAGTTACCCA-1",6
"ACACCGGCAAGCCGTC-1",2
"ACACCGGCACCAGATT-1",21
"ACACCGGCACCGAAAG-1",5
"ACACCGGCATCACAAC-1",12
"ACACCGGTCCGCATAA-1",7
"ACACCGGTCTCGGACG-1",8
"ACACCGGTCTCTGTCG-1",13
"ACACTGAAGCACGCCT-1",14
"ACACTGAAGGTGATTA-1",12
"ACACTGACAATAGAGT-1",4
"ACACTGACAGACTCGC-1",8
"ACACTGACATCCAACA-1",9
"ACACTGAGTCCGAAGA-1",9
"ACACTGAGTGTTTGTG-1",11
"ACACTGAGTTTGACTG-1",7
"ACAGCCGAGGAATGGA-1",9
"ACAGCCGAGGCCCGTT-1",8
"ACAGCCGAGGTGCTTT-1",13
"ACAGCCGAGTGGTAGC-1",7
"ACAGCCGCATATACGC-1",7
"ACAGCCGCATGCAACT-1",1
"ACAGCCGGTAGGGTAC-1",6
"ACAGCCGGTCGAATCT-1",7
"ACAGCCGGTTCACCTC-1",0
"ACAGCCGGTTCCACTC-1",4
"ACAGCCGTCCAGAAGG-1",5
"ACAGCCGTCTTTACAC-1",12
"ACAGCTAAGCACCGCT-1",13
"ACAGCTAAGTATCTCG-1",10
"ACAGCTAAGTGTTGAA-1",7
"ACAGCTACATCGTCGG-1",13
"ACAGCTAGTCGACTAT-1",8
"ACAGCTAGTGGTACAG-1",15
"ACAGCTATCACCACCT-1",8
"ACAGCTATCTGCTTGC-1",16
"ACATACGAGAGCTTCT-1",11
"ACATACGAGCGTAGTG-1",0
"ACATACGAGCTTCGCG-1",7
"ACATACGAGCTTTGGT-1",6
"ACATACGCAAACGTGG-1",8
"ACATACGCAAGCCTAT-1",8
"ACATACGCATCTCCCA-1",7
"ACATACGCATTCTCAT-1",0
"ACATACGGTAGGAGTC-1",8
"ACATACGGTGCACCAC-1",7
"ACATACGGTGGTTTCA-1",6
"ACATACGTCGTATCAG-1",11
"ACATCAGAGCCACTAT-1",0
"ACATCAGAGCCTTGAT-1",4
"ACATCAGCAACACCCG-1",11
"ACATCAGCAACGATGG-1",12
"ACATCAGCAATTGCTG-1",6
"ACATCAGCACCGGAAA-1",0
"ACATCAGCATAAAGGT-1",9
"ACATCAGCATCCCACT-1",6
"ACATCAGCATTTGCCC-1",33
"ACATCAGGTAAGGATT-1",12
"ACATCAGGTCCGTGAC-1",14
"ACATCAGGTTAAGTAG-1",7
"ACATCAGTCAAACCGT-1",13
"ACATGGTAGCATGGCA-1",8
"ACATGGTAGCTGTTCA-1",12
"ACATGGTCACTTGGAT-1",8
"ACATGGTGTCAGATAA-1",11
"ACATGGTGTCTGCGGT-1",8
"ACATGGTGTGCAACTT-1",12
"ACATGGTTCCGCAAGC-1",10
"ACATGGTTCCTCCTAG-1",8
"ACATGGTTCTGGAGCC-1",11
"ACATGGTTCTTCTGGC-1",12
"ACCAGTAAGATCACGG-1",11
"ACCAGTAAGCTTCGCG-1",12
"ACCAGTACACAGATTC-1",7
"ACCAGTACACAGGCCT-1",8
"ACCAGTACAGTATGCT-1",3
"ACCAGTACAGTCAGAG-1",11
"ACCAGTACAGTTTACG-1",8
"ACCAGTAGTCACCCAG-1",7
"ACCAGTAGTCCATCCT-1",7
"ACCAGTAGTCTTCAAG-1",5
"ACCAGTAGTGGACGAT-1",10
"ACCAGTATCTGCGACG-1",10
"ACCAGTATCTGCTTGC-1",11
"ACCAGTATCTGTTTGT-1",9
"ACCCACTAGAGGTTAT-1",6
"ACCCACTAGATCCCGC-1",3
"ACCCACTAGATGTGTA-1",17
"ACCCACTAGCCCAATT-1",12
"ACCCACTCAAGGGTCA-1",12
"ACCCACTCAAGGTTCT-1",9
"ACCCACTGTAAATGAC-1",3
"ACCCACTGTAGCCTCG-1",2
"ACCCACTGTCAAAGAT-1",13
"ACCCACTGTCAATACC-1",6
"ACCCACTGTGTGGTTT-1",9
"ACCCACTTCGCAAACT-1",8
"ACCCACTTCTGCCAGG-1",11
"ACCGTAACAATCGGTT-1",7
"ACCGTAACAATCTACG-1",8
"ACCGTAACAGGTCCAC-1",11
"ACCGTAAGTACAGCAG-1",12
"ACCGTAAGTCATGCAT-1",9
"ACCGTAAGTGAGTGAC-1",5
"ACCGTAAGTTAAGAAC-1",2
"ACCGTAAGTTCCGTCT-1",10
"ACCGTAATCACATAGC-1",12
"ACCGTAATCATGTGGT-1",4
"ACCGTAATCTGAAAGA-1",7
"ACCTTTACAATCGGTT-1",3
"ACCTTTACACGGACAA-1",8
"ACCTTTACAGCAGTTT-1",10
"ACCTTTACATGCAACT-1",4
"ACCTTTACATTTCAGG-1",12
"ACCTTTAGTGAACCTT-1",5
"ACCTTTAGTTCCACTC-1",16
"ACCTTTATCTCTAGGA-1",10
"ACGAGCCAGGCAGGTT-1",0
"ACGAGCCCACAGGCCT-1",14
"ACGAGCCCATGGAATA-1",12
"ACGAGCCGTGCACGAA-1",11
"ACGAGCCGTGTGACCC-1",2
"ACGAGCCGTTGGTTTG-1",0
"ACGAGCCTCAGTCCCT-1",10
"ACGAGCCTCGCAAACT-1",8
"ACGAGGACACTACAGT-1",7
"ACGAGGACATGTAGTC-1",12
"ACGAGGAGTACACCGC-1",10
"ACGAGGAGTGCCTGCA-1",10
"ACGAGGAGTTCTGAAC-1",12
"ACGAGGATCTGCGGCA-1",9
"ACGATACAGAGTGACC-1",3
"ACGATACAGCGCCTTG-1",8
"ACGATACAGTGATCGG-1",8
"ACGATACCACGTTGGC-1",12
"ACGATACCATTGGGCC-1",0
"ACGATACGTCGAATCT-1",4
"ACGATACTCTGACCTC-1",10
"ACGATGTAGTGCGATG-1",0
"ACGATGTAGTTGAGAT-1",15
"ACGATGTCAACGCACC-1",5
"ACGATGTCACACGCTG-1",4
"ACGATGTGTATTCTCT-1",16
"ACGATGTGTCAGTGGA-1",12
"ACGATGTGTGACTACT-1",5
"ACGATGTGTGTCGCTG-1",9
"ACGATGTTCGCGTAGC-1",4
"ACGATGTTCTCTTATG-1",7
"ACGCAGCAGCGGCTTC-1",8
"ACGCAGCAGCTGCGAA-1",10
"ACGCAGCAGTGTACGG-1",12
"ACGCAGCCACCTCGTT-1",6
"ACGCAGCCATCGACGC-1",11
"ACGCAGCCATTACCTT-1",6
"ACGCAGCGTCCATGAT-1",3
"ACGCAGCGTCTACCTC-1",4
"ACGCAGCGTCTGGTCG-1",13
"ACGCAGCGTGCGATAG-1",12
"ACGCCAGCAAAGCAAT-1",4
"ACGCCAGCAACGCACC-1",12
"ACGCCAGCACGAGAGT-1",6
"ACGCCAGCAGTGAGTG-1",3
"ACGCCAGGTGCACTTA-1",10
"ACGCCAGGTGTGCGTC-1",8
"ACGCCAGTCACAGGCC-1",25
"ACGCCAGTCAGTGTTG-1",5
"ACGCCGAAGAAACGCC-1",8
"ACGCCGAAGATCTGCT-1",12
"ACGCCGACAGCCTGTG-1",5
"ACGCCGAGTTCCAACA-1",12
"ACGCCGATCCTATGTT-1",14
"ACGCCGATCGCAGGCT-1",10
"ACGCCGATCTTGTATC-1",14
"ACGGAGAAGCCAGTTT-1",0
"ACGGAGAAGGTCATCT-1",3
"ACGGAGACACACATGT-1",14
"ACGGAGACAGCCTGTG-1",6
"ACGGAGACAGCGTAAG-1",5
"ACGGAGACAGTAAGCG-1",4
"ACGGAGAGTGTGACGA-1",4
"ACGGAGATCCACGAAT-1",6
"ACGGCCACACATCCAA-1",7
"ACGGCCACACATTCGA-1",14
"ACGGCCAGTACCGTAT-1",11
"ACGGCCAGTGTATGGG-1",7
"ACGGCCATCACGGTTA-1",10
"ACGGCCATCAGTGTTG-1",14
"ACGGCCATCTACTATC-1",8
"ACGGGCTAGGATCGCA-1",18
"ACGGGCTAGGTTCCTA-1",6
"ACGGGCTAGTGGCACA-1",4
"ACGGGCTCATCTGGTA-1",6
"ACGGGCTGTGAGGCTA-1",9
"ACGGGCTTCCGAACGC-1",8
"ACGGGTCAGATGCCAG-1",15
"ACGGGTCCATGATCCA-1",0
"ACGGGTCCATTAGGCT-1",10
"ACGGGTCCATTTCACT-1",8
"ACGGGTCGTTAGGGTG-1",8
"ACGGGTCTCAACACCA-1",12
"ACGGGTCTCCACGCAG-1",0
"ACGTCAAAGGGCTTCC-1",0
"ACGTCAAAGTGGTAAT-1",15
"ACGTCAACAACTGCGC-1",7
"ACGTCAACACAAGACG-1",11
"ACGTCAAGTAGCTCCG-1",6
"ACGTCAAGTGTCGCTG-1",16
"ACGTCAAGTTATGCGT-1",7
"ACGTCAATCAACCAAC-1",8
"ACGTCAATCATAACCG-1",14
"ACGTCAATCCAGAAGG-1",7
"ACGTCAATCTAACTCT-1",6
"ACTATCTAGAGGTTAT-1",1
"ACTATCTAGATACACA-1",11
"ACTATCTAGGAGTAGA-1",6
"ACTATCTAGGCATGTG-1",12
"ACTATCTCAAATACAG-1",11
"ACTATCTCAAATTGCC-1",11
"ACTATCTGTAGGGACT-1",3
"ACTATCTGTCGCGTGT-1",7
"ACTATCTGTGCACGAA-1",1
"ACTATCTGTGGTTTCA-1",6
"ACTATCTTCGCCGTGA-1",10
"ACTGAACAGAGTGAGA-1",11
"ACTGAACAGATCCCGC-1",11
"ACTGAACAGGTGATAT-1",10
"ACTGAACCAAAGCGGT-1",8
"ACTGAACCAAGCGAGT-1",1
"ACTGAACCAATTCCTT-1",11
"ACTGAACCAGCTGGCT-1",9
"ACTGAACCAGTCTTCC-1",11
"ACTGAACCATTACCTT-1",5
"ACTGAACGTAAGCACG-1",14
"ACTGAACGTAATCGTC-1",12
"ACTGAACGTCCAGTAT-1",8
"ACTGAACGTCTGATCA-1",6
"ACTGAACTCCCACTTG-1",12
"ACTGAGTAGCCGGTAA-1",8
"ACTGAGTCAGTGGGAT-1",5
"ACTGAGTCATTTGCCC-1",4
"ACTGAGTGTAGAGCTG-1",7
"ACTGAGTGTTGTGGCC-1",16
"ACTGAGTTCAGGTTCA-1",2
"ACTGATGAGACAGACC-1",8
"ACTGATGAGCGGATCA-1",14
"ACTGATGAGGTGCTTT-1",10
"ACTGATGCAGCAGTTT-1",7
"ACTGATGCATCACAAC-1",16
"ACTGATGGTCATGCAT-1",5
"ACTGATGTCACAATGC-1",12
"ACTGATGTCACTCCTG-1",5
"ACTGATGTCCCTGACT-1",10
"ACTGATGTCCGCTGTT-1",3
"ACTGATGTCCGGCACA-1",11
"ACTGATGTCCTATTCA-1",10
"ACTGCTCAGAGCTTCT-1",7
"ACTGCTCAGATGCCTT-1",5
"ACTGCTCCACACCGCA-1",5
"ACTGCTCCAGATGGGT-1",19
"ACTGCTCCATGCCTAA-1",9
"ACTGCTCGTAGGCATG-1",8
"ACTGCTCGTATCACCA-1",0
"ACTGCTCGTCCGAAGA-1",13
"ACTGCTCTCCGAGCCA-1",21
"ACTGTCCAGAGGGCTT-1",7
"ACTGTCCAGCAGCGTA-1",8
"ACTGTCCAGGCATGGT-1",12
"ACTGTCCCAAGGTTTC-1",7
"ACTGTCCCAAGTACCT-1",6
"ACTGTCCCAGTATCTG-1",8
"ACTGTCCCATAGAAAC-1",3
"ACTGTCCGTTGAGGTG-1",10
"ACTGTCCTCCACGTGG-1",7
"ACTGTCCTCCTTGGTC-1",9
"ACTGTCCTCTCTGTCG-1",3
"ACTTACTAGCGATAGC-1",9
"ACTTACTAGGGATGGG-1",15
"ACTTACTCACAGACAG-1",11
"ACTTACTCACATTTCT-1",5
"ACTTACTGTACTCAAC-1",17
"ACTTACTGTTCCACAA-1",8
"ACTTACTTCATCGGAT-1",10
"ACTTGTTAGACAAGCC-1",6
"ACTTGTTAGCTAGCCC-1",0
"ACTTGTTAGTTACCCA-1",11
"ACTTGTTCACGACGAA-1",12
"ACTTGTTCACGGCTAC-1",5
"ACTTGTTGTATCGCAT-1",8
"ACTTGTTGTGGTAACG-1",12
"ACTTGTTGTTGTGGAG-1",12
"ACTTGTTTCATCACCC-1",13
"ACTTTCACATGGTCAT-1",4
"ACTTTCAGTGACTACT-1",10
"ACTTTCATCGCCAGCA-1",9
"AGAATAGAGCTGAACG-1",7
"AGAATAGAGCTGTCTA-1",8
"AGAATAGAGGTAGCTG-1",8
"AGAATAGCATGGTCTA-1",10
"AGAATAGGTAATCGTC-1",3
"AGAATAGGTATTCTCT-1",12
"AGAATAGGTGCGGTAA-1",2
"AGAATAGGTTAAGAAC-1",6
"AGAATAGTCAGGCCCA-1",8
"AGACGTTAGAATGTGT-1",7
"AGACGTTAGCTCCTCT-1",7
"AGACGTTAGTGCCAGA-1",9
"AGACGTTCAGGATCGA-1",10
"AGACGTTGTAGCTGCC-1",6
"AGACGTTGTCTGCAAT-1",6
"AGACGTTGTTCTGTTT-1",14
"AGACGTTTCGCATGGC-1",21
"AGACGTTTCGCTTAGA-1",8
"AGAGCGACAACTTGAC-1",10
"AGAGCGACAAGTACCT-1",6
"AGAGCGACACAACGTT-1",10
"AGAGCGACATGAGCGA-1",3
"AGAGCGAGTCAGTGGA-1",0
"AGAGCGAGTCGACTGC-1",10
"AGAGCGAGTTGAGTTC-1",8
"AGAGCGATCGCGTAGC-1",4
"AGAGCGATCTATCCTA-1",11
"AGAGCGATCTCGCTTG-1",9
"AGAGCTTAGCCGTCGT-1",5
"AGAGCTTAGTACACCT-1",6
"AGAGCTTAGTCATGCT-1",10
"AGAGCTTGTAGAGCTG-1",7
"AGAGCTTGTATCACCA-1",7
"AGAGCTTTCACTATTC-1",22
"AGAGCTTTCCTGCAGG-1",11
"AGAGCTTTCGCAAACT-1",9
"AGAGCTTTCGCTTAGA-1",7
"AGAGTGGAGAGCCTAG-1",7
"AGAGTGGAGGCCCTTG-1",9
"AGAGTGGAGGTACTCT-1",7
"AGAGTGGCACAAGACG-1",4
"AGAGTGGCACCTCGTT-1",7
"AGAGTGGCATCCGGGT-1",3
"AGAGTGGCATCTGGTA-1",10
"AGAGTGGGTCAGCTAT-1",9
"AGAGTGGGTCCTCCAT-1",12
"AGAGTGGGTCTAGTCA-1",19
"AGAGTGGGTTACCGAT-1",8
"AGATCTGAGGTGGGTT-1",8
"AGATCTGAGTCAAGGC-1",0
"AGATCTGCAATGTTGC-1",18
"AGATCTGTCGAATCCA-1",7
"AGATCTGTCTGCAGTA-1",13
"AGATTGCAGGCTACGA-1",9
"AGATTGCCACGACGAA-1",7
"AGATTGCCAGATGGGT-1",12
"AGATTGCGTAGAGCTG-1",13
"AGATTGCGTGATGTCT-1",0
"AGATTGCGTGTTCGAT-1",8
"AGATTGCGTTCACGGC-1",3
"AGATTGCTCACTGGGC-1",16
"AGATTGCTCATCTGTT-1",8
"AGCAGCCAGCTGATAA-1",10
"AGCAGCCCACCGAAAG-1",14
"AGCAGCCGTCGACTGC-1",12
"AGCAGCCGTCGCTTTC-1",6
"AGCAGCCGTCTAACGT-1",3
"AGCAGCCGTGTGAAAT-1",6
"AGCAGCCGTTTGTTGG-1",13
"AGCAGCCTCCAAACAC-1",7
"AGCATACAGTGGTAGC-1",4
"AGCATACAGTTGTCGT-1",19
"AGCATACGTCTTCTCG-1",9
"AGCATACGTTAAGTAG-1",8
"AGCATACTCCGTTGCT-1",4
"AGCCTAAAGATATGGT-1",4
"AGCCTAACAAAGCGGT-1",7
"AGCCTAACAGATAATG-1",10
"AGCCTAAGTACGAAAT-1",8
"AGCCTAAGTCACCTAA-1",8
"AGCCTAAGTGTGCCTG-1",4
"AGCCTAATCACCCGAG-1",6
"AGCCTAATCCAATGGT-1",8
"AGCCTAATCCTTGGTC-1",16
"AGCCTAATCTGTGCAA-1",11
"AGCCTAATCTGTTTGT-1",13
"AGCGGTCAGCGAAGGG-1",9
"AGCGGTCAGGTACTCT-1",7
"AGCGGTCAGTGACTCT-1",8
"AGCGGTCCAGCCTTGG-1",7
"AGCGGTCGTCCTAGCG-1",8
"AGCGGTCGTGGTGTAG-1",2
"AGCGGTCGTTAAGGGC-1",11
"AGCGGTCGTTTGCATG-1",5
"AGCGGTCTCCGAAGAG-1",11
"AGCGGTCTCCTCAATT-1",9
"AGCGGTCTCTGGGCCA-1",7
"AGCGTATAGAACTGTA-1",12
"AGCGTATAGCGATGAC-1",10
"AGCGTATAGGTACTCT-1",7
"AGCGTATGTTGAGGTG-1",5
"AGCGTATTCCAGAGGA-1",9
"AGCGTCGAGTTGAGTA-1",8
"AGCGTCGCAGGGATTG-1",11
"AGCGTCGTCTGAAAGA-1",8
"AGCTCCTAGACCTAGG-1",7
"AGCTCCTAGCGTTTAC-1",10
"AGCTCCTGTGTTTGTG-1",7
"AGCTCCTGTTGTCTTT-1",10
"AGCTCCTTCCGAATGT-1",1
"AGCTCCTTCTTGACGA-1",7
"AGCTCTCAGCGGATCA-1",7
"AGCTCTCAGCTGTTCA-1",15
"AGCTCTCAGGTGCTAG-1",7
"AGCTCTCCATACAGCT-1",14
"AGCTCTCGTCAGAGGT-1",18
"AGCTCTCGTGGGTCAA-1",10
"AGCTCTCTCACAACGT-1",11
"AGCTCTCTCTTGACGA-1",28
"AGCTTGAAGCATCATC-1",17
"AGCTTGAAGTAGCGGT-1",12
"AGCTTGAAGTTGTCGT-1",0
"AGCTTGACAATCCAAC-1",2
"AGCTTGACACCGATAT-1",16
"AGCTTGAGTCTACCTC-1",1
"AGCTTGAGTGCGCTTG-1",11
"AGCTTGAGTTACGCGC-1",0
"AGCTTGATCCTGCCAT-1",8
"AGCTTGATCTGCAAGT-1",6
"AGGCCACAGAGTAAGG-1",7
"AGGCCACAGGGTCTCC-1",11
"AGGCCACAGTACTTGC-1",13
"AGGCCACCAGGACCCT-1",6
"AGGCCACCATCAGTCA-1",12
"AGGCCACTCATGCTCC-1",10
"AGGCCACTCATGGTCA-1",3
"AGGCCACTCATTGCGA-1",7
"AGGCCGTAGGATCGCA-1",6
"AGGCCGTCACGTAAGG-1",7
"AGGCCGTCAGCTCGAC-1",3
"AGGCCGTCATCGTCGG-1",11
"AGGCCGTTCACGGTTA-1",0
"AGGCCGTTCGAACTGT-1",2
"AGGCCGTTCTCAAGTG-1",8
"AGGCCGTTCTGCTTGC-1",4
"AGGGAGTAGCCCAACC-1",7
"AGGGAGTAGGAGTACC-1",14
"AGGGAGTAGGCAGGTT-1",13
"AGGGAGTCACGAGAGT-1",11
"AGGGAGTCAGAAGCAC-1",7
"AGGGAGTCAGATCCAT-1",8
"AGGGAGTCATCGACGC-1",3
"AGGGAGTCATGCTAGT-1",13
"AGGGAGTGTCCATGAT-1",13
"AGGGAGTTCATAACCG-1",7
"AGGGATGAGCTCTCGG-1",15
"AGGGATGAGGAGTAGA-1",9
"AGGGATGAGTAGCGGT-1",10
"AGGGATGCAATGAATG-1",11
"AGGGATGCAATGGAGC-1",0
"AGGGATGCACAAGACG-1",11
"AGGGATGCACATTTCT-1",9
"AGGGATGCATGGTCTA-1",9
"AGGGATGGTTAAAGTG-1",8
"AGGGATGGTTATGCGT-1",0
"AGGGATGTCGTGACAT-1",4
"AGGGTGAAGATGGCGT-1",7
"AGGGTGAAGATGGGTC-1",5
"AGGGTGAAGGCTCAGA-1",13
"AGGGTGACACGAGAGT-1",9
"AGGGTGACAGATGGCA-1",14
"AGGGTGACAGATTGCT-1",13
"AGGGTGAGTACTCTCC-1",12
"AGGGTGAGTTATCGGT-1",13
"AGGGTGAGTTCTGAAC-1",9
"AGGGTGATCTCGCTTG-1",9
"AGGTCATAGAGCCCAA-1",0
"AGGTCATAGCCAGAAC-1",14
"AGGTCATAGGCATGGT-1",7
"AGGTCATAGGGAGTAA-1",7
"AGGTCATCACTCAGGC-1",5
"AGGTCATCACTCTGTC-1",4
"AGGTCATGTTCCACTC-1",3
"AGGTCATTCTCGTTTA-1",1
"AGGTCCGAGGATGCGT-1",9
"AGGTCCGCAACACGCC-1",5
"AGGTCCGGTGATGCCC-1",10
"AGGTCCGTCCATGAAC-1",12
"AGGTCCGTCGCCCTTA-1",5
"AGGTCCGTCTGCGTAA-1",7
"AGTAGTCAGACTGTAA-1",15
"AGTAGTCAGTACGACG-1",10
"AGTAGTCAGTTTAGGA-1",7
"AGTAGTCCAACTGGCC-1",15
"AGTAGTCGTGCAGACA-1",0
"AGTAGTCTCACCCGAG-1",10
"AGTCTTTAGGCAGTCA-1",10
"AGTCTTTCAAATCCGT-1",7
"AGTCTTTCATATACCG-1",15
"AGTCTTTGTGCTTCTC-1",9
"AGTCTTTGTGTCCTCT-1",7
"AGTCTTTGTTTGTTTC-1",5
"AGTCTTTTCGCAGGCT-1",15
"AGTCTTTTCGCGTAGC-1",4
"AGTCTTTTCGCTAGCG-1",7
"AGTCTTTTCGCTTGTC-1",17
"AGTCTTTTCTGACCTC-1",7
"AGTGAGGAGATAGCAT-1",10
"AGTGAGGCAGGTGCCT-1",8
"AGTGAGGGTATGAAAC-1",10
"AGTGAGGGTCACTTCC-1",4
"AGTGAGGGTCGCGAAA-1",10
"AGTGAGGGTTATGTGC-1",7
"AGTGAGGTCTACTATC-1",11
"AGTGGGAAGCAGACTG-1",7
"AGTGGGACAAACGCGA-1",9
"AGTGGGACAAGCCGTC-1",10
"AGTGGGACACAGGAGT-1",9
"AGTGGGACACGAGAGT-1",15
"AGTGGGATCATCGATG-1",9
"AGTGGGATCCACGAAT-1",2
"AGTGGGATCCTGCAGG-1",7
"AGTGTCAAGAAGCCCA-1",10
"AGTGTCAAGCTAGTCT-1",9
"AGTGTCAAGTACGACG-1",10
"AGTGTCAAGTGAACAT-1",5
"AGTGTCACACCATCCT-1",6
"AGTGTCACAGTAAGCG-1",9
"AGTGTCACAGTGGAGT-1",11
"AGTGTCAGTAAACCTC-1",0
"AGTGTCAGTACAGCAG-1",10
"AGTGTCAGTCTCCACT-1",0
"AGTGTCAGTTTGACTG-1",15
"AGTGTCATCAAAGTAG-1",9
"AGTGTCATCCGTCAAA-1",8
"AGTGTCATCGTTACAG-1",5
"AGTGTCATCTGTCAAG-1",0
"AGTTGGTAGACTGTAA-1",11
"AGTTGGTAGTACGCGA-1",11
"AGTTGGTCAAATTGCC-1",3
"AGTTGGTCAGGAATGC-1",6
"AGTTGGTCATGCGCAC-1",0
"AGTTGGTGTACCGTAT-1",13
"AGTTGGTGTATGCTTG-1",25
"AGTTGGTGTCAGGACA-1",8
"AGTTGGTGTTCAGACT-1",10
"AGTTGGTTCAGTACGT-1",12
"AGTTGGTTCCTCAACC-1",11
"AGTTGGTTCGTACCGG-1",1
"AGTTGGTTCTGTCCGT-1",12
"ATAACGCAGTTGAGTA-1",3
"ATAACGCCACGTGAGA-1",1
"ATAACGCGTGAACCTT-1",15
"ATAACGCGTGTCCTCT-1",7
"ATAACGCGTGTGAAAT-1",10
"ATAACGCTCTCCGGTT-1",27
"ATAAGAGAGTCCGGTC-1",4
"ATAAGAGCAACTGCGC-1",4
"ATAAGAGCAGTATCTG-1",15
"ATAAGAGGTGACGCCT-1",6
"ATAAGAGGTTAAAGTG-1",11
"ATAAGAGTCAGCACAT-1",12
"ATAAGAGTCAGTGCAT-1",7
"ATAGACCAGAGAGCTC-1",5
"ATAGACCAGCCCAATT-1",1
"ATAGACCCAAGCCATT-1",10
"ATAGACCCATCTGGTA-1",18
"ATAGACCGTATATGGA-1",6
"ATAGACCGTGGACGAT-1",11
"ATAGACCGTGGCGAAT-1",12
"ATAGACCGTTTCGCTC-1",10
"ATCACGAAGAACTCGG-1",4
"ATCACGAAGACACGAC-1",11
"ATCACGAAGTTACCCA-1",18
"ATCACGACAAGACACG-1",13
"ATCACGACAAGCGTAG-1",8
"ATCACGACACACATGT-1",3
"ATCACGACACCACCAG-1",8
"ATCACGACACGGTAAG-1",10
"ATCACGACAGCGAACA-1",14
"ATCACGATCCCGACTT-1",15
"ATCACGATCGGTGTCG-1",10
"ATCATCTAGCCTATGT-1",12
"ATCATCTAGGCCATAG-1",7
"ATCATCTAGTACTTGC-1",10
"ATCATCTCAGACGCCT-1",4
"ATCATCTCATCCGTGG-1",7
"ATCATCTGTATTACCG-1",6
"ATCATCTGTCACTTCC-1",5
"ATCATCTTCAGCGACC-1",7
"ATCATCTTCCTCAACC-1",9
"ATCATGGCAAGCGTAG-1",12
"ATCATGGCAAGGTTCT-1",8
"ATCATGGCACTACAGT-1",8
"ATCATGGGTAAGGGAA-1",15
"ATCATGGGTTGTGGCC-1",11
"ATCATGGTCAATAAGG-1",6
"ATCATGGTCCAATGGT-1",2
"ATCATGGTCGCCATAA-1",16
"ATCATGGTCGGTTAAC-1",13
"ATCCACCAGCTAGTCT-1",15
"ATCCACCAGGCTCTTA-1",6
"ATCCACCCAAACGTGG-1",2
"ATCCACCCAGTTAACC-1",12
"ATCCACCGTCCGAAGA-1",4
"ATCCACCGTTTGTTTC-1",5
"ATCCACCTCCTGCTTG-1",7
"ATCCACCTCCTTAATC-1",8
"ATCCACCTCTGGTATG-1",10
"ATCCGAAAGCGATGAC-1",3
"ATCCGAAAGCTAGGCA-1",17
"ATCCGAACAAACGTGG-1",9
"ATCCGAACAACAACCT-1",8
"ATCCGAACAAGGACTG-1",9
"ATCCGAACACCCATTC-1",10
"ATCCGAACACGGTAGA-1",5
"ATCCGAAGTAGCGCTC-1",5
"ATCCGAAGTCATTAGC-1",10
"ATCCGAAGTCTCTTAT-1",10
"ATCCGAATCCAACCAA-1",11
"ATCCGAATCCTTGACC-1",12
"ATCCGAATCTTGTCAT-1",7
"ATCGAGTAGACTTTCG-1",7
"ATCGAGTCATCCGGGT-1",4
"ATCGAGTGTCCCTTGT-1",4
"ATCGAGTGTCTCCCTA-1",10
"ATCGAGTTCATGCATG-1",8
"ATCGAGTTCCTGCCAT-1",2
"ATCTACTAGGTGTGGT-1",9
"ATCTACTCAGCTGTAT-1",20
"ATCTACTCAGTACACT-1",9
"ATCTACTCATGACATC-1",9
"ATCTACTGTAAGTAGT-1",4
"ATCTACTGTGTCGCTG-1",10
"ATCTACTTCCGCGTTT-1",19
"ATCTACTTCGCAAGCC-1",15
"ATCTACTTCTATCGCC-1",11
"ATCTACTTCTCTAAGG-1",7
"ATCTGCCAGGCTCAGA-1",10
"ATCTGCCGTACAGTTC-1",11
"ATCTGCCGTTGTGGAG-1",11
"ATCTGCCTCAGAGACG-1",12
"ATCTGCCTCAGCTGGC-1",13
"ATCTGCCTCGTACGGC-1",0
"ATCTGCCTCTCGAGTA-1",12
"ATCTGCCTCTGAGTGT-1",6
"ATCTGCCTCTTGTATC-1",5
"ATGAGGGAGGTCGGAT-1",12
"ATGAGGGCATGACGGA-1",11
"ATGAGGGCATTAGGCT-1",8
"ATGAGGGTCACATGCA-1",3
"ATGAGGGTCAGTCCCT-1",11
"ATGCGATAGTCAATAG-1",8
"ATGCGATCATGTTGAC-1",10
"ATGCGATGTGCAGTAG-1",4
"ATGCGATGTGCATCTA-1",1
"ATGCGATTCCCAAGAT-1",9
"ATGCGATTCGCCATAA-1",11
"ATGGGAGAGCAATATG-1",10
"ATGGGAGAGCCACGCT-1",6
"ATGGGAGAGGTGATAT-1",15
"ATGGGAGCACCAGGTC-1",7
"ATGGGAGCACTATCTT-1",14
"ATGGGAGCAGCATACT-1",7
"ATGGGAGCATAGAAAC-1",7
"ATGGGAGCATTACCTT-1",7
"ATGGGAGTCAAGGTAA-1",6
"ATGTGTGAGCGAAGGG-1",3
"ATGTGTGAGGGTTTCT-1",14
"ATGTGTGAGTTGAGTA-1",10
"ATGTGTGCACGGCGTT-1",16
"ATGTGTGCACGGTTTA-1",10
"ATGTGTGCAGTATAAG-1",8
"ATGTGTGTCACGCGGT-1",16
"ATTACTCAGATGTGTA-1",6
"ATTACTCAGCGTAATA-1",4
"ATTACTCAGGTGCACA-1",10
"ATTACTCAGTGAAGTT-1",4
"ATTACTCCAAACTGTC-1",5
"ATTACTCCACCATCCT-1",8
"ATTACTCCAGACTCGC-1",10
"ATTACTCCATATGCTG-1",0
"ATTACTCCATCGGTTA-1",9
"ATTACTCCATTGCGGC-1",8
"ATTACTCGTTAAAGAC-1",5
"ATTACTCTCCGAACGC-1",13
"ATTATCCAGAGTACCG-1",7
"ATTATCCAGCTTATCG-1",4
"ATTATCCCACAAGCCC-1",7
"ATTATCCCATATGAGA-1",14
"ATTATCCCATCTGGTA-1",14
"ATTATCCGTCGTTGTA-1",14
"ATTATCCGTCTCTCTG-1",16
"ATTATCCTCAACGGGA-1",10
"ATTATCCTCCGCGCAA-1",22
"ATTATCCTCTCCGGTT-1",11
"ATTCTACGTCACTTCC-1",10
"ATTCTACGTCTAGTCA-1",8
"ATTCTACGTTGTCGCG-1",10
"ATTGGACAGCAGATCG-1",10
"ATTGGACAGGGCATGT-1",8
"ATTGGACAGTGGACGT-1",12
"ATTGGACCAAGACACG-1",8
"ATTGGACGTAATAGCA-1",21
"ATTGGACTCCTGCTTG-1",16
"ATTGGACTCGGCGCAT-1",12
"ATTGGACTCGTTTGCC-1",8
"ATTGGTGAGAATGTTG-1",0
"ATTGGTGCAAGCTGAG-1",9
"ATTGGTGCAGCAGTTT-1",13
"ATTGGTGGTATGGTTC-1",5
"ATTGGTGGTTGAGTTC-1",6
"ATTGGTGTCAAAGTAG-1",11
"ATTGGTGTCGGAAACG-1",7
"ATTTCTGAGGGATACC-1",7
"ATTTCTGAGGGATCTG-1",2
"ATTTCTGAGGTGTTAA-1",15
"ATTTCTGAGTCGAGTG-1",13
"ATTTCTGAGTTCGCAT-1",12
"ATTTCTGCAAGGTGTG-1",8
"ATTTCTGGTAGCTCCG-1",13
"ATTTCTGGTGCACGAA-1",3
"ATTTCTGGTTGCCTCT-1",9
"ATTTCTGTCAAAGTAG-1",7
"ATTTCTGTCAGCTCGG-1",4
"ATTTCTGTCTTGGGTA-1",8
"CAACCAAAGAAACGCC-1",11
"CAACCAAAGAGGGCTT-1",8
"CAACCAAAGCTGAAAT-1",13
"CAACCAAAGGACAGCT-1",9
"CAACCAAAGGGAGTAA-1",10
"CAACCAACATACGCTA-1",10
"CAACCTCAGTAATCCC-1",10
"CAACCTCCAGACGCAA-1",5
"CAACCTCGTGAGTGAC-1",7
"CAACCTCGTTCCACGG-1",15
"CAACCTCTCATACGGT-1",14
"CAACCTCTCCGATATG-1",3
"CAACCTCTCCTTTACA-1",11
"CAACCTCTCTCTAGGA-1",0
"CAACTAGAGAATAGGG-1",17
"CAACTAGAGGATGCGT-1",5
"CAACTAGCACCATCCT-1",8
"CAACTAGCAGACTCGC-1",10
"CAACTAGCAGTTCATG-1",6
"CAACTAGGTACGCACC-1",10
"CAACTAGTCAGGCCCA-1",22
"CAAGAAAAGAAGGACA-1",7
"CAAGAAAAGACGCACA-1",11
"CAAGAAAAGGCCCTTG-1",11
"CAAGAAAAGGTGATAT-1",10
"CAAGAAAAGTCGATAA-1",3
"CAAGAAAAGTGGAGTC-1",7
"CAAGAAAAGTGTACCT-1",11
"CAAGAAACACGGTGTC-1",10
"CAAGAAATCTGCTTGC-1",16
"CAAGATCAGCTGAAAT-1",5
"CAAGATCGTAAGAGGA-1",6
"CAAGATCGTGCCTTGG-1",13
"CAAGATCTCAACACCA-1",13
"CAAGATCTCTCGATGA-1",5
"CAAGGCCAGGAGTCTG-1",15
"CAAGGCCAGGCTATCT-1",13
"CAAGGCCCACGGTAAG-1",15
"CAAGGCCCATGTTCCC-1",7
"CAAGGCCGTCCGTCAG-1",5
"CAAGGCCTCAACGGGA-1",1
"CAAGGCCTCCTTGACC-1",10
"CAAGGCCTCGTGACAT-1",10
"CAAGTTGAGACAGGCT-1",11
"CAAGTTGAGATGTCGG-1",9
"CAAGTTGAGCGTCAAG-1",7
"CAAGTTGAGCGTTTAC-1",11
"CAAGTTGCACATTAGC-1",7
"CAAGTTGCACGCTTTC-1",7
"CAAGTTGCACGGTGTC-1",4
"CAAGTTGCATTCTTAC-1",13
"CAAGTTGGTACTCAAC-1",3
"CAAGTTGGTCAGGACA-1",12
"CAAGTTGGTCGGCACT-1",9
"CAAGTTGTCAACGAAA-1",12
"CAAGTTGTCACCACCT-1",7
"CAAGTTGTCATTGCCC-1",15
"CAAGTTGTCGAATCCA-1",9
"CAAGTTGTCTACTTAC-1",12
"CACAAACAGGGCTCTC-1",7
"CACAAACAGGGCTTGA-1",6
"CACAAACAGTGACATA-1",4
"CACAAACCAACTGCGC-1",10
"CACAAACCAATAAGCA-1",9
"CACAAACCAATCAGAA-1",7
"CACAAACCACTTAACG-1",5
"CACAAACCATGAACCT-1",5
"CACAAACCATGGTCAT-1",6
"CACAAACGTCAACTGT-1",7
"CACAAACGTCAGAATA-1",9
"CACAAACTCTTCGGTC-1",6
"CACAAACTCTTGGGTA-1",17
"CACACAAAGCGACGTA-1",6
"CACACAAAGGGAGTAA-1",8
"CACACAACAAACGTGG-1",11
"CACACAACACATGACT-1",12
"CACACAACATCGATTG-1",1
"CACACAACATTGGGCC-1",11
"CACACAAGTACGACCC-1",6
"CACACAAGTCAGTGGA-1",13
"CACACAAGTCATCGGC-1",12
"CACACAAGTTTACTCT-1",6
"CACACAATCCACGTGG-1",6
"CACACAATCCACGTTC-1",7
"CACACAATCGGCGCAT-1",9
"CACACCTAGAGACTAT-1",17
"CACACCTAGGACATTA-1",4
"CACACCTAGTCATCCA-1",6
"CACACCTAGTGTGAAT-1",6
"CACACCTCACTGAAGG-1",10
"CACACCTCATAGGATA-1",1
"CACACCTCATAGTAAG-1",12
"CACACCTCATTGGGCC-1",12
"CACACCTGTACAGCAG-1",11
"CACACCTGTACCGCTG-1",6
"CACACCTGTCCAAGTT-1",6
"CACACCTGTGGACGAT-1",9
"CACACCTGTGGTCTCG-1",10
"CACACCTTCATGTCTT-1",9
"CACACCTTCTGGCGAC-1",7
"CACACTCAGGGAAACA-1",6
"CACACTCCAACACCTA-1",9
"CACACTCCAAGGGTCA-1",8
"CACACTCGTGACGCCT-1",4
"CACACTCGTTTGTGTG-1",9
"CACAGGCAGCCATCGC-1",10
"CACAGGCAGGGATGGG-1",12
"CACAGGCCAAGAGTCG-1",16
"CACAGGCCAATGGAGC-1",2
"CACAGGCGTCTAGGTT-1",12
"CACAGGCGTTACGCGC-1",9
"CACAGGCTCGGGAGTA-1",10
"CACAGGCTCTATGTGG-1",15
"CACAGTAAGACGCAAC-1",5
"CACAGTAAGACGCACA-1",4
"CACAGTAAGTGGGCTA-1",3
"CACAGTACAACTGGCC-1",11
"CACAGTACATCGGACC-1",22
"CACAGTAGTTCCATGA-1",5
"CACATAGAGCCCAATT-1",12
"CACATAGAGTGTACTC-1",9
"CACATAGCACTTCTGC-1",11
"CACATAGCAGGGTATG-1",6
"CACATAGTCCTTGCCA-1",8
"CACATAGTCGGCGCAT-1",8
"CACATTTAGCAGATCG-1",12
"CACATTTAGGGCACTA-1",6
"CACATTTCACGGCGTT-1",10
"CACATTTCATTACCTT-1",6
"CACATTTGTCGAACAG-1",4
"CACATTTGTGTTGAGG-1",15
"CACATTTTCCAGAGGA-1",1
"CACATTTTCCGCATCT-1",10
"CACATTTTCTACTATC-1",8
"CACATTTTCTGTGCAA-1",5
"CACCACTAGCCACGTC-1",19
"CACCACTAGTGGTAAT-1",9
"CACCACTAGTTACCCA-1",6
"CACCACTCAAGCCCAC-1",3
"CACCACTCAGTTCATG-1",6
"CACCACTGTTATTCTC-1",11
"CACCACTTCACCGGGT-1",9
"CACCACTTCGAATCCA-1",17
"CACCACTTCGACCAGC-1",9
"CACCACTTCTAACCGA-1",7
"CACCACTTCTTTAGTC-1",11
"CACCAGGCACATTAGC-1",9
"CACCAGGCACTGCCAG-1",7
"CACCAGGCATAAAGGT-1",4
"CACCAGGCATGAACCT-1",7
"CACCAGGGTGAAATCA-1",12
"CACCAGGGTGTTTGGT-1",11
"CACCAGGGTTATCACG-1",7
"CACCAGGTCATGTAGC-1",1
"CACCAGGTCTGCTTGC-1",5
"CACCTTGAGACTTGAA-1",9
"CACCTTGAGTCAATAG-1",0
"CACCTTGCACTAGTAC-1",4
"CACCTTGCAGGCGATA-1",5
"CACCTTGCATTCCTGC-1",10
"CACCTTGGTCATTAGC-1",15
"CACCTTGGTGATGTCT-1",11
"CACCTTGGTGTGAAAT-1",4
"CACCTTGGTTATGTGC-1",12
"CACCTTGTCAACCATG-1",13
"CACCTTGTCATTATCC-1",11
"CACCTTGTCCAAAGTC-1",5
"CACCTTGTCTCACATT-1",10
"CACTCCAAGACAAGCC-1",6
"CACTCCAAGGTACTCT-1",11
"CACTCCACAATGGACG-1",10
"CACTCCAGTACATGTC-1",12
"CACTCCAGTTGTCGCG-1",6
"CACTCCATCAACACAC-1",8
"CACTCCATCCCAGGTG-1",0
"CAGAATCAGAAACCTA-1",7
"CAGAATCAGCCAACAG-1",20
"CAGAATCAGCTGGAAC-1",6
"CAGAATCAGGACTGGT-1",11
"CAGAATCAGTATCGAA-1",4
"CAGAATCCACAGAGGT-1",29
"CAGAATCCAGGGTACA-1",6
"CAGAATCGTAAGTGTA-1",10
"CAGAATCGTAATCACC-1",21
"CAGAATCTCAGTTTGG-1",10
"CAGAATCTCGCAAGCC-1",10
"CAGAATCTCGGTCCGA-1",6
"CAGAATCTCTTGCAAG-1",16
"CAGAATCTCTTGTACT-1",6
"CAGAGAGAGAATTGTG-1",7
"CAGAGAGAGCAATATG-1",10
"CAGAGAGCAAGAAGAG-1",9
"CAGAGAGCACCAGATT-1",0
"CAGAGAGGTAATCACC-1",10
"CAGAGAGGTAGCTGCC-1",8
"CAGAGAGGTAGGACAC-1",14
"CAGAGAGGTATAGGGC-1",5
"CAGAGAGGTCCGAATT-1",0
"CAGAGAGGTTGAGGTG-1",7
"CAGAGAGTCACCCGAG-1",1
"CAGAGAGTCATAACCG-1",9
"CAGAGAGTCCGAACGC-1",4
"CAGAGAGTCTGGTATG-1",9
"CAGATCAAGAGACGAA-1",0
"CAGATCAAGCACCGTC-1",6
"CAGATCAAGCTTCGCG-1",3
"CAGATCAAGGATTCGG-1",0
"CAGATCAAGTGTACCT-1",9
"CAGATCAAGTTTAGGA-1",13
"CAGATCACAATAACGA-1",7
"CAGATCACACACCGAC-1",10
"CAGATCACACGGTAAG-1",12
"CAGATCACACTCTGTC-1",5
"CAGATCACAGCATACT-1",9
"CAGATCACAGTGGGAT-1",21
"CAGATCAGTACCAGTT-1",7
"CAGATCAGTGCGGTAA-1",2
"CAGATCATCTGATACG-1",3
"CAGATCATCTGATTCT-1",6
"CAGCAGCAGATGCCAG-1",15
"CAGCAGCAGGGAACGG-1",3
"CAGCAGCCACCTATCC-1",11
"CAGCAGCCATCACAAC-1",10
"CAGCAGCGTGCTAGCC-1",19
"CAGCAGCTCAACACTG-1",10
"CAGCAGCTCGAACTGT-1",6
"CAGCAGCTCGCCGTGA-1",0
"CAGCATAAGAGACGAA-1",10
"CAGCATAGTCTAGGTT-1",0
"CAGCATAGTTTACTCT-1",11
"CAGCATATCACGAAGG-1",5
"CAGCATATCAGGCAAG-1",0
"CAGCATATCCTTAATC-1",11
"CAGCCGAAGCATCATC-1",15
"CAGCCGAAGTTTCCTT-1",8
"CAGCCGACACGTGAGA-1",0
"CAGCCGACATCAGTCA-1",6
"CAGCCGAGTGATGTCT-1",8
"CAGCCGATCACCAGGC-1",11
"CAGCCGATCCTCAATT-1",4
"CAGCGACAGAAACGCC-1",7
"CAGCGACAGCGTCAAG-1",10
"CAGCGACCAAACGTGG-1",6
"CAGCGACCAAAGCGGT-1",7
"CAGCGACCACGTCAGC-1",23
"CAGCGACCATGGGACA-1",12
"CAGCGACGTCTGATTG-1",3
"CAGCGACGTGGACGAT-1",13
"CAGCGACGTGGTTTCA-1",2
"CAGCGACGTTCGGCAC-1",4
"CAGCGACTCCGCAAGC-1",1
"CAGCGACTCTGGGCCA-1",12
"CAGCTAAAGATGTGTA-1",12
"CAGCTAAAGCAGACTG-1",13
"CAGCTAAAGCTGTTCA-1",11
"CAGCTAAAGGAGCGTT-1",9
"CAGCTAACACAGATTC-1",14
"CAGCTAACATCAGTAC-1",16
"CAGCTAAGTAATCGTC-1",10
"CAGCTAAGTCTCACCT-1",10
"CAGCTAAGTTCGTCTC-1",12
"CAGCTAATCCACGCAG-1",11
"CAGCTAATCCCTAACC-1",0
"CAGCTAATCTGGTTCC-1",0
"CAGCTAATCTTAGCCC-1",9
"CAGCTAATCTTCGGTC-1",10
"CAGCTGGAGACACTAA-1",17
"CAGCTGGAGATCCTGT-1",8
"CAGCTGGCACCAACCG-1",7
"CAGCTGGCAGTGGAGT-1",13
"CAGCTGGCATGCATGT-1",12
"CAGCTGGTCTACCTGC-1",16
"CAGGTGCAGAGACGAA-1",5
"CAGGTGCAGATCCTGT-1",14
"CAGGTGCAGGCATGTG-1",9
"CAGGTGCCAGGAACGT-1",8
"CAGGTGCCATAGTAAG-1",12
"CAGGTGCCATCGGAAG-1",4
"CAGGTGCTCAGTTGAC-1",14
"CAGGTGCTCCAAGTAC-1",0
"CAGGTGCTCTTGTATC-1",1
"CAGTAACAGATATGGT-1",10
"CAGTAACAGATGGCGT-1",10
"CAGTAACCAATCACAC-1",1
"CAGTAACCACTCGACG-1",3
"CAGTAACGTGATAAGT-1",8
"CAGTAACGTGCACCAC-1",3
"CAGTAACTCAGAGGTG-1",10
"CAGTAACTCGTACGGC-1",8
"CAGTAACTCGTGACAT-1",4
"CAGTAACTCTGCCAGG-1",13
"CAGTCCTAGAATCTCC-1",11
"CAGTCCTAGATCTGCT-1",12
"CAGTCCTCAGTATAAG-1",9
"CAGTCCTTCAACACGT-1",11
"CAGTCCTTCCATGAGT-1",6
"CAGTCCTTCCCGACTT-1",3
"CAGTCCTTCCCTTGTG-1",10
"CAGTCCTTCGAACGGA-1",13
"CAGTCCTTCGGTTCGG-1",4
"CAGTCCTTCTACTTAC-1",5
"CATATGGAGAGATGAG-1",3
"CATATGGAGGCATGGT-1",2
"CATATGGAGTATTGGA-1",6
"CATATGGCAAGCGTAG-1",10
"CATATGGGTCGCATAT-1",0
"CATATGGTCATTATCC-1",11
"CATATGGTCATTGCGA-1",8
"CATATTCAGGCGACAT-1",8
"CATATTCCACCACCAG-1",3
"CATATTCGTGACTACT-1",11
"CATATTCGTGGTACAG-1",1
"CATATTCGTGTGACGA-1",7
"CATATTCTCACAGGCC-1",14
"CATATTCTCGCAAACT-1",0
"CATCAAGAGAACTCGG-1",7
"CATCAAGAGATGGCGT-1",0
"CATCAAGAGCCGCCTA-1",9
"CATCAAGCACGAAACG-1",13
"CATCAAGCAGCCTTTC-1",7
"CATCAAGCATGGAATA-1",9
"CATCAAGGTTACTGAC-1",10
"CATCAAGGTTCCATGA-1",11
"CATCAAGTCTAAGCCA-1",9
"CATCAAGTCTGACCTC-1",3
"CATCAGAAGCTAGTCT-1",27
"CATCAGACAAGCCATT-1",7
"CATCAGACAATGACCT-1",10
"CATCAGACACGGCCAT-1",7
"CATCAGACAGACAGGT-1",7
"CATCAGACATAACCTG-1",10
"CATCAGAGTAATTGGA-1",13
"CATCAGAGTACATGTC-1",9
"CATCAGAGTGTTAAGA-1",9
"CATCAGAGTTCAACCA-1",7
"CATCAGATCGTTGACA-1",10
"CATCCACGTAAAGTCA-1",8
"CATCCACGTACCGTAT-1",16
"CATCCACGTGCCTGTG-1",3
"CATCCACGTTTAAGCC-1",12
"CATCGAAAGAGTACAT-1",18
"CATCGAAAGCTGTCTA-1",11
"CATCGAACAAGAGGCT-1",14
"CATCGAACAAGCTGAG-1",7
"CATCGAACACATTTCT-1",17
"CATCGAACATAAAGGT-1",4
"CATCGAAGTAGTACCT-1",13
"CATCGAAGTCCGACGT-1",10
"CATCGAAGTGCACTTA-1",8
"CATCGAATCAAACCAC-1",6
"CATCGAATCCGCGGTA-1",6
"CATCGAATCCGTAGTA-1",4
"CATCGGGAGAAGCCCA-1",7
"CATCGGGAGCGAGAAA-1",17
"CATCGGGAGGGTGTGT-1",9
"CATCGGGAGGTGTTAA-1",7
"CATCGGGAGTGACTCT-1",4
"CATCGGGCACTCAGGC-1",7
"CATCGGGCAGACGCTC-1",9
"CATCGGGCATCACAAC-1",9
"CATCGGGGTCCTCTTG-1",26
"CATCGGGGTGAGGGAG-1",9
"CATCGGGGTTCGAATC-1",10
"CATCGGGTCAGGATCT-1",5
"CATCGGGTCCACGAAT-1",5
"CATCGGGTCGATGAGG-1",6
"CATGACAAGACCACGA-1",7
"CATGACAAGCTCCTCT-1",0
"CATGACAAGTAACCCT-1",15
"CATGACAAGTATCTCG-1",6
"CATGACAGTCGTCTTC-1",22
"CATGACAGTGAACCTT-1",16
"CATGACATCAATAAGG-1",10
"CATGACATCTAACTGG-1",6
"CATGCCTAGACCTAGG-1",10
"CATGCCTAGAGTCTGG-1",9
"CATGCCTCACCACCAG-1",1
"CATGCCTGTCAAAGCG-1",6
"CATGCCTGTCGATTGT-1",5
"CATGCCTTCCACGACG-1",13
"CATGCCTTCCTCATTA-1",5
"CATGCCTTCGCATGAT-1",4
"CATGGCGAGAGCTGGT-1",3
"CATGGCGAGTACGACG-1",10
"CATGGCGTCCAAAGTC-1",8
"CATGGCGTCCCTTGTG-1",5
"CATGGCGTCGGCCGAT-1",6
"CATGGCGTCTCAAACG-1",8
"CATGGCGTCTGCCCTA-1",10
"CATTATCAGACCCACC-1",11
"CATTATCAGTCCCACG-1",1
"CATTATCCAAGTCTGT-1",8
"CATTATCCAGGGCATA-1",0
"CATTATCGTCAATGTC-1",8
"CATTATCTCACAAACC-1",2
"CATTATCTCAGATAAG-1",8
"CATTATCTCGCGTTTC-1",6
"CATTATCTCGTTGCCT-1",1
"CATTATCTCTATCCCG-1",6
"CATTATCTCTTAACCT-1",4
"CATTCGCAGGTGCTAG-1",0
"CATTCGCCAAGGGTCA-1",10
"CATTCGCCAGCCTATA-1",6
"CATTCGCCATACAGCT-1",16
"CATTCGCCATGGATGG-1",7
"CATTCGCCATGTCTCC-1",8
"CATTCGCCATTCACTT-1",9
"CATTCGCGTAGCACGA-1",5
"CATTCGCTCATCACCC-1",17
"CCAATCCAGACCACGA-1",5
"CCAATCCAGATATGGT-1",5
"CCAATCCAGTCGAGTG-1",11
"CCAATCCAGTCGTTTG-1",13
"CCAATCCAGTTTAGGA-1",7
"CCAATCCCAAGCGAGT-1",17
"CCAATCCTCGGACAAG-1",9
"CCAATCCTCTACCTGC-1",3
"CCACCTAAGCAGACTG-1",3
"CCACCTAAGGATGGTC-1",11
"CCACCTAAGTCGAGTG-1",8
"CCACCTAAGTGGGATC-1",14
"CCACCTAAGTGTGGCA-1",5
"CCACCTACAACAACCT-1",5
"CCACCTACAAGCCGCT-1",0
"CCACCTACAATCTACG-1",15
"CCACCTAGTAGTACCT-1",8
"CCACCTAGTCGCGTGT-1",9
"CCACCTAGTGGGTCAA-1",8
"CCACCTATCAGTTGAC-1",13
"CCACCTATCTGATACG-1",0
"CCACGGAAGACACGAC-1",2
"CCACGGAAGGGAACGG-1",12
"CCACGGACATGTCGAT-1",6
"CCACGGAGTAAGGGCT-1",12
"CCACGGAGTCAGATAA-1",3
"CCACGGAGTCCGTGAC-1",15
"CCACGGAGTGTAATGA-1",9
"CCACGGAGTTCTGAAC-1",12
"CCACGGATCACATAGC-1",4
"CCACGGATCCACGTGG-1",6
"CCACGGATCTACTATC-1",12
"CCACGGATCTAGAGTC-1",2
"CCACTACAGAGTACCG-1",15
"CCACTACAGCTTTGGT-1",9
"CCACTACCAGCAGTTT-1",1
"CCACTACCAGTAGAGC-1",8
"CCACTACGTCCGAATT-1",9
"CCACTACGTCTCAACA-1",5
"CCACTACGTGACAAAT-1",5
"CCACTACGTGACCAAG-1",7
"CCACTACGTGCACGAA-1",5
"CCACTACTCACTCTTA-1",8
"CCACTACTCCGCATCT-1",10
"CCACTACTCGGAAATA-1",3
"CCACTACTCTCGTATT-1",4
"CCACTACTCTCGTTTA-1",10
"CCAGCGAAGCCCAACC-1",7
"CCAGCGACATCGGGTC-1",2
"CCAGCGACATGTCCTC-1",7
"CCAGCGAGTAGGCATG-1",3
"CCAGCGAGTCCGTTAA-1",11
"CCAGCGATCAGAAATG-1",3
"CCATGTCAGCGATCCC-1",9
"CCATGTCAGGTCGGAT-1",6
"CCATGTCAGGTTACCT-1",8
"CCATGTCCAAGCTGGA-1",15
"CCATGTCCACATCCGG-1",14
"CCATGTCGTCCAGTAT-1",2
"CCATGTCTCCAAGTAC-1",8
"CCATGTCTCTTGTATC-1",11
"CCATTCGCAGTACACT-1",6
"CCATTCGCAGTTTACG-1",8
"CCATTCGGTAATCGTC-1",17
"CCATTCGGTATTACCG-1",11
"CCATTCGTCGTAGGAG-1",9
"CCCAATCAGTCACGCC-1",5
"CCCAATCCAGGTGGAT-1",11
"CCCAATCGTGAAGGCT-1",18
"CCCAATCGTTGGAGGT-1",8
"CCCAATCTCACATGCA-1",5
"CCCAATCTCCAGTATG-1",6
"CCCAATCTCGGAGCAA-1",0
"CCCAGTTAGAATAGGG-1",0
"CCCAGTTAGATCCCGC-1",10
"CCCAGTTAGCGTGAAC-1",9
"CCCAGTTAGGAATCGC-1",8
"CCCAGTTAGTCCGGTC-1",9
"CCCAGTTAGTTTGCGT-1",6
"CCCAGTTGTACATGTC-1",9
"CCCAGTTGTCTGCAAT-1",5
"CCCAGTTTCTGAAAGA-1",4
"CCCATACAGGGTTCCC-1",4
"CCCATACAGTGTTTGC-1",8
"CCCATACCAAAGGTGC-1",7
"CCCATACCAACACCCG-1",10
"CCCATACCAGCAGTTT-1",7
"CCCATACGTATTACCG-1",8
"CCCATACGTCAATACC-1",7
"CCCATACGTCTAGTCA-1",11
"CCCATACGTTGAGTTC-1",8
"CCCATACTCAATAAGG-1",17
"CCCATACTCAGCGACC-1",11
"CCCATACTCATCACCC-1",7
"CCCATACTCCGTAGGC-1",9
"CCCTCCTAGGAATCGC-1",4
"CCCTCCTCACGTCTCT-1",4
"CCCTCCTCAGCTTAAC-1",10
"CCCTCCTCATATGAGA-1",7
"CCCTCCTCATCACGTA-1",13
"CCCTCCTGTATGGTTC-1",9
"CCCTCCTGTTAGATGA-1",18
"CCCTCCTTCAATCACG-1",4
"CCCTCCTTCCGCAGTG-1",8
"CCGGGATAGCTTCGCG-1",5
"CCGGGATAGGCGACAT-1",7
"CCGGGATAGGCTAGGT-1",14
"CCGGGATCACAGTCGC-1",2
"CCGGGATGTATAGGTA-1",13
"CCGGGATTCAGAGCTT-1",8
"CCGGGATTCGCTAGCG-1",5
"CCGGGATTCGCTTGTC-1",1
"CCGGTAGAGCGTCTAT-1",4
"CCGGTAGAGTACGCCC-1",13
"CCGGTAGCACATAACC-1",16
"CCGGTAGCACGCATCG-1",6
"CCGGTAGGTACTTCTT-1",5
"CCGGTAGGTCAAACTC-1",12
"CCGGTAGTCGTCCGTT-1",7
"CCGTACTAGAGAACAG-1",12
"CCGTACTAGTCCGTAT-1",12
"CCGTACTCAAGCCCAC-1",6
"CCGTACTCAAGCGAGT-1",1
"CCGTACTCATCCCACT-1",7
"CCGTACTGTACAGCAG-1",16
"CCGTACTGTAGCGCTC-1",4
"CCGTACTGTGCGGTAA-1",6
"CCGTACTTCGTTACAG-1",18
"CCGTGGAAGACGCACA-1",16
"CCGTGGAAGAGTTGGC-1",6
"CCGTGGAAGGTGATAT-1",14
"CCGTGGAAGGTTCCTA-1",14
"CCGTGGACAGCCTTGG-1",12
"CCGTGGAGTTCCATGA-1",8
"CCGTGGATCTAACTTC-1",6
"CCGTGGATCTCTGTCG-1",3
"CCGTTCAAGCGTAATA-1",18
"CCGTTCAAGTACGATA-1",0
"CCGTTCAAGTAGATGT-1",11
"CCGTTCACAGGATCGA-1",5
"CCGTTCAGTATAGGGC-1",6
"CCGTTCAGTCGCGAAA-1",7
"CCGTTCATCGTACCGG-1",8
"CCTAAAGAGAGTTGGC-1",9
"CCTAAAGCAAACCTAC-1",4
"CCTAAAGCATGTCTCC-1",8
"CCTAAAGGTACTCAAC-1",7
"CCTAAAGGTCGGCACT-1",15
"CCTAAAGGTGTAATGA-1",0
"CCTAAAGTCACCGTAA-1",10
"CCTAAAGTCAGCGATT-1",11
"CCTAAAGTCGGCGCTA-1",17
"CCTAAAGTCGGTCCGA-1",11
"CCTACACAGGACCACA-1",11
"CCTACACAGGGTGTTG-1",13
"CCTACACCAGTAAGAT-1",9
"CCTACACGTATAGTAG-1",3
"CCTACACGTCCGAACC-1",15
"CCTACACGTGGGTCAA-1",7
"CCTACACGTTTGACTG-1",7
"CCTACACTCGGCGCTA-1",13
"CCTACACTCGTGACAT-1",23
"CCTACCAAGATAGGAG-1",6
"CCTACCAAGCAAATCA-1",12
"CCTACCAAGCGTAGTG-1",6
"CCTACCAAGCTTCGCG-1",1
"CCTACCAAGTGCGATG-1",1
"CCTACCAGTATCAGTC-1",12
"CCTACCAGTCTCTCTG-1",4
"CCTACCAGTCTTTCAT-1",13
"CCTACCATCAGCACAT-1",5
"CCTACCATCGCCAGCA-1",2
"CCTAGCTAGCAAATCA-1",3
"CCTAGCTAGCTCCTCT-1",11
"CCTAGCTAGGTTACCT-1",12
"CCTAGCTAGTACGCGA-1",6
"CCTAGCTCAATGAATG-1",7
"CCTAGCTCAATGGTCT-1",10
"CCTAGCTCACATCCAA-1",8
"CCTAGCTCAGCCAGAA-1",0
"CCTAGCTGTAGAAAGG-1",13
"CCTAGCTGTCACCCAG-1",5
"CCTAGCTGTCTGATTG-1",10
"CCTAGCTTCACGATGT-1",4
"CCTAGCTTCGTAGGAG-1",10
"CCTATTAAGAATTCCC-1",11
"CCTATTAAGCAGGCTA-1",9
"CCTATTAAGCAGGTCA-1",24
"CCTATTAAGGGAGTAA-1",2
"CCTATTAAGGTAGCCA-1",14
"CCTATTACACAACTGT-1",7
"CCTATTACACATCCGG-1",8
"CCTATTAGTCAATACC-1",1
"CCTATTATCATCACCC-1",7
"CCTATTATCTGCGACG-1",4
"CCTCAGTAGCTAACTC-1",5
"CCTCAGTCAGGTGGAT-1",13
"CCTCAGTGTCCATCCT-1",10
"CCTCAGTGTCCGACGT-1",1
"CCTCAGTGTCTTGTCC-1",17
"CCTCAGTGTGGGTATG-1",11
"CCTCTGAAGTATCGAA-1",9
"CCTCTGAAGTGGGTTG-1",12
"CCTCTGACAAGCTGTT-1",9
"CCTCTGACACCGATAT-1",6
"CCTCTGACAGATGAGC-1",11
"CCTCTGAGTCAATACC-1",15
"CCTCTGAGTCCGAACC-1",1
"CCTCTGAGTCGTGGCT-1",10
"CCTCTGAGTCTGATTG-1",10
"CCTCTGATCTGAGGGA-1",5
"CCTTACGCAAGCGTAG-1",4
"CCTTACGCACCAACCG-1",0
"CCTTACGGTCATCCCT-1",4
"CCTTACGGTCCTCTTG-1",24
"CCTTACGTCACAACGT-1",4
"CCTTACGTCATCTGCC-1",5
"CCTTACGTCGGAGGTA-1",6
"CCTTCCCAGAGACTAT-1",19
"CCTTCCCAGCTAGGCA-1",18
"CCTTCCCAGGACGAAA-1",5
"CCTTCCCAGGGCATGT-1",4
"CCTTCCCAGGTACTCT-1",1
"CCTTCCCCATGATCCA-1",11
"CCTTCCCTCAAGGCTT-1",13
"CCTTCCCTCTATCCTA-1",8
"CCTTCCCTCTATCGCC-1",12
"CCTTCGAAGGCGCTCT-1",11
"CCTTCGACAACACCCG-1",7
"CCTTCGACAGCGATCC-1",10
"CCTTCGAGTAAGCACG-1",8
"CCTTCGAGTCCATGAT-1",14
"CCTTCGAGTGTGACCC-1",10
"CCTTCGAGTTGGTGGA-1",5
"CCTTCGATCACAGTAC-1",13
"CCTTCGATCCTATGTT-1",0
"CCTTCGATCGCACTCT-1",13
"CCTTTCTAGACGCTTT-1",7
"CCTTTCTAGGGCACTA-1",7
"CCTTTCTAGTGGAGTC-1",12
"CCTTTCTCAGACAAGC-1",11
"CCTTTCTCATCACGAT-1",6
"CCTTTCTCATGCCCGA-1",21
"CCTTTCTTCCCACTTG-1",8
"CCTTTCTTCTTTACGT-1",7
"CGAACATCACATGACT-1",7
"CGAACATCACTTGGAT-1",4
"CGAACATCAGTCCTTC-1",0
"CGAACATGTCTGATTG-1",3
"CGAACATGTGCTGTAT-1",6
"CGAACATTCTCAAACG-1",13
"CGAATGTAGAGGTTAT-1",5
"CGAATGTAGCGATAGC-1",9
"CGAATGTAGTTCGCAT-1",19
"CGAATGTCAATGCCAT-1",13
"CGAATGTGTCTAGTCA-1",6
"CGAATGTGTCTCACCT-1",16
"CGAATGTTCAACACAC-1",10
"CGAATGTTCATCACCC-1",14
"CGAATGTTCTGTACGA-1",10
"CGACCTTAGCTACCGC-1",6
"CGACCTTAGCTAGTCT-1",11
"CGACCTTCAAAGTGCG-1",10
"CGACCTTCACGAAATA-1",10
"CGACCTTGTAAGTGTA-1",14
"CGACCTTGTCAGAATA-1",8
"CGACCTTGTCTCCCTA-1",0
"CGACCTTGTCTCTTAT-1",7
"CGACCTTTCCGCGTTT-1",7
"CGACCTTTCGTTTATC-1",17
"CGACCTTTCTCCAGGG-1",0
"CGACTTCAGACACGAC-1",7
"CGACTTCAGGTAGCCA-1",9
"CGACTTCAGTCTTGCA-1",7
"CGACTTCCAATGGACG-1",6
"CGACTTCGTGGTGTAG-1",11
"CGACTTCGTTGAGTTC-1",12
"CGACTTCTCACTTACT-1",15
"CGACTTCTCTCGCTTG-1",16
"CGAGAAGAGAAACGCC-1",6
"CGAGAAGAGCCAACAG-1",10
"CGAGAAGAGCGTGTCC-1",6
"CGAGAAGCAAGTTCTG-1",8
"CGAGAAGCACATCCGG-1",9
"CGAGAAGCAGGCTGAA-1",9
"CGAGAAGTCGGATGGA-1",5
"CGAGCACAGCCAGAAC-1",15
"CGAGCACCACATGTGT-1",6
"CGAGCACGTAGCGTCC-1",5
"CGAGCACGTAGCGTGA-1",4
"CGAGCACGTCAGATAA-1",9
"CGAGCACGTGCCTTGG-1",8
"CGAGCACTCCCGGATG-1",7
"CGAGCACTCCGCTGTT-1",8
"CGAGCACTCGGAAATA-1",8
"CGAGCACTCGTGACAT-1",7
"CGAGCCAAGCTAGCCC-1",7
"CGAGCCAGTATATCCG-1",10
"CGAGCCAGTCAAGCGA-1",9
"CGATCGGAGAGCCTAG-1",10
"CGATCGGAGTACGATA-1",5
"CGATCGGCAAACGCGA-1",11
"CGATCGGCAAGCGATG-1",0
"CGATCGGCAATACGCT-1",9
"CGATCGGCAGTTAACC-1",8
"CGATCGGCATACTCTT-1",11
"CGATCGGGTCGACTGC-1",13
"CGATCGGTCAACGGGA-1",9
"CGATCGGTCTAGCACA-1",12
"CGATGGCAGCCGTCGT-1",17
"CGATGGCAGTCCAGGA-1",1
"CGATGGCCACTTAACG-1",14
"CGATGGCCAGCGTAAG-1",18
"CGATGGCCATCATCCC-1",7
"CGATGGCTCCTAGAAC-1",3
"CGATGGCTCGCTAGCG-1",5
"CGATGGCTCTGACCTC-1",5
"CGATGTAAGGCAATTA-1",4
"CGATGTAAGTTTGCGT-1",0
"CGATGTACACAGGCCT-1",1
"CGATGTACAGGTCTCG-1",10
"CGATGTAGTCCAGTGC-1",8
"CGATGTAGTCTAGGTT-1",7
"CGATGTAGTGTGCCTG-1",7
"CGATGTAGTTTGCATG-1",9
"CGATTGAAGATGTGGC-1",12
"CGATTGACAGACGCAA-1",13
"CGATTGAGTATGGTTC-1",10
"CGATTGAGTTCAGACT-1",6
"CGATTGATCATGGTCA-1",6
"CGATTGATCTGCGGCA-1",7
"CGCCAAGAGAATGTTG-1",12
"CGCCAAGAGACCTTTG-1",8
"CGCCAAGAGATCGGGT-1",11
"CGCCAAGAGATCTGAA-1",10
"CGCCAAGAGCGTGTCC-1",6
"CGCCAAGGTCTAGGTT-1",8
"CGCCAAGTCAGGATCT-1",14
"CGCCAAGTCCACTCCA-1",10
"CGCCAAGTCTTGTTTG-1",3
"CGCGGTAAGCTAGCCC-1",6
"CGCGGTAAGGGTTCCC-1",9
"CGCGGTACAAACTGCT-1",6
"CGCGGTACAATGGAAT-1",9
"CGCGGTACAGCTGTTA-1",7
"CGCGGTAGTCAAGCGA-1",2
"CGCGGTAGTGAGGCTA-1",3
"CGCGGTAGTTTGCATG-1",9
"CGCGTTTAGTTATCGC-1",5
"CGCGTTTCAACAACCT-1",10
"CGCGTTTCAAGCGAGT-1",13
"CGCGTTTCAATGGACG-1",8
"CGCGTTTCACGGTGTC-1",4
"CGCGTTTGTGCTGTAT-1",6
"CGCGTTTGTGGACGAT-1",9
"CGCGTTTTCAAACCGT-1",10
"CGCGTTTTCAGCCTAA-1",10
"CGCGTTTTCCTATGTT-1",2
"CGCGTTTTCGTGGTCG-1",10
"CGCTATCAGAAACCGC-1",10
"CGCTATCAGTCATCCA-1",0
"CGCTATCCAAGCGAGT-1",13
"CGCTATCCAGTCGATT-1",7
"CGCTATCCATCGACGC-1",10
"CGCTATCCATTTCAGG-1",9
"CGCTATCGTACCGAGA-1",10
"CGCTATCGTTCGAATC-1",13
"CGCTATCGTTTCGCTC-1",6
"CGCTATCTCGTTACAG-1",8
"CGCTGGAAGGACATTA-1",8
"CGCTGGAAGGGCACTA-1",7
"CGCTGGAAGGTGATAT-1",7
"CGCTGGACAGACTCGC-1",7
"CGCTGGAGTGTAATGA-1",11
"CGCTGGAGTTCTGGTA-1",3
"CGCTGGATCCGAAGAG-1",7
"CGCTGGATCCGTTGCT-1",11
"CGCTGGATCGTAGGAG-1",13
"CGCTGGATCGTTACAG-1",13
"CGCTTCAAGAAGGGTA-1",18
"CGCTTCAAGGTCGGAT-1",10
"CGCTTCACACGGTGTC-1",7
"CGCTTCACAGACAAGC-1",13
"CGCTTCACATCACCCT-1",11
"CGCTTCAGTCGCGGTT-1",13
"CGCTTCATCTTAGAGC-1",14
"CGGACACAGCGATATA-1",7
"CGGACACAGCGATGAC-1",0
"CGGACACAGCTTCGCG-1",8
"CGGACACAGGTAAACT-1",8
"CGGACACAGTAGCCGA-1",1
"CGGACACCACAGGAGT-1",9
"CGGACACCATTCACTT-1",12
"CGGACACGTGAGCGAT-1",13
"CGGACACGTGCTCTTC-1",5
"CGGACACGTGTGACCC-1",6
"CGGACGTAGGTTACCT-1",4
"CGGACGTCATGGGACA-1",8
"CGGACGTGTGAAAGAG-1",4
"CGGACGTGTTGGTAAA-1",13
"CGGACGTTCATGTGGT-1",10
"CGGACGTTCTGTCCGT-1",5
"CGGACTGAGGAGCGAG-1",13
"CGGACTGAGGAGTCTG-1",0
"CGGACTGAGTGGTAGC-1",6
"CGGACTGCAACTTGAC-1",6
"CGGACTGCAATGACCT-1",4
"CGGACTGCACAACGTT-1",14
"CGGACTGCACGCCAGT-1",9
"CGGACTGCAGTATGCT-1",9
"CGGACTGGTAAAGGAG-1",9
"CGGACTGGTATAAACG-1",11
"CGGACTGGTGTAAGTA-1",7
"CGGACTGGTGTGGTTT-1",11
"CGGACTGGTTGACGTT-1",6
"CGGACTGTCATTGCCC-1",8
"CGGACTGTCCATGCTC-1",15
"CGGACTGTCCGTCAAA-1",7
"CGGACTGTCGTTTGCC-1",7
"CGGACTGTCTTCATGT-1",7
"CGGAGCTAGTTTAGGA-1",16
"CGGAGCTCATTGAGCT-1",5
"CGGAGCTGTAGAAAGG-1",15
"CGGAGCTTCACTTATC-1",9
"CGGAGCTTCATGTAGC-1",8
"CGGAGCTTCCACGAAT-1",16
"CGGAGTCAGTGCGATG-1",16
"CGGAGTCAGTGTGAAT-1",12
"CGGAGTCCAGTGGGAT-1",8
"CGGAGTCCATTATCTC-1",14
"CGGAGTCGTAGCTGCC-1",10
"CGGAGTCGTCCAGTGC-1",1
"CGGAGTCGTGTTCGAT-1",12
"CGGAGTCTCCCAGGTG-1",8
"CGGAGTCTCCGTAGTA-1",8
"CGGCTAGAGAAACGCC-1",9
"CGGCTAGAGCACCGTC-1",3
"CGGCTAGAGCTAAACA-1",8
"CGGCTAGCAGACAAAT-1",3
"CGGCTAGGTAACGCGA-1",11
"CGGCTAGGTTCATGGT-1",6
"CGGCTAGTCAAAGACA-1",11
"CGGCTAGTCGTGGGAA-1",8
"CGGCTAGTCTTGTTTG-1",8
"CGGGTCAAGAGTCGGT-1",12
"CGGGTCAAGCACACAG-1",14
"CGGGTCAAGCTAACTC-1",5
"CGGGTCAAGGACACCA-1",6
"CGGGTCAAGTATGACA-1",7
"CGGGTCACAATGACCT-1",9
"CGGGTCACACCGAAAG-1",7
"CGGGTCACAGCCACCA-1",2
"CGGGTCACATACAGCT-1",12
"CGGGTCACATCCTTGC-1",13
"CGGGTCAGTAGCGCTC-1",8
"CGGGTCAGTCGATTGT-1",14
"CGGGTCAGTGCAACTT-1",6
"CGGGTCAGTTGTTTGG-1",1
"CGGGTCATCAACACCA-1",11
"CGGGTCATCACCTTAT-1",21
"CGGGTCATCCACGACG-1",5
"CGGTTAACAGGACCCT-1",8
"CGGTTAACATGTCCTC-1",3
"CGGTTAACATTCCTGC-1",14
"CGGTTAAGTCGACTGC-1",30
"CGGTTAATCCGGCACA-1",0
"CGGTTAATCCTTTCGG-1",14
"CGGTTAATCTTATCTG-1",8
"CGTAGCGAGATGTAAC-1",3
"CGTAGCGAGGCAATTA-1",7
"CGTAGCGAGTAGGTGC-1",1
"CGTAGCGCAAGCGCTC-1",7
"CGTAGCGTCCAACCAA-1",6
"CGTAGCGTCGGCGGTT-1",9
"CGTAGGCAGGGCTCTC-1",11
"CGTAGGCCAAGCGATG-1",12
"CGTAGGCCACTAAGTC-1",9
"CGTAGGCCAGAGTGTG-1",7
"CGTAGGCCATCCCATC-1",11
"CGTAGGCGTATTAGCC-1",15
"CGTAGGCGTCAATACC-1",11
"CGTAGGCGTGGCGAAT-1",9
"CGTAGGCTCCAGAAGG-1",7
"CGTCACTAGTCATGCT-1",7
"CGTCACTCAAAGCGGT-1",7
"CGTCACTCAGGTCCAC-1",12
"CGTCACTCAGTCACTA-1",9
"CGTCACTTCCTTGACC-1",7
"CGTCACTTCGGTGTTA-1",3
"CGTCACTTCTGTGCAA-1",6
"CGTCACTTCTTGAGAC-1",13
"CGTCAGGAGCTGTTCA-1",13
"CGTCAGGCAAAGCAAT-1",6
"CGTCAGGCAAAGCGGT-1",6
"CGTCAGGCAACACGCC-1",8
"CGTCAGGCATCCGCGA-1",13
"CGTCAGGGTCAGCTAT-1",11
"CGTCAGGGTCGTTGTA-1",7
"CGTCAGGGTGTAAGTA-1",8
"CGTCAGGTCCACTGGG-1",12
"CGTCAGGTCGACAGCC-1",14
"CGTCAGGTCGGGAGTA-1",13
"CGTCCATAGACCACGA-1",8
"CGTCCATAGCGATTCT-1",12
"CGTCCATAGGCTATCT-1",7
"CGTCCATAGTCTCAAC-1",6
"CGTCCATCACGACTCG-1",7
"CGTCCATCATTCACTT-1",15
"CGTCCATGTCTAGCGC-1",0
"CGTCCATGTGATAAAC-1",4
"CGTCCATGTTTGGGCC-1",9
"CGTCCATGTTTGTGTG-1",8
"CGTCCATTCAACACCA-1",12
"CGTCCATTCATTCACT-1",1
"CGTCTACAGTGCGTGA-1",6
"CGTCTACGTAGTAGTA-1",6
"CGTCTACTCGAGCCCA-1",11
"CGTCTACTCGCCATAA-1",7
"CGTCTACTCGGCCGAT-1",8
"CGTCTACTCGTCCAGG-1",11
"CGTCTACTCTATCGCC-1",5
"CGTGAGCAGATCTGAA-1",22
"CGTGAGCAGCAATCTC-1",8
"CGTGAGCAGCGGATCA-1",7
"CGTGAGCAGCTAGTGG-1",8
"CGTGAGCAGCTTCGCG-1",13
"CGTGAGCAGGGCACTA-1",6
"CGTGAGCAGGGTGTGT-1",6
"CGTGAGCAGTGGAGAA-1",3
"CGTGAGCCAAGCCGCT-1",10
"CGTGAGCCACGTAAGG-1",4
"CGTGAGCCATACGCCG-1",14
"CGTGAGCGTAGATTAG-1",2
"CGTGAGCGTCTCTTAT-1",6
"CGTGAGCTCACAAACC-1",13
"CGTGAGCTCCAAATGC-1",4
"CGTGAGCTCCGAGCCA-1",10
"CGTGAGCTCGTTGCCT-1",5
"CGTGAGCTCTGGGCCA-1",6
"CGTGTAAAGATAGTCA-1",9
"CGTGTAAAGGTGTTAA-1",13
"CGTGTAAAGTACATGA-1",9
"CGTGTAACATGGGACA-1",2
"CGTGTAAGTCCGCTGA-1",3
"CGTGTAAGTGTCTGAT-1",9
"CGTGTAATCTACTATC-1",5
"CGTGTAATCTCGATGA-1",20
"CGTGTAATCTTTAGTC-1",8
"CGTGTCTAGGCGCTCT-1",0
"CGTGTCTAGGGATGGG-1",2
"CGTGTCTCAGACAAAT-1",12
"CGTGTCTCAGACACTT-1",10
"CGTGTCTGTAAGAGGA-1",12
"CGTGTCTGTATATGAG-1",8
"CGTGTCTGTCAAAGCG-1",4
"CGTGTCTGTTCCGTCT-1",9
"CGTGTCTTCAATCACG-1",11
"CGTGTCTTCAGAGGTG-1",8
"CGTGTCTTCATAGCAC-1",4
"CGTGTCTTCCGAACGC-1",9
"CGTGTCTTCGGCATCG-1",1
"CGTGTCTTCGTGGACC-1",4
"CGTGTCTTCTACTTAC-1",4
"CGTGTCTTCTGAGTGT-1",11
"CGTTAGAAGATCTGAA-1",14
"CGTTAGAAGGCCCTTG-1",5
"CGTTAGACACGAAAGC-1",6
"CGTTAGACAGCTTCGG-1",5
"CGTTAGAGTTTAAGCC-1",14
"CGTTAGATCACTTATC-1",6
"CGTTAGATCAGCCTAA-1",13
"CGTTCTGAGAAGGGTA-1",7
"CGTTCTGAGACTAGGC-1",12
"CGTTCTGAGTGAACAT-1",9
"CGTTCTGCAGCTCGCA-1",9
"CGTTCTGCATTGGCGC-1",6
"CGTTCTGGTGAGGGTT-1",0
"CGTTCTGTCTGATTCT-1",14
"CGTTGGGAGCTAGTTC-1",15
"CGTTGGGAGGATGCGT-1",8
"CGTTGGGCACATTAGC-1",4
"CGTTGGGCAGACAGGT-1",12
"CGTTGGGGTTCCCGAG-1",11
"CGTTGGGTCATGCTCC-1",8
"CGTTGGGTCCATGAAC-1",11
"CGTTGGGTCTACCAGA-1",15
"CTAACTTAGTCCTCCT-1",6
"CTAACTTCAATAGCAA-1",11
"CTAACTTCAATCGGTT-1",0
"CTAACTTGTGAGGCTA-1",0
"CTAACTTTCGTACGGC-1",7
"CTAACTTTCTGGCGTG-1",8
"CTAAGACAGGGAAACA-1",9
"CTAAGACAGTACATGA-1",5
"CTAAGACAGTTCGCGC-1",0
"CTAAGACCAAGTAATG-1",6
"CTAAGACCAGTAAGAT-1",4
"CTAAGACCATGCAATC-1",0
"CTAAGACGTAAGGATT-1",4
"CTAAGACGTATCAGTC-1",10
"CTAAGACGTCACCTAA-1",16
"CTAAGACTCGTTGCCT-1",11
"CTAAGACTCTTACCGC-1",17
"CTAAGACTCTTGAGGT-1",6
"CTAATGGAGCAATCTC-1",9
"CTAATGGAGCGCTCCA-1",6
"CTAATGGAGCTCCCAG-1",11
"CTAATGGAGCTGAAAT-1",8
"CTAATGGAGTTAGGTA-1",12
"CTAATGGCATGGAATA-1",2
"CTAATGGGTACCGCTG-1",10
"CTAATGGGTCTAGCGC-1",12
"CTAATGGGTGAGGGAG-1",3
"CTAATGGGTTGGTGGA-1",3
"CTAATGGTCATGCTCC-1",13
"CTAATGGTCCACTGGG-1",10
"CTAATGGTCCGTTGCT-1",7
"CTAATGGTCCTAGAAC-1",10
"CTACACCAGTGCGATG-1",4
"CTACACCCACGGACAA-1",12
"CTACACCGTAATAGCA-1",7
"CTACACCGTCTGATTG-1",9
"CTACACCGTTCGTCTC-1",1
"CTACACCTCAGAAATG-1",12
"CTACACCTCGGCTTGG-1",8
"CTACACCTCGGTCCGA-1",12
"CTACACCTCTCGCATC-1",5
"CTACACCTCTCTGCTG-1",9
"CTACATTAGATCACGG-1",4
"CTACATTCACTCGACG-1",6
"CTACATTCATTTCACT-1",11
"CTACATTGTGATGATA-1",1
"CTACATTGTTCGAATC-1",6
"CTACATTTCAACGCTA-1",9
"CTACATTTCGCCATAA-1",11
"CTACATTTCTAGCACA-1",11
"CTACCCACACAGAGGT-1",3
"CTACCCACACGACGAA-1",12
"CTACCCACATGGTTGT-1",9
"CTACCCAGTATCTGCA-1",8
"CTACCCAGTATGAATG-1",8
"CTACCCAGTCAGAAGC-1",8
"CTACCCAGTGTGACCC-1",13
"CTACCCAGTTATGTGC-1",18
"CTACCCATCTACGAGT-1",11
"CTACGTCAGGTGCAAC-1",12
"CTACGTCAGTGCGATG-1",7
"CTACGTCAGTTGTCGT-1",12
"CTACGTCCATATACCG-1",3
"CTACGTCGTATATGGA-1",18
"CTACGTCGTGTGGTTT-1",6
"CTACGTCTCAAAGTAG-1",9
"CTACGTCTCACGACTA-1",12
"CTACGTCTCACGGTTA-1",12
"CTACGTCTCCTAGAAC-1",10
"CTAGAGTAGCTGTCTA-1",14
"CTAGAGTAGGATCGCA-1",10
"CTAGAGTAGTCCATAC-1",12
"CTAGAGTCACATTAGC-1",1
"CTAGAGTCAGTATGCT-1",14
"CTAGAGTCATACTCTT-1",6
"CTAGAGTCATGTAAGA-1",6
"CTAGAGTGTGACCAAG-1",12
"CTAGAGTTCAACACCA-1",6
"CTAGAGTTCCGTCAAA-1",16
"CTAGAGTTCCTAAGTG-1",10
"CTAGAGTTCGCCAGCA-1",4
"CTAGAGTTCGCTTAGA-1",8
"CTAGAGTTCGTGACAT-1",11
"CTAGAGTTCTGATTCT-1",22
"CTAGCCTCACCAGATT-1",5
"CTAGCCTGTATATCCG-1",14
"CTAGCCTGTGATGCCC-1",8
"CTAGCCTTCGGGAGTA-1",3
"CTAGTGAAGCTGGAAC-1",7
"CTAGTGAAGTGTACCT-1",8
"CTAGTGACAAGTCTAC-1",3
"CTAGTGACAGGATCGA-1",17
"CTAGTGAGTTATGCGT-1",6
"CTAGTGATCAGTTGAC-1",10
"CTAGTGATCCAGTAGT-1",5
"CTCACACAGCTAAGAT-1",5
"CTCACACAGCTGCCCA-1",9
"CTCACACAGGATGCGT-1",5
"CTCACACCACGTAAGG-1",4
"CTCACACCACTGTTAG-1",6
"CTCACACCATATACGC-1",5
"CTCACACGTGCTGTAT-1",14
"CTCACACGTTCCATGA-1",6
"CTCACACGTTTGGGCC-1",8
"CTCACACTCACCGGGT-1",4
"CTCACACTCATCGGAT-1",8
"CTCACACTCCGCGCAA-1",7
"CTCACACTCTAACCGA-1",12
"CTCAGAAAGAGCTGCA-1",5
"CTCAGAAAGGAGTAGA-1",12
"CTCAGAACAACGCACC-1",14
"CTCAGAACAAGCGATG-1",6
"CTCAGAACAGGGCATA-1",7
"CTCAGAAGTGACGGTA-1",13
"CTCAGAATCTTAACCT-1",8
"CTCATTAAGAACTGTA-1",8
"CTCATTACATGGTCAT-1",8
"CTCATTAGTGTAACGG-1",6
"CTCATTAGTTTACTCT-1",9
"CTCCTAGCAAGTACCT-1",6
"CTCCTAGCAATTCCTT-1",9
"CTCCTAGCACTGTCGG-1",7
"CTCCTAGCAGTCCTTC-1",12
"CTCCTAGCATAACCTG-1",4
"CTCCTAGCATGCGCAC-1",5
"CTCCTAGGTAGAAAGG-1",7
"CTCCTAGGTCCGAGTC-1",9
"CTCCTAGGTCTAGCCG-1",11
"CTCCTAGGTGTTTGTG-1",10
"CTCCTAGGTTCGTGAT-1",2
"CTCCTAGGTTGTTTGG-1",10
"CTCCTAGTCACTTACT-1",6
"CTCCTAGTCTCATTCA-1",7
"CTCGAAAAGCCCAACC-1",6
"CTCGAAAAGCTATGCT-1",17
"CTCGAAAAGGCCCTTG-1",13
"CTCGAAAAGGGCTTCC-1",14
"CTCGAAACAAGCCGTC-1",2
"CTCGAAACACATTAGC-1",7
"CTCGAAACACCGAAAG-1",11
"CTCGAAACACGGCTAC-1",6
"CTCGAAACAGTAAGAT-1",10
"CTCGAAACATACGCCG-1",1
"CTCGAGGAGCCATCGC-1",10
"CTCGAGGAGGGCTTCC-1",13
"CTCGAGGCAGATAATG-1",8
"CTCGAGGGTATTCTCT-1",11
"CTCGAGGGTGCCTGGT-1",12
"CTCGGAGAGTCCCACG-1",15
"CTCGGAGCACTTCTGC-1",9
"CTCGGAGCAGCTGCAC-1",10
"CTCGGAGCAGGATCGA-1",8
"CTCGGAGGTAGCCTAT-1",4
"CTCGGAGGTCATGCCG-1",2
"CTCGGAGTCAAACGGG-1",6
"CTCGGAGTCACATACG-1",24
"CTCGGAGTCAGCTTAG-1",4
"CTCGGGAAGACCTAGG-1",8
"CTCGGGACACAGCCCA-1",10
"CTCGGGACATAAAGGT-1",5
"CTCGGGACATCCCACT-1",11
"CTCGGGACATGTCGAT-1",14
"CTCGGGAGTCGCGTGT-1",7
"CTCGGGAGTGACTACT-1",6
"CTCGGGAGTTACGACT-1",9
"CTCGGGATCCGTACAA-1",13
"CTCGGGATCCTTGACC-1",14
"CTCGGGATCTTAGCCC-1",2
"CTCGGGATCTTGTTTG-1",8
"CTCGTACAGCGATAGC-1",10
"CTCGTACCAGCGTAAG-1",7
"CTCGTACCATAGTAAG-1",7
"CTCGTACGTAGAGTGC-1",11
"CTCGTACGTATCACCA-1",8
"CTCGTACGTGCAGTAG-1",15
"CTCGTACTCAAAGTAG-1",9
"CTCGTACTCAATCTCT-1",0
"CTCGTACTCGTTGCCT-1",3
"CTCGTACTCTGGTTCC-1",9
"CTCGTCAAGATGCCTT-1",9
"CTCGTCAAGTGGAGTC-1",7
"CTCGTCAAGTTTGCGT-1",7
"CTCGTCACAACGATCT-1",7
"CTCGTCACACATCCGG-1",12
"CTCGTCACAGTCGTGC-1",14
"CTCGTCAGTCTCATCC-1",5
"CTCGTCAGTCTCCATC-1",10
"CTCGTCAGTGAGCGAT-1",3
"CTCGTCAGTTGACGTT-1",7
"CTCGTCAGTTGGGACA-1",11
"CTCGTCATCACTTATC-1",10
"CTCGTCATCGACCAGC-1",11
"CTCGTCATCTGCTGTC-1",11
"CTCTAATCACCAGGTC-1",5
"CTCTAATCACGGTGTC-1",7
"CTCTAATCAGGAATCG-1",7
"CTCTAATGTCCAAGTT-1",5
"CTCTACGAGCTAAACA-1",10
"CTCTACGAGCTAGTGG-1",10
"CTCTACGAGTACGCCC-1",4
"CTCTACGAGTAGGCCA-1",12
"CTCTACGCAATAACGA-1",4
"CTCTACGCAGACGCTC-1",8
"CTCTACGCATGACATC-1",8
"CTCTACGTCATGTCTT-1",8
"CTCTACGTCCCTAATT-1",8
"CTCTACGTCGGCATCG-1",8
"CTCTACGTCGGTCTAA-1",7
"CTCTGGTAGCAGCGTA-1",3
"CTCTGGTAGCGTTCCG-1",18
"CTCTGGTAGGCATGGT-1",3
"CTCTGGTAGTGCCAGA-1",4
"CTCTGGTCACAAGCCC-1",16
"CTCTGGTCAGCCTTTC-1",13
"CTCTGGTTCATCTGTT-1",5
"CTCTGGTTCTTGTACT-1",15
"CTGAAACAGATCCCGC-1",9
"CTGAAACAGGTGCTAG-1",3
"CTGAAACAGTCCGTAT-1",9
"CTGAAACAGTGTCTCA-1",9
"CTGAAACGTCATCGGC-1",19
"CTGAAACGTTAAAGAC-1",7
"CTGAAACTCATACGGT-1",12
"CTGAAGTAGTGCGTGA-1",19
"CTGAAGTCAGCTGTAT-1",6
"CTGAAGTGTTAAAGTG-1",5
"CTGAAGTTCAAGCCTA-1",5
"CTGAAGTTCGGATGTT-1",13
"CTGATAGAGGGAGTAA-1",1
"CTGATAGAGTGCAAGC-1",14
"CTGATAGCAGCCTTTC-1",11
"CTGATAGCATCCCATC-1",3
"CTGATAGCATCTCCCA-1",8
"CTGATAGGTCAAAGCG-1",7
"CTGATAGGTCGCTTTC-1",11
"CTGATAGGTTACGACT-1",10
"CTGATAGTCGCGATCG-1",0
"CTGATAGTCTTATCTG-1",7
"CTGATCCAGGCATTGG-1",13
"CTGATCCAGGTGACCA-1",4
"CTGATCCCACAGAGGT-1",18
"CTGATCCCAGGCTGAA-1",3
"CTGATCCGTGCCTGGT-1",7
"CTGATCCGTTATCCGA-1",6
"CTGATCCGTTGTGGCC-1",0
"CTGCCTAAGGGTCTCC-1",24
"CTGCCTAAGGTGATAT-1",4
"CTGCCTAAGTACGCGA-1",5
"CTGCCTAAGTGCGTGA-1",8
"CTGCCTACATCCCACT-1",10
"CTGCCTATCAATAAGG-1",5
"CTGCGGAAGAAGGACA-1",6
"CTGCGGAAGAGCTGGT-1",10
"CTGCGGAAGATGAGAG-1",14
"CTGCGGACAGGTCGTC-1",1
"CTGCGGACATGTCTCC-1",6
"CTGCGGAGTCACTTCC-1",8
"CTGCGGAGTCGTGGCT-1",11
"CTGCGGAGTTCTGTTT-1",9
"CTGCGGAGTTGGACCC-1",9
"CTGCGGATCGCCTGTT-1",0
"CTGCGGATCTTACCGC-1",0
"CTGCTGTAGGGTGTTG-1",10
"CTGCTGTAGTACCGGA-1",4
"CTGCTGTAGTGGAGAA-1",8
"CTGCTGTCACATCTTT-1",3
"CTGCTGTGTTAAAGAC-1",16
"CTGCTGTTCTCCAACC-1",4
"CTGCTGTTCTTACCGC-1",5
"CTGGTCTAGCGTTGCC-1",18
"CTGGTCTAGGACAGCT-1",15
"CTGGTCTAGGGCTTGA-1",16
"CTGGTCTAGTCGAGTG-1",9
"CTGGTCTCAAAGGAAG-1",12
"CTGGTCTCACCAGTTA-1",3
"CTGGTCTGTACCTACA-1",0
"CTGGTCTGTACGCTGC-1",9
"CTGGTCTGTCCGCTGA-1",9
"CTGGTCTGTCCGTTAA-1",7
"CTGGTCTGTTCATGGT-1",11
"CTGGTCTGTTCGTGAT-1",3
"CTGGTCTTCAACGGGA-1",9
"CTGGTCTTCACTTACT-1",6
"CTGGTCTTCTTACCTA-1",4
"CTGTGCTGTATATCCG-1",10
"CTGTGCTGTCATCCCT-1",17
"CTGTGCTGTCCCTACT-1",12
"CTGTGCTGTCGGCACT-1",5
"CTGTGCTTCCATTCTA-1",10
"CTGTGCTTCCGTACAA-1",14
"CTGTTTAAGAAACCGC-1",4
"CTGTTTAAGATCGATA-1",15
"CTGTTTAAGGAGTTGC-1",5
"CTGTTTAGTCAAAGCG-1",2
"CTGTTTATCAGCCTAA-1",7
"CTGTTTATCATTTGGG-1",15
"CTGTTTATCTCCAGGG-1",6
"CTGTTTATCTCTTGAT-1",10
"CTGTTTATCTTCTGGC-1",7
"CTTAACTAGCCAGTAG-1",9
"CTTAACTAGGCTCTTA-1",11
"CTTAACTAGGTGCACA-1",21
"CTTAACTAGTCTCGGC-1",10
"CTTACCGAGCGCTTAT-1",4
"CTTACCGAGGCTACGA-1",0
"CTTACCGCAGATCTGT-1",1
"CTTACCGCAGTCAGAG-1",10
"CTTACCGGTCCTGCTT-1",12
"CTTACCGGTCGCCATG-1",12
"CTTACCGGTCTACCTC-1",7
"CTTACCGTCGGACAAG-1",7
"CTTAGGAAGCCCAACC-1",11
"CTTAGGACACGACGAA-1",6
"CTTAGGAGTTATGTGC-1",5
"CTTAGGATCCCATTTA-1",20
"CTTAGGATCTTTACAC-1",14
"CTTCTCTAGAACTCGG-1",8
"CTTCTCTAGAGTGAGA-1",7
"CTTCTCTAGCAGGCTA-1",15
"CTTCTCTAGTTAACGA-1",15
"CTTCTCTCAAAGGTGC-1",7
"CTTCTCTGTAACGACG-1",6
"CTTCTCTGTGCATCTA-1",10
"CTTCTCTTCGAGCCCA-1",15
"CTTGGCTAGCGATATA-1",6
"CTTGGCTAGTACGTTC-1",14
"CTTGGCTCATTACCTT-1",7
"CTTGGCTGTCTCCATC-1",5
"CTTGGCTTCCCTAATT-1",4
"CTTGGCTTCGCGTAGC-1",6
"CTTGGCTTCTCGTTTA-1",19
"CTTTGCGAGCAAATCA-1",6
"CTTTGCGAGCGTTCCG-1",28
"CTTTGCGAGTATCTCG-1",11
"CTTTGCGCAATTCCTT-1",11
"CTTTGCGCACTTAAGC-1",8
"CTTTGCGCAGACGCAA-1",2
"CTTTGCGGTAGAGGAA-1",10
"CTTTGCGTCCAGGGCT-1",9
"GAAACTCAGAGACGAA-1",6
"GAAACTCAGAGGTTAT-1",12
"GAAACTCAGCAGCCTC-1",16
"GAAACTCAGCCCAGCT-1",18
"GAAACTCAGCTAAACA-1",6
"GAAACTCAGTGCTGCC-1",10
"GAAACTCCAAGCCCAC-1",9
"GAAACTCCACATGACT-1",9
"GAAACTCCAGACACTT-1",0
"GAAACTCCATGGATGG-1",10
"GAAACTCGTACTCGCG-1",5
"GAAACTCGTAGCGATG-1",12
"GAAACTCGTGTGAAAT-1",6
"GAAACTCGTTTGTGTG-1",11
"GAAATGAAGACTAGGC-1",4
"GAAATGAAGCCAGTTT-1",8
"GAAATGAAGCTAGTCT-1",4
"GAAATGAAGTACGTAA-1",4
"GAAATGATCATGCTCC-1",10
"GAAATGATCCTCGCAT-1",7
"GAACATCAGATGGCGT-1",3
"GAACATCCAACAACCT-1",13
"GAACATCCACATCTTT-1",6
"GAACATCCACCTATCC-1",14
"GAACATCCACGGACAA-1",4
"GAACATCCATGCTAGT-1",4
"GAACATCGTACGACCC-1",5
"GAACATCGTGGACGAT-1",12
"GAACATCGTTCCCGAG-1",3
"GAACATCTCCAAGTAC-1",6
"GAACATCTCGATCCCT-1",12
"GAACATCTCTCCAACC-1",13
"GAACCTAAGAACTGTA-1",14
"GAACCTAAGAGCAATT-1",5
"GAACCTAAGCCAGTAG-1",7
"GAACCTACAAGGACAC-1",6
"GAACCTACAGACACTT-1",8
"GAACCTAGTACCAGTT-1",5
"GAACCTAGTGTCAATC-1",9
"GAACCTATCACGATGT-1",6
"GAACGGAAGACGCAAC-1",5
"GAACGGAAGTAATCCC-1",9
"GAACGGAAGTCAATAG-1",3
"GAACGGAAGTGGACGT-1",5
"GAACGGACACAGCGTC-1",12
"GAACGGACACCTCGTT-1",8
"GAACGGACACTTAACG-1",10
"GAACGGAGTAGCGTAG-1",7
"GAACGGAGTCAGAGGT-1",10
"GAACGGAGTGGCGAAT-1",18
"GAACGGATCACTCCTG-1",9
"GAACGGATCCACGAAT-1",7
"GAACGGATCGTAGGAG-1",17
"GAACGGATCTGTCAAG-1",2
"GAAGCAGAGACTAAGT-1",27
"GAAGCAGAGAGACGAA-1",7
"GAAGCAGAGCCACGCT-1",13
"GAAGCAGAGTTCGCGC-1",12
"GAAGCAGCAATCCGAT-1",9
"GAAGCAGCACTCGACG-1",1
"GAAGCAGCAGATCTGT-1",0
"GAAGCAGCAGATGAGC-1",5
"GAAGCAGCATGAACCT-1",6
"GAAGCAGCATGGAATA-1",9
"GAAGCAGGTAACGCGA-1",9
"GAAGCAGGTCATACTG-1",9
"GAAGCAGTCCTAGTGA-1",8
"GAAGCAGTCTTATCTG-1",2
"GAATAAGCAAGGTGTG-1",6
"GAATAAGCAGACAAGC-1",9
"GAATAAGCATGCAACT-1",2
"GAATAAGGTCCGTTAA-1",13
"GAATAAGGTGAGTGAC-1",7
"GAATAAGGTTCCCTTG-1",3
"GAATAAGTCGTTTAGG-1",7
"GAATGAAAGAGTCTGG-1",8
"GAATGAAAGCTTATCG-1",1
"GAATGAAAGGCATGTG-1",5
"GAATGAACAAACGCGA-1",9
"GAATGAACAGTGAGTG-1",7
"GAATGAACATCATCCC-1",9
"GAATGAAGTCAACATC-1",13
"GAATGAAGTCTCACCT-1",18
"GAATGAAGTGGCAAAC-1",0
"GAATGAAGTTGCGTTA-1",0
"GAATGAATCAGTTAGC-1",5
"GAATGAATCCTGCCAT-1",11
"GACACGCAGACGCACA-1",16
"GACACGCAGAGTAATC-1",6
"GACACGCAGCCAACAG-1",8
"GACACGCAGGAGTTTA-1",8
"GACACGCAGGGCATGT-1",4
"GACACGCAGGTGCACA-1",15
"GACACGCAGTCCAGGA-1",9
"GACACGCAGTGGGATC-1",11
"GACACGCAGTGGGTTG-1",8
"GACACGCCAAGCGTAG-1",5
"GACACGCCAAGGACAC-1",8
"GACACGCCAGACGCTC-1",1
"GACACGCCATCCTTGC-1",16
"GACACGCGTTCACGGC-1",11
"GACACGCTCATGTAGC-1",13
"GACAGAGAGTACGATA-1",14
"GACAGAGCAACGATCT-1",10
"GACAGAGCAAGTCTAC-1",0
"GACAGAGCAGCTCCGA-1",9
"GACAGAGCAGCTGGCT-1",11
"GACAGAGGTAGAAAGG-1",14
"GACAGAGTCAAACAAG-1",3
"GACAGAGTCAGAGACG-1",12
"GACAGAGTCCTTCAAT-1",12
"GACAGAGTCCTTGCCA-1",13
"GACAGAGTCTTCATGT-1",16
"GACCAATAGAAGGGTA-1",7
"GACCAATAGCTACCGC-1",7
"GACCAATAGCTACCTA-1",9
"GACCAATCAGGTGCCT-1",10
"GACCAATCATGCGCAC-1",14
"GACCAATGTACAGTTC-1",7
"GACCAATGTCGCTTCT-1",12
"GACCAATTCCGATATG-1",9
"GACCAATTCGAATGGG-1",4
"GACCAATTCGTCACGG-1",9
"GACCTGGCATCACAAC-1",9
"GACCTGGCATGTCTCC-1",11
"GACCTGGCATTGGCGC-1",24
"GACCTGGGTAAAGGAG-1",6
"GACCTGGGTCCAGTTA-1",16
"GACCTGGGTGCAGTAG-1",4
"GACCTGGTCATAGCAC-1",10
"GACCTGGTCCTTGCCA-1",6
"GACCTGGTCGCATGAT-1",6
"GACCTGGTCGTCACGG-1",3
"GACGCGTAGTGGTAAT-1",11
"GACGCGTAGTTGTAGA-1",6
"GACGCGTGTAAAGGAG-1",15
"GACGCGTGTGTGAAAT-1",7
"GACGCGTGTTAAGACA-1",15
"GACGCGTTCAAACCGT-1",14
"GACGCGTTCCAAATGC-1",10
"GACGCGTTCCGCGGTA-1",7
"GACGCGTTCCTACAGA-1",0
"GACGCGTTCGACGGAA-1",8
"GACGCGTTCTCCGGTT-1",1
"GACGGCTAGAAGATTC-1",2
"GACGGCTAGAGCTGGT-1",11
"GACGGCTCAAGGTTTC-1",9
"GACGGCTCACCGCTAG-1",13
"GACGGCTCATGAACCT-1",10
"GACGGCTCATGCAACT-1",7
"GACGGCTGTGTGTGCC-1",6
"GACGGCTGTTATGTGC-1",5
"GACGGCTGTTTGGCGC-1",6
"GACGGCTTCTATCGCC-1",14
"GACGTGCAGGCAAAGA-1",11
"GACGTGCAGGGTGTGT-1",10
"GACGTGCAGGTGTTAA-1",7
"GACGTGCCAGGTCGTC-1",14
"GACGTGCGTAACGTTC-1",10
"GACGTGCTCACCTCGT-1",5
"GACGTTAAGCTACCGC-1",12
"GACGTTAAGGCAAAGA-1",9
"GACGTTAAGTCAAGCG-1",7
"GACGTTACAAGCCATT-1",8
"GACGTTACAAGGTTTC-1",4
"GACGTTACAGACACTT-1",8
"GACGTTAGTATCTGCA-1",7
"GACGTTAGTTTGACAC-1",8
"GACGTTAGTTTGACTG-1",11
"GACGTTATCACAGGCC-1",8
"GACGTTATCATTGCGA-1",6
"GACGTTATCCCGGATG-1",11
"GACGTTATCCGAAGAG-1",3
"GACGTTATCGCGTTTC-1",18
"GACGTTATCTGTCCGT-1",7
"GACTAACAGACAGAGA-1",11
"GACTAACAGTGGAGAA-1",8
"GACTAACCAAATCCGT-1",5
"GACTAACGTCTAGTCA-1",10
"GACTAACGTGCAACTT-1",6
"GACTAACGTTCAGACT-1",5
"GACTAACTCCGCGCAA-1",4
"GACTAACTCCTTTCTC-1",7
"GACTAACTCTTGCCGT-1",12
"GACTAACTCTTTACAC-1",4
"GACTACAAGATATGGT-1",9
"GACTACACAAATCCGT-1",8
"GACTACAGTGCTGTAT-1",4
"GACTACATCAGCCTAA-1",3
"GACTACATCAGGTAAA-1",8
"GACTACATCTGCAGTA-1",10
"GACTGCGAGCGTAGTG-1",7
"GACTGCGAGTTGTAGA-1",9
"GACTGCGCACTTAACG-1",17
"GACTGCGCATGTTCCC-1",5
"GACTGCGGTACGCACC-1",7
"GACTGCGGTTCTCATT-1",4
"GACTGCGTCAACACAC-1",10
"GACTGCGTCACGACTA-1",5
"GACTGCGTCGCCCTTA-1",5
"GACTGCGTCTCAAACG-1",8
"GAGCAGAGTAGGGTAC-1",7
"GAGCAGAGTCAGATAA-1",10
"GAGCAGAGTCATATGC-1",8
"GAGCAGAGTGAGCGAT-1",5
"GAGCAGAGTGTAACGG-1",9
"GAGCAGAGTGTGACCC-1",9
"GAGCAGAGTTCGGGCT-1",13
"GAGCAGAGTTTAAGCC-1",0
"GAGCAGAGTTTGCATG-1",9
"GAGGTGAAGCAACGGT-1",10
"GAGGTGAAGGCTCTTA-1",6
"GAGGTGAAGTGGTAGC-1",14
"GAGGTGAAGTTGTAGA-1",5
"GAGGTGACACTGTCGG-1",3
"GAGGTGACATCCTTGC-1",3
"GAGGTGACATGCATGT-1",18
"GAGGTGAGTACCTACA-1",2
"GAGGTGAGTCATTAGC-1",18
"GAGGTGAGTTCCTCCA-1",10
"GAGGTGATCATCGCTC-1",4
"GAGGTGATCTAGAGTC-1",6
"GAGGTGATCTCTAGGA-1",26
"GAGGTGATCTGCTGTC-1",2
"GAGGTGATCTGGGCCA-1",9
"GAGTCCGAGGACAGAA-1",16
"GAGTCCGAGGCATGTG-1",14
"GAGTCCGAGGCGTACA-1",6
"GAGTCCGCAAACCCAT-1",9
"GAGTCCGGTCAAGCGA-1",12
"GAGTCCGGTGACCAAG-1",11
"GAGTCCGGTGACTCAT-1",17
"GAGTCCGGTGTGACCC-1",8
"GAGTCCGGTTCGGGCT-1",8
"GAGTCCGGTTTGCATG-1",10
"GAGTCCGTCGGCGCAT-1",12
"GAGTCCGTCTGATTCT-1",7
"GATCAGTAGATGTCGG-1",0
"GATCAGTAGTGGTAGC-1",0
"GATCAGTGTATATGAG-1",18
"GATCAGTGTCTGCGGT-1",13
"GATCAGTGTTATGCGT-1",3
"GATCAGTGTTGTACAC-1",18
"GATCAGTTCCCGACTT-1",6
"GATCGATAGAATGTTG-1",9
"GATCGATAGAGCTGCA-1",4
"GATCGATAGCATGGCA-1",2
"GATCGATCAAGCGAGT-1",7
"GATCGATCAAGCGTAG-1",5
"GATCGATGTCAACATC-1",7
"GATCGATGTTGCCTCT-1",6
"GATCGATTCCGCATCT-1",15
"GATCGCGAGATAGTCA-1",10
"GATCGCGAGCCTTGAT-1",13
"GATCGCGAGGAGCGTT-1",11
"GATCGCGCAGGTCGTC-1",0
"GATCGCGGTACAGCAG-1",10
"GATCGCGGTGAGTATA-1",12
"GATCGCGGTTGTCGCG-1",6
"GATCGCGTCACTCCTG-1",5
"GATCGTAAGACATAAC-1",7
"GATCGTAAGCTCAACT-1",7
"GATCGTACATAACCTG-1",13
"GATCGTAGTGGCTCCA-1",7
"GATCGTATCATATCGG-1",8
"GATCGTATCATGTCCC-1",12
"GATCGTATCTTACCGC-1",11
"GATCTAGAGCGTCTAT-1",4
"GATCTAGAGTGGAGAA-1",4
"GATCTAGCAACACCTA-1",8
"GATCTAGCAAGGGTCA-1",11
"GATCTAGGTCTAAAGA-1",2
"GATCTAGGTCTCACCT-1",13
"GATCTAGGTCTCTTTA-1",9
"GATCTAGTCACATAGC-1",10
"GATCTAGTCTAAGCCA-1",0
"GATGAAAAGAGTAATC-1",5
"GATGAAAAGCTCCCAG-1",0
"GATGAAACACGGTAGA-1",13
"GATGAAACAGCTGTAT-1",10
"GATGAAAGTGGGTATG-1",2
"GATGAAATCACCCTCA-1",11
"GATGAAATCACTCCTG-1",9
"GATGAAATCAGCAACT-1",3
"GATGAAATCGAGAGCA-1",5
"GATGAGGAGATCCCGC-1",12
"GATGAGGAGTTCGATC-1",6
"GATGAGGCACCAGTTA-1",11
"GATGAGGGTATCACCA-1",3
"GATGAGGGTATTCGTG-1",8
"GATGAGGGTCGCGTGT-1",0
"GATGAGGGTGATGATA-1",0
"GATGAGGTCACAGGCC-1",2
"GATGAGGTCACATAGC-1",0
"GATGAGGTCCCTTGTG-1",12
"GATGAGGTCTGCTGTC-1",4
"GATGCTAAGACTAAGT-1",6
"GATGCTAAGGATGCGT-1",10
"GATGCTAAGGCTCTTA-1",5
"GATGCTAAGGGAACGG-1",10
"GATGCTAAGTATCTCG-1",13
"GATGCTAAGTCTCGGC-1",19
"GATGCTACATGTTGAC-1",3
"GATGCTACATTGCGGC-1",11
"GATGCTAGTCTCCATC-1",6
"GATGCTAGTGGAAAGA-1",7
"GATGCTAGTTAGGGTG-1",4
"GATGCTATCCTGTACC-1",8
"GATGCTATCGGCGCTA-1",10
"GATTCAGAGAAACCTA-1",8
"GATTCAGAGAGTGACC-1",11
"GATTCAGAGATTACCC-1",7
"GATTCAGAGGGTCGAT-1",15
"GATTCAGAGGTCGGAT-1",9
"GATTCAGAGTCAATAG-1",12
"GATTCAGCAAGTTGTC-1",7
"GATTCAGCAATTCCTT-1",12
"GATTCAGCAGGGTACA-1",2
"GATTCAGCATCGACGC-1",16
"GATTCAGCATTATCTC-1",19
"GATTCAGGTAAATACG-1",0
"GATTCAGTCAACTCTT-1",4
"GCAAACTAGATGTTAG-1",3
"GCAAACTAGTCATGCT-1",7
"GCAAACTAGTCTCAAC-1",18
"GCAAACTCACAGGTTT-1",7
"GCAAACTGTCAGATAA-1",8
"GCAAACTGTCTCCATC-1",4
"GCAAACTTCGTGGTCG-1",9
"GCAATCAAGGGATCTG-1",7
"GCAATCAAGTATCTCG-1",9
"GCAATCAAGTGGGTTG-1",10
"GCAATCACAGCTTAAC-1",14
"GCAATCACATGTCGAT-1",9
"GCAATCACATTCCTCG-1",6
"GCAATCAGTAGGAGTC-1",7
"GCAATCAGTATAATGG-1",15
"GCAATCAGTTCTCATT-1",11
"GCAATCAGTTCTGGTA-1",9
"GCACATAAGAGCTATA-1",4
"GCACATAAGATGTTAG-1",8
"GCACATAAGCCTTGAT-1",10
"GCACATAAGGAGTACC-1",14
"GCACATAAGTGAAGTT-1",6
"GCACATACACCACGTG-1",9
"GCACATACAGCTGTAT-1",10
"GCACATACAGGAACGT-1",12
"GCACATAGTCATCGGC-1",3
"GCACATAGTCCGAATT-1",14
"GCACATAGTCTCTTTA-1",5
"GCACATAGTGCGCTTG-1",14
"GCACATATCACCTCGT-1",13
"GCACATATCTGGTTCC-1",7
"GCACTCTCAAGACACG-1",10
"GCACTCTCAATCACAC-1",7
"GCACTCTCATTTCAGG-1",6
"GCACTCTGTAAACCTC-1",11
"GCACTCTGTACCAGTT-1",13
"GCACTCTGTAGAAAGG-1",11
"GCACTCTGTCGAACAG-1",6
"GCACTCTGTCTAGGTT-1",11
"GCACTCTTCAACTCTT-1",8
"GCACTCTTCCCTAATT-1",13
"GCACTCTTCTGCCCTA-1",3
"GCAGCCAAGCTGATAA-1",4
"GCAGCCACATGAGCGA-1",8
"GCAGCCAGTAATCGTC-1",3
"GCAGCCAGTGTCGCTG-1",7
"GCAGCCATCAGTTGAC-1",11
"GCAGCCATCCCAACGG-1",4
"GCAGCCATCCGTACAA-1",0
"GCAGTTAAGTCCATAC-1",16
"GCAGTTAAGTCCGTAT-1",5
"GCAGTTAAGTTAACGA-1",6
"GCAGTTAGTGGACGAT-1",9
"GCAGTTAGTTATTCTC-1",10
"GCAGTTATCGCGATCG-1",9
"GCATACAAGATCTGCT-1",15
"GCATACAAGCAACGGT-1",18
"GCATACACAACGCACC-1",14
"GCATACACAAGGACTG-1",0
"GCATACACAAGTCTGT-1",0
"GCATACACAGTCAGCC-1",12
"GCATACACATCCTAGA-1",11
"GCATACACATCGGAAG-1",9
"GCATACAGTCCGAACC-1",11
"GCATACAGTTCTGGTA-1",5
"GCATACATCCACGACG-1",13
"GCATGATAGAATGTTG-1",10
"GCATGATAGAGTAATC-1",11
"GCATGATAGCTGATAA-1",9
"GCATGATAGGACCACA-1",12
"GCATGATAGGCTAGCA-1",8
"GCATGATAGTCAAGCG-1",10
"GCATGATAGTGGAGAA-1",10
"GCATGATCACACCGAC-1",3
"GCATGATCACATTTCT-1",18
"GCATGATGTCCCTACT-1",6
"GCATGATGTTGCGCAC-1",3
"GCATGATTCGTGGACC-1",8
"GCATGCGAGCATGGCA-1",15
"GCATGCGAGTCCAGGA-1",5
"GCATGCGCACTGCCAG-1",7
"GCATGCGGTAAGGATT-1",4
"GCATGCGGTCCTCTTG-1",9
"GCATGCGGTGTGAAAT-1",9
"GCATGCGTCCGCGGTA-1",13
"GCATGTAAGAACTGTA-1",4
"GCATGTAAGACAGACC-1",9
"GCATGTAAGTACTTGC-1",14
"GCATGTAAGTGCAAGC-1",14
"GCATGTACAACACGCC-1",17
"GCATGTATCACGAAGG-1",0
"GCCAAATCAAACTGTC-1",15
"GCCAAATCAAGGGTCA-1",15
"GCCAAATCAAGTTCTG-1",6
"GCCAAATCAGCCACCA-1",6
"GCCAAATCATAACCTG-1",7
"GCCAAATGTATAAACG-1",9
"GCCAAATGTGTTTGGT-1",7
"GCCAAATGTTTCGCTC-1",1
"GCCAAATTCAGGTAAA-1",10
"GCCAAATTCCGAGCCA-1",6
"GCCAAATTCCGCGGTA-1",6
"GCCAAATTCGGCTACG-1",1
"GCCTCTAAGAGTACCG-1",0
"GCCTCTAAGCCATCGC-1",2
"GCCTCTAAGCCGCCTA-1",5
"GCCTCTAAGCGATAGC-1",15
"GCCTCTAAGCTGCAAG-1",18
"GCCTCTAAGCTTCGCG-1",21
"GCCTCTAAGTCACGCC-1",2
"GCCTCTACAAGACGTG-1",9
"GCCTCTACAGCTATTG-1",8
"GCCTCTAGTAAGGATT-1",15
"GCCTCTAGTGATGATA-1",17
"GCCTCTAGTTAAGGGC-1",8
"GCCTCTATCAGCGACC-1",6
"GCCTCTATCCGATATG-1",9
"GCCTCTATCGAATCCA-1",7
"GCCTCTATCGAGCCCA-1",9
"GCCTCTATCGCTGATA-1",0
"GCCTCTATCTTTAGGG-1",4
"GCGACCAAGAGGTTAT-1",7
"GCGACCACACTTACGA-1",4
"GCGACCAGTCAGGACA-1",8
"GCGACCAGTCTAGAGG-1",6
"GCGACCATCAACGGGA-1",15
"GCGACCATCCCGGATG-1",4
"GCGACCATCTACTCAT-1",14
"GCGAGAAAGGTTCCTA-1",5
"GCGAGAAAGTACGATA-1",15
"GCGAGAAAGTGTCTCA-1",7
"GCGAGAACAAGCCCAC-1",0
"GCGAGAACACTGAAGG-1",11
"GCGAGAAGTAGCGCTC-1",7
"GCGAGAAGTCCCTACT-1",9
"GCGAGAATCCTTTCGG-1",6
"GCGAGAATCGAGAGCA-1",8
"GCGAGAATCGCACTCT-1",10
"GCGCAACAGTCCTCCT-1",0
"GCGCAACAGTGTACGG-1",0
"GCGCAACCAAGTCTGT-1",6
"GCGCAACCAGCCACCA-1",8
"GCGCAACGTAGCGCTC-1",6
"GCGCAACGTCCCTTGT-1",11
"GCGCAACGTCCTAGCG-1",13
"GCGCAACGTCGACTAT-1",11
"GCGCAACGTCTAGAGG-1",12
"GCGCAACGTGCACGAA-1",5
"GCGCAACTCAATACCG-1",4
"GCGCAGTCACATCCAA-1",9
"GCGCAGTCATTACCTT-1",9
"GCGCAGTGTTAGGGTG-1",10
"GCGCAGTTCGATCCCT-1",14
"GCGCAGTTCGCGGATC-1",16
"GCGCCAAAGACATAAC-1",0
"GCGCCAAAGGACAGCT-1",11
"GCGCCAAAGGCCCTTG-1",11
"GCGCCAAAGGGCTTCC-1",4
"GCGCCAAAGGTACTCT-1",11
"GCGCCAACATAACCTG-1",10
"GCGCCAACATTGGGCC-1",8
"GCGCCAAGTACTTGAC-1",4
"GCGCCAAGTCGGCACT-1",4
"GCGCCAAGTGAAAGAG-1",13
"GCGCCAAGTTGTACAC-1",7
"GCGCCAATCCGTTGCT-1",7
"GCGCGATAGAAGGTTT-1",6
"GCGCGATAGCAGGTCA-1",7
"GCGCGATAGTGAATTG-1",8
"GCGCGATAGTTTGCGT-1",6
"GCGCGATCAGCTCGAC-1",11
"GCGCGATGTAAGTAGT-1",9
"GCGCGATGTATCACCA-1",2
"GCGCGATGTCACTTCC-1",4
"GCGCGATGTTACCAGT-1",11
"GCGCGATTCAGTTAGC-1",4
"GCGCGATTCGTTTAGG-1",5
"GCGGGTTAGAAACGAG-1",1
"GCGGGTTAGCTATGCT-1",7
"GCGGGTTAGTGTGAAT-1",9
"GCGGGTTCACGCGAAA-1",14
"GCGGGTTCAGGCAGTA-1",11
"GCGGGTTCAGTAACGG-1",10
"GCGGGTTGTGAGTATA-1",15
"GCGGGTTGTGGCGAAT-1",8
"GCGGGTTTCCAAAGTC-1",19
"GCGGGTTTCCTTTCTC-1",10
"GCGGGTTTCTCCAACC-1",6
"GCGGGTTTCTTGAGGT-1",7
"GCGGGTTTCTTGTATC-1",16
"GCTCCTACAAACTGTC-1",5
"GCTCCTACACCAGGTC-1",8
"GCTCCTACACCGATAT-1",10
"GCTCCTACAGGGTACA-1",9
"GCTCCTACATTAGCCA-1",10
"GCTCCTAGTCAGGACA-1",0
"GCTCCTAGTCCGTCAG-1",19
"GCTCCTATCAGCCTAA-1",5
"GCTCCTATCCCTAATT-1",11
"GCTCTGTAGAGGTAGA-1",10
"GCTCTGTAGCTGAACG-1",5
"GCTCTGTAGGAGTCTG-1",4
"GCTCTGTAGTGCTGCC-1",3
"GCTCTGTAGTGGACGT-1",12
"GCTCTGTTCACCTCGT-1",25
"GCTGCAGAGCGTGAGT-1",11
"GCTGCAGAGTCAAGCG-1",15
"GCTGCAGAGTCCCACG-1",9
"GCTGCAGCAATTGCTG-1",14
"GCTGCAGCATGCCCGA-1",6
"GCTGCAGCATGCCTAA-1",4
"GCTGCAGGTAAACCTC-1",9
"GCTGCAGGTACGAAAT-1",10
"GCTGCAGGTAGCGCAA-1",13
"GCTGCAGGTCACCCAG-1",12
"GCTGCAGGTCATGCCG-1",24
"GCTGCGAAGGAATGGA-1",17
"GCTGCGAGTCTAACGT-1",7
"GCTGCGAGTGTTTGGT-1",17
"GCTGCGATCTCCTATA-1",7
"GCTGCGATCTTGTTTG-1",9
"GCTGCTTAGAATTGTG-1",13
"GCTGCTTAGGCAATTA-1",5
"GCTGCTTCATCACGTA-1",12
"GCTGCTTCATCCAACA-1",0
"GCTGCTTCATGCCTAA-1",5
"GCTGCTTCATGGTCAT-1",8
"GCTGCTTGTAACGACG-1",5
"GCTGCTTGTAATCGTC-1",4
"GCTGCTTGTAGGGACT-1",10
"GCTGCTTGTGAAAGAG-1",10
"GCTGCTTTCCGGGTGT-1",12
"GCTGGGTAGACCCACC-1",10
"GCTGGGTAGCCACGCT-1",13
"GCTGGGTAGTCGCCGT-1",9
"GCTGGGTAGTCTCAAC-1",6
"GCTGGGTCACGGCTAC-1",0
"GCTGGGTCAGCCAATT-1",7
"GCTGGGTGTACAGTTC-1",3
"GCTGGGTGTACCGTTA-1",7
"GCTGGGTGTCGAGTTT-1",7
"GCTGGGTGTCTCCACT-1",3
"GCTGGGTGTGCCTGTG-1",4
"GCTGGGTTCAGCTTAG-1",4
"GCTGGGTTCCTTAATC-1",0
"GCTTCCAAGAAACCTA-1",6
"GCTTCCACACCACCAG-1",5
"GCTTCCACAGGTCGTC-1",7
"GCTTCCACAGTGAGTG-1",4
"GCTTCCAGTATAGGTA-1",9
"GCTTCCAGTTCAGCGC-1",17
"GCTTCCATCGTCCAGG-1",9
"GCTTGAAAGATGGCGT-1",5
"GCTTGAAAGCCGTCGT-1",4
"GCTTGAACAAACCTAC-1",12
"GCTTGAACACGGTGTC-1",7
"GCTTGAACATCGGAAG-1",19
"GCTTGAAGTGCGGTAA-1",9
"GCTTGAAGTTCTCATT-1",13
"GCTTGAATCAGGATCT-1",9
"GGAAAGCAGGCAGGTT-1",13
"GGAAAGCCAAACGCGA-1",9
"GGAAAGCCAAGTACCT-1",11
"GGAAAGCGTAAGCACG-1",10
"GGAAAGCGTCCTCCAT-1",8
"GGAAAGCGTCGCGTGT-1",6
"GGAAAGCGTGCTTCTC-1",13
"GGAAAGCTCCAGAGGA-1",8
"GGAACTTAGAGTAAGG-1",8
"GGAACTTCAATGTAAG-1",5
"GGAACTTCACAGGAGT-1",1
"GGAACTTCACCTCGTT-1",8
"GGAACTTGTCTCTTTA-1",22
"GGAACTTTCATTGCCC-1",7
"GGAACTTTCATTTGGG-1",11
"GGAACTTTCCGTCATC-1",5
"GGAACTTTCCTCAACC-1",6
"GGAACTTTCGGATGTT-1",6
"GGAATAAAGGTACTCT-1",9
"GGAATAAAGTGTCCAT-1",9
"GGAATAACAGCGTCCA-1",5
"GGAATAAGTCTGGTCG-1",6
"GGAATAAGTGCAGGTA-1",9
"GGAATAATCAGCACAT-1",4
"GGAATAATCTTTACGT-1",10
"GGACAAGAGGTACTCT-1",8
"GGACAAGCAACGATGG-1",17
"GGACAAGCAGTCGTGC-1",0
"GGACAAGCATGGGACA-1",11
"GGACAAGGTATAAACG-1",12
"GGACAAGGTATGAAAC-1",8
"GGACAAGGTCGGCATC-1",2
"GGACAAGGTTATGCGT-1",6
"GGACAAGTCTAACGGT-1",13
"GGACAGAAGCTAGTCT-1",9
"GGACAGAAGTACTTGC-1",11
"GGACAGACAACACGCC-1",7
"GGACAGACACAAGCCC-1",10
"GGACAGAGTAAGTGGC-1",11
"GGACAGAGTCTTTCAT-1",5
"GGACAGAGTGAGGGAG-1",15
"GGACAGAGTTCCACAA-1",12
"GGACAGATCAACGCTA-1",9
"GGACATTAGAGGGCTT-1",8
"GGACATTAGCCACGTC-1",5
"GGACATTCAAACGCGA-1",0
"GGACATTCAATGACCT-1",3
"GGACATTCACCAGCAC-1",7
"GGACATTGTTCTGGTA-1",5
"GGACATTTCCTCTAGC-1",8
"GGACGTCAGTACTTGC-1",10
"GGACGTCAGTGGTAAT-1",9
"GGACGTCCACAGTCGC-1",11
"GGACGTCGTGAGGGAG-1",5
"GGACGTCGTGGCGAAT-1",3
"GGACGTCGTTACGGAG-1",9
"GGACGTCGTTTAAGCC-1",8
"GGACGTCTCCACTCCA-1",13
"GGACGTCTCGCAAACT-1",12
"GGACGTCTCTCCAGGG-1",8
"GGACGTCTCTCGAGTA-1",1
"GGACGTCTCTGGTGTA-1",6
"GGACGTCTCTTCGAGA-1",8
"GGAGCAAAGAACTCGG-1",3
"GGAGCAAAGACTGTAA-1",14
"GGAGCAAAGCCGCCTA-1",5
"GGAGCAAAGCTAAACA-1",1
"GGAGCAAAGTACGCCC-1",4
"GGAGCAACAAGCTGTT-1",10
"GGAGCAACAATGGACG-1",8
"GGAGCAACAATTCCTT-1",8
"GGAGCAACATGCTGGC-1",10
"GGAGCAAGTGAGTATA-1",10
"GGAGCAAGTTACTGAC-1",9
"GGAGCAATCAAGATCC-1",15
"GGAGCAATCCCATTTA-1",9
"GGATGTTCAAACTGTC-1",0
"GGATGTTTCATCACCC-1",7
"GGATGTTTCATGCATG-1",7
"GGATGTTTCCTACAGA-1",11
"GGATGTTTCCTCTAGC-1",14
"GGATTACAGATCCCAT-1",7
"GGATTACAGCTTCGCG-1",0
"GGATTACAGGCTAGCA-1",17
"GGATTACAGTATCTCG-1",13
"GGATTACCAAGCGTAG-1",19
"GGATTACCACATCCGG-1",10
"GGATTACCAGCGTAAG-1",8
"GGATTACGTAATAGCA-1",7
"GGATTACGTACACCGC-1",7
"GGATTACGTCTCTTTA-1",1
"GGATTACGTTGAGGTG-1",13
"GGATTACTCGCGCCAA-1",8
"GGATTACTCGGCGCAT-1",10
"GGATTACTCTGCCCTA-1",13
"GGCAATTCAATCGGTT-1",11
"GGCAATTCACGGCGTT-1",15
"GGCAATTCATCACCCT-1",6
"GGCAATTGTCGATTGT-1",8
"GGCAATTTCACTTACT-1",8
"GGCAATTTCAGCACAT-1",3
"GGCAATTTCTCCGGTT-1",8
"GGCCGATAGTGTCTCA-1",12
"GGCCGATCACGGACAA-1",10
"GGCCGATGTAGGACAC-1",5
"GGCCGATGTCACTGGC-1",20
"GGCCGATGTCCCTACT-1",9
"GGCCGATTCACCGTAA-1",9
"GGCCGATTCCGCGCAA-1",7
"GGCGACTAGAGCTGGT-1",1
"GGCGACTAGGACCACA-1",7
"GGCGACTAGGTTACCT-1",11
"GGCGACTCAAAGCGGT-1",13
"GGCGACTCAAGAGTCG-1",10
"GGCGACTCACCAGGTC-1",8
"GGCGACTCATTGTGCA-1",6
"GGCGACTTCAGAAATG-1",1
"GGCGACTTCAGAGACG-1",9
"GGCGACTTCCAGATCA-1",9
"GGCGACTTCTCTAGGA-1",9
"GGCGTGTAGCTAGCCC-1",9
"GGCGTGTAGGGTATCG-1",4
"GGCGTGTCAGGTCCAC-1",8
"GGCGTGTCAGTATAAG-1",8
"GGCGTGTCATCGTCGG-1",10
"GGCGTGTCATGGAATA-1",7
"GGCGTGTGTCTCCCTA-1",4
"GGCGTGTTCTTGAGGT-1",10
"GGCTCGAAGCCGTCGT-1",9
"GGCTCGAAGGTAAACT-1",0
"GGCTCGACAAGAAGAG-1",11
"GGCTCGACAATAGCAA-1",0
"GGCTCGACATGGTCAT-1",11
"GGCTCGAGTATATCCG-1",15
"GGCTCGAGTTACGTCA-1",8
"GGCTCGAGTTAGGGTG-1",16
"GGCTCGATCTGCAAGT-1",0
"GGCTGGTAGAAGAAGC-1",6
"GGCTGGTAGACCCACC-1",9
"GGCTGGTCAAGGACAC-1",12
"GGCTGGTCACTGCCAG-1",6
"GGCTGGTCATTTCAGG-1",3
"GGCTGGTGTATTCTCT-1",7
"GGCTGGTGTCGCATCG-1",0
"GGCTGGTGTCTAGTGT-1",13
"GGCTGGTGTTATGCGT-1",8
"GGGAATGAGCGTTGCC-1",8
"GGGAATGAGTAGGTGC-1",6
"GGGAATGGTAAGGGAA-1",8
"GGGAATGTCAACGAAA-1",5
"GGGAATGTCCAGTATG-1",5
"GGGAATGTCCGGGTGT-1",9
"GGGACCTAGATGTAAC-1",10
"GGGACCTAGTCTTGCA-1",9
"GGGACCTCAATCAGAA-1",6
"GGGACCTCACTGAAGG-1",6
"GGGAGATAGTACGACG-1",10
"GGGAGATCAAAGTGCG-1",13
"GGGAGATCAAATCCGT-1",11
"GGGAGATCAAGGACTG-1",5
"GGGAGATCACGCGAAA-1",5
"GGGAGATGTAGCGCAA-1",14
"GGGAGATTCAACGGGA-1",5
"GGGAGATTCATCACCC-1",8
"GGGATGAAGTGACATA-1",8
"GGGATGACATCATCCC-1",5
"GGGATGAGTCACCCAG-1",8
"GGGATGAGTGGAAAGA-1",4
"GGGATGAGTTACGACT-1",5
"GGGATGAGTTGGTAAA-1",3
"GGGATGATCAGTTAGC-1",11
"GGGATGATCTATCCTA-1",17
"GGGATGATCTTTAGGG-1",3
"GGGCACTAGTCTCGGC-1",7
"GGGCACTCATCTCCCA-1",5
"GGGCACTTCACCTCGT-1",14
"GGGCACTTCTGAGGGA-1",9
"GGGCATCCAATGTAAG-1",12
"GGGCATCCAGTCTTCC-1",11
"GGGCATCGTGGCGAAT-1",0
"GGGCATCTCACAGTAC-1",11
"GGGCATCTCCCTTGTG-1",10
"GGGCATCTCCGGCACA-1",11
"GGGCATCTCTGTCCGT-1",8
"GGGCATCTCTTATCTG-1",6
"GGGTCTGAGAAGATTC-1",9
"GGGTCTGAGATCCCGC-1",10
"GGGTCTGAGCCAACAG-1",3
"GGGTCTGCACAGGCCT-1",6
"GGGTCTGCACCAGGTC-1",20
"GGGTCTGGTCTGGTCG-1",6
"GGGTCTGGTGATGATA-1",7
"GGGTCTGGTGTGACCC-1",5
"GGGTCTGTCAACTCTT-1",5
"GGGTCTGTCACTCCTG-1",7
"GGGTCTGTCCGTAGTA-1",7
"GGGTTGCAGACAGAGA-1",0
"GGGTTGCAGACCTTTG-1",8
"GGGTTGCAGATCGATA-1",6
"GGGTTGCAGGGTGTTG-1",3
"GGGTTGCAGGTGGGTT-1",7
"GGGTTGCCAATAACGA-1",3
"GGGTTGCCACGCCAGT-1",7
"GGGTTGCCATTAACCG-1",11
"GGGTTGCGTACATCCA-1",9
"GGGTTGCGTAGCGCAA-1",13
"GGGTTGCGTCCTCCAT-1",15
"GGGTTGCGTCGAGTTT-1",16
"GGGTTGCGTGAGTATA-1",16
"GGGTTGCGTGTGACCC-1",4
"GGGTTGCTCGTACCGG-1",10
"GGTATTGAGCACCGTC-1",9
"GGTATTGAGCTATGCT-1",10
"GGTATTGCACATCCAA-1",9
"GGTATTGCAGCTTCGG-1",8
"GGTATTGGTTCCGTCT-1",11
"GGTATTGTCAGAAATG-1",17
"GGTATTGTCCATTCTA-1",1
"GGTATTGTCGCCAGCA-1",4
"GGTGAAGAGACACGAC-1",9
"GGTGAAGAGATCCGAG-1",8
"GGTGAAGCAAGGTGTG-1",10
"GGTGAAGCACTCGACG-1",6
"GGTGAAGCAGTATGCT-1",18
"GGTGAAGGTATGAAAC-1",16
"GGTGAAGGTCAGAATA-1",9
"GGTGAAGGTGGTACAG-1",9
"GGTGAAGGTGTATGGG-1",14
"GGTGAAGGTGTCTGAT-1",9
"GGTGAAGGTGTGGTTT-1",17
"GGTGAAGGTGTGTGCC-1",7
"GGTGAAGTCACGATGT-1",7
"GGTGAAGTCACTCTTA-1",9
"GGTGAAGTCTGGCGTG-1",12
"GGTGCGTAGGTGATTA-1",8
"GGTGCGTAGTACGATA-1",6
"GGTGCGTCACTTAAGC-1",20
"GGTGCGTCAGCTGTAT-1",11
"GGTGCGTGTTCGTTGA-1",12
"GGTGCGTTCCGTACAA-1",6
"GGTGCGTTCTTGACGA-1",5
"GGTGTTAAGGGCTCTC-1",12
"GGTGTTAAGTAGCGGT-1",0
"GGTGTTAAGTGGGATC-1",9
"GGTGTTAAGTTATCGC-1",0
"GGTGTTACAAATCCGT-1",4
"GGTGTTACACGGATAG-1",3
"GGTGTTAGTAATCACC-1",10
"GGTGTTAGTAGCAAAT-1",4
"GGTGTTAGTGTATGGG-1",3
"GGTGTTAGTTGAACTC-1",9
"GGTGTTATCGGACAAG-1",9
"GGTGTTATCGGTGTTA-1",12
"GGTGTTATCTACTTAC-1",9
"GTAACGTAGGTGACCA-1",7
"GTAACGTCACAGGCCT-1",7
"GTAACGTGTACCATCA-1",5
"GTAACGTGTGAGTATA-1",8
"GTAACGTGTTACGGAG-1",2
"GTAACGTGTTAGGGTG-1",12
"GTAACGTTCGGTCCGA-1",6
"GTAACGTTCTCATTCA-1",12
"GTAACTGAGTGGGTTG-1",18
"GTAACTGCAATGGAAT-1",6
"GTAACTGCACAGGCCT-1",11
"GTAACTGCAGGATCGA-1",15
"GTAACTGCATCGGGTC-1",11
"GTAACTGGTATTACCG-1",9
"GTAACTGTCACGGTTA-1",8
"GTAACTGTCTACTATC-1",2
"GTACGTAAGGTGCTTT-1",9
"GTACGTACAGGAATGC-1",0
"GTACGTACATGGATGG-1",0
"GTACGTAGTGAGTGAC-1",21
"GTACGTAGTTGGTAAA-1",14
"GTACGTATCACCTCGT-1",12
"GTACGTATCATCGGAT-1",11
"GTACGTATCCACTGGG-1",8
"GTACTCCAGGCAGTCA-1",8
"GTACTCCCAATAGCGG-1",4
"GTACTCCCACAGGTTT-1",7
"GTACTCCTCACCTTAT-1",10
"GTACTCCTCATTGCCC-1",2
"GTACTCCTCCTTCAAT-1",0
"GTACTTTCAGTTAACC-1",11
"GTACTTTCATGTCGAT-1",6
"GTACTTTTCCGAAGAG-1",11
"GTAGGCCAGCAATCTC-1",0
"GTAGGCCCATTCGACA-1",20
"GTAGGCCGTAACGCGA-1",2
"GTAGGCCGTAAGGGCT-1",13
"GTAGGCCGTACGACCC-1",15
"GTAGGCCGTTCAGGCC-1",12
"GTAGGCCGTTGATTGC-1",13
"GTAGGCCTCAGCACAT-1",9
"GTAGTCAAGAATGTGT-1",10
"GTAGTCAAGATGCCTT-1",5
"GTAGTCAAGGACGAAA-1",6
"GTAGTCAAGTGAAGAG-1",1
"GTAGTCATCGTCACGG-1",15
"GTAGTCATCTGAAAGA-1",2
"GTATCTTAGAAACCAT-1",11
"GTATCTTAGGCTATCT-1",12
"GTATCTTAGTTGTCGT-1",18
"GTATCTTCACACCGCA-1",5
"GTATCTTCACGAAGCA-1",9
"GTATCTTGTTCGCTAA-1",7
"GTATCTTTCATGCTCC-1",8
"GTATCTTTCATGTAGC-1",12
"GTATTCTAGAAACCAT-1",6
"GTATTCTAGACAAAGG-1",6
"GTATTCTCAAAGTCAA-1",12
"GTATTCTCAACAACCT-1",11
"GTATTCTCAACTTGAC-1",10
"GTATTCTCAATAAGCA-1",15
"GTATTCTCAGGGTTAG-1",7
"GTATTCTCATACTACG-1",16
"GTATTCTCATGGTAGG-1",5
"GTATTCTGTAGTGAAT-1",2
"GTATTCTGTCTAGAGG-1",7
"GTCAAGTCATATGCTG-1",0
"GTCAAGTCATGGTTGT-1",15
"GTCAAGTGTCAGCTAT-1",1
"GTCAAGTGTTCCACTC-1",9
"GTCACAAAGCCGATTT-1",6
"GTCACAAAGTGGAGTC-1",12
"GTCACAACAGGTGGAT-1",6
"GTCACAAGTAAACGCG-1",6
"GTCACAATCAGGATCT-1",4
"GTCACAATCAGTTGAC-1",11
"GTCACAATCATGCATG-1",10
"GTCACGGAGATCACGG-1",14
"GTCACGGCATATACCG-1",12
"GTCACGGGTGAGTGAC-1",7
"GTCACGGGTGTGGCTC-1",11
"GTCACGGTCGAGAGCA-1",6
"GTCACGGTCTACCTGC-1",12
"GTCATTTAGAGACTAT-1",11
"GTCATTTCACGTGAGA-1",5
"GTCATTTGTAGAAGGA-1",10
"GTCATTTGTCAGATAA-1",9
"GTCATTTTCCAGAGGA-1",7
"GTCCTCAAGCCCAACC-1",9
"GTCCTCAAGTAGATGT-1",7
"GTCCTCAAGTGGGCTA-1",5
"GTCCTCACAATCACAC-1",13
"GTCCTCAGTGGAAAGA-1",7
"GTCCTCATCAAAGACA-1",5
"GTCCTCATCGTCCGTT-1",5
"GTCGGGTCACTGAAGG-1",6
"GTCGGGTCACTTCGAA-1",3
"GTCGGGTCATGAAGTA-1",5
"GTCGGGTGTCTCACCT-1",8
"GTCGGGTGTGTGACGA-1",11
"GTCGGGTGTGTGTGCC-1",8
"GTCGGGTGTTACGTCA-1",6
"GTCGGGTTCTGCTGTC-1",9
"GTCGGGTTCTGTGCAA-1",4
"GTCGTAAAGAGATGAG-1",21
"GTCGTAAAGCTGCAAG-1",16
"GTCGTAAAGGCGACAT-1",13
"GTCGTAACATCACGAT-1",15
"GTCGTAAGTATCACCA-1",6
"GTCGTAATCCAAGTAC-1",12
"GTCTCGTAGACCACGA-1",0
"GTCTCGTCAGGAACGT-1",8
"GTCTCGTGTGGTAACG-1",0
"GTCTCGTGTTTGGCGC-1",10
"GTCTCGTTCACCGGGT-1",7
"GTCTCGTTCAGTGCAT-1",12
"GTCTTCGAGACAAGCC-1",14
"GTCTTCGAGGAATGGA-1",8
"GTCTTCGAGTCAAGCG-1",3
"GTCTTCGCACATGGGA-1",4
"GTCTTCGCACCAGGTC-1",5
"GTCTTCGCAGACGCAA-1",9
"GTCTTCGCATAACCTG-1",6
"GTCTTCGCATCGATGT-1",11
"GTCTTCGGTCTAGTGT-1",8
"GTCTTCGTCTCGATGA-1",10
"GTGAAGGAGAGCTGGT-1",9
"GTGAAGGAGATCGGGT-1",4
"GTGAAGGAGCCAGTTT-1",9
"GTGAAGGAGTGTTGAA-1",12
"GTGAAGGCAAAGGCGT-1",9
"GTGAAGGCACTTAAGC-1",6
"GTGAAGGCAGATTGCT-1",13
"GTGAAGGGTATATGGA-1",10
"GTGAAGGGTCTCTCTG-1",3
"GTGAAGGTCTCCTATA-1",0
"GTGCAGCAGACATAAC-1",8
"GTGCAGCAGTGGTCCC-1",7
"GTGCAGCCACATCTTT-1",13
"GTGCAGCGTGAGTATA-1",4
"GTGCAGCTCTTAGAGC-1",4
"GTGCATAAGGCATGGT-1",9
"GTGCATAGTTTGTTGG-1",9
"GTGCATATCAGAGCTT-1",8
"GTGCATATCATCATTC-1",14
"GTGCATATCTGCGTAA-1",7
"GTGCGGTAGCAATCTC-1",12
"GTGCGGTAGGACAGAA-1",9
"GTGCGGTCAAAGGTGC-1",1
"GTGCGGTGTTCAGACT-1",8
"GTGCGGTGTTCTGTTT-1",8
"GTGCGGTTCATCTGCC-1",0
"GTGCGGTTCCAGGGCT-1",6
"GTGCGGTTCGGATGGA-1",10
"GTGCGGTTCTCGTTTA-1",9
"GTGCGGTTCTGCTGTC-1",21
"GTGCTTCAGCCAGTTT-1",6
"GTGCTTCAGGATTCGG-1",10
"GTGCTTCAGTACACCT-1",16
"GTGCTTCCACTTAACG-1",10
"GTGCTTCCAGCTATTG-1",6
"GTGCTTCGTAGAGTGC-1",16
"GTGCTTCTCACAATGC-1",11
"GTGCTTCTCACTTCAT-1",22
"GTGGGTCAGACCGGAT-1",9
"GTGGGTCAGACTGTAA-1",7
"GTGGGTCAGCCGTCGT-1",8
"GTGGGTCCACCAACCG-1",12
"GTGGGTCCACCACCAG-1",0
"GTGTGCGAGACCGGAT-1",8
"GTGTGCGAGACTTGAA-1",4
"GTGTGCGCAGGTCGTC-1",2
"GTGTGCGGTGAGCGAT-1",6
"GTGTGCGTCAGTCAGT-1",11
"GTGTGCGTCCCTTGTG-1",18
"GTGTGCGTCTAACTTC-1",10
"GTGTTAGAGCACGCCT-1",5
"GTGTTAGAGGACAGAA-1",4
"GTGTTAGAGGCATGGT-1",17
"GTGTTAGAGTGGAGAA-1",0
"GTGTTAGAGTTTGCGT-1",7
"GTGTTAGCAATGGAAT-1",7
"GTGTTAGCACCACCAG-1",1
"GTGTTAGGTGCCTGGT-1",11
"GTGTTAGGTGGAAAGA-1",13
"GTGTTAGGTTCCATGA-1",8
"GTGTTAGGTTGGGACA-1",6
"GTTAAGCAGAGCTGCA-1",5
"GTTAAGCAGATAGCAT-1",16
"GTTAAGCAGCTAACAA-1",7
"GTTAAGCAGGCTACGA-1",11
"GTTAAGCAGTGTACCT-1",8
"GTTAAGCAGTTTGCGT-1",4
"GTTAAGCCATTCACTT-1",9
"GTTAAGCGTACTCGCG-1",10
"GTTAAGCGTCTAGGTT-1",6
"GTTAAGCGTGGCAAAC-1",9
"GTTAAGCGTTGCTCCT-1",0
"GTTAAGCTCCTTTCGG-1",13
"GTTACAGAGAGCTATA-1",7
"GTTACAGAGTACGATA-1",8
"GTTACAGCAGACGCCT-1",14
"GTTACAGCATCGGTTA-1",13
"GTTACAGGTATGGTTC-1",2
"GTTACAGGTCGACTGC-1",16
"GTTACAGGTCTAGGTT-1",7
"GTTCATTAGCGATGAC-1",10
"GTTCATTCATATACGC-1",10
"GTTCATTCATTGGCGC-1",7
"GTTCATTGTGCACGAA-1",10
"GTTCATTGTGTTAAGA-1",5
"GTTCATTGTTCAGTAC-1",6
"GTTCGGGAGACGACGT-1",14
"GTTCGGGAGCTAAGAT-1",4
"GTTCGGGAGTGTCTCA-1",9
"GTTCGGGGTAGGGTAC-1",4
"GTTCGGGGTGCAGGTA-1",20
"GTTCGGGTCCACGCAG-1",8
"GTTCGGGTCTACTTAC-1",13
"GTTCTCGAGACCACGA-1",10
"GTTCTCGAGCGATGAC-1",13
"GTTCTCGAGGCCATAG-1",7
"GTTCTCGCATCGGACC-1",5
"GTTCTCGGTAAGGGAA-1",14
"GTTCTCGGTAGCGTAG-1",0
"GTTCTCGGTCCGTGAC-1",9
"GTTCTCGGTGTTAAGA-1",10
"GTTCTCGTCAACGCTA-1",7
"GTTCTCGTCCTGTACC-1",12
"GTTTCTACAAACCTAC-1",8
"GTTTCTACAAGAAAGG-1",9
"GTTTCTAGTGTTGGGA-1",13
"GTTTCTATCCCAACGG-1",0
"GTTTCTATCCGTAGTA-1",10
"GTTTCTATCGGCATCG-1",12
"TAAACCGGTACTTAGC-1",13
"TAAACCGTCACTCTTA-1",15
"TAAACCGTCAGGCGAA-1",8
"TAAACCGTCCGTTGTC-1",7
"TAAACCGTCTTCCTTC-1",1
"TAAGAGACAAGTTGTC-1",12
"TAAGAGAGTATATCCG-1",6
"TAAGAGATCAATCACG-1",6
"TAAGAGATCTAACGGT-1",15
"TAAGAGATCTTTCCTC-1",12
"TAAGCGTAGTGGACGT-1",10
"TAAGCGTAGTGTCTCA-1",6
"TAAGCGTCAGCTTCGG-1",11
"TAAGCGTCAGGTGGAT-1",5
"TAAGCGTGTCCTGCTT-1",1
"TAAGCGTGTGCCTGGT-1",9
"TAAGCGTGTTGTTTGG-1",9
"TAAGCGTTCCTCATTA-1",9
"TAAGCGTTCGGCGCAT-1",11
"TAAGCGTTCTCGCATC-1",7
"TAAGTGCAGGCTAGGT-1",8
"TAAGTGCAGTAGCGGT-1",6
"TAAGTGCCAACGCACC-1",8
"TAAGTGCCATACAGCT-1",5
"TAAGTGCGTAAACACA-1",3
"TAAGTGCGTCTCACCT-1",8
"TAAGTGCGTTCAGACT-1",4
"TAAGTGCTCACCCTCA-1",6
"TAAGTGCTCACTGGGC-1",12
"TAAGTGCTCTGGCGTG-1",4
"TACACGACACCCATTC-1",6
"TACACGAGTGATAAAC-1",0
"TACACGATCTGTCTCG-1",11
"TACAGTGAGATGCGAC-1",5
"TACAGTGAGCGTTGCC-1",0
"TACAGTGAGTGTACGG-1",6
"TACAGTGCAGGAATCG-1",9
"TACAGTGCAGGTGCCT-1",21
"TACAGTGGTACTCAAC-1",5
"TACAGTGGTTGGACCC-1",8
"TACCTATAGAGCTGGT-1",0
"TACCTATAGAGTTGGC-1",9
"TACCTATAGGCTCATT-1",6
"TACCTATAGTTAGCGG-1",5
"TACCTATCAAGCTGGA-1",6
"TACCTATGTAAATGAC-1",5
"TACCTATGTAGAGTGC-1",5
"TACCTATGTCACCTAA-1",6
"TACCTATGTGTTGAGG-1",2
"TACCTATGTTAAAGAC-1",7
"TACCTATTCTATGTGG-1",14
"TACCTATTCTTCCTTC-1",14
"TACCTTAAGAGGTTGC-1",11
"TACCTTAAGTCAAGCG-1",12
"TACCTTAAGTGGTCCC-1",8
"TACCTTACAACTGGCC-1",9
"TACCTTACAAGGGTCA-1",5
"TACCTTACACTCAGGC-1",4
"TACCTTACATCTACGA-1",8
"TACCTTAGTAGCGTCC-1",10
"TACCTTAGTCTCCACT-1",9
"TACGGATAGATGGCGT-1",4
"TACGGATAGGTACTCT-1",10
"TACGGATCAGGGATTG-1",3
"TACGGATCATCACCCT-1",9
"TACGGATGTCTAGCCG-1",4
"TACGGATTCGGTGTCG-1",13
"TACGGATTCTACTATC-1",9
"TACGGGCAGGATGCGT-1",5
"TACGGGCAGGGAACGG-1",11
"TACGGGCAGTATTGGA-1",6
"TACGGGCAGTCAAGCG-1",8
"TACGGGCCAAGAAGAG-1",0
"TACGGGCCACCAGATT-1",0
"TACGGGCCATCAGTAC-1",6
"TACGGGCGTAAGGGCT-1",15
"TACGGGCGTCTGATTG-1",1
"TACGGGCGTGATGTGG-1",10
"TACGGGCTCACCTTAT-1",13
"TACGGGCTCAGCTCTC-1",6
"TACGGGCTCCACGAAT-1",10
"TACGGGCTCCTATTCA-1",11
"TACGGGCTCGGTGTTA-1",5
"TACGGTAAGATATGGT-1",10
"TACGGTAAGCCGATTT-1",8
"TACGGTAAGTCATGCT-1",6
"TACGGTAAGTGCCATT-1",5
"TACGGTACACAGGCCT-1",12
"TACGGTACATTTCAGG-1",9
"TACGGTAGTATATCCG-1",10
"TACGGTAGTCACTTCC-1",14
"TACGGTAGTGCAGGTA-1",2
"TACGGTAGTGGGTATG-1",0
"TACGGTATCGCAGGCT-1",15
"TACGGTATCGGACAAG-1",11
"TACGGTATCGTTTATC-1",13
"TACTCATAGTCACGCC-1",17
"TACTCATCAATCTACG-1",14
"TACTCATCACGGTAGA-1",8
"TACTCATCACTTCTGC-1",9
"TACTCATCATCCGTGG-1",5
"TACTCATCATGTCGAT-1",12
"TACTCATGTACAGCAG-1",8
"TACTCATGTCTTCAAG-1",8
"TACTCATTCCTTTCTC-1",3
"TACTCGCAGGCGACAT-1",0
"TACTCGCGTCAGAAGC-1",6
"TACTCGCGTCTGATTG-1",15
"TACTCGCGTGTAACGG-1",8
"TACTCGCGTTGAGTTC-1",6
"TACTCGCTCAACGGGA-1",8
"TACTCGCTCCGAATGT-1",8
"TACTTACAGACTAGGC-1",8
"TACTTACAGCTGAACG-1",9
"TACTTACAGTACACCT-1",5
"TACTTACAGTACGCCC-1",15
"TACTTACAGTGATCGG-1",7
"TACTTACCAAGCCGTC-1",15
"TACTTACCACAGGTTT-1",4
"TACTTACTCGCGTTTC-1",8
"TACTTGTAGCGATATA-1",4
"TACTTGTAGTAATCCC-1",14
"TACTTGTCAAACAACA-1",10
"TACTTGTCATGCAACT-1",4
"TACTTGTGTAGCACGA-1",4
"TACTTGTGTATAAACG-1",2
"TACTTGTGTTCCACAA-1",10
"TACTTGTTCTGCAGTA-1",14
"TAGACCAAGAGACGAA-1",1
"TAGACCAAGCCTCGTG-1",9
"TAGACCAAGTCGATAA-1",13
"TAGACCACAACACCCG-1",11
"TAGACCAGTAGATTAG-1",7
"TAGACCAGTTCATGGT-1",11
"TAGACCATCACTTCAT-1",6
"TAGACCATCGTCACGG-1",15
"TAGACCATCTCCAGGG-1",7
"TAGAGCTAGAATTCCC-1",7
"TAGAGCTAGTATTGGA-1",6
"TAGAGCTCACTGAAGG-1",10
"TAGAGCTGTACTTGAC-1",7
"TAGAGCTGTAGGGACT-1",10
"TAGAGCTGTCTAAAGA-1",8
"TAGCCGGAGACTGGGT-1",9
"TAGCCGGAGTCCCACG-1",6
"TAGCCGGAGTGACATA-1",10
"TAGCCGGCAGCAGTTT-1",14
"TAGCCGGGTACAGTGG-1",8
"TAGCCGGGTACCATCA-1",8
"TAGCCGGGTCGCGAAA-1",9
"TAGCCGGTCACGACTA-1",9
"TAGCCGGTCCAGGGCT-1",4
"TAGGCATAGAACTGTA-1",9
"TAGGCATAGCTAGGCA-1",9
"TAGGCATAGTCGTACT-1",4
"TAGGCATAGTTTAGGA-1",12
"TAGGCATCAAGCCTAT-1",8
"TAGGCATCAGACGCAA-1",5
"TAGGCATGTACGAAAT-1",9
"TAGGCATGTCCAGTTA-1",4
"TAGGCATGTTCCACTC-1",10
"TAGGCATTCCCTAACC-1",9
"TAGGCATTCGCTAGCG-1",8
"TAGGCATTCGTAGATC-1",10
"TAGGCATTCTTCATGT-1",5
"TAGTGGTAGATCACGG-1",10
"TAGTGGTAGCTGTTCA-1",10
"TAGTGGTCAGTATAAG-1",4
"TAGTGGTGTAGCGTAG-1",5
"TAGTGGTTCAGCATGT-1",2
"TAGTGGTTCGGCGCAT-1",3
"TAGTGGTTCTCAAGTG-1",4
"TAGTGGTTCTGGGCCA-1",11
"TAGTGGTTCTTTAGTC-1",7
"TAGTTGGAGATAGGAG-1",13
"TAGTTGGCAGACGCAA-1",8
"TAGTTGGCATGCGCAC-1",14
"TAGTTGGGTATGGTTC-1",9
"TAGTTGGTCCGAATGT-1",0
"TAGTTGGTCTACTCAT-1",0
"TAGTTGGTCTCTAAGG-1",16
"TAGTTGGTCTGATACG-1",6
"TATCAGGAGAGTAAGG-1",5
"TATCAGGAGATCCGAG-1",5
"TATCAGGAGCAGATCG-1",14
"TATCAGGAGGTGCTTT-1",8
"TATCAGGCAACTTGAC-1",15
"TATCAGGCACGTTGGC-1",13
"TATCAGGGTCCGTTAA-1",13
"TATCAGGGTCTGCAAT-1",6
"TATCAGGGTTAAAGAC-1",8
"TATCAGGTCAAGATCC-1",10
"TATCAGGTCCACTCCA-1",16
"TATCAGGTCGTAGGTT-1",11
"TATCTCAAGAGTTGGC-1",8
"TATCTCAAGCCACCTG-1",13
"TATCTCAAGCGTAATA-1",7
"TATCTCAAGGCTAGCA-1",8
"TATCTCAAGTGGGCTA-1",16
"TATCTCACATGTCCTC-1",10
"TATCTCAGTAACGACG-1",12
"TATCTCAGTACCTACA-1",6
"TATCTCAGTACGACCC-1",11
"TATCTCAGTCAATGTC-1",10
"TATCTCATCAAGCCTA-1",8
"TATGCCCAGAAACCGC-1",14
"TATGCCCAGGTAGCTG-1",7
"TATGCCCCAATGGAAT-1",11
"TATGCCCCACTTAACG-1",1
"TATGCCCCATGTTCCC-1",6
"TATGCCCGTAGCCTCG-1",10
"TATGCCCGTATAGGGC-1",13
"TATGCCCGTATGAAAC-1",8
"TATGCCCGTCGCCATG-1",25
"TATGCCCGTGCCTTGG-1",3
"TATGCCCGTTAAGATG-1",10
"TATGCCCGTTGGTGGA-1",7
"TATGCCCGTTTAGGAA-1",7
"TATGCCCTCGTCTGCT-1",11
"TATTACCAGAGAGCTC-1",8
"TATTACCAGCAAATCA-1",10
"TATTACCAGCCCGAAA-1",12
"TATTACCAGTATCTCG-1",4
"TATTACCCAAAGTGCG-1",13
"TATTACCCAGACAAGC-1",4
"TATTACCCAGTCAGCC-1",5
"TATTACCCATAAAGGT-1",0
"TATTACCCATCTACGA-1",12
"TATTACCGTCCAGTAT-1",4
"TCAACGAAGCCGATTT-1",11
"TCAACGAAGCGATGAC-1",11
"TCAACGAAGGCATGTG-1",11
"TCAACGAAGTAGTGCG-1",16
"TCAACGACACCAGGCT-1",6
"TCAACGACATGCCTTC-1",4
"TCAACGAGTTACCAGT-1",14
"TCAACGAGTTCCATGA-1",7
"TCAACGAGTTCTGGTA-1",12
"TCAACGATCAGTCCCT-1",7
"TCAACGATCTGTGCAA-1",12
"TCAATCTAGATCCCGC-1",18
"TCAATCTCACAAGCCC-1",6
"TCAATCTCACAGCCCA-1",7
"TCAATCTCATGACGGA-1",16
"TCAATCTCATTTGCTT-1",8
"TCAATCTGTAGTGAAT-1",8
"TCAATCTGTTAGATGA-1",8
"TCAATCTTCAGATAAG-1",3
"TCAATCTTCATGTCCC-1",0
"TCACAAGAGACTGGGT-1",4
"TCACAAGAGAGAGCTC-1",9
"TCACAAGAGGCCCTCA-1",8
"TCACAAGAGGTGGGTT-1",6
"TCACAAGAGTAGATGT-1",12
"TCACAAGCAGTATGCT-1",9
"TCACAAGCATAACCTG-1",3
"TCACAAGCATGACATC-1",14
"TCACAAGGTCAGATAA-1",11
"TCACAAGGTGTGGTTT-1",4
"TCACAAGTCATCATTC-1",5
"TCACAAGTCATGCATG-1",7
"TCACGAAAGCTCCTTC-1",11
"TCACGAAAGGTGCTTT-1",1
"TCACGAAAGTCTCGGC-1",10
"TCACGAACACAAGACG-1",10
"TCACGAACACTGTCGG-1",7
"TCACGAAGTGGTCCGT-1",8
"TCACGAAGTTGGTGGA-1",12
"TCACGAATCATGCAAC-1",8
"TCACGAATCCCGACTT-1",4
"TCACGAATCCTCGCAT-1",15
"TCACGAATCGTCACGG-1",7
"TCAGATGAGGTGCACA-1",8
"TCAGATGGTCTTGTCC-1",14
"TCAGATGGTGCCTGCA-1",3
"TCAGATGGTGCTGTAT-1",2
"TCAGATGTCAGTTTGG-1",9
"TCAGATGTCGCATGAT-1",5
"TCAGATGTCTCCTATA-1",0
"TCAGCAAAGGAGTCTG-1",11
"TCAGCAAAGGCTCATT-1",13
"TCAGCAAAGTACGACG-1",6
"TCAGCAAAGTGGCACA-1",4
"TCAGCAACACGCATCG-1",5
"TCAGCAAGTACCGGCT-1",9
"TCAGCAATCAGCGATT-1",11
"TCAGCAATCGGAAACG-1",10
"TCAGCAATCTTCAACT-1",9
"TCAGCTCAGGTGTTAA-1",5
"TCAGCTCAGTATGACA-1",14
"TCAGCTCCAATCTGCA-1",10
"TCAGCTCCACGGTTTA-1",6
"TCAGCTCGTAATAGCA-1",7
"TCAGCTCGTCCGTCAG-1",11
"TCAGCTCGTTCACGGC-1",12
"TCAGCTCTCACGATGT-1",12
"TCAGCTCTCATGCATG-1",12
"TCAGCTCTCCTAAGTG-1",4
"TCAGCTCTCTCGTATT-1",0
"TCAGGATAGACAGAGA-1",9
"TCAGGATAGATATGGT-1",6
"TCAGGATCAAACGTGG-1",10
"TCAGGATCAAGTTCTG-1",8
"TCAGGATCACGGTGTC-1",4
"TCAGGATCACTGTGTA-1",7
"TCAGGATCAGCATACT-1",6
"TCAGGATCATCTGGTA-1",11
"TCAGGATGTAAGCACG-1",18
"TCAGGATGTGGCCCTA-1",11
"TCAGGATTCCGATATG-1",9
"TCAGGATTCTCGATGA-1",11
"TCAGGTAAGATGGCGT-1",5
"TCAGGTAAGTGTTTGC-1",11
"TCAGGTACACAAGTAA-1",11
"TCAGGTACACAGAGGT-1",8
"TCAGGTACAGCTGCTG-1",8
"TCAGGTAGTAAACGCG-1",7
"TCATTACAGAAACCAT-1",8
"TCATTACAGGAGTTGC-1",10
"TCATTACAGTTGCAGG-1",14
"TCATTACCACATCCAA-1",8
"TCATTACCAGTCAGCC-1",1
"TCATTACGTACGCACC-1",15
"TCATTACGTCTAGAGG-1",1
"TCATTACGTGAAGGCT-1",9
"TCATTACGTTCTGTTT-1",18
"TCATTACTCATCGATG-1",5
"TCATTTGAGCCAGTTT-1",13
"TCATTTGCACGTCTCT-1",1
"TCATTTGCAGTTAACC-1",6
"TCATTTGTCCAGAGGA-1",6
"TCATTTGTCCCTTGCA-1",9
"TCATTTGTCCGTCAAA-1",10
"TCATTTGTCGCTAGCG-1",10
"TCATTTGTCGTACGGC-1",2
"TCATTTGTCTCTGCTG-1",10
"TCCACACCAAAGAATC-1",4
"TCCACACCACGCCAGT-1",15
"TCCACACGTACAGCAG-1",14
"TCCACACGTAGCCTAT-1",11
"TCCACACGTCATCGGC-1",15
"TCCACACGTGACCAAG-1",10
"TCCACACGTGCGAAAC-1",8
"TCCACACTCAACACCA-1",13
"TCCACACTCCAGTATG-1",9
"TCCACACTCCCATTTA-1",5
"TCCACACTCGAACTGT-1",9
"TCCCGATAGAAGAAGC-1",7
"TCCCGATAGCACAGGT-1",1
"TCCCGATAGCCGGTAA-1",11
"TCCCGATCAAGGTTCT-1",11
"TCCCGATCAGCCAATT-1",13
"TCCCGATCATCCAACA-1",9
"TCCCGATGTAAGGATT-1",8
"TCCCGATGTCAATACC-1",6
"TCCCGATTCAGAAATG-1",0
"TCCCGATTCAGTCCCT-1",10
"TCCCGATTCATCTGTT-1",12
"TCCCGATTCCCTAATT-1",9
"TCCCGATTCTGGAGCC-1",8
"TCGAGGCAGCGATGAC-1",7
"TCGAGGCAGTGTTTGC-1",11
"TCGAGGCCAAAGAATC-1",12
"TCGAGGCCAAGTTCTG-1",11
"TCGAGGCCAGTAACGG-1",7
"TCGAGGCGTATATCCG-1",9
"TCGAGGCTCGCAAGCC-1",15
"TCGAGGCTCTTGAGAC-1",8
"TCGAGGCTCTTTCCTC-1",16
"TCGCGAGAGACAAAGG-1",10
"TCGCGAGAGTGAATTG-1",6
"TCGCGAGCAAGCGTAG-1",7
"TCGCGAGCACCGAATT-1",5
"TCGCGAGCAGTAAGAT-1",0
"TCGCGAGTCCACGAAT-1",9
"TCGCGAGTCTAGCACA-1",10
"TCGCGAGTCTCTAGGA-1",8
"TCGCGAGTCTTCATGT-1",10
"TCGCGTTAGTGGGCTA-1",10
"TCGCGTTCACAGGCCT-1",3
"TCGCGTTCATCACAAC-1",4
"TCGCGTTCATCTCGCT-1",1
"TCGCGTTGTTCACCTC-1",8
"TCGCGTTTCAAGATCC-1",8
"TCGCGTTTCAGGTAAA-1",11
"TCGCGTTTCATTCACT-1",10
"TCGCGTTTCCTGTACC-1",11
"TCGCGTTTCGCCCTTA-1",14
"TCGGGACCACACATGT-1",0
"TCGGGACTCCTTGCCA-1",8
"TCGGGACTCTGCGGCA-1",6
"TCGGGACTCTTGTCAT-1",10
"TCGGTAAAGACAGGCT-1",3
"TCGGTAAAGCTCAACT-1",12
"TCGGTAACAAGCTGAG-1",9
"TCGGTAACAGGAATGC-1",14
"TCGGTAAGTATATGGA-1",10
"TCGGTAAGTCTAGTCA-1",12
"TCGGTAATCCCGGATG-1",7
"TCGTACCAGCAGGCTA-1",12
"TCGTACCAGTTTCCTT-1",8
"TCGTACCGTTTGCATG-1",11
"TCGTACCTCGGGAGTA-1",6
"TCGTAGAAGCTAACTC-1",14
"TCGTAGAAGGCGACAT-1",19
"TCGTAGAAGGGAACGG-1",6
"TCGTAGAAGTCCATAC-1",9
"TCGTAGACAATCCAAC-1",0
"TCGTAGACACTCAGGC-1",9
"TCGTAGAGTATGAATG-1",12
"TCGTAGAGTGAGCGAT-1",9
"TCGTAGAGTGTGTGCC-1",15
"TCGTAGAGTTCAACCA-1",14
"TCGTAGAGTTCCATGA-1",10
"TCGTAGATCCAAGCCG-1",15
"TCGTAGATCTTAGCCC-1",9
"TCTATTGAGCGATTCT-1",12
"TCTATTGAGTGCCATT-1",8
"TCTATTGCACATCTTT-1",17
"TCTATTGGTAAGTGTA-1",7
"TCTATTGGTCCAACTA-1",5
"TCTATTGGTCTGCCAG-1",9
"TCTATTGGTTGCTCCT-1",10
"TCTATTGTCGGCGCTA-1",6
"TCTCATAAGCTAAACA-1",8
"TCTCATAAGCTAGTCT-1",5
"TCTCATAAGTGCCATT-1",6
"TCTCATAGTACCGGCT-1",4
"TCTCATAGTGTAAGTA-1",9
"TCTCATATCAAGCCTA-1",11
"TCTCATATCACCTTAT-1",9
"TCTCATATCCTGTACC-1",10
"TCTCTAAAGACCGGAT-1",12
"TCTCTAAAGGGTGTTG-1",12
"TCTCTAACAGCCTATA-1",10
"TCTCTAAGTCCAGTAT-1",4
"TCTCTAAGTCCATGAT-1",5
"TCTCTAAGTCTCATCC-1",0
"TCTCTAAGTGGAAAGA-1",22
"TCTCTAATCAAACCAC-1",5
"TCTCTAATCAACGCTA-1",2
"TCTCTAATCACAGGCC-1",8
"TCTCTAATCACATACG-1",6
"TCTCTAATCCGTAGGC-1",14
"TCTCTAATCGTATCAG-1",1
"TCTGAGACAAACCTAC-1",11
"TCTGAGACACGGATAG-1",3
"TCTGAGACAGAGTGTG-1",9
"TCTGAGAGTAAGGGAA-1",11
"TCTGAGATCCTTGACC-1",9
"TCTGAGATCTATCCTA-1",9
"TCTGGAAAGCGATGAC-1",9
"TCTGGAAAGCTAGTTC-1",2
"TCTGGAAAGCTCTCGG-1",7
"TCTGGAAAGGAGCGAG-1",5
"TCTGGAACACAAGACG-1",11
"TCTGGAACACACTGCG-1",4
"TCTGGAACACTTCTGC-1",18
"TCTGGAAGTGAGTATA-1",14
"TCTGGAATCTGTCTAT-1",2
"TCTTCGGAGGTTCCTA-1",5
"TCTTCGGAGTTCGATC-1",10
"TCTTCGGCAAAGCAAT-1",7
"TCTTCGGCAAAGGTGC-1",22
"TCTTCGGCAATAGCAA-1",7
"TCTTCGGCAATGTAAG-1",9
"TCTTCGGCACACCGAC-1",4
"TCTTCGGCAGCCAATT-1",7
"TCTTCGGGTCATTAGC-1",8
"TCTTCGGTCGTAGGTT-1",4
"TCTTCGGTCTCTAAGG-1",8
"TCTTTCCAGAGAGCTC-1",14
"TCTTTCCAGTCATCCA-1",12
"TCTTTCCCATCTCCCA-1",14
"TCTTTCCGTAATCACC-1",13
"TCTTTCCGTAGTACCT-1",15
"TCTTTCCTCACAACGT-1",6
"TCTTTCCTCAGCTGGC-1",4
"TCTTTCCTCCAAGTAC-1",5
"TCTTTCCTCCTCGCAT-1",6
"TGAAAGAAGCTAAGAT-1",5
"TGAAAGACAAGCCGTC-1",8
"TGAAAGACACATTCGA-1",13
"TGAAAGACATGAGCGA-1",0
"TGAAAGAGTCTAGCGC-1",11
"TGAAAGAGTCTCATCC-1",18
"TGAAAGATCCCGACTT-1",11
"TGAAAGATCTATGTGG-1",8
"TGACAACCAAGCGAGT-1",1
"TGACAACGTAGGGACT-1",20
"TGACAACGTGCGCTTG-1",2
"TGACAACGTGGTTTCA-1",5
"TGACAACTCACAAACC-1",7
"TGACAACTCCACGTGG-1",3
"TGACAACTCGAATGCT-1",8
"TGACGGCAGCGCCTCA-1",13
"TGACGGCAGGCTCAGA-1",5
"TGACGGCAGTCAAGCG-1",4
"TGACGGCCACAGACTT-1",7
"TGACGGCGTCATCCCT-1",5
"TGACGGCTCAGGCGAA-1",7
"TGACGGCTCCACTGGG-1",6
"TGACTAGAGACCCACC-1",7
"TGACTAGAGGGCATGT-1",11
"TGACTAGAGTCTCAAC-1",6
"TGACTAGAGTTGAGAT-1",0
"TGACTAGCAGCATACT-1",11
"TGACTAGCAGTCAGAG-1",6
"TGACTAGCATTTCACT-1",11
"TGACTAGGTAAATACG-1",5
"TGACTAGGTGAAAGAG-1",5
"TGACTAGGTGCAGTAG-1",5
"TGACTAGTCATGCATG-1",4
"TGACTAGTCCATGCTC-1",4
"TGACTAGTCTGTTGAG-1",12
"TGACTTTAGAACAATC-1",14
"TGACTTTAGTCTCGGC-1",5
"TGACTTTAGTTAGGTA-1",0
"TGACTTTCAGTCCTTC-1",3
"TGACTTTCATTATCTC-1",6
"TGACTTTGTCACACGC-1",15
"TGACTTTTCCTCAATT-1",4
"TGACTTTTCTGCCCTA-1",7
"TGAGAGGAGGCTCATT-1",5
"TGAGAGGCAAAGTCAA-1",3
"TGAGAGGCAAGCCATT-1",9
"TGAGAGGCACCATGTA-1",0
"TGAGAGGGTCACTGGC-1",10
"TGAGAGGGTCTAAACC-1",6
"TGAGAGGTCGAACTGT-1",9
"TGAGAGGTCGCGTTTC-1",7
"TGAGAGGTCTGACCTC-1",6
"TGAGCATAGAAACGAG-1",12
"TGAGCATAGAAGCCCA-1",2
"TGAGCATAGATGTCGG-1",5
"TGAGCATAGGAATGGA-1",7
"TGAGCATCACCAGGCT-1",14
"TGAGCATCAGATGAGC-1",10
"TGAGCATCAGCGTAAG-1",7
"TGAGCATCAGCTGTAT-1",3
"TGAGCATGTGGCCCTA-1",10
"TGAGCATTCCACGTTC-1",8
"TGAGCATTCCGATATG-1",11
"TGAGCATTCGGCCGAT-1",7
"TGAGCCGCATCGGGTC-1",4
"TGAGCCGGTCGAACAG-1",10
"TGAGCCGGTGTAATGA-1",10
"TGAGCCGGTTGATTCG-1",10
"TGAGCCGTCATCTGCC-1",7
"TGAGCCGTCGTCACGG-1",2
"TGAGCCGTCTTGAGGT-1",11
"TGAGGGAAGAGACTAT-1",1
"TGAGGGAAGGAGTACC-1",15
"TGAGGGAAGTCATCCA-1",11
"TGAGGGAAGTCATGCT-1",16
"TGAGGGACACCAGTTA-1",6
"TGAGGGACATAAGACA-1",9
"TGAGGGAGTAAACGCG-1",8
"TGAGGGAGTTAGGGTG-1",7
"TGAGGGATCAACGGGA-1",6
"TGAGGGATCTAGCACA-1",1
"TGAGGGATCTCTTATG-1",10
"TGATTTCCATCCGGGT-1",18
"TGATTTCGTAGGCATG-1",8
"TGATTTCGTTAAGACA-1",5
"TGATTTCTCTGATTCT-1",1
"TGCACCTAGACCTTTG-1",9
"TGCACCTAGGACGAAA-1",3
"TGCACCTCAAGTTGTC-1",0
"TGCACCTCAATAGAGT-1",10
"TGCACCTCATCCGGGT-1",7
"TGCACCTGTAATCACC-1",8
"TGCACCTGTCACACGC-1",12
"TGCACCTTCACGGTTA-1",10
"TGCACCTTCATCGGAT-1",13
"TGCACCTTCCGCGGTA-1",9
"TGCACCTTCGAACTGT-1",13
"TGCACCTTCTCTTGAT-1",6
"TGCCAAACAATGTAAG-1",8
"TGCCAAACAATTCCTT-1",9
"TGCCAAAGTTCGCGAC-1",0
"TGCCAAATCCAAACTG-1",9
"TGCCAAATCCCTGACT-1",5
"TGCCAAATCGGCGGTT-1",13
"TGCCCATAGACTAGGC-1",5
"TGCCCATAGCGTCAAG-1",0
"TGCCCATAGCGTGAAC-1",8
"TGCCCATAGCTGTTCA-1",8
"TGCCCATAGGATGGAA-1",7
"TGCCCATAGTACGCCC-1",13
"TGCCCATAGTTGAGTA-1",3
"TGCCCATCACCAGGTC-1",1
"TGCCCATCACGAAATA-1",23
"TGCCCATCAGGACGTA-1",10
"TGCCCATCATGGAATA-1",5
"TGCCCATCATGGATGG-1",16
"TGCCCATGTAGCCTCG-1",0
"TGCCCATTCAAACCGT-1",13
"TGCCCATTCAGGCCCA-1",10
"TGCCCATTCCTTCAAT-1",0
"TGCCCATTCGGAAATA-1",5
"TGCCCTAAGGTCGGAT-1",6
"TGCCCTAAGGTTCCTA-1",6
"TGCCCTACACCACCAG-1",9
"TGCCCTACAGCCACCA-1",10
"TGCCCTACAGTGAGTG-1",7
"TGCCCTAGTCCGAGTC-1",18
"TGCCCTAGTGGTTTCA-1",2
"TGCCCTAGTTTCGCTC-1",13
"TGCCCTATCGACGGAA-1",11
"TGCCCTATCTTCGGTC-1",12
"TGCGCAGAGACTAGGC-1",4
"TGCGCAGAGCACACAG-1",13
"TGCGCAGAGCGTCTAT-1",9
"TGCGCAGAGGAGCGAG-1",11
"TGCGCAGCAAACGTGG-1",6
"TGCGCAGCAGCTCGCA-1",13
"TGCGCAGCAGTAGAGC-1",9
"TGCGCAGTCCTACAGA-1",13
"TGCGGGTAGAGACTTA-1",12
"TGCGGGTAGATCGATA-1",14
"TGCGGGTAGCTCTCGG-1",8
"TGCGGGTAGGTGTGGT-1",13
"TGCGGGTAGTACTTGC-1",0
"TGCGGGTCAATGGAAT-1",12
"TGCGGGTCACACGCTG-1",11
"TGCGGGTCATTGGGCC-1",4
"TGCGGGTGTAGAAAGG-1",7
"TGCGGGTGTCACCTAA-1",4
"TGCGGGTGTCAGATAA-1",10
"TGCGGGTGTTAGAACA-1",8
"TGCGGGTTCAGTTCGA-1",5
"TGCGGGTTCGTAGATC-1",9
"TGCGGGTTCTCTTGAT-1",0
"TGCGTGGAGACGCAAC-1",4
"TGCGTGGAGACTGGGT-1",7
"TGCGTGGAGTGAACGC-1",6
"TGCGTGGCAATTCCTT-1",15
"TGCGTGGGTGCACCAC-1",13
"TGCGTGGTCCGCGCAA-1",5
"TGCGTGGTCGCCCTTA-1",7
"TGCGTGGTCTGGCGAC-1",11
"TGCTACCAGAAAGTGG-1",8
"TGCTACCAGATGGCGT-1",9
"TGCTACCAGCAAATCA-1",5
"TGCTACCAGTCCGTAT-1",11
"TGCTACCCAAGAGGCT-1",9
"TGCTACCCACTTAACG-1",0
"TGCTACCCATCGTCGG-1",8
"TGCTACCCATGGTTGT-1",8
"TGCTACCGTGTGACGA-1",3
"TGCTACCTCCTCGCAT-1",11
"TGCTACCTCTTCTGGC-1",9
"TGCTGCTAGACTAAGT-1",10
"TGCTGCTAGGTGATAT-1",14
"TGCTGCTCAATAGAGT-1",6
"TGCTGCTCACAGACAG-1",16
"TGCTGCTCATCCCATC-1",2
"TGCTGCTCATGGTTGT-1",7
"TGCTGCTGTCATACTG-1",1
"TGCTGCTGTGAAGGCT-1",6
"TGCTGCTTCATTGCGA-1",2
"TGGACGCAGAGGTACC-1",0
"TGGACGCAGTCAAGGC-1",10
"TGGACGCCACAGAGGT-1",8
"TGGACGCCATGGTAGG-1",7
"TGGACGCGTCCGAACC-1",13
"TGGACGCGTCTCCCTA-1",8
"TGGCCAGAGAAGGTGA-1",10
"TGGCCAGAGAGTACAT-1",7
"TGGCCAGAGGCGATAC-1",12
"TGGCCAGAGGCGTACA-1",7
"TGGCCAGCAACTGCGC-1",12
"TGGCCAGCACGACTCG-1",9
"TGGCCAGGTCAATACC-1",23
"TGGCCAGTCGTAGATC-1",9
"TGGCCAGTCTATCCCG-1",11
"TGGCGCAAGCTACCTA-1",6
"TGGCGCAAGCTATGCT-1",6
"TGGCGCAAGTGTGGCA-1",12
"TGGCGCAAGTTACCCA-1",2
"TGGCGCACACAGGCCT-1",12
"TGGCGCACACGGATAG-1",13
"TGGCGCACAGCGATCC-1",0
"TGGCGCACATAGGATA-1",2
"TGGCGCACATATACGC-1",10
"TGGCGCAGTACTCTCC-1",15
"TGGCGCAGTGGACGAT-1",6
"TGGCGCAGTTATGTGC-1",10
"TGGCGCATCAAGAAGT-1",9
"TGGCGCATCATGCTCC-1",2
"TGGCGCATCATGTGGT-1",12
"TGGCGCATCATTATCC-1",10
"TGGCGCATCGTGGTCG-1",10
"TGGCTGGAGCGGATCA-1",10
"TGGCTGGAGTGCAAGC-1",11
"TGGCTGGCAAGTTAAG-1",0
"TGGCTGGCACGGATAG-1",8
"TGGCTGGCAGGAACGT-1",7
"TGGCTGGGTCGAGTTT-1",8
"TGGCTGGGTCGGCATC-1",7
"TGGCTGGGTCTAGCCG-1",8
"TGGCTGGGTTACGCGC-1",10
"TGGCTGGGTTGGACCC-1",11
"TGGCTGGTCTCGTTTA-1",8
"TGGGAAGAGATATACG-1",0
"TGGGAAGAGCCCAATT-1",2
"TGGGAAGAGCGCTCCA-1",6
"TGGGAAGAGGGCTTCC-1",12
"TGGGAAGAGTAAGTAC-1",17
"TGGGAAGAGTTAACGA-1",7
"TGGGAAGCAAGGTGTG-1",0
"TGGGAAGCAGATCCAT-1",12
"TGGGAAGCAGCGAACA-1",6
"TGGGAAGGTAAGTTCC-1",5
"TGGGAAGGTTAGATGA-1",12
"TGGGAAGGTTATTCTC-1",19
"TGGGAAGTCCCAAGAT-1",4
"TGGGAAGTCCTTCAAT-1",5
"TGGGAAGTCGTGGACC-1",9
"TGGGAAGTCTCCTATA-1",9
"TGGGCGTAGTCTCCTC-1",5
"TGGGCGTCAGACGTAG-1",5
"TGGGCGTCAGGGATTG-1",6
"TGGGCGTGTCCAAGTT-1",10
"TGGGCGTGTCTAGAGG-1",10
"TGGGCGTGTGGCTCCA-1",12
"TGGGCGTGTTTCGCTC-1",4
"TGGGCGTTCAGCTTAG-1",4
"TGGTTAGAGCTACCTA-1",11
"TGGTTAGAGTTAGGTA-1",5
"TGGTTAGGTGATGATA-1",0
"TGGTTAGGTTCACGGC-1",8
"TGGTTAGTCCCGACTT-1",10
"TGGTTAGTCTTGTATC-1",9
"TGGTTCCAGCCGTCGT-1",7
"TGGTTCCAGTAATCCC-1",7
"TGGTTCCCAAGTTGTC-1",16
"TGGTTCCCAGACAAAT-1",14
"TGGTTCCCAGACAGGT-1",8
"TGGTTCCCAGCTCGAC-1",7
"TGGTTCCCATGTCCTC-1",12
"TGGTTCCCATTTCACT-1",5
"TGGTTCCGTCCAAGTT-1",19
"TGGTTCCTCACATACG-1",3
"TGGTTCCTCAGCTTAG-1",4
"TGGTTCCTCTAACTTC-1",7
"TGGTTCCTCTAGAGTC-1",8
"TGGTTCCTCTGGGCCA-1",11
"TGTATTCAGCCCGAAA-1",5
"TGTATTCAGCGATCCC-1",12
"TGTATTCCAGGGCATA-1",4
"TGTATTCGTAAGAGAG-1",6
"TGTATTCGTTTGTTTC-1",8
"TGTATTCTCAGCATGT-1",10
"TGTATTCTCATCTGTT-1",6
"TGTCCCAAGCAGATCG-1",4
"TGTCCCAAGCTAGTTC-1",6
"TGTCCCAAGCTGAACG-1",13
"TGTCCCAAGTTGTCGT-1",4
"TGTCCCACAGTAAGCG-1",16
"TGTCCCACATCACGTA-1",14
"TGTCCCAGTAAGAGGA-1",12
"TGTCCCAGTAAGTGGC-1",5
"TGTCCCAGTCGGATCC-1",9
"TGTCCCAGTCTCTTTA-1",1
"TGTCCCATCATTTGGG-1",9
"TGTCCCATCTGCAAGT-1",10
"TGTCCCATCTGCGTAA-1",18
"TGTGGTAGTCCCGACA-1",11
"TGTGGTAGTGTGAAAT-1",11
"TGTGGTAGTGTGACGA-1",7
"TGTGGTATCCAGGGCT-1",5
"TGTGGTATCTTGCATT-1",6
"TGTGTTTAGAGGTTAT-1",13
"TGTGTTTAGCGTGAGT-1",11
"TGTGTTTAGTGCGTGA-1",8
"TGTGTTTCATGCGCAC-1",7
"TGTGTTTTCTCATTCA-1",8
"TGTGTTTTCTTTCCTC-1",5
"TGTTCCGAGAGCAATT-1",0
"TGTTCCGAGCAACGGT-1",10
"TGTTCCGAGGAATTAC-1",8
"TGTTCCGAGGACTGGT-1",3
"TGTTCCGCAGTGAGTG-1",13
"TGTTCCGGTGAGTATA-1",8
"TGTTCCGTCAAGCCTA-1",12
"TGTTCCGTCAGTTCGA-1",15
"TGTTCCGTCGGCGGTT-1",6
"TGTTCCGTCTGAAAGA-1",14
"TGTTCCGTCTGGTATG-1",8
"TTAACTCAGTGTACGG-1",6
"TTAACTCCAAGCGCTC-1",9
"TTAACTCCAGGCAGTA-1",10
"TTAACTCGTTCCACAA-1",9
"TTAACTCTCATAAAGG-1",15
"TTAACTCTCCCTCAGT-1",8
"TTAGGACAGCAGGCTA-1",12
"TTAGGACAGCTCTCGG-1",5
"TTAGGACCAAGCCATT-1",7
"TTAGGACCAGTCAGAG-1",3
"TTAGGACGTTTGTTTC-1",14
"TTAGGCAAGAAGATTC-1",12
"TTAGGCAAGAGCCCAA-1",5
"TTAGGCAAGAGTGACC-1",5
"TTAGGCAAGGTTCCTA-1",10
"TTAGGCAAGTCGTTTG-1",0
"TTAGGCAAGTGTACCT-1",0
"TTAGGCACAGACGCTC-1",0
"TTAGGCACATGTTCCC-1",0
"TTAGGCAGTAAGGATT-1",6
"TTAGGCAGTAAGTAGT-1",25
"TTAGGCAGTCTTGATG-1",2
"TTAGGCATCACGCATA-1",16
"TTAGGCATCAGTCAGT-1",2
"TTAGGCATCCAGTATG-1",0
"TTAGGCATCGTTACGA-1",2
"TTAGTTCAGGTGCAAC-1",12
"TTAGTTCCAATGTAAG-1",1
"TTAGTTCCATCCTTGC-1",11
"TTAGTTCGTAGCCTAT-1",8
"TTAGTTCGTGCAGACA-1",9
"TTAGTTCGTGTCAATC-1",11
"TTAGTTCGTTGCCTCT-1",14
"TTAGTTCTCAGGCCCA-1",4
"TTAGTTCTCGCAGGCT-1",11
"TTAGTTCTCTACTATC-1",0
"TTATGCTAGAATGTGT-1",0
"TTATGCTAGCACACAG-1",8
"TTATGCTAGCAGCCTC-1",10
"TTATGCTAGTCCCACG-1",15
"TTATGCTAGTGGTAAT-1",11
"TTATGCTCAGCCAGAA-1",13
"TTATGCTCATACCATG-1",11
"TTATGCTCATGTAGTC-1",10
"TTATGCTGTCCGAGTC-1",11
"TTATGCTTCGATAGAA-1",10
"TTCCCAGAGAATTCCC-1",8
"TTCCCAGAGACTAGAT-1",15
"TTCCCAGAGTATCGAA-1",9
"TTCCCAGCAGATGGGT-1",7
"TTCCCAGCATCAGTAC-1",10
"TTCCCAGCATCTCCCA-1",14
"TTCCCAGCATTACCTT-1",8
"TTCCCAGTCAACACTG-1",4
"TTCCCAGTCGAGAGCA-1",7
"TTCGAAGAGTCTCAAC-1",8
"TTCGAAGCAAGCGCTC-1",16
"TTCGAAGCACATTAGC-1",13
"TTCGAAGCACGGTGTC-1",1
"TTCGGTCAGAGGACGG-1",4
"TTCGGTCAGCACACAG-1",12
"TTCGGTCAGGCCCTCA-1",5
"TTCGGTCAGTGAATTG-1",11
"TTCGGTCAGTTGAGAT-1",3
"TTCGGTCCAAGGGTCA-1",16
"TTCGGTCCACGTCAGC-1",13
"TTCGGTCGTAACGTTC-1",17
"TTCGGTCGTAGAGTGC-1",8
"TTCGGTCGTTCATGGT-1",2
"TTCGGTCGTTCTGTTT-1",10
"TTCGGTCTCAAAGACA-1",4
"TTCGGTCTCCAGTATG-1",12
"TTCGGTCTCGCGTTTC-1",15
"TTCGGTCTCGTCTGAA-1",8
"TTCTACAAGACTAAGT-1",3
"TTCTACAAGCAGCCTC-1",10
"TTCTACAAGCCTTGAT-1",4
"TTCTACAAGGCAGGTT-1",15
"TTCTACAAGGTAAACT-1",5
"TTCTACAAGTTAGGTA-1",13
"TTCTACACACGTGAGA-1",12
"TTCTACACAGCTGTTA-1",7
"TTCTACACATCGATTG-1",11
"TTCTACACATTACGAC-1",17
"TTCTACAGTACCGTTA-1",11
"TTCTACAGTATATGAG-1",20
"TTCTACAGTGGCTCCA-1",11
"TTCTACATCAACGGGA-1",18
"TTCTACATCCGCGTTT-1",10
"TTCTCAAAGAAAGTGG-1",10
"TTCTCAAAGAATCTCC-1",6
"TTCTCAAAGAGGTTAT-1",9
"TTCTCAAAGCAGCCTC-1",5
"TTCTCAAAGCCGCCTA-1",3
"TTCTCAAAGTCAATAG-1",10
"TTCTCAAAGTTGAGAT-1",8
"TTCTCAACACCCAGTG-1",8
"TTCTCAACATTGTGCA-1",4
"TTCTCAAGTATAAACG-1",11
"TTCTCAAGTCCCTTGT-1",8
"TTCTCAAGTCGAGATG-1",10
"TTCTCAATCATCGCTC-1",6
"TTCTCAATCCCTAACC-1",15
"TTCTCAATCGTAGGAG-1",11
"TTCTCCTAGAGTAAGG-1",9
"TTCTCCTAGCGACGTA-1",22
"TTCTCCTAGCGTGAGT-1",13
"TTCTCCTAGTCTCGGC-1",3
"TTCTCCTCAACACGCC-1",8
"TTCTCCTCAATAACGA-1",16
"TTCTCCTGTTAAGAAC-1",17
"TTCTCCTTCAGTTCGA-1",11
"TTCTCCTTCCGTAGGC-1",6
"TTCTCCTTCCTTTCTC-1",9
"TTCTCCTTCTGCAAGT-1",16
"TTCTCCTTCTTCAACT-1",8
"TTCTCCTTCTTGTACT-1",13
"TTCTTAGAGGACTGGT-1",3
"TTCTTAGCAAGGTGTG-1",10
"TTCTTAGCATCGGAAG-1",8
"TTCTTAGGTAGAAGGA-1",3
"TTCTTAGGTCATATGC-1",7
"TTCTTAGTCAGTTCGA-1",15
"TTGAACGGTCACTTCC-1",13
"TTGAACGTCATGTCCC-1",14
"TTGACTTAGCCACGTC-1",7
"TTGACTTAGCGACGTA-1",12
"TTGACTTAGTTAACGA-1",10
"TTGACTTCACTTACGA-1",5
"TTGACTTGTCTCTCTG-1",14
"TTGACTTGTGCGATAG-1",11
"TTGACTTTCCAGAGGA-1",13
"TTGACTTTCTGTCCGT-1",5
"TTGCCGTAGGAGCGTT-1",9
"TTGCCGTAGGTGGGTT-1",10
"TTGCCGTCATGGTCAT-1",6
"TTGCCGTGTACAGACG-1",3
"TTGCGTCAGACAGAGA-1",13
"TTGCGTCAGCTCCTTC-1",9
"TTGCGTCAGTCCATAC-1",19
"TTGCGTCAGTGAATTG-1",7
"TTGCGTCCAAATTGCC-1",9
"TTGCGTCCACTGTGTA-1",5
"TTGCGTCCAGTCACTA-1",10
"TTGCGTCGTCTGATTG-1",5
"TTGGAACAGCCCAATT-1",13
"TTGGAACAGCGTCTAT-1",7
"TTGGAACAGGCGTACA-1",14
"TTGGAACGTATTACCG-1",8
"TTGGAACGTGTGTGCC-1",3
"TTGGAACTCCCATTAT-1",0
"TTGGAACTCCGTAGTA-1",14
"TTGGAACTCGTCCAGG-1",5
"TTGGCAAAGTTAGGTA-1",15
"TTGGCAAGTATAGGTA-1",14
"TTGGCAATCACATGCA-1",15
"TTGGCAATCAGAGCTT-1",8
"TTGGCAATCGCATGAT-1",9
"TTGGCAATCTAGAGTC-1",15
"TTGTAGGAGGTGCTAG-1",7
"TTGTAGGCACACGCTG-1",8
"TTGTAGGGTCTCCCTA-1",4
"TTGTAGGGTGGTAACG-1",15
"TTGTAGGTCGGCGCTA-1",7
"TTGTAGGTCTGCCAGG-1",5
"TTTACTGAGATCACGG-1",3
"TTTACTGCAAAGCAAT-1",6
"TTTACTGCACATGGGA-1",9
"TTTACTGCACCACGTG-1",0
"TTTACTGCATGGGACA-1",6
"TTTACTGCATGTCCTC-1",8
"TTTACTGGTAACGTTC-1",9
"TTTACTGGTGGTGTAG-1",6
"TTTACTGGTTCGCTAA-1",10
"TTTACTGTCTGGAGCC-1",8
"TTTATGCAGACTGTAA-1",0
"TTTATGCAGATGCGAC-1",10
"TTTATGCAGGCAAAGA-1",13
"TTTATGCAGGCCCGTT-1",11
"TTTATGCAGTTCCACA-1",8
"TTTATGCCAAACGCGA-1",13
"TTTATGCCAATCTGCA-1",10
"TTTATGCCACAGGTTT-1",5
"TTTATGCCAGCCAATT-1",7
"TTTATGCCAGGTCGTC-1",11
"TTTATGCCATGGTCAT-1",13
"TTTATGCTCACATAGC-1",5
"TTTATGCTCACCTTAT-1",10
"TTTATGCTCGGCGGTT-1",5
"TTTATGCTCTCGCTTG-1",15
"TTTCCTCAGCGTGAAC-1",6
"TTTCCTCAGGACTGGT-1",7
"TTTCCTCCAAAGTGCG-1",6
"TTTCCTCCAGGAATGC-1",7
"TTTCCTCCATTAGCCA-1",12
"TTTCCTCGTCCGAAGA-1",4
"TTTCCTCGTCGCTTTC-1",13
"TTTCCTCTCGGCCGAT-1",22
"TTTCCTCTCGTGTAGT-1",7
"TTTGCGCAGCTAAACA-1",7
"TTTGCGCAGCTAGTCT-1",6
"TTTGCGCAGGCCGAAT-1",10
"TTTGCGCAGTCAAGGC-1",3
"TTTGCGCCAAGTAGTA-1",8
"TTTGCGCCAGGTGCCT-1",13
"TTTGCGCGTCTAAACC-1",6
"TTTGCGCTCAAAGTAG-1",17
"TTTGCGCTCATGTAGC-1",12
"TTTGGTTAGAATGTGT-1",8
"TTTGGTTAGACAATAC-1",16
"TTTGGTTAGCGATTCT-1",7
"TTTGGTTAGGCTCAGA-1",0
"TTTGGTTAGTTACCCA-1",7
"TTTGGTTCAAACTGCT-1",12
"TTTGGTTCAAGCTGTT-1",15
"TTTGGTTCAGATCGGA-1",13
"TTTGGTTCATCACAAC-1",14
"TTTGGTTGTACTTCTT-1",21
"TTTGGTTGTATGCTTG-1",10
"TTTGGTTGTGCTTCTC-1",1
"TTTGGTTTCATGCTCC-1",26
"TTTGGTTTCCCTGACT-1",9
"TTTGTCAAGAGTCGGT-1",10
"TTTGTCACAAGTTCTG-1",9
"TTTGTCACAAGTTGTC-1",6
"TTTGTCACACTCTGTC-1",7
"TTTGTCATCACCTTAT-1",5
"TTTGTCATCCATTCTA-1",6
"TTTGTCATCCTTAATC-1",0
"TTTGTCATCTTATCTG-1",4
