"cell_barcode","expression"
"AAACCTGAGACAGAGA-1",2
"AAACCTGAGACTTTCG-1",2
"AAACCTGAGAGTAAGG-1",5
"AAACCTGAGAGTCGGT-1",0
"AAACCTGAGGATGGAA-1",1
"AAACCTGAGTAGATGT-1",1
"AAACCTGCAATCAGAA-1",3
"AAACCTGCACCGATAT-1",1
"AAACCTGCAGACGTAG-1",0
"AAACCTGCAGTATCTG-1",1
"AAACCTGCATAGTAAG-1",1
"AAACCTGCATGAACCT-1",2
"AAACCTGGTAAGAGGA-1",2
"AAACCTGGTCCAACTA-1",2
"AAACCTGTCCGTAGTA-1",1
"AAACCTGTCGAGAGCA-1",4
"AAACGGGAGTACGACG-1",2
"AAACGGGCAAGGTTTC-1",4
"AAACGGGCACGTCAGC-1",0
"AAACGGGCAGCGTTCG-1",4
"AAACGGGGTAGCCTCG-1",5
"AAACGGGGTCTACCTC-1",1
"AAACGGGGTGCGGTAA-1",4
"AAACGGGGTTGTCGCG-1",0
"AAACGGGTCCATGAGT-1",0
"AAACGGGTCCCAACGG-1",0
"AAACGGGTCCCATTAT-1",3
"AAAGATGCAGTCAGCC-1",4
"AAAGATGCATCTACGA-1",0
"AAAGCAAAGCGTCTAT-1",0
"AAAGCAACATGTCGAT-1",1
"AAAGCAAGTAGCTGCC-1",1
"AAAGCAAGTAGGCATG-1",0
"AAAGCAAGTGCGCTTG-1",2
"AAAGCAAGTTATTCTC-1",1
"AAAGCAATCCGTAGTA-1",0
"AAAGTAGAGATGTGTA-1",0
"AAAGTAGAGTGGGCTA-1",0
"AAAGTAGGTATATGGA-1",1
"AAAGTAGGTGAGCGAT-1",2
"AAAGTAGGTTGAGGTG-1",5
"AAATGCCAGCCCTAAT-1",5
"AAATGCCAGCGTGTCC-1",1
"AAATGCCCAACACCTA-1",1
"AAATGCCGTAGGAGTC-1",7
"AAATGCCGTCTTTCAT-1",1
"AAATGCCGTGGTCCGT-1",2
"AAATGCCGTTCCCGAG-1",0
"AAATGCCTCATAGCAC-1",4
"AAATGCCTCGCTTAGA-1",8
"AACACGTAGAATTCCC-1",1
"AACACGTAGCCCTAAT-1",1
"AACACGTAGGGTGTGT-1",0
"AACACGTCACTGTCGG-1",0
"AACACGTCATCCCATC-1",3
"AACACGTGTGCAACGA-1",2
"AACACGTGTGTCGCTG-1",3
"AACCATGAGCGCTTAT-1",0
"AACCATGGTCCGTTAA-1",1
"AACCATGTCAGTTCGA-1",0
"AACCATGTCATCGATG-1",4
"AACCATGTCCCAAGTA-1",4
"AACCGCGAGAAGCCCA-1",1
"AACCGCGAGACTGGGT-1",1
"AACCGCGAGAGGTACC-1",4
"AACCGCGAGTTAGGTA-1",2
"AACCGCGAGTTGCAGG-1",2
"AACCGCGCACGGTAGA-1",4
"AACCGCGCAGCATGAG-1",0
"AACCGCGCAGCCTGTG-1",0
"AACCGCGCAGCTGTGC-1",3
"AACCGCGCAGTATGCT-1",2
"AACCGCGGTACTTGAC-1",1
"AACCGCGGTCTGCAAT-1",1
"AACCGCGTCACATGCA-1",2
"AACCGCGTCACCGTAA-1",2
"AACCGCGTCCAGAGGA-1",2
"AACCGCGTCCGAAGAG-1",3
"AACCGCGTCGATCCCT-1",0
"AACGTTGAGCGATAGC-1",0
"AACGTTGAGCGATCCC-1",0
"AACGTTGAGCTTATCG-1",2
"AACGTTGCAAGTTGTC-1",3
"AACGTTGCAATAGAGT-1",5
"AACGTTGCAATGGATA-1",2
"AACGTTGCATGGATGG-1",1
"AACGTTGCATTCTCAT-1",2
"AACGTTGTCAACACGT-1",6
"AACGTTGTCGAGGTAG-1",2
"AACGTTGTCGGTCCGA-1",5
"AACTCAGAGAGCTATA-1",0
"AACTCAGAGAGTCGGT-1",2
"AACTCAGAGCCACCTG-1",0
"AACTCAGAGCCCAATT-1",1
"AACTCAGCAAACAACA-1",0
"AACTCAGCACAAGCCC-1",1
"AACTCAGCACGGTTTA-1",1
"AACTCAGCAGGATCGA-1",3
"AACTCAGCATAAAGGT-1",0
"AACTCAGGTTCCACAA-1",0
"AACTCAGTCGTACCGG-1",1
"AACTCCCAGCCCAGCT-1",1
"AACTCCCAGCTAAGAT-1",6
"AACTCCCCAAACGCGA-1",3
"AACTCCCCATGGTCTA-1",3
"AACTCCCGTTGCGCAC-1",3
"AACTCCCTCAAGAAGT-1",2
"AACTCCCTCAAGCCTA-1",1
"AACTCCCTCATCGCTC-1",1
"AACTCCCTCTGCAGTA-1",2
"AACTCCCTCTGGCGTG-1",2
"AACTCTTAGCAGACTG-1",3
"AACTCTTAGTCCGGTC-1",1
"AACTCTTCATGCTAGT-1",0
"AACTCTTGTCGAATCT-1",2
"AACTCTTGTCGGGTCT-1",7
"AACTCTTTCCTCAATT-1",0
"AACTCTTTCTCAAACG-1",1
"AACTCTTTCTCCAGGG-1",1
"AACTCTTTCTCTGCTG-1",4
"AACTGGTAGAAGATTC-1",2
"AACTGGTAGAGACTAT-1",1
"AACTGGTAGCCAACAG-1",1
"AACTGGTAGTGTACTC-1",2
"AACTGGTCACTGAAGG-1",2
"AACTGGTGTCCGAACC-1",0
"AACTGGTTCGGAGCAA-1",6
"AACTGGTTCGTGGGAA-1",6
"AACTGGTTCTGCTTGC-1",3
"AACTTTCAGCGTGAAC-1",0
"AACTTTCAGTATCTCG-1",1
"AACTTTCAGTTTCCTT-1",2
"AACTTTCCATCCTTGC-1",1
"AACTTTCGTCTAGAGG-1",1
"AACTTTCGTCTCTTTA-1",1
"AACTTTCGTTTGTTTC-1",0
"AAGACCTAGGGCTTCC-1",1
"AAGACCTAGTACACCT-1",3
"AAGACCTGTATATGAG-1",1
"AAGACCTGTATCAGTC-1",2
"AAGACCTGTCCGTGAC-1",4
"AAGACCTGTCGAAAGC-1",1
"AAGACCTTCGCCATAA-1",4
"AAGCCGCAGATCTGAA-1",1
"AAGCCGCAGGGTGTTG-1",2
"AAGCCGCAGTGGACGT-1",2
"AAGCCGCAGTGTACTC-1",1
"AAGCCGCCACGCTTTC-1",0
"AAGCCGCCAGGACGTA-1",0
"AAGCCGCGTACAGTTC-1",2
"AAGCCGCGTCATTAGC-1",4
"AAGCCGCTCACGAAGG-1",1
"AAGCCGCTCAGTTAGC-1",0
"AAGCCGCTCGCAAACT-1",1
"AAGCCGCTCGTCGTTC-1",3
"AAGCCGCTCTTACCGC-1",3
"AAGGAGCAGAAACCGC-1",4
"AAGGAGCAGGCATGTG-1",1
"AAGGAGCAGGCGCTCT-1",2
"AAGGAGCAGTTGAGTA-1",7
"AAGGAGCCACGGCGTT-1",5
"AAGGAGCGTAGCGCAA-1",3
"AAGGAGCGTCTGCAAT-1",5
"AAGGAGCTCGTCTGCT-1",0
"AAGGCAGAGAACTGTA-1",3
"AAGGCAGAGAGATGAG-1",2
"AAGGCAGAGGTGATAT-1",4
"AAGGCAGCATAGTAAG-1",3
"AAGGCAGGTACTTCTT-1",0
"AAGGCAGGTGTGCCTG-1",3
"AAGGCAGTCAGATAAG-1",1
"AAGGCAGTCGGAATCT-1",0
"AAGGTTCAGTATCTCG-1",1
"AAGGTTCCATCACGTA-1",1
"AAGGTTCGTATATGGA-1",1
"AAGGTTCGTCCGAATT-1",9
"AAGGTTCGTCGACTAT-1",3
"AAGGTTCGTGTGACCC-1",1
"AAGGTTCTCCGTCATC-1",1
"AAGGTTCTCCTCGCAT-1",1
"AAGGTTCTCTGCGGCA-1",3
"AAGTCTGAGCCATCGC-1",0
"AAGTCTGAGTCAAGCG-1",0
"AAGTCTGCAAAGGAAG-1",3
"AAGTCTGGTCAGCTAT-1",5
"AAGTCTGTCAAACAAG-1",7
"AAGTCTGTCACTGGGC-1",0
"AAGTCTGTCAGCAACT-1",4
"AATCCAGCAAAGTGCG-1",1
"AATCCAGCAGCATACT-1",4
"AATCCAGGTAGGCATG-1",2
"AATCCAGGTCTCCCTA-1",1
"AATCCAGTCCGAATGT-1",10
"AATCGGTAGGCATGGT-1",1
"AATCGGTTCCTGTACC-1",2
"AATCGGTTCGCCGTGA-1",1
"ACACCAAAGATGAGAG-1",2
"ACACCAAAGCCCTAAT-1",0
"ACACCAAAGGATGGTC-1",0
"ACACCAAAGTGTCCAT-1",4
"ACACCAACACTTCGAA-1",2
"ACACCAACAGACGCTC-1",3
"ACACCAACAGCCTATA-1",2
"ACACCAAGTCGCGTGT-1",5
"ACACCAAGTCTAAACC-1",3
"ACACCAAGTTATGTGC-1",0
"ACACCAATCGCGTTTC-1",0
"ACACCCTAGCCAGGAT-1",1
"ACACCCTAGTACTTGC-1",2
"ACACCCTCAAGCGCTC-1",5
"ACACCCTCATCACAAC-1",6
"ACACCCTCATGCCCGA-1",6
"ACACCCTGTCTGGTCG-1",2
"ACACCCTTCCGCAAGC-1",4
"ACACCCTTCCTTGCCA-1",0
"ACACCCTTCTATCCTA-1",5
"ACACCCTTCTGGCGTG-1",0
"ACACCGGAGGCTCAGA-1",0
"ACACCGGAGTGACATA-1",7
"ACACCGGAGTTACCCA-1",2
"ACACCGGCAAGCCGTC-1",0
"ACACCGGCACCAGATT-1",8
"ACACCGGCACCGAAAG-1",1
"ACACCGGCATCACAAC-1",2
"ACACCGGTCCGCATAA-1",2
"ACACCGGTCTCGGACG-1",1
"ACACCGGTCTCTGTCG-1",2
"ACACTGAAGCACGCCT-1",5
"ACACTGAAGGTGATTA-1",6
"ACACTGACAATAGAGT-1",0
"ACACTGACAGACTCGC-1",7
"ACACTGACATCCAACA-1",1
"ACACTGAGTCCGAAGA-1",3
"ACACTGAGTGTTTGTG-1",5
"ACACTGAGTTTGACTG-1",4
"ACAGCCGAGGAATGGA-1",5
"ACAGCCGAGGCCCGTT-1",0
"ACAGCCGAGGTGCTTT-1",2
"ACAGCCGAGTGGTAGC-1",0
"ACAGCCGCATATACGC-1",4
"ACAGCCGCATGCAACT-1",0
"ACAGCCGGTAGGGTAC-1",3
"ACAGCCGGTCGAATCT-1",2
"ACAGCCGGTTCACCTC-1",0
"ACAGCCGGTTCCACTC-1",1
"ACAGCCGTCCAGAAGG-1",3
"ACAGCCGTCTTTACAC-1",1
"ACAGCTAAGCACCGCT-1",4
"ACAGCTAAGTATCTCG-1",0
"ACAGCTAAGTGTTGAA-1",2
"ACAGCTACATCGTCGG-1",1
"ACAGCTAGTCGACTAT-1",3
"ACAGCTAGTGGTACAG-1",2
"ACAGCTATCACCACCT-1",0
"ACAGCTATCTGCTTGC-1",3
"ACATACGAGAGCTTCT-1",1
"ACATACGAGCGTAGTG-1",0
"ACATACGAGCTTCGCG-1",0
"ACATACGAGCTTTGGT-1",1
"ACATACGCAAACGTGG-1",1
"ACATACGCAAGCCTAT-1",2
"ACATACGCATCTCCCA-1",0
"ACATACGCATTCTCAT-1",0
"ACATACGGTAGGAGTC-1",3
"ACATACGGTGCACCAC-1",2
"ACATACGGTGGTTTCA-1",3
"ACATACGTCGTATCAG-1",5
"ACATCAGAGCCACTAT-1",0
"ACATCAGAGCCTTGAT-1",0
"ACATCAGCAACACCCG-1",3
"ACATCAGCAACGATGG-1",4
"ACATCAGCAATTGCTG-1",3
"ACATCAGCACCGGAAA-1",0
"ACATCAGCATAAAGGT-1",1
"ACATCAGCATCCCACT-1",1
"ACATCAGCATTTGCCC-1",2
"ACATCAGGTAAGGATT-1",2
"ACATCAGGTCCGTGAC-1",0
"ACATCAGGTTAAGTAG-1",3
"ACATCAGTCAAACCGT-1",2
"ACATGGTAGCATGGCA-1",1
"ACATGGTAGCTGTTCA-1",0
"ACATGGTCACTTGGAT-1",0
"ACATGGTGTCAGATAA-1",3
"ACATGGTGTCTGCGGT-1",0
"ACATGGTGTGCAACTT-1",1
"ACATGGTTCCGCAAGC-1",2
"ACATGGTTCCTCCTAG-1",7
"ACATGGTTCTGGAGCC-1",1
"ACATGGTTCTTCTGGC-1",4
"ACCAGTAAGATCACGG-1",0
"ACCAGTAAGCTTCGCG-1",5
"ACCAGTACACAGATTC-1",0
"ACCAGTACACAGGCCT-1",1
"ACCAGTACAGTATGCT-1",0
"ACCAGTACAGTCAGAG-1",1
"ACCAGTACAGTTTACG-1",4
"ACCAGTAGTCACCCAG-1",1
"ACCAGTAGTCCATCCT-1",6
"ACCAGTAGTCTTCAAG-1",0
"ACCAGTAGTGGACGAT-1",2
"ACCAGTATCTGCGACG-1",2
"ACCAGTATCTGCTTGC-1",5
"ACCAGTATCTGTTTGT-1",4
"ACCCACTAGAGGTTAT-1",3
"ACCCACTAGATCCCGC-1",2
"ACCCACTAGATGTGTA-1",3
"ACCCACTAGCCCAATT-1",7
"ACCCACTCAAGGGTCA-1",0
"ACCCACTCAAGGTTCT-1",4
"ACCCACTGTAAATGAC-1",2
"ACCCACTGTAGCCTCG-1",0
"ACCCACTGTCAAAGAT-1",2
"ACCCACTGTCAATACC-1",2
"ACCCACTGTGTGGTTT-1",2
"ACCCACTTCGCAAACT-1",0
"ACCCACTTCTGCCAGG-1",3
"ACCGTAACAATCGGTT-1",5
"ACCGTAACAATCTACG-1",9
"ACCGTAACAGGTCCAC-1",0
"ACCGTAAGTACAGCAG-1",3
"ACCGTAAGTCATGCAT-1",4
"ACCGTAAGTGAGTGAC-1",4
"ACCGTAAGTTAAGAAC-1",4
"ACCGTAAGTTCCGTCT-1",2
"ACCGTAATCACATAGC-1",4
"ACCGTAATCATGTGGT-1",1
"ACCGTAATCTGAAAGA-1",1
"ACCTTTACAATCGGTT-1",1
"ACCTTTACACGGACAA-1",1
"ACCTTTACAGCAGTTT-1",0
"ACCTTTACATGCAACT-1",2
"ACCTTTACATTTCAGG-1",2
"ACCTTTAGTGAACCTT-1",2
"ACCTTTAGTTCCACTC-1",2
"ACCTTTATCTCTAGGA-1",5
"ACGAGCCAGGCAGGTT-1",0
"ACGAGCCCACAGGCCT-1",3
"ACGAGCCCATGGAATA-1",5
"ACGAGCCGTGCACGAA-1",0
"ACGAGCCGTGTGACCC-1",1
"ACGAGCCGTTGGTTTG-1",1
"ACGAGCCTCAGTCCCT-1",3
"ACGAGCCTCGCAAACT-1",2
"ACGAGGACACTACAGT-1",1
"ACGAGGACATGTAGTC-1",1
"ACGAGGAGTACACCGC-1",0
"ACGAGGAGTGCCTGCA-1",7
"ACGAGGAGTTCTGAAC-1",3
"ACGAGGATCTGCGGCA-1",2
"ACGATACAGAGTGACC-1",1
"ACGATACAGCGCCTTG-1",2
"ACGATACAGTGATCGG-1",1
"ACGATACCACGTTGGC-1",7
"ACGATACCATTGGGCC-1",1
"ACGATACGTCGAATCT-1",1
"ACGATACTCTGACCTC-1",1
"ACGATGTAGTGCGATG-1",1
"ACGATGTAGTTGAGAT-1",1
"ACGATGTCAACGCACC-1",3
"ACGATGTCACACGCTG-1",1
"ACGATGTGTATTCTCT-1",1
"ACGATGTGTCAGTGGA-1",4
"ACGATGTGTGACTACT-1",2
"ACGATGTGTGTCGCTG-1",2
"ACGATGTTCGCGTAGC-1",1
"ACGATGTTCTCTTATG-1",3
"ACGCAGCAGCGGCTTC-1",2
"ACGCAGCAGCTGCGAA-1",3
"ACGCAGCAGTGTACGG-1",5
"ACGCAGCCACCTCGTT-1",0
"ACGCAGCCATCGACGC-1",1
"ACGCAGCCATTACCTT-1",5
"ACGCAGCGTCCATGAT-1",1
"ACGCAGCGTCTACCTC-1",1
"ACGCAGCGTCTGGTCG-1",1
"ACGCAGCGTGCGATAG-1",2
"ACGCCAGCAAAGCAAT-1",1
"ACGCCAGCAACGCACC-1",2
"ACGCCAGCACGAGAGT-1",11
"ACGCCAGCAGTGAGTG-1",0
"ACGCCAGGTGCACTTA-1",1
"ACGCCAGGTGTGCGTC-1",3
"ACGCCAGTCACAGGCC-1",4
"ACGCCAGTCAGTGTTG-1",1
"ACGCCGAAGAAACGCC-1",3
"ACGCCGAAGATCTGCT-1",4
"ACGCCGACAGCCTGTG-1",0
"ACGCCGAGTTCCAACA-1",0
"ACGCCGATCCTATGTT-1",5
"ACGCCGATCGCAGGCT-1",1
"ACGCCGATCTTGTATC-1",4
"ACGGAGAAGCCAGTTT-1",0
"ACGGAGAAGGTCATCT-1",3
"ACGGAGACACACATGT-1",4
"ACGGAGACAGCCTGTG-1",0
"ACGGAGACAGCGTAAG-1",0
"ACGGAGACAGTAAGCG-1",3
"ACGGAGAGTGTGACGA-1",2
"ACGGAGATCCACGAAT-1",1
"ACGGCCACACATCCAA-1",4
"ACGGCCACACATTCGA-1",5
"ACGGCCAGTACCGTAT-1",1
"ACGGCCAGTGTATGGG-1",0
"ACGGCCATCACGGTTA-1",4
"ACGGCCATCAGTGTTG-1",1
"ACGGCCATCTACTATC-1",1
"ACGGGCTAGGATCGCA-1",3
"ACGGGCTAGGTTCCTA-1",0
"ACGGGCTAGTGGCACA-1",2
"ACGGGCTCATCTGGTA-1",0
"ACGGGCTGTGAGGCTA-1",0
"ACGGGCTTCCGAACGC-1",2
"ACGGGTCAGATGCCAG-1",4
"ACGGGTCCATGATCCA-1",0
"ACGGGTCCATTAGGCT-1",1
"ACGGGTCCATTTCACT-1",1
"ACGGGTCGTTAGGGTG-1",1
"ACGGGTCTCAACACCA-1",0
"ACGGGTCTCCACGCAG-1",1
"ACGTCAAAGGGCTTCC-1",0
"ACGTCAAAGTGGTAAT-1",2
"ACGTCAACAACTGCGC-1",8
"ACGTCAACACAAGACG-1",5
"ACGTCAAGTAGCTCCG-1",1
"ACGTCAAGTGTCGCTG-1",10
"ACGTCAAGTTATGCGT-1",3
"ACGTCAATCAACCAAC-1",4
"ACGTCAATCATAACCG-1",3
"ACGTCAATCCAGAAGG-1",7
"ACGTCAATCTAACTCT-1",0
"ACTATCTAGAGGTTAT-1",3
"ACTATCTAGATACACA-1",6
"ACTATCTAGGAGTAGA-1",2
"ACTATCTAGGCATGTG-1",7
"ACTATCTCAAATACAG-1",1
"ACTATCTCAAATTGCC-1",2
"ACTATCTGTAGGGACT-1",2
"ACTATCTGTCGCGTGT-1",1
"ACTATCTGTGCACGAA-1",1
"ACTATCTGTGGTTTCA-1",0
"ACTATCTTCGCCGTGA-1",0
"ACTGAACAGAGTGAGA-1",1
"ACTGAACAGATCCCGC-1",0
"ACTGAACAGGTGATAT-1",1
"ACTGAACCAAAGCGGT-1",6
"ACTGAACCAAGCGAGT-1",1
"ACTGAACCAATTCCTT-1",4
"ACTGAACCAGCTGGCT-1",0
"ACTGAACCAGTCTTCC-1",0
"ACTGAACCATTACCTT-1",2
"ACTGAACGTAAGCACG-1",6
"ACTGAACGTAATCGTC-1",4
"ACTGAACGTCCAGTAT-1",0
"ACTGAACGTCTGATCA-1",3
"ACTGAACTCCCACTTG-1",1
"ACTGAGTAGCCGGTAA-1",4
"ACTGAGTCAGTGGGAT-1",0
"ACTGAGTCATTTGCCC-1",1
"ACTGAGTGTAGAGCTG-1",4
"ACTGAGTGTTGTGGCC-1",8
"ACTGAGTTCAGGTTCA-1",1
"ACTGATGAGACAGACC-1",3
"ACTGATGAGCGGATCA-1",3
"ACTGATGAGGTGCTTT-1",7
"ACTGATGCAGCAGTTT-1",0
"ACTGATGCATCACAAC-1",4
"ACTGATGGTCATGCAT-1",0
"ACTGATGTCACAATGC-1",6
"ACTGATGTCACTCCTG-1",0
"ACTGATGTCCCTGACT-1",2
"ACTGATGTCCGCTGTT-1",2
"ACTGATGTCCGGCACA-1",5
"ACTGATGTCCTATTCA-1",1
"ACTGCTCAGAGCTTCT-1",1
"ACTGCTCAGATGCCTT-1",4
"ACTGCTCCACACCGCA-1",2
"ACTGCTCCAGATGGGT-1",2
"ACTGCTCCATGCCTAA-1",7
"ACTGCTCGTAGGCATG-1",2
"ACTGCTCGTATCACCA-1",3
"ACTGCTCGTCCGAAGA-1",3
"ACTGCTCTCCGAGCCA-1",6
"ACTGTCCAGAGGGCTT-1",0
"ACTGTCCAGCAGCGTA-1",1
"ACTGTCCAGGCATGGT-1",2
"ACTGTCCCAAGGTTTC-1",6
"ACTGTCCCAAGTACCT-1",10
"ACTGTCCCAGTATCTG-1",3
"ACTGTCCCATAGAAAC-1",4
"ACTGTCCGTTGAGGTG-1",3
"ACTGTCCTCCACGTGG-1",6
"ACTGTCCTCCTTGGTC-1",0
"ACTGTCCTCTCTGTCG-1",1
"ACTTACTAGCGATAGC-1",3
"ACTTACTAGGGATGGG-1",0
"ACTTACTCACAGACAG-1",2
"ACTTACTCACATTTCT-1",0
"ACTTACTGTACTCAAC-1",5
"ACTTACTGTTCCACAA-1",2
"ACTTACTTCATCGGAT-1",2
"ACTTGTTAGACAAGCC-1",0
"ACTTGTTAGCTAGCCC-1",0
"ACTTGTTAGTTACCCA-1",2
"ACTTGTTCACGACGAA-1",5
"ACTTGTTCACGGCTAC-1",0
"ACTTGTTGTATCGCAT-1",0
"ACTTGTTGTGGTAACG-1",6
"ACTTGTTGTTGTGGAG-1",3
"ACTTGTTTCATCACCC-1",6
"ACTTTCACATGGTCAT-1",3
"ACTTTCAGTGACTACT-1",7
"ACTTTCATCGCCAGCA-1",1
"AGAATAGAGCTGAACG-1",0
"AGAATAGAGCTGTCTA-1",0
"AGAATAGAGGTAGCTG-1",1
"AGAATAGCATGGTCTA-1",2
"AGAATAGGTAATCGTC-1",8
"AGAATAGGTATTCTCT-1",1
"AGAATAGGTGCGGTAA-1",0
"AGAATAGGTTAAGAAC-1",3
"AGAATAGTCAGGCCCA-1",1
"AGACGTTAGAATGTGT-1",4
"AGACGTTAGCTCCTCT-1",1
"AGACGTTAGTGCCAGA-1",3
"AGACGTTCAGGATCGA-1",1
"AGACGTTGTAGCTGCC-1",2
"AGACGTTGTCTGCAAT-1",4
"AGACGTTGTTCTGTTT-1",2
"AGACGTTTCGCATGGC-1",2
"AGACGTTTCGCTTAGA-1",0
"AGAGCGACAACTTGAC-1",1
"AGAGCGACAAGTACCT-1",0
"AGAGCGACACAACGTT-1",5
"AGAGCGACATGAGCGA-1",1
"AGAGCGAGTCAGTGGA-1",0
"AGAGCGAGTCGACTGC-1",1
"AGAGCGAGTTGAGTTC-1",1
"AGAGCGATCGCGTAGC-1",0
"AGAGCGATCTATCCTA-1",1
"AGAGCGATCTCGCTTG-1",0
"AGAGCTTAGCCGTCGT-1",0
"AGAGCTTAGTACACCT-1",0
"AGAGCTTAGTCATGCT-1",2
"AGAGCTTGTAGAGCTG-1",2
"AGAGCTTGTATCACCA-1",3
"AGAGCTTTCACTATTC-1",3
"AGAGCTTTCCTGCAGG-1",1
"AGAGCTTTCGCAAACT-1",2
"AGAGCTTTCGCTTAGA-1",1
"AGAGTGGAGAGCCTAG-1",1
"AGAGTGGAGGCCCTTG-1",1
"AGAGTGGAGGTACTCT-1",2
"AGAGTGGCACAAGACG-1",0
"AGAGTGGCACCTCGTT-1",4
"AGAGTGGCATCCGGGT-1",0
"AGAGTGGCATCTGGTA-1",3
"AGAGTGGGTCAGCTAT-1",0
"AGAGTGGGTCCTCCAT-1",1
"AGAGTGGGTCTAGTCA-1",10
"AGAGTGGGTTACCGAT-1",3
"AGATCTGAGGTGGGTT-1",3
"AGATCTGAGTCAAGGC-1",0
"AGATCTGCAATGTTGC-1",8
"AGATCTGTCGAATCCA-1",1
"AGATCTGTCTGCAGTA-1",3
"AGATTGCAGGCTACGA-1",1
"AGATTGCCACGACGAA-1",4
"AGATTGCCAGATGGGT-1",0
"AGATTGCGTAGAGCTG-1",4
"AGATTGCGTGATGTCT-1",0
"AGATTGCGTGTTCGAT-1",1
"AGATTGCGTTCACGGC-1",1
"AGATTGCTCACTGGGC-1",0
"AGATTGCTCATCTGTT-1",1
"AGCAGCCAGCTGATAA-1",1
"AGCAGCCCACCGAAAG-1",3
"AGCAGCCGTCGACTGC-1",2
"AGCAGCCGTCGCTTTC-1",1
"AGCAGCCGTCTAACGT-1",4
"AGCAGCCGTGTGAAAT-1",1
"AGCAGCCGTTTGTTGG-1",2
"AGCAGCCTCCAAACAC-1",0
"AGCATACAGTGGTAGC-1",6
"AGCATACAGTTGTCGT-1",5
"AGCATACGTCTTCTCG-1",1
"AGCATACGTTAAGTAG-1",0
"AGCATACTCCGTTGCT-1",2
"AGCCTAAAGATATGGT-1",1
"AGCCTAACAAAGCGGT-1",0
"AGCCTAACAGATAATG-1",1
"AGCCTAAGTACGAAAT-1",2
"AGCCTAAGTCACCTAA-1",1
"AGCCTAAGTGTGCCTG-1",0
"AGCCTAATCACCCGAG-1",1
"AGCCTAATCCAATGGT-1",0
"AGCCTAATCCTTGGTC-1",2
"AGCCTAATCTGTGCAA-1",3
"AGCCTAATCTGTTTGT-1",3
"AGCGGTCAGCGAAGGG-1",3
"AGCGGTCAGGTACTCT-1",6
"AGCGGTCAGTGACTCT-1",1
"AGCGGTCCAGCCTTGG-1",1
"AGCGGTCGTCCTAGCG-1",0
"AGCGGTCGTGGTGTAG-1",1
"AGCGGTCGTTAAGGGC-1",3
"AGCGGTCGTTTGCATG-1",3
"AGCGGTCTCCGAAGAG-1",0
"AGCGGTCTCCTCAATT-1",3
"AGCGGTCTCTGGGCCA-1",0
"AGCGTATAGAACTGTA-1",1
"AGCGTATAGCGATGAC-1",4
"AGCGTATAGGTACTCT-1",1
"AGCGTATGTTGAGGTG-1",0
"AGCGTATTCCAGAGGA-1",1
"AGCGTCGAGTTGAGTA-1",2
"AGCGTCGCAGGGATTG-1",2
"AGCGTCGTCTGAAAGA-1",2
"AGCTCCTAGACCTAGG-1",1
"AGCTCCTAGCGTTTAC-1",0
"AGCTCCTGTGTTTGTG-1",1
"AGCTCCTGTTGTCTTT-1",1
"AGCTCCTTCCGAATGT-1",5
"AGCTCCTTCTTGACGA-1",0
"AGCTCTCAGCGGATCA-1",1
"AGCTCTCAGCTGTTCA-1",5
"AGCTCTCAGGTGCTAG-1",5
"AGCTCTCCATACAGCT-1",9
"AGCTCTCGTCAGAGGT-1",5
"AGCTCTCGTGGGTCAA-1",2
"AGCTCTCTCACAACGT-1",1
"AGCTCTCTCTTGACGA-1",3
"AGCTTGAAGCATCATC-1",3
"AGCTTGAAGTAGCGGT-1",5
"AGCTTGAAGTTGTCGT-1",1
"AGCTTGACAATCCAAC-1",1
"AGCTTGACACCGATAT-1",3
"AGCTTGAGTCTACCTC-1",1
"AGCTTGAGTGCGCTTG-1",1
"AGCTTGAGTTACGCGC-1",5
"AGCTTGATCCTGCCAT-1",3
"AGCTTGATCTGCAAGT-1",3
"AGGCCACAGAGTAAGG-1",2
"AGGCCACAGGGTCTCC-1",4
"AGGCCACAGTACTTGC-1",2
"AGGCCACCAGGACCCT-1",1
"AGGCCACCATCAGTCA-1",0
"AGGCCACTCATGCTCC-1",1
"AGGCCACTCATGGTCA-1",1
"AGGCCACTCATTGCGA-1",4
"AGGCCGTAGGATCGCA-1",1
"AGGCCGTCACGTAAGG-1",0
"AGGCCGTCAGCTCGAC-1",4
"AGGCCGTCATCGTCGG-1",4
"AGGCCGTTCACGGTTA-1",0
"AGGCCGTTCGAACTGT-1",0
"AGGCCGTTCTCAAGTG-1",3
"AGGCCGTTCTGCTTGC-1",1
"AGGGAGTAGCCCAACC-1",1
"AGGGAGTAGGAGTACC-1",4
"AGGGAGTAGGCAGGTT-1",2
"AGGGAGTCACGAGAGT-1",0
"AGGGAGTCAGAAGCAC-1",2
"AGGGAGTCAGATCCAT-1",2
"AGGGAGTCATCGACGC-1",0
"AGGGAGTCATGCTAGT-1",1
"AGGGAGTGTCCATGAT-1",1
"AGGGAGTTCATAACCG-1",0
"AGGGATGAGCTCTCGG-1",0
"AGGGATGAGGAGTAGA-1",2
"AGGGATGAGTAGCGGT-1",0
"AGGGATGCAATGAATG-1",1
"AGGGATGCAATGGAGC-1",1
"AGGGATGCACAAGACG-1",2
"AGGGATGCACATTTCT-1",1
"AGGGATGCATGGTCTA-1",0
"AGGGATGGTTAAAGTG-1",1
"AGGGATGGTTATGCGT-1",1
"AGGGATGTCGTGACAT-1",2
"AGGGTGAAGATGGCGT-1",1
"AGGGTGAAGATGGGTC-1",0
"AGGGTGAAGGCTCAGA-1",0
"AGGGTGACACGAGAGT-1",1
"AGGGTGACAGATGGCA-1",1
"AGGGTGACAGATTGCT-1",0
"AGGGTGAGTACTCTCC-1",0
"AGGGTGAGTTATCGGT-1",0
"AGGGTGAGTTCTGAAC-1",0
"AGGGTGATCTCGCTTG-1",0
"AGGTCATAGAGCCCAA-1",0
"AGGTCATAGCCAGAAC-1",6
"AGGTCATAGGCATGGT-1",3
"AGGTCATAGGGAGTAA-1",1
"AGGTCATCACTCAGGC-1",2
"AGGTCATCACTCTGTC-1",0
"AGGTCATGTTCCACTC-1",4
"AGGTCATTCTCGTTTA-1",0
"AGGTCCGAGGATGCGT-1",0
"AGGTCCGCAACACGCC-1",6
"AGGTCCGGTGATGCCC-1",3
"AGGTCCGTCCATGAAC-1",0
"AGGTCCGTCGCCCTTA-1",4
"AGGTCCGTCTGCGTAA-1",0
"AGTAGTCAGACTGTAA-1",1
"AGTAGTCAGTACGACG-1",0
"AGTAGTCAGTTTAGGA-1",2
"AGTAGTCCAACTGGCC-1",3
"AGTAGTCGTGCAGACA-1",1
"AGTAGTCTCACCCGAG-1",1
"AGTCTTTAGGCAGTCA-1",6
"AGTCTTTCAAATCCGT-1",2
"AGTCTTTCATATACCG-1",4
"AGTCTTTGTGCTTCTC-1",1
"AGTCTTTGTGTCCTCT-1",1
"AGTCTTTGTTTGTTTC-1",1
"AGTCTTTTCGCAGGCT-1",1
"AGTCTTTTCGCGTAGC-1",0
"AGTCTTTTCGCTAGCG-1",2
"AGTCTTTTCGCTTGTC-1",3
"AGTCTTTTCTGACCTC-1",1
"AGTGAGGAGATAGCAT-1",1
"AGTGAGGCAGGTGCCT-1",2
"AGTGAGGGTATGAAAC-1",2
"AGTGAGGGTCACTTCC-1",1
"AGTGAGGGTCGCGAAA-1",4
"AGTGAGGGTTATGTGC-1",2
"AGTGAGGTCTACTATC-1",5
"AGTGGGAAGCAGACTG-1",4
"AGTGGGACAAACGCGA-1",3
"AGTGGGACAAGCCGTC-1",2
"AGTGGGACACAGGAGT-1",2
"AGTGGGACACGAGAGT-1",2
"AGTGGGATCATCGATG-1",2
"AGTGGGATCCACGAAT-1",4
"AGTGGGATCCTGCAGG-1",2
"AGTGTCAAGAAGCCCA-1",4
"AGTGTCAAGCTAGTCT-1",0
"AGTGTCAAGTACGACG-1",1
"AGTGTCAAGTGAACAT-1",3
"AGTGTCACACCATCCT-1",6
"AGTGTCACAGTAAGCG-1",2
"AGTGTCACAGTGGAGT-1",1
"AGTGTCAGTAAACCTC-1",0
"AGTGTCAGTACAGCAG-1",3
"AGTGTCAGTCTCCACT-1",0
"AGTGTCAGTTTGACTG-1",3
"AGTGTCATCAAAGTAG-1",2
"AGTGTCATCCGTCAAA-1",4
"AGTGTCATCGTTACAG-1",3
"AGTGTCATCTGTCAAG-1",0
"AGTTGGTAGACTGTAA-1",2
"AGTTGGTAGTACGCGA-1",3
"AGTTGGTCAAATTGCC-1",0
"AGTTGGTCAGGAATGC-1",2
"AGTTGGTCATGCGCAC-1",0
"AGTTGGTGTACCGTAT-1",3
"AGTTGGTGTATGCTTG-1",2
"AGTTGGTGTCAGGACA-1",0
"AGTTGGTGTTCAGACT-1",1
"AGTTGGTTCAGTACGT-1",2
"AGTTGGTTCCTCAACC-1",1
"AGTTGGTTCGTACCGG-1",0
"AGTTGGTTCTGTCCGT-1",1
"ATAACGCAGTTGAGTA-1",0
"ATAACGCCACGTGAGA-1",1
"ATAACGCGTGAACCTT-1",2
"ATAACGCGTGTCCTCT-1",0
"ATAACGCGTGTGAAAT-1",3
"ATAACGCTCTCCGGTT-1",6
"ATAAGAGAGTCCGGTC-1",0
"ATAAGAGCAACTGCGC-1",3
"ATAAGAGCAGTATCTG-1",4
"ATAAGAGGTGACGCCT-1",1
"ATAAGAGGTTAAAGTG-1",0
"ATAAGAGTCAGCACAT-1",2
"ATAAGAGTCAGTGCAT-1",4
"ATAGACCAGAGAGCTC-1",3
"ATAGACCAGCCCAATT-1",1
"ATAGACCCAAGCCATT-1",1
"ATAGACCCATCTGGTA-1",6
"ATAGACCGTATATGGA-1",1
"ATAGACCGTGGACGAT-1",5
"ATAGACCGTGGCGAAT-1",2
"ATAGACCGTTTCGCTC-1",2
"ATCACGAAGAACTCGG-1",7
"ATCACGAAGACACGAC-1",2
"ATCACGAAGTTACCCA-1",1
"ATCACGACAAGACACG-1",5
"ATCACGACAAGCGTAG-1",3
"ATCACGACACACATGT-1",1
"ATCACGACACCACCAG-1",1
"ATCACGACACGGTAAG-1",4
"ATCACGACAGCGAACA-1",7
"ATCACGATCCCGACTT-1",1
"ATCACGATCGGTGTCG-1",1
"ATCATCTAGCCTATGT-1",2
"ATCATCTAGGCCATAG-1",1
"ATCATCTAGTACTTGC-1",1
"ATCATCTCAGACGCCT-1",4
"ATCATCTCATCCGTGG-1",1
"ATCATCTGTATTACCG-1",2
"ATCATCTGTCACTTCC-1",2
"ATCATCTTCAGCGACC-1",4
"ATCATCTTCCTCAACC-1",0
"ATCATGGCAAGCGTAG-1",3
"ATCATGGCAAGGTTCT-1",0
"ATCATGGCACTACAGT-1",1
"ATCATGGGTAAGGGAA-1",3
"ATCATGGGTTGTGGCC-1",1
"ATCATGGTCAATAAGG-1",2
"ATCATGGTCCAATGGT-1",0
"ATCATGGTCGCCATAA-1",4
"ATCATGGTCGGTTAAC-1",0
"ATCCACCAGCTAGTCT-1",5
"ATCCACCAGGCTCTTA-1",4
"ATCCACCCAAACGTGG-1",0
"ATCCACCCAGTTAACC-1",2
"ATCCACCGTCCGAAGA-1",1
"ATCCACCGTTTGTTTC-1",0
"ATCCACCTCCTGCTTG-1",3
"ATCCACCTCCTTAATC-1",0
"ATCCACCTCTGGTATG-1",1
"ATCCGAAAGCGATGAC-1",2
"ATCCGAAAGCTAGGCA-1",4
"ATCCGAACAAACGTGG-1",2
"ATCCGAACAACAACCT-1",0
"ATCCGAACAAGGACTG-1",2
"ATCCGAACACCCATTC-1",0
"ATCCGAACACGGTAGA-1",2
"ATCCGAAGTAGCGCTC-1",0
"ATCCGAAGTCATTAGC-1",2
"ATCCGAAGTCTCTTAT-1",2
"ATCCGAATCCAACCAA-1",2
"ATCCGAATCCTTGACC-1",2
"ATCCGAATCTTGTCAT-1",1
"ATCGAGTAGACTTTCG-1",4
"ATCGAGTCATCCGGGT-1",7
"ATCGAGTGTCCCTTGT-1",3
"ATCGAGTGTCTCCCTA-1",1
"ATCGAGTTCATGCATG-1",1
"ATCGAGTTCCTGCCAT-1",0
"ATCTACTAGGTGTGGT-1",0
"ATCTACTCAGCTGTAT-1",3
"ATCTACTCAGTACACT-1",0
"ATCTACTCATGACATC-1",2
"ATCTACTGTAAGTAGT-1",0
"ATCTACTGTGTCGCTG-1",1
"ATCTACTTCCGCGTTT-1",6
"ATCTACTTCGCAAGCC-1",2
"ATCTACTTCTATCGCC-1",8
"ATCTACTTCTCTAAGG-1",3
"ATCTGCCAGGCTCAGA-1",0
"ATCTGCCGTACAGTTC-1",1
"ATCTGCCGTTGTGGAG-1",3
"ATCTGCCTCAGAGACG-1",0
"ATCTGCCTCAGCTGGC-1",1
"ATCTGCCTCGTACGGC-1",0
"ATCTGCCTCTCGAGTA-1",2
"ATCTGCCTCTGAGTGT-1",3
"ATCTGCCTCTTGTATC-1",5
"ATGAGGGAGGTCGGAT-1",0
"ATGAGGGCATGACGGA-1",1
"ATGAGGGCATTAGGCT-1",4
"ATGAGGGTCACATGCA-1",1
"ATGAGGGTCAGTCCCT-1",1
"ATGCGATAGTCAATAG-1",0
"ATGCGATCATGTTGAC-1",0
"ATGCGATGTGCAGTAG-1",1
"ATGCGATGTGCATCTA-1",1
"ATGCGATTCCCAAGAT-1",3
"ATGCGATTCGCCATAA-1",1
"ATGGGAGAGCAATATG-1",3
"ATGGGAGAGCCACGCT-1",2
"ATGGGAGAGGTGATAT-1",3
"ATGGGAGCACCAGGTC-1",0
"ATGGGAGCACTATCTT-1",1
"ATGGGAGCAGCATACT-1",1
"ATGGGAGCATAGAAAC-1",0
"ATGGGAGCATTACCTT-1",0
"ATGGGAGTCAAGGTAA-1",0
"ATGTGTGAGCGAAGGG-1",1
"ATGTGTGAGGGTTTCT-1",2
"ATGTGTGAGTTGAGTA-1",3
"ATGTGTGCACGGCGTT-1",0
"ATGTGTGCACGGTTTA-1",3
"ATGTGTGCAGTATAAG-1",1
"ATGTGTGTCACGCGGT-1",8
"ATTACTCAGATGTGTA-1",3
"ATTACTCAGCGTAATA-1",1
"ATTACTCAGGTGCACA-1",2
"ATTACTCAGTGAAGTT-1",0
"ATTACTCCAAACTGTC-1",1
"ATTACTCCACCATCCT-1",2
"ATTACTCCAGACTCGC-1",2
"ATTACTCCATATGCTG-1",0
"ATTACTCCATCGGTTA-1",4
"ATTACTCCATTGCGGC-1",1
"ATTACTCGTTAAAGAC-1",7
"ATTACTCTCCGAACGC-1",7
"ATTATCCAGAGTACCG-1",4
"ATTATCCAGCTTATCG-1",2
"ATTATCCCACAAGCCC-1",1
"ATTATCCCATATGAGA-1",2
"ATTATCCCATCTGGTA-1",0
"ATTATCCGTCGTTGTA-1",6
"ATTATCCGTCTCTCTG-1",0
"ATTATCCTCAACGGGA-1",0
"ATTATCCTCCGCGCAA-1",0
"ATTATCCTCTCCGGTT-1",7
"ATTCTACGTCACTTCC-1",0
"ATTCTACGTCTAGTCA-1",1
"ATTCTACGTTGTCGCG-1",0
"ATTGGACAGCAGATCG-1",3
"ATTGGACAGGGCATGT-1",2
"ATTGGACAGTGGACGT-1",0
"ATTGGACCAAGACACG-1",4
"ATTGGACGTAATAGCA-1",5
"ATTGGACTCCTGCTTG-1",2
"ATTGGACTCGGCGCAT-1",1
"ATTGGACTCGTTTGCC-1",1
"ATTGGTGAGAATGTTG-1",0
"ATTGGTGCAAGCTGAG-1",1
"ATTGGTGCAGCAGTTT-1",3
"ATTGGTGGTATGGTTC-1",6
"ATTGGTGGTTGAGTTC-1",2
"ATTGGTGTCAAAGTAG-1",0
"ATTGGTGTCGGAAACG-1",0
"ATTTCTGAGGGATACC-1",3
"ATTTCTGAGGGATCTG-1",0
"ATTTCTGAGGTGTTAA-1",1
"ATTTCTGAGTCGAGTG-1",7
"ATTTCTGAGTTCGCAT-1",1
"ATTTCTGCAAGGTGTG-1",0
"ATTTCTGGTAGCTCCG-1",1
"ATTTCTGGTGCACGAA-1",1
"ATTTCTGGTTGCCTCT-1",0
"ATTTCTGTCAAAGTAG-1",5
"ATTTCTGTCAGCTCGG-1",0
"ATTTCTGTCTTGGGTA-1",5
"CAACCAAAGAAACGCC-1",1
"CAACCAAAGAGGGCTT-1",2
"CAACCAAAGCTGAAAT-1",1
"CAACCAAAGGACAGCT-1",3
"CAACCAAAGGGAGTAA-1",6
"CAACCAACATACGCTA-1",1
"CAACCTCAGTAATCCC-1",2
"CAACCTCCAGACGCAA-1",3
"CAACCTCGTGAGTGAC-1",3
"CAACCTCGTTCCACGG-1",0
"CAACCTCTCATACGGT-1",1
"CAACCTCTCCGATATG-1",0
"CAACCTCTCCTTTACA-1",5
"CAACCTCTCTCTAGGA-1",0
"CAACTAGAGAATAGGG-1",1
"CAACTAGAGGATGCGT-1",0
"CAACTAGCACCATCCT-1",2
"CAACTAGCAGACTCGC-1",3
"CAACTAGCAGTTCATG-1",3
"CAACTAGGTACGCACC-1",1
"CAACTAGTCAGGCCCA-1",5
"CAAGAAAAGAAGGACA-1",2
"CAAGAAAAGACGCACA-1",2
"CAAGAAAAGGCCCTTG-1",1
"CAAGAAAAGGTGATAT-1",3
"CAAGAAAAGTCGATAA-1",1
"CAAGAAAAGTGGAGTC-1",1
"CAAGAAAAGTGTACCT-1",0
"CAAGAAACACGGTGTC-1",1
"CAAGAAATCTGCTTGC-1",2
"CAAGATCAGCTGAAAT-1",0
"CAAGATCGTAAGAGGA-1",7
"CAAGATCGTGCCTTGG-1",8
"CAAGATCTCAACACCA-1",0
"CAAGATCTCTCGATGA-1",0
"CAAGGCCAGGAGTCTG-1",0
"CAAGGCCAGGCTATCT-1",1
"CAAGGCCCACGGTAAG-1",3
"CAAGGCCCATGTTCCC-1",5
"CAAGGCCGTCCGTCAG-1",1
"CAAGGCCTCAACGGGA-1",0
"CAAGGCCTCCTTGACC-1",0
"CAAGGCCTCGTGACAT-1",2
"CAAGTTGAGACAGGCT-1",2
"CAAGTTGAGATGTCGG-1",2
"CAAGTTGAGCGTCAAG-1",2
"CAAGTTGAGCGTTTAC-1",2
"CAAGTTGCACATTAGC-1",0
"CAAGTTGCACGCTTTC-1",6
"CAAGTTGCACGGTGTC-1",0
"CAAGTTGCATTCTTAC-1",7
"CAAGTTGGTACTCAAC-1",0
"CAAGTTGGTCAGGACA-1",0
"CAAGTTGGTCGGCACT-1",5
"CAAGTTGTCAACGAAA-1",6
"CAAGTTGTCACCACCT-1",2
"CAAGTTGTCATTGCCC-1",0
"CAAGTTGTCGAATCCA-1",1
"CAAGTTGTCTACTTAC-1",4
"CACAAACAGGGCTCTC-1",3
"CACAAACAGGGCTTGA-1",0
"CACAAACAGTGACATA-1",1
"CACAAACCAACTGCGC-1",3
"CACAAACCAATAAGCA-1",1
"CACAAACCAATCAGAA-1",0
"CACAAACCACTTAACG-1",4
"CACAAACCATGAACCT-1",0
"CACAAACCATGGTCAT-1",4
"CACAAACGTCAACTGT-1",0
"CACAAACGTCAGAATA-1",2
"CACAAACTCTTCGGTC-1",2
"CACAAACTCTTGGGTA-1",7
"CACACAAAGCGACGTA-1",2
"CACACAAAGGGAGTAA-1",4
"CACACAACAAACGTGG-1",2
"CACACAACACATGACT-1",1
"CACACAACATCGATTG-1",0
"CACACAACATTGGGCC-1",0
"CACACAAGTACGACCC-1",0
"CACACAAGTCAGTGGA-1",4
"CACACAAGTCATCGGC-1",0
"CACACAAGTTTACTCT-1",5
"CACACAATCCACGTGG-1",0
"CACACAATCCACGTTC-1",2
"CACACAATCGGCGCAT-1",3
"CACACCTAGAGACTAT-1",0
"CACACCTAGGACATTA-1",2
"CACACCTAGTCATCCA-1",3
"CACACCTAGTGTGAAT-1",2
"CACACCTCACTGAAGG-1",4
"CACACCTCATAGGATA-1",1
"CACACCTCATAGTAAG-1",6
"CACACCTCATTGGGCC-1",1
"CACACCTGTACAGCAG-1",0
"CACACCTGTACCGCTG-1",1
"CACACCTGTCCAAGTT-1",2
"CACACCTGTGGACGAT-1",1
"CACACCTGTGGTCTCG-1",2
"CACACCTTCATGTCTT-1",2
"CACACCTTCTGGCGAC-1",2
"CACACTCAGGGAAACA-1",2
"CACACTCCAACACCTA-1",6
"CACACTCCAAGGGTCA-1",3
"CACACTCGTGACGCCT-1",1
"CACACTCGTTTGTGTG-1",1
"CACAGGCAGCCATCGC-1",7
"CACAGGCAGGGATGGG-1",4
"CACAGGCCAAGAGTCG-1",3
"CACAGGCCAATGGAGC-1",0
"CACAGGCGTCTAGGTT-1",3
"CACAGGCGTTACGCGC-1",4
"CACAGGCTCGGGAGTA-1",1
"CACAGGCTCTATGTGG-1",4
"CACAGTAAGACGCAAC-1",1
"CACAGTAAGACGCACA-1",0
"CACAGTAAGTGGGCTA-1",5
"CACAGTACAACTGGCC-1",3
"CACAGTACATCGGACC-1",5
"CACAGTAGTTCCATGA-1",8
"CACATAGAGCCCAATT-1",0
"CACATAGAGTGTACTC-1",1
"CACATAGCACTTCTGC-1",3
"CACATAGCAGGGTATG-1",2
"CACATAGTCCTTGCCA-1",1
"CACATAGTCGGCGCAT-1",1
"CACATTTAGCAGATCG-1",8
"CACATTTAGGGCACTA-1",0
"CACATTTCACGGCGTT-1",0
"CACATTTCATTACCTT-1",0
"CACATTTGTCGAACAG-1",0
"CACATTTGTGTTGAGG-1",1
"CACATTTTCCAGAGGA-1",0
"CACATTTTCCGCATCT-1",2
"CACATTTTCTACTATC-1",0
"CACATTTTCTGTGCAA-1",0
"CACCACTAGCCACGTC-1",6
"CACCACTAGTGGTAAT-1",0
"CACCACTAGTTACCCA-1",2
"CACCACTCAAGCCCAC-1",2
"CACCACTCAGTTCATG-1",5
"CACCACTGTTATTCTC-1",10
"CACCACTTCACCGGGT-1",1
"CACCACTTCGAATCCA-1",6
"CACCACTTCGACCAGC-1",3
"CACCACTTCTAACCGA-1",1
"CACCACTTCTTTAGTC-1",0
"CACCAGGCACATTAGC-1",7
"CACCAGGCACTGCCAG-1",0
"CACCAGGCATAAAGGT-1",0
"CACCAGGCATGAACCT-1",4
"CACCAGGGTGAAATCA-1",5
"CACCAGGGTGTTTGGT-1",3
"CACCAGGGTTATCACG-1",2
"CACCAGGTCATGTAGC-1",8
"CACCAGGTCTGCTTGC-1",0
"CACCTTGAGACTTGAA-1",2
"CACCTTGAGTCAATAG-1",1
"CACCTTGCACTAGTAC-1",4
"CACCTTGCAGGCGATA-1",0
"CACCTTGCATTCCTGC-1",1
"CACCTTGGTCATTAGC-1",2
"CACCTTGGTGATGTCT-1",1
"CACCTTGGTGTGAAAT-1",1
"CACCTTGGTTATGTGC-1",3
"CACCTTGTCAACCATG-1",0
"CACCTTGTCATTATCC-1",0
"CACCTTGTCCAAAGTC-1",1
"CACCTTGTCTCACATT-1",1
"CACTCCAAGACAAGCC-1",0
"CACTCCAAGGTACTCT-1",3
"CACTCCACAATGGACG-1",2
"CACTCCAGTACATGTC-1",0
"CACTCCAGTTGTCGCG-1",2
"CACTCCATCAACACAC-1",4
"CACTCCATCCCAGGTG-1",1
"CAGAATCAGAAACCTA-1",4
"CAGAATCAGCCAACAG-1",9
"CAGAATCAGCTGGAAC-1",1
"CAGAATCAGGACTGGT-1",0
"CAGAATCAGTATCGAA-1",4
"CAGAATCCACAGAGGT-1",4
"CAGAATCCAGGGTACA-1",1
"CAGAATCGTAAGTGTA-1",1
"CAGAATCGTAATCACC-1",3
"CAGAATCTCAGTTTGG-1",0
"CAGAATCTCGCAAGCC-1",4
"CAGAATCTCGGTCCGA-1",0
"CAGAATCTCTTGCAAG-1",0
"CAGAATCTCTTGTACT-1",0
"CAGAGAGAGAATTGTG-1",10
"CAGAGAGAGCAATATG-1",1
"CAGAGAGCAAGAAGAG-1",0
"CAGAGAGCACCAGATT-1",0
"CAGAGAGGTAATCACC-1",2
"CAGAGAGGTAGCTGCC-1",5
"CAGAGAGGTAGGACAC-1",3
"CAGAGAGGTATAGGGC-1",0
"CAGAGAGGTCCGAATT-1",1
"CAGAGAGGTTGAGGTG-1",1
"CAGAGAGTCACCCGAG-1",5
"CAGAGAGTCATAACCG-1",4
"CAGAGAGTCCGAACGC-1",4
"CAGAGAGTCTGGTATG-1",4
"CAGATCAAGAGACGAA-1",0
"CAGATCAAGCACCGTC-1",1
"CAGATCAAGCTTCGCG-1",3
"CAGATCAAGGATTCGG-1",1
"CAGATCAAGTGTACCT-1",0
"CAGATCAAGTTTAGGA-1",7
"CAGATCACAATAACGA-1",0
"CAGATCACACACCGAC-1",0
"CAGATCACACGGTAAG-1",0
"CAGATCACACTCTGTC-1",0
"CAGATCACAGCATACT-1",1
"CAGATCACAGTGGGAT-1",6
"CAGATCAGTACCAGTT-1",1
"CAGATCAGTGCGGTAA-1",0
"CAGATCATCTGATACG-1",2
"CAGATCATCTGATTCT-1",2
"CAGCAGCAGATGCCAG-1",4
"CAGCAGCAGGGAACGG-1",0
"CAGCAGCCACCTATCC-1",1
"CAGCAGCCATCACAAC-1",1
"CAGCAGCGTGCTAGCC-1",5
"CAGCAGCTCAACACTG-1",2
"CAGCAGCTCGAACTGT-1",0
"CAGCAGCTCGCCGTGA-1",0
"CAGCATAAGAGACGAA-1",1
"CAGCATAGTCTAGGTT-1",0
"CAGCATAGTTTACTCT-1",2
"CAGCATATCACGAAGG-1",5
"CAGCATATCAGGCAAG-1",0
"CAGCATATCCTTAATC-1",1
"CAGCCGAAGCATCATC-1",4
"CAGCCGAAGTTTCCTT-1",2
"CAGCCGACACGTGAGA-1",0
"CAGCCGACATCAGTCA-1",0
"CAGCCGAGTGATGTCT-1",2
"CAGCCGATCACCAGGC-1",0
"CAGCCGATCCTCAATT-1",3
"CAGCGACAGAAACGCC-1",2
"CAGCGACAGCGTCAAG-1",0
"CAGCGACCAAACGTGG-1",0
"CAGCGACCAAAGCGGT-1",1
"CAGCGACCACGTCAGC-1",5
"CAGCGACCATGGGACA-1",2
"CAGCGACGTCTGATTG-1",2
"CAGCGACGTGGACGAT-1",4
"CAGCGACGTGGTTTCA-1",1
"CAGCGACGTTCGGCAC-1",5
"CAGCGACTCCGCAAGC-1",0
"CAGCGACTCTGGGCCA-1",3
"CAGCTAAAGATGTGTA-1",2
"CAGCTAAAGCAGACTG-1",0
"CAGCTAAAGCTGTTCA-1",8
"CAGCTAAAGGAGCGTT-1",0
"CAGCTAACACAGATTC-1",5
"CAGCTAACATCAGTAC-1",2
"CAGCTAAGTAATCGTC-1",1
"CAGCTAAGTCTCACCT-1",1
"CAGCTAAGTTCGTCTC-1",4
"CAGCTAATCCACGCAG-1",0
"CAGCTAATCCCTAACC-1",0
"CAGCTAATCTGGTTCC-1",0
"CAGCTAATCTTAGCCC-1",4
"CAGCTAATCTTCGGTC-1",3
"CAGCTGGAGACACTAA-1",2
"CAGCTGGAGATCCTGT-1",5
"CAGCTGGCACCAACCG-1",3
"CAGCTGGCAGTGGAGT-1",1
"CAGCTGGCATGCATGT-1",7
"CAGCTGGTCTACCTGC-1",4
"CAGGTGCAGAGACGAA-1",2
"CAGGTGCAGATCCTGT-1",4
"CAGGTGCAGGCATGTG-1",0
"CAGGTGCCAGGAACGT-1",0
"CAGGTGCCATAGTAAG-1",4
"CAGGTGCCATCGGAAG-1",0
"CAGGTGCTCAGTTGAC-1",0
"CAGGTGCTCCAAGTAC-1",0
"CAGGTGCTCTTGTATC-1",0
"CAGTAACAGATATGGT-1",3
"CAGTAACAGATGGCGT-1",1
"CAGTAACCAATCACAC-1",0
"CAGTAACCACTCGACG-1",0
"CAGTAACGTGATAAGT-1",4
"CAGTAACGTGCACCAC-1",0
"CAGTAACTCAGAGGTG-1",0
"CAGTAACTCGTACGGC-1",2
"CAGTAACTCGTGACAT-1",3
"CAGTAACTCTGCCAGG-1",3
"CAGTCCTAGAATCTCC-1",5
"CAGTCCTAGATCTGCT-1",2
"CAGTCCTCAGTATAAG-1",1
"CAGTCCTTCAACACGT-1",1
"CAGTCCTTCCATGAGT-1",2
"CAGTCCTTCCCGACTT-1",0
"CAGTCCTTCCCTTGTG-1",5
"CAGTCCTTCGAACGGA-1",5
"CAGTCCTTCGGTTCGG-1",0
"CAGTCCTTCTACTTAC-1",1
"CATATGGAGAGATGAG-1",2
"CATATGGAGGCATGGT-1",3
"CATATGGAGTATTGGA-1",2
"CATATGGCAAGCGTAG-1",1
"CATATGGGTCGCATAT-1",0
"CATATGGTCATTATCC-1",0
"CATATGGTCATTGCGA-1",0
"CATATTCAGGCGACAT-1",2
"CATATTCCACCACCAG-1",0
"CATATTCGTGACTACT-1",2
"CATATTCGTGGTACAG-1",0
"CATATTCGTGTGACGA-1",0
"CATATTCTCACAGGCC-1",2
"CATATTCTCGCAAACT-1",0
"CATCAAGAGAACTCGG-1",1
"CATCAAGAGATGGCGT-1",0
"CATCAAGAGCCGCCTA-1",7
"CATCAAGCACGAAACG-1",5
"CATCAAGCAGCCTTTC-1",0
"CATCAAGCATGGAATA-1",2
"CATCAAGGTTACTGAC-1",3
"CATCAAGGTTCCATGA-1",1
"CATCAAGTCTAAGCCA-1",0
"CATCAAGTCTGACCTC-1",0
"CATCAGAAGCTAGTCT-1",7
"CATCAGACAAGCCATT-1",1
"CATCAGACAATGACCT-1",8
"CATCAGACACGGCCAT-1",3
"CATCAGACAGACAGGT-1",1
"CATCAGACATAACCTG-1",0
"CATCAGAGTAATTGGA-1",6
"CATCAGAGTACATGTC-1",0
"CATCAGAGTGTTAAGA-1",1
"CATCAGAGTTCAACCA-1",1
"CATCAGATCGTTGACA-1",0
"CATCCACGTAAAGTCA-1",4
"CATCCACGTACCGTAT-1",6
"CATCCACGTGCCTGTG-1",2
"CATCCACGTTTAAGCC-1",1
"CATCGAAAGAGTACAT-1",5
"CATCGAAAGCTGTCTA-1",1
"CATCGAACAAGAGGCT-1",4
"CATCGAACAAGCTGAG-1",1
"CATCGAACACATTTCT-1",1
"CATCGAACATAAAGGT-1",4
"CATCGAAGTAGTACCT-1",0
"CATCGAAGTCCGACGT-1",10
"CATCGAAGTGCACTTA-1",2
"CATCGAATCAAACCAC-1",2
"CATCGAATCCGCGGTA-1",0
"CATCGAATCCGTAGTA-1",0
"CATCGGGAGAAGCCCA-1",2
"CATCGGGAGCGAGAAA-1",2
"CATCGGGAGGGTGTGT-1",0
"CATCGGGAGGTGTTAA-1",2
"CATCGGGAGTGACTCT-1",4
"CATCGGGCACTCAGGC-1",2
"CATCGGGCAGACGCTC-1",0
"CATCGGGCATCACAAC-1",1
"CATCGGGGTCCTCTTG-1",1
"CATCGGGGTGAGGGAG-1",2
"CATCGGGGTTCGAATC-1",8
"CATCGGGTCAGGATCT-1",0
"CATCGGGTCCACGAAT-1",0
"CATCGGGTCGATGAGG-1",1
"CATGACAAGACCACGA-1",3
"CATGACAAGCTCCTCT-1",0
"CATGACAAGTAACCCT-1",2
"CATGACAAGTATCTCG-1",0
"CATGACAGTCGTCTTC-1",3
"CATGACAGTGAACCTT-1",3
"CATGACATCAATAAGG-1",0
"CATGACATCTAACTGG-1",1
"CATGCCTAGACCTAGG-1",3
"CATGCCTAGAGTCTGG-1",0
"CATGCCTCACCACCAG-1",0
"CATGCCTGTCAAAGCG-1",0
"CATGCCTGTCGATTGT-1",2
"CATGCCTTCCACGACG-1",5
"CATGCCTTCCTCATTA-1",0
"CATGCCTTCGCATGAT-1",2
"CATGGCGAGAGCTGGT-1",2
"CATGGCGAGTACGACG-1",0
"CATGGCGTCCAAAGTC-1",2
"CATGGCGTCCCTTGTG-1",0
"CATGGCGTCGGCCGAT-1",3
"CATGGCGTCTCAAACG-1",3
"CATGGCGTCTGCCCTA-1",4
"CATTATCAGACCCACC-1",2
"CATTATCAGTCCCACG-1",0
"CATTATCCAAGTCTGT-1",2
"CATTATCCAGGGCATA-1",3
"CATTATCGTCAATGTC-1",0
"CATTATCTCACAAACC-1",1
"CATTATCTCAGATAAG-1",2
"CATTATCTCGCGTTTC-1",0
"CATTATCTCGTTGCCT-1",8
"CATTATCTCTATCCCG-1",2
"CATTATCTCTTAACCT-1",1
"CATTCGCAGGTGCTAG-1",0
"CATTCGCCAAGGGTCA-1",0
"CATTCGCCAGCCTATA-1",1
"CATTCGCCATACAGCT-1",3
"CATTCGCCATGGATGG-1",2
"CATTCGCCATGTCTCC-1",2
"CATTCGCCATTCACTT-1",0
"CATTCGCGTAGCACGA-1",0
"CATTCGCTCATCACCC-1",4
"CCAATCCAGACCACGA-1",2
"CCAATCCAGATATGGT-1",3
"CCAATCCAGTCGAGTG-1",3
"CCAATCCAGTCGTTTG-1",2
"CCAATCCAGTTTAGGA-1",1
"CCAATCCCAAGCGAGT-1",2
"CCAATCCTCGGACAAG-1",5
"CCAATCCTCTACCTGC-1",0
"CCACCTAAGCAGACTG-1",6
"CCACCTAAGGATGGTC-1",3
"CCACCTAAGTCGAGTG-1",2
"CCACCTAAGTGGGATC-1",3
"CCACCTAAGTGTGGCA-1",2
"CCACCTACAACAACCT-1",0
"CCACCTACAAGCCGCT-1",0
"CCACCTACAATCTACG-1",3
"CCACCTAGTAGTACCT-1",3
"CCACCTAGTCGCGTGT-1",2
"CCACCTAGTGGGTCAA-1",0
"CCACCTATCAGTTGAC-1",0
"CCACCTATCTGATACG-1",0
"CCACGGAAGACACGAC-1",0
"CCACGGAAGGGAACGG-1",1
"CCACGGACATGTCGAT-1",2
"CCACGGAGTAAGGGCT-1",1
"CCACGGAGTCAGATAA-1",3
"CCACGGAGTCCGTGAC-1",3
"CCACGGAGTGTAATGA-1",2
"CCACGGAGTTCTGAAC-1",3
"CCACGGATCACATAGC-1",3
"CCACGGATCCACGTGG-1",2
"CCACGGATCTACTATC-1",5
"CCACGGATCTAGAGTC-1",1
"CCACTACAGAGTACCG-1",0
"CCACTACAGCTTTGGT-1",1
"CCACTACCAGCAGTTT-1",0
"CCACTACCAGTAGAGC-1",1
"CCACTACGTCCGAATT-1",2
"CCACTACGTCTCAACA-1",6
"CCACTACGTGACAAAT-1",10
"CCACTACGTGACCAAG-1",0
"CCACTACGTGCACGAA-1",0
"CCACTACTCACTCTTA-1",4
"CCACTACTCCGCATCT-1",2
"CCACTACTCGGAAATA-1",2
"CCACTACTCTCGTATT-1",1
"CCACTACTCTCGTTTA-1",2
"CCAGCGAAGCCCAACC-1",1
"CCAGCGACATCGGGTC-1",1
"CCAGCGACATGTCCTC-1",3
"CCAGCGAGTAGGCATG-1",0
"CCAGCGAGTCCGTTAA-1",3
"CCAGCGATCAGAAATG-1",0
"CCATGTCAGCGATCCC-1",3
"CCATGTCAGGTCGGAT-1",1
"CCATGTCAGGTTACCT-1",6
"CCATGTCCAAGCTGGA-1",1
"CCATGTCCACATCCGG-1",4
"CCATGTCGTCCAGTAT-1",3
"CCATGTCTCCAAGTAC-1",6
"CCATGTCTCTTGTATC-1",1
"CCATTCGCAGTACACT-1",6
"CCATTCGCAGTTTACG-1",3
"CCATTCGGTAATCGTC-1",3
"CCATTCGGTATTACCG-1",1
"CCATTCGTCGTAGGAG-1",4
"CCCAATCAGTCACGCC-1",2
"CCCAATCCAGGTGGAT-1",2
"CCCAATCGTGAAGGCT-1",1
"CCCAATCGTTGGAGGT-1",1
"CCCAATCTCACATGCA-1",1
"CCCAATCTCCAGTATG-1",1
"CCCAATCTCGGAGCAA-1",0
"CCCAGTTAGAATAGGG-1",0
"CCCAGTTAGATCCCGC-1",4
"CCCAGTTAGCGTGAAC-1",0
"CCCAGTTAGGAATCGC-1",3
"CCCAGTTAGTCCGGTC-1",0
"CCCAGTTAGTTTGCGT-1",1
"CCCAGTTGTACATGTC-1",1
"CCCAGTTGTCTGCAAT-1",0
"CCCAGTTTCTGAAAGA-1",4
"CCCATACAGGGTTCCC-1",0
"CCCATACAGTGTTTGC-1",6
"CCCATACCAAAGGTGC-1",2
"CCCATACCAACACCCG-1",3
"CCCATACCAGCAGTTT-1",1
"CCCATACGTATTACCG-1",0
"CCCATACGTCAATACC-1",1
"CCCATACGTCTAGTCA-1",10
"CCCATACGTTGAGTTC-1",1
"CCCATACTCAATAAGG-1",3
"CCCATACTCAGCGACC-1",1
"CCCATACTCATCACCC-1",1
"CCCATACTCCGTAGGC-1",0
"CCCTCCTAGGAATCGC-1",0
"CCCTCCTCACGTCTCT-1",1
"CCCTCCTCAGCTTAAC-1",1
"CCCTCCTCATATGAGA-1",1
"CCCTCCTCATCACGTA-1",6
"CCCTCCTGTATGGTTC-1",4
"CCCTCCTGTTAGATGA-1",7
"CCCTCCTTCAATCACG-1",0
"CCCTCCTTCCGCAGTG-1",3
"CCGGGATAGCTTCGCG-1",0
"CCGGGATAGGCGACAT-1",0
"CCGGGATAGGCTAGGT-1",3
"CCGGGATCACAGTCGC-1",2
"CCGGGATGTATAGGTA-1",4
"CCGGGATTCAGAGCTT-1",1
"CCGGGATTCGCTAGCG-1",1
"CCGGGATTCGCTTGTC-1",2
"CCGGTAGAGCGTCTAT-1",2
"CCGGTAGAGTACGCCC-1",5
"CCGGTAGCACATAACC-1",5
"CCGGTAGCACGCATCG-1",2
"CCGGTAGGTACTTCTT-1",0
"CCGGTAGGTCAAACTC-1",0
"CCGGTAGTCGTCCGTT-1",1
"CCGTACTAGAGAACAG-1",0
"CCGTACTAGTCCGTAT-1",1
"CCGTACTCAAGCCCAC-1",3
"CCGTACTCAAGCGAGT-1",0
"CCGTACTCATCCCACT-1",2
"CCGTACTGTACAGCAG-1",4
"CCGTACTGTAGCGCTC-1",0
"CCGTACTGTGCGGTAA-1",4
"CCGTACTTCGTTACAG-1",2
"CCGTGGAAGACGCACA-1",2
"CCGTGGAAGAGTTGGC-1",0
"CCGTGGAAGGTGATAT-1",3
"CCGTGGAAGGTTCCTA-1",5
"CCGTGGACAGCCTTGG-1",1
"CCGTGGAGTTCCATGA-1",1
"CCGTGGATCTAACTTC-1",3
"CCGTGGATCTCTGTCG-1",0
"CCGTTCAAGCGTAATA-1",1
"CCGTTCAAGTACGATA-1",0
"CCGTTCAAGTAGATGT-1",0
"CCGTTCACAGGATCGA-1",1
"CCGTTCAGTATAGGGC-1",4
"CCGTTCAGTCGCGAAA-1",0
"CCGTTCATCGTACCGG-1",2
"CCTAAAGAGAGTTGGC-1",2
"CCTAAAGCAAACCTAC-1",3
"CCTAAAGCATGTCTCC-1",0
"CCTAAAGGTACTCAAC-1",1
"CCTAAAGGTCGGCACT-1",10
"CCTAAAGGTGTAATGA-1",0
"CCTAAAGTCACCGTAA-1",3
"CCTAAAGTCAGCGATT-1",2
"CCTAAAGTCGGCGCTA-1",3
"CCTAAAGTCGGTCCGA-1",1
"CCTACACAGGACCACA-1",3
"CCTACACAGGGTGTTG-1",0
"CCTACACCAGTAAGAT-1",1
"CCTACACGTATAGTAG-1",1
"CCTACACGTCCGAACC-1",1
"CCTACACGTGGGTCAA-1",2
"CCTACACGTTTGACTG-1",3
"CCTACACTCGGCGCTA-1",4
"CCTACACTCGTGACAT-1",3
"CCTACCAAGATAGGAG-1",0
"CCTACCAAGCAAATCA-1",1
"CCTACCAAGCGTAGTG-1",2
"CCTACCAAGCTTCGCG-1",0
"CCTACCAAGTGCGATG-1",0
"CCTACCAGTATCAGTC-1",1
"CCTACCAGTCTCTCTG-1",1
"CCTACCAGTCTTTCAT-1",3
"CCTACCATCAGCACAT-1",3
"CCTACCATCGCCAGCA-1",0
"CCTAGCTAGCAAATCA-1",1
"CCTAGCTAGCTCCTCT-1",4
"CCTAGCTAGGTTACCT-1",4
"CCTAGCTAGTACGCGA-1",0
"CCTAGCTCAATGAATG-1",2
"CCTAGCTCAATGGTCT-1",2
"CCTAGCTCACATCCAA-1",7
"CCTAGCTCAGCCAGAA-1",0
"CCTAGCTGTAGAAAGG-1",3
"CCTAGCTGTCACCCAG-1",1
"CCTAGCTGTCTGATTG-1",0
"CCTAGCTTCACGATGT-1",1
"CCTAGCTTCGTAGGAG-1",6
"CCTATTAAGAATTCCC-1",7
"CCTATTAAGCAGGCTA-1",7
"CCTATTAAGCAGGTCA-1",0
"CCTATTAAGGGAGTAA-1",0
"CCTATTAAGGTAGCCA-1",8
"CCTATTACACAACTGT-1",2
"CCTATTACACATCCGG-1",2
"CCTATTAGTCAATACC-1",1
"CCTATTATCATCACCC-1",6
"CCTATTATCTGCGACG-1",1
"CCTCAGTAGCTAACTC-1",2
"CCTCAGTCAGGTGGAT-1",2
"CCTCAGTGTCCATCCT-1",1
"CCTCAGTGTCCGACGT-1",4
"CCTCAGTGTCTTGTCC-1",3
"CCTCAGTGTGGGTATG-1",1
"CCTCTGAAGTATCGAA-1",0
"CCTCTGAAGTGGGTTG-1",0
"CCTCTGACAAGCTGTT-1",1
"CCTCTGACACCGATAT-1",7
"CCTCTGACAGATGAGC-1",1
"CCTCTGAGTCAATACC-1",2
"CCTCTGAGTCCGAACC-1",0
"CCTCTGAGTCGTGGCT-1",2
"CCTCTGAGTCTGATTG-1",5
"CCTCTGATCTGAGGGA-1",8
"CCTTACGCAAGCGTAG-1",5
"CCTTACGCACCAACCG-1",1
"CCTTACGGTCATCCCT-1",1
"CCTTACGGTCCTCTTG-1",3
"CCTTACGTCACAACGT-1",1
"CCTTACGTCATCTGCC-1",0
"CCTTACGTCGGAGGTA-1",0
"CCTTCCCAGAGACTAT-1",7
"CCTTCCCAGCTAGGCA-1",0
"CCTTCCCAGGACGAAA-1",5
"CCTTCCCAGGGCATGT-1",0
"CCTTCCCAGGTACTCT-1",1
"CCTTCCCCATGATCCA-1",0
"CCTTCCCTCAAGGCTT-1",6
"CCTTCCCTCTATCCTA-1",1
"CCTTCCCTCTATCGCC-1",4
"CCTTCGAAGGCGCTCT-1",4
"CCTTCGACAACACCCG-1",1
"CCTTCGACAGCGATCC-1",0
"CCTTCGAGTAAGCACG-1",0
"CCTTCGAGTCCATGAT-1",1
"CCTTCGAGTGTGACCC-1",6
"CCTTCGAGTTGGTGGA-1",0
"CCTTCGATCACAGTAC-1",12
"CCTTCGATCCTATGTT-1",0
"CCTTCGATCGCACTCT-1",1
"CCTTTCTAGACGCTTT-1",0
"CCTTTCTAGGGCACTA-1",1
"CCTTTCTAGTGGAGTC-1",3
"CCTTTCTCAGACAAGC-1",1
"CCTTTCTCATCACGAT-1",1
"CCTTTCTCATGCCCGA-1",1
"CCTTTCTTCCCACTTG-1",2
"CCTTTCTTCTTTACGT-1",1
"CGAACATCACATGACT-1",3
"CGAACATCACTTGGAT-1",1
"CGAACATCAGTCCTTC-1",2
"CGAACATGTCTGATTG-1",2
"CGAACATGTGCTGTAT-1",0
"CGAACATTCTCAAACG-1",1
"CGAATGTAGAGGTTAT-1",1
"CGAATGTAGCGATAGC-1",6
"CGAATGTAGTTCGCAT-1",3
"CGAATGTCAATGCCAT-1",2
"CGAATGTGTCTAGTCA-1",1
"CGAATGTGTCTCACCT-1",0
"CGAATGTTCAACACAC-1",0
"CGAATGTTCATCACCC-1",3
"CGAATGTTCTGTACGA-1",1
"CGACCTTAGCTACCGC-1",2
"CGACCTTAGCTAGTCT-1",0
"CGACCTTCAAAGTGCG-1",2
"CGACCTTCACGAAATA-1",0
"CGACCTTGTAAGTGTA-1",3
"CGACCTTGTCAGAATA-1",3
"CGACCTTGTCTCCCTA-1",1
"CGACCTTGTCTCTTAT-1",3
"CGACCTTTCCGCGTTT-1",0
"CGACCTTTCGTTTATC-1",6
"CGACCTTTCTCCAGGG-1",0
"CGACTTCAGACACGAC-1",0
"CGACTTCAGGTAGCCA-1",0
"CGACTTCAGTCTTGCA-1",0
"CGACTTCCAATGGACG-1",1
"CGACTTCGTGGTGTAG-1",8
"CGACTTCGTTGAGTTC-1",1
"CGACTTCTCACTTACT-1",5
"CGACTTCTCTCGCTTG-1",9
"CGAGAAGAGAAACGCC-1",5
"CGAGAAGAGCCAACAG-1",0
"CGAGAAGAGCGTGTCC-1",6
"CGAGAAGCAAGTTCTG-1",3
"CGAGAAGCACATCCGG-1",0
"CGAGAAGCAGGCTGAA-1",2
"CGAGAAGTCGGATGGA-1",3
"CGAGCACAGCCAGAAC-1",1
"CGAGCACCACATGTGT-1",0
"CGAGCACGTAGCGTCC-1",2
"CGAGCACGTAGCGTGA-1",0
"CGAGCACGTCAGATAA-1",3
"CGAGCACGTGCCTTGG-1",4
"CGAGCACTCCCGGATG-1",4
"CGAGCACTCCGCTGTT-1",2
"CGAGCACTCGGAAATA-1",3
"CGAGCACTCGTGACAT-1",3
"CGAGCCAAGCTAGCCC-1",1
"CGAGCCAGTATATCCG-1",1
"CGAGCCAGTCAAGCGA-1",0
"CGATCGGAGAGCCTAG-1",6
"CGATCGGAGTACGATA-1",4
"CGATCGGCAAACGCGA-1",2
"CGATCGGCAAGCGATG-1",0
"CGATCGGCAATACGCT-1",2
"CGATCGGCAGTTAACC-1",2
"CGATCGGCATACTCTT-1",1
"CGATCGGGTCGACTGC-1",3
"CGATCGGTCAACGGGA-1",3
"CGATCGGTCTAGCACA-1",1
"CGATGGCAGCCGTCGT-1",5
"CGATGGCAGTCCAGGA-1",0
"CGATGGCCACTTAACG-1",2
"CGATGGCCAGCGTAAG-1",5
"CGATGGCCATCATCCC-1",1
"CGATGGCTCCTAGAAC-1",0
"CGATGGCTCGCTAGCG-1",2
"CGATGGCTCTGACCTC-1",4
"CGATGTAAGGCAATTA-1",6
"CGATGTAAGTTTGCGT-1",0
"CGATGTACACAGGCCT-1",0
"CGATGTACAGGTCTCG-1",2
"CGATGTAGTCCAGTGC-1",0
"CGATGTAGTCTAGGTT-1",3
"CGATGTAGTGTGCCTG-1",3
"CGATGTAGTTTGCATG-1",2
"CGATTGAAGATGTGGC-1",1
"CGATTGACAGACGCAA-1",0
"CGATTGAGTATGGTTC-1",1
"CGATTGAGTTCAGACT-1",1
"CGATTGATCATGGTCA-1",0
"CGATTGATCTGCGGCA-1",4
"CGCCAAGAGAATGTTG-1",0
"CGCCAAGAGACCTTTG-1",7
"CGCCAAGAGATCGGGT-1",4
"CGCCAAGAGATCTGAA-1",2
"CGCCAAGAGCGTGTCC-1",2
"CGCCAAGGTCTAGGTT-1",0
"CGCCAAGTCAGGATCT-1",6
"CGCCAAGTCCACTCCA-1",1
"CGCCAAGTCTTGTTTG-1",1
"CGCGGTAAGCTAGCCC-1",1
"CGCGGTAAGGGTTCCC-1",1
"CGCGGTACAAACTGCT-1",3
"CGCGGTACAATGGAAT-1",1
"CGCGGTACAGCTGTTA-1",2
"CGCGGTAGTCAAGCGA-1",0
"CGCGGTAGTGAGGCTA-1",0
"CGCGGTAGTTTGCATG-1",2
"CGCGTTTAGTTATCGC-1",1
"CGCGTTTCAACAACCT-1",1
"CGCGTTTCAAGCGAGT-1",0
"CGCGTTTCAATGGACG-1",2
"CGCGTTTCACGGTGTC-1",1
"CGCGTTTGTGCTGTAT-1",0
"CGCGTTTGTGGACGAT-1",0
"CGCGTTTTCAAACCGT-1",0
"CGCGTTTTCAGCCTAA-1",1
"CGCGTTTTCCTATGTT-1",3
"CGCGTTTTCGTGGTCG-1",4
"CGCTATCAGAAACCGC-1",0
"CGCTATCAGTCATCCA-1",1
"CGCTATCCAAGCGAGT-1",5
"CGCTATCCAGTCGATT-1",0
"CGCTATCCATCGACGC-1",2
"CGCTATCCATTTCAGG-1",3
"CGCTATCGTACCGAGA-1",2
"CGCTATCGTTCGAATC-1",7
"CGCTATCGTTTCGCTC-1",2
"CGCTATCTCGTTACAG-1",3
"CGCTGGAAGGACATTA-1",1
"CGCTGGAAGGGCACTA-1",2
"CGCTGGAAGGTGATAT-1",2
"CGCTGGACAGACTCGC-1",0
"CGCTGGAGTGTAATGA-1",0
"CGCTGGAGTTCTGGTA-1",3
"CGCTGGATCCGAAGAG-1",3
"CGCTGGATCCGTTGCT-1",2
"CGCTGGATCGTAGGAG-1",6
"CGCTGGATCGTTACAG-1",7
"CGCTTCAAGAAGGGTA-1",1
"CGCTTCAAGGTCGGAT-1",2
"CGCTTCACACGGTGTC-1",2
"CGCTTCACAGACAAGC-1",1
"CGCTTCACATCACCCT-1",4
"CGCTTCAGTCGCGGTT-1",7
"CGCTTCATCTTAGAGC-1",3
"CGGACACAGCGATATA-1",2
"CGGACACAGCGATGAC-1",1
"CGGACACAGCTTCGCG-1",1
"CGGACACAGGTAAACT-1",0
"CGGACACAGTAGCCGA-1",3
"CGGACACCACAGGAGT-1",0
"CGGACACCATTCACTT-1",3
"CGGACACGTGAGCGAT-1",5
"CGGACACGTGCTCTTC-1",1
"CGGACACGTGTGACCC-1",1
"CGGACGTAGGTTACCT-1",1
"CGGACGTCATGGGACA-1",0
"CGGACGTGTGAAAGAG-1",3
"CGGACGTGTTGGTAAA-1",3
"CGGACGTTCATGTGGT-1",4
"CGGACGTTCTGTCCGT-1",2
"CGGACTGAGGAGCGAG-1",0
"CGGACTGAGGAGTCTG-1",0
"CGGACTGAGTGGTAGC-1",2
"CGGACTGCAACTTGAC-1",5
"CGGACTGCAATGACCT-1",0
"CGGACTGCACAACGTT-1",4
"CGGACTGCACGCCAGT-1",2
"CGGACTGCAGTATGCT-1",3
"CGGACTGGTAAAGGAG-1",6
"CGGACTGGTATAAACG-1",3
"CGGACTGGTGTAAGTA-1",3
"CGGACTGGTGTGGTTT-1",1
"CGGACTGGTTGACGTT-1",3
"CGGACTGTCATTGCCC-1",0
"CGGACTGTCCATGCTC-1",2
"CGGACTGTCCGTCAAA-1",1
"CGGACTGTCGTTTGCC-1",4
"CGGACTGTCTTCATGT-1",8
"CGGAGCTAGTTTAGGA-1",0
"CGGAGCTCATTGAGCT-1",0
"CGGAGCTGTAGAAAGG-1",2
"CGGAGCTTCACTTATC-1",3
"CGGAGCTTCATGTAGC-1",0
"CGGAGCTTCCACGAAT-1",2
"CGGAGTCAGTGCGATG-1",1
"CGGAGTCAGTGTGAAT-1",0
"CGGAGTCCAGTGGGAT-1",1
"CGGAGTCCATTATCTC-1",3
"CGGAGTCGTAGCTGCC-1",0
"CGGAGTCGTCCAGTGC-1",0
"CGGAGTCGTGTTCGAT-1",1
"CGGAGTCTCCCAGGTG-1",5
"CGGAGTCTCCGTAGTA-1",0
"CGGCTAGAGAAACGCC-1",1
"CGGCTAGAGCACCGTC-1",1
"CGGCTAGAGCTAAACA-1",3
"CGGCTAGCAGACAAAT-1",0
"CGGCTAGGTAACGCGA-1",1
"CGGCTAGGTTCATGGT-1",1
"CGGCTAGTCAAAGACA-1",4
"CGGCTAGTCGTGGGAA-1",1
"CGGCTAGTCTTGTTTG-1",1
"CGGGTCAAGAGTCGGT-1",3
"CGGGTCAAGCACACAG-1",1
"CGGGTCAAGCTAACTC-1",1
"CGGGTCAAGGACACCA-1",4
"CGGGTCAAGTATGACA-1",1
"CGGGTCACAATGACCT-1",4
"CGGGTCACACCGAAAG-1",3
"CGGGTCACAGCCACCA-1",0
"CGGGTCACATACAGCT-1",5
"CGGGTCACATCCTTGC-1",1
"CGGGTCAGTAGCGCTC-1",0
"CGGGTCAGTCGATTGT-1",0
"CGGGTCAGTGCAACTT-1",0
"CGGGTCAGTTGTTTGG-1",0
"CGGGTCATCAACACCA-1",1
"CGGGTCATCACCTTAT-1",1
"CGGGTCATCCACGACG-1",1
"CGGTTAACAGGACCCT-1",3
"CGGTTAACATGTCCTC-1",1
"CGGTTAACATTCCTGC-1",1
"CGGTTAAGTCGACTGC-1",4
"CGGTTAATCCGGCACA-1",0
"CGGTTAATCCTTTCGG-1",1
"CGGTTAATCTTATCTG-1",1
"CGTAGCGAGATGTAAC-1",4
"CGTAGCGAGGCAATTA-1",5
"CGTAGCGAGTAGGTGC-1",7
"CGTAGCGCAAGCGCTC-1",3
"CGTAGCGTCCAACCAA-1",1
"CGTAGCGTCGGCGGTT-1",2
"CGTAGGCAGGGCTCTC-1",4
"CGTAGGCCAAGCGATG-1",1
"CGTAGGCCACTAAGTC-1",2
"CGTAGGCCAGAGTGTG-1",0
"CGTAGGCCATCCCATC-1",9
"CGTAGGCGTATTAGCC-1",0
"CGTAGGCGTCAATACC-1",0
"CGTAGGCGTGGCGAAT-1",1
"CGTAGGCTCCAGAAGG-1",3
"CGTCACTAGTCATGCT-1",2
"CGTCACTCAAAGCGGT-1",4
"CGTCACTCAGGTCCAC-1",4
"CGTCACTCAGTCACTA-1",1
"CGTCACTTCCTTGACC-1",1
"CGTCACTTCGGTGTTA-1",4
"CGTCACTTCTGTGCAA-1",2
"CGTCACTTCTTGAGAC-1",1
"CGTCAGGAGCTGTTCA-1",3
"CGTCAGGCAAAGCAAT-1",2
"CGTCAGGCAAAGCGGT-1",4
"CGTCAGGCAACACGCC-1",1
"CGTCAGGCATCCGCGA-1",1
"CGTCAGGGTCAGCTAT-1",0
"CGTCAGGGTCGTTGTA-1",3
"CGTCAGGGTGTAAGTA-1",1
"CGTCAGGTCCACTGGG-1",5
"CGTCAGGTCGACAGCC-1",2
"CGTCAGGTCGGGAGTA-1",1
"CGTCCATAGACCACGA-1",4
"CGTCCATAGCGATTCT-1",3
"CGTCCATAGGCTATCT-1",1
"CGTCCATAGTCTCAAC-1",1
"CGTCCATCACGACTCG-1",0
"CGTCCATCATTCACTT-1",1
"CGTCCATGTCTAGCGC-1",1
"CGTCCATGTGATAAAC-1",0
"CGTCCATGTTTGGGCC-1",1
"CGTCCATGTTTGTGTG-1",4
"CGTCCATTCAACACCA-1",5
"CGTCCATTCATTCACT-1",0
"CGTCTACAGTGCGTGA-1",1
"CGTCTACGTAGTAGTA-1",0
"CGTCTACTCGAGCCCA-1",3
"CGTCTACTCGCCATAA-1",1
"CGTCTACTCGGCCGAT-1",4
"CGTCTACTCGTCCAGG-1",5
"CGTCTACTCTATCGCC-1",0
"CGTGAGCAGATCTGAA-1",7
"CGTGAGCAGCAATCTC-1",4
"CGTGAGCAGCGGATCA-1",5
"CGTGAGCAGCTAGTGG-1",5
"CGTGAGCAGCTTCGCG-1",3
"CGTGAGCAGGGCACTA-1",2
"CGTGAGCAGGGTGTGT-1",2
"CGTGAGCAGTGGAGAA-1",2
"CGTGAGCCAAGCCGCT-1",0
"CGTGAGCCACGTAAGG-1",0
"CGTGAGCCATACGCCG-1",4
"CGTGAGCGTAGATTAG-1",0
"CGTGAGCGTCTCTTAT-1",2
"CGTGAGCTCACAAACC-1",2
"CGTGAGCTCCAAATGC-1",0
"CGTGAGCTCCGAGCCA-1",10
"CGTGAGCTCGTTGCCT-1",4
"CGTGAGCTCTGGGCCA-1",5
"CGTGTAAAGATAGTCA-1",1
"CGTGTAAAGGTGTTAA-1",4
"CGTGTAAAGTACATGA-1",1
"CGTGTAACATGGGACA-1",0
"CGTGTAAGTCCGCTGA-1",0
"CGTGTAAGTGTCTGAT-1",2
"CGTGTAATCTACTATC-1",0
"CGTGTAATCTCGATGA-1",4
"CGTGTAATCTTTAGTC-1",0
"CGTGTCTAGGCGCTCT-1",0
"CGTGTCTAGGGATGGG-1",3
"CGTGTCTCAGACAAAT-1",2
"CGTGTCTCAGACACTT-1",0
"CGTGTCTGTAAGAGGA-1",1
"CGTGTCTGTATATGAG-1",0
"CGTGTCTGTCAAAGCG-1",0
"CGTGTCTGTTCCGTCT-1",2
"CGTGTCTTCAATCACG-1",3
"CGTGTCTTCAGAGGTG-1",1
"CGTGTCTTCATAGCAC-1",0
"CGTGTCTTCCGAACGC-1",2
"CGTGTCTTCGGCATCG-1",1
"CGTGTCTTCGTGGACC-1",0
"CGTGTCTTCTACTTAC-1",8
"CGTGTCTTCTGAGTGT-1",2
"CGTTAGAAGATCTGAA-1",2
"CGTTAGAAGGCCCTTG-1",1
"CGTTAGACACGAAAGC-1",2
"CGTTAGACAGCTTCGG-1",2
"CGTTAGAGTTTAAGCC-1",0
"CGTTAGATCACTTATC-1",0
"CGTTAGATCAGCCTAA-1",0
"CGTTCTGAGAAGGGTA-1",0
"CGTTCTGAGACTAGGC-1",2
"CGTTCTGAGTGAACAT-1",3
"CGTTCTGCAGCTCGCA-1",5
"CGTTCTGCATTGGCGC-1",0
"CGTTCTGGTGAGGGTT-1",1
"CGTTCTGTCTGATTCT-1",0
"CGTTGGGAGCTAGTTC-1",9
"CGTTGGGAGGATGCGT-1",0
"CGTTGGGCACATTAGC-1",1
"CGTTGGGCAGACAGGT-1",1
"CGTTGGGGTTCCCGAG-1",4
"CGTTGGGTCATGCTCC-1",2
"CGTTGGGTCCATGAAC-1",1
"CGTTGGGTCTACCAGA-1",2
"CTAACTTAGTCCTCCT-1",1
"CTAACTTCAATAGCAA-1",0
"CTAACTTCAATCGGTT-1",0
"CTAACTTGTGAGGCTA-1",1
"CTAACTTTCGTACGGC-1",2
"CTAACTTTCTGGCGTG-1",6
"CTAAGACAGGGAAACA-1",1
"CTAAGACAGTACATGA-1",3
"CTAAGACAGTTCGCGC-1",0
"CTAAGACCAAGTAATG-1",0
"CTAAGACCAGTAAGAT-1",0
"CTAAGACCATGCAATC-1",0
"CTAAGACGTAAGGATT-1",1
"CTAAGACGTATCAGTC-1",1
"CTAAGACGTCACCTAA-1",2
"CTAAGACTCGTTGCCT-1",3
"CTAAGACTCTTACCGC-1",2
"CTAAGACTCTTGAGGT-1",2
"CTAATGGAGCAATCTC-1",0
"CTAATGGAGCGCTCCA-1",3
"CTAATGGAGCTCCCAG-1",4
"CTAATGGAGCTGAAAT-1",8
"CTAATGGAGTTAGGTA-1",0
"CTAATGGCATGGAATA-1",6
"CTAATGGGTACCGCTG-1",3
"CTAATGGGTCTAGCGC-1",0
"CTAATGGGTGAGGGAG-1",3
"CTAATGGGTTGGTGGA-1",0
"CTAATGGTCATGCTCC-1",2
"CTAATGGTCCACTGGG-1",1
"CTAATGGTCCGTTGCT-1",1
"CTAATGGTCCTAGAAC-1",2
"CTACACCAGTGCGATG-1",1
"CTACACCCACGGACAA-1",0
"CTACACCGTAATAGCA-1",4
"CTACACCGTCTGATTG-1",0
"CTACACCGTTCGTCTC-1",0
"CTACACCTCAGAAATG-1",3
"CTACACCTCGGCTTGG-1",2
"CTACACCTCGGTCCGA-1",2
"CTACACCTCTCGCATC-1",1
"CTACACCTCTCTGCTG-1",4
"CTACATTAGATCACGG-1",2
"CTACATTCACTCGACG-1",1
"CTACATTCATTTCACT-1",2
"CTACATTGTGATGATA-1",0
"CTACATTGTTCGAATC-1",3
"CTACATTTCAACGCTA-1",0
"CTACATTTCGCCATAA-1",4
"CTACATTTCTAGCACA-1",15
"CTACCCACACAGAGGT-1",0
"CTACCCACACGACGAA-1",1
"CTACCCACATGGTTGT-1",3
"CTACCCAGTATCTGCA-1",0
"CTACCCAGTATGAATG-1",5
"CTACCCAGTCAGAAGC-1",1
"CTACCCAGTGTGACCC-1",2
"CTACCCAGTTATGTGC-1",7
"CTACCCATCTACGAGT-1",2
"CTACGTCAGGTGCAAC-1",4
"CTACGTCAGTGCGATG-1",1
"CTACGTCAGTTGTCGT-1",9
"CTACGTCCATATACCG-1",2
"CTACGTCGTATATGGA-1",8
"CTACGTCGTGTGGTTT-1",2
"CTACGTCTCAAAGTAG-1",3
"CTACGTCTCACGACTA-1",4
"CTACGTCTCACGGTTA-1",4
"CTACGTCTCCTAGAAC-1",1
"CTAGAGTAGCTGTCTA-1",9
"CTAGAGTAGGATCGCA-1",4
"CTAGAGTAGTCCATAC-1",2
"CTAGAGTCACATTAGC-1",8
"CTAGAGTCAGTATGCT-1",5
"CTAGAGTCATACTCTT-1",3
"CTAGAGTCATGTAAGA-1",0
"CTAGAGTGTGACCAAG-1",2
"CTAGAGTTCAACACCA-1",0
"CTAGAGTTCCGTCAAA-1",4
"CTAGAGTTCCTAAGTG-1",2
"CTAGAGTTCGCCAGCA-1",2
"CTAGAGTTCGCTTAGA-1",2
"CTAGAGTTCGTGACAT-1",6
"CTAGAGTTCTGATTCT-1",2
"CTAGCCTCACCAGATT-1",4
"CTAGCCTGTATATCCG-1",3
"CTAGCCTGTGATGCCC-1",3
"CTAGCCTTCGGGAGTA-1",4
"CTAGTGAAGCTGGAAC-1",4
"CTAGTGAAGTGTACCT-1",1
"CTAGTGACAAGTCTAC-1",5
"CTAGTGACAGGATCGA-1",5
"CTAGTGAGTTATGCGT-1",0
"CTAGTGATCAGTTGAC-1",1
"CTAGTGATCCAGTAGT-1",0
"CTCACACAGCTAAGAT-1",2
"CTCACACAGCTGCCCA-1",7
"CTCACACAGGATGCGT-1",2
"CTCACACCACGTAAGG-1",6
"CTCACACCACTGTTAG-1",1
"CTCACACCATATACGC-1",0
"CTCACACGTGCTGTAT-1",3
"CTCACACGTTCCATGA-1",0
"CTCACACGTTTGGGCC-1",4
"CTCACACTCACCGGGT-1",2
"CTCACACTCATCGGAT-1",1
"CTCACACTCCGCGCAA-1",1
"CTCACACTCTAACCGA-1",5
"CTCAGAAAGAGCTGCA-1",1
"CTCAGAAAGGAGTAGA-1",0
"CTCAGAACAACGCACC-1",1
"CTCAGAACAAGCGATG-1",4
"CTCAGAACAGGGCATA-1",3
"CTCAGAAGTGACGGTA-1",1
"CTCAGAATCTTAACCT-1",2
"CTCATTAAGAACTGTA-1",1
"CTCATTACATGGTCAT-1",0
"CTCATTAGTGTAACGG-1",1
"CTCATTAGTTTACTCT-1",2
"CTCCTAGCAAGTACCT-1",2
"CTCCTAGCAATTCCTT-1",5
"CTCCTAGCACTGTCGG-1",1
"CTCCTAGCAGTCCTTC-1",1
"CTCCTAGCATAACCTG-1",2
"CTCCTAGCATGCGCAC-1",0
"CTCCTAGGTAGAAAGG-1",1
"CTCCTAGGTCCGAGTC-1",2
"CTCCTAGGTCTAGCCG-1",4
"CTCCTAGGTGTTTGTG-1",2
"CTCCTAGGTTCGTGAT-1",2
"CTCCTAGGTTGTTTGG-1",2
"CTCCTAGTCACTTACT-1",0
"CTCCTAGTCTCATTCA-1",3
"CTCGAAAAGCCCAACC-1",2
"CTCGAAAAGCTATGCT-1",3
"CTCGAAAAGGCCCTTG-1",3
"CTCGAAAAGGGCTTCC-1",1
"CTCGAAACAAGCCGTC-1",0
"CTCGAAACACATTAGC-1",1
"CTCGAAACACCGAAAG-1",4
"CTCGAAACACGGCTAC-1",2
"CTCGAAACAGTAAGAT-1",0
"CTCGAAACATACGCCG-1",1
"CTCGAGGAGCCATCGC-1",2
"CTCGAGGAGGGCTTCC-1",4
"CTCGAGGCAGATAATG-1",6
"CTCGAGGGTATTCTCT-1",0
"CTCGAGGGTGCCTGGT-1",3
"CTCGGAGAGTCCCACG-1",2
"CTCGGAGCACTTCTGC-1",0
"CTCGGAGCAGCTGCAC-1",5
"CTCGGAGCAGGATCGA-1",2
"CTCGGAGGTAGCCTAT-1",3
"CTCGGAGGTCATGCCG-1",4
"CTCGGAGTCAAACGGG-1",0
"CTCGGAGTCACATACG-1",3
"CTCGGAGTCAGCTTAG-1",1
"CTCGGGAAGACCTAGG-1",5
"CTCGGGACACAGCCCA-1",11
"CTCGGGACATAAAGGT-1",0
"CTCGGGACATCCCACT-1",3
"CTCGGGACATGTCGAT-1",1
"CTCGGGAGTCGCGTGT-1",0
"CTCGGGAGTGACTACT-1",2
"CTCGGGAGTTACGACT-1",1
"CTCGGGATCCGTACAA-1",2
"CTCGGGATCCTTGACC-1",2
"CTCGGGATCTTAGCCC-1",1
"CTCGGGATCTTGTTTG-1",4
"CTCGTACAGCGATAGC-1",5
"CTCGTACCAGCGTAAG-1",6
"CTCGTACCATAGTAAG-1",0
"CTCGTACGTAGAGTGC-1",3
"CTCGTACGTATCACCA-1",6
"CTCGTACGTGCAGTAG-1",1
"CTCGTACTCAAAGTAG-1",2
"CTCGTACTCAATCTCT-1",0
"CTCGTACTCGTTGCCT-1",0
"CTCGTACTCTGGTTCC-1",8
"CTCGTCAAGATGCCTT-1",1
"CTCGTCAAGTGGAGTC-1",3
"CTCGTCAAGTTTGCGT-1",0
"CTCGTCACAACGATCT-1",3
"CTCGTCACACATCCGG-1",0
"CTCGTCACAGTCGTGC-1",0
"CTCGTCAGTCTCATCC-1",0
"CTCGTCAGTCTCCATC-1",2
"CTCGTCAGTGAGCGAT-1",0
"CTCGTCAGTTGACGTT-1",0
"CTCGTCAGTTGGGACA-1",4
"CTCGTCATCACTTATC-1",2
"CTCGTCATCGACCAGC-1",3
"CTCGTCATCTGCTGTC-1",2
"CTCTAATCACCAGGTC-1",1
"CTCTAATCACGGTGTC-1",2
"CTCTAATCAGGAATCG-1",2
"CTCTAATGTCCAAGTT-1",1
"CTCTACGAGCTAAACA-1",2
"CTCTACGAGCTAGTGG-1",4
"CTCTACGAGTACGCCC-1",3
"CTCTACGAGTAGGCCA-1",2
"CTCTACGCAATAACGA-1",0
"CTCTACGCAGACGCTC-1",1
"CTCTACGCATGACATC-1",4
"CTCTACGTCATGTCTT-1",4
"CTCTACGTCCCTAATT-1",2
"CTCTACGTCGGCATCG-1",4
"CTCTACGTCGGTCTAA-1",1
"CTCTGGTAGCAGCGTA-1",2
"CTCTGGTAGCGTTCCG-1",2
"CTCTGGTAGGCATGGT-1",2
"CTCTGGTAGTGCCAGA-1",0
"CTCTGGTCACAAGCCC-1",4
"CTCTGGTCAGCCTTTC-1",2
"CTCTGGTTCATCTGTT-1",1
"CTCTGGTTCTTGTACT-1",2
"CTGAAACAGATCCCGC-1",1
"CTGAAACAGGTGCTAG-1",1
"CTGAAACAGTCCGTAT-1",4
"CTGAAACAGTGTCTCA-1",3
"CTGAAACGTCATCGGC-1",3
"CTGAAACGTTAAAGAC-1",3
"CTGAAACTCATACGGT-1",2
"CTGAAGTAGTGCGTGA-1",2
"CTGAAGTCAGCTGTAT-1",4
"CTGAAGTGTTAAAGTG-1",2
"CTGAAGTTCAAGCCTA-1",2
"CTGAAGTTCGGATGTT-1",3
"CTGATAGAGGGAGTAA-1",1
"CTGATAGAGTGCAAGC-1",1
"CTGATAGCAGCCTTTC-1",0
"CTGATAGCATCCCATC-1",2
"CTGATAGCATCTCCCA-1",0
"CTGATAGGTCAAAGCG-1",1
"CTGATAGGTCGCTTTC-1",0
"CTGATAGGTTACGACT-1",3
"CTGATAGTCGCGATCG-1",1
"CTGATAGTCTTATCTG-1",0
"CTGATCCAGGCATTGG-1",6
"CTGATCCAGGTGACCA-1",3
"CTGATCCCACAGAGGT-1",5
"CTGATCCCAGGCTGAA-1",3
"CTGATCCGTGCCTGGT-1",3
"CTGATCCGTTATCCGA-1",4
"CTGATCCGTTGTGGCC-1",0
"CTGCCTAAGGGTCTCC-1",1
"CTGCCTAAGGTGATAT-1",1
"CTGCCTAAGTACGCGA-1",1
"CTGCCTAAGTGCGTGA-1",4
"CTGCCTACATCCCACT-1",10
"CTGCCTATCAATAAGG-1",0
"CTGCGGAAGAAGGACA-1",7
"CTGCGGAAGAGCTGGT-1",2
"CTGCGGAAGATGAGAG-1",3
"CTGCGGACAGGTCGTC-1",0
"CTGCGGACATGTCTCC-1",1
"CTGCGGAGTCACTTCC-1",3
"CTGCGGAGTCGTGGCT-1",1
"CTGCGGAGTTCTGTTT-1",6
"CTGCGGAGTTGGACCC-1",6
"CTGCGGATCGCCTGTT-1",0
"CTGCGGATCTTACCGC-1",0
"CTGCTGTAGGGTGTTG-1",1
"CTGCTGTAGTACCGGA-1",7
"CTGCTGTAGTGGAGAA-1",0
"CTGCTGTCACATCTTT-1",1
"CTGCTGTGTTAAAGAC-1",4
"CTGCTGTTCTCCAACC-1",2
"CTGCTGTTCTTACCGC-1",5
"CTGGTCTAGCGTTGCC-1",1
"CTGGTCTAGGACAGCT-1",2
"CTGGTCTAGGGCTTGA-1",4
"CTGGTCTAGTCGAGTG-1",0
"CTGGTCTCAAAGGAAG-1",1
"CTGGTCTCACCAGTTA-1",3
"CTGGTCTGTACCTACA-1",0
"CTGGTCTGTACGCTGC-1",3
"CTGGTCTGTCCGCTGA-1",7
"CTGGTCTGTCCGTTAA-1",4
"CTGGTCTGTTCATGGT-1",8
"CTGGTCTGTTCGTGAT-1",4
"CTGGTCTTCAACGGGA-1",1
"CTGGTCTTCACTTACT-1",0
"CTGGTCTTCTTACCTA-1",0
"CTGTGCTGTATATCCG-1",0
"CTGTGCTGTCATCCCT-1",4
"CTGTGCTGTCCCTACT-1",2
"CTGTGCTGTCGGCACT-1",0
"CTGTGCTTCCATTCTA-1",0
"CTGTGCTTCCGTACAA-1",6
"CTGTTTAAGAAACCGC-1",6
"CTGTTTAAGATCGATA-1",2
"CTGTTTAAGGAGTTGC-1",4
"CTGTTTAGTCAAAGCG-1",0
"CTGTTTATCAGCCTAA-1",0
"CTGTTTATCATTTGGG-1",1
"CTGTTTATCTCCAGGG-1",1
"CTGTTTATCTCTTGAT-1",0
"CTGTTTATCTTCTGGC-1",2
"CTTAACTAGCCAGTAG-1",5
"CTTAACTAGGCTCTTA-1",2
"CTTAACTAGGTGCACA-1",3
"CTTAACTAGTCTCGGC-1",2
"CTTACCGAGCGCTTAT-1",5
"CTTACCGAGGCTACGA-1",0
"CTTACCGCAGATCTGT-1",0
"CTTACCGCAGTCAGAG-1",3
"CTTACCGGTCCTGCTT-1",0
"CTTACCGGTCGCCATG-1",0
"CTTACCGGTCTACCTC-1",2
"CTTACCGTCGGACAAG-1",1
"CTTAGGAAGCCCAACC-1",2
"CTTAGGACACGACGAA-1",0
"CTTAGGAGTTATGTGC-1",1
"CTTAGGATCCCATTTA-1",6
"CTTAGGATCTTTACAC-1",0
"CTTCTCTAGAACTCGG-1",0
"CTTCTCTAGAGTGAGA-1",5
"CTTCTCTAGCAGGCTA-1",3
"CTTCTCTAGTTAACGA-1",8
"CTTCTCTCAAAGGTGC-1",2
"CTTCTCTGTAACGACG-1",2
"CTTCTCTGTGCATCTA-1",2
"CTTCTCTTCGAGCCCA-1",3
"CTTGGCTAGCGATATA-1",2
"CTTGGCTAGTACGTTC-1",5
"CTTGGCTCATTACCTT-1",2
"CTTGGCTGTCTCCATC-1",0
"CTTGGCTTCCCTAATT-1",0
"CTTGGCTTCGCGTAGC-1",0
"CTTGGCTTCTCGTTTA-1",4
"CTTTGCGAGCAAATCA-1",2
"CTTTGCGAGCGTTCCG-1",0
"CTTTGCGAGTATCTCG-1",0
"CTTTGCGCAATTCCTT-1",2
"CTTTGCGCACTTAAGC-1",1
"CTTTGCGCAGACGCAA-1",0
"CTTTGCGGTAGAGGAA-1",12
"CTTTGCGTCCAGGGCT-1",2
"GAAACTCAGAGACGAA-1",2
"GAAACTCAGAGGTTAT-1",1
"GAAACTCAGCAGCCTC-1",2
"GAAACTCAGCCCAGCT-1",8
"GAAACTCAGCTAAACA-1",2
"GAAACTCAGTGCTGCC-1",2
"GAAACTCCAAGCCCAC-1",4
"GAAACTCCACATGACT-1",4
"GAAACTCCAGACACTT-1",0
"GAAACTCCATGGATGG-1",2
"GAAACTCGTACTCGCG-1",0
"GAAACTCGTAGCGATG-1",4
"GAAACTCGTGTGAAAT-1",2
"GAAACTCGTTTGTGTG-1",0
"GAAATGAAGACTAGGC-1",2
"GAAATGAAGCCAGTTT-1",5
"GAAATGAAGCTAGTCT-1",4
"GAAATGAAGTACGTAA-1",3
"GAAATGATCATGCTCC-1",1
"GAAATGATCCTCGCAT-1",3
"GAACATCAGATGGCGT-1",4
"GAACATCCAACAACCT-1",1
"GAACATCCACATCTTT-1",0
"GAACATCCACCTATCC-1",2
"GAACATCCACGGACAA-1",1
"GAACATCCATGCTAGT-1",0
"GAACATCGTACGACCC-1",1
"GAACATCGTGGACGAT-1",0
"GAACATCGTTCCCGAG-1",2
"GAACATCTCCAAGTAC-1",0
"GAACATCTCGATCCCT-1",8
"GAACATCTCTCCAACC-1",6
"GAACCTAAGAACTGTA-1",7
"GAACCTAAGAGCAATT-1",11
"GAACCTAAGCCAGTAG-1",3
"GAACCTACAAGGACAC-1",1
"GAACCTACAGACACTT-1",1
"GAACCTAGTACCAGTT-1",2
"GAACCTAGTGTCAATC-1",2
"GAACCTATCACGATGT-1",2
"GAACGGAAGACGCAAC-1",1
"GAACGGAAGTAATCCC-1",9
"GAACGGAAGTCAATAG-1",0
"GAACGGAAGTGGACGT-1",3
"GAACGGACACAGCGTC-1",4
"GAACGGACACCTCGTT-1",2
"GAACGGACACTTAACG-1",0
"GAACGGAGTAGCGTAG-1",1
"GAACGGAGTCAGAGGT-1",2
"GAACGGAGTGGCGAAT-1",2
"GAACGGATCACTCCTG-1",0
"GAACGGATCCACGAAT-1",2
"GAACGGATCGTAGGAG-1",2
"GAACGGATCTGTCAAG-1",0
"GAAGCAGAGACTAAGT-1",2
"GAAGCAGAGAGACGAA-1",6
"GAAGCAGAGCCACGCT-1",1
"GAAGCAGAGTTCGCGC-1",1
"GAAGCAGCAATCCGAT-1",7
"GAAGCAGCACTCGACG-1",0
"GAAGCAGCAGATCTGT-1",0
"GAAGCAGCAGATGAGC-1",1
"GAAGCAGCATGAACCT-1",2
"GAAGCAGCATGGAATA-1",3
"GAAGCAGGTAACGCGA-1",0
"GAAGCAGGTCATACTG-1",1
"GAAGCAGTCCTAGTGA-1",1
"GAAGCAGTCTTATCTG-1",1
"GAATAAGCAAGGTGTG-1",3
"GAATAAGCAGACAAGC-1",2
"GAATAAGCATGCAACT-1",0
"GAATAAGGTCCGTTAA-1",10
"GAATAAGGTGAGTGAC-1",3
"GAATAAGGTTCCCTTG-1",3
"GAATAAGTCGTTTAGG-1",1
"GAATGAAAGAGTCTGG-1",4
"GAATGAAAGCTTATCG-1",0
"GAATGAAAGGCATGTG-1",1
"GAATGAACAAACGCGA-1",1
"GAATGAACAGTGAGTG-1",5
"GAATGAACATCATCCC-1",3
"GAATGAAGTCAACATC-1",1
"GAATGAAGTCTCACCT-1",3
"GAATGAAGTGGCAAAC-1",0
"GAATGAAGTTGCGTTA-1",1
"GAATGAATCAGTTAGC-1",2
"GAATGAATCCTGCCAT-1",7
"GACACGCAGACGCACA-1",3
"GACACGCAGAGTAATC-1",2
"GACACGCAGCCAACAG-1",0
"GACACGCAGGAGTTTA-1",2
"GACACGCAGGGCATGT-1",1
"GACACGCAGGTGCACA-1",1
"GACACGCAGTCCAGGA-1",0
"GACACGCAGTGGGATC-1",3
"GACACGCAGTGGGTTG-1",0
"GACACGCCAAGCGTAG-1",3
"GACACGCCAAGGACAC-1",3
"GACACGCCAGACGCTC-1",0
"GACACGCCATCCTTGC-1",4
"GACACGCGTTCACGGC-1",1
"GACACGCTCATGTAGC-1",1
"GACAGAGAGTACGATA-1",1
"GACAGAGCAACGATCT-1",3
"GACAGAGCAAGTCTAC-1",1
"GACAGAGCAGCTCCGA-1",0
"GACAGAGCAGCTGGCT-1",0
"GACAGAGGTAGAAAGG-1",6
"GACAGAGTCAAACAAG-1",1
"GACAGAGTCAGAGACG-1",1
"GACAGAGTCCTTCAAT-1",5
"GACAGAGTCCTTGCCA-1",2
"GACAGAGTCTTCATGT-1",3
"GACCAATAGAAGGGTA-1",1
"GACCAATAGCTACCGC-1",4
"GACCAATAGCTACCTA-1",0
"GACCAATCAGGTGCCT-1",6
"GACCAATCATGCGCAC-1",1
"GACCAATGTACAGTTC-1",3
"GACCAATGTCGCTTCT-1",8
"GACCAATTCCGATATG-1",0
"GACCAATTCGAATGGG-1",0
"GACCAATTCGTCACGG-1",1
"GACCTGGCATCACAAC-1",2
"GACCTGGCATGTCTCC-1",1
"GACCTGGCATTGGCGC-1",5
"GACCTGGGTAAAGGAG-1",4
"GACCTGGGTCCAGTTA-1",5
"GACCTGGGTGCAGTAG-1",3
"GACCTGGTCATAGCAC-1",0
"GACCTGGTCCTTGCCA-1",0
"GACCTGGTCGCATGAT-1",1
"GACCTGGTCGTCACGG-1",4
"GACGCGTAGTGGTAAT-1",5
"GACGCGTAGTTGTAGA-1",2
"GACGCGTGTAAAGGAG-1",2
"GACGCGTGTGTGAAAT-1",2
"GACGCGTGTTAAGACA-1",3
"GACGCGTTCAAACCGT-1",1
"GACGCGTTCCAAATGC-1",6
"GACGCGTTCCGCGGTA-1",3
"GACGCGTTCCTACAGA-1",1
"GACGCGTTCGACGGAA-1",4
"GACGCGTTCTCCGGTT-1",0
"GACGGCTAGAAGATTC-1",1
"GACGGCTAGAGCTGGT-1",6
"GACGGCTCAAGGTTTC-1",1
"GACGGCTCACCGCTAG-1",2
"GACGGCTCATGAACCT-1",1
"GACGGCTCATGCAACT-1",3
"GACGGCTGTGTGTGCC-1",0
"GACGGCTGTTATGTGC-1",1
"GACGGCTGTTTGGCGC-1",4
"GACGGCTTCTATCGCC-1",7
"GACGTGCAGGCAAAGA-1",2
"GACGTGCAGGGTGTGT-1",4
"GACGTGCAGGTGTTAA-1",1
"GACGTGCCAGGTCGTC-1",0
"GACGTGCGTAACGTTC-1",1
"GACGTGCTCACCTCGT-1",0
"GACGTTAAGCTACCGC-1",0
"GACGTTAAGGCAAAGA-1",2
"GACGTTAAGTCAAGCG-1",1
"GACGTTACAAGCCATT-1",1
"GACGTTACAAGGTTTC-1",0
"GACGTTACAGACACTT-1",4
"GACGTTAGTATCTGCA-1",0
"GACGTTAGTTTGACAC-1",4
"GACGTTAGTTTGACTG-1",1
"GACGTTATCACAGGCC-1",5
"GACGTTATCATTGCGA-1",6
"GACGTTATCCCGGATG-1",2
"GACGTTATCCGAAGAG-1",4
"GACGTTATCGCGTTTC-1",2
"GACGTTATCTGTCCGT-1",3
"GACTAACAGACAGAGA-1",0
"GACTAACAGTGGAGAA-1",2
"GACTAACCAAATCCGT-1",1
"GACTAACGTCTAGTCA-1",1
"GACTAACGTGCAACTT-1",0
"GACTAACGTTCAGACT-1",2
"GACTAACTCCGCGCAA-1",0
"GACTAACTCCTTTCTC-1",1
"GACTAACTCTTGCCGT-1",1
"GACTAACTCTTTACAC-1",3
"GACTACAAGATATGGT-1",1
"GACTACACAAATCCGT-1",1
"GACTACAGTGCTGTAT-1",0
"GACTACATCAGCCTAA-1",0
"GACTACATCAGGTAAA-1",5
"GACTACATCTGCAGTA-1",0
"GACTGCGAGCGTAGTG-1",5
"GACTGCGAGTTGTAGA-1",2
"GACTGCGCACTTAACG-1",1
"GACTGCGCATGTTCCC-1",6
"GACTGCGGTACGCACC-1",2
"GACTGCGGTTCTCATT-1",4
"GACTGCGTCAACACAC-1",2
"GACTGCGTCACGACTA-1",0
"GACTGCGTCGCCCTTA-1",2
"GACTGCGTCTCAAACG-1",0
"GAGCAGAGTAGGGTAC-1",2
"GAGCAGAGTCAGATAA-1",2
"GAGCAGAGTCATATGC-1",2
"GAGCAGAGTGAGCGAT-1",0
"GAGCAGAGTGTAACGG-1",4
"GAGCAGAGTGTGACCC-1",3
"GAGCAGAGTTCGGGCT-1",2
"GAGCAGAGTTTAAGCC-1",0
"GAGCAGAGTTTGCATG-1",1
"GAGGTGAAGCAACGGT-1",2
"GAGGTGAAGGCTCTTA-1",3
"GAGGTGAAGTGGTAGC-1",6
"GAGGTGAAGTTGTAGA-1",1
"GAGGTGACACTGTCGG-1",2
"GAGGTGACATCCTTGC-1",3
"GAGGTGACATGCATGT-1",2
"GAGGTGAGTACCTACA-1",3
"GAGGTGAGTCATTAGC-1",5
"GAGGTGAGTTCCTCCA-1",1
"GAGGTGATCATCGCTC-1",2
"GAGGTGATCTAGAGTC-1",1
"GAGGTGATCTCTAGGA-1",2
"GAGGTGATCTGCTGTC-1",1
"GAGGTGATCTGGGCCA-1",2
"GAGTCCGAGGACAGAA-1",0
"GAGTCCGAGGCATGTG-1",0
"GAGTCCGAGGCGTACA-1",0
"GAGTCCGCAAACCCAT-1",3
"GAGTCCGGTCAAGCGA-1",0
"GAGTCCGGTGACCAAG-1",2
"GAGTCCGGTGACTCAT-1",9
"GAGTCCGGTGTGACCC-1",2
"GAGTCCGGTTCGGGCT-1",0
"GAGTCCGGTTTGCATG-1",1
"GAGTCCGTCGGCGCAT-1",2
"GAGTCCGTCTGATTCT-1",1
"GATCAGTAGATGTCGG-1",0
"GATCAGTAGTGGTAGC-1",0
"GATCAGTGTATATGAG-1",2
"GATCAGTGTCTGCGGT-1",1
"GATCAGTGTTATGCGT-1",7
"GATCAGTGTTGTACAC-1",3
"GATCAGTTCCCGACTT-1",0
"GATCGATAGAATGTTG-1",3
"GATCGATAGAGCTGCA-1",4
"GATCGATAGCATGGCA-1",1
"GATCGATCAAGCGAGT-1",0
"GATCGATCAAGCGTAG-1",3
"GATCGATGTCAACATC-1",1
"GATCGATGTTGCCTCT-1",3
"GATCGATTCCGCATCT-1",3
"GATCGCGAGATAGTCA-1",2
"GATCGCGAGCCTTGAT-1",0
"GATCGCGAGGAGCGTT-1",9
"GATCGCGCAGGTCGTC-1",0
"GATCGCGGTACAGCAG-1",3
"GATCGCGGTGAGTATA-1",1
"GATCGCGGTTGTCGCG-1",3
"GATCGCGTCACTCCTG-1",0
"GATCGTAAGACATAAC-1",4
"GATCGTAAGCTCAACT-1",0
"GATCGTACATAACCTG-1",3
"GATCGTAGTGGCTCCA-1",4
"GATCGTATCATATCGG-1",3
"GATCGTATCATGTCCC-1",1
"GATCGTATCTTACCGC-1",3
"GATCTAGAGCGTCTAT-1",0
"GATCTAGAGTGGAGAA-1",2
"GATCTAGCAACACCTA-1",2
"GATCTAGCAAGGGTCA-1",3
"GATCTAGGTCTAAAGA-1",0
"GATCTAGGTCTCACCT-1",1
"GATCTAGGTCTCTTTA-1",1
"GATCTAGTCACATAGC-1",2
"GATCTAGTCTAAGCCA-1",1
"GATGAAAAGAGTAATC-1",1
"GATGAAAAGCTCCCAG-1",2
"GATGAAACACGGTAGA-1",0
"GATGAAACAGCTGTAT-1",5
"GATGAAAGTGGGTATG-1",8
"GATGAAATCACCCTCA-1",8
"GATGAAATCACTCCTG-1",3
"GATGAAATCAGCAACT-1",1
"GATGAAATCGAGAGCA-1",1
"GATGAGGAGATCCCGC-1",2
"GATGAGGAGTTCGATC-1",1
"GATGAGGCACCAGTTA-1",0
"GATGAGGGTATCACCA-1",1
"GATGAGGGTATTCGTG-1",1
"GATGAGGGTCGCGTGT-1",2
"GATGAGGGTGATGATA-1",0
"GATGAGGTCACAGGCC-1",1
"GATGAGGTCACATAGC-1",1
"GATGAGGTCCCTTGTG-1",7
"GATGAGGTCTGCTGTC-1",0
"GATGCTAAGACTAAGT-1",1
"GATGCTAAGGATGCGT-1",1
"GATGCTAAGGCTCTTA-1",2
"GATGCTAAGGGAACGG-1",0
"GATGCTAAGTATCTCG-1",2
"GATGCTAAGTCTCGGC-1",1
"GATGCTACATGTTGAC-1",0
"GATGCTACATTGCGGC-1",4
"GATGCTAGTCTCCATC-1",2
"GATGCTAGTGGAAAGA-1",3
"GATGCTAGTTAGGGTG-1",1
"GATGCTATCCTGTACC-1",1
"GATGCTATCGGCGCTA-1",4
"GATTCAGAGAAACCTA-1",5
"GATTCAGAGAGTGACC-1",1
"GATTCAGAGATTACCC-1",2
"GATTCAGAGGGTCGAT-1",2
"GATTCAGAGGTCGGAT-1",1
"GATTCAGAGTCAATAG-1",1
"GATTCAGCAAGTTGTC-1",4
"GATTCAGCAATTCCTT-1",4
"GATTCAGCAGGGTACA-1",1
"GATTCAGCATCGACGC-1",0
"GATTCAGCATTATCTC-1",5
"GATTCAGGTAAATACG-1",1
"GATTCAGTCAACTCTT-1",2
"GCAAACTAGATGTTAG-1",1
"GCAAACTAGTCATGCT-1",0
"GCAAACTAGTCTCAAC-1",1
"GCAAACTCACAGGTTT-1",0
"GCAAACTGTCAGATAA-1",4
"GCAAACTGTCTCCATC-1",3
"GCAAACTTCGTGGTCG-1",2
"GCAATCAAGGGATCTG-1",0
"GCAATCAAGTATCTCG-1",0
"GCAATCAAGTGGGTTG-1",3
"GCAATCACAGCTTAAC-1",1
"GCAATCACATGTCGAT-1",0
"GCAATCACATTCCTCG-1",1
"GCAATCAGTAGGAGTC-1",0
"GCAATCAGTATAATGG-1",3
"GCAATCAGTTCTCATT-1",0
"GCAATCAGTTCTGGTA-1",3
"GCACATAAGAGCTATA-1",7
"GCACATAAGATGTTAG-1",0
"GCACATAAGCCTTGAT-1",3
"GCACATAAGGAGTACC-1",0
"GCACATAAGTGAAGTT-1",2
"GCACATACACCACGTG-1",0
"GCACATACAGCTGTAT-1",3
"GCACATACAGGAACGT-1",2
"GCACATAGTCATCGGC-1",3
"GCACATAGTCCGAATT-1",1
"GCACATAGTCTCTTTA-1",0
"GCACATAGTGCGCTTG-1",2
"GCACATATCACCTCGT-1",1
"GCACATATCTGGTTCC-1",2
"GCACTCTCAAGACACG-1",5
"GCACTCTCAATCACAC-1",6
"GCACTCTCATTTCAGG-1",0
"GCACTCTGTAAACCTC-1",1
"GCACTCTGTACCAGTT-1",5
"GCACTCTGTAGAAAGG-1",0
"GCACTCTGTCGAACAG-1",2
"GCACTCTGTCTAGGTT-1",1
"GCACTCTTCAACTCTT-1",3
"GCACTCTTCCCTAATT-1",4
"GCACTCTTCTGCCCTA-1",1
"GCAGCCAAGCTGATAA-1",2
"GCAGCCACATGAGCGA-1",0
"GCAGCCAGTAATCGTC-1",0
"GCAGCCAGTGTCGCTG-1",2
"GCAGCCATCAGTTGAC-1",1
"GCAGCCATCCCAACGG-1",1
"GCAGCCATCCGTACAA-1",0
"GCAGTTAAGTCCATAC-1",0
"GCAGTTAAGTCCGTAT-1",5
"GCAGTTAAGTTAACGA-1",1
"GCAGTTAGTGGACGAT-1",1
"GCAGTTAGTTATTCTC-1",4
"GCAGTTATCGCGATCG-1",0
"GCATACAAGATCTGCT-1",3
"GCATACAAGCAACGGT-1",1
"GCATACACAACGCACC-1",3
"GCATACACAAGGACTG-1",0
"GCATACACAAGTCTGT-1",0
"GCATACACAGTCAGCC-1",3
"GCATACACATCCTAGA-1",1
"GCATACACATCGGAAG-1",2
"GCATACAGTCCGAACC-1",5
"GCATACAGTTCTGGTA-1",2
"GCATACATCCACGACG-1",3
"GCATGATAGAATGTTG-1",2
"GCATGATAGAGTAATC-1",1
"GCATGATAGCTGATAA-1",1
"GCATGATAGGACCACA-1",2
"GCATGATAGGCTAGCA-1",5
"GCATGATAGTCAAGCG-1",2
"GCATGATAGTGGAGAA-1",6
"GCATGATCACACCGAC-1",0
"GCATGATCACATTTCT-1",3
"GCATGATGTCCCTACT-1",3
"GCATGATGTTGCGCAC-1",4
"GCATGATTCGTGGACC-1",4
"GCATGCGAGCATGGCA-1",4
"GCATGCGAGTCCAGGA-1",0
"GCATGCGCACTGCCAG-1",0
"GCATGCGGTAAGGATT-1",1
"GCATGCGGTCCTCTTG-1",1
"GCATGCGGTGTGAAAT-1",3
"GCATGCGTCCGCGGTA-1",2
"GCATGTAAGAACTGTA-1",2
"GCATGTAAGACAGACC-1",2
"GCATGTAAGTACTTGC-1",3
"GCATGTAAGTGCAAGC-1",1
"GCATGTACAACACGCC-1",1
"GCATGTATCACGAAGG-1",0
"GCCAAATCAAACTGTC-1",4
"GCCAAATCAAGGGTCA-1",0
"GCCAAATCAAGTTCTG-1",0
"GCCAAATCAGCCACCA-1",2
"GCCAAATCATAACCTG-1",2
"GCCAAATGTATAAACG-1",0
"GCCAAATGTGTTTGGT-1",4
"GCCAAATGTTTCGCTC-1",0
"GCCAAATTCAGGTAAA-1",1
"GCCAAATTCCGAGCCA-1",1
"GCCAAATTCCGCGGTA-1",2
"GCCAAATTCGGCTACG-1",0
"GCCTCTAAGAGTACCG-1",1
"GCCTCTAAGCCATCGC-1",0
"GCCTCTAAGCCGCCTA-1",0
"GCCTCTAAGCGATAGC-1",8
"GCCTCTAAGCTGCAAG-1",4
"GCCTCTAAGCTTCGCG-1",3
"GCCTCTAAGTCACGCC-1",2
"GCCTCTACAAGACGTG-1",1
"GCCTCTACAGCTATTG-1",0
"GCCTCTAGTAAGGATT-1",2
"GCCTCTAGTGATGATA-1",5
"GCCTCTAGTTAAGGGC-1",3
"GCCTCTATCAGCGACC-1",2
"GCCTCTATCCGATATG-1",1
"GCCTCTATCGAATCCA-1",2
"GCCTCTATCGAGCCCA-1",6
"GCCTCTATCGCTGATA-1",1
"GCCTCTATCTTTAGGG-1",1
"GCGACCAAGAGGTTAT-1",2
"GCGACCACACTTACGA-1",1
"GCGACCAGTCAGGACA-1",0
"GCGACCAGTCTAGAGG-1",5
"GCGACCATCAACGGGA-1",7
"GCGACCATCCCGGATG-1",1
"GCGACCATCTACTCAT-1",0
"GCGAGAAAGGTTCCTA-1",2
"GCGAGAAAGTACGATA-1",3
"GCGAGAAAGTGTCTCA-1",1
"GCGAGAACAAGCCCAC-1",0
"GCGAGAACACTGAAGG-1",4
"GCGAGAAGTAGCGCTC-1",2
"GCGAGAAGTCCCTACT-1",2
"GCGAGAATCCTTTCGG-1",2
"GCGAGAATCGAGAGCA-1",7
"GCGAGAATCGCACTCT-1",3
"GCGCAACAGTCCTCCT-1",0
"GCGCAACAGTGTACGG-1",0
"GCGCAACCAAGTCTGT-1",0
"GCGCAACCAGCCACCA-1",1
"GCGCAACGTAGCGCTC-1",1
"GCGCAACGTCCCTTGT-1",1
"GCGCAACGTCCTAGCG-1",5
"GCGCAACGTCGACTAT-1",0
"GCGCAACGTCTAGAGG-1",1
"GCGCAACGTGCACGAA-1",10
"GCGCAACTCAATACCG-1",1
"GCGCAGTCACATCCAA-1",1
"GCGCAGTCATTACCTT-1",2
"GCGCAGTGTTAGGGTG-1",0
"GCGCAGTTCGATCCCT-1",3
"GCGCAGTTCGCGGATC-1",1
"GCGCCAAAGACATAAC-1",0
"GCGCCAAAGGACAGCT-1",0
"GCGCCAAAGGCCCTTG-1",0
"GCGCCAAAGGGCTTCC-1",1
"GCGCCAAAGGTACTCT-1",4
"GCGCCAACATAACCTG-1",3
"GCGCCAACATTGGGCC-1",0
"GCGCCAAGTACTTGAC-1",0
"GCGCCAAGTCGGCACT-1",2
"GCGCCAAGTGAAAGAG-1",2
"GCGCCAAGTTGTACAC-1",1
"GCGCCAATCCGTTGCT-1",0
"GCGCGATAGAAGGTTT-1",0
"GCGCGATAGCAGGTCA-1",1
"GCGCGATAGTGAATTG-1",4
"GCGCGATAGTTTGCGT-1",11
"GCGCGATCAGCTCGAC-1",4
"GCGCGATGTAAGTAGT-1",1
"GCGCGATGTATCACCA-1",1
"GCGCGATGTCACTTCC-1",1
"GCGCGATGTTACCAGT-1",1
"GCGCGATTCAGTTAGC-1",0
"GCGCGATTCGTTTAGG-1",0
"GCGGGTTAGAAACGAG-1",0
"GCGGGTTAGCTATGCT-1",1
"GCGGGTTAGTGTGAAT-1",0
"GCGGGTTCACGCGAAA-1",0
"GCGGGTTCAGGCAGTA-1",4
"GCGGGTTCAGTAACGG-1",0
"GCGGGTTGTGAGTATA-1",3
"GCGGGTTGTGGCGAAT-1",0
"GCGGGTTTCCAAAGTC-1",2
"GCGGGTTTCCTTTCTC-1",4
"GCGGGTTTCTCCAACC-1",1
"GCGGGTTTCTTGAGGT-1",2
"GCGGGTTTCTTGTATC-1",1
"GCTCCTACAAACTGTC-1",5
"GCTCCTACACCAGGTC-1",1
"GCTCCTACACCGATAT-1",0
"GCTCCTACAGGGTACA-1",2
"GCTCCTACATTAGCCA-1",3
"GCTCCTAGTCAGGACA-1",0
"GCTCCTAGTCCGTCAG-1",5
"GCTCCTATCAGCCTAA-1",0
"GCTCCTATCCCTAATT-1",0
"GCTCTGTAGAGGTAGA-1",6
"GCTCTGTAGCTGAACG-1",0
"GCTCTGTAGGAGTCTG-1",3
"GCTCTGTAGTGCTGCC-1",3
"GCTCTGTAGTGGACGT-1",0
"GCTCTGTTCACCTCGT-1",3
"GCTGCAGAGCGTGAGT-1",2
"GCTGCAGAGTCAAGCG-1",4
"GCTGCAGAGTCCCACG-1",2
"GCTGCAGCAATTGCTG-1",4
"GCTGCAGCATGCCCGA-1",1
"GCTGCAGCATGCCTAA-1",1
"GCTGCAGGTAAACCTC-1",6
"GCTGCAGGTACGAAAT-1",3
"GCTGCAGGTAGCGCAA-1",3
"GCTGCAGGTCACCCAG-1",2
"GCTGCAGGTCATGCCG-1",4
"GCTGCGAAGGAATGGA-1",9
"GCTGCGAGTCTAACGT-1",1
"GCTGCGAGTGTTTGGT-1",3
"GCTGCGATCTCCTATA-1",0
"GCTGCGATCTTGTTTG-1",0
"GCTGCTTAGAATTGTG-1",9
"GCTGCTTAGGCAATTA-1",1
"GCTGCTTCATCACGTA-1",1
"GCTGCTTCATCCAACA-1",1
"GCTGCTTCATGCCTAA-1",1
"GCTGCTTCATGGTCAT-1",0
"GCTGCTTGTAACGACG-1",0
"GCTGCTTGTAATCGTC-1",1
"GCTGCTTGTAGGGACT-1",0
"GCTGCTTGTGAAAGAG-1",6
"GCTGCTTTCCGGGTGT-1",1
"GCTGGGTAGACCCACC-1",1
"GCTGGGTAGCCACGCT-1",4
"GCTGGGTAGTCGCCGT-1",1
"GCTGGGTAGTCTCAAC-1",1
"GCTGGGTCACGGCTAC-1",0
"GCTGGGTCAGCCAATT-1",0
"GCTGGGTGTACAGTTC-1",5
"GCTGGGTGTACCGTTA-1",0
"GCTGGGTGTCGAGTTT-1",0
"GCTGGGTGTCTCCACT-1",1
"GCTGGGTGTGCCTGTG-1",4
"GCTGGGTTCAGCTTAG-1",0
"GCTGGGTTCCTTAATC-1",0
"GCTTCCAAGAAACCTA-1",2
"GCTTCCACACCACCAG-1",1
"GCTTCCACAGGTCGTC-1",6
"GCTTCCACAGTGAGTG-1",1
"GCTTCCAGTATAGGTA-1",3
"GCTTCCAGTTCAGCGC-1",3
"GCTTCCATCGTCCAGG-1",2
"GCTTGAAAGATGGCGT-1",1
"GCTTGAAAGCCGTCGT-1",3
"GCTTGAACAAACCTAC-1",0
"GCTTGAACACGGTGTC-1",0
"GCTTGAACATCGGAAG-1",3
"GCTTGAAGTGCGGTAA-1",0
"GCTTGAAGTTCTCATT-1",3
"GCTTGAATCAGGATCT-1",1
"GGAAAGCAGGCAGGTT-1",2
"GGAAAGCCAAACGCGA-1",1
"GGAAAGCCAAGTACCT-1",1
"GGAAAGCGTAAGCACG-1",0
"GGAAAGCGTCCTCCAT-1",1
"GGAAAGCGTCGCGTGT-1",4
"GGAAAGCGTGCTTCTC-1",0
"GGAAAGCTCCAGAGGA-1",0
"GGAACTTAGAGTAAGG-1",4
"GGAACTTCAATGTAAG-1",4
"GGAACTTCACAGGAGT-1",0
"GGAACTTCACCTCGTT-1",0
"GGAACTTGTCTCTTTA-1",4
"GGAACTTTCATTGCCC-1",2
"GGAACTTTCATTTGGG-1",0
"GGAACTTTCCGTCATC-1",0
"GGAACTTTCCTCAACC-1",0
"GGAACTTTCGGATGTT-1",0
"GGAATAAAGGTACTCT-1",2
"GGAATAAAGTGTCCAT-1",2
"GGAATAACAGCGTCCA-1",0
"GGAATAAGTCTGGTCG-1",1
"GGAATAAGTGCAGGTA-1",1
"GGAATAATCAGCACAT-1",2
"GGAATAATCTTTACGT-1",5
"GGACAAGAGGTACTCT-1",1
"GGACAAGCAACGATGG-1",1
"GGACAAGCAGTCGTGC-1",0
"GGACAAGCATGGGACA-1",2
"GGACAAGGTATAAACG-1",0
"GGACAAGGTATGAAAC-1",2
"GGACAAGGTCGGCATC-1",2
"GGACAAGGTTATGCGT-1",5
"GGACAAGTCTAACGGT-1",1
"GGACAGAAGCTAGTCT-1",1
"GGACAGAAGTACTTGC-1",5
"GGACAGACAACACGCC-1",3
"GGACAGACACAAGCCC-1",4
"GGACAGAGTAAGTGGC-1",3
"GGACAGAGTCTTTCAT-1",1
"GGACAGAGTGAGGGAG-1",2
"GGACAGAGTTCCACAA-1",1
"GGACAGATCAACGCTA-1",1
"GGACATTAGAGGGCTT-1",2
"GGACATTAGCCACGTC-1",0
"GGACATTCAAACGCGA-1",0
"GGACATTCAATGACCT-1",3
"GGACATTCACCAGCAC-1",0
"GGACATTGTTCTGGTA-1",3
"GGACATTTCCTCTAGC-1",0
"GGACGTCAGTACTTGC-1",5
"GGACGTCAGTGGTAAT-1",2
"GGACGTCCACAGTCGC-1",0
"GGACGTCGTGAGGGAG-1",0
"GGACGTCGTGGCGAAT-1",0
"GGACGTCGTTACGGAG-1",1
"GGACGTCGTTTAAGCC-1",2
"GGACGTCTCCACTCCA-1",4
"GGACGTCTCGCAAACT-1",3
"GGACGTCTCTCCAGGG-1",8
"GGACGTCTCTCGAGTA-1",0
"GGACGTCTCTGGTGTA-1",1
"GGACGTCTCTTCGAGA-1",0
"GGAGCAAAGAACTCGG-1",1
"GGAGCAAAGACTGTAA-1",1
"GGAGCAAAGCCGCCTA-1",8
"GGAGCAAAGCTAAACA-1",0
"GGAGCAAAGTACGCCC-1",0
"GGAGCAACAAGCTGTT-1",1
"GGAGCAACAATGGACG-1",0
"GGAGCAACAATTCCTT-1",5
"GGAGCAACATGCTGGC-1",3
"GGAGCAAGTGAGTATA-1",2
"GGAGCAAGTTACTGAC-1",0
"GGAGCAATCAAGATCC-1",1
"GGAGCAATCCCATTTA-1",5
"GGATGTTCAAACTGTC-1",2
"GGATGTTTCATCACCC-1",1
"GGATGTTTCATGCATG-1",3
"GGATGTTTCCTACAGA-1",4
"GGATGTTTCCTCTAGC-1",3
"GGATTACAGATCCCAT-1",4
"GGATTACAGCTTCGCG-1",0
"GGATTACAGGCTAGCA-1",6
"GGATTACAGTATCTCG-1",6
"GGATTACCAAGCGTAG-1",5
"GGATTACCACATCCGG-1",0
"GGATTACCAGCGTAAG-1",0
"GGATTACGTAATAGCA-1",2
"GGATTACGTACACCGC-1",0
"GGATTACGTCTCTTTA-1",0
"GGATTACGTTGAGGTG-1",0
"GGATTACTCGCGCCAA-1",4
"GGATTACTCGGCGCAT-1",1
"GGATTACTCTGCCCTA-1",0
"GGCAATTCAATCGGTT-1",3
"GGCAATTCACGGCGTT-1",2
"GGCAATTCATCACCCT-1",5
"GGCAATTGTCGATTGT-1",0
"GGCAATTTCACTTACT-1",3
"GGCAATTTCAGCACAT-1",1
"GGCAATTTCTCCGGTT-1",5
"GGCCGATAGTGTCTCA-1",2
"GGCCGATCACGGACAA-1",1
"GGCCGATGTAGGACAC-1",3
"GGCCGATGTCACTGGC-1",3
"GGCCGATGTCCCTACT-1",6
"GGCCGATTCACCGTAA-1",5
"GGCCGATTCCGCGCAA-1",1
"GGCGACTAGAGCTGGT-1",3
"GGCGACTAGGACCACA-1",1
"GGCGACTAGGTTACCT-1",5
"GGCGACTCAAAGCGGT-1",6
"GGCGACTCAAGAGTCG-1",0
"GGCGACTCACCAGGTC-1",3
"GGCGACTCATTGTGCA-1",0
"GGCGACTTCAGAAATG-1",0
"GGCGACTTCAGAGACG-1",1
"GGCGACTTCCAGATCA-1",4
"GGCGACTTCTCTAGGA-1",1
"GGCGTGTAGCTAGCCC-1",3
"GGCGTGTAGGGTATCG-1",1
"GGCGTGTCAGGTCCAC-1",2
"GGCGTGTCAGTATAAG-1",6
"GGCGTGTCATCGTCGG-1",1
"GGCGTGTCATGGAATA-1",1
"GGCGTGTGTCTCCCTA-1",0
"GGCGTGTTCTTGAGGT-1",6
"GGCTCGAAGCCGTCGT-1",6
"GGCTCGAAGGTAAACT-1",0
"GGCTCGACAAGAAGAG-1",0
"GGCTCGACAATAGCAA-1",0
"GGCTCGACATGGTCAT-1",4
"GGCTCGAGTATATCCG-1",4
"GGCTCGAGTTACGTCA-1",2
"GGCTCGAGTTAGGGTG-1",0
"GGCTCGATCTGCAAGT-1",0
"GGCTGGTAGAAGAAGC-1",0
"GGCTGGTAGACCCACC-1",3
"GGCTGGTCAAGGACAC-1",0
"GGCTGGTCACTGCCAG-1",1
"GGCTGGTCATTTCAGG-1",0
"GGCTGGTGTATTCTCT-1",2
"GGCTGGTGTCGCATCG-1",0
"GGCTGGTGTCTAGTGT-1",2
"GGCTGGTGTTATGCGT-1",0
"GGGAATGAGCGTTGCC-1",1
"GGGAATGAGTAGGTGC-1",0
"GGGAATGGTAAGGGAA-1",3
"GGGAATGTCAACGAAA-1",1
"GGGAATGTCCAGTATG-1",6
"GGGAATGTCCGGGTGT-1",0
"GGGACCTAGATGTAAC-1",4
"GGGACCTAGTCTTGCA-1",5
"GGGACCTCAATCAGAA-1",5
"GGGACCTCACTGAAGG-1",1
"GGGAGATAGTACGACG-1",4
"GGGAGATCAAAGTGCG-1",0
"GGGAGATCAAATCCGT-1",4
"GGGAGATCAAGGACTG-1",2
"GGGAGATCACGCGAAA-1",1
"GGGAGATGTAGCGCAA-1",0
"GGGAGATTCAACGGGA-1",1
"GGGAGATTCATCACCC-1",0
"GGGATGAAGTGACATA-1",2
"GGGATGACATCATCCC-1",1
"GGGATGAGTCACCCAG-1",0
"GGGATGAGTGGAAAGA-1",3
"GGGATGAGTTACGACT-1",2
"GGGATGAGTTGGTAAA-1",4
"GGGATGATCAGTTAGC-1",5
"GGGATGATCTATCCTA-1",0
"GGGATGATCTTTAGGG-1",1
"GGGCACTAGTCTCGGC-1",3
"GGGCACTCATCTCCCA-1",3
"GGGCACTTCACCTCGT-1",0
"GGGCACTTCTGAGGGA-1",2
"GGGCATCCAATGTAAG-1",0
"GGGCATCCAGTCTTCC-1",6
"GGGCATCGTGGCGAAT-1",0
"GGGCATCTCACAGTAC-1",4
"GGGCATCTCCCTTGTG-1",0
"GGGCATCTCCGGCACA-1",1
"GGGCATCTCTGTCCGT-1",3
"GGGCATCTCTTATCTG-1",0
"GGGTCTGAGAAGATTC-1",1
"GGGTCTGAGATCCCGC-1",2
"GGGTCTGAGCCAACAG-1",0
"GGGTCTGCACAGGCCT-1",2
"GGGTCTGCACCAGGTC-1",1
"GGGTCTGGTCTGGTCG-1",2
"GGGTCTGGTGATGATA-1",0
"GGGTCTGGTGTGACCC-1",0
"GGGTCTGTCAACTCTT-1",2
"GGGTCTGTCACTCCTG-1",3
"GGGTCTGTCCGTAGTA-1",1
"GGGTTGCAGACAGAGA-1",0
"GGGTTGCAGACCTTTG-1",0
"GGGTTGCAGATCGATA-1",2
"GGGTTGCAGGGTGTTG-1",5
"GGGTTGCAGGTGGGTT-1",1
"GGGTTGCCAATAACGA-1",0
"GGGTTGCCACGCCAGT-1",1
"GGGTTGCCATTAACCG-1",3
"GGGTTGCGTACATCCA-1",2
"GGGTTGCGTAGCGCAA-1",2
"GGGTTGCGTCCTCCAT-1",6
"GGGTTGCGTCGAGTTT-1",4
"GGGTTGCGTGAGTATA-1",2
"GGGTTGCGTGTGACCC-1",2
"GGGTTGCTCGTACCGG-1",0
"GGTATTGAGCACCGTC-1",1
"GGTATTGAGCTATGCT-1",5
"GGTATTGCACATCCAA-1",0
"GGTATTGCAGCTTCGG-1",2
"GGTATTGGTTCCGTCT-1",3
"GGTATTGTCAGAAATG-1",4
"GGTATTGTCCATTCTA-1",1
"GGTATTGTCGCCAGCA-1",2
"GGTGAAGAGACACGAC-1",0
"GGTGAAGAGATCCGAG-1",0
"GGTGAAGCAAGGTGTG-1",0
"GGTGAAGCACTCGACG-1",2
"GGTGAAGCAGTATGCT-1",4
"GGTGAAGGTATGAAAC-1",2
"GGTGAAGGTCAGAATA-1",0
"GGTGAAGGTGGTACAG-1",0
"GGTGAAGGTGTATGGG-1",4
"GGTGAAGGTGTCTGAT-1",0
"GGTGAAGGTGTGGTTT-1",1
"GGTGAAGGTGTGTGCC-1",2
"GGTGAAGTCACGATGT-1",1
"GGTGAAGTCACTCTTA-1",2
"GGTGAAGTCTGGCGTG-1",0
"GGTGCGTAGGTGATTA-1",1
"GGTGCGTAGTACGATA-1",2
"GGTGCGTCACTTAAGC-1",1
"GGTGCGTCAGCTGTAT-1",5
"GGTGCGTGTTCGTTGA-1",1
"GGTGCGTTCCGTACAA-1",2
"GGTGCGTTCTTGACGA-1",0
"GGTGTTAAGGGCTCTC-1",8
"GGTGTTAAGTAGCGGT-1",0
"GGTGTTAAGTGGGATC-1",3
"GGTGTTAAGTTATCGC-1",1
"GGTGTTACAAATCCGT-1",1
"GGTGTTACACGGATAG-1",0
"GGTGTTAGTAATCACC-1",3
"GGTGTTAGTAGCAAAT-1",3
"GGTGTTAGTGTATGGG-1",0
"GGTGTTAGTTGAACTC-1",2
"GGTGTTATCGGACAAG-1",1
"GGTGTTATCGGTGTTA-1",4
"GGTGTTATCTACTTAC-1",3
"GTAACGTAGGTGACCA-1",3
"GTAACGTCACAGGCCT-1",0
"GTAACGTGTACCATCA-1",0
"GTAACGTGTGAGTATA-1",2
"GTAACGTGTTACGGAG-1",2
"GTAACGTGTTAGGGTG-1",2
"GTAACGTTCGGTCCGA-1",1
"GTAACGTTCTCATTCA-1",2
"GTAACTGAGTGGGTTG-1",4
"GTAACTGCAATGGAAT-1",2
"GTAACTGCACAGGCCT-1",2
"GTAACTGCAGGATCGA-1",2
"GTAACTGCATCGGGTC-1",4
"GTAACTGGTATTACCG-1",7
"GTAACTGTCACGGTTA-1",0
"GTAACTGTCTACTATC-1",0
"GTACGTAAGGTGCTTT-1",7
"GTACGTACAGGAATGC-1",0
"GTACGTACATGGATGG-1",1
"GTACGTAGTGAGTGAC-1",1
"GTACGTAGTTGGTAAA-1",2
"GTACGTATCACCTCGT-1",3
"GTACGTATCATCGGAT-1",2
"GTACGTATCCACTGGG-1",1
"GTACTCCAGGCAGTCA-1",5
"GTACTCCCAATAGCGG-1",3
"GTACTCCCACAGGTTT-1",0
"GTACTCCTCACCTTAT-1",0
"GTACTCCTCATTGCCC-1",0
"GTACTCCTCCTTCAAT-1",0
"GTACTTTCAGTTAACC-1",1
"GTACTTTCATGTCGAT-1",0
"GTACTTTTCCGAAGAG-1",0
"GTAGGCCAGCAATCTC-1",1
"GTAGGCCCATTCGACA-1",1
"GTAGGCCGTAACGCGA-1",0
"GTAGGCCGTAAGGGCT-1",0
"GTAGGCCGTACGACCC-1",5
"GTAGGCCGTTCAGGCC-1",3
"GTAGGCCGTTGATTGC-1",3
"GTAGGCCTCAGCACAT-1",4
"GTAGTCAAGAATGTGT-1",2
"GTAGTCAAGATGCCTT-1",5
"GTAGTCAAGGACGAAA-1",1
"GTAGTCAAGTGAAGAG-1",0
"GTAGTCATCGTCACGG-1",7
"GTAGTCATCTGAAAGA-1",1
"GTATCTTAGAAACCAT-1",4
"GTATCTTAGGCTATCT-1",5
"GTATCTTAGTTGTCGT-1",1
"GTATCTTCACACCGCA-1",0
"GTATCTTCACGAAGCA-1",1
"GTATCTTGTTCGCTAA-1",5
"GTATCTTTCATGCTCC-1",1
"GTATCTTTCATGTAGC-1",1
"GTATTCTAGAAACCAT-1",0
"GTATTCTAGACAAAGG-1",0
"GTATTCTCAAAGTCAA-1",6
"GTATTCTCAACAACCT-1",3
"GTATTCTCAACTTGAC-1",6
"GTATTCTCAATAAGCA-1",3
"GTATTCTCAGGGTTAG-1",3
"GTATTCTCATACTACG-1",2
"GTATTCTCATGGTAGG-1",1
"GTATTCTGTAGTGAAT-1",0
"GTATTCTGTCTAGAGG-1",2
"GTCAAGTCATATGCTG-1",0
"GTCAAGTCATGGTTGT-1",6
"GTCAAGTGTCAGCTAT-1",1
"GTCAAGTGTTCCACTC-1",3
"GTCACAAAGCCGATTT-1",3
"GTCACAAAGTGGAGTC-1",0
"GTCACAACAGGTGGAT-1",0
"GTCACAAGTAAACGCG-1",1
"GTCACAATCAGGATCT-1",1
"GTCACAATCAGTTGAC-1",3
"GTCACAATCATGCATG-1",2
"GTCACGGAGATCACGG-1",0
"GTCACGGCATATACCG-1",2
"GTCACGGGTGAGTGAC-1",1
"GTCACGGGTGTGGCTC-1",1
"GTCACGGTCGAGAGCA-1",3
"GTCACGGTCTACCTGC-1",0
"GTCATTTAGAGACTAT-1",1
"GTCATTTCACGTGAGA-1",1
"GTCATTTGTAGAAGGA-1",1
"GTCATTTGTCAGATAA-1",3
"GTCATTTTCCAGAGGA-1",0
"GTCCTCAAGCCCAACC-1",5
"GTCCTCAAGTAGATGT-1",0
"GTCCTCAAGTGGGCTA-1",2
"GTCCTCACAATCACAC-1",1
"GTCCTCAGTGGAAAGA-1",4
"GTCCTCATCAAAGACA-1",2
"GTCCTCATCGTCCGTT-1",1
"GTCGGGTCACTGAAGG-1",0
"GTCGGGTCACTTCGAA-1",1
"GTCGGGTCATGAAGTA-1",1
"GTCGGGTGTCTCACCT-1",2
"GTCGGGTGTGTGACGA-1",4
"GTCGGGTGTGTGTGCC-1",0
"GTCGGGTGTTACGTCA-1",1
"GTCGGGTTCTGCTGTC-1",1
"GTCGGGTTCTGTGCAA-1",0
"GTCGTAAAGAGATGAG-1",3
"GTCGTAAAGCTGCAAG-1",2
"GTCGTAAAGGCGACAT-1",1
"GTCGTAACATCACGAT-1",5
"GTCGTAAGTATCACCA-1",0
"GTCGTAATCCAAGTAC-1",4
"GTCTCGTAGACCACGA-1",0
"GTCTCGTCAGGAACGT-1",3
"GTCTCGTGTGGTAACG-1",0
"GTCTCGTGTTTGGCGC-1",6
"GTCTCGTTCACCGGGT-1",0
"GTCTCGTTCAGTGCAT-1",0
"GTCTTCGAGACAAGCC-1",3
"GTCTTCGAGGAATGGA-1",1
"GTCTTCGAGTCAAGCG-1",1
"GTCTTCGCACATGGGA-1",3
"GTCTTCGCACCAGGTC-1",0
"GTCTTCGCAGACGCAA-1",1
"GTCTTCGCATAACCTG-1",4
"GTCTTCGCATCGATGT-1",1
"GTCTTCGGTCTAGTGT-1",0
"GTCTTCGTCTCGATGA-1",3
"GTGAAGGAGAGCTGGT-1",2
"GTGAAGGAGATCGGGT-1",0
"GTGAAGGAGCCAGTTT-1",1
"GTGAAGGAGTGTTGAA-1",0
"GTGAAGGCAAAGGCGT-1",0
"GTGAAGGCACTTAAGC-1",0
"GTGAAGGCAGATTGCT-1",2
"GTGAAGGGTATATGGA-1",2
"GTGAAGGGTCTCTCTG-1",1
"GTGAAGGTCTCCTATA-1",0
"GTGCAGCAGACATAAC-1",0
"GTGCAGCAGTGGTCCC-1",4
"GTGCAGCCACATCTTT-1",6
"GTGCAGCGTGAGTATA-1",3
"GTGCAGCTCTTAGAGC-1",0
"GTGCATAAGGCATGGT-1",4
"GTGCATAGTTTGTTGG-1",5
"GTGCATATCAGAGCTT-1",1
"GTGCATATCATCATTC-1",2
"GTGCATATCTGCGTAA-1",3
"GTGCGGTAGCAATCTC-1",3
"GTGCGGTAGGACAGAA-1",0
"GTGCGGTCAAAGGTGC-1",0
"GTGCGGTGTTCAGACT-1",7
"GTGCGGTGTTCTGTTT-1",4
"GTGCGGTTCATCTGCC-1",1
"GTGCGGTTCCAGGGCT-1",1
"GTGCGGTTCGGATGGA-1",0
"GTGCGGTTCTCGTTTA-1",1
"GTGCGGTTCTGCTGTC-1",1
"GTGCTTCAGCCAGTTT-1",0
"GTGCTTCAGGATTCGG-1",2
"GTGCTTCAGTACACCT-1",2
"GTGCTTCCACTTAACG-1",2
"GTGCTTCCAGCTATTG-1",4
"GTGCTTCGTAGAGTGC-1",4
"GTGCTTCTCACAATGC-1",5
"GTGCTTCTCACTTCAT-1",2
"GTGGGTCAGACCGGAT-1",2
"GTGGGTCAGACTGTAA-1",1
"GTGGGTCAGCCGTCGT-1",2
"GTGGGTCCACCAACCG-1",5
"GTGGGTCCACCACCAG-1",0
"GTGTGCGAGACCGGAT-1",1
"GTGTGCGAGACTTGAA-1",3
"GTGTGCGCAGGTCGTC-1",4
"GTGTGCGGTGAGCGAT-1",0
"GTGTGCGTCAGTCAGT-1",3
"GTGTGCGTCCCTTGTG-1",2
"GTGTGCGTCTAACTTC-1",0
"GTGTTAGAGCACGCCT-1",1
"GTGTTAGAGGACAGAA-1",0
"GTGTTAGAGGCATGGT-1",0
"GTGTTAGAGTGGAGAA-1",1
"GTGTTAGAGTTTGCGT-1",1
"GTGTTAGCAATGGAAT-1",0
"GTGTTAGCACCACCAG-1",0
"GTGTTAGGTGCCTGGT-1",6
"GTGTTAGGTGGAAAGA-1",0
"GTGTTAGGTTCCATGA-1",1
"GTGTTAGGTTGGGACA-1",0
"GTTAAGCAGAGCTGCA-1",4
"GTTAAGCAGATAGCAT-1",6
"GTTAAGCAGCTAACAA-1",0
"GTTAAGCAGGCTACGA-1",2
"GTTAAGCAGTGTACCT-1",5
"GTTAAGCAGTTTGCGT-1",1
"GTTAAGCCATTCACTT-1",5
"GTTAAGCGTACTCGCG-1",6
"GTTAAGCGTCTAGGTT-1",2
"GTTAAGCGTGGCAAAC-1",0
"GTTAAGCGTTGCTCCT-1",0
"GTTAAGCTCCTTTCGG-1",1
"GTTACAGAGAGCTATA-1",3
"GTTACAGAGTACGATA-1",0
"GTTACAGCAGACGCCT-1",5
"GTTACAGCATCGGTTA-1",1
"GTTACAGGTATGGTTC-1",1
"GTTACAGGTCGACTGC-1",2
"GTTACAGGTCTAGGTT-1",2
"GTTCATTAGCGATGAC-1",2
"GTTCATTCATATACGC-1",2
"GTTCATTCATTGGCGC-1",0
"GTTCATTGTGCACGAA-1",1
"GTTCATTGTGTTAAGA-1",1
"GTTCATTGTTCAGTAC-1",2
"GTTCGGGAGACGACGT-1",1
"GTTCGGGAGCTAAGAT-1",0
"GTTCGGGAGTGTCTCA-1",2
"GTTCGGGGTAGGGTAC-1",3
"GTTCGGGGTGCAGGTA-1",3
"GTTCGGGTCCACGCAG-1",0
"GTTCGGGTCTACTTAC-1",4
"GTTCTCGAGACCACGA-1",0
"GTTCTCGAGCGATGAC-1",2
"GTTCTCGAGGCCATAG-1",3
"GTTCTCGCATCGGACC-1",2
"GTTCTCGGTAAGGGAA-1",3
"GTTCTCGGTAGCGTAG-1",0
"GTTCTCGGTCCGTGAC-1",0
"GTTCTCGGTGTTAAGA-1",5
"GTTCTCGTCAACGCTA-1",0
"GTTCTCGTCCTGTACC-1",0
"GTTTCTACAAACCTAC-1",0
"GTTTCTACAAGAAAGG-1",1
"GTTTCTAGTGTTGGGA-1",5
"GTTTCTATCCCAACGG-1",0
"GTTTCTATCCGTAGTA-1",3
"GTTTCTATCGGCATCG-1",3
"TAAACCGGTACTTAGC-1",0
"TAAACCGTCACTCTTA-1",0
"TAAACCGTCAGGCGAA-1",3
"TAAACCGTCCGTTGTC-1",5
"TAAACCGTCTTCCTTC-1",0
"TAAGAGACAAGTTGTC-1",5
"TAAGAGAGTATATCCG-1",3
"TAAGAGATCAATCACG-1",3
"TAAGAGATCTAACGGT-1",1
"TAAGAGATCTTTCCTC-1",7
"TAAGCGTAGTGGACGT-1",1
"TAAGCGTAGTGTCTCA-1",0
"TAAGCGTCAGCTTCGG-1",4
"TAAGCGTCAGGTGGAT-1",1
"TAAGCGTGTCCTGCTT-1",1
"TAAGCGTGTGCCTGGT-1",2
"TAAGCGTGTTGTTTGG-1",1
"TAAGCGTTCCTCATTA-1",3
"TAAGCGTTCGGCGCAT-1",1
"TAAGCGTTCTCGCATC-1",1
"TAAGTGCAGGCTAGGT-1",0
"TAAGTGCAGTAGCGGT-1",4
"TAAGTGCCAACGCACC-1",1
"TAAGTGCCATACAGCT-1",1
"TAAGTGCGTAAACACA-1",1
"TAAGTGCGTCTCACCT-1",0
"TAAGTGCGTTCAGACT-1",4
"TAAGTGCTCACCCTCA-1",1
"TAAGTGCTCACTGGGC-1",1
"TAAGTGCTCTGGCGTG-1",1
"TACACGACACCCATTC-1",1
"TACACGAGTGATAAAC-1",0
"TACACGATCTGTCTCG-1",3
"TACAGTGAGATGCGAC-1",0
"TACAGTGAGCGTTGCC-1",0
"TACAGTGAGTGTACGG-1",0
"TACAGTGCAGGAATCG-1",0
"TACAGTGCAGGTGCCT-1",2
"TACAGTGGTACTCAAC-1",0
"TACAGTGGTTGGACCC-1",0
"TACCTATAGAGCTGGT-1",0
"TACCTATAGAGTTGGC-1",1
"TACCTATAGGCTCATT-1",0
"TACCTATAGTTAGCGG-1",0
"TACCTATCAAGCTGGA-1",2
"TACCTATGTAAATGAC-1",4
"TACCTATGTAGAGTGC-1",1
"TACCTATGTCACCTAA-1",1
"TACCTATGTGTTGAGG-1",0
"TACCTATGTTAAAGAC-1",1
"TACCTATTCTATGTGG-1",2
"TACCTATTCTTCCTTC-1",1
"TACCTTAAGAGGTTGC-1",0
"TACCTTAAGTCAAGCG-1",1
"TACCTTAAGTGGTCCC-1",2
"TACCTTACAACTGGCC-1",1
"TACCTTACAAGGGTCA-1",3
"TACCTTACACTCAGGC-1",2
"TACCTTACATCTACGA-1",0
"TACCTTAGTAGCGTCC-1",0
"TACCTTAGTCTCCACT-1",0
"TACGGATAGATGGCGT-1",3
"TACGGATAGGTACTCT-1",3
"TACGGATCAGGGATTG-1",1
"TACGGATCATCACCCT-1",1
"TACGGATGTCTAGCCG-1",4
"TACGGATTCGGTGTCG-1",5
"TACGGATTCTACTATC-1",0
"TACGGGCAGGATGCGT-1",0
"TACGGGCAGGGAACGG-1",1
"TACGGGCAGTATTGGA-1",2
"TACGGGCAGTCAAGCG-1",0
"TACGGGCCAAGAAGAG-1",0
"TACGGGCCACCAGATT-1",1
"TACGGGCCATCAGTAC-1",5
"TACGGGCGTAAGGGCT-1",3
"TACGGGCGTCTGATTG-1",0
"TACGGGCGTGATGTGG-1",3
"TACGGGCTCACCTTAT-1",2
"TACGGGCTCAGCTCTC-1",0
"TACGGGCTCCACGAAT-1",1
"TACGGGCTCCTATTCA-1",6
"TACGGGCTCGGTGTTA-1",0
"TACGGTAAGATATGGT-1",1
"TACGGTAAGCCGATTT-1",0
"TACGGTAAGTCATGCT-1",0
"TACGGTAAGTGCCATT-1",2
"TACGGTACACAGGCCT-1",2
"TACGGTACATTTCAGG-1",3
"TACGGTAGTATATCCG-1",5
"TACGGTAGTCACTTCC-1",2
"TACGGTAGTGCAGGTA-1",3
"TACGGTAGTGGGTATG-1",0
"TACGGTATCGCAGGCT-1",5
"TACGGTATCGGACAAG-1",6
"TACGGTATCGTTTATC-1",3
"TACTCATAGTCACGCC-1",2
"TACTCATCAATCTACG-1",3
"TACTCATCACGGTAGA-1",1
"TACTCATCACTTCTGC-1",3
"TACTCATCATCCGTGG-1",0
"TACTCATCATGTCGAT-1",0
"TACTCATGTACAGCAG-1",1
"TACTCATGTCTTCAAG-1",0
"TACTCATTCCTTTCTC-1",0
"TACTCGCAGGCGACAT-1",1
"TACTCGCGTCAGAAGC-1",1
"TACTCGCGTCTGATTG-1",6
"TACTCGCGTGTAACGG-1",1
"TACTCGCGTTGAGTTC-1",1
"TACTCGCTCAACGGGA-1",0
"TACTCGCTCCGAATGT-1",3
"TACTTACAGACTAGGC-1",6
"TACTTACAGCTGAACG-1",4
"TACTTACAGTACACCT-1",6
"TACTTACAGTACGCCC-1",3
"TACTTACAGTGATCGG-1",0
"TACTTACCAAGCCGTC-1",4
"TACTTACCACAGGTTT-1",1
"TACTTACTCGCGTTTC-1",0
"TACTTGTAGCGATATA-1",1
"TACTTGTAGTAATCCC-1",1
"TACTTGTCAAACAACA-1",4
"TACTTGTCATGCAACT-1",2
"TACTTGTGTAGCACGA-1",3
"TACTTGTGTATAAACG-1",0
"TACTTGTGTTCCACAA-1",3
"TACTTGTTCTGCAGTA-1",5
"TAGACCAAGAGACGAA-1",1
"TAGACCAAGCCTCGTG-1",0
"TAGACCAAGTCGATAA-1",10
"TAGACCACAACACCCG-1",0
"TAGACCAGTAGATTAG-1",11
"TAGACCAGTTCATGGT-1",9
"TAGACCATCACTTCAT-1",2
"TAGACCATCGTCACGG-1",4
"TAGACCATCTCCAGGG-1",1
"TAGAGCTAGAATTCCC-1",1
"TAGAGCTAGTATTGGA-1",2
"TAGAGCTCACTGAAGG-1",2
"TAGAGCTGTACTTGAC-1",2
"TAGAGCTGTAGGGACT-1",5
"TAGAGCTGTCTAAAGA-1",0
"TAGCCGGAGACTGGGT-1",0
"TAGCCGGAGTCCCACG-1",0
"TAGCCGGAGTGACATA-1",1
"TAGCCGGCAGCAGTTT-1",0
"TAGCCGGGTACAGTGG-1",4
"TAGCCGGGTACCATCA-1",1
"TAGCCGGGTCGCGAAA-1",2
"TAGCCGGTCACGACTA-1",6
"TAGCCGGTCCAGGGCT-1",0
"TAGGCATAGAACTGTA-1",1
"TAGGCATAGCTAGGCA-1",0
"TAGGCATAGTCGTACT-1",2
"TAGGCATAGTTTAGGA-1",1
"TAGGCATCAAGCCTAT-1",1
"TAGGCATCAGACGCAA-1",0
"TAGGCATGTACGAAAT-1",2
"TAGGCATGTCCAGTTA-1",2
"TAGGCATGTTCCACTC-1",1
"TAGGCATTCCCTAACC-1",0
"TAGGCATTCGCTAGCG-1",2
"TAGGCATTCGTAGATC-1",5
"TAGGCATTCTTCATGT-1",1
"TAGTGGTAGATCACGG-1",3
"TAGTGGTAGCTGTTCA-1",2
"TAGTGGTCAGTATAAG-1",3
"TAGTGGTGTAGCGTAG-1",2
"TAGTGGTTCAGCATGT-1",0
"TAGTGGTTCGGCGCAT-1",1
"TAGTGGTTCTCAAGTG-1",2
"TAGTGGTTCTGGGCCA-1",5
"TAGTGGTTCTTTAGTC-1",0
"TAGTTGGAGATAGGAG-1",4
"TAGTTGGCAGACGCAA-1",2
"TAGTTGGCATGCGCAC-1",2
"TAGTTGGGTATGGTTC-1",2
"TAGTTGGTCCGAATGT-1",0
"TAGTTGGTCTACTCAT-1",0
"TAGTTGGTCTCTAAGG-1",6
"TAGTTGGTCTGATACG-1",0
"TATCAGGAGAGTAAGG-1",0
"TATCAGGAGATCCGAG-1",1
"TATCAGGAGCAGATCG-1",0
"TATCAGGAGGTGCTTT-1",1
"TATCAGGCAACTTGAC-1",1
"TATCAGGCACGTTGGC-1",7
"TATCAGGGTCCGTTAA-1",5
"TATCAGGGTCTGCAAT-1",3
"TATCAGGGTTAAAGAC-1",0
"TATCAGGTCAAGATCC-1",4
"TATCAGGTCCACTCCA-1",10
"TATCAGGTCGTAGGTT-1",0
"TATCTCAAGAGTTGGC-1",1
"TATCTCAAGCCACCTG-1",3
"TATCTCAAGCGTAATA-1",0
"TATCTCAAGGCTAGCA-1",0
"TATCTCAAGTGGGCTA-1",1
"TATCTCACATGTCCTC-1",2
"TATCTCAGTAACGACG-1",2
"TATCTCAGTACCTACA-1",1
"TATCTCAGTACGACCC-1",8
"TATCTCAGTCAATGTC-1",4
"TATCTCATCAAGCCTA-1",10
"TATGCCCAGAAACCGC-1",3
"TATGCCCAGGTAGCTG-1",4
"TATGCCCCAATGGAAT-1",3
"TATGCCCCACTTAACG-1",0
"TATGCCCCATGTTCCC-1",1
"TATGCCCGTAGCCTCG-1",4
"TATGCCCGTATAGGGC-1",0
"TATGCCCGTATGAAAC-1",4
"TATGCCCGTCGCCATG-1",3
"TATGCCCGTGCCTTGG-1",3
"TATGCCCGTTAAGATG-1",1
"TATGCCCGTTGGTGGA-1",0
"TATGCCCGTTTAGGAA-1",0
"TATGCCCTCGTCTGCT-1",0
"TATTACCAGAGAGCTC-1",2
"TATTACCAGCAAATCA-1",2
"TATTACCAGCCCGAAA-1",3
"TATTACCAGTATCTCG-1",1
"TATTACCCAAAGTGCG-1",1
"TATTACCCAGACAAGC-1",2
"TATTACCCAGTCAGCC-1",1
"TATTACCCATAAAGGT-1",0
"TATTACCCATCTACGA-1",0
"TATTACCGTCCAGTAT-1",2
"TCAACGAAGCCGATTT-1",6
"TCAACGAAGCGATGAC-1",6
"TCAACGAAGGCATGTG-1",4
"TCAACGAAGTAGTGCG-1",5
"TCAACGACACCAGGCT-1",1
"TCAACGACATGCCTTC-1",9
"TCAACGAGTTACCAGT-1",5
"TCAACGAGTTCCATGA-1",3
"TCAACGAGTTCTGGTA-1",0
"TCAACGATCAGTCCCT-1",1
"TCAACGATCTGTGCAA-1",3
"TCAATCTAGATCCCGC-1",5
"TCAATCTCACAAGCCC-1",3
"TCAATCTCACAGCCCA-1",3
"TCAATCTCATGACGGA-1",2
"TCAATCTCATTTGCTT-1",1
"TCAATCTGTAGTGAAT-1",2
"TCAATCTGTTAGATGA-1",3
"TCAATCTTCAGATAAG-1",0
"TCAATCTTCATGTCCC-1",2
"TCACAAGAGACTGGGT-1",0
"TCACAAGAGAGAGCTC-1",1
"TCACAAGAGGCCCTCA-1",2
"TCACAAGAGGTGGGTT-1",6
"TCACAAGAGTAGATGT-1",1
"TCACAAGCAGTATGCT-1",2
"TCACAAGCATAACCTG-1",1
"TCACAAGCATGACATC-1",6
"TCACAAGGTCAGATAA-1",4
"TCACAAGGTGTGGTTT-1",1
"TCACAAGTCATCATTC-1",0
"TCACAAGTCATGCATG-1",0
"TCACGAAAGCTCCTTC-1",1
"TCACGAAAGGTGCTTT-1",0
"TCACGAAAGTCTCGGC-1",2
"TCACGAACACAAGACG-1",2
"TCACGAACACTGTCGG-1",0
"TCACGAAGTGGTCCGT-1",1
"TCACGAAGTTGGTGGA-1",3
"TCACGAATCATGCAAC-1",0
"TCACGAATCCCGACTT-1",1
"TCACGAATCCTCGCAT-1",4
"TCACGAATCGTCACGG-1",2
"TCAGATGAGGTGCACA-1",0
"TCAGATGGTCTTGTCC-1",4
"TCAGATGGTGCCTGCA-1",0
"TCAGATGGTGCTGTAT-1",0
"TCAGATGTCAGTTTGG-1",1
"TCAGATGTCGCATGAT-1",1
"TCAGATGTCTCCTATA-1",0
"TCAGCAAAGGAGTCTG-1",6
"TCAGCAAAGGCTCATT-1",4
"TCAGCAAAGTACGACG-1",0
"TCAGCAAAGTGGCACA-1",5
"TCAGCAACACGCATCG-1",4
"TCAGCAAGTACCGGCT-1",2
"TCAGCAATCAGCGATT-1",1
"TCAGCAATCGGAAACG-1",2
"TCAGCAATCTTCAACT-1",4
"TCAGCTCAGGTGTTAA-1",2
"TCAGCTCAGTATGACA-1",5
"TCAGCTCCAATCTGCA-1",1
"TCAGCTCCACGGTTTA-1",1
"TCAGCTCGTAATAGCA-1",1
"TCAGCTCGTCCGTCAG-1",2
"TCAGCTCGTTCACGGC-1",0
"TCAGCTCTCACGATGT-1",3
"TCAGCTCTCATGCATG-1",4
"TCAGCTCTCCTAAGTG-1",1
"TCAGCTCTCTCGTATT-1",1
"TCAGGATAGACAGAGA-1",0
"TCAGGATAGATATGGT-1",6
"TCAGGATCAAACGTGG-1",1
"TCAGGATCAAGTTCTG-1",0
"TCAGGATCACGGTGTC-1",0
"TCAGGATCACTGTGTA-1",2
"TCAGGATCAGCATACT-1",1
"TCAGGATCATCTGGTA-1",3
"TCAGGATGTAAGCACG-1",2
"TCAGGATGTGGCCCTA-1",0
"TCAGGATTCCGATATG-1",1
"TCAGGATTCTCGATGA-1",10
"TCAGGTAAGATGGCGT-1",0
"TCAGGTAAGTGTTTGC-1",0
"TCAGGTACACAAGTAA-1",2
"TCAGGTACACAGAGGT-1",2
"TCAGGTACAGCTGCTG-1",5
"TCAGGTAGTAAACGCG-1",5
"TCATTACAGAAACCAT-1",2
"TCATTACAGGAGTTGC-1",1
"TCATTACAGTTGCAGG-1",3
"TCATTACCACATCCAA-1",3
"TCATTACCAGTCAGCC-1",4
"TCATTACGTACGCACC-1",2
"TCATTACGTCTAGAGG-1",2
"TCATTACGTGAAGGCT-1",2
"TCATTACGTTCTGTTT-1",2
"TCATTACTCATCGATG-1",2
"TCATTTGAGCCAGTTT-1",2
"TCATTTGCACGTCTCT-1",0
"TCATTTGCAGTTAACC-1",0
"TCATTTGTCCAGAGGA-1",3
"TCATTTGTCCCTTGCA-1",4
"TCATTTGTCCGTCAAA-1",0
"TCATTTGTCGCTAGCG-1",1
"TCATTTGTCGTACGGC-1",0
"TCATTTGTCTCTGCTG-1",0
"TCCACACCAAAGAATC-1",0
"TCCACACCACGCCAGT-1",3
"TCCACACGTACAGCAG-1",9
"TCCACACGTAGCCTAT-1",6
"TCCACACGTCATCGGC-1",3
"TCCACACGTGACCAAG-1",2
"TCCACACGTGCGAAAC-1",0
"TCCACACTCAACACCA-1",1
"TCCACACTCCAGTATG-1",1
"TCCACACTCCCATTTA-1",0
"TCCACACTCGAACTGT-1",4
"TCCCGATAGAAGAAGC-1",0
"TCCCGATAGCACAGGT-1",1
"TCCCGATAGCCGGTAA-1",2
"TCCCGATCAAGGTTCT-1",1
"TCCCGATCAGCCAATT-1",1
"TCCCGATCATCCAACA-1",4
"TCCCGATGTAAGGATT-1",1
"TCCCGATGTCAATACC-1",3
"TCCCGATTCAGAAATG-1",1
"TCCCGATTCAGTCCCT-1",1
"TCCCGATTCATCTGTT-1",0
"TCCCGATTCCCTAATT-1",2
"TCCCGATTCTGGAGCC-1",0
"TCGAGGCAGCGATGAC-1",0
"TCGAGGCAGTGTTTGC-1",4
"TCGAGGCCAAAGAATC-1",11
"TCGAGGCCAAGTTCTG-1",0
"TCGAGGCCAGTAACGG-1",3
"TCGAGGCGTATATCCG-1",0
"TCGAGGCTCGCAAGCC-1",4
"TCGAGGCTCTTGAGAC-1",2
"TCGAGGCTCTTTCCTC-1",0
"TCGCGAGAGACAAAGG-1",3
"TCGCGAGAGTGAATTG-1",4
"TCGCGAGCAAGCGTAG-1",0
"TCGCGAGCACCGAATT-1",2
"TCGCGAGCAGTAAGAT-1",0
"TCGCGAGTCCACGAAT-1",0
"TCGCGAGTCTAGCACA-1",1
"TCGCGAGTCTCTAGGA-1",0
"TCGCGAGTCTTCATGT-1",0
"TCGCGTTAGTGGGCTA-1",1
"TCGCGTTCACAGGCCT-1",0
"TCGCGTTCATCACAAC-1",0
"TCGCGTTCATCTCGCT-1",0
"TCGCGTTGTTCACCTC-1",1
"TCGCGTTTCAAGATCC-1",0
"TCGCGTTTCAGGTAAA-1",2
"TCGCGTTTCATTCACT-1",2
"TCGCGTTTCCTGTACC-1",1
"TCGCGTTTCGCCCTTA-1",3
"TCGGGACCACACATGT-1",1
"TCGGGACTCCTTGCCA-1",4
"TCGGGACTCTGCGGCA-1",4
"TCGGGACTCTTGTCAT-1",1
"TCGGTAAAGACAGGCT-1",0
"TCGGTAAAGCTCAACT-1",1
"TCGGTAACAAGCTGAG-1",0
"TCGGTAACAGGAATGC-1",2
"TCGGTAAGTATATGGA-1",1
"TCGGTAAGTCTAGTCA-1",0
"TCGGTAATCCCGGATG-1",1
"TCGTACCAGCAGGCTA-1",0
"TCGTACCAGTTTCCTT-1",1
"TCGTACCGTTTGCATG-1",2
"TCGTACCTCGGGAGTA-1",0
"TCGTAGAAGCTAACTC-1",9
"TCGTAGAAGGCGACAT-1",7
"TCGTAGAAGGGAACGG-1",3
"TCGTAGAAGTCCATAC-1",3
"TCGTAGACAATCCAAC-1",0
"TCGTAGACACTCAGGC-1",0
"TCGTAGAGTATGAATG-1",2
"TCGTAGAGTGAGCGAT-1",3
"TCGTAGAGTGTGTGCC-1",2
"TCGTAGAGTTCAACCA-1",0
"TCGTAGAGTTCCATGA-1",0
"TCGTAGATCCAAGCCG-1",5
"TCGTAGATCTTAGCCC-1",1
"TCTATTGAGCGATTCT-1",1
"TCTATTGAGTGCCATT-1",1
"TCTATTGCACATCTTT-1",3
"TCTATTGGTAAGTGTA-1",2
"TCTATTGGTCCAACTA-1",0
"TCTATTGGTCTGCCAG-1",2
"TCTATTGGTTGCTCCT-1",3
"TCTATTGTCGGCGCTA-1",0
"TCTCATAAGCTAAACA-1",1
"TCTCATAAGCTAGTCT-1",0
"TCTCATAAGTGCCATT-1",1
"TCTCATAGTACCGGCT-1",1
"TCTCATAGTGTAAGTA-1",0
"TCTCATATCAAGCCTA-1",5
"TCTCATATCACCTTAT-1",0
"TCTCATATCCTGTACC-1",2
"TCTCTAAAGACCGGAT-1",4
"TCTCTAAAGGGTGTTG-1",2
"TCTCTAACAGCCTATA-1",1
"TCTCTAAGTCCAGTAT-1",1
"TCTCTAAGTCCATGAT-1",3
"TCTCTAAGTCTCATCC-1",0
"TCTCTAAGTGGAAAGA-1",11
"TCTCTAATCAAACCAC-1",0
"TCTCTAATCAACGCTA-1",4
"TCTCTAATCACAGGCC-1",1
"TCTCTAATCACATACG-1",8
"TCTCTAATCCGTAGGC-1",2
"TCTCTAATCGTATCAG-1",1
"TCTGAGACAAACCTAC-1",2
"TCTGAGACACGGATAG-1",2
"TCTGAGACAGAGTGTG-1",3
"TCTGAGAGTAAGGGAA-1",1
"TCTGAGATCCTTGACC-1",0
"TCTGAGATCTATCCTA-1",1
"TCTGGAAAGCGATGAC-1",2
"TCTGGAAAGCTAGTTC-1",3
"TCTGGAAAGCTCTCGG-1",4
"TCTGGAAAGGAGCGAG-1",0
"TCTGGAACACAAGACG-1",3
"TCTGGAACACACTGCG-1",2
"TCTGGAACACTTCTGC-1",4
"TCTGGAAGTGAGTATA-1",0
"TCTGGAATCTGTCTAT-1",0
"TCTTCGGAGGTTCCTA-1",1
"TCTTCGGAGTTCGATC-1",6
"TCTTCGGCAAAGCAAT-1",0
"TCTTCGGCAAAGGTGC-1",5
"TCTTCGGCAATAGCAA-1",0
"TCTTCGGCAATGTAAG-1",4
"TCTTCGGCACACCGAC-1",0
"TCTTCGGCAGCCAATT-1",3
"TCTTCGGGTCATTAGC-1",0
"TCTTCGGTCGTAGGTT-1",0
"TCTTCGGTCTCTAAGG-1",2
"TCTTTCCAGAGAGCTC-1",3
"TCTTTCCAGTCATCCA-1",1
"TCTTTCCCATCTCCCA-1",2
"TCTTTCCGTAATCACC-1",2
"TCTTTCCGTAGTACCT-1",2
"TCTTTCCTCACAACGT-1",1
"TCTTTCCTCAGCTGGC-1",1
"TCTTTCCTCCAAGTAC-1",0
"TCTTTCCTCCTCGCAT-1",6
"TGAAAGAAGCTAAGAT-1",6
"TGAAAGACAAGCCGTC-1",2
"TGAAAGACACATTCGA-1",1
"TGAAAGACATGAGCGA-1",1
"TGAAAGAGTCTAGCGC-1",3
"TGAAAGAGTCTCATCC-1",3
"TGAAAGATCCCGACTT-1",1
"TGAAAGATCTATGTGG-1",1
"TGACAACCAAGCGAGT-1",1
"TGACAACGTAGGGACT-1",1
"TGACAACGTGCGCTTG-1",0
"TGACAACGTGGTTTCA-1",0
"TGACAACTCACAAACC-1",0
"TGACAACTCCACGTGG-1",1
"TGACAACTCGAATGCT-1",2
"TGACGGCAGCGCCTCA-1",0
"TGACGGCAGGCTCAGA-1",2
"TGACGGCAGTCAAGCG-1",0
"TGACGGCCACAGACTT-1",0
"TGACGGCGTCATCCCT-1",0
"TGACGGCTCAGGCGAA-1",9
"TGACGGCTCCACTGGG-1",1
"TGACTAGAGACCCACC-1",4
"TGACTAGAGGGCATGT-1",2
"TGACTAGAGTCTCAAC-1",1
"TGACTAGAGTTGAGAT-1",0
"TGACTAGCAGCATACT-1",1
"TGACTAGCAGTCAGAG-1",2
"TGACTAGCATTTCACT-1",1
"TGACTAGGTAAATACG-1",2
"TGACTAGGTGAAAGAG-1",0
"TGACTAGGTGCAGTAG-1",1
"TGACTAGTCATGCATG-1",3
"TGACTAGTCCATGCTC-1",3
"TGACTAGTCTGTTGAG-1",2
"TGACTTTAGAACAATC-1",5
"TGACTTTAGTCTCGGC-1",4
"TGACTTTAGTTAGGTA-1",0
"TGACTTTCAGTCCTTC-1",1
"TGACTTTCATTATCTC-1",5
"TGACTTTGTCACACGC-1",1
"TGACTTTTCCTCAATT-1",0
"TGACTTTTCTGCCCTA-1",2
"TGAGAGGAGGCTCATT-1",1
"TGAGAGGCAAAGTCAA-1",3
"TGAGAGGCAAGCCATT-1",0
"TGAGAGGCACCATGTA-1",1
"TGAGAGGGTCACTGGC-1",2
"TGAGAGGGTCTAAACC-1",1
"TGAGAGGTCGAACTGT-1",1
"TGAGAGGTCGCGTTTC-1",1
"TGAGAGGTCTGACCTC-1",1
"TGAGCATAGAAACGAG-1",6
"TGAGCATAGAAGCCCA-1",1
"TGAGCATAGATGTCGG-1",0
"TGAGCATAGGAATGGA-1",2
"TGAGCATCACCAGGCT-1",1
"TGAGCATCAGATGAGC-1",0
"TGAGCATCAGCGTAAG-1",0
"TGAGCATCAGCTGTAT-1",1
"TGAGCATGTGGCCCTA-1",1
"TGAGCATTCCACGTTC-1",2
"TGAGCATTCCGATATG-1",3
"TGAGCATTCGGCCGAT-1",2
"TGAGCCGCATCGGGTC-1",3
"TGAGCCGGTCGAACAG-1",3
"TGAGCCGGTGTAATGA-1",2
"TGAGCCGGTTGATTCG-1",1
"TGAGCCGTCATCTGCC-1",0
"TGAGCCGTCGTCACGG-1",2
"TGAGCCGTCTTGAGGT-1",2
"TGAGGGAAGAGACTAT-1",3
"TGAGGGAAGGAGTACC-1",1
"TGAGGGAAGTCATCCA-1",0
"TGAGGGAAGTCATGCT-1",5
"TGAGGGACACCAGTTA-1",0
"TGAGGGACATAAGACA-1",2
"TGAGGGAGTAAACGCG-1",0
"TGAGGGAGTTAGGGTG-1",2
"TGAGGGATCAACGGGA-1",1
"TGAGGGATCTAGCACA-1",2
"TGAGGGATCTCTTATG-1",1
"TGATTTCCATCCGGGT-1",1
"TGATTTCGTAGGCATG-1",0
"TGATTTCGTTAAGACA-1",6
"TGATTTCTCTGATTCT-1",0
"TGCACCTAGACCTTTG-1",9
"TGCACCTAGGACGAAA-1",0
"TGCACCTCAAGTTGTC-1",3
"TGCACCTCAATAGAGT-1",7
"TGCACCTCATCCGGGT-1",1
"TGCACCTGTAATCACC-1",1
"TGCACCTGTCACACGC-1",6
"TGCACCTTCACGGTTA-1",4
"TGCACCTTCATCGGAT-1",1
"TGCACCTTCCGCGGTA-1",0
"TGCACCTTCGAACTGT-1",3
"TGCACCTTCTCTTGAT-1",1
"TGCCAAACAATGTAAG-1",1
"TGCCAAACAATTCCTT-1",6
"TGCCAAAGTTCGCGAC-1",1
"TGCCAAATCCAAACTG-1",4
"TGCCAAATCCCTGACT-1",0
"TGCCAAATCGGCGGTT-1",2
"TGCCCATAGACTAGGC-1",5
"TGCCCATAGCGTCAAG-1",0
"TGCCCATAGCGTGAAC-1",3
"TGCCCATAGCTGTTCA-1",0
"TGCCCATAGGATGGAA-1",4
"TGCCCATAGTACGCCC-1",1
"TGCCCATAGTTGAGTA-1",4
"TGCCCATCACCAGGTC-1",1
"TGCCCATCACGAAATA-1",0
"TGCCCATCAGGACGTA-1",5
"TGCCCATCATGGAATA-1",1
"TGCCCATCATGGATGG-1",2
"TGCCCATGTAGCCTCG-1",1
"TGCCCATTCAAACCGT-1",6
"TGCCCATTCAGGCCCA-1",0
"TGCCCATTCCTTCAAT-1",2
"TGCCCATTCGGAAATA-1",3
"TGCCCTAAGGTCGGAT-1",0
"TGCCCTAAGGTTCCTA-1",1
"TGCCCTACACCACCAG-1",7
"TGCCCTACAGCCACCA-1",2
"TGCCCTACAGTGAGTG-1",2
"TGCCCTAGTCCGAGTC-1",4
"TGCCCTAGTGGTTTCA-1",0
"TGCCCTAGTTTCGCTC-1",2
"TGCCCTATCGACGGAA-1",1
"TGCCCTATCTTCGGTC-1",2
"TGCGCAGAGACTAGGC-1",1
"TGCGCAGAGCACACAG-1",2
"TGCGCAGAGCGTCTAT-1",2
"TGCGCAGAGGAGCGAG-1",3
"TGCGCAGCAAACGTGG-1",7
"TGCGCAGCAGCTCGCA-1",2
"TGCGCAGCAGTAGAGC-1",1
"TGCGCAGTCCTACAGA-1",0
"TGCGGGTAGAGACTTA-1",5
"TGCGGGTAGATCGATA-1",1
"TGCGGGTAGCTCTCGG-1",0
"TGCGGGTAGGTGTGGT-1",2
"TGCGGGTAGTACTTGC-1",0
"TGCGGGTCAATGGAAT-1",1
"TGCGGGTCACACGCTG-1",0
"TGCGGGTCATTGGGCC-1",0
"TGCGGGTGTAGAAAGG-1",1
"TGCGGGTGTCACCTAA-1",1
"TGCGGGTGTCAGATAA-1",8
"TGCGGGTGTTAGAACA-1",4
"TGCGGGTTCAGTTCGA-1",2
"TGCGGGTTCGTAGATC-1",1
"TGCGGGTTCTCTTGAT-1",0
"TGCGTGGAGACGCAAC-1",0
"TGCGTGGAGACTGGGT-1",1
"TGCGTGGAGTGAACGC-1",1
"TGCGTGGCAATTCCTT-1",1
"TGCGTGGGTGCACCAC-1",1
"TGCGTGGTCCGCGCAA-1",3
"TGCGTGGTCGCCCTTA-1",0
"TGCGTGGTCTGGCGAC-1",0
"TGCTACCAGAAAGTGG-1",4
"TGCTACCAGATGGCGT-1",0
"TGCTACCAGCAAATCA-1",0
"TGCTACCAGTCCGTAT-1",3
"TGCTACCCAAGAGGCT-1",1
"TGCTACCCACTTAACG-1",1
"TGCTACCCATCGTCGG-1",3
"TGCTACCCATGGTTGT-1",8
"TGCTACCGTGTGACGA-1",1
"TGCTACCTCCTCGCAT-1",1
"TGCTACCTCTTCTGGC-1",0
"TGCTGCTAGACTAAGT-1",1
"TGCTGCTAGGTGATAT-1",4
"TGCTGCTCAATAGAGT-1",1
"TGCTGCTCACAGACAG-1",3
"TGCTGCTCATCCCATC-1",1
"TGCTGCTCATGGTTGT-1",3
"TGCTGCTGTCATACTG-1",2
"TGCTGCTGTGAAGGCT-1",1
"TGCTGCTTCATTGCGA-1",0
"TGGACGCAGAGGTACC-1",0
"TGGACGCAGTCAAGGC-1",0
"TGGACGCCACAGAGGT-1",5
"TGGACGCCATGGTAGG-1",2
"TGGACGCGTCCGAACC-1",2
"TGGACGCGTCTCCCTA-1",0
"TGGCCAGAGAAGGTGA-1",1
"TGGCCAGAGAGTACAT-1",0
"TGGCCAGAGGCGATAC-1",0
"TGGCCAGAGGCGTACA-1",2
"TGGCCAGCAACTGCGC-1",1
"TGGCCAGCACGACTCG-1",2
"TGGCCAGGTCAATACC-1",0
"TGGCCAGTCGTAGATC-1",6
"TGGCCAGTCTATCCCG-1",5
"TGGCGCAAGCTACCTA-1",0
"TGGCGCAAGCTATGCT-1",1
"TGGCGCAAGTGTGGCA-1",2
"TGGCGCAAGTTACCCA-1",4
"TGGCGCACACAGGCCT-1",2
"TGGCGCACACGGATAG-1",1
"TGGCGCACAGCGATCC-1",0
"TGGCGCACATAGGATA-1",0
"TGGCGCACATATACGC-1",3
"TGGCGCAGTACTCTCC-1",0
"TGGCGCAGTGGACGAT-1",2
"TGGCGCAGTTATGTGC-1",2
"TGGCGCATCAAGAAGT-1",1
"TGGCGCATCATGCTCC-1",0
"TGGCGCATCATGTGGT-1",6
"TGGCGCATCATTATCC-1",2
"TGGCGCATCGTGGTCG-1",5
"TGGCTGGAGCGGATCA-1",6
"TGGCTGGAGTGCAAGC-1",2
"TGGCTGGCAAGTTAAG-1",0
"TGGCTGGCACGGATAG-1",0
"TGGCTGGCAGGAACGT-1",0
"TGGCTGGGTCGAGTTT-1",0
"TGGCTGGGTCGGCATC-1",1
"TGGCTGGGTCTAGCCG-1",3
"TGGCTGGGTTACGCGC-1",1
"TGGCTGGGTTGGACCC-1",2
"TGGCTGGTCTCGTTTA-1",0
"TGGGAAGAGATATACG-1",1
"TGGGAAGAGCCCAATT-1",0
"TGGGAAGAGCGCTCCA-1",2
"TGGGAAGAGGGCTTCC-1",4
"TGGGAAGAGTAAGTAC-1",4
"TGGGAAGAGTTAACGA-1",0
"TGGGAAGCAAGGTGTG-1",2
"TGGGAAGCAGATCCAT-1",3
"TGGGAAGCAGCGAACA-1",1
"TGGGAAGGTAAGTTCC-1",0
"TGGGAAGGTTAGATGA-1",8
"TGGGAAGGTTATTCTC-1",8
"TGGGAAGTCCCAAGAT-1",1
"TGGGAAGTCCTTCAAT-1",1
"TGGGAAGTCGTGGACC-1",8
"TGGGAAGTCTCCTATA-1",1
"TGGGCGTAGTCTCCTC-1",1
"TGGGCGTCAGACGTAG-1",1
"TGGGCGTCAGGGATTG-1",2
"TGGGCGTGTCCAAGTT-1",0
"TGGGCGTGTCTAGAGG-1",3
"TGGGCGTGTGGCTCCA-1",1
"TGGGCGTGTTTCGCTC-1",1
"TGGGCGTTCAGCTTAG-1",0
"TGGTTAGAGCTACCTA-1",4
"TGGTTAGAGTTAGGTA-1",0
"TGGTTAGGTGATGATA-1",0
"TGGTTAGGTTCACGGC-1",3
"TGGTTAGTCCCGACTT-1",0
"TGGTTAGTCTTGTATC-1",4
"TGGTTCCAGCCGTCGT-1",2
"TGGTTCCAGTAATCCC-1",3
"TGGTTCCCAAGTTGTC-1",16
"TGGTTCCCAGACAAAT-1",1
"TGGTTCCCAGACAGGT-1",1
"TGGTTCCCAGCTCGAC-1",2
"TGGTTCCCATGTCCTC-1",3
"TGGTTCCCATTTCACT-1",2
"TGGTTCCGTCCAAGTT-1",5
"TGGTTCCTCACATACG-1",1
"TGGTTCCTCAGCTTAG-1",0
"TGGTTCCTCTAACTTC-1",1
"TGGTTCCTCTAGAGTC-1",2
"TGGTTCCTCTGGGCCA-1",1
"TGTATTCAGCCCGAAA-1",0
"TGTATTCAGCGATCCC-1",2
"TGTATTCCAGGGCATA-1",1
"TGTATTCGTAAGAGAG-1",1
"TGTATTCGTTTGTTTC-1",1
"TGTATTCTCAGCATGT-1",0
"TGTATTCTCATCTGTT-1",3
"TGTCCCAAGCAGATCG-1",2
"TGTCCCAAGCTAGTTC-1",0
"TGTCCCAAGCTGAACG-1",6
"TGTCCCAAGTTGTCGT-1",1
"TGTCCCACAGTAAGCG-1",1
"TGTCCCACATCACGTA-1",3
"TGTCCCAGTAAGAGGA-1",0
"TGTCCCAGTAAGTGGC-1",3
"TGTCCCAGTCGGATCC-1",5
"TGTCCCAGTCTCTTTA-1",1
"TGTCCCATCATTTGGG-1",1
"TGTCCCATCTGCAAGT-1",2
"TGTCCCATCTGCGTAA-1",4
"TGTGGTAGTCCCGACA-1",7
"TGTGGTAGTGTGAAAT-1",6
"TGTGGTAGTGTGACGA-1",0
"TGTGGTATCCAGGGCT-1",0
"TGTGGTATCTTGCATT-1",3
"TGTGTTTAGAGGTTAT-1",2
"TGTGTTTAGCGTGAGT-1",3
"TGTGTTTAGTGCGTGA-1",4
"TGTGTTTCATGCGCAC-1",0
"TGTGTTTTCTCATTCA-1",5
"TGTGTTTTCTTTCCTC-1",0
"TGTTCCGAGAGCAATT-1",0
"TGTTCCGAGCAACGGT-1",1
"TGTTCCGAGGAATTAC-1",1
"TGTTCCGAGGACTGGT-1",2
"TGTTCCGCAGTGAGTG-1",0
"TGTTCCGGTGAGTATA-1",2
"TGTTCCGTCAAGCCTA-1",6
"TGTTCCGTCAGTTCGA-1",15
"TGTTCCGTCGGCGGTT-1",1
"TGTTCCGTCTGAAAGA-1",5
"TGTTCCGTCTGGTATG-1",2
"TTAACTCAGTGTACGG-1",3
"TTAACTCCAAGCGCTC-1",1
"TTAACTCCAGGCAGTA-1",2
"TTAACTCGTTCCACAA-1",1
"TTAACTCTCATAAAGG-1",2
"TTAACTCTCCCTCAGT-1",0
"TTAGGACAGCAGGCTA-1",3
"TTAGGACAGCTCTCGG-1",8
"TTAGGACCAAGCCATT-1",0
"TTAGGACCAGTCAGAG-1",1
"TTAGGACGTTTGTTTC-1",0
"TTAGGCAAGAAGATTC-1",3
"TTAGGCAAGAGCCCAA-1",1
"TTAGGCAAGAGTGACC-1",3
"TTAGGCAAGGTTCCTA-1",8
"TTAGGCAAGTCGTTTG-1",2
"TTAGGCAAGTGTACCT-1",0
"TTAGGCACAGACGCTC-1",0
"TTAGGCACATGTTCCC-1",1
"TTAGGCAGTAAGGATT-1",3
"TTAGGCAGTAAGTAGT-1",6
"TTAGGCAGTCTTGATG-1",2
"TTAGGCATCACGCATA-1",6
"TTAGGCATCAGTCAGT-1",3
"TTAGGCATCCAGTATG-1",1
"TTAGGCATCGTTACGA-1",0
"TTAGTTCAGGTGCAAC-1",1
"TTAGTTCCAATGTAAG-1",1
"TTAGTTCCATCCTTGC-1",1
"TTAGTTCGTAGCCTAT-1",1
"TTAGTTCGTGCAGACA-1",1
"TTAGTTCGTGTCAATC-1",3
"TTAGTTCGTTGCCTCT-1",6
"TTAGTTCTCAGGCCCA-1",8
"TTAGTTCTCGCAGGCT-1",7
"TTAGTTCTCTACTATC-1",0
"TTATGCTAGAATGTGT-1",0
"TTATGCTAGCACACAG-1",1
"TTATGCTAGCAGCCTC-1",2
"TTATGCTAGTCCCACG-1",1
"TTATGCTAGTGGTAAT-1",2
"TTATGCTCAGCCAGAA-1",1
"TTATGCTCATACCATG-1",1
"TTATGCTCATGTAGTC-1",1
"TTATGCTGTCCGAGTC-1",8
"TTATGCTTCGATAGAA-1",0
"TTCCCAGAGAATTCCC-1",2
"TTCCCAGAGACTAGAT-1",4
"TTCCCAGAGTATCGAA-1",2
"TTCCCAGCAGATGGGT-1",2
"TTCCCAGCATCAGTAC-1",3
"TTCCCAGCATCTCCCA-1",3
"TTCCCAGCATTACCTT-1",1
"TTCCCAGTCAACACTG-1",3
"TTCCCAGTCGAGAGCA-1",0
"TTCGAAGAGTCTCAAC-1",0
"TTCGAAGCAAGCGCTC-1",2
"TTCGAAGCACATTAGC-1",5
"TTCGAAGCACGGTGTC-1",0
"TTCGGTCAGAGGACGG-1",2
"TTCGGTCAGCACACAG-1",3
"TTCGGTCAGGCCCTCA-1",1
"TTCGGTCAGTGAATTG-1",1
"TTCGGTCAGTTGAGAT-1",2
"TTCGGTCCAAGGGTCA-1",3
"TTCGGTCCACGTCAGC-1",0
"TTCGGTCGTAACGTTC-1",3
"TTCGGTCGTAGAGTGC-1",0
"TTCGGTCGTTCATGGT-1",0
"TTCGGTCGTTCTGTTT-1",2
"TTCGGTCTCAAAGACA-1",2
"TTCGGTCTCCAGTATG-1",1
"TTCGGTCTCGCGTTTC-1",3
"TTCGGTCTCGTCTGAA-1",0
"TTCTACAAGACTAAGT-1",2
"TTCTACAAGCAGCCTC-1",0
"TTCTACAAGCCTTGAT-1",1
"TTCTACAAGGCAGGTT-1",4
"TTCTACAAGGTAAACT-1",0
"TTCTACAAGTTAGGTA-1",5
"TTCTACACACGTGAGA-1",1
"TTCTACACAGCTGTTA-1",1
"TTCTACACATCGATTG-1",3
"TTCTACACATTACGAC-1",3
"TTCTACAGTACCGTTA-1",1
"TTCTACAGTATATGAG-1",0
"TTCTACAGTGGCTCCA-1",1
"TTCTACATCAACGGGA-1",1
"TTCTACATCCGCGTTT-1",0
"TTCTCAAAGAAAGTGG-1",4
"TTCTCAAAGAATCTCC-1",1
"TTCTCAAAGAGGTTAT-1",1
"TTCTCAAAGCAGCCTC-1",0
"TTCTCAAAGCCGCCTA-1",1
"TTCTCAAAGTCAATAG-1",3
"TTCTCAAAGTTGAGAT-1",5
"TTCTCAACACCCAGTG-1",6
"TTCTCAACATTGTGCA-1",1
"TTCTCAAGTATAAACG-1",2
"TTCTCAAGTCCCTTGT-1",0
"TTCTCAAGTCGAGATG-1",0
"TTCTCAATCATCGCTC-1",2
"TTCTCAATCCCTAACC-1",5
"TTCTCAATCGTAGGAG-1",5
"TTCTCCTAGAGTAAGG-1",2
"TTCTCCTAGCGACGTA-1",6
"TTCTCCTAGCGTGAGT-1",3
"TTCTCCTAGTCTCGGC-1",1
"TTCTCCTCAACACGCC-1",1
"TTCTCCTCAATAACGA-1",3
"TTCTCCTGTTAAGAAC-1",2
"TTCTCCTTCAGTTCGA-1",1
"TTCTCCTTCCGTAGGC-1",5
"TTCTCCTTCCTTTCTC-1",5
"TTCTCCTTCTGCAAGT-1",2
"TTCTCCTTCTTCAACT-1",2
"TTCTCCTTCTTGTACT-1",2
"TTCTTAGAGGACTGGT-1",1
"TTCTTAGCAAGGTGTG-1",2
"TTCTTAGCATCGGAAG-1",1
"TTCTTAGGTAGAAGGA-1",0
"TTCTTAGGTCATATGC-1",1
"TTCTTAGTCAGTTCGA-1",2
"TTGAACGGTCACTTCC-1",5
"TTGAACGTCATGTCCC-1",1
"TTGACTTAGCCACGTC-1",1
"TTGACTTAGCGACGTA-1",3
"TTGACTTAGTTAACGA-1",3
"TTGACTTCACTTACGA-1",0
"TTGACTTGTCTCTCTG-1",0
"TTGACTTGTGCGATAG-1",0
"TTGACTTTCCAGAGGA-1",4
"TTGACTTTCTGTCCGT-1",1
"TTGCCGTAGGAGCGTT-1",1
"TTGCCGTAGGTGGGTT-1",2
"TTGCCGTCATGGTCAT-1",1
"TTGCCGTGTACAGACG-1",1
"TTGCGTCAGACAGAGA-1",4
"TTGCGTCAGCTCCTTC-1",1
"TTGCGTCAGTCCATAC-1",5
"TTGCGTCAGTGAATTG-1",1
"TTGCGTCCAAATTGCC-1",1
"TTGCGTCCACTGTGTA-1",0
"TTGCGTCCAGTCACTA-1",0
"TTGCGTCGTCTGATTG-1",0
"TTGGAACAGCCCAATT-1",1
"TTGGAACAGCGTCTAT-1",4
"TTGGAACAGGCGTACA-1",0
"TTGGAACGTATTACCG-1",1
"TTGGAACGTGTGTGCC-1",0
"TTGGAACTCCCATTAT-1",0
"TTGGAACTCCGTAGTA-1",0
"TTGGAACTCGTCCAGG-1",1
"TTGGCAAAGTTAGGTA-1",5
"TTGGCAAGTATAGGTA-1",3
"TTGGCAATCACATGCA-1",0
"TTGGCAATCAGAGCTT-1",4
"TTGGCAATCGCATGAT-1",1
"TTGGCAATCTAGAGTC-1",7
"TTGTAGGAGGTGCTAG-1",0
"TTGTAGGCACACGCTG-1",3
"TTGTAGGGTCTCCCTA-1",0
"TTGTAGGGTGGTAACG-1",3
"TTGTAGGTCGGCGCTA-1",1
"TTGTAGGTCTGCCAGG-1",2
"TTTACTGAGATCACGG-1",0
"TTTACTGCAAAGCAAT-1",2
"TTTACTGCACATGGGA-1",3
"TTTACTGCACCACGTG-1",1
"TTTACTGCATGGGACA-1",1
"TTTACTGCATGTCCTC-1",3
"TTTACTGGTAACGTTC-1",1
"TTTACTGGTGGTGTAG-1",2
"TTTACTGGTTCGCTAA-1",0
"TTTACTGTCTGGAGCC-1",7
"TTTATGCAGACTGTAA-1",0
"TTTATGCAGATGCGAC-1",3
"TTTATGCAGGCAAAGA-1",2
"TTTATGCAGGCCCGTT-1",1
"TTTATGCAGTTCCACA-1",6
"TTTATGCCAAACGCGA-1",4
"TTTATGCCAATCTGCA-1",4
"TTTATGCCACAGGTTT-1",1
"TTTATGCCAGCCAATT-1",2
"TTTATGCCAGGTCGTC-1",0
"TTTATGCCATGGTCAT-1",0
"TTTATGCTCACATAGC-1",2
"TTTATGCTCACCTTAT-1",5
"TTTATGCTCGGCGGTT-1",0
"TTTATGCTCTCGCTTG-1",0
"TTTCCTCAGCGTGAAC-1",0
"TTTCCTCAGGACTGGT-1",3
"TTTCCTCCAAAGTGCG-1",0
"TTTCCTCCAGGAATGC-1",1
"TTTCCTCCATTAGCCA-1",3
"TTTCCTCGTCCGAAGA-1",0
"TTTCCTCGTCGCTTTC-1",3
"TTTCCTCTCGGCCGAT-1",1
"TTTCCTCTCGTGTAGT-1",2
"TTTGCGCAGCTAAACA-1",2
"TTTGCGCAGCTAGTCT-1",3
"TTTGCGCAGGCCGAAT-1",4
"TTTGCGCAGTCAAGGC-1",1
"TTTGCGCCAAGTAGTA-1",1
"TTTGCGCCAGGTGCCT-1",7
"TTTGCGCGTCTAAACC-1",5
"TTTGCGCTCAAAGTAG-1",1
"TTTGCGCTCATGTAGC-1",2
"TTTGGTTAGAATGTGT-1",1
"TTTGGTTAGACAATAC-1",1
"TTTGGTTAGCGATTCT-1",4
"TTTGGTTAGGCTCAGA-1",1
"TTTGGTTAGTTACCCA-1",3
"TTTGGTTCAAACTGCT-1",3
"TTTGGTTCAAGCTGTT-1",2
"TTTGGTTCAGATCGGA-1",4
"TTTGGTTCATCACAAC-1",0
"TTTGGTTGTACTTCTT-1",4
"TTTGGTTGTATGCTTG-1",3
"TTTGGTTGTGCTTCTC-1",0
"TTTGGTTTCATGCTCC-1",7
"TTTGGTTTCCCTGACT-1",1
"TTTGTCAAGAGTCGGT-1",3
"TTTGTCACAAGTTCTG-1",3
"TTTGTCACAAGTTGTC-1",1
"TTTGTCACACTCTGTC-1",1
"TTTGTCATCACCTTAT-1",2
"TTTGTCATCCATTCTA-1",6
"TTTGTCATCCTTAATC-1",0
"TTTGTCATCTTATCTG-1",1
