"cell_barcode","expression"
"AAACCTGAGACAGAGA-1",5
"AAACCTGAGACTTTCG-1",2
"AAACCTGAGAGTAAGG-1",4
"AAACCTGAGAGTCGGT-1",5
"AAACCTGAGGATGGAA-1",1
"AAACCTGAGTAGATGT-1",1
"AAACCTGCAATCAGAA-1",2
"AAACCTGCACCGATAT-1",4
"AAACCTGCAGACGTAG-1",4
"AAACCTGCAGTATCTG-1",7
"AAACCTGCATAGTAAG-1",4
"AAACCTGCATGAACCT-1",2
"AAACCTGGTAAGAGGA-1",3
"AAACCTGGTCCAACTA-1",26
"AAACCTGTCCGTAGTA-1",12
"AAACCTGTCGAGAGCA-1",11
"AAACGGGAGTACGACG-1",3
"AAACGGGCAAGGTTTC-1",2
"AAACGGGCACGTCAGC-1",2
"AAACGGGCAGCGTTCG-1",3
"AAACGGGGTAGCCTCG-1",9
"AAACGGGGTCTACCTC-1",18
"AAACGGGGTGCGGTAA-1",6
"AAACGGGGTTGTCGCG-1",7
"AAACGGGTCCATGAGT-1",5
"AAACGGGTCCCAACGG-1",5
"AAACGGGTCCCATTAT-1",5
"AAAGATGCAGTCAGCC-1",4
"AAAGATGCATCTACGA-1",2
"AAAGCAAAGCGTCTAT-1",3
"AAAGCAACATGTCGAT-1",0
"AAAGCAAGTAGCTGCC-1",9
"AAAGCAAGTAGGCATG-1",3
"AAAGCAAGTGCGCTTG-1",5
"AAAGCAAGTTATTCTC-1",4
"AAAGCAATCCGTAGTA-1",5
"AAAGTAGAGATGTGTA-1",1
"AAAGTAGAGTGGGCTA-1",8
"AAAGTAGGTATATGGA-1",10
"AAAGTAGGTGAGCGAT-1",6
"AAAGTAGGTTGAGGTG-1",6
"AAATGCCAGCCCTAAT-1",5
"AAATGCCAGCGTGTCC-1",3
"AAATGCCCAACACCTA-1",2
"AAATGCCGTAGGAGTC-1",6
"AAATGCCGTCTTTCAT-1",0
"AAATGCCGTGGTCCGT-1",1
"AAATGCCGTTCCCGAG-1",5
"AAATGCCTCATAGCAC-1",8
"AAATGCCTCGCTTAGA-1",4
"AACACGTAGAATTCCC-1",14
"AACACGTAGCCCTAAT-1",4
"AACACGTAGGGTGTGT-1",4
"AACACGTCACTGTCGG-1",1
"AACACGTCATCCCATC-1",8
"AACACGTGTGCAACGA-1",9
"AACACGTGTGTCGCTG-1",3
"AACCATGAGCGCTTAT-1",4
"AACCATGGTCCGTTAA-1",2
"AACCATGTCAGTTCGA-1",7
"AACCATGTCATCGATG-1",2
"AACCATGTCCCAAGTA-1",2
"AACCGCGAGAAGCCCA-1",9
"AACCGCGAGACTGGGT-1",4
"AACCGCGAGAGGTACC-1",3
"AACCGCGAGTTAGGTA-1",6
"AACCGCGAGTTGCAGG-1",3
"AACCGCGCACGGTAGA-1",4
"AACCGCGCAGCATGAG-1",1
"AACCGCGCAGCCTGTG-1",2
"AACCGCGCAGCTGTGC-1",5
"AACCGCGCAGTATGCT-1",5
"AACCGCGGTACTTGAC-1",7
"AACCGCGGTCTGCAAT-1",4
"AACCGCGTCACATGCA-1",6
"AACCGCGTCACCGTAA-1",7
"AACCGCGTCCAGAGGA-1",6
"AACCGCGTCCGAAGAG-1",4
"AACCGCGTCGATCCCT-1",2
"AACGTTGAGCGATAGC-1",2
"AACGTTGAGCGATCCC-1",5
"AACGTTGAGCTTATCG-1",2
"AACGTTGCAAGTTGTC-1",3
"AACGTTGCAATAGAGT-1",24
"AACGTTGCAATGGATA-1",3
"AACGTTGCATGGATGG-1",1
"AACGTTGCATTCTCAT-1",7
"AACGTTGTCAACACGT-1",15
"AACGTTGTCGAGGTAG-1",6
"AACGTTGTCGGTCCGA-1",6
"AACTCAGAGAGCTATA-1",4
"AACTCAGAGAGTCGGT-1",7
"AACTCAGAGCCACCTG-1",4
"AACTCAGAGCCCAATT-1",6
"AACTCAGCAAACAACA-1",5
"AACTCAGCACAAGCCC-1",2
"AACTCAGCACGGTTTA-1",6
"AACTCAGCAGGATCGA-1",5
"AACTCAGCATAAAGGT-1",6
"AACTCAGGTTCCACAA-1",9
"AACTCAGTCGTACCGG-1",0
"AACTCCCAGCCCAGCT-1",3
"AACTCCCAGCTAAGAT-1",7
"AACTCCCCAAACGCGA-1",4
"AACTCCCCATGGTCTA-1",4
"AACTCCCGTTGCGCAC-1",4
"AACTCCCTCAAGAAGT-1",16
"AACTCCCTCAAGCCTA-1",9
"AACTCCCTCATCGCTC-1",9
"AACTCCCTCTGCAGTA-1",8
"AACTCCCTCTGGCGTG-1",8
"AACTCTTAGCAGACTG-1",7
"AACTCTTAGTCCGGTC-1",1
"AACTCTTCATGCTAGT-1",0
"AACTCTTGTCGAATCT-1",4
"AACTCTTGTCGGGTCT-1",10
"AACTCTTTCCTCAATT-1",2
"AACTCTTTCTCAAACG-1",1
"AACTCTTTCTCCAGGG-1",4
"AACTCTTTCTCTGCTG-1",3
"AACTGGTAGAAGATTC-1",4
"AACTGGTAGAGACTAT-1",5
"AACTGGTAGCCAACAG-1",3
"AACTGGTAGTGTACTC-1",0
"AACTGGTCACTGAAGG-1",0
"AACTGGTGTCCGAACC-1",1
"AACTGGTTCGGAGCAA-1",5
"AACTGGTTCGTGGGAA-1",4
"AACTGGTTCTGCTTGC-1",1
"AACTTTCAGCGTGAAC-1",2
"AACTTTCAGTATCTCG-1",4
"AACTTTCAGTTTCCTT-1",2
"AACTTTCCATCCTTGC-1",5
"AACTTTCGTCTAGAGG-1",3
"AACTTTCGTCTCTTTA-1",2
"AACTTTCGTTTGTTTC-1",0
"AAGACCTAGGGCTTCC-1",1
"AAGACCTAGTACACCT-1",5
"AAGACCTGTATATGAG-1",7
"AAGACCTGTATCAGTC-1",2
"AAGACCTGTCCGTGAC-1",8
"AAGACCTGTCGAAAGC-1",4
"AAGACCTTCGCCATAA-1",2
"AAGCCGCAGATCTGAA-1",5
"AAGCCGCAGGGTGTTG-1",2
"AAGCCGCAGTGGACGT-1",3
"AAGCCGCAGTGTACTC-1",4
"AAGCCGCCACGCTTTC-1",1
"AAGCCGCCAGGACGTA-1",6
"AAGCCGCGTACAGTTC-1",3
"AAGCCGCGTCATTAGC-1",5
"AAGCCGCTCACGAAGG-1",7
"AAGCCGCTCAGTTAGC-1",4
"AAGCCGCTCGCAAACT-1",5
"AAGCCGCTCGTCGTTC-1",7
"AAGCCGCTCTTACCGC-1",6
"AAGGAGCAGAAACCGC-1",3
"AAGGAGCAGGCATGTG-1",5
"AAGGAGCAGGCGCTCT-1",5
"AAGGAGCAGTTGAGTA-1",5
"AAGGAGCCACGGCGTT-1",3
"AAGGAGCGTAGCGCAA-1",4
"AAGGAGCGTCTGCAAT-1",3
"AAGGAGCTCGTCTGCT-1",3
"AAGGCAGAGAACTGTA-1",9
"AAGGCAGAGAGATGAG-1",3
"AAGGCAGAGGTGATAT-1",0
"AAGGCAGCATAGTAAG-1",6
"AAGGCAGGTACTTCTT-1",0
"AAGGCAGGTGTGCCTG-1",6
"AAGGCAGTCAGATAAG-1",4
"AAGGCAGTCGGAATCT-1",9
"AAGGTTCAGTATCTCG-1",4
"AAGGTTCCATCACGTA-1",25
"AAGGTTCGTATATGGA-1",3
"AAGGTTCGTCCGAATT-1",8
"AAGGTTCGTCGACTAT-1",10
"AAGGTTCGTGTGACCC-1",5
"AAGGTTCTCCGTCATC-1",2
"AAGGTTCTCCTCGCAT-1",5
"AAGGTTCTCTGCGGCA-1",5
"AAGTCTGAGCCATCGC-1",2
"AAGTCTGAGTCAAGCG-1",3
"AAGTCTGCAAAGGAAG-1",15
"AAGTCTGGTCAGCTAT-1",6
"AAGTCTGTCAAACAAG-1",4
"AAGTCTGTCACTGGGC-1",8
"AAGTCTGTCAGCAACT-1",2
"AATCCAGCAAAGTGCG-1",4
"AATCCAGCAGCATACT-1",7
"AATCCAGGTAGGCATG-1",4
"AATCCAGGTCTCCCTA-1",1
"AATCCAGTCCGAATGT-1",20
"AATCGGTAGGCATGGT-1",5
"AATCGGTTCCTGTACC-1",5
"AATCGGTTCGCCGTGA-1",10
"ACACCAAAGATGAGAG-1",3
"ACACCAAAGCCCTAAT-1",3
"ACACCAAAGGATGGTC-1",2
"ACACCAAAGTGTCCAT-1",7
"ACACCAACACTTCGAA-1",0
"ACACCAACAGACGCTC-1",3
"ACACCAACAGCCTATA-1",14
"ACACCAAGTCGCGTGT-1",4
"ACACCAAGTCTAAACC-1",4
"ACACCAAGTTATGTGC-1",2
"ACACCAATCGCGTTTC-1",3
"ACACCCTAGCCAGGAT-1",19
"ACACCCTAGTACTTGC-1",21
"ACACCCTCAAGCGCTC-1",3
"ACACCCTCATCACAAC-1",7
"ACACCCTCATGCCCGA-1",4
"ACACCCTGTCTGGTCG-1",2
"ACACCCTTCCGCAAGC-1",5
"ACACCCTTCCTTGCCA-1",5
"ACACCCTTCTATCCTA-1",5
"ACACCCTTCTGGCGTG-1",2
"ACACCGGAGGCTCAGA-1",3
"ACACCGGAGTGACATA-1",3
"ACACCGGAGTTACCCA-1",8
"ACACCGGCAAGCCGTC-1",5
"ACACCGGCACCAGATT-1",11
"ACACCGGCACCGAAAG-1",11
"ACACCGGCATCACAAC-1",4
"ACACCGGTCCGCATAA-1",3
"ACACCGGTCTCGGACG-1",5
"ACACCGGTCTCTGTCG-1",5
"ACACTGAAGCACGCCT-1",3
"ACACTGAAGGTGATTA-1",5
"ACACTGACAATAGAGT-1",2
"ACACTGACAGACTCGC-1",13
"ACACTGACATCCAACA-1",1
"ACACTGAGTCCGAAGA-1",1
"ACACTGAGTGTTTGTG-1",6
"ACACTGAGTTTGACTG-1",5
"ACAGCCGAGGAATGGA-1",5
"ACAGCCGAGGCCCGTT-1",4
"ACAGCCGAGGTGCTTT-1",2
"ACAGCCGAGTGGTAGC-1",3
"ACAGCCGCATATACGC-1",4
"ACAGCCGCATGCAACT-1",2
"ACAGCCGGTAGGGTAC-1",4
"ACAGCCGGTCGAATCT-1",6
"ACAGCCGGTTCACCTC-1",6
"ACAGCCGGTTCCACTC-1",5
"ACAGCCGTCCAGAAGG-1",5
"ACAGCCGTCTTTACAC-1",5
"ACAGCTAAGCACCGCT-1",2
"ACAGCTAAGTATCTCG-1",4
"ACAGCTAAGTGTTGAA-1",6
"ACAGCTACATCGTCGG-1",5
"ACAGCTAGTCGACTAT-1",4
"ACAGCTAGTGGTACAG-1",4
"ACAGCTATCACCACCT-1",5
"ACAGCTATCTGCTTGC-1",3
"ACATACGAGAGCTTCT-1",2
"ACATACGAGCGTAGTG-1",3
"ACATACGAGCTTCGCG-1",2
"ACATACGAGCTTTGGT-1",4
"ACATACGCAAACGTGG-1",15
"ACATACGCAAGCCTAT-1",6
"ACATACGCATCTCCCA-1",5
"ACATACGCATTCTCAT-1",0
"ACATACGGTAGGAGTC-1",5
"ACATACGGTGCACCAC-1",7
"ACATACGGTGGTTTCA-1",6
"ACATACGTCGTATCAG-1",4
"ACATCAGAGCCACTAT-1",5
"ACATCAGAGCCTTGAT-1",4
"ACATCAGCAACACCCG-1",8
"ACATCAGCAACGATGG-1",7
"ACATCAGCAATTGCTG-1",6
"ACATCAGCACCGGAAA-1",6
"ACATCAGCATAAAGGT-1",1
"ACATCAGCATCCCACT-1",2
"ACATCAGCATTTGCCC-1",12
"ACATCAGGTAAGGATT-1",8
"ACATCAGGTCCGTGAC-1",8
"ACATCAGGTTAAGTAG-1",3
"ACATCAGTCAAACCGT-1",3
"ACATGGTAGCATGGCA-1",4
"ACATGGTAGCTGTTCA-1",3
"ACATGGTCACTTGGAT-1",4
"ACATGGTGTCAGATAA-1",3
"ACATGGTGTCTGCGGT-1",2
"ACATGGTGTGCAACTT-1",4
"ACATGGTTCCGCAAGC-1",8
"ACATGGTTCCTCCTAG-1",3
"ACATGGTTCTGGAGCC-1",6
"ACATGGTTCTTCTGGC-1",1
"ACCAGTAAGATCACGG-1",3
"ACCAGTAAGCTTCGCG-1",6
"ACCAGTACACAGATTC-1",2
"ACCAGTACACAGGCCT-1",4
"ACCAGTACAGTATGCT-1",1
"ACCAGTACAGTCAGAG-1",7
"ACCAGTACAGTTTACG-1",8
"ACCAGTAGTCACCCAG-1",1
"ACCAGTAGTCCATCCT-1",4
"ACCAGTAGTCTTCAAG-1",1
"ACCAGTAGTGGACGAT-1",6
"ACCAGTATCTGCGACG-1",1
"ACCAGTATCTGCTTGC-1",3
"ACCAGTATCTGTTTGT-1",1
"ACCCACTAGAGGTTAT-1",7
"ACCCACTAGATCCCGC-1",13
"ACCCACTAGATGTGTA-1",5
"ACCCACTAGCCCAATT-1",8
"ACCCACTCAAGGGTCA-1",4
"ACCCACTCAAGGTTCT-1",3
"ACCCACTGTAAATGAC-1",3
"ACCCACTGTAGCCTCG-1",3
"ACCCACTGTCAAAGAT-1",5
"ACCCACTGTCAATACC-1",0
"ACCCACTGTGTGGTTT-1",4
"ACCCACTTCGCAAACT-1",4
"ACCCACTTCTGCCAGG-1",4
"ACCGTAACAATCGGTT-1",8
"ACCGTAACAATCTACG-1",9
"ACCGTAACAGGTCCAC-1",2
"ACCGTAAGTACAGCAG-1",2
"ACCGTAAGTCATGCAT-1",3
"ACCGTAAGTGAGTGAC-1",1
"ACCGTAAGTTAAGAAC-1",3
"ACCGTAAGTTCCGTCT-1",2
"ACCGTAATCACATAGC-1",5
"ACCGTAATCATGTGGT-1",4
"ACCGTAATCTGAAAGA-1",3
"ACCTTTACAATCGGTT-1",2
"ACCTTTACACGGACAA-1",3
"ACCTTTACAGCAGTTT-1",5
"ACCTTTACATGCAACT-1",3
"ACCTTTACATTTCAGG-1",9
"ACCTTTAGTGAACCTT-1",6
"ACCTTTAGTTCCACTC-1",8
"ACCTTTATCTCTAGGA-1",10
"ACGAGCCAGGCAGGTT-1",0
"ACGAGCCCACAGGCCT-1",5
"ACGAGCCCATGGAATA-1",5
"ACGAGCCGTGCACGAA-1",3
"ACGAGCCGTGTGACCC-1",1
"ACGAGCCGTTGGTTTG-1",1
"ACGAGCCTCAGTCCCT-1",3
"ACGAGCCTCGCAAACT-1",0
"ACGAGGACACTACAGT-1",5
"ACGAGGACATGTAGTC-1",10
"ACGAGGAGTACACCGC-1",2
"ACGAGGAGTGCCTGCA-1",0
"ACGAGGAGTTCTGAAC-1",3
"ACGAGGATCTGCGGCA-1",3
"ACGATACAGAGTGACC-1",1
"ACGATACAGCGCCTTG-1",2
"ACGATACAGTGATCGG-1",8
"ACGATACCACGTTGGC-1",8
"ACGATACCATTGGGCC-1",3
"ACGATACGTCGAATCT-1",4
"ACGATACTCTGACCTC-1",8
"ACGATGTAGTGCGATG-1",2
"ACGATGTAGTTGAGAT-1",4
"ACGATGTCAACGCACC-1",4
"ACGATGTCACACGCTG-1",1
"ACGATGTGTATTCTCT-1",10
"ACGATGTGTCAGTGGA-1",3
"ACGATGTGTGACTACT-1",2
"ACGATGTGTGTCGCTG-1",6
"ACGATGTTCGCGTAGC-1",2
"ACGATGTTCTCTTATG-1",3
"ACGCAGCAGCGGCTTC-1",0
"ACGCAGCAGCTGCGAA-1",8
"ACGCAGCAGTGTACGG-1",5
"ACGCAGCCACCTCGTT-1",2
"ACGCAGCCATCGACGC-1",8
"ACGCAGCCATTACCTT-1",4
"ACGCAGCGTCCATGAT-1",6
"ACGCAGCGTCTACCTC-1",4
"ACGCAGCGTCTGGTCG-1",3
"ACGCAGCGTGCGATAG-1",2
"ACGCCAGCAAAGCAAT-1",4
"ACGCCAGCAACGCACC-1",4
"ACGCCAGCACGAGAGT-1",0
"ACGCCAGCAGTGAGTG-1",1
"ACGCCAGGTGCACTTA-1",6
"ACGCCAGGTGTGCGTC-1",4
"ACGCCAGTCACAGGCC-1",7
"ACGCCAGTCAGTGTTG-1",10
"ACGCCGAAGAAACGCC-1",4
"ACGCCGAAGATCTGCT-1",11
"ACGCCGACAGCCTGTG-1",2
"ACGCCGAGTTCCAACA-1",3
"ACGCCGATCCTATGTT-1",2
"ACGCCGATCGCAGGCT-1",5
"ACGCCGATCTTGTATC-1",6
"ACGGAGAAGCCAGTTT-1",1
"ACGGAGAAGGTCATCT-1",6
"ACGGAGACACACATGT-1",12
"ACGGAGACAGCCTGTG-1",4
"ACGGAGACAGCGTAAG-1",6
"ACGGAGACAGTAAGCG-1",3
"ACGGAGAGTGTGACGA-1",11
"ACGGAGATCCACGAAT-1",3
"ACGGCCACACATCCAA-1",9
"ACGGCCACACATTCGA-1",9
"ACGGCCAGTACCGTAT-1",4
"ACGGCCAGTGTATGGG-1",8
"ACGGCCATCACGGTTA-1",8
"ACGGCCATCAGTGTTG-1",0
"ACGGCCATCTACTATC-1",16
"ACGGGCTAGGATCGCA-1",10
"ACGGGCTAGGTTCCTA-1",7
"ACGGGCTAGTGGCACA-1",9
"ACGGGCTCATCTGGTA-1",2
"ACGGGCTGTGAGGCTA-1",4
"ACGGGCTTCCGAACGC-1",2
"ACGGGTCAGATGCCAG-1",6
"ACGGGTCCATGATCCA-1",3
"ACGGGTCCATTAGGCT-1",1
"ACGGGTCCATTTCACT-1",4
"ACGGGTCGTTAGGGTG-1",3
"ACGGGTCTCAACACCA-1",4
"ACGGGTCTCCACGCAG-1",1
"ACGTCAAAGGGCTTCC-1",1
"ACGTCAAAGTGGTAAT-1",5
"ACGTCAACAACTGCGC-1",4
"ACGTCAACACAAGACG-1",7
"ACGTCAAGTAGCTCCG-1",11
"ACGTCAAGTGTCGCTG-1",11
"ACGTCAAGTTATGCGT-1",2
"ACGTCAATCAACCAAC-1",7
"ACGTCAATCATAACCG-1",4
"ACGTCAATCCAGAAGG-1",6
"ACGTCAATCTAACTCT-1",0
"ACTATCTAGAGGTTAT-1",3
"ACTATCTAGATACACA-1",2
"ACTATCTAGGAGTAGA-1",4
"ACTATCTAGGCATGTG-1",4
"ACTATCTCAAATACAG-1",5
"ACTATCTCAAATTGCC-1",3
"ACTATCTGTAGGGACT-1",4
"ACTATCTGTCGCGTGT-1",4
"ACTATCTGTGCACGAA-1",3
"ACTATCTGTGGTTTCA-1",4
"ACTATCTTCGCCGTGA-1",1
"ACTGAACAGAGTGAGA-1",4
"ACTGAACAGATCCCGC-1",4
"ACTGAACAGGTGATAT-1",3
"ACTGAACCAAAGCGGT-1",2
"ACTGAACCAAGCGAGT-1",6
"ACTGAACCAATTCCTT-1",5
"ACTGAACCAGCTGGCT-1",3
"ACTGAACCAGTCTTCC-1",8
"ACTGAACCATTACCTT-1",5
"ACTGAACGTAAGCACG-1",10
"ACTGAACGTAATCGTC-1",8
"ACTGAACGTCCAGTAT-1",1
"ACTGAACGTCTGATCA-1",4
"ACTGAACTCCCACTTG-1",1
"ACTGAGTAGCCGGTAA-1",7
"ACTGAGTCAGTGGGAT-1",14
"ACTGAGTCATTTGCCC-1",22
"ACTGAGTGTAGAGCTG-1",17
"ACTGAGTGTTGTGGCC-1",7
"ACTGAGTTCAGGTTCA-1",2
"ACTGATGAGACAGACC-1",6
"ACTGATGAGCGGATCA-1",5
"ACTGATGAGGTGCTTT-1",9
"ACTGATGCAGCAGTTT-1",2
"ACTGATGCATCACAAC-1",3
"ACTGATGGTCATGCAT-1",20
"ACTGATGTCACAATGC-1",3
"ACTGATGTCACTCCTG-1",3
"ACTGATGTCCCTGACT-1",2
"ACTGATGTCCGCTGTT-1",1
"ACTGATGTCCGGCACA-1",8
"ACTGATGTCCTATTCA-1",3
"ACTGCTCAGAGCTTCT-1",5
"ACTGCTCAGATGCCTT-1",3
"ACTGCTCCACACCGCA-1",6
"ACTGCTCCAGATGGGT-1",2
"ACTGCTCCATGCCTAA-1",6
"ACTGCTCGTAGGCATG-1",4
"ACTGCTCGTATCACCA-1",0
"ACTGCTCGTCCGAAGA-1",4
"ACTGCTCTCCGAGCCA-1",14
"ACTGTCCAGAGGGCTT-1",7
"ACTGTCCAGCAGCGTA-1",4
"ACTGTCCAGGCATGGT-1",3
"ACTGTCCCAAGGTTTC-1",19
"ACTGTCCCAAGTACCT-1",8
"ACTGTCCCAGTATCTG-1",2
"ACTGTCCCATAGAAAC-1",6
"ACTGTCCGTTGAGGTG-1",7
"ACTGTCCTCCACGTGG-1",1
"ACTGTCCTCCTTGGTC-1",4
"ACTGTCCTCTCTGTCG-1",2
"ACTTACTAGCGATAGC-1",1
"ACTTACTAGGGATGGG-1",0
"ACTTACTCACAGACAG-1",0
"ACTTACTCACATTTCT-1",2
"ACTTACTGTACTCAAC-1",6
"ACTTACTGTTCCACAA-1",1
"ACTTACTTCATCGGAT-1",5
"ACTTGTTAGACAAGCC-1",3
"ACTTGTTAGCTAGCCC-1",1
"ACTTGTTAGTTACCCA-1",7
"ACTTGTTCACGACGAA-1",2
"ACTTGTTCACGGCTAC-1",8
"ACTTGTTGTATCGCAT-1",2
"ACTTGTTGTGGTAACG-1",6
"ACTTGTTGTTGTGGAG-1",8
"ACTTGTTTCATCACCC-1",5
"ACTTTCACATGGTCAT-1",2
"ACTTTCAGTGACTACT-1",2
"ACTTTCATCGCCAGCA-1",4
"AGAATAGAGCTGAACG-1",2
"AGAATAGAGCTGTCTA-1",2
"AGAATAGAGGTAGCTG-1",0
"AGAATAGCATGGTCTA-1",9
"AGAATAGGTAATCGTC-1",5
"AGAATAGGTATTCTCT-1",5
"AGAATAGGTGCGGTAA-1",0
"AGAATAGGTTAAGAAC-1",3
"AGAATAGTCAGGCCCA-1",8
"AGACGTTAGAATGTGT-1",1
"AGACGTTAGCTCCTCT-1",4
"AGACGTTAGTGCCAGA-1",2
"AGACGTTCAGGATCGA-1",3
"AGACGTTGTAGCTGCC-1",3
"AGACGTTGTCTGCAAT-1",2
"AGACGTTGTTCTGTTT-1",12
"AGACGTTTCGCATGGC-1",8
"AGACGTTTCGCTTAGA-1",6
"AGAGCGACAACTTGAC-1",4
"AGAGCGACAAGTACCT-1",5
"AGAGCGACACAACGTT-1",21
"AGAGCGACATGAGCGA-1",3
"AGAGCGAGTCAGTGGA-1",4
"AGAGCGAGTCGACTGC-1",9
"AGAGCGAGTTGAGTTC-1",4
"AGAGCGATCGCGTAGC-1",2
"AGAGCGATCTATCCTA-1",6
"AGAGCGATCTCGCTTG-1",3
"AGAGCTTAGCCGTCGT-1",2
"AGAGCTTAGTACACCT-1",4
"AGAGCTTAGTCATGCT-1",4
"AGAGCTTGTAGAGCTG-1",1
"AGAGCTTGTATCACCA-1",2
"AGAGCTTTCACTATTC-1",7
"AGAGCTTTCCTGCAGG-1",8
"AGAGCTTTCGCAAACT-1",2
"AGAGCTTTCGCTTAGA-1",5
"AGAGTGGAGAGCCTAG-1",5
"AGAGTGGAGGCCCTTG-1",4
"AGAGTGGAGGTACTCT-1",4
"AGAGTGGCACAAGACG-1",5
"AGAGTGGCACCTCGTT-1",1
"AGAGTGGCATCCGGGT-1",3
"AGAGTGGCATCTGGTA-1",5
"AGAGTGGGTCAGCTAT-1",5
"AGAGTGGGTCCTCCAT-1",6
"AGAGTGGGTCTAGTCA-1",5
"AGAGTGGGTTACCGAT-1",6
"AGATCTGAGGTGGGTT-1",3
"AGATCTGAGTCAAGGC-1",0
"AGATCTGCAATGTTGC-1",2
"AGATCTGTCGAATCCA-1",1
"AGATCTGTCTGCAGTA-1",0
"AGATTGCAGGCTACGA-1",7
"AGATTGCCACGACGAA-1",1
"AGATTGCCAGATGGGT-1",6
"AGATTGCGTAGAGCTG-1",8
"AGATTGCGTGATGTCT-1",1
"AGATTGCGTGTTCGAT-1",3
"AGATTGCGTTCACGGC-1",6
"AGATTGCTCACTGGGC-1",6
"AGATTGCTCATCTGTT-1",3
"AGCAGCCAGCTGATAA-1",2
"AGCAGCCCACCGAAAG-1",3
"AGCAGCCGTCGACTGC-1",3
"AGCAGCCGTCGCTTTC-1",4
"AGCAGCCGTCTAACGT-1",3
"AGCAGCCGTGTGAAAT-1",3
"AGCAGCCGTTTGTTGG-1",3
"AGCAGCCTCCAAACAC-1",6
"AGCATACAGTGGTAGC-1",14
"AGCATACAGTTGTCGT-1",10
"AGCATACGTCTTCTCG-1",4
"AGCATACGTTAAGTAG-1",4
"AGCATACTCCGTTGCT-1",5
"AGCCTAAAGATATGGT-1",1
"AGCCTAACAAAGCGGT-1",3
"AGCCTAACAGATAATG-1",6
"AGCCTAAGTACGAAAT-1",4
"AGCCTAAGTCACCTAA-1",2
"AGCCTAAGTGTGCCTG-1",1
"AGCCTAATCACCCGAG-1",5
"AGCCTAATCCAATGGT-1",2
"AGCCTAATCCTTGGTC-1",4
"AGCCTAATCTGTGCAA-1",7
"AGCCTAATCTGTTTGT-1",4
"AGCGGTCAGCGAAGGG-1",1
"AGCGGTCAGGTACTCT-1",15
"AGCGGTCAGTGACTCT-1",9
"AGCGGTCCAGCCTTGG-1",2
"AGCGGTCGTCCTAGCG-1",8
"AGCGGTCGTGGTGTAG-1",2
"AGCGGTCGTTAAGGGC-1",3
"AGCGGTCGTTTGCATG-1",0
"AGCGGTCTCCGAAGAG-1",4
"AGCGGTCTCCTCAATT-1",7
"AGCGGTCTCTGGGCCA-1",3
"AGCGTATAGAACTGTA-1",5
"AGCGTATAGCGATGAC-1",5
"AGCGTATAGGTACTCT-1",3
"AGCGTATGTTGAGGTG-1",1
"AGCGTATTCCAGAGGA-1",2
"AGCGTCGAGTTGAGTA-1",3
"AGCGTCGCAGGGATTG-1",11
"AGCGTCGTCTGAAAGA-1",5
"AGCTCCTAGACCTAGG-1",2
"AGCTCCTAGCGTTTAC-1",3
"AGCTCCTGTGTTTGTG-1",3
"AGCTCCTGTTGTCTTT-1",3
"AGCTCCTTCCGAATGT-1",6
"AGCTCCTTCTTGACGA-1",1
"AGCTCTCAGCGGATCA-1",6
"AGCTCTCAGCTGTTCA-1",10
"AGCTCTCAGGTGCTAG-1",6
"AGCTCTCCATACAGCT-1",6
"AGCTCTCGTCAGAGGT-1",6
"AGCTCTCGTGGGTCAA-1",4
"AGCTCTCTCACAACGT-1",0
"AGCTCTCTCTTGACGA-1",6
"AGCTTGAAGCATCATC-1",4
"AGCTTGAAGTAGCGGT-1",7
"AGCTTGAAGTTGTCGT-1",5
"AGCTTGACAATCCAAC-1",0
"AGCTTGACACCGATAT-1",4
"AGCTTGAGTCTACCTC-1",2
"AGCTTGAGTGCGCTTG-1",2
"AGCTTGAGTTACGCGC-1",9
"AGCTTGATCCTGCCAT-1",2
"AGCTTGATCTGCAAGT-1",3
"AGGCCACAGAGTAAGG-1",8
"AGGCCACAGGGTCTCC-1",3
"AGGCCACAGTACTTGC-1",6
"AGGCCACCAGGACCCT-1",5
"AGGCCACCATCAGTCA-1",4
"AGGCCACTCATGCTCC-1",5
"AGGCCACTCATGGTCA-1",4
"AGGCCACTCATTGCGA-1",4
"AGGCCGTAGGATCGCA-1",5
"AGGCCGTCACGTAAGG-1",4
"AGGCCGTCAGCTCGAC-1",4
"AGGCCGTCATCGTCGG-1",7
"AGGCCGTTCACGGTTA-1",1
"AGGCCGTTCGAACTGT-1",15
"AGGCCGTTCTCAAGTG-1",3
"AGGCCGTTCTGCTTGC-1",1
"AGGGAGTAGCCCAACC-1",3
"AGGGAGTAGGAGTACC-1",2
"AGGGAGTAGGCAGGTT-1",6
"AGGGAGTCACGAGAGT-1",2
"AGGGAGTCAGAAGCAC-1",6
"AGGGAGTCAGATCCAT-1",6
"AGGGAGTCATCGACGC-1",3
"AGGGAGTCATGCTAGT-1",3
"AGGGAGTGTCCATGAT-1",4
"AGGGAGTTCATAACCG-1",0
"AGGGATGAGCTCTCGG-1",7
"AGGGATGAGGAGTAGA-1",3
"AGGGATGAGTAGCGGT-1",4
"AGGGATGCAATGAATG-1",9
"AGGGATGCAATGGAGC-1",6
"AGGGATGCACAAGACG-1",1
"AGGGATGCACATTTCT-1",3
"AGGGATGCATGGTCTA-1",8
"AGGGATGGTTAAAGTG-1",2
"AGGGATGGTTATGCGT-1",1
"AGGGATGTCGTGACAT-1",9
"AGGGTGAAGATGGCGT-1",11
"AGGGTGAAGATGGGTC-1",5
"AGGGTGAAGGCTCAGA-1",7
"AGGGTGACACGAGAGT-1",2
"AGGGTGACAGATGGCA-1",6
"AGGGTGACAGATTGCT-1",2
"AGGGTGAGTACTCTCC-1",1
"AGGGTGAGTTATCGGT-1",6
"AGGGTGAGTTCTGAAC-1",15
"AGGGTGATCTCGCTTG-1",5
"AGGTCATAGAGCCCAA-1",2
"AGGTCATAGCCAGAAC-1",15
"AGGTCATAGGCATGGT-1",1
"AGGTCATAGGGAGTAA-1",3
"AGGTCATCACTCAGGC-1",1
"AGGTCATCACTCTGTC-1",4
"AGGTCATGTTCCACTC-1",8
"AGGTCATTCTCGTTTA-1",3
"AGGTCCGAGGATGCGT-1",9
"AGGTCCGCAACACGCC-1",6
"AGGTCCGGTGATGCCC-1",0
"AGGTCCGTCCATGAAC-1",14
"AGGTCCGTCGCCCTTA-1",5
"AGGTCCGTCTGCGTAA-1",9
"AGTAGTCAGACTGTAA-1",7
"AGTAGTCAGTACGACG-1",3
"AGTAGTCAGTTTAGGA-1",9
"AGTAGTCCAACTGGCC-1",4
"AGTAGTCGTGCAGACA-1",3
"AGTAGTCTCACCCGAG-1",4
"AGTCTTTAGGCAGTCA-1",1
"AGTCTTTCAAATCCGT-1",3
"AGTCTTTCATATACCG-1",7
"AGTCTTTGTGCTTCTC-1",13
"AGTCTTTGTGTCCTCT-1",9
"AGTCTTTGTTTGTTTC-1",2
"AGTCTTTTCGCAGGCT-1",5
"AGTCTTTTCGCGTAGC-1",2
"AGTCTTTTCGCTAGCG-1",1
"AGTCTTTTCGCTTGTC-1",8
"AGTCTTTTCTGACCTC-1",1
"AGTGAGGAGATAGCAT-1",19
"AGTGAGGCAGGTGCCT-1",5
"AGTGAGGGTATGAAAC-1",4
"AGTGAGGGTCACTTCC-1",2
"AGTGAGGGTCGCGAAA-1",5
"AGTGAGGGTTATGTGC-1",7
"AGTGAGGTCTACTATC-1",7
"AGTGGGAAGCAGACTG-1",3
"AGTGGGACAAACGCGA-1",7
"AGTGGGACAAGCCGTC-1",3
"AGTGGGACACAGGAGT-1",2
"AGTGGGACACGAGAGT-1",2
"AGTGGGATCATCGATG-1",7
"AGTGGGATCCACGAAT-1",2
"AGTGGGATCCTGCAGG-1",19
"AGTGTCAAGAAGCCCA-1",3
"AGTGTCAAGCTAGTCT-1",4
"AGTGTCAAGTACGACG-1",3
"AGTGTCAAGTGAACAT-1",2
"AGTGTCACACCATCCT-1",4
"AGTGTCACAGTAAGCG-1",2
"AGTGTCACAGTGGAGT-1",5
"AGTGTCAGTAAACCTC-1",6
"AGTGTCAGTACAGCAG-1",3
"AGTGTCAGTCTCCACT-1",3
"AGTGTCAGTTTGACTG-1",11
"AGTGTCATCAAAGTAG-1",4
"AGTGTCATCCGTCAAA-1",3
"AGTGTCATCGTTACAG-1",6
"AGTGTCATCTGTCAAG-1",0
"AGTTGGTAGACTGTAA-1",0
"AGTTGGTAGTACGCGA-1",18
"AGTTGGTCAAATTGCC-1",3
"AGTTGGTCAGGAATGC-1",4
"AGTTGGTCATGCGCAC-1",0
"AGTTGGTGTACCGTAT-1",24
"AGTTGGTGTATGCTTG-1",15
"AGTTGGTGTCAGGACA-1",5
"AGTTGGTGTTCAGACT-1",4
"AGTTGGTTCAGTACGT-1",9
"AGTTGGTTCCTCAACC-1",6
"AGTTGGTTCGTACCGG-1",1
"AGTTGGTTCTGTCCGT-1",5
"ATAACGCAGTTGAGTA-1",3
"ATAACGCCACGTGAGA-1",2
"ATAACGCGTGAACCTT-1",13
"ATAACGCGTGTCCTCT-1",2
"ATAACGCGTGTGAAAT-1",3
"ATAACGCTCTCCGGTT-1",14
"ATAAGAGAGTCCGGTC-1",7
"ATAAGAGCAACTGCGC-1",3
"ATAAGAGCAGTATCTG-1",5
"ATAAGAGGTGACGCCT-1",3
"ATAAGAGGTTAAAGTG-1",7
"ATAAGAGTCAGCACAT-1",5
"ATAAGAGTCAGTGCAT-1",5
"ATAGACCAGAGAGCTC-1",6
"ATAGACCAGCCCAATT-1",0
"ATAGACCCAAGCCATT-1",6
"ATAGACCCATCTGGTA-1",8
"ATAGACCGTATATGGA-1",4
"ATAGACCGTGGACGAT-1",5
"ATAGACCGTGGCGAAT-1",8
"ATAGACCGTTTCGCTC-1",4
"ATCACGAAGAACTCGG-1",13
"ATCACGAAGACACGAC-1",6
"ATCACGAAGTTACCCA-1",8
"ATCACGACAAGACACG-1",5
"ATCACGACAAGCGTAG-1",6
"ATCACGACACACATGT-1",2
"ATCACGACACCACCAG-1",1
"ATCACGACACGGTAAG-1",3
"ATCACGACAGCGAACA-1",12
"ATCACGATCCCGACTT-1",1
"ATCACGATCGGTGTCG-1",8
"ATCATCTAGCCTATGT-1",5
"ATCATCTAGGCCATAG-1",18
"ATCATCTAGTACTTGC-1",5
"ATCATCTCAGACGCCT-1",5
"ATCATCTCATCCGTGG-1",9
"ATCATCTGTATTACCG-1",4
"ATCATCTGTCACTTCC-1",4
"ATCATCTTCAGCGACC-1",6
"ATCATCTTCCTCAACC-1",4
"ATCATGGCAAGCGTAG-1",2
"ATCATGGCAAGGTTCT-1",4
"ATCATGGCACTACAGT-1",3
"ATCATGGGTAAGGGAA-1",7
"ATCATGGGTTGTGGCC-1",4
"ATCATGGTCAATAAGG-1",7
"ATCATGGTCCAATGGT-1",1
"ATCATGGTCGCCATAA-1",4
"ATCATGGTCGGTTAAC-1",7
"ATCCACCAGCTAGTCT-1",7
"ATCCACCAGGCTCTTA-1",2
"ATCCACCCAAACGTGG-1",2
"ATCCACCCAGTTAACC-1",3
"ATCCACCGTCCGAAGA-1",9
"ATCCACCGTTTGTTTC-1",6
"ATCCACCTCCTGCTTG-1",0
"ATCCACCTCCTTAATC-1",4
"ATCCACCTCTGGTATG-1",8
"ATCCGAAAGCGATGAC-1",0
"ATCCGAAAGCTAGGCA-1",5
"ATCCGAACAAACGTGG-1",2
"ATCCGAACAACAACCT-1",6
"ATCCGAACAAGGACTG-1",1
"ATCCGAACACCCATTC-1",2
"ATCCGAACACGGTAGA-1",7
"ATCCGAAGTAGCGCTC-1",3
"ATCCGAAGTCATTAGC-1",3
"ATCCGAAGTCTCTTAT-1",1
"ATCCGAATCCAACCAA-1",6
"ATCCGAATCCTTGACC-1",5
"ATCCGAATCTTGTCAT-1",4
"ATCGAGTAGACTTTCG-1",2
"ATCGAGTCATCCGGGT-1",6
"ATCGAGTGTCCCTTGT-1",4
"ATCGAGTGTCTCCCTA-1",2
"ATCGAGTTCATGCATG-1",5
"ATCGAGTTCCTGCCAT-1",1
"ATCTACTAGGTGTGGT-1",4
"ATCTACTCAGCTGTAT-1",12
"ATCTACTCAGTACACT-1",2
"ATCTACTCATGACATC-1",3
"ATCTACTGTAAGTAGT-1",2
"ATCTACTGTGTCGCTG-1",8
"ATCTACTTCCGCGTTT-1",4
"ATCTACTTCGCAAGCC-1",8
"ATCTACTTCTATCGCC-1",10
"ATCTACTTCTCTAAGG-1",4
"ATCTGCCAGGCTCAGA-1",7
"ATCTGCCGTACAGTTC-1",2
"ATCTGCCGTTGTGGAG-1",5
"ATCTGCCTCAGAGACG-1",8
"ATCTGCCTCAGCTGGC-1",4
"ATCTGCCTCGTACGGC-1",1
"ATCTGCCTCTCGAGTA-1",6
"ATCTGCCTCTGAGTGT-1",4
"ATCTGCCTCTTGTATC-1",2
"ATGAGGGAGGTCGGAT-1",5
"ATGAGGGCATGACGGA-1",2
"ATGAGGGCATTAGGCT-1",6
"ATGAGGGTCACATGCA-1",0
"ATGAGGGTCAGTCCCT-1",10
"ATGCGATAGTCAATAG-1",4
"ATGCGATCATGTTGAC-1",13
"ATGCGATGTGCAGTAG-1",6
"ATGCGATGTGCATCTA-1",6
"ATGCGATTCCCAAGAT-1",5
"ATGCGATTCGCCATAA-1",3
"ATGGGAGAGCAATATG-1",4
"ATGGGAGAGCCACGCT-1",5
"ATGGGAGAGGTGATAT-1",4
"ATGGGAGCACCAGGTC-1",5
"ATGGGAGCACTATCTT-1",7
"ATGGGAGCAGCATACT-1",4
"ATGGGAGCATAGAAAC-1",3
"ATGGGAGCATTACCTT-1",2
"ATGGGAGTCAAGGTAA-1",4
"ATGTGTGAGCGAAGGG-1",1
"ATGTGTGAGGGTTTCT-1",3
"ATGTGTGAGTTGAGTA-1",4
"ATGTGTGCACGGCGTT-1",5
"ATGTGTGCACGGTTTA-1",2
"ATGTGTGCAGTATAAG-1",14
"ATGTGTGTCACGCGGT-1",7
"ATTACTCAGATGTGTA-1",4
"ATTACTCAGCGTAATA-1",6
"ATTACTCAGGTGCACA-1",5
"ATTACTCAGTGAAGTT-1",3
"ATTACTCCAAACTGTC-1",1
"ATTACTCCACCATCCT-1",4
"ATTACTCCAGACTCGC-1",5
"ATTACTCCATATGCTG-1",5
"ATTACTCCATCGGTTA-1",0
"ATTACTCCATTGCGGC-1",2
"ATTACTCGTTAAAGAC-1",12
"ATTACTCTCCGAACGC-1",10
"ATTATCCAGAGTACCG-1",4
"ATTATCCAGCTTATCG-1",4
"ATTATCCCACAAGCCC-1",3
"ATTATCCCATATGAGA-1",2
"ATTATCCCATCTGGTA-1",4
"ATTATCCGTCGTTGTA-1",9
"ATTATCCGTCTCTCTG-1",4
"ATTATCCTCAACGGGA-1",3
"ATTATCCTCCGCGCAA-1",9
"ATTATCCTCTCCGGTT-1",5
"ATTCTACGTCACTTCC-1",4
"ATTCTACGTCTAGTCA-1",7
"ATTCTACGTTGTCGCG-1",4
"ATTGGACAGCAGATCG-1",5
"ATTGGACAGGGCATGT-1",2
"ATTGGACAGTGGACGT-1",4
"ATTGGACCAAGACACG-1",13
"ATTGGACGTAATAGCA-1",24
"ATTGGACTCCTGCTTG-1",7
"ATTGGACTCGGCGCAT-1",4
"ATTGGACTCGTTTGCC-1",5
"ATTGGTGAGAATGTTG-1",4
"ATTGGTGCAAGCTGAG-1",2
"ATTGGTGCAGCAGTTT-1",6
"ATTGGTGGTATGGTTC-1",3
"ATTGGTGGTTGAGTTC-1",3
"ATTGGTGTCAAAGTAG-1",5
"ATTGGTGTCGGAAACG-1",7
"ATTTCTGAGGGATACC-1",2
"ATTTCTGAGGGATCTG-1",1
"ATTTCTGAGGTGTTAA-1",4
"ATTTCTGAGTCGAGTG-1",5
"ATTTCTGAGTTCGCAT-1",5
"ATTTCTGCAAGGTGTG-1",5
"ATTTCTGGTAGCTCCG-1",16
"ATTTCTGGTGCACGAA-1",6
"ATTTCTGGTTGCCTCT-1",2
"ATTTCTGTCAAAGTAG-1",4
"ATTTCTGTCAGCTCGG-1",1
"ATTTCTGTCTTGGGTA-1",2
"CAACCAAAGAAACGCC-1",2
"CAACCAAAGAGGGCTT-1",4
"CAACCAAAGCTGAAAT-1",5
"CAACCAAAGGACAGCT-1",3
"CAACCAAAGGGAGTAA-1",9
"CAACCAACATACGCTA-1",3
"CAACCTCAGTAATCCC-1",10
"CAACCTCCAGACGCAA-1",4
"CAACCTCGTGAGTGAC-1",3
"CAACCTCGTTCCACGG-1",16
"CAACCTCTCATACGGT-1",3
"CAACCTCTCCGATATG-1",2
"CAACCTCTCCTTTACA-1",6
"CAACCTCTCTCTAGGA-1",2
"CAACTAGAGAATAGGG-1",20
"CAACTAGAGGATGCGT-1",1
"CAACTAGCACCATCCT-1",3
"CAACTAGCAGACTCGC-1",3
"CAACTAGCAGTTCATG-1",6
"CAACTAGGTACGCACC-1",7
"CAACTAGTCAGGCCCA-1",10
"CAAGAAAAGAAGGACA-1",5
"CAAGAAAAGACGCACA-1",4
"CAAGAAAAGGCCCTTG-1",3
"CAAGAAAAGGTGATAT-1",4
"CAAGAAAAGTCGATAA-1",3
"CAAGAAAAGTGGAGTC-1",4
"CAAGAAAAGTGTACCT-1",5
"CAAGAAACACGGTGTC-1",1
"CAAGAAATCTGCTTGC-1",7
"CAAGATCAGCTGAAAT-1",1
"CAAGATCGTAAGAGGA-1",5
"CAAGATCGTGCCTTGG-1",4
"CAAGATCTCAACACCA-1",7
"CAAGATCTCTCGATGA-1",2
"CAAGGCCAGGAGTCTG-1",8
"CAAGGCCAGGCTATCT-1",5
"CAAGGCCCACGGTAAG-1",5
"CAAGGCCCATGTTCCC-1",2
"CAAGGCCGTCCGTCAG-1",2
"CAAGGCCTCAACGGGA-1",1
"CAAGGCCTCCTTGACC-1",6
"CAAGGCCTCGTGACAT-1",4
"CAAGTTGAGACAGGCT-1",4
"CAAGTTGAGATGTCGG-1",5
"CAAGTTGAGCGTCAAG-1",4
"CAAGTTGAGCGTTTAC-1",2
"CAAGTTGCACATTAGC-1",1
"CAAGTTGCACGCTTTC-1",3
"CAAGTTGCACGGTGTC-1",4
"CAAGTTGCATTCTTAC-1",16
"CAAGTTGGTACTCAAC-1",2
"CAAGTTGGTCAGGACA-1",5
"CAAGTTGGTCGGCACT-1",5
"CAAGTTGTCAACGAAA-1",5
"CAAGTTGTCACCACCT-1",4
"CAAGTTGTCATTGCCC-1",6
"CAAGTTGTCGAATCCA-1",7
"CAAGTTGTCTACTTAC-1",4
"CACAAACAGGGCTCTC-1",2
"CACAAACAGGGCTTGA-1",6
"CACAAACAGTGACATA-1",6
"CACAAACCAACTGCGC-1",5
"CACAAACCAATAAGCA-1",6
"CACAAACCAATCAGAA-1",3
"CACAAACCACTTAACG-1",3
"CACAAACCATGAACCT-1",3
"CACAAACCATGGTCAT-1",5
"CACAAACGTCAACTGT-1",4
"CACAAACGTCAGAATA-1",3
"CACAAACTCTTCGGTC-1",4
"CACAAACTCTTGGGTA-1",9
"CACACAAAGCGACGTA-1",5
"CACACAAAGGGAGTAA-1",6
"CACACAACAAACGTGG-1",4
"CACACAACACATGACT-1",3
"CACACAACATCGATTG-1",4
"CACACAACATTGGGCC-1",5
"CACACAAGTACGACCC-1",4
"CACACAAGTCAGTGGA-1",3
"CACACAAGTCATCGGC-1",4
"CACACAAGTTTACTCT-1",4
"CACACAATCCACGTGG-1",3
"CACACAATCCACGTTC-1",5
"CACACAATCGGCGCAT-1",3
"CACACCTAGAGACTAT-1",4
"CACACCTAGGACATTA-1",4
"CACACCTAGTCATCCA-1",7
"CACACCTAGTGTGAAT-1",3
"CACACCTCACTGAAGG-1",8
"CACACCTCATAGGATA-1",5
"CACACCTCATAGTAAG-1",6
"CACACCTCATTGGGCC-1",5
"CACACCTGTACAGCAG-1",8
"CACACCTGTACCGCTG-1",3
"CACACCTGTCCAAGTT-1",7
"CACACCTGTGGACGAT-1",3
"CACACCTGTGGTCTCG-1",6
"CACACCTTCATGTCTT-1",2
"CACACCTTCTGGCGAC-1",4
"CACACTCAGGGAAACA-1",5
"CACACTCCAACACCTA-1",3
"CACACTCCAAGGGTCA-1",1
"CACACTCGTGACGCCT-1",3
"CACACTCGTTTGTGTG-1",1
"CACAGGCAGCCATCGC-1",5
"CACAGGCAGGGATGGG-1",6
"CACAGGCCAAGAGTCG-1",4
"CACAGGCCAATGGAGC-1",0
"CACAGGCGTCTAGGTT-1",4
"CACAGGCGTTACGCGC-1",1
"CACAGGCTCGGGAGTA-1",4
"CACAGGCTCTATGTGG-1",5
"CACAGTAAGACGCAAC-1",2
"CACAGTAAGACGCACA-1",3
"CACAGTAAGTGGGCTA-1",7
"CACAGTACAACTGGCC-1",3
"CACAGTACATCGGACC-1",12
"CACAGTAGTTCCATGA-1",16
"CACATAGAGCCCAATT-1",2
"CACATAGAGTGTACTC-1",4
"CACATAGCACTTCTGC-1",4
"CACATAGCAGGGTATG-1",6
"CACATAGTCCTTGCCA-1",5
"CACATAGTCGGCGCAT-1",11
"CACATTTAGCAGATCG-1",4
"CACATTTAGGGCACTA-1",4
"CACATTTCACGGCGTT-1",3
"CACATTTCATTACCTT-1",4
"CACATTTGTCGAACAG-1",1
"CACATTTGTGTTGAGG-1",9
"CACATTTTCCAGAGGA-1",2
"CACATTTTCCGCATCT-1",5
"CACATTTTCTACTATC-1",4
"CACATTTTCTGTGCAA-1",4
"CACCACTAGCCACGTC-1",6
"CACCACTAGTGGTAAT-1",5
"CACCACTAGTTACCCA-1",5
"CACCACTCAAGCCCAC-1",1
"CACCACTCAGTTCATG-1",3
"CACCACTGTTATTCTC-1",2
"CACCACTTCACCGGGT-1",4
"CACCACTTCGAATCCA-1",14
"CACCACTTCGACCAGC-1",8
"CACCACTTCTAACCGA-1",12
"CACCACTTCTTTAGTC-1",4
"CACCAGGCACATTAGC-1",12
"CACCAGGCACTGCCAG-1",1
"CACCAGGCATAAAGGT-1",7
"CACCAGGCATGAACCT-1",2
"CACCAGGGTGAAATCA-1",5
"CACCAGGGTGTTTGGT-1",2
"CACCAGGGTTATCACG-1",3
"CACCAGGTCATGTAGC-1",7
"CACCAGGTCTGCTTGC-1",6
"CACCTTGAGACTTGAA-1",4
"CACCTTGAGTCAATAG-1",7
"CACCTTGCACTAGTAC-1",2
"CACCTTGCAGGCGATA-1",4
"CACCTTGCATTCCTGC-1",5
"CACCTTGGTCATTAGC-1",6
"CACCTTGGTGATGTCT-1",7
"CACCTTGGTGTGAAAT-1",1
"CACCTTGGTTATGTGC-1",4
"CACCTTGTCAACCATG-1",4
"CACCTTGTCATTATCC-1",7
"CACCTTGTCCAAAGTC-1",6
"CACCTTGTCTCACATT-1",7
"CACTCCAAGACAAGCC-1",6
"CACTCCAAGGTACTCT-1",6
"CACTCCACAATGGACG-1",0
"CACTCCAGTACATGTC-1",0
"CACTCCAGTTGTCGCG-1",13
"CACTCCATCAACACAC-1",4
"CACTCCATCCCAGGTG-1",6
"CAGAATCAGAAACCTA-1",4
"CAGAATCAGCCAACAG-1",12
"CAGAATCAGCTGGAAC-1",7
"CAGAATCAGGACTGGT-1",3
"CAGAATCAGTATCGAA-1",17
"CAGAATCCACAGAGGT-1",15
"CAGAATCCAGGGTACA-1",1
"CAGAATCGTAAGTGTA-1",7
"CAGAATCGTAATCACC-1",6
"CAGAATCTCAGTTTGG-1",2
"CAGAATCTCGCAAGCC-1",5
"CAGAATCTCGGTCCGA-1",8
"CAGAATCTCTTGCAAG-1",4
"CAGAATCTCTTGTACT-1",4
"CAGAGAGAGAATTGTG-1",5
"CAGAGAGAGCAATATG-1",3
"CAGAGAGCAAGAAGAG-1",4
"CAGAGAGCACCAGATT-1",0
"CAGAGAGGTAATCACC-1",4
"CAGAGAGGTAGCTGCC-1",5
"CAGAGAGGTAGGACAC-1",4
"CAGAGAGGTATAGGGC-1",3
"CAGAGAGGTCCGAATT-1",4
"CAGAGAGGTTGAGGTG-1",0
"CAGAGAGTCACCCGAG-1",3
"CAGAGAGTCATAACCG-1",1
"CAGAGAGTCCGAACGC-1",18
"CAGAGAGTCTGGTATG-1",8
"CAGATCAAGAGACGAA-1",5
"CAGATCAAGCACCGTC-1",8
"CAGATCAAGCTTCGCG-1",4
"CAGATCAAGGATTCGG-1",7
"CAGATCAAGTGTACCT-1",5
"CAGATCAAGTTTAGGA-1",5
"CAGATCACAATAACGA-1",6
"CAGATCACACACCGAC-1",9
"CAGATCACACGGTAAG-1",3
"CAGATCACACTCTGTC-1",3
"CAGATCACAGCATACT-1",7
"CAGATCACAGTGGGAT-1",6
"CAGATCAGTACCAGTT-1",4
"CAGATCAGTGCGGTAA-1",1
"CAGATCATCTGATACG-1",9
"CAGATCATCTGATTCT-1",9
"CAGCAGCAGATGCCAG-1",4
"CAGCAGCAGGGAACGG-1",2
"CAGCAGCCACCTATCC-1",8
"CAGCAGCCATCACAAC-1",5
"CAGCAGCGTGCTAGCC-1",11
"CAGCAGCTCAACACTG-1",14
"CAGCAGCTCGAACTGT-1",3
"CAGCAGCTCGCCGTGA-1",1
"CAGCATAAGAGACGAA-1",4
"CAGCATAGTCTAGGTT-1",5
"CAGCATAGTTTACTCT-1",5
"CAGCATATCACGAAGG-1",1
"CAGCATATCAGGCAAG-1",3
"CAGCATATCCTTAATC-1",7
"CAGCCGAAGCATCATC-1",5
"CAGCCGAAGTTTCCTT-1",3
"CAGCCGACACGTGAGA-1",6
"CAGCCGACATCAGTCA-1",4
"CAGCCGAGTGATGTCT-1",6
"CAGCCGATCACCAGGC-1",3
"CAGCCGATCCTCAATT-1",2
"CAGCGACAGAAACGCC-1",2
"CAGCGACAGCGTCAAG-1",10
"CAGCGACCAAACGTGG-1",3
"CAGCGACCAAAGCGGT-1",4
"CAGCGACCACGTCAGC-1",12
"CAGCGACCATGGGACA-1",6
"CAGCGACGTCTGATTG-1",1
"CAGCGACGTGGACGAT-1",11
"CAGCGACGTGGTTTCA-1",5
"CAGCGACGTTCGGCAC-1",3
"CAGCGACTCCGCAAGC-1",3
"CAGCGACTCTGGGCCA-1",2
"CAGCTAAAGATGTGTA-1",6
"CAGCTAAAGCAGACTG-1",1
"CAGCTAAAGCTGTTCA-1",7
"CAGCTAAAGGAGCGTT-1",4
"CAGCTAACACAGATTC-1",4
"CAGCTAACATCAGTAC-1",5
"CAGCTAAGTAATCGTC-1",8
"CAGCTAAGTCTCACCT-1",5
"CAGCTAAGTTCGTCTC-1",8
"CAGCTAATCCACGCAG-1",2
"CAGCTAATCCCTAACC-1",3
"CAGCTAATCTGGTTCC-1",6
"CAGCTAATCTTAGCCC-1",3
"CAGCTAATCTTCGGTC-1",8
"CAGCTGGAGACACTAA-1",10
"CAGCTGGAGATCCTGT-1",6
"CAGCTGGCACCAACCG-1",3
"CAGCTGGCAGTGGAGT-1",12
"CAGCTGGCATGCATGT-1",11
"CAGCTGGTCTACCTGC-1",4
"CAGGTGCAGAGACGAA-1",2
"CAGGTGCAGATCCTGT-1",9
"CAGGTGCAGGCATGTG-1",4
"CAGGTGCCAGGAACGT-1",4
"CAGGTGCCATAGTAAG-1",8
"CAGGTGCCATCGGAAG-1",6
"CAGGTGCTCAGTTGAC-1",5
"CAGGTGCTCCAAGTAC-1",1
"CAGGTGCTCTTGTATC-1",3
"CAGTAACAGATATGGT-1",5
"CAGTAACAGATGGCGT-1",8
"CAGTAACCAATCACAC-1",2
"CAGTAACCACTCGACG-1",4
"CAGTAACGTGATAAGT-1",6
"CAGTAACGTGCACCAC-1",2
"CAGTAACTCAGAGGTG-1",3
"CAGTAACTCGTACGGC-1",9
"CAGTAACTCGTGACAT-1",1
"CAGTAACTCTGCCAGG-1",2
"CAGTCCTAGAATCTCC-1",0
"CAGTCCTAGATCTGCT-1",4
"CAGTCCTCAGTATAAG-1",1
"CAGTCCTTCAACACGT-1",3
"CAGTCCTTCCATGAGT-1",5
"CAGTCCTTCCCGACTT-1",2
"CAGTCCTTCCCTTGTG-1",2
"CAGTCCTTCGAACGGA-1",7
"CAGTCCTTCGGTTCGG-1",0
"CAGTCCTTCTACTTAC-1",4
"CATATGGAGAGATGAG-1",1
"CATATGGAGGCATGGT-1",5
"CATATGGAGTATTGGA-1",5
"CATATGGCAAGCGTAG-1",4
"CATATGGGTCGCATAT-1",2
"CATATGGTCATTATCC-1",3
"CATATGGTCATTGCGA-1",0
"CATATTCAGGCGACAT-1",8
"CATATTCCACCACCAG-1",0
"CATATTCGTGACTACT-1",3
"CATATTCGTGGTACAG-1",4
"CATATTCGTGTGACGA-1",3
"CATATTCTCACAGGCC-1",14
"CATATTCTCGCAAACT-1",5
"CATCAAGAGAACTCGG-1",3
"CATCAAGAGATGGCGT-1",1
"CATCAAGAGCCGCCTA-1",8
"CATCAAGCACGAAACG-1",11
"CATCAAGCAGCCTTTC-1",1
"CATCAAGCATGGAATA-1",3
"CATCAAGGTTACTGAC-1",1
"CATCAAGGTTCCATGA-1",3
"CATCAAGTCTAAGCCA-1",1
"CATCAAGTCTGACCTC-1",0
"CATCAGAAGCTAGTCT-1",8
"CATCAGACAAGCCATT-1",5
"CATCAGACAATGACCT-1",7
"CATCAGACACGGCCAT-1",7
"CATCAGACAGACAGGT-1",2
"CATCAGACATAACCTG-1",5
"CATCAGAGTAATTGGA-1",5
"CATCAGAGTACATGTC-1",5
"CATCAGAGTGTTAAGA-1",3
"CATCAGAGTTCAACCA-1",9
"CATCAGATCGTTGACA-1",1
"CATCCACGTAAAGTCA-1",5
"CATCCACGTACCGTAT-1",8
"CATCCACGTGCCTGTG-1",17
"CATCCACGTTTAAGCC-1",5
"CATCGAAAGAGTACAT-1",4
"CATCGAAAGCTGTCTA-1",16
"CATCGAACAAGAGGCT-1",16
"CATCGAACAAGCTGAG-1",0
"CATCGAACACATTTCT-1",8
"CATCGAACATAAAGGT-1",2
"CATCGAAGTAGTACCT-1",2
"CATCGAAGTCCGACGT-1",13
"CATCGAAGTGCACTTA-1",3
"CATCGAATCAAACCAC-1",1
"CATCGAATCCGCGGTA-1",6
"CATCGAATCCGTAGTA-1",1
"CATCGGGAGAAGCCCA-1",7
"CATCGGGAGCGAGAAA-1",2
"CATCGGGAGGGTGTGT-1",5
"CATCGGGAGGTGTTAA-1",7
"CATCGGGAGTGACTCT-1",2
"CATCGGGCACTCAGGC-1",8
"CATCGGGCAGACGCTC-1",4
"CATCGGGCATCACAAC-1",4
"CATCGGGGTCCTCTTG-1",5
"CATCGGGGTGAGGGAG-1",4
"CATCGGGGTTCGAATC-1",4
"CATCGGGTCAGGATCT-1",8
"CATCGGGTCCACGAAT-1",3
"CATCGGGTCGATGAGG-1",6
"CATGACAAGACCACGA-1",3
"CATGACAAGCTCCTCT-1",1
"CATGACAAGTAACCCT-1",7
"CATGACAAGTATCTCG-1",7
"CATGACAGTCGTCTTC-1",8
"CATGACAGTGAACCTT-1",6
"CATGACATCAATAAGG-1",2
"CATGACATCTAACTGG-1",10
"CATGCCTAGACCTAGG-1",6
"CATGCCTAGAGTCTGG-1",1
"CATGCCTCACCACCAG-1",1
"CATGCCTGTCAAAGCG-1",3
"CATGCCTGTCGATTGT-1",3
"CATGCCTTCCACGACG-1",4
"CATGCCTTCCTCATTA-1",2
"CATGCCTTCGCATGAT-1",2
"CATGGCGAGAGCTGGT-1",6
"CATGGCGAGTACGACG-1",2
"CATGGCGTCCAAAGTC-1",7
"CATGGCGTCCCTTGTG-1",2
"CATGGCGTCGGCCGAT-1",3
"CATGGCGTCTCAAACG-1",3
"CATGGCGTCTGCCCTA-1",6
"CATTATCAGACCCACC-1",4
"CATTATCAGTCCCACG-1",2
"CATTATCCAAGTCTGT-1",1
"CATTATCCAGGGCATA-1",4
"CATTATCGTCAATGTC-1",3
"CATTATCTCACAAACC-1",2
"CATTATCTCAGATAAG-1",1
"CATTATCTCGCGTTTC-1",2
"CATTATCTCGTTGCCT-1",12
"CATTATCTCTATCCCG-1",4
"CATTATCTCTTAACCT-1",6
"CATTCGCAGGTGCTAG-1",4
"CATTCGCCAAGGGTCA-1",5
"CATTCGCCAGCCTATA-1",1
"CATTCGCCATACAGCT-1",6
"CATTCGCCATGGATGG-1",5
"CATTCGCCATGTCTCC-1",1
"CATTCGCCATTCACTT-1",10
"CATTCGCGTAGCACGA-1",7
"CATTCGCTCATCACCC-1",4
"CCAATCCAGACCACGA-1",5
"CCAATCCAGATATGGT-1",5
"CCAATCCAGTCGAGTG-1",1
"CCAATCCAGTCGTTTG-1",4
"CCAATCCAGTTTAGGA-1",0
"CCAATCCCAAGCGAGT-1",5
"CCAATCCTCGGACAAG-1",5
"CCAATCCTCTACCTGC-1",3
"CCACCTAAGCAGACTG-1",6
"CCACCTAAGGATGGTC-1",7
"CCACCTAAGTCGAGTG-1",2
"CCACCTAAGTGGGATC-1",2
"CCACCTAAGTGTGGCA-1",3
"CCACCTACAACAACCT-1",5
"CCACCTACAAGCCGCT-1",0
"CCACCTACAATCTACG-1",3
"CCACCTAGTAGTACCT-1",5
"CCACCTAGTCGCGTGT-1",6
"CCACCTAGTGGGTCAA-1",1
"CCACCTATCAGTTGAC-1",8
"CCACCTATCTGATACG-1",1
"CCACGGAAGACACGAC-1",1
"CCACGGAAGGGAACGG-1",4
"CCACGGACATGTCGAT-1",9
"CCACGGAGTAAGGGCT-1",6
"CCACGGAGTCAGATAA-1",2
"CCACGGAGTCCGTGAC-1",9
"CCACGGAGTGTAATGA-1",3
"CCACGGAGTTCTGAAC-1",8
"CCACGGATCACATAGC-1",2
"CCACGGATCCACGTGG-1",7
"CCACGGATCTACTATC-1",3
"CCACGGATCTAGAGTC-1",0
"CCACTACAGAGTACCG-1",8
"CCACTACAGCTTTGGT-1",4
"CCACTACCAGCAGTTT-1",4
"CCACTACCAGTAGAGC-1",0
"CCACTACGTCCGAATT-1",7
"CCACTACGTCTCAACA-1",18
"CCACTACGTGACAAAT-1",11
"CCACTACGTGACCAAG-1",3
"CCACTACGTGCACGAA-1",2
"CCACTACTCACTCTTA-1",2
"CCACTACTCCGCATCT-1",3
"CCACTACTCGGAAATA-1",4
"CCACTACTCTCGTATT-1",5
"CCACTACTCTCGTTTA-1",5
"CCAGCGAAGCCCAACC-1",4
"CCAGCGACATCGGGTC-1",2
"CCAGCGACATGTCCTC-1",8
"CCAGCGAGTAGGCATG-1",7
"CCAGCGAGTCCGTTAA-1",7
"CCAGCGATCAGAAATG-1",3
"CCATGTCAGCGATCCC-1",7
"CCATGTCAGGTCGGAT-1",3
"CCATGTCAGGTTACCT-1",7
"CCATGTCCAAGCTGGA-1",0
"CCATGTCCACATCCGG-1",3
"CCATGTCGTCCAGTAT-1",3
"CCATGTCTCCAAGTAC-1",3
"CCATGTCTCTTGTATC-1",1
"CCATTCGCAGTACACT-1",23
"CCATTCGCAGTTTACG-1",3
"CCATTCGGTAATCGTC-1",5
"CCATTCGGTATTACCG-1",7
"CCATTCGTCGTAGGAG-1",4
"CCCAATCAGTCACGCC-1",6
"CCCAATCCAGGTGGAT-1",5
"CCCAATCGTGAAGGCT-1",5
"CCCAATCGTTGGAGGT-1",6
"CCCAATCTCACATGCA-1",1
"CCCAATCTCCAGTATG-1",7
"CCCAATCTCGGAGCAA-1",1
"CCCAGTTAGAATAGGG-1",3
"CCCAGTTAGATCCCGC-1",8
"CCCAGTTAGCGTGAAC-1",0
"CCCAGTTAGGAATCGC-1",0
"CCCAGTTAGTCCGGTC-1",4
"CCCAGTTAGTTTGCGT-1",2
"CCCAGTTGTACATGTC-1",2
"CCCAGTTGTCTGCAAT-1",6
"CCCAGTTTCTGAAAGA-1",3
"CCCATACAGGGTTCCC-1",2
"CCCATACAGTGTTTGC-1",3
"CCCATACCAAAGGTGC-1",4
"CCCATACCAACACCCG-1",3
"CCCATACCAGCAGTTT-1",7
"CCCATACGTATTACCG-1",5
"CCCATACGTCAATACC-1",3
"CCCATACGTCTAGTCA-1",3
"CCCATACGTTGAGTTC-1",2
"CCCATACTCAATAAGG-1",3
"CCCATACTCAGCGACC-1",6
"CCCATACTCATCACCC-1",10
"CCCATACTCCGTAGGC-1",1
"CCCTCCTAGGAATCGC-1",19
"CCCTCCTCACGTCTCT-1",6
"CCCTCCTCAGCTTAAC-1",4
"CCCTCCTCATATGAGA-1",4
"CCCTCCTCATCACGTA-1",6
"CCCTCCTGTATGGTTC-1",5
"CCCTCCTGTTAGATGA-1",7
"CCCTCCTTCAATCACG-1",1
"CCCTCCTTCCGCAGTG-1",3
"CCGGGATAGCTTCGCG-1",2
"CCGGGATAGGCGACAT-1",6
"CCGGGATAGGCTAGGT-1",1
"CCGGGATCACAGTCGC-1",4
"CCGGGATGTATAGGTA-1",4
"CCGGGATTCAGAGCTT-1",2
"CCGGGATTCGCTAGCG-1",2
"CCGGGATTCGCTTGTC-1",3
"CCGGTAGAGCGTCTAT-1",0
"CCGGTAGAGTACGCCC-1",3
"CCGGTAGCACATAACC-1",7
"CCGGTAGCACGCATCG-1",4
"CCGGTAGGTACTTCTT-1",6
"CCGGTAGGTCAAACTC-1",6
"CCGGTAGTCGTCCGTT-1",4
"CCGTACTAGAGAACAG-1",2
"CCGTACTAGTCCGTAT-1",7
"CCGTACTCAAGCCCAC-1",11
"CCGTACTCAAGCGAGT-1",0
"CCGTACTCATCCCACT-1",4
"CCGTACTGTACAGCAG-1",5
"CCGTACTGTAGCGCTC-1",5
"CCGTACTGTGCGGTAA-1",0
"CCGTACTTCGTTACAG-1",6
"CCGTGGAAGACGCACA-1",10
"CCGTGGAAGAGTTGGC-1",1
"CCGTGGAAGGTGATAT-1",7
"CCGTGGAAGGTTCCTA-1",5
"CCGTGGACAGCCTTGG-1",4
"CCGTGGAGTTCCATGA-1",2
"CCGTGGATCTAACTTC-1",6
"CCGTGGATCTCTGTCG-1",3
"CCGTTCAAGCGTAATA-1",8
"CCGTTCAAGTACGATA-1",0
"CCGTTCAAGTAGATGT-1",5
"CCGTTCACAGGATCGA-1",3
"CCGTTCAGTATAGGGC-1",4
"CCGTTCAGTCGCGAAA-1",4
"CCGTTCATCGTACCGG-1",4
"CCTAAAGAGAGTTGGC-1",8
"CCTAAAGCAAACCTAC-1",2
"CCTAAAGCATGTCTCC-1",3
"CCTAAAGGTACTCAAC-1",9
"CCTAAAGGTCGGCACT-1",11
"CCTAAAGGTGTAATGA-1",3
"CCTAAAGTCACCGTAA-1",1
"CCTAAAGTCAGCGATT-1",10
"CCTAAAGTCGGCGCTA-1",7
"CCTAAAGTCGGTCCGA-1",3
"CCTACACAGGACCACA-1",1
"CCTACACAGGGTGTTG-1",2
"CCTACACCAGTAAGAT-1",3
"CCTACACGTATAGTAG-1",5
"CCTACACGTCCGAACC-1",7
"CCTACACGTGGGTCAA-1",3
"CCTACACGTTTGACTG-1",1
"CCTACACTCGGCGCTA-1",5
"CCTACACTCGTGACAT-1",14
"CCTACCAAGATAGGAG-1",3
"CCTACCAAGCAAATCA-1",6
"CCTACCAAGCGTAGTG-1",5
"CCTACCAAGCTTCGCG-1",4
"CCTACCAAGTGCGATG-1",1
"CCTACCAGTATCAGTC-1",4
"CCTACCAGTCTCTCTG-1",7
"CCTACCAGTCTTTCAT-1",4
"CCTACCATCAGCACAT-1",4
"CCTACCATCGCCAGCA-1",0
"CCTAGCTAGCAAATCA-1",2
"CCTAGCTAGCTCCTCT-1",5
"CCTAGCTAGGTTACCT-1",5
"CCTAGCTAGTACGCGA-1",4
"CCTAGCTCAATGAATG-1",3
"CCTAGCTCAATGGTCT-1",1
"CCTAGCTCACATCCAA-1",8
"CCTAGCTCAGCCAGAA-1",3
"CCTAGCTGTAGAAAGG-1",7
"CCTAGCTGTCACCCAG-1",2
"CCTAGCTGTCTGATTG-1",4
"CCTAGCTTCACGATGT-1",2
"CCTAGCTTCGTAGGAG-1",4
"CCTATTAAGAATTCCC-1",7
"CCTATTAAGCAGGCTA-1",11
"CCTATTAAGCAGGTCA-1",4
"CCTATTAAGGGAGTAA-1",14
"CCTATTAAGGTAGCCA-1",10
"CCTATTACACAACTGT-1",8
"CCTATTACACATCCGG-1",5
"CCTATTAGTCAATACC-1",0
"CCTATTATCATCACCC-1",7
"CCTATTATCTGCGACG-1",5
"CCTCAGTAGCTAACTC-1",1
"CCTCAGTCAGGTGGAT-1",3
"CCTCAGTGTCCATCCT-1",4
"CCTCAGTGTCCGACGT-1",1
"CCTCAGTGTCTTGTCC-1",3
"CCTCAGTGTGGGTATG-1",8
"CCTCTGAAGTATCGAA-1",6
"CCTCTGAAGTGGGTTG-1",2
"CCTCTGACAAGCTGTT-1",3
"CCTCTGACACCGATAT-1",4
"CCTCTGACAGATGAGC-1",7
"CCTCTGAGTCAATACC-1",5
"CCTCTGAGTCCGAACC-1",3
"CCTCTGAGTCGTGGCT-1",2
"CCTCTGAGTCTGATTG-1",4
"CCTCTGATCTGAGGGA-1",2
"CCTTACGCAAGCGTAG-1",6
"CCTTACGCACCAACCG-1",2
"CCTTACGGTCATCCCT-1",3
"CCTTACGGTCCTCTTG-1",14
"CCTTACGTCACAACGT-1",2
"CCTTACGTCATCTGCC-1",1
"CCTTACGTCGGAGGTA-1",1
"CCTTCCCAGAGACTAT-1",5
"CCTTCCCAGCTAGGCA-1",1
"CCTTCCCAGGACGAAA-1",1
"CCTTCCCAGGGCATGT-1",2
"CCTTCCCAGGTACTCT-1",0
"CCTTCCCCATGATCCA-1",5
"CCTTCCCTCAAGGCTT-1",4
"CCTTCCCTCTATCCTA-1",3
"CCTTCCCTCTATCGCC-1",4
"CCTTCGAAGGCGCTCT-1",1
"CCTTCGACAACACCCG-1",5
"CCTTCGACAGCGATCC-1",6
"CCTTCGAGTAAGCACG-1",1
"CCTTCGAGTCCATGAT-1",3
"CCTTCGAGTGTGACCC-1",2
"CCTTCGAGTTGGTGGA-1",2
"CCTTCGATCACAGTAC-1",5
"CCTTCGATCCTATGTT-1",6
"CCTTCGATCGCACTCT-1",5
"CCTTTCTAGACGCTTT-1",1
"CCTTTCTAGGGCACTA-1",1
"CCTTTCTAGTGGAGTC-1",2
"CCTTTCTCAGACAAGC-1",7
"CCTTTCTCATCACGAT-1",3
"CCTTTCTCATGCCCGA-1",4
"CCTTTCTTCCCACTTG-1",6
"CCTTTCTTCTTTACGT-1",4
"CGAACATCACATGACT-1",2
"CGAACATCACTTGGAT-1",4
"CGAACATCAGTCCTTC-1",3
"CGAACATGTCTGATTG-1",2
"CGAACATGTGCTGTAT-1",2
"CGAACATTCTCAAACG-1",5
"CGAATGTAGAGGTTAT-1",3
"CGAATGTAGCGATAGC-1",2
"CGAATGTAGTTCGCAT-1",4
"CGAATGTCAATGCCAT-1",3
"CGAATGTGTCTAGTCA-1",4
"CGAATGTGTCTCACCT-1",4
"CGAATGTTCAACACAC-1",2
"CGAATGTTCATCACCC-1",4
"CGAATGTTCTGTACGA-1",4
"CGACCTTAGCTACCGC-1",1
"CGACCTTAGCTAGTCT-1",4
"CGACCTTCAAAGTGCG-1",10
"CGACCTTCACGAAATA-1",2
"CGACCTTGTAAGTGTA-1",6
"CGACCTTGTCAGAATA-1",3
"CGACCTTGTCTCCCTA-1",2
"CGACCTTGTCTCTTAT-1",4
"CGACCTTTCCGCGTTT-1",2
"CGACCTTTCGTTTATC-1",2
"CGACCTTTCTCCAGGG-1",2
"CGACTTCAGACACGAC-1",2
"CGACTTCAGGTAGCCA-1",6
"CGACTTCAGTCTTGCA-1",6
"CGACTTCCAATGGACG-1",2
"CGACTTCGTGGTGTAG-1",12
"CGACTTCGTTGAGTTC-1",7
"CGACTTCTCACTTACT-1",7
"CGACTTCTCTCGCTTG-1",7
"CGAGAAGAGAAACGCC-1",3
"CGAGAAGAGCCAACAG-1",4
"CGAGAAGAGCGTGTCC-1",15
"CGAGAAGCAAGTTCTG-1",4
"CGAGAAGCACATCCGG-1",3
"CGAGAAGCAGGCTGAA-1",21
"CGAGAAGTCGGATGGA-1",1
"CGAGCACAGCCAGAAC-1",1
"CGAGCACCACATGTGT-1",3
"CGAGCACGTAGCGTCC-1",4
"CGAGCACGTAGCGTGA-1",2
"CGAGCACGTCAGATAA-1",2
"CGAGCACGTGCCTTGG-1",6
"CGAGCACTCCCGGATG-1",4
"CGAGCACTCCGCTGTT-1",4
"CGAGCACTCGGAAATA-1",3
"CGAGCACTCGTGACAT-1",2
"CGAGCCAAGCTAGCCC-1",1
"CGAGCCAGTATATCCG-1",5
"CGAGCCAGTCAAGCGA-1",5
"CGATCGGAGAGCCTAG-1",7
"CGATCGGAGTACGATA-1",4
"CGATCGGCAAACGCGA-1",6
"CGATCGGCAAGCGATG-1",2
"CGATCGGCAATACGCT-1",2
"CGATCGGCAGTTAACC-1",7
"CGATCGGCATACTCTT-1",2
"CGATCGGGTCGACTGC-1",5
"CGATCGGTCAACGGGA-1",5
"CGATCGGTCTAGCACA-1",4
"CGATGGCAGCCGTCGT-1",6
"CGATGGCAGTCCAGGA-1",3
"CGATGGCCACTTAACG-1",3
"CGATGGCCAGCGTAAG-1",9
"CGATGGCCATCATCCC-1",2
"CGATGGCTCCTAGAAC-1",4
"CGATGGCTCGCTAGCG-1",5
"CGATGGCTCTGACCTC-1",4
"CGATGTAAGGCAATTA-1",18
"CGATGTAAGTTTGCGT-1",1
"CGATGTACACAGGCCT-1",5
"CGATGTACAGGTCTCG-1",2
"CGATGTAGTCCAGTGC-1",5
"CGATGTAGTCTAGGTT-1",3
"CGATGTAGTGTGCCTG-1",4
"CGATGTAGTTTGCATG-1",4
"CGATTGAAGATGTGGC-1",3
"CGATTGACAGACGCAA-1",2
"CGATTGAGTATGGTTC-1",1
"CGATTGAGTTCAGACT-1",1
"CGATTGATCATGGTCA-1",3
"CGATTGATCTGCGGCA-1",1
"CGCCAAGAGAATGTTG-1",4
"CGCCAAGAGACCTTTG-1",2
"CGCCAAGAGATCGGGT-1",4
"CGCCAAGAGATCTGAA-1",3
"CGCCAAGAGCGTGTCC-1",5
"CGCCAAGGTCTAGGTT-1",6
"CGCCAAGTCAGGATCT-1",4
"CGCCAAGTCCACTCCA-1",2
"CGCCAAGTCTTGTTTG-1",2
"CGCGGTAAGCTAGCCC-1",1
"CGCGGTAAGGGTTCCC-1",1
"CGCGGTACAAACTGCT-1",5
"CGCGGTACAATGGAAT-1",6
"CGCGGTACAGCTGTTA-1",6
"CGCGGTAGTCAAGCGA-1",1
"CGCGGTAGTGAGGCTA-1",0
"CGCGGTAGTTTGCATG-1",3
"CGCGTTTAGTTATCGC-1",2
"CGCGTTTCAACAACCT-1",5
"CGCGTTTCAAGCGAGT-1",7
"CGCGTTTCAATGGACG-1",1
"CGCGTTTCACGGTGTC-1",5
"CGCGTTTGTGCTGTAT-1",3
"CGCGTTTGTGGACGAT-1",10
"CGCGTTTTCAAACCGT-1",2
"CGCGTTTTCAGCCTAA-1",8
"CGCGTTTTCCTATGTT-1",2
"CGCGTTTTCGTGGTCG-1",12
"CGCTATCAGAAACCGC-1",1
"CGCTATCAGTCATCCA-1",4
"CGCTATCCAAGCGAGT-1",8
"CGCTATCCAGTCGATT-1",1
"CGCTATCCATCGACGC-1",10
"CGCTATCCATTTCAGG-1",8
"CGCTATCGTACCGAGA-1",5
"CGCTATCGTTCGAATC-1",7
"CGCTATCGTTTCGCTC-1",6
"CGCTATCTCGTTACAG-1",2
"CGCTGGAAGGACATTA-1",2
"CGCTGGAAGGGCACTA-1",2
"CGCTGGAAGGTGATAT-1",3
"CGCTGGACAGACTCGC-1",6
"CGCTGGAGTGTAATGA-1",5
"CGCTGGAGTTCTGGTA-1",4
"CGCTGGATCCGAAGAG-1",4
"CGCTGGATCCGTTGCT-1",8
"CGCTGGATCGTAGGAG-1",4
"CGCTGGATCGTTACAG-1",2
"CGCTTCAAGAAGGGTA-1",8
"CGCTTCAAGGTCGGAT-1",0
"CGCTTCACACGGTGTC-1",5
"CGCTTCACAGACAAGC-1",6
"CGCTTCACATCACCCT-1",10
"CGCTTCAGTCGCGGTT-1",7
"CGCTTCATCTTAGAGC-1",3
"CGGACACAGCGATATA-1",6
"CGGACACAGCGATGAC-1",5
"CGGACACAGCTTCGCG-1",1
"CGGACACAGGTAAACT-1",1
"CGGACACAGTAGCCGA-1",8
"CGGACACCACAGGAGT-1",3
"CGGACACCATTCACTT-1",3
"CGGACACGTGAGCGAT-1",3
"CGGACACGTGCTCTTC-1",3
"CGGACACGTGTGACCC-1",5
"CGGACGTAGGTTACCT-1",5
"CGGACGTCATGGGACA-1",5
"CGGACGTGTGAAAGAG-1",1
"CGGACGTGTTGGTAAA-1",5
"CGGACGTTCATGTGGT-1",3
"CGGACGTTCTGTCCGT-1",4
"CGGACTGAGGAGCGAG-1",4
"CGGACTGAGGAGTCTG-1",2
"CGGACTGAGTGGTAGC-1",1
"CGGACTGCAACTTGAC-1",17
"CGGACTGCAATGACCT-1",4
"CGGACTGCACAACGTT-1",6
"CGGACTGCACGCCAGT-1",2
"CGGACTGCAGTATGCT-1",1
"CGGACTGGTAAAGGAG-1",8
"CGGACTGGTATAAACG-1",3
"CGGACTGGTGTAAGTA-1",1
"CGGACTGGTGTGGTTT-1",3
"CGGACTGGTTGACGTT-1",2
"CGGACTGTCATTGCCC-1",7
"CGGACTGTCCATGCTC-1",5
"CGGACTGTCCGTCAAA-1",4
"CGGACTGTCGTTTGCC-1",5
"CGGACTGTCTTCATGT-1",10
"CGGAGCTAGTTTAGGA-1",5
"CGGAGCTCATTGAGCT-1",2
"CGGAGCTGTAGAAAGG-1",3
"CGGAGCTTCACTTATC-1",3
"CGGAGCTTCATGTAGC-1",6
"CGGAGCTTCCACGAAT-1",6
"CGGAGTCAGTGCGATG-1",11
"CGGAGTCAGTGTGAAT-1",1
"CGGAGTCCAGTGGGAT-1",5
"CGGAGTCCATTATCTC-1",5
"CGGAGTCGTAGCTGCC-1",2
"CGGAGTCGTCCAGTGC-1",4
"CGGAGTCGTGTTCGAT-1",3
"CGGAGTCTCCCAGGTG-1",6
"CGGAGTCTCCGTAGTA-1",3
"CGGCTAGAGAAACGCC-1",4
"CGGCTAGAGCACCGTC-1",3
"CGGCTAGAGCTAAACA-1",2
"CGGCTAGCAGACAAAT-1",3
"CGGCTAGGTAACGCGA-1",2
"CGGCTAGGTTCATGGT-1",4
"CGGCTAGTCAAAGACA-1",3
"CGGCTAGTCGTGGGAA-1",4
"CGGCTAGTCTTGTTTG-1",6
"CGGGTCAAGAGTCGGT-1",12
"CGGGTCAAGCACACAG-1",4
"CGGGTCAAGCTAACTC-1",0
"CGGGTCAAGGACACCA-1",5
"CGGGTCAAGTATGACA-1",9
"CGGGTCACAATGACCT-1",7
"CGGGTCACACCGAAAG-1",8
"CGGGTCACAGCCACCA-1",1
"CGGGTCACATACAGCT-1",5
"CGGGTCACATCCTTGC-1",4
"CGGGTCAGTAGCGCTC-1",9
"CGGGTCAGTCGATTGT-1",4
"CGGGTCAGTGCAACTT-1",4
"CGGGTCAGTTGTTTGG-1",3
"CGGGTCATCAACACCA-1",17
"CGGGTCATCACCTTAT-1",4
"CGGGTCATCCACGACG-1",7
"CGGTTAACAGGACCCT-1",7
"CGGTTAACATGTCCTC-1",7
"CGGTTAACATTCCTGC-1",7
"CGGTTAAGTCGACTGC-1",13
"CGGTTAATCCGGCACA-1",4
"CGGTTAATCCTTTCGG-1",5
"CGGTTAATCTTATCTG-1",3
"CGTAGCGAGATGTAAC-1",9
"CGTAGCGAGGCAATTA-1",8
"CGTAGCGAGTAGGTGC-1",9
"CGTAGCGCAAGCGCTC-1",5
"CGTAGCGTCCAACCAA-1",2
"CGTAGCGTCGGCGGTT-1",9
"CGTAGGCAGGGCTCTC-1",7
"CGTAGGCCAAGCGATG-1",7
"CGTAGGCCACTAAGTC-1",4
"CGTAGGCCAGAGTGTG-1",3
"CGTAGGCCATCCCATC-1",13
"CGTAGGCGTATTAGCC-1",7
"CGTAGGCGTCAATACC-1",2
"CGTAGGCGTGGCGAAT-1",5
"CGTAGGCTCCAGAAGG-1",3
"CGTCACTAGTCATGCT-1",4
"CGTCACTCAAAGCGGT-1",3
"CGTCACTCAGGTCCAC-1",12
"CGTCACTCAGTCACTA-1",8
"CGTCACTTCCTTGACC-1",6
"CGTCACTTCGGTGTTA-1",1
"CGTCACTTCTGTGCAA-1",7
"CGTCACTTCTTGAGAC-1",2
"CGTCAGGAGCTGTTCA-1",7
"CGTCAGGCAAAGCAAT-1",4
"CGTCAGGCAAAGCGGT-1",8
"CGTCAGGCAACACGCC-1",1
"CGTCAGGCATCCGCGA-1",4
"CGTCAGGGTCAGCTAT-1",6
"CGTCAGGGTCGTTGTA-1",3
"CGTCAGGGTGTAAGTA-1",1
"CGTCAGGTCCACTGGG-1",6
"CGTCAGGTCGACAGCC-1",6
"CGTCAGGTCGGGAGTA-1",7
"CGTCCATAGACCACGA-1",7
"CGTCCATAGCGATTCT-1",5
"CGTCCATAGGCTATCT-1",4
"CGTCCATAGTCTCAAC-1",4
"CGTCCATCACGACTCG-1",4
"CGTCCATCATTCACTT-1",7
"CGTCCATGTCTAGCGC-1",1
"CGTCCATGTGATAAAC-1",4
"CGTCCATGTTTGGGCC-1",4
"CGTCCATGTTTGTGTG-1",2
"CGTCCATTCAACACCA-1",8
"CGTCCATTCATTCACT-1",4
"CGTCTACAGTGCGTGA-1",7
"CGTCTACGTAGTAGTA-1",3
"CGTCTACTCGAGCCCA-1",7
"CGTCTACTCGCCATAA-1",3
"CGTCTACTCGGCCGAT-1",9
"CGTCTACTCGTCCAGG-1",8
"CGTCTACTCTATCGCC-1",0
"CGTGAGCAGATCTGAA-1",24
"CGTGAGCAGCAATCTC-1",4
"CGTGAGCAGCGGATCA-1",8
"CGTGAGCAGCTAGTGG-1",5
"CGTGAGCAGCTTCGCG-1",3
"CGTGAGCAGGGCACTA-1",4
"CGTGAGCAGGGTGTGT-1",1
"CGTGAGCAGTGGAGAA-1",0
"CGTGAGCCAAGCCGCT-1",8
"CGTGAGCCACGTAAGG-1",7
"CGTGAGCCATACGCCG-1",2
"CGTGAGCGTAGATTAG-1",2
"CGTGAGCGTCTCTTAT-1",8
"CGTGAGCTCACAAACC-1",2
"CGTGAGCTCCAAATGC-1",3
"CGTGAGCTCCGAGCCA-1",8
"CGTGAGCTCGTTGCCT-1",7
"CGTGAGCTCTGGGCCA-1",5
"CGTGTAAAGATAGTCA-1",3
"CGTGTAAAGGTGTTAA-1",1
"CGTGTAAAGTACATGA-1",1
"CGTGTAACATGGGACA-1",3
"CGTGTAAGTCCGCTGA-1",1
"CGTGTAAGTGTCTGAT-1",7
"CGTGTAATCTACTATC-1",1
"CGTGTAATCTCGATGA-1",7
"CGTGTAATCTTTAGTC-1",3
"CGTGTCTAGGCGCTCT-1",2
"CGTGTCTAGGGATGGG-1",13
"CGTGTCTCAGACAAAT-1",3
"CGTGTCTCAGACACTT-1",4
"CGTGTCTGTAAGAGGA-1",2
"CGTGTCTGTATATGAG-1",5
"CGTGTCTGTCAAAGCG-1",3
"CGTGTCTGTTCCGTCT-1",4
"CGTGTCTTCAATCACG-1",4
"CGTGTCTTCAGAGGTG-1",5
"CGTGTCTTCATAGCAC-1",1
"CGTGTCTTCCGAACGC-1",4
"CGTGTCTTCGGCATCG-1",1
"CGTGTCTTCGTGGACC-1",4
"CGTGTCTTCTACTTAC-1",4
"CGTGTCTTCTGAGTGT-1",4
"CGTTAGAAGATCTGAA-1",2
"CGTTAGAAGGCCCTTG-1",3
"CGTTAGACACGAAAGC-1",3
"CGTTAGACAGCTTCGG-1",3
"CGTTAGAGTTTAAGCC-1",4
"CGTTAGATCACTTATC-1",5
"CGTTAGATCAGCCTAA-1",27
"CGTTCTGAGAAGGGTA-1",1
"CGTTCTGAGACTAGGC-1",11
"CGTTCTGAGTGAACAT-1",2
"CGTTCTGCAGCTCGCA-1",9
"CGTTCTGCATTGGCGC-1",5
"CGTTCTGGTGAGGGTT-1",4
"CGTTCTGTCTGATTCT-1",5
"CGTTGGGAGCTAGTTC-1",12
"CGTTGGGAGGATGCGT-1",4
"CGTTGGGCACATTAGC-1",3
"CGTTGGGCAGACAGGT-1",2
"CGTTGGGGTTCCCGAG-1",2
"CGTTGGGTCATGCTCC-1",3
"CGTTGGGTCCATGAAC-1",9
"CGTTGGGTCTACCAGA-1",12
"CTAACTTAGTCCTCCT-1",4
"CTAACTTCAATAGCAA-1",3
"CTAACTTCAATCGGTT-1",4
"CTAACTTGTGAGGCTA-1",1
"CTAACTTTCGTACGGC-1",7
"CTAACTTTCTGGCGTG-1",10
"CTAAGACAGGGAAACA-1",4
"CTAAGACAGTACATGA-1",3
"CTAAGACAGTTCGCGC-1",5
"CTAAGACCAAGTAATG-1",3
"CTAAGACCAGTAAGAT-1",3
"CTAAGACCATGCAATC-1",1
"CTAAGACGTAAGGATT-1",6
"CTAAGACGTATCAGTC-1",3
"CTAAGACGTCACCTAA-1",3
"CTAAGACTCGTTGCCT-1",9
"CTAAGACTCTTACCGC-1",3
"CTAAGACTCTTGAGGT-1",6
"CTAATGGAGCAATCTC-1",2
"CTAATGGAGCGCTCCA-1",6
"CTAATGGAGCTCCCAG-1",9
"CTAATGGAGCTGAAAT-1",16
"CTAATGGAGTTAGGTA-1",5
"CTAATGGCATGGAATA-1",8
"CTAATGGGTACCGCTG-1",5
"CTAATGGGTCTAGCGC-1",1
"CTAATGGGTGAGGGAG-1",1
"CTAATGGGTTGGTGGA-1",2
"CTAATGGTCATGCTCC-1",3
"CTAATGGTCCACTGGG-1",3
"CTAATGGTCCGTTGCT-1",3
"CTAATGGTCCTAGAAC-1",3
"CTACACCAGTGCGATG-1",0
"CTACACCCACGGACAA-1",3
"CTACACCGTAATAGCA-1",10
"CTACACCGTCTGATTG-1",3
"CTACACCGTTCGTCTC-1",2
"CTACACCTCAGAAATG-1",5
"CTACACCTCGGCTTGG-1",2
"CTACACCTCGGTCCGA-1",2
"CTACACCTCTCGCATC-1",21
"CTACACCTCTCTGCTG-1",9
"CTACATTAGATCACGG-1",2
"CTACATTCACTCGACG-1",1
"CTACATTCATTTCACT-1",5
"CTACATTGTGATGATA-1",0
"CTACATTGTTCGAATC-1",3
"CTACATTTCAACGCTA-1",3
"CTACATTTCGCCATAA-1",0
"CTACATTTCTAGCACA-1",7
"CTACCCACACAGAGGT-1",2
"CTACCCACACGACGAA-1",4
"CTACCCACATGGTTGT-1",3
"CTACCCAGTATCTGCA-1",8
"CTACCCAGTATGAATG-1",2
"CTACCCAGTCAGAAGC-1",0
"CTACCCAGTGTGACCC-1",7
"CTACCCAGTTATGTGC-1",7
"CTACCCATCTACGAGT-1",2
"CTACGTCAGGTGCAAC-1",5
"CTACGTCAGTGCGATG-1",7
"CTACGTCAGTTGTCGT-1",10
"CTACGTCCATATACCG-1",9
"CTACGTCGTATATGGA-1",9
"CTACGTCGTGTGGTTT-1",0
"CTACGTCTCAAAGTAG-1",4
"CTACGTCTCACGACTA-1",7
"CTACGTCTCACGGTTA-1",8
"CTACGTCTCCTAGAAC-1",8
"CTAGAGTAGCTGTCTA-1",13
"CTAGAGTAGGATCGCA-1",1
"CTAGAGTAGTCCATAC-1",3
"CTAGAGTCACATTAGC-1",4
"CTAGAGTCAGTATGCT-1",5
"CTAGAGTCATACTCTT-1",9
"CTAGAGTCATGTAAGA-1",3
"CTAGAGTGTGACCAAG-1",7
"CTAGAGTTCAACACCA-1",6
"CTAGAGTTCCGTCAAA-1",6
"CTAGAGTTCCTAAGTG-1",2
"CTAGAGTTCGCCAGCA-1",3
"CTAGAGTTCGCTTAGA-1",7
"CTAGAGTTCGTGACAT-1",4
"CTAGAGTTCTGATTCT-1",8
"CTAGCCTCACCAGATT-1",2
"CTAGCCTGTATATCCG-1",5
"CTAGCCTGTGATGCCC-1",5
"CTAGCCTTCGGGAGTA-1",17
"CTAGTGAAGCTGGAAC-1",2
"CTAGTGAAGTGTACCT-1",4
"CTAGTGACAAGTCTAC-1",2
"CTAGTGACAGGATCGA-1",10
"CTAGTGAGTTATGCGT-1",2
"CTAGTGATCAGTTGAC-1",7
"CTAGTGATCCAGTAGT-1",4
"CTCACACAGCTAAGAT-1",3
"CTCACACAGCTGCCCA-1",1
"CTCACACAGGATGCGT-1",2
"CTCACACCACGTAAGG-1",4
"CTCACACCACTGTTAG-1",3
"CTCACACCATATACGC-1",3
"CTCACACGTGCTGTAT-1",8
"CTCACACGTTCCATGA-1",3
"CTCACACGTTTGGGCC-1",4
"CTCACACTCACCGGGT-1",7
"CTCACACTCATCGGAT-1",2
"CTCACACTCCGCGCAA-1",2
"CTCACACTCTAACCGA-1",4
"CTCAGAAAGAGCTGCA-1",4
"CTCAGAAAGGAGTAGA-1",4
"CTCAGAACAACGCACC-1",5
"CTCAGAACAAGCGATG-1",5
"CTCAGAACAGGGCATA-1",4
"CTCAGAAGTGACGGTA-1",2
"CTCAGAATCTTAACCT-1",2
"CTCATTAAGAACTGTA-1",2
"CTCATTACATGGTCAT-1",2
"CTCATTAGTGTAACGG-1",4
"CTCATTAGTTTACTCT-1",3
"CTCCTAGCAAGTACCT-1",4
"CTCCTAGCAATTCCTT-1",10
"CTCCTAGCACTGTCGG-1",3
"CTCCTAGCAGTCCTTC-1",6
"CTCCTAGCATAACCTG-1",2
"CTCCTAGCATGCGCAC-1",1
"CTCCTAGGTAGAAAGG-1",4
"CTCCTAGGTCCGAGTC-1",3
"CTCCTAGGTCTAGCCG-1",2
"CTCCTAGGTGTTTGTG-1",7
"CTCCTAGGTTCGTGAT-1",1
"CTCCTAGGTTGTTTGG-1",3
"CTCCTAGTCACTTACT-1",4
"CTCCTAGTCTCATTCA-1",3
"CTCGAAAAGCCCAACC-1",6
"CTCGAAAAGCTATGCT-1",10
"CTCGAAAAGGCCCTTG-1",4
"CTCGAAAAGGGCTTCC-1",9
"CTCGAAACAAGCCGTC-1",4
"CTCGAAACACATTAGC-1",2
"CTCGAAACACCGAAAG-1",4
"CTCGAAACACGGCTAC-1",6
"CTCGAAACAGTAAGAT-1",5
"CTCGAAACATACGCCG-1",3
"CTCGAGGAGCCATCGC-1",7
"CTCGAGGAGGGCTTCC-1",6
"CTCGAGGCAGATAATG-1",12
"CTCGAGGGTATTCTCT-1",3
"CTCGAGGGTGCCTGGT-1",4
"CTCGGAGAGTCCCACG-1",3
"CTCGGAGCACTTCTGC-1",4
"CTCGGAGCAGCTGCAC-1",5
"CTCGGAGCAGGATCGA-1",6
"CTCGGAGGTAGCCTAT-1",8
"CTCGGAGGTCATGCCG-1",6
"CTCGGAGTCAAACGGG-1",4
"CTCGGAGTCACATACG-1",11
"CTCGGAGTCAGCTTAG-1",10
"CTCGGGAAGACCTAGG-1",5
"CTCGGGACACAGCCCA-1",4
"CTCGGGACATAAAGGT-1",3
"CTCGGGACATCCCACT-1",7
"CTCGGGACATGTCGAT-1",3
"CTCGGGAGTCGCGTGT-1",5
"CTCGGGAGTGACTACT-1",11
"CTCGGGAGTTACGACT-1",4
"CTCGGGATCCGTACAA-1",1
"CTCGGGATCCTTGACC-1",2
"CTCGGGATCTTAGCCC-1",1
"CTCGGGATCTTGTTTG-1",4
"CTCGTACAGCGATAGC-1",6
"CTCGTACCAGCGTAAG-1",2
"CTCGTACCATAGTAAG-1",1
"CTCGTACGTAGAGTGC-1",3
"CTCGTACGTATCACCA-1",4
"CTCGTACGTGCAGTAG-1",1
"CTCGTACTCAAAGTAG-1",6
"CTCGTACTCAATCTCT-1",5
"CTCGTACTCGTTGCCT-1",1
"CTCGTACTCTGGTTCC-1",5
"CTCGTCAAGATGCCTT-1",6
"CTCGTCAAGTGGAGTC-1",15
"CTCGTCAAGTTTGCGT-1",2
"CTCGTCACAACGATCT-1",3
"CTCGTCACACATCCGG-1",2
"CTCGTCACAGTCGTGC-1",14
"CTCGTCAGTCTCATCC-1",2
"CTCGTCAGTCTCCATC-1",2
"CTCGTCAGTGAGCGAT-1",1
"CTCGTCAGTTGACGTT-1",1
"CTCGTCAGTTGGGACA-1",1
"CTCGTCATCACTTATC-1",4
"CTCGTCATCGACCAGC-1",2
"CTCGTCATCTGCTGTC-1",6
"CTCTAATCACCAGGTC-1",4
"CTCTAATCACGGTGTC-1",7
"CTCTAATCAGGAATCG-1",0
"CTCTAATGTCCAAGTT-1",3
"CTCTACGAGCTAAACA-1",7
"CTCTACGAGCTAGTGG-1",5
"CTCTACGAGTACGCCC-1",6
"CTCTACGAGTAGGCCA-1",3
"CTCTACGCAATAACGA-1",5
"CTCTACGCAGACGCTC-1",5
"CTCTACGCATGACATC-1",1
"CTCTACGTCATGTCTT-1",8
"CTCTACGTCCCTAATT-1",8
"CTCTACGTCGGCATCG-1",3
"CTCTACGTCGGTCTAA-1",8
"CTCTGGTAGCAGCGTA-1",3
"CTCTGGTAGCGTTCCG-1",8
"CTCTGGTAGGCATGGT-1",5
"CTCTGGTAGTGCCAGA-1",1
"CTCTGGTCACAAGCCC-1",8
"CTCTGGTCAGCCTTTC-1",6
"CTCTGGTTCATCTGTT-1",5
"CTCTGGTTCTTGTACT-1",3
"CTGAAACAGATCCCGC-1",2
"CTGAAACAGGTGCTAG-1",1
"CTGAAACAGTCCGTAT-1",4
"CTGAAACAGTGTCTCA-1",4
"CTGAAACGTCATCGGC-1",5
"CTGAAACGTTAAAGAC-1",3
"CTGAAACTCATACGGT-1",7
"CTGAAGTAGTGCGTGA-1",7
"CTGAAGTCAGCTGTAT-1",16
"CTGAAGTGTTAAAGTG-1",3
"CTGAAGTTCAAGCCTA-1",4
"CTGAAGTTCGGATGTT-1",2
"CTGATAGAGGGAGTAA-1",3
"CTGATAGAGTGCAAGC-1",2
"CTGATAGCAGCCTTTC-1",3
"CTGATAGCATCCCATC-1",6
"CTGATAGCATCTCCCA-1",5
"CTGATAGGTCAAAGCG-1",13
"CTGATAGGTCGCTTTC-1",2
"CTGATAGGTTACGACT-1",2
"CTGATAGTCGCGATCG-1",1
"CTGATAGTCTTATCTG-1",1
"CTGATCCAGGCATTGG-1",7
"CTGATCCAGGTGACCA-1",4
"CTGATCCCACAGAGGT-1",9
"CTGATCCCAGGCTGAA-1",0
"CTGATCCGTGCCTGGT-1",7
"CTGATCCGTTATCCGA-1",4
"CTGATCCGTTGTGGCC-1",6
"CTGCCTAAGGGTCTCC-1",13
"CTGCCTAAGGTGATAT-1",4
"CTGCCTAAGTACGCGA-1",2
"CTGCCTAAGTGCGTGA-1",6
"CTGCCTACATCCCACT-1",8
"CTGCCTATCAATAAGG-1",11
"CTGCGGAAGAAGGACA-1",8
"CTGCGGAAGAGCTGGT-1",6
"CTGCGGAAGATGAGAG-1",4
"CTGCGGACAGGTCGTC-1",0
"CTGCGGACATGTCTCC-1",3
"CTGCGGAGTCACTTCC-1",3
"CTGCGGAGTCGTGGCT-1",4
"CTGCGGAGTTCTGTTT-1",3
"CTGCGGAGTTGGACCC-1",5
"CTGCGGATCGCCTGTT-1",2
"CTGCGGATCTTACCGC-1",1
"CTGCTGTAGGGTGTTG-1",3
"CTGCTGTAGTACCGGA-1",6
"CTGCTGTAGTGGAGAA-1",4
"CTGCTGTCACATCTTT-1",1
"CTGCTGTGTTAAAGAC-1",4
"CTGCTGTTCTCCAACC-1",4
"CTGCTGTTCTTACCGC-1",8
"CTGGTCTAGCGTTGCC-1",6
"CTGGTCTAGGACAGCT-1",11
"CTGGTCTAGGGCTTGA-1",8
"CTGGTCTAGTCGAGTG-1",0
"CTGGTCTCAAAGGAAG-1",4
"CTGGTCTCACCAGTTA-1",0
"CTGGTCTGTACCTACA-1",5
"CTGGTCTGTACGCTGC-1",12
"CTGGTCTGTCCGCTGA-1",2
"CTGGTCTGTCCGTTAA-1",10
"CTGGTCTGTTCATGGT-1",6
"CTGGTCTGTTCGTGAT-1",0
"CTGGTCTTCAACGGGA-1",9
"CTGGTCTTCACTTACT-1",3
"CTGGTCTTCTTACCTA-1",2
"CTGTGCTGTATATCCG-1",4
"CTGTGCTGTCATCCCT-1",2
"CTGTGCTGTCCCTACT-1",4
"CTGTGCTGTCGGCACT-1",1
"CTGTGCTTCCATTCTA-1",1
"CTGTGCTTCCGTACAA-1",4
"CTGTTTAAGAAACCGC-1",1
"CTGTTTAAGATCGATA-1",2
"CTGTTTAAGGAGTTGC-1",2
"CTGTTTAGTCAAAGCG-1",2
"CTGTTTATCAGCCTAA-1",3
"CTGTTTATCATTTGGG-1",5
"CTGTTTATCTCCAGGG-1",5
"CTGTTTATCTCTTGAT-1",5
"CTGTTTATCTTCTGGC-1",6
"CTTAACTAGCCAGTAG-1",5
"CTTAACTAGGCTCTTA-1",6
"CTTAACTAGGTGCACA-1",2
"CTTAACTAGTCTCGGC-1",5
"CTTACCGAGCGCTTAT-1",14
"CTTACCGAGGCTACGA-1",6
"CTTACCGCAGATCTGT-1",4
"CTTACCGCAGTCAGAG-1",6
"CTTACCGGTCCTGCTT-1",3
"CTTACCGGTCGCCATG-1",3
"CTTACCGGTCTACCTC-1",3
"CTTACCGTCGGACAAG-1",7
"CTTAGGAAGCCCAACC-1",8
"CTTAGGACACGACGAA-1",4
"CTTAGGAGTTATGTGC-1",4
"CTTAGGATCCCATTTA-1",15
"CTTAGGATCTTTACAC-1",5
"CTTCTCTAGAACTCGG-1",3
"CTTCTCTAGAGTGAGA-1",3
"CTTCTCTAGCAGGCTA-1",6
"CTTCTCTAGTTAACGA-1",3
"CTTCTCTCAAAGGTGC-1",5
"CTTCTCTGTAACGACG-1",5
"CTTCTCTGTGCATCTA-1",7
"CTTCTCTTCGAGCCCA-1",4
"CTTGGCTAGCGATATA-1",2
"CTTGGCTAGTACGTTC-1",4
"CTTGGCTCATTACCTT-1",3
"CTTGGCTGTCTCCATC-1",2
"CTTGGCTTCCCTAATT-1",3
"CTTGGCTTCGCGTAGC-1",3
"CTTGGCTTCTCGTTTA-1",8
"CTTTGCGAGCAAATCA-1",1
"CTTTGCGAGCGTTCCG-1",20
"CTTTGCGAGTATCTCG-1",2
"CTTTGCGCAATTCCTT-1",6
"CTTTGCGCACTTAAGC-1",20
"CTTTGCGCAGACGCAA-1",0
"CTTTGCGGTAGAGGAA-1",6
"CTTTGCGTCCAGGGCT-1",2
"GAAACTCAGAGACGAA-1",4
"GAAACTCAGAGGTTAT-1",6
"GAAACTCAGCAGCCTC-1",9
"GAAACTCAGCCCAGCT-1",7
"GAAACTCAGCTAAACA-1",9
"GAAACTCAGTGCTGCC-1",6
"GAAACTCCAAGCCCAC-1",6
"GAAACTCCACATGACT-1",2
"GAAACTCCAGACACTT-1",2
"GAAACTCCATGGATGG-1",2
"GAAACTCGTACTCGCG-1",2
"GAAACTCGTAGCGATG-1",3
"GAAACTCGTGTGAAAT-1",1
"GAAACTCGTTTGTGTG-1",5
"GAAATGAAGACTAGGC-1",4
"GAAATGAAGCCAGTTT-1",2
"GAAATGAAGCTAGTCT-1",9
"GAAATGAAGTACGTAA-1",2
"GAAATGATCATGCTCC-1",4
"GAAATGATCCTCGCAT-1",6
"GAACATCAGATGGCGT-1",2
"GAACATCCAACAACCT-1",2
"GAACATCCACATCTTT-1",3
"GAACATCCACCTATCC-1",5
"GAACATCCACGGACAA-1",3
"GAACATCCATGCTAGT-1",1
"GAACATCGTACGACCC-1",3
"GAACATCGTGGACGAT-1",9
"GAACATCGTTCCCGAG-1",3
"GAACATCTCCAAGTAC-1",2
"GAACATCTCGATCCCT-1",5
"GAACATCTCTCCAACC-1",9
"GAACCTAAGAACTGTA-1",6
"GAACCTAAGAGCAATT-1",5
"GAACCTAAGCCAGTAG-1",1
"GAACCTACAAGGACAC-1",1
"GAACCTACAGACACTT-1",4
"GAACCTAGTACCAGTT-1",4
"GAACCTAGTGTCAATC-1",3
"GAACCTATCACGATGT-1",4
"GAACGGAAGACGCAAC-1",5
"GAACGGAAGTAATCCC-1",8
"GAACGGAAGTCAATAG-1",4
"GAACGGAAGTGGACGT-1",2
"GAACGGACACAGCGTC-1",5
"GAACGGACACCTCGTT-1",5
"GAACGGACACTTAACG-1",1
"GAACGGAGTAGCGTAG-1",3
"GAACGGAGTCAGAGGT-1",3
"GAACGGAGTGGCGAAT-1",7
"GAACGGATCACTCCTG-1",10
"GAACGGATCCACGAAT-1",3
"GAACGGATCGTAGGAG-1",15
"GAACGGATCTGTCAAG-1",2
"GAAGCAGAGACTAAGT-1",9
"GAAGCAGAGAGACGAA-1",9
"GAAGCAGAGCCACGCT-1",11
"GAAGCAGAGTTCGCGC-1",5
"GAAGCAGCAATCCGAT-1",9
"GAAGCAGCACTCGACG-1",5
"GAAGCAGCAGATCTGT-1",2
"GAAGCAGCAGATGAGC-1",6
"GAAGCAGCATGAACCT-1",5
"GAAGCAGCATGGAATA-1",1
"GAAGCAGGTAACGCGA-1",8
"GAAGCAGGTCATACTG-1",6
"GAAGCAGTCCTAGTGA-1",5
"GAAGCAGTCTTATCTG-1",5
"GAATAAGCAAGGTGTG-1",9
"GAATAAGCAGACAAGC-1",6
"GAATAAGCATGCAACT-1",3
"GAATAAGGTCCGTTAA-1",8
"GAATAAGGTGAGTGAC-1",5
"GAATAAGGTTCCCTTG-1",5
"GAATAAGTCGTTTAGG-1",3
"GAATGAAAGAGTCTGG-1",6
"GAATGAAAGCTTATCG-1",3
"GAATGAAAGGCATGTG-1",2
"GAATGAACAAACGCGA-1",2
"GAATGAACAGTGAGTG-1",2
"GAATGAACATCATCCC-1",2
"GAATGAAGTCAACATC-1",3
"GAATGAAGTCTCACCT-1",5
"GAATGAAGTGGCAAAC-1",3
"GAATGAAGTTGCGTTA-1",3
"GAATGAATCAGTTAGC-1",2
"GAATGAATCCTGCCAT-1",22
"GACACGCAGACGCACA-1",5
"GACACGCAGAGTAATC-1",1
"GACACGCAGCCAACAG-1",5
"GACACGCAGGAGTTTA-1",12
"GACACGCAGGGCATGT-1",3
"GACACGCAGGTGCACA-1",2
"GACACGCAGTCCAGGA-1",4
"GACACGCAGTGGGATC-1",3
"GACACGCAGTGGGTTG-1",6
"GACACGCCAAGCGTAG-1",14
"GACACGCCAAGGACAC-1",1
"GACACGCCAGACGCTC-1",1
"GACACGCCATCCTTGC-1",9
"GACACGCGTTCACGGC-1",9
"GACACGCTCATGTAGC-1",9
"GACAGAGAGTACGATA-1",8
"GACAGAGCAACGATCT-1",5
"GACAGAGCAAGTCTAC-1",0
"GACAGAGCAGCTCCGA-1",12
"GACAGAGCAGCTGGCT-1",1
"GACAGAGGTAGAAAGG-1",5
"GACAGAGTCAAACAAG-1",8
"GACAGAGTCAGAGACG-1",4
"GACAGAGTCCTTCAAT-1",4
"GACAGAGTCCTTGCCA-1",4
"GACAGAGTCTTCATGT-1",6
"GACCAATAGAAGGGTA-1",6
"GACCAATAGCTACCGC-1",4
"GACCAATAGCTACCTA-1",4
"GACCAATCAGGTGCCT-1",7
"GACCAATCATGCGCAC-1",6
"GACCAATGTACAGTTC-1",2
"GACCAATGTCGCTTCT-1",2
"GACCAATTCCGATATG-1",4
"GACCAATTCGAATGGG-1",3
"GACCAATTCGTCACGG-1",3
"GACCTGGCATCACAAC-1",5
"GACCTGGCATGTCTCC-1",5
"GACCTGGCATTGGCGC-1",7
"GACCTGGGTAAAGGAG-1",3
"GACCTGGGTCCAGTTA-1",7
"GACCTGGGTGCAGTAG-1",9
"GACCTGGTCATAGCAC-1",8
"GACCTGGTCCTTGCCA-1",11
"GACCTGGTCGCATGAT-1",3
"GACCTGGTCGTCACGG-1",7
"GACGCGTAGTGGTAAT-1",4
"GACGCGTAGTTGTAGA-1",2
"GACGCGTGTAAAGGAG-1",16
"GACGCGTGTGTGAAAT-1",10
"GACGCGTGTTAAGACA-1",4
"GACGCGTTCAAACCGT-1",3
"GACGCGTTCCAAATGC-1",3
"GACGCGTTCCGCGGTA-1",3
"GACGCGTTCCTACAGA-1",5
"GACGCGTTCGACGGAA-1",6
"GACGCGTTCTCCGGTT-1",11
"GACGGCTAGAAGATTC-1",0
"GACGGCTAGAGCTGGT-1",6
"GACGGCTCAAGGTTTC-1",2
"GACGGCTCACCGCTAG-1",5
"GACGGCTCATGAACCT-1",1
"GACGGCTCATGCAACT-1",7
"GACGGCTGTGTGTGCC-1",1
"GACGGCTGTTATGTGC-1",4
"GACGGCTGTTTGGCGC-1",6
"GACGGCTTCTATCGCC-1",8
"GACGTGCAGGCAAAGA-1",6
"GACGTGCAGGGTGTGT-1",1
"GACGTGCAGGTGTTAA-1",4
"GACGTGCCAGGTCGTC-1",3
"GACGTGCGTAACGTTC-1",3
"GACGTGCTCACCTCGT-1",1
"GACGTTAAGCTACCGC-1",4
"GACGTTAAGGCAAAGA-1",6
"GACGTTAAGTCAAGCG-1",11
"GACGTTACAAGCCATT-1",4
"GACGTTACAAGGTTTC-1",3
"GACGTTACAGACACTT-1",7
"GACGTTAGTATCTGCA-1",0
"GACGTTAGTTTGACAC-1",7
"GACGTTAGTTTGACTG-1",6
"GACGTTATCACAGGCC-1",3
"GACGTTATCATTGCGA-1",5
"GACGTTATCCCGGATG-1",2
"GACGTTATCCGAAGAG-1",0
"GACGTTATCGCGTTTC-1",7
"GACGTTATCTGTCCGT-1",4
"GACTAACAGACAGAGA-1",9
"GACTAACAGTGGAGAA-1",2
"GACTAACCAAATCCGT-1",2
"GACTAACGTCTAGTCA-1",16
"GACTAACGTGCAACTT-1",3
"GACTAACGTTCAGACT-1",13
"GACTAACTCCGCGCAA-1",4
"GACTAACTCCTTTCTC-1",2
"GACTAACTCTTGCCGT-1",4
"GACTAACTCTTTACAC-1",14
"GACTACAAGATATGGT-1",2
"GACTACACAAATCCGT-1",5
"GACTACAGTGCTGTAT-1",8
"GACTACATCAGCCTAA-1",0
"GACTACATCAGGTAAA-1",5
"GACTACATCTGCAGTA-1",3
"GACTGCGAGCGTAGTG-1",3
"GACTGCGAGTTGTAGA-1",2
"GACTGCGCACTTAACG-1",7
"GACTGCGCATGTTCCC-1",5
"GACTGCGGTACGCACC-1",1
"GACTGCGGTTCTCATT-1",6
"GACTGCGTCAACACAC-1",5
"GACTGCGTCACGACTA-1",2
"GACTGCGTCGCCCTTA-1",2
"GACTGCGTCTCAAACG-1",2
"GAGCAGAGTAGGGTAC-1",2
"GAGCAGAGTCAGATAA-1",4
"GAGCAGAGTCATATGC-1",2
"GAGCAGAGTGAGCGAT-1",2
"GAGCAGAGTGTAACGG-1",2
"GAGCAGAGTGTGACCC-1",4
"GAGCAGAGTTCGGGCT-1",4
"GAGCAGAGTTTAAGCC-1",1
"GAGCAGAGTTTGCATG-1",12
"GAGGTGAAGCAACGGT-1",7
"GAGGTGAAGGCTCTTA-1",3
"GAGGTGAAGTGGTAGC-1",13
"GAGGTGAAGTTGTAGA-1",5
"GAGGTGACACTGTCGG-1",6
"GAGGTGACATCCTTGC-1",2
"GAGGTGACATGCATGT-1",9
"GAGGTGAGTACCTACA-1",1
"GAGGTGAGTCATTAGC-1",5
"GAGGTGAGTTCCTCCA-1",13
"GAGGTGATCATCGCTC-1",5
"GAGGTGATCTAGAGTC-1",3
"GAGGTGATCTCTAGGA-1",11
"GAGGTGATCTGCTGTC-1",0
"GAGGTGATCTGGGCCA-1",3
"GAGTCCGAGGACAGAA-1",10
"GAGTCCGAGGCATGTG-1",3
"GAGTCCGAGGCGTACA-1",4
"GAGTCCGCAAACCCAT-1",5
"GAGTCCGGTCAAGCGA-1",1
"GAGTCCGGTGACCAAG-1",1
"GAGTCCGGTGACTCAT-1",15
"GAGTCCGGTGTGACCC-1",3
"GAGTCCGGTTCGGGCT-1",5
"GAGTCCGGTTTGCATG-1",5
"GAGTCCGTCGGCGCAT-1",4
"GAGTCCGTCTGATTCT-1",1
"GATCAGTAGATGTCGG-1",3
"GATCAGTAGTGGTAGC-1",1
"GATCAGTGTATATGAG-1",11
"GATCAGTGTCTGCGGT-1",2
"GATCAGTGTTATGCGT-1",14
"GATCAGTGTTGTACAC-1",9
"GATCAGTTCCCGACTT-1",3
"GATCGATAGAATGTTG-1",9
"GATCGATAGAGCTGCA-1",1
"GATCGATAGCATGGCA-1",6
"GATCGATCAAGCGAGT-1",2
"GATCGATCAAGCGTAG-1",7
"GATCGATGTCAACATC-1",3
"GATCGATGTTGCCTCT-1",1
"GATCGATTCCGCATCT-1",12
"GATCGCGAGATAGTCA-1",15
"GATCGCGAGCCTTGAT-1",6
"GATCGCGAGGAGCGTT-1",6
"GATCGCGCAGGTCGTC-1",4
"GATCGCGGTACAGCAG-1",6
"GATCGCGGTGAGTATA-1",3
"GATCGCGGTTGTCGCG-1",3
"GATCGCGTCACTCCTG-1",8
"GATCGTAAGACATAAC-1",11
"GATCGTAAGCTCAACT-1",1
"GATCGTACATAACCTG-1",3
"GATCGTAGTGGCTCCA-1",4
"GATCGTATCATATCGG-1",4
"GATCGTATCATGTCCC-1",4
"GATCGTATCTTACCGC-1",6
"GATCTAGAGCGTCTAT-1",1
"GATCTAGAGTGGAGAA-1",6
"GATCTAGCAACACCTA-1",4
"GATCTAGCAAGGGTCA-1",8
"GATCTAGGTCTAAAGA-1",4
"GATCTAGGTCTCACCT-1",2
"GATCTAGGTCTCTTTA-1",3
"GATCTAGTCACATAGC-1",5
"GATCTAGTCTAAGCCA-1",2
"GATGAAAAGAGTAATC-1",1
"GATGAAAAGCTCCCAG-1",6
"GATGAAACACGGTAGA-1",4
"GATGAAACAGCTGTAT-1",3
"GATGAAAGTGGGTATG-1",11
"GATGAAATCACCCTCA-1",3
"GATGAAATCACTCCTG-1",6
"GATGAAATCAGCAACT-1",3
"GATGAAATCGAGAGCA-1",2
"GATGAGGAGATCCCGC-1",5
"GATGAGGAGTTCGATC-1",9
"GATGAGGCACCAGTTA-1",6
"GATGAGGGTATCACCA-1",4
"GATGAGGGTATTCGTG-1",5
"GATGAGGGTCGCGTGT-1",8
"GATGAGGGTGATGATA-1",3
"GATGAGGTCACAGGCC-1",4
"GATGAGGTCACATAGC-1",5
"GATGAGGTCCCTTGTG-1",4
"GATGAGGTCTGCTGTC-1",2
"GATGCTAAGACTAAGT-1",5
"GATGCTAAGGATGCGT-1",2
"GATGCTAAGGCTCTTA-1",4
"GATGCTAAGGGAACGG-1",2
"GATGCTAAGTATCTCG-1",7
"GATGCTAAGTCTCGGC-1",7
"GATGCTACATGTTGAC-1",0
"GATGCTACATTGCGGC-1",10
"GATGCTAGTCTCCATC-1",5
"GATGCTAGTGGAAAGA-1",4
"GATGCTAGTTAGGGTG-1",2
"GATGCTATCCTGTACC-1",10
"GATGCTATCGGCGCTA-1",3
"GATTCAGAGAAACCTA-1",8
"GATTCAGAGAGTGACC-1",2
"GATTCAGAGATTACCC-1",6
"GATTCAGAGGGTCGAT-1",3
"GATTCAGAGGTCGGAT-1",3
"GATTCAGAGTCAATAG-1",6
"GATTCAGCAAGTTGTC-1",8
"GATTCAGCAATTCCTT-1",6
"GATTCAGCAGGGTACA-1",3
"GATTCAGCATCGACGC-1",4
"GATTCAGCATTATCTC-1",3
"GATTCAGGTAAATACG-1",0
"GATTCAGTCAACTCTT-1",4
"GCAAACTAGATGTTAG-1",2
"GCAAACTAGTCATGCT-1",2
"GCAAACTAGTCTCAAC-1",4
"GCAAACTCACAGGTTT-1",4
"GCAAACTGTCAGATAA-1",3
"GCAAACTGTCTCCATC-1",2
"GCAAACTTCGTGGTCG-1",9
"GCAATCAAGGGATCTG-1",1
"GCAATCAAGTATCTCG-1",2
"GCAATCAAGTGGGTTG-1",8
"GCAATCACAGCTTAAC-1",2
"GCAATCACATGTCGAT-1",5
"GCAATCACATTCCTCG-1",6
"GCAATCAGTAGGAGTC-1",1
"GCAATCAGTATAATGG-1",4
"GCAATCAGTTCTCATT-1",6
"GCAATCAGTTCTGGTA-1",5
"GCACATAAGAGCTATA-1",25
"GCACATAAGATGTTAG-1",2
"GCACATAAGCCTTGAT-1",2
"GCACATAAGGAGTACC-1",9
"GCACATAAGTGAAGTT-1",1
"GCACATACACCACGTG-1",5
"GCACATACAGCTGTAT-1",2
"GCACATACAGGAACGT-1",1
"GCACATAGTCATCGGC-1",19
"GCACATAGTCCGAATT-1",0
"GCACATAGTCTCTTTA-1",1
"GCACATAGTGCGCTTG-1",6
"GCACATATCACCTCGT-1",2
"GCACATATCTGGTTCC-1",6
"GCACTCTCAAGACACG-1",15
"GCACTCTCAATCACAC-1",17
"GCACTCTCATTTCAGG-1",4
"GCACTCTGTAAACCTC-1",6
"GCACTCTGTACCAGTT-1",7
"GCACTCTGTAGAAAGG-1",6
"GCACTCTGTCGAACAG-1",3
"GCACTCTGTCTAGGTT-1",11
"GCACTCTTCAACTCTT-1",3
"GCACTCTTCCCTAATT-1",6
"GCACTCTTCTGCCCTA-1",2
"GCAGCCAAGCTGATAA-1",6
"GCAGCCACATGAGCGA-1",2
"GCAGCCAGTAATCGTC-1",2
"GCAGCCAGTGTCGCTG-1",6
"GCAGCCATCAGTTGAC-1",5
"GCAGCCATCCCAACGG-1",3
"GCAGCCATCCGTACAA-1",10
"GCAGTTAAGTCCATAC-1",2
"GCAGTTAAGTCCGTAT-1",3
"GCAGTTAAGTTAACGA-1",18
"GCAGTTAGTGGACGAT-1",6
"GCAGTTAGTTATTCTC-1",5
"GCAGTTATCGCGATCG-1",3
"GCATACAAGATCTGCT-1",6
"GCATACAAGCAACGGT-1",7
"GCATACACAACGCACC-1",15
"GCATACACAAGGACTG-1",2
"GCATACACAAGTCTGT-1",0
"GCATACACAGTCAGCC-1",3
"GCATACACATCCTAGA-1",6
"GCATACACATCGGAAG-1",3
"GCATACAGTCCGAACC-1",2
"GCATACAGTTCTGGTA-1",4
"GCATACATCCACGACG-1",3
"GCATGATAGAATGTTG-1",3
"GCATGATAGAGTAATC-1",7
"GCATGATAGCTGATAA-1",2
"GCATGATAGGACCACA-1",7
"GCATGATAGGCTAGCA-1",2
"GCATGATAGTCAAGCG-1",2
"GCATGATAGTGGAGAA-1",20
"GCATGATCACACCGAC-1",2
"GCATGATCACATTTCT-1",4
"GCATGATGTCCCTACT-1",2
"GCATGATGTTGCGCAC-1",19
"GCATGATTCGTGGACC-1",6
"GCATGCGAGCATGGCA-1",4
"GCATGCGAGTCCAGGA-1",2
"GCATGCGCACTGCCAG-1",2
"GCATGCGGTAAGGATT-1",1
"GCATGCGGTCCTCTTG-1",2
"GCATGCGGTGTGAAAT-1",8
"GCATGCGTCCGCGGTA-1",3
"GCATGTAAGAACTGTA-1",2
"GCATGTAAGACAGACC-1",2
"GCATGTAAGTACTTGC-1",4
"GCATGTAAGTGCAAGC-1",3
"GCATGTACAACACGCC-1",9
"GCATGTATCACGAAGG-1",0
"GCCAAATCAAACTGTC-1",6
"GCCAAATCAAGGGTCA-1",3
"GCCAAATCAAGTTCTG-1",2
"GCCAAATCAGCCACCA-1",3
"GCCAAATCATAACCTG-1",4
"GCCAAATGTATAAACG-1",5
"GCCAAATGTGTTTGGT-1",17
"GCCAAATGTTTCGCTC-1",2
"GCCAAATTCAGGTAAA-1",3
"GCCAAATTCCGAGCCA-1",2
"GCCAAATTCCGCGGTA-1",2
"GCCAAATTCGGCTACG-1",3
"GCCTCTAAGAGTACCG-1",3
"GCCTCTAAGCCATCGC-1",2
"GCCTCTAAGCCGCCTA-1",2
"GCCTCTAAGCGATAGC-1",5
"GCCTCTAAGCTGCAAG-1",5
"GCCTCTAAGCTTCGCG-1",7
"GCCTCTAAGTCACGCC-1",7
"GCCTCTACAAGACGTG-1",5
"GCCTCTACAGCTATTG-1",0
"GCCTCTAGTAAGGATT-1",3
"GCCTCTAGTGATGATA-1",2
"GCCTCTAGTTAAGGGC-1",9
"GCCTCTATCAGCGACC-1",5
"GCCTCTATCCGATATG-1",1
"GCCTCTATCGAATCCA-1",1
"GCCTCTATCGAGCCCA-1",6
"GCCTCTATCGCTGATA-1",3
"GCCTCTATCTTTAGGG-1",7
"GCGACCAAGAGGTTAT-1",2
"GCGACCACACTTACGA-1",1
"GCGACCAGTCAGGACA-1",5
"GCGACCAGTCTAGAGG-1",14
"GCGACCATCAACGGGA-1",7
"GCGACCATCCCGGATG-1",2
"GCGACCATCTACTCAT-1",6
"GCGAGAAAGGTTCCTA-1",11
"GCGAGAAAGTACGATA-1",8
"GCGAGAAAGTGTCTCA-1",8
"GCGAGAACAAGCCCAC-1",2
"GCGAGAACACTGAAGG-1",2
"GCGAGAAGTAGCGCTC-1",0
"GCGAGAAGTCCCTACT-1",6
"GCGAGAATCCTTTCGG-1",1
"GCGAGAATCGAGAGCA-1",4
"GCGAGAATCGCACTCT-1",3
"GCGCAACAGTCCTCCT-1",3
"GCGCAACAGTGTACGG-1",2
"GCGCAACCAAGTCTGT-1",8
"GCGCAACCAGCCACCA-1",3
"GCGCAACGTAGCGCTC-1",5
"GCGCAACGTCCCTTGT-1",4
"GCGCAACGTCCTAGCG-1",9
"GCGCAACGTCGACTAT-1",3
"GCGCAACGTCTAGAGG-1",4
"GCGCAACGTGCACGAA-1",9
"GCGCAACTCAATACCG-1",6
"GCGCAGTCACATCCAA-1",6
"GCGCAGTCATTACCTT-1",3
"GCGCAGTGTTAGGGTG-1",7
"GCGCAGTTCGATCCCT-1",4
"GCGCAGTTCGCGGATC-1",1
"GCGCCAAAGACATAAC-1",4
"GCGCCAAAGGACAGCT-1",11
"GCGCCAAAGGCCCTTG-1",0
"GCGCCAAAGGGCTTCC-1",4
"GCGCCAAAGGTACTCT-1",3
"GCGCCAACATAACCTG-1",6
"GCGCCAACATTGGGCC-1",2
"GCGCCAAGTACTTGAC-1",3
"GCGCCAAGTCGGCACT-1",4
"GCGCCAAGTGAAAGAG-1",6
"GCGCCAAGTTGTACAC-1",5
"GCGCCAATCCGTTGCT-1",2
"GCGCGATAGAAGGTTT-1",2
"GCGCGATAGCAGGTCA-1",4
"GCGCGATAGTGAATTG-1",12
"GCGCGATAGTTTGCGT-1",10
"GCGCGATCAGCTCGAC-1",3
"GCGCGATGTAAGTAGT-1",2
"GCGCGATGTATCACCA-1",10
"GCGCGATGTCACTTCC-1",3
"GCGCGATGTTACCAGT-1",4
"GCGCGATTCAGTTAGC-1",1
"GCGCGATTCGTTTAGG-1",2
"GCGGGTTAGAAACGAG-1",1
"GCGGGTTAGCTATGCT-1",5
"GCGGGTTAGTGTGAAT-1",3
"GCGGGTTCACGCGAAA-1",9
"GCGGGTTCAGGCAGTA-1",4
"GCGGGTTCAGTAACGG-1",5
"GCGGGTTGTGAGTATA-1",4
"GCGGGTTGTGGCGAAT-1",4
"GCGGGTTTCCAAAGTC-1",6
"GCGGGTTTCCTTTCTC-1",3
"GCGGGTTTCTCCAACC-1",3
"GCGGGTTTCTTGAGGT-1",4
"GCGGGTTTCTTGTATC-1",2
"GCTCCTACAAACTGTC-1",9
"GCTCCTACACCAGGTC-1",2
"GCTCCTACACCGATAT-1",5
"GCTCCTACAGGGTACA-1",4
"GCTCCTACATTAGCCA-1",2
"GCTCCTAGTCAGGACA-1",2
"GCTCCTAGTCCGTCAG-1",8
"GCTCCTATCAGCCTAA-1",3
"GCTCCTATCCCTAATT-1",4
"GCTCTGTAGAGGTAGA-1",3
"GCTCTGTAGCTGAACG-1",3
"GCTCTGTAGGAGTCTG-1",1
"GCTCTGTAGTGCTGCC-1",4
"GCTCTGTAGTGGACGT-1",5
"GCTCTGTTCACCTCGT-1",8
"GCTGCAGAGCGTGAGT-1",6
"GCTGCAGAGTCAAGCG-1",0
"GCTGCAGAGTCCCACG-1",6
"GCTGCAGCAATTGCTG-1",4
"GCTGCAGCATGCCCGA-1",7
"GCTGCAGCATGCCTAA-1",3
"GCTGCAGGTAAACCTC-1",3
"GCTGCAGGTACGAAAT-1",4
"GCTGCAGGTAGCGCAA-1",2
"GCTGCAGGTCACCCAG-1",5
"GCTGCAGGTCATGCCG-1",10
"GCTGCGAAGGAATGGA-1",6
"GCTGCGAGTCTAACGT-1",5
"GCTGCGAGTGTTTGGT-1",4
"GCTGCGATCTCCTATA-1",4
"GCTGCGATCTTGTTTG-1",2
"GCTGCTTAGAATTGTG-1",7
"GCTGCTTAGGCAATTA-1",6
"GCTGCTTCATCACGTA-1",3
"GCTGCTTCATCCAACA-1",2
"GCTGCTTCATGCCTAA-1",5
"GCTGCTTCATGGTCAT-1",3
"GCTGCTTGTAACGACG-1",3
"GCTGCTTGTAATCGTC-1",8
"GCTGCTTGTAGGGACT-1",7
"GCTGCTTGTGAAAGAG-1",5
"GCTGCTTTCCGGGTGT-1",3
"GCTGGGTAGACCCACC-1",11
"GCTGGGTAGCCACGCT-1",4
"GCTGGGTAGTCGCCGT-1",4
"GCTGGGTAGTCTCAAC-1",2
"GCTGGGTCACGGCTAC-1",0
"GCTGGGTCAGCCAATT-1",2
"GCTGGGTGTACAGTTC-1",1
"GCTGGGTGTACCGTTA-1",1
"GCTGGGTGTCGAGTTT-1",5
"GCTGGGTGTCTCCACT-1",2
"GCTGGGTGTGCCTGTG-1",2
"GCTGGGTTCAGCTTAG-1",3
"GCTGGGTTCCTTAATC-1",0
"GCTTCCAAGAAACCTA-1",6
"GCTTCCACACCACCAG-1",4
"GCTTCCACAGGTCGTC-1",2
"GCTTCCACAGTGAGTG-1",4
"GCTTCCAGTATAGGTA-1",8
"GCTTCCAGTTCAGCGC-1",8
"GCTTCCATCGTCCAGG-1",2
"GCTTGAAAGATGGCGT-1",7
"GCTTGAAAGCCGTCGT-1",4
"GCTTGAACAAACCTAC-1",8
"GCTTGAACACGGTGTC-1",3
"GCTTGAACATCGGAAG-1",7
"GCTTGAAGTGCGGTAA-1",7
"GCTTGAAGTTCTCATT-1",5
"GCTTGAATCAGGATCT-1",6
"GGAAAGCAGGCAGGTT-1",4
"GGAAAGCCAAACGCGA-1",1
"GGAAAGCCAAGTACCT-1",3
"GGAAAGCGTAAGCACG-1",7
"GGAAAGCGTCCTCCAT-1",1
"GGAAAGCGTCGCGTGT-1",1
"GGAAAGCGTGCTTCTC-1",12
"GGAAAGCTCCAGAGGA-1",5
"GGAACTTAGAGTAAGG-1",5
"GGAACTTCAATGTAAG-1",2
"GGAACTTCACAGGAGT-1",0
"GGAACTTCACCTCGTT-1",2
"GGAACTTGTCTCTTTA-1",7
"GGAACTTTCATTGCCC-1",2
"GGAACTTTCATTTGGG-1",0
"GGAACTTTCCGTCATC-1",6
"GGAACTTTCCTCAACC-1",0
"GGAACTTTCGGATGTT-1",0
"GGAATAAAGGTACTCT-1",6
"GGAATAAAGTGTCCAT-1",6
"GGAATAACAGCGTCCA-1",2
"GGAATAAGTCTGGTCG-1",3
"GGAATAAGTGCAGGTA-1",6
"GGAATAATCAGCACAT-1",4
"GGAATAATCTTTACGT-1",8
"GGACAAGAGGTACTCT-1",2
"GGACAAGCAACGATGG-1",5
"GGACAAGCAGTCGTGC-1",2
"GGACAAGCATGGGACA-1",7
"GGACAAGGTATAAACG-1",2
"GGACAAGGTATGAAAC-1",6
"GGACAAGGTCGGCATC-1",1
"GGACAAGGTTATGCGT-1",8
"GGACAAGTCTAACGGT-1",4
"GGACAGAAGCTAGTCT-1",5
"GGACAGAAGTACTTGC-1",4
"GGACAGACAACACGCC-1",3
"GGACAGACACAAGCCC-1",2
"GGACAGAGTAAGTGGC-1",7
"GGACAGAGTCTTTCAT-1",0
"GGACAGAGTGAGGGAG-1",9
"GGACAGAGTTCCACAA-1",1
"GGACAGATCAACGCTA-1",12
"GGACATTAGAGGGCTT-1",4
"GGACATTAGCCACGTC-1",2
"GGACATTCAAACGCGA-1",5
"GGACATTCAATGACCT-1",2
"GGACATTCACCAGCAC-1",1
"GGACATTGTTCTGGTA-1",5
"GGACATTTCCTCTAGC-1",0
"GGACGTCAGTACTTGC-1",3
"GGACGTCAGTGGTAAT-1",1
"GGACGTCCACAGTCGC-1",7
"GGACGTCGTGAGGGAG-1",4
"GGACGTCGTGGCGAAT-1",9
"GGACGTCGTTACGGAG-1",2
"GGACGTCGTTTAAGCC-1",7
"GGACGTCTCCACTCCA-1",0
"GGACGTCTCGCAAACT-1",5
"GGACGTCTCTCCAGGG-1",2
"GGACGTCTCTCGAGTA-1",1
"GGACGTCTCTGGTGTA-1",8
"GGACGTCTCTTCGAGA-1",2
"GGAGCAAAGAACTCGG-1",4
"GGAGCAAAGACTGTAA-1",9
"GGAGCAAAGCCGCCTA-1",2
"GGAGCAAAGCTAAACA-1",5
"GGAGCAAAGTACGCCC-1",1
"GGAGCAACAAGCTGTT-1",7
"GGAGCAACAATGGACG-1",0
"GGAGCAACAATTCCTT-1",8
"GGAGCAACATGCTGGC-1",8
"GGAGCAAGTGAGTATA-1",8
"GGAGCAAGTTACTGAC-1",5
"GGAGCAATCAAGATCC-1",1
"GGAGCAATCCCATTTA-1",3
"GGATGTTCAAACTGTC-1",2
"GGATGTTTCATCACCC-1",3
"GGATGTTTCATGCATG-1",3
"GGATGTTTCCTACAGA-1",4
"GGATGTTTCCTCTAGC-1",5
"GGATTACAGATCCCAT-1",7
"GGATTACAGCTTCGCG-1",2
"GGATTACAGGCTAGCA-1",6
"GGATTACAGTATCTCG-1",4
"GGATTACCAAGCGTAG-1",8
"GGATTACCACATCCGG-1",2
"GGATTACCAGCGTAAG-1",1
"GGATTACGTAATAGCA-1",3
"GGATTACGTACACCGC-1",3
"GGATTACGTCTCTTTA-1",2
"GGATTACGTTGAGGTG-1",1
"GGATTACTCGCGCCAA-1",7
"GGATTACTCGGCGCAT-1",6
"GGATTACTCTGCCCTA-1",2
"GGCAATTCAATCGGTT-1",6
"GGCAATTCACGGCGTT-1",7
"GGCAATTCATCACCCT-1",4
"GGCAATTGTCGATTGT-1",1
"GGCAATTTCACTTACT-1",5
"GGCAATTTCAGCACAT-1",6
"GGCAATTTCTCCGGTT-1",3
"GGCCGATAGTGTCTCA-1",6
"GGCCGATCACGGACAA-1",2
"GGCCGATGTAGGACAC-1",5
"GGCCGATGTCACTGGC-1",7
"GGCCGATGTCCCTACT-1",5
"GGCCGATTCACCGTAA-1",3
"GGCCGATTCCGCGCAA-1",3
"GGCGACTAGAGCTGGT-1",3
"GGCGACTAGGACCACA-1",12
"GGCGACTAGGTTACCT-1",14
"GGCGACTCAAAGCGGT-1",4
"GGCGACTCAAGAGTCG-1",3
"GGCGACTCACCAGGTC-1",4
"GGCGACTCATTGTGCA-1",1
"GGCGACTTCAGAAATG-1",4
"GGCGACTTCAGAGACG-1",9
"GGCGACTTCCAGATCA-1",9
"GGCGACTTCTCTAGGA-1",4
"GGCGTGTAGCTAGCCC-1",4
"GGCGTGTAGGGTATCG-1",5
"GGCGTGTCAGGTCCAC-1",6
"GGCGTGTCAGTATAAG-1",2
"GGCGTGTCATCGTCGG-1",7
"GGCGTGTCATGGAATA-1",3
"GGCGTGTGTCTCCCTA-1",2
"GGCGTGTTCTTGAGGT-1",3
"GGCTCGAAGCCGTCGT-1",9
"GGCTCGAAGGTAAACT-1",0
"GGCTCGACAAGAAGAG-1",12
"GGCTCGACAATAGCAA-1",1
"GGCTCGACATGGTCAT-1",9
"GGCTCGAGTATATCCG-1",3
"GGCTCGAGTTACGTCA-1",2
"GGCTCGAGTTAGGGTG-1",5
"GGCTCGATCTGCAAGT-1",4
"GGCTGGTAGAAGAAGC-1",2
"GGCTGGTAGACCCACC-1",8
"GGCTGGTCAAGGACAC-1",3
"GGCTGGTCACTGCCAG-1",4
"GGCTGGTCATTTCAGG-1",1
"GGCTGGTGTATTCTCT-1",9
"GGCTGGTGTCGCATCG-1",2
"GGCTGGTGTCTAGTGT-1",6
"GGCTGGTGTTATGCGT-1",5
"GGGAATGAGCGTTGCC-1",4
"GGGAATGAGTAGGTGC-1",5
"GGGAATGGTAAGGGAA-1",8
"GGGAATGTCAACGAAA-1",2
"GGGAATGTCCAGTATG-1",4
"GGGAATGTCCGGGTGT-1",3
"GGGACCTAGATGTAAC-1",1
"GGGACCTAGTCTTGCA-1",11
"GGGACCTCAATCAGAA-1",3
"GGGACCTCACTGAAGG-1",12
"GGGAGATAGTACGACG-1",12
"GGGAGATCAAAGTGCG-1",6
"GGGAGATCAAATCCGT-1",6
"GGGAGATCAAGGACTG-1",5
"GGGAGATCACGCGAAA-1",1
"GGGAGATGTAGCGCAA-1",5
"GGGAGATTCAACGGGA-1",2
"GGGAGATTCATCACCC-1",4
"GGGATGAAGTGACATA-1",5
"GGGATGACATCATCCC-1",1
"GGGATGAGTCACCCAG-1",0
"GGGATGAGTGGAAAGA-1",1
"GGGATGAGTTACGACT-1",7
"GGGATGAGTTGGTAAA-1",6
"GGGATGATCAGTTAGC-1",1
"GGGATGATCTATCCTA-1",7
"GGGATGATCTTTAGGG-1",2
"GGGCACTAGTCTCGGC-1",2
"GGGCACTCATCTCCCA-1",3
"GGGCACTTCACCTCGT-1",4
"GGGCACTTCTGAGGGA-1",9
"GGGCATCCAATGTAAG-1",3
"GGGCATCCAGTCTTCC-1",3
"GGGCATCGTGGCGAAT-1",3
"GGGCATCTCACAGTAC-1",5
"GGGCATCTCCCTTGTG-1",8
"GGGCATCTCCGGCACA-1",5
"GGGCATCTCTGTCCGT-1",3
"GGGCATCTCTTATCTG-1",2
"GGGTCTGAGAAGATTC-1",3
"GGGTCTGAGATCCCGC-1",14
"GGGTCTGAGCCAACAG-1",0
"GGGTCTGCACAGGCCT-1",5
"GGGTCTGCACCAGGTC-1",6
"GGGTCTGGTCTGGTCG-1",2
"GGGTCTGGTGATGATA-1",6
"GGGTCTGGTGTGACCC-1",3
"GGGTCTGTCAACTCTT-1",5
"GGGTCTGTCACTCCTG-1",6
"GGGTCTGTCCGTAGTA-1",5
"GGGTTGCAGACAGAGA-1",1
"GGGTTGCAGACCTTTG-1",6
"GGGTTGCAGATCGATA-1",0
"GGGTTGCAGGGTGTTG-1",24
"GGGTTGCAGGTGGGTT-1",2
"GGGTTGCCAATAACGA-1",0
"GGGTTGCCACGCCAGT-1",4
"GGGTTGCCATTAACCG-1",8
"GGGTTGCGTACATCCA-1",4
"GGGTTGCGTAGCGCAA-1",7
"GGGTTGCGTCCTCCAT-1",1
"GGGTTGCGTCGAGTTT-1",8
"GGGTTGCGTGAGTATA-1",10
"GGGTTGCGTGTGACCC-1",2
"GGGTTGCTCGTACCGG-1",6
"GGTATTGAGCACCGTC-1",2
"GGTATTGAGCTATGCT-1",11
"GGTATTGCACATCCAA-1",4
"GGTATTGCAGCTTCGG-1",2
"GGTATTGGTTCCGTCT-1",7
"GGTATTGTCAGAAATG-1",6
"GGTATTGTCCATTCTA-1",2
"GGTATTGTCGCCAGCA-1",6
"GGTGAAGAGACACGAC-1",3
"GGTGAAGAGATCCGAG-1",5
"GGTGAAGCAAGGTGTG-1",1
"GGTGAAGCACTCGACG-1",2
"GGTGAAGCAGTATGCT-1",12
"GGTGAAGGTATGAAAC-1",15
"GGTGAAGGTCAGAATA-1",9
"GGTGAAGGTGGTACAG-1",6
"GGTGAAGGTGTATGGG-1",8
"GGTGAAGGTGTCTGAT-1",3
"GGTGAAGGTGTGGTTT-1",7
"GGTGAAGGTGTGTGCC-1",3
"GGTGAAGTCACGATGT-1",4
"GGTGAAGTCACTCTTA-1",13
"GGTGAAGTCTGGCGTG-1",3
"GGTGCGTAGGTGATTA-1",2
"GGTGCGTAGTACGATA-1",3
"GGTGCGTCACTTAAGC-1",5
"GGTGCGTCAGCTGTAT-1",3
"GGTGCGTGTTCGTTGA-1",5
"GGTGCGTTCCGTACAA-1",13
"GGTGCGTTCTTGACGA-1",2
"GGTGTTAAGGGCTCTC-1",3
"GGTGTTAAGTAGCGGT-1",4
"GGTGTTAAGTGGGATC-1",5
"GGTGTTAAGTTATCGC-1",4
"GGTGTTACAAATCCGT-1",11
"GGTGTTACACGGATAG-1",2
"GGTGTTAGTAATCACC-1",3
"GGTGTTAGTAGCAAAT-1",2
"GGTGTTAGTGTATGGG-1",2
"GGTGTTAGTTGAACTC-1",6
"GGTGTTATCGGACAAG-1",16
"GGTGTTATCGGTGTTA-1",2
"GGTGTTATCTACTTAC-1",5
"GTAACGTAGGTGACCA-1",5
"GTAACGTCACAGGCCT-1",2
"GTAACGTGTACCATCA-1",1
"GTAACGTGTGAGTATA-1",6
"GTAACGTGTTACGGAG-1",11
"GTAACGTGTTAGGGTG-1",5
"GTAACGTTCGGTCCGA-1",2
"GTAACGTTCTCATTCA-1",9
"GTAACTGAGTGGGTTG-1",8
"GTAACTGCAATGGAAT-1",7
"GTAACTGCACAGGCCT-1",1
"GTAACTGCAGGATCGA-1",4
"GTAACTGCATCGGGTC-1",3
"GTAACTGGTATTACCG-1",6
"GTAACTGTCACGGTTA-1",1
"GTAACTGTCTACTATC-1",4
"GTACGTAAGGTGCTTT-1",6
"GTACGTACAGGAATGC-1",2
"GTACGTACATGGATGG-1",3
"GTACGTAGTGAGTGAC-1",4
"GTACGTAGTTGGTAAA-1",3
"GTACGTATCACCTCGT-1",2
"GTACGTATCATCGGAT-1",2
"GTACGTATCCACTGGG-1",2
"GTACTCCAGGCAGTCA-1",5
"GTACTCCCAATAGCGG-1",7
"GTACTCCCACAGGTTT-1",3
"GTACTCCTCACCTTAT-1",10
"GTACTCCTCATTGCCC-1",2
"GTACTCCTCCTTCAAT-1",2
"GTACTTTCAGTTAACC-1",13
"GTACTTTCATGTCGAT-1",9
"GTACTTTTCCGAAGAG-1",2
"GTAGGCCAGCAATCTC-1",4
"GTAGGCCCATTCGACA-1",5
"GTAGGCCGTAACGCGA-1",1
"GTAGGCCGTAAGGGCT-1",8
"GTAGGCCGTACGACCC-1",4
"GTAGGCCGTTCAGGCC-1",9
"GTAGGCCGTTGATTGC-1",4
"GTAGGCCTCAGCACAT-1",3
"GTAGTCAAGAATGTGT-1",8
"GTAGTCAAGATGCCTT-1",5
"GTAGTCAAGGACGAAA-1",4
"GTAGTCAAGTGAAGAG-1",5
"GTAGTCATCGTCACGG-1",13
"GTAGTCATCTGAAAGA-1",4
"GTATCTTAGAAACCAT-1",5
"GTATCTTAGGCTATCT-1",3
"GTATCTTAGTTGTCGT-1",4
"GTATCTTCACACCGCA-1",1
"GTATCTTCACGAAGCA-1",4
"GTATCTTGTTCGCTAA-1",3
"GTATCTTTCATGCTCC-1",4
"GTATCTTTCATGTAGC-1",7
"GTATTCTAGAAACCAT-1",3
"GTATTCTAGACAAAGG-1",2
"GTATTCTCAAAGTCAA-1",2
"GTATTCTCAACAACCT-1",5
"GTATTCTCAACTTGAC-1",9
"GTATTCTCAATAAGCA-1",5
"GTATTCTCAGGGTTAG-1",8
"GTATTCTCATACTACG-1",7
"GTATTCTCATGGTAGG-1",3
"GTATTCTGTAGTGAAT-1",3
"GTATTCTGTCTAGAGG-1",4
"GTCAAGTCATATGCTG-1",3
"GTCAAGTCATGGTTGT-1",3
"GTCAAGTGTCAGCTAT-1",0
"GTCAAGTGTTCCACTC-1",6
"GTCACAAAGCCGATTT-1",3
"GTCACAAAGTGGAGTC-1",4
"GTCACAACAGGTGGAT-1",9
"GTCACAAGTAAACGCG-1",12
"GTCACAATCAGGATCT-1",12
"GTCACAATCAGTTGAC-1",10
"GTCACAATCATGCATG-1",7
"GTCACGGAGATCACGG-1",8
"GTCACGGCATATACCG-1",8
"GTCACGGGTGAGTGAC-1",3
"GTCACGGGTGTGGCTC-1",2
"GTCACGGTCGAGAGCA-1",4
"GTCACGGTCTACCTGC-1",5
"GTCATTTAGAGACTAT-1",5
"GTCATTTCACGTGAGA-1",7
"GTCATTTGTAGAAGGA-1",2
"GTCATTTGTCAGATAA-1",3
"GTCATTTTCCAGAGGA-1",3
"GTCCTCAAGCCCAACC-1",4
"GTCCTCAAGTAGATGT-1",4
"GTCCTCAAGTGGGCTA-1",7
"GTCCTCACAATCACAC-1",5
"GTCCTCAGTGGAAAGA-1",1
"GTCCTCATCAAAGACA-1",4
"GTCCTCATCGTCCGTT-1",1
"GTCGGGTCACTGAAGG-1",0
"GTCGGGTCACTTCGAA-1",3
"GTCGGGTCATGAAGTA-1",3
"GTCGGGTGTCTCACCT-1",5
"GTCGGGTGTGTGACGA-1",5
"GTCGGGTGTGTGTGCC-1",6
"GTCGGGTGTTACGTCA-1",8
"GTCGGGTTCTGCTGTC-1",5
"GTCGGGTTCTGTGCAA-1",5
"GTCGTAAAGAGATGAG-1",6
"GTCGTAAAGCTGCAAG-1",5
"GTCGTAAAGGCGACAT-1",8
"GTCGTAACATCACGAT-1",4
"GTCGTAAGTATCACCA-1",2
"GTCGTAATCCAAGTAC-1",6
"GTCTCGTAGACCACGA-1",1
"GTCTCGTCAGGAACGT-1",5
"GTCTCGTGTGGTAACG-1",4
"GTCTCGTGTTTGGCGC-1",8
"GTCTCGTTCACCGGGT-1",1
"GTCTCGTTCAGTGCAT-1",4
"GTCTTCGAGACAAGCC-1",5
"GTCTTCGAGGAATGGA-1",3
"GTCTTCGAGTCAAGCG-1",1
"GTCTTCGCACATGGGA-1",1
"GTCTTCGCACCAGGTC-1",2
"GTCTTCGCAGACGCAA-1",4
"GTCTTCGCATAACCTG-1",4
"GTCTTCGCATCGATGT-1",6
"GTCTTCGGTCTAGTGT-1",2
"GTCTTCGTCTCGATGA-1",2
"GTGAAGGAGAGCTGGT-1",5
"GTGAAGGAGATCGGGT-1",2
"GTGAAGGAGCCAGTTT-1",8
"GTGAAGGAGTGTTGAA-1",2
"GTGAAGGCAAAGGCGT-1",2
"GTGAAGGCACTTAAGC-1",8
"GTGAAGGCAGATTGCT-1",8
"GTGAAGGGTATATGGA-1",5
"GTGAAGGGTCTCTCTG-1",9
"GTGAAGGTCTCCTATA-1",2
"GTGCAGCAGACATAAC-1",1
"GTGCAGCAGTGGTCCC-1",3
"GTGCAGCCACATCTTT-1",7
"GTGCAGCGTGAGTATA-1",2
"GTGCAGCTCTTAGAGC-1",4
"GTGCATAAGGCATGGT-1",15
"GTGCATAGTTTGTTGG-1",5
"GTGCATATCAGAGCTT-1",1
"GTGCATATCATCATTC-1",4
"GTGCATATCTGCGTAA-1",6
"GTGCGGTAGCAATCTC-1",3
"GTGCGGTAGGACAGAA-1",3
"GTGCGGTCAAAGGTGC-1",10
"GTGCGGTGTTCAGACT-1",2
"GTGCGGTGTTCTGTTT-1",5
"GTGCGGTTCATCTGCC-1",2
"GTGCGGTTCCAGGGCT-1",0
"GTGCGGTTCGGATGGA-1",3
"GTGCGGTTCTCGTTTA-1",1
"GTGCGGTTCTGCTGTC-1",7
"GTGCTTCAGCCAGTTT-1",1
"GTGCTTCAGGATTCGG-1",1
"GTGCTTCAGTACACCT-1",0
"GTGCTTCCACTTAACG-1",2
"GTGCTTCCAGCTATTG-1",3
"GTGCTTCGTAGAGTGC-1",3
"GTGCTTCTCACAATGC-1",4
"GTGCTTCTCACTTCAT-1",4
"GTGGGTCAGACCGGAT-1",7
"GTGGGTCAGACTGTAA-1",0
"GTGGGTCAGCCGTCGT-1",4
"GTGGGTCCACCAACCG-1",9
"GTGGGTCCACCACCAG-1",4
"GTGTGCGAGACCGGAT-1",5
"GTGTGCGAGACTTGAA-1",3
"GTGTGCGCAGGTCGTC-1",5
"GTGTGCGGTGAGCGAT-1",4
"GTGTGCGTCAGTCAGT-1",2
"GTGTGCGTCCCTTGTG-1",5
"GTGTGCGTCTAACTTC-1",3
"GTGTTAGAGCACGCCT-1",2
"GTGTTAGAGGACAGAA-1",1
"GTGTTAGAGGCATGGT-1",9
"GTGTTAGAGTGGAGAA-1",3
"GTGTTAGAGTTTGCGT-1",3
"GTGTTAGCAATGGAAT-1",1
"GTGTTAGCACCACCAG-1",3
"GTGTTAGGTGCCTGGT-1",5
"GTGTTAGGTGGAAAGA-1",8
"GTGTTAGGTTCCATGA-1",7
"GTGTTAGGTTGGGACA-1",3
"GTTAAGCAGAGCTGCA-1",5
"GTTAAGCAGATAGCAT-1",3
"GTTAAGCAGCTAACAA-1",3
"GTTAAGCAGGCTACGA-1",0
"GTTAAGCAGTGTACCT-1",3
"GTTAAGCAGTTTGCGT-1",5
"GTTAAGCCATTCACTT-1",3
"GTTAAGCGTACTCGCG-1",5
"GTTAAGCGTCTAGGTT-1",0
"GTTAAGCGTGGCAAAC-1",3
"GTTAAGCGTTGCTCCT-1",1
"GTTAAGCTCCTTTCGG-1",5
"GTTACAGAGAGCTATA-1",5
"GTTACAGAGTACGATA-1",5
"GTTACAGCAGACGCCT-1",1
"GTTACAGCATCGGTTA-1",7
"GTTACAGGTATGGTTC-1",3
"GTTACAGGTCGACTGC-1",4
"GTTACAGGTCTAGGTT-1",1
"GTTCATTAGCGATGAC-1",9
"GTTCATTCATATACGC-1",7
"GTTCATTCATTGGCGC-1",7
"GTTCATTGTGCACGAA-1",2
"GTTCATTGTGTTAAGA-1",7
"GTTCATTGTTCAGTAC-1",4
"GTTCGGGAGACGACGT-1",8
"GTTCGGGAGCTAAGAT-1",2
"GTTCGGGAGTGTCTCA-1",2
"GTTCGGGGTAGGGTAC-1",6
"GTTCGGGGTGCAGGTA-1",6
"GTTCGGGTCCACGCAG-1",5
"GTTCGGGTCTACTTAC-1",10
"GTTCTCGAGACCACGA-1",5
"GTTCTCGAGCGATGAC-1",9
"GTTCTCGAGGCCATAG-1",4
"GTTCTCGCATCGGACC-1",3
"GTTCTCGGTAAGGGAA-1",1
"GTTCTCGGTAGCGTAG-1",2
"GTTCTCGGTCCGTGAC-1",7
"GTTCTCGGTGTTAAGA-1",15
"GTTCTCGTCAACGCTA-1",6
"GTTCTCGTCCTGTACC-1",4
"GTTTCTACAAACCTAC-1",1
"GTTTCTACAAGAAAGG-1",8
"GTTTCTAGTGTTGGGA-1",7
"GTTTCTATCCCAACGG-1",5
"GTTTCTATCCGTAGTA-1",6
"GTTTCTATCGGCATCG-1",6
"TAAACCGGTACTTAGC-1",1
"TAAACCGTCACTCTTA-1",6
"TAAACCGTCAGGCGAA-1",7
"TAAACCGTCCGTTGTC-1",4
"TAAACCGTCTTCCTTC-1",2
"TAAGAGACAAGTTGTC-1",9
"TAAGAGAGTATATCCG-1",9
"TAAGAGATCAATCACG-1",3
"TAAGAGATCTAACGGT-1",8
"TAAGAGATCTTTCCTC-1",8
"TAAGCGTAGTGGACGT-1",4
"TAAGCGTAGTGTCTCA-1",3
"TAAGCGTCAGCTTCGG-1",6
"TAAGCGTCAGGTGGAT-1",8
"TAAGCGTGTCCTGCTT-1",2
"TAAGCGTGTGCCTGGT-1",6
"TAAGCGTGTTGTTTGG-1",6
"TAAGCGTTCCTCATTA-1",1
"TAAGCGTTCGGCGCAT-1",3
"TAAGCGTTCTCGCATC-1",4
"TAAGTGCAGGCTAGGT-1",3
"TAAGTGCAGTAGCGGT-1",1
"TAAGTGCCAACGCACC-1",4
"TAAGTGCCATACAGCT-1",2
"TAAGTGCGTAAACACA-1",0
"TAAGTGCGTCTCACCT-1",1
"TAAGTGCGTTCAGACT-1",8
"TAAGTGCTCACCCTCA-1",4
"TAAGTGCTCACTGGGC-1",2
"TAAGTGCTCTGGCGTG-1",4
"TACACGACACCCATTC-1",3
"TACACGAGTGATAAAC-1",3
"TACACGATCTGTCTCG-1",5
"TACAGTGAGATGCGAC-1",23
"TACAGTGAGCGTTGCC-1",5
"TACAGTGAGTGTACGG-1",1
"TACAGTGCAGGAATCG-1",5
"TACAGTGCAGGTGCCT-1",2
"TACAGTGGTACTCAAC-1",4
"TACAGTGGTTGGACCC-1",2
"TACCTATAGAGCTGGT-1",6
"TACCTATAGAGTTGGC-1",1
"TACCTATAGGCTCATT-1",5
"TACCTATAGTTAGCGG-1",1
"TACCTATCAAGCTGGA-1",7
"TACCTATGTAAATGAC-1",12
"TACCTATGTAGAGTGC-1",4
"TACCTATGTCACCTAA-1",1
"TACCTATGTGTTGAGG-1",1
"TACCTATGTTAAAGAC-1",6
"TACCTATTCTATGTGG-1",1
"TACCTATTCTTCCTTC-1",3
"TACCTTAAGAGGTTGC-1",4
"TACCTTAAGTCAAGCG-1",23
"TACCTTAAGTGGTCCC-1",8
"TACCTTACAACTGGCC-1",1
"TACCTTACAAGGGTCA-1",5
"TACCTTACACTCAGGC-1",7
"TACCTTACATCTACGA-1",3
"TACCTTAGTAGCGTCC-1",7
"TACCTTAGTCTCCACT-1",3
"TACGGATAGATGGCGT-1",8
"TACGGATAGGTACTCT-1",12
"TACGGATCAGGGATTG-1",5
"TACGGATCATCACCCT-1",4
"TACGGATGTCTAGCCG-1",5
"TACGGATTCGGTGTCG-1",14
"TACGGATTCTACTATC-1",3
"TACGGGCAGGATGCGT-1",0
"TACGGGCAGGGAACGG-1",8
"TACGGGCAGTATTGGA-1",5
"TACGGGCAGTCAAGCG-1",1
"TACGGGCCAAGAAGAG-1",2
"TACGGGCCACCAGATT-1",2
"TACGGGCCATCAGTAC-1",6
"TACGGGCGTAAGGGCT-1",3
"TACGGGCGTCTGATTG-1",3
"TACGGGCGTGATGTGG-1",5
"TACGGGCTCACCTTAT-1",6
"TACGGGCTCAGCTCTC-1",4
"TACGGGCTCCACGAAT-1",4
"TACGGGCTCCTATTCA-1",2
"TACGGGCTCGGTGTTA-1",5
"TACGGTAAGATATGGT-1",8
"TACGGTAAGCCGATTT-1",4
"TACGGTAAGTCATGCT-1",1
"TACGGTAAGTGCCATT-1",4
"TACGGTACACAGGCCT-1",4
"TACGGTACATTTCAGG-1",4
"TACGGTAGTATATCCG-1",5
"TACGGTAGTCACTTCC-1",5
"TACGGTAGTGCAGGTA-1",2
"TACGGTAGTGGGTATG-1",1
"TACGGTATCGCAGGCT-1",6
"TACGGTATCGGACAAG-1",5
"TACGGTATCGTTTATC-1",6
"TACTCATAGTCACGCC-1",5
"TACTCATCAATCTACG-1",5
"TACTCATCACGGTAGA-1",10
"TACTCATCACTTCTGC-1",5
"TACTCATCATCCGTGG-1",2
"TACTCATCATGTCGAT-1",4
"TACTCATGTACAGCAG-1",2
"TACTCATGTCTTCAAG-1",5
"TACTCATTCCTTTCTC-1",5
"TACTCGCAGGCGACAT-1",5
"TACTCGCGTCAGAAGC-1",3
"TACTCGCGTCTGATTG-1",5
"TACTCGCGTGTAACGG-1",1
"TACTCGCGTTGAGTTC-1",2
"TACTCGCTCAACGGGA-1",5
"TACTCGCTCCGAATGT-1",3
"TACTTACAGACTAGGC-1",3
"TACTTACAGCTGAACG-1",9
"TACTTACAGTACACCT-1",1
"TACTTACAGTACGCCC-1",9
"TACTTACAGTGATCGG-1",6
"TACTTACCAAGCCGTC-1",3
"TACTTACCACAGGTTT-1",2
"TACTTACTCGCGTTTC-1",3
"TACTTGTAGCGATATA-1",12
"TACTTGTAGTAATCCC-1",6
"TACTTGTCAAACAACA-1",2
"TACTTGTCATGCAACT-1",3
"TACTTGTGTAGCACGA-1",3
"TACTTGTGTATAAACG-1",0
"TACTTGTGTTCCACAA-1",5
"TACTTGTTCTGCAGTA-1",10
"TAGACCAAGAGACGAA-1",1
"TAGACCAAGCCTCGTG-1",1
"TAGACCAAGTCGATAA-1",3
"TAGACCACAACACCCG-1",3
"TAGACCAGTAGATTAG-1",4
"TAGACCAGTTCATGGT-1",5
"TAGACCATCACTTCAT-1",5
"TAGACCATCGTCACGG-1",7
"TAGACCATCTCCAGGG-1",5
"TAGAGCTAGAATTCCC-1",1
"TAGAGCTAGTATTGGA-1",5
"TAGAGCTCACTGAAGG-1",1
"TAGAGCTGTACTTGAC-1",3
"TAGAGCTGTAGGGACT-1",3
"TAGAGCTGTCTAAAGA-1",3
"TAGCCGGAGACTGGGT-1",3
"TAGCCGGAGTCCCACG-1",2
"TAGCCGGAGTGACATA-1",7
"TAGCCGGCAGCAGTTT-1",3
"TAGCCGGGTACAGTGG-1",6
"TAGCCGGGTACCATCA-1",1
"TAGCCGGGTCGCGAAA-1",11
"TAGCCGGTCACGACTA-1",1
"TAGCCGGTCCAGGGCT-1",4
"TAGGCATAGAACTGTA-1",5
"TAGGCATAGCTAGGCA-1",2
"TAGGCATAGTCGTACT-1",8
"TAGGCATAGTTTAGGA-1",6
"TAGGCATCAAGCCTAT-1",1
"TAGGCATCAGACGCAA-1",2
"TAGGCATGTACGAAAT-1",3
"TAGGCATGTCCAGTTA-1",1
"TAGGCATGTTCCACTC-1",1
"TAGGCATTCCCTAACC-1",6
"TAGGCATTCGCTAGCG-1",6
"TAGGCATTCGTAGATC-1",4
"TAGGCATTCTTCATGT-1",4
"TAGTGGTAGATCACGG-1",12
"TAGTGGTAGCTGTTCA-1",6
"TAGTGGTCAGTATAAG-1",2
"TAGTGGTGTAGCGTAG-1",4
"TAGTGGTTCAGCATGT-1",3
"TAGTGGTTCGGCGCAT-1",4
"TAGTGGTTCTCAAGTG-1",3
"TAGTGGTTCTGGGCCA-1",22
"TAGTGGTTCTTTAGTC-1",3
"TAGTTGGAGATAGGAG-1",8
"TAGTTGGCAGACGCAA-1",7
"TAGTTGGCATGCGCAC-1",3
"TAGTTGGGTATGGTTC-1",1
"TAGTTGGTCCGAATGT-1",2
"TAGTTGGTCTACTCAT-1",3
"TAGTTGGTCTCTAAGG-1",3
"TAGTTGGTCTGATACG-1",1
"TATCAGGAGAGTAAGG-1",4
"TATCAGGAGATCCGAG-1",2
"TATCAGGAGCAGATCG-1",3
"TATCAGGAGGTGCTTT-1",3
"TATCAGGCAACTTGAC-1",4
"TATCAGGCACGTTGGC-1",8
"TATCAGGGTCCGTTAA-1",7
"TATCAGGGTCTGCAAT-1",7
"TATCAGGGTTAAAGAC-1",6
"TATCAGGTCAAGATCC-1",5
"TATCAGGTCCACTCCA-1",9
"TATCAGGTCGTAGGTT-1",0
"TATCTCAAGAGTTGGC-1",2
"TATCTCAAGCCACCTG-1",8
"TATCTCAAGCGTAATA-1",2
"TATCTCAAGGCTAGCA-1",1
"TATCTCAAGTGGGCTA-1",5
"TATCTCACATGTCCTC-1",3
"TATCTCAGTAACGACG-1",7
"TATCTCAGTACCTACA-1",6
"TATCTCAGTACGACCC-1",6
"TATCTCAGTCAATGTC-1",5
"TATCTCATCAAGCCTA-1",5
"TATGCCCAGAAACCGC-1",2
"TATGCCCAGGTAGCTG-1",1
"TATGCCCCAATGGAAT-1",4
"TATGCCCCACTTAACG-1",3
"TATGCCCCATGTTCCC-1",5
"TATGCCCGTAGCCTCG-1",5
"TATGCCCGTATAGGGC-1",6
"TATGCCCGTATGAAAC-1",4
"TATGCCCGTCGCCATG-1",10
"TATGCCCGTGCCTTGG-1",2
"TATGCCCGTTAAGATG-1",2
"TATGCCCGTTGGTGGA-1",2
"TATGCCCGTTTAGGAA-1",6
"TATGCCCTCGTCTGCT-1",8
"TATTACCAGAGAGCTC-1",4
"TATTACCAGCAAATCA-1",5
"TATTACCAGCCCGAAA-1",5
"TATTACCAGTATCTCG-1",1
"TATTACCCAAAGTGCG-1",5
"TATTACCCAGACAAGC-1",6
"TATTACCCAGTCAGCC-1",5
"TATTACCCATAAAGGT-1",2
"TATTACCCATCTACGA-1",3
"TATTACCGTCCAGTAT-1",12
"TCAACGAAGCCGATTT-1",4
"TCAACGAAGCGATGAC-1",1
"TCAACGAAGGCATGTG-1",7
"TCAACGAAGTAGTGCG-1",6
"TCAACGACACCAGGCT-1",5
"TCAACGACATGCCTTC-1",20
"TCAACGAGTTACCAGT-1",6
"TCAACGAGTTCCATGA-1",2
"TCAACGAGTTCTGGTA-1",6
"TCAACGATCAGTCCCT-1",5
"TCAACGATCTGTGCAA-1",3
"TCAATCTAGATCCCGC-1",3
"TCAATCTCACAAGCCC-1",5
"TCAATCTCACAGCCCA-1",10
"TCAATCTCATGACGGA-1",3
"TCAATCTCATTTGCTT-1",2
"TCAATCTGTAGTGAAT-1",4
"TCAATCTGTTAGATGA-1",3
"TCAATCTTCAGATAAG-1",4
"TCAATCTTCATGTCCC-1",3
"TCACAAGAGACTGGGT-1",7
"TCACAAGAGAGAGCTC-1",8
"TCACAAGAGGCCCTCA-1",5
"TCACAAGAGGTGGGTT-1",15
"TCACAAGAGTAGATGT-1",2
"TCACAAGCAGTATGCT-1",3
"TCACAAGCATAACCTG-1",3
"TCACAAGCATGACATC-1",5
"TCACAAGGTCAGATAA-1",4
"TCACAAGGTGTGGTTT-1",12
"TCACAAGTCATCATTC-1",1
"TCACAAGTCATGCATG-1",3
"TCACGAAAGCTCCTTC-1",2
"TCACGAAAGGTGCTTT-1",2
"TCACGAAAGTCTCGGC-1",7
"TCACGAACACAAGACG-1",8
"TCACGAACACTGTCGG-1",3
"TCACGAAGTGGTCCGT-1",5
"TCACGAAGTTGGTGGA-1",5
"TCACGAATCATGCAAC-1",5
"TCACGAATCCCGACTT-1",5
"TCACGAATCCTCGCAT-1",4
"TCACGAATCGTCACGG-1",5
"TCAGATGAGGTGCACA-1",4
"TCAGATGGTCTTGTCC-1",5
"TCAGATGGTGCCTGCA-1",1
"TCAGATGGTGCTGTAT-1",4
"TCAGATGTCAGTTTGG-1",7
"TCAGATGTCGCATGAT-1",4
"TCAGATGTCTCCTATA-1",0
"TCAGCAAAGGAGTCTG-1",7
"TCAGCAAAGGCTCATT-1",11
"TCAGCAAAGTACGACG-1",2
"TCAGCAAAGTGGCACA-1",14
"TCAGCAACACGCATCG-1",5
"TCAGCAAGTACCGGCT-1",7
"TCAGCAATCAGCGATT-1",3
"TCAGCAATCGGAAACG-1",6
"TCAGCAATCTTCAACT-1",4
"TCAGCTCAGGTGTTAA-1",5
"TCAGCTCAGTATGACA-1",9
"TCAGCTCCAATCTGCA-1",4
"TCAGCTCCACGGTTTA-1",3
"TCAGCTCGTAATAGCA-1",5
"TCAGCTCGTCCGTCAG-1",1
"TCAGCTCGTTCACGGC-1",2
"TCAGCTCTCACGATGT-1",10
"TCAGCTCTCATGCATG-1",4
"TCAGCTCTCCTAAGTG-1",5
"TCAGCTCTCTCGTATT-1",1
"TCAGGATAGACAGAGA-1",1
"TCAGGATAGATATGGT-1",4
"TCAGGATCAAACGTGG-1",8
"TCAGGATCAAGTTCTG-1",6
"TCAGGATCACGGTGTC-1",6
"TCAGGATCACTGTGTA-1",14
"TCAGGATCAGCATACT-1",7
"TCAGGATCATCTGGTA-1",6
"TCAGGATGTAAGCACG-1",5
"TCAGGATGTGGCCCTA-1",7
"TCAGGATTCCGATATG-1",3
"TCAGGATTCTCGATGA-1",0
"TCAGGTAAGATGGCGT-1",2
"TCAGGTAAGTGTTTGC-1",3
"TCAGGTACACAAGTAA-1",2
"TCAGGTACACAGAGGT-1",16
"TCAGGTACAGCTGCTG-1",1
"TCAGGTAGTAAACGCG-1",2
"TCATTACAGAAACCAT-1",6
"TCATTACAGGAGTTGC-1",5
"TCATTACAGTTGCAGG-1",6
"TCATTACCACATCCAA-1",1
"TCATTACCAGTCAGCC-1",5
"TCATTACGTACGCACC-1",2
"TCATTACGTCTAGAGG-1",4
"TCATTACGTGAAGGCT-1",1
"TCATTACGTTCTGTTT-1",9
"TCATTACTCATCGATG-1",3
"TCATTTGAGCCAGTTT-1",6
"TCATTTGCACGTCTCT-1",4
"TCATTTGCAGTTAACC-1",6
"TCATTTGTCCAGAGGA-1",3
"TCATTTGTCCCTTGCA-1",7
"TCATTTGTCCGTCAAA-1",0
"TCATTTGTCGCTAGCG-1",3
"TCATTTGTCGTACGGC-1",5
"TCATTTGTCTCTGCTG-1",6
"TCCACACCAAAGAATC-1",6
"TCCACACCACGCCAGT-1",8
"TCCACACGTACAGCAG-1",6
"TCCACACGTAGCCTAT-1",3
"TCCACACGTCATCGGC-1",10
"TCCACACGTGACCAAG-1",2
"TCCACACGTGCGAAAC-1",3
"TCCACACTCAACACCA-1",2
"TCCACACTCCAGTATG-1",4
"TCCACACTCCCATTTA-1",2
"TCCACACTCGAACTGT-1",1
"TCCCGATAGAAGAAGC-1",11
"TCCCGATAGCACAGGT-1",6
"TCCCGATAGCCGGTAA-1",5
"TCCCGATCAAGGTTCT-1",6
"TCCCGATCAGCCAATT-1",2
"TCCCGATCATCCAACA-1",7
"TCCCGATGTAAGGATT-1",4
"TCCCGATGTCAATACC-1",5
"TCCCGATTCAGAAATG-1",2
"TCCCGATTCAGTCCCT-1",3
"TCCCGATTCATCTGTT-1",3
"TCCCGATTCCCTAATT-1",5
"TCCCGATTCTGGAGCC-1",2
"TCGAGGCAGCGATGAC-1",4
"TCGAGGCAGTGTTTGC-1",4
"TCGAGGCCAAAGAATC-1",9
"TCGAGGCCAAGTTCTG-1",2
"TCGAGGCCAGTAACGG-1",3
"TCGAGGCGTATATCCG-1",3
"TCGAGGCTCGCAAGCC-1",3
"TCGAGGCTCTTGAGAC-1",3
"TCGAGGCTCTTTCCTC-1",8
"TCGCGAGAGACAAAGG-1",2
"TCGCGAGAGTGAATTG-1",5
"TCGCGAGCAAGCGTAG-1",2
"TCGCGAGCACCGAATT-1",5
"TCGCGAGCAGTAAGAT-1",0
"TCGCGAGTCCACGAAT-1",2
"TCGCGAGTCTAGCACA-1",12
"TCGCGAGTCTCTAGGA-1",3
"TCGCGAGTCTTCATGT-1",9
"TCGCGTTAGTGGGCTA-1",6
"TCGCGTTCACAGGCCT-1",2
"TCGCGTTCATCACAAC-1",3
"TCGCGTTCATCTCGCT-1",4
"TCGCGTTGTTCACCTC-1",4
"TCGCGTTTCAAGATCC-1",1
"TCGCGTTTCAGGTAAA-1",4
"TCGCGTTTCATTCACT-1",6
"TCGCGTTTCCTGTACC-1",5
"TCGCGTTTCGCCCTTA-1",6
"TCGGGACCACACATGT-1",1
"TCGGGACTCCTTGCCA-1",4
"TCGGGACTCTGCGGCA-1",5
"TCGGGACTCTTGTCAT-1",6
"TCGGTAAAGACAGGCT-1",3
"TCGGTAAAGCTCAACT-1",6
"TCGGTAACAAGCTGAG-1",3
"TCGGTAACAGGAATGC-1",6
"TCGGTAAGTATATGGA-1",14
"TCGGTAAGTCTAGTCA-1",4
"TCGGTAATCCCGGATG-1",5
"TCGTACCAGCAGGCTA-1",2
"TCGTACCAGTTTCCTT-1",4
"TCGTACCGTTTGCATG-1",5
"TCGTACCTCGGGAGTA-1",6
"TCGTAGAAGCTAACTC-1",6
"TCGTAGAAGGCGACAT-1",8
"TCGTAGAAGGGAACGG-1",7
"TCGTAGAAGTCCATAC-1",4
"TCGTAGACAATCCAAC-1",1
"TCGTAGACACTCAGGC-1",3
"TCGTAGAGTATGAATG-1",3
"TCGTAGAGTGAGCGAT-1",3
"TCGTAGAGTGTGTGCC-1",6
"TCGTAGAGTTCAACCA-1",7
"TCGTAGAGTTCCATGA-1",19
"TCGTAGATCCAAGCCG-1",7
"TCGTAGATCTTAGCCC-1",10
"TCTATTGAGCGATTCT-1",2
"TCTATTGAGTGCCATT-1",4
"TCTATTGCACATCTTT-1",11
"TCTATTGGTAAGTGTA-1",4
"TCTATTGGTCCAACTA-1",6
"TCTATTGGTCTGCCAG-1",4
"TCTATTGGTTGCTCCT-1",0
"TCTATTGTCGGCGCTA-1",7
"TCTCATAAGCTAAACA-1",6
"TCTCATAAGCTAGTCT-1",2
"TCTCATAAGTGCCATT-1",5
"TCTCATAGTACCGGCT-1",4
"TCTCATAGTGTAAGTA-1",8
"TCTCATATCAAGCCTA-1",1
"TCTCATATCACCTTAT-1",3
"TCTCATATCCTGTACC-1",4
"TCTCTAAAGACCGGAT-1",2
"TCTCTAAAGGGTGTTG-1",10
"TCTCTAACAGCCTATA-1",6
"TCTCTAAGTCCAGTAT-1",6
"TCTCTAAGTCCATGAT-1",0
"TCTCTAAGTCTCATCC-1",1
"TCTCTAAGTGGAAAGA-1",5
"TCTCTAATCAAACCAC-1",1
"TCTCTAATCAACGCTA-1",3
"TCTCTAATCACAGGCC-1",3
"TCTCTAATCACATACG-1",1
"TCTCTAATCCGTAGGC-1",7
"TCTCTAATCGTATCAG-1",18
"TCTGAGACAAACCTAC-1",14
"TCTGAGACACGGATAG-1",2
"TCTGAGACAGAGTGTG-1",1
"TCTGAGAGTAAGGGAA-1",1
"TCTGAGATCCTTGACC-1",4
"TCTGAGATCTATCCTA-1",3
"TCTGGAAAGCGATGAC-1",6
"TCTGGAAAGCTAGTTC-1",9
"TCTGGAAAGCTCTCGG-1",3
"TCTGGAAAGGAGCGAG-1",3
"TCTGGAACACAAGACG-1",3
"TCTGGAACACACTGCG-1",4
"TCTGGAACACTTCTGC-1",5
"TCTGGAAGTGAGTATA-1",3
"TCTGGAATCTGTCTAT-1",7
"TCTTCGGAGGTTCCTA-1",6
"TCTTCGGAGTTCGATC-1",7
"TCTTCGGCAAAGCAAT-1",6
"TCTTCGGCAAAGGTGC-1",5
"TCTTCGGCAATAGCAA-1",7
"TCTTCGGCAATGTAAG-1",6
"TCTTCGGCACACCGAC-1",2
"TCTTCGGCAGCCAATT-1",3
"TCTTCGGGTCATTAGC-1",1
"TCTTCGGTCGTAGGTT-1",4
"TCTTCGGTCTCTAAGG-1",3
"TCTTTCCAGAGAGCTC-1",8
"TCTTTCCAGTCATCCA-1",6
"TCTTTCCCATCTCCCA-1",5
"TCTTTCCGTAATCACC-1",8
"TCTTTCCGTAGTACCT-1",2
"TCTTTCCTCACAACGT-1",3
"TCTTTCCTCAGCTGGC-1",3
"TCTTTCCTCCAAGTAC-1",1
"TCTTTCCTCCTCGCAT-1",7
"TGAAAGAAGCTAAGAT-1",10
"TGAAAGACAAGCCGTC-1",3
"TGAAAGACACATTCGA-1",8
"TGAAAGACATGAGCGA-1",0
"TGAAAGAGTCTAGCGC-1",5
"TGAAAGAGTCTCATCC-1",6
"TGAAAGATCCCGACTT-1",6
"TGAAAGATCTATGTGG-1",1
"TGACAACCAAGCGAGT-1",0
"TGACAACGTAGGGACT-1",9
"TGACAACGTGCGCTTG-1",4
"TGACAACGTGGTTTCA-1",0
"TGACAACTCACAAACC-1",10
"TGACAACTCCACGTGG-1",3
"TGACAACTCGAATGCT-1",4
"TGACGGCAGCGCCTCA-1",9
"TGACGGCAGGCTCAGA-1",3
"TGACGGCAGTCAAGCG-1",1
"TGACGGCCACAGACTT-1",4
"TGACGGCGTCATCCCT-1",6
"TGACGGCTCAGGCGAA-1",5
"TGACGGCTCCACTGGG-1",3
"TGACTAGAGACCCACC-1",3
"TGACTAGAGGGCATGT-1",3
"TGACTAGAGTCTCAAC-1",7
"TGACTAGAGTTGAGAT-1",1
"TGACTAGCAGCATACT-1",7
"TGACTAGCAGTCAGAG-1",4
"TGACTAGCATTTCACT-1",5
"TGACTAGGTAAATACG-1",8
"TGACTAGGTGAAAGAG-1",4
"TGACTAGGTGCAGTAG-1",9
"TGACTAGTCATGCATG-1",2
"TGACTAGTCCATGCTC-1",5
"TGACTAGTCTGTTGAG-1",3
"TGACTTTAGAACAATC-1",11
"TGACTTTAGTCTCGGC-1",5
"TGACTTTAGTTAGGTA-1",6
"TGACTTTCAGTCCTTC-1",6
"TGACTTTCATTATCTC-1",5
"TGACTTTGTCACACGC-1",4
"TGACTTTTCCTCAATT-1",6
"TGACTTTTCTGCCCTA-1",2
"TGAGAGGAGGCTCATT-1",4
"TGAGAGGCAAAGTCAA-1",4
"TGAGAGGCAAGCCATT-1",4
"TGAGAGGCACCATGTA-1",3
"TGAGAGGGTCACTGGC-1",1
"TGAGAGGGTCTAAACC-1",3
"TGAGAGGTCGAACTGT-1",1
"TGAGAGGTCGCGTTTC-1",3
"TGAGAGGTCTGACCTC-1",6
"TGAGCATAGAAACGAG-1",4
"TGAGCATAGAAGCCCA-1",1
"TGAGCATAGATGTCGG-1",6
"TGAGCATAGGAATGGA-1",4
"TGAGCATCACCAGGCT-1",8
"TGAGCATCAGATGAGC-1",2
"TGAGCATCAGCGTAAG-1",5
"TGAGCATCAGCTGTAT-1",4
"TGAGCATGTGGCCCTA-1",5
"TGAGCATTCCACGTTC-1",3
"TGAGCATTCCGATATG-1",8
"TGAGCATTCGGCCGAT-1",8
"TGAGCCGCATCGGGTC-1",6
"TGAGCCGGTCGAACAG-1",6
"TGAGCCGGTGTAATGA-1",2
"TGAGCCGGTTGATTCG-1",8
"TGAGCCGTCATCTGCC-1",4
"TGAGCCGTCGTCACGG-1",2
"TGAGCCGTCTTGAGGT-1",4
"TGAGGGAAGAGACTAT-1",4
"TGAGGGAAGGAGTACC-1",6
"TGAGGGAAGTCATCCA-1",5
"TGAGGGAAGTCATGCT-1",3
"TGAGGGACACCAGTTA-1",0
"TGAGGGACATAAGACA-1",3
"TGAGGGAGTAAACGCG-1",14
"TGAGGGAGTTAGGGTG-1",6
"TGAGGGATCAACGGGA-1",4
"TGAGGGATCTAGCACA-1",1
"TGAGGGATCTCTTATG-1",3
"TGATTTCCATCCGGGT-1",5
"TGATTTCGTAGGCATG-1",19
"TGATTTCGTTAAGACA-1",5
"TGATTTCTCTGATTCT-1",2
"TGCACCTAGACCTTTG-1",7
"TGCACCTAGGACGAAA-1",1
"TGCACCTCAAGTTGTC-1",6
"TGCACCTCAATAGAGT-1",6
"TGCACCTCATCCGGGT-1",6
"TGCACCTGTAATCACC-1",1
"TGCACCTGTCACACGC-1",6
"TGCACCTTCACGGTTA-1",2
"TGCACCTTCATCGGAT-1",6
"TGCACCTTCCGCGGTA-1",4
"TGCACCTTCGAACTGT-1",9
"TGCACCTTCTCTTGAT-1",4
"TGCCAAACAATGTAAG-1",2
"TGCCAAACAATTCCTT-1",10
"TGCCAAAGTTCGCGAC-1",6
"TGCCAAATCCAAACTG-1",15
"TGCCAAATCCCTGACT-1",1
"TGCCAAATCGGCGGTT-1",7
"TGCCCATAGACTAGGC-1",1
"TGCCCATAGCGTCAAG-1",2
"TGCCCATAGCGTGAAC-1",8
"TGCCCATAGCTGTTCA-1",1
"TGCCCATAGGATGGAA-1",4
"TGCCCATAGTACGCCC-1",10
"TGCCCATAGTTGAGTA-1",2
"TGCCCATCACCAGGTC-1",3
"TGCCCATCACGAAATA-1",4
"TGCCCATCAGGACGTA-1",1
"TGCCCATCATGGAATA-1",3
"TGCCCATCATGGATGG-1",6
"TGCCCATGTAGCCTCG-1",4
"TGCCCATTCAAACCGT-1",6
"TGCCCATTCAGGCCCA-1",1
"TGCCCATTCCTTCAAT-1",3
"TGCCCATTCGGAAATA-1",4
"TGCCCTAAGGTCGGAT-1",4
"TGCCCTAAGGTTCCTA-1",7
"TGCCCTACACCACCAG-1",9
"TGCCCTACAGCCACCA-1",8
"TGCCCTACAGTGAGTG-1",2
"TGCCCTAGTCCGAGTC-1",7
"TGCCCTAGTGGTTTCA-1",1
"TGCCCTAGTTTCGCTC-1",6
"TGCCCTATCGACGGAA-1",5
"TGCCCTATCTTCGGTC-1",2
"TGCGCAGAGACTAGGC-1",6
"TGCGCAGAGCACACAG-1",6
"TGCGCAGAGCGTCTAT-1",1
"TGCGCAGAGGAGCGAG-1",2
"TGCGCAGCAAACGTGG-1",11
"TGCGCAGCAGCTCGCA-1",0
"TGCGCAGCAGTAGAGC-1",6
"TGCGCAGTCCTACAGA-1",0
"TGCGGGTAGAGACTTA-1",9
"TGCGGGTAGATCGATA-1",1
"TGCGGGTAGCTCTCGG-1",5
"TGCGGGTAGGTGTGGT-1",5
"TGCGGGTAGTACTTGC-1",2
"TGCGGGTCAATGGAAT-1",6
"TGCGGGTCACACGCTG-1",3
"TGCGGGTCATTGGGCC-1",2
"TGCGGGTGTAGAAAGG-1",3
"TGCGGGTGTCACCTAA-1",2
"TGCGGGTGTCAGATAA-1",5
"TGCGGGTGTTAGAACA-1",5
"TGCGGGTTCAGTTCGA-1",4
"TGCGGGTTCGTAGATC-1",8
"TGCGGGTTCTCTTGAT-1",3
"TGCGTGGAGACGCAAC-1",2
"TGCGTGGAGACTGGGT-1",2
"TGCGTGGAGTGAACGC-1",3
"TGCGTGGCAATTCCTT-1",5
"TGCGTGGGTGCACCAC-1",3
"TGCGTGGTCCGCGCAA-1",2
"TGCGTGGTCGCCCTTA-1",6
"TGCGTGGTCTGGCGAC-1",1
"TGCTACCAGAAAGTGG-1",2
"TGCTACCAGATGGCGT-1",5
"TGCTACCAGCAAATCA-1",2
"TGCTACCAGTCCGTAT-1",3
"TGCTACCCAAGAGGCT-1",2
"TGCTACCCACTTAACG-1",2
"TGCTACCCATCGTCGG-1",8
"TGCTACCCATGGTTGT-1",3
"TGCTACCGTGTGACGA-1",10
"TGCTACCTCCTCGCAT-1",2
"TGCTACCTCTTCTGGC-1",2
"TGCTGCTAGACTAAGT-1",1
"TGCTGCTAGGTGATAT-1",6
"TGCTGCTCAATAGAGT-1",0
"TGCTGCTCACAGACAG-1",5
"TGCTGCTCATCCCATC-1",8
"TGCTGCTCATGGTTGT-1",20
"TGCTGCTGTCATACTG-1",0
"TGCTGCTGTGAAGGCT-1",2
"TGCTGCTTCATTGCGA-1",0
"TGGACGCAGAGGTACC-1",2
"TGGACGCAGTCAAGGC-1",1
"TGGACGCCACAGAGGT-1",3
"TGGACGCCATGGTAGG-1",6
"TGGACGCGTCCGAACC-1",7
"TGGACGCGTCTCCCTA-1",6
"TGGCCAGAGAAGGTGA-1",4
"TGGCCAGAGAGTACAT-1",1
"TGGCCAGAGGCGATAC-1",5
"TGGCCAGAGGCGTACA-1",2
"TGGCCAGCAACTGCGC-1",4
"TGGCCAGCACGACTCG-1",3
"TGGCCAGGTCAATACC-1",15
"TGGCCAGTCGTAGATC-1",11
"TGGCCAGTCTATCCCG-1",9
"TGGCGCAAGCTACCTA-1",3
"TGGCGCAAGCTATGCT-1",2
"TGGCGCAAGTGTGGCA-1",4
"TGGCGCAAGTTACCCA-1",9
"TGGCGCACACAGGCCT-1",7
"TGGCGCACACGGATAG-1",2
"TGGCGCACAGCGATCC-1",2
"TGGCGCACATAGGATA-1",0
"TGGCGCACATATACGC-1",6
"TGGCGCAGTACTCTCC-1",9
"TGGCGCAGTGGACGAT-1",16
"TGGCGCAGTTATGTGC-1",7
"TGGCGCATCAAGAAGT-1",0
"TGGCGCATCATGCTCC-1",3
"TGGCGCATCATGTGGT-1",4
"TGGCGCATCATTATCC-1",1
"TGGCGCATCGTGGTCG-1",6
"TGGCTGGAGCGGATCA-1",4
"TGGCTGGAGTGCAAGC-1",5
"TGGCTGGCAAGTTAAG-1",2
"TGGCTGGCACGGATAG-1",3
"TGGCTGGCAGGAACGT-1",2
"TGGCTGGGTCGAGTTT-1",8
"TGGCTGGGTCGGCATC-1",2
"TGGCTGGGTCTAGCCG-1",4
"TGGCTGGGTTACGCGC-1",6
"TGGCTGGGTTGGACCC-1",2
"TGGCTGGTCTCGTTTA-1",1
"TGGGAAGAGATATACG-1",5
"TGGGAAGAGCCCAATT-1",1
"TGGGAAGAGCGCTCCA-1",3
"TGGGAAGAGGGCTTCC-1",3
"TGGGAAGAGTAAGTAC-1",33
"TGGGAAGAGTTAACGA-1",3
"TGGGAAGCAAGGTGTG-1",3
"TGGGAAGCAGATCCAT-1",4
"TGGGAAGCAGCGAACA-1",1
"TGGGAAGGTAAGTTCC-1",2
"TGGGAAGGTTAGATGA-1",5
"TGGGAAGGTTATTCTC-1",6
"TGGGAAGTCCCAAGAT-1",2
"TGGGAAGTCCTTCAAT-1",1
"TGGGAAGTCGTGGACC-1",2
"TGGGAAGTCTCCTATA-1",7
"TGGGCGTAGTCTCCTC-1",3
"TGGGCGTCAGACGTAG-1",6
"TGGGCGTCAGGGATTG-1",6
"TGGGCGTGTCCAAGTT-1",4
"TGGGCGTGTCTAGAGG-1",7
"TGGGCGTGTGGCTCCA-1",6
"TGGGCGTGTTTCGCTC-1",1
"TGGGCGTTCAGCTTAG-1",0
"TGGTTAGAGCTACCTA-1",5
"TGGTTAGAGTTAGGTA-1",2
"TGGTTAGGTGATGATA-1",4
"TGGTTAGGTTCACGGC-1",6
"TGGTTAGTCCCGACTT-1",3
"TGGTTAGTCTTGTATC-1",3
"TGGTTCCAGCCGTCGT-1",7
"TGGTTCCAGTAATCCC-1",1
"TGGTTCCCAAGTTGTC-1",9
"TGGTTCCCAGACAAAT-1",6
"TGGTTCCCAGACAGGT-1",6
"TGGTTCCCAGCTCGAC-1",5
"TGGTTCCCATGTCCTC-1",4
"TGGTTCCCATTTCACT-1",7
"TGGTTCCGTCCAAGTT-1",4
"TGGTTCCTCACATACG-1",2
"TGGTTCCTCAGCTTAG-1",2
"TGGTTCCTCTAACTTC-1",5
"TGGTTCCTCTAGAGTC-1",3
"TGGTTCCTCTGGGCCA-1",2
"TGTATTCAGCCCGAAA-1",3
"TGTATTCAGCGATCCC-1",3
"TGTATTCCAGGGCATA-1",5
"TGTATTCGTAAGAGAG-1",0
"TGTATTCGTTTGTTTC-1",5
"TGTATTCTCAGCATGT-1",4
"TGTATTCTCATCTGTT-1",2
"TGTCCCAAGCAGATCG-1",18
"TGTCCCAAGCTAGTTC-1",6
"TGTCCCAAGCTGAACG-1",5
"TGTCCCAAGTTGTCGT-1",7
"TGTCCCACAGTAAGCG-1",5
"TGTCCCACATCACGTA-1",2
"TGTCCCAGTAAGAGGA-1",5
"TGTCCCAGTAAGTGGC-1",1
"TGTCCCAGTCGGATCC-1",3
"TGTCCCAGTCTCTTTA-1",3
"TGTCCCATCATTTGGG-1",2
"TGTCCCATCTGCAAGT-1",3
"TGTCCCATCTGCGTAA-1",9
"TGTGGTAGTCCCGACA-1",2
"TGTGGTAGTGTGAAAT-1",3
"TGTGGTAGTGTGACGA-1",6
"TGTGGTATCCAGGGCT-1",1
"TGTGGTATCTTGCATT-1",5
"TGTGTTTAGAGGTTAT-1",8
"TGTGTTTAGCGTGAGT-1",2
"TGTGTTTAGTGCGTGA-1",5
"TGTGTTTCATGCGCAC-1",3
"TGTGTTTTCTCATTCA-1",4
"TGTGTTTTCTTTCCTC-1",4
"TGTTCCGAGAGCAATT-1",1
"TGTTCCGAGCAACGGT-1",5
"TGTTCCGAGGAATTAC-1",2
"TGTTCCGAGGACTGGT-1",5
"TGTTCCGCAGTGAGTG-1",2
"TGTTCCGGTGAGTATA-1",3
"TGTTCCGTCAAGCCTA-1",10
"TGTTCCGTCAGTTCGA-1",3
"TGTTCCGTCGGCGGTT-1",6
"TGTTCCGTCTGAAAGA-1",5
"TGTTCCGTCTGGTATG-1",2
"TTAACTCAGTGTACGG-1",2
"TTAACTCCAAGCGCTC-1",6
"TTAACTCCAGGCAGTA-1",2
"TTAACTCGTTCCACAA-1",3
"TTAACTCTCATAAAGG-1",1
"TTAACTCTCCCTCAGT-1",1
"TTAGGACAGCAGGCTA-1",12
"TTAGGACAGCTCTCGG-1",6
"TTAGGACCAAGCCATT-1",3
"TTAGGACCAGTCAGAG-1",2
"TTAGGACGTTTGTTTC-1",4
"TTAGGCAAGAAGATTC-1",9
"TTAGGCAAGAGCCCAA-1",4
"TTAGGCAAGAGTGACC-1",2
"TTAGGCAAGGTTCCTA-1",8
"TTAGGCAAGTCGTTTG-1",5
"TTAGGCAAGTGTACCT-1",1
"TTAGGCACAGACGCTC-1",0
"TTAGGCACATGTTCCC-1",1
"TTAGGCAGTAAGGATT-1",4
"TTAGGCAGTAAGTAGT-1",3
"TTAGGCAGTCTTGATG-1",7
"TTAGGCATCACGCATA-1",10
"TTAGGCATCAGTCAGT-1",0
"TTAGGCATCCAGTATG-1",1
"TTAGGCATCGTTACGA-1",3
"TTAGTTCAGGTGCAAC-1",5
"TTAGTTCCAATGTAAG-1",2
"TTAGTTCCATCCTTGC-1",7
"TTAGTTCGTAGCCTAT-1",3
"TTAGTTCGTGCAGACA-1",3
"TTAGTTCGTGTCAATC-1",7
"TTAGTTCGTTGCCTCT-1",8
"TTAGTTCTCAGGCCCA-1",5
"TTAGTTCTCGCAGGCT-1",8
"TTAGTTCTCTACTATC-1",1
"TTATGCTAGAATGTGT-1",3
"TTATGCTAGCACACAG-1",2
"TTATGCTAGCAGCCTC-1",6
"TTATGCTAGTCCCACG-1",4
"TTATGCTAGTGGTAAT-1",2
"TTATGCTCAGCCAGAA-1",5
"TTATGCTCATACCATG-1",3
"TTATGCTCATGTAGTC-1",4
"TTATGCTGTCCGAGTC-1",3
"TTATGCTTCGATAGAA-1",4
"TTCCCAGAGAATTCCC-1",3
"TTCCCAGAGACTAGAT-1",7
"TTCCCAGAGTATCGAA-1",5
"TTCCCAGCAGATGGGT-1",4
"TTCCCAGCATCAGTAC-1",4
"TTCCCAGCATCTCCCA-1",6
"TTCCCAGCATTACCTT-1",2
"TTCCCAGTCAACACTG-1",1
"TTCCCAGTCGAGAGCA-1",8
"TTCGAAGAGTCTCAAC-1",4
"TTCGAAGCAAGCGCTC-1",3
"TTCGAAGCACATTAGC-1",4
"TTCGAAGCACGGTGTC-1",1
"TTCGGTCAGAGGACGG-1",2
"TTCGGTCAGCACACAG-1",5
"TTCGGTCAGGCCCTCA-1",7
"TTCGGTCAGTGAATTG-1",2
"TTCGGTCAGTTGAGAT-1",21
"TTCGGTCCAAGGGTCA-1",6
"TTCGGTCCACGTCAGC-1",6
"TTCGGTCGTAACGTTC-1",3
"TTCGGTCGTAGAGTGC-1",4
"TTCGGTCGTTCATGGT-1",3
"TTCGGTCGTTCTGTTT-1",4
"TTCGGTCTCAAAGACA-1",1
"TTCGGTCTCCAGTATG-1",7
"TTCGGTCTCGCGTTTC-1",8
"TTCGGTCTCGTCTGAA-1",6
"TTCTACAAGACTAAGT-1",9
"TTCTACAAGCAGCCTC-1",1
"TTCTACAAGCCTTGAT-1",3
"TTCTACAAGGCAGGTT-1",8
"TTCTACAAGGTAAACT-1",1
"TTCTACAAGTTAGGTA-1",10
"TTCTACACACGTGAGA-1",9
"TTCTACACAGCTGTTA-1",8
"TTCTACACATCGATTG-1",7
"TTCTACACATTACGAC-1",8
"TTCTACAGTACCGTTA-1",9
"TTCTACAGTATATGAG-1",6
"TTCTACAGTGGCTCCA-1",3
"TTCTACATCAACGGGA-1",5
"TTCTACATCCGCGTTT-1",3
"TTCTCAAAGAAAGTGG-1",6
"TTCTCAAAGAATCTCC-1",15
"TTCTCAAAGAGGTTAT-1",17
"TTCTCAAAGCAGCCTC-1",5
"TTCTCAAAGCCGCCTA-1",4
"TTCTCAAAGTCAATAG-1",4
"TTCTCAAAGTTGAGAT-1",21
"TTCTCAACACCCAGTG-1",2
"TTCTCAACATTGTGCA-1",11
"TTCTCAAGTATAAACG-1",3
"TTCTCAAGTCCCTTGT-1",4
"TTCTCAAGTCGAGATG-1",2
"TTCTCAATCATCGCTC-1",7
"TTCTCAATCCCTAACC-1",10
"TTCTCAATCGTAGGAG-1",7
"TTCTCCTAGAGTAAGG-1",3
"TTCTCCTAGCGACGTA-1",7
"TTCTCCTAGCGTGAGT-1",7
"TTCTCCTAGTCTCGGC-1",0
"TTCTCCTCAACACGCC-1",5
"TTCTCCTCAATAACGA-1",5
"TTCTCCTGTTAAGAAC-1",3
"TTCTCCTTCAGTTCGA-1",3
"TTCTCCTTCCGTAGGC-1",19
"TTCTCCTTCCTTTCTC-1",7
"TTCTCCTTCTGCAAGT-1",1
"TTCTCCTTCTTCAACT-1",1
"TTCTCCTTCTTGTACT-1",0
"TTCTTAGAGGACTGGT-1",0
"TTCTTAGCAAGGTGTG-1",4
"TTCTTAGCATCGGAAG-1",6
"TTCTTAGGTAGAAGGA-1",0
"TTCTTAGGTCATATGC-1",3
"TTCTTAGTCAGTTCGA-1",5
"TTGAACGGTCACTTCC-1",3
"TTGAACGTCATGTCCC-1",8
"TTGACTTAGCCACGTC-1",6
"TTGACTTAGCGACGTA-1",8
"TTGACTTAGTTAACGA-1",6
"TTGACTTCACTTACGA-1",3
"TTGACTTGTCTCTCTG-1",3
"TTGACTTGTGCGATAG-1",4
"TTGACTTTCCAGAGGA-1",11
"TTGACTTTCTGTCCGT-1",3
"TTGCCGTAGGAGCGTT-1",4
"TTGCCGTAGGTGGGTT-1",3
"TTGCCGTCATGGTCAT-1",5
"TTGCCGTGTACAGACG-1",2
"TTGCGTCAGACAGAGA-1",5
"TTGCGTCAGCTCCTTC-1",5
"TTGCGTCAGTCCATAC-1",2
"TTGCGTCAGTGAATTG-1",6
"TTGCGTCCAAATTGCC-1",3
"TTGCGTCCACTGTGTA-1",2
"TTGCGTCCAGTCACTA-1",6
"TTGCGTCGTCTGATTG-1",4
"TTGGAACAGCCCAATT-1",5
"TTGGAACAGCGTCTAT-1",11
"TTGGAACAGGCGTACA-1",6
"TTGGAACGTATTACCG-1",5
"TTGGAACGTGTGTGCC-1",1
"TTGGAACTCCCATTAT-1",2
"TTGGAACTCCGTAGTA-1",4
"TTGGAACTCGTCCAGG-1",1
"TTGGCAAAGTTAGGTA-1",7
"TTGGCAAGTATAGGTA-1",4
"TTGGCAATCACATGCA-1",5
"TTGGCAATCAGAGCTT-1",7
"TTGGCAATCGCATGAT-1",12
"TTGGCAATCTAGAGTC-1",10
"TTGTAGGAGGTGCTAG-1",3
"TTGTAGGCACACGCTG-1",7
"TTGTAGGGTCTCCCTA-1",4
"TTGTAGGGTGGTAACG-1",8
"TTGTAGGTCGGCGCTA-1",7
"TTGTAGGTCTGCCAGG-1",1
"TTTACTGAGATCACGG-1",2
"TTTACTGCAAAGCAAT-1",3
"TTTACTGCACATGGGA-1",9
"TTTACTGCACCACGTG-1",5
"TTTACTGCATGGGACA-1",1
"TTTACTGCATGTCCTC-1",0
"TTTACTGGTAACGTTC-1",4
"TTTACTGGTGGTGTAG-1",3
"TTTACTGGTTCGCTAA-1",3
"TTTACTGTCTGGAGCC-1",9
"TTTATGCAGACTGTAA-1",2
"TTTATGCAGATGCGAC-1",2
"TTTATGCAGGCAAAGA-1",8
"TTTATGCAGGCCCGTT-1",2
"TTTATGCAGTTCCACA-1",4
"TTTATGCCAAACGCGA-1",3
"TTTATGCCAATCTGCA-1",7
"TTTATGCCACAGGTTT-1",7
"TTTATGCCAGCCAATT-1",1
"TTTATGCCAGGTCGTC-1",10
"TTTATGCCATGGTCAT-1",2
"TTTATGCTCACATAGC-1",2
"TTTATGCTCACCTTAT-1",6
"TTTATGCTCGGCGGTT-1",9
"TTTATGCTCTCGCTTG-1",7
"TTTCCTCAGCGTGAAC-1",4
"TTTCCTCAGGACTGGT-1",2
"TTTCCTCCAAAGTGCG-1",3
"TTTCCTCCAGGAATGC-1",1
"TTTCCTCCATTAGCCA-1",8
"TTTCCTCGTCCGAAGA-1",7
"TTTCCTCGTCGCTTTC-1",2
"TTTCCTCTCGGCCGAT-1",9
"TTTCCTCTCGTGTAGT-1",2
"TTTGCGCAGCTAAACA-1",2
"TTTGCGCAGCTAGTCT-1",2
"TTTGCGCAGGCCGAAT-1",2
"TTTGCGCAGTCAAGGC-1",2
"TTTGCGCCAAGTAGTA-1",3
"TTTGCGCCAGGTGCCT-1",3
"TTTGCGCGTCTAAACC-1",6
"TTTGCGCTCAAAGTAG-1",6
"TTTGCGCTCATGTAGC-1",5
"TTTGGTTAGAATGTGT-1",4
"TTTGGTTAGACAATAC-1",12
"TTTGGTTAGCGATTCT-1",5
"TTTGGTTAGGCTCAGA-1",0
"TTTGGTTAGTTACCCA-1",1
"TTTGGTTCAAACTGCT-1",16
"TTTGGTTCAAGCTGTT-1",9
"TTTGGTTCAGATCGGA-1",7
"TTTGGTTCATCACAAC-1",4
"TTTGGTTGTACTTCTT-1",11
"TTTGGTTGTATGCTTG-1",4
"TTTGGTTGTGCTTCTC-1",3
"TTTGGTTTCATGCTCC-1",11
"TTTGGTTTCCCTGACT-1",7
"TTTGTCAAGAGTCGGT-1",3
"TTTGTCACAAGTTCTG-1",2
"TTTGTCACAAGTTGTC-1",4
"TTTGTCACACTCTGTC-1",4
"TTTGTCATCACCTTAT-1",3
"TTTGTCATCCATTCTA-1",5
"TTTGTCATCCTTAATC-1",1
"TTTGTCATCTTATCTG-1",6
