"cell_barcode","expression"
"AAACCTGAGACAGAGA-1",23
"AAACCTGAGACTTTCG-1",7
"AAACCTGAGAGTAAGG-1",4
"AAACCTGAGAGTCGGT-1",10
"AAACCTGAGGATGGAA-1",12
"AAACCTGAGTAGATGT-1",3
"AAACCTGCAATCAGAA-1",6
"AAACCTGCACCGATAT-1",4
"AAACCTGCAGACGTAG-1",0
"AAACCTGCAGTATCTG-1",9
"AAACCTGCATAGTAAG-1",23
"AAACCTGCATGAACCT-1",31
"AAACCTGGTAAGAGGA-1",3
"AAACCTGGTCCAACTA-1",21
"AAACCTGTCCGTAGTA-1",1
"AAACCTGTCGAGAGCA-1",11
"AAACGGGAGTACGACG-1",15
"AAACGGGCAAGGTTTC-1",0
"AAACGGGCACGTCAGC-1",24
"AAACGGGCAGCGTTCG-1",2
"AAACGGGGTAGCCTCG-1",42
"AAACGGGGTCTACCTC-1",1
"AAACGGGGTGCGGTAA-1",22
"AAACGGGGTTGTCGCG-1",4
"AAACGGGTCCATGAGT-1",6
"AAACGGGTCCCAACGG-1",19
"AAACGGGTCCCATTAT-1",25
"AAAGATGCAGTCAGCC-1",9
"AAAGATGCATCTACGA-1",2
"AAAGCAAAGCGTCTAT-1",3
"AAAGCAACATGTCGAT-1",0
"AAAGCAAGTAGCTGCC-1",8
"AAAGCAAGTAGGCATG-1",33
"AAAGCAAGTGCGCTTG-1",4
"AAAGCAAGTTATTCTC-1",3
"AAAGCAATCCGTAGTA-1",0
"AAAGTAGAGATGTGTA-1",0
"AAAGTAGAGTGGGCTA-1",8
"AAAGTAGGTATATGGA-1",2
"AAAGTAGGTGAGCGAT-1",0
"AAAGTAGGTTGAGGTG-1",8
"AAATGCCAGCCCTAAT-1",5
"AAATGCCAGCGTGTCC-1",4
"AAATGCCCAACACCTA-1",10
"AAATGCCGTAGGAGTC-1",30
"AAATGCCGTCTTTCAT-1",9
"AAATGCCGTGGTCCGT-1",2
"AAATGCCGTTCCCGAG-1",0
"AAATGCCTCATAGCAC-1",27
"AAATGCCTCGCTTAGA-1",3
"AACACGTAGAATTCCC-1",1
"AACACGTAGCCCTAAT-1",0
"AACACGTAGGGTGTGT-1",0
"AACACGTCACTGTCGG-1",9
"AACACGTCATCCCATC-1",1
"AACACGTGTGCAACGA-1",8
"AACACGTGTGTCGCTG-1",4
"AACCATGAGCGCTTAT-1",6
"AACCATGGTCCGTTAA-1",6
"AACCATGTCAGTTCGA-1",41
"AACCATGTCATCGATG-1",11
"AACCATGTCCCAAGTA-1",27
"AACCGCGAGAAGCCCA-1",0
"AACCGCGAGACTGGGT-1",12
"AACCGCGAGAGGTACC-1",0
"AACCGCGAGTTAGGTA-1",3
"AACCGCGAGTTGCAGG-1",0
"AACCGCGCACGGTAGA-1",10
"AACCGCGCAGCATGAG-1",0
"AACCGCGCAGCCTGTG-1",2
"AACCGCGCAGCTGTGC-1",1
"AACCGCGCAGTATGCT-1",0
"AACCGCGGTACTTGAC-1",1
"AACCGCGGTCTGCAAT-1",2
"AACCGCGTCACATGCA-1",0
"AACCGCGTCACCGTAA-1",25
"AACCGCGTCCAGAGGA-1",13
"AACCGCGTCCGAAGAG-1",10
"AACCGCGTCGATCCCT-1",11
"AACGTTGAGCGATAGC-1",0
"AACGTTGAGCGATCCC-1",6
"AACGTTGAGCTTATCG-1",12
"AACGTTGCAAGTTGTC-1",6
"AACGTTGCAATAGAGT-1",38
"AACGTTGCAATGGATA-1",7
"AACGTTGCATGGATGG-1",1
"AACGTTGCATTCTCAT-1",11
"AACGTTGTCAACACGT-1",12
"AACGTTGTCGAGGTAG-1",6
"AACGTTGTCGGTCCGA-1",5
"AACTCAGAGAGCTATA-1",4
"AACTCAGAGAGTCGGT-1",8
"AACTCAGAGCCACCTG-1",4
"AACTCAGAGCCCAATT-1",1
"AACTCAGCAAACAACA-1",5
"AACTCAGCACAAGCCC-1",1
"AACTCAGCACGGTTTA-1",2
"AACTCAGCAGGATCGA-1",4
"AACTCAGCATAAAGGT-1",6
"AACTCAGGTTCCACAA-1",22
"AACTCAGTCGTACCGG-1",0
"AACTCCCAGCCCAGCT-1",1
"AACTCCCAGCTAAGAT-1",4
"AACTCCCCAAACGCGA-1",0
"AACTCCCCATGGTCTA-1",0
"AACTCCCGTTGCGCAC-1",3
"AACTCCCTCAAGAAGT-1",19
"AACTCCCTCAAGCCTA-1",18
"AACTCCCTCATCGCTC-1",2
"AACTCCCTCTGCAGTA-1",0
"AACTCCCTCTGGCGTG-1",0
"AACTCTTAGCAGACTG-1",2
"AACTCTTAGTCCGGTC-1",4
"AACTCTTCATGCTAGT-1",5
"AACTCTTGTCGAATCT-1",7
"AACTCTTGTCGGGTCT-1",13
"AACTCTTTCCTCAATT-1",51
"AACTCTTTCTCAAACG-1",12
"AACTCTTTCTCCAGGG-1",1
"AACTCTTTCTCTGCTG-1",12
"AACTGGTAGAAGATTC-1",2
"AACTGGTAGAGACTAT-1",0
"AACTGGTAGCCAACAG-1",3
"AACTGGTAGTGTACTC-1",2
"AACTGGTCACTGAAGG-1",0
"AACTGGTGTCCGAACC-1",3
"AACTGGTTCGGAGCAA-1",10
"AACTGGTTCGTGGGAA-1",6
"AACTGGTTCTGCTTGC-1",6
"AACTTTCAGCGTGAAC-1",11
"AACTTTCAGTATCTCG-1",15
"AACTTTCAGTTTCCTT-1",0
"AACTTTCCATCCTTGC-1",2
"AACTTTCGTCTAGAGG-1",1
"AACTTTCGTCTCTTTA-1",1
"AACTTTCGTTTGTTTC-1",4
"AAGACCTAGGGCTTCC-1",7
"AAGACCTAGTACACCT-1",10
"AAGACCTGTATATGAG-1",0
"AAGACCTGTATCAGTC-1",23
"AAGACCTGTCCGTGAC-1",24
"AAGACCTGTCGAAAGC-1",1
"AAGACCTTCGCCATAA-1",2
"AAGCCGCAGATCTGAA-1",21
"AAGCCGCAGGGTGTTG-1",0
"AAGCCGCAGTGGACGT-1",14
"AAGCCGCAGTGTACTC-1",0
"AAGCCGCCACGCTTTC-1",0
"AAGCCGCCAGGACGTA-1",5
"AAGCCGCGTACAGTTC-1",13
"AAGCCGCGTCATTAGC-1",2
"AAGCCGCTCACGAAGG-1",5
"AAGCCGCTCAGTTAGC-1",0
"AAGCCGCTCGCAAACT-1",21
"AAGCCGCTCGTCGTTC-1",9
"AAGCCGCTCTTACCGC-1",3
"AAGGAGCAGAAACCGC-1",12
"AAGGAGCAGGCATGTG-1",1
"AAGGAGCAGGCGCTCT-1",1
"AAGGAGCAGTTGAGTA-1",3
"AAGGAGCCACGGCGTT-1",22
"AAGGAGCGTAGCGCAA-1",45
"AAGGAGCGTCTGCAAT-1",7
"AAGGAGCTCGTCTGCT-1",19
"AAGGCAGAGAACTGTA-1",0
"AAGGCAGAGAGATGAG-1",4
"AAGGCAGAGGTGATAT-1",4
"AAGGCAGCATAGTAAG-1",28
"AAGGCAGGTACTTCTT-1",1
"AAGGCAGGTGTGCCTG-1",0
"AAGGCAGTCAGATAAG-1",3
"AAGGCAGTCGGAATCT-1",6
"AAGGTTCAGTATCTCG-1",1
"AAGGTTCCATCACGTA-1",1
"AAGGTTCGTATATGGA-1",0
"AAGGTTCGTCCGAATT-1",23
"AAGGTTCGTCGACTAT-1",21
"AAGGTTCGTGTGACCC-1",10
"AAGGTTCTCCGTCATC-1",5
"AAGGTTCTCCTCGCAT-1",2
"AAGGTTCTCTGCGGCA-1",9
"AAGTCTGAGCCATCGC-1",0
"AAGTCTGAGTCAAGCG-1",12
"AAGTCTGCAAAGGAAG-1",2
"AAGTCTGGTCAGCTAT-1",10
"AAGTCTGTCAAACAAG-1",26
"AAGTCTGTCACTGGGC-1",3
"AAGTCTGTCAGCAACT-1",7
"AATCCAGCAAAGTGCG-1",0
"AATCCAGCAGCATACT-1",8
"AATCCAGGTAGGCATG-1",0
"AATCCAGGTCTCCCTA-1",8
"AATCCAGTCCGAATGT-1",1
"AATCGGTAGGCATGGT-1",2
"AATCGGTTCCTGTACC-1",12
"AATCGGTTCGCCGTGA-1",3
"ACACCAAAGATGAGAG-1",4
"ACACCAAAGCCCTAAT-1",4
"ACACCAAAGGATGGTC-1",19
"ACACCAAAGTGTCCAT-1",4
"ACACCAACACTTCGAA-1",2
"ACACCAACAGACGCTC-1",3
"ACACCAACAGCCTATA-1",4
"ACACCAAGTCGCGTGT-1",1
"ACACCAAGTCTAAACC-1",1
"ACACCAAGTTATGTGC-1",6
"ACACCAATCGCGTTTC-1",0
"ACACCCTAGCCAGGAT-1",12
"ACACCCTAGTACTTGC-1",53
"ACACCCTCAAGCGCTC-1",7
"ACACCCTCATCACAAC-1",18
"ACACCCTCATGCCCGA-1",15
"ACACCCTGTCTGGTCG-1",18
"ACACCCTTCCGCAAGC-1",0
"ACACCCTTCCTTGCCA-1",24
"ACACCCTTCTATCCTA-1",17
"ACACCCTTCTGGCGTG-1",11
"ACACCGGAGGCTCAGA-1",0
"ACACCGGAGTGACATA-1",13
"ACACCGGAGTTACCCA-1",1
"ACACCGGCAAGCCGTC-1",1
"ACACCGGCACCAGATT-1",17
"ACACCGGCACCGAAAG-1",2
"ACACCGGCATCACAAC-1",6
"ACACCGGTCCGCATAA-1",3
"ACACCGGTCTCGGACG-1",38
"ACACCGGTCTCTGTCG-1",12
"ACACTGAAGCACGCCT-1",12
"ACACTGAAGGTGATTA-1",5
"ACACTGACAATAGAGT-1",7
"ACACTGACAGACTCGC-1",36
"ACACTGACATCCAACA-1",4
"ACACTGAGTCCGAAGA-1",23
"ACACTGAGTGTTTGTG-1",12
"ACACTGAGTTTGACTG-1",5
"ACAGCCGAGGAATGGA-1",11
"ACAGCCGAGGCCCGTT-1",3
"ACAGCCGAGGTGCTTT-1",4
"ACAGCCGAGTGGTAGC-1",2
"ACAGCCGCATATACGC-1",12
"ACAGCCGCATGCAACT-1",6
"ACAGCCGGTAGGGTAC-1",9
"ACAGCCGGTCGAATCT-1",31
"ACAGCCGGTTCACCTC-1",13
"ACAGCCGGTTCCACTC-1",7
"ACAGCCGTCCAGAAGG-1",0
"ACAGCCGTCTTTACAC-1",0
"ACAGCTAAGCACCGCT-1",26
"ACAGCTAAGTATCTCG-1",4
"ACAGCTAAGTGTTGAA-1",9
"ACAGCTACATCGTCGG-1",15
"ACAGCTAGTCGACTAT-1",11
"ACAGCTAGTGGTACAG-1",31
"ACAGCTATCACCACCT-1",0
"ACAGCTATCTGCTTGC-1",2
"ACATACGAGAGCTTCT-1",4
"ACATACGAGCGTAGTG-1",6
"ACATACGAGCTTCGCG-1",3
"ACATACGAGCTTTGGT-1",0
"ACATACGCAAACGTGG-1",25
"ACATACGCAAGCCTAT-1",10
"ACATACGCATCTCCCA-1",5
"ACATACGCATTCTCAT-1",3
"ACATACGGTAGGAGTC-1",0
"ACATACGGTGCACCAC-1",19
"ACATACGGTGGTTTCA-1",26
"ACATACGTCGTATCAG-1",0
"ACATCAGAGCCACTAT-1",0
"ACATCAGAGCCTTGAT-1",5
"ACATCAGCAACACCCG-1",0
"ACATCAGCAACGATGG-1",4
"ACATCAGCAATTGCTG-1",14
"ACATCAGCACCGGAAA-1",4
"ACATCAGCATAAAGGT-1",0
"ACATCAGCATCCCACT-1",5
"ACATCAGCATTTGCCC-1",17
"ACATCAGGTAAGGATT-1",6
"ACATCAGGTCCGTGAC-1",8
"ACATCAGGTTAAGTAG-1",10
"ACATCAGTCAAACCGT-1",7
"ACATGGTAGCATGGCA-1",0
"ACATGGTAGCTGTTCA-1",25
"ACATGGTCACTTGGAT-1",0
"ACATGGTGTCAGATAA-1",1
"ACATGGTGTCTGCGGT-1",4
"ACATGGTGTGCAACTT-1",11
"ACATGGTTCCGCAAGC-1",2
"ACATGGTTCCTCCTAG-1",0
"ACATGGTTCTGGAGCC-1",11
"ACATGGTTCTTCTGGC-1",8
"ACCAGTAAGATCACGG-1",16
"ACCAGTAAGCTTCGCG-1",4
"ACCAGTACACAGATTC-1",1
"ACCAGTACACAGGCCT-1",2
"ACCAGTACAGTATGCT-1",0
"ACCAGTACAGTCAGAG-1",1
"ACCAGTACAGTTTACG-1",4
"ACCAGTAGTCACCCAG-1",5
"ACCAGTAGTCCATCCT-1",1
"ACCAGTAGTCTTCAAG-1",2
"ACCAGTAGTGGACGAT-1",13
"ACCAGTATCTGCGACG-1",15
"ACCAGTATCTGCTTGC-1",16
"ACCAGTATCTGTTTGT-1",30
"ACCCACTAGAGGTTAT-1",9
"ACCCACTAGATCCCGC-1",16
"ACCCACTAGATGTGTA-1",1
"ACCCACTAGCCCAATT-1",5
"ACCCACTCAAGGGTCA-1",0
"ACCCACTCAAGGTTCT-1",31
"ACCCACTGTAAATGAC-1",7
"ACCCACTGTAGCCTCG-1",8
"ACCCACTGTCAAAGAT-1",13
"ACCCACTGTCAATACC-1",6
"ACCCACTGTGTGGTTT-1",3
"ACCCACTTCGCAAACT-1",4
"ACCCACTTCTGCCAGG-1",0
"ACCGTAACAATCGGTT-1",17
"ACCGTAACAATCTACG-1",13
"ACCGTAACAGGTCCAC-1",10
"ACCGTAAGTACAGCAG-1",18
"ACCGTAAGTCATGCAT-1",16
"ACCGTAAGTGAGTGAC-1",12
"ACCGTAAGTTAAGAAC-1",0
"ACCGTAAGTTCCGTCT-1",0
"ACCGTAATCACATAGC-1",3
"ACCGTAATCATGTGGT-1",13
"ACCGTAATCTGAAAGA-1",4
"ACCTTTACAATCGGTT-1",5
"ACCTTTACACGGACAA-1",1
"ACCTTTACAGCAGTTT-1",11
"ACCTTTACATGCAACT-1",4
"ACCTTTACATTTCAGG-1",18
"ACCTTTAGTGAACCTT-1",10
"ACCTTTAGTTCCACTC-1",4
"ACCTTTATCTCTAGGA-1",20
"ACGAGCCAGGCAGGTT-1",2
"ACGAGCCCACAGGCCT-1",46
"ACGAGCCCATGGAATA-1",3
"ACGAGCCGTGCACGAA-1",9
"ACGAGCCGTGTGACCC-1",1
"ACGAGCCGTTGGTTTG-1",0
"ACGAGCCTCAGTCCCT-1",13
"ACGAGCCTCGCAAACT-1",16
"ACGAGGACACTACAGT-1",4
"ACGAGGACATGTAGTC-1",5
"ACGAGGAGTACACCGC-1",2
"ACGAGGAGTGCCTGCA-1",4
"ACGAGGAGTTCTGAAC-1",1
"ACGAGGATCTGCGGCA-1",9
"ACGATACAGAGTGACC-1",1
"ACGATACAGCGCCTTG-1",1
"ACGATACAGTGATCGG-1",6
"ACGATACCACGTTGGC-1",20
"ACGATACCATTGGGCC-1",6
"ACGATACGTCGAATCT-1",21
"ACGATACTCTGACCTC-1",1
"ACGATGTAGTGCGATG-1",3
"ACGATGTAGTTGAGAT-1",15
"ACGATGTCAACGCACC-1",2
"ACGATGTCACACGCTG-1",0
"ACGATGTGTATTCTCT-1",4
"ACGATGTGTCAGTGGA-1",2
"ACGATGTGTGACTACT-1",1
"ACGATGTGTGTCGCTG-1",8
"ACGATGTTCGCGTAGC-1",0
"ACGATGTTCTCTTATG-1",7
"ACGCAGCAGCGGCTTC-1",12
"ACGCAGCAGCTGCGAA-1",3
"ACGCAGCAGTGTACGG-1",8
"ACGCAGCCACCTCGTT-1",16
"ACGCAGCCATCGACGC-1",2
"ACGCAGCCATTACCTT-1",11
"ACGCAGCGTCCATGAT-1",3
"ACGCAGCGTCTACCTC-1",10
"ACGCAGCGTCTGGTCG-1",10
"ACGCAGCGTGCGATAG-1",10
"ACGCCAGCAAAGCAAT-1",13
"ACGCCAGCAACGCACC-1",2
"ACGCCAGCACGAGAGT-1",15
"ACGCCAGCAGTGAGTG-1",4
"ACGCCAGGTGCACTTA-1",1
"ACGCCAGGTGTGCGTC-1",2
"ACGCCAGTCACAGGCC-1",1
"ACGCCAGTCAGTGTTG-1",1
"ACGCCGAAGAAACGCC-1",0
"ACGCCGAAGATCTGCT-1",0
"ACGCCGACAGCCTGTG-1",4
"ACGCCGAGTTCCAACA-1",4
"ACGCCGATCCTATGTT-1",11
"ACGCCGATCGCAGGCT-1",4
"ACGCCGATCTTGTATC-1",22
"ACGGAGAAGCCAGTTT-1",0
"ACGGAGAAGGTCATCT-1",10
"ACGGAGACACACATGT-1",16
"ACGGAGACAGCCTGTG-1",2
"ACGGAGACAGCGTAAG-1",12
"ACGGAGACAGTAAGCG-1",16
"ACGGAGAGTGTGACGA-1",6
"ACGGAGATCCACGAAT-1",2
"ACGGCCACACATCCAA-1",0
"ACGGCCACACATTCGA-1",4
"ACGGCCAGTACCGTAT-1",8
"ACGGCCAGTGTATGGG-1",18
"ACGGCCATCACGGTTA-1",10
"ACGGCCATCAGTGTTG-1",0
"ACGGCCATCTACTATC-1",8
"ACGGGCTAGGATCGCA-1",32
"ACGGGCTAGGTTCCTA-1",9
"ACGGGCTAGTGGCACA-1",3
"ACGGGCTCATCTGGTA-1",11
"ACGGGCTGTGAGGCTA-1",27
"ACGGGCTTCCGAACGC-1",5
"ACGGGTCAGATGCCAG-1",1
"ACGGGTCCATGATCCA-1",2
"ACGGGTCCATTAGGCT-1",14
"ACGGGTCCATTTCACT-1",37
"ACGGGTCGTTAGGGTG-1",7
"ACGGGTCTCAACACCA-1",0
"ACGGGTCTCCACGCAG-1",5
"ACGTCAAAGGGCTTCC-1",0
"ACGTCAAAGTGGTAAT-1",14
"ACGTCAACAACTGCGC-1",29
"ACGTCAACACAAGACG-1",3
"ACGTCAAGTAGCTCCG-1",0
"ACGTCAAGTGTCGCTG-1",21
"ACGTCAAGTTATGCGT-1",29
"ACGTCAATCAACCAAC-1",0
"ACGTCAATCATAACCG-1",27
"ACGTCAATCCAGAAGG-1",2
"ACGTCAATCTAACTCT-1",1
"ACTATCTAGAGGTTAT-1",30
"ACTATCTAGATACACA-1",3
"ACTATCTAGGAGTAGA-1",2
"ACTATCTAGGCATGTG-1",9
"ACTATCTCAAATACAG-1",5
"ACTATCTCAAATTGCC-1",1
"ACTATCTGTAGGGACT-1",0
"ACTATCTGTCGCGTGT-1",22
"ACTATCTGTGCACGAA-1",1
"ACTATCTGTGGTTTCA-1",0
"ACTATCTTCGCCGTGA-1",20
"ACTGAACAGAGTGAGA-1",2
"ACTGAACAGATCCCGC-1",14
"ACTGAACAGGTGATAT-1",12
"ACTGAACCAAAGCGGT-1",47
"ACTGAACCAAGCGAGT-1",0
"ACTGAACCAATTCCTT-1",17
"ACTGAACCAGCTGGCT-1",4
"ACTGAACCAGTCTTCC-1",2
"ACTGAACCATTACCTT-1",1
"ACTGAACGTAAGCACG-1",6
"ACTGAACGTAATCGTC-1",22
"ACTGAACGTCCAGTAT-1",0
"ACTGAACGTCTGATCA-1",0
"ACTGAACTCCCACTTG-1",7
"ACTGAGTAGCCGGTAA-1",7
"ACTGAGTCAGTGGGAT-1",1
"ACTGAGTCATTTGCCC-1",40
"ACTGAGTGTAGAGCTG-1",13
"ACTGAGTGTTGTGGCC-1",5
"ACTGAGTTCAGGTTCA-1",6
"ACTGATGAGACAGACC-1",9
"ACTGATGAGCGGATCA-1",0
"ACTGATGAGGTGCTTT-1",2
"ACTGATGCAGCAGTTT-1",8
"ACTGATGCATCACAAC-1",1
"ACTGATGGTCATGCAT-1",2
"ACTGATGTCACAATGC-1",0
"ACTGATGTCACTCCTG-1",0
"ACTGATGTCCCTGACT-1",4
"ACTGATGTCCGCTGTT-1",3
"ACTGATGTCCGGCACA-1",13
"ACTGATGTCCTATTCA-1",13
"ACTGCTCAGAGCTTCT-1",0
"ACTGCTCAGATGCCTT-1",15
"ACTGCTCCACACCGCA-1",9
"ACTGCTCCAGATGGGT-1",0
"ACTGCTCCATGCCTAA-1",20
"ACTGCTCGTAGGCATG-1",26
"ACTGCTCGTATCACCA-1",5
"ACTGCTCGTCCGAAGA-1",11
"ACTGCTCTCCGAGCCA-1",3
"ACTGTCCAGAGGGCTT-1",7
"ACTGTCCAGCAGCGTA-1",0
"ACTGTCCAGGCATGGT-1",1
"ACTGTCCCAAGGTTTC-1",9
"ACTGTCCCAAGTACCT-1",1
"ACTGTCCCAGTATCTG-1",1
"ACTGTCCCATAGAAAC-1",0
"ACTGTCCGTTGAGGTG-1",12
"ACTGTCCTCCACGTGG-1",11
"ACTGTCCTCCTTGGTC-1",8
"ACTGTCCTCTCTGTCG-1",0
"ACTTACTAGCGATAGC-1",11
"ACTTACTAGGGATGGG-1",2
"ACTTACTCACAGACAG-1",1
"ACTTACTCACATTTCT-1",2
"ACTTACTGTACTCAAC-1",1
"ACTTACTGTTCCACAA-1",1
"ACTTACTTCATCGGAT-1",1
"ACTTGTTAGACAAGCC-1",3
"ACTTGTTAGCTAGCCC-1",8
"ACTTGTTAGTTACCCA-1",1
"ACTTGTTCACGACGAA-1",33
"ACTTGTTCACGGCTAC-1",23
"ACTTGTTGTATCGCAT-1",0
"ACTTGTTGTGGTAACG-1",6
"ACTTGTTGTTGTGGAG-1",8
"ACTTGTTTCATCACCC-1",2
"ACTTTCACATGGTCAT-1",1
"ACTTTCAGTGACTACT-1",18
"ACTTTCATCGCCAGCA-1",9
"AGAATAGAGCTGAACG-1",4
"AGAATAGAGCTGTCTA-1",7
"AGAATAGAGGTAGCTG-1",18
"AGAATAGCATGGTCTA-1",1
"AGAATAGGTAATCGTC-1",0
"AGAATAGGTATTCTCT-1",23
"AGAATAGGTGCGGTAA-1",0
"AGAATAGGTTAAGAAC-1",13
"AGAATAGTCAGGCCCA-1",0
"AGACGTTAGAATGTGT-1",1
"AGACGTTAGCTCCTCT-1",11
"AGACGTTAGTGCCAGA-1",3
"AGACGTTCAGGATCGA-1",0
"AGACGTTGTAGCTGCC-1",8
"AGACGTTGTCTGCAAT-1",0
"AGACGTTGTTCTGTTT-1",0
"AGACGTTTCGCATGGC-1",5
"AGACGTTTCGCTTAGA-1",0
"AGAGCGACAACTTGAC-1",15
"AGAGCGACAAGTACCT-1",0
"AGAGCGACACAACGTT-1",39
"AGAGCGACATGAGCGA-1",1
"AGAGCGAGTCAGTGGA-1",7
"AGAGCGAGTCGACTGC-1",2
"AGAGCGAGTTGAGTTC-1",2
"AGAGCGATCGCGTAGC-1",1
"AGAGCGATCTATCCTA-1",14
"AGAGCGATCTCGCTTG-1",5
"AGAGCTTAGCCGTCGT-1",2
"AGAGCTTAGTACACCT-1",2
"AGAGCTTAGTCATGCT-1",18
"AGAGCTTGTAGAGCTG-1",12
"AGAGCTTGTATCACCA-1",0
"AGAGCTTTCACTATTC-1",27
"AGAGCTTTCCTGCAGG-1",15
"AGAGCTTTCGCAAACT-1",12
"AGAGCTTTCGCTTAGA-1",5
"AGAGTGGAGAGCCTAG-1",3
"AGAGTGGAGGCCCTTG-1",10
"AGAGTGGAGGTACTCT-1",8
"AGAGTGGCACAAGACG-1",0
"AGAGTGGCACCTCGTT-1",1
"AGAGTGGCATCCGGGT-1",10
"AGAGTGGCATCTGGTA-1",15
"AGAGTGGGTCAGCTAT-1",9
"AGAGTGGGTCCTCCAT-1",14
"AGAGTGGGTCTAGTCA-1",24
"AGAGTGGGTTACCGAT-1",2
"AGATCTGAGGTGGGTT-1",0
"AGATCTGAGTCAAGGC-1",0
"AGATCTGCAATGTTGC-1",16
"AGATCTGTCGAATCCA-1",2
"AGATCTGTCTGCAGTA-1",15
"AGATTGCAGGCTACGA-1",8
"AGATTGCCACGACGAA-1",0
"AGATTGCCAGATGGGT-1",41
"AGATTGCGTAGAGCTG-1",10
"AGATTGCGTGATGTCT-1",2
"AGATTGCGTGTTCGAT-1",2
"AGATTGCGTTCACGGC-1",1
"AGATTGCTCACTGGGC-1",0
"AGATTGCTCATCTGTT-1",2
"AGCAGCCAGCTGATAA-1",16
"AGCAGCCCACCGAAAG-1",30
"AGCAGCCGTCGACTGC-1",23
"AGCAGCCGTCGCTTTC-1",0
"AGCAGCCGTCTAACGT-1",2
"AGCAGCCGTGTGAAAT-1",1
"AGCAGCCGTTTGTTGG-1",7
"AGCAGCCTCCAAACAC-1",10
"AGCATACAGTGGTAGC-1",10
"AGCATACAGTTGTCGT-1",29
"AGCATACGTCTTCTCG-1",5
"AGCATACGTTAAGTAG-1",24
"AGCATACTCCGTTGCT-1",9
"AGCCTAAAGATATGGT-1",1
"AGCCTAACAAAGCGGT-1",0
"AGCCTAACAGATAATG-1",0
"AGCCTAAGTACGAAAT-1",29
"AGCCTAAGTCACCTAA-1",0
"AGCCTAAGTGTGCCTG-1",5
"AGCCTAATCACCCGAG-1",7
"AGCCTAATCCAATGGT-1",1
"AGCCTAATCCTTGGTC-1",13
"AGCCTAATCTGTGCAA-1",7
"AGCCTAATCTGTTTGT-1",2
"AGCGGTCAGCGAAGGG-1",17
"AGCGGTCAGGTACTCT-1",11
"AGCGGTCAGTGACTCT-1",0
"AGCGGTCCAGCCTTGG-1",3
"AGCGGTCGTCCTAGCG-1",2
"AGCGGTCGTGGTGTAG-1",3
"AGCGGTCGTTAAGGGC-1",11
"AGCGGTCGTTTGCATG-1",9
"AGCGGTCTCCGAAGAG-1",16
"AGCGGTCTCCTCAATT-1",1
"AGCGGTCTCTGGGCCA-1",6
"AGCGTATAGAACTGTA-1",23
"AGCGTATAGCGATGAC-1",0
"AGCGTATAGGTACTCT-1",6
"AGCGTATGTTGAGGTG-1",10
"AGCGTATTCCAGAGGA-1",27
"AGCGTCGAGTTGAGTA-1",23
"AGCGTCGCAGGGATTG-1",12
"AGCGTCGTCTGAAAGA-1",5
"AGCTCCTAGACCTAGG-1",9
"AGCTCCTAGCGTTTAC-1",0
"AGCTCCTGTGTTTGTG-1",4
"AGCTCCTGTTGTCTTT-1",11
"AGCTCCTTCCGAATGT-1",6
"AGCTCCTTCTTGACGA-1",3
"AGCTCTCAGCGGATCA-1",20
"AGCTCTCAGCTGTTCA-1",7
"AGCTCTCAGGTGCTAG-1",0
"AGCTCTCCATACAGCT-1",22
"AGCTCTCGTCAGAGGT-1",3
"AGCTCTCGTGGGTCAA-1",5
"AGCTCTCTCACAACGT-1",0
"AGCTCTCTCTTGACGA-1",1
"AGCTTGAAGCATCATC-1",2
"AGCTTGAAGTAGCGGT-1",1
"AGCTTGAAGTTGTCGT-1",5
"AGCTTGACAATCCAAC-1",0
"AGCTTGACACCGATAT-1",12
"AGCTTGAGTCTACCTC-1",1
"AGCTTGAGTGCGCTTG-1",0
"AGCTTGAGTTACGCGC-1",0
"AGCTTGATCCTGCCAT-1",5
"AGCTTGATCTGCAAGT-1",3
"AGGCCACAGAGTAAGG-1",16
"AGGCCACAGGGTCTCC-1",10
"AGGCCACAGTACTTGC-1",1
"AGGCCACCAGGACCCT-1",1
"AGGCCACCATCAGTCA-1",4
"AGGCCACTCATGCTCC-1",13
"AGGCCACTCATGGTCA-1",0
"AGGCCACTCATTGCGA-1",3
"AGGCCGTAGGATCGCA-1",5
"AGGCCGTCACGTAAGG-1",0
"AGGCCGTCAGCTCGAC-1",9
"AGGCCGTCATCGTCGG-1",20
"AGGCCGTTCACGGTTA-1",5
"AGGCCGTTCGAACTGT-1",0
"AGGCCGTTCTCAAGTG-1",1
"AGGCCGTTCTGCTTGC-1",12
"AGGGAGTAGCCCAACC-1",11
"AGGGAGTAGGAGTACC-1",2
"AGGGAGTAGGCAGGTT-1",0
"AGGGAGTCACGAGAGT-1",8
"AGGGAGTCAGAAGCAC-1",2
"AGGGAGTCAGATCCAT-1",10
"AGGGAGTCATCGACGC-1",0
"AGGGAGTCATGCTAGT-1",9
"AGGGAGTGTCCATGAT-1",30
"AGGGAGTTCATAACCG-1",0
"AGGGATGAGCTCTCGG-1",0
"AGGGATGAGGAGTAGA-1",18
"AGGGATGAGTAGCGGT-1",1
"AGGGATGCAATGAATG-1",8
"AGGGATGCAATGGAGC-1",12
"AGGGATGCACAAGACG-1",6
"AGGGATGCACATTTCT-1",0
"AGGGATGCATGGTCTA-1",32
"AGGGATGGTTAAAGTG-1",2
"AGGGATGGTTATGCGT-1",1
"AGGGATGTCGTGACAT-1",16
"AGGGTGAAGATGGCGT-1",0
"AGGGTGAAGATGGGTC-1",2
"AGGGTGAAGGCTCAGA-1",12
"AGGGTGACACGAGAGT-1",3
"AGGGTGACAGATGGCA-1",0
"AGGGTGACAGATTGCT-1",32
"AGGGTGAGTACTCTCC-1",2
"AGGGTGAGTTATCGGT-1",7
"AGGGTGAGTTCTGAAC-1",20
"AGGGTGATCTCGCTTG-1",2
"AGGTCATAGAGCCCAA-1",0
"AGGTCATAGCCAGAAC-1",14
"AGGTCATAGGCATGGT-1",3
"AGGTCATAGGGAGTAA-1",1
"AGGTCATCACTCAGGC-1",2
"AGGTCATCACTCTGTC-1",0
"AGGTCATGTTCCACTC-1",17
"AGGTCATTCTCGTTTA-1",0
"AGGTCCGAGGATGCGT-1",2
"AGGTCCGCAACACGCC-1",48
"AGGTCCGGTGATGCCC-1",7
"AGGTCCGTCCATGAAC-1",0
"AGGTCCGTCGCCCTTA-1",9
"AGGTCCGTCTGCGTAA-1",0
"AGTAGTCAGACTGTAA-1",0
"AGTAGTCAGTACGACG-1",14
"AGTAGTCAGTTTAGGA-1",11
"AGTAGTCCAACTGGCC-1",14
"AGTAGTCGTGCAGACA-1",0
"AGTAGTCTCACCCGAG-1",10
"AGTCTTTAGGCAGTCA-1",23
"AGTCTTTCAAATCCGT-1",5
"AGTCTTTCATATACCG-1",15
"AGTCTTTGTGCTTCTC-1",29
"AGTCTTTGTGTCCTCT-1",2
"AGTCTTTGTTTGTTTC-1",2
"AGTCTTTTCGCAGGCT-1",33
"AGTCTTTTCGCGTAGC-1",3
"AGTCTTTTCGCTAGCG-1",0
"AGTCTTTTCGCTTGTC-1",11
"AGTCTTTTCTGACCTC-1",0
"AGTGAGGAGATAGCAT-1",56
"AGTGAGGCAGGTGCCT-1",17
"AGTGAGGGTATGAAAC-1",8
"AGTGAGGGTCACTTCC-1",1
"AGTGAGGGTCGCGAAA-1",1
"AGTGAGGGTTATGTGC-1",0
"AGTGAGGTCTACTATC-1",11
"AGTGGGAAGCAGACTG-1",0
"AGTGGGACAAACGCGA-1",8
"AGTGGGACAAGCCGTC-1",15
"AGTGGGACACAGGAGT-1",18
"AGTGGGACACGAGAGT-1",0
"AGTGGGATCATCGATG-1",8
"AGTGGGATCCACGAAT-1",0
"AGTGGGATCCTGCAGG-1",18
"AGTGTCAAGAAGCCCA-1",10
"AGTGTCAAGCTAGTCT-1",2
"AGTGTCAAGTACGACG-1",18
"AGTGTCAAGTGAACAT-1",7
"AGTGTCACACCATCCT-1",8
"AGTGTCACAGTAAGCG-1",22
"AGTGTCACAGTGGAGT-1",27
"AGTGTCAGTAAACCTC-1",0
"AGTGTCAGTACAGCAG-1",28
"AGTGTCAGTCTCCACT-1",11
"AGTGTCAGTTTGACTG-1",3
"AGTGTCATCAAAGTAG-1",3
"AGTGTCATCCGTCAAA-1",19
"AGTGTCATCGTTACAG-1",7
"AGTGTCATCTGTCAAG-1",0
"AGTTGGTAGACTGTAA-1",0
"AGTTGGTAGTACGCGA-1",6
"AGTTGGTCAAATTGCC-1",15
"AGTTGGTCAGGAATGC-1",16
"AGTTGGTCATGCGCAC-1",0
"AGTTGGTGTACCGTAT-1",45
"AGTTGGTGTATGCTTG-1",11
"AGTTGGTGTCAGGACA-1",2
"AGTTGGTGTTCAGACT-1",25
"AGTTGGTTCAGTACGT-1",7
"AGTTGGTTCCTCAACC-1",1
"AGTTGGTTCGTACCGG-1",2
"AGTTGGTTCTGTCCGT-1",0
"ATAACGCAGTTGAGTA-1",9
"ATAACGCCACGTGAGA-1",0
"ATAACGCGTGAACCTT-1",0
"ATAACGCGTGTCCTCT-1",0
"ATAACGCGTGTGAAAT-1",17
"ATAACGCTCTCCGGTT-1",16
"ATAAGAGAGTCCGGTC-1",2
"ATAAGAGCAACTGCGC-1",8
"ATAAGAGCAGTATCTG-1",2
"ATAAGAGGTGACGCCT-1",0
"ATAAGAGGTTAAAGTG-1",1
"ATAAGAGTCAGCACAT-1",0
"ATAAGAGTCAGTGCAT-1",0
"ATAGACCAGAGAGCTC-1",11
"ATAGACCAGCCCAATT-1",4
"ATAGACCCAAGCCATT-1",6
"ATAGACCCATCTGGTA-1",12
"ATAGACCGTATATGGA-1",20
"ATAGACCGTGGACGAT-1",21
"ATAGACCGTGGCGAAT-1",1
"ATAGACCGTTTCGCTC-1",0
"ATCACGAAGAACTCGG-1",35
"ATCACGAAGACACGAC-1",0
"ATCACGAAGTTACCCA-1",21
"ATCACGACAAGACACG-1",29
"ATCACGACAAGCGTAG-1",16
"ATCACGACACACATGT-1",0
"ATCACGACACCACCAG-1",1
"ATCACGACACGGTAAG-1",1
"ATCACGACAGCGAACA-1",0
"ATCACGATCCCGACTT-1",42
"ATCACGATCGGTGTCG-1",7
"ATCATCTAGCCTATGT-1",17
"ATCATCTAGGCCATAG-1",2
"ATCATCTAGTACTTGC-1",3
"ATCATCTCAGACGCCT-1",0
"ATCATCTCATCCGTGG-1",1
"ATCATCTGTATTACCG-1",8
"ATCATCTGTCACTTCC-1",9
"ATCATCTTCAGCGACC-1",7
"ATCATCTTCCTCAACC-1",4
"ATCATGGCAAGCGTAG-1",16
"ATCATGGCAAGGTTCT-1",1
"ATCATGGCACTACAGT-1",3
"ATCATGGGTAAGGGAA-1",2
"ATCATGGGTTGTGGCC-1",20
"ATCATGGTCAATAAGG-1",15
"ATCATGGTCCAATGGT-1",4
"ATCATGGTCGCCATAA-1",7
"ATCATGGTCGGTTAAC-1",0
"ATCCACCAGCTAGTCT-1",5
"ATCCACCAGGCTCTTA-1",12
"ATCCACCCAAACGTGG-1",5
"ATCCACCCAGTTAACC-1",17
"ATCCACCGTCCGAAGA-1",7
"ATCCACCGTTTGTTTC-1",5
"ATCCACCTCCTGCTTG-1",13
"ATCCACCTCCTTAATC-1",3
"ATCCACCTCTGGTATG-1",2
"ATCCGAAAGCGATGAC-1",1
"ATCCGAAAGCTAGGCA-1",2
"ATCCGAACAAACGTGG-1",1
"ATCCGAACAACAACCT-1",1
"ATCCGAACAAGGACTG-1",0
"ATCCGAACACCCATTC-1",13
"ATCCGAACACGGTAGA-1",0
"ATCCGAAGTAGCGCTC-1",0
"ATCCGAAGTCATTAGC-1",12
"ATCCGAAGTCTCTTAT-1",1
"ATCCGAATCCAACCAA-1",0
"ATCCGAATCCTTGACC-1",38
"ATCCGAATCTTGTCAT-1",16
"ATCGAGTAGACTTTCG-1",9
"ATCGAGTCATCCGGGT-1",8
"ATCGAGTGTCCCTTGT-1",5
"ATCGAGTGTCTCCCTA-1",22
"ATCGAGTTCATGCATG-1",0
"ATCGAGTTCCTGCCAT-1",6
"ATCTACTAGGTGTGGT-1",0
"ATCTACTCAGCTGTAT-1",22
"ATCTACTCAGTACACT-1",2
"ATCTACTCATGACATC-1",0
"ATCTACTGTAAGTAGT-1",2
"ATCTACTGTGTCGCTG-1",3
"ATCTACTTCCGCGTTT-1",2
"ATCTACTTCGCAAGCC-1",0
"ATCTACTTCTATCGCC-1",18
"ATCTACTTCTCTAAGG-1",3
"ATCTGCCAGGCTCAGA-1",12
"ATCTGCCGTACAGTTC-1",12
"ATCTGCCGTTGTGGAG-1",17
"ATCTGCCTCAGAGACG-1",14
"ATCTGCCTCAGCTGGC-1",2
"ATCTGCCTCGTACGGC-1",0
"ATCTGCCTCTCGAGTA-1",11
"ATCTGCCTCTGAGTGT-1",8
"ATCTGCCTCTTGTATC-1",21
"ATGAGGGAGGTCGGAT-1",24
"ATGAGGGCATGACGGA-1",15
"ATGAGGGCATTAGGCT-1",28
"ATGAGGGTCACATGCA-1",7
"ATGAGGGTCAGTCCCT-1",0
"ATGCGATAGTCAATAG-1",5
"ATGCGATCATGTTGAC-1",21
"ATGCGATGTGCAGTAG-1",5
"ATGCGATGTGCATCTA-1",8
"ATGCGATTCCCAAGAT-1",3
"ATGCGATTCGCCATAA-1",1
"ATGGGAGAGCAATATG-1",2
"ATGGGAGAGCCACGCT-1",0
"ATGGGAGAGGTGATAT-1",9
"ATGGGAGCACCAGGTC-1",0
"ATGGGAGCACTATCTT-1",8
"ATGGGAGCAGCATACT-1",9
"ATGGGAGCATAGAAAC-1",0
"ATGGGAGCATTACCTT-1",6
"ATGGGAGTCAAGGTAA-1",0
"ATGTGTGAGCGAAGGG-1",1
"ATGTGTGAGGGTTTCT-1",11
"ATGTGTGAGTTGAGTA-1",7
"ATGTGTGCACGGCGTT-1",11
"ATGTGTGCACGGTTTA-1",6
"ATGTGTGCAGTATAAG-1",6
"ATGTGTGTCACGCGGT-1",12
"ATTACTCAGATGTGTA-1",4
"ATTACTCAGCGTAATA-1",4
"ATTACTCAGGTGCACA-1",3
"ATTACTCAGTGAAGTT-1",4
"ATTACTCCAAACTGTC-1",1
"ATTACTCCACCATCCT-1",0
"ATTACTCCAGACTCGC-1",0
"ATTACTCCATATGCTG-1",3
"ATTACTCCATCGGTTA-1",12
"ATTACTCCATTGCGGC-1",11
"ATTACTCGTTAAAGAC-1",18
"ATTACTCTCCGAACGC-1",6
"ATTATCCAGAGTACCG-1",0
"ATTATCCAGCTTATCG-1",1
"ATTATCCCACAAGCCC-1",5
"ATTATCCCATATGAGA-1",29
"ATTATCCCATCTGGTA-1",3
"ATTATCCGTCGTTGTA-1",8
"ATTATCCGTCTCTCTG-1",24
"ATTATCCTCAACGGGA-1",6
"ATTATCCTCCGCGCAA-1",1
"ATTATCCTCTCCGGTT-1",1
"ATTCTACGTCACTTCC-1",8
"ATTCTACGTCTAGTCA-1",0
"ATTCTACGTTGTCGCG-1",13
"ATTGGACAGCAGATCG-1",22
"ATTGGACAGGGCATGT-1",20
"ATTGGACAGTGGACGT-1",5
"ATTGGACCAAGACACG-1",19
"ATTGGACGTAATAGCA-1",10
"ATTGGACTCCTGCTTG-1",23
"ATTGGACTCGGCGCAT-1",5
"ATTGGACTCGTTTGCC-1",1
"ATTGGTGAGAATGTTG-1",1
"ATTGGTGCAAGCTGAG-1",18
"ATTGGTGCAGCAGTTT-1",12
"ATTGGTGGTATGGTTC-1",20
"ATTGGTGGTTGAGTTC-1",4
"ATTGGTGTCAAAGTAG-1",20
"ATTGGTGTCGGAAACG-1",10
"ATTTCTGAGGGATACC-1",0
"ATTTCTGAGGGATCTG-1",2
"ATTTCTGAGGTGTTAA-1",26
"ATTTCTGAGTCGAGTG-1",1
"ATTTCTGAGTTCGCAT-1",0
"ATTTCTGCAAGGTGTG-1",4
"ATTTCTGGTAGCTCCG-1",0
"ATTTCTGGTGCACGAA-1",2
"ATTTCTGGTTGCCTCT-1",14
"ATTTCTGTCAAAGTAG-1",4
"ATTTCTGTCAGCTCGG-1",0
"ATTTCTGTCTTGGGTA-1",0
"CAACCAAAGAAACGCC-1",6
"CAACCAAAGAGGGCTT-1",0
"CAACCAAAGCTGAAAT-1",0
"CAACCAAAGGACAGCT-1",0
"CAACCAAAGGGAGTAA-1",27
"CAACCAACATACGCTA-1",2
"CAACCTCAGTAATCCC-1",14
"CAACCTCCAGACGCAA-1",22
"CAACCTCGTGAGTGAC-1",19
"CAACCTCGTTCCACGG-1",1
"CAACCTCTCATACGGT-1",25
"CAACCTCTCCGATATG-1",13
"CAACCTCTCCTTTACA-1",3
"CAACCTCTCTCTAGGA-1",0
"CAACTAGAGAATAGGG-1",6
"CAACTAGAGGATGCGT-1",9
"CAACTAGCACCATCCT-1",14
"CAACTAGCAGACTCGC-1",7
"CAACTAGCAGTTCATG-1",10
"CAACTAGGTACGCACC-1",4
"CAACTAGTCAGGCCCA-1",18
"CAAGAAAAGAAGGACA-1",12
"CAAGAAAAGACGCACA-1",7
"CAAGAAAAGGCCCTTG-1",0
"CAAGAAAAGGTGATAT-1",9
"CAAGAAAAGTCGATAA-1",20
"CAAGAAAAGTGGAGTC-1",3
"CAAGAAAAGTGTACCT-1",2
"CAAGAAACACGGTGTC-1",8
"CAAGAAATCTGCTTGC-1",19
"CAAGATCAGCTGAAAT-1",6
"CAAGATCGTAAGAGGA-1",1
"CAAGATCGTGCCTTGG-1",7
"CAAGATCTCAACACCA-1",6
"CAAGATCTCTCGATGA-1",5
"CAAGGCCAGGAGTCTG-1",7
"CAAGGCCAGGCTATCT-1",9
"CAAGGCCCACGGTAAG-1",2
"CAAGGCCCATGTTCCC-1",5
"CAAGGCCGTCCGTCAG-1",0
"CAAGGCCTCAACGGGA-1",7
"CAAGGCCTCCTTGACC-1",6
"CAAGGCCTCGTGACAT-1",8
"CAAGTTGAGACAGGCT-1",4
"CAAGTTGAGATGTCGG-1",33
"CAAGTTGAGCGTCAAG-1",13
"CAAGTTGAGCGTTTAC-1",4
"CAAGTTGCACATTAGC-1",0
"CAAGTTGCACGCTTTC-1",0
"CAAGTTGCACGGTGTC-1",13
"CAAGTTGCATTCTTAC-1",23
"CAAGTTGGTACTCAAC-1",5
"CAAGTTGGTCAGGACA-1",11
"CAAGTTGGTCGGCACT-1",0
"CAAGTTGTCAACGAAA-1",1
"CAAGTTGTCACCACCT-1",10
"CAAGTTGTCATTGCCC-1",15
"CAAGTTGTCGAATCCA-1",18
"CAAGTTGTCTACTTAC-1",9
"CACAAACAGGGCTCTC-1",10
"CACAAACAGGGCTTGA-1",0
"CACAAACAGTGACATA-1",3
"CACAAACCAACTGCGC-1",6
"CACAAACCAATAAGCA-1",4
"CACAAACCAATCAGAA-1",6
"CACAAACCACTTAACG-1",3
"CACAAACCATGAACCT-1",0
"CACAAACCATGGTCAT-1",24
"CACAAACGTCAACTGT-1",0
"CACAAACGTCAGAATA-1",5
"CACAAACTCTTCGGTC-1",10
"CACAAACTCTTGGGTA-1",9
"CACACAAAGCGACGTA-1",9
"CACACAAAGGGAGTAA-1",6
"CACACAACAAACGTGG-1",31
"CACACAACACATGACT-1",2
"CACACAACATCGATTG-1",0
"CACACAACATTGGGCC-1",10
"CACACAAGTACGACCC-1",1
"CACACAAGTCAGTGGA-1",6
"CACACAAGTCATCGGC-1",7
"CACACAAGTTTACTCT-1",10
"CACACAATCCACGTGG-1",3
"CACACAATCCACGTTC-1",33
"CACACAATCGGCGCAT-1",16
"CACACCTAGAGACTAT-1",2
"CACACCTAGGACATTA-1",8
"CACACCTAGTCATCCA-1",15
"CACACCTAGTGTGAAT-1",0
"CACACCTCACTGAAGG-1",6
"CACACCTCATAGGATA-1",1
"CACACCTCATAGTAAG-1",4
"CACACCTCATTGGGCC-1",2
"CACACCTGTACAGCAG-1",8
"CACACCTGTACCGCTG-1",4
"CACACCTGTCCAAGTT-1",1
"CACACCTGTGGACGAT-1",1
"CACACCTGTGGTCTCG-1",2
"CACACCTTCATGTCTT-1",48
"CACACCTTCTGGCGAC-1",6
"CACACTCAGGGAAACA-1",8
"CACACTCCAACACCTA-1",0
"CACACTCCAAGGGTCA-1",0
"CACACTCGTGACGCCT-1",11
"CACACTCGTTTGTGTG-1",1
"CACAGGCAGCCATCGC-1",19
"CACAGGCAGGGATGGG-1",2
"CACAGGCCAAGAGTCG-1",4
"CACAGGCCAATGGAGC-1",0
"CACAGGCGTCTAGGTT-1",20
"CACAGGCGTTACGCGC-1",7
"CACAGGCTCGGGAGTA-1",15
"CACAGGCTCTATGTGG-1",13
"CACAGTAAGACGCAAC-1",36
"CACAGTAAGACGCACA-1",5
"CACAGTAAGTGGGCTA-1",2
"CACAGTACAACTGGCC-1",15
"CACAGTACATCGGACC-1",38
"CACAGTAGTTCCATGA-1",14
"CACATAGAGCCCAATT-1",16
"CACATAGAGTGTACTC-1",3
"CACATAGCACTTCTGC-1",60
"CACATAGCAGGGTATG-1",9
"CACATAGTCCTTGCCA-1",5
"CACATAGTCGGCGCAT-1",1
"CACATTTAGCAGATCG-1",30
"CACATTTAGGGCACTA-1",30
"CACATTTCACGGCGTT-1",0
"CACATTTCATTACCTT-1",0
"CACATTTGTCGAACAG-1",1
"CACATTTGTGTTGAGG-1",2
"CACATTTTCCAGAGGA-1",1
"CACATTTTCCGCATCT-1",1
"CACATTTTCTACTATC-1",1
"CACATTTTCTGTGCAA-1",0
"CACCACTAGCCACGTC-1",1
"CACCACTAGTGGTAAT-1",1
"CACCACTAGTTACCCA-1",1
"CACCACTCAAGCCCAC-1",3
"CACCACTCAGTTCATG-1",1
"CACCACTGTTATTCTC-1",13
"CACCACTTCACCGGGT-1",0
"CACCACTTCGAATCCA-1",48
"CACCACTTCGACCAGC-1",1
"CACCACTTCTAACCGA-1",5
"CACCACTTCTTTAGTC-1",18
"CACCAGGCACATTAGC-1",1
"CACCAGGCACTGCCAG-1",0
"CACCAGGCATAAAGGT-1",3
"CACCAGGCATGAACCT-1",13
"CACCAGGGTGAAATCA-1",26
"CACCAGGGTGTTTGGT-1",6
"CACCAGGGTTATCACG-1",14
"CACCAGGTCATGTAGC-1",3
"CACCAGGTCTGCTTGC-1",10
"CACCTTGAGACTTGAA-1",10
"CACCTTGAGTCAATAG-1",1
"CACCTTGCACTAGTAC-1",8
"CACCTTGCAGGCGATA-1",5
"CACCTTGCATTCCTGC-1",1
"CACCTTGGTCATTAGC-1",1
"CACCTTGGTGATGTCT-1",2
"CACCTTGGTGTGAAAT-1",11
"CACCTTGGTTATGTGC-1",0
"CACCTTGTCAACCATG-1",10
"CACCTTGTCATTATCC-1",5
"CACCTTGTCCAAAGTC-1",27
"CACCTTGTCTCACATT-1",17
"CACTCCAAGACAAGCC-1",0
"CACTCCAAGGTACTCT-1",12
"CACTCCACAATGGACG-1",6
"CACTCCAGTACATGTC-1",12
"CACTCCAGTTGTCGCG-1",16
"CACTCCATCAACACAC-1",9
"CACTCCATCCCAGGTG-1",2
"CAGAATCAGAAACCTA-1",0
"CAGAATCAGCCAACAG-1",17
"CAGAATCAGCTGGAAC-1",1
"CAGAATCAGGACTGGT-1",0
"CAGAATCAGTATCGAA-1",26
"CAGAATCCACAGAGGT-1",13
"CAGAATCCAGGGTACA-1",11
"CAGAATCGTAAGTGTA-1",1
"CAGAATCGTAATCACC-1",9
"CAGAATCTCAGTTTGG-1",5
"CAGAATCTCGCAAGCC-1",0
"CAGAATCTCGGTCCGA-1",0
"CAGAATCTCTTGCAAG-1",12
"CAGAATCTCTTGTACT-1",1
"CAGAGAGAGAATTGTG-1",5
"CAGAGAGAGCAATATG-1",7
"CAGAGAGCAAGAAGAG-1",26
"CAGAGAGCACCAGATT-1",7
"CAGAGAGGTAATCACC-1",13
"CAGAGAGGTAGCTGCC-1",2
"CAGAGAGGTAGGACAC-1",27
"CAGAGAGGTATAGGGC-1",0
"CAGAGAGGTCCGAATT-1",0
"CAGAGAGGTTGAGGTG-1",1
"CAGAGAGTCACCCGAG-1",0
"CAGAGAGTCATAACCG-1",0
"CAGAGAGTCCGAACGC-1",14
"CAGAGAGTCTGGTATG-1",10
"CAGATCAAGAGACGAA-1",3
"CAGATCAAGCACCGTC-1",5
"CAGATCAAGCTTCGCG-1",22
"CAGATCAAGGATTCGG-1",3
"CAGATCAAGTGTACCT-1",34
"CAGATCAAGTTTAGGA-1",48
"CAGATCACAATAACGA-1",23
"CAGATCACACACCGAC-1",1
"CAGATCACACGGTAAG-1",0
"CAGATCACACTCTGTC-1",2
"CAGATCACAGCATACT-1",22
"CAGATCACAGTGGGAT-1",16
"CAGATCAGTACCAGTT-1",12
"CAGATCAGTGCGGTAA-1",13
"CAGATCATCTGATACG-1",3
"CAGATCATCTGATTCT-1",1
"CAGCAGCAGATGCCAG-1",5
"CAGCAGCAGGGAACGG-1",0
"CAGCAGCCACCTATCC-1",4
"CAGCAGCCATCACAAC-1",1
"CAGCAGCGTGCTAGCC-1",12
"CAGCAGCTCAACACTG-1",9
"CAGCAGCTCGAACTGT-1",0
"CAGCAGCTCGCCGTGA-1",2
"CAGCATAAGAGACGAA-1",1
"CAGCATAGTCTAGGTT-1",4
"CAGCATAGTTTACTCT-1",0
"CAGCATATCACGAAGG-1",9
"CAGCATATCAGGCAAG-1",2
"CAGCATATCCTTAATC-1",11
"CAGCCGAAGCATCATC-1",0
"CAGCCGAAGTTTCCTT-1",4
"CAGCCGACACGTGAGA-1",1
"CAGCCGACATCAGTCA-1",8
"CAGCCGAGTGATGTCT-1",11
"CAGCCGATCACCAGGC-1",4
"CAGCCGATCCTCAATT-1",4
"CAGCGACAGAAACGCC-1",19
"CAGCGACAGCGTCAAG-1",3
"CAGCGACCAAACGTGG-1",0
"CAGCGACCAAAGCGGT-1",0
"CAGCGACCACGTCAGC-1",6
"CAGCGACCATGGGACA-1",23
"CAGCGACGTCTGATTG-1",5
"CAGCGACGTGGACGAT-1",9
"CAGCGACGTGGTTTCA-1",0
"CAGCGACGTTCGGCAC-1",0
"CAGCGACTCCGCAAGC-1",0
"CAGCGACTCTGGGCCA-1",6
"CAGCTAAAGATGTGTA-1",9
"CAGCTAAAGCAGACTG-1",0
"CAGCTAAAGCTGTTCA-1",30
"CAGCTAAAGGAGCGTT-1",3
"CAGCTAACACAGATTC-1",3
"CAGCTAACATCAGTAC-1",3
"CAGCTAAGTAATCGTC-1",9
"CAGCTAAGTCTCACCT-1",8
"CAGCTAAGTTCGTCTC-1",29
"CAGCTAATCCACGCAG-1",14
"CAGCTAATCCCTAACC-1",14
"CAGCTAATCTGGTTCC-1",1
"CAGCTAATCTTAGCCC-1",10
"CAGCTAATCTTCGGTC-1",10
"CAGCTGGAGACACTAA-1",17
"CAGCTGGAGATCCTGT-1",16
"CAGCTGGCACCAACCG-1",9
"CAGCTGGCAGTGGAGT-1",18
"CAGCTGGCATGCATGT-1",0
"CAGCTGGTCTACCTGC-1",7
"CAGGTGCAGAGACGAA-1",13
"CAGGTGCAGATCCTGT-1",4
"CAGGTGCAGGCATGTG-1",0
"CAGGTGCCAGGAACGT-1",21
"CAGGTGCCATAGTAAG-1",0
"CAGGTGCCATCGGAAG-1",7
"CAGGTGCTCAGTTGAC-1",36
"CAGGTGCTCCAAGTAC-1",2
"CAGGTGCTCTTGTATC-1",3
"CAGTAACAGATATGGT-1",28
"CAGTAACAGATGGCGT-1",4
"CAGTAACCAATCACAC-1",8
"CAGTAACCACTCGACG-1",2
"CAGTAACGTGATAAGT-1",1
"CAGTAACGTGCACCAC-1",5
"CAGTAACTCAGAGGTG-1",0
"CAGTAACTCGTACGGC-1",4
"CAGTAACTCGTGACAT-1",1
"CAGTAACTCTGCCAGG-1",6
"CAGTCCTAGAATCTCC-1",11
"CAGTCCTAGATCTGCT-1",42
"CAGTCCTCAGTATAAG-1",5
"CAGTCCTTCAACACGT-1",0
"CAGTCCTTCCATGAGT-1",6
"CAGTCCTTCCCGACTT-1",1
"CAGTCCTTCCCTTGTG-1",34
"CAGTCCTTCGAACGGA-1",21
"CAGTCCTTCGGTTCGG-1",0
"CAGTCCTTCTACTTAC-1",23
"CATATGGAGAGATGAG-1",1
"CATATGGAGGCATGGT-1",4
"CATATGGAGTATTGGA-1",9
"CATATGGCAAGCGTAG-1",0
"CATATGGGTCGCATAT-1",2
"CATATGGTCATTATCC-1",0
"CATATGGTCATTGCGA-1",4
"CATATTCAGGCGACAT-1",6
"CATATTCCACCACCAG-1",3
"CATATTCGTGACTACT-1",6
"CATATTCGTGGTACAG-1",2
"CATATTCGTGTGACGA-1",12
"CATATTCTCACAGGCC-1",13
"CATATTCTCGCAAACT-1",0
"CATCAAGAGAACTCGG-1",14
"CATCAAGAGATGGCGT-1",0
"CATCAAGAGCCGCCTA-1",47
"CATCAAGCACGAAACG-1",2
"CATCAAGCAGCCTTTC-1",4
"CATCAAGCATGGAATA-1",3
"CATCAAGGTTACTGAC-1",14
"CATCAAGGTTCCATGA-1",29
"CATCAAGTCTAAGCCA-1",2
"CATCAAGTCTGACCTC-1",4
"CATCAGAAGCTAGTCT-1",37
"CATCAGACAAGCCATT-1",3
"CATCAGACAATGACCT-1",1
"CATCAGACACGGCCAT-1",0
"CATCAGACAGACAGGT-1",0
"CATCAGACATAACCTG-1",0
"CATCAGAGTAATTGGA-1",22
"CATCAGAGTACATGTC-1",15
"CATCAGAGTGTTAAGA-1",10
"CATCAGAGTTCAACCA-1",2
"CATCAGATCGTTGACA-1",5
"CATCCACGTAAAGTCA-1",26
"CATCCACGTACCGTAT-1",7
"CATCCACGTGCCTGTG-1",24
"CATCCACGTTTAAGCC-1",26
"CATCGAAAGAGTACAT-1",9
"CATCGAAAGCTGTCTA-1",0
"CATCGAACAAGAGGCT-1",3
"CATCGAACAAGCTGAG-1",0
"CATCGAACACATTTCT-1",4
"CATCGAACATAAAGGT-1",2
"CATCGAAGTAGTACCT-1",5
"CATCGAAGTCCGACGT-1",24
"CATCGAAGTGCACTTA-1",14
"CATCGAATCAAACCAC-1",10
"CATCGAATCCGCGGTA-1",1
"CATCGAATCCGTAGTA-1",14
"CATCGGGAGAAGCCCA-1",10
"CATCGGGAGCGAGAAA-1",20
"CATCGGGAGGGTGTGT-1",19
"CATCGGGAGGTGTTAA-1",4
"CATCGGGAGTGACTCT-1",0
"CATCGGGCACTCAGGC-1",0
"CATCGGGCAGACGCTC-1",19
"CATCGGGCATCACAAC-1",10
"CATCGGGGTCCTCTTG-1",21
"CATCGGGGTGAGGGAG-1",9
"CATCGGGGTTCGAATC-1",2
"CATCGGGTCAGGATCT-1",12
"CATCGGGTCCACGAAT-1",5
"CATCGGGTCGATGAGG-1",0
"CATGACAAGACCACGA-1",14
"CATGACAAGCTCCTCT-1",0
"CATGACAAGTAACCCT-1",8
"CATGACAAGTATCTCG-1",11
"CATGACAGTCGTCTTC-1",10
"CATGACAGTGAACCTT-1",30
"CATGACATCAATAAGG-1",6
"CATGACATCTAACTGG-1",12
"CATGCCTAGACCTAGG-1",7
"CATGCCTAGAGTCTGG-1",0
"CATGCCTCACCACCAG-1",0
"CATGCCTGTCAAAGCG-1",5
"CATGCCTGTCGATTGT-1",12
"CATGCCTTCCACGACG-1",18
"CATGCCTTCCTCATTA-1",11
"CATGCCTTCGCATGAT-1",2
"CATGGCGAGAGCTGGT-1",1
"CATGGCGAGTACGACG-1",12
"CATGGCGTCCAAAGTC-1",2
"CATGGCGTCCCTTGTG-1",2
"CATGGCGTCGGCCGAT-1",6
"CATGGCGTCTCAAACG-1",0
"CATGGCGTCTGCCCTA-1",1
"CATTATCAGACCCACC-1",19
"CATTATCAGTCCCACG-1",5
"CATTATCCAAGTCTGT-1",0
"CATTATCCAGGGCATA-1",5
"CATTATCGTCAATGTC-1",0
"CATTATCTCACAAACC-1",9
"CATTATCTCAGATAAG-1",0
"CATTATCTCGCGTTTC-1",2
"CATTATCTCGTTGCCT-1",25
"CATTATCTCTATCCCG-1",15
"CATTATCTCTTAACCT-1",0
"CATTCGCAGGTGCTAG-1",5
"CATTCGCCAAGGGTCA-1",0
"CATTCGCCAGCCTATA-1",0
"CATTCGCCATACAGCT-1",4
"CATTCGCCATGGATGG-1",15
"CATTCGCCATGTCTCC-1",0
"CATTCGCCATTCACTT-1",7
"CATTCGCGTAGCACGA-1",0
"CATTCGCTCATCACCC-1",9
"CCAATCCAGACCACGA-1",10
"CCAATCCAGATATGGT-1",5
"CCAATCCAGTCGAGTG-1",5
"CCAATCCAGTCGTTTG-1",28
"CCAATCCAGTTTAGGA-1",2
"CCAATCCCAAGCGAGT-1",6
"CCAATCCTCGGACAAG-1",10
"CCAATCCTCTACCTGC-1",20
"CCACCTAAGCAGACTG-1",15
"CCACCTAAGGATGGTC-1",2
"CCACCTAAGTCGAGTG-1",13
"CCACCTAAGTGGGATC-1",27
"CCACCTAAGTGTGGCA-1",20
"CCACCTACAACAACCT-1",3
"CCACCTACAAGCCGCT-1",0
"CCACCTACAATCTACG-1",14
"CCACCTAGTAGTACCT-1",5
"CCACCTAGTCGCGTGT-1",8
"CCACCTAGTGGGTCAA-1",3
"CCACCTATCAGTTGAC-1",4
"CCACCTATCTGATACG-1",3
"CCACGGAAGACACGAC-1",7
"CCACGGAAGGGAACGG-1",12
"CCACGGACATGTCGAT-1",57
"CCACGGAGTAAGGGCT-1",2
"CCACGGAGTCAGATAA-1",0
"CCACGGAGTCCGTGAC-1",10
"CCACGGAGTGTAATGA-1",18
"CCACGGAGTTCTGAAC-1",5
"CCACGGATCACATAGC-1",19
"CCACGGATCCACGTGG-1",9
"CCACGGATCTACTATC-1",6
"CCACGGATCTAGAGTC-1",3
"CCACTACAGAGTACCG-1",6
"CCACTACAGCTTTGGT-1",1
"CCACTACCAGCAGTTT-1",2
"CCACTACCAGTAGAGC-1",0
"CCACTACGTCCGAATT-1",23
"CCACTACGTCTCAACA-1",32
"CCACTACGTGACAAAT-1",6
"CCACTACGTGACCAAG-1",14
"CCACTACGTGCACGAA-1",11
"CCACTACTCACTCTTA-1",3
"CCACTACTCCGCATCT-1",24
"CCACTACTCGGAAATA-1",5
"CCACTACTCTCGTATT-1",1
"CCACTACTCTCGTTTA-1",23
"CCAGCGAAGCCCAACC-1",19
"CCAGCGACATCGGGTC-1",4
"CCAGCGACATGTCCTC-1",30
"CCAGCGAGTAGGCATG-1",3
"CCAGCGAGTCCGTTAA-1",8
"CCAGCGATCAGAAATG-1",0
"CCATGTCAGCGATCCC-1",0
"CCATGTCAGGTCGGAT-1",3
"CCATGTCAGGTTACCT-1",26
"CCATGTCCAAGCTGGA-1",12
"CCATGTCCACATCCGG-1",9
"CCATGTCGTCCAGTAT-1",38
"CCATGTCTCCAAGTAC-1",13
"CCATGTCTCTTGTATC-1",0
"CCATTCGCAGTACACT-1",12
"CCATTCGCAGTTTACG-1",1
"CCATTCGGTAATCGTC-1",1
"CCATTCGGTATTACCG-1",0
"CCATTCGTCGTAGGAG-1",23
"CCCAATCAGTCACGCC-1",5
"CCCAATCCAGGTGGAT-1",1
"CCCAATCGTGAAGGCT-1",9
"CCCAATCGTTGGAGGT-1",2
"CCCAATCTCACATGCA-1",2
"CCCAATCTCCAGTATG-1",3
"CCCAATCTCGGAGCAA-1",6
"CCCAGTTAGAATAGGG-1",6
"CCCAGTTAGATCCCGC-1",15
"CCCAGTTAGCGTGAAC-1",5
"CCCAGTTAGGAATCGC-1",1
"CCCAGTTAGTCCGGTC-1",26
"CCCAGTTAGTTTGCGT-1",3
"CCCAGTTGTACATGTC-1",2
"CCCAGTTGTCTGCAAT-1",9
"CCCAGTTTCTGAAAGA-1",38
"CCCATACAGGGTTCCC-1",6
"CCCATACAGTGTTTGC-1",7
"CCCATACCAAAGGTGC-1",9
"CCCATACCAACACCCG-1",13
"CCCATACCAGCAGTTT-1",3
"CCCATACGTATTACCG-1",6
"CCCATACGTCAATACC-1",34
"CCCATACGTCTAGTCA-1",20
"CCCATACGTTGAGTTC-1",7
"CCCATACTCAATAAGG-1",7
"CCCATACTCAGCGACC-1",2
"CCCATACTCATCACCC-1",11
"CCCATACTCCGTAGGC-1",4
"CCCTCCTAGGAATCGC-1",24
"CCCTCCTCACGTCTCT-1",6
"CCCTCCTCAGCTTAAC-1",0
"CCCTCCTCATATGAGA-1",0
"CCCTCCTCATCACGTA-1",12
"CCCTCCTGTATGGTTC-1",1
"CCCTCCTGTTAGATGA-1",23
"CCCTCCTTCAATCACG-1",0
"CCCTCCTTCCGCAGTG-1",56
"CCGGGATAGCTTCGCG-1",0
"CCGGGATAGGCGACAT-1",3
"CCGGGATAGGCTAGGT-1",9
"CCGGGATCACAGTCGC-1",2
"CCGGGATGTATAGGTA-1",1
"CCGGGATTCAGAGCTT-1",13
"CCGGGATTCGCTAGCG-1",8
"CCGGGATTCGCTTGTC-1",0
"CCGGTAGAGCGTCTAT-1",1
"CCGGTAGAGTACGCCC-1",13
"CCGGTAGCACATAACC-1",31
"CCGGTAGCACGCATCG-1",0
"CCGGTAGGTACTTCTT-1",4
"CCGGTAGGTCAAACTC-1",1
"CCGGTAGTCGTCCGTT-1",2
"CCGTACTAGAGAACAG-1",15
"CCGTACTAGTCCGTAT-1",3
"CCGTACTCAAGCCCAC-1",39
"CCGTACTCAAGCGAGT-1",0
"CCGTACTCATCCCACT-1",8
"CCGTACTGTACAGCAG-1",27
"CCGTACTGTAGCGCTC-1",18
"CCGTACTGTGCGGTAA-1",1
"CCGTACTTCGTTACAG-1",5
"CCGTGGAAGACGCACA-1",12
"CCGTGGAAGAGTTGGC-1",11
"CCGTGGAAGGTGATAT-1",15
"CCGTGGAAGGTTCCTA-1",27
"CCGTGGACAGCCTTGG-1",2
"CCGTGGAGTTCCATGA-1",11
"CCGTGGATCTAACTTC-1",10
"CCGTGGATCTCTGTCG-1",0
"CCGTTCAAGCGTAATA-1",1
"CCGTTCAAGTACGATA-1",1
"CCGTTCAAGTAGATGT-1",1
"CCGTTCACAGGATCGA-1",11
"CCGTTCAGTATAGGGC-1",7
"CCGTTCAGTCGCGAAA-1",16
"CCGTTCATCGTACCGG-1",1
"CCTAAAGAGAGTTGGC-1",0
"CCTAAAGCAAACCTAC-1",10
"CCTAAAGCATGTCTCC-1",0
"CCTAAAGGTACTCAAC-1",12
"CCTAAAGGTCGGCACT-1",19
"CCTAAAGGTGTAATGA-1",0
"CCTAAAGTCACCGTAA-1",4
"CCTAAAGTCAGCGATT-1",1
"CCTAAAGTCGGCGCTA-1",14
"CCTAAAGTCGGTCCGA-1",0
"CCTACACAGGACCACA-1",9
"CCTACACAGGGTGTTG-1",0
"CCTACACCAGTAAGAT-1",0
"CCTACACGTATAGTAG-1",1
"CCTACACGTCCGAACC-1",5
"CCTACACGTGGGTCAA-1",0
"CCTACACGTTTGACTG-1",5
"CCTACACTCGGCGCTA-1",21
"CCTACACTCGTGACAT-1",7
"CCTACCAAGATAGGAG-1",6
"CCTACCAAGCAAATCA-1",35
"CCTACCAAGCGTAGTG-1",11
"CCTACCAAGCTTCGCG-1",0
"CCTACCAAGTGCGATG-1",11
"CCTACCAGTATCAGTC-1",0
"CCTACCAGTCTCTCTG-1",3
"CCTACCAGTCTTTCAT-1",3
"CCTACCATCAGCACAT-1",11
"CCTACCATCGCCAGCA-1",11
"CCTAGCTAGCAAATCA-1",4
"CCTAGCTAGCTCCTCT-1",1
"CCTAGCTAGGTTACCT-1",7
"CCTAGCTAGTACGCGA-1",9
"CCTAGCTCAATGAATG-1",17
"CCTAGCTCAATGGTCT-1",0
"CCTAGCTCACATCCAA-1",7
"CCTAGCTCAGCCAGAA-1",3
"CCTAGCTGTAGAAAGG-1",3
"CCTAGCTGTCACCCAG-1",1
"CCTAGCTGTCTGATTG-1",0
"CCTAGCTTCACGATGT-1",0
"CCTAGCTTCGTAGGAG-1",1
"CCTATTAAGAATTCCC-1",28
"CCTATTAAGCAGGCTA-1",45
"CCTATTAAGCAGGTCA-1",7
"CCTATTAAGGGAGTAA-1",33
"CCTATTAAGGTAGCCA-1",0
"CCTATTACACAACTGT-1",5
"CCTATTACACATCCGG-1",1
"CCTATTAGTCAATACC-1",1
"CCTATTATCATCACCC-1",1
"CCTATTATCTGCGACG-1",2
"CCTCAGTAGCTAACTC-1",5
"CCTCAGTCAGGTGGAT-1",4
"CCTCAGTGTCCATCCT-1",9
"CCTCAGTGTCCGACGT-1",5
"CCTCAGTGTCTTGTCC-1",0
"CCTCAGTGTGGGTATG-1",8
"CCTCTGAAGTATCGAA-1",1
"CCTCTGAAGTGGGTTG-1",8
"CCTCTGACAAGCTGTT-1",1
"CCTCTGACACCGATAT-1",1
"CCTCTGACAGATGAGC-1",4
"CCTCTGAGTCAATACC-1",0
"CCTCTGAGTCCGAACC-1",0
"CCTCTGAGTCGTGGCT-1",0
"CCTCTGAGTCTGATTG-1",31
"CCTCTGATCTGAGGGA-1",52
"CCTTACGCAAGCGTAG-1",11
"CCTTACGCACCAACCG-1",12
"CCTTACGGTCATCCCT-1",3
"CCTTACGGTCCTCTTG-1",6
"CCTTACGTCACAACGT-1",2
"CCTTACGTCATCTGCC-1",14
"CCTTACGTCGGAGGTA-1",0
"CCTTCCCAGAGACTAT-1",2
"CCTTCCCAGCTAGGCA-1",1
"CCTTCCCAGGACGAAA-1",16
"CCTTCCCAGGGCATGT-1",0
"CCTTCCCAGGTACTCT-1",0
"CCTTCCCCATGATCCA-1",10
"CCTTCCCTCAAGGCTT-1",1
"CCTTCCCTCTATCCTA-1",12
"CCTTCCCTCTATCGCC-1",24
"CCTTCGAAGGCGCTCT-1",0
"CCTTCGACAACACCCG-1",17
"CCTTCGACAGCGATCC-1",5
"CCTTCGAGTAAGCACG-1",10
"CCTTCGAGTCCATGAT-1",4
"CCTTCGAGTGTGACCC-1",3
"CCTTCGAGTTGGTGGA-1",1
"CCTTCGATCACAGTAC-1",6
"CCTTCGATCCTATGTT-1",9
"CCTTCGATCGCACTCT-1",0
"CCTTTCTAGACGCTTT-1",2
"CCTTTCTAGGGCACTA-1",15
"CCTTTCTAGTGGAGTC-1",15
"CCTTTCTCAGACAAGC-1",8
"CCTTTCTCATCACGAT-1",15
"CCTTTCTCATGCCCGA-1",1
"CCTTTCTTCCCACTTG-1",0
"CCTTTCTTCTTTACGT-1",0
"CGAACATCACATGACT-1",8
"CGAACATCACTTGGAT-1",7
"CGAACATCAGTCCTTC-1",2
"CGAACATGTCTGATTG-1",1
"CGAACATGTGCTGTAT-1",10
"CGAACATTCTCAAACG-1",5
"CGAATGTAGAGGTTAT-1",0
"CGAATGTAGCGATAGC-1",0
"CGAATGTAGTTCGCAT-1",13
"CGAATGTCAATGCCAT-1",6
"CGAATGTGTCTAGTCA-1",22
"CGAATGTGTCTCACCT-1",8
"CGAATGTTCAACACAC-1",1
"CGAATGTTCATCACCC-1",33
"CGAATGTTCTGTACGA-1",0
"CGACCTTAGCTACCGC-1",1
"CGACCTTAGCTAGTCT-1",16
"CGACCTTCAAAGTGCG-1",9
"CGACCTTCACGAAATA-1",15
"CGACCTTGTAAGTGTA-1",10
"CGACCTTGTCAGAATA-1",15
"CGACCTTGTCTCCCTA-1",4
"CGACCTTGTCTCTTAT-1",28
"CGACCTTTCCGCGTTT-1",12
"CGACCTTTCGTTTATC-1",0
"CGACCTTTCTCCAGGG-1",2
"CGACTTCAGACACGAC-1",0
"CGACTTCAGGTAGCCA-1",4
"CGACTTCAGTCTTGCA-1",9
"CGACTTCCAATGGACG-1",11
"CGACTTCGTGGTGTAG-1",10
"CGACTTCGTTGAGTTC-1",0
"CGACTTCTCACTTACT-1",5
"CGACTTCTCTCGCTTG-1",22
"CGAGAAGAGAAACGCC-1",2
"CGAGAAGAGCCAACAG-1",10
"CGAGAAGAGCGTGTCC-1",15
"CGAGAAGCAAGTTCTG-1",0
"CGAGAAGCACATCCGG-1",14
"CGAGAAGCAGGCTGAA-1",16
"CGAGAAGTCGGATGGA-1",2
"CGAGCACAGCCAGAAC-1",16
"CGAGCACCACATGTGT-1",2
"CGAGCACGTAGCGTCC-1",1
"CGAGCACGTAGCGTGA-1",2
"CGAGCACGTCAGATAA-1",24
"CGAGCACGTGCCTTGG-1",36
"CGAGCACTCCCGGATG-1",25
"CGAGCACTCCGCTGTT-1",29
"CGAGCACTCGGAAATA-1",1
"CGAGCACTCGTGACAT-1",1
"CGAGCCAAGCTAGCCC-1",8
"CGAGCCAGTATATCCG-1",29
"CGAGCCAGTCAAGCGA-1",8
"CGATCGGAGAGCCTAG-1",1
"CGATCGGAGTACGATA-1",0
"CGATCGGCAAACGCGA-1",0
"CGATCGGCAAGCGATG-1",5
"CGATCGGCAATACGCT-1",0
"CGATCGGCAGTTAACC-1",2
"CGATCGGCATACTCTT-1",14
"CGATCGGGTCGACTGC-1",3
"CGATCGGTCAACGGGA-1",16
"CGATCGGTCTAGCACA-1",0
"CGATGGCAGCCGTCGT-1",5
"CGATGGCAGTCCAGGA-1",0
"CGATGGCCACTTAACG-1",1
"CGATGGCCAGCGTAAG-1",11
"CGATGGCCATCATCCC-1",0
"CGATGGCTCCTAGAAC-1",2
"CGATGGCTCGCTAGCG-1",14
"CGATGGCTCTGACCTC-1",0
"CGATGTAAGGCAATTA-1",15
"CGATGTAAGTTTGCGT-1",6
"CGATGTACACAGGCCT-1",2
"CGATGTACAGGTCTCG-1",2
"CGATGTAGTCCAGTGC-1",5
"CGATGTAGTCTAGGTT-1",13
"CGATGTAGTGTGCCTG-1",2
"CGATGTAGTTTGCATG-1",4
"CGATTGAAGATGTGGC-1",0
"CGATTGACAGACGCAA-1",3
"CGATTGAGTATGGTTC-1",3
"CGATTGAGTTCAGACT-1",15
"CGATTGATCATGGTCA-1",16
"CGATTGATCTGCGGCA-1",6
"CGCCAAGAGAATGTTG-1",3
"CGCCAAGAGACCTTTG-1",6
"CGCCAAGAGATCGGGT-1",9
"CGCCAAGAGATCTGAA-1",1
"CGCCAAGAGCGTGTCC-1",27
"CGCCAAGGTCTAGGTT-1",7
"CGCCAAGTCAGGATCT-1",8
"CGCCAAGTCCACTCCA-1",1
"CGCCAAGTCTTGTTTG-1",2
"CGCGGTAAGCTAGCCC-1",0
"CGCGGTAAGGGTTCCC-1",11
"CGCGGTACAAACTGCT-1",6
"CGCGGTACAATGGAAT-1",7
"CGCGGTACAGCTGTTA-1",11
"CGCGGTAGTCAAGCGA-1",7
"CGCGGTAGTGAGGCTA-1",9
"CGCGGTAGTTTGCATG-1",12
"CGCGTTTAGTTATCGC-1",3
"CGCGTTTCAACAACCT-1",4
"CGCGTTTCAAGCGAGT-1",1
"CGCGTTTCAATGGACG-1",5
"CGCGTTTCACGGTGTC-1",7
"CGCGTTTGTGCTGTAT-1",4
"CGCGTTTGTGGACGAT-1",9
"CGCGTTTTCAAACCGT-1",10
"CGCGTTTTCAGCCTAA-1",6
"CGCGTTTTCCTATGTT-1",3
"CGCGTTTTCGTGGTCG-1",12
"CGCTATCAGAAACCGC-1",16
"CGCTATCAGTCATCCA-1",0
"CGCTATCCAAGCGAGT-1",34
"CGCTATCCAGTCGATT-1",0
"CGCTATCCATCGACGC-1",0
"CGCTATCCATTTCAGG-1",2
"CGCTATCGTACCGAGA-1",2
"CGCTATCGTTCGAATC-1",2
"CGCTATCGTTTCGCTC-1",16
"CGCTATCTCGTTACAG-1",8
"CGCTGGAAGGACATTA-1",0
"CGCTGGAAGGGCACTA-1",14
"CGCTGGAAGGTGATAT-1",11
"CGCTGGACAGACTCGC-1",23
"CGCTGGAGTGTAATGA-1",13
"CGCTGGAGTTCTGGTA-1",8
"CGCTGGATCCGAAGAG-1",9
"CGCTGGATCCGTTGCT-1",6
"CGCTGGATCGTAGGAG-1",15
"CGCTGGATCGTTACAG-1",0
"CGCTTCAAGAAGGGTA-1",14
"CGCTTCAAGGTCGGAT-1",16
"CGCTTCACACGGTGTC-1",1
"CGCTTCACAGACAAGC-1",4
"CGCTTCACATCACCCT-1",3
"CGCTTCAGTCGCGGTT-1",20
"CGCTTCATCTTAGAGC-1",36
"CGGACACAGCGATATA-1",7
"CGGACACAGCGATGAC-1",0
"CGGACACAGCTTCGCG-1",1
"CGGACACAGGTAAACT-1",0
"CGGACACAGTAGCCGA-1",1
"CGGACACCACAGGAGT-1",4
"CGGACACCATTCACTT-1",12
"CGGACACGTGAGCGAT-1",8
"CGGACACGTGCTCTTC-1",0
"CGGACACGTGTGACCC-1",42
"CGGACGTAGGTTACCT-1",7
"CGGACGTCATGGGACA-1",4
"CGGACGTGTGAAAGAG-1",4
"CGGACGTGTTGGTAAA-1",9
"CGGACGTTCATGTGGT-1",7
"CGGACGTTCTGTCCGT-1",0
"CGGACTGAGGAGCGAG-1",10
"CGGACTGAGGAGTCTG-1",1
"CGGACTGAGTGGTAGC-1",24
"CGGACTGCAACTTGAC-1",9
"CGGACTGCAATGACCT-1",10
"CGGACTGCACAACGTT-1",8
"CGGACTGCACGCCAGT-1",0
"CGGACTGCAGTATGCT-1",2
"CGGACTGGTAAAGGAG-1",33
"CGGACTGGTATAAACG-1",0
"CGGACTGGTGTAAGTA-1",9
"CGGACTGGTGTGGTTT-1",4
"CGGACTGGTTGACGTT-1",26
"CGGACTGTCATTGCCC-1",0
"CGGACTGTCCATGCTC-1",2
"CGGACTGTCCGTCAAA-1",13
"CGGACTGTCGTTTGCC-1",18
"CGGACTGTCTTCATGT-1",5
"CGGAGCTAGTTTAGGA-1",29
"CGGAGCTCATTGAGCT-1",1
"CGGAGCTGTAGAAAGG-1",0
"CGGAGCTTCACTTATC-1",0
"CGGAGCTTCATGTAGC-1",15
"CGGAGCTTCCACGAAT-1",7
"CGGAGTCAGTGCGATG-1",1
"CGGAGTCAGTGTGAAT-1",3
"CGGAGTCCAGTGGGAT-1",4
"CGGAGTCCATTATCTC-1",34
"CGGAGTCGTAGCTGCC-1",0
"CGGAGTCGTCCAGTGC-1",12
"CGGAGTCGTGTTCGAT-1",17
"CGGAGTCTCCCAGGTG-1",1
"CGGAGTCTCCGTAGTA-1",13
"CGGCTAGAGAAACGCC-1",6
"CGGCTAGAGCACCGTC-1",0
"CGGCTAGAGCTAAACA-1",4
"CGGCTAGCAGACAAAT-1",14
"CGGCTAGGTAACGCGA-1",3
"CGGCTAGGTTCATGGT-1",0
"CGGCTAGTCAAAGACA-1",8
"CGGCTAGTCGTGGGAA-1",7
"CGGCTAGTCTTGTTTG-1",1
"CGGGTCAAGAGTCGGT-1",17
"CGGGTCAAGCACACAG-1",0
"CGGGTCAAGCTAACTC-1",1
"CGGGTCAAGGACACCA-1",13
"CGGGTCAAGTATGACA-1",10
"CGGGTCACAATGACCT-1",18
"CGGGTCACACCGAAAG-1",13
"CGGGTCACAGCCACCA-1",4
"CGGGTCACATACAGCT-1",32
"CGGGTCACATCCTTGC-1",13
"CGGGTCAGTAGCGCTC-1",3
"CGGGTCAGTCGATTGT-1",4
"CGGGTCAGTGCAACTT-1",25
"CGGGTCAGTTGTTTGG-1",0
"CGGGTCATCAACACCA-1",37
"CGGGTCATCACCTTAT-1",1
"CGGGTCATCCACGACG-1",0
"CGGTTAACAGGACCCT-1",3
"CGGTTAACATGTCCTC-1",0
"CGGTTAACATTCCTGC-1",5
"CGGTTAAGTCGACTGC-1",13
"CGGTTAATCCGGCACA-1",0
"CGGTTAATCCTTTCGG-1",0
"CGGTTAATCTTATCTG-1",3
"CGTAGCGAGATGTAAC-1",9
"CGTAGCGAGGCAATTA-1",22
"CGTAGCGAGTAGGTGC-1",20
"CGTAGCGCAAGCGCTC-1",5
"CGTAGCGTCCAACCAA-1",0
"CGTAGCGTCGGCGGTT-1",2
"CGTAGGCAGGGCTCTC-1",2
"CGTAGGCCAAGCGATG-1",7
"CGTAGGCCACTAAGTC-1",8
"CGTAGGCCAGAGTGTG-1",7
"CGTAGGCCATCCCATC-1",46
"CGTAGGCGTATTAGCC-1",44
"CGTAGGCGTCAATACC-1",0
"CGTAGGCGTGGCGAAT-1",5
"CGTAGGCTCCAGAAGG-1",0
"CGTCACTAGTCATGCT-1",38
"CGTCACTCAAAGCGGT-1",0
"CGTCACTCAGGTCCAC-1",17
"CGTCACTCAGTCACTA-1",4
"CGTCACTTCCTTGACC-1",14
"CGTCACTTCGGTGTTA-1",3
"CGTCACTTCTGTGCAA-1",5
"CGTCACTTCTTGAGAC-1",18
"CGTCAGGAGCTGTTCA-1",0
"CGTCAGGCAAAGCAAT-1",0
"CGTCAGGCAAAGCGGT-1",14
"CGTCAGGCAACACGCC-1",16
"CGTCAGGCATCCGCGA-1",20
"CGTCAGGGTCAGCTAT-1",26
"CGTCAGGGTCGTTGTA-1",12
"CGTCAGGGTGTAAGTA-1",31
"CGTCAGGTCCACTGGG-1",27
"CGTCAGGTCGACAGCC-1",1
"CGTCAGGTCGGGAGTA-1",1
"CGTCCATAGACCACGA-1",0
"CGTCCATAGCGATTCT-1",27
"CGTCCATAGGCTATCT-1",3
"CGTCCATAGTCTCAAC-1",1
"CGTCCATCACGACTCG-1",10
"CGTCCATCATTCACTT-1",5
"CGTCCATGTCTAGCGC-1",4
"CGTCCATGTGATAAAC-1",6
"CGTCCATGTTTGGGCC-1",9
"CGTCCATGTTTGTGTG-1",17
"CGTCCATTCAACACCA-1",2
"CGTCCATTCATTCACT-1",1
"CGTCTACAGTGCGTGA-1",1
"CGTCTACGTAGTAGTA-1",1
"CGTCTACTCGAGCCCA-1",10
"CGTCTACTCGCCATAA-1",1
"CGTCTACTCGGCCGAT-1",2
"CGTCTACTCGTCCAGG-1",26
"CGTCTACTCTATCGCC-1",0
"CGTGAGCAGATCTGAA-1",1
"CGTGAGCAGCAATCTC-1",14
"CGTGAGCAGCGGATCA-1",0
"CGTGAGCAGCTAGTGG-1",1
"CGTGAGCAGCTTCGCG-1",0
"CGTGAGCAGGGCACTA-1",22
"CGTGAGCAGGGTGTGT-1",0
"CGTGAGCAGTGGAGAA-1",7
"CGTGAGCCAAGCCGCT-1",1
"CGTGAGCCACGTAAGG-1",1
"CGTGAGCCATACGCCG-1",8
"CGTGAGCGTAGATTAG-1",6
"CGTGAGCGTCTCTTAT-1",11
"CGTGAGCTCACAAACC-1",1
"CGTGAGCTCCAAATGC-1",21
"CGTGAGCTCCGAGCCA-1",11
"CGTGAGCTCGTTGCCT-1",0
"CGTGAGCTCTGGGCCA-1",13
"CGTGTAAAGATAGTCA-1",20
"CGTGTAAAGGTGTTAA-1",4
"CGTGTAAAGTACATGA-1",7
"CGTGTAACATGGGACA-1",2
"CGTGTAAGTCCGCTGA-1",2
"CGTGTAAGTGTCTGAT-1",4
"CGTGTAATCTACTATC-1",5
"CGTGTAATCTCGATGA-1",13
"CGTGTAATCTTTAGTC-1",1
"CGTGTCTAGGCGCTCT-1",0
"CGTGTCTAGGGATGGG-1",2
"CGTGTCTCAGACAAAT-1",11
"CGTGTCTCAGACACTT-1",1
"CGTGTCTGTAAGAGGA-1",3
"CGTGTCTGTATATGAG-1",12
"CGTGTCTGTCAAAGCG-1",3
"CGTGTCTGTTCCGTCT-1",11
"CGTGTCTTCAATCACG-1",10
"CGTGTCTTCAGAGGTG-1",7
"CGTGTCTTCATAGCAC-1",0
"CGTGTCTTCCGAACGC-1",31
"CGTGTCTTCGGCATCG-1",0
"CGTGTCTTCGTGGACC-1",0
"CGTGTCTTCTACTTAC-1",1
"CGTGTCTTCTGAGTGT-1",5
"CGTTAGAAGATCTGAA-1",5
"CGTTAGAAGGCCCTTG-1",4
"CGTTAGACACGAAAGC-1",0
"CGTTAGACAGCTTCGG-1",3
"CGTTAGAGTTTAAGCC-1",30
"CGTTAGATCACTTATC-1",26
"CGTTAGATCAGCCTAA-1",0
"CGTTCTGAGAAGGGTA-1",3
"CGTTCTGAGACTAGGC-1",1
"CGTTCTGAGTGAACAT-1",12
"CGTTCTGCAGCTCGCA-1",0
"CGTTCTGCATTGGCGC-1",3
"CGTTCTGGTGAGGGTT-1",0
"CGTTCTGTCTGATTCT-1",1
"CGTTGGGAGCTAGTTC-1",8
"CGTTGGGAGGATGCGT-1",5
"CGTTGGGCACATTAGC-1",3
"CGTTGGGCAGACAGGT-1",9
"CGTTGGGGTTCCCGAG-1",2
"CGTTGGGTCATGCTCC-1",8
"CGTTGGGTCCATGAAC-1",4
"CGTTGGGTCTACCAGA-1",1
"CTAACTTAGTCCTCCT-1",1
"CTAACTTCAATAGCAA-1",1
"CTAACTTCAATCGGTT-1",5
"CTAACTTGTGAGGCTA-1",7
"CTAACTTTCGTACGGC-1",0
"CTAACTTTCTGGCGTG-1",7
"CTAAGACAGGGAAACA-1",9
"CTAAGACAGTACATGA-1",0
"CTAAGACAGTTCGCGC-1",23
"CTAAGACCAAGTAATG-1",14
"CTAAGACCAGTAAGAT-1",0
"CTAAGACCATGCAATC-1",0
"CTAAGACGTAAGGATT-1",0
"CTAAGACGTATCAGTC-1",4
"CTAAGACGTCACCTAA-1",13
"CTAAGACTCGTTGCCT-1",1
"CTAAGACTCTTACCGC-1",16
"CTAAGACTCTTGAGGT-1",21
"CTAATGGAGCAATCTC-1",4
"CTAATGGAGCGCTCCA-1",1
"CTAATGGAGCTCCCAG-1",8
"CTAATGGAGCTGAAAT-1",33
"CTAATGGAGTTAGGTA-1",5
"CTAATGGCATGGAATA-1",41
"CTAATGGGTACCGCTG-1",0
"CTAATGGGTCTAGCGC-1",26
"CTAATGGGTGAGGGAG-1",26
"CTAATGGGTTGGTGGA-1",10
"CTAATGGTCATGCTCC-1",13
"CTAATGGTCCACTGGG-1",11
"CTAATGGTCCGTTGCT-1",0
"CTAATGGTCCTAGAAC-1",0
"CTACACCAGTGCGATG-1",6
"CTACACCCACGGACAA-1",10
"CTACACCGTAATAGCA-1",5
"CTACACCGTCTGATTG-1",3
"CTACACCGTTCGTCTC-1",6
"CTACACCTCAGAAATG-1",2
"CTACACCTCGGCTTGG-1",5
"CTACACCTCGGTCCGA-1",3
"CTACACCTCTCGCATC-1",1
"CTACACCTCTCTGCTG-1",7
"CTACATTAGATCACGG-1",0
"CTACATTCACTCGACG-1",18
"CTACATTCATTTCACT-1",1
"CTACATTGTGATGATA-1",5
"CTACATTGTTCGAATC-1",8
"CTACATTTCAACGCTA-1",14
"CTACATTTCGCCATAA-1",0
"CTACATTTCTAGCACA-1",1
"CTACCCACACAGAGGT-1",2
"CTACCCACACGACGAA-1",5
"CTACCCACATGGTTGT-1",36
"CTACCCAGTATCTGCA-1",1
"CTACCCAGTATGAATG-1",12
"CTACCCAGTCAGAAGC-1",7
"CTACCCAGTGTGACCC-1",1
"CTACCCAGTTATGTGC-1",41
"CTACCCATCTACGAGT-1",36
"CTACGTCAGGTGCAAC-1",1
"CTACGTCAGTGCGATG-1",10
"CTACGTCAGTTGTCGT-1",13
"CTACGTCCATATACCG-1",2
"CTACGTCGTATATGGA-1",14
"CTACGTCGTGTGGTTT-1",0
"CTACGTCTCAAAGTAG-1",8
"CTACGTCTCACGACTA-1",1
"CTACGTCTCACGGTTA-1",14
"CTACGTCTCCTAGAAC-1",18
"CTAGAGTAGCTGTCTA-1",33
"CTAGAGTAGGATCGCA-1",0
"CTAGAGTAGTCCATAC-1",0
"CTAGAGTCACATTAGC-1",2
"CTAGAGTCAGTATGCT-1",8
"CTAGAGTCATACTCTT-1",16
"CTAGAGTCATGTAAGA-1",0
"CTAGAGTGTGACCAAG-1",0
"CTAGAGTTCAACACCA-1",0
"CTAGAGTTCCGTCAAA-1",5
"CTAGAGTTCCTAAGTG-1",11
"CTAGAGTTCGCCAGCA-1",1
"CTAGAGTTCGCTTAGA-1",27
"CTAGAGTTCGTGACAT-1",7
"CTAGAGTTCTGATTCT-1",28
"CTAGCCTCACCAGATT-1",6
"CTAGCCTGTATATCCG-1",1
"CTAGCCTGTGATGCCC-1",7
"CTAGCCTTCGGGAGTA-1",6
"CTAGTGAAGCTGGAAC-1",7
"CTAGTGAAGTGTACCT-1",6
"CTAGTGACAAGTCTAC-1",23
"CTAGTGACAGGATCGA-1",9
"CTAGTGAGTTATGCGT-1",0
"CTAGTGATCAGTTGAC-1",2
"CTAGTGATCCAGTAGT-1",0
"CTCACACAGCTAAGAT-1",1
"CTCACACAGCTGCCCA-1",29
"CTCACACAGGATGCGT-1",0
"CTCACACCACGTAAGG-1",2
"CTCACACCACTGTTAG-1",4
"CTCACACCATATACGC-1",4
"CTCACACGTGCTGTAT-1",4
"CTCACACGTTCCATGA-1",2
"CTCACACGTTTGGGCC-1",9
"CTCACACTCACCGGGT-1",2
"CTCACACTCATCGGAT-1",4
"CTCACACTCCGCGCAA-1",23
"CTCACACTCTAACCGA-1",3
"CTCAGAAAGAGCTGCA-1",18
"CTCAGAAAGGAGTAGA-1",26
"CTCAGAACAACGCACC-1",20
"CTCAGAACAAGCGATG-1",11
"CTCAGAACAGGGCATA-1",1
"CTCAGAAGTGACGGTA-1",4
"CTCAGAATCTTAACCT-1",9
"CTCATTAAGAACTGTA-1",15
"CTCATTACATGGTCAT-1",1
"CTCATTAGTGTAACGG-1",2
"CTCATTAGTTTACTCT-1",4
"CTCCTAGCAAGTACCT-1",0
"CTCCTAGCAATTCCTT-1",7
"CTCCTAGCACTGTCGG-1",3
"CTCCTAGCAGTCCTTC-1",0
"CTCCTAGCATAACCTG-1",11
"CTCCTAGCATGCGCAC-1",0
"CTCCTAGGTAGAAAGG-1",1
"CTCCTAGGTCCGAGTC-1",18
"CTCCTAGGTCTAGCCG-1",15
"CTCCTAGGTGTTTGTG-1",28
"CTCCTAGGTTCGTGAT-1",17
"CTCCTAGGTTGTTTGG-1",26
"CTCCTAGTCACTTACT-1",12
"CTCCTAGTCTCATTCA-1",2
"CTCGAAAAGCCCAACC-1",2
"CTCGAAAAGCTATGCT-1",2
"CTCGAAAAGGCCCTTG-1",0
"CTCGAAAAGGGCTTCC-1",11
"CTCGAAACAAGCCGTC-1",0
"CTCGAAACACATTAGC-1",4
"CTCGAAACACCGAAAG-1",2
"CTCGAAACACGGCTAC-1",0
"CTCGAAACAGTAAGAT-1",10
"CTCGAAACATACGCCG-1",0
"CTCGAGGAGCCATCGC-1",1
"CTCGAGGAGGGCTTCC-1",3
"CTCGAGGCAGATAATG-1",52
"CTCGAGGGTATTCTCT-1",19
"CTCGAGGGTGCCTGGT-1",18
"CTCGGAGAGTCCCACG-1",14
"CTCGGAGCACTTCTGC-1",16
"CTCGGAGCAGCTGCAC-1",2
"CTCGGAGCAGGATCGA-1",2
"CTCGGAGGTAGCCTAT-1",6
"CTCGGAGGTCATGCCG-1",11
"CTCGGAGTCAAACGGG-1",2
"CTCGGAGTCACATACG-1",12
"CTCGGAGTCAGCTTAG-1",0
"CTCGGGAAGACCTAGG-1",8
"CTCGGGACACAGCCCA-1",29
"CTCGGGACATAAAGGT-1",9
"CTCGGGACATCCCACT-1",6
"CTCGGGACATGTCGAT-1",4
"CTCGGGAGTCGCGTGT-1",2
"CTCGGGAGTGACTACT-1",1
"CTCGGGAGTTACGACT-1",17
"CTCGGGATCCGTACAA-1",6
"CTCGGGATCCTTGACC-1",10
"CTCGGGATCTTAGCCC-1",1
"CTCGGGATCTTGTTTG-1",0
"CTCGTACAGCGATAGC-1",7
"CTCGTACCAGCGTAAG-1",2
"CTCGTACCATAGTAAG-1",6
"CTCGTACGTAGAGTGC-1",0
"CTCGTACGTATCACCA-1",11
"CTCGTACGTGCAGTAG-1",0
"CTCGTACTCAAAGTAG-1",26
"CTCGTACTCAATCTCT-1",0
"CTCGTACTCGTTGCCT-1",3
"CTCGTACTCTGGTTCC-1",13
"CTCGTCAAGATGCCTT-1",3
"CTCGTCAAGTGGAGTC-1",14
"CTCGTCAAGTTTGCGT-1",14
"CTCGTCACAACGATCT-1",22
"CTCGTCACACATCCGG-1",6
"CTCGTCACAGTCGTGC-1",22
"CTCGTCAGTCTCATCC-1",6
"CTCGTCAGTCTCCATC-1",22
"CTCGTCAGTGAGCGAT-1",1
"CTCGTCAGTTGACGTT-1",2
"CTCGTCAGTTGGGACA-1",3
"CTCGTCATCACTTATC-1",0
"CTCGTCATCGACCAGC-1",0
"CTCGTCATCTGCTGTC-1",1
"CTCTAATCACCAGGTC-1",10
"CTCTAATCACGGTGTC-1",7
"CTCTAATCAGGAATCG-1",19
"CTCTAATGTCCAAGTT-1",6
"CTCTACGAGCTAAACA-1",4
"CTCTACGAGCTAGTGG-1",9
"CTCTACGAGTACGCCC-1",1
"CTCTACGAGTAGGCCA-1",8
"CTCTACGCAATAACGA-1",0
"CTCTACGCAGACGCTC-1",0
"CTCTACGCATGACATC-1",0
"CTCTACGTCATGTCTT-1",6
"CTCTACGTCCCTAATT-1",4
"CTCTACGTCGGCATCG-1",5
"CTCTACGTCGGTCTAA-1",4
"CTCTGGTAGCAGCGTA-1",3
"CTCTGGTAGCGTTCCG-1",6
"CTCTGGTAGGCATGGT-1",11
"CTCTGGTAGTGCCAGA-1",3
"CTCTGGTCACAAGCCC-1",9
"CTCTGGTCAGCCTTTC-1",2
"CTCTGGTTCATCTGTT-1",0
"CTCTGGTTCTTGTACT-1",20
"CTGAAACAGATCCCGC-1",15
"CTGAAACAGGTGCTAG-1",5
"CTGAAACAGTCCGTAT-1",6
"CTGAAACAGTGTCTCA-1",1
"CTGAAACGTCATCGGC-1",7
"CTGAAACGTTAAAGAC-1",10
"CTGAAACTCATACGGT-1",4
"CTGAAGTAGTGCGTGA-1",9
"CTGAAGTCAGCTGTAT-1",16
"CTGAAGTGTTAAAGTG-1",7
"CTGAAGTTCAAGCCTA-1",1
"CTGAAGTTCGGATGTT-1",10
"CTGATAGAGGGAGTAA-1",1
"CTGATAGAGTGCAAGC-1",9
"CTGATAGCAGCCTTTC-1",1
"CTGATAGCATCCCATC-1",7
"CTGATAGCATCTCCCA-1",24
"CTGATAGGTCAAAGCG-1",51
"CTGATAGGTCGCTTTC-1",1
"CTGATAGGTTACGACT-1",3
"CTGATAGTCGCGATCG-1",5
"CTGATAGTCTTATCTG-1",2
"CTGATCCAGGCATTGG-1",17
"CTGATCCAGGTGACCA-1",3
"CTGATCCCACAGAGGT-1",0
"CTGATCCCAGGCTGAA-1",1
"CTGATCCGTGCCTGGT-1",12
"CTGATCCGTTATCCGA-1",0
"CTGATCCGTTGTGGCC-1",0
"CTGCCTAAGGGTCTCC-1",48
"CTGCCTAAGGTGATAT-1",9
"CTGCCTAAGTACGCGA-1",4
"CTGCCTAAGTGCGTGA-1",7
"CTGCCTACATCCCACT-1",12
"CTGCCTATCAATAAGG-1",32
"CTGCGGAAGAAGGACA-1",2
"CTGCGGAAGAGCTGGT-1",2
"CTGCGGAAGATGAGAG-1",0
"CTGCGGACAGGTCGTC-1",9
"CTGCGGACATGTCTCC-1",10
"CTGCGGAGTCACTTCC-1",1
"CTGCGGAGTCGTGGCT-1",3
"CTGCGGAGTTCTGTTT-1",9
"CTGCGGAGTTGGACCC-1",16
"CTGCGGATCGCCTGTT-1",0
"CTGCGGATCTTACCGC-1",0
"CTGCTGTAGGGTGTTG-1",22
"CTGCTGTAGTACCGGA-1",0
"CTGCTGTAGTGGAGAA-1",49
"CTGCTGTCACATCTTT-1",0
"CTGCTGTGTTAAAGAC-1",3
"CTGCTGTTCTCCAACC-1",0
"CTGCTGTTCTTACCGC-1",47
"CTGGTCTAGCGTTGCC-1",0
"CTGGTCTAGGACAGCT-1",0
"CTGGTCTAGGGCTTGA-1",2
"CTGGTCTAGTCGAGTG-1",2
"CTGGTCTCAAAGGAAG-1",13
"CTGGTCTCACCAGTTA-1",13
"CTGGTCTGTACCTACA-1",0
"CTGGTCTGTACGCTGC-1",1
"CTGGTCTGTCCGCTGA-1",11
"CTGGTCTGTCCGTTAA-1",23
"CTGGTCTGTTCATGGT-1",22
"CTGGTCTGTTCGTGAT-1",9
"CTGGTCTTCAACGGGA-1",2
"CTGGTCTTCACTTACT-1",3
"CTGGTCTTCTTACCTA-1",0
"CTGTGCTGTATATCCG-1",6
"CTGTGCTGTCATCCCT-1",16
"CTGTGCTGTCCCTACT-1",19
"CTGTGCTGTCGGCACT-1",4
"CTGTGCTTCCATTCTA-1",0
"CTGTGCTTCCGTACAA-1",35
"CTGTTTAAGAAACCGC-1",34
"CTGTTTAAGATCGATA-1",9
"CTGTTTAAGGAGTTGC-1",14
"CTGTTTAGTCAAAGCG-1",0
"CTGTTTATCAGCCTAA-1",0
"CTGTTTATCATTTGGG-1",3
"CTGTTTATCTCCAGGG-1",11
"CTGTTTATCTCTTGAT-1",1
"CTGTTTATCTTCTGGC-1",7
"CTTAACTAGCCAGTAG-1",8
"CTTAACTAGGCTCTTA-1",0
"CTTAACTAGGTGCACA-1",0
"CTTAACTAGTCTCGGC-1",0
"CTTACCGAGCGCTTAT-1",11
"CTTACCGAGGCTACGA-1",14
"CTTACCGCAGATCTGT-1",5
"CTTACCGCAGTCAGAG-1",2
"CTTACCGGTCCTGCTT-1",2
"CTTACCGGTCGCCATG-1",10
"CTTACCGGTCTACCTC-1",0
"CTTACCGTCGGACAAG-1",3
"CTTAGGAAGCCCAACC-1",5
"CTTAGGACACGACGAA-1",16
"CTTAGGAGTTATGTGC-1",0
"CTTAGGATCCCATTTA-1",3
"CTTAGGATCTTTACAC-1",6
"CTTCTCTAGAACTCGG-1",3
"CTTCTCTAGAGTGAGA-1",7
"CTTCTCTAGCAGGCTA-1",11
"CTTCTCTAGTTAACGA-1",4
"CTTCTCTCAAAGGTGC-1",5
"CTTCTCTGTAACGACG-1",2
"CTTCTCTGTGCATCTA-1",8
"CTTCTCTTCGAGCCCA-1",2
"CTTGGCTAGCGATATA-1",0
"CTTGGCTAGTACGTTC-1",16
"CTTGGCTCATTACCTT-1",2
"CTTGGCTGTCTCCATC-1",1
"CTTGGCTTCCCTAATT-1",2
"CTTGGCTTCGCGTAGC-1",4
"CTTGGCTTCTCGTTTA-1",5
"CTTTGCGAGCAAATCA-1",10
"CTTTGCGAGCGTTCCG-1",3
"CTTTGCGAGTATCTCG-1",18
"CTTTGCGCAATTCCTT-1",0
"CTTTGCGCACTTAAGC-1",0
"CTTTGCGCAGACGCAA-1",1
"CTTTGCGGTAGAGGAA-1",5
"CTTTGCGTCCAGGGCT-1",6
"GAAACTCAGAGACGAA-1",21
"GAAACTCAGAGGTTAT-1",0
"GAAACTCAGCAGCCTC-1",7
"GAAACTCAGCCCAGCT-1",19
"GAAACTCAGCTAAACA-1",8
"GAAACTCAGTGCTGCC-1",0
"GAAACTCCAAGCCCAC-1",1
"GAAACTCCACATGACT-1",10
"GAAACTCCAGACACTT-1",6
"GAAACTCCATGGATGG-1",5
"GAAACTCGTACTCGCG-1",19
"GAAACTCGTAGCGATG-1",11
"GAAACTCGTGTGAAAT-1",13
"GAAACTCGTTTGTGTG-1",6
"GAAATGAAGACTAGGC-1",0
"GAAATGAAGCCAGTTT-1",13
"GAAATGAAGCTAGTCT-1",33
"GAAATGAAGTACGTAA-1",1
"GAAATGATCATGCTCC-1",45
"GAAATGATCCTCGCAT-1",1
"GAACATCAGATGGCGT-1",17
"GAACATCCAACAACCT-1",28
"GAACATCCACATCTTT-1",5
"GAACATCCACCTATCC-1",25
"GAACATCCACGGACAA-1",1
"GAACATCCATGCTAGT-1",19
"GAACATCGTACGACCC-1",9
"GAACATCGTGGACGAT-1",12
"GAACATCGTTCCCGAG-1",14
"GAACATCTCCAAGTAC-1",4
"GAACATCTCGATCCCT-1",19
"GAACATCTCTCCAACC-1",0
"GAACCTAAGAACTGTA-1",9
"GAACCTAAGAGCAATT-1",24
"GAACCTAAGCCAGTAG-1",2
"GAACCTACAAGGACAC-1",9
"GAACCTACAGACACTT-1",4
"GAACCTAGTACCAGTT-1",12
"GAACCTAGTGTCAATC-1",1
"GAACCTATCACGATGT-1",1
"GAACGGAAGACGCAAC-1",32
"GAACGGAAGTAATCCC-1",17
"GAACGGAAGTCAATAG-1",6
"GAACGGAAGTGGACGT-1",11
"GAACGGACACAGCGTC-1",0
"GAACGGACACCTCGTT-1",6
"GAACGGACACTTAACG-1",0
"GAACGGAGTAGCGTAG-1",26
"GAACGGAGTCAGAGGT-1",2
"GAACGGAGTGGCGAAT-1",5
"GAACGGATCACTCCTG-1",0
"GAACGGATCCACGAAT-1",12
"GAACGGATCGTAGGAG-1",18
"GAACGGATCTGTCAAG-1",3
"GAAGCAGAGACTAAGT-1",34
"GAAGCAGAGAGACGAA-1",4
"GAAGCAGAGCCACGCT-1",3
"GAAGCAGAGTTCGCGC-1",10
"GAAGCAGCAATCCGAT-1",13
"GAAGCAGCACTCGACG-1",3
"GAAGCAGCAGATCTGT-1",2
"GAAGCAGCAGATGAGC-1",1
"GAAGCAGCATGAACCT-1",12
"GAAGCAGCATGGAATA-1",8
"GAAGCAGGTAACGCGA-1",0
"GAAGCAGGTCATACTG-1",4
"GAAGCAGTCCTAGTGA-1",38
"GAAGCAGTCTTATCTG-1",22
"GAATAAGCAAGGTGTG-1",4
"GAATAAGCAGACAAGC-1",22
"GAATAAGCATGCAACT-1",2
"GAATAAGGTCCGTTAA-1",11
"GAATAAGGTGAGTGAC-1",4
"GAATAAGGTTCCCTTG-1",3
"GAATAAGTCGTTTAGG-1",9
"GAATGAAAGAGTCTGG-1",18
"GAATGAAAGCTTATCG-1",1
"GAATGAAAGGCATGTG-1",7
"GAATGAACAAACGCGA-1",29
"GAATGAACAGTGAGTG-1",13
"GAATGAACATCATCCC-1",28
"GAATGAAGTCAACATC-1",1
"GAATGAAGTCTCACCT-1",1
"GAATGAAGTGGCAAAC-1",2
"GAATGAAGTTGCGTTA-1",0
"GAATGAATCAGTTAGC-1",0
"GAATGAATCCTGCCAT-1",33
"GACACGCAGACGCACA-1",1
"GACACGCAGAGTAATC-1",0
"GACACGCAGCCAACAG-1",16
"GACACGCAGGAGTTTA-1",14
"GACACGCAGGGCATGT-1",0
"GACACGCAGGTGCACA-1",1
"GACACGCAGTCCAGGA-1",0
"GACACGCAGTGGGATC-1",3
"GACACGCAGTGGGTTG-1",1
"GACACGCCAAGCGTAG-1",8
"GACACGCCAAGGACAC-1",25
"GACACGCCAGACGCTC-1",5
"GACACGCCATCCTTGC-1",5
"GACACGCGTTCACGGC-1",7
"GACACGCTCATGTAGC-1",0
"GACAGAGAGTACGATA-1",1
"GACAGAGCAACGATCT-1",3
"GACAGAGCAAGTCTAC-1",2
"GACAGAGCAGCTCCGA-1",10
"GACAGAGCAGCTGGCT-1",10
"GACAGAGGTAGAAAGG-1",54
"GACAGAGTCAAACAAG-1",3
"GACAGAGTCAGAGACG-1",10
"GACAGAGTCCTTCAAT-1",3
"GACAGAGTCCTTGCCA-1",1
"GACAGAGTCTTCATGT-1",6
"GACCAATAGAAGGGTA-1",4
"GACCAATAGCTACCGC-1",1
"GACCAATAGCTACCTA-1",9
"GACCAATCAGGTGCCT-1",18
"GACCAATCATGCGCAC-1",0
"GACCAATGTACAGTTC-1",20
"GACCAATGTCGCTTCT-1",33
"GACCAATTCCGATATG-1",2
"GACCAATTCGAATGGG-1",0
"GACCAATTCGTCACGG-1",7
"GACCTGGCATCACAAC-1",0
"GACCTGGCATGTCTCC-1",6
"GACCTGGCATTGGCGC-1",4
"GACCTGGGTAAAGGAG-1",8
"GACCTGGGTCCAGTTA-1",13
"GACCTGGGTGCAGTAG-1",9
"GACCTGGTCATAGCAC-1",0
"GACCTGGTCCTTGCCA-1",2
"GACCTGGTCGCATGAT-1",0
"GACCTGGTCGTCACGG-1",2
"GACGCGTAGTGGTAAT-1",7
"GACGCGTAGTTGTAGA-1",39
"GACGCGTGTAAAGGAG-1",5
"GACGCGTGTGTGAAAT-1",10
"GACGCGTGTTAAGACA-1",25
"GACGCGTTCAAACCGT-1",21
"GACGCGTTCCAAATGC-1",7
"GACGCGTTCCGCGGTA-1",11
"GACGCGTTCCTACAGA-1",1
"GACGCGTTCGACGGAA-1",25
"GACGCGTTCTCCGGTT-1",6
"GACGGCTAGAAGATTC-1",8
"GACGGCTAGAGCTGGT-1",4
"GACGGCTCAAGGTTTC-1",7
"GACGGCTCACCGCTAG-1",6
"GACGGCTCATGAACCT-1",3
"GACGGCTCATGCAACT-1",10
"GACGGCTGTGTGTGCC-1",3
"GACGGCTGTTATGTGC-1",6
"GACGGCTGTTTGGCGC-1",23
"GACGGCTTCTATCGCC-1",4
"GACGTGCAGGCAAAGA-1",1
"GACGTGCAGGGTGTGT-1",15
"GACGTGCAGGTGTTAA-1",1
"GACGTGCCAGGTCGTC-1",4
"GACGTGCGTAACGTTC-1",15
"GACGTGCTCACCTCGT-1",4
"GACGTTAAGCTACCGC-1",12
"GACGTTAAGGCAAAGA-1",1
"GACGTTAAGTCAAGCG-1",2
"GACGTTACAAGCCATT-1",1
"GACGTTACAAGGTTTC-1",2
"GACGTTACAGACACTT-1",2
"GACGTTAGTATCTGCA-1",8
"GACGTTAGTTTGACAC-1",4
"GACGTTAGTTTGACTG-1",0
"GACGTTATCACAGGCC-1",4
"GACGTTATCATTGCGA-1",9
"GACGTTATCCCGGATG-1",32
"GACGTTATCCGAAGAG-1",2
"GACGTTATCGCGTTTC-1",3
"GACGTTATCTGTCCGT-1",10
"GACTAACAGACAGAGA-1",0
"GACTAACAGTGGAGAA-1",8
"GACTAACCAAATCCGT-1",11
"GACTAACGTCTAGTCA-1",2
"GACTAACGTGCAACTT-1",0
"GACTAACGTTCAGACT-1",48
"GACTAACTCCGCGCAA-1",21
"GACTAACTCCTTTCTC-1",8
"GACTAACTCTTGCCGT-1",4
"GACTAACTCTTTACAC-1",14
"GACTACAAGATATGGT-1",12
"GACTACACAAATCCGT-1",24
"GACTACAGTGCTGTAT-1",3
"GACTACATCAGCCTAA-1",1
"GACTACATCAGGTAAA-1",23
"GACTACATCTGCAGTA-1",6
"GACTGCGAGCGTAGTG-1",29
"GACTGCGAGTTGTAGA-1",0
"GACTGCGCACTTAACG-1",0
"GACTGCGCATGTTCCC-1",1
"GACTGCGGTACGCACC-1",10
"GACTGCGGTTCTCATT-1",11
"GACTGCGTCAACACAC-1",5
"GACTGCGTCACGACTA-1",19
"GACTGCGTCGCCCTTA-1",3
"GACTGCGTCTCAAACG-1",6
"GAGCAGAGTAGGGTAC-1",3
"GAGCAGAGTCAGATAA-1",5
"GAGCAGAGTCATATGC-1",14
"GAGCAGAGTGAGCGAT-1",10
"GAGCAGAGTGTAACGG-1",1
"GAGCAGAGTGTGACCC-1",11
"GAGCAGAGTTCGGGCT-1",2
"GAGCAGAGTTTAAGCC-1",3
"GAGCAGAGTTTGCATG-1",12
"GAGGTGAAGCAACGGT-1",19
"GAGGTGAAGGCTCTTA-1",1
"GAGGTGAAGTGGTAGC-1",1
"GAGGTGAAGTTGTAGA-1",13
"GAGGTGACACTGTCGG-1",5
"GAGGTGACATCCTTGC-1",29
"GAGGTGACATGCATGT-1",0
"GAGGTGAGTACCTACA-1",4
"GAGGTGAGTCATTAGC-1",3
"GAGGTGAGTTCCTCCA-1",3
"GAGGTGATCATCGCTC-1",10
"GAGGTGATCTAGAGTC-1",3
"GAGGTGATCTCTAGGA-1",7
"GAGGTGATCTGCTGTC-1",9
"GAGGTGATCTGGGCCA-1",6
"GAGTCCGAGGACAGAA-1",0
"GAGTCCGAGGCATGTG-1",0
"GAGTCCGAGGCGTACA-1",4
"GAGTCCGCAAACCCAT-1",24
"GAGTCCGGTCAAGCGA-1",16
"GAGTCCGGTGACCAAG-1",7
"GAGTCCGGTGACTCAT-1",24
"GAGTCCGGTGTGACCC-1",3
"GAGTCCGGTTCGGGCT-1",1
"GAGTCCGGTTTGCATG-1",13
"GAGTCCGTCGGCGCAT-1",0
"GAGTCCGTCTGATTCT-1",11
"GATCAGTAGATGTCGG-1",1
"GATCAGTAGTGGTAGC-1",4
"GATCAGTGTATATGAG-1",5
"GATCAGTGTCTGCGGT-1",4
"GATCAGTGTTATGCGT-1",26
"GATCAGTGTTGTACAC-1",9
"GATCAGTTCCCGACTT-1",0
"GATCGATAGAATGTTG-1",7
"GATCGATAGAGCTGCA-1",13
"GATCGATAGCATGGCA-1",2
"GATCGATCAAGCGAGT-1",17
"GATCGATCAAGCGTAG-1",4
"GATCGATGTCAACATC-1",0
"GATCGATGTTGCCTCT-1",9
"GATCGATTCCGCATCT-1",15
"GATCGCGAGATAGTCA-1",13
"GATCGCGAGCCTTGAT-1",0
"GATCGCGAGGAGCGTT-1",0
"GATCGCGCAGGTCGTC-1",2
"GATCGCGGTACAGCAG-1",24
"GATCGCGGTGAGTATA-1",17
"GATCGCGGTTGTCGCG-1",16
"GATCGCGTCACTCCTG-1",0
"GATCGTAAGACATAAC-1",11
"GATCGTAAGCTCAACT-1",6
"GATCGTACATAACCTG-1",1
"GATCGTAGTGGCTCCA-1",8
"GATCGTATCATATCGG-1",9
"GATCGTATCATGTCCC-1",30
"GATCGTATCTTACCGC-1",27
"GATCTAGAGCGTCTAT-1",3
"GATCTAGAGTGGAGAA-1",13
"GATCTAGCAACACCTA-1",3
"GATCTAGCAAGGGTCA-1",9
"GATCTAGGTCTAAAGA-1",0
"GATCTAGGTCTCACCT-1",23
"GATCTAGGTCTCTTTA-1",2
"GATCTAGTCACATAGC-1",3
"GATCTAGTCTAAGCCA-1",0
"GATGAAAAGAGTAATC-1",6
"GATGAAAAGCTCCCAG-1",1
"GATGAAACACGGTAGA-1",8
"GATGAAACAGCTGTAT-1",3
"GATGAAAGTGGGTATG-1",0
"GATGAAATCACCCTCA-1",12
"GATGAAATCACTCCTG-1",17
"GATGAAATCAGCAACT-1",3
"GATGAAATCGAGAGCA-1",1
"GATGAGGAGATCCCGC-1",48
"GATGAGGAGTTCGATC-1",5
"GATGAGGCACCAGTTA-1",20
"GATGAGGGTATCACCA-1",2
"GATGAGGGTATTCGTG-1",0
"GATGAGGGTCGCGTGT-1",1
"GATGAGGGTGATGATA-1",0
"GATGAGGTCACAGGCC-1",33
"GATGAGGTCACATAGC-1",0
"GATGAGGTCCCTTGTG-1",4
"GATGAGGTCTGCTGTC-1",2
"GATGCTAAGACTAAGT-1",1
"GATGCTAAGGATGCGT-1",7
"GATGCTAAGGCTCTTA-1",6
"GATGCTAAGGGAACGG-1",0
"GATGCTAAGTATCTCG-1",29
"GATGCTAAGTCTCGGC-1",4
"GATGCTACATGTTGAC-1",0
"GATGCTACATTGCGGC-1",1
"GATGCTAGTCTCCATC-1",0
"GATGCTAGTGGAAAGA-1",4
"GATGCTAGTTAGGGTG-1",7
"GATGCTATCCTGTACC-1",4
"GATGCTATCGGCGCTA-1",28
"GATTCAGAGAAACCTA-1",2
"GATTCAGAGAGTGACC-1",2
"GATTCAGAGATTACCC-1",7
"GATTCAGAGGGTCGAT-1",38
"GATTCAGAGGTCGGAT-1",19
"GATTCAGAGTCAATAG-1",1
"GATTCAGCAAGTTGTC-1",20
"GATTCAGCAATTCCTT-1",11
"GATTCAGCAGGGTACA-1",6
"GATTCAGCATCGACGC-1",38
"GATTCAGCATTATCTC-1",9
"GATTCAGGTAAATACG-1",0
"GATTCAGTCAACTCTT-1",0
"GCAAACTAGATGTTAG-1",4
"GCAAACTAGTCATGCT-1",4
"GCAAACTAGTCTCAAC-1",29
"GCAAACTCACAGGTTT-1",4
"GCAAACTGTCAGATAA-1",15
"GCAAACTGTCTCCATC-1",0
"GCAAACTTCGTGGTCG-1",0
"GCAATCAAGGGATCTG-1",0
"GCAATCAAGTATCTCG-1",0
"GCAATCAAGTGGGTTG-1",5
"GCAATCACAGCTTAAC-1",12
"GCAATCACATGTCGAT-1",14
"GCAATCACATTCCTCG-1",3
"GCAATCAGTAGGAGTC-1",6
"GCAATCAGTATAATGG-1",3
"GCAATCAGTTCTCATT-1",6
"GCAATCAGTTCTGGTA-1",1
"GCACATAAGAGCTATA-1",13
"GCACATAAGATGTTAG-1",18
"GCACATAAGCCTTGAT-1",55
"GCACATAAGGAGTACC-1",12
"GCACATAAGTGAAGTT-1",7
"GCACATACACCACGTG-1",3
"GCACATACAGCTGTAT-1",0
"GCACATACAGGAACGT-1",4
"GCACATAGTCATCGGC-1",24
"GCACATAGTCCGAATT-1",3
"GCACATAGTCTCTTTA-1",5
"GCACATAGTGCGCTTG-1",5
"GCACATATCACCTCGT-1",0
"GCACATATCTGGTTCC-1",25
"GCACTCTCAAGACACG-1",0
"GCACTCTCAATCACAC-1",15
"GCACTCTCATTTCAGG-1",12
"GCACTCTGTAAACCTC-1",1
"GCACTCTGTACCAGTT-1",1
"GCACTCTGTAGAAAGG-1",10
"GCACTCTGTCGAACAG-1",2
"GCACTCTGTCTAGGTT-1",1
"GCACTCTTCAACTCTT-1",12
"GCACTCTTCCCTAATT-1",10
"GCACTCTTCTGCCCTA-1",1
"GCAGCCAAGCTGATAA-1",37
"GCAGCCACATGAGCGA-1",1
"GCAGCCAGTAATCGTC-1",6
"GCAGCCAGTGTCGCTG-1",5
"GCAGCCATCAGTTGAC-1",9
"GCAGCCATCCCAACGG-1",0
"GCAGCCATCCGTACAA-1",5
"GCAGTTAAGTCCATAC-1",2
"GCAGTTAAGTCCGTAT-1",15
"GCAGTTAAGTTAACGA-1",56
"GCAGTTAGTGGACGAT-1",9
"GCAGTTAGTTATTCTC-1",14
"GCAGTTATCGCGATCG-1",15
"GCATACAAGATCTGCT-1",15
"GCATACAAGCAACGGT-1",1
"GCATACACAACGCACC-1",1
"GCATACACAAGGACTG-1",1
"GCATACACAAGTCTGT-1",2
"GCATACACAGTCAGCC-1",2
"GCATACACATCCTAGA-1",10
"GCATACACATCGGAAG-1",14
"GCATACAGTCCGAACC-1",12
"GCATACAGTTCTGGTA-1",18
"GCATACATCCACGACG-1",32
"GCATGATAGAATGTTG-1",0
"GCATGATAGAGTAATC-1",0
"GCATGATAGCTGATAA-1",2
"GCATGATAGGACCACA-1",15
"GCATGATAGGCTAGCA-1",10
"GCATGATAGTCAAGCG-1",8
"GCATGATAGTGGAGAA-1",25
"GCATGATCACACCGAC-1",10
"GCATGATCACATTTCT-1",17
"GCATGATGTCCCTACT-1",6
"GCATGATGTTGCGCAC-1",23
"GCATGATTCGTGGACC-1",0
"GCATGCGAGCATGGCA-1",1
"GCATGCGAGTCCAGGA-1",13
"GCATGCGCACTGCCAG-1",2
"GCATGCGGTAAGGATT-1",1
"GCATGCGGTCCTCTTG-1",0
"GCATGCGGTGTGAAAT-1",1
"GCATGCGTCCGCGGTA-1",6
"GCATGTAAGAACTGTA-1",6
"GCATGTAAGACAGACC-1",1
"GCATGTAAGTACTTGC-1",4
"GCATGTAAGTGCAAGC-1",25
"GCATGTACAACACGCC-1",13
"GCATGTATCACGAAGG-1",2
"GCCAAATCAAACTGTC-1",3
"GCCAAATCAAGGGTCA-1",1
"GCCAAATCAAGTTCTG-1",0
"GCCAAATCAGCCACCA-1",26
"GCCAAATCATAACCTG-1",10
"GCCAAATGTATAAACG-1",10
"GCCAAATGTGTTTGGT-1",5
"GCCAAATGTTTCGCTC-1",3
"GCCAAATTCAGGTAAA-1",4
"GCCAAATTCCGAGCCA-1",22
"GCCAAATTCCGCGGTA-1",1
"GCCAAATTCGGCTACG-1",1
"GCCTCTAAGAGTACCG-1",1
"GCCTCTAAGCCATCGC-1",4
"GCCTCTAAGCCGCCTA-1",0
"GCCTCTAAGCGATAGC-1",22
"GCCTCTAAGCTGCAAG-1",9
"GCCTCTAAGCTTCGCG-1",4
"GCCTCTAAGTCACGCC-1",3
"GCCTCTACAAGACGTG-1",18
"GCCTCTACAGCTATTG-1",9
"GCCTCTAGTAAGGATT-1",0
"GCCTCTAGTGATGATA-1",14
"GCCTCTAGTTAAGGGC-1",3
"GCCTCTATCAGCGACC-1",2
"GCCTCTATCCGATATG-1",16
"GCCTCTATCGAATCCA-1",24
"GCCTCTATCGAGCCCA-1",0
"GCCTCTATCGCTGATA-1",3
"GCCTCTATCTTTAGGG-1",3
"GCGACCAAGAGGTTAT-1",1
"GCGACCACACTTACGA-1",0
"GCGACCAGTCAGGACA-1",32
"GCGACCAGTCTAGAGG-1",2
"GCGACCATCAACGGGA-1",4
"GCGACCATCCCGGATG-1",0
"GCGACCATCTACTCAT-1",4
"GCGAGAAAGGTTCCTA-1",25
"GCGAGAAAGTACGATA-1",15
"GCGAGAAAGTGTCTCA-1",6
"GCGAGAACAAGCCCAC-1",3
"GCGAGAACACTGAAGG-1",8
"GCGAGAAGTAGCGCTC-1",2
"GCGAGAAGTCCCTACT-1",3
"GCGAGAATCCTTTCGG-1",1
"GCGAGAATCGAGAGCA-1",10
"GCGAGAATCGCACTCT-1",10
"GCGCAACAGTCCTCCT-1",3
"GCGCAACAGTGTACGG-1",1
"GCGCAACCAAGTCTGT-1",0
"GCGCAACCAGCCACCA-1",3
"GCGCAACGTAGCGCTC-1",2
"GCGCAACGTCCCTTGT-1",5
"GCGCAACGTCCTAGCG-1",6
"GCGCAACGTCGACTAT-1",2
"GCGCAACGTCTAGAGG-1",9
"GCGCAACGTGCACGAA-1",2
"GCGCAACTCAATACCG-1",3
"GCGCAGTCACATCCAA-1",2
"GCGCAGTCATTACCTT-1",11
"GCGCAGTGTTAGGGTG-1",5
"GCGCAGTTCGATCCCT-1",2
"GCGCAGTTCGCGGATC-1",2
"GCGCCAAAGACATAAC-1",12
"GCGCCAAAGGACAGCT-1",8
"GCGCCAAAGGCCCTTG-1",0
"GCGCCAAAGGGCTTCC-1",2
"GCGCCAAAGGTACTCT-1",7
"GCGCCAACATAACCTG-1",3
"GCGCCAACATTGGGCC-1",4
"GCGCCAAGTACTTGAC-1",1
"GCGCCAAGTCGGCACT-1",10
"GCGCCAAGTGAAAGAG-1",26
"GCGCCAAGTTGTACAC-1",14
"GCGCCAATCCGTTGCT-1",6
"GCGCGATAGAAGGTTT-1",1
"GCGCGATAGCAGGTCA-1",4
"GCGCGATAGTGAATTG-1",7
"GCGCGATAGTTTGCGT-1",25
"GCGCGATCAGCTCGAC-1",1
"GCGCGATGTAAGTAGT-1",1
"GCGCGATGTATCACCA-1",0
"GCGCGATGTCACTTCC-1",4
"GCGCGATGTTACCAGT-1",8
"GCGCGATTCAGTTAGC-1",12
"GCGCGATTCGTTTAGG-1",7
"GCGGGTTAGAAACGAG-1",0
"GCGGGTTAGCTATGCT-1",15
"GCGGGTTAGTGTGAAT-1",3
"GCGGGTTCACGCGAAA-1",6
"GCGGGTTCAGGCAGTA-1",4
"GCGGGTTCAGTAACGG-1",1
"GCGGGTTGTGAGTATA-1",0
"GCGGGTTGTGGCGAAT-1",14
"GCGGGTTTCCAAAGTC-1",9
"GCGGGTTTCCTTTCTC-1",8
"GCGGGTTTCTCCAACC-1",1
"GCGGGTTTCTTGAGGT-1",4
"GCGGGTTTCTTGTATC-1",2
"GCTCCTACAAACTGTC-1",6
"GCTCCTACACCAGGTC-1",1
"GCTCCTACACCGATAT-1",23
"GCTCCTACAGGGTACA-1",12
"GCTCCTACATTAGCCA-1",21
"GCTCCTAGTCAGGACA-1",1
"GCTCCTAGTCCGTCAG-1",0
"GCTCCTATCAGCCTAA-1",5
"GCTCCTATCCCTAATT-1",0
"GCTCTGTAGAGGTAGA-1",12
"GCTCTGTAGCTGAACG-1",10
"GCTCTGTAGGAGTCTG-1",8
"GCTCTGTAGTGCTGCC-1",3
"GCTCTGTAGTGGACGT-1",27
"GCTCTGTTCACCTCGT-1",30
"GCTGCAGAGCGTGAGT-1",29
"GCTGCAGAGTCAAGCG-1",14
"GCTGCAGAGTCCCACG-1",7
"GCTGCAGCAATTGCTG-1",4
"GCTGCAGCATGCCCGA-1",11
"GCTGCAGCATGCCTAA-1",0
"GCTGCAGGTAAACCTC-1",12
"GCTGCAGGTACGAAAT-1",18
"GCTGCAGGTAGCGCAA-1",0
"GCTGCAGGTCACCCAG-1",1
"GCTGCAGGTCATGCCG-1",12
"GCTGCGAAGGAATGGA-1",35
"GCTGCGAGTCTAACGT-1",3
"GCTGCGAGTGTTTGGT-1",4
"GCTGCGATCTCCTATA-1",12
"GCTGCGATCTTGTTTG-1",2
"GCTGCTTAGAATTGTG-1",1
"GCTGCTTAGGCAATTA-1",4
"GCTGCTTCATCACGTA-1",11
"GCTGCTTCATCCAACA-1",0
"GCTGCTTCATGCCTAA-1",7
"GCTGCTTCATGGTCAT-1",1
"GCTGCTTGTAACGACG-1",6
"GCTGCTTGTAATCGTC-1",3
"GCTGCTTGTAGGGACT-1",27
"GCTGCTTGTGAAAGAG-1",6
"GCTGCTTTCCGGGTGT-1",3
"GCTGGGTAGACCCACC-1",0
"GCTGGGTAGCCACGCT-1",23
"GCTGGGTAGTCGCCGT-1",12
"GCTGGGTAGTCTCAAC-1",0
"GCTGGGTCACGGCTAC-1",3
"GCTGGGTCAGCCAATT-1",0
"GCTGGGTGTACAGTTC-1",7
"GCTGGGTGTACCGTTA-1",10
"GCTGGGTGTCGAGTTT-1",19
"GCTGGGTGTCTCCACT-1",1
"GCTGGGTGTGCCTGTG-1",14
"GCTGGGTTCAGCTTAG-1",0
"GCTGGGTTCCTTAATC-1",0
"GCTTCCAAGAAACCTA-1",15
"GCTTCCACACCACCAG-1",0
"GCTTCCACAGGTCGTC-1",9
"GCTTCCACAGTGAGTG-1",0
"GCTTCCAGTATAGGTA-1",6
"GCTTCCAGTTCAGCGC-1",16
"GCTTCCATCGTCCAGG-1",5
"GCTTGAAAGATGGCGT-1",4
"GCTTGAAAGCCGTCGT-1",23
"GCTTGAACAAACCTAC-1",5
"GCTTGAACACGGTGTC-1",2
"GCTTGAACATCGGAAG-1",8
"GCTTGAAGTGCGGTAA-1",11
"GCTTGAAGTTCTCATT-1",23
"GCTTGAATCAGGATCT-1",4
"GGAAAGCAGGCAGGTT-1",2
"GGAAAGCCAAACGCGA-1",6
"GGAAAGCCAAGTACCT-1",4
"GGAAAGCGTAAGCACG-1",1
"GGAAAGCGTCCTCCAT-1",1
"GGAAAGCGTCGCGTGT-1",18
"GGAAAGCGTGCTTCTC-1",4
"GGAAAGCTCCAGAGGA-1",1
"GGAACTTAGAGTAAGG-1",7
"GGAACTTCAATGTAAG-1",7
"GGAACTTCACAGGAGT-1",0
"GGAACTTCACCTCGTT-1",3
"GGAACTTGTCTCTTTA-1",8
"GGAACTTTCATTGCCC-1",6
"GGAACTTTCATTTGGG-1",4
"GGAACTTTCCGTCATC-1",10
"GGAACTTTCCTCAACC-1",1
"GGAACTTTCGGATGTT-1",0
"GGAATAAAGGTACTCT-1",18
"GGAATAAAGTGTCCAT-1",3
"GGAATAACAGCGTCCA-1",3
"GGAATAAGTCTGGTCG-1",0
"GGAATAAGTGCAGGTA-1",1
"GGAATAATCAGCACAT-1",17
"GGAATAATCTTTACGT-1",10
"GGACAAGAGGTACTCT-1",14
"GGACAAGCAACGATGG-1",7
"GGACAAGCAGTCGTGC-1",4
"GGACAAGCATGGGACA-1",4
"GGACAAGGTATAAACG-1",37
"GGACAAGGTATGAAAC-1",14
"GGACAAGGTCGGCATC-1",4
"GGACAAGGTTATGCGT-1",1
"GGACAAGTCTAACGGT-1",2
"GGACAGAAGCTAGTCT-1",7
"GGACAGAAGTACTTGC-1",3
"GGACAGACAACACGCC-1",24
"GGACAGACACAAGCCC-1",17
"GGACAGAGTAAGTGGC-1",36
"GGACAGAGTCTTTCAT-1",3
"GGACAGAGTGAGGGAG-1",7
"GGACAGAGTTCCACAA-1",0
"GGACAGATCAACGCTA-1",1
"GGACATTAGAGGGCTT-1",5
"GGACATTAGCCACGTC-1",1
"GGACATTCAAACGCGA-1",0
"GGACATTCAATGACCT-1",10
"GGACATTCACCAGCAC-1",1
"GGACATTGTTCTGGTA-1",18
"GGACATTTCCTCTAGC-1",15
"GGACGTCAGTACTTGC-1",1
"GGACGTCAGTGGTAAT-1",0
"GGACGTCCACAGTCGC-1",1
"GGACGTCGTGAGGGAG-1",19
"GGACGTCGTGGCGAAT-1",0
"GGACGTCGTTACGGAG-1",14
"GGACGTCGTTTAAGCC-1",2
"GGACGTCTCCACTCCA-1",23
"GGACGTCTCGCAAACT-1",9
"GGACGTCTCTCCAGGG-1",9
"GGACGTCTCTCGAGTA-1",2
"GGACGTCTCTGGTGTA-1",14
"GGACGTCTCTTCGAGA-1",0
"GGAGCAAAGAACTCGG-1",1
"GGAGCAAAGACTGTAA-1",1
"GGAGCAAAGCCGCCTA-1",20
"GGAGCAAAGCTAAACA-1",1
"GGAGCAAAGTACGCCC-1",0
"GGAGCAACAAGCTGTT-1",11
"GGAGCAACAATGGACG-1",1
"GGAGCAACAATTCCTT-1",11
"GGAGCAACATGCTGGC-1",18
"GGAGCAAGTGAGTATA-1",5
"GGAGCAAGTTACTGAC-1",3
"GGAGCAATCAAGATCC-1",14
"GGAGCAATCCCATTTA-1",6
"GGATGTTCAAACTGTC-1",0
"GGATGTTTCATCACCC-1",17
"GGATGTTTCATGCATG-1",40
"GGATGTTTCCTACAGA-1",20
"GGATGTTTCCTCTAGC-1",35
"GGATTACAGATCCCAT-1",26
"GGATTACAGCTTCGCG-1",8
"GGATTACAGGCTAGCA-1",25
"GGATTACAGTATCTCG-1",33
"GGATTACCAAGCGTAG-1",5
"GGATTACCACATCCGG-1",3
"GGATTACCAGCGTAAG-1",8
"GGATTACGTAATAGCA-1",4
"GGATTACGTACACCGC-1",3
"GGATTACGTCTCTTTA-1",0
"GGATTACGTTGAGGTG-1",14
"GGATTACTCGCGCCAA-1",1
"GGATTACTCGGCGCAT-1",5
"GGATTACTCTGCCCTA-1",4
"GGCAATTCAATCGGTT-1",28
"GGCAATTCACGGCGTT-1",24
"GGCAATTCATCACCCT-1",0
"GGCAATTGTCGATTGT-1",18
"GGCAATTTCACTTACT-1",0
"GGCAATTTCAGCACAT-1",1
"GGCAATTTCTCCGGTT-1",4
"GGCCGATAGTGTCTCA-1",8
"GGCCGATCACGGACAA-1",10
"GGCCGATGTAGGACAC-1",4
"GGCCGATGTCACTGGC-1",14
"GGCCGATGTCCCTACT-1",17
"GGCCGATTCACCGTAA-1",22
"GGCCGATTCCGCGCAA-1",2
"GGCGACTAGAGCTGGT-1",0
"GGCGACTAGGACCACA-1",12
"GGCGACTAGGTTACCT-1",17
"GGCGACTCAAAGCGGT-1",18
"GGCGACTCAAGAGTCG-1",1
"GGCGACTCACCAGGTC-1",0
"GGCGACTCATTGTGCA-1",4
"GGCGACTTCAGAAATG-1",3
"GGCGACTTCAGAGACG-1",13
"GGCGACTTCCAGATCA-1",16
"GGCGACTTCTCTAGGA-1",3
"GGCGTGTAGCTAGCCC-1",5
"GGCGTGTAGGGTATCG-1",1
"GGCGTGTCAGGTCCAC-1",13
"GGCGTGTCAGTATAAG-1",0
"GGCGTGTCATCGTCGG-1",0
"GGCGTGTCATGGAATA-1",18
"GGCGTGTGTCTCCCTA-1",7
"GGCGTGTTCTTGAGGT-1",0
"GGCTCGAAGCCGTCGT-1",4
"GGCTCGAAGGTAAACT-1",4
"GGCTCGACAAGAAGAG-1",4
"GGCTCGACAATAGCAA-1",6
"GGCTCGACATGGTCAT-1",1
"GGCTCGAGTATATCCG-1",2
"GGCTCGAGTTACGTCA-1",1
"GGCTCGAGTTAGGGTG-1",4
"GGCTCGATCTGCAAGT-1",0
"GGCTGGTAGAAGAAGC-1",17
"GGCTGGTAGACCCACC-1",4
"GGCTGGTCAAGGACAC-1",2
"GGCTGGTCACTGCCAG-1",10
"GGCTGGTCATTTCAGG-1",1
"GGCTGGTGTATTCTCT-1",0
"GGCTGGTGTCGCATCG-1",2
"GGCTGGTGTCTAGTGT-1",0
"GGCTGGTGTTATGCGT-1",4
"GGGAATGAGCGTTGCC-1",0
"GGGAATGAGTAGGTGC-1",2
"GGGAATGGTAAGGGAA-1",22
"GGGAATGTCAACGAAA-1",0
"GGGAATGTCCAGTATG-1",6
"GGGAATGTCCGGGTGT-1",5
"GGGACCTAGATGTAAC-1",0
"GGGACCTAGTCTTGCA-1",11
"GGGACCTCAATCAGAA-1",5
"GGGACCTCACTGAAGG-1",5
"GGGAGATAGTACGACG-1",18
"GGGAGATCAAAGTGCG-1",0
"GGGAGATCAAATCCGT-1",1
"GGGAGATCAAGGACTG-1",5
"GGGAGATCACGCGAAA-1",5
"GGGAGATGTAGCGCAA-1",0
"GGGAGATTCAACGGGA-1",3
"GGGAGATTCATCACCC-1",9
"GGGATGAAGTGACATA-1",11
"GGGATGACATCATCCC-1",3
"GGGATGAGTCACCCAG-1",21
"GGGATGAGTGGAAAGA-1",21
"GGGATGAGTTACGACT-1",7
"GGGATGAGTTGGTAAA-1",13
"GGGATGATCAGTTAGC-1",4
"GGGATGATCTATCCTA-1",6
"GGGATGATCTTTAGGG-1",28
"GGGCACTAGTCTCGGC-1",15
"GGGCACTCATCTCCCA-1",26
"GGGCACTTCACCTCGT-1",7
"GGGCACTTCTGAGGGA-1",24
"GGGCATCCAATGTAAG-1",3
"GGGCATCCAGTCTTCC-1",2
"GGGCATCGTGGCGAAT-1",1
"GGGCATCTCACAGTAC-1",4
"GGGCATCTCCCTTGTG-1",8
"GGGCATCTCCGGCACA-1",3
"GGGCATCTCTGTCCGT-1",1
"GGGCATCTCTTATCTG-1",14
"GGGTCTGAGAAGATTC-1",6
"GGGTCTGAGATCCCGC-1",7
"GGGTCTGAGCCAACAG-1",1
"GGGTCTGCACAGGCCT-1",19
"GGGTCTGCACCAGGTC-1",1
"GGGTCTGGTCTGGTCG-1",7
"GGGTCTGGTGATGATA-1",1
"GGGTCTGGTGTGACCC-1",3
"GGGTCTGTCAACTCTT-1",0
"GGGTCTGTCACTCCTG-1",30
"GGGTCTGTCCGTAGTA-1",15
"GGGTTGCAGACAGAGA-1",9
"GGGTTGCAGACCTTTG-1",6
"GGGTTGCAGATCGATA-1",0
"GGGTTGCAGGGTGTTG-1",33
"GGGTTGCAGGTGGGTT-1",0
"GGGTTGCCAATAACGA-1",0
"GGGTTGCCACGCCAGT-1",10
"GGGTTGCCATTAACCG-1",0
"GGGTTGCGTACATCCA-1",27
"GGGTTGCGTAGCGCAA-1",14
"GGGTTGCGTCCTCCAT-1",11
"GGGTTGCGTCGAGTTT-1",1
"GGGTTGCGTGAGTATA-1",0
"GGGTTGCGTGTGACCC-1",10
"GGGTTGCTCGTACCGG-1",1
"GGTATTGAGCACCGTC-1",11
"GGTATTGAGCTATGCT-1",11
"GGTATTGCACATCCAA-1",4
"GGTATTGCAGCTTCGG-1",6
"GGTATTGGTTCCGTCT-1",1
"GGTATTGTCAGAAATG-1",19
"GGTATTGTCCATTCTA-1",4
"GGTATTGTCGCCAGCA-1",1
"GGTGAAGAGACACGAC-1",2
"GGTGAAGAGATCCGAG-1",24
"GGTGAAGCAAGGTGTG-1",7
"GGTGAAGCACTCGACG-1",8
"GGTGAAGCAGTATGCT-1",7
"GGTGAAGGTATGAAAC-1",0
"GGTGAAGGTCAGAATA-1",1
"GGTGAAGGTGGTACAG-1",0
"GGTGAAGGTGTATGGG-1",0
"GGTGAAGGTGTCTGAT-1",7
"GGTGAAGGTGTGGTTT-1",0
"GGTGAAGGTGTGTGCC-1",8
"GGTGAAGTCACGATGT-1",4
"GGTGAAGTCACTCTTA-1",6
"GGTGAAGTCTGGCGTG-1",1
"GGTGCGTAGGTGATTA-1",0
"GGTGCGTAGTACGATA-1",13
"GGTGCGTCACTTAAGC-1",5
"GGTGCGTCAGCTGTAT-1",19
"GGTGCGTGTTCGTTGA-1",0
"GGTGCGTTCCGTACAA-1",0
"GGTGCGTTCTTGACGA-1",29
"GGTGTTAAGGGCTCTC-1",8
"GGTGTTAAGTAGCGGT-1",6
"GGTGTTAAGTGGGATC-1",5
"GGTGTTAAGTTATCGC-1",1
"GGTGTTACAAATCCGT-1",4
"GGTGTTACACGGATAG-1",0
"GGTGTTAGTAATCACC-1",19
"GGTGTTAGTAGCAAAT-1",4
"GGTGTTAGTGTATGGG-1",17
"GGTGTTAGTTGAACTC-1",20
"GGTGTTATCGGACAAG-1",2
"GGTGTTATCGGTGTTA-1",13
"GGTGTTATCTACTTAC-1",0
"GTAACGTAGGTGACCA-1",0
"GTAACGTCACAGGCCT-1",10
"GTAACGTGTACCATCA-1",26
"GTAACGTGTGAGTATA-1",4
"GTAACGTGTTACGGAG-1",1
"GTAACGTGTTAGGGTG-1",17
"GTAACGTTCGGTCCGA-1",12
"GTAACGTTCTCATTCA-1",14
"GTAACTGAGTGGGTTG-1",7
"GTAACTGCAATGGAAT-1",2
"GTAACTGCACAGGCCT-1",1
"GTAACTGCAGGATCGA-1",2
"GTAACTGCATCGGGTC-1",24
"GTAACTGGTATTACCG-1",0
"GTAACTGTCACGGTTA-1",1
"GTAACTGTCTACTATC-1",1
"GTACGTAAGGTGCTTT-1",22
"GTACGTACAGGAATGC-1",0
"GTACGTACATGGATGG-1",2
"GTACGTAGTGAGTGAC-1",1
"GTACGTAGTTGGTAAA-1",0
"GTACGTATCACCTCGT-1",15
"GTACGTATCATCGGAT-1",2
"GTACGTATCCACTGGG-1",24
"GTACTCCAGGCAGTCA-1",0
"GTACTCCCAATAGCGG-1",5
"GTACTCCCACAGGTTT-1",4
"GTACTCCTCACCTTAT-1",26
"GTACTCCTCATTGCCC-1",3
"GTACTCCTCCTTCAAT-1",6
"GTACTTTCAGTTAACC-1",3
"GTACTTTCATGTCGAT-1",2
"GTACTTTTCCGAAGAG-1",8
"GTAGGCCAGCAATCTC-1",4
"GTAGGCCCATTCGACA-1",10
"GTAGGCCGTAACGCGA-1",0
"GTAGGCCGTAAGGGCT-1",1
"GTAGGCCGTACGACCC-1",3
"GTAGGCCGTTCAGGCC-1",1
"GTAGGCCGTTGATTGC-1",8
"GTAGGCCTCAGCACAT-1",4
"GTAGTCAAGAATGTGT-1",3
"GTAGTCAAGATGCCTT-1",9
"GTAGTCAAGGACGAAA-1",1
"GTAGTCAAGTGAAGAG-1",1
"GTAGTCATCGTCACGG-1",2
"GTAGTCATCTGAAAGA-1",2
"GTATCTTAGAAACCAT-1",14
"GTATCTTAGGCTATCT-1",1
"GTATCTTAGTTGTCGT-1",4
"GTATCTTCACACCGCA-1",7
"GTATCTTCACGAAGCA-1",0
"GTATCTTGTTCGCTAA-1",26
"GTATCTTTCATGCTCC-1",16
"GTATCTTTCATGTAGC-1",10
"GTATTCTAGAAACCAT-1",3
"GTATTCTAGACAAAGG-1",4
"GTATTCTCAAAGTCAA-1",11
"GTATTCTCAACAACCT-1",4
"GTATTCTCAACTTGAC-1",3
"GTATTCTCAATAAGCA-1",2
"GTATTCTCAGGGTTAG-1",27
"GTATTCTCATACTACG-1",7
"GTATTCTCATGGTAGG-1",21
"GTATTCTGTAGTGAAT-1",3
"GTATTCTGTCTAGAGG-1",6
"GTCAAGTCATATGCTG-1",6
"GTCAAGTCATGGTTGT-1",3
"GTCAAGTGTCAGCTAT-1",2
"GTCAAGTGTTCCACTC-1",0
"GTCACAAAGCCGATTT-1",6
"GTCACAAAGTGGAGTC-1",1
"GTCACAACAGGTGGAT-1",1
"GTCACAAGTAAACGCG-1",18
"GTCACAATCAGGATCT-1",30
"GTCACAATCAGTTGAC-1",12
"GTCACAATCATGCATG-1",2
"GTCACGGAGATCACGG-1",7
"GTCACGGCATATACCG-1",5
"GTCACGGGTGAGTGAC-1",12
"GTCACGGGTGTGGCTC-1",0
"GTCACGGTCGAGAGCA-1",15
"GTCACGGTCTACCTGC-1",22
"GTCATTTAGAGACTAT-1",35
"GTCATTTCACGTGAGA-1",3
"GTCATTTGTAGAAGGA-1",8
"GTCATTTGTCAGATAA-1",1
"GTCATTTTCCAGAGGA-1",5
"GTCCTCAAGCCCAACC-1",10
"GTCCTCAAGTAGATGT-1",2
"GTCCTCAAGTGGGCTA-1",0
"GTCCTCACAATCACAC-1",9
"GTCCTCAGTGGAAAGA-1",3
"GTCCTCATCAAAGACA-1",5
"GTCCTCATCGTCCGTT-1",2
"GTCGGGTCACTGAAGG-1",2
"GTCGGGTCACTTCGAA-1",3
"GTCGGGTCATGAAGTA-1",16
"GTCGGGTGTCTCACCT-1",8
"GTCGGGTGTGTGACGA-1",6
"GTCGGGTGTGTGTGCC-1",1
"GTCGGGTGTTACGTCA-1",7
"GTCGGGTTCTGCTGTC-1",5
"GTCGGGTTCTGTGCAA-1",3
"GTCGTAAAGAGATGAG-1",23
"GTCGTAAAGCTGCAAG-1",9
"GTCGTAAAGGCGACAT-1",1
"GTCGTAACATCACGAT-1",1
"GTCGTAAGTATCACCA-1",0
"GTCGTAATCCAAGTAC-1",12
"GTCTCGTAGACCACGA-1",2
"GTCTCGTCAGGAACGT-1",17
"GTCTCGTGTGGTAACG-1",0
"GTCTCGTGTTTGGCGC-1",5
"GTCTCGTTCACCGGGT-1",26
"GTCTCGTTCAGTGCAT-1",1
"GTCTTCGAGACAAGCC-1",11
"GTCTTCGAGGAATGGA-1",2
"GTCTTCGAGTCAAGCG-1",4
"GTCTTCGCACATGGGA-1",10
"GTCTTCGCACCAGGTC-1",1
"GTCTTCGCAGACGCAA-1",2
"GTCTTCGCATAACCTG-1",4
"GTCTTCGCATCGATGT-1",10
"GTCTTCGGTCTAGTGT-1",2
"GTCTTCGTCTCGATGA-1",24
"GTGAAGGAGAGCTGGT-1",7
"GTGAAGGAGATCGGGT-1",12
"GTGAAGGAGCCAGTTT-1",0
"GTGAAGGAGTGTTGAA-1",2
"GTGAAGGCAAAGGCGT-1",0
"GTGAAGGCACTTAAGC-1",1
"GTGAAGGCAGATTGCT-1",12
"GTGAAGGGTATATGGA-1",16
"GTGAAGGGTCTCTCTG-1",11
"GTGAAGGTCTCCTATA-1",0
"GTGCAGCAGACATAAC-1",4
"GTGCAGCAGTGGTCCC-1",18
"GTGCAGCCACATCTTT-1",10
"GTGCAGCGTGAGTATA-1",2
"GTGCAGCTCTTAGAGC-1",0
"GTGCATAAGGCATGGT-1",1
"GTGCATAGTTTGTTGG-1",17
"GTGCATATCAGAGCTT-1",4
"GTGCATATCATCATTC-1",6
"GTGCATATCTGCGTAA-1",20
"GTGCGGTAGCAATCTC-1",20
"GTGCGGTAGGACAGAA-1",4
"GTGCGGTCAAAGGTGC-1",6
"GTGCGGTGTTCAGACT-1",24
"GTGCGGTGTTCTGTTT-1",8
"GTGCGGTTCATCTGCC-1",8
"GTGCGGTTCCAGGGCT-1",0
"GTGCGGTTCGGATGGA-1",2
"GTGCGGTTCTCGTTTA-1",20
"GTGCGGTTCTGCTGTC-1",8
"GTGCTTCAGCCAGTTT-1",7
"GTGCTTCAGGATTCGG-1",0
"GTGCTTCAGTACACCT-1",0
"GTGCTTCCACTTAACG-1",4
"GTGCTTCCAGCTATTG-1",11
"GTGCTTCGTAGAGTGC-1",27
"GTGCTTCTCACAATGC-1",15
"GTGCTTCTCACTTCAT-1",19
"GTGGGTCAGACCGGAT-1",1
"GTGGGTCAGACTGTAA-1",1
"GTGGGTCAGCCGTCGT-1",1
"GTGGGTCCACCAACCG-1",12
"GTGGGTCCACCACCAG-1",2
"GTGTGCGAGACCGGAT-1",2
"GTGTGCGAGACTTGAA-1",22
"GTGTGCGCAGGTCGTC-1",0
"GTGTGCGGTGAGCGAT-1",8
"GTGTGCGTCAGTCAGT-1",14
"GTGTGCGTCCCTTGTG-1",6
"GTGTGCGTCTAACTTC-1",13
"GTGTTAGAGCACGCCT-1",2
"GTGTTAGAGGACAGAA-1",0
"GTGTTAGAGGCATGGT-1",3
"GTGTTAGAGTGGAGAA-1",1
"GTGTTAGAGTTTGCGT-1",11
"GTGTTAGCAATGGAAT-1",9
"GTGTTAGCACCACCAG-1",1
"GTGTTAGGTGCCTGGT-1",18
"GTGTTAGGTGGAAAGA-1",0
"GTGTTAGGTTCCATGA-1",1
"GTGTTAGGTTGGGACA-1",6
"GTTAAGCAGAGCTGCA-1",4
"GTTAAGCAGATAGCAT-1",32
"GTTAAGCAGCTAACAA-1",12
"GTTAAGCAGGCTACGA-1",14
"GTTAAGCAGTGTACCT-1",3
"GTTAAGCAGTTTGCGT-1",10
"GTTAAGCCATTCACTT-1",9
"GTTAAGCGTACTCGCG-1",32
"GTTAAGCGTCTAGGTT-1",0
"GTTAAGCGTGGCAAAC-1",8
"GTTAAGCGTTGCTCCT-1",5
"GTTAAGCTCCTTTCGG-1",26
"GTTACAGAGAGCTATA-1",9
"GTTACAGAGTACGATA-1",2
"GTTACAGCAGACGCCT-1",3
"GTTACAGCATCGGTTA-1",5
"GTTACAGGTATGGTTC-1",0
"GTTACAGGTCGACTGC-1",20
"GTTACAGGTCTAGGTT-1",4
"GTTCATTAGCGATGAC-1",0
"GTTCATTCATATACGC-1",0
"GTTCATTCATTGGCGC-1",22
"GTTCATTGTGCACGAA-1",8
"GTTCATTGTGTTAAGA-1",0
"GTTCATTGTTCAGTAC-1",4
"GTTCGGGAGACGACGT-1",0
"GTTCGGGAGCTAAGAT-1",3
"GTTCGGGAGTGTCTCA-1",2
"GTTCGGGGTAGGGTAC-1",2
"GTTCGGGGTGCAGGTA-1",22
"GTTCGGGTCCACGCAG-1",0
"GTTCGGGTCTACTTAC-1",7
"GTTCTCGAGACCACGA-1",15
"GTTCTCGAGCGATGAC-1",0
"GTTCTCGAGGCCATAG-1",9
"GTTCTCGCATCGGACC-1",14
"GTTCTCGGTAAGGGAA-1",7
"GTTCTCGGTAGCGTAG-1",0
"GTTCTCGGTCCGTGAC-1",0
"GTTCTCGGTGTTAAGA-1",20
"GTTCTCGTCAACGCTA-1",11
"GTTCTCGTCCTGTACC-1",13
"GTTTCTACAAACCTAC-1",1
"GTTTCTACAAGAAAGG-1",0
"GTTTCTAGTGTTGGGA-1",0
"GTTTCTATCCCAACGG-1",1
"GTTTCTATCCGTAGTA-1",10
"GTTTCTATCGGCATCG-1",0
"TAAACCGGTACTTAGC-1",5
"TAAACCGTCACTCTTA-1",6
"TAAACCGTCAGGCGAA-1",2
"TAAACCGTCCGTTGTC-1",1
"TAAACCGTCTTCCTTC-1",5
"TAAGAGACAAGTTGTC-1",0
"TAAGAGAGTATATCCG-1",13
"TAAGAGATCAATCACG-1",1
"TAAGAGATCTAACGGT-1",1
"TAAGAGATCTTTCCTC-1",0
"TAAGCGTAGTGGACGT-1",22
"TAAGCGTAGTGTCTCA-1",0
"TAAGCGTCAGCTTCGG-1",3
"TAAGCGTCAGGTGGAT-1",7
"TAAGCGTGTCCTGCTT-1",3
"TAAGCGTGTGCCTGGT-1",14
"TAAGCGTGTTGTTTGG-1",1
"TAAGCGTTCCTCATTA-1",3
"TAAGCGTTCGGCGCAT-1",1
"TAAGCGTTCTCGCATC-1",0
"TAAGTGCAGGCTAGGT-1",3
"TAAGTGCAGTAGCGGT-1",5
"TAAGTGCCAACGCACC-1",1
"TAAGTGCCATACAGCT-1",9
"TAAGTGCGTAAACACA-1",10
"TAAGTGCGTCTCACCT-1",0
"TAAGTGCGTTCAGACT-1",13
"TAAGTGCTCACCCTCA-1",3
"TAAGTGCTCACTGGGC-1",20
"TAAGTGCTCTGGCGTG-1",12
"TACACGACACCCATTC-1",7
"TACACGAGTGATAAAC-1",0
"TACACGATCTGTCTCG-1",17
"TACAGTGAGATGCGAC-1",24
"TACAGTGAGCGTTGCC-1",4
"TACAGTGAGTGTACGG-1",1
"TACAGTGCAGGAATCG-1",1
"TACAGTGCAGGTGCCT-1",1
"TACAGTGGTACTCAAC-1",4
"TACAGTGGTTGGACCC-1",4
"TACCTATAGAGCTGGT-1",3
"TACCTATAGAGTTGGC-1",3
"TACCTATAGGCTCATT-1",3
"TACCTATAGTTAGCGG-1",6
"TACCTATCAAGCTGGA-1",11
"TACCTATGTAAATGAC-1",49
"TACCTATGTAGAGTGC-1",16
"TACCTATGTCACCTAA-1",6
"TACCTATGTGTTGAGG-1",4
"TACCTATGTTAAAGAC-1",5
"TACCTATTCTATGTGG-1",1
"TACCTATTCTTCCTTC-1",12
"TACCTTAAGAGGTTGC-1",12
"TACCTTAAGTCAAGCG-1",0
"TACCTTAAGTGGTCCC-1",8
"TACCTTACAACTGGCC-1",13
"TACCTTACAAGGGTCA-1",0
"TACCTTACACTCAGGC-1",21
"TACCTTACATCTACGA-1",13
"TACCTTAGTAGCGTCC-1",0
"TACCTTAGTCTCCACT-1",2
"TACGGATAGATGGCGT-1",12
"TACGGATAGGTACTCT-1",4
"TACGGATCAGGGATTG-1",0
"TACGGATCATCACCCT-1",20
"TACGGATGTCTAGCCG-1",6
"TACGGATTCGGTGTCG-1",23
"TACGGATTCTACTATC-1",3
"TACGGGCAGGATGCGT-1",0
"TACGGGCAGGGAACGG-1",4
"TACGGGCAGTATTGGA-1",0
"TACGGGCAGTCAAGCG-1",0
"TACGGGCCAAGAAGAG-1",1
"TACGGGCCACCAGATT-1",1
"TACGGGCCATCAGTAC-1",8
"TACGGGCGTAAGGGCT-1",13
"TACGGGCGTCTGATTG-1",4
"TACGGGCGTGATGTGG-1",5
"TACGGGCTCACCTTAT-1",10
"TACGGGCTCAGCTCTC-1",9
"TACGGGCTCCACGAAT-1",10
"TACGGGCTCCTATTCA-1",1
"TACGGGCTCGGTGTTA-1",3
"TACGGTAAGATATGGT-1",7
"TACGGTAAGCCGATTT-1",0
"TACGGTAAGTCATGCT-1",0
"TACGGTAAGTGCCATT-1",18
"TACGGTACACAGGCCT-1",3
"TACGGTACATTTCAGG-1",37
"TACGGTAGTATATCCG-1",8
"TACGGTAGTCACTTCC-1",7
"TACGGTAGTGCAGGTA-1",2
"TACGGTAGTGGGTATG-1",5
"TACGGTATCGCAGGCT-1",2
"TACGGTATCGGACAAG-1",1
"TACGGTATCGTTTATC-1",5
"TACTCATAGTCACGCC-1",5
"TACTCATCAATCTACG-1",20
"TACTCATCACGGTAGA-1",21
"TACTCATCACTTCTGC-1",22
"TACTCATCATCCGTGG-1",1
"TACTCATCATGTCGAT-1",6
"TACTCATGTACAGCAG-1",5
"TACTCATGTCTTCAAG-1",4
"TACTCATTCCTTTCTC-1",9
"TACTCGCAGGCGACAT-1",5
"TACTCGCGTCAGAAGC-1",5
"TACTCGCGTCTGATTG-1",10
"TACTCGCGTGTAACGG-1",0
"TACTCGCGTTGAGTTC-1",3
"TACTCGCTCAACGGGA-1",0
"TACTCGCTCCGAATGT-1",14
"TACTTACAGACTAGGC-1",15
"TACTTACAGCTGAACG-1",0
"TACTTACAGTACACCT-1",25
"TACTTACAGTACGCCC-1",2
"TACTTACAGTGATCGG-1",0
"TACTTACCAAGCCGTC-1",2
"TACTTACCACAGGTTT-1",19
"TACTTACTCGCGTTTC-1",4
"TACTTGTAGCGATATA-1",5
"TACTTGTAGTAATCCC-1",18
"TACTTGTCAAACAACA-1",3
"TACTTGTCATGCAACT-1",4
"TACTTGTGTAGCACGA-1",13
"TACTTGTGTATAAACG-1",5
"TACTTGTGTTCCACAA-1",42
"TACTTGTTCTGCAGTA-1",6
"TAGACCAAGAGACGAA-1",0
"TAGACCAAGCCTCGTG-1",15
"TAGACCAAGTCGATAA-1",8
"TAGACCACAACACCCG-1",22
"TAGACCAGTAGATTAG-1",6
"TAGACCAGTTCATGGT-1",9
"TAGACCATCACTTCAT-1",1
"TAGACCATCGTCACGG-1",0
"TAGACCATCTCCAGGG-1",13
"TAGAGCTAGAATTCCC-1",1
"TAGAGCTAGTATTGGA-1",11
"TAGAGCTCACTGAAGG-1",12
"TAGAGCTGTACTTGAC-1",10
"TAGAGCTGTAGGGACT-1",2
"TAGAGCTGTCTAAAGA-1",21
"TAGCCGGAGACTGGGT-1",3
"TAGCCGGAGTCCCACG-1",0
"TAGCCGGAGTGACATA-1",21
"TAGCCGGCAGCAGTTT-1",11
"TAGCCGGGTACAGTGG-1",0
"TAGCCGGGTACCATCA-1",0
"TAGCCGGGTCGCGAAA-1",13
"TAGCCGGTCACGACTA-1",7
"TAGCCGGTCCAGGGCT-1",5
"TAGGCATAGAACTGTA-1",1
"TAGGCATAGCTAGGCA-1",13
"TAGGCATAGTCGTACT-1",13
"TAGGCATAGTTTAGGA-1",4
"TAGGCATCAAGCCTAT-1",43
"TAGGCATCAGACGCAA-1",0
"TAGGCATGTACGAAAT-1",2
"TAGGCATGTCCAGTTA-1",0
"TAGGCATGTTCCACTC-1",10
"TAGGCATTCCCTAACC-1",8
"TAGGCATTCGCTAGCG-1",1
"TAGGCATTCGTAGATC-1",3
"TAGGCATTCTTCATGT-1",18
"TAGTGGTAGATCACGG-1",1
"TAGTGGTAGCTGTTCA-1",0
"TAGTGGTCAGTATAAG-1",13
"TAGTGGTGTAGCGTAG-1",3
"TAGTGGTTCAGCATGT-1",1
"TAGTGGTTCGGCGCAT-1",0
"TAGTGGTTCTCAAGTG-1",3
"TAGTGGTTCTGGGCCA-1",14
"TAGTGGTTCTTTAGTC-1",12
"TAGTTGGAGATAGGAG-1",13
"TAGTTGGCAGACGCAA-1",1
"TAGTTGGCATGCGCAC-1",5
"TAGTTGGGTATGGTTC-1",14
"TAGTTGGTCCGAATGT-1",2
"TAGTTGGTCTACTCAT-1",4
"TAGTTGGTCTCTAAGG-1",7
"TAGTTGGTCTGATACG-1",15
"TATCAGGAGAGTAAGG-1",17
"TATCAGGAGATCCGAG-1",0
"TATCAGGAGCAGATCG-1",2
"TATCAGGAGGTGCTTT-1",8
"TATCAGGCAACTTGAC-1",0
"TATCAGGCACGTTGGC-1",14
"TATCAGGGTCCGTTAA-1",6
"TATCAGGGTCTGCAAT-1",4
"TATCAGGGTTAAAGAC-1",9
"TATCAGGTCAAGATCC-1",1
"TATCAGGTCCACTCCA-1",33
"TATCAGGTCGTAGGTT-1",18
"TATCTCAAGAGTTGGC-1",4
"TATCTCAAGCCACCTG-1",2
"TATCTCAAGCGTAATA-1",0
"TATCTCAAGGCTAGCA-1",0
"TATCTCAAGTGGGCTA-1",23
"TATCTCACATGTCCTC-1",5
"TATCTCAGTAACGACG-1",1
"TATCTCAGTACCTACA-1",4
"TATCTCAGTACGACCC-1",26
"TATCTCAGTCAATGTC-1",5
"TATCTCATCAAGCCTA-1",14
"TATGCCCAGAAACCGC-1",6
"TATGCCCAGGTAGCTG-1",16
"TATGCCCCAATGGAAT-1",0
"TATGCCCCACTTAACG-1",1
"TATGCCCCATGTTCCC-1",7
"TATGCCCGTAGCCTCG-1",12
"TATGCCCGTATAGGGC-1",10
"TATGCCCGTATGAAAC-1",8
"TATGCCCGTCGCCATG-1",3
"TATGCCCGTGCCTTGG-1",0
"TATGCCCGTTAAGATG-1",0
"TATGCCCGTTGGTGGA-1",0
"TATGCCCGTTTAGGAA-1",0
"TATGCCCTCGTCTGCT-1",0
"TATTACCAGAGAGCTC-1",6
"TATTACCAGCAAATCA-1",1
"TATTACCAGCCCGAAA-1",12
"TATTACCAGTATCTCG-1",0
"TATTACCCAAAGTGCG-1",5
"TATTACCCAGACAAGC-1",4
"TATTACCCAGTCAGCC-1",58
"TATTACCCATAAAGGT-1",4
"TATTACCCATCTACGA-1",4
"TATTACCGTCCAGTAT-1",1
"TCAACGAAGCCGATTT-1",2
"TCAACGAAGCGATGAC-1",7
"TCAACGAAGGCATGTG-1",20
"TCAACGAAGTAGTGCG-1",5
"TCAACGACACCAGGCT-1",18
"TCAACGACATGCCTTC-1",7
"TCAACGAGTTACCAGT-1",1
"TCAACGAGTTCCATGA-1",7
"TCAACGAGTTCTGGTA-1",20
"TCAACGATCAGTCCCT-1",19
"TCAACGATCTGTGCAA-1",6
"TCAATCTAGATCCCGC-1",21
"TCAATCTCACAAGCCC-1",0
"TCAATCTCACAGCCCA-1",12
"TCAATCTCATGACGGA-1",7
"TCAATCTCATTTGCTT-1",24
"TCAATCTGTAGTGAAT-1",14
"TCAATCTGTTAGATGA-1",1
"TCAATCTTCAGATAAG-1",6
"TCAATCTTCATGTCCC-1",0
"TCACAAGAGACTGGGT-1",15
"TCACAAGAGAGAGCTC-1",14
"TCACAAGAGGCCCTCA-1",5
"TCACAAGAGGTGGGTT-1",7
"TCACAAGAGTAGATGT-1",8
"TCACAAGCAGTATGCT-1",2
"TCACAAGCATAACCTG-1",4
"TCACAAGCATGACATC-1",20
"TCACAAGGTCAGATAA-1",25
"TCACAAGGTGTGGTTT-1",8
"TCACAAGTCATCATTC-1",0
"TCACAAGTCATGCATG-1",7
"TCACGAAAGCTCCTTC-1",6
"TCACGAAAGGTGCTTT-1",1
"TCACGAAAGTCTCGGC-1",16
"TCACGAACACAAGACG-1",22
"TCACGAACACTGTCGG-1",2
"TCACGAAGTGGTCCGT-1",32
"TCACGAAGTTGGTGGA-1",10
"TCACGAATCATGCAAC-1",4
"TCACGAATCCCGACTT-1",1
"TCACGAATCCTCGCAT-1",23
"TCACGAATCGTCACGG-1",0
"TCAGATGAGGTGCACA-1",20
"TCAGATGGTCTTGTCC-1",6
"TCAGATGGTGCCTGCA-1",4
"TCAGATGGTGCTGTAT-1",0
"TCAGATGTCAGTTTGG-1",21
"TCAGATGTCGCATGAT-1",17
"TCAGATGTCTCCTATA-1",2
"TCAGCAAAGGAGTCTG-1",9
"TCAGCAAAGGCTCATT-1",7
"TCAGCAAAGTACGACG-1",2
"TCAGCAAAGTGGCACA-1",9
"TCAGCAACACGCATCG-1",2
"TCAGCAAGTACCGGCT-1",2
"TCAGCAATCAGCGATT-1",10
"TCAGCAATCGGAAACG-1",2
"TCAGCAATCTTCAACT-1",10
"TCAGCTCAGGTGTTAA-1",3
"TCAGCTCAGTATGACA-1",14
"TCAGCTCCAATCTGCA-1",0
"TCAGCTCCACGGTTTA-1",5
"TCAGCTCGTAATAGCA-1",13
"TCAGCTCGTCCGTCAG-1",7
"TCAGCTCGTTCACGGC-1",35
"TCAGCTCTCACGATGT-1",4
"TCAGCTCTCATGCATG-1",0
"TCAGCTCTCCTAAGTG-1",0
"TCAGCTCTCTCGTATT-1",1
"TCAGGATAGACAGAGA-1",18
"TCAGGATAGATATGGT-1",5
"TCAGGATCAAACGTGG-1",0
"TCAGGATCAAGTTCTG-1",2
"TCAGGATCACGGTGTC-1",0
"TCAGGATCACTGTGTA-1",1
"TCAGGATCAGCATACT-1",4
"TCAGGATCATCTGGTA-1",7
"TCAGGATGTAAGCACG-1",6
"TCAGGATGTGGCCCTA-1",3
"TCAGGATTCCGATATG-1",3
"TCAGGATTCTCGATGA-1",4
"TCAGGTAAGATGGCGT-1",7
"TCAGGTAAGTGTTTGC-1",8
"TCAGGTACACAAGTAA-1",0
"TCAGGTACACAGAGGT-1",2
"TCAGGTACAGCTGCTG-1",6
"TCAGGTAGTAAACGCG-1",9
"TCATTACAGAAACCAT-1",17
"TCATTACAGGAGTTGC-1",29
"TCATTACAGTTGCAGG-1",6
"TCATTACCACATCCAA-1",8
"TCATTACCAGTCAGCC-1",3
"TCATTACGTACGCACC-1",3
"TCATTACGTCTAGAGG-1",2
"TCATTACGTGAAGGCT-1",0
"TCATTACGTTCTGTTT-1",10
"TCATTACTCATCGATG-1",1
"TCATTTGAGCCAGTTT-1",11
"TCATTTGCACGTCTCT-1",2
"TCATTTGCAGTTAACC-1",4
"TCATTTGTCCAGAGGA-1",1
"TCATTTGTCCCTTGCA-1",3
"TCATTTGTCCGTCAAA-1",25
"TCATTTGTCGCTAGCG-1",17
"TCATTTGTCGTACGGC-1",2
"TCATTTGTCTCTGCTG-1",5
"TCCACACCAAAGAATC-1",5
"TCCACACCACGCCAGT-1",6
"TCCACACGTACAGCAG-1",9
"TCCACACGTAGCCTAT-1",16
"TCCACACGTCATCGGC-1",18
"TCCACACGTGACCAAG-1",14
"TCCACACGTGCGAAAC-1",2
"TCCACACTCAACACCA-1",24
"TCCACACTCCAGTATG-1",0
"TCCACACTCCCATTTA-1",0
"TCCACACTCGAACTGT-1",19
"TCCCGATAGAAGAAGC-1",2
"TCCCGATAGCACAGGT-1",22
"TCCCGATAGCCGGTAA-1",10
"TCCCGATCAAGGTTCT-1",8
"TCCCGATCAGCCAATT-1",2
"TCCCGATCATCCAACA-1",35
"TCCCGATGTAAGGATT-1",1
"TCCCGATGTCAATACC-1",16
"TCCCGATTCAGAAATG-1",2
"TCCCGATTCAGTCCCT-1",8
"TCCCGATTCATCTGTT-1",0
"TCCCGATTCCCTAATT-1",8
"TCCCGATTCTGGAGCC-1",0
"TCGAGGCAGCGATGAC-1",21
"TCGAGGCAGTGTTTGC-1",6
"TCGAGGCCAAAGAATC-1",52
"TCGAGGCCAAGTTCTG-1",3
"TCGAGGCCAGTAACGG-1",8
"TCGAGGCGTATATCCG-1",1
"TCGAGGCTCGCAAGCC-1",11
"TCGAGGCTCTTGAGAC-1",18
"TCGAGGCTCTTTCCTC-1",0
"TCGCGAGAGACAAAGG-1",11
"TCGCGAGAGTGAATTG-1",1
"TCGCGAGCAAGCGTAG-1",7
"TCGCGAGCACCGAATT-1",1
"TCGCGAGCAGTAAGAT-1",3
"TCGCGAGTCCACGAAT-1",7
"TCGCGAGTCTAGCACA-1",0
"TCGCGAGTCTCTAGGA-1",4
"TCGCGAGTCTTCATGT-1",1
"TCGCGTTAGTGGGCTA-1",13
"TCGCGTTCACAGGCCT-1",1
"TCGCGTTCATCACAAC-1",1
"TCGCGTTCATCTCGCT-1",1
"TCGCGTTGTTCACCTC-1",4
"TCGCGTTTCAAGATCC-1",12
"TCGCGTTTCAGGTAAA-1",0
"TCGCGTTTCATTCACT-1",4
"TCGCGTTTCCTGTACC-1",0
"TCGCGTTTCGCCCTTA-1",1
"TCGGGACCACACATGT-1",2
"TCGGGACTCCTTGCCA-1",25
"TCGGGACTCTGCGGCA-1",2
"TCGGGACTCTTGTCAT-1",2
"TCGGTAAAGACAGGCT-1",1
"TCGGTAAAGCTCAACT-1",18
"TCGGTAACAAGCTGAG-1",3
"TCGGTAACAGGAATGC-1",14
"TCGGTAAGTATATGGA-1",2
"TCGGTAAGTCTAGTCA-1",1
"TCGGTAATCCCGGATG-1",4
"TCGTACCAGCAGGCTA-1",21
"TCGTACCAGTTTCCTT-1",1
"TCGTACCGTTTGCATG-1",0
"TCGTACCTCGGGAGTA-1",8
"TCGTAGAAGCTAACTC-1",10
"TCGTAGAAGGCGACAT-1",14
"TCGTAGAAGGGAACGG-1",14
"TCGTAGAAGTCCATAC-1",7
"TCGTAGACAATCCAAC-1",0
"TCGTAGACACTCAGGC-1",2
"TCGTAGAGTATGAATG-1",3
"TCGTAGAGTGAGCGAT-1",10
"TCGTAGAGTGTGTGCC-1",4
"TCGTAGAGTTCAACCA-1",1
"TCGTAGAGTTCCATGA-1",3
"TCGTAGATCCAAGCCG-1",0
"TCGTAGATCTTAGCCC-1",14
"TCTATTGAGCGATTCT-1",0
"TCTATTGAGTGCCATT-1",2
"TCTATTGCACATCTTT-1",12
"TCTATTGGTAAGTGTA-1",0
"TCTATTGGTCCAACTA-1",3
"TCTATTGGTCTGCCAG-1",0
"TCTATTGGTTGCTCCT-1",1
"TCTATTGTCGGCGCTA-1",1
"TCTCATAAGCTAAACA-1",0
"TCTCATAAGCTAGTCT-1",0
"TCTCATAAGTGCCATT-1",10
"TCTCATAGTACCGGCT-1",0
"TCTCATAGTGTAAGTA-1",20
"TCTCATATCAAGCCTA-1",1
"TCTCATATCACCTTAT-1",22
"TCTCATATCCTGTACC-1",3
"TCTCTAAAGACCGGAT-1",1
"TCTCTAAAGGGTGTTG-1",13
"TCTCTAACAGCCTATA-1",3
"TCTCTAAGTCCAGTAT-1",3
"TCTCTAAGTCCATGAT-1",1
"TCTCTAAGTCTCATCC-1",0
"TCTCTAAGTGGAAAGA-1",16
"TCTCTAATCAAACCAC-1",0
"TCTCTAATCAACGCTA-1",12
"TCTCTAATCACAGGCC-1",16
"TCTCTAATCACATACG-1",11
"TCTCTAATCCGTAGGC-1",28
"TCTCTAATCGTATCAG-1",1
"TCTGAGACAAACCTAC-1",30
"TCTGAGACACGGATAG-1",21
"TCTGAGACAGAGTGTG-1",10
"TCTGAGAGTAAGGGAA-1",13
"TCTGAGATCCTTGACC-1",4
"TCTGAGATCTATCCTA-1",1
"TCTGGAAAGCGATGAC-1",10
"TCTGGAAAGCTAGTTC-1",36
"TCTGGAAAGCTCTCGG-1",0
"TCTGGAAAGGAGCGAG-1",1
"TCTGGAACACAAGACG-1",8
"TCTGGAACACACTGCG-1",9
"TCTGGAACACTTCTGC-1",31
"TCTGGAAGTGAGTATA-1",1
"TCTGGAATCTGTCTAT-1",25
"TCTTCGGAGGTTCCTA-1",9
"TCTTCGGAGTTCGATC-1",32
"TCTTCGGCAAAGCAAT-1",7
"TCTTCGGCAAAGGTGC-1",17
"TCTTCGGCAATAGCAA-1",2
"TCTTCGGCAATGTAAG-1",4
"TCTTCGGCACACCGAC-1",1
"TCTTCGGCAGCCAATT-1",12
"TCTTCGGGTCATTAGC-1",11
"TCTTCGGTCGTAGGTT-1",2
"TCTTCGGTCTCTAAGG-1",8
"TCTTTCCAGAGAGCTC-1",7
"TCTTTCCAGTCATCCA-1",8
"TCTTTCCCATCTCCCA-1",7
"TCTTTCCGTAATCACC-1",24
"TCTTTCCGTAGTACCT-1",8
"TCTTTCCTCACAACGT-1",2
"TCTTTCCTCAGCTGGC-1",8
"TCTTTCCTCCAAGTAC-1",0
"TCTTTCCTCCTCGCAT-1",10
"TGAAAGAAGCTAAGAT-1",22
"TGAAAGACAAGCCGTC-1",2
"TGAAAGACACATTCGA-1",8
"TGAAAGACATGAGCGA-1",0
"TGAAAGAGTCTAGCGC-1",1
"TGAAAGAGTCTCATCC-1",4
"TGAAAGATCCCGACTT-1",0
"TGAAAGATCTATGTGG-1",0
"TGACAACCAAGCGAGT-1",1
"TGACAACGTAGGGACT-1",20
"TGACAACGTGCGCTTG-1",2
"TGACAACGTGGTTTCA-1",0
"TGACAACTCACAAACC-1",4
"TGACAACTCCACGTGG-1",1
"TGACAACTCGAATGCT-1",33
"TGACGGCAGCGCCTCA-1",8
"TGACGGCAGGCTCAGA-1",1
"TGACGGCAGTCAAGCG-1",0
"TGACGGCCACAGACTT-1",17
"TGACGGCGTCATCCCT-1",16
"TGACGGCTCAGGCGAA-1",10
"TGACGGCTCCACTGGG-1",2
"TGACTAGAGACCCACC-1",16
"TGACTAGAGGGCATGT-1",6
"TGACTAGAGTCTCAAC-1",5
"TGACTAGAGTTGAGAT-1",1
"TGACTAGCAGCATACT-1",1
"TGACTAGCAGTCAGAG-1",2
"TGACTAGCATTTCACT-1",4
"TGACTAGGTAAATACG-1",5
"TGACTAGGTGAAAGAG-1",10
"TGACTAGGTGCAGTAG-1",6
"TGACTAGTCATGCATG-1",0
"TGACTAGTCCATGCTC-1",3
"TGACTAGTCTGTTGAG-1",1
"TGACTTTAGAACAATC-1",5
"TGACTTTAGTCTCGGC-1",19
"TGACTTTAGTTAGGTA-1",7
"TGACTTTCAGTCCTTC-1",12
"TGACTTTCATTATCTC-1",6
"TGACTTTGTCACACGC-1",8
"TGACTTTTCCTCAATT-1",3
"TGACTTTTCTGCCCTA-1",12
"TGAGAGGAGGCTCATT-1",3
"TGAGAGGCAAAGTCAA-1",3
"TGAGAGGCAAGCCATT-1",16
"TGAGAGGCACCATGTA-1",6
"TGAGAGGGTCACTGGC-1",11
"TGAGAGGGTCTAAACC-1",1
"TGAGAGGTCGAACTGT-1",13
"TGAGAGGTCGCGTTTC-1",3
"TGAGAGGTCTGACCTC-1",25
"TGAGCATAGAAACGAG-1",9
"TGAGCATAGAAGCCCA-1",0
"TGAGCATAGATGTCGG-1",0
"TGAGCATAGGAATGGA-1",16
"TGAGCATCACCAGGCT-1",5
"TGAGCATCAGATGAGC-1",10
"TGAGCATCAGCGTAAG-1",6
"TGAGCATCAGCTGTAT-1",37
"TGAGCATGTGGCCCTA-1",3
"TGAGCATTCCACGTTC-1",14
"TGAGCATTCCGATATG-1",0
"TGAGCATTCGGCCGAT-1",0
"TGAGCCGCATCGGGTC-1",2
"TGAGCCGGTCGAACAG-1",1
"TGAGCCGGTGTAATGA-1",13
"TGAGCCGGTTGATTCG-1",10
"TGAGCCGTCATCTGCC-1",10
"TGAGCCGTCGTCACGG-1",3
"TGAGCCGTCTTGAGGT-1",9
"TGAGGGAAGAGACTAT-1",30
"TGAGGGAAGGAGTACC-1",2
"TGAGGGAAGTCATCCA-1",5
"TGAGGGAAGTCATGCT-1",2
"TGAGGGACACCAGTTA-1",7
"TGAGGGACATAAGACA-1",0
"TGAGGGAGTAAACGCG-1",11
"TGAGGGAGTTAGGGTG-1",0
"TGAGGGATCAACGGGA-1",8
"TGAGGGATCTAGCACA-1",0
"TGAGGGATCTCTTATG-1",5
"TGATTTCCATCCGGGT-1",4
"TGATTTCGTAGGCATG-1",2
"TGATTTCGTTAAGACA-1",24
"TGATTTCTCTGATTCT-1",11
"TGCACCTAGACCTTTG-1",25
"TGCACCTAGGACGAAA-1",1
"TGCACCTCAAGTTGTC-1",2
"TGCACCTCAATAGAGT-1",13
"TGCACCTCATCCGGGT-1",1
"TGCACCTGTAATCACC-1",0
"TGCACCTGTCACACGC-1",3
"TGCACCTTCACGGTTA-1",27
"TGCACCTTCATCGGAT-1",9
"TGCACCTTCCGCGGTA-1",26
"TGCACCTTCGAACTGT-1",15
"TGCACCTTCTCTTGAT-1",4
"TGCCAAACAATGTAAG-1",4
"TGCCAAACAATTCCTT-1",43
"TGCCAAAGTTCGCGAC-1",1
"TGCCAAATCCAAACTG-1",5
"TGCCAAATCCCTGACT-1",2
"TGCCAAATCGGCGGTT-1",6
"TGCCCATAGACTAGGC-1",7
"TGCCCATAGCGTCAAG-1",0
"TGCCCATAGCGTGAAC-1",0
"TGCCCATAGCTGTTCA-1",8
"TGCCCATAGGATGGAA-1",3
"TGCCCATAGTACGCCC-1",0
"TGCCCATAGTTGAGTA-1",13
"TGCCCATCACCAGGTC-1",4
"TGCCCATCACGAAATA-1",0
"TGCCCATCAGGACGTA-1",10
"TGCCCATCATGGAATA-1",1
"TGCCCATCATGGATGG-1",0
"TGCCCATGTAGCCTCG-1",15
"TGCCCATTCAAACCGT-1",16
"TGCCCATTCAGGCCCA-1",8
"TGCCCATTCCTTCAAT-1",2
"TGCCCATTCGGAAATA-1",8
"TGCCCTAAGGTCGGAT-1",2
"TGCCCTAAGGTTCCTA-1",2
"TGCCCTACACCACCAG-1",6
"TGCCCTACAGCCACCA-1",0
"TGCCCTACAGTGAGTG-1",1
"TGCCCTAGTCCGAGTC-1",15
"TGCCCTAGTGGTTTCA-1",8
"TGCCCTAGTTTCGCTC-1",17
"TGCCCTATCGACGGAA-1",6
"TGCCCTATCTTCGGTC-1",8
"TGCGCAGAGACTAGGC-1",3
"TGCGCAGAGCACACAG-1",3
"TGCGCAGAGCGTCTAT-1",9
"TGCGCAGAGGAGCGAG-1",13
"TGCGCAGCAAACGTGG-1",32
"TGCGCAGCAGCTCGCA-1",8
"TGCGCAGCAGTAGAGC-1",7
"TGCGCAGTCCTACAGA-1",8
"TGCGGGTAGAGACTTA-1",3
"TGCGGGTAGATCGATA-1",7
"TGCGGGTAGCTCTCGG-1",12
"TGCGGGTAGGTGTGGT-1",36
"TGCGGGTAGTACTTGC-1",1
"TGCGGGTCAATGGAAT-1",4
"TGCGGGTCACACGCTG-1",8
"TGCGGGTCATTGGGCC-1",0
"TGCGGGTGTAGAAAGG-1",6
"TGCGGGTGTCACCTAA-1",21
"TGCGGGTGTCAGATAA-1",21
"TGCGGGTGTTAGAACA-1",40
"TGCGGGTTCAGTTCGA-1",4
"TGCGGGTTCGTAGATC-1",13
"TGCGGGTTCTCTTGAT-1",2
"TGCGTGGAGACGCAAC-1",3
"TGCGTGGAGACTGGGT-1",7
"TGCGTGGAGTGAACGC-1",1
"TGCGTGGCAATTCCTT-1",5
"TGCGTGGGTGCACCAC-1",3
"TGCGTGGTCCGCGCAA-1",4
"TGCGTGGTCGCCCTTA-1",0
"TGCGTGGTCTGGCGAC-1",1
"TGCTACCAGAAAGTGG-1",4
"TGCTACCAGATGGCGT-1",6
"TGCTACCAGCAAATCA-1",13
"TGCTACCAGTCCGTAT-1",16
"TGCTACCCAAGAGGCT-1",5
"TGCTACCCACTTAACG-1",1
"TGCTACCCATCGTCGG-1",1
"TGCTACCCATGGTTGT-1",7
"TGCTACCGTGTGACGA-1",0
"TGCTACCTCCTCGCAT-1",3
"TGCTACCTCTTCTGGC-1",3
"TGCTGCTAGACTAAGT-1",16
"TGCTGCTAGGTGATAT-1",10
"TGCTGCTCAATAGAGT-1",3
"TGCTGCTCACAGACAG-1",0
"TGCTGCTCATCCCATC-1",43
"TGCTGCTCATGGTTGT-1",57
"TGCTGCTGTCATACTG-1",1
"TGCTGCTGTGAAGGCT-1",15
"TGCTGCTTCATTGCGA-1",1
"TGGACGCAGAGGTACC-1",3
"TGGACGCAGTCAAGGC-1",2
"TGGACGCCACAGAGGT-1",12
"TGGACGCCATGGTAGG-1",21
"TGGACGCGTCCGAACC-1",8
"TGGACGCGTCTCCCTA-1",12
"TGGCCAGAGAAGGTGA-1",5
"TGGCCAGAGAGTACAT-1",0
"TGGCCAGAGGCGATAC-1",3
"TGGCCAGAGGCGTACA-1",0
"TGGCCAGCAACTGCGC-1",15
"TGGCCAGCACGACTCG-1",8
"TGGCCAGGTCAATACC-1",5
"TGGCCAGTCGTAGATC-1",1
"TGGCCAGTCTATCCCG-1",2
"TGGCGCAAGCTACCTA-1",4
"TGGCGCAAGCTATGCT-1",6
"TGGCGCAAGTGTGGCA-1",16
"TGGCGCAAGTTACCCA-1",12
"TGGCGCACACAGGCCT-1",1
"TGGCGCACACGGATAG-1",9
"TGGCGCACAGCGATCC-1",0
"TGGCGCACATAGGATA-1",5
"TGGCGCACATATACGC-1",40
"TGGCGCAGTACTCTCC-1",0
"TGGCGCAGTGGACGAT-1",3
"TGGCGCAGTTATGTGC-1",10
"TGGCGCATCAAGAAGT-1",4
"TGGCGCATCATGCTCC-1",1
"TGGCGCATCATGTGGT-1",9
"TGGCGCATCATTATCC-1",17
"TGGCGCATCGTGGTCG-1",53
"TGGCTGGAGCGGATCA-1",3
"TGGCTGGAGTGCAAGC-1",33
"TGGCTGGCAAGTTAAG-1",14
"TGGCTGGCACGGATAG-1",0
"TGGCTGGCAGGAACGT-1",3
"TGGCTGGGTCGAGTTT-1",0
"TGGCTGGGTCGGCATC-1",10
"TGGCTGGGTCTAGCCG-1",27
"TGGCTGGGTTACGCGC-1",3
"TGGCTGGGTTGGACCC-1",6
"TGGCTGGTCTCGTTTA-1",2
"TGGGAAGAGATATACG-1",7
"TGGGAAGAGCCCAATT-1",1
"TGGGAAGAGCGCTCCA-1",0
"TGGGAAGAGGGCTTCC-1",22
"TGGGAAGAGTAAGTAC-1",35
"TGGGAAGAGTTAACGA-1",14
"TGGGAAGCAAGGTGTG-1",0
"TGGGAAGCAGATCCAT-1",2
"TGGGAAGCAGCGAACA-1",3
"TGGGAAGGTAAGTTCC-1",3
"TGGGAAGGTTAGATGA-1",15
"TGGGAAGGTTATTCTC-1",14
"TGGGAAGTCCCAAGAT-1",0
"TGGGAAGTCCTTCAAT-1",5
"TGGGAAGTCGTGGACC-1",29
"TGGGAAGTCTCCTATA-1",16
"TGGGCGTAGTCTCCTC-1",34
"TGGGCGTCAGACGTAG-1",6
"TGGGCGTCAGGGATTG-1",2
"TGGGCGTGTCCAAGTT-1",2
"TGGGCGTGTCTAGAGG-1",22
"TGGGCGTGTGGCTCCA-1",6
"TGGGCGTGTTTCGCTC-1",0
"TGGGCGTTCAGCTTAG-1",8
"TGGTTAGAGCTACCTA-1",0
"TGGTTAGAGTTAGGTA-1",2
"TGGTTAGGTGATGATA-1",0
"TGGTTAGGTTCACGGC-1",1
"TGGTTAGTCCCGACTT-1",4
"TGGTTAGTCTTGTATC-1",9
"TGGTTCCAGCCGTCGT-1",0
"TGGTTCCAGTAATCCC-1",17
"TGGTTCCCAAGTTGTC-1",0
"TGGTTCCCAGACAAAT-1",2
"TGGTTCCCAGACAGGT-1",1
"TGGTTCCCAGCTCGAC-1",0
"TGGTTCCCATGTCCTC-1",15
"TGGTTCCCATTTCACT-1",0
"TGGTTCCGTCCAAGTT-1",11
"TGGTTCCTCACATACG-1",1
"TGGTTCCTCAGCTTAG-1",4
"TGGTTCCTCTAACTTC-1",21
"TGGTTCCTCTAGAGTC-1",7
"TGGTTCCTCTGGGCCA-1",2
"TGTATTCAGCCCGAAA-1",1
"TGTATTCAGCGATCCC-1",2
"TGTATTCCAGGGCATA-1",0
"TGTATTCGTAAGAGAG-1",15
"TGTATTCGTTTGTTTC-1",0
"TGTATTCTCAGCATGT-1",5
"TGTATTCTCATCTGTT-1",9
"TGTCCCAAGCAGATCG-1",6
"TGTCCCAAGCTAGTTC-1",0
"TGTCCCAAGCTGAACG-1",6
"TGTCCCAAGTTGTCGT-1",0
"TGTCCCACAGTAAGCG-1",4
"TGTCCCACATCACGTA-1",0
"TGTCCCAGTAAGAGGA-1",0
"TGTCCCAGTAAGTGGC-1",7
"TGTCCCAGTCGGATCC-1",0
"TGTCCCAGTCTCTTTA-1",0
"TGTCCCATCATTTGGG-1",13
"TGTCCCATCTGCAAGT-1",2
"TGTCCCATCTGCGTAA-1",0
"TGTGGTAGTCCCGACA-1",4
"TGTGGTAGTGTGAAAT-1",18
"TGTGGTAGTGTGACGA-1",17
"TGTGGTATCCAGGGCT-1",0
"TGTGGTATCTTGCATT-1",0
"TGTGTTTAGAGGTTAT-1",4
"TGTGTTTAGCGTGAGT-1",1
"TGTGTTTAGTGCGTGA-1",11
"TGTGTTTCATGCGCAC-1",4
"TGTGTTTTCTCATTCA-1",1
"TGTGTTTTCTTTCCTC-1",33
"TGTTCCGAGAGCAATT-1",2
"TGTTCCGAGCAACGGT-1",8
"TGTTCCGAGGAATTAC-1",10
"TGTTCCGAGGACTGGT-1",6
"TGTTCCGCAGTGAGTG-1",8
"TGTTCCGGTGAGTATA-1",0
"TGTTCCGTCAAGCCTA-1",10
"TGTTCCGTCAGTTCGA-1",4
"TGTTCCGTCGGCGGTT-1",27
"TGTTCCGTCTGAAAGA-1",17
"TGTTCCGTCTGGTATG-1",2
"TTAACTCAGTGTACGG-1",12
"TTAACTCCAAGCGCTC-1",0
"TTAACTCCAGGCAGTA-1",13
"TTAACTCGTTCCACAA-1",22
"TTAACTCTCATAAAGG-1",11
"TTAACTCTCCCTCAGT-1",1
"TTAGGACAGCAGGCTA-1",6
"TTAGGACAGCTCTCGG-1",13
"TTAGGACCAAGCCATT-1",0
"TTAGGACCAGTCAGAG-1",4
"TTAGGACGTTTGTTTC-1",1
"TTAGGCAAGAAGATTC-1",1
"TTAGGCAAGAGCCCAA-1",4
"TTAGGCAAGAGTGACC-1",4
"TTAGGCAAGGTTCCTA-1",6
"TTAGGCAAGTCGTTTG-1",3
"TTAGGCAAGTGTACCT-1",7
"TTAGGCACAGACGCTC-1",9
"TTAGGCACATGTTCCC-1",13
"TTAGGCAGTAAGGATT-1",25
"TTAGGCAGTAAGTAGT-1",6
"TTAGGCAGTCTTGATG-1",3
"TTAGGCATCACGCATA-1",9
"TTAGGCATCAGTCAGT-1",2
"TTAGGCATCCAGTATG-1",0
"TTAGGCATCGTTACGA-1",1
"TTAGTTCAGGTGCAAC-1",4
"TTAGTTCCAATGTAAG-1",9
"TTAGTTCCATCCTTGC-1",11
"TTAGTTCGTAGCCTAT-1",3
"TTAGTTCGTGCAGACA-1",15
"TTAGTTCGTGTCAATC-1",0
"TTAGTTCGTTGCCTCT-1",3
"TTAGTTCTCAGGCCCA-1",20
"TTAGTTCTCGCAGGCT-1",17
"TTAGTTCTCTACTATC-1",3
"TTATGCTAGAATGTGT-1",1
"TTATGCTAGCACACAG-1",13
"TTATGCTAGCAGCCTC-1",7
"TTATGCTAGTCCCACG-1",3
"TTATGCTAGTGGTAAT-1",4
"TTATGCTCAGCCAGAA-1",13
"TTATGCTCATACCATG-1",9
"TTATGCTCATGTAGTC-1",23
"TTATGCTGTCCGAGTC-1",0
"TTATGCTTCGATAGAA-1",7
"TTCCCAGAGAATTCCC-1",1
"TTCCCAGAGACTAGAT-1",12
"TTCCCAGAGTATCGAA-1",27
"TTCCCAGCAGATGGGT-1",4
"TTCCCAGCATCAGTAC-1",16
"TTCCCAGCATCTCCCA-1",12
"TTCCCAGCATTACCTT-1",1
"TTCCCAGTCAACACTG-1",14
"TTCCCAGTCGAGAGCA-1",3
"TTCGAAGAGTCTCAAC-1",2
"TTCGAAGCAAGCGCTC-1",7
"TTCGAAGCACATTAGC-1",7
"TTCGAAGCACGGTGTC-1",0
"TTCGGTCAGAGGACGG-1",1
"TTCGGTCAGCACACAG-1",9
"TTCGGTCAGGCCCTCA-1",4
"TTCGGTCAGTGAATTG-1",3
"TTCGGTCAGTTGAGAT-1",21
"TTCGGTCCAAGGGTCA-1",4
"TTCGGTCCACGTCAGC-1",2
"TTCGGTCGTAACGTTC-1",24
"TTCGGTCGTAGAGTGC-1",0
"TTCGGTCGTTCATGGT-1",0
"TTCGGTCGTTCTGTTT-1",0
"TTCGGTCTCAAAGACA-1",13
"TTCGGTCTCCAGTATG-1",4
"TTCGGTCTCGCGTTTC-1",5
"TTCGGTCTCGTCTGAA-1",0
"TTCTACAAGACTAAGT-1",3
"TTCTACAAGCAGCCTC-1",5
"TTCTACAAGCCTTGAT-1",12
"TTCTACAAGGCAGGTT-1",8
"TTCTACAAGGTAAACT-1",4
"TTCTACAAGTTAGGTA-1",2
"TTCTACACACGTGAGA-1",0
"TTCTACACAGCTGTTA-1",0
"TTCTACACATCGATTG-1",9
"TTCTACACATTACGAC-1",4
"TTCTACAGTACCGTTA-1",3
"TTCTACAGTATATGAG-1",8
"TTCTACAGTGGCTCCA-1",2
"TTCTACATCAACGGGA-1",12
"TTCTACATCCGCGTTT-1",20
"TTCTCAAAGAAAGTGG-1",4
"TTCTCAAAGAATCTCC-1",54
"TTCTCAAAGAGGTTAT-1",0
"TTCTCAAAGCAGCCTC-1",11
"TTCTCAAAGCCGCCTA-1",21
"TTCTCAAAGTCAATAG-1",0
"TTCTCAAAGTTGAGAT-1",18
"TTCTCAACACCCAGTG-1",9
"TTCTCAACATTGTGCA-1",1
"TTCTCAAGTATAAACG-1",18
"TTCTCAAGTCCCTTGT-1",10
"TTCTCAAGTCGAGATG-1",2
"TTCTCAATCATCGCTC-1",2
"TTCTCAATCCCTAACC-1",4
"TTCTCAATCGTAGGAG-1",2
"TTCTCCTAGAGTAAGG-1",6
"TTCTCCTAGCGACGTA-1",8
"TTCTCCTAGCGTGAGT-1",26
"TTCTCCTAGTCTCGGC-1",2
"TTCTCCTCAACACGCC-1",9
"TTCTCCTCAATAACGA-1",19
"TTCTCCTGTTAAGAAC-1",0
"TTCTCCTTCAGTTCGA-1",25
"TTCTCCTTCCGTAGGC-1",12
"TTCTCCTTCCTTTCTC-1",16
"TTCTCCTTCTGCAAGT-1",1
"TTCTCCTTCTTCAACT-1",0
"TTCTCCTTCTTGTACT-1",13
"TTCTTAGAGGACTGGT-1",2
"TTCTTAGCAAGGTGTG-1",6
"TTCTTAGCATCGGAAG-1",7
"TTCTTAGGTAGAAGGA-1",4
"TTCTTAGGTCATATGC-1",26
"TTCTTAGTCAGTTCGA-1",24
"TTGAACGGTCACTTCC-1",23
"TTGAACGTCATGTCCC-1",11
"TTGACTTAGCCACGTC-1",14
"TTGACTTAGCGACGTA-1",0
"TTGACTTAGTTAACGA-1",7
"TTGACTTCACTTACGA-1",0
"TTGACTTGTCTCTCTG-1",19
"TTGACTTGTGCGATAG-1",40
"TTGACTTTCCAGAGGA-1",1
"TTGACTTTCTGTCCGT-1",0
"TTGCCGTAGGAGCGTT-1",1
"TTGCCGTAGGTGGGTT-1",0
"TTGCCGTCATGGTCAT-1",9
"TTGCCGTGTACAGACG-1",14
"TTGCGTCAGACAGAGA-1",8
"TTGCGTCAGCTCCTTC-1",12
"TTGCGTCAGTCCATAC-1",17
"TTGCGTCAGTGAATTG-1",9
"TTGCGTCCAAATTGCC-1",22
"TTGCGTCCACTGTGTA-1",1
"TTGCGTCCAGTCACTA-1",0
"TTGCGTCGTCTGATTG-1",0
"TTGGAACAGCCCAATT-1",0
"TTGGAACAGCGTCTAT-1",2
"TTGGAACAGGCGTACA-1",0
"TTGGAACGTATTACCG-1",13
"TTGGAACGTGTGTGCC-1",40
"TTGGAACTCCCATTAT-1",16
"TTGGAACTCCGTAGTA-1",38
"TTGGAACTCGTCCAGG-1",6
"TTGGCAAAGTTAGGTA-1",1
"TTGGCAAGTATAGGTA-1",1
"TTGGCAATCACATGCA-1",2
"TTGGCAATCAGAGCTT-1",19
"TTGGCAATCGCATGAT-1",3
"TTGGCAATCTAGAGTC-1",6
"TTGTAGGAGGTGCTAG-1",5
"TTGTAGGCACACGCTG-1",6
"TTGTAGGGTCTCCCTA-1",7
"TTGTAGGGTGGTAACG-1",0
"TTGTAGGTCGGCGCTA-1",7
"TTGTAGGTCTGCCAGG-1",4
"TTTACTGAGATCACGG-1",4
"TTTACTGCAAAGCAAT-1",2
"TTTACTGCACATGGGA-1",9
"TTTACTGCACCACGTG-1",1
"TTTACTGCATGGGACA-1",0
"TTTACTGCATGTCCTC-1",7
"TTTACTGGTAACGTTC-1",0
"TTTACTGGTGGTGTAG-1",10
"TTTACTGGTTCGCTAA-1",4
"TTTACTGTCTGGAGCC-1",19
"TTTATGCAGACTGTAA-1",1
"TTTATGCAGATGCGAC-1",0
"TTTATGCAGGCAAAGA-1",18
"TTTATGCAGGCCCGTT-1",6
"TTTATGCAGTTCCACA-1",15
"TTTATGCCAAACGCGA-1",13
"TTTATGCCAATCTGCA-1",19
"TTTATGCCACAGGTTT-1",7
"TTTATGCCAGCCAATT-1",23
"TTTATGCCAGGTCGTC-1",7
"TTTATGCCATGGTCAT-1",15
"TTTATGCTCACATAGC-1",20
"TTTATGCTCACCTTAT-1",3
"TTTATGCTCGGCGGTT-1",2
"TTTATGCTCTCGCTTG-1",4
"TTTCCTCAGCGTGAAC-1",5
"TTTCCTCAGGACTGGT-1",9
"TTTCCTCCAAAGTGCG-1",1
"TTTCCTCCAGGAATGC-1",12
"TTTCCTCCATTAGCCA-1",13
"TTTCCTCGTCCGAAGA-1",1
"TTTCCTCGTCGCTTTC-1",8
"TTTCCTCTCGGCCGAT-1",17
"TTTCCTCTCGTGTAGT-1",2
"TTTGCGCAGCTAAACA-1",6
"TTTGCGCAGCTAGTCT-1",9
"TTTGCGCAGGCCGAAT-1",6
"TTTGCGCAGTCAAGGC-1",2
"TTTGCGCCAAGTAGTA-1",1
"TTTGCGCCAGGTGCCT-1",13
"TTTGCGCGTCTAAACC-1",5
"TTTGCGCTCAAAGTAG-1",19
"TTTGCGCTCATGTAGC-1",1
"TTTGGTTAGAATGTGT-1",1
"TTTGGTTAGACAATAC-1",14
"TTTGGTTAGCGATTCT-1",7
"TTTGGTTAGGCTCAGA-1",0
"TTTGGTTAGTTACCCA-1",20
"TTTGGTTCAAACTGCT-1",31
"TTTGGTTCAAGCTGTT-1",0
"TTTGGTTCAGATCGGA-1",25
"TTTGGTTCATCACAAC-1",1
"TTTGGTTGTACTTCTT-1",6
"TTTGGTTGTATGCTTG-1",3
"TTTGGTTGTGCTTCTC-1",4
"TTTGGTTTCATGCTCC-1",12
"TTTGGTTTCCCTGACT-1",8
"TTTGTCAAGAGTCGGT-1",22
"TTTGTCACAAGTTCTG-1",7
"TTTGTCACAAGTTGTC-1",1
"TTTGTCACACTCTGTC-1",47
"TTTGTCATCACCTTAT-1",6
"TTTGTCATCCATTCTA-1",24
"TTTGTCATCCTTAATC-1",3
"TTTGTCATCTTATCTG-1",11
