"cell_barcode","expression"
"AAACCTGAGACAGAGA-1",0
"AAACCTGAGACTTTCG-1",2
"AAACCTGAGAGTAAGG-1",0
"AAACCTGAGAGTCGGT-1",1
"AAACCTGAGGATGGAA-1",1
"AAACCTGAGTAGATGT-1",0
"AAACCTGCAATCAGAA-1",3
"AAACCTGCACCGATAT-1",4
"AAACCTGCAGACGTAG-1",1
"AAACCTGCAGTATCTG-1",0
"AAACCTGCATAGTAAG-1",0
"AAACCTGCATGAACCT-1",0
"AAACCTGGTAAGAGGA-1",2
"AAACCTGGTCCAACTA-1",1
"AAACCTGTCCGTAGTA-1",0
"AAACCTGTCGAGAGCA-1",2
"AAACGGGAGTACGACG-1",0
"AAACGGGCAAGGTTTC-1",2
"AAACGGGCACGTCAGC-1",0
"AAACGGGCAGCGTTCG-1",2
"AAACGGGGTAGCCTCG-1",0
"AAACGGGGTCTACCTC-1",0
"AAACGGGGTGCGGTAA-1",1
"AAACGGGGTTGTCGCG-1",0
"AAACGGGTCCATGAGT-1",0
"AAACGGGTCCCAACGG-1",0
"AAACGGGTCCCATTAT-1",1
"AAAGATGCAGTCAGCC-1",1
"AAAGATGCATCTACGA-1",0
"AAAGCAAAGCGTCTAT-1",1
"AAAGCAACATGTCGAT-1",3
"AAAGCAAGTAGCTGCC-1",0
"AAAGCAAGTAGGCATG-1",0
"AAAGCAAGTGCGCTTG-1",1
"AAAGCAAGTTATTCTC-1",0
"AAAGCAATCCGTAGTA-1",3
"AAAGTAGAGATGTGTA-1",1
"AAAGTAGAGTGGGCTA-1",0
"AAAGTAGGTATATGGA-1",1
"AAAGTAGGTGAGCGAT-1",1
"AAAGTAGGTTGAGGTG-1",0
"AAATGCCAGCCCTAAT-1",1
"AAATGCCAGCGTGTCC-1",0
"AAATGCCCAACACCTA-1",4
"AAATGCCGTAGGAGTC-1",1
"AAATGCCGTCTTTCAT-1",0
"AAATGCCGTGGTCCGT-1",0
"AAATGCCGTTCCCGAG-1",0
"AAATGCCTCATAGCAC-1",1
"AAATGCCTCGCTTAGA-1",2
"AACACGTAGAATTCCC-1",0
"AACACGTAGCCCTAAT-1",1
"AACACGTAGGGTGTGT-1",0
"AACACGTCACTGTCGG-1",0
"AACACGTCATCCCATC-1",3
"AACACGTGTGCAACGA-1",0
"AACACGTGTGTCGCTG-1",1
"AACCATGAGCGCTTAT-1",1
"AACCATGGTCCGTTAA-1",1
"AACCATGTCAGTTCGA-1",0
"AACCATGTCATCGATG-1",0
"AACCATGTCCCAAGTA-1",0
"AACCGCGAGAAGCCCA-1",1
"AACCGCGAGACTGGGT-1",0
"AACCGCGAGAGGTACC-1",0
"AACCGCGAGTTAGGTA-1",0
"AACCGCGAGTTGCAGG-1",1
"AACCGCGCACGGTAGA-1",1
"AACCGCGCAGCATGAG-1",1
"AACCGCGCAGCCTGTG-1",2
"AACCGCGCAGCTGTGC-1",2
"AACCGCGCAGTATGCT-1",0
"AACCGCGGTACTTGAC-1",1
"AACCGCGGTCTGCAAT-1",0
"AACCGCGTCACATGCA-1",2
"AACCGCGTCACCGTAA-1",0
"AACCGCGTCCAGAGGA-1",1
"AACCGCGTCCGAAGAG-1",1
"AACCGCGTCGATCCCT-1",0
"AACGTTGAGCGATAGC-1",0
"AACGTTGAGCGATCCC-1",1
"AACGTTGAGCTTATCG-1",2
"AACGTTGCAAGTTGTC-1",1
"AACGTTGCAATAGAGT-1",0
"AACGTTGCAATGGATA-1",1
"AACGTTGCATGGATGG-1",0
"AACGTTGCATTCTCAT-1",0
"AACGTTGTCAACACGT-1",2
"AACGTTGTCGAGGTAG-1",1
"AACGTTGTCGGTCCGA-1",2
"AACTCAGAGAGCTATA-1",0
"AACTCAGAGAGTCGGT-1",1
"AACTCAGAGCCACCTG-1",0
"AACTCAGAGCCCAATT-1",0
"AACTCAGCAAACAACA-1",0
"AACTCAGCACAAGCCC-1",0
"AACTCAGCACGGTTTA-1",2
"AACTCAGCAGGATCGA-1",0
"AACTCAGCATAAAGGT-1",1
"AACTCAGGTTCCACAA-1",2
"AACTCAGTCGTACCGG-1",0
"AACTCCCAGCCCAGCT-1",1
"AACTCCCAGCTAAGAT-1",5
"AACTCCCCAAACGCGA-1",0
"AACTCCCCATGGTCTA-1",4
"AACTCCCGTTGCGCAC-1",0
"AACTCCCTCAAGAAGT-1",2
"AACTCCCTCAAGCCTA-1",1
"AACTCCCTCATCGCTC-1",0
"AACTCCCTCTGCAGTA-1",1
"AACTCCCTCTGGCGTG-1",0
"AACTCTTAGCAGACTG-1",1
"AACTCTTAGTCCGGTC-1",1
"AACTCTTCATGCTAGT-1",1
"AACTCTTGTCGAATCT-1",1
"AACTCTTGTCGGGTCT-1",0
"AACTCTTTCCTCAATT-1",0
"AACTCTTTCTCAAACG-1",2
"AACTCTTTCTCCAGGG-1",1
"AACTCTTTCTCTGCTG-1",1
"AACTGGTAGAAGATTC-1",1
"AACTGGTAGAGACTAT-1",0
"AACTGGTAGCCAACAG-1",0
"AACTGGTAGTGTACTC-1",1
"AACTGGTCACTGAAGG-1",0
"AACTGGTGTCCGAACC-1",0
"AACTGGTTCGGAGCAA-1",2
"AACTGGTTCGTGGGAA-1",2
"AACTGGTTCTGCTTGC-1",0
"AACTTTCAGCGTGAAC-1",0
"AACTTTCAGTATCTCG-1",0
"AACTTTCAGTTTCCTT-1",2
"AACTTTCCATCCTTGC-1",2
"AACTTTCGTCTAGAGG-1",2
"AACTTTCGTCTCTTTA-1",1
"AACTTTCGTTTGTTTC-1",1
"AAGACCTAGGGCTTCC-1",0
"AAGACCTAGTACACCT-1",2
"AAGACCTGTATATGAG-1",1
"AAGACCTGTATCAGTC-1",2
"AAGACCTGTCCGTGAC-1",5
"AAGACCTGTCGAAAGC-1",2
"AAGACCTTCGCCATAA-1",1
"AAGCCGCAGATCTGAA-1",2
"AAGCCGCAGGGTGTTG-1",0
"AAGCCGCAGTGGACGT-1",2
"AAGCCGCAGTGTACTC-1",1
"AAGCCGCCACGCTTTC-1",0
"AAGCCGCCAGGACGTA-1",1
"AAGCCGCGTACAGTTC-1",2
"AAGCCGCGTCATTAGC-1",1
"AAGCCGCTCACGAAGG-1",1
"AAGCCGCTCAGTTAGC-1",0
"AAGCCGCTCGCAAACT-1",1
"AAGCCGCTCGTCGTTC-1",0
"AAGCCGCTCTTACCGC-1",1
"AAGGAGCAGAAACCGC-1",2
"AAGGAGCAGGCATGTG-1",2
"AAGGAGCAGGCGCTCT-1",1
"AAGGAGCAGTTGAGTA-1",3
"AAGGAGCCACGGCGTT-1",0
"AAGGAGCGTAGCGCAA-1",0
"AAGGAGCGTCTGCAAT-1",0
"AAGGAGCTCGTCTGCT-1",1
"AAGGCAGAGAACTGTA-1",3
"AAGGCAGAGAGATGAG-1",3
"AAGGCAGAGGTGATAT-1",0
"AAGGCAGCATAGTAAG-1",0
"AAGGCAGGTACTTCTT-1",0
"AAGGCAGGTGTGCCTG-1",2
"AAGGCAGTCAGATAAG-1",0
"AAGGCAGTCGGAATCT-1",0
"AAGGTTCAGTATCTCG-1",0
"AAGGTTCCATCACGTA-1",0
"AAGGTTCGTATATGGA-1",0
"AAGGTTCGTCCGAATT-1",1
"AAGGTTCGTCGACTAT-1",0
"AAGGTTCGTGTGACCC-1",1
"AAGGTTCTCCGTCATC-1",0
"AAGGTTCTCCTCGCAT-1",0
"AAGGTTCTCTGCGGCA-1",2
"AAGTCTGAGCCATCGC-1",0
"AAGTCTGAGTCAAGCG-1",0
"AAGTCTGCAAAGGAAG-1",0
"AAGTCTGGTCAGCTAT-1",1
"AAGTCTGTCAAACAAG-1",3
"AAGTCTGTCACTGGGC-1",1
"AAGTCTGTCAGCAACT-1",0
"AATCCAGCAAAGTGCG-1",2
"AATCCAGCAGCATACT-1",2
"AATCCAGGTAGGCATG-1",0
"AATCCAGGTCTCCCTA-1",1
"AATCCAGTCCGAATGT-1",0
"AATCGGTAGGCATGGT-1",4
"AATCGGTTCCTGTACC-1",2
"AATCGGTTCGCCGTGA-1",3
"ACACCAAAGATGAGAG-1",2
"ACACCAAAGCCCTAAT-1",2
"ACACCAAAGGATGGTC-1",3
"ACACCAAAGTGTCCAT-1",2
"ACACCAACACTTCGAA-1",2
"ACACCAACAGACGCTC-1",3
"ACACCAACAGCCTATA-1",0
"ACACCAAGTCGCGTGT-1",0
"ACACCAAGTCTAAACC-1",0
"ACACCAAGTTATGTGC-1",0
"ACACCAATCGCGTTTC-1",0
"ACACCCTAGCCAGGAT-1",0
"ACACCCTAGTACTTGC-1",0
"ACACCCTCAAGCGCTC-1",2
"ACACCCTCATCACAAC-1",1
"ACACCCTCATGCCCGA-1",0
"ACACCCTGTCTGGTCG-1",1
"ACACCCTTCCGCAAGC-1",1
"ACACCCTTCCTTGCCA-1",0
"ACACCCTTCTATCCTA-1",5
"ACACCCTTCTGGCGTG-1",1
"ACACCGGAGGCTCAGA-1",1
"ACACCGGAGTGACATA-1",1
"ACACCGGAGTTACCCA-1",1
"ACACCGGCAAGCCGTC-1",0
"ACACCGGCACCAGATT-1",2
"ACACCGGCACCGAAAG-1",1
"ACACCGGCATCACAAC-1",3
"ACACCGGTCCGCATAA-1",0
"ACACCGGTCTCGGACG-1",0
"ACACCGGTCTCTGTCG-1",0
"ACACTGAAGCACGCCT-1",0
"ACACTGAAGGTGATTA-1",1
"ACACTGACAATAGAGT-1",3
"ACACTGACAGACTCGC-1",0
"ACACTGACATCCAACA-1",0
"ACACTGAGTCCGAAGA-1",3
"ACACTGAGTGTTTGTG-1",0
"ACACTGAGTTTGACTG-1",1
"ACAGCCGAGGAATGGA-1",3
"ACAGCCGAGGCCCGTT-1",0
"ACAGCCGAGGTGCTTT-1",1
"ACAGCCGAGTGGTAGC-1",0
"ACAGCCGCATATACGC-1",2
"ACAGCCGCATGCAACT-1",0
"ACAGCCGGTAGGGTAC-1",2
"ACAGCCGGTCGAATCT-1",0
"ACAGCCGGTTCACCTC-1",0
"ACAGCCGGTTCCACTC-1",2
"ACAGCCGTCCAGAAGG-1",0
"ACAGCCGTCTTTACAC-1",2
"ACAGCTAAGCACCGCT-1",1
"ACAGCTAAGTATCTCG-1",1
"ACAGCTAAGTGTTGAA-1",2
"ACAGCTACATCGTCGG-1",0
"ACAGCTAGTCGACTAT-1",4
"ACAGCTAGTGGTACAG-1",0
"ACAGCTATCACCACCT-1",1
"ACAGCTATCTGCTTGC-1",2
"ACATACGAGAGCTTCT-1",0
"ACATACGAGCGTAGTG-1",0
"ACATACGAGCTTCGCG-1",0
"ACATACGAGCTTTGGT-1",1
"ACATACGCAAACGTGG-1",0
"ACATACGCAAGCCTAT-1",2
"ACATACGCATCTCCCA-1",1
"ACATACGCATTCTCAT-1",0
"ACATACGGTAGGAGTC-1",1
"ACATACGGTGCACCAC-1",0
"ACATACGGTGGTTTCA-1",0
"ACATACGTCGTATCAG-1",0
"ACATCAGAGCCACTAT-1",0
"ACATCAGAGCCTTGAT-1",0
"ACATCAGCAACACCCG-1",0
"ACATCAGCAACGATGG-1",0
"ACATCAGCAATTGCTG-1",2
"ACATCAGCACCGGAAA-1",0
"ACATCAGCATAAAGGT-1",0
"ACATCAGCATCCCACT-1",1
"ACATCAGCATTTGCCC-1",2
"ACATCAGGTAAGGATT-1",0
"ACATCAGGTCCGTGAC-1",0
"ACATCAGGTTAAGTAG-1",0
"ACATCAGTCAAACCGT-1",1
"ACATGGTAGCATGGCA-1",1
"ACATGGTAGCTGTTCA-1",2
"ACATGGTCACTTGGAT-1",0
"ACATGGTGTCAGATAA-1",2
"ACATGGTGTCTGCGGT-1",0
"ACATGGTGTGCAACTT-1",0
"ACATGGTTCCGCAAGC-1",1
"ACATGGTTCCTCCTAG-1",3
"ACATGGTTCTGGAGCC-1",1
"ACATGGTTCTTCTGGC-1",0
"ACCAGTAAGATCACGG-1",2
"ACCAGTAAGCTTCGCG-1",1
"ACCAGTACACAGATTC-1",0
"ACCAGTACACAGGCCT-1",0
"ACCAGTACAGTATGCT-1",0
"ACCAGTACAGTCAGAG-1",2
"ACCAGTACAGTTTACG-1",2
"ACCAGTAGTCACCCAG-1",0
"ACCAGTAGTCCATCCT-1",1
"ACCAGTAGTCTTCAAG-1",0
"ACCAGTAGTGGACGAT-1",2
"ACCAGTATCTGCGACG-1",1
"ACCAGTATCTGCTTGC-1",0
"ACCAGTATCTGTTTGT-1",1
"ACCCACTAGAGGTTAT-1",1
"ACCCACTAGATCCCGC-1",1
"ACCCACTAGATGTGTA-1",0
"ACCCACTAGCCCAATT-1",0
"ACCCACTCAAGGGTCA-1",0
"ACCCACTCAAGGTTCT-1",1
"ACCCACTGTAAATGAC-1",0
"ACCCACTGTAGCCTCG-1",1
"ACCCACTGTCAAAGAT-1",1
"ACCCACTGTCAATACC-1",0
"ACCCACTGTGTGGTTT-1",1
"ACCCACTTCGCAAACT-1",1
"ACCCACTTCTGCCAGG-1",3
"ACCGTAACAATCGGTT-1",2
"ACCGTAACAATCTACG-1",3
"ACCGTAACAGGTCCAC-1",2
"ACCGTAAGTACAGCAG-1",2
"ACCGTAAGTCATGCAT-1",0
"ACCGTAAGTGAGTGAC-1",3
"ACCGTAAGTTAAGAAC-1",2
"ACCGTAAGTTCCGTCT-1",2
"ACCGTAATCACATAGC-1",1
"ACCGTAATCATGTGGT-1",1
"ACCGTAATCTGAAAGA-1",1
"ACCTTTACAATCGGTT-1",0
"ACCTTTACACGGACAA-1",0
"ACCTTTACAGCAGTTT-1",0
"ACCTTTACATGCAACT-1",1
"ACCTTTACATTTCAGG-1",2
"ACCTTTAGTGAACCTT-1",2
"ACCTTTAGTTCCACTC-1",0
"ACCTTTATCTCTAGGA-1",0
"ACGAGCCAGGCAGGTT-1",0
"ACGAGCCCACAGGCCT-1",0
"ACGAGCCCATGGAATA-1",3
"ACGAGCCGTGCACGAA-1",1
"ACGAGCCGTGTGACCC-1",0
"ACGAGCCGTTGGTTTG-1",0
"ACGAGCCTCAGTCCCT-1",0
"ACGAGCCTCGCAAACT-1",2
"ACGAGGACACTACAGT-1",0
"ACGAGGACATGTAGTC-1",0
"ACGAGGAGTACACCGC-1",2
"ACGAGGAGTGCCTGCA-1",3
"ACGAGGAGTTCTGAAC-1",1
"ACGAGGATCTGCGGCA-1",1
"ACGATACAGAGTGACC-1",2
"ACGATACAGCGCCTTG-1",1
"ACGATACAGTGATCGG-1",0
"ACGATACCACGTTGGC-1",0
"ACGATACCATTGGGCC-1",0
"ACGATACGTCGAATCT-1",2
"ACGATACTCTGACCTC-1",1
"ACGATGTAGTGCGATG-1",1
"ACGATGTAGTTGAGAT-1",0
"ACGATGTCAACGCACC-1",0
"ACGATGTCACACGCTG-1",1
"ACGATGTGTATTCTCT-1",2
"ACGATGTGTCAGTGGA-1",0
"ACGATGTGTGACTACT-1",0
"ACGATGTGTGTCGCTG-1",0
"ACGATGTTCGCGTAGC-1",0
"ACGATGTTCTCTTATG-1",1
"ACGCAGCAGCGGCTTC-1",1
"ACGCAGCAGCTGCGAA-1",3
"ACGCAGCAGTGTACGG-1",1
"ACGCAGCCACCTCGTT-1",0
"ACGCAGCCATCGACGC-1",1
"ACGCAGCCATTACCTT-1",3
"ACGCAGCGTCCATGAT-1",1
"ACGCAGCGTCTACCTC-1",1
"ACGCAGCGTCTGGTCG-1",1
"ACGCAGCGTGCGATAG-1",2
"ACGCCAGCAAAGCAAT-1",1
"ACGCCAGCAACGCACC-1",0
"ACGCCAGCACGAGAGT-1",0
"ACGCCAGCAGTGAGTG-1",0
"ACGCCAGGTGCACTTA-1",1
"ACGCCAGGTGTGCGTC-1",0
"ACGCCAGTCACAGGCC-1",1
"ACGCCAGTCAGTGTTG-1",0
"ACGCCGAAGAAACGCC-1",0
"ACGCCGAAGATCTGCT-1",2
"ACGCCGACAGCCTGTG-1",1
"ACGCCGAGTTCCAACA-1",0
"ACGCCGATCCTATGTT-1",5
"ACGCCGATCGCAGGCT-1",3
"ACGCCGATCTTGTATC-1",0
"ACGGAGAAGCCAGTTT-1",0
"ACGGAGAAGGTCATCT-1",0
"ACGGAGACACACATGT-1",1
"ACGGAGACAGCCTGTG-1",1
"ACGGAGACAGCGTAAG-1",3
"ACGGAGACAGTAAGCG-1",2
"ACGGAGAGTGTGACGA-1",0
"ACGGAGATCCACGAAT-1",0
"ACGGCCACACATCCAA-1",0
"ACGGCCACACATTCGA-1",0
"ACGGCCAGTACCGTAT-1",0
"ACGGCCAGTGTATGGG-1",3
"ACGGCCATCACGGTTA-1",1
"ACGGCCATCAGTGTTG-1",2
"ACGGCCATCTACTATC-1",0
"ACGGGCTAGGATCGCA-1",2
"ACGGGCTAGGTTCCTA-1",0
"ACGGGCTAGTGGCACA-1",0
"ACGGGCTCATCTGGTA-1",0
"ACGGGCTGTGAGGCTA-1",2
"ACGGGCTTCCGAACGC-1",0
"ACGGGTCAGATGCCAG-1",0
"ACGGGTCCATGATCCA-1",0
"ACGGGTCCATTAGGCT-1",0
"ACGGGTCCATTTCACT-1",0
"ACGGGTCGTTAGGGTG-1",1
"ACGGGTCTCAACACCA-1",1
"ACGGGTCTCCACGCAG-1",0
"ACGTCAAAGGGCTTCC-1",0
"ACGTCAAAGTGGTAAT-1",1
"ACGTCAACAACTGCGC-1",1
"ACGTCAACACAAGACG-1",2
"ACGTCAAGTAGCTCCG-1",1
"ACGTCAAGTGTCGCTG-1",1
"ACGTCAAGTTATGCGT-1",1
"ACGTCAATCAACCAAC-1",0
"ACGTCAATCATAACCG-1",0
"ACGTCAATCCAGAAGG-1",0
"ACGTCAATCTAACTCT-1",0
"ACTATCTAGAGGTTAT-1",0
"ACTATCTAGATACACA-1",2
"ACTATCTAGGAGTAGA-1",1
"ACTATCTAGGCATGTG-1",0
"ACTATCTCAAATACAG-1",0
"ACTATCTCAAATTGCC-1",0
"ACTATCTGTAGGGACT-1",1
"ACTATCTGTCGCGTGT-1",0
"ACTATCTGTGCACGAA-1",0
"ACTATCTGTGGTTTCA-1",1
"ACTATCTTCGCCGTGA-1",1
"ACTGAACAGAGTGAGA-1",1
"ACTGAACAGATCCCGC-1",1
"ACTGAACAGGTGATAT-1",1
"ACTGAACCAAAGCGGT-1",0
"ACTGAACCAAGCGAGT-1",0
"ACTGAACCAATTCCTT-1",1
"ACTGAACCAGCTGGCT-1",1
"ACTGAACCAGTCTTCC-1",0
"ACTGAACCATTACCTT-1",0
"ACTGAACGTAAGCACG-1",3
"ACTGAACGTAATCGTC-1",0
"ACTGAACGTCCAGTAT-1",0
"ACTGAACGTCTGATCA-1",0
"ACTGAACTCCCACTTG-1",2
"ACTGAGTAGCCGGTAA-1",2
"ACTGAGTCAGTGGGAT-1",1
"ACTGAGTCATTTGCCC-1",0
"ACTGAGTGTAGAGCTG-1",0
"ACTGAGTGTTGTGGCC-1",0
"ACTGAGTTCAGGTTCA-1",1
"ACTGATGAGACAGACC-1",2
"ACTGATGAGCGGATCA-1",2
"ACTGATGAGGTGCTTT-1",1
"ACTGATGCAGCAGTTT-1",1
"ACTGATGCATCACAAC-1",2
"ACTGATGGTCATGCAT-1",1
"ACTGATGTCACAATGC-1",1
"ACTGATGTCACTCCTG-1",0
"ACTGATGTCCCTGACT-1",3
"ACTGATGTCCGCTGTT-1",0
"ACTGATGTCCGGCACA-1",3
"ACTGATGTCCTATTCA-1",1
"ACTGCTCAGAGCTTCT-1",1
"ACTGCTCAGATGCCTT-1",1
"ACTGCTCCACACCGCA-1",2
"ACTGCTCCAGATGGGT-1",1
"ACTGCTCCATGCCTAA-1",2
"ACTGCTCGTAGGCATG-1",0
"ACTGCTCGTATCACCA-1",0
"ACTGCTCGTCCGAAGA-1",0
"ACTGCTCTCCGAGCCA-1",0
"ACTGTCCAGAGGGCTT-1",0
"ACTGTCCAGCAGCGTA-1",0
"ACTGTCCAGGCATGGT-1",3
"ACTGTCCCAAGGTTTC-1",0
"ACTGTCCCAAGTACCT-1",1
"ACTGTCCCAGTATCTG-1",1
"ACTGTCCCATAGAAAC-1",1
"ACTGTCCGTTGAGGTG-1",1
"ACTGTCCTCCACGTGG-1",5
"ACTGTCCTCCTTGGTC-1",2
"ACTGTCCTCTCTGTCG-1",1
"ACTTACTAGCGATAGC-1",2
"ACTTACTAGGGATGGG-1",0
"ACTTACTCACAGACAG-1",0
"ACTTACTCACATTTCT-1",0
"ACTTACTGTACTCAAC-1",1
"ACTTACTGTTCCACAA-1",1
"ACTTACTTCATCGGAT-1",1
"ACTTGTTAGACAAGCC-1",0
"ACTTGTTAGCTAGCCC-1",0
"ACTTGTTAGTTACCCA-1",1
"ACTTGTTCACGACGAA-1",0
"ACTTGTTCACGGCTAC-1",1
"ACTTGTTGTATCGCAT-1",1
"ACTTGTTGTGGTAACG-1",4
"ACTTGTTGTTGTGGAG-1",1
"ACTTGTTTCATCACCC-1",1
"ACTTTCACATGGTCAT-1",1
"ACTTTCAGTGACTACT-1",2
"ACTTTCATCGCCAGCA-1",0
"AGAATAGAGCTGAACG-1",2
"AGAATAGAGCTGTCTA-1",0
"AGAATAGAGGTAGCTG-1",1
"AGAATAGCATGGTCTA-1",2
"AGAATAGGTAATCGTC-1",0
"AGAATAGGTATTCTCT-1",0
"AGAATAGGTGCGGTAA-1",0
"AGAATAGGTTAAGAAC-1",2
"AGAATAGTCAGGCCCA-1",0
"AGACGTTAGAATGTGT-1",2
"AGACGTTAGCTCCTCT-1",2
"AGACGTTAGTGCCAGA-1",2
"AGACGTTCAGGATCGA-1",2
"AGACGTTGTAGCTGCC-1",3
"AGACGTTGTCTGCAAT-1",0
"AGACGTTGTTCTGTTT-1",2
"AGACGTTTCGCATGGC-1",3
"AGACGTTTCGCTTAGA-1",3
"AGAGCGACAACTTGAC-1",1
"AGAGCGACAAGTACCT-1",0
"AGAGCGACACAACGTT-1",0
"AGAGCGACATGAGCGA-1",2
"AGAGCGAGTCAGTGGA-1",0
"AGAGCGAGTCGACTGC-1",1
"AGAGCGAGTTGAGTTC-1",1
"AGAGCGATCGCGTAGC-1",1
"AGAGCGATCTATCCTA-1",0
"AGAGCGATCTCGCTTG-1",2
"AGAGCTTAGCCGTCGT-1",1
"AGAGCTTAGTACACCT-1",0
"AGAGCTTAGTCATGCT-1",0
"AGAGCTTGTAGAGCTG-1",0
"AGAGCTTGTATCACCA-1",2
"AGAGCTTTCACTATTC-1",0
"AGAGCTTTCCTGCAGG-1",0
"AGAGCTTTCGCAAACT-1",1
"AGAGCTTTCGCTTAGA-1",0
"AGAGTGGAGAGCCTAG-1",0
"AGAGTGGAGGCCCTTG-1",4
"AGAGTGGAGGTACTCT-1",2
"AGAGTGGCACAAGACG-1",1
"AGAGTGGCACCTCGTT-1",1
"AGAGTGGCATCCGGGT-1",0
"AGAGTGGCATCTGGTA-1",1
"AGAGTGGGTCAGCTAT-1",6
"AGAGTGGGTCCTCCAT-1",1
"AGAGTGGGTCTAGTCA-1",3
"AGAGTGGGTTACCGAT-1",1
"AGATCTGAGGTGGGTT-1",2
"AGATCTGAGTCAAGGC-1",0
"AGATCTGCAATGTTGC-1",0
"AGATCTGTCGAATCCA-1",1
"AGATCTGTCTGCAGTA-1",0
"AGATTGCAGGCTACGA-1",2
"AGATTGCCACGACGAA-1",3
"AGATTGCCAGATGGGT-1",2
"AGATTGCGTAGAGCTG-1",0
"AGATTGCGTGATGTCT-1",0
"AGATTGCGTGTTCGAT-1",0
"AGATTGCGTTCACGGC-1",1
"AGATTGCTCACTGGGC-1",1
"AGATTGCTCATCTGTT-1",1
"AGCAGCCAGCTGATAA-1",1
"AGCAGCCCACCGAAAG-1",2
"AGCAGCCGTCGACTGC-1",1
"AGCAGCCGTCGCTTTC-1",0
"AGCAGCCGTCTAACGT-1",0
"AGCAGCCGTGTGAAAT-1",1
"AGCAGCCGTTTGTTGG-1",0
"AGCAGCCTCCAAACAC-1",2
"AGCATACAGTGGTAGC-1",0
"AGCATACAGTTGTCGT-1",0
"AGCATACGTCTTCTCG-1",0
"AGCATACGTTAAGTAG-1",2
"AGCATACTCCGTTGCT-1",0
"AGCCTAAAGATATGGT-1",1
"AGCCTAACAAAGCGGT-1",2
"AGCCTAACAGATAATG-1",0
"AGCCTAAGTACGAAAT-1",0
"AGCCTAAGTCACCTAA-1",2
"AGCCTAAGTGTGCCTG-1",0
"AGCCTAATCACCCGAG-1",4
"AGCCTAATCCAATGGT-1",0
"AGCCTAATCCTTGGTC-1",0
"AGCCTAATCTGTGCAA-1",1
"AGCCTAATCTGTTTGT-1",1
"AGCGGTCAGCGAAGGG-1",0
"AGCGGTCAGGTACTCT-1",0
"AGCGGTCAGTGACTCT-1",1
"AGCGGTCCAGCCTTGG-1",2
"AGCGGTCGTCCTAGCG-1",0
"AGCGGTCGTGGTGTAG-1",0
"AGCGGTCGTTAAGGGC-1",1
"AGCGGTCGTTTGCATG-1",3
"AGCGGTCTCCGAAGAG-1",0
"AGCGGTCTCCTCAATT-1",0
"AGCGGTCTCTGGGCCA-1",2
"AGCGTATAGAACTGTA-1",2
"AGCGTATAGCGATGAC-1",1
"AGCGTATAGGTACTCT-1",1
"AGCGTATGTTGAGGTG-1",0
"AGCGTATTCCAGAGGA-1",0
"AGCGTCGAGTTGAGTA-1",2
"AGCGTCGCAGGGATTG-1",1
"AGCGTCGTCTGAAAGA-1",1
"AGCTCCTAGACCTAGG-1",4
"AGCTCCTAGCGTTTAC-1",0
"AGCTCCTGTGTTTGTG-1",1
"AGCTCCTGTTGTCTTT-1",0
"AGCTCCTTCCGAATGT-1",0
"AGCTCCTTCTTGACGA-1",4
"AGCTCTCAGCGGATCA-1",1
"AGCTCTCAGCTGTTCA-1",0
"AGCTCTCAGGTGCTAG-1",1
"AGCTCTCCATACAGCT-1",1
"AGCTCTCGTCAGAGGT-1",0
"AGCTCTCGTGGGTCAA-1",2
"AGCTCTCTCACAACGT-1",1
"AGCTCTCTCTTGACGA-1",1
"AGCTTGAAGCATCATC-1",0
"AGCTTGAAGTAGCGGT-1",0
"AGCTTGAAGTTGTCGT-1",0
"AGCTTGACAATCCAAC-1",1
"AGCTTGACACCGATAT-1",2
"AGCTTGAGTCTACCTC-1",0
"AGCTTGAGTGCGCTTG-1",1
"AGCTTGAGTTACGCGC-1",0
"AGCTTGATCCTGCCAT-1",1
"AGCTTGATCTGCAAGT-1",0
"AGGCCACAGAGTAAGG-1",1
"AGGCCACAGGGTCTCC-1",0
"AGGCCACAGTACTTGC-1",2
"AGGCCACCAGGACCCT-1",0
"AGGCCACCATCAGTCA-1",2
"AGGCCACTCATGCTCC-1",0
"AGGCCACTCATGGTCA-1",0
"AGGCCACTCATTGCGA-1",3
"AGGCCGTAGGATCGCA-1",0
"AGGCCGTCACGTAAGG-1",2
"AGGCCGTCAGCTCGAC-1",0
"AGGCCGTCATCGTCGG-1",2
"AGGCCGTTCACGGTTA-1",0
"AGGCCGTTCGAACTGT-1",0
"AGGCCGTTCTCAAGTG-1",0
"AGGCCGTTCTGCTTGC-1",2
"AGGGAGTAGCCCAACC-1",0
"AGGGAGTAGGAGTACC-1",0
"AGGGAGTAGGCAGGTT-1",1
"AGGGAGTCACGAGAGT-1",0
"AGGGAGTCAGAAGCAC-1",1
"AGGGAGTCAGATCCAT-1",1
"AGGGAGTCATCGACGC-1",0
"AGGGAGTCATGCTAGT-1",0
"AGGGAGTGTCCATGAT-1",1
"AGGGAGTTCATAACCG-1",0
"AGGGATGAGCTCTCGG-1",0
"AGGGATGAGGAGTAGA-1",0
"AGGGATGAGTAGCGGT-1",2
"AGGGATGCAATGAATG-1",2
"AGGGATGCAATGGAGC-1",0
"AGGGATGCACAAGACG-1",0
"AGGGATGCACATTTCT-1",2
"AGGGATGCATGGTCTA-1",0
"AGGGATGGTTAAAGTG-1",2
"AGGGATGGTTATGCGT-1",0
"AGGGATGTCGTGACAT-1",0
"AGGGTGAAGATGGCGT-1",1
"AGGGTGAAGATGGGTC-1",2
"AGGGTGAAGGCTCAGA-1",1
"AGGGTGACACGAGAGT-1",0
"AGGGTGACAGATGGCA-1",2
"AGGGTGACAGATTGCT-1",1
"AGGGTGAGTACTCTCC-1",0
"AGGGTGAGTTATCGGT-1",1
"AGGGTGAGTTCTGAAC-1",0
"AGGGTGATCTCGCTTG-1",0
"AGGTCATAGAGCCCAA-1",0
"AGGTCATAGCCAGAAC-1",3
"AGGTCATAGGCATGGT-1",1
"AGGTCATAGGGAGTAA-1",1
"AGGTCATCACTCAGGC-1",0
"AGGTCATCACTCTGTC-1",0
"AGGTCATGTTCCACTC-1",1
"AGGTCATTCTCGTTTA-1",0
"AGGTCCGAGGATGCGT-1",0
"AGGTCCGCAACACGCC-1",0
"AGGTCCGGTGATGCCC-1",0
"AGGTCCGTCCATGAAC-1",0
"AGGTCCGTCGCCCTTA-1",0
"AGGTCCGTCTGCGTAA-1",0
"AGTAGTCAGACTGTAA-1",0
"AGTAGTCAGTACGACG-1",1
"AGTAGTCAGTTTAGGA-1",0
"AGTAGTCCAACTGGCC-1",0
"AGTAGTCGTGCAGACA-1",0
"AGTAGTCTCACCCGAG-1",3
"AGTCTTTAGGCAGTCA-1",0
"AGTCTTTCAAATCCGT-1",1
"AGTCTTTCATATACCG-1",2
"AGTCTTTGTGCTTCTC-1",0
"AGTCTTTGTGTCCTCT-1",1
"AGTCTTTGTTTGTTTC-1",0
"AGTCTTTTCGCAGGCT-1",0
"AGTCTTTTCGCGTAGC-1",1
"AGTCTTTTCGCTAGCG-1",0
"AGTCTTTTCGCTTGTC-1",0
"AGTCTTTTCTGACCTC-1",0
"AGTGAGGAGATAGCAT-1",2
"AGTGAGGCAGGTGCCT-1",2
"AGTGAGGGTATGAAAC-1",1
"AGTGAGGGTCACTTCC-1",0
"AGTGAGGGTCGCGAAA-1",0
"AGTGAGGGTTATGTGC-1",2
"AGTGAGGTCTACTATC-1",4
"AGTGGGAAGCAGACTG-1",1
"AGTGGGACAAACGCGA-1",0
"AGTGGGACAAGCCGTC-1",2
"AGTGGGACACAGGAGT-1",0
"AGTGGGACACGAGAGT-1",1
"AGTGGGATCATCGATG-1",2
"AGTGGGATCCACGAAT-1",1
"AGTGGGATCCTGCAGG-1",0
"AGTGTCAAGAAGCCCA-1",2
"AGTGTCAAGCTAGTCT-1",0
"AGTGTCAAGTACGACG-1",1
"AGTGTCAAGTGAACAT-1",2
"AGTGTCACACCATCCT-1",1
"AGTGTCACAGTAAGCG-1",0
"AGTGTCACAGTGGAGT-1",1
"AGTGTCAGTAAACCTC-1",0
"AGTGTCAGTACAGCAG-1",3
"AGTGTCAGTCTCCACT-1",1
"AGTGTCAGTTTGACTG-1",0
"AGTGTCATCAAAGTAG-1",1
"AGTGTCATCCGTCAAA-1",2
"AGTGTCATCGTTACAG-1",0
"AGTGTCATCTGTCAAG-1",2
"AGTTGGTAGACTGTAA-1",0
"AGTTGGTAGTACGCGA-1",0
"AGTTGGTCAAATTGCC-1",2
"AGTTGGTCAGGAATGC-1",2
"AGTTGGTCATGCGCAC-1",0
"AGTTGGTGTACCGTAT-1",0
"AGTTGGTGTATGCTTG-1",1
"AGTTGGTGTCAGGACA-1",0
"AGTTGGTGTTCAGACT-1",0
"AGTTGGTTCAGTACGT-1",0
"AGTTGGTTCCTCAACC-1",0
"AGTTGGTTCGTACCGG-1",2
"AGTTGGTTCTGTCCGT-1",2
"ATAACGCAGTTGAGTA-1",1
"ATAACGCCACGTGAGA-1",0
"ATAACGCGTGAACCTT-1",0
"ATAACGCGTGTCCTCT-1",1
"ATAACGCGTGTGAAAT-1",1
"ATAACGCTCTCCGGTT-1",2
"ATAAGAGAGTCCGGTC-1",0
"ATAAGAGCAACTGCGC-1",2
"ATAAGAGCAGTATCTG-1",0
"ATAAGAGGTGACGCCT-1",0
"ATAAGAGGTTAAAGTG-1",1
"ATAAGAGTCAGCACAT-1",2
"ATAAGAGTCAGTGCAT-1",0
"ATAGACCAGAGAGCTC-1",0
"ATAGACCAGCCCAATT-1",0
"ATAGACCCAAGCCATT-1",1
"ATAGACCCATCTGGTA-1",3
"ATAGACCGTATATGGA-1",2
"ATAGACCGTGGACGAT-1",0
"ATAGACCGTGGCGAAT-1",0
"ATAGACCGTTTCGCTC-1",1
"ATCACGAAGAACTCGG-1",2
"ATCACGAAGACACGAC-1",2
"ATCACGAAGTTACCCA-1",3
"ATCACGACAAGACACG-1",2
"ATCACGACAAGCGTAG-1",2
"ATCACGACACACATGT-1",2
"ATCACGACACCACCAG-1",1
"ATCACGACACGGTAAG-1",2
"ATCACGACAGCGAACA-1",2
"ATCACGATCCCGACTT-1",0
"ATCACGATCGGTGTCG-1",0
"ATCATCTAGCCTATGT-1",1
"ATCATCTAGGCCATAG-1",1
"ATCATCTAGTACTTGC-1",1
"ATCATCTCAGACGCCT-1",0
"ATCATCTCATCCGTGG-1",0
"ATCATCTGTATTACCG-1",0
"ATCATCTGTCACTTCC-1",3
"ATCATCTTCAGCGACC-1",1
"ATCATCTTCCTCAACC-1",0
"ATCATGGCAAGCGTAG-1",0
"ATCATGGCAAGGTTCT-1",3
"ATCATGGCACTACAGT-1",0
"ATCATGGGTAAGGGAA-1",1
"ATCATGGGTTGTGGCC-1",0
"ATCATGGTCAATAAGG-1",2
"ATCATGGTCCAATGGT-1",0
"ATCATGGTCGCCATAA-1",1
"ATCATGGTCGGTTAAC-1",5
"ATCCACCAGCTAGTCT-1",5
"ATCCACCAGGCTCTTA-1",1
"ATCCACCCAAACGTGG-1",2
"ATCCACCCAGTTAACC-1",2
"ATCCACCGTCCGAAGA-1",0
"ATCCACCGTTTGTTTC-1",1
"ATCCACCTCCTGCTTG-1",1
"ATCCACCTCCTTAATC-1",4
"ATCCACCTCTGGTATG-1",1
"ATCCGAAAGCGATGAC-1",0
"ATCCGAAAGCTAGGCA-1",0
"ATCCGAACAAACGTGG-1",0
"ATCCGAACAACAACCT-1",2
"ATCCGAACAAGGACTG-1",2
"ATCCGAACACCCATTC-1",1
"ATCCGAACACGGTAGA-1",1
"ATCCGAAGTAGCGCTC-1",0
"ATCCGAAGTCATTAGC-1",0
"ATCCGAAGTCTCTTAT-1",0
"ATCCGAATCCAACCAA-1",0
"ATCCGAATCCTTGACC-1",3
"ATCCGAATCTTGTCAT-1",0
"ATCGAGTAGACTTTCG-1",1
"ATCGAGTCATCCGGGT-1",2
"ATCGAGTGTCCCTTGT-1",0
"ATCGAGTGTCTCCCTA-1",0
"ATCGAGTTCATGCATG-1",1
"ATCGAGTTCCTGCCAT-1",0
"ATCTACTAGGTGTGGT-1",4
"ATCTACTCAGCTGTAT-1",5
"ATCTACTCAGTACACT-1",1
"ATCTACTCATGACATC-1",2
"ATCTACTGTAAGTAGT-1",0
"ATCTACTGTGTCGCTG-1",0
"ATCTACTTCCGCGTTT-1",2
"ATCTACTTCGCAAGCC-1",3
"ATCTACTTCTATCGCC-1",3
"ATCTACTTCTCTAAGG-1",1
"ATCTGCCAGGCTCAGA-1",2
"ATCTGCCGTACAGTTC-1",0
"ATCTGCCGTTGTGGAG-1",0
"ATCTGCCTCAGAGACG-1",0
"ATCTGCCTCAGCTGGC-1",0
"ATCTGCCTCGTACGGC-1",0
"ATCTGCCTCTCGAGTA-1",2
"ATCTGCCTCTGAGTGT-1",1
"ATCTGCCTCTTGTATC-1",0
"ATGAGGGAGGTCGGAT-1",1
"ATGAGGGCATGACGGA-1",1
"ATGAGGGCATTAGGCT-1",0
"ATGAGGGTCACATGCA-1",0
"ATGAGGGTCAGTCCCT-1",1
"ATGCGATAGTCAATAG-1",1
"ATGCGATCATGTTGAC-1",0
"ATGCGATGTGCAGTAG-1",0
"ATGCGATGTGCATCTA-1",0
"ATGCGATTCCCAAGAT-1",0
"ATGCGATTCGCCATAA-1",1
"ATGGGAGAGCAATATG-1",0
"ATGGGAGAGCCACGCT-1",2
"ATGGGAGAGGTGATAT-1",2
"ATGGGAGCACCAGGTC-1",2
"ATGGGAGCACTATCTT-1",2
"ATGGGAGCAGCATACT-1",3
"ATGGGAGCATAGAAAC-1",2
"ATGGGAGCATTACCTT-1",2
"ATGGGAGTCAAGGTAA-1",0
"ATGTGTGAGCGAAGGG-1",0
"ATGTGTGAGGGTTTCT-1",2
"ATGTGTGAGTTGAGTA-1",4
"ATGTGTGCACGGCGTT-1",0
"ATGTGTGCACGGTTTA-1",0
"ATGTGTGCAGTATAAG-1",0
"ATGTGTGTCACGCGGT-1",0
"ATTACTCAGATGTGTA-1",2
"ATTACTCAGCGTAATA-1",0
"ATTACTCAGGTGCACA-1",1
"ATTACTCAGTGAAGTT-1",0
"ATTACTCCAAACTGTC-1",0
"ATTACTCCACCATCCT-1",2
"ATTACTCCAGACTCGC-1",0
"ATTACTCCATATGCTG-1",0
"ATTACTCCATCGGTTA-1",1
"ATTACTCCATTGCGGC-1",0
"ATTACTCGTTAAAGAC-1",1
"ATTACTCTCCGAACGC-1",1
"ATTATCCAGAGTACCG-1",0
"ATTATCCAGCTTATCG-1",0
"ATTATCCCACAAGCCC-1",1
"ATTATCCCATATGAGA-1",2
"ATTATCCCATCTGGTA-1",1
"ATTATCCGTCGTTGTA-1",1
"ATTATCCGTCTCTCTG-1",2
"ATTATCCTCAACGGGA-1",1
"ATTATCCTCCGCGCAA-1",1
"ATTATCCTCTCCGGTT-1",0
"ATTCTACGTCACTTCC-1",1
"ATTCTACGTCTAGTCA-1",1
"ATTCTACGTTGTCGCG-1",0
"ATTGGACAGCAGATCG-1",0
"ATTGGACAGGGCATGT-1",0
"ATTGGACAGTGGACGT-1",0
"ATTGGACCAAGACACG-1",0
"ATTGGACGTAATAGCA-1",1
"ATTGGACTCCTGCTTG-1",0
"ATTGGACTCGGCGCAT-1",5
"ATTGGACTCGTTTGCC-1",3
"ATTGGTGAGAATGTTG-1",2
"ATTGGTGCAAGCTGAG-1",1
"ATTGGTGCAGCAGTTT-1",0
"ATTGGTGGTATGGTTC-1",0
"ATTGGTGGTTGAGTTC-1",0
"ATTGGTGTCAAAGTAG-1",0
"ATTGGTGTCGGAAACG-1",2
"ATTTCTGAGGGATACC-1",0
"ATTTCTGAGGGATCTG-1",0
"ATTTCTGAGGTGTTAA-1",1
"ATTTCTGAGTCGAGTG-1",0
"ATTTCTGAGTTCGCAT-1",0
"ATTTCTGCAAGGTGTG-1",0
"ATTTCTGGTAGCTCCG-1",0
"ATTTCTGGTGCACGAA-1",0
"ATTTCTGGTTGCCTCT-1",1
"ATTTCTGTCAAAGTAG-1",2
"ATTTCTGTCAGCTCGG-1",0
"ATTTCTGTCTTGGGTA-1",0
"CAACCAAAGAAACGCC-1",0
"CAACCAAAGAGGGCTT-1",2
"CAACCAAAGCTGAAAT-1",2
"CAACCAAAGGACAGCT-1",0
"CAACCAAAGGGAGTAA-1",0
"CAACCAACATACGCTA-1",2
"CAACCTCAGTAATCCC-1",3
"CAACCTCCAGACGCAA-1",0
"CAACCTCGTGAGTGAC-1",0
"CAACCTCGTTCCACGG-1",1
"CAACCTCTCATACGGT-1",0
"CAACCTCTCCGATATG-1",0
"CAACCTCTCCTTTACA-1",1
"CAACCTCTCTCTAGGA-1",0
"CAACTAGAGAATAGGG-1",2
"CAACTAGAGGATGCGT-1",1
"CAACTAGCACCATCCT-1",0
"CAACTAGCAGACTCGC-1",0
"CAACTAGCAGTTCATG-1",0
"CAACTAGGTACGCACC-1",0
"CAACTAGTCAGGCCCA-1",2
"CAAGAAAAGAAGGACA-1",1
"CAAGAAAAGACGCACA-1",1
"CAAGAAAAGGCCCTTG-1",0
"CAAGAAAAGGTGATAT-1",0
"CAAGAAAAGTCGATAA-1",0
"CAAGAAAAGTGGAGTC-1",1
"CAAGAAAAGTGTACCT-1",1
"CAAGAAACACGGTGTC-1",2
"CAAGAAATCTGCTTGC-1",1
"CAAGATCAGCTGAAAT-1",0
"CAAGATCGTAAGAGGA-1",1
"CAAGATCGTGCCTTGG-1",3
"CAAGATCTCAACACCA-1",0
"CAAGATCTCTCGATGA-1",1
"CAAGGCCAGGAGTCTG-1",1
"CAAGGCCAGGCTATCT-1",0
"CAAGGCCCACGGTAAG-1",2
"CAAGGCCCATGTTCCC-1",0
"CAAGGCCGTCCGTCAG-1",0
"CAAGGCCTCAACGGGA-1",0
"CAAGGCCTCCTTGACC-1",0
"CAAGGCCTCGTGACAT-1",0
"CAAGTTGAGACAGGCT-1",1
"CAAGTTGAGATGTCGG-1",0
"CAAGTTGAGCGTCAAG-1",2
"CAAGTTGAGCGTTTAC-1",1
"CAAGTTGCACATTAGC-1",1
"CAAGTTGCACGCTTTC-1",0
"CAAGTTGCACGGTGTC-1",0
"CAAGTTGCATTCTTAC-1",3
"CAAGTTGGTACTCAAC-1",0
"CAAGTTGGTCAGGACA-1",1
"CAAGTTGGTCGGCACT-1",0
"CAAGTTGTCAACGAAA-1",1
"CAAGTTGTCACCACCT-1",3
"CAAGTTGTCATTGCCC-1",1
"CAAGTTGTCGAATCCA-1",0
"CAAGTTGTCTACTTAC-1",3
"CACAAACAGGGCTCTC-1",0
"CACAAACAGGGCTTGA-1",0
"CACAAACAGTGACATA-1",0
"CACAAACCAACTGCGC-1",1
"CACAAACCAATAAGCA-1",2
"CACAAACCAATCAGAA-1",0
"CACAAACCACTTAACG-1",2
"CACAAACCATGAACCT-1",2
"CACAAACCATGGTCAT-1",2
"CACAAACGTCAACTGT-1",3
"CACAAACGTCAGAATA-1",2
"CACAAACTCTTCGGTC-1",1
"CACAAACTCTTGGGTA-1",1
"CACACAAAGCGACGTA-1",0
"CACACAAAGGGAGTAA-1",1
"CACACAACAAACGTGG-1",0
"CACACAACACATGACT-1",1
"CACACAACATCGATTG-1",0
"CACACAACATTGGGCC-1",0
"CACACAAGTACGACCC-1",0
"CACACAAGTCAGTGGA-1",5
"CACACAAGTCATCGGC-1",1
"CACACAAGTTTACTCT-1",0
"CACACAATCCACGTGG-1",2
"CACACAATCCACGTTC-1",0
"CACACAATCGGCGCAT-1",1
"CACACCTAGAGACTAT-1",2
"CACACCTAGGACATTA-1",0
"CACACCTAGTCATCCA-1",0
"CACACCTAGTGTGAAT-1",1
"CACACCTCACTGAAGG-1",1
"CACACCTCATAGGATA-1",1
"CACACCTCATAGTAAG-1",0
"CACACCTCATTGGGCC-1",2
"CACACCTGTACAGCAG-1",2
"CACACCTGTACCGCTG-1",0
"CACACCTGTCCAAGTT-1",1
"CACACCTGTGGACGAT-1",1
"CACACCTGTGGTCTCG-1",0
"CACACCTTCATGTCTT-1",0
"CACACCTTCTGGCGAC-1",1
"CACACTCAGGGAAACA-1",0
"CACACTCCAACACCTA-1",1
"CACACTCCAAGGGTCA-1",0
"CACACTCGTGACGCCT-1",0
"CACACTCGTTTGTGTG-1",1
"CACAGGCAGCCATCGC-1",0
"CACAGGCAGGGATGGG-1",1
"CACAGGCCAAGAGTCG-1",0
"CACAGGCCAATGGAGC-1",1
"CACAGGCGTCTAGGTT-1",0
"CACAGGCGTTACGCGC-1",0
"CACAGGCTCGGGAGTA-1",1
"CACAGGCTCTATGTGG-1",4
"CACAGTAAGACGCAAC-1",3
"CACAGTAAGACGCACA-1",0
"CACAGTAAGTGGGCTA-1",0
"CACAGTACAACTGGCC-1",0
"CACAGTACATCGGACC-1",1
"CACAGTAGTTCCATGA-1",0
"CACATAGAGCCCAATT-1",2
"CACATAGAGTGTACTC-1",1
"CACATAGCACTTCTGC-1",0
"CACATAGCAGGGTATG-1",1
"CACATAGTCCTTGCCA-1",3
"CACATAGTCGGCGCAT-1",0
"CACATTTAGCAGATCG-1",1
"CACATTTAGGGCACTA-1",2
"CACATTTCACGGCGTT-1",1
"CACATTTCATTACCTT-1",0
"CACATTTGTCGAACAG-1",0
"CACATTTGTGTTGAGG-1",2
"CACATTTTCCAGAGGA-1",0
"CACATTTTCCGCATCT-1",2
"CACATTTTCTACTATC-1",0
"CACATTTTCTGTGCAA-1",1
"CACCACTAGCCACGTC-1",0
"CACCACTAGTGGTAAT-1",2
"CACCACTAGTTACCCA-1",3
"CACCACTCAAGCCCAC-1",0
"CACCACTCAGTTCATG-1",1
"CACCACTGTTATTCTC-1",1
"CACCACTTCACCGGGT-1",3
"CACCACTTCGAATCCA-1",0
"CACCACTTCGACCAGC-1",0
"CACCACTTCTAACCGA-1",0
"CACCACTTCTTTAGTC-1",3
"CACCAGGCACATTAGC-1",0
"CACCAGGCACTGCCAG-1",1
"CACCAGGCATAAAGGT-1",0
"CACCAGGCATGAACCT-1",1
"CACCAGGGTGAAATCA-1",0
"CACCAGGGTGTTTGGT-1",2
"CACCAGGGTTATCACG-1",1
"CACCAGGTCATGTAGC-1",0
"CACCAGGTCTGCTTGC-1",1
"CACCTTGAGACTTGAA-1",1
"CACCTTGAGTCAATAG-1",0
"CACCTTGCACTAGTAC-1",0
"CACCTTGCAGGCGATA-1",0
"CACCTTGCATTCCTGC-1",2
"CACCTTGGTCATTAGC-1",1
"CACCTTGGTGATGTCT-1",1
"CACCTTGGTGTGAAAT-1",0
"CACCTTGGTTATGTGC-1",2
"CACCTTGTCAACCATG-1",0
"CACCTTGTCATTATCC-1",1
"CACCTTGTCCAAAGTC-1",1
"CACCTTGTCTCACATT-1",0
"CACTCCAAGACAAGCC-1",0
"CACTCCAAGGTACTCT-1",0
"CACTCCACAATGGACG-1",0
"CACTCCAGTACATGTC-1",2
"CACTCCAGTTGTCGCG-1",0
"CACTCCATCAACACAC-1",3
"CACTCCATCCCAGGTG-1",0
"CAGAATCAGAAACCTA-1",1
"CAGAATCAGCCAACAG-1",1
"CAGAATCAGCTGGAAC-1",3
"CAGAATCAGGACTGGT-1",1
"CAGAATCAGTATCGAA-1",0
"CAGAATCCACAGAGGT-1",3
"CAGAATCCAGGGTACA-1",2
"CAGAATCGTAAGTGTA-1",2
"CAGAATCGTAATCACC-1",2
"CAGAATCTCAGTTTGG-1",0
"CAGAATCTCGCAAGCC-1",1
"CAGAATCTCGGTCCGA-1",0
"CAGAATCTCTTGCAAG-1",0
"CAGAATCTCTTGTACT-1",1
"CAGAGAGAGAATTGTG-1",0
"CAGAGAGAGCAATATG-1",0
"CAGAGAGCAAGAAGAG-1",1
"CAGAGAGCACCAGATT-1",0
"CAGAGAGGTAATCACC-1",4
"CAGAGAGGTAGCTGCC-1",0
"CAGAGAGGTAGGACAC-1",0
"CAGAGAGGTATAGGGC-1",1
"CAGAGAGGTCCGAATT-1",0
"CAGAGAGGTTGAGGTG-1",0
"CAGAGAGTCACCCGAG-1",0
"CAGAGAGTCATAACCG-1",1
"CAGAGAGTCCGAACGC-1",0
"CAGAGAGTCTGGTATG-1",2
"CAGATCAAGAGACGAA-1",0
"CAGATCAAGCACCGTC-1",1
"CAGATCAAGCTTCGCG-1",0
"CAGATCAAGGATTCGG-1",1
"CAGATCAAGTGTACCT-1",0
"CAGATCAAGTTTAGGA-1",0
"CAGATCACAATAACGA-1",3
"CAGATCACACACCGAC-1",0
"CAGATCACACGGTAAG-1",1
"CAGATCACACTCTGTC-1",1
"CAGATCACAGCATACT-1",0
"CAGATCACAGTGGGAT-1",0
"CAGATCAGTACCAGTT-1",1
"CAGATCAGTGCGGTAA-1",0
"CAGATCATCTGATACG-1",1
"CAGATCATCTGATTCT-1",0
"CAGCAGCAGATGCCAG-1",5
"CAGCAGCAGGGAACGG-1",0
"CAGCAGCCACCTATCC-1",1
"CAGCAGCCATCACAAC-1",0
"CAGCAGCGTGCTAGCC-1",0
"CAGCAGCTCAACACTG-1",1
"CAGCAGCTCGAACTGT-1",3
"CAGCAGCTCGCCGTGA-1",0
"CAGCATAAGAGACGAA-1",2
"CAGCATAGTCTAGGTT-1",1
"CAGCATAGTTTACTCT-1",4
"CAGCATATCACGAAGG-1",1
"CAGCATATCAGGCAAG-1",0
"CAGCATATCCTTAATC-1",2
"CAGCCGAAGCATCATC-1",0
"CAGCCGAAGTTTCCTT-1",1
"CAGCCGACACGTGAGA-1",0
"CAGCCGACATCAGTCA-1",0
"CAGCCGAGTGATGTCT-1",1
"CAGCCGATCACCAGGC-1",2
"CAGCCGATCCTCAATT-1",1
"CAGCGACAGAAACGCC-1",0
"CAGCGACAGCGTCAAG-1",3
"CAGCGACCAAACGTGG-1",0
"CAGCGACCAAAGCGGT-1",2
"CAGCGACCACGTCAGC-1",3
"CAGCGACCATGGGACA-1",3
"CAGCGACGTCTGATTG-1",1
"CAGCGACGTGGACGAT-1",1
"CAGCGACGTGGTTTCA-1",1
"CAGCGACGTTCGGCAC-1",1
"CAGCGACTCCGCAAGC-1",1
"CAGCGACTCTGGGCCA-1",1
"CAGCTAAAGATGTGTA-1",0
"CAGCTAAAGCAGACTG-1",0
"CAGCTAAAGCTGTTCA-1",3
"CAGCTAAAGGAGCGTT-1",1
"CAGCTAACACAGATTC-1",1
"CAGCTAACATCAGTAC-1",0
"CAGCTAAGTAATCGTC-1",0
"CAGCTAAGTCTCACCT-1",0
"CAGCTAAGTTCGTCTC-1",2
"CAGCTAATCCACGCAG-1",3
"CAGCTAATCCCTAACC-1",0
"CAGCTAATCTGGTTCC-1",0
"CAGCTAATCTTAGCCC-1",1
"CAGCTAATCTTCGGTC-1",2
"CAGCTGGAGACACTAA-1",0
"CAGCTGGAGATCCTGT-1",3
"CAGCTGGCACCAACCG-1",1
"CAGCTGGCAGTGGAGT-1",2
"CAGCTGGCATGCATGT-1",1
"CAGCTGGTCTACCTGC-1",3
"CAGGTGCAGAGACGAA-1",0
"CAGGTGCAGATCCTGT-1",0
"CAGGTGCAGGCATGTG-1",2
"CAGGTGCCAGGAACGT-1",0
"CAGGTGCCATAGTAAG-1",0
"CAGGTGCCATCGGAAG-1",3
"CAGGTGCTCAGTTGAC-1",0
"CAGGTGCTCCAAGTAC-1",0
"CAGGTGCTCTTGTATC-1",1
"CAGTAACAGATATGGT-1",2
"CAGTAACAGATGGCGT-1",2
"CAGTAACCAATCACAC-1",0
"CAGTAACCACTCGACG-1",2
"CAGTAACGTGATAAGT-1",1
"CAGTAACGTGCACCAC-1",0
"CAGTAACTCAGAGGTG-1",2
"CAGTAACTCGTACGGC-1",3
"CAGTAACTCGTGACAT-1",0
"CAGTAACTCTGCCAGG-1",1
"CAGTCCTAGAATCTCC-1",1
"CAGTCCTAGATCTGCT-1",2
"CAGTCCTCAGTATAAG-1",2
"CAGTCCTTCAACACGT-1",0
"CAGTCCTTCCATGAGT-1",1
"CAGTCCTTCCCGACTT-1",0
"CAGTCCTTCCCTTGTG-1",0
"CAGTCCTTCGAACGGA-1",3
"CAGTCCTTCGGTTCGG-1",1
"CAGTCCTTCTACTTAC-1",1
"CATATGGAGAGATGAG-1",0
"CATATGGAGGCATGGT-1",1
"CATATGGAGTATTGGA-1",0
"CATATGGCAAGCGTAG-1",1
"CATATGGGTCGCATAT-1",0
"CATATGGTCATTATCC-1",0
"CATATGGTCATTGCGA-1",0
"CATATTCAGGCGACAT-1",0
"CATATTCCACCACCAG-1",1
"CATATTCGTGACTACT-1",1
"CATATTCGTGGTACAG-1",0
"CATATTCGTGTGACGA-1",0
"CATATTCTCACAGGCC-1",1
"CATATTCTCGCAAACT-1",0
"CATCAAGAGAACTCGG-1",0
"CATCAAGAGATGGCGT-1",0
"CATCAAGAGCCGCCTA-1",2
"CATCAAGCACGAAACG-1",3
"CATCAAGCAGCCTTTC-1",1
"CATCAAGCATGGAATA-1",0
"CATCAAGGTTACTGAC-1",1
"CATCAAGGTTCCATGA-1",0
"CATCAAGTCTAAGCCA-1",1
"CATCAAGTCTGACCTC-1",0
"CATCAGAAGCTAGTCT-1",1
"CATCAGACAAGCCATT-1",3
"CATCAGACAATGACCT-1",1
"CATCAGACACGGCCAT-1",1
"CATCAGACAGACAGGT-1",0
"CATCAGACATAACCTG-1",0
"CATCAGAGTAATTGGA-1",1
"CATCAGAGTACATGTC-1",2
"CATCAGAGTGTTAAGA-1",0
"CATCAGAGTTCAACCA-1",0
"CATCAGATCGTTGACA-1",1
"CATCCACGTAAAGTCA-1",4
"CATCCACGTACCGTAT-1",0
"CATCCACGTGCCTGTG-1",1
"CATCCACGTTTAAGCC-1",0
"CATCGAAAGAGTACAT-1",1
"CATCGAAAGCTGTCTA-1",0
"CATCGAACAAGAGGCT-1",5
"CATCGAACAAGCTGAG-1",0
"CATCGAACACATTTCT-1",2
"CATCGAACATAAAGGT-1",0
"CATCGAAGTAGTACCT-1",3
"CATCGAAGTCCGACGT-1",0
"CATCGAAGTGCACTTA-1",1
"CATCGAATCAAACCAC-1",1
"CATCGAATCCGCGGTA-1",1
"CATCGAATCCGTAGTA-1",0
"CATCGGGAGAAGCCCA-1",0
"CATCGGGAGCGAGAAA-1",1
"CATCGGGAGGGTGTGT-1",1
"CATCGGGAGGTGTTAA-1",1
"CATCGGGAGTGACTCT-1",0
"CATCGGGCACTCAGGC-1",0
"CATCGGGCAGACGCTC-1",3
"CATCGGGCATCACAAC-1",2
"CATCGGGGTCCTCTTG-1",0
"CATCGGGGTGAGGGAG-1",0
"CATCGGGGTTCGAATC-1",0
"CATCGGGTCAGGATCT-1",0
"CATCGGGTCCACGAAT-1",2
"CATCGGGTCGATGAGG-1",5
"CATGACAAGACCACGA-1",0
"CATGACAAGCTCCTCT-1",0
"CATGACAAGTAACCCT-1",2
"CATGACAAGTATCTCG-1",4
"CATGACAGTCGTCTTC-1",0
"CATGACAGTGAACCTT-1",1
"CATGACATCAATAAGG-1",0
"CATGACATCTAACTGG-1",0
"CATGCCTAGACCTAGG-1",0
"CATGCCTAGAGTCTGG-1",0
"CATGCCTCACCACCAG-1",1
"CATGCCTGTCAAAGCG-1",1
"CATGCCTGTCGATTGT-1",1
"CATGCCTTCCACGACG-1",1
"CATGCCTTCCTCATTA-1",1
"CATGCCTTCGCATGAT-1",0
"CATGGCGAGAGCTGGT-1",0
"CATGGCGAGTACGACG-1",1
"CATGGCGTCCAAAGTC-1",1
"CATGGCGTCCCTTGTG-1",0
"CATGGCGTCGGCCGAT-1",0
"CATGGCGTCTCAAACG-1",1
"CATGGCGTCTGCCCTA-1",2
"CATTATCAGACCCACC-1",0
"CATTATCAGTCCCACG-1",1
"CATTATCCAAGTCTGT-1",0
"CATTATCCAGGGCATA-1",0
"CATTATCGTCAATGTC-1",1
"CATTATCTCACAAACC-1",1
"CATTATCTCAGATAAG-1",3
"CATTATCTCGCGTTTC-1",0
"CATTATCTCGTTGCCT-1",0
"CATTATCTCTATCCCG-1",0
"CATTATCTCTTAACCT-1",2
"CATTCGCAGGTGCTAG-1",0
"CATTCGCCAAGGGTCA-1",3
"CATTCGCCAGCCTATA-1",1
"CATTCGCCATACAGCT-1",0
"CATTCGCCATGGATGG-1",0
"CATTCGCCATGTCTCC-1",0
"CATTCGCCATTCACTT-1",1
"CATTCGCGTAGCACGA-1",1
"CATTCGCTCATCACCC-1",1
"CCAATCCAGACCACGA-1",0
"CCAATCCAGATATGGT-1",1
"CCAATCCAGTCGAGTG-1",0
"CCAATCCAGTCGTTTG-1",0
"CCAATCCAGTTTAGGA-1",1
"CCAATCCCAAGCGAGT-1",0
"CCAATCCTCGGACAAG-1",0
"CCAATCCTCTACCTGC-1",0
"CCACCTAAGCAGACTG-1",0
"CCACCTAAGGATGGTC-1",0
"CCACCTAAGTCGAGTG-1",1
"CCACCTAAGTGGGATC-1",0
"CCACCTAAGTGTGGCA-1",3
"CCACCTACAACAACCT-1",1
"CCACCTACAAGCCGCT-1",0
"CCACCTACAATCTACG-1",0
"CCACCTAGTAGTACCT-1",1
"CCACCTAGTCGCGTGT-1",0
"CCACCTAGTGGGTCAA-1",3
"CCACCTATCAGTTGAC-1",0
"CCACCTATCTGATACG-1",1
"CCACGGAAGACACGAC-1",0
"CCACGGAAGGGAACGG-1",1
"CCACGGACATGTCGAT-1",1
"CCACGGAGTAAGGGCT-1",1
"CCACGGAGTCAGATAA-1",2
"CCACGGAGTCCGTGAC-1",0
"CCACGGAGTGTAATGA-1",0
"CCACGGAGTTCTGAAC-1",4
"CCACGGATCACATAGC-1",0
"CCACGGATCCACGTGG-1",2
"CCACGGATCTACTATC-1",2
"CCACGGATCTAGAGTC-1",0
"CCACTACAGAGTACCG-1",1
"CCACTACAGCTTTGGT-1",3
"CCACTACCAGCAGTTT-1",0
"CCACTACCAGTAGAGC-1",0
"CCACTACGTCCGAATT-1",2
"CCACTACGTCTCAACA-1",1
"CCACTACGTGACAAAT-1",0
"CCACTACGTGACCAAG-1",2
"CCACTACGTGCACGAA-1",1
"CCACTACTCACTCTTA-1",3
"CCACTACTCCGCATCT-1",1
"CCACTACTCGGAAATA-1",3
"CCACTACTCTCGTATT-1",2
"CCACTACTCTCGTTTA-1",0
"CCAGCGAAGCCCAACC-1",1
"CCAGCGACATCGGGTC-1",0
"CCAGCGACATGTCCTC-1",0
"CCAGCGAGTAGGCATG-1",0
"CCAGCGAGTCCGTTAA-1",1
"CCAGCGATCAGAAATG-1",1
"CCATGTCAGCGATCCC-1",1
"CCATGTCAGGTCGGAT-1",1
"CCATGTCAGGTTACCT-1",4
"CCATGTCCAAGCTGGA-1",4
"CCATGTCCACATCCGG-1",1
"CCATGTCGTCCAGTAT-1",0
"CCATGTCTCCAAGTAC-1",1
"CCATGTCTCTTGTATC-1",1
"CCATTCGCAGTACACT-1",0
"CCATTCGCAGTTTACG-1",2
"CCATTCGGTAATCGTC-1",0
"CCATTCGGTATTACCG-1",0
"CCATTCGTCGTAGGAG-1",0
"CCCAATCAGTCACGCC-1",0
"CCCAATCCAGGTGGAT-1",1
"CCCAATCGTGAAGGCT-1",0
"CCCAATCGTTGGAGGT-1",1
"CCCAATCTCACATGCA-1",0
"CCCAATCTCCAGTATG-1",1
"CCCAATCTCGGAGCAA-1",0
"CCCAGTTAGAATAGGG-1",0
"CCCAGTTAGATCCCGC-1",2
"CCCAGTTAGCGTGAAC-1",1
"CCCAGTTAGGAATCGC-1",0
"CCCAGTTAGTCCGGTC-1",1
"CCCAGTTAGTTTGCGT-1",0
"CCCAGTTGTACATGTC-1",2
"CCCAGTTGTCTGCAAT-1",1
"CCCAGTTTCTGAAAGA-1",0
"CCCATACAGGGTTCCC-1",2
"CCCATACAGTGTTTGC-1",0
"CCCATACCAAAGGTGC-1",1
"CCCATACCAACACCCG-1",0
"CCCATACCAGCAGTTT-1",3
"CCCATACGTATTACCG-1",0
"CCCATACGTCAATACC-1",1
"CCCATACGTCTAGTCA-1",3
"CCCATACGTTGAGTTC-1",2
"CCCATACTCAATAAGG-1",1
"CCCATACTCAGCGACC-1",0
"CCCATACTCATCACCC-1",0
"CCCATACTCCGTAGGC-1",0
"CCCTCCTAGGAATCGC-1",0
"CCCTCCTCACGTCTCT-1",0
"CCCTCCTCAGCTTAAC-1",2
"CCCTCCTCATATGAGA-1",0
"CCCTCCTCATCACGTA-1",3
"CCCTCCTGTATGGTTC-1",2
"CCCTCCTGTTAGATGA-1",1
"CCCTCCTTCAATCACG-1",0
"CCCTCCTTCCGCAGTG-1",0
"CCGGGATAGCTTCGCG-1",2
"CCGGGATAGGCGACAT-1",2
"CCGGGATAGGCTAGGT-1",0
"CCGGGATCACAGTCGC-1",1
"CCGGGATGTATAGGTA-1",2
"CCGGGATTCAGAGCTT-1",1
"CCGGGATTCGCTAGCG-1",1
"CCGGGATTCGCTTGTC-1",0
"CCGGTAGAGCGTCTAT-1",1
"CCGGTAGAGTACGCCC-1",0
"CCGGTAGCACATAACC-1",3
"CCGGTAGCACGCATCG-1",1
"CCGGTAGGTACTTCTT-1",2
"CCGGTAGGTCAAACTC-1",1
"CCGGTAGTCGTCCGTT-1",0
"CCGTACTAGAGAACAG-1",0
"CCGTACTAGTCCGTAT-1",2
"CCGTACTCAAGCCCAC-1",0
"CCGTACTCAAGCGAGT-1",0
"CCGTACTCATCCCACT-1",1
"CCGTACTGTACAGCAG-1",1
"CCGTACTGTAGCGCTC-1",1
"CCGTACTGTGCGGTAA-1",1
"CCGTACTTCGTTACAG-1",2
"CCGTGGAAGACGCACA-1",1
"CCGTGGAAGAGTTGGC-1",0
"CCGTGGAAGGTGATAT-1",0
"CCGTGGAAGGTTCCTA-1",0
"CCGTGGACAGCCTTGG-1",1
"CCGTGGAGTTCCATGA-1",6
"CCGTGGATCTAACTTC-1",2
"CCGTGGATCTCTGTCG-1",0
"CCGTTCAAGCGTAATA-1",1
"CCGTTCAAGTACGATA-1",0
"CCGTTCAAGTAGATGT-1",1
"CCGTTCACAGGATCGA-1",0
"CCGTTCAGTATAGGGC-1",1
"CCGTTCAGTCGCGAAA-1",0
"CCGTTCATCGTACCGG-1",2
"CCTAAAGAGAGTTGGC-1",1
"CCTAAAGCAAACCTAC-1",1
"CCTAAAGCATGTCTCC-1",1
"CCTAAAGGTACTCAAC-1",1
"CCTAAAGGTCGGCACT-1",0
"CCTAAAGGTGTAATGA-1",0
"CCTAAAGTCACCGTAA-1",4
"CCTAAAGTCAGCGATT-1",1
"CCTAAAGTCGGCGCTA-1",1
"CCTAAAGTCGGTCCGA-1",0
"CCTACACAGGACCACA-1",2
"CCTACACAGGGTGTTG-1",4
"CCTACACCAGTAAGAT-1",3
"CCTACACGTATAGTAG-1",0
"CCTACACGTCCGAACC-1",1
"CCTACACGTGGGTCAA-1",1
"CCTACACGTTTGACTG-1",0
"CCTACACTCGGCGCTA-1",1
"CCTACACTCGTGACAT-1",1
"CCTACCAAGATAGGAG-1",1
"CCTACCAAGCAAATCA-1",1
"CCTACCAAGCGTAGTG-1",0
"CCTACCAAGCTTCGCG-1",0
"CCTACCAAGTGCGATG-1",2
"CCTACCAGTATCAGTC-1",0
"CCTACCAGTCTCTCTG-1",1
"CCTACCAGTCTTTCAT-1",3
"CCTACCATCAGCACAT-1",1
"CCTACCATCGCCAGCA-1",0
"CCTAGCTAGCAAATCA-1",1
"CCTAGCTAGCTCCTCT-1",1
"CCTAGCTAGGTTACCT-1",1
"CCTAGCTAGTACGCGA-1",0
"CCTAGCTCAATGAATG-1",3
"CCTAGCTCAATGGTCT-1",2
"CCTAGCTCACATCCAA-1",1
"CCTAGCTCAGCCAGAA-1",0
"CCTAGCTGTAGAAAGG-1",1
"CCTAGCTGTCACCCAG-1",2
"CCTAGCTGTCTGATTG-1",0
"CCTAGCTTCACGATGT-1",0
"CCTAGCTTCGTAGGAG-1",4
"CCTATTAAGAATTCCC-1",2
"CCTATTAAGCAGGCTA-1",3
"CCTATTAAGCAGGTCA-1",2
"CCTATTAAGGGAGTAA-1",0
"CCTATTAAGGTAGCCA-1",1
"CCTATTACACAACTGT-1",0
"CCTATTACACATCCGG-1",1
"CCTATTAGTCAATACC-1",1
"CCTATTATCATCACCC-1",0
"CCTATTATCTGCGACG-1",1
"CCTCAGTAGCTAACTC-1",0
"CCTCAGTCAGGTGGAT-1",0
"CCTCAGTGTCCATCCT-1",3
"CCTCAGTGTCCGACGT-1",0
"CCTCAGTGTCTTGTCC-1",0
"CCTCAGTGTGGGTATG-1",0
"CCTCTGAAGTATCGAA-1",2
"CCTCTGAAGTGGGTTG-1",0
"CCTCTGACAAGCTGTT-1",0
"CCTCTGACACCGATAT-1",0
"CCTCTGACAGATGAGC-1",1
"CCTCTGAGTCAATACC-1",1
"CCTCTGAGTCCGAACC-1",0
"CCTCTGAGTCGTGGCT-1",1
"CCTCTGAGTCTGATTG-1",1
"CCTCTGATCTGAGGGA-1",0
"CCTTACGCAAGCGTAG-1",1
"CCTTACGCACCAACCG-1",0
"CCTTACGGTCATCCCT-1",0
"CCTTACGGTCCTCTTG-1",1
"CCTTACGTCACAACGT-1",0
"CCTTACGTCATCTGCC-1",2
"CCTTACGTCGGAGGTA-1",3
"CCTTCCCAGAGACTAT-1",1
"CCTTCCCAGCTAGGCA-1",0
"CCTTCCCAGGACGAAA-1",0
"CCTTCCCAGGGCATGT-1",2
"CCTTCCCAGGTACTCT-1",0
"CCTTCCCCATGATCCA-1",0
"CCTTCCCTCAAGGCTT-1",1
"CCTTCCCTCTATCCTA-1",2
"CCTTCCCTCTATCGCC-1",1
"CCTTCGAAGGCGCTCT-1",0
"CCTTCGACAACACCCG-1",1
"CCTTCGACAGCGATCC-1",1
"CCTTCGAGTAAGCACG-1",1
"CCTTCGAGTCCATGAT-1",2
"CCTTCGAGTGTGACCC-1",0
"CCTTCGAGTTGGTGGA-1",0
"CCTTCGATCACAGTAC-1",2
"CCTTCGATCCTATGTT-1",0
"CCTTCGATCGCACTCT-1",0
"CCTTTCTAGACGCTTT-1",2
"CCTTTCTAGGGCACTA-1",1
"CCTTTCTAGTGGAGTC-1",1
"CCTTTCTCAGACAAGC-1",0
"CCTTTCTCATCACGAT-1",2
"CCTTTCTCATGCCCGA-1",0
"CCTTTCTTCCCACTTG-1",2
"CCTTTCTTCTTTACGT-1",1
"CGAACATCACATGACT-1",2
"CGAACATCACTTGGAT-1",0
"CGAACATCAGTCCTTC-1",0
"CGAACATGTCTGATTG-1",0
"CGAACATGTGCTGTAT-1",0
"CGAACATTCTCAAACG-1",0
"CGAATGTAGAGGTTAT-1",1
"CGAATGTAGCGATAGC-1",4
"CGAATGTAGTTCGCAT-1",0
"CGAATGTCAATGCCAT-1",0
"CGAATGTGTCTAGTCA-1",2
"CGAATGTGTCTCACCT-1",1
"CGAATGTTCAACACAC-1",0
"CGAATGTTCATCACCC-1",2
"CGAATGTTCTGTACGA-1",1
"CGACCTTAGCTACCGC-1",1
"CGACCTTAGCTAGTCT-1",1
"CGACCTTCAAAGTGCG-1",1
"CGACCTTCACGAAATA-1",0
"CGACCTTGTAAGTGTA-1",1
"CGACCTTGTCAGAATA-1",0
"CGACCTTGTCTCCCTA-1",0
"CGACCTTGTCTCTTAT-1",1
"CGACCTTTCCGCGTTT-1",2
"CGACCTTTCGTTTATC-1",0
"CGACCTTTCTCCAGGG-1",0
"CGACTTCAGACACGAC-1",0
"CGACTTCAGGTAGCCA-1",1
"CGACTTCAGTCTTGCA-1",3
"CGACTTCCAATGGACG-1",1
"CGACTTCGTGGTGTAG-1",1
"CGACTTCGTTGAGTTC-1",1
"CGACTTCTCACTTACT-1",4
"CGACTTCTCTCGCTTG-1",0
"CGAGAAGAGAAACGCC-1",1
"CGAGAAGAGCCAACAG-1",0
"CGAGAAGAGCGTGTCC-1",2
"CGAGAAGCAAGTTCTG-1",4
"CGAGAAGCACATCCGG-1",0
"CGAGAAGCAGGCTGAA-1",1
"CGAGAAGTCGGATGGA-1",0
"CGAGCACAGCCAGAAC-1",0
"CGAGCACCACATGTGT-1",2
"CGAGCACGTAGCGTCC-1",0
"CGAGCACGTAGCGTGA-1",0
"CGAGCACGTCAGATAA-1",0
"CGAGCACGTGCCTTGG-1",1
"CGAGCACTCCCGGATG-1",4
"CGAGCACTCCGCTGTT-1",1
"CGAGCACTCGGAAATA-1",0
"CGAGCACTCGTGACAT-1",1
"CGAGCCAAGCTAGCCC-1",1
"CGAGCCAGTATATCCG-1",0
"CGAGCCAGTCAAGCGA-1",0
"CGATCGGAGAGCCTAG-1",1
"CGATCGGAGTACGATA-1",3
"CGATCGGCAAACGCGA-1",0
"CGATCGGCAAGCGATG-1",0
"CGATCGGCAATACGCT-1",1
"CGATCGGCAGTTAACC-1",2
"CGATCGGCATACTCTT-1",0
"CGATCGGGTCGACTGC-1",4
"CGATCGGTCAACGGGA-1",0
"CGATCGGTCTAGCACA-1",0
"CGATGGCAGCCGTCGT-1",1
"CGATGGCAGTCCAGGA-1",0
"CGATGGCCACTTAACG-1",1
"CGATGGCCAGCGTAAG-1",0
"CGATGGCCATCATCCC-1",1
"CGATGGCTCCTAGAAC-1",1
"CGATGGCTCGCTAGCG-1",1
"CGATGGCTCTGACCTC-1",0
"CGATGTAAGGCAATTA-1",0
"CGATGTAAGTTTGCGT-1",0
"CGATGTACACAGGCCT-1",1
"CGATGTACAGGTCTCG-1",1
"CGATGTAGTCCAGTGC-1",3
"CGATGTAGTCTAGGTT-1",1
"CGATGTAGTGTGCCTG-1",1
"CGATGTAGTTTGCATG-1",1
"CGATTGAAGATGTGGC-1",1
"CGATTGACAGACGCAA-1",0
"CGATTGAGTATGGTTC-1",0
"CGATTGAGTTCAGACT-1",0
"CGATTGATCATGGTCA-1",1
"CGATTGATCTGCGGCA-1",0
"CGCCAAGAGAATGTTG-1",1
"CGCCAAGAGACCTTTG-1",0
"CGCCAAGAGATCGGGT-1",1
"CGCCAAGAGATCTGAA-1",1
"CGCCAAGAGCGTGTCC-1",2
"CGCCAAGGTCTAGGTT-1",2
"CGCCAAGTCAGGATCT-1",1
"CGCCAAGTCCACTCCA-1",0
"CGCCAAGTCTTGTTTG-1",1
"CGCGGTAAGCTAGCCC-1",0
"CGCGGTAAGGGTTCCC-1",1
"CGCGGTACAAACTGCT-1",0
"CGCGGTACAATGGAAT-1",0
"CGCGGTACAGCTGTTA-1",0
"CGCGGTAGTCAAGCGA-1",1
"CGCGGTAGTGAGGCTA-1",0
"CGCGGTAGTTTGCATG-1",1
"CGCGTTTAGTTATCGC-1",0
"CGCGTTTCAACAACCT-1",0
"CGCGTTTCAAGCGAGT-1",0
"CGCGTTTCAATGGACG-1",1
"CGCGTTTCACGGTGTC-1",3
"CGCGTTTGTGCTGTAT-1",2
"CGCGTTTGTGGACGAT-1",3
"CGCGTTTTCAAACCGT-1",1
"CGCGTTTTCAGCCTAA-1",2
"CGCGTTTTCCTATGTT-1",0
"CGCGTTTTCGTGGTCG-1",2
"CGCTATCAGAAACCGC-1",1
"CGCTATCAGTCATCCA-1",0
"CGCTATCCAAGCGAGT-1",5
"CGCTATCCAGTCGATT-1",4
"CGCTATCCATCGACGC-1",1
"CGCTATCCATTTCAGG-1",2
"CGCTATCGTACCGAGA-1",0
"CGCTATCGTTCGAATC-1",0
"CGCTATCGTTTCGCTC-1",0
"CGCTATCTCGTTACAG-1",2
"CGCTGGAAGGACATTA-1",4
"CGCTGGAAGGGCACTA-1",4
"CGCTGGAAGGTGATAT-1",1
"CGCTGGACAGACTCGC-1",1
"CGCTGGAGTGTAATGA-1",0
"CGCTGGAGTTCTGGTA-1",2
"CGCTGGATCCGAAGAG-1",1
"CGCTGGATCCGTTGCT-1",2
"CGCTGGATCGTAGGAG-1",0
"CGCTGGATCGTTACAG-1",3
"CGCTTCAAGAAGGGTA-1",0
"CGCTTCAAGGTCGGAT-1",0
"CGCTTCACACGGTGTC-1",2
"CGCTTCACAGACAAGC-1",2
"CGCTTCACATCACCCT-1",1
"CGCTTCAGTCGCGGTT-1",2
"CGCTTCATCTTAGAGC-1",3
"CGGACACAGCGATATA-1",0
"CGGACACAGCGATGAC-1",0
"CGGACACAGCTTCGCG-1",2
"CGGACACAGGTAAACT-1",0
"CGGACACAGTAGCCGA-1",1
"CGGACACCACAGGAGT-1",0
"CGGACACCATTCACTT-1",0
"CGGACACGTGAGCGAT-1",1
"CGGACACGTGCTCTTC-1",1
"CGGACACGTGTGACCC-1",0
"CGGACGTAGGTTACCT-1",1
"CGGACGTCATGGGACA-1",1
"CGGACGTGTGAAAGAG-1",0
"CGGACGTGTTGGTAAA-1",4
"CGGACGTTCATGTGGT-1",2
"CGGACGTTCTGTCCGT-1",0
"CGGACTGAGGAGCGAG-1",1
"CGGACTGAGGAGTCTG-1",0
"CGGACTGAGTGGTAGC-1",2
"CGGACTGCAACTTGAC-1",0
"CGGACTGCAATGACCT-1",3
"CGGACTGCACAACGTT-1",1
"CGGACTGCACGCCAGT-1",4
"CGGACTGCAGTATGCT-1",3
"CGGACTGGTAAAGGAG-1",1
"CGGACTGGTATAAACG-1",0
"CGGACTGGTGTAAGTA-1",1
"CGGACTGGTGTGGTTT-1",2
"CGGACTGGTTGACGTT-1",1
"CGGACTGTCATTGCCC-1",0
"CGGACTGTCCATGCTC-1",0
"CGGACTGTCCGTCAAA-1",3
"CGGACTGTCGTTTGCC-1",0
"CGGACTGTCTTCATGT-1",1
"CGGAGCTAGTTTAGGA-1",1
"CGGAGCTCATTGAGCT-1",1
"CGGAGCTGTAGAAAGG-1",2
"CGGAGCTTCACTTATC-1",3
"CGGAGCTTCATGTAGC-1",0
"CGGAGCTTCCACGAAT-1",1
"CGGAGTCAGTGCGATG-1",1
"CGGAGTCAGTGTGAAT-1",0
"CGGAGTCCAGTGGGAT-1",1
"CGGAGTCCATTATCTC-1",2
"CGGAGTCGTAGCTGCC-1",0
"CGGAGTCGTCCAGTGC-1",0
"CGGAGTCGTGTTCGAT-1",1
"CGGAGTCTCCCAGGTG-1",2
"CGGAGTCTCCGTAGTA-1",0
"CGGCTAGAGAAACGCC-1",4
"CGGCTAGAGCACCGTC-1",1
"CGGCTAGAGCTAAACA-1",1
"CGGCTAGCAGACAAAT-1",0
"CGGCTAGGTAACGCGA-1",1
"CGGCTAGGTTCATGGT-1",0
"CGGCTAGTCAAAGACA-1",0
"CGGCTAGTCGTGGGAA-1",1
"CGGCTAGTCTTGTTTG-1",4
"CGGGTCAAGAGTCGGT-1",2
"CGGGTCAAGCACACAG-1",2
"CGGGTCAAGCTAACTC-1",0
"CGGGTCAAGGACACCA-1",2
"CGGGTCAAGTATGACA-1",2
"CGGGTCACAATGACCT-1",3
"CGGGTCACACCGAAAG-1",0
"CGGGTCACAGCCACCA-1",0
"CGGGTCACATACAGCT-1",1
"CGGGTCACATCCTTGC-1",2
"CGGGTCAGTAGCGCTC-1",1
"CGGGTCAGTCGATTGT-1",1
"CGGGTCAGTGCAACTT-1",2
"CGGGTCAGTTGTTTGG-1",0
"CGGGTCATCAACACCA-1",0
"CGGGTCATCACCTTAT-1",0
"CGGGTCATCCACGACG-1",1
"CGGTTAACAGGACCCT-1",2
"CGGTTAACATGTCCTC-1",1
"CGGTTAACATTCCTGC-1",3
"CGGTTAAGTCGACTGC-1",3
"CGGTTAATCCGGCACA-1",0
"CGGTTAATCCTTTCGG-1",0
"CGGTTAATCTTATCTG-1",2
"CGTAGCGAGATGTAAC-1",1
"CGTAGCGAGGCAATTA-1",0
"CGTAGCGAGTAGGTGC-1",0
"CGTAGCGCAAGCGCTC-1",3
"CGTAGCGTCCAACCAA-1",1
"CGTAGCGTCGGCGGTT-1",2
"CGTAGGCAGGGCTCTC-1",1
"CGTAGGCCAAGCGATG-1",1
"CGTAGGCCACTAAGTC-1",0
"CGTAGGCCAGAGTGTG-1",0
"CGTAGGCCATCCCATC-1",2
"CGTAGGCGTATTAGCC-1",0
"CGTAGGCGTCAATACC-1",0
"CGTAGGCGTGGCGAAT-1",0
"CGTAGGCTCCAGAAGG-1",1
"CGTCACTAGTCATGCT-1",1
"CGTCACTCAAAGCGGT-1",1
"CGTCACTCAGGTCCAC-1",1
"CGTCACTCAGTCACTA-1",2
"CGTCACTTCCTTGACC-1",2
"CGTCACTTCGGTGTTA-1",1
"CGTCACTTCTGTGCAA-1",0
"CGTCACTTCTTGAGAC-1",0
"CGTCAGGAGCTGTTCA-1",2
"CGTCAGGCAAAGCAAT-1",1
"CGTCAGGCAAAGCGGT-1",0
"CGTCAGGCAACACGCC-1",2
"CGTCAGGCATCCGCGA-1",0
"CGTCAGGGTCAGCTAT-1",1
"CGTCAGGGTCGTTGTA-1",0
"CGTCAGGGTGTAAGTA-1",1
"CGTCAGGTCCACTGGG-1",1
"CGTCAGGTCGACAGCC-1",1
"CGTCAGGTCGGGAGTA-1",2
"CGTCCATAGACCACGA-1",0
"CGTCCATAGCGATTCT-1",0
"CGTCCATAGGCTATCT-1",1
"CGTCCATAGTCTCAAC-1",0
"CGTCCATCACGACTCG-1",0
"CGTCCATCATTCACTT-1",1
"CGTCCATGTCTAGCGC-1",0
"CGTCCATGTGATAAAC-1",3
"CGTCCATGTTTGGGCC-1",2
"CGTCCATGTTTGTGTG-1",3
"CGTCCATTCAACACCA-1",2
"CGTCCATTCATTCACT-1",0
"CGTCTACAGTGCGTGA-1",2
"CGTCTACGTAGTAGTA-1",3
"CGTCTACTCGAGCCCA-1",0
"CGTCTACTCGCCATAA-1",1
"CGTCTACTCGGCCGAT-1",1
"CGTCTACTCGTCCAGG-1",0
"CGTCTACTCTATCGCC-1",0
"CGTGAGCAGATCTGAA-1",3
"CGTGAGCAGCAATCTC-1",1
"CGTGAGCAGCGGATCA-1",2
"CGTGAGCAGCTAGTGG-1",3
"CGTGAGCAGCTTCGCG-1",2
"CGTGAGCAGGGCACTA-1",2
"CGTGAGCAGGGTGTGT-1",0
"CGTGAGCAGTGGAGAA-1",1
"CGTGAGCCAAGCCGCT-1",0
"CGTGAGCCACGTAAGG-1",2
"CGTGAGCCATACGCCG-1",1
"CGTGAGCGTAGATTAG-1",0
"CGTGAGCGTCTCTTAT-1",2
"CGTGAGCTCACAAACC-1",1
"CGTGAGCTCCAAATGC-1",0
"CGTGAGCTCCGAGCCA-1",0
"CGTGAGCTCGTTGCCT-1",0
"CGTGAGCTCTGGGCCA-1",5
"CGTGTAAAGATAGTCA-1",1
"CGTGTAAAGGTGTTAA-1",0
"CGTGTAAAGTACATGA-1",2
"CGTGTAACATGGGACA-1",2
"CGTGTAAGTCCGCTGA-1",0
"CGTGTAAGTGTCTGAT-1",2
"CGTGTAATCTACTATC-1",1
"CGTGTAATCTCGATGA-1",0
"CGTGTAATCTTTAGTC-1",1
"CGTGTCTAGGCGCTCT-1",0
"CGTGTCTAGGGATGGG-1",0
"CGTGTCTCAGACAAAT-1",1
"CGTGTCTCAGACACTT-1",1
"CGTGTCTGTAAGAGGA-1",0
"CGTGTCTGTATATGAG-1",0
"CGTGTCTGTCAAAGCG-1",0
"CGTGTCTGTTCCGTCT-1",1
"CGTGTCTTCAATCACG-1",2
"CGTGTCTTCAGAGGTG-1",0
"CGTGTCTTCATAGCAC-1",0
"CGTGTCTTCCGAACGC-1",0
"CGTGTCTTCGGCATCG-1",0
"CGTGTCTTCGTGGACC-1",0
"CGTGTCTTCTACTTAC-1",0
"CGTGTCTTCTGAGTGT-1",1
"CGTTAGAAGATCTGAA-1",1
"CGTTAGAAGGCCCTTG-1",2
"CGTTAGACACGAAAGC-1",0
"CGTTAGACAGCTTCGG-1",1
"CGTTAGAGTTTAAGCC-1",3
"CGTTAGATCACTTATC-1",2
"CGTTAGATCAGCCTAA-1",0
"CGTTCTGAGAAGGGTA-1",0
"CGTTCTGAGACTAGGC-1",0
"CGTTCTGAGTGAACAT-1",0
"CGTTCTGCAGCTCGCA-1",2
"CGTTCTGCATTGGCGC-1",1
"CGTTCTGGTGAGGGTT-1",0
"CGTTCTGTCTGATTCT-1",2
"CGTTGGGAGCTAGTTC-1",1
"CGTTGGGAGGATGCGT-1",2
"CGTTGGGCACATTAGC-1",0
"CGTTGGGCAGACAGGT-1",1
"CGTTGGGGTTCCCGAG-1",2
"CGTTGGGTCATGCTCC-1",3
"CGTTGGGTCCATGAAC-1",2
"CGTTGGGTCTACCAGA-1",1
"CTAACTTAGTCCTCCT-1",0
"CTAACTTCAATAGCAA-1",1
"CTAACTTCAATCGGTT-1",0
"CTAACTTGTGAGGCTA-1",0
"CTAACTTTCGTACGGC-1",1
"CTAACTTTCTGGCGTG-1",3
"CTAAGACAGGGAAACA-1",0
"CTAAGACAGTACATGA-1",0
"CTAAGACAGTTCGCGC-1",0
"CTAAGACCAAGTAATG-1",1
"CTAAGACCAGTAAGAT-1",0
"CTAAGACCATGCAATC-1",0
"CTAAGACGTAAGGATT-1",1
"CTAAGACGTATCAGTC-1",2
"CTAAGACGTCACCTAA-1",1
"CTAAGACTCGTTGCCT-1",1
"CTAAGACTCTTACCGC-1",3
"CTAAGACTCTTGAGGT-1",2
"CTAATGGAGCAATCTC-1",1
"CTAATGGAGCGCTCCA-1",1
"CTAATGGAGCTCCCAG-1",2
"CTAATGGAGCTGAAAT-1",0
"CTAATGGAGTTAGGTA-1",2
"CTAATGGCATGGAATA-1",0
"CTAATGGGTACCGCTG-1",2
"CTAATGGGTCTAGCGC-1",0
"CTAATGGGTGAGGGAG-1",0
"CTAATGGGTTGGTGGA-1",0
"CTAATGGTCATGCTCC-1",2
"CTAATGGTCCACTGGG-1",1
"CTAATGGTCCGTTGCT-1",2
"CTAATGGTCCTAGAAC-1",1
"CTACACCAGTGCGATG-1",4
"CTACACCCACGGACAA-1",1
"CTACACCGTAATAGCA-1",1
"CTACACCGTCTGATTG-1",0
"CTACACCGTTCGTCTC-1",0
"CTACACCTCAGAAATG-1",2
"CTACACCTCGGCTTGG-1",0
"CTACACCTCGGTCCGA-1",2
"CTACACCTCTCGCATC-1",1
"CTACACCTCTCTGCTG-1",1
"CTACATTAGATCACGG-1",2
"CTACATTCACTCGACG-1",2
"CTACATTCATTTCACT-1",3
"CTACATTGTGATGATA-1",1
"CTACATTGTTCGAATC-1",1
"CTACATTTCAACGCTA-1",3
"CTACATTTCGCCATAA-1",1
"CTACATTTCTAGCACA-1",1
"CTACCCACACAGAGGT-1",1
"CTACCCACACGACGAA-1",1
"CTACCCACATGGTTGT-1",1
"CTACCCAGTATCTGCA-1",0
"CTACCCAGTATGAATG-1",1
"CTACCCAGTCAGAAGC-1",0
"CTACCCAGTGTGACCC-1",2
"CTACCCAGTTATGTGC-1",2
"CTACCCATCTACGAGT-1",0
"CTACGTCAGGTGCAAC-1",4
"CTACGTCAGTGCGATG-1",0
"CTACGTCAGTTGTCGT-1",2
"CTACGTCCATATACCG-1",0
"CTACGTCGTATATGGA-1",0
"CTACGTCGTGTGGTTT-1",1
"CTACGTCTCAAAGTAG-1",1
"CTACGTCTCACGACTA-1",2
"CTACGTCTCACGGTTA-1",3
"CTACGTCTCCTAGAAC-1",0
"CTAGAGTAGCTGTCTA-1",1
"CTAGAGTAGGATCGCA-1",0
"CTAGAGTAGTCCATAC-1",3
"CTAGAGTCACATTAGC-1",2
"CTAGAGTCAGTATGCT-1",3
"CTAGAGTCATACTCTT-1",2
"CTAGAGTCATGTAAGA-1",0
"CTAGAGTGTGACCAAG-1",1
"CTAGAGTTCAACACCA-1",1
"CTAGAGTTCCGTCAAA-1",0
"CTAGAGTTCCTAAGTG-1",0
"CTAGAGTTCGCCAGCA-1",1
"CTAGAGTTCGCTTAGA-1",0
"CTAGAGTTCGTGACAT-1",0
"CTAGAGTTCTGATTCT-1",1
"CTAGCCTCACCAGATT-1",2
"CTAGCCTGTATATCCG-1",1
"CTAGCCTGTGATGCCC-1",2
"CTAGCCTTCGGGAGTA-1",0
"CTAGTGAAGCTGGAAC-1",1
"CTAGTGAAGTGTACCT-1",0
"CTAGTGACAAGTCTAC-1",2
"CTAGTGACAGGATCGA-1",0
"CTAGTGAGTTATGCGT-1",1
"CTAGTGATCAGTTGAC-1",1
"CTAGTGATCCAGTAGT-1",2
"CTCACACAGCTAAGAT-1",1
"CTCACACAGCTGCCCA-1",1
"CTCACACAGGATGCGT-1",0
"CTCACACCACGTAAGG-1",2
"CTCACACCACTGTTAG-1",1
"CTCACACCATATACGC-1",1
"CTCACACGTGCTGTAT-1",2
"CTCACACGTTCCATGA-1",1
"CTCACACGTTTGGGCC-1",0
"CTCACACTCACCGGGT-1",0
"CTCACACTCATCGGAT-1",0
"CTCACACTCCGCGCAA-1",1
"CTCACACTCTAACCGA-1",0
"CTCAGAAAGAGCTGCA-1",1
"CTCAGAAAGGAGTAGA-1",0
"CTCAGAACAACGCACC-1",0
"CTCAGAACAAGCGATG-1",2
"CTCAGAACAGGGCATA-1",3
"CTCAGAAGTGACGGTA-1",2
"CTCAGAATCTTAACCT-1",2
"CTCATTAAGAACTGTA-1",1
"CTCATTACATGGTCAT-1",1
"CTCATTAGTGTAACGG-1",0
"CTCATTAGTTTACTCT-1",2
"CTCCTAGCAAGTACCT-1",1
"CTCCTAGCAATTCCTT-1",0
"CTCCTAGCACTGTCGG-1",1
"CTCCTAGCAGTCCTTC-1",2
"CTCCTAGCATAACCTG-1",0
"CTCCTAGCATGCGCAC-1",0
"CTCCTAGGTAGAAAGG-1",2
"CTCCTAGGTCCGAGTC-1",5
"CTCCTAGGTCTAGCCG-1",1
"CTCCTAGGTGTTTGTG-1",1
"CTCCTAGGTTCGTGAT-1",0
"CTCCTAGGTTGTTTGG-1",0
"CTCCTAGTCACTTACT-1",2
"CTCCTAGTCTCATTCA-1",3
"CTCGAAAAGCCCAACC-1",0
"CTCGAAAAGCTATGCT-1",0
"CTCGAAAAGGCCCTTG-1",2
"CTCGAAAAGGGCTTCC-1",5
"CTCGAAACAAGCCGTC-1",0
"CTCGAAACACATTAGC-1",3
"CTCGAAACACCGAAAG-1",1
"CTCGAAACACGGCTAC-1",0
"CTCGAAACAGTAAGAT-1",1
"CTCGAAACATACGCCG-1",1
"CTCGAGGAGCCATCGC-1",0
"CTCGAGGAGGGCTTCC-1",2
"CTCGAGGCAGATAATG-1",0
"CTCGAGGGTATTCTCT-1",0
"CTCGAGGGTGCCTGGT-1",1
"CTCGGAGAGTCCCACG-1",3
"CTCGGAGCACTTCTGC-1",2
"CTCGGAGCAGCTGCAC-1",2
"CTCGGAGCAGGATCGA-1",4
"CTCGGAGGTAGCCTAT-1",2
"CTCGGAGGTCATGCCG-1",0
"CTCGGAGTCAAACGGG-1",1
"CTCGGAGTCACATACG-1",2
"CTCGGAGTCAGCTTAG-1",1
"CTCGGGAAGACCTAGG-1",1
"CTCGGGACACAGCCCA-1",4
"CTCGGGACATAAAGGT-1",0
"CTCGGGACATCCCACT-1",0
"CTCGGGACATGTCGAT-1",0
"CTCGGGAGTCGCGTGT-1",0
"CTCGGGAGTGACTACT-1",1
"CTCGGGAGTTACGACT-1",0
"CTCGGGATCCGTACAA-1",1
"CTCGGGATCCTTGACC-1",0
"CTCGGGATCTTAGCCC-1",0
"CTCGGGATCTTGTTTG-1",2
"CTCGTACAGCGATAGC-1",1
"CTCGTACCAGCGTAAG-1",0
"CTCGTACCATAGTAAG-1",0
"CTCGTACGTAGAGTGC-1",4
"CTCGTACGTATCACCA-1",5
"CTCGTACGTGCAGTAG-1",1
"CTCGTACTCAAAGTAG-1",1
"CTCGTACTCAATCTCT-1",1
"CTCGTACTCGTTGCCT-1",1
"CTCGTACTCTGGTTCC-1",0
"CTCGTCAAGATGCCTT-1",1
"CTCGTCAAGTGGAGTC-1",1
"CTCGTCAAGTTTGCGT-1",0
"CTCGTCACAACGATCT-1",0
"CTCGTCACACATCCGG-1",0
"CTCGTCACAGTCGTGC-1",2
"CTCGTCAGTCTCATCC-1",2
"CTCGTCAGTCTCCATC-1",2
"CTCGTCAGTGAGCGAT-1",0
"CTCGTCAGTTGACGTT-1",2
"CTCGTCAGTTGGGACA-1",0
"CTCGTCATCACTTATC-1",1
"CTCGTCATCGACCAGC-1",3
"CTCGTCATCTGCTGTC-1",0
"CTCTAATCACCAGGTC-1",4
"CTCTAATCACGGTGTC-1",2
"CTCTAATCAGGAATCG-1",1
"CTCTAATGTCCAAGTT-1",2
"CTCTACGAGCTAAACA-1",1
"CTCTACGAGCTAGTGG-1",0
"CTCTACGAGTACGCCC-1",1
"CTCTACGAGTAGGCCA-1",1
"CTCTACGCAATAACGA-1",0
"CTCTACGCAGACGCTC-1",1
"CTCTACGCATGACATC-1",1
"CTCTACGTCATGTCTT-1",1
"CTCTACGTCCCTAATT-1",3
"CTCTACGTCGGCATCG-1",0
"CTCTACGTCGGTCTAA-1",0
"CTCTGGTAGCAGCGTA-1",0
"CTCTGGTAGCGTTCCG-1",0
"CTCTGGTAGGCATGGT-1",1
"CTCTGGTAGTGCCAGA-1",0
"CTCTGGTCACAAGCCC-1",3
"CTCTGGTCAGCCTTTC-1",0
"CTCTGGTTCATCTGTT-1",2
"CTCTGGTTCTTGTACT-1",0
"CTGAAACAGATCCCGC-1",2
"CTGAAACAGGTGCTAG-1",3
"CTGAAACAGTCCGTAT-1",3
"CTGAAACAGTGTCTCA-1",1
"CTGAAACGTCATCGGC-1",2
"CTGAAACGTTAAAGAC-1",1
"CTGAAACTCATACGGT-1",1
"CTGAAGTAGTGCGTGA-1",5
"CTGAAGTCAGCTGTAT-1",1
"CTGAAGTGTTAAAGTG-1",1
"CTGAAGTTCAAGCCTA-1",3
"CTGAAGTTCGGATGTT-1",1
"CTGATAGAGGGAGTAA-1",0
"CTGATAGAGTGCAAGC-1",1
"CTGATAGCAGCCTTTC-1",4
"CTGATAGCATCCCATC-1",0
"CTGATAGCATCTCCCA-1",2
"CTGATAGGTCAAAGCG-1",0
"CTGATAGGTCGCTTTC-1",3
"CTGATAGGTTACGACT-1",0
"CTGATAGTCGCGATCG-1",0
"CTGATAGTCTTATCTG-1",0
"CTGATCCAGGCATTGG-1",0
"CTGATCCAGGTGACCA-1",1
"CTGATCCCACAGAGGT-1",3
"CTGATCCCAGGCTGAA-1",1
"CTGATCCGTGCCTGGT-1",0
"CTGATCCGTTATCCGA-1",1
"CTGATCCGTTGTGGCC-1",0
"CTGCCTAAGGGTCTCC-1",2
"CTGCCTAAGGTGATAT-1",2
"CTGCCTAAGTACGCGA-1",1
"CTGCCTAAGTGCGTGA-1",2
"CTGCCTACATCCCACT-1",3
"CTGCCTATCAATAAGG-1",0
"CTGCGGAAGAAGGACA-1",1
"CTGCGGAAGAGCTGGT-1",0
"CTGCGGAAGATGAGAG-1",0
"CTGCGGACAGGTCGTC-1",0
"CTGCGGACATGTCTCC-1",1
"CTGCGGAGTCACTTCC-1",2
"CTGCGGAGTCGTGGCT-1",5
"CTGCGGAGTTCTGTTT-1",0
"CTGCGGAGTTGGACCC-1",1
"CTGCGGATCGCCTGTT-1",0
"CTGCGGATCTTACCGC-1",0
"CTGCTGTAGGGTGTTG-1",0
"CTGCTGTAGTACCGGA-1",2
"CTGCTGTAGTGGAGAA-1",0
"CTGCTGTCACATCTTT-1",0
"CTGCTGTGTTAAAGAC-1",2
"CTGCTGTTCTCCAACC-1",1
"CTGCTGTTCTTACCGC-1",0
"CTGGTCTAGCGTTGCC-1",3
"CTGGTCTAGGACAGCT-1",0
"CTGGTCTAGGGCTTGA-1",3
"CTGGTCTAGTCGAGTG-1",4
"CTGGTCTCAAAGGAAG-1",2
"CTGGTCTCACCAGTTA-1",0
"CTGGTCTGTACCTACA-1",0
"CTGGTCTGTACGCTGC-1",0
"CTGGTCTGTCCGCTGA-1",2
"CTGGTCTGTCCGTTAA-1",2
"CTGGTCTGTTCATGGT-1",1
"CTGGTCTGTTCGTGAT-1",1
"CTGGTCTTCAACGGGA-1",3
"CTGGTCTTCACTTACT-1",1
"CTGGTCTTCTTACCTA-1",0
"CTGTGCTGTATATCCG-1",1
"CTGTGCTGTCATCCCT-1",1
"CTGTGCTGTCCCTACT-1",0
"CTGTGCTGTCGGCACT-1",2
"CTGTGCTTCCATTCTA-1",1
"CTGTGCTTCCGTACAA-1",1
"CTGTTTAAGAAACCGC-1",2
"CTGTTTAAGATCGATA-1",0
"CTGTTTAAGGAGTTGC-1",3
"CTGTTTAGTCAAAGCG-1",2
"CTGTTTATCAGCCTAA-1",1
"CTGTTTATCATTTGGG-1",0
"CTGTTTATCTCCAGGG-1",0
"CTGTTTATCTCTTGAT-1",2
"CTGTTTATCTTCTGGC-1",2
"CTTAACTAGCCAGTAG-1",3
"CTTAACTAGGCTCTTA-1",2
"CTTAACTAGGTGCACA-1",1
"CTTAACTAGTCTCGGC-1",2
"CTTACCGAGCGCTTAT-1",0
"CTTACCGAGGCTACGA-1",0
"CTTACCGCAGATCTGT-1",0
"CTTACCGCAGTCAGAG-1",2
"CTTACCGGTCCTGCTT-1",0
"CTTACCGGTCGCCATG-1",0
"CTTACCGGTCTACCTC-1",0
"CTTACCGTCGGACAAG-1",0
"CTTAGGAAGCCCAACC-1",2
"CTTAGGACACGACGAA-1",2
"CTTAGGAGTTATGTGC-1",0
"CTTAGGATCCCATTTA-1",2
"CTTAGGATCTTTACAC-1",2
"CTTCTCTAGAACTCGG-1",0
"CTTCTCTAGAGTGAGA-1",1
"CTTCTCTAGCAGGCTA-1",2
"CTTCTCTAGTTAACGA-1",2
"CTTCTCTCAAAGGTGC-1",2
"CTTCTCTGTAACGACG-1",1
"CTTCTCTGTGCATCTA-1",1
"CTTCTCTTCGAGCCCA-1",2
"CTTGGCTAGCGATATA-1",0
"CTTGGCTAGTACGTTC-1",1
"CTTGGCTCATTACCTT-1",1
"CTTGGCTGTCTCCATC-1",0
"CTTGGCTTCCCTAATT-1",3
"CTTGGCTTCGCGTAGC-1",2
"CTTGGCTTCTCGTTTA-1",0
"CTTTGCGAGCAAATCA-1",0
"CTTTGCGAGCGTTCCG-1",0
"CTTTGCGAGTATCTCG-1",1
"CTTTGCGCAATTCCTT-1",0
"CTTTGCGCACTTAAGC-1",0
"CTTTGCGCAGACGCAA-1",0
"CTTTGCGGTAGAGGAA-1",2
"CTTTGCGTCCAGGGCT-1",1
"GAAACTCAGAGACGAA-1",1
"GAAACTCAGAGGTTAT-1",0
"GAAACTCAGCAGCCTC-1",0
"GAAACTCAGCCCAGCT-1",0
"GAAACTCAGCTAAACA-1",3
"GAAACTCAGTGCTGCC-1",2
"GAAACTCCAAGCCCAC-1",0
"GAAACTCCACATGACT-1",1
"GAAACTCCAGACACTT-1",0
"GAAACTCCATGGATGG-1",1
"GAAACTCGTACTCGCG-1",2
"GAAACTCGTAGCGATG-1",2
"GAAACTCGTGTGAAAT-1",3
"GAAACTCGTTTGTGTG-1",0
"GAAATGAAGACTAGGC-1",0
"GAAATGAAGCCAGTTT-1",1
"GAAATGAAGCTAGTCT-1",1
"GAAATGAAGTACGTAA-1",1
"GAAATGATCATGCTCC-1",0
"GAAATGATCCTCGCAT-1",3
"GAACATCAGATGGCGT-1",1
"GAACATCCAACAACCT-1",2
"GAACATCCACATCTTT-1",1
"GAACATCCACCTATCC-1",1
"GAACATCCACGGACAA-1",0
"GAACATCCATGCTAGT-1",1
"GAACATCGTACGACCC-1",3
"GAACATCGTGGACGAT-1",1
"GAACATCGTTCCCGAG-1",4
"GAACATCTCCAAGTAC-1",3
"GAACATCTCGATCCCT-1",0
"GAACATCTCTCCAACC-1",2
"GAACCTAAGAACTGTA-1",0
"GAACCTAAGAGCAATT-1",1
"GAACCTAAGCCAGTAG-1",0
"GAACCTACAAGGACAC-1",0
"GAACCTACAGACACTT-1",2
"GAACCTAGTACCAGTT-1",1
"GAACCTAGTGTCAATC-1",1
"GAACCTATCACGATGT-1",0
"GAACGGAAGACGCAAC-1",1
"GAACGGAAGTAATCCC-1",2
"GAACGGAAGTCAATAG-1",0
"GAACGGAAGTGGACGT-1",0
"GAACGGACACAGCGTC-1",1
"GAACGGACACCTCGTT-1",0
"GAACGGACACTTAACG-1",2
"GAACGGAGTAGCGTAG-1",0
"GAACGGAGTCAGAGGT-1",0
"GAACGGAGTGGCGAAT-1",0
"GAACGGATCACTCCTG-1",0
"GAACGGATCCACGAAT-1",1
"GAACGGATCGTAGGAG-1",1
"GAACGGATCTGTCAAG-1",0
"GAAGCAGAGACTAAGT-1",1
"GAAGCAGAGAGACGAA-1",3
"GAAGCAGAGCCACGCT-1",2
"GAAGCAGAGTTCGCGC-1",0
"GAAGCAGCAATCCGAT-1",2
"GAAGCAGCACTCGACG-1",0
"GAAGCAGCAGATCTGT-1",0
"GAAGCAGCAGATGAGC-1",0
"GAAGCAGCATGAACCT-1",0
"GAAGCAGCATGGAATA-1",0
"GAAGCAGGTAACGCGA-1",1
"GAAGCAGGTCATACTG-1",0
"GAAGCAGTCCTAGTGA-1",0
"GAAGCAGTCTTATCTG-1",0
"GAATAAGCAAGGTGTG-1",1
"GAATAAGCAGACAAGC-1",0
"GAATAAGCATGCAACT-1",0
"GAATAAGGTCCGTTAA-1",3
"GAATAAGGTGAGTGAC-1",2
"GAATAAGGTTCCCTTG-1",0
"GAATAAGTCGTTTAGG-1",0
"GAATGAAAGAGTCTGG-1",1
"GAATGAAAGCTTATCG-1",0
"GAATGAAAGGCATGTG-1",0
"GAATGAACAAACGCGA-1",0
"GAATGAACAGTGAGTG-1",0
"GAATGAACATCATCCC-1",3
"GAATGAAGTCAACATC-1",2
"GAATGAAGTCTCACCT-1",2
"GAATGAAGTGGCAAAC-1",0
"GAATGAAGTTGCGTTA-1",0
"GAATGAATCAGTTAGC-1",0
"GAATGAATCCTGCCAT-1",0
"GACACGCAGACGCACA-1",2
"GACACGCAGAGTAATC-1",2
"GACACGCAGCCAACAG-1",0
"GACACGCAGGAGTTTA-1",0
"GACACGCAGGGCATGT-1",2
"GACACGCAGGTGCACA-1",0
"GACACGCAGTCCAGGA-1",0
"GACACGCAGTGGGATC-1",0
"GACACGCAGTGGGTTG-1",2
"GACACGCCAAGCGTAG-1",1
"GACACGCCAAGGACAC-1",2
"GACACGCCAGACGCTC-1",0
"GACACGCCATCCTTGC-1",1
"GACACGCGTTCACGGC-1",0
"GACACGCTCATGTAGC-1",0
"GACAGAGAGTACGATA-1",1
"GACAGAGCAACGATCT-1",1
"GACAGAGCAAGTCTAC-1",0
"GACAGAGCAGCTCCGA-1",0
"GACAGAGCAGCTGGCT-1",0
"GACAGAGGTAGAAAGG-1",1
"GACAGAGTCAAACAAG-1",1
"GACAGAGTCAGAGACG-1",2
"GACAGAGTCCTTCAAT-1",0
"GACAGAGTCCTTGCCA-1",1
"GACAGAGTCTTCATGT-1",1
"GACCAATAGAAGGGTA-1",1
"GACCAATAGCTACCGC-1",2
"GACCAATAGCTACCTA-1",2
"GACCAATCAGGTGCCT-1",5
"GACCAATCATGCGCAC-1",0
"GACCAATGTACAGTTC-1",4
"GACCAATGTCGCTTCT-1",0
"GACCAATTCCGATATG-1",1
"GACCAATTCGAATGGG-1",0
"GACCAATTCGTCACGG-1",0
"GACCTGGCATCACAAC-1",1
"GACCTGGCATGTCTCC-1",3
"GACCTGGCATTGGCGC-1",0
"GACCTGGGTAAAGGAG-1",0
"GACCTGGGTCCAGTTA-1",1
"GACCTGGGTGCAGTAG-1",1
"GACCTGGTCATAGCAC-1",1
"GACCTGGTCCTTGCCA-1",1
"GACCTGGTCGCATGAT-1",4
"GACCTGGTCGTCACGG-1",3
"GACGCGTAGTGGTAAT-1",1
"GACGCGTAGTTGTAGA-1",2
"GACGCGTGTAAAGGAG-1",2
"GACGCGTGTGTGAAAT-1",2
"GACGCGTGTTAAGACA-1",2
"GACGCGTTCAAACCGT-1",1
"GACGCGTTCCAAATGC-1",2
"GACGCGTTCCGCGGTA-1",1
"GACGCGTTCCTACAGA-1",0
"GACGCGTTCGACGGAA-1",0
"GACGCGTTCTCCGGTT-1",1
"GACGGCTAGAAGATTC-1",1
"GACGGCTAGAGCTGGT-1",0
"GACGGCTCAAGGTTTC-1",2
"GACGGCTCACCGCTAG-1",1
"GACGGCTCATGAACCT-1",1
"GACGGCTCATGCAACT-1",0
"GACGGCTGTGTGTGCC-1",0
"GACGGCTGTTATGTGC-1",0
"GACGGCTGTTTGGCGC-1",0
"GACGGCTTCTATCGCC-1",0
"GACGTGCAGGCAAAGA-1",1
"GACGTGCAGGGTGTGT-1",2
"GACGTGCAGGTGTTAA-1",0
"GACGTGCCAGGTCGTC-1",2
"GACGTGCGTAACGTTC-1",1
"GACGTGCTCACCTCGT-1",2
"GACGTTAAGCTACCGC-1",0
"GACGTTAAGGCAAAGA-1",0
"GACGTTAAGTCAAGCG-1",0
"GACGTTACAAGCCATT-1",0
"GACGTTACAAGGTTTC-1",1
"GACGTTACAGACACTT-1",0
"GACGTTAGTATCTGCA-1",0
"GACGTTAGTTTGACAC-1",4
"GACGTTAGTTTGACTG-1",2
"GACGTTATCACAGGCC-1",1
"GACGTTATCATTGCGA-1",0
"GACGTTATCCCGGATG-1",0
"GACGTTATCCGAAGAG-1",0
"GACGTTATCGCGTTTC-1",4
"GACGTTATCTGTCCGT-1",2
"GACTAACAGACAGAGA-1",2
"GACTAACAGTGGAGAA-1",0
"GACTAACCAAATCCGT-1",0
"GACTAACGTCTAGTCA-1",0
"GACTAACGTGCAACTT-1",1
"GACTAACGTTCAGACT-1",0
"GACTAACTCCGCGCAA-1",0
"GACTAACTCCTTTCTC-1",3
"GACTAACTCTTGCCGT-1",1
"GACTAACTCTTTACAC-1",0
"GACTACAAGATATGGT-1",0
"GACTACACAAATCCGT-1",2
"GACTACAGTGCTGTAT-1",0
"GACTACATCAGCCTAA-1",0
"GACTACATCAGGTAAA-1",3
"GACTACATCTGCAGTA-1",1
"GACTGCGAGCGTAGTG-1",1
"GACTGCGAGTTGTAGA-1",2
"GACTGCGCACTTAACG-1",1
"GACTGCGCATGTTCCC-1",3
"GACTGCGGTACGCACC-1",0
"GACTGCGGTTCTCATT-1",0
"GACTGCGTCAACACAC-1",1
"GACTGCGTCACGACTA-1",1
"GACTGCGTCGCCCTTA-1",1
"GACTGCGTCTCAAACG-1",0
"GAGCAGAGTAGGGTAC-1",0
"GAGCAGAGTCAGATAA-1",2
"GAGCAGAGTCATATGC-1",0
"GAGCAGAGTGAGCGAT-1",0
"GAGCAGAGTGTAACGG-1",0
"GAGCAGAGTGTGACCC-1",2
"GAGCAGAGTTCGGGCT-1",0
"GAGCAGAGTTTAAGCC-1",0
"GAGCAGAGTTTGCATG-1",1
"GAGGTGAAGCAACGGT-1",3
"GAGGTGAAGGCTCTTA-1",1
"GAGGTGAAGTGGTAGC-1",0
"GAGGTGAAGTTGTAGA-1",1
"GAGGTGACACTGTCGG-1",0
"GAGGTGACATCCTTGC-1",1
"GAGGTGACATGCATGT-1",1
"GAGGTGAGTACCTACA-1",0
"GAGGTGAGTCATTAGC-1",2
"GAGGTGAGTTCCTCCA-1",0
"GAGGTGATCATCGCTC-1",2
"GAGGTGATCTAGAGTC-1",0
"GAGGTGATCTCTAGGA-1",3
"GAGGTGATCTGCTGTC-1",0
"GAGGTGATCTGGGCCA-1",0
"GAGTCCGAGGACAGAA-1",4
"GAGTCCGAGGCATGTG-1",0
"GAGTCCGAGGCGTACA-1",1
"GAGTCCGCAAACCCAT-1",0
"GAGTCCGGTCAAGCGA-1",0
"GAGTCCGGTGACCAAG-1",2
"GAGTCCGGTGACTCAT-1",3
"GAGTCCGGTGTGACCC-1",3
"GAGTCCGGTTCGGGCT-1",2
"GAGTCCGGTTTGCATG-1",0
"GAGTCCGTCGGCGCAT-1",1
"GAGTCCGTCTGATTCT-1",0
"GATCAGTAGATGTCGG-1",1
"GATCAGTAGTGGTAGC-1",0
"GATCAGTGTATATGAG-1",1
"GATCAGTGTCTGCGGT-1",0
"GATCAGTGTTATGCGT-1",0
"GATCAGTGTTGTACAC-1",1
"GATCAGTTCCCGACTT-1",0
"GATCGATAGAATGTTG-1",2
"GATCGATAGAGCTGCA-1",1
"GATCGATAGCATGGCA-1",0
"GATCGATCAAGCGAGT-1",2
"GATCGATCAAGCGTAG-1",0
"GATCGATGTCAACATC-1",1
"GATCGATGTTGCCTCT-1",1
"GATCGATTCCGCATCT-1",2
"GATCGCGAGATAGTCA-1",0
"GATCGCGAGCCTTGAT-1",2
"GATCGCGAGGAGCGTT-1",1
"GATCGCGCAGGTCGTC-1",0
"GATCGCGGTACAGCAG-1",1
"GATCGCGGTGAGTATA-1",1
"GATCGCGGTTGTCGCG-1",1
"GATCGCGTCACTCCTG-1",1
"GATCGTAAGACATAAC-1",1
"GATCGTAAGCTCAACT-1",1
"GATCGTACATAACCTG-1",1
"GATCGTAGTGGCTCCA-1",0
"GATCGTATCATATCGG-1",0
"GATCGTATCATGTCCC-1",0
"GATCGTATCTTACCGC-1",0
"GATCTAGAGCGTCTAT-1",0
"GATCTAGAGTGGAGAA-1",1
"GATCTAGCAACACCTA-1",0
"GATCTAGCAAGGGTCA-1",0
"GATCTAGGTCTAAAGA-1",0
"GATCTAGGTCTCACCT-1",1
"GATCTAGGTCTCTTTA-1",1
"GATCTAGTCACATAGC-1",2
"GATCTAGTCTAAGCCA-1",0
"GATGAAAAGAGTAATC-1",0
"GATGAAAAGCTCCCAG-1",1
"GATGAAACACGGTAGA-1",1
"GATGAAACAGCTGTAT-1",2
"GATGAAAGTGGGTATG-1",0
"GATGAAATCACCCTCA-1",0
"GATGAAATCACTCCTG-1",2
"GATGAAATCAGCAACT-1",0
"GATGAAATCGAGAGCA-1",0
"GATGAGGAGATCCCGC-1",0
"GATGAGGAGTTCGATC-1",2
"GATGAGGCACCAGTTA-1",4
"GATGAGGGTATCACCA-1",0
"GATGAGGGTATTCGTG-1",0
"GATGAGGGTCGCGTGT-1",0
"GATGAGGGTGATGATA-1",0
"GATGAGGTCACAGGCC-1",1
"GATGAGGTCACATAGC-1",0
"GATGAGGTCCCTTGTG-1",2
"GATGAGGTCTGCTGTC-1",1
"GATGCTAAGACTAAGT-1",0
"GATGCTAAGGATGCGT-1",1
"GATGCTAAGGCTCTTA-1",1
"GATGCTAAGGGAACGG-1",0
"GATGCTAAGTATCTCG-1",0
"GATGCTAAGTCTCGGC-1",1
"GATGCTACATGTTGAC-1",0
"GATGCTACATTGCGGC-1",0
"GATGCTAGTCTCCATC-1",0
"GATGCTAGTGGAAAGA-1",1
"GATGCTAGTTAGGGTG-1",3
"GATGCTATCCTGTACC-1",2
"GATGCTATCGGCGCTA-1",2
"GATTCAGAGAAACCTA-1",1
"GATTCAGAGAGTGACC-1",1
"GATTCAGAGATTACCC-1",2
"GATTCAGAGGGTCGAT-1",0
"GATTCAGAGGTCGGAT-1",2
"GATTCAGAGTCAATAG-1",0
"GATTCAGCAAGTTGTC-1",0
"GATTCAGCAATTCCTT-1",0
"GATTCAGCAGGGTACA-1",2
"GATTCAGCATCGACGC-1",2
"GATTCAGCATTATCTC-1",0
"GATTCAGGTAAATACG-1",0
"GATTCAGTCAACTCTT-1",2
"GCAAACTAGATGTTAG-1",0
"GCAAACTAGTCATGCT-1",1
"GCAAACTAGTCTCAAC-1",0
"GCAAACTCACAGGTTT-1",1
"GCAAACTGTCAGATAA-1",1
"GCAAACTGTCTCCATC-1",0
"GCAAACTTCGTGGTCG-1",0
"GCAATCAAGGGATCTG-1",1
"GCAATCAAGTATCTCG-1",1
"GCAATCAAGTGGGTTG-1",1
"GCAATCACAGCTTAAC-1",1
"GCAATCACATGTCGAT-1",0
"GCAATCACATTCCTCG-1",2
"GCAATCAGTAGGAGTC-1",0
"GCAATCAGTATAATGG-1",2
"GCAATCAGTTCTCATT-1",0
"GCAATCAGTTCTGGTA-1",1
"GCACATAAGAGCTATA-1",0
"GCACATAAGATGTTAG-1",0
"GCACATAAGCCTTGAT-1",0
"GCACATAAGGAGTACC-1",1
"GCACATAAGTGAAGTT-1",0
"GCACATACACCACGTG-1",0
"GCACATACAGCTGTAT-1",2
"GCACATACAGGAACGT-1",2
"GCACATAGTCATCGGC-1",2
"GCACATAGTCCGAATT-1",3
"GCACATAGTCTCTTTA-1",0
"GCACATAGTGCGCTTG-1",1
"GCACATATCACCTCGT-1",0
"GCACATATCTGGTTCC-1",1
"GCACTCTCAAGACACG-1",2
"GCACTCTCAATCACAC-1",0
"GCACTCTCATTTCAGG-1",0
"GCACTCTGTAAACCTC-1",0
"GCACTCTGTACCAGTT-1",1
"GCACTCTGTAGAAAGG-1",0
"GCACTCTGTCGAACAG-1",0
"GCACTCTGTCTAGGTT-1",1
"GCACTCTTCAACTCTT-1",1
"GCACTCTTCCCTAATT-1",3
"GCACTCTTCTGCCCTA-1",2
"GCAGCCAAGCTGATAA-1",1
"GCAGCCACATGAGCGA-1",1
"GCAGCCAGTAATCGTC-1",1
"GCAGCCAGTGTCGCTG-1",3
"GCAGCCATCAGTTGAC-1",0
"GCAGCCATCCCAACGG-1",0
"GCAGCCATCCGTACAA-1",0
"GCAGTTAAGTCCATAC-1",0
"GCAGTTAAGTCCGTAT-1",1
"GCAGTTAAGTTAACGA-1",0
"GCAGTTAGTGGACGAT-1",1
"GCAGTTAGTTATTCTC-1",0
"GCAGTTATCGCGATCG-1",1
"GCATACAAGATCTGCT-1",0
"GCATACAAGCAACGGT-1",2
"GCATACACAACGCACC-1",0
"GCATACACAAGGACTG-1",0
"GCATACACAAGTCTGT-1",0
"GCATACACAGTCAGCC-1",2
"GCATACACATCCTAGA-1",0
"GCATACACATCGGAAG-1",0
"GCATACAGTCCGAACC-1",1
"GCATACAGTTCTGGTA-1",1
"GCATACATCCACGACG-1",1
"GCATGATAGAATGTTG-1",2
"GCATGATAGAGTAATC-1",0
"GCATGATAGCTGATAA-1",0
"GCATGATAGGACCACA-1",2
"GCATGATAGGCTAGCA-1",0
"GCATGATAGTCAAGCG-1",0
"GCATGATAGTGGAGAA-1",2
"GCATGATCACACCGAC-1",0
"GCATGATCACATTTCT-1",0
"GCATGATGTCCCTACT-1",2
"GCATGATGTTGCGCAC-1",0
"GCATGATTCGTGGACC-1",2
"GCATGCGAGCATGGCA-1",1
"GCATGCGAGTCCAGGA-1",2
"GCATGCGCACTGCCAG-1",0
"GCATGCGGTAAGGATT-1",1
"GCATGCGGTCCTCTTG-1",1
"GCATGCGGTGTGAAAT-1",0
"GCATGCGTCCGCGGTA-1",2
"GCATGTAAGAACTGTA-1",1
"GCATGTAAGACAGACC-1",1
"GCATGTAAGTACTTGC-1",1
"GCATGTAAGTGCAAGC-1",0
"GCATGTACAACACGCC-1",1
"GCATGTATCACGAAGG-1",0
"GCCAAATCAAACTGTC-1",0
"GCCAAATCAAGGGTCA-1",0
"GCCAAATCAAGTTCTG-1",1
"GCCAAATCAGCCACCA-1",1
"GCCAAATCATAACCTG-1",0
"GCCAAATGTATAAACG-1",1
"GCCAAATGTGTTTGGT-1",0
"GCCAAATGTTTCGCTC-1",0
"GCCAAATTCAGGTAAA-1",0
"GCCAAATTCCGAGCCA-1",2
"GCCAAATTCCGCGGTA-1",0
"GCCAAATTCGGCTACG-1",0
"GCCTCTAAGAGTACCG-1",1
"GCCTCTAAGCCATCGC-1",1
"GCCTCTAAGCCGCCTA-1",1
"GCCTCTAAGCGATAGC-1",1
"GCCTCTAAGCTGCAAG-1",0
"GCCTCTAAGCTTCGCG-1",0
"GCCTCTAAGTCACGCC-1",2
"GCCTCTACAAGACGTG-1",0
"GCCTCTACAGCTATTG-1",1
"GCCTCTAGTAAGGATT-1",0
"GCCTCTAGTGATGATA-1",0
"GCCTCTAGTTAAGGGC-1",0
"GCCTCTATCAGCGACC-1",1
"GCCTCTATCCGATATG-1",1
"GCCTCTATCGAATCCA-1",0
"GCCTCTATCGAGCCCA-1",2
"GCCTCTATCGCTGATA-1",0
"GCCTCTATCTTTAGGG-1",0
"GCGACCAAGAGGTTAT-1",1
"GCGACCACACTTACGA-1",1
"GCGACCAGTCAGGACA-1",1
"GCGACCAGTCTAGAGG-1",0
"GCGACCATCAACGGGA-1",4
"GCGACCATCCCGGATG-1",2
"GCGACCATCTACTCAT-1",0
"GCGAGAAAGGTTCCTA-1",0
"GCGAGAAAGTACGATA-1",4
"GCGAGAAAGTGTCTCA-1",0
"GCGAGAACAAGCCCAC-1",0
"GCGAGAACACTGAAGG-1",1
"GCGAGAAGTAGCGCTC-1",4
"GCGAGAAGTCCCTACT-1",1
"GCGAGAATCCTTTCGG-1",2
"GCGAGAATCGAGAGCA-1",3
"GCGAGAATCGCACTCT-1",0
"GCGCAACAGTCCTCCT-1",1
"GCGCAACAGTGTACGG-1",0
"GCGCAACCAAGTCTGT-1",2
"GCGCAACCAGCCACCA-1",1
"GCGCAACGTAGCGCTC-1",1
"GCGCAACGTCCCTTGT-1",0
"GCGCAACGTCCTAGCG-1",5
"GCGCAACGTCGACTAT-1",2
"GCGCAACGTCTAGAGG-1",0
"GCGCAACGTGCACGAA-1",1
"GCGCAACTCAATACCG-1",0
"GCGCAGTCACATCCAA-1",2
"GCGCAGTCATTACCTT-1",1
"GCGCAGTGTTAGGGTG-1",2
"GCGCAGTTCGATCCCT-1",5
"GCGCAGTTCGCGGATC-1",0
"GCGCCAAAGACATAAC-1",0
"GCGCCAAAGGACAGCT-1",1
"GCGCCAAAGGCCCTTG-1",0
"GCGCCAAAGGGCTTCC-1",1
"GCGCCAAAGGTACTCT-1",2
"GCGCCAACATAACCTG-1",1
"GCGCCAACATTGGGCC-1",3
"GCGCCAAGTACTTGAC-1",2
"GCGCCAAGTCGGCACT-1",0
"GCGCCAAGTGAAAGAG-1",4
"GCGCCAAGTTGTACAC-1",0
"GCGCCAATCCGTTGCT-1",0
"GCGCGATAGAAGGTTT-1",1
"GCGCGATAGCAGGTCA-1",0
"GCGCGATAGTGAATTG-1",1
"GCGCGATAGTTTGCGT-1",0
"GCGCGATCAGCTCGAC-1",0
"GCGCGATGTAAGTAGT-1",1
"GCGCGATGTATCACCA-1",0
"GCGCGATGTCACTTCC-1",1
"GCGCGATGTTACCAGT-1",3
"GCGCGATTCAGTTAGC-1",0
"GCGCGATTCGTTTAGG-1",2
"GCGGGTTAGAAACGAG-1",0
"GCGGGTTAGCTATGCT-1",0
"GCGGGTTAGTGTGAAT-1",0
"GCGGGTTCACGCGAAA-1",1
"GCGGGTTCAGGCAGTA-1",2
"GCGGGTTCAGTAACGG-1",1
"GCGGGTTGTGAGTATA-1",2
"GCGGGTTGTGGCGAAT-1",2
"GCGGGTTTCCAAAGTC-1",3
"GCGGGTTTCCTTTCTC-1",0
"GCGGGTTTCTCCAACC-1",1
"GCGGGTTTCTTGAGGT-1",0
"GCGGGTTTCTTGTATC-1",0
"GCTCCTACAAACTGTC-1",2
"GCTCCTACACCAGGTC-1",1
"GCTCCTACACCGATAT-1",0
"GCTCCTACAGGGTACA-1",4
"GCTCCTACATTAGCCA-1",2
"GCTCCTAGTCAGGACA-1",0
"GCTCCTAGTCCGTCAG-1",3
"GCTCCTATCAGCCTAA-1",0
"GCTCCTATCCCTAATT-1",2
"GCTCTGTAGAGGTAGA-1",0
"GCTCTGTAGCTGAACG-1",0
"GCTCTGTAGGAGTCTG-1",0
"GCTCTGTAGTGCTGCC-1",0
"GCTCTGTAGTGGACGT-1",1
"GCTCTGTTCACCTCGT-1",4
"GCTGCAGAGCGTGAGT-1",0
"GCTGCAGAGTCAAGCG-1",1
"GCTGCAGAGTCCCACG-1",0
"GCTGCAGCAATTGCTG-1",0
"GCTGCAGCATGCCCGA-1",1
"GCTGCAGCATGCCTAA-1",0
"GCTGCAGGTAAACCTC-1",0
"GCTGCAGGTACGAAAT-1",2
"GCTGCAGGTAGCGCAA-1",1
"GCTGCAGGTCACCCAG-1",0
"GCTGCAGGTCATGCCG-1",3
"GCTGCGAAGGAATGGA-1",2
"GCTGCGAGTCTAACGT-1",1
"GCTGCGAGTGTTTGGT-1",2
"GCTGCGATCTCCTATA-1",2
"GCTGCGATCTTGTTTG-1",0
"GCTGCTTAGAATTGTG-1",2
"GCTGCTTAGGCAATTA-1",1
"GCTGCTTCATCACGTA-1",1
"GCTGCTTCATCCAACA-1",0
"GCTGCTTCATGCCTAA-1",0
"GCTGCTTCATGGTCAT-1",1
"GCTGCTTGTAACGACG-1",0
"GCTGCTTGTAATCGTC-1",2
"GCTGCTTGTAGGGACT-1",0
"GCTGCTTGTGAAAGAG-1",0
"GCTGCTTTCCGGGTGT-1",0
"GCTGGGTAGACCCACC-1",1
"GCTGGGTAGCCACGCT-1",0
"GCTGGGTAGTCGCCGT-1",1
"GCTGGGTAGTCTCAAC-1",3
"GCTGGGTCACGGCTAC-1",0
"GCTGGGTCAGCCAATT-1",0
"GCTGGGTGTACAGTTC-1",1
"GCTGGGTGTACCGTTA-1",0
"GCTGGGTGTCGAGTTT-1",2
"GCTGGGTGTCTCCACT-1",1
"GCTGGGTGTGCCTGTG-1",1
"GCTGGGTTCAGCTTAG-1",0
"GCTGGGTTCCTTAATC-1",0
"GCTTCCAAGAAACCTA-1",0
"GCTTCCACACCACCAG-1",2
"GCTTCCACAGGTCGTC-1",1
"GCTTCCACAGTGAGTG-1",1
"GCTTCCAGTATAGGTA-1",2
"GCTTCCAGTTCAGCGC-1",2
"GCTTCCATCGTCCAGG-1",0
"GCTTGAAAGATGGCGT-1",0
"GCTTGAAAGCCGTCGT-1",5
"GCTTGAACAAACCTAC-1",0
"GCTTGAACACGGTGTC-1",0
"GCTTGAACATCGGAAG-1",5
"GCTTGAAGTGCGGTAA-1",0
"GCTTGAAGTTCTCATT-1",0
"GCTTGAATCAGGATCT-1",2
"GGAAAGCAGGCAGGTT-1",1
"GGAAAGCCAAACGCGA-1",0
"GGAAAGCCAAGTACCT-1",4
"GGAAAGCGTAAGCACG-1",1
"GGAAAGCGTCCTCCAT-1",1
"GGAAAGCGTCGCGTGT-1",1
"GGAAAGCGTGCTTCTC-1",4
"GGAAAGCTCCAGAGGA-1",0
"GGAACTTAGAGTAAGG-1",0
"GGAACTTCAATGTAAG-1",0
"GGAACTTCACAGGAGT-1",0
"GGAACTTCACCTCGTT-1",1
"GGAACTTGTCTCTTTA-1",5
"GGAACTTTCATTGCCC-1",0
"GGAACTTTCATTTGGG-1",3
"GGAACTTTCCGTCATC-1",0
"GGAACTTTCCTCAACC-1",2
"GGAACTTTCGGATGTT-1",2
"GGAATAAAGGTACTCT-1",2
"GGAATAAAGTGTCCAT-1",1
"GGAATAACAGCGTCCA-1",2
"GGAATAAGTCTGGTCG-1",1
"GGAATAAGTGCAGGTA-1",1
"GGAATAATCAGCACAT-1",2
"GGAATAATCTTTACGT-1",0
"GGACAAGAGGTACTCT-1",2
"GGACAAGCAACGATGG-1",0
"GGACAAGCAGTCGTGC-1",0
"GGACAAGCATGGGACA-1",1
"GGACAAGGTATAAACG-1",0
"GGACAAGGTATGAAAC-1",0
"GGACAAGGTCGGCATC-1",0
"GGACAAGGTTATGCGT-1",1
"GGACAAGTCTAACGGT-1",0
"GGACAGAAGCTAGTCT-1",2
"GGACAGAAGTACTTGC-1",1
"GGACAGACAACACGCC-1",0
"GGACAGACACAAGCCC-1",0
"GGACAGAGTAAGTGGC-1",0
"GGACAGAGTCTTTCAT-1",0
"GGACAGAGTGAGGGAG-1",1
"GGACAGAGTTCCACAA-1",0
"GGACAGATCAACGCTA-1",0
"GGACATTAGAGGGCTT-1",1
"GGACATTAGCCACGTC-1",1
"GGACATTCAAACGCGA-1",0
"GGACATTCAATGACCT-1",1
"GGACATTCACCAGCAC-1",0
"GGACATTGTTCTGGTA-1",1
"GGACATTTCCTCTAGC-1",2
"GGACGTCAGTACTTGC-1",1
"GGACGTCAGTGGTAAT-1",0
"GGACGTCCACAGTCGC-1",0
"GGACGTCGTGAGGGAG-1",1
"GGACGTCGTGGCGAAT-1",1
"GGACGTCGTTACGGAG-1",2
"GGACGTCGTTTAAGCC-1",1
"GGACGTCTCCACTCCA-1",1
"GGACGTCTCGCAAACT-1",2
"GGACGTCTCTCCAGGG-1",2
"GGACGTCTCTCGAGTA-1",0
"GGACGTCTCTGGTGTA-1",0
"GGACGTCTCTTCGAGA-1",3
"GGAGCAAAGAACTCGG-1",0
"GGAGCAAAGACTGTAA-1",2
"GGAGCAAAGCCGCCTA-1",1
"GGAGCAAAGCTAAACA-1",0
"GGAGCAAAGTACGCCC-1",0
"GGAGCAACAAGCTGTT-1",0
"GGAGCAACAATGGACG-1",1
"GGAGCAACAATTCCTT-1",1
"GGAGCAACATGCTGGC-1",0
"GGAGCAAGTGAGTATA-1",2
"GGAGCAAGTTACTGAC-1",0
"GGAGCAATCAAGATCC-1",3
"GGAGCAATCCCATTTA-1",2
"GGATGTTCAAACTGTC-1",0
"GGATGTTTCATCACCC-1",1
"GGATGTTTCATGCATG-1",0
"GGATGTTTCCTACAGA-1",1
"GGATGTTTCCTCTAGC-1",1
"GGATTACAGATCCCAT-1",4
"GGATTACAGCTTCGCG-1",0
"GGATTACAGGCTAGCA-1",3
"GGATTACAGTATCTCG-1",0
"GGATTACCAAGCGTAG-1",4
"GGATTACCACATCCGG-1",0
"GGATTACCAGCGTAAG-1",2
"GGATTACGTAATAGCA-1",2
"GGATTACGTACACCGC-1",2
"GGATTACGTCTCTTTA-1",1
"GGATTACGTTGAGGTG-1",2
"GGATTACTCGCGCCAA-1",2
"GGATTACTCGGCGCAT-1",1
"GGATTACTCTGCCCTA-1",1
"GGCAATTCAATCGGTT-1",0
"GGCAATTCACGGCGTT-1",3
"GGCAATTCATCACCCT-1",0
"GGCAATTGTCGATTGT-1",1
"GGCAATTTCACTTACT-1",0
"GGCAATTTCAGCACAT-1",0
"GGCAATTTCTCCGGTT-1",1
"GGCCGATAGTGTCTCA-1",1
"GGCCGATCACGGACAA-1",0
"GGCCGATGTAGGACAC-1",0
"GGCCGATGTCACTGGC-1",2
"GGCCGATGTCCCTACT-1",5
"GGCCGATTCACCGTAA-1",3
"GGCCGATTCCGCGCAA-1",0
"GGCGACTAGAGCTGGT-1",0
"GGCGACTAGGACCACA-1",1
"GGCGACTAGGTTACCT-1",3
"GGCGACTCAAAGCGGT-1",1
"GGCGACTCAAGAGTCG-1",3
"GGCGACTCACCAGGTC-1",1
"GGCGACTCATTGTGCA-1",0
"GGCGACTTCAGAAATG-1",0
"GGCGACTTCAGAGACG-1",5
"GGCGACTTCCAGATCA-1",1
"GGCGACTTCTCTAGGA-1",1
"GGCGTGTAGCTAGCCC-1",3
"GGCGTGTAGGGTATCG-1",0
"GGCGTGTCAGGTCCAC-1",0
"GGCGTGTCAGTATAAG-1",2
"GGCGTGTCATCGTCGG-1",0
"GGCGTGTCATGGAATA-1",0
"GGCGTGTGTCTCCCTA-1",1
"GGCGTGTTCTTGAGGT-1",1
"GGCTCGAAGCCGTCGT-1",3
"GGCTCGAAGGTAAACT-1",0
"GGCTCGACAAGAAGAG-1",0
"GGCTCGACAATAGCAA-1",0
"GGCTCGACATGGTCAT-1",1
"GGCTCGAGTATATCCG-1",0
"GGCTCGAGTTACGTCA-1",0
"GGCTCGAGTTAGGGTG-1",0
"GGCTCGATCTGCAAGT-1",0
"GGCTGGTAGAAGAAGC-1",0
"GGCTGGTAGACCCACC-1",0
"GGCTGGTCAAGGACAC-1",0
"GGCTGGTCACTGCCAG-1",1
"GGCTGGTCATTTCAGG-1",1
"GGCTGGTGTATTCTCT-1",1
"GGCTGGTGTCGCATCG-1",0
"GGCTGGTGTCTAGTGT-1",1
"GGCTGGTGTTATGCGT-1",0
"GGGAATGAGCGTTGCC-1",0
"GGGAATGAGTAGGTGC-1",0
"GGGAATGGTAAGGGAA-1",0
"GGGAATGTCAACGAAA-1",0
"GGGAATGTCCAGTATG-1",0
"GGGAATGTCCGGGTGT-1",5
"GGGACCTAGATGTAAC-1",0
"GGGACCTAGTCTTGCA-1",0
"GGGACCTCAATCAGAA-1",0
"GGGACCTCACTGAAGG-1",0
"GGGAGATAGTACGACG-1",0
"GGGAGATCAAAGTGCG-1",0
"GGGAGATCAAATCCGT-1",1
"GGGAGATCAAGGACTG-1",3
"GGGAGATCACGCGAAA-1",1
"GGGAGATGTAGCGCAA-1",2
"GGGAGATTCAACGGGA-1",2
"GGGAGATTCATCACCC-1",0
"GGGATGAAGTGACATA-1",1
"GGGATGACATCATCCC-1",0
"GGGATGAGTCACCCAG-1",0
"GGGATGAGTGGAAAGA-1",3
"GGGATGAGTTACGACT-1",2
"GGGATGAGTTGGTAAA-1",1
"GGGATGATCAGTTAGC-1",2
"GGGATGATCTATCCTA-1",3
"GGGATGATCTTTAGGG-1",0
"GGGCACTAGTCTCGGC-1",0
"GGGCACTCATCTCCCA-1",1
"GGGCACTTCACCTCGT-1",0
"GGGCACTTCTGAGGGA-1",0
"GGGCATCCAATGTAAG-1",1
"GGGCATCCAGTCTTCC-1",3
"GGGCATCGTGGCGAAT-1",0
"GGGCATCTCACAGTAC-1",3
"GGGCATCTCCCTTGTG-1",0
"GGGCATCTCCGGCACA-1",1
"GGGCATCTCTGTCCGT-1",1
"GGGCATCTCTTATCTG-1",0
"GGGTCTGAGAAGATTC-1",4
"GGGTCTGAGATCCCGC-1",1
"GGGTCTGAGCCAACAG-1",0
"GGGTCTGCACAGGCCT-1",4
"GGGTCTGCACCAGGTC-1",2
"GGGTCTGGTCTGGTCG-1",1
"GGGTCTGGTGATGATA-1",0
"GGGTCTGGTGTGACCC-1",1
"GGGTCTGTCAACTCTT-1",1
"GGGTCTGTCACTCCTG-1",4
"GGGTCTGTCCGTAGTA-1",2
"GGGTTGCAGACAGAGA-1",0
"GGGTTGCAGACCTTTG-1",1
"GGGTTGCAGATCGATA-1",5
"GGGTTGCAGGGTGTTG-1",0
"GGGTTGCAGGTGGGTT-1",2
"GGGTTGCCAATAACGA-1",0
"GGGTTGCCACGCCAGT-1",1
"GGGTTGCCATTAACCG-1",2
"GGGTTGCGTACATCCA-1",1
"GGGTTGCGTAGCGCAA-1",2
"GGGTTGCGTCCTCCAT-1",1
"GGGTTGCGTCGAGTTT-1",1
"GGGTTGCGTGAGTATA-1",0
"GGGTTGCGTGTGACCC-1",2
"GGGTTGCTCGTACCGG-1",3
"GGTATTGAGCACCGTC-1",0
"GGTATTGAGCTATGCT-1",2
"GGTATTGCACATCCAA-1",2
"GGTATTGCAGCTTCGG-1",1
"GGTATTGGTTCCGTCT-1",0
"GGTATTGTCAGAAATG-1",2
"GGTATTGTCCATTCTA-1",0
"GGTATTGTCGCCAGCA-1",2
"GGTGAAGAGACACGAC-1",2
"GGTGAAGAGATCCGAG-1",1
"GGTGAAGCAAGGTGTG-1",1
"GGTGAAGCACTCGACG-1",0
"GGTGAAGCAGTATGCT-1",4
"GGTGAAGGTATGAAAC-1",0
"GGTGAAGGTCAGAATA-1",3
"GGTGAAGGTGGTACAG-1",1
"GGTGAAGGTGTATGGG-1",1
"GGTGAAGGTGTCTGAT-1",1
"GGTGAAGGTGTGGTTT-1",1
"GGTGAAGGTGTGTGCC-1",1
"GGTGAAGTCACGATGT-1",0
"GGTGAAGTCACTCTTA-1",3
"GGTGAAGTCTGGCGTG-1",1
"GGTGCGTAGGTGATTA-1",0
"GGTGCGTAGTACGATA-1",0
"GGTGCGTCACTTAAGC-1",2
"GGTGCGTCAGCTGTAT-1",2
"GGTGCGTGTTCGTTGA-1",0
"GGTGCGTTCCGTACAA-1",1
"GGTGCGTTCTTGACGA-1",2
"GGTGTTAAGGGCTCTC-1",0
"GGTGTTAAGTAGCGGT-1",2
"GGTGTTAAGTGGGATC-1",2
"GGTGTTAAGTTATCGC-1",0
"GGTGTTACAAATCCGT-1",0
"GGTGTTACACGGATAG-1",1
"GGTGTTAGTAATCACC-1",1
"GGTGTTAGTAGCAAAT-1",3
"GGTGTTAGTGTATGGG-1",0
"GGTGTTAGTTGAACTC-1",0
"GGTGTTATCGGACAAG-1",0
"GGTGTTATCGGTGTTA-1",2
"GGTGTTATCTACTTAC-1",1
"GTAACGTAGGTGACCA-1",0
"GTAACGTCACAGGCCT-1",1
"GTAACGTGTACCATCA-1",2
"GTAACGTGTGAGTATA-1",2
"GTAACGTGTTACGGAG-1",1
"GTAACGTGTTAGGGTG-1",2
"GTAACGTTCGGTCCGA-1",0
"GTAACGTTCTCATTCA-1",5
"GTAACTGAGTGGGTTG-1",2
"GTAACTGCAATGGAAT-1",1
"GTAACTGCACAGGCCT-1",2
"GTAACTGCAGGATCGA-1",0
"GTAACTGCATCGGGTC-1",1
"GTAACTGGTATTACCG-1",0
"GTAACTGTCACGGTTA-1",1
"GTAACTGTCTACTATC-1",2
"GTACGTAAGGTGCTTT-1",1
"GTACGTACAGGAATGC-1",0
"GTACGTACATGGATGG-1",0
"GTACGTAGTGAGTGAC-1",0
"GTACGTAGTTGGTAAA-1",1
"GTACGTATCACCTCGT-1",0
"GTACGTATCATCGGAT-1",1
"GTACGTATCCACTGGG-1",1
"GTACTCCAGGCAGTCA-1",1
"GTACTCCCAATAGCGG-1",0
"GTACTCCCACAGGTTT-1",0
"GTACTCCTCACCTTAT-1",2
"GTACTCCTCATTGCCC-1",0
"GTACTCCTCCTTCAAT-1",1
"GTACTTTCAGTTAACC-1",0
"GTACTTTCATGTCGAT-1",0
"GTACTTTTCCGAAGAG-1",1
"GTAGGCCAGCAATCTC-1",0
"GTAGGCCCATTCGACA-1",0
"GTAGGCCGTAACGCGA-1",0
"GTAGGCCGTAAGGGCT-1",0
"GTAGGCCGTACGACCC-1",0
"GTAGGCCGTTCAGGCC-1",1
"GTAGGCCGTTGATTGC-1",2
"GTAGGCCTCAGCACAT-1",0
"GTAGTCAAGAATGTGT-1",0
"GTAGTCAAGATGCCTT-1",2
"GTAGTCAAGGACGAAA-1",0
"GTAGTCAAGTGAAGAG-1",0
"GTAGTCATCGTCACGG-1",0
"GTAGTCATCTGAAAGA-1",2
"GTATCTTAGAAACCAT-1",0
"GTATCTTAGGCTATCT-1",1
"GTATCTTAGTTGTCGT-1",1
"GTATCTTCACACCGCA-1",2
"GTATCTTCACGAAGCA-1",4
"GTATCTTGTTCGCTAA-1",2
"GTATCTTTCATGCTCC-1",0
"GTATCTTTCATGTAGC-1",0
"GTATTCTAGAAACCAT-1",0
"GTATTCTAGACAAAGG-1",0
"GTATTCTCAAAGTCAA-1",0
"GTATTCTCAACAACCT-1",1
"GTATTCTCAACTTGAC-1",2
"GTATTCTCAATAAGCA-1",2
"GTATTCTCAGGGTTAG-1",1
"GTATTCTCATACTACG-1",1
"GTATTCTCATGGTAGG-1",1
"GTATTCTGTAGTGAAT-1",2
"GTATTCTGTCTAGAGG-1",2
"GTCAAGTCATATGCTG-1",0
"GTCAAGTCATGGTTGT-1",0
"GTCAAGTGTCAGCTAT-1",1
"GTCAAGTGTTCCACTC-1",3
"GTCACAAAGCCGATTT-1",1
"GTCACAAAGTGGAGTC-1",0
"GTCACAACAGGTGGAT-1",3
"GTCACAAGTAAACGCG-1",1
"GTCACAATCAGGATCT-1",0
"GTCACAATCAGTTGAC-1",2
"GTCACAATCATGCATG-1",1
"GTCACGGAGATCACGG-1",1
"GTCACGGCATATACCG-1",0
"GTCACGGGTGAGTGAC-1",1
"GTCACGGGTGTGGCTC-1",0
"GTCACGGTCGAGAGCA-1",2
"GTCACGGTCTACCTGC-1",1
"GTCATTTAGAGACTAT-1",0
"GTCATTTCACGTGAGA-1",0
"GTCATTTGTAGAAGGA-1",0
"GTCATTTGTCAGATAA-1",4
"GTCATTTTCCAGAGGA-1",2
"GTCCTCAAGCCCAACC-1",1
"GTCCTCAAGTAGATGT-1",0
"GTCCTCAAGTGGGCTA-1",0
"GTCCTCACAATCACAC-1",1
"GTCCTCAGTGGAAAGA-1",0
"GTCCTCATCAAAGACA-1",1
"GTCCTCATCGTCCGTT-1",1
"GTCGGGTCACTGAAGG-1",0
"GTCGGGTCACTTCGAA-1",0
"GTCGGGTCATGAAGTA-1",0
"GTCGGGTGTCTCACCT-1",1
"GTCGGGTGTGTGACGA-1",0
"GTCGGGTGTGTGTGCC-1",0
"GTCGGGTGTTACGTCA-1",0
"GTCGGGTTCTGCTGTC-1",0
"GTCGGGTTCTGTGCAA-1",2
"GTCGTAAAGAGATGAG-1",2
"GTCGTAAAGCTGCAAG-1",0
"GTCGTAAAGGCGACAT-1",1
"GTCGTAACATCACGAT-1",0
"GTCGTAAGTATCACCA-1",1
"GTCGTAATCCAAGTAC-1",1
"GTCTCGTAGACCACGA-1",0
"GTCTCGTCAGGAACGT-1",2
"GTCTCGTGTGGTAACG-1",0
"GTCTCGTGTTTGGCGC-1",1
"GTCTCGTTCACCGGGT-1",0
"GTCTCGTTCAGTGCAT-1",0
"GTCTTCGAGACAAGCC-1",0
"GTCTTCGAGGAATGGA-1",0
"GTCTTCGAGTCAAGCG-1",0
"GTCTTCGCACATGGGA-1",1
"GTCTTCGCACCAGGTC-1",2
"GTCTTCGCAGACGCAA-1",0
"GTCTTCGCATAACCTG-1",0
"GTCTTCGCATCGATGT-1",0
"GTCTTCGGTCTAGTGT-1",0
"GTCTTCGTCTCGATGA-1",0
"GTGAAGGAGAGCTGGT-1",0
"GTGAAGGAGATCGGGT-1",0
"GTGAAGGAGCCAGTTT-1",2
"GTGAAGGAGTGTTGAA-1",0
"GTGAAGGCAAAGGCGT-1",4
"GTGAAGGCACTTAAGC-1",0
"GTGAAGGCAGATTGCT-1",1
"GTGAAGGGTATATGGA-1",0
"GTGAAGGGTCTCTCTG-1",1
"GTGAAGGTCTCCTATA-1",0
"GTGCAGCAGACATAAC-1",0
"GTGCAGCAGTGGTCCC-1",1
"GTGCAGCCACATCTTT-1",1
"GTGCAGCGTGAGTATA-1",0
"GTGCAGCTCTTAGAGC-1",0
"GTGCATAAGGCATGGT-1",0
"GTGCATAGTTTGTTGG-1",2
"GTGCATATCAGAGCTT-1",1
"GTGCATATCATCATTC-1",0
"GTGCATATCTGCGTAA-1",0
"GTGCGGTAGCAATCTC-1",0
"GTGCGGTAGGACAGAA-1",2
"GTGCGGTCAAAGGTGC-1",0
"GTGCGGTGTTCAGACT-1",0
"GTGCGGTGTTCTGTTT-1",2
"GTGCGGTTCATCTGCC-1",0
"GTGCGGTTCCAGGGCT-1",0
"GTGCGGTTCGGATGGA-1",0
"GTGCGGTTCTCGTTTA-1",0
"GTGCGGTTCTGCTGTC-1",2
"GTGCTTCAGCCAGTTT-1",0
"GTGCTTCAGGATTCGG-1",2
"GTGCTTCAGTACACCT-1",0
"GTGCTTCCACTTAACG-1",1
"GTGCTTCCAGCTATTG-1",0
"GTGCTTCGTAGAGTGC-1",1
"GTGCTTCTCACAATGC-1",3
"GTGCTTCTCACTTCAT-1",2
"GTGGGTCAGACCGGAT-1",3
"GTGGGTCAGACTGTAA-1",1
"GTGGGTCAGCCGTCGT-1",2
"GTGGGTCCACCAACCG-1",4
"GTGGGTCCACCACCAG-1",0
"GTGTGCGAGACCGGAT-1",2
"GTGTGCGAGACTTGAA-1",2
"GTGTGCGCAGGTCGTC-1",0
"GTGTGCGGTGAGCGAT-1",1
"GTGTGCGTCAGTCAGT-1",2
"GTGTGCGTCCCTTGTG-1",0
"GTGTGCGTCTAACTTC-1",1
"GTGTTAGAGCACGCCT-1",0
"GTGTTAGAGGACAGAA-1",0
"GTGTTAGAGGCATGGT-1",0
"GTGTTAGAGTGGAGAA-1",0
"GTGTTAGAGTTTGCGT-1",1
"GTGTTAGCAATGGAAT-1",0
"GTGTTAGCACCACCAG-1",0
"GTGTTAGGTGCCTGGT-1",1
"GTGTTAGGTGGAAAGA-1",4
"GTGTTAGGTTCCATGA-1",0
"GTGTTAGGTTGGGACA-1",0
"GTTAAGCAGAGCTGCA-1",0
"GTTAAGCAGATAGCAT-1",2
"GTTAAGCAGCTAACAA-1",1
"GTTAAGCAGGCTACGA-1",0
"GTTAAGCAGTGTACCT-1",3
"GTTAAGCAGTTTGCGT-1",2
"GTTAAGCCATTCACTT-1",0
"GTTAAGCGTACTCGCG-1",1
"GTTAAGCGTCTAGGTT-1",0
"GTTAAGCGTGGCAAAC-1",0
"GTTAAGCGTTGCTCCT-1",0
"GTTAAGCTCCTTTCGG-1",1
"GTTACAGAGAGCTATA-1",2
"GTTACAGAGTACGATA-1",1
"GTTACAGCAGACGCCT-1",0
"GTTACAGCATCGGTTA-1",0
"GTTACAGGTATGGTTC-1",0
"GTTACAGGTCGACTGC-1",1
"GTTACAGGTCTAGGTT-1",0
"GTTCATTAGCGATGAC-1",1
"GTTCATTCATATACGC-1",0
"GTTCATTCATTGGCGC-1",3
"GTTCATTGTGCACGAA-1",0
"GTTCATTGTGTTAAGA-1",0
"GTTCATTGTTCAGTAC-1",0
"GTTCGGGAGACGACGT-1",4
"GTTCGGGAGCTAAGAT-1",2
"GTTCGGGAGTGTCTCA-1",0
"GTTCGGGGTAGGGTAC-1",0
"GTTCGGGGTGCAGGTA-1",4
"GTTCGGGTCCACGCAG-1",5
"GTTCGGGTCTACTTAC-1",2
"GTTCTCGAGACCACGA-1",0
"GTTCTCGAGCGATGAC-1",0
"GTTCTCGAGGCCATAG-1",0
"GTTCTCGCATCGGACC-1",2
"GTTCTCGGTAAGGGAA-1",4
"GTTCTCGGTAGCGTAG-1",0
"GTTCTCGGTCCGTGAC-1",0
"GTTCTCGGTGTTAAGA-1",0
"GTTCTCGTCAACGCTA-1",0
"GTTCTCGTCCTGTACC-1",0
"GTTTCTACAAACCTAC-1",3
"GTTTCTACAAGAAAGG-1",0
"GTTTCTAGTGTTGGGA-1",0
"GTTTCTATCCCAACGG-1",0
"GTTTCTATCCGTAGTA-1",1
"GTTTCTATCGGCATCG-1",0
"TAAACCGGTACTTAGC-1",2
"TAAACCGTCACTCTTA-1",1
"TAAACCGTCAGGCGAA-1",0
"TAAACCGTCCGTTGTC-1",2
"TAAACCGTCTTCCTTC-1",1
"TAAGAGACAAGTTGTC-1",0
"TAAGAGAGTATATCCG-1",1
"TAAGAGATCAATCACG-1",0
"TAAGAGATCTAACGGT-1",3
"TAAGAGATCTTTCCTC-1",0
"TAAGCGTAGTGGACGT-1",0
"TAAGCGTAGTGTCTCA-1",0
"TAAGCGTCAGCTTCGG-1",2
"TAAGCGTCAGGTGGAT-1",1
"TAAGCGTGTCCTGCTT-1",0
"TAAGCGTGTGCCTGGT-1",1
"TAAGCGTGTTGTTTGG-1",1
"TAAGCGTTCCTCATTA-1",1
"TAAGCGTTCGGCGCAT-1",0
"TAAGCGTTCTCGCATC-1",2
"TAAGTGCAGGCTAGGT-1",1
"TAAGTGCAGTAGCGGT-1",0
"TAAGTGCCAACGCACC-1",3
"TAAGTGCCATACAGCT-1",1
"TAAGTGCGTAAACACA-1",0
"TAAGTGCGTCTCACCT-1",0
"TAAGTGCGTTCAGACT-1",3
"TAAGTGCTCACCCTCA-1",1
"TAAGTGCTCACTGGGC-1",0
"TAAGTGCTCTGGCGTG-1",1
"TACACGACACCCATTC-1",1
"TACACGAGTGATAAAC-1",0
"TACACGATCTGTCTCG-1",1
"TACAGTGAGATGCGAC-1",0
"TACAGTGAGCGTTGCC-1",0
"TACAGTGAGTGTACGG-1",1
"TACAGTGCAGGAATCG-1",0
"TACAGTGCAGGTGCCT-1",1
"TACAGTGGTACTCAAC-1",1
"TACAGTGGTTGGACCC-1",1
"TACCTATAGAGCTGGT-1",0
"TACCTATAGAGTTGGC-1",2
"TACCTATAGGCTCATT-1",0
"TACCTATAGTTAGCGG-1",1
"TACCTATCAAGCTGGA-1",1
"TACCTATGTAAATGAC-1",0
"TACCTATGTAGAGTGC-1",0
"TACCTATGTCACCTAA-1",0
"TACCTATGTGTTGAGG-1",2
"TACCTATGTTAAAGAC-1",0
"TACCTATTCTATGTGG-1",0
"TACCTATTCTTCCTTC-1",1
"TACCTTAAGAGGTTGC-1",1
"TACCTTAAGTCAAGCG-1",1
"TACCTTAAGTGGTCCC-1",2
"TACCTTACAACTGGCC-1",1
"TACCTTACAAGGGTCA-1",1
"TACCTTACACTCAGGC-1",0
"TACCTTACATCTACGA-1",0
"TACCTTAGTAGCGTCC-1",0
"TACCTTAGTCTCCACT-1",0
"TACGGATAGATGGCGT-1",0
"TACGGATAGGTACTCT-1",1
"TACGGATCAGGGATTG-1",0
"TACGGATCATCACCCT-1",0
"TACGGATGTCTAGCCG-1",2
"TACGGATTCGGTGTCG-1",0
"TACGGATTCTACTATC-1",0
"TACGGGCAGGATGCGT-1",0
"TACGGGCAGGGAACGG-1",1
"TACGGGCAGTATTGGA-1",1
"TACGGGCAGTCAAGCG-1",2
"TACGGGCCAAGAAGAG-1",0
"TACGGGCCACCAGATT-1",0
"TACGGGCCATCAGTAC-1",1
"TACGGGCGTAAGGGCT-1",1
"TACGGGCGTCTGATTG-1",0
"TACGGGCGTGATGTGG-1",0
"TACGGGCTCACCTTAT-1",0
"TACGGGCTCAGCTCTC-1",0
"TACGGGCTCCACGAAT-1",1
"TACGGGCTCCTATTCA-1",0
"TACGGGCTCGGTGTTA-1",1
"TACGGTAAGATATGGT-1",0
"TACGGTAAGCCGATTT-1",0
"TACGGTAAGTCATGCT-1",0
"TACGGTAAGTGCCATT-1",0
"TACGGTACACAGGCCT-1",4
"TACGGTACATTTCAGG-1",1
"TACGGTAGTATATCCG-1",2
"TACGGTAGTCACTTCC-1",1
"TACGGTAGTGCAGGTA-1",0
"TACGGTAGTGGGTATG-1",0
"TACGGTATCGCAGGCT-1",0
"TACGGTATCGGACAAG-1",3
"TACGGTATCGTTTATC-1",0
"TACTCATAGTCACGCC-1",1
"TACTCATCAATCTACG-1",0
"TACTCATCACGGTAGA-1",0
"TACTCATCACTTCTGC-1",0
"TACTCATCATCCGTGG-1",1
"TACTCATCATGTCGAT-1",0
"TACTCATGTACAGCAG-1",0
"TACTCATGTCTTCAAG-1",1
"TACTCATTCCTTTCTC-1",1
"TACTCGCAGGCGACAT-1",1
"TACTCGCGTCAGAAGC-1",1
"TACTCGCGTCTGATTG-1",0
"TACTCGCGTGTAACGG-1",0
"TACTCGCGTTGAGTTC-1",0
"TACTCGCTCAACGGGA-1",1
"TACTCGCTCCGAATGT-1",2
"TACTTACAGACTAGGC-1",1
"TACTTACAGCTGAACG-1",2
"TACTTACAGTACACCT-1",2
"TACTTACAGTACGCCC-1",0
"TACTTACAGTGATCGG-1",1
"TACTTACCAAGCCGTC-1",1
"TACTTACCACAGGTTT-1",0
"TACTTACTCGCGTTTC-1",0
"TACTTGTAGCGATATA-1",1
"TACTTGTAGTAATCCC-1",1
"TACTTGTCAAACAACA-1",2
"TACTTGTCATGCAACT-1",1
"TACTTGTGTAGCACGA-1",0
"TACTTGTGTATAAACG-1",0
"TACTTGTGTTCCACAA-1",0
"TACTTGTTCTGCAGTA-1",1
"TAGACCAAGAGACGAA-1",1
"TAGACCAAGCCTCGTG-1",0
"TAGACCAAGTCGATAA-1",0
"TAGACCACAACACCCG-1",0
"TAGACCAGTAGATTAG-1",4
"TAGACCAGTTCATGGT-1",3
"TAGACCATCACTTCAT-1",2
"TAGACCATCGTCACGG-1",2
"TAGACCATCTCCAGGG-1",0
"TAGAGCTAGAATTCCC-1",0
"TAGAGCTAGTATTGGA-1",1
"TAGAGCTCACTGAAGG-1",0
"TAGAGCTGTACTTGAC-1",2
"TAGAGCTGTAGGGACT-1",0
"TAGAGCTGTCTAAAGA-1",2
"TAGCCGGAGACTGGGT-1",2
"TAGCCGGAGTCCCACG-1",0
"TAGCCGGAGTGACATA-1",1
"TAGCCGGCAGCAGTTT-1",0
"TAGCCGGGTACAGTGG-1",0
"TAGCCGGGTACCATCA-1",2
"TAGCCGGGTCGCGAAA-1",0
"TAGCCGGTCACGACTA-1",2
"TAGCCGGTCCAGGGCT-1",0
"TAGGCATAGAACTGTA-1",0
"TAGGCATAGCTAGGCA-1",0
"TAGGCATAGTCGTACT-1",5
"TAGGCATAGTTTAGGA-1",1
"TAGGCATCAAGCCTAT-1",3
"TAGGCATCAGACGCAA-1",0
"TAGGCATGTACGAAAT-1",2
"TAGGCATGTCCAGTTA-1",0
"TAGGCATGTTCCACTC-1",2
"TAGGCATTCCCTAACC-1",0
"TAGGCATTCGCTAGCG-1",0
"TAGGCATTCGTAGATC-1",2
"TAGGCATTCTTCATGT-1",1
"TAGTGGTAGATCACGG-1",0
"TAGTGGTAGCTGTTCA-1",1
"TAGTGGTCAGTATAAG-1",0
"TAGTGGTGTAGCGTAG-1",0
"TAGTGGTTCAGCATGT-1",1
"TAGTGGTTCGGCGCAT-1",2
"TAGTGGTTCTCAAGTG-1",0
"TAGTGGTTCTGGGCCA-1",0
"TAGTGGTTCTTTAGTC-1",0
"TAGTTGGAGATAGGAG-1",0
"TAGTTGGCAGACGCAA-1",0
"TAGTTGGCATGCGCAC-1",0
"TAGTTGGGTATGGTTC-1",3
"TAGTTGGTCCGAATGT-1",0
"TAGTTGGTCTACTCAT-1",0
"TAGTTGGTCTCTAAGG-1",1
"TAGTTGGTCTGATACG-1",0
"TATCAGGAGAGTAAGG-1",0
"TATCAGGAGATCCGAG-1",3
"TATCAGGAGCAGATCG-1",3
"TATCAGGAGGTGCTTT-1",1
"TATCAGGCAACTTGAC-1",2
"TATCAGGCACGTTGGC-1",1
"TATCAGGGTCCGTTAA-1",4
"TATCAGGGTCTGCAAT-1",3
"TATCAGGGTTAAAGAC-1",0
"TATCAGGTCAAGATCC-1",1
"TATCAGGTCCACTCCA-1",0
"TATCAGGTCGTAGGTT-1",0
"TATCTCAAGAGTTGGC-1",1
"TATCTCAAGCCACCTG-1",3
"TATCTCAAGCGTAATA-1",1
"TATCTCAAGGCTAGCA-1",0
"TATCTCAAGTGGGCTA-1",3
"TATCTCACATGTCCTC-1",1
"TATCTCAGTAACGACG-1",2
"TATCTCAGTACCTACA-1",2
"TATCTCAGTACGACCC-1",1
"TATCTCAGTCAATGTC-1",4
"TATCTCATCAAGCCTA-1",0
"TATGCCCAGAAACCGC-1",0
"TATGCCCAGGTAGCTG-1",2
"TATGCCCCAATGGAAT-1",0
"TATGCCCCACTTAACG-1",0
"TATGCCCCATGTTCCC-1",2
"TATGCCCGTAGCCTCG-1",3
"TATGCCCGTATAGGGC-1",1
"TATGCCCGTATGAAAC-1",1
"TATGCCCGTCGCCATG-1",1
"TATGCCCGTGCCTTGG-1",1
"TATGCCCGTTAAGATG-1",1
"TATGCCCGTTGGTGGA-1",0
"TATGCCCGTTTAGGAA-1",1
"TATGCCCTCGTCTGCT-1",0
"TATTACCAGAGAGCTC-1",2
"TATTACCAGCAAATCA-1",0
"TATTACCAGCCCGAAA-1",0
"TATTACCAGTATCTCG-1",1
"TATTACCCAAAGTGCG-1",0
"TATTACCCAGACAAGC-1",0
"TATTACCCAGTCAGCC-1",0
"TATTACCCATAAAGGT-1",0
"TATTACCCATCTACGA-1",1
"TATTACCGTCCAGTAT-1",1
"TCAACGAAGCCGATTT-1",1
"TCAACGAAGCGATGAC-1",2
"TCAACGAAGGCATGTG-1",0
"TCAACGAAGTAGTGCG-1",2
"TCAACGACACCAGGCT-1",4
"TCAACGACATGCCTTC-1",1
"TCAACGAGTTACCAGT-1",0
"TCAACGAGTTCCATGA-1",1
"TCAACGAGTTCTGGTA-1",1
"TCAACGATCAGTCCCT-1",1
"TCAACGATCTGTGCAA-1",0
"TCAATCTAGATCCCGC-1",1
"TCAATCTCACAAGCCC-1",0
"TCAATCTCACAGCCCA-1",3
"TCAATCTCATGACGGA-1",0
"TCAATCTCATTTGCTT-1",1
"TCAATCTGTAGTGAAT-1",0
"TCAATCTGTTAGATGA-1",2
"TCAATCTTCAGATAAG-1",0
"TCAATCTTCATGTCCC-1",0
"TCACAAGAGACTGGGT-1",0
"TCACAAGAGAGAGCTC-1",2
"TCACAAGAGGCCCTCA-1",0
"TCACAAGAGGTGGGTT-1",1
"TCACAAGAGTAGATGT-1",1
"TCACAAGCAGTATGCT-1",2
"TCACAAGCATAACCTG-1",2
"TCACAAGCATGACATC-1",0
"TCACAAGGTCAGATAA-1",2
"TCACAAGGTGTGGTTT-1",1
"TCACAAGTCATCATTC-1",1
"TCACAAGTCATGCATG-1",3
"TCACGAAAGCTCCTTC-1",4
"TCACGAAAGGTGCTTT-1",0
"TCACGAAAGTCTCGGC-1",0
"TCACGAACACAAGACG-1",0
"TCACGAACACTGTCGG-1",0
"TCACGAAGTGGTCCGT-1",0
"TCACGAAGTTGGTGGA-1",0
"TCACGAATCATGCAAC-1",0
"TCACGAATCCCGACTT-1",0
"TCACGAATCCTCGCAT-1",1
"TCACGAATCGTCACGG-1",0
"TCAGATGAGGTGCACA-1",0
"TCAGATGGTCTTGTCC-1",1
"TCAGATGGTGCCTGCA-1",0
"TCAGATGGTGCTGTAT-1",0
"TCAGATGTCAGTTTGG-1",0
"TCAGATGTCGCATGAT-1",3
"TCAGATGTCTCCTATA-1",0
"TCAGCAAAGGAGTCTG-1",4
"TCAGCAAAGGCTCATT-1",0
"TCAGCAAAGTACGACG-1",1
"TCAGCAAAGTGGCACA-1",0
"TCAGCAACACGCATCG-1",4
"TCAGCAAGTACCGGCT-1",1
"TCAGCAATCAGCGATT-1",2
"TCAGCAATCGGAAACG-1",0
"TCAGCAATCTTCAACT-1",0
"TCAGCTCAGGTGTTAA-1",1
"TCAGCTCAGTATGACA-1",2
"TCAGCTCCAATCTGCA-1",0
"TCAGCTCCACGGTTTA-1",0
"TCAGCTCGTAATAGCA-1",3
"TCAGCTCGTCCGTCAG-1",1
"TCAGCTCGTTCACGGC-1",1
"TCAGCTCTCACGATGT-1",1
"TCAGCTCTCATGCATG-1",1
"TCAGCTCTCCTAAGTG-1",1
"TCAGCTCTCTCGTATT-1",0
"TCAGGATAGACAGAGA-1",1
"TCAGGATAGATATGGT-1",1
"TCAGGATCAAACGTGG-1",1
"TCAGGATCAAGTTCTG-1",0
"TCAGGATCACGGTGTC-1",1
"TCAGGATCACTGTGTA-1",0
"TCAGGATCAGCATACT-1",0
"TCAGGATCATCTGGTA-1",4
"TCAGGATGTAAGCACG-1",1
"TCAGGATGTGGCCCTA-1",3
"TCAGGATTCCGATATG-1",0
"TCAGGATTCTCGATGA-1",0
"TCAGGTAAGATGGCGT-1",1
"TCAGGTAAGTGTTTGC-1",2
"TCAGGTACACAAGTAA-1",3
"TCAGGTACACAGAGGT-1",0
"TCAGGTACAGCTGCTG-1",0
"TCAGGTAGTAAACGCG-1",0
"TCATTACAGAAACCAT-1",0
"TCATTACAGGAGTTGC-1",0
"TCATTACAGTTGCAGG-1",0
"TCATTACCACATCCAA-1",1
"TCATTACCAGTCAGCC-1",3
"TCATTACGTACGCACC-1",1
"TCATTACGTCTAGAGG-1",3
"TCATTACGTGAAGGCT-1",0
"TCATTACGTTCTGTTT-1",0
"TCATTACTCATCGATG-1",2
"TCATTTGAGCCAGTTT-1",2
"TCATTTGCACGTCTCT-1",1
"TCATTTGCAGTTAACC-1",1
"TCATTTGTCCAGAGGA-1",2
"TCATTTGTCCCTTGCA-1",1
"TCATTTGTCCGTCAAA-1",0
"TCATTTGTCGCTAGCG-1",0
"TCATTTGTCGTACGGC-1",0
"TCATTTGTCTCTGCTG-1",1
"TCCACACCAAAGAATC-1",0
"TCCACACCACGCCAGT-1",1
"TCCACACGTACAGCAG-1",1
"TCCACACGTAGCCTAT-1",1
"TCCACACGTCATCGGC-1",3
"TCCACACGTGACCAAG-1",0
"TCCACACGTGCGAAAC-1",1
"TCCACACTCAACACCA-1",0
"TCCACACTCCAGTATG-1",1
"TCCACACTCCCATTTA-1",0
"TCCACACTCGAACTGT-1",1
"TCCCGATAGAAGAAGC-1",0
"TCCCGATAGCACAGGT-1",2
"TCCCGATAGCCGGTAA-1",0
"TCCCGATCAAGGTTCT-1",2
"TCCCGATCAGCCAATT-1",0
"TCCCGATCATCCAACA-1",0
"TCCCGATGTAAGGATT-1",2
"TCCCGATGTCAATACC-1",1
"TCCCGATTCAGAAATG-1",0
"TCCCGATTCAGTCCCT-1",1
"TCCCGATTCATCTGTT-1",0
"TCCCGATTCCCTAATT-1",0
"TCCCGATTCTGGAGCC-1",0
"TCGAGGCAGCGATGAC-1",0
"TCGAGGCAGTGTTTGC-1",0
"TCGAGGCCAAAGAATC-1",1
"TCGAGGCCAAGTTCTG-1",2
"TCGAGGCCAGTAACGG-1",0
"TCGAGGCGTATATCCG-1",1
"TCGAGGCTCGCAAGCC-1",1
"TCGAGGCTCTTGAGAC-1",2
"TCGAGGCTCTTTCCTC-1",0
"TCGCGAGAGACAAAGG-1",0
"TCGCGAGAGTGAATTG-1",1
"TCGCGAGCAAGCGTAG-1",0
"TCGCGAGCACCGAATT-1",2
"TCGCGAGCAGTAAGAT-1",0
"TCGCGAGTCCACGAAT-1",0
"TCGCGAGTCTAGCACA-1",1
"TCGCGAGTCTCTAGGA-1",4
"TCGCGAGTCTTCATGT-1",0
"TCGCGTTAGTGGGCTA-1",1
"TCGCGTTCACAGGCCT-1",0
"TCGCGTTCATCACAAC-1",1
"TCGCGTTCATCTCGCT-1",0
"TCGCGTTGTTCACCTC-1",3
"TCGCGTTTCAAGATCC-1",1
"TCGCGTTTCAGGTAAA-1",4
"TCGCGTTTCATTCACT-1",0
"TCGCGTTTCCTGTACC-1",1
"TCGCGTTTCGCCCTTA-1",1
"TCGGGACCACACATGT-1",1
"TCGGGACTCCTTGCCA-1",2
"TCGGGACTCTGCGGCA-1",1
"TCGGGACTCTTGTCAT-1",2
"TCGGTAAAGACAGGCT-1",1
"TCGGTAAAGCTCAACT-1",0
"TCGGTAACAAGCTGAG-1",0
"TCGGTAACAGGAATGC-1",1
"TCGGTAAGTATATGGA-1",0
"TCGGTAAGTCTAGTCA-1",0
"TCGGTAATCCCGGATG-1",2
"TCGTACCAGCAGGCTA-1",0
"TCGTACCAGTTTCCTT-1",1
"TCGTACCGTTTGCATG-1",1
"TCGTACCTCGGGAGTA-1",1
"TCGTAGAAGCTAACTC-1",2
"TCGTAGAAGGCGACAT-1",2
"TCGTAGAAGGGAACGG-1",0
"TCGTAGAAGTCCATAC-1",2
"TCGTAGACAATCCAAC-1",0
"TCGTAGACACTCAGGC-1",1
"TCGTAGAGTATGAATG-1",2
"TCGTAGAGTGAGCGAT-1",1
"TCGTAGAGTGTGTGCC-1",1
"TCGTAGAGTTCAACCA-1",0
"TCGTAGAGTTCCATGA-1",2
"TCGTAGATCCAAGCCG-1",1
"TCGTAGATCTTAGCCC-1",1
"TCTATTGAGCGATTCT-1",1
"TCTATTGAGTGCCATT-1",0
"TCTATTGCACATCTTT-1",1
"TCTATTGGTAAGTGTA-1",1
"TCTATTGGTCCAACTA-1",1
"TCTATTGGTCTGCCAG-1",4
"TCTATTGGTTGCTCCT-1",0
"TCTATTGTCGGCGCTA-1",0
"TCTCATAAGCTAAACA-1",0
"TCTCATAAGCTAGTCT-1",1
"TCTCATAAGTGCCATT-1",0
"TCTCATAGTACCGGCT-1",0
"TCTCATAGTGTAAGTA-1",1
"TCTCATATCAAGCCTA-1",1
"TCTCATATCACCTTAT-1",0
"TCTCATATCCTGTACC-1",2
"TCTCTAAAGACCGGAT-1",3
"TCTCTAAAGGGTGTTG-1",0
"TCTCTAACAGCCTATA-1",1
"TCTCTAAGTCCAGTAT-1",0
"TCTCTAAGTCCATGAT-1",1
"TCTCTAAGTCTCATCC-1",1
"TCTCTAAGTGGAAAGA-1",3
"TCTCTAATCAAACCAC-1",3
"TCTCTAATCAACGCTA-1",0
"TCTCTAATCACAGGCC-1",1
"TCTCTAATCACATACG-1",1
"TCTCTAATCCGTAGGC-1",1
"TCTCTAATCGTATCAG-1",0
"TCTGAGACAAACCTAC-1",1
"TCTGAGACACGGATAG-1",0
"TCTGAGACAGAGTGTG-1",1
"TCTGAGAGTAAGGGAA-1",1
"TCTGAGATCCTTGACC-1",2
"TCTGAGATCTATCCTA-1",2
"TCTGGAAAGCGATGAC-1",2
"TCTGGAAAGCTAGTTC-1",0
"TCTGGAAAGCTCTCGG-1",0
"TCTGGAAAGGAGCGAG-1",8
"TCTGGAACACAAGACG-1",1
"TCTGGAACACACTGCG-1",2
"TCTGGAACACTTCTGC-1",3
"TCTGGAAGTGAGTATA-1",4
"TCTGGAATCTGTCTAT-1",0
"TCTTCGGAGGTTCCTA-1",2
"TCTTCGGAGTTCGATC-1",2
"TCTTCGGCAAAGCAAT-1",2
"TCTTCGGCAAAGGTGC-1",2
"TCTTCGGCAATAGCAA-1",1
"TCTTCGGCAATGTAAG-1",2
"TCTTCGGCACACCGAC-1",1
"TCTTCGGCAGCCAATT-1",2
"TCTTCGGGTCATTAGC-1",0
"TCTTCGGTCGTAGGTT-1",1
"TCTTCGGTCTCTAAGG-1",0
"TCTTTCCAGAGAGCTC-1",3
"TCTTTCCAGTCATCCA-1",1
"TCTTTCCCATCTCCCA-1",1
"TCTTTCCGTAATCACC-1",4
"TCTTTCCGTAGTACCT-1",1
"TCTTTCCTCACAACGT-1",0
"TCTTTCCTCAGCTGGC-1",0
"TCTTTCCTCCAAGTAC-1",1
"TCTTTCCTCCTCGCAT-1",1
"TGAAAGAAGCTAAGAT-1",0
"TGAAAGACAAGCCGTC-1",2
"TGAAAGACACATTCGA-1",1
"TGAAAGACATGAGCGA-1",0
"TGAAAGAGTCTAGCGC-1",1
"TGAAAGAGTCTCATCC-1",4
"TGAAAGATCCCGACTT-1",1
"TGAAAGATCTATGTGG-1",1
"TGACAACCAAGCGAGT-1",0
"TGACAACGTAGGGACT-1",0
"TGACAACGTGCGCTTG-1",2
"TGACAACGTGGTTTCA-1",1
"TGACAACTCACAAACC-1",0
"TGACAACTCCACGTGG-1",0
"TGACAACTCGAATGCT-1",0
"TGACGGCAGCGCCTCA-1",2
"TGACGGCAGGCTCAGA-1",1
"TGACGGCAGTCAAGCG-1",1
"TGACGGCCACAGACTT-1",3
"TGACGGCGTCATCCCT-1",1
"TGACGGCTCAGGCGAA-1",1
"TGACGGCTCCACTGGG-1",0
"TGACTAGAGACCCACC-1",1
"TGACTAGAGGGCATGT-1",1
"TGACTAGAGTCTCAAC-1",1
"TGACTAGAGTTGAGAT-1",0
"TGACTAGCAGCATACT-1",1
"TGACTAGCAGTCAGAG-1",3
"TGACTAGCATTTCACT-1",1
"TGACTAGGTAAATACG-1",0
"TGACTAGGTGAAAGAG-1",0
"TGACTAGGTGCAGTAG-1",0
"TGACTAGTCATGCATG-1",0
"TGACTAGTCCATGCTC-1",1
"TGACTAGTCTGTTGAG-1",2
"TGACTTTAGAACAATC-1",2
"TGACTTTAGTCTCGGC-1",1
"TGACTTTAGTTAGGTA-1",0
"TGACTTTCAGTCCTTC-1",1
"TGACTTTCATTATCTC-1",0
"TGACTTTGTCACACGC-1",0
"TGACTTTTCCTCAATT-1",0
"TGACTTTTCTGCCCTA-1",0
"TGAGAGGAGGCTCATT-1",0
"TGAGAGGCAAAGTCAA-1",3
"TGAGAGGCAAGCCATT-1",4
"TGAGAGGCACCATGTA-1",0
"TGAGAGGGTCACTGGC-1",1
"TGAGAGGGTCTAAACC-1",0
"TGAGAGGTCGAACTGT-1",0
"TGAGAGGTCGCGTTTC-1",1
"TGAGAGGTCTGACCTC-1",2
"TGAGCATAGAAACGAG-1",0
"TGAGCATAGAAGCCCA-1",0
"TGAGCATAGATGTCGG-1",1
"TGAGCATAGGAATGGA-1",0
"TGAGCATCACCAGGCT-1",1
"TGAGCATCAGATGAGC-1",1
"TGAGCATCAGCGTAAG-1",1
"TGAGCATCAGCTGTAT-1",1
"TGAGCATGTGGCCCTA-1",1
"TGAGCATTCCACGTTC-1",0
"TGAGCATTCCGATATG-1",0
"TGAGCATTCGGCCGAT-1",1
"TGAGCCGCATCGGGTC-1",3
"TGAGCCGGTCGAACAG-1",0
"TGAGCCGGTGTAATGA-1",0
"TGAGCCGGTTGATTCG-1",1
"TGAGCCGTCATCTGCC-1",1
"TGAGCCGTCGTCACGG-1",1
"TGAGCCGTCTTGAGGT-1",1
"TGAGGGAAGAGACTAT-1",1
"TGAGGGAAGGAGTACC-1",1
"TGAGGGAAGTCATCCA-1",1
"TGAGGGAAGTCATGCT-1",1
"TGAGGGACACCAGTTA-1",0
"TGAGGGACATAAGACA-1",1
"TGAGGGAGTAAACGCG-1",0
"TGAGGGAGTTAGGGTG-1",0
"TGAGGGATCAACGGGA-1",2
"TGAGGGATCTAGCACA-1",0
"TGAGGGATCTCTTATG-1",0
"TGATTTCCATCCGGGT-1",2
"TGATTTCGTAGGCATG-1",0
"TGATTTCGTTAAGACA-1",2
"TGATTTCTCTGATTCT-1",0
"TGCACCTAGACCTTTG-1",3
"TGCACCTAGGACGAAA-1",1
"TGCACCTCAAGTTGTC-1",1
"TGCACCTCAATAGAGT-1",0
"TGCACCTCATCCGGGT-1",0
"TGCACCTGTAATCACC-1",0
"TGCACCTGTCACACGC-1",5
"TGCACCTTCACGGTTA-1",0
"TGCACCTTCATCGGAT-1",0
"TGCACCTTCCGCGGTA-1",0
"TGCACCTTCGAACTGT-1",2
"TGCACCTTCTCTTGAT-1",2
"TGCCAAACAATGTAAG-1",1
"TGCCAAACAATTCCTT-1",0
"TGCCAAAGTTCGCGAC-1",0
"TGCCAAATCCAAACTG-1",0
"TGCCAAATCCCTGACT-1",0
"TGCCAAATCGGCGGTT-1",0
"TGCCCATAGACTAGGC-1",1
"TGCCCATAGCGTCAAG-1",0
"TGCCCATAGCGTGAAC-1",3
"TGCCCATAGCTGTTCA-1",1
"TGCCCATAGGATGGAA-1",4
"TGCCCATAGTACGCCC-1",1
"TGCCCATAGTTGAGTA-1",0
"TGCCCATCACCAGGTC-1",0
"TGCCCATCACGAAATA-1",0
"TGCCCATCAGGACGTA-1",1
"TGCCCATCATGGAATA-1",0
"TGCCCATCATGGATGG-1",1
"TGCCCATGTAGCCTCG-1",0
"TGCCCATTCAAACCGT-1",1
"TGCCCATTCAGGCCCA-1",0
"TGCCCATTCCTTCAAT-1",0
"TGCCCATTCGGAAATA-1",0
"TGCCCTAAGGTCGGAT-1",2
"TGCCCTAAGGTTCCTA-1",0
"TGCCCTACACCACCAG-1",3
"TGCCCTACAGCCACCA-1",0
"TGCCCTACAGTGAGTG-1",1
"TGCCCTAGTCCGAGTC-1",2
"TGCCCTAGTGGTTTCA-1",0
"TGCCCTAGTTTCGCTC-1",0
"TGCCCTATCGACGGAA-1",1
"TGCCCTATCTTCGGTC-1",0
"TGCGCAGAGACTAGGC-1",1
"TGCGCAGAGCACACAG-1",1
"TGCGCAGAGCGTCTAT-1",0
"TGCGCAGAGGAGCGAG-1",3
"TGCGCAGCAAACGTGG-1",0
"TGCGCAGCAGCTCGCA-1",3
"TGCGCAGCAGTAGAGC-1",1
"TGCGCAGTCCTACAGA-1",3
"TGCGGGTAGAGACTTA-1",0
"TGCGGGTAGATCGATA-1",0
"TGCGGGTAGCTCTCGG-1",1
"TGCGGGTAGGTGTGGT-1",0
"TGCGGGTAGTACTTGC-1",0
"TGCGGGTCAATGGAAT-1",1
"TGCGGGTCACACGCTG-1",0
"TGCGGGTCATTGGGCC-1",1
"TGCGGGTGTAGAAAGG-1",2
"TGCGGGTGTCACCTAA-1",0
"TGCGGGTGTCAGATAA-1",0
"TGCGGGTGTTAGAACA-1",1
"TGCGGGTTCAGTTCGA-1",1
"TGCGGGTTCGTAGATC-1",1
"TGCGGGTTCTCTTGAT-1",0
"TGCGTGGAGACGCAAC-1",0
"TGCGTGGAGACTGGGT-1",2
"TGCGTGGAGTGAACGC-1",0
"TGCGTGGCAATTCCTT-1",1
"TGCGTGGGTGCACCAC-1",0
"TGCGTGGTCCGCGCAA-1",1
"TGCGTGGTCGCCCTTA-1",0
"TGCGTGGTCTGGCGAC-1",2
"TGCTACCAGAAAGTGG-1",0
"TGCTACCAGATGGCGT-1",0
"TGCTACCAGCAAATCA-1",1
"TGCTACCAGTCCGTAT-1",1
"TGCTACCCAAGAGGCT-1",0
"TGCTACCCACTTAACG-1",0
"TGCTACCCATCGTCGG-1",0
"TGCTACCCATGGTTGT-1",2
"TGCTACCGTGTGACGA-1",1
"TGCTACCTCCTCGCAT-1",0
"TGCTACCTCTTCTGGC-1",0
"TGCTGCTAGACTAAGT-1",1
"TGCTGCTAGGTGATAT-1",1
"TGCTGCTCAATAGAGT-1",0
"TGCTGCTCACAGACAG-1",0
"TGCTGCTCATCCCATC-1",1
"TGCTGCTCATGGTTGT-1",0
"TGCTGCTGTCATACTG-1",0
"TGCTGCTGTGAAGGCT-1",0
"TGCTGCTTCATTGCGA-1",1
"TGGACGCAGAGGTACC-1",0
"TGGACGCAGTCAAGGC-1",1
"TGGACGCCACAGAGGT-1",1
"TGGACGCCATGGTAGG-1",1
"TGGACGCGTCCGAACC-1",1
"TGGACGCGTCTCCCTA-1",0
"TGGCCAGAGAAGGTGA-1",3
"TGGCCAGAGAGTACAT-1",1
"TGGCCAGAGGCGATAC-1",0
"TGGCCAGAGGCGTACA-1",0
"TGGCCAGCAACTGCGC-1",0
"TGGCCAGCACGACTCG-1",2
"TGGCCAGGTCAATACC-1",4
"TGGCCAGTCGTAGATC-1",0
"TGGCCAGTCTATCCCG-1",2
"TGGCGCAAGCTACCTA-1",0
"TGGCGCAAGCTATGCT-1",0
"TGGCGCAAGTGTGGCA-1",1
"TGGCGCAAGTTACCCA-1",0
"TGGCGCACACAGGCCT-1",2
"TGGCGCACACGGATAG-1",2
"TGGCGCACAGCGATCC-1",0
"TGGCGCACATAGGATA-1",0
"TGGCGCACATATACGC-1",0
"TGGCGCAGTACTCTCC-1",1
"TGGCGCAGTGGACGAT-1",0
"TGGCGCAGTTATGTGC-1",1
"TGGCGCATCAAGAAGT-1",1
"TGGCGCATCATGCTCC-1",0
"TGGCGCATCATGTGGT-1",0
"TGGCGCATCATTATCC-1",1
"TGGCGCATCGTGGTCG-1",3
"TGGCTGGAGCGGATCA-1",2
"TGGCTGGAGTGCAAGC-1",2
"TGGCTGGCAAGTTAAG-1",0
"TGGCTGGCACGGATAG-1",1
"TGGCTGGCAGGAACGT-1",1
"TGGCTGGGTCGAGTTT-1",0
"TGGCTGGGTCGGCATC-1",0
"TGGCTGGGTCTAGCCG-1",0
"TGGCTGGGTTACGCGC-1",1
"TGGCTGGGTTGGACCC-1",1
"TGGCTGGTCTCGTTTA-1",0
"TGGGAAGAGATATACG-1",0
"TGGGAAGAGCCCAATT-1",0
"TGGGAAGAGCGCTCCA-1",1
"TGGGAAGAGGGCTTCC-1",0
"TGGGAAGAGTAAGTAC-1",0
"TGGGAAGAGTTAACGA-1",0
"TGGGAAGCAAGGTGTG-1",0
"TGGGAAGCAGATCCAT-1",2
"TGGGAAGCAGCGAACA-1",0
"TGGGAAGGTAAGTTCC-1",1
"TGGGAAGGTTAGATGA-1",0
"TGGGAAGGTTATTCTC-1",4
"TGGGAAGTCCCAAGAT-1",0
"TGGGAAGTCCTTCAAT-1",1
"TGGGAAGTCGTGGACC-1",0
"TGGGAAGTCTCCTATA-1",3
"TGGGCGTAGTCTCCTC-1",0
"TGGGCGTCAGACGTAG-1",0
"TGGGCGTCAGGGATTG-1",2
"TGGGCGTGTCCAAGTT-1",1
"TGGGCGTGTCTAGAGG-1",0
"TGGGCGTGTGGCTCCA-1",4
"TGGGCGTGTTTCGCTC-1",0
"TGGGCGTTCAGCTTAG-1",0
"TGGTTAGAGCTACCTA-1",1
"TGGTTAGAGTTAGGTA-1",1
"TGGTTAGGTGATGATA-1",0
"TGGTTAGGTTCACGGC-1",0
"TGGTTAGTCCCGACTT-1",1
"TGGTTAGTCTTGTATC-1",4
"TGGTTCCAGCCGTCGT-1",2
"TGGTTCCAGTAATCCC-1",0
"TGGTTCCCAAGTTGTC-1",1
"TGGTTCCCAGACAAAT-1",0
"TGGTTCCCAGACAGGT-1",0
"TGGTTCCCAGCTCGAC-1",0
"TGGTTCCCATGTCCTC-1",0
"TGGTTCCCATTTCACT-1",0
"TGGTTCCGTCCAAGTT-1",3
"TGGTTCCTCACATACG-1",0
"TGGTTCCTCAGCTTAG-1",0
"TGGTTCCTCTAACTTC-1",3
"TGGTTCCTCTAGAGTC-1",2
"TGGTTCCTCTGGGCCA-1",0
"TGTATTCAGCCCGAAA-1",1
"TGTATTCAGCGATCCC-1",1
"TGTATTCCAGGGCATA-1",1
"TGTATTCGTAAGAGAG-1",0
"TGTATTCGTTTGTTTC-1",0
"TGTATTCTCAGCATGT-1",3
"TGTATTCTCATCTGTT-1",3
"TGTCCCAAGCAGATCG-1",1
"TGTCCCAAGCTAGTTC-1",0
"TGTCCCAAGCTGAACG-1",0
"TGTCCCAAGTTGTCGT-1",0
"TGTCCCACAGTAAGCG-1",0
"TGTCCCACATCACGTA-1",2
"TGTCCCAGTAAGAGGA-1",1
"TGTCCCAGTAAGTGGC-1",0
"TGTCCCAGTCGGATCC-1",1
"TGTCCCAGTCTCTTTA-1",0
"TGTCCCATCATTTGGG-1",0
"TGTCCCATCTGCAAGT-1",1
"TGTCCCATCTGCGTAA-1",0
"TGTGGTAGTCCCGACA-1",0
"TGTGGTAGTGTGAAAT-1",1
"TGTGGTAGTGTGACGA-1",2
"TGTGGTATCCAGGGCT-1",1
"TGTGGTATCTTGCATT-1",0
"TGTGTTTAGAGGTTAT-1",0
"TGTGTTTAGCGTGAGT-1",1
"TGTGTTTAGTGCGTGA-1",4
"TGTGTTTCATGCGCAC-1",0
"TGTGTTTTCTCATTCA-1",4
"TGTGTTTTCTTTCCTC-1",0
"TGTTCCGAGAGCAATT-1",0
"TGTTCCGAGCAACGGT-1",1
"TGTTCCGAGGAATTAC-1",2
"TGTTCCGAGGACTGGT-1",2
"TGTTCCGCAGTGAGTG-1",1
"TGTTCCGGTGAGTATA-1",1
"TGTTCCGTCAAGCCTA-1",0
"TGTTCCGTCAGTTCGA-1",1
"TGTTCCGTCGGCGGTT-1",2
"TGTTCCGTCTGAAAGA-1",2
"TGTTCCGTCTGGTATG-1",0
"TTAACTCAGTGTACGG-1",0
"TTAACTCCAAGCGCTC-1",0
"TTAACTCCAGGCAGTA-1",2
"TTAACTCGTTCCACAA-1",0
"TTAACTCTCATAAAGG-1",2
"TTAACTCTCCCTCAGT-1",1
"TTAGGACAGCAGGCTA-1",0
"TTAGGACAGCTCTCGG-1",2
"TTAGGACCAAGCCATT-1",0
"TTAGGACCAGTCAGAG-1",2
"TTAGGACGTTTGTTTC-1",1
"TTAGGCAAGAAGATTC-1",4
"TTAGGCAAGAGCCCAA-1",1
"TTAGGCAAGAGTGACC-1",2
"TTAGGCAAGGTTCCTA-1",0
"TTAGGCAAGTCGTTTG-1",0
"TTAGGCAAGTGTACCT-1",0
"TTAGGCACAGACGCTC-1",0
"TTAGGCACATGTTCCC-1",0
"TTAGGCAGTAAGGATT-1",2
"TTAGGCAGTAAGTAGT-1",0
"TTAGGCAGTCTTGATG-1",2
"TTAGGCATCACGCATA-1",1
"TTAGGCATCAGTCAGT-1",1
"TTAGGCATCCAGTATG-1",0
"TTAGGCATCGTTACGA-1",1
"TTAGTTCAGGTGCAAC-1",3
"TTAGTTCCAATGTAAG-1",0
"TTAGTTCCATCCTTGC-1",1
"TTAGTTCGTAGCCTAT-1",0
"TTAGTTCGTGCAGACA-1",2
"TTAGTTCGTGTCAATC-1",1
"TTAGTTCGTTGCCTCT-1",0
"TTAGTTCTCAGGCCCA-1",3
"TTAGTTCTCGCAGGCT-1",1
"TTAGTTCTCTACTATC-1",0
"TTATGCTAGAATGTGT-1",0
"TTATGCTAGCACACAG-1",0
"TTATGCTAGCAGCCTC-1",0
"TTATGCTAGTCCCACG-1",1
"TTATGCTAGTGGTAAT-1",1
"TTATGCTCAGCCAGAA-1",4
"TTATGCTCATACCATG-1",1
"TTATGCTCATGTAGTC-1",2
"TTATGCTGTCCGAGTC-1",2
"TTATGCTTCGATAGAA-1",0
"TTCCCAGAGAATTCCC-1",2
"TTCCCAGAGACTAGAT-1",1
"TTCCCAGAGTATCGAA-1",0
"TTCCCAGCAGATGGGT-1",1
"TTCCCAGCATCAGTAC-1",1
"TTCCCAGCATCTCCCA-1",1
"TTCCCAGCATTACCTT-1",0
"TTCCCAGTCAACACTG-1",0
"TTCCCAGTCGAGAGCA-1",0
"TTCGAAGAGTCTCAAC-1",0
"TTCGAAGCAAGCGCTC-1",0
"TTCGAAGCACATTAGC-1",0
"TTCGAAGCACGGTGTC-1",0
"TTCGGTCAGAGGACGG-1",2
"TTCGGTCAGCACACAG-1",1
"TTCGGTCAGGCCCTCA-1",2
"TTCGGTCAGTGAATTG-1",1
"TTCGGTCAGTTGAGAT-1",0
"TTCGGTCCAAGGGTCA-1",3
"TTCGGTCCACGTCAGC-1",0
"TTCGGTCGTAACGTTC-1",0
"TTCGGTCGTAGAGTGC-1",0
"TTCGGTCGTTCATGGT-1",0
"TTCGGTCGTTCTGTTT-1",1
"TTCGGTCTCAAAGACA-1",1
"TTCGGTCTCCAGTATG-1",2
"TTCGGTCTCGCGTTTC-1",0
"TTCGGTCTCGTCTGAA-1",0
"TTCTACAAGACTAAGT-1",0
"TTCTACAAGCAGCCTC-1",1
"TTCTACAAGCCTTGAT-1",4
"TTCTACAAGGCAGGTT-1",1
"TTCTACAAGGTAAACT-1",0
"TTCTACAAGTTAGGTA-1",2
"TTCTACACACGTGAGA-1",0
"TTCTACACAGCTGTTA-1",0
"TTCTACACATCGATTG-1",2
"TTCTACACATTACGAC-1",1
"TTCTACAGTACCGTTA-1",2
"TTCTACAGTATATGAG-1",1
"TTCTACAGTGGCTCCA-1",0
"TTCTACATCAACGGGA-1",2
"TTCTACATCCGCGTTT-1",2
"TTCTCAAAGAAAGTGG-1",0
"TTCTCAAAGAATCTCC-1",1
"TTCTCAAAGAGGTTAT-1",1
"TTCTCAAAGCAGCCTC-1",1
"TTCTCAAAGCCGCCTA-1",1
"TTCTCAAAGTCAATAG-1",1
"TTCTCAAAGTTGAGAT-1",0
"TTCTCAACACCCAGTG-1",1
"TTCTCAACATTGTGCA-1",0
"TTCTCAAGTATAAACG-1",0
"TTCTCAAGTCCCTTGT-1",1
"TTCTCAAGTCGAGATG-1",2
"TTCTCAATCATCGCTC-1",1
"TTCTCAATCCCTAACC-1",2
"TTCTCAATCGTAGGAG-1",1
"TTCTCCTAGAGTAAGG-1",0
"TTCTCCTAGCGACGTA-1",2
"TTCTCCTAGCGTGAGT-1",0
"TTCTCCTAGTCTCGGC-1",0
"TTCTCCTCAACACGCC-1",0
"TTCTCCTCAATAACGA-1",0
"TTCTCCTGTTAAGAAC-1",1
"TTCTCCTTCAGTTCGA-1",2
"TTCTCCTTCCGTAGGC-1",0
"TTCTCCTTCCTTTCTC-1",1
"TTCTCCTTCTGCAAGT-1",0
"TTCTCCTTCTTCAACT-1",2
"TTCTCCTTCTTGTACT-1",4
"TTCTTAGAGGACTGGT-1",1
"TTCTTAGCAAGGTGTG-1",2
"TTCTTAGCATCGGAAG-1",2
"TTCTTAGGTAGAAGGA-1",0
"TTCTTAGGTCATATGC-1",0
"TTCTTAGTCAGTTCGA-1",2
"TTGAACGGTCACTTCC-1",2
"TTGAACGTCATGTCCC-1",1
"TTGACTTAGCCACGTC-1",3
"TTGACTTAGCGACGTA-1",0
"TTGACTTAGTTAACGA-1",2
"TTGACTTCACTTACGA-1",1
"TTGACTTGTCTCTCTG-1",1
"TTGACTTGTGCGATAG-1",0
"TTGACTTTCCAGAGGA-1",0
"TTGACTTTCTGTCCGT-1",1
"TTGCCGTAGGAGCGTT-1",0
"TTGCCGTAGGTGGGTT-1",0
"TTGCCGTCATGGTCAT-1",2
"TTGCCGTGTACAGACG-1",0
"TTGCGTCAGACAGAGA-1",1
"TTGCGTCAGCTCCTTC-1",1
"TTGCGTCAGTCCATAC-1",0
"TTGCGTCAGTGAATTG-1",1
"TTGCGTCCAAATTGCC-1",1
"TTGCGTCCACTGTGTA-1",2
"TTGCGTCCAGTCACTA-1",0
"TTGCGTCGTCTGATTG-1",0
"TTGGAACAGCCCAATT-1",1
"TTGGAACAGCGTCTAT-1",0
"TTGGAACAGGCGTACA-1",0
"TTGGAACGTATTACCG-1",0
"TTGGAACGTGTGTGCC-1",0
"TTGGAACTCCCATTAT-1",0
"TTGGAACTCCGTAGTA-1",1
"TTGGAACTCGTCCAGG-1",2
"TTGGCAAAGTTAGGTA-1",2
"TTGGCAAGTATAGGTA-1",2
"TTGGCAATCACATGCA-1",2
"TTGGCAATCAGAGCTT-1",2
"TTGGCAATCGCATGAT-1",4
"TTGGCAATCTAGAGTC-1",2
"TTGTAGGAGGTGCTAG-1",0
"TTGTAGGCACACGCTG-1",0
"TTGTAGGGTCTCCCTA-1",0
"TTGTAGGGTGGTAACG-1",3
"TTGTAGGTCGGCGCTA-1",1
"TTGTAGGTCTGCCAGG-1",1
"TTTACTGAGATCACGG-1",3
"TTTACTGCAAAGCAAT-1",1
"TTTACTGCACATGGGA-1",1
"TTTACTGCACCACGTG-1",0
"TTTACTGCATGGGACA-1",0
"TTTACTGCATGTCCTC-1",1
"TTTACTGGTAACGTTC-1",3
"TTTACTGGTGGTGTAG-1",0
"TTTACTGGTTCGCTAA-1",0
"TTTACTGTCTGGAGCC-1",2
"TTTATGCAGACTGTAA-1",0
"TTTATGCAGATGCGAC-1",3
"TTTATGCAGGCAAAGA-1",0
"TTTATGCAGGCCCGTT-1",2
"TTTATGCAGTTCCACA-1",0
"TTTATGCCAAACGCGA-1",3
"TTTATGCCAATCTGCA-1",1
"TTTATGCCACAGGTTT-1",0
"TTTATGCCAGCCAATT-1",0
"TTTATGCCAGGTCGTC-1",0
"TTTATGCCATGGTCAT-1",0
"TTTATGCTCACATAGC-1",0
"TTTATGCTCACCTTAT-1",3
"TTTATGCTCGGCGGTT-1",2
"TTTATGCTCTCGCTTG-1",1
"TTTCCTCAGCGTGAAC-1",2
"TTTCCTCAGGACTGGT-1",2
"TTTCCTCCAAAGTGCG-1",0
"TTTCCTCCAGGAATGC-1",0
"TTTCCTCCATTAGCCA-1",0
"TTTCCTCGTCCGAAGA-1",1
"TTTCCTCGTCGCTTTC-1",0
"TTTCCTCTCGGCCGAT-1",1
"TTTCCTCTCGTGTAGT-1",0
"TTTGCGCAGCTAAACA-1",0
"TTTGCGCAGCTAGTCT-1",3
"TTTGCGCAGGCCGAAT-1",1
"TTTGCGCAGTCAAGGC-1",1
"TTTGCGCCAAGTAGTA-1",1
"TTTGCGCCAGGTGCCT-1",3
"TTTGCGCGTCTAAACC-1",0
"TTTGCGCTCAAAGTAG-1",0
"TTTGCGCTCATGTAGC-1",0
"TTTGGTTAGAATGTGT-1",0
"TTTGGTTAGACAATAC-1",2
"TTTGGTTAGCGATTCT-1",0
"TTTGGTTAGGCTCAGA-1",0
"TTTGGTTAGTTACCCA-1",0
"TTTGGTTCAAACTGCT-1",4
"TTTGGTTCAAGCTGTT-1",0
"TTTGGTTCAGATCGGA-1",2
"TTTGGTTCATCACAAC-1",0
"TTTGGTTGTACTTCTT-1",0
"TTTGGTTGTATGCTTG-1",0
"TTTGGTTGTGCTTCTC-1",0
"TTTGGTTTCATGCTCC-1",1
"TTTGGTTTCCCTGACT-1",0
"TTTGTCAAGAGTCGGT-1",1
"TTTGTCACAAGTTCTG-1",0
"TTTGTCACAAGTTGTC-1",2
"TTTGTCACACTCTGTC-1",0
"TTTGTCATCACCTTAT-1",3
"TTTGTCATCCATTCTA-1",1
"TTTGTCATCCTTAATC-1",0
"TTTGTCATCTTATCTG-1",0
