"cell_barcode","expression"
"AAACCTGAGACAGAGA-1",7
"AAACCTGAGACTTTCG-1",2
"AAACCTGAGAGTAAGG-1",2
"AAACCTGAGAGTCGGT-1",3
"AAACCTGAGGATGGAA-1",0
"AAACCTGAGTAGATGT-1",3
"AAACCTGCAATCAGAA-1",0
"AAACCTGCACCGATAT-1",1
"AAACCTGCAGACGTAG-1",3
"AAACCTGCAGTATCTG-1",3
"AAACCTGCATAGTAAG-1",1
"AAACCTGCATGAACCT-1",0
"AAACCTGGTAAGAGGA-1",1
"AAACCTGGTCCAACTA-1",5
"AAACCTGTCCGTAGTA-1",2
"AAACCTGTCGAGAGCA-1",4
"AAACGGGAGTACGACG-1",3
"AAACGGGCAAGGTTTC-1",0
"AAACGGGCACGTCAGC-1",0
"AAACGGGCAGCGTTCG-1",1
"AAACGGGGTAGCCTCG-1",8
"AAACGGGGTCTACCTC-1",2
"AAACGGGGTGCGGTAA-1",1
"AAACGGGGTTGTCGCG-1",4
"AAACGGGTCCATGAGT-1",1
"AAACGGGTCCCAACGG-1",0
"AAACGGGTCCCATTAT-1",4
"AAAGATGCAGTCAGCC-1",4
"AAAGATGCATCTACGA-1",0
"AAAGCAAAGCGTCTAT-1",1
"AAAGCAACATGTCGAT-1",0
"AAAGCAAGTAGCTGCC-1",1
"AAAGCAAGTAGGCATG-1",4
"AAAGCAAGTGCGCTTG-1",2
"AAAGCAAGTTATTCTC-1",4
"AAAGCAATCCGTAGTA-1",0
"AAAGTAGAGATGTGTA-1",1
"AAAGTAGAGTGGGCTA-1",4
"AAAGTAGGTATATGGA-1",1
"AAAGTAGGTGAGCGAT-1",2
"AAAGTAGGTTGAGGTG-1",1
"AAATGCCAGCCCTAAT-1",2
"AAATGCCAGCGTGTCC-1",2
"AAATGCCCAACACCTA-1",3
"AAATGCCGTAGGAGTC-1",2
"AAATGCCGTCTTTCAT-1",0
"AAATGCCGTGGTCCGT-1",3
"AAATGCCGTTCCCGAG-1",5
"AAATGCCTCATAGCAC-1",1
"AAATGCCTCGCTTAGA-1",6
"AACACGTAGAATTCCC-1",8
"AACACGTAGCCCTAAT-1",1
"AACACGTAGGGTGTGT-1",1
"AACACGTCACTGTCGG-1",4
"AACACGTCATCCCATC-1",4
"AACACGTGTGCAACGA-1",2
"AACACGTGTGTCGCTG-1",1
"AACCATGAGCGCTTAT-1",0
"AACCATGGTCCGTTAA-1",0
"AACCATGTCAGTTCGA-1",6
"AACCATGTCATCGATG-1",1
"AACCATGTCCCAAGTA-1",2
"AACCGCGAGAAGCCCA-1",2
"AACCGCGAGACTGGGT-1",5
"AACCGCGAGAGGTACC-1",2
"AACCGCGAGTTAGGTA-1",6
"AACCGCGAGTTGCAGG-1",1
"AACCGCGCACGGTAGA-1",2
"AACCGCGCAGCATGAG-1",3
"AACCGCGCAGCCTGTG-1",0
"AACCGCGCAGCTGTGC-1",2
"AACCGCGCAGTATGCT-1",3
"AACCGCGGTACTTGAC-1",1
"AACCGCGGTCTGCAAT-1",3
"AACCGCGTCACATGCA-1",1
"AACCGCGTCACCGTAA-1",0
"AACCGCGTCCAGAGGA-1",2
"AACCGCGTCCGAAGAG-1",1
"AACCGCGTCGATCCCT-1",1
"AACGTTGAGCGATAGC-1",1
"AACGTTGAGCGATCCC-1",0
"AACGTTGAGCTTATCG-1",1
"AACGTTGCAAGTTGTC-1",3
"AACGTTGCAATAGAGT-1",2
"AACGTTGCAATGGATA-1",3
"AACGTTGCATGGATGG-1",0
"AACGTTGCATTCTCAT-1",4
"AACGTTGTCAACACGT-1",2
"AACGTTGTCGAGGTAG-1",4
"AACGTTGTCGGTCCGA-1",3
"AACTCAGAGAGCTATA-1",1
"AACTCAGAGAGTCGGT-1",1
"AACTCAGAGCCACCTG-1",1
"AACTCAGAGCCCAATT-1",2
"AACTCAGCAAACAACA-1",2
"AACTCAGCACAAGCCC-1",3
"AACTCAGCACGGTTTA-1",1
"AACTCAGCAGGATCGA-1",1
"AACTCAGCATAAAGGT-1",1
"AACTCAGGTTCCACAA-1",3
"AACTCAGTCGTACCGG-1",0
"AACTCCCAGCCCAGCT-1",2
"AACTCCCAGCTAAGAT-1",3
"AACTCCCCAAACGCGA-1",2
"AACTCCCCATGGTCTA-1",3
"AACTCCCGTTGCGCAC-1",3
"AACTCCCTCAAGAAGT-1",9
"AACTCCCTCAAGCCTA-1",1
"AACTCCCTCATCGCTC-1",1
"AACTCCCTCTGCAGTA-1",3
"AACTCCCTCTGGCGTG-1",4
"AACTCTTAGCAGACTG-1",6
"AACTCTTAGTCCGGTC-1",1
"AACTCTTCATGCTAGT-1",0
"AACTCTTGTCGAATCT-1",2
"AACTCTTGTCGGGTCT-1",4
"AACTCTTTCCTCAATT-1",2
"AACTCTTTCTCAAACG-1",0
"AACTCTTTCTCCAGGG-1",2
"AACTCTTTCTCTGCTG-1",2
"AACTGGTAGAAGATTC-1",3
"AACTGGTAGAGACTAT-1",2
"AACTGGTAGCCAACAG-1",3
"AACTGGTAGTGTACTC-1",1
"AACTGGTCACTGAAGG-1",5
"AACTGGTGTCCGAACC-1",3
"AACTGGTTCGGAGCAA-1",8
"AACTGGTTCGTGGGAA-1",2
"AACTGGTTCTGCTTGC-1",0
"AACTTTCAGCGTGAAC-1",0
"AACTTTCAGTATCTCG-1",2
"AACTTTCAGTTTCCTT-1",1
"AACTTTCCATCCTTGC-1",2
"AACTTTCGTCTAGAGG-1",1
"AACTTTCGTCTCTTTA-1",0
"AACTTTCGTTTGTTTC-1",0
"AAGACCTAGGGCTTCC-1",0
"AAGACCTAGTACACCT-1",2
"AAGACCTGTATATGAG-1",2
"AAGACCTGTATCAGTC-1",0
"AAGACCTGTCCGTGAC-1",4
"AAGACCTGTCGAAAGC-1",2
"AAGACCTTCGCCATAA-1",1
"AAGCCGCAGATCTGAA-1",2
"AAGCCGCAGGGTGTTG-1",1
"AAGCCGCAGTGGACGT-1",1
"AAGCCGCAGTGTACTC-1",2
"AAGCCGCCACGCTTTC-1",0
"AAGCCGCCAGGACGTA-1",2
"AAGCCGCGTACAGTTC-1",1
"AAGCCGCGTCATTAGC-1",0
"AAGCCGCTCACGAAGG-1",3
"AAGCCGCTCAGTTAGC-1",2
"AAGCCGCTCGCAAACT-1",2
"AAGCCGCTCGTCGTTC-1",4
"AAGCCGCTCTTACCGC-1",3
"AAGGAGCAGAAACCGC-1",0
"AAGGAGCAGGCATGTG-1",1
"AAGGAGCAGGCGCTCT-1",1
"AAGGAGCAGTTGAGTA-1",7
"AAGGAGCCACGGCGTT-1",1
"AAGGAGCGTAGCGCAA-1",2
"AAGGAGCGTCTGCAAT-1",0
"AAGGAGCTCGTCTGCT-1",1
"AAGGCAGAGAACTGTA-1",3
"AAGGCAGAGAGATGAG-1",0
"AAGGCAGAGGTGATAT-1",3
"AAGGCAGCATAGTAAG-1",2
"AAGGCAGGTACTTCTT-1",0
"AAGGCAGGTGTGCCTG-1",2
"AAGGCAGTCAGATAAG-1",4
"AAGGCAGTCGGAATCT-1",3
"AAGGTTCAGTATCTCG-1",1
"AAGGTTCCATCACGTA-1",4
"AAGGTTCGTATATGGA-1",1
"AAGGTTCGTCCGAATT-1",5
"AAGGTTCGTCGACTAT-1",4
"AAGGTTCGTGTGACCC-1",1
"AAGGTTCTCCGTCATC-1",3
"AAGGTTCTCCTCGCAT-1",2
"AAGGTTCTCTGCGGCA-1",3
"AAGTCTGAGCCATCGC-1",3
"AAGTCTGAGTCAAGCG-1",0
"AAGTCTGCAAAGGAAG-1",0
"AAGTCTGGTCAGCTAT-1",0
"AAGTCTGTCAAACAAG-1",1
"AAGTCTGTCACTGGGC-1",1
"AAGTCTGTCAGCAACT-1",2
"AATCCAGCAAAGTGCG-1",1
"AATCCAGCAGCATACT-1",2
"AATCCAGGTAGGCATG-1",3
"AATCCAGGTCTCCCTA-1",0
"AATCCAGTCCGAATGT-1",4
"AATCGGTAGGCATGGT-1",5
"AATCGGTTCCTGTACC-1",4
"AATCGGTTCGCCGTGA-1",1
"ACACCAAAGATGAGAG-1",1
"ACACCAAAGCCCTAAT-1",0
"ACACCAAAGGATGGTC-1",2
"ACACCAAAGTGTCCAT-1",2
"ACACCAACACTTCGAA-1",0
"ACACCAACAGACGCTC-1",3
"ACACCAACAGCCTATA-1",5
"ACACCAAGTCGCGTGT-1",3
"ACACCAAGTCTAAACC-1",4
"ACACCAAGTTATGTGC-1",1
"ACACCAATCGCGTTTC-1",1
"ACACCCTAGCCAGGAT-1",7
"ACACCCTAGTACTTGC-1",11
"ACACCCTCAAGCGCTC-1",1
"ACACCCTCATCACAAC-1",1
"ACACCCTCATGCCCGA-1",1
"ACACCCTGTCTGGTCG-1",1
"ACACCCTTCCGCAAGC-1",6
"ACACCCTTCCTTGCCA-1",4
"ACACCCTTCTATCCTA-1",2
"ACACCCTTCTGGCGTG-1",0
"ACACCGGAGGCTCAGA-1",1
"ACACCGGAGTGACATA-1",0
"ACACCGGAGTTACCCA-1",1
"ACACCGGCAAGCCGTC-1",0
"ACACCGGCACCAGATT-1",8
"ACACCGGCACCGAAAG-1",0
"ACACCGGCATCACAAC-1",3
"ACACCGGTCCGCATAA-1",2
"ACACCGGTCTCGGACG-1",2
"ACACCGGTCTCTGTCG-1",4
"ACACTGAAGCACGCCT-1",4
"ACACTGAAGGTGATTA-1",5
"ACACTGACAATAGAGT-1",1
"ACACTGACAGACTCGC-1",3
"ACACTGACATCCAACA-1",0
"ACACTGAGTCCGAAGA-1",1
"ACACTGAGTGTTTGTG-1",3
"ACACTGAGTTTGACTG-1",1
"ACAGCCGAGGAATGGA-1",1
"ACAGCCGAGGCCCGTT-1",3
"ACAGCCGAGGTGCTTT-1",1
"ACAGCCGAGTGGTAGC-1",1
"ACAGCCGCATATACGC-1",1
"ACAGCCGCATGCAACT-1",2
"ACAGCCGGTAGGGTAC-1",0
"ACAGCCGGTCGAATCT-1",4
"ACAGCCGGTTCACCTC-1",1
"ACAGCCGGTTCCACTC-1",9
"ACAGCCGTCCAGAAGG-1",1
"ACAGCCGTCTTTACAC-1",3
"ACAGCTAAGCACCGCT-1",0
"ACAGCTAAGTATCTCG-1",2
"ACAGCTAAGTGTTGAA-1",1
"ACAGCTACATCGTCGG-1",2
"ACAGCTAGTCGACTAT-1",0
"ACAGCTAGTGGTACAG-1",1
"ACAGCTATCACCACCT-1",0
"ACAGCTATCTGCTTGC-1",5
"ACATACGAGAGCTTCT-1",1
"ACATACGAGCGTAGTG-1",2
"ACATACGAGCTTCGCG-1",0
"ACATACGAGCTTTGGT-1",3
"ACATACGCAAACGTGG-1",11
"ACATACGCAAGCCTAT-1",2
"ACATACGCATCTCCCA-1",2
"ACATACGCATTCTCAT-1",0
"ACATACGGTAGGAGTC-1",2
"ACATACGGTGCACCAC-1",1
"ACATACGGTGGTTTCA-1",3
"ACATACGTCGTATCAG-1",3
"ACATCAGAGCCACTAT-1",2
"ACATCAGAGCCTTGAT-1",2
"ACATCAGCAACACCCG-1",1
"ACATCAGCAACGATGG-1",1
"ACATCAGCAATTGCTG-1",1
"ACATCAGCACCGGAAA-1",3
"ACATCAGCATAAAGGT-1",1
"ACATCAGCATCCCACT-1",3
"ACATCAGCATTTGCCC-1",4
"ACATCAGGTAAGGATT-1",6
"ACATCAGGTCCGTGAC-1",4
"ACATCAGGTTAAGTAG-1",3
"ACATCAGTCAAACCGT-1",3
"ACATGGTAGCATGGCA-1",4
"ACATGGTAGCTGTTCA-1",3
"ACATGGTCACTTGGAT-1",2
"ACATGGTGTCAGATAA-1",3
"ACATGGTGTCTGCGGT-1",1
"ACATGGTGTGCAACTT-1",1
"ACATGGTTCCGCAAGC-1",1
"ACATGGTTCCTCCTAG-1",4
"ACATGGTTCTGGAGCC-1",2
"ACATGGTTCTTCTGGC-1",2
"ACCAGTAAGATCACGG-1",1
"ACCAGTAAGCTTCGCG-1",1
"ACCAGTACACAGATTC-1",3
"ACCAGTACACAGGCCT-1",1
"ACCAGTACAGTATGCT-1",2
"ACCAGTACAGTCAGAG-1",1
"ACCAGTACAGTTTACG-1",3
"ACCAGTAGTCACCCAG-1",1
"ACCAGTAGTCCATCCT-1",3
"ACCAGTAGTCTTCAAG-1",0
"ACCAGTAGTGGACGAT-1",1
"ACCAGTATCTGCGACG-1",2
"ACCAGTATCTGCTTGC-1",0
"ACCAGTATCTGTTTGT-1",3
"ACCCACTAGAGGTTAT-1",3
"ACCCACTAGATCCCGC-1",10
"ACCCACTAGATGTGTA-1",0
"ACCCACTAGCCCAATT-1",5
"ACCCACTCAAGGGTCA-1",0
"ACCCACTCAAGGTTCT-1",4
"ACCCACTGTAAATGAC-1",1
"ACCCACTGTAGCCTCG-1",0
"ACCCACTGTCAAAGAT-1",2
"ACCCACTGTCAATACC-1",2
"ACCCACTGTGTGGTTT-1",1
"ACCCACTTCGCAAACT-1",1
"ACCCACTTCTGCCAGG-1",4
"ACCGTAACAATCGGTT-1",3
"ACCGTAACAATCTACG-1",4
"ACCGTAACAGGTCCAC-1",1
"ACCGTAAGTACAGCAG-1",1
"ACCGTAAGTCATGCAT-1",2
"ACCGTAAGTGAGTGAC-1",2
"ACCGTAAGTTAAGAAC-1",2
"ACCGTAAGTTCCGTCT-1",2
"ACCGTAATCACATAGC-1",3
"ACCGTAATCATGTGGT-1",3
"ACCGTAATCTGAAAGA-1",1
"ACCTTTACAATCGGTT-1",0
"ACCTTTACACGGACAA-1",1
"ACCTTTACAGCAGTTT-1",1
"ACCTTTACATGCAACT-1",4
"ACCTTTACATTTCAGG-1",5
"ACCTTTAGTGAACCTT-1",0
"ACCTTTAGTTCCACTC-1",5
"ACCTTTATCTCTAGGA-1",7
"ACGAGCCAGGCAGGTT-1",0
"ACGAGCCCACAGGCCT-1",3
"ACGAGCCCATGGAATA-1",0
"ACGAGCCGTGCACGAA-1",0
"ACGAGCCGTGTGACCC-1",1
"ACGAGCCGTTGGTTTG-1",1
"ACGAGCCTCAGTCCCT-1",1
"ACGAGCCTCGCAAACT-1",0
"ACGAGGACACTACAGT-1",3
"ACGAGGACATGTAGTC-1",2
"ACGAGGAGTACACCGC-1",3
"ACGAGGAGTGCCTGCA-1",1
"ACGAGGAGTTCTGAAC-1",2
"ACGAGGATCTGCGGCA-1",0
"ACGATACAGAGTGACC-1",0
"ACGATACAGCGCCTTG-1",1
"ACGATACAGTGATCGG-1",0
"ACGATACCACGTTGGC-1",1
"ACGATACCATTGGGCC-1",3
"ACGATACGTCGAATCT-1",0
"ACGATACTCTGACCTC-1",0
"ACGATGTAGTGCGATG-1",3
"ACGATGTAGTTGAGAT-1",3
"ACGATGTCAACGCACC-1",1
"ACGATGTCACACGCTG-1",2
"ACGATGTGTATTCTCT-1",0
"ACGATGTGTCAGTGGA-1",1
"ACGATGTGTGACTACT-1",1
"ACGATGTGTGTCGCTG-1",2
"ACGATGTTCGCGTAGC-1",2
"ACGATGTTCTCTTATG-1",1
"ACGCAGCAGCGGCTTC-1",4
"ACGCAGCAGCTGCGAA-1",5
"ACGCAGCAGTGTACGG-1",1
"ACGCAGCCACCTCGTT-1",3
"ACGCAGCCATCGACGC-1",0
"ACGCAGCCATTACCTT-1",1
"ACGCAGCGTCCATGAT-1",3
"ACGCAGCGTCTACCTC-1",0
"ACGCAGCGTCTGGTCG-1",0
"ACGCAGCGTGCGATAG-1",1
"ACGCCAGCAAAGCAAT-1",2
"ACGCCAGCAACGCACC-1",1
"ACGCCAGCACGAGAGT-1",2
"ACGCCAGCAGTGAGTG-1",0
"ACGCCAGGTGCACTTA-1",2
"ACGCCAGGTGTGCGTC-1",6
"ACGCCAGTCACAGGCC-1",5
"ACGCCAGTCAGTGTTG-1",1
"ACGCCGAAGAAACGCC-1",1
"ACGCCGAAGATCTGCT-1",6
"ACGCCGACAGCCTGTG-1",6
"ACGCCGAGTTCCAACA-1",2
"ACGCCGATCCTATGTT-1",2
"ACGCCGATCGCAGGCT-1",3
"ACGCCGATCTTGTATC-1",3
"ACGGAGAAGCCAGTTT-1",0
"ACGGAGAAGGTCATCT-1",2
"ACGGAGACACACATGT-1",5
"ACGGAGACAGCCTGTG-1",2
"ACGGAGACAGCGTAAG-1",1
"ACGGAGACAGTAAGCG-1",1
"ACGGAGAGTGTGACGA-1",3
"ACGGAGATCCACGAAT-1",1
"ACGGCCACACATCCAA-1",5
"ACGGCCACACATTCGA-1",1
"ACGGCCAGTACCGTAT-1",0
"ACGGCCAGTGTATGGG-1",3
"ACGGCCATCACGGTTA-1",0
"ACGGCCATCAGTGTTG-1",1
"ACGGCCATCTACTATC-1",1
"ACGGGCTAGGATCGCA-1",3
"ACGGGCTAGGTTCCTA-1",1
"ACGGGCTAGTGGCACA-1",3
"ACGGGCTCATCTGGTA-1",0
"ACGGGCTGTGAGGCTA-1",3
"ACGGGCTTCCGAACGC-1",2
"ACGGGTCAGATGCCAG-1",2
"ACGGGTCCATGATCCA-1",3
"ACGGGTCCATTAGGCT-1",4
"ACGGGTCCATTTCACT-1",0
"ACGGGTCGTTAGGGTG-1",1
"ACGGGTCTCAACACCA-1",1
"ACGGGTCTCCACGCAG-1",2
"ACGTCAAAGGGCTTCC-1",0
"ACGTCAAAGTGGTAAT-1",1
"ACGTCAACAACTGCGC-1",1
"ACGTCAACACAAGACG-1",2
"ACGTCAAGTAGCTCCG-1",2
"ACGTCAAGTGTCGCTG-1",7
"ACGTCAAGTTATGCGT-1",1
"ACGTCAATCAACCAAC-1",3
"ACGTCAATCATAACCG-1",0
"ACGTCAATCCAGAAGG-1",6
"ACGTCAATCTAACTCT-1",0
"ACTATCTAGAGGTTAT-1",0
"ACTATCTAGATACACA-1",2
"ACTATCTAGGAGTAGA-1",2
"ACTATCTAGGCATGTG-1",3
"ACTATCTCAAATACAG-1",0
"ACTATCTCAAATTGCC-1",2
"ACTATCTGTAGGGACT-1",1
"ACTATCTGTCGCGTGT-1",0
"ACTATCTGTGCACGAA-1",3
"ACTATCTGTGGTTTCA-1",0
"ACTATCTTCGCCGTGA-1",0
"ACTGAACAGAGTGAGA-1",1
"ACTGAACAGATCCCGC-1",1
"ACTGAACAGGTGATAT-1",0
"ACTGAACCAAAGCGGT-1",0
"ACTGAACCAAGCGAGT-1",2
"ACTGAACCAATTCCTT-1",2
"ACTGAACCAGCTGGCT-1",0
"ACTGAACCAGTCTTCC-1",0
"ACTGAACCATTACCTT-1",2
"ACTGAACGTAAGCACG-1",4
"ACTGAACGTAATCGTC-1",0
"ACTGAACGTCCAGTAT-1",0
"ACTGAACGTCTGATCA-1",1
"ACTGAACTCCCACTTG-1",2
"ACTGAGTAGCCGGTAA-1",3
"ACTGAGTCAGTGGGAT-1",7
"ACTGAGTCATTTGCCC-1",2
"ACTGAGTGTAGAGCTG-1",3
"ACTGAGTGTTGTGGCC-1",5
"ACTGAGTTCAGGTTCA-1",1
"ACTGATGAGACAGACC-1",0
"ACTGATGAGCGGATCA-1",5
"ACTGATGAGGTGCTTT-1",3
"ACTGATGCAGCAGTTT-1",0
"ACTGATGCATCACAAC-1",4
"ACTGATGGTCATGCAT-1",3
"ACTGATGTCACAATGC-1",1
"ACTGATGTCACTCCTG-1",1
"ACTGATGTCCCTGACT-1",0
"ACTGATGTCCGCTGTT-1",0
"ACTGATGTCCGGCACA-1",3
"ACTGATGTCCTATTCA-1",0
"ACTGCTCAGAGCTTCT-1",3
"ACTGCTCAGATGCCTT-1",0
"ACTGCTCCACACCGCA-1",4
"ACTGCTCCAGATGGGT-1",2
"ACTGCTCCATGCCTAA-1",1
"ACTGCTCGTAGGCATG-1",1
"ACTGCTCGTATCACCA-1",0
"ACTGCTCGTCCGAAGA-1",4
"ACTGCTCTCCGAGCCA-1",8
"ACTGTCCAGAGGGCTT-1",3
"ACTGTCCAGCAGCGTA-1",1
"ACTGTCCAGGCATGGT-1",1
"ACTGTCCCAAGGTTTC-1",9
"ACTGTCCCAAGTACCT-1",3
"ACTGTCCCAGTATCTG-1",0
"ACTGTCCCATAGAAAC-1",0
"ACTGTCCGTTGAGGTG-1",1
"ACTGTCCTCCACGTGG-1",1
"ACTGTCCTCCTTGGTC-1",1
"ACTGTCCTCTCTGTCG-1",0
"ACTTACTAGCGATAGC-1",1
"ACTTACTAGGGATGGG-1",0
"ACTTACTCACAGACAG-1",2
"ACTTACTCACATTTCT-1",3
"ACTTACTGTACTCAAC-1",2
"ACTTACTGTTCCACAA-1",2
"ACTTACTTCATCGGAT-1",2
"ACTTGTTAGACAAGCC-1",3
"ACTTGTTAGCTAGCCC-1",1
"ACTTGTTAGTTACCCA-1",4
"ACTTGTTCACGACGAA-1",2
"ACTTGTTCACGGCTAC-1",1
"ACTTGTTGTATCGCAT-1",0
"ACTTGTTGTGGTAACG-1",12
"ACTTGTTGTTGTGGAG-1",3
"ACTTGTTTCATCACCC-1",5
"ACTTTCACATGGTCAT-1",3
"ACTTTCAGTGACTACT-1",1
"ACTTTCATCGCCAGCA-1",3
"AGAATAGAGCTGAACG-1",2
"AGAATAGAGCTGTCTA-1",0
"AGAATAGAGGTAGCTG-1",1
"AGAATAGCATGGTCTA-1",0
"AGAATAGGTAATCGTC-1",3
"AGAATAGGTATTCTCT-1",4
"AGAATAGGTGCGGTAA-1",0
"AGAATAGGTTAAGAAC-1",2
"AGAATAGTCAGGCCCA-1",3
"AGACGTTAGAATGTGT-1",0
"AGACGTTAGCTCCTCT-1",3
"AGACGTTAGTGCCAGA-1",1
"AGACGTTCAGGATCGA-1",1
"AGACGTTGTAGCTGCC-1",1
"AGACGTTGTCTGCAAT-1",3
"AGACGTTGTTCTGTTT-1",2
"AGACGTTTCGCATGGC-1",3
"AGACGTTTCGCTTAGA-1",0
"AGAGCGACAACTTGAC-1",3
"AGAGCGACAAGTACCT-1",4
"AGAGCGACACAACGTT-1",10
"AGAGCGACATGAGCGA-1",1
"AGAGCGAGTCAGTGGA-1",2
"AGAGCGAGTCGACTGC-1",6
"AGAGCGAGTTGAGTTC-1",4
"AGAGCGATCGCGTAGC-1",0
"AGAGCGATCTATCCTA-1",4
"AGAGCGATCTCGCTTG-1",0
"AGAGCTTAGCCGTCGT-1",2
"AGAGCTTAGTACACCT-1",2
"AGAGCTTAGTCATGCT-1",0
"AGAGCTTGTAGAGCTG-1",0
"AGAGCTTGTATCACCA-1",4
"AGAGCTTTCACTATTC-1",1
"AGAGCTTTCCTGCAGG-1",2
"AGAGCTTTCGCAAACT-1",1
"AGAGCTTTCGCTTAGA-1",5
"AGAGTGGAGAGCCTAG-1",2
"AGAGTGGAGGCCCTTG-1",1
"AGAGTGGAGGTACTCT-1",1
"AGAGTGGCACAAGACG-1",4
"AGAGTGGCACCTCGTT-1",1
"AGAGTGGCATCCGGGT-1",1
"AGAGTGGCATCTGGTA-1",2
"AGAGTGGGTCAGCTAT-1",1
"AGAGTGGGTCCTCCAT-1",5
"AGAGTGGGTCTAGTCA-1",4
"AGAGTGGGTTACCGAT-1",2
"AGATCTGAGGTGGGTT-1",3
"AGATCTGAGTCAAGGC-1",0
"AGATCTGCAATGTTGC-1",2
"AGATCTGTCGAATCCA-1",2
"AGATCTGTCTGCAGTA-1",1
"AGATTGCAGGCTACGA-1",1
"AGATTGCCACGACGAA-1",0
"AGATTGCCAGATGGGT-1",0
"AGATTGCGTAGAGCTG-1",7
"AGATTGCGTGATGTCT-1",0
"AGATTGCGTGTTCGAT-1",0
"AGATTGCGTTCACGGC-1",2
"AGATTGCTCACTGGGC-1",1
"AGATTGCTCATCTGTT-1",0
"AGCAGCCAGCTGATAA-1",2
"AGCAGCCCACCGAAAG-1",1
"AGCAGCCGTCGACTGC-1",1
"AGCAGCCGTCGCTTTC-1",0
"AGCAGCCGTCTAACGT-1",3
"AGCAGCCGTGTGAAAT-1",6
"AGCAGCCGTTTGTTGG-1",1
"AGCAGCCTCCAAACAC-1",0
"AGCATACAGTGGTAGC-1",5
"AGCATACAGTTGTCGT-1",7
"AGCATACGTCTTCTCG-1",4
"AGCATACGTTAAGTAG-1",4
"AGCATACTCCGTTGCT-1",4
"AGCCTAAAGATATGGT-1",0
"AGCCTAACAAAGCGGT-1",3
"AGCCTAACAGATAATG-1",2
"AGCCTAAGTACGAAAT-1",0
"AGCCTAAGTCACCTAA-1",0
"AGCCTAAGTGTGCCTG-1",1
"AGCCTAATCACCCGAG-1",2
"AGCCTAATCCAATGGT-1",1
"AGCCTAATCCTTGGTC-1",1
"AGCCTAATCTGTGCAA-1",3
"AGCCTAATCTGTTTGT-1",3
"AGCGGTCAGCGAAGGG-1",1
"AGCGGTCAGGTACTCT-1",9
"AGCGGTCAGTGACTCT-1",1
"AGCGGTCCAGCCTTGG-1",1
"AGCGGTCGTCCTAGCG-1",4
"AGCGGTCGTGGTGTAG-1",1
"AGCGGTCGTTAAGGGC-1",6
"AGCGGTCGTTTGCATG-1",1
"AGCGGTCTCCGAAGAG-1",2
"AGCGGTCTCCTCAATT-1",1
"AGCGGTCTCTGGGCCA-1",5
"AGCGTATAGAACTGTA-1",2
"AGCGTATAGCGATGAC-1",3
"AGCGTATAGGTACTCT-1",2
"AGCGTATGTTGAGGTG-1",1
"AGCGTATTCCAGAGGA-1",0
"AGCGTCGAGTTGAGTA-1",1
"AGCGTCGCAGGGATTG-1",5
"AGCGTCGTCTGAAAGA-1",1
"AGCTCCTAGACCTAGG-1",0
"AGCTCCTAGCGTTTAC-1",5
"AGCTCCTGTGTTTGTG-1",1
"AGCTCCTGTTGTCTTT-1",2
"AGCTCCTTCCGAATGT-1",5
"AGCTCCTTCTTGACGA-1",1
"AGCTCTCAGCGGATCA-1",3
"AGCTCTCAGCTGTTCA-1",3
"AGCTCTCAGGTGCTAG-1",3
"AGCTCTCCATACAGCT-1",2
"AGCTCTCGTCAGAGGT-1",1
"AGCTCTCGTGGGTCAA-1",1
"AGCTCTCTCACAACGT-1",0
"AGCTCTCTCTTGACGA-1",2
"AGCTTGAAGCATCATC-1",5
"AGCTTGAAGTAGCGGT-1",3
"AGCTTGAAGTTGTCGT-1",6
"AGCTTGACAATCCAAC-1",0
"AGCTTGACACCGATAT-1",3
"AGCTTGAGTCTACCTC-1",2
"AGCTTGAGTGCGCTTG-1",0
"AGCTTGAGTTACGCGC-1",4
"AGCTTGATCCTGCCAT-1",4
"AGCTTGATCTGCAAGT-1",1
"AGGCCACAGAGTAAGG-1",5
"AGGCCACAGGGTCTCC-1",4
"AGGCCACAGTACTTGC-1",6
"AGGCCACCAGGACCCT-1",3
"AGGCCACCATCAGTCA-1",0
"AGGCCACTCATGCTCC-1",3
"AGGCCACTCATGGTCA-1",1
"AGGCCACTCATTGCGA-1",6
"AGGCCGTAGGATCGCA-1",3
"AGGCCGTCACGTAAGG-1",0
"AGGCCGTCAGCTCGAC-1",1
"AGGCCGTCATCGTCGG-1",1
"AGGCCGTTCACGGTTA-1",4
"AGGCCGTTCGAACTGT-1",3
"AGGCCGTTCTCAAGTG-1",3
"AGGCCGTTCTGCTTGC-1",3
"AGGGAGTAGCCCAACC-1",2
"AGGGAGTAGGAGTACC-1",5
"AGGGAGTAGGCAGGTT-1",2
"AGGGAGTCACGAGAGT-1",3
"AGGGAGTCAGAAGCAC-1",1
"AGGGAGTCAGATCCAT-1",1
"AGGGAGTCATCGACGC-1",0
"AGGGAGTCATGCTAGT-1",2
"AGGGAGTGTCCATGAT-1",1
"AGGGAGTTCATAACCG-1",1
"AGGGATGAGCTCTCGG-1",1
"AGGGATGAGGAGTAGA-1",2
"AGGGATGAGTAGCGGT-1",0
"AGGGATGCAATGAATG-1",2
"AGGGATGCAATGGAGC-1",3
"AGGGATGCACAAGACG-1",1
"AGGGATGCACATTTCT-1",3
"AGGGATGCATGGTCTA-1",4
"AGGGATGGTTAAAGTG-1",2
"AGGGATGGTTATGCGT-1",0
"AGGGATGTCGTGACAT-1",1
"AGGGTGAAGATGGCGT-1",1
"AGGGTGAAGATGGGTC-1",1
"AGGGTGAAGGCTCAGA-1",4
"AGGGTGACACGAGAGT-1",1
"AGGGTGACAGATGGCA-1",2
"AGGGTGACAGATTGCT-1",0
"AGGGTGAGTACTCTCC-1",1
"AGGGTGAGTTATCGGT-1",4
"AGGGTGAGTTCTGAAC-1",4
"AGGGTGATCTCGCTTG-1",2
"AGGTCATAGAGCCCAA-1",3
"AGGTCATAGCCAGAAC-1",5
"AGGTCATAGGCATGGT-1",4
"AGGTCATAGGGAGTAA-1",3
"AGGTCATCACTCAGGC-1",0
"AGGTCATCACTCTGTC-1",1
"AGGTCATGTTCCACTC-1",4
"AGGTCATTCTCGTTTA-1",1
"AGGTCCGAGGATGCGT-1",0
"AGGTCCGCAACACGCC-1",5
"AGGTCCGGTGATGCCC-1",1
"AGGTCCGTCCATGAAC-1",1
"AGGTCCGTCGCCCTTA-1",4
"AGGTCCGTCTGCGTAA-1",3
"AGTAGTCAGACTGTAA-1",2
"AGTAGTCAGTACGACG-1",1
"AGTAGTCAGTTTAGGA-1",0
"AGTAGTCCAACTGGCC-1",3
"AGTAGTCGTGCAGACA-1",0
"AGTAGTCTCACCCGAG-1",1
"AGTCTTTAGGCAGTCA-1",2
"AGTCTTTCAAATCCGT-1",0
"AGTCTTTCATATACCG-1",2
"AGTCTTTGTGCTTCTC-1",1
"AGTCTTTGTGTCCTCT-1",9
"AGTCTTTGTTTGTTTC-1",2
"AGTCTTTTCGCAGGCT-1",1
"AGTCTTTTCGCGTAGC-1",0
"AGTCTTTTCGCTAGCG-1",0
"AGTCTTTTCGCTTGTC-1",2
"AGTCTTTTCTGACCTC-1",0
"AGTGAGGAGATAGCAT-1",1
"AGTGAGGCAGGTGCCT-1",1
"AGTGAGGGTATGAAAC-1",2
"AGTGAGGGTCACTTCC-1",1
"AGTGAGGGTCGCGAAA-1",1
"AGTGAGGGTTATGTGC-1",4
"AGTGAGGTCTACTATC-1",3
"AGTGGGAAGCAGACTG-1",4
"AGTGGGACAAACGCGA-1",1
"AGTGGGACAAGCCGTC-1",3
"AGTGGGACACAGGAGT-1",1
"AGTGGGACACGAGAGT-1",6
"AGTGGGATCATCGATG-1",3
"AGTGGGATCCACGAAT-1",2
"AGTGGGATCCTGCAGG-1",3
"AGTGTCAAGAAGCCCA-1",1
"AGTGTCAAGCTAGTCT-1",1
"AGTGTCAAGTACGACG-1",2
"AGTGTCAAGTGAACAT-1",0
"AGTGTCACACCATCCT-1",2
"AGTGTCACAGTAAGCG-1",1
"AGTGTCACAGTGGAGT-1",5
"AGTGTCAGTAAACCTC-1",0
"AGTGTCAGTACAGCAG-1",2
"AGTGTCAGTCTCCACT-1",3
"AGTGTCAGTTTGACTG-1",2
"AGTGTCATCAAAGTAG-1",1
"AGTGTCATCCGTCAAA-1",2
"AGTGTCATCGTTACAG-1",2
"AGTGTCATCTGTCAAG-1",1
"AGTTGGTAGACTGTAA-1",1
"AGTTGGTAGTACGCGA-1",11
"AGTTGGTCAAATTGCC-1",0
"AGTTGGTCAGGAATGC-1",1
"AGTTGGTCATGCGCAC-1",0
"AGTTGGTGTACCGTAT-1",6
"AGTTGGTGTATGCTTG-1",4
"AGTTGGTGTCAGGACA-1",1
"AGTTGGTGTTCAGACT-1",3
"AGTTGGTTCAGTACGT-1",4
"AGTTGGTTCCTCAACC-1",0
"AGTTGGTTCGTACCGG-1",0
"AGTTGGTTCTGTCCGT-1",5
"ATAACGCAGTTGAGTA-1",1
"ATAACGCCACGTGAGA-1",2
"ATAACGCGTGAACCTT-1",1
"ATAACGCGTGTCCTCT-1",0
"ATAACGCGTGTGAAAT-1",2
"ATAACGCTCTCCGGTT-1",4
"ATAAGAGAGTCCGGTC-1",0
"ATAAGAGCAACTGCGC-1",1
"ATAAGAGCAGTATCTG-1",2
"ATAAGAGGTGACGCCT-1",1
"ATAAGAGGTTAAAGTG-1",4
"ATAAGAGTCAGCACAT-1",7
"ATAAGAGTCAGTGCAT-1",1
"ATAGACCAGAGAGCTC-1",1
"ATAGACCAGCCCAATT-1",0
"ATAGACCCAAGCCATT-1",3
"ATAGACCCATCTGGTA-1",6
"ATAGACCGTATATGGA-1",3
"ATAGACCGTGGACGAT-1",3
"ATAGACCGTGGCGAAT-1",3
"ATAGACCGTTTCGCTC-1",1
"ATCACGAAGAACTCGG-1",1
"ATCACGAAGACACGAC-1",0
"ATCACGAAGTTACCCA-1",2
"ATCACGACAAGACACG-1",6
"ATCACGACAAGCGTAG-1",4
"ATCACGACACACATGT-1",1
"ATCACGACACCACCAG-1",0
"ATCACGACACGGTAAG-1",1
"ATCACGACAGCGAACA-1",6
"ATCACGATCCCGACTT-1",3
"ATCACGATCGGTGTCG-1",1
"ATCATCTAGCCTATGT-1",1
"ATCATCTAGGCCATAG-1",3
"ATCATCTAGTACTTGC-1",0
"ATCATCTCAGACGCCT-1",3
"ATCATCTCATCCGTGG-1",4
"ATCATCTGTATTACCG-1",1
"ATCATCTGTCACTTCC-1",1
"ATCATCTTCAGCGACC-1",3
"ATCATCTTCCTCAACC-1",3
"ATCATGGCAAGCGTAG-1",2
"ATCATGGCAAGGTTCT-1",2
"ATCATGGCACTACAGT-1",0
"ATCATGGGTAAGGGAA-1",4
"ATCATGGGTTGTGGCC-1",1
"ATCATGGTCAATAAGG-1",0
"ATCATGGTCCAATGGT-1",0
"ATCATGGTCGCCATAA-1",3
"ATCATGGTCGGTTAAC-1",4
"ATCCACCAGCTAGTCT-1",4
"ATCCACCAGGCTCTTA-1",0
"ATCCACCCAAACGTGG-1",1
"ATCCACCCAGTTAACC-1",2
"ATCCACCGTCCGAAGA-1",6
"ATCCACCGTTTGTTTC-1",4
"ATCCACCTCCTGCTTG-1",0
"ATCCACCTCCTTAATC-1",4
"ATCCACCTCTGGTATG-1",2
"ATCCGAAAGCGATGAC-1",0
"ATCCGAAAGCTAGGCA-1",5
"ATCCGAACAAACGTGG-1",1
"ATCCGAACAACAACCT-1",3
"ATCCGAACAAGGACTG-1",1
"ATCCGAACACCCATTC-1",1
"ATCCGAACACGGTAGA-1",0
"ATCCGAAGTAGCGCTC-1",0
"ATCCGAAGTCATTAGC-1",3
"ATCCGAAGTCTCTTAT-1",1
"ATCCGAATCCAACCAA-1",2
"ATCCGAATCCTTGACC-1",0
"ATCCGAATCTTGTCAT-1",4
"ATCGAGTAGACTTTCG-1",0
"ATCGAGTCATCCGGGT-1",1
"ATCGAGTGTCCCTTGT-1",2
"ATCGAGTGTCTCCCTA-1",1
"ATCGAGTTCATGCATG-1",3
"ATCGAGTTCCTGCCAT-1",0
"ATCTACTAGGTGTGGT-1",2
"ATCTACTCAGCTGTAT-1",8
"ATCTACTCAGTACACT-1",2
"ATCTACTCATGACATC-1",4
"ATCTACTGTAAGTAGT-1",0
"ATCTACTGTGTCGCTG-1",5
"ATCTACTTCCGCGTTT-1",0
"ATCTACTTCGCAAGCC-1",2
"ATCTACTTCTATCGCC-1",9
"ATCTACTTCTCTAAGG-1",0
"ATCTGCCAGGCTCAGA-1",0
"ATCTGCCGTACAGTTC-1",2
"ATCTGCCGTTGTGGAG-1",5
"ATCTGCCTCAGAGACG-1",2
"ATCTGCCTCAGCTGGC-1",4
"ATCTGCCTCGTACGGC-1",2
"ATCTGCCTCTCGAGTA-1",0
"ATCTGCCTCTGAGTGT-1",1
"ATCTGCCTCTTGTATC-1",0
"ATGAGGGAGGTCGGAT-1",4
"ATGAGGGCATGACGGA-1",5
"ATGAGGGCATTAGGCT-1",0
"ATGAGGGTCACATGCA-1",0
"ATGAGGGTCAGTCCCT-1",0
"ATGCGATAGTCAATAG-1",3
"ATGCGATCATGTTGAC-1",5
"ATGCGATGTGCAGTAG-1",6
"ATGCGATGTGCATCTA-1",1
"ATGCGATTCCCAAGAT-1",10
"ATGCGATTCGCCATAA-1",3
"ATGGGAGAGCAATATG-1",3
"ATGGGAGAGCCACGCT-1",1
"ATGGGAGAGGTGATAT-1",3
"ATGGGAGCACCAGGTC-1",3
"ATGGGAGCACTATCTT-1",2
"ATGGGAGCAGCATACT-1",0
"ATGGGAGCATAGAAAC-1",3
"ATGGGAGCATTACCTT-1",1
"ATGGGAGTCAAGGTAA-1",3
"ATGTGTGAGCGAAGGG-1",2
"ATGTGTGAGGGTTTCT-1",4
"ATGTGTGAGTTGAGTA-1",5
"ATGTGTGCACGGCGTT-1",0
"ATGTGTGCACGGTTTA-1",0
"ATGTGTGCAGTATAAG-1",0
"ATGTGTGTCACGCGGT-1",2
"ATTACTCAGATGTGTA-1",2
"ATTACTCAGCGTAATA-1",1
"ATTACTCAGGTGCACA-1",3
"ATTACTCAGTGAAGTT-1",0
"ATTACTCCAAACTGTC-1",1
"ATTACTCCACCATCCT-1",2
"ATTACTCCAGACTCGC-1",2
"ATTACTCCATATGCTG-1",3
"ATTACTCCATCGGTTA-1",0
"ATTACTCCATTGCGGC-1",0
"ATTACTCGTTAAAGAC-1",9
"ATTACTCTCCGAACGC-1",4
"ATTATCCAGAGTACCG-1",1
"ATTATCCAGCTTATCG-1",0
"ATTATCCCACAAGCCC-1",3
"ATTATCCCATATGAGA-1",3
"ATTATCCCATCTGGTA-1",1
"ATTATCCGTCGTTGTA-1",1
"ATTATCCGTCTCTCTG-1",1
"ATTATCCTCAACGGGA-1",4
"ATTATCCTCCGCGCAA-1",1
"ATTATCCTCTCCGGTT-1",0
"ATTCTACGTCACTTCC-1",1
"ATTCTACGTCTAGTCA-1",3
"ATTCTACGTTGTCGCG-1",1
"ATTGGACAGCAGATCG-1",8
"ATTGGACAGGGCATGT-1",1
"ATTGGACAGTGGACGT-1",4
"ATTGGACCAAGACACG-1",2
"ATTGGACGTAATAGCA-1",5
"ATTGGACTCCTGCTTG-1",2
"ATTGGACTCGGCGCAT-1",1
"ATTGGACTCGTTTGCC-1",3
"ATTGGTGAGAATGTTG-1",2
"ATTGGTGCAAGCTGAG-1",1
"ATTGGTGCAGCAGTTT-1",0
"ATTGGTGGTATGGTTC-1",4
"ATTGGTGGTTGAGTTC-1",1
"ATTGGTGTCAAAGTAG-1",3
"ATTGGTGTCGGAAACG-1",2
"ATTTCTGAGGGATACC-1",1
"ATTTCTGAGGGATCTG-1",2
"ATTTCTGAGGTGTTAA-1",0
"ATTTCTGAGTCGAGTG-1",6
"ATTTCTGAGTTCGCAT-1",1
"ATTTCTGCAAGGTGTG-1",1
"ATTTCTGGTAGCTCCG-1",1
"ATTTCTGGTGCACGAA-1",3
"ATTTCTGGTTGCCTCT-1",0
"ATTTCTGTCAAAGTAG-1",3
"ATTTCTGTCAGCTCGG-1",0
"ATTTCTGTCTTGGGTA-1",0
"CAACCAAAGAAACGCC-1",1
"CAACCAAAGAGGGCTT-1",3
"CAACCAAAGCTGAAAT-1",0
"CAACCAAAGGACAGCT-1",2
"CAACCAAAGGGAGTAA-1",4
"CAACCAACATACGCTA-1",1
"CAACCTCAGTAATCCC-1",5
"CAACCTCCAGACGCAA-1",1
"CAACCTCGTGAGTGAC-1",0
"CAACCTCGTTCCACGG-1",1
"CAACCTCTCATACGGT-1",2
"CAACCTCTCCGATATG-1",2
"CAACCTCTCCTTTACA-1",1
"CAACCTCTCTCTAGGA-1",3
"CAACTAGAGAATAGGG-1",0
"CAACTAGAGGATGCGT-1",3
"CAACTAGCACCATCCT-1",2
"CAACTAGCAGACTCGC-1",3
"CAACTAGCAGTTCATG-1",1
"CAACTAGGTACGCACC-1",2
"CAACTAGTCAGGCCCA-1",5
"CAAGAAAAGAAGGACA-1",4
"CAAGAAAAGACGCACA-1",2
"CAAGAAAAGGCCCTTG-1",5
"CAAGAAAAGGTGATAT-1",6
"CAAGAAAAGTCGATAA-1",2
"CAAGAAAAGTGGAGTC-1",1
"CAAGAAAAGTGTACCT-1",3
"CAAGAAACACGGTGTC-1",2
"CAAGAAATCTGCTTGC-1",6
"CAAGATCAGCTGAAAT-1",2
"CAAGATCGTAAGAGGA-1",1
"CAAGATCGTGCCTTGG-1",2
"CAAGATCTCAACACCA-1",0
"CAAGATCTCTCGATGA-1",1
"CAAGGCCAGGAGTCTG-1",0
"CAAGGCCAGGCTATCT-1",0
"CAAGGCCCACGGTAAG-1",3
"CAAGGCCCATGTTCCC-1",1
"CAAGGCCGTCCGTCAG-1",1
"CAAGGCCTCAACGGGA-1",2
"CAAGGCCTCCTTGACC-1",5
"CAAGGCCTCGTGACAT-1",0
"CAAGTTGAGACAGGCT-1",2
"CAAGTTGAGATGTCGG-1",1
"CAAGTTGAGCGTCAAG-1",1
"CAAGTTGAGCGTTTAC-1",2
"CAAGTTGCACATTAGC-1",0
"CAAGTTGCACGCTTTC-1",5
"CAAGTTGCACGGTGTC-1",1
"CAAGTTGCATTCTTAC-1",4
"CAAGTTGGTACTCAAC-1",1
"CAAGTTGGTCAGGACA-1",0
"CAAGTTGGTCGGCACT-1",1
"CAAGTTGTCAACGAAA-1",7
"CAAGTTGTCACCACCT-1",0
"CAAGTTGTCATTGCCC-1",2
"CAAGTTGTCGAATCCA-1",2
"CAAGTTGTCTACTTAC-1",0
"CACAAACAGGGCTCTC-1",3
"CACAAACAGGGCTTGA-1",1
"CACAAACAGTGACATA-1",4
"CACAAACCAACTGCGC-1",5
"CACAAACCAATAAGCA-1",1
"CACAAACCAATCAGAA-1",0
"CACAAACCACTTAACG-1",1
"CACAAACCATGAACCT-1",0
"CACAAACCATGGTCAT-1",0
"CACAAACGTCAACTGT-1",0
"CACAAACGTCAGAATA-1",0
"CACAAACTCTTCGGTC-1",1
"CACAAACTCTTGGGTA-1",5
"CACACAAAGCGACGTA-1",3
"CACACAAAGGGAGTAA-1",0
"CACACAACAAACGTGG-1",2
"CACACAACACATGACT-1",1
"CACACAACATCGATTG-1",4
"CACACAACATTGGGCC-1",3
"CACACAAGTACGACCC-1",1
"CACACAAGTCAGTGGA-1",3
"CACACAAGTCATCGGC-1",4
"CACACAAGTTTACTCT-1",1
"CACACAATCCACGTGG-1",2
"CACACAATCCACGTTC-1",3
"CACACAATCGGCGCAT-1",1
"CACACCTAGAGACTAT-1",3
"CACACCTAGGACATTA-1",3
"CACACCTAGTCATCCA-1",1
"CACACCTAGTGTGAAT-1",1
"CACACCTCACTGAAGG-1",4
"CACACCTCATAGGATA-1",1
"CACACCTCATAGTAAG-1",3
"CACACCTCATTGGGCC-1",5
"CACACCTGTACAGCAG-1",3
"CACACCTGTACCGCTG-1",0
"CACACCTGTCCAAGTT-1",1
"CACACCTGTGGACGAT-1",2
"CACACCTGTGGTCTCG-1",2
"CACACCTTCATGTCTT-1",2
"CACACCTTCTGGCGAC-1",3
"CACACTCAGGGAAACA-1",2
"CACACTCCAACACCTA-1",4
"CACACTCCAAGGGTCA-1",1
"CACACTCGTGACGCCT-1",1
"CACACTCGTTTGTGTG-1",0
"CACAGGCAGCCATCGC-1",2
"CACAGGCAGGGATGGG-1",3
"CACAGGCCAAGAGTCG-1",1
"CACAGGCCAATGGAGC-1",0
"CACAGGCGTCTAGGTT-1",1
"CACAGGCGTTACGCGC-1",3
"CACAGGCTCGGGAGTA-1",2
"CACAGGCTCTATGTGG-1",6
"CACAGTAAGACGCAAC-1",1
"CACAGTAAGACGCACA-1",1
"CACAGTAAGTGGGCTA-1",5
"CACAGTACAACTGGCC-1",1
"CACAGTACATCGGACC-1",3
"CACAGTAGTTCCATGA-1",2
"CACATAGAGCCCAATT-1",2
"CACATAGAGTGTACTC-1",2
"CACATAGCACTTCTGC-1",3
"CACATAGCAGGGTATG-1",2
"CACATAGTCCTTGCCA-1",0
"CACATAGTCGGCGCAT-1",1
"CACATTTAGCAGATCG-1",1
"CACATTTAGGGCACTA-1",4
"CACATTTCACGGCGTT-1",0
"CACATTTCATTACCTT-1",2
"CACATTTGTCGAACAG-1",0
"CACATTTGTGTTGAGG-1",4
"CACATTTTCCAGAGGA-1",1
"CACATTTTCCGCATCT-1",1
"CACATTTTCTACTATC-1",1
"CACATTTTCTGTGCAA-1",2
"CACCACTAGCCACGTC-1",1
"CACCACTAGTGGTAAT-1",1
"CACCACTAGTTACCCA-1",3
"CACCACTCAAGCCCAC-1",2
"CACCACTCAGTTCATG-1",3
"CACCACTGTTATTCTC-1",4
"CACCACTTCACCGGGT-1",5
"CACCACTTCGAATCCA-1",6
"CACCACTTCGACCAGC-1",2
"CACCACTTCTAACCGA-1",0
"CACCACTTCTTTAGTC-1",1
"CACCAGGCACATTAGC-1",9
"CACCAGGCACTGCCAG-1",1
"CACCAGGCATAAAGGT-1",4
"CACCAGGCATGAACCT-1",1
"CACCAGGGTGAAATCA-1",4
"CACCAGGGTGTTTGGT-1",3
"CACCAGGGTTATCACG-1",0
"CACCAGGTCATGTAGC-1",4
"CACCAGGTCTGCTTGC-1",1
"CACCTTGAGACTTGAA-1",3
"CACCTTGAGTCAATAG-1",5
"CACCTTGCACTAGTAC-1",2
"CACCTTGCAGGCGATA-1",1
"CACCTTGCATTCCTGC-1",7
"CACCTTGGTCATTAGC-1",5
"CACCTTGGTGATGTCT-1",4
"CACCTTGGTGTGAAAT-1",1
"CACCTTGGTTATGTGC-1",0
"CACCTTGTCAACCATG-1",1
"CACCTTGTCATTATCC-1",2
"CACCTTGTCCAAAGTC-1",2
"CACCTTGTCTCACATT-1",0
"CACTCCAAGACAAGCC-1",1
"CACTCCAAGGTACTCT-1",1
"CACTCCACAATGGACG-1",0
"CACTCCAGTACATGTC-1",1
"CACTCCAGTTGTCGCG-1",5
"CACTCCATCAACACAC-1",2
"CACTCCATCCCAGGTG-1",1
"CAGAATCAGAAACCTA-1",3
"CAGAATCAGCCAACAG-1",8
"CAGAATCAGCTGGAAC-1",0
"CAGAATCAGGACTGGT-1",1
"CAGAATCAGTATCGAA-1",2
"CAGAATCCACAGAGGT-1",6
"CAGAATCCAGGGTACA-1",1
"CAGAATCGTAAGTGTA-1",2
"CAGAATCGTAATCACC-1",5
"CAGAATCTCAGTTTGG-1",2
"CAGAATCTCGCAAGCC-1",3
"CAGAATCTCGGTCCGA-1",1
"CAGAATCTCTTGCAAG-1",1
"CAGAATCTCTTGTACT-1",3
"CAGAGAGAGAATTGTG-1",4
"CAGAGAGAGCAATATG-1",0
"CAGAGAGCAAGAAGAG-1",2
"CAGAGAGCACCAGATT-1",1
"CAGAGAGGTAATCACC-1",2
"CAGAGAGGTAGCTGCC-1",2
"CAGAGAGGTAGGACAC-1",2
"CAGAGAGGTATAGGGC-1",2
"CAGAGAGGTCCGAATT-1",2
"CAGAGAGGTTGAGGTG-1",2
"CAGAGAGTCACCCGAG-1",0
"CAGAGAGTCATAACCG-1",0
"CAGAGAGTCCGAACGC-1",1
"CAGAGAGTCTGGTATG-1",4
"CAGATCAAGAGACGAA-1",3
"CAGATCAAGCACCGTC-1",1
"CAGATCAAGCTTCGCG-1",0
"CAGATCAAGGATTCGG-1",1
"CAGATCAAGTGTACCT-1",2
"CAGATCAAGTTTAGGA-1",4
"CAGATCACAATAACGA-1",0
"CAGATCACACACCGAC-1",2
"CAGATCACACGGTAAG-1",1
"CAGATCACACTCTGTC-1",4
"CAGATCACAGCATACT-1",5
"CAGATCACAGTGGGAT-1",7
"CAGATCAGTACCAGTT-1",0
"CAGATCAGTGCGGTAA-1",0
"CAGATCATCTGATACG-1",2
"CAGATCATCTGATTCT-1",5
"CAGCAGCAGATGCCAG-1",6
"CAGCAGCAGGGAACGG-1",1
"CAGCAGCCACCTATCC-1",4
"CAGCAGCCATCACAAC-1",3
"CAGCAGCGTGCTAGCC-1",4
"CAGCAGCTCAACACTG-1",4
"CAGCAGCTCGAACTGT-1",4
"CAGCAGCTCGCCGTGA-1",5
"CAGCATAAGAGACGAA-1",3
"CAGCATAGTCTAGGTT-1",1
"CAGCATAGTTTACTCT-1",3
"CAGCATATCACGAAGG-1",0
"CAGCATATCAGGCAAG-1",3
"CAGCATATCCTTAATC-1",8
"CAGCCGAAGCATCATC-1",4
"CAGCCGAAGTTTCCTT-1",3
"CAGCCGACACGTGAGA-1",1
"CAGCCGACATCAGTCA-1",1
"CAGCCGAGTGATGTCT-1",2
"CAGCCGATCACCAGGC-1",4
"CAGCCGATCCTCAATT-1",2
"CAGCGACAGAAACGCC-1",2
"CAGCGACAGCGTCAAG-1",4
"CAGCGACCAAACGTGG-1",2
"CAGCGACCAAAGCGGT-1",4
"CAGCGACCACGTCAGC-1",2
"CAGCGACCATGGGACA-1",0
"CAGCGACGTCTGATTG-1",0
"CAGCGACGTGGACGAT-1",4
"CAGCGACGTGGTTTCA-1",3
"CAGCGACGTTCGGCAC-1",1
"CAGCGACTCCGCAAGC-1",1
"CAGCGACTCTGGGCCA-1",1
"CAGCTAAAGATGTGTA-1",2
"CAGCTAAAGCAGACTG-1",2
"CAGCTAAAGCTGTTCA-1",6
"CAGCTAAAGGAGCGTT-1",2
"CAGCTAACACAGATTC-1",2
"CAGCTAACATCAGTAC-1",3
"CAGCTAAGTAATCGTC-1",1
"CAGCTAAGTCTCACCT-1",3
"CAGCTAAGTTCGTCTC-1",5
"CAGCTAATCCACGCAG-1",0
"CAGCTAATCCCTAACC-1",2
"CAGCTAATCTGGTTCC-1",1
"CAGCTAATCTTAGCCC-1",2
"CAGCTAATCTTCGGTC-1",3
"CAGCTGGAGACACTAA-1",4
"CAGCTGGAGATCCTGT-1",1
"CAGCTGGCACCAACCG-1",2
"CAGCTGGCAGTGGAGT-1",2
"CAGCTGGCATGCATGT-1",5
"CAGCTGGTCTACCTGC-1",0
"CAGGTGCAGAGACGAA-1",5
"CAGGTGCAGATCCTGT-1",2
"CAGGTGCAGGCATGTG-1",0
"CAGGTGCCAGGAACGT-1",1
"CAGGTGCCATAGTAAG-1",4
"CAGGTGCCATCGGAAG-1",2
"CAGGTGCTCAGTTGAC-1",3
"CAGGTGCTCCAAGTAC-1",1
"CAGGTGCTCTTGTATC-1",0
"CAGTAACAGATATGGT-1",0
"CAGTAACAGATGGCGT-1",2
"CAGTAACCAATCACAC-1",6
"CAGTAACCACTCGACG-1",4
"CAGTAACGTGATAAGT-1",2
"CAGTAACGTGCACCAC-1",0
"CAGTAACTCAGAGGTG-1",3
"CAGTAACTCGTACGGC-1",0
"CAGTAACTCGTGACAT-1",3
"CAGTAACTCTGCCAGG-1",1
"CAGTCCTAGAATCTCC-1",2
"CAGTCCTAGATCTGCT-1",4
"CAGTCCTCAGTATAAG-1",1
"CAGTCCTTCAACACGT-1",0
"CAGTCCTTCCATGAGT-1",3
"CAGTCCTTCCCGACTT-1",4
"CAGTCCTTCCCTTGTG-1",3
"CAGTCCTTCGAACGGA-1",3
"CAGTCCTTCGGTTCGG-1",1
"CAGTCCTTCTACTTAC-1",2
"CATATGGAGAGATGAG-1",0
"CATATGGAGGCATGGT-1",3
"CATATGGAGTATTGGA-1",2
"CATATGGCAAGCGTAG-1",2
"CATATGGGTCGCATAT-1",2
"CATATGGTCATTATCC-1",1
"CATATGGTCATTGCGA-1",2
"CATATTCAGGCGACAT-1",1
"CATATTCCACCACCAG-1",3
"CATATTCGTGACTACT-1",0
"CATATTCGTGGTACAG-1",1
"CATATTCGTGTGACGA-1",0
"CATATTCTCACAGGCC-1",1
"CATATTCTCGCAAACT-1",5
"CATCAAGAGAACTCGG-1",3
"CATCAAGAGATGGCGT-1",1
"CATCAAGAGCCGCCTA-1",2
"CATCAAGCACGAAACG-1",5
"CATCAAGCAGCCTTTC-1",0
"CATCAAGCATGGAATA-1",4
"CATCAAGGTTACTGAC-1",1
"CATCAAGGTTCCATGA-1",1
"CATCAAGTCTAAGCCA-1",2
"CATCAAGTCTGACCTC-1",1
"CATCAGAAGCTAGTCT-1",7
"CATCAGACAAGCCATT-1",0
"CATCAGACAATGACCT-1",2
"CATCAGACACGGCCAT-1",2
"CATCAGACAGACAGGT-1",6
"CATCAGACATAACCTG-1",1
"CATCAGAGTAATTGGA-1",1
"CATCAGAGTACATGTC-1",1
"CATCAGAGTGTTAAGA-1",1
"CATCAGAGTTCAACCA-1",0
"CATCAGATCGTTGACA-1",1
"CATCCACGTAAAGTCA-1",4
"CATCCACGTACCGTAT-1",6
"CATCCACGTGCCTGTG-1",3
"CATCCACGTTTAAGCC-1",3
"CATCGAAAGAGTACAT-1",3
"CATCGAAAGCTGTCTA-1",2
"CATCGAACAAGAGGCT-1",3
"CATCGAACAAGCTGAG-1",1
"CATCGAACACATTTCT-1",7
"CATCGAACATAAAGGT-1",0
"CATCGAAGTAGTACCT-1",0
"CATCGAAGTCCGACGT-1",2
"CATCGAAGTGCACTTA-1",1
"CATCGAATCAAACCAC-1",2
"CATCGAATCCGCGGTA-1",6
"CATCGAATCCGTAGTA-1",1
"CATCGGGAGAAGCCCA-1",2
"CATCGGGAGCGAGAAA-1",1
"CATCGGGAGGGTGTGT-1",0
"CATCGGGAGGTGTTAA-1",5
"CATCGGGAGTGACTCT-1",0
"CATCGGGCACTCAGGC-1",4
"CATCGGGCAGACGCTC-1",0
"CATCGGGCATCACAAC-1",3
"CATCGGGGTCCTCTTG-1",4
"CATCGGGGTGAGGGAG-1",2
"CATCGGGGTTCGAATC-1",2
"CATCGGGTCAGGATCT-1",1
"CATCGGGTCCACGAAT-1",0
"CATCGGGTCGATGAGG-1",4
"CATGACAAGACCACGA-1",2
"CATGACAAGCTCCTCT-1",2
"CATGACAAGTAACCCT-1",5
"CATGACAAGTATCTCG-1",4
"CATGACAGTCGTCTTC-1",3
"CATGACAGTGAACCTT-1",7
"CATGACATCAATAAGG-1",0
"CATGACATCTAACTGG-1",0
"CATGCCTAGACCTAGG-1",5
"CATGCCTAGAGTCTGG-1",0
"CATGCCTCACCACCAG-1",1
"CATGCCTGTCAAAGCG-1",1
"CATGCCTGTCGATTGT-1",2
"CATGCCTTCCACGACG-1",1
"CATGCCTTCCTCATTA-1",0
"CATGCCTTCGCATGAT-1",1
"CATGGCGAGAGCTGGT-1",2
"CATGGCGAGTACGACG-1",5
"CATGGCGTCCAAAGTC-1",1
"CATGGCGTCCCTTGTG-1",2
"CATGGCGTCGGCCGAT-1",1
"CATGGCGTCTCAAACG-1",3
"CATGGCGTCTGCCCTA-1",4
"CATTATCAGACCCACC-1",1
"CATTATCAGTCCCACG-1",0
"CATTATCCAAGTCTGT-1",8
"CATTATCCAGGGCATA-1",2
"CATTATCGTCAATGTC-1",4
"CATTATCTCACAAACC-1",1
"CATTATCTCAGATAAG-1",1
"CATTATCTCGCGTTTC-1",2
"CATTATCTCGTTGCCT-1",3
"CATTATCTCTATCCCG-1",0
"CATTATCTCTTAACCT-1",3
"CATTCGCAGGTGCTAG-1",0
"CATTCGCCAAGGGTCA-1",5
"CATTCGCCAGCCTATA-1",0
"CATTCGCCATACAGCT-1",4
"CATTCGCCATGGATGG-1",2
"CATTCGCCATGTCTCC-1",3
"CATTCGCCATTCACTT-1",1
"CATTCGCGTAGCACGA-1",0
"CATTCGCTCATCACCC-1",2
"CCAATCCAGACCACGA-1",0
"CCAATCCAGATATGGT-1",3
"CCAATCCAGTCGAGTG-1",0
"CCAATCCAGTCGTTTG-1",3
"CCAATCCAGTTTAGGA-1",0
"CCAATCCCAAGCGAGT-1",7
"CCAATCCTCGGACAAG-1",5
"CCAATCCTCTACCTGC-1",1
"CCACCTAAGCAGACTG-1",2
"CCACCTAAGGATGGTC-1",4
"CCACCTAAGTCGAGTG-1",1
"CCACCTAAGTGGGATC-1",2
"CCACCTAAGTGTGGCA-1",1
"CCACCTACAACAACCT-1",2
"CCACCTACAAGCCGCT-1",0
"CCACCTACAATCTACG-1",1
"CCACCTAGTAGTACCT-1",2
"CCACCTAGTCGCGTGT-1",1
"CCACCTAGTGGGTCAA-1",0
"CCACCTATCAGTTGAC-1",1
"CCACCTATCTGATACG-1",0
"CCACGGAAGACACGAC-1",2
"CCACGGAAGGGAACGG-1",2
"CCACGGACATGTCGAT-1",3
"CCACGGAGTAAGGGCT-1",1
"CCACGGAGTCAGATAA-1",5
"CCACGGAGTCCGTGAC-1",4
"CCACGGAGTGTAATGA-1",1
"CCACGGAGTTCTGAAC-1",2
"CCACGGATCACATAGC-1",1
"CCACGGATCCACGTGG-1",2
"CCACGGATCTACTATC-1",2
"CCACGGATCTAGAGTC-1",4
"CCACTACAGAGTACCG-1",3
"CCACTACAGCTTTGGT-1",1
"CCACTACCAGCAGTTT-1",3
"CCACTACCAGTAGAGC-1",1
"CCACTACGTCCGAATT-1",1
"CCACTACGTCTCAACA-1",5
"CCACTACGTGACAAAT-1",2
"CCACTACGTGACCAAG-1",0
"CCACTACGTGCACGAA-1",0
"CCACTACTCACTCTTA-1",0
"CCACTACTCCGCATCT-1",2
"CCACTACTCGGAAATA-1",1
"CCACTACTCTCGTATT-1",2
"CCACTACTCTCGTTTA-1",2
"CCAGCGAAGCCCAACC-1",2
"CCAGCGACATCGGGTC-1",3
"CCAGCGACATGTCCTC-1",1
"CCAGCGAGTAGGCATG-1",2
"CCAGCGAGTCCGTTAA-1",3
"CCAGCGATCAGAAATG-1",0
"CCATGTCAGCGATCCC-1",3
"CCATGTCAGGTCGGAT-1",1
"CCATGTCAGGTTACCT-1",3
"CCATGTCCAAGCTGGA-1",3
"CCATGTCCACATCCGG-1",1
"CCATGTCGTCCAGTAT-1",1
"CCATGTCTCCAAGTAC-1",3
"CCATGTCTCTTGTATC-1",0
"CCATTCGCAGTACACT-1",8
"CCATTCGCAGTTTACG-1",3
"CCATTCGGTAATCGTC-1",1
"CCATTCGGTATTACCG-1",4
"CCATTCGTCGTAGGAG-1",5
"CCCAATCAGTCACGCC-1",1
"CCCAATCCAGGTGGAT-1",2
"CCCAATCGTGAAGGCT-1",0
"CCCAATCGTTGGAGGT-1",1
"CCCAATCTCACATGCA-1",1
"CCCAATCTCCAGTATG-1",1
"CCCAATCTCGGAGCAA-1",2
"CCCAGTTAGAATAGGG-1",2
"CCCAGTTAGATCCCGC-1",3
"CCCAGTTAGCGTGAAC-1",2
"CCCAGTTAGGAATCGC-1",1
"CCCAGTTAGTCCGGTC-1",5
"CCCAGTTAGTTTGCGT-1",2
"CCCAGTTGTACATGTC-1",4
"CCCAGTTGTCTGCAAT-1",5
"CCCAGTTTCTGAAAGA-1",3
"CCCATACAGGGTTCCC-1",0
"CCCATACAGTGTTTGC-1",3
"CCCATACCAAAGGTGC-1",2
"CCCATACCAACACCCG-1",1
"CCCATACCAGCAGTTT-1",1
"CCCATACGTATTACCG-1",3
"CCCATACGTCAATACC-1",0
"CCCATACGTCTAGTCA-1",0
"CCCATACGTTGAGTTC-1",0
"CCCATACTCAATAAGG-1",7
"CCCATACTCAGCGACC-1",2
"CCCATACTCATCACCC-1",10
"CCCATACTCCGTAGGC-1",0
"CCCTCCTAGGAATCGC-1",8
"CCCTCCTCACGTCTCT-1",5
"CCCTCCTCAGCTTAAC-1",2
"CCCTCCTCATATGAGA-1",0
"CCCTCCTCATCACGTA-1",1
"CCCTCCTGTATGGTTC-1",6
"CCCTCCTGTTAGATGA-1",1
"CCCTCCTTCAATCACG-1",1
"CCCTCCTTCCGCAGTG-1",1
"CCGGGATAGCTTCGCG-1",0
"CCGGGATAGGCGACAT-1",2
"CCGGGATAGGCTAGGT-1",1
"CCGGGATCACAGTCGC-1",0
"CCGGGATGTATAGGTA-1",4
"CCGGGATTCAGAGCTT-1",5
"CCGGGATTCGCTAGCG-1",0
"CCGGGATTCGCTTGTC-1",1
"CCGGTAGAGCGTCTAT-1",3
"CCGGTAGAGTACGCCC-1",2
"CCGGTAGCACATAACC-1",6
"CCGGTAGCACGCATCG-1",4
"CCGGTAGGTACTTCTT-1",0
"CCGGTAGGTCAAACTC-1",2
"CCGGTAGTCGTCCGTT-1",2
"CCGTACTAGAGAACAG-1",5
"CCGTACTAGTCCGTAT-1",3
"CCGTACTCAAGCCCAC-1",9
"CCGTACTCAAGCGAGT-1",0
"CCGTACTCATCCCACT-1",0
"CCGTACTGTACAGCAG-1",2
"CCGTACTGTAGCGCTC-1",2
"CCGTACTGTGCGGTAA-1",4
"CCGTACTTCGTTACAG-1",1
"CCGTGGAAGACGCACA-1",2
"CCGTGGAAGAGTTGGC-1",1
"CCGTGGAAGGTGATAT-1",2
"CCGTGGAAGGTTCCTA-1",6
"CCGTGGACAGCCTTGG-1",2
"CCGTGGAGTTCCATGA-1",0
"CCGTGGATCTAACTTC-1",1
"CCGTGGATCTCTGTCG-1",2
"CCGTTCAAGCGTAATA-1",2
"CCGTTCAAGTACGATA-1",1
"CCGTTCAAGTAGATGT-1",1
"CCGTTCACAGGATCGA-1",2
"CCGTTCAGTATAGGGC-1",3
"CCGTTCAGTCGCGAAA-1",1
"CCGTTCATCGTACCGG-1",1
"CCTAAAGAGAGTTGGC-1",4
"CCTAAAGCAAACCTAC-1",1
"CCTAAAGCATGTCTCC-1",2
"CCTAAAGGTACTCAAC-1",2
"CCTAAAGGTCGGCACT-1",4
"CCTAAAGGTGTAATGA-1",4
"CCTAAAGTCACCGTAA-1",0
"CCTAAAGTCAGCGATT-1",1
"CCTAAAGTCGGCGCTA-1",6
"CCTAAAGTCGGTCCGA-1",3
"CCTACACAGGACCACA-1",0
"CCTACACAGGGTGTTG-1",2
"CCTACACCAGTAAGAT-1",3
"CCTACACGTATAGTAG-1",1
"CCTACACGTCCGAACC-1",4
"CCTACACGTGGGTCAA-1",2
"CCTACACGTTTGACTG-1",3
"CCTACACTCGGCGCTA-1",0
"CCTACACTCGTGACAT-1",5
"CCTACCAAGATAGGAG-1",1
"CCTACCAAGCAAATCA-1",1
"CCTACCAAGCGTAGTG-1",2
"CCTACCAAGCTTCGCG-1",1
"CCTACCAAGTGCGATG-1",1
"CCTACCAGTATCAGTC-1",1
"CCTACCAGTCTCTCTG-1",1
"CCTACCAGTCTTTCAT-1",3
"CCTACCATCAGCACAT-1",4
"CCTACCATCGCCAGCA-1",1
"CCTAGCTAGCAAATCA-1",0
"CCTAGCTAGCTCCTCT-1",2
"CCTAGCTAGGTTACCT-1",2
"CCTAGCTAGTACGCGA-1",3
"CCTAGCTCAATGAATG-1",4
"CCTAGCTCAATGGTCT-1",2
"CCTAGCTCACATCCAA-1",3
"CCTAGCTCAGCCAGAA-1",3
"CCTAGCTGTAGAAAGG-1",3
"CCTAGCTGTCACCCAG-1",3
"CCTAGCTGTCTGATTG-1",0
"CCTAGCTTCACGATGT-1",1
"CCTAGCTTCGTAGGAG-1",3
"CCTATTAAGAATTCCC-1",3
"CCTATTAAGCAGGCTA-1",5
"CCTATTAAGCAGGTCA-1",4
"CCTATTAAGGGAGTAA-1",1
"CCTATTAAGGTAGCCA-1",4
"CCTATTACACAACTGT-1",0
"CCTATTACACATCCGG-1",4
"CCTATTAGTCAATACC-1",0
"CCTATTATCATCACCC-1",4
"CCTATTATCTGCGACG-1",3
"CCTCAGTAGCTAACTC-1",2
"CCTCAGTCAGGTGGAT-1",0
"CCTCAGTGTCCATCCT-1",2
"CCTCAGTGTCCGACGT-1",1
"CCTCAGTGTCTTGTCC-1",3
"CCTCAGTGTGGGTATG-1",3
"CCTCTGAAGTATCGAA-1",3
"CCTCTGAAGTGGGTTG-1",1
"CCTCTGACAAGCTGTT-1",4
"CCTCTGACACCGATAT-1",9
"CCTCTGACAGATGAGC-1",4
"CCTCTGAGTCAATACC-1",4
"CCTCTGAGTCCGAACC-1",1
"CCTCTGAGTCGTGGCT-1",4
"CCTCTGAGTCTGATTG-1",1
"CCTCTGATCTGAGGGA-1",1
"CCTTACGCAAGCGTAG-1",1
"CCTTACGCACCAACCG-1",0
"CCTTACGGTCATCCCT-1",0
"CCTTACGGTCCTCTTG-1",9
"CCTTACGTCACAACGT-1",0
"CCTTACGTCATCTGCC-1",0
"CCTTACGTCGGAGGTA-1",1
"CCTTCCCAGAGACTAT-1",2
"CCTTCCCAGCTAGGCA-1",0
"CCTTCCCAGGACGAAA-1",4
"CCTTCCCAGGGCATGT-1",1
"CCTTCCCAGGTACTCT-1",1
"CCTTCCCCATGATCCA-1",6
"CCTTCCCTCAAGGCTT-1",0
"CCTTCCCTCTATCCTA-1",2
"CCTTCCCTCTATCGCC-1",1
"CCTTCGAAGGCGCTCT-1",2
"CCTTCGACAACACCCG-1",3
"CCTTCGACAGCGATCC-1",2
"CCTTCGAGTAAGCACG-1",0
"CCTTCGAGTCCATGAT-1",2
"CCTTCGAGTGTGACCC-1",4
"CCTTCGAGTTGGTGGA-1",3
"CCTTCGATCACAGTAC-1",2
"CCTTCGATCCTATGTT-1",1
"CCTTCGATCGCACTCT-1",0
"CCTTTCTAGACGCTTT-1",5
"CCTTTCTAGGGCACTA-1",0
"CCTTTCTAGTGGAGTC-1",0
"CCTTTCTCAGACAAGC-1",2
"CCTTTCTCATCACGAT-1",2
"CCTTTCTCATGCCCGA-1",1
"CCTTTCTTCCCACTTG-1",0
"CCTTTCTTCTTTACGT-1",0
"CGAACATCACATGACT-1",0
"CGAACATCACTTGGAT-1",2
"CGAACATCAGTCCTTC-1",2
"CGAACATGTCTGATTG-1",1
"CGAACATGTGCTGTAT-1",1
"CGAACATTCTCAAACG-1",3
"CGAATGTAGAGGTTAT-1",0
"CGAATGTAGCGATAGC-1",1
"CGAATGTAGTTCGCAT-1",1
"CGAATGTCAATGCCAT-1",2
"CGAATGTGTCTAGTCA-1",0
"CGAATGTGTCTCACCT-1",0
"CGAATGTTCAACACAC-1",0
"CGAATGTTCATCACCC-1",0
"CGAATGTTCTGTACGA-1",1
"CGACCTTAGCTACCGC-1",1
"CGACCTTAGCTAGTCT-1",2
"CGACCTTCAAAGTGCG-1",2
"CGACCTTCACGAAATA-1",1
"CGACCTTGTAAGTGTA-1",2
"CGACCTTGTCAGAATA-1",1
"CGACCTTGTCTCCCTA-1",3
"CGACCTTGTCTCTTAT-1",1
"CGACCTTTCCGCGTTT-1",1
"CGACCTTTCGTTTATC-1",2
"CGACCTTTCTCCAGGG-1",1
"CGACTTCAGACACGAC-1",0
"CGACTTCAGGTAGCCA-1",0
"CGACTTCAGTCTTGCA-1",0
"CGACTTCCAATGGACG-1",2
"CGACTTCGTGGTGTAG-1",3
"CGACTTCGTTGAGTTC-1",1
"CGACTTCTCACTTACT-1",2
"CGACTTCTCTCGCTTG-1",6
"CGAGAAGAGAAACGCC-1",1
"CGAGAAGAGCCAACAG-1",1
"CGAGAAGAGCGTGTCC-1",8
"CGAGAAGCAAGTTCTG-1",1
"CGAGAAGCACATCCGG-1",0
"CGAGAAGCAGGCTGAA-1",6
"CGAGAAGTCGGATGGA-1",2
"CGAGCACAGCCAGAAC-1",0
"CGAGCACCACATGTGT-1",4
"CGAGCACGTAGCGTCC-1",0
"CGAGCACGTAGCGTGA-1",1
"CGAGCACGTCAGATAA-1",1
"CGAGCACGTGCCTTGG-1",10
"CGAGCACTCCCGGATG-1",0
"CGAGCACTCCGCTGTT-1",1
"CGAGCACTCGGAAATA-1",2
"CGAGCACTCGTGACAT-1",1
"CGAGCCAAGCTAGCCC-1",0
"CGAGCCAGTATATCCG-1",3
"CGAGCCAGTCAAGCGA-1",3
"CGATCGGAGAGCCTAG-1",4
"CGATCGGAGTACGATA-1",1
"CGATCGGCAAACGCGA-1",1
"CGATCGGCAAGCGATG-1",1
"CGATCGGCAATACGCT-1",1
"CGATCGGCAGTTAACC-1",3
"CGATCGGCATACTCTT-1",0
"CGATCGGGTCGACTGC-1",3
"CGATCGGTCAACGGGA-1",1
"CGATCGGTCTAGCACA-1",2
"CGATGGCAGCCGTCGT-1",2
"CGATGGCAGTCCAGGA-1",0
"CGATGGCCACTTAACG-1",4
"CGATGGCCAGCGTAAG-1",8
"CGATGGCCATCATCCC-1",2
"CGATGGCTCCTAGAAC-1",1
"CGATGGCTCGCTAGCG-1",3
"CGATGGCTCTGACCTC-1",4
"CGATGTAAGGCAATTA-1",3
"CGATGTAAGTTTGCGT-1",1
"CGATGTACACAGGCCT-1",5
"CGATGTACAGGTCTCG-1",1
"CGATGTAGTCCAGTGC-1",1
"CGATGTAGTCTAGGTT-1",2
"CGATGTAGTGTGCCTG-1",1
"CGATGTAGTTTGCATG-1",1
"CGATTGAAGATGTGGC-1",2
"CGATTGACAGACGCAA-1",0
"CGATTGAGTATGGTTC-1",3
"CGATTGAGTTCAGACT-1",1
"CGATTGATCATGGTCA-1",1
"CGATTGATCTGCGGCA-1",0
"CGCCAAGAGAATGTTG-1",2
"CGCCAAGAGACCTTTG-1",2
"CGCCAAGAGATCGGGT-1",4
"CGCCAAGAGATCTGAA-1",3
"CGCCAAGAGCGTGTCC-1",1
"CGCCAAGGTCTAGGTT-1",3
"CGCCAAGTCAGGATCT-1",1
"CGCCAAGTCCACTCCA-1",3
"CGCCAAGTCTTGTTTG-1",0
"CGCGGTAAGCTAGCCC-1",2
"CGCGGTAAGGGTTCCC-1",1
"CGCGGTACAAACTGCT-1",1
"CGCGGTACAATGGAAT-1",3
"CGCGGTACAGCTGTTA-1",3
"CGCGGTAGTCAAGCGA-1",0
"CGCGGTAGTGAGGCTA-1",1
"CGCGGTAGTTTGCATG-1",1
"CGCGTTTAGTTATCGC-1",2
"CGCGTTTCAACAACCT-1",2
"CGCGTTTCAAGCGAGT-1",0
"CGCGTTTCAATGGACG-1",0
"CGCGTTTCACGGTGTC-1",2
"CGCGTTTGTGCTGTAT-1",2
"CGCGTTTGTGGACGAT-1",4
"CGCGTTTTCAAACCGT-1",2
"CGCGTTTTCAGCCTAA-1",4
"CGCGTTTTCCTATGTT-1",0
"CGCGTTTTCGTGGTCG-1",5
"CGCTATCAGAAACCGC-1",1
"CGCTATCAGTCATCCA-1",0
"CGCTATCCAAGCGAGT-1",2
"CGCTATCCAGTCGATT-1",1
"CGCTATCCATCGACGC-1",6
"CGCTATCCATTTCAGG-1",1
"CGCTATCGTACCGAGA-1",3
"CGCTATCGTTCGAATC-1",2
"CGCTATCGTTTCGCTC-1",3
"CGCTATCTCGTTACAG-1",1
"CGCTGGAAGGACATTA-1",1
"CGCTGGAAGGGCACTA-1",0
"CGCTGGAAGGTGATAT-1",1
"CGCTGGACAGACTCGC-1",3
"CGCTGGAGTGTAATGA-1",2
"CGCTGGAGTTCTGGTA-1",1
"CGCTGGATCCGAAGAG-1",1
"CGCTGGATCCGTTGCT-1",1
"CGCTGGATCGTAGGAG-1",2
"CGCTGGATCGTTACAG-1",1
"CGCTTCAAGAAGGGTA-1",1
"CGCTTCAAGGTCGGAT-1",0
"CGCTTCACACGGTGTC-1",2
"CGCTTCACAGACAAGC-1",3
"CGCTTCACATCACCCT-1",4
"CGCTTCAGTCGCGGTT-1",7
"CGCTTCATCTTAGAGC-1",3
"CGGACACAGCGATATA-1",4
"CGGACACAGCGATGAC-1",1
"CGGACACAGCTTCGCG-1",1
"CGGACACAGGTAAACT-1",2
"CGGACACAGTAGCCGA-1",1
"CGGACACCACAGGAGT-1",0
"CGGACACCATTCACTT-1",2
"CGGACACGTGAGCGAT-1",1
"CGGACACGTGCTCTTC-1",0
"CGGACACGTGTGACCC-1",0
"CGGACGTAGGTTACCT-1",6
"CGGACGTCATGGGACA-1",5
"CGGACGTGTGAAAGAG-1",0
"CGGACGTGTTGGTAAA-1",2
"CGGACGTTCATGTGGT-1",1
"CGGACGTTCTGTCCGT-1",2
"CGGACTGAGGAGCGAG-1",2
"CGGACTGAGGAGTCTG-1",1
"CGGACTGAGTGGTAGC-1",0
"CGGACTGCAACTTGAC-1",1
"CGGACTGCAATGACCT-1",1
"CGGACTGCACAACGTT-1",2
"CGGACTGCACGCCAGT-1",1
"CGGACTGCAGTATGCT-1",2
"CGGACTGGTAAAGGAG-1",2
"CGGACTGGTATAAACG-1",3
"CGGACTGGTGTAAGTA-1",0
"CGGACTGGTGTGGTTT-1",4
"CGGACTGGTTGACGTT-1",3
"CGGACTGTCATTGCCC-1",0
"CGGACTGTCCATGCTC-1",1
"CGGACTGTCCGTCAAA-1",0
"CGGACTGTCGTTTGCC-1",2
"CGGACTGTCTTCATGT-1",1
"CGGAGCTAGTTTAGGA-1",3
"CGGAGCTCATTGAGCT-1",2
"CGGAGCTGTAGAAAGG-1",1
"CGGAGCTTCACTTATC-1",3
"CGGAGCTTCATGTAGC-1",1
"CGGAGCTTCCACGAAT-1",2
"CGGAGTCAGTGCGATG-1",3
"CGGAGTCAGTGTGAAT-1",0
"CGGAGTCCAGTGGGAT-1",3
"CGGAGTCCATTATCTC-1",3
"CGGAGTCGTAGCTGCC-1",1
"CGGAGTCGTCCAGTGC-1",2
"CGGAGTCGTGTTCGAT-1",0
"CGGAGTCTCCCAGGTG-1",1
"CGGAGTCTCCGTAGTA-1",2
"CGGCTAGAGAAACGCC-1",4
"CGGCTAGAGCACCGTC-1",1
"CGGCTAGAGCTAAACA-1",2
"CGGCTAGCAGACAAAT-1",1
"CGGCTAGGTAACGCGA-1",2
"CGGCTAGGTTCATGGT-1",0
"CGGCTAGTCAAAGACA-1",0
"CGGCTAGTCGTGGGAA-1",1
"CGGCTAGTCTTGTTTG-1",2
"CGGGTCAAGAGTCGGT-1",4
"CGGGTCAAGCACACAG-1",4
"CGGGTCAAGCTAACTC-1",0
"CGGGTCAAGGACACCA-1",2
"CGGGTCAAGTATGACA-1",2
"CGGGTCACAATGACCT-1",2
"CGGGTCACACCGAAAG-1",2
"CGGGTCACAGCCACCA-1",0
"CGGGTCACATACAGCT-1",1
"CGGGTCACATCCTTGC-1",2
"CGGGTCAGTAGCGCTC-1",3
"CGGGTCAGTCGATTGT-1",1
"CGGGTCAGTGCAACTT-1",2
"CGGGTCAGTTGTTTGG-1",2
"CGGGTCATCAACACCA-1",7
"CGGGTCATCACCTTAT-1",1
"CGGGTCATCCACGACG-1",4
"CGGTTAACAGGACCCT-1",1
"CGGTTAACATGTCCTC-1",2
"CGGTTAACATTCCTGC-1",1
"CGGTTAAGTCGACTGC-1",3
"CGGTTAATCCGGCACA-1",2
"CGGTTAATCCTTTCGG-1",1
"CGGTTAATCTTATCTG-1",2
"CGTAGCGAGATGTAAC-1",3
"CGTAGCGAGGCAATTA-1",1
"CGTAGCGAGTAGGTGC-1",3
"CGTAGCGCAAGCGCTC-1",0
"CGTAGCGTCCAACCAA-1",3
"CGTAGCGTCGGCGGTT-1",3
"CGTAGGCAGGGCTCTC-1",3
"CGTAGGCCAAGCGATG-1",4
"CGTAGGCCACTAAGTC-1",1
"CGTAGGCCAGAGTGTG-1",0
"CGTAGGCCATCCCATC-1",8
"CGTAGGCGTATTAGCC-1",0
"CGTAGGCGTCAATACC-1",3
"CGTAGGCGTGGCGAAT-1",2
"CGTAGGCTCCAGAAGG-1",1
"CGTCACTAGTCATGCT-1",0
"CGTCACTCAAAGCGGT-1",2
"CGTCACTCAGGTCCAC-1",2
"CGTCACTCAGTCACTA-1",1
"CGTCACTTCCTTGACC-1",1
"CGTCACTTCGGTGTTA-1",2
"CGTCACTTCTGTGCAA-1",2
"CGTCACTTCTTGAGAC-1",1
"CGTCAGGAGCTGTTCA-1",1
"CGTCAGGCAAAGCAAT-1",0
"CGTCAGGCAAAGCGGT-1",1
"CGTCAGGCAACACGCC-1",0
"CGTCAGGCATCCGCGA-1",1
"CGTCAGGGTCAGCTAT-1",3
"CGTCAGGGTCGTTGTA-1",1
"CGTCAGGGTGTAAGTA-1",1
"CGTCAGGTCCACTGGG-1",2
"CGTCAGGTCGACAGCC-1",1
"CGTCAGGTCGGGAGTA-1",1
"CGTCCATAGACCACGA-1",1
"CGTCCATAGCGATTCT-1",4
"CGTCCATAGGCTATCT-1",1
"CGTCCATAGTCTCAAC-1",1
"CGTCCATCACGACTCG-1",1
"CGTCCATCATTCACTT-1",1
"CGTCCATGTCTAGCGC-1",2
"CGTCCATGTGATAAAC-1",1
"CGTCCATGTTTGGGCC-1",1
"CGTCCATGTTTGTGTG-1",1
"CGTCCATTCAACACCA-1",1
"CGTCCATTCATTCACT-1",5
"CGTCTACAGTGCGTGA-1",0
"CGTCTACGTAGTAGTA-1",0
"CGTCTACTCGAGCCCA-1",1
"CGTCTACTCGCCATAA-1",3
"CGTCTACTCGGCCGAT-1",4
"CGTCTACTCGTCCAGG-1",0
"CGTCTACTCTATCGCC-1",0
"CGTGAGCAGATCTGAA-1",10
"CGTGAGCAGCAATCTC-1",0
"CGTGAGCAGCGGATCA-1",5
"CGTGAGCAGCTAGTGG-1",4
"CGTGAGCAGCTTCGCG-1",2
"CGTGAGCAGGGCACTA-1",2
"CGTGAGCAGGGTGTGT-1",2
"CGTGAGCAGTGGAGAA-1",0
"CGTGAGCCAAGCCGCT-1",2
"CGTGAGCCACGTAAGG-1",0
"CGTGAGCCATACGCCG-1",2
"CGTGAGCGTAGATTAG-1",1
"CGTGAGCGTCTCTTAT-1",1
"CGTGAGCTCACAAACC-1",5
"CGTGAGCTCCAAATGC-1",2
"CGTGAGCTCCGAGCCA-1",0
"CGTGAGCTCGTTGCCT-1",5
"CGTGAGCTCTGGGCCA-1",4
"CGTGTAAAGATAGTCA-1",0
"CGTGTAAAGGTGTTAA-1",1
"CGTGTAAAGTACATGA-1",2
"CGTGTAACATGGGACA-1",2
"CGTGTAAGTCCGCTGA-1",0
"CGTGTAAGTGTCTGAT-1",5
"CGTGTAATCTACTATC-1",0
"CGTGTAATCTCGATGA-1",7
"CGTGTAATCTTTAGTC-1",2
"CGTGTCTAGGCGCTCT-1",2
"CGTGTCTAGGGATGGG-1",3
"CGTGTCTCAGACAAAT-1",1
"CGTGTCTCAGACACTT-1",0
"CGTGTCTGTAAGAGGA-1",1
"CGTGTCTGTATATGAG-1",2
"CGTGTCTGTCAAAGCG-1",2
"CGTGTCTGTTCCGTCT-1",1
"CGTGTCTTCAATCACG-1",6
"CGTGTCTTCAGAGGTG-1",1
"CGTGTCTTCATAGCAC-1",1
"CGTGTCTTCCGAACGC-1",3
"CGTGTCTTCGGCATCG-1",4
"CGTGTCTTCGTGGACC-1",2
"CGTGTCTTCTACTTAC-1",2
"CGTGTCTTCTGAGTGT-1",1
"CGTTAGAAGATCTGAA-1",1
"CGTTAGAAGGCCCTTG-1",2
"CGTTAGACACGAAAGC-1",2
"CGTTAGACAGCTTCGG-1",2
"CGTTAGAGTTTAAGCC-1",3
"CGTTAGATCACTTATC-1",2
"CGTTAGATCAGCCTAA-1",2
"CGTTCTGAGAAGGGTA-1",1
"CGTTCTGAGACTAGGC-1",2
"CGTTCTGAGTGAACAT-1",0
"CGTTCTGCAGCTCGCA-1",5
"CGTTCTGCATTGGCGC-1",3
"CGTTCTGGTGAGGGTT-1",1
"CGTTCTGTCTGATTCT-1",6
"CGTTGGGAGCTAGTTC-1",4
"CGTTGGGAGGATGCGT-1",1
"CGTTGGGCACATTAGC-1",1
"CGTTGGGCAGACAGGT-1",0
"CGTTGGGGTTCCCGAG-1",2
"CGTTGGGTCATGCTCC-1",1
"CGTTGGGTCCATGAAC-1",0
"CGTTGGGTCTACCAGA-1",5
"CTAACTTAGTCCTCCT-1",1
"CTAACTTCAATAGCAA-1",3
"CTAACTTCAATCGGTT-1",3
"CTAACTTGTGAGGCTA-1",0
"CTAACTTTCGTACGGC-1",1
"CTAACTTTCTGGCGTG-1",1
"CTAAGACAGGGAAACA-1",0
"CTAAGACAGTACATGA-1",0
"CTAAGACAGTTCGCGC-1",1
"CTAAGACCAAGTAATG-1",2
"CTAAGACCAGTAAGAT-1",1
"CTAAGACCATGCAATC-1",0
"CTAAGACGTAAGGATT-1",1
"CTAAGACGTATCAGTC-1",5
"CTAAGACGTCACCTAA-1",0
"CTAAGACTCGTTGCCT-1",6
"CTAAGACTCTTACCGC-1",1
"CTAAGACTCTTGAGGT-1",1
"CTAATGGAGCAATCTC-1",1
"CTAATGGAGCGCTCCA-1",3
"CTAATGGAGCTCCCAG-1",6
"CTAATGGAGCTGAAAT-1",4
"CTAATGGAGTTAGGTA-1",3
"CTAATGGCATGGAATA-1",7
"CTAATGGGTACCGCTG-1",2
"CTAATGGGTCTAGCGC-1",1
"CTAATGGGTGAGGGAG-1",1
"CTAATGGGTTGGTGGA-1",3
"CTAATGGTCATGCTCC-1",1
"CTAATGGTCCACTGGG-1",2
"CTAATGGTCCGTTGCT-1",1
"CTAATGGTCCTAGAAC-1",0
"CTACACCAGTGCGATG-1",3
"CTACACCCACGGACAA-1",4
"CTACACCGTAATAGCA-1",2
"CTACACCGTCTGATTG-1",5
"CTACACCGTTCGTCTC-1",4
"CTACACCTCAGAAATG-1",2
"CTACACCTCGGCTTGG-1",3
"CTACACCTCGGTCCGA-1",2
"CTACACCTCTCGCATC-1",5
"CTACACCTCTCTGCTG-1",6
"CTACATTAGATCACGG-1",1
"CTACATTCACTCGACG-1",2
"CTACATTCATTTCACT-1",4
"CTACATTGTGATGATA-1",0
"CTACATTGTTCGAATC-1",2
"CTACATTTCAACGCTA-1",7
"CTACATTTCGCCATAA-1",1
"CTACATTTCTAGCACA-1",8
"CTACCCACACAGAGGT-1",1
"CTACCCACACGACGAA-1",1
"CTACCCACATGGTTGT-1",1
"CTACCCAGTATCTGCA-1",6
"CTACCCAGTATGAATG-1",0
"CTACCCAGTCAGAAGC-1",0
"CTACCCAGTGTGACCC-1",3
"CTACCCAGTTATGTGC-1",2
"CTACCCATCTACGAGT-1",1
"CTACGTCAGGTGCAAC-1",3
"CTACGTCAGTGCGATG-1",4
"CTACGTCAGTTGTCGT-1",7
"CTACGTCCATATACCG-1",0
"CTACGTCGTATATGGA-1",6
"CTACGTCGTGTGGTTT-1",0
"CTACGTCTCAAAGTAG-1",1
"CTACGTCTCACGACTA-1",4
"CTACGTCTCACGGTTA-1",2
"CTACGTCTCCTAGAAC-1",1
"CTAGAGTAGCTGTCTA-1",7
"CTAGAGTAGGATCGCA-1",3
"CTAGAGTAGTCCATAC-1",1
"CTAGAGTCACATTAGC-1",2
"CTAGAGTCAGTATGCT-1",7
"CTAGAGTCATACTCTT-1",6
"CTAGAGTCATGTAAGA-1",0
"CTAGAGTGTGACCAAG-1",8
"CTAGAGTTCAACACCA-1",2
"CTAGAGTTCCGTCAAA-1",5
"CTAGAGTTCCTAAGTG-1",2
"CTAGAGTTCGCCAGCA-1",1
"CTAGAGTTCGCTTAGA-1",5
"CTAGAGTTCGTGACAT-1",0
"CTAGAGTTCTGATTCT-1",1
"CTAGCCTCACCAGATT-1",3
"CTAGCCTGTATATCCG-1",3
"CTAGCCTGTGATGCCC-1",2
"CTAGCCTTCGGGAGTA-1",1
"CTAGTGAAGCTGGAAC-1",3
"CTAGTGAAGTGTACCT-1",0
"CTAGTGACAAGTCTAC-1",1
"CTAGTGACAGGATCGA-1",5
"CTAGTGAGTTATGCGT-1",0
"CTAGTGATCAGTTGAC-1",2
"CTAGTGATCCAGTAGT-1",5
"CTCACACAGCTAAGAT-1",3
"CTCACACAGCTGCCCA-1",3
"CTCACACAGGATGCGT-1",2
"CTCACACCACGTAAGG-1",2
"CTCACACCACTGTTAG-1",1
"CTCACACCATATACGC-1",2
"CTCACACGTGCTGTAT-1",4
"CTCACACGTTCCATGA-1",2
"CTCACACGTTTGGGCC-1",1
"CTCACACTCACCGGGT-1",0
"CTCACACTCATCGGAT-1",4
"CTCACACTCCGCGCAA-1",0
"CTCACACTCTAACCGA-1",3
"CTCAGAAAGAGCTGCA-1",1
"CTCAGAAAGGAGTAGA-1",0
"CTCAGAACAACGCACC-1",2
"CTCAGAACAAGCGATG-1",0
"CTCAGAACAGGGCATA-1",3
"CTCAGAAGTGACGGTA-1",5
"CTCAGAATCTTAACCT-1",2
"CTCATTAAGAACTGTA-1",1
"CTCATTACATGGTCAT-1",3
"CTCATTAGTGTAACGG-1",0
"CTCATTAGTTTACTCT-1",2
"CTCCTAGCAAGTACCT-1",1
"CTCCTAGCAATTCCTT-1",5
"CTCCTAGCACTGTCGG-1",1
"CTCCTAGCAGTCCTTC-1",4
"CTCCTAGCATAACCTG-1",0
"CTCCTAGCATGCGCAC-1",1
"CTCCTAGGTAGAAAGG-1",3
"CTCCTAGGTCCGAGTC-1",0
"CTCCTAGGTCTAGCCG-1",1
"CTCCTAGGTGTTTGTG-1",0
"CTCCTAGGTTCGTGAT-1",0
"CTCCTAGGTTGTTTGG-1",2
"CTCCTAGTCACTTACT-1",2
"CTCCTAGTCTCATTCA-1",2
"CTCGAAAAGCCCAACC-1",1
"CTCGAAAAGCTATGCT-1",1
"CTCGAAAAGGCCCTTG-1",5
"CTCGAAAAGGGCTTCC-1",0
"CTCGAAACAAGCCGTC-1",0
"CTCGAAACACATTAGC-1",4
"CTCGAAACACCGAAAG-1",4
"CTCGAAACACGGCTAC-1",1
"CTCGAAACAGTAAGAT-1",0
"CTCGAAACATACGCCG-1",1
"CTCGAGGAGCCATCGC-1",3
"CTCGAGGAGGGCTTCC-1",1
"CTCGAGGCAGATAATG-1",2
"CTCGAGGGTATTCTCT-1",1
"CTCGAGGGTGCCTGGT-1",0
"CTCGGAGAGTCCCACG-1",0
"CTCGGAGCACTTCTGC-1",1
"CTCGGAGCAGCTGCAC-1",3
"CTCGGAGCAGGATCGA-1",0
"CTCGGAGGTAGCCTAT-1",2
"CTCGGAGGTCATGCCG-1",0
"CTCGGAGTCAAACGGG-1",2
"CTCGGAGTCACATACG-1",1
"CTCGGAGTCAGCTTAG-1",2
"CTCGGGAAGACCTAGG-1",5
"CTCGGGACACAGCCCA-1",5
"CTCGGGACATAAAGGT-1",0
"CTCGGGACATCCCACT-1",5
"CTCGGGACATGTCGAT-1",1
"CTCGGGAGTCGCGTGT-1",1
"CTCGGGAGTGACTACT-1",0
"CTCGGGAGTTACGACT-1",1
"CTCGGGATCCGTACAA-1",1
"CTCGGGATCCTTGACC-1",0
"CTCGGGATCTTAGCCC-1",0
"CTCGGGATCTTGTTTG-1",3
"CTCGTACAGCGATAGC-1",3
"CTCGTACCAGCGTAAG-1",1
"CTCGTACCATAGTAAG-1",3
"CTCGTACGTAGAGTGC-1",4
"CTCGTACGTATCACCA-1",4
"CTCGTACGTGCAGTAG-1",0
"CTCGTACTCAAAGTAG-1",1
"CTCGTACTCAATCTCT-1",4
"CTCGTACTCGTTGCCT-1",2
"CTCGTACTCTGGTTCC-1",1
"CTCGTCAAGATGCCTT-1",3
"CTCGTCAAGTGGAGTC-1",10
"CTCGTCAAGTTTGCGT-1",3
"CTCGTCACAACGATCT-1",0
"CTCGTCACACATCCGG-1",4
"CTCGTCACAGTCGTGC-1",5
"CTCGTCAGTCTCATCC-1",1
"CTCGTCAGTCTCCATC-1",2
"CTCGTCAGTGAGCGAT-1",0
"CTCGTCAGTTGACGTT-1",2
"CTCGTCAGTTGGGACA-1",1
"CTCGTCATCACTTATC-1",4
"CTCGTCATCGACCAGC-1",2
"CTCGTCATCTGCTGTC-1",0
"CTCTAATCACCAGGTC-1",2
"CTCTAATCACGGTGTC-1",1
"CTCTAATCAGGAATCG-1",0
"CTCTAATGTCCAAGTT-1",0
"CTCTACGAGCTAAACA-1",2
"CTCTACGAGCTAGTGG-1",2
"CTCTACGAGTACGCCC-1",2
"CTCTACGAGTAGGCCA-1",2
"CTCTACGCAATAACGA-1",3
"CTCTACGCAGACGCTC-1",1
"CTCTACGCATGACATC-1",1
"CTCTACGTCATGTCTT-1",3
"CTCTACGTCCCTAATT-1",2
"CTCTACGTCGGCATCG-1",2
"CTCTACGTCGGTCTAA-1",2
"CTCTGGTAGCAGCGTA-1",1
"CTCTGGTAGCGTTCCG-1",3
"CTCTGGTAGGCATGGT-1",7
"CTCTGGTAGTGCCAGA-1",0
"CTCTGGTCACAAGCCC-1",4
"CTCTGGTCAGCCTTTC-1",0
"CTCTGGTTCATCTGTT-1",0
"CTCTGGTTCTTGTACT-1",3
"CTGAAACAGATCCCGC-1",2
"CTGAAACAGGTGCTAG-1",2
"CTGAAACAGTCCGTAT-1",1
"CTGAAACAGTGTCTCA-1",2
"CTGAAACGTCATCGGC-1",4
"CTGAAACGTTAAAGAC-1",5
"CTGAAACTCATACGGT-1",3
"CTGAAGTAGTGCGTGA-1",3
"CTGAAGTCAGCTGTAT-1",3
"CTGAAGTGTTAAAGTG-1",0
"CTGAAGTTCAAGCCTA-1",1
"CTGAAGTTCGGATGTT-1",1
"CTGATAGAGGGAGTAA-1",3
"CTGATAGAGTGCAAGC-1",0
"CTGATAGCAGCCTTTC-1",5
"CTGATAGCATCCCATC-1",0
"CTGATAGCATCTCCCA-1",0
"CTGATAGGTCAAAGCG-1",2
"CTGATAGGTCGCTTTC-1",2
"CTGATAGGTTACGACT-1",2
"CTGATAGTCGCGATCG-1",1
"CTGATAGTCTTATCTG-1",3
"CTGATCCAGGCATTGG-1",1
"CTGATCCAGGTGACCA-1",2
"CTGATCCCACAGAGGT-1",4
"CTGATCCCAGGCTGAA-1",2
"CTGATCCGTGCCTGGT-1",2
"CTGATCCGTTATCCGA-1",0
"CTGATCCGTTGTGGCC-1",2
"CTGCCTAAGGGTCTCC-1",3
"CTGCCTAAGGTGATAT-1",2
"CTGCCTAAGTACGCGA-1",3
"CTGCCTAAGTGCGTGA-1",4
"CTGCCTACATCCCACT-1",3
"CTGCCTATCAATAAGG-1",5
"CTGCGGAAGAAGGACA-1",2
"CTGCGGAAGAGCTGGT-1",3
"CTGCGGAAGATGAGAG-1",3
"CTGCGGACAGGTCGTC-1",0
"CTGCGGACATGTCTCC-1",4
"CTGCGGAGTCACTTCC-1",2
"CTGCGGAGTCGTGGCT-1",4
"CTGCGGAGTTCTGTTT-1",4
"CTGCGGAGTTGGACCC-1",3
"CTGCGGATCGCCTGTT-1",3
"CTGCGGATCTTACCGC-1",1
"CTGCTGTAGGGTGTTG-1",2
"CTGCTGTAGTACCGGA-1",5
"CTGCTGTAGTGGAGAA-1",3
"CTGCTGTCACATCTTT-1",1
"CTGCTGTGTTAAAGAC-1",0
"CTGCTGTTCTCCAACC-1",2
"CTGCTGTTCTTACCGC-1",1
"CTGGTCTAGCGTTGCC-1",4
"CTGGTCTAGGACAGCT-1",1
"CTGGTCTAGGGCTTGA-1",5
"CTGGTCTAGTCGAGTG-1",3
"CTGGTCTCAAAGGAAG-1",0
"CTGGTCTCACCAGTTA-1",2
"CTGGTCTGTACCTACA-1",4
"CTGGTCTGTACGCTGC-1",3
"CTGGTCTGTCCGCTGA-1",2
"CTGGTCTGTCCGTTAA-1",2
"CTGGTCTGTTCATGGT-1",2
"CTGGTCTGTTCGTGAT-1",2
"CTGGTCTTCAACGGGA-1",0
"CTGGTCTTCACTTACT-1",5
"CTGGTCTTCTTACCTA-1",1
"CTGTGCTGTATATCCG-1",1
"CTGTGCTGTCATCCCT-1",2
"CTGTGCTGTCCCTACT-1",0
"CTGTGCTGTCGGCACT-1",0
"CTGTGCTTCCATTCTA-1",1
"CTGTGCTTCCGTACAA-1",2
"CTGTTTAAGAAACCGC-1",1
"CTGTTTAAGATCGATA-1",4
"CTGTTTAAGGAGTTGC-1",2
"CTGTTTAGTCAAAGCG-1",0
"CTGTTTATCAGCCTAA-1",1
"CTGTTTATCATTTGGG-1",1
"CTGTTTATCTCCAGGG-1",4
"CTGTTTATCTCTTGAT-1",4
"CTGTTTATCTTCTGGC-1",2
"CTTAACTAGCCAGTAG-1",3
"CTTAACTAGGCTCTTA-1",1
"CTTAACTAGGTGCACA-1",3
"CTTAACTAGTCTCGGC-1",2
"CTTACCGAGCGCTTAT-1",3
"CTTACCGAGGCTACGA-1",1
"CTTACCGCAGATCTGT-1",1
"CTTACCGCAGTCAGAG-1",4
"CTTACCGGTCCTGCTT-1",2
"CTTACCGGTCGCCATG-1",1
"CTTACCGGTCTACCTC-1",2
"CTTACCGTCGGACAAG-1",2
"CTTAGGAAGCCCAACC-1",0
"CTTAGGACACGACGAA-1",0
"CTTAGGAGTTATGTGC-1",1
"CTTAGGATCCCATTTA-1",9
"CTTAGGATCTTTACAC-1",3
"CTTCTCTAGAACTCGG-1",1
"CTTCTCTAGAGTGAGA-1",1
"CTTCTCTAGCAGGCTA-1",1
"CTTCTCTAGTTAACGA-1",3
"CTTCTCTCAAAGGTGC-1",1
"CTTCTCTGTAACGACG-1",3
"CTTCTCTGTGCATCTA-1",4
"CTTCTCTTCGAGCCCA-1",3
"CTTGGCTAGCGATATA-1",1
"CTTGGCTAGTACGTTC-1",2
"CTTGGCTCATTACCTT-1",9
"CTTGGCTGTCTCCATC-1",1
"CTTGGCTTCCCTAATT-1",0
"CTTGGCTTCGCGTAGC-1",2
"CTTGGCTTCTCGTTTA-1",3
"CTTTGCGAGCAAATCA-1",1
"CTTTGCGAGCGTTCCG-1",6
"CTTTGCGAGTATCTCG-1",2
"CTTTGCGCAATTCCTT-1",5
"CTTTGCGCACTTAAGC-1",1
"CTTTGCGCAGACGCAA-1",0
"CTTTGCGGTAGAGGAA-1",4
"CTTTGCGTCCAGGGCT-1",0
"GAAACTCAGAGACGAA-1",1
"GAAACTCAGAGGTTAT-1",3
"GAAACTCAGCAGCCTC-1",1
"GAAACTCAGCCCAGCT-1",2
"GAAACTCAGCTAAACA-1",3
"GAAACTCAGTGCTGCC-1",2
"GAAACTCCAAGCCCAC-1",0
"GAAACTCCACATGACT-1",2
"GAAACTCCAGACACTT-1",2
"GAAACTCCATGGATGG-1",2
"GAAACTCGTACTCGCG-1",0
"GAAACTCGTAGCGATG-1",4
"GAAACTCGTGTGAAAT-1",1
"GAAACTCGTTTGTGTG-1",3
"GAAATGAAGACTAGGC-1",2
"GAAATGAAGCCAGTTT-1",0
"GAAATGAAGCTAGTCT-1",1
"GAAATGAAGTACGTAA-1",1
"GAAATGATCATGCTCC-1",1
"GAAATGATCCTCGCAT-1",4
"GAACATCAGATGGCGT-1",4
"GAACATCCAACAACCT-1",2
"GAACATCCACATCTTT-1",1
"GAACATCCACCTATCC-1",2
"GAACATCCACGGACAA-1",2
"GAACATCCATGCTAGT-1",0
"GAACATCGTACGACCC-1",1
"GAACATCGTGGACGAT-1",0
"GAACATCGTTCCCGAG-1",1
"GAACATCTCCAAGTAC-1",0
"GAACATCTCGATCCCT-1",2
"GAACATCTCTCCAACC-1",7
"GAACCTAAGAACTGTA-1",4
"GAACCTAAGAGCAATT-1",8
"GAACCTAAGCCAGTAG-1",2
"GAACCTACAAGGACAC-1",0
"GAACCTACAGACACTT-1",2
"GAACCTAGTACCAGTT-1",2
"GAACCTAGTGTCAATC-1",3
"GAACCTATCACGATGT-1",0
"GAACGGAAGACGCAAC-1",1
"GAACGGAAGTAATCCC-1",1
"GAACGGAAGTCAATAG-1",0
"GAACGGAAGTGGACGT-1",1
"GAACGGACACAGCGTC-1",1
"GAACGGACACCTCGTT-1",1
"GAACGGACACTTAACG-1",1
"GAACGGAGTAGCGTAG-1",1
"GAACGGAGTCAGAGGT-1",2
"GAACGGAGTGGCGAAT-1",2
"GAACGGATCACTCCTG-1",2
"GAACGGATCCACGAAT-1",2
"GAACGGATCGTAGGAG-1",7
"GAACGGATCTGTCAAG-1",0
"GAAGCAGAGACTAAGT-1",4
"GAAGCAGAGAGACGAA-1",3
"GAAGCAGAGCCACGCT-1",2
"GAAGCAGAGTTCGCGC-1",4
"GAAGCAGCAATCCGAT-1",4
"GAAGCAGCACTCGACG-1",2
"GAAGCAGCAGATCTGT-1",3
"GAAGCAGCAGATGAGC-1",5
"GAAGCAGCATGAACCT-1",1
"GAAGCAGCATGGAATA-1",3
"GAAGCAGGTAACGCGA-1",3
"GAAGCAGGTCATACTG-1",2
"GAAGCAGTCCTAGTGA-1",9
"GAAGCAGTCTTATCTG-1",1
"GAATAAGCAAGGTGTG-1",1
"GAATAAGCAGACAAGC-1",3
"GAATAAGCATGCAACT-1",4
"GAATAAGGTCCGTTAA-1",3
"GAATAAGGTGAGTGAC-1",3
"GAATAAGGTTCCCTTG-1",2
"GAATAAGTCGTTTAGG-1",0
"GAATGAAAGAGTCTGG-1",5
"GAATGAAAGCTTATCG-1",0
"GAATGAAAGGCATGTG-1",1
"GAATGAACAAACGCGA-1",0
"GAATGAACAGTGAGTG-1",1
"GAATGAACATCATCCC-1",2
"GAATGAAGTCAACATC-1",2
"GAATGAAGTCTCACCT-1",2
"GAATGAAGTGGCAAAC-1",2
"GAATGAAGTTGCGTTA-1",3
"GAATGAATCAGTTAGC-1",4
"GAATGAATCCTGCCAT-1",4
"GACACGCAGACGCACA-1",3
"GACACGCAGAGTAATC-1",0
"GACACGCAGCCAACAG-1",1
"GACACGCAGGAGTTTA-1",4
"GACACGCAGGGCATGT-1",1
"GACACGCAGGTGCACA-1",1
"GACACGCAGTCCAGGA-1",4
"GACACGCAGTGGGATC-1",2
"GACACGCAGTGGGTTG-1",1
"GACACGCCAAGCGTAG-1",7
"GACACGCCAAGGACAC-1",1
"GACACGCCAGACGCTC-1",0
"GACACGCCATCCTTGC-1",7
"GACACGCGTTCACGGC-1",3
"GACACGCTCATGTAGC-1",2
"GACAGAGAGTACGATA-1",1
"GACAGAGCAACGATCT-1",1
"GACAGAGCAAGTCTAC-1",2
"GACAGAGCAGCTCCGA-1",1
"GACAGAGCAGCTGGCT-1",2
"GACAGAGGTAGAAAGG-1",3
"GACAGAGTCAAACAAG-1",1
"GACAGAGTCAGAGACG-1",1
"GACAGAGTCCTTCAAT-1",3
"GACAGAGTCCTTGCCA-1",3
"GACAGAGTCTTCATGT-1",2
"GACCAATAGAAGGGTA-1",2
"GACCAATAGCTACCGC-1",1
"GACCAATAGCTACCTA-1",1
"GACCAATCAGGTGCCT-1",4
"GACCAATCATGCGCAC-1",1
"GACCAATGTACAGTTC-1",2
"GACCAATGTCGCTTCT-1",2
"GACCAATTCCGATATG-1",2
"GACCAATTCGAATGGG-1",0
"GACCAATTCGTCACGG-1",1
"GACCTGGCATCACAAC-1",2
"GACCTGGCATGTCTCC-1",4
"GACCTGGCATTGGCGC-1",7
"GACCTGGGTAAAGGAG-1",0
"GACCTGGGTCCAGTTA-1",2
"GACCTGGGTGCAGTAG-1",2
"GACCTGGTCATAGCAC-1",3
"GACCTGGTCCTTGCCA-1",1
"GACCTGGTCGCATGAT-1",1
"GACCTGGTCGTCACGG-1",3
"GACGCGTAGTGGTAAT-1",1
"GACGCGTAGTTGTAGA-1",0
"GACGCGTGTAAAGGAG-1",3
"GACGCGTGTGTGAAAT-1",5
"GACGCGTGTTAAGACA-1",1
"GACGCGTTCAAACCGT-1",1
"GACGCGTTCCAAATGC-1",4
"GACGCGTTCCGCGGTA-1",0
"GACGCGTTCCTACAGA-1",0
"GACGCGTTCGACGGAA-1",2
"GACGCGTTCTCCGGTT-1",0
"GACGGCTAGAAGATTC-1",2
"GACGGCTAGAGCTGGT-1",2
"GACGGCTCAAGGTTTC-1",3
"GACGGCTCACCGCTAG-1",1
"GACGGCTCATGAACCT-1",2
"GACGGCTCATGCAACT-1",0
"GACGGCTGTGTGTGCC-1",4
"GACGGCTGTTATGTGC-1",0
"GACGGCTGTTTGGCGC-1",5
"GACGGCTTCTATCGCC-1",2
"GACGTGCAGGCAAAGA-1",4
"GACGTGCAGGGTGTGT-1",4
"GACGTGCAGGTGTTAA-1",1
"GACGTGCCAGGTCGTC-1",1
"GACGTGCGTAACGTTC-1",1
"GACGTGCTCACCTCGT-1",0
"GACGTTAAGCTACCGC-1",5
"GACGTTAAGGCAAAGA-1",0
"GACGTTAAGTCAAGCG-1",0
"GACGTTACAAGCCATT-1",1
"GACGTTACAAGGTTTC-1",1
"GACGTTACAGACACTT-1",3
"GACGTTAGTATCTGCA-1",2
"GACGTTAGTTTGACAC-1",2
"GACGTTAGTTTGACTG-1",2
"GACGTTATCACAGGCC-1",2
"GACGTTATCATTGCGA-1",0
"GACGTTATCCCGGATG-1",1
"GACGTTATCCGAAGAG-1",2
"GACGTTATCGCGTTTC-1",3
"GACGTTATCTGTCCGT-1",1
"GACTAACAGACAGAGA-1",1
"GACTAACAGTGGAGAA-1",1
"GACTAACCAAATCCGT-1",1
"GACTAACGTCTAGTCA-1",3
"GACTAACGTGCAACTT-1",3
"GACTAACGTTCAGACT-1",14
"GACTAACTCCGCGCAA-1",1
"GACTAACTCCTTTCTC-1",2
"GACTAACTCTTGCCGT-1",2
"GACTAACTCTTTACAC-1",0
"GACTACAAGATATGGT-1",0
"GACTACACAAATCCGT-1",4
"GACTACAGTGCTGTAT-1",2
"GACTACATCAGCCTAA-1",1
"GACTACATCAGGTAAA-1",5
"GACTACATCTGCAGTA-1",4
"GACTGCGAGCGTAGTG-1",0
"GACTGCGAGTTGTAGA-1",1
"GACTGCGCACTTAACG-1",3
"GACTGCGCATGTTCCC-1",0
"GACTGCGGTACGCACC-1",2
"GACTGCGGTTCTCATT-1",4
"GACTGCGTCAACACAC-1",3
"GACTGCGTCACGACTA-1",1
"GACTGCGTCGCCCTTA-1",2
"GACTGCGTCTCAAACG-1",0
"GAGCAGAGTAGGGTAC-1",0
"GAGCAGAGTCAGATAA-1",9
"GAGCAGAGTCATATGC-1",0
"GAGCAGAGTGAGCGAT-1",1
"GAGCAGAGTGTAACGG-1",1
"GAGCAGAGTGTGACCC-1",0
"GAGCAGAGTTCGGGCT-1",3
"GAGCAGAGTTTAAGCC-1",1
"GAGCAGAGTTTGCATG-1",2
"GAGGTGAAGCAACGGT-1",1
"GAGGTGAAGGCTCTTA-1",3
"GAGGTGAAGTGGTAGC-1",7
"GAGGTGAAGTTGTAGA-1",0
"GAGGTGACACTGTCGG-1",0
"GAGGTGACATCCTTGC-1",1
"GAGGTGACATGCATGT-1",1
"GAGGTGAGTACCTACA-1",0
"GAGGTGAGTCATTAGC-1",4
"GAGGTGAGTTCCTCCA-1",1
"GAGGTGATCATCGCTC-1",1
"GAGGTGATCTAGAGTC-1",0
"GAGGTGATCTCTAGGA-1",8
"GAGGTGATCTGCTGTC-1",0
"GAGGTGATCTGGGCCA-1",1
"GAGTCCGAGGACAGAA-1",8
"GAGTCCGAGGCATGTG-1",1
"GAGTCCGAGGCGTACA-1",3
"GAGTCCGCAAACCCAT-1",4
"GAGTCCGGTCAAGCGA-1",2
"GAGTCCGGTGACCAAG-1",3
"GAGTCCGGTGACTCAT-1",3
"GAGTCCGGTGTGACCC-1",1
"GAGTCCGGTTCGGGCT-1",1
"GAGTCCGGTTTGCATG-1",2
"GAGTCCGTCGGCGCAT-1",1
"GAGTCCGTCTGATTCT-1",0
"GATCAGTAGATGTCGG-1",0
"GATCAGTAGTGGTAGC-1",1
"GATCAGTGTATATGAG-1",5
"GATCAGTGTCTGCGGT-1",2
"GATCAGTGTTATGCGT-1",3
"GATCAGTGTTGTACAC-1",3
"GATCAGTTCCCGACTT-1",0
"GATCGATAGAATGTTG-1",3
"GATCGATAGAGCTGCA-1",0
"GATCGATAGCATGGCA-1",0
"GATCGATCAAGCGAGT-1",3
"GATCGATCAAGCGTAG-1",3
"GATCGATGTCAACATC-1",3
"GATCGATGTTGCCTCT-1",1
"GATCGATTCCGCATCT-1",7
"GATCGCGAGATAGTCA-1",2
"GATCGCGAGCCTTGAT-1",2
"GATCGCGAGGAGCGTT-1",5
"GATCGCGCAGGTCGTC-1",3
"GATCGCGGTACAGCAG-1",0
"GATCGCGGTGAGTATA-1",0
"GATCGCGGTTGTCGCG-1",1
"GATCGCGTCACTCCTG-1",3
"GATCGTAAGACATAAC-1",4
"GATCGTAAGCTCAACT-1",0
"GATCGTACATAACCTG-1",2
"GATCGTAGTGGCTCCA-1",0
"GATCGTATCATATCGG-1",1
"GATCGTATCATGTCCC-1",2
"GATCGTATCTTACCGC-1",0
"GATCTAGAGCGTCTAT-1",0
"GATCTAGAGTGGAGAA-1",1
"GATCTAGCAACACCTA-1",2
"GATCTAGCAAGGGTCA-1",6
"GATCTAGGTCTAAAGA-1",2
"GATCTAGGTCTCACCT-1",1
"GATCTAGGTCTCTTTA-1",1
"GATCTAGTCACATAGC-1",4
"GATCTAGTCTAAGCCA-1",3
"GATGAAAAGAGTAATC-1",0
"GATGAAAAGCTCCCAG-1",2
"GATGAAACACGGTAGA-1",1
"GATGAAACAGCTGTAT-1",2
"GATGAAAGTGGGTATG-1",5
"GATGAAATCACCCTCA-1",0
"GATGAAATCACTCCTG-1",1
"GATGAAATCAGCAACT-1",1
"GATGAAATCGAGAGCA-1",0
"GATGAGGAGATCCCGC-1",3
"GATGAGGAGTTCGATC-1",2
"GATGAGGCACCAGTTA-1",0
"GATGAGGGTATCACCA-1",0
"GATGAGGGTATTCGTG-1",2
"GATGAGGGTCGCGTGT-1",2
"GATGAGGGTGATGATA-1",2
"GATGAGGTCACAGGCC-1",2
"GATGAGGTCACATAGC-1",2
"GATGAGGTCCCTTGTG-1",5
"GATGAGGTCTGCTGTC-1",0
"GATGCTAAGACTAAGT-1",1
"GATGCTAAGGATGCGT-1",0
"GATGCTAAGGCTCTTA-1",1
"GATGCTAAGGGAACGG-1",1
"GATGCTAAGTATCTCG-1",5
"GATGCTAAGTCTCGGC-1",6
"GATGCTACATGTTGAC-1",0
"GATGCTACATTGCGGC-1",5
"GATGCTAGTCTCCATC-1",3
"GATGCTAGTGGAAAGA-1",0
"GATGCTAGTTAGGGTG-1",0
"GATGCTATCCTGTACC-1",1
"GATGCTATCGGCGCTA-1",1
"GATTCAGAGAAACCTA-1",0
"GATTCAGAGAGTGACC-1",2
"GATTCAGAGATTACCC-1",6
"GATTCAGAGGGTCGAT-1",2
"GATTCAGAGGTCGGAT-1",1
"GATTCAGAGTCAATAG-1",2
"GATTCAGCAAGTTGTC-1",13
"GATTCAGCAATTCCTT-1",7
"GATTCAGCAGGGTACA-1",0
"GATTCAGCATCGACGC-1",0
"GATTCAGCATTATCTC-1",1
"GATTCAGGTAAATACG-1",1
"GATTCAGTCAACTCTT-1",2
"GCAAACTAGATGTTAG-1",2
"GCAAACTAGTCATGCT-1",1
"GCAAACTAGTCTCAAC-1",2
"GCAAACTCACAGGTTT-1",1
"GCAAACTGTCAGATAA-1",1
"GCAAACTGTCTCCATC-1",0
"GCAAACTTCGTGGTCG-1",5
"GCAATCAAGGGATCTG-1",1
"GCAATCAAGTATCTCG-1",1
"GCAATCAAGTGGGTTG-1",3
"GCAATCACAGCTTAAC-1",0
"GCAATCACATGTCGAT-1",0
"GCAATCACATTCCTCG-1",0
"GCAATCAGTAGGAGTC-1",0
"GCAATCAGTATAATGG-1",3
"GCAATCAGTTCTCATT-1",2
"GCAATCAGTTCTGGTA-1",3
"GCACATAAGAGCTATA-1",2
"GCACATAAGATGTTAG-1",2
"GCACATAAGCCTTGAT-1",1
"GCACATAAGGAGTACC-1",6
"GCACATAAGTGAAGTT-1",0
"GCACATACACCACGTG-1",1
"GCACATACAGCTGTAT-1",1
"GCACATACAGGAACGT-1",2
"GCACATAGTCATCGGC-1",4
"GCACATAGTCCGAATT-1",6
"GCACATAGTCTCTTTA-1",0
"GCACATAGTGCGCTTG-1",6
"GCACATATCACCTCGT-1",1
"GCACATATCTGGTTCC-1",1
"GCACTCTCAAGACACG-1",9
"GCACTCTCAATCACAC-1",6
"GCACTCTCATTTCAGG-1",3
"GCACTCTGTAAACCTC-1",1
"GCACTCTGTACCAGTT-1",2
"GCACTCTGTAGAAAGG-1",2
"GCACTCTGTCGAACAG-1",2
"GCACTCTGTCTAGGTT-1",6
"GCACTCTTCAACTCTT-1",0
"GCACTCTTCCCTAATT-1",9
"GCACTCTTCTGCCCTA-1",1
"GCAGCCAAGCTGATAA-1",3
"GCAGCCACATGAGCGA-1",1
"GCAGCCAGTAATCGTC-1",4
"GCAGCCAGTGTCGCTG-1",6
"GCAGCCATCAGTTGAC-1",2
"GCAGCCATCCCAACGG-1",2
"GCAGCCATCCGTACAA-1",0
"GCAGTTAAGTCCATAC-1",1
"GCAGTTAAGTCCGTAT-1",1
"GCAGTTAAGTTAACGA-1",6
"GCAGTTAGTGGACGAT-1",5
"GCAGTTAGTTATTCTC-1",4
"GCAGTTATCGCGATCG-1",1
"GCATACAAGATCTGCT-1",5
"GCATACAAGCAACGGT-1",0
"GCATACACAACGCACC-1",2
"GCATACACAAGGACTG-1",3
"GCATACACAAGTCTGT-1",2
"GCATACACAGTCAGCC-1",3
"GCATACACATCCTAGA-1",2
"GCATACACATCGGAAG-1",1
"GCATACAGTCCGAACC-1",0
"GCATACAGTTCTGGTA-1",3
"GCATACATCCACGACG-1",1
"GCATGATAGAATGTTG-1",3
"GCATGATAGAGTAATC-1",2
"GCATGATAGCTGATAA-1",0
"GCATGATAGGACCACA-1",2
"GCATGATAGGCTAGCA-1",1
"GCATGATAGTCAAGCG-1",2
"GCATGATAGTGGAGAA-1",10
"GCATGATCACACCGAC-1",0
"GCATGATCACATTTCT-1",0
"GCATGATGTCCCTACT-1",2
"GCATGATGTTGCGCAC-1",5
"GCATGATTCGTGGACC-1",0
"GCATGCGAGCATGGCA-1",2
"GCATGCGAGTCCAGGA-1",2
"GCATGCGCACTGCCAG-1",1
"GCATGCGGTAAGGATT-1",1
"GCATGCGGTCCTCTTG-1",2
"GCATGCGGTGTGAAAT-1",6
"GCATGCGTCCGCGGTA-1",2
"GCATGTAAGAACTGTA-1",2
"GCATGTAAGACAGACC-1",2
"GCATGTAAGTACTTGC-1",4
"GCATGTAAGTGCAAGC-1",2
"GCATGTACAACACGCC-1",4
"GCATGTATCACGAAGG-1",0
"GCCAAATCAAACTGTC-1",1
"GCCAAATCAAGGGTCA-1",1
"GCCAAATCAAGTTCTG-1",0
"GCCAAATCAGCCACCA-1",4
"GCCAAATCATAACCTG-1",1
"GCCAAATGTATAAACG-1",9
"GCCAAATGTGTTTGGT-1",7
"GCCAAATGTTTCGCTC-1",2
"GCCAAATTCAGGTAAA-1",1
"GCCAAATTCCGAGCCA-1",1
"GCCAAATTCCGCGGTA-1",0
"GCCAAATTCGGCTACG-1",0
"GCCTCTAAGAGTACCG-1",1
"GCCTCTAAGCCATCGC-1",3
"GCCTCTAAGCCGCCTA-1",3
"GCCTCTAAGCGATAGC-1",4
"GCCTCTAAGCTGCAAG-1",4
"GCCTCTAAGCTTCGCG-1",2
"GCCTCTAAGTCACGCC-1",1
"GCCTCTACAAGACGTG-1",0
"GCCTCTACAGCTATTG-1",1
"GCCTCTAGTAAGGATT-1",2
"GCCTCTAGTGATGATA-1",4
"GCCTCTAGTTAAGGGC-1",1
"GCCTCTATCAGCGACC-1",0
"GCCTCTATCCGATATG-1",2
"GCCTCTATCGAATCCA-1",1
"GCCTCTATCGAGCCCA-1",3
"GCCTCTATCGCTGATA-1",1
"GCCTCTATCTTTAGGG-1",2
"GCGACCAAGAGGTTAT-1",1
"GCGACCACACTTACGA-1",2
"GCGACCAGTCAGGACA-1",2
"GCGACCAGTCTAGAGG-1",1
"GCGACCATCAACGGGA-1",6
"GCGACCATCCCGGATG-1",1
"GCGACCATCTACTCAT-1",5
"GCGAGAAAGGTTCCTA-1",2
"GCGAGAAAGTACGATA-1",3
"GCGAGAAAGTGTCTCA-1",3
"GCGAGAACAAGCCCAC-1",2
"GCGAGAACACTGAAGG-1",0
"GCGAGAAGTAGCGCTC-1",3
"GCGAGAAGTCCCTACT-1",0
"GCGAGAATCCTTTCGG-1",1
"GCGAGAATCGAGAGCA-1",2
"GCGAGAATCGCACTCT-1",2
"GCGCAACAGTCCTCCT-1",0
"GCGCAACAGTGTACGG-1",1
"GCGCAACCAAGTCTGT-1",3
"GCGCAACCAGCCACCA-1",0
"GCGCAACGTAGCGCTC-1",2
"GCGCAACGTCCCTTGT-1",3
"GCGCAACGTCCTAGCG-1",3
"GCGCAACGTCGACTAT-1",0
"GCGCAACGTCTAGAGG-1",2
"GCGCAACGTGCACGAA-1",7
"GCGCAACTCAATACCG-1",1
"GCGCAGTCACATCCAA-1",3
"GCGCAGTCATTACCTT-1",3
"GCGCAGTGTTAGGGTG-1",0
"GCGCAGTTCGATCCCT-1",2
"GCGCAGTTCGCGGATC-1",4
"GCGCCAAAGACATAAC-1",2
"GCGCCAAAGGACAGCT-1",3
"GCGCCAAAGGCCCTTG-1",1
"GCGCCAAAGGGCTTCC-1",0
"GCGCCAAAGGTACTCT-1",1
"GCGCCAACATAACCTG-1",0
"GCGCCAACATTGGGCC-1",0
"GCGCCAAGTACTTGAC-1",1
"GCGCCAAGTCGGCACT-1",1
"GCGCCAAGTGAAAGAG-1",3
"GCGCCAAGTTGTACAC-1",0
"GCGCCAATCCGTTGCT-1",0
"GCGCGATAGAAGGTTT-1",0
"GCGCGATAGCAGGTCA-1",0
"GCGCGATAGTGAATTG-1",4
"GCGCGATAGTTTGCGT-1",5
"GCGCGATCAGCTCGAC-1",1
"GCGCGATGTAAGTAGT-1",0
"GCGCGATGTATCACCA-1",5
"GCGCGATGTCACTTCC-1",0
"GCGCGATGTTACCAGT-1",4
"GCGCGATTCAGTTAGC-1",2
"GCGCGATTCGTTTAGG-1",1
"GCGGGTTAGAAACGAG-1",2
"GCGGGTTAGCTATGCT-1",1
"GCGGGTTAGTGTGAAT-1",1
"GCGGGTTCACGCGAAA-1",7
"GCGGGTTCAGGCAGTA-1",3
"GCGGGTTCAGTAACGG-1",0
"GCGGGTTGTGAGTATA-1",0
"GCGGGTTGTGGCGAAT-1",1
"GCGGGTTTCCAAAGTC-1",2
"GCGGGTTTCCTTTCTC-1",2
"GCGGGTTTCTCCAACC-1",2
"GCGGGTTTCTTGAGGT-1",3
"GCGGGTTTCTTGTATC-1",0
"GCTCCTACAAACTGTC-1",2
"GCTCCTACACCAGGTC-1",3
"GCTCCTACACCGATAT-1",1
"GCTCCTACAGGGTACA-1",1
"GCTCCTACATTAGCCA-1",2
"GCTCCTAGTCAGGACA-1",3
"GCTCCTAGTCCGTCAG-1",5
"GCTCCTATCAGCCTAA-1",1
"GCTCCTATCCCTAATT-1",0
"GCTCTGTAGAGGTAGA-1",0
"GCTCTGTAGCTGAACG-1",2
"GCTCTGTAGGAGTCTG-1",0
"GCTCTGTAGTGCTGCC-1",0
"GCTCTGTAGTGGACGT-1",2
"GCTCTGTTCACCTCGT-1",6
"GCTGCAGAGCGTGAGT-1",4
"GCTGCAGAGTCAAGCG-1",2
"GCTGCAGAGTCCCACG-1",1
"GCTGCAGCAATTGCTG-1",2
"GCTGCAGCATGCCCGA-1",3
"GCTGCAGCATGCCTAA-1",0
"GCTGCAGGTAAACCTC-1",1
"GCTGCAGGTACGAAAT-1",3
"GCTGCAGGTAGCGCAA-1",4
"GCTGCAGGTCACCCAG-1",3
"GCTGCAGGTCATGCCG-1",5
"GCTGCGAAGGAATGGA-1",1
"GCTGCGAGTCTAACGT-1",0
"GCTGCGAGTGTTTGGT-1",3
"GCTGCGATCTCCTATA-1",2
"GCTGCGATCTTGTTTG-1",1
"GCTGCTTAGAATTGTG-1",2
"GCTGCTTAGGCAATTA-1",2
"GCTGCTTCATCACGTA-1",2
"GCTGCTTCATCCAACA-1",3
"GCTGCTTCATGCCTAA-1",0
"GCTGCTTCATGGTCAT-1",0
"GCTGCTTGTAACGACG-1",1
"GCTGCTTGTAATCGTC-1",1
"GCTGCTTGTAGGGACT-1",2
"GCTGCTTGTGAAAGAG-1",0
"GCTGCTTTCCGGGTGT-1",1
"GCTGGGTAGACCCACC-1",2
"GCTGGGTAGCCACGCT-1",1
"GCTGGGTAGTCGCCGT-1",1
"GCTGGGTAGTCTCAAC-1",0
"GCTGGGTCACGGCTAC-1",1
"GCTGGGTCAGCCAATT-1",1
"GCTGGGTGTACAGTTC-1",0
"GCTGGGTGTACCGTTA-1",2
"GCTGGGTGTCGAGTTT-1",2
"GCTGGGTGTCTCCACT-1",2
"GCTGGGTGTGCCTGTG-1",1
"GCTGGGTTCAGCTTAG-1",2
"GCTGGGTTCCTTAATC-1",3
"GCTTCCAAGAAACCTA-1",2
"GCTTCCACACCACCAG-1",3
"GCTTCCACAGGTCGTC-1",1
"GCTTCCACAGTGAGTG-1",4
"GCTTCCAGTATAGGTA-1",3
"GCTTCCAGTTCAGCGC-1",1
"GCTTCCATCGTCCAGG-1",0
"GCTTGAAAGATGGCGT-1",1
"GCTTGAAAGCCGTCGT-1",4
"GCTTGAACAAACCTAC-1",1
"GCTTGAACACGGTGTC-1",1
"GCTTGAACATCGGAAG-1",4
"GCTTGAAGTGCGGTAA-1",4
"GCTTGAAGTTCTCATT-1",2
"GCTTGAATCAGGATCT-1",1
"GGAAAGCAGGCAGGTT-1",0
"GGAAAGCCAAACGCGA-1",4
"GGAAAGCCAAGTACCT-1",6
"GGAAAGCGTAAGCACG-1",5
"GGAAAGCGTCCTCCAT-1",1
"GGAAAGCGTCGCGTGT-1",0
"GGAAAGCGTGCTTCTC-1",5
"GGAAAGCTCCAGAGGA-1",3
"GGAACTTAGAGTAAGG-1",2
"GGAACTTCAATGTAAG-1",1
"GGAACTTCACAGGAGT-1",0
"GGAACTTCACCTCGTT-1",2
"GGAACTTGTCTCTTTA-1",8
"GGAACTTTCATTGCCC-1",1
"GGAACTTTCATTTGGG-1",1
"GGAACTTTCCGTCATC-1",0
"GGAACTTTCCTCAACC-1",0
"GGAACTTTCGGATGTT-1",1
"GGAATAAAGGTACTCT-1",1
"GGAATAAAGTGTCCAT-1",2
"GGAATAACAGCGTCCA-1",0
"GGAATAAGTCTGGTCG-1",0
"GGAATAAGTGCAGGTA-1",3
"GGAATAATCAGCACAT-1",4
"GGAATAATCTTTACGT-1",4
"GGACAAGAGGTACTCT-1",1
"GGACAAGCAACGATGG-1",1
"GGACAAGCAGTCGTGC-1",0
"GGACAAGCATGGGACA-1",1
"GGACAAGGTATAAACG-1",4
"GGACAAGGTATGAAAC-1",1
"GGACAAGGTCGGCATC-1",0
"GGACAAGGTTATGCGT-1",2
"GGACAAGTCTAACGGT-1",1
"GGACAGAAGCTAGTCT-1",3
"GGACAGAAGTACTTGC-1",0
"GGACAGACAACACGCC-1",1
"GGACAGACACAAGCCC-1",1
"GGACAGAGTAAGTGGC-1",1
"GGACAGAGTCTTTCAT-1",0
"GGACAGAGTGAGGGAG-1",1
"GGACAGAGTTCCACAA-1",0
"GGACAGATCAACGCTA-1",1
"GGACATTAGAGGGCTT-1",0
"GGACATTAGCCACGTC-1",0
"GGACATTCAAACGCGA-1",4
"GGACATTCAATGACCT-1",2
"GGACATTCACCAGCAC-1",0
"GGACATTGTTCTGGTA-1",3
"GGACATTTCCTCTAGC-1",2
"GGACGTCAGTACTTGC-1",4
"GGACGTCAGTGGTAAT-1",0
"GGACGTCCACAGTCGC-1",3
"GGACGTCGTGAGGGAG-1",2
"GGACGTCGTGGCGAAT-1",0
"GGACGTCGTTACGGAG-1",1
"GGACGTCGTTTAAGCC-1",1
"GGACGTCTCCACTCCA-1",2
"GGACGTCTCGCAAACT-1",2
"GGACGTCTCTCCAGGG-1",1
"GGACGTCTCTCGAGTA-1",1
"GGACGTCTCTGGTGTA-1",5
"GGACGTCTCTTCGAGA-1",4
"GGAGCAAAGAACTCGG-1",5
"GGAGCAAAGACTGTAA-1",4
"GGAGCAAAGCCGCCTA-1",3
"GGAGCAAAGCTAAACA-1",3
"GGAGCAAAGTACGCCC-1",1
"GGAGCAACAAGCTGTT-1",2
"GGAGCAACAATGGACG-1",1
"GGAGCAACAATTCCTT-1",3
"GGAGCAACATGCTGGC-1",2
"GGAGCAAGTGAGTATA-1",6
"GGAGCAAGTTACTGAC-1",2
"GGAGCAATCAAGATCC-1",3
"GGAGCAATCCCATTTA-1",4
"GGATGTTCAAACTGTC-1",3
"GGATGTTTCATCACCC-1",1
"GGATGTTTCATGCATG-1",4
"GGATGTTTCCTACAGA-1",3
"GGATGTTTCCTCTAGC-1",2
"GGATTACAGATCCCAT-1",0
"GGATTACAGCTTCGCG-1",1
"GGATTACAGGCTAGCA-1",3
"GGATTACAGTATCTCG-1",3
"GGATTACCAAGCGTAG-1",7
"GGATTACCACATCCGG-1",2
"GGATTACCAGCGTAAG-1",0
"GGATTACGTAATAGCA-1",3
"GGATTACGTACACCGC-1",1
"GGATTACGTCTCTTTA-1",1
"GGATTACGTTGAGGTG-1",2
"GGATTACTCGCGCCAA-1",1
"GGATTACTCGGCGCAT-1",2
"GGATTACTCTGCCCTA-1",1
"GGCAATTCAATCGGTT-1",4
"GGCAATTCACGGCGTT-1",2
"GGCAATTCATCACCCT-1",3
"GGCAATTGTCGATTGT-1",0
"GGCAATTTCACTTACT-1",1
"GGCAATTTCAGCACAT-1",3
"GGCAATTTCTCCGGTT-1",3
"GGCCGATAGTGTCTCA-1",1
"GGCCGATCACGGACAA-1",2
"GGCCGATGTAGGACAC-1",2
"GGCCGATGTCACTGGC-1",1
"GGCCGATGTCCCTACT-1",8
"GGCCGATTCACCGTAA-1",0
"GGCCGATTCCGCGCAA-1",0
"GGCGACTAGAGCTGGT-1",1
"GGCGACTAGGACCACA-1",2
"GGCGACTAGGTTACCT-1",5
"GGCGACTCAAAGCGGT-1",0
"GGCGACTCAAGAGTCG-1",1
"GGCGACTCACCAGGTC-1",2
"GGCGACTCATTGTGCA-1",0
"GGCGACTTCAGAAATG-1",0
"GGCGACTTCAGAGACG-1",3
"GGCGACTTCCAGATCA-1",4
"GGCGACTTCTCTAGGA-1",1
"GGCGTGTAGCTAGCCC-1",1
"GGCGTGTAGGGTATCG-1",0
"GGCGTGTCAGGTCCAC-1",1
"GGCGTGTCAGTATAAG-1",1
"GGCGTGTCATCGTCGG-1",1
"GGCGTGTCATGGAATA-1",1
"GGCGTGTGTCTCCCTA-1",1
"GGCGTGTTCTTGAGGT-1",1
"GGCTCGAAGCCGTCGT-1",2
"GGCTCGAAGGTAAACT-1",2
"GGCTCGACAAGAAGAG-1",1
"GGCTCGACAATAGCAA-1",3
"GGCTCGACATGGTCAT-1",3
"GGCTCGAGTATATCCG-1",4
"GGCTCGAGTTACGTCA-1",0
"GGCTCGAGTTAGGGTG-1",1
"GGCTCGATCTGCAAGT-1",2
"GGCTGGTAGAAGAAGC-1",1
"GGCTGGTAGACCCACC-1",6
"GGCTGGTCAAGGACAC-1",1
"GGCTGGTCACTGCCAG-1",4
"GGCTGGTCATTTCAGG-1",0
"GGCTGGTGTATTCTCT-1",1
"GGCTGGTGTCGCATCG-1",3
"GGCTGGTGTCTAGTGT-1",1
"GGCTGGTGTTATGCGT-1",2
"GGGAATGAGCGTTGCC-1",0
"GGGAATGAGTAGGTGC-1",5
"GGGAATGGTAAGGGAA-1",1
"GGGAATGTCAACGAAA-1",3
"GGGAATGTCCAGTATG-1",0
"GGGAATGTCCGGGTGT-1",4
"GGGACCTAGATGTAAC-1",1
"GGGACCTAGTCTTGCA-1",5
"GGGACCTCAATCAGAA-1",1
"GGGACCTCACTGAAGG-1",4
"GGGAGATAGTACGACG-1",8
"GGGAGATCAAAGTGCG-1",6
"GGGAGATCAAATCCGT-1",4
"GGGAGATCAAGGACTG-1",5
"GGGAGATCACGCGAAA-1",3
"GGGAGATGTAGCGCAA-1",6
"GGGAGATTCAACGGGA-1",1
"GGGAGATTCATCACCC-1",0
"GGGATGAAGTGACATA-1",0
"GGGATGACATCATCCC-1",5
"GGGATGAGTCACCCAG-1",1
"GGGATGAGTGGAAAGA-1",0
"GGGATGAGTTACGACT-1",0
"GGGATGAGTTGGTAAA-1",2
"GGGATGATCAGTTAGC-1",3
"GGGATGATCTATCCTA-1",1
"GGGATGATCTTTAGGG-1",0
"GGGCACTAGTCTCGGC-1",1
"GGGCACTCATCTCCCA-1",2
"GGGCACTTCACCTCGT-1",0
"GGGCACTTCTGAGGGA-1",7
"GGGCATCCAATGTAAG-1",6
"GGGCATCCAGTCTTCC-1",4
"GGGCATCGTGGCGAAT-1",2
"GGGCATCTCACAGTAC-1",3
"GGGCATCTCCCTTGTG-1",0
"GGGCATCTCCGGCACA-1",2
"GGGCATCTCTGTCCGT-1",2
"GGGCATCTCTTATCTG-1",3
"GGGTCTGAGAAGATTC-1",2
"GGGTCTGAGATCCCGC-1",0
"GGGTCTGAGCCAACAG-1",0
"GGGTCTGCACAGGCCT-1",1
"GGGTCTGCACCAGGTC-1",1
"GGGTCTGGTCTGGTCG-1",0
"GGGTCTGGTGATGATA-1",1
"GGGTCTGGTGTGACCC-1",1
"GGGTCTGTCAACTCTT-1",1
"GGGTCTGTCACTCCTG-1",4
"GGGTCTGTCCGTAGTA-1",2
"GGGTTGCAGACAGAGA-1",2
"GGGTTGCAGACCTTTG-1",0
"GGGTTGCAGATCGATA-1",1
"GGGTTGCAGGGTGTTG-1",7
"GGGTTGCAGGTGGGTT-1",5
"GGGTTGCCAATAACGA-1",1
"GGGTTGCCACGCCAGT-1",3
"GGGTTGCCATTAACCG-1",2
"GGGTTGCGTACATCCA-1",0
"GGGTTGCGTAGCGCAA-1",1
"GGGTTGCGTCCTCCAT-1",4
"GGGTTGCGTCGAGTTT-1",1
"GGGTTGCGTGAGTATA-1",2
"GGGTTGCGTGTGACCC-1",2
"GGGTTGCTCGTACCGG-1",2
"GGTATTGAGCACCGTC-1",1
"GGTATTGAGCTATGCT-1",5
"GGTATTGCACATCCAA-1",0
"GGTATTGCAGCTTCGG-1",1
"GGTATTGGTTCCGTCT-1",2
"GGTATTGTCAGAAATG-1",7
"GGTATTGTCCATTCTA-1",2
"GGTATTGTCGCCAGCA-1",5
"GGTGAAGAGACACGAC-1",2
"GGTGAAGAGATCCGAG-1",3
"GGTGAAGCAAGGTGTG-1",3
"GGTGAAGCACTCGACG-1",0
"GGTGAAGCAGTATGCT-1",4
"GGTGAAGGTATGAAAC-1",1
"GGTGAAGGTCAGAATA-1",2
"GGTGAAGGTGGTACAG-1",2
"GGTGAAGGTGTATGGG-1",3
"GGTGAAGGTGTCTGAT-1",3
"GGTGAAGGTGTGGTTT-1",3
"GGTGAAGGTGTGTGCC-1",0
"GGTGAAGTCACGATGT-1",2
"GGTGAAGTCACTCTTA-1",2
"GGTGAAGTCTGGCGTG-1",0
"GGTGCGTAGGTGATTA-1",3
"GGTGCGTAGTACGATA-1",2
"GGTGCGTCACTTAAGC-1",7
"GGTGCGTCAGCTGTAT-1",1
"GGTGCGTGTTCGTTGA-1",1
"GGTGCGTTCCGTACAA-1",3
"GGTGCGTTCTTGACGA-1",0
"GGTGTTAAGGGCTCTC-1",1
"GGTGTTAAGTAGCGGT-1",1
"GGTGTTAAGTGGGATC-1",2
"GGTGTTAAGTTATCGC-1",3
"GGTGTTACAAATCCGT-1",5
"GGTGTTACACGGATAG-1",0
"GGTGTTAGTAATCACC-1",2
"GGTGTTAGTAGCAAAT-1",4
"GGTGTTAGTGTATGGG-1",4
"GGTGTTAGTTGAACTC-1",1
"GGTGTTATCGGACAAG-1",9
"GGTGTTATCGGTGTTA-1",2
"GGTGTTATCTACTTAC-1",2
"GTAACGTAGGTGACCA-1",2
"GTAACGTCACAGGCCT-1",0
"GTAACGTGTACCATCA-1",1
"GTAACGTGTGAGTATA-1",1
"GTAACGTGTTACGGAG-1",2
"GTAACGTGTTAGGGTG-1",4
"GTAACGTTCGGTCCGA-1",0
"GTAACGTTCTCATTCA-1",5
"GTAACTGAGTGGGTTG-1",2
"GTAACTGCAATGGAAT-1",2
"GTAACTGCACAGGCCT-1",3
"GTAACTGCAGGATCGA-1",3
"GTAACTGCATCGGGTC-1",1
"GTAACTGGTATTACCG-1",1
"GTAACTGTCACGGTTA-1",1
"GTAACTGTCTACTATC-1",4
"GTACGTAAGGTGCTTT-1",1
"GTACGTACAGGAATGC-1",3
"GTACGTACATGGATGG-1",3
"GTACGTAGTGAGTGAC-1",1
"GTACGTAGTTGGTAAA-1",1
"GTACGTATCACCTCGT-1",0
"GTACGTATCATCGGAT-1",1
"GTACGTATCCACTGGG-1",5
"GTACTCCAGGCAGTCA-1",2
"GTACTCCCAATAGCGG-1",3
"GTACTCCCACAGGTTT-1",4
"GTACTCCTCACCTTAT-1",0
"GTACTCCTCATTGCCC-1",0
"GTACTCCTCCTTCAAT-1",2
"GTACTTTCAGTTAACC-1",1
"GTACTTTCATGTCGAT-1",2
"GTACTTTTCCGAAGAG-1",2
"GTAGGCCAGCAATCTC-1",2
"GTAGGCCCATTCGACA-1",2
"GTAGGCCGTAACGCGA-1",0
"GTAGGCCGTAAGGGCT-1",4
"GTAGGCCGTACGACCC-1",3
"GTAGGCCGTTCAGGCC-1",4
"GTAGGCCGTTGATTGC-1",1
"GTAGGCCTCAGCACAT-1",1
"GTAGTCAAGAATGTGT-1",2
"GTAGTCAAGATGCCTT-1",2
"GTAGTCAAGGACGAAA-1",2
"GTAGTCAAGTGAAGAG-1",3
"GTAGTCATCGTCACGG-1",0
"GTAGTCATCTGAAAGA-1",0
"GTATCTTAGAAACCAT-1",4
"GTATCTTAGGCTATCT-1",2
"GTATCTTAGTTGTCGT-1",4
"GTATCTTCACACCGCA-1",2
"GTATCTTCACGAAGCA-1",1
"GTATCTTGTTCGCTAA-1",3
"GTATCTTTCATGCTCC-1",0
"GTATCTTTCATGTAGC-1",2
"GTATTCTAGAAACCAT-1",2
"GTATTCTAGACAAAGG-1",1
"GTATTCTCAAAGTCAA-1",2
"GTATTCTCAACAACCT-1",3
"GTATTCTCAACTTGAC-1",1
"GTATTCTCAATAAGCA-1",2
"GTATTCTCAGGGTTAG-1",0
"GTATTCTCATACTACG-1",1
"GTATTCTCATGGTAGG-1",0
"GTATTCTGTAGTGAAT-1",0
"GTATTCTGTCTAGAGG-1",1
"GTCAAGTCATATGCTG-1",2
"GTCAAGTCATGGTTGT-1",3
"GTCAAGTGTCAGCTAT-1",1
"GTCAAGTGTTCCACTC-1",1
"GTCACAAAGCCGATTT-1",1
"GTCACAAAGTGGAGTC-1",0
"GTCACAACAGGTGGAT-1",2
"GTCACAAGTAAACGCG-1",6
"GTCACAATCAGGATCT-1",5
"GTCACAATCAGTTGAC-1",1
"GTCACAATCATGCATG-1",2
"GTCACGGAGATCACGG-1",4
"GTCACGGCATATACCG-1",2
"GTCACGGGTGAGTGAC-1",1
"GTCACGGGTGTGGCTC-1",0
"GTCACGGTCGAGAGCA-1",2
"GTCACGGTCTACCTGC-1",4
"GTCATTTAGAGACTAT-1",1
"GTCATTTCACGTGAGA-1",4
"GTCATTTGTAGAAGGA-1",2
"GTCATTTGTCAGATAA-1",1
"GTCATTTTCCAGAGGA-1",0
"GTCCTCAAGCCCAACC-1",1
"GTCCTCAAGTAGATGT-1",0
"GTCCTCAAGTGGGCTA-1",1
"GTCCTCACAATCACAC-1",2
"GTCCTCAGTGGAAAGA-1",2
"GTCCTCATCAAAGACA-1",2
"GTCCTCATCGTCCGTT-1",2
"GTCGGGTCACTGAAGG-1",0
"GTCGGGTCACTTCGAA-1",2
"GTCGGGTCATGAAGTA-1",1
"GTCGGGTGTCTCACCT-1",0
"GTCGGGTGTGTGACGA-1",0
"GTCGGGTGTGTGTGCC-1",2
"GTCGGGTGTTACGTCA-1",3
"GTCGGGTTCTGCTGTC-1",1
"GTCGGGTTCTGTGCAA-1",1
"GTCGTAAAGAGATGAG-1",7
"GTCGTAAAGCTGCAAG-1",2
"GTCGTAAAGGCGACAT-1",2
"GTCGTAACATCACGAT-1",4
"GTCGTAAGTATCACCA-1",1
"GTCGTAATCCAAGTAC-1",4
"GTCTCGTAGACCACGA-1",0
"GTCTCGTCAGGAACGT-1",2
"GTCTCGTGTGGTAACG-1",0
"GTCTCGTGTTTGGCGC-1",4
"GTCTCGTTCACCGGGT-1",0
"GTCTCGTTCAGTGCAT-1",1
"GTCTTCGAGACAAGCC-1",3
"GTCTTCGAGGAATGGA-1",0
"GTCTTCGAGTCAAGCG-1",0
"GTCTTCGCACATGGGA-1",3
"GTCTTCGCACCAGGTC-1",1
"GTCTTCGCAGACGCAA-1",1
"GTCTTCGCATAACCTG-1",2
"GTCTTCGCATCGATGT-1",3
"GTCTTCGGTCTAGTGT-1",2
"GTCTTCGTCTCGATGA-1",0
"GTGAAGGAGAGCTGGT-1",7
"GTGAAGGAGATCGGGT-1",0
"GTGAAGGAGCCAGTTT-1",3
"GTGAAGGAGTGTTGAA-1",2
"GTGAAGGCAAAGGCGT-1",1
"GTGAAGGCACTTAAGC-1",0
"GTGAAGGCAGATTGCT-1",2
"GTGAAGGGTATATGGA-1",1
"GTGAAGGGTCTCTCTG-1",4
"GTGAAGGTCTCCTATA-1",1
"GTGCAGCAGACATAAC-1",1
"GTGCAGCAGTGGTCCC-1",0
"GTGCAGCCACATCTTT-1",4
"GTGCAGCGTGAGTATA-1",2
"GTGCAGCTCTTAGAGC-1",1
"GTGCATAAGGCATGGT-1",2
"GTGCATAGTTTGTTGG-1",1
"GTGCATATCAGAGCTT-1",1
"GTGCATATCATCATTC-1",1
"GTGCATATCTGCGTAA-1",3
"GTGCGGTAGCAATCTC-1",4
"GTGCGGTAGGACAGAA-1",3
"GTGCGGTCAAAGGTGC-1",0
"GTGCGGTGTTCAGACT-1",4
"GTGCGGTGTTCTGTTT-1",5
"GTGCGGTTCATCTGCC-1",3
"GTGCGGTTCCAGGGCT-1",3
"GTGCGGTTCGGATGGA-1",0
"GTGCGGTTCTCGTTTA-1",0
"GTGCGGTTCTGCTGTC-1",5
"GTGCTTCAGCCAGTTT-1",0
"GTGCTTCAGGATTCGG-1",4
"GTGCTTCAGTACACCT-1",1
"GTGCTTCCACTTAACG-1",1
"GTGCTTCCAGCTATTG-1",3
"GTGCTTCGTAGAGTGC-1",3
"GTGCTTCTCACAATGC-1",0
"GTGCTTCTCACTTCAT-1",6
"GTGGGTCAGACCGGAT-1",2
"GTGGGTCAGACTGTAA-1",1
"GTGGGTCAGCCGTCGT-1",0
"GTGGGTCCACCAACCG-1",3
"GTGGGTCCACCACCAG-1",1
"GTGTGCGAGACCGGAT-1",1
"GTGTGCGAGACTTGAA-1",2
"GTGTGCGCAGGTCGTC-1",1
"GTGTGCGGTGAGCGAT-1",3
"GTGTGCGTCAGTCAGT-1",0
"GTGTGCGTCCCTTGTG-1",8
"GTGTGCGTCTAACTTC-1",5
"GTGTTAGAGCACGCCT-1",2
"GTGTTAGAGGACAGAA-1",1
"GTGTTAGAGGCATGGT-1",1
"GTGTTAGAGTGGAGAA-1",5
"GTGTTAGAGTTTGCGT-1",2
"GTGTTAGCAATGGAAT-1",2
"GTGTTAGCACCACCAG-1",2
"GTGTTAGGTGCCTGGT-1",3
"GTGTTAGGTGGAAAGA-1",1
"GTGTTAGGTTCCATGA-1",2
"GTGTTAGGTTGGGACA-1",2
"GTTAAGCAGAGCTGCA-1",3
"GTTAAGCAGATAGCAT-1",1
"GTTAAGCAGCTAACAA-1",1
"GTTAAGCAGGCTACGA-1",0
"GTTAAGCAGTGTACCT-1",4
"GTTAAGCAGTTTGCGT-1",4
"GTTAAGCCATTCACTT-1",5
"GTTAAGCGTACTCGCG-1",4
"GTTAAGCGTCTAGGTT-1",0
"GTTAAGCGTGGCAAAC-1",2
"GTTAAGCGTTGCTCCT-1",2
"GTTAAGCTCCTTTCGG-1",3
"GTTACAGAGAGCTATA-1",0
"GTTACAGAGTACGATA-1",1
"GTTACAGCAGACGCCT-1",2
"GTTACAGCATCGGTTA-1",4
"GTTACAGGTATGGTTC-1",2
"GTTACAGGTCGACTGC-1",4
"GTTACAGGTCTAGGTT-1",2
"GTTCATTAGCGATGAC-1",7
"GTTCATTCATATACGC-1",3
"GTTCATTCATTGGCGC-1",0
"GTTCATTGTGCACGAA-1",2
"GTTCATTGTGTTAAGA-1",2
"GTTCATTGTTCAGTAC-1",4
"GTTCGGGAGACGACGT-1",2
"GTTCGGGAGCTAAGAT-1",0
"GTTCGGGAGTGTCTCA-1",1
"GTTCGGGGTAGGGTAC-1",0
"GTTCGGGGTGCAGGTA-1",1
"GTTCGGGTCCACGCAG-1",3
"GTTCGGGTCTACTTAC-1",5
"GTTCTCGAGACCACGA-1",5
"GTTCTCGAGCGATGAC-1",6
"GTTCTCGAGGCCATAG-1",2
"GTTCTCGCATCGGACC-1",3
"GTTCTCGGTAAGGGAA-1",1
"GTTCTCGGTAGCGTAG-1",1
"GTTCTCGGTCCGTGAC-1",3
"GTTCTCGGTGTTAAGA-1",9
"GTTCTCGTCAACGCTA-1",6
"GTTCTCGTCCTGTACC-1",4
"GTTTCTACAAACCTAC-1",0
"GTTTCTACAAGAAAGG-1",3
"GTTTCTAGTGTTGGGA-1",5
"GTTTCTATCCCAACGG-1",6
"GTTTCTATCCGTAGTA-1",10
"GTTTCTATCGGCATCG-1",3
"TAAACCGGTACTTAGC-1",0
"TAAACCGTCACTCTTA-1",1
"TAAACCGTCAGGCGAA-1",1
"TAAACCGTCCGTTGTC-1",4
"TAAACCGTCTTCCTTC-1",2
"TAAGAGACAAGTTGTC-1",4
"TAAGAGAGTATATCCG-1",8
"TAAGAGATCAATCACG-1",0
"TAAGAGATCTAACGGT-1",2
"TAAGAGATCTTTCCTC-1",6
"TAAGCGTAGTGGACGT-1",3
"TAAGCGTAGTGTCTCA-1",2
"TAAGCGTCAGCTTCGG-1",2
"TAAGCGTCAGGTGGAT-1",0
"TAAGCGTGTCCTGCTT-1",2
"TAAGCGTGTGCCTGGT-1",2
"TAAGCGTGTTGTTTGG-1",2
"TAAGCGTTCCTCATTA-1",0
"TAAGCGTTCGGCGCAT-1",2
"TAAGCGTTCTCGCATC-1",1
"TAAGTGCAGGCTAGGT-1",0
"TAAGTGCAGTAGCGGT-1",1
"TAAGTGCCAACGCACC-1",0
"TAAGTGCCATACAGCT-1",3
"TAAGTGCGTAAACACA-1",1
"TAAGTGCGTCTCACCT-1",1
"TAAGTGCGTTCAGACT-1",5
"TAAGTGCTCACCCTCA-1",1
"TAAGTGCTCACTGGGC-1",1
"TAAGTGCTCTGGCGTG-1",2
"TACACGACACCCATTC-1",2
"TACACGAGTGATAAAC-1",3
"TACACGATCTGTCTCG-1",0
"TACAGTGAGATGCGAC-1",11
"TACAGTGAGCGTTGCC-1",2
"TACAGTGAGTGTACGG-1",1
"TACAGTGCAGGAATCG-1",2
"TACAGTGCAGGTGCCT-1",5
"TACAGTGGTACTCAAC-1",3
"TACAGTGGTTGGACCC-1",5
"TACCTATAGAGCTGGT-1",5
"TACCTATAGAGTTGGC-1",1
"TACCTATAGGCTCATT-1",2
"TACCTATAGTTAGCGG-1",1
"TACCTATCAAGCTGGA-1",1
"TACCTATGTAAATGAC-1",6
"TACCTATGTAGAGTGC-1",2
"TACCTATGTCACCTAA-1",1
"TACCTATGTGTTGAGG-1",1
"TACCTATGTTAAAGAC-1",1
"TACCTATTCTATGTGG-1",3
"TACCTATTCTTCCTTC-1",2
"TACCTTAAGAGGTTGC-1",1
"TACCTTAAGTCAAGCG-1",3
"TACCTTAAGTGGTCCC-1",2
"TACCTTACAACTGGCC-1",0
"TACCTTACAAGGGTCA-1",3
"TACCTTACACTCAGGC-1",0
"TACCTTACATCTACGA-1",2
"TACCTTAGTAGCGTCC-1",1
"TACCTTAGTCTCCACT-1",0
"TACGGATAGATGGCGT-1",2
"TACGGATAGGTACTCT-1",5
"TACGGATCAGGGATTG-1",4
"TACGGATCATCACCCT-1",0
"TACGGATGTCTAGCCG-1",2
"TACGGATTCGGTGTCG-1",2
"TACGGATTCTACTATC-1",1
"TACGGGCAGGATGCGT-1",2
"TACGGGCAGGGAACGG-1",1
"TACGGGCAGTATTGGA-1",0
"TACGGGCAGTCAAGCG-1",2
"TACGGGCCAAGAAGAG-1",4
"TACGGGCCACCAGATT-1",0
"TACGGGCCATCAGTAC-1",1
"TACGGGCGTAAGGGCT-1",1
"TACGGGCGTCTGATTG-1",1
"TACGGGCGTGATGTGG-1",0
"TACGGGCTCACCTTAT-1",1
"TACGGGCTCAGCTCTC-1",2
"TACGGGCTCCACGAAT-1",3
"TACGGGCTCCTATTCA-1",1
"TACGGGCTCGGTGTTA-1",2
"TACGGTAAGATATGGT-1",2
"TACGGTAAGCCGATTT-1",2
"TACGGTAAGTCATGCT-1",0
"TACGGTAAGTGCCATT-1",1
"TACGGTACACAGGCCT-1",6
"TACGGTACATTTCAGG-1",0
"TACGGTAGTATATCCG-1",3
"TACGGTAGTCACTTCC-1",3
"TACGGTAGTGCAGGTA-1",1
"TACGGTAGTGGGTATG-1",1
"TACGGTATCGCAGGCT-1",4
"TACGGTATCGGACAAG-1",7
"TACGGTATCGTTTATC-1",0
"TACTCATAGTCACGCC-1",2
"TACTCATCAATCTACG-1",1
"TACTCATCACGGTAGA-1",10
"TACTCATCACTTCTGC-1",1
"TACTCATCATCCGTGG-1",1
"TACTCATCATGTCGAT-1",3
"TACTCATGTACAGCAG-1",0
"TACTCATGTCTTCAAG-1",1
"TACTCATTCCTTTCTC-1",1
"TACTCGCAGGCGACAT-1",2
"TACTCGCGTCAGAAGC-1",2
"TACTCGCGTCTGATTG-1",5
"TACTCGCGTGTAACGG-1",1
"TACTCGCGTTGAGTTC-1",5
"TACTCGCTCAACGGGA-1",0
"TACTCGCTCCGAATGT-1",1
"TACTTACAGACTAGGC-1",0
"TACTTACAGCTGAACG-1",1
"TACTTACAGTACACCT-1",0
"TACTTACAGTACGCCC-1",1
"TACTTACAGTGATCGG-1",0
"TACTTACCAAGCCGTC-1",2
"TACTTACCACAGGTTT-1",8
"TACTTACTCGCGTTTC-1",4
"TACTTGTAGCGATATA-1",0
"TACTTGTAGTAATCCC-1",4
"TACTTGTCAAACAACA-1",1
"TACTTGTCATGCAACT-1",0
"TACTTGTGTAGCACGA-1",2
"TACTTGTGTATAAACG-1",2
"TACTTGTGTTCCACAA-1",1
"TACTTGTTCTGCAGTA-1",6
"TAGACCAAGAGACGAA-1",3
"TAGACCAAGCCTCGTG-1",0
"TAGACCAAGTCGATAA-1",7
"TAGACCACAACACCCG-1",2
"TAGACCAGTAGATTAG-1",3
"TAGACCAGTTCATGGT-1",1
"TAGACCATCACTTCAT-1",5
"TAGACCATCGTCACGG-1",4
"TAGACCATCTCCAGGG-1",5
"TAGAGCTAGAATTCCC-1",2
"TAGAGCTAGTATTGGA-1",3
"TAGAGCTCACTGAAGG-1",0
"TAGAGCTGTACTTGAC-1",3
"TAGAGCTGTAGGGACT-1",2
"TAGAGCTGTCTAAAGA-1",2
"TAGCCGGAGACTGGGT-1",3
"TAGCCGGAGTCCCACG-1",0
"TAGCCGGAGTGACATA-1",5
"TAGCCGGCAGCAGTTT-1",1
"TAGCCGGGTACAGTGG-1",3
"TAGCCGGGTACCATCA-1",1
"TAGCCGGGTCGCGAAA-1",6
"TAGCCGGTCACGACTA-1",0
"TAGCCGGTCCAGGGCT-1",1
"TAGGCATAGAACTGTA-1",3
"TAGGCATAGCTAGGCA-1",0
"TAGGCATAGTCGTACT-1",1
"TAGGCATAGTTTAGGA-1",2
"TAGGCATCAAGCCTAT-1",0
"TAGGCATCAGACGCAA-1",0
"TAGGCATGTACGAAAT-1",3
"TAGGCATGTCCAGTTA-1",1
"TAGGCATGTTCCACTC-1",4
"TAGGCATTCCCTAACC-1",1
"TAGGCATTCGCTAGCG-1",4
"TAGGCATTCGTAGATC-1",1
"TAGGCATTCTTCATGT-1",0
"TAGTGGTAGATCACGG-1",3
"TAGTGGTAGCTGTTCA-1",3
"TAGTGGTCAGTATAAG-1",1
"TAGTGGTGTAGCGTAG-1",1
"TAGTGGTTCAGCATGT-1",0
"TAGTGGTTCGGCGCAT-1",4
"TAGTGGTTCTCAAGTG-1",3
"TAGTGGTTCTGGGCCA-1",19
"TAGTGGTTCTTTAGTC-1",1
"TAGTTGGAGATAGGAG-1",5
"TAGTTGGCAGACGCAA-1",1
"TAGTTGGCATGCGCAC-1",5
"TAGTTGGGTATGGTTC-1",0
"TAGTTGGTCCGAATGT-1",1
"TAGTTGGTCTACTCAT-1",0
"TAGTTGGTCTCTAAGG-1",2
"TAGTTGGTCTGATACG-1",0
"TATCAGGAGAGTAAGG-1",3
"TATCAGGAGATCCGAG-1",4
"TATCAGGAGCAGATCG-1",2
"TATCAGGAGGTGCTTT-1",2
"TATCAGGCAACTTGAC-1",2
"TATCAGGCACGTTGGC-1",1
"TATCAGGGTCCGTTAA-1",6
"TATCAGGGTCTGCAAT-1",2
"TATCAGGGTTAAAGAC-1",2
"TATCAGGTCAAGATCC-1",0
"TATCAGGTCCACTCCA-1",2
"TATCAGGTCGTAGGTT-1",2
"TATCTCAAGAGTTGGC-1",0
"TATCTCAAGCCACCTG-1",5
"TATCTCAAGCGTAATA-1",2
"TATCTCAAGGCTAGCA-1",1
"TATCTCAAGTGGGCTA-1",2
"TATCTCACATGTCCTC-1",1
"TATCTCAGTAACGACG-1",3
"TATCTCAGTACCTACA-1",3
"TATCTCAGTACGACCC-1",2
"TATCTCAGTCAATGTC-1",3
"TATCTCATCAAGCCTA-1",1
"TATGCCCAGAAACCGC-1",5
"TATGCCCAGGTAGCTG-1",1
"TATGCCCCAATGGAAT-1",2
"TATGCCCCACTTAACG-1",1
"TATGCCCCATGTTCCC-1",1
"TATGCCCGTAGCCTCG-1",3
"TATGCCCGTATAGGGC-1",1
"TATGCCCGTATGAAAC-1",4
"TATGCCCGTCGCCATG-1",12
"TATGCCCGTGCCTTGG-1",1
"TATGCCCGTTAAGATG-1",0
"TATGCCCGTTGGTGGA-1",3
"TATGCCCGTTTAGGAA-1",1
"TATGCCCTCGTCTGCT-1",2
"TATTACCAGAGAGCTC-1",2
"TATTACCAGCAAATCA-1",0
"TATTACCAGCCCGAAA-1",2
"TATTACCAGTATCTCG-1",1
"TATTACCCAAAGTGCG-1",0
"TATTACCCAGACAAGC-1",2
"TATTACCCAGTCAGCC-1",0
"TATTACCCATAAAGGT-1",0
"TATTACCCATCTACGA-1",1
"TATTACCGTCCAGTAT-1",0
"TCAACGAAGCCGATTT-1",0
"TCAACGAAGCGATGAC-1",0
"TCAACGAAGGCATGTG-1",1
"TCAACGAAGTAGTGCG-1",4
"TCAACGACACCAGGCT-1",1
"TCAACGACATGCCTTC-1",8
"TCAACGAGTTACCAGT-1",0
"TCAACGAGTTCCATGA-1",2
"TCAACGAGTTCTGGTA-1",2
"TCAACGATCAGTCCCT-1",0
"TCAACGATCTGTGCAA-1",3
"TCAATCTAGATCCCGC-1",1
"TCAATCTCACAAGCCC-1",1
"TCAATCTCACAGCCCA-1",3
"TCAATCTCATGACGGA-1",0
"TCAATCTCATTTGCTT-1",1
"TCAATCTGTAGTGAAT-1",1
"TCAATCTGTTAGATGA-1",4
"TCAATCTTCAGATAAG-1",2
"TCAATCTTCATGTCCC-1",2
"TCACAAGAGACTGGGT-1",2
"TCACAAGAGAGAGCTC-1",5
"TCACAAGAGGCCCTCA-1",2
"TCACAAGAGGTGGGTT-1",0
"TCACAAGAGTAGATGT-1",1
"TCACAAGCAGTATGCT-1",3
"TCACAAGCATAACCTG-1",0
"TCACAAGCATGACATC-1",2
"TCACAAGGTCAGATAA-1",2
"TCACAAGGTGTGGTTT-1",4
"TCACAAGTCATCATTC-1",0
"TCACAAGTCATGCATG-1",2
"TCACGAAAGCTCCTTC-1",1
"TCACGAAAGGTGCTTT-1",1
"TCACGAAAGTCTCGGC-1",1
"TCACGAACACAAGACG-1",10
"TCACGAACACTGTCGG-1",3
"TCACGAAGTGGTCCGT-1",3
"TCACGAAGTTGGTGGA-1",1
"TCACGAATCATGCAAC-1",2
"TCACGAATCCCGACTT-1",4
"TCACGAATCCTCGCAT-1",4
"TCACGAATCGTCACGG-1",2
"TCAGATGAGGTGCACA-1",0
"TCAGATGGTCTTGTCC-1",2
"TCAGATGGTGCCTGCA-1",0
"TCAGATGGTGCTGTAT-1",4
"TCAGATGTCAGTTTGG-1",2
"TCAGATGTCGCATGAT-1",1
"TCAGATGTCTCCTATA-1",1
"TCAGCAAAGGAGTCTG-1",5
"TCAGCAAAGGCTCATT-1",6
"TCAGCAAAGTACGACG-1",0
"TCAGCAAAGTGGCACA-1",9
"TCAGCAACACGCATCG-1",1
"TCAGCAAGTACCGGCT-1",2
"TCAGCAATCAGCGATT-1",1
"TCAGCAATCGGAAACG-1",2
"TCAGCAATCTTCAACT-1",2
"TCAGCTCAGGTGTTAA-1",2
"TCAGCTCAGTATGACA-1",3
"TCAGCTCCAATCTGCA-1",0
"TCAGCTCCACGGTTTA-1",0
"TCAGCTCGTAATAGCA-1",1
"TCAGCTCGTCCGTCAG-1",3
"TCAGCTCGTTCACGGC-1",0
"TCAGCTCTCACGATGT-1",1
"TCAGCTCTCATGCATG-1",5
"TCAGCTCTCCTAAGTG-1",2
"TCAGCTCTCTCGTATT-1",0
"TCAGGATAGACAGAGA-1",2
"TCAGGATAGATATGGT-1",2
"TCAGGATCAAACGTGG-1",4
"TCAGGATCAAGTTCTG-1",2
"TCAGGATCACGGTGTC-1",0
"TCAGGATCACTGTGTA-1",4
"TCAGGATCAGCATACT-1",4
"TCAGGATCATCTGGTA-1",4
"TCAGGATGTAAGCACG-1",3
"TCAGGATGTGGCCCTA-1",1
"TCAGGATTCCGATATG-1",4
"TCAGGATTCTCGATGA-1",6
"TCAGGTAAGATGGCGT-1",2
"TCAGGTAAGTGTTTGC-1",1
"TCAGGTACACAAGTAA-1",4
"TCAGGTACACAGAGGT-1",6
"TCAGGTACAGCTGCTG-1",0
"TCAGGTAGTAAACGCG-1",3
"TCATTACAGAAACCAT-1",4
"TCATTACAGGAGTTGC-1",1
"TCATTACAGTTGCAGG-1",2
"TCATTACCACATCCAA-1",1
"TCATTACCAGTCAGCC-1",2
"TCATTACGTACGCACC-1",0
"TCATTACGTCTAGAGG-1",2
"TCATTACGTGAAGGCT-1",1
"TCATTACGTTCTGTTT-1",3
"TCATTACTCATCGATG-1",2
"TCATTTGAGCCAGTTT-1",1
"TCATTTGCACGTCTCT-1",3
"TCATTTGCAGTTAACC-1",1
"TCATTTGTCCAGAGGA-1",1
"TCATTTGTCCCTTGCA-1",1
"TCATTTGTCCGTCAAA-1",3
"TCATTTGTCGCTAGCG-1",2
"TCATTTGTCGTACGGC-1",1
"TCATTTGTCTCTGCTG-1",0
"TCCACACCAAAGAATC-1",1
"TCCACACCACGCCAGT-1",5
"TCCACACGTACAGCAG-1",3
"TCCACACGTAGCCTAT-1",1
"TCCACACGTCATCGGC-1",0
"TCCACACGTGACCAAG-1",0
"TCCACACGTGCGAAAC-1",1
"TCCACACTCAACACCA-1",2
"TCCACACTCCAGTATG-1",4
"TCCACACTCCCATTTA-1",0
"TCCACACTCGAACTGT-1",0
"TCCCGATAGAAGAAGC-1",2
"TCCCGATAGCACAGGT-1",3
"TCCCGATAGCCGGTAA-1",4
"TCCCGATCAAGGTTCT-1",1
"TCCCGATCAGCCAATT-1",5
"TCCCGATCATCCAACA-1",6
"TCCCGATGTAAGGATT-1",1
"TCCCGATGTCAATACC-1",2
"TCCCGATTCAGAAATG-1",2
"TCCCGATTCAGTCCCT-1",0
"TCCCGATTCATCTGTT-1",1
"TCCCGATTCCCTAATT-1",2
"TCCCGATTCTGGAGCC-1",1
"TCGAGGCAGCGATGAC-1",4
"TCGAGGCAGTGTTTGC-1",1
"TCGAGGCCAAAGAATC-1",3
"TCGAGGCCAAGTTCTG-1",0
"TCGAGGCCAGTAACGG-1",3
"TCGAGGCGTATATCCG-1",0
"TCGAGGCTCGCAAGCC-1",2
"TCGAGGCTCTTGAGAC-1",1
"TCGAGGCTCTTTCCTC-1",3
"TCGCGAGAGACAAAGG-1",1
"TCGCGAGAGTGAATTG-1",2
"TCGCGAGCAAGCGTAG-1",1
"TCGCGAGCACCGAATT-1",2
"TCGCGAGCAGTAAGAT-1",3
"TCGCGAGTCCACGAAT-1",0
"TCGCGAGTCTAGCACA-1",1
"TCGCGAGTCTCTAGGA-1",1
"TCGCGAGTCTTCATGT-1",1
"TCGCGTTAGTGGGCTA-1",5
"TCGCGTTCACAGGCCT-1",1
"TCGCGTTCATCACAAC-1",1
"TCGCGTTCATCTCGCT-1",1
"TCGCGTTGTTCACCTC-1",3
"TCGCGTTTCAAGATCC-1",3
"TCGCGTTTCAGGTAAA-1",1
"TCGCGTTTCATTCACT-1",1
"TCGCGTTTCCTGTACC-1",2
"TCGCGTTTCGCCCTTA-1",1
"TCGGGACCACACATGT-1",1
"TCGGGACTCCTTGCCA-1",2
"TCGGGACTCTGCGGCA-1",1
"TCGGGACTCTTGTCAT-1",0
"TCGGTAAAGACAGGCT-1",4
"TCGGTAAAGCTCAACT-1",6
"TCGGTAACAAGCTGAG-1",1
"TCGGTAACAGGAATGC-1",0
"TCGGTAAGTATATGGA-1",3
"TCGGTAAGTCTAGTCA-1",1
"TCGGTAATCCCGGATG-1",1
"TCGTACCAGCAGGCTA-1",0
"TCGTACCAGTTTCCTT-1",1
"TCGTACCGTTTGCATG-1",5
"TCGTACCTCGGGAGTA-1",1
"TCGTAGAAGCTAACTC-1",5
"TCGTAGAAGGCGACAT-1",3
"TCGTAGAAGGGAACGG-1",0
"TCGTAGAAGTCCATAC-1",2
"TCGTAGACAATCCAAC-1",1
"TCGTAGACACTCAGGC-1",4
"TCGTAGAGTATGAATG-1",3
"TCGTAGAGTGAGCGAT-1",2
"TCGTAGAGTGTGTGCC-1",1
"TCGTAGAGTTCAACCA-1",1
"TCGTAGAGTTCCATGA-1",11
"TCGTAGATCCAAGCCG-1",2
"TCGTAGATCTTAGCCC-1",5
"TCTATTGAGCGATTCT-1",1
"TCTATTGAGTGCCATT-1",3
"TCTATTGCACATCTTT-1",5
"TCTATTGGTAAGTGTA-1",2
"TCTATTGGTCCAACTA-1",3
"TCTATTGGTCTGCCAG-1",1
"TCTATTGGTTGCTCCT-1",1
"TCTATTGTCGGCGCTA-1",0
"TCTCATAAGCTAAACA-1",2
"TCTCATAAGCTAGTCT-1",2
"TCTCATAAGTGCCATT-1",3
"TCTCATAGTACCGGCT-1",2
"TCTCATAGTGTAAGTA-1",3
"TCTCATATCAAGCCTA-1",1
"TCTCATATCACCTTAT-1",0
"TCTCATATCCTGTACC-1",1
"TCTCTAAAGACCGGAT-1",4
"TCTCTAAAGGGTGTTG-1",0
"TCTCTAACAGCCTATA-1",3
"TCTCTAAGTCCAGTAT-1",6
"TCTCTAAGTCCATGAT-1",5
"TCTCTAAGTCTCATCC-1",1
"TCTCTAAGTGGAAAGA-1",5
"TCTCTAATCAAACCAC-1",1
"TCTCTAATCAACGCTA-1",0
"TCTCTAATCACAGGCC-1",2
"TCTCTAATCACATACG-1",0
"TCTCTAATCCGTAGGC-1",2
"TCTCTAATCGTATCAG-1",11
"TCTGAGACAAACCTAC-1",5
"TCTGAGACACGGATAG-1",1
"TCTGAGACAGAGTGTG-1",0
"TCTGAGAGTAAGGGAA-1",2
"TCTGAGATCCTTGACC-1",1
"TCTGAGATCTATCCTA-1",2
"TCTGGAAAGCGATGAC-1",3
"TCTGGAAAGCTAGTTC-1",1
"TCTGGAAAGCTCTCGG-1",2
"TCTGGAAAGGAGCGAG-1",1
"TCTGGAACACAAGACG-1",2
"TCTGGAACACACTGCG-1",2
"TCTGGAACACTTCTGC-1",4
"TCTGGAAGTGAGTATA-1",2
"TCTGGAATCTGTCTAT-1",2
"TCTTCGGAGGTTCCTA-1",4
"TCTTCGGAGTTCGATC-1",1
"TCTTCGGCAAAGCAAT-1",2
"TCTTCGGCAAAGGTGC-1",2
"TCTTCGGCAATAGCAA-1",2
"TCTTCGGCAATGTAAG-1",3
"TCTTCGGCACACCGAC-1",2
"TCTTCGGCAGCCAATT-1",3
"TCTTCGGGTCATTAGC-1",1
"TCTTCGGTCGTAGGTT-1",1
"TCTTCGGTCTCTAAGG-1",1
"TCTTTCCAGAGAGCTC-1",4
"TCTTTCCAGTCATCCA-1",1
"TCTTTCCCATCTCCCA-1",2
"TCTTTCCGTAATCACC-1",4
"TCTTTCCGTAGTACCT-1",6
"TCTTTCCTCACAACGT-1",0
"TCTTTCCTCAGCTGGC-1",3
"TCTTTCCTCCAAGTAC-1",1
"TCTTTCCTCCTCGCAT-1",4
"TGAAAGAAGCTAAGAT-1",8
"TGAAAGACAAGCCGTC-1",5
"TGAAAGACACATTCGA-1",2
"TGAAAGACATGAGCGA-1",1
"TGAAAGAGTCTAGCGC-1",2
"TGAAAGAGTCTCATCC-1",1
"TGAAAGATCCCGACTT-1",0
"TGAAAGATCTATGTGG-1",0
"TGACAACCAAGCGAGT-1",0
"TGACAACGTAGGGACT-1",5
"TGACAACGTGCGCTTG-1",5
"TGACAACGTGGTTTCA-1",1
"TGACAACTCACAAACC-1",3
"TGACAACTCCACGTGG-1",2
"TGACAACTCGAATGCT-1",3
"TGACGGCAGCGCCTCA-1",2
"TGACGGCAGGCTCAGA-1",3
"TGACGGCAGTCAAGCG-1",1
"TGACGGCCACAGACTT-1",0
"TGACGGCGTCATCCCT-1",5
"TGACGGCTCAGGCGAA-1",0
"TGACGGCTCCACTGGG-1",0
"TGACTAGAGACCCACC-1",1
"TGACTAGAGGGCATGT-1",0
"TGACTAGAGTCTCAAC-1",2
"TGACTAGAGTTGAGAT-1",0
"TGACTAGCAGCATACT-1",6
"TGACTAGCAGTCAGAG-1",0
"TGACTAGCATTTCACT-1",3
"TGACTAGGTAAATACG-1",1
"TGACTAGGTGAAAGAG-1",3
"TGACTAGGTGCAGTAG-1",1
"TGACTAGTCATGCATG-1",5
"TGACTAGTCCATGCTC-1",1
"TGACTAGTCTGTTGAG-1",1
"TGACTTTAGAACAATC-1",4
"TGACTTTAGTCTCGGC-1",1
"TGACTTTAGTTAGGTA-1",3
"TGACTTTCAGTCCTTC-1",0
"TGACTTTCATTATCTC-1",3
"TGACTTTGTCACACGC-1",4
"TGACTTTTCCTCAATT-1",1
"TGACTTTTCTGCCCTA-1",2
"TGAGAGGAGGCTCATT-1",0
"TGAGAGGCAAAGTCAA-1",1
"TGAGAGGCAAGCCATT-1",0
"TGAGAGGCACCATGTA-1",0
"TGAGAGGGTCACTGGC-1",0
"TGAGAGGGTCTAAACC-1",1
"TGAGAGGTCGAACTGT-1",1
"TGAGAGGTCGCGTTTC-1",1
"TGAGAGGTCTGACCTC-1",1
"TGAGCATAGAAACGAG-1",5
"TGAGCATAGAAGCCCA-1",0
"TGAGCATAGATGTCGG-1",1
"TGAGCATAGGAATGGA-1",1
"TGAGCATCACCAGGCT-1",9
"TGAGCATCAGATGAGC-1",3
"TGAGCATCAGCGTAAG-1",5
"TGAGCATCAGCTGTAT-1",6
"TGAGCATGTGGCCCTA-1",2
"TGAGCATTCCACGTTC-1",3
"TGAGCATTCCGATATG-1",2
"TGAGCATTCGGCCGAT-1",3
"TGAGCCGCATCGGGTC-1",2
"TGAGCCGGTCGAACAG-1",3
"TGAGCCGGTGTAATGA-1",4
"TGAGCCGGTTGATTCG-1",2
"TGAGCCGTCATCTGCC-1",1
"TGAGCCGTCGTCACGG-1",0
"TGAGCCGTCTTGAGGT-1",5
"TGAGGGAAGAGACTAT-1",2
"TGAGGGAAGGAGTACC-1",1
"TGAGGGAAGTCATCCA-1",0
"TGAGGGAAGTCATGCT-1",2
"TGAGGGACACCAGTTA-1",0
"TGAGGGACATAAGACA-1",0
"TGAGGGAGTAAACGCG-1",4
"TGAGGGAGTTAGGGTG-1",2
"TGAGGGATCAACGGGA-1",6
"TGAGGGATCTAGCACA-1",0
"TGAGGGATCTCTTATG-1",2
"TGATTTCCATCCGGGT-1",7
"TGATTTCGTAGGCATG-1",0
"TGATTTCGTTAAGACA-1",3
"TGATTTCTCTGATTCT-1",0
"TGCACCTAGACCTTTG-1",3
"TGCACCTAGGACGAAA-1",1
"TGCACCTCAAGTTGTC-1",1
"TGCACCTCAATAGAGT-1",2
"TGCACCTCATCCGGGT-1",3
"TGCACCTGTAATCACC-1",2
"TGCACCTGTCACACGC-1",4
"TGCACCTTCACGGTTA-1",2
"TGCACCTTCATCGGAT-1",2
"TGCACCTTCCGCGGTA-1",2
"TGCACCTTCGAACTGT-1",3
"TGCACCTTCTCTTGAT-1",0
"TGCCAAACAATGTAAG-1",1
"TGCCAAACAATTCCTT-1",3
"TGCCAAAGTTCGCGAC-1",1
"TGCCAAATCCAAACTG-1",7
"TGCCAAATCCCTGACT-1",0
"TGCCAAATCGGCGGTT-1",4
"TGCCCATAGACTAGGC-1",3
"TGCCCATAGCGTCAAG-1",1
"TGCCCATAGCGTGAAC-1",4
"TGCCCATAGCTGTTCA-1",2
"TGCCCATAGGATGGAA-1",4
"TGCCCATAGTACGCCC-1",1
"TGCCCATAGTTGAGTA-1",2
"TGCCCATCACCAGGTC-1",0
"TGCCCATCACGAAATA-1",6
"TGCCCATCAGGACGTA-1",2
"TGCCCATCATGGAATA-1",1
"TGCCCATCATGGATGG-1",1
"TGCCCATGTAGCCTCG-1",6
"TGCCCATTCAAACCGT-1",4
"TGCCCATTCAGGCCCA-1",0
"TGCCCATTCCTTCAAT-1",1
"TGCCCATTCGGAAATA-1",2
"TGCCCTAAGGTCGGAT-1",0
"TGCCCTAAGGTTCCTA-1",3
"TGCCCTACACCACCAG-1",1
"TGCCCTACAGCCACCA-1",1
"TGCCCTACAGTGAGTG-1",1
"TGCCCTAGTCCGAGTC-1",3
"TGCCCTAGTGGTTTCA-1",1
"TGCCCTAGTTTCGCTC-1",5
"TGCCCTATCGACGGAA-1",3
"TGCCCTATCTTCGGTC-1",3
"TGCGCAGAGACTAGGC-1",0
"TGCGCAGAGCACACAG-1",0
"TGCGCAGAGCGTCTAT-1",4
"TGCGCAGAGGAGCGAG-1",0
"TGCGCAGCAAACGTGG-1",5
"TGCGCAGCAGCTCGCA-1",2
"TGCGCAGCAGTAGAGC-1",1
"TGCGCAGTCCTACAGA-1",0
"TGCGGGTAGAGACTTA-1",2
"TGCGGGTAGATCGATA-1",1
"TGCGGGTAGCTCTCGG-1",2
"TGCGGGTAGGTGTGGT-1",3
"TGCGGGTAGTACTTGC-1",1
"TGCGGGTCAATGGAAT-1",5
"TGCGGGTCACACGCTG-1",2
"TGCGGGTCATTGGGCC-1",0
"TGCGGGTGTAGAAAGG-1",7
"TGCGGGTGTCACCTAA-1",2
"TGCGGGTGTCAGATAA-1",1
"TGCGGGTGTTAGAACA-1",3
"TGCGGGTTCAGTTCGA-1",1
"TGCGGGTTCGTAGATC-1",3
"TGCGGGTTCTCTTGAT-1",1
"TGCGTGGAGACGCAAC-1",0
"TGCGTGGAGACTGGGT-1",3
"TGCGTGGAGTGAACGC-1",1
"TGCGTGGCAATTCCTT-1",3
"TGCGTGGGTGCACCAC-1",1
"TGCGTGGTCCGCGCAA-1",0
"TGCGTGGTCGCCCTTA-1",3
"TGCGTGGTCTGGCGAC-1",1
"TGCTACCAGAAAGTGG-1",3
"TGCTACCAGATGGCGT-1",5
"TGCTACCAGCAAATCA-1",0
"TGCTACCAGTCCGTAT-1",1
"TGCTACCCAAGAGGCT-1",0
"TGCTACCCACTTAACG-1",1
"TGCTACCCATCGTCGG-1",3
"TGCTACCCATGGTTGT-1",1
"TGCTACCGTGTGACGA-1",1
"TGCTACCTCCTCGCAT-1",4
"TGCTACCTCTTCTGGC-1",1
"TGCTGCTAGACTAAGT-1",0
"TGCTGCTAGGTGATAT-1",0
"TGCTGCTCAATAGAGT-1",1
"TGCTGCTCACAGACAG-1",5
"TGCTGCTCATCCCATC-1",2
"TGCTGCTCATGGTTGT-1",1
"TGCTGCTGTCATACTG-1",0
"TGCTGCTGTGAAGGCT-1",0
"TGCTGCTTCATTGCGA-1",1
"TGGACGCAGAGGTACC-1",1
"TGGACGCAGTCAAGGC-1",0
"TGGACGCCACAGAGGT-1",2
"TGGACGCCATGGTAGG-1",0
"TGGACGCGTCCGAACC-1",1
"TGGACGCGTCTCCCTA-1",1
"TGGCCAGAGAAGGTGA-1",2
"TGGCCAGAGAGTACAT-1",0
"TGGCCAGAGGCGATAC-1",3
"TGGCCAGAGGCGTACA-1",2
"TGGCCAGCAACTGCGC-1",0
"TGGCCAGCACGACTCG-1",4
"TGGCCAGGTCAATACC-1",5
"TGGCCAGTCGTAGATC-1",4
"TGGCCAGTCTATCCCG-1",7
"TGGCGCAAGCTACCTA-1",1
"TGGCGCAAGCTATGCT-1",0
"TGGCGCAAGTGTGGCA-1",1
"TGGCGCAAGTTACCCA-1",3
"TGGCGCACACAGGCCT-1",3
"TGGCGCACACGGATAG-1",1
"TGGCGCACAGCGATCC-1",1
"TGGCGCACATAGGATA-1",0
"TGGCGCACATATACGC-1",3
"TGGCGCAGTACTCTCC-1",1
"TGGCGCAGTGGACGAT-1",5
"TGGCGCAGTTATGTGC-1",3
"TGGCGCATCAAGAAGT-1",0
"TGGCGCATCATGCTCC-1",4
"TGGCGCATCATGTGGT-1",2
"TGGCGCATCATTATCC-1",4
"TGGCGCATCGTGGTCG-1",1
"TGGCTGGAGCGGATCA-1",1
"TGGCTGGAGTGCAAGC-1",3
"TGGCTGGCAAGTTAAG-1",4
"TGGCTGGCACGGATAG-1",1
"TGGCTGGCAGGAACGT-1",0
"TGGCTGGGTCGAGTTT-1",2
"TGGCTGGGTCGGCATC-1",1
"TGGCTGGGTCTAGCCG-1",1
"TGGCTGGGTTACGCGC-1",3
"TGGCTGGGTTGGACCC-1",0
"TGGCTGGTCTCGTTTA-1",0
"TGGGAAGAGATATACG-1",1
"TGGGAAGAGCCCAATT-1",0
"TGGGAAGAGCGCTCCA-1",1
"TGGGAAGAGGGCTTCC-1",1
"TGGGAAGAGTAAGTAC-1",15
"TGGGAAGAGTTAACGA-1",0
"TGGGAAGCAAGGTGTG-1",2
"TGGGAAGCAGATCCAT-1",4
"TGGGAAGCAGCGAACA-1",2
"TGGGAAGGTAAGTTCC-1",0
"TGGGAAGGTTAGATGA-1",1
"TGGGAAGGTTATTCTC-1",6
"TGGGAAGTCCCAAGAT-1",0
"TGGGAAGTCCTTCAAT-1",2
"TGGGAAGTCGTGGACC-1",1
"TGGGAAGTCTCCTATA-1",6
"TGGGCGTAGTCTCCTC-1",2
"TGGGCGTCAGACGTAG-1",2
"TGGGCGTCAGGGATTG-1",0
"TGGGCGTGTCCAAGTT-1",2
"TGGGCGTGTCTAGAGG-1",2
"TGGGCGTGTGGCTCCA-1",4
"TGGGCGTGTTTCGCTC-1",0
"TGGGCGTTCAGCTTAG-1",1
"TGGTTAGAGCTACCTA-1",4
"TGGTTAGAGTTAGGTA-1",2
"TGGTTAGGTGATGATA-1",1
"TGGTTAGGTTCACGGC-1",5
"TGGTTAGTCCCGACTT-1",1
"TGGTTAGTCTTGTATC-1",2
"TGGTTCCAGCCGTCGT-1",3
"TGGTTCCAGTAATCCC-1",3
"TGGTTCCCAAGTTGTC-1",8
"TGGTTCCCAGACAAAT-1",0
"TGGTTCCCAGACAGGT-1",4
"TGGTTCCCAGCTCGAC-1",3
"TGGTTCCCATGTCCTC-1",3
"TGGTTCCCATTTCACT-1",5
"TGGTTCCGTCCAAGTT-1",1
"TGGTTCCTCACATACG-1",0
"TGGTTCCTCAGCTTAG-1",2
"TGGTTCCTCTAACTTC-1",1
"TGGTTCCTCTAGAGTC-1",1
"TGGTTCCTCTGGGCCA-1",3
"TGTATTCAGCCCGAAA-1",0
"TGTATTCAGCGATCCC-1",0
"TGTATTCCAGGGCATA-1",0
"TGTATTCGTAAGAGAG-1",1
"TGTATTCGTTTGTTTC-1",2
"TGTATTCTCAGCATGT-1",5
"TGTATTCTCATCTGTT-1",2
"TGTCCCAAGCAGATCG-1",3
"TGTCCCAAGCTAGTTC-1",2
"TGTCCCAAGCTGAACG-1",4
"TGTCCCAAGTTGTCGT-1",2
"TGTCCCACAGTAAGCG-1",3
"TGTCCCACATCACGTA-1",2
"TGTCCCAGTAAGAGGA-1",2
"TGTCCCAGTAAGTGGC-1",0
"TGTCCCAGTCGGATCC-1",2
"TGTCCCAGTCTCTTTA-1",0
"TGTCCCATCATTTGGG-1",1
"TGTCCCATCTGCAAGT-1",2
"TGTCCCATCTGCGTAA-1",4
"TGTGGTAGTCCCGACA-1",6
"TGTGGTAGTGTGAAAT-1",2
"TGTGGTAGTGTGACGA-1",3
"TGTGGTATCCAGGGCT-1",0
"TGTGGTATCTTGCATT-1",2
"TGTGTTTAGAGGTTAT-1",3
"TGTGTTTAGCGTGAGT-1",2
"TGTGTTTAGTGCGTGA-1",5
"TGTGTTTCATGCGCAC-1",2
"TGTGTTTTCTCATTCA-1",2
"TGTGTTTTCTTTCCTC-1",1
"TGTTCCGAGAGCAATT-1",1
"TGTTCCGAGCAACGGT-1",1
"TGTTCCGAGGAATTAC-1",6
"TGTTCCGAGGACTGGT-1",2
"TGTTCCGCAGTGAGTG-1",0
"TGTTCCGGTGAGTATA-1",1
"TGTTCCGTCAAGCCTA-1",1
"TGTTCCGTCAGTTCGA-1",3
"TGTTCCGTCGGCGGTT-1",6
"TGTTCCGTCTGAAAGA-1",2
"TGTTCCGTCTGGTATG-1",0
"TTAACTCAGTGTACGG-1",3
"TTAACTCCAAGCGCTC-1",3
"TTAACTCCAGGCAGTA-1",0
"TTAACTCGTTCCACAA-1",0
"TTAACTCTCATAAAGG-1",0
"TTAACTCTCCCTCAGT-1",0
"TTAGGACAGCAGGCTA-1",2
"TTAGGACAGCTCTCGG-1",3
"TTAGGACCAAGCCATT-1",3
"TTAGGACCAGTCAGAG-1",3
"TTAGGACGTTTGTTTC-1",3
"TTAGGCAAGAAGATTC-1",8
"TTAGGCAAGAGCCCAA-1",2
"TTAGGCAAGAGTGACC-1",1
"TTAGGCAAGGTTCCTA-1",1
"TTAGGCAAGTCGTTTG-1",5
"TTAGGCAAGTGTACCT-1",0
"TTAGGCACAGACGCTC-1",0
"TTAGGCACATGTTCCC-1",1
"TTAGGCAGTAAGGATT-1",0
"TTAGGCAGTAAGTAGT-1",1
"TTAGGCAGTCTTGATG-1",2
"TTAGGCATCACGCATA-1",5
"TTAGGCATCAGTCAGT-1",0
"TTAGGCATCCAGTATG-1",0
"TTAGGCATCGTTACGA-1",0
"TTAGTTCAGGTGCAAC-1",5
"TTAGTTCCAATGTAAG-1",0
"TTAGTTCCATCCTTGC-1",6
"TTAGTTCGTAGCCTAT-1",0
"TTAGTTCGTGCAGACA-1",0
"TTAGTTCGTGTCAATC-1",0
"TTAGTTCGTTGCCTCT-1",4
"TTAGTTCTCAGGCCCA-1",5
"TTAGTTCTCGCAGGCT-1",4
"TTAGTTCTCTACTATC-1",2
"TTATGCTAGAATGTGT-1",2
"TTATGCTAGCACACAG-1",2
"TTATGCTAGCAGCCTC-1",6
"TTATGCTAGTCCCACG-1",3
"TTATGCTAGTGGTAAT-1",2
"TTATGCTCAGCCAGAA-1",3
"TTATGCTCATACCATG-1",0
"TTATGCTCATGTAGTC-1",1
"TTATGCTGTCCGAGTC-1",1
"TTATGCTTCGATAGAA-1",2
"TTCCCAGAGAATTCCC-1",1
"TTCCCAGAGACTAGAT-1",6
"TTCCCAGAGTATCGAA-1",3
"TTCCCAGCAGATGGGT-1",2
"TTCCCAGCATCAGTAC-1",0
"TTCCCAGCATCTCCCA-1",3
"TTCCCAGCATTACCTT-1",0
"TTCCCAGTCAACACTG-1",2
"TTCCCAGTCGAGAGCA-1",0
"TTCGAAGAGTCTCAAC-1",3
"TTCGAAGCAAGCGCTC-1",1
"TTCGAAGCACATTAGC-1",3
"TTCGAAGCACGGTGTC-1",1
"TTCGGTCAGAGGACGG-1",1
"TTCGGTCAGCACACAG-1",4
"TTCGGTCAGGCCCTCA-1",7
"TTCGGTCAGTGAATTG-1",2
"TTCGGTCAGTTGAGAT-1",4
"TTCGGTCCAAGGGTCA-1",5
"TTCGGTCCACGTCAGC-1",2
"TTCGGTCGTAACGTTC-1",0
"TTCGGTCGTAGAGTGC-1",1
"TTCGGTCGTTCATGGT-1",1
"TTCGGTCGTTCTGTTT-1",1
"TTCGGTCTCAAAGACA-1",0
"TTCGGTCTCCAGTATG-1",1
"TTCGGTCTCGCGTTTC-1",2
"TTCGGTCTCGTCTGAA-1",2
"TTCTACAAGACTAAGT-1",1
"TTCTACAAGCAGCCTC-1",0
"TTCTACAAGCCTTGAT-1",2
"TTCTACAAGGCAGGTT-1",1
"TTCTACAAGGTAAACT-1",1
"TTCTACAAGTTAGGTA-1",1
"TTCTACACACGTGAGA-1",4
"TTCTACACAGCTGTTA-1",1
"TTCTACACATCGATTG-1",1
"TTCTACACATTACGAC-1",2
"TTCTACAGTACCGTTA-1",6
"TTCTACAGTATATGAG-1",1
"TTCTACAGTGGCTCCA-1",1
"TTCTACATCAACGGGA-1",1
"TTCTACATCCGCGTTT-1",1
"TTCTCAAAGAAAGTGG-1",2
"TTCTCAAAGAATCTCC-1",4
"TTCTCAAAGAGGTTAT-1",2
"TTCTCAAAGCAGCCTC-1",2
"TTCTCAAAGCCGCCTA-1",3
"TTCTCAAAGTCAATAG-1",0
"TTCTCAAAGTTGAGAT-1",5
"TTCTCAACACCCAGTG-1",0
"TTCTCAACATTGTGCA-1",1
"TTCTCAAGTATAAACG-1",1
"TTCTCAAGTCCCTTGT-1",2
"TTCTCAAGTCGAGATG-1",2
"TTCTCAATCATCGCTC-1",2
"TTCTCAATCCCTAACC-1",6
"TTCTCAATCGTAGGAG-1",2
"TTCTCCTAGAGTAAGG-1",2
"TTCTCCTAGCGACGTA-1",1
"TTCTCCTAGCGTGAGT-1",2
"TTCTCCTAGTCTCGGC-1",1
"TTCTCCTCAACACGCC-1",0
"TTCTCCTCAATAACGA-1",6
"TTCTCCTGTTAAGAAC-1",1
"TTCTCCTTCAGTTCGA-1",2
"TTCTCCTTCCGTAGGC-1",4
"TTCTCCTTCCTTTCTC-1",5
"TTCTCCTTCTGCAAGT-1",3
"TTCTCCTTCTTCAACT-1",3
"TTCTCCTTCTTGTACT-1",1
"TTCTTAGAGGACTGGT-1",1
"TTCTTAGCAAGGTGTG-1",2
"TTCTTAGCATCGGAAG-1",3
"TTCTTAGGTAGAAGGA-1",3
"TTCTTAGGTCATATGC-1",1
"TTCTTAGTCAGTTCGA-1",2
"TTGAACGGTCACTTCC-1",0
"TTGAACGTCATGTCCC-1",2
"TTGACTTAGCCACGTC-1",2
"TTGACTTAGCGACGTA-1",3
"TTGACTTAGTTAACGA-1",1
"TTGACTTCACTTACGA-1",2
"TTGACTTGTCTCTCTG-1",1
"TTGACTTGTGCGATAG-1",3
"TTGACTTTCCAGAGGA-1",3
"TTGACTTTCTGTCCGT-1",1
"TTGCCGTAGGAGCGTT-1",2
"TTGCCGTAGGTGGGTT-1",2
"TTGCCGTCATGGTCAT-1",3
"TTGCCGTGTACAGACG-1",0
"TTGCGTCAGACAGAGA-1",1
"TTGCGTCAGCTCCTTC-1",0
"TTGCGTCAGTCCATAC-1",1
"TTGCGTCAGTGAATTG-1",2
"TTGCGTCCAAATTGCC-1",0
"TTGCGTCCACTGTGTA-1",1
"TTGCGTCCAGTCACTA-1",1
"TTGCGTCGTCTGATTG-1",2
"TTGGAACAGCCCAATT-1",6
"TTGGAACAGCGTCTAT-1",3
"TTGGAACAGGCGTACA-1",0
"TTGGAACGTATTACCG-1",1
"TTGGAACGTGTGTGCC-1",2
"TTGGAACTCCCATTAT-1",4
"TTGGAACTCCGTAGTA-1",1
"TTGGAACTCGTCCAGG-1",1
"TTGGCAAAGTTAGGTA-1",4
"TTGGCAAGTATAGGTA-1",4
"TTGGCAATCACATGCA-1",2
"TTGGCAATCAGAGCTT-1",1
"TTGGCAATCGCATGAT-1",2
"TTGGCAATCTAGAGTC-1",3
"TTGTAGGAGGTGCTAG-1",2
"TTGTAGGCACACGCTG-1",5
"TTGTAGGGTCTCCCTA-1",2
"TTGTAGGGTGGTAACG-1",0
"TTGTAGGTCGGCGCTA-1",3
"TTGTAGGTCTGCCAGG-1",2
"TTTACTGAGATCACGG-1",1
"TTTACTGCAAAGCAAT-1",1
"TTTACTGCACATGGGA-1",1
"TTTACTGCACCACGTG-1",0
"TTTACTGCATGGGACA-1",1
"TTTACTGCATGTCCTC-1",0
"TTTACTGGTAACGTTC-1",2
"TTTACTGGTGGTGTAG-1",2
"TTTACTGGTTCGCTAA-1",1
"TTTACTGTCTGGAGCC-1",6
"TTTATGCAGACTGTAA-1",2
"TTTATGCAGATGCGAC-1",0
"TTTATGCAGGCAAAGA-1",5
"TTTATGCAGGCCCGTT-1",3
"TTTATGCAGTTCCACA-1",7
"TTTATGCCAAACGCGA-1",1
"TTTATGCCAATCTGCA-1",2
"TTTATGCCACAGGTTT-1",0
"TTTATGCCAGCCAATT-1",2
"TTTATGCCAGGTCGTC-1",10
"TTTATGCCATGGTCAT-1",0
"TTTATGCTCACATAGC-1",0
"TTTATGCTCACCTTAT-1",6
"TTTATGCTCGGCGGTT-1",1
"TTTATGCTCTCGCTTG-1",1
"TTTCCTCAGCGTGAAC-1",1
"TTTCCTCAGGACTGGT-1",2
"TTTCCTCCAAAGTGCG-1",2
"TTTCCTCCAGGAATGC-1",0
"TTTCCTCCATTAGCCA-1",1
"TTTCCTCGTCCGAAGA-1",3
"TTTCCTCGTCGCTTTC-1",1
"TTTCCTCTCGGCCGAT-1",1
"TTTCCTCTCGTGTAGT-1",1
"TTTGCGCAGCTAAACA-1",1
"TTTGCGCAGCTAGTCT-1",1
"TTTGCGCAGGCCGAAT-1",4
"TTTGCGCAGTCAAGGC-1",0
"TTTGCGCCAAGTAGTA-1",0
"TTTGCGCCAGGTGCCT-1",4
"TTTGCGCGTCTAAACC-1",0
"TTTGCGCTCAAAGTAG-1",5
"TTTGCGCTCATGTAGC-1",0
"TTTGGTTAGAATGTGT-1",3
"TTTGGTTAGACAATAC-1",12
"TTTGGTTAGCGATTCT-1",1
"TTTGGTTAGGCTCAGA-1",0
"TTTGGTTAGTTACCCA-1",0
"TTTGGTTCAAACTGCT-1",4
"TTTGGTTCAAGCTGTT-1",5
"TTTGGTTCAGATCGGA-1",2
"TTTGGTTCATCACAAC-1",3
"TTTGGTTGTACTTCTT-1",6
"TTTGGTTGTATGCTTG-1",0
"TTTGGTTGTGCTTCTC-1",0
"TTTGGTTTCATGCTCC-1",2
"TTTGGTTTCCCTGACT-1",3
"TTTGTCAAGAGTCGGT-1",1
"TTTGTCACAAGTTCTG-1",3
"TTTGTCACAAGTTGTC-1",1
"TTTGTCACACTCTGTC-1",2
"TTTGTCATCACCTTAT-1",0
"TTTGTCATCCATTCTA-1",2
"TTTGTCATCCTTAATC-1",3
"TTTGTCATCTTATCTG-1",2
