"cell_barcode","expression"
"AAACCTGAGACAGAGA-1",13
"AAACCTGAGACTTTCG-1",1
"AAACCTGAGAGTAAGG-1",5
"AAACCTGAGAGTCGGT-1",2
"AAACCTGAGGATGGAA-1",5
"AAACCTGAGTAGATGT-1",5
"AAACCTGCAATCAGAA-1",2
"AAACCTGCACCGATAT-1",2
"AAACCTGCAGACGTAG-1",3
"AAACCTGCAGTATCTG-1",4
"AAACCTGCATAGTAAG-1",1
"AAACCTGCATGAACCT-1",0
"AAACCTGGTAAGAGGA-1",8
"AAACCTGGTCCAACTA-1",11
"AAACCTGTCCGTAGTA-1",15
"AAACCTGTCGAGAGCA-1",11
"AAACGGGAGTACGACG-1",3
"AAACGGGCAAGGTTTC-1",4
"AAACGGGCACGTCAGC-1",2
"AAACGGGCAGCGTTCG-1",4
"AAACGGGGTAGCCTCG-1",7
"AAACGGGGTCTACCTC-1",6
"AAACGGGGTGCGGTAA-1",2
"AAACGGGGTTGTCGCG-1",6
"AAACGGGTCCATGAGT-1",8
"AAACGGGTCCCAACGG-1",2
"AAACGGGTCCCATTAT-1",7
"AAAGATGCAGTCAGCC-1",4
"AAAGATGCATCTACGA-1",5
"AAAGCAAAGCGTCTAT-1",8
"AAAGCAACATGTCGAT-1",1
"AAAGCAAGTAGCTGCC-1",2
"AAAGCAAGTAGGCATG-1",0
"AAAGCAAGTGCGCTTG-1",5
"AAAGCAAGTTATTCTC-1",6
"AAAGCAATCCGTAGTA-1",2
"AAAGTAGAGATGTGTA-1",5
"AAAGTAGAGTGGGCTA-1",3
"AAAGTAGGTATATGGA-1",9
"AAAGTAGGTGAGCGAT-1",1
"AAAGTAGGTTGAGGTG-1",2
"AAATGCCAGCCCTAAT-1",8
"AAATGCCAGCGTGTCC-1",3
"AAATGCCCAACACCTA-1",5
"AAATGCCGTAGGAGTC-1",3
"AAATGCCGTCTTTCAT-1",5
"AAATGCCGTGGTCCGT-1",0
"AAATGCCGTTCCCGAG-1",6
"AAATGCCTCATAGCAC-1",4
"AAATGCCTCGCTTAGA-1",4
"AACACGTAGAATTCCC-1",7
"AACACGTAGCCCTAAT-1",2
"AACACGTAGGGTGTGT-1",1
"AACACGTCACTGTCGG-1",4
"AACACGTCATCCCATC-1",5
"AACACGTGTGCAACGA-1",3
"AACACGTGTGTCGCTG-1",5
"AACCATGAGCGCTTAT-1",0
"AACCATGGTCCGTTAA-1",1
"AACCATGTCAGTTCGA-1",2
"AACCATGTCATCGATG-1",5
"AACCATGTCCCAAGTA-1",5
"AACCGCGAGAAGCCCA-1",0
"AACCGCGAGACTGGGT-1",7
"AACCGCGAGAGGTACC-1",1
"AACCGCGAGTTAGGTA-1",6
"AACCGCGAGTTGCAGG-1",1
"AACCGCGCACGGTAGA-1",5
"AACCGCGCAGCATGAG-1",20
"AACCGCGCAGCCTGTG-1",4
"AACCGCGCAGCTGTGC-1",2
"AACCGCGCAGTATGCT-1",4
"AACCGCGGTACTTGAC-1",5
"AACCGCGGTCTGCAAT-1",5
"AACCGCGTCACATGCA-1",3
"AACCGCGTCACCGTAA-1",2
"AACCGCGTCCAGAGGA-1",1
"AACCGCGTCCGAAGAG-1",1
"AACCGCGTCGATCCCT-1",1
"AACGTTGAGCGATAGC-1",5
"AACGTTGAGCGATCCC-1",0
"AACGTTGAGCTTATCG-1",2
"AACGTTGCAAGTTGTC-1",9
"AACGTTGCAATAGAGT-1",6
"AACGTTGCAATGGATA-1",0
"AACGTTGCATGGATGG-1",3
"AACGTTGCATTCTCAT-1",2
"AACGTTGTCAACACGT-1",19
"AACGTTGTCGAGGTAG-1",1
"AACGTTGTCGGTCCGA-1",8
"AACTCAGAGAGCTATA-1",8
"AACTCAGAGAGTCGGT-1",5
"AACTCAGAGCCACCTG-1",6
"AACTCAGAGCCCAATT-1",7
"AACTCAGCAAACAACA-1",2
"AACTCAGCACAAGCCC-1",2
"AACTCAGCACGGTTTA-1",7
"AACTCAGCAGGATCGA-1",18
"AACTCAGCATAAAGGT-1",5
"AACTCAGGTTCCACAA-1",5
"AACTCAGTCGTACCGG-1",3
"AACTCCCAGCCCAGCT-1",3
"AACTCCCAGCTAAGAT-1",8
"AACTCCCCAAACGCGA-1",3
"AACTCCCCATGGTCTA-1",7
"AACTCCCGTTGCGCAC-1",3
"AACTCCCTCAAGAAGT-1",19
"AACTCCCTCAAGCCTA-1",2
"AACTCCCTCATCGCTC-1",4
"AACTCCCTCTGCAGTA-1",5
"AACTCCCTCTGGCGTG-1",6
"AACTCTTAGCAGACTG-1",1
"AACTCTTAGTCCGGTC-1",0
"AACTCTTCATGCTAGT-1",1
"AACTCTTGTCGAATCT-1",4
"AACTCTTGTCGGGTCT-1",4
"AACTCTTTCCTCAATT-1",2
"AACTCTTTCTCAAACG-1",6
"AACTCTTTCTCCAGGG-1",4
"AACTCTTTCTCTGCTG-1",2
"AACTGGTAGAAGATTC-1",0
"AACTGGTAGAGACTAT-1",2
"AACTGGTAGCCAACAG-1",1
"AACTGGTAGTGTACTC-1",0
"AACTGGTCACTGAAGG-1",7
"AACTGGTGTCCGAACC-1",5
"AACTGGTTCGGAGCAA-1",5
"AACTGGTTCGTGGGAA-1",0
"AACTGGTTCTGCTTGC-1",1
"AACTTTCAGCGTGAAC-1",2
"AACTTTCAGTATCTCG-1",1
"AACTTTCAGTTTCCTT-1",3
"AACTTTCCATCCTTGC-1",2
"AACTTTCGTCTAGAGG-1",0
"AACTTTCGTCTCTTTA-1",1
"AACTTTCGTTTGTTTC-1",6
"AAGACCTAGGGCTTCC-1",4
"AAGACCTAGTACACCT-1",2
"AAGACCTGTATATGAG-1",2
"AAGACCTGTATCAGTC-1",2
"AAGACCTGTCCGTGAC-1",7
"AAGACCTGTCGAAAGC-1",2
"AAGACCTTCGCCATAA-1",0
"AAGCCGCAGATCTGAA-1",6
"AAGCCGCAGGGTGTTG-1",2
"AAGCCGCAGTGGACGT-1",4
"AAGCCGCAGTGTACTC-1",5
"AAGCCGCCACGCTTTC-1",3
"AAGCCGCCAGGACGTA-1",2
"AAGCCGCGTACAGTTC-1",4
"AAGCCGCGTCATTAGC-1",5
"AAGCCGCTCACGAAGG-1",3
"AAGCCGCTCAGTTAGC-1",2
"AAGCCGCTCGCAAACT-1",1
"AAGCCGCTCGTCGTTC-1",11
"AAGCCGCTCTTACCGC-1",6
"AAGGAGCAGAAACCGC-1",2
"AAGGAGCAGGCATGTG-1",5
"AAGGAGCAGGCGCTCT-1",5
"AAGGAGCAGTTGAGTA-1",5
"AAGGAGCCACGGCGTT-1",2
"AAGGAGCGTAGCGCAA-1",7
"AAGGAGCGTCTGCAAT-1",1
"AAGGAGCTCGTCTGCT-1",2
"AAGGCAGAGAACTGTA-1",4
"AAGGCAGAGAGATGAG-1",0
"AAGGCAGAGGTGATAT-1",1
"AAGGCAGCATAGTAAG-1",3
"AAGGCAGGTACTTCTT-1",0
"AAGGCAGGTGTGCCTG-1",6
"AAGGCAGTCAGATAAG-1",7
"AAGGCAGTCGGAATCT-1",4
"AAGGTTCAGTATCTCG-1",1
"AAGGTTCCATCACGTA-1",10
"AAGGTTCGTATATGGA-1",3
"AAGGTTCGTCCGAATT-1",4
"AAGGTTCGTCGACTAT-1",1
"AAGGTTCGTGTGACCC-1",2
"AAGGTTCTCCGTCATC-1",4
"AAGGTTCTCCTCGCAT-1",3
"AAGGTTCTCTGCGGCA-1",6
"AAGTCTGAGCCATCGC-1",6
"AAGTCTGAGTCAAGCG-1",1
"AAGTCTGCAAAGGAAG-1",7
"AAGTCTGGTCAGCTAT-1",3
"AAGTCTGTCAAACAAG-1",2
"AAGTCTGTCACTGGGC-1",6
"AAGTCTGTCAGCAACT-1",5
"AATCCAGCAAAGTGCG-1",5
"AATCCAGCAGCATACT-1",6
"AATCCAGGTAGGCATG-1",3
"AATCCAGGTCTCCCTA-1",0
"AATCCAGTCCGAATGT-1",9
"AATCGGTAGGCATGGT-1",4
"AATCGGTTCCTGTACC-1",4
"AATCGGTTCGCCGTGA-1",12
"ACACCAAAGATGAGAG-1",3
"ACACCAAAGCCCTAAT-1",2
"ACACCAAAGGATGGTC-1",3
"ACACCAAAGTGTCCAT-1",4
"ACACCAACACTTCGAA-1",3
"ACACCAACAGACGCTC-1",3
"ACACCAACAGCCTATA-1",5
"ACACCAAGTCGCGTGT-1",1
"ACACCAAGTCTAAACC-1",3
"ACACCAAGTTATGTGC-1",2
"ACACCAATCGCGTTTC-1",5
"ACACCCTAGCCAGGAT-1",6
"ACACCCTAGTACTTGC-1",9
"ACACCCTCAAGCGCTC-1",2
"ACACCCTCATCACAAC-1",6
"ACACCCTCATGCCCGA-1",4
"ACACCCTGTCTGGTCG-1",2
"ACACCCTTCCGCAAGC-1",17
"ACACCCTTCCTTGCCA-1",3
"ACACCCTTCTATCCTA-1",4
"ACACCCTTCTGGCGTG-1",0
"ACACCGGAGGCTCAGA-1",3
"ACACCGGAGTGACATA-1",3
"ACACCGGAGTTACCCA-1",6
"ACACCGGCAAGCCGTC-1",2
"ACACCGGCACCAGATT-1",10
"ACACCGGCACCGAAAG-1",1
"ACACCGGCATCACAAC-1",6
"ACACCGGTCCGCATAA-1",2
"ACACCGGTCTCGGACG-1",3
"ACACCGGTCTCTGTCG-1",4
"ACACTGAAGCACGCCT-1",0
"ACACTGAAGGTGATTA-1",5
"ACACTGACAATAGAGT-1",2
"ACACTGACAGACTCGC-1",16
"ACACTGACATCCAACA-1",4
"ACACTGAGTCCGAAGA-1",3
"ACACTGAGTGTTTGTG-1",1
"ACACTGAGTTTGACTG-1",11
"ACAGCCGAGGAATGGA-1",5
"ACAGCCGAGGCCCGTT-1",2
"ACAGCCGAGGTGCTTT-1",6
"ACAGCCGAGTGGTAGC-1",0
"ACAGCCGCATATACGC-1",4
"ACAGCCGCATGCAACT-1",11
"ACAGCCGGTAGGGTAC-1",3
"ACAGCCGGTCGAATCT-1",7
"ACAGCCGGTTCACCTC-1",11
"ACAGCCGGTTCCACTC-1",3
"ACAGCCGTCCAGAAGG-1",5
"ACAGCCGTCTTTACAC-1",8
"ACAGCTAAGCACCGCT-1",0
"ACAGCTAAGTATCTCG-1",1
"ACAGCTAAGTGTTGAA-1",6
"ACAGCTACATCGTCGG-1",2
"ACAGCTAGTCGACTAT-1",4
"ACAGCTAGTGGTACAG-1",6
"ACAGCTATCACCACCT-1",2
"ACAGCTATCTGCTTGC-1",6
"ACATACGAGAGCTTCT-1",0
"ACATACGAGCGTAGTG-1",3
"ACATACGAGCTTCGCG-1",3
"ACATACGAGCTTTGGT-1",5
"ACATACGCAAACGTGG-1",4
"ACATACGCAAGCCTAT-1",4
"ACATACGCATCTCCCA-1",1
"ACATACGCATTCTCAT-1",7
"ACATACGGTAGGAGTC-1",1
"ACATACGGTGCACCAC-1",8
"ACATACGGTGGTTTCA-1",4
"ACATACGTCGTATCAG-1",2
"ACATCAGAGCCACTAT-1",6
"ACATCAGAGCCTTGAT-1",2
"ACATCAGCAACACCCG-1",14
"ACATCAGCAACGATGG-1",3
"ACATCAGCAATTGCTG-1",1
"ACATCAGCACCGGAAA-1",16
"ACATCAGCATAAAGGT-1",1
"ACATCAGCATCCCACT-1",5
"ACATCAGCATTTGCCC-1",9
"ACATCAGGTAAGGATT-1",2
"ACATCAGGTCCGTGAC-1",5
"ACATCAGGTTAAGTAG-1",0
"ACATCAGTCAAACCGT-1",7
"ACATGGTAGCATGGCA-1",3
"ACATGGTAGCTGTTCA-1",3
"ACATGGTCACTTGGAT-1",3
"ACATGGTGTCAGATAA-1",3
"ACATGGTGTCTGCGGT-1",1
"ACATGGTGTGCAACTT-1",5
"ACATGGTTCCGCAAGC-1",2
"ACATGGTTCCTCCTAG-1",7
"ACATGGTTCTGGAGCC-1",5
"ACATGGTTCTTCTGGC-1",1
"ACCAGTAAGATCACGG-1",4
"ACCAGTAAGCTTCGCG-1",3
"ACCAGTACACAGATTC-1",2
"ACCAGTACACAGGCCT-1",5
"ACCAGTACAGTATGCT-1",1
"ACCAGTACAGTCAGAG-1",8
"ACCAGTACAGTTTACG-1",3
"ACCAGTAGTCACCCAG-1",1
"ACCAGTAGTCCATCCT-1",1
"ACCAGTAGTCTTCAAG-1",1
"ACCAGTAGTGGACGAT-1",4
"ACCAGTATCTGCGACG-1",3
"ACCAGTATCTGCTTGC-1",3
"ACCAGTATCTGTTTGT-1",5
"ACCCACTAGAGGTTAT-1",4
"ACCCACTAGATCCCGC-1",11
"ACCCACTAGATGTGTA-1",7
"ACCCACTAGCCCAATT-1",14
"ACCCACTCAAGGGTCA-1",2
"ACCCACTCAAGGTTCT-1",1
"ACCCACTGTAAATGAC-1",0
"ACCCACTGTAGCCTCG-1",1
"ACCCACTGTCAAAGAT-1",8
"ACCCACTGTCAATACC-1",2
"ACCCACTGTGTGGTTT-1",2
"ACCCACTTCGCAAACT-1",4
"ACCCACTTCTGCCAGG-1",7
"ACCGTAACAATCGGTT-1",2
"ACCGTAACAATCTACG-1",2
"ACCGTAACAGGTCCAC-1",3
"ACCGTAAGTACAGCAG-1",4
"ACCGTAAGTCATGCAT-1",1
"ACCGTAAGTGAGTGAC-1",2
"ACCGTAAGTTAAGAAC-1",2
"ACCGTAAGTTCCGTCT-1",4
"ACCGTAATCACATAGC-1",1
"ACCGTAATCATGTGGT-1",3
"ACCGTAATCTGAAAGA-1",2
"ACCTTTACAATCGGTT-1",2
"ACCTTTACACGGACAA-1",1
"ACCTTTACAGCAGTTT-1",1
"ACCTTTACATGCAACT-1",2
"ACCTTTACATTTCAGG-1",4
"ACCTTTAGTGAACCTT-1",3
"ACCTTTAGTTCCACTC-1",10
"ACCTTTATCTCTAGGA-1",4
"ACGAGCCAGGCAGGTT-1",5
"ACGAGCCCACAGGCCT-1",5
"ACGAGCCCATGGAATA-1",4
"ACGAGCCGTGCACGAA-1",5
"ACGAGCCGTGTGACCC-1",1
"ACGAGCCGTTGGTTTG-1",8
"ACGAGCCTCAGTCCCT-1",5
"ACGAGCCTCGCAAACT-1",2
"ACGAGGACACTACAGT-1",8
"ACGAGGACATGTAGTC-1",3
"ACGAGGAGTACACCGC-1",2
"ACGAGGAGTGCCTGCA-1",1
"ACGAGGAGTTCTGAAC-1",6
"ACGAGGATCTGCGGCA-1",3
"ACGATACAGAGTGACC-1",1
"ACGATACAGCGCCTTG-1",4
"ACGATACAGTGATCGG-1",5
"ACGATACCACGTTGGC-1",4
"ACGATACCATTGGGCC-1",13
"ACGATACGTCGAATCT-1",3
"ACGATACTCTGACCTC-1",7
"ACGATGTAGTGCGATG-1",7
"ACGATGTAGTTGAGAT-1",3
"ACGATGTCAACGCACC-1",5
"ACGATGTCACACGCTG-1",3
"ACGATGTGTATTCTCT-1",6
"ACGATGTGTCAGTGGA-1",1
"ACGATGTGTGACTACT-1",1
"ACGATGTGTGTCGCTG-1",1
"ACGATGTTCGCGTAGC-1",12
"ACGATGTTCTCTTATG-1",2
"ACGCAGCAGCGGCTTC-1",1
"ACGCAGCAGCTGCGAA-1",3
"ACGCAGCAGTGTACGG-1",4
"ACGCAGCCACCTCGTT-1",1
"ACGCAGCCATCGACGC-1",6
"ACGCAGCCATTACCTT-1",0
"ACGCAGCGTCCATGAT-1",4
"ACGCAGCGTCTACCTC-1",0
"ACGCAGCGTCTGGTCG-1",0
"ACGCAGCGTGCGATAG-1",0
"ACGCCAGCAAAGCAAT-1",4
"ACGCCAGCAACGCACC-1",3
"ACGCCAGCACGAGAGT-1",5
"ACGCCAGCAGTGAGTG-1",3
"ACGCCAGGTGCACTTA-1",9
"ACGCCAGGTGTGCGTC-1",1
"ACGCCAGTCACAGGCC-1",9
"ACGCCAGTCAGTGTTG-1",5
"ACGCCGAAGAAACGCC-1",2
"ACGCCGAAGATCTGCT-1",3
"ACGCCGACAGCCTGTG-1",1
"ACGCCGAGTTCCAACA-1",4
"ACGCCGATCCTATGTT-1",2
"ACGCCGATCGCAGGCT-1",10
"ACGCCGATCTTGTATC-1",3
"ACGGAGAAGCCAGTTT-1",0
"ACGGAGAAGGTCATCT-1",2
"ACGGAGACACACATGT-1",8
"ACGGAGACAGCCTGTG-1",2
"ACGGAGACAGCGTAAG-1",2
"ACGGAGACAGTAAGCG-1",7
"ACGGAGAGTGTGACGA-1",3
"ACGGAGATCCACGAAT-1",2
"ACGGCCACACATCCAA-1",2
"ACGGCCACACATTCGA-1",8
"ACGGCCAGTACCGTAT-1",3
"ACGGCCAGTGTATGGG-1",3
"ACGGCCATCACGGTTA-1",1
"ACGGCCATCAGTGTTG-1",1
"ACGGCCATCTACTATC-1",2
"ACGGGCTAGGATCGCA-1",4
"ACGGGCTAGGTTCCTA-1",1
"ACGGGCTAGTGGCACA-1",4
"ACGGGCTCATCTGGTA-1",1
"ACGGGCTGTGAGGCTA-1",4
"ACGGGCTTCCGAACGC-1",4
"ACGGGTCAGATGCCAG-1",5
"ACGGGTCCATGATCCA-1",16
"ACGGGTCCATTAGGCT-1",2
"ACGGGTCCATTTCACT-1",0
"ACGGGTCGTTAGGGTG-1",5
"ACGGGTCTCAACACCA-1",11
"ACGGGTCTCCACGCAG-1",3
"ACGTCAAAGGGCTTCC-1",3
"ACGTCAAAGTGGTAAT-1",9
"ACGTCAACAACTGCGC-1",3
"ACGTCAACACAAGACG-1",1
"ACGTCAAGTAGCTCCG-1",3
"ACGTCAAGTGTCGCTG-1",8
"ACGTCAAGTTATGCGT-1",2
"ACGTCAATCAACCAAC-1",1
"ACGTCAATCATAACCG-1",0
"ACGTCAATCCAGAAGG-1",6
"ACGTCAATCTAACTCT-1",0
"ACTATCTAGAGGTTAT-1",0
"ACTATCTAGATACACA-1",2
"ACTATCTAGGAGTAGA-1",2
"ACTATCTAGGCATGTG-1",2
"ACTATCTCAAATACAG-1",2
"ACTATCTCAAATTGCC-1",4
"ACTATCTGTAGGGACT-1",6
"ACTATCTGTCGCGTGT-1",6
"ACTATCTGTGCACGAA-1",5
"ACTATCTGTGGTTTCA-1",3
"ACTATCTTCGCCGTGA-1",2
"ACTGAACAGAGTGAGA-1",5
"ACTGAACAGATCCCGC-1",2
"ACTGAACAGGTGATAT-1",2
"ACTGAACCAAAGCGGT-1",0
"ACTGAACCAAGCGAGT-1",6
"ACTGAACCAATTCCTT-1",3
"ACTGAACCAGCTGGCT-1",1
"ACTGAACCAGTCTTCC-1",2
"ACTGAACCATTACCTT-1",1
"ACTGAACGTAAGCACG-1",5
"ACTGAACGTAATCGTC-1",0
"ACTGAACGTCCAGTAT-1",3
"ACTGAACGTCTGATCA-1",3
"ACTGAACTCCCACTTG-1",0
"ACTGAGTAGCCGGTAA-1",6
"ACTGAGTCAGTGGGAT-1",4
"ACTGAGTCATTTGCCC-1",9
"ACTGAGTGTAGAGCTG-1",8
"ACTGAGTGTTGTGGCC-1",1
"ACTGAGTTCAGGTTCA-1",1
"ACTGATGAGACAGACC-1",0
"ACTGATGAGCGGATCA-1",6
"ACTGATGAGGTGCTTT-1",4
"ACTGATGCAGCAGTTT-1",4
"ACTGATGCATCACAAC-1",7
"ACTGATGGTCATGCAT-1",5
"ACTGATGTCACAATGC-1",6
"ACTGATGTCACTCCTG-1",0
"ACTGATGTCCCTGACT-1",0
"ACTGATGTCCGCTGTT-1",0
"ACTGATGTCCGGCACA-1",6
"ACTGATGTCCTATTCA-1",1
"ACTGCTCAGAGCTTCT-1",3
"ACTGCTCAGATGCCTT-1",2
"ACTGCTCCACACCGCA-1",5
"ACTGCTCCAGATGGGT-1",0
"ACTGCTCCATGCCTAA-1",6
"ACTGCTCGTAGGCATG-1",1
"ACTGCTCGTATCACCA-1",2
"ACTGCTCGTCCGAAGA-1",1
"ACTGCTCTCCGAGCCA-1",5
"ACTGTCCAGAGGGCTT-1",4
"ACTGTCCAGCAGCGTA-1",3
"ACTGTCCAGGCATGGT-1",5
"ACTGTCCCAAGGTTTC-1",6
"ACTGTCCCAAGTACCT-1",4
"ACTGTCCCAGTATCTG-1",0
"ACTGTCCCATAGAAAC-1",3
"ACTGTCCGTTGAGGTG-1",7
"ACTGTCCTCCACGTGG-1",3
"ACTGTCCTCCTTGGTC-1",1
"ACTGTCCTCTCTGTCG-1",1
"ACTTACTAGCGATAGC-1",1
"ACTTACTAGGGATGGG-1",5
"ACTTACTCACAGACAG-1",0
"ACTTACTCACATTTCT-1",0
"ACTTACTGTACTCAAC-1",4
"ACTTACTGTTCCACAA-1",1
"ACTTACTTCATCGGAT-1",6
"ACTTGTTAGACAAGCC-1",3
"ACTTGTTAGCTAGCCC-1",0
"ACTTGTTAGTTACCCA-1",7
"ACTTGTTCACGACGAA-1",1
"ACTTGTTCACGGCTAC-1",4
"ACTTGTTGTATCGCAT-1",3
"ACTTGTTGTGGTAACG-1",4
"ACTTGTTGTTGTGGAG-1",5
"ACTTGTTTCATCACCC-1",4
"ACTTTCACATGGTCAT-1",4
"ACTTTCAGTGACTACT-1",2
"ACTTTCATCGCCAGCA-1",3
"AGAATAGAGCTGAACG-1",1
"AGAATAGAGCTGTCTA-1",4
"AGAATAGAGGTAGCTG-1",0
"AGAATAGCATGGTCTA-1",8
"AGAATAGGTAATCGTC-1",3
"AGAATAGGTATTCTCT-1",5
"AGAATAGGTGCGGTAA-1",0
"AGAATAGGTTAAGAAC-1",4
"AGAATAGTCAGGCCCA-1",7
"AGACGTTAGAATGTGT-1",3
"AGACGTTAGCTCCTCT-1",5
"AGACGTTAGTGCCAGA-1",1
"AGACGTTCAGGATCGA-1",3
"AGACGTTGTAGCTGCC-1",5
"AGACGTTGTCTGCAAT-1",3
"AGACGTTGTTCTGTTT-1",6
"AGACGTTTCGCATGGC-1",13
"AGACGTTTCGCTTAGA-1",3
"AGAGCGACAACTTGAC-1",3
"AGAGCGACAAGTACCT-1",4
"AGAGCGACACAACGTT-1",11
"AGAGCGACATGAGCGA-1",4
"AGAGCGAGTCAGTGGA-1",4
"AGAGCGAGTCGACTGC-1",3
"AGAGCGAGTTGAGTTC-1",0
"AGAGCGATCGCGTAGC-1",0
"AGAGCGATCTATCCTA-1",3
"AGAGCGATCTCGCTTG-1",7
"AGAGCTTAGCCGTCGT-1",9
"AGAGCTTAGTACACCT-1",0
"AGAGCTTAGTCATGCT-1",4
"AGAGCTTGTAGAGCTG-1",4
"AGAGCTTGTATCACCA-1",4
"AGAGCTTTCACTATTC-1",7
"AGAGCTTTCCTGCAGG-1",8
"AGAGCTTTCGCAAACT-1",2
"AGAGCTTTCGCTTAGA-1",1
"AGAGTGGAGAGCCTAG-1",4
"AGAGTGGAGGCCCTTG-1",2
"AGAGTGGAGGTACTCT-1",3
"AGAGTGGCACAAGACG-1",4
"AGAGTGGCACCTCGTT-1",3
"AGAGTGGCATCCGGGT-1",8
"AGAGTGGCATCTGGTA-1",3
"AGAGTGGGTCAGCTAT-1",6
"AGAGTGGGTCCTCCAT-1",6
"AGAGTGGGTCTAGTCA-1",1
"AGAGTGGGTTACCGAT-1",2
"AGATCTGAGGTGGGTT-1",2
"AGATCTGAGTCAAGGC-1",8
"AGATCTGCAATGTTGC-1",1
"AGATCTGTCGAATCCA-1",0
"AGATCTGTCTGCAGTA-1",0
"AGATTGCAGGCTACGA-1",3
"AGATTGCCACGACGAA-1",4
"AGATTGCCAGATGGGT-1",4
"AGATTGCGTAGAGCTG-1",6
"AGATTGCGTGATGTCT-1",0
"AGATTGCGTGTTCGAT-1",4
"AGATTGCGTTCACGGC-1",1
"AGATTGCTCACTGGGC-1",4
"AGATTGCTCATCTGTT-1",0
"AGCAGCCAGCTGATAA-1",3
"AGCAGCCCACCGAAAG-1",0
"AGCAGCCGTCGACTGC-1",1
"AGCAGCCGTCGCTTTC-1",1
"AGCAGCCGTCTAACGT-1",1
"AGCAGCCGTGTGAAAT-1",3
"AGCAGCCGTTTGTTGG-1",6
"AGCAGCCTCCAAACAC-1",3
"AGCATACAGTGGTAGC-1",3
"AGCATACAGTTGTCGT-1",2
"AGCATACGTCTTCTCG-1",3
"AGCATACGTTAAGTAG-1",4
"AGCATACTCCGTTGCT-1",2
"AGCCTAAAGATATGGT-1",5
"AGCCTAACAAAGCGGT-1",5
"AGCCTAACAGATAATG-1",0
"AGCCTAAGTACGAAAT-1",6
"AGCCTAAGTCACCTAA-1",1
"AGCCTAAGTGTGCCTG-1",1
"AGCCTAATCACCCGAG-1",2
"AGCCTAATCCAATGGT-1",1
"AGCCTAATCCTTGGTC-1",4
"AGCCTAATCTGTGCAA-1",3
"AGCCTAATCTGTTTGT-1",6
"AGCGGTCAGCGAAGGG-1",0
"AGCGGTCAGGTACTCT-1",11
"AGCGGTCAGTGACTCT-1",5
"AGCGGTCCAGCCTTGG-1",1
"AGCGGTCGTCCTAGCG-1",5
"AGCGGTCGTGGTGTAG-1",1
"AGCGGTCGTTAAGGGC-1",4
"AGCGGTCGTTTGCATG-1",3
"AGCGGTCTCCGAAGAG-1",7
"AGCGGTCTCCTCAATT-1",5
"AGCGGTCTCTGGGCCA-1",6
"AGCGTATAGAACTGTA-1",3
"AGCGTATAGCGATGAC-1",2
"AGCGTATAGGTACTCT-1",5
"AGCGTATGTTGAGGTG-1",3
"AGCGTATTCCAGAGGA-1",1
"AGCGTCGAGTTGAGTA-1",1
"AGCGTCGCAGGGATTG-1",9
"AGCGTCGTCTGAAAGA-1",3
"AGCTCCTAGACCTAGG-1",1
"AGCTCCTAGCGTTTAC-1",4
"AGCTCCTGTGTTTGTG-1",0
"AGCTCCTGTTGTCTTT-1",0
"AGCTCCTTCCGAATGT-1",14
"AGCTCCTTCTTGACGA-1",4
"AGCTCTCAGCGGATCA-1",9
"AGCTCTCAGCTGTTCA-1",13
"AGCTCTCAGGTGCTAG-1",7
"AGCTCTCCATACAGCT-1",5
"AGCTCTCGTCAGAGGT-1",11
"AGCTCTCGTGGGTCAA-1",3
"AGCTCTCTCACAACGT-1",11
"AGCTCTCTCTTGACGA-1",13
"AGCTTGAAGCATCATC-1",2
"AGCTTGAAGTAGCGGT-1",10
"AGCTTGAAGTTGTCGT-1",5
"AGCTTGACAATCCAAC-1",2
"AGCTTGACACCGATAT-1",2
"AGCTTGAGTCTACCTC-1",3
"AGCTTGAGTGCGCTTG-1",5
"AGCTTGAGTTACGCGC-1",8
"AGCTTGATCCTGCCAT-1",6
"AGCTTGATCTGCAAGT-1",0
"AGGCCACAGAGTAAGG-1",6
"AGGCCACAGGGTCTCC-1",5
"AGGCCACAGTACTTGC-1",16
"AGGCCACCAGGACCCT-1",0
"AGGCCACCATCAGTCA-1",5
"AGGCCACTCATGCTCC-1",1
"AGGCCACTCATGGTCA-1",3
"AGGCCACTCATTGCGA-1",3
"AGGCCGTAGGATCGCA-1",0
"AGGCCGTCACGTAAGG-1",0
"AGGCCGTCAGCTCGAC-1",0
"AGGCCGTCATCGTCGG-1",5
"AGGCCGTTCACGGTTA-1",17
"AGGCCGTTCGAACTGT-1",7
"AGGCCGTTCTCAAGTG-1",9
"AGGCCGTTCTGCTTGC-1",3
"AGGGAGTAGCCCAACC-1",3
"AGGGAGTAGGAGTACC-1",5
"AGGGAGTAGGCAGGTT-1",3
"AGGGAGTCACGAGAGT-1",24
"AGGGAGTCAGAAGCAC-1",9
"AGGGAGTCAGATCCAT-1",1
"AGGGAGTCATCGACGC-1",1
"AGGGAGTCATGCTAGT-1",3
"AGGGAGTGTCCATGAT-1",8
"AGGGAGTTCATAACCG-1",0
"AGGGATGAGCTCTCGG-1",8
"AGGGATGAGGAGTAGA-1",3
"AGGGATGAGTAGCGGT-1",4
"AGGGATGCAATGAATG-1",12
"AGGGATGCAATGGAGC-1",6
"AGGGATGCACAAGACG-1",3
"AGGGATGCACATTTCT-1",2
"AGGGATGCATGGTCTA-1",3
"AGGGATGGTTAAAGTG-1",2
"AGGGATGGTTATGCGT-1",5
"AGGGATGTCGTGACAT-1",4
"AGGGTGAAGATGGCGT-1",13
"AGGGTGAAGATGGGTC-1",5
"AGGGTGAAGGCTCAGA-1",6
"AGGGTGACACGAGAGT-1",3
"AGGGTGACAGATGGCA-1",4
"AGGGTGACAGATTGCT-1",0
"AGGGTGAGTACTCTCC-1",8
"AGGGTGAGTTATCGGT-1",1
"AGGGTGAGTTCTGAAC-1",7
"AGGGTGATCTCGCTTG-1",2
"AGGTCATAGAGCCCAA-1",5
"AGGTCATAGCCAGAAC-1",14
"AGGTCATAGGCATGGT-1",2
"AGGTCATAGGGAGTAA-1",2
"AGGTCATCACTCAGGC-1",0
"AGGTCATCACTCTGTC-1",2
"AGGTCATGTTCCACTC-1",6
"AGGTCATTCTCGTTTA-1",3
"AGGTCCGAGGATGCGT-1",1
"AGGTCCGCAACACGCC-1",4
"AGGTCCGGTGATGCCC-1",1
"AGGTCCGTCCATGAAC-1",10
"AGGTCCGTCGCCCTTA-1",0
"AGGTCCGTCTGCGTAA-1",2
"AGTAGTCAGACTGTAA-1",5
"AGTAGTCAGTACGACG-1",4
"AGTAGTCAGTTTAGGA-1",1
"AGTAGTCCAACTGGCC-1",3
"AGTAGTCGTGCAGACA-1",10
"AGTAGTCTCACCCGAG-1",2
"AGTCTTTAGGCAGTCA-1",2
"AGTCTTTCAAATCCGT-1",3
"AGTCTTTCATATACCG-1",3
"AGTCTTTGTGCTTCTC-1",6
"AGTCTTTGTGTCCTCT-1",9
"AGTCTTTGTTTGTTTC-1",3
"AGTCTTTTCGCAGGCT-1",1
"AGTCTTTTCGCGTAGC-1",5
"AGTCTTTTCGCTAGCG-1",5
"AGTCTTTTCGCTTGTC-1",5
"AGTCTTTTCTGACCTC-1",9
"AGTGAGGAGATAGCAT-1",4
"AGTGAGGCAGGTGCCT-1",3
"AGTGAGGGTATGAAAC-1",4
"AGTGAGGGTCACTTCC-1",0
"AGTGAGGGTCGCGAAA-1",2
"AGTGAGGGTTATGTGC-1",1
"AGTGAGGTCTACTATC-1",7
"AGTGGGAAGCAGACTG-1",2
"AGTGGGACAAACGCGA-1",2
"AGTGGGACAAGCCGTC-1",1
"AGTGGGACACAGGAGT-1",0
"AGTGGGACACGAGAGT-1",3
"AGTGGGATCATCGATG-1",2
"AGTGGGATCCACGAAT-1",2
"AGTGGGATCCTGCAGG-1",6
"AGTGTCAAGAAGCCCA-1",3
"AGTGTCAAGCTAGTCT-1",9
"AGTGTCAAGTACGACG-1",0
"AGTGTCAAGTGAACAT-1",4
"AGTGTCACACCATCCT-1",2
"AGTGTCACAGTAAGCG-1",3
"AGTGTCACAGTGGAGT-1",3
"AGTGTCAGTAAACCTC-1",8
"AGTGTCAGTACAGCAG-1",1
"AGTGTCAGTCTCCACT-1",16
"AGTGTCAGTTTGACTG-1",9
"AGTGTCATCAAAGTAG-1",1
"AGTGTCATCCGTCAAA-1",2
"AGTGTCATCGTTACAG-1",0
"AGTGTCATCTGTCAAG-1",0
"AGTTGGTAGACTGTAA-1",6
"AGTTGGTAGTACGCGA-1",11
"AGTTGGTCAAATTGCC-1",3
"AGTTGGTCAGGAATGC-1",1
"AGTTGGTCATGCGCAC-1",1
"AGTTGGTGTACCGTAT-1",7
"AGTTGGTGTATGCTTG-1",12
"AGTTGGTGTCAGGACA-1",8
"AGTTGGTGTTCAGACT-1",5
"AGTTGGTTCAGTACGT-1",12
"AGTTGGTTCCTCAACC-1",6
"AGTTGGTTCGTACCGG-1",3
"AGTTGGTTCTGTCCGT-1",2
"ATAACGCAGTTGAGTA-1",11
"ATAACGCCACGTGAGA-1",4
"ATAACGCGTGAACCTT-1",7
"ATAACGCGTGTCCTCT-1",1
"ATAACGCGTGTGAAAT-1",3
"ATAACGCTCTCCGGTT-1",9
"ATAAGAGAGTCCGGTC-1",0
"ATAAGAGCAACTGCGC-1",5
"ATAAGAGCAGTATCTG-1",2
"ATAAGAGGTGACGCCT-1",1
"ATAAGAGGTTAAAGTG-1",7
"ATAAGAGTCAGCACAT-1",5
"ATAAGAGTCAGTGCAT-1",2
"ATAGACCAGAGAGCTC-1",2
"ATAGACCAGCCCAATT-1",0
"ATAGACCCAAGCCATT-1",7
"ATAGACCCATCTGGTA-1",6
"ATAGACCGTATATGGA-1",2
"ATAGACCGTGGACGAT-1",2
"ATAGACCGTGGCGAAT-1",2
"ATAGACCGTTTCGCTC-1",5
"ATCACGAAGAACTCGG-1",5
"ATCACGAAGACACGAC-1",5
"ATCACGAAGTTACCCA-1",4
"ATCACGACAAGACACG-1",4
"ATCACGACAAGCGTAG-1",0
"ATCACGACACACATGT-1",2
"ATCACGACACCACCAG-1",0
"ATCACGACACGGTAAG-1",5
"ATCACGACAGCGAACA-1",3
"ATCACGATCCCGACTT-1",1
"ATCACGATCGGTGTCG-1",2
"ATCATCTAGCCTATGT-1",4
"ATCATCTAGGCCATAG-1",15
"ATCATCTAGTACTTGC-1",1
"ATCATCTCAGACGCCT-1",3
"ATCATCTCATCCGTGG-1",1
"ATCATCTGTATTACCG-1",7
"ATCATCTGTCACTTCC-1",2
"ATCATCTTCAGCGACC-1",0
"ATCATCTTCCTCAACC-1",6
"ATCATGGCAAGCGTAG-1",4
"ATCATGGCAAGGTTCT-1",0
"ATCATGGCACTACAGT-1",3
"ATCATGGGTAAGGGAA-1",6
"ATCATGGGTTGTGGCC-1",1
"ATCATGGTCAATAAGG-1",1
"ATCATGGTCCAATGGT-1",1
"ATCATGGTCGCCATAA-1",8
"ATCATGGTCGGTTAAC-1",2
"ATCCACCAGCTAGTCT-1",10
"ATCCACCAGGCTCTTA-1",5
"ATCCACCCAAACGTGG-1",2
"ATCCACCCAGTTAACC-1",4
"ATCCACCGTCCGAAGA-1",2
"ATCCACCGTTTGTTTC-1",2
"ATCCACCTCCTGCTTG-1",1
"ATCCACCTCCTTAATC-1",6
"ATCCACCTCTGGTATG-1",5
"ATCCGAAAGCGATGAC-1",0
"ATCCGAAAGCTAGGCA-1",7
"ATCCGAACAAACGTGG-1",3
"ATCCGAACAACAACCT-1",4
"ATCCGAACAAGGACTG-1",1
"ATCCGAACACCCATTC-1",2
"ATCCGAACACGGTAGA-1",1
"ATCCGAAGTAGCGCTC-1",5
"ATCCGAAGTCATTAGC-1",2
"ATCCGAAGTCTCTTAT-1",0
"ATCCGAATCCAACCAA-1",4
"ATCCGAATCCTTGACC-1",3
"ATCCGAATCTTGTCAT-1",4
"ATCGAGTAGACTTTCG-1",2
"ATCGAGTCATCCGGGT-1",2
"ATCGAGTGTCCCTTGT-1",1
"ATCGAGTGTCTCCCTA-1",2
"ATCGAGTTCATGCATG-1",1
"ATCGAGTTCCTGCCAT-1",1
"ATCTACTAGGTGTGGT-1",3
"ATCTACTCAGCTGTAT-1",9
"ATCTACTCAGTACACT-1",5
"ATCTACTCATGACATC-1",6
"ATCTACTGTAAGTAGT-1",4
"ATCTACTGTGTCGCTG-1",5
"ATCTACTTCCGCGTTT-1",7
"ATCTACTTCGCAAGCC-1",6
"ATCTACTTCTATCGCC-1",7
"ATCTACTTCTCTAAGG-1",2
"ATCTGCCAGGCTCAGA-1",1
"ATCTGCCGTACAGTTC-1",2
"ATCTGCCGTTGTGGAG-1",2
"ATCTGCCTCAGAGACG-1",6
"ATCTGCCTCAGCTGGC-1",13
"ATCTGCCTCGTACGGC-1",2
"ATCTGCCTCTCGAGTA-1",2
"ATCTGCCTCTGAGTGT-1",2
"ATCTGCCTCTTGTATC-1",3
"ATGAGGGAGGTCGGAT-1",2
"ATGAGGGCATGACGGA-1",3
"ATGAGGGCATTAGGCT-1",4
"ATGAGGGTCACATGCA-1",3
"ATGAGGGTCAGTCCCT-1",6
"ATGCGATAGTCAATAG-1",5
"ATGCGATCATGTTGAC-1",5
"ATGCGATGTGCAGTAG-1",7
"ATGCGATGTGCATCTA-1",11
"ATGCGATTCCCAAGAT-1",5
"ATGCGATTCGCCATAA-1",2
"ATGGGAGAGCAATATG-1",4
"ATGGGAGAGCCACGCT-1",3
"ATGGGAGAGGTGATAT-1",2
"ATGGGAGCACCAGGTC-1",3
"ATGGGAGCACTATCTT-1",2
"ATGGGAGCAGCATACT-1",5
"ATGGGAGCATAGAAAC-1",3
"ATGGGAGCATTACCTT-1",2
"ATGGGAGTCAAGGTAA-1",3
"ATGTGTGAGCGAAGGG-1",14
"ATGTGTGAGGGTTTCT-1",6
"ATGTGTGAGTTGAGTA-1",1
"ATGTGTGCACGGCGTT-1",4
"ATGTGTGCACGGTTTA-1",4
"ATGTGTGCAGTATAAG-1",10
"ATGTGTGTCACGCGGT-1",3
"ATTACTCAGATGTGTA-1",8
"ATTACTCAGCGTAATA-1",2
"ATTACTCAGGTGCACA-1",4
"ATTACTCAGTGAAGTT-1",1
"ATTACTCCAAACTGTC-1",1
"ATTACTCCACCATCCT-1",9
"ATTACTCCAGACTCGC-1",6
"ATTACTCCATATGCTG-1",8
"ATTACTCCATCGGTTA-1",2
"ATTACTCCATTGCGGC-1",0
"ATTACTCGTTAAAGAC-1",2
"ATTACTCTCCGAACGC-1",11
"ATTATCCAGAGTACCG-1",0
"ATTATCCAGCTTATCG-1",4
"ATTATCCCACAAGCCC-1",4
"ATTATCCCATATGAGA-1",1
"ATTATCCCATCTGGTA-1",10
"ATTATCCGTCGTTGTA-1",5
"ATTATCCGTCTCTCTG-1",3
"ATTATCCTCAACGGGA-1",11
"ATTATCCTCCGCGCAA-1",3
"ATTATCCTCTCCGGTT-1",6
"ATTCTACGTCACTTCC-1",5
"ATTCTACGTCTAGTCA-1",4
"ATTCTACGTTGTCGCG-1",2
"ATTGGACAGCAGATCG-1",4
"ATTGGACAGGGCATGT-1",2
"ATTGGACAGTGGACGT-1",5
"ATTGGACCAAGACACG-1",2
"ATTGGACGTAATAGCA-1",18
"ATTGGACTCCTGCTTG-1",2
"ATTGGACTCGGCGCAT-1",5
"ATTGGACTCGTTTGCC-1",3
"ATTGGTGAGAATGTTG-1",1
"ATTGGTGCAAGCTGAG-1",1
"ATTGGTGCAGCAGTTT-1",3
"ATTGGTGGTATGGTTC-1",2
"ATTGGTGGTTGAGTTC-1",2
"ATTGGTGTCAAAGTAG-1",0
"ATTGGTGTCGGAAACG-1",3
"ATTTCTGAGGGATACC-1",1
"ATTTCTGAGGGATCTG-1",3
"ATTTCTGAGGTGTTAA-1",3
"ATTTCTGAGTCGAGTG-1",3
"ATTTCTGAGTTCGCAT-1",4
"ATTTCTGCAAGGTGTG-1",1
"ATTTCTGGTAGCTCCG-1",3
"ATTTCTGGTGCACGAA-1",5
"ATTTCTGGTTGCCTCT-1",1
"ATTTCTGTCAAAGTAG-1",9
"ATTTCTGTCAGCTCGG-1",4
"ATTTCTGTCTTGGGTA-1",1
"CAACCAAAGAAACGCC-1",1
"CAACCAAAGAGGGCTT-1",8
"CAACCAAAGCTGAAAT-1",8
"CAACCAAAGGACAGCT-1",1
"CAACCAAAGGGAGTAA-1",4
"CAACCAACATACGCTA-1",8
"CAACCTCAGTAATCCC-1",3
"CAACCTCCAGACGCAA-1",0
"CAACCTCGTGAGTGAC-1",1
"CAACCTCGTTCCACGG-1",4
"CAACCTCTCATACGGT-1",3
"CAACCTCTCCGATATG-1",4
"CAACCTCTCCTTTACA-1",2
"CAACCTCTCTCTAGGA-1",7
"CAACTAGAGAATAGGG-1",9
"CAACTAGAGGATGCGT-1",2
"CAACTAGCACCATCCT-1",3
"CAACTAGCAGACTCGC-1",3
"CAACTAGCAGTTCATG-1",1
"CAACTAGGTACGCACC-1",1
"CAACTAGTCAGGCCCA-1",8
"CAAGAAAAGAAGGACA-1",0
"CAAGAAAAGACGCACA-1",2
"CAAGAAAAGGCCCTTG-1",3
"CAAGAAAAGGTGATAT-1",5
"CAAGAAAAGTCGATAA-1",3
"CAAGAAAAGTGGAGTC-1",5
"CAAGAAAAGTGTACCT-1",3
"CAAGAAACACGGTGTC-1",4
"CAAGAAATCTGCTTGC-1",5
"CAAGATCAGCTGAAAT-1",5
"CAAGATCGTAAGAGGA-1",2
"CAAGATCGTGCCTTGG-1",4
"CAAGATCTCAACACCA-1",1
"CAAGATCTCTCGATGA-1",7
"CAAGGCCAGGAGTCTG-1",11
"CAAGGCCAGGCTATCT-1",4
"CAAGGCCCACGGTAAG-1",9
"CAAGGCCCATGTTCCC-1",5
"CAAGGCCGTCCGTCAG-1",0
"CAAGGCCTCAACGGGA-1",5
"CAAGGCCTCCTTGACC-1",2
"CAAGGCCTCGTGACAT-1",1
"CAAGTTGAGACAGGCT-1",1
"CAAGTTGAGATGTCGG-1",1
"CAAGTTGAGCGTCAAG-1",2
"CAAGTTGAGCGTTTAC-1",2
"CAAGTTGCACATTAGC-1",1
"CAAGTTGCACGCTTTC-1",5
"CAAGTTGCACGGTGTC-1",1
"CAAGTTGCATTCTTAC-1",9
"CAAGTTGGTACTCAAC-1",1
"CAAGTTGGTCAGGACA-1",2
"CAAGTTGGTCGGCACT-1",6
"CAAGTTGTCAACGAAA-1",8
"CAAGTTGTCACCACCT-1",2
"CAAGTTGTCATTGCCC-1",1
"CAAGTTGTCGAATCCA-1",5
"CAAGTTGTCTACTTAC-1",0
"CACAAACAGGGCTCTC-1",5
"CACAAACAGGGCTTGA-1",2
"CACAAACAGTGACATA-1",3
"CACAAACCAACTGCGC-1",3
"CACAAACCAATAAGCA-1",3
"CACAAACCAATCAGAA-1",3
"CACAAACCACTTAACG-1",1
"CACAAACCATGAACCT-1",2
"CACAAACCATGGTCAT-1",4
"CACAAACGTCAACTGT-1",2
"CACAAACGTCAGAATA-1",3
"CACAAACTCTTCGGTC-1",1
"CACAAACTCTTGGGTA-1",9
"CACACAAAGCGACGTA-1",1
"CACACAAAGGGAGTAA-1",1
"CACACAACAAACGTGG-1",0
"CACACAACACATGACT-1",8
"CACACAACATCGATTG-1",12
"CACACAACATTGGGCC-1",2
"CACACAAGTACGACCC-1",7
"CACACAAGTCAGTGGA-1",1
"CACACAAGTCATCGGC-1",2
"CACACAAGTTTACTCT-1",3
"CACACAATCCACGTGG-1",2
"CACACAATCCACGTTC-1",1
"CACACAATCGGCGCAT-1",3
"CACACCTAGAGACTAT-1",12
"CACACCTAGGACATTA-1",1
"CACACCTAGTCATCCA-1",2
"CACACCTAGTGTGAAT-1",2
"CACACCTCACTGAAGG-1",6
"CACACCTCATAGGATA-1",11
"CACACCTCATAGTAAG-1",7
"CACACCTCATTGGGCC-1",6
"CACACCTGTACAGCAG-1",3
"CACACCTGTACCGCTG-1",2
"CACACCTGTCCAAGTT-1",4
"CACACCTGTGGACGAT-1",4
"CACACCTGTGGTCTCG-1",6
"CACACCTTCATGTCTT-1",4
"CACACCTTCTGGCGAC-1",0
"CACACTCAGGGAAACA-1",1
"CACACTCCAACACCTA-1",3
"CACACTCCAAGGGTCA-1",2
"CACACTCGTGACGCCT-1",4
"CACACTCGTTTGTGTG-1",4
"CACAGGCAGCCATCGC-1",3
"CACAGGCAGGGATGGG-1",5
"CACAGGCCAAGAGTCG-1",1
"CACAGGCCAATGGAGC-1",1
"CACAGGCGTCTAGGTT-1",4
"CACAGGCGTTACGCGC-1",4
"CACAGGCTCGGGAGTA-1",2
"CACAGGCTCTATGTGG-1",0
"CACAGTAAGACGCAAC-1",0
"CACAGTAAGACGCACA-1",1
"CACAGTAAGTGGGCTA-1",7
"CACAGTACAACTGGCC-1",0
"CACAGTACATCGGACC-1",7
"CACAGTAGTTCCATGA-1",6
"CACATAGAGCCCAATT-1",4
"CACATAGAGTGTACTC-1",4
"CACATAGCACTTCTGC-1",1
"CACATAGCAGGGTATG-1",4
"CACATAGTCCTTGCCA-1",1
"CACATAGTCGGCGCAT-1",2
"CACATTTAGCAGATCG-1",6
"CACATTTAGGGCACTA-1",0
"CACATTTCACGGCGTT-1",5
"CACATTTCATTACCTT-1",4
"CACATTTGTCGAACAG-1",2
"CACATTTGTGTTGAGG-1",5
"CACATTTTCCAGAGGA-1",2
"CACATTTTCCGCATCT-1",3
"CACATTTTCTACTATC-1",1
"CACATTTTCTGTGCAA-1",2
"CACCACTAGCCACGTC-1",7
"CACCACTAGTGGTAAT-1",4
"CACCACTAGTTACCCA-1",7
"CACCACTCAAGCCCAC-1",0
"CACCACTCAGTTCATG-1",3
"CACCACTGTTATTCTC-1",2
"CACCACTTCACCGGGT-1",2
"CACCACTTCGAATCCA-1",5
"CACCACTTCGACCAGC-1",2
"CACCACTTCTAACCGA-1",4
"CACCACTTCTTTAGTC-1",0
"CACCAGGCACATTAGC-1",6
"CACCAGGCACTGCCAG-1",3
"CACCAGGCATAAAGGT-1",1
"CACCAGGCATGAACCT-1",2
"CACCAGGGTGAAATCA-1",6
"CACCAGGGTGTTTGGT-1",2
"CACCAGGGTTATCACG-1",2
"CACCAGGTCATGTAGC-1",3
"CACCAGGTCTGCTTGC-1",2
"CACCTTGAGACTTGAA-1",5
"CACCTTGAGTCAATAG-1",5
"CACCTTGCACTAGTAC-1",5
"CACCTTGCAGGCGATA-1",2
"CACCTTGCATTCCTGC-1",10
"CACCTTGGTCATTAGC-1",3
"CACCTTGGTGATGTCT-1",6
"CACCTTGGTGTGAAAT-1",1
"CACCTTGGTTATGTGC-1",2
"CACCTTGTCAACCATG-1",0
"CACCTTGTCATTATCC-1",7
"CACCTTGTCCAAAGTC-1",2
"CACCTTGTCTCACATT-1",2
"CACTCCAAGACAAGCC-1",1
"CACTCCAAGGTACTCT-1",0
"CACTCCACAATGGACG-1",6
"CACTCCAGTACATGTC-1",2
"CACTCCAGTTGTCGCG-1",6
"CACTCCATCAACACAC-1",2
"CACTCCATCCCAGGTG-1",2
"CAGAATCAGAAACCTA-1",4
"CAGAATCAGCCAACAG-1",3
"CAGAATCAGCTGGAAC-1",2
"CAGAATCAGGACTGGT-1",3
"CAGAATCAGTATCGAA-1",6
"CAGAATCCACAGAGGT-1",8
"CAGAATCCAGGGTACA-1",3
"CAGAATCGTAAGTGTA-1",2
"CAGAATCGTAATCACC-1",7
"CAGAATCTCAGTTTGG-1",2
"CAGAATCTCGCAAGCC-1",1
"CAGAATCTCGGTCCGA-1",13
"CAGAATCTCTTGCAAG-1",2
"CAGAATCTCTTGTACT-1",1
"CAGAGAGAGAATTGTG-1",6
"CAGAGAGAGCAATATG-1",5
"CAGAGAGCAAGAAGAG-1",0
"CAGAGAGCACCAGATT-1",3
"CAGAGAGGTAATCACC-1",2
"CAGAGAGGTAGCTGCC-1",1
"CAGAGAGGTAGGACAC-1",2
"CAGAGAGGTATAGGGC-1",1
"CAGAGAGGTCCGAATT-1",8
"CAGAGAGGTTGAGGTG-1",5
"CAGAGAGTCACCCGAG-1",21
"CAGAGAGTCATAACCG-1",4
"CAGAGAGTCCGAACGC-1",5
"CAGAGAGTCTGGTATG-1",5
"CAGATCAAGAGACGAA-1",12
"CAGATCAAGCACCGTC-1",2
"CAGATCAAGCTTCGCG-1",1
"CAGATCAAGGATTCGG-1",9
"CAGATCAAGTGTACCT-1",5
"CAGATCAAGTTTAGGA-1",4
"CAGATCACAATAACGA-1",3
"CAGATCACACACCGAC-1",4
"CAGATCACACGGTAAG-1",4
"CAGATCACACTCTGTC-1",4
"CAGATCACAGCATACT-1",4
"CAGATCACAGTGGGAT-1",9
"CAGATCAGTACCAGTT-1",6
"CAGATCAGTGCGGTAA-1",1
"CAGATCATCTGATACG-1",3
"CAGATCATCTGATTCT-1",5
"CAGCAGCAGATGCCAG-1",8
"CAGCAGCAGGGAACGG-1",1
"CAGCAGCCACCTATCC-1",5
"CAGCAGCCATCACAAC-1",4
"CAGCAGCGTGCTAGCC-1",5
"CAGCAGCTCAACACTG-1",7
"CAGCAGCTCGAACTGT-1",5
"CAGCAGCTCGCCGTGA-1",7
"CAGCATAAGAGACGAA-1",3
"CAGCATAGTCTAGGTT-1",10
"CAGCATAGTTTACTCT-1",2
"CAGCATATCACGAAGG-1",2
"CAGCATATCAGGCAAG-1",10
"CAGCATATCCTTAATC-1",6
"CAGCCGAAGCATCATC-1",4
"CAGCCGAAGTTTCCTT-1",1
"CAGCCGACACGTGAGA-1",9
"CAGCCGACATCAGTCA-1",1
"CAGCCGAGTGATGTCT-1",6
"CAGCCGATCACCAGGC-1",4
"CAGCCGATCCTCAATT-1",3
"CAGCGACAGAAACGCC-1",1
"CAGCGACAGCGTCAAG-1",9
"CAGCGACCAAACGTGG-1",2
"CAGCGACCAAAGCGGT-1",5
"CAGCGACCACGTCAGC-1",8
"CAGCGACCATGGGACA-1",3
"CAGCGACGTCTGATTG-1",2
"CAGCGACGTGGACGAT-1",2
"CAGCGACGTGGTTTCA-1",7
"CAGCGACGTTCGGCAC-1",2
"CAGCGACTCCGCAAGC-1",3
"CAGCGACTCTGGGCCA-1",4
"CAGCTAAAGATGTGTA-1",2
"CAGCTAAAGCAGACTG-1",4
"CAGCTAAAGCTGTTCA-1",2
"CAGCTAAAGGAGCGTT-1",6
"CAGCTAACACAGATTC-1",2
"CAGCTAACATCAGTAC-1",0
"CAGCTAAGTAATCGTC-1",0
"CAGCTAAGTCTCACCT-1",2
"CAGCTAAGTTCGTCTC-1",2
"CAGCTAATCCACGCAG-1",3
"CAGCTAATCCCTAACC-1",7
"CAGCTAATCTGGTTCC-1",8
"CAGCTAATCTTAGCCC-1",11
"CAGCTAATCTTCGGTC-1",10
"CAGCTGGAGACACTAA-1",6
"CAGCTGGAGATCCTGT-1",3
"CAGCTGGCACCAACCG-1",2
"CAGCTGGCAGTGGAGT-1",5
"CAGCTGGCATGCATGT-1",7
"CAGCTGGTCTACCTGC-1",1
"CAGGTGCAGAGACGAA-1",4
"CAGGTGCAGATCCTGT-1",15
"CAGGTGCAGGCATGTG-1",2
"CAGGTGCCAGGAACGT-1",2
"CAGGTGCCATAGTAAG-1",2
"CAGGTGCCATCGGAAG-1",1
"CAGGTGCTCAGTTGAC-1",1
"CAGGTGCTCCAAGTAC-1",3
"CAGGTGCTCTTGTATC-1",1
"CAGTAACAGATATGGT-1",1
"CAGTAACAGATGGCGT-1",4
"CAGTAACCAATCACAC-1",10
"CAGTAACCACTCGACG-1",4
"CAGTAACGTGATAAGT-1",2
"CAGTAACGTGCACCAC-1",3
"CAGTAACTCAGAGGTG-1",3
"CAGTAACTCGTACGGC-1",1
"CAGTAACTCGTGACAT-1",4
"CAGTAACTCTGCCAGG-1",1
"CAGTCCTAGAATCTCC-1",0
"CAGTCCTAGATCTGCT-1",2
"CAGTCCTCAGTATAAG-1",1
"CAGTCCTTCAACACGT-1",2
"CAGTCCTTCCATGAGT-1",1
"CAGTCCTTCCCGACTT-1",5
"CAGTCCTTCCCTTGTG-1",0
"CAGTCCTTCGAACGGA-1",3
"CAGTCCTTCGGTTCGG-1",3
"CAGTCCTTCTACTTAC-1",6
"CATATGGAGAGATGAG-1",5
"CATATGGAGGCATGGT-1",1
"CATATGGAGTATTGGA-1",5
"CATATGGCAAGCGTAG-1",4
"CATATGGGTCGCATAT-1",2
"CATATGGTCATTATCC-1",0
"CATATGGTCATTGCGA-1",0
"CATATTCAGGCGACAT-1",3
"CATATTCCACCACCAG-1",1
"CATATTCGTGACTACT-1",4
"CATATTCGTGGTACAG-1",3
"CATATTCGTGTGACGA-1",4
"CATATTCTCACAGGCC-1",2
"CATATTCTCGCAAACT-1",11
"CATCAAGAGAACTCGG-1",3
"CATCAAGAGATGGCGT-1",2
"CATCAAGAGCCGCCTA-1",3
"CATCAAGCACGAAACG-1",8
"CATCAAGCAGCCTTTC-1",3
"CATCAAGCATGGAATA-1",2
"CATCAAGGTTACTGAC-1",1
"CATCAAGGTTCCATGA-1",6
"CATCAAGTCTAAGCCA-1",3
"CATCAAGTCTGACCTC-1",0
"CATCAGAAGCTAGTCT-1",3
"CATCAGACAAGCCATT-1",6
"CATCAGACAATGACCT-1",6
"CATCAGACACGGCCAT-1",3
"CATCAGACAGACAGGT-1",5
"CATCAGACATAACCTG-1",2
"CATCAGAGTAATTGGA-1",3
"CATCAGAGTACATGTC-1",5
"CATCAGAGTGTTAAGA-1",8
"CATCAGAGTTCAACCA-1",3
"CATCAGATCGTTGACA-1",3
"CATCCACGTAAAGTCA-1",7
"CATCCACGTACCGTAT-1",8
"CATCCACGTGCCTGTG-1",5
"CATCCACGTTTAAGCC-1",5
"CATCGAAAGAGTACAT-1",3
"CATCGAAAGCTGTCTA-1",4
"CATCGAACAAGAGGCT-1",29
"CATCGAACAAGCTGAG-1",0
"CATCGAACACATTTCT-1",3
"CATCGAACATAAAGGT-1",3
"CATCGAAGTAGTACCT-1",3
"CATCGAAGTCCGACGT-1",2
"CATCGAAGTGCACTTA-1",3
"CATCGAATCAAACCAC-1",1
"CATCGAATCCGCGGTA-1",0
"CATCGAATCCGTAGTA-1",4
"CATCGGGAGAAGCCCA-1",0
"CATCGGGAGCGAGAAA-1",3
"CATCGGGAGGGTGTGT-1",2
"CATCGGGAGGTGTTAA-1",8
"CATCGGGAGTGACTCT-1",3
"CATCGGGCACTCAGGC-1",14
"CATCGGGCAGACGCTC-1",3
"CATCGGGCATCACAAC-1",3
"CATCGGGGTCCTCTTG-1",7
"CATCGGGGTGAGGGAG-1",2
"CATCGGGGTTCGAATC-1",4
"CATCGGGTCAGGATCT-1",3
"CATCGGGTCCACGAAT-1",2
"CATCGGGTCGATGAGG-1",6
"CATGACAAGACCACGA-1",2
"CATGACAAGCTCCTCT-1",24
"CATGACAAGTAACCCT-1",3
"CATGACAAGTATCTCG-1",1
"CATGACAGTCGTCTTC-1",8
"CATGACAGTGAACCTT-1",12
"CATGACATCAATAAGG-1",1
"CATGACATCTAACTGG-1",6
"CATGCCTAGACCTAGG-1",4
"CATGCCTAGAGTCTGG-1",3
"CATGCCTCACCACCAG-1",1
"CATGCCTGTCAAAGCG-1",0
"CATGCCTGTCGATTGT-1",1
"CATGCCTTCCACGACG-1",3
"CATGCCTTCCTCATTA-1",1
"CATGCCTTCGCATGAT-1",3
"CATGGCGAGAGCTGGT-1",2
"CATGGCGAGTACGACG-1",1
"CATGGCGTCCAAAGTC-1",1
"CATGGCGTCCCTTGTG-1",2
"CATGGCGTCGGCCGAT-1",5
"CATGGCGTCTCAAACG-1",4
"CATGGCGTCTGCCCTA-1",1
"CATTATCAGACCCACC-1",5
"CATTATCAGTCCCACG-1",0
"CATTATCCAAGTCTGT-1",14
"CATTATCCAGGGCATA-1",3
"CATTATCGTCAATGTC-1",2
"CATTATCTCACAAACC-1",2
"CATTATCTCAGATAAG-1",11
"CATTATCTCGCGTTTC-1",4
"CATTATCTCGTTGCCT-1",3
"CATTATCTCTATCCCG-1",2
"CATTATCTCTTAACCT-1",1
"CATTCGCAGGTGCTAG-1",2
"CATTCGCCAAGGGTCA-1",3
"CATTCGCCAGCCTATA-1",2
"CATTCGCCATACAGCT-1",3
"CATTCGCCATGGATGG-1",2
"CATTCGCCATGTCTCC-1",3
"CATTCGCCATTCACTT-1",2
"CATTCGCGTAGCACGA-1",1
"CATTCGCTCATCACCC-1",6
"CCAATCCAGACCACGA-1",1
"CCAATCCAGATATGGT-1",3
"CCAATCCAGTCGAGTG-1",3
"CCAATCCAGTCGTTTG-1",0
"CCAATCCAGTTTAGGA-1",2
"CCAATCCCAAGCGAGT-1",7
"CCAATCCTCGGACAAG-1",9
"CCAATCCTCTACCTGC-1",0
"CCACCTAAGCAGACTG-1",7
"CCACCTAAGGATGGTC-1",5
"CCACCTAAGTCGAGTG-1",1
"CCACCTAAGTGGGATC-1",3
"CCACCTAAGTGTGGCA-1",2
"CCACCTACAACAACCT-1",1
"CCACCTACAAGCCGCT-1",1
"CCACCTACAATCTACG-1",0
"CCACCTAGTAGTACCT-1",2
"CCACCTAGTCGCGTGT-1",8
"CCACCTAGTGGGTCAA-1",3
"CCACCTATCAGTTGAC-1",8
"CCACCTATCTGATACG-1",1
"CCACGGAAGACACGAC-1",4
"CCACGGAAGGGAACGG-1",7
"CCACGGACATGTCGAT-1",5
"CCACGGAGTAAGGGCT-1",2
"CCACGGAGTCAGATAA-1",1
"CCACGGAGTCCGTGAC-1",9
"CCACGGAGTGTAATGA-1",0
"CCACGGAGTTCTGAAC-1",7
"CCACGGATCACATAGC-1",3
"CCACGGATCCACGTGG-1",3
"CCACGGATCTACTATC-1",1
"CCACGGATCTAGAGTC-1",0
"CCACTACAGAGTACCG-1",4
"CCACTACAGCTTTGGT-1",0
"CCACTACCAGCAGTTT-1",14
"CCACTACCAGTAGAGC-1",2
"CCACTACGTCCGAATT-1",3
"CCACTACGTCTCAACA-1",4
"CCACTACGTGACAAAT-1",7
"CCACTACGTGACCAAG-1",2
"CCACTACGTGCACGAA-1",1
"CCACTACTCACTCTTA-1",5
"CCACTACTCCGCATCT-1",4
"CCACTACTCGGAAATA-1",2
"CCACTACTCTCGTATT-1",2
"CCACTACTCTCGTTTA-1",3
"CCAGCGAAGCCCAACC-1",4
"CCAGCGACATCGGGTC-1",21
"CCAGCGACATGTCCTC-1",2
"CCAGCGAGTAGGCATG-1",3
"CCAGCGAGTCCGTTAA-1",2
"CCAGCGATCAGAAATG-1",7
"CCATGTCAGCGATCCC-1",1
"CCATGTCAGGTCGGAT-1",2
"CCATGTCAGGTTACCT-1",3
"CCATGTCCAAGCTGGA-1",5
"CCATGTCCACATCCGG-1",5
"CCATGTCGTCCAGTAT-1",1
"CCATGTCTCCAAGTAC-1",7
"CCATGTCTCTTGTATC-1",5
"CCATTCGCAGTACACT-1",7
"CCATTCGCAGTTTACG-1",2
"CCATTCGGTAATCGTC-1",6
"CCATTCGGTATTACCG-1",3
"CCATTCGTCGTAGGAG-1",5
"CCCAATCAGTCACGCC-1",2
"CCCAATCCAGGTGGAT-1",4
"CCCAATCGTGAAGGCT-1",4
"CCCAATCGTTGGAGGT-1",1
"CCCAATCTCACATGCA-1",2
"CCCAATCTCCAGTATG-1",6
"CCCAATCTCGGAGCAA-1",9
"CCCAGTTAGAATAGGG-1",5
"CCCAGTTAGATCCCGC-1",8
"CCCAGTTAGCGTGAAC-1",3
"CCCAGTTAGGAATCGC-1",2
"CCCAGTTAGTCCGGTC-1",2
"CCCAGTTAGTTTGCGT-1",10
"CCCAGTTGTACATGTC-1",3
"CCCAGTTGTCTGCAAT-1",8
"CCCAGTTTCTGAAAGA-1",3
"CCCATACAGGGTTCCC-1",2
"CCCATACAGTGTTTGC-1",0
"CCCATACCAAAGGTGC-1",3
"CCCATACCAACACCCG-1",1
"CCCATACCAGCAGTTT-1",3
"CCCATACGTATTACCG-1",1
"CCCATACGTCAATACC-1",3
"CCCATACGTCTAGTCA-1",4
"CCCATACGTTGAGTTC-1",2
"CCCATACTCAATAAGG-1",3
"CCCATACTCAGCGACC-1",2
"CCCATACTCATCACCC-1",2
"CCCATACTCCGTAGGC-1",4
"CCCTCCTAGGAATCGC-1",4
"CCCTCCTCACGTCTCT-1",0
"CCCTCCTCAGCTTAAC-1",4
"CCCTCCTCATATGAGA-1",3
"CCCTCCTCATCACGTA-1",5
"CCCTCCTGTATGGTTC-1",4
"CCCTCCTGTTAGATGA-1",5
"CCCTCCTTCAATCACG-1",1
"CCCTCCTTCCGCAGTG-1",5
"CCGGGATAGCTTCGCG-1",0
"CCGGGATAGGCGACAT-1",4
"CCGGGATAGGCTAGGT-1",3
"CCGGGATCACAGTCGC-1",7
"CCGGGATGTATAGGTA-1",8
"CCGGGATTCAGAGCTT-1",4
"CCGGGATTCGCTAGCG-1",1
"CCGGGATTCGCTTGTC-1",2
"CCGGTAGAGCGTCTAT-1",4
"CCGGTAGAGTACGCCC-1",1
"CCGGTAGCACATAACC-1",20
"CCGGTAGCACGCATCG-1",2
"CCGGTAGGTACTTCTT-1",1
"CCGGTAGGTCAAACTC-1",9
"CCGGTAGTCGTCCGTT-1",2
"CCGTACTAGAGAACAG-1",4
"CCGTACTAGTCCGTAT-1",7
"CCGTACTCAAGCCCAC-1",12
"CCGTACTCAAGCGAGT-1",7
"CCGTACTCATCCCACT-1",2
"CCGTACTGTACAGCAG-1",1
"CCGTACTGTAGCGCTC-1",4
"CCGTACTGTGCGGTAA-1",3
"CCGTACTTCGTTACAG-1",4
"CCGTGGAAGACGCACA-1",9
"CCGTGGAAGAGTTGGC-1",2
"CCGTGGAAGGTGATAT-1",3
"CCGTGGAAGGTTCCTA-1",6
"CCGTGGACAGCCTTGG-1",6
"CCGTGGAGTTCCATGA-1",2
"CCGTGGATCTAACTTC-1",3
"CCGTGGATCTCTGTCG-1",0
"CCGTTCAAGCGTAATA-1",10
"CCGTTCAAGTACGATA-1",7
"CCGTTCAAGTAGATGT-1",1
"CCGTTCACAGGATCGA-1",1
"CCGTTCAGTATAGGGC-1",6
"CCGTTCAGTCGCGAAA-1",1
"CCGTTCATCGTACCGG-1",2
"CCTAAAGAGAGTTGGC-1",5
"CCTAAAGCAAACCTAC-1",2
"CCTAAAGCATGTCTCC-1",4
"CCTAAAGGTACTCAAC-1",8
"CCTAAAGGTCGGCACT-1",7
"CCTAAAGGTGTAATGA-1",4
"CCTAAAGTCACCGTAA-1",1
"CCTAAAGTCAGCGATT-1",2
"CCTAAAGTCGGCGCTA-1",4
"CCTAAAGTCGGTCCGA-1",5
"CCTACACAGGACCACA-1",3
"CCTACACAGGGTGTTG-1",7
"CCTACACCAGTAAGAT-1",4
"CCTACACGTATAGTAG-1",3
"CCTACACGTCCGAACC-1",2
"CCTACACGTGGGTCAA-1",3
"CCTACACGTTTGACTG-1",8
"CCTACACTCGGCGCTA-1",2
"CCTACACTCGTGACAT-1",15
"CCTACCAAGATAGGAG-1",1
"CCTACCAAGCAAATCA-1",3
"CCTACCAAGCGTAGTG-1",3
"CCTACCAAGCTTCGCG-1",3
"CCTACCAAGTGCGATG-1",3
"CCTACCAGTATCAGTC-1",1
"CCTACCAGTCTCTCTG-1",3
"CCTACCAGTCTTTCAT-1",2
"CCTACCATCAGCACAT-1",5
"CCTACCATCGCCAGCA-1",0
"CCTAGCTAGCAAATCA-1",0
"CCTAGCTAGCTCCTCT-1",4
"CCTAGCTAGGTTACCT-1",5
"CCTAGCTAGTACGCGA-1",3
"CCTAGCTCAATGAATG-1",3
"CCTAGCTCAATGGTCT-1",3
"CCTAGCTCACATCCAA-1",2
"CCTAGCTCAGCCAGAA-1",3
"CCTAGCTGTAGAAAGG-1",7
"CCTAGCTGTCACCCAG-1",1
"CCTAGCTGTCTGATTG-1",6
"CCTAGCTTCACGATGT-1",3
"CCTAGCTTCGTAGGAG-1",4
"CCTATTAAGAATTCCC-1",3
"CCTATTAAGCAGGCTA-1",3
"CCTATTAAGCAGGTCA-1",7
"CCTATTAAGGGAGTAA-1",5
"CCTATTAAGGTAGCCA-1",5
"CCTATTACACAACTGT-1",6
"CCTATTACACATCCGG-1",2
"CCTATTAGTCAATACC-1",3
"CCTATTATCATCACCC-1",6
"CCTATTATCTGCGACG-1",14
"CCTCAGTAGCTAACTC-1",1
"CCTCAGTCAGGTGGAT-1",4
"CCTCAGTGTCCATCCT-1",1
"CCTCAGTGTCCGACGT-1",11
"CCTCAGTGTCTTGTCC-1",4
"CCTCAGTGTGGGTATG-1",4
"CCTCTGAAGTATCGAA-1",4
"CCTCTGAAGTGGGTTG-1",1
"CCTCTGACAAGCTGTT-1",4
"CCTCTGACACCGATAT-1",3
"CCTCTGACAGATGAGC-1",6
"CCTCTGAGTCAATACC-1",3
"CCTCTGAGTCCGAACC-1",4
"CCTCTGAGTCGTGGCT-1",5
"CCTCTGAGTCTGATTG-1",3
"CCTCTGATCTGAGGGA-1",9
"CCTTACGCAAGCGTAG-1",4
"CCTTACGCACCAACCG-1",14
"CCTTACGGTCATCCCT-1",5
"CCTTACGGTCCTCTTG-1",10
"CCTTACGTCACAACGT-1",2
"CCTTACGTCATCTGCC-1",4
"CCTTACGTCGGAGGTA-1",1
"CCTTCCCAGAGACTAT-1",4
"CCTTCCCAGCTAGGCA-1",2
"CCTTCCCAGGACGAAA-1",3
"CCTTCCCAGGGCATGT-1",0
"CCTTCCCAGGTACTCT-1",1
"CCTTCCCCATGATCCA-1",4
"CCTTCCCTCAAGGCTT-1",3
"CCTTCCCTCTATCCTA-1",4
"CCTTCCCTCTATCGCC-1",2
"CCTTCGAAGGCGCTCT-1",0
"CCTTCGACAACACCCG-1",2
"CCTTCGACAGCGATCC-1",3
"CCTTCGAGTAAGCACG-1",2
"CCTTCGAGTCCATGAT-1",5
"CCTTCGAGTGTGACCC-1",4
"CCTTCGAGTTGGTGGA-1",1
"CCTTCGATCACAGTAC-1",9
"CCTTCGATCCTATGTT-1",14
"CCTTCGATCGCACTCT-1",5
"CCTTTCTAGACGCTTT-1",7
"CCTTTCTAGGGCACTA-1",8
"CCTTTCTAGTGGAGTC-1",1
"CCTTTCTCAGACAAGC-1",4
"CCTTTCTCATCACGAT-1",2
"CCTTTCTCATGCCCGA-1",3
"CCTTTCTTCCCACTTG-1",1
"CCTTTCTTCTTTACGT-1",2
"CGAACATCACATGACT-1",7
"CGAACATCACTTGGAT-1",1
"CGAACATCAGTCCTTC-1",6
"CGAACATGTCTGATTG-1",1
"CGAACATGTGCTGTAT-1",2
"CGAACATTCTCAAACG-1",2
"CGAATGTAGAGGTTAT-1",1
"CGAATGTAGCGATAGC-1",2
"CGAATGTAGTTCGCAT-1",3
"CGAATGTCAATGCCAT-1",4
"CGAATGTGTCTAGTCA-1",4
"CGAATGTGTCTCACCT-1",6
"CGAATGTTCAACACAC-1",1
"CGAATGTTCATCACCC-1",7
"CGAATGTTCTGTACGA-1",2
"CGACCTTAGCTACCGC-1",1
"CGACCTTAGCTAGTCT-1",4
"CGACCTTCAAAGTGCG-1",3
"CGACCTTCACGAAATA-1",0
"CGACCTTGTAAGTGTA-1",3
"CGACCTTGTCAGAATA-1",5
"CGACCTTGTCTCCCTA-1",4
"CGACCTTGTCTCTTAT-1",4
"CGACCTTTCCGCGTTT-1",5
"CGACCTTTCGTTTATC-1",2
"CGACCTTTCTCCAGGG-1",5
"CGACTTCAGACACGAC-1",8
"CGACTTCAGGTAGCCA-1",3
"CGACTTCAGTCTTGCA-1",3
"CGACTTCCAATGGACG-1",2
"CGACTTCGTGGTGTAG-1",5
"CGACTTCGTTGAGTTC-1",9
"CGACTTCTCACTTACT-1",7
"CGACTTCTCTCGCTTG-1",9
"CGAGAAGAGAAACGCC-1",1
"CGAGAAGAGCCAACAG-1",2
"CGAGAAGAGCGTGTCC-1",7
"CGAGAAGCAAGTTCTG-1",3
"CGAGAAGCACATCCGG-1",2
"CGAGAAGCAGGCTGAA-1",6
"CGAGAAGTCGGATGGA-1",4
"CGAGCACAGCCAGAAC-1",1
"CGAGCACCACATGTGT-1",3
"CGAGCACGTAGCGTCC-1",3
"CGAGCACGTAGCGTGA-1",3
"CGAGCACGTCAGATAA-1",0
"CGAGCACGTGCCTTGG-1",6
"CGAGCACTCCCGGATG-1",2
"CGAGCACTCCGCTGTT-1",2
"CGAGCACTCGGAAATA-1",3
"CGAGCACTCGTGACAT-1",3
"CGAGCCAAGCTAGCCC-1",3
"CGAGCCAGTATATCCG-1",5
"CGAGCCAGTCAAGCGA-1",2
"CGATCGGAGAGCCTAG-1",7
"CGATCGGAGTACGATA-1",3
"CGATCGGCAAACGCGA-1",8
"CGATCGGCAAGCGATG-1",2
"CGATCGGCAATACGCT-1",3
"CGATCGGCAGTTAACC-1",4
"CGATCGGCATACTCTT-1",2
"CGATCGGGTCGACTGC-1",9
"CGATCGGTCAACGGGA-1",4
"CGATCGGTCTAGCACA-1",3
"CGATGGCAGCCGTCGT-1",2
"CGATGGCAGTCCAGGA-1",4
"CGATGGCCACTTAACG-1",2
"CGATGGCCAGCGTAAG-1",5
"CGATGGCCATCATCCC-1",0
"CGATGGCTCCTAGAAC-1",2
"CGATGGCTCGCTAGCG-1",3
"CGATGGCTCTGACCTC-1",4
"CGATGTAAGGCAATTA-1",3
"CGATGTAAGTTTGCGT-1",1
"CGATGTACACAGGCCT-1",9
"CGATGTACAGGTCTCG-1",2
"CGATGTAGTCCAGTGC-1",1
"CGATGTAGTCTAGGTT-1",4
"CGATGTAGTGTGCCTG-1",3
"CGATGTAGTTTGCATG-1",3
"CGATTGAAGATGTGGC-1",4
"CGATTGACAGACGCAA-1",10
"CGATTGAGTATGGTTC-1",2
"CGATTGAGTTCAGACT-1",2
"CGATTGATCATGGTCA-1",1
"CGATTGATCTGCGGCA-1",1
"CGCCAAGAGAATGTTG-1",4
"CGCCAAGAGACCTTTG-1",6
"CGCCAAGAGATCGGGT-1",6
"CGCCAAGAGATCTGAA-1",4
"CGCCAAGAGCGTGTCC-1",0
"CGCCAAGGTCTAGGTT-1",7
"CGCCAAGTCAGGATCT-1",2
"CGCCAAGTCCACTCCA-1",5
"CGCCAAGTCTTGTTTG-1",4
"CGCGGTAAGCTAGCCC-1",6
"CGCGGTAAGGGTTCCC-1",3
"CGCGGTACAAACTGCT-1",2
"CGCGGTACAATGGAAT-1",2
"CGCGGTACAGCTGTTA-1",0
"CGCGGTAGTCAAGCGA-1",2
"CGCGGTAGTGAGGCTA-1",1
"CGCGGTAGTTTGCATG-1",2
"CGCGTTTAGTTATCGC-1",1
"CGCGTTTCAACAACCT-1",1
"CGCGTTTCAAGCGAGT-1",10
"CGCGTTTCAATGGACG-1",0
"CGCGTTTCACGGTGTC-1",4
"CGCGTTTGTGCTGTAT-1",4
"CGCGTTTGTGGACGAT-1",4
"CGCGTTTTCAAACCGT-1",4
"CGCGTTTTCAGCCTAA-1",0
"CGCGTTTTCCTATGTT-1",0
"CGCGTTTTCGTGGTCG-1",10
"CGCTATCAGAAACCGC-1",0
"CGCTATCAGTCATCCA-1",5
"CGCTATCCAAGCGAGT-1",7
"CGCTATCCAGTCGATT-1",2
"CGCTATCCATCGACGC-1",11
"CGCTATCCATTTCAGG-1",5
"CGCTATCGTACCGAGA-1",2
"CGCTATCGTTCGAATC-1",2
"CGCTATCGTTTCGCTC-1",9
"CGCTATCTCGTTACAG-1",3
"CGCTGGAAGGACATTA-1",3
"CGCTGGAAGGGCACTA-1",6
"CGCTGGAAGGTGATAT-1",0
"CGCTGGACAGACTCGC-1",1
"CGCTGGAGTGTAATGA-1",2
"CGCTGGAGTTCTGGTA-1",3
"CGCTGGATCCGAAGAG-1",2
"CGCTGGATCCGTTGCT-1",0
"CGCTGGATCGTAGGAG-1",4
"CGCTGGATCGTTACAG-1",3
"CGCTTCAAGAAGGGTA-1",3
"CGCTTCAAGGTCGGAT-1",2
"CGCTTCACACGGTGTC-1",6
"CGCTTCACAGACAAGC-1",2
"CGCTTCACATCACCCT-1",16
"CGCTTCAGTCGCGGTT-1",4
"CGCTTCATCTTAGAGC-1",11
"CGGACACAGCGATATA-1",1
"CGGACACAGCGATGAC-1",9
"CGGACACAGCTTCGCG-1",2
"CGGACACAGGTAAACT-1",3
"CGGACACAGTAGCCGA-1",3
"CGGACACCACAGGAGT-1",1
"CGGACACCATTCACTT-1",0
"CGGACACGTGAGCGAT-1",1
"CGGACACGTGCTCTTC-1",1
"CGGACACGTGTGACCC-1",2
"CGGACGTAGGTTACCT-1",5
"CGGACGTCATGGGACA-1",3
"CGGACGTGTGAAAGAG-1",3
"CGGACGTGTTGGTAAA-1",5
"CGGACGTTCATGTGGT-1",3
"CGGACGTTCTGTCCGT-1",1
"CGGACTGAGGAGCGAG-1",1
"CGGACTGAGGAGTCTG-1",4
"CGGACTGAGTGGTAGC-1",1
"CGGACTGCAACTTGAC-1",2
"CGGACTGCAATGACCT-1",3
"CGGACTGCACAACGTT-1",8
"CGGACTGCACGCCAGT-1",3
"CGGACTGCAGTATGCT-1",0
"CGGACTGGTAAAGGAG-1",3
"CGGACTGGTATAAACG-1",3
"CGGACTGGTGTAAGTA-1",1
"CGGACTGGTGTGGTTT-1",4
"CGGACTGGTTGACGTT-1",2
"CGGACTGTCATTGCCC-1",5
"CGGACTGTCCATGCTC-1",6
"CGGACTGTCCGTCAAA-1",2
"CGGACTGTCGTTTGCC-1",4
"CGGACTGTCTTCATGT-1",10
"CGGAGCTAGTTTAGGA-1",4
"CGGAGCTCATTGAGCT-1",2
"CGGAGCTGTAGAAAGG-1",7
"CGGAGCTTCACTTATC-1",7
"CGGAGCTTCATGTAGC-1",1
"CGGAGCTTCCACGAAT-1",6
"CGGAGTCAGTGCGATG-1",3
"CGGAGTCAGTGTGAAT-1",3
"CGGAGTCCAGTGGGAT-1",3
"CGGAGTCCATTATCTC-1",2
"CGGAGTCGTAGCTGCC-1",1
"CGGAGTCGTCCAGTGC-1",2
"CGGAGTCGTGTTCGAT-1",5
"CGGAGTCTCCCAGGTG-1",6
"CGGAGTCTCCGTAGTA-1",2
"CGGCTAGAGAAACGCC-1",1
"CGGCTAGAGCACCGTC-1",0
"CGGCTAGAGCTAAACA-1",2
"CGGCTAGCAGACAAAT-1",5
"CGGCTAGGTAACGCGA-1",4
"CGGCTAGGTTCATGGT-1",2
"CGGCTAGTCAAAGACA-1",2
"CGGCTAGTCGTGGGAA-1",1
"CGGCTAGTCTTGTTTG-1",4
"CGGGTCAAGAGTCGGT-1",9
"CGGGTCAAGCACACAG-1",8
"CGGGTCAAGCTAACTC-1",0
"CGGGTCAAGGACACCA-1",2
"CGGGTCAAGTATGACA-1",3
"CGGGTCACAATGACCT-1",2
"CGGGTCACACCGAAAG-1",5
"CGGGTCACAGCCACCA-1",2
"CGGGTCACATACAGCT-1",2
"CGGGTCACATCCTTGC-1",1
"CGGGTCAGTAGCGCTC-1",0
"CGGGTCAGTCGATTGT-1",3
"CGGGTCAGTGCAACTT-1",6
"CGGGTCAGTTGTTTGG-1",5
"CGGGTCATCAACACCA-1",6
"CGGGTCATCACCTTAT-1",8
"CGGGTCATCCACGACG-1",8
"CGGTTAACAGGACCCT-1",2
"CGGTTAACATGTCCTC-1",1
"CGGTTAACATTCCTGC-1",2
"CGGTTAAGTCGACTGC-1",9
"CGGTTAATCCGGCACA-1",5
"CGGTTAATCCTTTCGG-1",0
"CGGTTAATCTTATCTG-1",6
"CGTAGCGAGATGTAAC-1",5
"CGTAGCGAGGCAATTA-1",2
"CGTAGCGAGTAGGTGC-1",9
"CGTAGCGCAAGCGCTC-1",1
"CGTAGCGTCCAACCAA-1",6
"CGTAGCGTCGGCGGTT-1",0
"CGTAGGCAGGGCTCTC-1",2
"CGTAGGCCAAGCGATG-1",3
"CGTAGGCCACTAAGTC-1",2
"CGTAGGCCAGAGTGTG-1",1
"CGTAGGCCATCCCATC-1",6
"CGTAGGCGTATTAGCC-1",0
"CGTAGGCGTCAATACC-1",1
"CGTAGGCGTGGCGAAT-1",3
"CGTAGGCTCCAGAAGG-1",2
"CGTCACTAGTCATGCT-1",3
"CGTCACTCAAAGCGGT-1",2
"CGTCACTCAGGTCCAC-1",1
"CGTCACTCAGTCACTA-1",4
"CGTCACTTCCTTGACC-1",1
"CGTCACTTCGGTGTTA-1",0
"CGTCACTTCTGTGCAA-1",5
"CGTCACTTCTTGAGAC-1",5
"CGTCAGGAGCTGTTCA-1",11
"CGTCAGGCAAAGCAAT-1",4
"CGTCAGGCAAAGCGGT-1",5
"CGTCAGGCAACACGCC-1",1
"CGTCAGGCATCCGCGA-1",1
"CGTCAGGGTCAGCTAT-1",2
"CGTCAGGGTCGTTGTA-1",2
"CGTCAGGGTGTAAGTA-1",1
"CGTCAGGTCCACTGGG-1",4
"CGTCAGGTCGACAGCC-1",6
"CGTCAGGTCGGGAGTA-1",4
"CGTCCATAGACCACGA-1",9
"CGTCCATAGCGATTCT-1",3
"CGTCCATAGGCTATCT-1",3
"CGTCCATAGTCTCAAC-1",1
"CGTCCATCACGACTCG-1",4
"CGTCCATCATTCACTT-1",2
"CGTCCATGTCTAGCGC-1",9
"CGTCCATGTGATAAAC-1",7
"CGTCCATGTTTGGGCC-1",0
"CGTCCATGTTTGTGTG-1",3
"CGTCCATTCAACACCA-1",4
"CGTCCATTCATTCACT-1",3
"CGTCTACAGTGCGTGA-1",3
"CGTCTACGTAGTAGTA-1",1
"CGTCTACTCGAGCCCA-1",2
"CGTCTACTCGCCATAA-1",1
"CGTCTACTCGGCCGAT-1",8
"CGTCTACTCGTCCAGG-1",1
"CGTCTACTCTATCGCC-1",5
"CGTGAGCAGATCTGAA-1",7
"CGTGAGCAGCAATCTC-1",2
"CGTGAGCAGCGGATCA-1",4
"CGTGAGCAGCTAGTGG-1",4
"CGTGAGCAGCTTCGCG-1",8
"CGTGAGCAGGGCACTA-1",2
"CGTGAGCAGGGTGTGT-1",2
"CGTGAGCAGTGGAGAA-1",1
"CGTGAGCCAAGCCGCT-1",8
"CGTGAGCCACGTAAGG-1",3
"CGTGAGCCATACGCCG-1",1
"CGTGAGCGTAGATTAG-1",0
"CGTGAGCGTCTCTTAT-1",6
"CGTGAGCTCACAAACC-1",4
"CGTGAGCTCCAAATGC-1",0
"CGTGAGCTCCGAGCCA-1",21
"CGTGAGCTCGTTGCCT-1",1
"CGTGAGCTCTGGGCCA-1",5
"CGTGTAAAGATAGTCA-1",2
"CGTGTAAAGGTGTTAA-1",3
"CGTGTAAAGTACATGA-1",4
"CGTGTAACATGGGACA-1",0
"CGTGTAAGTCCGCTGA-1",2
"CGTGTAAGTGTCTGAT-1",3
"CGTGTAATCTACTATC-1",2
"CGTGTAATCTCGATGA-1",5
"CGTGTAATCTTTAGTC-1",6
"CGTGTCTAGGCGCTCT-1",0
"CGTGTCTAGGGATGGG-1",7
"CGTGTCTCAGACAAAT-1",1
"CGTGTCTCAGACACTT-1",1
"CGTGTCTGTAAGAGGA-1",3
"CGTGTCTGTATATGAG-1",6
"CGTGTCTGTCAAAGCG-1",3
"CGTGTCTGTTCCGTCT-1",3
"CGTGTCTTCAATCACG-1",4
"CGTGTCTTCAGAGGTG-1",2
"CGTGTCTTCATAGCAC-1",3
"CGTGTCTTCCGAACGC-1",3
"CGTGTCTTCGGCATCG-1",10
"CGTGTCTTCGTGGACC-1",1
"CGTGTCTTCTACTTAC-1",5
"CGTGTCTTCTGAGTGT-1",8
"CGTTAGAAGATCTGAA-1",1
"CGTTAGAAGGCCCTTG-1",6
"CGTTAGACACGAAAGC-1",3
"CGTTAGACAGCTTCGG-1",2
"CGTTAGAGTTTAAGCC-1",5
"CGTTAGATCACTTATC-1",2
"CGTTAGATCAGCCTAA-1",9
"CGTTCTGAGAAGGGTA-1",3
"CGTTCTGAGACTAGGC-1",3
"CGTTCTGAGTGAACAT-1",0
"CGTTCTGCAGCTCGCA-1",6
"CGTTCTGCATTGGCGC-1",1
"CGTTCTGGTGAGGGTT-1",9
"CGTTCTGTCTGATTCT-1",6
"CGTTGGGAGCTAGTTC-1",4
"CGTTGGGAGGATGCGT-1",1
"CGTTGGGCACATTAGC-1",1
"CGTTGGGCAGACAGGT-1",1
"CGTTGGGGTTCCCGAG-1",3
"CGTTGGGTCATGCTCC-1",3
"CGTTGGGTCCATGAAC-1",9
"CGTTGGGTCTACCAGA-1",3
"CTAACTTAGTCCTCCT-1",5
"CTAACTTCAATAGCAA-1",4
"CTAACTTCAATCGGTT-1",7
"CTAACTTGTGAGGCTA-1",5
"CTAACTTTCGTACGGC-1",2
"CTAACTTTCTGGCGTG-1",6
"CTAAGACAGGGAAACA-1",2
"CTAAGACAGTACATGA-1",7
"CTAAGACAGTTCGCGC-1",8
"CTAAGACCAAGTAATG-1",1
"CTAAGACCAGTAAGAT-1",4
"CTAAGACCATGCAATC-1",7
"CTAAGACGTAAGGATT-1",4
"CTAAGACGTATCAGTC-1",2
"CTAAGACGTCACCTAA-1",9
"CTAAGACTCGTTGCCT-1",6
"CTAAGACTCTTACCGC-1",5
"CTAAGACTCTTGAGGT-1",2
"CTAATGGAGCAATCTC-1",2
"CTAATGGAGCGCTCCA-1",12
"CTAATGGAGCTCCCAG-1",7
"CTAATGGAGCTGAAAT-1",8
"CTAATGGAGTTAGGTA-1",0
"CTAATGGCATGGAATA-1",5
"CTAATGGGTACCGCTG-1",6
"CTAATGGGTCTAGCGC-1",2
"CTAATGGGTGAGGGAG-1",1
"CTAATGGGTTGGTGGA-1",1
"CTAATGGTCATGCTCC-1",5
"CTAATGGTCCACTGGG-1",1
"CTAATGGTCCGTTGCT-1",2
"CTAATGGTCCTAGAAC-1",4
"CTACACCAGTGCGATG-1",1
"CTACACCCACGGACAA-1",2
"CTACACCGTAATAGCA-1",5
"CTACACCGTCTGATTG-1",1
"CTACACCGTTCGTCTC-1",7
"CTACACCTCAGAAATG-1",4
"CTACACCTCGGCTTGG-1",7
"CTACACCTCGGTCCGA-1",3
"CTACACCTCTCGCATC-1",6
"CTACACCTCTCTGCTG-1",4
"CTACATTAGATCACGG-1",0
"CTACATTCACTCGACG-1",4
"CTACATTCATTTCACT-1",6
"CTACATTGTGATGATA-1",1
"CTACATTGTTCGAATC-1",5
"CTACATTTCAACGCTA-1",3
"CTACATTTCGCCATAA-1",0
"CTACATTTCTAGCACA-1",3
"CTACCCACACAGAGGT-1",2
"CTACCCACACGACGAA-1",7
"CTACCCACATGGTTGT-1",2
"CTACCCAGTATCTGCA-1",4
"CTACCCAGTATGAATG-1",3
"CTACCCAGTCAGAAGC-1",2
"CTACCCAGTGTGACCC-1",5
"CTACCCAGTTATGTGC-1",5
"CTACCCATCTACGAGT-1",1
"CTACGTCAGGTGCAAC-1",6
"CTACGTCAGTGCGATG-1",9
"CTACGTCAGTTGTCGT-1",11
"CTACGTCCATATACCG-1",2
"CTACGTCGTATATGGA-1",5
"CTACGTCGTGTGGTTT-1",0
"CTACGTCTCAAAGTAG-1",2
"CTACGTCTCACGACTA-1",3
"CTACGTCTCACGGTTA-1",6
"CTACGTCTCCTAGAAC-1",4
"CTAGAGTAGCTGTCTA-1",6
"CTAGAGTAGGATCGCA-1",2
"CTAGAGTAGTCCATAC-1",3
"CTAGAGTCACATTAGC-1",3
"CTAGAGTCAGTATGCT-1",5
"CTAGAGTCATACTCTT-1",3
"CTAGAGTCATGTAAGA-1",3
"CTAGAGTGTGACCAAG-1",3
"CTAGAGTTCAACACCA-1",0
"CTAGAGTTCCGTCAAA-1",3
"CTAGAGTTCCTAAGTG-1",5
"CTAGAGTTCGCCAGCA-1",2
"CTAGAGTTCGCTTAGA-1",5
"CTAGAGTTCGTGACAT-1",2
"CTAGAGTTCTGATTCT-1",4
"CTAGCCTCACCAGATT-1",2
"CTAGCCTGTATATCCG-1",3
"CTAGCCTGTGATGCCC-1",0
"CTAGCCTTCGGGAGTA-1",3
"CTAGTGAAGCTGGAAC-1",3
"CTAGTGAAGTGTACCT-1",3
"CTAGTGACAAGTCTAC-1",1
"CTAGTGACAGGATCGA-1",8
"CTAGTGAGTTATGCGT-1",2
"CTAGTGATCAGTTGAC-1",5
"CTAGTGATCCAGTAGT-1",2
"CTCACACAGCTAAGAT-1",4
"CTCACACAGCTGCCCA-1",1
"CTCACACAGGATGCGT-1",14
"CTCACACCACGTAAGG-1",1
"CTCACACCACTGTTAG-1",2
"CTCACACCATATACGC-1",5
"CTCACACGTGCTGTAT-1",2
"CTCACACGTTCCATGA-1",3
"CTCACACGTTTGGGCC-1",3
"CTCACACTCACCGGGT-1",1
"CTCACACTCATCGGAT-1",1
"CTCACACTCCGCGCAA-1",3
"CTCACACTCTAACCGA-1",3
"CTCAGAAAGAGCTGCA-1",1
"CTCAGAAAGGAGTAGA-1",3
"CTCAGAACAACGCACC-1",13
"CTCAGAACAAGCGATG-1",2
"CTCAGAACAGGGCATA-1",2
"CTCAGAAGTGACGGTA-1",6
"CTCAGAATCTTAACCT-1",3
"CTCATTAAGAACTGTA-1",3
"CTCATTACATGGTCAT-1",4
"CTCATTAGTGTAACGG-1",7
"CTCATTAGTTTACTCT-1",5
"CTCCTAGCAAGTACCT-1",1
"CTCCTAGCAATTCCTT-1",1
"CTCCTAGCACTGTCGG-1",1
"CTCCTAGCAGTCCTTC-1",4
"CTCCTAGCATAACCTG-1",0
"CTCCTAGCATGCGCAC-1",1
"CTCCTAGGTAGAAAGG-1",3
"CTCCTAGGTCCGAGTC-1",6
"CTCCTAGGTCTAGCCG-1",3
"CTCCTAGGTGTTTGTG-1",2
"CTCCTAGGTTCGTGAT-1",1
"CTCCTAGGTTGTTTGG-1",2
"CTCCTAGTCACTTACT-1",2
"CTCCTAGTCTCATTCA-1",3
"CTCGAAAAGCCCAACC-1",2
"CTCGAAAAGCTATGCT-1",9
"CTCGAAAAGGCCCTTG-1",5
"CTCGAAAAGGGCTTCC-1",3
"CTCGAAACAAGCCGTC-1",6
"CTCGAAACACATTAGC-1",5
"CTCGAAACACCGAAAG-1",4
"CTCGAAACACGGCTAC-1",4
"CTCGAAACAGTAAGAT-1",2
"CTCGAAACATACGCCG-1",3
"CTCGAGGAGCCATCGC-1",2
"CTCGAGGAGGGCTTCC-1",6
"CTCGAGGCAGATAATG-1",6
"CTCGAGGGTATTCTCT-1",5
"CTCGAGGGTGCCTGGT-1",0
"CTCGGAGAGTCCCACG-1",3
"CTCGGAGCACTTCTGC-1",1
"CTCGGAGCAGCTGCAC-1",2
"CTCGGAGCAGGATCGA-1",6
"CTCGGAGGTAGCCTAT-1",2
"CTCGGAGGTCATGCCG-1",4
"CTCGGAGTCAAACGGG-1",1
"CTCGGAGTCACATACG-1",2
"CTCGGAGTCAGCTTAG-1",0
"CTCGGGAAGACCTAGG-1",7
"CTCGGGACACAGCCCA-1",1
"CTCGGGACATAAAGGT-1",0
"CTCGGGACATCCCACT-1",9
"CTCGGGACATGTCGAT-1",5
"CTCGGGAGTCGCGTGT-1",9
"CTCGGGAGTGACTACT-1",0
"CTCGGGAGTTACGACT-1",3
"CTCGGGATCCGTACAA-1",7
"CTCGGGATCCTTGACC-1",2
"CTCGGGATCTTAGCCC-1",3
"CTCGGGATCTTGTTTG-1",3
"CTCGTACAGCGATAGC-1",5
"CTCGTACCAGCGTAAG-1",1
"CTCGTACCATAGTAAG-1",5
"CTCGTACGTAGAGTGC-1",5
"CTCGTACGTATCACCA-1",2
"CTCGTACGTGCAGTAG-1",4
"CTCGTACTCAAAGTAG-1",1
"CTCGTACTCAATCTCT-1",1
"CTCGTACTCGTTGCCT-1",6
"CTCGTACTCTGGTTCC-1",0
"CTCGTCAAGATGCCTT-1",3
"CTCGTCAAGTGGAGTC-1",5
"CTCGTCAAGTTTGCGT-1",1
"CTCGTCACAACGATCT-1",1
"CTCGTCACACATCCGG-1",1
"CTCGTCACAGTCGTGC-1",7
"CTCGTCAGTCTCATCC-1",0
"CTCGTCAGTCTCCATC-1",1
"CTCGTCAGTGAGCGAT-1",0
"CTCGTCAGTTGACGTT-1",0
"CTCGTCAGTTGGGACA-1",2
"CTCGTCATCACTTATC-1",14
"CTCGTCATCGACCAGC-1",6
"CTCGTCATCTGCTGTC-1",7
"CTCTAATCACCAGGTC-1",2
"CTCTAATCACGGTGTC-1",1
"CTCTAATCAGGAATCG-1",1
"CTCTAATGTCCAAGTT-1",1
"CTCTACGAGCTAAACA-1",4
"CTCTACGAGCTAGTGG-1",3
"CTCTACGAGTACGCCC-1",1
"CTCTACGAGTAGGCCA-1",3
"CTCTACGCAATAACGA-1",5
"CTCTACGCAGACGCTC-1",1
"CTCTACGCATGACATC-1",2
"CTCTACGTCATGTCTT-1",4
"CTCTACGTCCCTAATT-1",1
"CTCTACGTCGGCATCG-1",4
"CTCTACGTCGGTCTAA-1",2
"CTCTGGTAGCAGCGTA-1",4
"CTCTGGTAGCGTTCCG-1",1
"CTCTGGTAGGCATGGT-1",6
"CTCTGGTAGTGCCAGA-1",3
"CTCTGGTCACAAGCCC-1",9
"CTCTGGTCAGCCTTTC-1",7
"CTCTGGTTCATCTGTT-1",4
"CTCTGGTTCTTGTACT-1",2
"CTGAAACAGATCCCGC-1",3
"CTGAAACAGGTGCTAG-1",1
"CTGAAACAGTCCGTAT-1",0
"CTGAAACAGTGTCTCA-1",4
"CTGAAACGTCATCGGC-1",9
"CTGAAACGTTAAAGAC-1",5
"CTGAAACTCATACGGT-1",10
"CTGAAGTAGTGCGTGA-1",3
"CTGAAGTCAGCTGTAT-1",5
"CTGAAGTGTTAAAGTG-1",5
"CTGAAGTTCAAGCCTA-1",5
"CTGAAGTTCGGATGTT-1",1
"CTGATAGAGGGAGTAA-1",8
"CTGATAGAGTGCAAGC-1",2
"CTGATAGCAGCCTTTC-1",4
"CTGATAGCATCCCATC-1",1
"CTGATAGCATCTCCCA-1",1
"CTGATAGGTCAAAGCG-1",8
"CTGATAGGTCGCTTTC-1",5
"CTGATAGGTTACGACT-1",1
"CTGATAGTCGCGATCG-1",1
"CTGATAGTCTTATCTG-1",3
"CTGATCCAGGCATTGG-1",3
"CTGATCCAGGTGACCA-1",1
"CTGATCCCACAGAGGT-1",6
"CTGATCCCAGGCTGAA-1",1
"CTGATCCGTGCCTGGT-1",1
"CTGATCCGTTATCCGA-1",2
"CTGATCCGTTGTGGCC-1",14
"CTGCCTAAGGGTCTCC-1",9
"CTGCCTAAGGTGATAT-1",2
"CTGCCTAAGTACGCGA-1",2
"CTGCCTAAGTGCGTGA-1",2
"CTGCCTACATCCCACT-1",10
"CTGCCTATCAATAAGG-1",9
"CTGCGGAAGAAGGACA-1",8
"CTGCGGAAGAGCTGGT-1",3
"CTGCGGAAGATGAGAG-1",5
"CTGCGGACAGGTCGTC-1",2
"CTGCGGACATGTCTCC-1",0
"CTGCGGAGTCACTTCC-1",2
"CTGCGGAGTCGTGGCT-1",2
"CTGCGGAGTTCTGTTT-1",5
"CTGCGGAGTTGGACCC-1",4
"CTGCGGATCGCCTGTT-1",4
"CTGCGGATCTTACCGC-1",4
"CTGCTGTAGGGTGTTG-1",3
"CTGCTGTAGTACCGGA-1",2
"CTGCTGTAGTGGAGAA-1",0
"CTGCTGTCACATCTTT-1",0
"CTGCTGTGTTAAAGAC-1",4
"CTGCTGTTCTCCAACC-1",2
"CTGCTGTTCTTACCGC-1",4
"CTGGTCTAGCGTTGCC-1",4
"CTGGTCTAGGACAGCT-1",3
"CTGGTCTAGGGCTTGA-1",9
"CTGGTCTAGTCGAGTG-1",4
"CTGGTCTCAAAGGAAG-1",2
"CTGGTCTCACCAGTTA-1",5
"CTGGTCTGTACCTACA-1",8
"CTGGTCTGTACGCTGC-1",11
"CTGGTCTGTCCGCTGA-1",2
"CTGGTCTGTCCGTTAA-1",5
"CTGGTCTGTTCATGGT-1",4
"CTGGTCTGTTCGTGAT-1",6
"CTGGTCTTCAACGGGA-1",3
"CTGGTCTTCACTTACT-1",4
"CTGGTCTTCTTACCTA-1",0
"CTGTGCTGTATATCCG-1",1
"CTGTGCTGTCATCCCT-1",2
"CTGTGCTGTCCCTACT-1",1
"CTGTGCTGTCGGCACT-1",0
"CTGTGCTTCCATTCTA-1",6
"CTGTGCTTCCGTACAA-1",3
"CTGTTTAAGAAACCGC-1",1
"CTGTTTAAGATCGATA-1",2
"CTGTTTAAGGAGTTGC-1",2
"CTGTTTAGTCAAAGCG-1",0
"CTGTTTATCAGCCTAA-1",3
"CTGTTTATCATTTGGG-1",7
"CTGTTTATCTCCAGGG-1",2
"CTGTTTATCTCTTGAT-1",4
"CTGTTTATCTTCTGGC-1",5
"CTTAACTAGCCAGTAG-1",3
"CTTAACTAGGCTCTTA-1",1
"CTTAACTAGGTGCACA-1",5
"CTTAACTAGTCTCGGC-1",2
"CTTACCGAGCGCTTAT-1",6
"CTTACCGAGGCTACGA-1",8
"CTTACCGCAGATCTGT-1",4
"CTTACCGCAGTCAGAG-1",0
"CTTACCGGTCCTGCTT-1",1
"CTTACCGGTCGCCATG-1",2
"CTTACCGGTCTACCTC-1",3
"CTTACCGTCGGACAAG-1",3
"CTTAGGAAGCCCAACC-1",1
"CTTAGGACACGACGAA-1",3
"CTTAGGAGTTATGTGC-1",1
"CTTAGGATCCCATTTA-1",6
"CTTAGGATCTTTACAC-1",1
"CTTCTCTAGAACTCGG-1",6
"CTTCTCTAGAGTGAGA-1",5
"CTTCTCTAGCAGGCTA-1",5
"CTTCTCTAGTTAACGA-1",7
"CTTCTCTCAAAGGTGC-1",2
"CTTCTCTGTAACGACG-1",4
"CTTCTCTGTGCATCTA-1",2
"CTTCTCTTCGAGCCCA-1",6
"CTTGGCTAGCGATATA-1",1
"CTTGGCTAGTACGTTC-1",3
"CTTGGCTCATTACCTT-1",2
"CTTGGCTGTCTCCATC-1",2
"CTTGGCTTCCCTAATT-1",3
"CTTGGCTTCGCGTAGC-1",3
"CTTGGCTTCTCGTTTA-1",1
"CTTTGCGAGCAAATCA-1",4
"CTTTGCGAGCGTTCCG-1",9
"CTTTGCGAGTATCTCG-1",2
"CTTTGCGCAATTCCTT-1",2
"CTTTGCGCACTTAAGC-1",7
"CTTTGCGCAGACGCAA-1",3
"CTTTGCGGTAGAGGAA-1",3
"CTTTGCGTCCAGGGCT-1",1
"GAAACTCAGAGACGAA-1",1
"GAAACTCAGAGGTTAT-1",1
"GAAACTCAGCAGCCTC-1",6
"GAAACTCAGCCCAGCT-1",1
"GAAACTCAGCTAAACA-1",4
"GAAACTCAGTGCTGCC-1",2
"GAAACTCCAAGCCCAC-1",4
"GAAACTCCACATGACT-1",3
"GAAACTCCAGACACTT-1",4
"GAAACTCCATGGATGG-1",1
"GAAACTCGTACTCGCG-1",3
"GAAACTCGTAGCGATG-1",3
"GAAACTCGTGTGAAAT-1",1
"GAAACTCGTTTGTGTG-1",0
"GAAATGAAGACTAGGC-1",7
"GAAATGAAGCCAGTTT-1",3
"GAAATGAAGCTAGTCT-1",2
"GAAATGAAGTACGTAA-1",2
"GAAATGATCATGCTCC-1",2
"GAAATGATCCTCGCAT-1",3
"GAACATCAGATGGCGT-1",2
"GAACATCCAACAACCT-1",1
"GAACATCCACATCTTT-1",2
"GAACATCCACCTATCC-1",0
"GAACATCCACGGACAA-1",2
"GAACATCCATGCTAGT-1",3
"GAACATCGTACGACCC-1",1
"GAACATCGTGGACGAT-1",12
"GAACATCGTTCCCGAG-1",0
"GAACATCTCCAAGTAC-1",2
"GAACATCTCGATCCCT-1",1
"GAACATCTCTCCAACC-1",7
"GAACCTAAGAACTGTA-1",5
"GAACCTAAGAGCAATT-1",3
"GAACCTAAGCCAGTAG-1",4
"GAACCTACAAGGACAC-1",2
"GAACCTACAGACACTT-1",0
"GAACCTAGTACCAGTT-1",7
"GAACCTAGTGTCAATC-1",4
"GAACCTATCACGATGT-1",1
"GAACGGAAGACGCAAC-1",0
"GAACGGAAGTAATCCC-1",1
"GAACGGAAGTCAATAG-1",1
"GAACGGAAGTGGACGT-1",1
"GAACGGACACAGCGTC-1",0
"GAACGGACACCTCGTT-1",3
"GAACGGACACTTAACG-1",3
"GAACGGAGTAGCGTAG-1",5
"GAACGGAGTCAGAGGT-1",1
"GAACGGAGTGGCGAAT-1",4
"GAACGGATCACTCCTG-1",6
"GAACGGATCCACGAAT-1",2
"GAACGGATCGTAGGAG-1",10
"GAACGGATCTGTCAAG-1",2
"GAAGCAGAGACTAAGT-1",15
"GAAGCAGAGAGACGAA-1",3
"GAAGCAGAGCCACGCT-1",10
"GAAGCAGAGTTCGCGC-1",1
"GAAGCAGCAATCCGAT-1",15
"GAAGCAGCACTCGACG-1",5
"GAAGCAGCAGATCTGT-1",0
"GAAGCAGCAGATGAGC-1",3
"GAAGCAGCATGAACCT-1",4
"GAAGCAGCATGGAATA-1",0
"GAAGCAGGTAACGCGA-1",4
"GAAGCAGGTCATACTG-1",1
"GAAGCAGTCCTAGTGA-1",5
"GAAGCAGTCTTATCTG-1",1
"GAATAAGCAAGGTGTG-1",3
"GAATAAGCAGACAAGC-1",5
"GAATAAGCATGCAACT-1",3
"GAATAAGGTCCGTTAA-1",9
"GAATAAGGTGAGTGAC-1",0
"GAATAAGGTTCCCTTG-1",1
"GAATAAGTCGTTTAGG-1",2
"GAATGAAAGAGTCTGG-1",5
"GAATGAAAGCTTATCG-1",4
"GAATGAAAGGCATGTG-1",3
"GAATGAACAAACGCGA-1",2
"GAATGAACAGTGAGTG-1",3
"GAATGAACATCATCCC-1",1
"GAATGAAGTCAACATC-1",4
"GAATGAAGTCTCACCT-1",10
"GAATGAAGTGGCAAAC-1",16
"GAATGAAGTTGCGTTA-1",15
"GAATGAATCAGTTAGC-1",5
"GAATGAATCCTGCCAT-1",7
"GACACGCAGACGCACA-1",1
"GACACGCAGAGTAATC-1",0
"GACACGCAGCCAACAG-1",1
"GACACGCAGGAGTTTA-1",6
"GACACGCAGGGCATGT-1",0
"GACACGCAGGTGCACA-1",7
"GACACGCAGTCCAGGA-1",5
"GACACGCAGTGGGATC-1",9
"GACACGCAGTGGGTTG-1",4
"GACACGCCAAGCGTAG-1",3
"GACACGCCAAGGACAC-1",1
"GACACGCCAGACGCTC-1",0
"GACACGCCATCCTTGC-1",10
"GACACGCGTTCACGGC-1",7
"GACACGCTCATGTAGC-1",8
"GACAGAGAGTACGATA-1",8
"GACAGAGCAACGATCT-1",10
"GACAGAGCAAGTCTAC-1",1
"GACAGAGCAGCTCCGA-1",9
"GACAGAGCAGCTGGCT-1",2
"GACAGAGGTAGAAAGG-1",0
"GACAGAGTCAAACAAG-1",6
"GACAGAGTCAGAGACG-1",3
"GACAGAGTCCTTCAAT-1",4
"GACAGAGTCCTTGCCA-1",3
"GACAGAGTCTTCATGT-1",6
"GACCAATAGAAGGGTA-1",6
"GACCAATAGCTACCGC-1",5
"GACCAATAGCTACCTA-1",2
"GACCAATCAGGTGCCT-1",3
"GACCAATCATGCGCAC-1",6
"GACCAATGTACAGTTC-1",1
"GACCAATGTCGCTTCT-1",4
"GACCAATTCCGATATG-1",4
"GACCAATTCGAATGGG-1",1
"GACCAATTCGTCACGG-1",1
"GACCTGGCATCACAAC-1",1
"GACCTGGCATGTCTCC-1",3
"GACCTGGCATTGGCGC-1",18
"GACCTGGGTAAAGGAG-1",2
"GACCTGGGTCCAGTTA-1",5
"GACCTGGGTGCAGTAG-1",3
"GACCTGGTCATAGCAC-1",2
"GACCTGGTCCTTGCCA-1",8
"GACCTGGTCGCATGAT-1",1
"GACCTGGTCGTCACGG-1",6
"GACGCGTAGTGGTAAT-1",1
"GACGCGTAGTTGTAGA-1",2
"GACGCGTGTAAAGGAG-1",22
"GACGCGTGTGTGAAAT-1",9
"GACGCGTGTTAAGACA-1",6
"GACGCGTTCAAACCGT-1",3
"GACGCGTTCCAAATGC-1",1
"GACGCGTTCCGCGGTA-1",4
"GACGCGTTCCTACAGA-1",6
"GACGCGTTCGACGGAA-1",1
"GACGCGTTCTCCGGTT-1",14
"GACGGCTAGAAGATTC-1",0
"GACGGCTAGAGCTGGT-1",7
"GACGGCTCAAGGTTTC-1",6
"GACGGCTCACCGCTAG-1",4
"GACGGCTCATGAACCT-1",0
"GACGGCTCATGCAACT-1",9
"GACGGCTGTGTGTGCC-1",1
"GACGGCTGTTATGTGC-1",4
"GACGGCTGTTTGGCGC-1",4
"GACGGCTTCTATCGCC-1",7
"GACGTGCAGGCAAAGA-1",3
"GACGTGCAGGGTGTGT-1",5
"GACGTGCAGGTGTTAA-1",0
"GACGTGCCAGGTCGTC-1",3
"GACGTGCGTAACGTTC-1",3
"GACGTGCTCACCTCGT-1",0
"GACGTTAAGCTACCGC-1",2
"GACGTTAAGGCAAAGA-1",7
"GACGTTAAGTCAAGCG-1",5
"GACGTTACAAGCCATT-1",3
"GACGTTACAAGGTTTC-1",1
"GACGTTACAGACACTT-1",3
"GACGTTAGTATCTGCA-1",6
"GACGTTAGTTTGACAC-1",5
"GACGTTAGTTTGACTG-1",4
"GACGTTATCACAGGCC-1",1
"GACGTTATCATTGCGA-1",2
"GACGTTATCCCGGATG-1",1
"GACGTTATCCGAAGAG-1",0
"GACGTTATCGCGTTTC-1",0
"GACGTTATCTGTCCGT-1",8
"GACTAACAGACAGAGA-1",18
"GACTAACAGTGGAGAA-1",2
"GACTAACCAAATCCGT-1",2
"GACTAACGTCTAGTCA-1",5
"GACTAACGTGCAACTT-1",1
"GACTAACGTTCAGACT-1",1
"GACTAACTCCGCGCAA-1",0
"GACTAACTCCTTTCTC-1",1
"GACTAACTCTTGCCGT-1",1
"GACTAACTCTTTACAC-1",5
"GACTACAAGATATGGT-1",1
"GACTACACAAATCCGT-1",4
"GACTACAGTGCTGTAT-1",6
"GACTACATCAGCCTAA-1",0
"GACTACATCAGGTAAA-1",5
"GACTACATCTGCAGTA-1",5
"GACTGCGAGCGTAGTG-1",1
"GACTGCGAGTTGTAGA-1",4
"GACTGCGCACTTAACG-1",11
"GACTGCGCATGTTCCC-1",3
"GACTGCGGTACGCACC-1",6
"GACTGCGGTTCTCATT-1",2
"GACTGCGTCAACACAC-1",3
"GACTGCGTCACGACTA-1",0
"GACTGCGTCGCCCTTA-1",3
"GACTGCGTCTCAAACG-1",2
"GAGCAGAGTAGGGTAC-1",3
"GAGCAGAGTCAGATAA-1",2
"GAGCAGAGTCATATGC-1",0
"GAGCAGAGTGAGCGAT-1",2
"GAGCAGAGTGTAACGG-1",5
"GAGCAGAGTGTGACCC-1",2
"GAGCAGAGTTCGGGCT-1",6
"GAGCAGAGTTTAAGCC-1",1
"GAGCAGAGTTTGCATG-1",6
"GAGGTGAAGCAACGGT-1",10
"GAGGTGAAGGCTCTTA-1",3
"GAGGTGAAGTGGTAGC-1",7
"GAGGTGAAGTTGTAGA-1",2
"GAGGTGACACTGTCGG-1",3
"GAGGTGACATCCTTGC-1",0
"GAGGTGACATGCATGT-1",6
"GAGGTGAGTACCTACA-1",2
"GAGGTGAGTCATTAGC-1",12
"GAGGTGAGTTCCTCCA-1",3
"GAGGTGATCATCGCTC-1",2
"GAGGTGATCTAGAGTC-1",2
"GAGGTGATCTCTAGGA-1",7
"GAGGTGATCTGCTGTC-1",9
"GAGGTGATCTGGGCCA-1",7
"GAGTCCGAGGACAGAA-1",7
"GAGTCCGAGGCATGTG-1",1
"GAGTCCGAGGCGTACA-1",0
"GAGTCCGCAAACCCAT-1",0
"GAGTCCGGTCAAGCGA-1",3
"GAGTCCGGTGACCAAG-1",0
"GAGTCCGGTGACTCAT-1",1
"GAGTCCGGTGTGACCC-1",0
"GAGTCCGGTTCGGGCT-1",3
"GAGTCCGGTTTGCATG-1",3
"GAGTCCGTCGGCGCAT-1",4
"GAGTCCGTCTGATTCT-1",3
"GATCAGTAGATGTCGG-1",9
"GATCAGTAGTGGTAGC-1",0
"GATCAGTGTATATGAG-1",6
"GATCAGTGTCTGCGGT-1",0
"GATCAGTGTTATGCGT-1",2
"GATCAGTGTTGTACAC-1",15
"GATCAGTTCCCGACTT-1",1
"GATCGATAGAATGTTG-1",4
"GATCGATAGAGCTGCA-1",4
"GATCGATAGCATGGCA-1",2
"GATCGATCAAGCGAGT-1",1
"GATCGATCAAGCGTAG-1",7
"GATCGATGTCAACATC-1",13
"GATCGATGTTGCCTCT-1",3
"GATCGATTCCGCATCT-1",10
"GATCGCGAGATAGTCA-1",6
"GATCGCGAGCCTTGAT-1",3
"GATCGCGAGGAGCGTT-1",3
"GATCGCGCAGGTCGTC-1",3
"GATCGCGGTACAGCAG-1",1
"GATCGCGGTGAGTATA-1",0
"GATCGCGGTTGTCGCG-1",3
"GATCGCGTCACTCCTG-1",5
"GATCGTAAGACATAAC-1",3
"GATCGTAAGCTCAACT-1",3
"GATCGTACATAACCTG-1",9
"GATCGTAGTGGCTCCA-1",2
"GATCGTATCATATCGG-1",5
"GATCGTATCATGTCCC-1",1
"GATCGTATCTTACCGC-1",0
"GATCTAGAGCGTCTAT-1",3
"GATCTAGAGTGGAGAA-1",0
"GATCTAGCAACACCTA-1",1
"GATCTAGCAAGGGTCA-1",2
"GATCTAGGTCTAAAGA-1",12
"GATCTAGGTCTCACCT-1",4
"GATCTAGGTCTCTTTA-1",1
"GATCTAGTCACATAGC-1",5
"GATCTAGTCTAAGCCA-1",7
"GATGAAAAGAGTAATC-1",2
"GATGAAAAGCTCCCAG-1",8
"GATGAAACACGGTAGA-1",2
"GATGAAACAGCTGTAT-1",4
"GATGAAAGTGGGTATG-1",9
"GATGAAATCACCCTCA-1",1
"GATGAAATCACTCCTG-1",2
"GATGAAATCAGCAACT-1",3
"GATGAAATCGAGAGCA-1",6
"GATGAGGAGATCCCGC-1",4
"GATGAGGAGTTCGATC-1",5
"GATGAGGCACCAGTTA-1",4
"GATGAGGGTATCACCA-1",1
"GATGAGGGTATTCGTG-1",2
"GATGAGGGTCGCGTGT-1",16
"GATGAGGGTGATGATA-1",10
"GATGAGGTCACAGGCC-1",1
"GATGAGGTCACATAGC-1",8
"GATGAGGTCCCTTGTG-1",8
"GATGAGGTCTGCTGTC-1",2
"GATGCTAAGACTAAGT-1",0
"GATGCTAAGGATGCGT-1",5
"GATGCTAAGGCTCTTA-1",0
"GATGCTAAGGGAACGG-1",2
"GATGCTAAGTATCTCG-1",5
"GATGCTAAGTCTCGGC-1",11
"GATGCTACATGTTGAC-1",2
"GATGCTACATTGCGGC-1",6
"GATGCTAGTCTCCATC-1",3
"GATGCTAGTGGAAAGA-1",0
"GATGCTAGTTAGGGTG-1",1
"GATGCTATCCTGTACC-1",1
"GATGCTATCGGCGCTA-1",3
"GATTCAGAGAAACCTA-1",5
"GATTCAGAGAGTGACC-1",0
"GATTCAGAGATTACCC-1",4
"GATTCAGAGGGTCGAT-1",2
"GATTCAGAGGTCGGAT-1",0
"GATTCAGAGTCAATAG-1",2
"GATTCAGCAAGTTGTC-1",10
"GATTCAGCAATTCCTT-1",10
"GATTCAGCAGGGTACA-1",1
"GATTCAGCATCGACGC-1",0
"GATTCAGCATTATCTC-1",6
"GATTCAGGTAAATACG-1",4
"GATTCAGTCAACTCTT-1",3
"GCAAACTAGATGTTAG-1",2
"GCAAACTAGTCATGCT-1",4
"GCAAACTAGTCTCAAC-1",6
"GCAAACTCACAGGTTT-1",2
"GCAAACTGTCAGATAA-1",2
"GCAAACTGTCTCCATC-1",2
"GCAAACTTCGTGGTCG-1",3
"GCAATCAAGGGATCTG-1",5
"GCAATCAAGTATCTCG-1",7
"GCAATCAAGTGGGTTG-1",3
"GCAATCACAGCTTAAC-1",2
"GCAATCACATGTCGAT-1",1
"GCAATCACATTCCTCG-1",5
"GCAATCAGTAGGAGTC-1",3
"GCAATCAGTATAATGG-1",10
"GCAATCAGTTCTCATT-1",5
"GCAATCAGTTCTGGTA-1",5
"GCACATAAGAGCTATA-1",5
"GCACATAAGATGTTAG-1",0
"GCACATAAGCCTTGAT-1",3
"GCACATAAGGAGTACC-1",10
"GCACATAAGTGAAGTT-1",2
"GCACATACACCACGTG-1",1
"GCACATACAGCTGTAT-1",3
"GCACATACAGGAACGT-1",5
"GCACATAGTCATCGGC-1",1
"GCACATAGTCCGAATT-1",4
"GCACATAGTCTCTTTA-1",4
"GCACATAGTGCGCTTG-1",4
"GCACATATCACCTCGT-1",3
"GCACATATCTGGTTCC-1",1
"GCACTCTCAAGACACG-1",10
"GCACTCTCAATCACAC-1",11
"GCACTCTCATTTCAGG-1",2
"GCACTCTGTAAACCTC-1",2
"GCACTCTGTACCAGTT-1",4
"GCACTCTGTAGAAAGG-1",2
"GCACTCTGTCGAACAG-1",1
"GCACTCTGTCTAGGTT-1",7
"GCACTCTTCAACTCTT-1",4
"GCACTCTTCCCTAATT-1",6
"GCACTCTTCTGCCCTA-1",0
"GCAGCCAAGCTGATAA-1",3
"GCAGCCACATGAGCGA-1",2
"GCAGCCAGTAATCGTC-1",4
"GCAGCCAGTGTCGCTG-1",6
"GCAGCCATCAGTTGAC-1",4
"GCAGCCATCCCAACGG-1",0
"GCAGCCATCCGTACAA-1",6
"GCAGTTAAGTCCATAC-1",11
"GCAGTTAAGTCCGTAT-1",1
"GCAGTTAAGTTAACGA-1",6
"GCAGTTAGTGGACGAT-1",4
"GCAGTTAGTTATTCTC-1",1
"GCAGTTATCGCGATCG-1",0
"GCATACAAGATCTGCT-1",9
"GCATACAAGCAACGGT-1",7
"GCATACACAACGCACC-1",12
"GCATACACAAGGACTG-1",8
"GCATACACAAGTCTGT-1",2
"GCATACACAGTCAGCC-1",11
"GCATACACATCCTAGA-1",2
"GCATACACATCGGAAG-1",3
"GCATACAGTCCGAACC-1",7
"GCATACAGTTCTGGTA-1",1
"GCATACATCCACGACG-1",3
"GCATGATAGAATGTTG-1",5
"GCATGATAGAGTAATC-1",1
"GCATGATAGCTGATAA-1",1
"GCATGATAGGACCACA-1",10
"GCATGATAGGCTAGCA-1",1
"GCATGATAGTCAAGCG-1",2
"GCATGATAGTGGAGAA-1",8
"GCATGATCACACCGAC-1",1
"GCATGATCACATTTCT-1",0
"GCATGATGTCCCTACT-1",3
"GCATGATGTTGCGCAC-1",9
"GCATGATTCGTGGACC-1",4
"GCATGCGAGCATGGCA-1",3
"GCATGCGAGTCCAGGA-1",1
"GCATGCGCACTGCCAG-1",2
"GCATGCGGTAAGGATT-1",7
"GCATGCGGTCCTCTTG-1",2
"GCATGCGGTGTGAAAT-1",5
"GCATGCGTCCGCGGTA-1",3
"GCATGTAAGAACTGTA-1",1
"GCATGTAAGACAGACC-1",2
"GCATGTAAGTACTTGC-1",3
"GCATGTAAGTGCAAGC-1",0
"GCATGTACAACACGCC-1",2
"GCATGTATCACGAAGG-1",0
"GCCAAATCAAACTGTC-1",5
"GCCAAATCAAGGGTCA-1",9
"GCCAAATCAAGTTCTG-1",2
"GCCAAATCAGCCACCA-1",2
"GCCAAATCATAACCTG-1",3
"GCCAAATGTATAAACG-1",5
"GCCAAATGTGTTTGGT-1",11
"GCCAAATGTTTCGCTC-1",1
"GCCAAATTCAGGTAAA-1",3
"GCCAAATTCCGAGCCA-1",2
"GCCAAATTCCGCGGTA-1",6
"GCCAAATTCGGCTACG-1",1
"GCCTCTAAGAGTACCG-1",4
"GCCTCTAAGCCATCGC-1",1
"GCCTCTAAGCCGCCTA-1",0
"GCCTCTAAGCGATAGC-1",0
"GCCTCTAAGCTGCAAG-1",9
"GCCTCTAAGCTTCGCG-1",6
"GCCTCTAAGTCACGCC-1",2
"GCCTCTACAAGACGTG-1",3
"GCCTCTACAGCTATTG-1",3
"GCCTCTAGTAAGGATT-1",3
"GCCTCTAGTGATGATA-1",4
"GCCTCTAGTTAAGGGC-1",5
"GCCTCTATCAGCGACC-1",3
"GCCTCTATCCGATATG-1",1
"GCCTCTATCGAATCCA-1",1
"GCCTCTATCGAGCCCA-1",3
"GCCTCTATCGCTGATA-1",1
"GCCTCTATCTTTAGGG-1",2
"GCGACCAAGAGGTTAT-1",2
"GCGACCACACTTACGA-1",1
"GCGACCAGTCAGGACA-1",1
"GCGACCAGTCTAGAGG-1",4
"GCGACCATCAACGGGA-1",3
"GCGACCATCCCGGATG-1",1
"GCGACCATCTACTCAT-1",6
"GCGAGAAAGGTTCCTA-1",1
"GCGAGAAAGTACGATA-1",3
"GCGAGAAAGTGTCTCA-1",2
"GCGAGAACAAGCCCAC-1",4
"GCGAGAACACTGAAGG-1",0
"GCGAGAAGTAGCGCTC-1",2
"GCGAGAAGTCCCTACT-1",5
"GCGAGAATCCTTTCGG-1",3
"GCGAGAATCGAGAGCA-1",3
"GCGAGAATCGCACTCT-1",4
"GCGCAACAGTCCTCCT-1",0
"GCGCAACAGTGTACGG-1",3
"GCGCAACCAAGTCTGT-1",9
"GCGCAACCAGCCACCA-1",1
"GCGCAACGTAGCGCTC-1",3
"GCGCAACGTCCCTTGT-1",2
"GCGCAACGTCCTAGCG-1",11
"GCGCAACGTCGACTAT-1",3
"GCGCAACGTCTAGAGG-1",3
"GCGCAACGTGCACGAA-1",5
"GCGCAACTCAATACCG-1",1
"GCGCAGTCACATCCAA-1",2
"GCGCAGTCATTACCTT-1",0
"GCGCAGTGTTAGGGTG-1",1
"GCGCAGTTCGATCCCT-1",9
"GCGCAGTTCGCGGATC-1",2
"GCGCCAAAGACATAAC-1",2
"GCGCCAAAGGACAGCT-1",4
"GCGCCAAAGGCCCTTG-1",4
"GCGCCAAAGGGCTTCC-1",2
"GCGCCAAAGGTACTCT-1",5
"GCGCCAACATAACCTG-1",1
"GCGCCAACATTGGGCC-1",4
"GCGCCAAGTACTTGAC-1",1
"GCGCCAAGTCGGCACT-1",0
"GCGCCAAGTGAAAGAG-1",1
"GCGCCAAGTTGTACAC-1",4
"GCGCCAATCCGTTGCT-1",4
"GCGCGATAGAAGGTTT-1",3
"GCGCGATAGCAGGTCA-1",7
"GCGCGATAGTGAATTG-1",6
"GCGCGATAGTTTGCGT-1",13
"GCGCGATCAGCTCGAC-1",1
"GCGCGATGTAAGTAGT-1",3
"GCGCGATGTATCACCA-1",4
"GCGCGATGTCACTTCC-1",2
"GCGCGATGTTACCAGT-1",6
"GCGCGATTCAGTTAGC-1",2
"GCGCGATTCGTTTAGG-1",2
"GCGGGTTAGAAACGAG-1",4
"GCGGGTTAGCTATGCT-1",2
"GCGGGTTAGTGTGAAT-1",8
"GCGGGTTCACGCGAAA-1",6
"GCGGGTTCAGGCAGTA-1",1
"GCGGGTTCAGTAACGG-1",8
"GCGGGTTGTGAGTATA-1",6
"GCGGGTTGTGGCGAAT-1",0
"GCGGGTTTCCAAAGTC-1",8
"GCGGGTTTCCTTTCTC-1",2
"GCGGGTTTCTCCAACC-1",4
"GCGGGTTTCTTGAGGT-1",2
"GCGGGTTTCTTGTATC-1",8
"GCTCCTACAAACTGTC-1",17
"GCTCCTACACCAGGTC-1",4
"GCTCCTACACCGATAT-1",5
"GCTCCTACAGGGTACA-1",5
"GCTCCTACATTAGCCA-1",5
"GCTCCTAGTCAGGACA-1",3
"GCTCCTAGTCCGTCAG-1",10
"GCTCCTATCAGCCTAA-1",6
"GCTCCTATCCCTAATT-1",3
"GCTCTGTAGAGGTAGA-1",1
"GCTCTGTAGCTGAACG-1",7
"GCTCTGTAGGAGTCTG-1",0
"GCTCTGTAGTGCTGCC-1",7
"GCTCTGTAGTGGACGT-1",3
"GCTCTGTTCACCTCGT-1",7
"GCTGCAGAGCGTGAGT-1",2
"GCTGCAGAGTCAAGCG-1",6
"GCTGCAGAGTCCCACG-1",3
"GCTGCAGCAATTGCTG-1",1
"GCTGCAGCATGCCCGA-1",1
"GCTGCAGCATGCCTAA-1",1
"GCTGCAGGTAAACCTC-1",2
"GCTGCAGGTACGAAAT-1",1
"GCTGCAGGTAGCGCAA-1",6
"GCTGCAGGTCACCCAG-1",6
"GCTGCAGGTCATGCCG-1",17
"GCTGCGAAGGAATGGA-1",8
"GCTGCGAGTCTAACGT-1",6
"GCTGCGAGTGTTTGGT-1",2
"GCTGCGATCTCCTATA-1",2
"GCTGCGATCTTGTTTG-1",2
"GCTGCTTAGAATTGTG-1",4
"GCTGCTTAGGCAATTA-1",3
"GCTGCTTCATCACGTA-1",1
"GCTGCTTCATCCAACA-1",5
"GCTGCTTCATGCCTAA-1",0
"GCTGCTTCATGGTCAT-1",1
"GCTGCTTGTAACGACG-1",1
"GCTGCTTGTAATCGTC-1",3
"GCTGCTTGTAGGGACT-1",3
"GCTGCTTGTGAAAGAG-1",1
"GCTGCTTTCCGGGTGT-1",8
"GCTGGGTAGACCCACC-1",5
"GCTGGGTAGCCACGCT-1",2
"GCTGGGTAGTCGCCGT-1",1
"GCTGGGTAGTCTCAAC-1",1
"GCTGGGTCACGGCTAC-1",2
"GCTGGGTCAGCCAATT-1",2
"GCTGGGTGTACAGTTC-1",2
"GCTGGGTGTACCGTTA-1",4
"GCTGGGTGTCGAGTTT-1",1
"GCTGGGTGTCTCCACT-1",4
"GCTGGGTGTGCCTGTG-1",5
"GCTGGGTTCAGCTTAG-1",10
"GCTGGGTTCCTTAATC-1",5
"GCTTCCAAGAAACCTA-1",3
"GCTTCCACACCACCAG-1",0
"GCTTCCACAGGTCGTC-1",2
"GCTTCCACAGTGAGTG-1",4
"GCTTCCAGTATAGGTA-1",3
"GCTTCCAGTTCAGCGC-1",2
"GCTTCCATCGTCCAGG-1",2
"GCTTGAAAGATGGCGT-1",1
"GCTTGAAAGCCGTCGT-1",1
"GCTTGAACAAACCTAC-1",8
"GCTTGAACACGGTGTC-1",1
"GCTTGAACATCGGAAG-1",3
"GCTTGAAGTGCGGTAA-1",2
"GCTTGAAGTTCTCATT-1",4
"GCTTGAATCAGGATCT-1",3
"GGAAAGCAGGCAGGTT-1",2
"GGAAAGCCAAACGCGA-1",1
"GGAAAGCCAAGTACCT-1",8
"GGAAAGCGTAAGCACG-1",4
"GGAAAGCGTCCTCCAT-1",0
"GGAAAGCGTCGCGTGT-1",3
"GGAAAGCGTGCTTCTC-1",10
"GGAAAGCTCCAGAGGA-1",3
"GGAACTTAGAGTAAGG-1",6
"GGAACTTCAATGTAAG-1",4
"GGAACTTCACAGGAGT-1",0
"GGAACTTCACCTCGTT-1",0
"GGAACTTGTCTCTTTA-1",7
"GGAACTTTCATTGCCC-1",1
"GGAACTTTCATTTGGG-1",6
"GGAACTTTCCGTCATC-1",5
"GGAACTTTCCTCAACC-1",4
"GGAACTTTCGGATGTT-1",1
"GGAATAAAGGTACTCT-1",4
"GGAATAAAGTGTCCAT-1",7
"GGAATAACAGCGTCCA-1",4
"GGAATAAGTCTGGTCG-1",3
"GGAATAAGTGCAGGTA-1",3
"GGAATAATCAGCACAT-1",2
"GGAATAATCTTTACGT-1",5
"GGACAAGAGGTACTCT-1",7
"GGACAAGCAACGATGG-1",5
"GGACAAGCAGTCGTGC-1",5
"GGACAAGCATGGGACA-1",2
"GGACAAGGTATAAACG-1",6
"GGACAAGGTATGAAAC-1",1
"GGACAAGGTCGGCATC-1",3
"GGACAAGGTTATGCGT-1",5
"GGACAAGTCTAACGGT-1",2
"GGACAGAAGCTAGTCT-1",5
"GGACAGAAGTACTTGC-1",2
"GGACAGACAACACGCC-1",2
"GGACAGACACAAGCCC-1",4
"GGACAGAGTAAGTGGC-1",1
"GGACAGAGTCTTTCAT-1",3
"GGACAGAGTGAGGGAG-1",8
"GGACAGAGTTCCACAA-1",1
"GGACAGATCAACGCTA-1",8
"GGACATTAGAGGGCTT-1",2
"GGACATTAGCCACGTC-1",3
"GGACATTCAAACGCGA-1",7
"GGACATTCAATGACCT-1",0
"GGACATTCACCAGCAC-1",1
"GGACATTGTTCTGGTA-1",6
"GGACATTTCCTCTAGC-1",1
"GGACGTCAGTACTTGC-1",3
"GGACGTCAGTGGTAAT-1",1
"GGACGTCCACAGTCGC-1",4
"GGACGTCGTGAGGGAG-1",0
"GGACGTCGTGGCGAAT-1",4
"GGACGTCGTTACGGAG-1",5
"GGACGTCGTTTAAGCC-1",1
"GGACGTCTCCACTCCA-1",3
"GGACGTCTCGCAAACT-1",8
"GGACGTCTCTCCAGGG-1",2
"GGACGTCTCTCGAGTA-1",2
"GGACGTCTCTGGTGTA-1",5
"GGACGTCTCTTCGAGA-1",3
"GGAGCAAAGAACTCGG-1",1
"GGAGCAAAGACTGTAA-1",5
"GGAGCAAAGCCGCCTA-1",0
"GGAGCAAAGCTAAACA-1",6
"GGAGCAAAGTACGCCC-1",1
"GGAGCAACAAGCTGTT-1",7
"GGAGCAACAATGGACG-1",2
"GGAGCAACAATTCCTT-1",4
"GGAGCAACATGCTGGC-1",2
"GGAGCAAGTGAGTATA-1",5
"GGAGCAAGTTACTGAC-1",8
"GGAGCAATCAAGATCC-1",2
"GGAGCAATCCCATTTA-1",6
"GGATGTTCAAACTGTC-1",1
"GGATGTTTCATCACCC-1",1
"GGATGTTTCATGCATG-1",1
"GGATGTTTCCTACAGA-1",0
"GGATGTTTCCTCTAGC-1",4
"GGATTACAGATCCCAT-1",0
"GGATTACAGCTTCGCG-1",7
"GGATTACAGGCTAGCA-1",7
"GGATTACAGTATCTCG-1",1
"GGATTACCAAGCGTAG-1",8
"GGATTACCACATCCGG-1",1
"GGATTACCAGCGTAAG-1",3
"GGATTACGTAATAGCA-1",2
"GGATTACGTACACCGC-1",4
"GGATTACGTCTCTTTA-1",3
"GGATTACGTTGAGGTG-1",4
"GGATTACTCGCGCCAA-1",8
"GGATTACTCGGCGCAT-1",9
"GGATTACTCTGCCCTA-1",4
"GGCAATTCAATCGGTT-1",2
"GGCAATTCACGGCGTT-1",2
"GGCAATTCATCACCCT-1",3
"GGCAATTGTCGATTGT-1",1
"GGCAATTTCACTTACT-1",3
"GGCAATTTCAGCACAT-1",2
"GGCAATTTCTCCGGTT-1",3
"GGCCGATAGTGTCTCA-1",1
"GGCCGATCACGGACAA-1",3
"GGCCGATGTAGGACAC-1",2
"GGCCGATGTCACTGGC-1",7
"GGCCGATGTCCCTACT-1",7
"GGCCGATTCACCGTAA-1",3
"GGCCGATTCCGCGCAA-1",2
"GGCGACTAGAGCTGGT-1",6
"GGCGACTAGGACCACA-1",0
"GGCGACTAGGTTACCT-1",5
"GGCGACTCAAAGCGGT-1",5
"GGCGACTCAAGAGTCG-1",3
"GGCGACTCACCAGGTC-1",7
"GGCGACTCATTGTGCA-1",3
"GGCGACTTCAGAAATG-1",10
"GGCGACTTCAGAGACG-1",0
"GGCGACTTCCAGATCA-1",3
"GGCGACTTCTCTAGGA-1",2
"GGCGTGTAGCTAGCCC-1",3
"GGCGTGTAGGGTATCG-1",5
"GGCGTGTCAGGTCCAC-1",1
"GGCGTGTCAGTATAAG-1",2
"GGCGTGTCATCGTCGG-1",5
"GGCGTGTCATGGAATA-1",1
"GGCGTGTGTCTCCCTA-1",1
"GGCGTGTTCTTGAGGT-1",4
"GGCTCGAAGCCGTCGT-1",6
"GGCTCGAAGGTAAACT-1",4
"GGCTCGACAAGAAGAG-1",6
"GGCTCGACAATAGCAA-1",2
"GGCTCGACATGGTCAT-1",6
"GGCTCGAGTATATCCG-1",2
"GGCTCGAGTTACGTCA-1",2
"GGCTCGAGTTAGGGTG-1",4
"GGCTCGATCTGCAAGT-1",5
"GGCTGGTAGAAGAAGC-1",4
"GGCTGGTAGACCCACC-1",3
"GGCTGGTCAAGGACAC-1",2
"GGCTGGTCACTGCCAG-1",5
"GGCTGGTCATTTCAGG-1",3
"GGCTGGTGTATTCTCT-1",2
"GGCTGGTGTCGCATCG-1",8
"GGCTGGTGTCTAGTGT-1",9
"GGCTGGTGTTATGCGT-1",1
"GGGAATGAGCGTTGCC-1",6
"GGGAATGAGTAGGTGC-1",3
"GGGAATGGTAAGGGAA-1",2
"GGGAATGTCAACGAAA-1",1
"GGGAATGTCCAGTATG-1",2
"GGGAATGTCCGGGTGT-1",2
"GGGACCTAGATGTAAC-1",1
"GGGACCTAGTCTTGCA-1",1
"GGGACCTCAATCAGAA-1",4
"GGGACCTCACTGAAGG-1",12
"GGGAGATAGTACGACG-1",4
"GGGAGATCAAAGTGCG-1",6
"GGGAGATCAAATCCGT-1",5
"GGGAGATCAAGGACTG-1",5
"GGGAGATCACGCGAAA-1",1
"GGGAGATGTAGCGCAA-1",7
"GGGAGATTCAACGGGA-1",3
"GGGAGATTCATCACCC-1",3
"GGGATGAAGTGACATA-1",1
"GGGATGACATCATCCC-1",1
"GGGATGAGTCACCCAG-1",3
"GGGATGAGTGGAAAGA-1",1
"GGGATGAGTTACGACT-1",2
"GGGATGAGTTGGTAAA-1",4
"GGGATGATCAGTTAGC-1",5
"GGGATGATCTATCCTA-1",3
"GGGATGATCTTTAGGG-1",3
"GGGCACTAGTCTCGGC-1",2
"GGGCACTCATCTCCCA-1",5
"GGGCACTTCACCTCGT-1",1
"GGGCACTTCTGAGGGA-1",2
"GGGCATCCAATGTAAG-1",6
"GGGCATCCAGTCTTCC-1",5
"GGGCATCGTGGCGAAT-1",3
"GGGCATCTCACAGTAC-1",7
"GGGCATCTCCCTTGTG-1",2
"GGGCATCTCCGGCACA-1",6
"GGGCATCTCTGTCCGT-1",1
"GGGCATCTCTTATCTG-1",5
"GGGTCTGAGAAGATTC-1",4
"GGGTCTGAGATCCCGC-1",5
"GGGTCTGAGCCAACAG-1",0
"GGGTCTGCACAGGCCT-1",2
"GGGTCTGCACCAGGTC-1",4
"GGGTCTGGTCTGGTCG-1",2
"GGGTCTGGTGATGATA-1",4
"GGGTCTGGTGTGACCC-1",1
"GGGTCTGTCAACTCTT-1",8
"GGGTCTGTCACTCCTG-1",2
"GGGTCTGTCCGTAGTA-1",5
"GGGTTGCAGACAGAGA-1",2
"GGGTTGCAGACCTTTG-1",2
"GGGTTGCAGATCGATA-1",3
"GGGTTGCAGGGTGTTG-1",8
"GGGTTGCAGGTGGGTT-1",2
"GGGTTGCCAATAACGA-1",0
"GGGTTGCCACGCCAGT-1",2
"GGGTTGCCATTAACCG-1",4
"GGGTTGCGTACATCCA-1",1
"GGGTTGCGTAGCGCAA-1",1
"GGGTTGCGTCCTCCAT-1",2
"GGGTTGCGTCGAGTTT-1",10
"GGGTTGCGTGAGTATA-1",3
"GGGTTGCGTGTGACCC-1",6
"GGGTTGCTCGTACCGG-1",6
"GGTATTGAGCACCGTC-1",0
"GGTATTGAGCTATGCT-1",3
"GGTATTGCACATCCAA-1",1
"GGTATTGCAGCTTCGG-1",2
"GGTATTGGTTCCGTCT-1",10
"GGTATTGTCAGAAATG-1",5
"GGTATTGTCCATTCTA-1",19
"GGTATTGTCGCCAGCA-1",6
"GGTGAAGAGACACGAC-1",0
"GGTGAAGAGATCCGAG-1",2
"GGTGAAGCAAGGTGTG-1",1
"GGTGAAGCACTCGACG-1",2
"GGTGAAGCAGTATGCT-1",9
"GGTGAAGGTATGAAAC-1",7
"GGTGAAGGTCAGAATA-1",7
"GGTGAAGGTGGTACAG-1",0
"GGTGAAGGTGTATGGG-1",5
"GGTGAAGGTGTCTGAT-1",3
"GGTGAAGGTGTGGTTT-1",1
"GGTGAAGGTGTGTGCC-1",4
"GGTGAAGTCACGATGT-1",4
"GGTGAAGTCACTCTTA-1",5
"GGTGAAGTCTGGCGTG-1",4
"GGTGCGTAGGTGATTA-1",2
"GGTGCGTAGTACGATA-1",2
"GGTGCGTCACTTAAGC-1",8
"GGTGCGTCAGCTGTAT-1",0
"GGTGCGTGTTCGTTGA-1",2
"GGTGCGTTCCGTACAA-1",8
"GGTGCGTTCTTGACGA-1",3
"GGTGTTAAGGGCTCTC-1",2
"GGTGTTAAGTAGCGGT-1",9
"GGTGTTAAGTGGGATC-1",2
"GGTGTTAAGTTATCGC-1",8
"GGTGTTACAAATCCGT-1",5
"GGTGTTACACGGATAG-1",1
"GGTGTTAGTAATCACC-1",2
"GGTGTTAGTAGCAAAT-1",5
"GGTGTTAGTGTATGGG-1",5
"GGTGTTAGTTGAACTC-1",3
"GGTGTTATCGGACAAG-1",9
"GGTGTTATCGGTGTTA-1",2
"GGTGTTATCTACTTAC-1",2
"GTAACGTAGGTGACCA-1",5
"GTAACGTCACAGGCCT-1",2
"GTAACGTGTACCATCA-1",1
"GTAACGTGTGAGTATA-1",5
"GTAACGTGTTACGGAG-1",3
"GTAACGTGTTAGGGTG-1",5
"GTAACGTTCGGTCCGA-1",0
"GTAACGTTCTCATTCA-1",4
"GTAACTGAGTGGGTTG-1",8
"GTAACTGCAATGGAAT-1",5
"GTAACTGCACAGGCCT-1",3
"GTAACTGCAGGATCGA-1",9
"GTAACTGCATCGGGTC-1",5
"GTAACTGGTATTACCG-1",0
"GTAACTGTCACGGTTA-1",1
"GTAACTGTCTACTATC-1",6
"GTACGTAAGGTGCTTT-1",1
"GTACGTACAGGAATGC-1",7
"GTACGTACATGGATGG-1",1
"GTACGTAGTGAGTGAC-1",7
"GTACGTAGTTGGTAAA-1",0
"GTACGTATCACCTCGT-1",2
"GTACGTATCATCGGAT-1",1
"GTACGTATCCACTGGG-1",8
"GTACTCCAGGCAGTCA-1",2
"GTACTCCCAATAGCGG-1",2
"GTACTCCCACAGGTTT-1",0
"GTACTCCTCACCTTAT-1",3
"GTACTCCTCATTGCCC-1",2
"GTACTCCTCCTTCAAT-1",3
"GTACTTTCAGTTAACC-1",8
"GTACTTTCATGTCGAT-1",8
"GTACTTTTCCGAAGAG-1",6
"GTAGGCCAGCAATCTC-1",1
"GTAGGCCCATTCGACA-1",6
"GTAGGCCGTAACGCGA-1",3
"GTAGGCCGTAAGGGCT-1",5
"GTAGGCCGTACGACCC-1",2
"GTAGGCCGTTCAGGCC-1",4
"GTAGGCCGTTGATTGC-1",3
"GTAGGCCTCAGCACAT-1",5
"GTAGTCAAGAATGTGT-1",5
"GTAGTCAAGATGCCTT-1",3
"GTAGTCAAGGACGAAA-1",7
"GTAGTCAAGTGAAGAG-1",5
"GTAGTCATCGTCACGG-1",12
"GTAGTCATCTGAAAGA-1",1
"GTATCTTAGAAACCAT-1",4
"GTATCTTAGGCTATCT-1",2
"GTATCTTAGTTGTCGT-1",4
"GTATCTTCACACCGCA-1",2
"GTATCTTCACGAAGCA-1",6
"GTATCTTGTTCGCTAA-1",1
"GTATCTTTCATGCTCC-1",1
"GTATCTTTCATGTAGC-1",3
"GTATTCTAGAAACCAT-1",1
"GTATTCTAGACAAAGG-1",7
"GTATTCTCAAAGTCAA-1",2
"GTATTCTCAACAACCT-1",4
"GTATTCTCAACTTGAC-1",1
"GTATTCTCAATAAGCA-1",12
"GTATTCTCAGGGTTAG-1",1
"GTATTCTCATACTACG-1",6
"GTATTCTCATGGTAGG-1",0
"GTATTCTGTAGTGAAT-1",2
"GTATTCTGTCTAGAGG-1",0
"GTCAAGTCATATGCTG-1",8
"GTCAAGTCATGGTTGT-1",6
"GTCAAGTGTCAGCTAT-1",0
"GTCAAGTGTTCCACTC-1",4
"GTCACAAAGCCGATTT-1",3
"GTCACAAAGTGGAGTC-1",11
"GTCACAACAGGTGGAT-1",7
"GTCACAAGTAAACGCG-1",10
"GTCACAATCAGGATCT-1",5
"GTCACAATCAGTTGAC-1",3
"GTCACAATCATGCATG-1",7
"GTCACGGAGATCACGG-1",10
"GTCACGGCATATACCG-1",5
"GTCACGGGTGAGTGAC-1",0
"GTCACGGGTGTGGCTC-1",1
"GTCACGGTCGAGAGCA-1",4
"GTCACGGTCTACCTGC-1",3
"GTCATTTAGAGACTAT-1",1
"GTCATTTCACGTGAGA-1",10
"GTCATTTGTAGAAGGA-1",4
"GTCATTTGTCAGATAA-1",2
"GTCATTTTCCAGAGGA-1",2
"GTCCTCAAGCCCAACC-1",2
"GTCCTCAAGTAGATGT-1",1
"GTCCTCAAGTGGGCTA-1",2
"GTCCTCACAATCACAC-1",3
"GTCCTCAGTGGAAAGA-1",0
"GTCCTCATCAAAGACA-1",2
"GTCCTCATCGTCCGTT-1",1
"GTCGGGTCACTGAAGG-1",7
"GTCGGGTCACTTCGAA-1",5
"GTCGGGTCATGAAGTA-1",1
"GTCGGGTGTCTCACCT-1",2
"GTCGGGTGTGTGACGA-1",4
"GTCGGGTGTGTGTGCC-1",3
"GTCGGGTGTTACGTCA-1",3
"GTCGGGTTCTGCTGTC-1",3
"GTCGGGTTCTGTGCAA-1",1
"GTCGTAAAGAGATGAG-1",3
"GTCGTAAAGCTGCAAG-1",3
"GTCGTAAAGGCGACAT-1",10
"GTCGTAACATCACGAT-1",5
"GTCGTAAGTATCACCA-1",5
"GTCGTAATCCAAGTAC-1",1
"GTCTCGTAGACCACGA-1",2
"GTCTCGTCAGGAACGT-1",4
"GTCTCGTGTGGTAACG-1",2
"GTCTCGTGTTTGGCGC-1",4
"GTCTCGTTCACCGGGT-1",3
"GTCTCGTTCAGTGCAT-1",8
"GTCTTCGAGACAAGCC-1",2
"GTCTTCGAGGAATGGA-1",0
"GTCTTCGAGTCAAGCG-1",0
"GTCTTCGCACATGGGA-1",3
"GTCTTCGCACCAGGTC-1",2
"GTCTTCGCAGACGCAA-1",2
"GTCTTCGCATAACCTG-1",2
"GTCTTCGCATCGATGT-1",1
"GTCTTCGGTCTAGTGT-1",0
"GTCTTCGTCTCGATGA-1",4
"GTGAAGGAGAGCTGGT-1",4
"GTGAAGGAGATCGGGT-1",3
"GTGAAGGAGCCAGTTT-1",7
"GTGAAGGAGTGTTGAA-1",1
"GTGAAGGCAAAGGCGT-1",1
"GTGAAGGCACTTAAGC-1",11
"GTGAAGGCAGATTGCT-1",6
"GTGAAGGGTATATGGA-1",4
"GTGAAGGGTCTCTCTG-1",4
"GTGAAGGTCTCCTATA-1",6
"GTGCAGCAGACATAAC-1",1
"GTGCAGCAGTGGTCCC-1",2
"GTGCAGCCACATCTTT-1",3
"GTGCAGCGTGAGTATA-1",1
"GTGCAGCTCTTAGAGC-1",2
"GTGCATAAGGCATGGT-1",19
"GTGCATAGTTTGTTGG-1",6
"GTGCATATCAGAGCTT-1",1
"GTGCATATCATCATTC-1",7
"GTGCATATCTGCGTAA-1",5
"GTGCGGTAGCAATCTC-1",2
"GTGCGGTAGGACAGAA-1",3
"GTGCGGTCAAAGGTGC-1",3
"GTGCGGTGTTCAGACT-1",0
"GTGCGGTGTTCTGTTT-1",2
"GTGCGGTTCATCTGCC-1",8
"GTGCGGTTCCAGGGCT-1",1
"GTGCGGTTCGGATGGA-1",2
"GTGCGGTTCTCGTTTA-1",4
"GTGCGGTTCTGCTGTC-1",7
"GTGCTTCAGCCAGTTT-1",2
"GTGCTTCAGGATTCGG-1",3
"GTGCTTCAGTACACCT-1",8
"GTGCTTCCACTTAACG-1",6
"GTGCTTCCAGCTATTG-1",1
"GTGCTTCGTAGAGTGC-1",0
"GTGCTTCTCACAATGC-1",6
"GTGCTTCTCACTTCAT-1",12
"GTGGGTCAGACCGGAT-1",4
"GTGGGTCAGACTGTAA-1",2
"GTGGGTCAGCCGTCGT-1",1
"GTGGGTCCACCAACCG-1",2
"GTGGGTCCACCACCAG-1",2
"GTGTGCGAGACCGGAT-1",3
"GTGTGCGAGACTTGAA-1",2
"GTGTGCGCAGGTCGTC-1",7
"GTGTGCGGTGAGCGAT-1",4
"GTGTGCGTCAGTCAGT-1",5
"GTGTGCGTCCCTTGTG-1",5
"GTGTGCGTCTAACTTC-1",1
"GTGTTAGAGCACGCCT-1",2
"GTGTTAGAGGACAGAA-1",3
"GTGTTAGAGGCATGGT-1",2
"GTGTTAGAGTGGAGAA-1",8
"GTGTTAGAGTTTGCGT-1",5
"GTGTTAGCAATGGAAT-1",2
"GTGTTAGCACCACCAG-1",5
"GTGTTAGGTGCCTGGT-1",3
"GTGTTAGGTGGAAAGA-1",6
"GTGTTAGGTTCCATGA-1",2
"GTGTTAGGTTGGGACA-1",2
"GTTAAGCAGAGCTGCA-1",2
"GTTAAGCAGATAGCAT-1",1
"GTTAAGCAGCTAACAA-1",4
"GTTAAGCAGGCTACGA-1",0
"GTTAAGCAGTGTACCT-1",2
"GTTAAGCAGTTTGCGT-1",3
"GTTAAGCCATTCACTT-1",4
"GTTAAGCGTACTCGCG-1",2
"GTTAAGCGTCTAGGTT-1",3
"GTTAAGCGTGGCAAAC-1",4
"GTTAAGCGTTGCTCCT-1",2
"GTTAAGCTCCTTTCGG-1",3
"GTTACAGAGAGCTATA-1",1
"GTTACAGAGTACGATA-1",1
"GTTACAGCAGACGCCT-1",6
"GTTACAGCATCGGTTA-1",4
"GTTACAGGTATGGTTC-1",2
"GTTACAGGTCGACTGC-1",8
"GTTACAGGTCTAGGTT-1",6
"GTTCATTAGCGATGAC-1",8
"GTTCATTCATATACGC-1",3
"GTTCATTCATTGGCGC-1",5
"GTTCATTGTGCACGAA-1",3
"GTTCATTGTGTTAAGA-1",0
"GTTCATTGTTCAGTAC-1",4
"GTTCGGGAGACGACGT-1",7
"GTTCGGGAGCTAAGAT-1",2
"GTTCGGGAGTGTCTCA-1",2
"GTTCGGGGTAGGGTAC-1",2
"GTTCGGGGTGCAGGTA-1",1
"GTTCGGGTCCACGCAG-1",5
"GTTCGGGTCTACTTAC-1",7
"GTTCTCGAGACCACGA-1",0
"GTTCTCGAGCGATGAC-1",6
"GTTCTCGAGGCCATAG-1",6
"GTTCTCGCATCGGACC-1",1
"GTTCTCGGTAAGGGAA-1",5
"GTTCTCGGTAGCGTAG-1",9
"GTTCTCGGTCCGTGAC-1",8
"GTTCTCGGTGTTAAGA-1",14
"GTTCTCGTCAACGCTA-1",1
"GTTCTCGTCCTGTACC-1",2
"GTTTCTACAAACCTAC-1",3
"GTTTCTACAAGAAAGG-1",9
"GTTTCTAGTGTTGGGA-1",3
"GTTTCTATCCCAACGG-1",12
"GTTTCTATCCGTAGTA-1",9
"GTTTCTATCGGCATCG-1",7
"TAAACCGGTACTTAGC-1",3
"TAAACCGTCACTCTTA-1",4
"TAAACCGTCAGGCGAA-1",6
"TAAACCGTCCGTTGTC-1",3
"TAAACCGTCTTCCTTC-1",3
"TAAGAGACAAGTTGTC-1",4
"TAAGAGAGTATATCCG-1",3
"TAAGAGATCAATCACG-1",2
"TAAGAGATCTAACGGT-1",7
"TAAGAGATCTTTCCTC-1",7
"TAAGCGTAGTGGACGT-1",1
"TAAGCGTAGTGTCTCA-1",1
"TAAGCGTCAGCTTCGG-1",3
"TAAGCGTCAGGTGGAT-1",1
"TAAGCGTGTCCTGCTT-1",4
"TAAGCGTGTGCCTGGT-1",2
"TAAGCGTGTTGTTTGG-1",3
"TAAGCGTTCCTCATTA-1",1
"TAAGCGTTCGGCGCAT-1",2
"TAAGCGTTCTCGCATC-1",1
"TAAGTGCAGGCTAGGT-1",3
"TAAGTGCAGTAGCGGT-1",0
"TAAGTGCCAACGCACC-1",5
"TAAGTGCCATACAGCT-1",0
"TAAGTGCGTAAACACA-1",1
"TAAGTGCGTCTCACCT-1",0
"TAAGTGCGTTCAGACT-1",2
"TAAGTGCTCACCCTCA-1",2
"TAAGTGCTCACTGGGC-1",2
"TAAGTGCTCTGGCGTG-1",2
"TACACGACACCCATTC-1",4
"TACACGAGTGATAAAC-1",0
"TACACGATCTGTCTCG-1",1
"TACAGTGAGATGCGAC-1",7
"TACAGTGAGCGTTGCC-1",4
"TACAGTGAGTGTACGG-1",2
"TACAGTGCAGGAATCG-1",3
"TACAGTGCAGGTGCCT-1",4
"TACAGTGGTACTCAAC-1",0
"TACAGTGGTTGGACCC-1",3
"TACCTATAGAGCTGGT-1",11
"TACCTATAGAGTTGGC-1",0
"TACCTATAGGCTCATT-1",1
"TACCTATAGTTAGCGG-1",1
"TACCTATCAAGCTGGA-1",0
"TACCTATGTAAATGAC-1",4
"TACCTATGTAGAGTGC-1",2
"TACCTATGTCACCTAA-1",1
"TACCTATGTGTTGAGG-1",2
"TACCTATGTTAAAGAC-1",1
"TACCTATTCTATGTGG-1",2
"TACCTATTCTTCCTTC-1",3
"TACCTTAAGAGGTTGC-1",4
"TACCTTAAGTCAAGCG-1",7
"TACCTTAAGTGGTCCC-1",4
"TACCTTACAACTGGCC-1",1
"TACCTTACAAGGGTCA-1",8
"TACCTTACACTCAGGC-1",3
"TACCTTACATCTACGA-1",1
"TACCTTAGTAGCGTCC-1",8
"TACCTTAGTCTCCACT-1",2
"TACGGATAGATGGCGT-1",7
"TACGGATAGGTACTCT-1",9
"TACGGATCAGGGATTG-1",1
"TACGGATCATCACCCT-1",0
"TACGGATGTCTAGCCG-1",3
"TACGGATTCGGTGTCG-1",1
"TACGGATTCTACTATC-1",0
"TACGGGCAGGATGCGT-1",1
"TACGGGCAGGGAACGG-1",25
"TACGGGCAGTATTGGA-1",1
"TACGGGCAGTCAAGCG-1",2
"TACGGGCCAAGAAGAG-1",0
"TACGGGCCACCAGATT-1",7
"TACGGGCCATCAGTAC-1",1
"TACGGGCGTAAGGGCT-1",4
"TACGGGCGTCTGATTG-1",3
"TACGGGCGTGATGTGG-1",1
"TACGGGCTCACCTTAT-1",4
"TACGGGCTCAGCTCTC-1",2
"TACGGGCTCCACGAAT-1",2
"TACGGGCTCCTATTCA-1",4
"TACGGGCTCGGTGTTA-1",6
"TACGGTAAGATATGGT-1",4
"TACGGTAAGCCGATTT-1",3
"TACGGTAAGTCATGCT-1",5
"TACGGTAAGTGCCATT-1",3
"TACGGTACACAGGCCT-1",5
"TACGGTACATTTCAGG-1",1
"TACGGTAGTATATCCG-1",7
"TACGGTAGTCACTTCC-1",5
"TACGGTAGTGCAGGTA-1",6
"TACGGTAGTGGGTATG-1",5
"TACGGTATCGCAGGCT-1",1
"TACGGTATCGGACAAG-1",4
"TACGGTATCGTTTATC-1",2
"TACTCATAGTCACGCC-1",3
"TACTCATCAATCTACG-1",7
"TACTCATCACGGTAGA-1",8
"TACTCATCACTTCTGC-1",7
"TACTCATCATCCGTGG-1",3
"TACTCATCATGTCGAT-1",2
"TACTCATGTACAGCAG-1",0
"TACTCATGTCTTCAAG-1",4
"TACTCATTCCTTTCTC-1",0
"TACTCGCAGGCGACAT-1",6
"TACTCGCGTCAGAAGC-1",5
"TACTCGCGTCTGATTG-1",7
"TACTCGCGTGTAACGG-1",2
"TACTCGCGTTGAGTTC-1",7
"TACTCGCTCAACGGGA-1",11
"TACTCGCTCCGAATGT-1",1
"TACTTACAGACTAGGC-1",3
"TACTTACAGCTGAACG-1",2
"TACTTACAGTACACCT-1",3
"TACTTACAGTACGCCC-1",10
"TACTTACAGTGATCGG-1",2
"TACTTACCAAGCCGTC-1",8
"TACTTACCACAGGTTT-1",1
"TACTTACTCGCGTTTC-1",6
"TACTTGTAGCGATATA-1",9
"TACTTGTAGTAATCCC-1",4
"TACTTGTCAAACAACA-1",5
"TACTTGTCATGCAACT-1",0
"TACTTGTGTAGCACGA-1",1
"TACTTGTGTATAAACG-1",8
"TACTTGTGTTCCACAA-1",2
"TACTTGTTCTGCAGTA-1",9
"TAGACCAAGAGACGAA-1",4
"TAGACCAAGCCTCGTG-1",0
"TAGACCAAGTCGATAA-1",5
"TAGACCACAACACCCG-1",3
"TAGACCAGTAGATTAG-1",1
"TAGACCAGTTCATGGT-1",2
"TAGACCATCACTTCAT-1",11
"TAGACCATCGTCACGG-1",13
"TAGACCATCTCCAGGG-1",1
"TAGAGCTAGAATTCCC-1",1
"TAGAGCTAGTATTGGA-1",2
"TAGAGCTCACTGAAGG-1",2
"TAGAGCTGTACTTGAC-1",3
"TAGAGCTGTAGGGACT-1",4
"TAGAGCTGTCTAAAGA-1",2
"TAGCCGGAGACTGGGT-1",5
"TAGCCGGAGTCCCACG-1",0
"TAGCCGGAGTGACATA-1",4
"TAGCCGGCAGCAGTTT-1",1
"TAGCCGGGTACAGTGG-1",3
"TAGCCGGGTACCATCA-1",2
"TAGCCGGGTCGCGAAA-1",11
"TAGCCGGTCACGACTA-1",2
"TAGCCGGTCCAGGGCT-1",4
"TAGGCATAGAACTGTA-1",3
"TAGGCATAGCTAGGCA-1",3
"TAGGCATAGTCGTACT-1",5
"TAGGCATAGTTTAGGA-1",1
"TAGGCATCAAGCCTAT-1",2
"TAGGCATCAGACGCAA-1",3
"TAGGCATGTACGAAAT-1",3
"TAGGCATGTCCAGTTA-1",1
"TAGGCATGTTCCACTC-1",1
"TAGGCATTCCCTAACC-1",1
"TAGGCATTCGCTAGCG-1",5
"TAGGCATTCGTAGATC-1",6
"TAGGCATTCTTCATGT-1",0
"TAGTGGTAGATCACGG-1",8
"TAGTGGTAGCTGTTCA-1",5
"TAGTGGTCAGTATAAG-1",2
"TAGTGGTGTAGCGTAG-1",1
"TAGTGGTTCAGCATGT-1",2
"TAGTGGTTCGGCGCAT-1",2
"TAGTGGTTCTCAAGTG-1",5
"TAGTGGTTCTGGGCCA-1",13
"TAGTGGTTCTTTAGTC-1",4
"TAGTTGGAGATAGGAG-1",4
"TAGTTGGCAGACGCAA-1",2
"TAGTTGGCATGCGCAC-1",11
"TAGTTGGGTATGGTTC-1",3
"TAGTTGGTCCGAATGT-1",3
"TAGTTGGTCTACTCAT-1",4
"TAGTTGGTCTCTAAGG-1",3
"TAGTTGGTCTGATACG-1",2
"TATCAGGAGAGTAAGG-1",5
"TATCAGGAGATCCGAG-1",9
"TATCAGGAGCAGATCG-1",4
"TATCAGGAGGTGCTTT-1",2
"TATCAGGCAACTTGAC-1",4
"TATCAGGCACGTTGGC-1",1
"TATCAGGGTCCGTTAA-1",6
"TATCAGGGTCTGCAAT-1",2
"TATCAGGGTTAAAGAC-1",1
"TATCAGGTCAAGATCC-1",4
"TATCAGGTCCACTCCA-1",4
"TATCAGGTCGTAGGTT-1",2
"TATCTCAAGAGTTGGC-1",0
"TATCTCAAGCCACCTG-1",8
"TATCTCAAGCGTAATA-1",1
"TATCTCAAGGCTAGCA-1",2
"TATCTCAAGTGGGCTA-1",3
"TATCTCACATGTCCTC-1",3
"TATCTCAGTAACGACG-1",11
"TATCTCAGTACCTACA-1",2
"TATCTCAGTACGACCC-1",8
"TATCTCAGTCAATGTC-1",9
"TATCTCATCAAGCCTA-1",2
"TATGCCCAGAAACCGC-1",7
"TATGCCCAGGTAGCTG-1",3
"TATGCCCCAATGGAAT-1",4
"TATGCCCCACTTAACG-1",5
"TATGCCCCATGTTCCC-1",0
"TATGCCCGTAGCCTCG-1",0
"TATGCCCGTATAGGGC-1",2
"TATGCCCGTATGAAAC-1",4
"TATGCCCGTCGCCATG-1",21
"TATGCCCGTGCCTTGG-1",5
"TATGCCCGTTAAGATG-1",5
"TATGCCCGTTGGTGGA-1",0
"TATGCCCGTTTAGGAA-1",0
"TATGCCCTCGTCTGCT-1",4
"TATTACCAGAGAGCTC-1",5
"TATTACCAGCAAATCA-1",10
"TATTACCAGCCCGAAA-1",1
"TATTACCAGTATCTCG-1",2
"TATTACCCAAAGTGCG-1",1
"TATTACCCAGACAAGC-1",7
"TATTACCCAGTCAGCC-1",3
"TATTACCCATAAAGGT-1",4
"TATTACCCATCTACGA-1",0
"TATTACCGTCCAGTAT-1",2
"TCAACGAAGCCGATTT-1",6
"TCAACGAAGCGATGAC-1",3
"TCAACGAAGGCATGTG-1",1
"TCAACGAAGTAGTGCG-1",5
"TCAACGACACCAGGCT-1",3
"TCAACGACATGCCTTC-1",12
"TCAACGAGTTACCAGT-1",2
"TCAACGAGTTCCATGA-1",2
"TCAACGAGTTCTGGTA-1",1
"TCAACGATCAGTCCCT-1",0
"TCAACGATCTGTGCAA-1",2
"TCAATCTAGATCCCGC-1",4
"TCAATCTCACAAGCCC-1",1
"TCAATCTCACAGCCCA-1",3
"TCAATCTCATGACGGA-1",4
"TCAATCTCATTTGCTT-1",1
"TCAATCTGTAGTGAAT-1",4
"TCAATCTGTTAGATGA-1",6
"TCAATCTTCAGATAAG-1",1
"TCAATCTTCATGTCCC-1",6
"TCACAAGAGACTGGGT-1",4
"TCACAAGAGAGAGCTC-1",4
"TCACAAGAGGCCCTCA-1",1
"TCACAAGAGGTGGGTT-1",8
"TCACAAGAGTAGATGT-1",5
"TCACAAGCAGTATGCT-1",2
"TCACAAGCATAACCTG-1",0
"TCACAAGCATGACATC-1",1
"TCACAAGGTCAGATAA-1",4
"TCACAAGGTGTGGTTT-1",2
"TCACAAGTCATCATTC-1",2
"TCACAAGTCATGCATG-1",2
"TCACGAAAGCTCCTTC-1",2
"TCACGAAAGGTGCTTT-1",1
"TCACGAAAGTCTCGGC-1",2
"TCACGAACACAAGACG-1",7
"TCACGAACACTGTCGG-1",2
"TCACGAAGTGGTCCGT-1",7
"TCACGAAGTTGGTGGA-1",3
"TCACGAATCATGCAAC-1",0
"TCACGAATCCCGACTT-1",0
"TCACGAATCCTCGCAT-1",4
"TCACGAATCGTCACGG-1",2
"TCAGATGAGGTGCACA-1",3
"TCAGATGGTCTTGTCC-1",5
"TCAGATGGTGCCTGCA-1",1
"TCAGATGGTGCTGTAT-1",9
"TCAGATGTCAGTTTGG-1",6
"TCAGATGTCGCATGAT-1",1
"TCAGATGTCTCCTATA-1",0
"TCAGCAAAGGAGTCTG-1",5
"TCAGCAAAGGCTCATT-1",4
"TCAGCAAAGTACGACG-1",0
"TCAGCAAAGTGGCACA-1",7
"TCAGCAACACGCATCG-1",1
"TCAGCAAGTACCGGCT-1",4
"TCAGCAATCAGCGATT-1",4
"TCAGCAATCGGAAACG-1",6
"TCAGCAATCTTCAACT-1",2
"TCAGCTCAGGTGTTAA-1",2
"TCAGCTCAGTATGACA-1",8
"TCAGCTCCAATCTGCA-1",2
"TCAGCTCCACGGTTTA-1",3
"TCAGCTCGTAATAGCA-1",5
"TCAGCTCGTCCGTCAG-1",2
"TCAGCTCGTTCACGGC-1",3
"TCAGCTCTCACGATGT-1",13
"TCAGCTCTCATGCATG-1",3
"TCAGCTCTCCTAAGTG-1",2
"TCAGCTCTCTCGTATT-1",6
"TCAGGATAGACAGAGA-1",2
"TCAGGATAGATATGGT-1",3
"TCAGGATCAAACGTGG-1",5
"TCAGGATCAAGTTCTG-1",12
"TCAGGATCACGGTGTC-1",10
"TCAGGATCACTGTGTA-1",5
"TCAGGATCAGCATACT-1",2
"TCAGGATCATCTGGTA-1",7
"TCAGGATGTAAGCACG-1",1
"TCAGGATGTGGCCCTA-1",3
"TCAGGATTCCGATATG-1",2
"TCAGGATTCTCGATGA-1",6
"TCAGGTAAGATGGCGT-1",1
"TCAGGTAAGTGTTTGC-1",5
"TCAGGTACACAAGTAA-1",10
"TCAGGTACACAGAGGT-1",0
"TCAGGTACAGCTGCTG-1",4
"TCAGGTAGTAAACGCG-1",1
"TCATTACAGAAACCAT-1",6
"TCATTACAGGAGTTGC-1",2
"TCATTACAGTTGCAGG-1",4
"TCATTACCACATCCAA-1",3
"TCATTACCAGTCAGCC-1",1
"TCATTACGTACGCACC-1",2
"TCATTACGTCTAGAGG-1",2
"TCATTACGTGAAGGCT-1",0
"TCATTACGTTCTGTTT-1",11
"TCATTACTCATCGATG-1",3
"TCATTTGAGCCAGTTT-1",2
"TCATTTGCACGTCTCT-1",4
"TCATTTGCAGTTAACC-1",1
"TCATTTGTCCAGAGGA-1",0
"TCATTTGTCCCTTGCA-1",9
"TCATTTGTCCGTCAAA-1",4
"TCATTTGTCGCTAGCG-1",1
"TCATTTGTCGTACGGC-1",1
"TCATTTGTCTCTGCTG-1",1
"TCCACACCAAAGAATC-1",3
"TCCACACCACGCCAGT-1",6
"TCCACACGTACAGCAG-1",7
"TCCACACGTAGCCTAT-1",5
"TCCACACGTCATCGGC-1",4
"TCCACACGTGACCAAG-1",1
"TCCACACGTGCGAAAC-1",1
"TCCACACTCAACACCA-1",2
"TCCACACTCCAGTATG-1",5
"TCCACACTCCCATTTA-1",1
"TCCACACTCGAACTGT-1",1
"TCCCGATAGAAGAAGC-1",3
"TCCCGATAGCACAGGT-1",1
"TCCCGATAGCCGGTAA-1",1
"TCCCGATCAAGGTTCT-1",3
"TCCCGATCAGCCAATT-1",3
"TCCCGATCATCCAACA-1",3
"TCCCGATGTAAGGATT-1",1
"TCCCGATGTCAATACC-1",1
"TCCCGATTCAGAAATG-1",6
"TCCCGATTCAGTCCCT-1",6
"TCCCGATTCATCTGTT-1",6
"TCCCGATTCCCTAATT-1",7
"TCCCGATTCTGGAGCC-1",3
"TCGAGGCAGCGATGAC-1",1
"TCGAGGCAGTGTTTGC-1",12
"TCGAGGCCAAAGAATC-1",5
"TCGAGGCCAAGTTCTG-1",2
"TCGAGGCCAGTAACGG-1",0
"TCGAGGCGTATATCCG-1",0
"TCGAGGCTCGCAAGCC-1",4
"TCGAGGCTCTTGAGAC-1",1
"TCGAGGCTCTTTCCTC-1",5
"TCGCGAGAGACAAAGG-1",1
"TCGCGAGAGTGAATTG-1",1
"TCGCGAGCAAGCGTAG-1",2
"TCGCGAGCACCGAATT-1",3
"TCGCGAGCAGTAAGAT-1",7
"TCGCGAGTCCACGAAT-1",3
"TCGCGAGTCTAGCACA-1",0
"TCGCGAGTCTCTAGGA-1",2
"TCGCGAGTCTTCATGT-1",2
"TCGCGTTAGTGGGCTA-1",12
"TCGCGTTCACAGGCCT-1",1
"TCGCGTTCATCACAAC-1",2
"TCGCGTTCATCTCGCT-1",0
"TCGCGTTGTTCACCTC-1",1
"TCGCGTTTCAAGATCC-1",4
"TCGCGTTTCAGGTAAA-1",2
"TCGCGTTTCATTCACT-1",2
"TCGCGTTTCCTGTACC-1",1
"TCGCGTTTCGCCCTTA-1",7
"TCGGGACCACACATGT-1",2
"TCGGGACTCCTTGCCA-1",3
"TCGGGACTCTGCGGCA-1",3
"TCGGGACTCTTGTCAT-1",2
"TCGGTAAAGACAGGCT-1",1
"TCGGTAAAGCTCAACT-1",9
"TCGGTAACAAGCTGAG-1",4
"TCGGTAACAGGAATGC-1",1
"TCGGTAAGTATATGGA-1",8
"TCGGTAAGTCTAGTCA-1",2
"TCGGTAATCCCGGATG-1",3
"TCGTACCAGCAGGCTA-1",3
"TCGTACCAGTTTCCTT-1",5
"TCGTACCGTTTGCATG-1",3
"TCGTACCTCGGGAGTA-1",0
"TCGTAGAAGCTAACTC-1",3
"TCGTAGAAGGCGACAT-1",7
"TCGTAGAAGGGAACGG-1",2
"TCGTAGAAGTCCATAC-1",3
"TCGTAGACAATCCAAC-1",5
"TCGTAGACACTCAGGC-1",2
"TCGTAGAGTATGAATG-1",2
"TCGTAGAGTGAGCGAT-1",1
"TCGTAGAGTGTGTGCC-1",4
"TCGTAGAGTTCAACCA-1",7
"TCGTAGAGTTCCATGA-1",9
"TCGTAGATCCAAGCCG-1",7
"TCGTAGATCTTAGCCC-1",2
"TCTATTGAGCGATTCT-1",3
"TCTATTGAGTGCCATT-1",4
"TCTATTGCACATCTTT-1",5
"TCTATTGGTAAGTGTA-1",2
"TCTATTGGTCCAACTA-1",5
"TCTATTGGTCTGCCAG-1",2
"TCTATTGGTTGCTCCT-1",0
"TCTATTGTCGGCGCTA-1",10
"TCTCATAAGCTAAACA-1",5
"TCTCATAAGCTAGTCT-1",1
"TCTCATAAGTGCCATT-1",0
"TCTCATAGTACCGGCT-1",1
"TCTCATAGTGTAAGTA-1",7
"TCTCATATCAAGCCTA-1",7
"TCTCATATCACCTTAT-1",2
"TCTCATATCCTGTACC-1",2
"TCTCTAAAGACCGGAT-1",5
"TCTCTAAAGGGTGTTG-1",11
"TCTCTAACAGCCTATA-1",1
"TCTCTAAGTCCAGTAT-1",2
"TCTCTAAGTCCATGAT-1",5
"TCTCTAAGTCTCATCC-1",1
"TCTCTAAGTGGAAAGA-1",5
"TCTCTAATCAAACCAC-1",2
"TCTCTAATCAACGCTA-1",2
"TCTCTAATCACAGGCC-1",1
"TCTCTAATCACATACG-1",2
"TCTCTAATCCGTAGGC-1",0
"TCTCTAATCGTATCAG-1",12
"TCTGAGACAAACCTAC-1",3
"TCTGAGACACGGATAG-1",6
"TCTGAGACAGAGTGTG-1",4
"TCTGAGAGTAAGGGAA-1",2
"TCTGAGATCCTTGACC-1",2
"TCTGAGATCTATCCTA-1",3
"TCTGGAAAGCGATGAC-1",2
"TCTGGAAAGCTAGTTC-1",1
"TCTGGAAAGCTCTCGG-1",1
"TCTGGAAAGGAGCGAG-1",1
"TCTGGAACACAAGACG-1",1
"TCTGGAACACACTGCG-1",1
"TCTGGAACACTTCTGC-1",3
"TCTGGAAGTGAGTATA-1",5
"TCTGGAATCTGTCTAT-1",2
"TCTTCGGAGGTTCCTA-1",3
"TCTTCGGAGTTCGATC-1",0
"TCTTCGGCAAAGCAAT-1",4
"TCTTCGGCAAAGGTGC-1",5
"TCTTCGGCAATAGCAA-1",5
"TCTTCGGCAATGTAAG-1",3
"TCTTCGGCACACCGAC-1",2
"TCTTCGGCAGCCAATT-1",6
"TCTTCGGGTCATTAGC-1",5
"TCTTCGGTCGTAGGTT-1",4
"TCTTCGGTCTCTAAGG-1",4
"TCTTTCCAGAGAGCTC-1",2
"TCTTTCCAGTCATCCA-1",8
"TCTTTCCCATCTCCCA-1",9
"TCTTTCCGTAATCACC-1",3
"TCTTTCCGTAGTACCT-1",0
"TCTTTCCTCACAACGT-1",5
"TCTTTCCTCAGCTGGC-1",0
"TCTTTCCTCCAAGTAC-1",4
"TCTTTCCTCCTCGCAT-1",2
"TGAAAGAAGCTAAGAT-1",5
"TGAAAGACAAGCCGTC-1",4
"TGAAAGACACATTCGA-1",10
"TGAAAGACATGAGCGA-1",3
"TGAAAGAGTCTAGCGC-1",12
"TGAAAGAGTCTCATCC-1",7
"TGAAAGATCCCGACTT-1",1
"TGAAAGATCTATGTGG-1",4
"TGACAACCAAGCGAGT-1",1
"TGACAACGTAGGGACT-1",6
"TGACAACGTGCGCTTG-1",5
"TGACAACGTGGTTTCA-1",1
"TGACAACTCACAAACC-1",3
"TGACAACTCCACGTGG-1",8
"TGACAACTCGAATGCT-1",5
"TGACGGCAGCGCCTCA-1",1
"TGACGGCAGGCTCAGA-1",7
"TGACGGCAGTCAAGCG-1",1
"TGACGGCCACAGACTT-1",1
"TGACGGCGTCATCCCT-1",4
"TGACGGCTCAGGCGAA-1",1
"TGACGGCTCCACTGGG-1",2
"TGACTAGAGACCCACC-1",2
"TGACTAGAGGGCATGT-1",4
"TGACTAGAGTCTCAAC-1",5
"TGACTAGAGTTGAGAT-1",2
"TGACTAGCAGCATACT-1",6
"TGACTAGCAGTCAGAG-1",1
"TGACTAGCATTTCACT-1",4
"TGACTAGGTAAATACG-1",7
"TGACTAGGTGAAAGAG-1",2
"TGACTAGGTGCAGTAG-1",1
"TGACTAGTCATGCATG-1",7
"TGACTAGTCCATGCTC-1",4
"TGACTAGTCTGTTGAG-1",0
"TGACTTTAGAACAATC-1",6
"TGACTTTAGTCTCGGC-1",2
"TGACTTTAGTTAGGTA-1",7
"TGACTTTCAGTCCTTC-1",1
"TGACTTTCATTATCTC-1",2
"TGACTTTGTCACACGC-1",13
"TGACTTTTCCTCAATT-1",4
"TGACTTTTCTGCCCTA-1",5
"TGAGAGGAGGCTCATT-1",4
"TGAGAGGCAAAGTCAA-1",1
"TGAGAGGCAAGCCATT-1",4
"TGAGAGGCACCATGTA-1",4
"TGAGAGGGTCACTGGC-1",1
"TGAGAGGGTCTAAACC-1",1
"TGAGAGGTCGAACTGT-1",3
"TGAGAGGTCGCGTTTC-1",4
"TGAGAGGTCTGACCTC-1",7
"TGAGCATAGAAACGAG-1",7
"TGAGCATAGAAGCCCA-1",9
"TGAGCATAGATGTCGG-1",5
"TGAGCATAGGAATGGA-1",2
"TGAGCATCACCAGGCT-1",13
"TGAGCATCAGATGAGC-1",2
"TGAGCATCAGCGTAAG-1",0
"TGAGCATCAGCTGTAT-1",1
"TGAGCATGTGGCCCTA-1",3
"TGAGCATTCCACGTTC-1",4
"TGAGCATTCCGATATG-1",4
"TGAGCATTCGGCCGAT-1",4
"TGAGCCGCATCGGGTC-1",2
"TGAGCCGGTCGAACAG-1",1
"TGAGCCGGTGTAATGA-1",4
"TGAGCCGGTTGATTCG-1",1
"TGAGCCGTCATCTGCC-1",0
"TGAGCCGTCGTCACGG-1",2
"TGAGCCGTCTTGAGGT-1",2
"TGAGGGAAGAGACTAT-1",1
"TGAGGGAAGGAGTACC-1",9
"TGAGGGAAGTCATCCA-1",1
"TGAGGGAAGTCATGCT-1",3
"TGAGGGACACCAGTTA-1",0
"TGAGGGACATAAGACA-1",6
"TGAGGGAGTAAACGCG-1",1
"TGAGGGAGTTAGGGTG-1",3
"TGAGGGATCAACGGGA-1",2
"TGAGGGATCTAGCACA-1",8
"TGAGGGATCTCTTATG-1",3
"TGATTTCCATCCGGGT-1",2
"TGATTTCGTAGGCATG-1",2
"TGATTTCGTTAAGACA-1",1
"TGATTTCTCTGATTCT-1",2
"TGCACCTAGACCTTTG-1",3
"TGCACCTAGGACGAAA-1",2
"TGCACCTCAAGTTGTC-1",6
"TGCACCTCAATAGAGT-1",2
"TGCACCTCATCCGGGT-1",6
"TGCACCTGTAATCACC-1",7
"TGCACCTGTCACACGC-1",8
"TGCACCTTCACGGTTA-1",3
"TGCACCTTCATCGGAT-1",1
"TGCACCTTCCGCGGTA-1",3
"TGCACCTTCGAACTGT-1",3
"TGCACCTTCTCTTGAT-1",0
"TGCCAAACAATGTAAG-1",1
"TGCCAAACAATTCCTT-1",3
"TGCCAAAGTTCGCGAC-1",6
"TGCCAAATCCAAACTG-1",7
"TGCCAAATCCCTGACT-1",3
"TGCCAAATCGGCGGTT-1",4
"TGCCCATAGACTAGGC-1",3
"TGCCCATAGCGTCAAG-1",0
"TGCCCATAGCGTGAAC-1",2
"TGCCCATAGCTGTTCA-1",5
"TGCCCATAGGATGGAA-1",1
"TGCCCATAGTACGCCC-1",7
"TGCCCATAGTTGAGTA-1",1
"TGCCCATCACCAGGTC-1",13
"TGCCCATCACGAAATA-1",6
"TGCCCATCAGGACGTA-1",4
"TGCCCATCATGGAATA-1",2
"TGCCCATCATGGATGG-1",14
"TGCCCATGTAGCCTCG-1",18
"TGCCCATTCAAACCGT-1",1
"TGCCCATTCAGGCCCA-1",3
"TGCCCATTCCTTCAAT-1",3
"TGCCCATTCGGAAATA-1",4
"TGCCCTAAGGTCGGAT-1",2
"TGCCCTAAGGTTCCTA-1",5
"TGCCCTACACCACCAG-1",4
"TGCCCTACAGCCACCA-1",2
"TGCCCTACAGTGAGTG-1",3
"TGCCCTAGTCCGAGTC-1",2
"TGCCCTAGTGGTTTCA-1",4
"TGCCCTAGTTTCGCTC-1",2
"TGCCCTATCGACGGAA-1",5
"TGCCCTATCTTCGGTC-1",1
"TGCGCAGAGACTAGGC-1",4
"TGCGCAGAGCACACAG-1",1
"TGCGCAGAGCGTCTAT-1",1
"TGCGCAGAGGAGCGAG-1",2
"TGCGCAGCAAACGTGG-1",9
"TGCGCAGCAGCTCGCA-1",5
"TGCGCAGCAGTAGAGC-1",3
"TGCGCAGTCCTACAGA-1",5
"TGCGGGTAGAGACTTA-1",13
"TGCGGGTAGATCGATA-1",7
"TGCGGGTAGCTCTCGG-1",2
"TGCGGGTAGGTGTGGT-1",5
"TGCGGGTAGTACTTGC-1",0
"TGCGGGTCAATGGAAT-1",4
"TGCGGGTCACACGCTG-1",0
"TGCGGGTCATTGGGCC-1",3
"TGCGGGTGTAGAAAGG-1",9
"TGCGGGTGTCACCTAA-1",0
"TGCGGGTGTCAGATAA-1",3
"TGCGGGTGTTAGAACA-1",0
"TGCGGGTTCAGTTCGA-1",7
"TGCGGGTTCGTAGATC-1",2
"TGCGGGTTCTCTTGAT-1",5
"TGCGTGGAGACGCAAC-1",0
"TGCGTGGAGACTGGGT-1",3
"TGCGTGGAGTGAACGC-1",5
"TGCGTGGCAATTCCTT-1",7
"TGCGTGGGTGCACCAC-1",5
"TGCGTGGTCCGCGCAA-1",3
"TGCGTGGTCGCCCTTA-1",7
"TGCGTGGTCTGGCGAC-1",2
"TGCTACCAGAAAGTGG-1",4
"TGCTACCAGATGGCGT-1",4
"TGCTACCAGCAAATCA-1",2
"TGCTACCAGTCCGTAT-1",0
"TGCTACCCAAGAGGCT-1",2
"TGCTACCCACTTAACG-1",14
"TGCTACCCATCGTCGG-1",4
"TGCTACCCATGGTTGT-1",2
"TGCTACCGTGTGACGA-1",2
"TGCTACCTCCTCGCAT-1",7
"TGCTACCTCTTCTGGC-1",1
"TGCTGCTAGACTAAGT-1",2
"TGCTGCTAGGTGATAT-1",11
"TGCTGCTCAATAGAGT-1",1
"TGCTGCTCACAGACAG-1",9
"TGCTGCTCATCCCATC-1",0
"TGCTGCTCATGGTTGT-1",1
"TGCTGCTGTCATACTG-1",0
"TGCTGCTGTGAAGGCT-1",0
"TGCTGCTTCATTGCGA-1",1
"TGGACGCAGAGGTACC-1",8
"TGGACGCAGTCAAGGC-1",1
"TGGACGCCACAGAGGT-1",7
"TGGACGCCATGGTAGG-1",3
"TGGACGCGTCCGAACC-1",7
"TGGACGCGTCTCCCTA-1",0
"TGGCCAGAGAAGGTGA-1",3
"TGGCCAGAGAGTACAT-1",2
"TGGCCAGAGGCGATAC-1",7
"TGGCCAGAGGCGTACA-1",6
"TGGCCAGCAACTGCGC-1",4
"TGGCCAGCACGACTCG-1",4
"TGGCCAGGTCAATACC-1",7
"TGGCCAGTCGTAGATC-1",4
"TGGCCAGTCTATCCCG-1",10
"TGGCGCAAGCTACCTA-1",1
"TGGCGCAAGCTATGCT-1",3
"TGGCGCAAGTGTGGCA-1",4
"TGGCGCAAGTTACCCA-1",6
"TGGCGCACACAGGCCT-1",5
"TGGCGCACACGGATAG-1",2
"TGGCGCACAGCGATCC-1",3
"TGGCGCACATAGGATA-1",1
"TGGCGCACATATACGC-1",6
"TGGCGCAGTACTCTCC-1",6
"TGGCGCAGTGGACGAT-1",4
"TGGCGCAGTTATGTGC-1",6
"TGGCGCATCAAGAAGT-1",1
"TGGCGCATCATGCTCC-1",12
"TGGCGCATCATGTGGT-1",2
"TGGCGCATCATTATCC-1",3
"TGGCGCATCGTGGTCG-1",3
"TGGCTGGAGCGGATCA-1",0
"TGGCTGGAGTGCAAGC-1",4
"TGGCTGGCAAGTTAAG-1",6
"TGGCTGGCACGGATAG-1",3
"TGGCTGGCAGGAACGT-1",1
"TGGCTGGGTCGAGTTT-1",3
"TGGCTGGGTCGGCATC-1",1
"TGGCTGGGTCTAGCCG-1",4
"TGGCTGGGTTACGCGC-1",4
"TGGCTGGGTTGGACCC-1",3
"TGGCTGGTCTCGTTTA-1",1
"TGGGAAGAGATATACG-1",8
"TGGGAAGAGCCCAATT-1",2
"TGGGAAGAGCGCTCCA-1",8
"TGGGAAGAGGGCTTCC-1",2
"TGGGAAGAGTAAGTAC-1",16
"TGGGAAGAGTTAACGA-1",2
"TGGGAAGCAAGGTGTG-1",1
"TGGGAAGCAGATCCAT-1",3
"TGGGAAGCAGCGAACA-1",1
"TGGGAAGGTAAGTTCC-1",3
"TGGGAAGGTTAGATGA-1",3
"TGGGAAGGTTATTCTC-1",5
"TGGGAAGTCCCAAGAT-1",2
"TGGGAAGTCCTTCAAT-1",0
"TGGGAAGTCGTGGACC-1",1
"TGGGAAGTCTCCTATA-1",6
"TGGGCGTAGTCTCCTC-1",12
"TGGGCGTCAGACGTAG-1",6
"TGGGCGTCAGGGATTG-1",2
"TGGGCGTGTCCAAGTT-1",5
"TGGGCGTGTCTAGAGG-1",3
"TGGGCGTGTGGCTCCA-1",2
"TGGGCGTGTTTCGCTC-1",1
"TGGGCGTTCAGCTTAG-1",6
"TGGTTAGAGCTACCTA-1",1
"TGGTTAGAGTTAGGTA-1",5
"TGGTTAGGTGATGATA-1",3
"TGGTTAGGTTCACGGC-1",3
"TGGTTAGTCCCGACTT-1",2
"TGGTTAGTCTTGTATC-1",1
"TGGTTCCAGCCGTCGT-1",1
"TGGTTCCAGTAATCCC-1",1
"TGGTTCCCAAGTTGTC-1",5
"TGGTTCCCAGACAAAT-1",3
"TGGTTCCCAGACAGGT-1",4
"TGGTTCCCAGCTCGAC-1",5
"TGGTTCCCATGTCCTC-1",4
"TGGTTCCCATTTCACT-1",4
"TGGTTCCGTCCAAGTT-1",14
"TGGTTCCTCACATACG-1",2
"TGGTTCCTCAGCTTAG-1",1
"TGGTTCCTCTAACTTC-1",1
"TGGTTCCTCTAGAGTC-1",3
"TGGTTCCTCTGGGCCA-1",0
"TGTATTCAGCCCGAAA-1",2
"TGTATTCAGCGATCCC-1",2
"TGTATTCCAGGGCATA-1",1
"TGTATTCGTAAGAGAG-1",1
"TGTATTCGTTTGTTTC-1",1
"TGTATTCTCAGCATGT-1",2
"TGTATTCTCATCTGTT-1",3
"TGTCCCAAGCAGATCG-1",4
"TGTCCCAAGCTAGTTC-1",1
"TGTCCCAAGCTGAACG-1",3
"TGTCCCAAGTTGTCGT-1",2
"TGTCCCACAGTAAGCG-1",2
"TGTCCCACATCACGTA-1",2
"TGTCCCAGTAAGAGGA-1",7
"TGTCCCAGTAAGTGGC-1",4
"TGTCCCAGTCGGATCC-1",1
"TGTCCCAGTCTCTTTA-1",2
"TGTCCCATCATTTGGG-1",1
"TGTCCCATCTGCAAGT-1",2
"TGTCCCATCTGCGTAA-1",5
"TGTGGTAGTCCCGACA-1",3
"TGTGGTAGTGTGAAAT-1",11
"TGTGGTAGTGTGACGA-1",5
"TGTGGTATCCAGGGCT-1",1
"TGTGGTATCTTGCATT-1",6
"TGTGTTTAGAGGTTAT-1",7
"TGTGTTTAGCGTGAGT-1",5
"TGTGTTTAGTGCGTGA-1",3
"TGTGTTTCATGCGCAC-1",3
"TGTGTTTTCTCATTCA-1",5
"TGTGTTTTCTTTCCTC-1",5
"TGTTCCGAGAGCAATT-1",1
"TGTTCCGAGCAACGGT-1",2
"TGTTCCGAGGAATTAC-1",2
"TGTTCCGAGGACTGGT-1",2
"TGTTCCGCAGTGAGTG-1",3
"TGTTCCGGTGAGTATA-1",0
"TGTTCCGTCAAGCCTA-1",11
"TGTTCCGTCAGTTCGA-1",2
"TGTTCCGTCGGCGGTT-1",7
"TGTTCCGTCTGAAAGA-1",3
"TGTTCCGTCTGGTATG-1",10
"TTAACTCAGTGTACGG-1",3
"TTAACTCCAAGCGCTC-1",8
"TTAACTCCAGGCAGTA-1",2
"TTAACTCGTTCCACAA-1",0
"TTAACTCTCATAAAGG-1",3
"TTAACTCTCCCTCAGT-1",1
"TTAGGACAGCAGGCTA-1",6
"TTAGGACAGCTCTCGG-1",7
"TTAGGACCAAGCCATT-1",3
"TTAGGACCAGTCAGAG-1",3
"TTAGGACGTTTGTTTC-1",5
"TTAGGCAAGAAGATTC-1",7
"TTAGGCAAGAGCCCAA-1",3
"TTAGGCAAGAGTGACC-1",3
"TTAGGCAAGGTTCCTA-1",2
"TTAGGCAAGTCGTTTG-1",0
"TTAGGCAAGTGTACCT-1",0
"TTAGGCACAGACGCTC-1",1
"TTAGGCACATGTTCCC-1",7
"TTAGGCAGTAAGGATT-1",5
"TTAGGCAGTAAGTAGT-1",3
"TTAGGCAGTCTTGATG-1",2
"TTAGGCATCACGCATA-1",9
"TTAGGCATCAGTCAGT-1",8
"TTAGGCATCCAGTATG-1",2
"TTAGGCATCGTTACGA-1",2
"TTAGTTCAGGTGCAAC-1",2
"TTAGTTCCAATGTAAG-1",2
"TTAGTTCCATCCTTGC-1",9
"TTAGTTCGTAGCCTAT-1",3
"TTAGTTCGTGCAGACA-1",1
"TTAGTTCGTGTCAATC-1",2
"TTAGTTCGTTGCCTCT-1",13
"TTAGTTCTCAGGCCCA-1",1
"TTAGTTCTCGCAGGCT-1",5
"TTAGTTCTCTACTATC-1",6
"TTATGCTAGAATGTGT-1",7
"TTATGCTAGCACACAG-1",2
"TTATGCTAGCAGCCTC-1",6
"TTATGCTAGTCCCACG-1",1
"TTATGCTAGTGGTAAT-1",3
"TTATGCTCAGCCAGAA-1",8
"TTATGCTCATACCATG-1",3
"TTATGCTCATGTAGTC-1",3
"TTATGCTGTCCGAGTC-1",0
"TTATGCTTCGATAGAA-1",4
"TTCCCAGAGAATTCCC-1",3
"TTCCCAGAGACTAGAT-1",8
"TTCCCAGAGTATCGAA-1",1
"TTCCCAGCAGATGGGT-1",9
"TTCCCAGCATCAGTAC-1",1
"TTCCCAGCATCTCCCA-1",0
"TTCCCAGCATTACCTT-1",3
"TTCCCAGTCAACACTG-1",6
"TTCCCAGTCGAGAGCA-1",13
"TTCGAAGAGTCTCAAC-1",2
"TTCGAAGCAAGCGCTC-1",3
"TTCGAAGCACATTAGC-1",1
"TTCGAAGCACGGTGTC-1",0
"TTCGGTCAGAGGACGG-1",4
"TTCGGTCAGCACACAG-1",4
"TTCGGTCAGGCCCTCA-1",5
"TTCGGTCAGTGAATTG-1",2
"TTCGGTCAGTTGAGAT-1",5
"TTCGGTCCAAGGGTCA-1",3
"TTCGGTCCACGTCAGC-1",8
"TTCGGTCGTAACGTTC-1",4
"TTCGGTCGTAGAGTGC-1",2
"TTCGGTCGTTCATGGT-1",0
"TTCGGTCGTTCTGTTT-1",3
"TTCGGTCTCAAAGACA-1",0
"TTCGGTCTCCAGTATG-1",1
"TTCGGTCTCGCGTTTC-1",5
"TTCGGTCTCGTCTGAA-1",4
"TTCTACAAGACTAAGT-1",5
"TTCTACAAGCAGCCTC-1",2
"TTCTACAAGCCTTGAT-1",0
"TTCTACAAGGCAGGTT-1",5
"TTCTACAAGGTAAACT-1",1
"TTCTACAAGTTAGGTA-1",5
"TTCTACACACGTGAGA-1",3
"TTCTACACAGCTGTTA-1",3
"TTCTACACATCGATTG-1",1
"TTCTACACATTACGAC-1",7
"TTCTACAGTACCGTTA-1",6
"TTCTACAGTATATGAG-1",7
"TTCTACAGTGGCTCCA-1",2
"TTCTACATCAACGGGA-1",2
"TTCTACATCCGCGTTT-1",1
"TTCTCAAAGAAAGTGG-1",8
"TTCTCAAAGAATCTCC-1",4
"TTCTCAAAGAGGTTAT-1",4
"TTCTCAAAGCAGCCTC-1",1
"TTCTCAAAGCCGCCTA-1",7
"TTCTCAAAGTCAATAG-1",6
"TTCTCAAAGTTGAGAT-1",7
"TTCTCAACACCCAGTG-1",5
"TTCTCAACATTGTGCA-1",1
"TTCTCAAGTATAAACG-1",3
"TTCTCAAGTCCCTTGT-1",1
"TTCTCAAGTCGAGATG-1",5
"TTCTCAATCATCGCTC-1",2
"TTCTCAATCCCTAACC-1",3
"TTCTCAATCGTAGGAG-1",5
"TTCTCCTAGAGTAAGG-1",3
"TTCTCCTAGCGACGTA-1",11
"TTCTCCTAGCGTGAGT-1",5
"TTCTCCTAGTCTCGGC-1",3
"TTCTCCTCAACACGCC-1",1
"TTCTCCTCAATAACGA-1",5
"TTCTCCTGTTAAGAAC-1",4
"TTCTCCTTCAGTTCGA-1",1
"TTCTCCTTCCGTAGGC-1",4
"TTCTCCTTCCTTTCTC-1",2
"TTCTCCTTCTGCAAGT-1",1
"TTCTCCTTCTTCAACT-1",4
"TTCTCCTTCTTGTACT-1",0
"TTCTTAGAGGACTGGT-1",2
"TTCTTAGCAAGGTGTG-1",0
"TTCTTAGCATCGGAAG-1",4
"TTCTTAGGTAGAAGGA-1",2
"TTCTTAGGTCATATGC-1",6
"TTCTTAGTCAGTTCGA-1",4
"TTGAACGGTCACTTCC-1",0
"TTGAACGTCATGTCCC-1",9
"TTGACTTAGCCACGTC-1",3
"TTGACTTAGCGACGTA-1",3
"TTGACTTAGTTAACGA-1",1
"TTGACTTCACTTACGA-1",3
"TTGACTTGTCTCTCTG-1",3
"TTGACTTGTGCGATAG-1",2
"TTGACTTTCCAGAGGA-1",2
"TTGACTTTCTGTCCGT-1",3
"TTGCCGTAGGAGCGTT-1",2
"TTGCCGTAGGTGGGTT-1",5
"TTGCCGTCATGGTCAT-1",2
"TTGCCGTGTACAGACG-1",4
"TTGCGTCAGACAGAGA-1",4
"TTGCGTCAGCTCCTTC-1",6
"TTGCGTCAGTCCATAC-1",3
"TTGCGTCAGTGAATTG-1",2
"TTGCGTCCAAATTGCC-1",2
"TTGCGTCCACTGTGTA-1",1
"TTGCGTCCAGTCACTA-1",6
"TTGCGTCGTCTGATTG-1",1
"TTGGAACAGCCCAATT-1",15
"TTGGAACAGCGTCTAT-1",7
"TTGGAACAGGCGTACA-1",7
"TTGGAACGTATTACCG-1",9
"TTGGAACGTGTGTGCC-1",6
"TTGGAACTCCCATTAT-1",9
"TTGGAACTCCGTAGTA-1",1
"TTGGAACTCGTCCAGG-1",5
"TTGGCAAAGTTAGGTA-1",2
"TTGGCAAGTATAGGTA-1",9
"TTGGCAATCACATGCA-1",5
"TTGGCAATCAGAGCTT-1",1
"TTGGCAATCGCATGAT-1",8
"TTGGCAATCTAGAGTC-1",6
"TTGTAGGAGGTGCTAG-1",6
"TTGTAGGCACACGCTG-1",2
"TTGTAGGGTCTCCCTA-1",4
"TTGTAGGGTGGTAACG-1",4
"TTGTAGGTCGGCGCTA-1",3
"TTGTAGGTCTGCCAGG-1",2
"TTTACTGAGATCACGG-1",1
"TTTACTGCAAAGCAAT-1",0
"TTTACTGCACATGGGA-1",2
"TTTACTGCACCACGTG-1",11
"TTTACTGCATGGGACA-1",1
"TTTACTGCATGTCCTC-1",1
"TTTACTGGTAACGTTC-1",1
"TTTACTGGTGGTGTAG-1",0
"TTTACTGGTTCGCTAA-1",4
"TTTACTGTCTGGAGCC-1",5
"TTTATGCAGACTGTAA-1",1
"TTTATGCAGATGCGAC-1",2
"TTTATGCAGGCAAAGA-1",8
"TTTATGCAGGCCCGTT-1",5
"TTTATGCAGTTCCACA-1",3
"TTTATGCCAAACGCGA-1",1
"TTTATGCCAATCTGCA-1",4
"TTTATGCCACAGGTTT-1",3
"TTTATGCCAGCCAATT-1",2
"TTTATGCCAGGTCGTC-1",4
"TTTATGCCATGGTCAT-1",5
"TTTATGCTCACATAGC-1",2
"TTTATGCTCACCTTAT-1",4
"TTTATGCTCGGCGGTT-1",4
"TTTATGCTCTCGCTTG-1",2
"TTTCCTCAGCGTGAAC-1",1
"TTTCCTCAGGACTGGT-1",2
"TTTCCTCCAAAGTGCG-1",1
"TTTCCTCCAGGAATGC-1",4
"TTTCCTCCATTAGCCA-1",1
"TTTCCTCGTCCGAAGA-1",8
"TTTCCTCGTCGCTTTC-1",5
"TTTCCTCTCGGCCGAT-1",6
"TTTCCTCTCGTGTAGT-1",3
"TTTGCGCAGCTAAACA-1",4
"TTTGCGCAGCTAGTCT-1",5
"TTTGCGCAGGCCGAAT-1",3
"TTTGCGCAGTCAAGGC-1",2
"TTTGCGCCAAGTAGTA-1",1
"TTTGCGCCAGGTGCCT-1",1
"TTTGCGCGTCTAAACC-1",5
"TTTGCGCTCAAAGTAG-1",3
"TTTGCGCTCATGTAGC-1",9
"TTTGGTTAGAATGTGT-1",2
"TTTGGTTAGACAATAC-1",18
"TTTGGTTAGCGATTCT-1",6
"TTTGGTTAGGCTCAGA-1",9
"TTTGGTTAGTTACCCA-1",2
"TTTGGTTCAAACTGCT-1",4
"TTTGGTTCAAGCTGTT-1",12
"TTTGGTTCAGATCGGA-1",2
"TTTGGTTCATCACAAC-1",5
"TTTGGTTGTACTTCTT-1",0
"TTTGGTTGTATGCTTG-1",4
"TTTGGTTGTGCTTCTC-1",2
"TTTGGTTTCATGCTCC-1",8
"TTTGGTTTCCCTGACT-1",3
"TTTGTCAAGAGTCGGT-1",4
"TTTGTCACAAGTTCTG-1",1
"TTTGTCACAAGTTGTC-1",4
"TTTGTCACACTCTGTC-1",4
"TTTGTCATCACCTTAT-1",2
"TTTGTCATCCATTCTA-1",5
"TTTGTCATCCTTAATC-1",10
"TTTGTCATCTTATCTG-1",3
