"cell_barcode","expression"
"AAACCTGAGACAGAGA-1",1
"AAACCTGAGACTTTCG-1",0
"AAACCTGAGAGTAAGG-1",2
"AAACCTGAGAGTCGGT-1",2
"AAACCTGAGGATGGAA-1",1
"AAACCTGAGTAGATGT-1",2
"AAACCTGCAATCAGAA-1",0
"AAACCTGCACCGATAT-1",1
"AAACCTGCAGACGTAG-1",0
"AAACCTGCAGTATCTG-1",5
"AAACCTGCATAGTAAG-1",2
"AAACCTGCATGAACCT-1",2
"AAACCTGGTAAGAGGA-1",0
"AAACCTGGTCCAACTA-1",0
"AAACCTGTCCGTAGTA-1",0
"AAACCTGTCGAGAGCA-1",1
"AAACGGGAGTACGACG-1",0
"AAACGGGCAAGGTTTC-1",0
"AAACGGGCACGTCAGC-1",1
"AAACGGGCAGCGTTCG-1",0
"AAACGGGGTAGCCTCG-1",0
"AAACGGGGTCTACCTC-1",0
"AAACGGGGTGCGGTAA-1",0
"AAACGGGGTTGTCGCG-1",1
"AAACGGGTCCATGAGT-1",0
"AAACGGGTCCCAACGG-1",1
"AAACGGGTCCCATTAT-1",0
"AAAGATGCAGTCAGCC-1",1
"AAAGATGCATCTACGA-1",0
"AAAGCAAAGCGTCTAT-1",1
"AAAGCAACATGTCGAT-1",1
"AAAGCAAGTAGCTGCC-1",1
"AAAGCAAGTAGGCATG-1",1
"AAAGCAAGTGCGCTTG-1",0
"AAAGCAAGTTATTCTC-1",2
"AAAGCAATCCGTAGTA-1",0
"AAAGTAGAGATGTGTA-1",1
"AAAGTAGAGTGGGCTA-1",5
"AAAGTAGGTATATGGA-1",1
"AAAGTAGGTGAGCGAT-1",5
"AAAGTAGGTTGAGGTG-1",4
"AAATGCCAGCCCTAAT-1",1
"AAATGCCAGCGTGTCC-1",2
"AAATGCCCAACACCTA-1",1
"AAATGCCGTAGGAGTC-1",1
"AAATGCCGTCTTTCAT-1",0
"AAATGCCGTGGTCCGT-1",3
"AAATGCCGTTCCCGAG-1",0
"AAATGCCTCATAGCAC-1",1
"AAATGCCTCGCTTAGA-1",3
"AACACGTAGAATTCCC-1",0
"AACACGTAGCCCTAAT-1",0
"AACACGTAGGGTGTGT-1",1
"AACACGTCACTGTCGG-1",0
"AACACGTCATCCCATC-1",1
"AACACGTGTGCAACGA-1",0
"AACACGTGTGTCGCTG-1",0
"AACCATGAGCGCTTAT-1",2
"AACCATGGTCCGTTAA-1",1
"AACCATGTCAGTTCGA-1",0
"AACCATGTCATCGATG-1",0
"AACCATGTCCCAAGTA-1",3
"AACCGCGAGAAGCCCA-1",1
"AACCGCGAGACTGGGT-1",4
"AACCGCGAGAGGTACC-1",4
"AACCGCGAGTTAGGTA-1",2
"AACCGCGAGTTGCAGG-1",7
"AACCGCGCACGGTAGA-1",3
"AACCGCGCAGCATGAG-1",0
"AACCGCGCAGCCTGTG-1",0
"AACCGCGCAGCTGTGC-1",4
"AACCGCGCAGTATGCT-1",0
"AACCGCGGTACTTGAC-1",2
"AACCGCGGTCTGCAAT-1",0
"AACCGCGTCACATGCA-1",0
"AACCGCGTCACCGTAA-1",1
"AACCGCGTCCAGAGGA-1",0
"AACCGCGTCCGAAGAG-1",4
"AACCGCGTCGATCCCT-1",0
"AACGTTGAGCGATAGC-1",0
"AACGTTGAGCGATCCC-1",4
"AACGTTGAGCTTATCG-1",2
"AACGTTGCAAGTTGTC-1",3
"AACGTTGCAATAGAGT-1",0
"AACGTTGCAATGGATA-1",0
"AACGTTGCATGGATGG-1",0
"AACGTTGCATTCTCAT-1",3
"AACGTTGTCAACACGT-1",4
"AACGTTGTCGAGGTAG-1",2
"AACGTTGTCGGTCCGA-1",3
"AACTCAGAGAGCTATA-1",0
"AACTCAGAGAGTCGGT-1",0
"AACTCAGAGCCACCTG-1",0
"AACTCAGAGCCCAATT-1",0
"AACTCAGCAAACAACA-1",3
"AACTCAGCACAAGCCC-1",0
"AACTCAGCACGGTTTA-1",1
"AACTCAGCAGGATCGA-1",0
"AACTCAGCATAAAGGT-1",0
"AACTCAGGTTCCACAA-1",5
"AACTCAGTCGTACCGG-1",1
"AACTCCCAGCCCAGCT-1",0
"AACTCCCAGCTAAGAT-1",3
"AACTCCCCAAACGCGA-1",1
"AACTCCCCATGGTCTA-1",1
"AACTCCCGTTGCGCAC-1",1
"AACTCCCTCAAGAAGT-1",4
"AACTCCCTCAAGCCTA-1",0
"AACTCCCTCATCGCTC-1",0
"AACTCCCTCTGCAGTA-1",2
"AACTCCCTCTGGCGTG-1",1
"AACTCTTAGCAGACTG-1",0
"AACTCTTAGTCCGGTC-1",0
"AACTCTTCATGCTAGT-1",0
"AACTCTTGTCGAATCT-1",1
"AACTCTTGTCGGGTCT-1",0
"AACTCTTTCCTCAATT-1",0
"AACTCTTTCTCAAACG-1",1
"AACTCTTTCTCCAGGG-1",0
"AACTCTTTCTCTGCTG-1",0
"AACTGGTAGAAGATTC-1",1
"AACTGGTAGAGACTAT-1",2
"AACTGGTAGCCAACAG-1",1
"AACTGGTAGTGTACTC-1",1
"AACTGGTCACTGAAGG-1",3
"AACTGGTGTCCGAACC-1",0
"AACTGGTTCGGAGCAA-1",1
"AACTGGTTCGTGGGAA-1",0
"AACTGGTTCTGCTTGC-1",3
"AACTTTCAGCGTGAAC-1",1
"AACTTTCAGTATCTCG-1",5
"AACTTTCAGTTTCCTT-1",4
"AACTTTCCATCCTTGC-1",0
"AACTTTCGTCTAGAGG-1",3
"AACTTTCGTCTCTTTA-1",0
"AACTTTCGTTTGTTTC-1",1
"AAGACCTAGGGCTTCC-1",1
"AAGACCTAGTACACCT-1",0
"AAGACCTGTATATGAG-1",1
"AAGACCTGTATCAGTC-1",0
"AAGACCTGTCCGTGAC-1",5
"AAGACCTGTCGAAAGC-1",0
"AAGACCTTCGCCATAA-1",0
"AAGCCGCAGATCTGAA-1",2
"AAGCCGCAGGGTGTTG-1",1
"AAGCCGCAGTGGACGT-1",2
"AAGCCGCAGTGTACTC-1",1
"AAGCCGCCACGCTTTC-1",0
"AAGCCGCCAGGACGTA-1",0
"AAGCCGCGTACAGTTC-1",1
"AAGCCGCGTCATTAGC-1",1
"AAGCCGCTCACGAAGG-1",2
"AAGCCGCTCAGTTAGC-1",0
"AAGCCGCTCGCAAACT-1",0
"AAGCCGCTCGTCGTTC-1",0
"AAGCCGCTCTTACCGC-1",0
"AAGGAGCAGAAACCGC-1",1
"AAGGAGCAGGCATGTG-1",0
"AAGGAGCAGGCGCTCT-1",1
"AAGGAGCAGTTGAGTA-1",2
"AAGGAGCCACGGCGTT-1",0
"AAGGAGCGTAGCGCAA-1",0
"AAGGAGCGTCTGCAAT-1",0
"AAGGAGCTCGTCTGCT-1",6
"AAGGCAGAGAACTGTA-1",1
"AAGGCAGAGAGATGAG-1",2
"AAGGCAGAGGTGATAT-1",0
"AAGGCAGCATAGTAAG-1",2
"AAGGCAGGTACTTCTT-1",0
"AAGGCAGGTGTGCCTG-1",3
"AAGGCAGTCAGATAAG-1",0
"AAGGCAGTCGGAATCT-1",2
"AAGGTTCAGTATCTCG-1",0
"AAGGTTCCATCACGTA-1",1
"AAGGTTCGTATATGGA-1",0
"AAGGTTCGTCCGAATT-1",0
"AAGGTTCGTCGACTAT-1",0
"AAGGTTCGTGTGACCC-1",1
"AAGGTTCTCCGTCATC-1",0
"AAGGTTCTCCTCGCAT-1",1
"AAGGTTCTCTGCGGCA-1",0
"AAGTCTGAGCCATCGC-1",0
"AAGTCTGAGTCAAGCG-1",2
"AAGTCTGCAAAGGAAG-1",0
"AAGTCTGGTCAGCTAT-1",1
"AAGTCTGTCAAACAAG-1",0
"AAGTCTGTCACTGGGC-1",3
"AAGTCTGTCAGCAACT-1",0
"AATCCAGCAAAGTGCG-1",0
"AATCCAGCAGCATACT-1",1
"AATCCAGGTAGGCATG-1",0
"AATCCAGGTCTCCCTA-1",1
"AATCCAGTCCGAATGT-1",0
"AATCGGTAGGCATGGT-1",1
"AATCGGTTCCTGTACC-1",1
"AATCGGTTCGCCGTGA-1",2
"ACACCAAAGATGAGAG-1",0
"ACACCAAAGCCCTAAT-1",0
"ACACCAAAGGATGGTC-1",3
"ACACCAAAGTGTCCAT-1",3
"ACACCAACACTTCGAA-1",0
"ACACCAACAGACGCTC-1",3
"ACACCAACAGCCTATA-1",0
"ACACCAAGTCGCGTGT-1",1
"ACACCAAGTCTAAACC-1",0
"ACACCAAGTTATGTGC-1",3
"ACACCAATCGCGTTTC-1",0
"ACACCCTAGCCAGGAT-1",0
"ACACCCTAGTACTTGC-1",1
"ACACCCTCAAGCGCTC-1",2
"ACACCCTCATCACAAC-1",5
"ACACCCTCATGCCCGA-1",2
"ACACCCTGTCTGGTCG-1",0
"ACACCCTTCCGCAAGC-1",4
"ACACCCTTCCTTGCCA-1",1
"ACACCCTTCTATCCTA-1",1
"ACACCCTTCTGGCGTG-1",1
"ACACCGGAGGCTCAGA-1",2
"ACACCGGAGTGACATA-1",1
"ACACCGGAGTTACCCA-1",0
"ACACCGGCAAGCCGTC-1",0
"ACACCGGCACCAGATT-1",3
"ACACCGGCACCGAAAG-1",2
"ACACCGGCATCACAAC-1",0
"ACACCGGTCCGCATAA-1",0
"ACACCGGTCTCGGACG-1",1
"ACACCGGTCTCTGTCG-1",2
"ACACTGAAGCACGCCT-1",0
"ACACTGAAGGTGATTA-1",2
"ACACTGACAATAGAGT-1",0
"ACACTGACAGACTCGC-1",0
"ACACTGACATCCAACA-1",1
"ACACTGAGTCCGAAGA-1",0
"ACACTGAGTGTTTGTG-1",0
"ACACTGAGTTTGACTG-1",0
"ACAGCCGAGGAATGGA-1",0
"ACAGCCGAGGCCCGTT-1",0
"ACAGCCGAGGTGCTTT-1",2
"ACAGCCGAGTGGTAGC-1",0
"ACAGCCGCATATACGC-1",0
"ACAGCCGCATGCAACT-1",0
"ACAGCCGGTAGGGTAC-1",1
"ACAGCCGGTCGAATCT-1",1
"ACAGCCGGTTCACCTC-1",0
"ACAGCCGGTTCCACTC-1",0
"ACAGCCGTCCAGAAGG-1",2
"ACAGCCGTCTTTACAC-1",1
"ACAGCTAAGCACCGCT-1",0
"ACAGCTAAGTATCTCG-1",0
"ACAGCTAAGTGTTGAA-1",0
"ACAGCTACATCGTCGG-1",1
"ACAGCTAGTCGACTAT-1",1
"ACAGCTAGTGGTACAG-1",1
"ACAGCTATCACCACCT-1",2
"ACAGCTATCTGCTTGC-1",1
"ACATACGAGAGCTTCT-1",0
"ACATACGAGCGTAGTG-1",1
"ACATACGAGCTTCGCG-1",1
"ACATACGAGCTTTGGT-1",0
"ACATACGCAAACGTGG-1",0
"ACATACGCAAGCCTAT-1",0
"ACATACGCATCTCCCA-1",0
"ACATACGCATTCTCAT-1",0
"ACATACGGTAGGAGTC-1",0
"ACATACGGTGCACCAC-1",1
"ACATACGGTGGTTTCA-1",0
"ACATACGTCGTATCAG-1",2
"ACATCAGAGCCACTAT-1",0
"ACATCAGAGCCTTGAT-1",0
"ACATCAGCAACACCCG-1",1
"ACATCAGCAACGATGG-1",2
"ACATCAGCAATTGCTG-1",2
"ACATCAGCACCGGAAA-1",0
"ACATCAGCATAAAGGT-1",3
"ACATCAGCATCCCACT-1",0
"ACATCAGCATTTGCCC-1",4
"ACATCAGGTAAGGATT-1",1
"ACATCAGGTCCGTGAC-1",0
"ACATCAGGTTAAGTAG-1",1
"ACATCAGTCAAACCGT-1",1
"ACATGGTAGCATGGCA-1",0
"ACATGGTAGCTGTTCA-1",5
"ACATGGTCACTTGGAT-1",1
"ACATGGTGTCAGATAA-1",2
"ACATGGTGTCTGCGGT-1",3
"ACATGGTGTGCAACTT-1",1
"ACATGGTTCCGCAAGC-1",0
"ACATGGTTCCTCCTAG-1",3
"ACATGGTTCTGGAGCC-1",1
"ACATGGTTCTTCTGGC-1",0
"ACCAGTAAGATCACGG-1",3
"ACCAGTAAGCTTCGCG-1",1
"ACCAGTACACAGATTC-1",0
"ACCAGTACACAGGCCT-1",0
"ACCAGTACAGTATGCT-1",2
"ACCAGTACAGTCAGAG-1",0
"ACCAGTACAGTTTACG-1",1
"ACCAGTAGTCACCCAG-1",0
"ACCAGTAGTCCATCCT-1",0
"ACCAGTAGTCTTCAAG-1",0
"ACCAGTAGTGGACGAT-1",0
"ACCAGTATCTGCGACG-1",0
"ACCAGTATCTGCTTGC-1",3
"ACCAGTATCTGTTTGT-1",1
"ACCCACTAGAGGTTAT-1",5
"ACCCACTAGATCCCGC-1",0
"ACCCACTAGATGTGTA-1",3
"ACCCACTAGCCCAATT-1",1
"ACCCACTCAAGGGTCA-1",0
"ACCCACTCAAGGTTCT-1",0
"ACCCACTGTAAATGAC-1",1
"ACCCACTGTAGCCTCG-1",1
"ACCCACTGTCAAAGAT-1",0
"ACCCACTGTCAATACC-1",0
"ACCCACTGTGTGGTTT-1",3
"ACCCACTTCGCAAACT-1",0
"ACCCACTTCTGCCAGG-1",1
"ACCGTAACAATCGGTT-1",1
"ACCGTAACAATCTACG-1",0
"ACCGTAACAGGTCCAC-1",2
"ACCGTAAGTACAGCAG-1",1
"ACCGTAAGTCATGCAT-1",1
"ACCGTAAGTGAGTGAC-1",1
"ACCGTAAGTTAAGAAC-1",2
"ACCGTAAGTTCCGTCT-1",1
"ACCGTAATCACATAGC-1",1
"ACCGTAATCATGTGGT-1",1
"ACCGTAATCTGAAAGA-1",1
"ACCTTTACAATCGGTT-1",0
"ACCTTTACACGGACAA-1",4
"ACCTTTACAGCAGTTT-1",3
"ACCTTTACATGCAACT-1",0
"ACCTTTACATTTCAGG-1",1
"ACCTTTAGTGAACCTT-1",0
"ACCTTTAGTTCCACTC-1",0
"ACCTTTATCTCTAGGA-1",1
"ACGAGCCAGGCAGGTT-1",1
"ACGAGCCCACAGGCCT-1",1
"ACGAGCCCATGGAATA-1",2
"ACGAGCCGTGCACGAA-1",1
"ACGAGCCGTGTGACCC-1",4
"ACGAGCCGTTGGTTTG-1",0
"ACGAGCCTCAGTCCCT-1",1
"ACGAGCCTCGCAAACT-1",2
"ACGAGGACACTACAGT-1",1
"ACGAGGACATGTAGTC-1",4
"ACGAGGAGTACACCGC-1",0
"ACGAGGAGTGCCTGCA-1",1
"ACGAGGAGTTCTGAAC-1",2
"ACGAGGATCTGCGGCA-1",3
"ACGATACAGAGTGACC-1",0
"ACGATACAGCGCCTTG-1",2
"ACGATACAGTGATCGG-1",0
"ACGATACCACGTTGGC-1",1
"ACGATACCATTGGGCC-1",0
"ACGATACGTCGAATCT-1",1
"ACGATACTCTGACCTC-1",2
"ACGATGTAGTGCGATG-1",1
"ACGATGTAGTTGAGAT-1",2
"ACGATGTCAACGCACC-1",0
"ACGATGTCACACGCTG-1",0
"ACGATGTGTATTCTCT-1",1
"ACGATGTGTCAGTGGA-1",5
"ACGATGTGTGACTACT-1",3
"ACGATGTGTGTCGCTG-1",2
"ACGATGTTCGCGTAGC-1",0
"ACGATGTTCTCTTATG-1",0
"ACGCAGCAGCGGCTTC-1",1
"ACGCAGCAGCTGCGAA-1",3
"ACGCAGCAGTGTACGG-1",1
"ACGCAGCCACCTCGTT-1",3
"ACGCAGCCATCGACGC-1",0
"ACGCAGCCATTACCTT-1",0
"ACGCAGCGTCCATGAT-1",3
"ACGCAGCGTCTACCTC-1",0
"ACGCAGCGTCTGGTCG-1",4
"ACGCAGCGTGCGATAG-1",3
"ACGCCAGCAAAGCAAT-1",1
"ACGCCAGCAACGCACC-1",2
"ACGCCAGCACGAGAGT-1",0
"ACGCCAGCAGTGAGTG-1",0
"ACGCCAGGTGCACTTA-1",0
"ACGCCAGGTGTGCGTC-1",1
"ACGCCAGTCACAGGCC-1",1
"ACGCCAGTCAGTGTTG-1",0
"ACGCCGAAGAAACGCC-1",1
"ACGCCGAAGATCTGCT-1",1
"ACGCCGACAGCCTGTG-1",1
"ACGCCGAGTTCCAACA-1",0
"ACGCCGATCCTATGTT-1",1
"ACGCCGATCGCAGGCT-1",1
"ACGCCGATCTTGTATC-1",2
"ACGGAGAAGCCAGTTT-1",0
"ACGGAGAAGGTCATCT-1",0
"ACGGAGACACACATGT-1",1
"ACGGAGACAGCCTGTG-1",1
"ACGGAGACAGCGTAAG-1",0
"ACGGAGACAGTAAGCG-1",2
"ACGGAGAGTGTGACGA-1",0
"ACGGAGATCCACGAAT-1",2
"ACGGCCACACATCCAA-1",1
"ACGGCCACACATTCGA-1",7
"ACGGCCAGTACCGTAT-1",3
"ACGGCCAGTGTATGGG-1",0
"ACGGCCATCACGGTTA-1",3
"ACGGCCATCAGTGTTG-1",1
"ACGGCCATCTACTATC-1",0
"ACGGGCTAGGATCGCA-1",0
"ACGGGCTAGGTTCCTA-1",0
"ACGGGCTAGTGGCACA-1",0
"ACGGGCTCATCTGGTA-1",1
"ACGGGCTGTGAGGCTA-1",0
"ACGGGCTTCCGAACGC-1",0
"ACGGGTCAGATGCCAG-1",1
"ACGGGTCCATGATCCA-1",1
"ACGGGTCCATTAGGCT-1",5
"ACGGGTCCATTTCACT-1",5
"ACGGGTCGTTAGGGTG-1",2
"ACGGGTCTCAACACCA-1",3
"ACGGGTCTCCACGCAG-1",0
"ACGTCAAAGGGCTTCC-1",0
"ACGTCAAAGTGGTAAT-1",2
"ACGTCAACAACTGCGC-1",0
"ACGTCAACACAAGACG-1",0
"ACGTCAAGTAGCTCCG-1",2
"ACGTCAAGTGTCGCTG-1",3
"ACGTCAAGTTATGCGT-1",0
"ACGTCAATCAACCAAC-1",1
"ACGTCAATCATAACCG-1",1
"ACGTCAATCCAGAAGG-1",0
"ACGTCAATCTAACTCT-1",0
"ACTATCTAGAGGTTAT-1",1
"ACTATCTAGATACACA-1",0
"ACTATCTAGGAGTAGA-1",3
"ACTATCTAGGCATGTG-1",6
"ACTATCTCAAATACAG-1",1
"ACTATCTCAAATTGCC-1",0
"ACTATCTGTAGGGACT-1",0
"ACTATCTGTCGCGTGT-1",1
"ACTATCTGTGCACGAA-1",0
"ACTATCTGTGGTTTCA-1",0
"ACTATCTTCGCCGTGA-1",2
"ACTGAACAGAGTGAGA-1",0
"ACTGAACAGATCCCGC-1",2
"ACTGAACAGGTGATAT-1",1
"ACTGAACCAAAGCGGT-1",6
"ACTGAACCAAGCGAGT-1",0
"ACTGAACCAATTCCTT-1",1
"ACTGAACCAGCTGGCT-1",0
"ACTGAACCAGTCTTCC-1",1
"ACTGAACCATTACCTT-1",2
"ACTGAACGTAAGCACG-1",3
"ACTGAACGTAATCGTC-1",1
"ACTGAACGTCCAGTAT-1",2
"ACTGAACGTCTGATCA-1",0
"ACTGAACTCCCACTTG-1",0
"ACTGAGTAGCCGGTAA-1",1
"ACTGAGTCAGTGGGAT-1",0
"ACTGAGTCATTTGCCC-1",0
"ACTGAGTGTAGAGCTG-1",0
"ACTGAGTGTTGTGGCC-1",2
"ACTGAGTTCAGGTTCA-1",1
"ACTGATGAGACAGACC-1",2
"ACTGATGAGCGGATCA-1",1
"ACTGATGAGGTGCTTT-1",0
"ACTGATGCAGCAGTTT-1",0
"ACTGATGCATCACAAC-1",1
"ACTGATGGTCATGCAT-1",0
"ACTGATGTCACAATGC-1",4
"ACTGATGTCACTCCTG-1",0
"ACTGATGTCCCTGACT-1",0
"ACTGATGTCCGCTGTT-1",0
"ACTGATGTCCGGCACA-1",0
"ACTGATGTCCTATTCA-1",0
"ACTGCTCAGAGCTTCT-1",0
"ACTGCTCAGATGCCTT-1",2
"ACTGCTCCACACCGCA-1",0
"ACTGCTCCAGATGGGT-1",0
"ACTGCTCCATGCCTAA-1",0
"ACTGCTCGTAGGCATG-1",0
"ACTGCTCGTATCACCA-1",0
"ACTGCTCGTCCGAAGA-1",1
"ACTGCTCTCCGAGCCA-1",3
"ACTGTCCAGAGGGCTT-1",0
"ACTGTCCAGCAGCGTA-1",1
"ACTGTCCAGGCATGGT-1",1
"ACTGTCCCAAGGTTTC-1",0
"ACTGTCCCAAGTACCT-1",0
"ACTGTCCCAGTATCTG-1",3
"ACTGTCCCATAGAAAC-1",1
"ACTGTCCGTTGAGGTG-1",0
"ACTGTCCTCCACGTGG-1",1
"ACTGTCCTCCTTGGTC-1",3
"ACTGTCCTCTCTGTCG-1",1
"ACTTACTAGCGATAGC-1",3
"ACTTACTAGGGATGGG-1",0
"ACTTACTCACAGACAG-1",2
"ACTTACTCACATTTCT-1",0
"ACTTACTGTACTCAAC-1",0
"ACTTACTGTTCCACAA-1",1
"ACTTACTTCATCGGAT-1",0
"ACTTGTTAGACAAGCC-1",0
"ACTTGTTAGCTAGCCC-1",0
"ACTTGTTAGTTACCCA-1",1
"ACTTGTTCACGACGAA-1",1
"ACTTGTTCACGGCTAC-1",0
"ACTTGTTGTATCGCAT-1",2
"ACTTGTTGTGGTAACG-1",2
"ACTTGTTGTTGTGGAG-1",1
"ACTTGTTTCATCACCC-1",1
"ACTTTCACATGGTCAT-1",1
"ACTTTCAGTGACTACT-1",2
"ACTTTCATCGCCAGCA-1",0
"AGAATAGAGCTGAACG-1",0
"AGAATAGAGCTGTCTA-1",2
"AGAATAGAGGTAGCTG-1",3
"AGAATAGCATGGTCTA-1",0
"AGAATAGGTAATCGTC-1",0
"AGAATAGGTATTCTCT-1",2
"AGAATAGGTGCGGTAA-1",1
"AGAATAGGTTAAGAAC-1",1
"AGAATAGTCAGGCCCA-1",2
"AGACGTTAGAATGTGT-1",1
"AGACGTTAGCTCCTCT-1",0
"AGACGTTAGTGCCAGA-1",0
"AGACGTTCAGGATCGA-1",1
"AGACGTTGTAGCTGCC-1",0
"AGACGTTGTCTGCAAT-1",3
"AGACGTTGTTCTGTTT-1",1
"AGACGTTTCGCATGGC-1",4
"AGACGTTTCGCTTAGA-1",0
"AGAGCGACAACTTGAC-1",0
"AGAGCGACAAGTACCT-1",0
"AGAGCGACACAACGTT-1",0
"AGAGCGACATGAGCGA-1",3
"AGAGCGAGTCAGTGGA-1",0
"AGAGCGAGTCGACTGC-1",0
"AGAGCGAGTTGAGTTC-1",0
"AGAGCGATCGCGTAGC-1",0
"AGAGCGATCTATCCTA-1",2
"AGAGCGATCTCGCTTG-1",0
"AGAGCTTAGCCGTCGT-1",0
"AGAGCTTAGTACACCT-1",1
"AGAGCTTAGTCATGCT-1",0
"AGAGCTTGTAGAGCTG-1",0
"AGAGCTTGTATCACCA-1",3
"AGAGCTTTCACTATTC-1",0
"AGAGCTTTCCTGCAGG-1",4
"AGAGCTTTCGCAAACT-1",2
"AGAGCTTTCGCTTAGA-1",1
"AGAGTGGAGAGCCTAG-1",1
"AGAGTGGAGGCCCTTG-1",3
"AGAGTGGAGGTACTCT-1",0
"AGAGTGGCACAAGACG-1",1
"AGAGTGGCACCTCGTT-1",1
"AGAGTGGCATCCGGGT-1",0
"AGAGTGGCATCTGGTA-1",2
"AGAGTGGGTCAGCTAT-1",1
"AGAGTGGGTCCTCCAT-1",1
"AGAGTGGGTCTAGTCA-1",3
"AGAGTGGGTTACCGAT-1",1
"AGATCTGAGGTGGGTT-1",0
"AGATCTGAGTCAAGGC-1",0
"AGATCTGCAATGTTGC-1",0
"AGATCTGTCGAATCCA-1",2
"AGATCTGTCTGCAGTA-1",2
"AGATTGCAGGCTACGA-1",0
"AGATTGCCACGACGAA-1",0
"AGATTGCCAGATGGGT-1",3
"AGATTGCGTAGAGCTG-1",0
"AGATTGCGTGATGTCT-1",0
"AGATTGCGTGTTCGAT-1",1
"AGATTGCGTTCACGGC-1",0
"AGATTGCTCACTGGGC-1",2
"AGATTGCTCATCTGTT-1",1
"AGCAGCCAGCTGATAA-1",3
"AGCAGCCCACCGAAAG-1",3
"AGCAGCCGTCGACTGC-1",0
"AGCAGCCGTCGCTTTC-1",1
"AGCAGCCGTCTAACGT-1",4
"AGCAGCCGTGTGAAAT-1",0
"AGCAGCCGTTTGTTGG-1",0
"AGCAGCCTCCAAACAC-1",0
"AGCATACAGTGGTAGC-1",0
"AGCATACAGTTGTCGT-1",4
"AGCATACGTCTTCTCG-1",0
"AGCATACGTTAAGTAG-1",1
"AGCATACTCCGTTGCT-1",0
"AGCCTAAAGATATGGT-1",1
"AGCCTAACAAAGCGGT-1",0
"AGCCTAACAGATAATG-1",2
"AGCCTAAGTACGAAAT-1",0
"AGCCTAAGTCACCTAA-1",0
"AGCCTAAGTGTGCCTG-1",0
"AGCCTAATCACCCGAG-1",1
"AGCCTAATCCAATGGT-1",2
"AGCCTAATCCTTGGTC-1",0
"AGCCTAATCTGTGCAA-1",2
"AGCCTAATCTGTTTGT-1",0
"AGCGGTCAGCGAAGGG-1",3
"AGCGGTCAGGTACTCT-1",0
"AGCGGTCAGTGACTCT-1",0
"AGCGGTCCAGCCTTGG-1",0
"AGCGGTCGTCCTAGCG-1",1
"AGCGGTCGTGGTGTAG-1",0
"AGCGGTCGTTAAGGGC-1",4
"AGCGGTCGTTTGCATG-1",1
"AGCGGTCTCCGAAGAG-1",0
"AGCGGTCTCCTCAATT-1",1
"AGCGGTCTCTGGGCCA-1",4
"AGCGTATAGAACTGTA-1",5
"AGCGTATAGCGATGAC-1",1
"AGCGTATAGGTACTCT-1",0
"AGCGTATGTTGAGGTG-1",3
"AGCGTATTCCAGAGGA-1",0
"AGCGTCGAGTTGAGTA-1",3
"AGCGTCGCAGGGATTG-1",0
"AGCGTCGTCTGAAAGA-1",1
"AGCTCCTAGACCTAGG-1",0
"AGCTCCTAGCGTTTAC-1",1
"AGCTCCTGTGTTTGTG-1",0
"AGCTCCTGTTGTCTTT-1",3
"AGCTCCTTCCGAATGT-1",0
"AGCTCCTTCTTGACGA-1",0
"AGCTCTCAGCGGATCA-1",0
"AGCTCTCAGCTGTTCA-1",1
"AGCTCTCAGGTGCTAG-1",1
"AGCTCTCCATACAGCT-1",0
"AGCTCTCGTCAGAGGT-1",0
"AGCTCTCGTGGGTCAA-1",2
"AGCTCTCTCACAACGT-1",2
"AGCTCTCTCTTGACGA-1",6
"AGCTTGAAGCATCATC-1",2
"AGCTTGAAGTAGCGGT-1",1
"AGCTTGAAGTTGTCGT-1",0
"AGCTTGACAATCCAAC-1",2
"AGCTTGACACCGATAT-1",1
"AGCTTGAGTCTACCTC-1",0
"AGCTTGAGTGCGCTTG-1",0
"AGCTTGAGTTACGCGC-1",0
"AGCTTGATCCTGCCAT-1",1
"AGCTTGATCTGCAAGT-1",1
"AGGCCACAGAGTAAGG-1",0
"AGGCCACAGGGTCTCC-1",0
"AGGCCACAGTACTTGC-1",1
"AGGCCACCAGGACCCT-1",0
"AGGCCACCATCAGTCA-1",2
"AGGCCACTCATGCTCC-1",1
"AGGCCACTCATGGTCA-1",0
"AGGCCACTCATTGCGA-1",1
"AGGCCGTAGGATCGCA-1",0
"AGGCCGTCACGTAAGG-1",1
"AGGCCGTCAGCTCGAC-1",0
"AGGCCGTCATCGTCGG-1",1
"AGGCCGTTCACGGTTA-1",0
"AGGCCGTTCGAACTGT-1",0
"AGGCCGTTCTCAAGTG-1",4
"AGGCCGTTCTGCTTGC-1",2
"AGGGAGTAGCCCAACC-1",1
"AGGGAGTAGGAGTACC-1",0
"AGGGAGTAGGCAGGTT-1",1
"AGGGAGTCACGAGAGT-1",4
"AGGGAGTCAGAAGCAC-1",0
"AGGGAGTCAGATCCAT-1",3
"AGGGAGTCATCGACGC-1",0
"AGGGAGTCATGCTAGT-1",5
"AGGGAGTGTCCATGAT-1",5
"AGGGAGTTCATAACCG-1",1
"AGGGATGAGCTCTCGG-1",0
"AGGGATGAGGAGTAGA-1",0
"AGGGATGAGTAGCGGT-1",0
"AGGGATGCAATGAATG-1",1
"AGGGATGCAATGGAGC-1",0
"AGGGATGCACAAGACG-1",3
"AGGGATGCACATTTCT-1",1
"AGGGATGCATGGTCTA-1",3
"AGGGATGGTTAAAGTG-1",0
"AGGGATGGTTATGCGT-1",0
"AGGGATGTCGTGACAT-1",0
"AGGGTGAAGATGGCGT-1",1
"AGGGTGAAGATGGGTC-1",0
"AGGGTGAAGGCTCAGA-1",2
"AGGGTGACACGAGAGT-1",1
"AGGGTGACAGATGGCA-1",0
"AGGGTGACAGATTGCT-1",1
"AGGGTGAGTACTCTCC-1",2
"AGGGTGAGTTATCGGT-1",1
"AGGGTGAGTTCTGAAC-1",0
"AGGGTGATCTCGCTTG-1",1
"AGGTCATAGAGCCCAA-1",0
"AGGTCATAGCCAGAAC-1",3
"AGGTCATAGGCATGGT-1",0
"AGGTCATAGGGAGTAA-1",0
"AGGTCATCACTCAGGC-1",3
"AGGTCATCACTCTGTC-1",2
"AGGTCATGTTCCACTC-1",0
"AGGTCATTCTCGTTTA-1",0
"AGGTCCGAGGATGCGT-1",0
"AGGTCCGCAACACGCC-1",0
"AGGTCCGGTGATGCCC-1",2
"AGGTCCGTCCATGAAC-1",3
"AGGTCCGTCGCCCTTA-1",3
"AGGTCCGTCTGCGTAA-1",0
"AGTAGTCAGACTGTAA-1",0
"AGTAGTCAGTACGACG-1",4
"AGTAGTCAGTTTAGGA-1",0
"AGTAGTCCAACTGGCC-1",0
"AGTAGTCGTGCAGACA-1",0
"AGTAGTCTCACCCGAG-1",0
"AGTCTTTAGGCAGTCA-1",3
"AGTCTTTCAAATCCGT-1",1
"AGTCTTTCATATACCG-1",0
"AGTCTTTGTGCTTCTC-1",0
"AGTCTTTGTGTCCTCT-1",0
"AGTCTTTGTTTGTTTC-1",0
"AGTCTTTTCGCAGGCT-1",2
"AGTCTTTTCGCGTAGC-1",2
"AGTCTTTTCGCTAGCG-1",0
"AGTCTTTTCGCTTGTC-1",2
"AGTCTTTTCTGACCTC-1",0
"AGTGAGGAGATAGCAT-1",0
"AGTGAGGCAGGTGCCT-1",2
"AGTGAGGGTATGAAAC-1",2
"AGTGAGGGTCACTTCC-1",1
"AGTGAGGGTCGCGAAA-1",2
"AGTGAGGGTTATGTGC-1",0
"AGTGAGGTCTACTATC-1",1
"AGTGGGAAGCAGACTG-1",0
"AGTGGGACAAACGCGA-1",4
"AGTGGGACAAGCCGTC-1",0
"AGTGGGACACAGGAGT-1",0
"AGTGGGACACGAGAGT-1",2
"AGTGGGATCATCGATG-1",0
"AGTGGGATCCACGAAT-1",0
"AGTGGGATCCTGCAGG-1",0
"AGTGTCAAGAAGCCCA-1",0
"AGTGTCAAGCTAGTCT-1",1
"AGTGTCAAGTACGACG-1",0
"AGTGTCAAGTGAACAT-1",3
"AGTGTCACACCATCCT-1",0
"AGTGTCACAGTAAGCG-1",0
"AGTGTCACAGTGGAGT-1",2
"AGTGTCAGTAAACCTC-1",0
"AGTGTCAGTACAGCAG-1",2
"AGTGTCAGTCTCCACT-1",0
"AGTGTCAGTTTGACTG-1",2
"AGTGTCATCAAAGTAG-1",0
"AGTGTCATCCGTCAAA-1",0
"AGTGTCATCGTTACAG-1",1
"AGTGTCATCTGTCAAG-1",1
"AGTTGGTAGACTGTAA-1",3
"AGTTGGTAGTACGCGA-1",0
"AGTTGGTCAAATTGCC-1",1
"AGTTGGTCAGGAATGC-1",0
"AGTTGGTCATGCGCAC-1",0
"AGTTGGTGTACCGTAT-1",0
"AGTTGGTGTATGCTTG-1",2
"AGTTGGTGTCAGGACA-1",0
"AGTTGGTGTTCAGACT-1",4
"AGTTGGTTCAGTACGT-1",6
"AGTTGGTTCCTCAACC-1",1
"AGTTGGTTCGTACCGG-1",0
"AGTTGGTTCTGTCCGT-1",1
"ATAACGCAGTTGAGTA-1",0
"ATAACGCCACGTGAGA-1",0
"ATAACGCGTGAACCTT-1",1
"ATAACGCGTGTCCTCT-1",0
"ATAACGCGTGTGAAAT-1",0
"ATAACGCTCTCCGGTT-1",1
"ATAAGAGAGTCCGGTC-1",2
"ATAAGAGCAACTGCGC-1",3
"ATAAGAGCAGTATCTG-1",4
"ATAAGAGGTGACGCCT-1",0
"ATAAGAGGTTAAAGTG-1",1
"ATAAGAGTCAGCACAT-1",1
"ATAAGAGTCAGTGCAT-1",1
"ATAGACCAGAGAGCTC-1",0
"ATAGACCAGCCCAATT-1",0
"ATAGACCCAAGCCATT-1",1
"ATAGACCCATCTGGTA-1",1
"ATAGACCGTATATGGA-1",1
"ATAGACCGTGGACGAT-1",0
"ATAGACCGTGGCGAAT-1",1
"ATAGACCGTTTCGCTC-1",3
"ATCACGAAGAACTCGG-1",1
"ATCACGAAGACACGAC-1",1
"ATCACGAAGTTACCCA-1",2
"ATCACGACAAGACACG-1",3
"ATCACGACAAGCGTAG-1",2
"ATCACGACACACATGT-1",0
"ATCACGACACCACCAG-1",0
"ATCACGACACGGTAAG-1",0
"ATCACGACAGCGAACA-1",5
"ATCACGATCCCGACTT-1",2
"ATCACGATCGGTGTCG-1",1
"ATCATCTAGCCTATGT-1",1
"ATCATCTAGGCCATAG-1",0
"ATCATCTAGTACTTGC-1",3
"ATCATCTCAGACGCCT-1",7
"ATCATCTCATCCGTGG-1",1
"ATCATCTGTATTACCG-1",0
"ATCATCTGTCACTTCC-1",1
"ATCATCTTCAGCGACC-1",0
"ATCATCTTCCTCAACC-1",0
"ATCATGGCAAGCGTAG-1",3
"ATCATGGCAAGGTTCT-1",2
"ATCATGGCACTACAGT-1",2
"ATCATGGGTAAGGGAA-1",0
"ATCATGGGTTGTGGCC-1",1
"ATCATGGTCAATAAGG-1",3
"ATCATGGTCCAATGGT-1",1
"ATCATGGTCGCCATAA-1",0
"ATCATGGTCGGTTAAC-1",0
"ATCCACCAGCTAGTCT-1",1
"ATCCACCAGGCTCTTA-1",0
"ATCCACCCAAACGTGG-1",0
"ATCCACCCAGTTAACC-1",1
"ATCCACCGTCCGAAGA-1",1
"ATCCACCGTTTGTTTC-1",2
"ATCCACCTCCTGCTTG-1",1
"ATCCACCTCCTTAATC-1",0
"ATCCACCTCTGGTATG-1",3
"ATCCGAAAGCGATGAC-1",2
"ATCCGAAAGCTAGGCA-1",1
"ATCCGAACAAACGTGG-1",2
"ATCCGAACAACAACCT-1",1
"ATCCGAACAAGGACTG-1",0
"ATCCGAACACCCATTC-1",0
"ATCCGAACACGGTAGA-1",2
"ATCCGAAGTAGCGCTC-1",2
"ATCCGAAGTCATTAGC-1",5
"ATCCGAAGTCTCTTAT-1",2
"ATCCGAATCCAACCAA-1",0
"ATCCGAATCCTTGACC-1",3
"ATCCGAATCTTGTCAT-1",0
"ATCGAGTAGACTTTCG-1",0
"ATCGAGTCATCCGGGT-1",2
"ATCGAGTGTCCCTTGT-1",1
"ATCGAGTGTCTCCCTA-1",3
"ATCGAGTTCATGCATG-1",0
"ATCGAGTTCCTGCCAT-1",0
"ATCTACTAGGTGTGGT-1",0
"ATCTACTCAGCTGTAT-1",3
"ATCTACTCAGTACACT-1",1
"ATCTACTCATGACATC-1",3
"ATCTACTGTAAGTAGT-1",2
"ATCTACTGTGTCGCTG-1",0
"ATCTACTTCCGCGTTT-1",0
"ATCTACTTCGCAAGCC-1",0
"ATCTACTTCTATCGCC-1",2
"ATCTACTTCTCTAAGG-1",0
"ATCTGCCAGGCTCAGA-1",4
"ATCTGCCGTACAGTTC-1",2
"ATCTGCCGTTGTGGAG-1",3
"ATCTGCCTCAGAGACG-1",2
"ATCTGCCTCAGCTGGC-1",0
"ATCTGCCTCGTACGGC-1",0
"ATCTGCCTCTCGAGTA-1",3
"ATCTGCCTCTGAGTGT-1",1
"ATCTGCCTCTTGTATC-1",0
"ATGAGGGAGGTCGGAT-1",1
"ATGAGGGCATGACGGA-1",2
"ATGAGGGCATTAGGCT-1",3
"ATGAGGGTCACATGCA-1",0
"ATGAGGGTCAGTCCCT-1",2
"ATGCGATAGTCAATAG-1",0
"ATGCGATCATGTTGAC-1",0
"ATGCGATGTGCAGTAG-1",1
"ATGCGATGTGCATCTA-1",0
"ATGCGATTCCCAAGAT-1",0
"ATGCGATTCGCCATAA-1",1
"ATGGGAGAGCAATATG-1",0
"ATGGGAGAGCCACGCT-1",2
"ATGGGAGAGGTGATAT-1",0
"ATGGGAGCACCAGGTC-1",0
"ATGGGAGCACTATCTT-1",1
"ATGGGAGCAGCATACT-1",3
"ATGGGAGCATAGAAAC-1",0
"ATGGGAGCATTACCTT-1",0
"ATGGGAGTCAAGGTAA-1",0
"ATGTGTGAGCGAAGGG-1",0
"ATGTGTGAGGGTTTCT-1",3
"ATGTGTGAGTTGAGTA-1",1
"ATGTGTGCACGGCGTT-1",0
"ATGTGTGCACGGTTTA-1",4
"ATGTGTGCAGTATAAG-1",2
"ATGTGTGTCACGCGGT-1",2
"ATTACTCAGATGTGTA-1",3
"ATTACTCAGCGTAATA-1",1
"ATTACTCAGGTGCACA-1",0
"ATTACTCAGTGAAGTT-1",0
"ATTACTCCAAACTGTC-1",4
"ATTACTCCACCATCCT-1",0
"ATTACTCCAGACTCGC-1",1
"ATTACTCCATATGCTG-1",0
"ATTACTCCATCGGTTA-1",0
"ATTACTCCATTGCGGC-1",0
"ATTACTCGTTAAAGAC-1",0
"ATTACTCTCCGAACGC-1",2
"ATTATCCAGAGTACCG-1",0
"ATTATCCAGCTTATCG-1",0
"ATTATCCCACAAGCCC-1",1
"ATTATCCCATATGAGA-1",1
"ATTATCCCATCTGGTA-1",3
"ATTATCCGTCGTTGTA-1",3
"ATTATCCGTCTCTCTG-1",4
"ATTATCCTCAACGGGA-1",1
"ATTATCCTCCGCGCAA-1",0
"ATTATCCTCTCCGGTT-1",0
"ATTCTACGTCACTTCC-1",4
"ATTCTACGTCTAGTCA-1",3
"ATTCTACGTTGTCGCG-1",2
"ATTGGACAGCAGATCG-1",5
"ATTGGACAGGGCATGT-1",2
"ATTGGACAGTGGACGT-1",0
"ATTGGACCAAGACACG-1",0
"ATTGGACGTAATAGCA-1",2
"ATTGGACTCCTGCTTG-1",1
"ATTGGACTCGGCGCAT-1",1
"ATTGGACTCGTTTGCC-1",3
"ATTGGTGAGAATGTTG-1",0
"ATTGGTGCAAGCTGAG-1",1
"ATTGGTGCAGCAGTTT-1",3
"ATTGGTGGTATGGTTC-1",0
"ATTGGTGGTTGAGTTC-1",4
"ATTGGTGTCAAAGTAG-1",1
"ATTGGTGTCGGAAACG-1",3
"ATTTCTGAGGGATACC-1",0
"ATTTCTGAGGGATCTG-1",0
"ATTTCTGAGGTGTTAA-1",1
"ATTTCTGAGTCGAGTG-1",0
"ATTTCTGAGTTCGCAT-1",0
"ATTTCTGCAAGGTGTG-1",1
"ATTTCTGGTAGCTCCG-1",1
"ATTTCTGGTGCACGAA-1",0
"ATTTCTGGTTGCCTCT-1",1
"ATTTCTGTCAAAGTAG-1",2
"ATTTCTGTCAGCTCGG-1",0
"ATTTCTGTCTTGGGTA-1",3
"CAACCAAAGAAACGCC-1",0
"CAACCAAAGAGGGCTT-1",3
"CAACCAAAGCTGAAAT-1",1
"CAACCAAAGGACAGCT-1",1
"CAACCAAAGGGAGTAA-1",0
"CAACCAACATACGCTA-1",1
"CAACCTCAGTAATCCC-1",0
"CAACCTCCAGACGCAA-1",2
"CAACCTCGTGAGTGAC-1",0
"CAACCTCGTTCCACGG-1",0
"CAACCTCTCATACGGT-1",3
"CAACCTCTCCGATATG-1",3
"CAACCTCTCCTTTACA-1",2
"CAACCTCTCTCTAGGA-1",0
"CAACTAGAGAATAGGG-1",0
"CAACTAGAGGATGCGT-1",0
"CAACTAGCACCATCCT-1",0
"CAACTAGCAGACTCGC-1",1
"CAACTAGCAGTTCATG-1",0
"CAACTAGGTACGCACC-1",3
"CAACTAGTCAGGCCCA-1",1
"CAAGAAAAGAAGGACA-1",0
"CAAGAAAAGACGCACA-1",3
"CAAGAAAAGGCCCTTG-1",0
"CAAGAAAAGGTGATAT-1",1
"CAAGAAAAGTCGATAA-1",1
"CAAGAAAAGTGGAGTC-1",1
"CAAGAAAAGTGTACCT-1",2
"CAAGAAACACGGTGTC-1",0
"CAAGAAATCTGCTTGC-1",1
"CAAGATCAGCTGAAAT-1",6
"CAAGATCGTAAGAGGA-1",1
"CAAGATCGTGCCTTGG-1",0
"CAAGATCTCAACACCA-1",1
"CAAGATCTCTCGATGA-1",1
"CAAGGCCAGGAGTCTG-1",1
"CAAGGCCAGGCTATCT-1",0
"CAAGGCCCACGGTAAG-1",3
"CAAGGCCCATGTTCCC-1",3
"CAAGGCCGTCCGTCAG-1",0
"CAAGGCCTCAACGGGA-1",0
"CAAGGCCTCCTTGACC-1",0
"CAAGGCCTCGTGACAT-1",0
"CAAGTTGAGACAGGCT-1",4
"CAAGTTGAGATGTCGG-1",6
"CAAGTTGAGCGTCAAG-1",0
"CAAGTTGAGCGTTTAC-1",2
"CAAGTTGCACATTAGC-1",0
"CAAGTTGCACGCTTTC-1",0
"CAAGTTGCACGGTGTC-1",2
"CAAGTTGCATTCTTAC-1",3
"CAAGTTGGTACTCAAC-1",0
"CAAGTTGGTCAGGACA-1",4
"CAAGTTGGTCGGCACT-1",0
"CAAGTTGTCAACGAAA-1",1
"CAAGTTGTCACCACCT-1",0
"CAAGTTGTCATTGCCC-1",1
"CAAGTTGTCGAATCCA-1",3
"CAAGTTGTCTACTTAC-1",0
"CACAAACAGGGCTCTC-1",1
"CACAAACAGGGCTTGA-1",1
"CACAAACAGTGACATA-1",0
"CACAAACCAACTGCGC-1",2
"CACAAACCAATAAGCA-1",0
"CACAAACCAATCAGAA-1",0
"CACAAACCACTTAACG-1",0
"CACAAACCATGAACCT-1",0
"CACAAACCATGGTCAT-1",2
"CACAAACGTCAACTGT-1",0
"CACAAACGTCAGAATA-1",0
"CACAAACTCTTCGGTC-1",0
"CACAAACTCTTGGGTA-1",1
"CACACAAAGCGACGTA-1",1
"CACACAAAGGGAGTAA-1",3
"CACACAACAAACGTGG-1",1
"CACACAACACATGACT-1",0
"CACACAACATCGATTG-1",0
"CACACAACATTGGGCC-1",0
"CACACAAGTACGACCC-1",1
"CACACAAGTCAGTGGA-1",1
"CACACAAGTCATCGGC-1",0
"CACACAAGTTTACTCT-1",1
"CACACAATCCACGTGG-1",0
"CACACAATCCACGTTC-1",3
"CACACAATCGGCGCAT-1",0
"CACACCTAGAGACTAT-1",0
"CACACCTAGGACATTA-1",0
"CACACCTAGTCATCCA-1",0
"CACACCTAGTGTGAAT-1",0
"CACACCTCACTGAAGG-1",6
"CACACCTCATAGGATA-1",0
"CACACCTCATAGTAAG-1",0
"CACACCTCATTGGGCC-1",0
"CACACCTGTACAGCAG-1",1
"CACACCTGTACCGCTG-1",2
"CACACCTGTCCAAGTT-1",2
"CACACCTGTGGACGAT-1",0
"CACACCTGTGGTCTCG-1",0
"CACACCTTCATGTCTT-1",2
"CACACCTTCTGGCGAC-1",0
"CACACTCAGGGAAACA-1",0
"CACACTCCAACACCTA-1",2
"CACACTCCAAGGGTCA-1",2
"CACACTCGTGACGCCT-1",2
"CACACTCGTTTGTGTG-1",0
"CACAGGCAGCCATCGC-1",4
"CACAGGCAGGGATGGG-1",0
"CACAGGCCAAGAGTCG-1",3
"CACAGGCCAATGGAGC-1",0
"CACAGGCGTCTAGGTT-1",5
"CACAGGCGTTACGCGC-1",3
"CACAGGCTCGGGAGTA-1",1
"CACAGGCTCTATGTGG-1",2
"CACAGTAAGACGCAAC-1",1
"CACAGTAAGACGCACA-1",0
"CACAGTAAGTGGGCTA-1",0
"CACAGTACAACTGGCC-1",8
"CACAGTACATCGGACC-1",1
"CACAGTAGTTCCATGA-1",0
"CACATAGAGCCCAATT-1",1
"CACATAGAGTGTACTC-1",0
"CACATAGCACTTCTGC-1",3
"CACATAGCAGGGTATG-1",1
"CACATAGTCCTTGCCA-1",1
"CACATAGTCGGCGCAT-1",0
"CACATTTAGCAGATCG-1",1
"CACATTTAGGGCACTA-1",1
"CACATTTCACGGCGTT-1",2
"CACATTTCATTACCTT-1",0
"CACATTTGTCGAACAG-1",0
"CACATTTGTGTTGAGG-1",1
"CACATTTTCCAGAGGA-1",0
"CACATTTTCCGCATCT-1",2
"CACATTTTCTACTATC-1",5
"CACATTTTCTGTGCAA-1",0
"CACCACTAGCCACGTC-1",3
"CACCACTAGTGGTAAT-1",4
"CACCACTAGTTACCCA-1",0
"CACCACTCAAGCCCAC-1",2
"CACCACTCAGTTCATG-1",0
"CACCACTGTTATTCTC-1",0
"CACCACTTCACCGGGT-1",1
"CACCACTTCGAATCCA-1",0
"CACCACTTCGACCAGC-1",0
"CACCACTTCTAACCGA-1",0
"CACCACTTCTTTAGTC-1",1
"CACCAGGCACATTAGC-1",0
"CACCAGGCACTGCCAG-1",5
"CACCAGGCATAAAGGT-1",2
"CACCAGGCATGAACCT-1",0
"CACCAGGGTGAAATCA-1",0
"CACCAGGGTGTTTGGT-1",1
"CACCAGGGTTATCACG-1",1
"CACCAGGTCATGTAGC-1",1
"CACCAGGTCTGCTTGC-1",0
"CACCTTGAGACTTGAA-1",1
"CACCTTGAGTCAATAG-1",0
"CACCTTGCACTAGTAC-1",0
"CACCTTGCAGGCGATA-1",2
"CACCTTGCATTCCTGC-1",1
"CACCTTGGTCATTAGC-1",2
"CACCTTGGTGATGTCT-1",1
"CACCTTGGTGTGAAAT-1",0
"CACCTTGGTTATGTGC-1",2
"CACCTTGTCAACCATG-1",1
"CACCTTGTCATTATCC-1",1
"CACCTTGTCCAAAGTC-1",2
"CACCTTGTCTCACATT-1",1
"CACTCCAAGACAAGCC-1",0
"CACTCCAAGGTACTCT-1",2
"CACTCCACAATGGACG-1",1
"CACTCCAGTACATGTC-1",1
"CACTCCAGTTGTCGCG-1",0
"CACTCCATCAACACAC-1",0
"CACTCCATCCCAGGTG-1",0
"CAGAATCAGAAACCTA-1",0
"CAGAATCAGCCAACAG-1",4
"CAGAATCAGCTGGAAC-1",1
"CAGAATCAGGACTGGT-1",0
"CAGAATCAGTATCGAA-1",0
"CAGAATCCACAGAGGT-1",1
"CAGAATCCAGGGTACA-1",1
"CAGAATCGTAAGTGTA-1",1
"CAGAATCGTAATCACC-1",0
"CAGAATCTCAGTTTGG-1",1
"CAGAATCTCGCAAGCC-1",4
"CAGAATCTCGGTCCGA-1",1
"CAGAATCTCTTGCAAG-1",0
"CAGAATCTCTTGTACT-1",0
"CAGAGAGAGAATTGTG-1",2
"CAGAGAGAGCAATATG-1",1
"CAGAGAGCAAGAAGAG-1",0
"CAGAGAGCACCAGATT-1",0
"CAGAGAGGTAATCACC-1",0
"CAGAGAGGTAGCTGCC-1",0
"CAGAGAGGTAGGACAC-1",0
"CAGAGAGGTATAGGGC-1",0
"CAGAGAGGTCCGAATT-1",0
"CAGAGAGGTTGAGGTG-1",2
"CAGAGAGTCACCCGAG-1",0
"CAGAGAGTCATAACCG-1",0
"CAGAGAGTCCGAACGC-1",0
"CAGAGAGTCTGGTATG-1",0
"CAGATCAAGAGACGAA-1",0
"CAGATCAAGCACCGTC-1",0
"CAGATCAAGCTTCGCG-1",0
"CAGATCAAGGATTCGG-1",0
"CAGATCAAGTGTACCT-1",0
"CAGATCAAGTTTAGGA-1",1
"CAGATCACAATAACGA-1",1
"CAGATCACACACCGAC-1",0
"CAGATCACACGGTAAG-1",0
"CAGATCACACTCTGTC-1",0
"CAGATCACAGCATACT-1",0
"CAGATCACAGTGGGAT-1",0
"CAGATCAGTACCAGTT-1",0
"CAGATCAGTGCGGTAA-1",1
"CAGATCATCTGATACG-1",0
"CAGATCATCTGATTCT-1",0
"CAGCAGCAGATGCCAG-1",5
"CAGCAGCAGGGAACGG-1",1
"CAGCAGCCACCTATCC-1",0
"CAGCAGCCATCACAAC-1",1
"CAGCAGCGTGCTAGCC-1",4
"CAGCAGCTCAACACTG-1",3
"CAGCAGCTCGAACTGT-1",2
"CAGCAGCTCGCCGTGA-1",0
"CAGCATAAGAGACGAA-1",2
"CAGCATAGTCTAGGTT-1",0
"CAGCATAGTTTACTCT-1",2
"CAGCATATCACGAAGG-1",4
"CAGCATATCAGGCAAG-1",0
"CAGCATATCCTTAATC-1",1
"CAGCCGAAGCATCATC-1",0
"CAGCCGAAGTTTCCTT-1",2
"CAGCCGACACGTGAGA-1",0
"CAGCCGACATCAGTCA-1",0
"CAGCCGAGTGATGTCT-1",0
"CAGCCGATCACCAGGC-1",0
"CAGCCGATCCTCAATT-1",2
"CAGCGACAGAAACGCC-1",1
"CAGCGACAGCGTCAAG-1",0
"CAGCGACCAAACGTGG-1",2
"CAGCGACCAAAGCGGT-1",3
"CAGCGACCACGTCAGC-1",1
"CAGCGACCATGGGACA-1",1
"CAGCGACGTCTGATTG-1",1
"CAGCGACGTGGACGAT-1",1
"CAGCGACGTGGTTTCA-1",3
"CAGCGACGTTCGGCAC-1",3
"CAGCGACTCCGCAAGC-1",0
"CAGCGACTCTGGGCCA-1",1
"CAGCTAAAGATGTGTA-1",0
"CAGCTAAAGCAGACTG-1",0
"CAGCTAAAGCTGTTCA-1",0
"CAGCTAAAGGAGCGTT-1",2
"CAGCTAACACAGATTC-1",1
"CAGCTAACATCAGTAC-1",3
"CAGCTAAGTAATCGTC-1",2
"CAGCTAAGTCTCACCT-1",0
"CAGCTAAGTTCGTCTC-1",0
"CAGCTAATCCACGCAG-1",1
"CAGCTAATCCCTAACC-1",1
"CAGCTAATCTGGTTCC-1",0
"CAGCTAATCTTAGCCC-1",2
"CAGCTAATCTTCGGTC-1",1
"CAGCTGGAGACACTAA-1",0
"CAGCTGGAGATCCTGT-1",0
"CAGCTGGCACCAACCG-1",1
"CAGCTGGCAGTGGAGT-1",2
"CAGCTGGCATGCATGT-1",4
"CAGCTGGTCTACCTGC-1",1
"CAGGTGCAGAGACGAA-1",4
"CAGGTGCAGATCCTGT-1",2
"CAGGTGCAGGCATGTG-1",0
"CAGGTGCCAGGAACGT-1",2
"CAGGTGCCATAGTAAG-1",1
"CAGGTGCCATCGGAAG-1",0
"CAGGTGCTCAGTTGAC-1",6
"CAGGTGCTCCAAGTAC-1",0
"CAGGTGCTCTTGTATC-1",2
"CAGTAACAGATATGGT-1",1
"CAGTAACAGATGGCGT-1",0
"CAGTAACCAATCACAC-1",1
"CAGTAACCACTCGACG-1",0
"CAGTAACGTGATAAGT-1",2
"CAGTAACGTGCACCAC-1",0
"CAGTAACTCAGAGGTG-1",0
"CAGTAACTCGTACGGC-1",0
"CAGTAACTCGTGACAT-1",0
"CAGTAACTCTGCCAGG-1",2
"CAGTCCTAGAATCTCC-1",3
"CAGTCCTAGATCTGCT-1",3
"CAGTCCTCAGTATAAG-1",1
"CAGTCCTTCAACACGT-1",1
"CAGTCCTTCCATGAGT-1",1
"CAGTCCTTCCCGACTT-1",1
"CAGTCCTTCCCTTGTG-1",6
"CAGTCCTTCGAACGGA-1",1
"CAGTCCTTCGGTTCGG-1",1
"CAGTCCTTCTACTTAC-1",0
"CATATGGAGAGATGAG-1",1
"CATATGGAGGCATGGT-1",2
"CATATGGAGTATTGGA-1",1
"CATATGGCAAGCGTAG-1",2
"CATATGGGTCGCATAT-1",0
"CATATGGTCATTATCC-1",0
"CATATGGTCATTGCGA-1",0
"CATATTCAGGCGACAT-1",0
"CATATTCCACCACCAG-1",0
"CATATTCGTGACTACT-1",0
"CATATTCGTGGTACAG-1",0
"CATATTCGTGTGACGA-1",3
"CATATTCTCACAGGCC-1",0
"CATATTCTCGCAAACT-1",0
"CATCAAGAGAACTCGG-1",2
"CATCAAGAGATGGCGT-1",0
"CATCAAGAGCCGCCTA-1",1
"CATCAAGCACGAAACG-1",1
"CATCAAGCAGCCTTTC-1",1
"CATCAAGCATGGAATA-1",0
"CATCAAGGTTACTGAC-1",4
"CATCAAGGTTCCATGA-1",0
"CATCAAGTCTAAGCCA-1",3
"CATCAAGTCTGACCTC-1",0
"CATCAGAAGCTAGTCT-1",2
"CATCAGACAAGCCATT-1",0
"CATCAGACAATGACCT-1",1
"CATCAGACACGGCCAT-1",3
"CATCAGACAGACAGGT-1",2
"CATCAGACATAACCTG-1",2
"CATCAGAGTAATTGGA-1",2
"CATCAGAGTACATGTC-1",2
"CATCAGAGTGTTAAGA-1",0
"CATCAGAGTTCAACCA-1",0
"CATCAGATCGTTGACA-1",0
"CATCCACGTAAAGTCA-1",1
"CATCCACGTACCGTAT-1",5
"CATCCACGTGCCTGTG-1",1
"CATCCACGTTTAAGCC-1",0
"CATCGAAAGAGTACAT-1",2
"CATCGAAAGCTGTCTA-1",0
"CATCGAACAAGAGGCT-1",0
"CATCGAACAAGCTGAG-1",2
"CATCGAACACATTTCT-1",2
"CATCGAACATAAAGGT-1",0
"CATCGAAGTAGTACCT-1",1
"CATCGAAGTCCGACGT-1",0
"CATCGAAGTGCACTTA-1",1
"CATCGAATCAAACCAC-1",6
"CATCGAATCCGCGGTA-1",0
"CATCGAATCCGTAGTA-1",0
"CATCGGGAGAAGCCCA-1",0
"CATCGGGAGCGAGAAA-1",2
"CATCGGGAGGGTGTGT-1",1
"CATCGGGAGGTGTTAA-1",1
"CATCGGGAGTGACTCT-1",1
"CATCGGGCACTCAGGC-1",0
"CATCGGGCAGACGCTC-1",0
"CATCGGGCATCACAAC-1",2
"CATCGGGGTCCTCTTG-1",1
"CATCGGGGTGAGGGAG-1",6
"CATCGGGGTTCGAATC-1",0
"CATCGGGTCAGGATCT-1",2
"CATCGGGTCCACGAAT-1",0
"CATCGGGTCGATGAGG-1",2
"CATGACAAGACCACGA-1",3
"CATGACAAGCTCCTCT-1",0
"CATGACAAGTAACCCT-1",0
"CATGACAAGTATCTCG-1",0
"CATGACAGTCGTCTTC-1",0
"CATGACAGTGAACCTT-1",3
"CATGACATCAATAAGG-1",3
"CATGACATCTAACTGG-1",2
"CATGCCTAGACCTAGG-1",0
"CATGCCTAGAGTCTGG-1",0
"CATGCCTCACCACCAG-1",1
"CATGCCTGTCAAAGCG-1",0
"CATGCCTGTCGATTGT-1",0
"CATGCCTTCCACGACG-1",0
"CATGCCTTCCTCATTA-1",1
"CATGCCTTCGCATGAT-1",2
"CATGGCGAGAGCTGGT-1",0
"CATGGCGAGTACGACG-1",1
"CATGGCGTCCAAAGTC-1",1
"CATGGCGTCCCTTGTG-1",0
"CATGGCGTCGGCCGAT-1",2
"CATGGCGTCTCAAACG-1",0
"CATGGCGTCTGCCCTA-1",0
"CATTATCAGACCCACC-1",1
"CATTATCAGTCCCACG-1",2
"CATTATCCAAGTCTGT-1",0
"CATTATCCAGGGCATA-1",0
"CATTATCGTCAATGTC-1",1
"CATTATCTCACAAACC-1",3
"CATTATCTCAGATAAG-1",1
"CATTATCTCGCGTTTC-1",0
"CATTATCTCGTTGCCT-1",0
"CATTATCTCTATCCCG-1",2
"CATTATCTCTTAACCT-1",0
"CATTCGCAGGTGCTAG-1",0
"CATTCGCCAAGGGTCA-1",1
"CATTCGCCAGCCTATA-1",1
"CATTCGCCATACAGCT-1",3
"CATTCGCCATGGATGG-1",4
"CATTCGCCATGTCTCC-1",0
"CATTCGCCATTCACTT-1",2
"CATTCGCGTAGCACGA-1",0
"CATTCGCTCATCACCC-1",4
"CCAATCCAGACCACGA-1",3
"CCAATCCAGATATGGT-1",1
"CCAATCCAGTCGAGTG-1",3
"CCAATCCAGTCGTTTG-1",7
"CCAATCCAGTTTAGGA-1",2
"CCAATCCCAAGCGAGT-1",2
"CCAATCCTCGGACAAG-1",2
"CCAATCCTCTACCTGC-1",0
"CCACCTAAGCAGACTG-1",3
"CCACCTAAGGATGGTC-1",1
"CCACCTAAGTCGAGTG-1",1
"CCACCTAAGTGGGATC-1",0
"CCACCTAAGTGTGGCA-1",3
"CCACCTACAACAACCT-1",3
"CCACCTACAAGCCGCT-1",0
"CCACCTACAATCTACG-1",0
"CCACCTAGTAGTACCT-1",0
"CCACCTAGTCGCGTGT-1",2
"CCACCTAGTGGGTCAA-1",1
"CCACCTATCAGTTGAC-1",0
"CCACCTATCTGATACG-1",0
"CCACGGAAGACACGAC-1",0
"CCACGGAAGGGAACGG-1",3
"CCACGGACATGTCGAT-1",1
"CCACGGAGTAAGGGCT-1",0
"CCACGGAGTCAGATAA-1",0
"CCACGGAGTCCGTGAC-1",1
"CCACGGAGTGTAATGA-1",3
"CCACGGAGTTCTGAAC-1",2
"CCACGGATCACATAGC-1",1
"CCACGGATCCACGTGG-1",2
"CCACGGATCTACTATC-1",2
"CCACGGATCTAGAGTC-1",3
"CCACTACAGAGTACCG-1",1
"CCACTACAGCTTTGGT-1",1
"CCACTACCAGCAGTTT-1",0
"CCACTACCAGTAGAGC-1",0
"CCACTACGTCCGAATT-1",0
"CCACTACGTCTCAACA-1",1
"CCACTACGTGACAAAT-1",0
"CCACTACGTGACCAAG-1",1
"CCACTACGTGCACGAA-1",1
"CCACTACTCACTCTTA-1",0
"CCACTACTCCGCATCT-1",7
"CCACTACTCGGAAATA-1",0
"CCACTACTCTCGTATT-1",0
"CCACTACTCTCGTTTA-1",1
"CCAGCGAAGCCCAACC-1",2
"CCAGCGACATCGGGTC-1",0
"CCAGCGACATGTCCTC-1",4
"CCAGCGAGTAGGCATG-1",0
"CCAGCGAGTCCGTTAA-1",2
"CCAGCGATCAGAAATG-1",0
"CCATGTCAGCGATCCC-1",0
"CCATGTCAGGTCGGAT-1",0
"CCATGTCAGGTTACCT-1",0
"CCATGTCCAAGCTGGA-1",1
"CCATGTCCACATCCGG-1",0
"CCATGTCGTCCAGTAT-1",0
"CCATGTCTCCAAGTAC-1",0
"CCATGTCTCTTGTATC-1",0
"CCATTCGCAGTACACT-1",0
"CCATTCGCAGTTTACG-1",1
"CCATTCGGTAATCGTC-1",1
"CCATTCGGTATTACCG-1",0
"CCATTCGTCGTAGGAG-1",1
"CCCAATCAGTCACGCC-1",0
"CCCAATCCAGGTGGAT-1",1
"CCCAATCGTGAAGGCT-1",2
"CCCAATCGTTGGAGGT-1",0
"CCCAATCTCACATGCA-1",0
"CCCAATCTCCAGTATG-1",0
"CCCAATCTCGGAGCAA-1",0
"CCCAGTTAGAATAGGG-1",0
"CCCAGTTAGATCCCGC-1",1
"CCCAGTTAGCGTGAAC-1",0
"CCCAGTTAGGAATCGC-1",2
"CCCAGTTAGTCCGGTC-1",0
"CCCAGTTAGTTTGCGT-1",0
"CCCAGTTGTACATGTC-1",1
"CCCAGTTGTCTGCAAT-1",0
"CCCAGTTTCTGAAAGA-1",0
"CCCATACAGGGTTCCC-1",0
"CCCATACAGTGTTTGC-1",3
"CCCATACCAAAGGTGC-1",0
"CCCATACCAACACCCG-1",2
"CCCATACCAGCAGTTT-1",2
"CCCATACGTATTACCG-1",3
"CCCATACGTCAATACC-1",2
"CCCATACGTCTAGTCA-1",0
"CCCATACGTTGAGTTC-1",2
"CCCATACTCAATAAGG-1",6
"CCCATACTCAGCGACC-1",3
"CCCATACTCATCACCC-1",1
"CCCATACTCCGTAGGC-1",3
"CCCTCCTAGGAATCGC-1",0
"CCCTCCTCACGTCTCT-1",0
"CCCTCCTCAGCTTAAC-1",0
"CCCTCCTCATATGAGA-1",2
"CCCTCCTCATCACGTA-1",1
"CCCTCCTGTATGGTTC-1",1
"CCCTCCTGTTAGATGA-1",2
"CCCTCCTTCAATCACG-1",0
"CCCTCCTTCCGCAGTG-1",3
"CCGGGATAGCTTCGCG-1",0
"CCGGGATAGGCGACAT-1",0
"CCGGGATAGGCTAGGT-1",3
"CCGGGATCACAGTCGC-1",0
"CCGGGATGTATAGGTA-1",3
"CCGGGATTCAGAGCTT-1",0
"CCGGGATTCGCTAGCG-1",0
"CCGGGATTCGCTTGTC-1",1
"CCGGTAGAGCGTCTAT-1",3
"CCGGTAGAGTACGCCC-1",4
"CCGGTAGCACATAACC-1",1
"CCGGTAGCACGCATCG-1",1
"CCGGTAGGTACTTCTT-1",2
"CCGGTAGGTCAAACTC-1",1
"CCGGTAGTCGTCCGTT-1",2
"CCGTACTAGAGAACAG-1",1
"CCGTACTAGTCCGTAT-1",4
"CCGTACTCAAGCCCAC-1",1
"CCGTACTCAAGCGAGT-1",0
"CCGTACTCATCCCACT-1",0
"CCGTACTGTACAGCAG-1",0
"CCGTACTGTAGCGCTC-1",0
"CCGTACTGTGCGGTAA-1",0
"CCGTACTTCGTTACAG-1",1
"CCGTGGAAGACGCACA-1",0
"CCGTGGAAGAGTTGGC-1",3
"CCGTGGAAGGTGATAT-1",0
"CCGTGGAAGGTTCCTA-1",0
"CCGTGGACAGCCTTGG-1",3
"CCGTGGAGTTCCATGA-1",0
"CCGTGGATCTAACTTC-1",0
"CCGTGGATCTCTGTCG-1",0
"CCGTTCAAGCGTAATA-1",0
"CCGTTCAAGTACGATA-1",0
"CCGTTCAAGTAGATGT-1",4
"CCGTTCACAGGATCGA-1",4
"CCGTTCAGTATAGGGC-1",0
"CCGTTCAGTCGCGAAA-1",2
"CCGTTCATCGTACCGG-1",3
"CCTAAAGAGAGTTGGC-1",3
"CCTAAAGCAAACCTAC-1",0
"CCTAAAGCATGTCTCC-1",0
"CCTAAAGGTACTCAAC-1",0
"CCTAAAGGTCGGCACT-1",4
"CCTAAAGGTGTAATGA-1",0
"CCTAAAGTCACCGTAA-1",1
"CCTAAAGTCAGCGATT-1",6
"CCTAAAGTCGGCGCTA-1",0
"CCTAAAGTCGGTCCGA-1",0
"CCTACACAGGACCACA-1",0
"CCTACACAGGGTGTTG-1",0
"CCTACACCAGTAAGAT-1",1
"CCTACACGTATAGTAG-1",3
"CCTACACGTCCGAACC-1",0
"CCTACACGTGGGTCAA-1",0
"CCTACACGTTTGACTG-1",0
"CCTACACTCGGCGCTA-1",2
"CCTACACTCGTGACAT-1",1
"CCTACCAAGATAGGAG-1",2
"CCTACCAAGCAAATCA-1",3
"CCTACCAAGCGTAGTG-1",3
"CCTACCAAGCTTCGCG-1",0
"CCTACCAAGTGCGATG-1",0
"CCTACCAGTATCAGTC-1",3
"CCTACCAGTCTCTCTG-1",0
"CCTACCAGTCTTTCAT-1",0
"CCTACCATCAGCACAT-1",0
"CCTACCATCGCCAGCA-1",2
"CCTAGCTAGCAAATCA-1",0
"CCTAGCTAGCTCCTCT-1",1
"CCTAGCTAGGTTACCT-1",3
"CCTAGCTAGTACGCGA-1",1
"CCTAGCTCAATGAATG-1",0
"CCTAGCTCAATGGTCT-1",1
"CCTAGCTCACATCCAA-1",0
"CCTAGCTCAGCCAGAA-1",0
"CCTAGCTGTAGAAAGG-1",0
"CCTAGCTGTCACCCAG-1",1
"CCTAGCTGTCTGATTG-1",3
"CCTAGCTTCACGATGT-1",0
"CCTAGCTTCGTAGGAG-1",1
"CCTATTAAGAATTCCC-1",4
"CCTATTAAGCAGGCTA-1",0
"CCTATTAAGCAGGTCA-1",3
"CCTATTAAGGGAGTAA-1",0
"CCTATTAAGGTAGCCA-1",2
"CCTATTACACAACTGT-1",1
"CCTATTACACATCCGG-1",1
"CCTATTAGTCAATACC-1",0
"CCTATTATCATCACCC-1",0
"CCTATTATCTGCGACG-1",0
"CCTCAGTAGCTAACTC-1",0
"CCTCAGTCAGGTGGAT-1",0
"CCTCAGTGTCCATCCT-1",2
"CCTCAGTGTCCGACGT-1",0
"CCTCAGTGTCTTGTCC-1",0
"CCTCAGTGTGGGTATG-1",2
"CCTCTGAAGTATCGAA-1",1
"CCTCTGAAGTGGGTTG-1",3
"CCTCTGACAAGCTGTT-1",3
"CCTCTGACACCGATAT-1",0
"CCTCTGACAGATGAGC-1",3
"CCTCTGAGTCAATACC-1",0
"CCTCTGAGTCCGAACC-1",0
"CCTCTGAGTCGTGGCT-1",0
"CCTCTGAGTCTGATTG-1",2
"CCTCTGATCTGAGGGA-1",0
"CCTTACGCAAGCGTAG-1",3
"CCTTACGCACCAACCG-1",0
"CCTTACGGTCATCCCT-1",2
"CCTTACGGTCCTCTTG-1",0
"CCTTACGTCACAACGT-1",0
"CCTTACGTCATCTGCC-1",0
"CCTTACGTCGGAGGTA-1",4
"CCTTCCCAGAGACTAT-1",3
"CCTTCCCAGCTAGGCA-1",1
"CCTTCCCAGGACGAAA-1",8
"CCTTCCCAGGGCATGT-1",0
"CCTTCCCAGGTACTCT-1",1
"CCTTCCCCATGATCCA-1",0
"CCTTCCCTCAAGGCTT-1",1
"CCTTCCCTCTATCCTA-1",0
"CCTTCCCTCTATCGCC-1",0
"CCTTCGAAGGCGCTCT-1",0
"CCTTCGACAACACCCG-1",1
"CCTTCGACAGCGATCC-1",0
"CCTTCGAGTAAGCACG-1",0
"CCTTCGAGTCCATGAT-1",1
"CCTTCGAGTGTGACCC-1",2
"CCTTCGAGTTGGTGGA-1",2
"CCTTCGATCACAGTAC-1",1
"CCTTCGATCCTATGTT-1",0
"CCTTCGATCGCACTCT-1",1
"CCTTTCTAGACGCTTT-1",0
"CCTTTCTAGGGCACTA-1",0
"CCTTTCTAGTGGAGTC-1",0
"CCTTTCTCAGACAAGC-1",2
"CCTTTCTCATCACGAT-1",0
"CCTTTCTCATGCCCGA-1",0
"CCTTTCTTCCCACTTG-1",1
"CCTTTCTTCTTTACGT-1",1
"CGAACATCACATGACT-1",1
"CGAACATCACTTGGAT-1",1
"CGAACATCAGTCCTTC-1",0
"CGAACATGTCTGATTG-1",0
"CGAACATGTGCTGTAT-1",1
"CGAACATTCTCAAACG-1",0
"CGAATGTAGAGGTTAT-1",2
"CGAATGTAGCGATAGC-1",0
"CGAATGTAGTTCGCAT-1",0
"CGAATGTCAATGCCAT-1",0
"CGAATGTGTCTAGTCA-1",1
"CGAATGTGTCTCACCT-1",0
"CGAATGTTCAACACAC-1",0
"CGAATGTTCATCACCC-1",3
"CGAATGTTCTGTACGA-1",1
"CGACCTTAGCTACCGC-1",1
"CGACCTTAGCTAGTCT-1",4
"CGACCTTCAAAGTGCG-1",1
"CGACCTTCACGAAATA-1",2
"CGACCTTGTAAGTGTA-1",0
"CGACCTTGTCAGAATA-1",1
"CGACCTTGTCTCCCTA-1",0
"CGACCTTGTCTCTTAT-1",2
"CGACCTTTCCGCGTTT-1",0
"CGACCTTTCGTTTATC-1",4
"CGACCTTTCTCCAGGG-1",0
"CGACTTCAGACACGAC-1",1
"CGACTTCAGGTAGCCA-1",0
"CGACTTCAGTCTTGCA-1",3
"CGACTTCCAATGGACG-1",0
"CGACTTCGTGGTGTAG-1",1
"CGACTTCGTTGAGTTC-1",3
"CGACTTCTCACTTACT-1",1
"CGACTTCTCTCGCTTG-1",0
"CGAGAAGAGAAACGCC-1",2
"CGAGAAGAGCCAACAG-1",3
"CGAGAAGAGCGTGTCC-1",0
"CGAGAAGCAAGTTCTG-1",1
"CGAGAAGCACATCCGG-1",5
"CGAGAAGCAGGCTGAA-1",0
"CGAGAAGTCGGATGGA-1",0
"CGAGCACAGCCAGAAC-1",2
"CGAGCACCACATGTGT-1",0
"CGAGCACGTAGCGTCC-1",0
"CGAGCACGTAGCGTGA-1",0
"CGAGCACGTCAGATAA-1",1
"CGAGCACGTGCCTTGG-1",0
"CGAGCACTCCCGGATG-1",1
"CGAGCACTCCGCTGTT-1",1
"CGAGCACTCGGAAATA-1",1
"CGAGCACTCGTGACAT-1",2
"CGAGCCAAGCTAGCCC-1",0
"CGAGCCAGTATATCCG-1",3
"CGAGCCAGTCAAGCGA-1",0
"CGATCGGAGAGCCTAG-1",0
"CGATCGGAGTACGATA-1",3
"CGATCGGCAAACGCGA-1",1
"CGATCGGCAAGCGATG-1",0
"CGATCGGCAATACGCT-1",0
"CGATCGGCAGTTAACC-1",0
"CGATCGGCATACTCTT-1",2
"CGATCGGGTCGACTGC-1",2
"CGATCGGTCAACGGGA-1",1
"CGATCGGTCTAGCACA-1",1
"CGATGGCAGCCGTCGT-1",1
"CGATGGCAGTCCAGGA-1",0
"CGATGGCCACTTAACG-1",2
"CGATGGCCAGCGTAAG-1",0
"CGATGGCCATCATCCC-1",2
"CGATGGCTCCTAGAAC-1",0
"CGATGGCTCGCTAGCG-1",1
"CGATGGCTCTGACCTC-1",0
"CGATGTAAGGCAATTA-1",0
"CGATGTAAGTTTGCGT-1",0
"CGATGTACACAGGCCT-1",0
"CGATGTACAGGTCTCG-1",1
"CGATGTAGTCCAGTGC-1",0
"CGATGTAGTCTAGGTT-1",4
"CGATGTAGTGTGCCTG-1",1
"CGATGTAGTTTGCATG-1",0
"CGATTGAAGATGTGGC-1",0
"CGATTGACAGACGCAA-1",2
"CGATTGAGTATGGTTC-1",0
"CGATTGAGTTCAGACT-1",1
"CGATTGATCATGGTCA-1",1
"CGATTGATCTGCGGCA-1",3
"CGCCAAGAGAATGTTG-1",1
"CGCCAAGAGACCTTTG-1",3
"CGCCAAGAGATCGGGT-1",0
"CGCCAAGAGATCTGAA-1",1
"CGCCAAGAGCGTGTCC-1",0
"CGCCAAGGTCTAGGTT-1",1
"CGCCAAGTCAGGATCT-1",1
"CGCCAAGTCCACTCCA-1",2
"CGCCAAGTCTTGTTTG-1",1
"CGCGGTAAGCTAGCCC-1",1
"CGCGGTAAGGGTTCCC-1",2
"CGCGGTACAAACTGCT-1",5
"CGCGGTACAATGGAAT-1",0
"CGCGGTACAGCTGTTA-1",0
"CGCGGTAGTCAAGCGA-1",0
"CGCGGTAGTGAGGCTA-1",1
"CGCGGTAGTTTGCATG-1",5
"CGCGTTTAGTTATCGC-1",1
"CGCGTTTCAACAACCT-1",0
"CGCGTTTCAAGCGAGT-1",2
"CGCGTTTCAATGGACG-1",1
"CGCGTTTCACGGTGTC-1",3
"CGCGTTTGTGCTGTAT-1",2
"CGCGTTTGTGGACGAT-1",2
"CGCGTTTTCAAACCGT-1",3
"CGCGTTTTCAGCCTAA-1",2
"CGCGTTTTCCTATGTT-1",0
"CGCGTTTTCGTGGTCG-1",0
"CGCTATCAGAAACCGC-1",3
"CGCTATCAGTCATCCA-1",0
"CGCTATCCAAGCGAGT-1",4
"CGCTATCCAGTCGATT-1",0
"CGCTATCCATCGACGC-1",2
"CGCTATCCATTTCAGG-1",1
"CGCTATCGTACCGAGA-1",0
"CGCTATCGTTCGAATC-1",2
"CGCTATCGTTTCGCTC-1",0
"CGCTATCTCGTTACAG-1",1
"CGCTGGAAGGACATTA-1",0
"CGCTGGAAGGGCACTA-1",2
"CGCTGGAAGGTGATAT-1",0
"CGCTGGACAGACTCGC-1",1
"CGCTGGAGTGTAATGA-1",0
"CGCTGGAGTTCTGGTA-1",1
"CGCTGGATCCGAAGAG-1",0
"CGCTGGATCCGTTGCT-1",0
"CGCTGGATCGTAGGAG-1",0
"CGCTGGATCGTTACAG-1",0
"CGCTTCAAGAAGGGTA-1",3
"CGCTTCAAGGTCGGAT-1",1
"CGCTTCACACGGTGTC-1",1
"CGCTTCACAGACAAGC-1",2
"CGCTTCACATCACCCT-1",3
"CGCTTCAGTCGCGGTT-1",0
"CGCTTCATCTTAGAGC-1",1
"CGGACACAGCGATATA-1",1
"CGGACACAGCGATGAC-1",0
"CGGACACAGCTTCGCG-1",1
"CGGACACAGGTAAACT-1",0
"CGGACACAGTAGCCGA-1",2
"CGGACACCACAGGAGT-1",4
"CGGACACCATTCACTT-1",4
"CGGACACGTGAGCGAT-1",2
"CGGACACGTGCTCTTC-1",2
"CGGACACGTGTGACCC-1",3
"CGGACGTAGGTTACCT-1",1
"CGGACGTCATGGGACA-1",0
"CGGACGTGTGAAAGAG-1",0
"CGGACGTGTTGGTAAA-1",0
"CGGACGTTCATGTGGT-1",1
"CGGACGTTCTGTCCGT-1",1
"CGGACTGAGGAGCGAG-1",1
"CGGACTGAGGAGTCTG-1",0
"CGGACTGAGTGGTAGC-1",1
"CGGACTGCAACTTGAC-1",0
"CGGACTGCAATGACCT-1",0
"CGGACTGCACAACGTT-1",2
"CGGACTGCACGCCAGT-1",2
"CGGACTGCAGTATGCT-1",0
"CGGACTGGTAAAGGAG-1",5
"CGGACTGGTATAAACG-1",0
"CGGACTGGTGTAAGTA-1",0
"CGGACTGGTGTGGTTT-1",0
"CGGACTGGTTGACGTT-1",2
"CGGACTGTCATTGCCC-1",0
"CGGACTGTCCATGCTC-1",0
"CGGACTGTCCGTCAAA-1",0
"CGGACTGTCGTTTGCC-1",2
"CGGACTGTCTTCATGT-1",1
"CGGAGCTAGTTTAGGA-1",2
"CGGAGCTCATTGAGCT-1",0
"CGGAGCTGTAGAAAGG-1",1
"CGGAGCTTCACTTATC-1",2
"CGGAGCTTCATGTAGC-1",1
"CGGAGCTTCCACGAAT-1",1
"CGGAGTCAGTGCGATG-1",2
"CGGAGTCAGTGTGAAT-1",0
"CGGAGTCCAGTGGGAT-1",0
"CGGAGTCCATTATCTC-1",2
"CGGAGTCGTAGCTGCC-1",2
"CGGAGTCGTCCAGTGC-1",0
"CGGAGTCGTGTTCGAT-1",3
"CGGAGTCTCCCAGGTG-1",0
"CGGAGTCTCCGTAGTA-1",3
"CGGCTAGAGAAACGCC-1",2
"CGGCTAGAGCACCGTC-1",1
"CGGCTAGAGCTAAACA-1",0
"CGGCTAGCAGACAAAT-1",1
"CGGCTAGGTAACGCGA-1",1
"CGGCTAGGTTCATGGT-1",0
"CGGCTAGTCAAAGACA-1",4
"CGGCTAGTCGTGGGAA-1",0
"CGGCTAGTCTTGTTTG-1",0
"CGGGTCAAGAGTCGGT-1",2
"CGGGTCAAGCACACAG-1",5
"CGGGTCAAGCTAACTC-1",0
"CGGGTCAAGGACACCA-1",1
"CGGGTCAAGTATGACA-1",5
"CGGGTCACAATGACCT-1",1
"CGGGTCACACCGAAAG-1",1
"CGGGTCACAGCCACCA-1",1
"CGGGTCACATACAGCT-1",1
"CGGGTCACATCCTTGC-1",0
"CGGGTCAGTAGCGCTC-1",0
"CGGGTCAGTCGATTGT-1",1
"CGGGTCAGTGCAACTT-1",0
"CGGGTCAGTTGTTTGG-1",0
"CGGGTCATCAACACCA-1",0
"CGGGTCATCACCTTAT-1",0
"CGGGTCATCCACGACG-1",3
"CGGTTAACAGGACCCT-1",5
"CGGTTAACATGTCCTC-1",0
"CGGTTAACATTCCTGC-1",0
"CGGTTAAGTCGACTGC-1",2
"CGGTTAATCCGGCACA-1",0
"CGGTTAATCCTTTCGG-1",1
"CGGTTAATCTTATCTG-1",3
"CGTAGCGAGATGTAAC-1",0
"CGTAGCGAGGCAATTA-1",0
"CGTAGCGAGTAGGTGC-1",0
"CGTAGCGCAAGCGCTC-1",1
"CGTAGCGTCCAACCAA-1",0
"CGTAGCGTCGGCGGTT-1",0
"CGTAGGCAGGGCTCTC-1",2
"CGTAGGCCAAGCGATG-1",0
"CGTAGGCCACTAAGTC-1",0
"CGTAGGCCAGAGTGTG-1",2
"CGTAGGCCATCCCATC-1",0
"CGTAGGCGTATTAGCC-1",2
"CGTAGGCGTCAATACC-1",1
"CGTAGGCGTGGCGAAT-1",0
"CGTAGGCTCCAGAAGG-1",0
"CGTCACTAGTCATGCT-1",3
"CGTCACTCAAAGCGGT-1",2
"CGTCACTCAGGTCCAC-1",1
"CGTCACTCAGTCACTA-1",4
"CGTCACTTCCTTGACC-1",1
"CGTCACTTCGGTGTTA-1",1
"CGTCACTTCTGTGCAA-1",0
"CGTCACTTCTTGAGAC-1",0
"CGTCAGGAGCTGTTCA-1",2
"CGTCAGGCAAAGCAAT-1",0
"CGTCAGGCAAAGCGGT-1",0
"CGTCAGGCAACACGCC-1",1
"CGTCAGGCATCCGCGA-1",3
"CGTCAGGGTCAGCTAT-1",4
"CGTCAGGGTCGTTGTA-1",2
"CGTCAGGGTGTAAGTA-1",2
"CGTCAGGTCCACTGGG-1",1
"CGTCAGGTCGACAGCC-1",1
"CGTCAGGTCGGGAGTA-1",0
"CGTCCATAGACCACGA-1",0
"CGTCCATAGCGATTCT-1",1
"CGTCCATAGGCTATCT-1",1
"CGTCCATAGTCTCAAC-1",0
"CGTCCATCACGACTCG-1",0
"CGTCCATCATTCACTT-1",1
"CGTCCATGTCTAGCGC-1",0
"CGTCCATGTGATAAAC-1",0
"CGTCCATGTTTGGGCC-1",2
"CGTCCATGTTTGTGTG-1",2
"CGTCCATTCAACACCA-1",1
"CGTCCATTCATTCACT-1",0
"CGTCTACAGTGCGTGA-1",1
"CGTCTACGTAGTAGTA-1",0
"CGTCTACTCGAGCCCA-1",5
"CGTCTACTCGCCATAA-1",0
"CGTCTACTCGGCCGAT-1",1
"CGTCTACTCGTCCAGG-1",0
"CGTCTACTCTATCGCC-1",0
"CGTGAGCAGATCTGAA-1",4
"CGTGAGCAGCAATCTC-1",1
"CGTGAGCAGCGGATCA-1",2
"CGTGAGCAGCTAGTGG-1",1
"CGTGAGCAGCTTCGCG-1",6
"CGTGAGCAGGGCACTA-1",0
"CGTGAGCAGGGTGTGT-1",0
"CGTGAGCAGTGGAGAA-1",0
"CGTGAGCCAAGCCGCT-1",0
"CGTGAGCCACGTAAGG-1",0
"CGTGAGCCATACGCCG-1",1
"CGTGAGCGTAGATTAG-1",0
"CGTGAGCGTCTCTTAT-1",0
"CGTGAGCTCACAAACC-1",0
"CGTGAGCTCCAAATGC-1",0
"CGTGAGCTCCGAGCCA-1",3
"CGTGAGCTCGTTGCCT-1",1
"CGTGAGCTCTGGGCCA-1",0
"CGTGTAAAGATAGTCA-1",1
"CGTGTAAAGGTGTTAA-1",0
"CGTGTAAAGTACATGA-1",2
"CGTGTAACATGGGACA-1",0
"CGTGTAAGTCCGCTGA-1",0
"CGTGTAAGTGTCTGAT-1",1
"CGTGTAATCTACTATC-1",1
"CGTGTAATCTCGATGA-1",1
"CGTGTAATCTTTAGTC-1",2
"CGTGTCTAGGCGCTCT-1",0
"CGTGTCTAGGGATGGG-1",0
"CGTGTCTCAGACAAAT-1",0
"CGTGTCTCAGACACTT-1",0
"CGTGTCTGTAAGAGGA-1",3
"CGTGTCTGTATATGAG-1",3
"CGTGTCTGTCAAAGCG-1",0
"CGTGTCTGTTCCGTCT-1",3
"CGTGTCTTCAATCACG-1",0
"CGTGTCTTCAGAGGTG-1",0
"CGTGTCTTCATAGCAC-1",1
"CGTGTCTTCCGAACGC-1",3
"CGTGTCTTCGGCATCG-1",0
"CGTGTCTTCGTGGACC-1",0
"CGTGTCTTCTACTTAC-1",1
"CGTGTCTTCTGAGTGT-1",1
"CGTTAGAAGATCTGAA-1",0
"CGTTAGAAGGCCCTTG-1",0
"CGTTAGACACGAAAGC-1",1
"CGTTAGACAGCTTCGG-1",1
"CGTTAGAGTTTAAGCC-1",1
"CGTTAGATCACTTATC-1",0
"CGTTAGATCAGCCTAA-1",0
"CGTTCTGAGAAGGGTA-1",1
"CGTTCTGAGACTAGGC-1",0
"CGTTCTGAGTGAACAT-1",3
"CGTTCTGCAGCTCGCA-1",2
"CGTTCTGCATTGGCGC-1",0
"CGTTCTGGTGAGGGTT-1",0
"CGTTCTGTCTGATTCT-1",3
"CGTTGGGAGCTAGTTC-1",3
"CGTTGGGAGGATGCGT-1",2
"CGTTGGGCACATTAGC-1",0
"CGTTGGGCAGACAGGT-1",0
"CGTTGGGGTTCCCGAG-1",1
"CGTTGGGTCATGCTCC-1",3
"CGTTGGGTCCATGAAC-1",0
"CGTTGGGTCTACCAGA-1",1
"CTAACTTAGTCCTCCT-1",0
"CTAACTTCAATAGCAA-1",1
"CTAACTTCAATCGGTT-1",1
"CTAACTTGTGAGGCTA-1",0
"CTAACTTTCGTACGGC-1",2
"CTAACTTTCTGGCGTG-1",4
"CTAAGACAGGGAAACA-1",0
"CTAAGACAGTACATGA-1",4
"CTAAGACAGTTCGCGC-1",0
"CTAAGACCAAGTAATG-1",0
"CTAAGACCAGTAAGAT-1",0
"CTAAGACCATGCAATC-1",0
"CTAAGACGTAAGGATT-1",0
"CTAAGACGTATCAGTC-1",0
"CTAAGACGTCACCTAA-1",1
"CTAAGACTCGTTGCCT-1",2
"CTAAGACTCTTACCGC-1",3
"CTAAGACTCTTGAGGT-1",1
"CTAATGGAGCAATCTC-1",4
"CTAATGGAGCGCTCCA-1",2
"CTAATGGAGCTCCCAG-1",3
"CTAATGGAGCTGAAAT-1",0
"CTAATGGAGTTAGGTA-1",4
"CTAATGGCATGGAATA-1",0
"CTAATGGGTACCGCTG-1",0
"CTAATGGGTCTAGCGC-1",1
"CTAATGGGTGAGGGAG-1",2
"CTAATGGGTTGGTGGA-1",0
"CTAATGGTCATGCTCC-1",2
"CTAATGGTCCACTGGG-1",1
"CTAATGGTCCGTTGCT-1",0
"CTAATGGTCCTAGAAC-1",2
"CTACACCAGTGCGATG-1",1
"CTACACCCACGGACAA-1",4
"CTACACCGTAATAGCA-1",0
"CTACACCGTCTGATTG-1",0
"CTACACCGTTCGTCTC-1",0
"CTACACCTCAGAAATG-1",0
"CTACACCTCGGCTTGG-1",0
"CTACACCTCGGTCCGA-1",1
"CTACACCTCTCGCATC-1",0
"CTACACCTCTCTGCTG-1",1
"CTACATTAGATCACGG-1",0
"CTACATTCACTCGACG-1",1
"CTACATTCATTTCACT-1",0
"CTACATTGTGATGATA-1",1
"CTACATTGTTCGAATC-1",0
"CTACATTTCAACGCTA-1",0
"CTACATTTCGCCATAA-1",1
"CTACATTTCTAGCACA-1",1
"CTACCCACACAGAGGT-1",1
"CTACCCACACGACGAA-1",0
"CTACCCACATGGTTGT-1",1
"CTACCCAGTATCTGCA-1",4
"CTACCCAGTATGAATG-1",2
"CTACCCAGTCAGAAGC-1",2
"CTACCCAGTGTGACCC-1",0
"CTACCCAGTTATGTGC-1",7
"CTACCCATCTACGAGT-1",3
"CTACGTCAGGTGCAAC-1",1
"CTACGTCAGTGCGATG-1",2
"CTACGTCAGTTGTCGT-1",3
"CTACGTCCATATACCG-1",0
"CTACGTCGTATATGGA-1",3
"CTACGTCGTGTGGTTT-1",5
"CTACGTCTCAAAGTAG-1",0
"CTACGTCTCACGACTA-1",2
"CTACGTCTCACGGTTA-1",1
"CTACGTCTCCTAGAAC-1",2
"CTAGAGTAGCTGTCTA-1",0
"CTAGAGTAGGATCGCA-1",3
"CTAGAGTAGTCCATAC-1",1
"CTAGAGTCACATTAGC-1",1
"CTAGAGTCAGTATGCT-1",1
"CTAGAGTCATACTCTT-1",0
"CTAGAGTCATGTAAGA-1",0
"CTAGAGTGTGACCAAG-1",0
"CTAGAGTTCAACACCA-1",0
"CTAGAGTTCCGTCAAA-1",5
"CTAGAGTTCCTAAGTG-1",2
"CTAGAGTTCGCCAGCA-1",0
"CTAGAGTTCGCTTAGA-1",0
"CTAGAGTTCGTGACAT-1",1
"CTAGAGTTCTGATTCT-1",2
"CTAGCCTCACCAGATT-1",2
"CTAGCCTGTATATCCG-1",0
"CTAGCCTGTGATGCCC-1",3
"CTAGCCTTCGGGAGTA-1",0
"CTAGTGAAGCTGGAAC-1",0
"CTAGTGAAGTGTACCT-1",1
"CTAGTGACAAGTCTAC-1",3
"CTAGTGACAGGATCGA-1",0
"CTAGTGAGTTATGCGT-1",1
"CTAGTGATCAGTTGAC-1",2
"CTAGTGATCCAGTAGT-1",7
"CTCACACAGCTAAGAT-1",3
"CTCACACAGCTGCCCA-1",0
"CTCACACAGGATGCGT-1",0
"CTCACACCACGTAAGG-1",3
"CTCACACCACTGTTAG-1",0
"CTCACACCATATACGC-1",0
"CTCACACGTGCTGTAT-1",0
"CTCACACGTTCCATGA-1",0
"CTCACACGTTTGGGCC-1",3
"CTCACACTCACCGGGT-1",0
"CTCACACTCATCGGAT-1",1
"CTCACACTCCGCGCAA-1",3
"CTCACACTCTAACCGA-1",1
"CTCAGAAAGAGCTGCA-1",1
"CTCAGAAAGGAGTAGA-1",0
"CTCAGAACAACGCACC-1",2
"CTCAGAACAAGCGATG-1",3
"CTCAGAACAGGGCATA-1",2
"CTCAGAAGTGACGGTA-1",1
"CTCAGAATCTTAACCT-1",0
"CTCATTAAGAACTGTA-1",3
"CTCATTACATGGTCAT-1",0
"CTCATTAGTGTAACGG-1",0
"CTCATTAGTTTACTCT-1",3
"CTCCTAGCAAGTACCT-1",0
"CTCCTAGCAATTCCTT-1",4
"CTCCTAGCACTGTCGG-1",3
"CTCCTAGCAGTCCTTC-1",0
"CTCCTAGCATAACCTG-1",1
"CTCCTAGCATGCGCAC-1",0
"CTCCTAGGTAGAAAGG-1",1
"CTCCTAGGTCCGAGTC-1",0
"CTCCTAGGTCTAGCCG-1",5
"CTCCTAGGTGTTTGTG-1",1
"CTCCTAGGTTCGTGAT-1",2
"CTCCTAGGTTGTTTGG-1",0
"CTCCTAGTCACTTACT-1",0
"CTCCTAGTCTCATTCA-1",0
"CTCGAAAAGCCCAACC-1",1
"CTCGAAAAGCTATGCT-1",3
"CTCGAAAAGGCCCTTG-1",2
"CTCGAAAAGGGCTTCC-1",3
"CTCGAAACAAGCCGTC-1",0
"CTCGAAACACATTAGC-1",0
"CTCGAAACACCGAAAG-1",0
"CTCGAAACACGGCTAC-1",0
"CTCGAAACAGTAAGAT-1",1
"CTCGAAACATACGCCG-1",0
"CTCGAGGAGCCATCGC-1",0
"CTCGAGGAGGGCTTCC-1",2
"CTCGAGGCAGATAATG-1",0
"CTCGAGGGTATTCTCT-1",0
"CTCGAGGGTGCCTGGT-1",0
"CTCGGAGAGTCCCACG-1",0
"CTCGGAGCACTTCTGC-1",1
"CTCGGAGCAGCTGCAC-1",0
"CTCGGAGCAGGATCGA-1",0
"CTCGGAGGTAGCCTAT-1",0
"CTCGGAGGTCATGCCG-1",1
"CTCGGAGTCAAACGGG-1",1
"CTCGGAGTCACATACG-1",1
"CTCGGAGTCAGCTTAG-1",0
"CTCGGGAAGACCTAGG-1",1
"CTCGGGACACAGCCCA-1",0
"CTCGGGACATAAAGGT-1",1
"CTCGGGACATCCCACT-1",2
"CTCGGGACATGTCGAT-1",0
"CTCGGGAGTCGCGTGT-1",0
"CTCGGGAGTGACTACT-1",0
"CTCGGGAGTTACGACT-1",4
"CTCGGGATCCGTACAA-1",4
"CTCGGGATCCTTGACC-1",0
"CTCGGGATCTTAGCCC-1",0
"CTCGGGATCTTGTTTG-1",1
"CTCGTACAGCGATAGC-1",1
"CTCGTACCAGCGTAAG-1",1
"CTCGTACCATAGTAAG-1",0
"CTCGTACGTAGAGTGC-1",2
"CTCGTACGTATCACCA-1",0
"CTCGTACGTGCAGTAG-1",1
"CTCGTACTCAAAGTAG-1",4
"CTCGTACTCAATCTCT-1",0
"CTCGTACTCGTTGCCT-1",1
"CTCGTACTCTGGTTCC-1",3
"CTCGTCAAGATGCCTT-1",3
"CTCGTCAAGTGGAGTC-1",0
"CTCGTCAAGTTTGCGT-1",1
"CTCGTCACAACGATCT-1",1
"CTCGTCACACATCCGG-1",4
"CTCGTCACAGTCGTGC-1",2
"CTCGTCAGTCTCATCC-1",1
"CTCGTCAGTCTCCATC-1",3
"CTCGTCAGTGAGCGAT-1",0
"CTCGTCAGTTGACGTT-1",1
"CTCGTCAGTTGGGACA-1",0
"CTCGTCATCACTTATC-1",1
"CTCGTCATCGACCAGC-1",7
"CTCGTCATCTGCTGTC-1",1
"CTCTAATCACCAGGTC-1",0
"CTCTAATCACGGTGTC-1",0
"CTCTAATCAGGAATCG-1",2
"CTCTAATGTCCAAGTT-1",0
"CTCTACGAGCTAAACA-1",2
"CTCTACGAGCTAGTGG-1",0
"CTCTACGAGTACGCCC-1",0
"CTCTACGAGTAGGCCA-1",0
"CTCTACGCAATAACGA-1",0
"CTCTACGCAGACGCTC-1",2
"CTCTACGCATGACATC-1",0
"CTCTACGTCATGTCTT-1",0
"CTCTACGTCCCTAATT-1",0
"CTCTACGTCGGCATCG-1",2
"CTCTACGTCGGTCTAA-1",0
"CTCTGGTAGCAGCGTA-1",0
"CTCTGGTAGCGTTCCG-1",1
"CTCTGGTAGGCATGGT-1",0
"CTCTGGTAGTGCCAGA-1",0
"CTCTGGTCACAAGCCC-1",4
"CTCTGGTCAGCCTTTC-1",1
"CTCTGGTTCATCTGTT-1",1
"CTCTGGTTCTTGTACT-1",0
"CTGAAACAGATCCCGC-1",1
"CTGAAACAGGTGCTAG-1",0
"CTGAAACAGTCCGTAT-1",0
"CTGAAACAGTGTCTCA-1",0
"CTGAAACGTCATCGGC-1",2
"CTGAAACGTTAAAGAC-1",0
"CTGAAACTCATACGGT-1",1
"CTGAAGTAGTGCGTGA-1",6
"CTGAAGTCAGCTGTAT-1",0
"CTGAAGTGTTAAAGTG-1",1
"CTGAAGTTCAAGCCTA-1",5
"CTGAAGTTCGGATGTT-1",1
"CTGATAGAGGGAGTAA-1",0
"CTGATAGAGTGCAAGC-1",2
"CTGATAGCAGCCTTTC-1",0
"CTGATAGCATCCCATC-1",4
"CTGATAGCATCTCCCA-1",0
"CTGATAGGTCAAAGCG-1",0
"CTGATAGGTCGCTTTC-1",0
"CTGATAGGTTACGACT-1",1
"CTGATAGTCGCGATCG-1",0
"CTGATAGTCTTATCTG-1",0
"CTGATCCAGGCATTGG-1",3
"CTGATCCAGGTGACCA-1",0
"CTGATCCCACAGAGGT-1",1
"CTGATCCCAGGCTGAA-1",2
"CTGATCCGTGCCTGGT-1",1
"CTGATCCGTTATCCGA-1",0
"CTGATCCGTTGTGGCC-1",0
"CTGCCTAAGGGTCTCC-1",3
"CTGCCTAAGGTGATAT-1",0
"CTGCCTAAGTACGCGA-1",0
"CTGCCTAAGTGCGTGA-1",1
"CTGCCTACATCCCACT-1",4
"CTGCCTATCAATAAGG-1",0
"CTGCGGAAGAAGGACA-1",2
"CTGCGGAAGAGCTGGT-1",3
"CTGCGGAAGATGAGAG-1",3
"CTGCGGACAGGTCGTC-1",0
"CTGCGGACATGTCTCC-1",0
"CTGCGGAGTCACTTCC-1",2
"CTGCGGAGTCGTGGCT-1",1
"CTGCGGAGTTCTGTTT-1",1
"CTGCGGAGTTGGACCC-1",0
"CTGCGGATCGCCTGTT-1",0
"CTGCGGATCTTACCGC-1",0
"CTGCTGTAGGGTGTTG-1",1
"CTGCTGTAGTACCGGA-1",0
"CTGCTGTAGTGGAGAA-1",1
"CTGCTGTCACATCTTT-1",0
"CTGCTGTGTTAAAGAC-1",1
"CTGCTGTTCTCCAACC-1",0
"CTGCTGTTCTTACCGC-1",3
"CTGGTCTAGCGTTGCC-1",0
"CTGGTCTAGGACAGCT-1",0
"CTGGTCTAGGGCTTGA-1",0
"CTGGTCTAGTCGAGTG-1",0
"CTGGTCTCAAAGGAAG-1",2
"CTGGTCTCACCAGTTA-1",2
"CTGGTCTGTACCTACA-1",0
"CTGGTCTGTACGCTGC-1",2
"CTGGTCTGTCCGCTGA-1",1
"CTGGTCTGTCCGTTAA-1",0
"CTGGTCTGTTCATGGT-1",2
"CTGGTCTGTTCGTGAT-1",1
"CTGGTCTTCAACGGGA-1",2
"CTGGTCTTCACTTACT-1",0
"CTGGTCTTCTTACCTA-1",1
"CTGTGCTGTATATCCG-1",0
"CTGTGCTGTCATCCCT-1",3
"CTGTGCTGTCCCTACT-1",6
"CTGTGCTGTCGGCACT-1",0
"CTGTGCTTCCATTCTA-1",1
"CTGTGCTTCCGTACAA-1",1
"CTGTTTAAGAAACCGC-1",0
"CTGTTTAAGATCGATA-1",0
"CTGTTTAAGGAGTTGC-1",2
"CTGTTTAGTCAAAGCG-1",0
"CTGTTTATCAGCCTAA-1",0
"CTGTTTATCATTTGGG-1",0
"CTGTTTATCTCCAGGG-1",0
"CTGTTTATCTCTTGAT-1",1
"CTGTTTATCTTCTGGC-1",0
"CTTAACTAGCCAGTAG-1",3
"CTTAACTAGGCTCTTA-1",1
"CTTAACTAGGTGCACA-1",2
"CTTAACTAGTCTCGGC-1",1
"CTTACCGAGCGCTTAT-1",0
"CTTACCGAGGCTACGA-1",0
"CTTACCGCAGATCTGT-1",0
"CTTACCGCAGTCAGAG-1",1
"CTTACCGGTCCTGCTT-1",4
"CTTACCGGTCGCCATG-1",0
"CTTACCGGTCTACCTC-1",0
"CTTACCGTCGGACAAG-1",0
"CTTAGGAAGCCCAACC-1",5
"CTTAGGACACGACGAA-1",2
"CTTAGGAGTTATGTGC-1",0
"CTTAGGATCCCATTTA-1",3
"CTTAGGATCTTTACAC-1",0
"CTTCTCTAGAACTCGG-1",3
"CTTCTCTAGAGTGAGA-1",1
"CTTCTCTAGCAGGCTA-1",2
"CTTCTCTAGTTAACGA-1",0
"CTTCTCTCAAAGGTGC-1",0
"CTTCTCTGTAACGACG-1",0
"CTTCTCTGTGCATCTA-1",1
"CTTCTCTTCGAGCCCA-1",2
"CTTGGCTAGCGATATA-1",0
"CTTGGCTAGTACGTTC-1",1
"CTTGGCTCATTACCTT-1",0
"CTTGGCTGTCTCCATC-1",0
"CTTGGCTTCCCTAATT-1",1
"CTTGGCTTCGCGTAGC-1",0
"CTTGGCTTCTCGTTTA-1",5
"CTTTGCGAGCAAATCA-1",0
"CTTTGCGAGCGTTCCG-1",1
"CTTTGCGAGTATCTCG-1",0
"CTTTGCGCAATTCCTT-1",0
"CTTTGCGCACTTAAGC-1",0
"CTTTGCGCAGACGCAA-1",0
"CTTTGCGGTAGAGGAA-1",0
"CTTTGCGTCCAGGGCT-1",1
"GAAACTCAGAGACGAA-1",2
"GAAACTCAGAGGTTAT-1",4
"GAAACTCAGCAGCCTC-1",3
"GAAACTCAGCCCAGCT-1",0
"GAAACTCAGCTAAACA-1",1
"GAAACTCAGTGCTGCC-1",1
"GAAACTCCAAGCCCAC-1",1
"GAAACTCCACATGACT-1",2
"GAAACTCCAGACACTT-1",0
"GAAACTCCATGGATGG-1",2
"GAAACTCGTACTCGCG-1",2
"GAAACTCGTAGCGATG-1",2
"GAAACTCGTGTGAAAT-1",3
"GAAACTCGTTTGTGTG-1",1
"GAAATGAAGACTAGGC-1",0
"GAAATGAAGCCAGTTT-1",2
"GAAATGAAGCTAGTCT-1",0
"GAAATGAAGTACGTAA-1",0
"GAAATGATCATGCTCC-1",4
"GAAATGATCCTCGCAT-1",1
"GAACATCAGATGGCGT-1",0
"GAACATCCAACAACCT-1",0
"GAACATCCACATCTTT-1",0
"GAACATCCACCTATCC-1",5
"GAACATCCACGGACAA-1",0
"GAACATCCATGCTAGT-1",0
"GAACATCGTACGACCC-1",4
"GAACATCGTGGACGAT-1",3
"GAACATCGTTCCCGAG-1",0
"GAACATCTCCAAGTAC-1",0
"GAACATCTCGATCCCT-1",2
"GAACATCTCTCCAACC-1",1
"GAACCTAAGAACTGTA-1",1
"GAACCTAAGAGCAATT-1",0
"GAACCTAAGCCAGTAG-1",1
"GAACCTACAAGGACAC-1",3
"GAACCTACAGACACTT-1",2
"GAACCTAGTACCAGTT-1",0
"GAACCTAGTGTCAATC-1",8
"GAACCTATCACGATGT-1",0
"GAACGGAAGACGCAAC-1",4
"GAACGGAAGTAATCCC-1",3
"GAACGGAAGTCAATAG-1",2
"GAACGGAAGTGGACGT-1",0
"GAACGGACACAGCGTC-1",0
"GAACGGACACCTCGTT-1",0
"GAACGGACACTTAACG-1",1
"GAACGGAGTAGCGTAG-1",2
"GAACGGAGTCAGAGGT-1",2
"GAACGGAGTGGCGAAT-1",5
"GAACGGATCACTCCTG-1",1
"GAACGGATCCACGAAT-1",6
"GAACGGATCGTAGGAG-1",5
"GAACGGATCTGTCAAG-1",1
"GAAGCAGAGACTAAGT-1",1
"GAAGCAGAGAGACGAA-1",1
"GAAGCAGAGCCACGCT-1",1
"GAAGCAGAGTTCGCGC-1",0
"GAAGCAGCAATCCGAT-1",1
"GAAGCAGCACTCGACG-1",0
"GAAGCAGCAGATCTGT-1",0
"GAAGCAGCAGATGAGC-1",0
"GAAGCAGCATGAACCT-1",1
"GAAGCAGCATGGAATA-1",0
"GAAGCAGGTAACGCGA-1",0
"GAAGCAGGTCATACTG-1",0
"GAAGCAGTCCTAGTGA-1",0
"GAAGCAGTCTTATCTG-1",0
"GAATAAGCAAGGTGTG-1",0
"GAATAAGCAGACAAGC-1",4
"GAATAAGCATGCAACT-1",0
"GAATAAGGTCCGTTAA-1",1
"GAATAAGGTGAGTGAC-1",2
"GAATAAGGTTCCCTTG-1",0
"GAATAAGTCGTTTAGG-1",0
"GAATGAAAGAGTCTGG-1",1
"GAATGAAAGCTTATCG-1",0
"GAATGAAAGGCATGTG-1",0
"GAATGAACAAACGCGA-1",4
"GAATGAACAGTGAGTG-1",1
"GAATGAACATCATCCC-1",1
"GAATGAAGTCAACATC-1",0
"GAATGAAGTCTCACCT-1",0
"GAATGAAGTGGCAAAC-1",0
"GAATGAAGTTGCGTTA-1",0
"GAATGAATCAGTTAGC-1",1
"GAATGAATCCTGCCAT-1",0
"GACACGCAGACGCACA-1",0
"GACACGCAGAGTAATC-1",0
"GACACGCAGCCAACAG-1",3
"GACACGCAGGAGTTTA-1",0
"GACACGCAGGGCATGT-1",1
"GACACGCAGGTGCACA-1",2
"GACACGCAGTCCAGGA-1",2
"GACACGCAGTGGGATC-1",4
"GACACGCAGTGGGTTG-1",2
"GACACGCCAAGCGTAG-1",0
"GACACGCCAAGGACAC-1",0
"GACACGCCAGACGCTC-1",1
"GACACGCCATCCTTGC-1",6
"GACACGCGTTCACGGC-1",0
"GACACGCTCATGTAGC-1",1
"GACAGAGAGTACGATA-1",0
"GACAGAGCAACGATCT-1",0
"GACAGAGCAAGTCTAC-1",0
"GACAGAGCAGCTCCGA-1",0
"GACAGAGCAGCTGGCT-1",3
"GACAGAGGTAGAAAGG-1",3
"GACAGAGTCAAACAAG-1",2
"GACAGAGTCAGAGACG-1",2
"GACAGAGTCCTTCAAT-1",2
"GACAGAGTCCTTGCCA-1",1
"GACAGAGTCTTCATGT-1",1
"GACCAATAGAAGGGTA-1",0
"GACCAATAGCTACCGC-1",2
"GACCAATAGCTACCTA-1",2
"GACCAATCAGGTGCCT-1",0
"GACCAATCATGCGCAC-1",1
"GACCAATGTACAGTTC-1",0
"GACCAATGTCGCTTCT-1",3
"GACCAATTCCGATATG-1",0
"GACCAATTCGAATGGG-1",1
"GACCAATTCGTCACGG-1",0
"GACCTGGCATCACAAC-1",3
"GACCTGGCATGTCTCC-1",4
"GACCTGGCATTGGCGC-1",3
"GACCTGGGTAAAGGAG-1",1
"GACCTGGGTCCAGTTA-1",2
"GACCTGGGTGCAGTAG-1",1
"GACCTGGTCATAGCAC-1",3
"GACCTGGTCCTTGCCA-1",0
"GACCTGGTCGCATGAT-1",4
"GACCTGGTCGTCACGG-1",1
"GACGCGTAGTGGTAAT-1",0
"GACGCGTAGTTGTAGA-1",1
"GACGCGTGTAAAGGAG-1",1
"GACGCGTGTGTGAAAT-1",4
"GACGCGTGTTAAGACA-1",1
"GACGCGTTCAAACCGT-1",1
"GACGCGTTCCAAATGC-1",2
"GACGCGTTCCGCGGTA-1",0
"GACGCGTTCCTACAGA-1",1
"GACGCGTTCGACGGAA-1",0
"GACGCGTTCTCCGGTT-1",0
"GACGGCTAGAAGATTC-1",2
"GACGGCTAGAGCTGGT-1",0
"GACGGCTCAAGGTTTC-1",0
"GACGGCTCACCGCTAG-1",0
"GACGGCTCATGAACCT-1",0
"GACGGCTCATGCAACT-1",0
"GACGGCTGTGTGTGCC-1",0
"GACGGCTGTTATGTGC-1",1
"GACGGCTGTTTGGCGC-1",2
"GACGGCTTCTATCGCC-1",1
"GACGTGCAGGCAAAGA-1",0
"GACGTGCAGGGTGTGT-1",1
"GACGTGCAGGTGTTAA-1",1
"GACGTGCCAGGTCGTC-1",2
"GACGTGCGTAACGTTC-1",2
"GACGTGCTCACCTCGT-1",1
"GACGTTAAGCTACCGC-1",2
"GACGTTAAGGCAAAGA-1",7
"GACGTTAAGTCAAGCG-1",0
"GACGTTACAAGCCATT-1",0
"GACGTTACAAGGTTTC-1",0
"GACGTTACAGACACTT-1",3
"GACGTTAGTATCTGCA-1",1
"GACGTTAGTTTGACAC-1",1
"GACGTTAGTTTGACTG-1",0
"GACGTTATCACAGGCC-1",0
"GACGTTATCATTGCGA-1",0
"GACGTTATCCCGGATG-1",2
"GACGTTATCCGAAGAG-1",1
"GACGTTATCGCGTTTC-1",1
"GACGTTATCTGTCCGT-1",0
"GACTAACAGACAGAGA-1",4
"GACTAACAGTGGAGAA-1",0
"GACTAACCAAATCCGT-1",0
"GACTAACGTCTAGTCA-1",0
"GACTAACGTGCAACTT-1",1
"GACTAACGTTCAGACT-1",0
"GACTAACTCCGCGCAA-1",0
"GACTAACTCCTTTCTC-1",2
"GACTAACTCTTGCCGT-1",1
"GACTAACTCTTTACAC-1",1
"GACTACAAGATATGGT-1",0
"GACTACACAAATCCGT-1",0
"GACTACAGTGCTGTAT-1",0
"GACTACATCAGCCTAA-1",0
"GACTACATCAGGTAAA-1",1
"GACTACATCTGCAGTA-1",0
"GACTGCGAGCGTAGTG-1",0
"GACTGCGAGTTGTAGA-1",2
"GACTGCGCACTTAACG-1",0
"GACTGCGCATGTTCCC-1",2
"GACTGCGGTACGCACC-1",1
"GACTGCGGTTCTCATT-1",0
"GACTGCGTCAACACAC-1",2
"GACTGCGTCACGACTA-1",2
"GACTGCGTCGCCCTTA-1",0
"GACTGCGTCTCAAACG-1",2
"GAGCAGAGTAGGGTAC-1",0
"GAGCAGAGTCAGATAA-1",1
"GAGCAGAGTCATATGC-1",0
"GAGCAGAGTGAGCGAT-1",1
"GAGCAGAGTGTAACGG-1",3
"GAGCAGAGTGTGACCC-1",0
"GAGCAGAGTTCGGGCT-1",0
"GAGCAGAGTTTAAGCC-1",0
"GAGCAGAGTTTGCATG-1",4
"GAGGTGAAGCAACGGT-1",5
"GAGGTGAAGGCTCTTA-1",0
"GAGGTGAAGTGGTAGC-1",4
"GAGGTGAAGTTGTAGA-1",1
"GAGGTGACACTGTCGG-1",0
"GAGGTGACATCCTTGC-1",1
"GAGGTGACATGCATGT-1",1
"GAGGTGAGTACCTACA-1",2
"GAGGTGAGTCATTAGC-1",0
"GAGGTGAGTTCCTCCA-1",0
"GAGGTGATCATCGCTC-1",0
"GAGGTGATCTAGAGTC-1",2
"GAGGTGATCTCTAGGA-1",4
"GAGGTGATCTGCTGTC-1",0
"GAGGTGATCTGGGCCA-1",0
"GAGTCCGAGGACAGAA-1",2
"GAGTCCGAGGCATGTG-1",3
"GAGTCCGAGGCGTACA-1",1
"GAGTCCGCAAACCCAT-1",2
"GAGTCCGGTCAAGCGA-1",3
"GAGTCCGGTGACCAAG-1",3
"GAGTCCGGTGACTCAT-1",4
"GAGTCCGGTGTGACCC-1",1
"GAGTCCGGTTCGGGCT-1",1
"GAGTCCGGTTTGCATG-1",0
"GAGTCCGTCGGCGCAT-1",2
"GAGTCCGTCTGATTCT-1",0
"GATCAGTAGATGTCGG-1",0
"GATCAGTAGTGGTAGC-1",0
"GATCAGTGTATATGAG-1",1
"GATCAGTGTCTGCGGT-1",1
"GATCAGTGTTATGCGT-1",0
"GATCAGTGTTGTACAC-1",2
"GATCAGTTCCCGACTT-1",1
"GATCGATAGAATGTTG-1",1
"GATCGATAGAGCTGCA-1",4
"GATCGATAGCATGGCA-1",7
"GATCGATCAAGCGAGT-1",0
"GATCGATCAAGCGTAG-1",0
"GATCGATGTCAACATC-1",1
"GATCGATGTTGCCTCT-1",2
"GATCGATTCCGCATCT-1",0
"GATCGCGAGATAGTCA-1",0
"GATCGCGAGCCTTGAT-1",0
"GATCGCGAGGAGCGTT-1",3
"GATCGCGCAGGTCGTC-1",0
"GATCGCGGTACAGCAG-1",2
"GATCGCGGTGAGTATA-1",4
"GATCGCGGTTGTCGCG-1",0
"GATCGCGTCACTCCTG-1",2
"GATCGTAAGACATAAC-1",0
"GATCGTAAGCTCAACT-1",0
"GATCGTACATAACCTG-1",7
"GATCGTAGTGGCTCCA-1",0
"GATCGTATCATATCGG-1",0
"GATCGTATCATGTCCC-1",2
"GATCGTATCTTACCGC-1",3
"GATCTAGAGCGTCTAT-1",1
"GATCTAGAGTGGAGAA-1",3
"GATCTAGCAACACCTA-1",4
"GATCTAGCAAGGGTCA-1",1
"GATCTAGGTCTAAAGA-1",0
"GATCTAGGTCTCACCT-1",1
"GATCTAGGTCTCTTTA-1",0
"GATCTAGTCACATAGC-1",1
"GATCTAGTCTAAGCCA-1",0
"GATGAAAAGAGTAATC-1",1
"GATGAAAAGCTCCCAG-1",0
"GATGAAACACGGTAGA-1",1
"GATGAAACAGCTGTAT-1",0
"GATGAAAGTGGGTATG-1",0
"GATGAAATCACCCTCA-1",0
"GATGAAATCACTCCTG-1",2
"GATGAAATCAGCAACT-1",0
"GATGAAATCGAGAGCA-1",0
"GATGAGGAGATCCCGC-1",3
"GATGAGGAGTTCGATC-1",0
"GATGAGGCACCAGTTA-1",0
"GATGAGGGTATCACCA-1",0
"GATGAGGGTATTCGTG-1",3
"GATGAGGGTCGCGTGT-1",0
"GATGAGGGTGATGATA-1",0
"GATGAGGTCACAGGCC-1",0
"GATGAGGTCACATAGC-1",0
"GATGAGGTCCCTTGTG-1",2
"GATGAGGTCTGCTGTC-1",0
"GATGCTAAGACTAAGT-1",0
"GATGCTAAGGATGCGT-1",0
"GATGCTAAGGCTCTTA-1",3
"GATGCTAAGGGAACGG-1",2
"GATGCTAAGTATCTCG-1",0
"GATGCTAAGTCTCGGC-1",3
"GATGCTACATGTTGAC-1",2
"GATGCTACATTGCGGC-1",1
"GATGCTAGTCTCCATC-1",2
"GATGCTAGTGGAAAGA-1",3
"GATGCTAGTTAGGGTG-1",0
"GATGCTATCCTGTACC-1",3
"GATGCTATCGGCGCTA-1",3
"GATTCAGAGAAACCTA-1",0
"GATTCAGAGAGTGACC-1",0
"GATTCAGAGATTACCC-1",0
"GATTCAGAGGGTCGAT-1",0
"GATTCAGAGGTCGGAT-1",0
"GATTCAGAGTCAATAG-1",1
"GATTCAGCAAGTTGTC-1",0
"GATTCAGCAATTCCTT-1",2
"GATTCAGCAGGGTACA-1",1
"GATTCAGCATCGACGC-1",4
"GATTCAGCATTATCTC-1",1
"GATTCAGGTAAATACG-1",0
"GATTCAGTCAACTCTT-1",0
"GCAAACTAGATGTTAG-1",0
"GCAAACTAGTCATGCT-1",1
"GCAAACTAGTCTCAAC-1",0
"GCAAACTCACAGGTTT-1",2
"GCAAACTGTCAGATAA-1",4
"GCAAACTGTCTCCATC-1",2
"GCAAACTTCGTGGTCG-1",0
"GCAATCAAGGGATCTG-1",0
"GCAATCAAGTATCTCG-1",5
"GCAATCAAGTGGGTTG-1",1
"GCAATCACAGCTTAAC-1",0
"GCAATCACATGTCGAT-1",1
"GCAATCACATTCCTCG-1",1
"GCAATCAGTAGGAGTC-1",4
"GCAATCAGTATAATGG-1",0
"GCAATCAGTTCTCATT-1",1
"GCAATCAGTTCTGGTA-1",0
"GCACATAAGAGCTATA-1",0
"GCACATAAGATGTTAG-1",2
"GCACATAAGCCTTGAT-1",2
"GCACATAAGGAGTACC-1",2
"GCACATAAGTGAAGTT-1",3
"GCACATACACCACGTG-1",0
"GCACATACAGCTGTAT-1",2
"GCACATACAGGAACGT-1",4
"GCACATAGTCATCGGC-1",0
"GCACATAGTCCGAATT-1",1
"GCACATAGTCTCTTTA-1",0
"GCACATAGTGCGCTTG-1",1
"GCACATATCACCTCGT-1",0
"GCACATATCTGGTTCC-1",1
"GCACTCTCAAGACACG-1",1
"GCACTCTCAATCACAC-1",0
"GCACTCTCATTTCAGG-1",3
"GCACTCTGTAAACCTC-1",2
"GCACTCTGTACCAGTT-1",2
"GCACTCTGTAGAAAGG-1",3
"GCACTCTGTCGAACAG-1",4
"GCACTCTGTCTAGGTT-1",0
"GCACTCTTCAACTCTT-1",1
"GCACTCTTCCCTAATT-1",0
"GCACTCTTCTGCCCTA-1",0
"GCAGCCAAGCTGATAA-1",0
"GCAGCCACATGAGCGA-1",0
"GCAGCCAGTAATCGTC-1",0
"GCAGCCAGTGTCGCTG-1",3
"GCAGCCATCAGTTGAC-1",3
"GCAGCCATCCCAACGG-1",0
"GCAGCCATCCGTACAA-1",0
"GCAGTTAAGTCCATAC-1",1
"GCAGTTAAGTCCGTAT-1",2
"GCAGTTAAGTTAACGA-1",0
"GCAGTTAGTGGACGAT-1",6
"GCAGTTAGTTATTCTC-1",2
"GCAGTTATCGCGATCG-1",3
"GCATACAAGATCTGCT-1",6
"GCATACAAGCAACGGT-1",0
"GCATACACAACGCACC-1",1
"GCATACACAAGGACTG-1",0
"GCATACACAAGTCTGT-1",0
"GCATACACAGTCAGCC-1",0
"GCATACACATCCTAGA-1",1
"GCATACACATCGGAAG-1",3
"GCATACAGTCCGAACC-1",0
"GCATACAGTTCTGGTA-1",1
"GCATACATCCACGACG-1",5
"GCATGATAGAATGTTG-1",0
"GCATGATAGAGTAATC-1",1
"GCATGATAGCTGATAA-1",1
"GCATGATAGGACCACA-1",1
"GCATGATAGGCTAGCA-1",4
"GCATGATAGTCAAGCG-1",4
"GCATGATAGTGGAGAA-1",0
"GCATGATCACACCGAC-1",0
"GCATGATCACATTTCT-1",3
"GCATGATGTCCCTACT-1",2
"GCATGATGTTGCGCAC-1",0
"GCATGATTCGTGGACC-1",0
"GCATGCGAGCATGGCA-1",2
"GCATGCGAGTCCAGGA-1",1
"GCATGCGCACTGCCAG-1",0
"GCATGCGGTAAGGATT-1",2
"GCATGCGGTCCTCTTG-1",0
"GCATGCGGTGTGAAAT-1",1
"GCATGCGTCCGCGGTA-1",0
"GCATGTAAGAACTGTA-1",1
"GCATGTAAGACAGACC-1",0
"GCATGTAAGTACTTGC-1",0
"GCATGTAAGTGCAAGC-1",0
"GCATGTACAACACGCC-1",3
"GCATGTATCACGAAGG-1",0
"GCCAAATCAAACTGTC-1",1
"GCCAAATCAAGGGTCA-1",0
"GCCAAATCAAGTTCTG-1",1
"GCCAAATCAGCCACCA-1",0
"GCCAAATCATAACCTG-1",1
"GCCAAATGTATAAACG-1",3
"GCCAAATGTGTTTGGT-1",0
"GCCAAATGTTTCGCTC-1",0
"GCCAAATTCAGGTAAA-1",4
"GCCAAATTCCGAGCCA-1",4
"GCCAAATTCCGCGGTA-1",0
"GCCAAATTCGGCTACG-1",0
"GCCTCTAAGAGTACCG-1",0
"GCCTCTAAGCCATCGC-1",3
"GCCTCTAAGCCGCCTA-1",0
"GCCTCTAAGCGATAGC-1",3
"GCCTCTAAGCTGCAAG-1",1
"GCCTCTAAGCTTCGCG-1",0
"GCCTCTAAGTCACGCC-1",0
"GCCTCTACAAGACGTG-1",0
"GCCTCTACAGCTATTG-1",1
"GCCTCTAGTAAGGATT-1",2
"GCCTCTAGTGATGATA-1",6
"GCCTCTAGTTAAGGGC-1",0
"GCCTCTATCAGCGACC-1",2
"GCCTCTATCCGATATG-1",0
"GCCTCTATCGAATCCA-1",0
"GCCTCTATCGAGCCCA-1",0
"GCCTCTATCGCTGATA-1",0
"GCCTCTATCTTTAGGG-1",4
"GCGACCAAGAGGTTAT-1",0
"GCGACCACACTTACGA-1",0
"GCGACCAGTCAGGACA-1",2
"GCGACCAGTCTAGAGG-1",1
"GCGACCATCAACGGGA-1",3
"GCGACCATCCCGGATG-1",3
"GCGACCATCTACTCAT-1",1
"GCGAGAAAGGTTCCTA-1",0
"GCGAGAAAGTACGATA-1",0
"GCGAGAAAGTGTCTCA-1",3
"GCGAGAACAAGCCCAC-1",0
"GCGAGAACACTGAAGG-1",5
"GCGAGAAGTAGCGCTC-1",1
"GCGAGAAGTCCCTACT-1",2
"GCGAGAATCCTTTCGG-1",0
"GCGAGAATCGAGAGCA-1",0
"GCGAGAATCGCACTCT-1",0
"GCGCAACAGTCCTCCT-1",0
"GCGCAACAGTGTACGG-1",0
"GCGCAACCAAGTCTGT-1",0
"GCGCAACCAGCCACCA-1",1
"GCGCAACGTAGCGCTC-1",0
"GCGCAACGTCCCTTGT-1",5
"GCGCAACGTCCTAGCG-1",0
"GCGCAACGTCGACTAT-1",3
"GCGCAACGTCTAGAGG-1",0
"GCGCAACGTGCACGAA-1",1
"GCGCAACTCAATACCG-1",0
"GCGCAGTCACATCCAA-1",0
"GCGCAGTCATTACCTT-1",2
"GCGCAGTGTTAGGGTG-1",0
"GCGCAGTTCGATCCCT-1",2
"GCGCAGTTCGCGGATC-1",1
"GCGCCAAAGACATAAC-1",0
"GCGCCAAAGGACAGCT-1",0
"GCGCCAAAGGCCCTTG-1",2
"GCGCCAAAGGGCTTCC-1",0
"GCGCCAAAGGTACTCT-1",1
"GCGCCAACATAACCTG-1",2
"GCGCCAACATTGGGCC-1",0
"GCGCCAAGTACTTGAC-1",0
"GCGCCAAGTCGGCACT-1",0
"GCGCCAAGTGAAAGAG-1",1
"GCGCCAAGTTGTACAC-1",3
"GCGCCAATCCGTTGCT-1",2
"GCGCGATAGAAGGTTT-1",2
"GCGCGATAGCAGGTCA-1",0
"GCGCGATAGTGAATTG-1",0
"GCGCGATAGTTTGCGT-1",0
"GCGCGATCAGCTCGAC-1",0
"GCGCGATGTAAGTAGT-1",4
"GCGCGATGTATCACCA-1",0
"GCGCGATGTCACTTCC-1",1
"GCGCGATGTTACCAGT-1",2
"GCGCGATTCAGTTAGC-1",3
"GCGCGATTCGTTTAGG-1",0
"GCGGGTTAGAAACGAG-1",0
"GCGGGTTAGCTATGCT-1",1
"GCGGGTTAGTGTGAAT-1",0
"GCGGGTTCACGCGAAA-1",3
"GCGGGTTCAGGCAGTA-1",0
"GCGGGTTCAGTAACGG-1",1
"GCGGGTTGTGAGTATA-1",0
"GCGGGTTGTGGCGAAT-1",0
"GCGGGTTTCCAAAGTC-1",3
"GCGGGTTTCCTTTCTC-1",3
"GCGGGTTTCTCCAACC-1",3
"GCGGGTTTCTTGAGGT-1",0
"GCGGGTTTCTTGTATC-1",0
"GCTCCTACAAACTGTC-1",3
"GCTCCTACACCAGGTC-1",0
"GCTCCTACACCGATAT-1",1
"GCTCCTACAGGGTACA-1",3
"GCTCCTACATTAGCCA-1",0
"GCTCCTAGTCAGGACA-1",0
"GCTCCTAGTCCGTCAG-1",1
"GCTCCTATCAGCCTAA-1",0
"GCTCCTATCCCTAATT-1",0
"GCTCTGTAGAGGTAGA-1",1
"GCTCTGTAGCTGAACG-1",5
"GCTCTGTAGGAGTCTG-1",1
"GCTCTGTAGTGCTGCC-1",0
"GCTCTGTAGTGGACGT-1",4
"GCTCTGTTCACCTCGT-1",2
"GCTGCAGAGCGTGAGT-1",4
"GCTGCAGAGTCAAGCG-1",1
"GCTGCAGAGTCCCACG-1",0
"GCTGCAGCAATTGCTG-1",2
"GCTGCAGCATGCCCGA-1",0
"GCTGCAGCATGCCTAA-1",0
"GCTGCAGGTAAACCTC-1",1
"GCTGCAGGTACGAAAT-1",10
"GCTGCAGGTAGCGCAA-1",1
"GCTGCAGGTCACCCAG-1",2
"GCTGCAGGTCATGCCG-1",2
"GCTGCGAAGGAATGGA-1",3
"GCTGCGAGTCTAACGT-1",2
"GCTGCGAGTGTTTGGT-1",1
"GCTGCGATCTCCTATA-1",1
"GCTGCGATCTTGTTTG-1",0
"GCTGCTTAGAATTGTG-1",0
"GCTGCTTAGGCAATTA-1",0
"GCTGCTTCATCACGTA-1",1
"GCTGCTTCATCCAACA-1",0
"GCTGCTTCATGCCTAA-1",0
"GCTGCTTCATGGTCAT-1",0
"GCTGCTTGTAACGACG-1",0
"GCTGCTTGTAATCGTC-1",1
"GCTGCTTGTAGGGACT-1",0
"GCTGCTTGTGAAAGAG-1",0
"GCTGCTTTCCGGGTGT-1",0
"GCTGGGTAGACCCACC-1",0
"GCTGGGTAGCCACGCT-1",3
"GCTGGGTAGTCGCCGT-1",3
"GCTGGGTAGTCTCAAC-1",1
"GCTGGGTCACGGCTAC-1",0
"GCTGGGTCAGCCAATT-1",4
"GCTGGGTGTACAGTTC-1",1
"GCTGGGTGTACCGTTA-1",0
"GCTGGGTGTCGAGTTT-1",1
"GCTGGGTGTCTCCACT-1",0
"GCTGGGTGTGCCTGTG-1",0
"GCTGGGTTCAGCTTAG-1",1
"GCTGGGTTCCTTAATC-1",0
"GCTTCCAAGAAACCTA-1",0
"GCTTCCACACCACCAG-1",0
"GCTTCCACAGGTCGTC-1",4
"GCTTCCACAGTGAGTG-1",0
"GCTTCCAGTATAGGTA-1",0
"GCTTCCAGTTCAGCGC-1",2
"GCTTCCATCGTCCAGG-1",5
"GCTTGAAAGATGGCGT-1",1
"GCTTGAAAGCCGTCGT-1",0
"GCTTGAACAAACCTAC-1",1
"GCTTGAACACGGTGTC-1",0
"GCTTGAACATCGGAAG-1",0
"GCTTGAAGTGCGGTAA-1",0
"GCTTGAAGTTCTCATT-1",1
"GCTTGAATCAGGATCT-1",1
"GGAAAGCAGGCAGGTT-1",4
"GGAAAGCCAAACGCGA-1",0
"GGAAAGCCAAGTACCT-1",0
"GGAAAGCGTAAGCACG-1",0
"GGAAAGCGTCCTCCAT-1",2
"GGAAAGCGTCGCGTGT-1",0
"GGAAAGCGTGCTTCTC-1",2
"GGAAAGCTCCAGAGGA-1",0
"GGAACTTAGAGTAAGG-1",3
"GGAACTTCAATGTAAG-1",0
"GGAACTTCACAGGAGT-1",0
"GGAACTTCACCTCGTT-1",2
"GGAACTTGTCTCTTTA-1",2
"GGAACTTTCATTGCCC-1",2
"GGAACTTTCATTTGGG-1",1
"GGAACTTTCCGTCATC-1",1
"GGAACTTTCCTCAACC-1",3
"GGAACTTTCGGATGTT-1",0
"GGAATAAAGGTACTCT-1",3
"GGAATAAAGTGTCCAT-1",1
"GGAATAACAGCGTCCA-1",1
"GGAATAAGTCTGGTCG-1",1
"GGAATAAGTGCAGGTA-1",0
"GGAATAATCAGCACAT-1",0
"GGAATAATCTTTACGT-1",1
"GGACAAGAGGTACTCT-1",0
"GGACAAGCAACGATGG-1",1
"GGACAAGCAGTCGTGC-1",0
"GGACAAGCATGGGACA-1",1
"GGACAAGGTATAAACG-1",4
"GGACAAGGTATGAAAC-1",0
"GGACAAGGTCGGCATC-1",0
"GGACAAGGTTATGCGT-1",2
"GGACAAGTCTAACGGT-1",3
"GGACAGAAGCTAGTCT-1",0
"GGACAGAAGTACTTGC-1",1
"GGACAGACAACACGCC-1",6
"GGACAGACACAAGCCC-1",2
"GGACAGAGTAAGTGGC-1",0
"GGACAGAGTCTTTCAT-1",0
"GGACAGAGTGAGGGAG-1",0
"GGACAGAGTTCCACAA-1",2
"GGACAGATCAACGCTA-1",1
"GGACATTAGAGGGCTT-1",2
"GGACATTAGCCACGTC-1",0
"GGACATTCAAACGCGA-1",0
"GGACATTCAATGACCT-1",0
"GGACATTCACCAGCAC-1",1
"GGACATTGTTCTGGTA-1",2
"GGACATTTCCTCTAGC-1",2
"GGACGTCAGTACTTGC-1",0
"GGACGTCAGTGGTAAT-1",3
"GGACGTCCACAGTCGC-1",1
"GGACGTCGTGAGGGAG-1",2
"GGACGTCGTGGCGAAT-1",0
"GGACGTCGTTACGGAG-1",0
"GGACGTCGTTTAAGCC-1",0
"GGACGTCTCCACTCCA-1",4
"GGACGTCTCGCAAACT-1",2
"GGACGTCTCTCCAGGG-1",2
"GGACGTCTCTCGAGTA-1",0
"GGACGTCTCTGGTGTA-1",0
"GGACGTCTCTTCGAGA-1",0
"GGAGCAAAGAACTCGG-1",0
"GGAGCAAAGACTGTAA-1",1
"GGAGCAAAGCCGCCTA-1",2
"GGAGCAAAGCTAAACA-1",0
"GGAGCAAAGTACGCCC-1",0
"GGAGCAACAAGCTGTT-1",0
"GGAGCAACAATGGACG-1",1
"GGAGCAACAATTCCTT-1",3
"GGAGCAACATGCTGGC-1",0
"GGAGCAAGTGAGTATA-1",1
"GGAGCAAGTTACTGAC-1",0
"GGAGCAATCAAGATCC-1",3
"GGAGCAATCCCATTTA-1",1
"GGATGTTCAAACTGTC-1",0
"GGATGTTTCATCACCC-1",0
"GGATGTTTCATGCATG-1",3
"GGATGTTTCCTACAGA-1",0
"GGATGTTTCCTCTAGC-1",6
"GGATTACAGATCCCAT-1",3
"GGATTACAGCTTCGCG-1",0
"GGATTACAGGCTAGCA-1",8
"GGATTACAGTATCTCG-1",1
"GGATTACCAAGCGTAG-1",3
"GGATTACCACATCCGG-1",0
"GGATTACCAGCGTAAG-1",1
"GGATTACGTAATAGCA-1",2
"GGATTACGTACACCGC-1",1
"GGATTACGTCTCTTTA-1",0
"GGATTACGTTGAGGTG-1",1
"GGATTACTCGCGCCAA-1",1
"GGATTACTCGGCGCAT-1",0
"GGATTACTCTGCCCTA-1",2
"GGCAATTCAATCGGTT-1",1
"GGCAATTCACGGCGTT-1",0
"GGCAATTCATCACCCT-1",0
"GGCAATTGTCGATTGT-1",3
"GGCAATTTCACTTACT-1",2
"GGCAATTTCAGCACAT-1",0
"GGCAATTTCTCCGGTT-1",0
"GGCCGATAGTGTCTCA-1",2
"GGCCGATCACGGACAA-1",1
"GGCCGATGTAGGACAC-1",0
"GGCCGATGTCACTGGC-1",2
"GGCCGATGTCCCTACT-1",0
"GGCCGATTCACCGTAA-1",4
"GGCCGATTCCGCGCAA-1",1
"GGCGACTAGAGCTGGT-1",0
"GGCGACTAGGACCACA-1",0
"GGCGACTAGGTTACCT-1",1
"GGCGACTCAAAGCGGT-1",6
"GGCGACTCAAGAGTCG-1",1
"GGCGACTCACCAGGTC-1",0
"GGCGACTCATTGTGCA-1",1
"GGCGACTTCAGAAATG-1",0
"GGCGACTTCAGAGACG-1",1
"GGCGACTTCCAGATCA-1",3
"GGCGACTTCTCTAGGA-1",1
"GGCGTGTAGCTAGCCC-1",1
"GGCGTGTAGGGTATCG-1",2
"GGCGTGTCAGGTCCAC-1",0
"GGCGTGTCAGTATAAG-1",1
"GGCGTGTCATCGTCGG-1",0
"GGCGTGTCATGGAATA-1",2
"GGCGTGTGTCTCCCTA-1",3
"GGCGTGTTCTTGAGGT-1",2
"GGCTCGAAGCCGTCGT-1",1
"GGCTCGAAGGTAAACT-1",0
"GGCTCGACAAGAAGAG-1",2
"GGCTCGACAATAGCAA-1",0
"GGCTCGACATGGTCAT-1",2
"GGCTCGAGTATATCCG-1",5
"GGCTCGAGTTACGTCA-1",1
"GGCTCGAGTTAGGGTG-1",1
"GGCTCGATCTGCAAGT-1",0
"GGCTGGTAGAAGAAGC-1",0
"GGCTGGTAGACCCACC-1",3
"GGCTGGTCAAGGACAC-1",0
"GGCTGGTCACTGCCAG-1",0
"GGCTGGTCATTTCAGG-1",0
"GGCTGGTGTATTCTCT-1",0
"GGCTGGTGTCGCATCG-1",0
"GGCTGGTGTCTAGTGT-1",0
"GGCTGGTGTTATGCGT-1",0
"GGGAATGAGCGTTGCC-1",3
"GGGAATGAGTAGGTGC-1",0
"GGGAATGGTAAGGGAA-1",1
"GGGAATGTCAACGAAA-1",4
"GGGAATGTCCAGTATG-1",0
"GGGAATGTCCGGGTGT-1",0
"GGGACCTAGATGTAAC-1",1
"GGGACCTAGTCTTGCA-1",1
"GGGACCTCAATCAGAA-1",1
"GGGACCTCACTGAAGG-1",0
"GGGAGATAGTACGACG-1",0
"GGGAGATCAAAGTGCG-1",0
"GGGAGATCAAATCCGT-1",3
"GGGAGATCAAGGACTG-1",1
"GGGAGATCACGCGAAA-1",1
"GGGAGATGTAGCGCAA-1",0
"GGGAGATTCAACGGGA-1",0
"GGGAGATTCATCACCC-1",3
"GGGATGAAGTGACATA-1",2
"GGGATGACATCATCCC-1",0
"GGGATGAGTCACCCAG-1",1
"GGGATGAGTGGAAAGA-1",3
"GGGATGAGTTACGACT-1",0
"GGGATGAGTTGGTAAA-1",0
"GGGATGATCAGTTAGC-1",0
"GGGATGATCTATCCTA-1",1
"GGGATGATCTTTAGGG-1",2
"GGGCACTAGTCTCGGC-1",2
"GGGCACTCATCTCCCA-1",2
"GGGCACTTCACCTCGT-1",2
"GGGCACTTCTGAGGGA-1",0
"GGGCATCCAATGTAAG-1",1
"GGGCATCCAGTCTTCC-1",3
"GGGCATCGTGGCGAAT-1",0
"GGGCATCTCACAGTAC-1",3
"GGGCATCTCCCTTGTG-1",0
"GGGCATCTCCGGCACA-1",0
"GGGCATCTCTGTCCGT-1",1
"GGGCATCTCTTATCTG-1",4
"GGGTCTGAGAAGATTC-1",1
"GGGTCTGAGATCCCGC-1",0
"GGGTCTGAGCCAACAG-1",3
"GGGTCTGCACAGGCCT-1",4
"GGGTCTGCACCAGGTC-1",0
"GGGTCTGGTCTGGTCG-1",4
"GGGTCTGGTGATGATA-1",2
"GGGTCTGGTGTGACCC-1",0
"GGGTCTGTCAACTCTT-1",2
"GGGTCTGTCACTCCTG-1",0
"GGGTCTGTCCGTAGTA-1",2
"GGGTTGCAGACAGAGA-1",0
"GGGTTGCAGACCTTTG-1",1
"GGGTTGCAGATCGATA-1",1
"GGGTTGCAGGGTGTTG-1",0
"GGGTTGCAGGTGGGTT-1",0
"GGGTTGCCAATAACGA-1",3
"GGGTTGCCACGCCAGT-1",2
"GGGTTGCCATTAACCG-1",0
"GGGTTGCGTACATCCA-1",3
"GGGTTGCGTAGCGCAA-1",0
"GGGTTGCGTCCTCCAT-1",0
"GGGTTGCGTCGAGTTT-1",0
"GGGTTGCGTGAGTATA-1",0
"GGGTTGCGTGTGACCC-1",0
"GGGTTGCTCGTACCGG-1",1
"GGTATTGAGCACCGTC-1",1
"GGTATTGAGCTATGCT-1",0
"GGTATTGCACATCCAA-1",1
"GGTATTGCAGCTTCGG-1",1
"GGTATTGGTTCCGTCT-1",3
"GGTATTGTCAGAAATG-1",2
"GGTATTGTCCATTCTA-1",0
"GGTATTGTCGCCAGCA-1",0
"GGTGAAGAGACACGAC-1",1
"GGTGAAGAGATCCGAG-1",4
"GGTGAAGCAAGGTGTG-1",0
"GGTGAAGCACTCGACG-1",2
"GGTGAAGCAGTATGCT-1",3
"GGTGAAGGTATGAAAC-1",0
"GGTGAAGGTCAGAATA-1",0
"GGTGAAGGTGGTACAG-1",0
"GGTGAAGGTGTATGGG-1",1
"GGTGAAGGTGTCTGAT-1",3
"GGTGAAGGTGTGGTTT-1",4
"GGTGAAGGTGTGTGCC-1",1
"GGTGAAGTCACGATGT-1",0
"GGTGAAGTCACTCTTA-1",1
"GGTGAAGTCTGGCGTG-1",2
"GGTGCGTAGGTGATTA-1",1
"GGTGCGTAGTACGATA-1",3
"GGTGCGTCACTTAAGC-1",4
"GGTGCGTCAGCTGTAT-1",1
"GGTGCGTGTTCGTTGA-1",0
"GGTGCGTTCCGTACAA-1",2
"GGTGCGTTCTTGACGA-1",3
"GGTGTTAAGGGCTCTC-1",0
"GGTGTTAAGTAGCGGT-1",0
"GGTGTTAAGTGGGATC-1",0
"GGTGTTAAGTTATCGC-1",0
"GGTGTTACAAATCCGT-1",0
"GGTGTTACACGGATAG-1",0
"GGTGTTAGTAATCACC-1",0
"GGTGTTAGTAGCAAAT-1",1
"GGTGTTAGTGTATGGG-1",3
"GGTGTTAGTTGAACTC-1",2
"GGTGTTATCGGACAAG-1",0
"GGTGTTATCGGTGTTA-1",0
"GGTGTTATCTACTTAC-1",0
"GTAACGTAGGTGACCA-1",2
"GTAACGTCACAGGCCT-1",1
"GTAACGTGTACCATCA-1",3
"GTAACGTGTGAGTATA-1",1
"GTAACGTGTTACGGAG-1",0
"GTAACGTGTTAGGGTG-1",0
"GTAACGTTCGGTCCGA-1",0
"GTAACGTTCTCATTCA-1",0
"GTAACTGAGTGGGTTG-1",2
"GTAACTGCAATGGAAT-1",2
"GTAACTGCACAGGCCT-1",0
"GTAACTGCAGGATCGA-1",3
"GTAACTGCATCGGGTC-1",4
"GTAACTGGTATTACCG-1",0
"GTAACTGTCACGGTTA-1",3
"GTAACTGTCTACTATC-1",1
"GTACGTAAGGTGCTTT-1",2
"GTACGTACAGGAATGC-1",0
"GTACGTACATGGATGG-1",0
"GTACGTAGTGAGTGAC-1",2
"GTACGTAGTTGGTAAA-1",0
"GTACGTATCACCTCGT-1",2
"GTACGTATCATCGGAT-1",1
"GTACGTATCCACTGGG-1",0
"GTACTCCAGGCAGTCA-1",2
"GTACTCCCAATAGCGG-1",0
"GTACTCCCACAGGTTT-1",0
"GTACTCCTCACCTTAT-1",4
"GTACTCCTCATTGCCC-1",2
"GTACTCCTCCTTCAAT-1",0
"GTACTTTCAGTTAACC-1",0
"GTACTTTCATGTCGAT-1",1
"GTACTTTTCCGAAGAG-1",0
"GTAGGCCAGCAATCTC-1",0
"GTAGGCCCATTCGACA-1",2
"GTAGGCCGTAACGCGA-1",0
"GTAGGCCGTAAGGGCT-1",1
"GTAGGCCGTACGACCC-1",2
"GTAGGCCGTTCAGGCC-1",1
"GTAGGCCGTTGATTGC-1",1
"GTAGGCCTCAGCACAT-1",0
"GTAGTCAAGAATGTGT-1",0
"GTAGTCAAGATGCCTT-1",0
"GTAGTCAAGGACGAAA-1",0
"GTAGTCAAGTGAAGAG-1",0
"GTAGTCATCGTCACGG-1",0
"GTAGTCATCTGAAAGA-1",0
"GTATCTTAGAAACCAT-1",1
"GTATCTTAGGCTATCT-1",1
"GTATCTTAGTTGTCGT-1",2
"GTATCTTCACACCGCA-1",1
"GTATCTTCACGAAGCA-1",0
"GTATCTTGTTCGCTAA-1",4
"GTATCTTTCATGCTCC-1",2
"GTATCTTTCATGTAGC-1",2
"GTATTCTAGAAACCAT-1",3
"GTATTCTAGACAAAGG-1",2
"GTATTCTCAAAGTCAA-1",1
"GTATTCTCAACAACCT-1",0
"GTATTCTCAACTTGAC-1",1
"GTATTCTCAATAAGCA-1",1
"GTATTCTCAGGGTTAG-1",0
"GTATTCTCATACTACG-1",1
"GTATTCTCATGGTAGG-1",1
"GTATTCTGTAGTGAAT-1",0
"GTATTCTGTCTAGAGG-1",1
"GTCAAGTCATATGCTG-1",0
"GTCAAGTCATGGTTGT-1",6
"GTCAAGTGTCAGCTAT-1",0
"GTCAAGTGTTCCACTC-1",0
"GTCACAAAGCCGATTT-1",0
"GTCACAAAGTGGAGTC-1",1
"GTCACAACAGGTGGAT-1",1
"GTCACAAGTAAACGCG-1",2
"GTCACAATCAGGATCT-1",0
"GTCACAATCAGTTGAC-1",1
"GTCACAATCATGCATG-1",0
"GTCACGGAGATCACGG-1",1
"GTCACGGCATATACCG-1",0
"GTCACGGGTGAGTGAC-1",1
"GTCACGGGTGTGGCTC-1",1
"GTCACGGTCGAGAGCA-1",0
"GTCACGGTCTACCTGC-1",0
"GTCATTTAGAGACTAT-1",2
"GTCATTTCACGTGAGA-1",0
"GTCATTTGTAGAAGGA-1",2
"GTCATTTGTCAGATAA-1",0
"GTCATTTTCCAGAGGA-1",1
"GTCCTCAAGCCCAACC-1",1
"GTCCTCAAGTAGATGT-1",0
"GTCCTCAAGTGGGCTA-1",0
"GTCCTCACAATCACAC-1",1
"GTCCTCAGTGGAAAGA-1",0
"GTCCTCATCAAAGACA-1",0
"GTCCTCATCGTCCGTT-1",1
"GTCGGGTCACTGAAGG-1",0
"GTCGGGTCACTTCGAA-1",0
"GTCGGGTCATGAAGTA-1",0
"GTCGGGTGTCTCACCT-1",0
"GTCGGGTGTGTGACGA-1",0
"GTCGGGTGTGTGTGCC-1",0
"GTCGGGTGTTACGTCA-1",0
"GTCGGGTTCTGCTGTC-1",0
"GTCGGGTTCTGTGCAA-1",2
"GTCGTAAAGAGATGAG-1",3
"GTCGTAAAGCTGCAAG-1",1
"GTCGTAAAGGCGACAT-1",0
"GTCGTAACATCACGAT-1",2
"GTCGTAAGTATCACCA-1",0
"GTCGTAATCCAAGTAC-1",0
"GTCTCGTAGACCACGA-1",0
"GTCTCGTCAGGAACGT-1",4
"GTCTCGTGTGGTAACG-1",0
"GTCTCGTGTTTGGCGC-1",0
"GTCTCGTTCACCGGGT-1",4
"GTCTCGTTCAGTGCAT-1",2
"GTCTTCGAGACAAGCC-1",7
"GTCTTCGAGGAATGGA-1",1
"GTCTTCGAGTCAAGCG-1",0
"GTCTTCGCACATGGGA-1",2
"GTCTTCGCACCAGGTC-1",0
"GTCTTCGCAGACGCAA-1",0
"GTCTTCGCATAACCTG-1",0
"GTCTTCGCATCGATGT-1",6
"GTCTTCGGTCTAGTGT-1",1
"GTCTTCGTCTCGATGA-1",1
"GTGAAGGAGAGCTGGT-1",0
"GTGAAGGAGATCGGGT-1",2
"GTGAAGGAGCCAGTTT-1",0
"GTGAAGGAGTGTTGAA-1",6
"GTGAAGGCAAAGGCGT-1",1
"GTGAAGGCACTTAAGC-1",0
"GTGAAGGCAGATTGCT-1",0
"GTGAAGGGTATATGGA-1",2
"GTGAAGGGTCTCTCTG-1",0
"GTGAAGGTCTCCTATA-1",0
"GTGCAGCAGACATAAC-1",0
"GTGCAGCAGTGGTCCC-1",2
"GTGCAGCCACATCTTT-1",0
"GTGCAGCGTGAGTATA-1",0
"GTGCAGCTCTTAGAGC-1",0
"GTGCATAAGGCATGGT-1",3
"GTGCATAGTTTGTTGG-1",2
"GTGCATATCAGAGCTT-1",2
"GTGCATATCATCATTC-1",3
"GTGCATATCTGCGTAA-1",1
"GTGCGGTAGCAATCTC-1",4
"GTGCGGTAGGACAGAA-1",1
"GTGCGGTCAAAGGTGC-1",0
"GTGCGGTGTTCAGACT-1",2
"GTGCGGTGTTCTGTTT-1",0
"GTGCGGTTCATCTGCC-1",0
"GTGCGGTTCCAGGGCT-1",0
"GTGCGGTTCGGATGGA-1",0
"GTGCGGTTCTCGTTTA-1",0
"GTGCGGTTCTGCTGTC-1",2
"GTGCTTCAGCCAGTTT-1",1
"GTGCTTCAGGATTCGG-1",1
"GTGCTTCAGTACACCT-1",0
"GTGCTTCCACTTAACG-1",0
"GTGCTTCCAGCTATTG-1",2
"GTGCTTCGTAGAGTGC-1",1
"GTGCTTCTCACAATGC-1",0
"GTGCTTCTCACTTCAT-1",1
"GTGGGTCAGACCGGAT-1",3
"GTGGGTCAGACTGTAA-1",0
"GTGGGTCAGCCGTCGT-1",0
"GTGGGTCCACCAACCG-1",0
"GTGGGTCCACCACCAG-1",0
"GTGTGCGAGACCGGAT-1",0
"GTGTGCGAGACTTGAA-1",0
"GTGTGCGCAGGTCGTC-1",0
"GTGTGCGGTGAGCGAT-1",4
"GTGTGCGTCAGTCAGT-1",1
"GTGTGCGTCCCTTGTG-1",0
"GTGTGCGTCTAACTTC-1",2
"GTGTTAGAGCACGCCT-1",1
"GTGTTAGAGGACAGAA-1",0
"GTGTTAGAGGCATGGT-1",4
"GTGTTAGAGTGGAGAA-1",0
"GTGTTAGAGTTTGCGT-1",3
"GTGTTAGCAATGGAAT-1",1
"GTGTTAGCACCACCAG-1",0
"GTGTTAGGTGCCTGGT-1",2
"GTGTTAGGTGGAAAGA-1",0
"GTGTTAGGTTCCATGA-1",0
"GTGTTAGGTTGGGACA-1",0
"GTTAAGCAGAGCTGCA-1",0
"GTTAAGCAGATAGCAT-1",2
"GTTAAGCAGCTAACAA-1",2
"GTTAAGCAGGCTACGA-1",0
"GTTAAGCAGTGTACCT-1",0
"GTTAAGCAGTTTGCGT-1",4
"GTTAAGCCATTCACTT-1",0
"GTTAAGCGTACTCGCG-1",1
"GTTAAGCGTCTAGGTT-1",2
"GTTAAGCGTGGCAAAC-1",0
"GTTAAGCGTTGCTCCT-1",0
"GTTAAGCTCCTTTCGG-1",0
"GTTACAGAGAGCTATA-1",0
"GTTACAGAGTACGATA-1",1
"GTTACAGCAGACGCCT-1",1
"GTTACAGCATCGGTTA-1",4
"GTTACAGGTATGGTTC-1",1
"GTTACAGGTCGACTGC-1",3
"GTTACAGGTCTAGGTT-1",1
"GTTCATTAGCGATGAC-1",2
"GTTCATTCATATACGC-1",2
"GTTCATTCATTGGCGC-1",5
"GTTCATTGTGCACGAA-1",2
"GTTCATTGTGTTAAGA-1",0
"GTTCATTGTTCAGTAC-1",2
"GTTCGGGAGACGACGT-1",2
"GTTCGGGAGCTAAGAT-1",1
"GTTCGGGAGTGTCTCA-1",0
"GTTCGGGGTAGGGTAC-1",0
"GTTCGGGGTGCAGGTA-1",3
"GTTCGGGTCCACGCAG-1",1
"GTTCGGGTCTACTTAC-1",0
"GTTCTCGAGACCACGA-1",0
"GTTCTCGAGCGATGAC-1",3
"GTTCTCGAGGCCATAG-1",0
"GTTCTCGCATCGGACC-1",0
"GTTCTCGGTAAGGGAA-1",1
"GTTCTCGGTAGCGTAG-1",0
"GTTCTCGGTCCGTGAC-1",2
"GTTCTCGGTGTTAAGA-1",0
"GTTCTCGTCAACGCTA-1",1
"GTTCTCGTCCTGTACC-1",2
"GTTTCTACAAACCTAC-1",0
"GTTTCTACAAGAAAGG-1",1
"GTTTCTAGTGTTGGGA-1",0
"GTTTCTATCCCAACGG-1",0
"GTTTCTATCCGTAGTA-1",1
"GTTTCTATCGGCATCG-1",2
"TAAACCGGTACTTAGC-1",2
"TAAACCGTCACTCTTA-1",0
"TAAACCGTCAGGCGAA-1",0
"TAAACCGTCCGTTGTC-1",2
"TAAACCGTCTTCCTTC-1",0
"TAAGAGACAAGTTGTC-1",0
"TAAGAGAGTATATCCG-1",0
"TAAGAGATCAATCACG-1",0
"TAAGAGATCTAACGGT-1",1
"TAAGAGATCTTTCCTC-1",0
"TAAGCGTAGTGGACGT-1",6
"TAAGCGTAGTGTCTCA-1",2
"TAAGCGTCAGCTTCGG-1",2
"TAAGCGTCAGGTGGAT-1",0
"TAAGCGTGTCCTGCTT-1",0
"TAAGCGTGTGCCTGGT-1",1
"TAAGCGTGTTGTTTGG-1",0
"TAAGCGTTCCTCATTA-1",7
"TAAGCGTTCGGCGCAT-1",0
"TAAGCGTTCTCGCATC-1",0
"TAAGTGCAGGCTAGGT-1",3
"TAAGTGCAGTAGCGGT-1",0
"TAAGTGCCAACGCACC-1",4
"TAAGTGCCATACAGCT-1",6
"TAAGTGCGTAAACACA-1",0
"TAAGTGCGTCTCACCT-1",2
"TAAGTGCGTTCAGACT-1",1
"TAAGTGCTCACCCTCA-1",0
"TAAGTGCTCACTGGGC-1",2
"TAAGTGCTCTGGCGTG-1",3
"TACACGACACCCATTC-1",1
"TACACGAGTGATAAAC-1",0
"TACACGATCTGTCTCG-1",5
"TACAGTGAGATGCGAC-1",0
"TACAGTGAGCGTTGCC-1",0
"TACAGTGAGTGTACGG-1",0
"TACAGTGCAGGAATCG-1",0
"TACAGTGCAGGTGCCT-1",3
"TACAGTGGTACTCAAC-1",0
"TACAGTGGTTGGACCC-1",2
"TACCTATAGAGCTGGT-1",0
"TACCTATAGAGTTGGC-1",1
"TACCTATAGGCTCATT-1",1
"TACCTATAGTTAGCGG-1",0
"TACCTATCAAGCTGGA-1",1
"TACCTATGTAAATGAC-1",0
"TACCTATGTAGAGTGC-1",3
"TACCTATGTCACCTAA-1",2
"TACCTATGTGTTGAGG-1",0
"TACCTATGTTAAAGAC-1",3
"TACCTATTCTATGTGG-1",4
"TACCTATTCTTCCTTC-1",0
"TACCTTAAGAGGTTGC-1",2
"TACCTTAAGTCAAGCG-1",0
"TACCTTAAGTGGTCCC-1",0
"TACCTTACAACTGGCC-1",3
"TACCTTACAAGGGTCA-1",1
"TACCTTACACTCAGGC-1",6
"TACCTTACATCTACGA-1",0
"TACCTTAGTAGCGTCC-1",2
"TACCTTAGTCTCCACT-1",2
"TACGGATAGATGGCGT-1",0
"TACGGATAGGTACTCT-1",2
"TACGGATCAGGGATTG-1",0
"TACGGATCATCACCCT-1",1
"TACGGATGTCTAGCCG-1",1
"TACGGATTCGGTGTCG-1",0
"TACGGATTCTACTATC-1",3
"TACGGGCAGGATGCGT-1",2
"TACGGGCAGGGAACGG-1",1
"TACGGGCAGTATTGGA-1",0
"TACGGGCAGTCAAGCG-1",1
"TACGGGCCAAGAAGAG-1",0
"TACGGGCCACCAGATT-1",0
"TACGGGCCATCAGTAC-1",1
"TACGGGCGTAAGGGCT-1",1
"TACGGGCGTCTGATTG-1",0
"TACGGGCGTGATGTGG-1",6
"TACGGGCTCACCTTAT-1",0
"TACGGGCTCAGCTCTC-1",1
"TACGGGCTCCACGAAT-1",3
"TACGGGCTCCTATTCA-1",0
"TACGGGCTCGGTGTTA-1",0
"TACGGTAAGATATGGT-1",0
"TACGGTAAGCCGATTT-1",2
"TACGGTAAGTCATGCT-1",0
"TACGGTAAGTGCCATT-1",1
"TACGGTACACAGGCCT-1",1
"TACGGTACATTTCAGG-1",1
"TACGGTAGTATATCCG-1",0
"TACGGTAGTCACTTCC-1",1
"TACGGTAGTGCAGGTA-1",0
"TACGGTAGTGGGTATG-1",0
"TACGGTATCGCAGGCT-1",0
"TACGGTATCGGACAAG-1",2
"TACGGTATCGTTTATC-1",7
"TACTCATAGTCACGCC-1",6
"TACTCATCAATCTACG-1",1
"TACTCATCACGGTAGA-1",0
"TACTCATCACTTCTGC-1",1
"TACTCATCATCCGTGG-1",0
"TACTCATCATGTCGAT-1",3
"TACTCATGTACAGCAG-1",2
"TACTCATGTCTTCAAG-1",2
"TACTCATTCCTTTCTC-1",0
"TACTCGCAGGCGACAT-1",0
"TACTCGCGTCAGAAGC-1",0
"TACTCGCGTCTGATTG-1",1
"TACTCGCGTGTAACGG-1",5
"TACTCGCGTTGAGTTC-1",0
"TACTCGCTCAACGGGA-1",4
"TACTCGCTCCGAATGT-1",1
"TACTTACAGACTAGGC-1",1
"TACTTACAGCTGAACG-1",0
"TACTTACAGTACACCT-1",0
"TACTTACAGTACGCCC-1",0
"TACTTACAGTGATCGG-1",0
"TACTTACCAAGCCGTC-1",1
"TACTTACCACAGGTTT-1",2
"TACTTACTCGCGTTTC-1",4
"TACTTGTAGCGATATA-1",0
"TACTTGTAGTAATCCC-1",0
"TACTTGTCAAACAACA-1",4
"TACTTGTCATGCAACT-1",2
"TACTTGTGTAGCACGA-1",0
"TACTTGTGTATAAACG-1",0
"TACTTGTGTTCCACAA-1",3
"TACTTGTTCTGCAGTA-1",3
"TAGACCAAGAGACGAA-1",0
"TAGACCAAGCCTCGTG-1",4
"TAGACCAAGTCGATAA-1",2
"TAGACCACAACACCCG-1",7
"TAGACCAGTAGATTAG-1",0
"TAGACCAGTTCATGGT-1",2
"TAGACCATCACTTCAT-1",0
"TAGACCATCGTCACGG-1",1
"TAGACCATCTCCAGGG-1",0
"TAGAGCTAGAATTCCC-1",1
"TAGAGCTAGTATTGGA-1",2
"TAGAGCTCACTGAAGG-1",0
"TAGAGCTGTACTTGAC-1",0
"TAGAGCTGTAGGGACT-1",0
"TAGAGCTGTCTAAAGA-1",3
"TAGCCGGAGACTGGGT-1",2
"TAGCCGGAGTCCCACG-1",0
"TAGCCGGAGTGACATA-1",0
"TAGCCGGCAGCAGTTT-1",2
"TAGCCGGGTACAGTGG-1",1
"TAGCCGGGTACCATCA-1",0
"TAGCCGGGTCGCGAAA-1",0
"TAGCCGGTCACGACTA-1",0
"TAGCCGGTCCAGGGCT-1",0
"TAGGCATAGAACTGTA-1",0
"TAGGCATAGCTAGGCA-1",3
"TAGGCATAGTCGTACT-1",1
"TAGGCATAGTTTAGGA-1",0
"TAGGCATCAAGCCTAT-1",4
"TAGGCATCAGACGCAA-1",3
"TAGGCATGTACGAAAT-1",0
"TAGGCATGTCCAGTTA-1",0
"TAGGCATGTTCCACTC-1",1
"TAGGCATTCCCTAACC-1",0
"TAGGCATTCGCTAGCG-1",1
"TAGGCATTCGTAGATC-1",0
"TAGGCATTCTTCATGT-1",2
"TAGTGGTAGATCACGG-1",2
"TAGTGGTAGCTGTTCA-1",2
"TAGTGGTCAGTATAAG-1",0
"TAGTGGTGTAGCGTAG-1",1
"TAGTGGTTCAGCATGT-1",0
"TAGTGGTTCGGCGCAT-1",0
"TAGTGGTTCTCAAGTG-1",1
"TAGTGGTTCTGGGCCA-1",0
"TAGTGGTTCTTTAGTC-1",2
"TAGTTGGAGATAGGAG-1",0
"TAGTTGGCAGACGCAA-1",2
"TAGTTGGCATGCGCAC-1",1
"TAGTTGGGTATGGTTC-1",0
"TAGTTGGTCCGAATGT-1",0
"TAGTTGGTCTACTCAT-1",0
"TAGTTGGTCTCTAAGG-1",0
"TAGTTGGTCTGATACG-1",3
"TATCAGGAGAGTAAGG-1",4
"TATCAGGAGATCCGAG-1",3
"TATCAGGAGCAGATCG-1",2
"TATCAGGAGGTGCTTT-1",3
"TATCAGGCAACTTGAC-1",2
"TATCAGGCACGTTGGC-1",3
"TATCAGGGTCCGTTAA-1",1
"TATCAGGGTCTGCAAT-1",2
"TATCAGGGTTAAAGAC-1",0
"TATCAGGTCAAGATCC-1",0
"TATCAGGTCCACTCCA-1",2
"TATCAGGTCGTAGGTT-1",0
"TATCTCAAGAGTTGGC-1",1
"TATCTCAAGCCACCTG-1",2
"TATCTCAAGCGTAATA-1",0
"TATCTCAAGGCTAGCA-1",1
"TATCTCAAGTGGGCTA-1",2
"TATCTCACATGTCCTC-1",4
"TATCTCAGTAACGACG-1",0
"TATCTCAGTACCTACA-1",0
"TATCTCAGTACGACCC-1",1
"TATCTCAGTCAATGTC-1",0
"TATCTCATCAAGCCTA-1",2
"TATGCCCAGAAACCGC-1",3
"TATGCCCAGGTAGCTG-1",2
"TATGCCCCAATGGAAT-1",1
"TATGCCCCACTTAACG-1",0
"TATGCCCCATGTTCCC-1",0
"TATGCCCGTAGCCTCG-1",4
"TATGCCCGTATAGGGC-1",1
"TATGCCCGTATGAAAC-1",0
"TATGCCCGTCGCCATG-1",5
"TATGCCCGTGCCTTGG-1",3
"TATGCCCGTTAAGATG-1",3
"TATGCCCGTTGGTGGA-1",1
"TATGCCCGTTTAGGAA-1",0
"TATGCCCTCGTCTGCT-1",0
"TATTACCAGAGAGCTC-1",0
"TATTACCAGCAAATCA-1",1
"TATTACCAGCCCGAAA-1",3
"TATTACCAGTATCTCG-1",0
"TATTACCCAAAGTGCG-1",3
"TATTACCCAGACAAGC-1",0
"TATTACCCAGTCAGCC-1",0
"TATTACCCATAAAGGT-1",0
"TATTACCCATCTACGA-1",2
"TATTACCGTCCAGTAT-1",0
"TCAACGAAGCCGATTT-1",2
"TCAACGAAGCGATGAC-1",3
"TCAACGAAGGCATGTG-1",1
"TCAACGAAGTAGTGCG-1",1
"TCAACGACACCAGGCT-1",2
"TCAACGACATGCCTTC-1",0
"TCAACGAGTTACCAGT-1",0
"TCAACGAGTTCCATGA-1",5
"TCAACGAGTTCTGGTA-1",7
"TCAACGATCAGTCCCT-1",2
"TCAACGATCTGTGCAA-1",4
"TCAATCTAGATCCCGC-1",2
"TCAATCTCACAAGCCC-1",0
"TCAATCTCACAGCCCA-1",1
"TCAATCTCATGACGGA-1",1
"TCAATCTCATTTGCTT-1",1
"TCAATCTGTAGTGAAT-1",0
"TCAATCTGTTAGATGA-1",0
"TCAATCTTCAGATAAG-1",0
"TCAATCTTCATGTCCC-1",0
"TCACAAGAGACTGGGT-1",3
"TCACAAGAGAGAGCTC-1",0
"TCACAAGAGGCCCTCA-1",2
"TCACAAGAGGTGGGTT-1",0
"TCACAAGAGTAGATGT-1",0
"TCACAAGCAGTATGCT-1",0
"TCACAAGCATAACCTG-1",2
"TCACAAGCATGACATC-1",1
"TCACAAGGTCAGATAA-1",0
"TCACAAGGTGTGGTTT-1",0
"TCACAAGTCATCATTC-1",2
"TCACAAGTCATGCATG-1",1
"TCACGAAAGCTCCTTC-1",1
"TCACGAAAGGTGCTTT-1",0
"TCACGAAAGTCTCGGC-1",2
"TCACGAACACAAGACG-1",1
"TCACGAACACTGTCGG-1",0
"TCACGAAGTGGTCCGT-1",2
"TCACGAAGTTGGTGGA-1",2
"TCACGAATCATGCAAC-1",3
"TCACGAATCCCGACTT-1",0
"TCACGAATCCTCGCAT-1",1
"TCACGAATCGTCACGG-1",0
"TCAGATGAGGTGCACA-1",3
"TCAGATGGTCTTGTCC-1",0
"TCAGATGGTGCCTGCA-1",0
"TCAGATGGTGCTGTAT-1",0
"TCAGATGTCAGTTTGG-1",6
"TCAGATGTCGCATGAT-1",1
"TCAGATGTCTCCTATA-1",0
"TCAGCAAAGGAGTCTG-1",1
"TCAGCAAAGGCTCATT-1",0
"TCAGCAAAGTACGACG-1",0
"TCAGCAAAGTGGCACA-1",0
"TCAGCAACACGCATCG-1",1
"TCAGCAAGTACCGGCT-1",1
"TCAGCAATCAGCGATT-1",0
"TCAGCAATCGGAAACG-1",0
"TCAGCAATCTTCAACT-1",6
"TCAGCTCAGGTGTTAA-1",0
"TCAGCTCAGTATGACA-1",0
"TCAGCTCCAATCTGCA-1",0
"TCAGCTCCACGGTTTA-1",0
"TCAGCTCGTAATAGCA-1",4
"TCAGCTCGTCCGTCAG-1",1
"TCAGCTCGTTCACGGC-1",3
"TCAGCTCTCACGATGT-1",1
"TCAGCTCTCATGCATG-1",0
"TCAGCTCTCCTAAGTG-1",1
"TCAGCTCTCTCGTATT-1",0
"TCAGGATAGACAGAGA-1",2
"TCAGGATAGATATGGT-1",1
"TCAGGATCAAACGTGG-1",1
"TCAGGATCAAGTTCTG-1",0
"TCAGGATCACGGTGTC-1",2
"TCAGGATCACTGTGTA-1",0
"TCAGGATCAGCATACT-1",3
"TCAGGATCATCTGGTA-1",4
"TCAGGATGTAAGCACG-1",4
"TCAGGATGTGGCCCTA-1",1
"TCAGGATTCCGATATG-1",0
"TCAGGATTCTCGATGA-1",1
"TCAGGTAAGATGGCGT-1",0
"TCAGGTAAGTGTTTGC-1",0
"TCAGGTACACAAGTAA-1",2
"TCAGGTACACAGAGGT-1",0
"TCAGGTACAGCTGCTG-1",2
"TCAGGTAGTAAACGCG-1",2
"TCATTACAGAAACCAT-1",0
"TCATTACAGGAGTTGC-1",3
"TCATTACAGTTGCAGG-1",4
"TCATTACCACATCCAA-1",1
"TCATTACCAGTCAGCC-1",0
"TCATTACGTACGCACC-1",4
"TCATTACGTCTAGAGG-1",0
"TCATTACGTGAAGGCT-1",0
"TCATTACGTTCTGTTT-1",2
"TCATTACTCATCGATG-1",2
"TCATTTGAGCCAGTTT-1",1
"TCATTTGCACGTCTCT-1",0
"TCATTTGCAGTTAACC-1",1
"TCATTTGTCCAGAGGA-1",1
"TCATTTGTCCCTTGCA-1",0
"TCATTTGTCCGTCAAA-1",5
"TCATTTGTCGCTAGCG-1",1
"TCATTTGTCGTACGGC-1",1
"TCATTTGTCTCTGCTG-1",0
"TCCACACCAAAGAATC-1",0
"TCCACACCACGCCAGT-1",1
"TCCACACGTACAGCAG-1",0
"TCCACACGTAGCCTAT-1",0
"TCCACACGTCATCGGC-1",2
"TCCACACGTGACCAAG-1",0
"TCCACACGTGCGAAAC-1",0
"TCCACACTCAACACCA-1",4
"TCCACACTCCAGTATG-1",0
"TCCACACTCCCATTTA-1",0
"TCCACACTCGAACTGT-1",1
"TCCCGATAGAAGAAGC-1",0
"TCCCGATAGCACAGGT-1",0
"TCCCGATAGCCGGTAA-1",0
"TCCCGATCAAGGTTCT-1",1
"TCCCGATCAGCCAATT-1",0
"TCCCGATCATCCAACA-1",0
"TCCCGATGTAAGGATT-1",1
"TCCCGATGTCAATACC-1",1
"TCCCGATTCAGAAATG-1",0
"TCCCGATTCAGTCCCT-1",1
"TCCCGATTCATCTGTT-1",1
"TCCCGATTCCCTAATT-1",3
"TCCCGATTCTGGAGCC-1",0
"TCGAGGCAGCGATGAC-1",3
"TCGAGGCAGTGTTTGC-1",0
"TCGAGGCCAAAGAATC-1",1
"TCGAGGCCAAGTTCTG-1",0
"TCGAGGCCAGTAACGG-1",2
"TCGAGGCGTATATCCG-1",0
"TCGAGGCTCGCAAGCC-1",4
"TCGAGGCTCTTGAGAC-1",0
"TCGAGGCTCTTTCCTC-1",1
"TCGCGAGAGACAAAGG-1",1
"TCGCGAGAGTGAATTG-1",0
"TCGCGAGCAAGCGTAG-1",0
"TCGCGAGCACCGAATT-1",1
"TCGCGAGCAGTAAGAT-1",0
"TCGCGAGTCCACGAAT-1",0
"TCGCGAGTCTAGCACA-1",0
"TCGCGAGTCTCTAGGA-1",5
"TCGCGAGTCTTCATGT-1",2
"TCGCGTTAGTGGGCTA-1",0
"TCGCGTTCACAGGCCT-1",4
"TCGCGTTCATCACAAC-1",0
"TCGCGTTCATCTCGCT-1",1
"TCGCGTTGTTCACCTC-1",1
"TCGCGTTTCAAGATCC-1",2
"TCGCGTTTCAGGTAAA-1",0
"TCGCGTTTCATTCACT-1",0
"TCGCGTTTCCTGTACC-1",0
"TCGCGTTTCGCCCTTA-1",1
"TCGGGACCACACATGT-1",1
"TCGGGACTCCTTGCCA-1",1
"TCGGGACTCTGCGGCA-1",6
"TCGGGACTCTTGTCAT-1",1
"TCGGTAAAGACAGGCT-1",1
"TCGGTAAAGCTCAACT-1",2
"TCGGTAACAAGCTGAG-1",0
"TCGGTAACAGGAATGC-1",2
"TCGGTAAGTATATGGA-1",0
"TCGGTAAGTCTAGTCA-1",1
"TCGGTAATCCCGGATG-1",2
"TCGTACCAGCAGGCTA-1",5
"TCGTACCAGTTTCCTT-1",0
"TCGTACCGTTTGCATG-1",0
"TCGTACCTCGGGAGTA-1",1
"TCGTAGAAGCTAACTC-1",2
"TCGTAGAAGGCGACAT-1",3
"TCGTAGAAGGGAACGG-1",2
"TCGTAGAAGTCCATAC-1",1
"TCGTAGACAATCCAAC-1",0
"TCGTAGACACTCAGGC-1",0
"TCGTAGAGTATGAATG-1",0
"TCGTAGAGTGAGCGAT-1",2
"TCGTAGAGTGTGTGCC-1",4
"TCGTAGAGTTCAACCA-1",0
"TCGTAGAGTTCCATGA-1",0
"TCGTAGATCCAAGCCG-1",3
"TCGTAGATCTTAGCCC-1",3
"TCTATTGAGCGATTCT-1",2
"TCTATTGAGTGCCATT-1",0
"TCTATTGCACATCTTT-1",0
"TCTATTGGTAAGTGTA-1",4
"TCTATTGGTCCAACTA-1",1
"TCTATTGGTCTGCCAG-1",0
"TCTATTGGTTGCTCCT-1",1
"TCTATTGTCGGCGCTA-1",3
"TCTCATAAGCTAAACA-1",0
"TCTCATAAGCTAGTCT-1",3
"TCTCATAAGTGCCATT-1",1
"TCTCATAGTACCGGCT-1",1
"TCTCATAGTGTAAGTA-1",0
"TCTCATATCAAGCCTA-1",1
"TCTCATATCACCTTAT-1",1
"TCTCATATCCTGTACC-1",1
"TCTCTAAAGACCGGAT-1",2
"TCTCTAAAGGGTGTTG-1",2
"TCTCTAACAGCCTATA-1",2
"TCTCTAAGTCCAGTAT-1",1
"TCTCTAAGTCCATGAT-1",0
"TCTCTAAGTCTCATCC-1",0
"TCTCTAAGTGGAAAGA-1",2
"TCTCTAATCAAACCAC-1",1
"TCTCTAATCAACGCTA-1",0
"TCTCTAATCACAGGCC-1",1
"TCTCTAATCACATACG-1",0
"TCTCTAATCCGTAGGC-1",1
"TCTCTAATCGTATCAG-1",0
"TCTGAGACAAACCTAC-1",0
"TCTGAGACACGGATAG-1",0
"TCTGAGACAGAGTGTG-1",2
"TCTGAGAGTAAGGGAA-1",0
"TCTGAGATCCTTGACC-1",2
"TCTGAGATCTATCCTA-1",2
"TCTGGAAAGCGATGAC-1",2
"TCTGGAAAGCTAGTTC-1",0
"TCTGGAAAGCTCTCGG-1",0
"TCTGGAAAGGAGCGAG-1",0
"TCTGGAACACAAGACG-1",0
"TCTGGAACACACTGCG-1",4
"TCTGGAACACTTCTGC-1",4
"TCTGGAAGTGAGTATA-1",0
"TCTGGAATCTGTCTAT-1",0
"TCTTCGGAGGTTCCTA-1",0
"TCTTCGGAGTTCGATC-1",2
"TCTTCGGCAAAGCAAT-1",0
"TCTTCGGCAAAGGTGC-1",1
"TCTTCGGCAATAGCAA-1",1
"TCTTCGGCAATGTAAG-1",0
"TCTTCGGCACACCGAC-1",0
"TCTTCGGCAGCCAATT-1",4
"TCTTCGGGTCATTAGC-1",2
"TCTTCGGTCGTAGGTT-1",0
"TCTTCGGTCTCTAAGG-1",1
"TCTTTCCAGAGAGCTC-1",0
"TCTTTCCAGTCATCCA-1",1
"TCTTTCCCATCTCCCA-1",1
"TCTTTCCGTAATCACC-1",1
"TCTTTCCGTAGTACCT-1",1
"TCTTTCCTCACAACGT-1",0
"TCTTTCCTCAGCTGGC-1",3
"TCTTTCCTCCAAGTAC-1",0
"TCTTTCCTCCTCGCAT-1",2
"TGAAAGAAGCTAAGAT-1",0
"TGAAAGACAAGCCGTC-1",0
"TGAAAGACACATTCGA-1",0
"TGAAAGACATGAGCGA-1",0
"TGAAAGAGTCTAGCGC-1",2
"TGAAAGAGTCTCATCC-1",1
"TGAAAGATCCCGACTT-1",1
"TGAAAGATCTATGTGG-1",0
"TGACAACCAAGCGAGT-1",0
"TGACAACGTAGGGACT-1",6
"TGACAACGTGCGCTTG-1",2
"TGACAACGTGGTTTCA-1",0
"TGACAACTCACAAACC-1",0
"TGACAACTCCACGTGG-1",0
"TGACAACTCGAATGCT-1",1
"TGACGGCAGCGCCTCA-1",0
"TGACGGCAGGCTCAGA-1",2
"TGACGGCAGTCAAGCG-1",0
"TGACGGCCACAGACTT-1",2
"TGACGGCGTCATCCCT-1",1
"TGACGGCTCAGGCGAA-1",0
"TGACGGCTCCACTGGG-1",2
"TGACTAGAGACCCACC-1",0
"TGACTAGAGGGCATGT-1",0
"TGACTAGAGTCTCAAC-1",0
"TGACTAGAGTTGAGAT-1",0
"TGACTAGCAGCATACT-1",1
"TGACTAGCAGTCAGAG-1",2
"TGACTAGCATTTCACT-1",0
"TGACTAGGTAAATACG-1",0
"TGACTAGGTGAAAGAG-1",1
"TGACTAGGTGCAGTAG-1",0
"TGACTAGTCATGCATG-1",0
"TGACTAGTCCATGCTC-1",0
"TGACTAGTCTGTTGAG-1",0
"TGACTTTAGAACAATC-1",1
"TGACTTTAGTCTCGGC-1",1
"TGACTTTAGTTAGGTA-1",0
"TGACTTTCAGTCCTTC-1",5
"TGACTTTCATTATCTC-1",0
"TGACTTTGTCACACGC-1",1
"TGACTTTTCCTCAATT-1",0
"TGACTTTTCTGCCCTA-1",3
"TGAGAGGAGGCTCATT-1",0
"TGAGAGGCAAAGTCAA-1",0
"TGAGAGGCAAGCCATT-1",0
"TGAGAGGCACCATGTA-1",0
"TGAGAGGGTCACTGGC-1",4
"TGAGAGGGTCTAAACC-1",2
"TGAGAGGTCGAACTGT-1",1
"TGAGAGGTCGCGTTTC-1",4
"TGAGAGGTCTGACCTC-1",3
"TGAGCATAGAAACGAG-1",1
"TGAGCATAGAAGCCCA-1",0
"TGAGCATAGATGTCGG-1",6
"TGAGCATAGGAATGGA-1",1
"TGAGCATCACCAGGCT-1",2
"TGAGCATCAGATGAGC-1",0
"TGAGCATCAGCGTAAG-1",0
"TGAGCATCAGCTGTAT-1",0
"TGAGCATGTGGCCCTA-1",1
"TGAGCATTCCACGTTC-1",1
"TGAGCATTCCGATATG-1",0
"TGAGCATTCGGCCGAT-1",1
"TGAGCCGCATCGGGTC-1",4
"TGAGCCGGTCGAACAG-1",1
"TGAGCCGGTGTAATGA-1",1
"TGAGCCGGTTGATTCG-1",0
"TGAGCCGTCATCTGCC-1",1
"TGAGCCGTCGTCACGG-1",1
"TGAGCCGTCTTGAGGT-1",1
"TGAGGGAAGAGACTAT-1",1
"TGAGGGAAGGAGTACC-1",3
"TGAGGGAAGTCATCCA-1",4
"TGAGGGAAGTCATGCT-1",1
"TGAGGGACACCAGTTA-1",2
"TGAGGGACATAAGACA-1",0
"TGAGGGAGTAAACGCG-1",0
"TGAGGGAGTTAGGGTG-1",2
"TGAGGGATCAACGGGA-1",1
"TGAGGGATCTAGCACA-1",0
"TGAGGGATCTCTTATG-1",0
"TGATTTCCATCCGGGT-1",0
"TGATTTCGTAGGCATG-1",0
"TGATTTCGTTAAGACA-1",1
"TGATTTCTCTGATTCT-1",0
"TGCACCTAGACCTTTG-1",1
"TGCACCTAGGACGAAA-1",0
"TGCACCTCAAGTTGTC-1",0
"TGCACCTCAATAGAGT-1",2
"TGCACCTCATCCGGGT-1",0
"TGCACCTGTAATCACC-1",0
"TGCACCTGTCACACGC-1",0
"TGCACCTTCACGGTTA-1",2
"TGCACCTTCATCGGAT-1",1
"TGCACCTTCCGCGGTA-1",1
"TGCACCTTCGAACTGT-1",1
"TGCACCTTCTCTTGAT-1",4
"TGCCAAACAATGTAAG-1",5
"TGCCAAACAATTCCTT-1",1
"TGCCAAAGTTCGCGAC-1",0
"TGCCAAATCCAAACTG-1",0
"TGCCAAATCCCTGACT-1",0
"TGCCAAATCGGCGGTT-1",1
"TGCCCATAGACTAGGC-1",5
"TGCCCATAGCGTCAAG-1",0
"TGCCCATAGCGTGAAC-1",1
"TGCCCATAGCTGTTCA-1",0
"TGCCCATAGGATGGAA-1",3
"TGCCCATAGTACGCCC-1",1
"TGCCCATAGTTGAGTA-1",2
"TGCCCATCACCAGGTC-1",0
"TGCCCATCACGAAATA-1",1
"TGCCCATCAGGACGTA-1",0
"TGCCCATCATGGAATA-1",0
"TGCCCATCATGGATGG-1",0
"TGCCCATGTAGCCTCG-1",0
"TGCCCATTCAAACCGT-1",2
"TGCCCATTCAGGCCCA-1",1
"TGCCCATTCCTTCAAT-1",0
"TGCCCATTCGGAAATA-1",0
"TGCCCTAAGGTCGGAT-1",0
"TGCCCTAAGGTTCCTA-1",0
"TGCCCTACACCACCAG-1",1
"TGCCCTACAGCCACCA-1",1
"TGCCCTACAGTGAGTG-1",0
"TGCCCTAGTCCGAGTC-1",2
"TGCCCTAGTGGTTTCA-1",0
"TGCCCTAGTTTCGCTC-1",2
"TGCCCTATCGACGGAA-1",4
"TGCCCTATCTTCGGTC-1",2
"TGCGCAGAGACTAGGC-1",0
"TGCGCAGAGCACACAG-1",1
"TGCGCAGAGCGTCTAT-1",1
"TGCGCAGAGGAGCGAG-1",1
"TGCGCAGCAAACGTGG-1",0
"TGCGCAGCAGCTCGCA-1",3
"TGCGCAGCAGTAGAGC-1",2
"TGCGCAGTCCTACAGA-1",3
"TGCGGGTAGAGACTTA-1",0
"TGCGGGTAGATCGATA-1",2
"TGCGGGTAGCTCTCGG-1",3
"TGCGGGTAGGTGTGGT-1",2
"TGCGGGTAGTACTTGC-1",0
"TGCGGGTCAATGGAAT-1",0
"TGCGGGTCACACGCTG-1",0
"TGCGGGTCATTGGGCC-1",0
"TGCGGGTGTAGAAAGG-1",0
"TGCGGGTGTCACCTAA-1",3
"TGCGGGTGTCAGATAA-1",1
"TGCGGGTGTTAGAACA-1",0
"TGCGGGTTCAGTTCGA-1",0
"TGCGGGTTCGTAGATC-1",3
"TGCGGGTTCTCTTGAT-1",0
"TGCGTGGAGACGCAAC-1",1
"TGCGTGGAGACTGGGT-1",2
"TGCGTGGAGTGAACGC-1",0
"TGCGTGGCAATTCCTT-1",0
"TGCGTGGGTGCACCAC-1",0
"TGCGTGGTCCGCGCAA-1",2
"TGCGTGGTCGCCCTTA-1",5
"TGCGTGGTCTGGCGAC-1",0
"TGCTACCAGAAAGTGG-1",0
"TGCTACCAGATGGCGT-1",2
"TGCTACCAGCAAATCA-1",3
"TGCTACCAGTCCGTAT-1",1
"TGCTACCCAAGAGGCT-1",2
"TGCTACCCACTTAACG-1",0
"TGCTACCCATCGTCGG-1",0
"TGCTACCCATGGTTGT-1",1
"TGCTACCGTGTGACGA-1",1
"TGCTACCTCCTCGCAT-1",1
"TGCTACCTCTTCTGGC-1",0
"TGCTGCTAGACTAAGT-1",2
"TGCTGCTAGGTGATAT-1",0
"TGCTGCTCAATAGAGT-1",2
"TGCTGCTCACAGACAG-1",1
"TGCTGCTCATCCCATC-1",2
"TGCTGCTCATGGTTGT-1",0
"TGCTGCTGTCATACTG-1",0
"TGCTGCTGTGAAGGCT-1",2
"TGCTGCTTCATTGCGA-1",0
"TGGACGCAGAGGTACC-1",0
"TGGACGCAGTCAAGGC-1",0
"TGGACGCCACAGAGGT-1",0
"TGGACGCCATGGTAGG-1",1
"TGGACGCGTCCGAACC-1",0
"TGGACGCGTCTCCCTA-1",0
"TGGCCAGAGAAGGTGA-1",0
"TGGCCAGAGAGTACAT-1",1
"TGGCCAGAGGCGATAC-1",0
"TGGCCAGAGGCGTACA-1",0
"TGGCCAGCAACTGCGC-1",3
"TGGCCAGCACGACTCG-1",0
"TGGCCAGGTCAATACC-1",0
"TGGCCAGTCGTAGATC-1",0
"TGGCCAGTCTATCCCG-1",3
"TGGCGCAAGCTACCTA-1",1
"TGGCGCAAGCTATGCT-1",0
"TGGCGCAAGTGTGGCA-1",2
"TGGCGCAAGTTACCCA-1",0
"TGGCGCACACAGGCCT-1",2
"TGGCGCACACGGATAG-1",1
"TGGCGCACAGCGATCC-1",0
"TGGCGCACATAGGATA-1",0
"TGGCGCACATATACGC-1",0
"TGGCGCAGTACTCTCC-1",3
"TGGCGCAGTGGACGAT-1",0
"TGGCGCAGTTATGTGC-1",2
"TGGCGCATCAAGAAGT-1",0
"TGGCGCATCATGCTCC-1",0
"TGGCGCATCATGTGGT-1",1
"TGGCGCATCATTATCC-1",1
"TGGCGCATCGTGGTCG-1",2
"TGGCTGGAGCGGATCA-1",0
"TGGCTGGAGTGCAAGC-1",1
"TGGCTGGCAAGTTAAG-1",0
"TGGCTGGCACGGATAG-1",1
"TGGCTGGCAGGAACGT-1",0
"TGGCTGGGTCGAGTTT-1",0
"TGGCTGGGTCGGCATC-1",1
"TGGCTGGGTCTAGCCG-1",2
"TGGCTGGGTTACGCGC-1",0
"TGGCTGGGTTGGACCC-1",2
"TGGCTGGTCTCGTTTA-1",2
"TGGGAAGAGATATACG-1",0
"TGGGAAGAGCCCAATT-1",2
"TGGGAAGAGCGCTCCA-1",0
"TGGGAAGAGGGCTTCC-1",2
"TGGGAAGAGTAAGTAC-1",1
"TGGGAAGAGTTAACGA-1",0
"TGGGAAGCAAGGTGTG-1",0
"TGGGAAGCAGATCCAT-1",0
"TGGGAAGCAGCGAACA-1",0
"TGGGAAGGTAAGTTCC-1",0
"TGGGAAGGTTAGATGA-1",1
"TGGGAAGGTTATTCTC-1",0
"TGGGAAGTCCCAAGAT-1",4
"TGGGAAGTCCTTCAAT-1",0
"TGGGAAGTCGTGGACC-1",0
"TGGGAAGTCTCCTATA-1",2
"TGGGCGTAGTCTCCTC-1",0
"TGGGCGTCAGACGTAG-1",0
"TGGGCGTCAGGGATTG-1",1
"TGGGCGTGTCCAAGTT-1",0
"TGGGCGTGTCTAGAGG-1",3
"TGGGCGTGTGGCTCCA-1",0
"TGGGCGTGTTTCGCTC-1",1
"TGGGCGTTCAGCTTAG-1",0
"TGGTTAGAGCTACCTA-1",2
"TGGTTAGAGTTAGGTA-1",0
"TGGTTAGGTGATGATA-1",0
"TGGTTAGGTTCACGGC-1",3
"TGGTTAGTCCCGACTT-1",4
"TGGTTAGTCTTGTATC-1",1
"TGGTTCCAGCCGTCGT-1",0
"TGGTTCCAGTAATCCC-1",1
"TGGTTCCCAAGTTGTC-1",1
"TGGTTCCCAGACAAAT-1",0
"TGGTTCCCAGACAGGT-1",0
"TGGTTCCCAGCTCGAC-1",0
"TGGTTCCCATGTCCTC-1",0
"TGGTTCCCATTTCACT-1",0
"TGGTTCCGTCCAAGTT-1",2
"TGGTTCCTCACATACG-1",0
"TGGTTCCTCAGCTTAG-1",0
"TGGTTCCTCTAACTTC-1",1
"TGGTTCCTCTAGAGTC-1",3
"TGGTTCCTCTGGGCCA-1",2
"TGTATTCAGCCCGAAA-1",1
"TGTATTCAGCGATCCC-1",3
"TGTATTCCAGGGCATA-1",0
"TGTATTCGTAAGAGAG-1",1
"TGTATTCGTTTGTTTC-1",0
"TGTATTCTCAGCATGT-1",0
"TGTATTCTCATCTGTT-1",0
"TGTCCCAAGCAGATCG-1",0
"TGTCCCAAGCTAGTTC-1",4
"TGTCCCAAGCTGAACG-1",3
"TGTCCCAAGTTGTCGT-1",2
"TGTCCCACAGTAAGCG-1",0
"TGTCCCACATCACGTA-1",0
"TGTCCCAGTAAGAGGA-1",2
"TGTCCCAGTAAGTGGC-1",3
"TGTCCCAGTCGGATCC-1",6
"TGTCCCAGTCTCTTTA-1",0
"TGTCCCATCATTTGGG-1",3
"TGTCCCATCTGCAAGT-1",0
"TGTCCCATCTGCGTAA-1",1
"TGTGGTAGTCCCGACA-1",2
"TGTGGTAGTGTGAAAT-1",0
"TGTGGTAGTGTGACGA-1",0
"TGTGGTATCCAGGGCT-1",1
"TGTGGTATCTTGCATT-1",0
"TGTGTTTAGAGGTTAT-1",1
"TGTGTTTAGCGTGAGT-1",3
"TGTGTTTAGTGCGTGA-1",0
"TGTGTTTCATGCGCAC-1",2
"TGTGTTTTCTCATTCA-1",0
"TGTGTTTTCTTTCCTC-1",0
"TGTTCCGAGAGCAATT-1",0
"TGTTCCGAGCAACGGT-1",2
"TGTTCCGAGGAATTAC-1",1
"TGTTCCGAGGACTGGT-1",1
"TGTTCCGCAGTGAGTG-1",3
"TGTTCCGGTGAGTATA-1",1
"TGTTCCGTCAAGCCTA-1",3
"TGTTCCGTCAGTTCGA-1",0
"TGTTCCGTCGGCGGTT-1",1
"TGTTCCGTCTGAAAGA-1",2
"TGTTCCGTCTGGTATG-1",0
"TTAACTCAGTGTACGG-1",1
"TTAACTCCAAGCGCTC-1",1
"TTAACTCCAGGCAGTA-1",2
"TTAACTCGTTCCACAA-1",0
"TTAACTCTCATAAAGG-1",0
"TTAACTCTCCCTCAGT-1",3
"TTAGGACAGCAGGCTA-1",5
"TTAGGACAGCTCTCGG-1",0
"TTAGGACCAAGCCATT-1",1
"TTAGGACCAGTCAGAG-1",2
"TTAGGACGTTTGTTTC-1",0
"TTAGGCAAGAAGATTC-1",6
"TTAGGCAAGAGCCCAA-1",0
"TTAGGCAAGAGTGACC-1",0
"TTAGGCAAGGTTCCTA-1",2
"TTAGGCAAGTCGTTTG-1",0
"TTAGGCAAGTGTACCT-1",0
"TTAGGCACAGACGCTC-1",0
"TTAGGCACATGTTCCC-1",0
"TTAGGCAGTAAGGATT-1",2
"TTAGGCAGTAAGTAGT-1",1
"TTAGGCAGTCTTGATG-1",0
"TTAGGCATCACGCATA-1",1
"TTAGGCATCAGTCAGT-1",2
"TTAGGCATCCAGTATG-1",0
"TTAGGCATCGTTACGA-1",1
"TTAGTTCAGGTGCAAC-1",1
"TTAGTTCCAATGTAAG-1",0
"TTAGTTCCATCCTTGC-1",2
"TTAGTTCGTAGCCTAT-1",0
"TTAGTTCGTGCAGACA-1",2
"TTAGTTCGTGTCAATC-1",1
"TTAGTTCGTTGCCTCT-1",1
"TTAGTTCTCAGGCCCA-1",2
"TTAGTTCTCGCAGGCT-1",2
"TTAGTTCTCTACTATC-1",0
"TTATGCTAGAATGTGT-1",0
"TTATGCTAGCACACAG-1",0
"TTATGCTAGCAGCCTC-1",1
"TTATGCTAGTCCCACG-1",1
"TTATGCTAGTGGTAAT-1",1
"TTATGCTCAGCCAGAA-1",0
"TTATGCTCATACCATG-1",1
"TTATGCTCATGTAGTC-1",3
"TTATGCTGTCCGAGTC-1",2
"TTATGCTTCGATAGAA-1",4
"TTCCCAGAGAATTCCC-1",0
"TTCCCAGAGACTAGAT-1",1
"TTCCCAGAGTATCGAA-1",5
"TTCCCAGCAGATGGGT-1",3
"TTCCCAGCATCAGTAC-1",3
"TTCCCAGCATCTCCCA-1",1
"TTCCCAGCATTACCTT-1",0
"TTCCCAGTCAACACTG-1",2
"TTCCCAGTCGAGAGCA-1",0
"TTCGAAGAGTCTCAAC-1",0
"TTCGAAGCAAGCGCTC-1",3
"TTCGAAGCACATTAGC-1",1
"TTCGAAGCACGGTGTC-1",0
"TTCGGTCAGAGGACGG-1",0
"TTCGGTCAGCACACAG-1",2
"TTCGGTCAGGCCCTCA-1",2
"TTCGGTCAGTGAATTG-1",0
"TTCGGTCAGTTGAGAT-1",0
"TTCGGTCCAAGGGTCA-1",2
"TTCGGTCCACGTCAGC-1",1
"TTCGGTCGTAACGTTC-1",2
"TTCGGTCGTAGAGTGC-1",1
"TTCGGTCGTTCATGGT-1",0
"TTCGGTCGTTCTGTTT-1",2
"TTCGGTCTCAAAGACA-1",0
"TTCGGTCTCCAGTATG-1",1
"TTCGGTCTCGCGTTTC-1",1
"TTCGGTCTCGTCTGAA-1",0
"TTCTACAAGACTAAGT-1",0
"TTCTACAAGCAGCCTC-1",2
"TTCTACAAGCCTTGAT-1",1
"TTCTACAAGGCAGGTT-1",1
"TTCTACAAGGTAAACT-1",6
"TTCTACAAGTTAGGTA-1",4
"TTCTACACACGTGAGA-1",0
"TTCTACACAGCTGTTA-1",0
"TTCTACACATCGATTG-1",3
"TTCTACACATTACGAC-1",0
"TTCTACAGTACCGTTA-1",0
"TTCTACAGTATATGAG-1",0
"TTCTACAGTGGCTCCA-1",4
"TTCTACATCAACGGGA-1",0
"TTCTACATCCGCGTTT-1",2
"TTCTCAAAGAAAGTGG-1",5
"TTCTCAAAGAATCTCC-1",0
"TTCTCAAAGAGGTTAT-1",0
"TTCTCAAAGCAGCCTC-1",0
"TTCTCAAAGCCGCCTA-1",3
"TTCTCAAAGTCAATAG-1",0
"TTCTCAAAGTTGAGAT-1",0
"TTCTCAACACCCAGTG-1",0
"TTCTCAACATTGTGCA-1",0
"TTCTCAAGTATAAACG-1",2
"TTCTCAAGTCCCTTGT-1",2
"TTCTCAAGTCGAGATG-1",1
"TTCTCAATCATCGCTC-1",1
"TTCTCAATCCCTAACC-1",1
"TTCTCAATCGTAGGAG-1",3
"TTCTCCTAGAGTAAGG-1",5
"TTCTCCTAGCGACGTA-1",2
"TTCTCCTAGCGTGAGT-1",0
"TTCTCCTAGTCTCGGC-1",0
"TTCTCCTCAACACGCC-1",0
"TTCTCCTCAATAACGA-1",4
"TTCTCCTGTTAAGAAC-1",0
"TTCTCCTTCAGTTCGA-1",2
"TTCTCCTTCCGTAGGC-1",0
"TTCTCCTTCCTTTCTC-1",1
"TTCTCCTTCTGCAAGT-1",1
"TTCTCCTTCTTCAACT-1",2
"TTCTCCTTCTTGTACT-1",1
"TTCTTAGAGGACTGGT-1",2
"TTCTTAGCAAGGTGTG-1",1
"TTCTTAGCATCGGAAG-1",2
"TTCTTAGGTAGAAGGA-1",1
"TTCTTAGGTCATATGC-1",1
"TTCTTAGTCAGTTCGA-1",1
"TTGAACGGTCACTTCC-1",2
"TTGAACGTCATGTCCC-1",3
"TTGACTTAGCCACGTC-1",0
"TTGACTTAGCGACGTA-1",0
"TTGACTTAGTTAACGA-1",4
"TTGACTTCACTTACGA-1",0
"TTGACTTGTCTCTCTG-1",2
"TTGACTTGTGCGATAG-1",2
"TTGACTTTCCAGAGGA-1",1
"TTGACTTTCTGTCCGT-1",0
"TTGCCGTAGGAGCGTT-1",0
"TTGCCGTAGGTGGGTT-1",2
"TTGCCGTCATGGTCAT-1",0
"TTGCCGTGTACAGACG-1",0
"TTGCGTCAGACAGAGA-1",0
"TTGCGTCAGCTCCTTC-1",0
"TTGCGTCAGTCCATAC-1",3
"TTGCGTCAGTGAATTG-1",0
"TTGCGTCCAAATTGCC-1",1
"TTGCGTCCACTGTGTA-1",2
"TTGCGTCCAGTCACTA-1",0
"TTGCGTCGTCTGATTG-1",0
"TTGGAACAGCCCAATT-1",1
"TTGGAACAGCGTCTAT-1",0
"TTGGAACAGGCGTACA-1",2
"TTGGAACGTATTACCG-1",3
"TTGGAACGTGTGTGCC-1",0
"TTGGAACTCCCATTAT-1",0
"TTGGAACTCCGTAGTA-1",2
"TTGGAACTCGTCCAGG-1",1
"TTGGCAAAGTTAGGTA-1",2
"TTGGCAAGTATAGGTA-1",2
"TTGGCAATCACATGCA-1",0
"TTGGCAATCAGAGCTT-1",1
"TTGGCAATCGCATGAT-1",3
"TTGGCAATCTAGAGTC-1",6
"TTGTAGGAGGTGCTAG-1",2
"TTGTAGGCACACGCTG-1",0
"TTGTAGGGTCTCCCTA-1",1
"TTGTAGGGTGGTAACG-1",1
"TTGTAGGTCGGCGCTA-1",0
"TTGTAGGTCTGCCAGG-1",1
"TTTACTGAGATCACGG-1",4
"TTTACTGCAAAGCAAT-1",2
"TTTACTGCACATGGGA-1",5
"TTTACTGCACCACGTG-1",0
"TTTACTGCATGGGACA-1",1
"TTTACTGCATGTCCTC-1",0
"TTTACTGGTAACGTTC-1",2
"TTTACTGGTGGTGTAG-1",2
"TTTACTGGTTCGCTAA-1",1
"TTTACTGTCTGGAGCC-1",0
"TTTATGCAGACTGTAA-1",0
"TTTATGCAGATGCGAC-1",0
"TTTATGCAGGCAAAGA-1",1
"TTTATGCAGGCCCGTT-1",0
"TTTATGCAGTTCCACA-1",9
"TTTATGCCAAACGCGA-1",0
"TTTATGCCAATCTGCA-1",3
"TTTATGCCACAGGTTT-1",0
"TTTATGCCAGCCAATT-1",0
"TTTATGCCAGGTCGTC-1",0
"TTTATGCCATGGTCAT-1",1
"TTTATGCTCACATAGC-1",0
"TTTATGCTCACCTTAT-1",1
"TTTATGCTCGGCGGTT-1",0
"TTTATGCTCTCGCTTG-1",2
"TTTCCTCAGCGTGAAC-1",0
"TTTCCTCAGGACTGGT-1",0
"TTTCCTCCAAAGTGCG-1",1
"TTTCCTCCAGGAATGC-1",0
"TTTCCTCCATTAGCCA-1",1
"TTTCCTCGTCCGAAGA-1",5
"TTTCCTCGTCGCTTTC-1",1
"TTTCCTCTCGGCCGAT-1",3
"TTTCCTCTCGTGTAGT-1",1
"TTTGCGCAGCTAAACA-1",4
"TTTGCGCAGCTAGTCT-1",1
"TTTGCGCAGGCCGAAT-1",2
"TTTGCGCAGTCAAGGC-1",0
"TTTGCGCCAAGTAGTA-1",0
"TTTGCGCCAGGTGCCT-1",3
"TTTGCGCGTCTAAACC-1",1
"TTTGCGCTCAAAGTAG-1",0
"TTTGCGCTCATGTAGC-1",0
"TTTGGTTAGAATGTGT-1",0
"TTTGGTTAGACAATAC-1",1
"TTTGGTTAGCGATTCT-1",6
"TTTGGTTAGGCTCAGA-1",0
"TTTGGTTAGTTACCCA-1",0
"TTTGGTTCAAACTGCT-1",1
"TTTGGTTCAAGCTGTT-1",6
"TTTGGTTCAGATCGGA-1",3
"TTTGGTTCATCACAAC-1",2
"TTTGGTTGTACTTCTT-1",4
"TTTGGTTGTATGCTTG-1",2
"TTTGGTTGTGCTTCTC-1",0
"TTTGGTTTCATGCTCC-1",1
"TTTGGTTTCCCTGACT-1",1
"TTTGTCAAGAGTCGGT-1",4
"TTTGTCACAAGTTCTG-1",2
"TTTGTCACAAGTTGTC-1",0
"TTTGTCACACTCTGTC-1",0
"TTTGTCATCACCTTAT-1",0
"TTTGTCATCCATTCTA-1",0
"TTTGTCATCCTTAATC-1",0
"TTTGTCATCTTATCTG-1",1
