"cell_barcode","expression"
"AAACCTGAGACAGAGA-1",5
"AAACCTGAGACTTTCG-1",3
"AAACCTGAGAGTAAGG-1",6
"AAACCTGAGAGTCGGT-1",3
"AAACCTGAGGATGGAA-1",0
"AAACCTGAGTAGATGT-1",6
"AAACCTGCAATCAGAA-1",4
"AAACCTGCACCGATAT-1",4
"AAACCTGCAGACGTAG-1",4
"AAACCTGCAGTATCTG-1",0
"AAACCTGCATAGTAAG-1",0
"AAACCTGCATGAACCT-1",1
"AAACCTGGTAAGAGGA-1",8
"AAACCTGGTCCAACTA-1",3
"AAACCTGTCCGTAGTA-1",1
"AAACCTGTCGAGAGCA-1",5
"AAACGGGAGTACGACG-1",2
"AAACGGGCAAGGTTTC-1",4
"AAACGGGCACGTCAGC-1",5
"AAACGGGCAGCGTTCG-1",7
"AAACGGGGTAGCCTCG-1",4
"AAACGGGGTCTACCTC-1",0
"AAACGGGGTGCGGTAA-1",3
"AAACGGGGTTGTCGCG-1",11
"AAACGGGTCCATGAGT-1",0
"AAACGGGTCCCAACGG-1",3
"AAACGGGTCCCATTAT-1",9
"AAAGATGCAGTCAGCC-1",7
"AAAGATGCATCTACGA-1",1
"AAAGCAAAGCGTCTAT-1",3
"AAAGCAACATGTCGAT-1",7
"AAAGCAAGTAGCTGCC-1",5
"AAAGCAAGTAGGCATG-1",2
"AAAGCAAGTGCGCTTG-1",3
"AAAGCAAGTTATTCTC-1",0
"AAAGCAATCCGTAGTA-1",15
"AAAGTAGAGATGTGTA-1",2
"AAAGTAGAGTGGGCTA-1",1
"AAAGTAGGTATATGGA-1",3
"AAAGTAGGTGAGCGAT-1",4
"AAAGTAGGTTGAGGTG-1",1
"AAATGCCAGCCCTAAT-1",5
"AAATGCCAGCGTGTCC-1",7
"AAATGCCCAACACCTA-1",10
"AAATGCCGTAGGAGTC-1",9
"AAATGCCGTCTTTCAT-1",0
"AAATGCCGTGGTCCGT-1",4
"AAATGCCGTTCCCGAG-1",3
"AAATGCCTCATAGCAC-1",8
"AAATGCCTCGCTTAGA-1",17
"AACACGTAGAATTCCC-1",1
"AACACGTAGCCCTAAT-1",6
"AACACGTAGGGTGTGT-1",8
"AACACGTCACTGTCGG-1",0
"AACACGTCATCCCATC-1",8
"AACACGTGTGCAACGA-1",1
"AACACGTGTGTCGCTG-1",9
"AACCATGAGCGCTTAT-1",1
"AACCATGGTCCGTTAA-1",5
"AACCATGTCAGTTCGA-1",5
"AACCATGTCATCGATG-1",4
"AACCATGTCCCAAGTA-1",3
"AACCGCGAGAAGCCCA-1",7
"AACCGCGAGACTGGGT-1",5
"AACCGCGAGAGGTACC-1",0
"AACCGCGAGTTAGGTA-1",4
"AACCGCGAGTTGCAGG-1",2
"AACCGCGCACGGTAGA-1",1
"AACCGCGCAGCATGAG-1",1
"AACCGCGCAGCCTGTG-1",2
"AACCGCGCAGCTGTGC-1",0
"AACCGCGCAGTATGCT-1",10
"AACCGCGGTACTTGAC-1",7
"AACCGCGGTCTGCAAT-1",6
"AACCGCGTCACATGCA-1",4
"AACCGCGTCACCGTAA-1",0
"AACCGCGTCCAGAGGA-1",1
"AACCGCGTCCGAAGAG-1",1
"AACCGCGTCGATCCCT-1",0
"AACGTTGAGCGATAGC-1",0
"AACGTTGAGCGATCCC-1",1
"AACGTTGAGCTTATCG-1",2
"AACGTTGCAAGTTGTC-1",5
"AACGTTGCAATAGAGT-1",6
"AACGTTGCAATGGATA-1",7
"AACGTTGCATGGATGG-1",4
"AACGTTGCATTCTCAT-1",2
"AACGTTGTCAACACGT-1",40
"AACGTTGTCGAGGTAG-1",7
"AACGTTGTCGGTCCGA-1",10
"AACTCAGAGAGCTATA-1",0
"AACTCAGAGAGTCGGT-1",2
"AACTCAGAGCCACCTG-1",0
"AACTCAGAGCCCAATT-1",0
"AACTCAGCAAACAACA-1",4
"AACTCAGCACAAGCCC-1",0
"AACTCAGCACGGTTTA-1",10
"AACTCAGCAGGATCGA-1",9
"AACTCAGCATAAAGGT-1",5
"AACTCAGGTTCCACAA-1",9
"AACTCAGTCGTACCGG-1",0
"AACTCCCAGCCCAGCT-1",3
"AACTCCCAGCTAAGAT-1",11
"AACTCCCCAAACGCGA-1",0
"AACTCCCCATGGTCTA-1",9
"AACTCCCGTTGCGCAC-1",2
"AACTCCCTCAAGAAGT-1",12
"AACTCCCTCAAGCCTA-1",6
"AACTCCCTCATCGCTC-1",7
"AACTCCCTCTGCAGTA-1",7
"AACTCCCTCTGGCGTG-1",3
"AACTCTTAGCAGACTG-1",13
"AACTCTTAGTCCGGTC-1",0
"AACTCTTCATGCTAGT-1",1
"AACTCTTGTCGAATCT-1",2
"AACTCTTGTCGGGTCT-1",4
"AACTCTTTCCTCAATT-1",1
"AACTCTTTCTCAAACG-1",3
"AACTCTTTCTCCAGGG-1",17
"AACTCTTTCTCTGCTG-1",6
"AACTGGTAGAAGATTC-1",0
"AACTGGTAGAGACTAT-1",3
"AACTGGTAGCCAACAG-1",0
"AACTGGTAGTGTACTC-1",1
"AACTGGTCACTGAAGG-1",2
"AACTGGTGTCCGAACC-1",3
"AACTGGTTCGGAGCAA-1",4
"AACTGGTTCGTGGGAA-1",0
"AACTGGTTCTGCTTGC-1",0
"AACTTTCAGCGTGAAC-1",0
"AACTTTCAGTATCTCG-1",2
"AACTTTCAGTTTCCTT-1",6
"AACTTTCCATCCTTGC-1",2
"AACTTTCGTCTAGAGG-1",0
"AACTTTCGTCTCTTTA-1",5
"AACTTTCGTTTGTTTC-1",0
"AAGACCTAGGGCTTCC-1",1
"AAGACCTAGTACACCT-1",6
"AAGACCTGTATATGAG-1",3
"AAGACCTGTATCAGTC-1",2
"AAGACCTGTCCGTGAC-1",11
"AAGACCTGTCGAAAGC-1",6
"AAGACCTTCGCCATAA-1",3
"AAGCCGCAGATCTGAA-1",14
"AAGCCGCAGGGTGTTG-1",2
"AAGCCGCAGTGGACGT-1",5
"AAGCCGCAGTGTACTC-1",4
"AAGCCGCCACGCTTTC-1",0
"AAGCCGCCAGGACGTA-1",8
"AAGCCGCGTACAGTTC-1",13
"AAGCCGCGTCATTAGC-1",11
"AAGCCGCTCACGAAGG-1",9
"AAGCCGCTCAGTTAGC-1",0
"AAGCCGCTCGCAAACT-1",0
"AAGCCGCTCGTCGTTC-1",10
"AAGCCGCTCTTACCGC-1",16
"AAGGAGCAGAAACCGC-1",2
"AAGGAGCAGGCATGTG-1",18
"AAGGAGCAGGCGCTCT-1",6
"AAGGAGCAGTTGAGTA-1",5
"AAGGAGCCACGGCGTT-1",11
"AAGGAGCGTAGCGCAA-1",0
"AAGGAGCGTCTGCAAT-1",0
"AAGGAGCTCGTCTGCT-1",0
"AAGGCAGAGAACTGTA-1",6
"AAGGCAGAGAGATGAG-1",0
"AAGGCAGAGGTGATAT-1",1
"AAGGCAGCATAGTAAG-1",4
"AAGGCAGGTACTTCTT-1",0
"AAGGCAGGTGTGCCTG-1",6
"AAGGCAGTCAGATAAG-1",1
"AAGGCAGTCGGAATCT-1",0
"AAGGTTCAGTATCTCG-1",1
"AAGGTTCCATCACGTA-1",6
"AAGGTTCGTATATGGA-1",9
"AAGGTTCGTCCGAATT-1",6
"AAGGTTCGTCGACTAT-1",8
"AAGGTTCGTGTGACCC-1",0
"AAGGTTCTCCGTCATC-1",2
"AAGGTTCTCCTCGCAT-1",15
"AAGGTTCTCTGCGGCA-1",12
"AAGTCTGAGCCATCGC-1",0
"AAGTCTGAGTCAAGCG-1",1
"AAGTCTGCAAAGGAAG-1",0
"AAGTCTGGTCAGCTAT-1",12
"AAGTCTGTCAAACAAG-1",2
"AAGTCTGTCACTGGGC-1",8
"AAGTCTGTCAGCAACT-1",7
"AATCCAGCAAAGTGCG-1",8
"AATCCAGCAGCATACT-1",10
"AATCCAGGTAGGCATG-1",0
"AATCCAGGTCTCCCTA-1",1
"AATCCAGTCCGAATGT-1",6
"AATCGGTAGGCATGGT-1",14
"AATCGGTTCCTGTACC-1",7
"AATCGGTTCGCCGTGA-1",21
"ACACCAAAGATGAGAG-1",10
"ACACCAAAGCCCTAAT-1",10
"ACACCAAAGGATGGTC-1",1
"ACACCAAAGTGTCCAT-1",4
"ACACCAACACTTCGAA-1",3
"ACACCAACAGACGCTC-1",1
"ACACCAACAGCCTATA-1",2
"ACACCAAGTCGCGTGT-1",3
"ACACCAAGTCTAAACC-1",0
"ACACCAAGTTATGTGC-1",0
"ACACCAATCGCGTTTC-1",2
"ACACCCTAGCCAGGAT-1",2
"ACACCCTAGTACTTGC-1",4
"ACACCCTCAAGCGCTC-1",0
"ACACCCTCATCACAAC-1",5
"ACACCCTCATGCCCGA-1",0
"ACACCCTGTCTGGTCG-1",4
"ACACCCTTCCGCAAGC-1",7
"ACACCCTTCCTTGCCA-1",6
"ACACCCTTCTATCCTA-1",5
"ACACCCTTCTGGCGTG-1",2
"ACACCGGAGGCTCAGA-1",1
"ACACCGGAGTGACATA-1",0
"ACACCGGAGTTACCCA-1",0
"ACACCGGCAAGCCGTC-1",0
"ACACCGGCACCAGATT-1",14
"ACACCGGCACCGAAAG-1",2
"ACACCGGCATCACAAC-1",8
"ACACCGGTCCGCATAA-1",2
"ACACCGGTCTCGGACG-1",1
"ACACCGGTCTCTGTCG-1",7
"ACACTGAAGCACGCCT-1",2
"ACACTGAAGGTGATTA-1",8
"ACACTGACAATAGAGT-1",2
"ACACTGACAGACTCGC-1",1
"ACACTGACATCCAACA-1",1
"ACACTGAGTCCGAAGA-1",5
"ACACTGAGTGTTTGTG-1",11
"ACACTGAGTTTGACTG-1",1
"ACAGCCGAGGAATGGA-1",5
"ACAGCCGAGGCCCGTT-1",1
"ACAGCCGAGGTGCTTT-1",6
"ACAGCCGAGTGGTAGC-1",5
"ACAGCCGCATATACGC-1",6
"ACAGCCGCATGCAACT-1",0
"ACAGCCGGTAGGGTAC-1",3
"ACAGCCGGTCGAATCT-1",3
"ACAGCCGGTTCACCTC-1",0
"ACAGCCGGTTCCACTC-1",5
"ACAGCCGTCCAGAAGG-1",2
"ACAGCCGTCTTTACAC-1",8
"ACAGCTAAGCACCGCT-1",3
"ACAGCTAAGTATCTCG-1",2
"ACAGCTAAGTGTTGAA-1",7
"ACAGCTACATCGTCGG-1",2
"ACAGCTAGTCGACTAT-1",8
"ACAGCTAGTGGTACAG-1",2
"ACAGCTATCACCACCT-1",3
"ACAGCTATCTGCTTGC-1",4
"ACATACGAGAGCTTCT-1",0
"ACATACGAGCGTAGTG-1",5
"ACATACGAGCTTCGCG-1",2
"ACATACGAGCTTTGGT-1",2
"ACATACGCAAACGTGG-1",2
"ACATACGCAAGCCTAT-1",11
"ACATACGCATCTCCCA-1",5
"ACATACGCATTCTCAT-1",0
"ACATACGGTAGGAGTC-1",2
"ACATACGGTGCACCAC-1",6
"ACATACGGTGGTTTCA-1",4
"ACATACGTCGTATCAG-1",8
"ACATCAGAGCCACTAT-1",0
"ACATCAGAGCCTTGAT-1",4
"ACATCAGCAACACCCG-1",7
"ACATCAGCAACGATGG-1",3
"ACATCAGCAATTGCTG-1",0
"ACATCAGCACCGGAAA-1",0
"ACATCAGCATAAAGGT-1",2
"ACATCAGCATCCCACT-1",9
"ACATCAGCATTTGCCC-1",25
"ACATCAGGTAAGGATT-1",5
"ACATCAGGTCCGTGAC-1",18
"ACATCAGGTTAAGTAG-1",2
"ACATCAGTCAAACCGT-1",5
"ACATGGTAGCATGGCA-1",11
"ACATGGTAGCTGTTCA-1",0
"ACATGGTCACTTGGAT-1",0
"ACATGGTGTCAGATAA-1",6
"ACATGGTGTCTGCGGT-1",1
"ACATGGTGTGCAACTT-1",1
"ACATGGTTCCGCAAGC-1",10
"ACATGGTTCCTCCTAG-1",16
"ACATGGTTCTGGAGCC-1",6
"ACATGGTTCTTCTGGC-1",4
"ACCAGTAAGATCACGG-1",1
"ACCAGTAAGCTTCGCG-1",2
"ACCAGTACACAGATTC-1",5
"ACCAGTACACAGGCCT-1",2
"ACCAGTACAGTATGCT-1",5
"ACCAGTACAGTCAGAG-1",11
"ACCAGTACAGTTTACG-1",15
"ACCAGTAGTCACCCAG-1",2
"ACCAGTAGTCCATCCT-1",3
"ACCAGTAGTCTTCAAG-1",2
"ACCAGTAGTGGACGAT-1",6
"ACCAGTATCTGCGACG-1",3
"ACCAGTATCTGCTTGC-1",4
"ACCAGTATCTGTTTGT-1",4
"ACCCACTAGAGGTTAT-1",9
"ACCCACTAGATCCCGC-1",8
"ACCCACTAGATGTGTA-1",15
"ACCCACTAGCCCAATT-1",8
"ACCCACTCAAGGGTCA-1",2
"ACCCACTCAAGGTTCT-1",10
"ACCCACTGTAAATGAC-1",1
"ACCCACTGTAGCCTCG-1",3
"ACCCACTGTCAAAGAT-1",2
"ACCCACTGTCAATACC-1",1
"ACCCACTGTGTGGTTT-1",5
"ACCCACTTCGCAAACT-1",8
"ACCCACTTCTGCCAGG-1",4
"ACCGTAACAATCGGTT-1",3
"ACCGTAACAATCTACG-1",11
"ACCGTAACAGGTCCAC-1",7
"ACCGTAAGTACAGCAG-1",9
"ACCGTAAGTCATGCAT-1",2
"ACCGTAAGTGAGTGAC-1",4
"ACCGTAAGTTAAGAAC-1",11
"ACCGTAAGTTCCGTCT-1",2
"ACCGTAATCACATAGC-1",9
"ACCGTAATCATGTGGT-1",4
"ACCGTAATCTGAAAGA-1",9
"ACCTTTACAATCGGTT-1",1
"ACCTTTACACGGACAA-1",0
"ACCTTTACAGCAGTTT-1",1
"ACCTTTACATGCAACT-1",3
"ACCTTTACATTTCAGG-1",9
"ACCTTTAGTGAACCTT-1",2
"ACCTTTAGTTCCACTC-1",8
"ACCTTTATCTCTAGGA-1",5
"ACGAGCCAGGCAGGTT-1",0
"ACGAGCCCACAGGCCT-1",8
"ACGAGCCCATGGAATA-1",5
"ACGAGCCGTGCACGAA-1",10
"ACGAGCCGTGTGACCC-1",1
"ACGAGCCGTTGGTTTG-1",0
"ACGAGCCTCAGTCCCT-1",2
"ACGAGCCTCGCAAACT-1",4
"ACGAGGACACTACAGT-1",2
"ACGAGGACATGTAGTC-1",5
"ACGAGGAGTACACCGC-1",9
"ACGAGGAGTGCCTGCA-1",3
"ACGAGGAGTTCTGAAC-1",9
"ACGAGGATCTGCGGCA-1",9
"ACGATACAGAGTGACC-1",1
"ACGATACAGCGCCTTG-1",6
"ACGATACAGTGATCGG-1",1
"ACGATACCACGTTGGC-1",1
"ACGATACCATTGGGCC-1",0
"ACGATACGTCGAATCT-1",6
"ACGATACTCTGACCTC-1",11
"ACGATGTAGTGCGATG-1",0
"ACGATGTAGTTGAGAT-1",1
"ACGATGTCAACGCACC-1",3
"ACGATGTCACACGCTG-1",1
"ACGATGTGTATTCTCT-1",7
"ACGATGTGTCAGTGGA-1",3
"ACGATGTGTGACTACT-1",5
"ACGATGTGTGTCGCTG-1",2
"ACGATGTTCGCGTAGC-1",0
"ACGATGTTCTCTTATG-1",4
"ACGCAGCAGCGGCTTC-1",5
"ACGCAGCAGCTGCGAA-1",11
"ACGCAGCAGTGTACGG-1",5
"ACGCAGCCACCTCGTT-1",2
"ACGCAGCCATCGACGC-1",2
"ACGCAGCCATTACCTT-1",4
"ACGCAGCGTCCATGAT-1",5
"ACGCAGCGTCTACCTC-1",1
"ACGCAGCGTCTGGTCG-1",7
"ACGCAGCGTGCGATAG-1",6
"ACGCCAGCAAAGCAAT-1",6
"ACGCCAGCAACGCACC-1",1
"ACGCCAGCACGAGAGT-1",5
"ACGCCAGCAGTGAGTG-1",0
"ACGCCAGGTGCACTTA-1",6
"ACGCCAGGTGTGCGTC-1",4
"ACGCCAGTCACAGGCC-1",10
"ACGCCAGTCAGTGTTG-1",3
"ACGCCGAAGAAACGCC-1",5
"ACGCCGAAGATCTGCT-1",4
"ACGCCGACAGCCTGTG-1",5
"ACGCCGAGTTCCAACA-1",4
"ACGCCGATCCTATGTT-1",12
"ACGCCGATCGCAGGCT-1",3
"ACGCCGATCTTGTATC-1",1
"ACGGAGAAGCCAGTTT-1",0
"ACGGAGAAGGTCATCT-1",0
"ACGGAGACACACATGT-1",8
"ACGGAGACAGCCTGTG-1",6
"ACGGAGACAGCGTAAG-1",5
"ACGGAGACAGTAAGCG-1",5
"ACGGAGAGTGTGACGA-1",2
"ACGGAGATCCACGAAT-1",3
"ACGGCCACACATCCAA-1",4
"ACGGCCACACATTCGA-1",17
"ACGGCCAGTACCGTAT-1",0
"ACGGCCAGTGTATGGG-1",3
"ACGGCCATCACGGTTA-1",1
"ACGGCCATCAGTGTTG-1",0
"ACGGCCATCTACTATC-1",1
"ACGGGCTAGGATCGCA-1",11
"ACGGGCTAGGTTCCTA-1",4
"ACGGGCTAGTGGCACA-1",7
"ACGGGCTCATCTGGTA-1",1
"ACGGGCTGTGAGGCTA-1",6
"ACGGGCTTCCGAACGC-1",0
"ACGGGTCAGATGCCAG-1",1
"ACGGGTCCATGATCCA-1",0
"ACGGGTCCATTAGGCT-1",0
"ACGGGTCCATTTCACT-1",0
"ACGGGTCGTTAGGGTG-1",2
"ACGGGTCTCAACACCA-1",9
"ACGGGTCTCCACGCAG-1",0
"ACGTCAAAGGGCTTCC-1",0
"ACGTCAAAGTGGTAAT-1",1
"ACGTCAACAACTGCGC-1",2
"ACGTCAACACAAGACG-1",7
"ACGTCAAGTAGCTCCG-1",3
"ACGTCAAGTGTCGCTG-1",22
"ACGTCAAGTTATGCGT-1",2
"ACGTCAATCAACCAAC-1",1
"ACGTCAATCATAACCG-1",0
"ACGTCAATCCAGAAGG-1",6
"ACGTCAATCTAACTCT-1",4
"ACTATCTAGAGGTTAT-1",2
"ACTATCTAGATACACA-1",7
"ACTATCTAGGAGTAGA-1",2
"ACTATCTAGGCATGTG-1",3
"ACTATCTCAAATACAG-1",2
"ACTATCTCAAATTGCC-1",0
"ACTATCTGTAGGGACT-1",8
"ACTATCTGTCGCGTGT-1",8
"ACTATCTGTGCACGAA-1",0
"ACTATCTGTGGTTTCA-1",3
"ACTATCTTCGCCGTGA-1",1
"ACTGAACAGAGTGAGA-1",5
"ACTGAACAGATCCCGC-1",2
"ACTGAACAGGTGATAT-1",2
"ACTGAACCAAAGCGGT-1",6
"ACTGAACCAAGCGAGT-1",0
"ACTGAACCAATTCCTT-1",5
"ACTGAACCAGCTGGCT-1",2
"ACTGAACCAGTCTTCC-1",2
"ACTGAACCATTACCTT-1",5
"ACTGAACGTAAGCACG-1",12
"ACTGAACGTAATCGTC-1",2
"ACTGAACGTCCAGTAT-1",6
"ACTGAACGTCTGATCA-1",4
"ACTGAACTCCCACTTG-1",12
"ACTGAGTAGCCGGTAA-1",2
"ACTGAGTCAGTGGGAT-1",1
"ACTGAGTCATTTGCCC-1",5
"ACTGAGTGTAGAGCTG-1",6
"ACTGAGTGTTGTGGCC-1",4
"ACTGAGTTCAGGTTCA-1",3
"ACTGATGAGACAGACC-1",3
"ACTGATGAGCGGATCA-1",4
"ACTGATGAGGTGCTTT-1",13
"ACTGATGCAGCAGTTT-1",5
"ACTGATGCATCACAAC-1",10
"ACTGATGGTCATGCAT-1",1
"ACTGATGTCACAATGC-1",5
"ACTGATGTCACTCCTG-1",10
"ACTGATGTCCCTGACT-1",1
"ACTGATGTCCGCTGTT-1",4
"ACTGATGTCCGGCACA-1",6
"ACTGATGTCCTATTCA-1",13
"ACTGCTCAGAGCTTCT-1",5
"ACTGCTCAGATGCCTT-1",3
"ACTGCTCCACACCGCA-1",12
"ACTGCTCCAGATGGGT-1",3
"ACTGCTCCATGCCTAA-1",9
"ACTGCTCGTAGGCATG-1",2
"ACTGCTCGTATCACCA-1",0
"ACTGCTCGTCCGAAGA-1",10
"ACTGCTCTCCGAGCCA-1",11
"ACTGTCCAGAGGGCTT-1",2
"ACTGTCCAGCAGCGTA-1",5
"ACTGTCCAGGCATGGT-1",3
"ACTGTCCCAAGGTTTC-1",4
"ACTGTCCCAAGTACCT-1",2
"ACTGTCCCAGTATCTG-1",1
"ACTGTCCCATAGAAAC-1",8
"ACTGTCCGTTGAGGTG-1",6
"ACTGTCCTCCACGTGG-1",12
"ACTGTCCTCCTTGGTC-1",0
"ACTGTCCTCTCTGTCG-1",2
"ACTTACTAGCGATAGC-1",1
"ACTTACTAGGGATGGG-1",0
"ACTTACTCACAGACAG-1",1
"ACTTACTCACATTTCT-1",2
"ACTTACTGTACTCAAC-1",2
"ACTTACTGTTCCACAA-1",3
"ACTTACTTCATCGGAT-1",0
"ACTTGTTAGACAAGCC-1",4
"ACTTGTTAGCTAGCCC-1",1
"ACTTGTTAGTTACCCA-1",1
"ACTTGTTCACGACGAA-1",2
"ACTTGTTCACGGCTAC-1",6
"ACTTGTTGTATCGCAT-1",3
"ACTTGTTGTGGTAACG-1",5
"ACTTGTTGTTGTGGAG-1",8
"ACTTGTTTCATCACCC-1",5
"ACTTTCACATGGTCAT-1",10
"ACTTTCAGTGACTACT-1",11
"ACTTTCATCGCCAGCA-1",0
"AGAATAGAGCTGAACG-1",3
"AGAATAGAGCTGTCTA-1",6
"AGAATAGAGGTAGCTG-1",4
"AGAATAGCATGGTCTA-1",3
"AGAATAGGTAATCGTC-1",0
"AGAATAGGTATTCTCT-1",10
"AGAATAGGTGCGGTAA-1",0
"AGAATAGGTTAAGAAC-1",4
"AGAATAGTCAGGCCCA-1",8
"AGACGTTAGAATGTGT-1",4
"AGACGTTAGCTCCTCT-1",13
"AGACGTTAGTGCCAGA-1",8
"AGACGTTCAGGATCGA-1",4
"AGACGTTGTAGCTGCC-1",9
"AGACGTTGTCTGCAAT-1",0
"AGACGTTGTTCTGTTT-1",3
"AGACGTTTCGCATGGC-1",12
"AGACGTTTCGCTTAGA-1",4
"AGAGCGACAACTTGAC-1",7
"AGAGCGACAAGTACCT-1",0
"AGAGCGACACAACGTT-1",8
"AGAGCGACATGAGCGA-1",1
"AGAGCGAGTCAGTGGA-1",0
"AGAGCGAGTCGACTGC-1",4
"AGAGCGAGTTGAGTTC-1",2
"AGAGCGATCGCGTAGC-1",3
"AGAGCGATCTATCCTA-1",2
"AGAGCGATCTCGCTTG-1",2
"AGAGCTTAGCCGTCGT-1",6
"AGAGCTTAGTACACCT-1",6
"AGAGCTTAGTCATGCT-1",1
"AGAGCTTGTAGAGCTG-1",7
"AGAGCTTGTATCACCA-1",2
"AGAGCTTTCACTATTC-1",10
"AGAGCTTTCCTGCAGG-1",3
"AGAGCTTTCGCAAACT-1",0
"AGAGCTTTCGCTTAGA-1",6
"AGAGTGGAGAGCCTAG-1",2
"AGAGTGGAGGCCCTTG-1",3
"AGAGTGGAGGTACTCT-1",5
"AGAGTGGCACAAGACG-1",3
"AGAGTGGCACCTCGTT-1",5
"AGAGTGGCATCCGGGT-1",0
"AGAGTGGCATCTGGTA-1",1
"AGAGTGGGTCAGCTAT-1",9
"AGAGTGGGTCCTCCAT-1",7
"AGAGTGGGTCTAGTCA-1",3
"AGAGTGGGTTACCGAT-1",12
"AGATCTGAGGTGGGTT-1",4
"AGATCTGAGTCAAGGC-1",0
"AGATCTGCAATGTTGC-1",7
"AGATCTGTCGAATCCA-1",3
"AGATCTGTCTGCAGTA-1",4
"AGATTGCAGGCTACGA-1",3
"AGATTGCCACGACGAA-1",4
"AGATTGCCAGATGGGT-1",1
"AGATTGCGTAGAGCTG-1",5
"AGATTGCGTGATGTCT-1",0
"AGATTGCGTGTTCGAT-1",2
"AGATTGCGTTCACGGC-1",5
"AGATTGCTCACTGGGC-1",2
"AGATTGCTCATCTGTT-1",5
"AGCAGCCAGCTGATAA-1",1
"AGCAGCCCACCGAAAG-1",0
"AGCAGCCGTCGACTGC-1",2
"AGCAGCCGTCGCTTTC-1",8
"AGCAGCCGTCTAACGT-1",3
"AGCAGCCGTGTGAAAT-1",10
"AGCAGCCGTTTGTTGG-1",4
"AGCAGCCTCCAAACAC-1",6
"AGCATACAGTGGTAGC-1",2
"AGCATACAGTTGTCGT-1",7
"AGCATACGTCTTCTCG-1",5
"AGCATACGTTAAGTAG-1",12
"AGCATACTCCGTTGCT-1",2
"AGCCTAAAGATATGGT-1",3
"AGCCTAACAAAGCGGT-1",3
"AGCCTAACAGATAATG-1",3
"AGCCTAAGTACGAAAT-1",10
"AGCCTAAGTCACCTAA-1",0
"AGCCTAAGTGTGCCTG-1",2
"AGCCTAATCACCCGAG-1",10
"AGCCTAATCCAATGGT-1",0
"AGCCTAATCCTTGGTC-1",8
"AGCCTAATCTGTGCAA-1",9
"AGCCTAATCTGTTTGT-1",7
"AGCGGTCAGCGAAGGG-1",1
"AGCGGTCAGGTACTCT-1",4
"AGCGGTCAGTGACTCT-1",5
"AGCGGTCCAGCCTTGG-1",2
"AGCGGTCGTCCTAGCG-1",11
"AGCGGTCGTGGTGTAG-1",1
"AGCGGTCGTTAAGGGC-1",3
"AGCGGTCGTTTGCATG-1",2
"AGCGGTCTCCGAAGAG-1",0
"AGCGGTCTCCTCAATT-1",15
"AGCGGTCTCTGGGCCA-1",9
"AGCGTATAGAACTGTA-1",5
"AGCGTATAGCGATGAC-1",7
"AGCGTATAGGTACTCT-1",1
"AGCGTATGTTGAGGTG-1",0
"AGCGTATTCCAGAGGA-1",1
"AGCGTCGAGTTGAGTA-1",0
"AGCGTCGCAGGGATTG-1",7
"AGCGTCGTCTGAAAGA-1",3
"AGCTCCTAGACCTAGG-1",3
"AGCTCCTAGCGTTTAC-1",7
"AGCTCCTGTGTTTGTG-1",2
"AGCTCCTGTTGTCTTT-1",1
"AGCTCCTTCCGAATGT-1",1
"AGCTCCTTCTTGACGA-1",5
"AGCTCTCAGCGGATCA-1",0
"AGCTCTCAGCTGTTCA-1",24
"AGCTCTCAGGTGCTAG-1",8
"AGCTCTCCATACAGCT-1",4
"AGCTCTCGTCAGAGGT-1",4
"AGCTCTCGTGGGTCAA-1",2
"AGCTCTCTCACAACGT-1",7
"AGCTCTCTCTTGACGA-1",4
"AGCTTGAAGCATCATC-1",2
"AGCTTGAAGTAGCGGT-1",11
"AGCTTGAAGTTGTCGT-1",0
"AGCTTGACAATCCAAC-1",6
"AGCTTGACACCGATAT-1",6
"AGCTTGAGTCTACCTC-1",4
"AGCTTGAGTGCGCTTG-1",5
"AGCTTGAGTTACGCGC-1",0
"AGCTTGATCCTGCCAT-1",4
"AGCTTGATCTGCAAGT-1",6
"AGGCCACAGAGTAAGG-1",3
"AGGCCACAGGGTCTCC-1",6
"AGGCCACAGTACTTGC-1",10
"AGGCCACCAGGACCCT-1",1
"AGGCCACCATCAGTCA-1",9
"AGGCCACTCATGCTCC-1",0
"AGGCCACTCATGGTCA-1",0
"AGGCCACTCATTGCGA-1",3
"AGGCCGTAGGATCGCA-1",0
"AGGCCGTCACGTAAGG-1",1
"AGGCCGTCAGCTCGAC-1",1
"AGGCCGTCATCGTCGG-1",3
"AGGCCGTTCACGGTTA-1",0
"AGGCCGTTCGAACTGT-1",0
"AGGCCGTTCTCAAGTG-1",2
"AGGCCGTTCTGCTTGC-1",0
"AGGGAGTAGCCCAACC-1",2
"AGGGAGTAGGAGTACC-1",6
"AGGGAGTAGGCAGGTT-1",5
"AGGGAGTCACGAGAGT-1",4
"AGGGAGTCAGAAGCAC-1",8
"AGGGAGTCAGATCCAT-1",4
"AGGGAGTCATCGACGC-1",0
"AGGGAGTCATGCTAGT-1",5
"AGGGAGTGTCCATGAT-1",4
"AGGGAGTTCATAACCG-1",1
"AGGGATGAGCTCTCGG-1",6
"AGGGATGAGGAGTAGA-1",4
"AGGGATGAGTAGCGGT-1",7
"AGGGATGCAATGAATG-1",7
"AGGGATGCAATGGAGC-1",0
"AGGGATGCACAAGACG-1",2
"AGGGATGCACATTTCT-1",2
"AGGGATGCATGGTCTA-1",6
"AGGGATGGTTAAAGTG-1",4
"AGGGATGGTTATGCGT-1",0
"AGGGATGTCGTGACAT-1",4
"AGGGTGAAGATGGCGT-1",1
"AGGGTGAAGATGGGTC-1",1
"AGGGTGAAGGCTCAGA-1",9
"AGGGTGACACGAGAGT-1",2
"AGGGTGACAGATGGCA-1",5
"AGGGTGACAGATTGCT-1",0
"AGGGTGAGTACTCTCC-1",11
"AGGGTGAGTTATCGGT-1",9
"AGGGTGAGTTCTGAAC-1",5
"AGGGTGATCTCGCTTG-1",10
"AGGTCATAGAGCCCAA-1",0
"AGGTCATAGCCAGAAC-1",17
"AGGTCATAGGCATGGT-1",7
"AGGTCATAGGGAGTAA-1",4
"AGGTCATCACTCAGGC-1",1
"AGGTCATCACTCTGTC-1",4
"AGGTCATGTTCCACTC-1",7
"AGGTCATTCTCGTTTA-1",0
"AGGTCCGAGGATGCGT-1",0
"AGGTCCGCAACACGCC-1",0
"AGGTCCGGTGATGCCC-1",7
"AGGTCCGTCCATGAAC-1",0
"AGGTCCGTCGCCCTTA-1",4
"AGGTCCGTCTGCGTAA-1",1
"AGTAGTCAGACTGTAA-1",7
"AGTAGTCAGTACGACG-1",1
"AGTAGTCAGTTTAGGA-1",2
"AGTAGTCCAACTGGCC-1",8
"AGTAGTCGTGCAGACA-1",0
"AGTAGTCTCACCCGAG-1",13
"AGTCTTTAGGCAGTCA-1",5
"AGTCTTTCAAATCCGT-1",4
"AGTCTTTCATATACCG-1",9
"AGTCTTTGTGCTTCTC-1",3
"AGTCTTTGTGTCCTCT-1",7
"AGTCTTTGTTTGTTTC-1",0
"AGTCTTTTCGCAGGCT-1",5
"AGTCTTTTCGCGTAGC-1",4
"AGTCTTTTCGCTAGCG-1",1
"AGTCTTTTCGCTTGTC-1",9
"AGTCTTTTCTGACCTC-1",0
"AGTGAGGAGATAGCAT-1",6
"AGTGAGGCAGGTGCCT-1",4
"AGTGAGGGTATGAAAC-1",11
"AGTGAGGGTCACTTCC-1",1
"AGTGAGGGTCGCGAAA-1",4
"AGTGAGGGTTATGTGC-1",7
"AGTGAGGTCTACTATC-1",3
"AGTGGGAAGCAGACTG-1",3
"AGTGGGACAAACGCGA-1",1
"AGTGGGACAAGCCGTC-1",0
"AGTGGGACACAGGAGT-1",6
"AGTGGGACACGAGAGT-1",9
"AGTGGGATCATCGATG-1",4
"AGTGGGATCCACGAAT-1",0
"AGTGGGATCCTGCAGG-1",1
"AGTGTCAAGAAGCCCA-1",4
"AGTGTCAAGCTAGTCT-1",7
"AGTGTCAAGTACGACG-1",5
"AGTGTCAAGTGAACAT-1",4
"AGTGTCACACCATCCT-1",2
"AGTGTCACAGTAAGCG-1",3
"AGTGTCACAGTGGAGT-1",3
"AGTGTCAGTAAACCTC-1",0
"AGTGTCAGTACAGCAG-1",1
"AGTGTCAGTCTCCACT-1",0
"AGTGTCAGTTTGACTG-1",2
"AGTGTCATCAAAGTAG-1",2
"AGTGTCATCCGTCAAA-1",5
"AGTGTCATCGTTACAG-1",1
"AGTGTCATCTGTCAAG-1",2
"AGTTGGTAGACTGTAA-1",3
"AGTTGGTAGTACGCGA-1",9
"AGTTGGTCAAATTGCC-1",1
"AGTTGGTCAGGAATGC-1",7
"AGTTGGTCATGCGCAC-1",1
"AGTTGGTGTACCGTAT-1",5
"AGTTGGTGTATGCTTG-1",10
"AGTTGGTGTCAGGACA-1",0
"AGTTGGTGTTCAGACT-1",3
"AGTTGGTTCAGTACGT-1",0
"AGTTGGTTCCTCAACC-1",9
"AGTTGGTTCGTACCGG-1",3
"AGTTGGTTCTGTCCGT-1",9
"ATAACGCAGTTGAGTA-1",5
"ATAACGCCACGTGAGA-1",1
"ATAACGCGTGAACCTT-1",6
"ATAACGCGTGTCCTCT-1",2
"ATAACGCGTGTGAAAT-1",4
"ATAACGCTCTCCGGTT-1",6
"ATAAGAGAGTCCGGTC-1",2
"ATAAGAGCAACTGCGC-1",1
"ATAAGAGCAGTATCTG-1",2
"ATAAGAGGTGACGCCT-1",8
"ATAAGAGGTTAAAGTG-1",6
"ATAAGAGTCAGCACAT-1",6
"ATAAGAGTCAGTGCAT-1",5
"ATAGACCAGAGAGCTC-1",6
"ATAGACCAGCCCAATT-1",0
"ATAGACCCAAGCCATT-1",8
"ATAGACCCATCTGGTA-1",16
"ATAGACCGTATATGGA-1",2
"ATAGACCGTGGACGAT-1",9
"ATAGACCGTGGCGAAT-1",3
"ATAGACCGTTTCGCTC-1",6
"ATCACGAAGAACTCGG-1",7
"ATCACGAAGACACGAC-1",14
"ATCACGAAGTTACCCA-1",6
"ATCACGACAAGACACG-1",6
"ATCACGACAAGCGTAG-1",8
"ATCACGACACACATGT-1",6
"ATCACGACACCACCAG-1",4
"ATCACGACACGGTAAG-1",4
"ATCACGACAGCGAACA-1",9
"ATCACGATCCCGACTT-1",0
"ATCACGATCGGTGTCG-1",1
"ATCATCTAGCCTATGT-1",1
"ATCATCTAGGCCATAG-1",5
"ATCATCTAGTACTTGC-1",10
"ATCATCTCAGACGCCT-1",2
"ATCATCTCATCCGTGG-1",9
"ATCATCTGTATTACCG-1",4
"ATCATCTGTCACTTCC-1",4
"ATCATCTTCAGCGACC-1",7
"ATCATCTTCCTCAACC-1",4
"ATCATGGCAAGCGTAG-1",6
"ATCATGGCAAGGTTCT-1",4
"ATCATGGCACTACAGT-1",0
"ATCATGGGTAAGGGAA-1",4
"ATCATGGGTTGTGGCC-1",0
"ATCATGGTCAATAAGG-1",4
"ATCATGGTCCAATGGT-1",1
"ATCATGGTCGCCATAA-1",7
"ATCATGGTCGGTTAAC-1",11
"ATCCACCAGCTAGTCT-1",7
"ATCCACCAGGCTCTTA-1",8
"ATCCACCCAAACGTGG-1",1
"ATCCACCCAGTTAACC-1",1
"ATCCACCGTCCGAAGA-1",2
"ATCCACCGTTTGTTTC-1",3
"ATCCACCTCCTGCTTG-1",2
"ATCCACCTCCTTAATC-1",17
"ATCCACCTCTGGTATG-1",6
"ATCCGAAAGCGATGAC-1",1
"ATCCGAAAGCTAGGCA-1",11
"ATCCGAACAAACGTGG-1",0
"ATCCGAACAACAACCT-1",5
"ATCCGAACAAGGACTG-1",8
"ATCCGAACACCCATTC-1",4
"ATCCGAACACGGTAGA-1",5
"ATCCGAAGTAGCGCTC-1",3
"ATCCGAAGTCATTAGC-1",2
"ATCCGAAGTCTCTTAT-1",1
"ATCCGAATCCAACCAA-1",4
"ATCCGAATCCTTGACC-1",8
"ATCCGAATCTTGTCAT-1",1
"ATCGAGTAGACTTTCG-1",1
"ATCGAGTCATCCGGGT-1",1
"ATCGAGTGTCCCTTGT-1",2
"ATCGAGTGTCTCCCTA-1",3
"ATCGAGTTCATGCATG-1",3
"ATCGAGTTCCTGCCAT-1",1
"ATCTACTAGGTGTGGT-1",3
"ATCTACTCAGCTGTAT-1",31
"ATCTACTCAGTACACT-1",3
"ATCTACTCATGACATC-1",8
"ATCTACTGTAAGTAGT-1",1
"ATCTACTGTGTCGCTG-1",9
"ATCTACTTCCGCGTTT-1",11
"ATCTACTTCGCAAGCC-1",7
"ATCTACTTCTATCGCC-1",13
"ATCTACTTCTCTAAGG-1",3
"ATCTGCCAGGCTCAGA-1",2
"ATCTGCCGTACAGTTC-1",1
"ATCTGCCGTTGTGGAG-1",1
"ATCTGCCTCAGAGACG-1",2
"ATCTGCCTCAGCTGGC-1",8
"ATCTGCCTCGTACGGC-1",0
"ATCTGCCTCTCGAGTA-1",3
"ATCTGCCTCTGAGTGT-1",1
"ATCTGCCTCTTGTATC-1",2
"ATGAGGGAGGTCGGAT-1",0
"ATGAGGGCATGACGGA-1",0
"ATGAGGGCATTAGGCT-1",5
"ATGAGGGTCACATGCA-1",3
"ATGAGGGTCAGTCCCT-1",9
"ATGCGATAGTCAATAG-1",9
"ATGCGATCATGTTGAC-1",6
"ATGCGATGTGCAGTAG-1",3
"ATGCGATGTGCATCTA-1",1
"ATGCGATTCCCAAGAT-1",1
"ATGCGATTCGCCATAA-1",5
"ATGGGAGAGCAATATG-1",0
"ATGGGAGAGCCACGCT-1",4
"ATGGGAGAGGTGATAT-1",9
"ATGGGAGCACCAGGTC-1",4
"ATGGGAGCACTATCTT-1",7
"ATGGGAGCAGCATACT-1",2
"ATGGGAGCATAGAAAC-1",1
"ATGGGAGCATTACCTT-1",2
"ATGGGAGTCAAGGTAA-1",0
"ATGTGTGAGCGAAGGG-1",0
"ATGTGTGAGGGTTTCT-1",5
"ATGTGTGAGTTGAGTA-1",10
"ATGTGTGCACGGCGTT-1",12
"ATGTGTGCACGGTTTA-1",0
"ATGTGTGCAGTATAAG-1",2
"ATGTGTGTCACGCGGT-1",0
"ATTACTCAGATGTGTA-1",13
"ATTACTCAGCGTAATA-1",1
"ATTACTCAGGTGCACA-1",6
"ATTACTCAGTGAAGTT-1",2
"ATTACTCCAAACTGTC-1",2
"ATTACTCCACCATCCT-1",10
"ATTACTCCAGACTCGC-1",5
"ATTACTCCATATGCTG-1",1
"ATTACTCCATCGGTTA-1",12
"ATTACTCCATTGCGGC-1",2
"ATTACTCGTTAAAGAC-1",3
"ATTACTCTCCGAACGC-1",8
"ATTATCCAGAGTACCG-1",3
"ATTATCCAGCTTATCG-1",2
"ATTATCCCACAAGCCC-1",2
"ATTATCCCATATGAGA-1",6
"ATTATCCCATCTGGTA-1",2
"ATTATCCGTCGTTGTA-1",12
"ATTATCCGTCTCTCTG-1",2
"ATTATCCTCAACGGGA-1",3
"ATTATCCTCCGCGCAA-1",5
"ATTATCCTCTCCGGTT-1",3
"ATTCTACGTCACTTCC-1",2
"ATTCTACGTCTAGTCA-1",0
"ATTCTACGTTGTCGCG-1",2
"ATTGGACAGCAGATCG-1",18
"ATTGGACAGGGCATGT-1",1
"ATTGGACAGTGGACGT-1",0
"ATTGGACCAAGACACG-1",6
"ATTGGACGTAATAGCA-1",12
"ATTGGACTCCTGCTTG-1",6
"ATTGGACTCGGCGCAT-1",9
"ATTGGACTCGTTTGCC-1",5
"ATTGGTGAGAATGTTG-1",1
"ATTGGTGCAAGCTGAG-1",1
"ATTGGTGCAGCAGTTT-1",2
"ATTGGTGGTATGGTTC-1",0
"ATTGGTGGTTGAGTTC-1",0
"ATTGGTGTCAAAGTAG-1",2
"ATTGGTGTCGGAAACG-1",2
"ATTTCTGAGGGATACC-1",5
"ATTTCTGAGGGATCTG-1",3
"ATTTCTGAGGTGTTAA-1",7
"ATTTCTGAGTCGAGTG-1",4
"ATTTCTGAGTTCGCAT-1",16
"ATTTCTGCAAGGTGTG-1",4
"ATTTCTGGTAGCTCCG-1",2
"ATTTCTGGTGCACGAA-1",1
"ATTTCTGGTTGCCTCT-1",6
"ATTTCTGTCAAAGTAG-1",6
"ATTTCTGTCAGCTCGG-1",0
"ATTTCTGTCTTGGGTA-1",2
"CAACCAAAGAAACGCC-1",4
"CAACCAAAGAGGGCTT-1",8
"CAACCAAAGCTGAAAT-1",7
"CAACCAAAGGACAGCT-1",6
"CAACCAAAGGGAGTAA-1",9
"CAACCAACATACGCTA-1",7
"CAACCTCAGTAATCCC-1",15
"CAACCTCCAGACGCAA-1",2
"CAACCTCGTGAGTGAC-1",4
"CAACCTCGTTCCACGG-1",5
"CAACCTCTCATACGGT-1",2
"CAACCTCTCCGATATG-1",2
"CAACCTCTCCTTTACA-1",6
"CAACCTCTCTCTAGGA-1",0
"CAACTAGAGAATAGGG-1",7
"CAACTAGAGGATGCGT-1",2
"CAACTAGCACCATCCT-1",2
"CAACTAGCAGACTCGC-1",0
"CAACTAGCAGTTCATG-1",6
"CAACTAGGTACGCACC-1",0
"CAACTAGTCAGGCCCA-1",6
"CAAGAAAAGAAGGACA-1",3
"CAAGAAAAGACGCACA-1",0
"CAAGAAAAGGCCCTTG-1",4
"CAAGAAAAGGTGATAT-1",2
"CAAGAAAAGTCGATAA-1",2
"CAAGAAAAGTGGAGTC-1",11
"CAAGAAAAGTGTACCT-1",3
"CAAGAAACACGGTGTC-1",2
"CAAGAAATCTGCTTGC-1",4
"CAAGATCAGCTGAAAT-1",0
"CAAGATCGTAAGAGGA-1",1
"CAAGATCGTGCCTTGG-1",10
"CAAGATCTCAACACCA-1",1
"CAAGATCTCTCGATGA-1",4
"CAAGGCCAGGAGTCTG-1",9
"CAAGGCCAGGCTATCT-1",6
"CAAGGCCCACGGTAAG-1",14
"CAAGGCCCATGTTCCC-1",6
"CAAGGCCGTCCGTCAG-1",0
"CAAGGCCTCAACGGGA-1",0
"CAAGGCCTCCTTGACC-1",5
"CAAGGCCTCGTGACAT-1",5
"CAAGTTGAGACAGGCT-1",1
"CAAGTTGAGATGTCGG-1",1
"CAAGTTGAGCGTCAAG-1",2
"CAAGTTGAGCGTTTAC-1",0
"CAAGTTGCACATTAGC-1",4
"CAAGTTGCACGCTTTC-1",1
"CAAGTTGCACGGTGTC-1",5
"CAAGTTGCATTCTTAC-1",5
"CAAGTTGGTACTCAAC-1",0
"CAAGTTGGTCAGGACA-1",2
"CAAGTTGGTCGGCACT-1",1
"CAAGTTGTCAACGAAA-1",7
"CAAGTTGTCACCACCT-1",1
"CAAGTTGTCATTGCCC-1",5
"CAAGTTGTCGAATCCA-1",7
"CAAGTTGTCTACTTAC-1",2
"CACAAACAGGGCTCTC-1",10
"CACAAACAGGGCTTGA-1",1
"CACAAACAGTGACATA-1",6
"CACAAACCAACTGCGC-1",13
"CACAAACCAATAAGCA-1",2
"CACAAACCAATCAGAA-1",1
"CACAAACCACTTAACG-1",3
"CACAAACCATGAACCT-1",3
"CACAAACCATGGTCAT-1",3
"CACAAACGTCAACTGT-1",4
"CACAAACGTCAGAATA-1",2
"CACAAACTCTTCGGTC-1",3
"CACAAACTCTTGGGTA-1",7
"CACACAAAGCGACGTA-1",2
"CACACAAAGGGAGTAA-1",1
"CACACAACAAACGTGG-1",0
"CACACAACACATGACT-1",9
"CACACAACATCGATTG-1",0
"CACACAACATTGGGCC-1",5
"CACACAAGTACGACCC-1",9
"CACACAAGTCAGTGGA-1",5
"CACACAAGTCATCGGC-1",3
"CACACAAGTTTACTCT-1",0
"CACACAATCCACGTGG-1",1
"CACACAATCCACGTTC-1",0
"CACACAATCGGCGCAT-1",7
"CACACCTAGAGACTAT-1",13
"CACACCTAGGACATTA-1",3
"CACACCTAGTCATCCA-1",0
"CACACCTAGTGTGAAT-1",3
"CACACCTCACTGAAGG-1",14
"CACACCTCATAGGATA-1",1
"CACACCTCATAGTAAG-1",5
"CACACCTCATTGGGCC-1",12
"CACACCTGTACAGCAG-1",10
"CACACCTGTACCGCTG-1",3
"CACACCTGTCCAAGTT-1",2
"CACACCTGTGGACGAT-1",2
"CACACCTGTGGTCTCG-1",14
"CACACCTTCATGTCTT-1",1
"CACACCTTCTGGCGAC-1",11
"CACACTCAGGGAAACA-1",3
"CACACTCCAACACCTA-1",7
"CACACTCCAAGGGTCA-1",8
"CACACTCGTGACGCCT-1",2
"CACACTCGTTTGTGTG-1",0
"CACAGGCAGCCATCGC-1",0
"CACAGGCAGGGATGGG-1",3
"CACAGGCCAAGAGTCG-1",4
"CACAGGCCAATGGAGC-1",4
"CACAGGCGTCTAGGTT-1",4
"CACAGGCGTTACGCGC-1",3
"CACAGGCTCGGGAGTA-1",8
"CACAGGCTCTATGTGG-1",4
"CACAGTAAGACGCAAC-1",3
"CACAGTAAGACGCACA-1",3
"CACAGTAAGTGGGCTA-1",1
"CACAGTACAACTGGCC-1",2
"CACAGTACATCGGACC-1",5
"CACAGTAGTTCCATGA-1",8
"CACATAGAGCCCAATT-1",4
"CACATAGAGTGTACTC-1",4
"CACATAGCACTTCTGC-1",0
"CACATAGCAGGGTATG-1",2
"CACATAGTCCTTGCCA-1",8
"CACATAGTCGGCGCAT-1",3
"CACATTTAGCAGATCG-1",2
"CACATTTAGGGCACTA-1",0
"CACATTTCACGGCGTT-1",2
"CACATTTCATTACCTT-1",8
"CACATTTGTCGAACAG-1",4
"CACATTTGTGTTGAGG-1",15
"CACATTTTCCAGAGGA-1",0
"CACATTTTCCGCATCT-1",8
"CACATTTTCTACTATC-1",1
"CACATTTTCTGTGCAA-1",2
"CACCACTAGCCACGTC-1",4
"CACCACTAGTGGTAAT-1",9
"CACCACTAGTTACCCA-1",1
"CACCACTCAAGCCCAC-1",0
"CACCACTCAGTTCATG-1",2
"CACCACTGTTATTCTC-1",7
"CACCACTTCACCGGGT-1",10
"CACCACTTCGAATCCA-1",3
"CACCACTTCGACCAGC-1",2
"CACCACTTCTAACCGA-1",2
"CACCACTTCTTTAGTC-1",2
"CACCAGGCACATTAGC-1",5
"CACCAGGCACTGCCAG-1",7
"CACCAGGCATAAAGGT-1",3
"CACCAGGCATGAACCT-1",7
"CACCAGGGTGAAATCA-1",2
"CACCAGGGTGTTTGGT-1",4
"CACCAGGGTTATCACG-1",0
"CACCAGGTCATGTAGC-1",8
"CACCAGGTCTGCTTGC-1",2
"CACCTTGAGACTTGAA-1",10
"CACCTTGAGTCAATAG-1",0
"CACCTTGCACTAGTAC-1",1
"CACCTTGCAGGCGATA-1",3
"CACCTTGCATTCCTGC-1",13
"CACCTTGGTCATTAGC-1",3
"CACCTTGGTGATGTCT-1",5
"CACCTTGGTGTGAAAT-1",0
"CACCTTGGTTATGTGC-1",3
"CACCTTGTCAACCATG-1",3
"CACCTTGTCATTATCC-1",6
"CACCTTGTCCAAAGTC-1",3
"CACCTTGTCTCACATT-1",6
"CACTCCAAGACAAGCC-1",1
"CACTCCAAGGTACTCT-1",1
"CACTCCACAATGGACG-1",2
"CACTCCAGTACATGTC-1",5
"CACTCCAGTTGTCGCG-1",7
"CACTCCATCAACACAC-1",2
"CACTCCATCCCAGGTG-1",1
"CAGAATCAGAAACCTA-1",7
"CAGAATCAGCCAACAG-1",19
"CAGAATCAGCTGGAAC-1",3
"CAGAATCAGGACTGGT-1",1
"CAGAATCAGTATCGAA-1",8
"CAGAATCCACAGAGGT-1",18
"CAGAATCCAGGGTACA-1",4
"CAGAATCGTAAGTGTA-1",3
"CAGAATCGTAATCACC-1",12
"CAGAATCTCAGTTTGG-1",1
"CAGAATCTCGCAAGCC-1",1
"CAGAATCTCGGTCCGA-1",2
"CAGAATCTCTTGCAAG-1",1
"CAGAATCTCTTGTACT-1",3
"CAGAGAGAGAATTGTG-1",8
"CAGAGAGAGCAATATG-1",1
"CAGAGAGCAAGAAGAG-1",1
"CAGAGAGCACCAGATT-1",1
"CAGAGAGGTAATCACC-1",7
"CAGAGAGGTAGCTGCC-1",2
"CAGAGAGGTAGGACAC-1",3
"CAGAGAGGTATAGGGC-1",0
"CAGAGAGGTCCGAATT-1",0
"CAGAGAGGTTGAGGTG-1",2
"CAGAGAGTCACCCGAG-1",0
"CAGAGAGTCATAACCG-1",5
"CAGAGAGTCCGAACGC-1",1
"CAGAGAGTCTGGTATG-1",8
"CAGATCAAGAGACGAA-1",1
"CAGATCAAGCACCGTC-1",5
"CAGATCAAGCTTCGCG-1",4
"CAGATCAAGGATTCGG-1",0
"CAGATCAAGTGTACCT-1",3
"CAGATCAAGTTTAGGA-1",4
"CAGATCACAATAACGA-1",12
"CAGATCACACACCGAC-1",8
"CAGATCACACGGTAAG-1",3
"CAGATCACACTCTGTC-1",8
"CAGATCACAGCATACT-1",2
"CAGATCACAGTGGGAT-1",2
"CAGATCAGTACCAGTT-1",3
"CAGATCAGTGCGGTAA-1",1
"CAGATCATCTGATACG-1",2
"CAGATCATCTGATTCT-1",11
"CAGCAGCAGATGCCAG-1",9
"CAGCAGCAGGGAACGG-1",4
"CAGCAGCCACCTATCC-1",10
"CAGCAGCCATCACAAC-1",5
"CAGCAGCGTGCTAGCC-1",4
"CAGCAGCTCAACACTG-1",8
"CAGCAGCTCGAACTGT-1",0
"CAGCAGCTCGCCGTGA-1",0
"CAGCATAAGAGACGAA-1",5
"CAGCATAGTCTAGGTT-1",0
"CAGCATAGTTTACTCT-1",3
"CAGCATATCACGAAGG-1",1
"CAGCATATCAGGCAAG-1",0
"CAGCATATCCTTAATC-1",9
"CAGCCGAAGCATCATC-1",11
"CAGCCGAAGTTTCCTT-1",3
"CAGCCGACACGTGAGA-1",0
"CAGCCGACATCAGTCA-1",5
"CAGCCGAGTGATGTCT-1",2
"CAGCCGATCACCAGGC-1",1
"CAGCCGATCCTCAATT-1",1
"CAGCGACAGAAACGCC-1",3
"CAGCGACAGCGTCAAG-1",2
"CAGCGACCAAACGTGG-1",1
"CAGCGACCAAAGCGGT-1",1
"CAGCGACCACGTCAGC-1",8
"CAGCGACCATGGGACA-1",8
"CAGCGACGTCTGATTG-1",1
"CAGCGACGTGGACGAT-1",6
"CAGCGACGTGGTTTCA-1",1
"CAGCGACGTTCGGCAC-1",2
"CAGCGACTCCGCAAGC-1",0
"CAGCGACTCTGGGCCA-1",3
"CAGCTAAAGATGTGTA-1",2
"CAGCTAAAGCAGACTG-1",2
"CAGCTAAAGCTGTTCA-1",9
"CAGCTAAAGGAGCGTT-1",3
"CAGCTAACACAGATTC-1",6
"CAGCTAACATCAGTAC-1",4
"CAGCTAAGTAATCGTC-1",1
"CAGCTAAGTCTCACCT-1",3
"CAGCTAAGTTCGTCTC-1",9
"CAGCTAATCCACGCAG-1",2
"CAGCTAATCCCTAACC-1",1
"CAGCTAATCTGGTTCC-1",0
"CAGCTAATCTTAGCCC-1",11
"CAGCTAATCTTCGGTC-1",12
"CAGCTGGAGACACTAA-1",2
"CAGCTGGAGATCCTGT-1",1
"CAGCTGGCACCAACCG-1",10
"CAGCTGGCAGTGGAGT-1",11
"CAGCTGGCATGCATGT-1",7
"CAGCTGGTCTACCTGC-1",3
"CAGGTGCAGAGACGAA-1",7
"CAGGTGCAGATCCTGT-1",13
"CAGGTGCAGGCATGTG-1",3
"CAGGTGCCAGGAACGT-1",1
"CAGGTGCCATAGTAAG-1",7
"CAGGTGCCATCGGAAG-1",0
"CAGGTGCTCAGTTGAC-1",2
"CAGGTGCTCCAAGTAC-1",0
"CAGGTGCTCTTGTATC-1",1
"CAGTAACAGATATGGT-1",3
"CAGTAACAGATGGCGT-1",7
"CAGTAACCAATCACAC-1",1
"CAGTAACCACTCGACG-1",4
"CAGTAACGTGATAAGT-1",2
"CAGTAACGTGCACCAC-1",0
"CAGTAACTCAGAGGTG-1",4
"CAGTAACTCGTACGGC-1",8
"CAGTAACTCGTGACAT-1",8
"CAGTAACTCTGCCAGG-1",5
"CAGTCCTAGAATCTCC-1",2
"CAGTCCTAGATCTGCT-1",0
"CAGTCCTCAGTATAAG-1",0
"CAGTCCTTCAACACGT-1",2
"CAGTCCTTCCATGAGT-1",0
"CAGTCCTTCCCGACTT-1",3
"CAGTCCTTCCCTTGTG-1",3
"CAGTCCTTCGAACGGA-1",8
"CAGTCCTTCGGTTCGG-1",1
"CAGTCCTTCTACTTAC-1",5
"CATATGGAGAGATGAG-1",2
"CATATGGAGGCATGGT-1",0
"CATATGGAGTATTGGA-1",11
"CATATGGCAAGCGTAG-1",14
"CATATGGGTCGCATAT-1",0
"CATATGGTCATTATCC-1",5
"CATATGGTCATTGCGA-1",4
"CATATTCAGGCGACAT-1",0
"CATATTCCACCACCAG-1",3
"CATATTCGTGACTACT-1",11
"CATATTCGTGGTACAG-1",0
"CATATTCGTGTGACGA-1",6
"CATATTCTCACAGGCC-1",9
"CATATTCTCGCAAACT-1",0
"CATCAAGAGAACTCGG-1",2
"CATCAAGAGATGGCGT-1",0
"CATCAAGAGCCGCCTA-1",16
"CATCAAGCACGAAACG-1",10
"CATCAAGCAGCCTTTC-1",1
"CATCAAGCATGGAATA-1",3
"CATCAAGGTTACTGAC-1",3
"CATCAAGGTTCCATGA-1",1
"CATCAAGTCTAAGCCA-1",5
"CATCAAGTCTGACCTC-1",0
"CATCAGAAGCTAGTCT-1",7
"CATCAGACAAGCCATT-1",5
"CATCAGACAATGACCT-1",5
"CATCAGACACGGCCAT-1",7
"CATCAGACAGACAGGT-1",4
"CATCAGACATAACCTG-1",4
"CATCAGAGTAATTGGA-1",5
"CATCAGAGTACATGTC-1",2
"CATCAGAGTGTTAAGA-1",2
"CATCAGAGTTCAACCA-1",0
"CATCAGATCGTTGACA-1",3
"CATCCACGTAAAGTCA-1",9
"CATCCACGTACCGTAT-1",4
"CATCCACGTGCCTGTG-1",4
"CATCCACGTTTAAGCC-1",3
"CATCGAAAGAGTACAT-1",3
"CATCGAAAGCTGTCTA-1",0
"CATCGAACAAGAGGCT-1",13
"CATCGAACAAGCTGAG-1",2
"CATCGAACACATTTCT-1",8
"CATCGAACATAAAGGT-1",2
"CATCGAAGTAGTACCT-1",6
"CATCGAAGTCCGACGT-1",4
"CATCGAAGTGCACTTA-1",7
"CATCGAATCAAACCAC-1",5
"CATCGAATCCGCGGTA-1",2
"CATCGAATCCGTAGTA-1",2
"CATCGGGAGAAGCCCA-1",5
"CATCGGGAGCGAGAAA-1",3
"CATCGGGAGGGTGTGT-1",8
"CATCGGGAGGTGTTAA-1",3
"CATCGGGAGTGACTCT-1",6
"CATCGGGCACTCAGGC-1",5
"CATCGGGCAGACGCTC-1",1
"CATCGGGCATCACAAC-1",6
"CATCGGGGTCCTCTTG-1",0
"CATCGGGGTGAGGGAG-1",2
"CATCGGGGTTCGAATC-1",2
"CATCGGGTCAGGATCT-1",1
"CATCGGGTCCACGAAT-1",2
"CATCGGGTCGATGAGG-1",4
"CATGACAAGACCACGA-1",2
"CATGACAAGCTCCTCT-1",2
"CATGACAAGTAACCCT-1",10
"CATGACAAGTATCTCG-1",8
"CATGACAGTCGTCTTC-1",8
"CATGACAGTGAACCTT-1",5
"CATGACATCAATAAGG-1",2
"CATGACATCTAACTGG-1",1
"CATGCCTAGACCTAGG-1",0
"CATGCCTAGAGTCTGG-1",0
"CATGCCTCACCACCAG-1",2
"CATGCCTGTCAAAGCG-1",10
"CATGCCTGTCGATTGT-1",4
"CATGCCTTCCACGACG-1",4
"CATGCCTTCCTCATTA-1",4
"CATGCCTTCGCATGAT-1",0
"CATGGCGAGAGCTGGT-1",4
"CATGGCGAGTACGACG-1",0
"CATGGCGTCCAAAGTC-1",13
"CATGGCGTCCCTTGTG-1",0
"CATGGCGTCGGCCGAT-1",10
"CATGGCGTCTCAAACG-1",2
"CATGGCGTCTGCCCTA-1",5
"CATTATCAGACCCACC-1",0
"CATTATCAGTCCCACG-1",0
"CATTATCCAAGTCTGT-1",1
"CATTATCCAGGGCATA-1",0
"CATTATCGTCAATGTC-1",9
"CATTATCTCACAAACC-1",3
"CATTATCTCAGATAAG-1",4
"CATTATCTCGCGTTTC-1",1
"CATTATCTCGTTGCCT-1",2
"CATTATCTCTATCCCG-1",2
"CATTATCTCTTAACCT-1",4
"CATTCGCAGGTGCTAG-1",0
"CATTCGCCAAGGGTCA-1",9
"CATTCGCCAGCCTATA-1",2
"CATTCGCCATACAGCT-1",7
"CATTCGCCATGGATGG-1",0
"CATTCGCCATGTCTCC-1",4
"CATTCGCCATTCACTT-1",1
"CATTCGCGTAGCACGA-1",5
"CATTCGCTCATCACCC-1",4
"CCAATCCAGACCACGA-1",0
"CCAATCCAGATATGGT-1",10
"CCAATCCAGTCGAGTG-1",4
"CCAATCCAGTCGTTTG-1",3
"CCAATCCAGTTTAGGA-1",4
"CCAATCCCAAGCGAGT-1",1
"CCAATCCTCGGACAAG-1",3
"CCAATCCTCTACCTGC-1",0
"CCACCTAAGCAGACTG-1",0
"CCACCTAAGGATGGTC-1",7
"CCACCTAAGTCGAGTG-1",2
"CCACCTAAGTGGGATC-1",2
"CCACCTAAGTGTGGCA-1",8
"CCACCTACAACAACCT-1",7
"CCACCTACAAGCCGCT-1",0
"CCACCTACAATCTACG-1",3
"CCACCTAGTAGTACCT-1",2
"CCACCTAGTCGCGTGT-1",6
"CCACCTAGTGGGTCAA-1",4
"CCACCTATCAGTTGAC-1",4
"CCACCTATCTGATACG-1",0
"CCACGGAAGACACGAC-1",1
"CCACGGAAGGGAACGG-1",9
"CCACGGACATGTCGAT-1",2
"CCACGGAGTAAGGGCT-1",3
"CCACGGAGTCAGATAA-1",3
"CCACGGAGTCCGTGAC-1",4
"CCACGGAGTGTAATGA-1",2
"CCACGGAGTTCTGAAC-1",9
"CCACGGATCACATAGC-1",7
"CCACGGATCCACGTGG-1",17
"CCACGGATCTACTATC-1",6
"CCACGGATCTAGAGTC-1",0
"CCACTACAGAGTACCG-1",6
"CCACTACAGCTTTGGT-1",2
"CCACTACCAGCAGTTT-1",0
"CCACTACCAGTAGAGC-1",4
"CCACTACGTCCGAATT-1",13
"CCACTACGTCTCAACA-1",3
"CCACTACGTGACAAAT-1",5
"CCACTACGTGACCAAG-1",3
"CCACTACGTGCACGAA-1",3
"CCACTACTCACTCTTA-1",7
"CCACTACTCCGCATCT-1",1
"CCACTACTCGGAAATA-1",8
"CCACTACTCTCGTATT-1",3
"CCACTACTCTCGTTTA-1",4
"CCAGCGAAGCCCAACC-1",6
"CCAGCGACATCGGGTC-1",1
"CCAGCGACATGTCCTC-1",0
"CCAGCGAGTAGGCATG-1",3
"CCAGCGAGTCCGTTAA-1",1
"CCAGCGATCAGAAATG-1",2
"CCATGTCAGCGATCCC-1",9
"CCATGTCAGGTCGGAT-1",1
"CCATGTCAGGTTACCT-1",4
"CCATGTCCAAGCTGGA-1",8
"CCATGTCCACATCCGG-1",6
"CCATGTCGTCCAGTAT-1",8
"CCATGTCTCCAAGTAC-1",5
"CCATGTCTCTTGTATC-1",11
"CCATTCGCAGTACACT-1",2
"CCATTCGCAGTTTACG-1",5
"CCATTCGGTAATCGTC-1",3
"CCATTCGGTATTACCG-1",9
"CCATTCGTCGTAGGAG-1",3
"CCCAATCAGTCACGCC-1",6
"CCCAATCCAGGTGGAT-1",5
"CCCAATCGTGAAGGCT-1",1
"CCCAATCGTTGGAGGT-1",1
"CCCAATCTCACATGCA-1",3
"CCCAATCTCCAGTATG-1",3
"CCCAATCTCGGAGCAA-1",0
"CCCAGTTAGAATAGGG-1",1
"CCCAGTTAGATCCCGC-1",11
"CCCAGTTAGCGTGAAC-1",8
"CCCAGTTAGGAATCGC-1",6
"CCCAGTTAGTCCGGTC-1",3
"CCCAGTTAGTTTGCGT-1",7
"CCCAGTTGTACATGTC-1",3
"CCCAGTTGTCTGCAAT-1",12
"CCCAGTTTCTGAAAGA-1",3
"CCCATACAGGGTTCCC-1",3
"CCCATACAGTGTTTGC-1",0
"CCCATACCAAAGGTGC-1",8
"CCCATACCAACACCCG-1",3
"CCCATACCAGCAGTTT-1",2
"CCCATACGTATTACCG-1",6
"CCCATACGTCAATACC-1",1
"CCCATACGTCTAGTCA-1",4
"CCCATACGTTGAGTTC-1",3
"CCCATACTCAATAAGG-1",7
"CCCATACTCAGCGACC-1",1
"CCCATACTCATCACCC-1",11
"CCCATACTCCGTAGGC-1",1
"CCCTCCTAGGAATCGC-1",4
"CCCTCCTCACGTCTCT-1",0
"CCCTCCTCAGCTTAAC-1",12
"CCCTCCTCATATGAGA-1",0
"CCCTCCTCATCACGTA-1",14
"CCCTCCTGTATGGTTC-1",12
"CCCTCCTGTTAGATGA-1",9
"CCCTCCTTCAATCACG-1",5
"CCCTCCTTCCGCAGTG-1",6
"CCGGGATAGCTTCGCG-1",2
"CCGGGATAGGCGACAT-1",4
"CCGGGATAGGCTAGGT-1",1
"CCGGGATCACAGTCGC-1",3
"CCGGGATGTATAGGTA-1",6
"CCGGGATTCAGAGCTT-1",0
"CCGGGATTCGCTAGCG-1",0
"CCGGGATTCGCTTGTC-1",2
"CCGGTAGAGCGTCTAT-1",8
"CCGGTAGAGTACGCCC-1",0
"CCGGTAGCACATAACC-1",2
"CCGGTAGCACGCATCG-1",8
"CCGGTAGGTACTTCTT-1",5
"CCGGTAGGTCAAACTC-1",13
"CCGGTAGTCGTCCGTT-1",2
"CCGTACTAGAGAACAG-1",1
"CCGTACTAGTCCGTAT-1",7
"CCGTACTCAAGCCCAC-1",3
"CCGTACTCAAGCGAGT-1",0
"CCGTACTCATCCCACT-1",7
"CCGTACTGTACAGCAG-1",6
"CCGTACTGTAGCGCTC-1",0
"CCGTACTGTGCGGTAA-1",6
"CCGTACTTCGTTACAG-1",10
"CCGTGGAAGACGCACA-1",4
"CCGTGGAAGAGTTGGC-1",1
"CCGTGGAAGGTGATAT-1",3
"CCGTGGAAGGTTCCTA-1",7
"CCGTGGACAGCCTTGG-1",2
"CCGTGGAGTTCCATGA-1",8
"CCGTGGATCTAACTTC-1",3
"CCGTGGATCTCTGTCG-1",0
"CCGTTCAAGCGTAATA-1",11
"CCGTTCAAGTACGATA-1",0
"CCGTTCAAGTAGATGT-1",1
"CCGTTCACAGGATCGA-1",2
"CCGTTCAGTATAGGGC-1",3
"CCGTTCAGTCGCGAAA-1",1
"CCGTTCATCGTACCGG-1",2
"CCTAAAGAGAGTTGGC-1",5
"CCTAAAGCAAACCTAC-1",0
"CCTAAAGCATGTCTCC-1",6
"CCTAAAGGTACTCAAC-1",14
"CCTAAAGGTCGGCACT-1",12
"CCTAAAGGTGTAATGA-1",0
"CCTAAAGTCACCGTAA-1",1
"CCTAAAGTCAGCGATT-1",2
"CCTAAAGTCGGCGCTA-1",2
"CCTAAAGTCGGTCCGA-1",2
"CCTACACAGGACCACA-1",6
"CCTACACAGGGTGTTG-1",15
"CCTACACCAGTAAGAT-1",12
"CCTACACGTATAGTAG-1",3
"CCTACACGTCCGAACC-1",10
"CCTACACGTGGGTCAA-1",5
"CCTACACGTTTGACTG-1",0
"CCTACACTCGGCGCTA-1",1
"CCTACACTCGTGACAT-1",21
"CCTACCAAGATAGGAG-1",8
"CCTACCAAGCAAATCA-1",0
"CCTACCAAGCGTAGTG-1",6
"CCTACCAAGCTTCGCG-1",0
"CCTACCAAGTGCGATG-1",4
"CCTACCAGTATCAGTC-1",2
"CCTACCAGTCTCTCTG-1",4
"CCTACCAGTCTTTCAT-1",19
"CCTACCATCAGCACAT-1",17
"CCTACCATCGCCAGCA-1",1
"CCTAGCTAGCAAATCA-1",2
"CCTAGCTAGCTCCTCT-1",8
"CCTAGCTAGGTTACCT-1",2
"CCTAGCTAGTACGCGA-1",5
"CCTAGCTCAATGAATG-1",9
"CCTAGCTCAATGGTCT-1",2
"CCTAGCTCACATCCAA-1",6
"CCTAGCTCAGCCAGAA-1",0
"CCTAGCTGTAGAAAGG-1",5
"CCTAGCTGTCACCCAG-1",6
"CCTAGCTGTCTGATTG-1",9
"CCTAGCTTCACGATGT-1",2
"CCTAGCTTCGTAGGAG-1",12
"CCTATTAAGAATTCCC-1",12
"CCTATTAAGCAGGCTA-1",6
"CCTATTAAGCAGGTCA-1",9
"CCTATTAAGGGAGTAA-1",3
"CCTATTAAGGTAGCCA-1",10
"CCTATTACACAACTGT-1",2
"CCTATTACACATCCGG-1",1
"CCTATTAGTCAATACC-1",3
"CCTATTATCATCACCC-1",3
"CCTATTATCTGCGACG-1",0
"CCTCAGTAGCTAACTC-1",2
"CCTCAGTCAGGTGGAT-1",2
"CCTCAGTGTCCATCCT-1",1
"CCTCAGTGTCCGACGT-1",0
"CCTCAGTGTCTTGTCC-1",8
"CCTCAGTGTGGGTATG-1",14
"CCTCTGAAGTATCGAA-1",0
"CCTCTGAAGTGGGTTG-1",1
"CCTCTGACAAGCTGTT-1",1
"CCTCTGACACCGATAT-1",12
"CCTCTGACAGATGAGC-1",7
"CCTCTGAGTCAATACC-1",6
"CCTCTGAGTCCGAACC-1",0
"CCTCTGAGTCGTGGCT-1",8
"CCTCTGAGTCTGATTG-1",0
"CCTCTGATCTGAGGGA-1",0
"CCTTACGCAAGCGTAG-1",11
"CCTTACGCACCAACCG-1",1
"CCTTACGGTCATCCCT-1",3
"CCTTACGGTCCTCTTG-1",24
"CCTTACGTCACAACGT-1",8
"CCTTACGTCATCTGCC-1",5
"CCTTACGTCGGAGGTA-1",2
"CCTTCCCAGAGACTAT-1",5
"CCTTCCCAGCTAGGCA-1",1
"CCTTCCCAGGACGAAA-1",1
"CCTTCCCAGGGCATGT-1",2
"CCTTCCCAGGTACTCT-1",1
"CCTTCCCCATGATCCA-1",4
"CCTTCCCTCAAGGCTT-1",6
"CCTTCCCTCTATCCTA-1",3
"CCTTCCCTCTATCGCC-1",8
"CCTTCGAAGGCGCTCT-1",0
"CCTTCGACAACACCCG-1",2
"CCTTCGACAGCGATCC-1",9
"CCTTCGAGTAAGCACG-1",4
"CCTTCGAGTCCATGAT-1",11
"CCTTCGAGTGTGACCC-1",10
"CCTTCGAGTTGGTGGA-1",1
"CCTTCGATCACAGTAC-1",5
"CCTTCGATCCTATGTT-1",1
"CCTTCGATCGCACTCT-1",5
"CCTTTCTAGACGCTTT-1",6
"CCTTTCTAGGGCACTA-1",1
"CCTTTCTAGTGGAGTC-1",0
"CCTTTCTCAGACAAGC-1",9
"CCTTTCTCATCACGAT-1",7
"CCTTTCTCATGCCCGA-1",1
"CCTTTCTTCCCACTTG-1",0
"CCTTTCTTCTTTACGT-1",7
"CGAACATCACATGACT-1",0
"CGAACATCACTTGGAT-1",0
"CGAACATCAGTCCTTC-1",0
"CGAACATGTCTGATTG-1",8
"CGAACATGTGCTGTAT-1",5
"CGAACATTCTCAAACG-1",5
"CGAATGTAGAGGTTAT-1",0
"CGAATGTAGCGATAGC-1",1
"CGAATGTAGTTCGCAT-1",3
"CGAATGTCAATGCCAT-1",1
"CGAATGTGTCTAGTCA-1",3
"CGAATGTGTCTCACCT-1",2
"CGAATGTTCAACACAC-1",1
"CGAATGTTCATCACCC-1",9
"CGAATGTTCTGTACGA-1",1
"CGACCTTAGCTACCGC-1",4
"CGACCTTAGCTAGTCT-1",1
"CGACCTTCAAAGTGCG-1",6
"CGACCTTCACGAAATA-1",3
"CGACCTTGTAAGTGTA-1",9
"CGACCTTGTCAGAATA-1",0
"CGACCTTGTCTCCCTA-1",0
"CGACCTTGTCTCTTAT-1",2
"CGACCTTTCCGCGTTT-1",1
"CGACCTTTCGTTTATC-1",1
"CGACCTTTCTCCAGGG-1",0
"CGACTTCAGACACGAC-1",4
"CGACTTCAGGTAGCCA-1",0
"CGACTTCAGTCTTGCA-1",4
"CGACTTCCAATGGACG-1",7
"CGACTTCGTGGTGTAG-1",11
"CGACTTCGTTGAGTTC-1",2
"CGACTTCTCACTTACT-1",20
"CGACTTCTCTCGCTTG-1",6
"CGAGAAGAGAAACGCC-1",3
"CGAGAAGAGCCAACAG-1",1
"CGAGAAGAGCGTGTCC-1",3
"CGAGAAGCAAGTTCTG-1",1
"CGAGAAGCACATCCGG-1",2
"CGAGAAGCAGGCTGAA-1",3
"CGAGAAGTCGGATGGA-1",3
"CGAGCACAGCCAGAAC-1",3
"CGAGCACCACATGTGT-1",7
"CGAGCACGTAGCGTCC-1",4
"CGAGCACGTAGCGTGA-1",5
"CGAGCACGTCAGATAA-1",2
"CGAGCACGTGCCTTGG-1",4
"CGAGCACTCCCGGATG-1",3
"CGAGCACTCCGCTGTT-1",7
"CGAGCACTCGGAAATA-1",1
"CGAGCACTCGTGACAT-1",2
"CGAGCCAAGCTAGCCC-1",5
"CGAGCCAGTATATCCG-1",0
"CGAGCCAGTCAAGCGA-1",9
"CGATCGGAGAGCCTAG-1",6
"CGATCGGAGTACGATA-1",3
"CGATCGGCAAACGCGA-1",7
"CGATCGGCAAGCGATG-1",0
"CGATCGGCAATACGCT-1",3
"CGATCGGCAGTTAACC-1",10
"CGATCGGCATACTCTT-1",2
"CGATCGGGTCGACTGC-1",13
"CGATCGGTCAACGGGA-1",6
"CGATCGGTCTAGCACA-1",7
"CGATGGCAGCCGTCGT-1",7
"CGATGGCAGTCCAGGA-1",0
"CGATGGCCACTTAACG-1",6
"CGATGGCCAGCGTAAG-1",5
"CGATGGCCATCATCCC-1",1
"CGATGGCTCCTAGAAC-1",2
"CGATGGCTCGCTAGCG-1",3
"CGATGGCTCTGACCTC-1",5
"CGATGTAAGGCAATTA-1",1
"CGATGTAAGTTTGCGT-1",0
"CGATGTACACAGGCCT-1",0
"CGATGTACAGGTCTCG-1",7
"CGATGTAGTCCAGTGC-1",0
"CGATGTAGTCTAGGTT-1",0
"CGATGTAGTGTGCCTG-1",3
"CGATGTAGTTTGCATG-1",3
"CGATTGAAGATGTGGC-1",9
"CGATTGACAGACGCAA-1",4
"CGATTGAGTATGGTTC-1",3
"CGATTGAGTTCAGACT-1",5
"CGATTGATCATGGTCA-1",4
"CGATTGATCTGCGGCA-1",2
"CGCCAAGAGAATGTTG-1",2
"CGCCAAGAGACCTTTG-1",5
"CGCCAAGAGATCGGGT-1",10
"CGCCAAGAGATCTGAA-1",3
"CGCCAAGAGCGTGTCC-1",4
"CGCCAAGGTCTAGGTT-1",4
"CGCCAAGTCAGGATCT-1",2
"CGCCAAGTCCACTCCA-1",4
"CGCCAAGTCTTGTTTG-1",3
"CGCGGTAAGCTAGCCC-1",0
"CGCGGTAAGGGTTCCC-1",0
"CGCGGTACAAACTGCT-1",1
"CGCGGTACAATGGAAT-1",5
"CGCGGTACAGCTGTTA-1",1
"CGCGGTAGTCAAGCGA-1",3
"CGCGGTAGTGAGGCTA-1",0
"CGCGGTAGTTTGCATG-1",2
"CGCGTTTAGTTATCGC-1",1
"CGCGTTTCAACAACCT-1",11
"CGCGTTTCAAGCGAGT-1",5
"CGCGTTTCAATGGACG-1",2
"CGCGTTTCACGGTGTC-1",6
"CGCGTTTGTGCTGTAT-1",3
"CGCGTTTGTGGACGAT-1",8
"CGCGTTTTCAAACCGT-1",3
"CGCGTTTTCAGCCTAA-1",2
"CGCGTTTTCCTATGTT-1",2
"CGCGTTTTCGTGGTCG-1",4
"CGCTATCAGAAACCGC-1",4
"CGCTATCAGTCATCCA-1",1
"CGCTATCCAAGCGAGT-1",6
"CGCTATCCAGTCGATT-1",6
"CGCTATCCATCGACGC-1",7
"CGCTATCCATTTCAGG-1",8
"CGCTATCGTACCGAGA-1",11
"CGCTATCGTTCGAATC-1",9
"CGCTATCGTTTCGCTC-1",23
"CGCTATCTCGTTACAG-1",5
"CGCTGGAAGGACATTA-1",1
"CGCTGGAAGGGCACTA-1",2
"CGCTGGAAGGTGATAT-1",3
"CGCTGGACAGACTCGC-1",5
"CGCTGGAGTGTAATGA-1",2
"CGCTGGAGTTCTGGTA-1",5
"CGCTGGATCCGAAGAG-1",5
"CGCTGGATCCGTTGCT-1",2
"CGCTGGATCGTAGGAG-1",4
"CGCTGGATCGTTACAG-1",8
"CGCTTCAAGAAGGGTA-1",2
"CGCTTCAAGGTCGGAT-1",4
"CGCTTCACACGGTGTC-1",3
"CGCTTCACAGACAAGC-1",13
"CGCTTCACATCACCCT-1",9
"CGCTTCAGTCGCGGTT-1",5
"CGCTTCATCTTAGAGC-1",10
"CGGACACAGCGATATA-1",16
"CGGACACAGCGATGAC-1",0
"CGGACACAGCTTCGCG-1",7
"CGGACACAGGTAAACT-1",6
"CGGACACAGTAGCCGA-1",9
"CGGACACCACAGGAGT-1",11
"CGGACACCATTCACTT-1",0
"CGGACACGTGAGCGAT-1",3
"CGGACACGTGCTCTTC-1",0
"CGGACACGTGTGACCC-1",4
"CGGACGTAGGTTACCT-1",1
"CGGACGTCATGGGACA-1",12
"CGGACGTGTGAAAGAG-1",2
"CGGACGTGTTGGTAAA-1",3
"CGGACGTTCATGTGGT-1",2
"CGGACGTTCTGTCCGT-1",4
"CGGACTGAGGAGCGAG-1",1
"CGGACTGAGGAGTCTG-1",0
"CGGACTGAGTGGTAGC-1",3
"CGGACTGCAACTTGAC-1",5
"CGGACTGCAATGACCT-1",4
"CGGACTGCACAACGTT-1",0
"CGGACTGCACGCCAGT-1",2
"CGGACTGCAGTATGCT-1",3
"CGGACTGGTAAAGGAG-1",0
"CGGACTGGTATAAACG-1",3
"CGGACTGGTGTAAGTA-1",12
"CGGACTGGTGTGGTTT-1",7
"CGGACTGGTTGACGTT-1",5
"CGGACTGTCATTGCCC-1",0
"CGGACTGTCCATGCTC-1",6
"CGGACTGTCCGTCAAA-1",5
"CGGACTGTCGTTTGCC-1",4
"CGGACTGTCTTCATGT-1",4
"CGGAGCTAGTTTAGGA-1",2
"CGGAGCTCATTGAGCT-1",1
"CGGAGCTGTAGAAAGG-1",8
"CGGAGCTTCACTTATC-1",7
"CGGAGCTTCATGTAGC-1",7
"CGGAGCTTCCACGAAT-1",7
"CGGAGTCAGTGCGATG-1",11
"CGGAGTCAGTGTGAAT-1",5
"CGGAGTCCAGTGGGAT-1",2
"CGGAGTCCATTATCTC-1",13
"CGGAGTCGTAGCTGCC-1",4
"CGGAGTCGTCCAGTGC-1",1
"CGGAGTCGTGTTCGAT-1",2
"CGGAGTCTCCCAGGTG-1",10
"CGGAGTCTCCGTAGTA-1",1
"CGGCTAGAGAAACGCC-1",11
"CGGCTAGAGCACCGTC-1",1
"CGGCTAGAGCTAAACA-1",2
"CGGCTAGCAGACAAAT-1",4
"CGGCTAGGTAACGCGA-1",3
"CGGCTAGGTTCATGGT-1",5
"CGGCTAGTCAAAGACA-1",4
"CGGCTAGTCGTGGGAA-1",6
"CGGCTAGTCTTGTTTG-1",4
"CGGGTCAAGAGTCGGT-1",8
"CGGGTCAAGCACACAG-1",6
"CGGGTCAAGCTAACTC-1",3
"CGGGTCAAGGACACCA-1",0
"CGGGTCAAGTATGACA-1",2
"CGGGTCACAATGACCT-1",13
"CGGGTCACACCGAAAG-1",0
"CGGGTCACAGCCACCA-1",2
"CGGGTCACATACAGCT-1",1
"CGGGTCACATCCTTGC-1",5
"CGGGTCAGTAGCGCTC-1",4
"CGGGTCAGTCGATTGT-1",1
"CGGGTCAGTGCAACTT-1",5
"CGGGTCAGTTGTTTGG-1",0
"CGGGTCATCAACACCA-1",7
"CGGGTCATCACCTTAT-1",8
"CGGGTCATCCACGACG-1",8
"CGGTTAACAGGACCCT-1",3
"CGGTTAACATGTCCTC-1",5
"CGGTTAACATTCCTGC-1",5
"CGGTTAAGTCGACTGC-1",12
"CGGTTAATCCGGCACA-1",0
"CGGTTAATCCTTTCGG-1",1
"CGGTTAATCTTATCTG-1",4
"CGTAGCGAGATGTAAC-1",5
"CGTAGCGAGGCAATTA-1",14
"CGTAGCGAGTAGGTGC-1",0
"CGTAGCGCAAGCGCTC-1",0
"CGTAGCGTCCAACCAA-1",4
"CGTAGCGTCGGCGGTT-1",3
"CGTAGGCAGGGCTCTC-1",7
"CGTAGGCCAAGCGATG-1",7
"CGTAGGCCACTAAGTC-1",9
"CGTAGGCCAGAGTGTG-1",0
"CGTAGGCCATCCCATC-1",4
"CGTAGGCGTATTAGCC-1",0
"CGTAGGCGTCAATACC-1",1
"CGTAGGCGTGGCGAAT-1",16
"CGTAGGCTCCAGAAGG-1",5
"CGTCACTAGTCATGCT-1",1
"CGTCACTCAAAGCGGT-1",7
"CGTCACTCAGGTCCAC-1",4
"CGTCACTCAGTCACTA-1",3
"CGTCACTTCCTTGACC-1",1
"CGTCACTTCGGTGTTA-1",2
"CGTCACTTCTGTGCAA-1",2
"CGTCACTTCTTGAGAC-1",6
"CGTCAGGAGCTGTTCA-1",5
"CGTCAGGCAAAGCAAT-1",1
"CGTCAGGCAAAGCGGT-1",7
"CGTCAGGCAACACGCC-1",1
"CGTCAGGCATCCGCGA-1",4
"CGTCAGGGTCAGCTAT-1",2
"CGTCAGGGTCGTTGTA-1",5
"CGTCAGGGTGTAAGTA-1",1
"CGTCAGGTCCACTGGG-1",5
"CGTCAGGTCGACAGCC-1",6
"CGTCAGGTCGGGAGTA-1",6
"CGTCCATAGACCACGA-1",0
"CGTCCATAGCGATTCT-1",3
"CGTCCATAGGCTATCT-1",9
"CGTCCATAGTCTCAAC-1",1
"CGTCCATCACGACTCG-1",6
"CGTCCATCATTCACTT-1",2
"CGTCCATGTCTAGCGC-1",0
"CGTCCATGTGATAAAC-1",5
"CGTCCATGTTTGGGCC-1",1
"CGTCCATGTTTGTGTG-1",2
"CGTCCATTCAACACCA-1",11
"CGTCCATTCATTCACT-1",0
"CGTCTACAGTGCGTGA-1",3
"CGTCTACGTAGTAGTA-1",6
"CGTCTACTCGAGCCCA-1",1
"CGTCTACTCGCCATAA-1",4
"CGTCTACTCGGCCGAT-1",8
"CGTCTACTCGTCCAGG-1",5
"CGTCTACTCTATCGCC-1",0
"CGTGAGCAGATCTGAA-1",13
"CGTGAGCAGCAATCTC-1",5
"CGTGAGCAGCGGATCA-1",7
"CGTGAGCAGCTAGTGG-1",15
"CGTGAGCAGCTTCGCG-1",1
"CGTGAGCAGGGCACTA-1",5
"CGTGAGCAGGGTGTGT-1",4
"CGTGAGCAGTGGAGAA-1",5
"CGTGAGCCAAGCCGCT-1",5
"CGTGAGCCACGTAAGG-1",3
"CGTGAGCCATACGCCG-1",2
"CGTGAGCGTAGATTAG-1",0
"CGTGAGCGTCTCTTAT-1",6
"CGTGAGCTCACAAACC-1",6
"CGTGAGCTCCAAATGC-1",1
"CGTGAGCTCCGAGCCA-1",11
"CGTGAGCTCGTTGCCT-1",5
"CGTGAGCTCTGGGCCA-1",10
"CGTGTAAAGATAGTCA-1",2
"CGTGTAAAGGTGTTAA-1",9
"CGTGTAAAGTACATGA-1",2
"CGTGTAACATGGGACA-1",1
"CGTGTAAGTCCGCTGA-1",0
"CGTGTAAGTGTCTGAT-1",3
"CGTGTAATCTACTATC-1",0
"CGTGTAATCTCGATGA-1",7
"CGTGTAATCTTTAGTC-1",2
"CGTGTCTAGGCGCTCT-1",0
"CGTGTCTAGGGATGGG-1",2
"CGTGTCTCAGACAAAT-1",3
"CGTGTCTCAGACACTT-1",4
"CGTGTCTGTAAGAGGA-1",4
"CGTGTCTGTATATGAG-1",2
"CGTGTCTGTCAAAGCG-1",0
"CGTGTCTGTTCCGTCT-1",7
"CGTGTCTTCAATCACG-1",1
"CGTGTCTTCAGAGGTG-1",7
"CGTGTCTTCATAGCAC-1",5
"CGTGTCTTCCGAACGC-1",5
"CGTGTCTTCGGCATCG-1",0
"CGTGTCTTCGTGGACC-1",0
"CGTGTCTTCTACTTAC-1",6
"CGTGTCTTCTGAGTGT-1",7
"CGTTAGAAGATCTGAA-1",1
"CGTTAGAAGGCCCTTG-1",5
"CGTTAGACACGAAAGC-1",0
"CGTTAGACAGCTTCGG-1",2
"CGTTAGAGTTTAAGCC-1",5
"CGTTAGATCACTTATC-1",8
"CGTTAGATCAGCCTAA-1",1
"CGTTCTGAGAAGGGTA-1",2
"CGTTCTGAGACTAGGC-1",3
"CGTTCTGAGTGAACAT-1",0
"CGTTCTGCAGCTCGCA-1",4
"CGTTCTGCATTGGCGC-1",6
"CGTTCTGGTGAGGGTT-1",0
"CGTTCTGTCTGATTCT-1",13
"CGTTGGGAGCTAGTTC-1",2
"CGTTGGGAGGATGCGT-1",2
"CGTTGGGCACATTAGC-1",5
"CGTTGGGCAGACAGGT-1",5
"CGTTGGGGTTCCCGAG-1",7
"CGTTGGGTCATGCTCC-1",5
"CGTTGGGTCCATGAAC-1",2
"CGTTGGGTCTACCAGA-1",6
"CTAACTTAGTCCTCCT-1",4
"CTAACTTCAATAGCAA-1",7
"CTAACTTCAATCGGTT-1",0
"CTAACTTGTGAGGCTA-1",0
"CTAACTTTCGTACGGC-1",5
"CTAACTTTCTGGCGTG-1",10
"CTAAGACAGGGAAACA-1",2
"CTAAGACAGTACATGA-1",3
"CTAAGACAGTTCGCGC-1",1
"CTAAGACCAAGTAATG-1",0
"CTAAGACCAGTAAGAT-1",6
"CTAAGACCATGCAATC-1",0
"CTAAGACGTAAGGATT-1",1
"CTAAGACGTATCAGTC-1",4
"CTAAGACGTCACCTAA-1",9
"CTAAGACTCGTTGCCT-1",8
"CTAAGACTCTTACCGC-1",6
"CTAAGACTCTTGAGGT-1",9
"CTAATGGAGCAATCTC-1",0
"CTAATGGAGCGCTCCA-1",4
"CTAATGGAGCTCCCAG-1",9
"CTAATGGAGCTGAAAT-1",2
"CTAATGGAGTTAGGTA-1",1
"CTAATGGCATGGAATA-1",7
"CTAATGGGTACCGCTG-1",5
"CTAATGGGTCTAGCGC-1",1
"CTAATGGGTGAGGGAG-1",0
"CTAATGGGTTGGTGGA-1",1
"CTAATGGTCATGCTCC-1",6
"CTAATGGTCCACTGGG-1",5
"CTAATGGTCCGTTGCT-1",11
"CTAATGGTCCTAGAAC-1",8
"CTACACCAGTGCGATG-1",6
"CTACACCCACGGACAA-1",1
"CTACACCGTAATAGCA-1",0
"CTACACCGTCTGATTG-1",2
"CTACACCGTTCGTCTC-1",0
"CTACACCTCAGAAATG-1",3
"CTACACCTCGGCTTGG-1",4
"CTACACCTCGGTCCGA-1",6
"CTACACCTCTCGCATC-1",4
"CTACACCTCTCTGCTG-1",14
"CTACATTAGATCACGG-1",7
"CTACATTCACTCGACG-1",3
"CTACATTCATTTCACT-1",13
"CTACATTGTGATGATA-1",5
"CTACATTGTTCGAATC-1",3
"CTACATTTCAACGCTA-1",6
"CTACATTTCGCCATAA-1",0
"CTACATTTCTAGCACA-1",11
"CTACCCACACAGAGGT-1",3
"CTACCCACACGACGAA-1",14
"CTACCCACATGGTTGT-1",2
"CTACCCAGTATCTGCA-1",4
"CTACCCAGTATGAATG-1",4
"CTACCCAGTCAGAAGC-1",1
"CTACCCAGTGTGACCC-1",5
"CTACCCAGTTATGTGC-1",6
"CTACCCATCTACGAGT-1",1
"CTACGTCAGGTGCAAC-1",4
"CTACGTCAGTGCGATG-1",1
"CTACGTCAGTTGTCGT-1",10
"CTACGTCCATATACCG-1",0
"CTACGTCGTATATGGA-1",7
"CTACGTCGTGTGGTTT-1",1
"CTACGTCTCAAAGTAG-1",4
"CTACGTCTCACGACTA-1",10
"CTACGTCTCACGGTTA-1",9
"CTACGTCTCCTAGAAC-1",5
"CTAGAGTAGCTGTCTA-1",5
"CTAGAGTAGGATCGCA-1",0
"CTAGAGTAGTCCATAC-1",9
"CTAGAGTCACATTAGC-1",5
"CTAGAGTCAGTATGCT-1",8
"CTAGAGTCATACTCTT-1",5
"CTAGAGTCATGTAAGA-1",4
"CTAGAGTGTGACCAAG-1",7
"CTAGAGTTCAACACCA-1",6
"CTAGAGTTCCGTCAAA-1",10
"CTAGAGTTCCTAAGTG-1",6
"CTAGAGTTCGCCAGCA-1",7
"CTAGAGTTCGCTTAGA-1",9
"CTAGAGTTCGTGACAT-1",3
"CTAGAGTTCTGATTCT-1",4
"CTAGCCTCACCAGATT-1",6
"CTAGCCTGTATATCCG-1",0
"CTAGCCTGTGATGCCC-1",11
"CTAGCCTTCGGGAGTA-1",3
"CTAGTGAAGCTGGAAC-1",3
"CTAGTGAAGTGTACCT-1",2
"CTAGTGACAAGTCTAC-1",4
"CTAGTGACAGGATCGA-1",12
"CTAGTGAGTTATGCGT-1",6
"CTAGTGATCAGTTGAC-1",8
"CTAGTGATCCAGTAGT-1",7
"CTCACACAGCTAAGAT-1",2
"CTCACACAGCTGCCCA-1",1
"CTCACACAGGATGCGT-1",0
"CTCACACCACGTAAGG-1",6
"CTCACACCACTGTTAG-1",4
"CTCACACCATATACGC-1",3
"CTCACACGTGCTGTAT-1",4
"CTCACACGTTCCATGA-1",5
"CTCACACGTTTGGGCC-1",3
"CTCACACTCACCGGGT-1",12
"CTCACACTCATCGGAT-1",2
"CTCACACTCCGCGCAA-1",0
"CTCACACTCTAACCGA-1",2
"CTCAGAAAGAGCTGCA-1",1
"CTCAGAAAGGAGTAGA-1",7
"CTCAGAACAACGCACC-1",4
"CTCAGAACAAGCGATG-1",3
"CTCAGAACAGGGCATA-1",6
"CTCAGAAGTGACGGTA-1",2
"CTCAGAATCTTAACCT-1",6
"CTCATTAAGAACTGTA-1",2
"CTCATTACATGGTCAT-1",8
"CTCATTAGTGTAACGG-1",9
"CTCATTAGTTTACTCT-1",12
"CTCCTAGCAAGTACCT-1",9
"CTCCTAGCAATTCCTT-1",9
"CTCCTAGCACTGTCGG-1",0
"CTCCTAGCAGTCCTTC-1",4
"CTCCTAGCATAACCTG-1",3
"CTCCTAGCATGCGCAC-1",5
"CTCCTAGGTAGAAAGG-1",9
"CTCCTAGGTCCGAGTC-1",14
"CTCCTAGGTCTAGCCG-1",1
"CTCCTAGGTGTTTGTG-1",15
"CTCCTAGGTTCGTGAT-1",2
"CTCCTAGGTTGTTTGG-1",6
"CTCCTAGTCACTTACT-1",3
"CTCCTAGTCTCATTCA-1",7
"CTCGAAAAGCCCAACC-1",8
"CTCGAAAAGCTATGCT-1",13
"CTCGAAAAGGCCCTTG-1",2
"CTCGAAAAGGGCTTCC-1",9
"CTCGAAACAAGCCGTC-1",2
"CTCGAAACACATTAGC-1",15
"CTCGAAACACCGAAAG-1",6
"CTCGAAACACGGCTAC-1",2
"CTCGAAACAGTAAGAT-1",1
"CTCGAAACATACGCCG-1",0
"CTCGAGGAGCCATCGC-1",2
"CTCGAGGAGGGCTTCC-1",6
"CTCGAGGCAGATAATG-1",6
"CTCGAGGGTATTCTCT-1",1
"CTCGAGGGTGCCTGGT-1",7
"CTCGGAGAGTCCCACG-1",9
"CTCGGAGCACTTCTGC-1",4
"CTCGGAGCAGCTGCAC-1",9
"CTCGGAGCAGGATCGA-1",10
"CTCGGAGGTAGCCTAT-1",2
"CTCGGAGGTCATGCCG-1",0
"CTCGGAGTCAAACGGG-1",3
"CTCGGAGTCACATACG-1",14
"CTCGGAGTCAGCTTAG-1",1
"CTCGGGAAGACCTAGG-1",12
"CTCGGGACACAGCCCA-1",8
"CTCGGGACATAAAGGT-1",1
"CTCGGGACATCCCACT-1",13
"CTCGGGACATGTCGAT-1",5
"CTCGGGAGTCGCGTGT-1",8
"CTCGGGAGTGACTACT-1",1
"CTCGGGAGTTACGACT-1",0
"CTCGGGATCCGTACAA-1",10
"CTCGGGATCCTTGACC-1",0
"CTCGGGATCTTAGCCC-1",1
"CTCGGGATCTTGTTTG-1",6
"CTCGTACAGCGATAGC-1",11
"CTCGTACCAGCGTAAG-1",9
"CTCGTACCATAGTAAG-1",1
"CTCGTACGTAGAGTGC-1",5
"CTCGTACGTATCACCA-1",8
"CTCGTACGTGCAGTAG-1",4
"CTCGTACTCAAAGTAG-1",1
"CTCGTACTCAATCTCT-1",2
"CTCGTACTCGTTGCCT-1",0
"CTCGTACTCTGGTTCC-1",4
"CTCGTCAAGATGCCTT-1",14
"CTCGTCAAGTGGAGTC-1",2
"CTCGTCAAGTTTGCGT-1",2
"CTCGTCACAACGATCT-1",0
"CTCGTCACACATCCGG-1",4
"CTCGTCACAGTCGTGC-1",14
"CTCGTCAGTCTCATCC-1",9
"CTCGTCAGTCTCCATC-1",5
"CTCGTCAGTGAGCGAT-1",0
"CTCGTCAGTTGACGTT-1",3
"CTCGTCAGTTGGGACA-1",0
"CTCGTCATCACTTATC-1",6
"CTCGTCATCGACCAGC-1",4
"CTCGTCATCTGCTGTC-1",1
"CTCTAATCACCAGGTC-1",8
"CTCTAATCACGGTGTC-1",3
"CTCTAATCAGGAATCG-1",2
"CTCTAATGTCCAAGTT-1",7
"CTCTACGAGCTAAACA-1",4
"CTCTACGAGCTAGTGG-1",6
"CTCTACGAGTACGCCC-1",3
"CTCTACGAGTAGGCCA-1",0
"CTCTACGCAATAACGA-1",3
"CTCTACGCAGACGCTC-1",15
"CTCTACGCATGACATC-1",4
"CTCTACGTCATGTCTT-1",5
"CTCTACGTCCCTAATT-1",3
"CTCTACGTCGGCATCG-1",11
"CTCTACGTCGGTCTAA-1",0
"CTCTGGTAGCAGCGTA-1",0
"CTCTGGTAGCGTTCCG-1",5
"CTCTGGTAGGCATGGT-1",1
"CTCTGGTAGTGCCAGA-1",0
"CTCTGGTCACAAGCCC-1",3
"CTCTGGTCAGCCTTTC-1",4
"CTCTGGTTCATCTGTT-1",11
"CTCTGGTTCTTGTACT-1",2
"CTGAAACAGATCCCGC-1",5
"CTGAAACAGGTGCTAG-1",4
"CTGAAACAGTCCGTAT-1",2
"CTGAAACAGTGTCTCA-1",3
"CTGAAACGTCATCGGC-1",11
"CTGAAACGTTAAAGAC-1",2
"CTGAAACTCATACGGT-1",3
"CTGAAGTAGTGCGTGA-1",7
"CTGAAGTCAGCTGTAT-1",10
"CTGAAGTGTTAAAGTG-1",3
"CTGAAGTTCAAGCCTA-1",5
"CTGAAGTTCGGATGTT-1",4
"CTGATAGAGGGAGTAA-1",0
"CTGATAGAGTGCAAGC-1",2
"CTGATAGCAGCCTTTC-1",14
"CTGATAGCATCCCATC-1",0
"CTGATAGCATCTCCCA-1",2
"CTGATAGGTCAAAGCG-1",1
"CTGATAGGTCGCTTTC-1",3
"CTGATAGGTTACGACT-1",1
"CTGATAGTCGCGATCG-1",1
"CTGATAGTCTTATCTG-1",0
"CTGATCCAGGCATTGG-1",3
"CTGATCCAGGTGACCA-1",3
"CTGATCCCACAGAGGT-1",5
"CTGATCCCAGGCTGAA-1",2
"CTGATCCGTGCCTGGT-1",2
"CTGATCCGTTATCCGA-1",6
"CTGATCCGTTGTGGCC-1",0
"CTGCCTAAGGGTCTCC-1",12
"CTGCCTAAGGTGATAT-1",3
"CTGCCTAAGTACGCGA-1",4
"CTGCCTAAGTGCGTGA-1",3
"CTGCCTACATCCCACT-1",8
"CTGCCTATCAATAAGG-1",3
"CTGCGGAAGAAGGACA-1",6
"CTGCGGAAGAGCTGGT-1",5
"CTGCGGAAGATGAGAG-1",1
"CTGCGGACAGGTCGTC-1",0
"CTGCGGACATGTCTCC-1",1
"CTGCGGAGTCACTTCC-1",3
"CTGCGGAGTCGTGGCT-1",6
"CTGCGGAGTTCTGTTT-1",5
"CTGCGGAGTTGGACCC-1",8
"CTGCGGATCGCCTGTT-1",0
"CTGCGGATCTTACCGC-1",0
"CTGCTGTAGGGTGTTG-1",5
"CTGCTGTAGTACCGGA-1",5
"CTGCTGTAGTGGAGAA-1",3
"CTGCTGTCACATCTTT-1",6
"CTGCTGTGTTAAAGAC-1",2
"CTGCTGTTCTCCAACC-1",7
"CTGCTGTTCTTACCGC-1",4
"CTGGTCTAGCGTTGCC-1",22
"CTGGTCTAGGACAGCT-1",4
"CTGGTCTAGGGCTTGA-1",13
"CTGGTCTAGTCGAGTG-1",12
"CTGGTCTCAAAGGAAG-1",0
"CTGGTCTCACCAGTTA-1",0
"CTGGTCTGTACCTACA-1",1
"CTGGTCTGTACGCTGC-1",7
"CTGGTCTGTCCGCTGA-1",2
"CTGGTCTGTCCGTTAA-1",5
"CTGGTCTGTTCATGGT-1",8
"CTGGTCTGTTCGTGAT-1",6
"CTGGTCTTCAACGGGA-1",8
"CTGGTCTTCACTTACT-1",4
"CTGGTCTTCTTACCTA-1",2
"CTGTGCTGTATATCCG-1",7
"CTGTGCTGTCATCCCT-1",5
"CTGTGCTGTCCCTACT-1",4
"CTGTGCTGTCGGCACT-1",2
"CTGTGCTTCCATTCTA-1",2
"CTGTGCTTCCGTACAA-1",2
"CTGTTTAAGAAACCGC-1",0
"CTGTTTAAGATCGATA-1",5
"CTGTTTAAGGAGTTGC-1",5
"CTGTTTAGTCAAAGCG-1",3
"CTGTTTATCAGCCTAA-1",0
"CTGTTTATCATTTGGG-1",4
"CTGTTTATCTCCAGGG-1",2
"CTGTTTATCTCTTGAT-1",7
"CTGTTTATCTTCTGGC-1",13
"CTTAACTAGCCAGTAG-1",2
"CTTAACTAGGCTCTTA-1",3
"CTTAACTAGGTGCACA-1",12
"CTTAACTAGTCTCGGC-1",1
"CTTACCGAGCGCTTAT-1",9
"CTTACCGAGGCTACGA-1",1
"CTTACCGCAGATCTGT-1",0
"CTTACCGCAGTCAGAG-1",10
"CTTACCGGTCCTGCTT-1",1
"CTTACCGGTCGCCATG-1",1
"CTTACCGGTCTACCTC-1",3
"CTTACCGTCGGACAAG-1",3
"CTTAGGAAGCCCAACC-1",2
"CTTAGGACACGACGAA-1",0
"CTTAGGAGTTATGTGC-1",0
"CTTAGGATCCCATTTA-1",33
"CTTAGGATCTTTACAC-1",3
"CTTCTCTAGAACTCGG-1",4
"CTTCTCTAGAGTGAGA-1",4
"CTTCTCTAGCAGGCTA-1",3
"CTTCTCTAGTTAACGA-1",14
"CTTCTCTCAAAGGTGC-1",16
"CTTCTCTGTAACGACG-1",7
"CTTCTCTGTGCATCTA-1",1
"CTTCTCTTCGAGCCCA-1",7
"CTTGGCTAGCGATATA-1",1
"CTTGGCTAGTACGTTC-1",14
"CTTGGCTCATTACCTT-1",5
"CTTGGCTGTCTCCATC-1",2
"CTTGGCTTCCCTAATT-1",8
"CTTGGCTTCGCGTAGC-1",2
"CTTGGCTTCTCGTTTA-1",5
"CTTTGCGAGCAAATCA-1",5
"CTTTGCGAGCGTTCCG-1",12
"CTTTGCGAGTATCTCG-1",4
"CTTTGCGCAATTCCTT-1",5
"CTTTGCGCACTTAAGC-1",2
"CTTTGCGCAGACGCAA-1",3
"CTTTGCGGTAGAGGAA-1",4
"CTTTGCGTCCAGGGCT-1",1
"GAAACTCAGAGACGAA-1",11
"GAAACTCAGAGGTTAT-1",2
"GAAACTCAGCAGCCTC-1",3
"GAAACTCAGCCCAGCT-1",5
"GAAACTCAGCTAAACA-1",22
"GAAACTCAGTGCTGCC-1",11
"GAAACTCCAAGCCCAC-1",8
"GAAACTCCACATGACT-1",4
"GAAACTCCAGACACTT-1",0
"GAAACTCCATGGATGG-1",0
"GAAACTCGTACTCGCG-1",0
"GAAACTCGTAGCGATG-1",4
"GAAACTCGTGTGAAAT-1",2
"GAAACTCGTTTGTGTG-1",3
"GAAATGAAGACTAGGC-1",0
"GAAATGAAGCCAGTTT-1",6
"GAAATGAAGCTAGTCT-1",3
"GAAATGAAGTACGTAA-1",2
"GAAATGATCATGCTCC-1",6
"GAAATGATCCTCGCAT-1",8
"GAACATCAGATGGCGT-1",4
"GAACATCCAACAACCT-1",10
"GAACATCCACATCTTT-1",3
"GAACATCCACCTATCC-1",4
"GAACATCCACGGACAA-1",1
"GAACATCCATGCTAGT-1",4
"GAACATCGTACGACCC-1",0
"GAACATCGTGGACGAT-1",2
"GAACATCGTTCCCGAG-1",2
"GAACATCTCCAAGTAC-1",3
"GAACATCTCGATCCCT-1",1
"GAACATCTCTCCAACC-1",25
"GAACCTAAGAACTGTA-1",7
"GAACCTAAGAGCAATT-1",5
"GAACCTAAGCCAGTAG-1",0
"GAACCTACAAGGACAC-1",1
"GAACCTACAGACACTT-1",1
"GAACCTAGTACCAGTT-1",11
"GAACCTAGTGTCAATC-1",4
"GAACCTATCACGATGT-1",1
"GAACGGAAGACGCAAC-1",1
"GAACGGAAGTAATCCC-1",5
"GAACGGAAGTCAATAG-1",3
"GAACGGAAGTGGACGT-1",6
"GAACGGACACAGCGTC-1",3
"GAACGGACACCTCGTT-1",9
"GAACGGACACTTAACG-1",4
"GAACGGAGTAGCGTAG-1",0
"GAACGGAGTCAGAGGT-1",4
"GAACGGAGTGGCGAAT-1",7
"GAACGGATCACTCCTG-1",2
"GAACGGATCCACGAAT-1",0
"GAACGGATCGTAGGAG-1",8
"GAACGGATCTGTCAAG-1",4
"GAAGCAGAGACTAAGT-1",8
"GAAGCAGAGAGACGAA-1",4
"GAAGCAGAGCCACGCT-1",13
"GAAGCAGAGTTCGCGC-1",9
"GAAGCAGCAATCCGAT-1",18
"GAAGCAGCACTCGACG-1",0
"GAAGCAGCAGATCTGT-1",0
"GAAGCAGCAGATGAGC-1",7
"GAAGCAGCATGAACCT-1",11
"GAAGCAGCATGGAATA-1",4
"GAAGCAGGTAACGCGA-1",0
"GAAGCAGGTCATACTG-1",6
"GAAGCAGTCCTAGTGA-1",4
"GAAGCAGTCTTATCTG-1",1
"GAATAAGCAAGGTGTG-1",2
"GAATAAGCAGACAAGC-1",1
"GAATAAGCATGCAACT-1",3
"GAATAAGGTCCGTTAA-1",9
"GAATAAGGTGAGTGAC-1",7
"GAATAAGGTTCCCTTG-1",3
"GAATAAGTCGTTTAGG-1",2
"GAATGAAAGAGTCTGG-1",9
"GAATGAAAGCTTATCG-1",1
"GAATGAAAGGCATGTG-1",5
"GAATGAACAAACGCGA-1",2
"GAATGAACAGTGAGTG-1",4
"GAATGAACATCATCCC-1",5
"GAATGAAGTCAACATC-1",9
"GAATGAAGTCTCACCT-1",6
"GAATGAAGTGGCAAAC-1",0
"GAATGAAGTTGCGTTA-1",1
"GAATGAATCAGTTAGC-1",11
"GAATGAATCCTGCCAT-1",2
"GACACGCAGACGCACA-1",4
"GACACGCAGAGTAATC-1",5
"GACACGCAGCCAACAG-1",1
"GACACGCAGGAGTTTA-1",3
"GACACGCAGGGCATGT-1",4
"GACACGCAGGTGCACA-1",6
"GACACGCAGTCCAGGA-1",4
"GACACGCAGTGGGATC-1",5
"GACACGCAGTGGGTTG-1",4
"GACACGCCAAGCGTAG-1",4
"GACACGCCAAGGACAC-1",6
"GACACGCCAGACGCTC-1",5
"GACACGCCATCCTTGC-1",16
"GACACGCGTTCACGGC-1",16
"GACACGCTCATGTAGC-1",9
"GACAGAGAGTACGATA-1",8
"GACAGAGCAACGATCT-1",7
"GACAGAGCAAGTCTAC-1",0
"GACAGAGCAGCTCCGA-1",0
"GACAGAGCAGCTGGCT-1",7
"GACAGAGGTAGAAAGG-1",5
"GACAGAGTCAAACAAG-1",14
"GACAGAGTCAGAGACG-1",2
"GACAGAGTCCTTCAAT-1",6
"GACAGAGTCCTTGCCA-1",2
"GACAGAGTCTTCATGT-1",11
"GACCAATAGAAGGGTA-1",0
"GACCAATAGCTACCGC-1",3
"GACCAATAGCTACCTA-1",2
"GACCAATCAGGTGCCT-1",5
"GACCAATCATGCGCAC-1",6
"GACCAATGTACAGTTC-1",4
"GACCAATGTCGCTTCT-1",9
"GACCAATTCCGATATG-1",4
"GACCAATTCGAATGGG-1",1
"GACCAATTCGTCACGG-1",7
"GACCTGGCATCACAAC-1",1
"GACCTGGCATGTCTCC-1",2
"GACCTGGCATTGGCGC-1",1
"GACCTGGGTAAAGGAG-1",0
"GACCTGGGTCCAGTTA-1",6
"GACCTGGGTGCAGTAG-1",7
"GACCTGGTCATAGCAC-1",3
"GACCTGGTCCTTGCCA-1",5
"GACCTGGTCGCATGAT-1",4
"GACCTGGTCGTCACGG-1",0
"GACGCGTAGTGGTAAT-1",7
"GACGCGTAGTTGTAGA-1",3
"GACGCGTGTAAAGGAG-1",7
"GACGCGTGTGTGAAAT-1",4
"GACGCGTGTTAAGACA-1",19
"GACGCGTTCAAACCGT-1",1
"GACGCGTTCCAAATGC-1",9
"GACGCGTTCCGCGGTA-1",0
"GACGCGTTCCTACAGA-1",0
"GACGCGTTCGACGGAA-1",1
"GACGCGTTCTCCGGTT-1",0
"GACGGCTAGAAGATTC-1",4
"GACGGCTAGAGCTGGT-1",1
"GACGGCTCAAGGTTTC-1",12
"GACGGCTCACCGCTAG-1",10
"GACGGCTCATGAACCT-1",8
"GACGGCTCATGCAACT-1",4
"GACGGCTGTGTGTGCC-1",1
"GACGGCTGTTATGTGC-1",4
"GACGGCTGTTTGGCGC-1",7
"GACGGCTTCTATCGCC-1",3
"GACGTGCAGGCAAAGA-1",4
"GACGTGCAGGGTGTGT-1",4
"GACGTGCAGGTGTTAA-1",2
"GACGTGCCAGGTCGTC-1",5
"GACGTGCGTAACGTTC-1",4
"GACGTGCTCACCTCGT-1",5
"GACGTTAAGCTACCGC-1",5
"GACGTTAAGGCAAAGA-1",5
"GACGTTAAGTCAAGCG-1",1
"GACGTTACAAGCCATT-1",2
"GACGTTACAAGGTTTC-1",3
"GACGTTACAGACACTT-1",14
"GACGTTAGTATCTGCA-1",4
"GACGTTAGTTTGACAC-1",16
"GACGTTAGTTTGACTG-1",9
"GACGTTATCACAGGCC-1",7
"GACGTTATCATTGCGA-1",3
"GACGTTATCCCGGATG-1",1
"GACGTTATCCGAAGAG-1",3
"GACGTTATCGCGTTTC-1",3
"GACGTTATCTGTCCGT-1",7
"GACTAACAGACAGAGA-1",13
"GACTAACAGTGGAGAA-1",6
"GACTAACCAAATCCGT-1",0
"GACTAACGTCTAGTCA-1",3
"GACTAACGTGCAACTT-1",7
"GACTAACGTTCAGACT-1",10
"GACTAACTCCGCGCAA-1",0
"GACTAACTCCTTTCTC-1",7
"GACTAACTCTTGCCGT-1",8
"GACTAACTCTTTACAC-1",6
"GACTACAAGATATGGT-1",2
"GACTACACAAATCCGT-1",5
"GACTACAGTGCTGTAT-1",8
"GACTACATCAGCCTAA-1",0
"GACTACATCAGGTAAA-1",7
"GACTACATCTGCAGTA-1",8
"GACTGCGAGCGTAGTG-1",3
"GACTGCGAGTTGTAGA-1",1
"GACTGCGCACTTAACG-1",6
"GACTGCGCATGTTCCC-1",3
"GACTGCGGTACGCACC-1",1
"GACTGCGGTTCTCATT-1",6
"GACTGCGTCAACACAC-1",19
"GACTGCGTCACGACTA-1",2
"GACTGCGTCGCCCTTA-1",11
"GACTGCGTCTCAAACG-1",3
"GAGCAGAGTAGGGTAC-1",4
"GAGCAGAGTCAGATAA-1",8
"GAGCAGAGTCATATGC-1",0
"GAGCAGAGTGAGCGAT-1",2
"GAGCAGAGTGTAACGG-1",0
"GAGCAGAGTGTGACCC-1",7
"GAGCAGAGTTCGGGCT-1",9
"GAGCAGAGTTTAAGCC-1",0
"GAGCAGAGTTTGCATG-1",10
"GAGGTGAAGCAACGGT-1",3
"GAGGTGAAGGCTCTTA-1",3
"GAGGTGAAGTGGTAGC-1",10
"GAGGTGAAGTTGTAGA-1",1
"GAGGTGACACTGTCGG-1",8
"GAGGTGACATCCTTGC-1",2
"GAGGTGACATGCATGT-1",3
"GAGGTGAGTACCTACA-1",4
"GAGGTGAGTCATTAGC-1",5
"GAGGTGAGTTCCTCCA-1",1
"GAGGTGATCATCGCTC-1",1
"GAGGTGATCTAGAGTC-1",4
"GAGGTGATCTCTAGGA-1",12
"GAGGTGATCTGCTGTC-1",0
"GAGGTGATCTGGGCCA-1",1
"GAGTCCGAGGACAGAA-1",7
"GAGTCCGAGGCATGTG-1",1
"GAGTCCGAGGCGTACA-1",0
"GAGTCCGCAAACCCAT-1",1
"GAGTCCGGTCAAGCGA-1",0
"GAGTCCGGTGACCAAG-1",1
"GAGTCCGGTGACTCAT-1",3
"GAGTCCGGTGTGACCC-1",1
"GAGTCCGGTTCGGGCT-1",7
"GAGTCCGGTTTGCATG-1",3
"GAGTCCGTCGGCGCAT-1",5
"GAGTCCGTCTGATTCT-1",2
"GATCAGTAGATGTCGG-1",0
"GATCAGTAGTGGTAGC-1",0
"GATCAGTGTATATGAG-1",3
"GATCAGTGTCTGCGGT-1",1
"GATCAGTGTTATGCGT-1",4
"GATCAGTGTTGTACAC-1",5
"GATCAGTTCCCGACTT-1",0
"GATCGATAGAATGTTG-1",2
"GATCGATAGAGCTGCA-1",1
"GATCGATAGCATGGCA-1",2
"GATCGATCAAGCGAGT-1",3
"GATCGATCAAGCGTAG-1",3
"GATCGATGTCAACATC-1",6
"GATCGATGTTGCCTCT-1",3
"GATCGATTCCGCATCT-1",8
"GATCGCGAGATAGTCA-1",3
"GATCGCGAGCCTTGAT-1",8
"GATCGCGAGGAGCGTT-1",1
"GATCGCGCAGGTCGTC-1",0
"GATCGCGGTACAGCAG-1",4
"GATCGCGGTGAGTATA-1",1
"GATCGCGGTTGTCGCG-1",1
"GATCGCGTCACTCCTG-1",7
"GATCGTAAGACATAAC-1",5
"GATCGTAAGCTCAACT-1",6
"GATCGTACATAACCTG-1",0
"GATCGTAGTGGCTCCA-1",4
"GATCGTATCATATCGG-1",1
"GATCGTATCATGTCCC-1",1
"GATCGTATCTTACCGC-1",0
"GATCTAGAGCGTCTAT-1",3
"GATCTAGAGTGGAGAA-1",3
"GATCTAGCAACACCTA-1",2
"GATCTAGCAAGGGTCA-1",3
"GATCTAGGTCTAAAGA-1",0
"GATCTAGGTCTCACCT-1",5
"GATCTAGGTCTCTTTA-1",1
"GATCTAGTCACATAGC-1",5
"GATCTAGTCTAAGCCA-1",0
"GATGAAAAGAGTAATC-1",7
"GATGAAAAGCTCCCAG-1",0
"GATGAAACACGGTAGA-1",2
"GATGAAACAGCTGTAT-1",5
"GATGAAAGTGGGTATG-1",3
"GATGAAATCACCCTCA-1",3
"GATGAAATCACTCCTG-1",4
"GATGAAATCAGCAACT-1",2
"GATGAAATCGAGAGCA-1",4
"GATGAGGAGATCCCGC-1",0
"GATGAGGAGTTCGATC-1",6
"GATGAGGCACCAGTTA-1",3
"GATGAGGGTATCACCA-1",2
"GATGAGGGTATTCGTG-1",4
"GATGAGGGTCGCGTGT-1",2
"GATGAGGGTGATGATA-1",0
"GATGAGGTCACAGGCC-1",6
"GATGAGGTCACATAGC-1",0
"GATGAGGTCCCTTGTG-1",12
"GATGAGGTCTGCTGTC-1",0
"GATGCTAAGACTAAGT-1",3
"GATGCTAAGGATGCGT-1",2
"GATGCTAAGGCTCTTA-1",7
"GATGCTAAGGGAACGG-1",2
"GATGCTAAGTATCTCG-1",6
"GATGCTAAGTCTCGGC-1",29
"GATGCTACATGTTGAC-1",1
"GATGCTACATTGCGGC-1",11
"GATGCTAGTCTCCATC-1",1
"GATGCTAGTGGAAAGA-1",1
"GATGCTAGTTAGGGTG-1",3
"GATGCTATCCTGTACC-1",11
"GATGCTATCGGCGCTA-1",1
"GATTCAGAGAAACCTA-1",2
"GATTCAGAGAGTGACC-1",1
"GATTCAGAGATTACCC-1",4
"GATTCAGAGGGTCGAT-1",5
"GATTCAGAGGTCGGAT-1",8
"GATTCAGAGTCAATAG-1",6
"GATTCAGCAAGTTGTC-1",2
"GATTCAGCAATTCCTT-1",9
"GATTCAGCAGGGTACA-1",0
"GATTCAGCATCGACGC-1",0
"GATTCAGCATTATCTC-1",9
"GATTCAGGTAAATACG-1",2
"GATTCAGTCAACTCTT-1",8
"GCAAACTAGATGTTAG-1",0
"GCAAACTAGTCATGCT-1",1
"GCAAACTAGTCTCAAC-1",2
"GCAAACTCACAGGTTT-1",0
"GCAAACTGTCAGATAA-1",3
"GCAAACTGTCTCCATC-1",1
"GCAAACTTCGTGGTCG-1",3
"GCAATCAAGGGATCTG-1",4
"GCAATCAAGTATCTCG-1",3
"GCAATCAAGTGGGTTG-1",7
"GCAATCACAGCTTAAC-1",4
"GCAATCACATGTCGAT-1",3
"GCAATCACATTCCTCG-1",4
"GCAATCAGTAGGAGTC-1",4
"GCAATCAGTATAATGG-1",8
"GCAATCAGTTCTCATT-1",3
"GCAATCAGTTCTGGTA-1",5
"GCACATAAGAGCTATA-1",4
"GCACATAAGATGTTAG-1",2
"GCACATAAGCCTTGAT-1",3
"GCACATAAGGAGTACC-1",3
"GCACATAAGTGAAGTT-1",0
"GCACATACACCACGTG-1",1
"GCACATACAGCTGTAT-1",1
"GCACATACAGGAACGT-1",12
"GCACATAGTCATCGGC-1",3
"GCACATAGTCCGAATT-1",6
"GCACATAGTCTCTTTA-1",3
"GCACATAGTGCGCTTG-1",3
"GCACATATCACCTCGT-1",10
"GCACATATCTGGTTCC-1",4
"GCACTCTCAAGACACG-1",11
"GCACTCTCAATCACAC-1",4
"GCACTCTCATTTCAGG-1",2
"GCACTCTGTAAACCTC-1",0
"GCACTCTGTACCAGTT-1",5
"GCACTCTGTAGAAAGG-1",2
"GCACTCTGTCGAACAG-1",0
"GCACTCTGTCTAGGTT-1",3
"GCACTCTTCAACTCTT-1",4
"GCACTCTTCCCTAATT-1",4
"GCACTCTTCTGCCCTA-1",4
"GCAGCCAAGCTGATAA-1",7
"GCAGCCACATGAGCGA-1",2
"GCAGCCAGTAATCGTC-1",3
"GCAGCCAGTGTCGCTG-1",6
"GCAGCCATCAGTTGAC-1",2
"GCAGCCATCCCAACGG-1",6
"GCAGCCATCCGTACAA-1",0
"GCAGTTAAGTCCATAC-1",4
"GCAGTTAAGTCCGTAT-1",3
"GCAGTTAAGTTAACGA-1",5
"GCAGTTAGTGGACGAT-1",0
"GCAGTTAGTTATTCTC-1",2
"GCAGTTATCGCGATCG-1",2
"GCATACAAGATCTGCT-1",10
"GCATACAAGCAACGGT-1",7
"GCATACACAACGCACC-1",1
"GCATACACAAGGACTG-1",1
"GCATACACAAGTCTGT-1",1
"GCATACACAGTCAGCC-1",13
"GCATACACATCCTAGA-1",2
"GCATACACATCGGAAG-1",6
"GCATACAGTCCGAACC-1",1
"GCATACAGTTCTGGTA-1",5
"GCATACATCCACGACG-1",2
"GCATGATAGAATGTTG-1",10
"GCATGATAGAGTAATC-1",6
"GCATGATAGCTGATAA-1",2
"GCATGATAGGACCACA-1",18
"GCATGATAGGCTAGCA-1",5
"GCATGATAGTCAAGCG-1",1
"GCATGATAGTGGAGAA-1",1
"GCATGATCACACCGAC-1",1
"GCATGATCACATTTCT-1",0
"GCATGATGTCCCTACT-1",1
"GCATGATGTTGCGCAC-1",2
"GCATGATTCGTGGACC-1",8
"GCATGCGAGCATGGCA-1",5
"GCATGCGAGTCCAGGA-1",3
"GCATGCGCACTGCCAG-1",1
"GCATGCGGTAAGGATT-1",2
"GCATGCGGTCCTCTTG-1",4
"GCATGCGGTGTGAAAT-1",5
"GCATGCGTCCGCGGTA-1",10
"GCATGTAAGAACTGTA-1",2
"GCATGTAAGACAGACC-1",6
"GCATGTAAGTACTTGC-1",15
"GCATGTAAGTGCAAGC-1",3
"GCATGTACAACACGCC-1",9
"GCATGTATCACGAAGG-1",0
"GCCAAATCAAACTGTC-1",10
"GCCAAATCAAGGGTCA-1",1
"GCCAAATCAAGTTCTG-1",3
"GCCAAATCAGCCACCA-1",1
"GCCAAATCATAACCTG-1",10
"GCCAAATGTATAAACG-1",3
"GCCAAATGTGTTTGGT-1",9
"GCCAAATGTTTCGCTC-1",0
"GCCAAATTCAGGTAAA-1",0
"GCCAAATTCCGAGCCA-1",0
"GCCAAATTCCGCGGTA-1",6
"GCCAAATTCGGCTACG-1",3
"GCCTCTAAGAGTACCG-1",1
"GCCTCTAAGCCATCGC-1",0
"GCCTCTAAGCCGCCTA-1",6
"GCCTCTAAGCGATAGC-1",3
"GCCTCTAAGCTGCAAG-1",17
"GCCTCTAAGCTTCGCG-1",5
"GCCTCTAAGTCACGCC-1",12
"GCCTCTACAAGACGTG-1",3
"GCCTCTACAGCTATTG-1",3
"GCCTCTAGTAAGGATT-1",3
"GCCTCTAGTGATGATA-1",0
"GCCTCTAGTTAAGGGC-1",2
"GCCTCTATCAGCGACC-1",0
"GCCTCTATCCGATATG-1",1
"GCCTCTATCGAATCCA-1",11
"GCCTCTATCGAGCCCA-1",2
"GCCTCTATCGCTGATA-1",0
"GCCTCTATCTTTAGGG-1",0
"GCGACCAAGAGGTTAT-1",3
"GCGACCACACTTACGA-1",1
"GCGACCAGTCAGGACA-1",4
"GCGACCAGTCTAGAGG-1",11
"GCGACCATCAACGGGA-1",9
"GCGACCATCCCGGATG-1",4
"GCGACCATCTACTCAT-1",8
"GCGAGAAAGGTTCCTA-1",6
"GCGAGAAAGTACGATA-1",10
"GCGAGAAAGTGTCTCA-1",2
"GCGAGAACAAGCCCAC-1",0
"GCGAGAACACTGAAGG-1",2
"GCGAGAAGTAGCGCTC-1",11
"GCGAGAAGTCCCTACT-1",3
"GCGAGAATCCTTTCGG-1",2
"GCGAGAATCGAGAGCA-1",6
"GCGAGAATCGCACTCT-1",3
"GCGCAACAGTCCTCCT-1",5
"GCGCAACAGTGTACGG-1",0
"GCGCAACCAAGTCTGT-1",6
"GCGCAACCAGCCACCA-1",1
"GCGCAACGTAGCGCTC-1",2
"GCGCAACGTCCCTTGT-1",5
"GCGCAACGTCCTAGCG-1",4
"GCGCAACGTCGACTAT-1",1
"GCGCAACGTCTAGAGG-1",3
"GCGCAACGTGCACGAA-1",0
"GCGCAACTCAATACCG-1",5
"GCGCAGTCACATCCAA-1",10
"GCGCAGTCATTACCTT-1",2
"GCGCAGTGTTAGGGTG-1",14
"GCGCAGTTCGATCCCT-1",7
"GCGCAGTTCGCGGATC-1",0
"GCGCCAAAGACATAAC-1",0
"GCGCCAAAGGACAGCT-1",12
"GCGCCAAAGGCCCTTG-1",0
"GCGCCAAAGGGCTTCC-1",9
"GCGCCAAAGGTACTCT-1",7
"GCGCCAACATAACCTG-1",0
"GCGCCAACATTGGGCC-1",6
"GCGCCAAGTACTTGAC-1",2
"GCGCCAAGTCGGCACT-1",4
"GCGCCAAGTGAAAGAG-1",5
"GCGCCAAGTTGTACAC-1",1
"GCGCCAATCCGTTGCT-1",3
"GCGCGATAGAAGGTTT-1",3
"GCGCGATAGCAGGTCA-1",4
"GCGCGATAGTGAATTG-1",3
"GCGCGATAGTTTGCGT-1",4
"GCGCGATCAGCTCGAC-1",4
"GCGCGATGTAAGTAGT-1",2
"GCGCGATGTATCACCA-1",2
"GCGCGATGTCACTTCC-1",6
"GCGCGATGTTACCAGT-1",10
"GCGCGATTCAGTTAGC-1",4
"GCGCGATTCGTTTAGG-1",4
"GCGGGTTAGAAACGAG-1",0
"GCGGGTTAGCTATGCT-1",5
"GCGGGTTAGTGTGAAT-1",7
"GCGGGTTCACGCGAAA-1",8
"GCGGGTTCAGGCAGTA-1",8
"GCGGGTTCAGTAACGG-1",0
"GCGGGTTGTGAGTATA-1",10
"GCGGGTTGTGGCGAAT-1",5
"GCGGGTTTCCAAAGTC-1",2
"GCGGGTTTCCTTTCTC-1",1
"GCGGGTTTCTCCAACC-1",3
"GCGGGTTTCTTGAGGT-1",0
"GCGGGTTTCTTGTATC-1",4
"GCTCCTACAAACTGTC-1",5
"GCTCCTACACCAGGTC-1",11
"GCTCCTACACCGATAT-1",0
"GCTCCTACAGGGTACA-1",11
"GCTCCTACATTAGCCA-1",16
"GCTCCTAGTCAGGACA-1",0
"GCTCCTAGTCCGTCAG-1",12
"GCTCCTATCAGCCTAA-1",3
"GCTCCTATCCCTAATT-1",10
"GCTCTGTAGAGGTAGA-1",1
"GCTCTGTAGCTGAACG-1",2
"GCTCTGTAGGAGTCTG-1",0
"GCTCTGTAGTGCTGCC-1",1
"GCTCTGTAGTGGACGT-1",2
"GCTCTGTTCACCTCGT-1",8
"GCTGCAGAGCGTGAGT-1",1
"GCTGCAGAGTCAAGCG-1",6
"GCTGCAGAGTCCCACG-1",0
"GCTGCAGCAATTGCTG-1",1
"GCTGCAGCATGCCCGA-1",6
"GCTGCAGCATGCCTAA-1",1
"GCTGCAGGTAAACCTC-1",1
"GCTGCAGGTACGAAAT-1",2
"GCTGCAGGTAGCGCAA-1",4
"GCTGCAGGTCACCCAG-1",5
"GCTGCAGGTCATGCCG-1",14
"GCTGCGAAGGAATGGA-1",6
"GCTGCGAGTCTAACGT-1",2
"GCTGCGAGTGTTTGGT-1",6
"GCTGCGATCTCCTATA-1",5
"GCTGCGATCTTGTTTG-1",6
"GCTGCTTAGAATTGTG-1",6
"GCTGCTTAGGCAATTA-1",5
"GCTGCTTCATCACGTA-1",4
"GCTGCTTCATCCAACA-1",0
"GCTGCTTCATGCCTAA-1",6
"GCTGCTTCATGGTCAT-1",6
"GCTGCTTGTAACGACG-1",3
"GCTGCTTGTAATCGTC-1",1
"GCTGCTTGTAGGGACT-1",2
"GCTGCTTGTGAAAGAG-1",0
"GCTGCTTTCCGGGTGT-1",6
"GCTGGGTAGACCCACC-1",4
"GCTGGGTAGCCACGCT-1",2
"GCTGGGTAGTCGCCGT-1",2
"GCTGGGTAGTCTCAAC-1",0
"GCTGGGTCACGGCTAC-1",0
"GCTGGGTCAGCCAATT-1",4
"GCTGGGTGTACAGTTC-1",3
"GCTGGGTGTACCGTTA-1",4
"GCTGGGTGTCGAGTTT-1",8
"GCTGGGTGTCTCCACT-1",3
"GCTGGGTGTGCCTGTG-1",1
"GCTGGGTTCAGCTTAG-1",2
"GCTGGGTTCCTTAATC-1",0
"GCTTCCAAGAAACCTA-1",2
"GCTTCCACACCACCAG-1",4
"GCTTCCACAGGTCGTC-1",3
"GCTTCCACAGTGAGTG-1",5
"GCTTCCAGTATAGGTA-1",3
"GCTTCCAGTTCAGCGC-1",0
"GCTTCCATCGTCCAGG-1",0
"GCTTGAAAGATGGCGT-1",4
"GCTTGAAAGCCGTCGT-1",7
"GCTTGAACAAACCTAC-1",6
"GCTTGAACACGGTGTC-1",0
"GCTTGAACATCGGAAG-1",4
"GCTTGAAGTGCGGTAA-1",5
"GCTTGAAGTTCTCATT-1",2
"GCTTGAATCAGGATCT-1",8
"GGAAAGCAGGCAGGTT-1",2
"GGAAAGCCAAACGCGA-1",1
"GGAAAGCCAAGTACCT-1",7
"GGAAAGCGTAAGCACG-1",4
"GGAAAGCGTCCTCCAT-1",2
"GGAAAGCGTCGCGTGT-1",1
"GGAAAGCGTGCTTCTC-1",6
"GGAAAGCTCCAGAGGA-1",6
"GGAACTTAGAGTAAGG-1",0
"GGAACTTCAATGTAAG-1",9
"GGAACTTCACAGGAGT-1",0
"GGAACTTCACCTCGTT-1",2
"GGAACTTGTCTCTTTA-1",18
"GGAACTTTCATTGCCC-1",6
"GGAACTTTCATTTGGG-1",2
"GGAACTTTCCGTCATC-1",4
"GGAACTTTCCTCAACC-1",0
"GGAACTTTCGGATGTT-1",7
"GGAATAAAGGTACTCT-1",14
"GGAATAAAGTGTCCAT-1",4
"GGAATAACAGCGTCCA-1",7
"GGAATAAGTCTGGTCG-1",2
"GGAATAAGTGCAGGTA-1",1
"GGAATAATCAGCACAT-1",2
"GGAATAATCTTTACGT-1",13
"GGACAAGAGGTACTCT-1",4
"GGACAAGCAACGATGG-1",9
"GGACAAGCAGTCGTGC-1",0
"GGACAAGCATGGGACA-1",3
"GGACAAGGTATAAACG-1",3
"GGACAAGGTATGAAAC-1",1
"GGACAAGGTCGGCATC-1",7
"GGACAAGGTTATGCGT-1",4
"GGACAAGTCTAACGGT-1",0
"GGACAGAAGCTAGTCT-1",8
"GGACAGAAGTACTTGC-1",3
"GGACAGACAACACGCC-1",1
"GGACAGACACAAGCCC-1",9
"GGACAGAGTAAGTGGC-1",4
"GGACAGAGTCTTTCAT-1",3
"GGACAGAGTGAGGGAG-1",11
"GGACAGAGTTCCACAA-1",2
"GGACAGATCAACGCTA-1",2
"GGACATTAGAGGGCTT-1",3
"GGACATTAGCCACGTC-1",3
"GGACATTCAAACGCGA-1",0
"GGACATTCAATGACCT-1",6
"GGACATTCACCAGCAC-1",8
"GGACATTGTTCTGGTA-1",5
"GGACATTTCCTCTAGC-1",0
"GGACGTCAGTACTTGC-1",0
"GGACGTCAGTGGTAAT-1",0
"GGACGTCCACAGTCGC-1",1
"GGACGTCGTGAGGGAG-1",3
"GGACGTCGTGGCGAAT-1",3
"GGACGTCGTTACGGAG-1",3
"GGACGTCGTTTAAGCC-1",5
"GGACGTCTCCACTCCA-1",3
"GGACGTCTCGCAAACT-1",4
"GGACGTCTCTCCAGGG-1",11
"GGACGTCTCTCGAGTA-1",0
"GGACGTCTCTGGTGTA-1",2
"GGACGTCTCTTCGAGA-1",5
"GGAGCAAAGAACTCGG-1",0
"GGAGCAAAGACTGTAA-1",3
"GGAGCAAAGCCGCCTA-1",3
"GGAGCAAAGCTAAACA-1",1
"GGAGCAAAGTACGCCC-1",4
"GGAGCAACAAGCTGTT-1",3
"GGAGCAACAATGGACG-1",0
"GGAGCAACAATTCCTT-1",2
"GGAGCAACATGCTGGC-1",4
"GGAGCAAGTGAGTATA-1",6
"GGAGCAAGTTACTGAC-1",4
"GGAGCAATCAAGATCC-1",1
"GGAGCAATCCCATTTA-1",11
"GGATGTTCAAACTGTC-1",0
"GGATGTTTCATCACCC-1",0
"GGATGTTTCATGCATG-1",1
"GGATGTTTCCTACAGA-1",7
"GGATGTTTCCTCTAGC-1",1
"GGATTACAGATCCCAT-1",0
"GGATTACAGCTTCGCG-1",0
"GGATTACAGGCTAGCA-1",7
"GGATTACAGTATCTCG-1",5
"GGATTACCAAGCGTAG-1",15
"GGATTACCACATCCGG-1",4
"GGATTACCAGCGTAAG-1",2
"GGATTACGTAATAGCA-1",10
"GGATTACGTACACCGC-1",6
"GGATTACGTCTCTTTA-1",0
"GGATTACGTTGAGGTG-1",4
"GGATTACTCGCGCCAA-1",8
"GGATTACTCGGCGCAT-1",5
"GGATTACTCTGCCCTA-1",5
"GGCAATTCAATCGGTT-1",6
"GGCAATTCACGGCGTT-1",5
"GGCAATTCATCACCCT-1",2
"GGCAATTGTCGATTGT-1",3
"GGCAATTTCACTTACT-1",4
"GGCAATTTCAGCACAT-1",5
"GGCAATTTCTCCGGTT-1",6
"GGCCGATAGTGTCTCA-1",3
"GGCCGATCACGGACAA-1",1
"GGCCGATGTAGGACAC-1",3
"GGCCGATGTCACTGGC-1",5
"GGCCGATGTCCCTACT-1",8
"GGCCGATTCACCGTAA-1",1
"GGCCGATTCCGCGCAA-1",2
"GGCGACTAGAGCTGGT-1",0
"GGCGACTAGGACCACA-1",0
"GGCGACTAGGTTACCT-1",2
"GGCGACTCAAAGCGGT-1",1
"GGCGACTCAAGAGTCG-1",4
"GGCGACTCACCAGGTC-1",7
"GGCGACTCATTGTGCA-1",3
"GGCGACTTCAGAAATG-1",0
"GGCGACTTCAGAGACG-1",2
"GGCGACTTCCAGATCA-1",16
"GGCGACTTCTCTAGGA-1",5
"GGCGTGTAGCTAGCCC-1",3
"GGCGTGTAGGGTATCG-1",1
"GGCGTGTCAGGTCCAC-1",2
"GGCGTGTCAGTATAAG-1",1
"GGCGTGTCATCGTCGG-1",1
"GGCGTGTCATGGAATA-1",3
"GGCGTGTGTCTCCCTA-1",1
"GGCGTGTTCTTGAGGT-1",1
"GGCTCGAAGCCGTCGT-1",10
"GGCTCGAAGGTAAACT-1",0
"GGCTCGACAAGAAGAG-1",4
"GGCTCGACAATAGCAA-1",1
"GGCTCGACATGGTCAT-1",8
"GGCTCGAGTATATCCG-1",1
"GGCTCGAGTTACGTCA-1",3
"GGCTCGAGTTAGGGTG-1",2
"GGCTCGATCTGCAAGT-1",0
"GGCTGGTAGAAGAAGC-1",5
"GGCTGGTAGACCCACC-1",3
"GGCTGGTCAAGGACAC-1",8
"GGCTGGTCACTGCCAG-1",1
"GGCTGGTCATTTCAGG-1",4
"GGCTGGTGTATTCTCT-1",3
"GGCTGGTGTCGCATCG-1",0
"GGCTGGTGTCTAGTGT-1",8
"GGCTGGTGTTATGCGT-1",1
"GGGAATGAGCGTTGCC-1",1
"GGGAATGAGTAGGTGC-1",0
"GGGAATGGTAAGGGAA-1",2
"GGGAATGTCAACGAAA-1",4
"GGGAATGTCCAGTATG-1",3
"GGGAATGTCCGGGTGT-1",9
"GGGACCTAGATGTAAC-1",1
"GGGACCTAGTCTTGCA-1",7
"GGGACCTCAATCAGAA-1",3
"GGGACCTCACTGAAGG-1",5
"GGGAGATAGTACGACG-1",2
"GGGAGATCAAAGTGCG-1",1
"GGGAGATCAAATCCGT-1",12
"GGGAGATCAAGGACTG-1",2
"GGGAGATCACGCGAAA-1",2
"GGGAGATGTAGCGCAA-1",7
"GGGAGATTCAACGGGA-1",5
"GGGAGATTCATCACCC-1",0
"GGGATGAAGTGACATA-1",6
"GGGATGACATCATCCC-1",1
"GGGATGAGTCACCCAG-1",2
"GGGATGAGTGGAAAGA-1",2
"GGGATGAGTTACGACT-1",5
"GGGATGAGTTGGTAAA-1",10
"GGGATGATCAGTTAGC-1",7
"GGGATGATCTATCCTA-1",9
"GGGATGATCTTTAGGG-1",4
"GGGCACTAGTCTCGGC-1",2
"GGGCACTCATCTCCCA-1",3
"GGGCACTTCACCTCGT-1",2
"GGGCACTTCTGAGGGA-1",2
"GGGCATCCAATGTAAG-1",7
"GGGCATCCAGTCTTCC-1",7
"GGGCATCGTGGCGAAT-1",0
"GGGCATCTCACAGTAC-1",6
"GGGCATCTCCCTTGTG-1",4
"GGGCATCTCCGGCACA-1",8
"GGGCATCTCTGTCCGT-1",0
"GGGCATCTCTTATCTG-1",5
"GGGTCTGAGAAGATTC-1",11
"GGGTCTGAGATCCCGC-1",3
"GGGTCTGAGCCAACAG-1",1
"GGGTCTGCACAGGCCT-1",1
"GGGTCTGCACCAGGTC-1",7
"GGGTCTGGTCTGGTCG-1",2
"GGGTCTGGTGATGATA-1",3
"GGGTCTGGTGTGACCC-1",0
"GGGTCTGTCAACTCTT-1",8
"GGGTCTGTCACTCCTG-1",5
"GGGTCTGTCCGTAGTA-1",1
"GGGTTGCAGACAGAGA-1",0
"GGGTTGCAGACCTTTG-1",2
"GGGTTGCAGATCGATA-1",6
"GGGTTGCAGGGTGTTG-1",3
"GGGTTGCAGGTGGGTT-1",5
"GGGTTGCCAATAACGA-1",0
"GGGTTGCCACGCCAGT-1",2
"GGGTTGCCATTAACCG-1",3
"GGGTTGCGTACATCCA-1",3
"GGGTTGCGTAGCGCAA-1",16
"GGGTTGCGTCCTCCAT-1",0
"GGGTTGCGTCGAGTTT-1",5
"GGGTTGCGTGAGTATA-1",10
"GGGTTGCGTGTGACCC-1",8
"GGGTTGCTCGTACCGG-1",2
"GGTATTGAGCACCGTC-1",3
"GGTATTGAGCTATGCT-1",13
"GGTATTGCACATCCAA-1",5
"GGTATTGCAGCTTCGG-1",2
"GGTATTGGTTCCGTCT-1",2
"GGTATTGTCAGAAATG-1",10
"GGTATTGTCCATTCTA-1",0
"GGTATTGTCGCCAGCA-1",9
"GGTGAAGAGACACGAC-1",4
"GGTGAAGAGATCCGAG-1",1
"GGTGAAGCAAGGTGTG-1",2
"GGTGAAGCACTCGACG-1",1
"GGTGAAGCAGTATGCT-1",18
"GGTGAAGGTATGAAAC-1",3
"GGTGAAGGTCAGAATA-1",6
"GGTGAAGGTGGTACAG-1",5
"GGTGAAGGTGTATGGG-1",8
"GGTGAAGGTGTCTGAT-1",12
"GGTGAAGGTGTGGTTT-1",7
"GGTGAAGGTGTGTGCC-1",7
"GGTGAAGTCACGATGT-1",3
"GGTGAAGTCACTCTTA-1",3
"GGTGAAGTCTGGCGTG-1",1
"GGTGCGTAGGTGATTA-1",0
"GGTGCGTAGTACGATA-1",1
"GGTGCGTCACTTAAGC-1",13
"GGTGCGTCAGCTGTAT-1",0
"GGTGCGTGTTCGTTGA-1",0
"GGTGCGTTCCGTACAA-1",6
"GGTGCGTTCTTGACGA-1",3
"GGTGTTAAGGGCTCTC-1",7
"GGTGTTAAGTAGCGGT-1",1
"GGTGTTAAGTGGGATC-1",10
"GGTGTTAAGTTATCGC-1",0
"GGTGTTACAAATCCGT-1",2
"GGTGTTACACGGATAG-1",0
"GGTGTTAGTAATCACC-1",1
"GGTGTTAGTAGCAAAT-1",9
"GGTGTTAGTGTATGGG-1",4
"GGTGTTAGTTGAACTC-1",1
"GGTGTTATCGGACAAG-1",8
"GGTGTTATCGGTGTTA-1",4
"GGTGTTATCTACTTAC-1",4
"GTAACGTAGGTGACCA-1",2
"GTAACGTCACAGGCCT-1",3
"GTAACGTGTACCATCA-1",2
"GTAACGTGTGAGTATA-1",6
"GTAACGTGTTACGGAG-1",2
"GTAACGTGTTAGGGTG-1",8
"GTAACGTTCGGTCCGA-1",4
"GTAACGTTCTCATTCA-1",11
"GTAACTGAGTGGGTTG-1",7
"GTAACTGCAATGGAAT-1",0
"GTAACTGCACAGGCCT-1",4
"GTAACTGCAGGATCGA-1",6
"GTAACTGCATCGGGTC-1",0
"GTAACTGGTATTACCG-1",3
"GTAACTGTCACGGTTA-1",3
"GTAACTGTCTACTATC-1",3
"GTACGTAAGGTGCTTT-1",4
"GTACGTACAGGAATGC-1",1
"GTACGTACATGGATGG-1",0
"GTACGTAGTGAGTGAC-1",6
"GTACGTAGTTGGTAAA-1",6
"GTACGTATCACCTCGT-1",4
"GTACGTATCATCGGAT-1",5
"GTACGTATCCACTGGG-1",5
"GTACTCCAGGCAGTCA-1",5
"GTACTCCCAATAGCGG-1",4
"GTACTCCCACAGGTTT-1",3
"GTACTCCTCACCTTAT-1",6
"GTACTCCTCATTGCCC-1",0
"GTACTCCTCCTTCAAT-1",0
"GTACTTTCAGTTAACC-1",2
"GTACTTTCATGTCGAT-1",2
"GTACTTTTCCGAAGAG-1",5
"GTAGGCCAGCAATCTC-1",0
"GTAGGCCCATTCGACA-1",0
"GTAGGCCGTAACGCGA-1",0
"GTAGGCCGTAAGGGCT-1",14
"GTAGGCCGTACGACCC-1",3
"GTAGGCCGTTCAGGCC-1",16
"GTAGGCCGTTGATTGC-1",14
"GTAGGCCTCAGCACAT-1",2
"GTAGTCAAGAATGTGT-1",1
"GTAGTCAAGATGCCTT-1",3
"GTAGTCAAGGACGAAA-1",11
"GTAGTCAAGTGAAGAG-1",1
"GTAGTCATCGTCACGG-1",4
"GTAGTCATCTGAAAGA-1",4
"GTATCTTAGAAACCAT-1",3
"GTATCTTAGGCTATCT-1",3
"GTATCTTAGTTGTCGT-1",10
"GTATCTTCACACCGCA-1",7
"GTATCTTCACGAAGCA-1",11
"GTATCTTGTTCGCTAA-1",6
"GTATCTTTCATGCTCC-1",7
"GTATCTTTCATGTAGC-1",11
"GTATTCTAGAAACCAT-1",0
"GTATTCTAGACAAAGG-1",11
"GTATTCTCAAAGTCAA-1",3
"GTATTCTCAACAACCT-1",2
"GTATTCTCAACTTGAC-1",8
"GTATTCTCAATAAGCA-1",6
"GTATTCTCAGGGTTAG-1",10
"GTATTCTCATACTACG-1",4
"GTATTCTCATGGTAGG-1",2
"GTATTCTGTAGTGAAT-1",3
"GTATTCTGTCTAGAGG-1",6
"GTCAAGTCATATGCTG-1",0
"GTCAAGTCATGGTTGT-1",2
"GTCAAGTGTCAGCTAT-1",0
"GTCAAGTGTTCCACTC-1",4
"GTCACAAAGCCGATTT-1",4
"GTCACAAAGTGGAGTC-1",15
"GTCACAACAGGTGGAT-1",2
"GTCACAAGTAAACGCG-1",9
"GTCACAATCAGGATCT-1",2
"GTCACAATCAGTTGAC-1",2
"GTCACAATCATGCATG-1",13
"GTCACGGAGATCACGG-1",17
"GTCACGGCATATACCG-1",5
"GTCACGGGTGAGTGAC-1",1
"GTCACGGGTGTGGCTC-1",8
"GTCACGGTCGAGAGCA-1",4
"GTCACGGTCTACCTGC-1",16
"GTCATTTAGAGACTAT-1",4
"GTCATTTCACGTGAGA-1",9
"GTCATTTGTAGAAGGA-1",1
"GTCATTTGTCAGATAA-1",3
"GTCATTTTCCAGAGGA-1",3
"GTCCTCAAGCCCAACC-1",0
"GTCCTCAAGTAGATGT-1",2
"GTCCTCAAGTGGGCTA-1",4
"GTCCTCACAATCACAC-1",1
"GTCCTCAGTGGAAAGA-1",2
"GTCCTCATCAAAGACA-1",4
"GTCCTCATCGTCCGTT-1",3
"GTCGGGTCACTGAAGG-1",1
"GTCGGGTCACTTCGAA-1",2
"GTCGGGTCATGAAGTA-1",0
"GTCGGGTGTCTCACCT-1",5
"GTCGGGTGTGTGACGA-1",4
"GTCGGGTGTGTGTGCC-1",8
"GTCGGGTGTTACGTCA-1",4
"GTCGGGTTCTGCTGTC-1",3
"GTCGGGTTCTGTGCAA-1",3
"GTCGTAAAGAGATGAG-1",6
"GTCGTAAAGCTGCAAG-1",0
"GTCGTAAAGGCGACAT-1",6
"GTCGTAACATCACGAT-1",12
"GTCGTAAGTATCACCA-1",6
"GTCGTAATCCAAGTAC-1",1
"GTCTCGTAGACCACGA-1",2
"GTCTCGTCAGGAACGT-1",1
"GTCTCGTGTGGTAACG-1",0
"GTCTCGTGTTTGGCGC-1",11
"GTCTCGTTCACCGGGT-1",2
"GTCTCGTTCAGTGCAT-1",2
"GTCTTCGAGACAAGCC-1",1
"GTCTTCGAGGAATGGA-1",1
"GTCTTCGAGTCAAGCG-1",0
"GTCTTCGCACATGGGA-1",2
"GTCTTCGCACCAGGTC-1",1
"GTCTTCGCAGACGCAA-1",6
"GTCTTCGCATAACCTG-1",4
"GTCTTCGCATCGATGT-1",2
"GTCTTCGGTCTAGTGT-1",1
"GTCTTCGTCTCGATGA-1",4
"GTGAAGGAGAGCTGGT-1",6
"GTGAAGGAGATCGGGT-1",3
"GTGAAGGAGCCAGTTT-1",6
"GTGAAGGAGTGTTGAA-1",1
"GTGAAGGCAAAGGCGT-1",9
"GTGAAGGCACTTAAGC-1",4
"GTGAAGGCAGATTGCT-1",5
"GTGAAGGGTATATGGA-1",0
"GTGAAGGGTCTCTCTG-1",4
"GTGAAGGTCTCCTATA-1",0
"GTGCAGCAGACATAAC-1",4
"GTGCAGCAGTGGTCCC-1",4
"GTGCAGCCACATCTTT-1",5
"GTGCAGCGTGAGTATA-1",1
"GTGCAGCTCTTAGAGC-1",4
"GTGCATAAGGCATGGT-1",5
"GTGCATAGTTTGTTGG-1",9
"GTGCATATCAGAGCTT-1",2
"GTGCATATCATCATTC-1",0
"GTGCATATCTGCGTAA-1",5
"GTGCGGTAGCAATCTC-1",4
"GTGCGGTAGGACAGAA-1",3
"GTGCGGTCAAAGGTGC-1",5
"GTGCGGTGTTCAGACT-1",3
"GTGCGGTGTTCTGTTT-1",9
"GTGCGGTTCATCTGCC-1",0
"GTGCGGTTCCAGGGCT-1",2
"GTGCGGTTCGGATGGA-1",1
"GTGCGGTTCTCGTTTA-1",1
"GTGCGGTTCTGCTGTC-1",1
"GTGCTTCAGCCAGTTT-1",4
"GTGCTTCAGGATTCGG-1",2
"GTGCTTCAGTACACCT-1",0
"GTGCTTCCACTTAACG-1",13
"GTGCTTCCAGCTATTG-1",5
"GTGCTTCGTAGAGTGC-1",10
"GTGCTTCTCACAATGC-1",7
"GTGCTTCTCACTTCAT-1",4
"GTGGGTCAGACCGGAT-1",6
"GTGGGTCAGACTGTAA-1",1
"GTGGGTCAGCCGTCGT-1",6
"GTGGGTCCACCAACCG-1",16
"GTGGGTCCACCACCAG-1",1
"GTGTGCGAGACCGGAT-1",5
"GTGTGCGAGACTTGAA-1",4
"GTGTGCGCAGGTCGTC-1",1
"GTGTGCGGTGAGCGAT-1",2
"GTGTGCGTCAGTCAGT-1",4
"GTGTGCGTCCCTTGTG-1",5
"GTGTGCGTCTAACTTC-1",0
"GTGTTAGAGCACGCCT-1",0
"GTGTTAGAGGACAGAA-1",3
"GTGTTAGAGGCATGGT-1",0
"GTGTTAGAGTGGAGAA-1",1
"GTGTTAGAGTTTGCGT-1",3
"GTGTTAGCAATGGAAT-1",0
"GTGTTAGCACCACCAG-1",0
"GTGTTAGGTGCCTGGT-1",7
"GTGTTAGGTGGAAAGA-1",4
"GTGTTAGGTTCCATGA-1",5
"GTGTTAGGTTGGGACA-1",3
"GTTAAGCAGAGCTGCA-1",5
"GTTAAGCAGATAGCAT-1",8
"GTTAAGCAGCTAACAA-1",0
"GTTAAGCAGGCTACGA-1",8
"GTTAAGCAGTGTACCT-1",8
"GTTAAGCAGTTTGCGT-1",3
"GTTAAGCCATTCACTT-1",0
"GTTAAGCGTACTCGCG-1",2
"GTTAAGCGTCTAGGTT-1",2
"GTTAAGCGTGGCAAAC-1",10
"GTTAAGCGTTGCTCCT-1",0
"GTTAAGCTCCTTTCGG-1",2
"GTTACAGAGAGCTATA-1",7
"GTTACAGAGTACGATA-1",5
"GTTACAGCAGACGCCT-1",4
"GTTACAGCATCGGTTA-1",9
"GTTACAGGTATGGTTC-1",2
"GTTACAGGTCGACTGC-1",7
"GTTACAGGTCTAGGTT-1",2
"GTTCATTAGCGATGAC-1",7
"GTTCATTCATATACGC-1",5
"GTTCATTCATTGGCGC-1",1
"GTTCATTGTGCACGAA-1",3
"GTTCATTGTGTTAAGA-1",4
"GTTCATTGTTCAGTAC-1",5
"GTTCGGGAGACGACGT-1",10
"GTTCGGGAGCTAAGAT-1",7
"GTTCGGGAGTGTCTCA-1",6
"GTTCGGGGTAGGGTAC-1",1
"GTTCGGGGTGCAGGTA-1",1
"GTTCGGGTCCACGCAG-1",5
"GTTCGGGTCTACTTAC-1",4
"GTTCTCGAGACCACGA-1",1
"GTTCTCGAGCGATGAC-1",3
"GTTCTCGAGGCCATAG-1",7
"GTTCTCGCATCGGACC-1",0
"GTTCTCGGTAAGGGAA-1",7
"GTTCTCGGTAGCGTAG-1",0
"GTTCTCGGTCCGTGAC-1",6
"GTTCTCGGTGTTAAGA-1",1
"GTTCTCGTCAACGCTA-1",6
"GTTCTCGTCCTGTACC-1",3
"GTTTCTACAAACCTAC-1",2
"GTTTCTACAAGAAAGG-1",8
"GTTTCTAGTGTTGGGA-1",7
"GTTTCTATCCCAACGG-1",0
"GTTTCTATCCGTAGTA-1",11
"GTTTCTATCGGCATCG-1",11
"TAAACCGGTACTTAGC-1",3
"TAAACCGTCACTCTTA-1",7
"TAAACCGTCAGGCGAA-1",3
"TAAACCGTCCGTTGTC-1",5
"TAAACCGTCTTCCTTC-1",0
"TAAGAGACAAGTTGTC-1",3
"TAAGAGAGTATATCCG-1",5
"TAAGAGATCAATCACG-1",3
"TAAGAGATCTAACGGT-1",11
"TAAGAGATCTTTCCTC-1",6
"TAAGCGTAGTGGACGT-1",1
"TAAGCGTAGTGTCTCA-1",0
"TAAGCGTCAGCTTCGG-1",9
"TAAGCGTCAGGTGGAT-1",6
"TAAGCGTGTCCTGCTT-1",1
"TAAGCGTGTGCCTGGT-1",3
"TAAGCGTGTTGTTTGG-1",7
"TAAGCGTTCCTCATTA-1",1
"TAAGCGTTCGGCGCAT-1",6
"TAAGCGTTCTCGCATC-1",6
"TAAGTGCAGGCTAGGT-1",0
"TAAGTGCAGTAGCGGT-1",2
"TAAGTGCCAACGCACC-1",3
"TAAGTGCCATACAGCT-1",5
"TAAGTGCGTAAACACA-1",0
"TAAGTGCGTCTCACCT-1",9
"TAAGTGCGTTCAGACT-1",3
"TAAGTGCTCACCCTCA-1",6
"TAAGTGCTCACTGGGC-1",0
"TAAGTGCTCTGGCGTG-1",4
"TACACGACACCCATTC-1",0
"TACACGAGTGATAAAC-1",3
"TACACGATCTGTCTCG-1",0
"TACAGTGAGATGCGAC-1",8
"TACAGTGAGCGTTGCC-1",0
"TACAGTGAGTGTACGG-1",2
"TACAGTGCAGGAATCG-1",3
"TACAGTGCAGGTGCCT-1",11
"TACAGTGGTACTCAAC-1",2
"TACAGTGGTTGGACCC-1",2
"TACCTATAGAGCTGGT-1",0
"TACCTATAGAGTTGGC-1",2
"TACCTATAGGCTCATT-1",4
"TACCTATAGTTAGCGG-1",9
"TACCTATCAAGCTGGA-1",4
"TACCTATGTAAATGAC-1",6
"TACCTATGTAGAGTGC-1",0
"TACCTATGTCACCTAA-1",1
"TACCTATGTGTTGAGG-1",3
"TACCTATGTTAAAGAC-1",0
"TACCTATTCTATGTGG-1",2
"TACCTATTCTTCCTTC-1",0
"TACCTTAAGAGGTTGC-1",4
"TACCTTAAGTCAAGCG-1",3
"TACCTTAAGTGGTCCC-1",12
"TACCTTACAACTGGCC-1",2
"TACCTTACAAGGGTCA-1",9
"TACCTTACACTCAGGC-1",1
"TACCTTACATCTACGA-1",3
"TACCTTAGTAGCGTCC-1",1
"TACCTTAGTCTCCACT-1",4
"TACGGATAGATGGCGT-1",1
"TACGGATAGGTACTCT-1",13
"TACGGATCAGGGATTG-1",3
"TACGGATCATCACCCT-1",6
"TACGGATGTCTAGCCG-1",1
"TACGGATTCGGTGTCG-1",3
"TACGGATTCTACTATC-1",2
"TACGGGCAGGATGCGT-1",3
"TACGGGCAGGGAACGG-1",4
"TACGGGCAGTATTGGA-1",4
"TACGGGCAGTCAAGCG-1",1
"TACGGGCCAAGAAGAG-1",0
"TACGGGCCACCAGATT-1",0
"TACGGGCCATCAGTAC-1",3
"TACGGGCGTAAGGGCT-1",6
"TACGGGCGTCTGATTG-1",1
"TACGGGCGTGATGTGG-1",0
"TACGGGCTCACCTTAT-1",7
"TACGGGCTCAGCTCTC-1",2
"TACGGGCTCCACGAAT-1",6
"TACGGGCTCCTATTCA-1",5
"TACGGGCTCGGTGTTA-1",6
"TACGGTAAGATATGGT-1",10
"TACGGTAAGCCGATTT-1",3
"TACGGTAAGTCATGCT-1",1
"TACGGTAAGTGCCATT-1",2
"TACGGTACACAGGCCT-1",5
"TACGGTACATTTCAGG-1",6
"TACGGTAGTATATCCG-1",1
"TACGGTAGTCACTTCC-1",10
"TACGGTAGTGCAGGTA-1",0
"TACGGTAGTGGGTATG-1",0
"TACGGTATCGCAGGCT-1",5
"TACGGTATCGGACAAG-1",8
"TACGGTATCGTTTATC-1",1
"TACTCATAGTCACGCC-1",6
"TACTCATCAATCTACG-1",5
"TACTCATCACGGTAGA-1",0
"TACTCATCACTTCTGC-1",11
"TACTCATCATCCGTGG-1",2
"TACTCATCATGTCGAT-1",0
"TACTCATGTACAGCAG-1",2
"TACTCATGTCTTCAAG-1",4
"TACTCATTCCTTTCTC-1",1
"TACTCGCAGGCGACAT-1",0
"TACTCGCGTCAGAAGC-1",0
"TACTCGCGTCTGATTG-1",2
"TACTCGCGTGTAACGG-1",5
"TACTCGCGTTGAGTTC-1",4
"TACTCGCTCAACGGGA-1",1
"TACTCGCTCCGAATGT-1",2
"TACTTACAGACTAGGC-1",4
"TACTTACAGCTGAACG-1",4
"TACTTACAGTACACCT-1",2
"TACTTACAGTACGCCC-1",4
"TACTTACAGTGATCGG-1",4
"TACTTACCAAGCCGTC-1",9
"TACTTACCACAGGTTT-1",5
"TACTTACTCGCGTTTC-1",8
"TACTTGTAGCGATATA-1",3
"TACTTGTAGTAATCCC-1",7
"TACTTGTCAAACAACA-1",4
"TACTTGTCATGCAACT-1",4
"TACTTGTGTAGCACGA-1",1
"TACTTGTGTATAAACG-1",1
"TACTTGTGTTCCACAA-1",0
"TACTTGTTCTGCAGTA-1",4
"TAGACCAAGAGACGAA-1",0
"TAGACCAAGCCTCGTG-1",1
"TAGACCAAGTCGATAA-1",10
"TAGACCACAACACCCG-1",4
"TAGACCAGTAGATTAG-1",2
"TAGACCAGTTCATGGT-1",3
"TAGACCATCACTTCAT-1",0
"TAGACCATCGTCACGG-1",6
"TAGACCATCTCCAGGG-1",4
"TAGAGCTAGAATTCCC-1",3
"TAGAGCTAGTATTGGA-1",1
"TAGAGCTCACTGAAGG-1",7
"TAGAGCTGTACTTGAC-1",3
"TAGAGCTGTAGGGACT-1",0
"TAGAGCTGTCTAAAGA-1",3
"TAGCCGGAGACTGGGT-1",1
"TAGCCGGAGTCCCACG-1",0
"TAGCCGGAGTGACATA-1",4
"TAGCCGGCAGCAGTTT-1",4
"TAGCCGGGTACAGTGG-1",3
"TAGCCGGGTACCATCA-1",2
"TAGCCGGGTCGCGAAA-1",8
"TAGCCGGTCACGACTA-1",4
"TAGCCGGTCCAGGGCT-1",1
"TAGGCATAGAACTGTA-1",10
"TAGGCATAGCTAGGCA-1",4
"TAGGCATAGTCGTACT-1",7
"TAGGCATAGTTTAGGA-1",4
"TAGGCATCAAGCCTAT-1",1
"TAGGCATCAGACGCAA-1",8
"TAGGCATGTACGAAAT-1",3
"TAGGCATGTCCAGTTA-1",2
"TAGGCATGTTCCACTC-1",5
"TAGGCATTCCCTAACC-1",10
"TAGGCATTCGCTAGCG-1",7
"TAGGCATTCGTAGATC-1",5
"TAGGCATTCTTCATGT-1",1
"TAGTGGTAGATCACGG-1",4
"TAGTGGTAGCTGTTCA-1",6
"TAGTGGTCAGTATAAG-1",0
"TAGTGGTGTAGCGTAG-1",3
"TAGTGGTTCAGCATGT-1",1
"TAGTGGTTCGGCGCAT-1",1
"TAGTGGTTCTCAAGTG-1",1
"TAGTGGTTCTGGGCCA-1",9
"TAGTGGTTCTTTAGTC-1",1
"TAGTTGGAGATAGGAG-1",0
"TAGTTGGCAGACGCAA-1",3
"TAGTTGGCATGCGCAC-1",11
"TAGTTGGGTATGGTTC-1",11
"TAGTTGGTCCGAATGT-1",0
"TAGTTGGTCTACTCAT-1",0
"TAGTTGGTCTCTAAGG-1",9
"TAGTTGGTCTGATACG-1",4
"TATCAGGAGAGTAAGG-1",0
"TATCAGGAGATCCGAG-1",1
"TATCAGGAGCAGATCG-1",3
"TATCAGGAGGTGCTTT-1",2
"TATCAGGCAACTTGAC-1",4
"TATCAGGCACGTTGGC-1",7
"TATCAGGGTCCGTTAA-1",5
"TATCAGGGTCTGCAAT-1",9
"TATCAGGGTTAAAGAC-1",1
"TATCAGGTCAAGATCC-1",5
"TATCAGGTCCACTCCA-1",16
"TATCAGGTCGTAGGTT-1",6
"TATCTCAAGAGTTGGC-1",2
"TATCTCAAGCCACCTG-1",14
"TATCTCAAGCGTAATA-1",3
"TATCTCAAGGCTAGCA-1",2
"TATCTCAAGTGGGCTA-1",3
"TATCTCACATGTCCTC-1",2
"TATCTCAGTAACGACG-1",3
"TATCTCAGTACCTACA-1",1
"TATCTCAGTACGACCC-1",6
"TATCTCAGTCAATGTC-1",5
"TATCTCATCAAGCCTA-1",3
"TATGCCCAGAAACCGC-1",6
"TATGCCCAGGTAGCTG-1",6
"TATGCCCCAATGGAAT-1",1
"TATGCCCCACTTAACG-1",0
"TATGCCCCATGTTCCC-1",7
"TATGCCCGTAGCCTCG-1",2
"TATGCCCGTATAGGGC-1",6
"TATGCCCGTATGAAAC-1",5
"TATGCCCGTCGCCATG-1",24
"TATGCCCGTGCCTTGG-1",9
"TATGCCCGTTAAGATG-1",3
"TATGCCCGTTGGTGGA-1",6
"TATGCCCGTTTAGGAA-1",6
"TATGCCCTCGTCTGCT-1",0
"TATTACCAGAGAGCTC-1",1
"TATTACCAGCAAATCA-1",3
"TATTACCAGCCCGAAA-1",0
"TATTACCAGTATCTCG-1",6
"TATTACCCAAAGTGCG-1",1
"TATTACCCAGACAAGC-1",2
"TATTACCCAGTCAGCC-1",0
"TATTACCCATAAAGGT-1",1
"TATTACCCATCTACGA-1",0
"TATTACCGTCCAGTAT-1",3
"TCAACGAAGCCGATTT-1",2
"TCAACGAAGCGATGAC-1",4
"TCAACGAAGGCATGTG-1",1
"TCAACGAAGTAGTGCG-1",8
"TCAACGACACCAGGCT-1",5
"TCAACGACATGCCTTC-1",9
"TCAACGAGTTACCAGT-1",2
"TCAACGAGTTCCATGA-1",1
"TCAACGAGTTCTGGTA-1",0
"TCAACGATCAGTCCCT-1",3
"TCAACGATCTGTGCAA-1",6
"TCAATCTAGATCCCGC-1",8
"TCAATCTCACAAGCCC-1",2
"TCAATCTCACAGCCCA-1",9
"TCAATCTCATGACGGA-1",5
"TCAATCTCATTTGCTT-1",2
"TCAATCTGTAGTGAAT-1",3
"TCAATCTGTTAGATGA-1",7
"TCAATCTTCAGATAAG-1",1
"TCAATCTTCATGTCCC-1",1
"TCACAAGAGACTGGGT-1",1
"TCACAAGAGAGAGCTC-1",17
"TCACAAGAGGCCCTCA-1",0
"TCACAAGAGGTGGGTT-1",5
"TCACAAGAGTAGATGT-1",10
"TCACAAGCAGTATGCT-1",6
"TCACAAGCATAACCTG-1",0
"TCACAAGCATGACATC-1",9
"TCACAAGGTCAGATAA-1",5
"TCACAAGGTGTGGTTT-1",1
"TCACAAGTCATCATTC-1",5
"TCACAAGTCATGCATG-1",6
"TCACGAAAGCTCCTTC-1",1
"TCACGAAAGGTGCTTT-1",2
"TCACGAAAGTCTCGGC-1",7
"TCACGAACACAAGACG-1",5
"TCACGAACACTGTCGG-1",4
"TCACGAAGTGGTCCGT-1",1
"TCACGAAGTTGGTGGA-1",1
"TCACGAATCATGCAAC-1",2
"TCACGAATCCCGACTT-1",4
"TCACGAATCCTCGCAT-1",16
"TCACGAATCGTCACGG-1",4
"TCAGATGAGGTGCACA-1",2
"TCAGATGGTCTTGTCC-1",5
"TCAGATGGTGCCTGCA-1",0
"TCAGATGGTGCTGTAT-1",0
"TCAGATGTCAGTTTGG-1",3
"TCAGATGTCGCATGAT-1",1
"TCAGATGTCTCCTATA-1",0
"TCAGCAAAGGAGTCTG-1",16
"TCAGCAAAGGCTCATT-1",7
"TCAGCAAAGTACGACG-1",7
"TCAGCAAAGTGGCACA-1",5
"TCAGCAACACGCATCG-1",5
"TCAGCAAGTACCGGCT-1",12
"TCAGCAATCAGCGATT-1",2
"TCAGCAATCGGAAACG-1",10
"TCAGCAATCTTCAACT-1",0
"TCAGCTCAGGTGTTAA-1",4
"TCAGCTCAGTATGACA-1",8
"TCAGCTCCAATCTGCA-1",1
"TCAGCTCCACGGTTTA-1",7
"TCAGCTCGTAATAGCA-1",1
"TCAGCTCGTCCGTCAG-1",3
"TCAGCTCGTTCACGGC-1",0
"TCAGCTCTCACGATGT-1",3
"TCAGCTCTCATGCATG-1",2
"TCAGCTCTCCTAAGTG-1",4
"TCAGCTCTCTCGTATT-1",0
"TCAGGATAGACAGAGA-1",1
"TCAGGATAGATATGGT-1",2
"TCAGGATCAAACGTGG-1",11
"TCAGGATCAAGTTCTG-1",4
"TCAGGATCACGGTGTC-1",8
"TCAGGATCACTGTGTA-1",6
"TCAGGATCAGCATACT-1",4
"TCAGGATCATCTGGTA-1",4
"TCAGGATGTAAGCACG-1",0
"TCAGGATGTGGCCCTA-1",9
"TCAGGATTCCGATATG-1",4
"TCAGGATTCTCGATGA-1",0
"TCAGGTAAGATGGCGT-1",1
"TCAGGTAAGTGTTTGC-1",4
"TCAGGTACACAAGTAA-1",13
"TCAGGTACACAGAGGT-1",1
"TCAGGTACAGCTGCTG-1",4
"TCAGGTAGTAAACGCG-1",3
"TCATTACAGAAACCAT-1",2
"TCATTACAGGAGTTGC-1",3
"TCATTACAGTTGCAGG-1",3
"TCATTACCACATCCAA-1",8
"TCATTACCAGTCAGCC-1",5
"TCATTACGTACGCACC-1",3
"TCATTACGTCTAGAGG-1",10
"TCATTACGTGAAGGCT-1",6
"TCATTACGTTCTGTTT-1",0
"TCATTACTCATCGATG-1",4
"TCATTTGAGCCAGTTT-1",6
"TCATTTGCACGTCTCT-1",0
"TCATTTGCAGTTAACC-1",10
"TCATTTGTCCAGAGGA-1",3
"TCATTTGTCCCTTGCA-1",4
"TCATTTGTCCGTCAAA-1",3
"TCATTTGTCGCTAGCG-1",3
"TCATTTGTCGTACGGC-1",4
"TCATTTGTCTCTGCTG-1",4
"TCCACACCAAAGAATC-1",3
"TCCACACCACGCCAGT-1",6
"TCCACACGTACAGCAG-1",5
"TCCACACGTAGCCTAT-1",23
"TCCACACGTCATCGGC-1",10
"TCCACACGTGACCAAG-1",5
"TCCACACGTGCGAAAC-1",2
"TCCACACTCAACACCA-1",4
"TCCACACTCCAGTATG-1",6
"TCCACACTCCCATTTA-1",1
"TCCACACTCGAACTGT-1",2
"TCCCGATAGAAGAAGC-1",4
"TCCCGATAGCACAGGT-1",15
"TCCCGATAGCCGGTAA-1",2
"TCCCGATCAAGGTTCT-1",8
"TCCCGATCAGCCAATT-1",6
"TCCCGATCATCCAACA-1",4
"TCCCGATGTAAGGATT-1",12
"TCCCGATGTCAATACC-1",1
"TCCCGATTCAGAAATG-1",0
"TCCCGATTCAGTCCCT-1",5
"TCCCGATTCATCTGTT-1",4
"TCCCGATTCCCTAATT-1",17
"TCCCGATTCTGGAGCC-1",2
"TCGAGGCAGCGATGAC-1",10
"TCGAGGCAGTGTTTGC-1",8
"TCGAGGCCAAAGAATC-1",8
"TCGAGGCCAAGTTCTG-1",1
"TCGAGGCCAGTAACGG-1",5
"TCGAGGCGTATATCCG-1",4
"TCGAGGCTCGCAAGCC-1",3
"TCGAGGCTCTTGAGAC-1",4
"TCGAGGCTCTTTCCTC-1",8
"TCGCGAGAGACAAAGG-1",6
"TCGCGAGAGTGAATTG-1",4
"TCGCGAGCAAGCGTAG-1",9
"TCGCGAGCACCGAATT-1",1
"TCGCGAGCAGTAAGAT-1",0
"TCGCGAGTCCACGAAT-1",9
"TCGCGAGTCTAGCACA-1",5
"TCGCGAGTCTCTAGGA-1",10
"TCGCGAGTCTTCATGT-1",1
"TCGCGTTAGTGGGCTA-1",14
"TCGCGTTCACAGGCCT-1",3
"TCGCGTTCATCACAAC-1",0
"TCGCGTTCATCTCGCT-1",6
"TCGCGTTGTTCACCTC-1",7
"TCGCGTTTCAAGATCC-1",1
"TCGCGTTTCAGGTAAA-1",5
"TCGCGTTTCATTCACT-1",3
"TCGCGTTTCCTGTACC-1",3
"TCGCGTTTCGCCCTTA-1",15
"TCGGGACCACACATGT-1",3
"TCGGGACTCCTTGCCA-1",5
"TCGGGACTCTGCGGCA-1",8
"TCGGGACTCTTGTCAT-1",4
"TCGGTAAAGACAGGCT-1",5
"TCGGTAAAGCTCAACT-1",0
"TCGGTAACAAGCTGAG-1",0
"TCGGTAACAGGAATGC-1",7
"TCGGTAAGTATATGGA-1",1
"TCGGTAAGTCTAGTCA-1",9
"TCGGTAATCCCGGATG-1",3
"TCGTACCAGCAGGCTA-1",1
"TCGTACCAGTTTCCTT-1",6
"TCGTACCGTTTGCATG-1",5
"TCGTACCTCGGGAGTA-1",1
"TCGTAGAAGCTAACTC-1",6
"TCGTAGAAGGCGACAT-1",14
"TCGTAGAAGGGAACGG-1",3
"TCGTAGAAGTCCATAC-1",2
"TCGTAGACAATCCAAC-1",0
"TCGTAGACACTCAGGC-1",11
"TCGTAGAGTATGAATG-1",1
"TCGTAGAGTGAGCGAT-1",3
"TCGTAGAGTGTGTGCC-1",7
"TCGTAGAGTTCAACCA-1",13
"TCGTAGAGTTCCATGA-1",8
"TCGTAGATCCAAGCCG-1",6
"TCGTAGATCTTAGCCC-1",1
"TCTATTGAGCGATTCT-1",3
"TCTATTGAGTGCCATT-1",5
"TCTATTGCACATCTTT-1",9
"TCTATTGGTAAGTGTA-1",2
"TCTATTGGTCCAACTA-1",7
"TCTATTGGTCTGCCAG-1",5
"TCTATTGGTTGCTCCT-1",5
"TCTATTGTCGGCGCTA-1",3
"TCTCATAAGCTAAACA-1",10
"TCTCATAAGCTAGTCT-1",4
"TCTCATAAGTGCCATT-1",4
"TCTCATAGTACCGGCT-1",3
"TCTCATAGTGTAAGTA-1",7
"TCTCATATCAAGCCTA-1",7
"TCTCATATCACCTTAT-1",1
"TCTCATATCCTGTACC-1",2
"TCTCTAAAGACCGGAT-1",13
"TCTCTAAAGGGTGTTG-1",8
"TCTCTAACAGCCTATA-1",1
"TCTCTAAGTCCAGTAT-1",11
"TCTCTAAGTCCATGAT-1",4
"TCTCTAAGTCTCATCC-1",0
"TCTCTAAGTGGAAAGA-1",9
"TCTCTAATCAAACCAC-1",4
"TCTCTAATCAACGCTA-1",1
"TCTCTAATCACAGGCC-1",0
"TCTCTAATCACATACG-1",3
"TCTCTAATCCGTAGGC-1",3
"TCTCTAATCGTATCAG-1",8
"TCTGAGACAAACCTAC-1",5
"TCTGAGACACGGATAG-1",0
"TCTGAGACAGAGTGTG-1",0
"TCTGAGAGTAAGGGAA-1",3
"TCTGAGATCCTTGACC-1",7
"TCTGAGATCTATCCTA-1",5
"TCTGGAAAGCGATGAC-1",5
"TCTGGAAAGCTAGTTC-1",1
"TCTGGAAAGCTCTCGG-1",3
"TCTGGAAAGGAGCGAG-1",4
"TCTGGAACACAAGACG-1",1
"TCTGGAACACACTGCG-1",4
"TCTGGAACACTTCTGC-1",9
"TCTGGAAGTGAGTATA-1",4
"TCTGGAATCTGTCTAT-1",0
"TCTTCGGAGGTTCCTA-1",2
"TCTTCGGAGTTCGATC-1",2
"TCTTCGGCAAAGCAAT-1",0
"TCTTCGGCAAAGGTGC-1",1
"TCTTCGGCAATAGCAA-1",11
"TCTTCGGCAATGTAAG-1",9
"TCTTCGGCACACCGAC-1",8
"TCTTCGGCAGCCAATT-1",7
"TCTTCGGGTCATTAGC-1",0
"TCTTCGGTCGTAGGTT-1",8
"TCTTCGGTCTCTAAGG-1",10
"TCTTTCCAGAGAGCTC-1",3
"TCTTTCCAGTCATCCA-1",4
"TCTTTCCCATCTCCCA-1",7
"TCTTTCCGTAATCACC-1",1
"TCTTTCCGTAGTACCT-1",5
"TCTTTCCTCACAACGT-1",5
"TCTTTCCTCAGCTGGC-1",0
"TCTTTCCTCCAAGTAC-1",1
"TCTTTCCTCCTCGCAT-1",7
"TGAAAGAAGCTAAGAT-1",8
"TGAAAGACAAGCCGTC-1",6
"TGAAAGACACATTCGA-1",5
"TGAAAGACATGAGCGA-1",8
"TGAAAGAGTCTAGCGC-1",3
"TGAAAGAGTCTCATCC-1",5
"TGAAAGATCCCGACTT-1",4
"TGAAAGATCTATGTGG-1",9
"TGACAACCAAGCGAGT-1",2
"TGACAACGTAGGGACT-1",13
"TGACAACGTGCGCTTG-1",4
"TGACAACGTGGTTTCA-1",11
"TGACAACTCACAAACC-1",0
"TGACAACTCCACGTGG-1",0
"TGACAACTCGAATGCT-1",5
"TGACGGCAGCGCCTCA-1",7
"TGACGGCAGGCTCAGA-1",2
"TGACGGCAGTCAAGCG-1",2
"TGACGGCCACAGACTT-1",0
"TGACGGCGTCATCCCT-1",3
"TGACGGCTCAGGCGAA-1",1
"TGACGGCTCCACTGGG-1",2
"TGACTAGAGACCCACC-1",3
"TGACTAGAGGGCATGT-1",5
"TGACTAGAGTCTCAAC-1",11
"TGACTAGAGTTGAGAT-1",0
"TGACTAGCAGCATACT-1",6
"TGACTAGCAGTCAGAG-1",2
"TGACTAGCATTTCACT-1",11
"TGACTAGGTAAATACG-1",6
"TGACTAGGTGAAAGAG-1",10
"TGACTAGGTGCAGTAG-1",3
"TGACTAGTCATGCATG-1",0
"TGACTAGTCCATGCTC-1",11
"TGACTAGTCTGTTGAG-1",5
"TGACTTTAGAACAATC-1",17
"TGACTTTAGTCTCGGC-1",5
"TGACTTTAGTTAGGTA-1",1
"TGACTTTCAGTCCTTC-1",5
"TGACTTTCATTATCTC-1",2
"TGACTTTGTCACACGC-1",12
"TGACTTTTCCTCAATT-1",1
"TGACTTTTCTGCCCTA-1",4
"TGAGAGGAGGCTCATT-1",2
"TGAGAGGCAAAGTCAA-1",4
"TGAGAGGCAAGCCATT-1",2
"TGAGAGGCACCATGTA-1",1
"TGAGAGGGTCACTGGC-1",0
"TGAGAGGGTCTAAACC-1",2
"TGAGAGGTCGAACTGT-1",4
"TGAGAGGTCGCGTTTC-1",4
"TGAGAGGTCTGACCTC-1",7
"TGAGCATAGAAACGAG-1",19
"TGAGCATAGAAGCCCA-1",0
"TGAGCATAGATGTCGG-1",9
"TGAGCATAGGAATGGA-1",10
"TGAGCATCACCAGGCT-1",8
"TGAGCATCAGATGAGC-1",8
"TGAGCATCAGCGTAAG-1",1
"TGAGCATCAGCTGTAT-1",3
"TGAGCATGTGGCCCTA-1",5
"TGAGCATTCCACGTTC-1",0
"TGAGCATTCCGATATG-1",2
"TGAGCATTCGGCCGAT-1",5
"TGAGCCGCATCGGGTC-1",3
"TGAGCCGGTCGAACAG-1",3
"TGAGCCGGTGTAATGA-1",7
"TGAGCCGGTTGATTCG-1",12
"TGAGCCGTCATCTGCC-1",1
"TGAGCCGTCGTCACGG-1",2
"TGAGCCGTCTTGAGGT-1",10
"TGAGGGAAGAGACTAT-1",10
"TGAGGGAAGGAGTACC-1",10
"TGAGGGAAGTCATCCA-1",1
"TGAGGGAAGTCATGCT-1",8
"TGAGGGACACCAGTTA-1",6
"TGAGGGACATAAGACA-1",14
"TGAGGGAGTAAACGCG-1",0
"TGAGGGAGTTAGGGTG-1",3
"TGAGGGATCAACGGGA-1",1
"TGAGGGATCTAGCACA-1",0
"TGAGGGATCTCTTATG-1",4
"TGATTTCCATCCGGGT-1",13
"TGATTTCGTAGGCATG-1",1
"TGATTTCGTTAAGACA-1",1
"TGATTTCTCTGATTCT-1",2
"TGCACCTAGACCTTTG-1",7
"TGCACCTAGGACGAAA-1",11
"TGCACCTCAAGTTGTC-1",1
"TGCACCTCAATAGAGT-1",1
"TGCACCTCATCCGGGT-1",4
"TGCACCTGTAATCACC-1",8
"TGCACCTGTCACACGC-1",10
"TGCACCTTCACGGTTA-1",3
"TGCACCTTCATCGGAT-1",8
"TGCACCTTCCGCGGTA-1",1
"TGCACCTTCGAACTGT-1",6
"TGCACCTTCTCTTGAT-1",4
"TGCCAAACAATGTAAG-1",1
"TGCCAAACAATTCCTT-1",13
"TGCCAAAGTTCGCGAC-1",0
"TGCCAAATCCAAACTG-1",0
"TGCCAAATCCCTGACT-1",4
"TGCCAAATCGGCGGTT-1",5
"TGCCCATAGACTAGGC-1",10
"TGCCCATAGCGTCAAG-1",0
"TGCCCATAGCGTGAAC-1",3
"TGCCCATAGCTGTTCA-1",11
"TGCCCATAGGATGGAA-1",6
"TGCCCATAGTACGCCC-1",6
"TGCCCATAGTTGAGTA-1",5
"TGCCCATCACCAGGTC-1",1
"TGCCCATCACGAAATA-1",6
"TGCCCATCAGGACGTA-1",4
"TGCCCATCATGGAATA-1",2
"TGCCCATCATGGATGG-1",9
"TGCCCATGTAGCCTCG-1",0
"TGCCCATTCAAACCGT-1",8
"TGCCCATTCAGGCCCA-1",1
"TGCCCATTCCTTCAAT-1",0
"TGCCCATTCGGAAATA-1",0
"TGCCCTAAGGTCGGAT-1",5
"TGCCCTAAGGTTCCTA-1",1
"TGCCCTACACCACCAG-1",10
"TGCCCTACAGCCACCA-1",4
"TGCCCTACAGTGAGTG-1",3
"TGCCCTAGTCCGAGTC-1",2
"TGCCCTAGTGGTTTCA-1",1
"TGCCCTAGTTTCGCTC-1",0
"TGCCCTATCGACGGAA-1",3
"TGCCCTATCTTCGGTC-1",1
"TGCGCAGAGACTAGGC-1",3
"TGCGCAGAGCACACAG-1",12
"TGCGCAGAGCGTCTAT-1",4
"TGCGCAGAGGAGCGAG-1",2
"TGCGCAGCAAACGTGG-1",0
"TGCGCAGCAGCTCGCA-1",9
"TGCGCAGCAGTAGAGC-1",4
"TGCGCAGTCCTACAGA-1",5
"TGCGGGTAGAGACTTA-1",12
"TGCGGGTAGATCGATA-1",2
"TGCGGGTAGCTCTCGG-1",2
"TGCGGGTAGGTGTGGT-1",1
"TGCGGGTAGTACTTGC-1",0
"TGCGGGTCAATGGAAT-1",6
"TGCGGGTCACACGCTG-1",9
"TGCGGGTCATTGGGCC-1",3
"TGCGGGTGTAGAAAGG-1",2
"TGCGGGTGTCACCTAA-1",2
"TGCGGGTGTCAGATAA-1",2
"TGCGGGTGTTAGAACA-1",3
"TGCGGGTTCAGTTCGA-1",5
"TGCGGGTTCGTAGATC-1",8
"TGCGGGTTCTCTTGAT-1",0
"TGCGTGGAGACGCAAC-1",3
"TGCGTGGAGACTGGGT-1",1
"TGCGTGGAGTGAACGC-1",0
"TGCGTGGCAATTCCTT-1",12
"TGCGTGGGTGCACCAC-1",10
"TGCGTGGTCCGCGCAA-1",5
"TGCGTGGTCGCCCTTA-1",5
"TGCGTGGTCTGGCGAC-1",9
"TGCTACCAGAAAGTGG-1",5
"TGCTACCAGATGGCGT-1",11
"TGCTACCAGCAAATCA-1",1
"TGCTACCAGTCCGTAT-1",10
"TGCTACCCAAGAGGCT-1",1
"TGCTACCCACTTAACG-1",1
"TGCTACCCATCGTCGG-1",10
"TGCTACCCATGGTTGT-1",2
"TGCTACCGTGTGACGA-1",3
"TGCTACCTCCTCGCAT-1",6
"TGCTACCTCTTCTGGC-1",4
"TGCTGCTAGACTAAGT-1",2
"TGCTGCTAGGTGATAT-1",3
"TGCTGCTCAATAGAGT-1",0
"TGCTGCTCACAGACAG-1",9
"TGCTGCTCATCCCATC-1",0
"TGCTGCTCATGGTTGT-1",1
"TGCTGCTGTCATACTG-1",1
"TGCTGCTGTGAAGGCT-1",3
"TGCTGCTTCATTGCGA-1",5
"TGGACGCAGAGGTACC-1",0
"TGGACGCAGTCAAGGC-1",3
"TGGACGCCACAGAGGT-1",2
"TGGACGCCATGGTAGG-1",3
"TGGACGCGTCCGAACC-1",7
"TGGACGCGTCTCCCTA-1",2
"TGGCCAGAGAAGGTGA-1",1
"TGGCCAGAGAGTACAT-1",3
"TGGCCAGAGGCGATAC-1",4
"TGGCCAGAGGCGTACA-1",5
"TGGCCAGCAACTGCGC-1",4
"TGGCCAGCACGACTCG-1",4
"TGGCCAGGTCAATACC-1",10
"TGGCCAGTCGTAGATC-1",4
"TGGCCAGTCTATCCCG-1",8
"TGGCGCAAGCTACCTA-1",0
"TGGCGCAAGCTATGCT-1",0
"TGGCGCAAGTGTGGCA-1",3
"TGGCGCAAGTTACCCA-1",4
"TGGCGCACACAGGCCT-1",9
"TGGCGCACACGGATAG-1",4
"TGGCGCACAGCGATCC-1",0
"TGGCGCACATAGGATA-1",0
"TGGCGCACATATACGC-1",0
"TGGCGCAGTACTCTCC-1",9
"TGGCGCAGTGGACGAT-1",2
"TGGCGCAGTTATGTGC-1",2
"TGGCGCATCAAGAAGT-1",1
"TGGCGCATCATGCTCC-1",1
"TGGCGCATCATGTGGT-1",9
"TGGCGCATCATTATCC-1",0
"TGGCGCATCGTGGTCG-1",3
"TGGCTGGAGCGGATCA-1",17
"TGGCTGGAGTGCAAGC-1",3
"TGGCTGGCAAGTTAAG-1",0
"TGGCTGGCACGGATAG-1",3
"TGGCTGGCAGGAACGT-1",5
"TGGCTGGGTCGAGTTT-1",2
"TGGCTGGGTCGGCATC-1",4
"TGGCTGGGTCTAGCCG-1",7
"TGGCTGGGTTACGCGC-1",8
"TGGCTGGGTTGGACCC-1",3
"TGGCTGGTCTCGTTTA-1",3
"TGGGAAGAGATATACG-1",0
"TGGGAAGAGCCCAATT-1",0
"TGGGAAGAGCGCTCCA-1",4
"TGGGAAGAGGGCTTCC-1",2
"TGGGAAGAGTAAGTAC-1",21
"TGGGAAGAGTTAACGA-1",2
"TGGGAAGCAAGGTGTG-1",0
"TGGGAAGCAGATCCAT-1",5
"TGGGAAGCAGCGAACA-1",4
"TGGGAAGGTAAGTTCC-1",6
"TGGGAAGGTTAGATGA-1",7
"TGGGAAGGTTATTCTC-1",15
"TGGGAAGTCCCAAGAT-1",2
"TGGGAAGTCCTTCAAT-1",4
"TGGGAAGTCGTGGACC-1",4
"TGGGAAGTCTCCTATA-1",9
"TGGGCGTAGTCTCCTC-1",0
"TGGGCGTCAGACGTAG-1",0
"TGGGCGTCAGGGATTG-1",2
"TGGGCGTGTCCAAGTT-1",7
"TGGGCGTGTCTAGAGG-1",4
"TGGGCGTGTGGCTCCA-1",6
"TGGGCGTGTTTCGCTC-1",3
"TGGGCGTTCAGCTTAG-1",0
"TGGTTAGAGCTACCTA-1",2
"TGGTTAGAGTTAGGTA-1",8
"TGGTTAGGTGATGATA-1",0
"TGGTTAGGTTCACGGC-1",5
"TGGTTAGTCCCGACTT-1",3
"TGGTTAGTCTTGTATC-1",1
"TGGTTCCAGCCGTCGT-1",2
"TGGTTCCAGTAATCCC-1",0
"TGGTTCCCAAGTTGTC-1",10
"TGGTTCCCAGACAAAT-1",0
"TGGTTCCCAGACAGGT-1",1
"TGGTTCCCAGCTCGAC-1",2
"TGGTTCCCATGTCCTC-1",1
"TGGTTCCCATTTCACT-1",6
"TGGTTCCGTCCAAGTT-1",12
"TGGTTCCTCACATACG-1",5
"TGGTTCCTCAGCTTAG-1",4
"TGGTTCCTCTAACTTC-1",4
"TGGTTCCTCTAGAGTC-1",3
"TGGTTCCTCTGGGCCA-1",4
"TGTATTCAGCCCGAAA-1",6
"TGTATTCAGCGATCCC-1",4
"TGTATTCCAGGGCATA-1",6
"TGTATTCGTAAGAGAG-1",1
"TGTATTCGTTTGTTTC-1",2
"TGTATTCTCAGCATGT-1",3
"TGTATTCTCATCTGTT-1",5
"TGTCCCAAGCAGATCG-1",2
"TGTCCCAAGCTAGTTC-1",2
"TGTCCCAAGCTGAACG-1",5
"TGTCCCAAGTTGTCGT-1",2
"TGTCCCACAGTAAGCG-1",16
"TGTCCCACATCACGTA-1",6
"TGTCCCAGTAAGAGGA-1",13
"TGTCCCAGTAAGTGGC-1",0
"TGTCCCAGTCGGATCC-1",2
"TGTCCCAGTCTCTTTA-1",2
"TGTCCCATCATTTGGG-1",5
"TGTCCCATCTGCAAGT-1",13
"TGTCCCATCTGCGTAA-1",0
"TGTGGTAGTCCCGACA-1",9
"TGTGGTAGTGTGAAAT-1",2
"TGTGGTAGTGTGACGA-1",4
"TGTGGTATCCAGGGCT-1",2
"TGTGGTATCTTGCATT-1",7
"TGTGTTTAGAGGTTAT-1",12
"TGTGTTTAGCGTGAGT-1",1
"TGTGTTTAGTGCGTGA-1",1
"TGTGTTTCATGCGCAC-1",1
"TGTGTTTTCTCATTCA-1",2
"TGTGTTTTCTTTCCTC-1",3
"TGTTCCGAGAGCAATT-1",0
"TGTTCCGAGCAACGGT-1",6
"TGTTCCGAGGAATTAC-1",9
"TGTTCCGAGGACTGGT-1",4
"TGTTCCGCAGTGAGTG-1",1
"TGTTCCGGTGAGTATA-1",3
"TGTTCCGTCAAGCCTA-1",5
"TGTTCCGTCAGTTCGA-1",4
"TGTTCCGTCGGCGGTT-1",2
"TGTTCCGTCTGAAAGA-1",6
"TGTTCCGTCTGGTATG-1",3
"TTAACTCAGTGTACGG-1",7
"TTAACTCCAAGCGCTC-1",1
"TTAACTCCAGGCAGTA-1",1
"TTAACTCGTTCCACAA-1",2
"TTAACTCTCATAAAGG-1",8
"TTAACTCTCCCTCAGT-1",12
"TTAGGACAGCAGGCTA-1",5
"TTAGGACAGCTCTCGG-1",2
"TTAGGACCAAGCCATT-1",0
"TTAGGACCAGTCAGAG-1",4
"TTAGGACGTTTGTTTC-1",4
"TTAGGCAAGAAGATTC-1",4
"TTAGGCAAGAGCCCAA-1",1
"TTAGGCAAGAGTGACC-1",3
"TTAGGCAAGGTTCCTA-1",2
"TTAGGCAAGTCGTTTG-1",2
"TTAGGCAAGTGTACCT-1",0
"TTAGGCACAGACGCTC-1",0
"TTAGGCACATGTTCCC-1",0
"TTAGGCAGTAAGGATT-1",4
"TTAGGCAGTAAGTAGT-1",1
"TTAGGCAGTCTTGATG-1",4
"TTAGGCATCACGCATA-1",11
"TTAGGCATCAGTCAGT-1",2
"TTAGGCATCCAGTATG-1",0
"TTAGGCATCGTTACGA-1",1
"TTAGTTCAGGTGCAAC-1",9
"TTAGTTCCAATGTAAG-1",0
"TTAGTTCCATCCTTGC-1",12
"TTAGTTCGTAGCCTAT-1",7
"TTAGTTCGTGCAGACA-1",1
"TTAGTTCGTGTCAATC-1",6
"TTAGTTCGTTGCCTCT-1",14
"TTAGTTCTCAGGCCCA-1",9
"TTAGTTCTCGCAGGCT-1",1
"TTAGTTCTCTACTATC-1",0
"TTATGCTAGAATGTGT-1",1
"TTATGCTAGCACACAG-1",0
"TTATGCTAGCAGCCTC-1",1
"TTATGCTAGTCCCACG-1",7
"TTATGCTAGTGGTAAT-1",0
"TTATGCTCAGCCAGAA-1",8
"TTATGCTCATACCATG-1",3
"TTATGCTCATGTAGTC-1",5
"TTATGCTGTCCGAGTC-1",4
"TTATGCTTCGATAGAA-1",1
"TTCCCAGAGAATTCCC-1",2
"TTCCCAGAGACTAGAT-1",4
"TTCCCAGAGTATCGAA-1",2
"TTCCCAGCAGATGGGT-1",16
"TTCCCAGCATCAGTAC-1",5
"TTCCCAGCATCTCCCA-1",0
"TTCCCAGCATTACCTT-1",1
"TTCCCAGTCAACACTG-1",1
"TTCCCAGTCGAGAGCA-1",5
"TTCGAAGAGTCTCAAC-1",3
"TTCGAAGCAAGCGCTC-1",0
"TTCGAAGCACATTAGC-1",7
"TTCGAAGCACGGTGTC-1",1
"TTCGGTCAGAGGACGG-1",3
"TTCGGTCAGCACACAG-1",14
"TTCGGTCAGGCCCTCA-1",13
"TTCGGTCAGTGAATTG-1",2
"TTCGGTCAGTTGAGAT-1",8
"TTCGGTCCAAGGGTCA-1",9
"TTCGGTCCACGTCAGC-1",16
"TTCGGTCGTAACGTTC-1",2
"TTCGGTCGTAGAGTGC-1",6
"TTCGGTCGTTCATGGT-1",0
"TTCGGTCGTTCTGTTT-1",4
"TTCGGTCTCAAAGACA-1",1
"TTCGGTCTCCAGTATG-1",15
"TTCGGTCTCGCGTTTC-1",11
"TTCGGTCTCGTCTGAA-1",3
"TTCTACAAGACTAAGT-1",5
"TTCTACAAGCAGCCTC-1",3
"TTCTACAAGCCTTGAT-1",3
"TTCTACAAGGCAGGTT-1",7
"TTCTACAAGGTAAACT-1",0
"TTCTACAAGTTAGGTA-1",7
"TTCTACACACGTGAGA-1",6
"TTCTACACAGCTGTTA-1",2
"TTCTACACATCGATTG-1",1
"TTCTACACATTACGAC-1",4
"TTCTACAGTACCGTTA-1",6
"TTCTACAGTATATGAG-1",9
"TTCTACAGTGGCTCCA-1",2
"TTCTACATCAACGGGA-1",7
"TTCTACATCCGCGTTT-1",3
"TTCTCAAAGAAAGTGG-1",4
"TTCTCAAAGAATCTCC-1",4
"TTCTCAAAGAGGTTAT-1",4
"TTCTCAAAGCAGCCTC-1",8
"TTCTCAAAGCCGCCTA-1",0
"TTCTCAAAGTCAATAG-1",5
"TTCTCAAAGTTGAGAT-1",4
"TTCTCAACACCCAGTG-1",8
"TTCTCAACATTGTGCA-1",3
"TTCTCAAGTATAAACG-1",0
"TTCTCAAGTCCCTTGT-1",3
"TTCTCAAGTCGAGATG-1",6
"TTCTCAATCATCGCTC-1",4
"TTCTCAATCCCTAACC-1",15
"TTCTCAATCGTAGGAG-1",0
"TTCTCCTAGAGTAAGG-1",2
"TTCTCCTAGCGACGTA-1",11
"TTCTCCTAGCGTGAGT-1",6
"TTCTCCTAGTCTCGGC-1",1
"TTCTCCTCAACACGCC-1",10
"TTCTCCTCAATAACGA-1",16
"TTCTCCTGTTAAGAAC-1",7
"TTCTCCTTCAGTTCGA-1",4
"TTCTCCTTCCGTAGGC-1",3
"TTCTCCTTCCTTTCTC-1",7
"TTCTCCTTCTGCAAGT-1",5
"TTCTCCTTCTTCAACT-1",4
"TTCTCCTTCTTGTACT-1",6
"TTCTTAGAGGACTGGT-1",1
"TTCTTAGCAAGGTGTG-1",1
"TTCTTAGCATCGGAAG-1",3
"TTCTTAGGTAGAAGGA-1",2
"TTCTTAGGTCATATGC-1",7
"TTCTTAGTCAGTTCGA-1",4
"TTGAACGGTCACTTCC-1",7
"TTGAACGTCATGTCCC-1",5
"TTGACTTAGCCACGTC-1",6
"TTGACTTAGCGACGTA-1",5
"TTGACTTAGTTAACGA-1",3
"TTGACTTCACTTACGA-1",0
"TTGACTTGTCTCTCTG-1",7
"TTGACTTGTGCGATAG-1",0
"TTGACTTTCCAGAGGA-1",7
"TTGACTTTCTGTCCGT-1",3
"TTGCCGTAGGAGCGTT-1",7
"TTGCCGTAGGTGGGTT-1",1
"TTGCCGTCATGGTCAT-1",4
"TTGCCGTGTACAGACG-1",0
"TTGCGTCAGACAGAGA-1",1
"TTGCGTCAGCTCCTTC-1",5
"TTGCGTCAGTCCATAC-1",1
"TTGCGTCAGTGAATTG-1",0
"TTGCGTCCAAATTGCC-1",0
"TTGCGTCCACTGTGTA-1",0
"TTGCGTCCAGTCACTA-1",4
"TTGCGTCGTCTGATTG-1",3
"TTGGAACAGCCCAATT-1",9
"TTGGAACAGCGTCTAT-1",5
"TTGGAACAGGCGTACA-1",3
"TTGGAACGTATTACCG-1",9
"TTGGAACGTGTGTGCC-1",0
"TTGGAACTCCCATTAT-1",0
"TTGGAACTCCGTAGTA-1",1
"TTGGAACTCGTCCAGG-1",7
"TTGGCAAAGTTAGGTA-1",8
"TTGGCAAGTATAGGTA-1",5
"TTGGCAATCACATGCA-1",7
"TTGGCAATCAGAGCTT-1",3
"TTGGCAATCGCATGAT-1",9
"TTGGCAATCTAGAGTC-1",9
"TTGTAGGAGGTGCTAG-1",1
"TTGTAGGCACACGCTG-1",5
"TTGTAGGGTCTCCCTA-1",1
"TTGTAGGGTGGTAACG-1",11
"TTGTAGGTCGGCGCTA-1",2
"TTGTAGGTCTGCCAGG-1",1
"TTTACTGAGATCACGG-1",1
"TTTACTGCAAAGCAAT-1",5
"TTTACTGCACATGGGA-1",0
"TTTACTGCACCACGTG-1",0
"TTTACTGCATGGGACA-1",6
"TTTACTGCATGTCCTC-1",4
"TTTACTGGTAACGTTC-1",4
"TTTACTGGTGGTGTAG-1",3
"TTTACTGGTTCGCTAA-1",2
"TTTACTGTCTGGAGCC-1",2
"TTTATGCAGACTGTAA-1",0
"TTTATGCAGATGCGAC-1",2
"TTTATGCAGGCAAAGA-1",5
"TTTATGCAGGCCCGTT-1",4
"TTTATGCAGTTCCACA-1",0
"TTTATGCCAAACGCGA-1",11
"TTTATGCCAATCTGCA-1",5
"TTTATGCCACAGGTTT-1",0
"TTTATGCCAGCCAATT-1",1
"TTTATGCCAGGTCGTC-1",10
"TTTATGCCATGGTCAT-1",1
"TTTATGCTCACATAGC-1",3
"TTTATGCTCACCTTAT-1",7
"TTTATGCTCGGCGGTT-1",6
"TTTATGCTCTCGCTTG-1",7
"TTTCCTCAGCGTGAAC-1",7
"TTTCCTCAGGACTGGT-1",4
"TTTCCTCCAAAGTGCG-1",3
"TTTCCTCCAGGAATGC-1",2
"TTTCCTCCATTAGCCA-1",4
"TTTCCTCGTCCGAAGA-1",3
"TTTCCTCGTCGCTTTC-1",1
"TTTCCTCTCGGCCGAT-1",12
"TTTCCTCTCGTGTAGT-1",0
"TTTGCGCAGCTAAACA-1",2
"TTTGCGCAGCTAGTCT-1",2
"TTTGCGCAGGCCGAAT-1",14
"TTTGCGCAGTCAAGGC-1",0
"TTTGCGCCAAGTAGTA-1",3
"TTTGCGCCAGGTGCCT-1",6
"TTTGCGCGTCTAAACC-1",3
"TTTGCGCTCAAAGTAG-1",8
"TTTGCGCTCATGTAGC-1",5
"TTTGGTTAGAATGTGT-1",4
"TTTGGTTAGACAATAC-1",8
"TTTGGTTAGCGATTCT-1",12
"TTTGGTTAGGCTCAGA-1",0
"TTTGGTTAGTTACCCA-1",0
"TTTGGTTCAAACTGCT-1",8
"TTTGGTTCAAGCTGTT-1",8
"TTTGGTTCAGATCGGA-1",1
"TTTGGTTCATCACAAC-1",8
"TTTGGTTGTACTTCTT-1",13
"TTTGGTTGTATGCTTG-1",8
"TTTGGTTGTGCTTCTC-1",0
"TTTGGTTTCATGCTCC-1",14
"TTTGGTTTCCCTGACT-1",6
"TTTGTCAAGAGTCGGT-1",3
"TTTGTCACAAGTTCTG-1",2
"TTTGTCACAAGTTGTC-1",3
"TTTGTCACACTCTGTC-1",1
"TTTGTCATCACCTTAT-1",9
"TTTGTCATCCATTCTA-1",2
"TTTGTCATCCTTAATC-1",0
"TTTGTCATCTTATCTG-1",1
