"cell_barcode","expression"
"AAACCTGAGACAGAGA-1",5
"AAACCTGAGACTTTCG-1",4
"AAACCTGAGAGTAAGG-1",1
"AAACCTGAGAGTCGGT-1",1
"AAACCTGAGGATGGAA-1",0
"AAACCTGAGTAGATGT-1",2
"AAACCTGCAATCAGAA-1",1
"AAACCTGCACCGATAT-1",2
"AAACCTGCAGACGTAG-1",3
"AAACCTGCAGTATCTG-1",0
"AAACCTGCATAGTAAG-1",0
"AAACCTGCATGAACCT-1",0
"AAACCTGGTAAGAGGA-1",1
"AAACCTGGTCCAACTA-1",5
"AAACCTGTCCGTAGTA-1",3
"AAACCTGTCGAGAGCA-1",4
"AAACGGGAGTACGACG-1",1
"AAACGGGCAAGGTTTC-1",2
"AAACGGGCACGTCAGC-1",0
"AAACGGGCAGCGTTCG-1",1
"AAACGGGGTAGCCTCG-1",6
"AAACGGGGTCTACCTC-1",2
"AAACGGGGTGCGGTAA-1",0
"AAACGGGGTTGTCGCG-1",2
"AAACGGGTCCATGAGT-1",1
"AAACGGGTCCCAACGG-1",1
"AAACGGGTCCCATTAT-1",3
"AAAGATGCAGTCAGCC-1",0
"AAAGATGCATCTACGA-1",2
"AAAGCAAAGCGTCTAT-1",0
"AAAGCAACATGTCGAT-1",3
"AAAGCAAGTAGCTGCC-1",2
"AAAGCAAGTAGGCATG-1",2
"AAAGCAAGTGCGCTTG-1",1
"AAAGCAAGTTATTCTC-1",2
"AAAGCAATCCGTAGTA-1",1
"AAAGTAGAGATGTGTA-1",3
"AAAGTAGAGTGGGCTA-1",1
"AAAGTAGGTATATGGA-1",0
"AAAGTAGGTGAGCGAT-1",0
"AAAGTAGGTTGAGGTG-1",1
"AAATGCCAGCCCTAAT-1",1
"AAATGCCAGCGTGTCC-1",0
"AAATGCCCAACACCTA-1",2
"AAATGCCGTAGGAGTC-1",2
"AAATGCCGTCTTTCAT-1",1
"AAATGCCGTGGTCCGT-1",1
"AAATGCCGTTCCCGAG-1",1
"AAATGCCTCATAGCAC-1",7
"AAATGCCTCGCTTAGA-1",5
"AACACGTAGAATTCCC-1",7
"AACACGTAGCCCTAAT-1",0
"AACACGTAGGGTGTGT-1",1
"AACACGTCACTGTCGG-1",0
"AACACGTCATCCCATC-1",2
"AACACGTGTGCAACGA-1",0
"AACACGTGTGTCGCTG-1",1
"AACCATGAGCGCTTAT-1",0
"AACCATGGTCCGTTAA-1",1
"AACCATGTCAGTTCGA-1",0
"AACCATGTCATCGATG-1",1
"AACCATGTCCCAAGTA-1",1
"AACCGCGAGAAGCCCA-1",2
"AACCGCGAGACTGGGT-1",2
"AACCGCGAGAGGTACC-1",0
"AACCGCGAGTTAGGTA-1",2
"AACCGCGAGTTGCAGG-1",1
"AACCGCGCACGGTAGA-1",0
"AACCGCGCAGCATGAG-1",1
"AACCGCGCAGCCTGTG-1",0
"AACCGCGCAGCTGTGC-1",0
"AACCGCGCAGTATGCT-1",0
"AACCGCGGTACTTGAC-1",1
"AACCGCGGTCTGCAAT-1",1
"AACCGCGTCACATGCA-1",0
"AACCGCGTCACCGTAA-1",0
"AACCGCGTCCAGAGGA-1",0
"AACCGCGTCCGAAGAG-1",1
"AACCGCGTCGATCCCT-1",0
"AACGTTGAGCGATAGC-1",0
"AACGTTGAGCGATCCC-1",0
"AACGTTGAGCTTATCG-1",1
"AACGTTGCAAGTTGTC-1",2
"AACGTTGCAATAGAGT-1",4
"AACGTTGCAATGGATA-1",0
"AACGTTGCATGGATGG-1",1
"AACGTTGCATTCTCAT-1",2
"AACGTTGTCAACACGT-1",4
"AACGTTGTCGAGGTAG-1",6
"AACGTTGTCGGTCCGA-1",2
"AACTCAGAGAGCTATA-1",0
"AACTCAGAGAGTCGGT-1",2
"AACTCAGAGCCACCTG-1",1
"AACTCAGAGCCCAATT-1",1
"AACTCAGCAAACAACA-1",1
"AACTCAGCACAAGCCC-1",0
"AACTCAGCACGGTTTA-1",0
"AACTCAGCAGGATCGA-1",2
"AACTCAGCATAAAGGT-1",3
"AACTCAGGTTCCACAA-1",3
"AACTCAGTCGTACCGG-1",1
"AACTCCCAGCCCAGCT-1",2
"AACTCCCAGCTAAGAT-1",2
"AACTCCCCAAACGCGA-1",0
"AACTCCCCATGGTCTA-1",4
"AACTCCCGTTGCGCAC-1",1
"AACTCCCTCAAGAAGT-1",3
"AACTCCCTCAAGCCTA-1",0
"AACTCCCTCATCGCTC-1",1
"AACTCCCTCTGCAGTA-1",4
"AACTCCCTCTGGCGTG-1",2
"AACTCTTAGCAGACTG-1",1
"AACTCTTAGTCCGGTC-1",0
"AACTCTTCATGCTAGT-1",0
"AACTCTTGTCGAATCT-1",1
"AACTCTTGTCGGGTCT-1",4
"AACTCTTTCCTCAATT-1",0
"AACTCTTTCTCAAACG-1",1
"AACTCTTTCTCCAGGG-1",0
"AACTCTTTCTCTGCTG-1",1
"AACTGGTAGAAGATTC-1",1
"AACTGGTAGAGACTAT-1",1
"AACTGGTAGCCAACAG-1",0
"AACTGGTAGTGTACTC-1",0
"AACTGGTCACTGAAGG-1",2
"AACTGGTGTCCGAACC-1",0
"AACTGGTTCGGAGCAA-1",5
"AACTGGTTCGTGGGAA-1",2
"AACTGGTTCTGCTTGC-1",1
"AACTTTCAGCGTGAAC-1",2
"AACTTTCAGTATCTCG-1",0
"AACTTTCAGTTTCCTT-1",0
"AACTTTCCATCCTTGC-1",0
"AACTTTCGTCTAGAGG-1",1
"AACTTTCGTCTCTTTA-1",0
"AACTTTCGTTTGTTTC-1",0
"AAGACCTAGGGCTTCC-1",2
"AAGACCTAGTACACCT-1",1
"AAGACCTGTATATGAG-1",0
"AAGACCTGTATCAGTC-1",0
"AAGACCTGTCCGTGAC-1",0
"AAGACCTGTCGAAAGC-1",1
"AAGACCTTCGCCATAA-1",1
"AAGCCGCAGATCTGAA-1",2
"AAGCCGCAGGGTGTTG-1",0
"AAGCCGCAGTGGACGT-1",1
"AAGCCGCAGTGTACTC-1",1
"AAGCCGCCACGCTTTC-1",0
"AAGCCGCCAGGACGTA-1",1
"AAGCCGCGTACAGTTC-1",1
"AAGCCGCGTCATTAGC-1",1
"AAGCCGCTCACGAAGG-1",0
"AAGCCGCTCAGTTAGC-1",1
"AAGCCGCTCGCAAACT-1",1
"AAGCCGCTCGTCGTTC-1",1
"AAGCCGCTCTTACCGC-1",0
"AAGGAGCAGAAACCGC-1",1
"AAGGAGCAGGCATGTG-1",0
"AAGGAGCAGGCGCTCT-1",0
"AAGGAGCAGTTGAGTA-1",1
"AAGGAGCCACGGCGTT-1",0
"AAGGAGCGTAGCGCAA-1",1
"AAGGAGCGTCTGCAAT-1",0
"AAGGAGCTCGTCTGCT-1",0
"AAGGCAGAGAACTGTA-1",1
"AAGGCAGAGAGATGAG-1",0
"AAGGCAGAGGTGATAT-1",1
"AAGGCAGCATAGTAAG-1",2
"AAGGCAGGTACTTCTT-1",1
"AAGGCAGGTGTGCCTG-1",1
"AAGGCAGTCAGATAAG-1",1
"AAGGCAGTCGGAATCT-1",0
"AAGGTTCAGTATCTCG-1",1
"AAGGTTCCATCACGTA-1",1
"AAGGTTCGTATATGGA-1",1
"AAGGTTCGTCCGAATT-1",2
"AAGGTTCGTCGACTAT-1",3
"AAGGTTCGTGTGACCC-1",1
"AAGGTTCTCCGTCATC-1",2
"AAGGTTCTCCTCGCAT-1",1
"AAGGTTCTCTGCGGCA-1",0
"AAGTCTGAGCCATCGC-1",1
"AAGTCTGAGTCAAGCG-1",0
"AAGTCTGCAAAGGAAG-1",1
"AAGTCTGGTCAGCTAT-1",0
"AAGTCTGTCAAACAAG-1",1
"AAGTCTGTCACTGGGC-1",2
"AAGTCTGTCAGCAACT-1",0
"AATCCAGCAAAGTGCG-1",0
"AATCCAGCAGCATACT-1",3
"AATCCAGGTAGGCATG-1",1
"AATCCAGGTCTCCCTA-1",0
"AATCCAGTCCGAATGT-1",4
"AATCGGTAGGCATGGT-1",0
"AATCGGTTCCTGTACC-1",1
"AATCGGTTCGCCGTGA-1",2
"ACACCAAAGATGAGAG-1",3
"ACACCAAAGCCCTAAT-1",1
"ACACCAAAGGATGGTC-1",1
"ACACCAAAGTGTCCAT-1",3
"ACACCAACACTTCGAA-1",0
"ACACCAACAGACGCTC-1",4
"ACACCAACAGCCTATA-1",1
"ACACCAAGTCGCGTGT-1",1
"ACACCAAGTCTAAACC-1",0
"ACACCAAGTTATGTGC-1",0
"ACACCAATCGCGTTTC-1",2
"ACACCCTAGCCAGGAT-1",1
"ACACCCTAGTACTTGC-1",5
"ACACCCTCAAGCGCTC-1",0
"ACACCCTCATCACAAC-1",4
"ACACCCTCATGCCCGA-1",1
"ACACCCTGTCTGGTCG-1",0
"ACACCCTTCCGCAAGC-1",1
"ACACCCTTCCTTGCCA-1",1
"ACACCCTTCTATCCTA-1",4
"ACACCCTTCTGGCGTG-1",1
"ACACCGGAGGCTCAGA-1",3
"ACACCGGAGTGACATA-1",0
"ACACCGGAGTTACCCA-1",0
"ACACCGGCAAGCCGTC-1",0
"ACACCGGCACCAGATT-1",0
"ACACCGGCACCGAAAG-1",2
"ACACCGGCATCACAAC-1",2
"ACACCGGTCCGCATAA-1",0
"ACACCGGTCTCGGACG-1",0
"ACACCGGTCTCTGTCG-1",2
"ACACTGAAGCACGCCT-1",0
"ACACTGAAGGTGATTA-1",1
"ACACTGACAATAGAGT-1",0
"ACACTGACAGACTCGC-1",4
"ACACTGACATCCAACA-1",0
"ACACTGAGTCCGAAGA-1",0
"ACACTGAGTGTTTGTG-1",0
"ACACTGAGTTTGACTG-1",1
"ACAGCCGAGGAATGGA-1",1
"ACAGCCGAGGCCCGTT-1",0
"ACAGCCGAGGTGCTTT-1",0
"ACAGCCGAGTGGTAGC-1",0
"ACAGCCGCATATACGC-1",1
"ACAGCCGCATGCAACT-1",0
"ACAGCCGGTAGGGTAC-1",1
"ACAGCCGGTCGAATCT-1",1
"ACAGCCGGTTCACCTC-1",1
"ACAGCCGGTTCCACTC-1",1
"ACAGCCGTCCAGAAGG-1",1
"ACAGCCGTCTTTACAC-1",0
"ACAGCTAAGCACCGCT-1",0
"ACAGCTAAGTATCTCG-1",0
"ACAGCTAAGTGTTGAA-1",1
"ACAGCTACATCGTCGG-1",2
"ACAGCTAGTCGACTAT-1",0
"ACAGCTAGTGGTACAG-1",0
"ACAGCTATCACCACCT-1",0
"ACAGCTATCTGCTTGC-1",0
"ACATACGAGAGCTTCT-1",0
"ACATACGAGCGTAGTG-1",2
"ACATACGAGCTTCGCG-1",0
"ACATACGAGCTTTGGT-1",1
"ACATACGCAAACGTGG-1",4
"ACATACGCAAGCCTAT-1",0
"ACATACGCATCTCCCA-1",0
"ACATACGCATTCTCAT-1",0
"ACATACGGTAGGAGTC-1",0
"ACATACGGTGCACCAC-1",0
"ACATACGGTGGTTTCA-1",3
"ACATACGTCGTATCAG-1",5
"ACATCAGAGCCACTAT-1",1
"ACATCAGAGCCTTGAT-1",0
"ACATCAGCAACACCCG-1",5
"ACATCAGCAACGATGG-1",2
"ACATCAGCAATTGCTG-1",2
"ACATCAGCACCGGAAA-1",0
"ACATCAGCATAAAGGT-1",0
"ACATCAGCATCCCACT-1",1
"ACATCAGCATTTGCCC-1",2
"ACATCAGGTAAGGATT-1",1
"ACATCAGGTCCGTGAC-1",3
"ACATCAGGTTAAGTAG-1",0
"ACATCAGTCAAACCGT-1",0
"ACATGGTAGCATGGCA-1",2
"ACATGGTAGCTGTTCA-1",1
"ACATGGTCACTTGGAT-1",0
"ACATGGTGTCAGATAA-1",1
"ACATGGTGTCTGCGGT-1",0
"ACATGGTGTGCAACTT-1",0
"ACATGGTTCCGCAAGC-1",2
"ACATGGTTCCTCCTAG-1",3
"ACATGGTTCTGGAGCC-1",2
"ACATGGTTCTTCTGGC-1",1
"ACCAGTAAGATCACGG-1",0
"ACCAGTAAGCTTCGCG-1",0
"ACCAGTACACAGATTC-1",2
"ACCAGTACACAGGCCT-1",2
"ACCAGTACAGTATGCT-1",3
"ACCAGTACAGTCAGAG-1",2
"ACCAGTACAGTTTACG-1",1
"ACCAGTAGTCACCCAG-1",0
"ACCAGTAGTCCATCCT-1",1
"ACCAGTAGTCTTCAAG-1",0
"ACCAGTAGTGGACGAT-1",1
"ACCAGTATCTGCGACG-1",0
"ACCAGTATCTGCTTGC-1",1
"ACCAGTATCTGTTTGT-1",1
"ACCCACTAGAGGTTAT-1",1
"ACCCACTAGATCCCGC-1",7
"ACCCACTAGATGTGTA-1",3
"ACCCACTAGCCCAATT-1",1
"ACCCACTCAAGGGTCA-1",2
"ACCCACTCAAGGTTCT-1",0
"ACCCACTGTAAATGAC-1",2
"ACCCACTGTAGCCTCG-1",0
"ACCCACTGTCAAAGAT-1",0
"ACCCACTGTCAATACC-1",1
"ACCCACTGTGTGGTTT-1",1
"ACCCACTTCGCAAACT-1",3
"ACCCACTTCTGCCAGG-1",2
"ACCGTAACAATCGGTT-1",0
"ACCGTAACAATCTACG-1",1
"ACCGTAACAGGTCCAC-1",0
"ACCGTAAGTACAGCAG-1",0
"ACCGTAAGTCATGCAT-1",2
"ACCGTAAGTGAGTGAC-1",2
"ACCGTAAGTTAAGAAC-1",0
"ACCGTAAGTTCCGTCT-1",0
"ACCGTAATCACATAGC-1",3
"ACCGTAATCATGTGGT-1",1
"ACCGTAATCTGAAAGA-1",2
"ACCTTTACAATCGGTT-1",0
"ACCTTTACACGGACAA-1",0
"ACCTTTACAGCAGTTT-1",0
"ACCTTTACATGCAACT-1",1
"ACCTTTACATTTCAGG-1",4
"ACCTTTAGTGAACCTT-1",1
"ACCTTTAGTTCCACTC-1",2
"ACCTTTATCTCTAGGA-1",3
"ACGAGCCAGGCAGGTT-1",2
"ACGAGCCCACAGGCCT-1",3
"ACGAGCCCATGGAATA-1",1
"ACGAGCCGTGCACGAA-1",1
"ACGAGCCGTGTGACCC-1",1
"ACGAGCCGTTGGTTTG-1",0
"ACGAGCCTCAGTCCCT-1",0
"ACGAGCCTCGCAAACT-1",1
"ACGAGGACACTACAGT-1",0
"ACGAGGACATGTAGTC-1",3
"ACGAGGAGTACACCGC-1",0
"ACGAGGAGTGCCTGCA-1",0
"ACGAGGAGTTCTGAAC-1",1
"ACGAGGATCTGCGGCA-1",1
"ACGATACAGAGTGACC-1",0
"ACGATACAGCGCCTTG-1",0
"ACGATACAGTGATCGG-1",1
"ACGATACCACGTTGGC-1",4
"ACGATACCATTGGGCC-1",0
"ACGATACGTCGAATCT-1",0
"ACGATACTCTGACCTC-1",2
"ACGATGTAGTGCGATG-1",0
"ACGATGTAGTTGAGAT-1",3
"ACGATGTCAACGCACC-1",0
"ACGATGTCACACGCTG-1",1
"ACGATGTGTATTCTCT-1",1
"ACGATGTGTCAGTGGA-1",2
"ACGATGTGTGACTACT-1",0
"ACGATGTGTGTCGCTG-1",0
"ACGATGTTCGCGTAGC-1",0
"ACGATGTTCTCTTATG-1",0
"ACGCAGCAGCGGCTTC-1",1
"ACGCAGCAGCTGCGAA-1",3
"ACGCAGCAGTGTACGG-1",1
"ACGCAGCCACCTCGTT-1",0
"ACGCAGCCATCGACGC-1",4
"ACGCAGCCATTACCTT-1",1
"ACGCAGCGTCCATGAT-1",1
"ACGCAGCGTCTACCTC-1",1
"ACGCAGCGTCTGGTCG-1",2
"ACGCAGCGTGCGATAG-1",0
"ACGCCAGCAAAGCAAT-1",0
"ACGCCAGCAACGCACC-1",1
"ACGCCAGCACGAGAGT-1",0
"ACGCCAGCAGTGAGTG-1",0
"ACGCCAGGTGCACTTA-1",1
"ACGCCAGGTGTGCGTC-1",0
"ACGCCAGTCACAGGCC-1",3
"ACGCCAGTCAGTGTTG-1",0
"ACGCCGAAGAAACGCC-1",2
"ACGCCGAAGATCTGCT-1",1
"ACGCCGACAGCCTGTG-1",1
"ACGCCGAGTTCCAACA-1",0
"ACGCCGATCCTATGTT-1",1
"ACGCCGATCGCAGGCT-1",0
"ACGCCGATCTTGTATC-1",1
"ACGGAGAAGCCAGTTT-1",1
"ACGGAGAAGGTCATCT-1",1
"ACGGAGACACACATGT-1",4
"ACGGAGACAGCCTGTG-1",0
"ACGGAGACAGCGTAAG-1",1
"ACGGAGACAGTAAGCG-1",1
"ACGGAGAGTGTGACGA-1",4
"ACGGAGATCCACGAAT-1",0
"ACGGCCACACATCCAA-1",4
"ACGGCCACACATTCGA-1",2
"ACGGCCAGTACCGTAT-1",0
"ACGGCCAGTGTATGGG-1",1
"ACGGCCATCACGGTTA-1",0
"ACGGCCATCAGTGTTG-1",0
"ACGGCCATCTACTATC-1",3
"ACGGGCTAGGATCGCA-1",1
"ACGGGCTAGGTTCCTA-1",2
"ACGGGCTAGTGGCACA-1",0
"ACGGGCTCATCTGGTA-1",0
"ACGGGCTGTGAGGCTA-1",0
"ACGGGCTTCCGAACGC-1",0
"ACGGGTCAGATGCCAG-1",1
"ACGGGTCCATGATCCA-1",0
"ACGGGTCCATTAGGCT-1",0
"ACGGGTCCATTTCACT-1",0
"ACGGGTCGTTAGGGTG-1",0
"ACGGGTCTCAACACCA-1",2
"ACGGGTCTCCACGCAG-1",2
"ACGTCAAAGGGCTTCC-1",1
"ACGTCAAAGTGGTAAT-1",1
"ACGTCAACAACTGCGC-1",0
"ACGTCAACACAAGACG-1",2
"ACGTCAAGTAGCTCCG-1",3
"ACGTCAAGTGTCGCTG-1",4
"ACGTCAAGTTATGCGT-1",0
"ACGTCAATCAACCAAC-1",0
"ACGTCAATCATAACCG-1",2
"ACGTCAATCCAGAAGG-1",5
"ACGTCAATCTAACTCT-1",0
"ACTATCTAGAGGTTAT-1",2
"ACTATCTAGATACACA-1",0
"ACTATCTAGGAGTAGA-1",2
"ACTATCTAGGCATGTG-1",2
"ACTATCTCAAATACAG-1",0
"ACTATCTCAAATTGCC-1",1
"ACTATCTGTAGGGACT-1",3
"ACTATCTGTCGCGTGT-1",1
"ACTATCTGTGCACGAA-1",3
"ACTATCTGTGGTTTCA-1",0
"ACTATCTTCGCCGTGA-1",0
"ACTGAACAGAGTGAGA-1",0
"ACTGAACAGATCCCGC-1",1
"ACTGAACAGGTGATAT-1",1
"ACTGAACCAAAGCGGT-1",1
"ACTGAACCAAGCGAGT-1",0
"ACTGAACCAATTCCTT-1",0
"ACTGAACCAGCTGGCT-1",1
"ACTGAACCAGTCTTCC-1",0
"ACTGAACCATTACCTT-1",0
"ACTGAACGTAAGCACG-1",4
"ACTGAACGTAATCGTC-1",2
"ACTGAACGTCCAGTAT-1",0
"ACTGAACGTCTGATCA-1",0
"ACTGAACTCCCACTTG-1",2
"ACTGAGTAGCCGGTAA-1",2
"ACTGAGTCAGTGGGAT-1",6
"ACTGAGTCATTTGCCC-1",3
"ACTGAGTGTAGAGCTG-1",2
"ACTGAGTGTTGTGGCC-1",1
"ACTGAGTTCAGGTTCA-1",0
"ACTGATGAGACAGACC-1",2
"ACTGATGAGCGGATCA-1",2
"ACTGATGAGGTGCTTT-1",2
"ACTGATGCAGCAGTTT-1",0
"ACTGATGCATCACAAC-1",2
"ACTGATGGTCATGCAT-1",0
"ACTGATGTCACAATGC-1",1
"ACTGATGTCACTCCTG-1",1
"ACTGATGTCCCTGACT-1",0
"ACTGATGTCCGCTGTT-1",1
"ACTGATGTCCGGCACA-1",2
"ACTGATGTCCTATTCA-1",3
"ACTGCTCAGAGCTTCT-1",1
"ACTGCTCAGATGCCTT-1",0
"ACTGCTCCACACCGCA-1",3
"ACTGCTCCAGATGGGT-1",2
"ACTGCTCCATGCCTAA-1",1
"ACTGCTCGTAGGCATG-1",0
"ACTGCTCGTATCACCA-1",1
"ACTGCTCGTCCGAAGA-1",1
"ACTGCTCTCCGAGCCA-1",6
"ACTGTCCAGAGGGCTT-1",0
"ACTGTCCAGCAGCGTA-1",0
"ACTGTCCAGGCATGGT-1",0
"ACTGTCCCAAGGTTTC-1",7
"ACTGTCCCAAGTACCT-1",1
"ACTGTCCCAGTATCTG-1",2
"ACTGTCCCATAGAAAC-1",2
"ACTGTCCGTTGAGGTG-1",1
"ACTGTCCTCCACGTGG-1",0
"ACTGTCCTCCTTGGTC-1",0
"ACTGTCCTCTCTGTCG-1",0
"ACTTACTAGCGATAGC-1",0
"ACTTACTAGGGATGGG-1",0
"ACTTACTCACAGACAG-1",2
"ACTTACTCACATTTCT-1",0
"ACTTACTGTACTCAAC-1",0
"ACTTACTGTTCCACAA-1",0
"ACTTACTTCATCGGAT-1",1
"ACTTGTTAGACAAGCC-1",1
"ACTTGTTAGCTAGCCC-1",0
"ACTTGTTAGTTACCCA-1",0
"ACTTGTTCACGACGAA-1",1
"ACTTGTTCACGGCTAC-1",1
"ACTTGTTGTATCGCAT-1",0
"ACTTGTTGTGGTAACG-1",0
"ACTTGTTGTTGTGGAG-1",1
"ACTTGTTTCATCACCC-1",1
"ACTTTCACATGGTCAT-1",2
"ACTTTCAGTGACTACT-1",2
"ACTTTCATCGCCAGCA-1",1
"AGAATAGAGCTGAACG-1",1
"AGAATAGAGCTGTCTA-1",2
"AGAATAGAGGTAGCTG-1",1
"AGAATAGCATGGTCTA-1",3
"AGAATAGGTAATCGTC-1",0
"AGAATAGGTATTCTCT-1",1
"AGAATAGGTGCGGTAA-1",0
"AGAATAGGTTAAGAAC-1",0
"AGAATAGTCAGGCCCA-1",1
"AGACGTTAGAATGTGT-1",0
"AGACGTTAGCTCCTCT-1",2
"AGACGTTAGTGCCAGA-1",0
"AGACGTTCAGGATCGA-1",2
"AGACGTTGTAGCTGCC-1",2
"AGACGTTGTCTGCAAT-1",1
"AGACGTTGTTCTGTTT-1",4
"AGACGTTTCGCATGGC-1",3
"AGACGTTTCGCTTAGA-1",0
"AGAGCGACAACTTGAC-1",1
"AGAGCGACAAGTACCT-1",1
"AGAGCGACACAACGTT-1",4
"AGAGCGACATGAGCGA-1",2
"AGAGCGAGTCAGTGGA-1",0
"AGAGCGAGTCGACTGC-1",2
"AGAGCGAGTTGAGTTC-1",0
"AGAGCGATCGCGTAGC-1",1
"AGAGCGATCTATCCTA-1",2
"AGAGCGATCTCGCTTG-1",0
"AGAGCTTAGCCGTCGT-1",2
"AGAGCTTAGTACACCT-1",1
"AGAGCTTAGTCATGCT-1",2
"AGAGCTTGTAGAGCTG-1",2
"AGAGCTTGTATCACCA-1",1
"AGAGCTTTCACTATTC-1",3
"AGAGCTTTCCTGCAGG-1",1
"AGAGCTTTCGCAAACT-1",1
"AGAGCTTTCGCTTAGA-1",1
"AGAGTGGAGAGCCTAG-1",0
"AGAGTGGAGGCCCTTG-1",0
"AGAGTGGAGGTACTCT-1",1
"AGAGTGGCACAAGACG-1",1
"AGAGTGGCACCTCGTT-1",0
"AGAGTGGCATCCGGGT-1",1
"AGAGTGGCATCTGGTA-1",2
"AGAGTGGGTCAGCTAT-1",1
"AGAGTGGGTCCTCCAT-1",2
"AGAGTGGGTCTAGTCA-1",2
"AGAGTGGGTTACCGAT-1",0
"AGATCTGAGGTGGGTT-1",1
"AGATCTGAGTCAAGGC-1",0
"AGATCTGCAATGTTGC-1",1
"AGATCTGTCGAATCCA-1",0
"AGATCTGTCTGCAGTA-1",0
"AGATTGCAGGCTACGA-1",1
"AGATTGCCACGACGAA-1",2
"AGATTGCCAGATGGGT-1",3
"AGATTGCGTAGAGCTG-1",2
"AGATTGCGTGATGTCT-1",0
"AGATTGCGTGTTCGAT-1",1
"AGATTGCGTTCACGGC-1",1
"AGATTGCTCACTGGGC-1",3
"AGATTGCTCATCTGTT-1",0
"AGCAGCCAGCTGATAA-1",0
"AGCAGCCCACCGAAAG-1",2
"AGCAGCCGTCGACTGC-1",1
"AGCAGCCGTCGCTTTC-1",0
"AGCAGCCGTCTAACGT-1",1
"AGCAGCCGTGTGAAAT-1",0
"AGCAGCCGTTTGTTGG-1",0
"AGCAGCCTCCAAACAC-1",1
"AGCATACAGTGGTAGC-1",2
"AGCATACAGTTGTCGT-1",3
"AGCATACGTCTTCTCG-1",1
"AGCATACGTTAAGTAG-1",3
"AGCATACTCCGTTGCT-1",0
"AGCCTAAAGATATGGT-1",0
"AGCCTAACAAAGCGGT-1",1
"AGCCTAACAGATAATG-1",3
"AGCCTAAGTACGAAAT-1",1
"AGCCTAAGTCACCTAA-1",0
"AGCCTAAGTGTGCCTG-1",0
"AGCCTAATCACCCGAG-1",1
"AGCCTAATCCAATGGT-1",0
"AGCCTAATCCTTGGTC-1",0
"AGCCTAATCTGTGCAA-1",1
"AGCCTAATCTGTTTGT-1",1
"AGCGGTCAGCGAAGGG-1",1
"AGCGGTCAGGTACTCT-1",4
"AGCGGTCAGTGACTCT-1",0
"AGCGGTCCAGCCTTGG-1",0
"AGCGGTCGTCCTAGCG-1",1
"AGCGGTCGTGGTGTAG-1",1
"AGCGGTCGTTAAGGGC-1",0
"AGCGGTCGTTTGCATG-1",1
"AGCGGTCTCCGAAGAG-1",1
"AGCGGTCTCCTCAATT-1",3
"AGCGGTCTCTGGGCCA-1",6
"AGCGTATAGAACTGTA-1",0
"AGCGTATAGCGATGAC-1",1
"AGCGTATAGGTACTCT-1",0
"AGCGTATGTTGAGGTG-1",0
"AGCGTATTCCAGAGGA-1",1
"AGCGTCGAGTTGAGTA-1",0
"AGCGTCGCAGGGATTG-1",1
"AGCGTCGTCTGAAAGA-1",0
"AGCTCCTAGACCTAGG-1",2
"AGCTCCTAGCGTTTAC-1",0
"AGCTCCTGTGTTTGTG-1",1
"AGCTCCTGTTGTCTTT-1",0
"AGCTCCTTCCGAATGT-1",2
"AGCTCCTTCTTGACGA-1",0
"AGCTCTCAGCGGATCA-1",3
"AGCTCTCAGCTGTTCA-1",2
"AGCTCTCAGGTGCTAG-1",2
"AGCTCTCCATACAGCT-1",1
"AGCTCTCGTCAGAGGT-1",0
"AGCTCTCGTGGGTCAA-1",1
"AGCTCTCTCACAACGT-1",1
"AGCTCTCTCTTGACGA-1",4
"AGCTTGAAGCATCATC-1",2
"AGCTTGAAGTAGCGGT-1",0
"AGCTTGAAGTTGTCGT-1",1
"AGCTTGACAATCCAAC-1",0
"AGCTTGACACCGATAT-1",1
"AGCTTGAGTCTACCTC-1",1
"AGCTTGAGTGCGCTTG-1",1
"AGCTTGAGTTACGCGC-1",0
"AGCTTGATCCTGCCAT-1",0
"AGCTTGATCTGCAAGT-1",1
"AGGCCACAGAGTAAGG-1",0
"AGGCCACAGGGTCTCC-1",2
"AGGCCACAGTACTTGC-1",1
"AGGCCACCAGGACCCT-1",1
"AGGCCACCATCAGTCA-1",0
"AGGCCACTCATGCTCC-1",1
"AGGCCACTCATGGTCA-1",0
"AGGCCACTCATTGCGA-1",2
"AGGCCGTAGGATCGCA-1",1
"AGGCCGTCACGTAAGG-1",1
"AGGCCGTCAGCTCGAC-1",1
"AGGCCGTCATCGTCGG-1",1
"AGGCCGTTCACGGTTA-1",2
"AGGCCGTTCGAACTGT-1",1
"AGGCCGTTCTCAAGTG-1",0
"AGGCCGTTCTGCTTGC-1",0
"AGGGAGTAGCCCAACC-1",1
"AGGGAGTAGGAGTACC-1",1
"AGGGAGTAGGCAGGTT-1",2
"AGGGAGTCACGAGAGT-1",0
"AGGGAGTCAGAAGCAC-1",1
"AGGGAGTCAGATCCAT-1",0
"AGGGAGTCATCGACGC-1",0
"AGGGAGTCATGCTAGT-1",0
"AGGGAGTGTCCATGAT-1",0
"AGGGAGTTCATAACCG-1",0
"AGGGATGAGCTCTCGG-1",2
"AGGGATGAGGAGTAGA-1",2
"AGGGATGAGTAGCGGT-1",4
"AGGGATGCAATGAATG-1",4
"AGGGATGCAATGGAGC-1",1
"AGGGATGCACAAGACG-1",1
"AGGGATGCACATTTCT-1",1
"AGGGATGCATGGTCTA-1",1
"AGGGATGGTTAAAGTG-1",1
"AGGGATGGTTATGCGT-1",0
"AGGGATGTCGTGACAT-1",3
"AGGGTGAAGATGGCGT-1",1
"AGGGTGAAGATGGGTC-1",0
"AGGGTGAAGGCTCAGA-1",4
"AGGGTGACACGAGAGT-1",0
"AGGGTGACAGATGGCA-1",1
"AGGGTGACAGATTGCT-1",3
"AGGGTGAGTACTCTCC-1",1
"AGGGTGAGTTATCGGT-1",0
"AGGGTGAGTTCTGAAC-1",7
"AGGGTGATCTCGCTTG-1",2
"AGGTCATAGAGCCCAA-1",0
"AGGTCATAGCCAGAAC-1",3
"AGGTCATAGGCATGGT-1",1
"AGGTCATAGGGAGTAA-1",1
"AGGTCATCACTCAGGC-1",1
"AGGTCATCACTCTGTC-1",0
"AGGTCATGTTCCACTC-1",2
"AGGTCATTCTCGTTTA-1",0
"AGGTCCGAGGATGCGT-1",1
"AGGTCCGCAACACGCC-1",3
"AGGTCCGGTGATGCCC-1",0
"AGGTCCGTCCATGAAC-1",2
"AGGTCCGTCGCCCTTA-1",2
"AGGTCCGTCTGCGTAA-1",0
"AGTAGTCAGACTGTAA-1",2
"AGTAGTCAGTACGACG-1",1
"AGTAGTCAGTTTAGGA-1",1
"AGTAGTCCAACTGGCC-1",2
"AGTAGTCGTGCAGACA-1",0
"AGTAGTCTCACCCGAG-1",1
"AGTCTTTAGGCAGTCA-1",1
"AGTCTTTCAAATCCGT-1",0
"AGTCTTTCATATACCG-1",6
"AGTCTTTGTGCTTCTC-1",5
"AGTCTTTGTGTCCTCT-1",1
"AGTCTTTGTTTGTTTC-1",0
"AGTCTTTTCGCAGGCT-1",1
"AGTCTTTTCGCGTAGC-1",1
"AGTCTTTTCGCTAGCG-1",1
"AGTCTTTTCGCTTGTC-1",0
"AGTCTTTTCTGACCTC-1",1
"AGTGAGGAGATAGCAT-1",3
"AGTGAGGCAGGTGCCT-1",0
"AGTGAGGGTATGAAAC-1",2
"AGTGAGGGTCACTTCC-1",0
"AGTGAGGGTCGCGAAA-1",1
"AGTGAGGGTTATGTGC-1",2
"AGTGAGGTCTACTATC-1",2
"AGTGGGAAGCAGACTG-1",1
"AGTGGGACAAACGCGA-1",0
"AGTGGGACAAGCCGTC-1",1
"AGTGGGACACAGGAGT-1",0
"AGTGGGACACGAGAGT-1",0
"AGTGGGATCATCGATG-1",1
"AGTGGGATCCACGAAT-1",0
"AGTGGGATCCTGCAGG-1",4
"AGTGTCAAGAAGCCCA-1",1
"AGTGTCAAGCTAGTCT-1",2
"AGTGTCAAGTACGACG-1",0
"AGTGTCAAGTGAACAT-1",1
"AGTGTCACACCATCCT-1",1
"AGTGTCACAGTAAGCG-1",0
"AGTGTCACAGTGGAGT-1",0
"AGTGTCAGTAAACCTC-1",0
"AGTGTCAGTACAGCAG-1",0
"AGTGTCAGTCTCCACT-1",1
"AGTGTCAGTTTGACTG-1",0
"AGTGTCATCAAAGTAG-1",0
"AGTGTCATCCGTCAAA-1",2
"AGTGTCATCGTTACAG-1",4
"AGTGTCATCTGTCAAG-1",0
"AGTTGGTAGACTGTAA-1",0
"AGTTGGTAGTACGCGA-1",3
"AGTTGGTCAAATTGCC-1",2
"AGTTGGTCAGGAATGC-1",1
"AGTTGGTCATGCGCAC-1",0
"AGTTGGTGTACCGTAT-1",9
"AGTTGGTGTATGCTTG-1",1
"AGTTGGTGTCAGGACA-1",0
"AGTTGGTGTTCAGACT-1",2
"AGTTGGTTCAGTACGT-1",4
"AGTTGGTTCCTCAACC-1",1
"AGTTGGTTCGTACCGG-1",0
"AGTTGGTTCTGTCCGT-1",0
"ATAACGCAGTTGAGTA-1",3
"ATAACGCCACGTGAGA-1",1
"ATAACGCGTGAACCTT-1",5
"ATAACGCGTGTCCTCT-1",1
"ATAACGCGTGTGAAAT-1",0
"ATAACGCTCTCCGGTT-1",4
"ATAAGAGAGTCCGGTC-1",0
"ATAAGAGCAACTGCGC-1",0
"ATAAGAGCAGTATCTG-1",2
"ATAAGAGGTGACGCCT-1",1
"ATAAGAGGTTAAAGTG-1",1
"ATAAGAGTCAGCACAT-1",3
"ATAAGAGTCAGTGCAT-1",2
"ATAGACCAGAGAGCTC-1",0
"ATAGACCAGCCCAATT-1",0
"ATAGACCCAAGCCATT-1",0
"ATAGACCCATCTGGTA-1",3
"ATAGACCGTATATGGA-1",1
"ATAGACCGTGGACGAT-1",0
"ATAGACCGTGGCGAAT-1",1
"ATAGACCGTTTCGCTC-1",1
"ATCACGAAGAACTCGG-1",1
"ATCACGAAGACACGAC-1",2
"ATCACGAAGTTACCCA-1",1
"ATCACGACAAGACACG-1",2
"ATCACGACAAGCGTAG-1",1
"ATCACGACACACATGT-1",0
"ATCACGACACCACCAG-1",0
"ATCACGACACGGTAAG-1",0
"ATCACGACAGCGAACA-1",3
"ATCACGATCCCGACTT-1",1
"ATCACGATCGGTGTCG-1",1
"ATCATCTAGCCTATGT-1",1
"ATCATCTAGGCCATAG-1",7
"ATCATCTAGTACTTGC-1",2
"ATCATCTCAGACGCCT-1",1
"ATCATCTCATCCGTGG-1",2
"ATCATCTGTATTACCG-1",0
"ATCATCTGTCACTTCC-1",0
"ATCATCTTCAGCGACC-1",4
"ATCATCTTCCTCAACC-1",3
"ATCATGGCAAGCGTAG-1",1
"ATCATGGCAAGGTTCT-1",0
"ATCATGGCACTACAGT-1",0
"ATCATGGGTAAGGGAA-1",3
"ATCATGGGTTGTGGCC-1",1
"ATCATGGTCAATAAGG-1",3
"ATCATGGTCCAATGGT-1",0
"ATCATGGTCGCCATAA-1",4
"ATCATGGTCGGTTAAC-1",1
"ATCCACCAGCTAGTCT-1",2
"ATCCACCAGGCTCTTA-1",0
"ATCCACCCAAACGTGG-1",1
"ATCCACCCAGTTAACC-1",1
"ATCCACCGTCCGAAGA-1",2
"ATCCACCGTTTGTTTC-1",1
"ATCCACCTCCTGCTTG-1",0
"ATCCACCTCCTTAATC-1",1
"ATCCACCTCTGGTATG-1",0
"ATCCGAAAGCGATGAC-1",0
"ATCCGAAAGCTAGGCA-1",0
"ATCCGAACAAACGTGG-1",0
"ATCCGAACAACAACCT-1",1
"ATCCGAACAAGGACTG-1",1
"ATCCGAACACCCATTC-1",2
"ATCCGAACACGGTAGA-1",3
"ATCCGAAGTAGCGCTC-1",0
"ATCCGAAGTCATTAGC-1",0
"ATCCGAAGTCTCTTAT-1",0
"ATCCGAATCCAACCAA-1",1
"ATCCGAATCCTTGACC-1",0
"ATCCGAATCTTGTCAT-1",2
"ATCGAGTAGACTTTCG-1",0
"ATCGAGTCATCCGGGT-1",1
"ATCGAGTGTCCCTTGT-1",0
"ATCGAGTGTCTCCCTA-1",3
"ATCGAGTTCATGCATG-1",1
"ATCGAGTTCCTGCCAT-1",0
"ATCTACTAGGTGTGGT-1",1
"ATCTACTCAGCTGTAT-1",2
"ATCTACTCAGTACACT-1",2
"ATCTACTCATGACATC-1",1
"ATCTACTGTAAGTAGT-1",2
"ATCTACTGTGTCGCTG-1",3
"ATCTACTTCCGCGTTT-1",0
"ATCTACTTCGCAAGCC-1",2
"ATCTACTTCTATCGCC-1",3
"ATCTACTTCTCTAAGG-1",2
"ATCTGCCAGGCTCAGA-1",1
"ATCTGCCGTACAGTTC-1",1
"ATCTGCCGTTGTGGAG-1",2
"ATCTGCCTCAGAGACG-1",2
"ATCTGCCTCAGCTGGC-1",1
"ATCTGCCTCGTACGGC-1",0
"ATCTGCCTCTCGAGTA-1",1
"ATCTGCCTCTGAGTGT-1",2
"ATCTGCCTCTTGTATC-1",1
"ATGAGGGAGGTCGGAT-1",2
"ATGAGGGCATGACGGA-1",2
"ATGAGGGCATTAGGCT-1",1
"ATGAGGGTCACATGCA-1",0
"ATGAGGGTCAGTCCCT-1",1
"ATGCGATAGTCAATAG-1",1
"ATGCGATCATGTTGAC-1",4
"ATGCGATGTGCAGTAG-1",3
"ATGCGATGTGCATCTA-1",0
"ATGCGATTCCCAAGAT-1",1
"ATGCGATTCGCCATAA-1",0
"ATGGGAGAGCAATATG-1",1
"ATGGGAGAGCCACGCT-1",2
"ATGGGAGAGGTGATAT-1",0
"ATGGGAGCACCAGGTC-1",1
"ATGGGAGCACTATCTT-1",5
"ATGGGAGCAGCATACT-1",1
"ATGGGAGCATAGAAAC-1",2
"ATGGGAGCATTACCTT-1",1
"ATGGGAGTCAAGGTAA-1",0
"ATGTGTGAGCGAAGGG-1",0
"ATGTGTGAGGGTTTCT-1",2
"ATGTGTGAGTTGAGTA-1",0
"ATGTGTGCACGGCGTT-1",1
"ATGTGTGCACGGTTTA-1",0
"ATGTGTGCAGTATAAG-1",0
"ATGTGTGTCACGCGGT-1",0
"ATTACTCAGATGTGTA-1",4
"ATTACTCAGCGTAATA-1",1
"ATTACTCAGGTGCACA-1",3
"ATTACTCAGTGAAGTT-1",1
"ATTACTCCAAACTGTC-1",0
"ATTACTCCACCATCCT-1",2
"ATTACTCCAGACTCGC-1",1
"ATTACTCCATATGCTG-1",1
"ATTACTCCATCGGTTA-1",0
"ATTACTCCATTGCGGC-1",1
"ATTACTCGTTAAAGAC-1",5
"ATTACTCTCCGAACGC-1",2
"ATTATCCAGAGTACCG-1",0
"ATTATCCAGCTTATCG-1",0
"ATTATCCCACAAGCCC-1",1
"ATTATCCCATATGAGA-1",1
"ATTATCCCATCTGGTA-1",0
"ATTATCCGTCGTTGTA-1",3
"ATTATCCGTCTCTCTG-1",2
"ATTATCCTCAACGGGA-1",1
"ATTATCCTCCGCGCAA-1",1
"ATTATCCTCTCCGGTT-1",0
"ATTCTACGTCACTTCC-1",1
"ATTCTACGTCTAGTCA-1",1
"ATTCTACGTTGTCGCG-1",0
"ATTGGACAGCAGATCG-1",3
"ATTGGACAGGGCATGT-1",0
"ATTGGACAGTGGACGT-1",1
"ATTGGACCAAGACACG-1",5
"ATTGGACGTAATAGCA-1",2
"ATTGGACTCCTGCTTG-1",2
"ATTGGACTCGGCGCAT-1",0
"ATTGGACTCGTTTGCC-1",0
"ATTGGTGAGAATGTTG-1",0
"ATTGGTGCAAGCTGAG-1",0
"ATTGGTGCAGCAGTTT-1",0
"ATTGGTGGTATGGTTC-1",1
"ATTGGTGGTTGAGTTC-1",0
"ATTGGTGTCAAAGTAG-1",2
"ATTGGTGTCGGAAACG-1",1
"ATTTCTGAGGGATACC-1",1
"ATTTCTGAGGGATCTG-1",1
"ATTTCTGAGGTGTTAA-1",0
"ATTTCTGAGTCGAGTG-1",5
"ATTTCTGAGTTCGCAT-1",1
"ATTTCTGCAAGGTGTG-1",1
"ATTTCTGGTAGCTCCG-1",2
"ATTTCTGGTGCACGAA-1",1
"ATTTCTGGTTGCCTCT-1",0
"ATTTCTGTCAAAGTAG-1",2
"ATTTCTGTCAGCTCGG-1",0
"ATTTCTGTCTTGGGTA-1",0
"CAACCAAAGAAACGCC-1",0
"CAACCAAAGAGGGCTT-1",2
"CAACCAAAGCTGAAAT-1",3
"CAACCAAAGGACAGCT-1",1
"CAACCAAAGGGAGTAA-1",2
"CAACCAACATACGCTA-1",1
"CAACCTCAGTAATCCC-1",2
"CAACCTCCAGACGCAA-1",0
"CAACCTCGTGAGTGAC-1",0
"CAACCTCGTTCCACGG-1",1
"CAACCTCTCATACGGT-1",2
"CAACCTCTCCGATATG-1",0
"CAACCTCTCCTTTACA-1",0
"CAACCTCTCTCTAGGA-1",1
"CAACTAGAGAATAGGG-1",3
"CAACTAGAGGATGCGT-1",2
"CAACTAGCACCATCCT-1",1
"CAACTAGCAGACTCGC-1",0
"CAACTAGCAGTTCATG-1",0
"CAACTAGGTACGCACC-1",0
"CAACTAGTCAGGCCCA-1",2
"CAAGAAAAGAAGGACA-1",0
"CAAGAAAAGACGCACA-1",1
"CAAGAAAAGGCCCTTG-1",3
"CAAGAAAAGGTGATAT-1",2
"CAAGAAAAGTCGATAA-1",0
"CAAGAAAAGTGGAGTC-1",0
"CAAGAAAAGTGTACCT-1",4
"CAAGAAACACGGTGTC-1",4
"CAAGAAATCTGCTTGC-1",1
"CAAGATCAGCTGAAAT-1",2
"CAAGATCGTAAGAGGA-1",1
"CAAGATCGTGCCTTGG-1",1
"CAAGATCTCAACACCA-1",0
"CAAGATCTCTCGATGA-1",2
"CAAGGCCAGGAGTCTG-1",1
"CAAGGCCAGGCTATCT-1",3
"CAAGGCCCACGGTAAG-1",2
"CAAGGCCCATGTTCCC-1",1
"CAAGGCCGTCCGTCAG-1",0
"CAAGGCCTCAACGGGA-1",0
"CAAGGCCTCCTTGACC-1",1
"CAAGGCCTCGTGACAT-1",0
"CAAGTTGAGACAGGCT-1",2
"CAAGTTGAGATGTCGG-1",3
"CAAGTTGAGCGTCAAG-1",0
"CAAGTTGAGCGTTTAC-1",0
"CAAGTTGCACATTAGC-1",1
"CAAGTTGCACGCTTTC-1",3
"CAAGTTGCACGGTGTC-1",0
"CAAGTTGCATTCTTAC-1",3
"CAAGTTGGTACTCAAC-1",0
"CAAGTTGGTCAGGACA-1",0
"CAAGTTGGTCGGCACT-1",0
"CAAGTTGTCAACGAAA-1",4
"CAAGTTGTCACCACCT-1",1
"CAAGTTGTCATTGCCC-1",1
"CAAGTTGTCGAATCCA-1",0
"CAAGTTGTCTACTTAC-1",1
"CACAAACAGGGCTCTC-1",0
"CACAAACAGGGCTTGA-1",2
"CACAAACAGTGACATA-1",3
"CACAAACCAACTGCGC-1",2
"CACAAACCAATAAGCA-1",1
"CACAAACCAATCAGAA-1",0
"CACAAACCACTTAACG-1",0
"CACAAACCATGAACCT-1",0
"CACAAACCATGGTCAT-1",1
"CACAAACGTCAACTGT-1",0
"CACAAACGTCAGAATA-1",1
"CACAAACTCTTCGGTC-1",1
"CACAAACTCTTGGGTA-1",2
"CACACAAAGCGACGTA-1",0
"CACACAAAGGGAGTAA-1",0
"CACACAACAAACGTGG-1",0
"CACACAACACATGACT-1",1
"CACACAACATCGATTG-1",1
"CACACAACATTGGGCC-1",0
"CACACAAGTACGACCC-1",0
"CACACAAGTCAGTGGA-1",0
"CACACAAGTCATCGGC-1",2
"CACACAAGTTTACTCT-1",1
"CACACAATCCACGTGG-1",0
"CACACAATCCACGTTC-1",0
"CACACAATCGGCGCAT-1",1
"CACACCTAGAGACTAT-1",1
"CACACCTAGGACATTA-1",1
"CACACCTAGTCATCCA-1",3
"CACACCTAGTGTGAAT-1",2
"CACACCTCACTGAAGG-1",3
"CACACCTCATAGGATA-1",2
"CACACCTCATAGTAAG-1",1
"CACACCTCATTGGGCC-1",1
"CACACCTGTACAGCAG-1",3
"CACACCTGTACCGCTG-1",0
"CACACCTGTCCAAGTT-1",1
"CACACCTGTGGACGAT-1",1
"CACACCTGTGGTCTCG-1",1
"CACACCTTCATGTCTT-1",5
"CACACCTTCTGGCGAC-1",2
"CACACTCAGGGAAACA-1",3
"CACACTCCAACACCTA-1",0
"CACACTCCAAGGGTCA-1",0
"CACACTCGTGACGCCT-1",1
"CACACTCGTTTGTGTG-1",0
"CACAGGCAGCCATCGC-1",1
"CACAGGCAGGGATGGG-1",6
"CACAGGCCAAGAGTCG-1",2
"CACAGGCCAATGGAGC-1",0
"CACAGGCGTCTAGGTT-1",1
"CACAGGCGTTACGCGC-1",1
"CACAGGCTCGGGAGTA-1",1
"CACAGGCTCTATGTGG-1",4
"CACAGTAAGACGCAAC-1",0
"CACAGTAAGACGCACA-1",0
"CACAGTAAGTGGGCTA-1",1
"CACAGTACAACTGGCC-1",2
"CACAGTACATCGGACC-1",3
"CACAGTAGTTCCATGA-1",6
"CACATAGAGCCCAATT-1",3
"CACATAGAGTGTACTC-1",1
"CACATAGCACTTCTGC-1",2
"CACATAGCAGGGTATG-1",1
"CACATAGTCCTTGCCA-1",0
"CACATAGTCGGCGCAT-1",3
"CACATTTAGCAGATCG-1",0
"CACATTTAGGGCACTA-1",1
"CACATTTCACGGCGTT-1",0
"CACATTTCATTACCTT-1",0
"CACATTTGTCGAACAG-1",2
"CACATTTGTGTTGAGG-1",1
"CACATTTTCCAGAGGA-1",1
"CACATTTTCCGCATCT-1",1
"CACATTTTCTACTATC-1",0
"CACATTTTCTGTGCAA-1",0
"CACCACTAGCCACGTC-1",3
"CACCACTAGTGGTAAT-1",2
"CACCACTAGTTACCCA-1",1
"CACCACTCAAGCCCAC-1",0
"CACCACTCAGTTCATG-1",1
"CACCACTGTTATTCTC-1",2
"CACCACTTCACCGGGT-1",1
"CACCACTTCGAATCCA-1",3
"CACCACTTCGACCAGC-1",1
"CACCACTTCTAACCGA-1",1
"CACCACTTCTTTAGTC-1",0
"CACCAGGCACATTAGC-1",2
"CACCAGGCACTGCCAG-1",0
"CACCAGGCATAAAGGT-1",2
"CACCAGGCATGAACCT-1",0
"CACCAGGGTGAAATCA-1",2
"CACCAGGGTGTTTGGT-1",1
"CACCAGGGTTATCACG-1",0
"CACCAGGTCATGTAGC-1",1
"CACCAGGTCTGCTTGC-1",1
"CACCTTGAGACTTGAA-1",0
"CACCTTGAGTCAATAG-1",0
"CACCTTGCACTAGTAC-1",0
"CACCTTGCAGGCGATA-1",0
"CACCTTGCATTCCTGC-1",0
"CACCTTGGTCATTAGC-1",4
"CACCTTGGTGATGTCT-1",4
"CACCTTGGTGTGAAAT-1",0
"CACCTTGGTTATGTGC-1",3
"CACCTTGTCAACCATG-1",0
"CACCTTGTCATTATCC-1",1
"CACCTTGTCCAAAGTC-1",2
"CACCTTGTCTCACATT-1",0
"CACTCCAAGACAAGCC-1",0
"CACTCCAAGGTACTCT-1",2
"CACTCCACAATGGACG-1",0
"CACTCCAGTACATGTC-1",0
"CACTCCAGTTGTCGCG-1",6
"CACTCCATCAACACAC-1",0
"CACTCCATCCCAGGTG-1",1
"CAGAATCAGAAACCTA-1",0
"CAGAATCAGCCAACAG-1",3
"CAGAATCAGCTGGAAC-1",0
"CAGAATCAGGACTGGT-1",2
"CAGAATCAGTATCGAA-1",2
"CAGAATCCACAGAGGT-1",2
"CAGAATCCAGGGTACA-1",1
"CAGAATCGTAAGTGTA-1",1
"CAGAATCGTAATCACC-1",2
"CAGAATCTCAGTTTGG-1",0
"CAGAATCTCGCAAGCC-1",2
"CAGAATCTCGGTCCGA-1",0
"CAGAATCTCTTGCAAG-1",0
"CAGAATCTCTTGTACT-1",0
"CAGAGAGAGAATTGTG-1",2
"CAGAGAGAGCAATATG-1",1
"CAGAGAGCAAGAAGAG-1",0
"CAGAGAGCACCAGATT-1",0
"CAGAGAGGTAATCACC-1",1
"CAGAGAGGTAGCTGCC-1",1
"CAGAGAGGTAGGACAC-1",1
"CAGAGAGGTATAGGGC-1",0
"CAGAGAGGTCCGAATT-1",0
"CAGAGAGGTTGAGGTG-1",0
"CAGAGAGTCACCCGAG-1",1
"CAGAGAGTCATAACCG-1",1
"CAGAGAGTCCGAACGC-1",3
"CAGAGAGTCTGGTATG-1",0
"CAGATCAAGAGACGAA-1",1
"CAGATCAAGCACCGTC-1",2
"CAGATCAAGCTTCGCG-1",0
"CAGATCAAGGATTCGG-1",2
"CAGATCAAGTGTACCT-1",3
"CAGATCAAGTTTAGGA-1",4
"CAGATCACAATAACGA-1",1
"CAGATCACACACCGAC-1",1
"CAGATCACACGGTAAG-1",0
"CAGATCACACTCTGTC-1",0
"CAGATCACAGCATACT-1",2
"CAGATCACAGTGGGAT-1",3
"CAGATCAGTACCAGTT-1",0
"CAGATCAGTGCGGTAA-1",1
"CAGATCATCTGATACG-1",2
"CAGATCATCTGATTCT-1",4
"CAGCAGCAGATGCCAG-1",1
"CAGCAGCAGGGAACGG-1",0
"CAGCAGCCACCTATCC-1",4
"CAGCAGCCATCACAAC-1",2
"CAGCAGCGTGCTAGCC-1",3
"CAGCAGCTCAACACTG-1",5
"CAGCAGCTCGAACTGT-1",2
"CAGCAGCTCGCCGTGA-1",0
"CAGCATAAGAGACGAA-1",1
"CAGCATAGTCTAGGTT-1",1
"CAGCATAGTTTACTCT-1",1
"CAGCATATCACGAAGG-1",0
"CAGCATATCAGGCAAG-1",2
"CAGCATATCCTTAATC-1",1
"CAGCCGAAGCATCATC-1",3
"CAGCCGAAGTTTCCTT-1",1
"CAGCCGACACGTGAGA-1",1
"CAGCCGACATCAGTCA-1",1
"CAGCCGAGTGATGTCT-1",2
"CAGCCGATCACCAGGC-1",0
"CAGCCGATCCTCAATT-1",0
"CAGCGACAGAAACGCC-1",1
"CAGCGACAGCGTCAAG-1",1
"CAGCGACCAAACGTGG-1",0
"CAGCGACCAAAGCGGT-1",1
"CAGCGACCACGTCAGC-1",6
"CAGCGACCATGGGACA-1",0
"CAGCGACGTCTGATTG-1",1
"CAGCGACGTGGACGAT-1",3
"CAGCGACGTGGTTTCA-1",0
"CAGCGACGTTCGGCAC-1",2
"CAGCGACTCCGCAAGC-1",0
"CAGCGACTCTGGGCCA-1",1
"CAGCTAAAGATGTGTA-1",0
"CAGCTAAAGCAGACTG-1",0
"CAGCTAAAGCTGTTCA-1",4
"CAGCTAAAGGAGCGTT-1",0
"CAGCTAACACAGATTC-1",0
"CAGCTAACATCAGTAC-1",0
"CAGCTAAGTAATCGTC-1",2
"CAGCTAAGTCTCACCT-1",2
"CAGCTAAGTTCGTCTC-1",0
"CAGCTAATCCACGCAG-1",1
"CAGCTAATCCCTAACC-1",2
"CAGCTAATCTGGTTCC-1",0
"CAGCTAATCTTAGCCC-1",2
"CAGCTAATCTTCGGTC-1",0
"CAGCTGGAGACACTAA-1",1
"CAGCTGGAGATCCTGT-1",1
"CAGCTGGCACCAACCG-1",1
"CAGCTGGCAGTGGAGT-1",3
"CAGCTGGCATGCATGT-1",4
"CAGCTGGTCTACCTGC-1",1
"CAGGTGCAGAGACGAA-1",0
"CAGGTGCAGATCCTGT-1",2
"CAGGTGCAGGCATGTG-1",2
"CAGGTGCCAGGAACGT-1",2
"CAGGTGCCATAGTAAG-1",2
"CAGGTGCCATCGGAAG-1",1
"CAGGTGCTCAGTTGAC-1",1
"CAGGTGCTCCAAGTAC-1",2
"CAGGTGCTCTTGTATC-1",1
"CAGTAACAGATATGGT-1",1
"CAGTAACAGATGGCGT-1",2
"CAGTAACCAATCACAC-1",0
"CAGTAACCACTCGACG-1",0
"CAGTAACGTGATAAGT-1",1
"CAGTAACGTGCACCAC-1",0
"CAGTAACTCAGAGGTG-1",0
"CAGTAACTCGTACGGC-1",2
"CAGTAACTCGTGACAT-1",1
"CAGTAACTCTGCCAGG-1",2
"CAGTCCTAGAATCTCC-1",1
"CAGTCCTAGATCTGCT-1",1
"CAGTCCTCAGTATAAG-1",1
"CAGTCCTTCAACACGT-1",0
"CAGTCCTTCCATGAGT-1",4
"CAGTCCTTCCCGACTT-1",0
"CAGTCCTTCCCTTGTG-1",0
"CAGTCCTTCGAACGGA-1",2
"CAGTCCTTCGGTTCGG-1",0
"CAGTCCTTCTACTTAC-1",0
"CATATGGAGAGATGAG-1",0
"CATATGGAGGCATGGT-1",2
"CATATGGAGTATTGGA-1",0
"CATATGGCAAGCGTAG-1",2
"CATATGGGTCGCATAT-1",0
"CATATGGTCATTATCC-1",1
"CATATGGTCATTGCGA-1",0
"CATATTCAGGCGACAT-1",1
"CATATTCCACCACCAG-1",0
"CATATTCGTGACTACT-1",1
"CATATTCGTGGTACAG-1",0
"CATATTCGTGTGACGA-1",0
"CATATTCTCACAGGCC-1",0
"CATATTCTCGCAAACT-1",1
"CATCAAGAGAACTCGG-1",0
"CATCAAGAGATGGCGT-1",0
"CATCAAGAGCCGCCTA-1",3
"CATCAAGCACGAAACG-1",4
"CATCAAGCAGCCTTTC-1",1
"CATCAAGCATGGAATA-1",0
"CATCAAGGTTACTGAC-1",0
"CATCAAGGTTCCATGA-1",2
"CATCAAGTCTAAGCCA-1",1
"CATCAAGTCTGACCTC-1",1
"CATCAGAAGCTAGTCT-1",2
"CATCAGACAAGCCATT-1",2
"CATCAGACAATGACCT-1",1
"CATCAGACACGGCCAT-1",0
"CATCAGACAGACAGGT-1",0
"CATCAGACATAACCTG-1",0
"CATCAGAGTAATTGGA-1",0
"CATCAGAGTACATGTC-1",1
"CATCAGAGTGTTAAGA-1",3
"CATCAGAGTTCAACCA-1",2
"CATCAGATCGTTGACA-1",1
"CATCCACGTAAAGTCA-1",10
"CATCCACGTACCGTAT-1",0
"CATCCACGTGCCTGTG-1",5
"CATCCACGTTTAAGCC-1",3
"CATCGAAAGAGTACAT-1",0
"CATCGAAAGCTGTCTA-1",1
"CATCGAACAAGAGGCT-1",2
"CATCGAACAAGCTGAG-1",1
"CATCGAACACATTTCT-1",2
"CATCGAACATAAAGGT-1",2
"CATCGAAGTAGTACCT-1",2
"CATCGAAGTCCGACGT-1",8
"CATCGAAGTGCACTTA-1",1
"CATCGAATCAAACCAC-1",2
"CATCGAATCCGCGGTA-1",0
"CATCGAATCCGTAGTA-1",0
"CATCGGGAGAAGCCCA-1",2
"CATCGGGAGCGAGAAA-1",0
"CATCGGGAGGGTGTGT-1",1
"CATCGGGAGGTGTTAA-1",1
"CATCGGGAGTGACTCT-1",0
"CATCGGGCACTCAGGC-1",3
"CATCGGGCAGACGCTC-1",1
"CATCGGGCATCACAAC-1",2
"CATCGGGGTCCTCTTG-1",0
"CATCGGGGTGAGGGAG-1",3
"CATCGGGGTTCGAATC-1",1
"CATCGGGTCAGGATCT-1",2
"CATCGGGTCCACGAAT-1",0
"CATCGGGTCGATGAGG-1",1
"CATGACAAGACCACGA-1",1
"CATGACAAGCTCCTCT-1",0
"CATGACAAGTAACCCT-1",1
"CATGACAAGTATCTCG-1",2
"CATGACAGTCGTCTTC-1",0
"CATGACAGTGAACCTT-1",5
"CATGACATCAATAAGG-1",0
"CATGACATCTAACTGG-1",3
"CATGCCTAGACCTAGG-1",3
"CATGCCTAGAGTCTGG-1",0
"CATGCCTCACCACCAG-1",1
"CATGCCTGTCAAAGCG-1",0
"CATGCCTGTCGATTGT-1",1
"CATGCCTTCCACGACG-1",2
"CATGCCTTCCTCATTA-1",0
"CATGCCTTCGCATGAT-1",0
"CATGGCGAGAGCTGGT-1",2
"CATGGCGAGTACGACG-1",1
"CATGGCGTCCAAAGTC-1",1
"CATGGCGTCCCTTGTG-1",1
"CATGGCGTCGGCCGAT-1",0
"CATGGCGTCTCAAACG-1",1
"CATGGCGTCTGCCCTA-1",1
"CATTATCAGACCCACC-1",0
"CATTATCAGTCCCACG-1",1
"CATTATCCAAGTCTGT-1",1
"CATTATCCAGGGCATA-1",0
"CATTATCGTCAATGTC-1",1
"CATTATCTCACAAACC-1",0
"CATTATCTCAGATAAG-1",2
"CATTATCTCGCGTTTC-1",1
"CATTATCTCGTTGCCT-1",4
"CATTATCTCTATCCCG-1",0
"CATTATCTCTTAACCT-1",0
"CATTCGCAGGTGCTAG-1",0
"CATTCGCCAAGGGTCA-1",0
"CATTCGCCAGCCTATA-1",1
"CATTCGCCATACAGCT-1",2
"CATTCGCCATGGATGG-1",2
"CATTCGCCATGTCTCC-1",1
"CATTCGCCATTCACTT-1",0
"CATTCGCGTAGCACGA-1",0
"CATTCGCTCATCACCC-1",3
"CCAATCCAGACCACGA-1",1
"CCAATCCAGATATGGT-1",1
"CCAATCCAGTCGAGTG-1",0
"CCAATCCAGTCGTTTG-1",0
"CCAATCCAGTTTAGGA-1",0
"CCAATCCCAAGCGAGT-1",0
"CCAATCCTCGGACAAG-1",2
"CCAATCCTCTACCTGC-1",1
"CCACCTAAGCAGACTG-1",3
"CCACCTAAGGATGGTC-1",1
"CCACCTAAGTCGAGTG-1",0
"CCACCTAAGTGGGATC-1",0
"CCACCTAAGTGTGGCA-1",0
"CCACCTACAACAACCT-1",1
"CCACCTACAAGCCGCT-1",0
"CCACCTACAATCTACG-1",0
"CCACCTAGTAGTACCT-1",0
"CCACCTAGTCGCGTGT-1",2
"CCACCTAGTGGGTCAA-1",0
"CCACCTATCAGTTGAC-1",1
"CCACCTATCTGATACG-1",1
"CCACGGAAGACACGAC-1",0
"CCACGGAAGGGAACGG-1",1
"CCACGGACATGTCGAT-1",2
"CCACGGAGTAAGGGCT-1",2
"CCACGGAGTCAGATAA-1",2
"CCACGGAGTCCGTGAC-1",1
"CCACGGAGTGTAATGA-1",0
"CCACGGAGTTCTGAAC-1",0
"CCACGGATCACATAGC-1",0
"CCACGGATCCACGTGG-1",1
"CCACGGATCTACTATC-1",1
"CCACGGATCTAGAGTC-1",0
"CCACTACAGAGTACCG-1",1
"CCACTACAGCTTTGGT-1",2
"CCACTACCAGCAGTTT-1",1
"CCACTACCAGTAGAGC-1",1
"CCACTACGTCCGAATT-1",1
"CCACTACGTCTCAACA-1",4
"CCACTACGTGACAAAT-1",4
"CCACTACGTGACCAAG-1",2
"CCACTACGTGCACGAA-1",0
"CCACTACTCACTCTTA-1",1
"CCACTACTCCGCATCT-1",1
"CCACTACTCGGAAATA-1",1
"CCACTACTCTCGTATT-1",1
"CCACTACTCTCGTTTA-1",2
"CCAGCGAAGCCCAACC-1",1
"CCAGCGACATCGGGTC-1",0
"CCAGCGACATGTCCTC-1",0
"CCAGCGAGTAGGCATG-1",1
"CCAGCGAGTCCGTTAA-1",1
"CCAGCGATCAGAAATG-1",2
"CCATGTCAGCGATCCC-1",0
"CCATGTCAGGTCGGAT-1",1
"CCATGTCAGGTTACCT-1",0
"CCATGTCCAAGCTGGA-1",2
"CCATGTCCACATCCGG-1",0
"CCATGTCGTCCAGTAT-1",2
"CCATGTCTCCAAGTAC-1",0
"CCATGTCTCTTGTATC-1",3
"CCATTCGCAGTACACT-1",4
"CCATTCGCAGTTTACG-1",0
"CCATTCGGTAATCGTC-1",0
"CCATTCGGTATTACCG-1",3
"CCATTCGTCGTAGGAG-1",0
"CCCAATCAGTCACGCC-1",0
"CCCAATCCAGGTGGAT-1",2
"CCCAATCGTGAAGGCT-1",1
"CCCAATCGTTGGAGGT-1",0
"CCCAATCTCACATGCA-1",1
"CCCAATCTCCAGTATG-1",0
"CCCAATCTCGGAGCAA-1",2
"CCCAGTTAGAATAGGG-1",1
"CCCAGTTAGATCCCGC-1",1
"CCCAGTTAGCGTGAAC-1",0
"CCCAGTTAGGAATCGC-1",1
"CCCAGTTAGTCCGGTC-1",1
"CCCAGTTAGTTTGCGT-1",1
"CCCAGTTGTACATGTC-1",0
"CCCAGTTGTCTGCAAT-1",2
"CCCAGTTTCTGAAAGA-1",1
"CCCATACAGGGTTCCC-1",0
"CCCATACAGTGTTTGC-1",2
"CCCATACCAAAGGTGC-1",0
"CCCATACCAACACCCG-1",1
"CCCATACCAGCAGTTT-1",1
"CCCATACGTATTACCG-1",2
"CCCATACGTCAATACC-1",0
"CCCATACGTCTAGTCA-1",1
"CCCATACGTTGAGTTC-1",1
"CCCATACTCAATAAGG-1",0
"CCCATACTCAGCGACC-1",1
"CCCATACTCATCACCC-1",0
"CCCATACTCCGTAGGC-1",0
"CCCTCCTAGGAATCGC-1",7
"CCCTCCTCACGTCTCT-1",2
"CCCTCCTCAGCTTAAC-1",1
"CCCTCCTCATATGAGA-1",1
"CCCTCCTCATCACGTA-1",1
"CCCTCCTGTATGGTTC-1",3
"CCCTCCTGTTAGATGA-1",1
"CCCTCCTTCAATCACG-1",0
"CCCTCCTTCCGCAGTG-1",1
"CCGGGATAGCTTCGCG-1",0
"CCGGGATAGGCGACAT-1",1
"CCGGGATAGGCTAGGT-1",2
"CCGGGATCACAGTCGC-1",0
"CCGGGATGTATAGGTA-1",3
"CCGGGATTCAGAGCTT-1",2
"CCGGGATTCGCTAGCG-1",0
"CCGGGATTCGCTTGTC-1",2
"CCGGTAGAGCGTCTAT-1",0
"CCGGTAGAGTACGCCC-1",0
"CCGGTAGCACATAACC-1",4
"CCGGTAGCACGCATCG-1",1
"CCGGTAGGTACTTCTT-1",0
"CCGGTAGGTCAAACTC-1",1
"CCGGTAGTCGTCCGTT-1",2
"CCGTACTAGAGAACAG-1",2
"CCGTACTAGTCCGTAT-1",2
"CCGTACTCAAGCCCAC-1",1
"CCGTACTCAAGCGAGT-1",0
"CCGTACTCATCCCACT-1",0
"CCGTACTGTACAGCAG-1",3
"CCGTACTGTAGCGCTC-1",0
"CCGTACTGTGCGGTAA-1",1
"CCGTACTTCGTTACAG-1",1
"CCGTGGAAGACGCACA-1",1
"CCGTGGAAGAGTTGGC-1",0
"CCGTGGAAGGTGATAT-1",0
"CCGTGGAAGGTTCCTA-1",2
"CCGTGGACAGCCTTGG-1",0
"CCGTGGAGTTCCATGA-1",3
"CCGTGGATCTAACTTC-1",0
"CCGTGGATCTCTGTCG-1",0
"CCGTTCAAGCGTAATA-1",1
"CCGTTCAAGTACGATA-1",0
"CCGTTCAAGTAGATGT-1",1
"CCGTTCACAGGATCGA-1",0
"CCGTTCAGTATAGGGC-1",2
"CCGTTCAGTCGCGAAA-1",1
"CCGTTCATCGTACCGG-1",1
"CCTAAAGAGAGTTGGC-1",1
"CCTAAAGCAAACCTAC-1",0
"CCTAAAGCATGTCTCC-1",1
"CCTAAAGGTACTCAAC-1",2
"CCTAAAGGTCGGCACT-1",3
"CCTAAAGGTGTAATGA-1",0
"CCTAAAGTCACCGTAA-1",1
"CCTAAAGTCAGCGATT-1",3
"CCTAAAGTCGGCGCTA-1",2
"CCTAAAGTCGGTCCGA-1",0
"CCTACACAGGACCACA-1",1
"CCTACACAGGGTGTTG-1",0
"CCTACACCAGTAAGAT-1",0
"CCTACACGTATAGTAG-1",1
"CCTACACGTCCGAACC-1",1
"CCTACACGTGGGTCAA-1",0
"CCTACACGTTTGACTG-1",0
"CCTACACTCGGCGCTA-1",0
"CCTACACTCGTGACAT-1",2
"CCTACCAAGATAGGAG-1",0
"CCTACCAAGCAAATCA-1",0
"CCTACCAAGCGTAGTG-1",1
"CCTACCAAGCTTCGCG-1",0
"CCTACCAAGTGCGATG-1",0
"CCTACCAGTATCAGTC-1",2
"CCTACCAGTCTCTCTG-1",0
"CCTACCAGTCTTTCAT-1",1
"CCTACCATCAGCACAT-1",1
"CCTACCATCGCCAGCA-1",1
"CCTAGCTAGCAAATCA-1",0
"CCTAGCTAGCTCCTCT-1",0
"CCTAGCTAGGTTACCT-1",0
"CCTAGCTAGTACGCGA-1",0
"CCTAGCTCAATGAATG-1",0
"CCTAGCTCAATGGTCT-1",1
"CCTAGCTCACATCCAA-1",1
"CCTAGCTCAGCCAGAA-1",0
"CCTAGCTGTAGAAAGG-1",2
"CCTAGCTGTCACCCAG-1",0
"CCTAGCTGTCTGATTG-1",1
"CCTAGCTTCACGATGT-1",1
"CCTAGCTTCGTAGGAG-1",1
"CCTATTAAGAATTCCC-1",4
"CCTATTAAGCAGGCTA-1",1
"CCTATTAAGCAGGTCA-1",2
"CCTATTAAGGGAGTAA-1",2
"CCTATTAAGGTAGCCA-1",5
"CCTATTACACAACTGT-1",1
"CCTATTACACATCCGG-1",1
"CCTATTAGTCAATACC-1",0
"CCTATTATCATCACCC-1",2
"CCTATTATCTGCGACG-1",2
"CCTCAGTAGCTAACTC-1",0
"CCTCAGTCAGGTGGAT-1",2
"CCTCAGTGTCCATCCT-1",1
"CCTCAGTGTCCGACGT-1",1
"CCTCAGTGTCTTGTCC-1",2
"CCTCAGTGTGGGTATG-1",4
"CCTCTGAAGTATCGAA-1",1
"CCTCTGAAGTGGGTTG-1",1
"CCTCTGACAAGCTGTT-1",1
"CCTCTGACACCGATAT-1",1
"CCTCTGACAGATGAGC-1",1
"CCTCTGAGTCAATACC-1",0
"CCTCTGAGTCCGAACC-1",0
"CCTCTGAGTCGTGGCT-1",1
"CCTCTGAGTCTGATTG-1",0
"CCTCTGATCTGAGGGA-1",1
"CCTTACGCAAGCGTAG-1",0
"CCTTACGCACCAACCG-1",0
"CCTTACGGTCATCCCT-1",0
"CCTTACGGTCCTCTTG-1",4
"CCTTACGTCACAACGT-1",1
"CCTTACGTCATCTGCC-1",0
"CCTTACGTCGGAGGTA-1",1
"CCTTCCCAGAGACTAT-1",4
"CCTTCCCAGCTAGGCA-1",0
"CCTTCCCAGGACGAAA-1",2
"CCTTCCCAGGGCATGT-1",2
"CCTTCCCAGGTACTCT-1",1
"CCTTCCCCATGATCCA-1",0
"CCTTCCCTCAAGGCTT-1",3
"CCTTCCCTCTATCCTA-1",1
"CCTTCCCTCTATCGCC-1",3
"CCTTCGAAGGCGCTCT-1",0
"CCTTCGACAACACCCG-1",1
"CCTTCGACAGCGATCC-1",2
"CCTTCGAGTAAGCACG-1",0
"CCTTCGAGTCCATGAT-1",1
"CCTTCGAGTGTGACCC-1",2
"CCTTCGAGTTGGTGGA-1",0
"CCTTCGATCACAGTAC-1",3
"CCTTCGATCCTATGTT-1",1
"CCTTCGATCGCACTCT-1",1
"CCTTTCTAGACGCTTT-1",1
"CCTTTCTAGGGCACTA-1",1
"CCTTTCTAGTGGAGTC-1",1
"CCTTTCTCAGACAAGC-1",1
"CCTTTCTCATCACGAT-1",0
"CCTTTCTCATGCCCGA-1",4
"CCTTTCTTCCCACTTG-1",1
"CCTTTCTTCTTTACGT-1",2
"CGAACATCACATGACT-1",1
"CGAACATCACTTGGAT-1",0
"CGAACATCAGTCCTTC-1",0
"CGAACATGTCTGATTG-1",0
"CGAACATGTGCTGTAT-1",1
"CGAACATTCTCAAACG-1",0
"CGAATGTAGAGGTTAT-1",1
"CGAATGTAGCGATAGC-1",0
"CGAATGTAGTTCGCAT-1",1
"CGAATGTCAATGCCAT-1",1
"CGAATGTGTCTAGTCA-1",0
"CGAATGTGTCTCACCT-1",1
"CGAATGTTCAACACAC-1",1
"CGAATGTTCATCACCC-1",1
"CGAATGTTCTGTACGA-1",0
"CGACCTTAGCTACCGC-1",0
"CGACCTTAGCTAGTCT-1",2
"CGACCTTCAAAGTGCG-1",2
"CGACCTTCACGAAATA-1",0
"CGACCTTGTAAGTGTA-1",0
"CGACCTTGTCAGAATA-1",0
"CGACCTTGTCTCCCTA-1",0
"CGACCTTGTCTCTTAT-1",1
"CGACCTTTCCGCGTTT-1",0
"CGACCTTTCGTTTATC-1",3
"CGACCTTTCTCCAGGG-1",1
"CGACTTCAGACACGAC-1",1
"CGACTTCAGGTAGCCA-1",0
"CGACTTCAGTCTTGCA-1",0
"CGACTTCCAATGGACG-1",1
"CGACTTCGTGGTGTAG-1",0
"CGACTTCGTTGAGTTC-1",0
"CGACTTCTCACTTACT-1",3
"CGACTTCTCTCGCTTG-1",4
"CGAGAAGAGAAACGCC-1",0
"CGAGAAGAGCCAACAG-1",0
"CGAGAAGAGCGTGTCC-1",3
"CGAGAAGCAAGTTCTG-1",0
"CGAGAAGCACATCCGG-1",0
"CGAGAAGCAGGCTGAA-1",2
"CGAGAAGTCGGATGGA-1",0
"CGAGCACAGCCAGAAC-1",2
"CGAGCACCACATGTGT-1",0
"CGAGCACGTAGCGTCC-1",1
"CGAGCACGTAGCGTGA-1",0
"CGAGCACGTCAGATAA-1",1
"CGAGCACGTGCCTTGG-1",5
"CGAGCACTCCCGGATG-1",0
"CGAGCACTCCGCTGTT-1",0
"CGAGCACTCGGAAATA-1",1
"CGAGCACTCGTGACAT-1",2
"CGAGCCAAGCTAGCCC-1",0
"CGAGCCAGTATATCCG-1",1
"CGAGCCAGTCAAGCGA-1",0
"CGATCGGAGAGCCTAG-1",0
"CGATCGGAGTACGATA-1",1
"CGATCGGCAAACGCGA-1",1
"CGATCGGCAAGCGATG-1",0
"CGATCGGCAATACGCT-1",0
"CGATCGGCAGTTAACC-1",4
"CGATCGGCATACTCTT-1",0
"CGATCGGGTCGACTGC-1",4
"CGATCGGTCAACGGGA-1",1
"CGATCGGTCTAGCACA-1",1
"CGATGGCAGCCGTCGT-1",0
"CGATGGCAGTCCAGGA-1",1
"CGATGGCCACTTAACG-1",0
"CGATGGCCAGCGTAAG-1",5
"CGATGGCCATCATCCC-1",1
"CGATGGCTCCTAGAAC-1",0
"CGATGGCTCGCTAGCG-1",1
"CGATGGCTCTGACCTC-1",0
"CGATGTAAGGCAATTA-1",8
"CGATGTAAGTTTGCGT-1",0
"CGATGTACACAGGCCT-1",1
"CGATGTACAGGTCTCG-1",0
"CGATGTAGTCCAGTGC-1",0
"CGATGTAGTCTAGGTT-1",2
"CGATGTAGTGTGCCTG-1",0
"CGATGTAGTTTGCATG-1",0
"CGATTGAAGATGTGGC-1",1
"CGATTGACAGACGCAA-1",2
"CGATTGAGTATGGTTC-1",4
"CGATTGAGTTCAGACT-1",0
"CGATTGATCATGGTCA-1",0
"CGATTGATCTGCGGCA-1",0
"CGCCAAGAGAATGTTG-1",2
"CGCCAAGAGACCTTTG-1",1
"CGCCAAGAGATCGGGT-1",2
"CGCCAAGAGATCTGAA-1",0
"CGCCAAGAGCGTGTCC-1",1
"CGCCAAGGTCTAGGTT-1",0
"CGCCAAGTCAGGATCT-1",1
"CGCCAAGTCCACTCCA-1",2
"CGCCAAGTCTTGTTTG-1",0
"CGCGGTAAGCTAGCCC-1",1
"CGCGGTAAGGGTTCCC-1",0
"CGCGGTACAAACTGCT-1",0
"CGCGGTACAATGGAAT-1",1
"CGCGGTACAGCTGTTA-1",0
"CGCGGTAGTCAAGCGA-1",0
"CGCGGTAGTGAGGCTA-1",0
"CGCGGTAGTTTGCATG-1",2
"CGCGTTTAGTTATCGC-1",0
"CGCGTTTCAACAACCT-1",4
"CGCGTTTCAAGCGAGT-1",0
"CGCGTTTCAATGGACG-1",3
"CGCGTTTCACGGTGTC-1",0
"CGCGTTTGTGCTGTAT-1",0
"CGCGTTTGTGGACGAT-1",2
"CGCGTTTTCAAACCGT-1",2
"CGCGTTTTCAGCCTAA-1",2
"CGCGTTTTCCTATGTT-1",0
"CGCGTTTTCGTGGTCG-1",4
"CGCTATCAGAAACCGC-1",0
"CGCTATCAGTCATCCA-1",1
"CGCTATCCAAGCGAGT-1",1
"CGCTATCCAGTCGATT-1",3
"CGCTATCCATCGACGC-1",4
"CGCTATCCATTTCAGG-1",0
"CGCTATCGTACCGAGA-1",4
"CGCTATCGTTCGAATC-1",1
"CGCTATCGTTTCGCTC-1",1
"CGCTATCTCGTTACAG-1",2
"CGCTGGAAGGACATTA-1",1
"CGCTGGAAGGGCACTA-1",1
"CGCTGGAAGGTGATAT-1",2
"CGCTGGACAGACTCGC-1",1
"CGCTGGAGTGTAATGA-1",2
"CGCTGGAGTTCTGGTA-1",1
"CGCTGGATCCGAAGAG-1",1
"CGCTGGATCCGTTGCT-1",0
"CGCTGGATCGTAGGAG-1",3
"CGCTGGATCGTTACAG-1",0
"CGCTTCAAGAAGGGTA-1",1
"CGCTTCAAGGTCGGAT-1",0
"CGCTTCACACGGTGTC-1",2
"CGCTTCACAGACAAGC-1",2
"CGCTTCACATCACCCT-1",3
"CGCTTCAGTCGCGGTT-1",2
"CGCTTCATCTTAGAGC-1",3
"CGGACACAGCGATATA-1",1
"CGGACACAGCGATGAC-1",1
"CGGACACAGCTTCGCG-1",0
"CGGACACAGGTAAACT-1",1
"CGGACACAGTAGCCGA-1",0
"CGGACACCACAGGAGT-1",1
"CGGACACCATTCACTT-1",2
"CGGACACGTGAGCGAT-1",0
"CGGACACGTGCTCTTC-1",0
"CGGACACGTGTGACCC-1",1
"CGGACGTAGGTTACCT-1",2
"CGGACGTCATGGGACA-1",2
"CGGACGTGTGAAAGAG-1",0
"CGGACGTGTTGGTAAA-1",3
"CGGACGTTCATGTGGT-1",1
"CGGACGTTCTGTCCGT-1",1
"CGGACTGAGGAGCGAG-1",1
"CGGACTGAGGAGTCTG-1",0
"CGGACTGAGTGGTAGC-1",0
"CGGACTGCAACTTGAC-1",7
"CGGACTGCAATGACCT-1",2
"CGGACTGCACAACGTT-1",1
"CGGACTGCACGCCAGT-1",0
"CGGACTGCAGTATGCT-1",1
"CGGACTGGTAAAGGAG-1",0
"CGGACTGGTATAAACG-1",2
"CGGACTGGTGTAAGTA-1",0
"CGGACTGGTGTGGTTT-1",1
"CGGACTGGTTGACGTT-1",0
"CGGACTGTCATTGCCC-1",2
"CGGACTGTCCATGCTC-1",3
"CGGACTGTCCGTCAAA-1",0
"CGGACTGTCGTTTGCC-1",2
"CGGACTGTCTTCATGT-1",0
"CGGAGCTAGTTTAGGA-1",2
"CGGAGCTCATTGAGCT-1",2
"CGGAGCTGTAGAAAGG-1",1
"CGGAGCTTCACTTATC-1",1
"CGGAGCTTCATGTAGC-1",1
"CGGAGCTTCCACGAAT-1",1
"CGGAGTCAGTGCGATG-1",0
"CGGAGTCAGTGTGAAT-1",0
"CGGAGTCCAGTGGGAT-1",2
"CGGAGTCCATTATCTC-1",1
"CGGAGTCGTAGCTGCC-1",0
"CGGAGTCGTCCAGTGC-1",0
"CGGAGTCGTGTTCGAT-1",0
"CGGAGTCTCCCAGGTG-1",1
"CGGAGTCTCCGTAGTA-1",0
"CGGCTAGAGAAACGCC-1",2
"CGGCTAGAGCACCGTC-1",0
"CGGCTAGAGCTAAACA-1",1
"CGGCTAGCAGACAAAT-1",0
"CGGCTAGGTAACGCGA-1",0
"CGGCTAGGTTCATGGT-1",1
"CGGCTAGTCAAAGACA-1",1
"CGGCTAGTCGTGGGAA-1",1
"CGGCTAGTCTTGTTTG-1",4
"CGGGTCAAGAGTCGGT-1",2
"CGGGTCAAGCACACAG-1",1
"CGGGTCAAGCTAACTC-1",0
"CGGGTCAAGGACACCA-1",1
"CGGGTCAAGTATGACA-1",3
"CGGGTCACAATGACCT-1",0
"CGGGTCACACCGAAAG-1",0
"CGGGTCACAGCCACCA-1",0
"CGGGTCACATACAGCT-1",0
"CGGGTCACATCCTTGC-1",1
"CGGGTCAGTAGCGCTC-1",2
"CGGGTCAGTCGATTGT-1",3
"CGGGTCAGTGCAACTT-1",1
"CGGGTCAGTTGTTTGG-1",2
"CGGGTCATCAACACCA-1",6
"CGGGTCATCACCTTAT-1",2
"CGGGTCATCCACGACG-1",0
"CGGTTAACAGGACCCT-1",0
"CGGTTAACATGTCCTC-1",1
"CGGTTAACATTCCTGC-1",1
"CGGTTAAGTCGACTGC-1",2
"CGGTTAATCCGGCACA-1",1
"CGGTTAATCCTTTCGG-1",2
"CGGTTAATCTTATCTG-1",0
"CGTAGCGAGATGTAAC-1",4
"CGTAGCGAGGCAATTA-1",0
"CGTAGCGAGTAGGTGC-1",2
"CGTAGCGCAAGCGCTC-1",1
"CGTAGCGTCCAACCAA-1",0
"CGTAGCGTCGGCGGTT-1",4
"CGTAGGCAGGGCTCTC-1",1
"CGTAGGCCAAGCGATG-1",2
"CGTAGGCCACTAAGTC-1",0
"CGTAGGCCAGAGTGTG-1",1
"CGTAGGCCATCCCATC-1",2
"CGTAGGCGTATTAGCC-1",1
"CGTAGGCGTCAATACC-1",0
"CGTAGGCGTGGCGAAT-1",2
"CGTAGGCTCCAGAAGG-1",0
"CGTCACTAGTCATGCT-1",0
"CGTCACTCAAAGCGGT-1",0
"CGTCACTCAGGTCCAC-1",1
"CGTCACTCAGTCACTA-1",2
"CGTCACTTCCTTGACC-1",1
"CGTCACTTCGGTGTTA-1",0
"CGTCACTTCTGTGCAA-1",5
"CGTCACTTCTTGAGAC-1",0
"CGTCAGGAGCTGTTCA-1",1
"CGTCAGGCAAAGCAAT-1",0
"CGTCAGGCAAAGCGGT-1",3
"CGTCAGGCAACACGCC-1",0
"CGTCAGGCATCCGCGA-1",2
"CGTCAGGGTCAGCTAT-1",2
"CGTCAGGGTCGTTGTA-1",0
"CGTCAGGGTGTAAGTA-1",0
"CGTCAGGTCCACTGGG-1",5
"CGTCAGGTCGACAGCC-1",3
"CGTCAGGTCGGGAGTA-1",1
"CGTCCATAGACCACGA-1",3
"CGTCCATAGCGATTCT-1",0
"CGTCCATAGGCTATCT-1",2
"CGTCCATAGTCTCAAC-1",2
"CGTCCATCACGACTCG-1",0
"CGTCCATCATTCACTT-1",1
"CGTCCATGTCTAGCGC-1",1
"CGTCCATGTGATAAAC-1",2
"CGTCCATGTTTGGGCC-1",1
"CGTCCATGTTTGTGTG-1",1
"CGTCCATTCAACACCA-1",2
"CGTCCATTCATTCACT-1",2
"CGTCTACAGTGCGTGA-1",0
"CGTCTACGTAGTAGTA-1",0
"CGTCTACTCGAGCCCA-1",1
"CGTCTACTCGCCATAA-1",2
"CGTCTACTCGGCCGAT-1",1
"CGTCTACTCGTCCAGG-1",3
"CGTCTACTCTATCGCC-1",0
"CGTGAGCAGATCTGAA-1",6
"CGTGAGCAGCAATCTC-1",0
"CGTGAGCAGCGGATCA-1",1
"CGTGAGCAGCTAGTGG-1",1
"CGTGAGCAGCTTCGCG-1",0
"CGTGAGCAGGGCACTA-1",1
"CGTGAGCAGGGTGTGT-1",1
"CGTGAGCAGTGGAGAA-1",2
"CGTGAGCCAAGCCGCT-1",1
"CGTGAGCCACGTAAGG-1",0
"CGTGAGCCATACGCCG-1",1
"CGTGAGCGTAGATTAG-1",1
"CGTGAGCGTCTCTTAT-1",2
"CGTGAGCTCACAAACC-1",1
"CGTGAGCTCCAAATGC-1",0
"CGTGAGCTCCGAGCCA-1",3
"CGTGAGCTCGTTGCCT-1",2
"CGTGAGCTCTGGGCCA-1",0
"CGTGTAAAGATAGTCA-1",1
"CGTGTAAAGGTGTTAA-1",0
"CGTGTAAAGTACATGA-1",1
"CGTGTAACATGGGACA-1",1
"CGTGTAAGTCCGCTGA-1",0
"CGTGTAAGTGTCTGAT-1",2
"CGTGTAATCTACTATC-1",0
"CGTGTAATCTCGATGA-1",2
"CGTGTAATCTTTAGTC-1",6
"CGTGTCTAGGCGCTCT-1",1
"CGTGTCTAGGGATGGG-1",1
"CGTGTCTCAGACAAAT-1",1
"CGTGTCTCAGACACTT-1",0
"CGTGTCTGTAAGAGGA-1",1
"CGTGTCTGTATATGAG-1",0
"CGTGTCTGTCAAAGCG-1",0
"CGTGTCTGTTCCGTCT-1",1
"CGTGTCTTCAATCACG-1",4
"CGTGTCTTCAGAGGTG-1",0
"CGTGTCTTCATAGCAC-1",0
"CGTGTCTTCCGAACGC-1",1
"CGTGTCTTCGGCATCG-1",0
"CGTGTCTTCGTGGACC-1",0
"CGTGTCTTCTACTTAC-1",0
"CGTGTCTTCTGAGTGT-1",3
"CGTTAGAAGATCTGAA-1",1
"CGTTAGAAGGCCCTTG-1",1
"CGTTAGACACGAAAGC-1",0
"CGTTAGACAGCTTCGG-1",0
"CGTTAGAGTTTAAGCC-1",1
"CGTTAGATCACTTATC-1",0
"CGTTAGATCAGCCTAA-1",2
"CGTTCTGAGAAGGGTA-1",0
"CGTTCTGAGACTAGGC-1",1
"CGTTCTGAGTGAACAT-1",0
"CGTTCTGCAGCTCGCA-1",1
"CGTTCTGCATTGGCGC-1",0
"CGTTCTGGTGAGGGTT-1",2
"CGTTCTGTCTGATTCT-1",1
"CGTTGGGAGCTAGTTC-1",2
"CGTTGGGAGGATGCGT-1",1
"CGTTGGGCACATTAGC-1",0
"CGTTGGGCAGACAGGT-1",1
"CGTTGGGGTTCCCGAG-1",1
"CGTTGGGTCATGCTCC-1",1
"CGTTGGGTCCATGAAC-1",1
"CGTTGGGTCTACCAGA-1",4
"CTAACTTAGTCCTCCT-1",1
"CTAACTTCAATAGCAA-1",1
"CTAACTTCAATCGGTT-1",1
"CTAACTTGTGAGGCTA-1",0
"CTAACTTTCGTACGGC-1",0
"CTAACTTTCTGGCGTG-1",0
"CTAAGACAGGGAAACA-1",2
"CTAAGACAGTACATGA-1",2
"CTAAGACAGTTCGCGC-1",2
"CTAAGACCAAGTAATG-1",0
"CTAAGACCAGTAAGAT-1",1
"CTAAGACCATGCAATC-1",2
"CTAAGACGTAAGGATT-1",0
"CTAAGACGTATCAGTC-1",2
"CTAAGACGTCACCTAA-1",2
"CTAAGACTCGTTGCCT-1",4
"CTAAGACTCTTACCGC-1",0
"CTAAGACTCTTGAGGT-1",1
"CTAATGGAGCAATCTC-1",0
"CTAATGGAGCGCTCCA-1",0
"CTAATGGAGCTCCCAG-1",4
"CTAATGGAGCTGAAAT-1",3
"CTAATGGAGTTAGGTA-1",0
"CTAATGGCATGGAATA-1",0
"CTAATGGGTACCGCTG-1",1
"CTAATGGGTCTAGCGC-1",1
"CTAATGGGTGAGGGAG-1",0
"CTAATGGGTTGGTGGA-1",0
"CTAATGGTCATGCTCC-1",1
"CTAATGGTCCACTGGG-1",0
"CTAATGGTCCGTTGCT-1",0
"CTAATGGTCCTAGAAC-1",0
"CTACACCAGTGCGATG-1",1
"CTACACCCACGGACAA-1",0
"CTACACCGTAATAGCA-1",2
"CTACACCGTCTGATTG-1",0
"CTACACCGTTCGTCTC-1",1
"CTACACCTCAGAAATG-1",2
"CTACACCTCGGCTTGG-1",2
"CTACACCTCGGTCCGA-1",1
"CTACACCTCTCGCATC-1",1
"CTACACCTCTCTGCTG-1",2
"CTACATTAGATCACGG-1",0
"CTACATTCACTCGACG-1",0
"CTACATTCATTTCACT-1",3
"CTACATTGTGATGATA-1",1
"CTACATTGTTCGAATC-1",1
"CTACATTTCAACGCTA-1",0
"CTACATTTCGCCATAA-1",1
"CTACATTTCTAGCACA-1",3
"CTACCCACACAGAGGT-1",0
"CTACCCACACGACGAA-1",2
"CTACCCACATGGTTGT-1",0
"CTACCCAGTATCTGCA-1",1
"CTACCCAGTATGAATG-1",2
"CTACCCAGTCAGAAGC-1",2
"CTACCCAGTGTGACCC-1",1
"CTACCCAGTTATGTGC-1",1
"CTACCCATCTACGAGT-1",2
"CTACGTCAGGTGCAAC-1",0
"CTACGTCAGTGCGATG-1",2
"CTACGTCAGTTGTCGT-1",2
"CTACGTCCATATACCG-1",2
"CTACGTCGTATATGGA-1",3
"CTACGTCGTGTGGTTT-1",0
"CTACGTCTCAAAGTAG-1",0
"CTACGTCTCACGACTA-1",1
"CTACGTCTCACGGTTA-1",0
"CTACGTCTCCTAGAAC-1",1
"CTAGAGTAGCTGTCTA-1",4
"CTAGAGTAGGATCGCA-1",0
"CTAGAGTAGTCCATAC-1",2
"CTAGAGTCACATTAGC-1",1
"CTAGAGTCAGTATGCT-1",10
"CTAGAGTCATACTCTT-1",1
"CTAGAGTCATGTAAGA-1",2
"CTAGAGTGTGACCAAG-1",0
"CTAGAGTTCAACACCA-1",1
"CTAGAGTTCCGTCAAA-1",0
"CTAGAGTTCCTAAGTG-1",1
"CTAGAGTTCGCCAGCA-1",0
"CTAGAGTTCGCTTAGA-1",7
"CTAGAGTTCGTGACAT-1",1
"CTAGAGTTCTGATTCT-1",5
"CTAGCCTCACCAGATT-1",0
"CTAGCCTGTATATCCG-1",1
"CTAGCCTGTGATGCCC-1",2
"CTAGCCTTCGGGAGTA-1",3
"CTAGTGAAGCTGGAAC-1",0
"CTAGTGAAGTGTACCT-1",1
"CTAGTGACAAGTCTAC-1",0
"CTAGTGACAGGATCGA-1",2
"CTAGTGAGTTATGCGT-1",0
"CTAGTGATCAGTTGAC-1",6
"CTAGTGATCCAGTAGT-1",2
"CTCACACAGCTAAGAT-1",2
"CTCACACAGCTGCCCA-1",1
"CTCACACAGGATGCGT-1",0
"CTCACACCACGTAAGG-1",0
"CTCACACCACTGTTAG-1",1
"CTCACACCATATACGC-1",2
"CTCACACGTGCTGTAT-1",0
"CTCACACGTTCCATGA-1",3
"CTCACACGTTTGGGCC-1",2
"CTCACACTCACCGGGT-1",0
"CTCACACTCATCGGAT-1",3
"CTCACACTCCGCGCAA-1",1
"CTCACACTCTAACCGA-1",1
"CTCAGAAAGAGCTGCA-1",1
"CTCAGAAAGGAGTAGA-1",3
"CTCAGAACAACGCACC-1",3
"CTCAGAACAAGCGATG-1",1
"CTCAGAACAGGGCATA-1",1
"CTCAGAAGTGACGGTA-1",0
"CTCAGAATCTTAACCT-1",0
"CTCATTAAGAACTGTA-1",0
"CTCATTACATGGTCAT-1",0
"CTCATTAGTGTAACGG-1",1
"CTCATTAGTTTACTCT-1",1
"CTCCTAGCAAGTACCT-1",1
"CTCCTAGCAATTCCTT-1",3
"CTCCTAGCACTGTCGG-1",2
"CTCCTAGCAGTCCTTC-1",1
"CTCCTAGCATAACCTG-1",1
"CTCCTAGCATGCGCAC-1",0
"CTCCTAGGTAGAAAGG-1",1
"CTCCTAGGTCCGAGTC-1",2
"CTCCTAGGTCTAGCCG-1",4
"CTCCTAGGTGTTTGTG-1",0
"CTCCTAGGTTCGTGAT-1",0
"CTCCTAGGTTGTTTGG-1",1
"CTCCTAGTCACTTACT-1",0
"CTCCTAGTCTCATTCA-1",1
"CTCGAAAAGCCCAACC-1",2
"CTCGAAAAGCTATGCT-1",2
"CTCGAAAAGGCCCTTG-1",5
"CTCGAAAAGGGCTTCC-1",0
"CTCGAAACAAGCCGTC-1",0
"CTCGAAACACATTAGC-1",1
"CTCGAAACACCGAAAG-1",5
"CTCGAAACACGGCTAC-1",0
"CTCGAAACAGTAAGAT-1",0
"CTCGAAACATACGCCG-1",0
"CTCGAGGAGCCATCGC-1",1
"CTCGAGGAGGGCTTCC-1",2
"CTCGAGGCAGATAATG-1",2
"CTCGAGGGTATTCTCT-1",1
"CTCGAGGGTGCCTGGT-1",0
"CTCGGAGAGTCCCACG-1",1
"CTCGGAGCACTTCTGC-1",2
"CTCGGAGCAGCTGCAC-1",3
"CTCGGAGCAGGATCGA-1",3
"CTCGGAGGTAGCCTAT-1",1
"CTCGGAGGTCATGCCG-1",0
"CTCGGAGTCAAACGGG-1",0
"CTCGGAGTCACATACG-1",2
"CTCGGAGTCAGCTTAG-1",0
"CTCGGGAAGACCTAGG-1",1
"CTCGGGACACAGCCCA-1",1
"CTCGGGACATAAAGGT-1",0
"CTCGGGACATCCCACT-1",3
"CTCGGGACATGTCGAT-1",0
"CTCGGGAGTCGCGTGT-1",0
"CTCGGGAGTGACTACT-1",1
"CTCGGGAGTTACGACT-1",1
"CTCGGGATCCGTACAA-1",2
"CTCGGGATCCTTGACC-1",0
"CTCGGGATCTTAGCCC-1",0
"CTCGGGATCTTGTTTG-1",0
"CTCGTACAGCGATAGC-1",0
"CTCGTACCAGCGTAAG-1",0
"CTCGTACCATAGTAAG-1",0
"CTCGTACGTAGAGTGC-1",1
"CTCGTACGTATCACCA-1",0
"CTCGTACGTGCAGTAG-1",0
"CTCGTACTCAAAGTAG-1",3
"CTCGTACTCAATCTCT-1",0
"CTCGTACTCGTTGCCT-1",1
"CTCGTACTCTGGTTCC-1",0
"CTCGTCAAGATGCCTT-1",2
"CTCGTCAAGTGGAGTC-1",5
"CTCGTCAAGTTTGCGT-1",2
"CTCGTCACAACGATCT-1",1
"CTCGTCACACATCCGG-1",0
"CTCGTCACAGTCGTGC-1",1
"CTCGTCAGTCTCATCC-1",0
"CTCGTCAGTCTCCATC-1",3
"CTCGTCAGTGAGCGAT-1",1
"CTCGTCAGTTGACGTT-1",3
"CTCGTCAGTTGGGACA-1",0
"CTCGTCATCACTTATC-1",0
"CTCGTCATCGACCAGC-1",0
"CTCGTCATCTGCTGTC-1",1
"CTCTAATCACCAGGTC-1",1
"CTCTAATCACGGTGTC-1",1
"CTCTAATCAGGAATCG-1",0
"CTCTAATGTCCAAGTT-1",1
"CTCTACGAGCTAAACA-1",1
"CTCTACGAGCTAGTGG-1",0
"CTCTACGAGTACGCCC-1",1
"CTCTACGAGTAGGCCA-1",2
"CTCTACGCAATAACGA-1",2
"CTCTACGCAGACGCTC-1",1
"CTCTACGCATGACATC-1",2
"CTCTACGTCATGTCTT-1",0
"CTCTACGTCCCTAATT-1",0
"CTCTACGTCGGCATCG-1",2
"CTCTACGTCGGTCTAA-1",1
"CTCTGGTAGCAGCGTA-1",1
"CTCTGGTAGCGTTCCG-1",3
"CTCTGGTAGGCATGGT-1",0
"CTCTGGTAGTGCCAGA-1",0
"CTCTGGTCACAAGCCC-1",1
"CTCTGGTCAGCCTTTC-1",0
"CTCTGGTTCATCTGTT-1",2
"CTCTGGTTCTTGTACT-1",0
"CTGAAACAGATCCCGC-1",1
"CTGAAACAGGTGCTAG-1",1
"CTGAAACAGTCCGTAT-1",0
"CTGAAACAGTGTCTCA-1",1
"CTGAAACGTCATCGGC-1",9
"CTGAAACGTTAAAGAC-1",1
"CTGAAACTCATACGGT-1",3
"CTGAAGTAGTGCGTGA-1",3
"CTGAAGTCAGCTGTAT-1",3
"CTGAAGTGTTAAAGTG-1",0
"CTGAAGTTCAAGCCTA-1",1
"CTGAAGTTCGGATGTT-1",1
"CTGATAGAGGGAGTAA-1",1
"CTGATAGAGTGCAAGC-1",0
"CTGATAGCAGCCTTTC-1",1
"CTGATAGCATCCCATC-1",1
"CTGATAGCATCTCCCA-1",2
"CTGATAGGTCAAAGCG-1",6
"CTGATAGGTCGCTTTC-1",3
"CTGATAGGTTACGACT-1",0
"CTGATAGTCGCGATCG-1",0
"CTGATAGTCTTATCTG-1",0
"CTGATCCAGGCATTGG-1",2
"CTGATCCAGGTGACCA-1",0
"CTGATCCCACAGAGGT-1",6
"CTGATCCCAGGCTGAA-1",2
"CTGATCCGTGCCTGGT-1",1
"CTGATCCGTTATCCGA-1",0
"CTGATCCGTTGTGGCC-1",1
"CTGCCTAAGGGTCTCC-1",4
"CTGCCTAAGGTGATAT-1",0
"CTGCCTAAGTACGCGA-1",2
"CTGCCTAAGTGCGTGA-1",1
"CTGCCTACATCCCACT-1",4
"CTGCCTATCAATAAGG-1",2
"CTGCGGAAGAAGGACA-1",1
"CTGCGGAAGAGCTGGT-1",2
"CTGCGGAAGATGAGAG-1",0
"CTGCGGACAGGTCGTC-1",1
"CTGCGGACATGTCTCC-1",1
"CTGCGGAGTCACTTCC-1",1
"CTGCGGAGTCGTGGCT-1",3
"CTGCGGAGTTCTGTTT-1",1
"CTGCGGAGTTGGACCC-1",0
"CTGCGGATCGCCTGTT-1",1
"CTGCGGATCTTACCGC-1",0
"CTGCTGTAGGGTGTTG-1",0
"CTGCTGTAGTACCGGA-1",3
"CTGCTGTAGTGGAGAA-1",0
"CTGCTGTCACATCTTT-1",1
"CTGCTGTGTTAAAGAC-1",6
"CTGCTGTTCTCCAACC-1",0
"CTGCTGTTCTTACCGC-1",0
"CTGGTCTAGCGTTGCC-1",4
"CTGGTCTAGGACAGCT-1",3
"CTGGTCTAGGGCTTGA-1",2
"CTGGTCTAGTCGAGTG-1",1
"CTGGTCTCAAAGGAAG-1",1
"CTGGTCTCACCAGTTA-1",1
"CTGGTCTGTACCTACA-1",0
"CTGGTCTGTACGCTGC-1",1
"CTGGTCTGTCCGCTGA-1",0
"CTGGTCTGTCCGTTAA-1",2
"CTGGTCTGTTCATGGT-1",5
"CTGGTCTGTTCGTGAT-1",0
"CTGGTCTTCAACGGGA-1",1
"CTGGTCTTCACTTACT-1",0
"CTGGTCTTCTTACCTA-1",0
"CTGTGCTGTATATCCG-1",0
"CTGTGCTGTCATCCCT-1",1
"CTGTGCTGTCCCTACT-1",0
"CTGTGCTGTCGGCACT-1",0
"CTGTGCTTCCATTCTA-1",1
"CTGTGCTTCCGTACAA-1",0
"CTGTTTAAGAAACCGC-1",1
"CTGTTTAAGATCGATA-1",1
"CTGTTTAAGGAGTTGC-1",1
"CTGTTTAGTCAAAGCG-1",0
"CTGTTTATCAGCCTAA-1",1
"CTGTTTATCATTTGGG-1",2
"CTGTTTATCTCCAGGG-1",2
"CTGTTTATCTCTTGAT-1",2
"CTGTTTATCTTCTGGC-1",3
"CTTAACTAGCCAGTAG-1",3
"CTTAACTAGGCTCTTA-1",1
"CTTAACTAGGTGCACA-1",2
"CTTAACTAGTCTCGGC-1",0
"CTTACCGAGCGCTTAT-1",2
"CTTACCGAGGCTACGA-1",2
"CTTACCGCAGATCTGT-1",0
"CTTACCGCAGTCAGAG-1",4
"CTTACCGGTCCTGCTT-1",1
"CTTACCGGTCGCCATG-1",0
"CTTACCGGTCTACCTC-1",0
"CTTACCGTCGGACAAG-1",0
"CTTAGGAAGCCCAACC-1",0
"CTTAGGACACGACGAA-1",0
"CTTAGGAGTTATGTGC-1",1
"CTTAGGATCCCATTTA-1",2
"CTTAGGATCTTTACAC-1",2
"CTTCTCTAGAACTCGG-1",1
"CTTCTCTAGAGTGAGA-1",0
"CTTCTCTAGCAGGCTA-1",2
"CTTCTCTAGTTAACGA-1",2
"CTTCTCTCAAAGGTGC-1",3
"CTTCTCTGTAACGACG-1",3
"CTTCTCTGTGCATCTA-1",0
"CTTCTCTTCGAGCCCA-1",1
"CTTGGCTAGCGATATA-1",0
"CTTGGCTAGTACGTTC-1",0
"CTTGGCTCATTACCTT-1",3
"CTTGGCTGTCTCCATC-1",0
"CTTGGCTTCCCTAATT-1",1
"CTTGGCTTCGCGTAGC-1",4
"CTTGGCTTCTCGTTTA-1",2
"CTTTGCGAGCAAATCA-1",0
"CTTTGCGAGCGTTCCG-1",3
"CTTTGCGAGTATCTCG-1",2
"CTTTGCGCAATTCCTT-1",2
"CTTTGCGCACTTAAGC-1",1
"CTTTGCGCAGACGCAA-1",1
"CTTTGCGGTAGAGGAA-1",6
"CTTTGCGTCCAGGGCT-1",4
"GAAACTCAGAGACGAA-1",2
"GAAACTCAGAGGTTAT-1",0
"GAAACTCAGCAGCCTC-1",1
"GAAACTCAGCCCAGCT-1",1
"GAAACTCAGCTAAACA-1",1
"GAAACTCAGTGCTGCC-1",1
"GAAACTCCAAGCCCAC-1",1
"GAAACTCCACATGACT-1",0
"GAAACTCCAGACACTT-1",1
"GAAACTCCATGGATGG-1",1
"GAAACTCGTACTCGCG-1",3
"GAAACTCGTAGCGATG-1",2
"GAAACTCGTGTGAAAT-1",2
"GAAACTCGTTTGTGTG-1",1
"GAAATGAAGACTAGGC-1",0
"GAAATGAAGCCAGTTT-1",3
"GAAATGAAGCTAGTCT-1",2
"GAAATGAAGTACGTAA-1",0
"GAAATGATCATGCTCC-1",0
"GAAATGATCCTCGCAT-1",0
"GAACATCAGATGGCGT-1",0
"GAACATCCAACAACCT-1",1
"GAACATCCACATCTTT-1",2
"GAACATCCACCTATCC-1",2
"GAACATCCACGGACAA-1",0
"GAACATCCATGCTAGT-1",2
"GAACATCGTACGACCC-1",1
"GAACATCGTGGACGAT-1",0
"GAACATCGTTCCCGAG-1",0
"GAACATCTCCAAGTAC-1",2
"GAACATCTCGATCCCT-1",2
"GAACATCTCTCCAACC-1",3
"GAACCTAAGAACTGTA-1",2
"GAACCTAAGAGCAATT-1",2
"GAACCTAAGCCAGTAG-1",1
"GAACCTACAAGGACAC-1",2
"GAACCTACAGACACTT-1",1
"GAACCTAGTACCAGTT-1",2
"GAACCTAGTGTCAATC-1",2
"GAACCTATCACGATGT-1",2
"GAACGGAAGACGCAAC-1",2
"GAACGGAAGTAATCCC-1",1
"GAACGGAAGTCAATAG-1",0
"GAACGGAAGTGGACGT-1",1
"GAACGGACACAGCGTC-1",2
"GAACGGACACCTCGTT-1",0
"GAACGGACACTTAACG-1",0
"GAACGGAGTAGCGTAG-1",2
"GAACGGAGTCAGAGGT-1",1
"GAACGGAGTGGCGAAT-1",1
"GAACGGATCACTCCTG-1",1
"GAACGGATCCACGAAT-1",4
"GAACGGATCGTAGGAG-1",3
"GAACGGATCTGTCAAG-1",1
"GAAGCAGAGACTAAGT-1",3
"GAAGCAGAGAGACGAA-1",1
"GAAGCAGAGCCACGCT-1",2
"GAAGCAGAGTTCGCGC-1",1
"GAAGCAGCAATCCGAT-1",2
"GAAGCAGCACTCGACG-1",1
"GAAGCAGCAGATCTGT-1",1
"GAAGCAGCAGATGAGC-1",0
"GAAGCAGCATGAACCT-1",0
"GAAGCAGCATGGAATA-1",0
"GAAGCAGGTAACGCGA-1",1
"GAAGCAGGTCATACTG-1",0
"GAAGCAGTCCTAGTGA-1",1
"GAAGCAGTCTTATCTG-1",2
"GAATAAGCAAGGTGTG-1",3
"GAATAAGCAGACAAGC-1",0
"GAATAAGCATGCAACT-1",1
"GAATAAGGTCCGTTAA-1",3
"GAATAAGGTGAGTGAC-1",1
"GAATAAGGTTCCCTTG-1",0
"GAATAAGTCGTTTAGG-1",1
"GAATGAAAGAGTCTGG-1",1
"GAATGAAAGCTTATCG-1",0
"GAATGAAAGGCATGTG-1",1
"GAATGAACAAACGCGA-1",1
"GAATGAACAGTGAGTG-1",0
"GAATGAACATCATCCC-1",0
"GAATGAAGTCAACATC-1",2
"GAATGAAGTCTCACCT-1",1
"GAATGAAGTGGCAAAC-1",1
"GAATGAAGTTGCGTTA-1",1
"GAATGAATCAGTTAGC-1",2
"GAATGAATCCTGCCAT-1",5
"GACACGCAGACGCACA-1",0
"GACACGCAGAGTAATC-1",0
"GACACGCAGCCAACAG-1",0
"GACACGCAGGAGTTTA-1",5
"GACACGCAGGGCATGT-1",0
"GACACGCAGGTGCACA-1",0
"GACACGCAGTCCAGGA-1",5
"GACACGCAGTGGGATC-1",1
"GACACGCAGTGGGTTG-1",2
"GACACGCCAAGCGTAG-1",0
"GACACGCCAAGGACAC-1",2
"GACACGCCAGACGCTC-1",0
"GACACGCCATCCTTGC-1",2
"GACACGCGTTCACGGC-1",0
"GACACGCTCATGTAGC-1",1
"GACAGAGAGTACGATA-1",2
"GACAGAGCAACGATCT-1",2
"GACAGAGCAAGTCTAC-1",2
"GACAGAGCAGCTCCGA-1",2
"GACAGAGCAGCTGGCT-1",2
"GACAGAGGTAGAAAGG-1",2
"GACAGAGTCAAACAAG-1",0
"GACAGAGTCAGAGACG-1",3
"GACAGAGTCCTTCAAT-1",1
"GACAGAGTCCTTGCCA-1",1
"GACAGAGTCTTCATGT-1",2
"GACCAATAGAAGGGTA-1",1
"GACCAATAGCTACCGC-1",1
"GACCAATAGCTACCTA-1",0
"GACCAATCAGGTGCCT-1",2
"GACCAATCATGCGCAC-1",0
"GACCAATGTACAGTTC-1",1
"GACCAATGTCGCTTCT-1",2
"GACCAATTCCGATATG-1",1
"GACCAATTCGAATGGG-1",1
"GACCAATTCGTCACGG-1",1
"GACCTGGCATCACAAC-1",0
"GACCTGGCATGTCTCC-1",2
"GACCTGGCATTGGCGC-1",2
"GACCTGGGTAAAGGAG-1",0
"GACCTGGGTCCAGTTA-1",6
"GACCTGGGTGCAGTAG-1",2
"GACCTGGTCATAGCAC-1",1
"GACCTGGTCCTTGCCA-1",4
"GACCTGGTCGCATGAT-1",0
"GACCTGGTCGTCACGG-1",0
"GACGCGTAGTGGTAAT-1",2
"GACGCGTAGTTGTAGA-1",1
"GACGCGTGTAAAGGAG-1",4
"GACGCGTGTGTGAAAT-1",3
"GACGCGTGTTAAGACA-1",0
"GACGCGTTCAAACCGT-1",0
"GACGCGTTCCAAATGC-1",1
"GACGCGTTCCGCGGTA-1",1
"GACGCGTTCCTACAGA-1",1
"GACGCGTTCGACGGAA-1",0
"GACGCGTTCTCCGGTT-1",1
"GACGGCTAGAAGATTC-1",0
"GACGGCTAGAGCTGGT-1",1
"GACGGCTCAAGGTTTC-1",1
"GACGGCTCACCGCTAG-1",0
"GACGGCTCATGAACCT-1",1
"GACGGCTCATGCAACT-1",3
"GACGGCTGTGTGTGCC-1",2
"GACGGCTGTTATGTGC-1",0
"GACGGCTGTTTGGCGC-1",0
"GACGGCTTCTATCGCC-1",4
"GACGTGCAGGCAAAGA-1",0
"GACGTGCAGGGTGTGT-1",2
"GACGTGCAGGTGTTAA-1",0
"GACGTGCCAGGTCGTC-1",0
"GACGTGCGTAACGTTC-1",1
"GACGTGCTCACCTCGT-1",0
"GACGTTAAGCTACCGC-1",0
"GACGTTAAGGCAAAGA-1",2
"GACGTTAAGTCAAGCG-1",0
"GACGTTACAAGCCATT-1",0
"GACGTTACAAGGTTTC-1",0
"GACGTTACAGACACTT-1",0
"GACGTTAGTATCTGCA-1",0
"GACGTTAGTTTGACAC-1",0
"GACGTTAGTTTGACTG-1",1
"GACGTTATCACAGGCC-1",2
"GACGTTATCATTGCGA-1",0
"GACGTTATCCCGGATG-1",2
"GACGTTATCCGAAGAG-1",3
"GACGTTATCGCGTTTC-1",1
"GACGTTATCTGTCCGT-1",1
"GACTAACAGACAGAGA-1",4
"GACTAACAGTGGAGAA-1",1
"GACTAACCAAATCCGT-1",1
"GACTAACGTCTAGTCA-1",3
"GACTAACGTGCAACTT-1",0
"GACTAACGTTCAGACT-1",2
"GACTAACTCCGCGCAA-1",0
"GACTAACTCCTTTCTC-1",1
"GACTAACTCTTGCCGT-1",2
"GACTAACTCTTTACAC-1",5
"GACTACAAGATATGGT-1",1
"GACTACACAAATCCGT-1",0
"GACTACAGTGCTGTAT-1",2
"GACTACATCAGCCTAA-1",0
"GACTACATCAGGTAAA-1",2
"GACTACATCTGCAGTA-1",2
"GACTGCGAGCGTAGTG-1",2
"GACTGCGAGTTGTAGA-1",0
"GACTGCGCACTTAACG-1",0
"GACTGCGCATGTTCCC-1",0
"GACTGCGGTACGCACC-1",1
"GACTGCGGTTCTCATT-1",3
"GACTGCGTCAACACAC-1",2
"GACTGCGTCACGACTA-1",0
"GACTGCGTCGCCCTTA-1",0
"GACTGCGTCTCAAACG-1",0
"GAGCAGAGTAGGGTAC-1",1
"GAGCAGAGTCAGATAA-1",1
"GAGCAGAGTCATATGC-1",0
"GAGCAGAGTGAGCGAT-1",0
"GAGCAGAGTGTAACGG-1",0
"GAGCAGAGTGTGACCC-1",3
"GAGCAGAGTTCGGGCT-1",1
"GAGCAGAGTTTAAGCC-1",0
"GAGCAGAGTTTGCATG-1",4
"GAGGTGAAGCAACGGT-1",2
"GAGGTGAAGGCTCTTA-1",1
"GAGGTGAAGTGGTAGC-1",0
"GAGGTGAAGTTGTAGA-1",0
"GAGGTGACACTGTCGG-1",1
"GAGGTGACATCCTTGC-1",0
"GAGGTGACATGCATGT-1",1
"GAGGTGAGTACCTACA-1",0
"GAGGTGAGTCATTAGC-1",1
"GAGGTGAGTTCCTCCA-1",1
"GAGGTGATCATCGCTC-1",0
"GAGGTGATCTAGAGTC-1",2
"GAGGTGATCTCTAGGA-1",1
"GAGGTGATCTGCTGTC-1",1
"GAGGTGATCTGGGCCA-1",1
"GAGTCCGAGGACAGAA-1",4
"GAGTCCGAGGCATGTG-1",0
"GAGTCCGAGGCGTACA-1",2
"GAGTCCGCAAACCCAT-1",0
"GAGTCCGGTCAAGCGA-1",0
"GAGTCCGGTGACCAAG-1",1
"GAGTCCGGTGACTCAT-1",0
"GAGTCCGGTGTGACCC-1",0
"GAGTCCGGTTCGGGCT-1",2
"GAGTCCGGTTTGCATG-1",1
"GAGTCCGTCGGCGCAT-1",1
"GAGTCCGTCTGATTCT-1",0
"GATCAGTAGATGTCGG-1",0
"GATCAGTAGTGGTAGC-1",0
"GATCAGTGTATATGAG-1",4
"GATCAGTGTCTGCGGT-1",1
"GATCAGTGTTATGCGT-1",1
"GATCAGTGTTGTACAC-1",2
"GATCAGTTCCCGACTT-1",0
"GATCGATAGAATGTTG-1",0
"GATCGATAGAGCTGCA-1",0
"GATCGATAGCATGGCA-1",0
"GATCGATCAAGCGAGT-1",1
"GATCGATCAAGCGTAG-1",1
"GATCGATGTCAACATC-1",1
"GATCGATGTTGCCTCT-1",1
"GATCGATTCCGCATCT-1",1
"GATCGCGAGATAGTCA-1",3
"GATCGCGAGCCTTGAT-1",0
"GATCGCGAGGAGCGTT-1",2
"GATCGCGCAGGTCGTC-1",1
"GATCGCGGTACAGCAG-1",1
"GATCGCGGTGAGTATA-1",1
"GATCGCGGTTGTCGCG-1",3
"GATCGCGTCACTCCTG-1",1
"GATCGTAAGACATAAC-1",6
"GATCGTAAGCTCAACT-1",0
"GATCGTACATAACCTG-1",1
"GATCGTAGTGGCTCCA-1",3
"GATCGTATCATATCGG-1",1
"GATCGTATCATGTCCC-1",0
"GATCGTATCTTACCGC-1",1
"GATCTAGAGCGTCTAT-1",0
"GATCTAGAGTGGAGAA-1",3
"GATCTAGCAACACCTA-1",2
"GATCTAGCAAGGGTCA-1",1
"GATCTAGGTCTAAAGA-1",0
"GATCTAGGTCTCACCT-1",1
"GATCTAGGTCTCTTTA-1",0
"GATCTAGTCACATAGC-1",3
"GATCTAGTCTAAGCCA-1",0
"GATGAAAAGAGTAATC-1",0
"GATGAAAAGCTCCCAG-1",1
"GATGAAACACGGTAGA-1",2
"GATGAAACAGCTGTAT-1",0
"GATGAAAGTGGGTATG-1",3
"GATGAAATCACCCTCA-1",1
"GATGAAATCACTCCTG-1",3
"GATGAAATCAGCAACT-1",0
"GATGAAATCGAGAGCA-1",0
"GATGAGGAGATCCCGC-1",1
"GATGAGGAGTTCGATC-1",2
"GATGAGGCACCAGTTA-1",1
"GATGAGGGTATCACCA-1",0
"GATGAGGGTATTCGTG-1",1
"GATGAGGGTCGCGTGT-1",1
"GATGAGGGTGATGATA-1",0
"GATGAGGTCACAGGCC-1",3
"GATGAGGTCACATAGC-1",2
"GATGAGGTCCCTTGTG-1",2
"GATGAGGTCTGCTGTC-1",1
"GATGCTAAGACTAAGT-1",2
"GATGCTAAGGATGCGT-1",0
"GATGCTAAGGCTCTTA-1",0
"GATGCTAAGGGAACGG-1",0
"GATGCTAAGTATCTCG-1",2
"GATGCTAAGTCTCGGC-1",1
"GATGCTACATGTTGAC-1",0
"GATGCTACATTGCGGC-1",2
"GATGCTAGTCTCCATC-1",0
"GATGCTAGTGGAAAGA-1",1
"GATGCTAGTTAGGGTG-1",1
"GATGCTATCCTGTACC-1",1
"GATGCTATCGGCGCTA-1",0
"GATTCAGAGAAACCTA-1",2
"GATTCAGAGAGTGACC-1",1
"GATTCAGAGATTACCC-1",1
"GATTCAGAGGGTCGAT-1",0
"GATTCAGAGGTCGGAT-1",0
"GATTCAGAGTCAATAG-1",4
"GATTCAGCAAGTTGTC-1",6
"GATTCAGCAATTCCTT-1",4
"GATTCAGCAGGGTACA-1",0
"GATTCAGCATCGACGC-1",0
"GATTCAGCATTATCTC-1",1
"GATTCAGGTAAATACG-1",1
"GATTCAGTCAACTCTT-1",2
"GCAAACTAGATGTTAG-1",0
"GCAAACTAGTCATGCT-1",1
"GCAAACTAGTCTCAAC-1",2
"GCAAACTCACAGGTTT-1",0
"GCAAACTGTCAGATAA-1",3
"GCAAACTGTCTCCATC-1",0
"GCAAACTTCGTGGTCG-1",2
"GCAATCAAGGGATCTG-1",0
"GCAATCAAGTATCTCG-1",1
"GCAATCAAGTGGGTTG-1",3
"GCAATCACAGCTTAAC-1",1
"GCAATCACATGTCGAT-1",0
"GCAATCACATTCCTCG-1",2
"GCAATCAGTAGGAGTC-1",0
"GCAATCAGTATAATGG-1",2
"GCAATCAGTTCTCATT-1",2
"GCAATCAGTTCTGGTA-1",4
"GCACATAAGAGCTATA-1",6
"GCACATAAGATGTTAG-1",1
"GCACATAAGCCTTGAT-1",0
"GCACATAAGGAGTACC-1",1
"GCACATAAGTGAAGTT-1",1
"GCACATACACCACGTG-1",0
"GCACATACAGCTGTAT-1",1
"GCACATACAGGAACGT-1",1
"GCACATAGTCATCGGC-1",2
"GCACATAGTCCGAATT-1",0
"GCACATAGTCTCTTTA-1",0
"GCACATAGTGCGCTTG-1",1
"GCACATATCACCTCGT-1",1
"GCACATATCTGGTTCC-1",0
"GCACTCTCAAGACACG-1",2
"GCACTCTCAATCACAC-1",4
"GCACTCTCATTTCAGG-1",0
"GCACTCTGTAAACCTC-1",1
"GCACTCTGTACCAGTT-1",5
"GCACTCTGTAGAAAGG-1",0
"GCACTCTGTCGAACAG-1",0
"GCACTCTGTCTAGGTT-1",4
"GCACTCTTCAACTCTT-1",1
"GCACTCTTCCCTAATT-1",4
"GCACTCTTCTGCCCTA-1",0
"GCAGCCAAGCTGATAA-1",0
"GCAGCCACATGAGCGA-1",0
"GCAGCCAGTAATCGTC-1",0
"GCAGCCAGTGTCGCTG-1",1
"GCAGCCATCAGTTGAC-1",2
"GCAGCCATCCCAACGG-1",2
"GCAGCCATCCGTACAA-1",0
"GCAGTTAAGTCCATAC-1",2
"GCAGTTAAGTCCGTAT-1",1
"GCAGTTAAGTTAACGA-1",2
"GCAGTTAGTGGACGAT-1",0
"GCAGTTAGTTATTCTC-1",0
"GCAGTTATCGCGATCG-1",0
"GCATACAAGATCTGCT-1",6
"GCATACAAGCAACGGT-1",1
"GCATACACAACGCACC-1",2
"GCATACACAAGGACTG-1",0
"GCATACACAAGTCTGT-1",1
"GCATACACAGTCAGCC-1",2
"GCATACACATCCTAGA-1",4
"GCATACACATCGGAAG-1",0
"GCATACAGTCCGAACC-1",0
"GCATACAGTTCTGGTA-1",1
"GCATACATCCACGACG-1",1
"GCATGATAGAATGTTG-1",0
"GCATGATAGAGTAATC-1",0
"GCATGATAGCTGATAA-1",0
"GCATGATAGGACCACA-1",0
"GCATGATAGGCTAGCA-1",0
"GCATGATAGTCAAGCG-1",1
"GCATGATAGTGGAGAA-1",6
"GCATGATCACACCGAC-1",1
"GCATGATCACATTTCT-1",0
"GCATGATGTCCCTACT-1",1
"GCATGATGTTGCGCAC-1",3
"GCATGATTCGTGGACC-1",0
"GCATGCGAGCATGGCA-1",0
"GCATGCGAGTCCAGGA-1",2
"GCATGCGCACTGCCAG-1",1
"GCATGCGGTAAGGATT-1",0
"GCATGCGGTCCTCTTG-1",0
"GCATGCGGTGTGAAAT-1",1
"GCATGCGTCCGCGGTA-1",2
"GCATGTAAGAACTGTA-1",0
"GCATGTAAGACAGACC-1",1
"GCATGTAAGTACTTGC-1",3
"GCATGTAAGTGCAAGC-1",1
"GCATGTACAACACGCC-1",4
"GCATGTATCACGAAGG-1",2
"GCCAAATCAAACTGTC-1",0
"GCCAAATCAAGGGTCA-1",0
"GCCAAATCAAGTTCTG-1",0
"GCCAAATCAGCCACCA-1",1
"GCCAAATCATAACCTG-1",3
"GCCAAATGTATAAACG-1",1
"GCCAAATGTGTTTGGT-1",4
"GCCAAATGTTTCGCTC-1",0
"GCCAAATTCAGGTAAA-1",1
"GCCAAATTCCGAGCCA-1",0
"GCCAAATTCCGCGGTA-1",1
"GCCAAATTCGGCTACG-1",0
"GCCTCTAAGAGTACCG-1",1
"GCCTCTAAGCCATCGC-1",0
"GCCTCTAAGCCGCCTA-1",1
"GCCTCTAAGCGATAGC-1",1
"GCCTCTAAGCTGCAAG-1",4
"GCCTCTAAGCTTCGCG-1",5
"GCCTCTAAGTCACGCC-1",1
"GCCTCTACAAGACGTG-1",1
"GCCTCTACAGCTATTG-1",0
"GCCTCTAGTAAGGATT-1",1
"GCCTCTAGTGATGATA-1",2
"GCCTCTAGTTAAGGGC-1",2
"GCCTCTATCAGCGACC-1",1
"GCCTCTATCCGATATG-1",1
"GCCTCTATCGAATCCA-1",0
"GCCTCTATCGAGCCCA-1",3
"GCCTCTATCGCTGATA-1",1
"GCCTCTATCTTTAGGG-1",0
"GCGACCAAGAGGTTAT-1",0
"GCGACCACACTTACGA-1",1
"GCGACCAGTCAGGACA-1",1
"GCGACCAGTCTAGAGG-1",4
"GCGACCATCAACGGGA-1",5
"GCGACCATCCCGGATG-1",0
"GCGACCATCTACTCAT-1",2
"GCGAGAAAGGTTCCTA-1",1
"GCGAGAAAGTACGATA-1",2
"GCGAGAAAGTGTCTCA-1",2
"GCGAGAACAAGCCCAC-1",1
"GCGAGAACACTGAAGG-1",1
"GCGAGAAGTAGCGCTC-1",0
"GCGAGAAGTCCCTACT-1",2
"GCGAGAATCCTTTCGG-1",1
"GCGAGAATCGAGAGCA-1",1
"GCGAGAATCGCACTCT-1",2
"GCGCAACAGTCCTCCT-1",0
"GCGCAACAGTGTACGG-1",2
"GCGCAACCAAGTCTGT-1",0
"GCGCAACCAGCCACCA-1",0
"GCGCAACGTAGCGCTC-1",1
"GCGCAACGTCCCTTGT-1",2
"GCGCAACGTCCTAGCG-1",3
"GCGCAACGTCGACTAT-1",1
"GCGCAACGTCTAGAGG-1",1
"GCGCAACGTGCACGAA-1",3
"GCGCAACTCAATACCG-1",0
"GCGCAGTCACATCCAA-1",0
"GCGCAGTCATTACCTT-1",2
"GCGCAGTGTTAGGGTG-1",2
"GCGCAGTTCGATCCCT-1",4
"GCGCAGTTCGCGGATC-1",2
"GCGCCAAAGACATAAC-1",0
"GCGCCAAAGGACAGCT-1",1
"GCGCCAAAGGCCCTTG-1",1
"GCGCCAAAGGGCTTCC-1",3
"GCGCCAAAGGTACTCT-1",2
"GCGCCAACATAACCTG-1",1
"GCGCCAACATTGGGCC-1",0
"GCGCCAAGTACTTGAC-1",0
"GCGCCAAGTCGGCACT-1",2
"GCGCCAAGTGAAAGAG-1",0
"GCGCCAAGTTGTACAC-1",2
"GCGCCAATCCGTTGCT-1",1
"GCGCGATAGAAGGTTT-1",0
"GCGCGATAGCAGGTCA-1",0
"GCGCGATAGTGAATTG-1",6
"GCGCGATAGTTTGCGT-1",5
"GCGCGATCAGCTCGAC-1",2
"GCGCGATGTAAGTAGT-1",1
"GCGCGATGTATCACCA-1",0
"GCGCGATGTCACTTCC-1",0
"GCGCGATGTTACCAGT-1",2
"GCGCGATTCAGTTAGC-1",0
"GCGCGATTCGTTTAGG-1",0
"GCGGGTTAGAAACGAG-1",1
"GCGGGTTAGCTATGCT-1",1
"GCGGGTTAGTGTGAAT-1",1
"GCGGGTTCACGCGAAA-1",3
"GCGGGTTCAGGCAGTA-1",1
"GCGGGTTCAGTAACGG-1",1
"GCGGGTTGTGAGTATA-1",3
"GCGGGTTGTGGCGAAT-1",2
"GCGGGTTTCCAAAGTC-1",3
"GCGGGTTTCCTTTCTC-1",0
"GCGGGTTTCTCCAACC-1",0
"GCGGGTTTCTTGAGGT-1",2
"GCGGGTTTCTTGTATC-1",1
"GCTCCTACAAACTGTC-1",5
"GCTCCTACACCAGGTC-1",2
"GCTCCTACACCGATAT-1",1
"GCTCCTACAGGGTACA-1",2
"GCTCCTACATTAGCCA-1",1
"GCTCCTAGTCAGGACA-1",0
"GCTCCTAGTCCGTCAG-1",3
"GCTCCTATCAGCCTAA-1",0
"GCTCCTATCCCTAATT-1",4
"GCTCTGTAGAGGTAGA-1",0
"GCTCTGTAGCTGAACG-1",0
"GCTCTGTAGGAGTCTG-1",2
"GCTCTGTAGTGCTGCC-1",0
"GCTCTGTAGTGGACGT-1",0
"GCTCTGTTCACCTCGT-1",2
"GCTGCAGAGCGTGAGT-1",1
"GCTGCAGAGTCAAGCG-1",1
"GCTGCAGAGTCCCACG-1",1
"GCTGCAGCAATTGCTG-1",1
"GCTGCAGCATGCCCGA-1",0
"GCTGCAGCATGCCTAA-1",1
"GCTGCAGGTAAACCTC-1",0
"GCTGCAGGTACGAAAT-1",0
"GCTGCAGGTAGCGCAA-1",1
"GCTGCAGGTCACCCAG-1",0
"GCTGCAGGTCATGCCG-1",1
"GCTGCGAAGGAATGGA-1",0
"GCTGCGAGTCTAACGT-1",0
"GCTGCGAGTGTTTGGT-1",1
"GCTGCGATCTCCTATA-1",2
"GCTGCGATCTTGTTTG-1",2
"GCTGCTTAGAATTGTG-1",1
"GCTGCTTAGGCAATTA-1",0
"GCTGCTTCATCACGTA-1",3
"GCTGCTTCATCCAACA-1",1
"GCTGCTTCATGCCTAA-1",2
"GCTGCTTCATGGTCAT-1",2
"GCTGCTTGTAACGACG-1",0
"GCTGCTTGTAATCGTC-1",1
"GCTGCTTGTAGGGACT-1",4
"GCTGCTTGTGAAAGAG-1",0
"GCTGCTTTCCGGGTGT-1",1
"GCTGGGTAGACCCACC-1",3
"GCTGGGTAGCCACGCT-1",0
"GCTGGGTAGTCGCCGT-1",3
"GCTGGGTAGTCTCAAC-1",0
"GCTGGGTCACGGCTAC-1",0
"GCTGGGTCAGCCAATT-1",0
"GCTGGGTGTACAGTTC-1",0
"GCTGGGTGTACCGTTA-1",3
"GCTGGGTGTCGAGTTT-1",1
"GCTGGGTGTCTCCACT-1",1
"GCTGGGTGTGCCTGTG-1",1
"GCTGGGTTCAGCTTAG-1",0
"GCTGGGTTCCTTAATC-1",1
"GCTTCCAAGAAACCTA-1",2
"GCTTCCACACCACCAG-1",0
"GCTTCCACAGGTCGTC-1",1
"GCTTCCACAGTGAGTG-1",3
"GCTTCCAGTATAGGTA-1",1
"GCTTCCAGTTCAGCGC-1",1
"GCTTCCATCGTCCAGG-1",1
"GCTTGAAAGATGGCGT-1",3
"GCTTGAAAGCCGTCGT-1",2
"GCTTGAACAAACCTAC-1",0
"GCTTGAACACGGTGTC-1",0
"GCTTGAACATCGGAAG-1",1
"GCTTGAAGTGCGGTAA-1",4
"GCTTGAAGTTCTCATT-1",1
"GCTTGAATCAGGATCT-1",2
"GGAAAGCAGGCAGGTT-1",1
"GGAAAGCCAAACGCGA-1",0
"GGAAAGCCAAGTACCT-1",3
"GGAAAGCGTAAGCACG-1",0
"GGAAAGCGTCCTCCAT-1",0
"GGAAAGCGTCGCGTGT-1",0
"GGAAAGCGTGCTTCTC-1",2
"GGAAAGCTCCAGAGGA-1",0
"GGAACTTAGAGTAAGG-1",0
"GGAACTTCAATGTAAG-1",0
"GGAACTTCACAGGAGT-1",0
"GGAACTTCACCTCGTT-1",0
"GGAACTTGTCTCTTTA-1",2
"GGAACTTTCATTGCCC-1",0
"GGAACTTTCATTTGGG-1",0
"GGAACTTTCCGTCATC-1",1
"GGAACTTTCCTCAACC-1",0
"GGAACTTTCGGATGTT-1",0
"GGAATAAAGGTACTCT-1",1
"GGAATAAAGTGTCCAT-1",1
"GGAATAACAGCGTCCA-1",0
"GGAATAAGTCTGGTCG-1",0
"GGAATAAGTGCAGGTA-1",0
"GGAATAATCAGCACAT-1",1
"GGAATAATCTTTACGT-1",1
"GGACAAGAGGTACTCT-1",0
"GGACAAGCAACGATGG-1",0
"GGACAAGCAGTCGTGC-1",0
"GGACAAGCATGGGACA-1",2
"GGACAAGGTATAAACG-1",1
"GGACAAGGTATGAAAC-1",2
"GGACAAGGTCGGCATC-1",0
"GGACAAGGTTATGCGT-1",1
"GGACAAGTCTAACGGT-1",0
"GGACAGAAGCTAGTCT-1",1
"GGACAGAAGTACTTGC-1",2
"GGACAGACAACACGCC-1",1
"GGACAGACACAAGCCC-1",1
"GGACAGAGTAAGTGGC-1",2
"GGACAGAGTCTTTCAT-1",0
"GGACAGAGTGAGGGAG-1",1
"GGACAGAGTTCCACAA-1",0
"GGACAGATCAACGCTA-1",1
"GGACATTAGAGGGCTT-1",1
"GGACATTAGCCACGTC-1",0
"GGACATTCAAACGCGA-1",0
"GGACATTCAATGACCT-1",1
"GGACATTCACCAGCAC-1",0
"GGACATTGTTCTGGTA-1",2
"GGACATTTCCTCTAGC-1",1
"GGACGTCAGTACTTGC-1",1
"GGACGTCAGTGGTAAT-1",0
"GGACGTCCACAGTCGC-1",0
"GGACGTCGTGAGGGAG-1",0
"GGACGTCGTGGCGAAT-1",2
"GGACGTCGTTACGGAG-1",2
"GGACGTCGTTTAAGCC-1",0
"GGACGTCTCCACTCCA-1",0
"GGACGTCTCGCAAACT-1",3
"GGACGTCTCTCCAGGG-1",0
"GGACGTCTCTCGAGTA-1",0
"GGACGTCTCTGGTGTA-1",2
"GGACGTCTCTTCGAGA-1",1
"GGAGCAAAGAACTCGG-1",0
"GGAGCAAAGACTGTAA-1",1
"GGAGCAAAGCCGCCTA-1",1
"GGAGCAAAGCTAAACA-1",3
"GGAGCAAAGTACGCCC-1",2
"GGAGCAACAAGCTGTT-1",1
"GGAGCAACAATGGACG-1",0
"GGAGCAACAATTCCTT-1",1
"GGAGCAACATGCTGGC-1",1
"GGAGCAAGTGAGTATA-1",5
"GGAGCAAGTTACTGAC-1",2
"GGAGCAATCAAGATCC-1",0
"GGAGCAATCCCATTTA-1",1
"GGATGTTCAAACTGTC-1",0
"GGATGTTTCATCACCC-1",0
"GGATGTTTCATGCATG-1",2
"GGATGTTTCCTACAGA-1",1
"GGATGTTTCCTCTAGC-1",1
"GGATTACAGATCCCAT-1",1
"GGATTACAGCTTCGCG-1",2
"GGATTACAGGCTAGCA-1",3
"GGATTACAGTATCTCG-1",2
"GGATTACCAAGCGTAG-1",1
"GGATTACCACATCCGG-1",2
"GGATTACCAGCGTAAG-1",1
"GGATTACGTAATAGCA-1",1
"GGATTACGTACACCGC-1",0
"GGATTACGTCTCTTTA-1",1
"GGATTACGTTGAGGTG-1",0
"GGATTACTCGCGCCAA-1",0
"GGATTACTCGGCGCAT-1",2
"GGATTACTCTGCCCTA-1",2
"GGCAATTCAATCGGTT-1",2
"GGCAATTCACGGCGTT-1",3
"GGCAATTCATCACCCT-1",0
"GGCAATTGTCGATTGT-1",2
"GGCAATTTCACTTACT-1",2
"GGCAATTTCAGCACAT-1",1
"GGCAATTTCTCCGGTT-1",0
"GGCCGATAGTGTCTCA-1",1
"GGCCGATCACGGACAA-1",1
"GGCCGATGTAGGACAC-1",2
"GGCCGATGTCACTGGC-1",1
"GGCCGATGTCCCTACT-1",6
"GGCCGATTCACCGTAA-1",2
"GGCCGATTCCGCGCAA-1",0
"GGCGACTAGAGCTGGT-1",3
"GGCGACTAGGACCACA-1",2
"GGCGACTAGGTTACCT-1",2
"GGCGACTCAAAGCGGT-1",2
"GGCGACTCAAGAGTCG-1",1
"GGCGACTCACCAGGTC-1",1
"GGCGACTCATTGTGCA-1",0
"GGCGACTTCAGAAATG-1",1
"GGCGACTTCAGAGACG-1",2
"GGCGACTTCCAGATCA-1",1
"GGCGACTTCTCTAGGA-1",0
"GGCGTGTAGCTAGCCC-1",1
"GGCGTGTAGGGTATCG-1",1
"GGCGTGTCAGGTCCAC-1",2
"GGCGTGTCAGTATAAG-1",0
"GGCGTGTCATCGTCGG-1",2
"GGCGTGTCATGGAATA-1",0
"GGCGTGTGTCTCCCTA-1",0
"GGCGTGTTCTTGAGGT-1",1
"GGCTCGAAGCCGTCGT-1",1
"GGCTCGAAGGTAAACT-1",1
"GGCTCGACAAGAAGAG-1",3
"GGCTCGACAATAGCAA-1",1
"GGCTCGACATGGTCAT-1",0
"GGCTCGAGTATATCCG-1",0
"GGCTCGAGTTACGTCA-1",1
"GGCTCGAGTTAGGGTG-1",2
"GGCTCGATCTGCAAGT-1",0
"GGCTGGTAGAAGAAGC-1",0
"GGCTGGTAGACCCACC-1",2
"GGCTGGTCAAGGACAC-1",1
"GGCTGGTCACTGCCAG-1",1
"GGCTGGTCATTTCAGG-1",1
"GGCTGGTGTATTCTCT-1",0
"GGCTGGTGTCGCATCG-1",1
"GGCTGGTGTCTAGTGT-1",0
"GGCTGGTGTTATGCGT-1",0
"GGGAATGAGCGTTGCC-1",0
"GGGAATGAGTAGGTGC-1",3
"GGGAATGGTAAGGGAA-1",1
"GGGAATGTCAACGAAA-1",0
"GGGAATGTCCAGTATG-1",1
"GGGAATGTCCGGGTGT-1",1
"GGGACCTAGATGTAAC-1",1
"GGGACCTAGTCTTGCA-1",2
"GGGACCTCAATCAGAA-1",1
"GGGACCTCACTGAAGG-1",4
"GGGAGATAGTACGACG-1",2
"GGGAGATCAAAGTGCG-1",2
"GGGAGATCAAATCCGT-1",2
"GGGAGATCAAGGACTG-1",0
"GGGAGATCACGCGAAA-1",1
"GGGAGATGTAGCGCAA-1",1
"GGGAGATTCAACGGGA-1",0
"GGGAGATTCATCACCC-1",0
"GGGATGAAGTGACATA-1",1
"GGGATGACATCATCCC-1",1
"GGGATGAGTCACCCAG-1",0
"GGGATGAGTGGAAAGA-1",1
"GGGATGAGTTACGACT-1",2
"GGGATGAGTTGGTAAA-1",1
"GGGATGATCAGTTAGC-1",2
"GGGATGATCTATCCTA-1",2
"GGGATGATCTTTAGGG-1",1
"GGGCACTAGTCTCGGC-1",1
"GGGCACTCATCTCCCA-1",1
"GGGCACTTCACCTCGT-1",1
"GGGCACTTCTGAGGGA-1",3
"GGGCATCCAATGTAAG-1",1
"GGGCATCCAGTCTTCC-1",1
"GGGCATCGTGGCGAAT-1",1
"GGGCATCTCACAGTAC-1",4
"GGGCATCTCCCTTGTG-1",0
"GGGCATCTCCGGCACA-1",3
"GGGCATCTCTGTCCGT-1",2
"GGGCATCTCTTATCTG-1",0
"GGGTCTGAGAAGATTC-1",2
"GGGTCTGAGATCCCGC-1",3
"GGGTCTGAGCCAACAG-1",0
"GGGTCTGCACAGGCCT-1",0
"GGGTCTGCACCAGGTC-1",0
"GGGTCTGGTCTGGTCG-1",2
"GGGTCTGGTGATGATA-1",1
"GGGTCTGGTGTGACCC-1",0
"GGGTCTGTCAACTCTT-1",3
"GGGTCTGTCACTCCTG-1",2
"GGGTCTGTCCGTAGTA-1",2
"GGGTTGCAGACAGAGA-1",0
"GGGTTGCAGACCTTTG-1",0
"GGGTTGCAGATCGATA-1",0
"GGGTTGCAGGGTGTTG-1",4
"GGGTTGCAGGTGGGTT-1",1
"GGGTTGCCAATAACGA-1",0
"GGGTTGCCACGCCAGT-1",0
"GGGTTGCCATTAACCG-1",2
"GGGTTGCGTACATCCA-1",1
"GGGTTGCGTAGCGCAA-1",0
"GGGTTGCGTCCTCCAT-1",2
"GGGTTGCGTCGAGTTT-1",1
"GGGTTGCGTGAGTATA-1",0
"GGGTTGCGTGTGACCC-1",2
"GGGTTGCTCGTACCGG-1",1
"GGTATTGAGCACCGTC-1",1
"GGTATTGAGCTATGCT-1",0
"GGTATTGCACATCCAA-1",0
"GGTATTGCAGCTTCGG-1",1
"GGTATTGGTTCCGTCT-1",1
"GGTATTGTCAGAAATG-1",4
"GGTATTGTCCATTCTA-1",0
"GGTATTGTCGCCAGCA-1",0
"GGTGAAGAGACACGAC-1",2
"GGTGAAGAGATCCGAG-1",1
"GGTGAAGCAAGGTGTG-1",0
"GGTGAAGCACTCGACG-1",0
"GGTGAAGCAGTATGCT-1",5
"GGTGAAGGTATGAAAC-1",2
"GGTGAAGGTCAGAATA-1",2
"GGTGAAGGTGGTACAG-1",2
"GGTGAAGGTGTATGGG-1",4
"GGTGAAGGTGTCTGAT-1",3
"GGTGAAGGTGTGGTTT-1",2
"GGTGAAGGTGTGTGCC-1",2
"GGTGAAGTCACGATGT-1",1
"GGTGAAGTCACTCTTA-1",0
"GGTGAAGTCTGGCGTG-1",0
"GGTGCGTAGGTGATTA-1",0
"GGTGCGTAGTACGATA-1",0
"GGTGCGTCACTTAAGC-1",0
"GGTGCGTCAGCTGTAT-1",0
"GGTGCGTGTTCGTTGA-1",0
"GGTGCGTTCCGTACAA-1",2
"GGTGCGTTCTTGACGA-1",0
"GGTGTTAAGGGCTCTC-1",1
"GGTGTTAAGTAGCGGT-1",3
"GGTGTTAAGTGGGATC-1",0
"GGTGTTAAGTTATCGC-1",0
"GGTGTTACAAATCCGT-1",4
"GGTGTTACACGGATAG-1",0
"GGTGTTAGTAATCACC-1",1
"GGTGTTAGTAGCAAAT-1",0
"GGTGTTAGTGTATGGG-1",0
"GGTGTTAGTTGAACTC-1",0
"GGTGTTATCGGACAAG-1",3
"GGTGTTATCGGTGTTA-1",0
"GGTGTTATCTACTTAC-1",1
"GTAACGTAGGTGACCA-1",3
"GTAACGTCACAGGCCT-1",2
"GTAACGTGTACCATCA-1",1
"GTAACGTGTGAGTATA-1",3
"GTAACGTGTTACGGAG-1",1
"GTAACGTGTTAGGGTG-1",3
"GTAACGTTCGGTCCGA-1",0
"GTAACGTTCTCATTCA-1",1
"GTAACTGAGTGGGTTG-1",1
"GTAACTGCAATGGAAT-1",0
"GTAACTGCACAGGCCT-1",0
"GTAACTGCAGGATCGA-1",0
"GTAACTGCATCGGGTC-1",0
"GTAACTGGTATTACCG-1",2
"GTAACTGTCACGGTTA-1",1
"GTAACTGTCTACTATC-1",3
"GTACGTAAGGTGCTTT-1",1
"GTACGTACAGGAATGC-1",0
"GTACGTACATGGATGG-1",1
"GTACGTAGTGAGTGAC-1",2
"GTACGTAGTTGGTAAA-1",1
"GTACGTATCACCTCGT-1",1
"GTACGTATCATCGGAT-1",0
"GTACGTATCCACTGGG-1",2
"GTACTCCAGGCAGTCA-1",0
"GTACTCCCAATAGCGG-1",2
"GTACTCCCACAGGTTT-1",2
"GTACTCCTCACCTTAT-1",1
"GTACTCCTCATTGCCC-1",0
"GTACTCCTCCTTCAAT-1",1
"GTACTTTCAGTTAACC-1",1
"GTACTTTCATGTCGAT-1",2
"GTACTTTTCCGAAGAG-1",2
"GTAGGCCAGCAATCTC-1",1
"GTAGGCCCATTCGACA-1",1
"GTAGGCCGTAACGCGA-1",0
"GTAGGCCGTAAGGGCT-1",1
"GTAGGCCGTACGACCC-1",2
"GTAGGCCGTTCAGGCC-1",4
"GTAGGCCGTTGATTGC-1",2
"GTAGGCCTCAGCACAT-1",2
"GTAGTCAAGAATGTGT-1",2
"GTAGTCAAGATGCCTT-1",0
"GTAGTCAAGGACGAAA-1",1
"GTAGTCAAGTGAAGAG-1",1
"GTAGTCATCGTCACGG-1",2
"GTAGTCATCTGAAAGA-1",0
"GTATCTTAGAAACCAT-1",4
"GTATCTTAGGCTATCT-1",1
"GTATCTTAGTTGTCGT-1",1
"GTATCTTCACACCGCA-1",0
"GTATCTTCACGAAGCA-1",1
"GTATCTTGTTCGCTAA-1",1
"GTATCTTTCATGCTCC-1",0
"GTATCTTTCATGTAGC-1",2
"GTATTCTAGAAACCAT-1",0
"GTATTCTAGACAAAGG-1",1
"GTATTCTCAAAGTCAA-1",2
"GTATTCTCAACAACCT-1",0
"GTATTCTCAACTTGAC-1",2
"GTATTCTCAATAAGCA-1",2
"GTATTCTCAGGGTTAG-1",1
"GTATTCTCATACTACG-1",1
"GTATTCTCATGGTAGG-1",1
"GTATTCTGTAGTGAAT-1",0
"GTATTCTGTCTAGAGG-1",0
"GTCAAGTCATATGCTG-1",1
"GTCAAGTCATGGTTGT-1",2
"GTCAAGTGTCAGCTAT-1",1
"GTCAAGTGTTCCACTC-1",2
"GTCACAAAGCCGATTT-1",0
"GTCACAAAGTGGAGTC-1",3
"GTCACAACAGGTGGAT-1",3
"GTCACAAGTAAACGCG-1",3
"GTCACAATCAGGATCT-1",4
"GTCACAATCAGTTGAC-1",0
"GTCACAATCATGCATG-1",0
"GTCACGGAGATCACGG-1",3
"GTCACGGCATATACCG-1",4
"GTCACGGGTGAGTGAC-1",0
"GTCACGGGTGTGGCTC-1",1
"GTCACGGTCGAGAGCA-1",0
"GTCACGGTCTACCTGC-1",1
"GTCATTTAGAGACTAT-1",0
"GTCATTTCACGTGAGA-1",0
"GTCATTTGTAGAAGGA-1",2
"GTCATTTGTCAGATAA-1",0
"GTCATTTTCCAGAGGA-1",1
"GTCCTCAAGCCCAACC-1",0
"GTCCTCAAGTAGATGT-1",0
"GTCCTCAAGTGGGCTA-1",0
"GTCCTCACAATCACAC-1",1
"GTCCTCAGTGGAAAGA-1",0
"GTCCTCATCAAAGACA-1",0
"GTCCTCATCGTCCGTT-1",0
"GTCGGGTCACTGAAGG-1",1
"GTCGGGTCACTTCGAA-1",0
"GTCGGGTCATGAAGTA-1",0
"GTCGGGTGTCTCACCT-1",1
"GTCGGGTGTGTGACGA-1",0
"GTCGGGTGTGTGTGCC-1",2
"GTCGGGTGTTACGTCA-1",2
"GTCGGGTTCTGCTGTC-1",0
"GTCGGGTTCTGTGCAA-1",0
"GTCGTAAAGAGATGAG-1",2
"GTCGTAAAGCTGCAAG-1",0
"GTCGTAAAGGCGACAT-1",0
"GTCGTAACATCACGAT-1",0
"GTCGTAAGTATCACCA-1",2
"GTCGTAATCCAAGTAC-1",3
"GTCTCGTAGACCACGA-1",0
"GTCTCGTCAGGAACGT-1",2
"GTCTCGTGTGGTAACG-1",0
"GTCTCGTGTTTGGCGC-1",3
"GTCTCGTTCACCGGGT-1",0
"GTCTCGTTCAGTGCAT-1",0
"GTCTTCGAGACAAGCC-1",2
"GTCTTCGAGGAATGGA-1",0
"GTCTTCGAGTCAAGCG-1",1
"GTCTTCGCACATGGGA-1",1
"GTCTTCGCACCAGGTC-1",0
"GTCTTCGCAGACGCAA-1",0
"GTCTTCGCATAACCTG-1",0
"GTCTTCGCATCGATGT-1",1
"GTCTTCGGTCTAGTGT-1",0
"GTCTTCGTCTCGATGA-1",0
"GTGAAGGAGAGCTGGT-1",2
"GTGAAGGAGATCGGGT-1",2
"GTGAAGGAGCCAGTTT-1",2
"GTGAAGGAGTGTTGAA-1",1
"GTGAAGGCAAAGGCGT-1",1
"GTGAAGGCACTTAAGC-1",1
"GTGAAGGCAGATTGCT-1",2
"GTGAAGGGTATATGGA-1",4
"GTGAAGGGTCTCTCTG-1",3
"GTGAAGGTCTCCTATA-1",0
"GTGCAGCAGACATAAC-1",0
"GTGCAGCAGTGGTCCC-1",0
"GTGCAGCCACATCTTT-1",5
"GTGCAGCGTGAGTATA-1",2
"GTGCAGCTCTTAGAGC-1",0
"GTGCATAAGGCATGGT-1",1
"GTGCATAGTTTGTTGG-1",1
"GTGCATATCAGAGCTT-1",0
"GTGCATATCATCATTC-1",0
"GTGCATATCTGCGTAA-1",4
"GTGCGGTAGCAATCTC-1",0
"GTGCGGTAGGACAGAA-1",0
"GTGCGGTCAAAGGTGC-1",5
"GTGCGGTGTTCAGACT-1",0
"GTGCGGTGTTCTGTTT-1",0
"GTGCGGTTCATCTGCC-1",0
"GTGCGGTTCCAGGGCT-1",0
"GTGCGGTTCGGATGGA-1",2
"GTGCGGTTCTCGTTTA-1",0
"GTGCGGTTCTGCTGTC-1",2
"GTGCTTCAGCCAGTTT-1",0
"GTGCTTCAGGATTCGG-1",4
"GTGCTTCAGTACACCT-1",0
"GTGCTTCCACTTAACG-1",0
"GTGCTTCCAGCTATTG-1",0
"GTGCTTCGTAGAGTGC-1",2
"GTGCTTCTCACAATGC-1",1
"GTGCTTCTCACTTCAT-1",2
"GTGGGTCAGACCGGAT-1",1
"GTGGGTCAGACTGTAA-1",0
"GTGGGTCAGCCGTCGT-1",1
"GTGGGTCCACCAACCG-1",2
"GTGGGTCCACCACCAG-1",1
"GTGTGCGAGACCGGAT-1",0
"GTGTGCGAGACTTGAA-1",0
"GTGTGCGCAGGTCGTC-1",0
"GTGTGCGGTGAGCGAT-1",1
"GTGTGCGTCAGTCAGT-1",0
"GTGTGCGTCCCTTGTG-1",2
"GTGTGCGTCTAACTTC-1",0
"GTGTTAGAGCACGCCT-1",2
"GTGTTAGAGGACAGAA-1",0
"GTGTTAGAGGCATGGT-1",0
"GTGTTAGAGTGGAGAA-1",0
"GTGTTAGAGTTTGCGT-1",0
"GTGTTAGCAATGGAAT-1",0
"GTGTTAGCACCACCAG-1",2
"GTGTTAGGTGCCTGGT-1",3
"GTGTTAGGTGGAAAGA-1",5
"GTGTTAGGTTCCATGA-1",0
"GTGTTAGGTTGGGACA-1",0
"GTTAAGCAGAGCTGCA-1",0
"GTTAAGCAGATAGCAT-1",0
"GTTAAGCAGCTAACAA-1",2
"GTTAAGCAGGCTACGA-1",1
"GTTAAGCAGTGTACCT-1",1
"GTTAAGCAGTTTGCGT-1",1
"GTTAAGCCATTCACTT-1",0
"GTTAAGCGTACTCGCG-1",2
"GTTAAGCGTCTAGGTT-1",1
"GTTAAGCGTGGCAAAC-1",0
"GTTAAGCGTTGCTCCT-1",0
"GTTAAGCTCCTTTCGG-1",0
"GTTACAGAGAGCTATA-1",0
"GTTACAGAGTACGATA-1",0
"GTTACAGCAGACGCCT-1",2
"GTTACAGCATCGGTTA-1",4
"GTTACAGGTATGGTTC-1",1
"GTTACAGGTCGACTGC-1",1
"GTTACAGGTCTAGGTT-1",1
"GTTCATTAGCGATGAC-1",1
"GTTCATTCATATACGC-1",0
"GTTCATTCATTGGCGC-1",2
"GTTCATTGTGCACGAA-1",1
"GTTCATTGTGTTAAGA-1",0
"GTTCATTGTTCAGTAC-1",1
"GTTCGGGAGACGACGT-1",1
"GTTCGGGAGCTAAGAT-1",0
"GTTCGGGAGTGTCTCA-1",1
"GTTCGGGGTAGGGTAC-1",0
"GTTCGGGGTGCAGGTA-1",1
"GTTCGGGTCCACGCAG-1",1
"GTTCGGGTCTACTTAC-1",1
"GTTCTCGAGACCACGA-1",0
"GTTCTCGAGCGATGAC-1",0
"GTTCTCGAGGCCATAG-1",0
"GTTCTCGCATCGGACC-1",3
"GTTCTCGGTAAGGGAA-1",4
"GTTCTCGGTAGCGTAG-1",1
"GTTCTCGGTCCGTGAC-1",3
"GTTCTCGGTGTTAAGA-1",3
"GTTCTCGTCAACGCTA-1",2
"GTTCTCGTCCTGTACC-1",0
"GTTTCTACAAACCTAC-1",0
"GTTTCTACAAGAAAGG-1",0
"GTTTCTAGTGTTGGGA-1",3
"GTTTCTATCCCAACGG-1",1
"GTTTCTATCCGTAGTA-1",2
"GTTTCTATCGGCATCG-1",2
"TAAACCGGTACTTAGC-1",1
"TAAACCGTCACTCTTA-1",0
"TAAACCGTCAGGCGAA-1",1
"TAAACCGTCCGTTGTC-1",1
"TAAACCGTCTTCCTTC-1",3
"TAAGAGACAAGTTGTC-1",2
"TAAGAGAGTATATCCG-1",4
"TAAGAGATCAATCACG-1",1
"TAAGAGATCTAACGGT-1",2
"TAAGAGATCTTTCCTC-1",2
"TAAGCGTAGTGGACGT-1",2
"TAAGCGTAGTGTCTCA-1",1
"TAAGCGTCAGCTTCGG-1",1
"TAAGCGTCAGGTGGAT-1",1
"TAAGCGTGTCCTGCTT-1",2
"TAAGCGTGTGCCTGGT-1",0
"TAAGCGTGTTGTTTGG-1",0
"TAAGCGTTCCTCATTA-1",0
"TAAGCGTTCGGCGCAT-1",0
"TAAGCGTTCTCGCATC-1",0
"TAAGTGCAGGCTAGGT-1",1
"TAAGTGCAGTAGCGGT-1",2
"TAAGTGCCAACGCACC-1",2
"TAAGTGCCATACAGCT-1",0
"TAAGTGCGTAAACACA-1",0
"TAAGTGCGTCTCACCT-1",1
"TAAGTGCGTTCAGACT-1",0
"TAAGTGCTCACCCTCA-1",2
"TAAGTGCTCACTGGGC-1",0
"TAAGTGCTCTGGCGTG-1",0
"TACACGACACCCATTC-1",1
"TACACGAGTGATAAAC-1",0
"TACACGATCTGTCTCG-1",0
"TACAGTGAGATGCGAC-1",4
"TACAGTGAGCGTTGCC-1",0
"TACAGTGAGTGTACGG-1",0
"TACAGTGCAGGAATCG-1",0
"TACAGTGCAGGTGCCT-1",1
"TACAGTGGTACTCAAC-1",3
"TACAGTGGTTGGACCC-1",0
"TACCTATAGAGCTGGT-1",1
"TACCTATAGAGTTGGC-1",1
"TACCTATAGGCTCATT-1",1
"TACCTATAGTTAGCGG-1",1
"TACCTATCAAGCTGGA-1",2
"TACCTATGTAAATGAC-1",4
"TACCTATGTAGAGTGC-1",1
"TACCTATGTCACCTAA-1",0
"TACCTATGTGTTGAGG-1",0
"TACCTATGTTAAAGAC-1",2
"TACCTATTCTATGTGG-1",3
"TACCTATTCTTCCTTC-1",1
"TACCTTAAGAGGTTGC-1",1
"TACCTTAAGTCAAGCG-1",2
"TACCTTAAGTGGTCCC-1",0
"TACCTTACAACTGGCC-1",1
"TACCTTACAAGGGTCA-1",0
"TACCTTACACTCAGGC-1",0
"TACCTTACATCTACGA-1",2
"TACCTTAGTAGCGTCC-1",1
"TACCTTAGTCTCCACT-1",1
"TACGGATAGATGGCGT-1",1
"TACGGATAGGTACTCT-1",1
"TACGGATCAGGGATTG-1",0
"TACGGATCATCACCCT-1",1
"TACGGATGTCTAGCCG-1",2
"TACGGATTCGGTGTCG-1",3
"TACGGATTCTACTATC-1",0
"TACGGGCAGGATGCGT-1",0
"TACGGGCAGGGAACGG-1",2
"TACGGGCAGTATTGGA-1",1
"TACGGGCAGTCAAGCG-1",0
"TACGGGCCAAGAAGAG-1",0
"TACGGGCCACCAGATT-1",1
"TACGGGCCATCAGTAC-1",1
"TACGGGCGTAAGGGCT-1",0
"TACGGGCGTCTGATTG-1",0
"TACGGGCGTGATGTGG-1",0
"TACGGGCTCACCTTAT-1",6
"TACGGGCTCAGCTCTC-1",0
"TACGGGCTCCACGAAT-1",1
"TACGGGCTCCTATTCA-1",1
"TACGGGCTCGGTGTTA-1",0
"TACGGTAAGATATGGT-1",4
"TACGGTAAGCCGATTT-1",2
"TACGGTAAGTCATGCT-1",0
"TACGGTAAGTGCCATT-1",2
"TACGGTACACAGGCCT-1",1
"TACGGTACATTTCAGG-1",3
"TACGGTAGTATATCCG-1",4
"TACGGTAGTCACTTCC-1",1
"TACGGTAGTGCAGGTA-1",0
"TACGGTAGTGGGTATG-1",0
"TACGGTATCGCAGGCT-1",4
"TACGGTATCGGACAAG-1",0
"TACGGTATCGTTTATC-1",1
"TACTCATAGTCACGCC-1",1
"TACTCATCAATCTACG-1",0
"TACTCATCACGGTAGA-1",2
"TACTCATCACTTCTGC-1",4
"TACTCATCATCCGTGG-1",0
"TACTCATCATGTCGAT-1",1
"TACTCATGTACAGCAG-1",1
"TACTCATGTCTTCAAG-1",2
"TACTCATTCCTTTCTC-1",0
"TACTCGCAGGCGACAT-1",1
"TACTCGCGTCAGAAGC-1",2
"TACTCGCGTCTGATTG-1",3
"TACTCGCGTGTAACGG-1",0
"TACTCGCGTTGAGTTC-1",3
"TACTCGCTCAACGGGA-1",1
"TACTCGCTCCGAATGT-1",1
"TACTTACAGACTAGGC-1",0
"TACTTACAGCTGAACG-1",2
"TACTTACAGTACACCT-1",3
"TACTTACAGTACGCCC-1",3
"TACTTACAGTGATCGG-1",1
"TACTTACCAAGCCGTC-1",3
"TACTTACCACAGGTTT-1",3
"TACTTACTCGCGTTTC-1",0
"TACTTGTAGCGATATA-1",2
"TACTTGTAGTAATCCC-1",1
"TACTTGTCAAACAACA-1",1
"TACTTGTCATGCAACT-1",0
"TACTTGTGTAGCACGA-1",0
"TACTTGTGTATAAACG-1",2
"TACTTGTGTTCCACAA-1",2
"TACTTGTTCTGCAGTA-1",3
"TAGACCAAGAGACGAA-1",0
"TAGACCAAGCCTCGTG-1",2
"TAGACCAAGTCGATAA-1",1
"TAGACCACAACACCCG-1",0
"TAGACCAGTAGATTAG-1",2
"TAGACCAGTTCATGGT-1",1
"TAGACCATCACTTCAT-1",1
"TAGACCATCGTCACGG-1",2
"TAGACCATCTCCAGGG-1",0
"TAGAGCTAGAATTCCC-1",2
"TAGAGCTAGTATTGGA-1",0
"TAGAGCTCACTGAAGG-1",0
"TAGAGCTGTACTTGAC-1",0
"TAGAGCTGTAGGGACT-1",0
"TAGAGCTGTCTAAAGA-1",1
"TAGCCGGAGACTGGGT-1",1
"TAGCCGGAGTCCCACG-1",0
"TAGCCGGAGTGACATA-1",0
"TAGCCGGCAGCAGTTT-1",1
"TAGCCGGGTACAGTGG-1",4
"TAGCCGGGTACCATCA-1",0
"TAGCCGGGTCGCGAAA-1",4
"TAGCCGGTCACGACTA-1",0
"TAGCCGGTCCAGGGCT-1",0
"TAGGCATAGAACTGTA-1",0
"TAGGCATAGCTAGGCA-1",1
"TAGGCATAGTCGTACT-1",2
"TAGGCATAGTTTAGGA-1",0
"TAGGCATCAAGCCTAT-1",1
"TAGGCATCAGACGCAA-1",1
"TAGGCATGTACGAAAT-1",0
"TAGGCATGTCCAGTTA-1",0
"TAGGCATGTTCCACTC-1",2
"TAGGCATTCCCTAACC-1",0
"TAGGCATTCGCTAGCG-1",1
"TAGGCATTCGTAGATC-1",2
"TAGGCATTCTTCATGT-1",1
"TAGTGGTAGATCACGG-1",2
"TAGTGGTAGCTGTTCA-1",3
"TAGTGGTCAGTATAAG-1",0
"TAGTGGTGTAGCGTAG-1",0
"TAGTGGTTCAGCATGT-1",0
"TAGTGGTTCGGCGCAT-1",0
"TAGTGGTTCTCAAGTG-1",4
"TAGTGGTTCTGGGCCA-1",2
"TAGTGGTTCTTTAGTC-1",1
"TAGTTGGAGATAGGAG-1",0
"TAGTTGGCAGACGCAA-1",0
"TAGTTGGCATGCGCAC-1",3
"TAGTTGGGTATGGTTC-1",1
"TAGTTGGTCCGAATGT-1",0
"TAGTTGGTCTACTCAT-1",0
"TAGTTGGTCTCTAAGG-1",0
"TAGTTGGTCTGATACG-1",1
"TATCAGGAGAGTAAGG-1",1
"TATCAGGAGATCCGAG-1",0
"TATCAGGAGCAGATCG-1",1
"TATCAGGAGGTGCTTT-1",0
"TATCAGGCAACTTGAC-1",2
"TATCAGGCACGTTGGC-1",1
"TATCAGGGTCCGTTAA-1",1
"TATCAGGGTCTGCAAT-1",3
"TATCAGGGTTAAAGAC-1",4
"TATCAGGTCAAGATCC-1",3
"TATCAGGTCCACTCCA-1",2
"TATCAGGTCGTAGGTT-1",1
"TATCTCAAGAGTTGGC-1",0
"TATCTCAAGCCACCTG-1",2
"TATCTCAAGCGTAATA-1",0
"TATCTCAAGGCTAGCA-1",0
"TATCTCAAGTGGGCTA-1",0
"TATCTCACATGTCCTC-1",1
"TATCTCAGTAACGACG-1",6
"TATCTCAGTACCTACA-1",0
"TATCTCAGTACGACCC-1",4
"TATCTCAGTCAATGTC-1",2
"TATCTCATCAAGCCTA-1",3
"TATGCCCAGAAACCGC-1",3
"TATGCCCAGGTAGCTG-1",2
"TATGCCCCAATGGAAT-1",2
"TATGCCCCACTTAACG-1",1
"TATGCCCCATGTTCCC-1",0
"TATGCCCGTAGCCTCG-1",0
"TATGCCCGTATAGGGC-1",1
"TATGCCCGTATGAAAC-1",0
"TATGCCCGTCGCCATG-1",9
"TATGCCCGTGCCTTGG-1",1
"TATGCCCGTTAAGATG-1",1
"TATGCCCGTTGGTGGA-1",0
"TATGCCCGTTTAGGAA-1",0
"TATGCCCTCGTCTGCT-1",1
"TATTACCAGAGAGCTC-1",2
"TATTACCAGCAAATCA-1",0
"TATTACCAGCCCGAAA-1",4
"TATTACCAGTATCTCG-1",0
"TATTACCCAAAGTGCG-1",2
"TATTACCCAGACAAGC-1",1
"TATTACCCAGTCAGCC-1",0
"TATTACCCATAAAGGT-1",1
"TATTACCCATCTACGA-1",0
"TATTACCGTCCAGTAT-1",4
"TCAACGAAGCCGATTT-1",4
"TCAACGAAGCGATGAC-1",3
"TCAACGAAGGCATGTG-1",0
"TCAACGAAGTAGTGCG-1",0
"TCAACGACACCAGGCT-1",0
"TCAACGACATGCCTTC-1",4
"TCAACGAGTTACCAGT-1",1
"TCAACGAGTTCCATGA-1",1
"TCAACGAGTTCTGGTA-1",3
"TCAACGATCAGTCCCT-1",0
"TCAACGATCTGTGCAA-1",2
"TCAATCTAGATCCCGC-1",1
"TCAATCTCACAAGCCC-1",0
"TCAATCTCACAGCCCA-1",1
"TCAATCTCATGACGGA-1",1
"TCAATCTCATTTGCTT-1",1
"TCAATCTGTAGTGAAT-1",0
"TCAATCTGTTAGATGA-1",0
"TCAATCTTCAGATAAG-1",0
"TCAATCTTCATGTCCC-1",1
"TCACAAGAGACTGGGT-1",2
"TCACAAGAGAGAGCTC-1",1
"TCACAAGAGGCCCTCA-1",1
"TCACAAGAGGTGGGTT-1",4
"TCACAAGAGTAGATGT-1",0
"TCACAAGCAGTATGCT-1",0
"TCACAAGCATAACCTG-1",1
"TCACAAGCATGACATC-1",3
"TCACAAGGTCAGATAA-1",1
"TCACAAGGTGTGGTTT-1",4
"TCACAAGTCATCATTC-1",0
"TCACAAGTCATGCATG-1",1
"TCACGAAAGCTCCTTC-1",0
"TCACGAAAGGTGCTTT-1",1
"TCACGAAAGTCTCGGC-1",1
"TCACGAACACAAGACG-1",1
"TCACGAACACTGTCGG-1",0
"TCACGAAGTGGTCCGT-1",0
"TCACGAAGTTGGTGGA-1",1
"TCACGAATCATGCAAC-1",0
"TCACGAATCCCGACTT-1",1
"TCACGAATCCTCGCAT-1",1
"TCACGAATCGTCACGG-1",0
"TCAGATGAGGTGCACA-1",0
"TCAGATGGTCTTGTCC-1",3
"TCAGATGGTGCCTGCA-1",0
"TCAGATGGTGCTGTAT-1",1
"TCAGATGTCAGTTTGG-1",1
"TCAGATGTCGCATGAT-1",0
"TCAGATGTCTCCTATA-1",0
"TCAGCAAAGGAGTCTG-1",1
"TCAGCAAAGGCTCATT-1",1
"TCAGCAAAGTACGACG-1",1
"TCAGCAAAGTGGCACA-1",4
"TCAGCAACACGCATCG-1",1
"TCAGCAAGTACCGGCT-1",0
"TCAGCAATCAGCGATT-1",1
"TCAGCAATCGGAAACG-1",1
"TCAGCAATCTTCAACT-1",0
"TCAGCTCAGGTGTTAA-1",1
"TCAGCTCAGTATGACA-1",2
"TCAGCTCCAATCTGCA-1",1
"TCAGCTCCACGGTTTA-1",0
"TCAGCTCGTAATAGCA-1",1
"TCAGCTCGTCCGTCAG-1",3
"TCAGCTCGTTCACGGC-1",1
"TCAGCTCTCACGATGT-1",1
"TCAGCTCTCATGCATG-1",1
"TCAGCTCTCCTAAGTG-1",1
"TCAGCTCTCTCGTATT-1",0
"TCAGGATAGACAGAGA-1",1
"TCAGGATAGATATGGT-1",1
"TCAGGATCAAACGTGG-1",2
"TCAGGATCAAGTTCTG-1",3
"TCAGGATCACGGTGTC-1",2
"TCAGGATCACTGTGTA-1",1
"TCAGGATCAGCATACT-1",1
"TCAGGATCATCTGGTA-1",1
"TCAGGATGTAAGCACG-1",0
"TCAGGATGTGGCCCTA-1",1
"TCAGGATTCCGATATG-1",1
"TCAGGATTCTCGATGA-1",2
"TCAGGTAAGATGGCGT-1",0
"TCAGGTAAGTGTTTGC-1",0
"TCAGGTACACAAGTAA-1",1
"TCAGGTACACAGAGGT-1",3
"TCAGGTACAGCTGCTG-1",0
"TCAGGTAGTAAACGCG-1",2
"TCATTACAGAAACCAT-1",0
"TCATTACAGGAGTTGC-1",1
"TCATTACAGTTGCAGG-1",1
"TCATTACCACATCCAA-1",1
"TCATTACCAGTCAGCC-1",0
"TCATTACGTACGCACC-1",1
"TCATTACGTCTAGAGG-1",1
"TCATTACGTGAAGGCT-1",0
"TCATTACGTTCTGTTT-1",0
"TCATTACTCATCGATG-1",0
"TCATTTGAGCCAGTTT-1",0
"TCATTTGCACGTCTCT-1",0
"TCATTTGCAGTTAACC-1",1
"TCATTTGTCCAGAGGA-1",0
"TCATTTGTCCCTTGCA-1",0
"TCATTTGTCCGTCAAA-1",0
"TCATTTGTCGCTAGCG-1",0
"TCATTTGTCGTACGGC-1",0
"TCATTTGTCTCTGCTG-1",0
"TCCACACCAAAGAATC-1",0
"TCCACACCACGCCAGT-1",2
"TCCACACGTACAGCAG-1",3
"TCCACACGTAGCCTAT-1",0
"TCCACACGTCATCGGC-1",0
"TCCACACGTGACCAAG-1",0
"TCCACACGTGCGAAAC-1",1
"TCCACACTCAACACCA-1",2
"TCCACACTCCAGTATG-1",1
"TCCACACTCCCATTTA-1",0
"TCCACACTCGAACTGT-1",1
"TCCCGATAGAAGAAGC-1",1
"TCCCGATAGCACAGGT-1",3
"TCCCGATAGCCGGTAA-1",2
"TCCCGATCAAGGTTCT-1",1
"TCCCGATCAGCCAATT-1",1
"TCCCGATCATCCAACA-1",5
"TCCCGATGTAAGGATT-1",0
"TCCCGATGTCAATACC-1",1
"TCCCGATTCAGAAATG-1",1
"TCCCGATTCAGTCCCT-1",0
"TCCCGATTCATCTGTT-1",0
"TCCCGATTCCCTAATT-1",1
"TCCCGATTCTGGAGCC-1",2
"TCGAGGCAGCGATGAC-1",2
"TCGAGGCAGTGTTTGC-1",1
"TCGAGGCCAAAGAATC-1",4
"TCGAGGCCAAGTTCTG-1",2
"TCGAGGCCAGTAACGG-1",0
"TCGAGGCGTATATCCG-1",0
"TCGAGGCTCGCAAGCC-1",0
"TCGAGGCTCTTGAGAC-1",1
"TCGAGGCTCTTTCCTC-1",1
"TCGCGAGAGACAAAGG-1",0
"TCGCGAGAGTGAATTG-1",1
"TCGCGAGCAAGCGTAG-1",1
"TCGCGAGCACCGAATT-1",2
"TCGCGAGCAGTAAGAT-1",3
"TCGCGAGTCCACGAAT-1",1
"TCGCGAGTCTAGCACA-1",1
"TCGCGAGTCTCTAGGA-1",1
"TCGCGAGTCTTCATGT-1",3
"TCGCGTTAGTGGGCTA-1",1
"TCGCGTTCACAGGCCT-1",0
"TCGCGTTCATCACAAC-1",1
"TCGCGTTCATCTCGCT-1",1
"TCGCGTTGTTCACCTC-1",4
"TCGCGTTTCAAGATCC-1",1
"TCGCGTTTCAGGTAAA-1",1
"TCGCGTTTCATTCACT-1",2
"TCGCGTTTCCTGTACC-1",1
"TCGCGTTTCGCCCTTA-1",0
"TCGGGACCACACATGT-1",0
"TCGGGACTCCTTGCCA-1",0
"TCGGGACTCTGCGGCA-1",1
"TCGGGACTCTTGTCAT-1",1
"TCGGTAAAGACAGGCT-1",3
"TCGGTAAAGCTCAACT-1",1
"TCGGTAACAAGCTGAG-1",0
"TCGGTAACAGGAATGC-1",1
"TCGGTAAGTATATGGA-1",2
"TCGGTAAGTCTAGTCA-1",0
"TCGGTAATCCCGGATG-1",0
"TCGTACCAGCAGGCTA-1",0
"TCGTACCAGTTTCCTT-1",0
"TCGTACCGTTTGCATG-1",0
"TCGTACCTCGGGAGTA-1",2
"TCGTAGAAGCTAACTC-1",4
"TCGTAGAAGGCGACAT-1",2
"TCGTAGAAGGGAACGG-1",1
"TCGTAGAAGTCCATAC-1",1
"TCGTAGACAATCCAAC-1",0
"TCGTAGACACTCAGGC-1",0
"TCGTAGAGTATGAATG-1",1
"TCGTAGAGTGAGCGAT-1",0
"TCGTAGAGTGTGTGCC-1",3
"TCGTAGAGTTCAACCA-1",2
"TCGTAGAGTTCCATGA-1",6
"TCGTAGATCCAAGCCG-1",3
"TCGTAGATCTTAGCCC-1",1
"TCTATTGAGCGATTCT-1",0
"TCTATTGAGTGCCATT-1",1
"TCTATTGCACATCTTT-1",1
"TCTATTGGTAAGTGTA-1",1
"TCTATTGGTCCAACTA-1",3
"TCTATTGGTCTGCCAG-1",1
"TCTATTGGTTGCTCCT-1",0
"TCTATTGTCGGCGCTA-1",1
"TCTCATAAGCTAAACA-1",0
"TCTCATAAGCTAGTCT-1",0
"TCTCATAAGTGCCATT-1",1
"TCTCATAGTACCGGCT-1",3
"TCTCATAGTGTAAGTA-1",2
"TCTCATATCAAGCCTA-1",1
"TCTCATATCACCTTAT-1",0
"TCTCATATCCTGTACC-1",3
"TCTCTAAAGACCGGAT-1",2
"TCTCTAAAGGGTGTTG-1",0
"TCTCTAACAGCCTATA-1",0
"TCTCTAAGTCCAGTAT-1",1
"TCTCTAAGTCCATGAT-1",1
"TCTCTAAGTCTCATCC-1",1
"TCTCTAAGTGGAAAGA-1",2
"TCTCTAATCAAACCAC-1",0
"TCTCTAATCAACGCTA-1",0
"TCTCTAATCACAGGCC-1",2
"TCTCTAATCACATACG-1",0
"TCTCTAATCCGTAGGC-1",1
"TCTCTAATCGTATCAG-1",5
"TCTGAGACAAACCTAC-1",5
"TCTGAGACACGGATAG-1",3
"TCTGAGACAGAGTGTG-1",1
"TCTGAGAGTAAGGGAA-1",0
"TCTGAGATCCTTGACC-1",2
"TCTGAGATCTATCCTA-1",1
"TCTGGAAAGCGATGAC-1",0
"TCTGGAAAGCTAGTTC-1",1
"TCTGGAAAGCTCTCGG-1",0
"TCTGGAAAGGAGCGAG-1",0
"TCTGGAACACAAGACG-1",1
"TCTGGAACACACTGCG-1",0
"TCTGGAACACTTCTGC-1",0
"TCTGGAAGTGAGTATA-1",3
"TCTGGAATCTGTCTAT-1",2
"TCTTCGGAGGTTCCTA-1",2
"TCTTCGGAGTTCGATC-1",0
"TCTTCGGCAAAGCAAT-1",4
"TCTTCGGCAAAGGTGC-1",4
"TCTTCGGCAATAGCAA-1",4
"TCTTCGGCAATGTAAG-1",1
"TCTTCGGCACACCGAC-1",1
"TCTTCGGCAGCCAATT-1",2
"TCTTCGGGTCATTAGC-1",0
"TCTTCGGTCGTAGGTT-1",0
"TCTTCGGTCTCTAAGG-1",1
"TCTTTCCAGAGAGCTC-1",1
"TCTTTCCAGTCATCCA-1",0
"TCTTTCCCATCTCCCA-1",1
"TCTTTCCGTAATCACC-1",2
"TCTTTCCGTAGTACCT-1",0
"TCTTTCCTCACAACGT-1",3
"TCTTTCCTCAGCTGGC-1",0
"TCTTTCCTCCAAGTAC-1",0
"TCTTTCCTCCTCGCAT-1",0
"TGAAAGAAGCTAAGAT-1",3
"TGAAAGACAAGCCGTC-1",2
"TGAAAGACACATTCGA-1",2
"TGAAAGACATGAGCGA-1",0
"TGAAAGAGTCTAGCGC-1",2
"TGAAAGAGTCTCATCC-1",2
"TGAAAGATCCCGACTT-1",2
"TGAAAGATCTATGTGG-1",0
"TGACAACCAAGCGAGT-1",0
"TGACAACGTAGGGACT-1",2
"TGACAACGTGCGCTTG-1",1
"TGACAACGTGGTTTCA-1",0
"TGACAACTCACAAACC-1",2
"TGACAACTCCACGTGG-1",0
"TGACAACTCGAATGCT-1",0
"TGACGGCAGCGCCTCA-1",2
"TGACGGCAGGCTCAGA-1",1
"TGACGGCAGTCAAGCG-1",1
"TGACGGCCACAGACTT-1",2
"TGACGGCGTCATCCCT-1",1
"TGACGGCTCAGGCGAA-1",0
"TGACGGCTCCACTGGG-1",0
"TGACTAGAGACCCACC-1",4
"TGACTAGAGGGCATGT-1",1
"TGACTAGAGTCTCAAC-1",1
"TGACTAGAGTTGAGAT-1",0
"TGACTAGCAGCATACT-1",2
"TGACTAGCAGTCAGAG-1",0
"TGACTAGCATTTCACT-1",2
"TGACTAGGTAAATACG-1",2
"TGACTAGGTGAAAGAG-1",0
"TGACTAGGTGCAGTAG-1",0
"TGACTAGTCATGCATG-1",0
"TGACTAGTCCATGCTC-1",0
"TGACTAGTCTGTTGAG-1",2
"TGACTTTAGAACAATC-1",1
"TGACTTTAGTCTCGGC-1",2
"TGACTTTAGTTAGGTA-1",1
"TGACTTTCAGTCCTTC-1",2
"TGACTTTCATTATCTC-1",2
"TGACTTTGTCACACGC-1",0
"TGACTTTTCCTCAATT-1",3
"TGACTTTTCTGCCCTA-1",1
"TGAGAGGAGGCTCATT-1",0
"TGAGAGGCAAAGTCAA-1",1
"TGAGAGGCAAGCCATT-1",0
"TGAGAGGCACCATGTA-1",1
"TGAGAGGGTCACTGGC-1",2
"TGAGAGGGTCTAAACC-1",0
"TGAGAGGTCGAACTGT-1",0
"TGAGAGGTCGCGTTTC-1",1
"TGAGAGGTCTGACCTC-1",4
"TGAGCATAGAAACGAG-1",0
"TGAGCATAGAAGCCCA-1",1
"TGAGCATAGATGTCGG-1",1
"TGAGCATAGGAATGGA-1",1
"TGAGCATCACCAGGCT-1",3
"TGAGCATCAGATGAGC-1",1
"TGAGCATCAGCGTAAG-1",0
"TGAGCATCAGCTGTAT-1",1
"TGAGCATGTGGCCCTA-1",1
"TGAGCATTCCACGTTC-1",1
"TGAGCATTCCGATATG-1",2
"TGAGCATTCGGCCGAT-1",1
"TGAGCCGCATCGGGTC-1",3
"TGAGCCGGTCGAACAG-1",0
"TGAGCCGGTGTAATGA-1",1
"TGAGCCGGTTGATTCG-1",1
"TGAGCCGTCATCTGCC-1",0
"TGAGCCGTCGTCACGG-1",1
"TGAGCCGTCTTGAGGT-1",1
"TGAGGGAAGAGACTAT-1",1
"TGAGGGAAGGAGTACC-1",2
"TGAGGGAAGTCATCCA-1",1
"TGAGGGAAGTCATGCT-1",4
"TGAGGGACACCAGTTA-1",0
"TGAGGGACATAAGACA-1",2
"TGAGGGAGTAAACGCG-1",0
"TGAGGGAGTTAGGGTG-1",0
"TGAGGGATCAACGGGA-1",1
"TGAGGGATCTAGCACA-1",0
"TGAGGGATCTCTTATG-1",4
"TGATTTCCATCCGGGT-1",4
"TGATTTCGTAGGCATG-1",2
"TGATTTCGTTAAGACA-1",1
"TGATTTCTCTGATTCT-1",0
"TGCACCTAGACCTTTG-1",1
"TGCACCTAGGACGAAA-1",0
"TGCACCTCAAGTTGTC-1",1
"TGCACCTCAATAGAGT-1",1
"TGCACCTCATCCGGGT-1",1
"TGCACCTGTAATCACC-1",0
"TGCACCTGTCACACGC-1",1
"TGCACCTTCACGGTTA-1",1
"TGCACCTTCATCGGAT-1",1
"TGCACCTTCCGCGGTA-1",0
"TGCACCTTCGAACTGT-1",2
"TGCACCTTCTCTTGAT-1",0
"TGCCAAACAATGTAAG-1",0
"TGCCAAACAATTCCTT-1",5
"TGCCAAAGTTCGCGAC-1",0
"TGCCAAATCCAAACTG-1",3
"TGCCAAATCCCTGACT-1",2
"TGCCAAATCGGCGGTT-1",1
"TGCCCATAGACTAGGC-1",4
"TGCCCATAGCGTCAAG-1",1
"TGCCCATAGCGTGAAC-1",2
"TGCCCATAGCTGTTCA-1",2
"TGCCCATAGGATGGAA-1",0
"TGCCCATAGTACGCCC-1",3
"TGCCCATAGTTGAGTA-1",0
"TGCCCATCACCAGGTC-1",1
"TGCCCATCACGAAATA-1",1
"TGCCCATCAGGACGTA-1",0
"TGCCCATCATGGAATA-1",0
"TGCCCATCATGGATGG-1",2
"TGCCCATGTAGCCTCG-1",0
"TGCCCATTCAAACCGT-1",0
"TGCCCATTCAGGCCCA-1",2
"TGCCCATTCCTTCAAT-1",0
"TGCCCATTCGGAAATA-1",3
"TGCCCTAAGGTCGGAT-1",0
"TGCCCTAAGGTTCCTA-1",0
"TGCCCTACACCACCAG-1",5
"TGCCCTACAGCCACCA-1",0
"TGCCCTACAGTGAGTG-1",0
"TGCCCTAGTCCGAGTC-1",1
"TGCCCTAGTGGTTTCA-1",0
"TGCCCTAGTTTCGCTC-1",0
"TGCCCTATCGACGGAA-1",2
"TGCCCTATCTTCGGTC-1",0
"TGCGCAGAGACTAGGC-1",4
"TGCGCAGAGCACACAG-1",1
"TGCGCAGAGCGTCTAT-1",1
"TGCGCAGAGGAGCGAG-1",1
"TGCGCAGCAAACGTGG-1",2
"TGCGCAGCAGCTCGCA-1",1
"TGCGCAGCAGTAGAGC-1",2
"TGCGCAGTCCTACAGA-1",3
"TGCGGGTAGAGACTTA-1",3
"TGCGGGTAGATCGATA-1",0
"TGCGGGTAGCTCTCGG-1",2
"TGCGGGTAGGTGTGGT-1",1
"TGCGGGTAGTACTTGC-1",0
"TGCGGGTCAATGGAAT-1",0
"TGCGGGTCACACGCTG-1",1
"TGCGGGTCATTGGGCC-1",0
"TGCGGGTGTAGAAAGG-1",1
"TGCGGGTGTCACCTAA-1",1
"TGCGGGTGTCAGATAA-1",0
"TGCGGGTGTTAGAACA-1",0
"TGCGGGTTCAGTTCGA-1",0
"TGCGGGTTCGTAGATC-1",2
"TGCGGGTTCTCTTGAT-1",1
"TGCGTGGAGACGCAAC-1",0
"TGCGTGGAGACTGGGT-1",1
"TGCGTGGAGTGAACGC-1",2
"TGCGTGGCAATTCCTT-1",2
"TGCGTGGGTGCACCAC-1",1
"TGCGTGGTCCGCGCAA-1",2
"TGCGTGGTCGCCCTTA-1",3
"TGCGTGGTCTGGCGAC-1",0
"TGCTACCAGAAAGTGG-1",0
"TGCTACCAGATGGCGT-1",0
"TGCTACCAGCAAATCA-1",3
"TGCTACCAGTCCGTAT-1",1
"TGCTACCCAAGAGGCT-1",0
"TGCTACCCACTTAACG-1",1
"TGCTACCCATCGTCGG-1",0
"TGCTACCCATGGTTGT-1",0
"TGCTACCGTGTGACGA-1",1
"TGCTACCTCCTCGCAT-1",2
"TGCTACCTCTTCTGGC-1",0
"TGCTGCTAGACTAAGT-1",0
"TGCTGCTAGGTGATAT-1",2
"TGCTGCTCAATAGAGT-1",0
"TGCTGCTCACAGACAG-1",2
"TGCTGCTCATCCCATC-1",0
"TGCTGCTCATGGTTGT-1",3
"TGCTGCTGTCATACTG-1",0
"TGCTGCTGTGAAGGCT-1",0
"TGCTGCTTCATTGCGA-1",2
"TGGACGCAGAGGTACC-1",1
"TGGACGCAGTCAAGGC-1",0
"TGGACGCCACAGAGGT-1",1
"TGGACGCCATGGTAGG-1",3
"TGGACGCGTCCGAACC-1",2
"TGGACGCGTCTCCCTA-1",1
"TGGCCAGAGAAGGTGA-1",2
"TGGCCAGAGAGTACAT-1",0
"TGGCCAGAGGCGATAC-1",2
"TGGCCAGAGGCGTACA-1",0
"TGGCCAGCAACTGCGC-1",0
"TGGCCAGCACGACTCG-1",1
"TGGCCAGGTCAATACC-1",4
"TGGCCAGTCGTAGATC-1",2
"TGGCCAGTCTATCCCG-1",5
"TGGCGCAAGCTACCTA-1",0
"TGGCGCAAGCTATGCT-1",1
"TGGCGCAAGTGTGGCA-1",1
"TGGCGCAAGTTACCCA-1",4
"TGGCGCACACAGGCCT-1",0
"TGGCGCACACGGATAG-1",2
"TGGCGCACAGCGATCC-1",0
"TGGCGCACATAGGATA-1",0
"TGGCGCACATATACGC-1",0
"TGGCGCAGTACTCTCC-1",0
"TGGCGCAGTGGACGAT-1",2
"TGGCGCAGTTATGTGC-1",1
"TGGCGCATCAAGAAGT-1",0
"TGGCGCATCATGCTCC-1",0
"TGGCGCATCATGTGGT-1",1
"TGGCGCATCATTATCC-1",2
"TGGCGCATCGTGGTCG-1",1
"TGGCTGGAGCGGATCA-1",1
"TGGCTGGAGTGCAAGC-1",3
"TGGCTGGCAAGTTAAG-1",0
"TGGCTGGCACGGATAG-1",0
"TGGCTGGCAGGAACGT-1",0
"TGGCTGGGTCGAGTTT-1",0
"TGGCTGGGTCGGCATC-1",1
"TGGCTGGGTCTAGCCG-1",0
"TGGCTGGGTTACGCGC-1",1
"TGGCTGGGTTGGACCC-1",2
"TGGCTGGTCTCGTTTA-1",0
"TGGGAAGAGATATACG-1",0
"TGGGAAGAGCCCAATT-1",1
"TGGGAAGAGCGCTCCA-1",1
"TGGGAAGAGGGCTTCC-1",0
"TGGGAAGAGTAAGTAC-1",7
"TGGGAAGAGTTAACGA-1",0
"TGGGAAGCAAGGTGTG-1",0
"TGGGAAGCAGATCCAT-1",2
"TGGGAAGCAGCGAACA-1",1
"TGGGAAGGTAAGTTCC-1",0
"TGGGAAGGTTAGATGA-1",2
"TGGGAAGGTTATTCTC-1",5
"TGGGAAGTCCCAAGAT-1",0
"TGGGAAGTCCTTCAAT-1",2
"TGGGAAGTCGTGGACC-1",1
"TGGGAAGTCTCCTATA-1",1
"TGGGCGTAGTCTCCTC-1",0
"TGGGCGTCAGACGTAG-1",0
"TGGGCGTCAGGGATTG-1",0
"TGGGCGTGTCCAAGTT-1",1
"TGGGCGTGTCTAGAGG-1",2
"TGGGCGTGTGGCTCCA-1",4
"TGGGCGTGTTTCGCTC-1",0
"TGGGCGTTCAGCTTAG-1",1
"TGGTTAGAGCTACCTA-1",1
"TGGTTAGAGTTAGGTA-1",0
"TGGTTAGGTGATGATA-1",1
"TGGTTAGGTTCACGGC-1",0
"TGGTTAGTCCCGACTT-1",1
"TGGTTAGTCTTGTATC-1",1
"TGGTTCCAGCCGTCGT-1",0
"TGGTTCCAGTAATCCC-1",0
"TGGTTCCCAAGTTGTC-1",8
"TGGTTCCCAGACAAAT-1",1
"TGGTTCCCAGACAGGT-1",0
"TGGTTCCCAGCTCGAC-1",3
"TGGTTCCCATGTCCTC-1",2
"TGGTTCCCATTTCACT-1",1
"TGGTTCCGTCCAAGTT-1",1
"TGGTTCCTCACATACG-1",0
"TGGTTCCTCAGCTTAG-1",2
"TGGTTCCTCTAACTTC-1",0
"TGGTTCCTCTAGAGTC-1",1
"TGGTTCCTCTGGGCCA-1",0
"TGTATTCAGCCCGAAA-1",1
"TGTATTCAGCGATCCC-1",1
"TGTATTCCAGGGCATA-1",0
"TGTATTCGTAAGAGAG-1",1
"TGTATTCGTTTGTTTC-1",0
"TGTATTCTCAGCATGT-1",1
"TGTATTCTCATCTGTT-1",3
"TGTCCCAAGCAGATCG-1",3
"TGTCCCAAGCTAGTTC-1",0
"TGTCCCAAGCTGAACG-1",3
"TGTCCCAAGTTGTCGT-1",2
"TGTCCCACAGTAAGCG-1",0
"TGTCCCACATCACGTA-1",0
"TGTCCCAGTAAGAGGA-1",1
"TGTCCCAGTAAGTGGC-1",0
"TGTCCCAGTCGGATCC-1",1
"TGTCCCAGTCTCTTTA-1",0
"TGTCCCATCATTTGGG-1",1
"TGTCCCATCTGCAAGT-1",0
"TGTCCCATCTGCGTAA-1",0
"TGTGGTAGTCCCGACA-1",1
"TGTGGTAGTGTGAAAT-1",2
"TGTGGTAGTGTGACGA-1",0
"TGTGGTATCCAGGGCT-1",1
"TGTGGTATCTTGCATT-1",2
"TGTGTTTAGAGGTTAT-1",1
"TGTGTTTAGCGTGAGT-1",0
"TGTGTTTAGTGCGTGA-1",1
"TGTGTTTCATGCGCAC-1",0
"TGTGTTTTCTCATTCA-1",0
"TGTGTTTTCTTTCCTC-1",0
"TGTTCCGAGAGCAATT-1",1
"TGTTCCGAGCAACGGT-1",1
"TGTTCCGAGGAATTAC-1",0
"TGTTCCGAGGACTGGT-1",1
"TGTTCCGCAGTGAGTG-1",1
"TGTTCCGGTGAGTATA-1",0
"TGTTCCGTCAAGCCTA-1",3
"TGTTCCGTCAGTTCGA-1",1
"TGTTCCGTCGGCGGTT-1",0
"TGTTCCGTCTGAAAGA-1",1
"TGTTCCGTCTGGTATG-1",0
"TTAACTCAGTGTACGG-1",1
"TTAACTCCAAGCGCTC-1",1
"TTAACTCCAGGCAGTA-1",0
"TTAACTCGTTCCACAA-1",1
"TTAACTCTCATAAAGG-1",0
"TTAACTCTCCCTCAGT-1",0
"TTAGGACAGCAGGCTA-1",1
"TTAGGACAGCTCTCGG-1",1
"TTAGGACCAAGCCATT-1",2
"TTAGGACCAGTCAGAG-1",1
"TTAGGACGTTTGTTTC-1",2
"TTAGGCAAGAAGATTC-1",1
"TTAGGCAAGAGCCCAA-1",0
"TTAGGCAAGAGTGACC-1",1
"TTAGGCAAGGTTCCTA-1",1
"TTAGGCAAGTCGTTTG-1",1
"TTAGGCAAGTGTACCT-1",0
"TTAGGCACAGACGCTC-1",0
"TTAGGCACATGTTCCC-1",0
"TTAGGCAGTAAGGATT-1",1
"TTAGGCAGTAAGTAGT-1",3
"TTAGGCAGTCTTGATG-1",0
"TTAGGCATCACGCATA-1",2
"TTAGGCATCAGTCAGT-1",0
"TTAGGCATCCAGTATG-1",1
"TTAGGCATCGTTACGA-1",0
"TTAGTTCAGGTGCAAC-1",1
"TTAGTTCCAATGTAAG-1",1
"TTAGTTCCATCCTTGC-1",1
"TTAGTTCGTAGCCTAT-1",0
"TTAGTTCGTGCAGACA-1",1
"TTAGTTCGTGTCAATC-1",2
"TTAGTTCGTTGCCTCT-1",7
"TTAGTTCTCAGGCCCA-1",0
"TTAGTTCTCGCAGGCT-1",2
"TTAGTTCTCTACTATC-1",1
"TTATGCTAGAATGTGT-1",0
"TTATGCTAGCACACAG-1",0
"TTATGCTAGCAGCCTC-1",1
"TTATGCTAGTCCCACG-1",2
"TTATGCTAGTGGTAAT-1",0
"TTATGCTCAGCCAGAA-1",0
"TTATGCTCATACCATG-1",1
"TTATGCTCATGTAGTC-1",1
"TTATGCTGTCCGAGTC-1",0
"TTATGCTTCGATAGAA-1",1
"TTCCCAGAGAATTCCC-1",1
"TTCCCAGAGACTAGAT-1",1
"TTCCCAGAGTATCGAA-1",2
"TTCCCAGCAGATGGGT-1",2
"TTCCCAGCATCAGTAC-1",1
"TTCCCAGCATCTCCCA-1",0
"TTCCCAGCATTACCTT-1",0
"TTCCCAGTCAACACTG-1",1
"TTCCCAGTCGAGAGCA-1",0
"TTCGAAGAGTCTCAAC-1",0
"TTCGAAGCAAGCGCTC-1",0
"TTCGAAGCACATTAGC-1",3
"TTCGAAGCACGGTGTC-1",1
"TTCGGTCAGAGGACGG-1",0
"TTCGGTCAGCACACAG-1",0
"TTCGGTCAGGCCCTCA-1",1
"TTCGGTCAGTGAATTG-1",0
"TTCGGTCAGTTGAGAT-1",4
"TTCGGTCCAAGGGTCA-1",1
"TTCGGTCCACGTCAGC-1",0
"TTCGGTCGTAACGTTC-1",0
"TTCGGTCGTAGAGTGC-1",3
"TTCGGTCGTTCATGGT-1",0
"TTCGGTCGTTCTGTTT-1",1
"TTCGGTCTCAAAGACA-1",1
"TTCGGTCTCCAGTATG-1",1
"TTCGGTCTCGCGTTTC-1",1
"TTCGGTCTCGTCTGAA-1",2
"TTCTACAAGACTAAGT-1",7
"TTCTACAAGCAGCCTC-1",1
"TTCTACAAGCCTTGAT-1",0
"TTCTACAAGGCAGGTT-1",0
"TTCTACAAGGTAAACT-1",0
"TTCTACAAGTTAGGTA-1",3
"TTCTACACACGTGAGA-1",2
"TTCTACACAGCTGTTA-1",2
"TTCTACACATCGATTG-1",2
"TTCTACACATTACGAC-1",1
"TTCTACAGTACCGTTA-1",2
"TTCTACAGTATATGAG-1",2
"TTCTACAGTGGCTCCA-1",0
"TTCTACATCAACGGGA-1",0
"TTCTACATCCGCGTTT-1",1
"TTCTCAAAGAAAGTGG-1",1
"TTCTCAAAGAATCTCC-1",6
"TTCTCAAAGAGGTTAT-1",1
"TTCTCAAAGCAGCCTC-1",0
"TTCTCAAAGCCGCCTA-1",0
"TTCTCAAAGTCAATAG-1",0
"TTCTCAAAGTTGAGAT-1",4
"TTCTCAACACCCAGTG-1",2
"TTCTCAACATTGTGCA-1",4
"TTCTCAAGTATAAACG-1",1
"TTCTCAAGTCCCTTGT-1",0
"TTCTCAAGTCGAGATG-1",0
"TTCTCAATCATCGCTC-1",2
"TTCTCAATCCCTAACC-1",1
"TTCTCAATCGTAGGAG-1",0
"TTCTCCTAGAGTAAGG-1",2
"TTCTCCTAGCGACGTA-1",3
"TTCTCCTAGCGTGAGT-1",2
"TTCTCCTAGTCTCGGC-1",1
"TTCTCCTCAACACGCC-1",1
"TTCTCCTCAATAACGA-1",2
"TTCTCCTGTTAAGAAC-1",2
"TTCTCCTTCAGTTCGA-1",0
"TTCTCCTTCCGTAGGC-1",2
"TTCTCCTTCCTTTCTC-1",2
"TTCTCCTTCTGCAAGT-1",1
"TTCTCCTTCTTCAACT-1",1
"TTCTCCTTCTTGTACT-1",5
"TTCTTAGAGGACTGGT-1",2
"TTCTTAGCAAGGTGTG-1",0
"TTCTTAGCATCGGAAG-1",3
"TTCTTAGGTAGAAGGA-1",1
"TTCTTAGGTCATATGC-1",0
"TTCTTAGTCAGTTCGA-1",3
"TTGAACGGTCACTTCC-1",2
"TTGAACGTCATGTCCC-1",1
"TTGACTTAGCCACGTC-1",0
"TTGACTTAGCGACGTA-1",5
"TTGACTTAGTTAACGA-1",0
"TTGACTTCACTTACGA-1",1
"TTGACTTGTCTCTCTG-1",2
"TTGACTTGTGCGATAG-1",1
"TTGACTTTCCAGAGGA-1",2
"TTGACTTTCTGTCCGT-1",1
"TTGCCGTAGGAGCGTT-1",1
"TTGCCGTAGGTGGGTT-1",1
"TTGCCGTCATGGTCAT-1",3
"TTGCCGTGTACAGACG-1",0
"TTGCGTCAGACAGAGA-1",0
"TTGCGTCAGCTCCTTC-1",0
"TTGCGTCAGTCCATAC-1",3
"TTGCGTCAGTGAATTG-1",1
"TTGCGTCCAAATTGCC-1",0
"TTGCGTCCACTGTGTA-1",1
"TTGCGTCCAGTCACTA-1",0
"TTGCGTCGTCTGATTG-1",1
"TTGGAACAGCCCAATT-1",0
"TTGGAACAGCGTCTAT-1",3
"TTGGAACAGGCGTACA-1",0
"TTGGAACGTATTACCG-1",3
"TTGGAACGTGTGTGCC-1",0
"TTGGAACTCCCATTAT-1",1
"TTGGAACTCCGTAGTA-1",2
"TTGGAACTCGTCCAGG-1",1
"TTGGCAAAGTTAGGTA-1",5
"TTGGCAAGTATAGGTA-1",3
"TTGGCAATCACATGCA-1",1
"TTGGCAATCAGAGCTT-1",1
"TTGGCAATCGCATGAT-1",0
"TTGGCAATCTAGAGTC-1",2
"TTGTAGGAGGTGCTAG-1",0
"TTGTAGGCACACGCTG-1",1
"TTGTAGGGTCTCCCTA-1",1
"TTGTAGGGTGGTAACG-1",2
"TTGTAGGTCGGCGCTA-1",3
"TTGTAGGTCTGCCAGG-1",1
"TTTACTGAGATCACGG-1",0
"TTTACTGCAAAGCAAT-1",0
"TTTACTGCACATGGGA-1",1
"TTTACTGCACCACGTG-1",1
"TTTACTGCATGGGACA-1",0
"TTTACTGCATGTCCTC-1",1
"TTTACTGGTAACGTTC-1",1
"TTTACTGGTGGTGTAG-1",1
"TTTACTGGTTCGCTAA-1",2
"TTTACTGTCTGGAGCC-1",2
"TTTATGCAGACTGTAA-1",0
"TTTATGCAGATGCGAC-1",0
"TTTATGCAGGCAAAGA-1",2
"TTTATGCAGGCCCGTT-1",1
"TTTATGCAGTTCCACA-1",1
"TTTATGCCAAACGCGA-1",1
"TTTATGCCAATCTGCA-1",4
"TTTATGCCACAGGTTT-1",0
"TTTATGCCAGCCAATT-1",0
"TTTATGCCAGGTCGTC-1",4
"TTTATGCCATGGTCAT-1",0
"TTTATGCTCACATAGC-1",0
"TTTATGCTCACCTTAT-1",2
"TTTATGCTCGGCGGTT-1",0
"TTTATGCTCTCGCTTG-1",1
"TTTCCTCAGCGTGAAC-1",1
"TTTCCTCAGGACTGGT-1",2
"TTTCCTCCAAAGTGCG-1",1
"TTTCCTCCAGGAATGC-1",0
"TTTCCTCCATTAGCCA-1",0
"TTTCCTCGTCCGAAGA-1",1
"TTTCCTCGTCGCTTTC-1",2
"TTTCCTCTCGGCCGAT-1",3
"TTTCCTCTCGTGTAGT-1",1
"TTTGCGCAGCTAAACA-1",0
"TTTGCGCAGCTAGTCT-1",0
"TTTGCGCAGGCCGAAT-1",3
"TTTGCGCAGTCAAGGC-1",0
"TTTGCGCCAAGTAGTA-1",1
"TTTGCGCCAGGTGCCT-1",1
"TTTGCGCGTCTAAACC-1",0
"TTTGCGCTCAAAGTAG-1",2
"TTTGCGCTCATGTAGC-1",1
"TTTGGTTAGAATGTGT-1",0
"TTTGGTTAGACAATAC-1",1
"TTTGGTTAGCGATTCT-1",1
"TTTGGTTAGGCTCAGA-1",1
"TTTGGTTAGTTACCCA-1",0
"TTTGGTTCAAACTGCT-1",3
"TTTGGTTCAAGCTGTT-1",2
"TTTGGTTCAGATCGGA-1",2
"TTTGGTTCATCACAAC-1",0
"TTTGGTTGTACTTCTT-1",3
"TTTGGTTGTATGCTTG-1",3
"TTTGGTTGTGCTTCTC-1",0
"TTTGGTTTCATGCTCC-1",1
"TTTGGTTTCCCTGACT-1",1
"TTTGTCAAGAGTCGGT-1",0
"TTTGTCACAAGTTCTG-1",0
"TTTGTCACAAGTTGTC-1",0
"TTTGTCACACTCTGTC-1",0
"TTTGTCATCACCTTAT-1",0
"TTTGTCATCCATTCTA-1",3
"TTTGTCATCCTTAATC-1",1
"TTTGTCATCTTATCTG-1",1
