"cell_barcode","expression"
"AAACCTGAGACAGAGA-1",3
"AAACCTGAGACTTTCG-1",1
"AAACCTGAGAGTAAGG-1",2
"AAACCTGAGAGTCGGT-1",2
"AAACCTGAGGATGGAA-1",0
"AAACCTGAGTAGATGT-1",2
"AAACCTGCAATCAGAA-1",0
"AAACCTGCACCGATAT-1",3
"AAACCTGCAGACGTAG-1",3
"AAACCTGCAGTATCTG-1",0
"AAACCTGCATAGTAAG-1",0
"AAACCTGCATGAACCT-1",3
"AAACCTGGTAAGAGGA-1",0
"AAACCTGGTCCAACTA-1",1
"AAACCTGTCCGTAGTA-1",1
"AAACCTGTCGAGAGCA-1",1
"AAACGGGAGTACGACG-1",0
"AAACGGGCAAGGTTTC-1",3
"AAACGGGCACGTCAGC-1",0
"AAACGGGCAGCGTTCG-1",1
"AAACGGGGTAGCCTCG-1",3
"AAACGGGGTCTACCTC-1",1
"AAACGGGGTGCGGTAA-1",1
"AAACGGGGTTGTCGCG-1",4
"AAACGGGTCCATGAGT-1",0
"AAACGGGTCCCAACGG-1",0
"AAACGGGTCCCATTAT-1",1
"AAAGATGCAGTCAGCC-1",0
"AAAGATGCATCTACGA-1",0
"AAAGCAAAGCGTCTAT-1",1
"AAAGCAACATGTCGAT-1",0
"AAAGCAAGTAGCTGCC-1",0
"AAAGCAAGTAGGCATG-1",2
"AAAGCAAGTGCGCTTG-1",0
"AAAGCAAGTTATTCTC-1",0
"AAAGCAATCCGTAGTA-1",0
"AAAGTAGAGATGTGTA-1",5
"AAAGTAGAGTGGGCTA-1",5
"AAAGTAGGTATATGGA-1",0
"AAAGTAGGTGAGCGAT-1",4
"AAAGTAGGTTGAGGTG-1",2
"AAATGCCAGCCCTAAT-1",0
"AAATGCCAGCGTGTCC-1",2
"AAATGCCCAACACCTA-1",0
"AAATGCCGTAGGAGTC-1",1
"AAATGCCGTCTTTCAT-1",0
"AAATGCCGTGGTCCGT-1",4
"AAATGCCGTTCCCGAG-1",1
"AAATGCCTCATAGCAC-1",0
"AAATGCCTCGCTTAGA-1",1
"AACACGTAGAATTCCC-1",4
"AACACGTAGCCCTAAT-1",1
"AACACGTAGGGTGTGT-1",0
"AACACGTCACTGTCGG-1",0
"AACACGTCATCCCATC-1",2
"AACACGTGTGCAACGA-1",1
"AACACGTGTGTCGCTG-1",3
"AACCATGAGCGCTTAT-1",0
"AACCATGGTCCGTTAA-1",0
"AACCATGTCAGTTCGA-1",2
"AACCATGTCATCGATG-1",4
"AACCATGTCCCAAGTA-1",0
"AACCGCGAGAAGCCCA-1",4
"AACCGCGAGACTGGGT-1",0
"AACCGCGAGAGGTACC-1",1
"AACCGCGAGTTAGGTA-1",1
"AACCGCGAGTTGCAGG-1",3
"AACCGCGCACGGTAGA-1",5
"AACCGCGCAGCATGAG-1",0
"AACCGCGCAGCCTGTG-1",0
"AACCGCGCAGCTGTGC-1",2
"AACCGCGCAGTATGCT-1",0
"AACCGCGGTACTTGAC-1",0
"AACCGCGGTCTGCAAT-1",0
"AACCGCGTCACATGCA-1",0
"AACCGCGTCACCGTAA-1",1
"AACCGCGTCCAGAGGA-1",1
"AACCGCGTCCGAAGAG-1",2
"AACCGCGTCGATCCCT-1",0
"AACGTTGAGCGATAGC-1",0
"AACGTTGAGCGATCCC-1",0
"AACGTTGAGCTTATCG-1",0
"AACGTTGCAAGTTGTC-1",3
"AACGTTGCAATAGAGT-1",3
"AACGTTGCAATGGATA-1",0
"AACGTTGCATGGATGG-1",1
"AACGTTGCATTCTCAT-1",0
"AACGTTGTCAACACGT-1",1
"AACGTTGTCGAGGTAG-1",1
"AACGTTGTCGGTCCGA-1",5
"AACTCAGAGAGCTATA-1",0
"AACTCAGAGAGTCGGT-1",1
"AACTCAGAGCCACCTG-1",0
"AACTCAGAGCCCAATT-1",0
"AACTCAGCAAACAACA-1",0
"AACTCAGCACAAGCCC-1",0
"AACTCAGCACGGTTTA-1",3
"AACTCAGCAGGATCGA-1",1
"AACTCAGCATAAAGGT-1",0
"AACTCAGGTTCCACAA-1",10
"AACTCAGTCGTACCGG-1",0
"AACTCCCAGCCCAGCT-1",1
"AACTCCCAGCTAAGAT-1",3
"AACTCCCCAAACGCGA-1",0
"AACTCCCCATGGTCTA-1",6
"AACTCCCGTTGCGCAC-1",8
"AACTCCCTCAAGAAGT-1",5
"AACTCCCTCAAGCCTA-1",3
"AACTCCCTCATCGCTC-1",0
"AACTCCCTCTGCAGTA-1",4
"AACTCCCTCTGGCGTG-1",1
"AACTCTTAGCAGACTG-1",0
"AACTCTTAGTCCGGTC-1",1
"AACTCTTCATGCTAGT-1",1
"AACTCTTGTCGAATCT-1",2
"AACTCTTGTCGGGTCT-1",1
"AACTCTTTCCTCAATT-1",0
"AACTCTTTCTCAAACG-1",0
"AACTCTTTCTCCAGGG-1",5
"AACTCTTTCTCTGCTG-1",2
"AACTGGTAGAAGATTC-1",1
"AACTGGTAGAGACTAT-1",0
"AACTGGTAGCCAACAG-1",6
"AACTGGTAGTGTACTC-1",0
"AACTGGTCACTGAAGG-1",0
"AACTGGTGTCCGAACC-1",1
"AACTGGTTCGGAGCAA-1",0
"AACTGGTTCGTGGGAA-1",5
"AACTGGTTCTGCTTGC-1",4
"AACTTTCAGCGTGAAC-1",0
"AACTTTCAGTATCTCG-1",1
"AACTTTCAGTTTCCTT-1",0
"AACTTTCCATCCTTGC-1",2
"AACTTTCGTCTAGAGG-1",5
"AACTTTCGTCTCTTTA-1",2
"AACTTTCGTTTGTTTC-1",0
"AAGACCTAGGGCTTCC-1",2
"AAGACCTAGTACACCT-1",0
"AAGACCTGTATATGAG-1",1
"AAGACCTGTATCAGTC-1",2
"AAGACCTGTCCGTGAC-1",1
"AAGACCTGTCGAAAGC-1",0
"AAGACCTTCGCCATAA-1",1
"AAGCCGCAGATCTGAA-1",0
"AAGCCGCAGGGTGTTG-1",0
"AAGCCGCAGTGGACGT-1",0
"AAGCCGCAGTGTACTC-1",5
"AAGCCGCCACGCTTTC-1",1
"AAGCCGCCAGGACGTA-1",0
"AAGCCGCGTACAGTTC-1",0
"AAGCCGCGTCATTAGC-1",0
"AAGCCGCTCACGAAGG-1",4
"AAGCCGCTCAGTTAGC-1",0
"AAGCCGCTCGCAAACT-1",2
"AAGCCGCTCGTCGTTC-1",0
"AAGCCGCTCTTACCGC-1",1
"AAGGAGCAGAAACCGC-1",0
"AAGGAGCAGGCATGTG-1",1
"AAGGAGCAGGCGCTCT-1",1
"AAGGAGCAGTTGAGTA-1",2
"AAGGAGCCACGGCGTT-1",0
"AAGGAGCGTAGCGCAA-1",0
"AAGGAGCGTCTGCAAT-1",6
"AAGGAGCTCGTCTGCT-1",5
"AAGGCAGAGAACTGTA-1",2
"AAGGCAGAGAGATGAG-1",2
"AAGGCAGAGGTGATAT-1",0
"AAGGCAGCATAGTAAG-1",1
"AAGGCAGGTACTTCTT-1",0
"AAGGCAGGTGTGCCTG-1",1
"AAGGCAGTCAGATAAG-1",0
"AAGGCAGTCGGAATCT-1",0
"AAGGTTCAGTATCTCG-1",0
"AAGGTTCCATCACGTA-1",3
"AAGGTTCGTATATGGA-1",1
"AAGGTTCGTCCGAATT-1",3
"AAGGTTCGTCGACTAT-1",0
"AAGGTTCGTGTGACCC-1",4
"AAGGTTCTCCGTCATC-1",1
"AAGGTTCTCCTCGCAT-1",0
"AAGGTTCTCTGCGGCA-1",1
"AAGTCTGAGCCATCGC-1",0
"AAGTCTGAGTCAAGCG-1",4
"AAGTCTGCAAAGGAAG-1",1
"AAGTCTGGTCAGCTAT-1",2
"AAGTCTGTCAAACAAG-1",2
"AAGTCTGTCACTGGGC-1",0
"AAGTCTGTCAGCAACT-1",1
"AATCCAGCAAAGTGCG-1",1
"AATCCAGCAGCATACT-1",5
"AATCCAGGTAGGCATG-1",0
"AATCCAGGTCTCCCTA-1",3
"AATCCAGTCCGAATGT-1",3
"AATCGGTAGGCATGGT-1",1
"AATCGGTTCCTGTACC-1",0
"AATCGGTTCGCCGTGA-1",1
"ACACCAAAGATGAGAG-1",2
"ACACCAAAGCCCTAAT-1",2
"ACACCAAAGGATGGTC-1",0
"ACACCAAAGTGTCCAT-1",0
"ACACCAACACTTCGAA-1",1
"ACACCAACAGACGCTC-1",1
"ACACCAACAGCCTATA-1",1
"ACACCAAGTCGCGTGT-1",3
"ACACCAAGTCTAAACC-1",0
"ACACCAAGTTATGTGC-1",2
"ACACCAATCGCGTTTC-1",0
"ACACCCTAGCCAGGAT-1",5
"ACACCCTAGTACTTGC-1",3
"ACACCCTCAAGCGCTC-1",7
"ACACCCTCATCACAAC-1",11
"ACACCCTCATGCCCGA-1",2
"ACACCCTGTCTGGTCG-1",0
"ACACCCTTCCGCAAGC-1",3
"ACACCCTTCCTTGCCA-1",2
"ACACCCTTCTATCCTA-1",3
"ACACCCTTCTGGCGTG-1",2
"ACACCGGAGGCTCAGA-1",3
"ACACCGGAGTGACATA-1",2
"ACACCGGAGTTACCCA-1",0
"ACACCGGCAAGCCGTC-1",2
"ACACCGGCACCAGATT-1",2
"ACACCGGCACCGAAAG-1",3
"ACACCGGCATCACAAC-1",2
"ACACCGGTCCGCATAA-1",3
"ACACCGGTCTCGGACG-1",0
"ACACCGGTCTCTGTCG-1",1
"ACACTGAAGCACGCCT-1",4
"ACACTGAAGGTGATTA-1",1
"ACACTGACAATAGAGT-1",3
"ACACTGACAGACTCGC-1",2
"ACACTGACATCCAACA-1",1
"ACACTGAGTCCGAAGA-1",0
"ACACTGAGTGTTTGTG-1",2
"ACACTGAGTTTGACTG-1",0
"ACAGCCGAGGAATGGA-1",0
"ACAGCCGAGGCCCGTT-1",0
"ACAGCCGAGGTGCTTT-1",0
"ACAGCCGAGTGGTAGC-1",0
"ACAGCCGCATATACGC-1",1
"ACAGCCGCATGCAACT-1",0
"ACAGCCGGTAGGGTAC-1",0
"ACAGCCGGTCGAATCT-1",2
"ACAGCCGGTTCACCTC-1",0
"ACAGCCGGTTCCACTC-1",4
"ACAGCCGTCCAGAAGG-1",0
"ACAGCCGTCTTTACAC-1",0
"ACAGCTAAGCACCGCT-1",1
"ACAGCTAAGTATCTCG-1",2
"ACAGCTAAGTGTTGAA-1",1
"ACAGCTACATCGTCGG-1",1
"ACAGCTAGTCGACTAT-1",0
"ACAGCTAGTGGTACAG-1",1
"ACAGCTATCACCACCT-1",2
"ACAGCTATCTGCTTGC-1",0
"ACATACGAGAGCTTCT-1",2
"ACATACGAGCGTAGTG-1",2
"ACATACGAGCTTCGCG-1",0
"ACATACGAGCTTTGGT-1",0
"ACATACGCAAACGTGG-1",3
"ACATACGCAAGCCTAT-1",2
"ACATACGCATCTCCCA-1",2
"ACATACGCATTCTCAT-1",1
"ACATACGGTAGGAGTC-1",1
"ACATACGGTGCACCAC-1",0
"ACATACGGTGGTTTCA-1",7
"ACATACGTCGTATCAG-1",2
"ACATCAGAGCCACTAT-1",0
"ACATCAGAGCCTTGAT-1",0
"ACATCAGCAACACCCG-1",2
"ACATCAGCAACGATGG-1",0
"ACATCAGCAATTGCTG-1",4
"ACATCAGCACCGGAAA-1",0
"ACATCAGCATAAAGGT-1",3
"ACATCAGCATCCCACT-1",2
"ACATCAGCATTTGCCC-1",4
"ACATCAGGTAAGGATT-1",1
"ACATCAGGTCCGTGAC-1",5
"ACATCAGGTTAAGTAG-1",5
"ACATCAGTCAAACCGT-1",1
"ACATGGTAGCATGGCA-1",0
"ACATGGTAGCTGTTCA-1",6
"ACATGGTCACTTGGAT-1",2
"ACATGGTGTCAGATAA-1",1
"ACATGGTGTCTGCGGT-1",3
"ACATGGTGTGCAACTT-1",5
"ACATGGTTCCGCAAGC-1",0
"ACATGGTTCCTCCTAG-1",0
"ACATGGTTCTGGAGCC-1",2
"ACATGGTTCTTCTGGC-1",1
"ACCAGTAAGATCACGG-1",1
"ACCAGTAAGCTTCGCG-1",3
"ACCAGTACACAGATTC-1",0
"ACCAGTACACAGGCCT-1",2
"ACCAGTACAGTATGCT-1",0
"ACCAGTACAGTCAGAG-1",0
"ACCAGTACAGTTTACG-1",2
"ACCAGTAGTCACCCAG-1",2
"ACCAGTAGTCCATCCT-1",1
"ACCAGTAGTCTTCAAG-1",0
"ACCAGTAGTGGACGAT-1",0
"ACCAGTATCTGCGACG-1",1
"ACCAGTATCTGCTTGC-1",1
"ACCAGTATCTGTTTGT-1",0
"ACCCACTAGAGGTTAT-1",2
"ACCCACTAGATCCCGC-1",8
"ACCCACTAGATGTGTA-1",0
"ACCCACTAGCCCAATT-1",2
"ACCCACTCAAGGGTCA-1",0
"ACCCACTCAAGGTTCT-1",3
"ACCCACTGTAAATGAC-1",9
"ACCCACTGTAGCCTCG-1",1
"ACCCACTGTCAAAGAT-1",1
"ACCCACTGTCAATACC-1",0
"ACCCACTGTGTGGTTT-1",0
"ACCCACTTCGCAAACT-1",3
"ACCCACTTCTGCCAGG-1",0
"ACCGTAACAATCGGTT-1",8
"ACCGTAACAATCTACG-1",2
"ACCGTAACAGGTCCAC-1",1
"ACCGTAAGTACAGCAG-1",0
"ACCGTAAGTCATGCAT-1",7
"ACCGTAAGTGAGTGAC-1",0
"ACCGTAAGTTAAGAAC-1",0
"ACCGTAAGTTCCGTCT-1",2
"ACCGTAATCACATAGC-1",2
"ACCGTAATCATGTGGT-1",1
"ACCGTAATCTGAAAGA-1",0
"ACCTTTACAATCGGTT-1",0
"ACCTTTACACGGACAA-1",3
"ACCTTTACAGCAGTTT-1",4
"ACCTTTACATGCAACT-1",1
"ACCTTTACATTTCAGG-1",1
"ACCTTTAGTGAACCTT-1",1
"ACCTTTAGTTCCACTC-1",0
"ACCTTTATCTCTAGGA-1",2
"ACGAGCCAGGCAGGTT-1",0
"ACGAGCCCACAGGCCT-1",3
"ACGAGCCCATGGAATA-1",1
"ACGAGCCGTGCACGAA-1",0
"ACGAGCCGTGTGACCC-1",0
"ACGAGCCGTTGGTTTG-1",1
"ACGAGCCTCAGTCCCT-1",3
"ACGAGCCTCGCAAACT-1",1
"ACGAGGACACTACAGT-1",0
"ACGAGGACATGTAGTC-1",0
"ACGAGGAGTACACCGC-1",0
"ACGAGGAGTGCCTGCA-1",5
"ACGAGGAGTTCTGAAC-1",2
"ACGAGGATCTGCGGCA-1",0
"ACGATACAGAGTGACC-1",0
"ACGATACAGCGCCTTG-1",0
"ACGATACAGTGATCGG-1",0
"ACGATACCACGTTGGC-1",3
"ACGATACCATTGGGCC-1",0
"ACGATACGTCGAATCT-1",0
"ACGATACTCTGACCTC-1",3
"ACGATGTAGTGCGATG-1",1
"ACGATGTAGTTGAGAT-1",0
"ACGATGTCAACGCACC-1",0
"ACGATGTCACACGCTG-1",0
"ACGATGTGTATTCTCT-1",4
"ACGATGTGTCAGTGGA-1",0
"ACGATGTGTGACTACT-1",1
"ACGATGTGTGTCGCTG-1",3
"ACGATGTTCGCGTAGC-1",0
"ACGATGTTCTCTTATG-1",0
"ACGCAGCAGCGGCTTC-1",1
"ACGCAGCAGCTGCGAA-1",5
"ACGCAGCAGTGTACGG-1",1
"ACGCAGCCACCTCGTT-1",1
"ACGCAGCCATCGACGC-1",0
"ACGCAGCCATTACCTT-1",2
"ACGCAGCGTCCATGAT-1",1
"ACGCAGCGTCTACCTC-1",0
"ACGCAGCGTCTGGTCG-1",1
"ACGCAGCGTGCGATAG-1",0
"ACGCCAGCAAAGCAAT-1",1
"ACGCCAGCAACGCACC-1",5
"ACGCCAGCACGAGAGT-1",0
"ACGCCAGCAGTGAGTG-1",0
"ACGCCAGGTGCACTTA-1",0
"ACGCCAGGTGTGCGTC-1",0
"ACGCCAGTCACAGGCC-1",0
"ACGCCAGTCAGTGTTG-1",0
"ACGCCGAAGAAACGCC-1",1
"ACGCCGAAGATCTGCT-1",0
"ACGCCGACAGCCTGTG-1",0
"ACGCCGAGTTCCAACA-1",0
"ACGCCGATCCTATGTT-1",3
"ACGCCGATCGCAGGCT-1",2
"ACGCCGATCTTGTATC-1",4
"ACGGAGAAGCCAGTTT-1",0
"ACGGAGAAGGTCATCT-1",0
"ACGGAGACACACATGT-1",3
"ACGGAGACAGCCTGTG-1",0
"ACGGAGACAGCGTAAG-1",0
"ACGGAGACAGTAAGCG-1",1
"ACGGAGAGTGTGACGA-1",3
"ACGGAGATCCACGAAT-1",2
"ACGGCCACACATCCAA-1",0
"ACGGCCACACATTCGA-1",2
"ACGGCCAGTACCGTAT-1",0
"ACGGCCAGTGTATGGG-1",1
"ACGGCCATCACGGTTA-1",1
"ACGGCCATCAGTGTTG-1",7
"ACGGCCATCTACTATC-1",2
"ACGGGCTAGGATCGCA-1",0
"ACGGGCTAGGTTCCTA-1",0
"ACGGGCTAGTGGCACA-1",1
"ACGGGCTCATCTGGTA-1",1
"ACGGGCTGTGAGGCTA-1",0
"ACGGGCTTCCGAACGC-1",2
"ACGGGTCAGATGCCAG-1",2
"ACGGGTCCATGATCCA-1",1
"ACGGGTCCATTAGGCT-1",7
"ACGGGTCCATTTCACT-1",2
"ACGGGTCGTTAGGGTG-1",0
"ACGGGTCTCAACACCA-1",2
"ACGGGTCTCCACGCAG-1",0
"ACGTCAAAGGGCTTCC-1",0
"ACGTCAAAGTGGTAAT-1",0
"ACGTCAACAACTGCGC-1",0
"ACGTCAACACAAGACG-1",1
"ACGTCAAGTAGCTCCG-1",5
"ACGTCAAGTGTCGCTG-1",3
"ACGTCAAGTTATGCGT-1",1
"ACGTCAATCAACCAAC-1",0
"ACGTCAATCATAACCG-1",0
"ACGTCAATCCAGAAGG-1",1
"ACGTCAATCTAACTCT-1",1
"ACTATCTAGAGGTTAT-1",1
"ACTATCTAGATACACA-1",0
"ACTATCTAGGAGTAGA-1",6
"ACTATCTAGGCATGTG-1",2
"ACTATCTCAAATACAG-1",2
"ACTATCTCAAATTGCC-1",0
"ACTATCTGTAGGGACT-1",3
"ACTATCTGTCGCGTGT-1",3
"ACTATCTGTGCACGAA-1",0
"ACTATCTGTGGTTTCA-1",2
"ACTATCTTCGCCGTGA-1",1
"ACTGAACAGAGTGAGA-1",1
"ACTGAACAGATCCCGC-1",1
"ACTGAACAGGTGATAT-1",0
"ACTGAACCAAAGCGGT-1",4
"ACTGAACCAAGCGAGT-1",0
"ACTGAACCAATTCCTT-1",3
"ACTGAACCAGCTGGCT-1",1
"ACTGAACCAGTCTTCC-1",0
"ACTGAACCATTACCTT-1",0
"ACTGAACGTAAGCACG-1",4
"ACTGAACGTAATCGTC-1",4
"ACTGAACGTCCAGTAT-1",5
"ACTGAACGTCTGATCA-1",1
"ACTGAACTCCCACTTG-1",1
"ACTGAGTAGCCGGTAA-1",3
"ACTGAGTCAGTGGGAT-1",2
"ACTGAGTCATTTGCCC-1",2
"ACTGAGTGTAGAGCTG-1",1
"ACTGAGTGTTGTGGCC-1",2
"ACTGAGTTCAGGTTCA-1",1
"ACTGATGAGACAGACC-1",2
"ACTGATGAGCGGATCA-1",1
"ACTGATGAGGTGCTTT-1",0
"ACTGATGCAGCAGTTT-1",3
"ACTGATGCATCACAAC-1",0
"ACTGATGGTCATGCAT-1",1
"ACTGATGTCACAATGC-1",2
"ACTGATGTCACTCCTG-1",0
"ACTGATGTCCCTGACT-1",1
"ACTGATGTCCGCTGTT-1",0
"ACTGATGTCCGGCACA-1",2
"ACTGATGTCCTATTCA-1",2
"ACTGCTCAGAGCTTCT-1",3
"ACTGCTCAGATGCCTT-1",2
"ACTGCTCCACACCGCA-1",0
"ACTGCTCCAGATGGGT-1",1
"ACTGCTCCATGCCTAA-1",0
"ACTGCTCGTAGGCATG-1",0
"ACTGCTCGTATCACCA-1",0
"ACTGCTCGTCCGAAGA-1",2
"ACTGCTCTCCGAGCCA-1",1
"ACTGTCCAGAGGGCTT-1",1
"ACTGTCCAGCAGCGTA-1",0
"ACTGTCCAGGCATGGT-1",0
"ACTGTCCCAAGGTTTC-1",3
"ACTGTCCCAAGTACCT-1",3
"ACTGTCCCAGTATCTG-1",3
"ACTGTCCCATAGAAAC-1",3
"ACTGTCCGTTGAGGTG-1",4
"ACTGTCCTCCACGTGG-1",1
"ACTGTCCTCCTTGGTC-1",0
"ACTGTCCTCTCTGTCG-1",1
"ACTTACTAGCGATAGC-1",2
"ACTTACTAGGGATGGG-1",2
"ACTTACTCACAGACAG-1",0
"ACTTACTCACATTTCT-1",1
"ACTTACTGTACTCAAC-1",2
"ACTTACTGTTCCACAA-1",7
"ACTTACTTCATCGGAT-1",0
"ACTTGTTAGACAAGCC-1",0
"ACTTGTTAGCTAGCCC-1",0
"ACTTGTTAGTTACCCA-1",5
"ACTTGTTCACGACGAA-1",2
"ACTTGTTCACGGCTAC-1",1
"ACTTGTTGTATCGCAT-1",0
"ACTTGTTGTGGTAACG-1",1
"ACTTGTTGTTGTGGAG-1",0
"ACTTGTTTCATCACCC-1",4
"ACTTTCACATGGTCAT-1",0
"ACTTTCAGTGACTACT-1",2
"ACTTTCATCGCCAGCA-1",1
"AGAATAGAGCTGAACG-1",1
"AGAATAGAGCTGTCTA-1",0
"AGAATAGAGGTAGCTG-1",1
"AGAATAGCATGGTCTA-1",3
"AGAATAGGTAATCGTC-1",0
"AGAATAGGTATTCTCT-1",5
"AGAATAGGTGCGGTAA-1",1
"AGAATAGGTTAAGAAC-1",1
"AGAATAGTCAGGCCCA-1",2
"AGACGTTAGAATGTGT-1",0
"AGACGTTAGCTCCTCT-1",3
"AGACGTTAGTGCCAGA-1",3
"AGACGTTCAGGATCGA-1",0
"AGACGTTGTAGCTGCC-1",1
"AGACGTTGTCTGCAAT-1",0
"AGACGTTGTTCTGTTT-1",2
"AGACGTTTCGCATGGC-1",1
"AGACGTTTCGCTTAGA-1",2
"AGAGCGACAACTTGAC-1",1
"AGAGCGACAAGTACCT-1",0
"AGAGCGACACAACGTT-1",2
"AGAGCGACATGAGCGA-1",0
"AGAGCGAGTCAGTGGA-1",0
"AGAGCGAGTCGACTGC-1",5
"AGAGCGAGTTGAGTTC-1",0
"AGAGCGATCGCGTAGC-1",0
"AGAGCGATCTATCCTA-1",3
"AGAGCGATCTCGCTTG-1",0
"AGAGCTTAGCCGTCGT-1",0
"AGAGCTTAGTACACCT-1",0
"AGAGCTTAGTCATGCT-1",0
"AGAGCTTGTAGAGCTG-1",0
"AGAGCTTGTATCACCA-1",0
"AGAGCTTTCACTATTC-1",2
"AGAGCTTTCCTGCAGG-1",0
"AGAGCTTTCGCAAACT-1",0
"AGAGCTTTCGCTTAGA-1",0
"AGAGTGGAGAGCCTAG-1",6
"AGAGTGGAGGCCCTTG-1",1
"AGAGTGGAGGTACTCT-1",1
"AGAGTGGCACAAGACG-1",1
"AGAGTGGCACCTCGTT-1",1
"AGAGTGGCATCCGGGT-1",0
"AGAGTGGCATCTGGTA-1",2
"AGAGTGGGTCAGCTAT-1",0
"AGAGTGGGTCCTCCAT-1",6
"AGAGTGGGTCTAGTCA-1",3
"AGAGTGGGTTACCGAT-1",0
"AGATCTGAGGTGGGTT-1",1
"AGATCTGAGTCAAGGC-1",0
"AGATCTGCAATGTTGC-1",2
"AGATCTGTCGAATCCA-1",13
"AGATCTGTCTGCAGTA-1",3
"AGATTGCAGGCTACGA-1",0
"AGATTGCCACGACGAA-1",2
"AGATTGCCAGATGGGT-1",8
"AGATTGCGTAGAGCTG-1",1
"AGATTGCGTGATGTCT-1",0
"AGATTGCGTGTTCGAT-1",9
"AGATTGCGTTCACGGC-1",0
"AGATTGCTCACTGGGC-1",7
"AGATTGCTCATCTGTT-1",1
"AGCAGCCAGCTGATAA-1",3
"AGCAGCCCACCGAAAG-1",5
"AGCAGCCGTCGACTGC-1",1
"AGCAGCCGTCGCTTTC-1",2
"AGCAGCCGTCTAACGT-1",3
"AGCAGCCGTGTGAAAT-1",0
"AGCAGCCGTTTGTTGG-1",0
"AGCAGCCTCCAAACAC-1",1
"AGCATACAGTGGTAGC-1",4
"AGCATACAGTTGTCGT-1",5
"AGCATACGTCTTCTCG-1",2
"AGCATACGTTAAGTAG-1",3
"AGCATACTCCGTTGCT-1",5
"AGCCTAAAGATATGGT-1",2
"AGCCTAACAAAGCGGT-1",0
"AGCCTAACAGATAATG-1",3
"AGCCTAAGTACGAAAT-1",1
"AGCCTAAGTCACCTAA-1",1
"AGCCTAAGTGTGCCTG-1",0
"AGCCTAATCACCCGAG-1",0
"AGCCTAATCCAATGGT-1",2
"AGCCTAATCCTTGGTC-1",1
"AGCCTAATCTGTGCAA-1",2
"AGCCTAATCTGTTTGT-1",0
"AGCGGTCAGCGAAGGG-1",4
"AGCGGTCAGGTACTCT-1",1
"AGCGGTCAGTGACTCT-1",0
"AGCGGTCCAGCCTTGG-1",2
"AGCGGTCGTCCTAGCG-1",4
"AGCGGTCGTGGTGTAG-1",0
"AGCGGTCGTTAAGGGC-1",4
"AGCGGTCGTTTGCATG-1",0
"AGCGGTCTCCGAAGAG-1",0
"AGCGGTCTCCTCAATT-1",1
"AGCGGTCTCTGGGCCA-1",1
"AGCGTATAGAACTGTA-1",2
"AGCGTATAGCGATGAC-1",2
"AGCGTATAGGTACTCT-1",0
"AGCGTATGTTGAGGTG-1",0
"AGCGTATTCCAGAGGA-1",0
"AGCGTCGAGTTGAGTA-1",2
"AGCGTCGCAGGGATTG-1",0
"AGCGTCGTCTGAAAGA-1",0
"AGCTCCTAGACCTAGG-1",0
"AGCTCCTAGCGTTTAC-1",1
"AGCTCCTGTGTTTGTG-1",0
"AGCTCCTGTTGTCTTT-1",0
"AGCTCCTTCCGAATGT-1",0
"AGCTCCTTCTTGACGA-1",1
"AGCTCTCAGCGGATCA-1",1
"AGCTCTCAGCTGTTCA-1",2
"AGCTCTCAGGTGCTAG-1",4
"AGCTCTCCATACAGCT-1",0
"AGCTCTCGTCAGAGGT-1",1
"AGCTCTCGTGGGTCAA-1",1
"AGCTCTCTCACAACGT-1",0
"AGCTCTCTCTTGACGA-1",9
"AGCTTGAAGCATCATC-1",2
"AGCTTGAAGTAGCGGT-1",1
"AGCTTGAAGTTGTCGT-1",0
"AGCTTGACAATCCAAC-1",0
"AGCTTGACACCGATAT-1",1
"AGCTTGAGTCTACCTC-1",2
"AGCTTGAGTGCGCTTG-1",0
"AGCTTGAGTTACGCGC-1",0
"AGCTTGATCCTGCCAT-1",0
"AGCTTGATCTGCAAGT-1",1
"AGGCCACAGAGTAAGG-1",0
"AGGCCACAGGGTCTCC-1",2
"AGGCCACAGTACTTGC-1",0
"AGGCCACCAGGACCCT-1",1
"AGGCCACCATCAGTCA-1",0
"AGGCCACTCATGCTCC-1",5
"AGGCCACTCATGGTCA-1",1
"AGGCCACTCATTGCGA-1",3
"AGGCCGTAGGATCGCA-1",1
"AGGCCGTCACGTAAGG-1",1
"AGGCCGTCAGCTCGAC-1",1
"AGGCCGTCATCGTCGG-1",4
"AGGCCGTTCACGGTTA-1",0
"AGGCCGTTCGAACTGT-1",4
"AGGCCGTTCTCAAGTG-1",0
"AGGCCGTTCTGCTTGC-1",2
"AGGGAGTAGCCCAACC-1",2
"AGGGAGTAGGAGTACC-1",2
"AGGGAGTAGGCAGGTT-1",0
"AGGGAGTCACGAGAGT-1",0
"AGGGAGTCAGAAGCAC-1",0
"AGGGAGTCAGATCCAT-1",2
"AGGGAGTCATCGACGC-1",0
"AGGGAGTCATGCTAGT-1",4
"AGGGAGTGTCCATGAT-1",0
"AGGGAGTTCATAACCG-1",1
"AGGGATGAGCTCTCGG-1",1
"AGGGATGAGGAGTAGA-1",1
"AGGGATGAGTAGCGGT-1",1
"AGGGATGCAATGAATG-1",0
"AGGGATGCAATGGAGC-1",1
"AGGGATGCACAAGACG-1",6
"AGGGATGCACATTTCT-1",0
"AGGGATGCATGGTCTA-1",2
"AGGGATGGTTAAAGTG-1",1
"AGGGATGGTTATGCGT-1",0
"AGGGATGTCGTGACAT-1",4
"AGGGTGAAGATGGCGT-1",0
"AGGGTGAAGATGGGTC-1",1
"AGGGTGAAGGCTCAGA-1",6
"AGGGTGACACGAGAGT-1",1
"AGGGTGACAGATGGCA-1",0
"AGGGTGACAGATTGCT-1",1
"AGGGTGAGTACTCTCC-1",1
"AGGGTGAGTTATCGGT-1",0
"AGGGTGAGTTCTGAAC-1",5
"AGGGTGATCTCGCTTG-1",2
"AGGTCATAGAGCCCAA-1",0
"AGGTCATAGCCAGAAC-1",5
"AGGTCATAGGCATGGT-1",0
"AGGTCATAGGGAGTAA-1",2
"AGGTCATCACTCAGGC-1",9
"AGGTCATCACTCTGTC-1",0
"AGGTCATGTTCCACTC-1",16
"AGGTCATTCTCGTTTA-1",0
"AGGTCCGAGGATGCGT-1",0
"AGGTCCGCAACACGCC-1",0
"AGGTCCGGTGATGCCC-1",3
"AGGTCCGTCCATGAAC-1",5
"AGGTCCGTCGCCCTTA-1",0
"AGGTCCGTCTGCGTAA-1",4
"AGTAGTCAGACTGTAA-1",0
"AGTAGTCAGTACGACG-1",1
"AGTAGTCAGTTTAGGA-1",2
"AGTAGTCCAACTGGCC-1",0
"AGTAGTCGTGCAGACA-1",0
"AGTAGTCTCACCCGAG-1",1
"AGTCTTTAGGCAGTCA-1",0
"AGTCTTTCAAATCCGT-1",0
"AGTCTTTCATATACCG-1",1
"AGTCTTTGTGCTTCTC-1",1
"AGTCTTTGTGTCCTCT-1",5
"AGTCTTTGTTTGTTTC-1",0
"AGTCTTTTCGCAGGCT-1",3
"AGTCTTTTCGCGTAGC-1",0
"AGTCTTTTCGCTAGCG-1",0
"AGTCTTTTCGCTTGTC-1",2
"AGTCTTTTCTGACCTC-1",0
"AGTGAGGAGATAGCAT-1",1
"AGTGAGGCAGGTGCCT-1",0
"AGTGAGGGTATGAAAC-1",2
"AGTGAGGGTCACTTCC-1",1
"AGTGAGGGTCGCGAAA-1",0
"AGTGAGGGTTATGTGC-1",2
"AGTGAGGTCTACTATC-1",5
"AGTGGGAAGCAGACTG-1",0
"AGTGGGACAAACGCGA-1",1
"AGTGGGACAAGCCGTC-1",5
"AGTGGGACACAGGAGT-1",0
"AGTGGGACACGAGAGT-1",0
"AGTGGGATCATCGATG-1",3
"AGTGGGATCCACGAAT-1",1
"AGTGGGATCCTGCAGG-1",4
"AGTGTCAAGAAGCCCA-1",1
"AGTGTCAAGCTAGTCT-1",3
"AGTGTCAAGTACGACG-1",1
"AGTGTCAAGTGAACAT-1",3
"AGTGTCACACCATCCT-1",1
"AGTGTCACAGTAAGCG-1",0
"AGTGTCACAGTGGAGT-1",1
"AGTGTCAGTAAACCTC-1",0
"AGTGTCAGTACAGCAG-1",0
"AGTGTCAGTCTCCACT-1",0
"AGTGTCAGTTTGACTG-1",0
"AGTGTCATCAAAGTAG-1",0
"AGTGTCATCCGTCAAA-1",0
"AGTGTCATCGTTACAG-1",5
"AGTGTCATCTGTCAAG-1",0
"AGTTGGTAGACTGTAA-1",0
"AGTTGGTAGTACGCGA-1",5
"AGTTGGTCAAATTGCC-1",1
"AGTTGGTCAGGAATGC-1",2
"AGTTGGTCATGCGCAC-1",1
"AGTTGGTGTACCGTAT-1",1
"AGTTGGTGTATGCTTG-1",2
"AGTTGGTGTCAGGACA-1",1
"AGTTGGTGTTCAGACT-1",7
"AGTTGGTTCAGTACGT-1",4
"AGTTGGTTCCTCAACC-1",0
"AGTTGGTTCGTACCGG-1",1
"AGTTGGTTCTGTCCGT-1",0
"ATAACGCAGTTGAGTA-1",0
"ATAACGCCACGTGAGA-1",0
"ATAACGCGTGAACCTT-1",4
"ATAACGCGTGTCCTCT-1",1
"ATAACGCGTGTGAAAT-1",1
"ATAACGCTCTCCGGTT-1",1
"ATAAGAGAGTCCGGTC-1",3
"ATAAGAGCAACTGCGC-1",0
"ATAAGAGCAGTATCTG-1",7
"ATAAGAGGTGACGCCT-1",0
"ATAAGAGGTTAAAGTG-1",3
"ATAAGAGTCAGCACAT-1",0
"ATAAGAGTCAGTGCAT-1",5
"ATAGACCAGAGAGCTC-1",1
"ATAGACCAGCCCAATT-1",0
"ATAGACCCAAGCCATT-1",4
"ATAGACCCATCTGGTA-1",1
"ATAGACCGTATATGGA-1",2
"ATAGACCGTGGACGAT-1",1
"ATAGACCGTGGCGAAT-1",2
"ATAGACCGTTTCGCTC-1",2
"ATCACGAAGAACTCGG-1",0
"ATCACGAAGACACGAC-1",5
"ATCACGAAGTTACCCA-1",6
"ATCACGACAAGACACG-1",4
"ATCACGACAAGCGTAG-1",1
"ATCACGACACACATGT-1",1
"ATCACGACACCACCAG-1",0
"ATCACGACACGGTAAG-1",1
"ATCACGACAGCGAACA-1",1
"ATCACGATCCCGACTT-1",0
"ATCACGATCGGTGTCG-1",0
"ATCATCTAGCCTATGT-1",0
"ATCATCTAGGCCATAG-1",4
"ATCATCTAGTACTTGC-1",3
"ATCATCTCAGACGCCT-1",1
"ATCATCTCATCCGTGG-1",2
"ATCATCTGTATTACCG-1",2
"ATCATCTGTCACTTCC-1",1
"ATCATCTTCAGCGACC-1",0
"ATCATCTTCCTCAACC-1",3
"ATCATGGCAAGCGTAG-1",0
"ATCATGGCAAGGTTCT-1",0
"ATCATGGCACTACAGT-1",0
"ATCATGGGTAAGGGAA-1",2
"ATCATGGGTTGTGGCC-1",8
"ATCATGGTCAATAAGG-1",0
"ATCATGGTCCAATGGT-1",0
"ATCATGGTCGCCATAA-1",1
"ATCATGGTCGGTTAAC-1",2
"ATCCACCAGCTAGTCT-1",2
"ATCCACCAGGCTCTTA-1",0
"ATCCACCCAAACGTGG-1",3
"ATCCACCCAGTTAACC-1",0
"ATCCACCGTCCGAAGA-1",0
"ATCCACCGTTTGTTTC-1",1
"ATCCACCTCCTGCTTG-1",2
"ATCCACCTCCTTAATC-1",2
"ATCCACCTCTGGTATG-1",3
"ATCCGAAAGCGATGAC-1",0
"ATCCGAAAGCTAGGCA-1",3
"ATCCGAACAAACGTGG-1",5
"ATCCGAACAACAACCT-1",2
"ATCCGAACAAGGACTG-1",0
"ATCCGAACACCCATTC-1",2
"ATCCGAACACGGTAGA-1",0
"ATCCGAAGTAGCGCTC-1",1
"ATCCGAAGTCATTAGC-1",3
"ATCCGAAGTCTCTTAT-1",1
"ATCCGAATCCAACCAA-1",1
"ATCCGAATCCTTGACC-1",3
"ATCCGAATCTTGTCAT-1",0
"ATCGAGTAGACTTTCG-1",0
"ATCGAGTCATCCGGGT-1",7
"ATCGAGTGTCCCTTGT-1",1
"ATCGAGTGTCTCCCTA-1",2
"ATCGAGTTCATGCATG-1",1
"ATCGAGTTCCTGCCAT-1",2
"ATCTACTAGGTGTGGT-1",1
"ATCTACTCAGCTGTAT-1",10
"ATCTACTCAGTACACT-1",0
"ATCTACTCATGACATC-1",2
"ATCTACTGTAAGTAGT-1",0
"ATCTACTGTGTCGCTG-1",1
"ATCTACTTCCGCGTTT-1",1
"ATCTACTTCGCAAGCC-1",1
"ATCTACTTCTATCGCC-1",4
"ATCTACTTCTCTAAGG-1",2
"ATCTGCCAGGCTCAGA-1",2
"ATCTGCCGTACAGTTC-1",5
"ATCTGCCGTTGTGGAG-1",0
"ATCTGCCTCAGAGACG-1",0
"ATCTGCCTCAGCTGGC-1",1
"ATCTGCCTCGTACGGC-1",0
"ATCTGCCTCTCGAGTA-1",2
"ATCTGCCTCTGAGTGT-1",4
"ATCTGCCTCTTGTATC-1",1
"ATGAGGGAGGTCGGAT-1",3
"ATGAGGGCATGACGGA-1",0
"ATGAGGGCATTAGGCT-1",1
"ATGAGGGTCACATGCA-1",1
"ATGAGGGTCAGTCCCT-1",1
"ATGCGATAGTCAATAG-1",0
"ATGCGATCATGTTGAC-1",1
"ATGCGATGTGCAGTAG-1",1
"ATGCGATGTGCATCTA-1",0
"ATGCGATTCCCAAGAT-1",0
"ATGCGATTCGCCATAA-1",1
"ATGGGAGAGCAATATG-1",2
"ATGGGAGAGCCACGCT-1",0
"ATGGGAGAGGTGATAT-1",0
"ATGGGAGCACCAGGTC-1",0
"ATGGGAGCACTATCTT-1",3
"ATGGGAGCAGCATACT-1",1
"ATGGGAGCATAGAAAC-1",0
"ATGGGAGCATTACCTT-1",1
"ATGGGAGTCAAGGTAA-1",1
"ATGTGTGAGCGAAGGG-1",0
"ATGTGTGAGGGTTTCT-1",4
"ATGTGTGAGTTGAGTA-1",2
"ATGTGTGCACGGCGTT-1",0
"ATGTGTGCACGGTTTA-1",8
"ATGTGTGCAGTATAAG-1",6
"ATGTGTGTCACGCGGT-1",2
"ATTACTCAGATGTGTA-1",2
"ATTACTCAGCGTAATA-1",0
"ATTACTCAGGTGCACA-1",3
"ATTACTCAGTGAAGTT-1",0
"ATTACTCCAAACTGTC-1",1
"ATTACTCCACCATCCT-1",0
"ATTACTCCAGACTCGC-1",2
"ATTACTCCATATGCTG-1",1
"ATTACTCCATCGGTTA-1",1
"ATTACTCCATTGCGGC-1",1
"ATTACTCGTTAAAGAC-1",0
"ATTACTCTCCGAACGC-1",2
"ATTATCCAGAGTACCG-1",1
"ATTATCCAGCTTATCG-1",0
"ATTATCCCACAAGCCC-1",3
"ATTATCCCATATGAGA-1",1
"ATTATCCCATCTGGTA-1",0
"ATTATCCGTCGTTGTA-1",3
"ATTATCCGTCTCTCTG-1",2
"ATTATCCTCAACGGGA-1",2
"ATTATCCTCCGCGCAA-1",0
"ATTATCCTCTCCGGTT-1",3
"ATTCTACGTCACTTCC-1",5
"ATTCTACGTCTAGTCA-1",2
"ATTCTACGTTGTCGCG-1",1
"ATTGGACAGCAGATCG-1",10
"ATTGGACAGGGCATGT-1",0
"ATTGGACAGTGGACGT-1",2
"ATTGGACCAAGACACG-1",3
"ATTGGACGTAATAGCA-1",6
"ATTGGACTCCTGCTTG-1",1
"ATTGGACTCGGCGCAT-1",6
"ATTGGACTCGTTTGCC-1",1
"ATTGGTGAGAATGTTG-1",1
"ATTGGTGCAAGCTGAG-1",0
"ATTGGTGCAGCAGTTT-1",0
"ATTGGTGGTATGGTTC-1",0
"ATTGGTGGTTGAGTTC-1",3
"ATTGGTGTCAAAGTAG-1",2
"ATTGGTGTCGGAAACG-1",2
"ATTTCTGAGGGATACC-1",1
"ATTTCTGAGGGATCTG-1",0
"ATTTCTGAGGTGTTAA-1",0
"ATTTCTGAGTCGAGTG-1",1
"ATTTCTGAGTTCGCAT-1",0
"ATTTCTGCAAGGTGTG-1",1
"ATTTCTGGTAGCTCCG-1",0
"ATTTCTGGTGCACGAA-1",0
"ATTTCTGGTTGCCTCT-1",5
"ATTTCTGTCAAAGTAG-1",4
"ATTTCTGTCAGCTCGG-1",0
"ATTTCTGTCTTGGGTA-1",8
"CAACCAAAGAAACGCC-1",1
"CAACCAAAGAGGGCTT-1",3
"CAACCAAAGCTGAAAT-1",4
"CAACCAAAGGACAGCT-1",0
"CAACCAAAGGGAGTAA-1",0
"CAACCAACATACGCTA-1",2
"CAACCTCAGTAATCCC-1",2
"CAACCTCCAGACGCAA-1",11
"CAACCTCGTGAGTGAC-1",2
"CAACCTCGTTCCACGG-1",0
"CAACCTCTCATACGGT-1",2
"CAACCTCTCCGATATG-1",0
"CAACCTCTCCTTTACA-1",0
"CAACCTCTCTCTAGGA-1",0
"CAACTAGAGAATAGGG-1",0
"CAACTAGAGGATGCGT-1",1
"CAACTAGCACCATCCT-1",2
"CAACTAGCAGACTCGC-1",9
"CAACTAGCAGTTCATG-1",1
"CAACTAGGTACGCACC-1",6
"CAACTAGTCAGGCCCA-1",1
"CAAGAAAAGAAGGACA-1",1
"CAAGAAAAGACGCACA-1",7
"CAAGAAAAGGCCCTTG-1",1
"CAAGAAAAGGTGATAT-1",0
"CAAGAAAAGTCGATAA-1",0
"CAAGAAAAGTGGAGTC-1",0
"CAAGAAAAGTGTACCT-1",1
"CAAGAAACACGGTGTC-1",0
"CAAGAAATCTGCTTGC-1",1
"CAAGATCAGCTGAAAT-1",2
"CAAGATCGTAAGAGGA-1",0
"CAAGATCGTGCCTTGG-1",4
"CAAGATCTCAACACCA-1",1
"CAAGATCTCTCGATGA-1",1
"CAAGGCCAGGAGTCTG-1",4
"CAAGGCCAGGCTATCT-1",0
"CAAGGCCCACGGTAAG-1",2
"CAAGGCCCATGTTCCC-1",0
"CAAGGCCGTCCGTCAG-1",5
"CAAGGCCTCAACGGGA-1",0
"CAAGGCCTCCTTGACC-1",2
"CAAGGCCTCGTGACAT-1",1
"CAAGTTGAGACAGGCT-1",8
"CAAGTTGAGATGTCGG-1",4
"CAAGTTGAGCGTCAAG-1",0
"CAAGTTGAGCGTTTAC-1",0
"CAAGTTGCACATTAGC-1",0
"CAAGTTGCACGCTTTC-1",1
"CAAGTTGCACGGTGTC-1",0
"CAAGTTGCATTCTTAC-1",6
"CAAGTTGGTACTCAAC-1",0
"CAAGTTGGTCAGGACA-1",2
"CAAGTTGGTCGGCACT-1",1
"CAAGTTGTCAACGAAA-1",3
"CAAGTTGTCACCACCT-1",0
"CAAGTTGTCATTGCCC-1",1
"CAAGTTGTCGAATCCA-1",1
"CAAGTTGTCTACTTAC-1",0
"CACAAACAGGGCTCTC-1",1
"CACAAACAGGGCTTGA-1",1
"CACAAACAGTGACATA-1",1
"CACAAACCAACTGCGC-1",1
"CACAAACCAATAAGCA-1",1
"CACAAACCAATCAGAA-1",3
"CACAAACCACTTAACG-1",3
"CACAAACCATGAACCT-1",1
"CACAAACCATGGTCAT-1",1
"CACAAACGTCAACTGT-1",1
"CACAAACGTCAGAATA-1",1
"CACAAACTCTTCGGTC-1",2
"CACAAACTCTTGGGTA-1",7
"CACACAAAGCGACGTA-1",2
"CACACAAAGGGAGTAA-1",2
"CACACAACAAACGTGG-1",2
"CACACAACACATGACT-1",0
"CACACAACATCGATTG-1",0
"CACACAACATTGGGCC-1",1
"CACACAAGTACGACCC-1",2
"CACACAAGTCAGTGGA-1",0
"CACACAAGTCATCGGC-1",1
"CACACAAGTTTACTCT-1",0
"CACACAATCCACGTGG-1",1
"CACACAATCCACGTTC-1",0
"CACACAATCGGCGCAT-1",2
"CACACCTAGAGACTAT-1",0
"CACACCTAGGACATTA-1",1
"CACACCTAGTCATCCA-1",0
"CACACCTAGTGTGAAT-1",2
"CACACCTCACTGAAGG-1",4
"CACACCTCATAGGATA-1",0
"CACACCTCATAGTAAG-1",1
"CACACCTCATTGGGCC-1",1
"CACACCTGTACAGCAG-1",0
"CACACCTGTACCGCTG-1",0
"CACACCTGTCCAAGTT-1",3
"CACACCTGTGGACGAT-1",1
"CACACCTGTGGTCTCG-1",0
"CACACCTTCATGTCTT-1",6
"CACACCTTCTGGCGAC-1",1
"CACACTCAGGGAAACA-1",3
"CACACTCCAACACCTA-1",5
"CACACTCCAAGGGTCA-1",0
"CACACTCGTGACGCCT-1",1
"CACACTCGTTTGTGTG-1",2
"CACAGGCAGCCATCGC-1",2
"CACAGGCAGGGATGGG-1",0
"CACAGGCCAAGAGTCG-1",9
"CACAGGCCAATGGAGC-1",0
"CACAGGCGTCTAGGTT-1",3
"CACAGGCGTTACGCGC-1",1
"CACAGGCTCGGGAGTA-1",1
"CACAGGCTCTATGTGG-1",0
"CACAGTAAGACGCAAC-1",1
"CACAGTAAGACGCACA-1",1
"CACAGTAAGTGGGCTA-1",4
"CACAGTACAACTGGCC-1",4
"CACAGTACATCGGACC-1",3
"CACAGTAGTTCCATGA-1",2
"CACATAGAGCCCAATT-1",3
"CACATAGAGTGTACTC-1",0
"CACATAGCACTTCTGC-1",8
"CACATAGCAGGGTATG-1",1
"CACATAGTCCTTGCCA-1",0
"CACATAGTCGGCGCAT-1",0
"CACATTTAGCAGATCG-1",10
"CACATTTAGGGCACTA-1",1
"CACATTTCACGGCGTT-1",2
"CACATTTCATTACCTT-1",1
"CACATTTGTCGAACAG-1",6
"CACATTTGTGTTGAGG-1",4
"CACATTTTCCAGAGGA-1",0
"CACATTTTCCGCATCT-1",1
"CACATTTTCTACTATC-1",3
"CACATTTTCTGTGCAA-1",0
"CACCACTAGCCACGTC-1",0
"CACCACTAGTGGTAAT-1",1
"CACCACTAGTTACCCA-1",3
"CACCACTCAAGCCCAC-1",2
"CACCACTCAGTTCATG-1",0
"CACCACTGTTATTCTC-1",0
"CACCACTTCACCGGGT-1",2
"CACCACTTCGAATCCA-1",6
"CACCACTTCGACCAGC-1",0
"CACCACTTCTAACCGA-1",1
"CACCACTTCTTTAGTC-1",3
"CACCAGGCACATTAGC-1",2
"CACCAGGCACTGCCAG-1",0
"CACCAGGCATAAAGGT-1",2
"CACCAGGCATGAACCT-1",2
"CACCAGGGTGAAATCA-1",0
"CACCAGGGTGTTTGGT-1",0
"CACCAGGGTTATCACG-1",0
"CACCAGGTCATGTAGC-1",1
"CACCAGGTCTGCTTGC-1",2
"CACCTTGAGACTTGAA-1",2
"CACCTTGAGTCAATAG-1",0
"CACCTTGCACTAGTAC-1",0
"CACCTTGCAGGCGATA-1",0
"CACCTTGCATTCCTGC-1",0
"CACCTTGGTCATTAGC-1",1
"CACCTTGGTGATGTCT-1",1
"CACCTTGGTGTGAAAT-1",1
"CACCTTGGTTATGTGC-1",0
"CACCTTGTCAACCATG-1",0
"CACCTTGTCATTATCC-1",1
"CACCTTGTCCAAAGTC-1",0
"CACCTTGTCTCACATT-1",4
"CACTCCAAGACAAGCC-1",0
"CACTCCAAGGTACTCT-1",1
"CACTCCACAATGGACG-1",1
"CACTCCAGTACATGTC-1",1
"CACTCCAGTTGTCGCG-1",4
"CACTCCATCAACACAC-1",0
"CACTCCATCCCAGGTG-1",0
"CAGAATCAGAAACCTA-1",1
"CAGAATCAGCCAACAG-1",6
"CAGAATCAGCTGGAAC-1",1
"CAGAATCAGGACTGGT-1",0
"CAGAATCAGTATCGAA-1",3
"CAGAATCCACAGAGGT-1",3
"CAGAATCCAGGGTACA-1",1
"CAGAATCGTAAGTGTA-1",5
"CAGAATCGTAATCACC-1",0
"CAGAATCTCAGTTTGG-1",1
"CAGAATCTCGCAAGCC-1",4
"CAGAATCTCGGTCCGA-1",0
"CAGAATCTCTTGCAAG-1",2
"CAGAATCTCTTGTACT-1",5
"CAGAGAGAGAATTGTG-1",1
"CAGAGAGAGCAATATG-1",2
"CAGAGAGCAAGAAGAG-1",2
"CAGAGAGCACCAGATT-1",1
"CAGAGAGGTAATCACC-1",2
"CAGAGAGGTAGCTGCC-1",3
"CAGAGAGGTAGGACAC-1",1
"CAGAGAGGTATAGGGC-1",0
"CAGAGAGGTCCGAATT-1",0
"CAGAGAGGTTGAGGTG-1",0
"CAGAGAGTCACCCGAG-1",0
"CAGAGAGTCATAACCG-1",3
"CAGAGAGTCCGAACGC-1",2
"CAGAGAGTCTGGTATG-1",2
"CAGATCAAGAGACGAA-1",0
"CAGATCAAGCACCGTC-1",0
"CAGATCAAGCTTCGCG-1",1
"CAGATCAAGGATTCGG-1",1
"CAGATCAAGTGTACCT-1",1
"CAGATCAAGTTTAGGA-1",1
"CAGATCACAATAACGA-1",1
"CAGATCACACACCGAC-1",3
"CAGATCACACGGTAAG-1",0
"CAGATCACACTCTGTC-1",0
"CAGATCACAGCATACT-1",1
"CAGATCACAGTGGGAT-1",4
"CAGATCAGTACCAGTT-1",1
"CAGATCAGTGCGGTAA-1",0
"CAGATCATCTGATACG-1",1
"CAGATCATCTGATTCT-1",4
"CAGCAGCAGATGCCAG-1",4
"CAGCAGCAGGGAACGG-1",1
"CAGCAGCCACCTATCC-1",0
"CAGCAGCCATCACAAC-1",1
"CAGCAGCGTGCTAGCC-1",16
"CAGCAGCTCAACACTG-1",5
"CAGCAGCTCGAACTGT-1",1
"CAGCAGCTCGCCGTGA-1",0
"CAGCATAAGAGACGAA-1",4
"CAGCATAGTCTAGGTT-1",0
"CAGCATAGTTTACTCT-1",1
"CAGCATATCACGAAGG-1",0
"CAGCATATCAGGCAAG-1",0
"CAGCATATCCTTAATC-1",1
"CAGCCGAAGCATCATC-1",6
"CAGCCGAAGTTTCCTT-1",3
"CAGCCGACACGTGAGA-1",0
"CAGCCGACATCAGTCA-1",2
"CAGCCGAGTGATGTCT-1",0
"CAGCCGATCACCAGGC-1",3
"CAGCCGATCCTCAATT-1",0
"CAGCGACAGAAACGCC-1",1
"CAGCGACAGCGTCAAG-1",1
"CAGCGACCAAACGTGG-1",2
"CAGCGACCAAAGCGGT-1",1
"CAGCGACCACGTCAGC-1",0
"CAGCGACCATGGGACA-1",2
"CAGCGACGTCTGATTG-1",0
"CAGCGACGTGGACGAT-1",5
"CAGCGACGTGGTTTCA-1",0
"CAGCGACGTTCGGCAC-1",3
"CAGCGACTCCGCAAGC-1",0
"CAGCGACTCTGGGCCA-1",2
"CAGCTAAAGATGTGTA-1",1
"CAGCTAAAGCAGACTG-1",0
"CAGCTAAAGCTGTTCA-1",1
"CAGCTAAAGGAGCGTT-1",0
"CAGCTAACACAGATTC-1",3
"CAGCTAACATCAGTAC-1",3
"CAGCTAAGTAATCGTC-1",13
"CAGCTAAGTCTCACCT-1",9
"CAGCTAAGTTCGTCTC-1",6
"CAGCTAATCCACGCAG-1",0
"CAGCTAATCCCTAACC-1",0
"CAGCTAATCTGGTTCC-1",0
"CAGCTAATCTTAGCCC-1",2
"CAGCTAATCTTCGGTC-1",6
"CAGCTGGAGACACTAA-1",4
"CAGCTGGAGATCCTGT-1",0
"CAGCTGGCACCAACCG-1",1
"CAGCTGGCAGTGGAGT-1",0
"CAGCTGGCATGCATGT-1",1
"CAGCTGGTCTACCTGC-1",1
"CAGGTGCAGAGACGAA-1",1
"CAGGTGCAGATCCTGT-1",2
"CAGGTGCAGGCATGTG-1",1
"CAGGTGCCAGGAACGT-1",1
"CAGGTGCCATAGTAAG-1",2
"CAGGTGCCATCGGAAG-1",0
"CAGGTGCTCAGTTGAC-1",2
"CAGGTGCTCCAAGTAC-1",0
"CAGGTGCTCTTGTATC-1",1
"CAGTAACAGATATGGT-1",1
"CAGTAACAGATGGCGT-1",0
"CAGTAACCAATCACAC-1",0
"CAGTAACCACTCGACG-1",3
"CAGTAACGTGATAAGT-1",1
"CAGTAACGTGCACCAC-1",0
"CAGTAACTCAGAGGTG-1",3
"CAGTAACTCGTACGGC-1",4
"CAGTAACTCGTGACAT-1",2
"CAGTAACTCTGCCAGG-1",2
"CAGTCCTAGAATCTCC-1",0
"CAGTCCTAGATCTGCT-1",4
"CAGTCCTCAGTATAAG-1",3
"CAGTCCTTCAACACGT-1",4
"CAGTCCTTCCATGAGT-1",0
"CAGTCCTTCCCGACTT-1",2
"CAGTCCTTCCCTTGTG-1",1
"CAGTCCTTCGAACGGA-1",3
"CAGTCCTTCGGTTCGG-1",1
"CAGTCCTTCTACTTAC-1",0
"CATATGGAGAGATGAG-1",0
"CATATGGAGGCATGGT-1",6
"CATATGGAGTATTGGA-1",1
"CATATGGCAAGCGTAG-1",2
"CATATGGGTCGCATAT-1",0
"CATATGGTCATTATCC-1",0
"CATATGGTCATTGCGA-1",1
"CATATTCAGGCGACAT-1",2
"CATATTCCACCACCAG-1",0
"CATATTCGTGACTACT-1",2
"CATATTCGTGGTACAG-1",0
"CATATTCGTGTGACGA-1",2
"CATATTCTCACAGGCC-1",0
"CATATTCTCGCAAACT-1",0
"CATCAAGAGAACTCGG-1",0
"CATCAAGAGATGGCGT-1",1
"CATCAAGAGCCGCCTA-1",1
"CATCAAGCACGAAACG-1",1
"CATCAAGCAGCCTTTC-1",2
"CATCAAGCATGGAATA-1",1
"CATCAAGGTTACTGAC-1",4
"CATCAAGGTTCCATGA-1",3
"CATCAAGTCTAAGCCA-1",0
"CATCAAGTCTGACCTC-1",0
"CATCAGAAGCTAGTCT-1",2
"CATCAGACAAGCCATT-1",2
"CATCAGACAATGACCT-1",3
"CATCAGACACGGCCAT-1",0
"CATCAGACAGACAGGT-1",1
"CATCAGACATAACCTG-1",5
"CATCAGAGTAATTGGA-1",0
"CATCAGAGTACATGTC-1",0
"CATCAGAGTGTTAAGA-1",1
"CATCAGAGTTCAACCA-1",0
"CATCAGATCGTTGACA-1",0
"CATCCACGTAAAGTCA-1",1
"CATCCACGTACCGTAT-1",0
"CATCCACGTGCCTGTG-1",3
"CATCCACGTTTAAGCC-1",3
"CATCGAAAGAGTACAT-1",2
"CATCGAAAGCTGTCTA-1",0
"CATCGAACAAGAGGCT-1",3
"CATCGAACAAGCTGAG-1",0
"CATCGAACACATTTCT-1",0
"CATCGAACATAAAGGT-1",0
"CATCGAAGTAGTACCT-1",0
"CATCGAAGTCCGACGT-1",2
"CATCGAAGTGCACTTA-1",0
"CATCGAATCAAACCAC-1",1
"CATCGAATCCGCGGTA-1",0
"CATCGAATCCGTAGTA-1",0
"CATCGGGAGAAGCCCA-1",0
"CATCGGGAGCGAGAAA-1",1
"CATCGGGAGGGTGTGT-1",1
"CATCGGGAGGTGTTAA-1",0
"CATCGGGAGTGACTCT-1",1
"CATCGGGCACTCAGGC-1",2
"CATCGGGCAGACGCTC-1",2
"CATCGGGCATCACAAC-1",2
"CATCGGGGTCCTCTTG-1",0
"CATCGGGGTGAGGGAG-1",7
"CATCGGGGTTCGAATC-1",1
"CATCGGGTCAGGATCT-1",2
"CATCGGGTCCACGAAT-1",1
"CATCGGGTCGATGAGG-1",1
"CATGACAAGACCACGA-1",1
"CATGACAAGCTCCTCT-1",0
"CATGACAAGTAACCCT-1",3
"CATGACAAGTATCTCG-1",0
"CATGACAGTCGTCTTC-1",5
"CATGACAGTGAACCTT-1",4
"CATGACATCAATAAGG-1",3
"CATGACATCTAACTGG-1",2
"CATGCCTAGACCTAGG-1",4
"CATGCCTAGAGTCTGG-1",0
"CATGCCTCACCACCAG-1",1
"CATGCCTGTCAAAGCG-1",0
"CATGCCTGTCGATTGT-1",2
"CATGCCTTCCACGACG-1",5
"CATGCCTTCCTCATTA-1",2
"CATGCCTTCGCATGAT-1",1
"CATGGCGAGAGCTGGT-1",1
"CATGGCGAGTACGACG-1",4
"CATGGCGTCCAAAGTC-1",4
"CATGGCGTCCCTTGTG-1",2
"CATGGCGTCGGCCGAT-1",2
"CATGGCGTCTCAAACG-1",2
"CATGGCGTCTGCCCTA-1",3
"CATTATCAGACCCACC-1",7
"CATTATCAGTCCCACG-1",0
"CATTATCCAAGTCTGT-1",1
"CATTATCCAGGGCATA-1",0
"CATTATCGTCAATGTC-1",2
"CATTATCTCACAAACC-1",1
"CATTATCTCAGATAAG-1",0
"CATTATCTCGCGTTTC-1",0
"CATTATCTCGTTGCCT-1",1
"CATTATCTCTATCCCG-1",2
"CATTATCTCTTAACCT-1",0
"CATTCGCAGGTGCTAG-1",0
"CATTCGCCAAGGGTCA-1",1
"CATTCGCCAGCCTATA-1",0
"CATTCGCCATACAGCT-1",1
"CATTCGCCATGGATGG-1",2
"CATTCGCCATGTCTCC-1",1
"CATTCGCCATTCACTT-1",0
"CATTCGCGTAGCACGA-1",1
"CATTCGCTCATCACCC-1",6
"CCAATCCAGACCACGA-1",3
"CCAATCCAGATATGGT-1",2
"CCAATCCAGTCGAGTG-1",1
"CCAATCCAGTCGTTTG-1",9
"CCAATCCAGTTTAGGA-1",6
"CCAATCCCAAGCGAGT-1",1
"CCAATCCTCGGACAAG-1",0
"CCAATCCTCTACCTGC-1",0
"CCACCTAAGCAGACTG-1",0
"CCACCTAAGGATGGTC-1",0
"CCACCTAAGTCGAGTG-1",0
"CCACCTAAGTGGGATC-1",0
"CCACCTAAGTGTGGCA-1",0
"CCACCTACAACAACCT-1",5
"CCACCTACAAGCCGCT-1",0
"CCACCTACAATCTACG-1",5
"CCACCTAGTAGTACCT-1",1
"CCACCTAGTCGCGTGT-1",0
"CCACCTAGTGGGTCAA-1",1
"CCACCTATCAGTTGAC-1",1
"CCACCTATCTGATACG-1",0
"CCACGGAAGACACGAC-1",0
"CCACGGAAGGGAACGG-1",2
"CCACGGACATGTCGAT-1",2
"CCACGGAGTAAGGGCT-1",1
"CCACGGAGTCAGATAA-1",1
"CCACGGAGTCCGTGAC-1",4
"CCACGGAGTGTAATGA-1",4
"CCACGGAGTTCTGAAC-1",6
"CCACGGATCACATAGC-1",0
"CCACGGATCCACGTGG-1",1
"CCACGGATCTACTATC-1",1
"CCACGGATCTAGAGTC-1",7
"CCACTACAGAGTACCG-1",1
"CCACTACAGCTTTGGT-1",1
"CCACTACCAGCAGTTT-1",0
"CCACTACCAGTAGAGC-1",0
"CCACTACGTCCGAATT-1",1
"CCACTACGTCTCAACA-1",1
"CCACTACGTGACAAAT-1",2
"CCACTACGTGACCAAG-1",1
"CCACTACGTGCACGAA-1",0
"CCACTACTCACTCTTA-1",0
"CCACTACTCCGCATCT-1",14
"CCACTACTCGGAAATA-1",1
"CCACTACTCTCGTATT-1",0
"CCACTACTCTCGTTTA-1",1
"CCAGCGAAGCCCAACC-1",0
"CCAGCGACATCGGGTC-1",0
"CCAGCGACATGTCCTC-1",2
"CCAGCGAGTAGGCATG-1",0
"CCAGCGAGTCCGTTAA-1",5
"CCAGCGATCAGAAATG-1",0
"CCATGTCAGCGATCCC-1",0
"CCATGTCAGGTCGGAT-1",0
"CCATGTCAGGTTACCT-1",0
"CCATGTCCAAGCTGGA-1",2
"CCATGTCCACATCCGG-1",0
"CCATGTCGTCCAGTAT-1",0
"CCATGTCTCCAAGTAC-1",0
"CCATGTCTCTTGTATC-1",0
"CCATTCGCAGTACACT-1",4
"CCATTCGCAGTTTACG-1",1
"CCATTCGGTAATCGTC-1",0
"CCATTCGGTATTACCG-1",2
"CCATTCGTCGTAGGAG-1",0
"CCCAATCAGTCACGCC-1",0
"CCCAATCCAGGTGGAT-1",1
"CCCAATCGTGAAGGCT-1",3
"CCCAATCGTTGGAGGT-1",1
"CCCAATCTCACATGCA-1",2
"CCCAATCTCCAGTATG-1",1
"CCCAATCTCGGAGCAA-1",0
"CCCAGTTAGAATAGGG-1",0
"CCCAGTTAGATCCCGC-1",1
"CCCAGTTAGCGTGAAC-1",0
"CCCAGTTAGGAATCGC-1",1
"CCCAGTTAGTCCGGTC-1",2
"CCCAGTTAGTTTGCGT-1",2
"CCCAGTTGTACATGTC-1",2
"CCCAGTTGTCTGCAAT-1",6
"CCCAGTTTCTGAAAGA-1",0
"CCCATACAGGGTTCCC-1",4
"CCCATACAGTGTTTGC-1",7
"CCCATACCAAAGGTGC-1",2
"CCCATACCAACACCCG-1",0
"CCCATACCAGCAGTTT-1",2
"CCCATACGTATTACCG-1",5
"CCCATACGTCAATACC-1",0
"CCCATACGTCTAGTCA-1",1
"CCCATACGTTGAGTTC-1",0
"CCCATACTCAATAAGG-1",2
"CCCATACTCAGCGACC-1",3
"CCCATACTCATCACCC-1",1
"CCCATACTCCGTAGGC-1",1
"CCCTCCTAGGAATCGC-1",5
"CCCTCCTCACGTCTCT-1",0
"CCCTCCTCAGCTTAAC-1",2
"CCCTCCTCATATGAGA-1",0
"CCCTCCTCATCACGTA-1",5
"CCCTCCTGTATGGTTC-1",5
"CCCTCCTGTTAGATGA-1",4
"CCCTCCTTCAATCACG-1",1
"CCCTCCTTCCGCAGTG-1",11
"CCGGGATAGCTTCGCG-1",1
"CCGGGATAGGCGACAT-1",1
"CCGGGATAGGCTAGGT-1",3
"CCGGGATCACAGTCGC-1",1
"CCGGGATGTATAGGTA-1",6
"CCGGGATTCAGAGCTT-1",0
"CCGGGATTCGCTAGCG-1",1
"CCGGGATTCGCTTGTC-1",0
"CCGGTAGAGCGTCTAT-1",0
"CCGGTAGAGTACGCCC-1",1
"CCGGTAGCACATAACC-1",8
"CCGGTAGCACGCATCG-1",3
"CCGGTAGGTACTTCTT-1",0
"CCGGTAGGTCAAACTC-1",0
"CCGGTAGTCGTCCGTT-1",9
"CCGTACTAGAGAACAG-1",10
"CCGTACTAGTCCGTAT-1",1
"CCGTACTCAAGCCCAC-1",4
"CCGTACTCAAGCGAGT-1",0
"CCGTACTCATCCCACT-1",0
"CCGTACTGTACAGCAG-1",1
"CCGTACTGTAGCGCTC-1",0
"CCGTACTGTGCGGTAA-1",0
"CCGTACTTCGTTACAG-1",1
"CCGTGGAAGACGCACA-1",0
"CCGTGGAAGAGTTGGC-1",0
"CCGTGGAAGGTGATAT-1",0
"CCGTGGAAGGTTCCTA-1",6
"CCGTGGACAGCCTTGG-1",4
"CCGTGGAGTTCCATGA-1",0
"CCGTGGATCTAACTTC-1",3
"CCGTGGATCTCTGTCG-1",1
"CCGTTCAAGCGTAATA-1",0
"CCGTTCAAGTACGATA-1",1
"CCGTTCAAGTAGATGT-1",3
"CCGTTCACAGGATCGA-1",5
"CCGTTCAGTATAGGGC-1",1
"CCGTTCAGTCGCGAAA-1",1
"CCGTTCATCGTACCGG-1",4
"CCTAAAGAGAGTTGGC-1",2
"CCTAAAGCAAACCTAC-1",3
"CCTAAAGCATGTCTCC-1",0
"CCTAAAGGTACTCAAC-1",1
"CCTAAAGGTCGGCACT-1",1
"CCTAAAGGTGTAATGA-1",0
"CCTAAAGTCACCGTAA-1",8
"CCTAAAGTCAGCGATT-1",9
"CCTAAAGTCGGCGCTA-1",5
"CCTAAAGTCGGTCCGA-1",0
"CCTACACAGGACCACA-1",0
"CCTACACAGGGTGTTG-1",0
"CCTACACCAGTAAGAT-1",0
"CCTACACGTATAGTAG-1",5
"CCTACACGTCCGAACC-1",6
"CCTACACGTGGGTCAA-1",0
"CCTACACGTTTGACTG-1",4
"CCTACACTCGGCGCTA-1",1
"CCTACACTCGTGACAT-1",1
"CCTACCAAGATAGGAG-1",0
"CCTACCAAGCAAATCA-1",2
"CCTACCAAGCGTAGTG-1",1
"CCTACCAAGCTTCGCG-1",0
"CCTACCAAGTGCGATG-1",0
"CCTACCAGTATCAGTC-1",0
"CCTACCAGTCTCTCTG-1",2
"CCTACCAGTCTTTCAT-1",0
"CCTACCATCAGCACAT-1",4
"CCTACCATCGCCAGCA-1",2
"CCTAGCTAGCAAATCA-1",0
"CCTAGCTAGCTCCTCT-1",0
"CCTAGCTAGGTTACCT-1",2
"CCTAGCTAGTACGCGA-1",2
"CCTAGCTCAATGAATG-1",0
"CCTAGCTCAATGGTCT-1",0
"CCTAGCTCACATCCAA-1",0
"CCTAGCTCAGCCAGAA-1",2
"CCTAGCTGTAGAAAGG-1",3
"CCTAGCTGTCACCCAG-1",1
"CCTAGCTGTCTGATTG-1",5
"CCTAGCTTCACGATGT-1",1
"CCTAGCTTCGTAGGAG-1",1
"CCTATTAAGAATTCCC-1",4
"CCTATTAAGCAGGCTA-1",3
"CCTATTAAGCAGGTCA-1",3
"CCTATTAAGGGAGTAA-1",5
"CCTATTAAGGTAGCCA-1",1
"CCTATTACACAACTGT-1",0
"CCTATTACACATCCGG-1",1
"CCTATTAGTCAATACC-1",0
"CCTATTATCATCACCC-1",2
"CCTATTATCTGCGACG-1",0
"CCTCAGTAGCTAACTC-1",0
"CCTCAGTCAGGTGGAT-1",3
"CCTCAGTGTCCATCCT-1",3
"CCTCAGTGTCCGACGT-1",0
"CCTCAGTGTCTTGTCC-1",1
"CCTCAGTGTGGGTATG-1",3
"CCTCTGAAGTATCGAA-1",1
"CCTCTGAAGTGGGTTG-1",6
"CCTCTGACAAGCTGTT-1",3
"CCTCTGACACCGATAT-1",3
"CCTCTGACAGATGAGC-1",3
"CCTCTGAGTCAATACC-1",6
"CCTCTGAGTCCGAACC-1",0
"CCTCTGAGTCGTGGCT-1",0
"CCTCTGAGTCTGATTG-1",2
"CCTCTGATCTGAGGGA-1",1
"CCTTACGCAAGCGTAG-1",8
"CCTTACGCACCAACCG-1",7
"CCTTACGGTCATCCCT-1",1
"CCTTACGGTCCTCTTG-1",1
"CCTTACGTCACAACGT-1",0
"CCTTACGTCATCTGCC-1",1
"CCTTACGTCGGAGGTA-1",1
"CCTTCCCAGAGACTAT-1",1
"CCTTCCCAGCTAGGCA-1",0
"CCTTCCCAGGACGAAA-1",2
"CCTTCCCAGGGCATGT-1",0
"CCTTCCCAGGTACTCT-1",1
"CCTTCCCCATGATCCA-1",2
"CCTTCCCTCAAGGCTT-1",5
"CCTTCCCTCTATCCTA-1",0
"CCTTCCCTCTATCGCC-1",1
"CCTTCGAAGGCGCTCT-1",0
"CCTTCGACAACACCCG-1",0
"CCTTCGACAGCGATCC-1",3
"CCTTCGAGTAAGCACG-1",1
"CCTTCGAGTCCATGAT-1",2
"CCTTCGAGTGTGACCC-1",3
"CCTTCGAGTTGGTGGA-1",0
"CCTTCGATCACAGTAC-1",2
"CCTTCGATCCTATGTT-1",0
"CCTTCGATCGCACTCT-1",0
"CCTTTCTAGACGCTTT-1",2
"CCTTTCTAGGGCACTA-1",0
"CCTTTCTAGTGGAGTC-1",1
"CCTTTCTCAGACAAGC-1",2
"CCTTTCTCATCACGAT-1",0
"CCTTTCTCATGCCCGA-1",0
"CCTTTCTTCCCACTTG-1",1
"CCTTTCTTCTTTACGT-1",0
"CGAACATCACATGACT-1",3
"CGAACATCACTTGGAT-1",0
"CGAACATCAGTCCTTC-1",1
"CGAACATGTCTGATTG-1",0
"CGAACATGTGCTGTAT-1",1
"CGAACATTCTCAAACG-1",0
"CGAATGTAGAGGTTAT-1",0
"CGAATGTAGCGATAGC-1",1
"CGAATGTAGTTCGCAT-1",1
"CGAATGTCAATGCCAT-1",0
"CGAATGTGTCTAGTCA-1",1
"CGAATGTGTCTCACCT-1",0
"CGAATGTTCAACACAC-1",1
"CGAATGTTCATCACCC-1",2
"CGAATGTTCTGTACGA-1",7
"CGACCTTAGCTACCGC-1",0
"CGACCTTAGCTAGTCT-1",2
"CGACCTTCAAAGTGCG-1",3
"CGACCTTCACGAAATA-1",0
"CGACCTTGTAAGTGTA-1",1
"CGACCTTGTCAGAATA-1",8
"CGACCTTGTCTCCCTA-1",0
"CGACCTTGTCTCTTAT-1",2
"CGACCTTTCCGCGTTT-1",0
"CGACCTTTCGTTTATC-1",2
"CGACCTTTCTCCAGGG-1",0
"CGACTTCAGACACGAC-1",1
"CGACTTCAGGTAGCCA-1",1
"CGACTTCAGTCTTGCA-1",0
"CGACTTCCAATGGACG-1",1
"CGACTTCGTGGTGTAG-1",5
"CGACTTCGTTGAGTTC-1",2
"CGACTTCTCACTTACT-1",3
"CGACTTCTCTCGCTTG-1",3
"CGAGAAGAGAAACGCC-1",0
"CGAGAAGAGCCAACAG-1",9
"CGAGAAGAGCGTGTCC-1",3
"CGAGAAGCAAGTTCTG-1",4
"CGAGAAGCACATCCGG-1",1
"CGAGAAGCAGGCTGAA-1",2
"CGAGAAGTCGGATGGA-1",0
"CGAGCACAGCCAGAAC-1",12
"CGAGCACCACATGTGT-1",1
"CGAGCACGTAGCGTCC-1",2
"CGAGCACGTAGCGTGA-1",1
"CGAGCACGTCAGATAA-1",1
"CGAGCACGTGCCTTGG-1",0
"CGAGCACTCCCGGATG-1",2
"CGAGCACTCCGCTGTT-1",1
"CGAGCACTCGGAAATA-1",0
"CGAGCACTCGTGACAT-1",1
"CGAGCCAAGCTAGCCC-1",0
"CGAGCCAGTATATCCG-1",1
"CGAGCCAGTCAAGCGA-1",2
"CGATCGGAGAGCCTAG-1",3
"CGATCGGAGTACGATA-1",0
"CGATCGGCAAACGCGA-1",1
"CGATCGGCAAGCGATG-1",0
"CGATCGGCAATACGCT-1",2
"CGATCGGCAGTTAACC-1",4
"CGATCGGCATACTCTT-1",4
"CGATCGGGTCGACTGC-1",3
"CGATCGGTCAACGGGA-1",0
"CGATCGGTCTAGCACA-1",2
"CGATGGCAGCCGTCGT-1",4
"CGATGGCAGTCCAGGA-1",1
"CGATGGCCACTTAACG-1",1
"CGATGGCCAGCGTAAG-1",1
"CGATGGCCATCATCCC-1",0
"CGATGGCTCCTAGAAC-1",1
"CGATGGCTCGCTAGCG-1",1
"CGATGGCTCTGACCTC-1",1
"CGATGTAAGGCAATTA-1",1
"CGATGTAAGTTTGCGT-1",0
"CGATGTACACAGGCCT-1",0
"CGATGTACAGGTCTCG-1",0
"CGATGTAGTCCAGTGC-1",2
"CGATGTAGTCTAGGTT-1",2
"CGATGTAGTGTGCCTG-1",4
"CGATGTAGTTTGCATG-1",0
"CGATTGAAGATGTGGC-1",0
"CGATTGACAGACGCAA-1",0
"CGATTGAGTATGGTTC-1",3
"CGATTGAGTTCAGACT-1",2
"CGATTGATCATGGTCA-1",0
"CGATTGATCTGCGGCA-1",1
"CGCCAAGAGAATGTTG-1",2
"CGCCAAGAGACCTTTG-1",3
"CGCCAAGAGATCGGGT-1",6
"CGCCAAGAGATCTGAA-1",3
"CGCCAAGAGCGTGTCC-1",1
"CGCCAAGGTCTAGGTT-1",0
"CGCCAAGTCAGGATCT-1",4
"CGCCAAGTCCACTCCA-1",3
"CGCCAAGTCTTGTTTG-1",0
"CGCGGTAAGCTAGCCC-1",0
"CGCGGTAAGGGTTCCC-1",2
"CGCGGTACAAACTGCT-1",0
"CGCGGTACAATGGAAT-1",1
"CGCGGTACAGCTGTTA-1",0
"CGCGGTAGTCAAGCGA-1",0
"CGCGGTAGTGAGGCTA-1",5
"CGCGGTAGTTTGCATG-1",4
"CGCGTTTAGTTATCGC-1",2
"CGCGTTTCAACAACCT-1",6
"CGCGTTTCAAGCGAGT-1",0
"CGCGTTTCAATGGACG-1",11
"CGCGTTTCACGGTGTC-1",0
"CGCGTTTGTGCTGTAT-1",3
"CGCGTTTGTGGACGAT-1",2
"CGCGTTTTCAAACCGT-1",2
"CGCGTTTTCAGCCTAA-1",6
"CGCGTTTTCCTATGTT-1",0
"CGCGTTTTCGTGGTCG-1",2
"CGCTATCAGAAACCGC-1",0
"CGCTATCAGTCATCCA-1",0
"CGCTATCCAAGCGAGT-1",0
"CGCTATCCAGTCGATT-1",1
"CGCTATCCATCGACGC-1",2
"CGCTATCCATTTCAGG-1",3
"CGCTATCGTACCGAGA-1",2
"CGCTATCGTTCGAATC-1",2
"CGCTATCGTTTCGCTC-1",0
"CGCTATCTCGTTACAG-1",0
"CGCTGGAAGGACATTA-1",4
"CGCTGGAAGGGCACTA-1",0
"CGCTGGAAGGTGATAT-1",6
"CGCTGGACAGACTCGC-1",0
"CGCTGGAGTGTAATGA-1",0
"CGCTGGAGTTCTGGTA-1",0
"CGCTGGATCCGAAGAG-1",0
"CGCTGGATCCGTTGCT-1",1
"CGCTGGATCGTAGGAG-1",3
"CGCTGGATCGTTACAG-1",0
"CGCTTCAAGAAGGGTA-1",0
"CGCTTCAAGGTCGGAT-1",0
"CGCTTCACACGGTGTC-1",0
"CGCTTCACAGACAAGC-1",0
"CGCTTCACATCACCCT-1",4
"CGCTTCAGTCGCGGTT-1",2
"CGCTTCATCTTAGAGC-1",3
"CGGACACAGCGATATA-1",0
"CGGACACAGCGATGAC-1",0
"CGGACACAGCTTCGCG-1",0
"CGGACACAGGTAAACT-1",0
"CGGACACAGTAGCCGA-1",2
"CGGACACCACAGGAGT-1",0
"CGGACACCATTCACTT-1",13
"CGGACACGTGAGCGAT-1",4
"CGGACACGTGCTCTTC-1",0
"CGGACACGTGTGACCC-1",1
"CGGACGTAGGTTACCT-1",0
"CGGACGTCATGGGACA-1",2
"CGGACGTGTGAAAGAG-1",2
"CGGACGTGTTGGTAAA-1",0
"CGGACGTTCATGTGGT-1",1
"CGGACGTTCTGTCCGT-1",2
"CGGACTGAGGAGCGAG-1",2
"CGGACTGAGGAGTCTG-1",0
"CGGACTGAGTGGTAGC-1",1
"CGGACTGCAACTTGAC-1",6
"CGGACTGCAATGACCT-1",2
"CGGACTGCACAACGTT-1",6
"CGGACTGCACGCCAGT-1",0
"CGGACTGCAGTATGCT-1",1
"CGGACTGGTAAAGGAG-1",3
"CGGACTGGTATAAACG-1",0
"CGGACTGGTGTAAGTA-1",5
"CGGACTGGTGTGGTTT-1",2
"CGGACTGGTTGACGTT-1",0
"CGGACTGTCATTGCCC-1",0
"CGGACTGTCCATGCTC-1",0
"CGGACTGTCCGTCAAA-1",0
"CGGACTGTCGTTTGCC-1",2
"CGGACTGTCTTCATGT-1",0
"CGGAGCTAGTTTAGGA-1",5
"CGGAGCTCATTGAGCT-1",0
"CGGAGCTGTAGAAAGG-1",1
"CGGAGCTTCACTTATC-1",2
"CGGAGCTTCATGTAGC-1",0
"CGGAGCTTCCACGAAT-1",0
"CGGAGTCAGTGCGATG-1",5
"CGGAGTCAGTGTGAAT-1",0
"CGGAGTCCAGTGGGAT-1",0
"CGGAGTCCATTATCTC-1",3
"CGGAGTCGTAGCTGCC-1",3
"CGGAGTCGTCCAGTGC-1",1
"CGGAGTCGTGTTCGAT-1",0
"CGGAGTCTCCCAGGTG-1",1
"CGGAGTCTCCGTAGTA-1",0
"CGGCTAGAGAAACGCC-1",1
"CGGCTAGAGCACCGTC-1",1
"CGGCTAGAGCTAAACA-1",0
"CGGCTAGCAGACAAAT-1",2
"CGGCTAGGTAACGCGA-1",0
"CGGCTAGGTTCATGGT-1",4
"CGGCTAGTCAAAGACA-1",8
"CGGCTAGTCGTGGGAA-1",0
"CGGCTAGTCTTGTTTG-1",0
"CGGGTCAAGAGTCGGT-1",2
"CGGGTCAAGCACACAG-1",2
"CGGGTCAAGCTAACTC-1",0
"CGGGTCAAGGACACCA-1",0
"CGGGTCAAGTATGACA-1",5
"CGGGTCACAATGACCT-1",0
"CGGGTCACACCGAAAG-1",6
"CGGGTCACAGCCACCA-1",1
"CGGGTCACATACAGCT-1",0
"CGGGTCACATCCTTGC-1",0
"CGGGTCAGTAGCGCTC-1",5
"CGGGTCAGTCGATTGT-1",0
"CGGGTCAGTGCAACTT-1",0
"CGGGTCAGTTGTTTGG-1",0
"CGGGTCATCAACACCA-1",3
"CGGGTCATCACCTTAT-1",0
"CGGGTCATCCACGACG-1",3
"CGGTTAACAGGACCCT-1",1
"CGGTTAACATGTCCTC-1",0
"CGGTTAACATTCCTGC-1",0
"CGGTTAAGTCGACTGC-1",3
"CGGTTAATCCGGCACA-1",0
"CGGTTAATCCTTTCGG-1",6
"CGGTTAATCTTATCTG-1",0
"CGTAGCGAGATGTAAC-1",4
"CGTAGCGAGGCAATTA-1",0
"CGTAGCGAGTAGGTGC-1",0
"CGTAGCGCAAGCGCTC-1",2
"CGTAGCGTCCAACCAA-1",1
"CGTAGCGTCGGCGGTT-1",3
"CGTAGGCAGGGCTCTC-1",0
"CGTAGGCCAAGCGATG-1",4
"CGTAGGCCACTAAGTC-1",1
"CGTAGGCCAGAGTGTG-1",3
"CGTAGGCCATCCCATC-1",1
"CGTAGGCGTATTAGCC-1",3
"CGTAGGCGTCAATACC-1",1
"CGTAGGCGTGGCGAAT-1",0
"CGTAGGCTCCAGAAGG-1",1
"CGTCACTAGTCATGCT-1",0
"CGTCACTCAAAGCGGT-1",0
"CGTCACTCAGGTCCAC-1",2
"CGTCACTCAGTCACTA-1",0
"CGTCACTTCCTTGACC-1",0
"CGTCACTTCGGTGTTA-1",0
"CGTCACTTCTGTGCAA-1",4
"CGTCACTTCTTGAGAC-1",0
"CGTCAGGAGCTGTTCA-1",1
"CGTCAGGCAAAGCAAT-1",1
"CGTCAGGCAAAGCGGT-1",5
"CGTCAGGCAACACGCC-1",1
"CGTCAGGCATCCGCGA-1",10
"CGTCAGGGTCAGCTAT-1",8
"CGTCAGGGTCGTTGTA-1",0
"CGTCAGGGTGTAAGTA-1",0
"CGTCAGGTCCACTGGG-1",1
"CGTCAGGTCGACAGCC-1",3
"CGTCAGGTCGGGAGTA-1",4
"CGTCCATAGACCACGA-1",4
"CGTCCATAGCGATTCT-1",1
"CGTCCATAGGCTATCT-1",1
"CGTCCATAGTCTCAAC-1",1
"CGTCCATCACGACTCG-1",0
"CGTCCATCATTCACTT-1",2
"CGTCCATGTCTAGCGC-1",0
"CGTCCATGTGATAAAC-1",2
"CGTCCATGTTTGGGCC-1",7
"CGTCCATGTTTGTGTG-1",1
"CGTCCATTCAACACCA-1",1
"CGTCCATTCATTCACT-1",0
"CGTCTACAGTGCGTGA-1",0
"CGTCTACGTAGTAGTA-1",0
"CGTCTACTCGAGCCCA-1",0
"CGTCTACTCGCCATAA-1",2
"CGTCTACTCGGCCGAT-1",4
"CGTCTACTCGTCCAGG-1",1
"CGTCTACTCTATCGCC-1",0
"CGTGAGCAGATCTGAA-1",2
"CGTGAGCAGCAATCTC-1",0
"CGTGAGCAGCGGATCA-1",0
"CGTGAGCAGCTAGTGG-1",1
"CGTGAGCAGCTTCGCG-1",3
"CGTGAGCAGGGCACTA-1",0
"CGTGAGCAGGGTGTGT-1",0
"CGTGAGCAGTGGAGAA-1",0
"CGTGAGCCAAGCCGCT-1",1
"CGTGAGCCACGTAAGG-1",0
"CGTGAGCCATACGCCG-1",0
"CGTGAGCGTAGATTAG-1",0
"CGTGAGCGTCTCTTAT-1",1
"CGTGAGCTCACAAACC-1",2
"CGTGAGCTCCAAATGC-1",1
"CGTGAGCTCCGAGCCA-1",3
"CGTGAGCTCGTTGCCT-1",0
"CGTGAGCTCTGGGCCA-1",0
"CGTGTAAAGATAGTCA-1",4
"CGTGTAAAGGTGTTAA-1",2
"CGTGTAAAGTACATGA-1",1
"CGTGTAACATGGGACA-1",0
"CGTGTAAGTCCGCTGA-1",0
"CGTGTAAGTGTCTGAT-1",4
"CGTGTAATCTACTATC-1",0
"CGTGTAATCTCGATGA-1",1
"CGTGTAATCTTTAGTC-1",2
"CGTGTCTAGGCGCTCT-1",1
"CGTGTCTAGGGATGGG-1",2
"CGTGTCTCAGACAAAT-1",1
"CGTGTCTCAGACACTT-1",0
"CGTGTCTGTAAGAGGA-1",1
"CGTGTCTGTATATGAG-1",0
"CGTGTCTGTCAAAGCG-1",0
"CGTGTCTGTTCCGTCT-1",0
"CGTGTCTTCAATCACG-1",1
"CGTGTCTTCAGAGGTG-1",0
"CGTGTCTTCATAGCAC-1",0
"CGTGTCTTCCGAACGC-1",2
"CGTGTCTTCGGCATCG-1",0
"CGTGTCTTCGTGGACC-1",0
"CGTGTCTTCTACTTAC-1",2
"CGTGTCTTCTGAGTGT-1",6
"CGTTAGAAGATCTGAA-1",2
"CGTTAGAAGGCCCTTG-1",0
"CGTTAGACACGAAAGC-1",4
"CGTTAGACAGCTTCGG-1",1
"CGTTAGAGTTTAAGCC-1",2
"CGTTAGATCACTTATC-1",1
"CGTTAGATCAGCCTAA-1",0
"CGTTCTGAGAAGGGTA-1",2
"CGTTCTGAGACTAGGC-1",1
"CGTTCTGAGTGAACAT-1",4
"CGTTCTGCAGCTCGCA-1",5
"CGTTCTGCATTGGCGC-1",0
"CGTTCTGGTGAGGGTT-1",0
"CGTTCTGTCTGATTCT-1",0
"CGTTGGGAGCTAGTTC-1",9
"CGTTGGGAGGATGCGT-1",1
"CGTTGGGCACATTAGC-1",4
"CGTTGGGCAGACAGGT-1",0
"CGTTGGGGTTCCCGAG-1",0
"CGTTGGGTCATGCTCC-1",2
"CGTTGGGTCCATGAAC-1",4
"CGTTGGGTCTACCAGA-1",1
"CTAACTTAGTCCTCCT-1",0
"CTAACTTCAATAGCAA-1",0
"CTAACTTCAATCGGTT-1",0
"CTAACTTGTGAGGCTA-1",0
"CTAACTTTCGTACGGC-1",2
"CTAACTTTCTGGCGTG-1",5
"CTAAGACAGGGAAACA-1",0
"CTAAGACAGTACATGA-1",1
"CTAAGACAGTTCGCGC-1",0
"CTAAGACCAAGTAATG-1",3
"CTAAGACCAGTAAGAT-1",1
"CTAAGACCATGCAATC-1",0
"CTAAGACGTAAGGATT-1",0
"CTAAGACGTATCAGTC-1",3
"CTAAGACGTCACCTAA-1",0
"CTAAGACTCGTTGCCT-1",2
"CTAAGACTCTTACCGC-1",0
"CTAAGACTCTTGAGGT-1",0
"CTAATGGAGCAATCTC-1",0
"CTAATGGAGCGCTCCA-1",2
"CTAATGGAGCTCCCAG-1",1
"CTAATGGAGCTGAAAT-1",2
"CTAATGGAGTTAGGTA-1",3
"CTAATGGCATGGAATA-1",1
"CTAATGGGTACCGCTG-1",2
"CTAATGGGTCTAGCGC-1",2
"CTAATGGGTGAGGGAG-1",2
"CTAATGGGTTGGTGGA-1",0
"CTAATGGTCATGCTCC-1",3
"CTAATGGTCCACTGGG-1",0
"CTAATGGTCCGTTGCT-1",2
"CTAATGGTCCTAGAAC-1",2
"CTACACCAGTGCGATG-1",0
"CTACACCCACGGACAA-1",12
"CTACACCGTAATAGCA-1",0
"CTACACCGTCTGATTG-1",1
"CTACACCGTTCGTCTC-1",0
"CTACACCTCAGAAATG-1",5
"CTACACCTCGGCTTGG-1",0
"CTACACCTCGGTCCGA-1",5
"CTACACCTCTCGCATC-1",0
"CTACACCTCTCTGCTG-1",2
"CTACATTAGATCACGG-1",0
"CTACATTCACTCGACG-1",0
"CTACATTCATTTCACT-1",4
"CTACATTGTGATGATA-1",0
"CTACATTGTTCGAATC-1",2
"CTACATTTCAACGCTA-1",0
"CTACATTTCGCCATAA-1",7
"CTACATTTCTAGCACA-1",2
"CTACCCACACAGAGGT-1",0
"CTACCCACACGACGAA-1",3
"CTACCCACATGGTTGT-1",0
"CTACCCAGTATCTGCA-1",2
"CTACCCAGTATGAATG-1",0
"CTACCCAGTCAGAAGC-1",0
"CTACCCAGTGTGACCC-1",1
"CTACCCAGTTATGTGC-1",4
"CTACCCATCTACGAGT-1",2
"CTACGTCAGGTGCAAC-1",1
"CTACGTCAGTGCGATG-1",0
"CTACGTCAGTTGTCGT-1",1
"CTACGTCCATATACCG-1",1
"CTACGTCGTATATGGA-1",4
"CTACGTCGTGTGGTTT-1",1
"CTACGTCTCAAAGTAG-1",0
"CTACGTCTCACGACTA-1",3
"CTACGTCTCACGGTTA-1",0
"CTACGTCTCCTAGAAC-1",11
"CTAGAGTAGCTGTCTA-1",2
"CTAGAGTAGGATCGCA-1",1
"CTAGAGTAGTCCATAC-1",1
"CTAGAGTCACATTAGC-1",2
"CTAGAGTCAGTATGCT-1",1
"CTAGAGTCATACTCTT-1",2
"CTAGAGTCATGTAAGA-1",0
"CTAGAGTGTGACCAAG-1",0
"CTAGAGTTCAACACCA-1",1
"CTAGAGTTCCGTCAAA-1",2
"CTAGAGTTCCTAAGTG-1",4
"CTAGAGTTCGCCAGCA-1",1
"CTAGAGTTCGCTTAGA-1",1
"CTAGAGTTCGTGACAT-1",0
"CTAGAGTTCTGATTCT-1",3
"CTAGCCTCACCAGATT-1",0
"CTAGCCTGTATATCCG-1",0
"CTAGCCTGTGATGCCC-1",3
"CTAGCCTTCGGGAGTA-1",0
"CTAGTGAAGCTGGAAC-1",3
"CTAGTGAAGTGTACCT-1",4
"CTAGTGACAAGTCTAC-1",5
"CTAGTGACAGGATCGA-1",2
"CTAGTGAGTTATGCGT-1",1
"CTAGTGATCAGTTGAC-1",1
"CTAGTGATCCAGTAGT-1",0
"CTCACACAGCTAAGAT-1",2
"CTCACACAGCTGCCCA-1",0
"CTCACACAGGATGCGT-1",1
"CTCACACCACGTAAGG-1",1
"CTCACACCACTGTTAG-1",0
"CTCACACCATATACGC-1",0
"CTCACACGTGCTGTAT-1",2
"CTCACACGTTCCATGA-1",0
"CTCACACGTTTGGGCC-1",0
"CTCACACTCACCGGGT-1",1
"CTCACACTCATCGGAT-1",1
"CTCACACTCCGCGCAA-1",0
"CTCACACTCTAACCGA-1",3
"CTCAGAAAGAGCTGCA-1",5
"CTCAGAAAGGAGTAGA-1",2
"CTCAGAACAACGCACC-1",0
"CTCAGAACAAGCGATG-1",1
"CTCAGAACAGGGCATA-1",1
"CTCAGAAGTGACGGTA-1",1
"CTCAGAATCTTAACCT-1",1
"CTCATTAAGAACTGTA-1",4
"CTCATTACATGGTCAT-1",1
"CTCATTAGTGTAACGG-1",0
"CTCATTAGTTTACTCT-1",1
"CTCCTAGCAAGTACCT-1",3
"CTCCTAGCAATTCCTT-1",0
"CTCCTAGCACTGTCGG-1",2
"CTCCTAGCAGTCCTTC-1",1
"CTCCTAGCATAACCTG-1",0
"CTCCTAGCATGCGCAC-1",1
"CTCCTAGGTAGAAAGG-1",2
"CTCCTAGGTCCGAGTC-1",2
"CTCCTAGGTCTAGCCG-1",16
"CTCCTAGGTGTTTGTG-1",1
"CTCCTAGGTTCGTGAT-1",0
"CTCCTAGGTTGTTTGG-1",1
"CTCCTAGTCACTTACT-1",0
"CTCCTAGTCTCATTCA-1",1
"CTCGAAAAGCCCAACC-1",0
"CTCGAAAAGCTATGCT-1",2
"CTCGAAAAGGCCCTTG-1",4
"CTCGAAAAGGGCTTCC-1",0
"CTCGAAACAAGCCGTC-1",0
"CTCGAAACACATTAGC-1",5
"CTCGAAACACCGAAAG-1",1
"CTCGAAACACGGCTAC-1",0
"CTCGAAACAGTAAGAT-1",3
"CTCGAAACATACGCCG-1",0
"CTCGAGGAGCCATCGC-1",1
"CTCGAGGAGGGCTTCC-1",3
"CTCGAGGCAGATAATG-1",5
"CTCGAGGGTATTCTCT-1",0
"CTCGAGGGTGCCTGGT-1",2
"CTCGGAGAGTCCCACG-1",0
"CTCGGAGCACTTCTGC-1",0
"CTCGGAGCAGCTGCAC-1",1
"CTCGGAGCAGGATCGA-1",2
"CTCGGAGGTAGCCTAT-1",0
"CTCGGAGGTCATGCCG-1",0
"CTCGGAGTCAAACGGG-1",1
"CTCGGAGTCACATACG-1",6
"CTCGGAGTCAGCTTAG-1",0
"CTCGGGAAGACCTAGG-1",1
"CTCGGGACACAGCCCA-1",1
"CTCGGGACATAAAGGT-1",1
"CTCGGGACATCCCACT-1",4
"CTCGGGACATGTCGAT-1",2
"CTCGGGAGTCGCGTGT-1",0
"CTCGGGAGTGACTACT-1",2
"CTCGGGAGTTACGACT-1",10
"CTCGGGATCCGTACAA-1",2
"CTCGGGATCCTTGACC-1",3
"CTCGGGATCTTAGCCC-1",0
"CTCGGGATCTTGTTTG-1",0
"CTCGTACAGCGATAGC-1",2
"CTCGTACCAGCGTAAG-1",1
"CTCGTACCATAGTAAG-1",0
"CTCGTACGTAGAGTGC-1",1
"CTCGTACGTATCACCA-1",1
"CTCGTACGTGCAGTAG-1",0
"CTCGTACTCAAAGTAG-1",4
"CTCGTACTCAATCTCT-1",1
"CTCGTACTCGTTGCCT-1",0
"CTCGTACTCTGGTTCC-1",4
"CTCGTCAAGATGCCTT-1",1
"CTCGTCAAGTGGAGTC-1",3
"CTCGTCAAGTTTGCGT-1",1
"CTCGTCACAACGATCT-1",10
"CTCGTCACACATCCGG-1",10
"CTCGTCACAGTCGTGC-1",3
"CTCGTCAGTCTCATCC-1",0
"CTCGTCAGTCTCCATC-1",1
"CTCGTCAGTGAGCGAT-1",0
"CTCGTCAGTTGACGTT-1",0
"CTCGTCAGTTGGGACA-1",1
"CTCGTCATCACTTATC-1",0
"CTCGTCATCGACCAGC-1",1
"CTCGTCATCTGCTGTC-1",1
"CTCTAATCACCAGGTC-1",1
"CTCTAATCACGGTGTC-1",3
"CTCTAATCAGGAATCG-1",1
"CTCTAATGTCCAAGTT-1",1
"CTCTACGAGCTAAACA-1",0
"CTCTACGAGCTAGTGG-1",1
"CTCTACGAGTACGCCC-1",0
"CTCTACGAGTAGGCCA-1",1
"CTCTACGCAATAACGA-1",0
"CTCTACGCAGACGCTC-1",4
"CTCTACGCATGACATC-1",1
"CTCTACGTCATGTCTT-1",2
"CTCTACGTCCCTAATT-1",1
"CTCTACGTCGGCATCG-1",1
"CTCTACGTCGGTCTAA-1",2
"CTCTGGTAGCAGCGTA-1",0
"CTCTGGTAGCGTTCCG-1",1
"CTCTGGTAGGCATGGT-1",4
"CTCTGGTAGTGCCAGA-1",6
"CTCTGGTCACAAGCCC-1",1
"CTCTGGTCAGCCTTTC-1",1
"CTCTGGTTCATCTGTT-1",4
"CTCTGGTTCTTGTACT-1",0
"CTGAAACAGATCCCGC-1",0
"CTGAAACAGGTGCTAG-1",0
"CTGAAACAGTCCGTAT-1",0
"CTGAAACAGTGTCTCA-1",1
"CTGAAACGTCATCGGC-1",1
"CTGAAACGTTAAAGAC-1",0
"CTGAAACTCATACGGT-1",1
"CTGAAGTAGTGCGTGA-1",6
"CTGAAGTCAGCTGTAT-1",5
"CTGAAGTGTTAAAGTG-1",0
"CTGAAGTTCAAGCCTA-1",2
"CTGAAGTTCGGATGTT-1",3
"CTGATAGAGGGAGTAA-1",0
"CTGATAGAGTGCAAGC-1",0
"CTGATAGCAGCCTTTC-1",1
"CTGATAGCATCCCATC-1",2
"CTGATAGCATCTCCCA-1",0
"CTGATAGGTCAAAGCG-1",2
"CTGATAGGTCGCTTTC-1",1
"CTGATAGGTTACGACT-1",3
"CTGATAGTCGCGATCG-1",1
"CTGATAGTCTTATCTG-1",0
"CTGATCCAGGCATTGG-1",0
"CTGATCCAGGTGACCA-1",0
"CTGATCCCACAGAGGT-1",1
"CTGATCCCAGGCTGAA-1",0
"CTGATCCGTGCCTGGT-1",5
"CTGATCCGTTATCCGA-1",1
"CTGATCCGTTGTGGCC-1",0
"CTGCCTAAGGGTCTCC-1",5
"CTGCCTAAGGTGATAT-1",0
"CTGCCTAAGTACGCGA-1",1
"CTGCCTAAGTGCGTGA-1",0
"CTGCCTACATCCCACT-1",1
"CTGCCTATCAATAAGG-1",4
"CTGCGGAAGAAGGACA-1",0
"CTGCGGAAGAGCTGGT-1",1
"CTGCGGAAGATGAGAG-1",0
"CTGCGGACAGGTCGTC-1",0
"CTGCGGACATGTCTCC-1",4
"CTGCGGAGTCACTTCC-1",4
"CTGCGGAGTCGTGGCT-1",2
"CTGCGGAGTTCTGTTT-1",0
"CTGCGGAGTTGGACCC-1",3
"CTGCGGATCGCCTGTT-1",0
"CTGCGGATCTTACCGC-1",0
"CTGCTGTAGGGTGTTG-1",0
"CTGCTGTAGTACCGGA-1",1
"CTGCTGTAGTGGAGAA-1",0
"CTGCTGTCACATCTTT-1",5
"CTGCTGTGTTAAAGAC-1",0
"CTGCTGTTCTCCAACC-1",0
"CTGCTGTTCTTACCGC-1",3
"CTGGTCTAGCGTTGCC-1",3
"CTGGTCTAGGACAGCT-1",3
"CTGGTCTAGGGCTTGA-1",5
"CTGGTCTAGTCGAGTG-1",0
"CTGGTCTCAAAGGAAG-1",4
"CTGGTCTCACCAGTTA-1",11
"CTGGTCTGTACCTACA-1",0
"CTGGTCTGTACGCTGC-1",9
"CTGGTCTGTCCGCTGA-1",0
"CTGGTCTGTCCGTTAA-1",2
"CTGGTCTGTTCATGGT-1",2
"CTGGTCTGTTCGTGAT-1",1
"CTGGTCTTCAACGGGA-1",7
"CTGGTCTTCACTTACT-1",0
"CTGGTCTTCTTACCTA-1",0
"CTGTGCTGTATATCCG-1",7
"CTGTGCTGTCATCCCT-1",3
"CTGTGCTGTCCCTACT-1",5
"CTGTGCTGTCGGCACT-1",3
"CTGTGCTTCCATTCTA-1",1
"CTGTGCTTCCGTACAA-1",1
"CTGTTTAAGAAACCGC-1",0
"CTGTTTAAGATCGATA-1",0
"CTGTTTAAGGAGTTGC-1",1
"CTGTTTAGTCAAAGCG-1",0
"CTGTTTATCAGCCTAA-1",0
"CTGTTTATCATTTGGG-1",1
"CTGTTTATCTCCAGGG-1",1
"CTGTTTATCTCTTGAT-1",3
"CTGTTTATCTTCTGGC-1",1
"CTTAACTAGCCAGTAG-1",2
"CTTAACTAGGCTCTTA-1",6
"CTTAACTAGGTGCACA-1",0
"CTTAACTAGTCTCGGC-1",0
"CTTACCGAGCGCTTAT-1",0
"CTTACCGAGGCTACGA-1",0
"CTTACCGCAGATCTGT-1",0
"CTTACCGCAGTCAGAG-1",2
"CTTACCGGTCCTGCTT-1",9
"CTTACCGGTCGCCATG-1",1
"CTTACCGGTCTACCTC-1",4
"CTTACCGTCGGACAAG-1",0
"CTTAGGAAGCCCAACC-1",12
"CTTAGGACACGACGAA-1",2
"CTTAGGAGTTATGTGC-1",0
"CTTAGGATCCCATTTA-1",6
"CTTAGGATCTTTACAC-1",1
"CTTCTCTAGAACTCGG-1",2
"CTTCTCTAGAGTGAGA-1",1
"CTTCTCTAGCAGGCTA-1",1
"CTTCTCTAGTTAACGA-1",4
"CTTCTCTCAAAGGTGC-1",0
"CTTCTCTGTAACGACG-1",0
"CTTCTCTGTGCATCTA-1",7
"CTTCTCTTCGAGCCCA-1",4
"CTTGGCTAGCGATATA-1",0
"CTTGGCTAGTACGTTC-1",5
"CTTGGCTCATTACCTT-1",5
"CTTGGCTGTCTCCATC-1",1
"CTTGGCTTCCCTAATT-1",4
"CTTGGCTTCGCGTAGC-1",3
"CTTGGCTTCTCGTTTA-1",1
"CTTTGCGAGCAAATCA-1",0
"CTTTGCGAGCGTTCCG-1",1
"CTTTGCGAGTATCTCG-1",2
"CTTTGCGCAATTCCTT-1",0
"CTTTGCGCACTTAAGC-1",1
"CTTTGCGCAGACGCAA-1",0
"CTTTGCGGTAGAGGAA-1",2
"CTTTGCGTCCAGGGCT-1",8
"GAAACTCAGAGACGAA-1",0
"GAAACTCAGAGGTTAT-1",8
"GAAACTCAGCAGCCTC-1",7
"GAAACTCAGCCCAGCT-1",0
"GAAACTCAGCTAAACA-1",4
"GAAACTCAGTGCTGCC-1",2
"GAAACTCCAAGCCCAC-1",3
"GAAACTCCACATGACT-1",3
"GAAACTCCAGACACTT-1",0
"GAAACTCCATGGATGG-1",5
"GAAACTCGTACTCGCG-1",3
"GAAACTCGTAGCGATG-1",1
"GAAACTCGTGTGAAAT-1",0
"GAAACTCGTTTGTGTG-1",0
"GAAATGAAGACTAGGC-1",0
"GAAATGAAGCCAGTTT-1",0
"GAAATGAAGCTAGTCT-1",1
"GAAATGAAGTACGTAA-1",2
"GAAATGATCATGCTCC-1",0
"GAAATGATCCTCGCAT-1",1
"GAACATCAGATGGCGT-1",0
"GAACATCCAACAACCT-1",2
"GAACATCCACATCTTT-1",1
"GAACATCCACCTATCC-1",10
"GAACATCCACGGACAA-1",0
"GAACATCCATGCTAGT-1",0
"GAACATCGTACGACCC-1",0
"GAACATCGTGGACGAT-1",1
"GAACATCGTTCCCGAG-1",0
"GAACATCTCCAAGTAC-1",1
"GAACATCTCGATCCCT-1",6
"GAACATCTCTCCAACC-1",4
"GAACCTAAGAACTGTA-1",2
"GAACCTAAGAGCAATT-1",2
"GAACCTAAGCCAGTAG-1",10
"GAACCTACAAGGACAC-1",3
"GAACCTACAGACACTT-1",3
"GAACCTAGTACCAGTT-1",1
"GAACCTAGTGTCAATC-1",0
"GAACCTATCACGATGT-1",1
"GAACGGAAGACGCAAC-1",8
"GAACGGAAGTAATCCC-1",3
"GAACGGAAGTCAATAG-1",0
"GAACGGAAGTGGACGT-1",0
"GAACGGACACAGCGTC-1",1
"GAACGGACACCTCGTT-1",0
"GAACGGACACTTAACG-1",2
"GAACGGAGTAGCGTAG-1",6
"GAACGGAGTCAGAGGT-1",2
"GAACGGAGTGGCGAAT-1",0
"GAACGGATCACTCCTG-1",1
"GAACGGATCCACGAAT-1",12
"GAACGGATCGTAGGAG-1",1
"GAACGGATCTGTCAAG-1",0
"GAAGCAGAGACTAAGT-1",3
"GAAGCAGAGAGACGAA-1",0
"GAAGCAGAGCCACGCT-1",2
"GAAGCAGAGTTCGCGC-1",4
"GAAGCAGCAATCCGAT-1",0
"GAAGCAGCACTCGACG-1",1
"GAAGCAGCAGATCTGT-1",0
"GAAGCAGCAGATGAGC-1",0
"GAAGCAGCATGAACCT-1",4
"GAAGCAGCATGGAATA-1",1
"GAAGCAGGTAACGCGA-1",3
"GAAGCAGGTCATACTG-1",1
"GAAGCAGTCCTAGTGA-1",3
"GAAGCAGTCTTATCTG-1",0
"GAATAAGCAAGGTGTG-1",1
"GAATAAGCAGACAAGC-1",0
"GAATAAGCATGCAACT-1",4
"GAATAAGGTCCGTTAA-1",2
"GAATAAGGTGAGTGAC-1",1
"GAATAAGGTTCCCTTG-1",3
"GAATAAGTCGTTTAGG-1",1
"GAATGAAAGAGTCTGG-1",3
"GAATGAAAGCTTATCG-1",0
"GAATGAAAGGCATGTG-1",1
"GAATGAACAAACGCGA-1",1
"GAATGAACAGTGAGTG-1",1
"GAATGAACATCATCCC-1",2
"GAATGAAGTCAACATC-1",4
"GAATGAAGTCTCACCT-1",0
"GAATGAAGTGGCAAAC-1",0
"GAATGAAGTTGCGTTA-1",0
"GAATGAATCAGTTAGC-1",0
"GAATGAATCCTGCCAT-1",4
"GACACGCAGACGCACA-1",2
"GACACGCAGAGTAATC-1",0
"GACACGCAGCCAACAG-1",1
"GACACGCAGGAGTTTA-1",2
"GACACGCAGGGCATGT-1",0
"GACACGCAGGTGCACA-1",0
"GACACGCAGTCCAGGA-1",4
"GACACGCAGTGGGATC-1",3
"GACACGCAGTGGGTTG-1",0
"GACACGCCAAGCGTAG-1",0
"GACACGCCAAGGACAC-1",0
"GACACGCCAGACGCTC-1",0
"GACACGCCATCCTTGC-1",4
"GACACGCGTTCACGGC-1",0
"GACACGCTCATGTAGC-1",1
"GACAGAGAGTACGATA-1",0
"GACAGAGCAACGATCT-1",1
"GACAGAGCAAGTCTAC-1",0
"GACAGAGCAGCTCCGA-1",2
"GACAGAGCAGCTGGCT-1",2
"GACAGAGGTAGAAAGG-1",4
"GACAGAGTCAAACAAG-1",2
"GACAGAGTCAGAGACG-1",0
"GACAGAGTCCTTCAAT-1",3
"GACAGAGTCCTTGCCA-1",3
"GACAGAGTCTTCATGT-1",0
"GACCAATAGAAGGGTA-1",1
"GACCAATAGCTACCGC-1",1
"GACCAATAGCTACCTA-1",2
"GACCAATCAGGTGCCT-1",6
"GACCAATCATGCGCAC-1",0
"GACCAATGTACAGTTC-1",0
"GACCAATGTCGCTTCT-1",0
"GACCAATTCCGATATG-1",1
"GACCAATTCGAATGGG-1",0
"GACCAATTCGTCACGG-1",3
"GACCTGGCATCACAAC-1",1
"GACCTGGCATGTCTCC-1",1
"GACCTGGCATTGGCGC-1",4
"GACCTGGGTAAAGGAG-1",6
"GACCTGGGTCCAGTTA-1",3
"GACCTGGGTGCAGTAG-1",2
"GACCTGGTCATAGCAC-1",4
"GACCTGGTCCTTGCCA-1",7
"GACCTGGTCGCATGAT-1",1
"GACCTGGTCGTCACGG-1",1
"GACGCGTAGTGGTAAT-1",3
"GACGCGTAGTTGTAGA-1",0
"GACGCGTGTAAAGGAG-1",0
"GACGCGTGTGTGAAAT-1",3
"GACGCGTGTTAAGACA-1",2
"GACGCGTTCAAACCGT-1",4
"GACGCGTTCCAAATGC-1",1
"GACGCGTTCCGCGGTA-1",0
"GACGCGTTCCTACAGA-1",0
"GACGCGTTCGACGGAA-1",0
"GACGCGTTCTCCGGTT-1",6
"GACGGCTAGAAGATTC-1",0
"GACGGCTAGAGCTGGT-1",0
"GACGGCTCAAGGTTTC-1",3
"GACGGCTCACCGCTAG-1",2
"GACGGCTCATGAACCT-1",0
"GACGGCTCATGCAACT-1",2
"GACGGCTGTGTGTGCC-1",0
"GACGGCTGTTATGTGC-1",8
"GACGGCTGTTTGGCGC-1",1
"GACGGCTTCTATCGCC-1",0
"GACGTGCAGGCAAAGA-1",0
"GACGTGCAGGGTGTGT-1",0
"GACGTGCAGGTGTTAA-1",2
"GACGTGCCAGGTCGTC-1",2
"GACGTGCGTAACGTTC-1",1
"GACGTGCTCACCTCGT-1",0
"GACGTTAAGCTACCGC-1",2
"GACGTTAAGGCAAAGA-1",5
"GACGTTAAGTCAAGCG-1",2
"GACGTTACAAGCCATT-1",2
"GACGTTACAAGGTTTC-1",1
"GACGTTACAGACACTT-1",2
"GACGTTAGTATCTGCA-1",1
"GACGTTAGTTTGACAC-1",4
"GACGTTAGTTTGACTG-1",1
"GACGTTATCACAGGCC-1",0
"GACGTTATCATTGCGA-1",0
"GACGTTATCCCGGATG-1",2
"GACGTTATCCGAAGAG-1",1
"GACGTTATCGCGTTTC-1",3
"GACGTTATCTGTCCGT-1",0
"GACTAACAGACAGAGA-1",1
"GACTAACAGTGGAGAA-1",1
"GACTAACCAAATCCGT-1",4
"GACTAACGTCTAGTCA-1",1
"GACTAACGTGCAACTT-1",0
"GACTAACGTTCAGACT-1",4
"GACTAACTCCGCGCAA-1",0
"GACTAACTCCTTTCTC-1",1
"GACTAACTCTTGCCGT-1",4
"GACTAACTCTTTACAC-1",2
"GACTACAAGATATGGT-1",2
"GACTACACAAATCCGT-1",1
"GACTACAGTGCTGTAT-1",3
"GACTACATCAGCCTAA-1",0
"GACTACATCAGGTAAA-1",2
"GACTACATCTGCAGTA-1",2
"GACTGCGAGCGTAGTG-1",0
"GACTGCGAGTTGTAGA-1",1
"GACTGCGCACTTAACG-1",2
"GACTGCGCATGTTCCC-1",2
"GACTGCGGTACGCACC-1",1
"GACTGCGGTTCTCATT-1",0
"GACTGCGTCAACACAC-1",0
"GACTGCGTCACGACTA-1",0
"GACTGCGTCGCCCTTA-1",0
"GACTGCGTCTCAAACG-1",0
"GAGCAGAGTAGGGTAC-1",1
"GAGCAGAGTCAGATAA-1",1
"GAGCAGAGTCATATGC-1",0
"GAGCAGAGTGAGCGAT-1",2
"GAGCAGAGTGTAACGG-1",12
"GAGCAGAGTGTGACCC-1",0
"GAGCAGAGTTCGGGCT-1",1
"GAGCAGAGTTTAAGCC-1",0
"GAGCAGAGTTTGCATG-1",9
"GAGGTGAAGCAACGGT-1",1
"GAGGTGAAGGCTCTTA-1",1
"GAGGTGAAGTGGTAGC-1",6
"GAGGTGAAGTTGTAGA-1",4
"GAGGTGACACTGTCGG-1",0
"GAGGTGACATCCTTGC-1",0
"GAGGTGACATGCATGT-1",1
"GAGGTGAGTACCTACA-1",1
"GAGGTGAGTCATTAGC-1",2
"GAGGTGAGTTCCTCCA-1",0
"GAGGTGATCATCGCTC-1",0
"GAGGTGATCTAGAGTC-1",0
"GAGGTGATCTCTAGGA-1",9
"GAGGTGATCTGCTGTC-1",0
"GAGGTGATCTGGGCCA-1",0
"GAGTCCGAGGACAGAA-1",3
"GAGTCCGAGGCATGTG-1",1
"GAGTCCGAGGCGTACA-1",0
"GAGTCCGCAAACCCAT-1",6
"GAGTCCGGTCAAGCGA-1",1
"GAGTCCGGTGACCAAG-1",2
"GAGTCCGGTGACTCAT-1",3
"GAGTCCGGTGTGACCC-1",3
"GAGTCCGGTTCGGGCT-1",1
"GAGTCCGGTTTGCATG-1",1
"GAGTCCGTCGGCGCAT-1",2
"GAGTCCGTCTGATTCT-1",0
"GATCAGTAGATGTCGG-1",0
"GATCAGTAGTGGTAGC-1",0
"GATCAGTGTATATGAG-1",2
"GATCAGTGTCTGCGGT-1",4
"GATCAGTGTTATGCGT-1",3
"GATCAGTGTTGTACAC-1",4
"GATCAGTTCCCGACTT-1",3
"GATCGATAGAATGTTG-1",0
"GATCGATAGAGCTGCA-1",0
"GATCGATAGCATGGCA-1",6
"GATCGATCAAGCGAGT-1",1
"GATCGATCAAGCGTAG-1",0
"GATCGATGTCAACATC-1",0
"GATCGATGTTGCCTCT-1",1
"GATCGATTCCGCATCT-1",1
"GATCGCGAGATAGTCA-1",3
"GATCGCGAGCCTTGAT-1",0
"GATCGCGAGGAGCGTT-1",3
"GATCGCGCAGGTCGTC-1",0
"GATCGCGGTACAGCAG-1",3
"GATCGCGGTGAGTATA-1",1
"GATCGCGGTTGTCGCG-1",0
"GATCGCGTCACTCCTG-1",0
"GATCGTAAGACATAAC-1",4
"GATCGTAAGCTCAACT-1",2
"GATCGTACATAACCTG-1",8
"GATCGTAGTGGCTCCA-1",0
"GATCGTATCATATCGG-1",1
"GATCGTATCATGTCCC-1",1
"GATCGTATCTTACCGC-1",6
"GATCTAGAGCGTCTAT-1",1
"GATCTAGAGTGGAGAA-1",1
"GATCTAGCAACACCTA-1",8
"GATCTAGCAAGGGTCA-1",5
"GATCTAGGTCTAAAGA-1",0
"GATCTAGGTCTCACCT-1",2
"GATCTAGGTCTCTTTA-1",0
"GATCTAGTCACATAGC-1",6
"GATCTAGTCTAAGCCA-1",0
"GATGAAAAGAGTAATC-1",0
"GATGAAAAGCTCCCAG-1",0
"GATGAAACACGGTAGA-1",0
"GATGAAACAGCTGTAT-1",1
"GATGAAAGTGGGTATG-1",8
"GATGAAATCACCCTCA-1",1
"GATGAAATCACTCCTG-1",1
"GATGAAATCAGCAACT-1",1
"GATGAAATCGAGAGCA-1",1
"GATGAGGAGATCCCGC-1",0
"GATGAGGAGTTCGATC-1",1
"GATGAGGCACCAGTTA-1",1
"GATGAGGGTATCACCA-1",0
"GATGAGGGTATTCGTG-1",0
"GATGAGGGTCGCGTGT-1",0
"GATGAGGGTGATGATA-1",0
"GATGAGGTCACAGGCC-1",1
"GATGAGGTCACATAGC-1",0
"GATGAGGTCCCTTGTG-1",1
"GATGAGGTCTGCTGTC-1",0
"GATGCTAAGACTAAGT-1",0
"GATGCTAAGGATGCGT-1",2
"GATGCTAAGGCTCTTA-1",0
"GATGCTAAGGGAACGG-1",0
"GATGCTAAGTATCTCG-1",1
"GATGCTAAGTCTCGGC-1",1
"GATGCTACATGTTGAC-1",0
"GATGCTACATTGCGGC-1",6
"GATGCTAGTCTCCATC-1",1
"GATGCTAGTGGAAAGA-1",0
"GATGCTAGTTAGGGTG-1",1
"GATGCTATCCTGTACC-1",2
"GATGCTATCGGCGCTA-1",9
"GATTCAGAGAAACCTA-1",1
"GATTCAGAGAGTGACC-1",0
"GATTCAGAGATTACCC-1",4
"GATTCAGAGGGTCGAT-1",1
"GATTCAGAGGTCGGAT-1",3
"GATTCAGAGTCAATAG-1",1
"GATTCAGCAAGTTGTC-1",1
"GATTCAGCAATTCCTT-1",2
"GATTCAGCAGGGTACA-1",3
"GATTCAGCATCGACGC-1",5
"GATTCAGCATTATCTC-1",0
"GATTCAGGTAAATACG-1",0
"GATTCAGTCAACTCTT-1",6
"GCAAACTAGATGTTAG-1",1
"GCAAACTAGTCATGCT-1",0
"GCAAACTAGTCTCAAC-1",2
"GCAAACTCACAGGTTT-1",0
"GCAAACTGTCAGATAA-1",5
"GCAAACTGTCTCCATC-1",2
"GCAAACTTCGTGGTCG-1",2
"GCAATCAAGGGATCTG-1",0
"GCAATCAAGTATCTCG-1",1
"GCAATCAAGTGGGTTG-1",3
"GCAATCACAGCTTAAC-1",0
"GCAATCACATGTCGAT-1",0
"GCAATCACATTCCTCG-1",0
"GCAATCAGTAGGAGTC-1",2
"GCAATCAGTATAATGG-1",2
"GCAATCAGTTCTCATT-1",0
"GCAATCAGTTCTGGTA-1",5
"GCACATAAGAGCTATA-1",3
"GCACATAAGATGTTAG-1",2
"GCACATAAGCCTTGAT-1",1
"GCACATAAGGAGTACC-1",1
"GCACATAAGTGAAGTT-1",0
"GCACATACACCACGTG-1",1
"GCACATACAGCTGTAT-1",3
"GCACATACAGGAACGT-1",2
"GCACATAGTCATCGGC-1",0
"GCACATAGTCCGAATT-1",1
"GCACATAGTCTCTTTA-1",1
"GCACATAGTGCGCTTG-1",4
"GCACATATCACCTCGT-1",0
"GCACATATCTGGTTCC-1",0
"GCACTCTCAAGACACG-1",3
"GCACTCTCAATCACAC-1",2
"GCACTCTCATTTCAGG-1",8
"GCACTCTGTAAACCTC-1",5
"GCACTCTGTACCAGTT-1",2
"GCACTCTGTAGAAAGG-1",4
"GCACTCTGTCGAACAG-1",3
"GCACTCTGTCTAGGTT-1",6
"GCACTCTTCAACTCTT-1",4
"GCACTCTTCCCTAATT-1",0
"GCACTCTTCTGCCCTA-1",1
"GCAGCCAAGCTGATAA-1",2
"GCAGCCACATGAGCGA-1",0
"GCAGCCAGTAATCGTC-1",1
"GCAGCCAGTGTCGCTG-1",3
"GCAGCCATCAGTTGAC-1",5
"GCAGCCATCCCAACGG-1",0
"GCAGCCATCCGTACAA-1",5
"GCAGTTAAGTCCATAC-1",2
"GCAGTTAAGTCCGTAT-1",11
"GCAGTTAAGTTAACGA-1",7
"GCAGTTAGTGGACGAT-1",1
"GCAGTTAGTTATTCTC-1",1
"GCAGTTATCGCGATCG-1",0
"GCATACAAGATCTGCT-1",3
"GCATACAAGCAACGGT-1",0
"GCATACACAACGCACC-1",2
"GCATACACAAGGACTG-1",0
"GCATACACAAGTCTGT-1",0
"GCATACACAGTCAGCC-1",1
"GCATACACATCCTAGA-1",6
"GCATACACATCGGAAG-1",2
"GCATACAGTCCGAACC-1",2
"GCATACAGTTCTGGTA-1",0
"GCATACATCCACGACG-1",2
"GCATGATAGAATGTTG-1",2
"GCATGATAGAGTAATC-1",2
"GCATGATAGCTGATAA-1",7
"GCATGATAGGACCACA-1",0
"GCATGATAGGCTAGCA-1",5
"GCATGATAGTCAAGCG-1",1
"GCATGATAGTGGAGAA-1",0
"GCATGATCACACCGAC-1",0
"GCATGATCACATTTCT-1",3
"GCATGATGTCCCTACT-1",5
"GCATGATGTTGCGCAC-1",1
"GCATGATTCGTGGACC-1",1
"GCATGCGAGCATGGCA-1",1
"GCATGCGAGTCCAGGA-1",1
"GCATGCGCACTGCCAG-1",0
"GCATGCGGTAAGGATT-1",0
"GCATGCGGTCCTCTTG-1",0
"GCATGCGGTGTGAAAT-1",3
"GCATGCGTCCGCGGTA-1",3
"GCATGTAAGAACTGTA-1",2
"GCATGTAAGACAGACC-1",0
"GCATGTAAGTACTTGC-1",0
"GCATGTAAGTGCAAGC-1",3
"GCATGTACAACACGCC-1",3
"GCATGTATCACGAAGG-1",0
"GCCAAATCAAACTGTC-1",8
"GCCAAATCAAGGGTCA-1",0
"GCCAAATCAAGTTCTG-1",0
"GCCAAATCAGCCACCA-1",0
"GCCAAATCATAACCTG-1",3
"GCCAAATGTATAAACG-1",2
"GCCAAATGTGTTTGGT-1",5
"GCCAAATGTTTCGCTC-1",0
"GCCAAATTCAGGTAAA-1",0
"GCCAAATTCCGAGCCA-1",0
"GCCAAATTCCGCGGTA-1",0
"GCCAAATTCGGCTACG-1",2
"GCCTCTAAGAGTACCG-1",0
"GCCTCTAAGCCATCGC-1",1
"GCCTCTAAGCCGCCTA-1",0
"GCCTCTAAGCGATAGC-1",7
"GCCTCTAAGCTGCAAG-1",1
"GCCTCTAAGCTTCGCG-1",3
"GCCTCTAAGTCACGCC-1",3
"GCCTCTACAAGACGTG-1",0
"GCCTCTACAGCTATTG-1",2
"GCCTCTAGTAAGGATT-1",1
"GCCTCTAGTGATGATA-1",8
"GCCTCTAGTTAAGGGC-1",0
"GCCTCTATCAGCGACC-1",11
"GCCTCTATCCGATATG-1",1
"GCCTCTATCGAATCCA-1",0
"GCCTCTATCGAGCCCA-1",2
"GCCTCTATCGCTGATA-1",0
"GCCTCTATCTTTAGGG-1",0
"GCGACCAAGAGGTTAT-1",0
"GCGACCACACTTACGA-1",3
"GCGACCAGTCAGGACA-1",6
"GCGACCAGTCTAGAGG-1",4
"GCGACCATCAACGGGA-1",0
"GCGACCATCCCGGATG-1",1
"GCGACCATCTACTCAT-1",3
"GCGAGAAAGGTTCCTA-1",2
"GCGAGAAAGTACGATA-1",3
"GCGAGAAAGTGTCTCA-1",0
"GCGAGAACAAGCCCAC-1",0
"GCGAGAACACTGAAGG-1",0
"GCGAGAAGTAGCGCTC-1",0
"GCGAGAAGTCCCTACT-1",1
"GCGAGAATCCTTTCGG-1",2
"GCGAGAATCGAGAGCA-1",1
"GCGAGAATCGCACTCT-1",2
"GCGCAACAGTCCTCCT-1",0
"GCGCAACAGTGTACGG-1",0
"GCGCAACCAAGTCTGT-1",1
"GCGCAACCAGCCACCA-1",2
"GCGCAACGTAGCGCTC-1",0
"GCGCAACGTCCCTTGT-1",6
"GCGCAACGTCCTAGCG-1",1
"GCGCAACGTCGACTAT-1",2
"GCGCAACGTCTAGAGG-1",0
"GCGCAACGTGCACGAA-1",0
"GCGCAACTCAATACCG-1",2
"GCGCAGTCACATCCAA-1",3
"GCGCAGTCATTACCTT-1",2
"GCGCAGTGTTAGGGTG-1",2
"GCGCAGTTCGATCCCT-1",2
"GCGCAGTTCGCGGATC-1",2
"GCGCCAAAGACATAAC-1",0
"GCGCCAAAGGACAGCT-1",5
"GCGCCAAAGGCCCTTG-1",0
"GCGCCAAAGGGCTTCC-1",1
"GCGCCAAAGGTACTCT-1",2
"GCGCCAACATAACCTG-1",3
"GCGCCAACATTGGGCC-1",4
"GCGCCAAGTACTTGAC-1",0
"GCGCCAAGTCGGCACT-1",0
"GCGCCAAGTGAAAGAG-1",0
"GCGCCAAGTTGTACAC-1",2
"GCGCCAATCCGTTGCT-1",3
"GCGCGATAGAAGGTTT-1",0
"GCGCGATAGCAGGTCA-1",0
"GCGCGATAGTGAATTG-1",1
"GCGCGATAGTTTGCGT-1",3
"GCGCGATCAGCTCGAC-1",0
"GCGCGATGTAAGTAGT-1",0
"GCGCGATGTATCACCA-1",0
"GCGCGATGTCACTTCC-1",0
"GCGCGATGTTACCAGT-1",3
"GCGCGATTCAGTTAGC-1",7
"GCGCGATTCGTTTAGG-1",0
"GCGGGTTAGAAACGAG-1",0
"GCGGGTTAGCTATGCT-1",1
"GCGGGTTAGTGTGAAT-1",2
"GCGGGTTCACGCGAAA-1",3
"GCGGGTTCAGGCAGTA-1",4
"GCGGGTTCAGTAACGG-1",0
"GCGGGTTGTGAGTATA-1",6
"GCGGGTTGTGGCGAAT-1",0
"GCGGGTTTCCAAAGTC-1",1
"GCGGGTTTCCTTTCTC-1",4
"GCGGGTTTCTCCAACC-1",0
"GCGGGTTTCTTGAGGT-1",0
"GCGGGTTTCTTGTATC-1",3
"GCTCCTACAAACTGTC-1",5
"GCTCCTACACCAGGTC-1",3
"GCTCCTACACCGATAT-1",1
"GCTCCTACAGGGTACA-1",3
"GCTCCTACATTAGCCA-1",1
"GCTCCTAGTCAGGACA-1",0
"GCTCCTAGTCCGTCAG-1",3
"GCTCCTATCAGCCTAA-1",0
"GCTCCTATCCCTAATT-1",0
"GCTCTGTAGAGGTAGA-1",4
"GCTCTGTAGCTGAACG-1",0
"GCTCTGTAGGAGTCTG-1",0
"GCTCTGTAGTGCTGCC-1",2
"GCTCTGTAGTGGACGT-1",3
"GCTCTGTTCACCTCGT-1",2
"GCTGCAGAGCGTGAGT-1",6
"GCTGCAGAGTCAAGCG-1",0
"GCTGCAGAGTCCCACG-1",0
"GCTGCAGCAATTGCTG-1",8
"GCTGCAGCATGCCCGA-1",2
"GCTGCAGCATGCCTAA-1",1
"GCTGCAGGTAAACCTC-1",4
"GCTGCAGGTACGAAAT-1",5
"GCTGCAGGTAGCGCAA-1",1
"GCTGCAGGTCACCCAG-1",0
"GCTGCAGGTCATGCCG-1",5
"GCTGCGAAGGAATGGA-1",3
"GCTGCGAGTCTAACGT-1",1
"GCTGCGAGTGTTTGGT-1",0
"GCTGCGATCTCCTATA-1",1
"GCTGCGATCTTGTTTG-1",1
"GCTGCTTAGAATTGTG-1",2
"GCTGCTTAGGCAATTA-1",3
"GCTGCTTCATCACGTA-1",0
"GCTGCTTCATCCAACA-1",0
"GCTGCTTCATGCCTAA-1",0
"GCTGCTTCATGGTCAT-1",0
"GCTGCTTGTAACGACG-1",2
"GCTGCTTGTAATCGTC-1",0
"GCTGCTTGTAGGGACT-1",0
"GCTGCTTGTGAAAGAG-1",0
"GCTGCTTTCCGGGTGT-1",2
"GCTGGGTAGACCCACC-1",1
"GCTGGGTAGCCACGCT-1",3
"GCTGGGTAGTCGCCGT-1",7
"GCTGGGTAGTCTCAAC-1",0
"GCTGGGTCACGGCTAC-1",0
"GCTGGGTCAGCCAATT-1",0
"GCTGGGTGTACAGTTC-1",0
"GCTGGGTGTACCGTTA-1",1
"GCTGGGTGTCGAGTTT-1",1
"GCTGGGTGTCTCCACT-1",0
"GCTGGGTGTGCCTGTG-1",1
"GCTGGGTTCAGCTTAG-1",0
"GCTGGGTTCCTTAATC-1",0
"GCTTCCAAGAAACCTA-1",3
"GCTTCCACACCACCAG-1",0
"GCTTCCACAGGTCGTC-1",1
"GCTTCCACAGTGAGTG-1",0
"GCTTCCAGTATAGGTA-1",3
"GCTTCCAGTTCAGCGC-1",10
"GCTTCCATCGTCCAGG-1",5
"GCTTGAAAGATGGCGT-1",1
"GCTTGAAAGCCGTCGT-1",2
"GCTTGAACAAACCTAC-1",2
"GCTTGAACACGGTGTC-1",0
"GCTTGAACATCGGAAG-1",2
"GCTTGAAGTGCGGTAA-1",1
"GCTTGAAGTTCTCATT-1",1
"GCTTGAATCAGGATCT-1",2
"GGAAAGCAGGCAGGTT-1",6
"GGAAAGCCAAACGCGA-1",5
"GGAAAGCCAAGTACCT-1",8
"GGAAAGCGTAAGCACG-1",0
"GGAAAGCGTCCTCCAT-1",4
"GGAAAGCGTCGCGTGT-1",0
"GGAAAGCGTGCTTCTC-1",0
"GGAAAGCTCCAGAGGA-1",0
"GGAACTTAGAGTAAGG-1",0
"GGAACTTCAATGTAAG-1",2
"GGAACTTCACAGGAGT-1",0
"GGAACTTCACCTCGTT-1",2
"GGAACTTGTCTCTTTA-1",2
"GGAACTTTCATTGCCC-1",0
"GGAACTTTCATTTGGG-1",0
"GGAACTTTCCGTCATC-1",2
"GGAACTTTCCTCAACC-1",2
"GGAACTTTCGGATGTT-1",1
"GGAATAAAGGTACTCT-1",1
"GGAATAAAGTGTCCAT-1",1
"GGAATAACAGCGTCCA-1",0
"GGAATAAGTCTGGTCG-1",7
"GGAATAAGTGCAGGTA-1",1
"GGAATAATCAGCACAT-1",1
"GGAATAATCTTTACGT-1",4
"GGACAAGAGGTACTCT-1",2
"GGACAAGCAACGATGG-1",0
"GGACAAGCAGTCGTGC-1",0
"GGACAAGCATGGGACA-1",0
"GGACAAGGTATAAACG-1",7
"GGACAAGGTATGAAAC-1",0
"GGACAAGGTCGGCATC-1",0
"GGACAAGGTTATGCGT-1",1
"GGACAAGTCTAACGGT-1",6
"GGACAGAAGCTAGTCT-1",2
"GGACAGAAGTACTTGC-1",1
"GGACAGACAACACGCC-1",1
"GGACAGACACAAGCCC-1",0
"GGACAGAGTAAGTGGC-1",2
"GGACAGAGTCTTTCAT-1",1
"GGACAGAGTGAGGGAG-1",1
"GGACAGAGTTCCACAA-1",0
"GGACAGATCAACGCTA-1",2
"GGACATTAGAGGGCTT-1",1
"GGACATTAGCCACGTC-1",3
"GGACATTCAAACGCGA-1",0
"GGACATTCAATGACCT-1",0
"GGACATTCACCAGCAC-1",0
"GGACATTGTTCTGGTA-1",0
"GGACATTTCCTCTAGC-1",0
"GGACGTCAGTACTTGC-1",2
"GGACGTCAGTGGTAAT-1",2
"GGACGTCCACAGTCGC-1",11
"GGACGTCGTGAGGGAG-1",1
"GGACGTCGTGGCGAAT-1",3
"GGACGTCGTTACGGAG-1",0
"GGACGTCGTTTAAGCC-1",0
"GGACGTCTCCACTCCA-1",1
"GGACGTCTCGCAAACT-1",1
"GGACGTCTCTCCAGGG-1",0
"GGACGTCTCTCGAGTA-1",0
"GGACGTCTCTGGTGTA-1",1
"GGACGTCTCTTCGAGA-1",0
"GGAGCAAAGAACTCGG-1",0
"GGAGCAAAGACTGTAA-1",0
"GGAGCAAAGCCGCCTA-1",0
"GGAGCAAAGCTAAACA-1",0
"GGAGCAAAGTACGCCC-1",0
"GGAGCAACAAGCTGTT-1",0
"GGAGCAACAATGGACG-1",3
"GGAGCAACAATTCCTT-1",0
"GGAGCAACATGCTGGC-1",0
"GGAGCAAGTGAGTATA-1",1
"GGAGCAAGTTACTGAC-1",0
"GGAGCAATCAAGATCC-1",1
"GGAGCAATCCCATTTA-1",3
"GGATGTTCAAACTGTC-1",0
"GGATGTTTCATCACCC-1",1
"GGATGTTTCATGCATG-1",1
"GGATGTTTCCTACAGA-1",0
"GGATGTTTCCTCTAGC-1",10
"GGATTACAGATCCCAT-1",3
"GGATTACAGCTTCGCG-1",0
"GGATTACAGGCTAGCA-1",6
"GGATTACAGTATCTCG-1",0
"GGATTACCAAGCGTAG-1",2
"GGATTACCACATCCGG-1",0
"GGATTACCAGCGTAAG-1",1
"GGATTACGTAATAGCA-1",1
"GGATTACGTACACCGC-1",0
"GGATTACGTCTCTTTA-1",0
"GGATTACGTTGAGGTG-1",0
"GGATTACTCGCGCCAA-1",2
"GGATTACTCGGCGCAT-1",1
"GGATTACTCTGCCCTA-1",1
"GGCAATTCAATCGGTT-1",2
"GGCAATTCACGGCGTT-1",0
"GGCAATTCATCACCCT-1",1
"GGCAATTGTCGATTGT-1",1
"GGCAATTTCACTTACT-1",1
"GGCAATTTCAGCACAT-1",3
"GGCAATTTCTCCGGTT-1",0
"GGCCGATAGTGTCTCA-1",1
"GGCCGATCACGGACAA-1",2
"GGCCGATGTAGGACAC-1",2
"GGCCGATGTCACTGGC-1",2
"GGCCGATGTCCCTACT-1",0
"GGCCGATTCACCGTAA-1",1
"GGCCGATTCCGCGCAA-1",0
"GGCGACTAGAGCTGGT-1",0
"GGCGACTAGGACCACA-1",1
"GGCGACTAGGTTACCT-1",3
"GGCGACTCAAAGCGGT-1",6
"GGCGACTCAAGAGTCG-1",1
"GGCGACTCACCAGGTC-1",0
"GGCGACTCATTGTGCA-1",0
"GGCGACTTCAGAAATG-1",0
"GGCGACTTCAGAGACG-1",1
"GGCGACTTCCAGATCA-1",3
"GGCGACTTCTCTAGGA-1",0
"GGCGTGTAGCTAGCCC-1",3
"GGCGTGTAGGGTATCG-1",0
"GGCGTGTCAGGTCCAC-1",0
"GGCGTGTCAGTATAAG-1",0
"GGCGTGTCATCGTCGG-1",1
"GGCGTGTCATGGAATA-1",1
"GGCGTGTGTCTCCCTA-1",0
"GGCGTGTTCTTGAGGT-1",8
"GGCTCGAAGCCGTCGT-1",1
"GGCTCGAAGGTAAACT-1",0
"GGCTCGACAAGAAGAG-1",1
"GGCTCGACAATAGCAA-1",0
"GGCTCGACATGGTCAT-1",8
"GGCTCGAGTATATCCG-1",3
"GGCTCGAGTTACGTCA-1",0
"GGCTCGAGTTAGGGTG-1",0
"GGCTCGATCTGCAAGT-1",0
"GGCTGGTAGAAGAAGC-1",0
"GGCTGGTAGACCCACC-1",1
"GGCTGGTCAAGGACAC-1",2
"GGCTGGTCACTGCCAG-1",0
"GGCTGGTCATTTCAGG-1",0
"GGCTGGTGTATTCTCT-1",0
"GGCTGGTGTCGCATCG-1",0
"GGCTGGTGTCTAGTGT-1",0
"GGCTGGTGTTATGCGT-1",2
"GGGAATGAGCGTTGCC-1",0
"GGGAATGAGTAGGTGC-1",0
"GGGAATGGTAAGGGAA-1",7
"GGGAATGTCAACGAAA-1",0
"GGGAATGTCCAGTATG-1",0
"GGGAATGTCCGGGTGT-1",1
"GGGACCTAGATGTAAC-1",0
"GGGACCTAGTCTTGCA-1",6
"GGGACCTCAATCAGAA-1",5
"GGGACCTCACTGAAGG-1",4
"GGGAGATAGTACGACG-1",2
"GGGAGATCAAAGTGCG-1",0
"GGGAGATCAAATCCGT-1",1
"GGGAGATCAAGGACTG-1",2
"GGGAGATCACGCGAAA-1",1
"GGGAGATGTAGCGCAA-1",1
"GGGAGATTCAACGGGA-1",1
"GGGAGATTCATCACCC-1",1
"GGGATGAAGTGACATA-1",1
"GGGATGACATCATCCC-1",1
"GGGATGAGTCACCCAG-1",0
"GGGATGAGTGGAAAGA-1",0
"GGGATGAGTTACGACT-1",0
"GGGATGAGTTGGTAAA-1",2
"GGGATGATCAGTTAGC-1",0
"GGGATGATCTATCCTA-1",2
"GGGATGATCTTTAGGG-1",0
"GGGCACTAGTCTCGGC-1",2
"GGGCACTCATCTCCCA-1",11
"GGGCACTTCACCTCGT-1",4
"GGGCACTTCTGAGGGA-1",2
"GGGCATCCAATGTAAG-1",1
"GGGCATCCAGTCTTCC-1",0
"GGGCATCGTGGCGAAT-1",0
"GGGCATCTCACAGTAC-1",0
"GGGCATCTCCCTTGTG-1",0
"GGGCATCTCCGGCACA-1",0
"GGGCATCTCTGTCCGT-1",10
"GGGCATCTCTTATCTG-1",0
"GGGTCTGAGAAGATTC-1",4
"GGGTCTGAGATCCCGC-1",1
"GGGTCTGAGCCAACAG-1",0
"GGGTCTGCACAGGCCT-1",1
"GGGTCTGCACCAGGTC-1",0
"GGGTCTGGTCTGGTCG-1",4
"GGGTCTGGTGATGATA-1",3
"GGGTCTGGTGTGACCC-1",1
"GGGTCTGTCAACTCTT-1",0
"GGGTCTGTCACTCCTG-1",1
"GGGTCTGTCCGTAGTA-1",2
"GGGTTGCAGACAGAGA-1",0
"GGGTTGCAGACCTTTG-1",0
"GGGTTGCAGATCGATA-1",1
"GGGTTGCAGGGTGTTG-1",2
"GGGTTGCAGGTGGGTT-1",1
"GGGTTGCCAATAACGA-1",5
"GGGTTGCCACGCCAGT-1",6
"GGGTTGCCATTAACCG-1",5
"GGGTTGCGTACATCCA-1",0
"GGGTTGCGTAGCGCAA-1",6
"GGGTTGCGTCCTCCAT-1",2
"GGGTTGCGTCGAGTTT-1",2
"GGGTTGCGTGAGTATA-1",11
"GGGTTGCGTGTGACCC-1",0
"GGGTTGCTCGTACCGG-1",1
"GGTATTGAGCACCGTC-1",1
"GGTATTGAGCTATGCT-1",2
"GGTATTGCACATCCAA-1",2
"GGTATTGCAGCTTCGG-1",0
"GGTATTGGTTCCGTCT-1",0
"GGTATTGTCAGAAATG-1",4
"GGTATTGTCCATTCTA-1",0
"GGTATTGTCGCCAGCA-1",0
"GGTGAAGAGACACGAC-1",0
"GGTGAAGAGATCCGAG-1",7
"GGTGAAGCAAGGTGTG-1",1
"GGTGAAGCACTCGACG-1",5
"GGTGAAGCAGTATGCT-1",1
"GGTGAAGGTATGAAAC-1",0
"GGTGAAGGTCAGAATA-1",1
"GGTGAAGGTGGTACAG-1",0
"GGTGAAGGTGTATGGG-1",0
"GGTGAAGGTGTCTGAT-1",1
"GGTGAAGGTGTGGTTT-1",2
"GGTGAAGGTGTGTGCC-1",0
"GGTGAAGTCACGATGT-1",2
"GGTGAAGTCACTCTTA-1",0
"GGTGAAGTCTGGCGTG-1",0
"GGTGCGTAGGTGATTA-1",3
"GGTGCGTAGTACGATA-1",0
"GGTGCGTCACTTAAGC-1",2
"GGTGCGTCAGCTGTAT-1",2
"GGTGCGTGTTCGTTGA-1",0
"GGTGCGTTCCGTACAA-1",1
"GGTGCGTTCTTGACGA-1",1
"GGTGTTAAGGGCTCTC-1",1
"GGTGTTAAGTAGCGGT-1",0
"GGTGTTAAGTGGGATC-1",2
"GGTGTTAAGTTATCGC-1",0
"GGTGTTACAAATCCGT-1",0
"GGTGTTACACGGATAG-1",3
"GGTGTTAGTAATCACC-1",1
"GGTGTTAGTAGCAAAT-1",1
"GGTGTTAGTGTATGGG-1",0
"GGTGTTAGTTGAACTC-1",2
"GGTGTTATCGGACAAG-1",4
"GGTGTTATCGGTGTTA-1",0
"GGTGTTATCTACTTAC-1",1
"GTAACGTAGGTGACCA-1",1
"GTAACGTCACAGGCCT-1",1
"GTAACGTGTACCATCA-1",1
"GTAACGTGTGAGTATA-1",0
"GTAACGTGTTACGGAG-1",1
"GTAACGTGTTAGGGTG-1",4
"GTAACGTTCGGTCCGA-1",0
"GTAACGTTCTCATTCA-1",1
"GTAACTGAGTGGGTTG-1",5
"GTAACTGCAATGGAAT-1",13
"GTAACTGCACAGGCCT-1",0
"GTAACTGCAGGATCGA-1",5
"GTAACTGCATCGGGTC-1",1
"GTAACTGGTATTACCG-1",4
"GTAACTGTCACGGTTA-1",2
"GTAACTGTCTACTATC-1",1
"GTACGTAAGGTGCTTT-1",3
"GTACGTACAGGAATGC-1",0
"GTACGTACATGGATGG-1",0
"GTACGTAGTGAGTGAC-1",0
"GTACGTAGTTGGTAAA-1",3
"GTACGTATCACCTCGT-1",1
"GTACGTATCATCGGAT-1",0
"GTACGTATCCACTGGG-1",1
"GTACTCCAGGCAGTCA-1",0
"GTACTCCCAATAGCGG-1",2
"GTACTCCCACAGGTTT-1",1
"GTACTCCTCACCTTAT-1",1
"GTACTCCTCATTGCCC-1",3
"GTACTCCTCCTTCAAT-1",0
"GTACTTTCAGTTAACC-1",0
"GTACTTTCATGTCGAT-1",3
"GTACTTTTCCGAAGAG-1",2
"GTAGGCCAGCAATCTC-1",0
"GTAGGCCCATTCGACA-1",0
"GTAGGCCGTAACGCGA-1",0
"GTAGGCCGTAAGGGCT-1",0
"GTAGGCCGTACGACCC-1",4
"GTAGGCCGTTCAGGCC-1",3
"GTAGGCCGTTGATTGC-1",0
"GTAGGCCTCAGCACAT-1",1
"GTAGTCAAGAATGTGT-1",1
"GTAGTCAAGATGCCTT-1",2
"GTAGTCAAGGACGAAA-1",2
"GTAGTCAAGTGAAGAG-1",0
"GTAGTCATCGTCACGG-1",2
"GTAGTCATCTGAAAGA-1",0
"GTATCTTAGAAACCAT-1",1
"GTATCTTAGGCTATCT-1",0
"GTATCTTAGTTGTCGT-1",0
"GTATCTTCACACCGCA-1",0
"GTATCTTCACGAAGCA-1",2
"GTATCTTGTTCGCTAA-1",1
"GTATCTTTCATGCTCC-1",2
"GTATCTTTCATGTAGC-1",5
"GTATTCTAGAAACCAT-1",6
"GTATTCTAGACAAAGG-1",2
"GTATTCTCAAAGTCAA-1",14
"GTATTCTCAACAACCT-1",1
"GTATTCTCAACTTGAC-1",1
"GTATTCTCAATAAGCA-1",0
"GTATTCTCAGGGTTAG-1",1
"GTATTCTCATACTACG-1",4
"GTATTCTCATGGTAGG-1",2
"GTATTCTGTAGTGAAT-1",0
"GTATTCTGTCTAGAGG-1",0
"GTCAAGTCATATGCTG-1",0
"GTCAAGTCATGGTTGT-1",1
"GTCAAGTGTCAGCTAT-1",0
"GTCAAGTGTTCCACTC-1",1
"GTCACAAAGCCGATTT-1",0
"GTCACAAAGTGGAGTC-1",1
"GTCACAACAGGTGGAT-1",1
"GTCACAAGTAAACGCG-1",2
"GTCACAATCAGGATCT-1",0
"GTCACAATCAGTTGAC-1",2
"GTCACAATCATGCATG-1",2
"GTCACGGAGATCACGG-1",2
"GTCACGGCATATACCG-1",1
"GTCACGGGTGAGTGAC-1",1
"GTCACGGGTGTGGCTC-1",1
"GTCACGGTCGAGAGCA-1",1
"GTCACGGTCTACCTGC-1",0
"GTCATTTAGAGACTAT-1",1
"GTCATTTCACGTGAGA-1",0
"GTCATTTGTAGAAGGA-1",5
"GTCATTTGTCAGATAA-1",0
"GTCATTTTCCAGAGGA-1",4
"GTCCTCAAGCCCAACC-1",0
"GTCCTCAAGTAGATGT-1",2
"GTCCTCAAGTGGGCTA-1",1
"GTCCTCACAATCACAC-1",1
"GTCCTCAGTGGAAAGA-1",0
"GTCCTCATCAAAGACA-1",1
"GTCCTCATCGTCCGTT-1",0
"GTCGGGTCACTGAAGG-1",1
"GTCGGGTCACTTCGAA-1",2
"GTCGGGTCATGAAGTA-1",2
"GTCGGGTGTCTCACCT-1",1
"GTCGGGTGTGTGACGA-1",0
"GTCGGGTGTGTGTGCC-1",2
"GTCGGGTGTTACGTCA-1",1
"GTCGGGTTCTGCTGTC-1",0
"GTCGGGTTCTGTGCAA-1",1
"GTCGTAAAGAGATGAG-1",1
"GTCGTAAAGCTGCAAG-1",0
"GTCGTAAAGGCGACAT-1",0
"GTCGTAACATCACGAT-1",1
"GTCGTAAGTATCACCA-1",0
"GTCGTAATCCAAGTAC-1",4
"GTCTCGTAGACCACGA-1",0
"GTCTCGTCAGGAACGT-1",0
"GTCTCGTGTGGTAACG-1",0
"GTCTCGTGTTTGGCGC-1",1
"GTCTCGTTCACCGGGT-1",0
"GTCTCGTTCAGTGCAT-1",1
"GTCTTCGAGACAAGCC-1",4
"GTCTTCGAGGAATGGA-1",0
"GTCTTCGAGTCAAGCG-1",3
"GTCTTCGCACATGGGA-1",1
"GTCTTCGCACCAGGTC-1",0
"GTCTTCGCAGACGCAA-1",2
"GTCTTCGCATAACCTG-1",0
"GTCTTCGCATCGATGT-1",4
"GTCTTCGGTCTAGTGT-1",0
"GTCTTCGTCTCGATGA-1",2
"GTGAAGGAGAGCTGGT-1",1
"GTGAAGGAGATCGGGT-1",1
"GTGAAGGAGCCAGTTT-1",1
"GTGAAGGAGTGTTGAA-1",6
"GTGAAGGCAAAGGCGT-1",1
"GTGAAGGCACTTAAGC-1",0
"GTGAAGGCAGATTGCT-1",0
"GTGAAGGGTATATGGA-1",0
"GTGAAGGGTCTCTCTG-1",2
"GTGAAGGTCTCCTATA-1",0
"GTGCAGCAGACATAAC-1",1
"GTGCAGCAGTGGTCCC-1",0
"GTGCAGCCACATCTTT-1",3
"GTGCAGCGTGAGTATA-1",1
"GTGCAGCTCTTAGAGC-1",0
"GTGCATAAGGCATGGT-1",2
"GTGCATAGTTTGTTGG-1",3
"GTGCATATCAGAGCTT-1",0
"GTGCATATCATCATTC-1",0
"GTGCATATCTGCGTAA-1",1
"GTGCGGTAGCAATCTC-1",1
"GTGCGGTAGGACAGAA-1",2
"GTGCGGTCAAAGGTGC-1",4
"GTGCGGTGTTCAGACT-1",0
"GTGCGGTGTTCTGTTT-1",0
"GTGCGGTTCATCTGCC-1",0
"GTGCGGTTCCAGGGCT-1",0
"GTGCGGTTCGGATGGA-1",4
"GTGCGGTTCTCGTTTA-1",0
"GTGCGGTTCTGCTGTC-1",1
"GTGCTTCAGCCAGTTT-1",2
"GTGCTTCAGGATTCGG-1",1
"GTGCTTCAGTACACCT-1",0
"GTGCTTCCACTTAACG-1",0
"GTGCTTCCAGCTATTG-1",0
"GTGCTTCGTAGAGTGC-1",0
"GTGCTTCTCACAATGC-1",0
"GTGCTTCTCACTTCAT-1",3
"GTGGGTCAGACCGGAT-1",5
"GTGGGTCAGACTGTAA-1",3
"GTGGGTCAGCCGTCGT-1",3
"GTGGGTCCACCAACCG-1",2
"GTGGGTCCACCACCAG-1",0
"GTGTGCGAGACCGGAT-1",3
"GTGTGCGAGACTTGAA-1",1
"GTGTGCGCAGGTCGTC-1",0
"GTGTGCGGTGAGCGAT-1",0
"GTGTGCGTCAGTCAGT-1",1
"GTGTGCGTCCCTTGTG-1",0
"GTGTGCGTCTAACTTC-1",2
"GTGTTAGAGCACGCCT-1",0
"GTGTTAGAGGACAGAA-1",0
"GTGTTAGAGGCATGGT-1",6
"GTGTTAGAGTGGAGAA-1",0
"GTGTTAGAGTTTGCGT-1",0
"GTGTTAGCAATGGAAT-1",0
"GTGTTAGCACCACCAG-1",0
"GTGTTAGGTGCCTGGT-1",0
"GTGTTAGGTGGAAAGA-1",0
"GTGTTAGGTTCCATGA-1",0
"GTGTTAGGTTGGGACA-1",0
"GTTAAGCAGAGCTGCA-1",1
"GTTAAGCAGATAGCAT-1",0
"GTTAAGCAGCTAACAA-1",0
"GTTAAGCAGGCTACGA-1",2
"GTTAAGCAGTGTACCT-1",0
"GTTAAGCAGTTTGCGT-1",2
"GTTAAGCCATTCACTT-1",0
"GTTAAGCGTACTCGCG-1",5
"GTTAAGCGTCTAGGTT-1",1
"GTTAAGCGTGGCAAAC-1",0
"GTTAAGCGTTGCTCCT-1",0
"GTTAAGCTCCTTTCGG-1",0
"GTTACAGAGAGCTATA-1",1
"GTTACAGAGTACGATA-1",3
"GTTACAGCAGACGCCT-1",0
"GTTACAGCATCGGTTA-1",0
"GTTACAGGTATGGTTC-1",2
"GTTACAGGTCGACTGC-1",0
"GTTACAGGTCTAGGTT-1",3
"GTTCATTAGCGATGAC-1",3
"GTTCATTCATATACGC-1",5
"GTTCATTCATTGGCGC-1",3
"GTTCATTGTGCACGAA-1",1
"GTTCATTGTGTTAAGA-1",1
"GTTCATTGTTCAGTAC-1",0
"GTTCGGGAGACGACGT-1",3
"GTTCGGGAGCTAAGAT-1",0
"GTTCGGGAGTGTCTCA-1",2
"GTTCGGGGTAGGGTAC-1",0
"GTTCGGGGTGCAGGTA-1",1
"GTTCGGGTCCACGCAG-1",1
"GTTCGGGTCTACTTAC-1",6
"GTTCTCGAGACCACGA-1",5
"GTTCTCGAGCGATGAC-1",3
"GTTCTCGAGGCCATAG-1",6
"GTTCTCGCATCGGACC-1",3
"GTTCTCGGTAAGGGAA-1",0
"GTTCTCGGTAGCGTAG-1",0
"GTTCTCGGTCCGTGAC-1",3
"GTTCTCGGTGTTAAGA-1",0
"GTTCTCGTCAACGCTA-1",0
"GTTCTCGTCCTGTACC-1",4
"GTTTCTACAAACCTAC-1",2
"GTTTCTACAAGAAAGG-1",1
"GTTTCTAGTGTTGGGA-1",0
"GTTTCTATCCCAACGG-1",0
"GTTTCTATCCGTAGTA-1",0
"GTTTCTATCGGCATCG-1",1
"TAAACCGGTACTTAGC-1",1
"TAAACCGTCACTCTTA-1",4
"TAAACCGTCAGGCGAA-1",3
"TAAACCGTCCGTTGTC-1",3
"TAAACCGTCTTCCTTC-1",0
"TAAGAGACAAGTTGTC-1",1
"TAAGAGAGTATATCCG-1",1
"TAAGAGATCAATCACG-1",5
"TAAGAGATCTAACGGT-1",1
"TAAGAGATCTTTCCTC-1",4
"TAAGCGTAGTGGACGT-1",8
"TAAGCGTAGTGTCTCA-1",0
"TAAGCGTCAGCTTCGG-1",1
"TAAGCGTCAGGTGGAT-1",1
"TAAGCGTGTCCTGCTT-1",0
"TAAGCGTGTGCCTGGT-1",3
"TAAGCGTGTTGTTTGG-1",1
"TAAGCGTTCCTCATTA-1",3
"TAAGCGTTCGGCGCAT-1",1
"TAAGCGTTCTCGCATC-1",1
"TAAGTGCAGGCTAGGT-1",3
"TAAGTGCAGTAGCGGT-1",0
"TAAGTGCCAACGCACC-1",1
"TAAGTGCCATACAGCT-1",0
"TAAGTGCGTAAACACA-1",2
"TAAGTGCGTCTCACCT-1",3
"TAAGTGCGTTCAGACT-1",1
"TAAGTGCTCACCCTCA-1",0
"TAAGTGCTCACTGGGC-1",1
"TAAGTGCTCTGGCGTG-1",1
"TACACGACACCCATTC-1",0
"TACACGAGTGATAAAC-1",0
"TACACGATCTGTCTCG-1",6
"TACAGTGAGATGCGAC-1",7
"TACAGTGAGCGTTGCC-1",0
"TACAGTGAGTGTACGG-1",1
"TACAGTGCAGGAATCG-1",0
"TACAGTGCAGGTGCCT-1",2
"TACAGTGGTACTCAAC-1",0
"TACAGTGGTTGGACCC-1",3
"TACCTATAGAGCTGGT-1",0
"TACCTATAGAGTTGGC-1",0
"TACCTATAGGCTCATT-1",1
"TACCTATAGTTAGCGG-1",1
"TACCTATCAAGCTGGA-1",0
"TACCTATGTAAATGAC-1",1
"TACCTATGTAGAGTGC-1",0
"TACCTATGTCACCTAA-1",0
"TACCTATGTGTTGAGG-1",2
"TACCTATGTTAAAGAC-1",11
"TACCTATTCTATGTGG-1",0
"TACCTATTCTTCCTTC-1",7
"TACCTTAAGAGGTTGC-1",1
"TACCTTAAGTCAAGCG-1",4
"TACCTTAAGTGGTCCC-1",0
"TACCTTACAACTGGCC-1",1
"TACCTTACAAGGGTCA-1",3
"TACCTTACACTCAGGC-1",8
"TACCTTACATCTACGA-1",0
"TACCTTAGTAGCGTCC-1",0
"TACCTTAGTCTCCACT-1",2
"TACGGATAGATGGCGT-1",0
"TACGGATAGGTACTCT-1",2
"TACGGATCAGGGATTG-1",0
"TACGGATCATCACCCT-1",1
"TACGGATGTCTAGCCG-1",0
"TACGGATTCGGTGTCG-1",5
"TACGGATTCTACTATC-1",0
"TACGGGCAGGATGCGT-1",2
"TACGGGCAGGGAACGG-1",6
"TACGGGCAGTATTGGA-1",0
"TACGGGCAGTCAAGCG-1",0
"TACGGGCCAAGAAGAG-1",0
"TACGGGCCACCAGATT-1",0
"TACGGGCCATCAGTAC-1",2
"TACGGGCGTAAGGGCT-1",2
"TACGGGCGTCTGATTG-1",1
"TACGGGCGTGATGTGG-1",6
"TACGGGCTCACCTTAT-1",0
"TACGGGCTCAGCTCTC-1",2
"TACGGGCTCCACGAAT-1",4
"TACGGGCTCCTATTCA-1",1
"TACGGGCTCGGTGTTA-1",0
"TACGGTAAGATATGGT-1",2
"TACGGTAAGCCGATTT-1",0
"TACGGTAAGTCATGCT-1",1
"TACGGTAAGTGCCATT-1",0
"TACGGTACACAGGCCT-1",1
"TACGGTACATTTCAGG-1",3
"TACGGTAGTATATCCG-1",2
"TACGGTAGTCACTTCC-1",4
"TACGGTAGTGCAGGTA-1",0
"TACGGTAGTGGGTATG-1",0
"TACGGTATCGCAGGCT-1",0
"TACGGTATCGGACAAG-1",1
"TACGGTATCGTTTATC-1",8
"TACTCATAGTCACGCC-1",4
"TACTCATCAATCTACG-1",0
"TACTCATCACGGTAGA-1",0
"TACTCATCACTTCTGC-1",2
"TACTCATCATCCGTGG-1",2
"TACTCATCATGTCGAT-1",2
"TACTCATGTACAGCAG-1",2
"TACTCATGTCTTCAAG-1",9
"TACTCATTCCTTTCTC-1",1
"TACTCGCAGGCGACAT-1",0
"TACTCGCGTCAGAAGC-1",2
"TACTCGCGTCTGATTG-1",3
"TACTCGCGTGTAACGG-1",1
"TACTCGCGTTGAGTTC-1",0
"TACTCGCTCAACGGGA-1",3
"TACTCGCTCCGAATGT-1",2
"TACTTACAGACTAGGC-1",0
"TACTTACAGCTGAACG-1",0
"TACTTACAGTACACCT-1",1
"TACTTACAGTACGCCC-1",1
"TACTTACAGTGATCGG-1",2
"TACTTACCAAGCCGTC-1",3
"TACTTACCACAGGTTT-1",0
"TACTTACTCGCGTTTC-1",4
"TACTTGTAGCGATATA-1",1
"TACTTGTAGTAATCCC-1",1
"TACTTGTCAAACAACA-1",0
"TACTTGTCATGCAACT-1",0
"TACTTGTGTAGCACGA-1",3
"TACTTGTGTATAAACG-1",0
"TACTTGTGTTCCACAA-1",1
"TACTTGTTCTGCAGTA-1",3
"TAGACCAAGAGACGAA-1",0
"TAGACCAAGCCTCGTG-1",5
"TAGACCAAGTCGATAA-1",2
"TAGACCACAACACCCG-1",5
"TAGACCAGTAGATTAG-1",0
"TAGACCAGTTCATGGT-1",0
"TAGACCATCACTTCAT-1",0
"TAGACCATCGTCACGG-1",3
"TAGACCATCTCCAGGG-1",1
"TAGAGCTAGAATTCCC-1",2
"TAGAGCTAGTATTGGA-1",0
"TAGAGCTCACTGAAGG-1",0
"TAGAGCTGTACTTGAC-1",1
"TAGAGCTGTAGGGACT-1",0
"TAGAGCTGTCTAAAGA-1",1
"TAGCCGGAGACTGGGT-1",0
"TAGCCGGAGTCCCACG-1",0
"TAGCCGGAGTGACATA-1",1
"TAGCCGGCAGCAGTTT-1",1
"TAGCCGGGTACAGTGG-1",1
"TAGCCGGGTACCATCA-1",0
"TAGCCGGGTCGCGAAA-1",3
"TAGCCGGTCACGACTA-1",1
"TAGCCGGTCCAGGGCT-1",1
"TAGGCATAGAACTGTA-1",1
"TAGGCATAGCTAGGCA-1",7
"TAGGCATAGTCGTACT-1",0
"TAGGCATAGTTTAGGA-1",2
"TAGGCATCAAGCCTAT-1",2
"TAGGCATCAGACGCAA-1",0
"TAGGCATGTACGAAAT-1",5
"TAGGCATGTCCAGTTA-1",1
"TAGGCATGTTCCACTC-1",4
"TAGGCATTCCCTAACC-1",0
"TAGGCATTCGCTAGCG-1",3
"TAGGCATTCGTAGATC-1",0
"TAGGCATTCTTCATGT-1",0
"TAGTGGTAGATCACGG-1",0
"TAGTGGTAGCTGTTCA-1",4
"TAGTGGTCAGTATAAG-1",1
"TAGTGGTGTAGCGTAG-1",0
"TAGTGGTTCAGCATGT-1",0
"TAGTGGTTCGGCGCAT-1",2
"TAGTGGTTCTCAAGTG-1",1
"TAGTGGTTCTGGGCCA-1",5
"TAGTGGTTCTTTAGTC-1",0
"TAGTTGGAGATAGGAG-1",0
"TAGTTGGCAGACGCAA-1",1
"TAGTTGGCATGCGCAC-1",2
"TAGTTGGGTATGGTTC-1",1
"TAGTTGGTCCGAATGT-1",0
"TAGTTGGTCTACTCAT-1",0
"TAGTTGGTCTCTAAGG-1",0
"TAGTTGGTCTGATACG-1",1
"TATCAGGAGAGTAAGG-1",0
"TATCAGGAGATCCGAG-1",0
"TATCAGGAGCAGATCG-1",1
"TATCAGGAGGTGCTTT-1",1
"TATCAGGCAACTTGAC-1",2
"TATCAGGCACGTTGGC-1",0
"TATCAGGGTCCGTTAA-1",2
"TATCAGGGTCTGCAAT-1",4
"TATCAGGGTTAAAGAC-1",0
"TATCAGGTCAAGATCC-1",1
"TATCAGGTCCACTCCA-1",2
"TATCAGGTCGTAGGTT-1",5
"TATCTCAAGAGTTGGC-1",0
"TATCTCAAGCCACCTG-1",4
"TATCTCAAGCGTAATA-1",0
"TATCTCAAGGCTAGCA-1",0
"TATCTCAAGTGGGCTA-1",10
"TATCTCACATGTCCTC-1",2
"TATCTCAGTAACGACG-1",0
"TATCTCAGTACCTACA-1",1
"TATCTCAGTACGACCC-1",2
"TATCTCAGTCAATGTC-1",4
"TATCTCATCAAGCCTA-1",2
"TATGCCCAGAAACCGC-1",3
"TATGCCCAGGTAGCTG-1",0
"TATGCCCCAATGGAAT-1",5
"TATGCCCCACTTAACG-1",0
"TATGCCCCATGTTCCC-1",0
"TATGCCCGTAGCCTCG-1",2
"TATGCCCGTATAGGGC-1",0
"TATGCCCGTATGAAAC-1",3
"TATGCCCGTCGCCATG-1",5
"TATGCCCGTGCCTTGG-1",0
"TATGCCCGTTAAGATG-1",2
"TATGCCCGTTGGTGGA-1",2
"TATGCCCGTTTAGGAA-1",0
"TATGCCCTCGTCTGCT-1",1
"TATTACCAGAGAGCTC-1",0
"TATTACCAGCAAATCA-1",1
"TATTACCAGCCCGAAA-1",11
"TATTACCAGTATCTCG-1",1
"TATTACCCAAAGTGCG-1",3
"TATTACCCAGACAAGC-1",2
"TATTACCCAGTCAGCC-1",0
"TATTACCCATAAAGGT-1",1
"TATTACCCATCTACGA-1",1
"TATTACCGTCCAGTAT-1",2
"TCAACGAAGCCGATTT-1",3
"TCAACGAAGCGATGAC-1",0
"TCAACGAAGGCATGTG-1",0
"TCAACGAAGTAGTGCG-1",1
"TCAACGACACCAGGCT-1",1
"TCAACGACATGCCTTC-1",2
"TCAACGAGTTACCAGT-1",3
"TCAACGAGTTCCATGA-1",9
"TCAACGAGTTCTGGTA-1",8
"TCAACGATCAGTCCCT-1",0
"TCAACGATCTGTGCAA-1",10
"TCAATCTAGATCCCGC-1",3
"TCAATCTCACAAGCCC-1",1
"TCAATCTCACAGCCCA-1",1
"TCAATCTCATGACGGA-1",1
"TCAATCTCATTTGCTT-1",4
"TCAATCTGTAGTGAAT-1",4
"TCAATCTGTTAGATGA-1",0
"TCAATCTTCAGATAAG-1",1
"TCAATCTTCATGTCCC-1",0
"TCACAAGAGACTGGGT-1",0
"TCACAAGAGAGAGCTC-1",3
"TCACAAGAGGCCCTCA-1",1
"TCACAAGAGGTGGGTT-1",0
"TCACAAGAGTAGATGT-1",0
"TCACAAGCAGTATGCT-1",1
"TCACAAGCATAACCTG-1",2
"TCACAAGCATGACATC-1",3
"TCACAAGGTCAGATAA-1",3
"TCACAAGGTGTGGTTT-1",3
"TCACAAGTCATCATTC-1",0
"TCACAAGTCATGCATG-1",2
"TCACGAAAGCTCCTTC-1",2
"TCACGAAAGGTGCTTT-1",1
"TCACGAAAGTCTCGGC-1",0
"TCACGAACACAAGACG-1",3
"TCACGAACACTGTCGG-1",0
"TCACGAAGTGGTCCGT-1",0
"TCACGAAGTTGGTGGA-1",1
"TCACGAATCATGCAAC-1",0
"TCACGAATCCCGACTT-1",0
"TCACGAATCCTCGCAT-1",2
"TCACGAATCGTCACGG-1",0
"TCAGATGAGGTGCACA-1",1
"TCAGATGGTCTTGTCC-1",2
"TCAGATGGTGCCTGCA-1",1
"TCAGATGGTGCTGTAT-1",0
"TCAGATGTCAGTTTGG-1",3
"TCAGATGTCGCATGAT-1",0
"TCAGATGTCTCCTATA-1",0
"TCAGCAAAGGAGTCTG-1",2
"TCAGCAAAGGCTCATT-1",5
"TCAGCAAAGTACGACG-1",0
"TCAGCAAAGTGGCACA-1",1
"TCAGCAACACGCATCG-1",1
"TCAGCAAGTACCGGCT-1",2
"TCAGCAATCAGCGATT-1",1
"TCAGCAATCGGAAACG-1",0
"TCAGCAATCTTCAACT-1",5
"TCAGCTCAGGTGTTAA-1",0
"TCAGCTCAGTATGACA-1",3
"TCAGCTCCAATCTGCA-1",0
"TCAGCTCCACGGTTTA-1",1
"TCAGCTCGTAATAGCA-1",1
"TCAGCTCGTCCGTCAG-1",2
"TCAGCTCGTTCACGGC-1",4
"TCAGCTCTCACGATGT-1",1
"TCAGCTCTCATGCATG-1",1
"TCAGCTCTCCTAAGTG-1",2
"TCAGCTCTCTCGTATT-1",0
"TCAGGATAGACAGAGA-1",1
"TCAGGATAGATATGGT-1",0
"TCAGGATCAAACGTGG-1",3
"TCAGGATCAAGTTCTG-1",1
"TCAGGATCACGGTGTC-1",0
"TCAGGATCACTGTGTA-1",2
"TCAGGATCAGCATACT-1",7
"TCAGGATCATCTGGTA-1",6
"TCAGGATGTAAGCACG-1",4
"TCAGGATGTGGCCCTA-1",1
"TCAGGATTCCGATATG-1",4
"TCAGGATTCTCGATGA-1",0
"TCAGGTAAGATGGCGT-1",1
"TCAGGTAAGTGTTTGC-1",2
"TCAGGTACACAAGTAA-1",7
"TCAGGTACACAGAGGT-1",1
"TCAGGTACAGCTGCTG-1",2
"TCAGGTAGTAAACGCG-1",1
"TCATTACAGAAACCAT-1",1
"TCATTACAGGAGTTGC-1",1
"TCATTACAGTTGCAGG-1",7
"TCATTACCACATCCAA-1",0
"TCATTACCAGTCAGCC-1",0
"TCATTACGTACGCACC-1",2
"TCATTACGTCTAGAGG-1",3
"TCATTACGTGAAGGCT-1",0
"TCATTACGTTCTGTTT-1",0
"TCATTACTCATCGATG-1",0
"TCATTTGAGCCAGTTT-1",0
"TCATTTGCACGTCTCT-1",0
"TCATTTGCAGTTAACC-1",1
"TCATTTGTCCAGAGGA-1",0
"TCATTTGTCCCTTGCA-1",0
"TCATTTGTCCGTCAAA-1",0
"TCATTTGTCGCTAGCG-1",5
"TCATTTGTCGTACGGC-1",1
"TCATTTGTCTCTGCTG-1",2
"TCCACACCAAAGAATC-1",2
"TCCACACCACGCCAGT-1",7
"TCCACACGTACAGCAG-1",1
"TCCACACGTAGCCTAT-1",1
"TCCACACGTCATCGGC-1",0
"TCCACACGTGACCAAG-1",3
"TCCACACGTGCGAAAC-1",1
"TCCACACTCAACACCA-1",2
"TCCACACTCCAGTATG-1",1
"TCCACACTCCCATTTA-1",0
"TCCACACTCGAACTGT-1",1
"TCCCGATAGAAGAAGC-1",0
"TCCCGATAGCACAGGT-1",0
"TCCCGATAGCCGGTAA-1",1
"TCCCGATCAAGGTTCT-1",2
"TCCCGATCAGCCAATT-1",1
"TCCCGATCATCCAACA-1",2
"TCCCGATGTAAGGATT-1",5
"TCCCGATGTCAATACC-1",2
"TCCCGATTCAGAAATG-1",0
"TCCCGATTCAGTCCCT-1",1
"TCCCGATTCATCTGTT-1",0
"TCCCGATTCCCTAATT-1",1
"TCCCGATTCTGGAGCC-1",0
"TCGAGGCAGCGATGAC-1",3
"TCGAGGCAGTGTTTGC-1",2
"TCGAGGCCAAAGAATC-1",11
"TCGAGGCCAAGTTCTG-1",1
"TCGAGGCCAGTAACGG-1",2
"TCGAGGCGTATATCCG-1",1
"TCGAGGCTCGCAAGCC-1",3
"TCGAGGCTCTTGAGAC-1",4
"TCGAGGCTCTTTCCTC-1",2
"TCGCGAGAGACAAAGG-1",1
"TCGCGAGAGTGAATTG-1",1
"TCGCGAGCAAGCGTAG-1",3
"TCGCGAGCACCGAATT-1",1
"TCGCGAGCAGTAAGAT-1",0
"TCGCGAGTCCACGAAT-1",0
"TCGCGAGTCTAGCACA-1",1
"TCGCGAGTCTCTAGGA-1",0
"TCGCGAGTCTTCATGT-1",5
"TCGCGTTAGTGGGCTA-1",3
"TCGCGTTCACAGGCCT-1",1
"TCGCGTTCATCACAAC-1",0
"TCGCGTTCATCTCGCT-1",4
"TCGCGTTGTTCACCTC-1",1
"TCGCGTTTCAAGATCC-1",7
"TCGCGTTTCAGGTAAA-1",0
"TCGCGTTTCATTCACT-1",0
"TCGCGTTTCCTGTACC-1",0
"TCGCGTTTCGCCCTTA-1",0
"TCGGGACCACACATGT-1",0
"TCGGGACTCCTTGCCA-1",1
"TCGGGACTCTGCGGCA-1",1
"TCGGGACTCTTGTCAT-1",0
"TCGGTAAAGACAGGCT-1",1
"TCGGTAAAGCTCAACT-1",0
"TCGGTAACAAGCTGAG-1",1
"TCGGTAACAGGAATGC-1",0
"TCGGTAAGTATATGGA-1",0
"TCGGTAAGTCTAGTCA-1",1
"TCGGTAATCCCGGATG-1",1
"TCGTACCAGCAGGCTA-1",4
"TCGTACCAGTTTCCTT-1",0
"TCGTACCGTTTGCATG-1",0
"TCGTACCTCGGGAGTA-1",7
"TCGTAGAAGCTAACTC-1",0
"TCGTAGAAGGCGACAT-1",2
"TCGTAGAAGGGAACGG-1",2
"TCGTAGAAGTCCATAC-1",1
"TCGTAGACAATCCAAC-1",1
"TCGTAGACACTCAGGC-1",2
"TCGTAGAGTATGAATG-1",2
"TCGTAGAGTGAGCGAT-1",0
"TCGTAGAGTGTGTGCC-1",1
"TCGTAGAGTTCAACCA-1",0
"TCGTAGAGTTCCATGA-1",2
"TCGTAGATCCAAGCCG-1",0
"TCGTAGATCTTAGCCC-1",4
"TCTATTGAGCGATTCT-1",0
"TCTATTGAGTGCCATT-1",1
"TCTATTGCACATCTTT-1",2
"TCTATTGGTAAGTGTA-1",0
"TCTATTGGTCCAACTA-1",0
"TCTATTGGTCTGCCAG-1",0
"TCTATTGGTTGCTCCT-1",0
"TCTATTGTCGGCGCTA-1",2
"TCTCATAAGCTAAACA-1",1
"TCTCATAAGCTAGTCT-1",0
"TCTCATAAGTGCCATT-1",2
"TCTCATAGTACCGGCT-1",7
"TCTCATAGTGTAAGTA-1",1
"TCTCATATCAAGCCTA-1",0
"TCTCATATCACCTTAT-1",1
"TCTCATATCCTGTACC-1",1
"TCTCTAAAGACCGGAT-1",1
"TCTCTAAAGGGTGTTG-1",2
"TCTCTAACAGCCTATA-1",4
"TCTCTAAGTCCAGTAT-1",0
"TCTCTAAGTCCATGAT-1",1
"TCTCTAAGTCTCATCC-1",1
"TCTCTAAGTGGAAAGA-1",2
"TCTCTAATCAAACCAC-1",0
"TCTCTAATCAACGCTA-1",0
"TCTCTAATCACAGGCC-1",2
"TCTCTAATCACATACG-1",2
"TCTCTAATCCGTAGGC-1",0
"TCTCTAATCGTATCAG-1",6
"TCTGAGACAAACCTAC-1",3
"TCTGAGACACGGATAG-1",1
"TCTGAGACAGAGTGTG-1",1
"TCTGAGAGTAAGGGAA-1",0
"TCTGAGATCCTTGACC-1",0
"TCTGAGATCTATCCTA-1",1
"TCTGGAAAGCGATGAC-1",0
"TCTGGAAAGCTAGTTC-1",0
"TCTGGAAAGCTCTCGG-1",2
"TCTGGAAAGGAGCGAG-1",0
"TCTGGAACACAAGACG-1",1
"TCTGGAACACACTGCG-1",3
"TCTGGAACACTTCTGC-1",7
"TCTGGAAGTGAGTATA-1",2
"TCTGGAATCTGTCTAT-1",0
"TCTTCGGAGGTTCCTA-1",0
"TCTTCGGAGTTCGATC-1",0
"TCTTCGGCAAAGCAAT-1",0
"TCTTCGGCAAAGGTGC-1",2
"TCTTCGGCAATAGCAA-1",1
"TCTTCGGCAATGTAAG-1",0
"TCTTCGGCACACCGAC-1",3
"TCTTCGGCAGCCAATT-1",2
"TCTTCGGGTCATTAGC-1",0
"TCTTCGGTCGTAGGTT-1",1
"TCTTCGGTCTCTAAGG-1",0
"TCTTTCCAGAGAGCTC-1",2
"TCTTTCCAGTCATCCA-1",2
"TCTTTCCCATCTCCCA-1",3
"TCTTTCCGTAATCACC-1",2
"TCTTTCCGTAGTACCT-1",0
"TCTTTCCTCACAACGT-1",0
"TCTTTCCTCAGCTGGC-1",3
"TCTTTCCTCCAAGTAC-1",0
"TCTTTCCTCCTCGCAT-1",3
"TGAAAGAAGCTAAGAT-1",1
"TGAAAGACAAGCCGTC-1",0
"TGAAAGACACATTCGA-1",2
"TGAAAGACATGAGCGA-1",3
"TGAAAGAGTCTAGCGC-1",1
"TGAAAGAGTCTCATCC-1",7
"TGAAAGATCCCGACTT-1",1
"TGAAAGATCTATGTGG-1",0
"TGACAACCAAGCGAGT-1",4
"TGACAACGTAGGGACT-1",0
"TGACAACGTGCGCTTG-1",1
"TGACAACGTGGTTTCA-1",1
"TGACAACTCACAAACC-1",4
"TGACAACTCCACGTGG-1",1
"TGACAACTCGAATGCT-1",2
"TGACGGCAGCGCCTCA-1",2
"TGACGGCAGGCTCAGA-1",1
"TGACGGCAGTCAAGCG-1",1
"TGACGGCCACAGACTT-1",0
"TGACGGCGTCATCCCT-1",1
"TGACGGCTCAGGCGAA-1",0
"TGACGGCTCCACTGGG-1",0
"TGACTAGAGACCCACC-1",0
"TGACTAGAGGGCATGT-1",5
"TGACTAGAGTCTCAAC-1",0
"TGACTAGAGTTGAGAT-1",0
"TGACTAGCAGCATACT-1",0
"TGACTAGCAGTCAGAG-1",1
"TGACTAGCATTTCACT-1",0
"TGACTAGGTAAATACG-1",3
"TGACTAGGTGAAAGAG-1",2
"TGACTAGGTGCAGTAG-1",0
"TGACTAGTCATGCATG-1",1
"TGACTAGTCCATGCTC-1",1
"TGACTAGTCTGTTGAG-1",1
"TGACTTTAGAACAATC-1",1
"TGACTTTAGTCTCGGC-1",0
"TGACTTTAGTTAGGTA-1",0
"TGACTTTCAGTCCTTC-1",6
"TGACTTTCATTATCTC-1",2
"TGACTTTGTCACACGC-1",7
"TGACTTTTCCTCAATT-1",0
"TGACTTTTCTGCCCTA-1",0
"TGAGAGGAGGCTCATT-1",2
"TGAGAGGCAAAGTCAA-1",1
"TGAGAGGCAAGCCATT-1",0
"TGAGAGGCACCATGTA-1",0
"TGAGAGGGTCACTGGC-1",0
"TGAGAGGGTCTAAACC-1",0
"TGAGAGGTCGAACTGT-1",0
"TGAGAGGTCGCGTTTC-1",3
"TGAGAGGTCTGACCTC-1",2
"TGAGCATAGAAACGAG-1",1
"TGAGCATAGAAGCCCA-1",2
"TGAGCATAGATGTCGG-1",2
"TGAGCATAGGAATGGA-1",0
"TGAGCATCACCAGGCT-1",1
"TGAGCATCAGATGAGC-1",0
"TGAGCATCAGCGTAAG-1",3
"TGAGCATCAGCTGTAT-1",2
"TGAGCATGTGGCCCTA-1",1
"TGAGCATTCCACGTTC-1",0
"TGAGCATTCCGATATG-1",1
"TGAGCATTCGGCCGAT-1",2
"TGAGCCGCATCGGGTC-1",2
"TGAGCCGGTCGAACAG-1",0
"TGAGCCGGTGTAATGA-1",1
"TGAGCCGGTTGATTCG-1",1
"TGAGCCGTCATCTGCC-1",5
"TGAGCCGTCGTCACGG-1",0
"TGAGCCGTCTTGAGGT-1",0
"TGAGGGAAGAGACTAT-1",1
"TGAGGGAAGGAGTACC-1",1
"TGAGGGAAGTCATCCA-1",3
"TGAGGGAAGTCATGCT-1",1
"TGAGGGACACCAGTTA-1",0
"TGAGGGACATAAGACA-1",3
"TGAGGGAGTAAACGCG-1",0
"TGAGGGAGTTAGGGTG-1",5
"TGAGGGATCAACGGGA-1",2
"TGAGGGATCTAGCACA-1",0
"TGAGGGATCTCTTATG-1",1
"TGATTTCCATCCGGGT-1",2
"TGATTTCGTAGGCATG-1",0
"TGATTTCGTTAAGACA-1",0
"TGATTTCTCTGATTCT-1",5
"TGCACCTAGACCTTTG-1",0
"TGCACCTAGGACGAAA-1",2
"TGCACCTCAAGTTGTC-1",4
"TGCACCTCAATAGAGT-1",8
"TGCACCTCATCCGGGT-1",2
"TGCACCTGTAATCACC-1",1
"TGCACCTGTCACACGC-1",0
"TGCACCTTCACGGTTA-1",3
"TGCACCTTCATCGGAT-1",1
"TGCACCTTCCGCGGTA-1",5
"TGCACCTTCGAACTGT-1",2
"TGCACCTTCTCTTGAT-1",0
"TGCCAAACAATGTAAG-1",2
"TGCCAAACAATTCCTT-1",1
"TGCCAAAGTTCGCGAC-1",3
"TGCCAAATCCAAACTG-1",3
"TGCCAAATCCCTGACT-1",0
"TGCCAAATCGGCGGTT-1",0
"TGCCCATAGACTAGGC-1",1
"TGCCCATAGCGTCAAG-1",1
"TGCCCATAGCGTGAAC-1",1
"TGCCCATAGCTGTTCA-1",0
"TGCCCATAGGATGGAA-1",1
"TGCCCATAGTACGCCC-1",0
"TGCCCATAGTTGAGTA-1",0
"TGCCCATCACCAGGTC-1",0
"TGCCCATCACGAAATA-1",0
"TGCCCATCAGGACGTA-1",2
"TGCCCATCATGGAATA-1",0
"TGCCCATCATGGATGG-1",0
"TGCCCATGTAGCCTCG-1",0
"TGCCCATTCAAACCGT-1",1
"TGCCCATTCAGGCCCA-1",5
"TGCCCATTCCTTCAAT-1",0
"TGCCCATTCGGAAATA-1",0
"TGCCCTAAGGTCGGAT-1",2
"TGCCCTAAGGTTCCTA-1",0
"TGCCCTACACCACCAG-1",0
"TGCCCTACAGCCACCA-1",0
"TGCCCTACAGTGAGTG-1",1
"TGCCCTAGTCCGAGTC-1",7
"TGCCCTAGTGGTTTCA-1",0
"TGCCCTAGTTTCGCTC-1",10
"TGCCCTATCGACGGAA-1",0
"TGCCCTATCTTCGGTC-1",3
"TGCGCAGAGACTAGGC-1",3
"TGCGCAGAGCACACAG-1",1
"TGCGCAGAGCGTCTAT-1",3
"TGCGCAGAGGAGCGAG-1",2
"TGCGCAGCAAACGTGG-1",4
"TGCGCAGCAGCTCGCA-1",0
"TGCGCAGCAGTAGAGC-1",0
"TGCGCAGTCCTACAGA-1",3
"TGCGGGTAGAGACTTA-1",3
"TGCGGGTAGATCGATA-1",1
"TGCGGGTAGCTCTCGG-1",0
"TGCGGGTAGGTGTGGT-1",4
"TGCGGGTAGTACTTGC-1",0
"TGCGGGTCAATGGAAT-1",1
"TGCGGGTCACACGCTG-1",0
"TGCGGGTCATTGGGCC-1",2
"TGCGGGTGTAGAAAGG-1",0
"TGCGGGTGTCACCTAA-1",6
"TGCGGGTGTCAGATAA-1",1
"TGCGGGTGTTAGAACA-1",4
"TGCGGGTTCAGTTCGA-1",0
"TGCGGGTTCGTAGATC-1",2
"TGCGGGTTCTCTTGAT-1",0
"TGCGTGGAGACGCAAC-1",0
"TGCGTGGAGACTGGGT-1",2
"TGCGTGGAGTGAACGC-1",2
"TGCGTGGCAATTCCTT-1",5
"TGCGTGGGTGCACCAC-1",1
"TGCGTGGTCCGCGCAA-1",2
"TGCGTGGTCGCCCTTA-1",2
"TGCGTGGTCTGGCGAC-1",0
"TGCTACCAGAAAGTGG-1",2
"TGCTACCAGATGGCGT-1",2
"TGCTACCAGCAAATCA-1",0
"TGCTACCAGTCCGTAT-1",1
"TGCTACCCAAGAGGCT-1",1
"TGCTACCCACTTAACG-1",0
"TGCTACCCATCGTCGG-1",5
"TGCTACCCATGGTTGT-1",1
"TGCTACCGTGTGACGA-1",3
"TGCTACCTCCTCGCAT-1",1
"TGCTACCTCTTCTGGC-1",1
"TGCTGCTAGACTAAGT-1",0
"TGCTGCTAGGTGATAT-1",0
"TGCTGCTCAATAGAGT-1",0
"TGCTGCTCACAGACAG-1",3
"TGCTGCTCATCCCATC-1",3
"TGCTGCTCATGGTTGT-1",5
"TGCTGCTGTCATACTG-1",0
"TGCTGCTGTGAAGGCT-1",1
"TGCTGCTTCATTGCGA-1",1
"TGGACGCAGAGGTACC-1",0
"TGGACGCAGTCAAGGC-1",0
"TGGACGCCACAGAGGT-1",0
"TGGACGCCATGGTAGG-1",6
"TGGACGCGTCCGAACC-1",2
"TGGACGCGTCTCCCTA-1",0
"TGGCCAGAGAAGGTGA-1",1
"TGGCCAGAGAGTACAT-1",0
"TGGCCAGAGGCGATAC-1",1
"TGGCCAGAGGCGTACA-1",2
"TGGCCAGCAACTGCGC-1",2
"TGGCCAGCACGACTCG-1",4
"TGGCCAGGTCAATACC-1",3
"TGGCCAGTCGTAGATC-1",0
"TGGCCAGTCTATCCCG-1",3
"TGGCGCAAGCTACCTA-1",1
"TGGCGCAAGCTATGCT-1",0
"TGGCGCAAGTGTGGCA-1",2
"TGGCGCAAGTTACCCA-1",1
"TGGCGCACACAGGCCT-1",2
"TGGCGCACACGGATAG-1",1
"TGGCGCACAGCGATCC-1",0
"TGGCGCACATAGGATA-1",0
"TGGCGCACATATACGC-1",0
"TGGCGCAGTACTCTCC-1",3
"TGGCGCAGTGGACGAT-1",8
"TGGCGCAGTTATGTGC-1",2
"TGGCGCATCAAGAAGT-1",0
"TGGCGCATCATGCTCC-1",0
"TGGCGCATCATGTGGT-1",6
"TGGCGCATCATTATCC-1",0
"TGGCGCATCGTGGTCG-1",0
"TGGCTGGAGCGGATCA-1",0
"TGGCTGGAGTGCAAGC-1",1
"TGGCTGGCAAGTTAAG-1",0
"TGGCTGGCACGGATAG-1",1
"TGGCTGGCAGGAACGT-1",0
"TGGCTGGGTCGAGTTT-1",1
"TGGCTGGGTCGGCATC-1",2
"TGGCTGGGTCTAGCCG-1",2
"TGGCTGGGTTACGCGC-1",2
"TGGCTGGGTTGGACCC-1",7
"TGGCTGGTCTCGTTTA-1",0
"TGGGAAGAGATATACG-1",0
"TGGGAAGAGCCCAATT-1",0
"TGGGAAGAGCGCTCCA-1",1
"TGGGAAGAGGGCTTCC-1",1
"TGGGAAGAGTAAGTAC-1",3
"TGGGAAGAGTTAACGA-1",1
"TGGGAAGCAAGGTGTG-1",0
"TGGGAAGCAGATCCAT-1",1
"TGGGAAGCAGCGAACA-1",0
"TGGGAAGGTAAGTTCC-1",0
"TGGGAAGGTTAGATGA-1",1
"TGGGAAGGTTATTCTC-1",4
"TGGGAAGTCCCAAGAT-1",0
"TGGGAAGTCCTTCAAT-1",0
"TGGGAAGTCGTGGACC-1",1
"TGGGAAGTCTCCTATA-1",4
"TGGGCGTAGTCTCCTC-1",0
"TGGGCGTCAGACGTAG-1",1
"TGGGCGTCAGGGATTG-1",1
"TGGGCGTGTCCAAGTT-1",0
"TGGGCGTGTCTAGAGG-1",3
"TGGGCGTGTGGCTCCA-1",1
"TGGGCGTGTTTCGCTC-1",0
"TGGGCGTTCAGCTTAG-1",1
"TGGTTAGAGCTACCTA-1",0
"TGGTTAGAGTTAGGTA-1",0
"TGGTTAGGTGATGATA-1",0
"TGGTTAGGTTCACGGC-1",0
"TGGTTAGTCCCGACTT-1",0
"TGGTTAGTCTTGTATC-1",3
"TGGTTCCAGCCGTCGT-1",1
"TGGTTCCAGTAATCCC-1",3
"TGGTTCCCAAGTTGTC-1",3
"TGGTTCCCAGACAAAT-1",2
"TGGTTCCCAGACAGGT-1",0
"TGGTTCCCAGCTCGAC-1",1
"TGGTTCCCATGTCCTC-1",0
"TGGTTCCCATTTCACT-1",5
"TGGTTCCGTCCAAGTT-1",0
"TGGTTCCTCACATACG-1",2
"TGGTTCCTCAGCTTAG-1",3
"TGGTTCCTCTAACTTC-1",2
"TGGTTCCTCTAGAGTC-1",2
"TGGTTCCTCTGGGCCA-1",2
"TGTATTCAGCCCGAAA-1",0
"TGTATTCAGCGATCCC-1",0
"TGTATTCCAGGGCATA-1",2
"TGTATTCGTAAGAGAG-1",3
"TGTATTCGTTTGTTTC-1",1
"TGTATTCTCAGCATGT-1",3
"TGTATTCTCATCTGTT-1",1
"TGTCCCAAGCAGATCG-1",6
"TGTCCCAAGCTAGTTC-1",1
"TGTCCCAAGCTGAACG-1",4
"TGTCCCAAGTTGTCGT-1",1
"TGTCCCACAGTAAGCG-1",0
"TGTCCCACATCACGTA-1",0
"TGTCCCAGTAAGAGGA-1",1
"TGTCCCAGTAAGTGGC-1",9
"TGTCCCAGTCGGATCC-1",3
"TGTCCCAGTCTCTTTA-1",0
"TGTCCCATCATTTGGG-1",0
"TGTCCCATCTGCAAGT-1",0
"TGTCCCATCTGCGTAA-1",0
"TGTGGTAGTCCCGACA-1",2
"TGTGGTAGTGTGAAAT-1",0
"TGTGGTAGTGTGACGA-1",7
"TGTGGTATCCAGGGCT-1",0
"TGTGGTATCTTGCATT-1",1
"TGTGTTTAGAGGTTAT-1",2
"TGTGTTTAGCGTGAGT-1",9
"TGTGTTTAGTGCGTGA-1",1
"TGTGTTTCATGCGCAC-1",2
"TGTGTTTTCTCATTCA-1",0
"TGTGTTTTCTTTCCTC-1",0
"TGTTCCGAGAGCAATT-1",0
"TGTTCCGAGCAACGGT-1",2
"TGTTCCGAGGAATTAC-1",1
"TGTTCCGAGGACTGGT-1",0
"TGTTCCGCAGTGAGTG-1",7
"TGTTCCGGTGAGTATA-1",1
"TGTTCCGTCAAGCCTA-1",0
"TGTTCCGTCAGTTCGA-1",0
"TGTTCCGTCGGCGGTT-1",0
"TGTTCCGTCTGAAAGA-1",0
"TGTTCCGTCTGGTATG-1",0
"TTAACTCAGTGTACGG-1",4
"TTAACTCCAAGCGCTC-1",0
"TTAACTCCAGGCAGTA-1",8
"TTAACTCGTTCCACAA-1",4
"TTAACTCTCATAAAGG-1",4
"TTAACTCTCCCTCAGT-1",0
"TTAGGACAGCAGGCTA-1",0
"TTAGGACAGCTCTCGG-1",2
"TTAGGACCAAGCCATT-1",0
"TTAGGACCAGTCAGAG-1",1
"TTAGGACGTTTGTTTC-1",10
"TTAGGCAAGAAGATTC-1",0
"TTAGGCAAGAGCCCAA-1",4
"TTAGGCAAGAGTGACC-1",0
"TTAGGCAAGGTTCCTA-1",0
"TTAGGCAAGTCGTTTG-1",0
"TTAGGCAAGTGTACCT-1",2
"TTAGGCACAGACGCTC-1",1
"TTAGGCACATGTTCCC-1",0
"TTAGGCAGTAAGGATT-1",0
"TTAGGCAGTAAGTAGT-1",0
"TTAGGCAGTCTTGATG-1",3
"TTAGGCATCACGCATA-1",0
"TTAGGCATCAGTCAGT-1",0
"TTAGGCATCCAGTATG-1",0
"TTAGGCATCGTTACGA-1",1
"TTAGTTCAGGTGCAAC-1",1
"TTAGTTCCAATGTAAG-1",0
"TTAGTTCCATCCTTGC-1",5
"TTAGTTCGTAGCCTAT-1",2
"TTAGTTCGTGCAGACA-1",1
"TTAGTTCGTGTCAATC-1",2
"TTAGTTCGTTGCCTCT-1",1
"TTAGTTCTCAGGCCCA-1",4
"TTAGTTCTCGCAGGCT-1",0
"TTAGTTCTCTACTATC-1",0
"TTATGCTAGAATGTGT-1",0
"TTATGCTAGCACACAG-1",0
"TTATGCTAGCAGCCTC-1",1
"TTATGCTAGTCCCACG-1",2
"TTATGCTAGTGGTAAT-1",0
"TTATGCTCAGCCAGAA-1",1
"TTATGCTCATACCATG-1",4
"TTATGCTCATGTAGTC-1",1
"TTATGCTGTCCGAGTC-1",0
"TTATGCTTCGATAGAA-1",5
"TTCCCAGAGAATTCCC-1",0
"TTCCCAGAGACTAGAT-1",6
"TTCCCAGAGTATCGAA-1",0
"TTCCCAGCAGATGGGT-1",0
"TTCCCAGCATCAGTAC-1",2
"TTCCCAGCATCTCCCA-1",4
"TTCCCAGCATTACCTT-1",0
"TTCCCAGTCAACACTG-1",1
"TTCCCAGTCGAGAGCA-1",0
"TTCGAAGAGTCTCAAC-1",0
"TTCGAAGCAAGCGCTC-1",4
"TTCGAAGCACATTAGC-1",0
"TTCGAAGCACGGTGTC-1",0
"TTCGGTCAGAGGACGG-1",1
"TTCGGTCAGCACACAG-1",1
"TTCGGTCAGGCCCTCA-1",1
"TTCGGTCAGTGAATTG-1",0
"TTCGGTCAGTTGAGAT-1",5
"TTCGGTCCAAGGGTCA-1",2
"TTCGGTCCACGTCAGC-1",3
"TTCGGTCGTAACGTTC-1",4
"TTCGGTCGTAGAGTGC-1",0
"TTCGGTCGTTCATGGT-1",2
"TTCGGTCGTTCTGTTT-1",2
"TTCGGTCTCAAAGACA-1",0
"TTCGGTCTCCAGTATG-1",0
"TTCGGTCTCGCGTTTC-1",2
"TTCGGTCTCGTCTGAA-1",0
"TTCTACAAGACTAAGT-1",2
"TTCTACAAGCAGCCTC-1",4
"TTCTACAAGCCTTGAT-1",0
"TTCTACAAGGCAGGTT-1",0
"TTCTACAAGGTAAACT-1",0
"TTCTACAAGTTAGGTA-1",12
"TTCTACACACGTGAGA-1",3
"TTCTACACAGCTGTTA-1",1
"TTCTACACATCGATTG-1",1
"TTCTACACATTACGAC-1",0
"TTCTACAGTACCGTTA-1",2
"TTCTACAGTATATGAG-1",2
"TTCTACAGTGGCTCCA-1",7
"TTCTACATCAACGGGA-1",0
"TTCTACATCCGCGTTT-1",1
"TTCTCAAAGAAAGTGG-1",4
"TTCTCAAAGAATCTCC-1",0
"TTCTCAAAGAGGTTAT-1",0
"TTCTCAAAGCAGCCTC-1",0
"TTCTCAAAGCCGCCTA-1",0
"TTCTCAAAGTCAATAG-1",0
"TTCTCAAAGTTGAGAT-1",1
"TTCTCAACACCCAGTG-1",0
"TTCTCAACATTGTGCA-1",6
"TTCTCAAGTATAAACG-1",6
"TTCTCAAGTCCCTTGT-1",8
"TTCTCAAGTCGAGATG-1",1
"TTCTCAATCATCGCTC-1",2
"TTCTCAATCCCTAACC-1",4
"TTCTCAATCGTAGGAG-1",2
"TTCTCCTAGAGTAAGG-1",1
"TTCTCCTAGCGACGTA-1",2
"TTCTCCTAGCGTGAGT-1",2
"TTCTCCTAGTCTCGGC-1",1
"TTCTCCTCAACACGCC-1",0
"TTCTCCTCAATAACGA-1",2
"TTCTCCTGTTAAGAAC-1",2
"TTCTCCTTCAGTTCGA-1",0
"TTCTCCTTCCGTAGGC-1",3
"TTCTCCTTCCTTTCTC-1",1
"TTCTCCTTCTGCAAGT-1",2
"TTCTCCTTCTTCAACT-1",2
"TTCTCCTTCTTGTACT-1",0
"TTCTTAGAGGACTGGT-1",0
"TTCTTAGCAAGGTGTG-1",3
"TTCTTAGCATCGGAAG-1",3
"TTCTTAGGTAGAAGGA-1",0
"TTCTTAGGTCATATGC-1",0
"TTCTTAGTCAGTTCGA-1",0
"TTGAACGGTCACTTCC-1",1
"TTGAACGTCATGTCCC-1",0
"TTGACTTAGCCACGTC-1",1
"TTGACTTAGCGACGTA-1",3
"TTGACTTAGTTAACGA-1",2
"TTGACTTCACTTACGA-1",0
"TTGACTTGTCTCTCTG-1",0
"TTGACTTGTGCGATAG-1",0
"TTGACTTTCCAGAGGA-1",0
"TTGACTTTCTGTCCGT-1",1
"TTGCCGTAGGAGCGTT-1",0
"TTGCCGTAGGTGGGTT-1",0
"TTGCCGTCATGGTCAT-1",1
"TTGCCGTGTACAGACG-1",0
"TTGCGTCAGACAGAGA-1",4
"TTGCGTCAGCTCCTTC-1",1
"TTGCGTCAGTCCATAC-1",0
"TTGCGTCAGTGAATTG-1",1
"TTGCGTCCAAATTGCC-1",1
"TTGCGTCCACTGTGTA-1",0
"TTGCGTCCAGTCACTA-1",0
"TTGCGTCGTCTGATTG-1",3
"TTGGAACAGCCCAATT-1",2
"TTGGAACAGCGTCTAT-1",7
"TTGGAACAGGCGTACA-1",1
"TTGGAACGTATTACCG-1",3
"TTGGAACGTGTGTGCC-1",0
"TTGGAACTCCCATTAT-1",0
"TTGGAACTCCGTAGTA-1",2
"TTGGAACTCGTCCAGG-1",0
"TTGGCAAAGTTAGGTA-1",2
"TTGGCAAGTATAGGTA-1",2
"TTGGCAATCACATGCA-1",1
"TTGGCAATCAGAGCTT-1",2
"TTGGCAATCGCATGAT-1",1
"TTGGCAATCTAGAGTC-1",1
"TTGTAGGAGGTGCTAG-1",0
"TTGTAGGCACACGCTG-1",0
"TTGTAGGGTCTCCCTA-1",0
"TTGTAGGGTGGTAACG-1",0
"TTGTAGGTCGGCGCTA-1",0
"TTGTAGGTCTGCCAGG-1",1
"TTTACTGAGATCACGG-1",0
"TTTACTGCAAAGCAAT-1",0
"TTTACTGCACATGGGA-1",10
"TTTACTGCACCACGTG-1",0
"TTTACTGCATGGGACA-1",0
"TTTACTGCATGTCCTC-1",0
"TTTACTGGTAACGTTC-1",0
"TTTACTGGTGGTGTAG-1",4
"TTTACTGGTTCGCTAA-1",1
"TTTACTGTCTGGAGCC-1",3
"TTTATGCAGACTGTAA-1",0
"TTTATGCAGATGCGAC-1",1
"TTTATGCAGGCAAAGA-1",3
"TTTATGCAGGCCCGTT-1",4
"TTTATGCAGTTCCACA-1",7
"TTTATGCCAAACGCGA-1",0
"TTTATGCCAATCTGCA-1",4
"TTTATGCCACAGGTTT-1",1
"TTTATGCCAGCCAATT-1",2
"TTTATGCCAGGTCGTC-1",5
"TTTATGCCATGGTCAT-1",3
"TTTATGCTCACATAGC-1",2
"TTTATGCTCACCTTAT-1",3
"TTTATGCTCGGCGGTT-1",0
"TTTATGCTCTCGCTTG-1",3
"TTTCCTCAGCGTGAAC-1",0
"TTTCCTCAGGACTGGT-1",0
"TTTCCTCCAAAGTGCG-1",2
"TTTCCTCCAGGAATGC-1",0
"TTTCCTCCATTAGCCA-1",6
"TTTCCTCGTCCGAAGA-1",2
"TTTCCTCGTCGCTTTC-1",9
"TTTCCTCTCGGCCGAT-1",2
"TTTCCTCTCGTGTAGT-1",0
"TTTGCGCAGCTAAACA-1",3
"TTTGCGCAGCTAGTCT-1",0
"TTTGCGCAGGCCGAAT-1",1
"TTTGCGCAGTCAAGGC-1",0
"TTTGCGCCAAGTAGTA-1",1
"TTTGCGCCAGGTGCCT-1",2
"TTTGCGCGTCTAAACC-1",0
"TTTGCGCTCAAAGTAG-1",1
"TTTGCGCTCATGTAGC-1",0
"TTTGGTTAGAATGTGT-1",0
"TTTGGTTAGACAATAC-1",0
"TTTGGTTAGCGATTCT-1",1
"TTTGGTTAGGCTCAGA-1",0
"TTTGGTTAGTTACCCA-1",3
"TTTGGTTCAAACTGCT-1",0
"TTTGGTTCAAGCTGTT-1",3
"TTTGGTTCAGATCGGA-1",3
"TTTGGTTCATCACAAC-1",0
"TTTGGTTGTACTTCTT-1",4
"TTTGGTTGTATGCTTG-1",1
"TTTGGTTGTGCTTCTC-1",0
"TTTGGTTTCATGCTCC-1",4
"TTTGGTTTCCCTGACT-1",3
"TTTGTCAAGAGTCGGT-1",2
"TTTGTCACAAGTTCTG-1",1
"TTTGTCACAAGTTGTC-1",1
"TTTGTCACACTCTGTC-1",1
"TTTGTCATCACCTTAT-1",1
"TTTGTCATCCATTCTA-1",1
"TTTGTCATCCTTAATC-1",0
"TTTGTCATCTTATCTG-1",4
