"cell_barcode","expression"
"AAACCTGAGACAGAGA-1",2
"AAACCTGAGACTTTCG-1",0
"AAACCTGAGAGTAAGG-1",2
"AAACCTGAGAGTCGGT-1",1
"AAACCTGAGGATGGAA-1",0
"AAACCTGAGTAGATGT-1",2
"AAACCTGCAATCAGAA-1",0
"AAACCTGCACCGATAT-1",4
"AAACCTGCAGACGTAG-1",2
"AAACCTGCAGTATCTG-1",0
"AAACCTGCATAGTAAG-1",0
"AAACCTGCATGAACCT-1",0
"AAACCTGGTAAGAGGA-1",3
"AAACCTGGTCCAACTA-1",6
"AAACCTGTCCGTAGTA-1",2
"AAACCTGTCGAGAGCA-1",0
"AAACGGGAGTACGACG-1",1
"AAACGGGCAAGGTTTC-1",2
"AAACGGGCACGTCAGC-1",1
"AAACGGGCAGCGTTCG-1",3
"AAACGGGGTAGCCTCG-1",3
"AAACGGGGTCTACCTC-1",1
"AAACGGGGTGCGGTAA-1",4
"AAACGGGGTTGTCGCG-1",2
"AAACGGGTCCATGAGT-1",1
"AAACGGGTCCCAACGG-1",2
"AAACGGGTCCCATTAT-1",3
"AAAGATGCAGTCAGCC-1",2
"AAAGATGCATCTACGA-1",2
"AAAGCAAAGCGTCTAT-1",0
"AAAGCAACATGTCGAT-1",1
"AAAGCAAGTAGCTGCC-1",1
"AAAGCAAGTAGGCATG-1",2
"AAAGCAAGTGCGCTTG-1",3
"AAAGCAAGTTATTCTC-1",3
"AAAGCAATCCGTAGTA-1",4
"AAAGTAGAGATGTGTA-1",0
"AAAGTAGAGTGGGCTA-1",3
"AAAGTAGGTATATGGA-1",2
"AAAGTAGGTGAGCGAT-1",2
"AAAGTAGGTTGAGGTG-1",1
"AAATGCCAGCCCTAAT-1",3
"AAATGCCAGCGTGTCC-1",1
"AAATGCCCAACACCTA-1",1
"AAATGCCGTAGGAGTC-1",2
"AAATGCCGTCTTTCAT-1",1
"AAATGCCGTGGTCCGT-1",1
"AAATGCCGTTCCCGAG-1",1
"AAATGCCTCATAGCAC-1",5
"AAATGCCTCGCTTAGA-1",4
"AACACGTAGAATTCCC-1",5
"AACACGTAGCCCTAAT-1",1
"AACACGTAGGGTGTGT-1",0
"AACACGTCACTGTCGG-1",3
"AACACGTCATCCCATC-1",5
"AACACGTGTGCAACGA-1",2
"AACACGTGTGTCGCTG-1",2
"AACCATGAGCGCTTAT-1",0
"AACCATGGTCCGTTAA-1",1
"AACCATGTCAGTTCGA-1",2
"AACCATGTCATCGATG-1",0
"AACCATGTCCCAAGTA-1",4
"AACCGCGAGAAGCCCA-1",0
"AACCGCGAGACTGGGT-1",4
"AACCGCGAGAGGTACC-1",3
"AACCGCGAGTTAGGTA-1",4
"AACCGCGAGTTGCAGG-1",2
"AACCGCGCACGGTAGA-1",2
"AACCGCGCAGCATGAG-1",0
"AACCGCGCAGCCTGTG-1",0
"AACCGCGCAGCTGTGC-1",2
"AACCGCGCAGTATGCT-1",0
"AACCGCGGTACTTGAC-1",2
"AACCGCGGTCTGCAAT-1",2
"AACCGCGTCACATGCA-1",2
"AACCGCGTCACCGTAA-1",2
"AACCGCGTCCAGAGGA-1",1
"AACCGCGTCCGAAGAG-1",0
"AACCGCGTCGATCCCT-1",3
"AACGTTGAGCGATAGC-1",1
"AACGTTGAGCGATCCC-1",1
"AACGTTGAGCTTATCG-1",1
"AACGTTGCAAGTTGTC-1",4
"AACGTTGCAATAGAGT-1",5
"AACGTTGCAATGGATA-1",0
"AACGTTGCATGGATGG-1",3
"AACGTTGCATTCTCAT-1",1
"AACGTTGTCAACACGT-1",4
"AACGTTGTCGAGGTAG-1",2
"AACGTTGTCGGTCCGA-1",1
"AACTCAGAGAGCTATA-1",0
"AACTCAGAGAGTCGGT-1",3
"AACTCAGAGCCACCTG-1",0
"AACTCAGAGCCCAATT-1",0
"AACTCAGCAAACAACA-1",1
"AACTCAGCACAAGCCC-1",0
"AACTCAGCACGGTTTA-1",1
"AACTCAGCAGGATCGA-1",2
"AACTCAGCATAAAGGT-1",1
"AACTCAGGTTCCACAA-1",6
"AACTCAGTCGTACCGG-1",0
"AACTCCCAGCCCAGCT-1",1
"AACTCCCAGCTAAGAT-1",3
"AACTCCCCAAACGCGA-1",1
"AACTCCCCATGGTCTA-1",2
"AACTCCCGTTGCGCAC-1",1
"AACTCCCTCAAGAAGT-1",1
"AACTCCCTCAAGCCTA-1",1
"AACTCCCTCATCGCTC-1",1
"AACTCCCTCTGCAGTA-1",7
"AACTCCCTCTGGCGTG-1",0
"AACTCTTAGCAGACTG-1",2
"AACTCTTAGTCCGGTC-1",1
"AACTCTTCATGCTAGT-1",0
"AACTCTTGTCGAATCT-1",0
"AACTCTTGTCGGGTCT-1",2
"AACTCTTTCCTCAATT-1",1
"AACTCTTTCTCAAACG-1",0
"AACTCTTTCTCCAGGG-1",3
"AACTCTTTCTCTGCTG-1",2
"AACTGGTAGAAGATTC-1",2
"AACTGGTAGAGACTAT-1",3
"AACTGGTAGCCAACAG-1",2
"AACTGGTAGTGTACTC-1",1
"AACTGGTCACTGAAGG-1",2
"AACTGGTGTCCGAACC-1",0
"AACTGGTTCGGAGCAA-1",2
"AACTGGTTCGTGGGAA-1",3
"AACTGGTTCTGCTTGC-1",1
"AACTTTCAGCGTGAAC-1",0
"AACTTTCAGTATCTCG-1",0
"AACTTTCAGTTTCCTT-1",1
"AACTTTCCATCCTTGC-1",0
"AACTTTCGTCTAGAGG-1",2
"AACTTTCGTCTCTTTA-1",0
"AACTTTCGTTTGTTTC-1",0
"AAGACCTAGGGCTTCC-1",0
"AAGACCTAGTACACCT-1",2
"AAGACCTGTATATGAG-1",2
"AAGACCTGTATCAGTC-1",1
"AAGACCTGTCCGTGAC-1",3
"AAGACCTGTCGAAAGC-1",2
"AAGACCTTCGCCATAA-1",1
"AAGCCGCAGATCTGAA-1",2
"AAGCCGCAGGGTGTTG-1",2
"AAGCCGCAGTGGACGT-1",2
"AAGCCGCAGTGTACTC-1",1
"AAGCCGCCACGCTTTC-1",0
"AAGCCGCCAGGACGTA-1",3
"AAGCCGCGTACAGTTC-1",2
"AAGCCGCGTCATTAGC-1",2
"AAGCCGCTCACGAAGG-1",1
"AAGCCGCTCAGTTAGC-1",1
"AAGCCGCTCGCAAACT-1",1
"AAGCCGCTCGTCGTTC-1",2
"AAGCCGCTCTTACCGC-1",3
"AAGGAGCAGAAACCGC-1",0
"AAGGAGCAGGCATGTG-1",2
"AAGGAGCAGGCGCTCT-1",1
"AAGGAGCAGTTGAGTA-1",4
"AAGGAGCCACGGCGTT-1",2
"AAGGAGCGTAGCGCAA-1",2
"AAGGAGCGTCTGCAAT-1",0
"AAGGAGCTCGTCTGCT-1",1
"AAGGCAGAGAACTGTA-1",0
"AAGGCAGAGAGATGAG-1",1
"AAGGCAGAGGTGATAT-1",1
"AAGGCAGCATAGTAAG-1",3
"AAGGCAGGTACTTCTT-1",1
"AAGGCAGGTGTGCCTG-1",2
"AAGGCAGTCAGATAAG-1",0
"AAGGCAGTCGGAATCT-1",1
"AAGGTTCAGTATCTCG-1",1
"AAGGTTCCATCACGTA-1",1
"AAGGTTCGTATATGGA-1",2
"AAGGTTCGTCCGAATT-1",2
"AAGGTTCGTCGACTAT-1",4
"AAGGTTCGTGTGACCC-1",2
"AAGGTTCTCCGTCATC-1",2
"AAGGTTCTCCTCGCAT-1",4
"AAGGTTCTCTGCGGCA-1",2
"AAGTCTGAGCCATCGC-1",0
"AAGTCTGAGTCAAGCG-1",1
"AAGTCTGCAAAGGAAG-1",2
"AAGTCTGGTCAGCTAT-1",0
"AAGTCTGTCAAACAAG-1",2
"AAGTCTGTCACTGGGC-1",3
"AAGTCTGTCAGCAACT-1",1
"AATCCAGCAAAGTGCG-1",1
"AATCCAGCAGCATACT-1",2
"AATCCAGGTAGGCATG-1",1
"AATCCAGGTCTCCCTA-1",4
"AATCCAGTCCGAATGT-1",8
"AATCGGTAGGCATGGT-1",0
"AATCGGTTCCTGTACC-1",3
"AATCGGTTCGCCGTGA-1",3
"ACACCAAAGATGAGAG-1",1
"ACACCAAAGCCCTAAT-1",4
"ACACCAAAGGATGGTC-1",1
"ACACCAAAGTGTCCAT-1",3
"ACACCAACACTTCGAA-1",2
"ACACCAACAGACGCTC-1",2
"ACACCAACAGCCTATA-1",1
"ACACCAAGTCGCGTGT-1",1
"ACACCAAGTCTAAACC-1",1
"ACACCAAGTTATGTGC-1",1
"ACACCAATCGCGTTTC-1",1
"ACACCCTAGCCAGGAT-1",6
"ACACCCTAGTACTTGC-1",2
"ACACCCTCAAGCGCTC-1",2
"ACACCCTCATCACAAC-1",5
"ACACCCTCATGCCCGA-1",1
"ACACCCTGTCTGGTCG-1",1
"ACACCCTTCCGCAAGC-1",3
"ACACCCTTCCTTGCCA-1",3
"ACACCCTTCTATCCTA-1",1
"ACACCCTTCTGGCGTG-1",1
"ACACCGGAGGCTCAGA-1",4
"ACACCGGAGTGACATA-1",1
"ACACCGGAGTTACCCA-1",3
"ACACCGGCAAGCCGTC-1",1
"ACACCGGCACCAGATT-1",3
"ACACCGGCACCGAAAG-1",4
"ACACCGGCATCACAAC-1",2
"ACACCGGTCCGCATAA-1",0
"ACACCGGTCTCGGACG-1",9
"ACACCGGTCTCTGTCG-1",8
"ACACTGAAGCACGCCT-1",2
"ACACTGAAGGTGATTA-1",2
"ACACTGACAATAGAGT-1",1
"ACACTGACAGACTCGC-1",3
"ACACTGACATCCAACA-1",2
"ACACTGAGTCCGAAGA-1",1
"ACACTGAGTGTTTGTG-1",2
"ACACTGAGTTTGACTG-1",0
"ACAGCCGAGGAATGGA-1",0
"ACAGCCGAGGCCCGTT-1",1
"ACAGCCGAGGTGCTTT-1",2
"ACAGCCGAGTGGTAGC-1",1
"ACAGCCGCATATACGC-1",2
"ACAGCCGCATGCAACT-1",0
"ACAGCCGGTAGGGTAC-1",0
"ACAGCCGGTCGAATCT-1",3
"ACAGCCGGTTCACCTC-1",1
"ACAGCCGGTTCCACTC-1",1
"ACAGCCGTCCAGAAGG-1",0
"ACAGCCGTCTTTACAC-1",1
"ACAGCTAAGCACCGCT-1",0
"ACAGCTAAGTATCTCG-1",1
"ACAGCTAAGTGTTGAA-1",4
"ACAGCTACATCGTCGG-1",4
"ACAGCTAGTCGACTAT-1",1
"ACAGCTAGTGGTACAG-1",2
"ACAGCTATCACCACCT-1",1
"ACAGCTATCTGCTTGC-1",1
"ACATACGAGAGCTTCT-1",1
"ACATACGAGCGTAGTG-1",0
"ACATACGAGCTTCGCG-1",0
"ACATACGAGCTTTGGT-1",2
"ACATACGCAAACGTGG-1",7
"ACATACGCAAGCCTAT-1",2
"ACATACGCATCTCCCA-1",0
"ACATACGCATTCTCAT-1",0
"ACATACGGTAGGAGTC-1",2
"ACATACGGTGCACCAC-1",3
"ACATACGGTGGTTTCA-1",1
"ACATACGTCGTATCAG-1",4
"ACATCAGAGCCACTAT-1",0
"ACATCAGAGCCTTGAT-1",3
"ACATCAGCAACACCCG-1",0
"ACATCAGCAACGATGG-1",0
"ACATCAGCAATTGCTG-1",4
"ACATCAGCACCGGAAA-1",1
"ACATCAGCATAAAGGT-1",4
"ACATCAGCATCCCACT-1",4
"ACATCAGCATTTGCCC-1",5
"ACATCAGGTAAGGATT-1",1
"ACATCAGGTCCGTGAC-1",8
"ACATCAGGTTAAGTAG-1",3
"ACATCAGTCAAACCGT-1",3
"ACATGGTAGCATGGCA-1",4
"ACATGGTAGCTGTTCA-1",2
"ACATGGTCACTTGGAT-1",0
"ACATGGTGTCAGATAA-1",0
"ACATGGTGTCTGCGGT-1",1
"ACATGGTGTGCAACTT-1",3
"ACATGGTTCCGCAAGC-1",2
"ACATGGTTCCTCCTAG-1",2
"ACATGGTTCTGGAGCC-1",0
"ACATGGTTCTTCTGGC-1",2
"ACCAGTAAGATCACGG-1",0
"ACCAGTAAGCTTCGCG-1",1
"ACCAGTACACAGATTC-1",3
"ACCAGTACACAGGCCT-1",2
"ACCAGTACAGTATGCT-1",1
"ACCAGTACAGTCAGAG-1",0
"ACCAGTACAGTTTACG-1",1
"ACCAGTAGTCACCCAG-1",4
"ACCAGTAGTCCATCCT-1",1
"ACCAGTAGTCTTCAAG-1",0
"ACCAGTAGTGGACGAT-1",5
"ACCAGTATCTGCGACG-1",2
"ACCAGTATCTGCTTGC-1",0
"ACCAGTATCTGTTTGT-1",3
"ACCCACTAGAGGTTAT-1",4
"ACCCACTAGATCCCGC-1",5
"ACCCACTAGATGTGTA-1",1
"ACCCACTAGCCCAATT-1",4
"ACCCACTCAAGGGTCA-1",2
"ACCCACTCAAGGTTCT-1",2
"ACCCACTGTAAATGAC-1",1
"ACCCACTGTAGCCTCG-1",1
"ACCCACTGTCAAAGAT-1",4
"ACCCACTGTCAATACC-1",0
"ACCCACTGTGTGGTTT-1",1
"ACCCACTTCGCAAACT-1",2
"ACCCACTTCTGCCAGG-1",4
"ACCGTAACAATCGGTT-1",1
"ACCGTAACAATCTACG-1",4
"ACCGTAACAGGTCCAC-1",2
"ACCGTAAGTACAGCAG-1",3
"ACCGTAAGTCATGCAT-1",1
"ACCGTAAGTGAGTGAC-1",2
"ACCGTAAGTTAAGAAC-1",0
"ACCGTAAGTTCCGTCT-1",3
"ACCGTAATCACATAGC-1",1
"ACCGTAATCATGTGGT-1",1
"ACCGTAATCTGAAAGA-1",0
"ACCTTTACAATCGGTT-1",0
"ACCTTTACACGGACAA-1",2
"ACCTTTACAGCAGTTT-1",1
"ACCTTTACATGCAACT-1",2
"ACCTTTACATTTCAGG-1",3
"ACCTTTAGTGAACCTT-1",3
"ACCTTTAGTTCCACTC-1",1
"ACCTTTATCTCTAGGA-1",1
"ACGAGCCAGGCAGGTT-1",3
"ACGAGCCCACAGGCCT-1",3
"ACGAGCCCATGGAATA-1",0
"ACGAGCCGTGCACGAA-1",3
"ACGAGCCGTGTGACCC-1",1
"ACGAGCCGTTGGTTTG-1",0
"ACGAGCCTCAGTCCCT-1",1
"ACGAGCCTCGCAAACT-1",1
"ACGAGGACACTACAGT-1",5
"ACGAGGACATGTAGTC-1",2
"ACGAGGAGTACACCGC-1",3
"ACGAGGAGTGCCTGCA-1",0
"ACGAGGAGTTCTGAAC-1",4
"ACGAGGATCTGCGGCA-1",2
"ACGATACAGAGTGACC-1",0
"ACGATACAGCGCCTTG-1",1
"ACGATACAGTGATCGG-1",2
"ACGATACCACGTTGGC-1",3
"ACGATACCATTGGGCC-1",2
"ACGATACGTCGAATCT-1",1
"ACGATACTCTGACCTC-1",5
"ACGATGTAGTGCGATG-1",0
"ACGATGTAGTTGAGAT-1",2
"ACGATGTCAACGCACC-1",1
"ACGATGTCACACGCTG-1",0
"ACGATGTGTATTCTCT-1",2
"ACGATGTGTCAGTGGA-1",0
"ACGATGTGTGACTACT-1",2
"ACGATGTGTGTCGCTG-1",1
"ACGATGTTCGCGTAGC-1",1
"ACGATGTTCTCTTATG-1",2
"ACGCAGCAGCGGCTTC-1",2
"ACGCAGCAGCTGCGAA-1",2
"ACGCAGCAGTGTACGG-1",4
"ACGCAGCCACCTCGTT-1",0
"ACGCAGCCATCGACGC-1",1
"ACGCAGCCATTACCTT-1",2
"ACGCAGCGTCCATGAT-1",1
"ACGCAGCGTCTACCTC-1",0
"ACGCAGCGTCTGGTCG-1",0
"ACGCAGCGTGCGATAG-1",1
"ACGCCAGCAAAGCAAT-1",0
"ACGCCAGCAACGCACC-1",2
"ACGCCAGCACGAGAGT-1",2
"ACGCCAGCAGTGAGTG-1",1
"ACGCCAGGTGCACTTA-1",3
"ACGCCAGGTGTGCGTC-1",2
"ACGCCAGTCACAGGCC-1",2
"ACGCCAGTCAGTGTTG-1",1
"ACGCCGAAGAAACGCC-1",1
"ACGCCGAAGATCTGCT-1",2
"ACGCCGACAGCCTGTG-1",0
"ACGCCGAGTTCCAACA-1",2
"ACGCCGATCCTATGTT-1",2
"ACGCCGATCGCAGGCT-1",2
"ACGCCGATCTTGTATC-1",3
"ACGGAGAAGCCAGTTT-1",1
"ACGGAGAAGGTCATCT-1",4
"ACGGAGACACACATGT-1",6
"ACGGAGACAGCCTGTG-1",1
"ACGGAGACAGCGTAAG-1",0
"ACGGAGACAGTAAGCG-1",2
"ACGGAGAGTGTGACGA-1",1
"ACGGAGATCCACGAAT-1",1
"ACGGCCACACATCCAA-1",1
"ACGGCCACACATTCGA-1",1
"ACGGCCAGTACCGTAT-1",3
"ACGGCCAGTGTATGGG-1",4
"ACGGCCATCACGGTTA-1",0
"ACGGCCATCAGTGTTG-1",3
"ACGGCCATCTACTATC-1",4
"ACGGGCTAGGATCGCA-1",0
"ACGGGCTAGGTTCCTA-1",3
"ACGGGCTAGTGGCACA-1",5
"ACGGGCTCATCTGGTA-1",0
"ACGGGCTGTGAGGCTA-1",0
"ACGGGCTTCCGAACGC-1",2
"ACGGGTCAGATGCCAG-1",2
"ACGGGTCCATGATCCA-1",1
"ACGGGTCCATTAGGCT-1",4
"ACGGGTCCATTTCACT-1",1
"ACGGGTCGTTAGGGTG-1",0
"ACGGGTCTCAACACCA-1",1
"ACGGGTCTCCACGCAG-1",0
"ACGTCAAAGGGCTTCC-1",3
"ACGTCAAAGTGGTAAT-1",2
"ACGTCAACAACTGCGC-1",2
"ACGTCAACACAAGACG-1",0
"ACGTCAAGTAGCTCCG-1",1
"ACGTCAAGTGTCGCTG-1",2
"ACGTCAAGTTATGCGT-1",3
"ACGTCAATCAACCAAC-1",3
"ACGTCAATCATAACCG-1",5
"ACGTCAATCCAGAAGG-1",6
"ACGTCAATCTAACTCT-1",0
"ACTATCTAGAGGTTAT-1",2
"ACTATCTAGATACACA-1",0
"ACTATCTAGGAGTAGA-1",4
"ACTATCTAGGCATGTG-1",1
"ACTATCTCAAATACAG-1",1
"ACTATCTCAAATTGCC-1",0
"ACTATCTGTAGGGACT-1",0
"ACTATCTGTCGCGTGT-1",2
"ACTATCTGTGCACGAA-1",3
"ACTATCTGTGGTTTCA-1",2
"ACTATCTTCGCCGTGA-1",0
"ACTGAACAGAGTGAGA-1",2
"ACTGAACAGATCCCGC-1",1
"ACTGAACAGGTGATAT-1",2
"ACTGAACCAAAGCGGT-1",0
"ACTGAACCAAGCGAGT-1",1
"ACTGAACCAATTCCTT-1",2
"ACTGAACCAGCTGGCT-1",1
"ACTGAACCAGTCTTCC-1",1
"ACTGAACCATTACCTT-1",1
"ACTGAACGTAAGCACG-1",3
"ACTGAACGTAATCGTC-1",1
"ACTGAACGTCCAGTAT-1",2
"ACTGAACGTCTGATCA-1",0
"ACTGAACTCCCACTTG-1",1
"ACTGAGTAGCCGGTAA-1",2
"ACTGAGTCAGTGGGAT-1",4
"ACTGAGTCATTTGCCC-1",7
"ACTGAGTGTAGAGCTG-1",5
"ACTGAGTGTTGTGGCC-1",1
"ACTGAGTTCAGGTTCA-1",1
"ACTGATGAGACAGACC-1",2
"ACTGATGAGCGGATCA-1",1
"ACTGATGAGGTGCTTT-1",4
"ACTGATGCAGCAGTTT-1",2
"ACTGATGCATCACAAC-1",3
"ACTGATGGTCATGCAT-1",0
"ACTGATGTCACAATGC-1",3
"ACTGATGTCACTCCTG-1",1
"ACTGATGTCCCTGACT-1",2
"ACTGATGTCCGCTGTT-1",0
"ACTGATGTCCGGCACA-1",4
"ACTGATGTCCTATTCA-1",2
"ACTGCTCAGAGCTTCT-1",1
"ACTGCTCAGATGCCTT-1",1
"ACTGCTCCACACCGCA-1",3
"ACTGCTCCAGATGGGT-1",0
"ACTGCTCCATGCCTAA-1",0
"ACTGCTCGTAGGCATG-1",2
"ACTGCTCGTATCACCA-1",0
"ACTGCTCGTCCGAAGA-1",1
"ACTGCTCTCCGAGCCA-1",2
"ACTGTCCAGAGGGCTT-1",4
"ACTGTCCAGCAGCGTA-1",2
"ACTGTCCAGGCATGGT-1",0
"ACTGTCCCAAGGTTTC-1",2
"ACTGTCCCAAGTACCT-1",2
"ACTGTCCCAGTATCTG-1",0
"ACTGTCCCATAGAAAC-1",2
"ACTGTCCGTTGAGGTG-1",1
"ACTGTCCTCCACGTGG-1",0
"ACTGTCCTCCTTGGTC-1",1
"ACTGTCCTCTCTGTCG-1",1
"ACTTACTAGCGATAGC-1",1
"ACTTACTAGGGATGGG-1",1
"ACTTACTCACAGACAG-1",3
"ACTTACTCACATTTCT-1",2
"ACTTACTGTACTCAAC-1",1
"ACTTACTGTTCCACAA-1",1
"ACTTACTTCATCGGAT-1",2
"ACTTGTTAGACAAGCC-1",1
"ACTTGTTAGCTAGCCC-1",1
"ACTTGTTAGTTACCCA-1",4
"ACTTGTTCACGACGAA-1",1
"ACTTGTTCACGGCTAC-1",1
"ACTTGTTGTATCGCAT-1",1
"ACTTGTTGTGGTAACG-1",3
"ACTTGTTGTTGTGGAG-1",3
"ACTTGTTTCATCACCC-1",2
"ACTTTCACATGGTCAT-1",5
"ACTTTCAGTGACTACT-1",2
"ACTTTCATCGCCAGCA-1",1
"AGAATAGAGCTGAACG-1",1
"AGAATAGAGCTGTCTA-1",1
"AGAATAGAGGTAGCTG-1",3
"AGAATAGCATGGTCTA-1",1
"AGAATAGGTAATCGTC-1",2
"AGAATAGGTATTCTCT-1",1
"AGAATAGGTGCGGTAA-1",0
"AGAATAGGTTAAGAAC-1",0
"AGAATAGTCAGGCCCA-1",1
"AGACGTTAGAATGTGT-1",2
"AGACGTTAGCTCCTCT-1",0
"AGACGTTAGTGCCAGA-1",1
"AGACGTTCAGGATCGA-1",2
"AGACGTTGTAGCTGCC-1",2
"AGACGTTGTCTGCAAT-1",0
"AGACGTTGTTCTGTTT-1",3
"AGACGTTTCGCATGGC-1",3
"AGACGTTTCGCTTAGA-1",0
"AGAGCGACAACTTGAC-1",3
"AGAGCGACAAGTACCT-1",1
"AGAGCGACACAACGTT-1",2
"AGAGCGACATGAGCGA-1",1
"AGAGCGAGTCAGTGGA-1",1
"AGAGCGAGTCGACTGC-1",1
"AGAGCGAGTTGAGTTC-1",1
"AGAGCGATCGCGTAGC-1",0
"AGAGCGATCTATCCTA-1",1
"AGAGCGATCTCGCTTG-1",1
"AGAGCTTAGCCGTCGT-1",2
"AGAGCTTAGTACACCT-1",0
"AGAGCTTAGTCATGCT-1",0
"AGAGCTTGTAGAGCTG-1",0
"AGAGCTTGTATCACCA-1",2
"AGAGCTTTCACTATTC-1",7
"AGAGCTTTCCTGCAGG-1",1
"AGAGCTTTCGCAAACT-1",3
"AGAGCTTTCGCTTAGA-1",2
"AGAGTGGAGAGCCTAG-1",1
"AGAGTGGAGGCCCTTG-1",1
"AGAGTGGAGGTACTCT-1",1
"AGAGTGGCACAAGACG-1",1
"AGAGTGGCACCTCGTT-1",0
"AGAGTGGCATCCGGGT-1",1
"AGAGTGGCATCTGGTA-1",1
"AGAGTGGGTCAGCTAT-1",1
"AGAGTGGGTCCTCCAT-1",4
"AGAGTGGGTCTAGTCA-1",3
"AGAGTGGGTTACCGAT-1",1
"AGATCTGAGGTGGGTT-1",0
"AGATCTGAGTCAAGGC-1",1
"AGATCTGCAATGTTGC-1",5
"AGATCTGTCGAATCCA-1",1
"AGATCTGTCTGCAGTA-1",3
"AGATTGCAGGCTACGA-1",1
"AGATTGCCACGACGAA-1",3
"AGATTGCCAGATGGGT-1",0
"AGATTGCGTAGAGCTG-1",4
"AGATTGCGTGATGTCT-1",0
"AGATTGCGTGTTCGAT-1",3
"AGATTGCGTTCACGGC-1",2
"AGATTGCTCACTGGGC-1",2
"AGATTGCTCATCTGTT-1",1
"AGCAGCCAGCTGATAA-1",0
"AGCAGCCCACCGAAAG-1",4
"AGCAGCCGTCGACTGC-1",1
"AGCAGCCGTCGCTTTC-1",0
"AGCAGCCGTCTAACGT-1",0
"AGCAGCCGTGTGAAAT-1",1
"AGCAGCCGTTTGTTGG-1",4
"AGCAGCCTCCAAACAC-1",3
"AGCATACAGTGGTAGC-1",3
"AGCATACAGTTGTCGT-1",7
"AGCATACGTCTTCTCG-1",0
"AGCATACGTTAAGTAG-1",1
"AGCATACTCCGTTGCT-1",1
"AGCCTAAAGATATGGT-1",1
"AGCCTAACAAAGCGGT-1",1
"AGCCTAACAGATAATG-1",3
"AGCCTAAGTACGAAAT-1",1
"AGCCTAAGTCACCTAA-1",2
"AGCCTAAGTGTGCCTG-1",0
"AGCCTAATCACCCGAG-1",1
"AGCCTAATCCAATGGT-1",1
"AGCCTAATCCTTGGTC-1",1
"AGCCTAATCTGTGCAA-1",2
"AGCCTAATCTGTTTGT-1",0
"AGCGGTCAGCGAAGGG-1",1
"AGCGGTCAGGTACTCT-1",3
"AGCGGTCAGTGACTCT-1",7
"AGCGGTCCAGCCTTGG-1",2
"AGCGGTCGTCCTAGCG-1",1
"AGCGGTCGTGGTGTAG-1",2
"AGCGGTCGTTAAGGGC-1",2
"AGCGGTCGTTTGCATG-1",2
"AGCGGTCTCCGAAGAG-1",2
"AGCGGTCTCCTCAATT-1",1
"AGCGGTCTCTGGGCCA-1",3
"AGCGTATAGAACTGTA-1",1
"AGCGTATAGCGATGAC-1",0
"AGCGTATAGGTACTCT-1",2
"AGCGTATGTTGAGGTG-1",2
"AGCGTATTCCAGAGGA-1",0
"AGCGTCGAGTTGAGTA-1",3
"AGCGTCGCAGGGATTG-1",1
"AGCGTCGTCTGAAAGA-1",2
"AGCTCCTAGACCTAGG-1",0
"AGCTCCTAGCGTTTAC-1",1
"AGCTCCTGTGTTTGTG-1",0
"AGCTCCTGTTGTCTTT-1",2
"AGCTCCTTCCGAATGT-1",1
"AGCTCCTTCTTGACGA-1",1
"AGCTCTCAGCGGATCA-1",1
"AGCTCTCAGCTGTTCA-1",6
"AGCTCTCAGGTGCTAG-1",4
"AGCTCTCCATACAGCT-1",0
"AGCTCTCGTCAGAGGT-1",2
"AGCTCTCGTGGGTCAA-1",1
"AGCTCTCTCACAACGT-1",0
"AGCTCTCTCTTGACGA-1",5
"AGCTTGAAGCATCATC-1",2
"AGCTTGAAGTAGCGGT-1",5
"AGCTTGAAGTTGTCGT-1",1
"AGCTTGACAATCCAAC-1",0
"AGCTTGACACCGATAT-1",4
"AGCTTGAGTCTACCTC-1",2
"AGCTTGAGTGCGCTTG-1",2
"AGCTTGAGTTACGCGC-1",0
"AGCTTGATCCTGCCAT-1",0
"AGCTTGATCTGCAAGT-1",1
"AGGCCACAGAGTAAGG-1",1
"AGGCCACAGGGTCTCC-1",3
"AGGCCACAGTACTTGC-1",5
"AGGCCACCAGGACCCT-1",2
"AGGCCACCATCAGTCA-1",0
"AGGCCACTCATGCTCC-1",4
"AGGCCACTCATGGTCA-1",1
"AGGCCACTCATTGCGA-1",3
"AGGCCGTAGGATCGCA-1",3
"AGGCCGTCACGTAAGG-1",2
"AGGCCGTCAGCTCGAC-1",0
"AGGCCGTCATCGTCGG-1",1
"AGGCCGTTCACGGTTA-1",1
"AGGCCGTTCGAACTGT-1",0
"AGGCCGTTCTCAAGTG-1",2
"AGGCCGTTCTGCTTGC-1",0
"AGGGAGTAGCCCAACC-1",1
"AGGGAGTAGGAGTACC-1",0
"AGGGAGTAGGCAGGTT-1",1
"AGGGAGTCACGAGAGT-1",3
"AGGGAGTCAGAAGCAC-1",2
"AGGGAGTCAGATCCAT-1",2
"AGGGAGTCATCGACGC-1",0
"AGGGAGTCATGCTAGT-1",1
"AGGGAGTGTCCATGAT-1",1
"AGGGAGTTCATAACCG-1",0
"AGGGATGAGCTCTCGG-1",4
"AGGGATGAGGAGTAGA-1",0
"AGGGATGAGTAGCGGT-1",2
"AGGGATGCAATGAATG-1",2
"AGGGATGCAATGGAGC-1",0
"AGGGATGCACAAGACG-1",1
"AGGGATGCACATTTCT-1",1
"AGGGATGCATGGTCTA-1",0
"AGGGATGGTTAAAGTG-1",1
"AGGGATGGTTATGCGT-1",0
"AGGGATGTCGTGACAT-1",7
"AGGGTGAAGATGGCGT-1",2
"AGGGTGAAGATGGGTC-1",0
"AGGGTGAAGGCTCAGA-1",4
"AGGGTGACACGAGAGT-1",0
"AGGGTGACAGATGGCA-1",0
"AGGGTGACAGATTGCT-1",2
"AGGGTGAGTACTCTCC-1",1
"AGGGTGAGTTATCGGT-1",1
"AGGGTGAGTTCTGAAC-1",7
"AGGGTGATCTCGCTTG-1",1
"AGGTCATAGAGCCCAA-1",1
"AGGTCATAGCCAGAAC-1",9
"AGGTCATAGGCATGGT-1",1
"AGGTCATAGGGAGTAA-1",1
"AGGTCATCACTCAGGC-1",1
"AGGTCATCACTCTGTC-1",2
"AGGTCATGTTCCACTC-1",5
"AGGTCATTCTCGTTTA-1",0
"AGGTCCGAGGATGCGT-1",2
"AGGTCCGCAACACGCC-1",1
"AGGTCCGGTGATGCCC-1",0
"AGGTCCGTCCATGAAC-1",2
"AGGTCCGTCGCCCTTA-1",2
"AGGTCCGTCTGCGTAA-1",1
"AGTAGTCAGACTGTAA-1",1
"AGTAGTCAGTACGACG-1",0
"AGTAGTCAGTTTAGGA-1",2
"AGTAGTCCAACTGGCC-1",3
"AGTAGTCGTGCAGACA-1",0
"AGTAGTCTCACCCGAG-1",2
"AGTCTTTAGGCAGTCA-1",5
"AGTCTTTCAAATCCGT-1",2
"AGTCTTTCATATACCG-1",2
"AGTCTTTGTGCTTCTC-1",9
"AGTCTTTGTGTCCTCT-1",3
"AGTCTTTGTTTGTTTC-1",3
"AGTCTTTTCGCAGGCT-1",2
"AGTCTTTTCGCGTAGC-1",1
"AGTCTTTTCGCTAGCG-1",0
"AGTCTTTTCGCTTGTC-1",4
"AGTCTTTTCTGACCTC-1",2
"AGTGAGGAGATAGCAT-1",3
"AGTGAGGCAGGTGCCT-1",1
"AGTGAGGGTATGAAAC-1",3
"AGTGAGGGTCACTTCC-1",1
"AGTGAGGGTCGCGAAA-1",0
"AGTGAGGGTTATGTGC-1",1
"AGTGAGGTCTACTATC-1",2
"AGTGGGAAGCAGACTG-1",2
"AGTGGGACAAACGCGA-1",5
"AGTGGGACAAGCCGTC-1",1
"AGTGGGACACAGGAGT-1",0
"AGTGGGACACGAGAGT-1",2
"AGTGGGATCATCGATG-1",1
"AGTGGGATCCACGAAT-1",3
"AGTGGGATCCTGCAGG-1",6
"AGTGTCAAGAAGCCCA-1",3
"AGTGTCAAGCTAGTCT-1",4
"AGTGTCAAGTACGACG-1",0
"AGTGTCAAGTGAACAT-1",1
"AGTGTCACACCATCCT-1",1
"AGTGTCACAGTAAGCG-1",0
"AGTGTCACAGTGGAGT-1",2
"AGTGTCAGTAAACCTC-1",3
"AGTGTCAGTACAGCAG-1",2
"AGTGTCAGTCTCCACT-1",0
"AGTGTCAGTTTGACTG-1",1
"AGTGTCATCAAAGTAG-1",1
"AGTGTCATCCGTCAAA-1",2
"AGTGTCATCGTTACAG-1",4
"AGTGTCATCTGTCAAG-1",1
"AGTTGGTAGACTGTAA-1",2
"AGTTGGTAGTACGCGA-1",5
"AGTTGGTCAAATTGCC-1",1
"AGTTGGTCAGGAATGC-1",2
"AGTTGGTCATGCGCAC-1",0
"AGTTGGTGTACCGTAT-1",4
"AGTTGGTGTATGCTTG-1",7
"AGTTGGTGTCAGGACA-1",0
"AGTTGGTGTTCAGACT-1",0
"AGTTGGTTCAGTACGT-1",1
"AGTTGGTTCCTCAACC-1",0
"AGTTGGTTCGTACCGG-1",2
"AGTTGGTTCTGTCCGT-1",3
"ATAACGCAGTTGAGTA-1",1
"ATAACGCCACGTGAGA-1",0
"ATAACGCGTGAACCTT-1",1
"ATAACGCGTGTCCTCT-1",0
"ATAACGCGTGTGAAAT-1",1
"ATAACGCTCTCCGGTT-1",1
"ATAAGAGAGTCCGGTC-1",0
"ATAAGAGCAACTGCGC-1",2
"ATAAGAGCAGTATCTG-1",2
"ATAAGAGGTGACGCCT-1",2
"ATAAGAGGTTAAAGTG-1",2
"ATAAGAGTCAGCACAT-1",6
"ATAAGAGTCAGTGCAT-1",1
"ATAGACCAGAGAGCTC-1",2
"ATAGACCAGCCCAATT-1",0
"ATAGACCCAAGCCATT-1",2
"ATAGACCCATCTGGTA-1",4
"ATAGACCGTATATGGA-1",2
"ATAGACCGTGGACGAT-1",0
"ATAGACCGTGGCGAAT-1",1
"ATAGACCGTTTCGCTC-1",1
"ATCACGAAGAACTCGG-1",2
"ATCACGAAGACACGAC-1",2
"ATCACGAAGTTACCCA-1",4
"ATCACGACAAGACACG-1",2
"ATCACGACAAGCGTAG-1",2
"ATCACGACACACATGT-1",0
"ATCACGACACCACCAG-1",0
"ATCACGACACGGTAAG-1",0
"ATCACGACAGCGAACA-1",2
"ATCACGATCCCGACTT-1",1
"ATCACGATCGGTGTCG-1",2
"ATCATCTAGCCTATGT-1",3
"ATCATCTAGGCCATAG-1",0
"ATCATCTAGTACTTGC-1",1
"ATCATCTCAGACGCCT-1",2
"ATCATCTCATCCGTGG-1",1
"ATCATCTGTATTACCG-1",1
"ATCATCTGTCACTTCC-1",1
"ATCATCTTCAGCGACC-1",0
"ATCATCTTCCTCAACC-1",3
"ATCATGGCAAGCGTAG-1",0
"ATCATGGCAAGGTTCT-1",4
"ATCATGGCACTACAGT-1",2
"ATCATGGGTAAGGGAA-1",3
"ATCATGGGTTGTGGCC-1",1
"ATCATGGTCAATAAGG-1",1
"ATCATGGTCCAATGGT-1",1
"ATCATGGTCGCCATAA-1",4
"ATCATGGTCGGTTAAC-1",1
"ATCCACCAGCTAGTCT-1",4
"ATCCACCAGGCTCTTA-1",2
"ATCCACCCAAACGTGG-1",1
"ATCCACCCAGTTAACC-1",1
"ATCCACCGTCCGAAGA-1",1
"ATCCACCGTTTGTTTC-1",5
"ATCCACCTCCTGCTTG-1",3
"ATCCACCTCCTTAATC-1",2
"ATCCACCTCTGGTATG-1",3
"ATCCGAAAGCGATGAC-1",0
"ATCCGAAAGCTAGGCA-1",1
"ATCCGAACAAACGTGG-1",1
"ATCCGAACAACAACCT-1",2
"ATCCGAACAAGGACTG-1",2
"ATCCGAACACCCATTC-1",0
"ATCCGAACACGGTAGA-1",1
"ATCCGAAGTAGCGCTC-1",0
"ATCCGAAGTCATTAGC-1",0
"ATCCGAAGTCTCTTAT-1",0
"ATCCGAATCCAACCAA-1",1
"ATCCGAATCCTTGACC-1",3
"ATCCGAATCTTGTCAT-1",0
"ATCGAGTAGACTTTCG-1",2
"ATCGAGTCATCCGGGT-1",3
"ATCGAGTGTCCCTTGT-1",2
"ATCGAGTGTCTCCCTA-1",2
"ATCGAGTTCATGCATG-1",2
"ATCGAGTTCCTGCCAT-1",0
"ATCTACTAGGTGTGGT-1",5
"ATCTACTCAGCTGTAT-1",4
"ATCTACTCAGTACACT-1",1
"ATCTACTCATGACATC-1",2
"ATCTACTGTAAGTAGT-1",2
"ATCTACTGTGTCGCTG-1",1
"ATCTACTTCCGCGTTT-1",2
"ATCTACTTCGCAAGCC-1",5
"ATCTACTTCTATCGCC-1",6
"ATCTACTTCTCTAAGG-1",0
"ATCTGCCAGGCTCAGA-1",1
"ATCTGCCGTACAGTTC-1",3
"ATCTGCCGTTGTGGAG-1",2
"ATCTGCCTCAGAGACG-1",1
"ATCTGCCTCAGCTGGC-1",0
"ATCTGCCTCGTACGGC-1",1
"ATCTGCCTCTCGAGTA-1",3
"ATCTGCCTCTGAGTGT-1",2
"ATCTGCCTCTTGTATC-1",2
"ATGAGGGAGGTCGGAT-1",0
"ATGAGGGCATGACGGA-1",1
"ATGAGGGCATTAGGCT-1",1
"ATGAGGGTCACATGCA-1",0
"ATGAGGGTCAGTCCCT-1",0
"ATGCGATAGTCAATAG-1",1
"ATGCGATCATGTTGAC-1",2
"ATGCGATGTGCAGTAG-1",4
"ATGCGATGTGCATCTA-1",1
"ATGCGATTCCCAAGAT-1",2
"ATGCGATTCGCCATAA-1",3
"ATGGGAGAGCAATATG-1",3
"ATGGGAGAGCCACGCT-1",1
"ATGGGAGAGGTGATAT-1",6
"ATGGGAGCACCAGGTC-1",1
"ATGGGAGCACTATCTT-1",2
"ATGGGAGCAGCATACT-1",0
"ATGGGAGCATAGAAAC-1",0
"ATGGGAGCATTACCTT-1",1
"ATGGGAGTCAAGGTAA-1",1
"ATGTGTGAGCGAAGGG-1",1
"ATGTGTGAGGGTTTCT-1",2
"ATGTGTGAGTTGAGTA-1",4
"ATGTGTGCACGGCGTT-1",2
"ATGTGTGCACGGTTTA-1",3
"ATGTGTGCAGTATAAG-1",3
"ATGTGTGTCACGCGGT-1",0
"ATTACTCAGATGTGTA-1",2
"ATTACTCAGCGTAATA-1",0
"ATTACTCAGGTGCACA-1",1
"ATTACTCAGTGAAGTT-1",2
"ATTACTCCAAACTGTC-1",1
"ATTACTCCACCATCCT-1",2
"ATTACTCCAGACTCGC-1",1
"ATTACTCCATATGCTG-1",1
"ATTACTCCATCGGTTA-1",2
"ATTACTCCATTGCGGC-1",1
"ATTACTCGTTAAAGAC-1",3
"ATTACTCTCCGAACGC-1",6
"ATTATCCAGAGTACCG-1",0
"ATTATCCAGCTTATCG-1",1
"ATTATCCCACAAGCCC-1",0
"ATTATCCCATATGAGA-1",2
"ATTATCCCATCTGGTA-1",3
"ATTATCCGTCGTTGTA-1",4
"ATTATCCGTCTCTCTG-1",3
"ATTATCCTCAACGGGA-1",2
"ATTATCCTCCGCGCAA-1",2
"ATTATCCTCTCCGGTT-1",1
"ATTCTACGTCACTTCC-1",3
"ATTCTACGTCTAGTCA-1",3
"ATTCTACGTTGTCGCG-1",1
"ATTGGACAGCAGATCG-1",1
"ATTGGACAGGGCATGT-1",0
"ATTGGACAGTGGACGT-1",3
"ATTGGACCAAGACACG-1",4
"ATTGGACGTAATAGCA-1",3
"ATTGGACTCCTGCTTG-1",3
"ATTGGACTCGGCGCAT-1",2
"ATTGGACTCGTTTGCC-1",4
"ATTGGTGAGAATGTTG-1",1
"ATTGGTGCAAGCTGAG-1",1
"ATTGGTGCAGCAGTTT-1",2
"ATTGGTGGTATGGTTC-1",1
"ATTGGTGGTTGAGTTC-1",3
"ATTGGTGTCAAAGTAG-1",1
"ATTGGTGTCGGAAACG-1",2
"ATTTCTGAGGGATACC-1",2
"ATTTCTGAGGGATCTG-1",3
"ATTTCTGAGGTGTTAA-1",1
"ATTTCTGAGTCGAGTG-1",3
"ATTTCTGAGTTCGCAT-1",2
"ATTTCTGCAAGGTGTG-1",3
"ATTTCTGGTAGCTCCG-1",2
"ATTTCTGGTGCACGAA-1",1
"ATTTCTGGTTGCCTCT-1",1
"ATTTCTGTCAAAGTAG-1",4
"ATTTCTGTCAGCTCGG-1",1
"ATTTCTGTCTTGGGTA-1",0
"CAACCAAAGAAACGCC-1",2
"CAACCAAAGAGGGCTT-1",4
"CAACCAAAGCTGAAAT-1",0
"CAACCAAAGGACAGCT-1",1
"CAACCAAAGGGAGTAA-1",3
"CAACCAACATACGCTA-1",2
"CAACCTCAGTAATCCC-1",2
"CAACCTCCAGACGCAA-1",1
"CAACCTCGTGAGTGAC-1",1
"CAACCTCGTTCCACGG-1",0
"CAACCTCTCATACGGT-1",2
"CAACCTCTCCGATATG-1",0
"CAACCTCTCCTTTACA-1",2
"CAACCTCTCTCTAGGA-1",0
"CAACTAGAGAATAGGG-1",3
"CAACTAGAGGATGCGT-1",3
"CAACTAGCACCATCCT-1",3
"CAACTAGCAGACTCGC-1",1
"CAACTAGCAGTTCATG-1",1
"CAACTAGGTACGCACC-1",1
"CAACTAGTCAGGCCCA-1",3
"CAAGAAAAGAAGGACA-1",3
"CAAGAAAAGACGCACA-1",0
"CAAGAAAAGGCCCTTG-1",3
"CAAGAAAAGGTGATAT-1",3
"CAAGAAAAGTCGATAA-1",3
"CAAGAAAAGTGGAGTC-1",0
"CAAGAAAAGTGTACCT-1",3
"CAAGAAACACGGTGTC-1",2
"CAAGAAATCTGCTTGC-1",3
"CAAGATCAGCTGAAAT-1",3
"CAAGATCGTAAGAGGA-1",2
"CAAGATCGTGCCTTGG-1",0
"CAAGATCTCAACACCA-1",0
"CAAGATCTCTCGATGA-1",3
"CAAGGCCAGGAGTCTG-1",2
"CAAGGCCAGGCTATCT-1",3
"CAAGGCCCACGGTAAG-1",2
"CAAGGCCCATGTTCCC-1",1
"CAAGGCCGTCCGTCAG-1",0
"CAAGGCCTCAACGGGA-1",3
"CAAGGCCTCCTTGACC-1",0
"CAAGGCCTCGTGACAT-1",3
"CAAGTTGAGACAGGCT-1",3
"CAAGTTGAGATGTCGG-1",4
"CAAGTTGAGCGTCAAG-1",1
"CAAGTTGAGCGTTTAC-1",1
"CAAGTTGCACATTAGC-1",1
"CAAGTTGCACGCTTTC-1",1
"CAAGTTGCACGGTGTC-1",1
"CAAGTTGCATTCTTAC-1",14
"CAAGTTGGTACTCAAC-1",1
"CAAGTTGGTCAGGACA-1",1
"CAAGTTGGTCGGCACT-1",1
"CAAGTTGTCAACGAAA-1",3
"CAAGTTGTCACCACCT-1",2
"CAAGTTGTCATTGCCC-1",1
"CAAGTTGTCGAATCCA-1",2
"CAAGTTGTCTACTTAC-1",1
"CACAAACAGGGCTCTC-1",2
"CACAAACAGGGCTTGA-1",3
"CACAAACAGTGACATA-1",4
"CACAAACCAACTGCGC-1",2
"CACAAACCAATAAGCA-1",2
"CACAAACCAATCAGAA-1",2
"CACAAACCACTTAACG-1",1
"CACAAACCATGAACCT-1",3
"CACAAACCATGGTCAT-1",2
"CACAAACGTCAACTGT-1",2
"CACAAACGTCAGAATA-1",1
"CACAAACTCTTCGGTC-1",1
"CACAAACTCTTGGGTA-1",6
"CACACAAAGCGACGTA-1",2
"CACACAAAGGGAGTAA-1",2
"CACACAACAAACGTGG-1",2
"CACACAACACATGACT-1",0
"CACACAACATCGATTG-1",0
"CACACAACATTGGGCC-1",2
"CACACAAGTACGACCC-1",2
"CACACAAGTCAGTGGA-1",2
"CACACAAGTCATCGGC-1",2
"CACACAAGTTTACTCT-1",0
"CACACAATCCACGTGG-1",0
"CACACAATCCACGTTC-1",1
"CACACAATCGGCGCAT-1",0
"CACACCTAGAGACTAT-1",3
"CACACCTAGGACATTA-1",1
"CACACCTAGTCATCCA-1",2
"CACACCTAGTGTGAAT-1",0
"CACACCTCACTGAAGG-1",1
"CACACCTCATAGGATA-1",1
"CACACCTCATAGTAAG-1",5
"CACACCTCATTGGGCC-1",5
"CACACCTGTACAGCAG-1",3
"CACACCTGTACCGCTG-1",2
"CACACCTGTCCAAGTT-1",4
"CACACCTGTGGACGAT-1",1
"CACACCTGTGGTCTCG-1",0
"CACACCTTCATGTCTT-1",2
"CACACCTTCTGGCGAC-1",4
"CACACTCAGGGAAACA-1",0
"CACACTCCAACACCTA-1",2
"CACACTCCAAGGGTCA-1",2
"CACACTCGTGACGCCT-1",1
"CACACTCGTTTGTGTG-1",1
"CACAGGCAGCCATCGC-1",2
"CACAGGCAGGGATGGG-1",5
"CACAGGCCAAGAGTCG-1",1
"CACAGGCCAATGGAGC-1",0
"CACAGGCGTCTAGGTT-1",2
"CACAGGCGTTACGCGC-1",2
"CACAGGCTCGGGAGTA-1",2
"CACAGGCTCTATGTGG-1",4
"CACAGTAAGACGCAAC-1",0
"CACAGTAAGACGCACA-1",0
"CACAGTAAGTGGGCTA-1",1
"CACAGTACAACTGGCC-1",2
"CACAGTACATCGGACC-1",3
"CACAGTAGTTCCATGA-1",3
"CACATAGAGCCCAATT-1",3
"CACATAGAGTGTACTC-1",1
"CACATAGCACTTCTGC-1",2
"CACATAGCAGGGTATG-1",3
"CACATAGTCCTTGCCA-1",1
"CACATAGTCGGCGCAT-1",0
"CACATTTAGCAGATCG-1",3
"CACATTTAGGGCACTA-1",3
"CACATTTCACGGCGTT-1",1
"CACATTTCATTACCTT-1",1
"CACATTTGTCGAACAG-1",2
"CACATTTGTGTTGAGG-1",3
"CACATTTTCCAGAGGA-1",1
"CACATTTTCCGCATCT-1",1
"CACATTTTCTACTATC-1",4
"CACATTTTCTGTGCAA-1",2
"CACCACTAGCCACGTC-1",2
"CACCACTAGTGGTAAT-1",1
"CACCACTAGTTACCCA-1",3
"CACCACTCAAGCCCAC-1",0
"CACCACTCAGTTCATG-1",3
"CACCACTGTTATTCTC-1",2
"CACCACTTCACCGGGT-1",3
"CACCACTTCGAATCCA-1",4
"CACCACTTCGACCAGC-1",2
"CACCACTTCTAACCGA-1",0
"CACCACTTCTTTAGTC-1",1
"CACCAGGCACATTAGC-1",7
"CACCAGGCACTGCCAG-1",1
"CACCAGGCATAAAGGT-1",2
"CACCAGGCATGAACCT-1",2
"CACCAGGGTGAAATCA-1",1
"CACCAGGGTGTTTGGT-1",2
"CACCAGGGTTATCACG-1",1
"CACCAGGTCATGTAGC-1",2
"CACCAGGTCTGCTTGC-1",0
"CACCTTGAGACTTGAA-1",0
"CACCTTGAGTCAATAG-1",1
"CACCTTGCACTAGTAC-1",1
"CACCTTGCAGGCGATA-1",0
"CACCTTGCATTCCTGC-1",4
"CACCTTGGTCATTAGC-1",5
"CACCTTGGTGATGTCT-1",1
"CACCTTGGTGTGAAAT-1",2
"CACCTTGGTTATGTGC-1",2
"CACCTTGTCAACCATG-1",3
"CACCTTGTCATTATCC-1",2
"CACCTTGTCCAAAGTC-1",1
"CACCTTGTCTCACATT-1",3
"CACTCCAAGACAAGCC-1",0
"CACTCCAAGGTACTCT-1",2
"CACTCCACAATGGACG-1",0
"CACTCCAGTACATGTC-1",1
"CACTCCAGTTGTCGCG-1",3
"CACTCCATCAACACAC-1",0
"CACTCCATCCCAGGTG-1",5
"CAGAATCAGAAACCTA-1",1
"CAGAATCAGCCAACAG-1",6
"CAGAATCAGCTGGAAC-1",1
"CAGAATCAGGACTGGT-1",3
"CAGAATCAGTATCGAA-1",4
"CAGAATCCACAGAGGT-1",3
"CAGAATCCAGGGTACA-1",3
"CAGAATCGTAAGTGTA-1",2
"CAGAATCGTAATCACC-1",2
"CAGAATCTCAGTTTGG-1",0
"CAGAATCTCGCAAGCC-1",0
"CAGAATCTCGGTCCGA-1",1
"CAGAATCTCTTGCAAG-1",0
"CAGAATCTCTTGTACT-1",2
"CAGAGAGAGAATTGTG-1",3
"CAGAGAGAGCAATATG-1",0
"CAGAGAGCAAGAAGAG-1",0
"CAGAGAGCACCAGATT-1",2
"CAGAGAGGTAATCACC-1",0
"CAGAGAGGTAGCTGCC-1",2
"CAGAGAGGTAGGACAC-1",0
"CAGAGAGGTATAGGGC-1",3
"CAGAGAGGTCCGAATT-1",0
"CAGAGAGGTTGAGGTG-1",1
"CAGAGAGTCACCCGAG-1",0
"CAGAGAGTCATAACCG-1",2
"CAGAGAGTCCGAACGC-1",6
"CAGAGAGTCTGGTATG-1",1
"CAGATCAAGAGACGAA-1",1
"CAGATCAAGCACCGTC-1",3
"CAGATCAAGCTTCGCG-1",3
"CAGATCAAGGATTCGG-1",0
"CAGATCAAGTGTACCT-1",2
"CAGATCAAGTTTAGGA-1",0
"CAGATCACAATAACGA-1",1
"CAGATCACACACCGAC-1",3
"CAGATCACACGGTAAG-1",1
"CAGATCACACTCTGTC-1",2
"CAGATCACAGCATACT-1",2
"CAGATCACAGTGGGAT-1",3
"CAGATCAGTACCAGTT-1",1
"CAGATCAGTGCGGTAA-1",0
"CAGATCATCTGATACG-1",4
"CAGATCATCTGATTCT-1",1
"CAGCAGCAGATGCCAG-1",3
"CAGCAGCAGGGAACGG-1",0
"CAGCAGCCACCTATCC-1",4
"CAGCAGCCATCACAAC-1",0
"CAGCAGCGTGCTAGCC-1",1
"CAGCAGCTCAACACTG-1",6
"CAGCAGCTCGAACTGT-1",4
"CAGCAGCTCGCCGTGA-1",2
"CAGCATAAGAGACGAA-1",2
"CAGCATAGTCTAGGTT-1",1
"CAGCATAGTTTACTCT-1",5
"CAGCATATCACGAAGG-1",1
"CAGCATATCAGGCAAG-1",0
"CAGCATATCCTTAATC-1",3
"CAGCCGAAGCATCATC-1",0
"CAGCCGAAGTTTCCTT-1",2
"CAGCCGACACGTGAGA-1",3
"CAGCCGACATCAGTCA-1",0
"CAGCCGAGTGATGTCT-1",0
"CAGCCGATCACCAGGC-1",1
"CAGCCGATCCTCAATT-1",3
"CAGCGACAGAAACGCC-1",2
"CAGCGACAGCGTCAAG-1",1
"CAGCGACCAAACGTGG-1",1
"CAGCGACCAAAGCGGT-1",1
"CAGCGACCACGTCAGC-1",2
"CAGCGACCATGGGACA-1",1
"CAGCGACGTCTGATTG-1",1
"CAGCGACGTGGACGAT-1",4
"CAGCGACGTGGTTTCA-1",0
"CAGCGACGTTCGGCAC-1",0
"CAGCGACTCCGCAAGC-1",1
"CAGCGACTCTGGGCCA-1",1
"CAGCTAAAGATGTGTA-1",3
"CAGCTAAAGCAGACTG-1",0
"CAGCTAAAGCTGTTCA-1",4
"CAGCTAAAGGAGCGTT-1",2
"CAGCTAACACAGATTC-1",2
"CAGCTAACATCAGTAC-1",0
"CAGCTAAGTAATCGTC-1",2
"CAGCTAAGTCTCACCT-1",1
"CAGCTAAGTTCGTCTC-1",4
"CAGCTAATCCACGCAG-1",0
"CAGCTAATCCCTAACC-1",2
"CAGCTAATCTGGTTCC-1",0
"CAGCTAATCTTAGCCC-1",1
"CAGCTAATCTTCGGTC-1",2
"CAGCTGGAGACACTAA-1",2
"CAGCTGGAGATCCTGT-1",4
"CAGCTGGCACCAACCG-1",1
"CAGCTGGCAGTGGAGT-1",2
"CAGCTGGCATGCATGT-1",2
"CAGCTGGTCTACCTGC-1",2
"CAGGTGCAGAGACGAA-1",3
"CAGGTGCAGATCCTGT-1",0
"CAGGTGCAGGCATGTG-1",0
"CAGGTGCCAGGAACGT-1",1
"CAGGTGCCATAGTAAG-1",1
"CAGGTGCCATCGGAAG-1",0
"CAGGTGCTCAGTTGAC-1",3
"CAGGTGCTCCAAGTAC-1",0
"CAGGTGCTCTTGTATC-1",0
"CAGTAACAGATATGGT-1",1
"CAGTAACAGATGGCGT-1",3
"CAGTAACCAATCACAC-1",1
"CAGTAACCACTCGACG-1",1
"CAGTAACGTGATAAGT-1",1
"CAGTAACGTGCACCAC-1",1
"CAGTAACTCAGAGGTG-1",4
"CAGTAACTCGTACGGC-1",4
"CAGTAACTCGTGACAT-1",3
"CAGTAACTCTGCCAGG-1",1
"CAGTCCTAGAATCTCC-1",1
"CAGTCCTAGATCTGCT-1",3
"CAGTCCTCAGTATAAG-1",3
"CAGTCCTTCAACACGT-1",3
"CAGTCCTTCCATGAGT-1",4
"CAGTCCTTCCCGACTT-1",4
"CAGTCCTTCCCTTGTG-1",1
"CAGTCCTTCGAACGGA-1",2
"CAGTCCTTCGGTTCGG-1",0
"CAGTCCTTCTACTTAC-1",1
"CATATGGAGAGATGAG-1",0
"CATATGGAGGCATGGT-1",0
"CATATGGAGTATTGGA-1",1
"CATATGGCAAGCGTAG-1",1
"CATATGGGTCGCATAT-1",1
"CATATGGTCATTATCC-1",2
"CATATGGTCATTGCGA-1",3
"CATATTCAGGCGACAT-1",0
"CATATTCCACCACCAG-1",0
"CATATTCGTGACTACT-1",3
"CATATTCGTGGTACAG-1",1
"CATATTCGTGTGACGA-1",2
"CATATTCTCACAGGCC-1",2
"CATATTCTCGCAAACT-1",1
"CATCAAGAGAACTCGG-1",3
"CATCAAGAGATGGCGT-1",0
"CATCAAGAGCCGCCTA-1",3
"CATCAAGCACGAAACG-1",5
"CATCAAGCAGCCTTTC-1",0
"CATCAAGCATGGAATA-1",4
"CATCAAGGTTACTGAC-1",1
"CATCAAGGTTCCATGA-1",2
"CATCAAGTCTAAGCCA-1",2
"CATCAAGTCTGACCTC-1",1
"CATCAGAAGCTAGTCT-1",2
"CATCAGACAAGCCATT-1",0
"CATCAGACAATGACCT-1",4
"CATCAGACACGGCCAT-1",1
"CATCAGACAGACAGGT-1",2
"CATCAGACATAACCTG-1",2
"CATCAGAGTAATTGGA-1",0
"CATCAGAGTACATGTC-1",0
"CATCAGAGTGTTAAGA-1",3
"CATCAGAGTTCAACCA-1",1
"CATCAGATCGTTGACA-1",0
"CATCCACGTAAAGTCA-1",1
"CATCCACGTACCGTAT-1",2
"CATCCACGTGCCTGTG-1",4
"CATCCACGTTTAAGCC-1",2
"CATCGAAAGAGTACAT-1",5
"CATCGAAAGCTGTCTA-1",3
"CATCGAACAAGAGGCT-1",1
"CATCGAACAAGCTGAG-1",0
"CATCGAACACATTTCT-1",1
"CATCGAACATAAAGGT-1",2
"CATCGAAGTAGTACCT-1",2
"CATCGAAGTCCGACGT-1",7
"CATCGAAGTGCACTTA-1",1
"CATCGAATCAAACCAC-1",1
"CATCGAATCCGCGGTA-1",1
"CATCGAATCCGTAGTA-1",0
"CATCGGGAGAAGCCCA-1",3
"CATCGGGAGCGAGAAA-1",3
"CATCGGGAGGGTGTGT-1",1
"CATCGGGAGGTGTTAA-1",1
"CATCGGGAGTGACTCT-1",1
"CATCGGGCACTCAGGC-1",3
"CATCGGGCAGACGCTC-1",3
"CATCGGGCATCACAAC-1",0
"CATCGGGGTCCTCTTG-1",2
"CATCGGGGTGAGGGAG-1",1
"CATCGGGGTTCGAATC-1",0
"CATCGGGTCAGGATCT-1",2
"CATCGGGTCCACGAAT-1",2
"CATCGGGTCGATGAGG-1",3
"CATGACAAGACCACGA-1",2
"CATGACAAGCTCCTCT-1",0
"CATGACAAGTAACCCT-1",1
"CATGACAAGTATCTCG-1",0
"CATGACAGTCGTCTTC-1",3
"CATGACAGTGAACCTT-1",4
"CATGACATCAATAAGG-1",0
"CATGACATCTAACTGG-1",3
"CATGCCTAGACCTAGG-1",2
"CATGCCTAGAGTCTGG-1",0
"CATGCCTCACCACCAG-1",1
"CATGCCTGTCAAAGCG-1",2
"CATGCCTGTCGATTGT-1",0
"CATGCCTTCCACGACG-1",2
"CATGCCTTCCTCATTA-1",3
"CATGCCTTCGCATGAT-1",1
"CATGGCGAGAGCTGGT-1",5
"CATGGCGAGTACGACG-1",1
"CATGGCGTCCAAAGTC-1",0
"CATGGCGTCCCTTGTG-1",0
"CATGGCGTCGGCCGAT-1",2
"CATGGCGTCTCAAACG-1",2
"CATGGCGTCTGCCCTA-1",4
"CATTATCAGACCCACC-1",0
"CATTATCAGTCCCACG-1",1
"CATTATCCAAGTCTGT-1",1
"CATTATCCAGGGCATA-1",0
"CATTATCGTCAATGTC-1",2
"CATTATCTCACAAACC-1",1
"CATTATCTCAGATAAG-1",7
"CATTATCTCGCGTTTC-1",0
"CATTATCTCGTTGCCT-1",6
"CATTATCTCTATCCCG-1",2
"CATTATCTCTTAACCT-1",2
"CATTCGCAGGTGCTAG-1",0
"CATTCGCCAAGGGTCA-1",1
"CATTCGCCAGCCTATA-1",3
"CATTCGCCATACAGCT-1",2
"CATTCGCCATGGATGG-1",4
"CATTCGCCATGTCTCC-1",4
"CATTCGCCATTCACTT-1",0
"CATTCGCGTAGCACGA-1",1
"CATTCGCTCATCACCC-1",2
"CCAATCCAGACCACGA-1",1
"CCAATCCAGATATGGT-1",1
"CCAATCCAGTCGAGTG-1",0
"CCAATCCAGTCGTTTG-1",3
"CCAATCCAGTTTAGGA-1",1
"CCAATCCCAAGCGAGT-1",3
"CCAATCCTCGGACAAG-1",5
"CCAATCCTCTACCTGC-1",3
"CCACCTAAGCAGACTG-1",3
"CCACCTAAGGATGGTC-1",4
"CCACCTAAGTCGAGTG-1",1
"CCACCTAAGTGGGATC-1",2
"CCACCTAAGTGTGGCA-1",1
"CCACCTACAACAACCT-1",2
"CCACCTACAAGCCGCT-1",0
"CCACCTACAATCTACG-1",1
"CCACCTAGTAGTACCT-1",4
"CCACCTAGTCGCGTGT-1",3
"CCACCTAGTGGGTCAA-1",0
"CCACCTATCAGTTGAC-1",2
"CCACCTATCTGATACG-1",2
"CCACGGAAGACACGAC-1",1
"CCACGGAAGGGAACGG-1",4
"CCACGGACATGTCGAT-1",4
"CCACGGAGTAAGGGCT-1",2
"CCACGGAGTCAGATAA-1",3
"CCACGGAGTCCGTGAC-1",3
"CCACGGAGTGTAATGA-1",0
"CCACGGAGTTCTGAAC-1",3
"CCACGGATCACATAGC-1",0
"CCACGGATCCACGTGG-1",4
"CCACGGATCTACTATC-1",1
"CCACGGATCTAGAGTC-1",0
"CCACTACAGAGTACCG-1",1
"CCACTACAGCTTTGGT-1",2
"CCACTACCAGCAGTTT-1",1
"CCACTACCAGTAGAGC-1",2
"CCACTACGTCCGAATT-1",2
"CCACTACGTCTCAACA-1",3
"CCACTACGTGACAAAT-1",3
"CCACTACGTGACCAAG-1",1
"CCACTACGTGCACGAA-1",1
"CCACTACTCACTCTTA-1",2
"CCACTACTCCGCATCT-1",3
"CCACTACTCGGAAATA-1",3
"CCACTACTCTCGTATT-1",0
"CCACTACTCTCGTTTA-1",1
"CCAGCGAAGCCCAACC-1",1
"CCAGCGACATCGGGTC-1",0
"CCAGCGACATGTCCTC-1",1
"CCAGCGAGTAGGCATG-1",0
"CCAGCGAGTCCGTTAA-1",1
"CCAGCGATCAGAAATG-1",0
"CCATGTCAGCGATCCC-1",3
"CCATGTCAGGTCGGAT-1",1
"CCATGTCAGGTTACCT-1",1
"CCATGTCCAAGCTGGA-1",4
"CCATGTCCACATCCGG-1",1
"CCATGTCGTCCAGTAT-1",1
"CCATGTCTCCAAGTAC-1",0
"CCATGTCTCTTGTATC-1",0
"CCATTCGCAGTACACT-1",8
"CCATTCGCAGTTTACG-1",2
"CCATTCGGTAATCGTC-1",3
"CCATTCGGTATTACCG-1",1
"CCATTCGTCGTAGGAG-1",2
"CCCAATCAGTCACGCC-1",0
"CCCAATCCAGGTGGAT-1",2
"CCCAATCGTGAAGGCT-1",0
"CCCAATCGTTGGAGGT-1",0
"CCCAATCTCACATGCA-1",0
"CCCAATCTCCAGTATG-1",0
"CCCAATCTCGGAGCAA-1",0
"CCCAGTTAGAATAGGG-1",1
"CCCAGTTAGATCCCGC-1",3
"CCCAGTTAGCGTGAAC-1",1
"CCCAGTTAGGAATCGC-1",2
"CCCAGTTAGTCCGGTC-1",1
"CCCAGTTAGTTTGCGT-1",3
"CCCAGTTGTACATGTC-1",1
"CCCAGTTGTCTGCAAT-1",2
"CCCAGTTTCTGAAAGA-1",0
"CCCATACAGGGTTCCC-1",5
"CCCATACAGTGTTTGC-1",1
"CCCATACCAAAGGTGC-1",1
"CCCATACCAACACCCG-1",4
"CCCATACCAGCAGTTT-1",1
"CCCATACGTATTACCG-1",4
"CCCATACGTCAATACC-1",1
"CCCATACGTCTAGTCA-1",1
"CCCATACGTTGAGTTC-1",2
"CCCATACTCAATAAGG-1",2
"CCCATACTCAGCGACC-1",2
"CCCATACTCATCACCC-1",3
"CCCATACTCCGTAGGC-1",0
"CCCTCCTAGGAATCGC-1",5
"CCCTCCTCACGTCTCT-1",2
"CCCTCCTCAGCTTAAC-1",2
"CCCTCCTCATATGAGA-1",1
"CCCTCCTCATCACGTA-1",2
"CCCTCCTGTATGGTTC-1",3
"CCCTCCTGTTAGATGA-1",3
"CCCTCCTTCAATCACG-1",0
"CCCTCCTTCCGCAGTG-1",1
"CCGGGATAGCTTCGCG-1",0
"CCGGGATAGGCGACAT-1",0
"CCGGGATAGGCTAGGT-1",3
"CCGGGATCACAGTCGC-1",1
"CCGGGATGTATAGGTA-1",4
"CCGGGATTCAGAGCTT-1",1
"CCGGGATTCGCTAGCG-1",1
"CCGGGATTCGCTTGTC-1",3
"CCGGTAGAGCGTCTAT-1",4
"CCGGTAGAGTACGCCC-1",1
"CCGGTAGCACATAACC-1",2
"CCGGTAGCACGCATCG-1",0
"CCGGTAGGTACTTCTT-1",3
"CCGGTAGGTCAAACTC-1",4
"CCGGTAGTCGTCCGTT-1",7
"CCGTACTAGAGAACAG-1",1
"CCGTACTAGTCCGTAT-1",2
"CCGTACTCAAGCCCAC-1",5
"CCGTACTCAAGCGAGT-1",0
"CCGTACTCATCCCACT-1",2
"CCGTACTGTACAGCAG-1",0
"CCGTACTGTAGCGCTC-1",0
"CCGTACTGTGCGGTAA-1",0
"CCGTACTTCGTTACAG-1",4
"CCGTGGAAGACGCACA-1",1
"CCGTGGAAGAGTTGGC-1",0
"CCGTGGAAGGTGATAT-1",1
"CCGTGGAAGGTTCCTA-1",4
"CCGTGGACAGCCTTGG-1",4
"CCGTGGAGTTCCATGA-1",1
"CCGTGGATCTAACTTC-1",1
"CCGTGGATCTCTGTCG-1",3
"CCGTTCAAGCGTAATA-1",2
"CCGTTCAAGTACGATA-1",1
"CCGTTCAAGTAGATGT-1",2
"CCGTTCACAGGATCGA-1",0
"CCGTTCAGTATAGGGC-1",2
"CCGTTCAGTCGCGAAA-1",0
"CCGTTCATCGTACCGG-1",3
"CCTAAAGAGAGTTGGC-1",1
"CCTAAAGCAAACCTAC-1",1
"CCTAAAGCATGTCTCC-1",2
"CCTAAAGGTACTCAAC-1",1
"CCTAAAGGTCGGCACT-1",0
"CCTAAAGGTGTAATGA-1",1
"CCTAAAGTCACCGTAA-1",0
"CCTAAAGTCAGCGATT-1",3
"CCTAAAGTCGGCGCTA-1",3
"CCTAAAGTCGGTCCGA-1",2
"CCTACACAGGACCACA-1",2
"CCTACACAGGGTGTTG-1",0
"CCTACACCAGTAAGAT-1",0
"CCTACACGTATAGTAG-1",1
"CCTACACGTCCGAACC-1",2
"CCTACACGTGGGTCAA-1",1
"CCTACACGTTTGACTG-1",2
"CCTACACTCGGCGCTA-1",4
"CCTACACTCGTGACAT-1",1
"CCTACCAAGATAGGAG-1",0
"CCTACCAAGCAAATCA-1",2
"CCTACCAAGCGTAGTG-1",3
"CCTACCAAGCTTCGCG-1",1
"CCTACCAAGTGCGATG-1",0
"CCTACCAGTATCAGTC-1",1
"CCTACCAGTCTCTCTG-1",0
"CCTACCAGTCTTTCAT-1",1
"CCTACCATCAGCACAT-1",2
"CCTACCATCGCCAGCA-1",0
"CCTAGCTAGCAAATCA-1",2
"CCTAGCTAGCTCCTCT-1",4
"CCTAGCTAGGTTACCT-1",2
"CCTAGCTAGTACGCGA-1",0
"CCTAGCTCAATGAATG-1",1
"CCTAGCTCAATGGTCT-1",1
"CCTAGCTCACATCCAA-1",1
"CCTAGCTCAGCCAGAA-1",2
"CCTAGCTGTAGAAAGG-1",3
"CCTAGCTGTCACCCAG-1",2
"CCTAGCTGTCTGATTG-1",4
"CCTAGCTTCACGATGT-1",1
"CCTAGCTTCGTAGGAG-1",0
"CCTATTAAGAATTCCC-1",4
"CCTATTAAGCAGGCTA-1",2
"CCTATTAAGCAGGTCA-1",4
"CCTATTAAGGGAGTAA-1",4
"CCTATTAAGGTAGCCA-1",2
"CCTATTACACAACTGT-1",1
"CCTATTACACATCCGG-1",2
"CCTATTAGTCAATACC-1",0
"CCTATTATCATCACCC-1",3
"CCTATTATCTGCGACG-1",6
"CCTCAGTAGCTAACTC-1",2
"CCTCAGTCAGGTGGAT-1",1
"CCTCAGTGTCCATCCT-1",3
"CCTCAGTGTCCGACGT-1",0
"CCTCAGTGTCTTGTCC-1",1
"CCTCAGTGTGGGTATG-1",2
"CCTCTGAAGTATCGAA-1",1
"CCTCTGAAGTGGGTTG-1",0
"CCTCTGACAAGCTGTT-1",1
"CCTCTGACACCGATAT-1",4
"CCTCTGACAGATGAGC-1",2
"CCTCTGAGTCAATACC-1",3
"CCTCTGAGTCCGAACC-1",2
"CCTCTGAGTCGTGGCT-1",0
"CCTCTGAGTCTGATTG-1",5
"CCTCTGATCTGAGGGA-1",2
"CCTTACGCAAGCGTAG-1",2
"CCTTACGCACCAACCG-1",1
"CCTTACGGTCATCCCT-1",0
"CCTTACGGTCCTCTTG-1",5
"CCTTACGTCACAACGT-1",0
"CCTTACGTCATCTGCC-1",1
"CCTTACGTCGGAGGTA-1",1
"CCTTCCCAGAGACTAT-1",3
"CCTTCCCAGCTAGGCA-1",0
"CCTTCCCAGGACGAAA-1",2
"CCTTCCCAGGGCATGT-1",3
"CCTTCCCAGGTACTCT-1",1
"CCTTCCCCATGATCCA-1",4
"CCTTCCCTCAAGGCTT-1",5
"CCTTCCCTCTATCCTA-1",2
"CCTTCCCTCTATCGCC-1",4
"CCTTCGAAGGCGCTCT-1",0
"CCTTCGACAACACCCG-1",0
"CCTTCGACAGCGATCC-1",2
"CCTTCGAGTAAGCACG-1",1
"CCTTCGAGTCCATGAT-1",5
"CCTTCGAGTGTGACCC-1",5
"CCTTCGAGTTGGTGGA-1",1
"CCTTCGATCACAGTAC-1",4
"CCTTCGATCCTATGTT-1",0
"CCTTCGATCGCACTCT-1",3
"CCTTTCTAGACGCTTT-1",3
"CCTTTCTAGGGCACTA-1",3
"CCTTTCTAGTGGAGTC-1",2
"CCTTTCTCAGACAAGC-1",0
"CCTTTCTCATCACGAT-1",2
"CCTTTCTCATGCCCGA-1",1
"CCTTTCTTCCCACTTG-1",3
"CCTTTCTTCTTTACGT-1",0
"CGAACATCACATGACT-1",3
"CGAACATCACTTGGAT-1",0
"CGAACATCAGTCCTTC-1",1
"CGAACATGTCTGATTG-1",0
"CGAACATGTGCTGTAT-1",0
"CGAACATTCTCAAACG-1",2
"CGAATGTAGAGGTTAT-1",0
"CGAATGTAGCGATAGC-1",0
"CGAATGTAGTTCGCAT-1",1
"CGAATGTCAATGCCAT-1",0
"CGAATGTGTCTAGTCA-1",3
"CGAATGTGTCTCACCT-1",1
"CGAATGTTCAACACAC-1",1
"CGAATGTTCATCACCC-1",5
"CGAATGTTCTGTACGA-1",1
"CGACCTTAGCTACCGC-1",1
"CGACCTTAGCTAGTCT-1",1
"CGACCTTCAAAGTGCG-1",6
"CGACCTTCACGAAATA-1",1
"CGACCTTGTAAGTGTA-1",2
"CGACCTTGTCAGAATA-1",1
"CGACCTTGTCTCCCTA-1",2
"CGACCTTGTCTCTTAT-1",3
"CGACCTTTCCGCGTTT-1",1
"CGACCTTTCGTTTATC-1",1
"CGACCTTTCTCCAGGG-1",0
"CGACTTCAGACACGAC-1",1
"CGACTTCAGGTAGCCA-1",2
"CGACTTCAGTCTTGCA-1",2
"CGACTTCCAATGGACG-1",4
"CGACTTCGTGGTGTAG-1",1
"CGACTTCGTTGAGTTC-1",0
"CGACTTCTCACTTACT-1",2
"CGACTTCTCTCGCTTG-1",4
"CGAGAAGAGAAACGCC-1",2
"CGAGAAGAGCCAACAG-1",1
"CGAGAAGAGCGTGTCC-1",1
"CGAGAAGCAAGTTCTG-1",1
"CGAGAAGCACATCCGG-1",4
"CGAGAAGCAGGCTGAA-1",6
"CGAGAAGTCGGATGGA-1",2
"CGAGCACAGCCAGAAC-1",2
"CGAGCACCACATGTGT-1",1
"CGAGCACGTAGCGTCC-1",4
"CGAGCACGTAGCGTGA-1",0
"CGAGCACGTCAGATAA-1",1
"CGAGCACGTGCCTTGG-1",7
"CGAGCACTCCCGGATG-1",1
"CGAGCACTCCGCTGTT-1",0
"CGAGCACTCGGAAATA-1",2
"CGAGCACTCGTGACAT-1",0
"CGAGCCAAGCTAGCCC-1",3
"CGAGCCAGTATATCCG-1",4
"CGAGCCAGTCAAGCGA-1",1
"CGATCGGAGAGCCTAG-1",3
"CGATCGGAGTACGATA-1",2
"CGATCGGCAAACGCGA-1",2
"CGATCGGCAAGCGATG-1",0
"CGATCGGCAATACGCT-1",1
"CGATCGGCAGTTAACC-1",3
"CGATCGGCATACTCTT-1",1
"CGATCGGGTCGACTGC-1",2
"CGATCGGTCAACGGGA-1",6
"CGATCGGTCTAGCACA-1",2
"CGATGGCAGCCGTCGT-1",1
"CGATGGCAGTCCAGGA-1",1
"CGATGGCCACTTAACG-1",1
"CGATGGCCAGCGTAAG-1",3
"CGATGGCCATCATCCC-1",1
"CGATGGCTCCTAGAAC-1",3
"CGATGGCTCGCTAGCG-1",1
"CGATGGCTCTGACCTC-1",1
"CGATGTAAGGCAATTA-1",5
"CGATGTAAGTTTGCGT-1",0
"CGATGTACACAGGCCT-1",1
"CGATGTACAGGTCTCG-1",1
"CGATGTAGTCCAGTGC-1",4
"CGATGTAGTCTAGGTT-1",1
"CGATGTAGTGTGCCTG-1",1
"CGATGTAGTTTGCATG-1",0
"CGATTGAAGATGTGGC-1",3
"CGATTGACAGACGCAA-1",2
"CGATTGAGTATGGTTC-1",0
"CGATTGAGTTCAGACT-1",1
"CGATTGATCATGGTCA-1",1
"CGATTGATCTGCGGCA-1",1
"CGCCAAGAGAATGTTG-1",0
"CGCCAAGAGACCTTTG-1",2
"CGCCAAGAGATCGGGT-1",2
"CGCCAAGAGATCTGAA-1",2
"CGCCAAGAGCGTGTCC-1",2
"CGCCAAGGTCTAGGTT-1",2
"CGCCAAGTCAGGATCT-1",1
"CGCCAAGTCCACTCCA-1",4
"CGCCAAGTCTTGTTTG-1",1
"CGCGGTAAGCTAGCCC-1",1
"CGCGGTAAGGGTTCCC-1",0
"CGCGGTACAAACTGCT-1",0
"CGCGGTACAATGGAAT-1",3
"CGCGGTACAGCTGTTA-1",0
"CGCGGTAGTCAAGCGA-1",1
"CGCGGTAGTGAGGCTA-1",2
"CGCGGTAGTTTGCATG-1",2
"CGCGTTTAGTTATCGC-1",2
"CGCGTTTCAACAACCT-1",3
"CGCGTTTCAAGCGAGT-1",2
"CGCGTTTCAATGGACG-1",1
"CGCGTTTCACGGTGTC-1",1
"CGCGTTTGTGCTGTAT-1",2
"CGCGTTTGTGGACGAT-1",1
"CGCGTTTTCAAACCGT-1",1
"CGCGTTTTCAGCCTAA-1",1
"CGCGTTTTCCTATGTT-1",3
"CGCGTTTTCGTGGTCG-1",4
"CGCTATCAGAAACCGC-1",3
"CGCTATCAGTCATCCA-1",1
"CGCTATCCAAGCGAGT-1",1
"CGCTATCCAGTCGATT-1",3
"CGCTATCCATCGACGC-1",3
"CGCTATCCATTTCAGG-1",3
"CGCTATCGTACCGAGA-1",3
"CGCTATCGTTCGAATC-1",6
"CGCTATCGTTTCGCTC-1",5
"CGCTATCTCGTTACAG-1",1
"CGCTGGAAGGACATTA-1",0
"CGCTGGAAGGGCACTA-1",2
"CGCTGGAAGGTGATAT-1",0
"CGCTGGACAGACTCGC-1",1
"CGCTGGAGTGTAATGA-1",1
"CGCTGGAGTTCTGGTA-1",2
"CGCTGGATCCGAAGAG-1",2
"CGCTGGATCCGTTGCT-1",3
"CGCTGGATCGTAGGAG-1",3
"CGCTGGATCGTTACAG-1",2
"CGCTTCAAGAAGGGTA-1",3
"CGCTTCAAGGTCGGAT-1",0
"CGCTTCACACGGTGTC-1",3
"CGCTTCACAGACAAGC-1",3
"CGCTTCACATCACCCT-1",5
"CGCTTCAGTCGCGGTT-1",4
"CGCTTCATCTTAGAGC-1",3
"CGGACACAGCGATATA-1",1
"CGGACACAGCGATGAC-1",0
"CGGACACAGCTTCGCG-1",4
"CGGACACAGGTAAACT-1",1
"CGGACACAGTAGCCGA-1",0
"CGGACACCACAGGAGT-1",2
"CGGACACCATTCACTT-1",3
"CGGACACGTGAGCGAT-1",1
"CGGACACGTGCTCTTC-1",1
"CGGACACGTGTGACCC-1",3
"CGGACGTAGGTTACCT-1",4
"CGGACGTCATGGGACA-1",2
"CGGACGTGTGAAAGAG-1",1
"CGGACGTGTTGGTAAA-1",1
"CGGACGTTCATGTGGT-1",0
"CGGACGTTCTGTCCGT-1",0
"CGGACTGAGGAGCGAG-1",2
"CGGACTGAGGAGTCTG-1",0
"CGGACTGAGTGGTAGC-1",3
"CGGACTGCAACTTGAC-1",7
"CGGACTGCAATGACCT-1",0
"CGGACTGCACAACGTT-1",3
"CGGACTGCACGCCAGT-1",2
"CGGACTGCAGTATGCT-1",0
"CGGACTGGTAAAGGAG-1",3
"CGGACTGGTATAAACG-1",0
"CGGACTGGTGTAAGTA-1",1
"CGGACTGGTGTGGTTT-1",1
"CGGACTGGTTGACGTT-1",1
"CGGACTGTCATTGCCC-1",1
"CGGACTGTCCATGCTC-1",3
"CGGACTGTCCGTCAAA-1",0
"CGGACTGTCGTTTGCC-1",1
"CGGACTGTCTTCATGT-1",2
"CGGAGCTAGTTTAGGA-1",0
"CGGAGCTCATTGAGCT-1",1
"CGGAGCTGTAGAAAGG-1",0
"CGGAGCTTCACTTATC-1",3
"CGGAGCTTCATGTAGC-1",2
"CGGAGCTTCCACGAAT-1",1
"CGGAGTCAGTGCGATG-1",4
"CGGAGTCAGTGTGAAT-1",0
"CGGAGTCCAGTGGGAT-1",4
"CGGAGTCCATTATCTC-1",1
"CGGAGTCGTAGCTGCC-1",1
"CGGAGTCGTCCAGTGC-1",0
"CGGAGTCGTGTTCGAT-1",2
"CGGAGTCTCCCAGGTG-1",1
"CGGAGTCTCCGTAGTA-1",0
"CGGCTAGAGAAACGCC-1",1
"CGGCTAGAGCACCGTC-1",1
"CGGCTAGAGCTAAACA-1",1
"CGGCTAGCAGACAAAT-1",1
"CGGCTAGGTAACGCGA-1",0
"CGGCTAGGTTCATGGT-1",2
"CGGCTAGTCAAAGACA-1",0
"CGGCTAGTCGTGGGAA-1",1
"CGGCTAGTCTTGTTTG-1",2
"CGGGTCAAGAGTCGGT-1",2
"CGGGTCAAGCACACAG-1",2
"CGGGTCAAGCTAACTC-1",0
"CGGGTCAAGGACACCA-1",1
"CGGGTCAAGTATGACA-1",2
"CGGGTCACAATGACCT-1",2
"CGGGTCACACCGAAAG-1",1
"CGGGTCACAGCCACCA-1",0
"CGGGTCACATACAGCT-1",1
"CGGGTCACATCCTTGC-1",0
"CGGGTCAGTAGCGCTC-1",2
"CGGGTCAGTCGATTGT-1",6
"CGGGTCAGTGCAACTT-1",1
"CGGGTCAGTTGTTTGG-1",0
"CGGGTCATCAACACCA-1",7
"CGGGTCATCACCTTAT-1",1
"CGGGTCATCCACGACG-1",5
"CGGTTAACAGGACCCT-1",0
"CGGTTAACATGTCCTC-1",2
"CGGTTAACATTCCTGC-1",0
"CGGTTAAGTCGACTGC-1",4
"CGGTTAATCCGGCACA-1",3
"CGGTTAATCCTTTCGG-1",2
"CGGTTAATCTTATCTG-1",3
"CGTAGCGAGATGTAAC-1",4
"CGTAGCGAGGCAATTA-1",1
"CGTAGCGAGTAGGTGC-1",2
"CGTAGCGCAAGCGCTC-1",0
"CGTAGCGTCCAACCAA-1",2
"CGTAGCGTCGGCGGTT-1",3
"CGTAGGCAGGGCTCTC-1",3
"CGTAGGCCAAGCGATG-1",2
"CGTAGGCCACTAAGTC-1",1
"CGTAGGCCAGAGTGTG-1",1
"CGTAGGCCATCCCATC-1",3
"CGTAGGCGTATTAGCC-1",2
"CGTAGGCGTCAATACC-1",1
"CGTAGGCGTGGCGAAT-1",0
"CGTAGGCTCCAGAAGG-1",1
"CGTCACTAGTCATGCT-1",3
"CGTCACTCAAAGCGGT-1",3
"CGTCACTCAGGTCCAC-1",2
"CGTCACTCAGTCACTA-1",1
"CGTCACTTCCTTGACC-1",2
"CGTCACTTCGGTGTTA-1",1
"CGTCACTTCTGTGCAA-1",1
"CGTCACTTCTTGAGAC-1",0
"CGTCAGGAGCTGTTCA-1",2
"CGTCAGGCAAAGCAAT-1",1
"CGTCAGGCAAAGCGGT-1",5
"CGTCAGGCAACACGCC-1",0
"CGTCAGGCATCCGCGA-1",3
"CGTCAGGGTCAGCTAT-1",2
"CGTCAGGGTCGTTGTA-1",0
"CGTCAGGGTGTAAGTA-1",0
"CGTCAGGTCCACTGGG-1",1
"CGTCAGGTCGACAGCC-1",0
"CGTCAGGTCGGGAGTA-1",3
"CGTCCATAGACCACGA-1",2
"CGTCCATAGCGATTCT-1",1
"CGTCCATAGGCTATCT-1",0
"CGTCCATAGTCTCAAC-1",3
"CGTCCATCACGACTCG-1",1
"CGTCCATCATTCACTT-1",2
"CGTCCATGTCTAGCGC-1",0
"CGTCCATGTGATAAAC-1",1
"CGTCCATGTTTGGGCC-1",1
"CGTCCATGTTTGTGTG-1",3
"CGTCCATTCAACACCA-1",1
"CGTCCATTCATTCACT-1",1
"CGTCTACAGTGCGTGA-1",1
"CGTCTACGTAGTAGTA-1",1
"CGTCTACTCGAGCCCA-1",2
"CGTCTACTCGCCATAA-1",0
"CGTCTACTCGGCCGAT-1",3
"CGTCTACTCGTCCAGG-1",1
"CGTCTACTCTATCGCC-1",0
"CGTGAGCAGATCTGAA-1",6
"CGTGAGCAGCAATCTC-1",0
"CGTGAGCAGCGGATCA-1",2
"CGTGAGCAGCTAGTGG-1",7
"CGTGAGCAGCTTCGCG-1",0
"CGTGAGCAGGGCACTA-1",2
"CGTGAGCAGGGTGTGT-1",1
"CGTGAGCAGTGGAGAA-1",1
"CGTGAGCCAAGCCGCT-1",2
"CGTGAGCCACGTAAGG-1",3
"CGTGAGCCATACGCCG-1",0
"CGTGAGCGTAGATTAG-1",0
"CGTGAGCGTCTCTTAT-1",3
"CGTGAGCTCACAAACC-1",6
"CGTGAGCTCCAAATGC-1",0
"CGTGAGCTCCGAGCCA-1",1
"CGTGAGCTCGTTGCCT-1",2
"CGTGAGCTCTGGGCCA-1",1
"CGTGTAAAGATAGTCA-1",1
"CGTGTAAAGGTGTTAA-1",0
"CGTGTAAAGTACATGA-1",3
"CGTGTAACATGGGACA-1",0
"CGTGTAAGTCCGCTGA-1",0
"CGTGTAAGTGTCTGAT-1",0
"CGTGTAATCTACTATC-1",0
"CGTGTAATCTCGATGA-1",5
"CGTGTAATCTTTAGTC-1",0
"CGTGTCTAGGCGCTCT-1",1
"CGTGTCTAGGGATGGG-1",3
"CGTGTCTCAGACAAAT-1",0
"CGTGTCTCAGACACTT-1",2
"CGTGTCTGTAAGAGGA-1",2
"CGTGTCTGTATATGAG-1",2
"CGTGTCTGTCAAAGCG-1",4
"CGTGTCTGTTCCGTCT-1",1
"CGTGTCTTCAATCACG-1",5
"CGTGTCTTCAGAGGTG-1",0
"CGTGTCTTCATAGCAC-1",1
"CGTGTCTTCCGAACGC-1",2
"CGTGTCTTCGGCATCG-1",1
"CGTGTCTTCGTGGACC-1",0
"CGTGTCTTCTACTTAC-1",2
"CGTGTCTTCTGAGTGT-1",1
"CGTTAGAAGATCTGAA-1",1
"CGTTAGAAGGCCCTTG-1",2
"CGTTAGACACGAAAGC-1",1
"CGTTAGACAGCTTCGG-1",0
"CGTTAGAGTTTAAGCC-1",2
"CGTTAGATCACTTATC-1",0
"CGTTAGATCAGCCTAA-1",2
"CGTTCTGAGAAGGGTA-1",2
"CGTTCTGAGACTAGGC-1",1
"CGTTCTGAGTGAACAT-1",0
"CGTTCTGCAGCTCGCA-1",2
"CGTTCTGCATTGGCGC-1",2
"CGTTCTGGTGAGGGTT-1",0
"CGTTCTGTCTGATTCT-1",1
"CGTTGGGAGCTAGTTC-1",1
"CGTTGGGAGGATGCGT-1",0
"CGTTGGGCACATTAGC-1",1
"CGTTGGGCAGACAGGT-1",0
"CGTTGGGGTTCCCGAG-1",2
"CGTTGGGTCATGCTCC-1",0
"CGTTGGGTCCATGAAC-1",1
"CGTTGGGTCTACCAGA-1",4
"CTAACTTAGTCCTCCT-1",3
"CTAACTTCAATAGCAA-1",3
"CTAACTTCAATCGGTT-1",1
"CTAACTTGTGAGGCTA-1",1
"CTAACTTTCGTACGGC-1",1
"CTAACTTTCTGGCGTG-1",5
"CTAAGACAGGGAAACA-1",3
"CTAAGACAGTACATGA-1",1
"CTAAGACAGTTCGCGC-1",1
"CTAAGACCAAGTAATG-1",2
"CTAAGACCAGTAAGAT-1",2
"CTAAGACCATGCAATC-1",0
"CTAAGACGTAAGGATT-1",3
"CTAAGACGTATCAGTC-1",2
"CTAAGACGTCACCTAA-1",0
"CTAAGACTCGTTGCCT-1",4
"CTAAGACTCTTACCGC-1",1
"CTAAGACTCTTGAGGT-1",1
"CTAATGGAGCAATCTC-1",0
"CTAATGGAGCGCTCCA-1",4
"CTAATGGAGCTCCCAG-1",2
"CTAATGGAGCTGAAAT-1",5
"CTAATGGAGTTAGGTA-1",1
"CTAATGGCATGGAATA-1",4
"CTAATGGGTACCGCTG-1",3
"CTAATGGGTCTAGCGC-1",6
"CTAATGGGTGAGGGAG-1",2
"CTAATGGGTTGGTGGA-1",0
"CTAATGGTCATGCTCC-1",4
"CTAATGGTCCACTGGG-1",1
"CTAATGGTCCGTTGCT-1",4
"CTAATGGTCCTAGAAC-1",0
"CTACACCAGTGCGATG-1",3
"CTACACCCACGGACAA-1",1
"CTACACCGTAATAGCA-1",3
"CTACACCGTCTGATTG-1",1
"CTACACCGTTCGTCTC-1",0
"CTACACCTCAGAAATG-1",4
"CTACACCTCGGCTTGG-1",1
"CTACACCTCGGTCCGA-1",2
"CTACACCTCTCGCATC-1",6
"CTACACCTCTCTGCTG-1",3
"CTACATTAGATCACGG-1",0
"CTACATTCACTCGACG-1",2
"CTACATTCATTTCACT-1",7
"CTACATTGTGATGATA-1",4
"CTACATTGTTCGAATC-1",0
"CTACATTTCAACGCTA-1",0
"CTACATTTCGCCATAA-1",0
"CTACATTTCTAGCACA-1",3
"CTACCCACACAGAGGT-1",0
"CTACCCACACGACGAA-1",2
"CTACCCACATGGTTGT-1",2
"CTACCCAGTATCTGCA-1",1
"CTACCCAGTATGAATG-1",3
"CTACCCAGTCAGAAGC-1",1
"CTACCCAGTGTGACCC-1",1
"CTACCCAGTTATGTGC-1",2
"CTACCCATCTACGAGT-1",4
"CTACGTCAGGTGCAAC-1",4
"CTACGTCAGTGCGATG-1",1
"CTACGTCAGTTGTCGT-1",4
"CTACGTCCATATACCG-1",0
"CTACGTCGTATATGGA-1",2
"CTACGTCGTGTGGTTT-1",0
"CTACGTCTCAAAGTAG-1",1
"CTACGTCTCACGACTA-1",2
"CTACGTCTCACGGTTA-1",0
"CTACGTCTCCTAGAAC-1",2
"CTAGAGTAGCTGTCTA-1",3
"CTAGAGTAGGATCGCA-1",1
"CTAGAGTAGTCCATAC-1",2
"CTAGAGTCACATTAGC-1",2
"CTAGAGTCAGTATGCT-1",7
"CTAGAGTCATACTCTT-1",7
"CTAGAGTCATGTAAGA-1",2
"CTAGAGTGTGACCAAG-1",0
"CTAGAGTTCAACACCA-1",3
"CTAGAGTTCCGTCAAA-1",2
"CTAGAGTTCCTAAGTG-1",3
"CTAGAGTTCGCCAGCA-1",1
"CTAGAGTTCGCTTAGA-1",3
"CTAGAGTTCGTGACAT-1",0
"CTAGAGTTCTGATTCT-1",4
"CTAGCCTCACCAGATT-1",2
"CTAGCCTGTATATCCG-1",1
"CTAGCCTGTGATGCCC-1",1
"CTAGCCTTCGGGAGTA-1",4
"CTAGTGAAGCTGGAAC-1",0
"CTAGTGAAGTGTACCT-1",1
"CTAGTGACAAGTCTAC-1",2
"CTAGTGACAGGATCGA-1",5
"CTAGTGAGTTATGCGT-1",1
"CTAGTGATCAGTTGAC-1",1
"CTAGTGATCCAGTAGT-1",0
"CTCACACAGCTAAGAT-1",0
"CTCACACAGCTGCCCA-1",2
"CTCACACAGGATGCGT-1",0
"CTCACACCACGTAAGG-1",2
"CTCACACCACTGTTAG-1",4
"CTCACACCATATACGC-1",0
"CTCACACGTGCTGTAT-1",4
"CTCACACGTTCCATGA-1",2
"CTCACACGTTTGGGCC-1",3
"CTCACACTCACCGGGT-1",2
"CTCACACTCATCGGAT-1",2
"CTCACACTCCGCGCAA-1",1
"CTCACACTCTAACCGA-1",4
"CTCAGAAAGAGCTGCA-1",2
"CTCAGAAAGGAGTAGA-1",4
"CTCAGAACAACGCACC-1",1
"CTCAGAACAAGCGATG-1",0
"CTCAGAACAGGGCATA-1",1
"CTCAGAAGTGACGGTA-1",5
"CTCAGAATCTTAACCT-1",1
"CTCATTAAGAACTGTA-1",2
"CTCATTACATGGTCAT-1",0
"CTCATTAGTGTAACGG-1",0
"CTCATTAGTTTACTCT-1",0
"CTCCTAGCAAGTACCT-1",0
"CTCCTAGCAATTCCTT-1",4
"CTCCTAGCACTGTCGG-1",0
"CTCCTAGCAGTCCTTC-1",3
"CTCCTAGCATAACCTG-1",0
"CTCCTAGCATGCGCAC-1",0
"CTCCTAGGTAGAAAGG-1",1
"CTCCTAGGTCCGAGTC-1",0
"CTCCTAGGTCTAGCCG-1",6
"CTCCTAGGTGTTTGTG-1",3
"CTCCTAGGTTCGTGAT-1",1
"CTCCTAGGTTGTTTGG-1",1
"CTCCTAGTCACTTACT-1",1
"CTCCTAGTCTCATTCA-1",1
"CTCGAAAAGCCCAACC-1",1
"CTCGAAAAGCTATGCT-1",3
"CTCGAAAAGGCCCTTG-1",4
"CTCGAAAAGGGCTTCC-1",2
"CTCGAAACAAGCCGTC-1",0
"CTCGAAACACATTAGC-1",3
"CTCGAAACACCGAAAG-1",3
"CTCGAAACACGGCTAC-1",1
"CTCGAAACAGTAAGAT-1",1
"CTCGAAACATACGCCG-1",1
"CTCGAGGAGCCATCGC-1",2
"CTCGAGGAGGGCTTCC-1",5
"CTCGAGGCAGATAATG-1",6
"CTCGAGGGTATTCTCT-1",3
"CTCGAGGGTGCCTGGT-1",0
"CTCGGAGAGTCCCACG-1",3
"CTCGGAGCACTTCTGC-1",1
"CTCGGAGCAGCTGCAC-1",1
"CTCGGAGCAGGATCGA-1",2
"CTCGGAGGTAGCCTAT-1",0
"CTCGGAGGTCATGCCG-1",1
"CTCGGAGTCAAACGGG-1",1
"CTCGGAGTCACATACG-1",2
"CTCGGAGTCAGCTTAG-1",1
"CTCGGGAAGACCTAGG-1",2
"CTCGGGACACAGCCCA-1",3
"CTCGGGACATAAAGGT-1",0
"CTCGGGACATCCCACT-1",2
"CTCGGGACATGTCGAT-1",3
"CTCGGGAGTCGCGTGT-1",3
"CTCGGGAGTGACTACT-1",2
"CTCGGGAGTTACGACT-1",0
"CTCGGGATCCGTACAA-1",2
"CTCGGGATCCTTGACC-1",1
"CTCGGGATCTTAGCCC-1",0
"CTCGGGATCTTGTTTG-1",2
"CTCGTACAGCGATAGC-1",3
"CTCGTACCAGCGTAAG-1",0
"CTCGTACCATAGTAAG-1",1
"CTCGTACGTAGAGTGC-1",3
"CTCGTACGTATCACCA-1",3
"CTCGTACGTGCAGTAG-1",0
"CTCGTACTCAAAGTAG-1",1
"CTCGTACTCAATCTCT-1",0
"CTCGTACTCGTTGCCT-1",0
"CTCGTACTCTGGTTCC-1",0
"CTCGTCAAGATGCCTT-1",3
"CTCGTCAAGTGGAGTC-1",6
"CTCGTCAAGTTTGCGT-1",4
"CTCGTCACAACGATCT-1",3
"CTCGTCACACATCCGG-1",0
"CTCGTCACAGTCGTGC-1",3
"CTCGTCAGTCTCATCC-1",0
"CTCGTCAGTCTCCATC-1",2
"CTCGTCAGTGAGCGAT-1",1
"CTCGTCAGTTGACGTT-1",0
"CTCGTCAGTTGGGACA-1",0
"CTCGTCATCACTTATC-1",1
"CTCGTCATCGACCAGC-1",0
"CTCGTCATCTGCTGTC-1",2
"CTCTAATCACCAGGTC-1",4
"CTCTAATCACGGTGTC-1",3
"CTCTAATCAGGAATCG-1",1
"CTCTAATGTCCAAGTT-1",0
"CTCTACGAGCTAAACA-1",3
"CTCTACGAGCTAGTGG-1",1
"CTCTACGAGTACGCCC-1",2
"CTCTACGAGTAGGCCA-1",4
"CTCTACGCAATAACGA-1",2
"CTCTACGCAGACGCTC-1",2
"CTCTACGCATGACATC-1",0
"CTCTACGTCATGTCTT-1",1
"CTCTACGTCCCTAATT-1",3
"CTCTACGTCGGCATCG-1",5
"CTCTACGTCGGTCTAA-1",1
"CTCTGGTAGCAGCGTA-1",0
"CTCTGGTAGCGTTCCG-1",0
"CTCTGGTAGGCATGGT-1",3
"CTCTGGTAGTGCCAGA-1",0
"CTCTGGTCACAAGCCC-1",3
"CTCTGGTCAGCCTTTC-1",1
"CTCTGGTTCATCTGTT-1",4
"CTCTGGTTCTTGTACT-1",3
"CTGAAACAGATCCCGC-1",1
"CTGAAACAGGTGCTAG-1",1
"CTGAAACAGTCCGTAT-1",1
"CTGAAACAGTGTCTCA-1",2
"CTGAAACGTCATCGGC-1",1
"CTGAAACGTTAAAGAC-1",5
"CTGAAACTCATACGGT-1",5
"CTGAAGTAGTGCGTGA-1",6
"CTGAAGTCAGCTGTAT-1",8
"CTGAAGTGTTAAAGTG-1",1
"CTGAAGTTCAAGCCTA-1",3
"CTGAAGTTCGGATGTT-1",0
"CTGATAGAGGGAGTAA-1",0
"CTGATAGAGTGCAAGC-1",2
"CTGATAGCAGCCTTTC-1",3
"CTGATAGCATCCCATC-1",0
"CTGATAGCATCTCCCA-1",2
"CTGATAGGTCAAAGCG-1",4
"CTGATAGGTCGCTTTC-1",4
"CTGATAGGTTACGACT-1",1
"CTGATAGTCGCGATCG-1",0
"CTGATAGTCTTATCTG-1",3
"CTGATCCAGGCATTGG-1",2
"CTGATCCAGGTGACCA-1",1
"CTGATCCCACAGAGGT-1",4
"CTGATCCCAGGCTGAA-1",0
"CTGATCCGTGCCTGGT-1",1
"CTGATCCGTTATCCGA-1",0
"CTGATCCGTTGTGGCC-1",0
"CTGCCTAAGGGTCTCC-1",5
"CTGCCTAAGGTGATAT-1",0
"CTGCCTAAGTACGCGA-1",1
"CTGCCTAAGTGCGTGA-1",4
"CTGCCTACATCCCACT-1",0
"CTGCCTATCAATAAGG-1",1
"CTGCGGAAGAAGGACA-1",0
"CTGCGGAAGAGCTGGT-1",1
"CTGCGGAAGATGAGAG-1",3
"CTGCGGACAGGTCGTC-1",0
"CTGCGGACATGTCTCC-1",0
"CTGCGGAGTCACTTCC-1",1
"CTGCGGAGTCGTGGCT-1",4
"CTGCGGAGTTCTGTTT-1",1
"CTGCGGAGTTGGACCC-1",2
"CTGCGGATCGCCTGTT-1",0
"CTGCGGATCTTACCGC-1",0
"CTGCTGTAGGGTGTTG-1",1
"CTGCTGTAGTACCGGA-1",2
"CTGCTGTAGTGGAGAA-1",2
"CTGCTGTCACATCTTT-1",1
"CTGCTGTGTTAAAGAC-1",1
"CTGCTGTTCTCCAACC-1",1
"CTGCTGTTCTTACCGC-1",0
"CTGGTCTAGCGTTGCC-1",4
"CTGGTCTAGGACAGCT-1",3
"CTGGTCTAGGGCTTGA-1",1
"CTGGTCTAGTCGAGTG-1",0
"CTGGTCTCAAAGGAAG-1",2
"CTGGTCTCACCAGTTA-1",4
"CTGGTCTGTACCTACA-1",2
"CTGGTCTGTACGCTGC-1",2
"CTGGTCTGTCCGCTGA-1",1
"CTGGTCTGTCCGTTAA-1",0
"CTGGTCTGTTCATGGT-1",3
"CTGGTCTGTTCGTGAT-1",2
"CTGGTCTTCAACGGGA-1",3
"CTGGTCTTCACTTACT-1",2
"CTGGTCTTCTTACCTA-1",1
"CTGTGCTGTATATCCG-1",2
"CTGTGCTGTCATCCCT-1",1
"CTGTGCTGTCCCTACT-1",1
"CTGTGCTGTCGGCACT-1",1
"CTGTGCTTCCATTCTA-1",2
"CTGTGCTTCCGTACAA-1",0
"CTGTTTAAGAAACCGC-1",1
"CTGTTTAAGATCGATA-1",1
"CTGTTTAAGGAGTTGC-1",2
"CTGTTTAGTCAAAGCG-1",0
"CTGTTTATCAGCCTAA-1",0
"CTGTTTATCATTTGGG-1",1
"CTGTTTATCTCCAGGG-1",1
"CTGTTTATCTCTTGAT-1",3
"CTGTTTATCTTCTGGC-1",1
"CTTAACTAGCCAGTAG-1",3
"CTTAACTAGGCTCTTA-1",0
"CTTAACTAGGTGCACA-1",1
"CTTAACTAGTCTCGGC-1",2
"CTTACCGAGCGCTTAT-1",3
"CTTACCGAGGCTACGA-1",0
"CTTACCGCAGATCTGT-1",3
"CTTACCGCAGTCAGAG-1",2
"CTTACCGGTCCTGCTT-1",1
"CTTACCGGTCGCCATG-1",0
"CTTACCGGTCTACCTC-1",2
"CTTACCGTCGGACAAG-1",0
"CTTAGGAAGCCCAACC-1",0
"CTTAGGACACGACGAA-1",2
"CTTAGGAGTTATGTGC-1",1
"CTTAGGATCCCATTTA-1",6
"CTTAGGATCTTTACAC-1",2
"CTTCTCTAGAACTCGG-1",1
"CTTCTCTAGAGTGAGA-1",1
"CTTCTCTAGCAGGCTA-1",2
"CTTCTCTAGTTAACGA-1",4
"CTTCTCTCAAAGGTGC-1",2
"CTTCTCTGTAACGACG-1",2
"CTTCTCTGTGCATCTA-1",2
"CTTCTCTTCGAGCCCA-1",3
"CTTGGCTAGCGATATA-1",0
"CTTGGCTAGTACGTTC-1",2
"CTTGGCTCATTACCTT-1",2
"CTTGGCTGTCTCCATC-1",0
"CTTGGCTTCCCTAATT-1",0
"CTTGGCTTCGCGTAGC-1",2
"CTTGGCTTCTCGTTTA-1",5
"CTTTGCGAGCAAATCA-1",2
"CTTTGCGAGCGTTCCG-1",3
"CTTTGCGAGTATCTCG-1",2
"CTTTGCGCAATTCCTT-1",3
"CTTTGCGCACTTAAGC-1",6
"CTTTGCGCAGACGCAA-1",0
"CTTTGCGGTAGAGGAA-1",3
"CTTTGCGTCCAGGGCT-1",2
"GAAACTCAGAGACGAA-1",3
"GAAACTCAGAGGTTAT-1",1
"GAAACTCAGCAGCCTC-1",2
"GAAACTCAGCCCAGCT-1",3
"GAAACTCAGCTAAACA-1",2
"GAAACTCAGTGCTGCC-1",1
"GAAACTCCAAGCCCAC-1",0
"GAAACTCCACATGACT-1",2
"GAAACTCCAGACACTT-1",1
"GAAACTCCATGGATGG-1",2
"GAAACTCGTACTCGCG-1",1
"GAAACTCGTAGCGATG-1",1
"GAAACTCGTGTGAAAT-1",1
"GAAACTCGTTTGTGTG-1",1
"GAAATGAAGACTAGGC-1",0
"GAAATGAAGCCAGTTT-1",3
"GAAATGAAGCTAGTCT-1",4
"GAAATGAAGTACGTAA-1",0
"GAAATGATCATGCTCC-1",3
"GAAATGATCCTCGCAT-1",4
"GAACATCAGATGGCGT-1",1
"GAACATCCAACAACCT-1",2
"GAACATCCACATCTTT-1",0
"GAACATCCACCTATCC-1",1
"GAACATCCACGGACAA-1",1
"GAACATCCATGCTAGT-1",3
"GAACATCGTACGACCC-1",1
"GAACATCGTGGACGAT-1",2
"GAACATCGTTCCCGAG-1",1
"GAACATCTCCAAGTAC-1",1
"GAACATCTCGATCCCT-1",1
"GAACATCTCTCCAACC-1",1
"GAACCTAAGAACTGTA-1",4
"GAACCTAAGAGCAATT-1",0
"GAACCTAAGCCAGTAG-1",0
"GAACCTACAAGGACAC-1",1
"GAACCTACAGACACTT-1",3
"GAACCTAGTACCAGTT-1",1
"GAACCTAGTGTCAATC-1",0
"GAACCTATCACGATGT-1",3
"GAACGGAAGACGCAAC-1",1
"GAACGGAAGTAATCCC-1",3
"GAACGGAAGTCAATAG-1",0
"GAACGGAAGTGGACGT-1",1
"GAACGGACACAGCGTC-1",1
"GAACGGACACCTCGTT-1",0
"GAACGGACACTTAACG-1",1
"GAACGGAGTAGCGTAG-1",3
"GAACGGAGTCAGAGGT-1",2
"GAACGGAGTGGCGAAT-1",1
"GAACGGATCACTCCTG-1",0
"GAACGGATCCACGAAT-1",0
"GAACGGATCGTAGGAG-1",2
"GAACGGATCTGTCAAG-1",0
"GAAGCAGAGACTAAGT-1",10
"GAAGCAGAGAGACGAA-1",1
"GAAGCAGAGCCACGCT-1",2
"GAAGCAGAGTTCGCGC-1",1
"GAAGCAGCAATCCGAT-1",2
"GAAGCAGCACTCGACG-1",5
"GAAGCAGCAGATCTGT-1",2
"GAAGCAGCAGATGAGC-1",1
"GAAGCAGCATGAACCT-1",0
"GAAGCAGCATGGAATA-1",0
"GAAGCAGGTAACGCGA-1",3
"GAAGCAGGTCATACTG-1",0
"GAAGCAGTCCTAGTGA-1",3
"GAAGCAGTCTTATCTG-1",3
"GAATAAGCAAGGTGTG-1",4
"GAATAAGCAGACAAGC-1",1
"GAATAAGCATGCAACT-1",0
"GAATAAGGTCCGTTAA-1",2
"GAATAAGGTGAGTGAC-1",3
"GAATAAGGTTCCCTTG-1",0
"GAATAAGTCGTTTAGG-1",0
"GAATGAAAGAGTCTGG-1",2
"GAATGAAAGCTTATCG-1",2
"GAATGAAAGGCATGTG-1",3
"GAATGAACAAACGCGA-1",1
"GAATGAACAGTGAGTG-1",3
"GAATGAACATCATCCC-1",0
"GAATGAAGTCAACATC-1",1
"GAATGAAGTCTCACCT-1",1
"GAATGAAGTGGCAAAC-1",1
"GAATGAAGTTGCGTTA-1",1
"GAATGAATCAGTTAGC-1",0
"GAATGAATCCTGCCAT-1",7
"GACACGCAGACGCACA-1",1
"GACACGCAGAGTAATC-1",2
"GACACGCAGCCAACAG-1",1
"GACACGCAGGAGTTTA-1",2
"GACACGCAGGGCATGT-1",2
"GACACGCAGGTGCACA-1",1
"GACACGCAGTCCAGGA-1",2
"GACACGCAGTGGGATC-1",6
"GACACGCAGTGGGTTG-1",1
"GACACGCCAAGCGTAG-1",7
"GACACGCCAAGGACAC-1",2
"GACACGCCAGACGCTC-1",3
"GACACGCCATCCTTGC-1",5
"GACACGCGTTCACGGC-1",1
"GACACGCTCATGTAGC-1",2
"GACAGAGAGTACGATA-1",2
"GACAGAGCAACGATCT-1",3
"GACAGAGCAAGTCTAC-1",1
"GACAGAGCAGCTCCGA-1",1
"GACAGAGCAGCTGGCT-1",2
"GACAGAGGTAGAAAGG-1",3
"GACAGAGTCAAACAAG-1",0
"GACAGAGTCAGAGACG-1",4
"GACAGAGTCCTTCAAT-1",3
"GACAGAGTCCTTGCCA-1",1
"GACAGAGTCTTCATGT-1",2
"GACCAATAGAAGGGTA-1",1
"GACCAATAGCTACCGC-1",2
"GACCAATAGCTACCTA-1",2
"GACCAATCAGGTGCCT-1",4
"GACCAATCATGCGCAC-1",2
"GACCAATGTACAGTTC-1",4
"GACCAATGTCGCTTCT-1",2
"GACCAATTCCGATATG-1",5
"GACCAATTCGAATGGG-1",1
"GACCAATTCGTCACGG-1",1
"GACCTGGCATCACAAC-1",2
"GACCTGGCATGTCTCC-1",2
"GACCTGGCATTGGCGC-1",3
"GACCTGGGTAAAGGAG-1",3
"GACCTGGGTCCAGTTA-1",4
"GACCTGGGTGCAGTAG-1",2
"GACCTGGTCATAGCAC-1",0
"GACCTGGTCCTTGCCA-1",2
"GACCTGGTCGCATGAT-1",3
"GACCTGGTCGTCACGG-1",3
"GACGCGTAGTGGTAAT-1",4
"GACGCGTAGTTGTAGA-1",0
"GACGCGTGTAAAGGAG-1",2
"GACGCGTGTGTGAAAT-1",4
"GACGCGTGTTAAGACA-1",2
"GACGCGTTCAAACCGT-1",1
"GACGCGTTCCAAATGC-1",3
"GACGCGTTCCGCGGTA-1",0
"GACGCGTTCCTACAGA-1",2
"GACGCGTTCGACGGAA-1",3
"GACGCGTTCTCCGGTT-1",1
"GACGGCTAGAAGATTC-1",0
"GACGGCTAGAGCTGGT-1",1
"GACGGCTCAAGGTTTC-1",1
"GACGGCTCACCGCTAG-1",2
"GACGGCTCATGAACCT-1",1
"GACGGCTCATGCAACT-1",1
"GACGGCTGTGTGTGCC-1",0
"GACGGCTGTTATGTGC-1",1
"GACGGCTGTTTGGCGC-1",3
"GACGGCTTCTATCGCC-1",0
"GACGTGCAGGCAAAGA-1",0
"GACGTGCAGGGTGTGT-1",3
"GACGTGCAGGTGTTAA-1",2
"GACGTGCCAGGTCGTC-1",0
"GACGTGCGTAACGTTC-1",1
"GACGTGCTCACCTCGT-1",0
"GACGTTAAGCTACCGC-1",2
"GACGTTAAGGCAAAGA-1",4
"GACGTTAAGTCAAGCG-1",4
"GACGTTACAAGCCATT-1",2
"GACGTTACAAGGTTTC-1",2
"GACGTTACAGACACTT-1",0
"GACGTTAGTATCTGCA-1",0
"GACGTTAGTTTGACAC-1",1
"GACGTTAGTTTGACTG-1",2
"GACGTTATCACAGGCC-1",3
"GACGTTATCATTGCGA-1",0
"GACGTTATCCCGGATG-1",0
"GACGTTATCCGAAGAG-1",0
"GACGTTATCGCGTTTC-1",2
"GACGTTATCTGTCCGT-1",1
"GACTAACAGACAGAGA-1",0
"GACTAACAGTGGAGAA-1",2
"GACTAACCAAATCCGT-1",1
"GACTAACGTCTAGTCA-1",4
"GACTAACGTGCAACTT-1",1
"GACTAACGTTCAGACT-1",2
"GACTAACTCCGCGCAA-1",2
"GACTAACTCCTTTCTC-1",2
"GACTAACTCTTGCCGT-1",2
"GACTAACTCTTTACAC-1",6
"GACTACAAGATATGGT-1",0
"GACTACACAAATCCGT-1",1
"GACTACAGTGCTGTAT-1",0
"GACTACATCAGCCTAA-1",0
"GACTACATCAGGTAAA-1",5
"GACTACATCTGCAGTA-1",2
"GACTGCGAGCGTAGTG-1",1
"GACTGCGAGTTGTAGA-1",1
"GACTGCGCACTTAACG-1",2
"GACTGCGCATGTTCCC-1",2
"GACTGCGGTACGCACC-1",1
"GACTGCGGTTCTCATT-1",0
"GACTGCGTCAACACAC-1",0
"GACTGCGTCACGACTA-1",0
"GACTGCGTCGCCCTTA-1",0
"GACTGCGTCTCAAACG-1",3
"GAGCAGAGTAGGGTAC-1",1
"GAGCAGAGTCAGATAA-1",2
"GAGCAGAGTCATATGC-1",0
"GAGCAGAGTGAGCGAT-1",1
"GAGCAGAGTGTAACGG-1",0
"GAGCAGAGTGTGACCC-1",2
"GAGCAGAGTTCGGGCT-1",2
"GAGCAGAGTTTAAGCC-1",0
"GAGCAGAGTTTGCATG-1",5
"GAGGTGAAGCAACGGT-1",2
"GAGGTGAAGGCTCTTA-1",3
"GAGGTGAAGTGGTAGC-1",1
"GAGGTGAAGTTGTAGA-1",2
"GAGGTGACACTGTCGG-1",0
"GAGGTGACATCCTTGC-1",0
"GAGGTGACATGCATGT-1",1
"GAGGTGAGTACCTACA-1",1
"GAGGTGAGTCATTAGC-1",2
"GAGGTGAGTTCCTCCA-1",0
"GAGGTGATCATCGCTC-1",0
"GAGGTGATCTAGAGTC-1",0
"GAGGTGATCTCTAGGA-1",1
"GAGGTGATCTGCTGTC-1",3
"GAGGTGATCTGGGCCA-1",1
"GAGTCCGAGGACAGAA-1",4
"GAGTCCGAGGCATGTG-1",2
"GAGTCCGAGGCGTACA-1",2
"GAGTCCGCAAACCCAT-1",1
"GAGTCCGGTCAAGCGA-1",1
"GAGTCCGGTGACCAAG-1",0
"GAGTCCGGTGACTCAT-1",2
"GAGTCCGGTGTGACCC-1",0
"GAGTCCGGTTCGGGCT-1",1
"GAGTCCGGTTTGCATG-1",2
"GAGTCCGTCGGCGCAT-1",3
"GAGTCCGTCTGATTCT-1",2
"GATCAGTAGATGTCGG-1",0
"GATCAGTAGTGGTAGC-1",0
"GATCAGTGTATATGAG-1",4
"GATCAGTGTCTGCGGT-1",1
"GATCAGTGTTATGCGT-1",2
"GATCAGTGTTGTACAC-1",3
"GATCAGTTCCCGACTT-1",0
"GATCGATAGAATGTTG-1",2
"GATCGATAGAGCTGCA-1",1
"GATCGATAGCATGGCA-1",0
"GATCGATCAAGCGAGT-1",1
"GATCGATCAAGCGTAG-1",2
"GATCGATGTCAACATC-1",2
"GATCGATGTTGCCTCT-1",2
"GATCGATTCCGCATCT-1",5
"GATCGCGAGATAGTCA-1",5
"GATCGCGAGCCTTGAT-1",3
"GATCGCGAGGAGCGTT-1",2
"GATCGCGCAGGTCGTC-1",2
"GATCGCGGTACAGCAG-1",5
"GATCGCGGTGAGTATA-1",0
"GATCGCGGTTGTCGCG-1",0
"GATCGCGTCACTCCTG-1",2
"GATCGTAAGACATAAC-1",2
"GATCGTAAGCTCAACT-1",1
"GATCGTACATAACCTG-1",4
"GATCGTAGTGGCTCCA-1",3
"GATCGTATCATATCGG-1",1
"GATCGTATCATGTCCC-1",1
"GATCGTATCTTACCGC-1",1
"GATCTAGAGCGTCTAT-1",0
"GATCTAGAGTGGAGAA-1",2
"GATCTAGCAACACCTA-1",1
"GATCTAGCAAGGGTCA-1",2
"GATCTAGGTCTAAAGA-1",2
"GATCTAGGTCTCACCT-1",2
"GATCTAGGTCTCTTTA-1",0
"GATCTAGTCACATAGC-1",2
"GATCTAGTCTAAGCCA-1",0
"GATGAAAAGAGTAATC-1",1
"GATGAAAAGCTCCCAG-1",0
"GATGAAACACGGTAGA-1",0
"GATGAAACAGCTGTAT-1",1
"GATGAAAGTGGGTATG-1",3
"GATGAAATCACCCTCA-1",1
"GATGAAATCACTCCTG-1",1
"GATGAAATCAGCAACT-1",1
"GATGAAATCGAGAGCA-1",6
"GATGAGGAGATCCCGC-1",0
"GATGAGGAGTTCGATC-1",2
"GATGAGGCACCAGTTA-1",1
"GATGAGGGTATCACCA-1",0
"GATGAGGGTATTCGTG-1",2
"GATGAGGGTCGCGTGT-1",3
"GATGAGGGTGATGATA-1",0
"GATGAGGTCACAGGCC-1",0
"GATGAGGTCACATAGC-1",2
"GATGAGGTCCCTTGTG-1",4
"GATGAGGTCTGCTGTC-1",0
"GATGCTAAGACTAAGT-1",0
"GATGCTAAGGATGCGT-1",0
"GATGCTAAGGCTCTTA-1",0
"GATGCTAAGGGAACGG-1",0
"GATGCTAAGTATCTCG-1",2
"GATGCTAAGTCTCGGC-1",3
"GATGCTACATGTTGAC-1",0
"GATGCTACATTGCGGC-1",2
"GATGCTAGTCTCCATC-1",0
"GATGCTAGTGGAAAGA-1",2
"GATGCTAGTTAGGGTG-1",1
"GATGCTATCCTGTACC-1",0
"GATGCTATCGGCGCTA-1",4
"GATTCAGAGAAACCTA-1",1
"GATTCAGAGAGTGACC-1",2
"GATTCAGAGATTACCC-1",3
"GATTCAGAGGGTCGAT-1",2
"GATTCAGAGGTCGGAT-1",2
"GATTCAGAGTCAATAG-1",3
"GATTCAGCAAGTTGTC-1",10
"GATTCAGCAATTCCTT-1",2
"GATTCAGCAGGGTACA-1",0
"GATTCAGCATCGACGC-1",2
"GATTCAGCATTATCTC-1",2
"GATTCAGGTAAATACG-1",0
"GATTCAGTCAACTCTT-1",4
"GCAAACTAGATGTTAG-1",0
"GCAAACTAGTCATGCT-1",3
"GCAAACTAGTCTCAAC-1",4
"GCAAACTCACAGGTTT-1",0
"GCAAACTGTCAGATAA-1",0
"GCAAACTGTCTCCATC-1",1
"GCAAACTTCGTGGTCG-1",4
"GCAATCAAGGGATCTG-1",0
"GCAATCAAGTATCTCG-1",0
"GCAATCAAGTGGGTTG-1",0
"GCAATCACAGCTTAAC-1",1
"GCAATCACATGTCGAT-1",2
"GCAATCACATTCCTCG-1",1
"GCAATCAGTAGGAGTC-1",1
"GCAATCAGTATAATGG-1",4
"GCAATCAGTTCTCATT-1",1
"GCAATCAGTTCTGGTA-1",4
"GCACATAAGAGCTATA-1",6
"GCACATAAGATGTTAG-1",7
"GCACATAAGCCTTGAT-1",1
"GCACATAAGGAGTACC-1",2
"GCACATAAGTGAAGTT-1",1
"GCACATACACCACGTG-1",0
"GCACATACAGCTGTAT-1",1
"GCACATACAGGAACGT-1",3
"GCACATAGTCATCGGC-1",1
"GCACATAGTCCGAATT-1",1
"GCACATAGTCTCTTTA-1",0
"GCACATAGTGCGCTTG-1",3
"GCACATATCACCTCGT-1",2
"GCACATATCTGGTTCC-1",1
"GCACTCTCAAGACACG-1",2
"GCACTCTCAATCACAC-1",9
"GCACTCTCATTTCAGG-1",1
"GCACTCTGTAAACCTC-1",1
"GCACTCTGTACCAGTT-1",3
"GCACTCTGTAGAAAGG-1",2
"GCACTCTGTCGAACAG-1",2
"GCACTCTGTCTAGGTT-1",3
"GCACTCTTCAACTCTT-1",1
"GCACTCTTCCCTAATT-1",0
"GCACTCTTCTGCCCTA-1",0
"GCAGCCAAGCTGATAA-1",2
"GCAGCCACATGAGCGA-1",1
"GCAGCCAGTAATCGTC-1",0
"GCAGCCAGTGTCGCTG-1",6
"GCAGCCATCAGTTGAC-1",2
"GCAGCCATCCCAACGG-1",1
"GCAGCCATCCGTACAA-1",2
"GCAGTTAAGTCCATAC-1",2
"GCAGTTAAGTCCGTAT-1",2
"GCAGTTAAGTTAACGA-1",9
"GCAGTTAGTGGACGAT-1",0
"GCAGTTAGTTATTCTC-1",4
"GCAGTTATCGCGATCG-1",1
"GCATACAAGATCTGCT-1",5
"GCATACAAGCAACGGT-1",1
"GCATACACAACGCACC-1",1
"GCATACACAAGGACTG-1",0
"GCATACACAAGTCTGT-1",2
"GCATACACAGTCAGCC-1",2
"GCATACACATCCTAGA-1",1
"GCATACACATCGGAAG-1",0
"GCATACAGTCCGAACC-1",2
"GCATACAGTTCTGGTA-1",1
"GCATACATCCACGACG-1",1
"GCATGATAGAATGTTG-1",2
"GCATGATAGAGTAATC-1",0
"GCATGATAGCTGATAA-1",1
"GCATGATAGGACCACA-1",4
"GCATGATAGGCTAGCA-1",0
"GCATGATAGTCAAGCG-1",2
"GCATGATAGTGGAGAA-1",7
"GCATGATCACACCGAC-1",2
"GCATGATCACATTTCT-1",1
"GCATGATGTCCCTACT-1",0
"GCATGATGTTGCGCAC-1",4
"GCATGATTCGTGGACC-1",2
"GCATGCGAGCATGGCA-1",5
"GCATGCGAGTCCAGGA-1",1
"GCATGCGCACTGCCAG-1",0
"GCATGCGGTAAGGATT-1",2
"GCATGCGGTCCTCTTG-1",1
"GCATGCGGTGTGAAAT-1",3
"GCATGCGTCCGCGGTA-1",3
"GCATGTAAGAACTGTA-1",5
"GCATGTAAGACAGACC-1",2
"GCATGTAAGTACTTGC-1",1
"GCATGTAAGTGCAAGC-1",1
"GCATGTACAACACGCC-1",3
"GCATGTATCACGAAGG-1",0
"GCCAAATCAAACTGTC-1",3
"GCCAAATCAAGGGTCA-1",1
"GCCAAATCAAGTTCTG-1",3
"GCCAAATCAGCCACCA-1",1
"GCCAAATCATAACCTG-1",3
"GCCAAATGTATAAACG-1",2
"GCCAAATGTGTTTGGT-1",4
"GCCAAATGTTTCGCTC-1",1
"GCCAAATTCAGGTAAA-1",0
"GCCAAATTCCGAGCCA-1",0
"GCCAAATTCCGCGGTA-1",1
"GCCAAATTCGGCTACG-1",0
"GCCTCTAAGAGTACCG-1",1
"GCCTCTAAGCCATCGC-1",0
"GCCTCTAAGCCGCCTA-1",2
"GCCTCTAAGCGATAGC-1",0
"GCCTCTAAGCTGCAAG-1",4
"GCCTCTAAGCTTCGCG-1",2
"GCCTCTAAGTCACGCC-1",1
"GCCTCTACAAGACGTG-1",4
"GCCTCTACAGCTATTG-1",1
"GCCTCTAGTAAGGATT-1",5
"GCCTCTAGTGATGATA-1",2
"GCCTCTAGTTAAGGGC-1",0
"GCCTCTATCAGCGACC-1",0
"GCCTCTATCCGATATG-1",0
"GCCTCTATCGAATCCA-1",3
"GCCTCTATCGAGCCCA-1",3
"GCCTCTATCGCTGATA-1",0
"GCCTCTATCTTTAGGG-1",2
"GCGACCAAGAGGTTAT-1",2
"GCGACCACACTTACGA-1",1
"GCGACCAGTCAGGACA-1",0
"GCGACCAGTCTAGAGG-1",6
"GCGACCATCAACGGGA-1",3
"GCGACCATCCCGGATG-1",1
"GCGACCATCTACTCAT-1",0
"GCGAGAAAGGTTCCTA-1",1
"GCGAGAAAGTACGATA-1",1
"GCGAGAAAGTGTCTCA-1",5
"GCGAGAACAAGCCCAC-1",1
"GCGAGAACACTGAAGG-1",5
"GCGAGAAGTAGCGCTC-1",1
"GCGAGAAGTCCCTACT-1",3
"GCGAGAATCCTTTCGG-1",0
"GCGAGAATCGAGAGCA-1",1
"GCGAGAATCGCACTCT-1",2
"GCGCAACAGTCCTCCT-1",0
"GCGCAACAGTGTACGG-1",1
"GCGCAACCAAGTCTGT-1",1
"GCGCAACCAGCCACCA-1",0
"GCGCAACGTAGCGCTC-1",0
"GCGCAACGTCCCTTGT-1",3
"GCGCAACGTCCTAGCG-1",2
"GCGCAACGTCGACTAT-1",1
"GCGCAACGTCTAGAGG-1",2
"GCGCAACGTGCACGAA-1",4
"GCGCAACTCAATACCG-1",3
"GCGCAGTCACATCCAA-1",4
"GCGCAGTCATTACCTT-1",0
"GCGCAGTGTTAGGGTG-1",0
"GCGCAGTTCGATCCCT-1",2
"GCGCAGTTCGCGGATC-1",1
"GCGCCAAAGACATAAC-1",1
"GCGCCAAAGGACAGCT-1",2
"GCGCCAAAGGCCCTTG-1",1
"GCGCCAAAGGGCTTCC-1",0
"GCGCCAAAGGTACTCT-1",1
"GCGCCAACATAACCTG-1",1
"GCGCCAACATTGGGCC-1",1
"GCGCCAAGTACTTGAC-1",1
"GCGCCAAGTCGGCACT-1",1
"GCGCCAAGTGAAAGAG-1",4
"GCGCCAAGTTGTACAC-1",1
"GCGCCAATCCGTTGCT-1",0
"GCGCGATAGAAGGTTT-1",2
"GCGCGATAGCAGGTCA-1",1
"GCGCGATAGTGAATTG-1",2
"GCGCGATAGTTTGCGT-1",1
"GCGCGATCAGCTCGAC-1",1
"GCGCGATGTAAGTAGT-1",3
"GCGCGATGTATCACCA-1",1
"GCGCGATGTCACTTCC-1",3
"GCGCGATGTTACCAGT-1",3
"GCGCGATTCAGTTAGC-1",0
"GCGCGATTCGTTTAGG-1",1
"GCGGGTTAGAAACGAG-1",1
"GCGGGTTAGCTATGCT-1",0
"GCGGGTTAGTGTGAAT-1",3
"GCGGGTTCACGCGAAA-1",2
"GCGGGTTCAGGCAGTA-1",1
"GCGGGTTCAGTAACGG-1",1
"GCGGGTTGTGAGTATA-1",0
"GCGGGTTGTGGCGAAT-1",2
"GCGGGTTTCCAAAGTC-1",3
"GCGGGTTTCCTTTCTC-1",1
"GCGGGTTTCTCCAACC-1",3
"GCGGGTTTCTTGAGGT-1",0
"GCGGGTTTCTTGTATC-1",1
"GCTCCTACAAACTGTC-1",3
"GCTCCTACACCAGGTC-1",4
"GCTCCTACACCGATAT-1",3
"GCTCCTACAGGGTACA-1",1
"GCTCCTACATTAGCCA-1",3
"GCTCCTAGTCAGGACA-1",1
"GCTCCTAGTCCGTCAG-1",2
"GCTCCTATCAGCCTAA-1",0
"GCTCCTATCCCTAATT-1",1
"GCTCTGTAGAGGTAGA-1",2
"GCTCTGTAGCTGAACG-1",1
"GCTCTGTAGGAGTCTG-1",2
"GCTCTGTAGTGCTGCC-1",0
"GCTCTGTAGTGGACGT-1",1
"GCTCTGTTCACCTCGT-1",4
"GCTGCAGAGCGTGAGT-1",0
"GCTGCAGAGTCAAGCG-1",0
"GCTGCAGAGTCCCACG-1",1
"GCTGCAGCAATTGCTG-1",3
"GCTGCAGCATGCCCGA-1",1
"GCTGCAGCATGCCTAA-1",0
"GCTGCAGGTAAACCTC-1",2
"GCTGCAGGTACGAAAT-1",4
"GCTGCAGGTAGCGCAA-1",3
"GCTGCAGGTCACCCAG-1",2
"GCTGCAGGTCATGCCG-1",3
"GCTGCGAAGGAATGGA-1",6
"GCTGCGAGTCTAACGT-1",2
"GCTGCGAGTGTTTGGT-1",3
"GCTGCGATCTCCTATA-1",1
"GCTGCGATCTTGTTTG-1",2
"GCTGCTTAGAATTGTG-1",3
"GCTGCTTAGGCAATTA-1",0
"GCTGCTTCATCACGTA-1",4
"GCTGCTTCATCCAACA-1",2
"GCTGCTTCATGCCTAA-1",2
"GCTGCTTCATGGTCAT-1",1
"GCTGCTTGTAACGACG-1",0
"GCTGCTTGTAATCGTC-1",1
"GCTGCTTGTAGGGACT-1",2
"GCTGCTTGTGAAAGAG-1",0
"GCTGCTTTCCGGGTGT-1",1
"GCTGGGTAGACCCACC-1",0
"GCTGGGTAGCCACGCT-1",0
"GCTGGGTAGTCGCCGT-1",0
"GCTGGGTAGTCTCAAC-1",0
"GCTGGGTCACGGCTAC-1",0
"GCTGGGTCAGCCAATT-1",0
"GCTGGGTGTACAGTTC-1",3
"GCTGGGTGTACCGTTA-1",1
"GCTGGGTGTCGAGTTT-1",1
"GCTGGGTGTCTCCACT-1",0
"GCTGGGTGTGCCTGTG-1",3
"GCTGGGTTCAGCTTAG-1",0
"GCTGGGTTCCTTAATC-1",0
"GCTTCCAAGAAACCTA-1",2
"GCTTCCACACCACCAG-1",1
"GCTTCCACAGGTCGTC-1",1
"GCTTCCACAGTGAGTG-1",2
"GCTTCCAGTATAGGTA-1",1
"GCTTCCAGTTCAGCGC-1",2
"GCTTCCATCGTCCAGG-1",0
"GCTTGAAAGATGGCGT-1",2
"GCTTGAAAGCCGTCGT-1",3
"GCTTGAACAAACCTAC-1",3
"GCTTGAACACGGTGTC-1",0
"GCTTGAACATCGGAAG-1",5
"GCTTGAAGTGCGGTAA-1",5
"GCTTGAAGTTCTCATT-1",0
"GCTTGAATCAGGATCT-1",0
"GGAAAGCAGGCAGGTT-1",0
"GGAAAGCCAAACGCGA-1",1
"GGAAAGCCAAGTACCT-1",2
"GGAAAGCGTAAGCACG-1",0
"GGAAAGCGTCCTCCAT-1",2
"GGAAAGCGTCGCGTGT-1",0
"GGAAAGCGTGCTTCTC-1",1
"GGAAAGCTCCAGAGGA-1",0
"GGAACTTAGAGTAAGG-1",4
"GGAACTTCAATGTAAG-1",1
"GGAACTTCACAGGAGT-1",1
"GGAACTTCACCTCGTT-1",0
"GGAACTTGTCTCTTTA-1",5
"GGAACTTTCATTGCCC-1",1
"GGAACTTTCATTTGGG-1",1
"GGAACTTTCCGTCATC-1",1
"GGAACTTTCCTCAACC-1",1
"GGAACTTTCGGATGTT-1",0
"GGAATAAAGGTACTCT-1",3
"GGAATAAAGTGTCCAT-1",1
"GGAATAACAGCGTCCA-1",1
"GGAATAAGTCTGGTCG-1",1
"GGAATAAGTGCAGGTA-1",5
"GGAATAATCAGCACAT-1",2
"GGAATAATCTTTACGT-1",0
"GGACAAGAGGTACTCT-1",1
"GGACAAGCAACGATGG-1",0
"GGACAAGCAGTCGTGC-1",1
"GGACAAGCATGGGACA-1",2
"GGACAAGGTATAAACG-1",2
"GGACAAGGTATGAAAC-1",2
"GGACAAGGTCGGCATC-1",0
"GGACAAGGTTATGCGT-1",5
"GGACAAGTCTAACGGT-1",2
"GGACAGAAGCTAGTCT-1",2
"GGACAGAAGTACTTGC-1",3
"GGACAGACAACACGCC-1",2
"GGACAGACACAAGCCC-1",0
"GGACAGAGTAAGTGGC-1",2
"GGACAGAGTCTTTCAT-1",1
"GGACAGAGTGAGGGAG-1",4
"GGACAGAGTTCCACAA-1",1
"GGACAGATCAACGCTA-1",3
"GGACATTAGAGGGCTT-1",2
"GGACATTAGCCACGTC-1",1
"GGACATTCAAACGCGA-1",1
"GGACATTCAATGACCT-1",3
"GGACATTCACCAGCAC-1",1
"GGACATTGTTCTGGTA-1",6
"GGACATTTCCTCTAGC-1",3
"GGACGTCAGTACTTGC-1",0
"GGACGTCAGTGGTAAT-1",0
"GGACGTCCACAGTCGC-1",5
"GGACGTCGTGAGGGAG-1",4
"GGACGTCGTGGCGAAT-1",3
"GGACGTCGTTACGGAG-1",3
"GGACGTCGTTTAAGCC-1",0
"GGACGTCTCCACTCCA-1",1
"GGACGTCTCGCAAACT-1",1
"GGACGTCTCTCCAGGG-1",1
"GGACGTCTCTCGAGTA-1",0
"GGACGTCTCTGGTGTA-1",0
"GGACGTCTCTTCGAGA-1",2
"GGAGCAAAGAACTCGG-1",1
"GGAGCAAAGACTGTAA-1",0
"GGAGCAAAGCCGCCTA-1",3
"GGAGCAAAGCTAAACA-1",0
"GGAGCAAAGTACGCCC-1",0
"GGAGCAACAAGCTGTT-1",5
"GGAGCAACAATGGACG-1",1
"GGAGCAACAATTCCTT-1",2
"GGAGCAACATGCTGGC-1",2
"GGAGCAAGTGAGTATA-1",1
"GGAGCAAGTTACTGAC-1",0
"GGAGCAATCAAGATCC-1",2
"GGAGCAATCCCATTTA-1",3
"GGATGTTCAAACTGTC-1",2
"GGATGTTTCATCACCC-1",2
"GGATGTTTCATGCATG-1",3
"GGATGTTTCCTACAGA-1",3
"GGATGTTTCCTCTAGC-1",0
"GGATTACAGATCCCAT-1",0
"GGATTACAGCTTCGCG-1",1
"GGATTACAGGCTAGCA-1",6
"GGATTACAGTATCTCG-1",1
"GGATTACCAAGCGTAG-1",1
"GGATTACCACATCCGG-1",0
"GGATTACCAGCGTAAG-1",2
"GGATTACGTAATAGCA-1",3
"GGATTACGTACACCGC-1",3
"GGATTACGTCTCTTTA-1",0
"GGATTACGTTGAGGTG-1",2
"GGATTACTCGCGCCAA-1",3
"GGATTACTCGGCGCAT-1",0
"GGATTACTCTGCCCTA-1",2
"GGCAATTCAATCGGTT-1",4
"GGCAATTCACGGCGTT-1",3
"GGCAATTCATCACCCT-1",1
"GGCAATTGTCGATTGT-1",1
"GGCAATTTCACTTACT-1",1
"GGCAATTTCAGCACAT-1",1
"GGCAATTTCTCCGGTT-1",4
"GGCCGATAGTGTCTCA-1",2
"GGCCGATCACGGACAA-1",0
"GGCCGATGTAGGACAC-1",2
"GGCCGATGTCACTGGC-1",3
"GGCCGATGTCCCTACT-1",3
"GGCCGATTCACCGTAA-1",1
"GGCCGATTCCGCGCAA-1",0
"GGCGACTAGAGCTGGT-1",0
"GGCGACTAGGACCACA-1",2
"GGCGACTAGGTTACCT-1",1
"GGCGACTCAAAGCGGT-1",1
"GGCGACTCAAGAGTCG-1",1
"GGCGACTCACCAGGTC-1",1
"GGCGACTCATTGTGCA-1",2
"GGCGACTTCAGAAATG-1",0
"GGCGACTTCAGAGACG-1",4
"GGCGACTTCCAGATCA-1",3
"GGCGACTTCTCTAGGA-1",0
"GGCGTGTAGCTAGCCC-1",1
"GGCGTGTAGGGTATCG-1",2
"GGCGTGTCAGGTCCAC-1",1
"GGCGTGTCAGTATAAG-1",1
"GGCGTGTCATCGTCGG-1",0
"GGCGTGTCATGGAATA-1",1
"GGCGTGTGTCTCCCTA-1",0
"GGCGTGTTCTTGAGGT-1",3
"GGCTCGAAGCCGTCGT-1",1
"GGCTCGAAGGTAAACT-1",1
"GGCTCGACAAGAAGAG-1",4
"GGCTCGACAATAGCAA-1",0
"GGCTCGACATGGTCAT-1",4
"GGCTCGAGTATATCCG-1",2
"GGCTCGAGTTACGTCA-1",0
"GGCTCGAGTTAGGGTG-1",0
"GGCTCGATCTGCAAGT-1",0
"GGCTGGTAGAAGAAGC-1",1
"GGCTGGTAGACCCACC-1",4
"GGCTGGTCAAGGACAC-1",0
"GGCTGGTCACTGCCAG-1",3
"GGCTGGTCATTTCAGG-1",1
"GGCTGGTGTATTCTCT-1",1
"GGCTGGTGTCGCATCG-1",0
"GGCTGGTGTCTAGTGT-1",1
"GGCTGGTGTTATGCGT-1",1
"GGGAATGAGCGTTGCC-1",0
"GGGAATGAGTAGGTGC-1",1
"GGGAATGGTAAGGGAA-1",4
"GGGAATGTCAACGAAA-1",0
"GGGAATGTCCAGTATG-1",0
"GGGAATGTCCGGGTGT-1",2
"GGGACCTAGATGTAAC-1",1
"GGGACCTAGTCTTGCA-1",4
"GGGACCTCAATCAGAA-1",2
"GGGACCTCACTGAAGG-1",1
"GGGAGATAGTACGACG-1",4
"GGGAGATCAAAGTGCG-1",0
"GGGAGATCAAATCCGT-1",1
"GGGAGATCAAGGACTG-1",1
"GGGAGATCACGCGAAA-1",1
"GGGAGATGTAGCGCAA-1",1
"GGGAGATTCAACGGGA-1",5
"GGGAGATTCATCACCC-1",0
"GGGATGAAGTGACATA-1",0
"GGGATGACATCATCCC-1",0
"GGGATGAGTCACCCAG-1",0
"GGGATGAGTGGAAAGA-1",0
"GGGATGAGTTACGACT-1",0
"GGGATGAGTTGGTAAA-1",1
"GGGATGATCAGTTAGC-1",2
"GGGATGATCTATCCTA-1",2
"GGGATGATCTTTAGGG-1",1
"GGGCACTAGTCTCGGC-1",1
"GGGCACTCATCTCCCA-1",1
"GGGCACTTCACCTCGT-1",1
"GGGCACTTCTGAGGGA-1",6
"GGGCATCCAATGTAAG-1",2
"GGGCATCCAGTCTTCC-1",5
"GGGCATCGTGGCGAAT-1",1
"GGGCATCTCACAGTAC-1",3
"GGGCATCTCCCTTGTG-1",1
"GGGCATCTCCGGCACA-1",0
"GGGCATCTCTGTCCGT-1",2
"GGGCATCTCTTATCTG-1",3
"GGGTCTGAGAAGATTC-1",2
"GGGTCTGAGATCCCGC-1",2
"GGGTCTGAGCCAACAG-1",0
"GGGTCTGCACAGGCCT-1",3
"GGGTCTGCACCAGGTC-1",0
"GGGTCTGGTCTGGTCG-1",1
"GGGTCTGGTGATGATA-1",1
"GGGTCTGGTGTGACCC-1",0
"GGGTCTGTCAACTCTT-1",2
"GGGTCTGTCACTCCTG-1",0
"GGGTCTGTCCGTAGTA-1",0
"GGGTTGCAGACAGAGA-1",0
"GGGTTGCAGACCTTTG-1",1
"GGGTTGCAGATCGATA-1",1
"GGGTTGCAGGGTGTTG-1",7
"GGGTTGCAGGTGGGTT-1",0
"GGGTTGCCAATAACGA-1",0
"GGGTTGCCACGCCAGT-1",2
"GGGTTGCCATTAACCG-1",2
"GGGTTGCGTACATCCA-1",1
"GGGTTGCGTAGCGCAA-1",2
"GGGTTGCGTCCTCCAT-1",0
"GGGTTGCGTCGAGTTT-1",4
"GGGTTGCGTGAGTATA-1",5
"GGGTTGCGTGTGACCC-1",2
"GGGTTGCTCGTACCGG-1",4
"GGTATTGAGCACCGTC-1",1
"GGTATTGAGCTATGCT-1",6
"GGTATTGCACATCCAA-1",1
"GGTATTGCAGCTTCGG-1",1
"GGTATTGGTTCCGTCT-1",1
"GGTATTGTCAGAAATG-1",4
"GGTATTGTCCATTCTA-1",2
"GGTATTGTCGCCAGCA-1",1
"GGTGAAGAGACACGAC-1",1
"GGTGAAGAGATCCGAG-1",1
"GGTGAAGCAAGGTGTG-1",3
"GGTGAAGCACTCGACG-1",1
"GGTGAAGCAGTATGCT-1",2
"GGTGAAGGTATGAAAC-1",1
"GGTGAAGGTCAGAATA-1",0
"GGTGAAGGTGGTACAG-1",0
"GGTGAAGGTGTATGGG-1",2
"GGTGAAGGTGTCTGAT-1",4
"GGTGAAGGTGTGGTTT-1",1
"GGTGAAGGTGTGTGCC-1",3
"GGTGAAGTCACGATGT-1",1
"GGTGAAGTCACTCTTA-1",1
"GGTGAAGTCTGGCGTG-1",0
"GGTGCGTAGGTGATTA-1",1
"GGTGCGTAGTACGATA-1",0
"GGTGCGTCACTTAAGC-1",1
"GGTGCGTCAGCTGTAT-1",1
"GGTGCGTGTTCGTTGA-1",0
"GGTGCGTTCCGTACAA-1",5
"GGTGCGTTCTTGACGA-1",2
"GGTGTTAAGGGCTCTC-1",1
"GGTGTTAAGTAGCGGT-1",1
"GGTGTTAAGTGGGATC-1",1
"GGTGTTAAGTTATCGC-1",0
"GGTGTTACAAATCCGT-1",1
"GGTGTTACACGGATAG-1",0
"GGTGTTAGTAATCACC-1",1
"GGTGTTAGTAGCAAAT-1",1
"GGTGTTAGTGTATGGG-1",3
"GGTGTTAGTTGAACTC-1",0
"GGTGTTATCGGACAAG-1",3
"GGTGTTATCGGTGTTA-1",1
"GGTGTTATCTACTTAC-1",2
"GTAACGTAGGTGACCA-1",2
"GTAACGTCACAGGCCT-1",0
"GTAACGTGTACCATCA-1",1
"GTAACGTGTGAGTATA-1",2
"GTAACGTGTTACGGAG-1",0
"GTAACGTGTTAGGGTG-1",1
"GTAACGTTCGGTCCGA-1",0
"GTAACGTTCTCATTCA-1",3
"GTAACTGAGTGGGTTG-1",2
"GTAACTGCAATGGAAT-1",5
"GTAACTGCACAGGCCT-1",2
"GTAACTGCAGGATCGA-1",1
"GTAACTGCATCGGGTC-1",2
"GTAACTGGTATTACCG-1",2
"GTAACTGTCACGGTTA-1",0
"GTAACTGTCTACTATC-1",0
"GTACGTAAGGTGCTTT-1",1
"GTACGTACAGGAATGC-1",2
"GTACGTACATGGATGG-1",0
"GTACGTAGTGAGTGAC-1",2
"GTACGTAGTTGGTAAA-1",1
"GTACGTATCACCTCGT-1",0
"GTACGTATCATCGGAT-1",0
"GTACGTATCCACTGGG-1",7
"GTACTCCAGGCAGTCA-1",2
"GTACTCCCAATAGCGG-1",5
"GTACTCCCACAGGTTT-1",3
"GTACTCCTCACCTTAT-1",5
"GTACTCCTCATTGCCC-1",0
"GTACTCCTCCTTCAAT-1",1
"GTACTTTCAGTTAACC-1",5
"GTACTTTCATGTCGAT-1",0
"GTACTTTTCCGAAGAG-1",2
"GTAGGCCAGCAATCTC-1",1
"GTAGGCCCATTCGACA-1",2
"GTAGGCCGTAACGCGA-1",0
"GTAGGCCGTAAGGGCT-1",2
"GTAGGCCGTACGACCC-1",1
"GTAGGCCGTTCAGGCC-1",4
"GTAGGCCGTTGATTGC-1",1
"GTAGGCCTCAGCACAT-1",1
"GTAGTCAAGAATGTGT-1",0
"GTAGTCAAGATGCCTT-1",1
"GTAGTCAAGGACGAAA-1",1
"GTAGTCAAGTGAAGAG-1",1
"GTAGTCATCGTCACGG-1",1
"GTAGTCATCTGAAAGA-1",1
"GTATCTTAGAAACCAT-1",3
"GTATCTTAGGCTATCT-1",3
"GTATCTTAGTTGTCGT-1",2
"GTATCTTCACACCGCA-1",0
"GTATCTTCACGAAGCA-1",2
"GTATCTTGTTCGCTAA-1",2
"GTATCTTTCATGCTCC-1",0
"GTATCTTTCATGTAGC-1",2
"GTATTCTAGAAACCAT-1",2
"GTATTCTAGACAAAGG-1",0
"GTATTCTCAAAGTCAA-1",2
"GTATTCTCAACAACCT-1",2
"GTATTCTCAACTTGAC-1",3
"GTATTCTCAATAAGCA-1",5
"GTATTCTCAGGGTTAG-1",3
"GTATTCTCATACTACG-1",2
"GTATTCTCATGGTAGG-1",0
"GTATTCTGTAGTGAAT-1",1
"GTATTCTGTCTAGAGG-1",4
"GTCAAGTCATATGCTG-1",2
"GTCAAGTCATGGTTGT-1",1
"GTCAAGTGTCAGCTAT-1",1
"GTCAAGTGTTCCACTC-1",2
"GTCACAAAGCCGATTT-1",0
"GTCACAAAGTGGAGTC-1",1
"GTCACAACAGGTGGAT-1",4
"GTCACAAGTAAACGCG-1",8
"GTCACAATCAGGATCT-1",4
"GTCACAATCAGTTGAC-1",2
"GTCACAATCATGCATG-1",0
"GTCACGGAGATCACGG-1",1
"GTCACGGCATATACCG-1",3
"GTCACGGGTGAGTGAC-1",2
"GTCACGGGTGTGGCTC-1",3
"GTCACGGTCGAGAGCA-1",1
"GTCACGGTCTACCTGC-1",5
"GTCATTTAGAGACTAT-1",3
"GTCATTTCACGTGAGA-1",2
"GTCATTTGTAGAAGGA-1",2
"GTCATTTGTCAGATAA-1",1
"GTCATTTTCCAGAGGA-1",0
"GTCCTCAAGCCCAACC-1",1
"GTCCTCAAGTAGATGT-1",0
"GTCCTCAAGTGGGCTA-1",2
"GTCCTCACAATCACAC-1",3
"GTCCTCAGTGGAAAGA-1",2
"GTCCTCATCAAAGACA-1",1
"GTCCTCATCGTCCGTT-1",0
"GTCGGGTCACTGAAGG-1",1
"GTCGGGTCACTTCGAA-1",1
"GTCGGGTCATGAAGTA-1",0
"GTCGGGTGTCTCACCT-1",5
"GTCGGGTGTGTGACGA-1",2
"GTCGGGTGTGTGTGCC-1",0
"GTCGGGTGTTACGTCA-1",1
"GTCGGGTTCTGCTGTC-1",0
"GTCGGGTTCTGTGCAA-1",0
"GTCGTAAAGAGATGAG-1",3
"GTCGTAAAGCTGCAAG-1",2
"GTCGTAAAGGCGACAT-1",1
"GTCGTAACATCACGAT-1",2
"GTCGTAAGTATCACCA-1",2
"GTCGTAATCCAAGTAC-1",0
"GTCTCGTAGACCACGA-1",1
"GTCTCGTCAGGAACGT-1",0
"GTCTCGTGTGGTAACG-1",0
"GTCTCGTGTTTGGCGC-1",4
"GTCTCGTTCACCGGGT-1",2
"GTCTCGTTCAGTGCAT-1",0
"GTCTTCGAGACAAGCC-1",4
"GTCTTCGAGGAATGGA-1",1
"GTCTTCGAGTCAAGCG-1",1
"GTCTTCGCACATGGGA-1",0
"GTCTTCGCACCAGGTC-1",2
"GTCTTCGCAGACGCAA-1",1
"GTCTTCGCATAACCTG-1",0
"GTCTTCGCATCGATGT-1",1
"GTCTTCGGTCTAGTGT-1",1
"GTCTTCGTCTCGATGA-1",1
"GTGAAGGAGAGCTGGT-1",3
"GTGAAGGAGATCGGGT-1",5
"GTGAAGGAGCCAGTTT-1",3
"GTGAAGGAGTGTTGAA-1",3
"GTGAAGGCAAAGGCGT-1",4
"GTGAAGGCACTTAAGC-1",4
"GTGAAGGCAGATTGCT-1",2
"GTGAAGGGTATATGGA-1",7
"GTGAAGGGTCTCTCTG-1",4
"GTGAAGGTCTCCTATA-1",4
"GTGCAGCAGACATAAC-1",0
"GTGCAGCAGTGGTCCC-1",0
"GTGCAGCCACATCTTT-1",1
"GTGCAGCGTGAGTATA-1",1
"GTGCAGCTCTTAGAGC-1",1
"GTGCATAAGGCATGGT-1",1
"GTGCATAGTTTGTTGG-1",2
"GTGCATATCAGAGCTT-1",1
"GTGCATATCATCATTC-1",1
"GTGCATATCTGCGTAA-1",3
"GTGCGGTAGCAATCTC-1",1
"GTGCGGTAGGACAGAA-1",0
"GTGCGGTCAAAGGTGC-1",6
"GTGCGGTGTTCAGACT-1",0
"GTGCGGTGTTCTGTTT-1",3
"GTGCGGTTCATCTGCC-1",3
"GTGCGGTTCCAGGGCT-1",0
"GTGCGGTTCGGATGGA-1",3
"GTGCGGTTCTCGTTTA-1",1
"GTGCGGTTCTGCTGTC-1",0
"GTGCTTCAGCCAGTTT-1",0
"GTGCTTCAGGATTCGG-1",2
"GTGCTTCAGTACACCT-1",0
"GTGCTTCCACTTAACG-1",3
"GTGCTTCCAGCTATTG-1",2
"GTGCTTCGTAGAGTGC-1",2
"GTGCTTCTCACAATGC-1",0
"GTGCTTCTCACTTCAT-1",4
"GTGGGTCAGACCGGAT-1",2
"GTGGGTCAGACTGTAA-1",1
"GTGGGTCAGCCGTCGT-1",1
"GTGGGTCCACCAACCG-1",1
"GTGGGTCCACCACCAG-1",3
"GTGTGCGAGACCGGAT-1",0
"GTGTGCGAGACTTGAA-1",1
"GTGTGCGCAGGTCGTC-1",0
"GTGTGCGGTGAGCGAT-1",3
"GTGTGCGTCAGTCAGT-1",2
"GTGTGCGTCCCTTGTG-1",1
"GTGTGCGTCTAACTTC-1",2
"GTGTTAGAGCACGCCT-1",5
"GTGTTAGAGGACAGAA-1",1
"GTGTTAGAGGCATGGT-1",2
"GTGTTAGAGTGGAGAA-1",1
"GTGTTAGAGTTTGCGT-1",3
"GTGTTAGCAATGGAAT-1",1
"GTGTTAGCACCACCAG-1",1
"GTGTTAGGTGCCTGGT-1",0
"GTGTTAGGTGGAAAGA-1",4
"GTGTTAGGTTCCATGA-1",1
"GTGTTAGGTTGGGACA-1",1
"GTTAAGCAGAGCTGCA-1",2
"GTTAAGCAGATAGCAT-1",0
"GTTAAGCAGCTAACAA-1",1
"GTTAAGCAGGCTACGA-1",0
"GTTAAGCAGTGTACCT-1",3
"GTTAAGCAGTTTGCGT-1",3
"GTTAAGCCATTCACTT-1",0
"GTTAAGCGTACTCGCG-1",1
"GTTAAGCGTCTAGGTT-1",1
"GTTAAGCGTGGCAAAC-1",0
"GTTAAGCGTTGCTCCT-1",0
"GTTAAGCTCCTTTCGG-1",2
"GTTACAGAGAGCTATA-1",4
"GTTACAGAGTACGATA-1",4
"GTTACAGCAGACGCCT-1",3
"GTTACAGCATCGGTTA-1",1
"GTTACAGGTATGGTTC-1",1
"GTTACAGGTCGACTGC-1",1
"GTTACAGGTCTAGGTT-1",2
"GTTCATTAGCGATGAC-1",2
"GTTCATTCATATACGC-1",0
"GTTCATTCATTGGCGC-1",2
"GTTCATTGTGCACGAA-1",0
"GTTCATTGTGTTAAGA-1",1
"GTTCATTGTTCAGTAC-1",0
"GTTCGGGAGACGACGT-1",4
"GTTCGGGAGCTAAGAT-1",1
"GTTCGGGAGTGTCTCA-1",1
"GTTCGGGGTAGGGTAC-1",2
"GTTCGGGGTGCAGGTA-1",2
"GTTCGGGTCCACGCAG-1",2
"GTTCGGGTCTACTTAC-1",1
"GTTCTCGAGACCACGA-1",1
"GTTCTCGAGCGATGAC-1",3
"GTTCTCGAGGCCATAG-1",1
"GTTCTCGCATCGGACC-1",0
"GTTCTCGGTAAGGGAA-1",3
"GTTCTCGGTAGCGTAG-1",2
"GTTCTCGGTCCGTGAC-1",4
"GTTCTCGGTGTTAAGA-1",5
"GTTCTCGTCAACGCTA-1",1
"GTTCTCGTCCTGTACC-1",2
"GTTTCTACAAACCTAC-1",2
"GTTTCTACAAGAAAGG-1",4
"GTTTCTAGTGTTGGGA-1",2
"GTTTCTATCCCAACGG-1",0
"GTTTCTATCCGTAGTA-1",3
"GTTTCTATCGGCATCG-1",2
"TAAACCGGTACTTAGC-1",2
"TAAACCGTCACTCTTA-1",0
"TAAACCGTCAGGCGAA-1",0
"TAAACCGTCCGTTGTC-1",1
"TAAACCGTCTTCCTTC-1",2
"TAAGAGACAAGTTGTC-1",4
"TAAGAGAGTATATCCG-1",5
"TAAGAGATCAATCACG-1",2
"TAAGAGATCTAACGGT-1",4
"TAAGAGATCTTTCCTC-1",6
"TAAGCGTAGTGGACGT-1",2
"TAAGCGTAGTGTCTCA-1",1
"TAAGCGTCAGCTTCGG-1",2
"TAAGCGTCAGGTGGAT-1",2
"TAAGCGTGTCCTGCTT-1",1
"TAAGCGTGTGCCTGGT-1",1
"TAAGCGTGTTGTTTGG-1",1
"TAAGCGTTCCTCATTA-1",1
"TAAGCGTTCGGCGCAT-1",1
"TAAGCGTTCTCGCATC-1",0
"TAAGTGCAGGCTAGGT-1",1
"TAAGTGCAGTAGCGGT-1",0
"TAAGTGCCAACGCACC-1",5
"TAAGTGCCATACAGCT-1",1
"TAAGTGCGTAAACACA-1",1
"TAAGTGCGTCTCACCT-1",2
"TAAGTGCGTTCAGACT-1",2
"TAAGTGCTCACCCTCA-1",0
"TAAGTGCTCACTGGGC-1",1
"TAAGTGCTCTGGCGTG-1",4
"TACACGACACCCATTC-1",1
"TACACGAGTGATAAAC-1",1
"TACACGATCTGTCTCG-1",2
"TACAGTGAGATGCGAC-1",2
"TACAGTGAGCGTTGCC-1",0
"TACAGTGAGTGTACGG-1",1
"TACAGTGCAGGAATCG-1",0
"TACAGTGCAGGTGCCT-1",3
"TACAGTGGTACTCAAC-1",0
"TACAGTGGTTGGACCC-1",1
"TACCTATAGAGCTGGT-1",0
"TACCTATAGAGTTGGC-1",0
"TACCTATAGGCTCATT-1",3
"TACCTATAGTTAGCGG-1",3
"TACCTATCAAGCTGGA-1",1
"TACCTATGTAAATGAC-1",4
"TACCTATGTAGAGTGC-1",1
"TACCTATGTCACCTAA-1",5
"TACCTATGTGTTGAGG-1",2
"TACCTATGTTAAAGAC-1",2
"TACCTATTCTATGTGG-1",2
"TACCTATTCTTCCTTC-1",3
"TACCTTAAGAGGTTGC-1",2
"TACCTTAAGTCAAGCG-1",5
"TACCTTAAGTGGTCCC-1",1
"TACCTTACAACTGGCC-1",3
"TACCTTACAAGGGTCA-1",4
"TACCTTACACTCAGGC-1",3
"TACCTTACATCTACGA-1",2
"TACCTTAGTAGCGTCC-1",0
"TACCTTAGTCTCCACT-1",4
"TACGGATAGATGGCGT-1",4
"TACGGATAGGTACTCT-1",6
"TACGGATCAGGGATTG-1",2
"TACGGATCATCACCCT-1",3
"TACGGATGTCTAGCCG-1",2
"TACGGATTCGGTGTCG-1",5
"TACGGATTCTACTATC-1",1
"TACGGGCAGGATGCGT-1",2
"TACGGGCAGGGAACGG-1",3
"TACGGGCAGTATTGGA-1",1
"TACGGGCAGTCAAGCG-1",1
"TACGGGCCAAGAAGAG-1",2
"TACGGGCCACCAGATT-1",1
"TACGGGCCATCAGTAC-1",1
"TACGGGCGTAAGGGCT-1",2
"TACGGGCGTCTGATTG-1",0
"TACGGGCGTGATGTGG-1",2
"TACGGGCTCACCTTAT-1",2
"TACGGGCTCAGCTCTC-1",1
"TACGGGCTCCACGAAT-1",3
"TACGGGCTCCTATTCA-1",3
"TACGGGCTCGGTGTTA-1",1
"TACGGTAAGATATGGT-1",1
"TACGGTAAGCCGATTT-1",6
"TACGGTAAGTCATGCT-1",1
"TACGGTAAGTGCCATT-1",3
"TACGGTACACAGGCCT-1",2
"TACGGTACATTTCAGG-1",2
"TACGGTAGTATATCCG-1",6
"TACGGTAGTCACTTCC-1",6
"TACGGTAGTGCAGGTA-1",0
"TACGGTAGTGGGTATG-1",2
"TACGGTATCGCAGGCT-1",2
"TACGGTATCGGACAAG-1",3
"TACGGTATCGTTTATC-1",1
"TACTCATAGTCACGCC-1",5
"TACTCATCAATCTACG-1",1
"TACTCATCACGGTAGA-1",3
"TACTCATCACTTCTGC-1",2
"TACTCATCATCCGTGG-1",4
"TACTCATCATGTCGAT-1",0
"TACTCATGTACAGCAG-1",4
"TACTCATGTCTTCAAG-1",2
"TACTCATTCCTTTCTC-1",0
"TACTCGCAGGCGACAT-1",2
"TACTCGCGTCAGAAGC-1",2
"TACTCGCGTCTGATTG-1",4
"TACTCGCGTGTAACGG-1",2
"TACTCGCGTTGAGTTC-1",4
"TACTCGCTCAACGGGA-1",2
"TACTCGCTCCGAATGT-1",0
"TACTTACAGACTAGGC-1",1
"TACTTACAGCTGAACG-1",1
"TACTTACAGTACACCT-1",1
"TACTTACAGTACGCCC-1",2
"TACTTACAGTGATCGG-1",2
"TACTTACCAAGCCGTC-1",8
"TACTTACCACAGGTTT-1",0
"TACTTACTCGCGTTTC-1",0
"TACTTGTAGCGATATA-1",2
"TACTTGTAGTAATCCC-1",3
"TACTTGTCAAACAACA-1",2
"TACTTGTCATGCAACT-1",0
"TACTTGTGTAGCACGA-1",2
"TACTTGTGTATAAACG-1",2
"TACTTGTGTTCCACAA-1",0
"TACTTGTTCTGCAGTA-1",3
"TAGACCAAGAGACGAA-1",3
"TAGACCAAGCCTCGTG-1",0
"TAGACCAAGTCGATAA-1",2
"TAGACCACAACACCCG-1",2
"TAGACCAGTAGATTAG-1",1
"TAGACCAGTTCATGGT-1",1
"TAGACCATCACTTCAT-1",0
"TAGACCATCGTCACGG-1",2
"TAGACCATCTCCAGGG-1",2
"TAGAGCTAGAATTCCC-1",0
"TAGAGCTAGTATTGGA-1",1
"TAGAGCTCACTGAAGG-1",3
"TAGAGCTGTACTTGAC-1",2
"TAGAGCTGTAGGGACT-1",2
"TAGAGCTGTCTAAAGA-1",3
"TAGCCGGAGACTGGGT-1",1
"TAGCCGGAGTCCCACG-1",0
"TAGCCGGAGTGACATA-1",2
"TAGCCGGCAGCAGTTT-1",0
"TAGCCGGGTACAGTGG-1",5
"TAGCCGGGTACCATCA-1",0
"TAGCCGGGTCGCGAAA-1",4
"TAGCCGGTCACGACTA-1",1
"TAGCCGGTCCAGGGCT-1",0
"TAGGCATAGAACTGTA-1",1
"TAGGCATAGCTAGGCA-1",2
"TAGGCATAGTCGTACT-1",3
"TAGGCATAGTTTAGGA-1",0
"TAGGCATCAAGCCTAT-1",0
"TAGGCATCAGACGCAA-1",0
"TAGGCATGTACGAAAT-1",4
"TAGGCATGTCCAGTTA-1",4
"TAGGCATGTTCCACTC-1",3
"TAGGCATTCCCTAACC-1",0
"TAGGCATTCGCTAGCG-1",1
"TAGGCATTCGTAGATC-1",1
"TAGGCATTCTTCATGT-1",0
"TAGTGGTAGATCACGG-1",2
"TAGTGGTAGCTGTTCA-1",0
"TAGTGGTCAGTATAAG-1",2
"TAGTGGTGTAGCGTAG-1",1
"TAGTGGTTCAGCATGT-1",0
"TAGTGGTTCGGCGCAT-1",0
"TAGTGGTTCTCAAGTG-1",2
"TAGTGGTTCTGGGCCA-1",8
"TAGTGGTTCTTTAGTC-1",2
"TAGTTGGAGATAGGAG-1",0
"TAGTTGGCAGACGCAA-1",1
"TAGTTGGCATGCGCAC-1",5
"TAGTTGGGTATGGTTC-1",1
"TAGTTGGTCCGAATGT-1",1
"TAGTTGGTCTACTCAT-1",0
"TAGTTGGTCTCTAAGG-1",5
"TAGTTGGTCTGATACG-1",1
"TATCAGGAGAGTAAGG-1",2
"TATCAGGAGATCCGAG-1",2
"TATCAGGAGCAGATCG-1",1
"TATCAGGAGGTGCTTT-1",0
"TATCAGGCAACTTGAC-1",0
"TATCAGGCACGTTGGC-1",5
"TATCAGGGTCCGTTAA-1",1
"TATCAGGGTCTGCAAT-1",1
"TATCAGGGTTAAAGAC-1",2
"TATCAGGTCAAGATCC-1",5
"TATCAGGTCCACTCCA-1",2
"TATCAGGTCGTAGGTT-1",0
"TATCTCAAGAGTTGGC-1",3
"TATCTCAAGCCACCTG-1",6
"TATCTCAAGCGTAATA-1",1
"TATCTCAAGGCTAGCA-1",1
"TATCTCAAGTGGGCTA-1",1
"TATCTCACATGTCCTC-1",1
"TATCTCAGTAACGACG-1",3
"TATCTCAGTACCTACA-1",0
"TATCTCAGTACGACCC-1",4
"TATCTCAGTCAATGTC-1",1
"TATCTCATCAAGCCTA-1",4
"TATGCCCAGAAACCGC-1",1
"TATGCCCAGGTAGCTG-1",1
"TATGCCCCAATGGAAT-1",3
"TATGCCCCACTTAACG-1",1
"TATGCCCCATGTTCCC-1",0
"TATGCCCGTAGCCTCG-1",0
"TATGCCCGTATAGGGC-1",0
"TATGCCCGTATGAAAC-1",2
"TATGCCCGTCGCCATG-1",9
"TATGCCCGTGCCTTGG-1",3
"TATGCCCGTTAAGATG-1",2
"TATGCCCGTTGGTGGA-1",0
"TATGCCCGTTTAGGAA-1",0
"TATGCCCTCGTCTGCT-1",0
"TATTACCAGAGAGCTC-1",1
"TATTACCAGCAAATCA-1",1
"TATTACCAGCCCGAAA-1",2
"TATTACCAGTATCTCG-1",0
"TATTACCCAAAGTGCG-1",0
"TATTACCCAGACAAGC-1",0
"TATTACCCAGTCAGCC-1",5
"TATTACCCATAAAGGT-1",0
"TATTACCCATCTACGA-1",3
"TATTACCGTCCAGTAT-1",0
"TCAACGAAGCCGATTT-1",0
"TCAACGAAGCGATGAC-1",1
"TCAACGAAGGCATGTG-1",1
"TCAACGAAGTAGTGCG-1",2
"TCAACGACACCAGGCT-1",2
"TCAACGACATGCCTTC-1",6
"TCAACGAGTTACCAGT-1",2
"TCAACGAGTTCCATGA-1",2
"TCAACGAGTTCTGGTA-1",2
"TCAACGATCAGTCCCT-1",0
"TCAACGATCTGTGCAA-1",0
"TCAATCTAGATCCCGC-1",1
"TCAATCTCACAAGCCC-1",0
"TCAATCTCACAGCCCA-1",3
"TCAATCTCATGACGGA-1",5
"TCAATCTCATTTGCTT-1",2
"TCAATCTGTAGTGAAT-1",2
"TCAATCTGTTAGATGA-1",2
"TCAATCTTCAGATAAG-1",1
"TCAATCTTCATGTCCC-1",1
"TCACAAGAGACTGGGT-1",3
"TCACAAGAGAGAGCTC-1",2
"TCACAAGAGGCCCTCA-1",0
"TCACAAGAGGTGGGTT-1",3
"TCACAAGAGTAGATGT-1",1
"TCACAAGCAGTATGCT-1",5
"TCACAAGCATAACCTG-1",1
"TCACAAGCATGACATC-1",1
"TCACAAGGTCAGATAA-1",3
"TCACAAGGTGTGGTTT-1",5
"TCACAAGTCATCATTC-1",2
"TCACAAGTCATGCATG-1",2
"TCACGAAAGCTCCTTC-1",3
"TCACGAAAGGTGCTTT-1",0
"TCACGAAAGTCTCGGC-1",3
"TCACGAACACAAGACG-1",1
"TCACGAACACTGTCGG-1",0
"TCACGAAGTGGTCCGT-1",1
"TCACGAAGTTGGTGGA-1",0
"TCACGAATCATGCAAC-1",4
"TCACGAATCCCGACTT-1",3
"TCACGAATCCTCGCAT-1",1
"TCACGAATCGTCACGG-1",3
"TCAGATGAGGTGCACA-1",2
"TCAGATGGTCTTGTCC-1",5
"TCAGATGGTGCCTGCA-1",1
"TCAGATGGTGCTGTAT-1",1
"TCAGATGTCAGTTTGG-1",2
"TCAGATGTCGCATGAT-1",0
"TCAGATGTCTCCTATA-1",0
"TCAGCAAAGGAGTCTG-1",1
"TCAGCAAAGGCTCATT-1",5
"TCAGCAAAGTACGACG-1",1
"TCAGCAAAGTGGCACA-1",5
"TCAGCAACACGCATCG-1",1
"TCAGCAAGTACCGGCT-1",1
"TCAGCAATCAGCGATT-1",4
"TCAGCAATCGGAAACG-1",2
"TCAGCAATCTTCAACT-1",1
"TCAGCTCAGGTGTTAA-1",2
"TCAGCTCAGTATGACA-1",2
"TCAGCTCCAATCTGCA-1",1
"TCAGCTCCACGGTTTA-1",2
"TCAGCTCGTAATAGCA-1",1
"TCAGCTCGTCCGTCAG-1",2
"TCAGCTCGTTCACGGC-1",4
"TCAGCTCTCACGATGT-1",2
"TCAGCTCTCATGCATG-1",3
"TCAGCTCTCCTAAGTG-1",1
"TCAGCTCTCTCGTATT-1",2
"TCAGGATAGACAGAGA-1",2
"TCAGGATAGATATGGT-1",1
"TCAGGATCAAACGTGG-1",3
"TCAGGATCAAGTTCTG-1",5
"TCAGGATCACGGTGTC-1",4
"TCAGGATCACTGTGTA-1",5
"TCAGGATCAGCATACT-1",0
"TCAGGATCATCTGGTA-1",5
"TCAGGATGTAAGCACG-1",4
"TCAGGATGTGGCCCTA-1",1
"TCAGGATTCCGATATG-1",2
"TCAGGATTCTCGATGA-1",1
"TCAGGTAAGATGGCGT-1",0
"TCAGGTAAGTGTTTGC-1",3
"TCAGGTACACAAGTAA-1",3
"TCAGGTACACAGAGGT-1",2
"TCAGGTACAGCTGCTG-1",4
"TCAGGTAGTAAACGCG-1",3
"TCATTACAGAAACCAT-1",0
"TCATTACAGGAGTTGC-1",1
"TCATTACAGTTGCAGG-1",2
"TCATTACCACATCCAA-1",1
"TCATTACCAGTCAGCC-1",3
"TCATTACGTACGCACC-1",0
"TCATTACGTCTAGAGG-1",1
"TCATTACGTGAAGGCT-1",3
"TCATTACGTTCTGTTT-1",3
"TCATTACTCATCGATG-1",0
"TCATTTGAGCCAGTTT-1",3
"TCATTTGCACGTCTCT-1",0
"TCATTTGCAGTTAACC-1",5
"TCATTTGTCCAGAGGA-1",1
"TCATTTGTCCCTTGCA-1",0
"TCATTTGTCCGTCAAA-1",0
"TCATTTGTCGCTAGCG-1",4
"TCATTTGTCGTACGGC-1",0
"TCATTTGTCTCTGCTG-1",1
"TCCACACCAAAGAATC-1",2
"TCCACACCACGCCAGT-1",2
"TCCACACGTACAGCAG-1",4
"TCCACACGTAGCCTAT-1",0
"TCCACACGTCATCGGC-1",2
"TCCACACGTGACCAAG-1",1
"TCCACACGTGCGAAAC-1",0
"TCCACACTCAACACCA-1",2
"TCCACACTCCAGTATG-1",3
"TCCACACTCCCATTTA-1",0
"TCCACACTCGAACTGT-1",4
"TCCCGATAGAAGAAGC-1",0
"TCCCGATAGCACAGGT-1",1
"TCCCGATAGCCGGTAA-1",2
"TCCCGATCAAGGTTCT-1",4
"TCCCGATCAGCCAATT-1",2
"TCCCGATCATCCAACA-1",3
"TCCCGATGTAAGGATT-1",1
"TCCCGATGTCAATACC-1",1
"TCCCGATTCAGAAATG-1",1
"TCCCGATTCAGTCCCT-1",2
"TCCCGATTCATCTGTT-1",2
"TCCCGATTCCCTAATT-1",5
"TCCCGATTCTGGAGCC-1",2
"TCGAGGCAGCGATGAC-1",2
"TCGAGGCAGTGTTTGC-1",1
"TCGAGGCCAAAGAATC-1",3
"TCGAGGCCAAGTTCTG-1",0
"TCGAGGCCAGTAACGG-1",1
"TCGAGGCGTATATCCG-1",0
"TCGAGGCTCGCAAGCC-1",4
"TCGAGGCTCTTGAGAC-1",3
"TCGAGGCTCTTTCCTC-1",1
"TCGCGAGAGACAAAGG-1",2
"TCGCGAGAGTGAATTG-1",2
"TCGCGAGCAAGCGTAG-1",4
"TCGCGAGCACCGAATT-1",3
"TCGCGAGCAGTAAGAT-1",0
"TCGCGAGTCCACGAAT-1",4
"TCGCGAGTCTAGCACA-1",0
"TCGCGAGTCTCTAGGA-1",3
"TCGCGAGTCTTCATGT-1",4
"TCGCGTTAGTGGGCTA-1",0
"TCGCGTTCACAGGCCT-1",3
"TCGCGTTCATCACAAC-1",2
"TCGCGTTCATCTCGCT-1",0
"TCGCGTTGTTCACCTC-1",2
"TCGCGTTTCAAGATCC-1",2
"TCGCGTTTCAGGTAAA-1",4
"TCGCGTTTCATTCACT-1",3
"TCGCGTTTCCTGTACC-1",2
"TCGCGTTTCGCCCTTA-1",4
"TCGGGACCACACATGT-1",1
"TCGGGACTCCTTGCCA-1",2
"TCGGGACTCTGCGGCA-1",0
"TCGGGACTCTTGTCAT-1",0
"TCGGTAAAGACAGGCT-1",3
"TCGGTAAAGCTCAACT-1",1
"TCGGTAACAAGCTGAG-1",0
"TCGGTAACAGGAATGC-1",2
"TCGGTAAGTATATGGA-1",0
"TCGGTAAGTCTAGTCA-1",0
"TCGGTAATCCCGGATG-1",2
"TCGTACCAGCAGGCTA-1",2
"TCGTACCAGTTTCCTT-1",2
"TCGTACCGTTTGCATG-1",2
"TCGTACCTCGGGAGTA-1",2
"TCGTAGAAGCTAACTC-1",3
"TCGTAGAAGGCGACAT-1",2
"TCGTAGAAGGGAACGG-1",1
"TCGTAGAAGTCCATAC-1",1
"TCGTAGACAATCCAAC-1",0
"TCGTAGACACTCAGGC-1",4
"TCGTAGAGTATGAATG-1",1
"TCGTAGAGTGAGCGAT-1",0
"TCGTAGAGTGTGTGCC-1",3
"TCGTAGAGTTCAACCA-1",3
"TCGTAGAGTTCCATGA-1",4
"TCGTAGATCCAAGCCG-1",1
"TCGTAGATCTTAGCCC-1",0
"TCTATTGAGCGATTCT-1",1
"TCTATTGAGTGCCATT-1",0
"TCTATTGCACATCTTT-1",5
"TCTATTGGTAAGTGTA-1",2
"TCTATTGGTCCAACTA-1",1
"TCTATTGGTCTGCCAG-1",5
"TCTATTGGTTGCTCCT-1",1
"TCTATTGTCGGCGCTA-1",0
"TCTCATAAGCTAAACA-1",2
"TCTCATAAGCTAGTCT-1",2
"TCTCATAAGTGCCATT-1",3
"TCTCATAGTACCGGCT-1",4
"TCTCATAGTGTAAGTA-1",3
"TCTCATATCAAGCCTA-1",0
"TCTCATATCACCTTAT-1",4
"TCTCATATCCTGTACC-1",1
"TCTCTAAAGACCGGAT-1",1
"TCTCTAAAGGGTGTTG-1",3
"TCTCTAACAGCCTATA-1",0
"TCTCTAAGTCCAGTAT-1",2
"TCTCTAAGTCCATGAT-1",1
"TCTCTAAGTCTCATCC-1",0
"TCTCTAAGTGGAAAGA-1",2
"TCTCTAATCAAACCAC-1",0
"TCTCTAATCAACGCTA-1",1
"TCTCTAATCACAGGCC-1",1
"TCTCTAATCACATACG-1",1
"TCTCTAATCCGTAGGC-1",1
"TCTCTAATCGTATCAG-1",11
"TCTGAGACAAACCTAC-1",1
"TCTGAGACACGGATAG-1",1
"TCTGAGACAGAGTGTG-1",0
"TCTGAGAGTAAGGGAA-1",1
"TCTGAGATCCTTGACC-1",2
"TCTGAGATCTATCCTA-1",2
"TCTGGAAAGCGATGAC-1",3
"TCTGGAAAGCTAGTTC-1",2
"TCTGGAAAGCTCTCGG-1",1
"TCTGGAAAGGAGCGAG-1",3
"TCTGGAACACAAGACG-1",0
"TCTGGAACACACTGCG-1",2
"TCTGGAACACTTCTGC-1",7
"TCTGGAAGTGAGTATA-1",3
"TCTGGAATCTGTCTAT-1",3
"TCTTCGGAGGTTCCTA-1",1
"TCTTCGGAGTTCGATC-1",1
"TCTTCGGCAAAGCAAT-1",2
"TCTTCGGCAAAGGTGC-1",3
"TCTTCGGCAATAGCAA-1",4
"TCTTCGGCAATGTAAG-1",2
"TCTTCGGCACACCGAC-1",0
"TCTTCGGCAGCCAATT-1",0
"TCTTCGGGTCATTAGC-1",1
"TCTTCGGTCGTAGGTT-1",1
"TCTTCGGTCTCTAAGG-1",2
"TCTTTCCAGAGAGCTC-1",3
"TCTTTCCAGTCATCCA-1",0
"TCTTTCCCATCTCCCA-1",2
"TCTTTCCGTAATCACC-1",3
"TCTTTCCGTAGTACCT-1",2
"TCTTTCCTCACAACGT-1",0
"TCTTTCCTCAGCTGGC-1",3
"TCTTTCCTCCAAGTAC-1",3
"TCTTTCCTCCTCGCAT-1",2
"TGAAAGAAGCTAAGAT-1",8
"TGAAAGACAAGCCGTC-1",3
"TGAAAGACACATTCGA-1",0
"TGAAAGACATGAGCGA-1",2
"TGAAAGAGTCTAGCGC-1",1
"TGAAAGAGTCTCATCC-1",3
"TGAAAGATCCCGACTT-1",2
"TGAAAGATCTATGTGG-1",3
"TGACAACCAAGCGAGT-1",0
"TGACAACGTAGGGACT-1",3
"TGACAACGTGCGCTTG-1",2
"TGACAACGTGGTTTCA-1",0
"TGACAACTCACAAACC-1",2
"TGACAACTCCACGTGG-1",2
"TGACAACTCGAATGCT-1",4
"TGACGGCAGCGCCTCA-1",1
"TGACGGCAGGCTCAGA-1",4
"TGACGGCAGTCAAGCG-1",0
"TGACGGCCACAGACTT-1",0
"TGACGGCGTCATCCCT-1",2
"TGACGGCTCAGGCGAA-1",1
"TGACGGCTCCACTGGG-1",0
"TGACTAGAGACCCACC-1",1
"TGACTAGAGGGCATGT-1",3
"TGACTAGAGTCTCAAC-1",2
"TGACTAGAGTTGAGAT-1",3
"TGACTAGCAGCATACT-1",3
"TGACTAGCAGTCAGAG-1",1
"TGACTAGCATTTCACT-1",3
"TGACTAGGTAAATACG-1",1
"TGACTAGGTGAAAGAG-1",0
"TGACTAGGTGCAGTAG-1",3
"TGACTAGTCATGCATG-1",0
"TGACTAGTCCATGCTC-1",0
"TGACTAGTCTGTTGAG-1",6
"TGACTTTAGAACAATC-1",2
"TGACTTTAGTCTCGGC-1",2
"TGACTTTAGTTAGGTA-1",2
"TGACTTTCAGTCCTTC-1",0
"TGACTTTCATTATCTC-1",1
"TGACTTTGTCACACGC-1",5
"TGACTTTTCCTCAATT-1",0
"TGACTTTTCTGCCCTA-1",0
"TGAGAGGAGGCTCATT-1",1
"TGAGAGGCAAAGTCAA-1",1
"TGAGAGGCAAGCCATT-1",3
"TGAGAGGCACCATGTA-1",2
"TGAGAGGGTCACTGGC-1",2
"TGAGAGGGTCTAAACC-1",1
"TGAGAGGTCGAACTGT-1",5
"TGAGAGGTCGCGTTTC-1",4
"TGAGAGGTCTGACCTC-1",3
"TGAGCATAGAAACGAG-1",4
"TGAGCATAGAAGCCCA-1",0
"TGAGCATAGATGTCGG-1",2
"TGAGCATAGGAATGGA-1",1
"TGAGCATCACCAGGCT-1",4
"TGAGCATCAGATGAGC-1",1
"TGAGCATCAGCGTAAG-1",1
"TGAGCATCAGCTGTAT-1",3
"TGAGCATGTGGCCCTA-1",3
"TGAGCATTCCACGTTC-1",1
"TGAGCATTCCGATATG-1",1
"TGAGCATTCGGCCGAT-1",3
"TGAGCCGCATCGGGTC-1",1
"TGAGCCGGTCGAACAG-1",5
"TGAGCCGGTGTAATGA-1",0
"TGAGCCGGTTGATTCG-1",1
"TGAGCCGTCATCTGCC-1",1
"TGAGCCGTCGTCACGG-1",0
"TGAGCCGTCTTGAGGT-1",2
"TGAGGGAAGAGACTAT-1",0
"TGAGGGAAGGAGTACC-1",4
"TGAGGGAAGTCATCCA-1",3
"TGAGGGAAGTCATGCT-1",2
"TGAGGGACACCAGTTA-1",0
"TGAGGGACATAAGACA-1",2
"TGAGGGAGTAAACGCG-1",3
"TGAGGGAGTTAGGGTG-1",1
"TGAGGGATCAACGGGA-1",1
"TGAGGGATCTAGCACA-1",0
"TGAGGGATCTCTTATG-1",1
"TGATTTCCATCCGGGT-1",0
"TGATTTCGTAGGCATG-1",1
"TGATTTCGTTAAGACA-1",1
"TGATTTCTCTGATTCT-1",0
"TGCACCTAGACCTTTG-1",0
"TGCACCTAGGACGAAA-1",1
"TGCACCTCAAGTTGTC-1",0
"TGCACCTCAATAGAGT-1",1
"TGCACCTCATCCGGGT-1",2
"TGCACCTGTAATCACC-1",1
"TGCACCTGTCACACGC-1",4
"TGCACCTTCACGGTTA-1",3
"TGCACCTTCATCGGAT-1",3
"TGCACCTTCCGCGGTA-1",1
"TGCACCTTCGAACTGT-1",0
"TGCACCTTCTCTTGAT-1",1
"TGCCAAACAATGTAAG-1",1
"TGCCAAACAATTCCTT-1",4
"TGCCAAAGTTCGCGAC-1",1
"TGCCAAATCCAAACTG-1",7
"TGCCAAATCCCTGACT-1",0
"TGCCAAATCGGCGGTT-1",4
"TGCCCATAGACTAGGC-1",5
"TGCCCATAGCGTCAAG-1",1
"TGCCCATAGCGTGAAC-1",1
"TGCCCATAGCTGTTCA-1",0
"TGCCCATAGGATGGAA-1",2
"TGCCCATAGTACGCCC-1",4
"TGCCCATAGTTGAGTA-1",1
"TGCCCATCACCAGGTC-1",2
"TGCCCATCACGAAATA-1",3
"TGCCCATCAGGACGTA-1",1
"TGCCCATCATGGAATA-1",2
"TGCCCATCATGGATGG-1",2
"TGCCCATGTAGCCTCG-1",1
"TGCCCATTCAAACCGT-1",2
"TGCCCATTCAGGCCCA-1",4
"TGCCCATTCCTTCAAT-1",1
"TGCCCATTCGGAAATA-1",3
"TGCCCTAAGGTCGGAT-1",0
"TGCCCTAAGGTTCCTA-1",0
"TGCCCTACACCACCAG-1",2
"TGCCCTACAGCCACCA-1",1
"TGCCCTACAGTGAGTG-1",1
"TGCCCTAGTCCGAGTC-1",5
"TGCCCTAGTGGTTTCA-1",0
"TGCCCTAGTTTCGCTC-1",2
"TGCCCTATCGACGGAA-1",3
"TGCCCTATCTTCGGTC-1",2
"TGCGCAGAGACTAGGC-1",5
"TGCGCAGAGCACACAG-1",2
"TGCGCAGAGCGTCTAT-1",3
"TGCGCAGAGGAGCGAG-1",4
"TGCGCAGCAAACGTGG-1",2
"TGCGCAGCAGCTCGCA-1",1
"TGCGCAGCAGTAGAGC-1",3
"TGCGCAGTCCTACAGA-1",1
"TGCGGGTAGAGACTTA-1",4
"TGCGGGTAGATCGATA-1",1
"TGCGGGTAGCTCTCGG-1",0
"TGCGGGTAGGTGTGGT-1",2
"TGCGGGTAGTACTTGC-1",1
"TGCGGGTCAATGGAAT-1",4
"TGCGGGTCACACGCTG-1",1
"TGCGGGTCATTGGGCC-1",0
"TGCGGGTGTAGAAAGG-1",2
"TGCGGGTGTCACCTAA-1",0
"TGCGGGTGTCAGATAA-1",1
"TGCGGGTGTTAGAACA-1",1
"TGCGGGTTCAGTTCGA-1",1
"TGCGGGTTCGTAGATC-1",0
"TGCGGGTTCTCTTGAT-1",2
"TGCGTGGAGACGCAAC-1",0
"TGCGTGGAGACTGGGT-1",1
"TGCGTGGAGTGAACGC-1",0
"TGCGTGGCAATTCCTT-1",1
"TGCGTGGGTGCACCAC-1",0
"TGCGTGGTCCGCGCAA-1",0
"TGCGTGGTCGCCCTTA-1",1
"TGCGTGGTCTGGCGAC-1",0
"TGCTACCAGAAAGTGG-1",1
"TGCTACCAGATGGCGT-1",4
"TGCTACCAGCAAATCA-1",2
"TGCTACCAGTCCGTAT-1",1
"TGCTACCCAAGAGGCT-1",2
"TGCTACCCACTTAACG-1",0
"TGCTACCCATCGTCGG-1",2
"TGCTACCCATGGTTGT-1",2
"TGCTACCGTGTGACGA-1",1
"TGCTACCTCCTCGCAT-1",1
"TGCTACCTCTTCTGGC-1",3
"TGCTGCTAGACTAAGT-1",1
"TGCTGCTAGGTGATAT-1",1
"TGCTGCTCAATAGAGT-1",0
"TGCTGCTCACAGACAG-1",1
"TGCTGCTCATCCCATC-1",0
"TGCTGCTCATGGTTGT-1",3
"TGCTGCTGTCATACTG-1",0
"TGCTGCTGTGAAGGCT-1",5
"TGCTGCTTCATTGCGA-1",2
"TGGACGCAGAGGTACC-1",3
"TGGACGCAGTCAAGGC-1",1
"TGGACGCCACAGAGGT-1",2
"TGGACGCCATGGTAGG-1",1
"TGGACGCGTCCGAACC-1",2
"TGGACGCGTCTCCCTA-1",1
"TGGCCAGAGAAGGTGA-1",2
"TGGCCAGAGAGTACAT-1",1
"TGGCCAGAGGCGATAC-1",1
"TGGCCAGAGGCGTACA-1",4
"TGGCCAGCAACTGCGC-1",4
"TGGCCAGCACGACTCG-1",0
"TGGCCAGGTCAATACC-1",2
"TGGCCAGTCGTAGATC-1",4
"TGGCCAGTCTATCCCG-1",2
"TGGCGCAAGCTACCTA-1",1
"TGGCGCAAGCTATGCT-1",0
"TGGCGCAAGTGTGGCA-1",3
"TGGCGCAAGTTACCCA-1",9
"TGGCGCACACAGGCCT-1",1
"TGGCGCACACGGATAG-1",1
"TGGCGCACAGCGATCC-1",1
"TGGCGCACATAGGATA-1",0
"TGGCGCACATATACGC-1",4
"TGGCGCAGTACTCTCC-1",3
"TGGCGCAGTGGACGAT-1",3
"TGGCGCAGTTATGTGC-1",3
"TGGCGCATCAAGAAGT-1",0
"TGGCGCATCATGCTCC-1",1
"TGGCGCATCATGTGGT-1",3
"TGGCGCATCATTATCC-1",2
"TGGCGCATCGTGGTCG-1",1
"TGGCTGGAGCGGATCA-1",1
"TGGCTGGAGTGCAAGC-1",2
"TGGCTGGCAAGTTAAG-1",1
"TGGCTGGCACGGATAG-1",1
"TGGCTGGCAGGAACGT-1",2
"TGGCTGGGTCGAGTTT-1",0
"TGGCTGGGTCGGCATC-1",0
"TGGCTGGGTCTAGCCG-1",3
"TGGCTGGGTTACGCGC-1",0
"TGGCTGGGTTGGACCC-1",1
"TGGCTGGTCTCGTTTA-1",0
"TGGGAAGAGATATACG-1",2
"TGGGAAGAGCCCAATT-1",0
"TGGGAAGAGCGCTCCA-1",3
"TGGGAAGAGGGCTTCC-1",0
"TGGGAAGAGTAAGTAC-1",9
"TGGGAAGAGTTAACGA-1",1
"TGGGAAGCAAGGTGTG-1",0
"TGGGAAGCAGATCCAT-1",4
"TGGGAAGCAGCGAACA-1",1
"TGGGAAGGTAAGTTCC-1",1
"TGGGAAGGTTAGATGA-1",2
"TGGGAAGGTTATTCTC-1",1
"TGGGAAGTCCCAAGAT-1",1
"TGGGAAGTCCTTCAAT-1",3
"TGGGAAGTCGTGGACC-1",0
"TGGGAAGTCTCCTATA-1",1
"TGGGCGTAGTCTCCTC-1",1
"TGGGCGTCAGACGTAG-1",1
"TGGGCGTCAGGGATTG-1",2
"TGGGCGTGTCCAAGTT-1",0
"TGGGCGTGTCTAGAGG-1",4
"TGGGCGTGTGGCTCCA-1",2
"TGGGCGTGTTTCGCTC-1",1
"TGGGCGTTCAGCTTAG-1",0
"TGGTTAGAGCTACCTA-1",3
"TGGTTAGAGTTAGGTA-1",2
"TGGTTAGGTGATGATA-1",0
"TGGTTAGGTTCACGGC-1",1
"TGGTTAGTCCCGACTT-1",1
"TGGTTAGTCTTGTATC-1",1
"TGGTTCCAGCCGTCGT-1",0
"TGGTTCCAGTAATCCC-1",1
"TGGTTCCCAAGTTGTC-1",6
"TGGTTCCCAGACAAAT-1",3
"TGGTTCCCAGACAGGT-1",0
"TGGTTCCCAGCTCGAC-1",1
"TGGTTCCCATGTCCTC-1",2
"TGGTTCCCATTTCACT-1",0
"TGGTTCCGTCCAAGTT-1",1
"TGGTTCCTCACATACG-1",0
"TGGTTCCTCAGCTTAG-1",2
"TGGTTCCTCTAACTTC-1",3
"TGGTTCCTCTAGAGTC-1",1
"TGGTTCCTCTGGGCCA-1",1
"TGTATTCAGCCCGAAA-1",0
"TGTATTCAGCGATCCC-1",1
"TGTATTCCAGGGCATA-1",2
"TGTATTCGTAAGAGAG-1",0
"TGTATTCGTTTGTTTC-1",2
"TGTATTCTCAGCATGT-1",2
"TGTATTCTCATCTGTT-1",2
"TGTCCCAAGCAGATCG-1",1
"TGTCCCAAGCTAGTTC-1",1
"TGTCCCAAGCTGAACG-1",3
"TGTCCCAAGTTGTCGT-1",2
"TGTCCCACAGTAAGCG-1",0
"TGTCCCACATCACGTA-1",1
"TGTCCCAGTAAGAGGA-1",3
"TGTCCCAGTAAGTGGC-1",3
"TGTCCCAGTCGGATCC-1",0
"TGTCCCAGTCTCTTTA-1",0
"TGTCCCATCATTTGGG-1",4
"TGTCCCATCTGCAAGT-1",3
"TGTCCCATCTGCGTAA-1",1
"TGTGGTAGTCCCGACA-1",0
"TGTGGTAGTGTGAAAT-1",3
"TGTGGTAGTGTGACGA-1",0
"TGTGGTATCCAGGGCT-1",0
"TGTGGTATCTTGCATT-1",3
"TGTGTTTAGAGGTTAT-1",4
"TGTGTTTAGCGTGAGT-1",1
"TGTGTTTAGTGCGTGA-1",4
"TGTGTTTCATGCGCAC-1",3
"TGTGTTTTCTCATTCA-1",2
"TGTGTTTTCTTTCCTC-1",3
"TGTTCCGAGAGCAATT-1",1
"TGTTCCGAGCAACGGT-1",4
"TGTTCCGAGGAATTAC-1",5
"TGTTCCGAGGACTGGT-1",0
"TGTTCCGCAGTGAGTG-1",1
"TGTTCCGGTGAGTATA-1",2
"TGTTCCGTCAAGCCTA-1",2
"TGTTCCGTCAGTTCGA-1",4
"TGTTCCGTCGGCGGTT-1",1
"TGTTCCGTCTGAAAGA-1",0
"TGTTCCGTCTGGTATG-1",1
"TTAACTCAGTGTACGG-1",3
"TTAACTCCAAGCGCTC-1",1
"TTAACTCCAGGCAGTA-1",4
"TTAACTCGTTCCACAA-1",4
"TTAACTCTCATAAAGG-1",2
"TTAACTCTCCCTCAGT-1",1
"TTAGGACAGCAGGCTA-1",4
"TTAGGACAGCTCTCGG-1",1
"TTAGGACCAAGCCATT-1",2
"TTAGGACCAGTCAGAG-1",1
"TTAGGACGTTTGTTTC-1",1
"TTAGGCAAGAAGATTC-1",2
"TTAGGCAAGAGCCCAA-1",0
"TTAGGCAAGAGTGACC-1",1
"TTAGGCAAGGTTCCTA-1",4
"TTAGGCAAGTCGTTTG-1",2
"TTAGGCAAGTGTACCT-1",0
"TTAGGCACAGACGCTC-1",1
"TTAGGCACATGTTCCC-1",3
"TTAGGCAGTAAGGATT-1",1
"TTAGGCAGTAAGTAGT-1",1
"TTAGGCAGTCTTGATG-1",1
"TTAGGCATCACGCATA-1",2
"TTAGGCATCAGTCAGT-1",0
"TTAGGCATCCAGTATG-1",0
"TTAGGCATCGTTACGA-1",0
"TTAGTTCAGGTGCAAC-1",1
"TTAGTTCCAATGTAAG-1",0
"TTAGTTCCATCCTTGC-1",4
"TTAGTTCGTAGCCTAT-1",2
"TTAGTTCGTGCAGACA-1",0
"TTAGTTCGTGTCAATC-1",6
"TTAGTTCGTTGCCTCT-1",3
"TTAGTTCTCAGGCCCA-1",2
"TTAGTTCTCGCAGGCT-1",3
"TTAGTTCTCTACTATC-1",2
"TTATGCTAGAATGTGT-1",1
"TTATGCTAGCACACAG-1",1
"TTATGCTAGCAGCCTC-1",2
"TTATGCTAGTCCCACG-1",1
"TTATGCTAGTGGTAAT-1",1
"TTATGCTCAGCCAGAA-1",1
"TTATGCTCATACCATG-1",1
"TTATGCTCATGTAGTC-1",2
"TTATGCTGTCCGAGTC-1",1
"TTATGCTTCGATAGAA-1",0
"TTCCCAGAGAATTCCC-1",3
"TTCCCAGAGACTAGAT-1",3
"TTCCCAGAGTATCGAA-1",0
"TTCCCAGCAGATGGGT-1",1
"TTCCCAGCATCAGTAC-1",3
"TTCCCAGCATCTCCCA-1",1
"TTCCCAGCATTACCTT-1",0
"TTCCCAGTCAACACTG-1",2
"TTCCCAGTCGAGAGCA-1",2
"TTCGAAGAGTCTCAAC-1",2
"TTCGAAGCAAGCGCTC-1",3
"TTCGAAGCACATTAGC-1",3
"TTCGAAGCACGGTGTC-1",1
"TTCGGTCAGAGGACGG-1",1
"TTCGGTCAGCACACAG-1",1
"TTCGGTCAGGCCCTCA-1",2
"TTCGGTCAGTGAATTG-1",3
"TTCGGTCAGTTGAGAT-1",8
"TTCGGTCCAAGGGTCA-1",3
"TTCGGTCCACGTCAGC-1",1
"TTCGGTCGTAACGTTC-1",5
"TTCGGTCGTAGAGTGC-1",4
"TTCGGTCGTTCATGGT-1",1
"TTCGGTCGTTCTGTTT-1",2
"TTCGGTCTCAAAGACA-1",1
"TTCGGTCTCCAGTATG-1",3
"TTCGGTCTCGCGTTTC-1",2
"TTCGGTCTCGTCTGAA-1",3
"TTCTACAAGACTAAGT-1",5
"TTCTACAAGCAGCCTC-1",2
"TTCTACAAGCCTTGAT-1",2
"TTCTACAAGGCAGGTT-1",1
"TTCTACAAGGTAAACT-1",3
"TTCTACAAGTTAGGTA-1",7
"TTCTACACACGTGAGA-1",2
"TTCTACACAGCTGTTA-1",0
"TTCTACACATCGATTG-1",2
"TTCTACACATTACGAC-1",3
"TTCTACAGTACCGTTA-1",2
"TTCTACAGTATATGAG-1",3
"TTCTACAGTGGCTCCA-1",1
"TTCTACATCAACGGGA-1",2
"TTCTACATCCGCGTTT-1",2
"TTCTCAAAGAAAGTGG-1",1
"TTCTCAAAGAATCTCC-1",3
"TTCTCAAAGAGGTTAT-1",0
"TTCTCAAAGCAGCCTC-1",3
"TTCTCAAAGCCGCCTA-1",2
"TTCTCAAAGTCAATAG-1",0
"TTCTCAAAGTTGAGAT-1",6
"TTCTCAACACCCAGTG-1",1
"TTCTCAACATTGTGCA-1",2
"TTCTCAAGTATAAACG-1",3
"TTCTCAAGTCCCTTGT-1",2
"TTCTCAAGTCGAGATG-1",2
"TTCTCAATCATCGCTC-1",1
"TTCTCAATCCCTAACC-1",3
"TTCTCAATCGTAGGAG-1",2
"TTCTCCTAGAGTAAGG-1",4
"TTCTCCTAGCGACGTA-1",1
"TTCTCCTAGCGTGAGT-1",3
"TTCTCCTAGTCTCGGC-1",0
"TTCTCCTCAACACGCC-1",2
"TTCTCCTCAATAACGA-1",3
"TTCTCCTGTTAAGAAC-1",0
"TTCTCCTTCAGTTCGA-1",0
"TTCTCCTTCCGTAGGC-1",3
"TTCTCCTTCCTTTCTC-1",3
"TTCTCCTTCTGCAAGT-1",0
"TTCTCCTTCTTCAACT-1",1
"TTCTCCTTCTTGTACT-1",3
"TTCTTAGAGGACTGGT-1",1
"TTCTTAGCAAGGTGTG-1",4
"TTCTTAGCATCGGAAG-1",2
"TTCTTAGGTAGAAGGA-1",0
"TTCTTAGGTCATATGC-1",1
"TTCTTAGTCAGTTCGA-1",4
"TTGAACGGTCACTTCC-1",1
"TTGAACGTCATGTCCC-1",5
"TTGACTTAGCCACGTC-1",1
"TTGACTTAGCGACGTA-1",4
"TTGACTTAGTTAACGA-1",3
"TTGACTTCACTTACGA-1",2
"TTGACTTGTCTCTCTG-1",0
"TTGACTTGTGCGATAG-1",4
"TTGACTTTCCAGAGGA-1",5
"TTGACTTTCTGTCCGT-1",1
"TTGCCGTAGGAGCGTT-1",0
"TTGCCGTAGGTGGGTT-1",0
"TTGCCGTCATGGTCAT-1",0
"TTGCCGTGTACAGACG-1",0
"TTGCGTCAGACAGAGA-1",4
"TTGCGTCAGCTCCTTC-1",1
"TTGCGTCAGTCCATAC-1",3
"TTGCGTCAGTGAATTG-1",0
"TTGCGTCCAAATTGCC-1",2
"TTGCGTCCACTGTGTA-1",5
"TTGCGTCCAGTCACTA-1",1
"TTGCGTCGTCTGATTG-1",0
"TTGGAACAGCCCAATT-1",2
"TTGGAACAGCGTCTAT-1",7
"TTGGAACAGGCGTACA-1",1
"TTGGAACGTATTACCG-1",5
"TTGGAACGTGTGTGCC-1",2
"TTGGAACTCCCATTAT-1",0
"TTGGAACTCCGTAGTA-1",2
"TTGGAACTCGTCCAGG-1",2
"TTGGCAAAGTTAGGTA-1",6
"TTGGCAAGTATAGGTA-1",2
"TTGGCAATCACATGCA-1",1
"TTGGCAATCAGAGCTT-1",1
"TTGGCAATCGCATGAT-1",1
"TTGGCAATCTAGAGTC-1",4
"TTGTAGGAGGTGCTAG-1",4
"TTGTAGGCACACGCTG-1",1
"TTGTAGGGTCTCCCTA-1",1
"TTGTAGGGTGGTAACG-1",3
"TTGTAGGTCGGCGCTA-1",2
"TTGTAGGTCTGCCAGG-1",2
"TTTACTGAGATCACGG-1",2
"TTTACTGCAAAGCAAT-1",0
"TTTACTGCACATGGGA-1",3
"TTTACTGCACCACGTG-1",2
"TTTACTGCATGGGACA-1",0
"TTTACTGCATGTCCTC-1",2
"TTTACTGGTAACGTTC-1",1
"TTTACTGGTGGTGTAG-1",0
"TTTACTGGTTCGCTAA-1",1
"TTTACTGTCTGGAGCC-1",6
"TTTATGCAGACTGTAA-1",1
"TTTATGCAGATGCGAC-1",0
"TTTATGCAGGCAAAGA-1",1
"TTTATGCAGGCCCGTT-1",3
"TTTATGCAGTTCCACA-1",3
"TTTATGCCAAACGCGA-1",2
"TTTATGCCAATCTGCA-1",1
"TTTATGCCACAGGTTT-1",0
"TTTATGCCAGCCAATT-1",0
"TTTATGCCAGGTCGTC-1",4
"TTTATGCCATGGTCAT-1",1
"TTTATGCTCACATAGC-1",0
"TTTATGCTCACCTTAT-1",5
"TTTATGCTCGGCGGTT-1",0
"TTTATGCTCTCGCTTG-1",4
"TTTCCTCAGCGTGAAC-1",0
"TTTCCTCAGGACTGGT-1",3
"TTTCCTCCAAAGTGCG-1",1
"TTTCCTCCAGGAATGC-1",1
"TTTCCTCCATTAGCCA-1",2
"TTTCCTCGTCCGAAGA-1",1
"TTTCCTCGTCGCTTTC-1",3
"TTTCCTCTCGGCCGAT-1",1
"TTTCCTCTCGTGTAGT-1",0
"TTTGCGCAGCTAAACA-1",1
"TTTGCGCAGCTAGTCT-1",2
"TTTGCGCAGGCCGAAT-1",3
"TTTGCGCAGTCAAGGC-1",0
"TTTGCGCCAAGTAGTA-1",0
"TTTGCGCCAGGTGCCT-1",2
"TTTGCGCGTCTAAACC-1",1
"TTTGCGCTCAAAGTAG-1",1
"TTTGCGCTCATGTAGC-1",2
"TTTGGTTAGAATGTGT-1",2
"TTTGGTTAGACAATAC-1",6
"TTTGGTTAGCGATTCT-1",2
"TTTGGTTAGGCTCAGA-1",0
"TTTGGTTAGTTACCCA-1",2
"TTTGGTTCAAACTGCT-1",4
"TTTGGTTCAAGCTGTT-1",4
"TTTGGTTCAGATCGGA-1",3
"TTTGGTTCATCACAAC-1",4
"TTTGGTTGTACTTCTT-1",3
"TTTGGTTGTATGCTTG-1",1
"TTTGGTTGTGCTTCTC-1",0
"TTTGGTTTCATGCTCC-1",3
"TTTGGTTTCCCTGACT-1",1
"TTTGTCAAGAGTCGGT-1",2
"TTTGTCACAAGTTCTG-1",0
"TTTGTCACAAGTTGTC-1",1
"TTTGTCACACTCTGTC-1",2
"TTTGTCATCACCTTAT-1",2
"TTTGTCATCCATTCTA-1",3
"TTTGTCATCCTTAATC-1",3
"TTTGTCATCTTATCTG-1",3
