"cell_barcode","expression"
"AAACCTGAGACAGAGA-1",4
"AAACCTGAGACTTTCG-1",1
"AAACCTGAGAGTAAGG-1",1
"AAACCTGAGAGTCGGT-1",0
"AAACCTGAGGATGGAA-1",0
"AAACCTGAGTAGATGT-1",1
"AAACCTGCAATCAGAA-1",0
"AAACCTGCACCGATAT-1",1
"AAACCTGCAGACGTAG-1",1
"AAACCTGCAGTATCTG-1",2
"AAACCTGCATAGTAAG-1",2
"AAACCTGCATGAACCT-1",2
"AAACCTGGTAAGAGGA-1",0
"AAACCTGGTCCAACTA-1",8
"AAACCTGTCCGTAGTA-1",0
"AAACCTGTCGAGAGCA-1",4
"AAACGGGAGTACGACG-1",0
"AAACGGGCAAGGTTTC-1",0
"AAACGGGCACGTCAGC-1",2
"AAACGGGCAGCGTTCG-1",2
"AAACGGGGTAGCCTCG-1",6
"AAACGGGGTCTACCTC-1",0
"AAACGGGGTGCGGTAA-1",0
"AAACGGGGTTGTCGCG-1",2
"AAACGGGTCCATGAGT-1",2
"AAACGGGTCCCAACGG-1",0
"AAACGGGTCCCATTAT-1",1
"AAAGATGCAGTCAGCC-1",0
"AAAGATGCATCTACGA-1",1
"AAAGCAAAGCGTCTAT-1",0
"AAAGCAACATGTCGAT-1",1
"AAAGCAAGTAGCTGCC-1",0
"AAAGCAAGTAGGCATG-1",1
"AAAGCAAGTGCGCTTG-1",0
"AAAGCAAGTTATTCTC-1",0
"AAAGCAATCCGTAGTA-1",7
"AAAGTAGAGATGTGTA-1",4
"AAAGTAGAGTGGGCTA-1",3
"AAAGTAGGTATATGGA-1",1
"AAAGTAGGTGAGCGAT-1",2
"AAAGTAGGTTGAGGTG-1",1
"AAATGCCAGCCCTAAT-1",0
"AAATGCCAGCGTGTCC-1",0
"AAATGCCCAACACCTA-1",1
"AAATGCCGTAGGAGTC-1",3
"AAATGCCGTCTTTCAT-1",0
"AAATGCCGTGGTCCGT-1",0
"AAATGCCGTTCCCGAG-1",2
"AAATGCCTCATAGCAC-1",11
"AAATGCCTCGCTTAGA-1",2
"AACACGTAGAATTCCC-1",5
"AACACGTAGCCCTAAT-1",0
"AACACGTAGGGTGTGT-1",0
"AACACGTCACTGTCGG-1",0
"AACACGTCATCCCATC-1",0
"AACACGTGTGCAACGA-1",2
"AACACGTGTGTCGCTG-1",3
"AACCATGAGCGCTTAT-1",1
"AACCATGGTCCGTTAA-1",1
"AACCATGTCAGTTCGA-1",11
"AACCATGTCATCGATG-1",3
"AACCATGTCCCAAGTA-1",1
"AACCGCGAGAAGCCCA-1",2
"AACCGCGAGACTGGGT-1",1
"AACCGCGAGAGGTACC-1",0
"AACCGCGAGTTAGGTA-1",2
"AACCGCGAGTTGCAGG-1",1
"AACCGCGCACGGTAGA-1",0
"AACCGCGCAGCATGAG-1",0
"AACCGCGCAGCCTGTG-1",0
"AACCGCGCAGCTGTGC-1",0
"AACCGCGCAGTATGCT-1",0
"AACCGCGGTACTTGAC-1",3
"AACCGCGGTCTGCAAT-1",2
"AACCGCGTCACATGCA-1",1
"AACCGCGTCACCGTAA-1",0
"AACCGCGTCCAGAGGA-1",0
"AACCGCGTCCGAAGAG-1",1
"AACCGCGTCGATCCCT-1",0
"AACGTTGAGCGATAGC-1",1
"AACGTTGAGCGATCCC-1",0
"AACGTTGAGCTTATCG-1",0
"AACGTTGCAAGTTGTC-1",5
"AACGTTGCAATAGAGT-1",6
"AACGTTGCAATGGATA-1",2
"AACGTTGCATGGATGG-1",1
"AACGTTGCATTCTCAT-1",3
"AACGTTGTCAACACGT-1",7
"AACGTTGTCGAGGTAG-1",5
"AACGTTGTCGGTCCGA-1",4
"AACTCAGAGAGCTATA-1",0
"AACTCAGAGAGTCGGT-1",0
"AACTCAGAGCCACCTG-1",0
"AACTCAGAGCCCAATT-1",0
"AACTCAGCAAACAACA-1",0
"AACTCAGCACAAGCCC-1",0
"AACTCAGCACGGTTTA-1",5
"AACTCAGCAGGATCGA-1",2
"AACTCAGCATAAAGGT-1",0
"AACTCAGGTTCCACAA-1",2
"AACTCAGTCGTACCGG-1",0
"AACTCCCAGCCCAGCT-1",1
"AACTCCCAGCTAAGAT-1",0
"AACTCCCCAAACGCGA-1",0
"AACTCCCCATGGTCTA-1",6
"AACTCCCGTTGCGCAC-1",0
"AACTCCCTCAAGAAGT-1",3
"AACTCCCTCAAGCCTA-1",1
"AACTCCCTCATCGCTC-1",0
"AACTCCCTCTGCAGTA-1",1
"AACTCCCTCTGGCGTG-1",0
"AACTCTTAGCAGACTG-1",1
"AACTCTTAGTCCGGTC-1",1
"AACTCTTCATGCTAGT-1",0
"AACTCTTGTCGAATCT-1",0
"AACTCTTGTCGGGTCT-1",1
"AACTCTTTCCTCAATT-1",1
"AACTCTTTCTCAAACG-1",1
"AACTCTTTCTCCAGGG-1",3
"AACTCTTTCTCTGCTG-1",1
"AACTGGTAGAAGATTC-1",2
"AACTGGTAGAGACTAT-1",0
"AACTGGTAGCCAACAG-1",0
"AACTGGTAGTGTACTC-1",1
"AACTGGTCACTGAAGG-1",2
"AACTGGTGTCCGAACC-1",2
"AACTGGTTCGGAGCAA-1",4
"AACTGGTTCGTGGGAA-1",1
"AACTGGTTCTGCTTGC-1",1
"AACTTTCAGCGTGAAC-1",1
"AACTTTCAGTATCTCG-1",1
"AACTTTCAGTTTCCTT-1",3
"AACTTTCCATCCTTGC-1",0
"AACTTTCGTCTAGAGG-1",1
"AACTTTCGTCTCTTTA-1",1
"AACTTTCGTTTGTTTC-1",0
"AAGACCTAGGGCTTCC-1",0
"AAGACCTAGTACACCT-1",0
"AAGACCTGTATATGAG-1",0
"AAGACCTGTATCAGTC-1",1
"AAGACCTGTCCGTGAC-1",3
"AAGACCTGTCGAAAGC-1",1
"AAGACCTTCGCCATAA-1",0
"AAGCCGCAGATCTGAA-1",0
"AAGCCGCAGGGTGTTG-1",0
"AAGCCGCAGTGGACGT-1",2
"AAGCCGCAGTGTACTC-1",1
"AAGCCGCCACGCTTTC-1",0
"AAGCCGCCAGGACGTA-1",2
"AAGCCGCGTACAGTTC-1",1
"AAGCCGCGTCATTAGC-1",0
"AAGCCGCTCACGAAGG-1",3
"AAGCCGCTCAGTTAGC-1",0
"AAGCCGCTCGCAAACT-1",0
"AAGCCGCTCGTCGTTC-1",2
"AAGCCGCTCTTACCGC-1",1
"AAGGAGCAGAAACCGC-1",1
"AAGGAGCAGGCATGTG-1",2
"AAGGAGCAGGCGCTCT-1",0
"AAGGAGCAGTTGAGTA-1",4
"AAGGAGCCACGGCGTT-1",1
"AAGGAGCGTAGCGCAA-1",0
"AAGGAGCGTCTGCAAT-1",0
"AAGGAGCTCGTCTGCT-1",2
"AAGGCAGAGAACTGTA-1",1
"AAGGCAGAGAGATGAG-1",0
"AAGGCAGAGGTGATAT-1",0
"AAGGCAGCATAGTAAG-1",0
"AAGGCAGGTACTTCTT-1",0
"AAGGCAGGTGTGCCTG-1",5
"AAGGCAGTCAGATAAG-1",0
"AAGGCAGTCGGAATCT-1",0
"AAGGTTCAGTATCTCG-1",0
"AAGGTTCCATCACGTA-1",0
"AAGGTTCGTATATGGA-1",0
"AAGGTTCGTCCGAATT-1",9
"AAGGTTCGTCGACTAT-1",7
"AAGGTTCGTGTGACCC-1",0
"AAGGTTCTCCGTCATC-1",0
"AAGGTTCTCCTCGCAT-1",2
"AAGGTTCTCTGCGGCA-1",0
"AAGTCTGAGCCATCGC-1",0
"AAGTCTGAGTCAAGCG-1",0
"AAGTCTGCAAAGGAAG-1",0
"AAGTCTGGTCAGCTAT-1",1
"AAGTCTGTCAAACAAG-1",0
"AAGTCTGTCACTGGGC-1",0
"AAGTCTGTCAGCAACT-1",0
"AATCCAGCAAAGTGCG-1",1
"AATCCAGCAGCATACT-1",5
"AATCCAGGTAGGCATG-1",1
"AATCCAGGTCTCCCTA-1",0
"AATCCAGTCCGAATGT-1",5
"AATCGGTAGGCATGGT-1",2
"AATCGGTTCCTGTACC-1",1
"AATCGGTTCGCCGTGA-1",1
"ACACCAAAGATGAGAG-1",0
"ACACCAAAGCCCTAAT-1",0
"ACACCAAAGGATGGTC-1",0
"ACACCAAAGTGTCCAT-1",2
"ACACCAACACTTCGAA-1",1
"ACACCAACAGACGCTC-1",0
"ACACCAACAGCCTATA-1",0
"ACACCAAGTCGCGTGT-1",2
"ACACCAAGTCTAAACC-1",2
"ACACCAAGTTATGTGC-1",3
"ACACCAATCGCGTTTC-1",0
"ACACCCTAGCCAGGAT-1",11
"ACACCCTAGTACTTGC-1",8
"ACACCCTCAAGCGCTC-1",0
"ACACCCTCATCACAAC-1",2
"ACACCCTCATGCCCGA-1",0
"ACACCCTGTCTGGTCG-1",3
"ACACCCTTCCGCAAGC-1",2
"ACACCCTTCCTTGCCA-1",3
"ACACCCTTCTATCCTA-1",5
"ACACCCTTCTGGCGTG-1",0
"ACACCGGAGGCTCAGA-1",0
"ACACCGGAGTGACATA-1",1
"ACACCGGAGTTACCCA-1",0
"ACACCGGCAAGCCGTC-1",0
"ACACCGGCACCAGATT-1",8
"ACACCGGCACCGAAAG-1",2
"ACACCGGCATCACAAC-1",2
"ACACCGGTCCGCATAA-1",1
"ACACCGGTCTCGGACG-1",1
"ACACCGGTCTCTGTCG-1",2
"ACACTGAAGCACGCCT-1",1
"ACACTGAAGGTGATTA-1",6
"ACACTGACAATAGAGT-1",1
"ACACTGACAGACTCGC-1",1
"ACACTGACATCCAACA-1",0
"ACACTGAGTCCGAAGA-1",1
"ACACTGAGTGTTTGTG-1",3
"ACACTGAGTTTGACTG-1",1
"ACAGCCGAGGAATGGA-1",0
"ACAGCCGAGGCCCGTT-1",1
"ACAGCCGAGGTGCTTT-1",1
"ACAGCCGAGTGGTAGC-1",0
"ACAGCCGCATATACGC-1",3
"ACAGCCGCATGCAACT-1",0
"ACAGCCGGTAGGGTAC-1",0
"ACAGCCGGTCGAATCT-1",2
"ACAGCCGGTTCACCTC-1",0
"ACAGCCGGTTCCACTC-1",3
"ACAGCCGTCCAGAAGG-1",0
"ACAGCCGTCTTTACAC-1",1
"ACAGCTAAGCACCGCT-1",0
"ACAGCTAAGTATCTCG-1",0
"ACAGCTAAGTGTTGAA-1",0
"ACAGCTACATCGTCGG-1",1
"ACAGCTAGTCGACTAT-1",0
"ACAGCTAGTGGTACAG-1",1
"ACAGCTATCACCACCT-1",0
"ACAGCTATCTGCTTGC-1",2
"ACATACGAGAGCTTCT-1",1
"ACATACGAGCGTAGTG-1",2
"ACATACGAGCTTCGCG-1",0
"ACATACGAGCTTTGGT-1",1
"ACATACGCAAACGTGG-1",1
"ACATACGCAAGCCTAT-1",1
"ACATACGCATCTCCCA-1",1
"ACATACGCATTCTCAT-1",0
"ACATACGGTAGGAGTC-1",2
"ACATACGGTGCACCAC-1",0
"ACATACGGTGGTTTCA-1",11
"ACATACGTCGTATCAG-1",5
"ACATCAGAGCCACTAT-1",0
"ACATCAGAGCCTTGAT-1",0
"ACATCAGCAACACCCG-1",5
"ACATCAGCAACGATGG-1",2
"ACATCAGCAATTGCTG-1",0
"ACATCAGCACCGGAAA-1",1
"ACATCAGCATAAAGGT-1",1
"ACATCAGCATCCCACT-1",4
"ACATCAGCATTTGCCC-1",3
"ACATCAGGTAAGGATT-1",1
"ACATCAGGTCCGTGAC-1",3
"ACATCAGGTTAAGTAG-1",0
"ACATCAGTCAAACCGT-1",3
"ACATGGTAGCATGGCA-1",0
"ACATGGTAGCTGTTCA-1",0
"ACATGGTCACTTGGAT-1",1
"ACATGGTGTCAGATAA-1",0
"ACATGGTGTCTGCGGT-1",0
"ACATGGTGTGCAACTT-1",1
"ACATGGTTCCGCAAGC-1",0
"ACATGGTTCCTCCTAG-1",6
"ACATGGTTCTGGAGCC-1",6
"ACATGGTTCTTCTGGC-1",1
"ACCAGTAAGATCACGG-1",0
"ACCAGTAAGCTTCGCG-1",2
"ACCAGTACACAGATTC-1",0
"ACCAGTACACAGGCCT-1",3
"ACCAGTACAGTATGCT-1",0
"ACCAGTACAGTCAGAG-1",0
"ACCAGTACAGTTTACG-1",3
"ACCAGTAGTCACCCAG-1",0
"ACCAGTAGTCCATCCT-1",0
"ACCAGTAGTCTTCAAG-1",0
"ACCAGTAGTGGACGAT-1",0
"ACCAGTATCTGCGACG-1",0
"ACCAGTATCTGCTTGC-1",1
"ACCAGTATCTGTTTGT-1",0
"ACCCACTAGAGGTTAT-1",0
"ACCCACTAGATCCCGC-1",4
"ACCCACTAGATGTGTA-1",0
"ACCCACTAGCCCAATT-1",3
"ACCCACTCAAGGGTCA-1",0
"ACCCACTCAAGGTTCT-1",1
"ACCCACTGTAAATGAC-1",1
"ACCCACTGTAGCCTCG-1",0
"ACCCACTGTCAAAGAT-1",0
"ACCCACTGTCAATACC-1",0
"ACCCACTGTGTGGTTT-1",0
"ACCCACTTCGCAAACT-1",3
"ACCCACTTCTGCCAGG-1",6
"ACCGTAACAATCGGTT-1",0
"ACCGTAACAATCTACG-1",0
"ACCGTAACAGGTCCAC-1",0
"ACCGTAAGTACAGCAG-1",1
"ACCGTAAGTCATGCAT-1",0
"ACCGTAAGTGAGTGAC-1",0
"ACCGTAAGTTAAGAAC-1",1
"ACCGTAAGTTCCGTCT-1",1
"ACCGTAATCACATAGC-1",2
"ACCGTAATCATGTGGT-1",4
"ACCGTAATCTGAAAGA-1",1
"ACCTTTACAATCGGTT-1",0
"ACCTTTACACGGACAA-1",1
"ACCTTTACAGCAGTTT-1",0
"ACCTTTACATGCAACT-1",2
"ACCTTTACATTTCAGG-1",7
"ACCTTTAGTGAACCTT-1",0
"ACCTTTAGTTCCACTC-1",0
"ACCTTTATCTCTAGGA-1",10
"ACGAGCCAGGCAGGTT-1",2
"ACGAGCCCACAGGCCT-1",5
"ACGAGCCCATGGAATA-1",3
"ACGAGCCGTGCACGAA-1",1
"ACGAGCCGTGTGACCC-1",0
"ACGAGCCGTTGGTTTG-1",1
"ACGAGCCTCAGTCCCT-1",1
"ACGAGCCTCGCAAACT-1",1
"ACGAGGACACTACAGT-1",0
"ACGAGGACATGTAGTC-1",3
"ACGAGGAGTACACCGC-1",0
"ACGAGGAGTGCCTGCA-1",2
"ACGAGGAGTTCTGAAC-1",2
"ACGAGGATCTGCGGCA-1",1
"ACGATACAGAGTGACC-1",2
"ACGATACAGCGCCTTG-1",0
"ACGATACAGTGATCGG-1",0
"ACGATACCACGTTGGC-1",0
"ACGATACCATTGGGCC-1",0
"ACGATACGTCGAATCT-1",2
"ACGATACTCTGACCTC-1",2
"ACGATGTAGTGCGATG-1",1
"ACGATGTAGTTGAGAT-1",0
"ACGATGTCAACGCACC-1",1
"ACGATGTCACACGCTG-1",0
"ACGATGTGTATTCTCT-1",0
"ACGATGTGTCAGTGGA-1",4
"ACGATGTGTGACTACT-1",2
"ACGATGTGTGTCGCTG-1",2
"ACGATGTTCGCGTAGC-1",0
"ACGATGTTCTCTTATG-1",1
"ACGCAGCAGCGGCTTC-1",0
"ACGCAGCAGCTGCGAA-1",3
"ACGCAGCAGTGTACGG-1",1
"ACGCAGCCACCTCGTT-1",0
"ACGCAGCCATCGACGC-1",0
"ACGCAGCCATTACCTT-1",1
"ACGCAGCGTCCATGAT-1",1
"ACGCAGCGTCTACCTC-1",1
"ACGCAGCGTCTGGTCG-1",2
"ACGCAGCGTGCGATAG-1",0
"ACGCCAGCAAAGCAAT-1",0
"ACGCCAGCAACGCACC-1",0
"ACGCCAGCACGAGAGT-1",0
"ACGCCAGCAGTGAGTG-1",0
"ACGCCAGGTGCACTTA-1",4
"ACGCCAGGTGTGCGTC-1",2
"ACGCCAGTCACAGGCC-1",1
"ACGCCAGTCAGTGTTG-1",0
"ACGCCGAAGAAACGCC-1",1
"ACGCCGAAGATCTGCT-1",3
"ACGCCGACAGCCTGTG-1",4
"ACGCCGAGTTCCAACA-1",1
"ACGCCGATCCTATGTT-1",1
"ACGCCGATCGCAGGCT-1",0
"ACGCCGATCTTGTATC-1",0
"ACGGAGAAGCCAGTTT-1",0
"ACGGAGAAGGTCATCT-1",0
"ACGGAGACACACATGT-1",7
"ACGGAGACAGCCTGTG-1",0
"ACGGAGACAGCGTAAG-1",0
"ACGGAGACAGTAAGCG-1",4
"ACGGAGAGTGTGACGA-1",1
"ACGGAGATCCACGAAT-1",0
"ACGGCCACACATCCAA-1",10
"ACGGCCACACATTCGA-1",5
"ACGGCCAGTACCGTAT-1",0
"ACGGCCAGTGTATGGG-1",0
"ACGGCCATCACGGTTA-1",0
"ACGGCCATCAGTGTTG-1",0
"ACGGCCATCTACTATC-1",4
"ACGGGCTAGGATCGCA-1",0
"ACGGGCTAGGTTCCTA-1",2
"ACGGGCTAGTGGCACA-1",3
"ACGGGCTCATCTGGTA-1",0
"ACGGGCTGTGAGGCTA-1",0
"ACGGGCTTCCGAACGC-1",1
"ACGGGTCAGATGCCAG-1",0
"ACGGGTCCATGATCCA-1",0
"ACGGGTCCATTAGGCT-1",0
"ACGGGTCCATTTCACT-1",0
"ACGGGTCGTTAGGGTG-1",0
"ACGGGTCTCAACACCA-1",3
"ACGGGTCTCCACGCAG-1",0
"ACGTCAAAGGGCTTCC-1",0
"ACGTCAAAGTGGTAAT-1",2
"ACGTCAACAACTGCGC-1",0
"ACGTCAACACAAGACG-1",0
"ACGTCAAGTAGCTCCG-1",4
"ACGTCAAGTGTCGCTG-1",2
"ACGTCAAGTTATGCGT-1",0
"ACGTCAATCAACCAAC-1",1
"ACGTCAATCATAACCG-1",2
"ACGTCAATCCAGAAGG-1",6
"ACGTCAATCTAACTCT-1",0
"ACTATCTAGAGGTTAT-1",0
"ACTATCTAGATACACA-1",1
"ACTATCTAGGAGTAGA-1",1
"ACTATCTAGGCATGTG-1",1
"ACTATCTCAAATACAG-1",0
"ACTATCTCAAATTGCC-1",0
"ACTATCTGTAGGGACT-1",0
"ACTATCTGTCGCGTGT-1",2
"ACTATCTGTGCACGAA-1",0
"ACTATCTGTGGTTTCA-1",4
"ACTATCTTCGCCGTGA-1",3
"ACTGAACAGAGTGAGA-1",2
"ACTGAACAGATCCCGC-1",1
"ACTGAACAGGTGATAT-1",3
"ACTGAACCAAAGCGGT-1",0
"ACTGAACCAAGCGAGT-1",1
"ACTGAACCAATTCCTT-1",1
"ACTGAACCAGCTGGCT-1",1
"ACTGAACCAGTCTTCC-1",2
"ACTGAACCATTACCTT-1",0
"ACTGAACGTAAGCACG-1",1
"ACTGAACGTAATCGTC-1",0
"ACTGAACGTCCAGTAT-1",0
"ACTGAACGTCTGATCA-1",2
"ACTGAACTCCCACTTG-1",2
"ACTGAGTAGCCGGTAA-1",5
"ACTGAGTCAGTGGGAT-1",10
"ACTGAGTCATTTGCCC-1",5
"ACTGAGTGTAGAGCTG-1",1
"ACTGAGTGTTGTGGCC-1",2
"ACTGAGTTCAGGTTCA-1",0
"ACTGATGAGACAGACC-1",1
"ACTGATGAGCGGATCA-1",4
"ACTGATGAGGTGCTTT-1",4
"ACTGATGCAGCAGTTT-1",0
"ACTGATGCATCACAAC-1",1
"ACTGATGGTCATGCAT-1",1
"ACTGATGTCACAATGC-1",2
"ACTGATGTCACTCCTG-1",1
"ACTGATGTCCCTGACT-1",0
"ACTGATGTCCGCTGTT-1",0
"ACTGATGTCCGGCACA-1",2
"ACTGATGTCCTATTCA-1",1
"ACTGCTCAGAGCTTCT-1",1
"ACTGCTCAGATGCCTT-1",1
"ACTGCTCCACACCGCA-1",2
"ACTGCTCCAGATGGGT-1",1
"ACTGCTCCATGCCTAA-1",9
"ACTGCTCGTAGGCATG-1",1
"ACTGCTCGTATCACCA-1",0
"ACTGCTCGTCCGAAGA-1",1
"ACTGCTCTCCGAGCCA-1",1
"ACTGTCCAGAGGGCTT-1",1
"ACTGTCCAGCAGCGTA-1",3
"ACTGTCCAGGCATGGT-1",3
"ACTGTCCCAAGGTTTC-1",8
"ACTGTCCCAAGTACCT-1",0
"ACTGTCCCAGTATCTG-1",0
"ACTGTCCCATAGAAAC-1",2
"ACTGTCCGTTGAGGTG-1",1
"ACTGTCCTCCACGTGG-1",0
"ACTGTCCTCCTTGGTC-1",0
"ACTGTCCTCTCTGTCG-1",0
"ACTTACTAGCGATAGC-1",1
"ACTTACTAGGGATGGG-1",1
"ACTTACTCACAGACAG-1",1
"ACTTACTCACATTTCT-1",0
"ACTTACTGTACTCAAC-1",1
"ACTTACTGTTCCACAA-1",0
"ACTTACTTCATCGGAT-1",2
"ACTTGTTAGACAAGCC-1",0
"ACTTGTTAGCTAGCCC-1",0
"ACTTGTTAGTTACCCA-1",3
"ACTTGTTCACGACGAA-1",1
"ACTTGTTCACGGCTAC-1",0
"ACTTGTTGTATCGCAT-1",0
"ACTTGTTGTGGTAACG-1",6
"ACTTGTTGTTGTGGAG-1",2
"ACTTGTTTCATCACCC-1",0
"ACTTTCACATGGTCAT-1",2
"ACTTTCAGTGACTACT-1",1
"ACTTTCATCGCCAGCA-1",1
"AGAATAGAGCTGAACG-1",1
"AGAATAGAGCTGTCTA-1",0
"AGAATAGAGGTAGCTG-1",0
"AGAATAGCATGGTCTA-1",1
"AGAATAGGTAATCGTC-1",0
"AGAATAGGTATTCTCT-1",2
"AGAATAGGTGCGGTAA-1",0
"AGAATAGGTTAAGAAC-1",0
"AGAATAGTCAGGCCCA-1",3
"AGACGTTAGAATGTGT-1",3
"AGACGTTAGCTCCTCT-1",0
"AGACGTTAGTGCCAGA-1",0
"AGACGTTCAGGATCGA-1",0
"AGACGTTGTAGCTGCC-1",0
"AGACGTTGTCTGCAAT-1",0
"AGACGTTGTTCTGTTT-1",1
"AGACGTTTCGCATGGC-1",2
"AGACGTTTCGCTTAGA-1",0
"AGAGCGACAACTTGAC-1",1
"AGAGCGACAAGTACCT-1",0
"AGAGCGACACAACGTT-1",2
"AGAGCGACATGAGCGA-1",1
"AGAGCGAGTCAGTGGA-1",0
"AGAGCGAGTCGACTGC-1",4
"AGAGCGAGTTGAGTTC-1",0
"AGAGCGATCGCGTAGC-1",1
"AGAGCGATCTATCCTA-1",0
"AGAGCGATCTCGCTTG-1",0
"AGAGCTTAGCCGTCGT-1",0
"AGAGCTTAGTACACCT-1",2
"AGAGCTTAGTCATGCT-1",0
"AGAGCTTGTAGAGCTG-1",1
"AGAGCTTGTATCACCA-1",0
"AGAGCTTTCACTATTC-1",0
"AGAGCTTTCCTGCAGG-1",0
"AGAGCTTTCGCAAACT-1",2
"AGAGCTTTCGCTTAGA-1",3
"AGAGTGGAGAGCCTAG-1",2
"AGAGTGGAGGCCCTTG-1",0
"AGAGTGGAGGTACTCT-1",1
"AGAGTGGCACAAGACG-1",1
"AGAGTGGCACCTCGTT-1",0
"AGAGTGGCATCCGGGT-1",0
"AGAGTGGCATCTGGTA-1",0
"AGAGTGGGTCAGCTAT-1",2
"AGAGTGGGTCCTCCAT-1",9
"AGAGTGGGTCTAGTCA-1",8
"AGAGTGGGTTACCGAT-1",0
"AGATCTGAGGTGGGTT-1",1
"AGATCTGAGTCAAGGC-1",1
"AGATCTGCAATGTTGC-1",0
"AGATCTGTCGAATCCA-1",0
"AGATCTGTCTGCAGTA-1",0
"AGATTGCAGGCTACGA-1",0
"AGATTGCCACGACGAA-1",0
"AGATTGCCAGATGGGT-1",1
"AGATTGCGTAGAGCTG-1",7
"AGATTGCGTGATGTCT-1",0
"AGATTGCGTGTTCGAT-1",1
"AGATTGCGTTCACGGC-1",2
"AGATTGCTCACTGGGC-1",0
"AGATTGCTCATCTGTT-1",0
"AGCAGCCAGCTGATAA-1",0
"AGCAGCCCACCGAAAG-1",0
"AGCAGCCGTCGACTGC-1",0
"AGCAGCCGTCGCTTTC-1",2
"AGCAGCCGTCTAACGT-1",0
"AGCAGCCGTGTGAAAT-1",1
"AGCAGCCGTTTGTTGG-1",0
"AGCAGCCTCCAAACAC-1",1
"AGCATACAGTGGTAGC-1",4
"AGCATACAGTTGTCGT-1",0
"AGCATACGTCTTCTCG-1",1
"AGCATACGTTAAGTAG-1",2
"AGCATACTCCGTTGCT-1",1
"AGCCTAAAGATATGGT-1",0
"AGCCTAACAAAGCGGT-1",1
"AGCCTAACAGATAATG-1",0
"AGCCTAAGTACGAAAT-1",0
"AGCCTAAGTCACCTAA-1",0
"AGCCTAAGTGTGCCTG-1",0
"AGCCTAATCACCCGAG-1",0
"AGCCTAATCCAATGGT-1",1
"AGCCTAATCCTTGGTC-1",1
"AGCCTAATCTGTGCAA-1",3
"AGCCTAATCTGTTTGT-1",0
"AGCGGTCAGCGAAGGG-1",0
"AGCGGTCAGGTACTCT-1",4
"AGCGGTCAGTGACTCT-1",7
"AGCGGTCCAGCCTTGG-1",0
"AGCGGTCGTCCTAGCG-1",0
"AGCGGTCGTGGTGTAG-1",0
"AGCGGTCGTTAAGGGC-1",4
"AGCGGTCGTTTGCATG-1",0
"AGCGGTCTCCGAAGAG-1",0
"AGCGGTCTCCTCAATT-1",3
"AGCGGTCTCTGGGCCA-1",5
"AGCGTATAGAACTGTA-1",0
"AGCGTATAGCGATGAC-1",1
"AGCGTATAGGTACTCT-1",2
"AGCGTATGTTGAGGTG-1",0
"AGCGTATTCCAGAGGA-1",0
"AGCGTCGAGTTGAGTA-1",0
"AGCGTCGCAGGGATTG-1",2
"AGCGTCGTCTGAAAGA-1",2
"AGCTCCTAGACCTAGG-1",3
"AGCTCCTAGCGTTTAC-1",2
"AGCTCCTGTGTTTGTG-1",0
"AGCTCCTGTTGTCTTT-1",0
"AGCTCCTTCCGAATGT-1",1
"AGCTCCTTCTTGACGA-1",2
"AGCTCTCAGCGGATCA-1",1
"AGCTCTCAGCTGTTCA-1",3
"AGCTCTCAGGTGCTAG-1",1
"AGCTCTCCATACAGCT-1",1
"AGCTCTCGTCAGAGGT-1",1
"AGCTCTCGTGGGTCAA-1",1
"AGCTCTCTCACAACGT-1",2
"AGCTCTCTCTTGACGA-1",4
"AGCTTGAAGCATCATC-1",3
"AGCTTGAAGTAGCGGT-1",4
"AGCTTGAAGTTGTCGT-1",0
"AGCTTGACAATCCAAC-1",1
"AGCTTGACACCGATAT-1",1
"AGCTTGAGTCTACCTC-1",1
"AGCTTGAGTGCGCTTG-1",1
"AGCTTGAGTTACGCGC-1",0
"AGCTTGATCCTGCCAT-1",3
"AGCTTGATCTGCAAGT-1",1
"AGGCCACAGAGTAAGG-1",1
"AGGCCACAGGGTCTCC-1",5
"AGGCCACAGTACTTGC-1",1
"AGGCCACCAGGACCCT-1",0
"AGGCCACCATCAGTCA-1",3
"AGGCCACTCATGCTCC-1",2
"AGGCCACTCATGGTCA-1",0
"AGGCCACTCATTGCGA-1",1
"AGGCCGTAGGATCGCA-1",1
"AGGCCGTCACGTAAGG-1",0
"AGGCCGTCAGCTCGAC-1",0
"AGGCCGTCATCGTCGG-1",2
"AGGCCGTTCACGGTTA-1",1
"AGGCCGTTCGAACTGT-1",0
"AGGCCGTTCTCAAGTG-1",1
"AGGCCGTTCTGCTTGC-1",1
"AGGGAGTAGCCCAACC-1",0
"AGGGAGTAGGAGTACC-1",1
"AGGGAGTAGGCAGGTT-1",1
"AGGGAGTCACGAGAGT-1",0
"AGGGAGTCAGAAGCAC-1",2
"AGGGAGTCAGATCCAT-1",2
"AGGGAGTCATCGACGC-1",0
"AGGGAGTCATGCTAGT-1",1
"AGGGAGTGTCCATGAT-1",0
"AGGGAGTTCATAACCG-1",0
"AGGGATGAGCTCTCGG-1",1
"AGGGATGAGGAGTAGA-1",1
"AGGGATGAGTAGCGGT-1",1
"AGGGATGCAATGAATG-1",2
"AGGGATGCAATGGAGC-1",0
"AGGGATGCACAAGACG-1",1
"AGGGATGCACATTTCT-1",1
"AGGGATGCATGGTCTA-1",3
"AGGGATGGTTAAAGTG-1",1
"AGGGATGGTTATGCGT-1",0
"AGGGATGTCGTGACAT-1",1
"AGGGTGAAGATGGCGT-1",0
"AGGGTGAAGATGGGTC-1",1
"AGGGTGAAGGCTCAGA-1",3
"AGGGTGACACGAGAGT-1",0
"AGGGTGACAGATGGCA-1",0
"AGGGTGACAGATTGCT-1",0
"AGGGTGAGTACTCTCC-1",3
"AGGGTGAGTTATCGGT-1",0
"AGGGTGAGTTCTGAAC-1",5
"AGGGTGATCTCGCTTG-1",0
"AGGTCATAGAGCCCAA-1",1
"AGGTCATAGCCAGAAC-1",3
"AGGTCATAGGCATGGT-1",0
"AGGTCATAGGGAGTAA-1",0
"AGGTCATCACTCAGGC-1",0
"AGGTCATCACTCTGTC-1",1
"AGGTCATGTTCCACTC-1",11
"AGGTCATTCTCGTTTA-1",0
"AGGTCCGAGGATGCGT-1",0
"AGGTCCGCAACACGCC-1",0
"AGGTCCGGTGATGCCC-1",0
"AGGTCCGTCCATGAAC-1",2
"AGGTCCGTCGCCCTTA-1",0
"AGGTCCGTCTGCGTAA-1",2
"AGTAGTCAGACTGTAA-1",0
"AGTAGTCAGTACGACG-1",0
"AGTAGTCAGTTTAGGA-1",1
"AGTAGTCCAACTGGCC-1",1
"AGTAGTCGTGCAGACA-1",0
"AGTAGTCTCACCCGAG-1",0
"AGTCTTTAGGCAGTCA-1",1
"AGTCTTTCAAATCCGT-1",1
"AGTCTTTCATATACCG-1",1
"AGTCTTTGTGCTTCTC-1",2
"AGTCTTTGTGTCCTCT-1",3
"AGTCTTTGTTTGTTTC-1",0
"AGTCTTTTCGCAGGCT-1",2
"AGTCTTTTCGCGTAGC-1",2
"AGTCTTTTCGCTAGCG-1",0
"AGTCTTTTCGCTTGTC-1",1
"AGTCTTTTCTGACCTC-1",0
"AGTGAGGAGATAGCAT-1",2
"AGTGAGGCAGGTGCCT-1",0
"AGTGAGGGTATGAAAC-1",1
"AGTGAGGGTCACTTCC-1",0
"AGTGAGGGTCGCGAAA-1",0
"AGTGAGGGTTATGTGC-1",3
"AGTGAGGTCTACTATC-1",2
"AGTGGGAAGCAGACTG-1",0
"AGTGGGACAAACGCGA-1",1
"AGTGGGACAAGCCGTC-1",3
"AGTGGGACACAGGAGT-1",1
"AGTGGGACACGAGAGT-1",7
"AGTGGGATCATCGATG-1",1
"AGTGGGATCCACGAAT-1",1
"AGTGGGATCCTGCAGG-1",8
"AGTGTCAAGAAGCCCA-1",2
"AGTGTCAAGCTAGTCT-1",2
"AGTGTCAAGTACGACG-1",2
"AGTGTCAAGTGAACAT-1",1
"AGTGTCACACCATCCT-1",1
"AGTGTCACAGTAAGCG-1",1
"AGTGTCACAGTGGAGT-1",0
"AGTGTCAGTAAACCTC-1",0
"AGTGTCAGTACAGCAG-1",0
"AGTGTCAGTCTCCACT-1",0
"AGTGTCAGTTTGACTG-1",0
"AGTGTCATCAAAGTAG-1",0
"AGTGTCATCCGTCAAA-1",3
"AGTGTCATCGTTACAG-1",2
"AGTGTCATCTGTCAAG-1",1
"AGTTGGTAGACTGTAA-1",1
"AGTTGGTAGTACGCGA-1",5
"AGTTGGTCAAATTGCC-1",0
"AGTTGGTCAGGAATGC-1",0
"AGTTGGTCATGCGCAC-1",0
"AGTTGGTGTACCGTAT-1",8
"AGTTGGTGTATGCTTG-1",1
"AGTTGGTGTCAGGACA-1",0
"AGTTGGTGTTCAGACT-1",0
"AGTTGGTTCAGTACGT-1",1
"AGTTGGTTCCTCAACC-1",5
"AGTTGGTTCGTACCGG-1",0
"AGTTGGTTCTGTCCGT-1",1
"ATAACGCAGTTGAGTA-1",1
"ATAACGCCACGTGAGA-1",0
"ATAACGCGTGAACCTT-1",9
"ATAACGCGTGTCCTCT-1",1
"ATAACGCGTGTGAAAT-1",0
"ATAACGCTCTCCGGTT-1",10
"ATAAGAGAGTCCGGTC-1",1
"ATAAGAGCAACTGCGC-1",0
"ATAAGAGCAGTATCTG-1",2
"ATAAGAGGTGACGCCT-1",0
"ATAAGAGGTTAAAGTG-1",1
"ATAAGAGTCAGCACAT-1",0
"ATAAGAGTCAGTGCAT-1",0
"ATAGACCAGAGAGCTC-1",1
"ATAGACCAGCCCAATT-1",0
"ATAGACCCAAGCCATT-1",6
"ATAGACCCATCTGGTA-1",2
"ATAGACCGTATATGGA-1",0
"ATAGACCGTGGACGAT-1",3
"ATAGACCGTGGCGAAT-1",1
"ATAGACCGTTTCGCTC-1",6
"ATCACGAAGAACTCGG-1",2
"ATCACGAAGACACGAC-1",1
"ATCACGAAGTTACCCA-1",2
"ATCACGACAAGACACG-1",1
"ATCACGACAAGCGTAG-1",1
"ATCACGACACACATGT-1",0
"ATCACGACACCACCAG-1",0
"ATCACGACACGGTAAG-1",2
"ATCACGACAGCGAACA-1",8
"ATCACGATCCCGACTT-1",1
"ATCACGATCGGTGTCG-1",0
"ATCATCTAGCCTATGT-1",1
"ATCATCTAGGCCATAG-1",14
"ATCATCTAGTACTTGC-1",0
"ATCATCTCAGACGCCT-1",0
"ATCATCTCATCCGTGG-1",0
"ATCATCTGTATTACCG-1",0
"ATCATCTGTCACTTCC-1",1
"ATCATCTTCAGCGACC-1",2
"ATCATCTTCCTCAACC-1",2
"ATCATGGCAAGCGTAG-1",1
"ATCATGGCAAGGTTCT-1",0
"ATCATGGCACTACAGT-1",0
"ATCATGGGTAAGGGAA-1",3
"ATCATGGGTTGTGGCC-1",0
"ATCATGGTCAATAAGG-1",0
"ATCATGGTCCAATGGT-1",1
"ATCATGGTCGCCATAA-1",4
"ATCATGGTCGGTTAAC-1",3
"ATCCACCAGCTAGTCT-1",4
"ATCCACCAGGCTCTTA-1",0
"ATCCACCCAAACGTGG-1",4
"ATCCACCCAGTTAACC-1",0
"ATCCACCGTCCGAAGA-1",0
"ATCCACCGTTTGTTTC-1",0
"ATCCACCTCCTGCTTG-1",0
"ATCCACCTCCTTAATC-1",1
"ATCCACCTCTGGTATG-1",3
"ATCCGAAAGCGATGAC-1",0
"ATCCGAAAGCTAGGCA-1",5
"ATCCGAACAAACGTGG-1",0
"ATCCGAACAACAACCT-1",0
"ATCCGAACAAGGACTG-1",0
"ATCCGAACACCCATTC-1",1
"ATCCGAACACGGTAGA-1",0
"ATCCGAAGTAGCGCTC-1",0
"ATCCGAAGTCATTAGC-1",1
"ATCCGAAGTCTCTTAT-1",2
"ATCCGAATCCAACCAA-1",0
"ATCCGAATCCTTGACC-1",1
"ATCCGAATCTTGTCAT-1",0
"ATCGAGTAGACTTTCG-1",0
"ATCGAGTCATCCGGGT-1",0
"ATCGAGTGTCCCTTGT-1",1
"ATCGAGTGTCTCCCTA-1",0
"ATCGAGTTCATGCATG-1",1
"ATCGAGTTCCTGCCAT-1",0
"ATCTACTAGGTGTGGT-1",0
"ATCTACTCAGCTGTAT-1",3
"ATCTACTCAGTACACT-1",3
"ATCTACTCATGACATC-1",1
"ATCTACTGTAAGTAGT-1",0
"ATCTACTGTGTCGCTG-1",1
"ATCTACTTCCGCGTTT-1",0
"ATCTACTTCGCAAGCC-1",2
"ATCTACTTCTATCGCC-1",6
"ATCTACTTCTCTAAGG-1",0
"ATCTGCCAGGCTCAGA-1",0
"ATCTGCCGTACAGTTC-1",1
"ATCTGCCGTTGTGGAG-1",1
"ATCTGCCTCAGAGACG-1",1
"ATCTGCCTCAGCTGGC-1",0
"ATCTGCCTCGTACGGC-1",0
"ATCTGCCTCTCGAGTA-1",4
"ATCTGCCTCTGAGTGT-1",0
"ATCTGCCTCTTGTATC-1",0
"ATGAGGGAGGTCGGAT-1",4
"ATGAGGGCATGACGGA-1",0
"ATGAGGGCATTAGGCT-1",1
"ATGAGGGTCACATGCA-1",0
"ATGAGGGTCAGTCCCT-1",0
"ATGCGATAGTCAATAG-1",1
"ATGCGATCATGTTGAC-1",6
"ATGCGATGTGCAGTAG-1",5
"ATGCGATGTGCATCTA-1",1
"ATGCGATTCCCAAGAT-1",0
"ATGCGATTCGCCATAA-1",0
"ATGGGAGAGCAATATG-1",1
"ATGGGAGAGCCACGCT-1",2
"ATGGGAGAGGTGATAT-1",1
"ATGGGAGCACCAGGTC-1",0
"ATGGGAGCACTATCTT-1",0
"ATGGGAGCAGCATACT-1",0
"ATGGGAGCATAGAAAC-1",2
"ATGGGAGCATTACCTT-1",0
"ATGGGAGTCAAGGTAA-1",0
"ATGTGTGAGCGAAGGG-1",0
"ATGTGTGAGGGTTTCT-1",1
"ATGTGTGAGTTGAGTA-1",6
"ATGTGTGCACGGCGTT-1",0
"ATGTGTGCACGGTTTA-1",0
"ATGTGTGCAGTATAAG-1",2
"ATGTGTGTCACGCGGT-1",0
"ATTACTCAGATGTGTA-1",2
"ATTACTCAGCGTAATA-1",0
"ATTACTCAGGTGCACA-1",1
"ATTACTCAGTGAAGTT-1",0
"ATTACTCCAAACTGTC-1",1
"ATTACTCCACCATCCT-1",2
"ATTACTCCAGACTCGC-1",1
"ATTACTCCATATGCTG-1",2
"ATTACTCCATCGGTTA-1",3
"ATTACTCCATTGCGGC-1",1
"ATTACTCGTTAAAGAC-1",2
"ATTACTCTCCGAACGC-1",4
"ATTATCCAGAGTACCG-1",2
"ATTATCCAGCTTATCG-1",2
"ATTATCCCACAAGCCC-1",0
"ATTATCCCATATGAGA-1",0
"ATTATCCCATCTGGTA-1",1
"ATTATCCGTCGTTGTA-1",0
"ATTATCCGTCTCTCTG-1",0
"ATTATCCTCAACGGGA-1",0
"ATTATCCTCCGCGCAA-1",1
"ATTATCCTCTCCGGTT-1",3
"ATTCTACGTCACTTCC-1",1
"ATTCTACGTCTAGTCA-1",0
"ATTCTACGTTGTCGCG-1",0
"ATTGGACAGCAGATCG-1",3
"ATTGGACAGGGCATGT-1",1
"ATTGGACAGTGGACGT-1",0
"ATTGGACCAAGACACG-1",5
"ATTGGACGTAATAGCA-1",6
"ATTGGACTCCTGCTTG-1",0
"ATTGGACTCGGCGCAT-1",4
"ATTGGACTCGTTTGCC-1",1
"ATTGGTGAGAATGTTG-1",0
"ATTGGTGCAAGCTGAG-1",0
"ATTGGTGCAGCAGTTT-1",1
"ATTGGTGGTATGGTTC-1",2
"ATTGGTGGTTGAGTTC-1",2
"ATTGGTGTCAAAGTAG-1",0
"ATTGGTGTCGGAAACG-1",1
"ATTTCTGAGGGATACC-1",0
"ATTTCTGAGGGATCTG-1",0
"ATTTCTGAGGTGTTAA-1",1
"ATTTCTGAGTCGAGTG-1",4
"ATTTCTGAGTTCGCAT-1",1
"ATTTCTGCAAGGTGTG-1",3
"ATTTCTGGTAGCTCCG-1",2
"ATTTCTGGTGCACGAA-1",0
"ATTTCTGGTTGCCTCT-1",1
"ATTTCTGTCAAAGTAG-1",7
"ATTTCTGTCAGCTCGG-1",1
"ATTTCTGTCTTGGGTA-1",0
"CAACCAAAGAAACGCC-1",1
"CAACCAAAGAGGGCTT-1",4
"CAACCAAAGCTGAAAT-1",1
"CAACCAAAGGACAGCT-1",0
"CAACCAAAGGGAGTAA-1",4
"CAACCAACATACGCTA-1",1
"CAACCTCAGTAATCCC-1",1
"CAACCTCCAGACGCAA-1",0
"CAACCTCGTGAGTGAC-1",0
"CAACCTCGTTCCACGG-1",0
"CAACCTCTCATACGGT-1",0
"CAACCTCTCCGATATG-1",0
"CAACCTCTCCTTTACA-1",0
"CAACCTCTCTCTAGGA-1",1
"CAACTAGAGAATAGGG-1",3
"CAACTAGAGGATGCGT-1",0
"CAACTAGCACCATCCT-1",0
"CAACTAGCAGACTCGC-1",1
"CAACTAGCAGTTCATG-1",2
"CAACTAGGTACGCACC-1",0
"CAACTAGTCAGGCCCA-1",6
"CAAGAAAAGAAGGACA-1",1
"CAAGAAAAGACGCACA-1",0
"CAAGAAAAGGCCCTTG-1",0
"CAAGAAAAGGTGATAT-1",4
"CAAGAAAAGTCGATAA-1",0
"CAAGAAAAGTGGAGTC-1",0
"CAAGAAAAGTGTACCT-1",0
"CAAGAAACACGGTGTC-1",1
"CAAGAAATCTGCTTGC-1",10
"CAAGATCAGCTGAAAT-1",1
"CAAGATCGTAAGAGGA-1",4
"CAAGATCGTGCCTTGG-1",2
"CAAGATCTCAACACCA-1",1
"CAAGATCTCTCGATGA-1",0
"CAAGGCCAGGAGTCTG-1",1
"CAAGGCCAGGCTATCT-1",0
"CAAGGCCCACGGTAAG-1",4
"CAAGGCCCATGTTCCC-1",2
"CAAGGCCGTCCGTCAG-1",0
"CAAGGCCTCAACGGGA-1",1
"CAAGGCCTCCTTGACC-1",1
"CAAGGCCTCGTGACAT-1",1
"CAAGTTGAGACAGGCT-1",1
"CAAGTTGAGATGTCGG-1",0
"CAAGTTGAGCGTCAAG-1",0
"CAAGTTGAGCGTTTAC-1",0
"CAAGTTGCACATTAGC-1",0
"CAAGTTGCACGCTTTC-1",4
"CAAGTTGCACGGTGTC-1",4
"CAAGTTGCATTCTTAC-1",7
"CAAGTTGGTACTCAAC-1",0
"CAAGTTGGTCAGGACA-1",1
"CAAGTTGGTCGGCACT-1",0
"CAAGTTGTCAACGAAA-1",5
"CAAGTTGTCACCACCT-1",0
"CAAGTTGTCATTGCCC-1",3
"CAAGTTGTCGAATCCA-1",2
"CAAGTTGTCTACTTAC-1",0
"CACAAACAGGGCTCTC-1",2
"CACAAACAGGGCTTGA-1",1
"CACAAACAGTGACATA-1",7
"CACAAACCAACTGCGC-1",1
"CACAAACCAATAAGCA-1",3
"CACAAACCAATCAGAA-1",1
"CACAAACCACTTAACG-1",2
"CACAAACCATGAACCT-1",0
"CACAAACCATGGTCAT-1",2
"CACAAACGTCAACTGT-1",1
"CACAAACGTCAGAATA-1",1
"CACAAACTCTTCGGTC-1",1
"CACAAACTCTTGGGTA-1",17
"CACACAAAGCGACGTA-1",0
"CACACAAAGGGAGTAA-1",0
"CACACAACAAACGTGG-1",0
"CACACAACACATGACT-1",1
"CACACAACATCGATTG-1",0
"CACACAACATTGGGCC-1",0
"CACACAAGTACGACCC-1",0
"CACACAAGTCAGTGGA-1",0
"CACACAAGTCATCGGC-1",2
"CACACAAGTTTACTCT-1",1
"CACACAATCCACGTGG-1",0
"CACACAATCCACGTTC-1",0
"CACACAATCGGCGCAT-1",0
"CACACCTAGAGACTAT-1",0
"CACACCTAGGACATTA-1",3
"CACACCTAGTCATCCA-1",1
"CACACCTAGTGTGAAT-1",0
"CACACCTCACTGAAGG-1",8
"CACACCTCATAGGATA-1",0
"CACACCTCATAGTAAG-1",3
"CACACCTCATTGGGCC-1",3
"CACACCTGTACAGCAG-1",1
"CACACCTGTACCGCTG-1",0
"CACACCTGTCCAAGTT-1",2
"CACACCTGTGGACGAT-1",5
"CACACCTGTGGTCTCG-1",0
"CACACCTTCATGTCTT-1",2
"CACACCTTCTGGCGAC-1",1
"CACACTCAGGGAAACA-1",3
"CACACTCCAACACCTA-1",0
"CACACTCCAAGGGTCA-1",0
"CACACTCGTGACGCCT-1",2
"CACACTCGTTTGTGTG-1",0
"CACAGGCAGCCATCGC-1",2
"CACAGGCAGGGATGGG-1",2
"CACAGGCCAAGAGTCG-1",1
"CACAGGCCAATGGAGC-1",0
"CACAGGCGTCTAGGTT-1",0
"CACAGGCGTTACGCGC-1",0
"CACAGGCTCGGGAGTA-1",1
"CACAGGCTCTATGTGG-1",4
"CACAGTAAGACGCAAC-1",0
"CACAGTAAGACGCACA-1",0
"CACAGTAAGTGGGCTA-1",8
"CACAGTACAACTGGCC-1",0
"CACAGTACATCGGACC-1",2
"CACAGTAGTTCCATGA-1",4
"CACATAGAGCCCAATT-1",0
"CACATAGAGTGTACTC-1",3
"CACATAGCACTTCTGC-1",0
"CACATAGCAGGGTATG-1",0
"CACATAGTCCTTGCCA-1",1
"CACATAGTCGGCGCAT-1",0
"CACATTTAGCAGATCG-1",0
"CACATTTAGGGCACTA-1",1
"CACATTTCACGGCGTT-1",1
"CACATTTCATTACCTT-1",2
"CACATTTGTCGAACAG-1",5
"CACATTTGTGTTGAGG-1",2
"CACATTTTCCAGAGGA-1",0
"CACATTTTCCGCATCT-1",1
"CACATTTTCTACTATC-1",1
"CACATTTTCTGTGCAA-1",3
"CACCACTAGCCACGTC-1",0
"CACCACTAGTGGTAAT-1",1
"CACCACTAGTTACCCA-1",0
"CACCACTCAAGCCCAC-1",0
"CACCACTCAGTTCATG-1",0
"CACCACTGTTATTCTC-1",1
"CACCACTTCACCGGGT-1",2
"CACCACTTCGAATCCA-1",15
"CACCACTTCGACCAGC-1",1
"CACCACTTCTAACCGA-1",0
"CACCACTTCTTTAGTC-1",0
"CACCAGGCACATTAGC-1",2
"CACCAGGCACTGCCAG-1",2
"CACCAGGCATAAAGGT-1",2
"CACCAGGCATGAACCT-1",1
"CACCAGGGTGAAATCA-1",0
"CACCAGGGTGTTTGGT-1",0
"CACCAGGGTTATCACG-1",2
"CACCAGGTCATGTAGC-1",13
"CACCAGGTCTGCTTGC-1",1
"CACCTTGAGACTTGAA-1",2
"CACCTTGAGTCAATAG-1",1
"CACCTTGCACTAGTAC-1",1
"CACCTTGCAGGCGATA-1",1
"CACCTTGCATTCCTGC-1",1
"CACCTTGGTCATTAGC-1",6
"CACCTTGGTGATGTCT-1",3
"CACCTTGGTGTGAAAT-1",0
"CACCTTGGTTATGTGC-1",0
"CACCTTGTCAACCATG-1",0
"CACCTTGTCATTATCC-1",2
"CACCTTGTCCAAAGTC-1",0
"CACCTTGTCTCACATT-1",1
"CACTCCAAGACAAGCC-1",0
"CACTCCAAGGTACTCT-1",0
"CACTCCACAATGGACG-1",0
"CACTCCAGTACATGTC-1",0
"CACTCCAGTTGTCGCG-1",2
"CACTCCATCAACACAC-1",2
"CACTCCATCCCAGGTG-1",0
"CAGAATCAGAAACCTA-1",0
"CAGAATCAGCCAACAG-1",8
"CAGAATCAGCTGGAAC-1",2
"CAGAATCAGGACTGGT-1",0
"CAGAATCAGTATCGAA-1",1
"CAGAATCCACAGAGGT-1",3
"CAGAATCCAGGGTACA-1",2
"CAGAATCGTAAGTGTA-1",0
"CAGAATCGTAATCACC-1",4
"CAGAATCTCAGTTTGG-1",0
"CAGAATCTCGCAAGCC-1",2
"CAGAATCTCGGTCCGA-1",0
"CAGAATCTCTTGCAAG-1",0
"CAGAATCTCTTGTACT-1",0
"CAGAGAGAGAATTGTG-1",1
"CAGAGAGAGCAATATG-1",1
"CAGAGAGCAAGAAGAG-1",0
"CAGAGAGCACCAGATT-1",0
"CAGAGAGGTAATCACC-1",3
"CAGAGAGGTAGCTGCC-1",0
"CAGAGAGGTAGGACAC-1",0
"CAGAGAGGTATAGGGC-1",3
"CAGAGAGGTCCGAATT-1",0
"CAGAGAGGTTGAGGTG-1",0
"CAGAGAGTCACCCGAG-1",0
"CAGAGAGTCATAACCG-1",2
"CAGAGAGTCCGAACGC-1",1
"CAGAGAGTCTGGTATG-1",5
"CAGATCAAGAGACGAA-1",1
"CAGATCAAGCACCGTC-1",0
"CAGATCAAGCTTCGCG-1",0
"CAGATCAAGGATTCGG-1",0
"CAGATCAAGTGTACCT-1",0
"CAGATCAAGTTTAGGA-1",3
"CAGATCACAATAACGA-1",0
"CAGATCACACACCGAC-1",1
"CAGATCACACGGTAAG-1",0
"CAGATCACACTCTGTC-1",1
"CAGATCACAGCATACT-1",1
"CAGATCACAGTGGGAT-1",10
"CAGATCAGTACCAGTT-1",0
"CAGATCAGTGCGGTAA-1",0
"CAGATCATCTGATACG-1",0
"CAGATCATCTGATTCT-1",7
"CAGCAGCAGATGCCAG-1",2
"CAGCAGCAGGGAACGG-1",0
"CAGCAGCCACCTATCC-1",1
"CAGCAGCCATCACAAC-1",0
"CAGCAGCGTGCTAGCC-1",1
"CAGCAGCTCAACACTG-1",3
"CAGCAGCTCGAACTGT-1",1
"CAGCAGCTCGCCGTGA-1",1
"CAGCATAAGAGACGAA-1",0
"CAGCATAGTCTAGGTT-1",0
"CAGCATAGTTTACTCT-1",2
"CAGCATATCACGAAGG-1",0
"CAGCATATCAGGCAAG-1",0
"CAGCATATCCTTAATC-1",1
"CAGCCGAAGCATCATC-1",2
"CAGCCGAAGTTTCCTT-1",1
"CAGCCGACACGTGAGA-1",2
"CAGCCGACATCAGTCA-1",3
"CAGCCGAGTGATGTCT-1",0
"CAGCCGATCACCAGGC-1",0
"CAGCCGATCCTCAATT-1",1
"CAGCGACAGAAACGCC-1",2
"CAGCGACAGCGTCAAG-1",1
"CAGCGACCAAACGTGG-1",0
"CAGCGACCAAAGCGGT-1",1
"CAGCGACCACGTCAGC-1",1
"CAGCGACCATGGGACA-1",0
"CAGCGACGTCTGATTG-1",0
"CAGCGACGTGGACGAT-1",6
"CAGCGACGTGGTTTCA-1",2
"CAGCGACGTTCGGCAC-1",0
"CAGCGACTCCGCAAGC-1",1
"CAGCGACTCTGGGCCA-1",1
"CAGCTAAAGATGTGTA-1",3
"CAGCTAAAGCAGACTG-1",0
"CAGCTAAAGCTGTTCA-1",4
"CAGCTAAAGGAGCGTT-1",0
"CAGCTAACACAGATTC-1",0
"CAGCTAACATCAGTAC-1",1
"CAGCTAAGTAATCGTC-1",1
"CAGCTAAGTCTCACCT-1",0
"CAGCTAAGTTCGTCTC-1",3
"CAGCTAATCCACGCAG-1",2
"CAGCTAATCCCTAACC-1",0
"CAGCTAATCTGGTTCC-1",0
"CAGCTAATCTTAGCCC-1",4
"CAGCTAATCTTCGGTC-1",4
"CAGCTGGAGACACTAA-1",10
"CAGCTGGAGATCCTGT-1",2
"CAGCTGGCACCAACCG-1",2
"CAGCTGGCAGTGGAGT-1",1
"CAGCTGGCATGCATGT-1",2
"CAGCTGGTCTACCTGC-1",2
"CAGGTGCAGAGACGAA-1",2
"CAGGTGCAGATCCTGT-1",1
"CAGGTGCAGGCATGTG-1",0
"CAGGTGCCAGGAACGT-1",1
"CAGGTGCCATAGTAAG-1",2
"CAGGTGCCATCGGAAG-1",0
"CAGGTGCTCAGTTGAC-1",0
"CAGGTGCTCCAAGTAC-1",0
"CAGGTGCTCTTGTATC-1",2
"CAGTAACAGATATGGT-1",0
"CAGTAACAGATGGCGT-1",1
"CAGTAACCAATCACAC-1",0
"CAGTAACCACTCGACG-1",2
"CAGTAACGTGATAAGT-1",3
"CAGTAACGTGCACCAC-1",2
"CAGTAACTCAGAGGTG-1",2
"CAGTAACTCGTACGGC-1",2
"CAGTAACTCGTGACAT-1",0
"CAGTAACTCTGCCAGG-1",1
"CAGTCCTAGAATCTCC-1",0
"CAGTCCTAGATCTGCT-1",0
"CAGTCCTCAGTATAAG-1",1
"CAGTCCTTCAACACGT-1",1
"CAGTCCTTCCATGAGT-1",0
"CAGTCCTTCCCGACTT-1",0
"CAGTCCTTCCCTTGTG-1",0
"CAGTCCTTCGAACGGA-1",3
"CAGTCCTTCGGTTCGG-1",0
"CAGTCCTTCTACTTAC-1",1
"CATATGGAGAGATGAG-1",2
"CATATGGAGGCATGGT-1",1
"CATATGGAGTATTGGA-1",3
"CATATGGCAAGCGTAG-1",1
"CATATGGGTCGCATAT-1",0
"CATATGGTCATTATCC-1",0
"CATATGGTCATTGCGA-1",5
"CATATTCAGGCGACAT-1",0
"CATATTCCACCACCAG-1",0
"CATATTCGTGACTACT-1",1
"CATATTCGTGGTACAG-1",0
"CATATTCGTGTGACGA-1",0
"CATATTCTCACAGGCC-1",3
"CATATTCTCGCAAACT-1",1
"CATCAAGAGAACTCGG-1",0
"CATCAAGAGATGGCGT-1",0
"CATCAAGAGCCGCCTA-1",2
"CATCAAGCACGAAACG-1",2
"CATCAAGCAGCCTTTC-1",0
"CATCAAGCATGGAATA-1",0
"CATCAAGGTTACTGAC-1",1
"CATCAAGGTTCCATGA-1",0
"CATCAAGTCTAAGCCA-1",2
"CATCAAGTCTGACCTC-1",1
"CATCAGAAGCTAGTCT-1",5
"CATCAGACAAGCCATT-1",1
"CATCAGACAATGACCT-1",3
"CATCAGACACGGCCAT-1",0
"CATCAGACAGACAGGT-1",2
"CATCAGACATAACCTG-1",0
"CATCAGAGTAATTGGA-1",0
"CATCAGAGTACATGTC-1",0
"CATCAGAGTGTTAAGA-1",0
"CATCAGAGTTCAACCA-1",1
"CATCAGATCGTTGACA-1",2
"CATCCACGTAAAGTCA-1",1
"CATCCACGTACCGTAT-1",0
"CATCCACGTGCCTGTG-1",6
"CATCCACGTTTAAGCC-1",5
"CATCGAAAGAGTACAT-1",5
"CATCGAAAGCTGTCTA-1",0
"CATCGAACAAGAGGCT-1",6
"CATCGAACAAGCTGAG-1",0
"CATCGAACACATTTCT-1",2
"CATCGAACATAAAGGT-1",0
"CATCGAAGTAGTACCT-1",1
"CATCGAAGTCCGACGT-1",2
"CATCGAAGTGCACTTA-1",0
"CATCGAATCAAACCAC-1",1
"CATCGAATCCGCGGTA-1",0
"CATCGAATCCGTAGTA-1",1
"CATCGGGAGAAGCCCA-1",0
"CATCGGGAGCGAGAAA-1",0
"CATCGGGAGGGTGTGT-1",1
"CATCGGGAGGTGTTAA-1",0
"CATCGGGAGTGACTCT-1",1
"CATCGGGCACTCAGGC-1",3
"CATCGGGCAGACGCTC-1",1
"CATCGGGCATCACAAC-1",0
"CATCGGGGTCCTCTTG-1",1
"CATCGGGGTGAGGGAG-1",1
"CATCGGGGTTCGAATC-1",0
"CATCGGGTCAGGATCT-1",0
"CATCGGGTCCACGAAT-1",1
"CATCGGGTCGATGAGG-1",2
"CATGACAAGACCACGA-1",3
"CATGACAAGCTCCTCT-1",0
"CATGACAAGTAACCCT-1",2
"CATGACAAGTATCTCG-1",0
"CATGACAGTCGTCTTC-1",7
"CATGACAGTGAACCTT-1",7
"CATGACATCAATAAGG-1",0
"CATGACATCTAACTGG-1",1
"CATGCCTAGACCTAGG-1",1
"CATGCCTAGAGTCTGG-1",1
"CATGCCTCACCACCAG-1",1
"CATGCCTGTCAAAGCG-1",1
"CATGCCTGTCGATTGT-1",1
"CATGCCTTCCACGACG-1",2
"CATGCCTTCCTCATTA-1",1
"CATGCCTTCGCATGAT-1",0
"CATGGCGAGAGCTGGT-1",7
"CATGGCGAGTACGACG-1",1
"CATGGCGTCCAAAGTC-1",0
"CATGGCGTCCCTTGTG-1",0
"CATGGCGTCGGCCGAT-1",0
"CATGGCGTCTCAAACG-1",5
"CATGGCGTCTGCCCTA-1",4
"CATTATCAGACCCACC-1",0
"CATTATCAGTCCCACG-1",1
"CATTATCCAAGTCTGT-1",2
"CATTATCCAGGGCATA-1",0
"CATTATCGTCAATGTC-1",1
"CATTATCTCACAAACC-1",1
"CATTATCTCAGATAAG-1",1
"CATTATCTCGCGTTTC-1",0
"CATTATCTCGTTGCCT-1",4
"CATTATCTCTATCCCG-1",0
"CATTATCTCTTAACCT-1",0
"CATTCGCAGGTGCTAG-1",1
"CATTCGCCAAGGGTCA-1",2
"CATTCGCCAGCCTATA-1",1
"CATTCGCCATACAGCT-1",2
"CATTCGCCATGGATGG-1",2
"CATTCGCCATGTCTCC-1",0
"CATTCGCCATTCACTT-1",1
"CATTCGCGTAGCACGA-1",2
"CATTCGCTCATCACCC-1",0
"CCAATCCAGACCACGA-1",1
"CCAATCCAGATATGGT-1",1
"CCAATCCAGTCGAGTG-1",0
"CCAATCCAGTCGTTTG-1",0
"CCAATCCAGTTTAGGA-1",1
"CCAATCCCAAGCGAGT-1",2
"CCAATCCTCGGACAAG-1",2
"CCAATCCTCTACCTGC-1",0
"CCACCTAAGCAGACTG-1",0
"CCACCTAAGGATGGTC-1",5
"CCACCTAAGTCGAGTG-1",0
"CCACCTAAGTGGGATC-1",1
"CCACCTAAGTGTGGCA-1",1
"CCACCTACAACAACCT-1",1
"CCACCTACAAGCCGCT-1",0
"CCACCTACAATCTACG-1",0
"CCACCTAGTAGTACCT-1",0
"CCACCTAGTCGCGTGT-1",0
"CCACCTAGTGGGTCAA-1",0
"CCACCTATCAGTTGAC-1",0
"CCACCTATCTGATACG-1",0
"CCACGGAAGACACGAC-1",0
"CCACGGAAGGGAACGG-1",5
"CCACGGACATGTCGAT-1",3
"CCACGGAGTAAGGGCT-1",3
"CCACGGAGTCAGATAA-1",3
"CCACGGAGTCCGTGAC-1",11
"CCACGGAGTGTAATGA-1",0
"CCACGGAGTTCTGAAC-1",5
"CCACGGATCACATAGC-1",1
"CCACGGATCCACGTGG-1",0
"CCACGGATCTACTATC-1",1
"CCACGGATCTAGAGTC-1",1
"CCACTACAGAGTACCG-1",0
"CCACTACAGCTTTGGT-1",0
"CCACTACCAGCAGTTT-1",0
"CCACTACCAGTAGAGC-1",2
"CCACTACGTCCGAATT-1",1
"CCACTACGTCTCAACA-1",1
"CCACTACGTGACAAAT-1",12
"CCACTACGTGACCAAG-1",0
"CCACTACGTGCACGAA-1",0
"CCACTACTCACTCTTA-1",0
"CCACTACTCCGCATCT-1",0
"CCACTACTCGGAAATA-1",1
"CCACTACTCTCGTATT-1",2
"CCACTACTCTCGTTTA-1",3
"CCAGCGAAGCCCAACC-1",2
"CCAGCGACATCGGGTC-1",0
"CCAGCGACATGTCCTC-1",1
"CCAGCGAGTAGGCATG-1",0
"CCAGCGAGTCCGTTAA-1",0
"CCAGCGATCAGAAATG-1",0
"CCATGTCAGCGATCCC-1",1
"CCATGTCAGGTCGGAT-1",1
"CCATGTCAGGTTACCT-1",3
"CCATGTCCAAGCTGGA-1",0
"CCATGTCCACATCCGG-1",0
"CCATGTCGTCCAGTAT-1",0
"CCATGTCTCCAAGTAC-1",0
"CCATGTCTCTTGTATC-1",1
"CCATTCGCAGTACACT-1",6
"CCATTCGCAGTTTACG-1",2
"CCATTCGGTAATCGTC-1",0
"CCATTCGGTATTACCG-1",1
"CCATTCGTCGTAGGAG-1",0
"CCCAATCAGTCACGCC-1",1
"CCCAATCCAGGTGGAT-1",2
"CCCAATCGTGAAGGCT-1",1
"CCCAATCGTTGGAGGT-1",1
"CCCAATCTCACATGCA-1",0
"CCCAATCTCCAGTATG-1",0
"CCCAATCTCGGAGCAA-1",1
"CCCAGTTAGAATAGGG-1",0
"CCCAGTTAGATCCCGC-1",0
"CCCAGTTAGCGTGAAC-1",2
"CCCAGTTAGGAATCGC-1",0
"CCCAGTTAGTCCGGTC-1",0
"CCCAGTTAGTTTGCGT-1",0
"CCCAGTTGTACATGTC-1",1
"CCCAGTTGTCTGCAAT-1",2
"CCCAGTTTCTGAAAGA-1",4
"CCCATACAGGGTTCCC-1",2
"CCCATACAGTGTTTGC-1",1
"CCCATACCAAAGGTGC-1",2
"CCCATACCAACACCCG-1",1
"CCCATACCAGCAGTTT-1",0
"CCCATACGTATTACCG-1",2
"CCCATACGTCAATACC-1",1
"CCCATACGTCTAGTCA-1",4
"CCCATACGTTGAGTTC-1",1
"CCCATACTCAATAAGG-1",3
"CCCATACTCAGCGACC-1",1
"CCCATACTCATCACCC-1",1
"CCCATACTCCGTAGGC-1",0
"CCCTCCTAGGAATCGC-1",3
"CCCTCCTCACGTCTCT-1",1
"CCCTCCTCAGCTTAAC-1",1
"CCCTCCTCATATGAGA-1",1
"CCCTCCTCATCACGTA-1",1
"CCCTCCTGTATGGTTC-1",0
"CCCTCCTGTTAGATGA-1",0
"CCCTCCTTCAATCACG-1",1
"CCCTCCTTCCGCAGTG-1",1
"CCGGGATAGCTTCGCG-1",0
"CCGGGATAGGCGACAT-1",1
"CCGGGATAGGCTAGGT-1",0
"CCGGGATCACAGTCGC-1",1
"CCGGGATGTATAGGTA-1",5
"CCGGGATTCAGAGCTT-1",1
"CCGGGATTCGCTAGCG-1",0
"CCGGGATTCGCTTGTC-1",0
"CCGGTAGAGCGTCTAT-1",1
"CCGGTAGAGTACGCCC-1",1
"CCGGTAGCACATAACC-1",2
"CCGGTAGCACGCATCG-1",0
"CCGGTAGGTACTTCTT-1",0
"CCGGTAGGTCAAACTC-1",3
"CCGGTAGTCGTCCGTT-1",1
"CCGTACTAGAGAACAG-1",0
"CCGTACTAGTCCGTAT-1",0
"CCGTACTCAAGCCCAC-1",0
"CCGTACTCAAGCGAGT-1",1
"CCGTACTCATCCCACT-1",1
"CCGTACTGTACAGCAG-1",0
"CCGTACTGTAGCGCTC-1",0
"CCGTACTGTGCGGTAA-1",2
"CCGTACTTCGTTACAG-1",5
"CCGTGGAAGACGCACA-1",0
"CCGTGGAAGAGTTGGC-1",0
"CCGTGGAAGGTGATAT-1",2
"CCGTGGAAGGTTCCTA-1",8
"CCGTGGACAGCCTTGG-1",0
"CCGTGGAGTTCCATGA-1",1
"CCGTGGATCTAACTTC-1",1
"CCGTGGATCTCTGTCG-1",0
"CCGTTCAAGCGTAATA-1",0
"CCGTTCAAGTACGATA-1",1
"CCGTTCAAGTAGATGT-1",0
"CCGTTCACAGGATCGA-1",0
"CCGTTCAGTATAGGGC-1",1
"CCGTTCAGTCGCGAAA-1",1
"CCGTTCATCGTACCGG-1",0
"CCTAAAGAGAGTTGGC-1",1
"CCTAAAGCAAACCTAC-1",0
"CCTAAAGCATGTCTCC-1",0
"CCTAAAGGTACTCAAC-1",4
"CCTAAAGGTCGGCACT-1",2
"CCTAAAGGTGTAATGA-1",1
"CCTAAAGTCACCGTAA-1",0
"CCTAAAGTCAGCGATT-1",0
"CCTAAAGTCGGCGCTA-1",2
"CCTAAAGTCGGTCCGA-1",0
"CCTACACAGGACCACA-1",1
"CCTACACAGGGTGTTG-1",3
"CCTACACCAGTAAGAT-1",0
"CCTACACGTATAGTAG-1",0
"CCTACACGTCCGAACC-1",5
"CCTACACGTGGGTCAA-1",0
"CCTACACGTTTGACTG-1",0
"CCTACACTCGGCGCTA-1",1
"CCTACACTCGTGACAT-1",1
"CCTACCAAGATAGGAG-1",0
"CCTACCAAGCAAATCA-1",1
"CCTACCAAGCGTAGTG-1",0
"CCTACCAAGCTTCGCG-1",1
"CCTACCAAGTGCGATG-1",0
"CCTACCAGTATCAGTC-1",0
"CCTACCAGTCTCTCTG-1",0
"CCTACCAGTCTTTCAT-1",0
"CCTACCATCAGCACAT-1",3
"CCTACCATCGCCAGCA-1",0
"CCTAGCTAGCAAATCA-1",0
"CCTAGCTAGCTCCTCT-1",2
"CCTAGCTAGGTTACCT-1",0
"CCTAGCTAGTACGCGA-1",1
"CCTAGCTCAATGAATG-1",0
"CCTAGCTCAATGGTCT-1",1
"CCTAGCTCACATCCAA-1",2
"CCTAGCTCAGCCAGAA-1",0
"CCTAGCTGTAGAAAGG-1",0
"CCTAGCTGTCACCCAG-1",0
"CCTAGCTGTCTGATTG-1",5
"CCTAGCTTCACGATGT-1",1
"CCTAGCTTCGTAGGAG-1",1
"CCTATTAAGAATTCCC-1",3
"CCTATTAAGCAGGCTA-1",6
"CCTATTAAGCAGGTCA-1",5
"CCTATTAAGGGAGTAA-1",1
"CCTATTAAGGTAGCCA-1",4
"CCTATTACACAACTGT-1",1
"CCTATTACACATCCGG-1",0
"CCTATTAGTCAATACC-1",0
"CCTATTATCATCACCC-1",0
"CCTATTATCTGCGACG-1",1
"CCTCAGTAGCTAACTC-1",1
"CCTCAGTCAGGTGGAT-1",0
"CCTCAGTGTCCATCCT-1",2
"CCTCAGTGTCCGACGT-1",0
"CCTCAGTGTCTTGTCC-1",2
"CCTCAGTGTGGGTATG-1",1
"CCTCTGAAGTATCGAA-1",1
"CCTCTGAAGTGGGTTG-1",1
"CCTCTGACAAGCTGTT-1",0
"CCTCTGACACCGATAT-1",9
"CCTCTGACAGATGAGC-1",1
"CCTCTGAGTCAATACC-1",1
"CCTCTGAGTCCGAACC-1",0
"CCTCTGAGTCGTGGCT-1",2
"CCTCTGAGTCTGATTG-1",0
"CCTCTGATCTGAGGGA-1",0
"CCTTACGCAAGCGTAG-1",3
"CCTTACGCACCAACCG-1",0
"CCTTACGGTCATCCCT-1",0
"CCTTACGGTCCTCTTG-1",2
"CCTTACGTCACAACGT-1",1
"CCTTACGTCATCTGCC-1",4
"CCTTACGTCGGAGGTA-1",0
"CCTTCCCAGAGACTAT-1",8
"CCTTCCCAGCTAGGCA-1",0
"CCTTCCCAGGACGAAA-1",2
"CCTTCCCAGGGCATGT-1",0
"CCTTCCCAGGTACTCT-1",0
"CCTTCCCCATGATCCA-1",1
"CCTTCCCTCAAGGCTT-1",8
"CCTTCCCTCTATCCTA-1",0
"CCTTCCCTCTATCGCC-1",0
"CCTTCGAAGGCGCTCT-1",2
"CCTTCGACAACACCCG-1",3
"CCTTCGACAGCGATCC-1",1
"CCTTCGAGTAAGCACG-1",1
"CCTTCGAGTCCATGAT-1",1
"CCTTCGAGTGTGACCC-1",3
"CCTTCGAGTTGGTGGA-1",1
"CCTTCGATCACAGTAC-1",5
"CCTTCGATCCTATGTT-1",2
"CCTTCGATCGCACTCT-1",1
"CCTTTCTAGACGCTTT-1",0
"CCTTTCTAGGGCACTA-1",0
"CCTTTCTAGTGGAGTC-1",1
"CCTTTCTCAGACAAGC-1",4
"CCTTTCTCATCACGAT-1",2
"CCTTTCTCATGCCCGA-1",1
"CCTTTCTTCCCACTTG-1",0
"CCTTTCTTCTTTACGT-1",0
"CGAACATCACATGACT-1",5
"CGAACATCACTTGGAT-1",1
"CGAACATCAGTCCTTC-1",0
"CGAACATGTCTGATTG-1",0
"CGAACATGTGCTGTAT-1",1
"CGAACATTCTCAAACG-1",1
"CGAATGTAGAGGTTAT-1",0
"CGAATGTAGCGATAGC-1",2
"CGAATGTAGTTCGCAT-1",0
"CGAATGTCAATGCCAT-1",2
"CGAATGTGTCTAGTCA-1",2
"CGAATGTGTCTCACCT-1",0
"CGAATGTTCAACACAC-1",0
"CGAATGTTCATCACCC-1",1
"CGAATGTTCTGTACGA-1",0
"CGACCTTAGCTACCGC-1",1
"CGACCTTAGCTAGTCT-1",1
"CGACCTTCAAAGTGCG-1",3
"CGACCTTCACGAAATA-1",0
"CGACCTTGTAAGTGTA-1",3
"CGACCTTGTCAGAATA-1",0
"CGACCTTGTCTCCCTA-1",0
"CGACCTTGTCTCTTAT-1",0
"CGACCTTTCCGCGTTT-1",0
"CGACCTTTCGTTTATC-1",0
"CGACCTTTCTCCAGGG-1",0
"CGACTTCAGACACGAC-1",3
"CGACTTCAGGTAGCCA-1",0
"CGACTTCAGTCTTGCA-1",3
"CGACTTCCAATGGACG-1",2
"CGACTTCGTGGTGTAG-1",2
"CGACTTCGTTGAGTTC-1",0
"CGACTTCTCACTTACT-1",6
"CGACTTCTCTCGCTTG-1",4
"CGAGAAGAGAAACGCC-1",0
"CGAGAAGAGCCAACAG-1",0
"CGAGAAGAGCGTGTCC-1",15
"CGAGAAGCAAGTTCTG-1",0
"CGAGAAGCACATCCGG-1",1
"CGAGAAGCAGGCTGAA-1",3
"CGAGAAGTCGGATGGA-1",2
"CGAGCACAGCCAGAAC-1",1
"CGAGCACCACATGTGT-1",1
"CGAGCACGTAGCGTCC-1",0
"CGAGCACGTAGCGTGA-1",1
"CGAGCACGTCAGATAA-1",1
"CGAGCACGTGCCTTGG-1",13
"CGAGCACTCCCGGATG-1",0
"CGAGCACTCCGCTGTT-1",0
"CGAGCACTCGGAAATA-1",0
"CGAGCACTCGTGACAT-1",4
"CGAGCCAAGCTAGCCC-1",1
"CGAGCCAGTATATCCG-1",2
"CGAGCCAGTCAAGCGA-1",5
"CGATCGGAGAGCCTAG-1",12
"CGATCGGAGTACGATA-1",1
"CGATCGGCAAACGCGA-1",1
"CGATCGGCAAGCGATG-1",0
"CGATCGGCAATACGCT-1",1
"CGATCGGCAGTTAACC-1",3
"CGATCGGCATACTCTT-1",0
"CGATCGGGTCGACTGC-1",1
"CGATCGGTCAACGGGA-1",0
"CGATCGGTCTAGCACA-1",0
"CGATGGCAGCCGTCGT-1",5
"CGATGGCAGTCCAGGA-1",0
"CGATGGCCACTTAACG-1",1
"CGATGGCCAGCGTAAG-1",6
"CGATGGCCATCATCCC-1",1
"CGATGGCTCCTAGAAC-1",2
"CGATGGCTCGCTAGCG-1",0
"CGATGGCTCTGACCTC-1",1
"CGATGTAAGGCAATTA-1",11
"CGATGTAAGTTTGCGT-1",0
"CGATGTACACAGGCCT-1",0
"CGATGTACAGGTCTCG-1",0
"CGATGTAGTCCAGTGC-1",0
"CGATGTAGTCTAGGTT-1",0
"CGATGTAGTGTGCCTG-1",0
"CGATGTAGTTTGCATG-1",1
"CGATTGAAGATGTGGC-1",0
"CGATTGACAGACGCAA-1",1
"CGATTGAGTATGGTTC-1",0
"CGATTGAGTTCAGACT-1",1
"CGATTGATCATGGTCA-1",0
"CGATTGATCTGCGGCA-1",0
"CGCCAAGAGAATGTTG-1",1
"CGCCAAGAGACCTTTG-1",2
"CGCCAAGAGATCGGGT-1",1
"CGCCAAGAGATCTGAA-1",1
"CGCCAAGAGCGTGTCC-1",1
"CGCCAAGGTCTAGGTT-1",0
"CGCCAAGTCAGGATCT-1",1
"CGCCAAGTCCACTCCA-1",3
"CGCCAAGTCTTGTTTG-1",1
"CGCGGTAAGCTAGCCC-1",0
"CGCGGTAAGGGTTCCC-1",0
"CGCGGTACAAACTGCT-1",1
"CGCGGTACAATGGAAT-1",1
"CGCGGTACAGCTGTTA-1",0
"CGCGGTAGTCAAGCGA-1",0
"CGCGGTAGTGAGGCTA-1",0
"CGCGGTAGTTTGCATG-1",3
"CGCGTTTAGTTATCGC-1",2
"CGCGTTTCAACAACCT-1",1
"CGCGTTTCAAGCGAGT-1",0
"CGCGTTTCAATGGACG-1",1
"CGCGTTTCACGGTGTC-1",4
"CGCGTTTGTGCTGTAT-1",1
"CGCGTTTGTGGACGAT-1",1
"CGCGTTTTCAAACCGT-1",3
"CGCGTTTTCAGCCTAA-1",0
"CGCGTTTTCCTATGTT-1",0
"CGCGTTTTCGTGGTCG-1",3
"CGCTATCAGAAACCGC-1",0
"CGCTATCAGTCATCCA-1",0
"CGCTATCCAAGCGAGT-1",1
"CGCTATCCAGTCGATT-1",1
"CGCTATCCATCGACGC-1",12
"CGCTATCCATTTCAGG-1",1
"CGCTATCGTACCGAGA-1",1
"CGCTATCGTTCGAATC-1",3
"CGCTATCGTTTCGCTC-1",3
"CGCTATCTCGTTACAG-1",2
"CGCTGGAAGGACATTA-1",0
"CGCTGGAAGGGCACTA-1",0
"CGCTGGAAGGTGATAT-1",0
"CGCTGGACAGACTCGC-1",2
"CGCTGGAGTGTAATGA-1",0
"CGCTGGAGTTCTGGTA-1",0
"CGCTGGATCCGAAGAG-1",1
"CGCTGGATCCGTTGCT-1",0
"CGCTGGATCGTAGGAG-1",10
"CGCTGGATCGTTACAG-1",0
"CGCTTCAAGAAGGGTA-1",2
"CGCTTCAAGGTCGGAT-1",0
"CGCTTCACACGGTGTC-1",1
"CGCTTCACAGACAAGC-1",1
"CGCTTCACATCACCCT-1",2
"CGCTTCAGTCGCGGTT-1",5
"CGCTTCATCTTAGAGC-1",3
"CGGACACAGCGATATA-1",4
"CGGACACAGCGATGAC-1",0
"CGGACACAGCTTCGCG-1",0
"CGGACACAGGTAAACT-1",0
"CGGACACAGTAGCCGA-1",3
"CGGACACCACAGGAGT-1",1
"CGGACACCATTCACTT-1",1
"CGGACACGTGAGCGAT-1",1
"CGGACACGTGCTCTTC-1",2
"CGGACACGTGTGACCC-1",0
"CGGACGTAGGTTACCT-1",0
"CGGACGTCATGGGACA-1",3
"CGGACGTGTGAAAGAG-1",0
"CGGACGTGTTGGTAAA-1",1
"CGGACGTTCATGTGGT-1",2
"CGGACGTTCTGTCCGT-1",1
"CGGACTGAGGAGCGAG-1",1
"CGGACTGAGGAGTCTG-1",0
"CGGACTGAGTGGTAGC-1",2
"CGGACTGCAACTTGAC-1",3
"CGGACTGCAATGACCT-1",0
"CGGACTGCACAACGTT-1",2
"CGGACTGCACGCCAGT-1",0
"CGGACTGCAGTATGCT-1",1
"CGGACTGGTAAAGGAG-1",1
"CGGACTGGTATAAACG-1",2
"CGGACTGGTGTAAGTA-1",1
"CGGACTGGTGTGGTTT-1",1
"CGGACTGGTTGACGTT-1",1
"CGGACTGTCATTGCCC-1",1
"CGGACTGTCCATGCTC-1",1
"CGGACTGTCCGTCAAA-1",2
"CGGACTGTCGTTTGCC-1",0
"CGGACTGTCTTCATGT-1",1
"CGGAGCTAGTTTAGGA-1",0
"CGGAGCTCATTGAGCT-1",1
"CGGAGCTGTAGAAAGG-1",1
"CGGAGCTTCACTTATC-1",2
"CGGAGCTTCATGTAGC-1",0
"CGGAGCTTCCACGAAT-1",0
"CGGAGTCAGTGCGATG-1",1
"CGGAGTCAGTGTGAAT-1",0
"CGGAGTCCAGTGGGAT-1",3
"CGGAGTCCATTATCTC-1",2
"CGGAGTCGTAGCTGCC-1",1
"CGGAGTCGTCCAGTGC-1",0
"CGGAGTCGTGTTCGAT-1",2
"CGGAGTCTCCCAGGTG-1",4
"CGGAGTCTCCGTAGTA-1",0
"CGGCTAGAGAAACGCC-1",1
"CGGCTAGAGCACCGTC-1",0
"CGGCTAGAGCTAAACA-1",0
"CGGCTAGCAGACAAAT-1",1
"CGGCTAGGTAACGCGA-1",0
"CGGCTAGGTTCATGGT-1",0
"CGGCTAGTCAAAGACA-1",0
"CGGCTAGTCGTGGGAA-1",1
"CGGCTAGTCTTGTTTG-1",0
"CGGGTCAAGAGTCGGT-1",1
"CGGGTCAAGCACACAG-1",2
"CGGGTCAAGCTAACTC-1",1
"CGGGTCAAGGACACCA-1",0
"CGGGTCAAGTATGACA-1",1
"CGGGTCACAATGACCT-1",3
"CGGGTCACACCGAAAG-1",0
"CGGGTCACAGCCACCA-1",1
"CGGGTCACATACAGCT-1",1
"CGGGTCACATCCTTGC-1",2
"CGGGTCAGTAGCGCTC-1",4
"CGGGTCAGTCGATTGT-1",1
"CGGGTCAGTGCAACTT-1",0
"CGGGTCAGTTGTTTGG-1",1
"CGGGTCATCAACACCA-1",7
"CGGGTCATCACCTTAT-1",0
"CGGGTCATCCACGACG-1",0
"CGGTTAACAGGACCCT-1",1
"CGGTTAACATGTCCTC-1",2
"CGGTTAACATTCCTGC-1",0
"CGGTTAAGTCGACTGC-1",1
"CGGTTAATCCGGCACA-1",0
"CGGTTAATCCTTTCGG-1",2
"CGGTTAATCTTATCTG-1",2
"CGTAGCGAGATGTAAC-1",11
"CGTAGCGAGGCAATTA-1",2
"CGTAGCGAGTAGGTGC-1",0
"CGTAGCGCAAGCGCTC-1",0
"CGTAGCGTCCAACCAA-1",1
"CGTAGCGTCGGCGGTT-1",1
"CGTAGGCAGGGCTCTC-1",1
"CGTAGGCCAAGCGATG-1",0
"CGTAGGCCACTAAGTC-1",1
"CGTAGGCCAGAGTGTG-1",0
"CGTAGGCCATCCCATC-1",17
"CGTAGGCGTATTAGCC-1",1
"CGTAGGCGTCAATACC-1",1
"CGTAGGCGTGGCGAAT-1",0
"CGTAGGCTCCAGAAGG-1",1
"CGTCACTAGTCATGCT-1",1
"CGTCACTCAAAGCGGT-1",3
"CGTCACTCAGGTCCAC-1",0
"CGTCACTCAGTCACTA-1",0
"CGTCACTTCCTTGACC-1",1
"CGTCACTTCGGTGTTA-1",0
"CGTCACTTCTGTGCAA-1",4
"CGTCACTTCTTGAGAC-1",0
"CGTCAGGAGCTGTTCA-1",0
"CGTCAGGCAAAGCAAT-1",0
"CGTCAGGCAAAGCGGT-1",6
"CGTCAGGCAACACGCC-1",0
"CGTCAGGCATCCGCGA-1",2
"CGTCAGGGTCAGCTAT-1",2
"CGTCAGGGTCGTTGTA-1",1
"CGTCAGGGTGTAAGTA-1",0
"CGTCAGGTCCACTGGG-1",2
"CGTCAGGTCGACAGCC-1",1
"CGTCAGGTCGGGAGTA-1",0
"CGTCCATAGACCACGA-1",0
"CGTCCATAGCGATTCT-1",3
"CGTCCATAGGCTATCT-1",0
"CGTCCATAGTCTCAAC-1",0
"CGTCCATCACGACTCG-1",3
"CGTCCATCATTCACTT-1",4
"CGTCCATGTCTAGCGC-1",0
"CGTCCATGTGATAAAC-1",3
"CGTCCATGTTTGGGCC-1",1
"CGTCCATGTTTGTGTG-1",1
"CGTCCATTCAACACCA-1",1
"CGTCCATTCATTCACT-1",0
"CGTCTACAGTGCGTGA-1",2
"CGTCTACGTAGTAGTA-1",0
"CGTCTACTCGAGCCCA-1",1
"CGTCTACTCGCCATAA-1",0
"CGTCTACTCGGCCGAT-1",3
"CGTCTACTCGTCCAGG-1",3
"CGTCTACTCTATCGCC-1",0
"CGTGAGCAGATCTGAA-1",3
"CGTGAGCAGCAATCTC-1",2
"CGTGAGCAGCGGATCA-1",1
"CGTGAGCAGCTAGTGG-1",7
"CGTGAGCAGCTTCGCG-1",0
"CGTGAGCAGGGCACTA-1",0
"CGTGAGCAGGGTGTGT-1",1
"CGTGAGCAGTGGAGAA-1",2
"CGTGAGCCAAGCCGCT-1",3
"CGTGAGCCACGTAAGG-1",1
"CGTGAGCCATACGCCG-1",0
"CGTGAGCGTAGATTAG-1",1
"CGTGAGCGTCTCTTAT-1",2
"CGTGAGCTCACAAACC-1",4
"CGTGAGCTCCAAATGC-1",1
"CGTGAGCTCCGAGCCA-1",2
"CGTGAGCTCGTTGCCT-1",2
"CGTGAGCTCTGGGCCA-1",2
"CGTGTAAAGATAGTCA-1",0
"CGTGTAAAGGTGTTAA-1",2
"CGTGTAAAGTACATGA-1",0
"CGTGTAACATGGGACA-1",0
"CGTGTAAGTCCGCTGA-1",0
"CGTGTAAGTGTCTGAT-1",4
"CGTGTAATCTACTATC-1",1
"CGTGTAATCTCGATGA-1",6
"CGTGTAATCTTTAGTC-1",5
"CGTGTCTAGGCGCTCT-1",0
"CGTGTCTAGGGATGGG-1",2
"CGTGTCTCAGACAAAT-1",0
"CGTGTCTCAGACACTT-1",3
"CGTGTCTGTAAGAGGA-1",4
"CGTGTCTGTATATGAG-1",2
"CGTGTCTGTCAAAGCG-1",1
"CGTGTCTGTTCCGTCT-1",0
"CGTGTCTTCAATCACG-1",8
"CGTGTCTTCAGAGGTG-1",1
"CGTGTCTTCATAGCAC-1",0
"CGTGTCTTCCGAACGC-1",0
"CGTGTCTTCGGCATCG-1",1
"CGTGTCTTCGTGGACC-1",0
"CGTGTCTTCTACTTAC-1",1
"CGTGTCTTCTGAGTGT-1",2
"CGTTAGAAGATCTGAA-1",0
"CGTTAGAAGGCCCTTG-1",1
"CGTTAGACACGAAAGC-1",1
"CGTTAGACAGCTTCGG-1",0
"CGTTAGAGTTTAAGCC-1",1
"CGTTAGATCACTTATC-1",0
"CGTTAGATCAGCCTAA-1",0
"CGTTCTGAGAAGGGTA-1",1
"CGTTCTGAGACTAGGC-1",0
"CGTTCTGAGTGAACAT-1",0
"CGTTCTGCAGCTCGCA-1",2
"CGTTCTGCATTGGCGC-1",0
"CGTTCTGGTGAGGGTT-1",1
"CGTTCTGTCTGATTCT-1",1
"CGTTGGGAGCTAGTTC-1",2
"CGTTGGGAGGATGCGT-1",0
"CGTTGGGCACATTAGC-1",0
"CGTTGGGCAGACAGGT-1",0
"CGTTGGGGTTCCCGAG-1",0
"CGTTGGGTCATGCTCC-1",0
"CGTTGGGTCCATGAAC-1",3
"CGTTGGGTCTACCAGA-1",0
"CTAACTTAGTCCTCCT-1",2
"CTAACTTCAATAGCAA-1",1
"CTAACTTCAATCGGTT-1",0
"CTAACTTGTGAGGCTA-1",1
"CTAACTTTCGTACGGC-1",1
"CTAACTTTCTGGCGTG-1",0
"CTAAGACAGGGAAACA-1",1
"CTAAGACAGTACATGA-1",4
"CTAAGACAGTTCGCGC-1",0
"CTAAGACCAAGTAATG-1",0
"CTAAGACCAGTAAGAT-1",0
"CTAAGACCATGCAATC-1",0
"CTAAGACGTAAGGATT-1",0
"CTAAGACGTATCAGTC-1",0
"CTAAGACGTCACCTAA-1",7
"CTAAGACTCGTTGCCT-1",3
"CTAAGACTCTTACCGC-1",2
"CTAAGACTCTTGAGGT-1",1
"CTAATGGAGCAATCTC-1",1
"CTAATGGAGCGCTCCA-1",0
"CTAATGGAGCTCCCAG-1",2
"CTAATGGAGCTGAAAT-1",2
"CTAATGGAGTTAGGTA-1",0
"CTAATGGCATGGAATA-1",6
"CTAATGGGTACCGCTG-1",0
"CTAATGGGTCTAGCGC-1",0
"CTAATGGGTGAGGGAG-1",1
"CTAATGGGTTGGTGGA-1",0
"CTAATGGTCATGCTCC-1",1
"CTAATGGTCCACTGGG-1",1
"CTAATGGTCCGTTGCT-1",1
"CTAATGGTCCTAGAAC-1",2
"CTACACCAGTGCGATG-1",2
"CTACACCCACGGACAA-1",0
"CTACACCGTAATAGCA-1",0
"CTACACCGTCTGATTG-1",0
"CTACACCGTTCGTCTC-1",0
"CTACACCTCAGAAATG-1",2
"CTACACCTCGGCTTGG-1",1
"CTACACCTCGGTCCGA-1",1
"CTACACCTCTCGCATC-1",2
"CTACACCTCTCTGCTG-1",2
"CTACATTAGATCACGG-1",1
"CTACATTCACTCGACG-1",1
"CTACATTCATTTCACT-1",0
"CTACATTGTGATGATA-1",0
"CTACATTGTTCGAATC-1",0
"CTACATTTCAACGCTA-1",1
"CTACATTTCGCCATAA-1",0
"CTACATTTCTAGCACA-1",12
"CTACCCACACAGAGGT-1",0
"CTACCCACACGACGAA-1",2
"CTACCCACATGGTTGT-1",0
"CTACCCAGTATCTGCA-1",1
"CTACCCAGTATGAATG-1",1
"CTACCCAGTCAGAAGC-1",0
"CTACCCAGTGTGACCC-1",1
"CTACCCAGTTATGTGC-1",2
"CTACCCATCTACGAGT-1",0
"CTACGTCAGGTGCAAC-1",1
"CTACGTCAGTGCGATG-1",1
"CTACGTCAGTTGTCGT-1",4
"CTACGTCCATATACCG-1",0
"CTACGTCGTATATGGA-1",6
"CTACGTCGTGTGGTTT-1",1
"CTACGTCTCAAAGTAG-1",1
"CTACGTCTCACGACTA-1",5
"CTACGTCTCACGGTTA-1",0
"CTACGTCTCCTAGAAC-1",0
"CTAGAGTAGCTGTCTA-1",27
"CTAGAGTAGGATCGCA-1",1
"CTAGAGTAGTCCATAC-1",0
"CTAGAGTCACATTAGC-1",3
"CTAGAGTCAGTATGCT-1",2
"CTAGAGTCATACTCTT-1",5
"CTAGAGTCATGTAAGA-1",0
"CTAGAGTGTGACCAAG-1",0
"CTAGAGTTCAACACCA-1",2
"CTAGAGTTCCGTCAAA-1",1
"CTAGAGTTCCTAAGTG-1",1
"CTAGAGTTCGCCAGCA-1",1
"CTAGAGTTCGCTTAGA-1",11
"CTAGAGTTCGTGACAT-1",0
"CTAGAGTTCTGATTCT-1",9
"CTAGCCTCACCAGATT-1",0
"CTAGCCTGTATATCCG-1",0
"CTAGCCTGTGATGCCC-1",2
"CTAGCCTTCGGGAGTA-1",6
"CTAGTGAAGCTGGAAC-1",0
"CTAGTGAAGTGTACCT-1",0
"CTAGTGACAAGTCTAC-1",1
"CTAGTGACAGGATCGA-1",7
"CTAGTGAGTTATGCGT-1",1
"CTAGTGATCAGTTGAC-1",1
"CTAGTGATCCAGTAGT-1",0
"CTCACACAGCTAAGAT-1",1
"CTCACACAGCTGCCCA-1",3
"CTCACACAGGATGCGT-1",0
"CTCACACCACGTAAGG-1",0
"CTCACACCACTGTTAG-1",1
"CTCACACCATATACGC-1",0
"CTCACACGTGCTGTAT-1",1
"CTCACACGTTCCATGA-1",0
"CTCACACGTTTGGGCC-1",0
"CTCACACTCACCGGGT-1",1
"CTCACACTCATCGGAT-1",6
"CTCACACTCCGCGCAA-1",0
"CTCACACTCTAACCGA-1",8
"CTCAGAAAGAGCTGCA-1",0
"CTCAGAAAGGAGTAGA-1",1
"CTCAGAACAACGCACC-1",1
"CTCAGAACAAGCGATG-1",1
"CTCAGAACAGGGCATA-1",1
"CTCAGAAGTGACGGTA-1",3
"CTCAGAATCTTAACCT-1",2
"CTCATTAAGAACTGTA-1",1
"CTCATTACATGGTCAT-1",0
"CTCATTAGTGTAACGG-1",0
"CTCATTAGTTTACTCT-1",5
"CTCCTAGCAAGTACCT-1",2
"CTCCTAGCAATTCCTT-1",1
"CTCCTAGCACTGTCGG-1",0
"CTCCTAGCAGTCCTTC-1",3
"CTCCTAGCATAACCTG-1",0
"CTCCTAGCATGCGCAC-1",1
"CTCCTAGGTAGAAAGG-1",1
"CTCCTAGGTCCGAGTC-1",1
"CTCCTAGGTCTAGCCG-1",0
"CTCCTAGGTGTTTGTG-1",1
"CTCCTAGGTTCGTGAT-1",0
"CTCCTAGGTTGTTTGG-1",0
"CTCCTAGTCACTTACT-1",0
"CTCCTAGTCTCATTCA-1",0
"CTCGAAAAGCCCAACC-1",2
"CTCGAAAAGCTATGCT-1",2
"CTCGAAAAGGCCCTTG-1",4
"CTCGAAAAGGGCTTCC-1",1
"CTCGAAACAAGCCGTC-1",0
"CTCGAAACACATTAGC-1",2
"CTCGAAACACCGAAAG-1",2
"CTCGAAACACGGCTAC-1",7
"CTCGAAACAGTAAGAT-1",1
"CTCGAAACATACGCCG-1",0
"CTCGAGGAGCCATCGC-1",1
"CTCGAGGAGGGCTTCC-1",1
"CTCGAGGCAGATAATG-1",0
"CTCGAGGGTATTCTCT-1",0
"CTCGAGGGTGCCTGGT-1",1
"CTCGGAGAGTCCCACG-1",1
"CTCGGAGCACTTCTGC-1",0
"CTCGGAGCAGCTGCAC-1",2
"CTCGGAGCAGGATCGA-1",2
"CTCGGAGGTAGCCTAT-1",2
"CTCGGAGGTCATGCCG-1",0
"CTCGGAGTCAAACGGG-1",0
"CTCGGAGTCACATACG-1",1
"CTCGGAGTCAGCTTAG-1",1
"CTCGGGAAGACCTAGG-1",2
"CTCGGGACACAGCCCA-1",10
"CTCGGGACATAAAGGT-1",2
"CTCGGGACATCCCACT-1",3
"CTCGGGACATGTCGAT-1",2
"CTCGGGAGTCGCGTGT-1",2
"CTCGGGAGTGACTACT-1",1
"CTCGGGAGTTACGACT-1",1
"CTCGGGATCCGTACAA-1",1
"CTCGGGATCCTTGACC-1",1
"CTCGGGATCTTAGCCC-1",0
"CTCGGGATCTTGTTTG-1",4
"CTCGTACAGCGATAGC-1",1
"CTCGTACCAGCGTAAG-1",0
"CTCGTACCATAGTAAG-1",0
"CTCGTACGTAGAGTGC-1",0
"CTCGTACGTATCACCA-1",6
"CTCGTACGTGCAGTAG-1",0
"CTCGTACTCAAAGTAG-1",1
"CTCGTACTCAATCTCT-1",5
"CTCGTACTCGTTGCCT-1",0
"CTCGTACTCTGGTTCC-1",0
"CTCGTCAAGATGCCTT-1",3
"CTCGTCAAGTGGAGTC-1",10
"CTCGTCAAGTTTGCGT-1",0
"CTCGTCACAACGATCT-1",1
"CTCGTCACACATCCGG-1",1
"CTCGTCACAGTCGTGC-1",0
"CTCGTCAGTCTCATCC-1",1
"CTCGTCAGTCTCCATC-1",0
"CTCGTCAGTGAGCGAT-1",0
"CTCGTCAGTTGACGTT-1",0
"CTCGTCAGTTGGGACA-1",1
"CTCGTCATCACTTATC-1",0
"CTCGTCATCGACCAGC-1",3
"CTCGTCATCTGCTGTC-1",0
"CTCTAATCACCAGGTC-1",0
"CTCTAATCACGGTGTC-1",0
"CTCTAATCAGGAATCG-1",0
"CTCTAATGTCCAAGTT-1",0
"CTCTACGAGCTAAACA-1",0
"CTCTACGAGCTAGTGG-1",2
"CTCTACGAGTACGCCC-1",0
"CTCTACGAGTAGGCCA-1",1
"CTCTACGCAATAACGA-1",3
"CTCTACGCAGACGCTC-1",1
"CTCTACGCATGACATC-1",2
"CTCTACGTCATGTCTT-1",0
"CTCTACGTCCCTAATT-1",3
"CTCTACGTCGGCATCG-1",2
"CTCTACGTCGGTCTAA-1",1
"CTCTGGTAGCAGCGTA-1",2
"CTCTGGTAGCGTTCCG-1",3
"CTCTGGTAGGCATGGT-1",6
"CTCTGGTAGTGCCAGA-1",0
"CTCTGGTCACAAGCCC-1",7
"CTCTGGTCAGCCTTTC-1",0
"CTCTGGTTCATCTGTT-1",1
"CTCTGGTTCTTGTACT-1",0
"CTGAAACAGATCCCGC-1",3
"CTGAAACAGGTGCTAG-1",0
"CTGAAACAGTCCGTAT-1",0
"CTGAAACAGTGTCTCA-1",1
"CTGAAACGTCATCGGC-1",5
"CTGAAACGTTAAAGAC-1",2
"CTGAAACTCATACGGT-1",2
"CTGAAGTAGTGCGTGA-1",0
"CTGAAGTCAGCTGTAT-1",12
"CTGAAGTGTTAAAGTG-1",0
"CTGAAGTTCAAGCCTA-1",0
"CTGAAGTTCGGATGTT-1",2
"CTGATAGAGGGAGTAA-1",1
"CTGATAGAGTGCAAGC-1",3
"CTGATAGCAGCCTTTC-1",1
"CTGATAGCATCCCATC-1",0
"CTGATAGCATCTCCCA-1",1
"CTGATAGGTCAAAGCG-1",2
"CTGATAGGTCGCTTTC-1",0
"CTGATAGGTTACGACT-1",3
"CTGATAGTCGCGATCG-1",1
"CTGATAGTCTTATCTG-1",1
"CTGATCCAGGCATTGG-1",1
"CTGATCCAGGTGACCA-1",0
"CTGATCCCACAGAGGT-1",6
"CTGATCCCAGGCTGAA-1",1
"CTGATCCGTGCCTGGT-1",1
"CTGATCCGTTATCCGA-1",0
"CTGATCCGTTGTGGCC-1",0
"CTGCCTAAGGGTCTCC-1",0
"CTGCCTAAGGTGATAT-1",0
"CTGCCTAAGTACGCGA-1",0
"CTGCCTAAGTGCGTGA-1",5
"CTGCCTACATCCCACT-1",3
"CTGCCTATCAATAAGG-1",3
"CTGCGGAAGAAGGACA-1",0
"CTGCGGAAGAGCTGGT-1",0
"CTGCGGAAGATGAGAG-1",1
"CTGCGGACAGGTCGTC-1",0
"CTGCGGACATGTCTCC-1",1
"CTGCGGAGTCACTTCC-1",0
"CTGCGGAGTCGTGGCT-1",3
"CTGCGGAGTTCTGTTT-1",7
"CTGCGGAGTTGGACCC-1",2
"CTGCGGATCGCCTGTT-1",0
"CTGCGGATCTTACCGC-1",0
"CTGCTGTAGGGTGTTG-1",1
"CTGCTGTAGTACCGGA-1",3
"CTGCTGTAGTGGAGAA-1",0
"CTGCTGTCACATCTTT-1",0
"CTGCTGTGTTAAAGAC-1",6
"CTGCTGTTCTCCAACC-1",3
"CTGCTGTTCTTACCGC-1",2
"CTGGTCTAGCGTTGCC-1",3
"CTGGTCTAGGACAGCT-1",1
"CTGGTCTAGGGCTTGA-1",7
"CTGGTCTAGTCGAGTG-1",2
"CTGGTCTCAAAGGAAG-1",0
"CTGGTCTCACCAGTTA-1",1
"CTGGTCTGTACCTACA-1",0
"CTGGTCTGTACGCTGC-1",5
"CTGGTCTGTCCGCTGA-1",0
"CTGGTCTGTCCGTTAA-1",2
"CTGGTCTGTTCATGGT-1",11
"CTGGTCTGTTCGTGAT-1",1
"CTGGTCTTCAACGGGA-1",0
"CTGGTCTTCACTTACT-1",0
"CTGGTCTTCTTACCTA-1",0
"CTGTGCTGTATATCCG-1",5
"CTGTGCTGTCATCCCT-1",2
"CTGTGCTGTCCCTACT-1",0
"CTGTGCTGTCGGCACT-1",1
"CTGTGCTTCCATTCTA-1",0
"CTGTGCTTCCGTACAA-1",0
"CTGTTTAAGAAACCGC-1",0
"CTGTTTAAGATCGATA-1",2
"CTGTTTAAGGAGTTGC-1",0
"CTGTTTAGTCAAAGCG-1",1
"CTGTTTATCAGCCTAA-1",0
"CTGTTTATCATTTGGG-1",3
"CTGTTTATCTCCAGGG-1",0
"CTGTTTATCTCTTGAT-1",0
"CTGTTTATCTTCTGGC-1",1
"CTTAACTAGCCAGTAG-1",1
"CTTAACTAGGCTCTTA-1",2
"CTTAACTAGGTGCACA-1",3
"CTTAACTAGTCTCGGC-1",2
"CTTACCGAGCGCTTAT-1",3
"CTTACCGAGGCTACGA-1",0
"CTTACCGCAGATCTGT-1",0
"CTTACCGCAGTCAGAG-1",6
"CTTACCGGTCCTGCTT-1",0
"CTTACCGGTCGCCATG-1",0
"CTTACCGGTCTACCTC-1",3
"CTTACCGTCGGACAAG-1",1
"CTTAGGAAGCCCAACC-1",2
"CTTAGGACACGACGAA-1",1
"CTTAGGAGTTATGTGC-1",1
"CTTAGGATCCCATTTA-1",2
"CTTAGGATCTTTACAC-1",0
"CTTCTCTAGAACTCGG-1",2
"CTTCTCTAGAGTGAGA-1",0
"CTTCTCTAGCAGGCTA-1",2
"CTTCTCTAGTTAACGA-1",2
"CTTCTCTCAAAGGTGC-1",0
"CTTCTCTGTAACGACG-1",7
"CTTCTCTGTGCATCTA-1",1
"CTTCTCTTCGAGCCCA-1",0
"CTTGGCTAGCGATATA-1",1
"CTTGGCTAGTACGTTC-1",0
"CTTGGCTCATTACCTT-1",2
"CTTGGCTGTCTCCATC-1",0
"CTTGGCTTCCCTAATT-1",2
"CTTGGCTTCGCGTAGC-1",0
"CTTGGCTTCTCGTTTA-1",2
"CTTTGCGAGCAAATCA-1",0
"CTTTGCGAGCGTTCCG-1",1
"CTTTGCGAGTATCTCG-1",2
"CTTTGCGCAATTCCTT-1",2
"CTTTGCGCACTTAAGC-1",1
"CTTTGCGCAGACGCAA-1",0
"CTTTGCGGTAGAGGAA-1",7
"CTTTGCGTCCAGGGCT-1",1
"GAAACTCAGAGACGAA-1",0
"GAAACTCAGAGGTTAT-1",1
"GAAACTCAGCAGCCTC-1",0
"GAAACTCAGCCCAGCT-1",5
"GAAACTCAGCTAAACA-1",1
"GAAACTCAGTGCTGCC-1",4
"GAAACTCCAAGCCCAC-1",0
"GAAACTCCACATGACT-1",0
"GAAACTCCAGACACTT-1",1
"GAAACTCCATGGATGG-1",0
"GAAACTCGTACTCGCG-1",0
"GAAACTCGTAGCGATG-1",1
"GAAACTCGTGTGAAAT-1",0
"GAAACTCGTTTGTGTG-1",0
"GAAATGAAGACTAGGC-1",0
"GAAATGAAGCCAGTTT-1",1
"GAAATGAAGCTAGTCT-1",2
"GAAATGAAGTACGTAA-1",2
"GAAATGATCATGCTCC-1",1
"GAAATGATCCTCGCAT-1",4
"GAACATCAGATGGCGT-1",1
"GAACATCCAACAACCT-1",1
"GAACATCCACATCTTT-1",0
"GAACATCCACCTATCC-1",0
"GAACATCCACGGACAA-1",0
"GAACATCCATGCTAGT-1",0
"GAACATCGTACGACCC-1",0
"GAACATCGTGGACGAT-1",2
"GAACATCGTTCCCGAG-1",0
"GAACATCTCCAAGTAC-1",0
"GAACATCTCGATCCCT-1",1
"GAACATCTCTCCAACC-1",6
"GAACCTAAGAACTGTA-1",6
"GAACCTAAGAGCAATT-1",15
"GAACCTAAGCCAGTAG-1",0
"GAACCTACAAGGACAC-1",0
"GAACCTACAGACACTT-1",3
"GAACCTAGTACCAGTT-1",3
"GAACCTAGTGTCAATC-1",0
"GAACCTATCACGATGT-1",2
"GAACGGAAGACGCAAC-1",0
"GAACGGAAGTAATCCC-1",1
"GAACGGAAGTCAATAG-1",0
"GAACGGAAGTGGACGT-1",0
"GAACGGACACAGCGTC-1",1
"GAACGGACACCTCGTT-1",3
"GAACGGACACTTAACG-1",0
"GAACGGAGTAGCGTAG-1",0
"GAACGGAGTCAGAGGT-1",0
"GAACGGAGTGGCGAAT-1",1
"GAACGGATCACTCCTG-1",2
"GAACGGATCCACGAAT-1",3
"GAACGGATCGTAGGAG-1",4
"GAACGGATCTGTCAAG-1",0
"GAAGCAGAGACTAAGT-1",4
"GAAGCAGAGAGACGAA-1",3
"GAAGCAGAGCCACGCT-1",3
"GAAGCAGAGTTCGCGC-1",0
"GAAGCAGCAATCCGAT-1",5
"GAAGCAGCACTCGACG-1",0
"GAAGCAGCAGATCTGT-1",0
"GAAGCAGCAGATGAGC-1",1
"GAAGCAGCATGAACCT-1",2
"GAAGCAGCATGGAATA-1",0
"GAAGCAGGTAACGCGA-1",1
"GAAGCAGGTCATACTG-1",1
"GAAGCAGTCCTAGTGA-1",3
"GAAGCAGTCTTATCTG-1",1
"GAATAAGCAAGGTGTG-1",4
"GAATAAGCAGACAAGC-1",0
"GAATAAGCATGCAACT-1",1
"GAATAAGGTCCGTTAA-1",3
"GAATAAGGTGAGTGAC-1",3
"GAATAAGGTTCCCTTG-1",0
"GAATAAGTCGTTTAGG-1",0
"GAATGAAAGAGTCTGG-1",6
"GAATGAAAGCTTATCG-1",1
"GAATGAAAGGCATGTG-1",0
"GAATGAACAAACGCGA-1",0
"GAATGAACAGTGAGTG-1",3
"GAATGAACATCATCCC-1",2
"GAATGAAGTCAACATC-1",3
"GAATGAAGTCTCACCT-1",3
"GAATGAAGTGGCAAAC-1",1
"GAATGAAGTTGCGTTA-1",1
"GAATGAATCAGTTAGC-1",1
"GAATGAATCCTGCCAT-1",7
"GACACGCAGACGCACA-1",0
"GACACGCAGAGTAATC-1",1
"GACACGCAGCCAACAG-1",0
"GACACGCAGGAGTTTA-1",2
"GACACGCAGGGCATGT-1",0
"GACACGCAGGTGCACA-1",1
"GACACGCAGTCCAGGA-1",3
"GACACGCAGTGGGATC-1",2
"GACACGCAGTGGGTTG-1",4
"GACACGCCAAGCGTAG-1",5
"GACACGCCAAGGACAC-1",1
"GACACGCCAGACGCTC-1",2
"GACACGCCATCCTTGC-1",1
"GACACGCGTTCACGGC-1",0
"GACACGCTCATGTAGC-1",3
"GACAGAGAGTACGATA-1",0
"GACAGAGCAACGATCT-1",2
"GACAGAGCAAGTCTAC-1",0
"GACAGAGCAGCTCCGA-1",2
"GACAGAGCAGCTGGCT-1",3
"GACAGAGGTAGAAAGG-1",1
"GACAGAGTCAAACAAG-1",0
"GACAGAGTCAGAGACG-1",1
"GACAGAGTCCTTCAAT-1",1
"GACAGAGTCCTTGCCA-1",2
"GACAGAGTCTTCATGT-1",2
"GACCAATAGAAGGGTA-1",1
"GACCAATAGCTACCGC-1",2
"GACCAATAGCTACCTA-1",0
"GACCAATCAGGTGCCT-1",9
"GACCAATCATGCGCAC-1",3
"GACCAATGTACAGTTC-1",1
"GACCAATGTCGCTTCT-1",0
"GACCAATTCCGATATG-1",1
"GACCAATTCGAATGGG-1",0
"GACCAATTCGTCACGG-1",0
"GACCTGGCATCACAAC-1",1
"GACCTGGCATGTCTCC-1",1
"GACCTGGCATTGGCGC-1",1
"GACCTGGGTAAAGGAG-1",0
"GACCTGGGTCCAGTTA-1",6
"GACCTGGGTGCAGTAG-1",1
"GACCTGGTCATAGCAC-1",2
"GACCTGGTCCTTGCCA-1",8
"GACCTGGTCGCATGAT-1",0
"GACCTGGTCGTCACGG-1",4
"GACGCGTAGTGGTAAT-1",5
"GACGCGTAGTTGTAGA-1",0
"GACGCGTGTAAAGGAG-1",0
"GACGCGTGTGTGAAAT-1",3
"GACGCGTGTTAAGACA-1",1
"GACGCGTTCAAACCGT-1",1
"GACGCGTTCCAAATGC-1",1
"GACGCGTTCCGCGGTA-1",1
"GACGCGTTCCTACAGA-1",0
"GACGCGTTCGACGGAA-1",0
"GACGCGTTCTCCGGTT-1",0
"GACGGCTAGAAGATTC-1",0
"GACGGCTAGAGCTGGT-1",0
"GACGGCTCAAGGTTTC-1",1
"GACGGCTCACCGCTAG-1",0
"GACGGCTCATGAACCT-1",1
"GACGGCTCATGCAACT-1",1
"GACGGCTGTGTGTGCC-1",6
"GACGGCTGTTATGTGC-1",0
"GACGGCTGTTTGGCGC-1",2
"GACGGCTTCTATCGCC-1",5
"GACGTGCAGGCAAAGA-1",0
"GACGTGCAGGGTGTGT-1",2
"GACGTGCAGGTGTTAA-1",1
"GACGTGCCAGGTCGTC-1",1
"GACGTGCGTAACGTTC-1",0
"GACGTGCTCACCTCGT-1",0
"GACGTTAAGCTACCGC-1",1
"GACGTTAAGGCAAAGA-1",2
"GACGTTAAGTCAAGCG-1",0
"GACGTTACAAGCCATT-1",2
"GACGTTACAAGGTTTC-1",0
"GACGTTACAGACACTT-1",2
"GACGTTAGTATCTGCA-1",0
"GACGTTAGTTTGACAC-1",2
"GACGTTAGTTTGACTG-1",2
"GACGTTATCACAGGCC-1",2
"GACGTTATCATTGCGA-1",0
"GACGTTATCCCGGATG-1",1
"GACGTTATCCGAAGAG-1",7
"GACGTTATCGCGTTTC-1",3
"GACGTTATCTGTCCGT-1",0
"GACTAACAGACAGAGA-1",4
"GACTAACAGTGGAGAA-1",0
"GACTAACCAAATCCGT-1",1
"GACTAACGTCTAGTCA-1",7
"GACTAACGTGCAACTT-1",2
"GACTAACGTTCAGACT-1",3
"GACTAACTCCGCGCAA-1",0
"GACTAACTCCTTTCTC-1",1
"GACTAACTCTTGCCGT-1",0
"GACTAACTCTTTACAC-1",3
"GACTACAAGATATGGT-1",1
"GACTACACAAATCCGT-1",0
"GACTACAGTGCTGTAT-1",1
"GACTACATCAGCCTAA-1",0
"GACTACATCAGGTAAA-1",1
"GACTACATCTGCAGTA-1",0
"GACTGCGAGCGTAGTG-1",0
"GACTGCGAGTTGTAGA-1",1
"GACTGCGCACTTAACG-1",0
"GACTGCGCATGTTCCC-1",1
"GACTGCGGTACGCACC-1",2
"GACTGCGGTTCTCATT-1",1
"GACTGCGTCAACACAC-1",7
"GACTGCGTCACGACTA-1",0
"GACTGCGTCGCCCTTA-1",0
"GACTGCGTCTCAAACG-1",0
"GAGCAGAGTAGGGTAC-1",2
"GAGCAGAGTCAGATAA-1",1
"GAGCAGAGTCATATGC-1",0
"GAGCAGAGTGAGCGAT-1",0
"GAGCAGAGTGTAACGG-1",1
"GAGCAGAGTGTGACCC-1",2
"GAGCAGAGTTCGGGCT-1",2
"GAGCAGAGTTTAAGCC-1",0
"GAGCAGAGTTTGCATG-1",4
"GAGGTGAAGCAACGGT-1",0
"GAGGTGAAGGCTCTTA-1",2
"GAGGTGAAGTGGTAGC-1",7
"GAGGTGAAGTTGTAGA-1",0
"GAGGTGACACTGTCGG-1",0
"GAGGTGACATCCTTGC-1",1
"GAGGTGACATGCATGT-1",2
"GAGGTGAGTACCTACA-1",0
"GAGGTGAGTCATTAGC-1",2
"GAGGTGAGTTCCTCCA-1",0
"GAGGTGATCATCGCTC-1",0
"GAGGTGATCTAGAGTC-1",0
"GAGGTGATCTCTAGGA-1",3
"GAGGTGATCTGCTGTC-1",2
"GAGGTGATCTGGGCCA-1",0
"GAGTCCGAGGACAGAA-1",4
"GAGTCCGAGGCATGTG-1",0
"GAGTCCGAGGCGTACA-1",1
"GAGTCCGCAAACCCAT-1",0
"GAGTCCGGTCAAGCGA-1",0
"GAGTCCGGTGACCAAG-1",0
"GAGTCCGGTGACTCAT-1",2
"GAGTCCGGTGTGACCC-1",2
"GAGTCCGGTTCGGGCT-1",1
"GAGTCCGGTTTGCATG-1",2
"GAGTCCGTCGGCGCAT-1",1
"GAGTCCGTCTGATTCT-1",0
"GATCAGTAGATGTCGG-1",0
"GATCAGTAGTGGTAGC-1",0
"GATCAGTGTATATGAG-1",7
"GATCAGTGTCTGCGGT-1",0
"GATCAGTGTTATGCGT-1",3
"GATCAGTGTTGTACAC-1",10
"GATCAGTTCCCGACTT-1",0
"GATCGATAGAATGTTG-1",3
"GATCGATAGAGCTGCA-1",0
"GATCGATAGCATGGCA-1",0
"GATCGATCAAGCGAGT-1",1
"GATCGATCAAGCGTAG-1",1
"GATCGATGTCAACATC-1",0
"GATCGATGTTGCCTCT-1",1
"GATCGATTCCGCATCT-1",2
"GATCGCGAGATAGTCA-1",7
"GATCGCGAGCCTTGAT-1",0
"GATCGCGAGGAGCGTT-1",3
"GATCGCGCAGGTCGTC-1",0
"GATCGCGGTACAGCAG-1",3
"GATCGCGGTGAGTATA-1",1
"GATCGCGGTTGTCGCG-1",2
"GATCGCGTCACTCCTG-1",0
"GATCGTAAGACATAAC-1",5
"GATCGTAAGCTCAACT-1",0
"GATCGTACATAACCTG-1",0
"GATCGTAGTGGCTCCA-1",5
"GATCGTATCATATCGG-1",0
"GATCGTATCATGTCCC-1",0
"GATCGTATCTTACCGC-1",1
"GATCTAGAGCGTCTAT-1",2
"GATCTAGAGTGGAGAA-1",0
"GATCTAGCAACACCTA-1",0
"GATCTAGCAAGGGTCA-1",3
"GATCTAGGTCTAAAGA-1",1
"GATCTAGGTCTCACCT-1",0
"GATCTAGGTCTCTTTA-1",0
"GATCTAGTCACATAGC-1",1
"GATCTAGTCTAAGCCA-1",0
"GATGAAAAGAGTAATC-1",1
"GATGAAAAGCTCCCAG-1",0
"GATGAAACACGGTAGA-1",1
"GATGAAACAGCTGTAT-1",3
"GATGAAAGTGGGTATG-1",4
"GATGAAATCACCCTCA-1",0
"GATGAAATCACTCCTG-1",0
"GATGAAATCAGCAACT-1",2
"GATGAAATCGAGAGCA-1",3
"GATGAGGAGATCCCGC-1",2
"GATGAGGAGTTCGATC-1",1
"GATGAGGCACCAGTTA-1",5
"GATGAGGGTATCACCA-1",0
"GATGAGGGTATTCGTG-1",2
"GATGAGGGTCGCGTGT-1",0
"GATGAGGGTGATGATA-1",0
"GATGAGGTCACAGGCC-1",1
"GATGAGGTCACATAGC-1",0
"GATGAGGTCCCTTGTG-1",2
"GATGAGGTCTGCTGTC-1",0
"GATGCTAAGACTAAGT-1",1
"GATGCTAAGGATGCGT-1",1
"GATGCTAAGGCTCTTA-1",1
"GATGCTAAGGGAACGG-1",1
"GATGCTAAGTATCTCG-1",0
"GATGCTAAGTCTCGGC-1",1
"GATGCTACATGTTGAC-1",0
"GATGCTACATTGCGGC-1",4
"GATGCTAGTCTCCATC-1",0
"GATGCTAGTGGAAAGA-1",0
"GATGCTAGTTAGGGTG-1",2
"GATGCTATCCTGTACC-1",2
"GATGCTATCGGCGCTA-1",0
"GATTCAGAGAAACCTA-1",3
"GATTCAGAGAGTGACC-1",1
"GATTCAGAGATTACCC-1",2
"GATTCAGAGGGTCGAT-1",2
"GATTCAGAGGTCGGAT-1",0
"GATTCAGAGTCAATAG-1",3
"GATTCAGCAAGTTGTC-1",0
"GATTCAGCAATTCCTT-1",4
"GATTCAGCAGGGTACA-1",0
"GATTCAGCATCGACGC-1",0
"GATTCAGCATTATCTC-1",1
"GATTCAGGTAAATACG-1",0
"GATTCAGTCAACTCTT-1",1
"GCAAACTAGATGTTAG-1",0
"GCAAACTAGTCATGCT-1",2
"GCAAACTAGTCTCAAC-1",0
"GCAAACTCACAGGTTT-1",0
"GCAAACTGTCAGATAA-1",1
"GCAAACTGTCTCCATC-1",0
"GCAAACTTCGTGGTCG-1",0
"GCAATCAAGGGATCTG-1",0
"GCAATCAAGTATCTCG-1",0
"GCAATCAAGTGGGTTG-1",2
"GCAATCACAGCTTAAC-1",0
"GCAATCACATGTCGAT-1",0
"GCAATCACATTCCTCG-1",0
"GCAATCAGTAGGAGTC-1",1
"GCAATCAGTATAATGG-1",1
"GCAATCAGTTCTCATT-1",1
"GCAATCAGTTCTGGTA-1",3
"GCACATAAGAGCTATA-1",5
"GCACATAAGATGTTAG-1",0
"GCACATAAGCCTTGAT-1",0
"GCACATAAGGAGTACC-1",0
"GCACATAAGTGAAGTT-1",2
"GCACATACACCACGTG-1",1
"GCACATACAGCTGTAT-1",1
"GCACATACAGGAACGT-1",2
"GCACATAGTCATCGGC-1",0
"GCACATAGTCCGAATT-1",1
"GCACATAGTCTCTTTA-1",0
"GCACATAGTGCGCTTG-1",0
"GCACATATCACCTCGT-1",1
"GCACATATCTGGTTCC-1",0
"GCACTCTCAAGACACG-1",1
"GCACTCTCAATCACAC-1",10
"GCACTCTCATTTCAGG-1",0
"GCACTCTGTAAACCTC-1",3
"GCACTCTGTACCAGTT-1",4
"GCACTCTGTAGAAAGG-1",0
"GCACTCTGTCGAACAG-1",0
"GCACTCTGTCTAGGTT-1",7
"GCACTCTTCAACTCTT-1",1
"GCACTCTTCCCTAATT-1",13
"GCACTCTTCTGCCCTA-1",0
"GCAGCCAAGCTGATAA-1",0
"GCAGCCACATGAGCGA-1",2
"GCAGCCAGTAATCGTC-1",1
"GCAGCCAGTGTCGCTG-1",2
"GCAGCCATCAGTTGAC-1",2
"GCAGCCATCCCAACGG-1",3
"GCAGCCATCCGTACAA-1",0
"GCAGTTAAGTCCATAC-1",0
"GCAGTTAAGTCCGTAT-1",0
"GCAGTTAAGTTAACGA-1",6
"GCAGTTAGTGGACGAT-1",1
"GCAGTTAGTTATTCTC-1",2
"GCAGTTATCGCGATCG-1",0
"GCATACAAGATCTGCT-1",2
"GCATACAAGCAACGGT-1",1
"GCATACACAACGCACC-1",2
"GCATACACAAGGACTG-1",1
"GCATACACAAGTCTGT-1",1
"GCATACACAGTCAGCC-1",1
"GCATACACATCCTAGA-1",0
"GCATACACATCGGAAG-1",0
"GCATACAGTCCGAACC-1",0
"GCATACAGTTCTGGTA-1",0
"GCATACATCCACGACG-1",1
"GCATGATAGAATGTTG-1",1
"GCATGATAGAGTAATC-1",3
"GCATGATAGCTGATAA-1",1
"GCATGATAGGACCACA-1",1
"GCATGATAGGCTAGCA-1",0
"GCATGATAGTCAAGCG-1",0
"GCATGATAGTGGAGAA-1",2
"GCATGATCACACCGAC-1",0
"GCATGATCACATTTCT-1",1
"GCATGATGTCCCTACT-1",0
"GCATGATGTTGCGCAC-1",5
"GCATGATTCGTGGACC-1",1
"GCATGCGAGCATGGCA-1",2
"GCATGCGAGTCCAGGA-1",0
"GCATGCGCACTGCCAG-1",1
"GCATGCGGTAAGGATT-1",0
"GCATGCGGTCCTCTTG-1",1
"GCATGCGGTGTGAAAT-1",2
"GCATGCGTCCGCGGTA-1",6
"GCATGTAAGAACTGTA-1",0
"GCATGTAAGACAGACC-1",1
"GCATGTAAGTACTTGC-1",5
"GCATGTAAGTGCAAGC-1",0
"GCATGTACAACACGCC-1",3
"GCATGTATCACGAAGG-1",0
"GCCAAATCAAACTGTC-1",1
"GCCAAATCAAGGGTCA-1",0
"GCCAAATCAAGTTCTG-1",1
"GCCAAATCAGCCACCA-1",0
"GCCAAATCATAACCTG-1",1
"GCCAAATGTATAAACG-1",1
"GCCAAATGTGTTTGGT-1",7
"GCCAAATGTTTCGCTC-1",0
"GCCAAATTCAGGTAAA-1",0
"GCCAAATTCCGAGCCA-1",2
"GCCAAATTCCGCGGTA-1",0
"GCCAAATTCGGCTACG-1",0
"GCCTCTAAGAGTACCG-1",0
"GCCTCTAAGCCATCGC-1",0
"GCCTCTAAGCCGCCTA-1",0
"GCCTCTAAGCGATAGC-1",3
"GCCTCTAAGCTGCAAG-1",2
"GCCTCTAAGCTTCGCG-1",6
"GCCTCTAAGTCACGCC-1",2
"GCCTCTACAAGACGTG-1",1
"GCCTCTACAGCTATTG-1",0
"GCCTCTAGTAAGGATT-1",1
"GCCTCTAGTGATGATA-1",1
"GCCTCTAGTTAAGGGC-1",0
"GCCTCTATCAGCGACC-1",0
"GCCTCTATCCGATATG-1",1
"GCCTCTATCGAATCCA-1",1
"GCCTCTATCGAGCCCA-1",4
"GCCTCTATCGCTGATA-1",0
"GCCTCTATCTTTAGGG-1",0
"GCGACCAAGAGGTTAT-1",0
"GCGACCACACTTACGA-1",1
"GCGACCAGTCAGGACA-1",0
"GCGACCAGTCTAGAGG-1",14
"GCGACCATCAACGGGA-1",4
"GCGACCATCCCGGATG-1",0
"GCGACCATCTACTCAT-1",1
"GCGAGAAAGGTTCCTA-1",3
"GCGAGAAAGTACGATA-1",5
"GCGAGAAAGTGTCTCA-1",0
"GCGAGAACAAGCCCAC-1",0
"GCGAGAACACTGAAGG-1",1
"GCGAGAAGTAGCGCTC-1",2
"GCGAGAAGTCCCTACT-1",1
"GCGAGAATCCTTTCGG-1",1
"GCGAGAATCGAGAGCA-1",0
"GCGAGAATCGCACTCT-1",1
"GCGCAACAGTCCTCCT-1",0
"GCGCAACAGTGTACGG-1",1
"GCGCAACCAAGTCTGT-1",2
"GCGCAACCAGCCACCA-1",0
"GCGCAACGTAGCGCTC-1",1
"GCGCAACGTCCCTTGT-1",0
"GCGCAACGTCCTAGCG-1",4
"GCGCAACGTCGACTAT-1",1
"GCGCAACGTCTAGAGG-1",2
"GCGCAACGTGCACGAA-1",0
"GCGCAACTCAATACCG-1",4
"GCGCAGTCACATCCAA-1",2
"GCGCAGTCATTACCTT-1",0
"GCGCAGTGTTAGGGTG-1",0
"GCGCAGTTCGATCCCT-1",2
"GCGCAGTTCGCGGATC-1",0
"GCGCCAAAGACATAAC-1",1
"GCGCCAAAGGACAGCT-1",0
"GCGCCAAAGGCCCTTG-1",1
"GCGCCAAAGGGCTTCC-1",1
"GCGCCAAAGGTACTCT-1",6
"GCGCCAACATAACCTG-1",0
"GCGCCAACATTGGGCC-1",1
"GCGCCAAGTACTTGAC-1",0
"GCGCCAAGTCGGCACT-1",0
"GCGCCAAGTGAAAGAG-1",0
"GCGCCAAGTTGTACAC-1",0
"GCGCCAATCCGTTGCT-1",0
"GCGCGATAGAAGGTTT-1",2
"GCGCGATAGCAGGTCA-1",0
"GCGCGATAGTGAATTG-1",4
"GCGCGATAGTTTGCGT-1",7
"GCGCGATCAGCTCGAC-1",0
"GCGCGATGTAAGTAGT-1",0
"GCGCGATGTATCACCA-1",1
"GCGCGATGTCACTTCC-1",2
"GCGCGATGTTACCAGT-1",4
"GCGCGATTCAGTTAGC-1",3
"GCGCGATTCGTTTAGG-1",2
"GCGGGTTAGAAACGAG-1",0
"GCGGGTTAGCTATGCT-1",1
"GCGGGTTAGTGTGAAT-1",0
"GCGGGTTCACGCGAAA-1",3
"GCGGGTTCAGGCAGTA-1",2
"GCGGGTTCAGTAACGG-1",0
"GCGGGTTGTGAGTATA-1",2
"GCGGGTTGTGGCGAAT-1",2
"GCGGGTTTCCAAAGTC-1",3
"GCGGGTTTCCTTTCTC-1",0
"GCGGGTTTCTCCAACC-1",0
"GCGGGTTTCTTGAGGT-1",1
"GCGGGTTTCTTGTATC-1",1
"GCTCCTACAAACTGTC-1",3
"GCTCCTACACCAGGTC-1",0
"GCTCCTACACCGATAT-1",0
"GCTCCTACAGGGTACA-1",2
"GCTCCTACATTAGCCA-1",2
"GCTCCTAGTCAGGACA-1",2
"GCTCCTAGTCCGTCAG-1",3
"GCTCCTATCAGCCTAA-1",0
"GCTCCTATCCCTAATT-1",0
"GCTCTGTAGAGGTAGA-1",1
"GCTCTGTAGCTGAACG-1",3
"GCTCTGTAGGAGTCTG-1",1
"GCTCTGTAGTGCTGCC-1",1
"GCTCTGTAGTGGACGT-1",3
"GCTCTGTTCACCTCGT-1",6
"GCTGCAGAGCGTGAGT-1",0
"GCTGCAGAGTCAAGCG-1",0
"GCTGCAGAGTCCCACG-1",0
"GCTGCAGCAATTGCTG-1",1
"GCTGCAGCATGCCCGA-1",0
"GCTGCAGCATGCCTAA-1",0
"GCTGCAGGTAAACCTC-1",1
"GCTGCAGGTACGAAAT-1",0
"GCTGCAGGTAGCGCAA-1",1
"GCTGCAGGTCACCCAG-1",0
"GCTGCAGGTCATGCCG-1",7
"GCTGCGAAGGAATGGA-1",4
"GCTGCGAGTCTAACGT-1",0
"GCTGCGAGTGTTTGGT-1",0
"GCTGCGATCTCCTATA-1",1
"GCTGCGATCTTGTTTG-1",0
"GCTGCTTAGAATTGTG-1",1
"GCTGCTTAGGCAATTA-1",0
"GCTGCTTCATCACGTA-1",3
"GCTGCTTCATCCAACA-1",1
"GCTGCTTCATGCCTAA-1",0
"GCTGCTTCATGGTCAT-1",2
"GCTGCTTGTAACGACG-1",1
"GCTGCTTGTAATCGTC-1",0
"GCTGCTTGTAGGGACT-1",1
"GCTGCTTGTGAAAGAG-1",0
"GCTGCTTTCCGGGTGT-1",1
"GCTGGGTAGACCCACC-1",0
"GCTGGGTAGCCACGCT-1",0
"GCTGGGTAGTCGCCGT-1",1
"GCTGGGTAGTCTCAAC-1",0
"GCTGGGTCACGGCTAC-1",0
"GCTGGGTCAGCCAATT-1",1
"GCTGGGTGTACAGTTC-1",0
"GCTGGGTGTACCGTTA-1",4
"GCTGGGTGTCGAGTTT-1",0
"GCTGGGTGTCTCCACT-1",0
"GCTGGGTGTGCCTGTG-1",2
"GCTGGGTTCAGCTTAG-1",1
"GCTGGGTTCCTTAATC-1",0
"GCTTCCAAGAAACCTA-1",0
"GCTTCCACACCACCAG-1",0
"GCTTCCACAGGTCGTC-1",0
"GCTTCCACAGTGAGTG-1",2
"GCTTCCAGTATAGGTA-1",3
"GCTTCCAGTTCAGCGC-1",0
"GCTTCCATCGTCCAGG-1",0
"GCTTGAAAGATGGCGT-1",0
"GCTTGAAAGCCGTCGT-1",2
"GCTTGAACAAACCTAC-1",0
"GCTTGAACACGGTGTC-1",0
"GCTTGAACATCGGAAG-1",5
"GCTTGAAGTGCGGTAA-1",1
"GCTTGAAGTTCTCATT-1",3
"GCTTGAATCAGGATCT-1",2
"GGAAAGCAGGCAGGTT-1",1
"GGAAAGCCAAACGCGA-1",1
"GGAAAGCCAAGTACCT-1",2
"GGAAAGCGTAAGCACG-1",0
"GGAAAGCGTCCTCCAT-1",0
"GGAAAGCGTCGCGTGT-1",1
"GGAAAGCGTGCTTCTC-1",3
"GGAAAGCTCCAGAGGA-1",1
"GGAACTTAGAGTAAGG-1",2
"GGAACTTCAATGTAAG-1",0
"GGAACTTCACAGGAGT-1",0
"GGAACTTCACCTCGTT-1",0
"GGAACTTGTCTCTTTA-1",3
"GGAACTTTCATTGCCC-1",1
"GGAACTTTCATTTGGG-1",0
"GGAACTTTCCGTCATC-1",0
"GGAACTTTCCTCAACC-1",0
"GGAACTTTCGGATGTT-1",0
"GGAATAAAGGTACTCT-1",0
"GGAATAAAGTGTCCAT-1",2
"GGAATAACAGCGTCCA-1",1
"GGAATAAGTCTGGTCG-1",1
"GGAATAAGTGCAGGTA-1",0
"GGAATAATCAGCACAT-1",4
"GGAATAATCTTTACGT-1",2
"GGACAAGAGGTACTCT-1",1
"GGACAAGCAACGATGG-1",0
"GGACAAGCAGTCGTGC-1",1
"GGACAAGCATGGGACA-1",1
"GGACAAGGTATAAACG-1",0
"GGACAAGGTATGAAAC-1",1
"GGACAAGGTCGGCATC-1",1
"GGACAAGGTTATGCGT-1",2
"GGACAAGTCTAACGGT-1",1
"GGACAGAAGCTAGTCT-1",0
"GGACAGAAGTACTTGC-1",3
"GGACAGACAACACGCC-1",1
"GGACAGACACAAGCCC-1",1
"GGACAGAGTAAGTGGC-1",0
"GGACAGAGTCTTTCAT-1",0
"GGACAGAGTGAGGGAG-1",0
"GGACAGAGTTCCACAA-1",2
"GGACAGATCAACGCTA-1",0
"GGACATTAGAGGGCTT-1",0
"GGACATTAGCCACGTC-1",1
"GGACATTCAAACGCGA-1",0
"GGACATTCAATGACCT-1",1
"GGACATTCACCAGCAC-1",2
"GGACATTGTTCTGGTA-1",1
"GGACATTTCCTCTAGC-1",1
"GGACGTCAGTACTTGC-1",0
"GGACGTCAGTGGTAAT-1",0
"GGACGTCCACAGTCGC-1",0
"GGACGTCGTGAGGGAG-1",0
"GGACGTCGTGGCGAAT-1",4
"GGACGTCGTTACGGAG-1",0
"GGACGTCGTTTAAGCC-1",0
"GGACGTCTCCACTCCA-1",1
"GGACGTCTCGCAAACT-1",1
"GGACGTCTCTCCAGGG-1",0
"GGACGTCTCTCGAGTA-1",0
"GGACGTCTCTGGTGTA-1",0
"GGACGTCTCTTCGAGA-1",0
"GGAGCAAAGAACTCGG-1",0
"GGAGCAAAGACTGTAA-1",0
"GGAGCAAAGCCGCCTA-1",0
"GGAGCAAAGCTAAACA-1",1
"GGAGCAAAGTACGCCC-1",1
"GGAGCAACAAGCTGTT-1",1
"GGAGCAACAATGGACG-1",0
"GGAGCAACAATTCCTT-1",0
"GGAGCAACATGCTGGC-1",3
"GGAGCAAGTGAGTATA-1",2
"GGAGCAAGTTACTGAC-1",1
"GGAGCAATCAAGATCC-1",0
"GGAGCAATCCCATTTA-1",1
"GGATGTTCAAACTGTC-1",2
"GGATGTTTCATCACCC-1",1
"GGATGTTTCATGCATG-1",0
"GGATGTTTCCTACAGA-1",0
"GGATGTTTCCTCTAGC-1",1
"GGATTACAGATCCCAT-1",1
"GGATTACAGCTTCGCG-1",0
"GGATTACAGGCTAGCA-1",4
"GGATTACAGTATCTCG-1",3
"GGATTACCAAGCGTAG-1",8
"GGATTACCACATCCGG-1",2
"GGATTACCAGCGTAAG-1",0
"GGATTACGTAATAGCA-1",0
"GGATTACGTACACCGC-1",0
"GGATTACGTCTCTTTA-1",0
"GGATTACGTTGAGGTG-1",1
"GGATTACTCGCGCCAA-1",4
"GGATTACTCGGCGCAT-1",0
"GGATTACTCTGCCCTA-1",3
"GGCAATTCAATCGGTT-1",10
"GGCAATTCACGGCGTT-1",2
"GGCAATTCATCACCCT-1",2
"GGCAATTGTCGATTGT-1",0
"GGCAATTTCACTTACT-1",4
"GGCAATTTCAGCACAT-1",2
"GGCAATTTCTCCGGTT-1",1
"GGCCGATAGTGTCTCA-1",0
"GGCCGATCACGGACAA-1",0
"GGCCGATGTAGGACAC-1",0
"GGCCGATGTCACTGGC-1",0
"GGCCGATGTCCCTACT-1",3
"GGCCGATTCACCGTAA-1",0
"GGCCGATTCCGCGCAA-1",0
"GGCGACTAGAGCTGGT-1",1
"GGCGACTAGGACCACA-1",0
"GGCGACTAGGTTACCT-1",4
"GGCGACTCAAAGCGGT-1",0
"GGCGACTCAAGAGTCG-1",1
"GGCGACTCACCAGGTC-1",1
"GGCGACTCATTGTGCA-1",0
"GGCGACTTCAGAAATG-1",0
"GGCGACTTCAGAGACG-1",1
"GGCGACTTCCAGATCA-1",1
"GGCGACTTCTCTAGGA-1",2
"GGCGTGTAGCTAGCCC-1",2
"GGCGTGTAGGGTATCG-1",0
"GGCGTGTCAGGTCCAC-1",1
"GGCGTGTCAGTATAAG-1",0
"GGCGTGTCATCGTCGG-1",0
"GGCGTGTCATGGAATA-1",1
"GGCGTGTGTCTCCCTA-1",0
"GGCGTGTTCTTGAGGT-1",0
"GGCTCGAAGCCGTCGT-1",0
"GGCTCGAAGGTAAACT-1",1
"GGCTCGACAAGAAGAG-1",7
"GGCTCGACAATAGCAA-1",1
"GGCTCGACATGGTCAT-1",3
"GGCTCGAGTATATCCG-1",2
"GGCTCGAGTTACGTCA-1",0
"GGCTCGAGTTAGGGTG-1",2
"GGCTCGATCTGCAAGT-1",2
"GGCTGGTAGAAGAAGC-1",0
"GGCTGGTAGACCCACC-1",2
"GGCTGGTCAAGGACAC-1",0
"GGCTGGTCACTGCCAG-1",0
"GGCTGGTCATTTCAGG-1",0
"GGCTGGTGTATTCTCT-1",1
"GGCTGGTGTCGCATCG-1",0
"GGCTGGTGTCTAGTGT-1",2
"GGCTGGTGTTATGCGT-1",2
"GGGAATGAGCGTTGCC-1",0
"GGGAATGAGTAGGTGC-1",0
"GGGAATGGTAAGGGAA-1",0
"GGGAATGTCAACGAAA-1",1
"GGGAATGTCCAGTATG-1",0
"GGGAATGTCCGGGTGT-1",0
"GGGACCTAGATGTAAC-1",1
"GGGACCTAGTCTTGCA-1",10
"GGGACCTCAATCAGAA-1",1
"GGGACCTCACTGAAGG-1",4
"GGGAGATAGTACGACG-1",3
"GGGAGATCAAAGTGCG-1",0
"GGGAGATCAAATCCGT-1",4
"GGGAGATCAAGGACTG-1",1
"GGGAGATCACGCGAAA-1",1
"GGGAGATGTAGCGCAA-1",2
"GGGAGATTCAACGGGA-1",2
"GGGAGATTCATCACCC-1",0
"GGGATGAAGTGACATA-1",0
"GGGATGACATCATCCC-1",1
"GGGATGAGTCACCCAG-1",0
"GGGATGAGTGGAAAGA-1",0
"GGGATGAGTTACGACT-1",0
"GGGATGAGTTGGTAAA-1",2
"GGGATGATCAGTTAGC-1",0
"GGGATGATCTATCCTA-1",2
"GGGATGATCTTTAGGG-1",0
"GGGCACTAGTCTCGGC-1",0
"GGGCACTCATCTCCCA-1",0
"GGGCACTTCACCTCGT-1",1
"GGGCACTTCTGAGGGA-1",4
"GGGCATCCAATGTAAG-1",1
"GGGCATCCAGTCTTCC-1",1
"GGGCATCGTGGCGAAT-1",0
"GGGCATCTCACAGTAC-1",2
"GGGCATCTCCCTTGTG-1",0
"GGGCATCTCCGGCACA-1",0
"GGGCATCTCTGTCCGT-1",2
"GGGCATCTCTTATCTG-1",0
"GGGTCTGAGAAGATTC-1",0
"GGGTCTGAGATCCCGC-1",21
"GGGTCTGAGCCAACAG-1",1
"GGGTCTGCACAGGCCT-1",1
"GGGTCTGCACCAGGTC-1",2
"GGGTCTGGTCTGGTCG-1",0
"GGGTCTGGTGATGATA-1",1
"GGGTCTGGTGTGACCC-1",0
"GGGTCTGTCAACTCTT-1",1
"GGGTCTGTCACTCCTG-1",3
"GGGTCTGTCCGTAGTA-1",0
"GGGTTGCAGACAGAGA-1",1
"GGGTTGCAGACCTTTG-1",1
"GGGTTGCAGATCGATA-1",0
"GGGTTGCAGGGTGTTG-1",2
"GGGTTGCAGGTGGGTT-1",1
"GGGTTGCCAATAACGA-1",0
"GGGTTGCCACGCCAGT-1",0
"GGGTTGCCATTAACCG-1",3
"GGGTTGCGTACATCCA-1",0
"GGGTTGCGTAGCGCAA-1",2
"GGGTTGCGTCCTCCAT-1",1
"GGGTTGCGTCGAGTTT-1",1
"GGGTTGCGTGAGTATA-1",6
"GGGTTGCGTGTGACCC-1",2
"GGGTTGCTCGTACCGG-1",0
"GGTATTGAGCACCGTC-1",0
"GGTATTGAGCTATGCT-1",3
"GGTATTGCACATCCAA-1",0
"GGTATTGCAGCTTCGG-1",0
"GGTATTGGTTCCGTCT-1",0
"GGTATTGTCAGAAATG-1",4
"GGTATTGTCCATTCTA-1",0
"GGTATTGTCGCCAGCA-1",2
"GGTGAAGAGACACGAC-1",0
"GGTGAAGAGATCCGAG-1",1
"GGTGAAGCAAGGTGTG-1",0
"GGTGAAGCACTCGACG-1",0
"GGTGAAGCAGTATGCT-1",5
"GGTGAAGGTATGAAAC-1",1
"GGTGAAGGTCAGAATA-1",0
"GGTGAAGGTGGTACAG-1",1
"GGTGAAGGTGTATGGG-1",4
"GGTGAAGGTGTCTGAT-1",2
"GGTGAAGGTGTGGTTT-1",1
"GGTGAAGGTGTGTGCC-1",1
"GGTGAAGTCACGATGT-1",3
"GGTGAAGTCACTCTTA-1",1
"GGTGAAGTCTGGCGTG-1",0
"GGTGCGTAGGTGATTA-1",1
"GGTGCGTAGTACGATA-1",0
"GGTGCGTCACTTAAGC-1",0
"GGTGCGTCAGCTGTAT-1",0
"GGTGCGTGTTCGTTGA-1",1
"GGTGCGTTCCGTACAA-1",0
"GGTGCGTTCTTGACGA-1",1
"GGTGTTAAGGGCTCTC-1",0
"GGTGTTAAGTAGCGGT-1",0
"GGTGTTAAGTGGGATC-1",1
"GGTGTTAAGTTATCGC-1",0
"GGTGTTACAAATCCGT-1",3
"GGTGTTACACGGATAG-1",0
"GGTGTTAGTAATCACC-1",0
"GGTGTTAGTAGCAAAT-1",4
"GGTGTTAGTGTATGGG-1",1
"GGTGTTAGTTGAACTC-1",0
"GGTGTTATCGGACAAG-1",3
"GGTGTTATCGGTGTTA-1",1
"GGTGTTATCTACTTAC-1",0
"GTAACGTAGGTGACCA-1",0
"GTAACGTCACAGGCCT-1",1
"GTAACGTGTACCATCA-1",2
"GTAACGTGTGAGTATA-1",2
"GTAACGTGTTACGGAG-1",0
"GTAACGTGTTAGGGTG-1",2
"GTAACGTTCGGTCCGA-1",1
"GTAACGTTCTCATTCA-1",1
"GTAACTGAGTGGGTTG-1",2
"GTAACTGCAATGGAAT-1",3
"GTAACTGCACAGGCCT-1",1
"GTAACTGCAGGATCGA-1",3
"GTAACTGCATCGGGTC-1",0
"GTAACTGGTATTACCG-1",0
"GTAACTGTCACGGTTA-1",1
"GTAACTGTCTACTATC-1",1
"GTACGTAAGGTGCTTT-1",2
"GTACGTACAGGAATGC-1",0
"GTACGTACATGGATGG-1",1
"GTACGTAGTGAGTGAC-1",0
"GTACGTAGTTGGTAAA-1",1
"GTACGTATCACCTCGT-1",0
"GTACGTATCATCGGAT-1",2
"GTACGTATCCACTGGG-1",5
"GTACTCCAGGCAGTCA-1",2
"GTACTCCCAATAGCGG-1",4
"GTACTCCCACAGGTTT-1",0
"GTACTCCTCACCTTAT-1",1
"GTACTCCTCATTGCCC-1",0
"GTACTCCTCCTTCAAT-1",1
"GTACTTTCAGTTAACC-1",0
"GTACTTTCATGTCGAT-1",1
"GTACTTTTCCGAAGAG-1",4
"GTAGGCCAGCAATCTC-1",0
"GTAGGCCCATTCGACA-1",2
"GTAGGCCGTAACGCGA-1",0
"GTAGGCCGTAAGGGCT-1",1
"GTAGGCCGTACGACCC-1",0
"GTAGGCCGTTCAGGCC-1",3
"GTAGGCCGTTGATTGC-1",2
"GTAGGCCTCAGCACAT-1",3
"GTAGTCAAGAATGTGT-1",2
"GTAGTCAAGATGCCTT-1",0
"GTAGTCAAGGACGAAA-1",1
"GTAGTCAAGTGAAGAG-1",0
"GTAGTCATCGTCACGG-1",2
"GTAGTCATCTGAAAGA-1",0
"GTATCTTAGAAACCAT-1",1
"GTATCTTAGGCTATCT-1",2
"GTATCTTAGTTGTCGT-1",1
"GTATCTTCACACCGCA-1",1
"GTATCTTCACGAAGCA-1",0
"GTATCTTGTTCGCTAA-1",1
"GTATCTTTCATGCTCC-1",0
"GTATCTTTCATGTAGC-1",1
"GTATTCTAGAAACCAT-1",0
"GTATTCTAGACAAAGG-1",4
"GTATTCTCAAAGTCAA-1",0
"GTATTCTCAACAACCT-1",3
"GTATTCTCAACTTGAC-1",1
"GTATTCTCAATAAGCA-1",1
"GTATTCTCAGGGTTAG-1",4
"GTATTCTCATACTACG-1",3
"GTATTCTCATGGTAGG-1",0
"GTATTCTGTAGTGAAT-1",0
"GTATTCTGTCTAGAGG-1",1
"GTCAAGTCATATGCTG-1",1
"GTCAAGTCATGGTTGT-1",0
"GTCAAGTGTCAGCTAT-1",0
"GTCAAGTGTTCCACTC-1",1
"GTCACAAAGCCGATTT-1",1
"GTCACAAAGTGGAGTC-1",2
"GTCACAACAGGTGGAT-1",0
"GTCACAAGTAAACGCG-1",5
"GTCACAATCAGGATCT-1",0
"GTCACAATCAGTTGAC-1",1
"GTCACAATCATGCATG-1",2
"GTCACGGAGATCACGG-1",4
"GTCACGGCATATACCG-1",6
"GTCACGGGTGAGTGAC-1",5
"GTCACGGGTGTGGCTC-1",1
"GTCACGGTCGAGAGCA-1",0
"GTCACGGTCTACCTGC-1",0
"GTCATTTAGAGACTAT-1",1
"GTCATTTCACGTGAGA-1",1
"GTCATTTGTAGAAGGA-1",0
"GTCATTTGTCAGATAA-1",1
"GTCATTTTCCAGAGGA-1",1
"GTCCTCAAGCCCAACC-1",0
"GTCCTCAAGTAGATGT-1",1
"GTCCTCAAGTGGGCTA-1",1
"GTCCTCACAATCACAC-1",1
"GTCCTCAGTGGAAAGA-1",1
"GTCCTCATCAAAGACA-1",1
"GTCCTCATCGTCCGTT-1",0
"GTCGGGTCACTGAAGG-1",0
"GTCGGGTCACTTCGAA-1",2
"GTCGGGTCATGAAGTA-1",0
"GTCGGGTGTCTCACCT-1",2
"GTCGGGTGTGTGACGA-1",1
"GTCGGGTGTGTGTGCC-1",2
"GTCGGGTGTTACGTCA-1",0
"GTCGGGTTCTGCTGTC-1",0
"GTCGGGTTCTGTGCAA-1",0
"GTCGTAAAGAGATGAG-1",3
"GTCGTAAAGCTGCAAG-1",0
"GTCGTAAAGGCGACAT-1",1
"GTCGTAACATCACGAT-1",4
"GTCGTAAGTATCACCA-1",0
"GTCGTAATCCAAGTAC-1",0
"GTCTCGTAGACCACGA-1",2
"GTCTCGTCAGGAACGT-1",1
"GTCTCGTGTGGTAACG-1",0
"GTCTCGTGTTTGGCGC-1",3
"GTCTCGTTCACCGGGT-1",1
"GTCTCGTTCAGTGCAT-1",0
"GTCTTCGAGACAAGCC-1",0
"GTCTTCGAGGAATGGA-1",0
"GTCTTCGAGTCAAGCG-1",0
"GTCTTCGCACATGGGA-1",0
"GTCTTCGCACCAGGTC-1",1
"GTCTTCGCAGACGCAA-1",0
"GTCTTCGCATAACCTG-1",0
"GTCTTCGCATCGATGT-1",1
"GTCTTCGGTCTAGTGT-1",0
"GTCTTCGTCTCGATGA-1",1
"GTGAAGGAGAGCTGGT-1",8
"GTGAAGGAGATCGGGT-1",0
"GTGAAGGAGCCAGTTT-1",1
"GTGAAGGAGTGTTGAA-1",0
"GTGAAGGCAAAGGCGT-1",2
"GTGAAGGCACTTAAGC-1",0
"GTGAAGGCAGATTGCT-1",1
"GTGAAGGGTATATGGA-1",1
"GTGAAGGGTCTCTCTG-1",4
"GTGAAGGTCTCCTATA-1",0
"GTGCAGCAGACATAAC-1",1
"GTGCAGCAGTGGTCCC-1",0
"GTGCAGCCACATCTTT-1",9
"GTGCAGCGTGAGTATA-1",1
"GTGCAGCTCTTAGAGC-1",1
"GTGCATAAGGCATGGT-1",2
"GTGCATAGTTTGTTGG-1",2
"GTGCATATCAGAGCTT-1",1
"GTGCATATCATCATTC-1",2
"GTGCATATCTGCGTAA-1",6
"GTGCGGTAGCAATCTC-1",0
"GTGCGGTAGGACAGAA-1",4
"GTGCGGTCAAAGGTGC-1",10
"GTGCGGTGTTCAGACT-1",1
"GTGCGGTGTTCTGTTT-1",0
"GTGCGGTTCATCTGCC-1",0
"GTGCGGTTCCAGGGCT-1",0
"GTGCGGTTCGGATGGA-1",0
"GTGCGGTTCTCGTTTA-1",0
"GTGCGGTTCTGCTGTC-1",1
"GTGCTTCAGCCAGTTT-1",0
"GTGCTTCAGGATTCGG-1",5
"GTGCTTCAGTACACCT-1",0
"GTGCTTCCACTTAACG-1",0
"GTGCTTCCAGCTATTG-1",0
"GTGCTTCGTAGAGTGC-1",0
"GTGCTTCTCACAATGC-1",4
"GTGCTTCTCACTTCAT-1",2
"GTGGGTCAGACCGGAT-1",1
"GTGGGTCAGACTGTAA-1",0
"GTGGGTCAGCCGTCGT-1",0
"GTGGGTCCACCAACCG-1",2
"GTGGGTCCACCACCAG-1",2
"GTGTGCGAGACCGGAT-1",0
"GTGTGCGAGACTTGAA-1",2
"GTGTGCGCAGGTCGTC-1",0
"GTGTGCGGTGAGCGAT-1",2
"GTGTGCGTCAGTCAGT-1",1
"GTGTGCGTCCCTTGTG-1",0
"GTGTGCGTCTAACTTC-1",1
"GTGTTAGAGCACGCCT-1",0
"GTGTTAGAGGACAGAA-1",2
"GTGTTAGAGGCATGGT-1",0
"GTGTTAGAGTGGAGAA-1",0
"GTGTTAGAGTTTGCGT-1",1
"GTGTTAGCAATGGAAT-1",0
"GTGTTAGCACCACCAG-1",0
"GTGTTAGGTGCCTGGT-1",1
"GTGTTAGGTGGAAAGA-1",0
"GTGTTAGGTTCCATGA-1",0
"GTGTTAGGTTGGGACA-1",0
"GTTAAGCAGAGCTGCA-1",0
"GTTAAGCAGATAGCAT-1",0
"GTTAAGCAGCTAACAA-1",1
"GTTAAGCAGGCTACGA-1",1
"GTTAAGCAGTGTACCT-1",1
"GTTAAGCAGTTTGCGT-1",1
"GTTAAGCCATTCACTT-1",2
"GTTAAGCGTACTCGCG-1",0
"GTTAAGCGTCTAGGTT-1",0
"GTTAAGCGTGGCAAAC-1",1
"GTTAAGCGTTGCTCCT-1",1
"GTTAAGCTCCTTTCGG-1",0
"GTTACAGAGAGCTATA-1",1
"GTTACAGAGTACGATA-1",0
"GTTACAGCAGACGCCT-1",1
"GTTACAGCATCGGTTA-1",1
"GTTACAGGTATGGTTC-1",0
"GTTACAGGTCGACTGC-1",5
"GTTACAGGTCTAGGTT-1",0
"GTTCATTAGCGATGAC-1",1
"GTTCATTCATATACGC-1",5
"GTTCATTCATTGGCGC-1",0
"GTTCATTGTGCACGAA-1",1
"GTTCATTGTGTTAAGA-1",0
"GTTCATTGTTCAGTAC-1",2
"GTTCGGGAGACGACGT-1",2
"GTTCGGGAGCTAAGAT-1",2
"GTTCGGGAGTGTCTCA-1",1
"GTTCGGGGTAGGGTAC-1",1
"GTTCGGGGTGCAGGTA-1",3
"GTTCGGGTCCACGCAG-1",2
"GTTCGGGTCTACTTAC-1",0
"GTTCTCGAGACCACGA-1",0
"GTTCTCGAGCGATGAC-1",0
"GTTCTCGAGGCCATAG-1",4
"GTTCTCGCATCGGACC-1",0
"GTTCTCGGTAAGGGAA-1",0
"GTTCTCGGTAGCGTAG-1",2
"GTTCTCGGTCCGTGAC-1",0
"GTTCTCGGTGTTAAGA-1",7
"GTTCTCGTCAACGCTA-1",1
"GTTCTCGTCCTGTACC-1",1
"GTTTCTACAAACCTAC-1",0
"GTTTCTACAAGAAAGG-1",2
"GTTTCTAGTGTTGGGA-1",6
"GTTTCTATCCCAACGG-1",0
"GTTTCTATCCGTAGTA-1",5
"GTTTCTATCGGCATCG-1",6
"TAAACCGGTACTTAGC-1",1
"TAAACCGTCACTCTTA-1",0
"TAAACCGTCAGGCGAA-1",2
"TAAACCGTCCGTTGTC-1",2
"TAAACCGTCTTCCTTC-1",1
"TAAGAGACAAGTTGTC-1",5
"TAAGAGAGTATATCCG-1",12
"TAAGAGATCAATCACG-1",0
"TAAGAGATCTAACGGT-1",1
"TAAGAGATCTTTCCTC-1",8
"TAAGCGTAGTGGACGT-1",2
"TAAGCGTAGTGTCTCA-1",2
"TAAGCGTCAGCTTCGG-1",3
"TAAGCGTCAGGTGGAT-1",0
"TAAGCGTGTCCTGCTT-1",1
"TAAGCGTGTGCCTGGT-1",0
"TAAGCGTGTTGTTTGG-1",1
"TAAGCGTTCCTCATTA-1",1
"TAAGCGTTCGGCGCAT-1",0
"TAAGCGTTCTCGCATC-1",0
"TAAGTGCAGGCTAGGT-1",0
"TAAGTGCAGTAGCGGT-1",0
"TAAGTGCCAACGCACC-1",1
"TAAGTGCCATACAGCT-1",0
"TAAGTGCGTAAACACA-1",0
"TAAGTGCGTCTCACCT-1",1
"TAAGTGCGTTCAGACT-1",1
"TAAGTGCTCACCCTCA-1",0
"TAAGTGCTCACTGGGC-1",0
"TAAGTGCTCTGGCGTG-1",0
"TACACGACACCCATTC-1",0
"TACACGAGTGATAAAC-1",0
"TACACGATCTGTCTCG-1",0
"TACAGTGAGATGCGAC-1",0
"TACAGTGAGCGTTGCC-1",0
"TACAGTGAGTGTACGG-1",1
"TACAGTGCAGGAATCG-1",1
"TACAGTGCAGGTGCCT-1",3
"TACAGTGGTACTCAAC-1",3
"TACAGTGGTTGGACCC-1",1
"TACCTATAGAGCTGGT-1",1
"TACCTATAGAGTTGGC-1",0
"TACCTATAGGCTCATT-1",2
"TACCTATAGTTAGCGG-1",0
"TACCTATCAAGCTGGA-1",1
"TACCTATGTAAATGAC-1",4
"TACCTATGTAGAGTGC-1",0
"TACCTATGTCACCTAA-1",0
"TACCTATGTGTTGAGG-1",0
"TACCTATGTTAAAGAC-1",1
"TACCTATTCTATGTGG-1",0
"TACCTATTCTTCCTTC-1",1
"TACCTTAAGAGGTTGC-1",1
"TACCTTAAGTCAAGCG-1",7
"TACCTTAAGTGGTCCC-1",1
"TACCTTACAACTGGCC-1",2
"TACCTTACAAGGGTCA-1",1
"TACCTTACACTCAGGC-1",0
"TACCTTACATCTACGA-1",3
"TACCTTAGTAGCGTCC-1",1
"TACCTTAGTCTCCACT-1",2
"TACGGATAGATGGCGT-1",1
"TACGGATAGGTACTCT-1",1
"TACGGATCAGGGATTG-1",0
"TACGGATCATCACCCT-1",0
"TACGGATGTCTAGCCG-1",1
"TACGGATTCGGTGTCG-1",6
"TACGGATTCTACTATC-1",0
"TACGGGCAGGATGCGT-1",0
"TACGGGCAGGGAACGG-1",4
"TACGGGCAGTATTGGA-1",0
"TACGGGCAGTCAAGCG-1",0
"TACGGGCCAAGAAGAG-1",0
"TACGGGCCACCAGATT-1",0
"TACGGGCCATCAGTAC-1",4
"TACGGGCGTAAGGGCT-1",1
"TACGGGCGTCTGATTG-1",0
"TACGGGCGTGATGTGG-1",1
"TACGGGCTCACCTTAT-1",4
"TACGGGCTCAGCTCTC-1",0
"TACGGGCTCCACGAAT-1",0
"TACGGGCTCCTATTCA-1",1
"TACGGGCTCGGTGTTA-1",1
"TACGGTAAGATATGGT-1",4
"TACGGTAAGCCGATTT-1",0
"TACGGTAAGTCATGCT-1",2
"TACGGTAAGTGCCATT-1",0
"TACGGTACACAGGCCT-1",3
"TACGGTACATTTCAGG-1",2
"TACGGTAGTATATCCG-1",0
"TACGGTAGTCACTTCC-1",3
"TACGGTAGTGCAGGTA-1",0
"TACGGTAGTGGGTATG-1",0
"TACGGTATCGCAGGCT-1",2
"TACGGTATCGGACAAG-1",1
"TACGGTATCGTTTATC-1",0
"TACTCATAGTCACGCC-1",2
"TACTCATCAATCTACG-1",2
"TACTCATCACGGTAGA-1",3
"TACTCATCACTTCTGC-1",0
"TACTCATCATCCGTGG-1",1
"TACTCATCATGTCGAT-1",0
"TACTCATGTACAGCAG-1",0
"TACTCATGTCTTCAAG-1",5
"TACTCATTCCTTTCTC-1",0
"TACTCGCAGGCGACAT-1",0
"TACTCGCGTCAGAAGC-1",0
"TACTCGCGTCTGATTG-1",5
"TACTCGCGTGTAACGG-1",0
"TACTCGCGTTGAGTTC-1",1
"TACTCGCTCAACGGGA-1",4
"TACTCGCTCCGAATGT-1",1
"TACTTACAGACTAGGC-1",1
"TACTTACAGCTGAACG-1",0
"TACTTACAGTACACCT-1",0
"TACTTACAGTACGCCC-1",1
"TACTTACAGTGATCGG-1",1
"TACTTACCAAGCCGTC-1",7
"TACTTACCACAGGTTT-1",2
"TACTTACTCGCGTTTC-1",6
"TACTTGTAGCGATATA-1",0
"TACTTGTAGTAATCCC-1",2
"TACTTGTCAAACAACA-1",1
"TACTTGTCATGCAACT-1",1
"TACTTGTGTAGCACGA-1",0
"TACTTGTGTATAAACG-1",0
"TACTTGTGTTCCACAA-1",2
"TACTTGTTCTGCAGTA-1",5
"TAGACCAAGAGACGAA-1",1
"TAGACCAAGCCTCGTG-1",0
"TAGACCAAGTCGATAA-1",3
"TAGACCACAACACCCG-1",0
"TAGACCAGTAGATTAG-1",0
"TAGACCAGTTCATGGT-1",0
"TAGACCATCACTTCAT-1",1
"TAGACCATCGTCACGG-1",3
"TAGACCATCTCCAGGG-1",1
"TAGAGCTAGAATTCCC-1",2
"TAGAGCTAGTATTGGA-1",1
"TAGAGCTCACTGAAGG-1",0
"TAGAGCTGTACTTGAC-1",1
"TAGAGCTGTAGGGACT-1",0
"TAGAGCTGTCTAAAGA-1",1
"TAGCCGGAGACTGGGT-1",1
"TAGCCGGAGTCCCACG-1",0
"TAGCCGGAGTGACATA-1",0
"TAGCCGGCAGCAGTTT-1",2
"TAGCCGGGTACAGTGG-1",2
"TAGCCGGGTACCATCA-1",0
"TAGCCGGGTCGCGAAA-1",5
"TAGCCGGTCACGACTA-1",0
"TAGCCGGTCCAGGGCT-1",0
"TAGGCATAGAACTGTA-1",0
"TAGGCATAGCTAGGCA-1",0
"TAGGCATAGTCGTACT-1",4
"TAGGCATAGTTTAGGA-1",0
"TAGGCATCAAGCCTAT-1",0
"TAGGCATCAGACGCAA-1",0
"TAGGCATGTACGAAAT-1",2
"TAGGCATGTCCAGTTA-1",0
"TAGGCATGTTCCACTC-1",1
"TAGGCATTCCCTAACC-1",0
"TAGGCATTCGCTAGCG-1",2
"TAGGCATTCGTAGATC-1",1
"TAGGCATTCTTCATGT-1",0
"TAGTGGTAGATCACGG-1",0
"TAGTGGTAGCTGTTCA-1",3
"TAGTGGTCAGTATAAG-1",0
"TAGTGGTGTAGCGTAG-1",2
"TAGTGGTTCAGCATGT-1",0
"TAGTGGTTCGGCGCAT-1",0
"TAGTGGTTCTCAAGTG-1",1
"TAGTGGTTCTGGGCCA-1",4
"TAGTGGTTCTTTAGTC-1",0
"TAGTTGGAGATAGGAG-1",1
"TAGTTGGCAGACGCAA-1",0
"TAGTTGGCATGCGCAC-1",3
"TAGTTGGGTATGGTTC-1",0
"TAGTTGGTCCGAATGT-1",1
"TAGTTGGTCTACTCAT-1",0
"TAGTTGGTCTCTAAGG-1",1
"TAGTTGGTCTGATACG-1",0
"TATCAGGAGAGTAAGG-1",0
"TATCAGGAGATCCGAG-1",1
"TATCAGGAGCAGATCG-1",1
"TATCAGGAGGTGCTTT-1",0
"TATCAGGCAACTTGAC-1",1
"TATCAGGCACGTTGGC-1",0
"TATCAGGGTCCGTTAA-1",0
"TATCAGGGTCTGCAAT-1",3
"TATCAGGGTTAAAGAC-1",3
"TATCAGGTCAAGATCC-1",0
"TATCAGGTCCACTCCA-1",3
"TATCAGGTCGTAGGTT-1",0
"TATCTCAAGAGTTGGC-1",0
"TATCTCAAGCCACCTG-1",1
"TATCTCAAGCGTAATA-1",0
"TATCTCAAGGCTAGCA-1",0
"TATCTCAAGTGGGCTA-1",0
"TATCTCACATGTCCTC-1",0
"TATCTCAGTAACGACG-1",6
"TATCTCAGTACCTACA-1",1
"TATCTCAGTACGACCC-1",4
"TATCTCAGTCAATGTC-1",4
"TATCTCATCAAGCCTA-1",6
"TATGCCCAGAAACCGC-1",5
"TATGCCCAGGTAGCTG-1",1
"TATGCCCCAATGGAAT-1",0
"TATGCCCCACTTAACG-1",0
"TATGCCCCATGTTCCC-1",0
"TATGCCCGTAGCCTCG-1",3
"TATGCCCGTATAGGGC-1",1
"TATGCCCGTATGAAAC-1",3
"TATGCCCGTCGCCATG-1",9
"TATGCCCGTGCCTTGG-1",0
"TATGCCCGTTAAGATG-1",1
"TATGCCCGTTGGTGGA-1",1
"TATGCCCGTTTAGGAA-1",0
"TATGCCCTCGTCTGCT-1",0
"TATTACCAGAGAGCTC-1",0
"TATTACCAGCAAATCA-1",0
"TATTACCAGCCCGAAA-1",0
"TATTACCAGTATCTCG-1",0
"TATTACCCAAAGTGCG-1",0
"TATTACCCAGACAAGC-1",0
"TATTACCCAGTCAGCC-1",0
"TATTACCCATAAAGGT-1",0
"TATTACCCATCTACGA-1",0
"TATTACCGTCCAGTAT-1",0
"TCAACGAAGCCGATTT-1",0
"TCAACGAAGCGATGAC-1",0
"TCAACGAAGGCATGTG-1",2
"TCAACGAAGTAGTGCG-1",2
"TCAACGACACCAGGCT-1",2
"TCAACGACATGCCTTC-1",3
"TCAACGAGTTACCAGT-1",1
"TCAACGAGTTCCATGA-1",1
"TCAACGAGTTCTGGTA-1",1
"TCAACGATCAGTCCCT-1",1
"TCAACGATCTGTGCAA-1",2
"TCAATCTAGATCCCGC-1",1
"TCAATCTCACAAGCCC-1",0
"TCAATCTCACAGCCCA-1",0
"TCAATCTCATGACGGA-1",1
"TCAATCTCATTTGCTT-1",0
"TCAATCTGTAGTGAAT-1",1
"TCAATCTGTTAGATGA-1",1
"TCAATCTTCAGATAAG-1",0
"TCAATCTTCATGTCCC-1",0
"TCACAAGAGACTGGGT-1",1
"TCACAAGAGAGAGCTC-1",0
"TCACAAGAGGCCCTCA-1",0
"TCACAAGAGGTGGGTT-1",0
"TCACAAGAGTAGATGT-1",1
"TCACAAGCAGTATGCT-1",5
"TCACAAGCATAACCTG-1",0
"TCACAAGCATGACATC-1",0
"TCACAAGGTCAGATAA-1",2
"TCACAAGGTGTGGTTT-1",0
"TCACAAGTCATCATTC-1",0
"TCACAAGTCATGCATG-1",2
"TCACGAAAGCTCCTTC-1",0
"TCACGAAAGGTGCTTT-1",2
"TCACGAAAGTCTCGGC-1",4
"TCACGAACACAAGACG-1",10
"TCACGAACACTGTCGG-1",1
"TCACGAAGTGGTCCGT-1",2
"TCACGAAGTTGGTGGA-1",1
"TCACGAATCATGCAAC-1",0
"TCACGAATCCCGACTT-1",2
"TCACGAATCCTCGCAT-1",0
"TCACGAATCGTCACGG-1",0
"TCAGATGAGGTGCACA-1",0
"TCAGATGGTCTTGTCC-1",12
"TCAGATGGTGCCTGCA-1",1
"TCAGATGGTGCTGTAT-1",2
"TCAGATGTCAGTTTGG-1",0
"TCAGATGTCGCATGAT-1",1
"TCAGATGTCTCCTATA-1",0
"TCAGCAAAGGAGTCTG-1",2
"TCAGCAAAGGCTCATT-1",10
"TCAGCAAAGTACGACG-1",0
"TCAGCAAAGTGGCACA-1",2
"TCAGCAACACGCATCG-1",0
"TCAGCAAGTACCGGCT-1",2
"TCAGCAATCAGCGATT-1",5
"TCAGCAATCGGAAACG-1",0
"TCAGCAATCTTCAACT-1",0
"TCAGCTCAGGTGTTAA-1",0
"TCAGCTCAGTATGACA-1",11
"TCAGCTCCAATCTGCA-1",0
"TCAGCTCCACGGTTTA-1",0
"TCAGCTCGTAATAGCA-1",0
"TCAGCTCGTCCGTCAG-1",0
"TCAGCTCGTTCACGGC-1",0
"TCAGCTCTCACGATGT-1",1
"TCAGCTCTCATGCATG-1",0
"TCAGCTCTCCTAAGTG-1",0
"TCAGCTCTCTCGTATT-1",0
"TCAGGATAGACAGAGA-1",1
"TCAGGATAGATATGGT-1",1
"TCAGGATCAAACGTGG-1",0
"TCAGGATCAAGTTCTG-1",4
"TCAGGATCACGGTGTC-1",2
"TCAGGATCACTGTGTA-1",2
"TCAGGATCAGCATACT-1",1
"TCAGGATCATCTGGTA-1",2
"TCAGGATGTAAGCACG-1",0
"TCAGGATGTGGCCCTA-1",1
"TCAGGATTCCGATATG-1",5
"TCAGGATTCTCGATGA-1",1
"TCAGGTAAGATGGCGT-1",1
"TCAGGTAAGTGTTTGC-1",0
"TCAGGTACACAAGTAA-1",3
"TCAGGTACACAGAGGT-1",6
"TCAGGTACAGCTGCTG-1",0
"TCAGGTAGTAAACGCG-1",1
"TCATTACAGAAACCAT-1",1
"TCATTACAGGAGTTGC-1",0
"TCATTACAGTTGCAGG-1",0
"TCATTACCACATCCAA-1",0
"TCATTACCAGTCAGCC-1",1
"TCATTACGTACGCACC-1",0
"TCATTACGTCTAGAGG-1",0
"TCATTACGTGAAGGCT-1",2
"TCATTACGTTCTGTTT-1",0
"TCATTACTCATCGATG-1",0
"TCATTTGAGCCAGTTT-1",0
"TCATTTGCACGTCTCT-1",1
"TCATTTGCAGTTAACC-1",2
"TCATTTGTCCAGAGGA-1",0
"TCATTTGTCCCTTGCA-1",2
"TCATTTGTCCGTCAAA-1",0
"TCATTTGTCGCTAGCG-1",0
"TCATTTGTCGTACGGC-1",2
"TCATTTGTCTCTGCTG-1",1
"TCCACACCAAAGAATC-1",0
"TCCACACCACGCCAGT-1",7
"TCCACACGTACAGCAG-1",7
"TCCACACGTAGCCTAT-1",0
"TCCACACGTCATCGGC-1",1
"TCCACACGTGACCAAG-1",0
"TCCACACGTGCGAAAC-1",0
"TCCACACTCAACACCA-1",0
"TCCACACTCCAGTATG-1",2
"TCCACACTCCCATTTA-1",1
"TCCACACTCGAACTGT-1",1
"TCCCGATAGAAGAAGC-1",1
"TCCCGATAGCACAGGT-1",4
"TCCCGATAGCCGGTAA-1",1
"TCCCGATCAAGGTTCT-1",6
"TCCCGATCAGCCAATT-1",1
"TCCCGATCATCCAACA-1",5
"TCCCGATGTAAGGATT-1",2
"TCCCGATGTCAATACC-1",1
"TCCCGATTCAGAAATG-1",0
"TCCCGATTCAGTCCCT-1",1
"TCCCGATTCATCTGTT-1",3
"TCCCGATTCCCTAATT-1",4
"TCCCGATTCTGGAGCC-1",1
"TCGAGGCAGCGATGAC-1",0
"TCGAGGCAGTGTTTGC-1",1
"TCGAGGCCAAAGAATC-1",1
"TCGAGGCCAAGTTCTG-1",0
"TCGAGGCCAGTAACGG-1",0
"TCGAGGCGTATATCCG-1",1
"TCGAGGCTCGCAAGCC-1",2
"TCGAGGCTCTTGAGAC-1",0
"TCGAGGCTCTTTCCTC-1",2
"TCGCGAGAGACAAAGG-1",1
"TCGCGAGAGTGAATTG-1",1
"TCGCGAGCAAGCGTAG-1",4
"TCGCGAGCACCGAATT-1",2
"TCGCGAGCAGTAAGAT-1",0
"TCGCGAGTCCACGAAT-1",4
"TCGCGAGTCTAGCACA-1",1
"TCGCGAGTCTCTAGGA-1",3
"TCGCGAGTCTTCATGT-1",2
"TCGCGTTAGTGGGCTA-1",1
"TCGCGTTCACAGGCCT-1",0
"TCGCGTTCATCACAAC-1",0
"TCGCGTTCATCTCGCT-1",2
"TCGCGTTGTTCACCTC-1",3
"TCGCGTTTCAAGATCC-1",0
"TCGCGTTTCAGGTAAA-1",0
"TCGCGTTTCATTCACT-1",1
"TCGCGTTTCCTGTACC-1",1
"TCGCGTTTCGCCCTTA-1",5
"TCGGGACCACACATGT-1",1
"TCGGGACTCCTTGCCA-1",0
"TCGGGACTCTGCGGCA-1",5
"TCGGGACTCTTGTCAT-1",2
"TCGGTAAAGACAGGCT-1",0
"TCGGTAAAGCTCAACT-1",1
"TCGGTAACAAGCTGAG-1",1
"TCGGTAACAGGAATGC-1",0
"TCGGTAAGTATATGGA-1",0
"TCGGTAAGTCTAGTCA-1",0
"TCGGTAATCCCGGATG-1",0
"TCGTACCAGCAGGCTA-1",0
"TCGTACCAGTTTCCTT-1",2
"TCGTACCGTTTGCATG-1",2
"TCGTACCTCGGGAGTA-1",1
"TCGTAGAAGCTAACTC-1",7
"TCGTAGAAGGCGACAT-1",1
"TCGTAGAAGGGAACGG-1",0
"TCGTAGAAGTCCATAC-1",1
"TCGTAGACAATCCAAC-1",1
"TCGTAGACACTCAGGC-1",3
"TCGTAGAGTATGAATG-1",0
"TCGTAGAGTGAGCGAT-1",1
"TCGTAGAGTGTGTGCC-1",4
"TCGTAGAGTTCAACCA-1",0
"TCGTAGAGTTCCATGA-1",4
"TCGTAGATCCAAGCCG-1",0
"TCGTAGATCTTAGCCC-1",0
"TCTATTGAGCGATTCT-1",0
"TCTATTGAGTGCCATT-1",0
"TCTATTGCACATCTTT-1",5
"TCTATTGGTAAGTGTA-1",1
"TCTATTGGTCCAACTA-1",1
"TCTATTGGTCTGCCAG-1",2
"TCTATTGGTTGCTCCT-1",0
"TCTATTGTCGGCGCTA-1",0
"TCTCATAAGCTAAACA-1",1
"TCTCATAAGCTAGTCT-1",3
"TCTCATAAGTGCCATT-1",0
"TCTCATAGTACCGGCT-1",0
"TCTCATAGTGTAAGTA-1",2
"TCTCATATCAAGCCTA-1",1
"TCTCATATCACCTTAT-1",0
"TCTCATATCCTGTACC-1",4
"TCTCTAAAGACCGGAT-1",0
"TCTCTAAAGGGTGTTG-1",1
"TCTCTAACAGCCTATA-1",0
"TCTCTAAGTCCAGTAT-1",0
"TCTCTAAGTCCATGAT-1",4
"TCTCTAAGTCTCATCC-1",0
"TCTCTAAGTGGAAAGA-1",6
"TCTCTAATCAAACCAC-1",0
"TCTCTAATCAACGCTA-1",0
"TCTCTAATCACAGGCC-1",0
"TCTCTAATCACATACG-1",0
"TCTCTAATCCGTAGGC-1",0
"TCTCTAATCGTATCAG-1",3
"TCTGAGACAAACCTAC-1",12
"TCTGAGACACGGATAG-1",0
"TCTGAGACAGAGTGTG-1",0
"TCTGAGAGTAAGGGAA-1",0
"TCTGAGATCCTTGACC-1",2
"TCTGAGATCTATCCTA-1",0
"TCTGGAAAGCGATGAC-1",1
"TCTGGAAAGCTAGTTC-1",0
"TCTGGAAAGCTCTCGG-1",0
"TCTGGAAAGGAGCGAG-1",0
"TCTGGAACACAAGACG-1",2
"TCTGGAACACACTGCG-1",1
"TCTGGAACACTTCTGC-1",4
"TCTGGAAGTGAGTATA-1",1
"TCTGGAATCTGTCTAT-1",0
"TCTTCGGAGGTTCCTA-1",1
"TCTTCGGAGTTCGATC-1",1
"TCTTCGGCAAAGCAAT-1",1
"TCTTCGGCAAAGGTGC-1",2
"TCTTCGGCAATAGCAA-1",5
"TCTTCGGCAATGTAAG-1",2
"TCTTCGGCACACCGAC-1",1
"TCTTCGGCAGCCAATT-1",0
"TCTTCGGGTCATTAGC-1",0
"TCTTCGGTCGTAGGTT-1",1
"TCTTCGGTCTCTAAGG-1",0
"TCTTTCCAGAGAGCTC-1",0
"TCTTTCCAGTCATCCA-1",0
"TCTTTCCCATCTCCCA-1",2
"TCTTTCCGTAATCACC-1",1
"TCTTTCCGTAGTACCT-1",3
"TCTTTCCTCACAACGT-1",0
"TCTTTCCTCAGCTGGC-1",1
"TCTTTCCTCCAAGTAC-1",0
"TCTTTCCTCCTCGCAT-1",1
"TGAAAGAAGCTAAGAT-1",7
"TGAAAGACAAGCCGTC-1",6
"TGAAAGACACATTCGA-1",0
"TGAAAGACATGAGCGA-1",0
"TGAAAGAGTCTAGCGC-1",0
"TGAAAGAGTCTCATCC-1",5
"TGAAAGATCCCGACTT-1",0
"TGAAAGATCTATGTGG-1",2
"TGACAACCAAGCGAGT-1",0
"TGACAACGTAGGGACT-1",1
"TGACAACGTGCGCTTG-1",0
"TGACAACGTGGTTTCA-1",2
"TGACAACTCACAAACC-1",0
"TGACAACTCCACGTGG-1",0
"TGACAACTCGAATGCT-1",0
"TGACGGCAGCGCCTCA-1",1
"TGACGGCAGGCTCAGA-1",0
"TGACGGCAGTCAAGCG-1",0
"TGACGGCCACAGACTT-1",0
"TGACGGCGTCATCCCT-1",1
"TGACGGCTCAGGCGAA-1",1
"TGACGGCTCCACTGGG-1",0
"TGACTAGAGACCCACC-1",1
"TGACTAGAGGGCATGT-1",3
"TGACTAGAGTCTCAAC-1",1
"TGACTAGAGTTGAGAT-1",0
"TGACTAGCAGCATACT-1",2
"TGACTAGCAGTCAGAG-1",0
"TGACTAGCATTTCACT-1",0
"TGACTAGGTAAATACG-1",2
"TGACTAGGTGAAAGAG-1",1
"TGACTAGGTGCAGTAG-1",0
"TGACTAGTCATGCATG-1",0
"TGACTAGTCCATGCTC-1",5
"TGACTAGTCTGTTGAG-1",2
"TGACTTTAGAACAATC-1",2
"TGACTTTAGTCTCGGC-1",0
"TGACTTTAGTTAGGTA-1",0
"TGACTTTCAGTCCTTC-1",0
"TGACTTTCATTATCTC-1",1
"TGACTTTGTCACACGC-1",2
"TGACTTTTCCTCAATT-1",0
"TGACTTTTCTGCCCTA-1",0
"TGAGAGGAGGCTCATT-1",1
"TGAGAGGCAAAGTCAA-1",1
"TGAGAGGCAAGCCATT-1",1
"TGAGAGGCACCATGTA-1",0
"TGAGAGGGTCACTGGC-1",1
"TGAGAGGGTCTAAACC-1",0
"TGAGAGGTCGAACTGT-1",0
"TGAGAGGTCGCGTTTC-1",1
"TGAGAGGTCTGACCTC-1",2
"TGAGCATAGAAACGAG-1",4
"TGAGCATAGAAGCCCA-1",0
"TGAGCATAGATGTCGG-1",0
"TGAGCATAGGAATGGA-1",0
"TGAGCATCACCAGGCT-1",3
"TGAGCATCAGATGAGC-1",0
"TGAGCATCAGCGTAAG-1",1
"TGAGCATCAGCTGTAT-1",6
"TGAGCATGTGGCCCTA-1",1
"TGAGCATTCCACGTTC-1",0
"TGAGCATTCCGATATG-1",0
"TGAGCATTCGGCCGAT-1",4
"TGAGCCGCATCGGGTC-1",0
"TGAGCCGGTCGAACAG-1",0
"TGAGCCGGTGTAATGA-1",4
"TGAGCCGGTTGATTCG-1",0
"TGAGCCGTCATCTGCC-1",0
"TGAGCCGTCGTCACGG-1",1
"TGAGCCGTCTTGAGGT-1",4
"TGAGGGAAGAGACTAT-1",0
"TGAGGGAAGGAGTACC-1",2
"TGAGGGAAGTCATCCA-1",0
"TGAGGGAAGTCATGCT-1",1
"TGAGGGACACCAGTTA-1",2
"TGAGGGACATAAGACA-1",1
"TGAGGGAGTAAACGCG-1",5
"TGAGGGAGTTAGGGTG-1",0
"TGAGGGATCAACGGGA-1",1
"TGAGGGATCTAGCACA-1",0
"TGAGGGATCTCTTATG-1",0
"TGATTTCCATCCGGGT-1",1
"TGATTTCGTAGGCATG-1",0
"TGATTTCGTTAAGACA-1",1
"TGATTTCTCTGATTCT-1",0
"TGCACCTAGACCTTTG-1",1
"TGCACCTAGGACGAAA-1",1
"TGCACCTCAAGTTGTC-1",0
"TGCACCTCAATAGAGT-1",0
"TGCACCTCATCCGGGT-1",0
"TGCACCTGTAATCACC-1",3
"TGCACCTGTCACACGC-1",2
"TGCACCTTCACGGTTA-1",0
"TGCACCTTCATCGGAT-1",1
"TGCACCTTCCGCGGTA-1",0
"TGCACCTTCGAACTGT-1",0
"TGCACCTTCTCTTGAT-1",0
"TGCCAAACAATGTAAG-1",0
"TGCCAAACAATTCCTT-1",2
"TGCCAAAGTTCGCGAC-1",0
"TGCCAAATCCAAACTG-1",2
"TGCCAAATCCCTGACT-1",0
"TGCCAAATCGGCGGTT-1",3
"TGCCCATAGACTAGGC-1",2
"TGCCCATAGCGTCAAG-1",0
"TGCCCATAGCGTGAAC-1",0
"TGCCCATAGCTGTTCA-1",0
"TGCCCATAGGATGGAA-1",0
"TGCCCATAGTACGCCC-1",1
"TGCCCATAGTTGAGTA-1",0
"TGCCCATCACCAGGTC-1",1
"TGCCCATCACGAAATA-1",1
"TGCCCATCAGGACGTA-1",1
"TGCCCATCATGGAATA-1",0
"TGCCCATCATGGATGG-1",2
"TGCCCATGTAGCCTCG-1",0
"TGCCCATTCAAACCGT-1",2
"TGCCCATTCAGGCCCA-1",1
"TGCCCATTCCTTCAAT-1",1
"TGCCCATTCGGAAATA-1",1
"TGCCCTAAGGTCGGAT-1",3
"TGCCCTAAGGTTCCTA-1",0
"TGCCCTACACCACCAG-1",1
"TGCCCTACAGCCACCA-1",2
"TGCCCTACAGTGAGTG-1",0
"TGCCCTAGTCCGAGTC-1",1
"TGCCCTAGTGGTTTCA-1",0
"TGCCCTAGTTTCGCTC-1",2
"TGCCCTATCGACGGAA-1",5
"TGCCCTATCTTCGGTC-1",0
"TGCGCAGAGACTAGGC-1",4
"TGCGCAGAGCACACAG-1",3
"TGCGCAGAGCGTCTAT-1",0
"TGCGCAGAGGAGCGAG-1",0
"TGCGCAGCAAACGTGG-1",4
"TGCGCAGCAGCTCGCA-1",0
"TGCGCAGCAGTAGAGC-1",3
"TGCGCAGTCCTACAGA-1",0
"TGCGGGTAGAGACTTA-1",0
"TGCGGGTAGATCGATA-1",1
"TGCGGGTAGCTCTCGG-1",1
"TGCGGGTAGGTGTGGT-1",0
"TGCGGGTAGTACTTGC-1",0
"TGCGGGTCAATGGAAT-1",1
"TGCGGGTCACACGCTG-1",0
"TGCGGGTCATTGGGCC-1",0
"TGCGGGTGTAGAAAGG-1",1
"TGCGGGTGTCACCTAA-1",0
"TGCGGGTGTCAGATAA-1",1
"TGCGGGTGTTAGAACA-1",0
"TGCGGGTTCAGTTCGA-1",0
"TGCGGGTTCGTAGATC-1",0
"TGCGGGTTCTCTTGAT-1",0
"TGCGTGGAGACGCAAC-1",0
"TGCGTGGAGACTGGGT-1",1
"TGCGTGGAGTGAACGC-1",0
"TGCGTGGCAATTCCTT-1",4
"TGCGTGGGTGCACCAC-1",0
"TGCGTGGTCCGCGCAA-1",0
"TGCGTGGTCGCCCTTA-1",0
"TGCGTGGTCTGGCGAC-1",2
"TGCTACCAGAAAGTGG-1",6
"TGCTACCAGATGGCGT-1",3
"TGCTACCAGCAAATCA-1",0
"TGCTACCAGTCCGTAT-1",0
"TGCTACCCAAGAGGCT-1",0
"TGCTACCCACTTAACG-1",0
"TGCTACCCATCGTCGG-1",3
"TGCTACCCATGGTTGT-1",1
"TGCTACCGTGTGACGA-1",0
"TGCTACCTCCTCGCAT-1",0
"TGCTACCTCTTCTGGC-1",2
"TGCTGCTAGACTAAGT-1",0
"TGCTGCTAGGTGATAT-1",0
"TGCTGCTCAATAGAGT-1",0
"TGCTGCTCACAGACAG-1",5
"TGCTGCTCATCCCATC-1",1
"TGCTGCTCATGGTTGT-1",1
"TGCTGCTGTCATACTG-1",0
"TGCTGCTGTGAAGGCT-1",3
"TGCTGCTTCATTGCGA-1",2
"TGGACGCAGAGGTACC-1",0
"TGGACGCAGTCAAGGC-1",0
"TGGACGCCACAGAGGT-1",1
"TGGACGCCATGGTAGG-1",0
"TGGACGCGTCCGAACC-1",3
"TGGACGCGTCTCCCTA-1",1
"TGGCCAGAGAAGGTGA-1",2
"TGGCCAGAGAGTACAT-1",0
"TGGCCAGAGGCGATAC-1",0
"TGGCCAGAGGCGTACA-1",1
"TGGCCAGCAACTGCGC-1",0
"TGGCCAGCACGACTCG-1",3
"TGGCCAGGTCAATACC-1",2
"TGGCCAGTCGTAGATC-1",3
"TGGCCAGTCTATCCCG-1",8
"TGGCGCAAGCTACCTA-1",1
"TGGCGCAAGCTATGCT-1",0
"TGGCGCAAGTGTGGCA-1",1
"TGGCGCAAGTTACCCA-1",0
"TGGCGCACACAGGCCT-1",1
"TGGCGCACACGGATAG-1",3
"TGGCGCACAGCGATCC-1",0
"TGGCGCACATAGGATA-1",0
"TGGCGCACATATACGC-1",1
"TGGCGCAGTACTCTCC-1",1
"TGGCGCAGTGGACGAT-1",10
"TGGCGCAGTTATGTGC-1",0
"TGGCGCATCAAGAAGT-1",0
"TGGCGCATCATGCTCC-1",0
"TGGCGCATCATGTGGT-1",1
"TGGCGCATCATTATCC-1",0
"TGGCGCATCGTGGTCG-1",1
"TGGCTGGAGCGGATCA-1",0
"TGGCTGGAGTGCAAGC-1",3
"TGGCTGGCAAGTTAAG-1",2
"TGGCTGGCACGGATAG-1",1
"TGGCTGGCAGGAACGT-1",0
"TGGCTGGGTCGAGTTT-1",0
"TGGCTGGGTCGGCATC-1",0
"TGGCTGGGTCTAGCCG-1",0
"TGGCTGGGTTACGCGC-1",2
"TGGCTGGGTTGGACCC-1",1
"TGGCTGGTCTCGTTTA-1",0
"TGGGAAGAGATATACG-1",0
"TGGGAAGAGCCCAATT-1",2
"TGGGAAGAGCGCTCCA-1",1
"TGGGAAGAGGGCTTCC-1",0
"TGGGAAGAGTAAGTAC-1",9
"TGGGAAGAGTTAACGA-1",0
"TGGGAAGCAAGGTGTG-1",0
"TGGGAAGCAGATCCAT-1",2
"TGGGAAGCAGCGAACA-1",2
"TGGGAAGGTAAGTTCC-1",0
"TGGGAAGGTTAGATGA-1",0
"TGGGAAGGTTATTCTC-1",3
"TGGGAAGTCCCAAGAT-1",1
"TGGGAAGTCCTTCAAT-1",0
"TGGGAAGTCGTGGACC-1",0
"TGGGAAGTCTCCTATA-1",3
"TGGGCGTAGTCTCCTC-1",0
"TGGGCGTCAGACGTAG-1",0
"TGGGCGTCAGGGATTG-1",3
"TGGGCGTGTCCAAGTT-1",0
"TGGGCGTGTCTAGAGG-1",0
"TGGGCGTGTGGCTCCA-1",2
"TGGGCGTGTTTCGCTC-1",1
"TGGGCGTTCAGCTTAG-1",0
"TGGTTAGAGCTACCTA-1",0
"TGGTTAGAGTTAGGTA-1",3
"TGGTTAGGTGATGATA-1",1
"TGGTTAGGTTCACGGC-1",0
"TGGTTAGTCCCGACTT-1",2
"TGGTTAGTCTTGTATC-1",0
"TGGTTCCAGCCGTCGT-1",0
"TGGTTCCAGTAATCCC-1",0
"TGGTTCCCAAGTTGTC-1",8
"TGGTTCCCAGACAAAT-1",1
"TGGTTCCCAGACAGGT-1",0
"TGGTTCCCAGCTCGAC-1",1
"TGGTTCCCATGTCCTC-1",1
"TGGTTCCCATTTCACT-1",0
"TGGTTCCGTCCAAGTT-1",0
"TGGTTCCTCACATACG-1",0
"TGGTTCCTCAGCTTAG-1",1
"TGGTTCCTCTAACTTC-1",0
"TGGTTCCTCTAGAGTC-1",0
"TGGTTCCTCTGGGCCA-1",0
"TGTATTCAGCCCGAAA-1",3
"TGTATTCAGCGATCCC-1",1
"TGTATTCCAGGGCATA-1",2
"TGTATTCGTAAGAGAG-1",0
"TGTATTCGTTTGTTTC-1",0
"TGTATTCTCAGCATGT-1",1
"TGTATTCTCATCTGTT-1",1
"TGTCCCAAGCAGATCG-1",9
"TGTCCCAAGCTAGTTC-1",0
"TGTCCCAAGCTGAACG-1",0
"TGTCCCAAGTTGTCGT-1",1
"TGTCCCACAGTAAGCG-1",1
"TGTCCCACATCACGTA-1",2
"TGTCCCAGTAAGAGGA-1",2
"TGTCCCAGTAAGTGGC-1",1
"TGTCCCAGTCGGATCC-1",0
"TGTCCCAGTCTCTTTA-1",0
"TGTCCCATCATTTGGG-1",0
"TGTCCCATCTGCAAGT-1",0
"TGTCCCATCTGCGTAA-1",0
"TGTGGTAGTCCCGACA-1",1
"TGTGGTAGTGTGAAAT-1",3
"TGTGGTAGTGTGACGA-1",2
"TGTGGTATCCAGGGCT-1",0
"TGTGGTATCTTGCATT-1",5
"TGTGTTTAGAGGTTAT-1",1
"TGTGTTTAGCGTGAGT-1",1
"TGTGTTTAGTGCGTGA-1",5
"TGTGTTTCATGCGCAC-1",0
"TGTGTTTTCTCATTCA-1",0
"TGTGTTTTCTTTCCTC-1",1
"TGTTCCGAGAGCAATT-1",0
"TGTTCCGAGCAACGGT-1",0
"TGTTCCGAGGAATTAC-1",2
"TGTTCCGAGGACTGGT-1",0
"TGTTCCGCAGTGAGTG-1",1
"TGTTCCGGTGAGTATA-1",1
"TGTTCCGTCAAGCCTA-1",1
"TGTTCCGTCAGTTCGA-1",5
"TGTTCCGTCGGCGGTT-1",0
"TGTTCCGTCTGAAAGA-1",1
"TGTTCCGTCTGGTATG-1",0
"TTAACTCAGTGTACGG-1",0
"TTAACTCCAAGCGCTC-1",1
"TTAACTCCAGGCAGTA-1",1
"TTAACTCGTTCCACAA-1",0
"TTAACTCTCATAAAGG-1",1
"TTAACTCTCCCTCAGT-1",2
"TTAGGACAGCAGGCTA-1",0
"TTAGGACAGCTCTCGG-1",6
"TTAGGACCAAGCCATT-1",1
"TTAGGACCAGTCAGAG-1",0
"TTAGGACGTTTGTTTC-1",2
"TTAGGCAAGAAGATTC-1",1
"TTAGGCAAGAGCCCAA-1",1
"TTAGGCAAGAGTGACC-1",0
"TTAGGCAAGGTTCCTA-1",7
"TTAGGCAAGTCGTTTG-1",2
"TTAGGCAAGTGTACCT-1",0
"TTAGGCACAGACGCTC-1",0
"TTAGGCACATGTTCCC-1",0
"TTAGGCAGTAAGGATT-1",1
"TTAGGCAGTAAGTAGT-1",0
"TTAGGCAGTCTTGATG-1",0
"TTAGGCATCACGCATA-1",4
"TTAGGCATCAGTCAGT-1",0
"TTAGGCATCCAGTATG-1",0
"TTAGGCATCGTTACGA-1",0
"TTAGTTCAGGTGCAAC-1",2
"TTAGTTCCAATGTAAG-1",0
"TTAGTTCCATCCTTGC-1",1
"TTAGTTCGTAGCCTAT-1",1
"TTAGTTCGTGCAGACA-1",1
"TTAGTTCGTGTCAATC-1",2
"TTAGTTCGTTGCCTCT-1",3
"TTAGTTCTCAGGCCCA-1",2
"TTAGTTCTCGCAGGCT-1",4
"TTAGTTCTCTACTATC-1",1
"TTATGCTAGAATGTGT-1",1
"TTATGCTAGCACACAG-1",1
"TTATGCTAGCAGCCTC-1",1
"TTATGCTAGTCCCACG-1",0
"TTATGCTAGTGGTAAT-1",0
"TTATGCTCAGCCAGAA-1",1
"TTATGCTCATACCATG-1",1
"TTATGCTCATGTAGTC-1",2
"TTATGCTGTCCGAGTC-1",0
"TTATGCTTCGATAGAA-1",1
"TTCCCAGAGAATTCCC-1",2
"TTCCCAGAGACTAGAT-1",1
"TTCCCAGAGTATCGAA-1",1
"TTCCCAGCAGATGGGT-1",4
"TTCCCAGCATCAGTAC-1",1
"TTCCCAGCATCTCCCA-1",0
"TTCCCAGCATTACCTT-1",0
"TTCCCAGTCAACACTG-1",1
"TTCCCAGTCGAGAGCA-1",0
"TTCGAAGAGTCTCAAC-1",1
"TTCGAAGCAAGCGCTC-1",0
"TTCGAAGCACATTAGC-1",2
"TTCGAAGCACGGTGTC-1",1
"TTCGGTCAGAGGACGG-1",3
"TTCGGTCAGCACACAG-1",1
"TTCGGTCAGGCCCTCA-1",1
"TTCGGTCAGTGAATTG-1",1
"TTCGGTCAGTTGAGAT-1",2
"TTCGGTCCAAGGGTCA-1",2
"TTCGGTCCACGTCAGC-1",0
"TTCGGTCGTAACGTTC-1",1
"TTCGGTCGTAGAGTGC-1",0
"TTCGGTCGTTCATGGT-1",0
"TTCGGTCGTTCTGTTT-1",0
"TTCGGTCTCAAAGACA-1",0
"TTCGGTCTCCAGTATG-1",3
"TTCGGTCTCGCGTTTC-1",0
"TTCGGTCTCGTCTGAA-1",0
"TTCTACAAGACTAAGT-1",1
"TTCTACAAGCAGCCTC-1",1
"TTCTACAAGCCTTGAT-1",1
"TTCTACAAGGCAGGTT-1",0
"TTCTACAAGGTAAACT-1",0
"TTCTACAAGTTAGGTA-1",1
"TTCTACACACGTGAGA-1",4
"TTCTACACAGCTGTTA-1",0
"TTCTACACATCGATTG-1",0
"TTCTACACATTACGAC-1",0
"TTCTACAGTACCGTTA-1",7
"TTCTACAGTATATGAG-1",3
"TTCTACAGTGGCTCCA-1",0
"TTCTACATCAACGGGA-1",0
"TTCTACATCCGCGTTT-1",1
"TTCTCAAAGAAAGTGG-1",4
"TTCTCAAAGAATCTCC-1",9
"TTCTCAAAGAGGTTAT-1",0
"TTCTCAAAGCAGCCTC-1",2
"TTCTCAAAGCCGCCTA-1",0
"TTCTCAAAGTCAATAG-1",0
"TTCTCAAAGTTGAGAT-1",2
"TTCTCAACACCCAGTG-1",1
"TTCTCAACATTGTGCA-1",3
"TTCTCAAGTATAAACG-1",0
"TTCTCAAGTCCCTTGT-1",1
"TTCTCAAGTCGAGATG-1",0
"TTCTCAATCATCGCTC-1",0
"TTCTCAATCCCTAACC-1",2
"TTCTCAATCGTAGGAG-1",0
"TTCTCCTAGAGTAAGG-1",0
"TTCTCCTAGCGACGTA-1",4
"TTCTCCTAGCGTGAGT-1",2
"TTCTCCTAGTCTCGGC-1",0
"TTCTCCTCAACACGCC-1",0
"TTCTCCTCAATAACGA-1",4
"TTCTCCTGTTAAGAAC-1",2
"TTCTCCTTCAGTTCGA-1",0
"TTCTCCTTCCGTAGGC-1",2
"TTCTCCTTCCTTTCTC-1",11
"TTCTCCTTCTGCAAGT-1",0
"TTCTCCTTCTTCAACT-1",1
"TTCTCCTTCTTGTACT-1",1
"TTCTTAGAGGACTGGT-1",1
"TTCTTAGCAAGGTGTG-1",1
"TTCTTAGCATCGGAAG-1",1
"TTCTTAGGTAGAAGGA-1",2
"TTCTTAGGTCATATGC-1",1
"TTCTTAGTCAGTTCGA-1",0
"TTGAACGGTCACTTCC-1",1
"TTGAACGTCATGTCCC-1",2
"TTGACTTAGCCACGTC-1",1
"TTGACTTAGCGACGTA-1",4
"TTGACTTAGTTAACGA-1",3
"TTGACTTCACTTACGA-1",0
"TTGACTTGTCTCTCTG-1",0
"TTGACTTGTGCGATAG-1",3
"TTGACTTTCCAGAGGA-1",2
"TTGACTTTCTGTCCGT-1",1
"TTGCCGTAGGAGCGTT-1",2
"TTGCCGTAGGTGGGTT-1",2
"TTGCCGTCATGGTCAT-1",2
"TTGCCGTGTACAGACG-1",1
"TTGCGTCAGACAGAGA-1",0
"TTGCGTCAGCTCCTTC-1",0
"TTGCGTCAGTCCATAC-1",0
"TTGCGTCAGTGAATTG-1",0
"TTGCGTCCAAATTGCC-1",0
"TTGCGTCCACTGTGTA-1",0
"TTGCGTCCAGTCACTA-1",3
"TTGCGTCGTCTGATTG-1",2
"TTGGAACAGCCCAATT-1",4
"TTGGAACAGCGTCTAT-1",3
"TTGGAACAGGCGTACA-1",0
"TTGGAACGTATTACCG-1",2
"TTGGAACGTGTGTGCC-1",0
"TTGGAACTCCCATTAT-1",0
"TTGGAACTCCGTAGTA-1",0
"TTGGAACTCGTCCAGG-1",0
"TTGGCAAAGTTAGGTA-1",5
"TTGGCAAGTATAGGTA-1",2
"TTGGCAATCACATGCA-1",1
"TTGGCAATCAGAGCTT-1",1
"TTGGCAATCGCATGAT-1",0
"TTGGCAATCTAGAGTC-1",1
"TTGTAGGAGGTGCTAG-1",0
"TTGTAGGCACACGCTG-1",0
"TTGTAGGGTCTCCCTA-1",0
"TTGTAGGGTGGTAACG-1",1
"TTGTAGGTCGGCGCTA-1",1
"TTGTAGGTCTGCCAGG-1",0
"TTTACTGAGATCACGG-1",0
"TTTACTGCAAAGCAAT-1",2
"TTTACTGCACATGGGA-1",0
"TTTACTGCACCACGTG-1",0
"TTTACTGCATGGGACA-1",2
"TTTACTGCATGTCCTC-1",0
"TTTACTGGTAACGTTC-1",0
"TTTACTGGTGGTGTAG-1",2
"TTTACTGGTTCGCTAA-1",4
"TTTACTGTCTGGAGCC-1",9
"TTTATGCAGACTGTAA-1",1
"TTTATGCAGATGCGAC-1",0
"TTTATGCAGGCAAAGA-1",9
"TTTATGCAGGCCCGTT-1",2
"TTTATGCAGTTCCACA-1",0
"TTTATGCCAAACGCGA-1",0
"TTTATGCCAATCTGCA-1",2
"TTTATGCCACAGGTTT-1",1
"TTTATGCCAGCCAATT-1",0
"TTTATGCCAGGTCGTC-1",8
"TTTATGCCATGGTCAT-1",0
"TTTATGCTCACATAGC-1",0
"TTTATGCTCACCTTAT-1",5
"TTTATGCTCGGCGGTT-1",0
"TTTATGCTCTCGCTTG-1",4
"TTTCCTCAGCGTGAAC-1",0
"TTTCCTCAGGACTGGT-1",2
"TTTCCTCCAAAGTGCG-1",0
"TTTCCTCCAGGAATGC-1",0
"TTTCCTCCATTAGCCA-1",1
"TTTCCTCGTCCGAAGA-1",0
"TTTCCTCGTCGCTTTC-1",0
"TTTCCTCTCGGCCGAT-1",0
"TTTCCTCTCGTGTAGT-1",0
"TTTGCGCAGCTAAACA-1",0
"TTTGCGCAGCTAGTCT-1",0
"TTTGCGCAGGCCGAAT-1",0
"TTTGCGCAGTCAAGGC-1",0
"TTTGCGCCAAGTAGTA-1",0
"TTTGCGCCAGGTGCCT-1",5
"TTTGCGCGTCTAAACC-1",0
"TTTGCGCTCAAAGTAG-1",2
"TTTGCGCTCATGTAGC-1",0
"TTTGGTTAGAATGTGT-1",0
"TTTGGTTAGACAATAC-1",3
"TTTGGTTAGCGATTCT-1",1
"TTTGGTTAGGCTCAGA-1",0
"TTTGGTTAGTTACCCA-1",0
"TTTGGTTCAAACTGCT-1",3
"TTTGGTTCAAGCTGTT-1",6
"TTTGGTTCAGATCGGA-1",0
"TTTGGTTCATCACAAC-1",1
"TTTGGTTGTACTTCTT-1",3
"TTTGGTTGTATGCTTG-1",0
"TTTGGTTGTGCTTCTC-1",1
"TTTGGTTTCATGCTCC-1",4
"TTTGGTTTCCCTGACT-1",1
"TTTGTCAAGAGTCGGT-1",1
"TTTGTCACAAGTTCTG-1",0
"TTTGTCACAAGTTGTC-1",2
"TTTGTCACACTCTGTC-1",0
"TTTGTCATCACCTTAT-1",0
"TTTGTCATCCATTCTA-1",2
"TTTGTCATCCTTAATC-1",0
"TTTGTCATCTTATCTG-1",0
