"cell_barcode","expression"
"AAACCTGAGACAGAGA-1",0
"AAACCTGAGACTTTCG-1",2
"AAACCTGAGAGTAAGG-1",0
"AAACCTGAGAGTCGGT-1",0
"AAACCTGAGGATGGAA-1",0
"AAACCTGAGTAGATGT-1",0
"AAACCTGCAATCAGAA-1",0
"AAACCTGCACCGATAT-1",0
"AAACCTGCAGACGTAG-1",1
"AAACCTGCAGTATCTG-1",0
"AAACCTGCATAGTAAG-1",0
"AAACCTGCATGAACCT-1",0
"AAACCTGGTAAGAGGA-1",1
"AAACCTGGTCCAACTA-1",8
"AAACCTGTCCGTAGTA-1",2
"AAACCTGTCGAGAGCA-1",0
"AAACGGGAGTACGACG-1",1
"AAACGGGCAAGGTTTC-1",0
"AAACGGGCACGTCAGC-1",0
"AAACGGGCAGCGTTCG-1",3
"AAACGGGGTAGCCTCG-1",0
"AAACGGGGTCTACCTC-1",0
"AAACGGGGTGCGGTAA-1",0
"AAACGGGGTTGTCGCG-1",1
"AAACGGGTCCATGAGT-1",0
"AAACGGGTCCCAACGG-1",0
"AAACGGGTCCCATTAT-1",0
"AAAGATGCAGTCAGCC-1",0
"AAAGATGCATCTACGA-1",1
"AAAGCAAAGCGTCTAT-1",1
"AAAGCAACATGTCGAT-1",0
"AAAGCAAGTAGCTGCC-1",0
"AAAGCAAGTAGGCATG-1",0
"AAAGCAAGTGCGCTTG-1",2
"AAAGCAAGTTATTCTC-1",1
"AAAGCAATCCGTAGTA-1",0
"AAAGTAGAGATGTGTA-1",1
"AAAGTAGAGTGGGCTA-1",1
"AAAGTAGGTATATGGA-1",1
"AAAGTAGGTGAGCGAT-1",0
"AAAGTAGGTTGAGGTG-1",0
"AAATGCCAGCCCTAAT-1",2
"AAATGCCAGCGTGTCC-1",1
"AAATGCCCAACACCTA-1",0
"AAATGCCGTAGGAGTC-1",0
"AAATGCCGTCTTTCAT-1",0
"AAATGCCGTGGTCCGT-1",0
"AAATGCCGTTCCCGAG-1",3
"AAATGCCTCATAGCAC-1",1
"AAATGCCTCGCTTAGA-1",2
"AACACGTAGAATTCCC-1",1
"AACACGTAGCCCTAAT-1",0
"AACACGTAGGGTGTGT-1",1
"AACACGTCACTGTCGG-1",0
"AACACGTCATCCCATC-1",2
"AACACGTGTGCAACGA-1",0
"AACACGTGTGTCGCTG-1",2
"AACCATGAGCGCTTAT-1",1
"AACCATGGTCCGTTAA-1",0
"AACCATGTCAGTTCGA-1",0
"AACCATGTCATCGATG-1",0
"AACCATGTCCCAAGTA-1",0
"AACCGCGAGAAGCCCA-1",0
"AACCGCGAGACTGGGT-1",0
"AACCGCGAGAGGTACC-1",0
"AACCGCGAGTTAGGTA-1",0
"AACCGCGAGTTGCAGG-1",1
"AACCGCGCACGGTAGA-1",1
"AACCGCGCAGCATGAG-1",0
"AACCGCGCAGCCTGTG-1",0
"AACCGCGCAGCTGTGC-1",0
"AACCGCGCAGTATGCT-1",0
"AACCGCGGTACTTGAC-1",0
"AACCGCGGTCTGCAAT-1",0
"AACCGCGTCACATGCA-1",0
"AACCGCGTCACCGTAA-1",2
"AACCGCGTCCAGAGGA-1",0
"AACCGCGTCCGAAGAG-1",0
"AACCGCGTCGATCCCT-1",0
"AACGTTGAGCGATAGC-1",0
"AACGTTGAGCGATCCC-1",0
"AACGTTGAGCTTATCG-1",1
"AACGTTGCAAGTTGTC-1",1
"AACGTTGCAATAGAGT-1",0
"AACGTTGCAATGGATA-1",0
"AACGTTGCATGGATGG-1",0
"AACGTTGCATTCTCAT-1",0
"AACGTTGTCAACACGT-1",0
"AACGTTGTCGAGGTAG-1",1
"AACGTTGTCGGTCCGA-1",1
"AACTCAGAGAGCTATA-1",0
"AACTCAGAGAGTCGGT-1",3
"AACTCAGAGCCACCTG-1",0
"AACTCAGAGCCCAATT-1",0
"AACTCAGCAAACAACA-1",0
"AACTCAGCACAAGCCC-1",1
"AACTCAGCACGGTTTA-1",0
"AACTCAGCAGGATCGA-1",0
"AACTCAGCATAAAGGT-1",0
"AACTCAGGTTCCACAA-1",3
"AACTCAGTCGTACCGG-1",1
"AACTCCCAGCCCAGCT-1",1
"AACTCCCAGCTAAGAT-1",1
"AACTCCCCAAACGCGA-1",0
"AACTCCCCATGGTCTA-1",1
"AACTCCCGTTGCGCAC-1",0
"AACTCCCTCAAGAAGT-1",1
"AACTCCCTCAAGCCTA-1",1
"AACTCCCTCATCGCTC-1",0
"AACTCCCTCTGCAGTA-1",0
"AACTCCCTCTGGCGTG-1",1
"AACTCTTAGCAGACTG-1",2
"AACTCTTAGTCCGGTC-1",1
"AACTCTTCATGCTAGT-1",0
"AACTCTTGTCGAATCT-1",0
"AACTCTTGTCGGGTCT-1",0
"AACTCTTTCCTCAATT-1",0
"AACTCTTTCTCAAACG-1",0
"AACTCTTTCTCCAGGG-1",0
"AACTCTTTCTCTGCTG-1",3
"AACTGGTAGAAGATTC-1",0
"AACTGGTAGAGACTAT-1",1
"AACTGGTAGCCAACAG-1",0
"AACTGGTAGTGTACTC-1",2
"AACTGGTCACTGAAGG-1",0
"AACTGGTGTCCGAACC-1",1
"AACTGGTTCGGAGCAA-1",0
"AACTGGTTCGTGGGAA-1",1
"AACTGGTTCTGCTTGC-1",2
"AACTTTCAGCGTGAAC-1",0
"AACTTTCAGTATCTCG-1",1
"AACTTTCAGTTTCCTT-1",2
"AACTTTCCATCCTTGC-1",2
"AACTTTCGTCTAGAGG-1",1
"AACTTTCGTCTCTTTA-1",0
"AACTTTCGTTTGTTTC-1",0
"AAGACCTAGGGCTTCC-1",0
"AAGACCTAGTACACCT-1",1
"AAGACCTGTATATGAG-1",1
"AAGACCTGTATCAGTC-1",2
"AAGACCTGTCCGTGAC-1",1
"AAGACCTGTCGAAAGC-1",1
"AAGACCTTCGCCATAA-1",2
"AAGCCGCAGATCTGAA-1",2
"AAGCCGCAGGGTGTTG-1",0
"AAGCCGCAGTGGACGT-1",0
"AAGCCGCAGTGTACTC-1",1
"AAGCCGCCACGCTTTC-1",0
"AAGCCGCCAGGACGTA-1",0
"AAGCCGCGTACAGTTC-1",0
"AAGCCGCGTCATTAGC-1",0
"AAGCCGCTCACGAAGG-1",0
"AAGCCGCTCAGTTAGC-1",0
"AAGCCGCTCGCAAACT-1",1
"AAGCCGCTCGTCGTTC-1",1
"AAGCCGCTCTTACCGC-1",1
"AAGGAGCAGAAACCGC-1",0
"AAGGAGCAGGCATGTG-1",0
"AAGGAGCAGGCGCTCT-1",0
"AAGGAGCAGTTGAGTA-1",0
"AAGGAGCCACGGCGTT-1",0
"AAGGAGCGTAGCGCAA-1",0
"AAGGAGCGTCTGCAAT-1",0
"AAGGAGCTCGTCTGCT-1",0
"AAGGCAGAGAACTGTA-1",1
"AAGGCAGAGAGATGAG-1",0
"AAGGCAGAGGTGATAT-1",0
"AAGGCAGCATAGTAAG-1",2
"AAGGCAGGTACTTCTT-1",0
"AAGGCAGGTGTGCCTG-1",1
"AAGGCAGTCAGATAAG-1",0
"AAGGCAGTCGGAATCT-1",0
"AAGGTTCAGTATCTCG-1",2
"AAGGTTCCATCACGTA-1",0
"AAGGTTCGTATATGGA-1",0
"AAGGTTCGTCCGAATT-1",2
"AAGGTTCGTCGACTAT-1",0
"AAGGTTCGTGTGACCC-1",1
"AAGGTTCTCCGTCATC-1",1
"AAGGTTCTCCTCGCAT-1",1
"AAGGTTCTCTGCGGCA-1",1
"AAGTCTGAGCCATCGC-1",0
"AAGTCTGAGTCAAGCG-1",0
"AAGTCTGCAAAGGAAG-1",0
"AAGTCTGGTCAGCTAT-1",0
"AAGTCTGTCAAACAAG-1",0
"AAGTCTGTCACTGGGC-1",0
"AAGTCTGTCAGCAACT-1",0
"AATCCAGCAAAGTGCG-1",1
"AATCCAGCAGCATACT-1",0
"AATCCAGGTAGGCATG-1",1
"AATCCAGGTCTCCCTA-1",0
"AATCCAGTCCGAATGT-1",2
"AATCGGTAGGCATGGT-1",1
"AATCGGTTCCTGTACC-1",2
"AATCGGTTCGCCGTGA-1",0
"ACACCAAAGATGAGAG-1",2
"ACACCAAAGCCCTAAT-1",1
"ACACCAAAGGATGGTC-1",1
"ACACCAAAGTGTCCAT-1",0
"ACACCAACACTTCGAA-1",0
"ACACCAACAGACGCTC-1",0
"ACACCAACAGCCTATA-1",1
"ACACCAAGTCGCGTGT-1",2
"ACACCAAGTCTAAACC-1",0
"ACACCAAGTTATGTGC-1",1
"ACACCAATCGCGTTTC-1",0
"ACACCCTAGCCAGGAT-1",2
"ACACCCTAGTACTTGC-1",1
"ACACCCTCAAGCGCTC-1",1
"ACACCCTCATCACAAC-1",1
"ACACCCTCATGCCCGA-1",0
"ACACCCTGTCTGGTCG-1",2
"ACACCCTTCCGCAAGC-1",1
"ACACCCTTCCTTGCCA-1",1
"ACACCCTTCTATCCTA-1",1
"ACACCCTTCTGGCGTG-1",0
"ACACCGGAGGCTCAGA-1",1
"ACACCGGAGTGACATA-1",0
"ACACCGGAGTTACCCA-1",0
"ACACCGGCAAGCCGTC-1",2
"ACACCGGCACCAGATT-1",0
"ACACCGGCACCGAAAG-1",0
"ACACCGGCATCACAAC-1",0
"ACACCGGTCCGCATAA-1",2
"ACACCGGTCTCGGACG-1",0
"ACACCGGTCTCTGTCG-1",0
"ACACTGAAGCACGCCT-1",0
"ACACTGAAGGTGATTA-1",2
"ACACTGACAATAGAGT-1",1
"ACACTGACAGACTCGC-1",2
"ACACTGACATCCAACA-1",0
"ACACTGAGTCCGAAGA-1",0
"ACACTGAGTGTTTGTG-1",0
"ACACTGAGTTTGACTG-1",0
"ACAGCCGAGGAATGGA-1",0
"ACAGCCGAGGCCCGTT-1",0
"ACAGCCGAGGTGCTTT-1",0
"ACAGCCGAGTGGTAGC-1",1
"ACAGCCGCATATACGC-1",0
"ACAGCCGCATGCAACT-1",0
"ACAGCCGGTAGGGTAC-1",0
"ACAGCCGGTCGAATCT-1",1
"ACAGCCGGTTCACCTC-1",1
"ACAGCCGGTTCCACTC-1",1
"ACAGCCGTCCAGAAGG-1",1
"ACAGCCGTCTTTACAC-1",0
"ACAGCTAAGCACCGCT-1",0
"ACAGCTAAGTATCTCG-1",0
"ACAGCTAAGTGTTGAA-1",0
"ACAGCTACATCGTCGG-1",1
"ACAGCTAGTCGACTAT-1",1
"ACAGCTAGTGGTACAG-1",2
"ACAGCTATCACCACCT-1",1
"ACAGCTATCTGCTTGC-1",1
"ACATACGAGAGCTTCT-1",0
"ACATACGAGCGTAGTG-1",0
"ACATACGAGCTTCGCG-1",1
"ACATACGAGCTTTGGT-1",1
"ACATACGCAAACGTGG-1",1
"ACATACGCAAGCCTAT-1",0
"ACATACGCATCTCCCA-1",0
"ACATACGCATTCTCAT-1",0
"ACATACGGTAGGAGTC-1",1
"ACATACGGTGCACCAC-1",0
"ACATACGGTGGTTTCA-1",2
"ACATACGTCGTATCAG-1",0
"ACATCAGAGCCACTAT-1",1
"ACATCAGAGCCTTGAT-1",1
"ACATCAGCAACACCCG-1",0
"ACATCAGCAACGATGG-1",0
"ACATCAGCAATTGCTG-1",0
"ACATCAGCACCGGAAA-1",0
"ACATCAGCATAAAGGT-1",1
"ACATCAGCATCCCACT-1",0
"ACATCAGCATTTGCCC-1",1
"ACATCAGGTAAGGATT-1",0
"ACATCAGGTCCGTGAC-1",1
"ACATCAGGTTAAGTAG-1",1
"ACATCAGTCAAACCGT-1",0
"ACATGGTAGCATGGCA-1",3
"ACATGGTAGCTGTTCA-1",0
"ACATGGTCACTTGGAT-1",0
"ACATGGTGTCAGATAA-1",0
"ACATGGTGTCTGCGGT-1",1
"ACATGGTGTGCAACTT-1",2
"ACATGGTTCCGCAAGC-1",1
"ACATGGTTCCTCCTAG-1",1
"ACATGGTTCTGGAGCC-1",0
"ACATGGTTCTTCTGGC-1",0
"ACCAGTAAGATCACGG-1",0
"ACCAGTAAGCTTCGCG-1",1
"ACCAGTACACAGATTC-1",3
"ACCAGTACACAGGCCT-1",0
"ACCAGTACAGTATGCT-1",0
"ACCAGTACAGTCAGAG-1",0
"ACCAGTACAGTTTACG-1",0
"ACCAGTAGTCACCCAG-1",1
"ACCAGTAGTCCATCCT-1",1
"ACCAGTAGTCTTCAAG-1",0
"ACCAGTAGTGGACGAT-1",1
"ACCAGTATCTGCGACG-1",0
"ACCAGTATCTGCTTGC-1",0
"ACCAGTATCTGTTTGT-1",0
"ACCCACTAGAGGTTAT-1",0
"ACCCACTAGATCCCGC-1",1
"ACCCACTAGATGTGTA-1",1
"ACCCACTAGCCCAATT-1",0
"ACCCACTCAAGGGTCA-1",2
"ACCCACTCAAGGTTCT-1",1
"ACCCACTGTAAATGAC-1",1
"ACCCACTGTAGCCTCG-1",1
"ACCCACTGTCAAAGAT-1",0
"ACCCACTGTCAATACC-1",0
"ACCCACTGTGTGGTTT-1",0
"ACCCACTTCGCAAACT-1",1
"ACCCACTTCTGCCAGG-1",0
"ACCGTAACAATCGGTT-1",0
"ACCGTAACAATCTACG-1",1
"ACCGTAACAGGTCCAC-1",0
"ACCGTAAGTACAGCAG-1",1
"ACCGTAAGTCATGCAT-1",1
"ACCGTAAGTGAGTGAC-1",0
"ACCGTAAGTTAAGAAC-1",0
"ACCGTAAGTTCCGTCT-1",1
"ACCGTAATCACATAGC-1",0
"ACCGTAATCATGTGGT-1",0
"ACCGTAATCTGAAAGA-1",0
"ACCTTTACAATCGGTT-1",0
"ACCTTTACACGGACAA-1",1
"ACCTTTACAGCAGTTT-1",0
"ACCTTTACATGCAACT-1",1
"ACCTTTACATTTCAGG-1",0
"ACCTTTAGTGAACCTT-1",0
"ACCTTTAGTTCCACTC-1",0
"ACCTTTATCTCTAGGA-1",1
"ACGAGCCAGGCAGGTT-1",0
"ACGAGCCCACAGGCCT-1",0
"ACGAGCCCATGGAATA-1",1
"ACGAGCCGTGCACGAA-1",1
"ACGAGCCGTGTGACCC-1",0
"ACGAGCCGTTGGTTTG-1",1
"ACGAGCCTCAGTCCCT-1",2
"ACGAGCCTCGCAAACT-1",0
"ACGAGGACACTACAGT-1",0
"ACGAGGACATGTAGTC-1",0
"ACGAGGAGTACACCGC-1",1
"ACGAGGAGTGCCTGCA-1",0
"ACGAGGAGTTCTGAAC-1",2
"ACGAGGATCTGCGGCA-1",0
"ACGATACAGAGTGACC-1",0
"ACGATACAGCGCCTTG-1",1
"ACGATACAGTGATCGG-1",0
"ACGATACCACGTTGGC-1",0
"ACGATACCATTGGGCC-1",0
"ACGATACGTCGAATCT-1",0
"ACGATACTCTGACCTC-1",0
"ACGATGTAGTGCGATG-1",1
"ACGATGTAGTTGAGAT-1",0
"ACGATGTCAACGCACC-1",0
"ACGATGTCACACGCTG-1",0
"ACGATGTGTATTCTCT-1",1
"ACGATGTGTCAGTGGA-1",2
"ACGATGTGTGACTACT-1",0
"ACGATGTGTGTCGCTG-1",2
"ACGATGTTCGCGTAGC-1",0
"ACGATGTTCTCTTATG-1",0
"ACGCAGCAGCGGCTTC-1",2
"ACGCAGCAGCTGCGAA-1",0
"ACGCAGCAGTGTACGG-1",1
"ACGCAGCCACCTCGTT-1",0
"ACGCAGCCATCGACGC-1",0
"ACGCAGCCATTACCTT-1",0
"ACGCAGCGTCCATGAT-1",0
"ACGCAGCGTCTACCTC-1",1
"ACGCAGCGTCTGGTCG-1",0
"ACGCAGCGTGCGATAG-1",0
"ACGCCAGCAAAGCAAT-1",1
"ACGCCAGCAACGCACC-1",2
"ACGCCAGCACGAGAGT-1",2
"ACGCCAGCAGTGAGTG-1",0
"ACGCCAGGTGCACTTA-1",2
"ACGCCAGGTGTGCGTC-1",0
"ACGCCAGTCACAGGCC-1",1
"ACGCCAGTCAGTGTTG-1",1
"ACGCCGAAGAAACGCC-1",0
"ACGCCGAAGATCTGCT-1",0
"ACGCCGACAGCCTGTG-1",0
"ACGCCGAGTTCCAACA-1",0
"ACGCCGATCCTATGTT-1",1
"ACGCCGATCGCAGGCT-1",1
"ACGCCGATCTTGTATC-1",3
"ACGGAGAAGCCAGTTT-1",1
"ACGGAGAAGGTCATCT-1",0
"ACGGAGACACACATGT-1",1
"ACGGAGACAGCCTGTG-1",1
"ACGGAGACAGCGTAAG-1",3
"ACGGAGACAGTAAGCG-1",1
"ACGGAGAGTGTGACGA-1",1
"ACGGAGATCCACGAAT-1",0
"ACGGCCACACATCCAA-1",1
"ACGGCCACACATTCGA-1",1
"ACGGCCAGTACCGTAT-1",0
"ACGGCCAGTGTATGGG-1",0
"ACGGCCATCACGGTTA-1",0
"ACGGCCATCAGTGTTG-1",2
"ACGGCCATCTACTATC-1",1
"ACGGGCTAGGATCGCA-1",1
"ACGGGCTAGGTTCCTA-1",0
"ACGGGCTAGTGGCACA-1",1
"ACGGGCTCATCTGGTA-1",1
"ACGGGCTGTGAGGCTA-1",0
"ACGGGCTTCCGAACGC-1",1
"ACGGGTCAGATGCCAG-1",0
"ACGGGTCCATGATCCA-1",1
"ACGGGTCCATTAGGCT-1",0
"ACGGGTCCATTTCACT-1",0
"ACGGGTCGTTAGGGTG-1",0
"ACGGGTCTCAACACCA-1",2
"ACGGGTCTCCACGCAG-1",0
"ACGTCAAAGGGCTTCC-1",0
"ACGTCAAAGTGGTAAT-1",0
"ACGTCAACAACTGCGC-1",1
"ACGTCAACACAAGACG-1",0
"ACGTCAAGTAGCTCCG-1",1
"ACGTCAAGTGTCGCTG-1",1
"ACGTCAAGTTATGCGT-1",0
"ACGTCAATCAACCAAC-1",0
"ACGTCAATCATAACCG-1",1
"ACGTCAATCCAGAAGG-1",2
"ACGTCAATCTAACTCT-1",0
"ACTATCTAGAGGTTAT-1",0
"ACTATCTAGATACACA-1",0
"ACTATCTAGGAGTAGA-1",1
"ACTATCTAGGCATGTG-1",1
"ACTATCTCAAATACAG-1",0
"ACTATCTCAAATTGCC-1",2
"ACTATCTGTAGGGACT-1",1
"ACTATCTGTCGCGTGT-1",0
"ACTATCTGTGCACGAA-1",0
"ACTATCTGTGGTTTCA-1",1
"ACTATCTTCGCCGTGA-1",0
"ACTGAACAGAGTGAGA-1",3
"ACTGAACAGATCCCGC-1",1
"ACTGAACAGGTGATAT-1",1
"ACTGAACCAAAGCGGT-1",0
"ACTGAACCAAGCGAGT-1",1
"ACTGAACCAATTCCTT-1",0
"ACTGAACCAGCTGGCT-1",2
"ACTGAACCAGTCTTCC-1",1
"ACTGAACCATTACCTT-1",0
"ACTGAACGTAAGCACG-1",2
"ACTGAACGTAATCGTC-1",1
"ACTGAACGTCCAGTAT-1",0
"ACTGAACGTCTGATCA-1",0
"ACTGAACTCCCACTTG-1",2
"ACTGAGTAGCCGGTAA-1",1
"ACTGAGTCAGTGGGAT-1",2
"ACTGAGTCATTTGCCC-1",2
"ACTGAGTGTAGAGCTG-1",0
"ACTGAGTGTTGTGGCC-1",1
"ACTGAGTTCAGGTTCA-1",2
"ACTGATGAGACAGACC-1",1
"ACTGATGAGCGGATCA-1",2
"ACTGATGAGGTGCTTT-1",0
"ACTGATGCAGCAGTTT-1",0
"ACTGATGCATCACAAC-1",1
"ACTGATGGTCATGCAT-1",0
"ACTGATGTCACAATGC-1",2
"ACTGATGTCACTCCTG-1",0
"ACTGATGTCCCTGACT-1",0
"ACTGATGTCCGCTGTT-1",1
"ACTGATGTCCGGCACA-1",1
"ACTGATGTCCTATTCA-1",0
"ACTGCTCAGAGCTTCT-1",1
"ACTGCTCAGATGCCTT-1",0
"ACTGCTCCACACCGCA-1",2
"ACTGCTCCAGATGGGT-1",0
"ACTGCTCCATGCCTAA-1",0
"ACTGCTCGTAGGCATG-1",1
"ACTGCTCGTATCACCA-1",0
"ACTGCTCGTCCGAAGA-1",1
"ACTGCTCTCCGAGCCA-1",1
"ACTGTCCAGAGGGCTT-1",1
"ACTGTCCAGCAGCGTA-1",1
"ACTGTCCAGGCATGGT-1",1
"ACTGTCCCAAGGTTTC-1",1
"ACTGTCCCAAGTACCT-1",0
"ACTGTCCCAGTATCTG-1",1
"ACTGTCCCATAGAAAC-1",1
"ACTGTCCGTTGAGGTG-1",0
"ACTGTCCTCCACGTGG-1",0
"ACTGTCCTCCTTGGTC-1",1
"ACTGTCCTCTCTGTCG-1",0
"ACTTACTAGCGATAGC-1",1
"ACTTACTAGGGATGGG-1",0
"ACTTACTCACAGACAG-1",0
"ACTTACTCACATTTCT-1",1
"ACTTACTGTACTCAAC-1",0
"ACTTACTGTTCCACAA-1",0
"ACTTACTTCATCGGAT-1",2
"ACTTGTTAGACAAGCC-1",1
"ACTTGTTAGCTAGCCC-1",0
"ACTTGTTAGTTACCCA-1",1
"ACTTGTTCACGACGAA-1",0
"ACTTGTTCACGGCTAC-1",2
"ACTTGTTGTATCGCAT-1",0
"ACTTGTTGTGGTAACG-1",1
"ACTTGTTGTTGTGGAG-1",1
"ACTTGTTTCATCACCC-1",0
"ACTTTCACATGGTCAT-1",0
"ACTTTCAGTGACTACT-1",0
"ACTTTCATCGCCAGCA-1",1
"AGAATAGAGCTGAACG-1",0
"AGAATAGAGCTGTCTA-1",0
"AGAATAGAGGTAGCTG-1",1
"AGAATAGCATGGTCTA-1",1
"AGAATAGGTAATCGTC-1",0
"AGAATAGGTATTCTCT-1",2
"AGAATAGGTGCGGTAA-1",1
"AGAATAGGTTAAGAAC-1",0
"AGAATAGTCAGGCCCA-1",0
"AGACGTTAGAATGTGT-1",1
"AGACGTTAGCTCCTCT-1",0
"AGACGTTAGTGCCAGA-1",0
"AGACGTTCAGGATCGA-1",1
"AGACGTTGTAGCTGCC-1",0
"AGACGTTGTCTGCAAT-1",0
"AGACGTTGTTCTGTTT-1",0
"AGACGTTTCGCATGGC-1",0
"AGACGTTTCGCTTAGA-1",1
"AGAGCGACAACTTGAC-1",0
"AGAGCGACAAGTACCT-1",1
"AGAGCGACACAACGTT-1",1
"AGAGCGACATGAGCGA-1",0
"AGAGCGAGTCAGTGGA-1",0
"AGAGCGAGTCGACTGC-1",1
"AGAGCGAGTTGAGTTC-1",0
"AGAGCGATCGCGTAGC-1",1
"AGAGCGATCTATCCTA-1",1
"AGAGCGATCTCGCTTG-1",1
"AGAGCTTAGCCGTCGT-1",1
"AGAGCTTAGTACACCT-1",0
"AGAGCTTAGTCATGCT-1",0
"AGAGCTTGTAGAGCTG-1",0
"AGAGCTTGTATCACCA-1",1
"AGAGCTTTCACTATTC-1",1
"AGAGCTTTCCTGCAGG-1",0
"AGAGCTTTCGCAAACT-1",2
"AGAGCTTTCGCTTAGA-1",0
"AGAGTGGAGAGCCTAG-1",2
"AGAGTGGAGGCCCTTG-1",0
"AGAGTGGAGGTACTCT-1",0
"AGAGTGGCACAAGACG-1",0
"AGAGTGGCACCTCGTT-1",0
"AGAGTGGCATCCGGGT-1",0
"AGAGTGGCATCTGGTA-1",1
"AGAGTGGGTCAGCTAT-1",0
"AGAGTGGGTCCTCCAT-1",5
"AGAGTGGGTCTAGTCA-1",1
"AGAGTGGGTTACCGAT-1",0
"AGATCTGAGGTGGGTT-1",0
"AGATCTGAGTCAAGGC-1",0
"AGATCTGCAATGTTGC-1",0
"AGATCTGTCGAATCCA-1",2
"AGATCTGTCTGCAGTA-1",0
"AGATTGCAGGCTACGA-1",1
"AGATTGCCACGACGAA-1",2
"AGATTGCCAGATGGGT-1",0
"AGATTGCGTAGAGCTG-1",2
"AGATTGCGTGATGTCT-1",0
"AGATTGCGTGTTCGAT-1",2
"AGATTGCGTTCACGGC-1",0
"AGATTGCTCACTGGGC-1",1
"AGATTGCTCATCTGTT-1",0
"AGCAGCCAGCTGATAA-1",0
"AGCAGCCCACCGAAAG-1",0
"AGCAGCCGTCGACTGC-1",1
"AGCAGCCGTCGCTTTC-1",0
"AGCAGCCGTCTAACGT-1",1
"AGCAGCCGTGTGAAAT-1",0
"AGCAGCCGTTTGTTGG-1",3
"AGCAGCCTCCAAACAC-1",0
"AGCATACAGTGGTAGC-1",0
"AGCATACAGTTGTCGT-1",2
"AGCATACGTCTTCTCG-1",0
"AGCATACGTTAAGTAG-1",0
"AGCATACTCCGTTGCT-1",1
"AGCCTAAAGATATGGT-1",0
"AGCCTAACAAAGCGGT-1",0
"AGCCTAACAGATAATG-1",1
"AGCCTAAGTACGAAAT-1",1
"AGCCTAAGTCACCTAA-1",0
"AGCCTAAGTGTGCCTG-1",0
"AGCCTAATCACCCGAG-1",1
"AGCCTAATCCAATGGT-1",0
"AGCCTAATCCTTGGTC-1",1
"AGCCTAATCTGTGCAA-1",0
"AGCCTAATCTGTTTGT-1",0
"AGCGGTCAGCGAAGGG-1",0
"AGCGGTCAGGTACTCT-1",1
"AGCGGTCAGTGACTCT-1",0
"AGCGGTCCAGCCTTGG-1",0
"AGCGGTCGTCCTAGCG-1",1
"AGCGGTCGTGGTGTAG-1",0
"AGCGGTCGTTAAGGGC-1",3
"AGCGGTCGTTTGCATG-1",0
"AGCGGTCTCCGAAGAG-1",1
"AGCGGTCTCCTCAATT-1",1
"AGCGGTCTCTGGGCCA-1",1
"AGCGTATAGAACTGTA-1",1
"AGCGTATAGCGATGAC-1",0
"AGCGTATAGGTACTCT-1",1
"AGCGTATGTTGAGGTG-1",1
"AGCGTATTCCAGAGGA-1",0
"AGCGTCGAGTTGAGTA-1",0
"AGCGTCGCAGGGATTG-1",2
"AGCGTCGTCTGAAAGA-1",1
"AGCTCCTAGACCTAGG-1",0
"AGCTCCTAGCGTTTAC-1",0
"AGCTCCTGTGTTTGTG-1",2
"AGCTCCTGTTGTCTTT-1",0
"AGCTCCTTCCGAATGT-1",1
"AGCTCCTTCTTGACGA-1",0
"AGCTCTCAGCGGATCA-1",1
"AGCTCTCAGCTGTTCA-1",1
"AGCTCTCAGGTGCTAG-1",1
"AGCTCTCCATACAGCT-1",0
"AGCTCTCGTCAGAGGT-1",0
"AGCTCTCGTGGGTCAA-1",2
"AGCTCTCTCACAACGT-1",0
"AGCTCTCTCTTGACGA-1",0
"AGCTTGAAGCATCATC-1",0
"AGCTTGAAGTAGCGGT-1",1
"AGCTTGAAGTTGTCGT-1",0
"AGCTTGACAATCCAAC-1",0
"AGCTTGACACCGATAT-1",1
"AGCTTGAGTCTACCTC-1",0
"AGCTTGAGTGCGCTTG-1",0
"AGCTTGAGTTACGCGC-1",1
"AGCTTGATCCTGCCAT-1",0
"AGCTTGATCTGCAAGT-1",0
"AGGCCACAGAGTAAGG-1",2
"AGGCCACAGGGTCTCC-1",1
"AGGCCACAGTACTTGC-1",2
"AGGCCACCAGGACCCT-1",0
"AGGCCACCATCAGTCA-1",0
"AGGCCACTCATGCTCC-1",1
"AGGCCACTCATGGTCA-1",0
"AGGCCACTCATTGCGA-1",0
"AGGCCGTAGGATCGCA-1",0
"AGGCCGTCACGTAAGG-1",0
"AGGCCGTCAGCTCGAC-1",0
"AGGCCGTCATCGTCGG-1",1
"AGGCCGTTCACGGTTA-1",0
"AGGCCGTTCGAACTGT-1",0
"AGGCCGTTCTCAAGTG-1",0
"AGGCCGTTCTGCTTGC-1",1
"AGGGAGTAGCCCAACC-1",0
"AGGGAGTAGGAGTACC-1",0
"AGGGAGTAGGCAGGTT-1",0
"AGGGAGTCACGAGAGT-1",1
"AGGGAGTCAGAAGCAC-1",0
"AGGGAGTCAGATCCAT-1",0
"AGGGAGTCATCGACGC-1",0
"AGGGAGTCATGCTAGT-1",1
"AGGGAGTGTCCATGAT-1",1
"AGGGAGTTCATAACCG-1",1
"AGGGATGAGCTCTCGG-1",0
"AGGGATGAGGAGTAGA-1",0
"AGGGATGAGTAGCGGT-1",1
"AGGGATGCAATGAATG-1",0
"AGGGATGCAATGGAGC-1",1
"AGGGATGCACAAGACG-1",1
"AGGGATGCACATTTCT-1",0
"AGGGATGCATGGTCTA-1",0
"AGGGATGGTTAAAGTG-1",1
"AGGGATGGTTATGCGT-1",0
"AGGGATGTCGTGACAT-1",0
"AGGGTGAAGATGGCGT-1",3
"AGGGTGAAGATGGGTC-1",1
"AGGGTGAAGGCTCAGA-1",1
"AGGGTGACACGAGAGT-1",0
"AGGGTGACAGATGGCA-1",1
"AGGGTGACAGATTGCT-1",0
"AGGGTGAGTACTCTCC-1",0
"AGGGTGAGTTATCGGT-1",0
"AGGGTGAGTTCTGAAC-1",2
"AGGGTGATCTCGCTTG-1",1
"AGGTCATAGAGCCCAA-1",0
"AGGTCATAGCCAGAAC-1",2
"AGGTCATAGGCATGGT-1",1
"AGGTCATAGGGAGTAA-1",0
"AGGTCATCACTCAGGC-1",1
"AGGTCATCACTCTGTC-1",0
"AGGTCATGTTCCACTC-1",1
"AGGTCATTCTCGTTTA-1",1
"AGGTCCGAGGATGCGT-1",1
"AGGTCCGCAACACGCC-1",1
"AGGTCCGGTGATGCCC-1",2
"AGGTCCGTCCATGAAC-1",1
"AGGTCCGTCGCCCTTA-1",0
"AGGTCCGTCTGCGTAA-1",0
"AGTAGTCAGACTGTAA-1",0
"AGTAGTCAGTACGACG-1",1
"AGTAGTCAGTTTAGGA-1",1
"AGTAGTCCAACTGGCC-1",3
"AGTAGTCGTGCAGACA-1",0
"AGTAGTCTCACCCGAG-1",0
"AGTCTTTAGGCAGTCA-1",0
"AGTCTTTCAAATCCGT-1",0
"AGTCTTTCATATACCG-1",2
"AGTCTTTGTGCTTCTC-1",1
"AGTCTTTGTGTCCTCT-1",0
"AGTCTTTGTTTGTTTC-1",0
"AGTCTTTTCGCAGGCT-1",2
"AGTCTTTTCGCGTAGC-1",0
"AGTCTTTTCGCTAGCG-1",0
"AGTCTTTTCGCTTGTC-1",1
"AGTCTTTTCTGACCTC-1",0
"AGTGAGGAGATAGCAT-1",1
"AGTGAGGCAGGTGCCT-1",0
"AGTGAGGGTATGAAAC-1",0
"AGTGAGGGTCACTTCC-1",1
"AGTGAGGGTCGCGAAA-1",0
"AGTGAGGGTTATGTGC-1",1
"AGTGAGGTCTACTATC-1",0
"AGTGGGAAGCAGACTG-1",0
"AGTGGGACAAACGCGA-1",2
"AGTGGGACAAGCCGTC-1",1
"AGTGGGACACAGGAGT-1",0
"AGTGGGACACGAGAGT-1",1
"AGTGGGATCATCGATG-1",0
"AGTGGGATCCACGAAT-1",1
"AGTGGGATCCTGCAGG-1",3
"AGTGTCAAGAAGCCCA-1",1
"AGTGTCAAGCTAGTCT-1",2
"AGTGTCAAGTACGACG-1",2
"AGTGTCAAGTGAACAT-1",0
"AGTGTCACACCATCCT-1",1
"AGTGTCACAGTAAGCG-1",0
"AGTGTCACAGTGGAGT-1",0
"AGTGTCAGTAAACCTC-1",0
"AGTGTCAGTACAGCAG-1",0
"AGTGTCAGTCTCCACT-1",0
"AGTGTCAGTTTGACTG-1",3
"AGTGTCATCAAAGTAG-1",0
"AGTGTCATCCGTCAAA-1",0
"AGTGTCATCGTTACAG-1",1
"AGTGTCATCTGTCAAG-1",0
"AGTTGGTAGACTGTAA-1",0
"AGTTGGTAGTACGCGA-1",1
"AGTTGGTCAAATTGCC-1",1
"AGTTGGTCAGGAATGC-1",2
"AGTTGGTCATGCGCAC-1",1
"AGTTGGTGTACCGTAT-1",3
"AGTTGGTGTATGCTTG-1",1
"AGTTGGTGTCAGGACA-1",0
"AGTTGGTGTTCAGACT-1",0
"AGTTGGTTCAGTACGT-1",0
"AGTTGGTTCCTCAACC-1",0
"AGTTGGTTCGTACCGG-1",0
"AGTTGGTTCTGTCCGT-1",0
"ATAACGCAGTTGAGTA-1",1
"ATAACGCCACGTGAGA-1",0
"ATAACGCGTGAACCTT-1",0
"ATAACGCGTGTCCTCT-1",1
"ATAACGCGTGTGAAAT-1",0
"ATAACGCTCTCCGGTT-1",0
"ATAAGAGAGTCCGGTC-1",1
"ATAAGAGCAACTGCGC-1",1
"ATAAGAGCAGTATCTG-1",2
"ATAAGAGGTGACGCCT-1",0
"ATAAGAGGTTAAAGTG-1",0
"ATAAGAGTCAGCACAT-1",3
"ATAAGAGTCAGTGCAT-1",0
"ATAGACCAGAGAGCTC-1",2
"ATAGACCAGCCCAATT-1",0
"ATAGACCCAAGCCATT-1",1
"ATAGACCCATCTGGTA-1",2
"ATAGACCGTATATGGA-1",1
"ATAGACCGTGGACGAT-1",1
"ATAGACCGTGGCGAAT-1",0
"ATAGACCGTTTCGCTC-1",1
"ATCACGAAGAACTCGG-1",2
"ATCACGAAGACACGAC-1",3
"ATCACGAAGTTACCCA-1",1
"ATCACGACAAGACACG-1",1
"ATCACGACAAGCGTAG-1",0
"ATCACGACACACATGT-1",1
"ATCACGACACCACCAG-1",0
"ATCACGACACGGTAAG-1",1
"ATCACGACAGCGAACA-1",1
"ATCACGATCCCGACTT-1",1
"ATCACGATCGGTGTCG-1",2
"ATCATCTAGCCTATGT-1",1
"ATCATCTAGGCCATAG-1",1
"ATCATCTAGTACTTGC-1",0
"ATCATCTCAGACGCCT-1",1
"ATCATCTCATCCGTGG-1",0
"ATCATCTGTATTACCG-1",0
"ATCATCTGTCACTTCC-1",1
"ATCATCTTCAGCGACC-1",0
"ATCATCTTCCTCAACC-1",1
"ATCATGGCAAGCGTAG-1",1
"ATCATGGCAAGGTTCT-1",0
"ATCATGGCACTACAGT-1",1
"ATCATGGGTAAGGGAA-1",2
"ATCATGGGTTGTGGCC-1",1
"ATCATGGTCAATAAGG-1",0
"ATCATGGTCCAATGGT-1",0
"ATCATGGTCGCCATAA-1",3
"ATCATGGTCGGTTAAC-1",0
"ATCCACCAGCTAGTCT-1",1
"ATCCACCAGGCTCTTA-1",0
"ATCCACCCAAACGTGG-1",1
"ATCCACCCAGTTAACC-1",1
"ATCCACCGTCCGAAGA-1",0
"ATCCACCGTTTGTTTC-1",0
"ATCCACCTCCTGCTTG-1",0
"ATCCACCTCCTTAATC-1",0
"ATCCACCTCTGGTATG-1",0
"ATCCGAAAGCGATGAC-1",0
"ATCCGAAAGCTAGGCA-1",0
"ATCCGAACAAACGTGG-1",1
"ATCCGAACAACAACCT-1",1
"ATCCGAACAAGGACTG-1",0
"ATCCGAACACCCATTC-1",0
"ATCCGAACACGGTAGA-1",0
"ATCCGAAGTAGCGCTC-1",0
"ATCCGAAGTCATTAGC-1",1
"ATCCGAAGTCTCTTAT-1",1
"ATCCGAATCCAACCAA-1",1
"ATCCGAATCCTTGACC-1",1
"ATCCGAATCTTGTCAT-1",0
"ATCGAGTAGACTTTCG-1",0
"ATCGAGTCATCCGGGT-1",0
"ATCGAGTGTCCCTTGT-1",0
"ATCGAGTGTCTCCCTA-1",0
"ATCGAGTTCATGCATG-1",0
"ATCGAGTTCCTGCCAT-1",0
"ATCTACTAGGTGTGGT-1",1
"ATCTACTCAGCTGTAT-1",3
"ATCTACTCAGTACACT-1",1
"ATCTACTCATGACATC-1",1
"ATCTACTGTAAGTAGT-1",0
"ATCTACTGTGTCGCTG-1",1
"ATCTACTTCCGCGTTT-1",1
"ATCTACTTCGCAAGCC-1",2
"ATCTACTTCTATCGCC-1",0
"ATCTACTTCTCTAAGG-1",0
"ATCTGCCAGGCTCAGA-1",0
"ATCTGCCGTACAGTTC-1",0
"ATCTGCCGTTGTGGAG-1",0
"ATCTGCCTCAGAGACG-1",3
"ATCTGCCTCAGCTGGC-1",2
"ATCTGCCTCGTACGGC-1",0
"ATCTGCCTCTCGAGTA-1",0
"ATCTGCCTCTGAGTGT-1",1
"ATCTGCCTCTTGTATC-1",1
"ATGAGGGAGGTCGGAT-1",1
"ATGAGGGCATGACGGA-1",0
"ATGAGGGCATTAGGCT-1",1
"ATGAGGGTCACATGCA-1",0
"ATGAGGGTCAGTCCCT-1",0
"ATGCGATAGTCAATAG-1",2
"ATGCGATCATGTTGAC-1",0
"ATGCGATGTGCAGTAG-1",0
"ATGCGATGTGCATCTA-1",0
"ATGCGATTCCCAAGAT-1",0
"ATGCGATTCGCCATAA-1",2
"ATGGGAGAGCAATATG-1",2
"ATGGGAGAGCCACGCT-1",1
"ATGGGAGAGGTGATAT-1",1
"ATGGGAGCACCAGGTC-1",0
"ATGGGAGCACTATCTT-1",0
"ATGGGAGCAGCATACT-1",1
"ATGGGAGCATAGAAAC-1",1
"ATGGGAGCATTACCTT-1",0
"ATGGGAGTCAAGGTAA-1",0
"ATGTGTGAGCGAAGGG-1",0
"ATGTGTGAGGGTTTCT-1",1
"ATGTGTGAGTTGAGTA-1",1
"ATGTGTGCACGGCGTT-1",1
"ATGTGTGCACGGTTTA-1",0
"ATGTGTGCAGTATAAG-1",0
"ATGTGTGTCACGCGGT-1",0
"ATTACTCAGATGTGTA-1",0
"ATTACTCAGCGTAATA-1",2
"ATTACTCAGGTGCACA-1",0
"ATTACTCAGTGAAGTT-1",0
"ATTACTCCAAACTGTC-1",1
"ATTACTCCACCATCCT-1",1
"ATTACTCCAGACTCGC-1",0
"ATTACTCCATATGCTG-1",1
"ATTACTCCATCGGTTA-1",1
"ATTACTCCATTGCGGC-1",0
"ATTACTCGTTAAAGAC-1",1
"ATTACTCTCCGAACGC-1",1
"ATTATCCAGAGTACCG-1",0
"ATTATCCAGCTTATCG-1",1
"ATTATCCCACAAGCCC-1",0
"ATTATCCCATATGAGA-1",0
"ATTATCCCATCTGGTA-1",0
"ATTATCCGTCGTTGTA-1",0
"ATTATCCGTCTCTCTG-1",1
"ATTATCCTCAACGGGA-1",2
"ATTATCCTCCGCGCAA-1",1
"ATTATCCTCTCCGGTT-1",0
"ATTCTACGTCACTTCC-1",1
"ATTCTACGTCTAGTCA-1",2
"ATTCTACGTTGTCGCG-1",0
"ATTGGACAGCAGATCG-1",2
"ATTGGACAGGGCATGT-1",0
"ATTGGACAGTGGACGT-1",1
"ATTGGACCAAGACACG-1",1
"ATTGGACGTAATAGCA-1",2
"ATTGGACTCCTGCTTG-1",2
"ATTGGACTCGGCGCAT-1",0
"ATTGGACTCGTTTGCC-1",1
"ATTGGTGAGAATGTTG-1",1
"ATTGGTGCAAGCTGAG-1",0
"ATTGGTGCAGCAGTTT-1",0
"ATTGGTGGTATGGTTC-1",0
"ATTGGTGGTTGAGTTC-1",0
"ATTGGTGTCAAAGTAG-1",0
"ATTGGTGTCGGAAACG-1",2
"ATTTCTGAGGGATACC-1",1
"ATTTCTGAGGGATCTG-1",1
"ATTTCTGAGGTGTTAA-1",1
"ATTTCTGAGTCGAGTG-1",1
"ATTTCTGAGTTCGCAT-1",3
"ATTTCTGCAAGGTGTG-1",1
"ATTTCTGGTAGCTCCG-1",0
"ATTTCTGGTGCACGAA-1",0
"ATTTCTGGTTGCCTCT-1",2
"ATTTCTGTCAAAGTAG-1",1
"ATTTCTGTCAGCTCGG-1",0
"ATTTCTGTCTTGGGTA-1",0
"CAACCAAAGAAACGCC-1",0
"CAACCAAAGAGGGCTT-1",1
"CAACCAAAGCTGAAAT-1",2
"CAACCAAAGGACAGCT-1",0
"CAACCAAAGGGAGTAA-1",0
"CAACCAACATACGCTA-1",0
"CAACCTCAGTAATCCC-1",1
"CAACCTCCAGACGCAA-1",0
"CAACCTCGTGAGTGAC-1",1
"CAACCTCGTTCCACGG-1",0
"CAACCTCTCATACGGT-1",1
"CAACCTCTCCGATATG-1",0
"CAACCTCTCCTTTACA-1",0
"CAACCTCTCTCTAGGA-1",0
"CAACTAGAGAATAGGG-1",1
"CAACTAGAGGATGCGT-1",2
"CAACTAGCACCATCCT-1",2
"CAACTAGCAGACTCGC-1",0
"CAACTAGCAGTTCATG-1",0
"CAACTAGGTACGCACC-1",1
"CAACTAGTCAGGCCCA-1",2
"CAAGAAAAGAAGGACA-1",0
"CAAGAAAAGACGCACA-1",0
"CAAGAAAAGGCCCTTG-1",0
"CAAGAAAAGGTGATAT-1",1
"CAAGAAAAGTCGATAA-1",1
"CAAGAAAAGTGGAGTC-1",2
"CAAGAAAAGTGTACCT-1",1
"CAAGAAACACGGTGTC-1",3
"CAAGAAATCTGCTTGC-1",1
"CAAGATCAGCTGAAAT-1",0
"CAAGATCGTAAGAGGA-1",2
"CAAGATCGTGCCTTGG-1",3
"CAAGATCTCAACACCA-1",0
"CAAGATCTCTCGATGA-1",1
"CAAGGCCAGGAGTCTG-1",1
"CAAGGCCAGGCTATCT-1",1
"CAAGGCCCACGGTAAG-1",0
"CAAGGCCCATGTTCCC-1",1
"CAAGGCCGTCCGTCAG-1",1
"CAAGGCCTCAACGGGA-1",0
"CAAGGCCTCCTTGACC-1",0
"CAAGGCCTCGTGACAT-1",1
"CAAGTTGAGACAGGCT-1",0
"CAAGTTGAGATGTCGG-1",2
"CAAGTTGAGCGTCAAG-1",0
"CAAGTTGAGCGTTTAC-1",0
"CAAGTTGCACATTAGC-1",0
"CAAGTTGCACGCTTTC-1",1
"CAAGTTGCACGGTGTC-1",0
"CAAGTTGCATTCTTAC-1",3
"CAAGTTGGTACTCAAC-1",0
"CAAGTTGGTCAGGACA-1",2
"CAAGTTGGTCGGCACT-1",2
"CAAGTTGTCAACGAAA-1",2
"CAAGTTGTCACCACCT-1",0
"CAAGTTGTCATTGCCC-1",0
"CAAGTTGTCGAATCCA-1",0
"CAAGTTGTCTACTTAC-1",0
"CACAAACAGGGCTCTC-1",1
"CACAAACAGGGCTTGA-1",0
"CACAAACAGTGACATA-1",1
"CACAAACCAACTGCGC-1",1
"CACAAACCAATAAGCA-1",1
"CACAAACCAATCAGAA-1",1
"CACAAACCACTTAACG-1",3
"CACAAACCATGAACCT-1",1
"CACAAACCATGGTCAT-1",1
"CACAAACGTCAACTGT-1",1
"CACAAACGTCAGAATA-1",0
"CACAAACTCTTCGGTC-1",0
"CACAAACTCTTGGGTA-1",0
"CACACAAAGCGACGTA-1",0
"CACACAAAGGGAGTAA-1",0
"CACACAACAAACGTGG-1",1
"CACACAACACATGACT-1",0
"CACACAACATCGATTG-1",1
"CACACAACATTGGGCC-1",3
"CACACAAGTACGACCC-1",0
"CACACAAGTCAGTGGA-1",0
"CACACAAGTCATCGGC-1",0
"CACACAAGTTTACTCT-1",0
"CACACAATCCACGTGG-1",0
"CACACAATCCACGTTC-1",0
"CACACAATCGGCGCAT-1",0
"CACACCTAGAGACTAT-1",0
"CACACCTAGGACATTA-1",2
"CACACCTAGTCATCCA-1",0
"CACACCTAGTGTGAAT-1",0
"CACACCTCACTGAAGG-1",2
"CACACCTCATAGGATA-1",0
"CACACCTCATAGTAAG-1",0
"CACACCTCATTGGGCC-1",0
"CACACCTGTACAGCAG-1",0
"CACACCTGTACCGCTG-1",0
"CACACCTGTCCAAGTT-1",1
"CACACCTGTGGACGAT-1",0
"CACACCTGTGGTCTCG-1",1
"CACACCTTCATGTCTT-1",0
"CACACCTTCTGGCGAC-1",0
"CACACTCAGGGAAACA-1",0
"CACACTCCAACACCTA-1",0
"CACACTCCAAGGGTCA-1",0
"CACACTCGTGACGCCT-1",0
"CACACTCGTTTGTGTG-1",0
"CACAGGCAGCCATCGC-1",2
"CACAGGCAGGGATGGG-1",2
"CACAGGCCAAGAGTCG-1",1
"CACAGGCCAATGGAGC-1",0
"CACAGGCGTCTAGGTT-1",0
"CACAGGCGTTACGCGC-1",1
"CACAGGCTCGGGAGTA-1",1
"CACAGGCTCTATGTGG-1",0
"CACAGTAAGACGCAAC-1",0
"CACAGTAAGACGCACA-1",0
"CACAGTAAGTGGGCTA-1",1
"CACAGTACAACTGGCC-1",2
"CACAGTACATCGGACC-1",1
"CACAGTAGTTCCATGA-1",5
"CACATAGAGCCCAATT-1",1
"CACATAGAGTGTACTC-1",0
"CACATAGCACTTCTGC-1",0
"CACATAGCAGGGTATG-1",1
"CACATAGTCCTTGCCA-1",0
"CACATAGTCGGCGCAT-1",1
"CACATTTAGCAGATCG-1",1
"CACATTTAGGGCACTA-1",1
"CACATTTCACGGCGTT-1",0
"CACATTTCATTACCTT-1",1
"CACATTTGTCGAACAG-1",0
"CACATTTGTGTTGAGG-1",3
"CACATTTTCCAGAGGA-1",1
"CACATTTTCCGCATCT-1",2
"CACATTTTCTACTATC-1",1
"CACATTTTCTGTGCAA-1",0
"CACCACTAGCCACGTC-1",2
"CACCACTAGTGGTAAT-1",0
"CACCACTAGTTACCCA-1",0
"CACCACTCAAGCCCAC-1",0
"CACCACTCAGTTCATG-1",2
"CACCACTGTTATTCTC-1",0
"CACCACTTCACCGGGT-1",0
"CACCACTTCGAATCCA-1",1
"CACCACTTCGACCAGC-1",0
"CACCACTTCTAACCGA-1",1
"CACCACTTCTTTAGTC-1",0
"CACCAGGCACATTAGC-1",2
"CACCAGGCACTGCCAG-1",3
"CACCAGGCATAAAGGT-1",3
"CACCAGGCATGAACCT-1",1
"CACCAGGGTGAAATCA-1",0
"CACCAGGGTGTTTGGT-1",0
"CACCAGGGTTATCACG-1",0
"CACCAGGTCATGTAGC-1",2
"CACCAGGTCTGCTTGC-1",0
"CACCTTGAGACTTGAA-1",0
"CACCTTGAGTCAATAG-1",0
"CACCTTGCACTAGTAC-1",1
"CACCTTGCAGGCGATA-1",0
"CACCTTGCATTCCTGC-1",0
"CACCTTGGTCATTAGC-1",2
"CACCTTGGTGATGTCT-1",0
"CACCTTGGTGTGAAAT-1",0
"CACCTTGGTTATGTGC-1",0
"CACCTTGTCAACCATG-1",1
"CACCTTGTCATTATCC-1",0
"CACCTTGTCCAAAGTC-1",0
"CACCTTGTCTCACATT-1",1
"CACTCCAAGACAAGCC-1",1
"CACTCCAAGGTACTCT-1",0
"CACTCCACAATGGACG-1",1
"CACTCCAGTACATGTC-1",1
"CACTCCAGTTGTCGCG-1",0
"CACTCCATCAACACAC-1",0
"CACTCCATCCCAGGTG-1",1
"CAGAATCAGAAACCTA-1",1
"CAGAATCAGCCAACAG-1",1
"CAGAATCAGCTGGAAC-1",0
"CAGAATCAGGACTGGT-1",1
"CAGAATCAGTATCGAA-1",2
"CAGAATCCACAGAGGT-1",1
"CAGAATCCAGGGTACA-1",0
"CAGAATCGTAAGTGTA-1",0
"CAGAATCGTAATCACC-1",3
"CAGAATCTCAGTTTGG-1",2
"CAGAATCTCGCAAGCC-1",0
"CAGAATCTCGGTCCGA-1",1
"CAGAATCTCTTGCAAG-1",0
"CAGAATCTCTTGTACT-1",2
"CAGAGAGAGAATTGTG-1",1
"CAGAGAGAGCAATATG-1",0
"CAGAGAGCAAGAAGAG-1",0
"CAGAGAGCACCAGATT-1",1
"CAGAGAGGTAATCACC-1",0
"CAGAGAGGTAGCTGCC-1",0
"CAGAGAGGTAGGACAC-1",0
"CAGAGAGGTATAGGGC-1",1
"CAGAGAGGTCCGAATT-1",0
"CAGAGAGGTTGAGGTG-1",1
"CAGAGAGTCACCCGAG-1",1
"CAGAGAGTCATAACCG-1",0
"CAGAGAGTCCGAACGC-1",4
"CAGAGAGTCTGGTATG-1",0
"CAGATCAAGAGACGAA-1",1
"CAGATCAAGCACCGTC-1",0
"CAGATCAAGCTTCGCG-1",0
"CAGATCAAGGATTCGG-1",1
"CAGATCAAGTGTACCT-1",0
"CAGATCAAGTTTAGGA-1",2
"CAGATCACAATAACGA-1",0
"CAGATCACACACCGAC-1",2
"CAGATCACACGGTAAG-1",0
"CAGATCACACTCTGTC-1",0
"CAGATCACAGCATACT-1",2
"CAGATCACAGTGGGAT-1",1
"CAGATCAGTACCAGTT-1",1
"CAGATCAGTGCGGTAA-1",0
"CAGATCATCTGATACG-1",1
"CAGATCATCTGATTCT-1",1
"CAGCAGCAGATGCCAG-1",0
"CAGCAGCAGGGAACGG-1",1
"CAGCAGCCACCTATCC-1",0
"CAGCAGCCATCACAAC-1",2
"CAGCAGCGTGCTAGCC-1",0
"CAGCAGCTCAACACTG-1",1
"CAGCAGCTCGAACTGT-1",1
"CAGCAGCTCGCCGTGA-1",0
"CAGCATAAGAGACGAA-1",0
"CAGCATAGTCTAGGTT-1",0
"CAGCATAGTTTACTCT-1",0
"CAGCATATCACGAAGG-1",1
"CAGCATATCAGGCAAG-1",0
"CAGCATATCCTTAATC-1",2
"CAGCCGAAGCATCATC-1",0
"CAGCCGAAGTTTCCTT-1",0
"CAGCCGACACGTGAGA-1",0
"CAGCCGACATCAGTCA-1",0
"CAGCCGAGTGATGTCT-1",0
"CAGCCGATCACCAGGC-1",0
"CAGCCGATCCTCAATT-1",0
"CAGCGACAGAAACGCC-1",0
"CAGCGACAGCGTCAAG-1",1
"CAGCGACCAAACGTGG-1",1
"CAGCGACCAAAGCGGT-1",1
"CAGCGACCACGTCAGC-1",1
"CAGCGACCATGGGACA-1",2
"CAGCGACGTCTGATTG-1",2
"CAGCGACGTGGACGAT-1",0
"CAGCGACGTGGTTTCA-1",0
"CAGCGACGTTCGGCAC-1",0
"CAGCGACTCCGCAAGC-1",1
"CAGCGACTCTGGGCCA-1",0
"CAGCTAAAGATGTGTA-1",0
"CAGCTAAAGCAGACTG-1",0
"CAGCTAAAGCTGTTCA-1",2
"CAGCTAAAGGAGCGTT-1",1
"CAGCTAACACAGATTC-1",1
"CAGCTAACATCAGTAC-1",1
"CAGCTAAGTAATCGTC-1",0
"CAGCTAAGTCTCACCT-1",1
"CAGCTAAGTTCGTCTC-1",0
"CAGCTAATCCACGCAG-1",0
"CAGCTAATCCCTAACC-1",1
"CAGCTAATCTGGTTCC-1",0
"CAGCTAATCTTAGCCC-1",0
"CAGCTAATCTTCGGTC-1",1
"CAGCTGGAGACACTAA-1",2
"CAGCTGGAGATCCTGT-1",0
"CAGCTGGCACCAACCG-1",1
"CAGCTGGCAGTGGAGT-1",0
"CAGCTGGCATGCATGT-1",2
"CAGCTGGTCTACCTGC-1",1
"CAGGTGCAGAGACGAA-1",1
"CAGGTGCAGATCCTGT-1",0
"CAGGTGCAGGCATGTG-1",0
"CAGGTGCCAGGAACGT-1",0
"CAGGTGCCATAGTAAG-1",0
"CAGGTGCCATCGGAAG-1",1
"CAGGTGCTCAGTTGAC-1",1
"CAGGTGCTCCAAGTAC-1",1
"CAGGTGCTCTTGTATC-1",2
"CAGTAACAGATATGGT-1",0
"CAGTAACAGATGGCGT-1",0
"CAGTAACCAATCACAC-1",1
"CAGTAACCACTCGACG-1",0
"CAGTAACGTGATAAGT-1",2
"CAGTAACGTGCACCAC-1",0
"CAGTAACTCAGAGGTG-1",2
"CAGTAACTCGTACGGC-1",1
"CAGTAACTCGTGACAT-1",2
"CAGTAACTCTGCCAGG-1",1
"CAGTCCTAGAATCTCC-1",1
"CAGTCCTAGATCTGCT-1",0
"CAGTCCTCAGTATAAG-1",0
"CAGTCCTTCAACACGT-1",2
"CAGTCCTTCCATGAGT-1",0
"CAGTCCTTCCCGACTT-1",0
"CAGTCCTTCCCTTGTG-1",0
"CAGTCCTTCGAACGGA-1",0
"CAGTCCTTCGGTTCGG-1",2
"CAGTCCTTCTACTTAC-1",0
"CATATGGAGAGATGAG-1",0
"CATATGGAGGCATGGT-1",1
"CATATGGAGTATTGGA-1",0
"CATATGGCAAGCGTAG-1",0
"CATATGGGTCGCATAT-1",0
"CATATGGTCATTATCC-1",0
"CATATGGTCATTGCGA-1",0
"CATATTCAGGCGACAT-1",1
"CATATTCCACCACCAG-1",0
"CATATTCGTGACTACT-1",1
"CATATTCGTGGTACAG-1",0
"CATATTCGTGTGACGA-1",0
"CATATTCTCACAGGCC-1",1
"CATATTCTCGCAAACT-1",0
"CATCAAGAGAACTCGG-1",1
"CATCAAGAGATGGCGT-1",1
"CATCAAGAGCCGCCTA-1",0
"CATCAAGCACGAAACG-1",0
"CATCAAGCAGCCTTTC-1",1
"CATCAAGCATGGAATA-1",1
"CATCAAGGTTACTGAC-1",1
"CATCAAGGTTCCATGA-1",0
"CATCAAGTCTAAGCCA-1",0
"CATCAAGTCTGACCTC-1",0
"CATCAGAAGCTAGTCT-1",2
"CATCAGACAAGCCATT-1",0
"CATCAGACAATGACCT-1",1
"CATCAGACACGGCCAT-1",0
"CATCAGACAGACAGGT-1",1
"CATCAGACATAACCTG-1",1
"CATCAGAGTAATTGGA-1",1
"CATCAGAGTACATGTC-1",0
"CATCAGAGTGTTAAGA-1",1
"CATCAGAGTTCAACCA-1",0
"CATCAGATCGTTGACA-1",1
"CATCCACGTAAAGTCA-1",0
"CATCCACGTACCGTAT-1",1
"CATCCACGTGCCTGTG-1",0
"CATCCACGTTTAAGCC-1",0
"CATCGAAAGAGTACAT-1",0
"CATCGAAAGCTGTCTA-1",1
"CATCGAACAAGAGGCT-1",1
"CATCGAACAAGCTGAG-1",1
"CATCGAACACATTTCT-1",0
"CATCGAACATAAAGGT-1",0
"CATCGAAGTAGTACCT-1",0
"CATCGAAGTCCGACGT-1",1
"CATCGAAGTGCACTTA-1",1
"CATCGAATCAAACCAC-1",1
"CATCGAATCCGCGGTA-1",0
"CATCGAATCCGTAGTA-1",0
"CATCGGGAGAAGCCCA-1",1
"CATCGGGAGCGAGAAA-1",0
"CATCGGGAGGGTGTGT-1",1
"CATCGGGAGGTGTTAA-1",1
"CATCGGGAGTGACTCT-1",0
"CATCGGGCACTCAGGC-1",0
"CATCGGGCAGACGCTC-1",2
"CATCGGGCATCACAAC-1",0
"CATCGGGGTCCTCTTG-1",1
"CATCGGGGTGAGGGAG-1",1
"CATCGGGGTTCGAATC-1",0
"CATCGGGTCAGGATCT-1",2
"CATCGGGTCCACGAAT-1",0
"CATCGGGTCGATGAGG-1",0
"CATGACAAGACCACGA-1",2
"CATGACAAGCTCCTCT-1",1
"CATGACAAGTAACCCT-1",0
"CATGACAAGTATCTCG-1",0
"CATGACAGTCGTCTTC-1",1
"CATGACAGTGAACCTT-1",1
"CATGACATCAATAAGG-1",2
"CATGACATCTAACTGG-1",1
"CATGCCTAGACCTAGG-1",0
"CATGCCTAGAGTCTGG-1",0
"CATGCCTCACCACCAG-1",1
"CATGCCTGTCAAAGCG-1",0
"CATGCCTGTCGATTGT-1",0
"CATGCCTTCCACGACG-1",2
"CATGCCTTCCTCATTA-1",0
"CATGCCTTCGCATGAT-1",0
"CATGGCGAGAGCTGGT-1",0
"CATGGCGAGTACGACG-1",0
"CATGGCGTCCAAAGTC-1",0
"CATGGCGTCCCTTGTG-1",0
"CATGGCGTCGGCCGAT-1",1
"CATGGCGTCTCAAACG-1",2
"CATGGCGTCTGCCCTA-1",0
"CATTATCAGACCCACC-1",0
"CATTATCAGTCCCACG-1",1
"CATTATCCAAGTCTGT-1",3
"CATTATCCAGGGCATA-1",0
"CATTATCGTCAATGTC-1",1
"CATTATCTCACAAACC-1",2
"CATTATCTCAGATAAG-1",0
"CATTATCTCGCGTTTC-1",0
"CATTATCTCGTTGCCT-1",1
"CATTATCTCTATCCCG-1",1
"CATTATCTCTTAACCT-1",0
"CATTCGCAGGTGCTAG-1",2
"CATTCGCCAAGGGTCA-1",1
"CATTCGCCAGCCTATA-1",0
"CATTCGCCATACAGCT-1",0
"CATTCGCCATGGATGG-1",2
"CATTCGCCATGTCTCC-1",1
"CATTCGCCATTCACTT-1",0
"CATTCGCGTAGCACGA-1",0
"CATTCGCTCATCACCC-1",1
"CCAATCCAGACCACGA-1",3
"CCAATCCAGATATGGT-1",0
"CCAATCCAGTCGAGTG-1",0
"CCAATCCAGTCGTTTG-1",0
"CCAATCCAGTTTAGGA-1",2
"CCAATCCCAAGCGAGT-1",0
"CCAATCCTCGGACAAG-1",0
"CCAATCCTCTACCTGC-1",0
"CCACCTAAGCAGACTG-1",1
"CCACCTAAGGATGGTC-1",0
"CCACCTAAGTCGAGTG-1",1
"CCACCTAAGTGGGATC-1",0
"CCACCTAAGTGTGGCA-1",0
"CCACCTACAACAACCT-1",2
"CCACCTACAAGCCGCT-1",0
"CCACCTACAATCTACG-1",0
"CCACCTAGTAGTACCT-1",3
"CCACCTAGTCGCGTGT-1",1
"CCACCTAGTGGGTCAA-1",0
"CCACCTATCAGTTGAC-1",2
"CCACCTATCTGATACG-1",1
"CCACGGAAGACACGAC-1",1
"CCACGGAAGGGAACGG-1",1
"CCACGGACATGTCGAT-1",2
"CCACGGAGTAAGGGCT-1",0
"CCACGGAGTCAGATAA-1",0
"CCACGGAGTCCGTGAC-1",1
"CCACGGAGTGTAATGA-1",0
"CCACGGAGTTCTGAAC-1",0
"CCACGGATCACATAGC-1",2
"CCACGGATCCACGTGG-1",0
"CCACGGATCTACTATC-1",2
"CCACGGATCTAGAGTC-1",0
"CCACTACAGAGTACCG-1",0
"CCACTACAGCTTTGGT-1",0
"CCACTACCAGCAGTTT-1",0
"CCACTACCAGTAGAGC-1",0
"CCACTACGTCCGAATT-1",0
"CCACTACGTCTCAACA-1",0
"CCACTACGTGACAAAT-1",0
"CCACTACGTGACCAAG-1",2
"CCACTACGTGCACGAA-1",1
"CCACTACTCACTCTTA-1",1
"CCACTACTCCGCATCT-1",0
"CCACTACTCGGAAATA-1",0
"CCACTACTCTCGTATT-1",0
"CCACTACTCTCGTTTA-1",0
"CCAGCGAAGCCCAACC-1",0
"CCAGCGACATCGGGTC-1",0
"CCAGCGACATGTCCTC-1",1
"CCAGCGAGTAGGCATG-1",1
"CCAGCGAGTCCGTTAA-1",1
"CCAGCGATCAGAAATG-1",1
"CCATGTCAGCGATCCC-1",1
"CCATGTCAGGTCGGAT-1",1
"CCATGTCAGGTTACCT-1",0
"CCATGTCCAAGCTGGA-1",2
"CCATGTCCACATCCGG-1",2
"CCATGTCGTCCAGTAT-1",2
"CCATGTCTCCAAGTAC-1",0
"CCATGTCTCTTGTATC-1",0
"CCATTCGCAGTACACT-1",1
"CCATTCGCAGTTTACG-1",0
"CCATTCGGTAATCGTC-1",1
"CCATTCGGTATTACCG-1",0
"CCATTCGTCGTAGGAG-1",0
"CCCAATCAGTCACGCC-1",0
"CCCAATCCAGGTGGAT-1",2
"CCCAATCGTGAAGGCT-1",2
"CCCAATCGTTGGAGGT-1",0
"CCCAATCTCACATGCA-1",0
"CCCAATCTCCAGTATG-1",2
"CCCAATCTCGGAGCAA-1",0
"CCCAGTTAGAATAGGG-1",0
"CCCAGTTAGATCCCGC-1",0
"CCCAGTTAGCGTGAAC-1",0
"CCCAGTTAGGAATCGC-1",0
"CCCAGTTAGTCCGGTC-1",2
"CCCAGTTAGTTTGCGT-1",0
"CCCAGTTGTACATGTC-1",1
"CCCAGTTGTCTGCAAT-1",0
"CCCAGTTTCTGAAAGA-1",0
"CCCATACAGGGTTCCC-1",1
"CCCATACAGTGTTTGC-1",0
"CCCATACCAAAGGTGC-1",0
"CCCATACCAACACCCG-1",1
"CCCATACCAGCAGTTT-1",0
"CCCATACGTATTACCG-1",0
"CCCATACGTCAATACC-1",1
"CCCATACGTCTAGTCA-1",0
"CCCATACGTTGAGTTC-1",0
"CCCATACTCAATAAGG-1",0
"CCCATACTCAGCGACC-1",1
"CCCATACTCATCACCC-1",2
"CCCATACTCCGTAGGC-1",1
"CCCTCCTAGGAATCGC-1",3
"CCCTCCTCACGTCTCT-1",0
"CCCTCCTCAGCTTAAC-1",1
"CCCTCCTCATATGAGA-1",1
"CCCTCCTCATCACGTA-1",0
"CCCTCCTGTATGGTTC-1",0
"CCCTCCTGTTAGATGA-1",1
"CCCTCCTTCAATCACG-1",1
"CCCTCCTTCCGCAGTG-1",1
"CCGGGATAGCTTCGCG-1",0
"CCGGGATAGGCGACAT-1",3
"CCGGGATAGGCTAGGT-1",0
"CCGGGATCACAGTCGC-1",0
"CCGGGATGTATAGGTA-1",0
"CCGGGATTCAGAGCTT-1",1
"CCGGGATTCGCTAGCG-1",0
"CCGGGATTCGCTTGTC-1",0
"CCGGTAGAGCGTCTAT-1",1
"CCGGTAGAGTACGCCC-1",1
"CCGGTAGCACATAACC-1",3
"CCGGTAGCACGCATCG-1",1
"CCGGTAGGTACTTCTT-1",0
"CCGGTAGGTCAAACTC-1",0
"CCGGTAGTCGTCCGTT-1",0
"CCGTACTAGAGAACAG-1",2
"CCGTACTAGTCCGTAT-1",1
"CCGTACTCAAGCCCAC-1",0
"CCGTACTCAAGCGAGT-1",0
"CCGTACTCATCCCACT-1",1
"CCGTACTGTACAGCAG-1",0
"CCGTACTGTAGCGCTC-1",0
"CCGTACTGTGCGGTAA-1",0
"CCGTACTTCGTTACAG-1",0
"CCGTGGAAGACGCACA-1",1
"CCGTGGAAGAGTTGGC-1",1
"CCGTGGAAGGTGATAT-1",1
"CCGTGGAAGGTTCCTA-1",0
"CCGTGGACAGCCTTGG-1",2
"CCGTGGAGTTCCATGA-1",0
"CCGTGGATCTAACTTC-1",0
"CCGTGGATCTCTGTCG-1",1
"CCGTTCAAGCGTAATA-1",1
"CCGTTCAAGTACGATA-1",0
"CCGTTCAAGTAGATGT-1",0
"CCGTTCACAGGATCGA-1",1
"CCGTTCAGTATAGGGC-1",0
"CCGTTCAGTCGCGAAA-1",0
"CCGTTCATCGTACCGG-1",0
"CCTAAAGAGAGTTGGC-1",0
"CCTAAAGCAAACCTAC-1",1
"CCTAAAGCATGTCTCC-1",0
"CCTAAAGGTACTCAAC-1",1
"CCTAAAGGTCGGCACT-1",1
"CCTAAAGGTGTAATGA-1",1
"CCTAAAGTCACCGTAA-1",0
"CCTAAAGTCAGCGATT-1",0
"CCTAAAGTCGGCGCTA-1",1
"CCTAAAGTCGGTCCGA-1",0
"CCTACACAGGACCACA-1",2
"CCTACACAGGGTGTTG-1",2
"CCTACACCAGTAAGAT-1",0
"CCTACACGTATAGTAG-1",1
"CCTACACGTCCGAACC-1",1
"CCTACACGTGGGTCAA-1",0
"CCTACACGTTTGACTG-1",1
"CCTACACTCGGCGCTA-1",1
"CCTACACTCGTGACAT-1",2
"CCTACCAAGATAGGAG-1",0
"CCTACCAAGCAAATCA-1",0
"CCTACCAAGCGTAGTG-1",0
"CCTACCAAGCTTCGCG-1",1
"CCTACCAAGTGCGATG-1",0
"CCTACCAGTATCAGTC-1",0
"CCTACCAGTCTCTCTG-1",0
"CCTACCAGTCTTTCAT-1",2
"CCTACCATCAGCACAT-1",1
"CCTACCATCGCCAGCA-1",1
"CCTAGCTAGCAAATCA-1",1
"CCTAGCTAGCTCCTCT-1",0
"CCTAGCTAGGTTACCT-1",1
"CCTAGCTAGTACGCGA-1",0
"CCTAGCTCAATGAATG-1",0
"CCTAGCTCAATGGTCT-1",0
"CCTAGCTCACATCCAA-1",0
"CCTAGCTCAGCCAGAA-1",0
"CCTAGCTGTAGAAAGG-1",1
"CCTAGCTGTCACCCAG-1",1
"CCTAGCTGTCTGATTG-1",0
"CCTAGCTTCACGATGT-1",0
"CCTAGCTTCGTAGGAG-1",1
"CCTATTAAGAATTCCC-1",3
"CCTATTAAGCAGGCTA-1",0
"CCTATTAAGCAGGTCA-1",1
"CCTATTAAGGGAGTAA-1",2
"CCTATTAAGGTAGCCA-1",0
"CCTATTACACAACTGT-1",0
"CCTATTACACATCCGG-1",1
"CCTATTAGTCAATACC-1",0
"CCTATTATCATCACCC-1",3
"CCTATTATCTGCGACG-1",0
"CCTCAGTAGCTAACTC-1",0
"CCTCAGTCAGGTGGAT-1",0
"CCTCAGTGTCCATCCT-1",0
"CCTCAGTGTCCGACGT-1",2
"CCTCAGTGTCTTGTCC-1",1
"CCTCAGTGTGGGTATG-1",0
"CCTCTGAAGTATCGAA-1",0
"CCTCTGAAGTGGGTTG-1",0
"CCTCTGACAAGCTGTT-1",1
"CCTCTGACACCGATAT-1",0
"CCTCTGACAGATGAGC-1",0
"CCTCTGAGTCAATACC-1",2
"CCTCTGAGTCCGAACC-1",1
"CCTCTGAGTCGTGGCT-1",0
"CCTCTGAGTCTGATTG-1",0
"CCTCTGATCTGAGGGA-1",0
"CCTTACGCAAGCGTAG-1",2
"CCTTACGCACCAACCG-1",2
"CCTTACGGTCATCCCT-1",0
"CCTTACGGTCCTCTTG-1",3
"CCTTACGTCACAACGT-1",0
"CCTTACGTCATCTGCC-1",0
"CCTTACGTCGGAGGTA-1",0
"CCTTCCCAGAGACTAT-1",2
"CCTTCCCAGCTAGGCA-1",0
"CCTTCCCAGGACGAAA-1",0
"CCTTCCCAGGGCATGT-1",0
"CCTTCCCAGGTACTCT-1",0
"CCTTCCCCATGATCCA-1",2
"CCTTCCCTCAAGGCTT-1",0
"CCTTCCCTCTATCCTA-1",1
"CCTTCCCTCTATCGCC-1",0
"CCTTCGAAGGCGCTCT-1",2
"CCTTCGACAACACCCG-1",1
"CCTTCGACAGCGATCC-1",1
"CCTTCGAGTAAGCACG-1",0
"CCTTCGAGTCCATGAT-1",0
"CCTTCGAGTGTGACCC-1",1
"CCTTCGAGTTGGTGGA-1",1
"CCTTCGATCACAGTAC-1",1
"CCTTCGATCCTATGTT-1",1
"CCTTCGATCGCACTCT-1",0
"CCTTTCTAGACGCTTT-1",2
"CCTTTCTAGGGCACTA-1",1
"CCTTTCTAGTGGAGTC-1",1
"CCTTTCTCAGACAAGC-1",1
"CCTTTCTCATCACGAT-1",0
"CCTTTCTCATGCCCGA-1",1
"CCTTTCTTCCCACTTG-1",0
"CCTTTCTTCTTTACGT-1",1
"CGAACATCACATGACT-1",0
"CGAACATCACTTGGAT-1",0
"CGAACATCAGTCCTTC-1",1
"CGAACATGTCTGATTG-1",0
"CGAACATGTGCTGTAT-1",1
"CGAACATTCTCAAACG-1",0
"CGAATGTAGAGGTTAT-1",0
"CGAATGTAGCGATAGC-1",0
"CGAATGTAGTTCGCAT-1",3
"CGAATGTCAATGCCAT-1",0
"CGAATGTGTCTAGTCA-1",2
"CGAATGTGTCTCACCT-1",1
"CGAATGTTCAACACAC-1",1
"CGAATGTTCATCACCC-1",2
"CGAATGTTCTGTACGA-1",1
"CGACCTTAGCTACCGC-1",1
"CGACCTTAGCTAGTCT-1",0
"CGACCTTCAAAGTGCG-1",1
"CGACCTTCACGAAATA-1",2
"CGACCTTGTAAGTGTA-1",2
"CGACCTTGTCAGAATA-1",0
"CGACCTTGTCTCCCTA-1",0
"CGACCTTGTCTCTTAT-1",0
"CGACCTTTCCGCGTTT-1",0
"CGACCTTTCGTTTATC-1",0
"CGACCTTTCTCCAGGG-1",0
"CGACTTCAGACACGAC-1",0
"CGACTTCAGGTAGCCA-1",1
"CGACTTCAGTCTTGCA-1",0
"CGACTTCCAATGGACG-1",0
"CGACTTCGTGGTGTAG-1",0
"CGACTTCGTTGAGTTC-1",2
"CGACTTCTCACTTACT-1",0
"CGACTTCTCTCGCTTG-1",0
"CGAGAAGAGAAACGCC-1",0
"CGAGAAGAGCCAACAG-1",0
"CGAGAAGAGCGTGTCC-1",1
"CGAGAAGCAAGTTCTG-1",0
"CGAGAAGCACATCCGG-1",1
"CGAGAAGCAGGCTGAA-1",0
"CGAGAAGTCGGATGGA-1",1
"CGAGCACAGCCAGAAC-1",0
"CGAGCACCACATGTGT-1",0
"CGAGCACGTAGCGTCC-1",0
"CGAGCACGTAGCGTGA-1",1
"CGAGCACGTCAGATAA-1",0
"CGAGCACGTGCCTTGG-1",1
"CGAGCACTCCCGGATG-1",0
"CGAGCACTCCGCTGTT-1",1
"CGAGCACTCGGAAATA-1",0
"CGAGCACTCGTGACAT-1",0
"CGAGCCAAGCTAGCCC-1",0
"CGAGCCAGTATATCCG-1",1
"CGAGCCAGTCAAGCGA-1",0
"CGATCGGAGAGCCTAG-1",2
"CGATCGGAGTACGATA-1",0
"CGATCGGCAAACGCGA-1",0
"CGATCGGCAAGCGATG-1",0
"CGATCGGCAATACGCT-1",1
"CGATCGGCAGTTAACC-1",1
"CGATCGGCATACTCTT-1",1
"CGATCGGGTCGACTGC-1",2
"CGATCGGTCAACGGGA-1",0
"CGATCGGTCTAGCACA-1",0
"CGATGGCAGCCGTCGT-1",0
"CGATGGCAGTCCAGGA-1",1
"CGATGGCCACTTAACG-1",0
"CGATGGCCAGCGTAAG-1",0
"CGATGGCCATCATCCC-1",0
"CGATGGCTCCTAGAAC-1",0
"CGATGGCTCGCTAGCG-1",1
"CGATGGCTCTGACCTC-1",1
"CGATGTAAGGCAATTA-1",1
"CGATGTAAGTTTGCGT-1",0
"CGATGTACACAGGCCT-1",0
"CGATGTACAGGTCTCG-1",1
"CGATGTAGTCCAGTGC-1",0
"CGATGTAGTCTAGGTT-1",0
"CGATGTAGTGTGCCTG-1",0
"CGATGTAGTTTGCATG-1",0
"CGATTGAAGATGTGGC-1",0
"CGATTGACAGACGCAA-1",0
"CGATTGAGTATGGTTC-1",0
"CGATTGAGTTCAGACT-1",0
"CGATTGATCATGGTCA-1",1
"CGATTGATCTGCGGCA-1",0
"CGCCAAGAGAATGTTG-1",0
"CGCCAAGAGACCTTTG-1",2
"CGCCAAGAGATCGGGT-1",0
"CGCCAAGAGATCTGAA-1",1
"CGCCAAGAGCGTGTCC-1",0
"CGCCAAGGTCTAGGTT-1",0
"CGCCAAGTCAGGATCT-1",2
"CGCCAAGTCCACTCCA-1",2
"CGCCAAGTCTTGTTTG-1",2
"CGCGGTAAGCTAGCCC-1",2
"CGCGGTAAGGGTTCCC-1",0
"CGCGGTACAAACTGCT-1",0
"CGCGGTACAATGGAAT-1",1
"CGCGGTACAGCTGTTA-1",0
"CGCGGTAGTCAAGCGA-1",1
"CGCGGTAGTGAGGCTA-1",0
"CGCGGTAGTTTGCATG-1",1
"CGCGTTTAGTTATCGC-1",0
"CGCGTTTCAACAACCT-1",0
"CGCGTTTCAAGCGAGT-1",0
"CGCGTTTCAATGGACG-1",0
"CGCGTTTCACGGTGTC-1",0
"CGCGTTTGTGCTGTAT-1",0
"CGCGTTTGTGGACGAT-1",0
"CGCGTTTTCAAACCGT-1",1
"CGCGTTTTCAGCCTAA-1",0
"CGCGTTTTCCTATGTT-1",1
"CGCGTTTTCGTGGTCG-1",0
"CGCTATCAGAAACCGC-1",0
"CGCTATCAGTCATCCA-1",1
"CGCTATCCAAGCGAGT-1",1
"CGCTATCCAGTCGATT-1",1
"CGCTATCCATCGACGC-1",0
"CGCTATCCATTTCAGG-1",2
"CGCTATCGTACCGAGA-1",0
"CGCTATCGTTCGAATC-1",0
"CGCTATCGTTTCGCTC-1",0
"CGCTATCTCGTTACAG-1",1
"CGCTGGAAGGACATTA-1",1
"CGCTGGAAGGGCACTA-1",0
"CGCTGGAAGGTGATAT-1",1
"CGCTGGACAGACTCGC-1",0
"CGCTGGAGTGTAATGA-1",0
"CGCTGGAGTTCTGGTA-1",1
"CGCTGGATCCGAAGAG-1",0
"CGCTGGATCCGTTGCT-1",2
"CGCTGGATCGTAGGAG-1",0
"CGCTGGATCGTTACAG-1",1
"CGCTTCAAGAAGGGTA-1",0
"CGCTTCAAGGTCGGAT-1",1
"CGCTTCACACGGTGTC-1",1
"CGCTTCACAGACAAGC-1",0
"CGCTTCACATCACCCT-1",1
"CGCTTCAGTCGCGGTT-1",0
"CGCTTCATCTTAGAGC-1",0
"CGGACACAGCGATATA-1",3
"CGGACACAGCGATGAC-1",1
"CGGACACAGCTTCGCG-1",1
"CGGACACAGGTAAACT-1",0
"CGGACACAGTAGCCGA-1",1
"CGGACACCACAGGAGT-1",1
"CGGACACCATTCACTT-1",2
"CGGACACGTGAGCGAT-1",2
"CGGACACGTGCTCTTC-1",0
"CGGACACGTGTGACCC-1",0
"CGGACGTAGGTTACCT-1",1
"CGGACGTCATGGGACA-1",2
"CGGACGTGTGAAAGAG-1",0
"CGGACGTGTTGGTAAA-1",0
"CGGACGTTCATGTGGT-1",0
"CGGACGTTCTGTCCGT-1",0
"CGGACTGAGGAGCGAG-1",1
"CGGACTGAGGAGTCTG-1",0
"CGGACTGAGTGGTAGC-1",3
"CGGACTGCAACTTGAC-1",0
"CGGACTGCAATGACCT-1",1
"CGGACTGCACAACGTT-1",0
"CGGACTGCACGCCAGT-1",0
"CGGACTGCAGTATGCT-1",0
"CGGACTGGTAAAGGAG-1",1
"CGGACTGGTATAAACG-1",0
"CGGACTGGTGTAAGTA-1",0
"CGGACTGGTGTGGTTT-1",0
"CGGACTGGTTGACGTT-1",1
"CGGACTGTCATTGCCC-1",1
"CGGACTGTCCATGCTC-1",1
"CGGACTGTCCGTCAAA-1",0
"CGGACTGTCGTTTGCC-1",2
"CGGACTGTCTTCATGT-1",1
"CGGAGCTAGTTTAGGA-1",1
"CGGAGCTCATTGAGCT-1",0
"CGGAGCTGTAGAAAGG-1",1
"CGGAGCTTCACTTATC-1",0
"CGGAGCTTCATGTAGC-1",1
"CGGAGCTTCCACGAAT-1",0
"CGGAGTCAGTGCGATG-1",1
"CGGAGTCAGTGTGAAT-1",0
"CGGAGTCCAGTGGGAT-1",0
"CGGAGTCCATTATCTC-1",1
"CGGAGTCGTAGCTGCC-1",2
"CGGAGTCGTCCAGTGC-1",0
"CGGAGTCGTGTTCGAT-1",0
"CGGAGTCTCCCAGGTG-1",1
"CGGAGTCTCCGTAGTA-1",0
"CGGCTAGAGAAACGCC-1",0
"CGGCTAGAGCACCGTC-1",0
"CGGCTAGAGCTAAACA-1",1
"CGGCTAGCAGACAAAT-1",0
"CGGCTAGGTAACGCGA-1",0
"CGGCTAGGTTCATGGT-1",0
"CGGCTAGTCAAAGACA-1",0
"CGGCTAGTCGTGGGAA-1",0
"CGGCTAGTCTTGTTTG-1",0
"CGGGTCAAGAGTCGGT-1",0
"CGGGTCAAGCACACAG-1",0
"CGGGTCAAGCTAACTC-1",0
"CGGGTCAAGGACACCA-1",1
"CGGGTCAAGTATGACA-1",1
"CGGGTCACAATGACCT-1",1
"CGGGTCACACCGAAAG-1",1
"CGGGTCACAGCCACCA-1",0
"CGGGTCACATACAGCT-1",1
"CGGGTCACATCCTTGC-1",0
"CGGGTCAGTAGCGCTC-1",0
"CGGGTCAGTCGATTGT-1",1
"CGGGTCAGTGCAACTT-1",0
"CGGGTCAGTTGTTTGG-1",0
"CGGGTCATCAACACCA-1",4
"CGGGTCATCACCTTAT-1",2
"CGGGTCATCCACGACG-1",1
"CGGTTAACAGGACCCT-1",0
"CGGTTAACATGTCCTC-1",0
"CGGTTAACATTCCTGC-1",0
"CGGTTAAGTCGACTGC-1",1
"CGGTTAATCCGGCACA-1",3
"CGGTTAATCCTTTCGG-1",2
"CGGTTAATCTTATCTG-1",1
"CGTAGCGAGATGTAAC-1",2
"CGTAGCGAGGCAATTA-1",3
"CGTAGCGAGTAGGTGC-1",1
"CGTAGCGCAAGCGCTC-1",1
"CGTAGCGTCCAACCAA-1",0
"CGTAGCGTCGGCGGTT-1",0
"CGTAGGCAGGGCTCTC-1",0
"CGTAGGCCAAGCGATG-1",0
"CGTAGGCCACTAAGTC-1",0
"CGTAGGCCAGAGTGTG-1",0
"CGTAGGCCATCCCATC-1",0
"CGTAGGCGTATTAGCC-1",0
"CGTAGGCGTCAATACC-1",0
"CGTAGGCGTGGCGAAT-1",0
"CGTAGGCTCCAGAAGG-1",1
"CGTCACTAGTCATGCT-1",0
"CGTCACTCAAAGCGGT-1",0
"CGTCACTCAGGTCCAC-1",0
"CGTCACTCAGTCACTA-1",1
"CGTCACTTCCTTGACC-1",1
"CGTCACTTCGGTGTTA-1",0
"CGTCACTTCTGTGCAA-1",2
"CGTCACTTCTTGAGAC-1",0
"CGTCAGGAGCTGTTCA-1",1
"CGTCAGGCAAAGCAAT-1",0
"CGTCAGGCAAAGCGGT-1",0
"CGTCAGGCAACACGCC-1",0
"CGTCAGGCATCCGCGA-1",0
"CGTCAGGGTCAGCTAT-1",2
"CGTCAGGGTCGTTGTA-1",1
"CGTCAGGGTGTAAGTA-1",0
"CGTCAGGTCCACTGGG-1",1
"CGTCAGGTCGACAGCC-1",0
"CGTCAGGTCGGGAGTA-1",0
"CGTCCATAGACCACGA-1",1
"CGTCCATAGCGATTCT-1",0
"CGTCCATAGGCTATCT-1",0
"CGTCCATAGTCTCAAC-1",2
"CGTCCATCACGACTCG-1",1
"CGTCCATCATTCACTT-1",0
"CGTCCATGTCTAGCGC-1",0
"CGTCCATGTGATAAAC-1",0
"CGTCCATGTTTGGGCC-1",1
"CGTCCATGTTTGTGTG-1",2
"CGTCCATTCAACACCA-1",0
"CGTCCATTCATTCACT-1",0
"CGTCTACAGTGCGTGA-1",1
"CGTCTACGTAGTAGTA-1",1
"CGTCTACTCGAGCCCA-1",1
"CGTCTACTCGCCATAA-1",1
"CGTCTACTCGGCCGAT-1",0
"CGTCTACTCGTCCAGG-1",0
"CGTCTACTCTATCGCC-1",2
"CGTGAGCAGATCTGAA-1",0
"CGTGAGCAGCAATCTC-1",1
"CGTGAGCAGCGGATCA-1",0
"CGTGAGCAGCTAGTGG-1",0
"CGTGAGCAGCTTCGCG-1",0
"CGTGAGCAGGGCACTA-1",0
"CGTGAGCAGGGTGTGT-1",0
"CGTGAGCAGTGGAGAA-1",2
"CGTGAGCCAAGCCGCT-1",2
"CGTGAGCCACGTAAGG-1",0
"CGTGAGCCATACGCCG-1",1
"CGTGAGCGTAGATTAG-1",0
"CGTGAGCGTCTCTTAT-1",1
"CGTGAGCTCACAAACC-1",0
"CGTGAGCTCCAAATGC-1",0
"CGTGAGCTCCGAGCCA-1",1
"CGTGAGCTCGTTGCCT-1",0
"CGTGAGCTCTGGGCCA-1",0
"CGTGTAAAGATAGTCA-1",0
"CGTGTAAAGGTGTTAA-1",0
"CGTGTAAAGTACATGA-1",1
"CGTGTAACATGGGACA-1",1
"CGTGTAAGTCCGCTGA-1",0
"CGTGTAAGTGTCTGAT-1",0
"CGTGTAATCTACTATC-1",1
"CGTGTAATCTCGATGA-1",0
"CGTGTAATCTTTAGTC-1",0
"CGTGTCTAGGCGCTCT-1",0
"CGTGTCTAGGGATGGG-1",0
"CGTGTCTCAGACAAAT-1",0
"CGTGTCTCAGACACTT-1",1
"CGTGTCTGTAAGAGGA-1",1
"CGTGTCTGTATATGAG-1",0
"CGTGTCTGTCAAAGCG-1",1
"CGTGTCTGTTCCGTCT-1",0
"CGTGTCTTCAATCACG-1",1
"CGTGTCTTCAGAGGTG-1",2
"CGTGTCTTCATAGCAC-1",1
"CGTGTCTTCCGAACGC-1",1
"CGTGTCTTCGGCATCG-1",0
"CGTGTCTTCGTGGACC-1",0
"CGTGTCTTCTACTTAC-1",0
"CGTGTCTTCTGAGTGT-1",0
"CGTTAGAAGATCTGAA-1",1
"CGTTAGAAGGCCCTTG-1",0
"CGTTAGACACGAAAGC-1",0
"CGTTAGACAGCTTCGG-1",1
"CGTTAGAGTTTAAGCC-1",2
"CGTTAGATCACTTATC-1",0
"CGTTAGATCAGCCTAA-1",2
"CGTTCTGAGAAGGGTA-1",0
"CGTTCTGAGACTAGGC-1",0
"CGTTCTGAGTGAACAT-1",0
"CGTTCTGCAGCTCGCA-1",1
"CGTTCTGCATTGGCGC-1",0
"CGTTCTGGTGAGGGTT-1",0
"CGTTCTGTCTGATTCT-1",1
"CGTTGGGAGCTAGTTC-1",2
"CGTTGGGAGGATGCGT-1",0
"CGTTGGGCACATTAGC-1",1
"CGTTGGGCAGACAGGT-1",1
"CGTTGGGGTTCCCGAG-1",0
"CGTTGGGTCATGCTCC-1",0
"CGTTGGGTCCATGAAC-1",2
"CGTTGGGTCTACCAGA-1",1
"CTAACTTAGTCCTCCT-1",0
"CTAACTTCAATAGCAA-1",0
"CTAACTTCAATCGGTT-1",0
"CTAACTTGTGAGGCTA-1",0
"CTAACTTTCGTACGGC-1",2
"CTAACTTTCTGGCGTG-1",1
"CTAAGACAGGGAAACA-1",1
"CTAAGACAGTACATGA-1",0
"CTAAGACAGTTCGCGC-1",0
"CTAAGACCAAGTAATG-1",0
"CTAAGACCAGTAAGAT-1",1
"CTAAGACCATGCAATC-1",0
"CTAAGACGTAAGGATT-1",2
"CTAAGACGTATCAGTC-1",3
"CTAAGACGTCACCTAA-1",0
"CTAAGACTCGTTGCCT-1",1
"CTAAGACTCTTACCGC-1",0
"CTAAGACTCTTGAGGT-1",1
"CTAATGGAGCAATCTC-1",0
"CTAATGGAGCGCTCCA-1",1
"CTAATGGAGCTCCCAG-1",2
"CTAATGGAGCTGAAAT-1",1
"CTAATGGAGTTAGGTA-1",2
"CTAATGGCATGGAATA-1",2
"CTAATGGGTACCGCTG-1",1
"CTAATGGGTCTAGCGC-1",0
"CTAATGGGTGAGGGAG-1",1
"CTAATGGGTTGGTGGA-1",0
"CTAATGGTCATGCTCC-1",1
"CTAATGGTCCACTGGG-1",0
"CTAATGGTCCGTTGCT-1",0
"CTAATGGTCCTAGAAC-1",0
"CTACACCAGTGCGATG-1",0
"CTACACCCACGGACAA-1",0
"CTACACCGTAATAGCA-1",0
"CTACACCGTCTGATTG-1",0
"CTACACCGTTCGTCTC-1",0
"CTACACCTCAGAAATG-1",0
"CTACACCTCGGCTTGG-1",0
"CTACACCTCGGTCCGA-1",1
"CTACACCTCTCGCATC-1",3
"CTACACCTCTCTGCTG-1",2
"CTACATTAGATCACGG-1",0
"CTACATTCACTCGACG-1",0
"CTACATTCATTTCACT-1",2
"CTACATTGTGATGATA-1",0
"CTACATTGTTCGAATC-1",0
"CTACATTTCAACGCTA-1",0
"CTACATTTCGCCATAA-1",0
"CTACATTTCTAGCACA-1",0
"CTACCCACACAGAGGT-1",1
"CTACCCACACGACGAA-1",1
"CTACCCACATGGTTGT-1",1
"CTACCCAGTATCTGCA-1",0
"CTACCCAGTATGAATG-1",0
"CTACCCAGTCAGAAGC-1",0
"CTACCCAGTGTGACCC-1",1
"CTACCCAGTTATGTGC-1",0
"CTACCCATCTACGAGT-1",0
"CTACGTCAGGTGCAAC-1",1
"CTACGTCAGTGCGATG-1",0
"CTACGTCAGTTGTCGT-1",0
"CTACGTCCATATACCG-1",1
"CTACGTCGTATATGGA-1",1
"CTACGTCGTGTGGTTT-1",1
"CTACGTCTCAAAGTAG-1",0
"CTACGTCTCACGACTA-1",1
"CTACGTCTCACGGTTA-1",0
"CTACGTCTCCTAGAAC-1",1
"CTAGAGTAGCTGTCTA-1",4
"CTAGAGTAGGATCGCA-1",0
"CTAGAGTAGTCCATAC-1",1
"CTAGAGTCACATTAGC-1",0
"CTAGAGTCAGTATGCT-1",0
"CTAGAGTCATACTCTT-1",1
"CTAGAGTCATGTAAGA-1",0
"CTAGAGTGTGACCAAG-1",1
"CTAGAGTTCAACACCA-1",2
"CTAGAGTTCCGTCAAA-1",0
"CTAGAGTTCCTAAGTG-1",1
"CTAGAGTTCGCCAGCA-1",0
"CTAGAGTTCGCTTAGA-1",1
"CTAGAGTTCGTGACAT-1",0
"CTAGAGTTCTGATTCT-1",0
"CTAGCCTCACCAGATT-1",0
"CTAGCCTGTATATCCG-1",0
"CTAGCCTGTGATGCCC-1",0
"CTAGCCTTCGGGAGTA-1",4
"CTAGTGAAGCTGGAAC-1",1
"CTAGTGAAGTGTACCT-1",0
"CTAGTGACAAGTCTAC-1",0
"CTAGTGACAGGATCGA-1",0
"CTAGTGAGTTATGCGT-1",1
"CTAGTGATCAGTTGAC-1",1
"CTAGTGATCCAGTAGT-1",1
"CTCACACAGCTAAGAT-1",1
"CTCACACAGCTGCCCA-1",0
"CTCACACAGGATGCGT-1",0
"CTCACACCACGTAAGG-1",1
"CTCACACCACTGTTAG-1",0
"CTCACACCATATACGC-1",1
"CTCACACGTGCTGTAT-1",0
"CTCACACGTTCCATGA-1",0
"CTCACACGTTTGGGCC-1",3
"CTCACACTCACCGGGT-1",0
"CTCACACTCATCGGAT-1",1
"CTCACACTCCGCGCAA-1",0
"CTCACACTCTAACCGA-1",0
"CTCAGAAAGAGCTGCA-1",1
"CTCAGAAAGGAGTAGA-1",0
"CTCAGAACAACGCACC-1",3
"CTCAGAACAAGCGATG-1",0
"CTCAGAACAGGGCATA-1",1
"CTCAGAAGTGACGGTA-1",1
"CTCAGAATCTTAACCT-1",1
"CTCATTAAGAACTGTA-1",3
"CTCATTACATGGTCAT-1",0
"CTCATTAGTGTAACGG-1",0
"CTCATTAGTTTACTCT-1",0
"CTCCTAGCAAGTACCT-1",0
"CTCCTAGCAATTCCTT-1",1
"CTCCTAGCACTGTCGG-1",0
"CTCCTAGCAGTCCTTC-1",0
"CTCCTAGCATAACCTG-1",2
"CTCCTAGCATGCGCAC-1",0
"CTCCTAGGTAGAAAGG-1",0
"CTCCTAGGTCCGAGTC-1",1
"CTCCTAGGTCTAGCCG-1",0
"CTCCTAGGTGTTTGTG-1",1
"CTCCTAGGTTCGTGAT-1",0
"CTCCTAGGTTGTTTGG-1",0
"CTCCTAGTCACTTACT-1",0
"CTCCTAGTCTCATTCA-1",2
"CTCGAAAAGCCCAACC-1",1
"CTCGAAAAGCTATGCT-1",1
"CTCGAAAAGGCCCTTG-1",0
"CTCGAAAAGGGCTTCC-1",0
"CTCGAAACAAGCCGTC-1",0
"CTCGAAACACATTAGC-1",1
"CTCGAAACACCGAAAG-1",1
"CTCGAAACACGGCTAC-1",1
"CTCGAAACAGTAAGAT-1",1
"CTCGAAACATACGCCG-1",1
"CTCGAGGAGCCATCGC-1",1
"CTCGAGGAGGGCTTCC-1",4
"CTCGAGGCAGATAATG-1",0
"CTCGAGGGTATTCTCT-1",1
"CTCGAGGGTGCCTGGT-1",0
"CTCGGAGAGTCCCACG-1",0
"CTCGGAGCACTTCTGC-1",1
"CTCGGAGCAGCTGCAC-1",0
"CTCGGAGCAGGATCGA-1",0
"CTCGGAGGTAGCCTAT-1",1
"CTCGGAGGTCATGCCG-1",0
"CTCGGAGTCAAACGGG-1",2
"CTCGGAGTCACATACG-1",0
"CTCGGAGTCAGCTTAG-1",1
"CTCGGGAAGACCTAGG-1",1
"CTCGGGACACAGCCCA-1",0
"CTCGGGACATAAAGGT-1",0
"CTCGGGACATCCCACT-1",1
"CTCGGGACATGTCGAT-1",0
"CTCGGGAGTCGCGTGT-1",0
"CTCGGGAGTGACTACT-1",2
"CTCGGGAGTTACGACT-1",0
"CTCGGGATCCGTACAA-1",0
"CTCGGGATCCTTGACC-1",1
"CTCGGGATCTTAGCCC-1",0
"CTCGGGATCTTGTTTG-1",0
"CTCGTACAGCGATAGC-1",2
"CTCGTACCAGCGTAAG-1",1
"CTCGTACCATAGTAAG-1",2
"CTCGTACGTAGAGTGC-1",1
"CTCGTACGTATCACCA-1",0
"CTCGTACGTGCAGTAG-1",0
"CTCGTACTCAAAGTAG-1",2
"CTCGTACTCAATCTCT-1",0
"CTCGTACTCGTTGCCT-1",1
"CTCGTACTCTGGTTCC-1",0
"CTCGTCAAGATGCCTT-1",1
"CTCGTCAAGTGGAGTC-1",0
"CTCGTCAAGTTTGCGT-1",1
"CTCGTCACAACGATCT-1",0
"CTCGTCACACATCCGG-1",0
"CTCGTCACAGTCGTGC-1",2
"CTCGTCAGTCTCATCC-1",1
"CTCGTCAGTCTCCATC-1",0
"CTCGTCAGTGAGCGAT-1",0
"CTCGTCAGTTGACGTT-1",1
"CTCGTCAGTTGGGACA-1",0
"CTCGTCATCACTTATC-1",0
"CTCGTCATCGACCAGC-1",1
"CTCGTCATCTGCTGTC-1",1
"CTCTAATCACCAGGTC-1",0
"CTCTAATCACGGTGTC-1",0
"CTCTAATCAGGAATCG-1",0
"CTCTAATGTCCAAGTT-1",1
"CTCTACGAGCTAAACA-1",0
"CTCTACGAGCTAGTGG-1",1
"CTCTACGAGTACGCCC-1",1
"CTCTACGAGTAGGCCA-1",1
"CTCTACGCAATAACGA-1",0
"CTCTACGCAGACGCTC-1",0
"CTCTACGCATGACATC-1",0
"CTCTACGTCATGTCTT-1",1
"CTCTACGTCCCTAATT-1",0
"CTCTACGTCGGCATCG-1",1
"CTCTACGTCGGTCTAA-1",0
"CTCTGGTAGCAGCGTA-1",0
"CTCTGGTAGCGTTCCG-1",2
"CTCTGGTAGGCATGGT-1",0
"CTCTGGTAGTGCCAGA-1",0
"CTCTGGTCACAAGCCC-1",0
"CTCTGGTCAGCCTTTC-1",0
"CTCTGGTTCATCTGTT-1",1
"CTCTGGTTCTTGTACT-1",1
"CTGAAACAGATCCCGC-1",0
"CTGAAACAGGTGCTAG-1",0
"CTGAAACAGTCCGTAT-1",1
"CTGAAACAGTGTCTCA-1",0
"CTGAAACGTCATCGGC-1",0
"CTGAAACGTTAAAGAC-1",0
"CTGAAACTCATACGGT-1",1
"CTGAAGTAGTGCGTGA-1",1
"CTGAAGTCAGCTGTAT-1",2
"CTGAAGTGTTAAAGTG-1",0
"CTGAAGTTCAAGCCTA-1",1
"CTGAAGTTCGGATGTT-1",0
"CTGATAGAGGGAGTAA-1",0
"CTGATAGAGTGCAAGC-1",0
"CTGATAGCAGCCTTTC-1",1
"CTGATAGCATCCCATC-1",1
"CTGATAGCATCTCCCA-1",0
"CTGATAGGTCAAAGCG-1",1
"CTGATAGGTCGCTTTC-1",1
"CTGATAGGTTACGACT-1",1
"CTGATAGTCGCGATCG-1",0
"CTGATAGTCTTATCTG-1",0
"CTGATCCAGGCATTGG-1",2
"CTGATCCAGGTGACCA-1",2
"CTGATCCCACAGAGGT-1",1
"CTGATCCCAGGCTGAA-1",1
"CTGATCCGTGCCTGGT-1",3
"CTGATCCGTTATCCGA-1",0
"CTGATCCGTTGTGGCC-1",0
"CTGCCTAAGGGTCTCC-1",2
"CTGCCTAAGGTGATAT-1",0
"CTGCCTAAGTACGCGA-1",1
"CTGCCTAAGTGCGTGA-1",1
"CTGCCTACATCCCACT-1",0
"CTGCCTATCAATAAGG-1",1
"CTGCGGAAGAAGGACA-1",1
"CTGCGGAAGAGCTGGT-1",0
"CTGCGGAAGATGAGAG-1",1
"CTGCGGACAGGTCGTC-1",0
"CTGCGGACATGTCTCC-1",0
"CTGCGGAGTCACTTCC-1",1
"CTGCGGAGTCGTGGCT-1",1
"CTGCGGAGTTCTGTTT-1",0
"CTGCGGAGTTGGACCC-1",1
"CTGCGGATCGCCTGTT-1",0
"CTGCGGATCTTACCGC-1",1
"CTGCTGTAGGGTGTTG-1",0
"CTGCTGTAGTACCGGA-1",1
"CTGCTGTAGTGGAGAA-1",1
"CTGCTGTCACATCTTT-1",0
"CTGCTGTGTTAAAGAC-1",2
"CTGCTGTTCTCCAACC-1",0
"CTGCTGTTCTTACCGC-1",0
"CTGGTCTAGCGTTGCC-1",1
"CTGGTCTAGGACAGCT-1",0
"CTGGTCTAGGGCTTGA-1",0
"CTGGTCTAGTCGAGTG-1",0
"CTGGTCTCAAAGGAAG-1",0
"CTGGTCTCACCAGTTA-1",1
"CTGGTCTGTACCTACA-1",0
"CTGGTCTGTACGCTGC-1",1
"CTGGTCTGTCCGCTGA-1",0
"CTGGTCTGTCCGTTAA-1",0
"CTGGTCTGTTCATGGT-1",2
"CTGGTCTGTTCGTGAT-1",0
"CTGGTCTTCAACGGGA-1",1
"CTGGTCTTCACTTACT-1",0
"CTGGTCTTCTTACCTA-1",0
"CTGTGCTGTATATCCG-1",1
"CTGTGCTGTCATCCCT-1",0
"CTGTGCTGTCCCTACT-1",1
"CTGTGCTGTCGGCACT-1",1
"CTGTGCTTCCATTCTA-1",0
"CTGTGCTTCCGTACAA-1",1
"CTGTTTAAGAAACCGC-1",1
"CTGTTTAAGATCGATA-1",0
"CTGTTTAAGGAGTTGC-1",1
"CTGTTTAGTCAAAGCG-1",0
"CTGTTTATCAGCCTAA-1",0
"CTGTTTATCATTTGGG-1",1
"CTGTTTATCTCCAGGG-1",0
"CTGTTTATCTCTTGAT-1",0
"CTGTTTATCTTCTGGC-1",2
"CTTAACTAGCCAGTAG-1",2
"CTTAACTAGGCTCTTA-1",3
"CTTAACTAGGTGCACA-1",0
"CTTAACTAGTCTCGGC-1",0
"CTTACCGAGCGCTTAT-1",1
"CTTACCGAGGCTACGA-1",0
"CTTACCGCAGATCTGT-1",0
"CTTACCGCAGTCAGAG-1",0
"CTTACCGGTCCTGCTT-1",0
"CTTACCGGTCGCCATG-1",1
"CTTACCGGTCTACCTC-1",0
"CTTACCGTCGGACAAG-1",4
"CTTAGGAAGCCCAACC-1",1
"CTTAGGACACGACGAA-1",1
"CTTAGGAGTTATGTGC-1",0
"CTTAGGATCCCATTTA-1",0
"CTTAGGATCTTTACAC-1",1
"CTTCTCTAGAACTCGG-1",0
"CTTCTCTAGAGTGAGA-1",2
"CTTCTCTAGCAGGCTA-1",2
"CTTCTCTAGTTAACGA-1",0
"CTTCTCTCAAAGGTGC-1",1
"CTTCTCTGTAACGACG-1",1
"CTTCTCTGTGCATCTA-1",0
"CTTCTCTTCGAGCCCA-1",0
"CTTGGCTAGCGATATA-1",2
"CTTGGCTAGTACGTTC-1",1
"CTTGGCTCATTACCTT-1",0
"CTTGGCTGTCTCCATC-1",2
"CTTGGCTTCCCTAATT-1",0
"CTTGGCTTCGCGTAGC-1",1
"CTTGGCTTCTCGTTTA-1",1
"CTTTGCGAGCAAATCA-1",1
"CTTTGCGAGCGTTCCG-1",2
"CTTTGCGAGTATCTCG-1",1
"CTTTGCGCAATTCCTT-1",2
"CTTTGCGCACTTAAGC-1",0
"CTTTGCGCAGACGCAA-1",0
"CTTTGCGGTAGAGGAA-1",1
"CTTTGCGTCCAGGGCT-1",2
"GAAACTCAGAGACGAA-1",0
"GAAACTCAGAGGTTAT-1",0
"GAAACTCAGCAGCCTC-1",0
"GAAACTCAGCCCAGCT-1",1
"GAAACTCAGCTAAACA-1",1
"GAAACTCAGTGCTGCC-1",0
"GAAACTCCAAGCCCAC-1",1
"GAAACTCCACATGACT-1",0
"GAAACTCCAGACACTT-1",0
"GAAACTCCATGGATGG-1",0
"GAAACTCGTACTCGCG-1",0
"GAAACTCGTAGCGATG-1",1
"GAAACTCGTGTGAAAT-1",0
"GAAACTCGTTTGTGTG-1",1
"GAAATGAAGACTAGGC-1",1
"GAAATGAAGCCAGTTT-1",1
"GAAATGAAGCTAGTCT-1",1
"GAAATGAAGTACGTAA-1",1
"GAAATGATCATGCTCC-1",1
"GAAATGATCCTCGCAT-1",1
"GAACATCAGATGGCGT-1",0
"GAACATCCAACAACCT-1",1
"GAACATCCACATCTTT-1",0
"GAACATCCACCTATCC-1",2
"GAACATCCACGGACAA-1",0
"GAACATCCATGCTAGT-1",0
"GAACATCGTACGACCC-1",0
"GAACATCGTGGACGAT-1",2
"GAACATCGTTCCCGAG-1",2
"GAACATCTCCAAGTAC-1",1
"GAACATCTCGATCCCT-1",0
"GAACATCTCTCCAACC-1",0
"GAACCTAAGAACTGTA-1",2
"GAACCTAAGAGCAATT-1",0
"GAACCTAAGCCAGTAG-1",2
"GAACCTACAAGGACAC-1",1
"GAACCTACAGACACTT-1",0
"GAACCTAGTACCAGTT-1",0
"GAACCTAGTGTCAATC-1",0
"GAACCTATCACGATGT-1",0
"GAACGGAAGACGCAAC-1",0
"GAACGGAAGTAATCCC-1",0
"GAACGGAAGTCAATAG-1",0
"GAACGGAAGTGGACGT-1",1
"GAACGGACACAGCGTC-1",0
"GAACGGACACCTCGTT-1",1
"GAACGGACACTTAACG-1",0
"GAACGGAGTAGCGTAG-1",0
"GAACGGAGTCAGAGGT-1",0
"GAACGGAGTGGCGAAT-1",1
"GAACGGATCACTCCTG-1",1
"GAACGGATCCACGAAT-1",2
"GAACGGATCGTAGGAG-1",0
"GAACGGATCTGTCAAG-1",0
"GAAGCAGAGACTAAGT-1",1
"GAAGCAGAGAGACGAA-1",2
"GAAGCAGAGCCACGCT-1",1
"GAAGCAGAGTTCGCGC-1",1
"GAAGCAGCAATCCGAT-1",0
"GAAGCAGCACTCGACG-1",0
"GAAGCAGCAGATCTGT-1",2
"GAAGCAGCAGATGAGC-1",0
"GAAGCAGCATGAACCT-1",2
"GAAGCAGCATGGAATA-1",0
"GAAGCAGGTAACGCGA-1",1
"GAAGCAGGTCATACTG-1",1
"GAAGCAGTCCTAGTGA-1",0
"GAAGCAGTCTTATCTG-1",1
"GAATAAGCAAGGTGTG-1",0
"GAATAAGCAGACAAGC-1",0
"GAATAAGCATGCAACT-1",0
"GAATAAGGTCCGTTAA-1",0
"GAATAAGGTGAGTGAC-1",1
"GAATAAGGTTCCCTTG-1",0
"GAATAAGTCGTTTAGG-1",0
"GAATGAAAGAGTCTGG-1",0
"GAATGAAAGCTTATCG-1",0
"GAATGAAAGGCATGTG-1",0
"GAATGAACAAACGCGA-1",0
"GAATGAACAGTGAGTG-1",1
"GAATGAACATCATCCC-1",0
"GAATGAAGTCAACATC-1",1
"GAATGAAGTCTCACCT-1",0
"GAATGAAGTGGCAAAC-1",0
"GAATGAAGTTGCGTTA-1",1
"GAATGAATCAGTTAGC-1",2
"GAATGAATCCTGCCAT-1",3
"GACACGCAGACGCACA-1",1
"GACACGCAGAGTAATC-1",1
"GACACGCAGCCAACAG-1",1
"GACACGCAGGAGTTTA-1",2
"GACACGCAGGGCATGT-1",0
"GACACGCAGGTGCACA-1",0
"GACACGCAGTCCAGGA-1",0
"GACACGCAGTGGGATC-1",1
"GACACGCAGTGGGTTG-1",0
"GACACGCCAAGCGTAG-1",1
"GACACGCCAAGGACAC-1",0
"GACACGCCAGACGCTC-1",0
"GACACGCCATCCTTGC-1",0
"GACACGCGTTCACGGC-1",0
"GACACGCTCATGTAGC-1",1
"GACAGAGAGTACGATA-1",0
"GACAGAGCAACGATCT-1",2
"GACAGAGCAAGTCTAC-1",0
"GACAGAGCAGCTCCGA-1",0
"GACAGAGCAGCTGGCT-1",1
"GACAGAGGTAGAAAGG-1",3
"GACAGAGTCAAACAAG-1",1
"GACAGAGTCAGAGACG-1",0
"GACAGAGTCCTTCAAT-1",2
"GACAGAGTCCTTGCCA-1",0
"GACAGAGTCTTCATGT-1",2
"GACCAATAGAAGGGTA-1",1
"GACCAATAGCTACCGC-1",0
"GACCAATAGCTACCTA-1",0
"GACCAATCAGGTGCCT-1",0
"GACCAATCATGCGCAC-1",1
"GACCAATGTACAGTTC-1",0
"GACCAATGTCGCTTCT-1",0
"GACCAATTCCGATATG-1",2
"GACCAATTCGAATGGG-1",2
"GACCAATTCGTCACGG-1",3
"GACCTGGCATCACAAC-1",2
"GACCTGGCATGTCTCC-1",1
"GACCTGGCATTGGCGC-1",0
"GACCTGGGTAAAGGAG-1",3
"GACCTGGGTCCAGTTA-1",2
"GACCTGGGTGCAGTAG-1",1
"GACCTGGTCATAGCAC-1",4
"GACCTGGTCCTTGCCA-1",0
"GACCTGGTCGCATGAT-1",2
"GACCTGGTCGTCACGG-1",0
"GACGCGTAGTGGTAAT-1",0
"GACGCGTAGTTGTAGA-1",0
"GACGCGTGTAAAGGAG-1",0
"GACGCGTGTGTGAAAT-1",2
"GACGCGTGTTAAGACA-1",1
"GACGCGTTCAAACCGT-1",2
"GACGCGTTCCAAATGC-1",1
"GACGCGTTCCGCGGTA-1",0
"GACGCGTTCCTACAGA-1",0
"GACGCGTTCGACGGAA-1",0
"GACGCGTTCTCCGGTT-1",0
"GACGGCTAGAAGATTC-1",2
"GACGGCTAGAGCTGGT-1",1
"GACGGCTCAAGGTTTC-1",0
"GACGGCTCACCGCTAG-1",0
"GACGGCTCATGAACCT-1",1
"GACGGCTCATGCAACT-1",2
"GACGGCTGTGTGTGCC-1",1
"GACGGCTGTTATGTGC-1",0
"GACGGCTGTTTGGCGC-1",0
"GACGGCTTCTATCGCC-1",0
"GACGTGCAGGCAAAGA-1",1
"GACGTGCAGGGTGTGT-1",1
"GACGTGCAGGTGTTAA-1",0
"GACGTGCCAGGTCGTC-1",0
"GACGTGCGTAACGTTC-1",0
"GACGTGCTCACCTCGT-1",2
"GACGTTAAGCTACCGC-1",1
"GACGTTAAGGCAAAGA-1",0
"GACGTTAAGTCAAGCG-1",1
"GACGTTACAAGCCATT-1",1
"GACGTTACAAGGTTTC-1",1
"GACGTTACAGACACTT-1",1
"GACGTTAGTATCTGCA-1",1
"GACGTTAGTTTGACAC-1",1
"GACGTTAGTTTGACTG-1",0
"GACGTTATCACAGGCC-1",1
"GACGTTATCATTGCGA-1",0
"GACGTTATCCCGGATG-1",0
"GACGTTATCCGAAGAG-1",0
"GACGTTATCGCGTTTC-1",0
"GACGTTATCTGTCCGT-1",0
"GACTAACAGACAGAGA-1",1
"GACTAACAGTGGAGAA-1",0
"GACTAACCAAATCCGT-1",1
"GACTAACGTCTAGTCA-1",2
"GACTAACGTGCAACTT-1",0
"GACTAACGTTCAGACT-1",3
"GACTAACTCCGCGCAA-1",0
"GACTAACTCCTTTCTC-1",1
"GACTAACTCTTGCCGT-1",0
"GACTAACTCTTTACAC-1",1
"GACTACAAGATATGGT-1",0
"GACTACACAAATCCGT-1",0
"GACTACAGTGCTGTAT-1",0
"GACTACATCAGCCTAA-1",1
"GACTACATCAGGTAAA-1",1
"GACTACATCTGCAGTA-1",0
"GACTGCGAGCGTAGTG-1",0
"GACTGCGAGTTGTAGA-1",0
"GACTGCGCACTTAACG-1",0
"GACTGCGCATGTTCCC-1",1
"GACTGCGGTACGCACC-1",1
"GACTGCGGTTCTCATT-1",0
"GACTGCGTCAACACAC-1",1
"GACTGCGTCACGACTA-1",0
"GACTGCGTCGCCCTTA-1",0
"GACTGCGTCTCAAACG-1",0
"GAGCAGAGTAGGGTAC-1",0
"GAGCAGAGTCAGATAA-1",1
"GAGCAGAGTCATATGC-1",0
"GAGCAGAGTGAGCGAT-1",0
"GAGCAGAGTGTAACGG-1",0
"GAGCAGAGTGTGACCC-1",0
"GAGCAGAGTTCGGGCT-1",0
"GAGCAGAGTTTAAGCC-1",0
"GAGCAGAGTTTGCATG-1",2
"GAGGTGAAGCAACGGT-1",1
"GAGGTGAAGGCTCTTA-1",0
"GAGGTGAAGTGGTAGC-1",0
"GAGGTGAAGTTGTAGA-1",1
"GAGGTGACACTGTCGG-1",1
"GAGGTGACATCCTTGC-1",0
"GAGGTGACATGCATGT-1",0
"GAGGTGAGTACCTACA-1",1
"GAGGTGAGTCATTAGC-1",0
"GAGGTGAGTTCCTCCA-1",2
"GAGGTGATCATCGCTC-1",0
"GAGGTGATCTAGAGTC-1",1
"GAGGTGATCTCTAGGA-1",2
"GAGGTGATCTGCTGTC-1",0
"GAGGTGATCTGGGCCA-1",1
"GAGTCCGAGGACAGAA-1",0
"GAGTCCGAGGCATGTG-1",0
"GAGTCCGAGGCGTACA-1",1
"GAGTCCGCAAACCCAT-1",0
"GAGTCCGGTCAAGCGA-1",1
"GAGTCCGGTGACCAAG-1",1
"GAGTCCGGTGACTCAT-1",1
"GAGTCCGGTGTGACCC-1",0
"GAGTCCGGTTCGGGCT-1",1
"GAGTCCGGTTTGCATG-1",3
"GAGTCCGTCGGCGCAT-1",0
"GAGTCCGTCTGATTCT-1",0
"GATCAGTAGATGTCGG-1",0
"GATCAGTAGTGGTAGC-1",0
"GATCAGTGTATATGAG-1",0
"GATCAGTGTCTGCGGT-1",0
"GATCAGTGTTATGCGT-1",0
"GATCAGTGTTGTACAC-1",1
"GATCAGTTCCCGACTT-1",0
"GATCGATAGAATGTTG-1",0
"GATCGATAGAGCTGCA-1",0
"GATCGATAGCATGGCA-1",0
"GATCGATCAAGCGAGT-1",0
"GATCGATCAAGCGTAG-1",0
"GATCGATGTCAACATC-1",0
"GATCGATGTTGCCTCT-1",2
"GATCGATTCCGCATCT-1",0
"GATCGCGAGATAGTCA-1",0
"GATCGCGAGCCTTGAT-1",0
"GATCGCGAGGAGCGTT-1",1
"GATCGCGCAGGTCGTC-1",1
"GATCGCGGTACAGCAG-1",0
"GATCGCGGTGAGTATA-1",0
"GATCGCGGTTGTCGCG-1",0
"GATCGCGTCACTCCTG-1",1
"GATCGTAAGACATAAC-1",3
"GATCGTAAGCTCAACT-1",1
"GATCGTACATAACCTG-1",0
"GATCGTAGTGGCTCCA-1",0
"GATCGTATCATATCGG-1",1
"GATCGTATCATGTCCC-1",0
"GATCGTATCTTACCGC-1",1
"GATCTAGAGCGTCTAT-1",0
"GATCTAGAGTGGAGAA-1",1
"GATCTAGCAACACCTA-1",2
"GATCTAGCAAGGGTCA-1",1
"GATCTAGGTCTAAAGA-1",0
"GATCTAGGTCTCACCT-1",0
"GATCTAGGTCTCTTTA-1",0
"GATCTAGTCACATAGC-1",0
"GATCTAGTCTAAGCCA-1",1
"GATGAAAAGAGTAATC-1",0
"GATGAAAAGCTCCCAG-1",0
"GATGAAACACGGTAGA-1",0
"GATGAAACAGCTGTAT-1",2
"GATGAAAGTGGGTATG-1",3
"GATGAAATCACCCTCA-1",1
"GATGAAATCACTCCTG-1",0
"GATGAAATCAGCAACT-1",2
"GATGAAATCGAGAGCA-1",0
"GATGAGGAGATCCCGC-1",1
"GATGAGGAGTTCGATC-1",1
"GATGAGGCACCAGTTA-1",1
"GATGAGGGTATCACCA-1",0
"GATGAGGGTATTCGTG-1",1
"GATGAGGGTCGCGTGT-1",1
"GATGAGGGTGATGATA-1",0
"GATGAGGTCACAGGCC-1",1
"GATGAGGTCACATAGC-1",1
"GATGAGGTCCCTTGTG-1",0
"GATGAGGTCTGCTGTC-1",1
"GATGCTAAGACTAAGT-1",1
"GATGCTAAGGATGCGT-1",0
"GATGCTAAGGCTCTTA-1",0
"GATGCTAAGGGAACGG-1",0
"GATGCTAAGTATCTCG-1",0
"GATGCTAAGTCTCGGC-1",2
"GATGCTACATGTTGAC-1",0
"GATGCTACATTGCGGC-1",0
"GATGCTAGTCTCCATC-1",1
"GATGCTAGTGGAAAGA-1",0
"GATGCTAGTTAGGGTG-1",0
"GATGCTATCCTGTACC-1",1
"GATGCTATCGGCGCTA-1",0
"GATTCAGAGAAACCTA-1",0
"GATTCAGAGAGTGACC-1",2
"GATTCAGAGATTACCC-1",0
"GATTCAGAGGGTCGAT-1",0
"GATTCAGAGGTCGGAT-1",2
"GATTCAGAGTCAATAG-1",0
"GATTCAGCAAGTTGTC-1",2
"GATTCAGCAATTCCTT-1",1
"GATTCAGCAGGGTACA-1",1
"GATTCAGCATCGACGC-1",0
"GATTCAGCATTATCTC-1",0
"GATTCAGGTAAATACG-1",2
"GATTCAGTCAACTCTT-1",1
"GCAAACTAGATGTTAG-1",1
"GCAAACTAGTCATGCT-1",0
"GCAAACTAGTCTCAAC-1",0
"GCAAACTCACAGGTTT-1",2
"GCAAACTGTCAGATAA-1",0
"GCAAACTGTCTCCATC-1",0
"GCAAACTTCGTGGTCG-1",0
"GCAATCAAGGGATCTG-1",0
"GCAATCAAGTATCTCG-1",0
"GCAATCAAGTGGGTTG-1",1
"GCAATCACAGCTTAAC-1",0
"GCAATCACATGTCGAT-1",0
"GCAATCACATTCCTCG-1",2
"GCAATCAGTAGGAGTC-1",1
"GCAATCAGTATAATGG-1",0
"GCAATCAGTTCTCATT-1",1
"GCAATCAGTTCTGGTA-1",0
"GCACATAAGAGCTATA-1",0
"GCACATAAGATGTTAG-1",3
"GCACATAAGCCTTGAT-1",1
"GCACATAAGGAGTACC-1",0
"GCACATAAGTGAAGTT-1",1
"GCACATACACCACGTG-1",0
"GCACATACAGCTGTAT-1",1
"GCACATACAGGAACGT-1",0
"GCACATAGTCATCGGC-1",1
"GCACATAGTCCGAATT-1",0
"GCACATAGTCTCTTTA-1",1
"GCACATAGTGCGCTTG-1",1
"GCACATATCACCTCGT-1",1
"GCACATATCTGGTTCC-1",4
"GCACTCTCAAGACACG-1",0
"GCACTCTCAATCACAC-1",0
"GCACTCTCATTTCAGG-1",0
"GCACTCTGTAAACCTC-1",0
"GCACTCTGTACCAGTT-1",1
"GCACTCTGTAGAAAGG-1",2
"GCACTCTGTCGAACAG-1",0
"GCACTCTGTCTAGGTT-1",0
"GCACTCTTCAACTCTT-1",1
"GCACTCTTCCCTAATT-1",2
"GCACTCTTCTGCCCTA-1",1
"GCAGCCAAGCTGATAA-1",1
"GCAGCCACATGAGCGA-1",1
"GCAGCCAGTAATCGTC-1",1
"GCAGCCAGTGTCGCTG-1",1
"GCAGCCATCAGTTGAC-1",0
"GCAGCCATCCCAACGG-1",1
"GCAGCCATCCGTACAA-1",0
"GCAGTTAAGTCCATAC-1",0
"GCAGTTAAGTCCGTAT-1",1
"GCAGTTAAGTTAACGA-1",4
"GCAGTTAGTGGACGAT-1",0
"GCAGTTAGTTATTCTC-1",0
"GCAGTTATCGCGATCG-1",1
"GCATACAAGATCTGCT-1",4
"GCATACAAGCAACGGT-1",0
"GCATACACAACGCACC-1",0
"GCATACACAAGGACTG-1",0
"GCATACACAAGTCTGT-1",0
"GCATACACAGTCAGCC-1",1
"GCATACACATCCTAGA-1",1
"GCATACACATCGGAAG-1",0
"GCATACAGTCCGAACC-1",0
"GCATACAGTTCTGGTA-1",1
"GCATACATCCACGACG-1",0
"GCATGATAGAATGTTG-1",1
"GCATGATAGAGTAATC-1",0
"GCATGATAGCTGATAA-1",0
"GCATGATAGGACCACA-1",0
"GCATGATAGGCTAGCA-1",2
"GCATGATAGTCAAGCG-1",0
"GCATGATAGTGGAGAA-1",1
"GCATGATCACACCGAC-1",0
"GCATGATCACATTTCT-1",1
"GCATGATGTCCCTACT-1",1
"GCATGATGTTGCGCAC-1",3
"GCATGATTCGTGGACC-1",1
"GCATGCGAGCATGGCA-1",1
"GCATGCGAGTCCAGGA-1",0
"GCATGCGCACTGCCAG-1",1
"GCATGCGGTAAGGATT-1",0
"GCATGCGGTCCTCTTG-1",1
"GCATGCGGTGTGAAAT-1",0
"GCATGCGTCCGCGGTA-1",0
"GCATGTAAGAACTGTA-1",1
"GCATGTAAGACAGACC-1",1
"GCATGTAAGTACTTGC-1",1
"GCATGTAAGTGCAAGC-1",1
"GCATGTACAACACGCC-1",1
"GCATGTATCACGAAGG-1",0
"GCCAAATCAAACTGTC-1",0
"GCCAAATCAAGGGTCA-1",0
"GCCAAATCAAGTTCTG-1",0
"GCCAAATCAGCCACCA-1",0
"GCCAAATCATAACCTG-1",0
"GCCAAATGTATAAACG-1",0
"GCCAAATGTGTTTGGT-1",0
"GCCAAATGTTTCGCTC-1",2
"GCCAAATTCAGGTAAA-1",0
"GCCAAATTCCGAGCCA-1",0
"GCCAAATTCCGCGGTA-1",0
"GCCAAATTCGGCTACG-1",0
"GCCTCTAAGAGTACCG-1",0
"GCCTCTAAGCCATCGC-1",1
"GCCTCTAAGCCGCCTA-1",0
"GCCTCTAAGCGATAGC-1",0
"GCCTCTAAGCTGCAAG-1",1
"GCCTCTAAGCTTCGCG-1",0
"GCCTCTAAGTCACGCC-1",0
"GCCTCTACAAGACGTG-1",0
"GCCTCTACAGCTATTG-1",0
"GCCTCTAGTAAGGATT-1",0
"GCCTCTAGTGATGATA-1",2
"GCCTCTAGTTAAGGGC-1",0
"GCCTCTATCAGCGACC-1",0
"GCCTCTATCCGATATG-1",0
"GCCTCTATCGAATCCA-1",0
"GCCTCTATCGAGCCCA-1",1
"GCCTCTATCGCTGATA-1",1
"GCCTCTATCTTTAGGG-1",1
"GCGACCAAGAGGTTAT-1",0
"GCGACCACACTTACGA-1",0
"GCGACCAGTCAGGACA-1",1
"GCGACCAGTCTAGAGG-1",2
"GCGACCATCAACGGGA-1",0
"GCGACCATCCCGGATG-1",0
"GCGACCATCTACTCAT-1",1
"GCGAGAAAGGTTCCTA-1",1
"GCGAGAAAGTACGATA-1",2
"GCGAGAAAGTGTCTCA-1",0
"GCGAGAACAAGCCCAC-1",0
"GCGAGAACACTGAAGG-1",0
"GCGAGAAGTAGCGCTC-1",1
"GCGAGAAGTCCCTACT-1",4
"GCGAGAATCCTTTCGG-1",2
"GCGAGAATCGAGAGCA-1",0
"GCGAGAATCGCACTCT-1",0
"GCGCAACAGTCCTCCT-1",0
"GCGCAACAGTGTACGG-1",0
"GCGCAACCAAGTCTGT-1",1
"GCGCAACCAGCCACCA-1",0
"GCGCAACGTAGCGCTC-1",1
"GCGCAACGTCCCTTGT-1",0
"GCGCAACGTCCTAGCG-1",3
"GCGCAACGTCGACTAT-1",1
"GCGCAACGTCTAGAGG-1",1
"GCGCAACGTGCACGAA-1",0
"GCGCAACTCAATACCG-1",0
"GCGCAGTCACATCCAA-1",2
"GCGCAGTCATTACCTT-1",0
"GCGCAGTGTTAGGGTG-1",1
"GCGCAGTTCGATCCCT-1",0
"GCGCAGTTCGCGGATC-1",0
"GCGCCAAAGACATAAC-1",1
"GCGCCAAAGGACAGCT-1",4
"GCGCCAAAGGCCCTTG-1",0
"GCGCCAAAGGGCTTCC-1",1
"GCGCCAAAGGTACTCT-1",1
"GCGCCAACATAACCTG-1",0
"GCGCCAACATTGGGCC-1",0
"GCGCCAAGTACTTGAC-1",1
"GCGCCAAGTCGGCACT-1",0
"GCGCCAAGTGAAAGAG-1",0
"GCGCCAAGTTGTACAC-1",1
"GCGCCAATCCGTTGCT-1",1
"GCGCGATAGAAGGTTT-1",0
"GCGCGATAGCAGGTCA-1",0
"GCGCGATAGTGAATTG-1",2
"GCGCGATAGTTTGCGT-1",1
"GCGCGATCAGCTCGAC-1",0
"GCGCGATGTAAGTAGT-1",0
"GCGCGATGTATCACCA-1",1
"GCGCGATGTCACTTCC-1",1
"GCGCGATGTTACCAGT-1",2
"GCGCGATTCAGTTAGC-1",1
"GCGCGATTCGTTTAGG-1",3
"GCGGGTTAGAAACGAG-1",1
"GCGGGTTAGCTATGCT-1",1
"GCGGGTTAGTGTGAAT-1",1
"GCGGGTTCACGCGAAA-1",1
"GCGGGTTCAGGCAGTA-1",1
"GCGGGTTCAGTAACGG-1",1
"GCGGGTTGTGAGTATA-1",3
"GCGGGTTGTGGCGAAT-1",1
"GCGGGTTTCCAAAGTC-1",2
"GCGGGTTTCCTTTCTC-1",1
"GCGGGTTTCTCCAACC-1",2
"GCGGGTTTCTTGAGGT-1",0
"GCGGGTTTCTTGTATC-1",1
"GCTCCTACAAACTGTC-1",2
"GCTCCTACACCAGGTC-1",1
"GCTCCTACACCGATAT-1",1
"GCTCCTACAGGGTACA-1",0
"GCTCCTACATTAGCCA-1",2
"GCTCCTAGTCAGGACA-1",0
"GCTCCTAGTCCGTCAG-1",1
"GCTCCTATCAGCCTAA-1",0
"GCTCCTATCCCTAATT-1",1
"GCTCTGTAGAGGTAGA-1",2
"GCTCTGTAGCTGAACG-1",2
"GCTCTGTAGGAGTCTG-1",1
"GCTCTGTAGTGCTGCC-1",2
"GCTCTGTAGTGGACGT-1",0
"GCTCTGTTCACCTCGT-1",2
"GCTGCAGAGCGTGAGT-1",1
"GCTGCAGAGTCAAGCG-1",1
"GCTGCAGAGTCCCACG-1",1
"GCTGCAGCAATTGCTG-1",1
"GCTGCAGCATGCCCGA-1",0
"GCTGCAGCATGCCTAA-1",0
"GCTGCAGGTAAACCTC-1",1
"GCTGCAGGTACGAAAT-1",0
"GCTGCAGGTAGCGCAA-1",0
"GCTGCAGGTCACCCAG-1",0
"GCTGCAGGTCATGCCG-1",3
"GCTGCGAAGGAATGGA-1",2
"GCTGCGAGTCTAACGT-1",1
"GCTGCGAGTGTTTGGT-1",0
"GCTGCGATCTCCTATA-1",1
"GCTGCGATCTTGTTTG-1",0
"GCTGCTTAGAATTGTG-1",0
"GCTGCTTAGGCAATTA-1",0
"GCTGCTTCATCACGTA-1",1
"GCTGCTTCATCCAACA-1",1
"GCTGCTTCATGCCTAA-1",0
"GCTGCTTCATGGTCAT-1",0
"GCTGCTTGTAACGACG-1",0
"GCTGCTTGTAATCGTC-1",0
"GCTGCTTGTAGGGACT-1",1
"GCTGCTTGTGAAAGAG-1",1
"GCTGCTTTCCGGGTGT-1",0
"GCTGGGTAGACCCACC-1",0
"GCTGGGTAGCCACGCT-1",1
"GCTGGGTAGTCGCCGT-1",0
"GCTGGGTAGTCTCAAC-1",0
"GCTGGGTCACGGCTAC-1",0
"GCTGGGTCAGCCAATT-1",0
"GCTGGGTGTACAGTTC-1",1
"GCTGGGTGTACCGTTA-1",1
"GCTGGGTGTCGAGTTT-1",0
"GCTGGGTGTCTCCACT-1",1
"GCTGGGTGTGCCTGTG-1",2
"GCTGGGTTCAGCTTAG-1",0
"GCTGGGTTCCTTAATC-1",0
"GCTTCCAAGAAACCTA-1",1
"GCTTCCACACCACCAG-1",1
"GCTTCCACAGGTCGTC-1",1
"GCTTCCACAGTGAGTG-1",0
"GCTTCCAGTATAGGTA-1",1
"GCTTCCAGTTCAGCGC-1",1
"GCTTCCATCGTCCAGG-1",0
"GCTTGAAAGATGGCGT-1",0
"GCTTGAAAGCCGTCGT-1",2
"GCTTGAACAAACCTAC-1",0
"GCTTGAACACGGTGTC-1",0
"GCTTGAACATCGGAAG-1",1
"GCTTGAAGTGCGGTAA-1",1
"GCTTGAAGTTCTCATT-1",2
"GCTTGAATCAGGATCT-1",0
"GGAAAGCAGGCAGGTT-1",0
"GGAAAGCCAAACGCGA-1",0
"GGAAAGCCAAGTACCT-1",1
"GGAAAGCGTAAGCACG-1",1
"GGAAAGCGTCCTCCAT-1",2
"GGAAAGCGTCGCGTGT-1",1
"GGAAAGCGTGCTTCTC-1",3
"GGAAAGCTCCAGAGGA-1",2
"GGAACTTAGAGTAAGG-1",0
"GGAACTTCAATGTAAG-1",0
"GGAACTTCACAGGAGT-1",0
"GGAACTTCACCTCGTT-1",2
"GGAACTTGTCTCTTTA-1",1
"GGAACTTTCATTGCCC-1",0
"GGAACTTTCATTTGGG-1",0
"GGAACTTTCCGTCATC-1",1
"GGAACTTTCCTCAACC-1",0
"GGAACTTTCGGATGTT-1",0
"GGAATAAAGGTACTCT-1",1
"GGAATAAAGTGTCCAT-1",1
"GGAATAACAGCGTCCA-1",0
"GGAATAAGTCTGGTCG-1",0
"GGAATAAGTGCAGGTA-1",1
"GGAATAATCAGCACAT-1",0
"GGAATAATCTTTACGT-1",1
"GGACAAGAGGTACTCT-1",0
"GGACAAGCAACGATGG-1",1
"GGACAAGCAGTCGTGC-1",0
"GGACAAGCATGGGACA-1",1
"GGACAAGGTATAAACG-1",1
"GGACAAGGTATGAAAC-1",1
"GGACAAGGTCGGCATC-1",0
"GGACAAGGTTATGCGT-1",0
"GGACAAGTCTAACGGT-1",1
"GGACAGAAGCTAGTCT-1",2
"GGACAGAAGTACTTGC-1",1
"GGACAGACAACACGCC-1",0
"GGACAGACACAAGCCC-1",1
"GGACAGAGTAAGTGGC-1",2
"GGACAGAGTCTTTCAT-1",1
"GGACAGAGTGAGGGAG-1",0
"GGACAGAGTTCCACAA-1",0
"GGACAGATCAACGCTA-1",1
"GGACATTAGAGGGCTT-1",0
"GGACATTAGCCACGTC-1",0
"GGACATTCAAACGCGA-1",2
"GGACATTCAATGACCT-1",0
"GGACATTCACCAGCAC-1",1
"GGACATTGTTCTGGTA-1",0
"GGACATTTCCTCTAGC-1",0
"GGACGTCAGTACTTGC-1",0
"GGACGTCAGTGGTAAT-1",0
"GGACGTCCACAGTCGC-1",0
"GGACGTCGTGAGGGAG-1",0
"GGACGTCGTGGCGAAT-1",0
"GGACGTCGTTACGGAG-1",2
"GGACGTCGTTTAAGCC-1",1
"GGACGTCTCCACTCCA-1",0
"GGACGTCTCGCAAACT-1",1
"GGACGTCTCTCCAGGG-1",0
"GGACGTCTCTCGAGTA-1",1
"GGACGTCTCTGGTGTA-1",0
"GGACGTCTCTTCGAGA-1",0
"GGAGCAAAGAACTCGG-1",0
"GGAGCAAAGACTGTAA-1",0
"GGAGCAAAGCCGCCTA-1",0
"GGAGCAAAGCTAAACA-1",0
"GGAGCAAAGTACGCCC-1",4
"GGAGCAACAAGCTGTT-1",2
"GGAGCAACAATGGACG-1",2
"GGAGCAACAATTCCTT-1",2
"GGAGCAACATGCTGGC-1",0
"GGAGCAAGTGAGTATA-1",2
"GGAGCAAGTTACTGAC-1",0
"GGAGCAATCAAGATCC-1",1
"GGAGCAATCCCATTTA-1",0
"GGATGTTCAAACTGTC-1",1
"GGATGTTTCATCACCC-1",1
"GGATGTTTCATGCATG-1",3
"GGATGTTTCCTACAGA-1",1
"GGATGTTTCCTCTAGC-1",0
"GGATTACAGATCCCAT-1",0
"GGATTACAGCTTCGCG-1",0
"GGATTACAGGCTAGCA-1",3
"GGATTACAGTATCTCG-1",0
"GGATTACCAAGCGTAG-1",2
"GGATTACCACATCCGG-1",0
"GGATTACCAGCGTAAG-1",0
"GGATTACGTAATAGCA-1",0
"GGATTACGTACACCGC-1",1
"GGATTACGTCTCTTTA-1",0
"GGATTACGTTGAGGTG-1",0
"GGATTACTCGCGCCAA-1",1
"GGATTACTCGGCGCAT-1",0
"GGATTACTCTGCCCTA-1",1
"GGCAATTCAATCGGTT-1",0
"GGCAATTCACGGCGTT-1",0
"GGCAATTCATCACCCT-1",2
"GGCAATTGTCGATTGT-1",0
"GGCAATTTCACTTACT-1",0
"GGCAATTTCAGCACAT-1",1
"GGCAATTTCTCCGGTT-1",1
"GGCCGATAGTGTCTCA-1",1
"GGCCGATCACGGACAA-1",1
"GGCCGATGTAGGACAC-1",0
"GGCCGATGTCACTGGC-1",0
"GGCCGATGTCCCTACT-1",0
"GGCCGATTCACCGTAA-1",1
"GGCCGATTCCGCGCAA-1",0
"GGCGACTAGAGCTGGT-1",1
"GGCGACTAGGACCACA-1",1
"GGCGACTAGGTTACCT-1",2
"GGCGACTCAAAGCGGT-1",0
"GGCGACTCAAGAGTCG-1",1
"GGCGACTCACCAGGTC-1",1
"GGCGACTCATTGTGCA-1",0
"GGCGACTTCAGAAATG-1",0
"GGCGACTTCAGAGACG-1",1
"GGCGACTTCCAGATCA-1",1
"GGCGACTTCTCTAGGA-1",0
"GGCGTGTAGCTAGCCC-1",0
"GGCGTGTAGGGTATCG-1",0
"GGCGTGTCAGGTCCAC-1",0
"GGCGTGTCAGTATAAG-1",1
"GGCGTGTCATCGTCGG-1",1
"GGCGTGTCATGGAATA-1",0
"GGCGTGTGTCTCCCTA-1",1
"GGCGTGTTCTTGAGGT-1",0
"GGCTCGAAGCCGTCGT-1",3
"GGCTCGAAGGTAAACT-1",1
"GGCTCGACAAGAAGAG-1",1
"GGCTCGACAATAGCAA-1",2
"GGCTCGACATGGTCAT-1",2
"GGCTCGAGTATATCCG-1",0
"GGCTCGAGTTACGTCA-1",0
"GGCTCGAGTTAGGGTG-1",1
"GGCTCGATCTGCAAGT-1",1
"GGCTGGTAGAAGAAGC-1",0
"GGCTGGTAGACCCACC-1",1
"GGCTGGTCAAGGACAC-1",0
"GGCTGGTCACTGCCAG-1",1
"GGCTGGTCATTTCAGG-1",0
"GGCTGGTGTATTCTCT-1",0
"GGCTGGTGTCGCATCG-1",2
"GGCTGGTGTCTAGTGT-1",1
"GGCTGGTGTTATGCGT-1",0
"GGGAATGAGCGTTGCC-1",0
"GGGAATGAGTAGGTGC-1",1
"GGGAATGGTAAGGGAA-1",0
"GGGAATGTCAACGAAA-1",0
"GGGAATGTCCAGTATG-1",0
"GGGAATGTCCGGGTGT-1",1
"GGGACCTAGATGTAAC-1",0
"GGGACCTAGTCTTGCA-1",0
"GGGACCTCAATCAGAA-1",0
"GGGACCTCACTGAAGG-1",0
"GGGAGATAGTACGACG-1",1
"GGGAGATCAAAGTGCG-1",0
"GGGAGATCAAATCCGT-1",1
"GGGAGATCAAGGACTG-1",0
"GGGAGATCACGCGAAA-1",0
"GGGAGATGTAGCGCAA-1",0
"GGGAGATTCAACGGGA-1",0
"GGGAGATTCATCACCC-1",1
"GGGATGAAGTGACATA-1",0
"GGGATGACATCATCCC-1",3
"GGGATGAGTCACCCAG-1",0
"GGGATGAGTGGAAAGA-1",1
"GGGATGAGTTACGACT-1",1
"GGGATGAGTTGGTAAA-1",1
"GGGATGATCAGTTAGC-1",1
"GGGATGATCTATCCTA-1",2
"GGGATGATCTTTAGGG-1",1
"GGGCACTAGTCTCGGC-1",1
"GGGCACTCATCTCCCA-1",0
"GGGCACTTCACCTCGT-1",0
"GGGCACTTCTGAGGGA-1",1
"GGGCATCCAATGTAAG-1",0
"GGGCATCCAGTCTTCC-1",2
"GGGCATCGTGGCGAAT-1",0
"GGGCATCTCACAGTAC-1",0
"GGGCATCTCCCTTGTG-1",1
"GGGCATCTCCGGCACA-1",1
"GGGCATCTCTGTCCGT-1",0
"GGGCATCTCTTATCTG-1",2
"GGGTCTGAGAAGATTC-1",1
"GGGTCTGAGATCCCGC-1",2
"GGGTCTGAGCCAACAG-1",0
"GGGTCTGCACAGGCCT-1",0
"GGGTCTGCACCAGGTC-1",0
"GGGTCTGGTCTGGTCG-1",0
"GGGTCTGGTGATGATA-1",0
"GGGTCTGGTGTGACCC-1",1
"GGGTCTGTCAACTCTT-1",0
"GGGTCTGTCACTCCTG-1",0
"GGGTCTGTCCGTAGTA-1",0
"GGGTTGCAGACAGAGA-1",2
"GGGTTGCAGACCTTTG-1",1
"GGGTTGCAGATCGATA-1",0
"GGGTTGCAGGGTGTTG-1",3
"GGGTTGCAGGTGGGTT-1",0
"GGGTTGCCAATAACGA-1",0
"GGGTTGCCACGCCAGT-1",0
"GGGTTGCCATTAACCG-1",0
"GGGTTGCGTACATCCA-1",2
"GGGTTGCGTAGCGCAA-1",0
"GGGTTGCGTCCTCCAT-1",0
"GGGTTGCGTCGAGTTT-1",1
"GGGTTGCGTGAGTATA-1",0
"GGGTTGCGTGTGACCC-1",0
"GGGTTGCTCGTACCGG-1",1
"GGTATTGAGCACCGTC-1",2
"GGTATTGAGCTATGCT-1",2
"GGTATTGCACATCCAA-1",1
"GGTATTGCAGCTTCGG-1",0
"GGTATTGGTTCCGTCT-1",0
"GGTATTGTCAGAAATG-1",0
"GGTATTGTCCATTCTA-1",0
"GGTATTGTCGCCAGCA-1",0
"GGTGAAGAGACACGAC-1",0
"GGTGAAGAGATCCGAG-1",0
"GGTGAAGCAAGGTGTG-1",0
"GGTGAAGCACTCGACG-1",2
"GGTGAAGCAGTATGCT-1",1
"GGTGAAGGTATGAAAC-1",0
"GGTGAAGGTCAGAATA-1",0
"GGTGAAGGTGGTACAG-1",1
"GGTGAAGGTGTATGGG-1",1
"GGTGAAGGTGTCTGAT-1",3
"GGTGAAGGTGTGGTTT-1",2
"GGTGAAGGTGTGTGCC-1",0
"GGTGAAGTCACGATGT-1",1
"GGTGAAGTCACTCTTA-1",0
"GGTGAAGTCTGGCGTG-1",0
"GGTGCGTAGGTGATTA-1",0
"GGTGCGTAGTACGATA-1",1
"GGTGCGTCACTTAAGC-1",3
"GGTGCGTCAGCTGTAT-1",0
"GGTGCGTGTTCGTTGA-1",0
"GGTGCGTTCCGTACAA-1",2
"GGTGCGTTCTTGACGA-1",0
"GGTGTTAAGGGCTCTC-1",0
"GGTGTTAAGTAGCGGT-1",0
"GGTGTTAAGTGGGATC-1",0
"GGTGTTAAGTTATCGC-1",0
"GGTGTTACAAATCCGT-1",1
"GGTGTTACACGGATAG-1",1
"GGTGTTAGTAATCACC-1",1
"GGTGTTAGTAGCAAAT-1",0
"GGTGTTAGTGTATGGG-1",0
"GGTGTTAGTTGAACTC-1",0
"GGTGTTATCGGACAAG-1",1
"GGTGTTATCGGTGTTA-1",0
"GGTGTTATCTACTTAC-1",1
"GTAACGTAGGTGACCA-1",0
"GTAACGTCACAGGCCT-1",2
"GTAACGTGTACCATCA-1",0
"GTAACGTGTGAGTATA-1",1
"GTAACGTGTTACGGAG-1",1
"GTAACGTGTTAGGGTG-1",3
"GTAACGTTCGGTCCGA-1",1
"GTAACGTTCTCATTCA-1",2
"GTAACTGAGTGGGTTG-1",0
"GTAACTGCAATGGAAT-1",1
"GTAACTGCACAGGCCT-1",1
"GTAACTGCAGGATCGA-1",0
"GTAACTGCATCGGGTC-1",1
"GTAACTGGTATTACCG-1",1
"GTAACTGTCACGGTTA-1",0
"GTAACTGTCTACTATC-1",1
"GTACGTAAGGTGCTTT-1",2
"GTACGTACAGGAATGC-1",0
"GTACGTACATGGATGG-1",0
"GTACGTAGTGAGTGAC-1",1
"GTACGTAGTTGGTAAA-1",1
"GTACGTATCACCTCGT-1",0
"GTACGTATCATCGGAT-1",1
"GTACGTATCCACTGGG-1",2
"GTACTCCAGGCAGTCA-1",1
"GTACTCCCAATAGCGG-1",1
"GTACTCCCACAGGTTT-1",0
"GTACTCCTCACCTTAT-1",0
"GTACTCCTCATTGCCC-1",0
"GTACTCCTCCTTCAAT-1",0
"GTACTTTCAGTTAACC-1",2
"GTACTTTCATGTCGAT-1",0
"GTACTTTTCCGAAGAG-1",2
"GTAGGCCAGCAATCTC-1",0
"GTAGGCCCATTCGACA-1",0
"GTAGGCCGTAACGCGA-1",0
"GTAGGCCGTAAGGGCT-1",0
"GTAGGCCGTACGACCC-1",1
"GTAGGCCGTTCAGGCC-1",0
"GTAGGCCGTTGATTGC-1",1
"GTAGGCCTCAGCACAT-1",0
"GTAGTCAAGAATGTGT-1",0
"GTAGTCAAGATGCCTT-1",0
"GTAGTCAAGGACGAAA-1",1
"GTAGTCAAGTGAAGAG-1",0
"GTAGTCATCGTCACGG-1",1
"GTAGTCATCTGAAAGA-1",0
"GTATCTTAGAAACCAT-1",0
"GTATCTTAGGCTATCT-1",0
"GTATCTTAGTTGTCGT-1",2
"GTATCTTCACACCGCA-1",1
"GTATCTTCACGAAGCA-1",0
"GTATCTTGTTCGCTAA-1",0
"GTATCTTTCATGCTCC-1",2
"GTATCTTTCATGTAGC-1",0
"GTATTCTAGAAACCAT-1",0
"GTATTCTAGACAAAGG-1",0
"GTATTCTCAAAGTCAA-1",2
"GTATTCTCAACAACCT-1",0
"GTATTCTCAACTTGAC-1",0
"GTATTCTCAATAAGCA-1",4
"GTATTCTCAGGGTTAG-1",1
"GTATTCTCATACTACG-1",0
"GTATTCTCATGGTAGG-1",1
"GTATTCTGTAGTGAAT-1",0
"GTATTCTGTCTAGAGG-1",0
"GTCAAGTCATATGCTG-1",1
"GTCAAGTCATGGTTGT-1",0
"GTCAAGTGTCAGCTAT-1",0
"GTCAAGTGTTCCACTC-1",1
"GTCACAAAGCCGATTT-1",0
"GTCACAAAGTGGAGTC-1",3
"GTCACAACAGGTGGAT-1",1
"GTCACAAGTAAACGCG-1",4
"GTCACAATCAGGATCT-1",0
"GTCACAATCAGTTGAC-1",0
"GTCACAATCATGCATG-1",0
"GTCACGGAGATCACGG-1",1
"GTCACGGCATATACCG-1",1
"GTCACGGGTGAGTGAC-1",1
"GTCACGGGTGTGGCTC-1",2
"GTCACGGTCGAGAGCA-1",1
"GTCACGGTCTACCTGC-1",1
"GTCATTTAGAGACTAT-1",0
"GTCATTTCACGTGAGA-1",1
"GTCATTTGTAGAAGGA-1",0
"GTCATTTGTCAGATAA-1",0
"GTCATTTTCCAGAGGA-1",1
"GTCCTCAAGCCCAACC-1",0
"GTCCTCAAGTAGATGT-1",0
"GTCCTCAAGTGGGCTA-1",0
"GTCCTCACAATCACAC-1",0
"GTCCTCAGTGGAAAGA-1",0
"GTCCTCATCAAAGACA-1",0
"GTCCTCATCGTCCGTT-1",1
"GTCGGGTCACTGAAGG-1",0
"GTCGGGTCACTTCGAA-1",3
"GTCGGGTCATGAAGTA-1",0
"GTCGGGTGTCTCACCT-1",0
"GTCGGGTGTGTGACGA-1",2
"GTCGGGTGTGTGTGCC-1",0
"GTCGGGTGTTACGTCA-1",0
"GTCGGGTTCTGCTGTC-1",0
"GTCGGGTTCTGTGCAA-1",1
"GTCGTAAAGAGATGAG-1",1
"GTCGTAAAGCTGCAAG-1",0
"GTCGTAAAGGCGACAT-1",1
"GTCGTAACATCACGAT-1",2
"GTCGTAAGTATCACCA-1",0
"GTCGTAATCCAAGTAC-1",1
"GTCTCGTAGACCACGA-1",0
"GTCTCGTCAGGAACGT-1",0
"GTCTCGTGTGGTAACG-1",0
"GTCTCGTGTTTGGCGC-1",1
"GTCTCGTTCACCGGGT-1",0
"GTCTCGTTCAGTGCAT-1",0
"GTCTTCGAGACAAGCC-1",0
"GTCTTCGAGGAATGGA-1",0
"GTCTTCGAGTCAAGCG-1",0
"GTCTTCGCACATGGGA-1",1
"GTCTTCGCACCAGGTC-1",1
"GTCTTCGCAGACGCAA-1",0
"GTCTTCGCATAACCTG-1",0
"GTCTTCGCATCGATGT-1",1
"GTCTTCGGTCTAGTGT-1",0
"GTCTTCGTCTCGATGA-1",1
"GTGAAGGAGAGCTGGT-1",2
"GTGAAGGAGATCGGGT-1",0
"GTGAAGGAGCCAGTTT-1",0
"GTGAAGGAGTGTTGAA-1",1
"GTGAAGGCAAAGGCGT-1",0
"GTGAAGGCACTTAAGC-1",0
"GTGAAGGCAGATTGCT-1",0
"GTGAAGGGTATATGGA-1",0
"GTGAAGGGTCTCTCTG-1",0
"GTGAAGGTCTCCTATA-1",0
"GTGCAGCAGACATAAC-1",0
"GTGCAGCAGTGGTCCC-1",2
"GTGCAGCCACATCTTT-1",1
"GTGCAGCGTGAGTATA-1",0
"GTGCAGCTCTTAGAGC-1",0
"GTGCATAAGGCATGGT-1",1
"GTGCATAGTTTGTTGG-1",1
"GTGCATATCAGAGCTT-1",0
"GTGCATATCATCATTC-1",0
"GTGCATATCTGCGTAA-1",0
"GTGCGGTAGCAATCTC-1",1
"GTGCGGTAGGACAGAA-1",1
"GTGCGGTCAAAGGTGC-1",1
"GTGCGGTGTTCAGACT-1",0
"GTGCGGTGTTCTGTTT-1",0
"GTGCGGTTCATCTGCC-1",0
"GTGCGGTTCCAGGGCT-1",2
"GTGCGGTTCGGATGGA-1",0
"GTGCGGTTCTCGTTTA-1",0
"GTGCGGTTCTGCTGTC-1",1
"GTGCTTCAGCCAGTTT-1",0
"GTGCTTCAGGATTCGG-1",0
"GTGCTTCAGTACACCT-1",0
"GTGCTTCCACTTAACG-1",0
"GTGCTTCCAGCTATTG-1",1
"GTGCTTCGTAGAGTGC-1",0
"GTGCTTCTCACAATGC-1",1
"GTGCTTCTCACTTCAT-1",0
"GTGGGTCAGACCGGAT-1",0
"GTGGGTCAGACTGTAA-1",1
"GTGGGTCAGCCGTCGT-1",1
"GTGGGTCCACCAACCG-1",0
"GTGGGTCCACCACCAG-1",1
"GTGTGCGAGACCGGAT-1",1
"GTGTGCGAGACTTGAA-1",0
"GTGTGCGCAGGTCGTC-1",0
"GTGTGCGGTGAGCGAT-1",1
"GTGTGCGTCAGTCAGT-1",0
"GTGTGCGTCCCTTGTG-1",1
"GTGTGCGTCTAACTTC-1",0
"GTGTTAGAGCACGCCT-1",0
"GTGTTAGAGGACAGAA-1",0
"GTGTTAGAGGCATGGT-1",1
"GTGTTAGAGTGGAGAA-1",0
"GTGTTAGAGTTTGCGT-1",0
"GTGTTAGCAATGGAAT-1",0
"GTGTTAGCACCACCAG-1",0
"GTGTTAGGTGCCTGGT-1",1
"GTGTTAGGTGGAAAGA-1",0
"GTGTTAGGTTCCATGA-1",0
"GTGTTAGGTTGGGACA-1",0
"GTTAAGCAGAGCTGCA-1",1
"GTTAAGCAGATAGCAT-1",0
"GTTAAGCAGCTAACAA-1",1
"GTTAAGCAGGCTACGA-1",0
"GTTAAGCAGTGTACCT-1",0
"GTTAAGCAGTTTGCGT-1",2
"GTTAAGCCATTCACTT-1",1
"GTTAAGCGTACTCGCG-1",0
"GTTAAGCGTCTAGGTT-1",0
"GTTAAGCGTGGCAAAC-1",1
"GTTAAGCGTTGCTCCT-1",0
"GTTAAGCTCCTTTCGG-1",2
"GTTACAGAGAGCTATA-1",0
"GTTACAGAGTACGATA-1",1
"GTTACAGCAGACGCCT-1",1
"GTTACAGCATCGGTTA-1",3
"GTTACAGGTATGGTTC-1",0
"GTTACAGGTCGACTGC-1",0
"GTTACAGGTCTAGGTT-1",1
"GTTCATTAGCGATGAC-1",1
"GTTCATTCATATACGC-1",1
"GTTCATTCATTGGCGC-1",0
"GTTCATTGTGCACGAA-1",0
"GTTCATTGTGTTAAGA-1",0
"GTTCATTGTTCAGTAC-1",0
"GTTCGGGAGACGACGT-1",0
"GTTCGGGAGCTAAGAT-1",2
"GTTCGGGAGTGTCTCA-1",0
"GTTCGGGGTAGGGTAC-1",0
"GTTCGGGGTGCAGGTA-1",0
"GTTCGGGTCCACGCAG-1",0
"GTTCGGGTCTACTTAC-1",0
"GTTCTCGAGACCACGA-1",1
"GTTCTCGAGCGATGAC-1",0
"GTTCTCGAGGCCATAG-1",2
"GTTCTCGCATCGGACC-1",0
"GTTCTCGGTAAGGGAA-1",0
"GTTCTCGGTAGCGTAG-1",2
"GTTCTCGGTCCGTGAC-1",2
"GTTCTCGGTGTTAAGA-1",2
"GTTCTCGTCAACGCTA-1",0
"GTTCTCGTCCTGTACC-1",2
"GTTTCTACAAACCTAC-1",2
"GTTTCTACAAGAAAGG-1",0
"GTTTCTAGTGTTGGGA-1",3
"GTTTCTATCCCAACGG-1",0
"GTTTCTATCCGTAGTA-1",0
"GTTTCTATCGGCATCG-1",1
"TAAACCGGTACTTAGC-1",1
"TAAACCGTCACTCTTA-1",0
"TAAACCGTCAGGCGAA-1",0
"TAAACCGTCCGTTGTC-1",2
"TAAACCGTCTTCCTTC-1",0
"TAAGAGACAAGTTGTC-1",1
"TAAGAGAGTATATCCG-1",3
"TAAGAGATCAATCACG-1",1
"TAAGAGATCTAACGGT-1",0
"TAAGAGATCTTTCCTC-1",0
"TAAGCGTAGTGGACGT-1",0
"TAAGCGTAGTGTCTCA-1",1
"TAAGCGTCAGCTTCGG-1",3
"TAAGCGTCAGGTGGAT-1",0
"TAAGCGTGTCCTGCTT-1",1
"TAAGCGTGTGCCTGGT-1",0
"TAAGCGTGTTGTTTGG-1",0
"TAAGCGTTCCTCATTA-1",3
"TAAGCGTTCGGCGCAT-1",1
"TAAGCGTTCTCGCATC-1",0
"TAAGTGCAGGCTAGGT-1",0
"TAAGTGCAGTAGCGGT-1",1
"TAAGTGCCAACGCACC-1",0
"TAAGTGCCATACAGCT-1",0
"TAAGTGCGTAAACACA-1",0
"TAAGTGCGTCTCACCT-1",0
"TAAGTGCGTTCAGACT-1",1
"TAAGTGCTCACCCTCA-1",1
"TAAGTGCTCACTGGGC-1",0
"TAAGTGCTCTGGCGTG-1",1
"TACACGACACCCATTC-1",1
"TACACGAGTGATAAAC-1",1
"TACACGATCTGTCTCG-1",2
"TACAGTGAGATGCGAC-1",1
"TACAGTGAGCGTTGCC-1",2
"TACAGTGAGTGTACGG-1",0
"TACAGTGCAGGAATCG-1",0
"TACAGTGCAGGTGCCT-1",1
"TACAGTGGTACTCAAC-1",0
"TACAGTGGTTGGACCC-1",1
"TACCTATAGAGCTGGT-1",0
"TACCTATAGAGTTGGC-1",1
"TACCTATAGGCTCATT-1",1
"TACCTATAGTTAGCGG-1",1
"TACCTATCAAGCTGGA-1",0
"TACCTATGTAAATGAC-1",2
"TACCTATGTAGAGTGC-1",0
"TACCTATGTCACCTAA-1",0
"TACCTATGTGTTGAGG-1",1
"TACCTATGTTAAAGAC-1",2
"TACCTATTCTATGTGG-1",0
"TACCTATTCTTCCTTC-1",0
"TACCTTAAGAGGTTGC-1",1
"TACCTTAAGTCAAGCG-1",0
"TACCTTAAGTGGTCCC-1",1
"TACCTTACAACTGGCC-1",2
"TACCTTACAAGGGTCA-1",0
"TACCTTACACTCAGGC-1",1
"TACCTTACATCTACGA-1",1
"TACCTTAGTAGCGTCC-1",2
"TACCTTAGTCTCCACT-1",2
"TACGGATAGATGGCGT-1",0
"TACGGATAGGTACTCT-1",0
"TACGGATCAGGGATTG-1",0
"TACGGATCATCACCCT-1",0
"TACGGATGTCTAGCCG-1",1
"TACGGATTCGGTGTCG-1",0
"TACGGATTCTACTATC-1",0
"TACGGGCAGGATGCGT-1",0
"TACGGGCAGGGAACGG-1",1
"TACGGGCAGTATTGGA-1",2
"TACGGGCAGTCAAGCG-1",0
"TACGGGCCAAGAAGAG-1",2
"TACGGGCCACCAGATT-1",0
"TACGGGCCATCAGTAC-1",1
"TACGGGCGTAAGGGCT-1",0
"TACGGGCGTCTGATTG-1",0
"TACGGGCGTGATGTGG-1",0
"TACGGGCTCACCTTAT-1",0
"TACGGGCTCAGCTCTC-1",1
"TACGGGCTCCACGAAT-1",0
"TACGGGCTCCTATTCA-1",1
"TACGGGCTCGGTGTTA-1",1
"TACGGTAAGATATGGT-1",0
"TACGGTAAGCCGATTT-1",0
"TACGGTAAGTCATGCT-1",0
"TACGGTAAGTGCCATT-1",0
"TACGGTACACAGGCCT-1",1
"TACGGTACATTTCAGG-1",2
"TACGGTAGTATATCCG-1",0
"TACGGTAGTCACTTCC-1",3
"TACGGTAGTGCAGGTA-1",2
"TACGGTAGTGGGTATG-1",1
"TACGGTATCGCAGGCT-1",0
"TACGGTATCGGACAAG-1",1
"TACGGTATCGTTTATC-1",1
"TACTCATAGTCACGCC-1",1
"TACTCATCAATCTACG-1",0
"TACTCATCACGGTAGA-1",1
"TACTCATCACTTCTGC-1",0
"TACTCATCATCCGTGG-1",1
"TACTCATCATGTCGAT-1",0
"TACTCATGTACAGCAG-1",1
"TACTCATGTCTTCAAG-1",2
"TACTCATTCCTTTCTC-1",0
"TACTCGCAGGCGACAT-1",4
"TACTCGCGTCAGAAGC-1",0
"TACTCGCGTCTGATTG-1",0
"TACTCGCGTGTAACGG-1",2
"TACTCGCGTTGAGTTC-1",0
"TACTCGCTCAACGGGA-1",0
"TACTCGCTCCGAATGT-1",0
"TACTTACAGACTAGGC-1",0
"TACTTACAGCTGAACG-1",2
"TACTTACAGTACACCT-1",0
"TACTTACAGTACGCCC-1",0
"TACTTACAGTGATCGG-1",2
"TACTTACCAAGCCGTC-1",2
"TACTTACCACAGGTTT-1",1
"TACTTACTCGCGTTTC-1",0
"TACTTGTAGCGATATA-1",0
"TACTTGTAGTAATCCC-1",0
"TACTTGTCAAACAACA-1",1
"TACTTGTCATGCAACT-1",0
"TACTTGTGTAGCACGA-1",0
"TACTTGTGTATAAACG-1",0
"TACTTGTGTTCCACAA-1",0
"TACTTGTTCTGCAGTA-1",1
"TAGACCAAGAGACGAA-1",0
"TAGACCAAGCCTCGTG-1",0
"TAGACCAAGTCGATAA-1",2
"TAGACCACAACACCCG-1",2
"TAGACCAGTAGATTAG-1",1
"TAGACCAGTTCATGGT-1",1
"TAGACCATCACTTCAT-1",1
"TAGACCATCGTCACGG-1",0
"TAGACCATCTCCAGGG-1",0
"TAGAGCTAGAATTCCC-1",0
"TAGAGCTAGTATTGGA-1",0
"TAGAGCTCACTGAAGG-1",1
"TAGAGCTGTACTTGAC-1",2
"TAGAGCTGTAGGGACT-1",2
"TAGAGCTGTCTAAAGA-1",0
"TAGCCGGAGACTGGGT-1",0
"TAGCCGGAGTCCCACG-1",0
"TAGCCGGAGTGACATA-1",0
"TAGCCGGCAGCAGTTT-1",0
"TAGCCGGGTACAGTGG-1",0
"TAGCCGGGTACCATCA-1",0
"TAGCCGGGTCGCGAAA-1",1
"TAGCCGGTCACGACTA-1",2
"TAGCCGGTCCAGGGCT-1",0
"TAGGCATAGAACTGTA-1",1
"TAGGCATAGCTAGGCA-1",0
"TAGGCATAGTCGTACT-1",0
"TAGGCATAGTTTAGGA-1",0
"TAGGCATCAAGCCTAT-1",0
"TAGGCATCAGACGCAA-1",0
"TAGGCATGTACGAAAT-1",0
"TAGGCATGTCCAGTTA-1",0
"TAGGCATGTTCCACTC-1",0
"TAGGCATTCCCTAACC-1",0
"TAGGCATTCGCTAGCG-1",1
"TAGGCATTCGTAGATC-1",0
"TAGGCATTCTTCATGT-1",1
"TAGTGGTAGATCACGG-1",0
"TAGTGGTAGCTGTTCA-1",1
"TAGTGGTCAGTATAAG-1",2
"TAGTGGTGTAGCGTAG-1",3
"TAGTGGTTCAGCATGT-1",0
"TAGTGGTTCGGCGCAT-1",1
"TAGTGGTTCTCAAGTG-1",1
"TAGTGGTTCTGGGCCA-1",1
"TAGTGGTTCTTTAGTC-1",1
"TAGTTGGAGATAGGAG-1",0
"TAGTTGGCAGACGCAA-1",1
"TAGTTGGCATGCGCAC-1",0
"TAGTTGGGTATGGTTC-1",1
"TAGTTGGTCCGAATGT-1",2
"TAGTTGGTCTACTCAT-1",0
"TAGTTGGTCTCTAAGG-1",0
"TAGTTGGTCTGATACG-1",1
"TATCAGGAGAGTAAGG-1",1
"TATCAGGAGATCCGAG-1",3
"TATCAGGAGCAGATCG-1",0
"TATCAGGAGGTGCTTT-1",0
"TATCAGGCAACTTGAC-1",1
"TATCAGGCACGTTGGC-1",1
"TATCAGGGTCCGTTAA-1",0
"TATCAGGGTCTGCAAT-1",0
"TATCAGGGTTAAAGAC-1",0
"TATCAGGTCAAGATCC-1",0
"TATCAGGTCCACTCCA-1",1
"TATCAGGTCGTAGGTT-1",0
"TATCTCAAGAGTTGGC-1",0
"TATCTCAAGCCACCTG-1",1
"TATCTCAAGCGTAATA-1",2
"TATCTCAAGGCTAGCA-1",0
"TATCTCAAGTGGGCTA-1",2
"TATCTCACATGTCCTC-1",1
"TATCTCAGTAACGACG-1",1
"TATCTCAGTACCTACA-1",1
"TATCTCAGTACGACCC-1",1
"TATCTCAGTCAATGTC-1",0
"TATCTCATCAAGCCTA-1",0
"TATGCCCAGAAACCGC-1",1
"TATGCCCAGGTAGCTG-1",0
"TATGCCCCAATGGAAT-1",1
"TATGCCCCACTTAACG-1",2
"TATGCCCCATGTTCCC-1",1
"TATGCCCGTAGCCTCG-1",0
"TATGCCCGTATAGGGC-1",0
"TATGCCCGTATGAAAC-1",2
"TATGCCCGTCGCCATG-1",3
"TATGCCCGTGCCTTGG-1",0
"TATGCCCGTTAAGATG-1",0
"TATGCCCGTTGGTGGA-1",0
"TATGCCCGTTTAGGAA-1",0
"TATGCCCTCGTCTGCT-1",0
"TATTACCAGAGAGCTC-1",0
"TATTACCAGCAAATCA-1",1
"TATTACCAGCCCGAAA-1",0
"TATTACCAGTATCTCG-1",0
"TATTACCCAAAGTGCG-1",2
"TATTACCCAGACAAGC-1",0
"TATTACCCAGTCAGCC-1",1
"TATTACCCATAAAGGT-1",0
"TATTACCCATCTACGA-1",0
"TATTACCGTCCAGTAT-1",1
"TCAACGAAGCCGATTT-1",0
"TCAACGAAGCGATGAC-1",0
"TCAACGAAGGCATGTG-1",2
"TCAACGAAGTAGTGCG-1",1
"TCAACGACACCAGGCT-1",1
"TCAACGACATGCCTTC-1",1
"TCAACGAGTTACCAGT-1",0
"TCAACGAGTTCCATGA-1",0
"TCAACGAGTTCTGGTA-1",0
"TCAACGATCAGTCCCT-1",1
"TCAACGATCTGTGCAA-1",2
"TCAATCTAGATCCCGC-1",1
"TCAATCTCACAAGCCC-1",0
"TCAATCTCACAGCCCA-1",2
"TCAATCTCATGACGGA-1",0
"TCAATCTCATTTGCTT-1",1
"TCAATCTGTAGTGAAT-1",0
"TCAATCTGTTAGATGA-1",0
"TCAATCTTCAGATAAG-1",0
"TCAATCTTCATGTCCC-1",0
"TCACAAGAGACTGGGT-1",0
"TCACAAGAGAGAGCTC-1",1
"TCACAAGAGGCCCTCA-1",0
"TCACAAGAGGTGGGTT-1",1
"TCACAAGAGTAGATGT-1",0
"TCACAAGCAGTATGCT-1",0
"TCACAAGCATAACCTG-1",0
"TCACAAGCATGACATC-1",1
"TCACAAGGTCAGATAA-1",1
"TCACAAGGTGTGGTTT-1",0
"TCACAAGTCATCATTC-1",0
"TCACAAGTCATGCATG-1",0
"TCACGAAAGCTCCTTC-1",1
"TCACGAAAGGTGCTTT-1",1
"TCACGAAAGTCTCGGC-1",1
"TCACGAACACAAGACG-1",1
"TCACGAACACTGTCGG-1",0
"TCACGAAGTGGTCCGT-1",0
"TCACGAAGTTGGTGGA-1",1
"TCACGAATCATGCAAC-1",2
"TCACGAATCCCGACTT-1",0
"TCACGAATCCTCGCAT-1",3
"TCACGAATCGTCACGG-1",1
"TCAGATGAGGTGCACA-1",0
"TCAGATGGTCTTGTCC-1",1
"TCAGATGGTGCCTGCA-1",0
"TCAGATGGTGCTGTAT-1",2
"TCAGATGTCAGTTTGG-1",1
"TCAGATGTCGCATGAT-1",0
"TCAGATGTCTCCTATA-1",0
"TCAGCAAAGGAGTCTG-1",0
"TCAGCAAAGGCTCATT-1",0
"TCAGCAAAGTACGACG-1",0
"TCAGCAAAGTGGCACA-1",0
"TCAGCAACACGCATCG-1",0
"TCAGCAAGTACCGGCT-1",2
"TCAGCAATCAGCGATT-1",1
"TCAGCAATCGGAAACG-1",0
"TCAGCAATCTTCAACT-1",0
"TCAGCTCAGGTGTTAA-1",0
"TCAGCTCAGTATGACA-1",1
"TCAGCTCCAATCTGCA-1",0
"TCAGCTCCACGGTTTA-1",0
"TCAGCTCGTAATAGCA-1",0
"TCAGCTCGTCCGTCAG-1",3
"TCAGCTCGTTCACGGC-1",1
"TCAGCTCTCACGATGT-1",1
"TCAGCTCTCATGCATG-1",0
"TCAGCTCTCCTAAGTG-1",2
"TCAGCTCTCTCGTATT-1",0
"TCAGGATAGACAGAGA-1",1
"TCAGGATAGATATGGT-1",0
"TCAGGATCAAACGTGG-1",1
"TCAGGATCAAGTTCTG-1",3
"TCAGGATCACGGTGTC-1",0
"TCAGGATCACTGTGTA-1",1
"TCAGGATCAGCATACT-1",0
"TCAGGATCATCTGGTA-1",0
"TCAGGATGTAAGCACG-1",1
"TCAGGATGTGGCCCTA-1",0
"TCAGGATTCCGATATG-1",0
"TCAGGATTCTCGATGA-1",2
"TCAGGTAAGATGGCGT-1",0
"TCAGGTAAGTGTTTGC-1",0
"TCAGGTACACAAGTAA-1",0
"TCAGGTACACAGAGGT-1",2
"TCAGGTACAGCTGCTG-1",0
"TCAGGTAGTAAACGCG-1",1
"TCATTACAGAAACCAT-1",0
"TCATTACAGGAGTTGC-1",0
"TCATTACAGTTGCAGG-1",1
"TCATTACCACATCCAA-1",0
"TCATTACCAGTCAGCC-1",1
"TCATTACGTACGCACC-1",2
"TCATTACGTCTAGAGG-1",1
"TCATTACGTGAAGGCT-1",1
"TCATTACGTTCTGTTT-1",1
"TCATTACTCATCGATG-1",0
"TCATTTGAGCCAGTTT-1",0
"TCATTTGCACGTCTCT-1",2
"TCATTTGCAGTTAACC-1",0
"TCATTTGTCCAGAGGA-1",0
"TCATTTGTCCCTTGCA-1",1
"TCATTTGTCCGTCAAA-1",0
"TCATTTGTCGCTAGCG-1",0
"TCATTTGTCGTACGGC-1",0
"TCATTTGTCTCTGCTG-1",1
"TCCACACCAAAGAATC-1",0
"TCCACACCACGCCAGT-1",0
"TCCACACGTACAGCAG-1",2
"TCCACACGTAGCCTAT-1",1
"TCCACACGTCATCGGC-1",0
"TCCACACGTGACCAAG-1",0
"TCCACACGTGCGAAAC-1",1
"TCCACACTCAACACCA-1",0
"TCCACACTCCAGTATG-1",0
"TCCACACTCCCATTTA-1",0
"TCCACACTCGAACTGT-1",0
"TCCCGATAGAAGAAGC-1",0
"TCCCGATAGCACAGGT-1",1
"TCCCGATAGCCGGTAA-1",1
"TCCCGATCAAGGTTCT-1",0
"TCCCGATCAGCCAATT-1",2
"TCCCGATCATCCAACA-1",2
"TCCCGATGTAAGGATT-1",0
"TCCCGATGTCAATACC-1",1
"TCCCGATTCAGAAATG-1",0
"TCCCGATTCAGTCCCT-1",0
"TCCCGATTCATCTGTT-1",1
"TCCCGATTCCCTAATT-1",1
"TCCCGATTCTGGAGCC-1",0
"TCGAGGCAGCGATGAC-1",1
"TCGAGGCAGTGTTTGC-1",0
"TCGAGGCCAAAGAATC-1",0
"TCGAGGCCAAGTTCTG-1",1
"TCGAGGCCAGTAACGG-1",0
"TCGAGGCGTATATCCG-1",0
"TCGAGGCTCGCAAGCC-1",0
"TCGAGGCTCTTGAGAC-1",0
"TCGAGGCTCTTTCCTC-1",2
"TCGCGAGAGACAAAGG-1",0
"TCGCGAGAGTGAATTG-1",2
"TCGCGAGCAAGCGTAG-1",0
"TCGCGAGCACCGAATT-1",2
"TCGCGAGCAGTAAGAT-1",0
"TCGCGAGTCCACGAAT-1",1
"TCGCGAGTCTAGCACA-1",2
"TCGCGAGTCTCTAGGA-1",0
"TCGCGAGTCTTCATGT-1",1
"TCGCGTTAGTGGGCTA-1",1
"TCGCGTTCACAGGCCT-1",0
"TCGCGTTCATCACAAC-1",0
"TCGCGTTCATCTCGCT-1",2
"TCGCGTTGTTCACCTC-1",0
"TCGCGTTTCAAGATCC-1",1
"TCGCGTTTCAGGTAAA-1",0
"TCGCGTTTCATTCACT-1",0
"TCGCGTTTCCTGTACC-1",0
"TCGCGTTTCGCCCTTA-1",0
"TCGGGACCACACATGT-1",0
"TCGGGACTCCTTGCCA-1",0
"TCGGGACTCTGCGGCA-1",1
"TCGGGACTCTTGTCAT-1",0
"TCGGTAAAGACAGGCT-1",0
"TCGGTAAAGCTCAACT-1",1
"TCGGTAACAAGCTGAG-1",0
"TCGGTAACAGGAATGC-1",0
"TCGGTAAGTATATGGA-1",0
"TCGGTAAGTCTAGTCA-1",1
"TCGGTAATCCCGGATG-1",2
"TCGTACCAGCAGGCTA-1",0
"TCGTACCAGTTTCCTT-1",0
"TCGTACCGTTTGCATG-1",1
"TCGTACCTCGGGAGTA-1",1
"TCGTAGAAGCTAACTC-1",2
"TCGTAGAAGGCGACAT-1",2
"TCGTAGAAGGGAACGG-1",1
"TCGTAGAAGTCCATAC-1",1
"TCGTAGACAATCCAAC-1",0
"TCGTAGACACTCAGGC-1",1
"TCGTAGAGTATGAATG-1",0
"TCGTAGAGTGAGCGAT-1",1
"TCGTAGAGTGTGTGCC-1",0
"TCGTAGAGTTCAACCA-1",0
"TCGTAGAGTTCCATGA-1",0
"TCGTAGATCCAAGCCG-1",1
"TCGTAGATCTTAGCCC-1",1
"TCTATTGAGCGATTCT-1",1
"TCTATTGAGTGCCATT-1",0
"TCTATTGCACATCTTT-1",1
"TCTATTGGTAAGTGTA-1",0
"TCTATTGGTCCAACTA-1",0
"TCTATTGGTCTGCCAG-1",0
"TCTATTGGTTGCTCCT-1",0
"TCTATTGTCGGCGCTA-1",0
"TCTCATAAGCTAAACA-1",0
"TCTCATAAGCTAGTCT-1",0
"TCTCATAAGTGCCATT-1",0
"TCTCATAGTACCGGCT-1",0
"TCTCATAGTGTAAGTA-1",1
"TCTCATATCAAGCCTA-1",0
"TCTCATATCACCTTAT-1",0
"TCTCATATCCTGTACC-1",4
"TCTCTAAAGACCGGAT-1",0
"TCTCTAAAGGGTGTTG-1",4
"TCTCTAACAGCCTATA-1",1
"TCTCTAAGTCCAGTAT-1",0
"TCTCTAAGTCCATGAT-1",0
"TCTCTAAGTCTCATCC-1",1
"TCTCTAAGTGGAAAGA-1",0
"TCTCTAATCAAACCAC-1",0
"TCTCTAATCAACGCTA-1",0
"TCTCTAATCACAGGCC-1",0
"TCTCTAATCACATACG-1",2
"TCTCTAATCCGTAGGC-1",1
"TCTCTAATCGTATCAG-1",3
"TCTGAGACAAACCTAC-1",2
"TCTGAGACACGGATAG-1",3
"TCTGAGACAGAGTGTG-1",1
"TCTGAGAGTAAGGGAA-1",0
"TCTGAGATCCTTGACC-1",0
"TCTGAGATCTATCCTA-1",0
"TCTGGAAAGCGATGAC-1",1
"TCTGGAAAGCTAGTTC-1",2
"TCTGGAAAGCTCTCGG-1",2
"TCTGGAAAGGAGCGAG-1",0
"TCTGGAACACAAGACG-1",0
"TCTGGAACACACTGCG-1",1
"TCTGGAACACTTCTGC-1",0
"TCTGGAAGTGAGTATA-1",1
"TCTGGAATCTGTCTAT-1",0
"TCTTCGGAGGTTCCTA-1",1
"TCTTCGGAGTTCGATC-1",0
"TCTTCGGCAAAGCAAT-1",0
"TCTTCGGCAAAGGTGC-1",0
"TCTTCGGCAATAGCAA-1",0
"TCTTCGGCAATGTAAG-1",0
"TCTTCGGCACACCGAC-1",1
"TCTTCGGCAGCCAATT-1",0
"TCTTCGGGTCATTAGC-1",1
"TCTTCGGTCGTAGGTT-1",1
"TCTTCGGTCTCTAAGG-1",0
"TCTTTCCAGAGAGCTC-1",3
"TCTTTCCAGTCATCCA-1",1
"TCTTTCCCATCTCCCA-1",0
"TCTTTCCGTAATCACC-1",1
"TCTTTCCGTAGTACCT-1",1
"TCTTTCCTCACAACGT-1",0
"TCTTTCCTCAGCTGGC-1",1
"TCTTTCCTCCAAGTAC-1",0
"TCTTTCCTCCTCGCAT-1",1
"TGAAAGAAGCTAAGAT-1",3
"TGAAAGACAAGCCGTC-1",0
"TGAAAGACACATTCGA-1",0
"TGAAAGACATGAGCGA-1",0
"TGAAAGAGTCTAGCGC-1",1
"TGAAAGAGTCTCATCC-1",0
"TGAAAGATCCCGACTT-1",1
"TGAAAGATCTATGTGG-1",0
"TGACAACCAAGCGAGT-1",0
"TGACAACGTAGGGACT-1",1
"TGACAACGTGCGCTTG-1",1
"TGACAACGTGGTTTCA-1",0
"TGACAACTCACAAACC-1",0
"TGACAACTCCACGTGG-1",1
"TGACAACTCGAATGCT-1",1
"TGACGGCAGCGCCTCA-1",0
"TGACGGCAGGCTCAGA-1",1
"TGACGGCAGTCAAGCG-1",1
"TGACGGCCACAGACTT-1",0
"TGACGGCGTCATCCCT-1",0
"TGACGGCTCAGGCGAA-1",1
"TGACGGCTCCACTGGG-1",0
"TGACTAGAGACCCACC-1",0
"TGACTAGAGGGCATGT-1",1
"TGACTAGAGTCTCAAC-1",0
"TGACTAGAGTTGAGAT-1",0
"TGACTAGCAGCATACT-1",1
"TGACTAGCAGTCAGAG-1",2
"TGACTAGCATTTCACT-1",0
"TGACTAGGTAAATACG-1",2
"TGACTAGGTGAAAGAG-1",0
"TGACTAGGTGCAGTAG-1",1
"TGACTAGTCATGCATG-1",1
"TGACTAGTCCATGCTC-1",0
"TGACTAGTCTGTTGAG-1",1
"TGACTTTAGAACAATC-1",2
"TGACTTTAGTCTCGGC-1",0
"TGACTTTAGTTAGGTA-1",0
"TGACTTTCAGTCCTTC-1",0
"TGACTTTCATTATCTC-1",0
"TGACTTTGTCACACGC-1",1
"TGACTTTTCCTCAATT-1",2
"TGACTTTTCTGCCCTA-1",0
"TGAGAGGAGGCTCATT-1",0
"TGAGAGGCAAAGTCAA-1",0
"TGAGAGGCAAGCCATT-1",0
"TGAGAGGCACCATGTA-1",0
"TGAGAGGGTCACTGGC-1",0
"TGAGAGGGTCTAAACC-1",0
"TGAGAGGTCGAACTGT-1",0
"TGAGAGGTCGCGTTTC-1",0
"TGAGAGGTCTGACCTC-1",2
"TGAGCATAGAAACGAG-1",1
"TGAGCATAGAAGCCCA-1",0
"TGAGCATAGATGTCGG-1",0
"TGAGCATAGGAATGGA-1",0
"TGAGCATCACCAGGCT-1",0
"TGAGCATCAGATGAGC-1",0
"TGAGCATCAGCGTAAG-1",0
"TGAGCATCAGCTGTAT-1",0
"TGAGCATGTGGCCCTA-1",1
"TGAGCATTCCACGTTC-1",1
"TGAGCATTCCGATATG-1",0
"TGAGCATTCGGCCGAT-1",1
"TGAGCCGCATCGGGTC-1",1
"TGAGCCGGTCGAACAG-1",0
"TGAGCCGGTGTAATGA-1",0
"TGAGCCGGTTGATTCG-1",0
"TGAGCCGTCATCTGCC-1",0
"TGAGCCGTCGTCACGG-1",0
"TGAGCCGTCTTGAGGT-1",0
"TGAGGGAAGAGACTAT-1",1
"TGAGGGAAGGAGTACC-1",1
"TGAGGGAAGTCATCCA-1",0
"TGAGGGAAGTCATGCT-1",1
"TGAGGGACACCAGTTA-1",0
"TGAGGGACATAAGACA-1",1
"TGAGGGAGTAAACGCG-1",0
"TGAGGGAGTTAGGGTG-1",2
"TGAGGGATCAACGGGA-1",0
"TGAGGGATCTAGCACA-1",1
"TGAGGGATCTCTTATG-1",1
"TGATTTCCATCCGGGT-1",0
"TGATTTCGTAGGCATG-1",0
"TGATTTCGTTAAGACA-1",0
"TGATTTCTCTGATTCT-1",2
"TGCACCTAGACCTTTG-1",2
"TGCACCTAGGACGAAA-1",0
"TGCACCTCAAGTTGTC-1",0
"TGCACCTCAATAGAGT-1",0
"TGCACCTCATCCGGGT-1",0
"TGCACCTGTAATCACC-1",0
"TGCACCTGTCACACGC-1",0
"TGCACCTTCACGGTTA-1",0
"TGCACCTTCATCGGAT-1",2
"TGCACCTTCCGCGGTA-1",0
"TGCACCTTCGAACTGT-1",2
"TGCACCTTCTCTTGAT-1",0
"TGCCAAACAATGTAAG-1",0
"TGCCAAACAATTCCTT-1",1
"TGCCAAAGTTCGCGAC-1",1
"TGCCAAATCCAAACTG-1",1
"TGCCAAATCCCTGACT-1",1
"TGCCAAATCGGCGGTT-1",0
"TGCCCATAGACTAGGC-1",1
"TGCCCATAGCGTCAAG-1",0
"TGCCCATAGCGTGAAC-1",3
"TGCCCATAGCTGTTCA-1",1
"TGCCCATAGGATGGAA-1",2
"TGCCCATAGTACGCCC-1",0
"TGCCCATAGTTGAGTA-1",1
"TGCCCATCACCAGGTC-1",1
"TGCCCATCACGAAATA-1",2
"TGCCCATCAGGACGTA-1",0
"TGCCCATCATGGAATA-1",1
"TGCCCATCATGGATGG-1",1
"TGCCCATGTAGCCTCG-1",1
"TGCCCATTCAAACCGT-1",0
"TGCCCATTCAGGCCCA-1",1
"TGCCCATTCCTTCAAT-1",0
"TGCCCATTCGGAAATA-1",0
"TGCCCTAAGGTCGGAT-1",1
"TGCCCTAAGGTTCCTA-1",0
"TGCCCTACACCACCAG-1",1
"TGCCCTACAGCCACCA-1",1
"TGCCCTACAGTGAGTG-1",1
"TGCCCTAGTCCGAGTC-1",0
"TGCCCTAGTGGTTTCA-1",0
"TGCCCTAGTTTCGCTC-1",2
"TGCCCTATCGACGGAA-1",0
"TGCCCTATCTTCGGTC-1",0
"TGCGCAGAGACTAGGC-1",1
"TGCGCAGAGCACACAG-1",2
"TGCGCAGAGCGTCTAT-1",0
"TGCGCAGAGGAGCGAG-1",2
"TGCGCAGCAAACGTGG-1",1
"TGCGCAGCAGCTCGCA-1",0
"TGCGCAGCAGTAGAGC-1",0
"TGCGCAGTCCTACAGA-1",0
"TGCGGGTAGAGACTTA-1",3
"TGCGGGTAGATCGATA-1",0
"TGCGGGTAGCTCTCGG-1",2
"TGCGGGTAGGTGTGGT-1",2
"TGCGGGTAGTACTTGC-1",0
"TGCGGGTCAATGGAAT-1",0
"TGCGGGTCACACGCTG-1",0
"TGCGGGTCATTGGGCC-1",0
"TGCGGGTGTAGAAAGG-1",0
"TGCGGGTGTCACCTAA-1",1
"TGCGGGTGTCAGATAA-1",0
"TGCGGGTGTTAGAACA-1",0
"TGCGGGTTCAGTTCGA-1",0
"TGCGGGTTCGTAGATC-1",0
"TGCGGGTTCTCTTGAT-1",0
"TGCGTGGAGACGCAAC-1",0
"TGCGTGGAGACTGGGT-1",1
"TGCGTGGAGTGAACGC-1",0
"TGCGTGGCAATTCCTT-1",0
"TGCGTGGGTGCACCAC-1",0
"TGCGTGGTCCGCGCAA-1",2
"TGCGTGGTCGCCCTTA-1",0
"TGCGTGGTCTGGCGAC-1",1
"TGCTACCAGAAAGTGG-1",0
"TGCTACCAGATGGCGT-1",0
"TGCTACCAGCAAATCA-1",1
"TGCTACCAGTCCGTAT-1",0
"TGCTACCCAAGAGGCT-1",0
"TGCTACCCACTTAACG-1",0
"TGCTACCCATCGTCGG-1",1
"TGCTACCCATGGTTGT-1",3
"TGCTACCGTGTGACGA-1",1
"TGCTACCTCCTCGCAT-1",2
"TGCTACCTCTTCTGGC-1",2
"TGCTGCTAGACTAAGT-1",1
"TGCTGCTAGGTGATAT-1",0
"TGCTGCTCAATAGAGT-1",0
"TGCTGCTCACAGACAG-1",1
"TGCTGCTCATCCCATC-1",0
"TGCTGCTCATGGTTGT-1",0
"TGCTGCTGTCATACTG-1",0
"TGCTGCTGTGAAGGCT-1",0
"TGCTGCTTCATTGCGA-1",1
"TGGACGCAGAGGTACC-1",0
"TGGACGCAGTCAAGGC-1",0
"TGGACGCCACAGAGGT-1",1
"TGGACGCCATGGTAGG-1",0
"TGGACGCGTCCGAACC-1",1
"TGGACGCGTCTCCCTA-1",1
"TGGCCAGAGAAGGTGA-1",1
"TGGCCAGAGAGTACAT-1",0
"TGGCCAGAGGCGATAC-1",0
"TGGCCAGAGGCGTACA-1",1
"TGGCCAGCAACTGCGC-1",1
"TGGCCAGCACGACTCG-1",0
"TGGCCAGGTCAATACC-1",1
"TGGCCAGTCGTAGATC-1",1
"TGGCCAGTCTATCCCG-1",0
"TGGCGCAAGCTACCTA-1",0
"TGGCGCAAGCTATGCT-1",0
"TGGCGCAAGTGTGGCA-1",1
"TGGCGCAAGTTACCCA-1",0
"TGGCGCACACAGGCCT-1",0
"TGGCGCACACGGATAG-1",0
"TGGCGCACAGCGATCC-1",0
"TGGCGCACATAGGATA-1",0
"TGGCGCACATATACGC-1",2
"TGGCGCAGTACTCTCC-1",0
"TGGCGCAGTGGACGAT-1",0
"TGGCGCAGTTATGTGC-1",1
"TGGCGCATCAAGAAGT-1",0
"TGGCGCATCATGCTCC-1",2
"TGGCGCATCATGTGGT-1",2
"TGGCGCATCATTATCC-1",1
"TGGCGCATCGTGGTCG-1",1
"TGGCTGGAGCGGATCA-1",0
"TGGCTGGAGTGCAAGC-1",2
"TGGCTGGCAAGTTAAG-1",0
"TGGCTGGCACGGATAG-1",0
"TGGCTGGCAGGAACGT-1",1
"TGGCTGGGTCGAGTTT-1",1
"TGGCTGGGTCGGCATC-1",3
"TGGCTGGGTCTAGCCG-1",0
"TGGCTGGGTTACGCGC-1",0
"TGGCTGGGTTGGACCC-1",0
"TGGCTGGTCTCGTTTA-1",1
"TGGGAAGAGATATACG-1",1
"TGGGAAGAGCCCAATT-1",0
"TGGGAAGAGCGCTCCA-1",0
"TGGGAAGAGGGCTTCC-1",0
"TGGGAAGAGTAAGTAC-1",4
"TGGGAAGAGTTAACGA-1",1
"TGGGAAGCAAGGTGTG-1",0
"TGGGAAGCAGATCCAT-1",1
"TGGGAAGCAGCGAACA-1",1
"TGGGAAGGTAAGTTCC-1",0
"TGGGAAGGTTAGATGA-1",1
"TGGGAAGGTTATTCTC-1",2
"TGGGAAGTCCCAAGAT-1",1
"TGGGAAGTCCTTCAAT-1",0
"TGGGAAGTCGTGGACC-1",1
"TGGGAAGTCTCCTATA-1",1
"TGGGCGTAGTCTCCTC-1",0
"TGGGCGTCAGACGTAG-1",0
"TGGGCGTCAGGGATTG-1",0
"TGGGCGTGTCCAAGTT-1",0
"TGGGCGTGTCTAGAGG-1",0
"TGGGCGTGTGGCTCCA-1",0
"TGGGCGTGTTTCGCTC-1",1
"TGGGCGTTCAGCTTAG-1",1
"TGGTTAGAGCTACCTA-1",1
"TGGTTAGAGTTAGGTA-1",0
"TGGTTAGGTGATGATA-1",0
"TGGTTAGGTTCACGGC-1",1
"TGGTTAGTCCCGACTT-1",0
"TGGTTAGTCTTGTATC-1",1
"TGGTTCCAGCCGTCGT-1",0
"TGGTTCCAGTAATCCC-1",0
"TGGTTCCCAAGTTGTC-1",1
"TGGTTCCCAGACAAAT-1",0
"TGGTTCCCAGACAGGT-1",0
"TGGTTCCCAGCTCGAC-1",1
"TGGTTCCCATGTCCTC-1",2
"TGGTTCCCATTTCACT-1",1
"TGGTTCCGTCCAAGTT-1",0
"TGGTTCCTCACATACG-1",1
"TGGTTCCTCAGCTTAG-1",0
"TGGTTCCTCTAACTTC-1",0
"TGGTTCCTCTAGAGTC-1",0
"TGGTTCCTCTGGGCCA-1",1
"TGTATTCAGCCCGAAA-1",0
"TGTATTCAGCGATCCC-1",0
"TGTATTCCAGGGCATA-1",0
"TGTATTCGTAAGAGAG-1",0
"TGTATTCGTTTGTTTC-1",0
"TGTATTCTCAGCATGT-1",0
"TGTATTCTCATCTGTT-1",1
"TGTCCCAAGCAGATCG-1",1
"TGTCCCAAGCTAGTTC-1",0
"TGTCCCAAGCTGAACG-1",1
"TGTCCCAAGTTGTCGT-1",0
"TGTCCCACAGTAAGCG-1",2
"TGTCCCACATCACGTA-1",1
"TGTCCCAGTAAGAGGA-1",0
"TGTCCCAGTAAGTGGC-1",0
"TGTCCCAGTCGGATCC-1",0
"TGTCCCAGTCTCTTTA-1",0
"TGTCCCATCATTTGGG-1",1
"TGTCCCATCTGCAAGT-1",0
"TGTCCCATCTGCGTAA-1",2
"TGTGGTAGTCCCGACA-1",0
"TGTGGTAGTGTGAAAT-1",1
"TGTGGTAGTGTGACGA-1",0
"TGTGGTATCCAGGGCT-1",2
"TGTGGTATCTTGCATT-1",0
"TGTGTTTAGAGGTTAT-1",1
"TGTGTTTAGCGTGAGT-1",1
"TGTGTTTAGTGCGTGA-1",1
"TGTGTTTCATGCGCAC-1",0
"TGTGTTTTCTCATTCA-1",0
"TGTGTTTTCTTTCCTC-1",0
"TGTTCCGAGAGCAATT-1",0
"TGTTCCGAGCAACGGT-1",0
"TGTTCCGAGGAATTAC-1",0
"TGTTCCGAGGACTGGT-1",0
"TGTTCCGCAGTGAGTG-1",1
"TGTTCCGGTGAGTATA-1",0
"TGTTCCGTCAAGCCTA-1",1
"TGTTCCGTCAGTTCGA-1",0
"TGTTCCGTCGGCGGTT-1",0
"TGTTCCGTCTGAAAGA-1",1
"TGTTCCGTCTGGTATG-1",0
"TTAACTCAGTGTACGG-1",2
"TTAACTCCAAGCGCTC-1",0
"TTAACTCCAGGCAGTA-1",0
"TTAACTCGTTCCACAA-1",1
"TTAACTCTCATAAAGG-1",0
"TTAACTCTCCCTCAGT-1",1
"TTAGGACAGCAGGCTA-1",1
"TTAGGACAGCTCTCGG-1",1
"TTAGGACCAAGCCATT-1",0
"TTAGGACCAGTCAGAG-1",2
"TTAGGACGTTTGTTTC-1",0
"TTAGGCAAGAAGATTC-1",0
"TTAGGCAAGAGCCCAA-1",0
"TTAGGCAAGAGTGACC-1",2
"TTAGGCAAGGTTCCTA-1",0
"TTAGGCAAGTCGTTTG-1",0
"TTAGGCAAGTGTACCT-1",0
"TTAGGCACAGACGCTC-1",0
"TTAGGCACATGTTCCC-1",2
"TTAGGCAGTAAGGATT-1",2
"TTAGGCAGTAAGTAGT-1",0
"TTAGGCAGTCTTGATG-1",0
"TTAGGCATCACGCATA-1",0
"TTAGGCATCAGTCAGT-1",0
"TTAGGCATCCAGTATG-1",0
"TTAGGCATCGTTACGA-1",0
"TTAGTTCAGGTGCAAC-1",1
"TTAGTTCCAATGTAAG-1",0
"TTAGTTCCATCCTTGC-1",0
"TTAGTTCGTAGCCTAT-1",0
"TTAGTTCGTGCAGACA-1",0
"TTAGTTCGTGTCAATC-1",1
"TTAGTTCGTTGCCTCT-1",0
"TTAGTTCTCAGGCCCA-1",0
"TTAGTTCTCGCAGGCT-1",2
"TTAGTTCTCTACTATC-1",0
"TTATGCTAGAATGTGT-1",0
"TTATGCTAGCACACAG-1",1
"TTATGCTAGCAGCCTC-1",2
"TTATGCTAGTCCCACG-1",1
"TTATGCTAGTGGTAAT-1",0
"TTATGCTCAGCCAGAA-1",0
"TTATGCTCATACCATG-1",0
"TTATGCTCATGTAGTC-1",0
"TTATGCTGTCCGAGTC-1",0
"TTATGCTTCGATAGAA-1",1
"TTCCCAGAGAATTCCC-1",0
"TTCCCAGAGACTAGAT-1",0
"TTCCCAGAGTATCGAA-1",1
"TTCCCAGCAGATGGGT-1",2
"TTCCCAGCATCAGTAC-1",1
"TTCCCAGCATCTCCCA-1",1
"TTCCCAGCATTACCTT-1",3
"TTCCCAGTCAACACTG-1",0
"TTCCCAGTCGAGAGCA-1",1
"TTCGAAGAGTCTCAAC-1",1
"TTCGAAGCAAGCGCTC-1",1
"TTCGAAGCACATTAGC-1",1
"TTCGAAGCACGGTGTC-1",2
"TTCGGTCAGAGGACGG-1",1
"TTCGGTCAGCACACAG-1",0
"TTCGGTCAGGCCCTCA-1",0
"TTCGGTCAGTGAATTG-1",0
"TTCGGTCAGTTGAGAT-1",3
"TTCGGTCCAAGGGTCA-1",0
"TTCGGTCCACGTCAGC-1",1
"TTCGGTCGTAACGTTC-1",2
"TTCGGTCGTAGAGTGC-1",1
"TTCGGTCGTTCATGGT-1",0
"TTCGGTCGTTCTGTTT-1",1
"TTCGGTCTCAAAGACA-1",1
"TTCGGTCTCCAGTATG-1",1
"TTCGGTCTCGCGTTTC-1",1
"TTCGGTCTCGTCTGAA-1",1
"TTCTACAAGACTAAGT-1",0
"TTCTACAAGCAGCCTC-1",0
"TTCTACAAGCCTTGAT-1",1
"TTCTACAAGGCAGGTT-1",0
"TTCTACAAGGTAAACT-1",0
"TTCTACAAGTTAGGTA-1",2
"TTCTACACACGTGAGA-1",0
"TTCTACACAGCTGTTA-1",0
"TTCTACACATCGATTG-1",0
"TTCTACACATTACGAC-1",0
"TTCTACAGTACCGTTA-1",0
"TTCTACAGTATATGAG-1",2
"TTCTACAGTGGCTCCA-1",1
"TTCTACATCAACGGGA-1",0
"TTCTACATCCGCGTTT-1",0
"TTCTCAAAGAAAGTGG-1",1
"TTCTCAAAGAATCTCC-1",2
"TTCTCAAAGAGGTTAT-1",0
"TTCTCAAAGCAGCCTC-1",0
"TTCTCAAAGCCGCCTA-1",0
"TTCTCAAAGTCAATAG-1",1
"TTCTCAAAGTTGAGAT-1",0
"TTCTCAACACCCAGTG-1",1
"TTCTCAACATTGTGCA-1",0
"TTCTCAAGTATAAACG-1",1
"TTCTCAAGTCCCTTGT-1",1
"TTCTCAAGTCGAGATG-1",0
"TTCTCAATCATCGCTC-1",0
"TTCTCAATCCCTAACC-1",4
"TTCTCAATCGTAGGAG-1",0
"TTCTCCTAGAGTAAGG-1",0
"TTCTCCTAGCGACGTA-1",0
"TTCTCCTAGCGTGAGT-1",1
"TTCTCCTAGTCTCGGC-1",0
"TTCTCCTCAACACGCC-1",0
"TTCTCCTCAATAACGA-1",0
"TTCTCCTGTTAAGAAC-1",0
"TTCTCCTTCAGTTCGA-1",1
"TTCTCCTTCCGTAGGC-1",2
"TTCTCCTTCCTTTCTC-1",1
"TTCTCCTTCTGCAAGT-1",0
"TTCTCCTTCTTCAACT-1",0
"TTCTCCTTCTTGTACT-1",0
"TTCTTAGAGGACTGGT-1",0
"TTCTTAGCAAGGTGTG-1",1
"TTCTTAGCATCGGAAG-1",0
"TTCTTAGGTAGAAGGA-1",0
"TTCTTAGGTCATATGC-1",0
"TTCTTAGTCAGTTCGA-1",1
"TTGAACGGTCACTTCC-1",0
"TTGAACGTCATGTCCC-1",0
"TTGACTTAGCCACGTC-1",0
"TTGACTTAGCGACGTA-1",1
"TTGACTTAGTTAACGA-1",0
"TTGACTTCACTTACGA-1",1
"TTGACTTGTCTCTCTG-1",0
"TTGACTTGTGCGATAG-1",0
"TTGACTTTCCAGAGGA-1",0
"TTGACTTTCTGTCCGT-1",1
"TTGCCGTAGGAGCGTT-1",1
"TTGCCGTAGGTGGGTT-1",1
"TTGCCGTCATGGTCAT-1",0
"TTGCCGTGTACAGACG-1",0
"TTGCGTCAGACAGAGA-1",2
"TTGCGTCAGCTCCTTC-1",2
"TTGCGTCAGTCCATAC-1",1
"TTGCGTCAGTGAATTG-1",1
"TTGCGTCCAAATTGCC-1",0
"TTGCGTCCACTGTGTA-1",1
"TTGCGTCCAGTCACTA-1",0
"TTGCGTCGTCTGATTG-1",1
"TTGGAACAGCCCAATT-1",3
"TTGGAACAGCGTCTAT-1",1
"TTGGAACAGGCGTACA-1",0
"TTGGAACGTATTACCG-1",0
"TTGGAACGTGTGTGCC-1",0
"TTGGAACTCCCATTAT-1",1
"TTGGAACTCCGTAGTA-1",0
"TTGGAACTCGTCCAGG-1",0
"TTGGCAAAGTTAGGTA-1",0
"TTGGCAAGTATAGGTA-1",0
"TTGGCAATCACATGCA-1",1
"TTGGCAATCAGAGCTT-1",0
"TTGGCAATCGCATGAT-1",0
"TTGGCAATCTAGAGTC-1",0
"TTGTAGGAGGTGCTAG-1",0
"TTGTAGGCACACGCTG-1",4
"TTGTAGGGTCTCCCTA-1",2
"TTGTAGGGTGGTAACG-1",1
"TTGTAGGTCGGCGCTA-1",0
"TTGTAGGTCTGCCAGG-1",0
"TTTACTGAGATCACGG-1",2
"TTTACTGCAAAGCAAT-1",0
"TTTACTGCACATGGGA-1",1
"TTTACTGCACCACGTG-1",1
"TTTACTGCATGGGACA-1",0
"TTTACTGCATGTCCTC-1",1
"TTTACTGGTAACGTTC-1",0
"TTTACTGGTGGTGTAG-1",1
"TTTACTGGTTCGCTAA-1",0
"TTTACTGTCTGGAGCC-1",0
"TTTATGCAGACTGTAA-1",0
"TTTATGCAGATGCGAC-1",0
"TTTATGCAGGCAAAGA-1",2
"TTTATGCAGGCCCGTT-1",0
"TTTATGCAGTTCCACA-1",0
"TTTATGCCAAACGCGA-1",1
"TTTATGCCAATCTGCA-1",2
"TTTATGCCACAGGTTT-1",0
"TTTATGCCAGCCAATT-1",0
"TTTATGCCAGGTCGTC-1",1
"TTTATGCCATGGTCAT-1",0
"TTTATGCTCACATAGC-1",1
"TTTATGCTCACCTTAT-1",2
"TTTATGCTCGGCGGTT-1",1
"TTTATGCTCTCGCTTG-1",0
"TTTCCTCAGCGTGAAC-1",1
"TTTCCTCAGGACTGGT-1",0
"TTTCCTCCAAAGTGCG-1",0
"TTTCCTCCAGGAATGC-1",1
"TTTCCTCCATTAGCCA-1",0
"TTTCCTCGTCCGAAGA-1",0
"TTTCCTCGTCGCTTTC-1",0
"TTTCCTCTCGGCCGAT-1",1
"TTTCCTCTCGTGTAGT-1",0
"TTTGCGCAGCTAAACA-1",0
"TTTGCGCAGCTAGTCT-1",2
"TTTGCGCAGGCCGAAT-1",0
"TTTGCGCAGTCAAGGC-1",0
"TTTGCGCCAAGTAGTA-1",0
"TTTGCGCCAGGTGCCT-1",1
"TTTGCGCGTCTAAACC-1",1
"TTTGCGCTCAAAGTAG-1",1
"TTTGCGCTCATGTAGC-1",1
"TTTGGTTAGAATGTGT-1",0
"TTTGGTTAGACAATAC-1",1
"TTTGGTTAGCGATTCT-1",1
"TTTGGTTAGGCTCAGA-1",0
"TTTGGTTAGTTACCCA-1",2
"TTTGGTTCAAACTGCT-1",0
"TTTGGTTCAAGCTGTT-1",1
"TTTGGTTCAGATCGGA-1",0
"TTTGGTTCATCACAAC-1",1
"TTTGGTTGTACTTCTT-1",1
"TTTGGTTGTATGCTTG-1",0
"TTTGGTTGTGCTTCTC-1",0
"TTTGGTTTCATGCTCC-1",0
"TTTGGTTTCCCTGACT-1",1
"TTTGTCAAGAGTCGGT-1",3
"TTTGTCACAAGTTCTG-1",0
"TTTGTCACAAGTTGTC-1",0
"TTTGTCACACTCTGTC-1",3
"TTTGTCATCACCTTAT-1",1
"TTTGTCATCCATTCTA-1",1
"TTTGTCATCCTTAATC-1",0
"TTTGTCATCTTATCTG-1",3
