"cell_barcode","expression"
"AAACCTGAGACAGAGA-1",3
"AAACCTGAGACTTTCG-1",2
"AAACCTGAGAGTAAGG-1",1
"AAACCTGAGAGTCGGT-1",1
"AAACCTGAGGATGGAA-1",2
"AAACCTGAGTAGATGT-1",2
"AAACCTGCAATCAGAA-1",0
"AAACCTGCACCGATAT-1",2
"AAACCTGCAGACGTAG-1",0
"AAACCTGCAGTATCTG-1",1
"AAACCTGCATAGTAAG-1",0
"AAACCTGCATGAACCT-1",1
"AAACCTGGTAAGAGGA-1",1
"AAACCTGGTCCAACTA-1",2
"AAACCTGTCCGTAGTA-1",2
"AAACCTGTCGAGAGCA-1",0
"AAACGGGAGTACGACG-1",1
"AAACGGGCAAGGTTTC-1",1
"AAACGGGCACGTCAGC-1",2
"AAACGGGCAGCGTTCG-1",2
"AAACGGGGTAGCCTCG-1",4
"AAACGGGGTCTACCTC-1",1
"AAACGGGGTGCGGTAA-1",2
"AAACGGGGTTGTCGCG-1",2
"AAACGGGTCCATGAGT-1",2
"AAACGGGTCCCAACGG-1",1
"AAACGGGTCCCATTAT-1",0
"AAAGATGCAGTCAGCC-1",0
"AAAGATGCATCTACGA-1",2
"AAAGCAAAGCGTCTAT-1",2
"AAAGCAACATGTCGAT-1",0
"AAAGCAAGTAGCTGCC-1",0
"AAAGCAAGTAGGCATG-1",0
"AAAGCAAGTGCGCTTG-1",0
"AAAGCAAGTTATTCTC-1",2
"AAAGCAATCCGTAGTA-1",1
"AAAGTAGAGATGTGTA-1",2
"AAAGTAGAGTGGGCTA-1",0
"AAAGTAGGTATATGGA-1",0
"AAAGTAGGTGAGCGAT-1",2
"AAAGTAGGTTGAGGTG-1",1
"AAATGCCAGCCCTAAT-1",1
"AAATGCCAGCGTGTCC-1",0
"AAATGCCCAACACCTA-1",1
"AAATGCCGTAGGAGTC-1",1
"AAATGCCGTCTTTCAT-1",0
"AAATGCCGTGGTCCGT-1",0
"AAATGCCGTTCCCGAG-1",1
"AAATGCCTCATAGCAC-1",1
"AAATGCCTCGCTTAGA-1",2
"AACACGTAGAATTCCC-1",1
"AACACGTAGCCCTAAT-1",0
"AACACGTAGGGTGTGT-1",0
"AACACGTCACTGTCGG-1",1
"AACACGTCATCCCATC-1",2
"AACACGTGTGCAACGA-1",1
"AACACGTGTGTCGCTG-1",1
"AACCATGAGCGCTTAT-1",1
"AACCATGGTCCGTTAA-1",1
"AACCATGTCAGTTCGA-1",2
"AACCATGTCATCGATG-1",1
"AACCATGTCCCAAGTA-1",2
"AACCGCGAGAAGCCCA-1",1
"AACCGCGAGACTGGGT-1",0
"AACCGCGAGAGGTACC-1",0
"AACCGCGAGTTAGGTA-1",3
"AACCGCGAGTTGCAGG-1",1
"AACCGCGCACGGTAGA-1",1
"AACCGCGCAGCATGAG-1",0
"AACCGCGCAGCCTGTG-1",1
"AACCGCGCAGCTGTGC-1",1
"AACCGCGCAGTATGCT-1",0
"AACCGCGGTACTTGAC-1",3
"AACCGCGGTCTGCAAT-1",2
"AACCGCGTCACATGCA-1",2
"AACCGCGTCACCGTAA-1",1
"AACCGCGTCCAGAGGA-1",0
"AACCGCGTCCGAAGAG-1",1
"AACCGCGTCGATCCCT-1",0
"AACGTTGAGCGATAGC-1",0
"AACGTTGAGCGATCCC-1",0
"AACGTTGAGCTTATCG-1",0
"AACGTTGCAAGTTGTC-1",1
"AACGTTGCAATAGAGT-1",2
"AACGTTGCAATGGATA-1",1
"AACGTTGCATGGATGG-1",3
"AACGTTGCATTCTCAT-1",3
"AACGTTGTCAACACGT-1",2
"AACGTTGTCGAGGTAG-1",0
"AACGTTGTCGGTCCGA-1",1
"AACTCAGAGAGCTATA-1",2
"AACTCAGAGAGTCGGT-1",0
"AACTCAGAGCCACCTG-1",0
"AACTCAGAGCCCAATT-1",0
"AACTCAGCAAACAACA-1",2
"AACTCAGCACAAGCCC-1",0
"AACTCAGCACGGTTTA-1",1
"AACTCAGCAGGATCGA-1",1
"AACTCAGCATAAAGGT-1",1
"AACTCAGGTTCCACAA-1",5
"AACTCAGTCGTACCGG-1",0
"AACTCCCAGCCCAGCT-1",2
"AACTCCCAGCTAAGAT-1",2
"AACTCCCCAAACGCGA-1",1
"AACTCCCCATGGTCTA-1",5
"AACTCCCGTTGCGCAC-1",1
"AACTCCCTCAAGAAGT-1",3
"AACTCCCTCAAGCCTA-1",0
"AACTCCCTCATCGCTC-1",1
"AACTCCCTCTGCAGTA-1",2
"AACTCCCTCTGGCGTG-1",1
"AACTCTTAGCAGACTG-1",1
"AACTCTTAGTCCGGTC-1",1
"AACTCTTCATGCTAGT-1",1
"AACTCTTGTCGAATCT-1",1
"AACTCTTGTCGGGTCT-1",1
"AACTCTTTCCTCAATT-1",0
"AACTCTTTCTCAAACG-1",2
"AACTCTTTCTCCAGGG-1",2
"AACTCTTTCTCTGCTG-1",1
"AACTGGTAGAAGATTC-1",1
"AACTGGTAGAGACTAT-1",0
"AACTGGTAGCCAACAG-1",0
"AACTGGTAGTGTACTC-1",1
"AACTGGTCACTGAAGG-1",0
"AACTGGTGTCCGAACC-1",1
"AACTGGTTCGGAGCAA-1",2
"AACTGGTTCGTGGGAA-1",2
"AACTGGTTCTGCTTGC-1",0
"AACTTTCAGCGTGAAC-1",0
"AACTTTCAGTATCTCG-1",1
"AACTTTCAGTTTCCTT-1",1
"AACTTTCCATCCTTGC-1",0
"AACTTTCGTCTAGAGG-1",1
"AACTTTCGTCTCTTTA-1",0
"AACTTTCGTTTGTTTC-1",0
"AAGACCTAGGGCTTCC-1",0
"AAGACCTAGTACACCT-1",0
"AAGACCTGTATATGAG-1",2
"AAGACCTGTATCAGTC-1",1
"AAGACCTGTCCGTGAC-1",3
"AAGACCTGTCGAAAGC-1",2
"AAGACCTTCGCCATAA-1",0
"AAGCCGCAGATCTGAA-1",1
"AAGCCGCAGGGTGTTG-1",0
"AAGCCGCAGTGGACGT-1",2
"AAGCCGCAGTGTACTC-1",1
"AAGCCGCCACGCTTTC-1",0
"AAGCCGCCAGGACGTA-1",0
"AAGCCGCGTACAGTTC-1",2
"AAGCCGCGTCATTAGC-1",0
"AAGCCGCTCACGAAGG-1",0
"AAGCCGCTCAGTTAGC-1",0
"AAGCCGCTCGCAAACT-1",1
"AAGCCGCTCGTCGTTC-1",1
"AAGCCGCTCTTACCGC-1",1
"AAGGAGCAGAAACCGC-1",1
"AAGGAGCAGGCATGTG-1",2
"AAGGAGCAGGCGCTCT-1",2
"AAGGAGCAGTTGAGTA-1",2
"AAGGAGCCACGGCGTT-1",0
"AAGGAGCGTAGCGCAA-1",2
"AAGGAGCGTCTGCAAT-1",1
"AAGGAGCTCGTCTGCT-1",1
"AAGGCAGAGAACTGTA-1",1
"AAGGCAGAGAGATGAG-1",1
"AAGGCAGAGGTGATAT-1",1
"AAGGCAGCATAGTAAG-1",1
"AAGGCAGGTACTTCTT-1",0
"AAGGCAGGTGTGCCTG-1",1
"AAGGCAGTCAGATAAG-1",1
"AAGGCAGTCGGAATCT-1",1
"AAGGTTCAGTATCTCG-1",0
"AAGGTTCCATCACGTA-1",2
"AAGGTTCGTATATGGA-1",0
"AAGGTTCGTCCGAATT-1",2
"AAGGTTCGTCGACTAT-1",6
"AAGGTTCGTGTGACCC-1",1
"AAGGTTCTCCGTCATC-1",1
"AAGGTTCTCCTCGCAT-1",1
"AAGGTTCTCTGCGGCA-1",1
"AAGTCTGAGCCATCGC-1",0
"AAGTCTGAGTCAAGCG-1",1
"AAGTCTGCAAAGGAAG-1",1
"AAGTCTGGTCAGCTAT-1",2
"AAGTCTGTCAAACAAG-1",1
"AAGTCTGTCACTGGGC-1",1
"AAGTCTGTCAGCAACT-1",1
"AATCCAGCAAAGTGCG-1",0
"AATCCAGCAGCATACT-1",3
"AATCCAGGTAGGCATG-1",0
"AATCCAGGTCTCCCTA-1",0
"AATCCAGTCCGAATGT-1",4
"AATCGGTAGGCATGGT-1",2
"AATCGGTTCCTGTACC-1",2
"AATCGGTTCGCCGTGA-1",4
"ACACCAAAGATGAGAG-1",2
"ACACCAAAGCCCTAAT-1",0
"ACACCAAAGGATGGTC-1",0
"ACACCAAAGTGTCCAT-1",1
"ACACCAACACTTCGAA-1",2
"ACACCAACAGACGCTC-1",0
"ACACCAACAGCCTATA-1",3
"ACACCAAGTCGCGTGT-1",3
"ACACCAAGTCTAAACC-1",1
"ACACCAAGTTATGTGC-1",1
"ACACCAATCGCGTTTC-1",1
"ACACCCTAGCCAGGAT-1",8
"ACACCCTAGTACTTGC-1",1
"ACACCCTCAAGCGCTC-1",1
"ACACCCTCATCACAAC-1",2
"ACACCCTCATGCCCGA-1",0
"ACACCCTGTCTGGTCG-1",2
"ACACCCTTCCGCAAGC-1",3
"ACACCCTTCCTTGCCA-1",1
"ACACCCTTCTATCCTA-1",1
"ACACCCTTCTGGCGTG-1",1
"ACACCGGAGGCTCAGA-1",0
"ACACCGGAGTGACATA-1",0
"ACACCGGAGTTACCCA-1",0
"ACACCGGCAAGCCGTC-1",2
"ACACCGGCACCAGATT-1",2
"ACACCGGCACCGAAAG-1",2
"ACACCGGCATCACAAC-1",1
"ACACCGGTCCGCATAA-1",1
"ACACCGGTCTCGGACG-1",2
"ACACCGGTCTCTGTCG-1",0
"ACACTGAAGCACGCCT-1",0
"ACACTGAAGGTGATTA-1",1
"ACACTGACAATAGAGT-1",0
"ACACTGACAGACTCGC-1",3
"ACACTGACATCCAACA-1",0
"ACACTGAGTCCGAAGA-1",3
"ACACTGAGTGTTTGTG-1",2
"ACACTGAGTTTGACTG-1",1
"ACAGCCGAGGAATGGA-1",0
"ACAGCCGAGGCCCGTT-1",1
"ACAGCCGAGGTGCTTT-1",3
"ACAGCCGAGTGGTAGC-1",1
"ACAGCCGCATATACGC-1",1
"ACAGCCGCATGCAACT-1",1
"ACAGCCGGTAGGGTAC-1",1
"ACAGCCGGTCGAATCT-1",2
"ACAGCCGGTTCACCTC-1",1
"ACAGCCGGTTCCACTC-1",2
"ACAGCCGTCCAGAAGG-1",1
"ACAGCCGTCTTTACAC-1",1
"ACAGCTAAGCACCGCT-1",1
"ACAGCTAAGTATCTCG-1",0
"ACAGCTAAGTGTTGAA-1",1
"ACAGCTACATCGTCGG-1",2
"ACAGCTAGTCGACTAT-1",0
"ACAGCTAGTGGTACAG-1",1
"ACAGCTATCACCACCT-1",2
"ACAGCTATCTGCTTGC-1",1
"ACATACGAGAGCTTCT-1",1
"ACATACGAGCGTAGTG-1",2
"ACATACGAGCTTCGCG-1",2
"ACATACGAGCTTTGGT-1",0
"ACATACGCAAACGTGG-1",5
"ACATACGCAAGCCTAT-1",1
"ACATACGCATCTCCCA-1",1
"ACATACGCATTCTCAT-1",0
"ACATACGGTAGGAGTC-1",0
"ACATACGGTGCACCAC-1",2
"ACATACGGTGGTTTCA-1",3
"ACATACGTCGTATCAG-1",1
"ACATCAGAGCCACTAT-1",0
"ACATCAGAGCCTTGAT-1",0
"ACATCAGCAACACCCG-1",4
"ACATCAGCAACGATGG-1",3
"ACATCAGCAATTGCTG-1",0
"ACATCAGCACCGGAAA-1",0
"ACATCAGCATAAAGGT-1",0
"ACATCAGCATCCCACT-1",0
"ACATCAGCATTTGCCC-1",3
"ACATCAGGTAAGGATT-1",1
"ACATCAGGTCCGTGAC-1",4
"ACATCAGGTTAAGTAG-1",1
"ACATCAGTCAAACCGT-1",1
"ACATGGTAGCATGGCA-1",0
"ACATGGTAGCTGTTCA-1",1
"ACATGGTCACTTGGAT-1",0
"ACATGGTGTCAGATAA-1",1
"ACATGGTGTCTGCGGT-1",2
"ACATGGTGTGCAACTT-1",1
"ACATGGTTCCGCAAGC-1",2
"ACATGGTTCCTCCTAG-1",3
"ACATGGTTCTGGAGCC-1",0
"ACATGGTTCTTCTGGC-1",0
"ACCAGTAAGATCACGG-1",0
"ACCAGTAAGCTTCGCG-1",0
"ACCAGTACACAGATTC-1",2
"ACCAGTACACAGGCCT-1",1
"ACCAGTACAGTATGCT-1",0
"ACCAGTACAGTCAGAG-1",0
"ACCAGTACAGTTTACG-1",2
"ACCAGTAGTCACCCAG-1",1
"ACCAGTAGTCCATCCT-1",0
"ACCAGTAGTCTTCAAG-1",1
"ACCAGTAGTGGACGAT-1",2
"ACCAGTATCTGCGACG-1",1
"ACCAGTATCTGCTTGC-1",0
"ACCAGTATCTGTTTGT-1",1
"ACCCACTAGAGGTTAT-1",0
"ACCCACTAGATCCCGC-1",2
"ACCCACTAGATGTGTA-1",1
"ACCCACTAGCCCAATT-1",3
"ACCCACTCAAGGGTCA-1",3
"ACCCACTCAAGGTTCT-1",1
"ACCCACTGTAAATGAC-1",2
"ACCCACTGTAGCCTCG-1",0
"ACCCACTGTCAAAGAT-1",0
"ACCCACTGTCAATACC-1",0
"ACCCACTGTGTGGTTT-1",0
"ACCCACTTCGCAAACT-1",0
"ACCCACTTCTGCCAGG-1",1
"ACCGTAACAATCGGTT-1",1
"ACCGTAACAATCTACG-1",5
"ACCGTAACAGGTCCAC-1",5
"ACCGTAAGTACAGCAG-1",1
"ACCGTAAGTCATGCAT-1",1
"ACCGTAAGTGAGTGAC-1",1
"ACCGTAAGTTAAGAAC-1",0
"ACCGTAAGTTCCGTCT-1",0
"ACCGTAATCACATAGC-1",1
"ACCGTAATCATGTGGT-1",0
"ACCGTAATCTGAAAGA-1",2
"ACCTTTACAATCGGTT-1",0
"ACCTTTACACGGACAA-1",0
"ACCTTTACAGCAGTTT-1",1
"ACCTTTACATGCAACT-1",1
"ACCTTTACATTTCAGG-1",1
"ACCTTTAGTGAACCTT-1",1
"ACCTTTAGTTCCACTC-1",0
"ACCTTTATCTCTAGGA-1",1
"ACGAGCCAGGCAGGTT-1",1
"ACGAGCCCACAGGCCT-1",2
"ACGAGCCCATGGAATA-1",1
"ACGAGCCGTGCACGAA-1",2
"ACGAGCCGTGTGACCC-1",1
"ACGAGCCGTTGGTTTG-1",1
"ACGAGCCTCAGTCCCT-1",2
"ACGAGCCTCGCAAACT-1",1
"ACGAGGACACTACAGT-1",1
"ACGAGGACATGTAGTC-1",0
"ACGAGGAGTACACCGC-1",2
"ACGAGGAGTGCCTGCA-1",1
"ACGAGGAGTTCTGAAC-1",2
"ACGAGGATCTGCGGCA-1",0
"ACGATACAGAGTGACC-1",1
"ACGATACAGCGCCTTG-1",1
"ACGATACAGTGATCGG-1",1
"ACGATACCACGTTGGC-1",0
"ACGATACCATTGGGCC-1",0
"ACGATACGTCGAATCT-1",2
"ACGATACTCTGACCTC-1",1
"ACGATGTAGTGCGATG-1",3
"ACGATGTAGTTGAGAT-1",1
"ACGATGTCAACGCACC-1",1
"ACGATGTCACACGCTG-1",0
"ACGATGTGTATTCTCT-1",1
"ACGATGTGTCAGTGGA-1",1
"ACGATGTGTGACTACT-1",0
"ACGATGTGTGTCGCTG-1",0
"ACGATGTTCGCGTAGC-1",0
"ACGATGTTCTCTTATG-1",1
"ACGCAGCAGCGGCTTC-1",0
"ACGCAGCAGCTGCGAA-1",0
"ACGCAGCAGTGTACGG-1",1
"ACGCAGCCACCTCGTT-1",1
"ACGCAGCCATCGACGC-1",0
"ACGCAGCCATTACCTT-1",3
"ACGCAGCGTCCATGAT-1",3
"ACGCAGCGTCTACCTC-1",0
"ACGCAGCGTCTGGTCG-1",0
"ACGCAGCGTGCGATAG-1",0
"ACGCCAGCAAAGCAAT-1",1
"ACGCCAGCAACGCACC-1",2
"ACGCCAGCACGAGAGT-1",4
"ACGCCAGCAGTGAGTG-1",1
"ACGCCAGGTGCACTTA-1",4
"ACGCCAGGTGTGCGTC-1",1
"ACGCCAGTCACAGGCC-1",1
"ACGCCAGTCAGTGTTG-1",0
"ACGCCGAAGAAACGCC-1",1
"ACGCCGAAGATCTGCT-1",1
"ACGCCGACAGCCTGTG-1",1
"ACGCCGAGTTCCAACA-1",1
"ACGCCGATCCTATGTT-1",1
"ACGCCGATCGCAGGCT-1",2
"ACGCCGATCTTGTATC-1",0
"ACGGAGAAGCCAGTTT-1",1
"ACGGAGAAGGTCATCT-1",0
"ACGGAGACACACATGT-1",2
"ACGGAGACAGCCTGTG-1",0
"ACGGAGACAGCGTAAG-1",0
"ACGGAGACAGTAAGCG-1",1
"ACGGAGAGTGTGACGA-1",1
"ACGGAGATCCACGAAT-1",1
"ACGGCCACACATCCAA-1",1
"ACGGCCACACATTCGA-1",1
"ACGGCCAGTACCGTAT-1",1
"ACGGCCAGTGTATGGG-1",0
"ACGGCCATCACGGTTA-1",1
"ACGGCCATCAGTGTTG-1",1
"ACGGCCATCTACTATC-1",2
"ACGGGCTAGGATCGCA-1",1
"ACGGGCTAGGTTCCTA-1",0
"ACGGGCTAGTGGCACA-1",4
"ACGGGCTCATCTGGTA-1",0
"ACGGGCTGTGAGGCTA-1",2
"ACGGGCTTCCGAACGC-1",1
"ACGGGTCAGATGCCAG-1",2
"ACGGGTCCATGATCCA-1",2
"ACGGGTCCATTAGGCT-1",1
"ACGGGTCCATTTCACT-1",1
"ACGGGTCGTTAGGGTG-1",0
"ACGGGTCTCAACACCA-1",4
"ACGGGTCTCCACGCAG-1",0
"ACGTCAAAGGGCTTCC-1",1
"ACGTCAAAGTGGTAAT-1",0
"ACGTCAACAACTGCGC-1",0
"ACGTCAACACAAGACG-1",2
"ACGTCAAGTAGCTCCG-1",0
"ACGTCAAGTGTCGCTG-1",6
"ACGTCAAGTTATGCGT-1",3
"ACGTCAATCAACCAAC-1",4
"ACGTCAATCATAACCG-1",0
"ACGTCAATCCAGAAGG-1",4
"ACGTCAATCTAACTCT-1",0
"ACTATCTAGAGGTTAT-1",1
"ACTATCTAGATACACA-1",0
"ACTATCTAGGAGTAGA-1",0
"ACTATCTAGGCATGTG-1",2
"ACTATCTCAAATACAG-1",1
"ACTATCTCAAATTGCC-1",0
"ACTATCTGTAGGGACT-1",0
"ACTATCTGTCGCGTGT-1",1
"ACTATCTGTGCACGAA-1",2
"ACTATCTGTGGTTTCA-1",1
"ACTATCTTCGCCGTGA-1",0
"ACTGAACAGAGTGAGA-1",0
"ACTGAACAGATCCCGC-1",0
"ACTGAACAGGTGATAT-1",3
"ACTGAACCAAAGCGGT-1",2
"ACTGAACCAAGCGAGT-1",0
"ACTGAACCAATTCCTT-1",3
"ACTGAACCAGCTGGCT-1",1
"ACTGAACCAGTCTTCC-1",0
"ACTGAACCATTACCTT-1",0
"ACTGAACGTAAGCACG-1",4
"ACTGAACGTAATCGTC-1",0
"ACTGAACGTCCAGTAT-1",0
"ACTGAACGTCTGATCA-1",1
"ACTGAACTCCCACTTG-1",1
"ACTGAGTAGCCGGTAA-1",0
"ACTGAGTCAGTGGGAT-1",3
"ACTGAGTCATTTGCCC-1",2
"ACTGAGTGTAGAGCTG-1",1
"ACTGAGTGTTGTGGCC-1",0
"ACTGAGTTCAGGTTCA-1",0
"ACTGATGAGACAGACC-1",1
"ACTGATGAGCGGATCA-1",1
"ACTGATGAGGTGCTTT-1",2
"ACTGATGCAGCAGTTT-1",1
"ACTGATGCATCACAAC-1",2
"ACTGATGGTCATGCAT-1",1
"ACTGATGTCACAATGC-1",0
"ACTGATGTCACTCCTG-1",1
"ACTGATGTCCCTGACT-1",1
"ACTGATGTCCGCTGTT-1",0
"ACTGATGTCCGGCACA-1",1
"ACTGATGTCCTATTCA-1",4
"ACTGCTCAGAGCTTCT-1",0
"ACTGCTCAGATGCCTT-1",0
"ACTGCTCCACACCGCA-1",1
"ACTGCTCCAGATGGGT-1",3
"ACTGCTCCATGCCTAA-1",3
"ACTGCTCGTAGGCATG-1",1
"ACTGCTCGTATCACCA-1",1
"ACTGCTCGTCCGAAGA-1",1
"ACTGCTCTCCGAGCCA-1",3
"ACTGTCCAGAGGGCTT-1",0
"ACTGTCCAGCAGCGTA-1",0
"ACTGTCCAGGCATGGT-1",0
"ACTGTCCCAAGGTTTC-1",2
"ACTGTCCCAAGTACCT-1",2
"ACTGTCCCAGTATCTG-1",0
"ACTGTCCCATAGAAAC-1",0
"ACTGTCCGTTGAGGTG-1",2
"ACTGTCCTCCACGTGG-1",2
"ACTGTCCTCCTTGGTC-1",0
"ACTGTCCTCTCTGTCG-1",0
"ACTTACTAGCGATAGC-1",2
"ACTTACTAGGGATGGG-1",0
"ACTTACTCACAGACAG-1",1
"ACTTACTCACATTTCT-1",1
"ACTTACTGTACTCAAC-1",2
"ACTTACTGTTCCACAA-1",1
"ACTTACTTCATCGGAT-1",1
"ACTTGTTAGACAAGCC-1",1
"ACTTGTTAGCTAGCCC-1",2
"ACTTGTTAGTTACCCA-1",1
"ACTTGTTCACGACGAA-1",3
"ACTTGTTCACGGCTAC-1",1
"ACTTGTTGTATCGCAT-1",0
"ACTTGTTGTGGTAACG-1",1
"ACTTGTTGTTGTGGAG-1",3
"ACTTGTTTCATCACCC-1",1
"ACTTTCACATGGTCAT-1",3
"ACTTTCAGTGACTACT-1",0
"ACTTTCATCGCCAGCA-1",0
"AGAATAGAGCTGAACG-1",0
"AGAATAGAGCTGTCTA-1",2
"AGAATAGAGGTAGCTG-1",1
"AGAATAGCATGGTCTA-1",2
"AGAATAGGTAATCGTC-1",1
"AGAATAGGTATTCTCT-1",1
"AGAATAGGTGCGGTAA-1",0
"AGAATAGGTTAAGAAC-1",1
"AGAATAGTCAGGCCCA-1",1
"AGACGTTAGAATGTGT-1",0
"AGACGTTAGCTCCTCT-1",3
"AGACGTTAGTGCCAGA-1",1
"AGACGTTCAGGATCGA-1",0
"AGACGTTGTAGCTGCC-1",3
"AGACGTTGTCTGCAAT-1",1
"AGACGTTGTTCTGTTT-1",2
"AGACGTTTCGCATGGC-1",4
"AGACGTTTCGCTTAGA-1",2
"AGAGCGACAACTTGAC-1",0
"AGAGCGACAAGTACCT-1",1
"AGAGCGACACAACGTT-1",2
"AGAGCGACATGAGCGA-1",1
"AGAGCGAGTCAGTGGA-1",1
"AGAGCGAGTCGACTGC-1",1
"AGAGCGAGTTGAGTTC-1",1
"AGAGCGATCGCGTAGC-1",0
"AGAGCGATCTATCCTA-1",0
"AGAGCGATCTCGCTTG-1",1
"AGAGCTTAGCCGTCGT-1",1
"AGAGCTTAGTACACCT-1",1
"AGAGCTTAGTCATGCT-1",0
"AGAGCTTGTAGAGCTG-1",1
"AGAGCTTGTATCACCA-1",0
"AGAGCTTTCACTATTC-1",1
"AGAGCTTTCCTGCAGG-1",0
"AGAGCTTTCGCAAACT-1",0
"AGAGCTTTCGCTTAGA-1",1
"AGAGTGGAGAGCCTAG-1",0
"AGAGTGGAGGCCCTTG-1",1
"AGAGTGGAGGTACTCT-1",2
"AGAGTGGCACAAGACG-1",3
"AGAGTGGCACCTCGTT-1",2
"AGAGTGGCATCCGGGT-1",0
"AGAGTGGCATCTGGTA-1",1
"AGAGTGGGTCAGCTAT-1",1
"AGAGTGGGTCCTCCAT-1",3
"AGAGTGGGTCTAGTCA-1",4
"AGAGTGGGTTACCGAT-1",1
"AGATCTGAGGTGGGTT-1",1
"AGATCTGAGTCAAGGC-1",2
"AGATCTGCAATGTTGC-1",1
"AGATCTGTCGAATCCA-1",2
"AGATCTGTCTGCAGTA-1",0
"AGATTGCAGGCTACGA-1",1
"AGATTGCCACGACGAA-1",2
"AGATTGCCAGATGGGT-1",1
"AGATTGCGTAGAGCTG-1",1
"AGATTGCGTGATGTCT-1",0
"AGATTGCGTGTTCGAT-1",0
"AGATTGCGTTCACGGC-1",0
"AGATTGCTCACTGGGC-1",1
"AGATTGCTCATCTGTT-1",0
"AGCAGCCAGCTGATAA-1",0
"AGCAGCCCACCGAAAG-1",0
"AGCAGCCGTCGACTGC-1",2
"AGCAGCCGTCGCTTTC-1",0
"AGCAGCCGTCTAACGT-1",1
"AGCAGCCGTGTGAAAT-1",1
"AGCAGCCGTTTGTTGG-1",0
"AGCAGCCTCCAAACAC-1",1
"AGCATACAGTGGTAGC-1",3
"AGCATACAGTTGTCGT-1",1
"AGCATACGTCTTCTCG-1",1
"AGCATACGTTAAGTAG-1",0
"AGCATACTCCGTTGCT-1",0
"AGCCTAAAGATATGGT-1",0
"AGCCTAACAAAGCGGT-1",1
"AGCCTAACAGATAATG-1",1
"AGCCTAAGTACGAAAT-1",1
"AGCCTAAGTCACCTAA-1",1
"AGCCTAAGTGTGCCTG-1",0
"AGCCTAATCACCCGAG-1",1
"AGCCTAATCCAATGGT-1",1
"AGCCTAATCCTTGGTC-1",0
"AGCCTAATCTGTGCAA-1",3
"AGCCTAATCTGTTTGT-1",0
"AGCGGTCAGCGAAGGG-1",0
"AGCGGTCAGGTACTCT-1",4
"AGCGGTCAGTGACTCT-1",1
"AGCGGTCCAGCCTTGG-1",0
"AGCGGTCGTCCTAGCG-1",3
"AGCGGTCGTGGTGTAG-1",0
"AGCGGTCGTTAAGGGC-1",1
"AGCGGTCGTTTGCATG-1",0
"AGCGGTCTCCGAAGAG-1",0
"AGCGGTCTCCTCAATT-1",1
"AGCGGTCTCTGGGCCA-1",1
"AGCGTATAGAACTGTA-1",1
"AGCGTATAGCGATGAC-1",1
"AGCGTATAGGTACTCT-1",2
"AGCGTATGTTGAGGTG-1",0
"AGCGTATTCCAGAGGA-1",1
"AGCGTCGAGTTGAGTA-1",1
"AGCGTCGCAGGGATTG-1",3
"AGCGTCGTCTGAAAGA-1",1
"AGCTCCTAGACCTAGG-1",2
"AGCTCCTAGCGTTTAC-1",1
"AGCTCCTGTGTTTGTG-1",1
"AGCTCCTGTTGTCTTT-1",0
"AGCTCCTTCCGAATGT-1",2
"AGCTCCTTCTTGACGA-1",1
"AGCTCTCAGCGGATCA-1",2
"AGCTCTCAGCTGTTCA-1",3
"AGCTCTCAGGTGCTAG-1",3
"AGCTCTCCATACAGCT-1",2
"AGCTCTCGTCAGAGGT-1",0
"AGCTCTCGTGGGTCAA-1",0
"AGCTCTCTCACAACGT-1",0
"AGCTCTCTCTTGACGA-1",0
"AGCTTGAAGCATCATC-1",0
"AGCTTGAAGTAGCGGT-1",2
"AGCTTGAAGTTGTCGT-1",0
"AGCTTGACAATCCAAC-1",0
"AGCTTGACACCGATAT-1",1
"AGCTTGAGTCTACCTC-1",0
"AGCTTGAGTGCGCTTG-1",1
"AGCTTGAGTTACGCGC-1",1
"AGCTTGATCCTGCCAT-1",0
"AGCTTGATCTGCAAGT-1",0
"AGGCCACAGAGTAAGG-1",2
"AGGCCACAGGGTCTCC-1",1
"AGGCCACAGTACTTGC-1",1
"AGGCCACCAGGACCCT-1",0
"AGGCCACCATCAGTCA-1",0
"AGGCCACTCATGCTCC-1",2
"AGGCCACTCATGGTCA-1",0
"AGGCCACTCATTGCGA-1",0
"AGGCCGTAGGATCGCA-1",0
"AGGCCGTCACGTAAGG-1",1
"AGGCCGTCAGCTCGAC-1",0
"AGGCCGTCATCGTCGG-1",1
"AGGCCGTTCACGGTTA-1",2
"AGGCCGTTCGAACTGT-1",0
"AGGCCGTTCTCAAGTG-1",0
"AGGCCGTTCTGCTTGC-1",0
"AGGGAGTAGCCCAACC-1",0
"AGGGAGTAGGAGTACC-1",1
"AGGGAGTAGGCAGGTT-1",3
"AGGGAGTCACGAGAGT-1",2
"AGGGAGTCAGAAGCAC-1",1
"AGGGAGTCAGATCCAT-1",0
"AGGGAGTCATCGACGC-1",0
"AGGGAGTCATGCTAGT-1",0
"AGGGAGTGTCCATGAT-1",1
"AGGGAGTTCATAACCG-1",1
"AGGGATGAGCTCTCGG-1",0
"AGGGATGAGGAGTAGA-1",0
"AGGGATGAGTAGCGGT-1",1
"AGGGATGCAATGAATG-1",3
"AGGGATGCAATGGAGC-1",0
"AGGGATGCACAAGACG-1",0
"AGGGATGCACATTTCT-1",0
"AGGGATGCATGGTCTA-1",1
"AGGGATGGTTAAAGTG-1",0
"AGGGATGGTTATGCGT-1",1
"AGGGATGTCGTGACAT-1",2
"AGGGTGAAGATGGCGT-1",3
"AGGGTGAAGATGGGTC-1",0
"AGGGTGAAGGCTCAGA-1",4
"AGGGTGACACGAGAGT-1",0
"AGGGTGACAGATGGCA-1",1
"AGGGTGACAGATTGCT-1",1
"AGGGTGAGTACTCTCC-1",0
"AGGGTGAGTTATCGGT-1",1
"AGGGTGAGTTCTGAAC-1",5
"AGGGTGATCTCGCTTG-1",1
"AGGTCATAGAGCCCAA-1",0
"AGGTCATAGCCAGAAC-1",1
"AGGTCATAGGCATGGT-1",1
"AGGTCATAGGGAGTAA-1",2
"AGGTCATCACTCAGGC-1",1
"AGGTCATCACTCTGTC-1",1
"AGGTCATGTTCCACTC-1",3
"AGGTCATTCTCGTTTA-1",1
"AGGTCCGAGGATGCGT-1",0
"AGGTCCGCAACACGCC-1",1
"AGGTCCGGTGATGCCC-1",1
"AGGTCCGTCCATGAAC-1",2
"AGGTCCGTCGCCCTTA-1",1
"AGGTCCGTCTGCGTAA-1",2
"AGTAGTCAGACTGTAA-1",2
"AGTAGTCAGTACGACG-1",1
"AGTAGTCAGTTTAGGA-1",1
"AGTAGTCCAACTGGCC-1",0
"AGTAGTCGTGCAGACA-1",0
"AGTAGTCTCACCCGAG-1",1
"AGTCTTTAGGCAGTCA-1",0
"AGTCTTTCAAATCCGT-1",0
"AGTCTTTCATATACCG-1",1
"AGTCTTTGTGCTTCTC-1",1
"AGTCTTTGTGTCCTCT-1",3
"AGTCTTTGTTTGTTTC-1",1
"AGTCTTTTCGCAGGCT-1",2
"AGTCTTTTCGCGTAGC-1",0
"AGTCTTTTCGCTAGCG-1",0
"AGTCTTTTCGCTTGTC-1",1
"AGTCTTTTCTGACCTC-1",0
"AGTGAGGAGATAGCAT-1",1
"AGTGAGGCAGGTGCCT-1",0
"AGTGAGGGTATGAAAC-1",2
"AGTGAGGGTCACTTCC-1",1
"AGTGAGGGTCGCGAAA-1",2
"AGTGAGGGTTATGTGC-1",1
"AGTGAGGTCTACTATC-1",2
"AGTGGGAAGCAGACTG-1",1
"AGTGGGACAAACGCGA-1",1
"AGTGGGACAAGCCGTC-1",0
"AGTGGGACACAGGAGT-1",1
"AGTGGGACACGAGAGT-1",2
"AGTGGGATCATCGATG-1",1
"AGTGGGATCCACGAAT-1",1
"AGTGGGATCCTGCAGG-1",4
"AGTGTCAAGAAGCCCA-1",0
"AGTGTCAAGCTAGTCT-1",1
"AGTGTCAAGTACGACG-1",3
"AGTGTCAAGTGAACAT-1",2
"AGTGTCACACCATCCT-1",0
"AGTGTCACAGTAAGCG-1",0
"AGTGTCACAGTGGAGT-1",3
"AGTGTCAGTAAACCTC-1",0
"AGTGTCAGTACAGCAG-1",0
"AGTGTCAGTCTCCACT-1",0
"AGTGTCAGTTTGACTG-1",0
"AGTGTCATCAAAGTAG-1",2
"AGTGTCATCCGTCAAA-1",1
"AGTGTCATCGTTACAG-1",4
"AGTGTCATCTGTCAAG-1",0
"AGTTGGTAGACTGTAA-1",0
"AGTTGGTAGTACGCGA-1",6
"AGTTGGTCAAATTGCC-1",1
"AGTTGGTCAGGAATGC-1",0
"AGTTGGTCATGCGCAC-1",1
"AGTTGGTGTACCGTAT-1",3
"AGTTGGTGTATGCTTG-1",3
"AGTTGGTGTCAGGACA-1",1
"AGTTGGTGTTCAGACT-1",1
"AGTTGGTTCAGTACGT-1",0
"AGTTGGTTCCTCAACC-1",2
"AGTTGGTTCGTACCGG-1",0
"AGTTGGTTCTGTCCGT-1",2
"ATAACGCAGTTGAGTA-1",2
"ATAACGCCACGTGAGA-1",0
"ATAACGCGTGAACCTT-1",2
"ATAACGCGTGTCCTCT-1",2
"ATAACGCGTGTGAAAT-1",0
"ATAACGCTCTCCGGTT-1",2
"ATAAGAGAGTCCGGTC-1",1
"ATAAGAGCAACTGCGC-1",0
"ATAAGAGCAGTATCTG-1",1
"ATAAGAGGTGACGCCT-1",0
"ATAAGAGGTTAAAGTG-1",2
"ATAAGAGTCAGCACAT-1",0
"ATAAGAGTCAGTGCAT-1",2
"ATAGACCAGAGAGCTC-1",0
"ATAGACCAGCCCAATT-1",0
"ATAGACCCAAGCCATT-1",5
"ATAGACCCATCTGGTA-1",0
"ATAGACCGTATATGGA-1",0
"ATAGACCGTGGACGAT-1",0
"ATAGACCGTGGCGAAT-1",2
"ATAGACCGTTTCGCTC-1",1
"ATCACGAAGAACTCGG-1",2
"ATCACGAAGACACGAC-1",0
"ATCACGAAGTTACCCA-1",0
"ATCACGACAAGACACG-1",1
"ATCACGACAAGCGTAG-1",1
"ATCACGACACACATGT-1",1
"ATCACGACACCACCAG-1",2
"ATCACGACACGGTAAG-1",0
"ATCACGACAGCGAACA-1",2
"ATCACGATCCCGACTT-1",1
"ATCACGATCGGTGTCG-1",1
"ATCATCTAGCCTATGT-1",1
"ATCATCTAGGCCATAG-1",3
"ATCATCTAGTACTTGC-1",2
"ATCATCTCAGACGCCT-1",0
"ATCATCTCATCCGTGG-1",0
"ATCATCTGTATTACCG-1",1
"ATCATCTGTCACTTCC-1",0
"ATCATCTTCAGCGACC-1",0
"ATCATCTTCCTCAACC-1",3
"ATCATGGCAAGCGTAG-1",2
"ATCATGGCAAGGTTCT-1",1
"ATCATGGCACTACAGT-1",3
"ATCATGGGTAAGGGAA-1",1
"ATCATGGGTTGTGGCC-1",2
"ATCATGGTCAATAAGG-1",0
"ATCATGGTCCAATGGT-1",0
"ATCATGGTCGCCATAA-1",4
"ATCATGGTCGGTTAAC-1",2
"ATCCACCAGCTAGTCT-1",1
"ATCCACCAGGCTCTTA-1",0
"ATCCACCCAAACGTGG-1",0
"ATCCACCCAGTTAACC-1",0
"ATCCACCGTCCGAAGA-1",1
"ATCCACCGTTTGTTTC-1",1
"ATCCACCTCCTGCTTG-1",0
"ATCCACCTCCTTAATC-1",0
"ATCCACCTCTGGTATG-1",0
"ATCCGAAAGCGATGAC-1",0
"ATCCGAAAGCTAGGCA-1",4
"ATCCGAACAAACGTGG-1",1
"ATCCGAACAACAACCT-1",2
"ATCCGAACAAGGACTG-1",1
"ATCCGAACACCCATTC-1",1
"ATCCGAACACGGTAGA-1",2
"ATCCGAAGTAGCGCTC-1",2
"ATCCGAAGTCATTAGC-1",1
"ATCCGAAGTCTCTTAT-1",0
"ATCCGAATCCAACCAA-1",1
"ATCCGAATCCTTGACC-1",0
"ATCCGAATCTTGTCAT-1",0
"ATCGAGTAGACTTTCG-1",0
"ATCGAGTCATCCGGGT-1",1
"ATCGAGTGTCCCTTGT-1",2
"ATCGAGTGTCTCCCTA-1",4
"ATCGAGTTCATGCATG-1",1
"ATCGAGTTCCTGCCAT-1",0
"ATCTACTAGGTGTGGT-1",4
"ATCTACTCAGCTGTAT-1",4
"ATCTACTCAGTACACT-1",0
"ATCTACTCATGACATC-1",2
"ATCTACTGTAAGTAGT-1",0
"ATCTACTGTGTCGCTG-1",2
"ATCTACTTCCGCGTTT-1",1
"ATCTACTTCGCAAGCC-1",3
"ATCTACTTCTATCGCC-1",2
"ATCTACTTCTCTAAGG-1",0
"ATCTGCCAGGCTCAGA-1",0
"ATCTGCCGTACAGTTC-1",2
"ATCTGCCGTTGTGGAG-1",2
"ATCTGCCTCAGAGACG-1",0
"ATCTGCCTCAGCTGGC-1",1
"ATCTGCCTCGTACGGC-1",1
"ATCTGCCTCTCGAGTA-1",0
"ATCTGCCTCTGAGTGT-1",1
"ATCTGCCTCTTGTATC-1",1
"ATGAGGGAGGTCGGAT-1",1
"ATGAGGGCATGACGGA-1",2
"ATGAGGGCATTAGGCT-1",1
"ATGAGGGTCACATGCA-1",0
"ATGAGGGTCAGTCCCT-1",0
"ATGCGATAGTCAATAG-1",1
"ATGCGATCATGTTGAC-1",3
"ATGCGATGTGCAGTAG-1",2
"ATGCGATGTGCATCTA-1",1
"ATGCGATTCCCAAGAT-1",2
"ATGCGATTCGCCATAA-1",0
"ATGGGAGAGCAATATG-1",1
"ATGGGAGAGCCACGCT-1",0
"ATGGGAGAGGTGATAT-1",1
"ATGGGAGCACCAGGTC-1",1
"ATGGGAGCACTATCTT-1",1
"ATGGGAGCAGCATACT-1",1
"ATGGGAGCATAGAAAC-1",0
"ATGGGAGCATTACCTT-1",2
"ATGGGAGTCAAGGTAA-1",4
"ATGTGTGAGCGAAGGG-1",0
"ATGTGTGAGGGTTTCT-1",0
"ATGTGTGAGTTGAGTA-1",2
"ATGTGTGCACGGCGTT-1",0
"ATGTGTGCACGGTTTA-1",1
"ATGTGTGCAGTATAAG-1",3
"ATGTGTGTCACGCGGT-1",1
"ATTACTCAGATGTGTA-1",1
"ATTACTCAGCGTAATA-1",1
"ATTACTCAGGTGCACA-1",0
"ATTACTCAGTGAAGTT-1",0
"ATTACTCCAAACTGTC-1",2
"ATTACTCCACCATCCT-1",1
"ATTACTCCAGACTCGC-1",2
"ATTACTCCATATGCTG-1",0
"ATTACTCCATCGGTTA-1",1
"ATTACTCCATTGCGGC-1",1
"ATTACTCGTTAAAGAC-1",2
"ATTACTCTCCGAACGC-1",0
"ATTATCCAGAGTACCG-1",1
"ATTATCCAGCTTATCG-1",0
"ATTATCCCACAAGCCC-1",3
"ATTATCCCATATGAGA-1",0
"ATTATCCCATCTGGTA-1",1
"ATTATCCGTCGTTGTA-1",2
"ATTATCCGTCTCTCTG-1",0
"ATTATCCTCAACGGGA-1",0
"ATTATCCTCCGCGCAA-1",2
"ATTATCCTCTCCGGTT-1",0
"ATTCTACGTCACTTCC-1",3
"ATTCTACGTCTAGTCA-1",0
"ATTCTACGTTGTCGCG-1",0
"ATTGGACAGCAGATCG-1",0
"ATTGGACAGGGCATGT-1",0
"ATTGGACAGTGGACGT-1",2
"ATTGGACCAAGACACG-1",4
"ATTGGACGTAATAGCA-1",3
"ATTGGACTCCTGCTTG-1",1
"ATTGGACTCGGCGCAT-1",1
"ATTGGACTCGTTTGCC-1",0
"ATTGGTGAGAATGTTG-1",2
"ATTGGTGCAAGCTGAG-1",0
"ATTGGTGCAGCAGTTT-1",1
"ATTGGTGGTATGGTTC-1",0
"ATTGGTGGTTGAGTTC-1",0
"ATTGGTGTCAAAGTAG-1",1
"ATTGGTGTCGGAAACG-1",0
"ATTTCTGAGGGATACC-1",1
"ATTTCTGAGGGATCTG-1",1
"ATTTCTGAGGTGTTAA-1",1
"ATTTCTGAGTCGAGTG-1",1
"ATTTCTGAGTTCGCAT-1",1
"ATTTCTGCAAGGTGTG-1",1
"ATTTCTGGTAGCTCCG-1",1
"ATTTCTGGTGCACGAA-1",1
"ATTTCTGGTTGCCTCT-1",1
"ATTTCTGTCAAAGTAG-1",1
"ATTTCTGTCAGCTCGG-1",0
"ATTTCTGTCTTGGGTA-1",1
"CAACCAAAGAAACGCC-1",1
"CAACCAAAGAGGGCTT-1",3
"CAACCAAAGCTGAAAT-1",1
"CAACCAAAGGACAGCT-1",0
"CAACCAAAGGGAGTAA-1",1
"CAACCAACATACGCTA-1",1
"CAACCTCAGTAATCCC-1",1
"CAACCTCCAGACGCAA-1",0
"CAACCTCGTGAGTGAC-1",0
"CAACCTCGTTCCACGG-1",2
"CAACCTCTCATACGGT-1",0
"CAACCTCTCCGATATG-1",0
"CAACCTCTCCTTTACA-1",1
"CAACCTCTCTCTAGGA-1",1
"CAACTAGAGAATAGGG-1",0
"CAACTAGAGGATGCGT-1",1
"CAACTAGCACCATCCT-1",0
"CAACTAGCAGACTCGC-1",1
"CAACTAGCAGTTCATG-1",1
"CAACTAGGTACGCACC-1",0
"CAACTAGTCAGGCCCA-1",2
"CAAGAAAAGAAGGACA-1",0
"CAAGAAAAGACGCACA-1",1
"CAAGAAAAGGCCCTTG-1",0
"CAAGAAAAGGTGATAT-1",2
"CAAGAAAAGTCGATAA-1",1
"CAAGAAAAGTGGAGTC-1",0
"CAAGAAAAGTGTACCT-1",2
"CAAGAAACACGGTGTC-1",1
"CAAGAAATCTGCTTGC-1",3
"CAAGATCAGCTGAAAT-1",1
"CAAGATCGTAAGAGGA-1",1
"CAAGATCGTGCCTTGG-1",1
"CAAGATCTCAACACCA-1",1
"CAAGATCTCTCGATGA-1",1
"CAAGGCCAGGAGTCTG-1",2
"CAAGGCCAGGCTATCT-1",2
"CAAGGCCCACGGTAAG-1",2
"CAAGGCCCATGTTCCC-1",3
"CAAGGCCGTCCGTCAG-1",1
"CAAGGCCTCAACGGGA-1",1
"CAAGGCCTCCTTGACC-1",0
"CAAGGCCTCGTGACAT-1",0
"CAAGTTGAGACAGGCT-1",1
"CAAGTTGAGATGTCGG-1",1
"CAAGTTGAGCGTCAAG-1",2
"CAAGTTGAGCGTTTAC-1",2
"CAAGTTGCACATTAGC-1",2
"CAAGTTGCACGCTTTC-1",1
"CAAGTTGCACGGTGTC-1",3
"CAAGTTGCATTCTTAC-1",8
"CAAGTTGGTACTCAAC-1",0
"CAAGTTGGTCAGGACA-1",2
"CAAGTTGGTCGGCACT-1",1
"CAAGTTGTCAACGAAA-1",0
"CAAGTTGTCACCACCT-1",1
"CAAGTTGTCATTGCCC-1",2
"CAAGTTGTCGAATCCA-1",1
"CAAGTTGTCTACTTAC-1",0
"CACAAACAGGGCTCTC-1",0
"CACAAACAGGGCTTGA-1",1
"CACAAACAGTGACATA-1",3
"CACAAACCAACTGCGC-1",1
"CACAAACCAATAAGCA-1",1
"CACAAACCAATCAGAA-1",0
"CACAAACCACTTAACG-1",0
"CACAAACCATGAACCT-1",1
"CACAAACCATGGTCAT-1",1
"CACAAACGTCAACTGT-1",1
"CACAAACGTCAGAATA-1",0
"CACAAACTCTTCGGTC-1",0
"CACAAACTCTTGGGTA-1",5
"CACACAAAGCGACGTA-1",1
"CACACAAAGGGAGTAA-1",0
"CACACAACAAACGTGG-1",1
"CACACAACACATGACT-1",1
"CACACAACATCGATTG-1",0
"CACACAACATTGGGCC-1",0
"CACACAAGTACGACCC-1",2
"CACACAAGTCAGTGGA-1",0
"CACACAAGTCATCGGC-1",1
"CACACAAGTTTACTCT-1",0
"CACACAATCCACGTGG-1",1
"CACACAATCCACGTTC-1",2
"CACACAATCGGCGCAT-1",0
"CACACCTAGAGACTAT-1",2
"CACACCTAGGACATTA-1",0
"CACACCTAGTCATCCA-1",1
"CACACCTAGTGTGAAT-1",2
"CACACCTCACTGAAGG-1",4
"CACACCTCATAGGATA-1",1
"CACACCTCATAGTAAG-1",2
"CACACCTCATTGGGCC-1",2
"CACACCTGTACAGCAG-1",1
"CACACCTGTACCGCTG-1",1
"CACACCTGTCCAAGTT-1",0
"CACACCTGTGGACGAT-1",0
"CACACCTGTGGTCTCG-1",1
"CACACCTTCATGTCTT-1",1
"CACACCTTCTGGCGAC-1",1
"CACACTCAGGGAAACA-1",2
"CACACTCCAACACCTA-1",1
"CACACTCCAAGGGTCA-1",2
"CACACTCGTGACGCCT-1",0
"CACACTCGTTTGTGTG-1",0
"CACAGGCAGCCATCGC-1",0
"CACAGGCAGGGATGGG-1",2
"CACAGGCCAAGAGTCG-1",1
"CACAGGCCAATGGAGC-1",0
"CACAGGCGTCTAGGTT-1",2
"CACAGGCGTTACGCGC-1",3
"CACAGGCTCGGGAGTA-1",1
"CACAGGCTCTATGTGG-1",2
"CACAGTAAGACGCAAC-1",1
"CACAGTAAGACGCACA-1",0
"CACAGTAAGTGGGCTA-1",0
"CACAGTACAACTGGCC-1",1
"CACAGTACATCGGACC-1",1
"CACAGTAGTTCCATGA-1",6
"CACATAGAGCCCAATT-1",1
"CACATAGAGTGTACTC-1",1
"CACATAGCACTTCTGC-1",2
"CACATAGCAGGGTATG-1",1
"CACATAGTCCTTGCCA-1",1
"CACATAGTCGGCGCAT-1",0
"CACATTTAGCAGATCG-1",0
"CACATTTAGGGCACTA-1",1
"CACATTTCACGGCGTT-1",1
"CACATTTCATTACCTT-1",0
"CACATTTGTCGAACAG-1",0
"CACATTTGTGTTGAGG-1",2
"CACATTTTCCAGAGGA-1",1
"CACATTTTCCGCATCT-1",1
"CACATTTTCTACTATC-1",0
"CACATTTTCTGTGCAA-1",2
"CACCACTAGCCACGTC-1",0
"CACCACTAGTGGTAAT-1",2
"CACCACTAGTTACCCA-1",1
"CACCACTCAAGCCCAC-1",1
"CACCACTCAGTTCATG-1",1
"CACCACTGTTATTCTC-1",2
"CACCACTTCACCGGGT-1",2
"CACCACTTCGAATCCA-1",2
"CACCACTTCGACCAGC-1",2
"CACCACTTCTAACCGA-1",1
"CACCACTTCTTTAGTC-1",1
"CACCAGGCACATTAGC-1",2
"CACCAGGCACTGCCAG-1",0
"CACCAGGCATAAAGGT-1",1
"CACCAGGCATGAACCT-1",1
"CACCAGGGTGAAATCA-1",1
"CACCAGGGTGTTTGGT-1",1
"CACCAGGGTTATCACG-1",0
"CACCAGGTCATGTAGC-1",2
"CACCAGGTCTGCTTGC-1",1
"CACCTTGAGACTTGAA-1",2
"CACCTTGAGTCAATAG-1",2
"CACCTTGCACTAGTAC-1",0
"CACCTTGCAGGCGATA-1",0
"CACCTTGCATTCCTGC-1",1
"CACCTTGGTCATTAGC-1",1
"CACCTTGGTGATGTCT-1",1
"CACCTTGGTGTGAAAT-1",0
"CACCTTGGTTATGTGC-1",1
"CACCTTGTCAACCATG-1",1
"CACCTTGTCATTATCC-1",2
"CACCTTGTCCAAAGTC-1",2
"CACCTTGTCTCACATT-1",2
"CACTCCAAGACAAGCC-1",0
"CACTCCAAGGTACTCT-1",0
"CACTCCACAATGGACG-1",0
"CACTCCAGTACATGTC-1",1
"CACTCCAGTTGTCGCG-1",4
"CACTCCATCAACACAC-1",1
"CACTCCATCCCAGGTG-1",2
"CAGAATCAGAAACCTA-1",0
"CAGAATCAGCCAACAG-1",0
"CAGAATCAGCTGGAAC-1",0
"CAGAATCAGGACTGGT-1",0
"CAGAATCAGTATCGAA-1",12
"CAGAATCCACAGAGGT-1",4
"CAGAATCCAGGGTACA-1",1
"CAGAATCGTAAGTGTA-1",1
"CAGAATCGTAATCACC-1",3
"CAGAATCTCAGTTTGG-1",0
"CAGAATCTCGCAAGCC-1",3
"CAGAATCTCGGTCCGA-1",0
"CAGAATCTCTTGCAAG-1",0
"CAGAATCTCTTGTACT-1",1
"CAGAGAGAGAATTGTG-1",2
"CAGAGAGAGCAATATG-1",2
"CAGAGAGCAAGAAGAG-1",1
"CAGAGAGCACCAGATT-1",0
"CAGAGAGGTAATCACC-1",2
"CAGAGAGGTAGCTGCC-1",1
"CAGAGAGGTAGGACAC-1",1
"CAGAGAGGTATAGGGC-1",0
"CAGAGAGGTCCGAATT-1",1
"CAGAGAGGTTGAGGTG-1",0
"CAGAGAGTCACCCGAG-1",3
"CAGAGAGTCATAACCG-1",0
"CAGAGAGTCCGAACGC-1",4
"CAGAGAGTCTGGTATG-1",2
"CAGATCAAGAGACGAA-1",2
"CAGATCAAGCACCGTC-1",0
"CAGATCAAGCTTCGCG-1",0
"CAGATCAAGGATTCGG-1",1
"CAGATCAAGTGTACCT-1",3
"CAGATCAAGTTTAGGA-1",2
"CAGATCACAATAACGA-1",0
"CAGATCACACACCGAC-1",0
"CAGATCACACGGTAAG-1",1
"CAGATCACACTCTGTC-1",2
"CAGATCACAGCATACT-1",2
"CAGATCACAGTGGGAT-1",1
"CAGATCAGTACCAGTT-1",1
"CAGATCAGTGCGGTAA-1",0
"CAGATCATCTGATACG-1",0
"CAGATCATCTGATTCT-1",1
"CAGCAGCAGATGCCAG-1",0
"CAGCAGCAGGGAACGG-1",1
"CAGCAGCCACCTATCC-1",3
"CAGCAGCCATCACAAC-1",1
"CAGCAGCGTGCTAGCC-1",1
"CAGCAGCTCAACACTG-1",2
"CAGCAGCTCGAACTGT-1",2
"CAGCAGCTCGCCGTGA-1",1
"CAGCATAAGAGACGAA-1",2
"CAGCATAGTCTAGGTT-1",1
"CAGCATAGTTTACTCT-1",1
"CAGCATATCACGAAGG-1",1
"CAGCATATCAGGCAAG-1",3
"CAGCATATCCTTAATC-1",1
"CAGCCGAAGCATCATC-1",1
"CAGCCGAAGTTTCCTT-1",0
"CAGCCGACACGTGAGA-1",2
"CAGCCGACATCAGTCA-1",1
"CAGCCGAGTGATGTCT-1",1
"CAGCCGATCACCAGGC-1",1
"CAGCCGATCCTCAATT-1",2
"CAGCGACAGAAACGCC-1",1
"CAGCGACAGCGTCAAG-1",3
"CAGCGACCAAACGTGG-1",0
"CAGCGACCAAAGCGGT-1",1
"CAGCGACCACGTCAGC-1",1
"CAGCGACCATGGGACA-1",0
"CAGCGACGTCTGATTG-1",0
"CAGCGACGTGGACGAT-1",2
"CAGCGACGTGGTTTCA-1",1
"CAGCGACGTTCGGCAC-1",0
"CAGCGACTCCGCAAGC-1",1
"CAGCGACTCTGGGCCA-1",1
"CAGCTAAAGATGTGTA-1",2
"CAGCTAAAGCAGACTG-1",0
"CAGCTAAAGCTGTTCA-1",1
"CAGCTAAAGGAGCGTT-1",1
"CAGCTAACACAGATTC-1",3
"CAGCTAACATCAGTAC-1",1
"CAGCTAAGTAATCGTC-1",0
"CAGCTAAGTCTCACCT-1",0
"CAGCTAAGTTCGTCTC-1",1
"CAGCTAATCCACGCAG-1",0
"CAGCTAATCCCTAACC-1",1
"CAGCTAATCTGGTTCC-1",1
"CAGCTAATCTTAGCCC-1",4
"CAGCTAATCTTCGGTC-1",4
"CAGCTGGAGACACTAA-1",1
"CAGCTGGAGATCCTGT-1",2
"CAGCTGGCACCAACCG-1",2
"CAGCTGGCAGTGGAGT-1",0
"CAGCTGGCATGCATGT-1",2
"CAGCTGGTCTACCTGC-1",1
"CAGGTGCAGAGACGAA-1",1
"CAGGTGCAGATCCTGT-1",2
"CAGGTGCAGGCATGTG-1",0
"CAGGTGCCAGGAACGT-1",1
"CAGGTGCCATAGTAAG-1",2
"CAGGTGCCATCGGAAG-1",2
"CAGGTGCTCAGTTGAC-1",0
"CAGGTGCTCCAAGTAC-1",1
"CAGGTGCTCTTGTATC-1",0
"CAGTAACAGATATGGT-1",1
"CAGTAACAGATGGCGT-1",0
"CAGTAACCAATCACAC-1",0
"CAGTAACCACTCGACG-1",2
"CAGTAACGTGATAAGT-1",0
"CAGTAACGTGCACCAC-1",1
"CAGTAACTCAGAGGTG-1",2
"CAGTAACTCGTACGGC-1",2
"CAGTAACTCGTGACAT-1",2
"CAGTAACTCTGCCAGG-1",0
"CAGTCCTAGAATCTCC-1",1
"CAGTCCTAGATCTGCT-1",1
"CAGTCCTCAGTATAAG-1",1
"CAGTCCTTCAACACGT-1",1
"CAGTCCTTCCATGAGT-1",0
"CAGTCCTTCCCGACTT-1",1
"CAGTCCTTCCCTTGTG-1",2
"CAGTCCTTCGAACGGA-1",1
"CAGTCCTTCGGTTCGG-1",1
"CAGTCCTTCTACTTAC-1",0
"CATATGGAGAGATGAG-1",0
"CATATGGAGGCATGGT-1",0
"CATATGGAGTATTGGA-1",0
"CATATGGCAAGCGTAG-1",0
"CATATGGGTCGCATAT-1",0
"CATATGGTCATTATCC-1",0
"CATATGGTCATTGCGA-1",1
"CATATTCAGGCGACAT-1",0
"CATATTCCACCACCAG-1",1
"CATATTCGTGACTACT-1",0
"CATATTCGTGGTACAG-1",1
"CATATTCGTGTGACGA-1",1
"CATATTCTCACAGGCC-1",2
"CATATTCTCGCAAACT-1",0
"CATCAAGAGAACTCGG-1",2
"CATCAAGAGATGGCGT-1",1
"CATCAAGAGCCGCCTA-1",1
"CATCAAGCACGAAACG-1",4
"CATCAAGCAGCCTTTC-1",0
"CATCAAGCATGGAATA-1",1
"CATCAAGGTTACTGAC-1",2
"CATCAAGGTTCCATGA-1",0
"CATCAAGTCTAAGCCA-1",0
"CATCAAGTCTGACCTC-1",0
"CATCAGAAGCTAGTCT-1",2
"CATCAGACAAGCCATT-1",1
"CATCAGACAATGACCT-1",2
"CATCAGACACGGCCAT-1",1
"CATCAGACAGACAGGT-1",1
"CATCAGACATAACCTG-1",1
"CATCAGAGTAATTGGA-1",0
"CATCAGAGTACATGTC-1",1
"CATCAGAGTGTTAAGA-1",2
"CATCAGAGTTCAACCA-1",0
"CATCAGATCGTTGACA-1",0
"CATCCACGTAAAGTCA-1",3
"CATCCACGTACCGTAT-1",0
"CATCCACGTGCCTGTG-1",5
"CATCCACGTTTAAGCC-1",1
"CATCGAAAGAGTACAT-1",1
"CATCGAAAGCTGTCTA-1",1
"CATCGAACAAGAGGCT-1",1
"CATCGAACAAGCTGAG-1",0
"CATCGAACACATTTCT-1",2
"CATCGAACATAAAGGT-1",2
"CATCGAAGTAGTACCT-1",2
"CATCGAAGTCCGACGT-1",3
"CATCGAAGTGCACTTA-1",1
"CATCGAATCAAACCAC-1",0
"CATCGAATCCGCGGTA-1",1
"CATCGAATCCGTAGTA-1",0
"CATCGGGAGAAGCCCA-1",1
"CATCGGGAGCGAGAAA-1",1
"CATCGGGAGGGTGTGT-1",0
"CATCGGGAGGTGTTAA-1",1
"CATCGGGAGTGACTCT-1",1
"CATCGGGCACTCAGGC-1",3
"CATCGGGCAGACGCTC-1",0
"CATCGGGCATCACAAC-1",0
"CATCGGGGTCCTCTTG-1",2
"CATCGGGGTGAGGGAG-1",2
"CATCGGGGTTCGAATC-1",0
"CATCGGGTCAGGATCT-1",0
"CATCGGGTCCACGAAT-1",2
"CATCGGGTCGATGAGG-1",4
"CATGACAAGACCACGA-1",3
"CATGACAAGCTCCTCT-1",0
"CATGACAAGTAACCCT-1",2
"CATGACAAGTATCTCG-1",2
"CATGACAGTCGTCTTC-1",3
"CATGACAGTGAACCTT-1",2
"CATGACATCAATAAGG-1",0
"CATGACATCTAACTGG-1",1
"CATGCCTAGACCTAGG-1",0
"CATGCCTAGAGTCTGG-1",0
"CATGCCTCACCACCAG-1",1
"CATGCCTGTCAAAGCG-1",3
"CATGCCTGTCGATTGT-1",1
"CATGCCTTCCACGACG-1",1
"CATGCCTTCCTCATTA-1",0
"CATGCCTTCGCATGAT-1",1
"CATGGCGAGAGCTGGT-1",0
"CATGGCGAGTACGACG-1",2
"CATGGCGTCCAAAGTC-1",2
"CATGGCGTCCCTTGTG-1",1
"CATGGCGTCGGCCGAT-1",0
"CATGGCGTCTCAAACG-1",1
"CATGGCGTCTGCCCTA-1",2
"CATTATCAGACCCACC-1",0
"CATTATCAGTCCCACG-1",0
"CATTATCCAAGTCTGT-1",3
"CATTATCCAGGGCATA-1",1
"CATTATCGTCAATGTC-1",2
"CATTATCTCACAAACC-1",0
"CATTATCTCAGATAAG-1",0
"CATTATCTCGCGTTTC-1",1
"CATTATCTCGTTGCCT-1",3
"CATTATCTCTATCCCG-1",2
"CATTATCTCTTAACCT-1",3
"CATTCGCAGGTGCTAG-1",1
"CATTCGCCAAGGGTCA-1",2
"CATTCGCCAGCCTATA-1",1
"CATTCGCCATACAGCT-1",3
"CATTCGCCATGGATGG-1",2
"CATTCGCCATGTCTCC-1",2
"CATTCGCCATTCACTT-1",1
"CATTCGCGTAGCACGA-1",0
"CATTCGCTCATCACCC-1",2
"CCAATCCAGACCACGA-1",1
"CCAATCCAGATATGGT-1",1
"CCAATCCAGTCGAGTG-1",1
"CCAATCCAGTCGTTTG-1",0
"CCAATCCAGTTTAGGA-1",3
"CCAATCCCAAGCGAGT-1",3
"CCAATCCTCGGACAAG-1",3
"CCAATCCTCTACCTGC-1",1
"CCACCTAAGCAGACTG-1",1
"CCACCTAAGGATGGTC-1",0
"CCACCTAAGTCGAGTG-1",1
"CCACCTAAGTGGGATC-1",0
"CCACCTAAGTGTGGCA-1",3
"CCACCTACAACAACCT-1",2
"CCACCTACAAGCCGCT-1",0
"CCACCTACAATCTACG-1",1
"CCACCTAGTAGTACCT-1",1
"CCACCTAGTCGCGTGT-1",1
"CCACCTAGTGGGTCAA-1",0
"CCACCTATCAGTTGAC-1",0
"CCACCTATCTGATACG-1",0
"CCACGGAAGACACGAC-1",0
"CCACGGAAGGGAACGG-1",0
"CCACGGACATGTCGAT-1",1
"CCACGGAGTAAGGGCT-1",1
"CCACGGAGTCAGATAA-1",0
"CCACGGAGTCCGTGAC-1",1
"CCACGGAGTGTAATGA-1",2
"CCACGGAGTTCTGAAC-1",2
"CCACGGATCACATAGC-1",0
"CCACGGATCCACGTGG-1",1
"CCACGGATCTACTATC-1",0
"CCACGGATCTAGAGTC-1",0
"CCACTACAGAGTACCG-1",0
"CCACTACAGCTTTGGT-1",0
"CCACTACCAGCAGTTT-1",0
"CCACTACCAGTAGAGC-1",1
"CCACTACGTCCGAATT-1",0
"CCACTACGTCTCAACA-1",3
"CCACTACGTGACAAAT-1",1
"CCACTACGTGACCAAG-1",0
"CCACTACGTGCACGAA-1",1
"CCACTACTCACTCTTA-1",1
"CCACTACTCCGCATCT-1",1
"CCACTACTCGGAAATA-1",1
"CCACTACTCTCGTATT-1",0
"CCACTACTCTCGTTTA-1",0
"CCAGCGAAGCCCAACC-1",1
"CCAGCGACATCGGGTC-1",2
"CCAGCGACATGTCCTC-1",1
"CCAGCGAGTAGGCATG-1",1
"CCAGCGAGTCCGTTAA-1",0
"CCAGCGATCAGAAATG-1",1
"CCATGTCAGCGATCCC-1",1
"CCATGTCAGGTCGGAT-1",1
"CCATGTCAGGTTACCT-1",0
"CCATGTCCAAGCTGGA-1",2
"CCATGTCCACATCCGG-1",1
"CCATGTCGTCCAGTAT-1",2
"CCATGTCTCCAAGTAC-1",0
"CCATGTCTCTTGTATC-1",0
"CCATTCGCAGTACACT-1",3
"CCATTCGCAGTTTACG-1",0
"CCATTCGGTAATCGTC-1",2
"CCATTCGGTATTACCG-1",0
"CCATTCGTCGTAGGAG-1",0
"CCCAATCAGTCACGCC-1",0
"CCCAATCCAGGTGGAT-1",2
"CCCAATCGTGAAGGCT-1",4
"CCCAATCGTTGGAGGT-1",1
"CCCAATCTCACATGCA-1",0
"CCCAATCTCCAGTATG-1",1
"CCCAATCTCGGAGCAA-1",0
"CCCAGTTAGAATAGGG-1",3
"CCCAGTTAGATCCCGC-1",1
"CCCAGTTAGCGTGAAC-1",1
"CCCAGTTAGGAATCGC-1",1
"CCCAGTTAGTCCGGTC-1",0
"CCCAGTTAGTTTGCGT-1",2
"CCCAGTTGTACATGTC-1",2
"CCCAGTTGTCTGCAAT-1",2
"CCCAGTTTCTGAAAGA-1",2
"CCCATACAGGGTTCCC-1",2
"CCCATACAGTGTTTGC-1",0
"CCCATACCAAAGGTGC-1",2
"CCCATACCAACACCCG-1",0
"CCCATACCAGCAGTTT-1",1
"CCCATACGTATTACCG-1",1
"CCCATACGTCAATACC-1",1
"CCCATACGTCTAGTCA-1",0
"CCCATACGTTGAGTTC-1",0
"CCCATACTCAATAAGG-1",2
"CCCATACTCAGCGACC-1",2
"CCCATACTCATCACCC-1",0
"CCCATACTCCGTAGGC-1",0
"CCCTCCTAGGAATCGC-1",4
"CCCTCCTCACGTCTCT-1",0
"CCCTCCTCAGCTTAAC-1",3
"CCCTCCTCATATGAGA-1",1
"CCCTCCTCATCACGTA-1",1
"CCCTCCTGTATGGTTC-1",1
"CCCTCCTGTTAGATGA-1",1
"CCCTCCTTCAATCACG-1",1
"CCCTCCTTCCGCAGTG-1",1
"CCGGGATAGCTTCGCG-1",1
"CCGGGATAGGCGACAT-1",1
"CCGGGATAGGCTAGGT-1",3
"CCGGGATCACAGTCGC-1",0
"CCGGGATGTATAGGTA-1",2
"CCGGGATTCAGAGCTT-1",0
"CCGGGATTCGCTAGCG-1",0
"CCGGGATTCGCTTGTC-1",1
"CCGGTAGAGCGTCTAT-1",1
"CCGGTAGAGTACGCCC-1",1
"CCGGTAGCACATAACC-1",2
"CCGGTAGCACGCATCG-1",2
"CCGGTAGGTACTTCTT-1",1
"CCGGTAGGTCAAACTC-1",1
"CCGGTAGTCGTCCGTT-1",1
"CCGTACTAGAGAACAG-1",1
"CCGTACTAGTCCGTAT-1",2
"CCGTACTCAAGCCCAC-1",1
"CCGTACTCAAGCGAGT-1",0
"CCGTACTCATCCCACT-1",2
"CCGTACTGTACAGCAG-1",1
"CCGTACTGTAGCGCTC-1",0
"CCGTACTGTGCGGTAA-1",1
"CCGTACTTCGTTACAG-1",3
"CCGTGGAAGACGCACA-1",0
"CCGTGGAAGAGTTGGC-1",0
"CCGTGGAAGGTGATAT-1",0
"CCGTGGAAGGTTCCTA-1",3
"CCGTGGACAGCCTTGG-1",2
"CCGTGGAGTTCCATGA-1",1
"CCGTGGATCTAACTTC-1",2
"CCGTGGATCTCTGTCG-1",0
"CCGTTCAAGCGTAATA-1",2
"CCGTTCAAGTACGATA-1",0
"CCGTTCAAGTAGATGT-1",1
"CCGTTCACAGGATCGA-1",0
"CCGTTCAGTATAGGGC-1",2
"CCGTTCAGTCGCGAAA-1",1
"CCGTTCATCGTACCGG-1",1
"CCTAAAGAGAGTTGGC-1",0
"CCTAAAGCAAACCTAC-1",0
"CCTAAAGCATGTCTCC-1",1
"CCTAAAGGTACTCAAC-1",2
"CCTAAAGGTCGGCACT-1",4
"CCTAAAGGTGTAATGA-1",2
"CCTAAAGTCACCGTAA-1",1
"CCTAAAGTCAGCGATT-1",0
"CCTAAAGTCGGCGCTA-1",1
"CCTAAAGTCGGTCCGA-1",0
"CCTACACAGGACCACA-1",1
"CCTACACAGGGTGTTG-1",1
"CCTACACCAGTAAGAT-1",0
"CCTACACGTATAGTAG-1",0
"CCTACACGTCCGAACC-1",3
"CCTACACGTGGGTCAA-1",1
"CCTACACGTTTGACTG-1",1
"CCTACACTCGGCGCTA-1",1
"CCTACACTCGTGACAT-1",4
"CCTACCAAGATAGGAG-1",1
"CCTACCAAGCAAATCA-1",2
"CCTACCAAGCGTAGTG-1",1
"CCTACCAAGCTTCGCG-1",1
"CCTACCAAGTGCGATG-1",3
"CCTACCAGTATCAGTC-1",2
"CCTACCAGTCTCTCTG-1",1
"CCTACCAGTCTTTCAT-1",1
"CCTACCATCAGCACAT-1",3
"CCTACCATCGCCAGCA-1",0
"CCTAGCTAGCAAATCA-1",0
"CCTAGCTAGCTCCTCT-1",1
"CCTAGCTAGGTTACCT-1",1
"CCTAGCTAGTACGCGA-1",2
"CCTAGCTCAATGAATG-1",2
"CCTAGCTCAATGGTCT-1",0
"CCTAGCTCACATCCAA-1",2
"CCTAGCTCAGCCAGAA-1",2
"CCTAGCTGTAGAAAGG-1",1
"CCTAGCTGTCACCCAG-1",0
"CCTAGCTGTCTGATTG-1",1
"CCTAGCTTCACGATGT-1",0
"CCTAGCTTCGTAGGAG-1",3
"CCTATTAAGAATTCCC-1",1
"CCTATTAAGCAGGCTA-1",3
"CCTATTAAGCAGGTCA-1",1
"CCTATTAAGGGAGTAA-1",2
"CCTATTAAGGTAGCCA-1",1
"CCTATTACACAACTGT-1",1
"CCTATTACACATCCGG-1",1
"CCTATTAGTCAATACC-1",0
"CCTATTATCATCACCC-1",2
"CCTATTATCTGCGACG-1",0
"CCTCAGTAGCTAACTC-1",0
"CCTCAGTCAGGTGGAT-1",1
"CCTCAGTGTCCATCCT-1",1
"CCTCAGTGTCCGACGT-1",0
"CCTCAGTGTCTTGTCC-1",2
"CCTCAGTGTGGGTATG-1",1
"CCTCTGAAGTATCGAA-1",1
"CCTCTGAAGTGGGTTG-1",0
"CCTCTGACAAGCTGTT-1",0
"CCTCTGACACCGATAT-1",0
"CCTCTGACAGATGAGC-1",0
"CCTCTGAGTCAATACC-1",1
"CCTCTGAGTCCGAACC-1",0
"CCTCTGAGTCGTGGCT-1",1
"CCTCTGAGTCTGATTG-1",1
"CCTCTGATCTGAGGGA-1",1
"CCTTACGCAAGCGTAG-1",2
"CCTTACGCACCAACCG-1",1
"CCTTACGGTCATCCCT-1",0
"CCTTACGGTCCTCTTG-1",5
"CCTTACGTCACAACGT-1",1
"CCTTACGTCATCTGCC-1",2
"CCTTACGTCGGAGGTA-1",1
"CCTTCCCAGAGACTAT-1",4
"CCTTCCCAGCTAGGCA-1",0
"CCTTCCCAGGACGAAA-1",0
"CCTTCCCAGGGCATGT-1",1
"CCTTCCCAGGTACTCT-1",0
"CCTTCCCCATGATCCA-1",1
"CCTTCCCTCAAGGCTT-1",2
"CCTTCCCTCTATCCTA-1",1
"CCTTCCCTCTATCGCC-1",1
"CCTTCGAAGGCGCTCT-1",0
"CCTTCGACAACACCCG-1",2
"CCTTCGACAGCGATCC-1",1
"CCTTCGAGTAAGCACG-1",0
"CCTTCGAGTCCATGAT-1",1
"CCTTCGAGTGTGACCC-1",1
"CCTTCGAGTTGGTGGA-1",0
"CCTTCGATCACAGTAC-1",3
"CCTTCGATCCTATGTT-1",3
"CCTTCGATCGCACTCT-1",1
"CCTTTCTAGACGCTTT-1",4
"CCTTTCTAGGGCACTA-1",4
"CCTTTCTAGTGGAGTC-1",1
"CCTTTCTCAGACAAGC-1",0
"CCTTTCTCATCACGAT-1",0
"CCTTTCTCATGCCCGA-1",2
"CCTTTCTTCCCACTTG-1",0
"CCTTTCTTCTTTACGT-1",0
"CGAACATCACATGACT-1",1
"CGAACATCACTTGGAT-1",0
"CGAACATCAGTCCTTC-1",0
"CGAACATGTCTGATTG-1",1
"CGAACATGTGCTGTAT-1",1
"CGAACATTCTCAAACG-1",0
"CGAATGTAGAGGTTAT-1",1
"CGAATGTAGCGATAGC-1",0
"CGAATGTAGTTCGCAT-1",2
"CGAATGTCAATGCCAT-1",0
"CGAATGTGTCTAGTCA-1",2
"CGAATGTGTCTCACCT-1",0
"CGAATGTTCAACACAC-1",1
"CGAATGTTCATCACCC-1",3
"CGAATGTTCTGTACGA-1",2
"CGACCTTAGCTACCGC-1",0
"CGACCTTAGCTAGTCT-1",1
"CGACCTTCAAAGTGCG-1",1
"CGACCTTCACGAAATA-1",0
"CGACCTTGTAAGTGTA-1",1
"CGACCTTGTCAGAATA-1",1
"CGACCTTGTCTCCCTA-1",1
"CGACCTTGTCTCTTAT-1",0
"CGACCTTTCCGCGTTT-1",0
"CGACCTTTCGTTTATC-1",2
"CGACCTTTCTCCAGGG-1",1
"CGACTTCAGACACGAC-1",0
"CGACTTCAGGTAGCCA-1",0
"CGACTTCAGTCTTGCA-1",0
"CGACTTCCAATGGACG-1",1
"CGACTTCGTGGTGTAG-1",2
"CGACTTCGTTGAGTTC-1",2
"CGACTTCTCACTTACT-1",0
"CGACTTCTCTCGCTTG-1",1
"CGAGAAGAGAAACGCC-1",2
"CGAGAAGAGCCAACAG-1",0
"CGAGAAGAGCGTGTCC-1",3
"CGAGAAGCAAGTTCTG-1",1
"CGAGAAGCACATCCGG-1",2
"CGAGAAGCAGGCTGAA-1",2
"CGAGAAGTCGGATGGA-1",2
"CGAGCACAGCCAGAAC-1",3
"CGAGCACCACATGTGT-1",0
"CGAGCACGTAGCGTCC-1",1
"CGAGCACGTAGCGTGA-1",1
"CGAGCACGTCAGATAA-1",1
"CGAGCACGTGCCTTGG-1",1
"CGAGCACTCCCGGATG-1",1
"CGAGCACTCCGCTGTT-1",0
"CGAGCACTCGGAAATA-1",1
"CGAGCACTCGTGACAT-1",0
"CGAGCCAAGCTAGCCC-1",1
"CGAGCCAGTATATCCG-1",0
"CGAGCCAGTCAAGCGA-1",1
"CGATCGGAGAGCCTAG-1",1
"CGATCGGAGTACGATA-1",1
"CGATCGGCAAACGCGA-1",2
"CGATCGGCAAGCGATG-1",1
"CGATCGGCAATACGCT-1",2
"CGATCGGCAGTTAACC-1",2
"CGATCGGCATACTCTT-1",1
"CGATCGGGTCGACTGC-1",0
"CGATCGGTCAACGGGA-1",0
"CGATCGGTCTAGCACA-1",3
"CGATGGCAGCCGTCGT-1",0
"CGATGGCAGTCCAGGA-1",0
"CGATGGCCACTTAACG-1",1
"CGATGGCCAGCGTAAG-1",2
"CGATGGCCATCATCCC-1",1
"CGATGGCTCCTAGAAC-1",2
"CGATGGCTCGCTAGCG-1",0
"CGATGGCTCTGACCTC-1",2
"CGATGTAAGGCAATTA-1",4
"CGATGTAAGTTTGCGT-1",0
"CGATGTACACAGGCCT-1",2
"CGATGTACAGGTCTCG-1",2
"CGATGTAGTCCAGTGC-1",2
"CGATGTAGTCTAGGTT-1",0
"CGATGTAGTGTGCCTG-1",0
"CGATGTAGTTTGCATG-1",1
"CGATTGAAGATGTGGC-1",0
"CGATTGACAGACGCAA-1",0
"CGATTGAGTATGGTTC-1",1
"CGATTGAGTTCAGACT-1",0
"CGATTGATCATGGTCA-1",0
"CGATTGATCTGCGGCA-1",1
"CGCCAAGAGAATGTTG-1",0
"CGCCAAGAGACCTTTG-1",1
"CGCCAAGAGATCGGGT-1",2
"CGCCAAGAGATCTGAA-1",2
"CGCCAAGAGCGTGTCC-1",2
"CGCCAAGGTCTAGGTT-1",2
"CGCCAAGTCAGGATCT-1",0
"CGCCAAGTCCACTCCA-1",1
"CGCCAAGTCTTGTTTG-1",0
"CGCGGTAAGCTAGCCC-1",2
"CGCGGTAAGGGTTCCC-1",1
"CGCGGTACAAACTGCT-1",0
"CGCGGTACAATGGAAT-1",0
"CGCGGTACAGCTGTTA-1",0
"CGCGGTAGTCAAGCGA-1",1
"CGCGGTAGTGAGGCTA-1",1
"CGCGGTAGTTTGCATG-1",0
"CGCGTTTAGTTATCGC-1",0
"CGCGTTTCAACAACCT-1",0
"CGCGTTTCAAGCGAGT-1",2
"CGCGTTTCAATGGACG-1",2
"CGCGTTTCACGGTGTC-1",0
"CGCGTTTGTGCTGTAT-1",0
"CGCGTTTGTGGACGAT-1",1
"CGCGTTTTCAAACCGT-1",4
"CGCGTTTTCAGCCTAA-1",1
"CGCGTTTTCCTATGTT-1",0
"CGCGTTTTCGTGGTCG-1",2
"CGCTATCAGAAACCGC-1",2
"CGCTATCAGTCATCCA-1",2
"CGCTATCCAAGCGAGT-1",0
"CGCTATCCAGTCGATT-1",0
"CGCTATCCATCGACGC-1",3
"CGCTATCCATTTCAGG-1",1
"CGCTATCGTACCGAGA-1",1
"CGCTATCGTTCGAATC-1",2
"CGCTATCGTTTCGCTC-1",2
"CGCTATCTCGTTACAG-1",0
"CGCTGGAAGGACATTA-1",2
"CGCTGGAAGGGCACTA-1",0
"CGCTGGAAGGTGATAT-1",2
"CGCTGGACAGACTCGC-1",2
"CGCTGGAGTGTAATGA-1",2
"CGCTGGAGTTCTGGTA-1",2
"CGCTGGATCCGAAGAG-1",1
"CGCTGGATCCGTTGCT-1",1
"CGCTGGATCGTAGGAG-1",0
"CGCTGGATCGTTACAG-1",2
"CGCTTCAAGAAGGGTA-1",2
"CGCTTCAAGGTCGGAT-1",0
"CGCTTCACACGGTGTC-1",0
"CGCTTCACAGACAAGC-1",3
"CGCTTCACATCACCCT-1",1
"CGCTTCAGTCGCGGTT-1",1
"CGCTTCATCTTAGAGC-1",3
"CGGACACAGCGATATA-1",1
"CGGACACAGCGATGAC-1",2
"CGGACACAGCTTCGCG-1",2
"CGGACACAGGTAAACT-1",1
"CGGACACAGTAGCCGA-1",2
"CGGACACCACAGGAGT-1",0
"CGGACACCATTCACTT-1",1
"CGGACACGTGAGCGAT-1",2
"CGGACACGTGCTCTTC-1",1
"CGGACACGTGTGACCC-1",1
"CGGACGTAGGTTACCT-1",1
"CGGACGTCATGGGACA-1",2
"CGGACGTGTGAAAGAG-1",1
"CGGACGTGTTGGTAAA-1",1
"CGGACGTTCATGTGGT-1",1
"CGGACGTTCTGTCCGT-1",0
"CGGACTGAGGAGCGAG-1",0
"CGGACTGAGGAGTCTG-1",1
"CGGACTGAGTGGTAGC-1",0
"CGGACTGCAACTTGAC-1",3
"CGGACTGCAATGACCT-1",1
"CGGACTGCACAACGTT-1",3
"CGGACTGCACGCCAGT-1",0
"CGGACTGCAGTATGCT-1",0
"CGGACTGGTAAAGGAG-1",2
"CGGACTGGTATAAACG-1",2
"CGGACTGGTGTAAGTA-1",2
"CGGACTGGTGTGGTTT-1",1
"CGGACTGGTTGACGTT-1",2
"CGGACTGTCATTGCCC-1",0
"CGGACTGTCCATGCTC-1",1
"CGGACTGTCCGTCAAA-1",0
"CGGACTGTCGTTTGCC-1",0
"CGGACTGTCTTCATGT-1",3
"CGGAGCTAGTTTAGGA-1",0
"CGGAGCTCATTGAGCT-1",2
"CGGAGCTGTAGAAAGG-1",0
"CGGAGCTTCACTTATC-1",1
"CGGAGCTTCATGTAGC-1",1
"CGGAGCTTCCACGAAT-1",1
"CGGAGTCAGTGCGATG-1",1
"CGGAGTCAGTGTGAAT-1",0
"CGGAGTCCAGTGGGAT-1",2
"CGGAGTCCATTATCTC-1",1
"CGGAGTCGTAGCTGCC-1",0
"CGGAGTCGTCCAGTGC-1",0
"CGGAGTCGTGTTCGAT-1",0
"CGGAGTCTCCCAGGTG-1",1
"CGGAGTCTCCGTAGTA-1",1
"CGGCTAGAGAAACGCC-1",1
"CGGCTAGAGCACCGTC-1",0
"CGGCTAGAGCTAAACA-1",0
"CGGCTAGCAGACAAAT-1",0
"CGGCTAGGTAACGCGA-1",1
"CGGCTAGGTTCATGGT-1",0
"CGGCTAGTCAAAGACA-1",1
"CGGCTAGTCGTGGGAA-1",0
"CGGCTAGTCTTGTTTG-1",3
"CGGGTCAAGAGTCGGT-1",1
"CGGGTCAAGCACACAG-1",1
"CGGGTCAAGCTAACTC-1",0
"CGGGTCAAGGACACCA-1",0
"CGGGTCAAGTATGACA-1",1
"CGGGTCACAATGACCT-1",2
"CGGGTCACACCGAAAG-1",1
"CGGGTCACAGCCACCA-1",1
"CGGGTCACATACAGCT-1",1
"CGGGTCACATCCTTGC-1",0
"CGGGTCAGTAGCGCTC-1",1
"CGGGTCAGTCGATTGT-1",0
"CGGGTCAGTGCAACTT-1",0
"CGGGTCAGTTGTTTGG-1",0
"CGGGTCATCAACACCA-1",2
"CGGGTCATCACCTTAT-1",2
"CGGGTCATCCACGACG-1",1
"CGGTTAACAGGACCCT-1",0
"CGGTTAACATGTCCTC-1",1
"CGGTTAACATTCCTGC-1",1
"CGGTTAAGTCGACTGC-1",3
"CGGTTAATCCGGCACA-1",2
"CGGTTAATCCTTTCGG-1",1
"CGGTTAATCTTATCTG-1",1
"CGTAGCGAGATGTAAC-1",4
"CGTAGCGAGGCAATTA-1",1
"CGTAGCGAGTAGGTGC-1",1
"CGTAGCGCAAGCGCTC-1",0
"CGTAGCGTCCAACCAA-1",0
"CGTAGCGTCGGCGGTT-1",0
"CGTAGGCAGGGCTCTC-1",0
"CGTAGGCCAAGCGATG-1",2
"CGTAGGCCACTAAGTC-1",2
"CGTAGGCCAGAGTGTG-1",0
"CGTAGGCCATCCCATC-1",1
"CGTAGGCGTATTAGCC-1",1
"CGTAGGCGTCAATACC-1",0
"CGTAGGCGTGGCGAAT-1",1
"CGTAGGCTCCAGAAGG-1",1
"CGTCACTAGTCATGCT-1",0
"CGTCACTCAAAGCGGT-1",0
"CGTCACTCAGGTCCAC-1",0
"CGTCACTCAGTCACTA-1",2
"CGTCACTTCCTTGACC-1",0
"CGTCACTTCGGTGTTA-1",0
"CGTCACTTCTGTGCAA-1",4
"CGTCACTTCTTGAGAC-1",0
"CGTCAGGAGCTGTTCA-1",4
"CGTCAGGCAAAGCAAT-1",0
"CGTCAGGCAAAGCGGT-1",1
"CGTCAGGCAACACGCC-1",1
"CGTCAGGCATCCGCGA-1",1
"CGTCAGGGTCAGCTAT-1",1
"CGTCAGGGTCGTTGTA-1",1
"CGTCAGGGTGTAAGTA-1",1
"CGTCAGGTCCACTGGG-1",2
"CGTCAGGTCGACAGCC-1",0
"CGTCAGGTCGGGAGTA-1",2
"CGTCCATAGACCACGA-1",1
"CGTCCATAGCGATTCT-1",0
"CGTCCATAGGCTATCT-1",2
"CGTCCATAGTCTCAAC-1",1
"CGTCCATCACGACTCG-1",0
"CGTCCATCATTCACTT-1",0
"CGTCCATGTCTAGCGC-1",0
"CGTCCATGTGATAAAC-1",3
"CGTCCATGTTTGGGCC-1",2
"CGTCCATGTTTGTGTG-1",0
"CGTCCATTCAACACCA-1",0
"CGTCCATTCATTCACT-1",2
"CGTCTACAGTGCGTGA-1",1
"CGTCTACGTAGTAGTA-1",0
"CGTCTACTCGAGCCCA-1",1
"CGTCTACTCGCCATAA-1",1
"CGTCTACTCGGCCGAT-1",2
"CGTCTACTCGTCCAGG-1",1
"CGTCTACTCTATCGCC-1",0
"CGTGAGCAGATCTGAA-1",1
"CGTGAGCAGCAATCTC-1",2
"CGTGAGCAGCGGATCA-1",2
"CGTGAGCAGCTAGTGG-1",5
"CGTGAGCAGCTTCGCG-1",1
"CGTGAGCAGGGCACTA-1",2
"CGTGAGCAGGGTGTGT-1",0
"CGTGAGCAGTGGAGAA-1",1
"CGTGAGCCAAGCCGCT-1",2
"CGTGAGCCACGTAAGG-1",1
"CGTGAGCCATACGCCG-1",0
"CGTGAGCGTAGATTAG-1",0
"CGTGAGCGTCTCTTAT-1",1
"CGTGAGCTCACAAACC-1",1
"CGTGAGCTCCAAATGC-1",0
"CGTGAGCTCCGAGCCA-1",1
"CGTGAGCTCGTTGCCT-1",0
"CGTGAGCTCTGGGCCA-1",1
"CGTGTAAAGATAGTCA-1",0
"CGTGTAAAGGTGTTAA-1",1
"CGTGTAAAGTACATGA-1",0
"CGTGTAACATGGGACA-1",0
"CGTGTAAGTCCGCTGA-1",0
"CGTGTAAGTGTCTGAT-1",4
"CGTGTAATCTACTATC-1",0
"CGTGTAATCTCGATGA-1",3
"CGTGTAATCTTTAGTC-1",2
"CGTGTCTAGGCGCTCT-1",1
"CGTGTCTAGGGATGGG-1",3
"CGTGTCTCAGACAAAT-1",1
"CGTGTCTCAGACACTT-1",1
"CGTGTCTGTAAGAGGA-1",2
"CGTGTCTGTATATGAG-1",1
"CGTGTCTGTCAAAGCG-1",4
"CGTGTCTGTTCCGTCT-1",1
"CGTGTCTTCAATCACG-1",2
"CGTGTCTTCAGAGGTG-1",1
"CGTGTCTTCATAGCAC-1",0
"CGTGTCTTCCGAACGC-1",0
"CGTGTCTTCGGCATCG-1",0
"CGTGTCTTCGTGGACC-1",0
"CGTGTCTTCTACTTAC-1",1
"CGTGTCTTCTGAGTGT-1",1
"CGTTAGAAGATCTGAA-1",0
"CGTTAGAAGGCCCTTG-1",1
"CGTTAGACACGAAAGC-1",0
"CGTTAGACAGCTTCGG-1",0
"CGTTAGAGTTTAAGCC-1",1
"CGTTAGATCACTTATC-1",2
"CGTTAGATCAGCCTAA-1",6
"CGTTCTGAGAAGGGTA-1",3
"CGTTCTGAGACTAGGC-1",0
"CGTTCTGAGTGAACAT-1",0
"CGTTCTGCAGCTCGCA-1",2
"CGTTCTGCATTGGCGC-1",2
"CGTTCTGGTGAGGGTT-1",0
"CGTTCTGTCTGATTCT-1",1
"CGTTGGGAGCTAGTTC-1",2
"CGTTGGGAGGATGCGT-1",0
"CGTTGGGCACATTAGC-1",2
"CGTTGGGCAGACAGGT-1",1
"CGTTGGGGTTCCCGAG-1",2
"CGTTGGGTCATGCTCC-1",2
"CGTTGGGTCCATGAAC-1",2
"CGTTGGGTCTACCAGA-1",2
"CTAACTTAGTCCTCCT-1",3
"CTAACTTCAATAGCAA-1",1
"CTAACTTCAATCGGTT-1",1
"CTAACTTGTGAGGCTA-1",2
"CTAACTTTCGTACGGC-1",2
"CTAACTTTCTGGCGTG-1",2
"CTAAGACAGGGAAACA-1",1
"CTAAGACAGTACATGA-1",1
"CTAAGACAGTTCGCGC-1",1
"CTAAGACCAAGTAATG-1",0
"CTAAGACCAGTAAGAT-1",0
"CTAAGACCATGCAATC-1",1
"CTAAGACGTAAGGATT-1",1
"CTAAGACGTATCAGTC-1",0
"CTAAGACGTCACCTAA-1",1
"CTAAGACTCGTTGCCT-1",3
"CTAAGACTCTTACCGC-1",2
"CTAAGACTCTTGAGGT-1",0
"CTAATGGAGCAATCTC-1",0
"CTAATGGAGCGCTCCA-1",1
"CTAATGGAGCTCCCAG-1",2
"CTAATGGAGCTGAAAT-1",3
"CTAATGGAGTTAGGTA-1",0
"CTAATGGCATGGAATA-1",1
"CTAATGGGTACCGCTG-1",2
"CTAATGGGTCTAGCGC-1",1
"CTAATGGGTGAGGGAG-1",1
"CTAATGGGTTGGTGGA-1",2
"CTAATGGTCATGCTCC-1",0
"CTAATGGTCCACTGGG-1",2
"CTAATGGTCCGTTGCT-1",1
"CTAATGGTCCTAGAAC-1",1
"CTACACCAGTGCGATG-1",2
"CTACACCCACGGACAA-1",1
"CTACACCGTAATAGCA-1",1
"CTACACCGTCTGATTG-1",0
"CTACACCGTTCGTCTC-1",1
"CTACACCTCAGAAATG-1",1
"CTACACCTCGGCTTGG-1",1
"CTACACCTCGGTCCGA-1",1
"CTACACCTCTCGCATC-1",1
"CTACACCTCTCTGCTG-1",0
"CTACATTAGATCACGG-1",1
"CTACATTCACTCGACG-1",0
"CTACATTCATTTCACT-1",2
"CTACATTGTGATGATA-1",2
"CTACATTGTTCGAATC-1",2
"CTACATTTCAACGCTA-1",3
"CTACATTTCGCCATAA-1",1
"CTACATTTCTAGCACA-1",0
"CTACCCACACAGAGGT-1",0
"CTACCCACACGACGAA-1",1
"CTACCCACATGGTTGT-1",2
"CTACCCAGTATCTGCA-1",1
"CTACCCAGTATGAATG-1",1
"CTACCCAGTCAGAAGC-1",1
"CTACCCAGTGTGACCC-1",0
"CTACCCAGTTATGTGC-1",2
"CTACCCATCTACGAGT-1",0
"CTACGTCAGGTGCAAC-1",0
"CTACGTCAGTGCGATG-1",1
"CTACGTCAGTTGTCGT-1",1
"CTACGTCCATATACCG-1",0
"CTACGTCGTATATGGA-1",1
"CTACGTCGTGTGGTTT-1",0
"CTACGTCTCAAAGTAG-1",0
"CTACGTCTCACGACTA-1",2
"CTACGTCTCACGGTTA-1",2
"CTACGTCTCCTAGAAC-1",0
"CTAGAGTAGCTGTCTA-1",2
"CTAGAGTAGGATCGCA-1",1
"CTAGAGTAGTCCATAC-1",1
"CTAGAGTCACATTAGC-1",1
"CTAGAGTCAGTATGCT-1",0
"CTAGAGTCATACTCTT-1",5
"CTAGAGTCATGTAAGA-1",2
"CTAGAGTGTGACCAAG-1",1
"CTAGAGTTCAACACCA-1",0
"CTAGAGTTCCGTCAAA-1",1
"CTAGAGTTCCTAAGTG-1",1
"CTAGAGTTCGCCAGCA-1",1
"CTAGAGTTCGCTTAGA-1",2
"CTAGAGTTCGTGACAT-1",1
"CTAGAGTTCTGATTCT-1",1
"CTAGCCTCACCAGATT-1",0
"CTAGCCTGTATATCCG-1",2
"CTAGCCTGTGATGCCC-1",3
"CTAGCCTTCGGGAGTA-1",2
"CTAGTGAAGCTGGAAC-1",0
"CTAGTGAAGTGTACCT-1",0
"CTAGTGACAAGTCTAC-1",2
"CTAGTGACAGGATCGA-1",0
"CTAGTGAGTTATGCGT-1",0
"CTAGTGATCAGTTGAC-1",2
"CTAGTGATCCAGTAGT-1",0
"CTCACACAGCTAAGAT-1",4
"CTCACACAGCTGCCCA-1",2
"CTCACACAGGATGCGT-1",1
"CTCACACCACGTAAGG-1",0
"CTCACACCACTGTTAG-1",1
"CTCACACCATATACGC-1",1
"CTCACACGTGCTGTAT-1",2
"CTCACACGTTCCATGA-1",1
"CTCACACGTTTGGGCC-1",1
"CTCACACTCACCGGGT-1",0
"CTCACACTCATCGGAT-1",1
"CTCACACTCCGCGCAA-1",2
"CTCACACTCTAACCGA-1",2
"CTCAGAAAGAGCTGCA-1",0
"CTCAGAAAGGAGTAGA-1",1
"CTCAGAACAACGCACC-1",6
"CTCAGAACAAGCGATG-1",0
"CTCAGAACAGGGCATA-1",2
"CTCAGAAGTGACGGTA-1",1
"CTCAGAATCTTAACCT-1",0
"CTCATTAAGAACTGTA-1",2
"CTCATTACATGGTCAT-1",0
"CTCATTAGTGTAACGG-1",1
"CTCATTAGTTTACTCT-1",1
"CTCCTAGCAAGTACCT-1",0
"CTCCTAGCAATTCCTT-1",3
"CTCCTAGCACTGTCGG-1",0
"CTCCTAGCAGTCCTTC-1",0
"CTCCTAGCATAACCTG-1",0
"CTCCTAGCATGCGCAC-1",0
"CTCCTAGGTAGAAAGG-1",1
"CTCCTAGGTCCGAGTC-1",2
"CTCCTAGGTCTAGCCG-1",1
"CTCCTAGGTGTTTGTG-1",1
"CTCCTAGGTTCGTGAT-1",0
"CTCCTAGGTTGTTTGG-1",1
"CTCCTAGTCACTTACT-1",1
"CTCCTAGTCTCATTCA-1",0
"CTCGAAAAGCCCAACC-1",1
"CTCGAAAAGCTATGCT-1",3
"CTCGAAAAGGCCCTTG-1",0
"CTCGAAAAGGGCTTCC-1",0
"CTCGAAACAAGCCGTC-1",2
"CTCGAAACACATTAGC-1",1
"CTCGAAACACCGAAAG-1",2
"CTCGAAACACGGCTAC-1",0
"CTCGAAACAGTAAGAT-1",2
"CTCGAAACATACGCCG-1",1
"CTCGAGGAGCCATCGC-1",2
"CTCGAGGAGGGCTTCC-1",0
"CTCGAGGCAGATAATG-1",4
"CTCGAGGGTATTCTCT-1",0
"CTCGAGGGTGCCTGGT-1",0
"CTCGGAGAGTCCCACG-1",1
"CTCGGAGCACTTCTGC-1",1
"CTCGGAGCAGCTGCAC-1",1
"CTCGGAGCAGGATCGA-1",4
"CTCGGAGGTAGCCTAT-1",2
"CTCGGAGGTCATGCCG-1",2
"CTCGGAGTCAAACGGG-1",1
"CTCGGAGTCACATACG-1",3
"CTCGGAGTCAGCTTAG-1",1
"CTCGGGAAGACCTAGG-1",2
"CTCGGGACACAGCCCA-1",1
"CTCGGGACATAAAGGT-1",1
"CTCGGGACATCCCACT-1",1
"CTCGGGACATGTCGAT-1",1
"CTCGGGAGTCGCGTGT-1",1
"CTCGGGAGTGACTACT-1",1
"CTCGGGAGTTACGACT-1",0
"CTCGGGATCCGTACAA-1",2
"CTCGGGATCCTTGACC-1",0
"CTCGGGATCTTAGCCC-1",0
"CTCGGGATCTTGTTTG-1",1
"CTCGTACAGCGATAGC-1",3
"CTCGTACCAGCGTAAG-1",2
"CTCGTACCATAGTAAG-1",1
"CTCGTACGTAGAGTGC-1",0
"CTCGTACGTATCACCA-1",2
"CTCGTACGTGCAGTAG-1",0
"CTCGTACTCAAAGTAG-1",1
"CTCGTACTCAATCTCT-1",0
"CTCGTACTCGTTGCCT-1",1
"CTCGTACTCTGGTTCC-1",0
"CTCGTCAAGATGCCTT-1",2
"CTCGTCAAGTGGAGTC-1",2
"CTCGTCAAGTTTGCGT-1",1
"CTCGTCACAACGATCT-1",1
"CTCGTCACACATCCGG-1",1
"CTCGTCACAGTCGTGC-1",1
"CTCGTCAGTCTCATCC-1",1
"CTCGTCAGTCTCCATC-1",0
"CTCGTCAGTGAGCGAT-1",0
"CTCGTCAGTTGACGTT-1",0
"CTCGTCAGTTGGGACA-1",1
"CTCGTCATCACTTATC-1",1
"CTCGTCATCGACCAGC-1",2
"CTCGTCATCTGCTGTC-1",0
"CTCTAATCACCAGGTC-1",1
"CTCTAATCACGGTGTC-1",1
"CTCTAATCAGGAATCG-1",1
"CTCTAATGTCCAAGTT-1",0
"CTCTACGAGCTAAACA-1",2
"CTCTACGAGCTAGTGG-1",0
"CTCTACGAGTACGCCC-1",1
"CTCTACGAGTAGGCCA-1",0
"CTCTACGCAATAACGA-1",2
"CTCTACGCAGACGCTC-1",0
"CTCTACGCATGACATC-1",0
"CTCTACGTCATGTCTT-1",1
"CTCTACGTCCCTAATT-1",2
"CTCTACGTCGGCATCG-1",3
"CTCTACGTCGGTCTAA-1",0
"CTCTGGTAGCAGCGTA-1",2
"CTCTGGTAGCGTTCCG-1",3
"CTCTGGTAGGCATGGT-1",1
"CTCTGGTAGTGCCAGA-1",0
"CTCTGGTCACAAGCCC-1",2
"CTCTGGTCAGCCTTTC-1",1
"CTCTGGTTCATCTGTT-1",0
"CTCTGGTTCTTGTACT-1",0
"CTGAAACAGATCCCGC-1",1
"CTGAAACAGGTGCTAG-1",1
"CTGAAACAGTCCGTAT-1",0
"CTGAAACAGTGTCTCA-1",1
"CTGAAACGTCATCGGC-1",2
"CTGAAACGTTAAAGAC-1",4
"CTGAAACTCATACGGT-1",1
"CTGAAGTAGTGCGTGA-1",3
"CTGAAGTCAGCTGTAT-1",5
"CTGAAGTGTTAAAGTG-1",1
"CTGAAGTTCAAGCCTA-1",1
"CTGAAGTTCGGATGTT-1",1
"CTGATAGAGGGAGTAA-1",1
"CTGATAGAGTGCAAGC-1",2
"CTGATAGCAGCCTTTC-1",1
"CTGATAGCATCCCATC-1",0
"CTGATAGCATCTCCCA-1",0
"CTGATAGGTCAAAGCG-1",1
"CTGATAGGTCGCTTTC-1",0
"CTGATAGGTTACGACT-1",1
"CTGATAGTCGCGATCG-1",0
"CTGATAGTCTTATCTG-1",2
"CTGATCCAGGCATTGG-1",0
"CTGATCCAGGTGACCA-1",0
"CTGATCCCACAGAGGT-1",1
"CTGATCCCAGGCTGAA-1",0
"CTGATCCGTGCCTGGT-1",1
"CTGATCCGTTATCCGA-1",1
"CTGATCCGTTGTGGCC-1",3
"CTGCCTAAGGGTCTCC-1",1
"CTGCCTAAGGTGATAT-1",1
"CTGCCTAAGTACGCGA-1",3
"CTGCCTAAGTGCGTGA-1",1
"CTGCCTACATCCCACT-1",1
"CTGCCTATCAATAAGG-1",2
"CTGCGGAAGAAGGACA-1",1
"CTGCGGAAGAGCTGGT-1",1
"CTGCGGAAGATGAGAG-1",2
"CTGCGGACAGGTCGTC-1",0
"CTGCGGACATGTCTCC-1",2
"CTGCGGAGTCACTTCC-1",1
"CTGCGGAGTCGTGGCT-1",0
"CTGCGGAGTTCTGTTT-1",2
"CTGCGGAGTTGGACCC-1",1
"CTGCGGATCGCCTGTT-1",0
"CTGCGGATCTTACCGC-1",2
"CTGCTGTAGGGTGTTG-1",2
"CTGCTGTAGTACCGGA-1",0
"CTGCTGTAGTGGAGAA-1",0
"CTGCTGTCACATCTTT-1",1
"CTGCTGTGTTAAAGAC-1",3
"CTGCTGTTCTCCAACC-1",1
"CTGCTGTTCTTACCGC-1",1
"CTGGTCTAGCGTTGCC-1",3
"CTGGTCTAGGACAGCT-1",2
"CTGGTCTAGGGCTTGA-1",2
"CTGGTCTAGTCGAGTG-1",0
"CTGGTCTCAAAGGAAG-1",2
"CTGGTCTCACCAGTTA-1",0
"CTGGTCTGTACCTACA-1",3
"CTGGTCTGTACGCTGC-1",3
"CTGGTCTGTCCGCTGA-1",0
"CTGGTCTGTCCGTTAA-1",1
"CTGGTCTGTTCATGGT-1",1
"CTGGTCTGTTCGTGAT-1",0
"CTGGTCTTCAACGGGA-1",2
"CTGGTCTTCACTTACT-1",3
"CTGGTCTTCTTACCTA-1",0
"CTGTGCTGTATATCCG-1",2
"CTGTGCTGTCATCCCT-1",1
"CTGTGCTGTCCCTACT-1",1
"CTGTGCTGTCGGCACT-1",0
"CTGTGCTTCCATTCTA-1",1
"CTGTGCTTCCGTACAA-1",1
"CTGTTTAAGAAACCGC-1",1
"CTGTTTAAGATCGATA-1",1
"CTGTTTAAGGAGTTGC-1",1
"CTGTTTAGTCAAAGCG-1",1
"CTGTTTATCAGCCTAA-1",1
"CTGTTTATCATTTGGG-1",1
"CTGTTTATCTCCAGGG-1",0
"CTGTTTATCTCTTGAT-1",1
"CTGTTTATCTTCTGGC-1",0
"CTTAACTAGCCAGTAG-1",1
"CTTAACTAGGCTCTTA-1",1
"CTTAACTAGGTGCACA-1",3
"CTTAACTAGTCTCGGC-1",0
"CTTACCGAGCGCTTAT-1",1
"CTTACCGAGGCTACGA-1",2
"CTTACCGCAGATCTGT-1",2
"CTTACCGCAGTCAGAG-1",0
"CTTACCGGTCCTGCTT-1",1
"CTTACCGGTCGCCATG-1",2
"CTTACCGGTCTACCTC-1",0
"CTTACCGTCGGACAAG-1",0
"CTTAGGAAGCCCAACC-1",0
"CTTAGGACACGACGAA-1",0
"CTTAGGAGTTATGTGC-1",1
"CTTAGGATCCCATTTA-1",2
"CTTAGGATCTTTACAC-1",1
"CTTCTCTAGAACTCGG-1",1
"CTTCTCTAGAGTGAGA-1",2
"CTTCTCTAGCAGGCTA-1",0
"CTTCTCTAGTTAACGA-1",1
"CTTCTCTCAAAGGTGC-1",1
"CTTCTCTGTAACGACG-1",2
"CTTCTCTGTGCATCTA-1",2
"CTTCTCTTCGAGCCCA-1",2
"CTTGGCTAGCGATATA-1",2
"CTTGGCTAGTACGTTC-1",0
"CTTGGCTCATTACCTT-1",3
"CTTGGCTGTCTCCATC-1",1
"CTTGGCTTCCCTAATT-1",3
"CTTGGCTTCGCGTAGC-1",0
"CTTGGCTTCTCGTTTA-1",2
"CTTTGCGAGCAAATCA-1",0
"CTTTGCGAGCGTTCCG-1",4
"CTTTGCGAGTATCTCG-1",2
"CTTTGCGCAATTCCTT-1",1
"CTTTGCGCACTTAAGC-1",5
"CTTTGCGCAGACGCAA-1",0
"CTTTGCGGTAGAGGAA-1",3
"CTTTGCGTCCAGGGCT-1",3
"GAAACTCAGAGACGAA-1",0
"GAAACTCAGAGGTTAT-1",0
"GAAACTCAGCAGCCTC-1",2
"GAAACTCAGCCCAGCT-1",2
"GAAACTCAGCTAAACA-1",3
"GAAACTCAGTGCTGCC-1",2
"GAAACTCCAAGCCCAC-1",1
"GAAACTCCACATGACT-1",0
"GAAACTCCAGACACTT-1",0
"GAAACTCCATGGATGG-1",4
"GAAACTCGTACTCGCG-1",0
"GAAACTCGTAGCGATG-1",0
"GAAACTCGTGTGAAAT-1",0
"GAAACTCGTTTGTGTG-1",1
"GAAATGAAGACTAGGC-1",1
"GAAATGAAGCCAGTTT-1",0
"GAAATGAAGCTAGTCT-1",1
"GAAATGAAGTACGTAA-1",0
"GAAATGATCATGCTCC-1",1
"GAAATGATCCTCGCAT-1",1
"GAACATCAGATGGCGT-1",0
"GAACATCCAACAACCT-1",1
"GAACATCCACATCTTT-1",0
"GAACATCCACCTATCC-1",1
"GAACATCCACGGACAA-1",0
"GAACATCCATGCTAGT-1",1
"GAACATCGTACGACCC-1",2
"GAACATCGTGGACGAT-1",1
"GAACATCGTTCCCGAG-1",2
"GAACATCTCCAAGTAC-1",1
"GAACATCTCGATCCCT-1",1
"GAACATCTCTCCAACC-1",1
"GAACCTAAGAACTGTA-1",1
"GAACCTAAGAGCAATT-1",2
"GAACCTAAGCCAGTAG-1",2
"GAACCTACAAGGACAC-1",2
"GAACCTACAGACACTT-1",0
"GAACCTAGTACCAGTT-1",3
"GAACCTAGTGTCAATC-1",1
"GAACCTATCACGATGT-1",0
"GAACGGAAGACGCAAC-1",0
"GAACGGAAGTAATCCC-1",3
"GAACGGAAGTCAATAG-1",1
"GAACGGAAGTGGACGT-1",0
"GAACGGACACAGCGTC-1",2
"GAACGGACACCTCGTT-1",1
"GAACGGACACTTAACG-1",1
"GAACGGAGTAGCGTAG-1",0
"GAACGGAGTCAGAGGT-1",1
"GAACGGAGTGGCGAAT-1",4
"GAACGGATCACTCCTG-1",1
"GAACGGATCCACGAAT-1",1
"GAACGGATCGTAGGAG-1",4
"GAACGGATCTGTCAAG-1",2
"GAAGCAGAGACTAAGT-1",0
"GAAGCAGAGAGACGAA-1",2
"GAAGCAGAGCCACGCT-1",2
"GAAGCAGAGTTCGCGC-1",0
"GAAGCAGCAATCCGAT-1",2
"GAAGCAGCACTCGACG-1",4
"GAAGCAGCAGATCTGT-1",0
"GAAGCAGCAGATGAGC-1",1
"GAAGCAGCATGAACCT-1",2
"GAAGCAGCATGGAATA-1",1
"GAAGCAGGTAACGCGA-1",2
"GAAGCAGGTCATACTG-1",2
"GAAGCAGTCCTAGTGA-1",0
"GAAGCAGTCTTATCTG-1",2
"GAATAAGCAAGGTGTG-1",2
"GAATAAGCAGACAAGC-1",1
"GAATAAGCATGCAACT-1",3
"GAATAAGGTCCGTTAA-1",2
"GAATAAGGTGAGTGAC-1",1
"GAATAAGGTTCCCTTG-1",0
"GAATAAGTCGTTTAGG-1",2
"GAATGAAAGAGTCTGG-1",2
"GAATGAAAGCTTATCG-1",0
"GAATGAAAGGCATGTG-1",0
"GAATGAACAAACGCGA-1",2
"GAATGAACAGTGAGTG-1",0
"GAATGAACATCATCCC-1",0
"GAATGAAGTCAACATC-1",2
"GAATGAAGTCTCACCT-1",3
"GAATGAAGTGGCAAAC-1",1
"GAATGAAGTTGCGTTA-1",0
"GAATGAATCAGTTAGC-1",1
"GAATGAATCCTGCCAT-1",5
"GACACGCAGACGCACA-1",2
"GACACGCAGAGTAATC-1",3
"GACACGCAGCCAACAG-1",1
"GACACGCAGGAGTTTA-1",0
"GACACGCAGGGCATGT-1",0
"GACACGCAGGTGCACA-1",0
"GACACGCAGTCCAGGA-1",0
"GACACGCAGTGGGATC-1",4
"GACACGCAGTGGGTTG-1",2
"GACACGCCAAGCGTAG-1",2
"GACACGCCAAGGACAC-1",1
"GACACGCCAGACGCTC-1",1
"GACACGCCATCCTTGC-1",0
"GACACGCGTTCACGGC-1",1
"GACACGCTCATGTAGC-1",2
"GACAGAGAGTACGATA-1",0
"GACAGAGCAACGATCT-1",0
"GACAGAGCAAGTCTAC-1",0
"GACAGAGCAGCTCCGA-1",1
"GACAGAGCAGCTGGCT-1",3
"GACAGAGGTAGAAAGG-1",2
"GACAGAGTCAAACAAG-1",2
"GACAGAGTCAGAGACG-1",1
"GACAGAGTCCTTCAAT-1",0
"GACAGAGTCCTTGCCA-1",0
"GACAGAGTCTTCATGT-1",1
"GACCAATAGAAGGGTA-1",2
"GACCAATAGCTACCGC-1",1
"GACCAATAGCTACCTA-1",0
"GACCAATCAGGTGCCT-1",1
"GACCAATCATGCGCAC-1",1
"GACCAATGTACAGTTC-1",1
"GACCAATGTCGCTTCT-1",1
"GACCAATTCCGATATG-1",2
"GACCAATTCGAATGGG-1",0
"GACCAATTCGTCACGG-1",1
"GACCTGGCATCACAAC-1",1
"GACCTGGCATGTCTCC-1",1
"GACCTGGCATTGGCGC-1",4
"GACCTGGGTAAAGGAG-1",0
"GACCTGGGTCCAGTTA-1",1
"GACCTGGGTGCAGTAG-1",2
"GACCTGGTCATAGCAC-1",1
"GACCTGGTCCTTGCCA-1",4
"GACCTGGTCGCATGAT-1",1
"GACCTGGTCGTCACGG-1",0
"GACGCGTAGTGGTAAT-1",0
"GACGCGTAGTTGTAGA-1",0
"GACGCGTGTAAAGGAG-1",2
"GACGCGTGTGTGAAAT-1",1
"GACGCGTGTTAAGACA-1",2
"GACGCGTTCAAACCGT-1",1
"GACGCGTTCCAAATGC-1",2
"GACGCGTTCCGCGGTA-1",0
"GACGCGTTCCTACAGA-1",3
"GACGCGTTCGACGGAA-1",1
"GACGCGTTCTCCGGTT-1",2
"GACGGCTAGAAGATTC-1",0
"GACGGCTAGAGCTGGT-1",1
"GACGGCTCAAGGTTTC-1",1
"GACGGCTCACCGCTAG-1",1
"GACGGCTCATGAACCT-1",0
"GACGGCTCATGCAACT-1",0
"GACGGCTGTGTGTGCC-1",0
"GACGGCTGTTATGTGC-1",0
"GACGGCTGTTTGGCGC-1",0
"GACGGCTTCTATCGCC-1",0
"GACGTGCAGGCAAAGA-1",0
"GACGTGCAGGGTGTGT-1",0
"GACGTGCAGGTGTTAA-1",0
"GACGTGCCAGGTCGTC-1",0
"GACGTGCGTAACGTTC-1",0
"GACGTGCTCACCTCGT-1",2
"GACGTTAAGCTACCGC-1",2
"GACGTTAAGGCAAAGA-1",1
"GACGTTAAGTCAAGCG-1",1
"GACGTTACAAGCCATT-1",0
"GACGTTACAAGGTTTC-1",2
"GACGTTACAGACACTT-1",2
"GACGTTAGTATCTGCA-1",1
"GACGTTAGTTTGACAC-1",2
"GACGTTAGTTTGACTG-1",0
"GACGTTATCACAGGCC-1",1
"GACGTTATCATTGCGA-1",1
"GACGTTATCCCGGATG-1",0
"GACGTTATCCGAAGAG-1",1
"GACGTTATCGCGTTTC-1",1
"GACGTTATCTGTCCGT-1",0
"GACTAACAGACAGAGA-1",1
"GACTAACAGTGGAGAA-1",1
"GACTAACCAAATCCGT-1",2
"GACTAACGTCTAGTCA-1",1
"GACTAACGTGCAACTT-1",0
"GACTAACGTTCAGACT-1",7
"GACTAACTCCGCGCAA-1",1
"GACTAACTCCTTTCTC-1",1
"GACTAACTCTTGCCGT-1",0
"GACTAACTCTTTACAC-1",2
"GACTACAAGATATGGT-1",1
"GACTACACAAATCCGT-1",3
"GACTACAGTGCTGTAT-1",0
"GACTACATCAGCCTAA-1",1
"GACTACATCAGGTAAA-1",1
"GACTACATCTGCAGTA-1",1
"GACTGCGAGCGTAGTG-1",0
"GACTGCGAGTTGTAGA-1",0
"GACTGCGCACTTAACG-1",1
"GACTGCGCATGTTCCC-1",1
"GACTGCGGTACGCACC-1",0
"GACTGCGGTTCTCATT-1",1
"GACTGCGTCAACACAC-1",0
"GACTGCGTCACGACTA-1",0
"GACTGCGTCGCCCTTA-1",0
"GACTGCGTCTCAAACG-1",1
"GAGCAGAGTAGGGTAC-1",3
"GAGCAGAGTCAGATAA-1",1
"GAGCAGAGTCATATGC-1",0
"GAGCAGAGTGAGCGAT-1",1
"GAGCAGAGTGTAACGG-1",1
"GAGCAGAGTGTGACCC-1",2
"GAGCAGAGTTCGGGCT-1",1
"GAGCAGAGTTTAAGCC-1",0
"GAGCAGAGTTTGCATG-1",4
"GAGGTGAAGCAACGGT-1",1
"GAGGTGAAGGCTCTTA-1",1
"GAGGTGAAGTGGTAGC-1",2
"GAGGTGAAGTTGTAGA-1",0
"GAGGTGACACTGTCGG-1",1
"GAGGTGACATCCTTGC-1",0
"GAGGTGACATGCATGT-1",1
"GAGGTGAGTACCTACA-1",0
"GAGGTGAGTCATTAGC-1",2
"GAGGTGAGTTCCTCCA-1",1
"GAGGTGATCATCGCTC-1",0
"GAGGTGATCTAGAGTC-1",1
"GAGGTGATCTCTAGGA-1",3
"GAGGTGATCTGCTGTC-1",1
"GAGGTGATCTGGGCCA-1",1
"GAGTCCGAGGACAGAA-1",3
"GAGTCCGAGGCATGTG-1",1
"GAGTCCGAGGCGTACA-1",1
"GAGTCCGCAAACCCAT-1",3
"GAGTCCGGTCAAGCGA-1",1
"GAGTCCGGTGACCAAG-1",1
"GAGTCCGGTGACTCAT-1",0
"GAGTCCGGTGTGACCC-1",0
"GAGTCCGGTTCGGGCT-1",0
"GAGTCCGGTTTGCATG-1",1
"GAGTCCGTCGGCGCAT-1",2
"GAGTCCGTCTGATTCT-1",0
"GATCAGTAGATGTCGG-1",1
"GATCAGTAGTGGTAGC-1",0
"GATCAGTGTATATGAG-1",0
"GATCAGTGTCTGCGGT-1",1
"GATCAGTGTTATGCGT-1",2
"GATCAGTGTTGTACAC-1",2
"GATCAGTTCCCGACTT-1",1
"GATCGATAGAATGTTG-1",0
"GATCGATAGAGCTGCA-1",2
"GATCGATAGCATGGCA-1",0
"GATCGATCAAGCGAGT-1",0
"GATCGATCAAGCGTAG-1",0
"GATCGATGTCAACATC-1",2
"GATCGATGTTGCCTCT-1",1
"GATCGATTCCGCATCT-1",3
"GATCGCGAGATAGTCA-1",2
"GATCGCGAGCCTTGAT-1",1
"GATCGCGAGGAGCGTT-1",2
"GATCGCGCAGGTCGTC-1",1
"GATCGCGGTACAGCAG-1",2
"GATCGCGGTGAGTATA-1",1
"GATCGCGGTTGTCGCG-1",0
"GATCGCGTCACTCCTG-1",1
"GATCGTAAGACATAAC-1",6
"GATCGTAAGCTCAACT-1",0
"GATCGTACATAACCTG-1",1
"GATCGTAGTGGCTCCA-1",1
"GATCGTATCATATCGG-1",0
"GATCGTATCATGTCCC-1",1
"GATCGTATCTTACCGC-1",4
"GATCTAGAGCGTCTAT-1",2
"GATCTAGAGTGGAGAA-1",1
"GATCTAGCAACACCTA-1",4
"GATCTAGCAAGGGTCA-1",1
"GATCTAGGTCTAAAGA-1",2
"GATCTAGGTCTCACCT-1",0
"GATCTAGGTCTCTTTA-1",0
"GATCTAGTCACATAGC-1",1
"GATCTAGTCTAAGCCA-1",1
"GATGAAAAGAGTAATC-1",0
"GATGAAAAGCTCCCAG-1",1
"GATGAAACACGGTAGA-1",0
"GATGAAACAGCTGTAT-1",2
"GATGAAAGTGGGTATG-1",4
"GATGAAATCACCCTCA-1",0
"GATGAAATCACTCCTG-1",1
"GATGAAATCAGCAACT-1",1
"GATGAAATCGAGAGCA-1",1
"GATGAGGAGATCCCGC-1",1
"GATGAGGAGTTCGATC-1",2
"GATGAGGCACCAGTTA-1",0
"GATGAGGGTATCACCA-1",0
"GATGAGGGTATTCGTG-1",0
"GATGAGGGTCGCGTGT-1",1
"GATGAGGGTGATGATA-1",0
"GATGAGGTCACAGGCC-1",0
"GATGAGGTCACATAGC-1",1
"GATGAGGTCCCTTGTG-1",2
"GATGAGGTCTGCTGTC-1",0
"GATGCTAAGACTAAGT-1",0
"GATGCTAAGGATGCGT-1",0
"GATGCTAAGGCTCTTA-1",1
"GATGCTAAGGGAACGG-1",0
"GATGCTAAGTATCTCG-1",0
"GATGCTAAGTCTCGGC-1",4
"GATGCTACATGTTGAC-1",0
"GATGCTACATTGCGGC-1",1
"GATGCTAGTCTCCATC-1",2
"GATGCTAGTGGAAAGA-1",1
"GATGCTAGTTAGGGTG-1",0
"GATGCTATCCTGTACC-1",3
"GATGCTATCGGCGCTA-1",0
"GATTCAGAGAAACCTA-1",0
"GATTCAGAGAGTGACC-1",1
"GATTCAGAGATTACCC-1",1
"GATTCAGAGGGTCGAT-1",2
"GATTCAGAGGTCGGAT-1",2
"GATTCAGAGTCAATAG-1",2
"GATTCAGCAAGTTGTC-1",4
"GATTCAGCAATTCCTT-1",0
"GATTCAGCAGGGTACA-1",1
"GATTCAGCATCGACGC-1",1
"GATTCAGCATTATCTC-1",2
"GATTCAGGTAAATACG-1",1
"GATTCAGTCAACTCTT-1",1
"GCAAACTAGATGTTAG-1",0
"GCAAACTAGTCATGCT-1",2
"GCAAACTAGTCTCAAC-1",2
"GCAAACTCACAGGTTT-1",0
"GCAAACTGTCAGATAA-1",0
"GCAAACTGTCTCCATC-1",0
"GCAAACTTCGTGGTCG-1",4
"GCAATCAAGGGATCTG-1",2
"GCAATCAAGTATCTCG-1",1
"GCAATCAAGTGGGTTG-1",1
"GCAATCACAGCTTAAC-1",0
"GCAATCACATGTCGAT-1",0
"GCAATCACATTCCTCG-1",1
"GCAATCAGTAGGAGTC-1",3
"GCAATCAGTATAATGG-1",2
"GCAATCAGTTCTCATT-1",0
"GCAATCAGTTCTGGTA-1",1
"GCACATAAGAGCTATA-1",4
"GCACATAAGATGTTAG-1",2
"GCACATAAGCCTTGAT-1",0
"GCACATAAGGAGTACC-1",0
"GCACATAAGTGAAGTT-1",2
"GCACATACACCACGTG-1",0
"GCACATACAGCTGTAT-1",0
"GCACATACAGGAACGT-1",0
"GCACATAGTCATCGGC-1",3
"GCACATAGTCCGAATT-1",1
"GCACATAGTCTCTTTA-1",1
"GCACATAGTGCGCTTG-1",0
"GCACATATCACCTCGT-1",3
"GCACATATCTGGTTCC-1",1
"GCACTCTCAAGACACG-1",2
"GCACTCTCAATCACAC-1",2
"GCACTCTCATTTCAGG-1",0
"GCACTCTGTAAACCTC-1",2
"GCACTCTGTACCAGTT-1",0
"GCACTCTGTAGAAAGG-1",0
"GCACTCTGTCGAACAG-1",0
"GCACTCTGTCTAGGTT-1",1
"GCACTCTTCAACTCTT-1",4
"GCACTCTTCCCTAATT-1",5
"GCACTCTTCTGCCCTA-1",2
"GCAGCCAAGCTGATAA-1",0
"GCAGCCACATGAGCGA-1",0
"GCAGCCAGTAATCGTC-1",0
"GCAGCCAGTGTCGCTG-1",2
"GCAGCCATCAGTTGAC-1",0
"GCAGCCATCCCAACGG-1",1
"GCAGCCATCCGTACAA-1",1
"GCAGTTAAGTCCATAC-1",2
"GCAGTTAAGTCCGTAT-1",0
"GCAGTTAAGTTAACGA-1",3
"GCAGTTAGTGGACGAT-1",1
"GCAGTTAGTTATTCTC-1",1
"GCAGTTATCGCGATCG-1",0
"GCATACAAGATCTGCT-1",1
"GCATACAAGCAACGGT-1",2
"GCATACACAACGCACC-1",2
"GCATACACAAGGACTG-1",3
"GCATACACAAGTCTGT-1",0
"GCATACACAGTCAGCC-1",3
"GCATACACATCCTAGA-1",2
"GCATACACATCGGAAG-1",1
"GCATACAGTCCGAACC-1",3
"GCATACAGTTCTGGTA-1",3
"GCATACATCCACGACG-1",1
"GCATGATAGAATGTTG-1",2
"GCATGATAGAGTAATC-1",2
"GCATGATAGCTGATAA-1",0
"GCATGATAGGACCACA-1",0
"GCATGATAGGCTAGCA-1",1
"GCATGATAGTCAAGCG-1",0
"GCATGATAGTGGAGAA-1",5
"GCATGATCACACCGAC-1",1
"GCATGATCACATTTCT-1",0
"GCATGATGTCCCTACT-1",2
"GCATGATGTTGCGCAC-1",3
"GCATGATTCGTGGACC-1",0
"GCATGCGAGCATGGCA-1",0
"GCATGCGAGTCCAGGA-1",1
"GCATGCGCACTGCCAG-1",0
"GCATGCGGTAAGGATT-1",1
"GCATGCGGTCCTCTTG-1",1
"GCATGCGGTGTGAAAT-1",2
"GCATGCGTCCGCGGTA-1",1
"GCATGTAAGAACTGTA-1",0
"GCATGTAAGACAGACC-1",1
"GCATGTAAGTACTTGC-1",4
"GCATGTAAGTGCAAGC-1",2
"GCATGTACAACACGCC-1",3
"GCATGTATCACGAAGG-1",0
"GCCAAATCAAACTGTC-1",1
"GCCAAATCAAGGGTCA-1",0
"GCCAAATCAAGTTCTG-1",1
"GCCAAATCAGCCACCA-1",1
"GCCAAATCATAACCTG-1",0
"GCCAAATGTATAAACG-1",2
"GCCAAATGTGTTTGGT-1",0
"GCCAAATGTTTCGCTC-1",0
"GCCAAATTCAGGTAAA-1",0
"GCCAAATTCCGAGCCA-1",0
"GCCAAATTCCGCGGTA-1",0
"GCCAAATTCGGCTACG-1",0
"GCCTCTAAGAGTACCG-1",0
"GCCTCTAAGCCATCGC-1",1
"GCCTCTAAGCCGCCTA-1",0
"GCCTCTAAGCGATAGC-1",0
"GCCTCTAAGCTGCAAG-1",1
"GCCTCTAAGCTTCGCG-1",2
"GCCTCTAAGTCACGCC-1",1
"GCCTCTACAAGACGTG-1",0
"GCCTCTACAGCTATTG-1",2
"GCCTCTAGTAAGGATT-1",0
"GCCTCTAGTGATGATA-1",1
"GCCTCTAGTTAAGGGC-1",3
"GCCTCTATCAGCGACC-1",1
"GCCTCTATCCGATATG-1",1
"GCCTCTATCGAATCCA-1",1
"GCCTCTATCGAGCCCA-1",0
"GCCTCTATCGCTGATA-1",0
"GCCTCTATCTTTAGGG-1",0
"GCGACCAAGAGGTTAT-1",0
"GCGACCACACTTACGA-1",0
"GCGACCAGTCAGGACA-1",1
"GCGACCAGTCTAGAGG-1",2
"GCGACCATCAACGGGA-1",2
"GCGACCATCCCGGATG-1",0
"GCGACCATCTACTCAT-1",2
"GCGAGAAAGGTTCCTA-1",2
"GCGAGAAAGTACGATA-1",2
"GCGAGAAAGTGTCTCA-1",2
"GCGAGAACAAGCCCAC-1",0
"GCGAGAACACTGAAGG-1",0
"GCGAGAAGTAGCGCTC-1",1
"GCGAGAAGTCCCTACT-1",0
"GCGAGAATCCTTTCGG-1",0
"GCGAGAATCGAGAGCA-1",2
"GCGAGAATCGCACTCT-1",1
"GCGCAACAGTCCTCCT-1",0
"GCGCAACAGTGTACGG-1",1
"GCGCAACCAAGTCTGT-1",0
"GCGCAACCAGCCACCA-1",3
"GCGCAACGTAGCGCTC-1",1
"GCGCAACGTCCCTTGT-1",2
"GCGCAACGTCCTAGCG-1",2
"GCGCAACGTCGACTAT-1",0
"GCGCAACGTCTAGAGG-1",1
"GCGCAACGTGCACGAA-1",2
"GCGCAACTCAATACCG-1",0
"GCGCAGTCACATCCAA-1",1
"GCGCAGTCATTACCTT-1",1
"GCGCAGTGTTAGGGTG-1",1
"GCGCAGTTCGATCCCT-1",1
"GCGCAGTTCGCGGATC-1",1
"GCGCCAAAGACATAAC-1",0
"GCGCCAAAGGACAGCT-1",1
"GCGCCAAAGGCCCTTG-1",0
"GCGCCAAAGGGCTTCC-1",0
"GCGCCAAAGGTACTCT-1",3
"GCGCCAACATAACCTG-1",0
"GCGCCAACATTGGGCC-1",0
"GCGCCAAGTACTTGAC-1",0
"GCGCCAAGTCGGCACT-1",1
"GCGCCAAGTGAAAGAG-1",3
"GCGCCAAGTTGTACAC-1",1
"GCGCCAATCCGTTGCT-1",0
"GCGCGATAGAAGGTTT-1",2
"GCGCGATAGCAGGTCA-1",0
"GCGCGATAGTGAATTG-1",2
"GCGCGATAGTTTGCGT-1",4
"GCGCGATCAGCTCGAC-1",3
"GCGCGATGTAAGTAGT-1",0
"GCGCGATGTATCACCA-1",0
"GCGCGATGTCACTTCC-1",0
"GCGCGATGTTACCAGT-1",0
"GCGCGATTCAGTTAGC-1",1
"GCGCGATTCGTTTAGG-1",2
"GCGGGTTAGAAACGAG-1",1
"GCGGGTTAGCTATGCT-1",0
"GCGGGTTAGTGTGAAT-1",0
"GCGGGTTCACGCGAAA-1",0
"GCGGGTTCAGGCAGTA-1",2
"GCGGGTTCAGTAACGG-1",2
"GCGGGTTGTGAGTATA-1",1
"GCGGGTTGTGGCGAAT-1",3
"GCGGGTTTCCAAAGTC-1",3
"GCGGGTTTCCTTTCTC-1",1
"GCGGGTTTCTCCAACC-1",2
"GCGGGTTTCTTGAGGT-1",1
"GCGGGTTTCTTGTATC-1",4
"GCTCCTACAAACTGTC-1",3
"GCTCCTACACCAGGTC-1",0
"GCTCCTACACCGATAT-1",0
"GCTCCTACAGGGTACA-1",2
"GCTCCTACATTAGCCA-1",1
"GCTCCTAGTCAGGACA-1",0
"GCTCCTAGTCCGTCAG-1",1
"GCTCCTATCAGCCTAA-1",1
"GCTCCTATCCCTAATT-1",1
"GCTCTGTAGAGGTAGA-1",0
"GCTCTGTAGCTGAACG-1",0
"GCTCTGTAGGAGTCTG-1",1
"GCTCTGTAGTGCTGCC-1",0
"GCTCTGTAGTGGACGT-1",2
"GCTCTGTTCACCTCGT-1",2
"GCTGCAGAGCGTGAGT-1",1
"GCTGCAGAGTCAAGCG-1",2
"GCTGCAGAGTCCCACG-1",1
"GCTGCAGCAATTGCTG-1",1
"GCTGCAGCATGCCCGA-1",1
"GCTGCAGCATGCCTAA-1",0
"GCTGCAGGTAAACCTC-1",1
"GCTGCAGGTACGAAAT-1",1
"GCTGCAGGTAGCGCAA-1",1
"GCTGCAGGTCACCCAG-1",1
"GCTGCAGGTCATGCCG-1",2
"GCTGCGAAGGAATGGA-1",2
"GCTGCGAGTCTAACGT-1",0
"GCTGCGAGTGTTTGGT-1",1
"GCTGCGATCTCCTATA-1",0
"GCTGCGATCTTGTTTG-1",0
"GCTGCTTAGAATTGTG-1",1
"GCTGCTTAGGCAATTA-1",2
"GCTGCTTCATCACGTA-1",0
"GCTGCTTCATCCAACA-1",2
"GCTGCTTCATGCCTAA-1",0
"GCTGCTTCATGGTCAT-1",1
"GCTGCTTGTAACGACG-1",1
"GCTGCTTGTAATCGTC-1",3
"GCTGCTTGTAGGGACT-1",2
"GCTGCTTGTGAAAGAG-1",1
"GCTGCTTTCCGGGTGT-1",0
"GCTGGGTAGACCCACC-1",0
"GCTGGGTAGCCACGCT-1",1
"GCTGGGTAGTCGCCGT-1",1
"GCTGGGTAGTCTCAAC-1",0
"GCTGGGTCACGGCTAC-1",0
"GCTGGGTCAGCCAATT-1",0
"GCTGGGTGTACAGTTC-1",0
"GCTGGGTGTACCGTTA-1",0
"GCTGGGTGTCGAGTTT-1",0
"GCTGGGTGTCTCCACT-1",1
"GCTGGGTGTGCCTGTG-1",1
"GCTGGGTTCAGCTTAG-1",0
"GCTGGGTTCCTTAATC-1",0
"GCTTCCAAGAAACCTA-1",1
"GCTTCCACACCACCAG-1",1
"GCTTCCACAGGTCGTC-1",1
"GCTTCCACAGTGAGTG-1",1
"GCTTCCAGTATAGGTA-1",2
"GCTTCCAGTTCAGCGC-1",2
"GCTTCCATCGTCCAGG-1",0
"GCTTGAAAGATGGCGT-1",2
"GCTTGAAAGCCGTCGT-1",1
"GCTTGAACAAACCTAC-1",3
"GCTTGAACACGGTGTC-1",0
"GCTTGAACATCGGAAG-1",1
"GCTTGAAGTGCGGTAA-1",1
"GCTTGAAGTTCTCATT-1",2
"GCTTGAATCAGGATCT-1",2
"GGAAAGCAGGCAGGTT-1",0
"GGAAAGCCAAACGCGA-1",0
"GGAAAGCCAAGTACCT-1",4
"GGAAAGCGTAAGCACG-1",0
"GGAAAGCGTCCTCCAT-1",2
"GGAAAGCGTCGCGTGT-1",0
"GGAAAGCGTGCTTCTC-1",1
"GGAAAGCTCCAGAGGA-1",0
"GGAACTTAGAGTAAGG-1",0
"GGAACTTCAATGTAAG-1",2
"GGAACTTCACAGGAGT-1",0
"GGAACTTCACCTCGTT-1",0
"GGAACTTGTCTCTTTA-1",1
"GGAACTTTCATTGCCC-1",2
"GGAACTTTCATTTGGG-1",2
"GGAACTTTCCGTCATC-1",1
"GGAACTTTCCTCAACC-1",0
"GGAACTTTCGGATGTT-1",1
"GGAATAAAGGTACTCT-1",3
"GGAATAAAGTGTCCAT-1",2
"GGAATAACAGCGTCCA-1",3
"GGAATAAGTCTGGTCG-1",0
"GGAATAAGTGCAGGTA-1",0
"GGAATAATCAGCACAT-1",1
"GGAATAATCTTTACGT-1",2
"GGACAAGAGGTACTCT-1",0
"GGACAAGCAACGATGG-1",1
"GGACAAGCAGTCGTGC-1",1
"GGACAAGCATGGGACA-1",2
"GGACAAGGTATAAACG-1",0
"GGACAAGGTATGAAAC-1",1
"GGACAAGGTCGGCATC-1",0
"GGACAAGGTTATGCGT-1",1
"GGACAAGTCTAACGGT-1",1
"GGACAGAAGCTAGTCT-1",2
"GGACAGAAGTACTTGC-1",0
"GGACAGACAACACGCC-1",2
"GGACAGACACAAGCCC-1",1
"GGACAGAGTAAGTGGC-1",0
"GGACAGAGTCTTTCAT-1",0
"GGACAGAGTGAGGGAG-1",3
"GGACAGAGTTCCACAA-1",1
"GGACAGATCAACGCTA-1",1
"GGACATTAGAGGGCTT-1",0
"GGACATTAGCCACGTC-1",2
"GGACATTCAAACGCGA-1",1
"GGACATTCAATGACCT-1",0
"GGACATTCACCAGCAC-1",0
"GGACATTGTTCTGGTA-1",2
"GGACATTTCCTCTAGC-1",1
"GGACGTCAGTACTTGC-1",2
"GGACGTCAGTGGTAAT-1",0
"GGACGTCCACAGTCGC-1",1
"GGACGTCGTGAGGGAG-1",1
"GGACGTCGTGGCGAAT-1",2
"GGACGTCGTTACGGAG-1",0
"GGACGTCGTTTAAGCC-1",1
"GGACGTCTCCACTCCA-1",2
"GGACGTCTCGCAAACT-1",0
"GGACGTCTCTCCAGGG-1",0
"GGACGTCTCTCGAGTA-1",0
"GGACGTCTCTGGTGTA-1",3
"GGACGTCTCTTCGAGA-1",1
"GGAGCAAAGAACTCGG-1",1
"GGAGCAAAGACTGTAA-1",2
"GGAGCAAAGCCGCCTA-1",1
"GGAGCAAAGCTAAACA-1",1
"GGAGCAAAGTACGCCC-1",1
"GGAGCAACAAGCTGTT-1",2
"GGAGCAACAATGGACG-1",1
"GGAGCAACAATTCCTT-1",1
"GGAGCAACATGCTGGC-1",2
"GGAGCAAGTGAGTATA-1",2
"GGAGCAAGTTACTGAC-1",0
"GGAGCAATCAAGATCC-1",1
"GGAGCAATCCCATTTA-1",4
"GGATGTTCAAACTGTC-1",2
"GGATGTTTCATCACCC-1",1
"GGATGTTTCATGCATG-1",0
"GGATGTTTCCTACAGA-1",1
"GGATGTTTCCTCTAGC-1",3
"GGATTACAGATCCCAT-1",2
"GGATTACAGCTTCGCG-1",2
"GGATTACAGGCTAGCA-1",3
"GGATTACAGTATCTCG-1",0
"GGATTACCAAGCGTAG-1",4
"GGATTACCACATCCGG-1",2
"GGATTACCAGCGTAAG-1",1
"GGATTACGTAATAGCA-1",0
"GGATTACGTACACCGC-1",0
"GGATTACGTCTCTTTA-1",1
"GGATTACGTTGAGGTG-1",3
"GGATTACTCGCGCCAA-1",1
"GGATTACTCGGCGCAT-1",2
"GGATTACTCTGCCCTA-1",1
"GGCAATTCAATCGGTT-1",1
"GGCAATTCACGGCGTT-1",1
"GGCAATTCATCACCCT-1",3
"GGCAATTGTCGATTGT-1",1
"GGCAATTTCACTTACT-1",0
"GGCAATTTCAGCACAT-1",2
"GGCAATTTCTCCGGTT-1",1
"GGCCGATAGTGTCTCA-1",1
"GGCCGATCACGGACAA-1",0
"GGCCGATGTAGGACAC-1",1
"GGCCGATGTCACTGGC-1",5
"GGCCGATGTCCCTACT-1",2
"GGCCGATTCACCGTAA-1",1
"GGCCGATTCCGCGCAA-1",0
"GGCGACTAGAGCTGGT-1",1
"GGCGACTAGGACCACA-1",2
"GGCGACTAGGTTACCT-1",3
"GGCGACTCAAAGCGGT-1",2
"GGCGACTCAAGAGTCG-1",2
"GGCGACTCACCAGGTC-1",0
"GGCGACTCATTGTGCA-1",0
"GGCGACTTCAGAAATG-1",1
"GGCGACTTCAGAGACG-1",2
"GGCGACTTCCAGATCA-1",2
"GGCGACTTCTCTAGGA-1",1
"GGCGTGTAGCTAGCCC-1",3
"GGCGTGTAGGGTATCG-1",1
"GGCGTGTCAGGTCCAC-1",2
"GGCGTGTCAGTATAAG-1",0
"GGCGTGTCATCGTCGG-1",1
"GGCGTGTCATGGAATA-1",0
"GGCGTGTGTCTCCCTA-1",1
"GGCGTGTTCTTGAGGT-1",3
"GGCTCGAAGCCGTCGT-1",2
"GGCTCGAAGGTAAACT-1",1
"GGCTCGACAAGAAGAG-1",5
"GGCTCGACAATAGCAA-1",0
"GGCTCGACATGGTCAT-1",2
"GGCTCGAGTATATCCG-1",0
"GGCTCGAGTTACGTCA-1",1
"GGCTCGAGTTAGGGTG-1",1
"GGCTCGATCTGCAAGT-1",0
"GGCTGGTAGAAGAAGC-1",0
"GGCTGGTAGACCCACC-1",2
"GGCTGGTCAAGGACAC-1",0
"GGCTGGTCACTGCCAG-1",0
"GGCTGGTCATTTCAGG-1",2
"GGCTGGTGTATTCTCT-1",1
"GGCTGGTGTCGCATCG-1",2
"GGCTGGTGTCTAGTGT-1",1
"GGCTGGTGTTATGCGT-1",1
"GGGAATGAGCGTTGCC-1",0
"GGGAATGAGTAGGTGC-1",2
"GGGAATGGTAAGGGAA-1",0
"GGGAATGTCAACGAAA-1",0
"GGGAATGTCCAGTATG-1",0
"GGGAATGTCCGGGTGT-1",1
"GGGACCTAGATGTAAC-1",0
"GGGACCTAGTCTTGCA-1",3
"GGGACCTCAATCAGAA-1",1
"GGGACCTCACTGAAGG-1",2
"GGGAGATAGTACGACG-1",4
"GGGAGATCAAAGTGCG-1",1
"GGGAGATCAAATCCGT-1",1
"GGGAGATCAAGGACTG-1",1
"GGGAGATCACGCGAAA-1",0
"GGGAGATGTAGCGCAA-1",3
"GGGAGATTCAACGGGA-1",1
"GGGAGATTCATCACCC-1",3
"GGGATGAAGTGACATA-1",1
"GGGATGACATCATCCC-1",2
"GGGATGAGTCACCCAG-1",0
"GGGATGAGTGGAAAGA-1",0
"GGGATGAGTTACGACT-1",0
"GGGATGAGTTGGTAAA-1",2
"GGGATGATCAGTTAGC-1",2
"GGGATGATCTATCCTA-1",2
"GGGATGATCTTTAGGG-1",0
"GGGCACTAGTCTCGGC-1",0
"GGGCACTCATCTCCCA-1",2
"GGGCACTTCACCTCGT-1",0
"GGGCACTTCTGAGGGA-1",4
"GGGCATCCAATGTAAG-1",1
"GGGCATCCAGTCTTCC-1",1
"GGGCATCGTGGCGAAT-1",1
"GGGCATCTCACAGTAC-1",2
"GGGCATCTCCCTTGTG-1",2
"GGGCATCTCCGGCACA-1",0
"GGGCATCTCTGTCCGT-1",1
"GGGCATCTCTTATCTG-1",0
"GGGTCTGAGAAGATTC-1",1
"GGGTCTGAGATCCCGC-1",4
"GGGTCTGAGCCAACAG-1",1
"GGGTCTGCACAGGCCT-1",0
"GGGTCTGCACCAGGTC-1",1
"GGGTCTGGTCTGGTCG-1",2
"GGGTCTGGTGATGATA-1",4
"GGGTCTGGTGTGACCC-1",2
"GGGTCTGTCAACTCTT-1",1
"GGGTCTGTCACTCCTG-1",1
"GGGTCTGTCCGTAGTA-1",2
"GGGTTGCAGACAGAGA-1",0
"GGGTTGCAGACCTTTG-1",2
"GGGTTGCAGATCGATA-1",1
"GGGTTGCAGGGTGTTG-1",1
"GGGTTGCAGGTGGGTT-1",1
"GGGTTGCCAATAACGA-1",0
"GGGTTGCCACGCCAGT-1",1
"GGGTTGCCATTAACCG-1",1
"GGGTTGCGTACATCCA-1",1
"GGGTTGCGTAGCGCAA-1",4
"GGGTTGCGTCCTCCAT-1",3
"GGGTTGCGTCGAGTTT-1",0
"GGGTTGCGTGAGTATA-1",2
"GGGTTGCGTGTGACCC-1",2
"GGGTTGCTCGTACCGG-1",2
"GGTATTGAGCACCGTC-1",0
"GGTATTGAGCTATGCT-1",4
"GGTATTGCACATCCAA-1",3
"GGTATTGCAGCTTCGG-1",0
"GGTATTGGTTCCGTCT-1",1
"GGTATTGTCAGAAATG-1",2
"GGTATTGTCCATTCTA-1",1
"GGTATTGTCGCCAGCA-1",0
"GGTGAAGAGACACGAC-1",1
"GGTGAAGAGATCCGAG-1",1
"GGTGAAGCAAGGTGTG-1",0
"GGTGAAGCACTCGACG-1",1
"GGTGAAGCAGTATGCT-1",1
"GGTGAAGGTATGAAAC-1",2
"GGTGAAGGTCAGAATA-1",2
"GGTGAAGGTGGTACAG-1",2
"GGTGAAGGTGTATGGG-1",1
"GGTGAAGGTGTCTGAT-1",1
"GGTGAAGGTGTGGTTT-1",2
"GGTGAAGGTGTGTGCC-1",0
"GGTGAAGTCACGATGT-1",0
"GGTGAAGTCACTCTTA-1",3
"GGTGAAGTCTGGCGTG-1",0
"GGTGCGTAGGTGATTA-1",1
"GGTGCGTAGTACGATA-1",1
"GGTGCGTCACTTAAGC-1",1
"GGTGCGTCAGCTGTAT-1",1
"GGTGCGTGTTCGTTGA-1",0
"GGTGCGTTCCGTACAA-1",1
"GGTGCGTTCTTGACGA-1",1
"GGTGTTAAGGGCTCTC-1",2
"GGTGTTAAGTAGCGGT-1",1
"GGTGTTAAGTGGGATC-1",1
"GGTGTTAAGTTATCGC-1",0
"GGTGTTACAAATCCGT-1",2
"GGTGTTACACGGATAG-1",0
"GGTGTTAGTAATCACC-1",0
"GGTGTTAGTAGCAAAT-1",0
"GGTGTTAGTGTATGGG-1",0
"GGTGTTAGTTGAACTC-1",0
"GGTGTTATCGGACAAG-1",6
"GGTGTTATCGGTGTTA-1",1
"GGTGTTATCTACTTAC-1",1
"GTAACGTAGGTGACCA-1",1
"GTAACGTCACAGGCCT-1",0
"GTAACGTGTACCATCA-1",1
"GTAACGTGTGAGTATA-1",1
"GTAACGTGTTACGGAG-1",3
"GTAACGTGTTAGGGTG-1",0
"GTAACGTTCGGTCCGA-1",0
"GTAACGTTCTCATTCA-1",0
"GTAACTGAGTGGGTTG-1",1
"GTAACTGCAATGGAAT-1",2
"GTAACTGCACAGGCCT-1",0
"GTAACTGCAGGATCGA-1",2
"GTAACTGCATCGGGTC-1",1
"GTAACTGGTATTACCG-1",2
"GTAACTGTCACGGTTA-1",0
"GTAACTGTCTACTATC-1",1
"GTACGTAAGGTGCTTT-1",1
"GTACGTACAGGAATGC-1",1
"GTACGTACATGGATGG-1",0
"GTACGTAGTGAGTGAC-1",2
"GTACGTAGTTGGTAAA-1",1
"GTACGTATCACCTCGT-1",0
"GTACGTATCATCGGAT-1",0
"GTACGTATCCACTGGG-1",1
"GTACTCCAGGCAGTCA-1",0
"GTACTCCCAATAGCGG-1",2
"GTACTCCCACAGGTTT-1",2
"GTACTCCTCACCTTAT-1",2
"GTACTCCTCATTGCCC-1",0
"GTACTCCTCCTTCAAT-1",2
"GTACTTTCAGTTAACC-1",1
"GTACTTTCATGTCGAT-1",1
"GTACTTTTCCGAAGAG-1",2
"GTAGGCCAGCAATCTC-1",0
"GTAGGCCCATTCGACA-1",2
"GTAGGCCGTAACGCGA-1",1
"GTAGGCCGTAAGGGCT-1",1
"GTAGGCCGTACGACCC-1",1
"GTAGGCCGTTCAGGCC-1",3
"GTAGGCCGTTGATTGC-1",2
"GTAGGCCTCAGCACAT-1",1
"GTAGTCAAGAATGTGT-1",2
"GTAGTCAAGATGCCTT-1",1
"GTAGTCAAGGACGAAA-1",0
"GTAGTCAAGTGAAGAG-1",1
"GTAGTCATCGTCACGG-1",1
"GTAGTCATCTGAAAGA-1",1
"GTATCTTAGAAACCAT-1",0
"GTATCTTAGGCTATCT-1",0
"GTATCTTAGTTGTCGT-1",2
"GTATCTTCACACCGCA-1",0
"GTATCTTCACGAAGCA-1",0
"GTATCTTGTTCGCTAA-1",3
"GTATCTTTCATGCTCC-1",1
"GTATCTTTCATGTAGC-1",2
"GTATTCTAGAAACCAT-1",1
"GTATTCTAGACAAAGG-1",0
"GTATTCTCAAAGTCAA-1",2
"GTATTCTCAACAACCT-1",0
"GTATTCTCAACTTGAC-1",2
"GTATTCTCAATAAGCA-1",2
"GTATTCTCAGGGTTAG-1",1
"GTATTCTCATACTACG-1",2
"GTATTCTCATGGTAGG-1",0
"GTATTCTGTAGTGAAT-1",0
"GTATTCTGTCTAGAGG-1",0
"GTCAAGTCATATGCTG-1",2
"GTCAAGTCATGGTTGT-1",1
"GTCAAGTGTCAGCTAT-1",0
"GTCAAGTGTTCCACTC-1",0
"GTCACAAAGCCGATTT-1",0
"GTCACAAAGTGGAGTC-1",1
"GTCACAACAGGTGGAT-1",0
"GTCACAAGTAAACGCG-1",2
"GTCACAATCAGGATCT-1",2
"GTCACAATCAGTTGAC-1",1
"GTCACAATCATGCATG-1",1
"GTCACGGAGATCACGG-1",3
"GTCACGGCATATACCG-1",1
"GTCACGGGTGAGTGAC-1",1
"GTCACGGGTGTGGCTC-1",2
"GTCACGGTCGAGAGCA-1",1
"GTCACGGTCTACCTGC-1",2
"GTCATTTAGAGACTAT-1",1
"GTCATTTCACGTGAGA-1",2
"GTCATTTGTAGAAGGA-1",1
"GTCATTTGTCAGATAA-1",1
"GTCATTTTCCAGAGGA-1",0
"GTCCTCAAGCCCAACC-1",0
"GTCCTCAAGTAGATGT-1",1
"GTCCTCAAGTGGGCTA-1",0
"GTCCTCACAATCACAC-1",0
"GTCCTCAGTGGAAAGA-1",1
"GTCCTCATCAAAGACA-1",2
"GTCCTCATCGTCCGTT-1",1
"GTCGGGTCACTGAAGG-1",0
"GTCGGGTCACTTCGAA-1",0
"GTCGGGTCATGAAGTA-1",0
"GTCGGGTGTCTCACCT-1",1
"GTCGGGTGTGTGACGA-1",0
"GTCGGGTGTGTGTGCC-1",1
"GTCGGGTGTTACGTCA-1",1
"GTCGGGTTCTGCTGTC-1",0
"GTCGGGTTCTGTGCAA-1",0
"GTCGTAAAGAGATGAG-1",3
"GTCGTAAAGCTGCAAG-1",0
"GTCGTAAAGGCGACAT-1",3
"GTCGTAACATCACGAT-1",2
"GTCGTAAGTATCACCA-1",0
"GTCGTAATCCAAGTAC-1",0
"GTCTCGTAGACCACGA-1",2
"GTCTCGTCAGGAACGT-1",1
"GTCTCGTGTGGTAACG-1",1
"GTCTCGTGTTTGGCGC-1",1
"GTCTCGTTCACCGGGT-1",0
"GTCTCGTTCAGTGCAT-1",0
"GTCTTCGAGACAAGCC-1",2
"GTCTTCGAGGAATGGA-1",0
"GTCTTCGAGTCAAGCG-1",1
"GTCTTCGCACATGGGA-1",1
"GTCTTCGCACCAGGTC-1",0
"GTCTTCGCAGACGCAA-1",0
"GTCTTCGCATAACCTG-1",3
"GTCTTCGCATCGATGT-1",1
"GTCTTCGGTCTAGTGT-1",0
"GTCTTCGTCTCGATGA-1",0
"GTGAAGGAGAGCTGGT-1",1
"GTGAAGGAGATCGGGT-1",0
"GTGAAGGAGCCAGTTT-1",0
"GTGAAGGAGTGTTGAA-1",0
"GTGAAGGCAAAGGCGT-1",1
"GTGAAGGCACTTAAGC-1",2
"GTGAAGGCAGATTGCT-1",2
"GTGAAGGGTATATGGA-1",3
"GTGAAGGGTCTCTCTG-1",3
"GTGAAGGTCTCCTATA-1",2
"GTGCAGCAGACATAAC-1",0
"GTGCAGCAGTGGTCCC-1",0
"GTGCAGCCACATCTTT-1",2
"GTGCAGCGTGAGTATA-1",1
"GTGCAGCTCTTAGAGC-1",0
"GTGCATAAGGCATGGT-1",3
"GTGCATAGTTTGTTGG-1",1
"GTGCATATCAGAGCTT-1",0
"GTGCATATCATCATTC-1",1
"GTGCATATCTGCGTAA-1",5
"GTGCGGTAGCAATCTC-1",1
"GTGCGGTAGGACAGAA-1",0
"GTGCGGTCAAAGGTGC-1",0
"GTGCGGTGTTCAGACT-1",2
"GTGCGGTGTTCTGTTT-1",1
"GTGCGGTTCATCTGCC-1",3
"GTGCGGTTCCAGGGCT-1",1
"GTGCGGTTCGGATGGA-1",0
"GTGCGGTTCTCGTTTA-1",0
"GTGCGGTTCTGCTGTC-1",4
"GTGCTTCAGCCAGTTT-1",1
"GTGCTTCAGGATTCGG-1",1
"GTGCTTCAGTACACCT-1",0
"GTGCTTCCACTTAACG-1",2
"GTGCTTCCAGCTATTG-1",0
"GTGCTTCGTAGAGTGC-1",1
"GTGCTTCTCACAATGC-1",2
"GTGCTTCTCACTTCAT-1",4
"GTGGGTCAGACCGGAT-1",0
"GTGGGTCAGACTGTAA-1",0
"GTGGGTCAGCCGTCGT-1",0
"GTGGGTCCACCAACCG-1",2
"GTGGGTCCACCACCAG-1",0
"GTGTGCGAGACCGGAT-1",1
"GTGTGCGAGACTTGAA-1",1
"GTGTGCGCAGGTCGTC-1",0
"GTGTGCGGTGAGCGAT-1",1
"GTGTGCGTCAGTCAGT-1",1
"GTGTGCGTCCCTTGTG-1",1
"GTGTGCGTCTAACTTC-1",0
"GTGTTAGAGCACGCCT-1",2
"GTGTTAGAGGACAGAA-1",0
"GTGTTAGAGGCATGGT-1",1
"GTGTTAGAGTGGAGAA-1",2
"GTGTTAGAGTTTGCGT-1",1
"GTGTTAGCAATGGAAT-1",0
"GTGTTAGCACCACCAG-1",1
"GTGTTAGGTGCCTGGT-1",1
"GTGTTAGGTGGAAAGA-1",0
"GTGTTAGGTTCCATGA-1",1
"GTGTTAGGTTGGGACA-1",1
"GTTAAGCAGAGCTGCA-1",1
"GTTAAGCAGATAGCAT-1",0
"GTTAAGCAGCTAACAA-1",1
"GTTAAGCAGGCTACGA-1",3
"GTTAAGCAGTGTACCT-1",2
"GTTAAGCAGTTTGCGT-1",2
"GTTAAGCCATTCACTT-1",0
"GTTAAGCGTACTCGCG-1",3
"GTTAAGCGTCTAGGTT-1",1
"GTTAAGCGTGGCAAAC-1",1
"GTTAAGCGTTGCTCCT-1",0
"GTTAAGCTCCTTTCGG-1",1
"GTTACAGAGAGCTATA-1",0
"GTTACAGAGTACGATA-1",0
"GTTACAGCAGACGCCT-1",3
"GTTACAGCATCGGTTA-1",1
"GTTACAGGTATGGTTC-1",1
"GTTACAGGTCGACTGC-1",0
"GTTACAGGTCTAGGTT-1",1
"GTTCATTAGCGATGAC-1",2
"GTTCATTCATATACGC-1",1
"GTTCATTCATTGGCGC-1",0
"GTTCATTGTGCACGAA-1",1
"GTTCATTGTGTTAAGA-1",0
"GTTCATTGTTCAGTAC-1",2
"GTTCGGGAGACGACGT-1",1
"GTTCGGGAGCTAAGAT-1",0
"GTTCGGGAGTGTCTCA-1",1
"GTTCGGGGTAGGGTAC-1",0
"GTTCGGGGTGCAGGTA-1",1
"GTTCGGGTCCACGCAG-1",2
"GTTCGGGTCTACTTAC-1",0
"GTTCTCGAGACCACGA-1",1
"GTTCTCGAGCGATGAC-1",1
"GTTCTCGAGGCCATAG-1",2
"GTTCTCGCATCGGACC-1",0
"GTTCTCGGTAAGGGAA-1",3
"GTTCTCGGTAGCGTAG-1",1
"GTTCTCGGTCCGTGAC-1",1
"GTTCTCGGTGTTAAGA-1",6
"GTTCTCGTCAACGCTA-1",0
"GTTCTCGTCCTGTACC-1",4
"GTTTCTACAAACCTAC-1",0
"GTTTCTACAAGAAAGG-1",5
"GTTTCTAGTGTTGGGA-1",1
"GTTTCTATCCCAACGG-1",0
"GTTTCTATCCGTAGTA-1",1
"GTTTCTATCGGCATCG-1",1
"TAAACCGGTACTTAGC-1",0
"TAAACCGTCACTCTTA-1",0
"TAAACCGTCAGGCGAA-1",0
"TAAACCGTCCGTTGTC-1",3
"TAAACCGTCTTCCTTC-1",0
"TAAGAGACAAGTTGTC-1",1
"TAAGAGAGTATATCCG-1",4
"TAAGAGATCAATCACG-1",1
"TAAGAGATCTAACGGT-1",1
"TAAGAGATCTTTCCTC-1",4
"TAAGCGTAGTGGACGT-1",0
"TAAGCGTAGTGTCTCA-1",1
"TAAGCGTCAGCTTCGG-1",1
"TAAGCGTCAGGTGGAT-1",1
"TAAGCGTGTCCTGCTT-1",0
"TAAGCGTGTGCCTGGT-1",0
"TAAGCGTGTTGTTTGG-1",1
"TAAGCGTTCCTCATTA-1",1
"TAAGCGTTCGGCGCAT-1",0
"TAAGCGTTCTCGCATC-1",0
"TAAGTGCAGGCTAGGT-1",0
"TAAGTGCAGTAGCGGT-1",1
"TAAGTGCCAACGCACC-1",1
"TAAGTGCCATACAGCT-1",1
"TAAGTGCGTAAACACA-1",0
"TAAGTGCGTCTCACCT-1",0
"TAAGTGCGTTCAGACT-1",0
"TAAGTGCTCACCCTCA-1",2
"TAAGTGCTCACTGGGC-1",0
"TAAGTGCTCTGGCGTG-1",2
"TACACGACACCCATTC-1",2
"TACACGAGTGATAAAC-1",0
"TACACGATCTGTCTCG-1",1
"TACAGTGAGATGCGAC-1",5
"TACAGTGAGCGTTGCC-1",0
"TACAGTGAGTGTACGG-1",0
"TACAGTGCAGGAATCG-1",2
"TACAGTGCAGGTGCCT-1",2
"TACAGTGGTACTCAAC-1",2
"TACAGTGGTTGGACCC-1",0
"TACCTATAGAGCTGGT-1",1
"TACCTATAGAGTTGGC-1",1
"TACCTATAGGCTCATT-1",0
"TACCTATAGTTAGCGG-1",0
"TACCTATCAAGCTGGA-1",1
"TACCTATGTAAATGAC-1",2
"TACCTATGTAGAGTGC-1",1
"TACCTATGTCACCTAA-1",1
"TACCTATGTGTTGAGG-1",0
"TACCTATGTTAAAGAC-1",0
"TACCTATTCTATGTGG-1",1
"TACCTATTCTTCCTTC-1",1
"TACCTTAAGAGGTTGC-1",1
"TACCTTAAGTCAAGCG-1",5
"TACCTTAAGTGGTCCC-1",3
"TACCTTACAACTGGCC-1",0
"TACCTTACAAGGGTCA-1",3
"TACCTTACACTCAGGC-1",0
"TACCTTACATCTACGA-1",0
"TACCTTAGTAGCGTCC-1",3
"TACCTTAGTCTCCACT-1",1
"TACGGATAGATGGCGT-1",2
"TACGGATAGGTACTCT-1",1
"TACGGATCAGGGATTG-1",1
"TACGGATCATCACCCT-1",0
"TACGGATGTCTAGCCG-1",1
"TACGGATTCGGTGTCG-1",4
"TACGGATTCTACTATC-1",0
"TACGGGCAGGATGCGT-1",2
"TACGGGCAGGGAACGG-1",1
"TACGGGCAGTATTGGA-1",0
"TACGGGCAGTCAAGCG-1",0
"TACGGGCCAAGAAGAG-1",3
"TACGGGCCACCAGATT-1",1
"TACGGGCCATCAGTAC-1",2
"TACGGGCGTAAGGGCT-1",0
"TACGGGCGTCTGATTG-1",0
"TACGGGCGTGATGTGG-1",1
"TACGGGCTCACCTTAT-1",0
"TACGGGCTCAGCTCTC-1",0
"TACGGGCTCCACGAAT-1",2
"TACGGGCTCCTATTCA-1",1
"TACGGGCTCGGTGTTA-1",0
"TACGGTAAGATATGGT-1",3
"TACGGTAAGCCGATTT-1",0
"TACGGTAAGTCATGCT-1",0
"TACGGTAAGTGCCATT-1",0
"TACGGTACACAGGCCT-1",0
"TACGGTACATTTCAGG-1",0
"TACGGTAGTATATCCG-1",2
"TACGGTAGTCACTTCC-1",0
"TACGGTAGTGCAGGTA-1",0
"TACGGTAGTGGGTATG-1",2
"TACGGTATCGCAGGCT-1",0
"TACGGTATCGGACAAG-1",2
"TACGGTATCGTTTATC-1",0
"TACTCATAGTCACGCC-1",0
"TACTCATCAATCTACG-1",2
"TACTCATCACGGTAGA-1",5
"TACTCATCACTTCTGC-1",1
"TACTCATCATCCGTGG-1",1
"TACTCATCATGTCGAT-1",0
"TACTCATGTACAGCAG-1",1
"TACTCATGTCTTCAAG-1",3
"TACTCATTCCTTTCTC-1",0
"TACTCGCAGGCGACAT-1",3
"TACTCGCGTCAGAAGC-1",2
"TACTCGCGTCTGATTG-1",2
"TACTCGCGTGTAACGG-1",2
"TACTCGCGTTGAGTTC-1",0
"TACTCGCTCAACGGGA-1",0
"TACTCGCTCCGAATGT-1",2
"TACTTACAGACTAGGC-1",0
"TACTTACAGCTGAACG-1",3
"TACTTACAGTACACCT-1",0
"TACTTACAGTACGCCC-1",1
"TACTTACAGTGATCGG-1",1
"TACTTACCAAGCCGTC-1",1
"TACTTACCACAGGTTT-1",0
"TACTTACTCGCGTTTC-1",1
"TACTTGTAGCGATATA-1",1
"TACTTGTAGTAATCCC-1",0
"TACTTGTCAAACAACA-1",0
"TACTTGTCATGCAACT-1",0
"TACTTGTGTAGCACGA-1",1
"TACTTGTGTATAAACG-1",0
"TACTTGTGTTCCACAA-1",1
"TACTTGTTCTGCAGTA-1",3
"TAGACCAAGAGACGAA-1",1
"TAGACCAAGCCTCGTG-1",0
"TAGACCAAGTCGATAA-1",3
"TAGACCACAACACCCG-1",2
"TAGACCAGTAGATTAG-1",1
"TAGACCAGTTCATGGT-1",1
"TAGACCATCACTTCAT-1",2
"TAGACCATCGTCACGG-1",2
"TAGACCATCTCCAGGG-1",1
"TAGAGCTAGAATTCCC-1",1
"TAGAGCTAGTATTGGA-1",1
"TAGAGCTCACTGAAGG-1",1
"TAGAGCTGTACTTGAC-1",0
"TAGAGCTGTAGGGACT-1",1
"TAGAGCTGTCTAAAGA-1",2
"TAGCCGGAGACTGGGT-1",1
"TAGCCGGAGTCCCACG-1",0
"TAGCCGGAGTGACATA-1",1
"TAGCCGGCAGCAGTTT-1",0
"TAGCCGGGTACAGTGG-1",0
"TAGCCGGGTACCATCA-1",1
"TAGCCGGGTCGCGAAA-1",3
"TAGCCGGTCACGACTA-1",0
"TAGCCGGTCCAGGGCT-1",1
"TAGGCATAGAACTGTA-1",1
"TAGGCATAGCTAGGCA-1",2
"TAGGCATAGTCGTACT-1",2
"TAGGCATAGTTTAGGA-1",1
"TAGGCATCAAGCCTAT-1",1
"TAGGCATCAGACGCAA-1",0
"TAGGCATGTACGAAAT-1",2
"TAGGCATGTCCAGTTA-1",2
"TAGGCATGTTCCACTC-1",0
"TAGGCATTCCCTAACC-1",1
"TAGGCATTCGCTAGCG-1",2
"TAGGCATTCGTAGATC-1",0
"TAGGCATTCTTCATGT-1",1
"TAGTGGTAGATCACGG-1",2
"TAGTGGTAGCTGTTCA-1",1
"TAGTGGTCAGTATAAG-1",0
"TAGTGGTGTAGCGTAG-1",0
"TAGTGGTTCAGCATGT-1",0
"TAGTGGTTCGGCGCAT-1",1
"TAGTGGTTCTCAAGTG-1",1
"TAGTGGTTCTGGGCCA-1",3
"TAGTGGTTCTTTAGTC-1",1
"TAGTTGGAGATAGGAG-1",1
"TAGTTGGCAGACGCAA-1",0
"TAGTTGGCATGCGCAC-1",4
"TAGTTGGGTATGGTTC-1",2
"TAGTTGGTCCGAATGT-1",0
"TAGTTGGTCTACTCAT-1",2
"TAGTTGGTCTCTAAGG-1",1
"TAGTTGGTCTGATACG-1",0
"TATCAGGAGAGTAAGG-1",1
"TATCAGGAGATCCGAG-1",1
"TATCAGGAGCAGATCG-1",0
"TATCAGGAGGTGCTTT-1",1
"TATCAGGCAACTTGAC-1",1
"TATCAGGCACGTTGGC-1",0
"TATCAGGGTCCGTTAA-1",0
"TATCAGGGTCTGCAAT-1",3
"TATCAGGGTTAAAGAC-1",2
"TATCAGGTCAAGATCC-1",3
"TATCAGGTCCACTCCA-1",1
"TATCAGGTCGTAGGTT-1",1
"TATCTCAAGAGTTGGC-1",1
"TATCTCAAGCCACCTG-1",1
"TATCTCAAGCGTAATA-1",1
"TATCTCAAGGCTAGCA-1",0
"TATCTCAAGTGGGCTA-1",3
"TATCTCACATGTCCTC-1",1
"TATCTCAGTAACGACG-1",1
"TATCTCAGTACCTACA-1",1
"TATCTCAGTACGACCC-1",0
"TATCTCAGTCAATGTC-1",0
"TATCTCATCAAGCCTA-1",0
"TATGCCCAGAAACCGC-1",2
"TATGCCCAGGTAGCTG-1",0
"TATGCCCCAATGGAAT-1",2
"TATGCCCCACTTAACG-1",0
"TATGCCCCATGTTCCC-1",1
"TATGCCCGTAGCCTCG-1",0
"TATGCCCGTATAGGGC-1",1
"TATGCCCGTATGAAAC-1",1
"TATGCCCGTCGCCATG-1",3
"TATGCCCGTGCCTTGG-1",0
"TATGCCCGTTAAGATG-1",3
"TATGCCCGTTGGTGGA-1",2
"TATGCCCGTTTAGGAA-1",1
"TATGCCCTCGTCTGCT-1",0
"TATTACCAGAGAGCTC-1",0
"TATTACCAGCAAATCA-1",2
"TATTACCAGCCCGAAA-1",2
"TATTACCAGTATCTCG-1",0
"TATTACCCAAAGTGCG-1",3
"TATTACCCAGACAAGC-1",1
"TATTACCCAGTCAGCC-1",2
"TATTACCCATAAAGGT-1",1
"TATTACCCATCTACGA-1",0
"TATTACCGTCCAGTAT-1",2
"TCAACGAAGCCGATTT-1",1
"TCAACGAAGCGATGAC-1",0
"TCAACGAAGGCATGTG-1",2
"TCAACGAAGTAGTGCG-1",1
"TCAACGACACCAGGCT-1",1
"TCAACGACATGCCTTC-1",1
"TCAACGAGTTACCAGT-1",1
"TCAACGAGTTCCATGA-1",1
"TCAACGAGTTCTGGTA-1",3
"TCAACGATCAGTCCCT-1",0
"TCAACGATCTGTGCAA-1",3
"TCAATCTAGATCCCGC-1",2
"TCAATCTCACAAGCCC-1",2
"TCAATCTCACAGCCCA-1",2
"TCAATCTCATGACGGA-1",1
"TCAATCTCATTTGCTT-1",0
"TCAATCTGTAGTGAAT-1",1
"TCAATCTGTTAGATGA-1",1
"TCAATCTTCAGATAAG-1",1
"TCAATCTTCATGTCCC-1",0
"TCACAAGAGACTGGGT-1",0
"TCACAAGAGAGAGCTC-1",0
"TCACAAGAGGCCCTCA-1",0
"TCACAAGAGGTGGGTT-1",3
"TCACAAGAGTAGATGT-1",1
"TCACAAGCAGTATGCT-1",1
"TCACAAGCATAACCTG-1",1
"TCACAAGCATGACATC-1",1
"TCACAAGGTCAGATAA-1",1
"TCACAAGGTGTGGTTT-1",2
"TCACAAGTCATCATTC-1",0
"TCACAAGTCATGCATG-1",0
"TCACGAAAGCTCCTTC-1",1
"TCACGAAAGGTGCTTT-1",0
"TCACGAAAGTCTCGGC-1",1
"TCACGAACACAAGACG-1",3
"TCACGAACACTGTCGG-1",1
"TCACGAAGTGGTCCGT-1",2
"TCACGAAGTTGGTGGA-1",1
"TCACGAATCATGCAAC-1",1
"TCACGAATCCCGACTT-1",2
"TCACGAATCCTCGCAT-1",2
"TCACGAATCGTCACGG-1",0
"TCAGATGAGGTGCACA-1",1
"TCAGATGGTCTTGTCC-1",3
"TCAGATGGTGCCTGCA-1",1
"TCAGATGGTGCTGTAT-1",0
"TCAGATGTCAGTTTGG-1",2
"TCAGATGTCGCATGAT-1",0
"TCAGATGTCTCCTATA-1",0
"TCAGCAAAGGAGTCTG-1",2
"TCAGCAAAGGCTCATT-1",2
"TCAGCAAAGTACGACG-1",0
"TCAGCAAAGTGGCACA-1",2
"TCAGCAACACGCATCG-1",1
"TCAGCAAGTACCGGCT-1",2
"TCAGCAATCAGCGATT-1",1
"TCAGCAATCGGAAACG-1",1
"TCAGCAATCTTCAACT-1",1
"TCAGCTCAGGTGTTAA-1",1
"TCAGCTCAGTATGACA-1",1
"TCAGCTCCAATCTGCA-1",1
"TCAGCTCCACGGTTTA-1",1
"TCAGCTCGTAATAGCA-1",0
"TCAGCTCGTCCGTCAG-1",0
"TCAGCTCGTTCACGGC-1",1
"TCAGCTCTCACGATGT-1",0
"TCAGCTCTCATGCATG-1",1
"TCAGCTCTCCTAAGTG-1",1
"TCAGCTCTCTCGTATT-1",1
"TCAGGATAGACAGAGA-1",0
"TCAGGATAGATATGGT-1",2
"TCAGGATCAAACGTGG-1",2
"TCAGGATCAAGTTCTG-1",2
"TCAGGATCACGGTGTC-1",2
"TCAGGATCACTGTGTA-1",5
"TCAGGATCAGCATACT-1",1
"TCAGGATCATCTGGTA-1",2
"TCAGGATGTAAGCACG-1",0
"TCAGGATGTGGCCCTA-1",1
"TCAGGATTCCGATATG-1",1
"TCAGGATTCTCGATGA-1",1
"TCAGGTAAGATGGCGT-1",0
"TCAGGTAAGTGTTTGC-1",1
"TCAGGTACACAAGTAA-1",1
"TCAGGTACACAGAGGT-1",0
"TCAGGTACAGCTGCTG-1",1
"TCAGGTAGTAAACGCG-1",0
"TCATTACAGAAACCAT-1",1
"TCATTACAGGAGTTGC-1",0
"TCATTACAGTTGCAGG-1",2
"TCATTACCACATCCAA-1",2
"TCATTACCAGTCAGCC-1",1
"TCATTACGTACGCACC-1",0
"TCATTACGTCTAGAGG-1",2
"TCATTACGTGAAGGCT-1",0
"TCATTACGTTCTGTTT-1",0
"TCATTACTCATCGATG-1",1
"TCATTTGAGCCAGTTT-1",1
"TCATTTGCACGTCTCT-1",1
"TCATTTGCAGTTAACC-1",2
"TCATTTGTCCAGAGGA-1",0
"TCATTTGTCCCTTGCA-1",0
"TCATTTGTCCGTCAAA-1",1
"TCATTTGTCGCTAGCG-1",1
"TCATTTGTCGTACGGC-1",0
"TCATTTGTCTCTGCTG-1",1
"TCCACACCAAAGAATC-1",0
"TCCACACCACGCCAGT-1",2
"TCCACACGTACAGCAG-1",1
"TCCACACGTAGCCTAT-1",3
"TCCACACGTCATCGGC-1",1
"TCCACACGTGACCAAG-1",0
"TCCACACGTGCGAAAC-1",0
"TCCACACTCAACACCA-1",0
"TCCACACTCCAGTATG-1",2
"TCCACACTCCCATTTA-1",0
"TCCACACTCGAACTGT-1",1
"TCCCGATAGAAGAAGC-1",0
"TCCCGATAGCACAGGT-1",0
"TCCCGATAGCCGGTAA-1",2
"TCCCGATCAAGGTTCT-1",0
"TCCCGATCAGCCAATT-1",1
"TCCCGATCATCCAACA-1",0
"TCCCGATGTAAGGATT-1",2
"TCCCGATGTCAATACC-1",2
"TCCCGATTCAGAAATG-1",0
"TCCCGATTCAGTCCCT-1",0
"TCCCGATTCATCTGTT-1",0
"TCCCGATTCCCTAATT-1",0
"TCCCGATTCTGGAGCC-1",0
"TCGAGGCAGCGATGAC-1",1
"TCGAGGCAGTGTTTGC-1",0
"TCGAGGCCAAAGAATC-1",2
"TCGAGGCCAAGTTCTG-1",2
"TCGAGGCCAGTAACGG-1",0
"TCGAGGCGTATATCCG-1",0
"TCGAGGCTCGCAAGCC-1",0
"TCGAGGCTCTTGAGAC-1",1
"TCGAGGCTCTTTCCTC-1",2
"TCGCGAGAGACAAAGG-1",0
"TCGCGAGAGTGAATTG-1",0
"TCGCGAGCAAGCGTAG-1",2
"TCGCGAGCACCGAATT-1",1
"TCGCGAGCAGTAAGAT-1",0
"TCGCGAGTCCACGAAT-1",2
"TCGCGAGTCTAGCACA-1",0
"TCGCGAGTCTCTAGGA-1",1
"TCGCGAGTCTTCATGT-1",1
"TCGCGTTAGTGGGCTA-1",2
"TCGCGTTCACAGGCCT-1",0
"TCGCGTTCATCACAAC-1",3
"TCGCGTTCATCTCGCT-1",2
"TCGCGTTGTTCACCTC-1",1
"TCGCGTTTCAAGATCC-1",1
"TCGCGTTTCAGGTAAA-1",1
"TCGCGTTTCATTCACT-1",1
"TCGCGTTTCCTGTACC-1",1
"TCGCGTTTCGCCCTTA-1",0
"TCGGGACCACACATGT-1",0
"TCGGGACTCCTTGCCA-1",0
"TCGGGACTCTGCGGCA-1",2
"TCGGGACTCTTGTCAT-1",1
"TCGGTAAAGACAGGCT-1",1
"TCGGTAAAGCTCAACT-1",3
"TCGGTAACAAGCTGAG-1",0
"TCGGTAACAGGAATGC-1",1
"TCGGTAAGTATATGGA-1",2
"TCGGTAAGTCTAGTCA-1",0
"TCGGTAATCCCGGATG-1",1
"TCGTACCAGCAGGCTA-1",3
"TCGTACCAGTTTCCTT-1",1
"TCGTACCGTTTGCATG-1",0
"TCGTACCTCGGGAGTA-1",2
"TCGTAGAAGCTAACTC-1",2
"TCGTAGAAGGCGACAT-1",2
"TCGTAGAAGGGAACGG-1",1
"TCGTAGAAGTCCATAC-1",0
"TCGTAGACAATCCAAC-1",0
"TCGTAGACACTCAGGC-1",2
"TCGTAGAGTATGAATG-1",0
"TCGTAGAGTGAGCGAT-1",0
"TCGTAGAGTGTGTGCC-1",4
"TCGTAGAGTTCAACCA-1",1
"TCGTAGAGTTCCATGA-1",2
"TCGTAGATCCAAGCCG-1",1
"TCGTAGATCTTAGCCC-1",1
"TCTATTGAGCGATTCT-1",0
"TCTATTGAGTGCCATT-1",0
"TCTATTGCACATCTTT-1",1
"TCTATTGGTAAGTGTA-1",2
"TCTATTGGTCCAACTA-1",2
"TCTATTGGTCTGCCAG-1",2
"TCTATTGGTTGCTCCT-1",1
"TCTATTGTCGGCGCTA-1",1
"TCTCATAAGCTAAACA-1",2
"TCTCATAAGCTAGTCT-1",0
"TCTCATAAGTGCCATT-1",0
"TCTCATAGTACCGGCT-1",0
"TCTCATAGTGTAAGTA-1",1
"TCTCATATCAAGCCTA-1",0
"TCTCATATCACCTTAT-1",0
"TCTCATATCCTGTACC-1",2
"TCTCTAAAGACCGGAT-1",1
"TCTCTAAAGGGTGTTG-1",3
"TCTCTAACAGCCTATA-1",0
"TCTCTAAGTCCAGTAT-1",1
"TCTCTAAGTCCATGAT-1",2
"TCTCTAAGTCTCATCC-1",0
"TCTCTAAGTGGAAAGA-1",0
"TCTCTAATCAAACCAC-1",0
"TCTCTAATCAACGCTA-1",0
"TCTCTAATCACAGGCC-1",1
"TCTCTAATCACATACG-1",0
"TCTCTAATCCGTAGGC-1",0
"TCTCTAATCGTATCAG-1",6
"TCTGAGACAAACCTAC-1",3
"TCTGAGACACGGATAG-1",2
"TCTGAGACAGAGTGTG-1",1
"TCTGAGAGTAAGGGAA-1",0
"TCTGAGATCCTTGACC-1",0
"TCTGAGATCTATCCTA-1",0
"TCTGGAAAGCGATGAC-1",2
"TCTGGAAAGCTAGTTC-1",3
"TCTGGAAAGCTCTCGG-1",1
"TCTGGAAAGGAGCGAG-1",0
"TCTGGAACACAAGACG-1",3
"TCTGGAACACACTGCG-1",0
"TCTGGAACACTTCTGC-1",2
"TCTGGAAGTGAGTATA-1",0
"TCTGGAATCTGTCTAT-1",1
"TCTTCGGAGGTTCCTA-1",2
"TCTTCGGAGTTCGATC-1",2
"TCTTCGGCAAAGCAAT-1",1
"TCTTCGGCAAAGGTGC-1",0
"TCTTCGGCAATAGCAA-1",4
"TCTTCGGCAATGTAAG-1",2
"TCTTCGGCACACCGAC-1",0
"TCTTCGGCAGCCAATT-1",3
"TCTTCGGGTCATTAGC-1",1
"TCTTCGGTCGTAGGTT-1",0
"TCTTCGGTCTCTAAGG-1",0
"TCTTTCCAGAGAGCTC-1",1
"TCTTTCCAGTCATCCA-1",1
"TCTTTCCCATCTCCCA-1",1
"TCTTTCCGTAATCACC-1",2
"TCTTTCCGTAGTACCT-1",1
"TCTTTCCTCACAACGT-1",0
"TCTTTCCTCAGCTGGC-1",0
"TCTTTCCTCCAAGTAC-1",0
"TCTTTCCTCCTCGCAT-1",1
"TGAAAGAAGCTAAGAT-1",1
"TGAAAGACAAGCCGTC-1",1
"TGAAAGACACATTCGA-1",0
"TGAAAGACATGAGCGA-1",0
"TGAAAGAGTCTAGCGC-1",2
"TGAAAGAGTCTCATCC-1",2
"TGAAAGATCCCGACTT-1",1
"TGAAAGATCTATGTGG-1",2
"TGACAACCAAGCGAGT-1",0
"TGACAACGTAGGGACT-1",1
"TGACAACGTGCGCTTG-1",0
"TGACAACGTGGTTTCA-1",1
"TGACAACTCACAAACC-1",2
"TGACAACTCCACGTGG-1",0
"TGACAACTCGAATGCT-1",1
"TGACGGCAGCGCCTCA-1",0
"TGACGGCAGGCTCAGA-1",0
"TGACGGCAGTCAAGCG-1",0
"TGACGGCCACAGACTT-1",0
"TGACGGCGTCATCCCT-1",1
"TGACGGCTCAGGCGAA-1",0
"TGACGGCTCCACTGGG-1",2
"TGACTAGAGACCCACC-1",0
"TGACTAGAGGGCATGT-1",1
"TGACTAGAGTCTCAAC-1",1
"TGACTAGAGTTGAGAT-1",0
"TGACTAGCAGCATACT-1",2
"TGACTAGCAGTCAGAG-1",0
"TGACTAGCATTTCACT-1",1
"TGACTAGGTAAATACG-1",6
"TGACTAGGTGAAAGAG-1",0
"TGACTAGGTGCAGTAG-1",4
"TGACTAGTCATGCATG-1",0
"TGACTAGTCCATGCTC-1",2
"TGACTAGTCTGTTGAG-1",0
"TGACTTTAGAACAATC-1",2
"TGACTTTAGTCTCGGC-1",2
"TGACTTTAGTTAGGTA-1",0
"TGACTTTCAGTCCTTC-1",1
"TGACTTTCATTATCTC-1",0
"TGACTTTGTCACACGC-1",3
"TGACTTTTCCTCAATT-1",1
"TGACTTTTCTGCCCTA-1",1
"TGAGAGGAGGCTCATT-1",0
"TGAGAGGCAAAGTCAA-1",0
"TGAGAGGCAAGCCATT-1",1
"TGAGAGGCACCATGTA-1",0
"TGAGAGGGTCACTGGC-1",1
"TGAGAGGGTCTAAACC-1",0
"TGAGAGGTCGAACTGT-1",1
"TGAGAGGTCGCGTTTC-1",0
"TGAGAGGTCTGACCTC-1",1
"TGAGCATAGAAACGAG-1",1
"TGAGCATAGAAGCCCA-1",0
"TGAGCATAGATGTCGG-1",1
"TGAGCATAGGAATGGA-1",1
"TGAGCATCACCAGGCT-1",3
"TGAGCATCAGATGAGC-1",2
"TGAGCATCAGCGTAAG-1",0
"TGAGCATCAGCTGTAT-1",2
"TGAGCATGTGGCCCTA-1",1
"TGAGCATTCCACGTTC-1",1
"TGAGCATTCCGATATG-1",0
"TGAGCATTCGGCCGAT-1",0
"TGAGCCGCATCGGGTC-1",0
"TGAGCCGGTCGAACAG-1",0
"TGAGCCGGTGTAATGA-1",0
"TGAGCCGGTTGATTCG-1",2
"TGAGCCGTCATCTGCC-1",0
"TGAGCCGTCGTCACGG-1",0
"TGAGCCGTCTTGAGGT-1",0
"TGAGGGAAGAGACTAT-1",0
"TGAGGGAAGGAGTACC-1",1
"TGAGGGAAGTCATCCA-1",2
"TGAGGGAAGTCATGCT-1",2
"TGAGGGACACCAGTTA-1",0
"TGAGGGACATAAGACA-1",1
"TGAGGGAGTAAACGCG-1",2
"TGAGGGAGTTAGGGTG-1",1
"TGAGGGATCAACGGGA-1",1
"TGAGGGATCTAGCACA-1",0
"TGAGGGATCTCTTATG-1",1
"TGATTTCCATCCGGGT-1",1
"TGATTTCGTAGGCATG-1",3
"TGATTTCGTTAAGACA-1",1
"TGATTTCTCTGATTCT-1",0
"TGCACCTAGACCTTTG-1",1
"TGCACCTAGGACGAAA-1",1
"TGCACCTCAAGTTGTC-1",0
"TGCACCTCAATAGAGT-1",1
"TGCACCTCATCCGGGT-1",1
"TGCACCTGTAATCACC-1",1
"TGCACCTGTCACACGC-1",1
"TGCACCTTCACGGTTA-1",1
"TGCACCTTCATCGGAT-1",2
"TGCACCTTCCGCGGTA-1",0
"TGCACCTTCGAACTGT-1",0
"TGCACCTTCTCTTGAT-1",1
"TGCCAAACAATGTAAG-1",0
"TGCCAAACAATTCCTT-1",1
"TGCCAAAGTTCGCGAC-1",1
"TGCCAAATCCAAACTG-1",3
"TGCCAAATCCCTGACT-1",2
"TGCCAAATCGGCGGTT-1",1
"TGCCCATAGACTAGGC-1",0
"TGCCCATAGCGTCAAG-1",1
"TGCCCATAGCGTGAAC-1",1
"TGCCCATAGCTGTTCA-1",2
"TGCCCATAGGATGGAA-1",0
"TGCCCATAGTACGCCC-1",2
"TGCCCATAGTTGAGTA-1",0
"TGCCCATCACCAGGTC-1",1
"TGCCCATCACGAAATA-1",1
"TGCCCATCAGGACGTA-1",1
"TGCCCATCATGGAATA-1",1
"TGCCCATCATGGATGG-1",0
"TGCCCATGTAGCCTCG-1",1
"TGCCCATTCAAACCGT-1",2
"TGCCCATTCAGGCCCA-1",0
"TGCCCATTCCTTCAAT-1",1
"TGCCCATTCGGAAATA-1",1
"TGCCCTAAGGTCGGAT-1",0
"TGCCCTAAGGTTCCTA-1",0
"TGCCCTACACCACCAG-1",2
"TGCCCTACAGCCACCA-1",1
"TGCCCTACAGTGAGTG-1",0
"TGCCCTAGTCCGAGTC-1",1
"TGCCCTAGTGGTTTCA-1",1
"TGCCCTAGTTTCGCTC-1",1
"TGCCCTATCGACGGAA-1",0
"TGCCCTATCTTCGGTC-1",1
"TGCGCAGAGACTAGGC-1",0
"TGCGCAGAGCACACAG-1",2
"TGCGCAGAGCGTCTAT-1",0
"TGCGCAGAGGAGCGAG-1",2
"TGCGCAGCAAACGTGG-1",0
"TGCGCAGCAGCTCGCA-1",1
"TGCGCAGCAGTAGAGC-1",0
"TGCGCAGTCCTACAGA-1",1
"TGCGGGTAGAGACTTA-1",3
"TGCGGGTAGATCGATA-1",3
"TGCGGGTAGCTCTCGG-1",2
"TGCGGGTAGGTGTGGT-1",2
"TGCGGGTAGTACTTGC-1",0
"TGCGGGTCAATGGAAT-1",3
"TGCGGGTCACACGCTG-1",0
"TGCGGGTCATTGGGCC-1",3
"TGCGGGTGTAGAAAGG-1",0
"TGCGGGTGTCACCTAA-1",1
"TGCGGGTGTCAGATAA-1",0
"TGCGGGTGTTAGAACA-1",1
"TGCGGGTTCAGTTCGA-1",2
"TGCGGGTTCGTAGATC-1",1
"TGCGGGTTCTCTTGAT-1",0
"TGCGTGGAGACGCAAC-1",0
"TGCGTGGAGACTGGGT-1",1
"TGCGTGGAGTGAACGC-1",0
"TGCGTGGCAATTCCTT-1",1
"TGCGTGGGTGCACCAC-1",0
"TGCGTGGTCCGCGCAA-1",0
"TGCGTGGTCGCCCTTA-1",1
"TGCGTGGTCTGGCGAC-1",0
"TGCTACCAGAAAGTGG-1",0
"TGCTACCAGATGGCGT-1",0
"TGCTACCAGCAAATCA-1",2
"TGCTACCAGTCCGTAT-1",0
"TGCTACCCAAGAGGCT-1",0
"TGCTACCCACTTAACG-1",2
"TGCTACCCATCGTCGG-1",3
"TGCTACCCATGGTTGT-1",0
"TGCTACCGTGTGACGA-1",0
"TGCTACCTCCTCGCAT-1",1
"TGCTACCTCTTCTGGC-1",1
"TGCTGCTAGACTAAGT-1",1
"TGCTGCTAGGTGATAT-1",0
"TGCTGCTCAATAGAGT-1",0
"TGCTGCTCACAGACAG-1",1
"TGCTGCTCATCCCATC-1",2
"TGCTGCTCATGGTTGT-1",6
"TGCTGCTGTCATACTG-1",0
"TGCTGCTGTGAAGGCT-1",2
"TGCTGCTTCATTGCGA-1",0
"TGGACGCAGAGGTACC-1",0
"TGGACGCAGTCAAGGC-1",0
"TGGACGCCACAGAGGT-1",0
"TGGACGCCATGGTAGG-1",1
"TGGACGCGTCCGAACC-1",0
"TGGACGCGTCTCCCTA-1",2
"TGGCCAGAGAAGGTGA-1",1
"TGGCCAGAGAGTACAT-1",0
"TGGCCAGAGGCGATAC-1",2
"TGGCCAGAGGCGTACA-1",1
"TGGCCAGCAACTGCGC-1",0
"TGGCCAGCACGACTCG-1",1
"TGGCCAGGTCAATACC-1",4
"TGGCCAGTCGTAGATC-1",3
"TGGCCAGTCTATCCCG-1",2
"TGGCGCAAGCTACCTA-1",0
"TGGCGCAAGCTATGCT-1",0
"TGGCGCAAGTGTGGCA-1",0
"TGGCGCAAGTTACCCA-1",5
"TGGCGCACACAGGCCT-1",1
"TGGCGCACACGGATAG-1",2
"TGGCGCACAGCGATCC-1",0
"TGGCGCACATAGGATA-1",1
"TGGCGCACATATACGC-1",0
"TGGCGCAGTACTCTCC-1",4
"TGGCGCAGTGGACGAT-1",5
"TGGCGCAGTTATGTGC-1",0
"TGGCGCATCAAGAAGT-1",2
"TGGCGCATCATGCTCC-1",3
"TGGCGCATCATGTGGT-1",1
"TGGCGCATCATTATCC-1",1
"TGGCGCATCGTGGTCG-1",1
"TGGCTGGAGCGGATCA-1",1
"TGGCTGGAGTGCAAGC-1",0
"TGGCTGGCAAGTTAAG-1",0
"TGGCTGGCACGGATAG-1",0
"TGGCTGGCAGGAACGT-1",0
"TGGCTGGGTCGAGTTT-1",0
"TGGCTGGGTCGGCATC-1",0
"TGGCTGGGTCTAGCCG-1",1
"TGGCTGGGTTACGCGC-1",1
"TGGCTGGGTTGGACCC-1",2
"TGGCTGGTCTCGTTTA-1",3
"TGGGAAGAGATATACG-1",0
"TGGGAAGAGCCCAATT-1",0
"TGGGAAGAGCGCTCCA-1",0
"TGGGAAGAGGGCTTCC-1",0
"TGGGAAGAGTAAGTAC-1",4
"TGGGAAGAGTTAACGA-1",1
"TGGGAAGCAAGGTGTG-1",1
"TGGGAAGCAGATCCAT-1",2
"TGGGAAGCAGCGAACA-1",0
"TGGGAAGGTAAGTTCC-1",1
"TGGGAAGGTTAGATGA-1",2
"TGGGAAGGTTATTCTC-1",5
"TGGGAAGTCCCAAGAT-1",0
"TGGGAAGTCCTTCAAT-1",0
"TGGGAAGTCGTGGACC-1",1
"TGGGAAGTCTCCTATA-1",2
"TGGGCGTAGTCTCCTC-1",1
"TGGGCGTCAGACGTAG-1",1
"TGGGCGTCAGGGATTG-1",1
"TGGGCGTGTCCAAGTT-1",1
"TGGGCGTGTCTAGAGG-1",1
"TGGGCGTGTGGCTCCA-1",1
"TGGGCGTGTTTCGCTC-1",1
"TGGGCGTTCAGCTTAG-1",0
"TGGTTAGAGCTACCTA-1",1
"TGGTTAGAGTTAGGTA-1",0
"TGGTTAGGTGATGATA-1",0
"TGGTTAGGTTCACGGC-1",2
"TGGTTAGTCCCGACTT-1",2
"TGGTTAGTCTTGTATC-1",0
"TGGTTCCAGCCGTCGT-1",1
"TGGTTCCAGTAATCCC-1",0
"TGGTTCCCAAGTTGTC-1",0
"TGGTTCCCAGACAAAT-1",2
"TGGTTCCCAGACAGGT-1",0
"TGGTTCCCAGCTCGAC-1",2
"TGGTTCCCATGTCCTC-1",1
"TGGTTCCCATTTCACT-1",0
"TGGTTCCGTCCAAGTT-1",1
"TGGTTCCTCACATACG-1",0
"TGGTTCCTCAGCTTAG-1",0
"TGGTTCCTCTAACTTC-1",0
"TGGTTCCTCTAGAGTC-1",1
"TGGTTCCTCTGGGCCA-1",1
"TGTATTCAGCCCGAAA-1",0
"TGTATTCAGCGATCCC-1",0
"TGTATTCCAGGGCATA-1",0
"TGTATTCGTAAGAGAG-1",0
"TGTATTCGTTTGTTTC-1",1
"TGTATTCTCAGCATGT-1",2
"TGTATTCTCATCTGTT-1",2
"TGTCCCAAGCAGATCG-1",2
"TGTCCCAAGCTAGTTC-1",1
"TGTCCCAAGCTGAACG-1",0
"TGTCCCAAGTTGTCGT-1",3
"TGTCCCACAGTAAGCG-1",1
"TGTCCCACATCACGTA-1",1
"TGTCCCAGTAAGAGGA-1",1
"TGTCCCAGTAAGTGGC-1",1
"TGTCCCAGTCGGATCC-1",1
"TGTCCCAGTCTCTTTA-1",1
"TGTCCCATCATTTGGG-1",1
"TGTCCCATCTGCAAGT-1",0
"TGTCCCATCTGCGTAA-1",2
"TGTGGTAGTCCCGACA-1",2
"TGTGGTAGTGTGAAAT-1",0
"TGTGGTAGTGTGACGA-1",3
"TGTGGTATCCAGGGCT-1",0
"TGTGGTATCTTGCATT-1",1
"TGTGTTTAGAGGTTAT-1",0
"TGTGTTTAGCGTGAGT-1",1
"TGTGTTTAGTGCGTGA-1",1
"TGTGTTTCATGCGCAC-1",1
"TGTGTTTTCTCATTCA-1",0
"TGTGTTTTCTTTCCTC-1",1
"TGTTCCGAGAGCAATT-1",0
"TGTTCCGAGCAACGGT-1",2
"TGTTCCGAGGAATTAC-1",1
"TGTTCCGAGGACTGGT-1",0
"TGTTCCGCAGTGAGTG-1",1
"TGTTCCGGTGAGTATA-1",1
"TGTTCCGTCAAGCCTA-1",2
"TGTTCCGTCAGTTCGA-1",0
"TGTTCCGTCGGCGGTT-1",2
"TGTTCCGTCTGAAAGA-1",2
"TGTTCCGTCTGGTATG-1",0
"TTAACTCAGTGTACGG-1",1
"TTAACTCCAAGCGCTC-1",1
"TTAACTCCAGGCAGTA-1",0
"TTAACTCGTTCCACAA-1",0
"TTAACTCTCATAAAGG-1",1
"TTAACTCTCCCTCAGT-1",1
"TTAGGACAGCAGGCTA-1",3
"TTAGGACAGCTCTCGG-1",1
"TTAGGACCAAGCCATT-1",0
"TTAGGACCAGTCAGAG-1",2
"TTAGGACGTTTGTTTC-1",2
"TTAGGCAAGAAGATTC-1",1
"TTAGGCAAGAGCCCAA-1",1
"TTAGGCAAGAGTGACC-1",1
"TTAGGCAAGGTTCCTA-1",0
"TTAGGCAAGTCGTTTG-1",1
"TTAGGCAAGTGTACCT-1",0
"TTAGGCACAGACGCTC-1",1
"TTAGGCACATGTTCCC-1",3
"TTAGGCAGTAAGGATT-1",0
"TTAGGCAGTAAGTAGT-1",2
"TTAGGCAGTCTTGATG-1",0
"TTAGGCATCACGCATA-1",4
"TTAGGCATCAGTCAGT-1",1
"TTAGGCATCCAGTATG-1",1
"TTAGGCATCGTTACGA-1",0
"TTAGTTCAGGTGCAAC-1",1
"TTAGTTCCAATGTAAG-1",1
"TTAGTTCCATCCTTGC-1",1
"TTAGTTCGTAGCCTAT-1",0
"TTAGTTCGTGCAGACA-1",3
"TTAGTTCGTGTCAATC-1",3
"TTAGTTCGTTGCCTCT-1",4
"TTAGTTCTCAGGCCCA-1",1
"TTAGTTCTCGCAGGCT-1",4
"TTAGTTCTCTACTATC-1",1
"TTATGCTAGAATGTGT-1",1
"TTATGCTAGCACACAG-1",0
"TTATGCTAGCAGCCTC-1",1
"TTATGCTAGTCCCACG-1",2
"TTATGCTAGTGGTAAT-1",1
"TTATGCTCAGCCAGAA-1",0
"TTATGCTCATACCATG-1",1
"TTATGCTCATGTAGTC-1",0
"TTATGCTGTCCGAGTC-1",0
"TTATGCTTCGATAGAA-1",1
"TTCCCAGAGAATTCCC-1",0
"TTCCCAGAGACTAGAT-1",3
"TTCCCAGAGTATCGAA-1",1
"TTCCCAGCAGATGGGT-1",2
"TTCCCAGCATCAGTAC-1",0
"TTCCCAGCATCTCCCA-1",0
"TTCCCAGCATTACCTT-1",0
"TTCCCAGTCAACACTG-1",0
"TTCCCAGTCGAGAGCA-1",3
"TTCGAAGAGTCTCAAC-1",1
"TTCGAAGCAAGCGCTC-1",2
"TTCGAAGCACATTAGC-1",0
"TTCGAAGCACGGTGTC-1",0
"TTCGGTCAGAGGACGG-1",0
"TTCGGTCAGCACACAG-1",1
"TTCGGTCAGGCCCTCA-1",1
"TTCGGTCAGTGAATTG-1",0
"TTCGGTCAGTTGAGAT-1",2
"TTCGGTCCAAGGGTCA-1",0
"TTCGGTCCACGTCAGC-1",4
"TTCGGTCGTAACGTTC-1",2
"TTCGGTCGTAGAGTGC-1",1
"TTCGGTCGTTCATGGT-1",0
"TTCGGTCGTTCTGTTT-1",0
"TTCGGTCTCAAAGACA-1",2
"TTCGGTCTCCAGTATG-1",2
"TTCGGTCTCGCGTTTC-1",3
"TTCGGTCTCGTCTGAA-1",1
"TTCTACAAGACTAAGT-1",2
"TTCTACAAGCAGCCTC-1",1
"TTCTACAAGCCTTGAT-1",1
"TTCTACAAGGCAGGTT-1",1
"TTCTACAAGGTAAACT-1",1
"TTCTACAAGTTAGGTA-1",3
"TTCTACACACGTGAGA-1",1
"TTCTACACAGCTGTTA-1",2
"TTCTACACATCGATTG-1",3
"TTCTACACATTACGAC-1",1
"TTCTACAGTACCGTTA-1",2
"TTCTACAGTATATGAG-1",2
"TTCTACAGTGGCTCCA-1",0
"TTCTACATCAACGGGA-1",0
"TTCTACATCCGCGTTT-1",0
"TTCTCAAAGAAAGTGG-1",1
"TTCTCAAAGAATCTCC-1",3
"TTCTCAAAGAGGTTAT-1",1
"TTCTCAAAGCAGCCTC-1",2
"TTCTCAAAGCCGCCTA-1",1
"TTCTCAAAGTCAATAG-1",1
"TTCTCAAAGTTGAGAT-1",3
"TTCTCAACACCCAGTG-1",0
"TTCTCAACATTGTGCA-1",2
"TTCTCAAGTATAAACG-1",2
"TTCTCAAGTCCCTTGT-1",3
"TTCTCAAGTCGAGATG-1",1
"TTCTCAATCATCGCTC-1",1
"TTCTCAATCCCTAACC-1",2
"TTCTCAATCGTAGGAG-1",0
"TTCTCCTAGAGTAAGG-1",0
"TTCTCCTAGCGACGTA-1",3
"TTCTCCTAGCGTGAGT-1",1
"TTCTCCTAGTCTCGGC-1",0
"TTCTCCTCAACACGCC-1",1
"TTCTCCTCAATAACGA-1",2
"TTCTCCTGTTAAGAAC-1",0
"TTCTCCTTCAGTTCGA-1",0
"TTCTCCTTCCGTAGGC-1",2
"TTCTCCTTCCTTTCTC-1",3
"TTCTCCTTCTGCAAGT-1",1
"TTCTCCTTCTTCAACT-1",0
"TTCTCCTTCTTGTACT-1",1
"TTCTTAGAGGACTGGT-1",1
"TTCTTAGCAAGGTGTG-1",1
"TTCTTAGCATCGGAAG-1",1
"TTCTTAGGTAGAAGGA-1",0
"TTCTTAGGTCATATGC-1",0
"TTCTTAGTCAGTTCGA-1",1
"TTGAACGGTCACTTCC-1",1
"TTGAACGTCATGTCCC-1",1
"TTGACTTAGCCACGTC-1",0
"TTGACTTAGCGACGTA-1",1
"TTGACTTAGTTAACGA-1",2
"TTGACTTCACTTACGA-1",2
"TTGACTTGTCTCTCTG-1",1
"TTGACTTGTGCGATAG-1",0
"TTGACTTTCCAGAGGA-1",2
"TTGACTTTCTGTCCGT-1",1
"TTGCCGTAGGAGCGTT-1",0
"TTGCCGTAGGTGGGTT-1",2
"TTGCCGTCATGGTCAT-1",1
"TTGCCGTGTACAGACG-1",0
"TTGCGTCAGACAGAGA-1",0
"TTGCGTCAGCTCCTTC-1",0
"TTGCGTCAGTCCATAC-1",2
"TTGCGTCAGTGAATTG-1",0
"TTGCGTCCAAATTGCC-1",2
"TTGCGTCCACTGTGTA-1",1
"TTGCGTCCAGTCACTA-1",1
"TTGCGTCGTCTGATTG-1",1
"TTGGAACAGCCCAATT-1",2
"TTGGAACAGCGTCTAT-1",1
"TTGGAACAGGCGTACA-1",0
"TTGGAACGTATTACCG-1",1
"TTGGAACGTGTGTGCC-1",1
"TTGGAACTCCCATTAT-1",0
"TTGGAACTCCGTAGTA-1",2
"TTGGAACTCGTCCAGG-1",2
"TTGGCAAAGTTAGGTA-1",2
"TTGGCAAGTATAGGTA-1",1
"TTGGCAATCACATGCA-1",1
"TTGGCAATCAGAGCTT-1",2
"TTGGCAATCGCATGAT-1",1
"TTGGCAATCTAGAGTC-1",0
"TTGTAGGAGGTGCTAG-1",2
"TTGTAGGCACACGCTG-1",0
"TTGTAGGGTCTCCCTA-1",0
"TTGTAGGGTGGTAACG-1",2
"TTGTAGGTCGGCGCTA-1",1
"TTGTAGGTCTGCCAGG-1",0
"TTTACTGAGATCACGG-1",2
"TTTACTGCAAAGCAAT-1",0
"TTTACTGCACATGGGA-1",0
"TTTACTGCACCACGTG-1",1
"TTTACTGCATGGGACA-1",0
"TTTACTGCATGTCCTC-1",0
"TTTACTGGTAACGTTC-1",1
"TTTACTGGTGGTGTAG-1",2
"TTTACTGGTTCGCTAA-1",0
"TTTACTGTCTGGAGCC-1",0
"TTTATGCAGACTGTAA-1",2
"TTTATGCAGATGCGAC-1",1
"TTTATGCAGGCAAAGA-1",3
"TTTATGCAGGCCCGTT-1",0
"TTTATGCAGTTCCACA-1",1
"TTTATGCCAAACGCGA-1",1
"TTTATGCCAATCTGCA-1",0
"TTTATGCCACAGGTTT-1",1
"TTTATGCCAGCCAATT-1",0
"TTTATGCCAGGTCGTC-1",0
"TTTATGCCATGGTCAT-1",2
"TTTATGCTCACATAGC-1",1
"TTTATGCTCACCTTAT-1",1
"TTTATGCTCGGCGGTT-1",0
"TTTATGCTCTCGCTTG-1",0
"TTTCCTCAGCGTGAAC-1",0
"TTTCCTCAGGACTGGT-1",1
"TTTCCTCCAAAGTGCG-1",3
"TTTCCTCCAGGAATGC-1",0
"TTTCCTCCATTAGCCA-1",1
"TTTCCTCGTCCGAAGA-1",0
"TTTCCTCGTCGCTTTC-1",1
"TTTCCTCTCGGCCGAT-1",2
"TTTCCTCTCGTGTAGT-1",2
"TTTGCGCAGCTAAACA-1",0
"TTTGCGCAGCTAGTCT-1",1
"TTTGCGCAGGCCGAAT-1",0
"TTTGCGCAGTCAAGGC-1",0
"TTTGCGCCAAGTAGTA-1",2
"TTTGCGCCAGGTGCCT-1",1
"TTTGCGCGTCTAAACC-1",2
"TTTGCGCTCAAAGTAG-1",1
"TTTGCGCTCATGTAGC-1",2
"TTTGGTTAGAATGTGT-1",0
"TTTGGTTAGACAATAC-1",3
"TTTGGTTAGCGATTCT-1",1
"TTTGGTTAGGCTCAGA-1",1
"TTTGGTTAGTTACCCA-1",0
"TTTGGTTCAAACTGCT-1",3
"TTTGGTTCAAGCTGTT-1",3
"TTTGGTTCAGATCGGA-1",1
"TTTGGTTCATCACAAC-1",1
"TTTGGTTGTACTTCTT-1",0
"TTTGGTTGTATGCTTG-1",2
"TTTGGTTGTGCTTCTC-1",1
"TTTGGTTTCATGCTCC-1",2
"TTTGGTTTCCCTGACT-1",3
"TTTGTCAAGAGTCGGT-1",0
"TTTGTCACAAGTTCTG-1",0
"TTTGTCACAAGTTGTC-1",2
"TTTGTCACACTCTGTC-1",1
"TTTGTCATCACCTTAT-1",0
"TTTGTCATCCATTCTA-1",2
"TTTGTCATCCTTAATC-1",0
"TTTGTCATCTTATCTG-1",1
