"cell_barcode","expression"
"AAACCTGAGACAGAGA-1",1
"AAACCTGAGACTTTCG-1",2
"AAACCTGAGAGTAAGG-1",0
"AAACCTGAGAGTCGGT-1",2
"AAACCTGAGGATGGAA-1",2
"AAACCTGAGTAGATGT-1",1
"AAACCTGCAATCAGAA-1",0
"AAACCTGCACCGATAT-1",4
"AAACCTGCAGACGTAG-1",1
"AAACCTGCAGTATCTG-1",3
"AAACCTGCATAGTAAG-1",1
"AAACCTGCATGAACCT-1",1
"AAACCTGGTAAGAGGA-1",0
"AAACCTGGTCCAACTA-1",17
"AAACCTGTCCGTAGTA-1",20
"AAACCTGTCGAGAGCA-1",10
"AAACGGGAGTACGACG-1",0
"AAACGGGCAAGGTTTC-1",3
"AAACGGGCACGTCAGC-1",1
"AAACGGGCAGCGTTCG-1",1
"AAACGGGGTAGCCTCG-1",5
"AAACGGGGTCTACCTC-1",9
"AAACGGGGTGCGGTAA-1",1
"AAACGGGGTTGTCGCG-1",1
"AAACGGGTCCATGAGT-1",1
"AAACGGGTCCCAACGG-1",4
"AAACGGGTCCCATTAT-1",0
"AAAGATGCAGTCAGCC-1",0
"AAAGATGCATCTACGA-1",0
"AAAGCAAAGCGTCTAT-1",0
"AAAGCAACATGTCGAT-1",1
"AAAGCAAGTAGCTGCC-1",1
"AAAGCAAGTAGGCATG-1",0
"AAAGCAAGTGCGCTTG-1",0
"AAAGCAAGTTATTCTC-1",2
"AAAGCAATCCGTAGTA-1",4
"AAAGTAGAGATGTGTA-1",2
"AAAGTAGAGTGGGCTA-1",3
"AAAGTAGGTATATGGA-1",4
"AAAGTAGGTGAGCGAT-1",0
"AAAGTAGGTTGAGGTG-1",2
"AAATGCCAGCCCTAAT-1",3
"AAATGCCAGCGTGTCC-1",0
"AAATGCCCAACACCTA-1",0
"AAATGCCGTAGGAGTC-1",4
"AAATGCCGTCTTTCAT-1",0
"AAATGCCGTGGTCCGT-1",0
"AAATGCCGTTCCCGAG-1",1
"AAATGCCTCATAGCAC-1",3
"AAATGCCTCGCTTAGA-1",2
"AACACGTAGAATTCCC-1",7
"AACACGTAGCCCTAAT-1",0
"AACACGTAGGGTGTGT-1",1
"AACACGTCACTGTCGG-1",2
"AACACGTCATCCCATC-1",2
"AACACGTGTGCAACGA-1",1
"AACACGTGTGTCGCTG-1",2
"AACCATGAGCGCTTAT-1",3
"AACCATGGTCCGTTAA-1",1
"AACCATGTCAGTTCGA-1",0
"AACCATGTCATCGATG-1",1
"AACCATGTCCCAAGTA-1",4
"AACCGCGAGAAGCCCA-1",0
"AACCGCGAGACTGGGT-1",4
"AACCGCGAGAGGTACC-1",1
"AACCGCGAGTTAGGTA-1",0
"AACCGCGAGTTGCAGG-1",1
"AACCGCGCACGGTAGA-1",2
"AACCGCGCAGCATGAG-1",2
"AACCGCGCAGCCTGTG-1",2
"AACCGCGCAGCTGTGC-1",0
"AACCGCGCAGTATGCT-1",5
"AACCGCGGTACTTGAC-1",4
"AACCGCGGTCTGCAAT-1",2
"AACCGCGTCACATGCA-1",2
"AACCGCGTCACCGTAA-1",0
"AACCGCGTCCAGAGGA-1",1
"AACCGCGTCCGAAGAG-1",0
"AACCGCGTCGATCCCT-1",1
"AACGTTGAGCGATAGC-1",1
"AACGTTGAGCGATCCC-1",0
"AACGTTGAGCTTATCG-1",1
"AACGTTGCAAGTTGTC-1",3
"AACGTTGCAATAGAGT-1",13
"AACGTTGCAATGGATA-1",3
"AACGTTGCATGGATGG-1",2
"AACGTTGCATTCTCAT-1",0
"AACGTTGTCAACACGT-1",10
"AACGTTGTCGAGGTAG-1",0
"AACGTTGTCGGTCCGA-1",0
"AACTCAGAGAGCTATA-1",3
"AACTCAGAGAGTCGGT-1",0
"AACTCAGAGCCACCTG-1",0
"AACTCAGAGCCCAATT-1",2
"AACTCAGCAAACAACA-1",4
"AACTCAGCACAAGCCC-1",1
"AACTCAGCACGGTTTA-1",1
"AACTCAGCAGGATCGA-1",0
"AACTCAGCATAAAGGT-1",2
"AACTCAGGTTCCACAA-1",1
"AACTCAGTCGTACCGG-1",1
"AACTCCCAGCCCAGCT-1",2
"AACTCCCAGCTAAGAT-1",2
"AACTCCCCAAACGCGA-1",1
"AACTCCCCATGGTCTA-1",4
"AACTCCCGTTGCGCAC-1",2
"AACTCCCTCAAGAAGT-1",10
"AACTCCCTCAAGCCTA-1",2
"AACTCCCTCATCGCTC-1",1
"AACTCCCTCTGCAGTA-1",1
"AACTCCCTCTGGCGTG-1",2
"AACTCTTAGCAGACTG-1",0
"AACTCTTAGTCCGGTC-1",0
"AACTCTTCATGCTAGT-1",0
"AACTCTTGTCGAATCT-1",2
"AACTCTTGTCGGGTCT-1",1
"AACTCTTTCCTCAATT-1",3
"AACTCTTTCTCAAACG-1",1
"AACTCTTTCTCCAGGG-1",3
"AACTCTTTCTCTGCTG-1",2
"AACTGGTAGAAGATTC-1",0
"AACTGGTAGAGACTAT-1",3
"AACTGGTAGCCAACAG-1",1
"AACTGGTAGTGTACTC-1",0
"AACTGGTCACTGAAGG-1",1
"AACTGGTGTCCGAACC-1",0
"AACTGGTTCGGAGCAA-1",0
"AACTGGTTCGTGGGAA-1",2
"AACTGGTTCTGCTTGC-1",2
"AACTTTCAGCGTGAAC-1",0
"AACTTTCAGTATCTCG-1",1
"AACTTTCAGTTTCCTT-1",0
"AACTTTCCATCCTTGC-1",1
"AACTTTCGTCTAGAGG-1",1
"AACTTTCGTCTCTTTA-1",0
"AACTTTCGTTTGTTTC-1",0
"AAGACCTAGGGCTTCC-1",3
"AAGACCTAGTACACCT-1",2
"AAGACCTGTATATGAG-1",1
"AAGACCTGTATCAGTC-1",1
"AAGACCTGTCCGTGAC-1",1
"AAGACCTGTCGAAAGC-1",1
"AAGACCTTCGCCATAA-1",0
"AAGCCGCAGATCTGAA-1",1
"AAGCCGCAGGGTGTTG-1",0
"AAGCCGCAGTGGACGT-1",1
"AAGCCGCAGTGTACTC-1",0
"AAGCCGCCACGCTTTC-1",6
"AAGCCGCCAGGACGTA-1",1
"AAGCCGCGTACAGTTC-1",5
"AAGCCGCGTCATTAGC-1",0
"AAGCCGCTCACGAAGG-1",0
"AAGCCGCTCAGTTAGC-1",0
"AAGCCGCTCGCAAACT-1",0
"AAGCCGCTCGTCGTTC-1",11
"AAGCCGCTCTTACCGC-1",1
"AAGGAGCAGAAACCGC-1",0
"AAGGAGCAGGCATGTG-1",2
"AAGGAGCAGGCGCTCT-1",0
"AAGGAGCAGTTGAGTA-1",4
"AAGGAGCCACGGCGTT-1",1
"AAGGAGCGTAGCGCAA-1",1
"AAGGAGCGTCTGCAAT-1",0
"AAGGAGCTCGTCTGCT-1",1
"AAGGCAGAGAACTGTA-1",4
"AAGGCAGAGAGATGAG-1",1
"AAGGCAGAGGTGATAT-1",1
"AAGGCAGCATAGTAAG-1",0
"AAGGCAGGTACTTCTT-1",13
"AAGGCAGGTGTGCCTG-1",1
"AAGGCAGTCAGATAAG-1",2
"AAGGCAGTCGGAATCT-1",3
"AAGGTTCAGTATCTCG-1",6
"AAGGTTCCATCACGTA-1",4
"AAGGTTCGTATATGGA-1",0
"AAGGTTCGTCCGAATT-1",1
"AAGGTTCGTCGACTAT-1",2
"AAGGTTCGTGTGACCC-1",0
"AAGGTTCTCCGTCATC-1",1
"AAGGTTCTCCTCGCAT-1",5
"AAGGTTCTCTGCGGCA-1",3
"AAGTCTGAGCCATCGC-1",1
"AAGTCTGAGTCAAGCG-1",1
"AAGTCTGCAAAGGAAG-1",16
"AAGTCTGGTCAGCTAT-1",3
"AAGTCTGTCAAACAAG-1",1
"AAGTCTGTCACTGGGC-1",2
"AAGTCTGTCAGCAACT-1",0
"AATCCAGCAAAGTGCG-1",3
"AATCCAGCAGCATACT-1",2
"AATCCAGGTAGGCATG-1",2
"AATCCAGGTCTCCCTA-1",1
"AATCCAGTCCGAATGT-1",7
"AATCGGTAGGCATGGT-1",4
"AATCGGTTCCTGTACC-1",1
"AATCGGTTCGCCGTGA-1",4
"ACACCAAAGATGAGAG-1",2
"ACACCAAAGCCCTAAT-1",0
"ACACCAAAGGATGGTC-1",1
"ACACCAAAGTGTCCAT-1",4
"ACACCAACACTTCGAA-1",1
"ACACCAACAGACGCTC-1",0
"ACACCAACAGCCTATA-1",9
"ACACCAAGTCGCGTGT-1",0
"ACACCAAGTCTAAACC-1",2
"ACACCAAGTTATGTGC-1",0
"ACACCAATCGCGTTTC-1",0
"ACACCCTAGCCAGGAT-1",4
"ACACCCTAGTACTTGC-1",8
"ACACCCTCAAGCGCTC-1",1
"ACACCCTCATCACAAC-1",0
"ACACCCTCATGCCCGA-1",0
"ACACCCTGTCTGGTCG-1",2
"ACACCCTTCCGCAAGC-1",2
"ACACCCTTCCTTGCCA-1",0
"ACACCCTTCTATCCTA-1",1
"ACACCCTTCTGGCGTG-1",1
"ACACCGGAGGCTCAGA-1",1
"ACACCGGAGTGACATA-1",1
"ACACCGGAGTTACCCA-1",2
"ACACCGGCAAGCCGTC-1",0
"ACACCGGCACCAGATT-1",3
"ACACCGGCACCGAAAG-1",1
"ACACCGGCATCACAAC-1",2
"ACACCGGTCCGCATAA-1",2
"ACACCGGTCTCGGACG-1",0
"ACACCGGTCTCTGTCG-1",1
"ACACTGAAGCACGCCT-1",0
"ACACTGAAGGTGATTA-1",1
"ACACTGACAATAGAGT-1",0
"ACACTGACAGACTCGC-1",9
"ACACTGACATCCAACA-1",0
"ACACTGAGTCCGAAGA-1",0
"ACACTGAGTGTTTGTG-1",0
"ACACTGAGTTTGACTG-1",6
"ACAGCCGAGGAATGGA-1",3
"ACAGCCGAGGCCCGTT-1",1
"ACAGCCGAGGTGCTTT-1",7
"ACAGCCGAGTGGTAGC-1",3
"ACAGCCGCATATACGC-1",1
"ACAGCCGCATGCAACT-1",0
"ACAGCCGGTAGGGTAC-1",1
"ACAGCCGGTCGAATCT-1",2
"ACAGCCGGTTCACCTC-1",1
"ACAGCCGGTTCCACTC-1",4
"ACAGCCGTCCAGAAGG-1",0
"ACAGCCGTCTTTACAC-1",2
"ACAGCTAAGCACCGCT-1",1
"ACAGCTAAGTATCTCG-1",2
"ACAGCTAAGTGTTGAA-1",1
"ACAGCTACATCGTCGG-1",2
"ACAGCTAGTCGACTAT-1",2
"ACAGCTAGTGGTACAG-1",1
"ACAGCTATCACCACCT-1",1
"ACAGCTATCTGCTTGC-1",2
"ACATACGAGAGCTTCT-1",1
"ACATACGAGCGTAGTG-1",1
"ACATACGAGCTTCGCG-1",1
"ACATACGAGCTTTGGT-1",0
"ACATACGCAAACGTGG-1",4
"ACATACGCAAGCCTAT-1",1
"ACATACGCATCTCCCA-1",0
"ACATACGCATTCTCAT-1",6
"ACATACGGTAGGAGTC-1",2
"ACATACGGTGCACCAC-1",3
"ACATACGGTGGTTTCA-1",3
"ACATACGTCGTATCAG-1",5
"ACATCAGAGCCACTAT-1",0
"ACATCAGAGCCTTGAT-1",0
"ACATCAGCAACACCCG-1",10
"ACATCAGCAACGATGG-1",4
"ACATCAGCAATTGCTG-1",0
"ACATCAGCACCGGAAA-1",0
"ACATCAGCATAAAGGT-1",1
"ACATCAGCATCCCACT-1",1
"ACATCAGCATTTGCCC-1",4
"ACATCAGGTAAGGATT-1",1
"ACATCAGGTCCGTGAC-1",2
"ACATCAGGTTAAGTAG-1",4
"ACATCAGTCAAACCGT-1",0
"ACATGGTAGCATGGCA-1",0
"ACATGGTAGCTGTTCA-1",1
"ACATGGTCACTTGGAT-1",1
"ACATGGTGTCAGATAA-1",1
"ACATGGTGTCTGCGGT-1",0
"ACATGGTGTGCAACTT-1",2
"ACATGGTTCCGCAAGC-1",0
"ACATGGTTCCTCCTAG-1",2
"ACATGGTTCTGGAGCC-1",1
"ACATGGTTCTTCTGGC-1",2
"ACCAGTAAGATCACGG-1",0
"ACCAGTAAGCTTCGCG-1",1
"ACCAGTACACAGATTC-1",0
"ACCAGTACACAGGCCT-1",1
"ACCAGTACAGTATGCT-1",1
"ACCAGTACAGTCAGAG-1",3
"ACCAGTACAGTTTACG-1",1
"ACCAGTAGTCACCCAG-1",1
"ACCAGTAGTCCATCCT-1",0
"ACCAGTAGTCTTCAAG-1",0
"ACCAGTAGTGGACGAT-1",0
"ACCAGTATCTGCGACG-1",2
"ACCAGTATCTGCTTGC-1",0
"ACCAGTATCTGTTTGT-1",0
"ACCCACTAGAGGTTAT-1",2
"ACCCACTAGATCCCGC-1",7
"ACCCACTAGATGTGTA-1",2
"ACCCACTAGCCCAATT-1",2
"ACCCACTCAAGGGTCA-1",2
"ACCCACTCAAGGTTCT-1",2
"ACCCACTGTAAATGAC-1",0
"ACCCACTGTAGCCTCG-1",2
"ACCCACTGTCAAAGAT-1",2
"ACCCACTGTCAATACC-1",1
"ACCCACTGTGTGGTTT-1",0
"ACCCACTTCGCAAACT-1",1
"ACCCACTTCTGCCAGG-1",3
"ACCGTAACAATCGGTT-1",3
"ACCGTAACAATCTACG-1",1
"ACCGTAACAGGTCCAC-1",1
"ACCGTAAGTACAGCAG-1",0
"ACCGTAAGTCATGCAT-1",5
"ACCGTAAGTGAGTGAC-1",0
"ACCGTAAGTTAAGAAC-1",1
"ACCGTAAGTTCCGTCT-1",2
"ACCGTAATCACATAGC-1",4
"ACCGTAATCATGTGGT-1",0
"ACCGTAATCTGAAAGA-1",2
"ACCTTTACAATCGGTT-1",0
"ACCTTTACACGGACAA-1",1
"ACCTTTACAGCAGTTT-1",2
"ACCTTTACATGCAACT-1",1
"ACCTTTACATTTCAGG-1",1
"ACCTTTAGTGAACCTT-1",2
"ACCTTTAGTTCCACTC-1",2
"ACCTTTATCTCTAGGA-1",3
"ACGAGCCAGGCAGGTT-1",1
"ACGAGCCCACAGGCCT-1",2
"ACGAGCCCATGGAATA-1",2
"ACGAGCCGTGCACGAA-1",0
"ACGAGCCGTGTGACCC-1",0
"ACGAGCCGTTGGTTTG-1",0
"ACGAGCCTCAGTCCCT-1",1
"ACGAGCCTCGCAAACT-1",1
"ACGAGGACACTACAGT-1",2
"ACGAGGACATGTAGTC-1",7
"ACGAGGAGTACACCGC-1",1
"ACGAGGAGTGCCTGCA-1",0
"ACGAGGAGTTCTGAAC-1",2
"ACGAGGATCTGCGGCA-1",2
"ACGATACAGAGTGACC-1",0
"ACGATACAGCGCCTTG-1",0
"ACGATACAGTGATCGG-1",5
"ACGATACCACGTTGGC-1",1
"ACGATACCATTGGGCC-1",3
"ACGATACGTCGAATCT-1",1
"ACGATACTCTGACCTC-1",8
"ACGATGTAGTGCGATG-1",0
"ACGATGTAGTTGAGAT-1",4
"ACGATGTCAACGCACC-1",1
"ACGATGTCACACGCTG-1",1
"ACGATGTGTATTCTCT-1",6
"ACGATGTGTCAGTGGA-1",0
"ACGATGTGTGACTACT-1",1
"ACGATGTGTGTCGCTG-1",1
"ACGATGTTCGCGTAGC-1",1
"ACGATGTTCTCTTATG-1",2
"ACGCAGCAGCGGCTTC-1",0
"ACGCAGCAGCTGCGAA-1",3
"ACGCAGCAGTGTACGG-1",0
"ACGCAGCCACCTCGTT-1",0
"ACGCAGCCATCGACGC-1",2
"ACGCAGCCATTACCTT-1",2
"ACGCAGCGTCCATGAT-1",3
"ACGCAGCGTCTACCTC-1",0
"ACGCAGCGTCTGGTCG-1",3
"ACGCAGCGTGCGATAG-1",1
"ACGCCAGCAAAGCAAT-1",4
"ACGCCAGCAACGCACC-1",6
"ACGCCAGCACGAGAGT-1",1
"ACGCCAGCAGTGAGTG-1",0
"ACGCCAGGTGCACTTA-1",1
"ACGCCAGGTGTGCGTC-1",2
"ACGCCAGTCACAGGCC-1",3
"ACGCCAGTCAGTGTTG-1",1
"ACGCCGAAGAAACGCC-1",2
"ACGCCGAAGATCTGCT-1",3
"ACGCCGACAGCCTGTG-1",1
"ACGCCGAGTTCCAACA-1",1
"ACGCCGATCCTATGTT-1",0
"ACGCCGATCGCAGGCT-1",6
"ACGCCGATCTTGTATC-1",1
"ACGGAGAAGCCAGTTT-1",1
"ACGGAGAAGGTCATCT-1",2
"ACGGAGACACACATGT-1",5
"ACGGAGACAGCCTGTG-1",1
"ACGGAGACAGCGTAAG-1",0
"ACGGAGACAGTAAGCG-1",2
"ACGGAGAGTGTGACGA-1",4
"ACGGAGATCCACGAAT-1",1
"ACGGCCACACATCCAA-1",0
"ACGGCCACACATTCGA-1",8
"ACGGCCAGTACCGTAT-1",1
"ACGGCCAGTGTATGGG-1",1
"ACGGCCATCACGGTTA-1",0
"ACGGCCATCAGTGTTG-1",1
"ACGGCCATCTACTATC-1",8
"ACGGGCTAGGATCGCA-1",3
"ACGGGCTAGGTTCCTA-1",1
"ACGGGCTAGTGGCACA-1",4
"ACGGGCTCATCTGGTA-1",2
"ACGGGCTGTGAGGCTA-1",3
"ACGGGCTTCCGAACGC-1",0
"ACGGGTCAGATGCCAG-1",1
"ACGGGTCCATGATCCA-1",2
"ACGGGTCCATTAGGCT-1",4
"ACGGGTCCATTTCACT-1",2
"ACGGGTCGTTAGGGTG-1",0
"ACGGGTCTCAACACCA-1",2
"ACGGGTCTCCACGCAG-1",3
"ACGTCAAAGGGCTTCC-1",1
"ACGTCAAAGTGGTAAT-1",0
"ACGTCAACAACTGCGC-1",1
"ACGTCAACACAAGACG-1",0
"ACGTCAAGTAGCTCCG-1",2
"ACGTCAAGTGTCGCTG-1",1
"ACGTCAAGTTATGCGT-1",3
"ACGTCAATCAACCAAC-1",4
"ACGTCAATCATAACCG-1",1
"ACGTCAATCCAGAAGG-1",3
"ACGTCAATCTAACTCT-1",0
"ACTATCTAGAGGTTAT-1",0
"ACTATCTAGATACACA-1",1
"ACTATCTAGGAGTAGA-1",0
"ACTATCTAGGCATGTG-1",1
"ACTATCTCAAATACAG-1",1
"ACTATCTCAAATTGCC-1",0
"ACTATCTGTAGGGACT-1",0
"ACTATCTGTCGCGTGT-1",1
"ACTATCTGTGCACGAA-1",1
"ACTATCTGTGGTTTCA-1",1
"ACTATCTTCGCCGTGA-1",0
"ACTGAACAGAGTGAGA-1",3
"ACTGAACAGATCCCGC-1",0
"ACTGAACAGGTGATAT-1",1
"ACTGAACCAAAGCGGT-1",0
"ACTGAACCAAGCGAGT-1",0
"ACTGAACCAATTCCTT-1",0
"ACTGAACCAGCTGGCT-1",0
"ACTGAACCAGTCTTCC-1",1
"ACTGAACCATTACCTT-1",0
"ACTGAACGTAAGCACG-1",5
"ACTGAACGTAATCGTC-1",0
"ACTGAACGTCCAGTAT-1",3
"ACTGAACGTCTGATCA-1",0
"ACTGAACTCCCACTTG-1",3
"ACTGAGTAGCCGGTAA-1",3
"ACTGAGTCAGTGGGAT-1",4
"ACTGAGTCATTTGCCC-1",8
"ACTGAGTGTAGAGCTG-1",7
"ACTGAGTGTTGTGGCC-1",2
"ACTGAGTTCAGGTTCA-1",0
"ACTGATGAGACAGACC-1",1
"ACTGATGAGCGGATCA-1",2
"ACTGATGAGGTGCTTT-1",0
"ACTGATGCAGCAGTTT-1",0
"ACTGATGCATCACAAC-1",0
"ACTGATGGTCATGCAT-1",9
"ACTGATGTCACAATGC-1",0
"ACTGATGTCACTCCTG-1",1
"ACTGATGTCCCTGACT-1",0
"ACTGATGTCCGCTGTT-1",0
"ACTGATGTCCGGCACA-1",3
"ACTGATGTCCTATTCA-1",3
"ACTGCTCAGAGCTTCT-1",2
"ACTGCTCAGATGCCTT-1",1
"ACTGCTCCACACCGCA-1",0
"ACTGCTCCAGATGGGT-1",1
"ACTGCTCCATGCCTAA-1",1
"ACTGCTCGTAGGCATG-1",5
"ACTGCTCGTATCACCA-1",4
"ACTGCTCGTCCGAAGA-1",1
"ACTGCTCTCCGAGCCA-1",1
"ACTGTCCAGAGGGCTT-1",0
"ACTGTCCAGCAGCGTA-1",1
"ACTGTCCAGGCATGGT-1",0
"ACTGTCCCAAGGTTTC-1",2
"ACTGTCCCAAGTACCT-1",3
"ACTGTCCCAGTATCTG-1",0
"ACTGTCCCATAGAAAC-1",1
"ACTGTCCGTTGAGGTG-1",1
"ACTGTCCTCCACGTGG-1",0
"ACTGTCCTCCTTGGTC-1",0
"ACTGTCCTCTCTGTCG-1",0
"ACTTACTAGCGATAGC-1",0
"ACTTACTAGGGATGGG-1",0
"ACTTACTCACAGACAG-1",0
"ACTTACTCACATTTCT-1",1
"ACTTACTGTACTCAAC-1",1
"ACTTACTGTTCCACAA-1",0
"ACTTACTTCATCGGAT-1",1
"ACTTGTTAGACAAGCC-1",0
"ACTTGTTAGCTAGCCC-1",1
"ACTTGTTAGTTACCCA-1",5
"ACTTGTTCACGACGAA-1",0
"ACTTGTTCACGGCTAC-1",0
"ACTTGTTGTATCGCAT-1",0
"ACTTGTTGTGGTAACG-1",2
"ACTTGTTGTTGTGGAG-1",2
"ACTTGTTTCATCACCC-1",0
"ACTTTCACATGGTCAT-1",2
"ACTTTCAGTGACTACT-1",0
"ACTTTCATCGCCAGCA-1",1
"AGAATAGAGCTGAACG-1",0
"AGAATAGAGCTGTCTA-1",1
"AGAATAGAGGTAGCTG-1",1
"AGAATAGCATGGTCTA-1",2
"AGAATAGGTAATCGTC-1",2
"AGAATAGGTATTCTCT-1",1
"AGAATAGGTGCGGTAA-1",0
"AGAATAGGTTAAGAAC-1",2
"AGAATAGTCAGGCCCA-1",6
"AGACGTTAGAATGTGT-1",1
"AGACGTTAGCTCCTCT-1",2
"AGACGTTAGTGCCAGA-1",0
"AGACGTTCAGGATCGA-1",1
"AGACGTTGTAGCTGCC-1",1
"AGACGTTGTCTGCAAT-1",1
"AGACGTTGTTCTGTTT-1",1
"AGACGTTTCGCATGGC-1",3
"AGACGTTTCGCTTAGA-1",1
"AGAGCGACAACTTGAC-1",1
"AGAGCGACAAGTACCT-1",4
"AGAGCGACACAACGTT-1",5
"AGAGCGACATGAGCGA-1",0
"AGAGCGAGTCAGTGGA-1",0
"AGAGCGAGTCGACTGC-1",3
"AGAGCGAGTTGAGTTC-1",0
"AGAGCGATCGCGTAGC-1",4
"AGAGCGATCTATCCTA-1",1
"AGAGCGATCTCGCTTG-1",0
"AGAGCTTAGCCGTCGT-1",1
"AGAGCTTAGTACACCT-1",1
"AGAGCTTAGTCATGCT-1",0
"AGAGCTTGTAGAGCTG-1",1
"AGAGCTTGTATCACCA-1",1
"AGAGCTTTCACTATTC-1",3
"AGAGCTTTCCTGCAGG-1",2
"AGAGCTTTCGCAAACT-1",3
"AGAGCTTTCGCTTAGA-1",2
"AGAGTGGAGAGCCTAG-1",2
"AGAGTGGAGGCCCTTG-1",3
"AGAGTGGAGGTACTCT-1",1
"AGAGTGGCACAAGACG-1",2
"AGAGTGGCACCTCGTT-1",2
"AGAGTGGCATCCGGGT-1",2
"AGAGTGGCATCTGGTA-1",0
"AGAGTGGGTCAGCTAT-1",0
"AGAGTGGGTCCTCCAT-1",8
"AGAGTGGGTCTAGTCA-1",1
"AGAGTGGGTTACCGAT-1",1
"AGATCTGAGGTGGGTT-1",1
"AGATCTGAGTCAAGGC-1",0
"AGATCTGCAATGTTGC-1",1
"AGATCTGTCGAATCCA-1",0
"AGATCTGTCTGCAGTA-1",1
"AGATTGCAGGCTACGA-1",0
"AGATTGCCACGACGAA-1",2
"AGATTGCCAGATGGGT-1",0
"AGATTGCGTAGAGCTG-1",4
"AGATTGCGTGATGTCT-1",2
"AGATTGCGTGTTCGAT-1",1
"AGATTGCGTTCACGGC-1",3
"AGATTGCTCACTGGGC-1",0
"AGATTGCTCATCTGTT-1",1
"AGCAGCCAGCTGATAA-1",1
"AGCAGCCCACCGAAAG-1",0
"AGCAGCCGTCGACTGC-1",0
"AGCAGCCGTCGCTTTC-1",3
"AGCAGCCGTCTAACGT-1",0
"AGCAGCCGTGTGAAAT-1",1
"AGCAGCCGTTTGTTGG-1",1
"AGCAGCCTCCAAACAC-1",0
"AGCATACAGTGGTAGC-1",2
"AGCATACAGTTGTCGT-1",0
"AGCATACGTCTTCTCG-1",2
"AGCATACGTTAAGTAG-1",2
"AGCATACTCCGTTGCT-1",1
"AGCCTAAAGATATGGT-1",2
"AGCCTAACAAAGCGGT-1",0
"AGCCTAACAGATAATG-1",1
"AGCCTAAGTACGAAAT-1",1
"AGCCTAAGTCACCTAA-1",1
"AGCCTAAGTGTGCCTG-1",0
"AGCCTAATCACCCGAG-1",2
"AGCCTAATCCAATGGT-1",1
"AGCCTAATCCTTGGTC-1",0
"AGCCTAATCTGTGCAA-1",1
"AGCCTAATCTGTTTGT-1",3
"AGCGGTCAGCGAAGGG-1",0
"AGCGGTCAGGTACTCT-1",8
"AGCGGTCAGTGACTCT-1",4
"AGCGGTCCAGCCTTGG-1",1
"AGCGGTCGTCCTAGCG-1",4
"AGCGGTCGTGGTGTAG-1",1
"AGCGGTCGTTAAGGGC-1",1
"AGCGGTCGTTTGCATG-1",0
"AGCGGTCTCCGAAGAG-1",0
"AGCGGTCTCCTCAATT-1",1
"AGCGGTCTCTGGGCCA-1",1
"AGCGTATAGAACTGTA-1",1
"AGCGTATAGCGATGAC-1",1
"AGCGTATAGGTACTCT-1",2
"AGCGTATGTTGAGGTG-1",1
"AGCGTATTCCAGAGGA-1",0
"AGCGTCGAGTTGAGTA-1",0
"AGCGTCGCAGGGATTG-1",4
"AGCGTCGTCTGAAAGA-1",0
"AGCTCCTAGACCTAGG-1",0
"AGCTCCTAGCGTTTAC-1",1
"AGCTCCTGTGTTTGTG-1",0
"AGCTCCTGTTGTCTTT-1",1
"AGCTCCTTCCGAATGT-1",0
"AGCTCCTTCTTGACGA-1",1
"AGCTCTCAGCGGATCA-1",4
"AGCTCTCAGCTGTTCA-1",7
"AGCTCTCAGGTGCTAG-1",2
"AGCTCTCCATACAGCT-1",2
"AGCTCTCGTCAGAGGT-1",1
"AGCTCTCGTGGGTCAA-1",1
"AGCTCTCTCACAACGT-1",1
"AGCTCTCTCTTGACGA-1",4
"AGCTTGAAGCATCATC-1",1
"AGCTTGAAGTAGCGGT-1",0
"AGCTTGAAGTTGTCGT-1",2
"AGCTTGACAATCCAAC-1",0
"AGCTTGACACCGATAT-1",4
"AGCTTGAGTCTACCTC-1",0
"AGCTTGAGTGCGCTTG-1",2
"AGCTTGAGTTACGCGC-1",2
"AGCTTGATCCTGCCAT-1",0
"AGCTTGATCTGCAAGT-1",0
"AGGCCACAGAGTAAGG-1",1
"AGGCCACAGGGTCTCC-1",3
"AGGCCACAGTACTTGC-1",2
"AGGCCACCAGGACCCT-1",0
"AGGCCACCATCAGTCA-1",0
"AGGCCACTCATGCTCC-1",2
"AGGCCACTCATGGTCA-1",0
"AGGCCACTCATTGCGA-1",1
"AGGCCGTAGGATCGCA-1",0
"AGGCCGTCACGTAAGG-1",2
"AGGCCGTCAGCTCGAC-1",0
"AGGCCGTCATCGTCGG-1",1
"AGGCCGTTCACGGTTA-1",1
"AGGCCGTTCGAACTGT-1",22
"AGGCCGTTCTCAAGTG-1",3
"AGGCCGTTCTGCTTGC-1",1
"AGGGAGTAGCCCAACC-1",2
"AGGGAGTAGGAGTACC-1",2
"AGGGAGTAGGCAGGTT-1",3
"AGGGAGTCACGAGAGT-1",2
"AGGGAGTCAGAAGCAC-1",1
"AGGGAGTCAGATCCAT-1",2
"AGGGAGTCATCGACGC-1",3
"AGGGAGTCATGCTAGT-1",1
"AGGGAGTGTCCATGAT-1",4
"AGGGAGTTCATAACCG-1",0
"AGGGATGAGCTCTCGG-1",1
"AGGGATGAGGAGTAGA-1",1
"AGGGATGAGTAGCGGT-1",0
"AGGGATGCAATGAATG-1",2
"AGGGATGCAATGGAGC-1",1
"AGGGATGCACAAGACG-1",0
"AGGGATGCACATTTCT-1",2
"AGGGATGCATGGTCTA-1",0
"AGGGATGGTTAAAGTG-1",1
"AGGGATGGTTATGCGT-1",10
"AGGGATGTCGTGACAT-1",6
"AGGGTGAAGATGGCGT-1",4
"AGGGTGAAGATGGGTC-1",0
"AGGGTGAAGGCTCAGA-1",4
"AGGGTGACACGAGAGT-1",1
"AGGGTGACAGATGGCA-1",1
"AGGGTGACAGATTGCT-1",0
"AGGGTGAGTACTCTCC-1",2
"AGGGTGAGTTATCGGT-1",1
"AGGGTGAGTTCTGAAC-1",5
"AGGGTGATCTCGCTTG-1",1
"AGGTCATAGAGCCCAA-1",4
"AGGTCATAGCCAGAAC-1",4
"AGGTCATAGGCATGGT-1",1
"AGGTCATAGGGAGTAA-1",0
"AGGTCATCACTCAGGC-1",0
"AGGTCATCACTCTGTC-1",1
"AGGTCATGTTCCACTC-1",4
"AGGTCATTCTCGTTTA-1",3
"AGGTCCGAGGATGCGT-1",3
"AGGTCCGCAACACGCC-1",1
"AGGTCCGGTGATGCCC-1",0
"AGGTCCGTCCATGAAC-1",7
"AGGTCCGTCGCCCTTA-1",1
"AGGTCCGTCTGCGTAA-1",2
"AGTAGTCAGACTGTAA-1",2
"AGTAGTCAGTACGACG-1",1
"AGTAGTCAGTTTAGGA-1",0
"AGTAGTCCAACTGGCC-1",0
"AGTAGTCGTGCAGACA-1",12
"AGTAGTCTCACCCGAG-1",1
"AGTCTTTAGGCAGTCA-1",0
"AGTCTTTCAAATCCGT-1",2
"AGTCTTTCATATACCG-1",2
"AGTCTTTGTGCTTCTC-1",10
"AGTCTTTGTGTCCTCT-1",4
"AGTCTTTGTTTGTTTC-1",0
"AGTCTTTTCGCAGGCT-1",1
"AGTCTTTTCGCGTAGC-1",0
"AGTCTTTTCGCTAGCG-1",0
"AGTCTTTTCGCTTGTC-1",1
"AGTCTTTTCTGACCTC-1",1
"AGTGAGGAGATAGCAT-1",4
"AGTGAGGCAGGTGCCT-1",0
"AGTGAGGGTATGAAAC-1",0
"AGTGAGGGTCACTTCC-1",1
"AGTGAGGGTCGCGAAA-1",0
"AGTGAGGGTTATGTGC-1",0
"AGTGAGGTCTACTATC-1",3
"AGTGGGAAGCAGACTG-1",1
"AGTGGGACAAACGCGA-1",1
"AGTGGGACAAGCCGTC-1",3
"AGTGGGACACAGGAGT-1",0
"AGTGGGACACGAGAGT-1",2
"AGTGGGATCATCGATG-1",1
"AGTGGGATCCACGAAT-1",2
"AGTGGGATCCTGCAGG-1",5
"AGTGTCAAGAAGCCCA-1",0
"AGTGTCAAGCTAGTCT-1",7
"AGTGTCAAGTACGACG-1",0
"AGTGTCAAGTGAACAT-1",0
"AGTGTCACACCATCCT-1",0
"AGTGTCACAGTAAGCG-1",1
"AGTGTCACAGTGGAGT-1",1
"AGTGTCAGTAAACCTC-1",2
"AGTGTCAGTACAGCAG-1",2
"AGTGTCAGTCTCCACT-1",4
"AGTGTCAGTTTGACTG-1",9
"AGTGTCATCAAAGTAG-1",4
"AGTGTCATCCGTCAAA-1",2
"AGTGTCATCGTTACAG-1",1
"AGTGTCATCTGTCAAG-1",0
"AGTTGGTAGACTGTAA-1",1
"AGTTGGTAGTACGCGA-1",8
"AGTTGGTCAAATTGCC-1",0
"AGTTGGTCAGGAATGC-1",2
"AGTTGGTCATGCGCAC-1",6
"AGTTGGTGTACCGTAT-1",9
"AGTTGGTGTATGCTTG-1",1
"AGTTGGTGTCAGGACA-1",3
"AGTTGGTGTTCAGACT-1",2
"AGTTGGTTCAGTACGT-1",7
"AGTTGGTTCCTCAACC-1",2
"AGTTGGTTCGTACCGG-1",0
"AGTTGGTTCTGTCCGT-1",1
"ATAACGCAGTTGAGTA-1",5
"ATAACGCCACGTGAGA-1",1
"ATAACGCGTGAACCTT-1",1
"ATAACGCGTGTCCTCT-1",1
"ATAACGCGTGTGAAAT-1",2
"ATAACGCTCTCCGGTT-1",1
"ATAAGAGAGTCCGGTC-1",0
"ATAAGAGCAACTGCGC-1",0
"ATAAGAGCAGTATCTG-1",0
"ATAAGAGGTGACGCCT-1",0
"ATAAGAGGTTAAAGTG-1",4
"ATAAGAGTCAGCACAT-1",7
"ATAAGAGTCAGTGCAT-1",3
"ATAGACCAGAGAGCTC-1",0
"ATAGACCAGCCCAATT-1",9
"ATAGACCCAAGCCATT-1",4
"ATAGACCCATCTGGTA-1",1
"ATAGACCGTATATGGA-1",4
"ATAGACCGTGGACGAT-1",4
"ATAGACCGTGGCGAAT-1",1
"ATAGACCGTTTCGCTC-1",0
"ATCACGAAGAACTCGG-1",1
"ATCACGAAGACACGAC-1",2
"ATCACGAAGTTACCCA-1",3
"ATCACGACAAGACACG-1",1
"ATCACGACAAGCGTAG-1",3
"ATCACGACACACATGT-1",0
"ATCACGACACCACCAG-1",0
"ATCACGACACGGTAAG-1",0
"ATCACGACAGCGAACA-1",1
"ATCACGATCCCGACTT-1",0
"ATCACGATCGGTGTCG-1",2
"ATCATCTAGCCTATGT-1",1
"ATCATCTAGGCCATAG-1",9
"ATCATCTAGTACTTGC-1",2
"ATCATCTCAGACGCCT-1",0
"ATCATCTCATCCGTGG-1",0
"ATCATCTGTATTACCG-1",3
"ATCATCTGTCACTTCC-1",1
"ATCATCTTCAGCGACC-1",0
"ATCATCTTCCTCAACC-1",10
"ATCATGGCAAGCGTAG-1",0
"ATCATGGCAAGGTTCT-1",1
"ATCATGGCACTACAGT-1",0
"ATCATGGGTAAGGGAA-1",2
"ATCATGGGTTGTGGCC-1",0
"ATCATGGTCAATAAGG-1",1
"ATCATGGTCCAATGGT-1",0
"ATCATGGTCGCCATAA-1",2
"ATCATGGTCGGTTAAC-1",0
"ATCCACCAGCTAGTCT-1",3
"ATCCACCAGGCTCTTA-1",0
"ATCCACCCAAACGTGG-1",0
"ATCCACCCAGTTAACC-1",3
"ATCCACCGTCCGAAGA-1",4
"ATCCACCGTTTGTTTC-1",1
"ATCCACCTCCTGCTTG-1",1
"ATCCACCTCCTTAATC-1",0
"ATCCACCTCTGGTATG-1",2
"ATCCGAAAGCGATGAC-1",0
"ATCCGAAAGCTAGGCA-1",4
"ATCCGAACAAACGTGG-1",1
"ATCCGAACAACAACCT-1",1
"ATCCGAACAAGGACTG-1",0
"ATCCGAACACCCATTC-1",0
"ATCCGAACACGGTAGA-1",0
"ATCCGAAGTAGCGCTC-1",3
"ATCCGAAGTCATTAGC-1",0
"ATCCGAAGTCTCTTAT-1",0
"ATCCGAATCCAACCAA-1",1
"ATCCGAATCCTTGACC-1",0
"ATCCGAATCTTGTCAT-1",0
"ATCGAGTAGACTTTCG-1",0
"ATCGAGTCATCCGGGT-1",0
"ATCGAGTGTCCCTTGT-1",3
"ATCGAGTGTCTCCCTA-1",1
"ATCGAGTTCATGCATG-1",1
"ATCGAGTTCCTGCCAT-1",1
"ATCTACTAGGTGTGGT-1",1
"ATCTACTCAGCTGTAT-1",8
"ATCTACTCAGTACACT-1",0
"ATCTACTCATGACATC-1",4
"ATCTACTGTAAGTAGT-1",2
"ATCTACTGTGTCGCTG-1",0
"ATCTACTTCCGCGTTT-1",2
"ATCTACTTCGCAAGCC-1",0
"ATCTACTTCTATCGCC-1",3
"ATCTACTTCTCTAAGG-1",3
"ATCTGCCAGGCTCAGA-1",1
"ATCTGCCGTACAGTTC-1",2
"ATCTGCCGTTGTGGAG-1",3
"ATCTGCCTCAGAGACG-1",2
"ATCTGCCTCAGCTGGC-1",1
"ATCTGCCTCGTACGGC-1",2
"ATCTGCCTCTCGAGTA-1",1
"ATCTGCCTCTGAGTGT-1",1
"ATCTGCCTCTTGTATC-1",0
"ATGAGGGAGGTCGGAT-1",0
"ATGAGGGCATGACGGA-1",3
"ATGAGGGCATTAGGCT-1",0
"ATGAGGGTCACATGCA-1",0
"ATGAGGGTCAGTCCCT-1",0
"ATGCGATAGTCAATAG-1",0
"ATGCGATCATGTTGAC-1",3
"ATGCGATGTGCAGTAG-1",1
"ATGCGATGTGCATCTA-1",1
"ATGCGATTCCCAAGAT-1",0
"ATGCGATTCGCCATAA-1",2
"ATGGGAGAGCAATATG-1",1
"ATGGGAGAGCCACGCT-1",1
"ATGGGAGAGGTGATAT-1",2
"ATGGGAGCACCAGGTC-1",2
"ATGGGAGCACTATCTT-1",0
"ATGGGAGCAGCATACT-1",1
"ATGGGAGCATAGAAAC-1",0
"ATGGGAGCATTACCTT-1",0
"ATGGGAGTCAAGGTAA-1",1
"ATGTGTGAGCGAAGGG-1",1
"ATGTGTGAGGGTTTCT-1",1
"ATGTGTGAGTTGAGTA-1",0
"ATGTGTGCACGGCGTT-1",0
"ATGTGTGCACGGTTTA-1",1
"ATGTGTGCAGTATAAG-1",11
"ATGTGTGTCACGCGGT-1",0
"ATTACTCAGATGTGTA-1",2
"ATTACTCAGCGTAATA-1",4
"ATTACTCAGGTGCACA-1",1
"ATTACTCAGTGAAGTT-1",0
"ATTACTCCAAACTGTC-1",0
"ATTACTCCACCATCCT-1",1
"ATTACTCCAGACTCGC-1",0
"ATTACTCCATATGCTG-1",2
"ATTACTCCATCGGTTA-1",1
"ATTACTCCATTGCGGC-1",0
"ATTACTCGTTAAAGAC-1",6
"ATTACTCTCCGAACGC-1",3
"ATTATCCAGAGTACCG-1",4
"ATTATCCAGCTTATCG-1",1
"ATTATCCCACAAGCCC-1",0
"ATTATCCCATATGAGA-1",2
"ATTATCCCATCTGGTA-1",3
"ATTATCCGTCGTTGTA-1",1
"ATTATCCGTCTCTCTG-1",0
"ATTATCCTCAACGGGA-1",1
"ATTATCCTCCGCGCAA-1",5
"ATTATCCTCTCCGGTT-1",1
"ATTCTACGTCACTTCC-1",1
"ATTCTACGTCTAGTCA-1",1
"ATTCTACGTTGTCGCG-1",0
"ATTGGACAGCAGATCG-1",2
"ATTGGACAGGGCATGT-1",2
"ATTGGACAGTGGACGT-1",0
"ATTGGACCAAGACACG-1",12
"ATTGGACGTAATAGCA-1",21
"ATTGGACTCCTGCTTG-1",1
"ATTGGACTCGGCGCAT-1",1
"ATTGGACTCGTTTGCC-1",0
"ATTGGTGAGAATGTTG-1",1
"ATTGGTGCAAGCTGAG-1",1
"ATTGGTGCAGCAGTTT-1",2
"ATTGGTGGTATGGTTC-1",3
"ATTGGTGGTTGAGTTC-1",1
"ATTGGTGTCAAAGTAG-1",0
"ATTGGTGTCGGAAACG-1",1
"ATTTCTGAGGGATACC-1",1
"ATTTCTGAGGGATCTG-1",0
"ATTTCTGAGGTGTTAA-1",0
"ATTTCTGAGTCGAGTG-1",1
"ATTTCTGAGTTCGCAT-1",1
"ATTTCTGCAAGGTGTG-1",1
"ATTTCTGGTAGCTCCG-1",5
"ATTTCTGGTGCACGAA-1",1
"ATTTCTGGTTGCCTCT-1",1
"ATTTCTGTCAAAGTAG-1",5
"ATTTCTGTCAGCTCGG-1",0
"ATTTCTGTCTTGGGTA-1",1
"CAACCAAAGAAACGCC-1",0
"CAACCAAAGAGGGCTT-1",5
"CAACCAAAGCTGAAAT-1",3
"CAACCAAAGGACAGCT-1",0
"CAACCAAAGGGAGTAA-1",2
"CAACCAACATACGCTA-1",5
"CAACCTCAGTAATCCC-1",2
"CAACCTCCAGACGCAA-1",1
"CAACCTCGTGAGTGAC-1",1
"CAACCTCGTTCCACGG-1",4
"CAACCTCTCATACGGT-1",0
"CAACCTCTCCGATATG-1",2
"CAACCTCTCCTTTACA-1",1
"CAACCTCTCTCTAGGA-1",2
"CAACTAGAGAATAGGG-1",5
"CAACTAGAGGATGCGT-1",1
"CAACTAGCACCATCCT-1",0
"CAACTAGCAGACTCGC-1",2
"CAACTAGCAGTTCATG-1",1
"CAACTAGGTACGCACC-1",1
"CAACTAGTCAGGCCCA-1",1
"CAAGAAAAGAAGGACA-1",0
"CAAGAAAAGACGCACA-1",2
"CAAGAAAAGGCCCTTG-1",1
"CAAGAAAAGGTGATAT-1",2
"CAAGAAAAGTCGATAA-1",2
"CAAGAAAAGTGGAGTC-1",1
"CAAGAAAAGTGTACCT-1",4
"CAAGAAACACGGTGTC-1",0
"CAAGAAATCTGCTTGC-1",1
"CAAGATCAGCTGAAAT-1",0
"CAAGATCGTAAGAGGA-1",0
"CAAGATCGTGCCTTGG-1",0
"CAAGATCTCAACACCA-1",1
"CAAGATCTCTCGATGA-1",1
"CAAGGCCAGGAGTCTG-1",4
"CAAGGCCAGGCTATCT-1",0
"CAAGGCCCACGGTAAG-1",6
"CAAGGCCCATGTTCCC-1",1
"CAAGGCCGTCCGTCAG-1",0
"CAAGGCCTCAACGGGA-1",2
"CAAGGCCTCCTTGACC-1",1
"CAAGGCCTCGTGACAT-1",2
"CAAGTTGAGACAGGCT-1",2
"CAAGTTGAGATGTCGG-1",2
"CAAGTTGAGCGTCAAG-1",2
"CAAGTTGAGCGTTTAC-1",0
"CAAGTTGCACATTAGC-1",0
"CAAGTTGCACGCTTTC-1",0
"CAAGTTGCACGGTGTC-1",2
"CAAGTTGCATTCTTAC-1",10
"CAAGTTGGTACTCAAC-1",0
"CAAGTTGGTCAGGACA-1",1
"CAAGTTGGTCGGCACT-1",2
"CAAGTTGTCAACGAAA-1",1
"CAAGTTGTCACCACCT-1",1
"CAAGTTGTCATTGCCC-1",0
"CAAGTTGTCGAATCCA-1",0
"CAAGTTGTCTACTTAC-1",0
"CACAAACAGGGCTCTC-1",3
"CACAAACAGGGCTTGA-1",0
"CACAAACAGTGACATA-1",2
"CACAAACCAACTGCGC-1",2
"CACAAACCAATAAGCA-1",1
"CACAAACCAATCAGAA-1",1
"CACAAACCACTTAACG-1",2
"CACAAACCATGAACCT-1",2
"CACAAACCATGGTCAT-1",0
"CACAAACGTCAACTGT-1",1
"CACAAACGTCAGAATA-1",0
"CACAAACTCTTCGGTC-1",1
"CACAAACTCTTGGGTA-1",3
"CACACAAAGCGACGTA-1",1
"CACACAAAGGGAGTAA-1",0
"CACACAACAAACGTGG-1",0
"CACACAACACATGACT-1",0
"CACACAACATCGATTG-1",2
"CACACAACATTGGGCC-1",1
"CACACAAGTACGACCC-1",1
"CACACAAGTCAGTGGA-1",1
"CACACAAGTCATCGGC-1",0
"CACACAAGTTTACTCT-1",2
"CACACAATCCACGTGG-1",1
"CACACAATCCACGTTC-1",1
"CACACAATCGGCGCAT-1",1
"CACACCTAGAGACTAT-1",1
"CACACCTAGGACATTA-1",1
"CACACCTAGTCATCCA-1",0
"CACACCTAGTGTGAAT-1",1
"CACACCTCACTGAAGG-1",5
"CACACCTCATAGGATA-1",0
"CACACCTCATAGTAAG-1",2
"CACACCTCATTGGGCC-1",4
"CACACCTGTACAGCAG-1",0
"CACACCTGTACCGCTG-1",3
"CACACCTGTCCAAGTT-1",1
"CACACCTGTGGACGAT-1",2
"CACACCTGTGGTCTCG-1",1
"CACACCTTCATGTCTT-1",1
"CACACCTTCTGGCGAC-1",2
"CACACTCAGGGAAACA-1",3
"CACACTCCAACACCTA-1",4
"CACACTCCAAGGGTCA-1",1
"CACACTCGTGACGCCT-1",1
"CACACTCGTTTGTGTG-1",1
"CACAGGCAGCCATCGC-1",2
"CACAGGCAGGGATGGG-1",2
"CACAGGCCAAGAGTCG-1",2
"CACAGGCCAATGGAGC-1",0
"CACAGGCGTCTAGGTT-1",2
"CACAGGCGTTACGCGC-1",1
"CACAGGCTCGGGAGTA-1",1
"CACAGGCTCTATGTGG-1",3
"CACAGTAAGACGCAAC-1",0
"CACAGTAAGACGCACA-1",2
"CACAGTAAGTGGGCTA-1",1
"CACAGTACAACTGGCC-1",0
"CACAGTACATCGGACC-1",2
"CACAGTAGTTCCATGA-1",6
"CACATAGAGCCCAATT-1",2
"CACATAGAGTGTACTC-1",1
"CACATAGCACTTCTGC-1",3
"CACATAGCAGGGTATG-1",0
"CACATAGTCCTTGCCA-1",1
"CACATAGTCGGCGCAT-1",0
"CACATTTAGCAGATCG-1",1
"CACATTTAGGGCACTA-1",2
"CACATTTCACGGCGTT-1",1
"CACATTTCATTACCTT-1",0
"CACATTTGTCGAACAG-1",3
"CACATTTGTGTTGAGG-1",5
"CACATTTTCCAGAGGA-1",1
"CACATTTTCCGCATCT-1",0
"CACATTTTCTACTATC-1",1
"CACATTTTCTGTGCAA-1",2
"CACCACTAGCCACGTC-1",2
"CACCACTAGTGGTAAT-1",2
"CACCACTAGTTACCCA-1",0
"CACCACTCAAGCCCAC-1",0
"CACCACTCAGTTCATG-1",0
"CACCACTGTTATTCTC-1",1
"CACCACTTCACCGGGT-1",3
"CACCACTTCGAATCCA-1",5
"CACCACTTCGACCAGC-1",3
"CACCACTTCTAACCGA-1",8
"CACCACTTCTTTAGTC-1",1
"CACCAGGCACATTAGC-1",6
"CACCAGGCACTGCCAG-1",1
"CACCAGGCATAAAGGT-1",1
"CACCAGGCATGAACCT-1",1
"CACCAGGGTGAAATCA-1",2
"CACCAGGGTGTTTGGT-1",1
"CACCAGGGTTATCACG-1",1
"CACCAGGTCATGTAGC-1",2
"CACCAGGTCTGCTTGC-1",3
"CACCTTGAGACTTGAA-1",2
"CACCTTGAGTCAATAG-1",1
"CACCTTGCACTAGTAC-1",1
"CACCTTGCAGGCGATA-1",0
"CACCTTGCATTCCTGC-1",2
"CACCTTGGTCATTAGC-1",1
"CACCTTGGTGATGTCT-1",0
"CACCTTGGTGTGAAAT-1",0
"CACCTTGGTTATGTGC-1",3
"CACCTTGTCAACCATG-1",3
"CACCTTGTCATTATCC-1",1
"CACCTTGTCCAAAGTC-1",1
"CACCTTGTCTCACATT-1",0
"CACTCCAAGACAAGCC-1",0
"CACTCCAAGGTACTCT-1",0
"CACTCCACAATGGACG-1",0
"CACTCCAGTACATGTC-1",1
"CACTCCAGTTGTCGCG-1",6
"CACTCCATCAACACAC-1",0
"CACTCCATCCCAGGTG-1",4
"CAGAATCAGAAACCTA-1",0
"CAGAATCAGCCAACAG-1",4
"CAGAATCAGCTGGAAC-1",0
"CAGAATCAGGACTGGT-1",1
"CAGAATCAGTATCGAA-1",7
"CAGAATCCACAGAGGT-1",6
"CAGAATCCAGGGTACA-1",0
"CAGAATCGTAAGTGTA-1",1
"CAGAATCGTAATCACC-1",3
"CAGAATCTCAGTTTGG-1",2
"CAGAATCTCGCAAGCC-1",0
"CAGAATCTCGGTCCGA-1",6
"CAGAATCTCTTGCAAG-1",0
"CAGAATCTCTTGTACT-1",1
"CAGAGAGAGAATTGTG-1",1
"CAGAGAGAGCAATATG-1",0
"CAGAGAGCAAGAAGAG-1",0
"CAGAGAGCACCAGATT-1",1
"CAGAGAGGTAATCACC-1",1
"CAGAGAGGTAGCTGCC-1",2
"CAGAGAGGTAGGACAC-1",4
"CAGAGAGGTATAGGGC-1",1
"CAGAGAGGTCCGAATT-1",2
"CAGAGAGGTTGAGGTG-1",0
"CAGAGAGTCACCCGAG-1",23
"CAGAGAGTCATAACCG-1",1
"CAGAGAGTCCGAACGC-1",7
"CAGAGAGTCTGGTATG-1",0
"CAGATCAAGAGACGAA-1",3
"CAGATCAAGCACCGTC-1",1
"CAGATCAAGCTTCGCG-1",1
"CAGATCAAGGATTCGG-1",23
"CAGATCAAGTGTACCT-1",0
"CAGATCAAGTTTAGGA-1",1
"CAGATCACAATAACGA-1",2
"CAGATCACACACCGAC-1",2
"CAGATCACACGGTAAG-1",0
"CAGATCACACTCTGTC-1",0
"CAGATCACAGCATACT-1",1
"CAGATCACAGTGGGAT-1",1
"CAGATCAGTACCAGTT-1",0
"CAGATCAGTGCGGTAA-1",0
"CAGATCATCTGATACG-1",4
"CAGATCATCTGATTCT-1",1
"CAGCAGCAGATGCCAG-1",1
"CAGCAGCAGGGAACGG-1",0
"CAGCAGCCACCTATCC-1",5
"CAGCAGCCATCACAAC-1",1
"CAGCAGCGTGCTAGCC-1",3
"CAGCAGCTCAACACTG-1",1
"CAGCAGCTCGAACTGT-1",0
"CAGCAGCTCGCCGTGA-1",4
"CAGCATAAGAGACGAA-1",0
"CAGCATAGTCTAGGTT-1",0
"CAGCATAGTTTACTCT-1",4
"CAGCATATCACGAAGG-1",0
"CAGCATATCAGGCAAG-1",1
"CAGCATATCCTTAATC-1",2
"CAGCCGAAGCATCATC-1",2
"CAGCCGAAGTTTCCTT-1",1
"CAGCCGACACGTGAGA-1",1
"CAGCCGACATCAGTCA-1",0
"CAGCCGAGTGATGTCT-1",2
"CAGCCGATCACCAGGC-1",1
"CAGCCGATCCTCAATT-1",0
"CAGCGACAGAAACGCC-1",1
"CAGCGACAGCGTCAAG-1",1
"CAGCGACCAAACGTGG-1",0
"CAGCGACCAAAGCGGT-1",4
"CAGCGACCACGTCAGC-1",3
"CAGCGACCATGGGACA-1",1
"CAGCGACGTCTGATTG-1",0
"CAGCGACGTGGACGAT-1",4
"CAGCGACGTGGTTTCA-1",0
"CAGCGACGTTCGGCAC-1",2
"CAGCGACTCCGCAAGC-1",2
"CAGCGACTCTGGGCCA-1",0
"CAGCTAAAGATGTGTA-1",2
"CAGCTAAAGCAGACTG-1",2
"CAGCTAAAGCTGTTCA-1",4
"CAGCTAAAGGAGCGTT-1",0
"CAGCTAACACAGATTC-1",0
"CAGCTAACATCAGTAC-1",2
"CAGCTAAGTAATCGTC-1",1
"CAGCTAAGTCTCACCT-1",1
"CAGCTAAGTTCGTCTC-1",2
"CAGCTAATCCACGCAG-1",0
"CAGCTAATCCCTAACC-1",3
"CAGCTAATCTGGTTCC-1",1
"CAGCTAATCTTAGCCC-1",4
"CAGCTAATCTTCGGTC-1",4
"CAGCTGGAGACACTAA-1",3
"CAGCTGGAGATCCTGT-1",2
"CAGCTGGCACCAACCG-1",0
"CAGCTGGCAGTGGAGT-1",8
"CAGCTGGCATGCATGT-1",1
"CAGCTGGTCTACCTGC-1",1
"CAGGTGCAGAGACGAA-1",4
"CAGGTGCAGATCCTGT-1",7
"CAGGTGCAGGCATGTG-1",0
"CAGGTGCCAGGAACGT-1",0
"CAGGTGCCATAGTAAG-1",1
"CAGGTGCCATCGGAAG-1",0
"CAGGTGCTCAGTTGAC-1",1
"CAGGTGCTCCAAGTAC-1",1
"CAGGTGCTCTTGTATC-1",0
"CAGTAACAGATATGGT-1",0
"CAGTAACAGATGGCGT-1",3
"CAGTAACCAATCACAC-1",1
"CAGTAACCACTCGACG-1",1
"CAGTAACGTGATAAGT-1",3
"CAGTAACGTGCACCAC-1",5
"CAGTAACTCAGAGGTG-1",0
"CAGTAACTCGTACGGC-1",1
"CAGTAACTCGTGACAT-1",0
"CAGTAACTCTGCCAGG-1",1
"CAGTCCTAGAATCTCC-1",1
"CAGTCCTAGATCTGCT-1",1
"CAGTCCTCAGTATAAG-1",2
"CAGTCCTTCAACACGT-1",2
"CAGTCCTTCCATGAGT-1",0
"CAGTCCTTCCCGACTT-1",0
"CAGTCCTTCCCTTGTG-1",0
"CAGTCCTTCGAACGGA-1",2
"CAGTCCTTCGGTTCGG-1",0
"CAGTCCTTCTACTTAC-1",0
"CATATGGAGAGATGAG-1",0
"CATATGGAGGCATGGT-1",0
"CATATGGAGTATTGGA-1",2
"CATATGGCAAGCGTAG-1",2
"CATATGGGTCGCATAT-1",0
"CATATGGTCATTATCC-1",0
"CATATGGTCATTGCGA-1",1
"CATATTCAGGCGACAT-1",0
"CATATTCCACCACCAG-1",0
"CATATTCGTGACTACT-1",1
"CATATTCGTGGTACAG-1",1
"CATATTCGTGTGACGA-1",1
"CATATTCTCACAGGCC-1",1
"CATATTCTCGCAAACT-1",2
"CATCAAGAGAACTCGG-1",3
"CATCAAGAGATGGCGT-1",2
"CATCAAGAGCCGCCTA-1",1
"CATCAAGCACGAAACG-1",2
"CATCAAGCAGCCTTTC-1",0
"CATCAAGCATGGAATA-1",1
"CATCAAGGTTACTGAC-1",1
"CATCAAGGTTCCATGA-1",2
"CATCAAGTCTAAGCCA-1",1
"CATCAAGTCTGACCTC-1",0
"CATCAGAAGCTAGTCT-1",3
"CATCAGACAAGCCATT-1",0
"CATCAGACAATGACCT-1",2
"CATCAGACACGGCCAT-1",0
"CATCAGACAGACAGGT-1",3
"CATCAGACATAACCTG-1",3
"CATCAGAGTAATTGGA-1",0
"CATCAGAGTACATGTC-1",1
"CATCAGAGTGTTAAGA-1",1
"CATCAGAGTTCAACCA-1",7
"CATCAGATCGTTGACA-1",1
"CATCCACGTAAAGTCA-1",0
"CATCCACGTACCGTAT-1",0
"CATCCACGTGCCTGTG-1",7
"CATCCACGTTTAAGCC-1",0
"CATCGAAAGAGTACAT-1",4
"CATCGAAAGCTGTCTA-1",12
"CATCGAACAAGAGGCT-1",14
"CATCGAACAAGCTGAG-1",0
"CATCGAACACATTTCT-1",1
"CATCGAACATAAAGGT-1",0
"CATCGAAGTAGTACCT-1",0
"CATCGAAGTCCGACGT-1",6
"CATCGAAGTGCACTTA-1",1
"CATCGAATCAAACCAC-1",1
"CATCGAATCCGCGGTA-1",1
"CATCGAATCCGTAGTA-1",1
"CATCGGGAGAAGCCCA-1",1
"CATCGGGAGCGAGAAA-1",0
"CATCGGGAGGGTGTGT-1",0
"CATCGGGAGGTGTTAA-1",3
"CATCGGGAGTGACTCT-1",1
"CATCGGGCACTCAGGC-1",4
"CATCGGGCAGACGCTC-1",1
"CATCGGGCATCACAAC-1",0
"CATCGGGGTCCTCTTG-1",4
"CATCGGGGTGAGGGAG-1",0
"CATCGGGGTTCGAATC-1",0
"CATCGGGTCAGGATCT-1",1
"CATCGGGTCCACGAAT-1",0
"CATCGGGTCGATGAGG-1",3
"CATGACAAGACCACGA-1",1
"CATGACAAGCTCCTCT-1",11
"CATGACAAGTAACCCT-1",3
"CATGACAAGTATCTCG-1",1
"CATGACAGTCGTCTTC-1",0
"CATGACAGTGAACCTT-1",1
"CATGACATCAATAAGG-1",0
"CATGACATCTAACTGG-1",5
"CATGCCTAGACCTAGG-1",0
"CATGCCTAGAGTCTGG-1",0
"CATGCCTCACCACCAG-1",1
"CATGCCTGTCAAAGCG-1",0
"CATGCCTGTCGATTGT-1",1
"CATGCCTTCCACGACG-1",0
"CATGCCTTCCTCATTA-1",1
"CATGCCTTCGCATGAT-1",4
"CATGGCGAGAGCTGGT-1",3
"CATGGCGAGTACGACG-1",1
"CATGGCGTCCAAAGTC-1",7
"CATGGCGTCCCTTGTG-1",1
"CATGGCGTCGGCCGAT-1",0
"CATGGCGTCTCAAACG-1",1
"CATGGCGTCTGCCCTA-1",3
"CATTATCAGACCCACC-1",0
"CATTATCAGTCCCACG-1",0
"CATTATCCAAGTCTGT-1",2
"CATTATCCAGGGCATA-1",2
"CATTATCGTCAATGTC-1",2
"CATTATCTCACAAACC-1",1
"CATTATCTCAGATAAG-1",1
"CATTATCTCGCGTTTC-1",0
"CATTATCTCGTTGCCT-1",6
"CATTATCTCTATCCCG-1",0
"CATTATCTCTTAACCT-1",0
"CATTCGCAGGTGCTAG-1",0
"CATTCGCCAAGGGTCA-1",2
"CATTCGCCAGCCTATA-1",0
"CATTCGCCATACAGCT-1",3
"CATTCGCCATGGATGG-1",2
"CATTCGCCATGTCTCC-1",3
"CATTCGCCATTCACTT-1",9
"CATTCGCGTAGCACGA-1",0
"CATTCGCTCATCACCC-1",2
"CCAATCCAGACCACGA-1",1
"CCAATCCAGATATGGT-1",1
"CCAATCCAGTCGAGTG-1",0
"CCAATCCAGTCGTTTG-1",3
"CCAATCCAGTTTAGGA-1",1
"CCAATCCCAAGCGAGT-1",2
"CCAATCCTCGGACAAG-1",2
"CCAATCCTCTACCTGC-1",0
"CCACCTAAGCAGACTG-1",1
"CCACCTAAGGATGGTC-1",2
"CCACCTAAGTCGAGTG-1",1
"CCACCTAAGTGGGATC-1",0
"CCACCTAAGTGTGGCA-1",0
"CCACCTACAACAACCT-1",2
"CCACCTACAAGCCGCT-1",1
"CCACCTACAATCTACG-1",1
"CCACCTAGTAGTACCT-1",0
"CCACCTAGTCGCGTGT-1",0
"CCACCTAGTGGGTCAA-1",1
"CCACCTATCAGTTGAC-1",1
"CCACCTATCTGATACG-1",1
"CCACGGAAGACACGAC-1",0
"CCACGGAAGGGAACGG-1",2
"CCACGGACATGTCGAT-1",2
"CCACGGAGTAAGGGCT-1",1
"CCACGGAGTCAGATAA-1",0
"CCACGGAGTCCGTGAC-1",4
"CCACGGAGTGTAATGA-1",0
"CCACGGAGTTCTGAAC-1",6
"CCACGGATCACATAGC-1",1
"CCACGGATCCACGTGG-1",1
"CCACGGATCTACTATC-1",0
"CCACGGATCTAGAGTC-1",0
"CCACTACAGAGTACCG-1",1
"CCACTACAGCTTTGGT-1",0
"CCACTACCAGCAGTTT-1",0
"CCACTACCAGTAGAGC-1",1
"CCACTACGTCCGAATT-1",2
"CCACTACGTCTCAACA-1",5
"CCACTACGTGACAAAT-1",2
"CCACTACGTGACCAAG-1",0
"CCACTACGTGCACGAA-1",1
"CCACTACTCACTCTTA-1",0
"CCACTACTCCGCATCT-1",3
"CCACTACTCGGAAATA-1",2
"CCACTACTCTCGTATT-1",0
"CCACTACTCTCGTTTA-1",1
"CCAGCGAAGCCCAACC-1",0
"CCAGCGACATCGGGTC-1",1
"CCAGCGACATGTCCTC-1",1
"CCAGCGAGTAGGCATG-1",0
"CCAGCGAGTCCGTTAA-1",0
"CCAGCGATCAGAAATG-1",0
"CCATGTCAGCGATCCC-1",0
"CCATGTCAGGTCGGAT-1",0
"CCATGTCAGGTTACCT-1",0
"CCATGTCCAAGCTGGA-1",2
"CCATGTCCACATCCGG-1",0
"CCATGTCGTCCAGTAT-1",0
"CCATGTCTCCAAGTAC-1",0
"CCATGTCTCTTGTATC-1",1
"CCATTCGCAGTACACT-1",6
"CCATTCGCAGTTTACG-1",2
"CCATTCGGTAATCGTC-1",3
"CCATTCGGTATTACCG-1",0
"CCATTCGTCGTAGGAG-1",2
"CCCAATCAGTCACGCC-1",1
"CCCAATCCAGGTGGAT-1",2
"CCCAATCGTGAAGGCT-1",2
"CCCAATCGTTGGAGGT-1",2
"CCCAATCTCACATGCA-1",1
"CCCAATCTCCAGTATG-1",2
"CCCAATCTCGGAGCAA-1",1
"CCCAGTTAGAATAGGG-1",0
"CCCAGTTAGATCCCGC-1",0
"CCCAGTTAGCGTGAAC-1",1
"CCCAGTTAGGAATCGC-1",2
"CCCAGTTAGTCCGGTC-1",2
"CCCAGTTAGTTTGCGT-1",3
"CCCAGTTGTACATGTC-1",1
"CCCAGTTGTCTGCAAT-1",1
"CCCAGTTTCTGAAAGA-1",2
"CCCATACAGGGTTCCC-1",2
"CCCATACAGTGTTTGC-1",2
"CCCATACCAAAGGTGC-1",1
"CCCATACCAACACCCG-1",1
"CCCATACCAGCAGTTT-1",1
"CCCATACGTATTACCG-1",2
"CCCATACGTCAATACC-1",2
"CCCATACGTCTAGTCA-1",1
"CCCATACGTTGAGTTC-1",2
"CCCATACTCAATAAGG-1",2
"CCCATACTCAGCGACC-1",1
"CCCATACTCATCACCC-1",1
"CCCATACTCCGTAGGC-1",1
"CCCTCCTAGGAATCGC-1",9
"CCCTCCTCACGTCTCT-1",1
"CCCTCCTCAGCTTAAC-1",1
"CCCTCCTCATATGAGA-1",4
"CCCTCCTCATCACGTA-1",1
"CCCTCCTGTATGGTTC-1",4
"CCCTCCTGTTAGATGA-1",2
"CCCTCCTTCAATCACG-1",0
"CCCTCCTTCCGCAGTG-1",4
"CCGGGATAGCTTCGCG-1",1
"CCGGGATAGGCGACAT-1",3
"CCGGGATAGGCTAGGT-1",1
"CCGGGATCACAGTCGC-1",1
"CCGGGATGTATAGGTA-1",3
"CCGGGATTCAGAGCTT-1",3
"CCGGGATTCGCTAGCG-1",0
"CCGGGATTCGCTTGTC-1",1
"CCGGTAGAGCGTCTAT-1",0
"CCGGTAGAGTACGCCC-1",1
"CCGGTAGCACATAACC-1",3
"CCGGTAGCACGCATCG-1",2
"CCGGTAGGTACTTCTT-1",1
"CCGGTAGGTCAAACTC-1",1
"CCGGTAGTCGTCCGTT-1",0
"CCGTACTAGAGAACAG-1",1
"CCGTACTAGTCCGTAT-1",4
"CCGTACTCAAGCCCAC-1",5
"CCGTACTCAAGCGAGT-1",0
"CCGTACTCATCCCACT-1",0
"CCGTACTGTACAGCAG-1",0
"CCGTACTGTAGCGCTC-1",0
"CCGTACTGTGCGGTAA-1",1
"CCGTACTTCGTTACAG-1",4
"CCGTGGAAGACGCACA-1",0
"CCGTGGAAGAGTTGGC-1",0
"CCGTGGAAGGTGATAT-1",2
"CCGTGGAAGGTTCCTA-1",2
"CCGTGGACAGCCTTGG-1",0
"CCGTGGAGTTCCATGA-1",0
"CCGTGGATCTAACTTC-1",0
"CCGTGGATCTCTGTCG-1",0
"CCGTTCAAGCGTAATA-1",8
"CCGTTCAAGTACGATA-1",1
"CCGTTCAAGTAGATGT-1",0
"CCGTTCACAGGATCGA-1",0
"CCGTTCAGTATAGGGC-1",4
"CCGTTCAGTCGCGAAA-1",0
"CCGTTCATCGTACCGG-1",1
"CCTAAAGAGAGTTGGC-1",2
"CCTAAAGCAAACCTAC-1",1
"CCTAAAGCATGTCTCC-1",2
"CCTAAAGGTACTCAAC-1",2
"CCTAAAGGTCGGCACT-1",0
"CCTAAAGGTGTAATGA-1",1
"CCTAAAGTCACCGTAA-1",1
"CCTAAAGTCAGCGATT-1",1
"CCTAAAGTCGGCGCTA-1",1
"CCTAAAGTCGGTCCGA-1",0
"CCTACACAGGACCACA-1",0
"CCTACACAGGGTGTTG-1",0
"CCTACACCAGTAAGAT-1",3
"CCTACACGTATAGTAG-1",0
"CCTACACGTCCGAACC-1",6
"CCTACACGTGGGTCAA-1",2
"CCTACACGTTTGACTG-1",0
"CCTACACTCGGCGCTA-1",0
"CCTACACTCGTGACAT-1",4
"CCTACCAAGATAGGAG-1",2
"CCTACCAAGCAAATCA-1",1
"CCTACCAAGCGTAGTG-1",0
"CCTACCAAGCTTCGCG-1",0
"CCTACCAAGTGCGATG-1",0
"CCTACCAGTATCAGTC-1",0
"CCTACCAGTCTCTCTG-1",2
"CCTACCAGTCTTTCAT-1",2
"CCTACCATCAGCACAT-1",1
"CCTACCATCGCCAGCA-1",2
"CCTAGCTAGCAAATCA-1",1
"CCTAGCTAGCTCCTCT-1",0
"CCTAGCTAGGTTACCT-1",1
"CCTAGCTAGTACGCGA-1",1
"CCTAGCTCAATGAATG-1",0
"CCTAGCTCAATGGTCT-1",3
"CCTAGCTCACATCCAA-1",0
"CCTAGCTCAGCCAGAA-1",1
"CCTAGCTGTAGAAAGG-1",3
"CCTAGCTGTCACCCAG-1",1
"CCTAGCTGTCTGATTG-1",1
"CCTAGCTTCACGATGT-1",0
"CCTAGCTTCGTAGGAG-1",0
"CCTATTAAGAATTCCC-1",0
"CCTATTAAGCAGGCTA-1",2
"CCTATTAAGCAGGTCA-1",4
"CCTATTAAGGGAGTAA-1",10
"CCTATTAAGGTAGCCA-1",3
"CCTATTACACAACTGT-1",8
"CCTATTACACATCCGG-1",0
"CCTATTAGTCAATACC-1",2
"CCTATTATCATCACCC-1",0
"CCTATTATCTGCGACG-1",3
"CCTCAGTAGCTAACTC-1",1
"CCTCAGTCAGGTGGAT-1",0
"CCTCAGTGTCCATCCT-1",1
"CCTCAGTGTCCGACGT-1",1
"CCTCAGTGTCTTGTCC-1",2
"CCTCAGTGTGGGTATG-1",3
"CCTCTGAAGTATCGAA-1",0
"CCTCTGAAGTGGGTTG-1",1
"CCTCTGACAAGCTGTT-1",0
"CCTCTGACACCGATAT-1",2
"CCTCTGACAGATGAGC-1",1
"CCTCTGAGTCAATACC-1",1
"CCTCTGAGTCCGAACC-1",1
"CCTCTGAGTCGTGGCT-1",3
"CCTCTGAGTCTGATTG-1",2
"CCTCTGATCTGAGGGA-1",0
"CCTTACGCAAGCGTAG-1",1
"CCTTACGCACCAACCG-1",44
"CCTTACGGTCATCCCT-1",0
"CCTTACGGTCCTCTTG-1",1
"CCTTACGTCACAACGT-1",1
"CCTTACGTCATCTGCC-1",2
"CCTTACGTCGGAGGTA-1",0
"CCTTCCCAGAGACTAT-1",1
"CCTTCCCAGCTAGGCA-1",0
"CCTTCCCAGGACGAAA-1",1
"CCTTCCCAGGGCATGT-1",2
"CCTTCCCAGGTACTCT-1",0
"CCTTCCCCATGATCCA-1",1
"CCTTCCCTCAAGGCTT-1",0
"CCTTCCCTCTATCCTA-1",3
"CCTTCCCTCTATCGCC-1",1
"CCTTCGAAGGCGCTCT-1",3
"CCTTCGACAACACCCG-1",2
"CCTTCGACAGCGATCC-1",0
"CCTTCGAGTAAGCACG-1",1
"CCTTCGAGTCCATGAT-1",3
"CCTTCGAGTGTGACCC-1",2
"CCTTCGAGTTGGTGGA-1",2
"CCTTCGATCACAGTAC-1",4
"CCTTCGATCCTATGTT-1",1
"CCTTCGATCGCACTCT-1",2
"CCTTTCTAGACGCTTT-1",4
"CCTTTCTAGGGCACTA-1",2
"CCTTTCTAGTGGAGTC-1",1
"CCTTTCTCAGACAAGC-1",1
"CCTTTCTCATCACGAT-1",3
"CCTTTCTCATGCCCGA-1",3
"CCTTTCTTCCCACTTG-1",2
"CCTTTCTTCTTTACGT-1",3
"CGAACATCACATGACT-1",3
"CGAACATCACTTGGAT-1",1
"CGAACATCAGTCCTTC-1",0
"CGAACATGTCTGATTG-1",1
"CGAACATGTGCTGTAT-1",1
"CGAACATTCTCAAACG-1",0
"CGAATGTAGAGGTTAT-1",2
"CGAATGTAGCGATAGC-1",0
"CGAATGTAGTTCGCAT-1",0
"CGAATGTCAATGCCAT-1",0
"CGAATGTGTCTAGTCA-1",0
"CGAATGTGTCTCACCT-1",2
"CGAATGTTCAACACAC-1",1
"CGAATGTTCATCACCC-1",0
"CGAATGTTCTGTACGA-1",1
"CGACCTTAGCTACCGC-1",0
"CGACCTTAGCTAGTCT-1",1
"CGACCTTCAAAGTGCG-1",4
"CGACCTTCACGAAATA-1",1
"CGACCTTGTAAGTGTA-1",3
"CGACCTTGTCAGAATA-1",1
"CGACCTTGTCTCCCTA-1",1
"CGACCTTGTCTCTTAT-1",0
"CGACCTTTCCGCGTTT-1",0
"CGACCTTTCGTTTATC-1",0
"CGACCTTTCTCCAGGG-1",2
"CGACTTCAGACACGAC-1",2
"CGACTTCAGGTAGCCA-1",1
"CGACTTCAGTCTTGCA-1",1
"CGACTTCCAATGGACG-1",0
"CGACTTCGTGGTGTAG-1",4
"CGACTTCGTTGAGTTC-1",0
"CGACTTCTCACTTACT-1",7
"CGACTTCTCTCGCTTG-1",3
"CGAGAAGAGAAACGCC-1",1
"CGAGAAGAGCCAACAG-1",1
"CGAGAAGAGCGTGTCC-1",3
"CGAGAAGCAAGTTCTG-1",2
"CGAGAAGCACATCCGG-1",1
"CGAGAAGCAGGCTGAA-1",6
"CGAGAAGTCGGATGGA-1",1
"CGAGCACAGCCAGAAC-1",1
"CGAGCACCACATGTGT-1",2
"CGAGCACGTAGCGTCC-1",0
"CGAGCACGTAGCGTGA-1",0
"CGAGCACGTCAGATAA-1",1
"CGAGCACGTGCCTTGG-1",4
"CGAGCACTCCCGGATG-1",0
"CGAGCACTCCGCTGTT-1",0
"CGAGCACTCGGAAATA-1",0
"CGAGCACTCGTGACAT-1",1
"CGAGCCAAGCTAGCCC-1",0
"CGAGCCAGTATATCCG-1",6
"CGAGCCAGTCAAGCGA-1",0
"CGATCGGAGAGCCTAG-1",0
"CGATCGGAGTACGATA-1",1
"CGATCGGCAAACGCGA-1",2
"CGATCGGCAAGCGATG-1",0
"CGATCGGCAATACGCT-1",1
"CGATCGGCAGTTAACC-1",2
"CGATCGGCATACTCTT-1",2
"CGATCGGGTCGACTGC-1",4
"CGATCGGTCAACGGGA-1",2
"CGATCGGTCTAGCACA-1",3
"CGATGGCAGCCGTCGT-1",1
"CGATGGCAGTCCAGGA-1",3
"CGATGGCCACTTAACG-1",0
"CGATGGCCAGCGTAAG-1",2
"CGATGGCCATCATCCC-1",0
"CGATGGCTCCTAGAAC-1",1
"CGATGGCTCGCTAGCG-1",1
"CGATGGCTCTGACCTC-1",2
"CGATGTAAGGCAATTA-1",4
"CGATGTAAGTTTGCGT-1",0
"CGATGTACACAGGCCT-1",1
"CGATGTACAGGTCTCG-1",2
"CGATGTAGTCCAGTGC-1",0
"CGATGTAGTCTAGGTT-1",0
"CGATGTAGTGTGCCTG-1",0
"CGATGTAGTTTGCATG-1",2
"CGATTGAAGATGTGGC-1",1
"CGATTGACAGACGCAA-1",2
"CGATTGAGTATGGTTC-1",0
"CGATTGAGTTCAGACT-1",0
"CGATTGATCATGGTCA-1",0
"CGATTGATCTGCGGCA-1",0
"CGCCAAGAGAATGTTG-1",0
"CGCCAAGAGACCTTTG-1",0
"CGCCAAGAGATCGGGT-1",2
"CGCCAAGAGATCTGAA-1",2
"CGCCAAGAGCGTGTCC-1",0
"CGCCAAGGTCTAGGTT-1",0
"CGCCAAGTCAGGATCT-1",2
"CGCCAAGTCCACTCCA-1",2
"CGCCAAGTCTTGTTTG-1",1
"CGCGGTAAGCTAGCCC-1",2
"CGCGGTAAGGGTTCCC-1",0
"CGCGGTACAAACTGCT-1",0
"CGCGGTACAATGGAAT-1",3
"CGCGGTACAGCTGTTA-1",1
"CGCGGTAGTCAAGCGA-1",0
"CGCGGTAGTGAGGCTA-1",1
"CGCGGTAGTTTGCATG-1",0
"CGCGTTTAGTTATCGC-1",2
"CGCGTTTCAACAACCT-1",6
"CGCGTTTCAAGCGAGT-1",5
"CGCGTTTCAATGGACG-1",3
"CGCGTTTCACGGTGTC-1",2
"CGCGTTTGTGCTGTAT-1",2
"CGCGTTTGTGGACGAT-1",7
"CGCGTTTTCAAACCGT-1",1
"CGCGTTTTCAGCCTAA-1",0
"CGCGTTTTCCTATGTT-1",2
"CGCGTTTTCGTGGTCG-1",3
"CGCTATCAGAAACCGC-1",1
"CGCTATCAGTCATCCA-1",0
"CGCTATCCAAGCGAGT-1",1
"CGCTATCCAGTCGATT-1",1
"CGCTATCCATCGACGC-1",6
"CGCTATCCATTTCAGG-1",2
"CGCTATCGTACCGAGA-1",0
"CGCTATCGTTCGAATC-1",1
"CGCTATCGTTTCGCTC-1",3
"CGCTATCTCGTTACAG-1",0
"CGCTGGAAGGACATTA-1",3
"CGCTGGAAGGGCACTA-1",0
"CGCTGGAAGGTGATAT-1",2
"CGCTGGACAGACTCGC-1",0
"CGCTGGAGTGTAATGA-1",1
"CGCTGGAGTTCTGGTA-1",0
"CGCTGGATCCGAAGAG-1",0
"CGCTGGATCCGTTGCT-1",1
"CGCTGGATCGTAGGAG-1",2
"CGCTGGATCGTTACAG-1",1
"CGCTTCAAGAAGGGTA-1",0
"CGCTTCAAGGTCGGAT-1",1
"CGCTTCACACGGTGTC-1",2
"CGCTTCACAGACAAGC-1",3
"CGCTTCACATCACCCT-1",4
"CGCTTCAGTCGCGGTT-1",2
"CGCTTCATCTTAGAGC-1",1
"CGGACACAGCGATATA-1",1
"CGGACACAGCGATGAC-1",1
"CGGACACAGCTTCGCG-1",2
"CGGACACAGGTAAACT-1",0
"CGGACACAGTAGCCGA-1",1
"CGGACACCACAGGAGT-1",1
"CGGACACCATTCACTT-1",3
"CGGACACGTGAGCGAT-1",0
"CGGACACGTGCTCTTC-1",0
"CGGACACGTGTGACCC-1",2
"CGGACGTAGGTTACCT-1",0
"CGGACGTCATGGGACA-1",1
"CGGACGTGTGAAAGAG-1",0
"CGGACGTGTTGGTAAA-1",0
"CGGACGTTCATGTGGT-1",0
"CGGACGTTCTGTCCGT-1",1
"CGGACTGAGGAGCGAG-1",0
"CGGACTGAGGAGTCTG-1",2
"CGGACTGAGTGGTAGC-1",0
"CGGACTGCAACTTGAC-1",4
"CGGACTGCAATGACCT-1",0
"CGGACTGCACAACGTT-1",2
"CGGACTGCACGCCAGT-1",0
"CGGACTGCAGTATGCT-1",0
"CGGACTGGTAAAGGAG-1",0
"CGGACTGGTATAAACG-1",1
"CGGACTGGTGTAAGTA-1",2
"CGGACTGGTGTGGTTT-1",0
"CGGACTGGTTGACGTT-1",0
"CGGACTGTCATTGCCC-1",4
"CGGACTGTCCATGCTC-1",3
"CGGACTGTCCGTCAAA-1",0
"CGGACTGTCGTTTGCC-1",1
"CGGACTGTCTTCATGT-1",4
"CGGAGCTAGTTTAGGA-1",1
"CGGAGCTCATTGAGCT-1",0
"CGGAGCTGTAGAAAGG-1",5
"CGGAGCTTCACTTATC-1",3
"CGGAGCTTCATGTAGC-1",0
"CGGAGCTTCCACGAAT-1",1
"CGGAGTCAGTGCGATG-1",1
"CGGAGTCAGTGTGAAT-1",1
"CGGAGTCCAGTGGGAT-1",2
"CGGAGTCCATTATCTC-1",1
"CGGAGTCGTAGCTGCC-1",1
"CGGAGTCGTCCAGTGC-1",2
"CGGAGTCGTGTTCGAT-1",1
"CGGAGTCTCCCAGGTG-1",1
"CGGAGTCTCCGTAGTA-1",1
"CGGCTAGAGAAACGCC-1",1
"CGGCTAGAGCACCGTC-1",2
"CGGCTAGAGCTAAACA-1",0
"CGGCTAGCAGACAAAT-1",0
"CGGCTAGGTAACGCGA-1",2
"CGGCTAGGTTCATGGT-1",0
"CGGCTAGTCAAAGACA-1",0
"CGGCTAGTCGTGGGAA-1",2
"CGGCTAGTCTTGTTTG-1",0
"CGGGTCAAGAGTCGGT-1",1
"CGGGTCAAGCACACAG-1",1
"CGGGTCAAGCTAACTC-1",0
"CGGGTCAAGGACACCA-1",0
"CGGGTCAAGTATGACA-1",0
"CGGGTCACAATGACCT-1",3
"CGGGTCACACCGAAAG-1",3
"CGGGTCACAGCCACCA-1",0
"CGGGTCACATACAGCT-1",0
"CGGGTCACATCCTTGC-1",2
"CGGGTCAGTAGCGCTC-1",3
"CGGGTCAGTCGATTGT-1",0
"CGGGTCAGTGCAACTT-1",3
"CGGGTCAGTTGTTTGG-1",2
"CGGGTCATCAACACCA-1",4
"CGGGTCATCACCTTAT-1",4
"CGGGTCATCCACGACG-1",1
"CGGTTAACAGGACCCT-1",1
"CGGTTAACATGTCCTC-1",1
"CGGTTAACATTCCTGC-1",1
"CGGTTAAGTCGACTGC-1",2
"CGGTTAATCCGGCACA-1",1
"CGGTTAATCCTTTCGG-1",3
"CGGTTAATCTTATCTG-1",1
"CGTAGCGAGATGTAAC-1",5
"CGTAGCGAGGCAATTA-1",0
"CGTAGCGAGTAGGTGC-1",1
"CGTAGCGCAAGCGCTC-1",0
"CGTAGCGTCCAACCAA-1",0
"CGTAGCGTCGGCGGTT-1",0
"CGTAGGCAGGGCTCTC-1",0
"CGTAGGCCAAGCGATG-1",2
"CGTAGGCCACTAAGTC-1",0
"CGTAGGCCAGAGTGTG-1",1
"CGTAGGCCATCCCATC-1",5
"CGTAGGCGTATTAGCC-1",2
"CGTAGGCGTCAATACC-1",0
"CGTAGGCGTGGCGAAT-1",3
"CGTAGGCTCCAGAAGG-1",2
"CGTCACTAGTCATGCT-1",1
"CGTCACTCAAAGCGGT-1",0
"CGTCACTCAGGTCCAC-1",1
"CGTCACTCAGTCACTA-1",0
"CGTCACTTCCTTGACC-1",0
"CGTCACTTCGGTGTTA-1",0
"CGTCACTTCTGTGCAA-1",2
"CGTCACTTCTTGAGAC-1",0
"CGTCAGGAGCTGTTCA-1",7
"CGTCAGGCAAAGCAAT-1",2
"CGTCAGGCAAAGCGGT-1",11
"CGTCAGGCAACACGCC-1",0
"CGTCAGGCATCCGCGA-1",3
"CGTCAGGGTCAGCTAT-1",4
"CGTCAGGGTCGTTGTA-1",0
"CGTCAGGGTGTAAGTA-1",0
"CGTCAGGTCCACTGGG-1",0
"CGTCAGGTCGACAGCC-1",0
"CGTCAGGTCGGGAGTA-1",0
"CGTCCATAGACCACGA-1",2
"CGTCCATAGCGATTCT-1",0
"CGTCCATAGGCTATCT-1",0
"CGTCCATAGTCTCAAC-1",1
"CGTCCATCACGACTCG-1",0
"CGTCCATCATTCACTT-1",1
"CGTCCATGTCTAGCGC-1",0
"CGTCCATGTGATAAAC-1",0
"CGTCCATGTTTGGGCC-1",2
"CGTCCATGTTTGTGTG-1",0
"CGTCCATTCAACACCA-1",3
"CGTCCATTCATTCACT-1",5
"CGTCTACAGTGCGTGA-1",2
"CGTCTACGTAGTAGTA-1",0
"CGTCTACTCGAGCCCA-1",1
"CGTCTACTCGCCATAA-1",1
"CGTCTACTCGGCCGAT-1",2
"CGTCTACTCGTCCAGG-1",1
"CGTCTACTCTATCGCC-1",0
"CGTGAGCAGATCTGAA-1",9
"CGTGAGCAGCAATCTC-1",0
"CGTGAGCAGCGGATCA-1",4
"CGTGAGCAGCTAGTGG-1",2
"CGTGAGCAGCTTCGCG-1",1
"CGTGAGCAGGGCACTA-1",0
"CGTGAGCAGGGTGTGT-1",0
"CGTGAGCAGTGGAGAA-1",3
"CGTGAGCCAAGCCGCT-1",4
"CGTGAGCCACGTAAGG-1",0
"CGTGAGCCATACGCCG-1",0
"CGTGAGCGTAGATTAG-1",0
"CGTGAGCGTCTCTTAT-1",1
"CGTGAGCTCACAAACC-1",4
"CGTGAGCTCCAAATGC-1",1
"CGTGAGCTCCGAGCCA-1",6
"CGTGAGCTCGTTGCCT-1",0
"CGTGAGCTCTGGGCCA-1",1
"CGTGTAAAGATAGTCA-1",1
"CGTGTAAAGGTGTTAA-1",1
"CGTGTAAAGTACATGA-1",2
"CGTGTAACATGGGACA-1",1
"CGTGTAAGTCCGCTGA-1",0
"CGTGTAAGTGTCTGAT-1",1
"CGTGTAATCTACTATC-1",0
"CGTGTAATCTCGATGA-1",1
"CGTGTAATCTTTAGTC-1",1
"CGTGTCTAGGCGCTCT-1",1
"CGTGTCTAGGGATGGG-1",6
"CGTGTCTCAGACAAAT-1",0
"CGTGTCTCAGACACTT-1",3
"CGTGTCTGTAAGAGGA-1",1
"CGTGTCTGTATATGAG-1",2
"CGTGTCTGTCAAAGCG-1",4
"CGTGTCTGTTCCGTCT-1",1
"CGTGTCTTCAATCACG-1",4
"CGTGTCTTCAGAGGTG-1",1
"CGTGTCTTCATAGCAC-1",0
"CGTGTCTTCCGAACGC-1",1
"CGTGTCTTCGGCATCG-1",0
"CGTGTCTTCGTGGACC-1",5
"CGTGTCTTCTACTTAC-1",2
"CGTGTCTTCTGAGTGT-1",2
"CGTTAGAAGATCTGAA-1",1
"CGTTAGAAGGCCCTTG-1",0
"CGTTAGACACGAAAGC-1",2
"CGTTAGACAGCTTCGG-1",1
"CGTTAGAGTTTAAGCC-1",1
"CGTTAGATCACTTATC-1",0
"CGTTAGATCAGCCTAA-1",20
"CGTTCTGAGAAGGGTA-1",1
"CGTTCTGAGACTAGGC-1",3
"CGTTCTGAGTGAACAT-1",1
"CGTTCTGCAGCTCGCA-1",3
"CGTTCTGCATTGGCGC-1",3
"CGTTCTGGTGAGGGTT-1",1
"CGTTCTGTCTGATTCT-1",1
"CGTTGGGAGCTAGTTC-1",1
"CGTTGGGAGGATGCGT-1",0
"CGTTGGGCACATTAGC-1",0
"CGTTGGGCAGACAGGT-1",2
"CGTTGGGGTTCCCGAG-1",1
"CGTTGGGTCATGCTCC-1",1
"CGTTGGGTCCATGAAC-1",7
"CGTTGGGTCTACCAGA-1",5
"CTAACTTAGTCCTCCT-1",1
"CTAACTTCAATAGCAA-1",0
"CTAACTTCAATCGGTT-1",0
"CTAACTTGTGAGGCTA-1",2
"CTAACTTTCGTACGGC-1",2
"CTAACTTTCTGGCGTG-1",0
"CTAAGACAGGGAAACA-1",1
"CTAAGACAGTACATGA-1",1
"CTAAGACAGTTCGCGC-1",3
"CTAAGACCAAGTAATG-1",1
"CTAAGACCAGTAAGAT-1",0
"CTAAGACCATGCAATC-1",1
"CTAAGACGTAAGGATT-1",1
"CTAAGACGTATCAGTC-1",0
"CTAAGACGTCACCTAA-1",1
"CTAAGACTCGTTGCCT-1",0
"CTAAGACTCTTACCGC-1",0
"CTAAGACTCTTGAGGT-1",2
"CTAATGGAGCAATCTC-1",2
"CTAATGGAGCGCTCCA-1",0
"CTAATGGAGCTCCCAG-1",1
"CTAATGGAGCTGAAAT-1",6
"CTAATGGAGTTAGGTA-1",0
"CTAATGGCATGGAATA-1",3
"CTAATGGGTACCGCTG-1",1
"CTAATGGGTCTAGCGC-1",2
"CTAATGGGTGAGGGAG-1",1
"CTAATGGGTTGGTGGA-1",1
"CTAATGGTCATGCTCC-1",1
"CTAATGGTCCACTGGG-1",1
"CTAATGGTCCGTTGCT-1",0
"CTAATGGTCCTAGAAC-1",0
"CTACACCAGTGCGATG-1",3
"CTACACCCACGGACAA-1",0
"CTACACCGTAATAGCA-1",10
"CTACACCGTCTGATTG-1",0
"CTACACCGTTCGTCTC-1",1
"CTACACCTCAGAAATG-1",0
"CTACACCTCGGCTTGG-1",3
"CTACACCTCGGTCCGA-1",0
"CTACACCTCTCGCATC-1",15
"CTACACCTCTCTGCTG-1",5
"CTACATTAGATCACGG-1",0
"CTACATTCACTCGACG-1",0
"CTACATTCATTTCACT-1",2
"CTACATTGTGATGATA-1",0
"CTACATTGTTCGAATC-1",0
"CTACATTTCAACGCTA-1",0
"CTACATTTCGCCATAA-1",1
"CTACATTTCTAGCACA-1",4
"CTACCCACACAGAGGT-1",0
"CTACCCACACGACGAA-1",2
"CTACCCACATGGTTGT-1",1
"CTACCCAGTATCTGCA-1",1
"CTACCCAGTATGAATG-1",0
"CTACCCAGTCAGAAGC-1",0
"CTACCCAGTGTGACCC-1",2
"CTACCCAGTTATGTGC-1",3
"CTACCCATCTACGAGT-1",1
"CTACGTCAGGTGCAAC-1",1
"CTACGTCAGTGCGATG-1",5
"CTACGTCAGTTGTCGT-1",1
"CTACGTCCATATACCG-1",0
"CTACGTCGTATATGGA-1",1
"CTACGTCGTGTGGTTT-1",0
"CTACGTCTCAAAGTAG-1",1
"CTACGTCTCACGACTA-1",2
"CTACGTCTCACGGTTA-1",2
"CTACGTCTCCTAGAAC-1",2
"CTAGAGTAGCTGTCTA-1",8
"CTAGAGTAGGATCGCA-1",4
"CTAGAGTAGTCCATAC-1",1
"CTAGAGTCACATTAGC-1",3
"CTAGAGTCAGTATGCT-1",3
"CTAGAGTCATACTCTT-1",6
"CTAGAGTCATGTAAGA-1",2
"CTAGAGTGTGACCAAG-1",3
"CTAGAGTTCAACACCA-1",1
"CTAGAGTTCCGTCAAA-1",1
"CTAGAGTTCCTAAGTG-1",0
"CTAGAGTTCGCCAGCA-1",1
"CTAGAGTTCGCTTAGA-1",1
"CTAGAGTTCGTGACAT-1",0
"CTAGAGTTCTGATTCT-1",0
"CTAGCCTCACCAGATT-1",0
"CTAGCCTGTATATCCG-1",0
"CTAGCCTGTGATGCCC-1",3
"CTAGCCTTCGGGAGTA-1",7
"CTAGTGAAGCTGGAAC-1",3
"CTAGTGAAGTGTACCT-1",0
"CTAGTGACAAGTCTAC-1",0
"CTAGTGACAGGATCGA-1",0
"CTAGTGAGTTATGCGT-1",1
"CTAGTGATCAGTTGAC-1",3
"CTAGTGATCCAGTAGT-1",2
"CTCACACAGCTAAGAT-1",2
"CTCACACAGCTGCCCA-1",2
"CTCACACAGGATGCGT-1",2
"CTCACACCACGTAAGG-1",1
"CTCACACCACTGTTAG-1",0
"CTCACACCATATACGC-1",1
"CTCACACGTGCTGTAT-1",0
"CTCACACGTTCCATGA-1",1
"CTCACACGTTTGGGCC-1",0
"CTCACACTCACCGGGT-1",2
"CTCACACTCATCGGAT-1",3
"CTCACACTCCGCGCAA-1",0
"CTCACACTCTAACCGA-1",1
"CTCAGAAAGAGCTGCA-1",2
"CTCAGAAAGGAGTAGA-1",2
"CTCAGAACAACGCACC-1",0
"CTCAGAACAAGCGATG-1",3
"CTCAGAACAGGGCATA-1",0
"CTCAGAAGTGACGGTA-1",0
"CTCAGAATCTTAACCT-1",1
"CTCATTAAGAACTGTA-1",1
"CTCATTACATGGTCAT-1",0
"CTCATTAGTGTAACGG-1",2
"CTCATTAGTTTACTCT-1",2
"CTCCTAGCAAGTACCT-1",1
"CTCCTAGCAATTCCTT-1",2
"CTCCTAGCACTGTCGG-1",0
"CTCCTAGCAGTCCTTC-1",0
"CTCCTAGCATAACCTG-1",0
"CTCCTAGCATGCGCAC-1",3
"CTCCTAGGTAGAAAGG-1",1
"CTCCTAGGTCCGAGTC-1",0
"CTCCTAGGTCTAGCCG-1",1
"CTCCTAGGTGTTTGTG-1",1
"CTCCTAGGTTCGTGAT-1",1
"CTCCTAGGTTGTTTGG-1",1
"CTCCTAGTCACTTACT-1",0
"CTCCTAGTCTCATTCA-1",0
"CTCGAAAAGCCCAACC-1",0
"CTCGAAAAGCTATGCT-1",6
"CTCGAAAAGGCCCTTG-1",1
"CTCGAAAAGGGCTTCC-1",1
"CTCGAAACAAGCCGTC-1",0
"CTCGAAACACATTAGC-1",6
"CTCGAAACACCGAAAG-1",5
"CTCGAAACACGGCTAC-1",1
"CTCGAAACAGTAAGAT-1",0
"CTCGAAACATACGCCG-1",1
"CTCGAGGAGCCATCGC-1",0
"CTCGAGGAGGGCTTCC-1",1
"CTCGAGGCAGATAATG-1",5
"CTCGAGGGTATTCTCT-1",2
"CTCGAGGGTGCCTGGT-1",1
"CTCGGAGAGTCCCACG-1",1
"CTCGGAGCACTTCTGC-1",1
"CTCGGAGCAGCTGCAC-1",2
"CTCGGAGCAGGATCGA-1",1
"CTCGGAGGTAGCCTAT-1",1
"CTCGGAGGTCATGCCG-1",1
"CTCGGAGTCAAACGGG-1",1
"CTCGGAGTCACATACG-1",4
"CTCGGAGTCAGCTTAG-1",1
"CTCGGGAAGACCTAGG-1",1
"CTCGGGACACAGCCCA-1",0
"CTCGGGACATAAAGGT-1",1
"CTCGGGACATCCCACT-1",2
"CTCGGGACATGTCGAT-1",2
"CTCGGGAGTCGCGTGT-1",3
"CTCGGGAGTGACTACT-1",10
"CTCGGGAGTTACGACT-1",2
"CTCGGGATCCGTACAA-1",2
"CTCGGGATCCTTGACC-1",1
"CTCGGGATCTTAGCCC-1",0
"CTCGGGATCTTGTTTG-1",2
"CTCGTACAGCGATAGC-1",1
"CTCGTACCAGCGTAAG-1",3
"CTCGTACCATAGTAAG-1",0
"CTCGTACGTAGAGTGC-1",2
"CTCGTACGTATCACCA-1",1
"CTCGTACGTGCAGTAG-1",0
"CTCGTACTCAAAGTAG-1",0
"CTCGTACTCAATCTCT-1",0
"CTCGTACTCGTTGCCT-1",0
"CTCGTACTCTGGTTCC-1",0
"CTCGTCAAGATGCCTT-1",1
"CTCGTCAAGTGGAGTC-1",6
"CTCGTCAAGTTTGCGT-1",0
"CTCGTCACAACGATCT-1",1
"CTCGTCACACATCCGG-1",1
"CTCGTCACAGTCGTGC-1",5
"CTCGTCAGTCTCATCC-1",2
"CTCGTCAGTCTCCATC-1",0
"CTCGTCAGTGAGCGAT-1",2
"CTCGTCAGTTGACGTT-1",1
"CTCGTCAGTTGGGACA-1",1
"CTCGTCATCACTTATC-1",2
"CTCGTCATCGACCAGC-1",2
"CTCGTCATCTGCTGTC-1",0
"CTCTAATCACCAGGTC-1",1
"CTCTAATCACGGTGTC-1",3
"CTCTAATCAGGAATCG-1",1
"CTCTAATGTCCAAGTT-1",2
"CTCTACGAGCTAAACA-1",1
"CTCTACGAGCTAGTGG-1",0
"CTCTACGAGTACGCCC-1",0
"CTCTACGAGTAGGCCA-1",1
"CTCTACGCAATAACGA-1",1
"CTCTACGCAGACGCTC-1",3
"CTCTACGCATGACATC-1",1
"CTCTACGTCATGTCTT-1",2
"CTCTACGTCCCTAATT-1",0
"CTCTACGTCGGCATCG-1",3
"CTCTACGTCGGTCTAA-1",0
"CTCTGGTAGCAGCGTA-1",4
"CTCTGGTAGCGTTCCG-1",2
"CTCTGGTAGGCATGGT-1",2
"CTCTGGTAGTGCCAGA-1",0
"CTCTGGTCACAAGCCC-1",3
"CTCTGGTCAGCCTTTC-1",2
"CTCTGGTTCATCTGTT-1",1
"CTCTGGTTCTTGTACT-1",0
"CTGAAACAGATCCCGC-1",1
"CTGAAACAGGTGCTAG-1",3
"CTGAAACAGTCCGTAT-1",0
"CTGAAACAGTGTCTCA-1",2
"CTGAAACGTCATCGGC-1",1
"CTGAAACGTTAAAGAC-1",4
"CTGAAACTCATACGGT-1",3
"CTGAAGTAGTGCGTGA-1",3
"CTGAAGTCAGCTGTAT-1",5
"CTGAAGTGTTAAAGTG-1",1
"CTGAAGTTCAAGCCTA-1",1
"CTGAAGTTCGGATGTT-1",1
"CTGATAGAGGGAGTAA-1",1
"CTGATAGAGTGCAAGC-1",0
"CTGATAGCAGCCTTTC-1",3
"CTGATAGCATCCCATC-1",2
"CTGATAGCATCTCCCA-1",0
"CTGATAGGTCAAAGCG-1",8
"CTGATAGGTCGCTTTC-1",2
"CTGATAGGTTACGACT-1",1
"CTGATAGTCGCGATCG-1",0
"CTGATAGTCTTATCTG-1",4
"CTGATCCAGGCATTGG-1",3
"CTGATCCAGGTGACCA-1",1
"CTGATCCCACAGAGGT-1",1
"CTGATCCCAGGCTGAA-1",0
"CTGATCCGTGCCTGGT-1",0
"CTGATCCGTTATCCGA-1",0
"CTGATCCGTTGTGGCC-1",0
"CTGCCTAAGGGTCTCC-1",4
"CTGCCTAAGGTGATAT-1",2
"CTGCCTAAGTACGCGA-1",1
"CTGCCTAAGTGCGTGA-1",0
"CTGCCTACATCCCACT-1",2
"CTGCCTATCAATAAGG-1",5
"CTGCGGAAGAAGGACA-1",4
"CTGCGGAAGAGCTGGT-1",4
"CTGCGGAAGATGAGAG-1",0
"CTGCGGACAGGTCGTC-1",2
"CTGCGGACATGTCTCC-1",1
"CTGCGGAGTCACTTCC-1",2
"CTGCGGAGTCGTGGCT-1",1
"CTGCGGAGTTCTGTTT-1",2
"CTGCGGAGTTGGACCC-1",2
"CTGCGGATCGCCTGTT-1",1
"CTGCGGATCTTACCGC-1",0
"CTGCTGTAGGGTGTTG-1",0
"CTGCTGTAGTACCGGA-1",2
"CTGCTGTAGTGGAGAA-1",1
"CTGCTGTCACATCTTT-1",0
"CTGCTGTGTTAAAGAC-1",1
"CTGCTGTTCTCCAACC-1",1
"CTGCTGTTCTTACCGC-1",2
"CTGGTCTAGCGTTGCC-1",4
"CTGGTCTAGGACAGCT-1",2
"CTGGTCTAGGGCTTGA-1",1
"CTGGTCTAGTCGAGTG-1",0
"CTGGTCTCAAAGGAAG-1",3
"CTGGTCTCACCAGTTA-1",3
"CTGGTCTGTACCTACA-1",3
"CTGGTCTGTACGCTGC-1",5
"CTGGTCTGTCCGCTGA-1",1
"CTGGTCTGTCCGTTAA-1",0
"CTGGTCTGTTCATGGT-1",2
"CTGGTCTGTTCGTGAT-1",0
"CTGGTCTTCAACGGGA-1",1
"CTGGTCTTCACTTACT-1",1
"CTGGTCTTCTTACCTA-1",0
"CTGTGCTGTATATCCG-1",1
"CTGTGCTGTCATCCCT-1",1
"CTGTGCTGTCCCTACT-1",0
"CTGTGCTGTCGGCACT-1",1
"CTGTGCTTCCATTCTA-1",2
"CTGTGCTTCCGTACAA-1",3
"CTGTTTAAGAAACCGC-1",0
"CTGTTTAAGATCGATA-1",0
"CTGTTTAAGGAGTTGC-1",1
"CTGTTTAGTCAAAGCG-1",1
"CTGTTTATCAGCCTAA-1",1
"CTGTTTATCATTTGGG-1",1
"CTGTTTATCTCCAGGG-1",3
"CTGTTTATCTCTTGAT-1",0
"CTGTTTATCTTCTGGC-1",1
"CTTAACTAGCCAGTAG-1",2
"CTTAACTAGGCTCTTA-1",0
"CTTAACTAGGTGCACA-1",2
"CTTAACTAGTCTCGGC-1",0
"CTTACCGAGCGCTTAT-1",3
"CTTACCGAGGCTACGA-1",0
"CTTACCGCAGATCTGT-1",2
"CTTACCGCAGTCAGAG-1",1
"CTTACCGGTCCTGCTT-1",1
"CTTACCGGTCGCCATG-1",5
"CTTACCGGTCTACCTC-1",2
"CTTACCGTCGGACAAG-1",2
"CTTAGGAAGCCCAACC-1",0
"CTTAGGACACGACGAA-1",1
"CTTAGGAGTTATGTGC-1",0
"CTTAGGATCCCATTTA-1",9
"CTTAGGATCTTTACAC-1",0
"CTTCTCTAGAACTCGG-1",0
"CTTCTCTAGAGTGAGA-1",0
"CTTCTCTAGCAGGCTA-1",0
"CTTCTCTAGTTAACGA-1",2
"CTTCTCTCAAAGGTGC-1",3
"CTTCTCTGTAACGACG-1",2
"CTTCTCTGTGCATCTA-1",1
"CTTCTCTTCGAGCCCA-1",2
"CTTGGCTAGCGATATA-1",0
"CTTGGCTAGTACGTTC-1",1
"CTTGGCTCATTACCTT-1",0
"CTTGGCTGTCTCCATC-1",0
"CTTGGCTTCCCTAATT-1",1
"CTTGGCTTCGCGTAGC-1",1
"CTTGGCTTCTCGTTTA-1",6
"CTTTGCGAGCAAATCA-1",0
"CTTTGCGAGCGTTCCG-1",9
"CTTTGCGAGTATCTCG-1",2
"CTTTGCGCAATTCCTT-1",1
"CTTTGCGCACTTAAGC-1",6
"CTTTGCGCAGACGCAA-1",1
"CTTTGCGGTAGAGGAA-1",2
"CTTTGCGTCCAGGGCT-1",1
"GAAACTCAGAGACGAA-1",0
"GAAACTCAGAGGTTAT-1",0
"GAAACTCAGCAGCCTC-1",0
"GAAACTCAGCCCAGCT-1",0
"GAAACTCAGCTAAACA-1",2
"GAAACTCAGTGCTGCC-1",0
"GAAACTCCAAGCCCAC-1",1
"GAAACTCCACATGACT-1",0
"GAAACTCCAGACACTT-1",0
"GAAACTCCATGGATGG-1",0
"GAAACTCGTACTCGCG-1",0
"GAAACTCGTAGCGATG-1",1
"GAAACTCGTGTGAAAT-1",2
"GAAACTCGTTTGTGTG-1",0
"GAAATGAAGACTAGGC-1",0
"GAAATGAAGCCAGTTT-1",1
"GAAATGAAGCTAGTCT-1",2
"GAAATGAAGTACGTAA-1",1
"GAAATGATCATGCTCC-1",0
"GAAATGATCCTCGCAT-1",0
"GAACATCAGATGGCGT-1",2
"GAACATCCAACAACCT-1",2
"GAACATCCACATCTTT-1",1
"GAACATCCACCTATCC-1",1
"GAACATCCACGGACAA-1",0
"GAACATCCATGCTAGT-1",1
"GAACATCGTACGACCC-1",0
"GAACATCGTGGACGAT-1",5
"GAACATCGTTCCCGAG-1",0
"GAACATCTCCAAGTAC-1",1
"GAACATCTCGATCCCT-1",3
"GAACATCTCTCCAACC-1",0
"GAACCTAAGAACTGTA-1",0
"GAACCTAAGAGCAATT-1",1
"GAACCTAAGCCAGTAG-1",0
"GAACCTACAAGGACAC-1",1
"GAACCTACAGACACTT-1",0
"GAACCTAGTACCAGTT-1",1
"GAACCTAGTGTCAATC-1",0
"GAACCTATCACGATGT-1",1
"GAACGGAAGACGCAAC-1",1
"GAACGGAAGTAATCCC-1",2
"GAACGGAAGTCAATAG-1",0
"GAACGGAAGTGGACGT-1",0
"GAACGGACACAGCGTC-1",1
"GAACGGACACCTCGTT-1",1
"GAACGGACACTTAACG-1",0
"GAACGGAGTAGCGTAG-1",0
"GAACGGAGTCAGAGGT-1",1
"GAACGGAGTGGCGAAT-1",2
"GAACGGATCACTCCTG-1",0
"GAACGGATCCACGAAT-1",2
"GAACGGATCGTAGGAG-1",7
"GAACGGATCTGTCAAG-1",0
"GAAGCAGAGACTAAGT-1",8
"GAAGCAGAGAGACGAA-1",0
"GAAGCAGAGCCACGCT-1",3
"GAAGCAGAGTTCGCGC-1",1
"GAAGCAGCAATCCGAT-1",3
"GAAGCAGCACTCGACG-1",2
"GAAGCAGCAGATCTGT-1",0
"GAAGCAGCAGATGAGC-1",0
"GAAGCAGCATGAACCT-1",4
"GAAGCAGCATGGAATA-1",0
"GAAGCAGGTAACGCGA-1",2
"GAAGCAGGTCATACTG-1",3
"GAAGCAGTCCTAGTGA-1",1
"GAAGCAGTCTTATCTG-1",2
"GAATAAGCAAGGTGTG-1",3
"GAATAAGCAGACAAGC-1",2
"GAATAAGCATGCAACT-1",2
"GAATAAGGTCCGTTAA-1",1
"GAATAAGGTGAGTGAC-1",2
"GAATAAGGTTCCCTTG-1",0
"GAATAAGTCGTTTAGG-1",1
"GAATGAAAGAGTCTGG-1",3
"GAATGAAAGCTTATCG-1",0
"GAATGAAAGGCATGTG-1",0
"GAATGAACAAACGCGA-1",2
"GAATGAACAGTGAGTG-1",3
"GAATGAACATCATCCC-1",1
"GAATGAAGTCAACATC-1",2
"GAATGAAGTCTCACCT-1",5
"GAATGAAGTGGCAAAC-1",0
"GAATGAAGTTGCGTTA-1",1
"GAATGAATCAGTTAGC-1",1
"GAATGAATCCTGCCAT-1",5
"GACACGCAGACGCACA-1",0
"GACACGCAGAGTAATC-1",0
"GACACGCAGCCAACAG-1",2
"GACACGCAGGAGTTTA-1",10
"GACACGCAGGGCATGT-1",1
"GACACGCAGGTGCACA-1",1
"GACACGCAGTCCAGGA-1",1
"GACACGCAGTGGGATC-1",0
"GACACGCAGTGGGTTG-1",1
"GACACGCCAAGCGTAG-1",3
"GACACGCCAAGGACAC-1",0
"GACACGCCAGACGCTC-1",2
"GACACGCCATCCTTGC-1",3
"GACACGCGTTCACGGC-1",2
"GACACGCTCATGTAGC-1",2
"GACAGAGAGTACGATA-1",5
"GACAGAGCAACGATCT-1",5
"GACAGAGCAAGTCTAC-1",1
"GACAGAGCAGCTCCGA-1",12
"GACAGAGCAGCTGGCT-1",3
"GACAGAGGTAGAAAGG-1",5
"GACAGAGTCAAACAAG-1",2
"GACAGAGTCAGAGACG-1",2
"GACAGAGTCCTTCAAT-1",2
"GACAGAGTCCTTGCCA-1",1
"GACAGAGTCTTCATGT-1",1
"GACCAATAGAAGGGTA-1",1
"GACCAATAGCTACCGC-1",0
"GACCAATAGCTACCTA-1",0
"GACCAATCAGGTGCCT-1",1
"GACCAATCATGCGCAC-1",0
"GACCAATGTACAGTTC-1",0
"GACCAATGTCGCTTCT-1",0
"GACCAATTCCGATATG-1",3
"GACCAATTCGAATGGG-1",0
"GACCAATTCGTCACGG-1",2
"GACCTGGCATCACAAC-1",1
"GACCTGGCATGTCTCC-1",0
"GACCTGGCATTGGCGC-1",3
"GACCTGGGTAAAGGAG-1",0
"GACCTGGGTCCAGTTA-1",1
"GACCTGGGTGCAGTAG-1",0
"GACCTGGTCATAGCAC-1",2
"GACCTGGTCCTTGCCA-1",9
"GACCTGGTCGCATGAT-1",1
"GACCTGGTCGTCACGG-1",3
"GACGCGTAGTGGTAAT-1",5
"GACGCGTAGTTGTAGA-1",1
"GACGCGTGTAAAGGAG-1",3
"GACGCGTGTGTGAAAT-1",1
"GACGCGTGTTAAGACA-1",0
"GACGCGTTCAAACCGT-1",2
"GACGCGTTCCAAATGC-1",2
"GACGCGTTCCGCGGTA-1",0
"GACGCGTTCCTACAGA-1",2
"GACGCGTTCGACGGAA-1",2
"GACGCGTTCTCCGGTT-1",41
"GACGGCTAGAAGATTC-1",0
"GACGGCTAGAGCTGGT-1",2
"GACGGCTCAAGGTTTC-1",2
"GACGGCTCACCGCTAG-1",0
"GACGGCTCATGAACCT-1",1
"GACGGCTCATGCAACT-1",1
"GACGGCTGTGTGTGCC-1",1
"GACGGCTGTTATGTGC-1",0
"GACGGCTGTTTGGCGC-1",2
"GACGGCTTCTATCGCC-1",1
"GACGTGCAGGCAAAGA-1",1
"GACGTGCAGGGTGTGT-1",1
"GACGTGCAGGTGTTAA-1",0
"GACGTGCCAGGTCGTC-1",0
"GACGTGCGTAACGTTC-1",1
"GACGTGCTCACCTCGT-1",0
"GACGTTAAGCTACCGC-1",3
"GACGTTAAGGCAAAGA-1",8
"GACGTTAAGTCAAGCG-1",6
"GACGTTACAAGCCATT-1",0
"GACGTTACAAGGTTTC-1",1
"GACGTTACAGACACTT-1",2
"GACGTTAGTATCTGCA-1",0
"GACGTTAGTTTGACAC-1",0
"GACGTTAGTTTGACTG-1",0
"GACGTTATCACAGGCC-1",1
"GACGTTATCATTGCGA-1",1
"GACGTTATCCCGGATG-1",3
"GACGTTATCCGAAGAG-1",1
"GACGTTATCGCGTTTC-1",1
"GACGTTATCTGTCCGT-1",1
"GACTAACAGACAGAGA-1",7
"GACTAACAGTGGAGAA-1",2
"GACTAACCAAATCCGT-1",1
"GACTAACGTCTAGTCA-1",2
"GACTAACGTGCAACTT-1",0
"GACTAACGTTCAGACT-1",10
"GACTAACTCCGCGCAA-1",3
"GACTAACTCCTTTCTC-1",0
"GACTAACTCTTGCCGT-1",0
"GACTAACTCTTTACAC-1",5
"GACTACAAGATATGGT-1",1
"GACTACACAAATCCGT-1",0
"GACTACAGTGCTGTAT-1",0
"GACTACATCAGCCTAA-1",1
"GACTACATCAGGTAAA-1",3
"GACTACATCTGCAGTA-1",0
"GACTGCGAGCGTAGTG-1",0
"GACTGCGAGTTGTAGA-1",1
"GACTGCGCACTTAACG-1",2
"GACTGCGCATGTTCCC-1",0
"GACTGCGGTACGCACC-1",0
"GACTGCGGTTCTCATT-1",1
"GACTGCGTCAACACAC-1",3
"GACTGCGTCACGACTA-1",0
"GACTGCGTCGCCCTTA-1",0
"GACTGCGTCTCAAACG-1",1
"GAGCAGAGTAGGGTAC-1",1
"GAGCAGAGTCAGATAA-1",1
"GAGCAGAGTCATATGC-1",0
"GAGCAGAGTGAGCGAT-1",0
"GAGCAGAGTGTAACGG-1",2
"GAGCAGAGTGTGACCC-1",0
"GAGCAGAGTTCGGGCT-1",1
"GAGCAGAGTTTAAGCC-1",0
"GAGCAGAGTTTGCATG-1",7
"GAGGTGAAGCAACGGT-1",0
"GAGGTGAAGGCTCTTA-1",1
"GAGGTGAAGTGGTAGC-1",1
"GAGGTGAAGTTGTAGA-1",0
"GAGGTGACACTGTCGG-1",1
"GAGGTGACATCCTTGC-1",1
"GAGGTGACATGCATGT-1",4
"GAGGTGAGTACCTACA-1",1
"GAGGTGAGTCATTAGC-1",2
"GAGGTGAGTTCCTCCA-1",10
"GAGGTGATCATCGCTC-1",1
"GAGGTGATCTAGAGTC-1",0
"GAGGTGATCTCTAGGA-1",3
"GAGGTGATCTGCTGTC-1",2
"GAGGTGATCTGGGCCA-1",0
"GAGTCCGAGGACAGAA-1",6
"GAGTCCGAGGCATGTG-1",0
"GAGTCCGAGGCGTACA-1",1
"GAGTCCGCAAACCCAT-1",3
"GAGTCCGGTCAAGCGA-1",1
"GAGTCCGGTGACCAAG-1",1
"GAGTCCGGTGACTCAT-1",1
"GAGTCCGGTGTGACCC-1",1
"GAGTCCGGTTCGGGCT-1",3
"GAGTCCGGTTTGCATG-1",0
"GAGTCCGTCGGCGCAT-1",0
"GAGTCCGTCTGATTCT-1",2
"GATCAGTAGATGTCGG-1",1
"GATCAGTAGTGGTAGC-1",0
"GATCAGTGTATATGAG-1",3
"GATCAGTGTCTGCGGT-1",1
"GATCAGTGTTATGCGT-1",8
"GATCAGTGTTGTACAC-1",11
"GATCAGTTCCCGACTT-1",0
"GATCGATAGAATGTTG-1",2
"GATCGATAGAGCTGCA-1",0
"GATCGATAGCATGGCA-1",0
"GATCGATCAAGCGAGT-1",2
"GATCGATCAAGCGTAG-1",1
"GATCGATGTCAACATC-1",3
"GATCGATGTTGCCTCT-1",2
"GATCGATTCCGCATCT-1",2
"GATCGCGAGATAGTCA-1",6
"GATCGCGAGCCTTGAT-1",0
"GATCGCGAGGAGCGTT-1",3
"GATCGCGCAGGTCGTC-1",0
"GATCGCGGTACAGCAG-1",1
"GATCGCGGTGAGTATA-1",0
"GATCGCGGTTGTCGCG-1",1
"GATCGCGTCACTCCTG-1",0
"GATCGTAAGACATAAC-1",9
"GATCGTAAGCTCAACT-1",0
"GATCGTACATAACCTG-1",1
"GATCGTAGTGGCTCCA-1",0
"GATCGTATCATATCGG-1",1
"GATCGTATCATGTCCC-1",1
"GATCGTATCTTACCGC-1",0
"GATCTAGAGCGTCTAT-1",1
"GATCTAGAGTGGAGAA-1",1
"GATCTAGCAACACCTA-1",2
"GATCTAGCAAGGGTCA-1",7
"GATCTAGGTCTAAAGA-1",1
"GATCTAGGTCTCACCT-1",0
"GATCTAGGTCTCTTTA-1",0
"GATCTAGTCACATAGC-1",3
"GATCTAGTCTAAGCCA-1",3
"GATGAAAAGAGTAATC-1",0
"GATGAAAAGCTCCCAG-1",3
"GATGAAACACGGTAGA-1",2
"GATGAAACAGCTGTAT-1",1
"GATGAAAGTGGGTATG-1",4
"GATGAAATCACCCTCA-1",2
"GATGAAATCACTCCTG-1",0
"GATGAAATCAGCAACT-1",1
"GATGAAATCGAGAGCA-1",2
"GATGAGGAGATCCCGC-1",3
"GATGAGGAGTTCGATC-1",2
"GATGAGGCACCAGTTA-1",1
"GATGAGGGTATCACCA-1",0
"GATGAGGGTATTCGTG-1",0
"GATGAGGGTCGCGTGT-1",2
"GATGAGGGTGATGATA-1",0
"GATGAGGTCACAGGCC-1",3
"GATGAGGTCACATAGC-1",2
"GATGAGGTCCCTTGTG-1",1
"GATGAGGTCTGCTGTC-1",1
"GATGCTAAGACTAAGT-1",6
"GATGCTAAGGATGCGT-1",1
"GATGCTAAGGCTCTTA-1",0
"GATGCTAAGGGAACGG-1",0
"GATGCTAAGTATCTCG-1",0
"GATGCTAAGTCTCGGC-1",2
"GATGCTACATGTTGAC-1",0
"GATGCTACATTGCGGC-1",4
"GATGCTAGTCTCCATC-1",0
"GATGCTAGTGGAAAGA-1",0
"GATGCTAGTTAGGGTG-1",0
"GATGCTATCCTGTACC-1",2
"GATGCTATCGGCGCTA-1",1
"GATTCAGAGAAACCTA-1",3
"GATTCAGAGAGTGACC-1",1
"GATTCAGAGATTACCC-1",1
"GATTCAGAGGGTCGAT-1",0
"GATTCAGAGGTCGGAT-1",1
"GATTCAGAGTCAATAG-1",1
"GATTCAGCAAGTTGTC-1",7
"GATTCAGCAATTCCTT-1",5
"GATTCAGCAGGGTACA-1",0
"GATTCAGCATCGACGC-1",0
"GATTCAGCATTATCTC-1",4
"GATTCAGGTAAATACG-1",1
"GATTCAGTCAACTCTT-1",3
"GCAAACTAGATGTTAG-1",3
"GCAAACTAGTCATGCT-1",0
"GCAAACTAGTCTCAAC-1",0
"GCAAACTCACAGGTTT-1",0
"GCAAACTGTCAGATAA-1",2
"GCAAACTGTCTCCATC-1",0
"GCAAACTTCGTGGTCG-1",7
"GCAATCAAGGGATCTG-1",0
"GCAATCAAGTATCTCG-1",2
"GCAATCAAGTGGGTTG-1",3
"GCAATCACAGCTTAAC-1",0
"GCAATCACATGTCGAT-1",1
"GCAATCACATTCCTCG-1",0
"GCAATCAGTAGGAGTC-1",1
"GCAATCAGTATAATGG-1",3
"GCAATCAGTTCTCATT-1",1
"GCAATCAGTTCTGGTA-1",3
"GCACATAAGAGCTATA-1",7
"GCACATAAGATGTTAG-1",1
"GCACATAAGCCTTGAT-1",0
"GCACATAAGGAGTACC-1",1
"GCACATAAGTGAAGTT-1",0
"GCACATACACCACGTG-1",1
"GCACATACAGCTGTAT-1",1
"GCACATACAGGAACGT-1",2
"GCACATAGTCATCGGC-1",5
"GCACATAGTCCGAATT-1",1
"GCACATAGTCTCTTTA-1",1
"GCACATAGTGCGCTTG-1",0
"GCACATATCACCTCGT-1",2
"GCACATATCTGGTTCC-1",1
"GCACTCTCAAGACACG-1",4
"GCACTCTCAATCACAC-1",6
"GCACTCTCATTTCAGG-1",0
"GCACTCTGTAAACCTC-1",2
"GCACTCTGTACCAGTT-1",2
"GCACTCTGTAGAAAGG-1",2
"GCACTCTGTCGAACAG-1",1
"GCACTCTGTCTAGGTT-1",2
"GCACTCTTCAACTCTT-1",0
"GCACTCTTCCCTAATT-1",3
"GCACTCTTCTGCCCTA-1",0
"GCAGCCAAGCTGATAA-1",1
"GCAGCCACATGAGCGA-1",0
"GCAGCCAGTAATCGTC-1",3
"GCAGCCAGTGTCGCTG-1",5
"GCAGCCATCAGTTGAC-1",1
"GCAGCCATCCCAACGG-1",0
"GCAGCCATCCGTACAA-1",21
"GCAGTTAAGTCCATAC-1",4
"GCAGTTAAGTCCGTAT-1",0
"GCAGTTAAGTTAACGA-1",11
"GCAGTTAGTGGACGAT-1",0
"GCAGTTAGTTATTCTC-1",0
"GCAGTTATCGCGATCG-1",1
"GCATACAAGATCTGCT-1",0
"GCATACAAGCAACGGT-1",2
"GCATACACAACGCACC-1",8
"GCATACACAAGGACTG-1",1
"GCATACACAAGTCTGT-1",0
"GCATACACAGTCAGCC-1",1
"GCATACACATCCTAGA-1",0
"GCATACACATCGGAAG-1",0
"GCATACAGTCCGAACC-1",3
"GCATACAGTTCTGGTA-1",1
"GCATACATCCACGACG-1",0
"GCATGATAGAATGTTG-1",2
"GCATGATAGAGTAATC-1",2
"GCATGATAGCTGATAA-1",1
"GCATGATAGGACCACA-1",3
"GCATGATAGGCTAGCA-1",2
"GCATGATAGTCAAGCG-1",1
"GCATGATAGTGGAGAA-1",11
"GCATGATCACACCGAC-1",1
"GCATGATCACATTTCT-1",0
"GCATGATGTCCCTACT-1",1
"GCATGATGTTGCGCAC-1",5
"GCATGATTCGTGGACC-1",0
"GCATGCGAGCATGGCA-1",2
"GCATGCGAGTCCAGGA-1",0
"GCATGCGCACTGCCAG-1",1
"GCATGCGGTAAGGATT-1",0
"GCATGCGGTCCTCTTG-1",1
"GCATGCGGTGTGAAAT-1",3
"GCATGCGTCCGCGGTA-1",3
"GCATGTAAGAACTGTA-1",1
"GCATGTAAGACAGACC-1",1
"GCATGTAAGTACTTGC-1",1
"GCATGTAAGTGCAAGC-1",2
"GCATGTACAACACGCC-1",1
"GCATGTATCACGAAGG-1",1
"GCCAAATCAAACTGTC-1",0
"GCCAAATCAAGGGTCA-1",0
"GCCAAATCAAGTTCTG-1",1
"GCCAAATCAGCCACCA-1",0
"GCCAAATCATAACCTG-1",1
"GCCAAATGTATAAACG-1",3
"GCCAAATGTGTTTGGT-1",8
"GCCAAATGTTTCGCTC-1",0
"GCCAAATTCAGGTAAA-1",1
"GCCAAATTCCGAGCCA-1",0
"GCCAAATTCCGCGGTA-1",1
"GCCAAATTCGGCTACG-1",2
"GCCTCTAAGAGTACCG-1",0
"GCCTCTAAGCCATCGC-1",1
"GCCTCTAAGCCGCCTA-1",2
"GCCTCTAAGCGATAGC-1",1
"GCCTCTAAGCTGCAAG-1",6
"GCCTCTAAGCTTCGCG-1",4
"GCCTCTAAGTCACGCC-1",1
"GCCTCTACAAGACGTG-1",0
"GCCTCTACAGCTATTG-1",2
"GCCTCTAGTAAGGATT-1",1
"GCCTCTAGTGATGATA-1",2
"GCCTCTAGTTAAGGGC-1",5
"GCCTCTATCAGCGACC-1",0
"GCCTCTATCCGATATG-1",0
"GCCTCTATCGAATCCA-1",0
"GCCTCTATCGAGCCCA-1",1
"GCCTCTATCGCTGATA-1",0
"GCCTCTATCTTTAGGG-1",2
"GCGACCAAGAGGTTAT-1",0
"GCGACCACACTTACGA-1",0
"GCGACCAGTCAGGACA-1",3
"GCGACCAGTCTAGAGG-1",3
"GCGACCATCAACGGGA-1",2
"GCGACCATCCCGGATG-1",0
"GCGACCATCTACTCAT-1",2
"GCGAGAAAGGTTCCTA-1",1
"GCGAGAAAGTACGATA-1",5
"GCGAGAAAGTGTCTCA-1",1
"GCGAGAACAAGCCCAC-1",2
"GCGAGAACACTGAAGG-1",1
"GCGAGAAGTAGCGCTC-1",1
"GCGAGAAGTCCCTACT-1",4
"GCGAGAATCCTTTCGG-1",1
"GCGAGAATCGAGAGCA-1",1
"GCGAGAATCGCACTCT-1",4
"GCGCAACAGTCCTCCT-1",0
"GCGCAACAGTGTACGG-1",1
"GCGCAACCAAGTCTGT-1",6
"GCGCAACCAGCCACCA-1",0
"GCGCAACGTAGCGCTC-1",4
"GCGCAACGTCCCTTGT-1",0
"GCGCAACGTCCTAGCG-1",1
"GCGCAACGTCGACTAT-1",0
"GCGCAACGTCTAGAGG-1",1
"GCGCAACGTGCACGAA-1",2
"GCGCAACTCAATACCG-1",1
"GCGCAGTCACATCCAA-1",5
"GCGCAGTCATTACCTT-1",2
"GCGCAGTGTTAGGGTG-1",1
"GCGCAGTTCGATCCCT-1",3
"GCGCAGTTCGCGGATC-1",2
"GCGCCAAAGACATAAC-1",2
"GCGCCAAAGGACAGCT-1",5
"GCGCCAAAGGCCCTTG-1",0
"GCGCCAAAGGGCTTCC-1",2
"GCGCCAAAGGTACTCT-1",2
"GCGCCAACATAACCTG-1",0
"GCGCCAACATTGGGCC-1",1
"GCGCCAAGTACTTGAC-1",1
"GCGCCAAGTCGGCACT-1",2
"GCGCCAAGTGAAAGAG-1",3
"GCGCCAAGTTGTACAC-1",2
"GCGCCAATCCGTTGCT-1",1
"GCGCGATAGAAGGTTT-1",1
"GCGCGATAGCAGGTCA-1",5
"GCGCGATAGTGAATTG-1",1
"GCGCGATAGTTTGCGT-1",9
"GCGCGATCAGCTCGAC-1",0
"GCGCGATGTAAGTAGT-1",1
"GCGCGATGTATCACCA-1",0
"GCGCGATGTCACTTCC-1",0
"GCGCGATGTTACCAGT-1",0
"GCGCGATTCAGTTAGC-1",4
"GCGCGATTCGTTTAGG-1",2
"GCGGGTTAGAAACGAG-1",0
"GCGGGTTAGCTATGCT-1",0
"GCGGGTTAGTGTGAAT-1",0
"GCGGGTTCACGCGAAA-1",1
"GCGGGTTCAGGCAGTA-1",0
"GCGGGTTCAGTAACGG-1",2
"GCGGGTTGTGAGTATA-1",2
"GCGGGTTGTGGCGAAT-1",2
"GCGGGTTTCCAAAGTC-1",0
"GCGGGTTTCCTTTCTC-1",0
"GCGGGTTTCTCCAACC-1",2
"GCGGGTTTCTTGAGGT-1",2
"GCGGGTTTCTTGTATC-1",4
"GCTCCTACAAACTGTC-1",7
"GCTCCTACACCAGGTC-1",2
"GCTCCTACACCGATAT-1",1
"GCTCCTACAGGGTACA-1",5
"GCTCCTACATTAGCCA-1",2
"GCTCCTAGTCAGGACA-1",0
"GCTCCTAGTCCGTCAG-1",5
"GCTCCTATCAGCCTAA-1",3
"GCTCCTATCCCTAATT-1",0
"GCTCTGTAGAGGTAGA-1",1
"GCTCTGTAGCTGAACG-1",1
"GCTCTGTAGGAGTCTG-1",0
"GCTCTGTAGTGCTGCC-1",1
"GCTCTGTAGTGGACGT-1",3
"GCTCTGTTCACCTCGT-1",1
"GCTGCAGAGCGTGAGT-1",2
"GCTGCAGAGTCAAGCG-1",3
"GCTGCAGAGTCCCACG-1",0
"GCTGCAGCAATTGCTG-1",0
"GCTGCAGCATGCCCGA-1",2
"GCTGCAGCATGCCTAA-1",0
"GCTGCAGGTAAACCTC-1",1
"GCTGCAGGTACGAAAT-1",1
"GCTGCAGGTAGCGCAA-1",1
"GCTGCAGGTCACCCAG-1",0
"GCTGCAGGTCATGCCG-1",3
"GCTGCGAAGGAATGGA-1",0
"GCTGCGAGTCTAACGT-1",4
"GCTGCGAGTGTTTGGT-1",1
"GCTGCGATCTCCTATA-1",1
"GCTGCGATCTTGTTTG-1",0
"GCTGCTTAGAATTGTG-1",4
"GCTGCTTAGGCAATTA-1",2
"GCTGCTTCATCACGTA-1",2
"GCTGCTTCATCCAACA-1",3
"GCTGCTTCATGCCTAA-1",1
"GCTGCTTCATGGTCAT-1",0
"GCTGCTTGTAACGACG-1",1
"GCTGCTTGTAATCGTC-1",8
"GCTGCTTGTAGGGACT-1",0
"GCTGCTTGTGAAAGAG-1",2
"GCTGCTTTCCGGGTGT-1",4
"GCTGGGTAGACCCACC-1",4
"GCTGGGTAGCCACGCT-1",1
"GCTGGGTAGTCGCCGT-1",0
"GCTGGGTAGTCTCAAC-1",0
"GCTGGGTCACGGCTAC-1",0
"GCTGGGTCAGCCAATT-1",1
"GCTGGGTGTACAGTTC-1",0
"GCTGGGTGTACCGTTA-1",0
"GCTGGGTGTCGAGTTT-1",2
"GCTGGGTGTCTCCACT-1",0
"GCTGGGTGTGCCTGTG-1",1
"GCTGGGTTCAGCTTAG-1",0
"GCTGGGTTCCTTAATC-1",3
"GCTTCCAAGAAACCTA-1",0
"GCTTCCACACCACCAG-1",4
"GCTTCCACAGGTCGTC-1",0
"GCTTCCACAGTGAGTG-1",1
"GCTTCCAGTATAGGTA-1",1
"GCTTCCAGTTCAGCGC-1",2
"GCTTCCATCGTCCAGG-1",0
"GCTTGAAAGATGGCGT-1",1
"GCTTGAAAGCCGTCGT-1",1
"GCTTGAACAAACCTAC-1",6
"GCTTGAACACGGTGTC-1",1
"GCTTGAACATCGGAAG-1",4
"GCTTGAAGTGCGGTAA-1",2
"GCTTGAAGTTCTCATT-1",0
"GCTTGAATCAGGATCT-1",2
"GGAAAGCAGGCAGGTT-1",1
"GGAAAGCCAAACGCGA-1",1
"GGAAAGCCAAGTACCT-1",4
"GGAAAGCGTAAGCACG-1",2
"GGAAAGCGTCCTCCAT-1",1
"GGAAAGCGTCGCGTGT-1",0
"GGAAAGCGTGCTTCTC-1",2
"GGAAAGCTCCAGAGGA-1",5
"GGAACTTAGAGTAAGG-1",0
"GGAACTTCAATGTAAG-1",0
"GGAACTTCACAGGAGT-1",3
"GGAACTTCACCTCGTT-1",0
"GGAACTTGTCTCTTTA-1",2
"GGAACTTTCATTGCCC-1",0
"GGAACTTTCATTTGGG-1",1
"GGAACTTTCCGTCATC-1",0
"GGAACTTTCCTCAACC-1",0
"GGAACTTTCGGATGTT-1",0
"GGAATAAAGGTACTCT-1",3
"GGAATAAAGTGTCCAT-1",2
"GGAATAACAGCGTCCA-1",0
"GGAATAAGTCTGGTCG-1",0
"GGAATAAGTGCAGGTA-1",0
"GGAATAATCAGCACAT-1",1
"GGAATAATCTTTACGT-1",1
"GGACAAGAGGTACTCT-1",0
"GGACAAGCAACGATGG-1",3
"GGACAAGCAGTCGTGC-1",2
"GGACAAGCATGGGACA-1",0
"GGACAAGGTATAAACG-1",1
"GGACAAGGTATGAAAC-1",1
"GGACAAGGTCGGCATC-1",0
"GGACAAGGTTATGCGT-1",0
"GGACAAGTCTAACGGT-1",4
"GGACAGAAGCTAGTCT-1",2
"GGACAGAAGTACTTGC-1",2
"GGACAGACAACACGCC-1",2
"GGACAGACACAAGCCC-1",1
"GGACAGAGTAAGTGGC-1",4
"GGACAGAGTCTTTCAT-1",0
"GGACAGAGTGAGGGAG-1",3
"GGACAGAGTTCCACAA-1",0
"GGACAGATCAACGCTA-1",7
"GGACATTAGAGGGCTT-1",1
"GGACATTAGCCACGTC-1",0
"GGACATTCAAACGCGA-1",0
"GGACATTCAATGACCT-1",1
"GGACATTCACCAGCAC-1",0
"GGACATTGTTCTGGTA-1",2
"GGACATTTCCTCTAGC-1",0
"GGACGTCAGTACTTGC-1",1
"GGACGTCAGTGGTAAT-1",0
"GGACGTCCACAGTCGC-1",2
"GGACGTCGTGAGGGAG-1",2
"GGACGTCGTGGCGAAT-1",7
"GGACGTCGTTACGGAG-1",3
"GGACGTCGTTTAAGCC-1",1
"GGACGTCTCCACTCCA-1",0
"GGACGTCTCGCAAACT-1",3
"GGACGTCTCTCCAGGG-1",0
"GGACGTCTCTCGAGTA-1",2
"GGACGTCTCTGGTGTA-1",6
"GGACGTCTCTTCGAGA-1",1
"GGAGCAAAGAACTCGG-1",0
"GGAGCAAAGACTGTAA-1",9
"GGAGCAAAGCCGCCTA-1",0
"GGAGCAAAGCTAAACA-1",0
"GGAGCAAAGTACGCCC-1",2
"GGAGCAACAAGCTGTT-1",2
"GGAGCAACAATGGACG-1",1
"GGAGCAACAATTCCTT-1",0
"GGAGCAACATGCTGGC-1",1
"GGAGCAAGTGAGTATA-1",4
"GGAGCAAGTTACTGAC-1",2
"GGAGCAATCAAGATCC-1",4
"GGAGCAATCCCATTTA-1",5
"GGATGTTCAAACTGTC-1",2
"GGATGTTTCATCACCC-1",0
"GGATGTTTCATGCATG-1",3
"GGATGTTTCCTACAGA-1",0
"GGATGTTTCCTCTAGC-1",3
"GGATTACAGATCCCAT-1",2
"GGATTACAGCTTCGCG-1",2
"GGATTACAGGCTAGCA-1",1
"GGATTACAGTATCTCG-1",0
"GGATTACCAAGCGTAG-1",2
"GGATTACCACATCCGG-1",1
"GGATTACCAGCGTAAG-1",0
"GGATTACGTAATAGCA-1",1
"GGATTACGTACACCGC-1",0
"GGATTACGTCTCTTTA-1",1
"GGATTACGTTGAGGTG-1",0
"GGATTACTCGCGCCAA-1",3
"GGATTACTCGGCGCAT-1",3
"GGATTACTCTGCCCTA-1",2
"GGCAATTCAATCGGTT-1",0
"GGCAATTCACGGCGTT-1",1
"GGCAATTCATCACCCT-1",3
"GGCAATTGTCGATTGT-1",2
"GGCAATTTCACTTACT-1",0
"GGCAATTTCAGCACAT-1",2
"GGCAATTTCTCCGGTT-1",1
"GGCCGATAGTGTCTCA-1",1
"GGCCGATCACGGACAA-1",0
"GGCCGATGTAGGACAC-1",2
"GGCCGATGTCACTGGC-1",5
"GGCCGATGTCCCTACT-1",0
"GGCCGATTCACCGTAA-1",1
"GGCCGATTCCGCGCAA-1",0
"GGCGACTAGAGCTGGT-1",1
"GGCGACTAGGACCACA-1",1
"GGCGACTAGGTTACCT-1",1
"GGCGACTCAAAGCGGT-1",1
"GGCGACTCAAGAGTCG-1",0
"GGCGACTCACCAGGTC-1",0
"GGCGACTCATTGTGCA-1",1
"GGCGACTTCAGAAATG-1",2
"GGCGACTTCAGAGACG-1",0
"GGCGACTTCCAGATCA-1",2
"GGCGACTTCTCTAGGA-1",1
"GGCGTGTAGCTAGCCC-1",3
"GGCGTGTAGGGTATCG-1",3
"GGCGTGTCAGGTCCAC-1",0
"GGCGTGTCAGTATAAG-1",1
"GGCGTGTCATCGTCGG-1",5
"GGCGTGTCATGGAATA-1",0
"GGCGTGTGTCTCCCTA-1",1
"GGCGTGTTCTTGAGGT-1",2
"GGCTCGAAGCCGTCGT-1",2
"GGCTCGAAGGTAAACT-1",2
"GGCTCGACAAGAAGAG-1",5
"GGCTCGACAATAGCAA-1",2
"GGCTCGACATGGTCAT-1",0
"GGCTCGAGTATATCCG-1",0
"GGCTCGAGTTACGTCA-1",0
"GGCTCGAGTTAGGGTG-1",3
"GGCTCGATCTGCAAGT-1",2
"GGCTGGTAGAAGAAGC-1",1
"GGCTGGTAGACCCACC-1",0
"GGCTGGTCAAGGACAC-1",1
"GGCTGGTCACTGCCAG-1",0
"GGCTGGTCATTTCAGG-1",0
"GGCTGGTGTATTCTCT-1",3
"GGCTGGTGTCGCATCG-1",1
"GGCTGGTGTCTAGTGT-1",2
"GGCTGGTGTTATGCGT-1",2
"GGGAATGAGCGTTGCC-1",0
"GGGAATGAGTAGGTGC-1",4
"GGGAATGGTAAGGGAA-1",0
"GGGAATGTCAACGAAA-1",1
"GGGAATGTCCAGTATG-1",0
"GGGAATGTCCGGGTGT-1",2
"GGGACCTAGATGTAAC-1",2
"GGGACCTAGTCTTGCA-1",2
"GGGACCTCAATCAGAA-1",3
"GGGACCTCACTGAAGG-1",4
"GGGAGATAGTACGACG-1",5
"GGGAGATCAAAGTGCG-1",0
"GGGAGATCAAATCCGT-1",1
"GGGAGATCAAGGACTG-1",2
"GGGAGATCACGCGAAA-1",1
"GGGAGATGTAGCGCAA-1",1
"GGGAGATTCAACGGGA-1",0
"GGGAGATTCATCACCC-1",0
"GGGATGAAGTGACATA-1",0
"GGGATGACATCATCCC-1",1
"GGGATGAGTCACCCAG-1",1
"GGGATGAGTGGAAAGA-1",0
"GGGATGAGTTACGACT-1",0
"GGGATGAGTTGGTAAA-1",0
"GGGATGATCAGTTAGC-1",1
"GGGATGATCTATCCTA-1",1
"GGGATGATCTTTAGGG-1",1
"GGGCACTAGTCTCGGC-1",0
"GGGCACTCATCTCCCA-1",2
"GGGCACTTCACCTCGT-1",4
"GGGCACTTCTGAGGGA-1",9
"GGGCATCCAATGTAAG-1",2
"GGGCATCCAGTCTTCC-1",0
"GGGCATCGTGGCGAAT-1",1
"GGGCATCTCACAGTAC-1",2
"GGGCATCTCCCTTGTG-1",4
"GGGCATCTCCGGCACA-1",0
"GGGCATCTCTGTCCGT-1",1
"GGGCATCTCTTATCTG-1",4
"GGGTCTGAGAAGATTC-1",1
"GGGTCTGAGATCCCGC-1",4
"GGGTCTGAGCCAACAG-1",0
"GGGTCTGCACAGGCCT-1",2
"GGGTCTGCACCAGGTC-1",2
"GGGTCTGGTCTGGTCG-1",1
"GGGTCTGGTGATGATA-1",2
"GGGTCTGGTGTGACCC-1",0
"GGGTCTGTCAACTCTT-1",1
"GGGTCTGTCACTCCTG-1",3
"GGGTCTGTCCGTAGTA-1",3
"GGGTTGCAGACAGAGA-1",1
"GGGTTGCAGACCTTTG-1",1
"GGGTTGCAGATCGATA-1",0
"GGGTTGCAGGGTGTTG-1",9
"GGGTTGCAGGTGGGTT-1",1
"GGGTTGCCAATAACGA-1",0
"GGGTTGCCACGCCAGT-1",1
"GGGTTGCCATTAACCG-1",1
"GGGTTGCGTACATCCA-1",1
"GGGTTGCGTAGCGCAA-1",2
"GGGTTGCGTCCTCCAT-1",2
"GGGTTGCGTCGAGTTT-1",4
"GGGTTGCGTGAGTATA-1",4
"GGGTTGCGTGTGACCC-1",1
"GGGTTGCTCGTACCGG-1",5
"GGTATTGAGCACCGTC-1",2
"GGTATTGAGCTATGCT-1",4
"GGTATTGCACATCCAA-1",1
"GGTATTGCAGCTTCGG-1",1
"GGTATTGGTTCCGTCT-1",2
"GGTATTGTCAGAAATG-1",2
"GGTATTGTCCATTCTA-1",0
"GGTATTGTCGCCAGCA-1",1
"GGTGAAGAGACACGAC-1",1
"GGTGAAGAGATCCGAG-1",2
"GGTGAAGCAAGGTGTG-1",2
"GGTGAAGCACTCGACG-1",0
"GGTGAAGCAGTATGCT-1",1
"GGTGAAGGTATGAAAC-1",7
"GGTGAAGGTCAGAATA-1",3
"GGTGAAGGTGGTACAG-1",0
"GGTGAAGGTGTATGGG-1",2
"GGTGAAGGTGTCTGAT-1",2
"GGTGAAGGTGTGGTTT-1",4
"GGTGAAGGTGTGTGCC-1",3
"GGTGAAGTCACGATGT-1",0
"GGTGAAGTCACTCTTA-1",2
"GGTGAAGTCTGGCGTG-1",0
"GGTGCGTAGGTGATTA-1",0
"GGTGCGTAGTACGATA-1",1
"GGTGCGTCACTTAAGC-1",4
"GGTGCGTCAGCTGTAT-1",1
"GGTGCGTGTTCGTTGA-1",1
"GGTGCGTTCCGTACAA-1",5
"GGTGCGTTCTTGACGA-1",1
"GGTGTTAAGGGCTCTC-1",0
"GGTGTTAAGTAGCGGT-1",2
"GGTGTTAAGTGGGATC-1",2
"GGTGTTAAGTTATCGC-1",0
"GGTGTTACAAATCCGT-1",8
"GGTGTTACACGGATAG-1",0
"GGTGTTAGTAATCACC-1",3
"GGTGTTAGTAGCAAAT-1",1
"GGTGTTAGTGTATGGG-1",0
"GGTGTTAGTTGAACTC-1",1
"GGTGTTATCGGACAAG-1",4
"GGTGTTATCGGTGTTA-1",1
"GGTGTTATCTACTTAC-1",0
"GTAACGTAGGTGACCA-1",4
"GTAACGTCACAGGCCT-1",1
"GTAACGTGTACCATCA-1",1
"GTAACGTGTGAGTATA-1",1
"GTAACGTGTTACGGAG-1",13
"GTAACGTGTTAGGGTG-1",0
"GTAACGTTCGGTCCGA-1",2
"GTAACGTTCTCATTCA-1",0
"GTAACTGAGTGGGTTG-1",5
"GTAACTGCAATGGAAT-1",2
"GTAACTGCACAGGCCT-1",0
"GTAACTGCAGGATCGA-1",5
"GTAACTGCATCGGGTC-1",1
"GTAACTGGTATTACCG-1",1
"GTAACTGTCACGGTTA-1",0
"GTAACTGTCTACTATC-1",0
"GTACGTAAGGTGCTTT-1",0
"GTACGTACAGGAATGC-1",1
"GTACGTACATGGATGG-1",2
"GTACGTAGTGAGTGAC-1",5
"GTACGTAGTTGGTAAA-1",1
"GTACGTATCACCTCGT-1",1
"GTACGTATCATCGGAT-1",0
"GTACGTATCCACTGGG-1",0
"GTACTCCAGGCAGTCA-1",1
"GTACTCCCAATAGCGG-1",1
"GTACTCCCACAGGTTT-1",1
"GTACTCCTCACCTTAT-1",2
"GTACTCCTCATTGCCC-1",0
"GTACTCCTCCTTCAAT-1",0
"GTACTTTCAGTTAACC-1",4
"GTACTTTCATGTCGAT-1",6
"GTACTTTTCCGAAGAG-1",1
"GTAGGCCAGCAATCTC-1",1
"GTAGGCCCATTCGACA-1",1
"GTAGGCCGTAACGCGA-1",3
"GTAGGCCGTAAGGGCT-1",3
"GTAGGCCGTACGACCC-1",1
"GTAGGCCGTTCAGGCC-1",1
"GTAGGCCGTTGATTGC-1",1
"GTAGGCCTCAGCACAT-1",0
"GTAGTCAAGAATGTGT-1",4
"GTAGTCAAGATGCCTT-1",2
"GTAGTCAAGGACGAAA-1",3
"GTAGTCAAGTGAAGAG-1",1
"GTAGTCATCGTCACGG-1",6
"GTAGTCATCTGAAAGA-1",1
"GTATCTTAGAAACCAT-1",3
"GTATCTTAGGCTATCT-1",2
"GTATCTTAGTTGTCGT-1",2
"GTATCTTCACACCGCA-1",1
"GTATCTTCACGAAGCA-1",1
"GTATCTTGTTCGCTAA-1",2
"GTATCTTTCATGCTCC-1",1
"GTATCTTTCATGTAGC-1",2
"GTATTCTAGAAACCAT-1",3
"GTATTCTAGACAAAGG-1",2
"GTATTCTCAAAGTCAA-1",1
"GTATTCTCAACAACCT-1",2
"GTATTCTCAACTTGAC-1",3
"GTATTCTCAATAAGCA-1",0
"GTATTCTCAGGGTTAG-1",0
"GTATTCTCATACTACG-1",2
"GTATTCTCATGGTAGG-1",0
"GTATTCTGTAGTGAAT-1",0
"GTATTCTGTCTAGAGG-1",2
"GTCAAGTCATATGCTG-1",2
"GTCAAGTCATGGTTGT-1",0
"GTCAAGTGTCAGCTAT-1",0
"GTCAAGTGTTCCACTC-1",2
"GTCACAAAGCCGATTT-1",1
"GTCACAAAGTGGAGTC-1",6
"GTCACAACAGGTGGAT-1",3
"GTCACAAGTAAACGCG-1",3
"GTCACAATCAGGATCT-1",5
"GTCACAATCAGTTGAC-1",1
"GTCACAATCATGCATG-1",2
"GTCACGGAGATCACGG-1",4
"GTCACGGCATATACCG-1",2
"GTCACGGGTGAGTGAC-1",1
"GTCACGGGTGTGGCTC-1",1
"GTCACGGTCGAGAGCA-1",1
"GTCACGGTCTACCTGC-1",2
"GTCATTTAGAGACTAT-1",1
"GTCATTTCACGTGAGA-1",0
"GTCATTTGTAGAAGGA-1",4
"GTCATTTGTCAGATAA-1",0
"GTCATTTTCCAGAGGA-1",2
"GTCCTCAAGCCCAACC-1",1
"GTCCTCAAGTAGATGT-1",1
"GTCCTCAAGTGGGCTA-1",0
"GTCCTCACAATCACAC-1",2
"GTCCTCAGTGGAAAGA-1",0
"GTCCTCATCAAAGACA-1",2
"GTCCTCATCGTCCGTT-1",1
"GTCGGGTCACTGAAGG-1",0
"GTCGGGTCACTTCGAA-1",3
"GTCGGGTCATGAAGTA-1",0
"GTCGGGTGTCTCACCT-1",2
"GTCGGGTGTGTGACGA-1",1
"GTCGGGTGTGTGTGCC-1",3
"GTCGGGTGTTACGTCA-1",2
"GTCGGGTTCTGCTGTC-1",2
"GTCGGGTTCTGTGCAA-1",0
"GTCGTAAAGAGATGAG-1",1
"GTCGTAAAGCTGCAAG-1",0
"GTCGTAAAGGCGACAT-1",9
"GTCGTAACATCACGAT-1",2
"GTCGTAAGTATCACCA-1",0
"GTCGTAATCCAAGTAC-1",1
"GTCTCGTAGACCACGA-1",0
"GTCTCGTCAGGAACGT-1",3
"GTCTCGTGTGGTAACG-1",2
"GTCTCGTGTTTGGCGC-1",6
"GTCTCGTTCACCGGGT-1",1
"GTCTCGTTCAGTGCAT-1",2
"GTCTTCGAGACAAGCC-1",4
"GTCTTCGAGGAATGGA-1",2
"GTCTTCGAGTCAAGCG-1",1
"GTCTTCGCACATGGGA-1",2
"GTCTTCGCACCAGGTC-1",0
"GTCTTCGCAGACGCAA-1",0
"GTCTTCGCATAACCTG-1",0
"GTCTTCGCATCGATGT-1",1
"GTCTTCGGTCTAGTGT-1",1
"GTCTTCGTCTCGATGA-1",0
"GTGAAGGAGAGCTGGT-1",0
"GTGAAGGAGATCGGGT-1",0
"GTGAAGGAGCCAGTTT-1",3
"GTGAAGGAGTGTTGAA-1",0
"GTGAAGGCAAAGGCGT-1",0
"GTGAAGGCACTTAAGC-1",5
"GTGAAGGCAGATTGCT-1",5
"GTGAAGGGTATATGGA-1",2
"GTGAAGGGTCTCTCTG-1",5
"GTGAAGGTCTCCTATA-1",2
"GTGCAGCAGACATAAC-1",2
"GTGCAGCAGTGGTCCC-1",0
"GTGCAGCCACATCTTT-1",0
"GTGCAGCGTGAGTATA-1",0
"GTGCAGCTCTTAGAGC-1",0
"GTGCATAAGGCATGGT-1",9
"GTGCATAGTTTGTTGG-1",7
"GTGCATATCAGAGCTT-1",1
"GTGCATATCATCATTC-1",0
"GTGCATATCTGCGTAA-1",1
"GTGCGGTAGCAATCTC-1",1
"GTGCGGTAGGACAGAA-1",1
"GTGCGGTCAAAGGTGC-1",5
"GTGCGGTGTTCAGACT-1",0
"GTGCGGTGTTCTGTTT-1",2
"GTGCGGTTCATCTGCC-1",1
"GTGCGGTTCCAGGGCT-1",3
"GTGCGGTTCGGATGGA-1",0
"GTGCGGTTCTCGTTTA-1",0
"GTGCGGTTCTGCTGTC-1",4
"GTGCTTCAGCCAGTTT-1",0
"GTGCTTCAGGATTCGG-1",4
"GTGCTTCAGTACACCT-1",0
"GTGCTTCCACTTAACG-1",1
"GTGCTTCCAGCTATTG-1",1
"GTGCTTCGTAGAGTGC-1",7
"GTGCTTCTCACAATGC-1",0
"GTGCTTCTCACTTCAT-1",3
"GTGGGTCAGACCGGAT-1",0
"GTGGGTCAGACTGTAA-1",1
"GTGGGTCAGCCGTCGT-1",0
"GTGGGTCCACCAACCG-1",1
"GTGGGTCCACCACCAG-1",2
"GTGTGCGAGACCGGAT-1",0
"GTGTGCGAGACTTGAA-1",4
"GTGTGCGCAGGTCGTC-1",1
"GTGTGCGGTGAGCGAT-1",0
"GTGTGCGTCAGTCAGT-1",2
"GTGTGCGTCCCTTGTG-1",3
"GTGTGCGTCTAACTTC-1",1
"GTGTTAGAGCACGCCT-1",3
"GTGTTAGAGGACAGAA-1",2
"GTGTTAGAGGCATGGT-1",0
"GTGTTAGAGTGGAGAA-1",0
"GTGTTAGAGTTTGCGT-1",1
"GTGTTAGCAATGGAAT-1",0
"GTGTTAGCACCACCAG-1",0
"GTGTTAGGTGCCTGGT-1",1
"GTGTTAGGTGGAAAGA-1",1
"GTGTTAGGTTCCATGA-1",0
"GTGTTAGGTTGGGACA-1",0
"GTTAAGCAGAGCTGCA-1",1
"GTTAAGCAGATAGCAT-1",2
"GTTAAGCAGCTAACAA-1",4
"GTTAAGCAGGCTACGA-1",0
"GTTAAGCAGTGTACCT-1",0
"GTTAAGCAGTTTGCGT-1",0
"GTTAAGCCATTCACTT-1",2
"GTTAAGCGTACTCGCG-1",2
"GTTAAGCGTCTAGGTT-1",1
"GTTAAGCGTGGCAAAC-1",1
"GTTAAGCGTTGCTCCT-1",2
"GTTAAGCTCCTTTCGG-1",0
"GTTACAGAGAGCTATA-1",0
"GTTACAGAGTACGATA-1",0
"GTTACAGCAGACGCCT-1",3
"GTTACAGCATCGGTTA-1",2
"GTTACAGGTATGGTTC-1",2
"GTTACAGGTCGACTGC-1",2
"GTTACAGGTCTAGGTT-1",1
"GTTCATTAGCGATGAC-1",2
"GTTCATTCATATACGC-1",0
"GTTCATTCATTGGCGC-1",0
"GTTCATTGTGCACGAA-1",0
"GTTCATTGTGTTAAGA-1",1
"GTTCATTGTTCAGTAC-1",0
"GTTCGGGAGACGACGT-1",2
"GTTCGGGAGCTAAGAT-1",0
"GTTCGGGAGTGTCTCA-1",2
"GTTCGGGGTAGGGTAC-1",1
"GTTCGGGGTGCAGGTA-1",0
"GTTCGGGTCCACGCAG-1",2
"GTTCGGGTCTACTTAC-1",3
"GTTCTCGAGACCACGA-1",0
"GTTCTCGAGCGATGAC-1",4
"GTTCTCGAGGCCATAG-1",3
"GTTCTCGCATCGGACC-1",5
"GTTCTCGGTAAGGGAA-1",1
"GTTCTCGGTAGCGTAG-1",0
"GTTCTCGGTCCGTGAC-1",3
"GTTCTCGGTGTTAAGA-1",7
"GTTCTCGTCAACGCTA-1",1
"GTTCTCGTCCTGTACC-1",3
"GTTTCTACAAACCTAC-1",1
"GTTTCTACAAGAAAGG-1",5
"GTTTCTAGTGTTGGGA-1",0
"GTTTCTATCCCAACGG-1",2
"GTTTCTATCCGTAGTA-1",3
"GTTTCTATCGGCATCG-1",0
"TAAACCGGTACTTAGC-1",1
"TAAACCGTCACTCTTA-1",1
"TAAACCGTCAGGCGAA-1",1
"TAAACCGTCCGTTGTC-1",2
"TAAACCGTCTTCCTTC-1",0
"TAAGAGACAAGTTGTC-1",0
"TAAGAGAGTATATCCG-1",4
"TAAGAGATCAATCACG-1",0
"TAAGAGATCTAACGGT-1",1
"TAAGAGATCTTTCCTC-1",2
"TAAGCGTAGTGGACGT-1",0
"TAAGCGTAGTGTCTCA-1",2
"TAAGCGTCAGCTTCGG-1",5
"TAAGCGTCAGGTGGAT-1",0
"TAAGCGTGTCCTGCTT-1",0
"TAAGCGTGTGCCTGGT-1",1
"TAAGCGTGTTGTTTGG-1",0
"TAAGCGTTCCTCATTA-1",1
"TAAGCGTTCGGCGCAT-1",0
"TAAGCGTTCTCGCATC-1",2
"TAAGTGCAGGCTAGGT-1",0
"TAAGTGCAGTAGCGGT-1",0
"TAAGTGCCAACGCACC-1",0
"TAAGTGCCATACAGCT-1",0
"TAAGTGCGTAAACACA-1",0
"TAAGTGCGTCTCACCT-1",0
"TAAGTGCGTTCAGACT-1",2
"TAAGTGCTCACCCTCA-1",1
"TAAGTGCTCACTGGGC-1",2
"TAAGTGCTCTGGCGTG-1",0
"TACACGACACCCATTC-1",1
"TACACGAGTGATAAAC-1",1
"TACACGATCTGTCTCG-1",0
"TACAGTGAGATGCGAC-1",6
"TACAGTGAGCGTTGCC-1",2
"TACAGTGAGTGTACGG-1",0
"TACAGTGCAGGAATCG-1",2
"TACAGTGCAGGTGCCT-1",1
"TACAGTGGTACTCAAC-1",1
"TACAGTGGTTGGACCC-1",0
"TACCTATAGAGCTGGT-1",2
"TACCTATAGAGTTGGC-1",0
"TACCTATAGGCTCATT-1",2
"TACCTATAGTTAGCGG-1",1
"TACCTATCAAGCTGGA-1",1
"TACCTATGTAAATGAC-1",9
"TACCTATGTAGAGTGC-1",0
"TACCTATGTCACCTAA-1",2
"TACCTATGTGTTGAGG-1",1
"TACCTATGTTAAAGAC-1",0
"TACCTATTCTATGTGG-1",3
"TACCTATTCTTCCTTC-1",3
"TACCTTAAGAGGTTGC-1",0
"TACCTTAAGTCAAGCG-1",7
"TACCTTAAGTGGTCCC-1",1
"TACCTTACAACTGGCC-1",1
"TACCTTACAAGGGTCA-1",2
"TACCTTACACTCAGGC-1",1
"TACCTTACATCTACGA-1",1
"TACCTTAGTAGCGTCC-1",5
"TACCTTAGTCTCCACT-1",0
"TACGGATAGATGGCGT-1",2
"TACGGATAGGTACTCT-1",2
"TACGGATCAGGGATTG-1",1
"TACGGATCATCACCCT-1",0
"TACGGATGTCTAGCCG-1",1
"TACGGATTCGGTGTCG-1",6
"TACGGATTCTACTATC-1",1
"TACGGGCAGGATGCGT-1",0
"TACGGGCAGGGAACGG-1",5
"TACGGGCAGTATTGGA-1",2
"TACGGGCAGTCAAGCG-1",1
"TACGGGCCAAGAAGAG-1",0
"TACGGGCCACCAGATT-1",1
"TACGGGCCATCAGTAC-1",0
"TACGGGCGTAAGGGCT-1",1
"TACGGGCGTCTGATTG-1",2
"TACGGGCGTGATGTGG-1",0
"TACGGGCTCACCTTAT-1",2
"TACGGGCTCAGCTCTC-1",0
"TACGGGCTCCACGAAT-1",2
"TACGGGCTCCTATTCA-1",0
"TACGGGCTCGGTGTTA-1",2
"TACGGTAAGATATGGT-1",2
"TACGGTAAGCCGATTT-1",6
"TACGGTAAGTCATGCT-1",0
"TACGGTAAGTGCCATT-1",3
"TACGGTACACAGGCCT-1",2
"TACGGTACATTTCAGG-1",1
"TACGGTAGTATATCCG-1",1
"TACGGTAGTCACTTCC-1",1
"TACGGTAGTGCAGGTA-1",3
"TACGGTAGTGGGTATG-1",1
"TACGGTATCGCAGGCT-1",0
"TACGGTATCGGACAAG-1",1
"TACGGTATCGTTTATC-1",1
"TACTCATAGTCACGCC-1",0
"TACTCATCAATCTACG-1",1
"TACTCATCACGGTAGA-1",4
"TACTCATCACTTCTGC-1",1
"TACTCATCATCCGTGG-1",2
"TACTCATCATGTCGAT-1",1
"TACTCATGTACAGCAG-1",1
"TACTCATGTCTTCAAG-1",7
"TACTCATTCCTTTCTC-1",0
"TACTCGCAGGCGACAT-1",46
"TACTCGCGTCAGAAGC-1",2
"TACTCGCGTCTGATTG-1",0
"TACTCGCGTGTAACGG-1",1
"TACTCGCGTTGAGTTC-1",2
"TACTCGCTCAACGGGA-1",1
"TACTCGCTCCGAATGT-1",1
"TACTTACAGACTAGGC-1",1
"TACTTACAGCTGAACG-1",1
"TACTTACAGTACACCT-1",0
"TACTTACAGTACGCCC-1",3
"TACTTACAGTGATCGG-1",1
"TACTTACCAAGCCGTC-1",0
"TACTTACCACAGGTTT-1",0
"TACTTACTCGCGTTTC-1",4
"TACTTGTAGCGATATA-1",5
"TACTTGTAGTAATCCC-1",1
"TACTTGTCAAACAACA-1",0
"TACTTGTCATGCAACT-1",0
"TACTTGTGTAGCACGA-1",0
"TACTTGTGTATAAACG-1",1
"TACTTGTGTTCCACAA-1",1
"TACTTGTTCTGCAGTA-1",0
"TAGACCAAGAGACGAA-1",1
"TAGACCAAGCCTCGTG-1",0
"TAGACCAAGTCGATAA-1",1
"TAGACCACAACACCCG-1",0
"TAGACCAGTAGATTAG-1",0
"TAGACCAGTTCATGGT-1",0
"TAGACCATCACTTCAT-1",1
"TAGACCATCGTCACGG-1",2
"TAGACCATCTCCAGGG-1",1
"TAGAGCTAGAATTCCC-1",1
"TAGAGCTAGTATTGGA-1",1
"TAGAGCTCACTGAAGG-1",1
"TAGAGCTGTACTTGAC-1",1
"TAGAGCTGTAGGGACT-1",0
"TAGAGCTGTCTAAAGA-1",0
"TAGCCGGAGACTGGGT-1",2
"TAGCCGGAGTCCCACG-1",1
"TAGCCGGAGTGACATA-1",2
"TAGCCGGCAGCAGTTT-1",0
"TAGCCGGGTACAGTGG-1",3
"TAGCCGGGTACCATCA-1",1
"TAGCCGGGTCGCGAAA-1",12
"TAGCCGGTCACGACTA-1",1
"TAGCCGGTCCAGGGCT-1",1
"TAGGCATAGAACTGTA-1",0
"TAGGCATAGCTAGGCA-1",0
"TAGGCATAGTCGTACT-1",0
"TAGGCATAGTTTAGGA-1",2
"TAGGCATCAAGCCTAT-1",0
"TAGGCATCAGACGCAA-1",1
"TAGGCATGTACGAAAT-1",1
"TAGGCATGTCCAGTTA-1",0
"TAGGCATGTTCCACTC-1",0
"TAGGCATTCCCTAACC-1",0
"TAGGCATTCGCTAGCG-1",3
"TAGGCATTCGTAGATC-1",2
"TAGGCATTCTTCATGT-1",1
"TAGTGGTAGATCACGG-1",7
"TAGTGGTAGCTGTTCA-1",1
"TAGTGGTCAGTATAAG-1",1
"TAGTGGTGTAGCGTAG-1",1
"TAGTGGTTCAGCATGT-1",0
"TAGTGGTTCGGCGCAT-1",1
"TAGTGGTTCTCAAGTG-1",0
"TAGTGGTTCTGGGCCA-1",3
"TAGTGGTTCTTTAGTC-1",2
"TAGTTGGAGATAGGAG-1",2
"TAGTTGGCAGACGCAA-1",0
"TAGTTGGCATGCGCAC-1",3
"TAGTTGGGTATGGTTC-1",4
"TAGTTGGTCCGAATGT-1",0
"TAGTTGGTCTACTCAT-1",0
"TAGTTGGTCTCTAAGG-1",0
"TAGTTGGTCTGATACG-1",2
"TATCAGGAGAGTAAGG-1",1
"TATCAGGAGATCCGAG-1",1
"TATCAGGAGCAGATCG-1",0
"TATCAGGAGGTGCTTT-1",0
"TATCAGGCAACTTGAC-1",1
"TATCAGGCACGTTGGC-1",2
"TATCAGGGTCCGTTAA-1",0
"TATCAGGGTCTGCAAT-1",2
"TATCAGGGTTAAAGAC-1",3
"TATCAGGTCAAGATCC-1",0
"TATCAGGTCCACTCCA-1",2
"TATCAGGTCGTAGGTT-1",0
"TATCTCAAGAGTTGGC-1",0
"TATCTCAAGCCACCTG-1",3
"TATCTCAAGCGTAATA-1",0
"TATCTCAAGGCTAGCA-1",0
"TATCTCAAGTGGGCTA-1",0
"TATCTCACATGTCCTC-1",1
"TATCTCAGTAACGACG-1",4
"TATCTCAGTACCTACA-1",1
"TATCTCAGTACGACCC-1",4
"TATCTCAGTCAATGTC-1",1
"TATCTCATCAAGCCTA-1",1
"TATGCCCAGAAACCGC-1",4
"TATGCCCAGGTAGCTG-1",0
"TATGCCCCAATGGAAT-1",4
"TATGCCCCACTTAACG-1",2
"TATGCCCCATGTTCCC-1",0
"TATGCCCGTAGCCTCG-1",1
"TATGCCCGTATAGGGC-1",0
"TATGCCCGTATGAAAC-1",2
"TATGCCCGTCGCCATG-1",4
"TATGCCCGTGCCTTGG-1",1
"TATGCCCGTTAAGATG-1",1
"TATGCCCGTTGGTGGA-1",1
"TATGCCCGTTTAGGAA-1",1
"TATGCCCTCGTCTGCT-1",1
"TATTACCAGAGAGCTC-1",0
"TATTACCAGCAAATCA-1",2
"TATTACCAGCCCGAAA-1",1
"TATTACCAGTATCTCG-1",0
"TATTACCCAAAGTGCG-1",0
"TATTACCCAGACAAGC-1",0
"TATTACCCAGTCAGCC-1",3
"TATTACCCATAAAGGT-1",1
"TATTACCCATCTACGA-1",1
"TATTACCGTCCAGTAT-1",6
"TCAACGAAGCCGATTT-1",0
"TCAACGAAGCGATGAC-1",1
"TCAACGAAGGCATGTG-1",1
"TCAACGAAGTAGTGCG-1",6
"TCAACGACACCAGGCT-1",2
"TCAACGACATGCCTTC-1",12
"TCAACGAGTTACCAGT-1",2
"TCAACGAGTTCCATGA-1",3
"TCAACGAGTTCTGGTA-1",1
"TCAACGATCAGTCCCT-1",1
"TCAACGATCTGTGCAA-1",2
"TCAATCTAGATCCCGC-1",3
"TCAATCTCACAAGCCC-1",1
"TCAATCTCACAGCCCA-1",0
"TCAATCTCATGACGGA-1",1
"TCAATCTCATTTGCTT-1",3
"TCAATCTGTAGTGAAT-1",2
"TCAATCTGTTAGATGA-1",1
"TCAATCTTCAGATAAG-1",2
"TCAATCTTCATGTCCC-1",1
"TCACAAGAGACTGGGT-1",5
"TCACAAGAGAGAGCTC-1",4
"TCACAAGAGGCCCTCA-1",0
"TCACAAGAGGTGGGTT-1",9
"TCACAAGAGTAGATGT-1",1
"TCACAAGCAGTATGCT-1",2
"TCACAAGCATAACCTG-1",0
"TCACAAGCATGACATC-1",2
"TCACAAGGTCAGATAA-1",1
"TCACAAGGTGTGGTTT-1",9
"TCACAAGTCATCATTC-1",0
"TCACAAGTCATGCATG-1",0
"TCACGAAAGCTCCTTC-1",1
"TCACGAAAGGTGCTTT-1",1
"TCACGAAAGTCTCGGC-1",2
"TCACGAACACAAGACG-1",3
"TCACGAACACTGTCGG-1",2
"TCACGAAGTGGTCCGT-1",0
"TCACGAAGTTGGTGGA-1",2
"TCACGAATCATGCAAC-1",0
"TCACGAATCCCGACTT-1",2
"TCACGAATCCTCGCAT-1",3
"TCACGAATCGTCACGG-1",1
"TCAGATGAGGTGCACA-1",0
"TCAGATGGTCTTGTCC-1",4
"TCAGATGGTGCCTGCA-1",1
"TCAGATGGTGCTGTAT-1",0
"TCAGATGTCAGTTTGG-1",5
"TCAGATGTCGCATGAT-1",0
"TCAGATGTCTCCTATA-1",7
"TCAGCAAAGGAGTCTG-1",1
"TCAGCAAAGGCTCATT-1",0
"TCAGCAAAGTACGACG-1",0
"TCAGCAAAGTGGCACA-1",5
"TCAGCAACACGCATCG-1",1
"TCAGCAAGTACCGGCT-1",3
"TCAGCAATCAGCGATT-1",2
"TCAGCAATCGGAAACG-1",1
"TCAGCAATCTTCAACT-1",2
"TCAGCTCAGGTGTTAA-1",1
"TCAGCTCAGTATGACA-1",2
"TCAGCTCCAATCTGCA-1",4
"TCAGCTCCACGGTTTA-1",0
"TCAGCTCGTAATAGCA-1",3
"TCAGCTCGTCCGTCAG-1",1
"TCAGCTCGTTCACGGC-1",1
"TCAGCTCTCACGATGT-1",3
"TCAGCTCTCATGCATG-1",1
"TCAGCTCTCCTAAGTG-1",3
"TCAGCTCTCTCGTATT-1",0
"TCAGGATAGACAGAGA-1",1
"TCAGGATAGATATGGT-1",0
"TCAGGATCAAACGTGG-1",1
"TCAGGATCAAGTTCTG-1",3
"TCAGGATCACGGTGTC-1",4
"TCAGGATCACTGTGTA-1",8
"TCAGGATCAGCATACT-1",2
"TCAGGATCATCTGGTA-1",0
"TCAGGATGTAAGCACG-1",0
"TCAGGATGTGGCCCTA-1",0
"TCAGGATTCCGATATG-1",3
"TCAGGATTCTCGATGA-1",2
"TCAGGTAAGATGGCGT-1",1
"TCAGGTAAGTGTTTGC-1",0
"TCAGGTACACAAGTAA-1",2
"TCAGGTACACAGAGGT-1",5
"TCAGGTACAGCTGCTG-1",0
"TCAGGTAGTAAACGCG-1",1
"TCATTACAGAAACCAT-1",2
"TCATTACAGGAGTTGC-1",0
"TCATTACAGTTGCAGG-1",0
"TCATTACCACATCCAA-1",2
"TCATTACCAGTCAGCC-1",1
"TCATTACGTACGCACC-1",0
"TCATTACGTCTAGAGG-1",1
"TCATTACGTGAAGGCT-1",1
"TCATTACGTTCTGTTT-1",1
"TCATTACTCATCGATG-1",0
"TCATTTGAGCCAGTTT-1",0
"TCATTTGCACGTCTCT-1",1
"TCATTTGCAGTTAACC-1",3
"TCATTTGTCCAGAGGA-1",0
"TCATTTGTCCCTTGCA-1",1
"TCATTTGTCCGTCAAA-1",0
"TCATTTGTCGCTAGCG-1",2
"TCATTTGTCGTACGGC-1",3
"TCATTTGTCTCTGCTG-1",1
"TCCACACCAAAGAATC-1",0
"TCCACACCACGCCAGT-1",2
"TCCACACGTACAGCAG-1",2
"TCCACACGTAGCCTAT-1",5
"TCCACACGTCATCGGC-1",1
"TCCACACGTGACCAAG-1",0
"TCCACACGTGCGAAAC-1",0
"TCCACACTCAACACCA-1",1
"TCCACACTCCAGTATG-1",1
"TCCACACTCCCATTTA-1",1
"TCCACACTCGAACTGT-1",0
"TCCCGATAGAAGAAGC-1",5
"TCCCGATAGCACAGGT-1",0
"TCCCGATAGCCGGTAA-1",2
"TCCCGATCAAGGTTCT-1",3
"TCCCGATCAGCCAATT-1",0
"TCCCGATCATCCAACA-1",5
"TCCCGATGTAAGGATT-1",1
"TCCCGATGTCAATACC-1",0
"TCCCGATTCAGAAATG-1",2
"TCCCGATTCAGTCCCT-1",2
"TCCCGATTCATCTGTT-1",1
"TCCCGATTCCCTAATT-1",0
"TCCCGATTCTGGAGCC-1",2
"TCGAGGCAGCGATGAC-1",1
"TCGAGGCAGTGTTTGC-1",1
"TCGAGGCCAAAGAATC-1",3
"TCGAGGCCAAGTTCTG-1",1
"TCGAGGCCAGTAACGG-1",5
"TCGAGGCGTATATCCG-1",0
"TCGAGGCTCGCAAGCC-1",0
"TCGAGGCTCTTGAGAC-1",0
"TCGAGGCTCTTTCCTC-1",1
"TCGCGAGAGACAAAGG-1",0
"TCGCGAGAGTGAATTG-1",2
"TCGCGAGCAAGCGTAG-1",1
"TCGCGAGCACCGAATT-1",2
"TCGCGAGCAGTAAGAT-1",1
"TCGCGAGTCCACGAAT-1",3
"TCGCGAGTCTAGCACA-1",4
"TCGCGAGTCTCTAGGA-1",2
"TCGCGAGTCTTCATGT-1",1
"TCGCGTTAGTGGGCTA-1",2
"TCGCGTTCACAGGCCT-1",1
"TCGCGTTCATCACAAC-1",1
"TCGCGTTCATCTCGCT-1",2
"TCGCGTTGTTCACCTC-1",0
"TCGCGTTTCAAGATCC-1",4
"TCGCGTTTCAGGTAAA-1",1
"TCGCGTTTCATTCACT-1",1
"TCGCGTTTCCTGTACC-1",0
"TCGCGTTTCGCCCTTA-1",1
"TCGGGACCACACATGT-1",0
"TCGGGACTCCTTGCCA-1",1
"TCGGGACTCTGCGGCA-1",2
"TCGGGACTCTTGTCAT-1",0
"TCGGTAAAGACAGGCT-1",0
"TCGGTAAAGCTCAACT-1",5
"TCGGTAACAAGCTGAG-1",2
"TCGGTAACAGGAATGC-1",1
"TCGGTAAGTATATGGA-1",6
"TCGGTAAGTCTAGTCA-1",0
"TCGGTAATCCCGGATG-1",3
"TCGTACCAGCAGGCTA-1",0
"TCGTACCAGTTTCCTT-1",0
"TCGTACCGTTTGCATG-1",1
"TCGTACCTCGGGAGTA-1",2
"TCGTAGAAGCTAACTC-1",2
"TCGTAGAAGGCGACAT-1",4
"TCGTAGAAGGGAACGG-1",1
"TCGTAGAAGTCCATAC-1",0
"TCGTAGACAATCCAAC-1",2
"TCGTAGACACTCAGGC-1",2
"TCGTAGAGTATGAATG-1",0
"TCGTAGAGTGAGCGAT-1",1
"TCGTAGAGTGTGTGCC-1",1
"TCGTAGAGTTCAACCA-1",2
"TCGTAGAGTTCCATGA-1",9
"TCGTAGATCCAAGCCG-1",1
"TCGTAGATCTTAGCCC-1",0
"TCTATTGAGCGATTCT-1",2
"TCTATTGAGTGCCATT-1",4
"TCTATTGCACATCTTT-1",3
"TCTATTGGTAAGTGTA-1",2
"TCTATTGGTCCAACTA-1",2
"TCTATTGGTCTGCCAG-1",1
"TCTATTGGTTGCTCCT-1",1
"TCTATTGTCGGCGCTA-1",1
"TCTCATAAGCTAAACA-1",0
"TCTCATAAGCTAGTCT-1",1
"TCTCATAAGTGCCATT-1",2
"TCTCATAGTACCGGCT-1",1
"TCTCATAGTGTAAGTA-1",7
"TCTCATATCAAGCCTA-1",1
"TCTCATATCACCTTAT-1",0
"TCTCATATCCTGTACC-1",0
"TCTCTAAAGACCGGAT-1",1
"TCTCTAAAGGGTGTTG-1",7
"TCTCTAACAGCCTATA-1",2
"TCTCTAAGTCCAGTAT-1",1
"TCTCTAAGTCCATGAT-1",0
"TCTCTAAGTCTCATCC-1",1
"TCTCTAAGTGGAAAGA-1",1
"TCTCTAATCAAACCAC-1",3
"TCTCTAATCAACGCTA-1",2
"TCTCTAATCACAGGCC-1",2
"TCTCTAATCACATACG-1",1
"TCTCTAATCCGTAGGC-1",1
"TCTCTAATCGTATCAG-1",7
"TCTGAGACAAACCTAC-1",3
"TCTGAGACACGGATAG-1",2
"TCTGAGACAGAGTGTG-1",0
"TCTGAGAGTAAGGGAA-1",0
"TCTGAGATCCTTGACC-1",0
"TCTGAGATCTATCCTA-1",1
"TCTGGAAAGCGATGAC-1",5
"TCTGGAAAGCTAGTTC-1",1
"TCTGGAAAGCTCTCGG-1",2
"TCTGGAAAGGAGCGAG-1",1
"TCTGGAACACAAGACG-1",1
"TCTGGAACACACTGCG-1",1
"TCTGGAACACTTCTGC-1",2
"TCTGGAAGTGAGTATA-1",0
"TCTGGAATCTGTCTAT-1",1
"TCTTCGGAGGTTCCTA-1",1
"TCTTCGGAGTTCGATC-1",0
"TCTTCGGCAAAGCAAT-1",1
"TCTTCGGCAAAGGTGC-1",0
"TCTTCGGCAATAGCAA-1",2
"TCTTCGGCAATGTAAG-1",4
"TCTTCGGCACACCGAC-1",2
"TCTTCGGCAGCCAATT-1",1
"TCTTCGGGTCATTAGC-1",4
"TCTTCGGTCGTAGGTT-1",1
"TCTTCGGTCTCTAAGG-1",0
"TCTTTCCAGAGAGCTC-1",1
"TCTTTCCAGTCATCCA-1",2
"TCTTTCCCATCTCCCA-1",1
"TCTTTCCGTAATCACC-1",2
"TCTTTCCGTAGTACCT-1",2
"TCTTTCCTCACAACGT-1",5
"TCTTTCCTCAGCTGGC-1",2
"TCTTTCCTCCAAGTAC-1",0
"TCTTTCCTCCTCGCAT-1",2
"TGAAAGAAGCTAAGAT-1",4
"TGAAAGACAAGCCGTC-1",1
"TGAAAGACACATTCGA-1",0
"TGAAAGACATGAGCGA-1",1
"TGAAAGAGTCTAGCGC-1",8
"TGAAAGAGTCTCATCC-1",2
"TGAAAGATCCCGACTT-1",1
"TGAAAGATCTATGTGG-1",2
"TGACAACCAAGCGAGT-1",1
"TGACAACGTAGGGACT-1",4
"TGACAACGTGCGCTTG-1",1
"TGACAACGTGGTTTCA-1",1
"TGACAACTCACAAACC-1",0
"TGACAACTCCACGTGG-1",0
"TGACAACTCGAATGCT-1",1
"TGACGGCAGCGCCTCA-1",4
"TGACGGCAGGCTCAGA-1",2
"TGACGGCAGTCAAGCG-1",0
"TGACGGCCACAGACTT-1",0
"TGACGGCGTCATCCCT-1",5
"TGACGGCTCAGGCGAA-1",1
"TGACGGCTCCACTGGG-1",0
"TGACTAGAGACCCACC-1",1
"TGACTAGAGGGCATGT-1",0
"TGACTAGAGTCTCAAC-1",2
"TGACTAGAGTTGAGAT-1",1
"TGACTAGCAGCATACT-1",4
"TGACTAGCAGTCAGAG-1",0
"TGACTAGCATTTCACT-1",1
"TGACTAGGTAAATACG-1",4
"TGACTAGGTGAAAGAG-1",1
"TGACTAGGTGCAGTAG-1",6
"TGACTAGTCATGCATG-1",4
"TGACTAGTCCATGCTC-1",0
"TGACTAGTCTGTTGAG-1",2
"TGACTTTAGAACAATC-1",5
"TGACTTTAGTCTCGGC-1",1
"TGACTTTAGTTAGGTA-1",1
"TGACTTTCAGTCCTTC-1",0
"TGACTTTCATTATCTC-1",1
"TGACTTTGTCACACGC-1",6
"TGACTTTTCCTCAATT-1",1
"TGACTTTTCTGCCCTA-1",1
"TGAGAGGAGGCTCATT-1",0
"TGAGAGGCAAAGTCAA-1",0
"TGAGAGGCAAGCCATT-1",0
"TGAGAGGCACCATGTA-1",1
"TGAGAGGGTCACTGGC-1",1
"TGAGAGGGTCTAAACC-1",1
"TGAGAGGTCGAACTGT-1",0
"TGAGAGGTCGCGTTTC-1",0
"TGAGAGGTCTGACCTC-1",3
"TGAGCATAGAAACGAG-1",2
"TGAGCATAGAAGCCCA-1",0
"TGAGCATAGATGTCGG-1",6
"TGAGCATAGGAATGGA-1",0
"TGAGCATCACCAGGCT-1",6
"TGAGCATCAGATGAGC-1",0
"TGAGCATCAGCGTAAG-1",1
"TGAGCATCAGCTGTAT-1",4
"TGAGCATGTGGCCCTA-1",2
"TGAGCATTCCACGTTC-1",1
"TGAGCATTCCGATATG-1",2
"TGAGCATTCGGCCGAT-1",3
"TGAGCCGCATCGGGTC-1",1
"TGAGCCGGTCGAACAG-1",4
"TGAGCCGGTGTAATGA-1",2
"TGAGCCGGTTGATTCG-1",1
"TGAGCCGTCATCTGCC-1",1
"TGAGCCGTCGTCACGG-1",0
"TGAGCCGTCTTGAGGT-1",2
"TGAGGGAAGAGACTAT-1",0
"TGAGGGAAGGAGTACC-1",2
"TGAGGGAAGTCATCCA-1",2
"TGAGGGAAGTCATGCT-1",1
"TGAGGGACACCAGTTA-1",1
"TGAGGGACATAAGACA-1",7
"TGAGGGAGTAAACGCG-1",5
"TGAGGGAGTTAGGGTG-1",0
"TGAGGGATCAACGGGA-1",2
"TGAGGGATCTAGCACA-1",0
"TGAGGGATCTCTTATG-1",0
"TGATTTCCATCCGGGT-1",5
"TGATTTCGTAGGCATG-1",5
"TGATTTCGTTAAGACA-1",1
"TGATTTCTCTGATTCT-1",3
"TGCACCTAGACCTTTG-1",0
"TGCACCTAGGACGAAA-1",4
"TGCACCTCAAGTTGTC-1",20
"TGCACCTCAATAGAGT-1",1
"TGCACCTCATCCGGGT-1",3
"TGCACCTGTAATCACC-1",0
"TGCACCTGTCACACGC-1",1
"TGCACCTTCACGGTTA-1",1
"TGCACCTTCATCGGAT-1",1
"TGCACCTTCCGCGGTA-1",0
"TGCACCTTCGAACTGT-1",0
"TGCACCTTCTCTTGAT-1",0
"TGCCAAACAATGTAAG-1",1
"TGCCAAACAATTCCTT-1",4
"TGCCAAAGTTCGCGAC-1",27
"TGCCAAATCCAAACTG-1",3
"TGCCAAATCCCTGACT-1",0
"TGCCAAATCGGCGGTT-1",1
"TGCCCATAGACTAGGC-1",3
"TGCCCATAGCGTCAAG-1",0
"TGCCCATAGCGTGAAC-1",1
"TGCCCATAGCTGTTCA-1",0
"TGCCCATAGGATGGAA-1",0
"TGCCCATAGTACGCCC-1",6
"TGCCCATAGTTGAGTA-1",1
"TGCCCATCACCAGGTC-1",4
"TGCCCATCACGAAATA-1",0
"TGCCCATCAGGACGTA-1",2
"TGCCCATCATGGAATA-1",1
"TGCCCATCATGGATGG-1",3
"TGCCCATGTAGCCTCG-1",1
"TGCCCATTCAAACCGT-1",1
"TGCCCATTCAGGCCCA-1",0
"TGCCCATTCCTTCAAT-1",2
"TGCCCATTCGGAAATA-1",1
"TGCCCTAAGGTCGGAT-1",0
"TGCCCTAAGGTTCCTA-1",2
"TGCCCTACACCACCAG-1",2
"TGCCCTACAGCCACCA-1",0
"TGCCCTACAGTGAGTG-1",3
"TGCCCTAGTCCGAGTC-1",3
"TGCCCTAGTGGTTTCA-1",0
"TGCCCTAGTTTCGCTC-1",5
"TGCCCTATCGACGGAA-1",2
"TGCCCTATCTTCGGTC-1",1
"TGCGCAGAGACTAGGC-1",7
"TGCGCAGAGCACACAG-1",2
"TGCGCAGAGCGTCTAT-1",0
"TGCGCAGAGGAGCGAG-1",1
"TGCGCAGCAAACGTGG-1",9
"TGCGCAGCAGCTCGCA-1",1
"TGCGCAGCAGTAGAGC-1",1
"TGCGCAGTCCTACAGA-1",0
"TGCGGGTAGAGACTTA-1",2
"TGCGGGTAGATCGATA-1",1
"TGCGGGTAGCTCTCGG-1",3
"TGCGGGTAGGTGTGGT-1",1
"TGCGGGTAGTACTTGC-1",1
"TGCGGGTCAATGGAAT-1",4
"TGCGGGTCACACGCTG-1",0
"TGCGGGTCATTGGGCC-1",0
"TGCGGGTGTAGAAAGG-1",0
"TGCGGGTGTCACCTAA-1",2
"TGCGGGTGTCAGATAA-1",1
"TGCGGGTGTTAGAACA-1",1
"TGCGGGTTCAGTTCGA-1",2
"TGCGGGTTCGTAGATC-1",4
"TGCGGGTTCTCTTGAT-1",4
"TGCGTGGAGACGCAAC-1",0
"TGCGTGGAGACTGGGT-1",0
"TGCGTGGAGTGAACGC-1",0
"TGCGTGGCAATTCCTT-1",2
"TGCGTGGGTGCACCAC-1",2
"TGCGTGGTCCGCGCAA-1",1
"TGCGTGGTCGCCCTTA-1",0
"TGCGTGGTCTGGCGAC-1",1
"TGCTACCAGAAAGTGG-1",3
"TGCTACCAGATGGCGT-1",3
"TGCTACCAGCAAATCA-1",1
"TGCTACCAGTCCGTAT-1",0
"TGCTACCCAAGAGGCT-1",0
"TGCTACCCACTTAACG-1",1
"TGCTACCCATCGTCGG-1",5
"TGCTACCCATGGTTGT-1",1
"TGCTACCGTGTGACGA-1",11
"TGCTACCTCCTCGCAT-1",2
"TGCTACCTCTTCTGGC-1",1
"TGCTGCTAGACTAAGT-1",2
"TGCTGCTAGGTGATAT-1",1
"TGCTGCTCAATAGAGT-1",2
"TGCTGCTCACAGACAG-1",3
"TGCTGCTCATCCCATC-1",0
"TGCTGCTCATGGTTGT-1",6
"TGCTGCTGTCATACTG-1",0
"TGCTGCTGTGAAGGCT-1",1
"TGCTGCTTCATTGCGA-1",0
"TGGACGCAGAGGTACC-1",2
"TGGACGCAGTCAAGGC-1",0
"TGGACGCCACAGAGGT-1",1
"TGGACGCCATGGTAGG-1",1
"TGGACGCGTCCGAACC-1",4
"TGGACGCGTCTCCCTA-1",2
"TGGCCAGAGAAGGTGA-1",1
"TGGCCAGAGAGTACAT-1",0
"TGGCCAGAGGCGATAC-1",9
"TGGCCAGAGGCGTACA-1",2
"TGGCCAGCAACTGCGC-1",5
"TGGCCAGCACGACTCG-1",2
"TGGCCAGGTCAATACC-1",5
"TGGCCAGTCGTAGATC-1",3
"TGGCCAGTCTATCCCG-1",2
"TGGCGCAAGCTACCTA-1",1
"TGGCGCAAGCTATGCT-1",0
"TGGCGCAAGTGTGGCA-1",0
"TGGCGCAAGTTACCCA-1",5
"TGGCGCACACAGGCCT-1",4
"TGGCGCACACGGATAG-1",0
"TGGCGCACAGCGATCC-1",3
"TGGCGCACATAGGATA-1",0
"TGGCGCACATATACGC-1",6
"TGGCGCAGTACTCTCC-1",0
"TGGCGCAGTGGACGAT-1",5
"TGGCGCAGTTATGTGC-1",3
"TGGCGCATCAAGAAGT-1",3
"TGGCGCATCATGCTCC-1",2
"TGGCGCATCATGTGGT-1",1
"TGGCGCATCATTATCC-1",2
"TGGCGCATCGTGGTCG-1",0
"TGGCTGGAGCGGATCA-1",1
"TGGCTGGAGTGCAAGC-1",1
"TGGCTGGCAAGTTAAG-1",1
"TGGCTGGCACGGATAG-1",0
"TGGCTGGCAGGAACGT-1",0
"TGGCTGGGTCGAGTTT-1",2
"TGGCTGGGTCGGCATC-1",0
"TGGCTGGGTCTAGCCG-1",1
"TGGCTGGGTTACGCGC-1",1
"TGGCTGGGTTGGACCC-1",3
"TGGCTGGTCTCGTTTA-1",0
"TGGGAAGAGATATACG-1",2
"TGGGAAGAGCCCAATT-1",0
"TGGGAAGAGCGCTCCA-1",0
"TGGGAAGAGGGCTTCC-1",1
"TGGGAAGAGTAAGTAC-1",10
"TGGGAAGAGTTAACGA-1",1
"TGGGAAGCAAGGTGTG-1",1
"TGGGAAGCAGATCCAT-1",1
"TGGGAAGCAGCGAACA-1",2
"TGGGAAGGTAAGTTCC-1",2
"TGGGAAGGTTAGATGA-1",2
"TGGGAAGGTTATTCTC-1",4
"TGGGAAGTCCCAAGAT-1",1
"TGGGAAGTCCTTCAAT-1",0
"TGGGAAGTCGTGGACC-1",0
"TGGGAAGTCTCCTATA-1",4
"TGGGCGTAGTCTCCTC-1",0
"TGGGCGTCAGACGTAG-1",0
"TGGGCGTCAGGGATTG-1",2
"TGGGCGTGTCCAAGTT-1",0
"TGGGCGTGTCTAGAGG-1",0
"TGGGCGTGTGGCTCCA-1",0
"TGGGCGTGTTTCGCTC-1",1
"TGGGCGTTCAGCTTAG-1",0
"TGGTTAGAGCTACCTA-1",1
"TGGTTAGAGTTAGGTA-1",1
"TGGTTAGGTGATGATA-1",2
"TGGTTAGGTTCACGGC-1",1
"TGGTTAGTCCCGACTT-1",0
"TGGTTAGTCTTGTATC-1",2
"TGGTTCCAGCCGTCGT-1",1
"TGGTTCCAGTAATCCC-1",2
"TGGTTCCCAAGTTGTC-1",3
"TGGTTCCCAGACAAAT-1",1
"TGGTTCCCAGACAGGT-1",7
"TGGTTCCCAGCTCGAC-1",0
"TGGTTCCCATGTCCTC-1",1
"TGGTTCCCATTTCACT-1",0
"TGGTTCCGTCCAAGTT-1",1
"TGGTTCCTCACATACG-1",2
"TGGTTCCTCAGCTTAG-1",0
"TGGTTCCTCTAACTTC-1",0
"TGGTTCCTCTAGAGTC-1",2
"TGGTTCCTCTGGGCCA-1",1
"TGTATTCAGCCCGAAA-1",0
"TGTATTCAGCGATCCC-1",1
"TGTATTCCAGGGCATA-1",2
"TGTATTCGTAAGAGAG-1",3
"TGTATTCGTTTGTTTC-1",3
"TGTATTCTCAGCATGT-1",0
"TGTATTCTCATCTGTT-1",2
"TGTCCCAAGCAGATCG-1",2
"TGTCCCAAGCTAGTTC-1",0
"TGTCCCAAGCTGAACG-1",0
"TGTCCCAAGTTGTCGT-1",3
"TGTCCCACAGTAAGCG-1",0
"TGTCCCACATCACGTA-1",2
"TGTCCCAGTAAGAGGA-1",0
"TGTCCCAGTAAGTGGC-1",1
"TGTCCCAGTCGGATCC-1",0
"TGTCCCAGTCTCTTTA-1",0
"TGTCCCATCATTTGGG-1",0
"TGTCCCATCTGCAAGT-1",0
"TGTCCCATCTGCGTAA-1",1
"TGTGGTAGTCCCGACA-1",4
"TGTGGTAGTGTGAAAT-1",1
"TGTGGTAGTGTGACGA-1",1
"TGTGGTATCCAGGGCT-1",0
"TGTGGTATCTTGCATT-1",2
"TGTGTTTAGAGGTTAT-1",2
"TGTGTTTAGCGTGAGT-1",2
"TGTGTTTAGTGCGTGA-1",0
"TGTGTTTCATGCGCAC-1",1
"TGTGTTTTCTCATTCA-1",0
"TGTGTTTTCTTTCCTC-1",1
"TGTTCCGAGAGCAATT-1",0
"TGTTCCGAGCAACGGT-1",2
"TGTTCCGAGGAATTAC-1",1
"TGTTCCGAGGACTGGT-1",0
"TGTTCCGCAGTGAGTG-1",2
"TGTTCCGGTGAGTATA-1",0
"TGTTCCGTCAAGCCTA-1",1
"TGTTCCGTCAGTTCGA-1",0
"TGTTCCGTCGGCGGTT-1",0
"TGTTCCGTCTGAAAGA-1",0
"TGTTCCGTCTGGTATG-1",1
"TTAACTCAGTGTACGG-1",0
"TTAACTCCAAGCGCTC-1",3
"TTAACTCCAGGCAGTA-1",2
"TTAACTCGTTCCACAA-1",2
"TTAACTCTCATAAAGG-1",1
"TTAACTCTCCCTCAGT-1",1
"TTAGGACAGCAGGCTA-1",3
"TTAGGACAGCTCTCGG-1",6
"TTAGGACCAAGCCATT-1",1
"TTAGGACCAGTCAGAG-1",2
"TTAGGACGTTTGTTTC-1",1
"TTAGGCAAGAAGATTC-1",2
"TTAGGCAAGAGCCCAA-1",1
"TTAGGCAAGAGTGACC-1",1
"TTAGGCAAGGTTCCTA-1",2
"TTAGGCAAGTCGTTTG-1",4
"TTAGGCAAGTGTACCT-1",10
"TTAGGCACAGACGCTC-1",1
"TTAGGCACATGTTCCC-1",2
"TTAGGCAGTAAGGATT-1",0
"TTAGGCAGTAAGTAGT-1",1
"TTAGGCAGTCTTGATG-1",0
"TTAGGCATCACGCATA-1",2
"TTAGGCATCAGTCAGT-1",17
"TTAGGCATCCAGTATG-1",0
"TTAGGCATCGTTACGA-1",0
"TTAGTTCAGGTGCAAC-1",1
"TTAGTTCCAATGTAAG-1",9
"TTAGTTCCATCCTTGC-1",1
"TTAGTTCGTAGCCTAT-1",1
"TTAGTTCGTGCAGACA-1",0
"TTAGTTCGTGTCAATC-1",3
"TTAGTTCGTTGCCTCT-1",3
"TTAGTTCTCAGGCCCA-1",0
"TTAGTTCTCGCAGGCT-1",4
"TTAGTTCTCTACTATC-1",1
"TTATGCTAGAATGTGT-1",0
"TTATGCTAGCACACAG-1",1
"TTATGCTAGCAGCCTC-1",3
"TTATGCTAGTCCCACG-1",1
"TTATGCTAGTGGTAAT-1",1
"TTATGCTCAGCCAGAA-1",2
"TTATGCTCATACCATG-1",0
"TTATGCTCATGTAGTC-1",0
"TTATGCTGTCCGAGTC-1",0
"TTATGCTTCGATAGAA-1",1
"TTCCCAGAGAATTCCC-1",1
"TTCCCAGAGACTAGAT-1",2
"TTCCCAGAGTATCGAA-1",1
"TTCCCAGCAGATGGGT-1",2
"TTCCCAGCATCAGTAC-1",1
"TTCCCAGCATCTCCCA-1",0
"TTCCCAGCATTACCTT-1",0
"TTCCCAGTCAACACTG-1",1
"TTCCCAGTCGAGAGCA-1",1
"TTCGAAGAGTCTCAAC-1",1
"TTCGAAGCAAGCGCTC-1",2
"TTCGAAGCACATTAGC-1",1
"TTCGAAGCACGGTGTC-1",0
"TTCGGTCAGAGGACGG-1",1
"TTCGGTCAGCACACAG-1",1
"TTCGGTCAGGCCCTCA-1",4
"TTCGGTCAGTGAATTG-1",0
"TTCGGTCAGTTGAGAT-1",9
"TTCGGTCCAAGGGTCA-1",1
"TTCGGTCCACGTCAGC-1",2
"TTCGGTCGTAACGTTC-1",1
"TTCGGTCGTAGAGTGC-1",2
"TTCGGTCGTTCATGGT-1",0
"TTCGGTCGTTCTGTTT-1",1
"TTCGGTCTCAAAGACA-1",1
"TTCGGTCTCCAGTATG-1",2
"TTCGGTCTCGCGTTTC-1",1
"TTCGGTCTCGTCTGAA-1",1
"TTCTACAAGACTAAGT-1",6
"TTCTACAAGCAGCCTC-1",0
"TTCTACAAGCCTTGAT-1",1
"TTCTACAAGGCAGGTT-1",2
"TTCTACAAGGTAAACT-1",1
"TTCTACAAGTTAGGTA-1",1
"TTCTACACACGTGAGA-1",4
"TTCTACACAGCTGTTA-1",0
"TTCTACACATCGATTG-1",0
"TTCTACACATTACGAC-1",1
"TTCTACAGTACCGTTA-1",1
"TTCTACAGTATATGAG-1",0
"TTCTACAGTGGCTCCA-1",3
"TTCTACATCAACGGGA-1",0
"TTCTACATCCGCGTTT-1",1
"TTCTCAAAGAAAGTGG-1",0
"TTCTCAAAGAATCTCC-1",9
"TTCTCAAAGAGGTTAT-1",5
"TTCTCAAAGCAGCCTC-1",0
"TTCTCAAAGCCGCCTA-1",0
"TTCTCAAAGTCAATAG-1",1
"TTCTCAAAGTTGAGAT-1",10
"TTCTCAACACCCAGTG-1",0
"TTCTCAACATTGTGCA-1",2
"TTCTCAAGTATAAACG-1",1
"TTCTCAAGTCCCTTGT-1",0
"TTCTCAAGTCGAGATG-1",1
"TTCTCAATCATCGCTC-1",1
"TTCTCAATCCCTAACC-1",2
"TTCTCAATCGTAGGAG-1",1
"TTCTCCTAGAGTAAGG-1",0
"TTCTCCTAGCGACGTA-1",8
"TTCTCCTAGCGTGAGT-1",2
"TTCTCCTAGTCTCGGC-1",0
"TTCTCCTCAACACGCC-1",1
"TTCTCCTCAATAACGA-1",3
"TTCTCCTGTTAAGAAC-1",2
"TTCTCCTTCAGTTCGA-1",1
"TTCTCCTTCCGTAGGC-1",9
"TTCTCCTTCCTTTCTC-1",2
"TTCTCCTTCTGCAAGT-1",1
"TTCTCCTTCTTCAACT-1",1
"TTCTCCTTCTTGTACT-1",1
"TTCTTAGAGGACTGGT-1",0
"TTCTTAGCAAGGTGTG-1",1
"TTCTTAGCATCGGAAG-1",0
"TTCTTAGGTAGAAGGA-1",0
"TTCTTAGGTCATATGC-1",0
"TTCTTAGTCAGTTCGA-1",3
"TTGAACGGTCACTTCC-1",1
"TTGAACGTCATGTCCC-1",3
"TTGACTTAGCCACGTC-1",0
"TTGACTTAGCGACGTA-1",3
"TTGACTTAGTTAACGA-1",1
"TTGACTTCACTTACGA-1",1
"TTGACTTGTCTCTCTG-1",0
"TTGACTTGTGCGATAG-1",2
"TTGACTTTCCAGAGGA-1",2
"TTGACTTTCTGTCCGT-1",1
"TTGCCGTAGGAGCGTT-1",0
"TTGCCGTAGGTGGGTT-1",2
"TTGCCGTCATGGTCAT-1",1
"TTGCCGTGTACAGACG-1",0
"TTGCGTCAGACAGAGA-1",0
"TTGCGTCAGCTCCTTC-1",3
"TTGCGTCAGTCCATAC-1",2
"TTGCGTCAGTGAATTG-1",2
"TTGCGTCCAAATTGCC-1",1
"TTGCGTCCACTGTGTA-1",0
"TTGCGTCCAGTCACTA-1",3
"TTGCGTCGTCTGATTG-1",1
"TTGGAACAGCCCAATT-1",1
"TTGGAACAGCGTCTAT-1",13
"TTGGAACAGGCGTACA-1",3
"TTGGAACGTATTACCG-1",0
"TTGGAACGTGTGTGCC-1",0
"TTGGAACTCCCATTAT-1",1
"TTGGAACTCCGTAGTA-1",1
"TTGGAACTCGTCCAGG-1",0
"TTGGCAAAGTTAGGTA-1",1
"TTGGCAAGTATAGGTA-1",3
"TTGGCAATCACATGCA-1",2
"TTGGCAATCAGAGCTT-1",0
"TTGGCAATCGCATGAT-1",5
"TTGGCAATCTAGAGTC-1",0
"TTGTAGGAGGTGCTAG-1",1
"TTGTAGGCACACGCTG-1",0
"TTGTAGGGTCTCCCTA-1",2
"TTGTAGGGTGGTAACG-1",0
"TTGTAGGTCGGCGCTA-1",2
"TTGTAGGTCTGCCAGG-1",1
"TTTACTGAGATCACGG-1",3
"TTTACTGCAAAGCAAT-1",1
"TTTACTGCACATGGGA-1",1
"TTTACTGCACCACGTG-1",2
"TTTACTGCATGGGACA-1",1
"TTTACTGCATGTCCTC-1",0
"TTTACTGGTAACGTTC-1",1
"TTTACTGGTGGTGTAG-1",0
"TTTACTGGTTCGCTAA-1",1
"TTTACTGTCTGGAGCC-1",5
"TTTATGCAGACTGTAA-1",0
"TTTATGCAGATGCGAC-1",4
"TTTATGCAGGCAAAGA-1",2
"TTTATGCAGGCCCGTT-1",3
"TTTATGCAGTTCCACA-1",1
"TTTATGCCAAACGCGA-1",1
"TTTATGCCAATCTGCA-1",0
"TTTATGCCACAGGTTT-1",3
"TTTATGCCAGCCAATT-1",1
"TTTATGCCAGGTCGTC-1",5
"TTTATGCCATGGTCAT-1",0
"TTTATGCTCACATAGC-1",3
"TTTATGCTCACCTTAT-1",1
"TTTATGCTCGGCGGTT-1",0
"TTTATGCTCTCGCTTG-1",2
"TTTCCTCAGCGTGAAC-1",1
"TTTCCTCAGGACTGGT-1",1
"TTTCCTCCAAAGTGCG-1",1
"TTTCCTCCAGGAATGC-1",2
"TTTCCTCCATTAGCCA-1",3
"TTTCCTCGTCCGAAGA-1",2
"TTTCCTCGTCGCTTTC-1",1
"TTTCCTCTCGGCCGAT-1",1
"TTTCCTCTCGTGTAGT-1",3
"TTTGCGCAGCTAAACA-1",1
"TTTGCGCAGCTAGTCT-1",0
"TTTGCGCAGGCCGAAT-1",2
"TTTGCGCAGTCAAGGC-1",0
"TTTGCGCCAAGTAGTA-1",0
"TTTGCGCCAGGTGCCT-1",2
"TTTGCGCGTCTAAACC-1",0
"TTTGCGCTCAAAGTAG-1",1
"TTTGCGCTCATGTAGC-1",5
"TTTGGTTAGAATGTGT-1",0
"TTTGGTTAGACAATAC-1",4
"TTTGGTTAGCGATTCT-1",6
"TTTGGTTAGGCTCAGA-1",1
"TTTGGTTAGTTACCCA-1",1
"TTTGGTTCAAACTGCT-1",2
"TTTGGTTCAAGCTGTT-1",1
"TTTGGTTCAGATCGGA-1",1
"TTTGGTTCATCACAAC-1",5
"TTTGGTTGTACTTCTT-1",0
"TTTGGTTGTATGCTTG-1",0
"TTTGGTTGTGCTTCTC-1",3
"TTTGGTTTCATGCTCC-1",2
"TTTGGTTTCCCTGACT-1",2
"TTTGTCAAGAGTCGGT-1",0
"TTTGTCACAAGTTCTG-1",1
"TTTGTCACAAGTTGTC-1",0
"TTTGTCACACTCTGTC-1",1
"TTTGTCATCACCTTAT-1",0
"TTTGTCATCCATTCTA-1",2
"TTTGTCATCCTTAATC-1",2
"TTTGTCATCTTATCTG-1",2
