"cell_barcode","expression"
"AAACCTGAGACAGAGA-1",0
"AAACCTGAGACTTTCG-1",0
"AAACCTGAGAGTAAGG-1",0
"AAACCTGAGAGTCGGT-1",1
"AAACCTGAGGATGGAA-1",1
"AAACCTGAGTAGATGT-1",2
"AAACCTGCAATCAGAA-1",0
"AAACCTGCACCGATAT-1",0
"AAACCTGCAGACGTAG-1",1
"AAACCTGCAGTATCTG-1",3
"AAACCTGCATAGTAAG-1",0
"AAACCTGCATGAACCT-1",0
"AAACCTGGTAAGAGGA-1",1
"AAACCTGGTCCAACTA-1",0
"AAACCTGTCCGTAGTA-1",7
"AAACCTGTCGAGAGCA-1",1
"AAACGGGAGTACGACG-1",1
"AAACGGGCAAGGTTTC-1",0
"AAACGGGCACGTCAGC-1",0
"AAACGGGCAGCGTTCG-1",2
"AAACGGGGTAGCCTCG-1",1
"AAACGGGGTCTACCTC-1",2
"AAACGGGGTGCGGTAA-1",1
"AAACGGGGTTGTCGCG-1",1
"AAACGGGTCCATGAGT-1",2
"AAACGGGTCCCAACGG-1",1
"AAACGGGTCCCATTAT-1",1
"AAAGATGCAGTCAGCC-1",1
"AAAGATGCATCTACGA-1",0
"AAAGCAAAGCGTCTAT-1",1
"AAAGCAACATGTCGAT-1",1
"AAAGCAAGTAGCTGCC-1",0
"AAAGCAAGTAGGCATG-1",0
"AAAGCAAGTGCGCTTG-1",1
"AAAGCAAGTTATTCTC-1",1
"AAAGCAATCCGTAGTA-1",1
"AAAGTAGAGATGTGTA-1",0
"AAAGTAGAGTGGGCTA-1",1
"AAAGTAGGTATATGGA-1",2
"AAAGTAGGTGAGCGAT-1",0
"AAAGTAGGTTGAGGTG-1",0
"AAATGCCAGCCCTAAT-1",1
"AAATGCCAGCGTGTCC-1",1
"AAATGCCCAACACCTA-1",1
"AAATGCCGTAGGAGTC-1",0
"AAATGCCGTCTTTCAT-1",2
"AAATGCCGTGGTCCGT-1",2
"AAATGCCGTTCCCGAG-1",0
"AAATGCCTCATAGCAC-1",2
"AAATGCCTCGCTTAGA-1",1
"AACACGTAGAATTCCC-1",3
"AACACGTAGCCCTAAT-1",0
"AACACGTAGGGTGTGT-1",0
"AACACGTCACTGTCGG-1",0
"AACACGTCATCCCATC-1",1
"AACACGTGTGCAACGA-1",2
"AACACGTGTGTCGCTG-1",0
"AACCATGAGCGCTTAT-1",0
"AACCATGGTCCGTTAA-1",0
"AACCATGTCAGTTCGA-1",1
"AACCATGTCATCGATG-1",0
"AACCATGTCCCAAGTA-1",0
"AACCGCGAGAAGCCCA-1",0
"AACCGCGAGACTGGGT-1",1
"AACCGCGAGAGGTACC-1",1
"AACCGCGAGTTAGGTA-1",0
"AACCGCGAGTTGCAGG-1",4
"AACCGCGCACGGTAGA-1",2
"AACCGCGCAGCATGAG-1",2
"AACCGCGCAGCCTGTG-1",0
"AACCGCGCAGCTGTGC-1",1
"AACCGCGCAGTATGCT-1",0
"AACCGCGGTACTTGAC-1",0
"AACCGCGGTCTGCAAT-1",2
"AACCGCGTCACATGCA-1",1
"AACCGCGTCACCGTAA-1",0
"AACCGCGTCCAGAGGA-1",1
"AACCGCGTCCGAAGAG-1",2
"AACCGCGTCGATCCCT-1",0
"AACGTTGAGCGATAGC-1",2
"AACGTTGAGCGATCCC-1",0
"AACGTTGAGCTTATCG-1",0
"AACGTTGCAAGTTGTC-1",4
"AACGTTGCAATAGAGT-1",2
"AACGTTGCAATGGATA-1",0
"AACGTTGCATGGATGG-1",1
"AACGTTGCATTCTCAT-1",0
"AACGTTGTCAACACGT-1",4
"AACGTTGTCGAGGTAG-1",2
"AACGTTGTCGGTCCGA-1",0
"AACTCAGAGAGCTATA-1",0
"AACTCAGAGAGTCGGT-1",1
"AACTCAGAGCCACCTG-1",0
"AACTCAGAGCCCAATT-1",1
"AACTCAGCAAACAACA-1",1
"AACTCAGCACAAGCCC-1",2
"AACTCAGCACGGTTTA-1",1
"AACTCAGCAGGATCGA-1",1
"AACTCAGCATAAAGGT-1",2
"AACTCAGGTTCCACAA-1",2
"AACTCAGTCGTACCGG-1",0
"AACTCCCAGCCCAGCT-1",0
"AACTCCCAGCTAAGAT-1",0
"AACTCCCCAAACGCGA-1",0
"AACTCCCCATGGTCTA-1",1
"AACTCCCGTTGCGCAC-1",0
"AACTCCCTCAAGAAGT-1",2
"AACTCCCTCAAGCCTA-1",0
"AACTCCCTCATCGCTC-1",0
"AACTCCCTCTGCAGTA-1",2
"AACTCCCTCTGGCGTG-1",0
"AACTCTTAGCAGACTG-1",0
"AACTCTTAGTCCGGTC-1",0
"AACTCTTCATGCTAGT-1",1
"AACTCTTGTCGAATCT-1",0
"AACTCTTGTCGGGTCT-1",0
"AACTCTTTCCTCAATT-1",1
"AACTCTTTCTCAAACG-1",0
"AACTCTTTCTCCAGGG-1",2
"AACTCTTTCTCTGCTG-1",0
"AACTGGTAGAAGATTC-1",0
"AACTGGTAGAGACTAT-1",0
"AACTGGTAGCCAACAG-1",1
"AACTGGTAGTGTACTC-1",1
"AACTGGTCACTGAAGG-1",0
"AACTGGTGTCCGAACC-1",0
"AACTGGTTCGGAGCAA-1",0
"AACTGGTTCGTGGGAA-1",1
"AACTGGTTCTGCTTGC-1",1
"AACTTTCAGCGTGAAC-1",1
"AACTTTCAGTATCTCG-1",1
"AACTTTCAGTTTCCTT-1",0
"AACTTTCCATCCTTGC-1",0
"AACTTTCGTCTAGAGG-1",1
"AACTTTCGTCTCTTTA-1",1
"AACTTTCGTTTGTTTC-1",0
"AAGACCTAGGGCTTCC-1",1
"AAGACCTAGTACACCT-1",0
"AAGACCTGTATATGAG-1",0
"AAGACCTGTATCAGTC-1",1
"AAGACCTGTCCGTGAC-1",0
"AAGACCTGTCGAAAGC-1",0
"AAGACCTTCGCCATAA-1",0
"AAGCCGCAGATCTGAA-1",0
"AAGCCGCAGGGTGTTG-1",0
"AAGCCGCAGTGGACGT-1",0
"AAGCCGCAGTGTACTC-1",0
"AAGCCGCCACGCTTTC-1",0
"AAGCCGCCAGGACGTA-1",0
"AAGCCGCGTACAGTTC-1",0
"AAGCCGCGTCATTAGC-1",0
"AAGCCGCTCACGAAGG-1",1
"AAGCCGCTCAGTTAGC-1",0
"AAGCCGCTCGCAAACT-1",0
"AAGCCGCTCGTCGTTC-1",4
"AAGCCGCTCTTACCGC-1",0
"AAGGAGCAGAAACCGC-1",1
"AAGGAGCAGGCATGTG-1",0
"AAGGAGCAGGCGCTCT-1",0
"AAGGAGCAGTTGAGTA-1",0
"AAGGAGCCACGGCGTT-1",0
"AAGGAGCGTAGCGCAA-1",0
"AAGGAGCGTCTGCAAT-1",2
"AAGGAGCTCGTCTGCT-1",1
"AAGGCAGAGAACTGTA-1",1
"AAGGCAGAGAGATGAG-1",0
"AAGGCAGAGGTGATAT-1",1
"AAGGCAGCATAGTAAG-1",0
"AAGGCAGGTACTTCTT-1",4
"AAGGCAGGTGTGCCTG-1",1
"AAGGCAGTCAGATAAG-1",1
"AAGGCAGTCGGAATCT-1",0
"AAGGTTCAGTATCTCG-1",3
"AAGGTTCCATCACGTA-1",4
"AAGGTTCGTATATGGA-1",0
"AAGGTTCGTCCGAATT-1",0
"AAGGTTCGTCGACTAT-1",0
"AAGGTTCGTGTGACCC-1",0
"AAGGTTCTCCGTCATC-1",0
"AAGGTTCTCCTCGCAT-1",1
"AAGGTTCTCTGCGGCA-1",1
"AAGTCTGAGCCATCGC-1",3
"AAGTCTGAGTCAAGCG-1",1
"AAGTCTGCAAAGGAAG-1",2
"AAGTCTGGTCAGCTAT-1",2
"AAGTCTGTCAAACAAG-1",0
"AAGTCTGTCACTGGGC-1",0
"AAGTCTGTCAGCAACT-1",0
"AATCCAGCAAAGTGCG-1",0
"AATCCAGCAGCATACT-1",0
"AATCCAGGTAGGCATG-1",1
"AATCCAGGTCTCCCTA-1",1
"AATCCAGTCCGAATGT-1",2
"AATCGGTAGGCATGGT-1",1
"AATCGGTTCCTGTACC-1",1
"AATCGGTTCGCCGTGA-1",1
"ACACCAAAGATGAGAG-1",0
"ACACCAAAGCCCTAAT-1",0
"ACACCAAAGGATGGTC-1",2
"ACACCAAAGTGTCCAT-1",0
"ACACCAACACTTCGAA-1",0
"ACACCAACAGACGCTC-1",0
"ACACCAACAGCCTATA-1",1
"ACACCAAGTCGCGTGT-1",1
"ACACCAAGTCTAAACC-1",1
"ACACCAAGTTATGTGC-1",0
"ACACCAATCGCGTTTC-1",0
"ACACCCTAGCCAGGAT-1",5
"ACACCCTAGTACTTGC-1",3
"ACACCCTCAAGCGCTC-1",0
"ACACCCTCATCACAAC-1",2
"ACACCCTCATGCCCGA-1",0
"ACACCCTGTCTGGTCG-1",0
"ACACCCTTCCGCAAGC-1",2
"ACACCCTTCCTTGCCA-1",1
"ACACCCTTCTATCCTA-1",3
"ACACCCTTCTGGCGTG-1",0
"ACACCGGAGGCTCAGA-1",0
"ACACCGGAGTGACATA-1",1
"ACACCGGAGTTACCCA-1",1
"ACACCGGCAAGCCGTC-1",0
"ACACCGGCACCAGATT-1",3
"ACACCGGCACCGAAAG-1",0
"ACACCGGCATCACAAC-1",1
"ACACCGGTCCGCATAA-1",0
"ACACCGGTCTCGGACG-1",2
"ACACCGGTCTCTGTCG-1",0
"ACACTGAAGCACGCCT-1",1
"ACACTGAAGGTGATTA-1",0
"ACACTGACAATAGAGT-1",0
"ACACTGACAGACTCGC-1",3
"ACACTGACATCCAACA-1",0
"ACACTGAGTCCGAAGA-1",0
"ACACTGAGTGTTTGTG-1",3
"ACACTGAGTTTGACTG-1",4
"ACAGCCGAGGAATGGA-1",0
"ACAGCCGAGGCCCGTT-1",1
"ACAGCCGAGGTGCTTT-1",0
"ACAGCCGAGTGGTAGC-1",0
"ACAGCCGCATATACGC-1",0
"ACAGCCGCATGCAACT-1",0
"ACAGCCGGTAGGGTAC-1",0
"ACAGCCGGTCGAATCT-1",0
"ACAGCCGGTTCACCTC-1",1
"ACAGCCGGTTCCACTC-1",0
"ACAGCCGTCCAGAAGG-1",0
"ACAGCCGTCTTTACAC-1",1
"ACAGCTAAGCACCGCT-1",0
"ACAGCTAAGTATCTCG-1",0
"ACAGCTAAGTGTTGAA-1",0
"ACAGCTACATCGTCGG-1",1
"ACAGCTAGTCGACTAT-1",0
"ACAGCTAGTGGTACAG-1",1
"ACAGCTATCACCACCT-1",0
"ACAGCTATCTGCTTGC-1",0
"ACATACGAGAGCTTCT-1",0
"ACATACGAGCGTAGTG-1",1
"ACATACGAGCTTCGCG-1",2
"ACATACGAGCTTTGGT-1",2
"ACATACGCAAACGTGG-1",1
"ACATACGCAAGCCTAT-1",1
"ACATACGCATCTCCCA-1",0
"ACATACGCATTCTCAT-1",2
"ACATACGGTAGGAGTC-1",0
"ACATACGGTGCACCAC-1",3
"ACATACGGTGGTTTCA-1",1
"ACATACGTCGTATCAG-1",1
"ACATCAGAGCCACTAT-1",0
"ACATCAGAGCCTTGAT-1",2
"ACATCAGCAACACCCG-1",5
"ACATCAGCAACGATGG-1",1
"ACATCAGCAATTGCTG-1",0
"ACATCAGCACCGGAAA-1",3
"ACATCAGCATAAAGGT-1",0
"ACATCAGCATCCCACT-1",1
"ACATCAGCATTTGCCC-1",2
"ACATCAGGTAAGGATT-1",0
"ACATCAGGTCCGTGAC-1",0
"ACATCAGGTTAAGTAG-1",1
"ACATCAGTCAAACCGT-1",3
"ACATGGTAGCATGGCA-1",0
"ACATGGTAGCTGTTCA-1",0
"ACATGGTCACTTGGAT-1",0
"ACATGGTGTCAGATAA-1",0
"ACATGGTGTCTGCGGT-1",0
"ACATGGTGTGCAACTT-1",0
"ACATGGTTCCGCAAGC-1",0
"ACATGGTTCCTCCTAG-1",0
"ACATGGTTCTGGAGCC-1",2
"ACATGGTTCTTCTGGC-1",0
"ACCAGTAAGATCACGG-1",0
"ACCAGTAAGCTTCGCG-1",0
"ACCAGTACACAGATTC-1",0
"ACCAGTACACAGGCCT-1",0
"ACCAGTACAGTATGCT-1",0
"ACCAGTACAGTCAGAG-1",1
"ACCAGTACAGTTTACG-1",1
"ACCAGTAGTCACCCAG-1",0
"ACCAGTAGTCCATCCT-1",2
"ACCAGTAGTCTTCAAG-1",0
"ACCAGTAGTGGACGAT-1",1
"ACCAGTATCTGCGACG-1",2
"ACCAGTATCTGCTTGC-1",0
"ACCAGTATCTGTTTGT-1",0
"ACCCACTAGAGGTTAT-1",1
"ACCCACTAGATCCCGC-1",2
"ACCCACTAGATGTGTA-1",1
"ACCCACTAGCCCAATT-1",2
"ACCCACTCAAGGGTCA-1",1
"ACCCACTCAAGGTTCT-1",0
"ACCCACTGTAAATGAC-1",0
"ACCCACTGTAGCCTCG-1",0
"ACCCACTGTCAAAGAT-1",0
"ACCCACTGTCAATACC-1",0
"ACCCACTGTGTGGTTT-1",0
"ACCCACTTCGCAAACT-1",0
"ACCCACTTCTGCCAGG-1",1
"ACCGTAACAATCGGTT-1",2
"ACCGTAACAATCTACG-1",2
"ACCGTAACAGGTCCAC-1",1
"ACCGTAAGTACAGCAG-1",0
"ACCGTAAGTCATGCAT-1",0
"ACCGTAAGTGAGTGAC-1",0
"ACCGTAAGTTAAGAAC-1",1
"ACCGTAAGTTCCGTCT-1",0
"ACCGTAATCACATAGC-1",0
"ACCGTAATCATGTGGT-1",0
"ACCGTAATCTGAAAGA-1",0
"ACCTTTACAATCGGTT-1",0
"ACCTTTACACGGACAA-1",1
"ACCTTTACAGCAGTTT-1",0
"ACCTTTACATGCAACT-1",0
"ACCTTTACATTTCAGG-1",0
"ACCTTTAGTGAACCTT-1",0
"ACCTTTAGTTCCACTC-1",2
"ACCTTTATCTCTAGGA-1",1
"ACGAGCCAGGCAGGTT-1",0
"ACGAGCCCACAGGCCT-1",1
"ACGAGCCCATGGAATA-1",1
"ACGAGCCGTGCACGAA-1",0
"ACGAGCCGTGTGACCC-1",0
"ACGAGCCGTTGGTTTG-1",1
"ACGAGCCTCAGTCCCT-1",0
"ACGAGCCTCGCAAACT-1",1
"ACGAGGACACTACAGT-1",0
"ACGAGGACATGTAGTC-1",0
"ACGAGGAGTACACCGC-1",0
"ACGAGGAGTGCCTGCA-1",0
"ACGAGGAGTTCTGAAC-1",2
"ACGAGGATCTGCGGCA-1",0
"ACGATACAGAGTGACC-1",0
"ACGATACAGCGCCTTG-1",0
"ACGATACAGTGATCGG-1",2
"ACGATACCACGTTGGC-1",1
"ACGATACCATTGGGCC-1",1
"ACGATACGTCGAATCT-1",0
"ACGATACTCTGACCTC-1",2
"ACGATGTAGTGCGATG-1",0
"ACGATGTAGTTGAGAT-1",1
"ACGATGTCAACGCACC-1",0
"ACGATGTCACACGCTG-1",1
"ACGATGTGTATTCTCT-1",1
"ACGATGTGTCAGTGGA-1",0
"ACGATGTGTGACTACT-1",0
"ACGATGTGTGTCGCTG-1",1
"ACGATGTTCGCGTAGC-1",0
"ACGATGTTCTCTTATG-1",0
"ACGCAGCAGCGGCTTC-1",2
"ACGCAGCAGCTGCGAA-1",0
"ACGCAGCAGTGTACGG-1",1
"ACGCAGCCACCTCGTT-1",1
"ACGCAGCCATCGACGC-1",3
"ACGCAGCCATTACCTT-1",0
"ACGCAGCGTCCATGAT-1",2
"ACGCAGCGTCTACCTC-1",0
"ACGCAGCGTCTGGTCG-1",2
"ACGCAGCGTGCGATAG-1",2
"ACGCCAGCAAAGCAAT-1",3
"ACGCCAGCAACGCACC-1",0
"ACGCCAGCACGAGAGT-1",0
"ACGCCAGCAGTGAGTG-1",0
"ACGCCAGGTGCACTTA-1",3
"ACGCCAGGTGTGCGTC-1",0
"ACGCCAGTCACAGGCC-1",1
"ACGCCAGTCAGTGTTG-1",0
"ACGCCGAAGAAACGCC-1",1
"ACGCCGAAGATCTGCT-1",2
"ACGCCGACAGCCTGTG-1",0
"ACGCCGAGTTCCAACA-1",0
"ACGCCGATCCTATGTT-1",0
"ACGCCGATCGCAGGCT-1",1
"ACGCCGATCTTGTATC-1",0
"ACGGAGAAGCCAGTTT-1",1
"ACGGAGAAGGTCATCT-1",2
"ACGGAGACACACATGT-1",4
"ACGGAGACAGCCTGTG-1",0
"ACGGAGACAGCGTAAG-1",0
"ACGGAGACAGTAAGCG-1",0
"ACGGAGAGTGTGACGA-1",3
"ACGGAGATCCACGAAT-1",2
"ACGGCCACACATCCAA-1",0
"ACGGCCACACATTCGA-1",7
"ACGGCCAGTACCGTAT-1",1
"ACGGCCAGTGTATGGG-1",0
"ACGGCCATCACGGTTA-1",1
"ACGGCCATCAGTGTTG-1",1
"ACGGCCATCTACTATC-1",1
"ACGGGCTAGGATCGCA-1",1
"ACGGGCTAGGTTCCTA-1",1
"ACGGGCTAGTGGCACA-1",3
"ACGGGCTCATCTGGTA-1",0
"ACGGGCTGTGAGGCTA-1",0
"ACGGGCTTCCGAACGC-1",0
"ACGGGTCAGATGCCAG-1",0
"ACGGGTCCATGATCCA-1",0
"ACGGGTCCATTAGGCT-1",1
"ACGGGTCCATTTCACT-1",0
"ACGGGTCGTTAGGGTG-1",0
"ACGGGTCTCAACACCA-1",0
"ACGGGTCTCCACGCAG-1",1
"ACGTCAAAGGGCTTCC-1",1
"ACGTCAAAGTGGTAAT-1",1
"ACGTCAACAACTGCGC-1",0
"ACGTCAACACAAGACG-1",0
"ACGTCAAGTAGCTCCG-1",1
"ACGTCAAGTGTCGCTG-1",0
"ACGTCAAGTTATGCGT-1",1
"ACGTCAATCAACCAAC-1",2
"ACGTCAATCATAACCG-1",0
"ACGTCAATCCAGAAGG-1",1
"ACGTCAATCTAACTCT-1",0
"ACTATCTAGAGGTTAT-1",0
"ACTATCTAGATACACA-1",0
"ACTATCTAGGAGTAGA-1",1
"ACTATCTAGGCATGTG-1",0
"ACTATCTCAAATACAG-1",0
"ACTATCTCAAATTGCC-1",1
"ACTATCTGTAGGGACT-1",0
"ACTATCTGTCGCGTGT-1",1
"ACTATCTGTGCACGAA-1",2
"ACTATCTGTGGTTTCA-1",0
"ACTATCTTCGCCGTGA-1",0
"ACTGAACAGAGTGAGA-1",0
"ACTGAACAGATCCCGC-1",1
"ACTGAACAGGTGATAT-1",0
"ACTGAACCAAAGCGGT-1",0
"ACTGAACCAAGCGAGT-1",0
"ACTGAACCAATTCCTT-1",0
"ACTGAACCAGCTGGCT-1",0
"ACTGAACCAGTCTTCC-1",6
"ACTGAACCATTACCTT-1",0
"ACTGAACGTAAGCACG-1",0
"ACTGAACGTAATCGTC-1",0
"ACTGAACGTCCAGTAT-1",1
"ACTGAACGTCTGATCA-1",1
"ACTGAACTCCCACTTG-1",0
"ACTGAGTAGCCGGTAA-1",1
"ACTGAGTCAGTGGGAT-1",4
"ACTGAGTCATTTGCCC-1",2
"ACTGAGTGTAGAGCTG-1",2
"ACTGAGTGTTGTGGCC-1",0
"ACTGAGTTCAGGTTCA-1",0
"ACTGATGAGACAGACC-1",0
"ACTGATGAGCGGATCA-1",0
"ACTGATGAGGTGCTTT-1",0
"ACTGATGCAGCAGTTT-1",1
"ACTGATGCATCACAAC-1",1
"ACTGATGGTCATGCAT-1",4
"ACTGATGTCACAATGC-1",1
"ACTGATGTCACTCCTG-1",0
"ACTGATGTCCCTGACT-1",0
"ACTGATGTCCGCTGTT-1",0
"ACTGATGTCCGGCACA-1",0
"ACTGATGTCCTATTCA-1",3
"ACTGCTCAGAGCTTCT-1",0
"ACTGCTCAGATGCCTT-1",0
"ACTGCTCCACACCGCA-1",0
"ACTGCTCCAGATGGGT-1",0
"ACTGCTCCATGCCTAA-1",2
"ACTGCTCGTAGGCATG-1",1
"ACTGCTCGTATCACCA-1",0
"ACTGCTCGTCCGAAGA-1",0
"ACTGCTCTCCGAGCCA-1",1
"ACTGTCCAGAGGGCTT-1",0
"ACTGTCCAGCAGCGTA-1",0
"ACTGTCCAGGCATGGT-1",1
"ACTGTCCCAAGGTTTC-1",3
"ACTGTCCCAAGTACCT-1",0
"ACTGTCCCAGTATCTG-1",0
"ACTGTCCCATAGAAAC-1",0
"ACTGTCCGTTGAGGTG-1",0
"ACTGTCCTCCACGTGG-1",1
"ACTGTCCTCCTTGGTC-1",0
"ACTGTCCTCTCTGTCG-1",1
"ACTTACTAGCGATAGC-1",0
"ACTTACTAGGGATGGG-1",0
"ACTTACTCACAGACAG-1",0
"ACTTACTCACATTTCT-1",0
"ACTTACTGTACTCAAC-1",1
"ACTTACTGTTCCACAA-1",0
"ACTTACTTCATCGGAT-1",0
"ACTTGTTAGACAAGCC-1",0
"ACTTGTTAGCTAGCCC-1",1
"ACTTGTTAGTTACCCA-1",4
"ACTTGTTCACGACGAA-1",1
"ACTTGTTCACGGCTAC-1",0
"ACTTGTTGTATCGCAT-1",0
"ACTTGTTGTGGTAACG-1",2
"ACTTGTTGTTGTGGAG-1",0
"ACTTGTTTCATCACCC-1",0
"ACTTTCACATGGTCAT-1",0
"ACTTTCAGTGACTACT-1",0
"ACTTTCATCGCCAGCA-1",0
"AGAATAGAGCTGAACG-1",0
"AGAATAGAGCTGTCTA-1",0
"AGAATAGAGGTAGCTG-1",1
"AGAATAGCATGGTCTA-1",3
"AGAATAGGTAATCGTC-1",1
"AGAATAGGTATTCTCT-1",0
"AGAATAGGTGCGGTAA-1",0
"AGAATAGGTTAAGAAC-1",0
"AGAATAGTCAGGCCCA-1",0
"AGACGTTAGAATGTGT-1",0
"AGACGTTAGCTCCTCT-1",2
"AGACGTTAGTGCCAGA-1",0
"AGACGTTCAGGATCGA-1",1
"AGACGTTGTAGCTGCC-1",0
"AGACGTTGTCTGCAAT-1",2
"AGACGTTGTTCTGTTT-1",0
"AGACGTTTCGCATGGC-1",0
"AGACGTTTCGCTTAGA-1",0
"AGAGCGACAACTTGAC-1",0
"AGAGCGACAAGTACCT-1",0
"AGAGCGACACAACGTT-1",3
"AGAGCGACATGAGCGA-1",1
"AGAGCGAGTCAGTGGA-1",2
"AGAGCGAGTCGACTGC-1",1
"AGAGCGAGTTGAGTTC-1",0
"AGAGCGATCGCGTAGC-1",2
"AGAGCGATCTATCCTA-1",1
"AGAGCGATCTCGCTTG-1",0
"AGAGCTTAGCCGTCGT-1",0
"AGAGCTTAGTACACCT-1",0
"AGAGCTTAGTCATGCT-1",1
"AGAGCTTGTAGAGCTG-1",0
"AGAGCTTGTATCACCA-1",0
"AGAGCTTTCACTATTC-1",0
"AGAGCTTTCCTGCAGG-1",0
"AGAGCTTTCGCAAACT-1",0
"AGAGCTTTCGCTTAGA-1",1
"AGAGTGGAGAGCCTAG-1",0
"AGAGTGGAGGCCCTTG-1",1
"AGAGTGGAGGTACTCT-1",0
"AGAGTGGCACAAGACG-1",0
"AGAGTGGCACCTCGTT-1",2
"AGAGTGGCATCCGGGT-1",0
"AGAGTGGCATCTGGTA-1",0
"AGAGTGGGTCAGCTAT-1",0
"AGAGTGGGTCCTCCAT-1",2
"AGAGTGGGTCTAGTCA-1",0
"AGAGTGGGTTACCGAT-1",1
"AGATCTGAGGTGGGTT-1",1
"AGATCTGAGTCAAGGC-1",0
"AGATCTGCAATGTTGC-1",1
"AGATCTGTCGAATCCA-1",1
"AGATCTGTCTGCAGTA-1",0
"AGATTGCAGGCTACGA-1",1
"AGATTGCCACGACGAA-1",0
"AGATTGCCAGATGGGT-1",2
"AGATTGCGTAGAGCTG-1",1
"AGATTGCGTGATGTCT-1",2
"AGATTGCGTGTTCGAT-1",3
"AGATTGCGTTCACGGC-1",0
"AGATTGCTCACTGGGC-1",3
"AGATTGCTCATCTGTT-1",3
"AGCAGCCAGCTGATAA-1",2
"AGCAGCCCACCGAAAG-1",1
"AGCAGCCGTCGACTGC-1",0
"AGCAGCCGTCGCTTTC-1",3
"AGCAGCCGTCTAACGT-1",0
"AGCAGCCGTGTGAAAT-1",0
"AGCAGCCGTTTGTTGG-1",1
"AGCAGCCTCCAAACAC-1",0
"AGCATACAGTGGTAGC-1",1
"AGCATACAGTTGTCGT-1",1
"AGCATACGTCTTCTCG-1",0
"AGCATACGTTAAGTAG-1",1
"AGCATACTCCGTTGCT-1",1
"AGCCTAAAGATATGGT-1",0
"AGCCTAACAAAGCGGT-1",1
"AGCCTAACAGATAATG-1",0
"AGCCTAAGTACGAAAT-1",1
"AGCCTAAGTCACCTAA-1",0
"AGCCTAAGTGTGCCTG-1",0
"AGCCTAATCACCCGAG-1",1
"AGCCTAATCCAATGGT-1",0
"AGCCTAATCCTTGGTC-1",2
"AGCCTAATCTGTGCAA-1",1
"AGCCTAATCTGTTTGT-1",2
"AGCGGTCAGCGAAGGG-1",0
"AGCGGTCAGGTACTCT-1",2
"AGCGGTCAGTGACTCT-1",1
"AGCGGTCCAGCCTTGG-1",0
"AGCGGTCGTCCTAGCG-1",0
"AGCGGTCGTGGTGTAG-1",0
"AGCGGTCGTTAAGGGC-1",0
"AGCGGTCGTTTGCATG-1",0
"AGCGGTCTCCGAAGAG-1",1
"AGCGGTCTCCTCAATT-1",1
"AGCGGTCTCTGGGCCA-1",0
"AGCGTATAGAACTGTA-1",1
"AGCGTATAGCGATGAC-1",1
"AGCGTATAGGTACTCT-1",0
"AGCGTATGTTGAGGTG-1",0
"AGCGTATTCCAGAGGA-1",0
"AGCGTCGAGTTGAGTA-1",0
"AGCGTCGCAGGGATTG-1",0
"AGCGTCGTCTGAAAGA-1",0
"AGCTCCTAGACCTAGG-1",1
"AGCTCCTAGCGTTTAC-1",1
"AGCTCCTGTGTTTGTG-1",0
"AGCTCCTGTTGTCTTT-1",0
"AGCTCCTTCCGAATGT-1",0
"AGCTCCTTCTTGACGA-1",0
"AGCTCTCAGCGGATCA-1",1
"AGCTCTCAGCTGTTCA-1",3
"AGCTCTCAGGTGCTAG-1",0
"AGCTCTCCATACAGCT-1",1
"AGCTCTCGTCAGAGGT-1",1
"AGCTCTCGTGGGTCAA-1",0
"AGCTCTCTCACAACGT-1",1
"AGCTCTCTCTTGACGA-1",4
"AGCTTGAAGCATCATC-1",0
"AGCTTGAAGTAGCGGT-1",1
"AGCTTGAAGTTGTCGT-1",1
"AGCTTGACAATCCAAC-1",0
"AGCTTGACACCGATAT-1",0
"AGCTTGAGTCTACCTC-1",0
"AGCTTGAGTGCGCTTG-1",2
"AGCTTGAGTTACGCGC-1",0
"AGCTTGATCCTGCCAT-1",0
"AGCTTGATCTGCAAGT-1",1
"AGGCCACAGAGTAAGG-1",0
"AGGCCACAGGGTCTCC-1",4
"AGGCCACAGTACTTGC-1",2
"AGGCCACCAGGACCCT-1",0
"AGGCCACCATCAGTCA-1",0
"AGGCCACTCATGCTCC-1",0
"AGGCCACTCATGGTCA-1",0
"AGGCCACTCATTGCGA-1",0
"AGGCCGTAGGATCGCA-1",0
"AGGCCGTCACGTAAGG-1",0
"AGGCCGTCAGCTCGAC-1",0
"AGGCCGTCATCGTCGG-1",0
"AGGCCGTTCACGGTTA-1",2
"AGGCCGTTCGAACTGT-1",12
"AGGCCGTTCTCAAGTG-1",0
"AGGCCGTTCTGCTTGC-1",0
"AGGGAGTAGCCCAACC-1",0
"AGGGAGTAGGAGTACC-1",3
"AGGGAGTAGGCAGGTT-1",0
"AGGGAGTCACGAGAGT-1",0
"AGGGAGTCAGAAGCAC-1",1
"AGGGAGTCAGATCCAT-1",1
"AGGGAGTCATCGACGC-1",0
"AGGGAGTCATGCTAGT-1",2
"AGGGAGTGTCCATGAT-1",0
"AGGGAGTTCATAACCG-1",0
"AGGGATGAGCTCTCGG-1",2
"AGGGATGAGGAGTAGA-1",1
"AGGGATGAGTAGCGGT-1",1
"AGGGATGCAATGAATG-1",4
"AGGGATGCAATGGAGC-1",0
"AGGGATGCACAAGACG-1",0
"AGGGATGCACATTTCT-1",1
"AGGGATGCATGGTCTA-1",0
"AGGGATGGTTAAAGTG-1",0
"AGGGATGGTTATGCGT-1",11
"AGGGATGTCGTGACAT-1",2
"AGGGTGAAGATGGCGT-1",2
"AGGGTGAAGATGGGTC-1",2
"AGGGTGAAGGCTCAGA-1",0
"AGGGTGACACGAGAGT-1",0
"AGGGTGACAGATGGCA-1",2
"AGGGTGACAGATTGCT-1",0
"AGGGTGAGTACTCTCC-1",1
"AGGGTGAGTTATCGGT-1",0
"AGGGTGAGTTCTGAAC-1",4
"AGGGTGATCTCGCTTG-1",0
"AGGTCATAGAGCCCAA-1",0
"AGGTCATAGCCAGAAC-1",0
"AGGTCATAGGCATGGT-1",0
"AGGTCATAGGGAGTAA-1",1
"AGGTCATCACTCAGGC-1",0
"AGGTCATCACTCTGTC-1",0
"AGGTCATGTTCCACTC-1",1
"AGGTCATTCTCGTTTA-1",2
"AGGTCCGAGGATGCGT-1",0
"AGGTCCGCAACACGCC-1",0
"AGGTCCGGTGATGCCC-1",0
"AGGTCCGTCCATGAAC-1",4
"AGGTCCGTCGCCCTTA-1",0
"AGGTCCGTCTGCGTAA-1",1
"AGTAGTCAGACTGTAA-1",2
"AGTAGTCAGTACGACG-1",2
"AGTAGTCAGTTTAGGA-1",0
"AGTAGTCCAACTGGCC-1",0
"AGTAGTCGTGCAGACA-1",4
"AGTAGTCTCACCCGAG-1",1
"AGTCTTTAGGCAGTCA-1",0
"AGTCTTTCAAATCCGT-1",0
"AGTCTTTCATATACCG-1",0
"AGTCTTTGTGCTTCTC-1",2
"AGTCTTTGTGTCCTCT-1",1
"AGTCTTTGTTTGTTTC-1",1
"AGTCTTTTCGCAGGCT-1",0
"AGTCTTTTCGCGTAGC-1",0
"AGTCTTTTCGCTAGCG-1",1
"AGTCTTTTCGCTTGTC-1",1
"AGTCTTTTCTGACCTC-1",0
"AGTGAGGAGATAGCAT-1",3
"AGTGAGGCAGGTGCCT-1",1
"AGTGAGGGTATGAAAC-1",0
"AGTGAGGGTCACTTCC-1",0
"AGTGAGGGTCGCGAAA-1",0
"AGTGAGGGTTATGTGC-1",0
"AGTGAGGTCTACTATC-1",0
"AGTGGGAAGCAGACTG-1",0
"AGTGGGACAAACGCGA-1",1
"AGTGGGACAAGCCGTC-1",1
"AGTGGGACACAGGAGT-1",0
"AGTGGGACACGAGAGT-1",0
"AGTGGGATCATCGATG-1",0
"AGTGGGATCCACGAAT-1",0
"AGTGGGATCCTGCAGG-1",2
"AGTGTCAAGAAGCCCA-1",0
"AGTGTCAAGCTAGTCT-1",2
"AGTGTCAAGTACGACG-1",0
"AGTGTCAAGTGAACAT-1",1
"AGTGTCACACCATCCT-1",0
"AGTGTCACAGTAAGCG-1",1
"AGTGTCACAGTGGAGT-1",0
"AGTGTCAGTAAACCTC-1",0
"AGTGTCAGTACAGCAG-1",0
"AGTGTCAGTCTCCACT-1",1
"AGTGTCAGTTTGACTG-1",1
"AGTGTCATCAAAGTAG-1",0
"AGTGTCATCCGTCAAA-1",0
"AGTGTCATCGTTACAG-1",0
"AGTGTCATCTGTCAAG-1",0
"AGTTGGTAGACTGTAA-1",1
"AGTTGGTAGTACGCGA-1",1
"AGTTGGTCAAATTGCC-1",0
"AGTTGGTCAGGAATGC-1",0
"AGTTGGTCATGCGCAC-1",4
"AGTTGGTGTACCGTAT-1",2
"AGTTGGTGTATGCTTG-1",1
"AGTTGGTGTCAGGACA-1",3
"AGTTGGTGTTCAGACT-1",1
"AGTTGGTTCAGTACGT-1",2
"AGTTGGTTCCTCAACC-1",2
"AGTTGGTTCGTACCGG-1",0
"AGTTGGTTCTGTCCGT-1",0
"ATAACGCAGTTGAGTA-1",2
"ATAACGCCACGTGAGA-1",0
"ATAACGCGTGAACCTT-1",2
"ATAACGCGTGTCCTCT-1",0
"ATAACGCGTGTGAAAT-1",3
"ATAACGCTCTCCGGTT-1",0
"ATAAGAGAGTCCGGTC-1",0
"ATAAGAGCAACTGCGC-1",0
"ATAAGAGCAGTATCTG-1",0
"ATAAGAGGTGACGCCT-1",0
"ATAAGAGGTTAAAGTG-1",0
"ATAAGAGTCAGCACAT-1",1
"ATAAGAGTCAGTGCAT-1",0
"ATAGACCAGAGAGCTC-1",0
"ATAGACCAGCCCAATT-1",2
"ATAGACCCAAGCCATT-1",2
"ATAGACCCATCTGGTA-1",1
"ATAGACCGTATATGGA-1",1
"ATAGACCGTGGACGAT-1",0
"ATAGACCGTGGCGAAT-1",0
"ATAGACCGTTTCGCTC-1",0
"ATCACGAAGAACTCGG-1",0
"ATCACGAAGACACGAC-1",1
"ATCACGAAGTTACCCA-1",0
"ATCACGACAAGACACG-1",1
"ATCACGACAAGCGTAG-1",0
"ATCACGACACACATGT-1",0
"ATCACGACACCACCAG-1",0
"ATCACGACACGGTAAG-1",0
"ATCACGACAGCGAACA-1",1
"ATCACGATCCCGACTT-1",0
"ATCACGATCGGTGTCG-1",0
"ATCATCTAGCCTATGT-1",0
"ATCATCTAGGCCATAG-1",10
"ATCATCTAGTACTTGC-1",0
"ATCATCTCAGACGCCT-1",1
"ATCATCTCATCCGTGG-1",0
"ATCATCTGTATTACCG-1",0
"ATCATCTGTCACTTCC-1",0
"ATCATCTTCAGCGACC-1",0
"ATCATCTTCCTCAACC-1",3
"ATCATGGCAAGCGTAG-1",0
"ATCATGGCAAGGTTCT-1",0
"ATCATGGCACTACAGT-1",1
"ATCATGGGTAAGGGAA-1",2
"ATCATGGGTTGTGGCC-1",3
"ATCATGGTCAATAAGG-1",0
"ATCATGGTCCAATGGT-1",1
"ATCATGGTCGCCATAA-1",2
"ATCATGGTCGGTTAAC-1",3
"ATCCACCAGCTAGTCT-1",0
"ATCCACCAGGCTCTTA-1",0
"ATCCACCCAAACGTGG-1",0
"ATCCACCCAGTTAACC-1",0
"ATCCACCGTCCGAAGA-1",0
"ATCCACCGTTTGTTTC-1",0
"ATCCACCTCCTGCTTG-1",0
"ATCCACCTCCTTAATC-1",1
"ATCCACCTCTGGTATG-1",0
"ATCCGAAAGCGATGAC-1",0
"ATCCGAAAGCTAGGCA-1",1
"ATCCGAACAAACGTGG-1",1
"ATCCGAACAACAACCT-1",0
"ATCCGAACAAGGACTG-1",0
"ATCCGAACACCCATTC-1",0
"ATCCGAACACGGTAGA-1",0
"ATCCGAAGTAGCGCTC-1",0
"ATCCGAAGTCATTAGC-1",1
"ATCCGAAGTCTCTTAT-1",0
"ATCCGAATCCAACCAA-1",1
"ATCCGAATCCTTGACC-1",2
"ATCCGAATCTTGTCAT-1",0
"ATCGAGTAGACTTTCG-1",0
"ATCGAGTCATCCGGGT-1",1
"ATCGAGTGTCCCTTGT-1",1
"ATCGAGTGTCTCCCTA-1",0
"ATCGAGTTCATGCATG-1",0
"ATCGAGTTCCTGCCAT-1",0
"ATCTACTAGGTGTGGT-1",1
"ATCTACTCAGCTGTAT-1",1
"ATCTACTCAGTACACT-1",1
"ATCTACTCATGACATC-1",0
"ATCTACTGTAAGTAGT-1",0
"ATCTACTGTGTCGCTG-1",0
"ATCTACTTCCGCGTTT-1",1
"ATCTACTTCGCAAGCC-1",0
"ATCTACTTCTATCGCC-1",0
"ATCTACTTCTCTAAGG-1",0
"ATCTGCCAGGCTCAGA-1",1
"ATCTGCCGTACAGTTC-1",3
"ATCTGCCGTTGTGGAG-1",0
"ATCTGCCTCAGAGACG-1",0
"ATCTGCCTCAGCTGGC-1",0
"ATCTGCCTCGTACGGC-1",0
"ATCTGCCTCTCGAGTA-1",1
"ATCTGCCTCTGAGTGT-1",1
"ATCTGCCTCTTGTATC-1",0
"ATGAGGGAGGTCGGAT-1",1
"ATGAGGGCATGACGGA-1",1
"ATGAGGGCATTAGGCT-1",0
"ATGAGGGTCACATGCA-1",0
"ATGAGGGTCAGTCCCT-1",0
"ATGCGATAGTCAATAG-1",0
"ATGCGATCATGTTGAC-1",5
"ATGCGATGTGCAGTAG-1",1
"ATGCGATGTGCATCTA-1",1
"ATGCGATTCCCAAGAT-1",1
"ATGCGATTCGCCATAA-1",0
"ATGGGAGAGCAATATG-1",0
"ATGGGAGAGCCACGCT-1",0
"ATGGGAGAGGTGATAT-1",1
"ATGGGAGCACCAGGTC-1",1
"ATGGGAGCACTATCTT-1",1
"ATGGGAGCAGCATACT-1",1
"ATGGGAGCATAGAAAC-1",0
"ATGGGAGCATTACCTT-1",1
"ATGGGAGTCAAGGTAA-1",1
"ATGTGTGAGCGAAGGG-1",0
"ATGTGTGAGGGTTTCT-1",0
"ATGTGTGAGTTGAGTA-1",0
"ATGTGTGCACGGCGTT-1",1
"ATGTGTGCACGGTTTA-1",0
"ATGTGTGCAGTATAAG-1",4
"ATGTGTGTCACGCGGT-1",0
"ATTACTCAGATGTGTA-1",0
"ATTACTCAGCGTAATA-1",0
"ATTACTCAGGTGCACA-1",2
"ATTACTCAGTGAAGTT-1",0
"ATTACTCCAAACTGTC-1",1
"ATTACTCCACCATCCT-1",2
"ATTACTCCAGACTCGC-1",0
"ATTACTCCATATGCTG-1",1
"ATTACTCCATCGGTTA-1",0
"ATTACTCCATTGCGGC-1",0
"ATTACTCGTTAAAGAC-1",2
"ATTACTCTCCGAACGC-1",4
"ATTATCCAGAGTACCG-1",0
"ATTATCCAGCTTATCG-1",0
"ATTATCCCACAAGCCC-1",0
"ATTATCCCATATGAGA-1",0
"ATTATCCCATCTGGTA-1",0
"ATTATCCGTCGTTGTA-1",0
"ATTATCCGTCTCTCTG-1",1
"ATTATCCTCAACGGGA-1",0
"ATTATCCTCCGCGCAA-1",0
"ATTATCCTCTCCGGTT-1",0
"ATTCTACGTCACTTCC-1",0
"ATTCTACGTCTAGTCA-1",0
"ATTCTACGTTGTCGCG-1",0
"ATTGGACAGCAGATCG-1",0
"ATTGGACAGGGCATGT-1",0
"ATTGGACAGTGGACGT-1",0
"ATTGGACCAAGACACG-1",3
"ATTGGACGTAATAGCA-1",5
"ATTGGACTCCTGCTTG-1",0
"ATTGGACTCGGCGCAT-1",0
"ATTGGACTCGTTTGCC-1",0
"ATTGGTGAGAATGTTG-1",0
"ATTGGTGCAAGCTGAG-1",1
"ATTGGTGCAGCAGTTT-1",0
"ATTGGTGGTATGGTTC-1",3
"ATTGGTGGTTGAGTTC-1",0
"ATTGGTGTCAAAGTAG-1",1
"ATTGGTGTCGGAAACG-1",1
"ATTTCTGAGGGATACC-1",1
"ATTTCTGAGGGATCTG-1",0
"ATTTCTGAGGTGTTAA-1",0
"ATTTCTGAGTCGAGTG-1",0
"ATTTCTGAGTTCGCAT-1",0
"ATTTCTGCAAGGTGTG-1",0
"ATTTCTGGTAGCTCCG-1",0
"ATTTCTGGTGCACGAA-1",0
"ATTTCTGGTTGCCTCT-1",0
"ATTTCTGTCAAAGTAG-1",0
"ATTTCTGTCAGCTCGG-1",0
"ATTTCTGTCTTGGGTA-1",1
"CAACCAAAGAAACGCC-1",2
"CAACCAAAGAGGGCTT-1",0
"CAACCAAAGCTGAAAT-1",0
"CAACCAAAGGACAGCT-1",0
"CAACCAAAGGGAGTAA-1",1
"CAACCAACATACGCTA-1",0
"CAACCTCAGTAATCCC-1",1
"CAACCTCCAGACGCAA-1",0
"CAACCTCGTGAGTGAC-1",0
"CAACCTCGTTCCACGG-1",5
"CAACCTCTCATACGGT-1",0
"CAACCTCTCCGATATG-1",0
"CAACCTCTCCTTTACA-1",1
"CAACCTCTCTCTAGGA-1",0
"CAACTAGAGAATAGGG-1",3
"CAACTAGAGGATGCGT-1",0
"CAACTAGCACCATCCT-1",1
"CAACTAGCAGACTCGC-1",0
"CAACTAGCAGTTCATG-1",0
"CAACTAGGTACGCACC-1",0
"CAACTAGTCAGGCCCA-1",1
"CAAGAAAAGAAGGACA-1",0
"CAAGAAAAGACGCACA-1",0
"CAAGAAAAGGCCCTTG-1",0
"CAAGAAAAGGTGATAT-1",1
"CAAGAAAAGTCGATAA-1",1
"CAAGAAAAGTGGAGTC-1",0
"CAAGAAAAGTGTACCT-1",2
"CAAGAAACACGGTGTC-1",0
"CAAGAAATCTGCTTGC-1",3
"CAAGATCAGCTGAAAT-1",0
"CAAGATCGTAAGAGGA-1",0
"CAAGATCGTGCCTTGG-1",0
"CAAGATCTCAACACCA-1",1
"CAAGATCTCTCGATGA-1",1
"CAAGGCCAGGAGTCTG-1",3
"CAAGGCCAGGCTATCT-1",1
"CAAGGCCCACGGTAAG-1",2
"CAAGGCCCATGTTCCC-1",1
"CAAGGCCGTCCGTCAG-1",0
"CAAGGCCTCAACGGGA-1",0
"CAAGGCCTCCTTGACC-1",0
"CAAGGCCTCGTGACAT-1",0
"CAAGTTGAGACAGGCT-1",1
"CAAGTTGAGATGTCGG-1",0
"CAAGTTGAGCGTCAAG-1",1
"CAAGTTGAGCGTTTAC-1",0
"CAAGTTGCACATTAGC-1",0
"CAAGTTGCACGCTTTC-1",0
"CAAGTTGCACGGTGTC-1",0
"CAAGTTGCATTCTTAC-1",7
"CAAGTTGGTACTCAAC-1",0
"CAAGTTGGTCAGGACA-1",1
"CAAGTTGGTCGGCACT-1",1
"CAAGTTGTCAACGAAA-1",0
"CAAGTTGTCACCACCT-1",1
"CAAGTTGTCATTGCCC-1",0
"CAAGTTGTCGAATCCA-1",2
"CAAGTTGTCTACTTAC-1",0
"CACAAACAGGGCTCTC-1",0
"CACAAACAGGGCTTGA-1",1
"CACAAACAGTGACATA-1",1
"CACAAACCAACTGCGC-1",1
"CACAAACCAATAAGCA-1",0
"CACAAACCAATCAGAA-1",0
"CACAAACCACTTAACG-1",0
"CACAAACCATGAACCT-1",0
"CACAAACCATGGTCAT-1",2
"CACAAACGTCAACTGT-1",0
"CACAAACGTCAGAATA-1",0
"CACAAACTCTTCGGTC-1",0
"CACAAACTCTTGGGTA-1",0
"CACACAAAGCGACGTA-1",0
"CACACAAAGGGAGTAA-1",0
"CACACAACAAACGTGG-1",0
"CACACAACACATGACT-1",1
"CACACAACATCGATTG-1",0
"CACACAACATTGGGCC-1",0
"CACACAAGTACGACCC-1",0
"CACACAAGTCAGTGGA-1",0
"CACACAAGTCATCGGC-1",1
"CACACAAGTTTACTCT-1",1
"CACACAATCCACGTGG-1",0
"CACACAATCCACGTTC-1",1
"CACACAATCGGCGCAT-1",0
"CACACCTAGAGACTAT-1",1
"CACACCTAGGACATTA-1",0
"CACACCTAGTCATCCA-1",1
"CACACCTAGTGTGAAT-1",0
"CACACCTCACTGAAGG-1",0
"CACACCTCATAGGATA-1",0
"CACACCTCATAGTAAG-1",2
"CACACCTCATTGGGCC-1",1
"CACACCTGTACAGCAG-1",2
"CACACCTGTACCGCTG-1",0
"CACACCTGTCCAAGTT-1",0
"CACACCTGTGGACGAT-1",2
"CACACCTGTGGTCTCG-1",0
"CACACCTTCATGTCTT-1",1
"CACACCTTCTGGCGAC-1",1
"CACACTCAGGGAAACA-1",0
"CACACTCCAACACCTA-1",2
"CACACTCCAAGGGTCA-1",0
"CACACTCGTGACGCCT-1",0
"CACACTCGTTTGTGTG-1",0
"CACAGGCAGCCATCGC-1",1
"CACAGGCAGGGATGGG-1",0
"CACAGGCCAAGAGTCG-1",1
"CACAGGCCAATGGAGC-1",0
"CACAGGCGTCTAGGTT-1",0
"CACAGGCGTTACGCGC-1",2
"CACAGGCTCGGGAGTA-1",0
"CACAGGCTCTATGTGG-1",3
"CACAGTAAGACGCAAC-1",1
"CACAGTAAGACGCACA-1",1
"CACAGTAAGTGGGCTA-1",2
"CACAGTACAACTGGCC-1",0
"CACAGTACATCGGACC-1",0
"CACAGTAGTTCCATGA-1",5
"CACATAGAGCCCAATT-1",0
"CACATAGAGTGTACTC-1",1
"CACATAGCACTTCTGC-1",0
"CACATAGCAGGGTATG-1",0
"CACATAGTCCTTGCCA-1",1
"CACATAGTCGGCGCAT-1",0
"CACATTTAGCAGATCG-1",0
"CACATTTAGGGCACTA-1",0
"CACATTTCACGGCGTT-1",0
"CACATTTCATTACCTT-1",0
"CACATTTGTCGAACAG-1",1
"CACATTTGTGTTGAGG-1",1
"CACATTTTCCAGAGGA-1",2
"CACATTTTCCGCATCT-1",1
"CACATTTTCTACTATC-1",0
"CACATTTTCTGTGCAA-1",0
"CACCACTAGCCACGTC-1",2
"CACCACTAGTGGTAAT-1",0
"CACCACTAGTTACCCA-1",0
"CACCACTCAAGCCCAC-1",0
"CACCACTCAGTTCATG-1",1
"CACCACTGTTATTCTC-1",0
"CACCACTTCACCGGGT-1",1
"CACCACTTCGAATCCA-1",1
"CACCACTTCGACCAGC-1",2
"CACCACTTCTAACCGA-1",4
"CACCACTTCTTTAGTC-1",0
"CACCAGGCACATTAGC-1",3
"CACCAGGCACTGCCAG-1",0
"CACCAGGCATAAAGGT-1",1
"CACCAGGCATGAACCT-1",0
"CACCAGGGTGAAATCA-1",1
"CACCAGGGTGTTTGGT-1",0
"CACCAGGGTTATCACG-1",0
"CACCAGGTCATGTAGC-1",1
"CACCAGGTCTGCTTGC-1",0
"CACCTTGAGACTTGAA-1",1
"CACCTTGAGTCAATAG-1",0
"CACCTTGCACTAGTAC-1",0
"CACCTTGCAGGCGATA-1",0
"CACCTTGCATTCCTGC-1",3
"CACCTTGGTCATTAGC-1",0
"CACCTTGGTGATGTCT-1",1
"CACCTTGGTGTGAAAT-1",2
"CACCTTGGTTATGTGC-1",1
"CACCTTGTCAACCATG-1",1
"CACCTTGTCATTATCC-1",0
"CACCTTGTCCAAAGTC-1",1
"CACCTTGTCTCACATT-1",2
"CACTCCAAGACAAGCC-1",0
"CACTCCAAGGTACTCT-1",0
"CACTCCACAATGGACG-1",0
"CACTCCAGTACATGTC-1",0
"CACTCCAGTTGTCGCG-1",0
"CACTCCATCAACACAC-1",0
"CACTCCATCCCAGGTG-1",1
"CAGAATCAGAAACCTA-1",0
"CAGAATCAGCCAACAG-1",0
"CAGAATCAGCTGGAAC-1",0
"CAGAATCAGGACTGGT-1",0
"CAGAATCAGTATCGAA-1",3
"CAGAATCCACAGAGGT-1",2
"CAGAATCCAGGGTACA-1",0
"CAGAATCGTAAGTGTA-1",1
"CAGAATCGTAATCACC-1",2
"CAGAATCTCAGTTTGG-1",0
"CAGAATCTCGCAAGCC-1",0
"CAGAATCTCGGTCCGA-1",3
"CAGAATCTCTTGCAAG-1",0
"CAGAATCTCTTGTACT-1",2
"CAGAGAGAGAATTGTG-1",1
"CAGAGAGAGCAATATG-1",0
"CAGAGAGCAAGAAGAG-1",0
"CAGAGAGCACCAGATT-1",1
"CAGAGAGGTAATCACC-1",0
"CAGAGAGGTAGCTGCC-1",0
"CAGAGAGGTAGGACAC-1",0
"CAGAGAGGTATAGGGC-1",0
"CAGAGAGGTCCGAATT-1",0
"CAGAGAGGTTGAGGTG-1",0
"CAGAGAGTCACCCGAG-1",15
"CAGAGAGTCATAACCG-1",0
"CAGAGAGTCCGAACGC-1",3
"CAGAGAGTCTGGTATG-1",0
"CAGATCAAGAGACGAA-1",1
"CAGATCAAGCACCGTC-1",0
"CAGATCAAGCTTCGCG-1",0
"CAGATCAAGGATTCGG-1",15
"CAGATCAAGTGTACCT-1",1
"CAGATCAAGTTTAGGA-1",0
"CAGATCACAATAACGA-1",0
"CAGATCACACACCGAC-1",0
"CAGATCACACGGTAAG-1",1
"CAGATCACACTCTGTC-1",0
"CAGATCACAGCATACT-1",0
"CAGATCACAGTGGGAT-1",0
"CAGATCAGTACCAGTT-1",1
"CAGATCAGTGCGGTAA-1",0
"CAGATCATCTGATACG-1",1
"CAGATCATCTGATTCT-1",1
"CAGCAGCAGATGCCAG-1",0
"CAGCAGCAGGGAACGG-1",1
"CAGCAGCCACCTATCC-1",2
"CAGCAGCCATCACAAC-1",0
"CAGCAGCGTGCTAGCC-1",1
"CAGCAGCTCAACACTG-1",3
"CAGCAGCTCGAACTGT-1",0
"CAGCAGCTCGCCGTGA-1",2
"CAGCATAAGAGACGAA-1",0
"CAGCATAGTCTAGGTT-1",0
"CAGCATAGTTTACTCT-1",0
"CAGCATATCACGAAGG-1",0
"CAGCATATCAGGCAAG-1",0
"CAGCATATCCTTAATC-1",0
"CAGCCGAAGCATCATC-1",1
"CAGCCGAAGTTTCCTT-1",0
"CAGCCGACACGTGAGA-1",2
"CAGCCGACATCAGTCA-1",0
"CAGCCGAGTGATGTCT-1",1
"CAGCCGATCACCAGGC-1",0
"CAGCCGATCCTCAATT-1",0
"CAGCGACAGAAACGCC-1",1
"CAGCGACAGCGTCAAG-1",1
"CAGCGACCAAACGTGG-1",1
"CAGCGACCAAAGCGGT-1",1
"CAGCGACCACGTCAGC-1",0
"CAGCGACCATGGGACA-1",0
"CAGCGACGTCTGATTG-1",0
"CAGCGACGTGGACGAT-1",1
"CAGCGACGTGGTTTCA-1",0
"CAGCGACGTTCGGCAC-1",1
"CAGCGACTCCGCAAGC-1",2
"CAGCGACTCTGGGCCA-1",0
"CAGCTAAAGATGTGTA-1",0
"CAGCTAAAGCAGACTG-1",0
"CAGCTAAAGCTGTTCA-1",0
"CAGCTAAAGGAGCGTT-1",1
"CAGCTAACACAGATTC-1",0
"CAGCTAACATCAGTAC-1",0
"CAGCTAAGTAATCGTC-1",0
"CAGCTAAGTCTCACCT-1",0
"CAGCTAAGTTCGTCTC-1",0
"CAGCTAATCCACGCAG-1",1
"CAGCTAATCCCTAACC-1",0
"CAGCTAATCTGGTTCC-1",0
"CAGCTAATCTTAGCCC-1",1
"CAGCTAATCTTCGGTC-1",1
"CAGCTGGAGACACTAA-1",0
"CAGCTGGAGATCCTGT-1",0
"CAGCTGGCACCAACCG-1",0
"CAGCTGGCAGTGGAGT-1",1
"CAGCTGGCATGCATGT-1",3
"CAGCTGGTCTACCTGC-1",0
"CAGGTGCAGAGACGAA-1",2
"CAGGTGCAGATCCTGT-1",2
"CAGGTGCAGGCATGTG-1",0
"CAGGTGCCAGGAACGT-1",0
"CAGGTGCCATAGTAAG-1",0
"CAGGTGCCATCGGAAG-1",0
"CAGGTGCTCAGTTGAC-1",0
"CAGGTGCTCCAAGTAC-1",1
"CAGGTGCTCTTGTATC-1",0
"CAGTAACAGATATGGT-1",0
"CAGTAACAGATGGCGT-1",1
"CAGTAACCAATCACAC-1",0
"CAGTAACCACTCGACG-1",0
"CAGTAACGTGATAAGT-1",0
"CAGTAACGTGCACCAC-1",3
"CAGTAACTCAGAGGTG-1",1
"CAGTAACTCGTACGGC-1",1
"CAGTAACTCGTGACAT-1",1
"CAGTAACTCTGCCAGG-1",0
"CAGTCCTAGAATCTCC-1",0
"CAGTCCTAGATCTGCT-1",0
"CAGTCCTCAGTATAAG-1",0
"CAGTCCTTCAACACGT-1",2
"CAGTCCTTCCATGAGT-1",0
"CAGTCCTTCCCGACTT-1",0
"CAGTCCTTCCCTTGTG-1",1
"CAGTCCTTCGAACGGA-1",1
"CAGTCCTTCGGTTCGG-1",0
"CAGTCCTTCTACTTAC-1",0
"CATATGGAGAGATGAG-1",0
"CATATGGAGGCATGGT-1",0
"CATATGGAGTATTGGA-1",1
"CATATGGCAAGCGTAG-1",0
"CATATGGGTCGCATAT-1",0
"CATATGGTCATTATCC-1",1
"CATATGGTCATTGCGA-1",0
"CATATTCAGGCGACAT-1",0
"CATATTCCACCACCAG-1",1
"CATATTCGTGACTACT-1",0
"CATATTCGTGGTACAG-1",1
"CATATTCGTGTGACGA-1",0
"CATATTCTCACAGGCC-1",0
"CATATTCTCGCAAACT-1",0
"CATCAAGAGAACTCGG-1",1
"CATCAAGAGATGGCGT-1",1
"CATCAAGAGCCGCCTA-1",2
"CATCAAGCACGAAACG-1",2
"CATCAAGCAGCCTTTC-1",1
"CATCAAGCATGGAATA-1",0
"CATCAAGGTTACTGAC-1",1
"CATCAAGGTTCCATGA-1",0
"CATCAAGTCTAAGCCA-1",0
"CATCAAGTCTGACCTC-1",1
"CATCAGAAGCTAGTCT-1",2
"CATCAGACAAGCCATT-1",0
"CATCAGACAATGACCT-1",2
"CATCAGACACGGCCAT-1",0
"CATCAGACAGACAGGT-1",1
"CATCAGACATAACCTG-1",0
"CATCAGAGTAATTGGA-1",0
"CATCAGAGTACATGTC-1",0
"CATCAGAGTGTTAAGA-1",0
"CATCAGAGTTCAACCA-1",1
"CATCAGATCGTTGACA-1",0
"CATCCACGTAAAGTCA-1",0
"CATCCACGTACCGTAT-1",1
"CATCCACGTGCCTGTG-1",2
"CATCCACGTTTAAGCC-1",0
"CATCGAAAGAGTACAT-1",1
"CATCGAAAGCTGTCTA-1",5
"CATCGAACAAGAGGCT-1",4
"CATCGAACAAGCTGAG-1",0
"CATCGAACACATTTCT-1",0
"CATCGAACATAAAGGT-1",0
"CATCGAAGTAGTACCT-1",0
"CATCGAAGTCCGACGT-1",2
"CATCGAAGTGCACTTA-1",0
"CATCGAATCAAACCAC-1",1
"CATCGAATCCGCGGTA-1",0
"CATCGAATCCGTAGTA-1",0
"CATCGGGAGAAGCCCA-1",0
"CATCGGGAGCGAGAAA-1",0
"CATCGGGAGGGTGTGT-1",0
"CATCGGGAGGTGTTAA-1",0
"CATCGGGAGTGACTCT-1",0
"CATCGGGCACTCAGGC-1",1
"CATCGGGCAGACGCTC-1",1
"CATCGGGCATCACAAC-1",0
"CATCGGGGTCCTCTTG-1",0
"CATCGGGGTGAGGGAG-1",0
"CATCGGGGTTCGAATC-1",0
"CATCGGGTCAGGATCT-1",2
"CATCGGGTCCACGAAT-1",0
"CATCGGGTCGATGAGG-1",2
"CATGACAAGACCACGA-1",1
"CATGACAAGCTCCTCT-1",6
"CATGACAAGTAACCCT-1",0
"CATGACAAGTATCTCG-1",1
"CATGACAGTCGTCTTC-1",0
"CATGACAGTGAACCTT-1",0
"CATGACATCAATAAGG-1",0
"CATGACATCTAACTGG-1",5
"CATGCCTAGACCTAGG-1",1
"CATGCCTAGAGTCTGG-1",0
"CATGCCTCACCACCAG-1",1
"CATGCCTGTCAAAGCG-1",0
"CATGCCTGTCGATTGT-1",0
"CATGCCTTCCACGACG-1",1
"CATGCCTTCCTCATTA-1",0
"CATGCCTTCGCATGAT-1",0
"CATGGCGAGAGCTGGT-1",0
"CATGGCGAGTACGACG-1",0
"CATGGCGTCCAAAGTC-1",3
"CATGGCGTCCCTTGTG-1",0
"CATGGCGTCGGCCGAT-1",0
"CATGGCGTCTCAAACG-1",0
"CATGGCGTCTGCCCTA-1",1
"CATTATCAGACCCACC-1",1
"CATTATCAGTCCCACG-1",0
"CATTATCCAAGTCTGT-1",0
"CATTATCCAGGGCATA-1",2
"CATTATCGTCAATGTC-1",1
"CATTATCTCACAAACC-1",0
"CATTATCTCAGATAAG-1",5
"CATTATCTCGCGTTTC-1",0
"CATTATCTCGTTGCCT-1",1
"CATTATCTCTATCCCG-1",0
"CATTATCTCTTAACCT-1",2
"CATTCGCAGGTGCTAG-1",0
"CATTCGCCAAGGGTCA-1",0
"CATTCGCCAGCCTATA-1",0
"CATTCGCCATACAGCT-1",1
"CATTCGCCATGGATGG-1",0
"CATTCGCCATGTCTCC-1",0
"CATTCGCCATTCACTT-1",2
"CATTCGCGTAGCACGA-1",1
"CATTCGCTCATCACCC-1",0
"CCAATCCAGACCACGA-1",1
"CCAATCCAGATATGGT-1",1
"CCAATCCAGTCGAGTG-1",0
"CCAATCCAGTCGTTTG-1",0
"CCAATCCAGTTTAGGA-1",1
"CCAATCCCAAGCGAGT-1",1
"CCAATCCTCGGACAAG-1",2
"CCAATCCTCTACCTGC-1",0
"CCACCTAAGCAGACTG-1",0
"CCACCTAAGGATGGTC-1",0
"CCACCTAAGTCGAGTG-1",0
"CCACCTAAGTGGGATC-1",1
"CCACCTAAGTGTGGCA-1",0
"CCACCTACAACAACCT-1",0
"CCACCTACAAGCCGCT-1",0
"CCACCTACAATCTACG-1",2
"CCACCTAGTAGTACCT-1",0
"CCACCTAGTCGCGTGT-1",1
"CCACCTAGTGGGTCAA-1",0
"CCACCTATCAGTTGAC-1",0
"CCACCTATCTGATACG-1",0
"CCACGGAAGACACGAC-1",0
"CCACGGAAGGGAACGG-1",0
"CCACGGACATGTCGAT-1",3
"CCACGGAGTAAGGGCT-1",0
"CCACGGAGTCAGATAA-1",0
"CCACGGAGTCCGTGAC-1",2
"CCACGGAGTGTAATGA-1",0
"CCACGGAGTTCTGAAC-1",3
"CCACGGATCACATAGC-1",0
"CCACGGATCCACGTGG-1",0
"CCACGGATCTACTATC-1",0
"CCACGGATCTAGAGTC-1",0
"CCACTACAGAGTACCG-1",1
"CCACTACAGCTTTGGT-1",0
"CCACTACCAGCAGTTT-1",1
"CCACTACCAGTAGAGC-1",0
"CCACTACGTCCGAATT-1",1
"CCACTACGTCTCAACA-1",3
"CCACTACGTGACAAAT-1",4
"CCACTACGTGACCAAG-1",0
"CCACTACGTGCACGAA-1",0
"CCACTACTCACTCTTA-1",2
"CCACTACTCCGCATCT-1",1
"CCACTACTCGGAAATA-1",1
"CCACTACTCTCGTATT-1",0
"CCACTACTCTCGTTTA-1",0
"CCAGCGAAGCCCAACC-1",0
"CCAGCGACATCGGGTC-1",3
"CCAGCGACATGTCCTC-1",1
"CCAGCGAGTAGGCATG-1",0
"CCAGCGAGTCCGTTAA-1",1
"CCAGCGATCAGAAATG-1",0
"CCATGTCAGCGATCCC-1",0
"CCATGTCAGGTCGGAT-1",0
"CCATGTCAGGTTACCT-1",0
"CCATGTCCAAGCTGGA-1",0
"CCATGTCCACATCCGG-1",0
"CCATGTCGTCCAGTAT-1",0
"CCATGTCTCCAAGTAC-1",0
"CCATGTCTCTTGTATC-1",0
"CCATTCGCAGTACACT-1",1
"CCATTCGCAGTTTACG-1",2
"CCATTCGGTAATCGTC-1",0
"CCATTCGGTATTACCG-1",3
"CCATTCGTCGTAGGAG-1",0
"CCCAATCAGTCACGCC-1",0
"CCCAATCCAGGTGGAT-1",2
"CCCAATCGTGAAGGCT-1",1
"CCCAATCGTTGGAGGT-1",0
"CCCAATCTCACATGCA-1",0
"CCCAATCTCCAGTATG-1",2
"CCCAATCTCGGAGCAA-1",0
"CCCAGTTAGAATAGGG-1",0
"CCCAGTTAGATCCCGC-1",0
"CCCAGTTAGCGTGAAC-1",0
"CCCAGTTAGGAATCGC-1",0
"CCCAGTTAGTCCGGTC-1",0
"CCCAGTTAGTTTGCGT-1",2
"CCCAGTTGTACATGTC-1",0
"CCCAGTTGTCTGCAAT-1",1
"CCCAGTTTCTGAAAGA-1",0
"CCCATACAGGGTTCCC-1",0
"CCCATACAGTGTTTGC-1",1
"CCCATACCAAAGGTGC-1",1
"CCCATACCAACACCCG-1",0
"CCCATACCAGCAGTTT-1",0
"CCCATACGTATTACCG-1",3
"CCCATACGTCAATACC-1",0
"CCCATACGTCTAGTCA-1",0
"CCCATACGTTGAGTTC-1",1
"CCCATACTCAATAAGG-1",3
"CCCATACTCAGCGACC-1",0
"CCCATACTCATCACCC-1",1
"CCCATACTCCGTAGGC-1",0
"CCCTCCTAGGAATCGC-1",4
"CCCTCCTCACGTCTCT-1",0
"CCCTCCTCAGCTTAAC-1",1
"CCCTCCTCATATGAGA-1",0
"CCCTCCTCATCACGTA-1",0
"CCCTCCTGTATGGTTC-1",2
"CCCTCCTGTTAGATGA-1",0
"CCCTCCTTCAATCACG-1",0
"CCCTCCTTCCGCAGTG-1",1
"CCGGGATAGCTTCGCG-1",0
"CCGGGATAGGCGACAT-1",0
"CCGGGATAGGCTAGGT-1",0
"CCGGGATCACAGTCGC-1",1
"CCGGGATGTATAGGTA-1",0
"CCGGGATTCAGAGCTT-1",1
"CCGGGATTCGCTAGCG-1",0
"CCGGGATTCGCTTGTC-1",2
"CCGGTAGAGCGTCTAT-1",0
"CCGGTAGAGTACGCCC-1",1
"CCGGTAGCACATAACC-1",2
"CCGGTAGCACGCATCG-1",0
"CCGGTAGGTACTTCTT-1",0
"CCGGTAGGTCAAACTC-1",0
"CCGGTAGTCGTCCGTT-1",0
"CCGTACTAGAGAACAG-1",0
"CCGTACTAGTCCGTAT-1",0
"CCGTACTCAAGCCCAC-1",2
"CCGTACTCAAGCGAGT-1",0
"CCGTACTCATCCCACT-1",0
"CCGTACTGTACAGCAG-1",0
"CCGTACTGTAGCGCTC-1",0
"CCGTACTGTGCGGTAA-1",1
"CCGTACTTCGTTACAG-1",0
"CCGTGGAAGACGCACA-1",0
"CCGTGGAAGAGTTGGC-1",0
"CCGTGGAAGGTGATAT-1",2
"CCGTGGAAGGTTCCTA-1",1
"CCGTGGACAGCCTTGG-1",2
"CCGTGGAGTTCCATGA-1",0
"CCGTGGATCTAACTTC-1",0
"CCGTGGATCTCTGTCG-1",0
"CCGTTCAAGCGTAATA-1",4
"CCGTTCAAGTACGATA-1",0
"CCGTTCAAGTAGATGT-1",0
"CCGTTCACAGGATCGA-1",0
"CCGTTCAGTATAGGGC-1",3
"CCGTTCAGTCGCGAAA-1",0
"CCGTTCATCGTACCGG-1",0
"CCTAAAGAGAGTTGGC-1",1
"CCTAAAGCAAACCTAC-1",1
"CCTAAAGCATGTCTCC-1",0
"CCTAAAGGTACTCAAC-1",0
"CCTAAAGGTCGGCACT-1",1
"CCTAAAGGTGTAATGA-1",1
"CCTAAAGTCACCGTAA-1",0
"CCTAAAGTCAGCGATT-1",0
"CCTAAAGTCGGCGCTA-1",1
"CCTAAAGTCGGTCCGA-1",0
"CCTACACAGGACCACA-1",0
"CCTACACAGGGTGTTG-1",1
"CCTACACCAGTAAGAT-1",0
"CCTACACGTATAGTAG-1",1
"CCTACACGTCCGAACC-1",1
"CCTACACGTGGGTCAA-1",1
"CCTACACGTTTGACTG-1",0
"CCTACACTCGGCGCTA-1",0
"CCTACACTCGTGACAT-1",3
"CCTACCAAGATAGGAG-1",0
"CCTACCAAGCAAATCA-1",1
"CCTACCAAGCGTAGTG-1",0
"CCTACCAAGCTTCGCG-1",1
"CCTACCAAGTGCGATG-1",0
"CCTACCAGTATCAGTC-1",0
"CCTACCAGTCTCTCTG-1",0
"CCTACCAGTCTTTCAT-1",1
"CCTACCATCAGCACAT-1",0
"CCTACCATCGCCAGCA-1",1
"CCTAGCTAGCAAATCA-1",2
"CCTAGCTAGCTCCTCT-1",0
"CCTAGCTAGGTTACCT-1",1
"CCTAGCTAGTACGCGA-1",0
"CCTAGCTCAATGAATG-1",0
"CCTAGCTCAATGGTCT-1",0
"CCTAGCTCACATCCAA-1",1
"CCTAGCTCAGCCAGAA-1",0
"CCTAGCTGTAGAAAGG-1",1
"CCTAGCTGTCACCCAG-1",0
"CCTAGCTGTCTGATTG-1",1
"CCTAGCTTCACGATGT-1",0
"CCTAGCTTCGTAGGAG-1",1
"CCTATTAAGAATTCCC-1",1
"CCTATTAAGCAGGCTA-1",1
"CCTATTAAGCAGGTCA-1",0
"CCTATTAAGGGAGTAA-1",3
"CCTATTAAGGTAGCCA-1",3
"CCTATTACACAACTGT-1",1
"CCTATTACACATCCGG-1",0
"CCTATTAGTCAATACC-1",2
"CCTATTATCATCACCC-1",0
"CCTATTATCTGCGACG-1",1
"CCTCAGTAGCTAACTC-1",0
"CCTCAGTCAGGTGGAT-1",0
"CCTCAGTGTCCATCCT-1",0
"CCTCAGTGTCCGACGT-1",2
"CCTCAGTGTCTTGTCC-1",0
"CCTCAGTGTGGGTATG-1",2
"CCTCTGAAGTATCGAA-1",0
"CCTCTGAAGTGGGTTG-1",0
"CCTCTGACAAGCTGTT-1",0
"CCTCTGACACCGATAT-1",0
"CCTCTGACAGATGAGC-1",0
"CCTCTGAGTCAATACC-1",1
"CCTCTGAGTCCGAACC-1",1
"CCTCTGAGTCGTGGCT-1",0
"CCTCTGAGTCTGATTG-1",1
"CCTCTGATCTGAGGGA-1",1
"CCTTACGCAAGCGTAG-1",0
"CCTTACGCACCAACCG-1",24
"CCTTACGGTCATCCCT-1",0
"CCTTACGGTCCTCTTG-1",4
"CCTTACGTCACAACGT-1",0
"CCTTACGTCATCTGCC-1",1
"CCTTACGTCGGAGGTA-1",0
"CCTTCCCAGAGACTAT-1",0
"CCTTCCCAGCTAGGCA-1",0
"CCTTCCCAGGACGAAA-1",0
"CCTTCCCAGGGCATGT-1",1
"CCTTCCCAGGTACTCT-1",0
"CCTTCCCCATGATCCA-1",3
"CCTTCCCTCAAGGCTT-1",3
"CCTTCCCTCTATCCTA-1",1
"CCTTCCCTCTATCGCC-1",2
"CCTTCGAAGGCGCTCT-1",1
"CCTTCGACAACACCCG-1",0
"CCTTCGACAGCGATCC-1",2
"CCTTCGAGTAAGCACG-1",0
"CCTTCGAGTCCATGAT-1",3
"CCTTCGAGTGTGACCC-1",1
"CCTTCGAGTTGGTGGA-1",1
"CCTTCGATCACAGTAC-1",2
"CCTTCGATCCTATGTT-1",1
"CCTTCGATCGCACTCT-1",0
"CCTTTCTAGACGCTTT-1",1
"CCTTTCTAGGGCACTA-1",0
"CCTTTCTAGTGGAGTC-1",0
"CCTTTCTCAGACAAGC-1",1
"CCTTTCTCATCACGAT-1",2
"CCTTTCTCATGCCCGA-1",0
"CCTTTCTTCCCACTTG-1",0
"CCTTTCTTCTTTACGT-1",0
"CGAACATCACATGACT-1",2
"CGAACATCACTTGGAT-1",0
"CGAACATCAGTCCTTC-1",3
"CGAACATGTCTGATTG-1",0
"CGAACATGTGCTGTAT-1",0
"CGAACATTCTCAAACG-1",2
"CGAATGTAGAGGTTAT-1",0
"CGAATGTAGCGATAGC-1",2
"CGAATGTAGTTCGCAT-1",1
"CGAATGTCAATGCCAT-1",0
"CGAATGTGTCTAGTCA-1",0
"CGAATGTGTCTCACCT-1",1
"CGAATGTTCAACACAC-1",1
"CGAATGTTCATCACCC-1",0
"CGAATGTTCTGTACGA-1",0
"CGACCTTAGCTACCGC-1",0
"CGACCTTAGCTAGTCT-1",0
"CGACCTTCAAAGTGCG-1",2
"CGACCTTCACGAAATA-1",0
"CGACCTTGTAAGTGTA-1",0
"CGACCTTGTCAGAATA-1",1
"CGACCTTGTCTCCCTA-1",0
"CGACCTTGTCTCTTAT-1",0
"CGACCTTTCCGCGTTT-1",0
"CGACCTTTCGTTTATC-1",1
"CGACCTTTCTCCAGGG-1",1
"CGACTTCAGACACGAC-1",2
"CGACTTCAGGTAGCCA-1",0
"CGACTTCAGTCTTGCA-1",0
"CGACTTCCAATGGACG-1",0
"CGACTTCGTGGTGTAG-1",1
"CGACTTCGTTGAGTTC-1",1
"CGACTTCTCACTTACT-1",2
"CGACTTCTCTCGCTTG-1",0
"CGAGAAGAGAAACGCC-1",0
"CGAGAAGAGCCAACAG-1",0
"CGAGAAGAGCGTGTCC-1",3
"CGAGAAGCAAGTTCTG-1",0
"CGAGAAGCACATCCGG-1",0
"CGAGAAGCAGGCTGAA-1",2
"CGAGAAGTCGGATGGA-1",2
"CGAGCACAGCCAGAAC-1",0
"CGAGCACCACATGTGT-1",0
"CGAGCACGTAGCGTCC-1",1
"CGAGCACGTAGCGTGA-1",0
"CGAGCACGTCAGATAA-1",1
"CGAGCACGTGCCTTGG-1",1
"CGAGCACTCCCGGATG-1",1
"CGAGCACTCCGCTGTT-1",0
"CGAGCACTCGGAAATA-1",1
"CGAGCACTCGTGACAT-1",1
"CGAGCCAAGCTAGCCC-1",0
"CGAGCCAGTATATCCG-1",2
"CGAGCCAGTCAAGCGA-1",2
"CGATCGGAGAGCCTAG-1",0
"CGATCGGAGTACGATA-1",0
"CGATCGGCAAACGCGA-1",2
"CGATCGGCAAGCGATG-1",0
"CGATCGGCAATACGCT-1",0
"CGATCGGCAGTTAACC-1",1
"CGATCGGCATACTCTT-1",1
"CGATCGGGTCGACTGC-1",0
"CGATCGGTCAACGGGA-1",2
"CGATCGGTCTAGCACA-1",0
"CGATGGCAGCCGTCGT-1",2
"CGATGGCAGTCCAGGA-1",1
"CGATGGCCACTTAACG-1",0
"CGATGGCCAGCGTAAG-1",0
"CGATGGCCATCATCCC-1",0
"CGATGGCTCCTAGAAC-1",0
"CGATGGCTCGCTAGCG-1",1
"CGATGGCTCTGACCTC-1",1
"CGATGTAAGGCAATTA-1",0
"CGATGTAAGTTTGCGT-1",0
"CGATGTACACAGGCCT-1",1
"CGATGTACAGGTCTCG-1",0
"CGATGTAGTCCAGTGC-1",1
"CGATGTAGTCTAGGTT-1",1
"CGATGTAGTGTGCCTG-1",0
"CGATGTAGTTTGCATG-1",0
"CGATTGAAGATGTGGC-1",1
"CGATTGACAGACGCAA-1",0
"CGATTGAGTATGGTTC-1",1
"CGATTGAGTTCAGACT-1",1
"CGATTGATCATGGTCA-1",0
"CGATTGATCTGCGGCA-1",0
"CGCCAAGAGAATGTTG-1",1
"CGCCAAGAGACCTTTG-1",0
"CGCCAAGAGATCGGGT-1",0
"CGCCAAGAGATCTGAA-1",0
"CGCCAAGAGCGTGTCC-1",0
"CGCCAAGGTCTAGGTT-1",2
"CGCCAAGTCAGGATCT-1",0
"CGCCAAGTCCACTCCA-1",0
"CGCCAAGTCTTGTTTG-1",0
"CGCGGTAAGCTAGCCC-1",0
"CGCGGTAAGGGTTCCC-1",0
"CGCGGTACAAACTGCT-1",0
"CGCGGTACAATGGAAT-1",1
"CGCGGTACAGCTGTTA-1",2
"CGCGGTAGTCAAGCGA-1",0
"CGCGGTAGTGAGGCTA-1",0
"CGCGGTAGTTTGCATG-1",0
"CGCGTTTAGTTATCGC-1",1
"CGCGTTTCAACAACCT-1",2
"CGCGTTTCAAGCGAGT-1",2
"CGCGTTTCAATGGACG-1",0
"CGCGTTTCACGGTGTC-1",0
"CGCGTTTGTGCTGTAT-1",1
"CGCGTTTGTGGACGAT-1",0
"CGCGTTTTCAAACCGT-1",1
"CGCGTTTTCAGCCTAA-1",0
"CGCGTTTTCCTATGTT-1",0
"CGCGTTTTCGTGGTCG-1",1
"CGCTATCAGAAACCGC-1",0
"CGCTATCAGTCATCCA-1",2
"CGCTATCCAAGCGAGT-1",0
"CGCTATCCAGTCGATT-1",1
"CGCTATCCATCGACGC-1",1
"CGCTATCCATTTCAGG-1",1
"CGCTATCGTACCGAGA-1",1
"CGCTATCGTTCGAATC-1",3
"CGCTATCGTTTCGCTC-1",0
"CGCTATCTCGTTACAG-1",0
"CGCTGGAAGGACATTA-1",0
"CGCTGGAAGGGCACTA-1",0
"CGCTGGAAGGTGATAT-1",0
"CGCTGGACAGACTCGC-1",0
"CGCTGGAGTGTAATGA-1",1
"CGCTGGAGTTCTGGTA-1",1
"CGCTGGATCCGAAGAG-1",0
"CGCTGGATCCGTTGCT-1",0
"CGCTGGATCGTAGGAG-1",0
"CGCTGGATCGTTACAG-1",0
"CGCTTCAAGAAGGGTA-1",0
"CGCTTCAAGGTCGGAT-1",1
"CGCTTCACACGGTGTC-1",0
"CGCTTCACAGACAAGC-1",3
"CGCTTCACATCACCCT-1",3
"CGCTTCAGTCGCGGTT-1",0
"CGCTTCATCTTAGAGC-1",0
"CGGACACAGCGATATA-1",0
"CGGACACAGCGATGAC-1",1
"CGGACACAGCTTCGCG-1",0
"CGGACACAGGTAAACT-1",0
"CGGACACAGTAGCCGA-1",0
"CGGACACCACAGGAGT-1",0
"CGGACACCATTCACTT-1",1
"CGGACACGTGAGCGAT-1",0
"CGGACACGTGCTCTTC-1",0
"CGGACACGTGTGACCC-1",0
"CGGACGTAGGTTACCT-1",0
"CGGACGTCATGGGACA-1",1
"CGGACGTGTGAAAGAG-1",0
"CGGACGTGTTGGTAAA-1",2
"CGGACGTTCATGTGGT-1",0
"CGGACGTTCTGTCCGT-1",0
"CGGACTGAGGAGCGAG-1",0
"CGGACTGAGGAGTCTG-1",0
"CGGACTGAGTGGTAGC-1",0
"CGGACTGCAACTTGAC-1",3
"CGGACTGCAATGACCT-1",1
"CGGACTGCACAACGTT-1",0
"CGGACTGCACGCCAGT-1",0
"CGGACTGCAGTATGCT-1",0
"CGGACTGGTAAAGGAG-1",0
"CGGACTGGTATAAACG-1",0
"CGGACTGGTGTAAGTA-1",1
"CGGACTGGTGTGGTTT-1",0
"CGGACTGGTTGACGTT-1",0
"CGGACTGTCATTGCCC-1",1
"CGGACTGTCCATGCTC-1",0
"CGGACTGTCCGTCAAA-1",0
"CGGACTGTCGTTTGCC-1",2
"CGGACTGTCTTCATGT-1",2
"CGGAGCTAGTTTAGGA-1",0
"CGGAGCTCATTGAGCT-1",0
"CGGAGCTGTAGAAAGG-1",1
"CGGAGCTTCACTTATC-1",0
"CGGAGCTTCATGTAGC-1",0
"CGGAGCTTCCACGAAT-1",0
"CGGAGTCAGTGCGATG-1",0
"CGGAGTCAGTGTGAAT-1",1
"CGGAGTCCAGTGGGAT-1",1
"CGGAGTCCATTATCTC-1",2
"CGGAGTCGTAGCTGCC-1",0
"CGGAGTCGTCCAGTGC-1",0
"CGGAGTCGTGTTCGAT-1",0
"CGGAGTCTCCCAGGTG-1",0
"CGGAGTCTCCGTAGTA-1",1
"CGGCTAGAGAAACGCC-1",0
"CGGCTAGAGCACCGTC-1",0
"CGGCTAGAGCTAAACA-1",0
"CGGCTAGCAGACAAAT-1",1
"CGGCTAGGTAACGCGA-1",0
"CGGCTAGGTTCATGGT-1",0
"CGGCTAGTCAAAGACA-1",1
"CGGCTAGTCGTGGGAA-1",0
"CGGCTAGTCTTGTTTG-1",0
"CGGGTCAAGAGTCGGT-1",1
"CGGGTCAAGCACACAG-1",2
"CGGGTCAAGCTAACTC-1",0
"CGGGTCAAGGACACCA-1",0
"CGGGTCAAGTATGACA-1",0
"CGGGTCACAATGACCT-1",0
"CGGGTCACACCGAAAG-1",0
"CGGGTCACAGCCACCA-1",0
"CGGGTCACATACAGCT-1",1
"CGGGTCACATCCTTGC-1",0
"CGGGTCAGTAGCGCTC-1",0
"CGGGTCAGTCGATTGT-1",1
"CGGGTCAGTGCAACTT-1",0
"CGGGTCAGTTGTTTGG-1",1
"CGGGTCATCAACACCA-1",1
"CGGGTCATCACCTTAT-1",1
"CGGGTCATCCACGACG-1",2
"CGGTTAACAGGACCCT-1",0
"CGGTTAACATGTCCTC-1",0
"CGGTTAACATTCCTGC-1",0
"CGGTTAAGTCGACTGC-1",1
"CGGTTAATCCGGCACA-1",1
"CGGTTAATCCTTTCGG-1",1
"CGGTTAATCTTATCTG-1",1
"CGTAGCGAGATGTAAC-1",0
"CGTAGCGAGGCAATTA-1",0
"CGTAGCGAGTAGGTGC-1",0
"CGTAGCGCAAGCGCTC-1",2
"CGTAGCGTCCAACCAA-1",1
"CGTAGCGTCGGCGGTT-1",1
"CGTAGGCAGGGCTCTC-1",0
"CGTAGGCCAAGCGATG-1",0
"CGTAGGCCACTAAGTC-1",1
"CGTAGGCCAGAGTGTG-1",0
"CGTAGGCCATCCCATC-1",3
"CGTAGGCGTATTAGCC-1",0
"CGTAGGCGTCAATACC-1",1
"CGTAGGCGTGGCGAAT-1",0
"CGTAGGCTCCAGAAGG-1",1
"CGTCACTAGTCATGCT-1",0
"CGTCACTCAAAGCGGT-1",0
"CGTCACTCAGGTCCAC-1",0
"CGTCACTCAGTCACTA-1",3
"CGTCACTTCCTTGACC-1",0
"CGTCACTTCGGTGTTA-1",1
"CGTCACTTCTGTGCAA-1",2
"CGTCACTTCTTGAGAC-1",2
"CGTCAGGAGCTGTTCA-1",3
"CGTCAGGCAAAGCAAT-1",0
"CGTCAGGCAAAGCGGT-1",2
"CGTCAGGCAACACGCC-1",0
"CGTCAGGCATCCGCGA-1",2
"CGTCAGGGTCAGCTAT-1",0
"CGTCAGGGTCGTTGTA-1",1
"CGTCAGGGTGTAAGTA-1",1
"CGTCAGGTCCACTGGG-1",1
"CGTCAGGTCGACAGCC-1",0
"CGTCAGGTCGGGAGTA-1",0
"CGTCCATAGACCACGA-1",3
"CGTCCATAGCGATTCT-1",1
"CGTCCATAGGCTATCT-1",0
"CGTCCATAGTCTCAAC-1",2
"CGTCCATCACGACTCG-1",1
"CGTCCATCATTCACTT-1",0
"CGTCCATGTCTAGCGC-1",0
"CGTCCATGTGATAAAC-1",0
"CGTCCATGTTTGGGCC-1",0
"CGTCCATGTTTGTGTG-1",1
"CGTCCATTCAACACCA-1",3
"CGTCCATTCATTCACT-1",2
"CGTCTACAGTGCGTGA-1",0
"CGTCTACGTAGTAGTA-1",1
"CGTCTACTCGAGCCCA-1",0
"CGTCTACTCGCCATAA-1",0
"CGTCTACTCGGCCGAT-1",0
"CGTCTACTCGTCCAGG-1",0
"CGTCTACTCTATCGCC-1",0
"CGTGAGCAGATCTGAA-1",12
"CGTGAGCAGCAATCTC-1",0
"CGTGAGCAGCGGATCA-1",3
"CGTGAGCAGCTAGTGG-1",0
"CGTGAGCAGCTTCGCG-1",1
"CGTGAGCAGGGCACTA-1",0
"CGTGAGCAGGGTGTGT-1",2
"CGTGAGCAGTGGAGAA-1",0
"CGTGAGCCAAGCCGCT-1",2
"CGTGAGCCACGTAAGG-1",0
"CGTGAGCCATACGCCG-1",0
"CGTGAGCGTAGATTAG-1",0
"CGTGAGCGTCTCTTAT-1",1
"CGTGAGCTCACAAACC-1",1
"CGTGAGCTCCAAATGC-1",0
"CGTGAGCTCCGAGCCA-1",2
"CGTGAGCTCGTTGCCT-1",1
"CGTGAGCTCTGGGCCA-1",1
"CGTGTAAAGATAGTCA-1",0
"CGTGTAAAGGTGTTAA-1",1
"CGTGTAAAGTACATGA-1",0
"CGTGTAACATGGGACA-1",0
"CGTGTAAGTCCGCTGA-1",0
"CGTGTAAGTGTCTGAT-1",0
"CGTGTAATCTACTATC-1",1
"CGTGTAATCTCGATGA-1",0
"CGTGTAATCTTTAGTC-1",0
"CGTGTCTAGGCGCTCT-1",0
"CGTGTCTAGGGATGGG-1",1
"CGTGTCTCAGACAAAT-1",0
"CGTGTCTCAGACACTT-1",1
"CGTGTCTGTAAGAGGA-1",2
"CGTGTCTGTATATGAG-1",0
"CGTGTCTGTCAAAGCG-1",1
"CGTGTCTGTTCCGTCT-1",0
"CGTGTCTTCAATCACG-1",0
"CGTGTCTTCAGAGGTG-1",0
"CGTGTCTTCATAGCAC-1",0
"CGTGTCTTCCGAACGC-1",0
"CGTGTCTTCGGCATCG-1",0
"CGTGTCTTCGTGGACC-1",0
"CGTGTCTTCTACTTAC-1",0
"CGTGTCTTCTGAGTGT-1",0
"CGTTAGAAGATCTGAA-1",1
"CGTTAGAAGGCCCTTG-1",0
"CGTTAGACACGAAAGC-1",0
"CGTTAGACAGCTTCGG-1",0
"CGTTAGAGTTTAAGCC-1",0
"CGTTAGATCACTTATC-1",0
"CGTTAGATCAGCCTAA-1",12
"CGTTCTGAGAAGGGTA-1",1
"CGTTCTGAGACTAGGC-1",3
"CGTTCTGAGTGAACAT-1",0
"CGTTCTGCAGCTCGCA-1",0
"CGTTCTGCATTGGCGC-1",0
"CGTTCTGGTGAGGGTT-1",0
"CGTTCTGTCTGATTCT-1",1
"CGTTGGGAGCTAGTTC-1",2
"CGTTGGGAGGATGCGT-1",0
"CGTTGGGCACATTAGC-1",1
"CGTTGGGCAGACAGGT-1",0
"CGTTGGGGTTCCCGAG-1",0
"CGTTGGGTCATGCTCC-1",0
"CGTTGGGTCCATGAAC-1",3
"CGTTGGGTCTACCAGA-1",2
"CTAACTTAGTCCTCCT-1",0
"CTAACTTCAATAGCAA-1",0
"CTAACTTCAATCGGTT-1",1
"CTAACTTGTGAGGCTA-1",0
"CTAACTTTCGTACGGC-1",0
"CTAACTTTCTGGCGTG-1",0
"CTAAGACAGGGAAACA-1",0
"CTAAGACAGTACATGA-1",0
"CTAAGACAGTTCGCGC-1",1
"CTAAGACCAAGTAATG-1",0
"CTAAGACCAGTAAGAT-1",0
"CTAAGACCATGCAATC-1",0
"CTAAGACGTAAGGATT-1",0
"CTAAGACGTATCAGTC-1",0
"CTAAGACGTCACCTAA-1",0
"CTAAGACTCGTTGCCT-1",2
"CTAAGACTCTTACCGC-1",0
"CTAAGACTCTTGAGGT-1",0
"CTAATGGAGCAATCTC-1",1
"CTAATGGAGCGCTCCA-1",0
"CTAATGGAGCTCCCAG-1",1
"CTAATGGAGCTGAAAT-1",2
"CTAATGGAGTTAGGTA-1",0
"CTAATGGCATGGAATA-1",3
"CTAATGGGTACCGCTG-1",0
"CTAATGGGTCTAGCGC-1",0
"CTAATGGGTGAGGGAG-1",0
"CTAATGGGTTGGTGGA-1",0
"CTAATGGTCATGCTCC-1",0
"CTAATGGTCCACTGGG-1",0
"CTAATGGTCCGTTGCT-1",1
"CTAATGGTCCTAGAAC-1",0
"CTACACCAGTGCGATG-1",0
"CTACACCCACGGACAA-1",0
"CTACACCGTAATAGCA-1",2
"CTACACCGTCTGATTG-1",1
"CTACACCGTTCGTCTC-1",0
"CTACACCTCAGAAATG-1",1
"CTACACCTCGGCTTGG-1",0
"CTACACCTCGGTCCGA-1",0
"CTACACCTCTCGCATC-1",2
"CTACACCTCTCTGCTG-1",0
"CTACATTAGATCACGG-1",1
"CTACATTCACTCGACG-1",1
"CTACATTCATTTCACT-1",0
"CTACATTGTGATGATA-1",0
"CTACATTGTTCGAATC-1",0
"CTACATTTCAACGCTA-1",2
"CTACATTTCGCCATAA-1",0
"CTACATTTCTAGCACA-1",1
"CTACCCACACAGAGGT-1",0
"CTACCCACACGACGAA-1",1
"CTACCCACATGGTTGT-1",0
"CTACCCAGTATCTGCA-1",1
"CTACCCAGTATGAATG-1",0
"CTACCCAGTCAGAAGC-1",1
"CTACCCAGTGTGACCC-1",0
"CTACCCAGTTATGTGC-1",1
"CTACCCATCTACGAGT-1",0
"CTACGTCAGGTGCAAC-1",1
"CTACGTCAGTGCGATG-1",0
"CTACGTCAGTTGTCGT-1",1
"CTACGTCCATATACCG-1",1
"CTACGTCGTATATGGA-1",0
"CTACGTCGTGTGGTTT-1",0
"CTACGTCTCAAAGTAG-1",0
"CTACGTCTCACGACTA-1",1
"CTACGTCTCACGGTTA-1",1
"CTACGTCTCCTAGAAC-1",0
"CTAGAGTAGCTGTCTA-1",3
"CTAGAGTAGGATCGCA-1",0
"CTAGAGTAGTCCATAC-1",0
"CTAGAGTCACATTAGC-1",0
"CTAGAGTCAGTATGCT-1",0
"CTAGAGTCATACTCTT-1",1
"CTAGAGTCATGTAAGA-1",0
"CTAGAGTGTGACCAAG-1",0
"CTAGAGTTCAACACCA-1",0
"CTAGAGTTCCGTCAAA-1",0
"CTAGAGTTCCTAAGTG-1",1
"CTAGAGTTCGCCAGCA-1",0
"CTAGAGTTCGCTTAGA-1",3
"CTAGAGTTCGTGACAT-1",1
"CTAGAGTTCTGATTCT-1",0
"CTAGCCTCACCAGATT-1",0
"CTAGCCTGTATATCCG-1",0
"CTAGCCTGTGATGCCC-1",2
"CTAGCCTTCGGGAGTA-1",3
"CTAGTGAAGCTGGAAC-1",1
"CTAGTGAAGTGTACCT-1",0
"CTAGTGACAAGTCTAC-1",1
"CTAGTGACAGGATCGA-1",1
"CTAGTGAGTTATGCGT-1",1
"CTAGTGATCAGTTGAC-1",1
"CTAGTGATCCAGTAGT-1",2
"CTCACACAGCTAAGAT-1",0
"CTCACACAGCTGCCCA-1",0
"CTCACACAGGATGCGT-1",1
"CTCACACCACGTAAGG-1",0
"CTCACACCACTGTTAG-1",0
"CTCACACCATATACGC-1",0
"CTCACACGTGCTGTAT-1",1
"CTCACACGTTCCATGA-1",0
"CTCACACGTTTGGGCC-1",0
"CTCACACTCACCGGGT-1",0
"CTCACACTCATCGGAT-1",0
"CTCACACTCCGCGCAA-1",1
"CTCACACTCTAACCGA-1",1
"CTCAGAAAGAGCTGCA-1",0
"CTCAGAAAGGAGTAGA-1",1
"CTCAGAACAACGCACC-1",1
"CTCAGAACAAGCGATG-1",0
"CTCAGAACAGGGCATA-1",2
"CTCAGAAGTGACGGTA-1",0
"CTCAGAATCTTAACCT-1",0
"CTCATTAAGAACTGTA-1",0
"CTCATTACATGGTCAT-1",0
"CTCATTAGTGTAACGG-1",1
"CTCATTAGTTTACTCT-1",1
"CTCCTAGCAAGTACCT-1",1
"CTCCTAGCAATTCCTT-1",0
"CTCCTAGCACTGTCGG-1",1
"CTCCTAGCAGTCCTTC-1",1
"CTCCTAGCATAACCTG-1",0
"CTCCTAGCATGCGCAC-1",0
"CTCCTAGGTAGAAAGG-1",0
"CTCCTAGGTCCGAGTC-1",0
"CTCCTAGGTCTAGCCG-1",0
"CTCCTAGGTGTTTGTG-1",0
"CTCCTAGGTTCGTGAT-1",0
"CTCCTAGGTTGTTTGG-1",0
"CTCCTAGTCACTTACT-1",0
"CTCCTAGTCTCATTCA-1",0
"CTCGAAAAGCCCAACC-1",0
"CTCGAAAAGCTATGCT-1",0
"CTCGAAAAGGCCCTTG-1",0
"CTCGAAAAGGGCTTCC-1",1
"CTCGAAACAAGCCGTC-1",0
"CTCGAAACACATTAGC-1",1
"CTCGAAACACCGAAAG-1",0
"CTCGAAACACGGCTAC-1",2
"CTCGAAACAGTAAGAT-1",0
"CTCGAAACATACGCCG-1",0
"CTCGAGGAGCCATCGC-1",2
"CTCGAGGAGGGCTTCC-1",1
"CTCGAGGCAGATAATG-1",3
"CTCGAGGGTATTCTCT-1",0
"CTCGAGGGTGCCTGGT-1",0
"CTCGGAGAGTCCCACG-1",0
"CTCGGAGCACTTCTGC-1",0
"CTCGGAGCAGCTGCAC-1",1
"CTCGGAGCAGGATCGA-1",1
"CTCGGAGGTAGCCTAT-1",0
"CTCGGAGGTCATGCCG-1",1
"CTCGGAGTCAAACGGG-1",1
"CTCGGAGTCACATACG-1",2
"CTCGGAGTCAGCTTAG-1",0
"CTCGGGAAGACCTAGG-1",0
"CTCGGGACACAGCCCA-1",0
"CTCGGGACATAAAGGT-1",0
"CTCGGGACATCCCACT-1",1
"CTCGGGACATGTCGAT-1",0
"CTCGGGAGTCGCGTGT-1",0
"CTCGGGAGTGACTACT-1",2
"CTCGGGAGTTACGACT-1",1
"CTCGGGATCCGTACAA-1",0
"CTCGGGATCCTTGACC-1",0
"CTCGGGATCTTAGCCC-1",0
"CTCGGGATCTTGTTTG-1",1
"CTCGTACAGCGATAGC-1",1
"CTCGTACCAGCGTAAG-1",0
"CTCGTACCATAGTAAG-1",0
"CTCGTACGTAGAGTGC-1",1
"CTCGTACGTATCACCA-1",0
"CTCGTACGTGCAGTAG-1",0
"CTCGTACTCAAAGTAG-1",1
"CTCGTACTCAATCTCT-1",0
"CTCGTACTCGTTGCCT-1",0
"CTCGTACTCTGGTTCC-1",0
"CTCGTCAAGATGCCTT-1",0
"CTCGTCAAGTGGAGTC-1",2
"CTCGTCAAGTTTGCGT-1",0
"CTCGTCACAACGATCT-1",0
"CTCGTCACACATCCGG-1",0
"CTCGTCACAGTCGTGC-1",3
"CTCGTCAGTCTCATCC-1",2
"CTCGTCAGTCTCCATC-1",0
"CTCGTCAGTGAGCGAT-1",0
"CTCGTCAGTTGACGTT-1",1
"CTCGTCAGTTGGGACA-1",0
"CTCGTCATCACTTATC-1",0
"CTCGTCATCGACCAGC-1",0
"CTCGTCATCTGCTGTC-1",3
"CTCTAATCACCAGGTC-1",1
"CTCTAATCACGGTGTC-1",0
"CTCTAATCAGGAATCG-1",0
"CTCTAATGTCCAAGTT-1",1
"CTCTACGAGCTAAACA-1",0
"CTCTACGAGCTAGTGG-1",0
"CTCTACGAGTACGCCC-1",1
"CTCTACGAGTAGGCCA-1",0
"CTCTACGCAATAACGA-1",0
"CTCTACGCAGACGCTC-1",3
"CTCTACGCATGACATC-1",0
"CTCTACGTCATGTCTT-1",0
"CTCTACGTCCCTAATT-1",0
"CTCTACGTCGGCATCG-1",2
"CTCTACGTCGGTCTAA-1",0
"CTCTGGTAGCAGCGTA-1",0
"CTCTGGTAGCGTTCCG-1",0
"CTCTGGTAGGCATGGT-1",0
"CTCTGGTAGTGCCAGA-1",0
"CTCTGGTCACAAGCCC-1",0
"CTCTGGTCAGCCTTTC-1",0
"CTCTGGTTCATCTGTT-1",0
"CTCTGGTTCTTGTACT-1",0
"CTGAAACAGATCCCGC-1",0
"CTGAAACAGGTGCTAG-1",0
"CTGAAACAGTCCGTAT-1",1
"CTGAAACAGTGTCTCA-1",2
"CTGAAACGTCATCGGC-1",1
"CTGAAACGTTAAAGAC-1",1
"CTGAAACTCATACGGT-1",1
"CTGAAGTAGTGCGTGA-1",2
"CTGAAGTCAGCTGTAT-1",3
"CTGAAGTGTTAAAGTG-1",0
"CTGAAGTTCAAGCCTA-1",1
"CTGAAGTTCGGATGTT-1",0
"CTGATAGAGGGAGTAA-1",0
"CTGATAGAGTGCAAGC-1",0
"CTGATAGCAGCCTTTC-1",0
"CTGATAGCATCCCATC-1",0
"CTGATAGCATCTCCCA-1",0
"CTGATAGGTCAAAGCG-1",2
"CTGATAGGTCGCTTTC-1",0
"CTGATAGGTTACGACT-1",0
"CTGATAGTCGCGATCG-1",0
"CTGATAGTCTTATCTG-1",0
"CTGATCCAGGCATTGG-1",1
"CTGATCCAGGTGACCA-1",0
"CTGATCCCACAGAGGT-1",0
"CTGATCCCAGGCTGAA-1",0
"CTGATCCGTGCCTGGT-1",0
"CTGATCCGTTATCCGA-1",0
"CTGATCCGTTGTGGCC-1",0
"CTGCCTAAGGGTCTCC-1",2
"CTGCCTAAGGTGATAT-1",0
"CTGCCTAAGTACGCGA-1",0
"CTGCCTAAGTGCGTGA-1",0
"CTGCCTACATCCCACT-1",2
"CTGCCTATCAATAAGG-1",3
"CTGCGGAAGAAGGACA-1",0
"CTGCGGAAGAGCTGGT-1",2
"CTGCGGAAGATGAGAG-1",1
"CTGCGGACAGGTCGTC-1",3
"CTGCGGACATGTCTCC-1",0
"CTGCGGAGTCACTTCC-1",1
"CTGCGGAGTCGTGGCT-1",0
"CTGCGGAGTTCTGTTT-1",1
"CTGCGGAGTTGGACCC-1",0
"CTGCGGATCGCCTGTT-1",2
"CTGCGGATCTTACCGC-1",0
"CTGCTGTAGGGTGTTG-1",0
"CTGCTGTAGTACCGGA-1",0
"CTGCTGTAGTGGAGAA-1",0
"CTGCTGTCACATCTTT-1",1
"CTGCTGTGTTAAAGAC-1",0
"CTGCTGTTCTCCAACC-1",0
"CTGCTGTTCTTACCGC-1",0
"CTGGTCTAGCGTTGCC-1",0
"CTGGTCTAGGACAGCT-1",1
"CTGGTCTAGGGCTTGA-1",0
"CTGGTCTAGTCGAGTG-1",2
"CTGGTCTCAAAGGAAG-1",1
"CTGGTCTCACCAGTTA-1",2
"CTGGTCTGTACCTACA-1",0
"CTGGTCTGTACGCTGC-1",0
"CTGGTCTGTCCGCTGA-1",0
"CTGGTCTGTCCGTTAA-1",1
"CTGGTCTGTTCATGGT-1",1
"CTGGTCTGTTCGTGAT-1",0
"CTGGTCTTCAACGGGA-1",1
"CTGGTCTTCACTTACT-1",1
"CTGGTCTTCTTACCTA-1",0
"CTGTGCTGTATATCCG-1",3
"CTGTGCTGTCATCCCT-1",0
"CTGTGCTGTCCCTACT-1",0
"CTGTGCTGTCGGCACT-1",0
"CTGTGCTTCCATTCTA-1",0
"CTGTGCTTCCGTACAA-1",3
"CTGTTTAAGAAACCGC-1",0
"CTGTTTAAGATCGATA-1",0
"CTGTTTAAGGAGTTGC-1",0
"CTGTTTAGTCAAAGCG-1",0
"CTGTTTATCAGCCTAA-1",0
"CTGTTTATCATTTGGG-1",3
"CTGTTTATCTCCAGGG-1",1
"CTGTTTATCTCTTGAT-1",0
"CTGTTTATCTTCTGGC-1",2
"CTTAACTAGCCAGTAG-1",0
"CTTAACTAGGCTCTTA-1",0
"CTTAACTAGGTGCACA-1",0
"CTTAACTAGTCTCGGC-1",0
"CTTACCGAGCGCTTAT-1",0
"CTTACCGAGGCTACGA-1",1
"CTTACCGCAGATCTGT-1",0
"CTTACCGCAGTCAGAG-1",0
"CTTACCGGTCCTGCTT-1",0
"CTTACCGGTCGCCATG-1",1
"CTTACCGGTCTACCTC-1",0
"CTTACCGTCGGACAAG-1",0
"CTTAGGAAGCCCAACC-1",1
"CTTAGGACACGACGAA-1",0
"CTTAGGAGTTATGTGC-1",0
"CTTAGGATCCCATTTA-1",2
"CTTAGGATCTTTACAC-1",0
"CTTCTCTAGAACTCGG-1",0
"CTTCTCTAGAGTGAGA-1",0
"CTTCTCTAGCAGGCTA-1",0
"CTTCTCTAGTTAACGA-1",1
"CTTCTCTCAAAGGTGC-1",0
"CTTCTCTGTAACGACG-1",0
"CTTCTCTGTGCATCTA-1",1
"CTTCTCTTCGAGCCCA-1",1
"CTTGGCTAGCGATATA-1",1
"CTTGGCTAGTACGTTC-1",1
"CTTGGCTCATTACCTT-1",0
"CTTGGCTGTCTCCATC-1",1
"CTTGGCTTCCCTAATT-1",0
"CTTGGCTTCGCGTAGC-1",0
"CTTGGCTTCTCGTTTA-1",3
"CTTTGCGAGCAAATCA-1",1
"CTTTGCGAGCGTTCCG-1",4
"CTTTGCGAGTATCTCG-1",0
"CTTTGCGCAATTCCTT-1",0
"CTTTGCGCACTTAAGC-1",2
"CTTTGCGCAGACGCAA-1",1
"CTTTGCGGTAGAGGAA-1",0
"CTTTGCGTCCAGGGCT-1",0
"GAAACTCAGAGACGAA-1",0
"GAAACTCAGAGGTTAT-1",1
"GAAACTCAGCAGCCTC-1",1
"GAAACTCAGCCCAGCT-1",0
"GAAACTCAGCTAAACA-1",0
"GAAACTCAGTGCTGCC-1",0
"GAAACTCCAAGCCCAC-1",0
"GAAACTCCACATGACT-1",2
"GAAACTCCAGACACTT-1",0
"GAAACTCCATGGATGG-1",1
"GAAACTCGTACTCGCG-1",0
"GAAACTCGTAGCGATG-1",0
"GAAACTCGTGTGAAAT-1",0
"GAAACTCGTTTGTGTG-1",0
"GAAATGAAGACTAGGC-1",0
"GAAATGAAGCCAGTTT-1",1
"GAAATGAAGCTAGTCT-1",1
"GAAATGAAGTACGTAA-1",2
"GAAATGATCATGCTCC-1",0
"GAAATGATCCTCGCAT-1",1
"GAACATCAGATGGCGT-1",0
"GAACATCCAACAACCT-1",2
"GAACATCCACATCTTT-1",1
"GAACATCCACCTATCC-1",1
"GAACATCCACGGACAA-1",0
"GAACATCCATGCTAGT-1",0
"GAACATCGTACGACCC-1",0
"GAACATCGTGGACGAT-1",0
"GAACATCGTTCCCGAG-1",1
"GAACATCTCCAAGTAC-1",0
"GAACATCTCGATCCCT-1",0
"GAACATCTCTCCAACC-1",2
"GAACCTAAGAACTGTA-1",2
"GAACCTAAGAGCAATT-1",1
"GAACCTAAGCCAGTAG-1",1
"GAACCTACAAGGACAC-1",0
"GAACCTACAGACACTT-1",0
"GAACCTAGTACCAGTT-1",0
"GAACCTAGTGTCAATC-1",0
"GAACCTATCACGATGT-1",1
"GAACGGAAGACGCAAC-1",2
"GAACGGAAGTAATCCC-1",2
"GAACGGAAGTCAATAG-1",1
"GAACGGAAGTGGACGT-1",0
"GAACGGACACAGCGTC-1",0
"GAACGGACACCTCGTT-1",1
"GAACGGACACTTAACG-1",0
"GAACGGAGTAGCGTAG-1",0
"GAACGGAGTCAGAGGT-1",0
"GAACGGAGTGGCGAAT-1",3
"GAACGGATCACTCCTG-1",0
"GAACGGATCCACGAAT-1",0
"GAACGGATCGTAGGAG-1",1
"GAACGGATCTGTCAAG-1",0
"GAAGCAGAGACTAAGT-1",3
"GAAGCAGAGAGACGAA-1",0
"GAAGCAGAGCCACGCT-1",5
"GAAGCAGAGTTCGCGC-1",1
"GAAGCAGCAATCCGAT-1",1
"GAAGCAGCACTCGACG-1",0
"GAAGCAGCAGATCTGT-1",0
"GAAGCAGCAGATGAGC-1",0
"GAAGCAGCATGAACCT-1",1
"GAAGCAGCATGGAATA-1",0
"GAAGCAGGTAACGCGA-1",0
"GAAGCAGGTCATACTG-1",0
"GAAGCAGTCCTAGTGA-1",1
"GAAGCAGTCTTATCTG-1",3
"GAATAAGCAAGGTGTG-1",0
"GAATAAGCAGACAAGC-1",1
"GAATAAGCATGCAACT-1",0
"GAATAAGGTCCGTTAA-1",0
"GAATAAGGTGAGTGAC-1",0
"GAATAAGGTTCCCTTG-1",0
"GAATAAGTCGTTTAGG-1",0
"GAATGAAAGAGTCTGG-1",1
"GAATGAAAGCTTATCG-1",0
"GAATGAAAGGCATGTG-1",0
"GAATGAACAAACGCGA-1",1
"GAATGAACAGTGAGTG-1",0
"GAATGAACATCATCCC-1",0
"GAATGAAGTCAACATC-1",2
"GAATGAAGTCTCACCT-1",2
"GAATGAAGTGGCAAAC-1",0
"GAATGAAGTTGCGTTA-1",1
"GAATGAATCAGTTAGC-1",0
"GAATGAATCCTGCCAT-1",1
"GACACGCAGACGCACA-1",0
"GACACGCAGAGTAATC-1",0
"GACACGCAGCCAACAG-1",0
"GACACGCAGGAGTTTA-1",6
"GACACGCAGGGCATGT-1",0
"GACACGCAGGTGCACA-1",0
"GACACGCAGTCCAGGA-1",0
"GACACGCAGTGGGATC-1",1
"GACACGCAGTGGGTTG-1",0
"GACACGCCAAGCGTAG-1",0
"GACACGCCAAGGACAC-1",0
"GACACGCCAGACGCTC-1",0
"GACACGCCATCCTTGC-1",0
"GACACGCGTTCACGGC-1",0
"GACACGCTCATGTAGC-1",0
"GACAGAGAGTACGATA-1",3
"GACAGAGCAACGATCT-1",2
"GACAGAGCAAGTCTAC-1",0
"GACAGAGCAGCTCCGA-1",4
"GACAGAGCAGCTGGCT-1",1
"GACAGAGGTAGAAAGG-1",2
"GACAGAGTCAAACAAG-1",0
"GACAGAGTCAGAGACG-1",1
"GACAGAGTCCTTCAAT-1",1
"GACAGAGTCCTTGCCA-1",0
"GACAGAGTCTTCATGT-1",2
"GACCAATAGAAGGGTA-1",2
"GACCAATAGCTACCGC-1",0
"GACCAATAGCTACCTA-1",0
"GACCAATCAGGTGCCT-1",1
"GACCAATCATGCGCAC-1",1
"GACCAATGTACAGTTC-1",0
"GACCAATGTCGCTTCT-1",2
"GACCAATTCCGATATG-1",1
"GACCAATTCGAATGGG-1",0
"GACCAATTCGTCACGG-1",1
"GACCTGGCATCACAAC-1",0
"GACCTGGCATGTCTCC-1",0
"GACCTGGCATTGGCGC-1",0
"GACCTGGGTAAAGGAG-1",1
"GACCTGGGTCCAGTTA-1",3
"GACCTGGGTGCAGTAG-1",1
"GACCTGGTCATAGCAC-1",1
"GACCTGGTCCTTGCCA-1",0
"GACCTGGTCGCATGAT-1",0
"GACCTGGTCGTCACGG-1",0
"GACGCGTAGTGGTAAT-1",0
"GACGCGTAGTTGTAGA-1",0
"GACGCGTGTAAAGGAG-1",0
"GACGCGTGTGTGAAAT-1",1
"GACGCGTGTTAAGACA-1",1
"GACGCGTTCAAACCGT-1",0
"GACGCGTTCCAAATGC-1",1
"GACGCGTTCCGCGGTA-1",0
"GACGCGTTCCTACAGA-1",0
"GACGCGTTCGACGGAA-1",0
"GACGCGTTCTCCGGTT-1",15
"GACGGCTAGAAGATTC-1",0
"GACGGCTAGAGCTGGT-1",0
"GACGGCTCAAGGTTTC-1",0
"GACGGCTCACCGCTAG-1",0
"GACGGCTCATGAACCT-1",1
"GACGGCTCATGCAACT-1",0
"GACGGCTGTGTGTGCC-1",0
"GACGGCTGTTATGTGC-1",0
"GACGGCTGTTTGGCGC-1",1
"GACGGCTTCTATCGCC-1",1
"GACGTGCAGGCAAAGA-1",0
"GACGTGCAGGGTGTGT-1",0
"GACGTGCAGGTGTTAA-1",0
"GACGTGCCAGGTCGTC-1",0
"GACGTGCGTAACGTTC-1",0
"GACGTGCTCACCTCGT-1",1
"GACGTTAAGCTACCGC-1",0
"GACGTTAAGGCAAAGA-1",0
"GACGTTAAGTCAAGCG-1",3
"GACGTTACAAGCCATT-1",2
"GACGTTACAAGGTTTC-1",1
"GACGTTACAGACACTT-1",0
"GACGTTAGTATCTGCA-1",0
"GACGTTAGTTTGACAC-1",1
"GACGTTAGTTTGACTG-1",0
"GACGTTATCACAGGCC-1",1
"GACGTTATCATTGCGA-1",1
"GACGTTATCCCGGATG-1",0
"GACGTTATCCGAAGAG-1",1
"GACGTTATCGCGTTTC-1",1
"GACGTTATCTGTCCGT-1",0
"GACTAACAGACAGAGA-1",1
"GACTAACAGTGGAGAA-1",1
"GACTAACCAAATCCGT-1",0
"GACTAACGTCTAGTCA-1",2
"GACTAACGTGCAACTT-1",0
"GACTAACGTTCAGACT-1",2
"GACTAACTCCGCGCAA-1",0
"GACTAACTCCTTTCTC-1",0
"GACTAACTCTTGCCGT-1",1
"GACTAACTCTTTACAC-1",3
"GACTACAAGATATGGT-1",0
"GACTACACAAATCCGT-1",1
"GACTACAGTGCTGTAT-1",1
"GACTACATCAGCCTAA-1",0
"GACTACATCAGGTAAA-1",0
"GACTACATCTGCAGTA-1",1
"GACTGCGAGCGTAGTG-1",0
"GACTGCGAGTTGTAGA-1",1
"GACTGCGCACTTAACG-1",0
"GACTGCGCATGTTCCC-1",0
"GACTGCGGTACGCACC-1",0
"GACTGCGGTTCTCATT-1",2
"GACTGCGTCAACACAC-1",0
"GACTGCGTCACGACTA-1",0
"GACTGCGTCGCCCTTA-1",1
"GACTGCGTCTCAAACG-1",0
"GAGCAGAGTAGGGTAC-1",2
"GAGCAGAGTCAGATAA-1",0
"GAGCAGAGTCATATGC-1",1
"GAGCAGAGTGAGCGAT-1",0
"GAGCAGAGTGTAACGG-1",0
"GAGCAGAGTGTGACCC-1",0
"GAGCAGAGTTCGGGCT-1",2
"GAGCAGAGTTTAAGCC-1",0
"GAGCAGAGTTTGCATG-1",2
"GAGGTGAAGCAACGGT-1",0
"GAGGTGAAGGCTCTTA-1",0
"GAGGTGAAGTGGTAGC-1",2
"GAGGTGAAGTTGTAGA-1",0
"GAGGTGACACTGTCGG-1",1
"GAGGTGACATCCTTGC-1",0
"GAGGTGACATGCATGT-1",1
"GAGGTGAGTACCTACA-1",0
"GAGGTGAGTCATTAGC-1",2
"GAGGTGAGTTCCTCCA-1",3
"GAGGTGATCATCGCTC-1",0
"GAGGTGATCTAGAGTC-1",0
"GAGGTGATCTCTAGGA-1",1
"GAGGTGATCTGCTGTC-1",1
"GAGGTGATCTGGGCCA-1",0
"GAGTCCGAGGACAGAA-1",3
"GAGTCCGAGGCATGTG-1",0
"GAGTCCGAGGCGTACA-1",0
"GAGTCCGCAAACCCAT-1",1
"GAGTCCGGTCAAGCGA-1",0
"GAGTCCGGTGACCAAG-1",0
"GAGTCCGGTGACTCAT-1",2
"GAGTCCGGTGTGACCC-1",1
"GAGTCCGGTTCGGGCT-1",1
"GAGTCCGGTTTGCATG-1",0
"GAGTCCGTCGGCGCAT-1",0
"GAGTCCGTCTGATTCT-1",2
"GATCAGTAGATGTCGG-1",0
"GATCAGTAGTGGTAGC-1",0
"GATCAGTGTATATGAG-1",3
"GATCAGTGTCTGCGGT-1",1
"GATCAGTGTTATGCGT-1",1
"GATCAGTGTTGTACAC-1",5
"GATCAGTTCCCGACTT-1",0
"GATCGATAGAATGTTG-1",0
"GATCGATAGAGCTGCA-1",0
"GATCGATAGCATGGCA-1",0
"GATCGATCAAGCGAGT-1",0
"GATCGATCAAGCGTAG-1",0
"GATCGATGTCAACATC-1",2
"GATCGATGTTGCCTCT-1",0
"GATCGATTCCGCATCT-1",0
"GATCGCGAGATAGTCA-1",1
"GATCGCGAGCCTTGAT-1",0
"GATCGCGAGGAGCGTT-1",1
"GATCGCGCAGGTCGTC-1",2
"GATCGCGGTACAGCAG-1",0
"GATCGCGGTGAGTATA-1",0
"GATCGCGGTTGTCGCG-1",0
"GATCGCGTCACTCCTG-1",0
"GATCGTAAGACATAAC-1",3
"GATCGTAAGCTCAACT-1",0
"GATCGTACATAACCTG-1",1
"GATCGTAGTGGCTCCA-1",3
"GATCGTATCATATCGG-1",0
"GATCGTATCATGTCCC-1",1
"GATCGTATCTTACCGC-1",1
"GATCTAGAGCGTCTAT-1",0
"GATCTAGAGTGGAGAA-1",0
"GATCTAGCAACACCTA-1",0
"GATCTAGCAAGGGTCA-1",1
"GATCTAGGTCTAAAGA-1",0
"GATCTAGGTCTCACCT-1",0
"GATCTAGGTCTCTTTA-1",0
"GATCTAGTCACATAGC-1",2
"GATCTAGTCTAAGCCA-1",1
"GATGAAAAGAGTAATC-1",1
"GATGAAAAGCTCCCAG-1",0
"GATGAAACACGGTAGA-1",0
"GATGAAACAGCTGTAT-1",1
"GATGAAAGTGGGTATG-1",5
"GATGAAATCACCCTCA-1",0
"GATGAAATCACTCCTG-1",0
"GATGAAATCAGCAACT-1",0
"GATGAAATCGAGAGCA-1",0
"GATGAGGAGATCCCGC-1",1
"GATGAGGAGTTCGATC-1",0
"GATGAGGCACCAGTTA-1",1
"GATGAGGGTATCACCA-1",0
"GATGAGGGTATTCGTG-1",0
"GATGAGGGTCGCGTGT-1",0
"GATGAGGGTGATGATA-1",0
"GATGAGGTCACAGGCC-1",1
"GATGAGGTCACATAGC-1",0
"GATGAGGTCCCTTGTG-1",0
"GATGAGGTCTGCTGTC-1",0
"GATGCTAAGACTAAGT-1",1
"GATGCTAAGGATGCGT-1",0
"GATGCTAAGGCTCTTA-1",0
"GATGCTAAGGGAACGG-1",0
"GATGCTAAGTATCTCG-1",1
"GATGCTAAGTCTCGGC-1",0
"GATGCTACATGTTGAC-1",0
"GATGCTACATTGCGGC-1",0
"GATGCTAGTCTCCATC-1",0
"GATGCTAGTGGAAAGA-1",0
"GATGCTAGTTAGGGTG-1",0
"GATGCTATCCTGTACC-1",2
"GATGCTATCGGCGCTA-1",0
"GATTCAGAGAAACCTA-1",0
"GATTCAGAGAGTGACC-1",0
"GATTCAGAGATTACCC-1",0
"GATTCAGAGGGTCGAT-1",0
"GATTCAGAGGTCGGAT-1",0
"GATTCAGAGTCAATAG-1",0
"GATTCAGCAAGTTGTC-1",2
"GATTCAGCAATTCCTT-1",1
"GATTCAGCAGGGTACA-1",0
"GATTCAGCATCGACGC-1",0
"GATTCAGCATTATCTC-1",0
"GATTCAGGTAAATACG-1",1
"GATTCAGTCAACTCTT-1",2
"GCAAACTAGATGTTAG-1",0
"GCAAACTAGTCATGCT-1",0
"GCAAACTAGTCTCAAC-1",0
"GCAAACTCACAGGTTT-1",0
"GCAAACTGTCAGATAA-1",0
"GCAAACTGTCTCCATC-1",0
"GCAAACTTCGTGGTCG-1",2
"GCAATCAAGGGATCTG-1",1
"GCAATCAAGTATCTCG-1",0
"GCAATCAAGTGGGTTG-1",1
"GCAATCACAGCTTAAC-1",0
"GCAATCACATGTCGAT-1",0
"GCAATCACATTCCTCG-1",1
"GCAATCAGTAGGAGTC-1",0
"GCAATCAGTATAATGG-1",1
"GCAATCAGTTCTCATT-1",0
"GCAATCAGTTCTGGTA-1",2
"GCACATAAGAGCTATA-1",3
"GCACATAAGATGTTAG-1",0
"GCACATAAGCCTTGAT-1",0
"GCACATAAGGAGTACC-1",0
"GCACATAAGTGAAGTT-1",0
"GCACATACACCACGTG-1",0
"GCACATACAGCTGTAT-1",0
"GCACATACAGGAACGT-1",0
"GCACATAGTCATCGGC-1",3
"GCACATAGTCCGAATT-1",0
"GCACATAGTCTCTTTA-1",1
"GCACATAGTGCGCTTG-1",0
"GCACATATCACCTCGT-1",1
"GCACATATCTGGTTCC-1",0
"GCACTCTCAAGACACG-1",1
"GCACTCTCAATCACAC-1",0
"GCACTCTCATTTCAGG-1",0
"GCACTCTGTAAACCTC-1",0
"GCACTCTGTACCAGTT-1",0
"GCACTCTGTAGAAAGG-1",1
"GCACTCTGTCGAACAG-1",2
"GCACTCTGTCTAGGTT-1",0
"GCACTCTTCAACTCTT-1",0
"GCACTCTTCCCTAATT-1",1
"GCACTCTTCTGCCCTA-1",0
"GCAGCCAAGCTGATAA-1",0
"GCAGCCACATGAGCGA-1",0
"GCAGCCAGTAATCGTC-1",1
"GCAGCCAGTGTCGCTG-1",0
"GCAGCCATCAGTTGAC-1",1
"GCAGCCATCCCAACGG-1",1
"GCAGCCATCCGTACAA-1",9
"GCAGTTAAGTCCATAC-1",0
"GCAGTTAAGTCCGTAT-1",0
"GCAGTTAAGTTAACGA-1",3
"GCAGTTAGTGGACGAT-1",0
"GCAGTTAGTTATTCTC-1",0
"GCAGTTATCGCGATCG-1",2
"GCATACAAGATCTGCT-1",3
"GCATACAAGCAACGGT-1",0
"GCATACACAACGCACC-1",8
"GCATACACAAGGACTG-1",0
"GCATACACAAGTCTGT-1",1
"GCATACACAGTCAGCC-1",1
"GCATACACATCCTAGA-1",0
"GCATACACATCGGAAG-1",0
"GCATACAGTCCGAACC-1",0
"GCATACAGTTCTGGTA-1",0
"GCATACATCCACGACG-1",1
"GCATGATAGAATGTTG-1",0
"GCATGATAGAGTAATC-1",0
"GCATGATAGCTGATAA-1",1
"GCATGATAGGACCACA-1",3
"GCATGATAGGCTAGCA-1",0
"GCATGATAGTCAAGCG-1",0
"GCATGATAGTGGAGAA-1",0
"GCATGATCACACCGAC-1",0
"GCATGATCACATTTCT-1",0
"GCATGATGTCCCTACT-1",0
"GCATGATGTTGCGCAC-1",0
"GCATGATTCGTGGACC-1",0
"GCATGCGAGCATGGCA-1",0
"GCATGCGAGTCCAGGA-1",1
"GCATGCGCACTGCCAG-1",0
"GCATGCGGTAAGGATT-1",1
"GCATGCGGTCCTCTTG-1",0
"GCATGCGGTGTGAAAT-1",2
"GCATGCGTCCGCGGTA-1",1
"GCATGTAAGAACTGTA-1",0
"GCATGTAAGACAGACC-1",0
"GCATGTAAGTACTTGC-1",0
"GCATGTAAGTGCAAGC-1",0
"GCATGTACAACACGCC-1",0
"GCATGTATCACGAAGG-1",0
"GCCAAATCAAACTGTC-1",2
"GCCAAATCAAGGGTCA-1",1
"GCCAAATCAAGTTCTG-1",0
"GCCAAATCAGCCACCA-1",0
"GCCAAATCATAACCTG-1",0
"GCCAAATGTATAAACG-1",1
"GCCAAATGTGTTTGGT-1",3
"GCCAAATGTTTCGCTC-1",1
"GCCAAATTCAGGTAAA-1",0
"GCCAAATTCCGAGCCA-1",1
"GCCAAATTCCGCGGTA-1",1
"GCCAAATTCGGCTACG-1",0
"GCCTCTAAGAGTACCG-1",3
"GCCTCTAAGCCATCGC-1",1
"GCCTCTAAGCCGCCTA-1",0
"GCCTCTAAGCGATAGC-1",1
"GCCTCTAAGCTGCAAG-1",0
"GCCTCTAAGCTTCGCG-1",0
"GCCTCTAAGTCACGCC-1",0
"GCCTCTACAAGACGTG-1",1
"GCCTCTACAGCTATTG-1",1
"GCCTCTAGTAAGGATT-1",0
"GCCTCTAGTGATGATA-1",0
"GCCTCTAGTTAAGGGC-1",4
"GCCTCTATCAGCGACC-1",1
"GCCTCTATCCGATATG-1",1
"GCCTCTATCGAATCCA-1",1
"GCCTCTATCGAGCCCA-1",0
"GCCTCTATCGCTGATA-1",2
"GCCTCTATCTTTAGGG-1",0
"GCGACCAAGAGGTTAT-1",0
"GCGACCACACTTACGA-1",0
"GCGACCAGTCAGGACA-1",0
"GCGACCAGTCTAGAGG-1",3
"GCGACCATCAACGGGA-1",1
"GCGACCATCCCGGATG-1",1
"GCGACCATCTACTCAT-1",1
"GCGAGAAAGGTTCCTA-1",4
"GCGAGAAAGTACGATA-1",2
"GCGAGAAAGTGTCTCA-1",0
"GCGAGAACAAGCCCAC-1",0
"GCGAGAACACTGAAGG-1",0
"GCGAGAAGTAGCGCTC-1",0
"GCGAGAAGTCCCTACT-1",1
"GCGAGAATCCTTTCGG-1",0
"GCGAGAATCGAGAGCA-1",2
"GCGAGAATCGCACTCT-1",2
"GCGCAACAGTCCTCCT-1",0
"GCGCAACAGTGTACGG-1",2
"GCGCAACCAAGTCTGT-1",0
"GCGCAACCAGCCACCA-1",0
"GCGCAACGTAGCGCTC-1",0
"GCGCAACGTCCCTTGT-1",1
"GCGCAACGTCCTAGCG-1",1
"GCGCAACGTCGACTAT-1",0
"GCGCAACGTCTAGAGG-1",0
"GCGCAACGTGCACGAA-1",3
"GCGCAACTCAATACCG-1",0
"GCGCAGTCACATCCAA-1",1
"GCGCAGTCATTACCTT-1",0
"GCGCAGTGTTAGGGTG-1",1
"GCGCAGTTCGATCCCT-1",1
"GCGCAGTTCGCGGATC-1",0
"GCGCCAAAGACATAAC-1",2
"GCGCCAAAGGACAGCT-1",2
"GCGCCAAAGGCCCTTG-1",0
"GCGCCAAAGGGCTTCC-1",0
"GCGCCAAAGGTACTCT-1",0
"GCGCCAACATAACCTG-1",0
"GCGCCAACATTGGGCC-1",0
"GCGCCAAGTACTTGAC-1",0
"GCGCCAAGTCGGCACT-1",1
"GCGCCAAGTGAAAGAG-1",1
"GCGCCAAGTTGTACAC-1",1
"GCGCCAATCCGTTGCT-1",3
"GCGCGATAGAAGGTTT-1",1
"GCGCGATAGCAGGTCA-1",1
"GCGCGATAGTGAATTG-1",1
"GCGCGATAGTTTGCGT-1",4
"GCGCGATCAGCTCGAC-1",2
"GCGCGATGTAAGTAGT-1",0
"GCGCGATGTATCACCA-1",1
"GCGCGATGTCACTTCC-1",0
"GCGCGATGTTACCAGT-1",4
"GCGCGATTCAGTTAGC-1",0
"GCGCGATTCGTTTAGG-1",0
"GCGGGTTAGAAACGAG-1",1
"GCGGGTTAGCTATGCT-1",2
"GCGGGTTAGTGTGAAT-1",0
"GCGGGTTCACGCGAAA-1",2
"GCGGGTTCAGGCAGTA-1",0
"GCGGGTTCAGTAACGG-1",4
"GCGGGTTGTGAGTATA-1",1
"GCGGGTTGTGGCGAAT-1",2
"GCGGGTTTCCAAAGTC-1",2
"GCGGGTTTCCTTTCTC-1",0
"GCGGGTTTCTCCAACC-1",0
"GCGGGTTTCTTGAGGT-1",0
"GCGGGTTTCTTGTATC-1",0
"GCTCCTACAAACTGTC-1",3
"GCTCCTACACCAGGTC-1",1
"GCTCCTACACCGATAT-1",0
"GCTCCTACAGGGTACA-1",1
"GCTCCTACATTAGCCA-1",0
"GCTCCTAGTCAGGACA-1",0
"GCTCCTAGTCCGTCAG-1",1
"GCTCCTATCAGCCTAA-1",1
"GCTCCTATCCCTAATT-1",1
"GCTCTGTAGAGGTAGA-1",1
"GCTCTGTAGCTGAACG-1",0
"GCTCTGTAGGAGTCTG-1",0
"GCTCTGTAGTGCTGCC-1",0
"GCTCTGTAGTGGACGT-1",0
"GCTCTGTTCACCTCGT-1",0
"GCTGCAGAGCGTGAGT-1",0
"GCTGCAGAGTCAAGCG-1",1
"GCTGCAGAGTCCCACG-1",2
"GCTGCAGCAATTGCTG-1",0
"GCTGCAGCATGCCCGA-1",1
"GCTGCAGCATGCCTAA-1",0
"GCTGCAGGTAAACCTC-1",0
"GCTGCAGGTACGAAAT-1",0
"GCTGCAGGTAGCGCAA-1",0
"GCTGCAGGTCACCCAG-1",1
"GCTGCAGGTCATGCCG-1",0
"GCTGCGAAGGAATGGA-1",0
"GCTGCGAGTCTAACGT-1",1
"GCTGCGAGTGTTTGGT-1",1
"GCTGCGATCTCCTATA-1",0
"GCTGCGATCTTGTTTG-1",0
"GCTGCTTAGAATTGTG-1",2
"GCTGCTTAGGCAATTA-1",0
"GCTGCTTCATCACGTA-1",0
"GCTGCTTCATCCAACA-1",1
"GCTGCTTCATGCCTAA-1",2
"GCTGCTTCATGGTCAT-1",1
"GCTGCTTGTAACGACG-1",0
"GCTGCTTGTAATCGTC-1",3
"GCTGCTTGTAGGGACT-1",0
"GCTGCTTGTGAAAGAG-1",0
"GCTGCTTTCCGGGTGT-1",0
"GCTGGGTAGACCCACC-1",0
"GCTGGGTAGCCACGCT-1",0
"GCTGGGTAGTCGCCGT-1",1
"GCTGGGTAGTCTCAAC-1",1
"GCTGGGTCACGGCTAC-1",0
"GCTGGGTCAGCCAATT-1",0
"GCTGGGTGTACAGTTC-1",0
"GCTGGGTGTACCGTTA-1",0
"GCTGGGTGTCGAGTTT-1",0
"GCTGGGTGTCTCCACT-1",0
"GCTGGGTGTGCCTGTG-1",0
"GCTGGGTTCAGCTTAG-1",0
"GCTGGGTTCCTTAATC-1",0
"GCTTCCAAGAAACCTA-1",2
"GCTTCCACACCACCAG-1",0
"GCTTCCACAGGTCGTC-1",0
"GCTTCCACAGTGAGTG-1",0
"GCTTCCAGTATAGGTA-1",2
"GCTTCCAGTTCAGCGC-1",0
"GCTTCCATCGTCCAGG-1",0
"GCTTGAAAGATGGCGT-1",1
"GCTTGAAAGCCGTCGT-1",1
"GCTTGAACAAACCTAC-1",1
"GCTTGAACACGGTGTC-1",0
"GCTTGAACATCGGAAG-1",1
"GCTTGAAGTGCGGTAA-1",5
"GCTTGAAGTTCTCATT-1",0
"GCTTGAATCAGGATCT-1",0
"GGAAAGCAGGCAGGTT-1",0
"GGAAAGCCAAACGCGA-1",0
"GGAAAGCCAAGTACCT-1",1
"GGAAAGCGTAAGCACG-1",2
"GGAAAGCGTCCTCCAT-1",0
"GGAAAGCGTCGCGTGT-1",0
"GGAAAGCGTGCTTCTC-1",0
"GGAAAGCTCCAGAGGA-1",1
"GGAACTTAGAGTAAGG-1",0
"GGAACTTCAATGTAAG-1",1
"GGAACTTCACAGGAGT-1",0
"GGAACTTCACCTCGTT-1",2
"GGAACTTGTCTCTTTA-1",0
"GGAACTTTCATTGCCC-1",0
"GGAACTTTCATTTGGG-1",0
"GGAACTTTCCGTCATC-1",1
"GGAACTTTCCTCAACC-1",0
"GGAACTTTCGGATGTT-1",0
"GGAATAAAGGTACTCT-1",1
"GGAATAAAGTGTCCAT-1",1
"GGAATAACAGCGTCCA-1",0
"GGAATAAGTCTGGTCG-1",0
"GGAATAAGTGCAGGTA-1",0
"GGAATAATCAGCACAT-1",0
"GGAATAATCTTTACGT-1",1
"GGACAAGAGGTACTCT-1",0
"GGACAAGCAACGATGG-1",2
"GGACAAGCAGTCGTGC-1",2
"GGACAAGCATGGGACA-1",2
"GGACAAGGTATAAACG-1",1
"GGACAAGGTATGAAAC-1",2
"GGACAAGGTCGGCATC-1",0
"GGACAAGGTTATGCGT-1",0
"GGACAAGTCTAACGGT-1",1
"GGACAGAAGCTAGTCT-1",1
"GGACAGAAGTACTTGC-1",0
"GGACAGACAACACGCC-1",0
"GGACAGACACAAGCCC-1",0
"GGACAGAGTAAGTGGC-1",1
"GGACAGAGTCTTTCAT-1",0
"GGACAGAGTGAGGGAG-1",2
"GGACAGAGTTCCACAA-1",0
"GGACAGATCAACGCTA-1",1
"GGACATTAGAGGGCTT-1",0
"GGACATTAGCCACGTC-1",1
"GGACATTCAAACGCGA-1",0
"GGACATTCAATGACCT-1",2
"GGACATTCACCAGCAC-1",1
"GGACATTGTTCTGGTA-1",1
"GGACATTTCCTCTAGC-1",0
"GGACGTCAGTACTTGC-1",1
"GGACGTCAGTGGTAAT-1",0
"GGACGTCCACAGTCGC-1",1
"GGACGTCGTGAGGGAG-1",0
"GGACGTCGTGGCGAAT-1",0
"GGACGTCGTTACGGAG-1",0
"GGACGTCGTTTAAGCC-1",2
"GGACGTCTCCACTCCA-1",0
"GGACGTCTCGCAAACT-1",0
"GGACGTCTCTCCAGGG-1",0
"GGACGTCTCTCGAGTA-1",2
"GGACGTCTCTGGTGTA-1",2
"GGACGTCTCTTCGAGA-1",1
"GGAGCAAAGAACTCGG-1",1
"GGAGCAAAGACTGTAA-1",6
"GGAGCAAAGCCGCCTA-1",1
"GGAGCAAAGCTAAACA-1",1
"GGAGCAAAGTACGCCC-1",0
"GGAGCAACAAGCTGTT-1",0
"GGAGCAACAATGGACG-1",0
"GGAGCAACAATTCCTT-1",1
"GGAGCAACATGCTGGC-1",2
"GGAGCAAGTGAGTATA-1",2
"GGAGCAAGTTACTGAC-1",0
"GGAGCAATCAAGATCC-1",1
"GGAGCAATCCCATTTA-1",0
"GGATGTTCAAACTGTC-1",2
"GGATGTTTCATCACCC-1",1
"GGATGTTTCATGCATG-1",0
"GGATGTTTCCTACAGA-1",0
"GGATGTTTCCTCTAGC-1",0
"GGATTACAGATCCCAT-1",0
"GGATTACAGCTTCGCG-1",1
"GGATTACAGGCTAGCA-1",1
"GGATTACAGTATCTCG-1",0
"GGATTACCAAGCGTAG-1",2
"GGATTACCACATCCGG-1",0
"GGATTACCAGCGTAAG-1",0
"GGATTACGTAATAGCA-1",0
"GGATTACGTACACCGC-1",0
"GGATTACGTCTCTTTA-1",0
"GGATTACGTTGAGGTG-1",0
"GGATTACTCGCGCCAA-1",2
"GGATTACTCGGCGCAT-1",2
"GGATTACTCTGCCCTA-1",0
"GGCAATTCAATCGGTT-1",0
"GGCAATTCACGGCGTT-1",0
"GGCAATTCATCACCCT-1",2
"GGCAATTGTCGATTGT-1",0
"GGCAATTTCACTTACT-1",0
"GGCAATTTCAGCACAT-1",0
"GGCAATTTCTCCGGTT-1",0
"GGCCGATAGTGTCTCA-1",1
"GGCCGATCACGGACAA-1",2
"GGCCGATGTAGGACAC-1",0
"GGCCGATGTCACTGGC-1",1
"GGCCGATGTCCCTACT-1",1
"GGCCGATTCACCGTAA-1",0
"GGCCGATTCCGCGCAA-1",0
"GGCGACTAGAGCTGGT-1",0
"GGCGACTAGGACCACA-1",0
"GGCGACTAGGTTACCT-1",1
"GGCGACTCAAAGCGGT-1",1
"GGCGACTCAAGAGTCG-1",1
"GGCGACTCACCAGGTC-1",0
"GGCGACTCATTGTGCA-1",0
"GGCGACTTCAGAAATG-1",2
"GGCGACTTCAGAGACG-1",1
"GGCGACTTCCAGATCA-1",0
"GGCGACTTCTCTAGGA-1",1
"GGCGTGTAGCTAGCCC-1",0
"GGCGTGTAGGGTATCG-1",3
"GGCGTGTCAGGTCCAC-1",0
"GGCGTGTCAGTATAAG-1",0
"GGCGTGTCATCGTCGG-1",1
"GGCGTGTCATGGAATA-1",1
"GGCGTGTGTCTCCCTA-1",0
"GGCGTGTTCTTGAGGT-1",0
"GGCTCGAAGCCGTCGT-1",0
"GGCTCGAAGGTAAACT-1",2
"GGCTCGACAAGAAGAG-1",0
"GGCTCGACAATAGCAA-1",0
"GGCTCGACATGGTCAT-1",0
"GGCTCGAGTATATCCG-1",2
"GGCTCGAGTTACGTCA-1",1
"GGCTCGAGTTAGGGTG-1",1
"GGCTCGATCTGCAAGT-1",1
"GGCTGGTAGAAGAAGC-1",0
"GGCTGGTAGACCCACC-1",1
"GGCTGGTCAAGGACAC-1",1
"GGCTGGTCACTGCCAG-1",1
"GGCTGGTCATTTCAGG-1",1
"GGCTGGTGTATTCTCT-1",0
"GGCTGGTGTCGCATCG-1",1
"GGCTGGTGTCTAGTGT-1",1
"GGCTGGTGTTATGCGT-1",2
"GGGAATGAGCGTTGCC-1",0
"GGGAATGAGTAGGTGC-1",2
"GGGAATGGTAAGGGAA-1",0
"GGGAATGTCAACGAAA-1",0
"GGGAATGTCCAGTATG-1",0
"GGGAATGTCCGGGTGT-1",0
"GGGACCTAGATGTAAC-1",0
"GGGACCTAGTCTTGCA-1",0
"GGGACCTCAATCAGAA-1",2
"GGGACCTCACTGAAGG-1",1
"GGGAGATAGTACGACG-1",1
"GGGAGATCAAAGTGCG-1",0
"GGGAGATCAAATCCGT-1",3
"GGGAGATCAAGGACTG-1",0
"GGGAGATCACGCGAAA-1",0
"GGGAGATGTAGCGCAA-1",2
"GGGAGATTCAACGGGA-1",0
"GGGAGATTCATCACCC-1",0
"GGGATGAAGTGACATA-1",0
"GGGATGACATCATCCC-1",1
"GGGATGAGTCACCCAG-1",0
"GGGATGAGTGGAAAGA-1",1
"GGGATGAGTTACGACT-1",0
"GGGATGAGTTGGTAAA-1",0
"GGGATGATCAGTTAGC-1",1
"GGGATGATCTATCCTA-1",0
"GGGATGATCTTTAGGG-1",0
"GGGCACTAGTCTCGGC-1",0
"GGGCACTCATCTCCCA-1",0
"GGGCACTTCACCTCGT-1",0
"GGGCACTTCTGAGGGA-1",1
"GGGCATCCAATGTAAG-1",0
"GGGCATCCAGTCTTCC-1",2
"GGGCATCGTGGCGAAT-1",1
"GGGCATCTCACAGTAC-1",3
"GGGCATCTCCCTTGTG-1",0
"GGGCATCTCCGGCACA-1",2
"GGGCATCTCTGTCCGT-1",1
"GGGCATCTCTTATCTG-1",0
"GGGTCTGAGAAGATTC-1",0
"GGGTCTGAGATCCCGC-1",2
"GGGTCTGAGCCAACAG-1",0
"GGGTCTGCACAGGCCT-1",0
"GGGTCTGCACCAGGTC-1",1
"GGGTCTGGTCTGGTCG-1",0
"GGGTCTGGTGATGATA-1",0
"GGGTCTGGTGTGACCC-1",0
"GGGTCTGTCAACTCTT-1",1
"GGGTCTGTCACTCCTG-1",3
"GGGTCTGTCCGTAGTA-1",2
"GGGTTGCAGACAGAGA-1",0
"GGGTTGCAGACCTTTG-1",0
"GGGTTGCAGATCGATA-1",0
"GGGTTGCAGGGTGTTG-1",5
"GGGTTGCAGGTGGGTT-1",0
"GGGTTGCCAATAACGA-1",0
"GGGTTGCCACGCCAGT-1",1
"GGGTTGCCATTAACCG-1",1
"GGGTTGCGTACATCCA-1",0
"GGGTTGCGTAGCGCAA-1",1
"GGGTTGCGTCCTCCAT-1",0
"GGGTTGCGTCGAGTTT-1",2
"GGGTTGCGTGAGTATA-1",1
"GGGTTGCGTGTGACCC-1",1
"GGGTTGCTCGTACCGG-1",4
"GGTATTGAGCACCGTC-1",0
"GGTATTGAGCTATGCT-1",4
"GGTATTGCACATCCAA-1",0
"GGTATTGCAGCTTCGG-1",0
"GGTATTGGTTCCGTCT-1",1
"GGTATTGTCAGAAATG-1",2
"GGTATTGTCCATTCTA-1",2
"GGTATTGTCGCCAGCA-1",0
"GGTGAAGAGACACGAC-1",2
"GGTGAAGAGATCCGAG-1",0
"GGTGAAGCAAGGTGTG-1",0
"GGTGAAGCACTCGACG-1",0
"GGTGAAGCAGTATGCT-1",0
"GGTGAAGGTATGAAAC-1",3
"GGTGAAGGTCAGAATA-1",3
"GGTGAAGGTGGTACAG-1",3
"GGTGAAGGTGTATGGG-1",0
"GGTGAAGGTGTCTGAT-1",0
"GGTGAAGGTGTGGTTT-1",0
"GGTGAAGGTGTGTGCC-1",1
"GGTGAAGTCACGATGT-1",0
"GGTGAAGTCACTCTTA-1",0
"GGTGAAGTCTGGCGTG-1",0
"GGTGCGTAGGTGATTA-1",1
"GGTGCGTAGTACGATA-1",0
"GGTGCGTCACTTAAGC-1",0
"GGTGCGTCAGCTGTAT-1",0
"GGTGCGTGTTCGTTGA-1",0
"GGTGCGTTCCGTACAA-1",1
"GGTGCGTTCTTGACGA-1",1
"GGTGTTAAGGGCTCTC-1",1
"GGTGTTAAGTAGCGGT-1",0
"GGTGTTAAGTGGGATC-1",0
"GGTGTTAAGTTATCGC-1",1
"GGTGTTACAAATCCGT-1",3
"GGTGTTACACGGATAG-1",0
"GGTGTTAGTAATCACC-1",0
"GGTGTTAGTAGCAAAT-1",1
"GGTGTTAGTGTATGGG-1",1
"GGTGTTAGTTGAACTC-1",1
"GGTGTTATCGGACAAG-1",3
"GGTGTTATCGGTGTTA-1",1
"GGTGTTATCTACTTAC-1",1
"GTAACGTAGGTGACCA-1",0
"GTAACGTCACAGGCCT-1",1
"GTAACGTGTACCATCA-1",1
"GTAACGTGTGAGTATA-1",0
"GTAACGTGTTACGGAG-1",6
"GTAACGTGTTAGGGTG-1",0
"GTAACGTTCGGTCCGA-1",0
"GTAACGTTCTCATTCA-1",2
"GTAACTGAGTGGGTTG-1",0
"GTAACTGCAATGGAAT-1",2
"GTAACTGCACAGGCCT-1",1
"GTAACTGCAGGATCGA-1",2
"GTAACTGCATCGGGTC-1",0
"GTAACTGGTATTACCG-1",0
"GTAACTGTCACGGTTA-1",0
"GTAACTGTCTACTATC-1",0
"GTACGTAAGGTGCTTT-1",0
"GTACGTACAGGAATGC-1",0
"GTACGTACATGGATGG-1",0
"GTACGTAGTGAGTGAC-1",1
"GTACGTAGTTGGTAAA-1",0
"GTACGTATCACCTCGT-1",1
"GTACGTATCATCGGAT-1",0
"GTACGTATCCACTGGG-1",0
"GTACTCCAGGCAGTCA-1",0
"GTACTCCCAATAGCGG-1",0
"GTACTCCCACAGGTTT-1",1
"GTACTCCTCACCTTAT-1",0
"GTACTCCTCATTGCCC-1",1
"GTACTCCTCCTTCAAT-1",0
"GTACTTTCAGTTAACC-1",2
"GTACTTTCATGTCGAT-1",0
"GTACTTTTCCGAAGAG-1",0
"GTAGGCCAGCAATCTC-1",1
"GTAGGCCCATTCGACA-1",1
"GTAGGCCGTAACGCGA-1",2
"GTAGGCCGTAAGGGCT-1",2
"GTAGGCCGTACGACCC-1",1
"GTAGGCCGTTCAGGCC-1",1
"GTAGGCCGTTGATTGC-1",0
"GTAGGCCTCAGCACAT-1",3
"GTAGTCAAGAATGTGT-1",1
"GTAGTCAAGATGCCTT-1",1
"GTAGTCAAGGACGAAA-1",0
"GTAGTCAAGTGAAGAG-1",1
"GTAGTCATCGTCACGG-1",5
"GTAGTCATCTGAAAGA-1",2
"GTATCTTAGAAACCAT-1",0
"GTATCTTAGGCTATCT-1",0
"GTATCTTAGTTGTCGT-1",2
"GTATCTTCACACCGCA-1",0
"GTATCTTCACGAAGCA-1",1
"GTATCTTGTTCGCTAA-1",0
"GTATCTTTCATGCTCC-1",1
"GTATCTTTCATGTAGC-1",4
"GTATTCTAGAAACCAT-1",0
"GTATTCTAGACAAAGG-1",0
"GTATTCTCAAAGTCAA-1",0
"GTATTCTCAACAACCT-1",0
"GTATTCTCAACTTGAC-1",0
"GTATTCTCAATAAGCA-1",0
"GTATTCTCAGGGTTAG-1",0
"GTATTCTCATACTACG-1",1
"GTATTCTCATGGTAGG-1",0
"GTATTCTGTAGTGAAT-1",0
"GTATTCTGTCTAGAGG-1",0
"GTCAAGTCATATGCTG-1",1
"GTCAAGTCATGGTTGT-1",1
"GTCAAGTGTCAGCTAT-1",1
"GTCAAGTGTTCCACTC-1",2
"GTCACAAAGCCGATTT-1",0
"GTCACAAAGTGGAGTC-1",2
"GTCACAACAGGTGGAT-1",7
"GTCACAAGTAAACGCG-1",2
"GTCACAATCAGGATCT-1",4
"GTCACAATCAGTTGAC-1",0
"GTCACAATCATGCATG-1",0
"GTCACGGAGATCACGG-1",1
"GTCACGGCATATACCG-1",0
"GTCACGGGTGAGTGAC-1",1
"GTCACGGGTGTGGCTC-1",0
"GTCACGGTCGAGAGCA-1",0
"GTCACGGTCTACCTGC-1",0
"GTCATTTAGAGACTAT-1",1
"GTCATTTCACGTGAGA-1",0
"GTCATTTGTAGAAGGA-1",1
"GTCATTTGTCAGATAA-1",0
"GTCATTTTCCAGAGGA-1",0
"GTCCTCAAGCCCAACC-1",0
"GTCCTCAAGTAGATGT-1",0
"GTCCTCAAGTGGGCTA-1",0
"GTCCTCACAATCACAC-1",0
"GTCCTCAGTGGAAAGA-1",0
"GTCCTCATCAAAGACA-1",0
"GTCCTCATCGTCCGTT-1",0
"GTCGGGTCACTGAAGG-1",0
"GTCGGGTCACTTCGAA-1",0
"GTCGGGTCATGAAGTA-1",0
"GTCGGGTGTCTCACCT-1",1
"GTCGGGTGTGTGACGA-1",0
"GTCGGGTGTGTGTGCC-1",0
"GTCGGGTGTTACGTCA-1",0
"GTCGGGTTCTGCTGTC-1",2
"GTCGGGTTCTGTGCAA-1",0
"GTCGTAAAGAGATGAG-1",1
"GTCGTAAAGCTGCAAG-1",0
"GTCGTAAAGGCGACAT-1",1
"GTCGTAACATCACGAT-1",2
"GTCGTAAGTATCACCA-1",0
"GTCGTAATCCAAGTAC-1",0
"GTCTCGTAGACCACGA-1",0
"GTCTCGTCAGGAACGT-1",2
"GTCTCGTGTGGTAACG-1",2
"GTCTCGTGTTTGGCGC-1",4
"GTCTCGTTCACCGGGT-1",0
"GTCTCGTTCAGTGCAT-1",0
"GTCTTCGAGACAAGCC-1",1
"GTCTTCGAGGAATGGA-1",0
"GTCTTCGAGTCAAGCG-1",0
"GTCTTCGCACATGGGA-1",1
"GTCTTCGCACCAGGTC-1",0
"GTCTTCGCAGACGCAA-1",0
"GTCTTCGCATAACCTG-1",1
"GTCTTCGCATCGATGT-1",0
"GTCTTCGGTCTAGTGT-1",1
"GTCTTCGTCTCGATGA-1",0
"GTGAAGGAGAGCTGGT-1",0
"GTGAAGGAGATCGGGT-1",0
"GTGAAGGAGCCAGTTT-1",2
"GTGAAGGAGTGTTGAA-1",0
"GTGAAGGCAAAGGCGT-1",0
"GTGAAGGCACTTAAGC-1",2
"GTGAAGGCAGATTGCT-1",1
"GTGAAGGGTATATGGA-1",0
"GTGAAGGGTCTCTCTG-1",6
"GTGAAGGTCTCCTATA-1",0
"GTGCAGCAGACATAAC-1",1
"GTGCAGCAGTGGTCCC-1",0
"GTGCAGCCACATCTTT-1",0
"GTGCAGCGTGAGTATA-1",0
"GTGCAGCTCTTAGAGC-1",0
"GTGCATAAGGCATGGT-1",4
"GTGCATAGTTTGTTGG-1",2
"GTGCATATCAGAGCTT-1",0
"GTGCATATCATCATTC-1",1
"GTGCATATCTGCGTAA-1",1
"GTGCGGTAGCAATCTC-1",1
"GTGCGGTAGGACAGAA-1",0
"GTGCGGTCAAAGGTGC-1",2
"GTGCGGTGTTCAGACT-1",0
"GTGCGGTGTTCTGTTT-1",0
"GTGCGGTTCATCTGCC-1",0
"GTGCGGTTCCAGGGCT-1",0
"GTGCGGTTCGGATGGA-1",0
"GTGCGGTTCTCGTTTA-1",1
"GTGCGGTTCTGCTGTC-1",2
"GTGCTTCAGCCAGTTT-1",1
"GTGCTTCAGGATTCGG-1",1
"GTGCTTCAGTACACCT-1",0
"GTGCTTCCACTTAACG-1",2
"GTGCTTCCAGCTATTG-1",0
"GTGCTTCGTAGAGTGC-1",0
"GTGCTTCTCACAATGC-1",0
"GTGCTTCTCACTTCAT-1",0
"GTGGGTCAGACCGGAT-1",1
"GTGGGTCAGACTGTAA-1",0
"GTGGGTCAGCCGTCGT-1",0
"GTGGGTCCACCAACCG-1",2
"GTGGGTCCACCACCAG-1",0
"GTGTGCGAGACCGGAT-1",0
"GTGTGCGAGACTTGAA-1",0
"GTGTGCGCAGGTCGTC-1",0
"GTGTGCGGTGAGCGAT-1",0
"GTGTGCGTCAGTCAGT-1",1
"GTGTGCGTCCCTTGTG-1",0
"GTGTGCGTCTAACTTC-1",2
"GTGTTAGAGCACGCCT-1",1
"GTGTTAGAGGACAGAA-1",0
"GTGTTAGAGGCATGGT-1",0
"GTGTTAGAGTGGAGAA-1",1
"GTGTTAGAGTTTGCGT-1",0
"GTGTTAGCAATGGAAT-1",0
"GTGTTAGCACCACCAG-1",0
"GTGTTAGGTGCCTGGT-1",2
"GTGTTAGGTGGAAAGA-1",0
"GTGTTAGGTTCCATGA-1",1
"GTGTTAGGTTGGGACA-1",0
"GTTAAGCAGAGCTGCA-1",1
"GTTAAGCAGATAGCAT-1",0
"GTTAAGCAGCTAACAA-1",0
"GTTAAGCAGGCTACGA-1",0
"GTTAAGCAGTGTACCT-1",0
"GTTAAGCAGTTTGCGT-1",0
"GTTAAGCCATTCACTT-1",2
"GTTAAGCGTACTCGCG-1",0
"GTTAAGCGTCTAGGTT-1",0
"GTTAAGCGTGGCAAAC-1",0
"GTTAAGCGTTGCTCCT-1",1
"GTTAAGCTCCTTTCGG-1",3
"GTTACAGAGAGCTATA-1",0
"GTTACAGAGTACGATA-1",0
"GTTACAGCAGACGCCT-1",2
"GTTACAGCATCGGTTA-1",1
"GTTACAGGTATGGTTC-1",0
"GTTACAGGTCGACTGC-1",1
"GTTACAGGTCTAGGTT-1",0
"GTTCATTAGCGATGAC-1",2
"GTTCATTCATATACGC-1",0
"GTTCATTCATTGGCGC-1",0
"GTTCATTGTGCACGAA-1",0
"GTTCATTGTGTTAAGA-1",0
"GTTCATTGTTCAGTAC-1",1
"GTTCGGGAGACGACGT-1",2
"GTTCGGGAGCTAAGAT-1",0
"GTTCGGGAGTGTCTCA-1",0
"GTTCGGGGTAGGGTAC-1",1
"GTTCGGGGTGCAGGTA-1",0
"GTTCGGGTCCACGCAG-1",0
"GTTCGGGTCTACTTAC-1",1
"GTTCTCGAGACCACGA-1",0
"GTTCTCGAGCGATGAC-1",0
"GTTCTCGAGGCCATAG-1",1
"GTTCTCGCATCGGACC-1",2
"GTTCTCGGTAAGGGAA-1",1
"GTTCTCGGTAGCGTAG-1",0
"GTTCTCGGTCCGTGAC-1",2
"GTTCTCGGTGTTAAGA-1",2
"GTTCTCGTCAACGCTA-1",0
"GTTCTCGTCCTGTACC-1",0
"GTTTCTACAAACCTAC-1",1
"GTTTCTACAAGAAAGG-1",1
"GTTTCTAGTGTTGGGA-1",0
"GTTTCTATCCCAACGG-1",2
"GTTTCTATCCGTAGTA-1",0
"GTTTCTATCGGCATCG-1",0
"TAAACCGGTACTTAGC-1",0
"TAAACCGTCACTCTTA-1",1
"TAAACCGTCAGGCGAA-1",0
"TAAACCGTCCGTTGTC-1",1
"TAAACCGTCTTCCTTC-1",0
"TAAGAGACAAGTTGTC-1",0
"TAAGAGAGTATATCCG-1",1
"TAAGAGATCAATCACG-1",0
"TAAGAGATCTAACGGT-1",2
"TAAGAGATCTTTCCTC-1",2
"TAAGCGTAGTGGACGT-1",0
"TAAGCGTAGTGTCTCA-1",0
"TAAGCGTCAGCTTCGG-1",2
"TAAGCGTCAGGTGGAT-1",0
"TAAGCGTGTCCTGCTT-1",1
"TAAGCGTGTGCCTGGT-1",0
"TAAGCGTGTTGTTTGG-1",0
"TAAGCGTTCCTCATTA-1",0
"TAAGCGTTCGGCGCAT-1",0
"TAAGCGTTCTCGCATC-1",1
"TAAGTGCAGGCTAGGT-1",0
"TAAGTGCAGTAGCGGT-1",1
"TAAGTGCCAACGCACC-1",0
"TAAGTGCCATACAGCT-1",1
"TAAGTGCGTAAACACA-1",0
"TAAGTGCGTCTCACCT-1",0
"TAAGTGCGTTCAGACT-1",0
"TAAGTGCTCACCCTCA-1",0
"TAAGTGCTCACTGGGC-1",1
"TAAGTGCTCTGGCGTG-1",0
"TACACGACACCCATTC-1",0
"TACACGAGTGATAAAC-1",1
"TACACGATCTGTCTCG-1",0
"TACAGTGAGATGCGAC-1",2
"TACAGTGAGCGTTGCC-1",0
"TACAGTGAGTGTACGG-1",0
"TACAGTGCAGGAATCG-1",0
"TACAGTGCAGGTGCCT-1",2
"TACAGTGGTACTCAAC-1",1
"TACAGTGGTTGGACCC-1",1
"TACCTATAGAGCTGGT-1",2
"TACCTATAGAGTTGGC-1",0
"TACCTATAGGCTCATT-1",1
"TACCTATAGTTAGCGG-1",0
"TACCTATCAAGCTGGA-1",0
"TACCTATGTAAATGAC-1",2
"TACCTATGTAGAGTGC-1",0
"TACCTATGTCACCTAA-1",0
"TACCTATGTGTTGAGG-1",0
"TACCTATGTTAAAGAC-1",0
"TACCTATTCTATGTGG-1",0
"TACCTATTCTTCCTTC-1",0
"TACCTTAAGAGGTTGC-1",0
"TACCTTAAGTCAAGCG-1",0
"TACCTTAAGTGGTCCC-1",1
"TACCTTACAACTGGCC-1",0
"TACCTTACAAGGGTCA-1",0
"TACCTTACACTCAGGC-1",0
"TACCTTACATCTACGA-1",0
"TACCTTAGTAGCGTCC-1",3
"TACCTTAGTCTCCACT-1",1
"TACGGATAGATGGCGT-1",0
"TACGGATAGGTACTCT-1",2
"TACGGATCAGGGATTG-1",1
"TACGGATCATCACCCT-1",0
"TACGGATGTCTAGCCG-1",1
"TACGGATTCGGTGTCG-1",3
"TACGGATTCTACTATC-1",0
"TACGGGCAGGATGCGT-1",0
"TACGGGCAGGGAACGG-1",2
"TACGGGCAGTATTGGA-1",0
"TACGGGCAGTCAAGCG-1",0
"TACGGGCCAAGAAGAG-1",0
"TACGGGCCACCAGATT-1",0
"TACGGGCCATCAGTAC-1",1
"TACGGGCGTAAGGGCT-1",0
"TACGGGCGTCTGATTG-1",2
"TACGGGCGTGATGTGG-1",0
"TACGGGCTCACCTTAT-1",0
"TACGGGCTCAGCTCTC-1",0
"TACGGGCTCCACGAAT-1",0
"TACGGGCTCCTATTCA-1",0
"TACGGGCTCGGTGTTA-1",0
"TACGGTAAGATATGGT-1",2
"TACGGTAAGCCGATTT-1",1
"TACGGTAAGTCATGCT-1",0
"TACGGTAAGTGCCATT-1",0
"TACGGTACACAGGCCT-1",0
"TACGGTACATTTCAGG-1",0
"TACGGTAGTATATCCG-1",0
"TACGGTAGTCACTTCC-1",3
"TACGGTAGTGCAGGTA-1",1
"TACGGTAGTGGGTATG-1",2
"TACGGTATCGCAGGCT-1",0
"TACGGTATCGGACAAG-1",1
"TACGGTATCGTTTATC-1",0
"TACTCATAGTCACGCC-1",1
"TACTCATCAATCTACG-1",1
"TACTCATCACGGTAGA-1",1
"TACTCATCACTTCTGC-1",1
"TACTCATCATCCGTGG-1",1
"TACTCATCATGTCGAT-1",1
"TACTCATGTACAGCAG-1",1
"TACTCATGTCTTCAAG-1",0
"TACTCATTCCTTTCTC-1",0
"TACTCGCAGGCGACAT-1",11
"TACTCGCGTCAGAAGC-1",1
"TACTCGCGTCTGATTG-1",2
"TACTCGCGTGTAACGG-1",0
"TACTCGCGTTGAGTTC-1",1
"TACTCGCTCAACGGGA-1",1
"TACTCGCTCCGAATGT-1",1
"TACTTACAGACTAGGC-1",0
"TACTTACAGCTGAACG-1",1
"TACTTACAGTACACCT-1",0
"TACTTACAGTACGCCC-1",2
"TACTTACAGTGATCGG-1",1
"TACTTACCAAGCCGTC-1",0
"TACTTACCACAGGTTT-1",0
"TACTTACTCGCGTTTC-1",1
"TACTTGTAGCGATATA-1",1
"TACTTGTAGTAATCCC-1",0
"TACTTGTCAAACAACA-1",0
"TACTTGTCATGCAACT-1",0
"TACTTGTGTAGCACGA-1",0
"TACTTGTGTATAAACG-1",0
"TACTTGTGTTCCACAA-1",0
"TACTTGTTCTGCAGTA-1",1
"TAGACCAAGAGACGAA-1",0
"TAGACCAAGCCTCGTG-1",0
"TAGACCAAGTCGATAA-1",0
"TAGACCACAACACCCG-1",0
"TAGACCAGTAGATTAG-1",0
"TAGACCAGTTCATGGT-1",0
"TAGACCATCACTTCAT-1",0
"TAGACCATCGTCACGG-1",3
"TAGACCATCTCCAGGG-1",0
"TAGAGCTAGAATTCCC-1",0
"TAGAGCTAGTATTGGA-1",1
"TAGAGCTCACTGAAGG-1",0
"TAGAGCTGTACTTGAC-1",1
"TAGAGCTGTAGGGACT-1",0
"TAGAGCTGTCTAAAGA-1",0
"TAGCCGGAGACTGGGT-1",0
"TAGCCGGAGTCCCACG-1",0
"TAGCCGGAGTGACATA-1",0
"TAGCCGGCAGCAGTTT-1",0
"TAGCCGGGTACAGTGG-1",0
"TAGCCGGGTACCATCA-1",0
"TAGCCGGGTCGCGAAA-1",4
"TAGCCGGTCACGACTA-1",1
"TAGCCGGTCCAGGGCT-1",1
"TAGGCATAGAACTGTA-1",3
"TAGGCATAGCTAGGCA-1",1
"TAGGCATAGTCGTACT-1",0
"TAGGCATAGTTTAGGA-1",0
"TAGGCATCAAGCCTAT-1",0
"TAGGCATCAGACGCAA-1",1
"TAGGCATGTACGAAAT-1",0
"TAGGCATGTCCAGTTA-1",2
"TAGGCATGTTCCACTC-1",2
"TAGGCATTCCCTAACC-1",0
"TAGGCATTCGCTAGCG-1",3
"TAGGCATTCGTAGATC-1",0
"TAGGCATTCTTCATGT-1",1
"TAGTGGTAGATCACGG-1",0
"TAGTGGTAGCTGTTCA-1",1
"TAGTGGTCAGTATAAG-1",0
"TAGTGGTGTAGCGTAG-1",0
"TAGTGGTTCAGCATGT-1",0
"TAGTGGTTCGGCGCAT-1",0
"TAGTGGTTCTCAAGTG-1",0
"TAGTGGTTCTGGGCCA-1",4
"TAGTGGTTCTTTAGTC-1",1
"TAGTTGGAGATAGGAG-1",1
"TAGTTGGCAGACGCAA-1",0
"TAGTTGGCATGCGCAC-1",2
"TAGTTGGGTATGGTTC-1",0
"TAGTTGGTCCGAATGT-1",0
"TAGTTGGTCTACTCAT-1",2
"TAGTTGGTCTCTAAGG-1",1
"TAGTTGGTCTGATACG-1",0
"TATCAGGAGAGTAAGG-1",1
"TATCAGGAGATCCGAG-1",2
"TATCAGGAGCAGATCG-1",0
"TATCAGGAGGTGCTTT-1",0
"TATCAGGCAACTTGAC-1",0
"TATCAGGCACGTTGGC-1",0
"TATCAGGGTCCGTTAA-1",1
"TATCAGGGTCTGCAAT-1",0
"TATCAGGGTTAAAGAC-1",0
"TATCAGGTCAAGATCC-1",1
"TATCAGGTCCACTCCA-1",2
"TATCAGGTCGTAGGTT-1",1
"TATCTCAAGAGTTGGC-1",1
"TATCTCAAGCCACCTG-1",1
"TATCTCAAGCGTAATA-1",0
"TATCTCAAGGCTAGCA-1",0
"TATCTCAAGTGGGCTA-1",0
"TATCTCACATGTCCTC-1",0
"TATCTCAGTAACGACG-1",1
"TATCTCAGTACCTACA-1",0
"TATCTCAGTACGACCC-1",0
"TATCTCAGTCAATGTC-1",2
"TATCTCATCAAGCCTA-1",0
"TATGCCCAGAAACCGC-1",0
"TATGCCCAGGTAGCTG-1",1
"TATGCCCCAATGGAAT-1",1
"TATGCCCCACTTAACG-1",0
"TATGCCCCATGTTCCC-1",1
"TATGCCCGTAGCCTCG-1",1
"TATGCCCGTATAGGGC-1",0
"TATGCCCGTATGAAAC-1",2
"TATGCCCGTCGCCATG-1",3
"TATGCCCGTGCCTTGG-1",0
"TATGCCCGTTAAGATG-1",0
"TATGCCCGTTGGTGGA-1",1
"TATGCCCGTTTAGGAA-1",0
"TATGCCCTCGTCTGCT-1",0
"TATTACCAGAGAGCTC-1",0
"TATTACCAGCAAATCA-1",3
"TATTACCAGCCCGAAA-1",0
"TATTACCAGTATCTCG-1",0
"TATTACCCAAAGTGCG-1",1
"TATTACCCAGACAAGC-1",0
"TATTACCCAGTCAGCC-1",0
"TATTACCCATAAAGGT-1",0
"TATTACCCATCTACGA-1",0
"TATTACCGTCCAGTAT-1",4
"TCAACGAAGCCGATTT-1",0
"TCAACGAAGCGATGAC-1",0
"TCAACGAAGGCATGTG-1",0
"TCAACGAAGTAGTGCG-1",2
"TCAACGACACCAGGCT-1",1
"TCAACGACATGCCTTC-1",4
"TCAACGAGTTACCAGT-1",1
"TCAACGAGTTCCATGA-1",0
"TCAACGAGTTCTGGTA-1",1
"TCAACGATCAGTCCCT-1",1
"TCAACGATCTGTGCAA-1",3
"TCAATCTAGATCCCGC-1",1
"TCAATCTCACAAGCCC-1",0
"TCAATCTCACAGCCCA-1",0
"TCAATCTCATGACGGA-1",1
"TCAATCTCATTTGCTT-1",0
"TCAATCTGTAGTGAAT-1",1
"TCAATCTGTTAGATGA-1",2
"TCAATCTTCAGATAAG-1",1
"TCAATCTTCATGTCCC-1",2
"TCACAAGAGACTGGGT-1",1
"TCACAAGAGAGAGCTC-1",0
"TCACAAGAGGCCCTCA-1",1
"TCACAAGAGGTGGGTT-1",3
"TCACAAGAGTAGATGT-1",2
"TCACAAGCAGTATGCT-1",1
"TCACAAGCATAACCTG-1",2
"TCACAAGCATGACATC-1",0
"TCACAAGGTCAGATAA-1",0
"TCACAAGGTGTGGTTT-1",1
"TCACAAGTCATCATTC-1",0
"TCACAAGTCATGCATG-1",0
"TCACGAAAGCTCCTTC-1",0
"TCACGAAAGGTGCTTT-1",0
"TCACGAAAGTCTCGGC-1",1
"TCACGAACACAAGACG-1",1
"TCACGAACACTGTCGG-1",0
"TCACGAAGTGGTCCGT-1",1
"TCACGAAGTTGGTGGA-1",0
"TCACGAATCATGCAAC-1",3
"TCACGAATCCCGACTT-1",1
"TCACGAATCCTCGCAT-1",0
"TCACGAATCGTCACGG-1",0
"TCAGATGAGGTGCACA-1",0
"TCAGATGGTCTTGTCC-1",2
"TCAGATGGTGCCTGCA-1",0
"TCAGATGGTGCTGTAT-1",0
"TCAGATGTCAGTTTGG-1",0
"TCAGATGTCGCATGAT-1",0
"TCAGATGTCTCCTATA-1",0
"TCAGCAAAGGAGTCTG-1",1
"TCAGCAAAGGCTCATT-1",1
"TCAGCAAAGTACGACG-1",0
"TCAGCAAAGTGGCACA-1",3
"TCAGCAACACGCATCG-1",1
"TCAGCAAGTACCGGCT-1",1
"TCAGCAATCAGCGATT-1",1
"TCAGCAATCGGAAACG-1",0
"TCAGCAATCTTCAACT-1",2
"TCAGCTCAGGTGTTAA-1",1
"TCAGCTCAGTATGACA-1",2
"TCAGCTCCAATCTGCA-1",1
"TCAGCTCCACGGTTTA-1",1
"TCAGCTCGTAATAGCA-1",0
"TCAGCTCGTCCGTCAG-1",0
"TCAGCTCGTTCACGGC-1",3
"TCAGCTCTCACGATGT-1",2
"TCAGCTCTCATGCATG-1",0
"TCAGCTCTCCTAAGTG-1",2
"TCAGCTCTCTCGTATT-1",0
"TCAGGATAGACAGAGA-1",0
"TCAGGATAGATATGGT-1",0
"TCAGGATCAAACGTGG-1",0
"TCAGGATCAAGTTCTG-1",3
"TCAGGATCACGGTGTC-1",2
"TCAGGATCACTGTGTA-1",1
"TCAGGATCAGCATACT-1",0
"TCAGGATCATCTGGTA-1",0
"TCAGGATGTAAGCACG-1",0
"TCAGGATGTGGCCCTA-1",1
"TCAGGATTCCGATATG-1",1
"TCAGGATTCTCGATGA-1",0
"TCAGGTAAGATGGCGT-1",1
"TCAGGTAAGTGTTTGC-1",1
"TCAGGTACACAAGTAA-1",1
"TCAGGTACACAGAGGT-1",1
"TCAGGTACAGCTGCTG-1",0
"TCAGGTAGTAAACGCG-1",0
"TCATTACAGAAACCAT-1",0
"TCATTACAGGAGTTGC-1",0
"TCATTACAGTTGCAGG-1",1
"TCATTACCACATCCAA-1",0
"TCATTACCAGTCAGCC-1",0
"TCATTACGTACGCACC-1",0
"TCATTACGTCTAGAGG-1",0
"TCATTACGTGAAGGCT-1",0
"TCATTACGTTCTGTTT-1",2
"TCATTACTCATCGATG-1",0
"TCATTTGAGCCAGTTT-1",1
"TCATTTGCACGTCTCT-1",3
"TCATTTGCAGTTAACC-1",1
"TCATTTGTCCAGAGGA-1",1
"TCATTTGTCCCTTGCA-1",1
"TCATTTGTCCGTCAAA-1",0
"TCATTTGTCGCTAGCG-1",3
"TCATTTGTCGTACGGC-1",1
"TCATTTGTCTCTGCTG-1",0
"TCCACACCAAAGAATC-1",1
"TCCACACCACGCCAGT-1",2
"TCCACACGTACAGCAG-1",0
"TCCACACGTAGCCTAT-1",0
"TCCACACGTCATCGGC-1",1
"TCCACACGTGACCAAG-1",0
"TCCACACGTGCGAAAC-1",0
"TCCACACTCAACACCA-1",0
"TCCACACTCCAGTATG-1",2
"TCCACACTCCCATTTA-1",0
"TCCACACTCGAACTGT-1",0
"TCCCGATAGAAGAAGC-1",2
"TCCCGATAGCACAGGT-1",0
"TCCCGATAGCCGGTAA-1",1
"TCCCGATCAAGGTTCT-1",0
"TCCCGATCAGCCAATT-1",0
"TCCCGATCATCCAACA-1",1
"TCCCGATGTAAGGATT-1",0
"TCCCGATGTCAATACC-1",1
"TCCCGATTCAGAAATG-1",0
"TCCCGATTCAGTCCCT-1",0
"TCCCGATTCATCTGTT-1",0
"TCCCGATTCCCTAATT-1",0
"TCCCGATTCTGGAGCC-1",0
"TCGAGGCAGCGATGAC-1",1
"TCGAGGCAGTGTTTGC-1",1
"TCGAGGCCAAAGAATC-1",0
"TCGAGGCCAAGTTCTG-1",0
"TCGAGGCCAGTAACGG-1",0
"TCGAGGCGTATATCCG-1",0
"TCGAGGCTCGCAAGCC-1",0
"TCGAGGCTCTTGAGAC-1",1
"TCGAGGCTCTTTCCTC-1",0
"TCGCGAGAGACAAAGG-1",2
"TCGCGAGAGTGAATTG-1",1
"TCGCGAGCAAGCGTAG-1",0
"TCGCGAGCACCGAATT-1",0
"TCGCGAGCAGTAAGAT-1",0
"TCGCGAGTCCACGAAT-1",1
"TCGCGAGTCTAGCACA-1",2
"TCGCGAGTCTCTAGGA-1",1
"TCGCGAGTCTTCATGT-1",0
"TCGCGTTAGTGGGCTA-1",0
"TCGCGTTCACAGGCCT-1",0
"TCGCGTTCATCACAAC-1",0
"TCGCGTTCATCTCGCT-1",0
"TCGCGTTGTTCACCTC-1",0
"TCGCGTTTCAAGATCC-1",0
"TCGCGTTTCAGGTAAA-1",0
"TCGCGTTTCATTCACT-1",0
"TCGCGTTTCCTGTACC-1",0
"TCGCGTTTCGCCCTTA-1",2
"TCGGGACCACACATGT-1",3
"TCGGGACTCCTTGCCA-1",0
"TCGGGACTCTGCGGCA-1",0
"TCGGGACTCTTGTCAT-1",0
"TCGGTAAAGACAGGCT-1",0
"TCGGTAAAGCTCAACT-1",2
"TCGGTAACAAGCTGAG-1",0
"TCGGTAACAGGAATGC-1",0
"TCGGTAAGTATATGGA-1",3
"TCGGTAAGTCTAGTCA-1",1
"TCGGTAATCCCGGATG-1",3
"TCGTACCAGCAGGCTA-1",0
"TCGTACCAGTTTCCTT-1",1
"TCGTACCGTTTGCATG-1",1
"TCGTACCTCGGGAGTA-1",0
"TCGTAGAAGCTAACTC-1",1
"TCGTAGAAGGCGACAT-1",0
"TCGTAGAAGGGAACGG-1",0
"TCGTAGAAGTCCATAC-1",0
"TCGTAGACAATCCAAC-1",0
"TCGTAGACACTCAGGC-1",1
"TCGTAGAGTATGAATG-1",2
"TCGTAGAGTGAGCGAT-1",1
"TCGTAGAGTGTGTGCC-1",0
"TCGTAGAGTTCAACCA-1",1
"TCGTAGAGTTCCATGA-1",1
"TCGTAGATCCAAGCCG-1",3
"TCGTAGATCTTAGCCC-1",0
"TCTATTGAGCGATTCT-1",0
"TCTATTGAGTGCCATT-1",1
"TCTATTGCACATCTTT-1",0
"TCTATTGGTAAGTGTA-1",1
"TCTATTGGTCCAACTA-1",1
"TCTATTGGTCTGCCAG-1",0
"TCTATTGGTTGCTCCT-1",0
"TCTATTGTCGGCGCTA-1",1
"TCTCATAAGCTAAACA-1",1
"TCTCATAAGCTAGTCT-1",1
"TCTCATAAGTGCCATT-1",0
"TCTCATAGTACCGGCT-1",2
"TCTCATAGTGTAAGTA-1",1
"TCTCATATCAAGCCTA-1",0
"TCTCATATCACCTTAT-1",1
"TCTCATATCCTGTACC-1",0
"TCTCTAAAGACCGGAT-1",0
"TCTCTAAAGGGTGTTG-1",1
"TCTCTAACAGCCTATA-1",1
"TCTCTAAGTCCAGTAT-1",1
"TCTCTAAGTCCATGAT-1",1
"TCTCTAAGTCTCATCC-1",1
"TCTCTAAGTGGAAAGA-1",1
"TCTCTAATCAAACCAC-1",0
"TCTCTAATCAACGCTA-1",0
"TCTCTAATCACAGGCC-1",1
"TCTCTAATCACATACG-1",1
"TCTCTAATCCGTAGGC-1",1
"TCTCTAATCGTATCAG-1",4
"TCTGAGACAAACCTAC-1",1
"TCTGAGACACGGATAG-1",2
"TCTGAGACAGAGTGTG-1",0
"TCTGAGAGTAAGGGAA-1",0
"TCTGAGATCCTTGACC-1",0
"TCTGAGATCTATCCTA-1",0
"TCTGGAAAGCGATGAC-1",2
"TCTGGAAAGCTAGTTC-1",1
"TCTGGAAAGCTCTCGG-1",0
"TCTGGAAAGGAGCGAG-1",0
"TCTGGAACACAAGACG-1",0
"TCTGGAACACACTGCG-1",0
"TCTGGAACACTTCTGC-1",1
"TCTGGAAGTGAGTATA-1",1
"TCTGGAATCTGTCTAT-1",0
"TCTTCGGAGGTTCCTA-1",0
"TCTTCGGAGTTCGATC-1",0
"TCTTCGGCAAAGCAAT-1",0
"TCTTCGGCAAAGGTGC-1",1
"TCTTCGGCAATAGCAA-1",4
"TCTTCGGCAATGTAAG-1",2
"TCTTCGGCACACCGAC-1",0
"TCTTCGGCAGCCAATT-1",0
"TCTTCGGGTCATTAGC-1",0
"TCTTCGGTCGTAGGTT-1",0
"TCTTCGGTCTCTAAGG-1",1
"TCTTTCCAGAGAGCTC-1",0
"TCTTTCCAGTCATCCA-1",0
"TCTTTCCCATCTCCCA-1",0
"TCTTTCCGTAATCACC-1",1
"TCTTTCCGTAGTACCT-1",0
"TCTTTCCTCACAACGT-1",2
"TCTTTCCTCAGCTGGC-1",0
"TCTTTCCTCCAAGTAC-1",0
"TCTTTCCTCCTCGCAT-1",0
"TGAAAGAAGCTAAGAT-1",4
"TGAAAGACAAGCCGTC-1",0
"TGAAAGACACATTCGA-1",0
"TGAAAGACATGAGCGA-1",0
"TGAAAGAGTCTAGCGC-1",2
"TGAAAGAGTCTCATCC-1",2
"TGAAAGATCCCGACTT-1",0
"TGAAAGATCTATGTGG-1",3
"TGACAACCAAGCGAGT-1",0
"TGACAACGTAGGGACT-1",1
"TGACAACGTGCGCTTG-1",0
"TGACAACGTGGTTTCA-1",0
"TGACAACTCACAAACC-1",0
"TGACAACTCCACGTGG-1",0
"TGACAACTCGAATGCT-1",1
"TGACGGCAGCGCCTCA-1",1
"TGACGGCAGGCTCAGA-1",0
"TGACGGCAGTCAAGCG-1",1
"TGACGGCCACAGACTT-1",0
"TGACGGCGTCATCCCT-1",0
"TGACGGCTCAGGCGAA-1",1
"TGACGGCTCCACTGGG-1",0
"TGACTAGAGACCCACC-1",1
"TGACTAGAGGGCATGT-1",2
"TGACTAGAGTCTCAAC-1",2
"TGACTAGAGTTGAGAT-1",0
"TGACTAGCAGCATACT-1",1
"TGACTAGCAGTCAGAG-1",0
"TGACTAGCATTTCACT-1",1
"TGACTAGGTAAATACG-1",2
"TGACTAGGTGAAAGAG-1",0
"TGACTAGGTGCAGTAG-1",6
"TGACTAGTCATGCATG-1",0
"TGACTAGTCCATGCTC-1",0
"TGACTAGTCTGTTGAG-1",1
"TGACTTTAGAACAATC-1",2
"TGACTTTAGTCTCGGC-1",0
"TGACTTTAGTTAGGTA-1",1
"TGACTTTCAGTCCTTC-1",1
"TGACTTTCATTATCTC-1",0
"TGACTTTGTCACACGC-1",1
"TGACTTTTCCTCAATT-1",2
"TGACTTTTCTGCCCTA-1",0
"TGAGAGGAGGCTCATT-1",0
"TGAGAGGCAAAGTCAA-1",0
"TGAGAGGCAAGCCATT-1",1
"TGAGAGGCACCATGTA-1",1
"TGAGAGGGTCACTGGC-1",1
"TGAGAGGGTCTAAACC-1",0
"TGAGAGGTCGAACTGT-1",0
"TGAGAGGTCGCGTTTC-1",1
"TGAGAGGTCTGACCTC-1",0
"TGAGCATAGAAACGAG-1",0
"TGAGCATAGAAGCCCA-1",0
"TGAGCATAGATGTCGG-1",1
"TGAGCATAGGAATGGA-1",0
"TGAGCATCACCAGGCT-1",0
"TGAGCATCAGATGAGC-1",0
"TGAGCATCAGCGTAAG-1",0
"TGAGCATCAGCTGTAT-1",0
"TGAGCATGTGGCCCTA-1",1
"TGAGCATTCCACGTTC-1",2
"TGAGCATTCCGATATG-1",0
"TGAGCATTCGGCCGAT-1",2
"TGAGCCGCATCGGGTC-1",1
"TGAGCCGGTCGAACAG-1",0
"TGAGCCGGTGTAATGA-1",0
"TGAGCCGGTTGATTCG-1",1
"TGAGCCGTCATCTGCC-1",0
"TGAGCCGTCGTCACGG-1",0
"TGAGCCGTCTTGAGGT-1",3
"TGAGGGAAGAGACTAT-1",0
"TGAGGGAAGGAGTACC-1",1
"TGAGGGAAGTCATCCA-1",1
"TGAGGGAAGTCATGCT-1",1
"TGAGGGACACCAGTTA-1",0
"TGAGGGACATAAGACA-1",3
"TGAGGGAGTAAACGCG-1",2
"TGAGGGAGTTAGGGTG-1",0
"TGAGGGATCAACGGGA-1",0
"TGAGGGATCTAGCACA-1",1
"TGAGGGATCTCTTATG-1",0
"TGATTTCCATCCGGGT-1",1
"TGATTTCGTAGGCATG-1",1
"TGATTTCGTTAAGACA-1",0
"TGATTTCTCTGATTCT-1",1
"TGCACCTAGACCTTTG-1",1
"TGCACCTAGGACGAAA-1",3
"TGCACCTCAAGTTGTC-1",5
"TGCACCTCAATAGAGT-1",2
"TGCACCTCATCCGGGT-1",0
"TGCACCTGTAATCACC-1",0
"TGCACCTGTCACACGC-1",0
"TGCACCTTCACGGTTA-1",0
"TGCACCTTCATCGGAT-1",1
"TGCACCTTCCGCGGTA-1",0
"TGCACCTTCGAACTGT-1",0
"TGCACCTTCTCTTGAT-1",0
"TGCCAAACAATGTAAG-1",1
"TGCCAAACAATTCCTT-1",0
"TGCCAAAGTTCGCGAC-1",15
"TGCCAAATCCAAACTG-1",1
"TGCCAAATCCCTGACT-1",1
"TGCCAAATCGGCGGTT-1",0
"TGCCCATAGACTAGGC-1",0
"TGCCCATAGCGTCAAG-1",0
"TGCCCATAGCGTGAAC-1",4
"TGCCCATAGCTGTTCA-1",0
"TGCCCATAGGATGGAA-1",1
"TGCCCATAGTACGCCC-1",1
"TGCCCATAGTTGAGTA-1",0
"TGCCCATCACCAGGTC-1",0
"TGCCCATCACGAAATA-1",0
"TGCCCATCAGGACGTA-1",0
"TGCCCATCATGGAATA-1",0
"TGCCCATCATGGATGG-1",2
"TGCCCATGTAGCCTCG-1",0
"TGCCCATTCAAACCGT-1",0
"TGCCCATTCAGGCCCA-1",1
"TGCCCATTCCTTCAAT-1",2
"TGCCCATTCGGAAATA-1",0
"TGCCCTAAGGTCGGAT-1",1
"TGCCCTAAGGTTCCTA-1",3
"TGCCCTACACCACCAG-1",0
"TGCCCTACAGCCACCA-1",1
"TGCCCTACAGTGAGTG-1",1
"TGCCCTAGTCCGAGTC-1",1
"TGCCCTAGTGGTTTCA-1",0
"TGCCCTAGTTTCGCTC-1",0
"TGCCCTATCGACGGAA-1",1
"TGCCCTATCTTCGGTC-1",1
"TGCGCAGAGACTAGGC-1",5
"TGCGCAGAGCACACAG-1",2
"TGCGCAGAGCGTCTAT-1",0
"TGCGCAGAGGAGCGAG-1",0
"TGCGCAGCAAACGTGG-1",1
"TGCGCAGCAGCTCGCA-1",0
"TGCGCAGCAGTAGAGC-1",0
"TGCGCAGTCCTACAGA-1",0
"TGCGGGTAGAGACTTA-1",4
"TGCGGGTAGATCGATA-1",0
"TGCGGGTAGCTCTCGG-1",0
"TGCGGGTAGGTGTGGT-1",0
"TGCGGGTAGTACTTGC-1",0
"TGCGGGTCAATGGAAT-1",3
"TGCGGGTCACACGCTG-1",0
"TGCGGGTCATTGGGCC-1",0
"TGCGGGTGTAGAAAGG-1",0
"TGCGGGTGTCACCTAA-1",3
"TGCGGGTGTCAGATAA-1",2
"TGCGGGTGTTAGAACA-1",1
"TGCGGGTTCAGTTCGA-1",1
"TGCGGGTTCGTAGATC-1",0
"TGCGGGTTCTCTTGAT-1",1
"TGCGTGGAGACGCAAC-1",0
"TGCGTGGAGACTGGGT-1",1
"TGCGTGGAGTGAACGC-1",1
"TGCGTGGCAATTCCTT-1",1
"TGCGTGGGTGCACCAC-1",2
"TGCGTGGTCCGCGCAA-1",1
"TGCGTGGTCGCCCTTA-1",1
"TGCGTGGTCTGGCGAC-1",0
"TGCTACCAGAAAGTGG-1",0
"TGCTACCAGATGGCGT-1",1
"TGCTACCAGCAAATCA-1",0
"TGCTACCAGTCCGTAT-1",0
"TGCTACCCAAGAGGCT-1",0
"TGCTACCCACTTAACG-1",0
"TGCTACCCATCGTCGG-1",0
"TGCTACCCATGGTTGT-1",0
"TGCTACCGTGTGACGA-1",5
"TGCTACCTCCTCGCAT-1",3
"TGCTACCTCTTCTGGC-1",1
"TGCTGCTAGACTAAGT-1",0
"TGCTGCTAGGTGATAT-1",4
"TGCTGCTCAATAGAGT-1",0
"TGCTGCTCACAGACAG-1",1
"TGCTGCTCATCCCATC-1",0
"TGCTGCTCATGGTTGT-1",2
"TGCTGCTGTCATACTG-1",0
"TGCTGCTGTGAAGGCT-1",2
"TGCTGCTTCATTGCGA-1",0
"TGGACGCAGAGGTACC-1",0
"TGGACGCAGTCAAGGC-1",0
"TGGACGCCACAGAGGT-1",1
"TGGACGCCATGGTAGG-1",0
"TGGACGCGTCCGAACC-1",1
"TGGACGCGTCTCCCTA-1",1
"TGGCCAGAGAAGGTGA-1",3
"TGGCCAGAGAGTACAT-1",0
"TGGCCAGAGGCGATAC-1",3
"TGGCCAGAGGCGTACA-1",0
"TGGCCAGCAACTGCGC-1",1
"TGGCCAGCACGACTCG-1",0
"TGGCCAGGTCAATACC-1",1
"TGGCCAGTCGTAGATC-1",0
"TGGCCAGTCTATCCCG-1",0
"TGGCGCAAGCTACCTA-1",0
"TGGCGCAAGCTATGCT-1",0
"TGGCGCAAGTGTGGCA-1",1
"TGGCGCAAGTTACCCA-1",3
"TGGCGCACACAGGCCT-1",2
"TGGCGCACACGGATAG-1",0
"TGGCGCACAGCGATCC-1",0
"TGGCGCACATAGGATA-1",2
"TGGCGCACATATACGC-1",2
"TGGCGCAGTACTCTCC-1",1
"TGGCGCAGTGGACGAT-1",2
"TGGCGCAGTTATGTGC-1",3
"TGGCGCATCAAGAAGT-1",0
"TGGCGCATCATGCTCC-1",0
"TGGCGCATCATGTGGT-1",1
"TGGCGCATCATTATCC-1",0
"TGGCGCATCGTGGTCG-1",0
"TGGCTGGAGCGGATCA-1",1
"TGGCTGGAGTGCAAGC-1",0
"TGGCTGGCAAGTTAAG-1",0
"TGGCTGGCACGGATAG-1",0
"TGGCTGGCAGGAACGT-1",0
"TGGCTGGGTCGAGTTT-1",0
"TGGCTGGGTCGGCATC-1",0
"TGGCTGGGTCTAGCCG-1",1
"TGGCTGGGTTACGCGC-1",0
"TGGCTGGGTTGGACCC-1",0
"TGGCTGGTCTCGTTTA-1",0
"TGGGAAGAGATATACG-1",1
"TGGGAAGAGCCCAATT-1",0
"TGGGAAGAGCGCTCCA-1",0
"TGGGAAGAGGGCTTCC-1",1
"TGGGAAGAGTAAGTAC-1",4
"TGGGAAGAGTTAACGA-1",0
"TGGGAAGCAAGGTGTG-1",0
"TGGGAAGCAGATCCAT-1",1
"TGGGAAGCAGCGAACA-1",0
"TGGGAAGGTAAGTTCC-1",0
"TGGGAAGGTTAGATGA-1",1
"TGGGAAGGTTATTCTC-1",2
"TGGGAAGTCCCAAGAT-1",0
"TGGGAAGTCCTTCAAT-1",1
"TGGGAAGTCGTGGACC-1",0
"TGGGAAGTCTCCTATA-1",0
"TGGGCGTAGTCTCCTC-1",2
"TGGGCGTCAGACGTAG-1",0
"TGGGCGTCAGGGATTG-1",1
"TGGGCGTGTCCAAGTT-1",1
"TGGGCGTGTCTAGAGG-1",0
"TGGGCGTGTGGCTCCA-1",1
"TGGGCGTGTTTCGCTC-1",0
"TGGGCGTTCAGCTTAG-1",0
"TGGTTAGAGCTACCTA-1",0
"TGGTTAGAGTTAGGTA-1",1
"TGGTTAGGTGATGATA-1",0
"TGGTTAGGTTCACGGC-1",0
"TGGTTAGTCCCGACTT-1",0
"TGGTTAGTCTTGTATC-1",0
"TGGTTCCAGCCGTCGT-1",2
"TGGTTCCAGTAATCCC-1",0
"TGGTTCCCAAGTTGTC-1",1
"TGGTTCCCAGACAAAT-1",1
"TGGTTCCCAGACAGGT-1",1
"TGGTTCCCAGCTCGAC-1",1
"TGGTTCCCATGTCCTC-1",0
"TGGTTCCCATTTCACT-1",0
"TGGTTCCGTCCAAGTT-1",0
"TGGTTCCTCACATACG-1",0
"TGGTTCCTCAGCTTAG-1",0
"TGGTTCCTCTAACTTC-1",0
"TGGTTCCTCTAGAGTC-1",0
"TGGTTCCTCTGGGCCA-1",0
"TGTATTCAGCCCGAAA-1",1
"TGTATTCAGCGATCCC-1",0
"TGTATTCCAGGGCATA-1",0
"TGTATTCGTAAGAGAG-1",0
"TGTATTCGTTTGTTTC-1",0
"TGTATTCTCAGCATGT-1",0
"TGTATTCTCATCTGTT-1",0
"TGTCCCAAGCAGATCG-1",0
"TGTCCCAAGCTAGTTC-1",0
"TGTCCCAAGCTGAACG-1",0
"TGTCCCAAGTTGTCGT-1",0
"TGTCCCACAGTAAGCG-1",0
"TGTCCCACATCACGTA-1",0
"TGTCCCAGTAAGAGGA-1",0
"TGTCCCAGTAAGTGGC-1",0
"TGTCCCAGTCGGATCC-1",0
"TGTCCCAGTCTCTTTA-1",0
"TGTCCCATCATTTGGG-1",0
"TGTCCCATCTGCAAGT-1",3
"TGTCCCATCTGCGTAA-1",0
"TGTGGTAGTCCCGACA-1",1
"TGTGGTAGTGTGAAAT-1",0
"TGTGGTAGTGTGACGA-1",0
"TGTGGTATCCAGGGCT-1",0
"TGTGGTATCTTGCATT-1",0
"TGTGTTTAGAGGTTAT-1",2
"TGTGTTTAGCGTGAGT-1",0
"TGTGTTTAGTGCGTGA-1",1
"TGTGTTTCATGCGCAC-1",0
"TGTGTTTTCTCATTCA-1",1
"TGTGTTTTCTTTCCTC-1",0
"TGTTCCGAGAGCAATT-1",0
"TGTTCCGAGCAACGGT-1",1
"TGTTCCGAGGAATTAC-1",0
"TGTTCCGAGGACTGGT-1",0
"TGTTCCGCAGTGAGTG-1",1
"TGTTCCGGTGAGTATA-1",1
"TGTTCCGTCAAGCCTA-1",3
"TGTTCCGTCAGTTCGA-1",1
"TGTTCCGTCGGCGGTT-1",1
"TGTTCCGTCTGAAAGA-1",0
"TGTTCCGTCTGGTATG-1",0
"TTAACTCAGTGTACGG-1",1
"TTAACTCCAAGCGCTC-1",1
"TTAACTCCAGGCAGTA-1",0
"TTAACTCGTTCCACAA-1",0
"TTAACTCTCATAAAGG-1",0
"TTAACTCTCCCTCAGT-1",1
"TTAGGACAGCAGGCTA-1",2
"TTAGGACAGCTCTCGG-1",2
"TTAGGACCAAGCCATT-1",1
"TTAGGACCAGTCAGAG-1",0
"TTAGGACGTTTGTTTC-1",1
"TTAGGCAAGAAGATTC-1",0
"TTAGGCAAGAGCCCAA-1",1
"TTAGGCAAGAGTGACC-1",1
"TTAGGCAAGGTTCCTA-1",0
"TTAGGCAAGTCGTTTG-1",0
"TTAGGCAAGTGTACCT-1",2
"TTAGGCACAGACGCTC-1",0
"TTAGGCACATGTTCCC-1",0
"TTAGGCAGTAAGGATT-1",0
"TTAGGCAGTAAGTAGT-1",0
"TTAGGCAGTCTTGATG-1",0
"TTAGGCATCACGCATA-1",0
"TTAGGCATCAGTCAGT-1",8
"TTAGGCATCCAGTATG-1",0
"TTAGGCATCGTTACGA-1",2
"TTAGTTCAGGTGCAAC-1",0
"TTAGTTCCAATGTAAG-1",1
"TTAGTTCCATCCTTGC-1",3
"TTAGTTCGTAGCCTAT-1",0
"TTAGTTCGTGCAGACA-1",0
"TTAGTTCGTGTCAATC-1",0
"TTAGTTCGTTGCCTCT-1",0
"TTAGTTCTCAGGCCCA-1",0
"TTAGTTCTCGCAGGCT-1",1
"TTAGTTCTCTACTATC-1",0
"TTATGCTAGAATGTGT-1",0
"TTATGCTAGCACACAG-1",2
"TTATGCTAGCAGCCTC-1",0
"TTATGCTAGTCCCACG-1",1
"TTATGCTAGTGGTAAT-1",1
"TTATGCTCAGCCAGAA-1",1
"TTATGCTCATACCATG-1",1
"TTATGCTCATGTAGTC-1",0
"TTATGCTGTCCGAGTC-1",0
"TTATGCTTCGATAGAA-1",0
"TTCCCAGAGAATTCCC-1",1
"TTCCCAGAGACTAGAT-1",1
"TTCCCAGAGTATCGAA-1",0
"TTCCCAGCAGATGGGT-1",0
"TTCCCAGCATCAGTAC-1",0
"TTCCCAGCATCTCCCA-1",0
"TTCCCAGCATTACCTT-1",0
"TTCCCAGTCAACACTG-1",0
"TTCCCAGTCGAGAGCA-1",2
"TTCGAAGAGTCTCAAC-1",0
"TTCGAAGCAAGCGCTC-1",0
"TTCGAAGCACATTAGC-1",0
"TTCGAAGCACGGTGTC-1",0
"TTCGGTCAGAGGACGG-1",1
"TTCGGTCAGCACACAG-1",2
"TTCGGTCAGGCCCTCA-1",0
"TTCGGTCAGTGAATTG-1",0
"TTCGGTCAGTTGAGAT-1",2
"TTCGGTCCAAGGGTCA-1",2
"TTCGGTCCACGTCAGC-1",1
"TTCGGTCGTAACGTTC-1",0
"TTCGGTCGTAGAGTGC-1",1
"TTCGGTCGTTCATGGT-1",0
"TTCGGTCGTTCTGTTT-1",2
"TTCGGTCTCAAAGACA-1",1
"TTCGGTCTCCAGTATG-1",1
"TTCGGTCTCGCGTTTC-1",1
"TTCGGTCTCGTCTGAA-1",0
"TTCTACAAGACTAAGT-1",1
"TTCTACAAGCAGCCTC-1",0
"TTCTACAAGCCTTGAT-1",0
"TTCTACAAGGCAGGTT-1",1
"TTCTACAAGGTAAACT-1",0
"TTCTACAAGTTAGGTA-1",1
"TTCTACACACGTGAGA-1",0
"TTCTACACAGCTGTTA-1",0
"TTCTACACATCGATTG-1",0
"TTCTACACATTACGAC-1",0
"TTCTACAGTACCGTTA-1",0
"TTCTACAGTATATGAG-1",2
"TTCTACAGTGGCTCCA-1",0
"TTCTACATCAACGGGA-1",1
"TTCTACATCCGCGTTT-1",0
"TTCTCAAAGAAAGTGG-1",0
"TTCTCAAAGAATCTCC-1",7
"TTCTCAAAGAGGTTAT-1",1
"TTCTCAAAGCAGCCTC-1",0
"TTCTCAAAGCCGCCTA-1",1
"TTCTCAAAGTCAATAG-1",1
"TTCTCAAAGTTGAGAT-1",2
"TTCTCAACACCCAGTG-1",0
"TTCTCAACATTGTGCA-1",1
"TTCTCAAGTATAAACG-1",0
"TTCTCAAGTCCCTTGT-1",1
"TTCTCAAGTCGAGATG-1",0
"TTCTCAATCATCGCTC-1",0
"TTCTCAATCCCTAACC-1",1
"TTCTCAATCGTAGGAG-1",1
"TTCTCCTAGAGTAAGG-1",0
"TTCTCCTAGCGACGTA-1",1
"TTCTCCTAGCGTGAGT-1",0
"TTCTCCTAGTCTCGGC-1",0
"TTCTCCTCAACACGCC-1",0
"TTCTCCTCAATAACGA-1",1
"TTCTCCTGTTAAGAAC-1",1
"TTCTCCTTCAGTTCGA-1",0
"TTCTCCTTCCGTAGGC-1",0
"TTCTCCTTCCTTTCTC-1",0
"TTCTCCTTCTGCAAGT-1",0
"TTCTCCTTCTTCAACT-1",1
"TTCTCCTTCTTGTACT-1",0
"TTCTTAGAGGACTGGT-1",0
"TTCTTAGCAAGGTGTG-1",0
"TTCTTAGCATCGGAAG-1",0
"TTCTTAGGTAGAAGGA-1",0
"TTCTTAGGTCATATGC-1",1
"TTCTTAGTCAGTTCGA-1",0
"TTGAACGGTCACTTCC-1",0
"TTGAACGTCATGTCCC-1",1
"TTGACTTAGCCACGTC-1",2
"TTGACTTAGCGACGTA-1",0
"TTGACTTAGTTAACGA-1",3
"TTGACTTCACTTACGA-1",1
"TTGACTTGTCTCTCTG-1",0
"TTGACTTGTGCGATAG-1",0
"TTGACTTTCCAGAGGA-1",1
"TTGACTTTCTGTCCGT-1",0
"TTGCCGTAGGAGCGTT-1",0
"TTGCCGTAGGTGGGTT-1",2
"TTGCCGTCATGGTCAT-1",0
"TTGCCGTGTACAGACG-1",0
"TTGCGTCAGACAGAGA-1",2
"TTGCGTCAGCTCCTTC-1",1
"TTGCGTCAGTCCATAC-1",0
"TTGCGTCAGTGAATTG-1",0
"TTGCGTCCAAATTGCC-1",0
"TTGCGTCCACTGTGTA-1",1
"TTGCGTCCAGTCACTA-1",4
"TTGCGTCGTCTGATTG-1",0
"TTGGAACAGCCCAATT-1",0
"TTGGAACAGCGTCTAT-1",0
"TTGGAACAGGCGTACA-1",1
"TTGGAACGTATTACCG-1",2
"TTGGAACGTGTGTGCC-1",3
"TTGGAACTCCCATTAT-1",1
"TTGGAACTCCGTAGTA-1",0
"TTGGAACTCGTCCAGG-1",0
"TTGGCAAAGTTAGGTA-1",0
"TTGGCAAGTATAGGTA-1",1
"TTGGCAATCACATGCA-1",1
"TTGGCAATCAGAGCTT-1",1
"TTGGCAATCGCATGAT-1",1
"TTGGCAATCTAGAGTC-1",2
"TTGTAGGAGGTGCTAG-1",0
"TTGTAGGCACACGCTG-1",0
"TTGTAGGGTCTCCCTA-1",0
"TTGTAGGGTGGTAACG-1",1
"TTGTAGGTCGGCGCTA-1",3
"TTGTAGGTCTGCCAGG-1",0
"TTTACTGAGATCACGG-1",0
"TTTACTGCAAAGCAAT-1",2
"TTTACTGCACATGGGA-1",0
"TTTACTGCACCACGTG-1",1
"TTTACTGCATGGGACA-1",0
"TTTACTGCATGTCCTC-1",0
"TTTACTGGTAACGTTC-1",0
"TTTACTGGTGGTGTAG-1",0
"TTTACTGGTTCGCTAA-1",2
"TTTACTGTCTGGAGCC-1",1
"TTTATGCAGACTGTAA-1",0
"TTTATGCAGATGCGAC-1",0
"TTTATGCAGGCAAAGA-1",0
"TTTATGCAGGCCCGTT-1",0
"TTTATGCAGTTCCACA-1",2
"TTTATGCCAAACGCGA-1",0
"TTTATGCCAATCTGCA-1",2
"TTTATGCCACAGGTTT-1",5
"TTTATGCCAGCCAATT-1",0
"TTTATGCCAGGTCGTC-1",2
"TTTATGCCATGGTCAT-1",0
"TTTATGCTCACATAGC-1",1
"TTTATGCTCACCTTAT-1",0
"TTTATGCTCGGCGGTT-1",0
"TTTATGCTCTCGCTTG-1",1
"TTTCCTCAGCGTGAAC-1",0
"TTTCCTCAGGACTGGT-1",0
"TTTCCTCCAAAGTGCG-1",0
"TTTCCTCCAGGAATGC-1",1
"TTTCCTCCATTAGCCA-1",0
"TTTCCTCGTCCGAAGA-1",2
"TTTCCTCGTCGCTTTC-1",0
"TTTCCTCTCGGCCGAT-1",0
"TTTCCTCTCGTGTAGT-1",1
"TTTGCGCAGCTAAACA-1",0
"TTTGCGCAGCTAGTCT-1",1
"TTTGCGCAGGCCGAAT-1",0
"TTTGCGCAGTCAAGGC-1",0
"TTTGCGCCAAGTAGTA-1",1
"TTTGCGCCAGGTGCCT-1",0
"TTTGCGCGTCTAAACC-1",1
"TTTGCGCTCAAAGTAG-1",0
"TTTGCGCTCATGTAGC-1",3
"TTTGGTTAGAATGTGT-1",0
"TTTGGTTAGACAATAC-1",0
"TTTGGTTAGCGATTCT-1",0
"TTTGGTTAGGCTCAGA-1",0
"TTTGGTTAGTTACCCA-1",1
"TTTGGTTCAAACTGCT-1",1
"TTTGGTTCAAGCTGTT-1",2
"TTTGGTTCAGATCGGA-1",0
"TTTGGTTCATCACAAC-1",1
"TTTGGTTGTACTTCTT-1",0
"TTTGGTTGTATGCTTG-1",1
"TTTGGTTGTGCTTCTC-1",1
"TTTGGTTTCATGCTCC-1",1
"TTTGGTTTCCCTGACT-1",1
"TTTGTCAAGAGTCGGT-1",0
"TTTGTCACAAGTTCTG-1",0
"TTTGTCACAAGTTGTC-1",0
"TTTGTCACACTCTGTC-1",0
"TTTGTCATCACCTTAT-1",0
"TTTGTCATCCATTCTA-1",2
"TTTGTCATCCTTAATC-1",1
"TTTGTCATCTTATCTG-1",0
