"cell_barcode","expression"
"AAACCTGAGACAGAGA-1",4
"AAACCTGAGACTTTCG-1",2
"AAACCTGAGAGTAAGG-1",1
"AAACCTGAGAGTCGGT-1",6
"AAACCTGAGGATGGAA-1",3
"AAACCTGAGTAGATGT-1",3
"AAACCTGCAATCAGAA-1",1
"AAACCTGCACCGATAT-1",5
"AAACCTGCAGACGTAG-1",1
"AAACCTGCAGTATCTG-1",3
"AAACCTGCATAGTAAG-1",1
"AAACCTGCATGAACCT-1",1
"AAACCTGGTAAGAGGA-1",3
"AAACCTGGTCCAACTA-1",16
"AAACCTGTCCGTAGTA-1",30
"AAACCTGTCGAGAGCA-1",9
"AAACGGGAGTACGACG-1",1
"AAACGGGCAAGGTTTC-1",2
"AAACGGGCACGTCAGC-1",1
"AAACGGGCAGCGTTCG-1",1
"AAACGGGGTAGCCTCG-1",8
"AAACGGGGTCTACCTC-1",13
"AAACGGGGTGCGGTAA-1",3
"AAACGGGGTTGTCGCG-1",1
"AAACGGGTCCATGAGT-1",2
"AAACGGGTCCCAACGG-1",4
"AAACGGGTCCCATTAT-1",5
"AAAGATGCAGTCAGCC-1",0
"AAAGATGCATCTACGA-1",0
"AAAGCAAAGCGTCTAT-1",0
"AAAGCAACATGTCGAT-1",1
"AAAGCAAGTAGCTGCC-1",0
"AAAGCAAGTAGGCATG-1",3
"AAAGCAAGTGCGCTTG-1",0
"AAAGCAAGTTATTCTC-1",2
"AAAGCAATCCGTAGTA-1",3
"AAAGTAGAGATGTGTA-1",1
"AAAGTAGAGTGGGCTA-1",3
"AAAGTAGGTATATGGA-1",7
"AAAGTAGGTGAGCGAT-1",1
"AAAGTAGGTTGAGGTG-1",1
"AAATGCCAGCCCTAAT-1",7
"AAATGCCAGCGTGTCC-1",2
"AAATGCCCAACACCTA-1",2
"AAATGCCGTAGGAGTC-1",6
"AAATGCCGTCTTTCAT-1",2
"AAATGCCGTGGTCCGT-1",1
"AAATGCCGTTCCCGAG-1",1
"AAATGCCTCATAGCAC-1",7
"AAATGCCTCGCTTAGA-1",5
"AACACGTAGAATTCCC-1",20
"AACACGTAGCCCTAAT-1",1
"AACACGTAGGGTGTGT-1",4
"AACACGTCACTGTCGG-1",1
"AACACGTCATCCCATC-1",1
"AACACGTGTGCAACGA-1",4
"AACACGTGTGTCGCTG-1",5
"AACCATGAGCGCTTAT-1",0
"AACCATGGTCCGTTAA-1",1
"AACCATGTCAGTTCGA-1",4
"AACCATGTCATCGATG-1",1
"AACCATGTCCCAAGTA-1",2
"AACCGCGAGAAGCCCA-1",2
"AACCGCGAGACTGGGT-1",3
"AACCGCGAGAGGTACC-1",1
"AACCGCGAGTTAGGTA-1",5
"AACCGCGAGTTGCAGG-1",1
"AACCGCGCACGGTAGA-1",1
"AACCGCGCAGCATGAG-1",2
"AACCGCGCAGCCTGTG-1",0
"AACCGCGCAGCTGTGC-1",4
"AACCGCGCAGTATGCT-1",13
"AACCGCGGTACTTGAC-1",2
"AACCGCGGTCTGCAAT-1",3
"AACCGCGTCACATGCA-1",1
"AACCGCGTCACCGTAA-1",4
"AACCGCGTCCAGAGGA-1",1
"AACCGCGTCCGAAGAG-1",1
"AACCGCGTCGATCCCT-1",0
"AACGTTGAGCGATAGC-1",2
"AACGTTGAGCGATCCC-1",1
"AACGTTGAGCTTATCG-1",1
"AACGTTGCAAGTTGTC-1",8
"AACGTTGCAATAGAGT-1",17
"AACGTTGCAATGGATA-1",0
"AACGTTGCATGGATGG-1",1
"AACGTTGCATTCTCAT-1",2
"AACGTTGTCAACACGT-1",13
"AACGTTGTCGAGGTAG-1",5
"AACGTTGTCGGTCCGA-1",3
"AACTCAGAGAGCTATA-1",2
"AACTCAGAGAGTCGGT-1",2
"AACTCAGAGCCACCTG-1",1
"AACTCAGAGCCCAATT-1",2
"AACTCAGCAAACAACA-1",1
"AACTCAGCACAAGCCC-1",0
"AACTCAGCACGGTTTA-1",1
"AACTCAGCAGGATCGA-1",5
"AACTCAGCATAAAGGT-1",6
"AACTCAGGTTCCACAA-1",1
"AACTCAGTCGTACCGG-1",5
"AACTCCCAGCCCAGCT-1",8
"AACTCCCAGCTAAGAT-1",3
"AACTCCCCAAACGCGA-1",1
"AACTCCCCATGGTCTA-1",4
"AACTCCCGTTGCGCAC-1",4
"AACTCCCTCAAGAAGT-1",11
"AACTCCCTCAAGCCTA-1",2
"AACTCCCTCATCGCTC-1",1
"AACTCCCTCTGCAGTA-1",2
"AACTCCCTCTGGCGTG-1",1
"AACTCTTAGCAGACTG-1",3
"AACTCTTAGTCCGGTC-1",4
"AACTCTTCATGCTAGT-1",1
"AACTCTTGTCGAATCT-1",4
"AACTCTTGTCGGGTCT-1",3
"AACTCTTTCCTCAATT-1",5
"AACTCTTTCTCAAACG-1",4
"AACTCTTTCTCCAGGG-1",6
"AACTCTTTCTCTGCTG-1",0
"AACTGGTAGAAGATTC-1",2
"AACTGGTAGAGACTAT-1",2
"AACTGGTAGCCAACAG-1",2
"AACTGGTAGTGTACTC-1",1
"AACTGGTCACTGAAGG-1",1
"AACTGGTGTCCGAACC-1",2
"AACTGGTTCGGAGCAA-1",3
"AACTGGTTCGTGGGAA-1",0
"AACTGGTTCTGCTTGC-1",1
"AACTTTCAGCGTGAAC-1",0
"AACTTTCAGTATCTCG-1",1
"AACTTTCAGTTTCCTT-1",0
"AACTTTCCATCCTTGC-1",4
"AACTTTCGTCTAGAGG-1",1
"AACTTTCGTCTCTTTA-1",2
"AACTTTCGTTTGTTTC-1",0
"AAGACCTAGGGCTTCC-1",2
"AAGACCTAGTACACCT-1",2
"AAGACCTGTATATGAG-1",3
"AAGACCTGTATCAGTC-1",0
"AAGACCTGTCCGTGAC-1",2
"AAGACCTGTCGAAAGC-1",2
"AAGACCTTCGCCATAA-1",1
"AAGCCGCAGATCTGAA-1",3
"AAGCCGCAGGGTGTTG-1",1
"AAGCCGCAGTGGACGT-1",1
"AAGCCGCAGTGTACTC-1",0
"AAGCCGCCACGCTTTC-1",4
"AAGCCGCCAGGACGTA-1",3
"AAGCCGCGTACAGTTC-1",2
"AAGCCGCGTCATTAGC-1",2
"AAGCCGCTCACGAAGG-1",4
"AAGCCGCTCAGTTAGC-1",3
"AAGCCGCTCGCAAACT-1",3
"AAGCCGCTCGTCGTTC-1",8
"AAGCCGCTCTTACCGC-1",5
"AAGGAGCAGAAACCGC-1",0
"AAGGAGCAGGCATGTG-1",3
"AAGGAGCAGGCGCTCT-1",7
"AAGGAGCAGTTGAGTA-1",6
"AAGGAGCCACGGCGTT-1",2
"AAGGAGCGTAGCGCAA-1",2
"AAGGAGCGTCTGCAAT-1",4
"AAGGAGCTCGTCTGCT-1",1
"AAGGCAGAGAACTGTA-1",5
"AAGGCAGAGAGATGAG-1",2
"AAGGCAGAGGTGATAT-1",1
"AAGGCAGCATAGTAAG-1",3
"AAGGCAGGTACTTCTT-1",22
"AAGGCAGGTGTGCCTG-1",2
"AAGGCAGTCAGATAAG-1",0
"AAGGCAGTCGGAATCT-1",3
"AAGGTTCAGTATCTCG-1",7
"AAGGTTCCATCACGTA-1",16
"AAGGTTCGTATATGGA-1",0
"AAGGTTCGTCCGAATT-1",3
"AAGGTTCGTCGACTAT-1",5
"AAGGTTCGTGTGACCC-1",1
"AAGGTTCTCCGTCATC-1",1
"AAGGTTCTCCTCGCAT-1",3
"AAGGTTCTCTGCGGCA-1",6
"AAGTCTGAGCCATCGC-1",0
"AAGTCTGAGTCAAGCG-1",0
"AAGTCTGCAAAGGAAG-1",19
"AAGTCTGGTCAGCTAT-1",2
"AAGTCTGTCAAACAAG-1",0
"AAGTCTGTCACTGGGC-1",0
"AAGTCTGTCAGCAACT-1",3
"AATCCAGCAAAGTGCG-1",1
"AATCCAGCAGCATACT-1",7
"AATCCAGGTAGGCATG-1",1
"AATCCAGGTCTCCCTA-1",1
"AATCCAGTCCGAATGT-1",14
"AATCGGTAGGCATGGT-1",3
"AATCGGTTCCTGTACC-1",3
"AATCGGTTCGCCGTGA-1",15
"ACACCAAAGATGAGAG-1",3
"ACACCAAAGCCCTAAT-1",1
"ACACCAAAGGATGGTC-1",1
"ACACCAAAGTGTCCAT-1",5
"ACACCAACACTTCGAA-1",1
"ACACCAACAGACGCTC-1",2
"ACACCAACAGCCTATA-1",13
"ACACCAAGTCGCGTGT-1",0
"ACACCAAGTCTAAACC-1",1
"ACACCAAGTTATGTGC-1",2
"ACACCAATCGCGTTTC-1",1
"ACACCCTAGCCAGGAT-1",8
"ACACCCTAGTACTTGC-1",10
"ACACCCTCAAGCGCTC-1",5
"ACACCCTCATCACAAC-1",1
"ACACCCTCATGCCCGA-1",1
"ACACCCTGTCTGGTCG-1",0
"ACACCCTTCCGCAAGC-1",2
"ACACCCTTCCTTGCCA-1",1
"ACACCCTTCTATCCTA-1",3
"ACACCCTTCTGGCGTG-1",1
"ACACCGGAGGCTCAGA-1",2
"ACACCGGAGTGACATA-1",1
"ACACCGGAGTTACCCA-1",5
"ACACCGGCAAGCCGTC-1",0
"ACACCGGCACCAGATT-1",14
"ACACCGGCACCGAAAG-1",1
"ACACCGGCATCACAAC-1",2
"ACACCGGTCCGCATAA-1",0
"ACACCGGTCTCGGACG-1",2
"ACACCGGTCTCTGTCG-1",0
"ACACTGAAGCACGCCT-1",3
"ACACTGAAGGTGATTA-1",4
"ACACTGACAATAGAGT-1",1
"ACACTGACAGACTCGC-1",10
"ACACTGACATCCAACA-1",2
"ACACTGAGTCCGAAGA-1",2
"ACACTGAGTGTTTGTG-1",3
"ACACTGAGTTTGACTG-1",10
"ACAGCCGAGGAATGGA-1",2
"ACAGCCGAGGCCCGTT-1",3
"ACAGCCGAGGTGCTTT-1",3
"ACAGCCGAGTGGTAGC-1",2
"ACAGCCGCATATACGC-1",4
"ACAGCCGCATGCAACT-1",2
"ACAGCCGGTAGGGTAC-1",3
"ACAGCCGGTCGAATCT-1",2
"ACAGCCGGTTCACCTC-1",1
"ACAGCCGGTTCCACTC-1",2
"ACAGCCGTCCAGAAGG-1",2
"ACAGCCGTCTTTACAC-1",4
"ACAGCTAAGCACCGCT-1",0
"ACAGCTAAGTATCTCG-1",1
"ACAGCTAAGTGTTGAA-1",1
"ACAGCTACATCGTCGG-1",3
"ACAGCTAGTCGACTAT-1",1
"ACAGCTAGTGGTACAG-1",2
"ACAGCTATCACCACCT-1",2
"ACAGCTATCTGCTTGC-1",1
"ACATACGAGAGCTTCT-1",1
"ACATACGAGCGTAGTG-1",2
"ACATACGAGCTTCGCG-1",3
"ACATACGAGCTTTGGT-1",3
"ACATACGCAAACGTGG-1",13
"ACATACGCAAGCCTAT-1",0
"ACATACGCATCTCCCA-1",3
"ACATACGCATTCTCAT-1",2
"ACATACGGTAGGAGTC-1",2
"ACATACGGTGCACCAC-1",7
"ACATACGGTGGTTTCA-1",4
"ACATACGTCGTATCAG-1",3
"ACATCAGAGCCACTAT-1",3
"ACATCAGAGCCTTGAT-1",1
"ACATCAGCAACACCCG-1",13
"ACATCAGCAACGATGG-1",4
"ACATCAGCAATTGCTG-1",1
"ACATCAGCACCGGAAA-1",4
"ACATCAGCATAAAGGT-1",2
"ACATCAGCATCCCACT-1",2
"ACATCAGCATTTGCCC-1",6
"ACATCAGGTAAGGATT-1",3
"ACATCAGGTCCGTGAC-1",3
"ACATCAGGTTAAGTAG-1",0
"ACATCAGTCAAACCGT-1",0
"ACATGGTAGCATGGCA-1",3
"ACATGGTAGCTGTTCA-1",3
"ACATGGTCACTTGGAT-1",2
"ACATGGTGTCAGATAA-1",1
"ACATGGTGTCTGCGGT-1",2
"ACATGGTGTGCAACTT-1",1
"ACATGGTTCCGCAAGC-1",0
"ACATGGTTCCTCCTAG-1",6
"ACATGGTTCTGGAGCC-1",2
"ACATGGTTCTTCTGGC-1",3
"ACCAGTAAGATCACGG-1",0
"ACCAGTAAGCTTCGCG-1",2
"ACCAGTACACAGATTC-1",3
"ACCAGTACACAGGCCT-1",3
"ACCAGTACAGTATGCT-1",0
"ACCAGTACAGTCAGAG-1",7
"ACCAGTACAGTTTACG-1",1
"ACCAGTAGTCACCCAG-1",0
"ACCAGTAGTCCATCCT-1",1
"ACCAGTAGTCTTCAAG-1",0
"ACCAGTAGTGGACGAT-1",0
"ACCAGTATCTGCGACG-1",2
"ACCAGTATCTGCTTGC-1",0
"ACCAGTATCTGTTTGT-1",1
"ACCCACTAGAGGTTAT-1",2
"ACCCACTAGATCCCGC-1",10
"ACCCACTAGATGTGTA-1",3
"ACCCACTAGCCCAATT-1",3
"ACCCACTCAAGGGTCA-1",1
"ACCCACTCAAGGTTCT-1",2
"ACCCACTGTAAATGAC-1",6
"ACCCACTGTAGCCTCG-1",4
"ACCCACTGTCAAAGAT-1",6
"ACCCACTGTCAATACC-1",2
"ACCCACTGTGTGGTTT-1",1
"ACCCACTTCGCAAACT-1",3
"ACCCACTTCTGCCAGG-1",3
"ACCGTAACAATCGGTT-1",2
"ACCGTAACAATCTACG-1",1
"ACCGTAACAGGTCCAC-1",3
"ACCGTAAGTACAGCAG-1",2
"ACCGTAAGTCATGCAT-1",3
"ACCGTAAGTGAGTGAC-1",4
"ACCGTAAGTTAAGAAC-1",3
"ACCGTAAGTTCCGTCT-1",2
"ACCGTAATCACATAGC-1",2
"ACCGTAATCATGTGGT-1",0
"ACCGTAATCTGAAAGA-1",1
"ACCTTTACAATCGGTT-1",2
"ACCTTTACACGGACAA-1",0
"ACCTTTACAGCAGTTT-1",2
"ACCTTTACATGCAACT-1",2
"ACCTTTACATTTCAGG-1",1
"ACCTTTAGTGAACCTT-1",2
"ACCTTTAGTTCCACTC-1",6
"ACCTTTATCTCTAGGA-1",4
"ACGAGCCAGGCAGGTT-1",1
"ACGAGCCCACAGGCCT-1",6
"ACGAGCCCATGGAATA-1",4
"ACGAGCCGTGCACGAA-1",1
"ACGAGCCGTGTGACCC-1",1
"ACGAGCCGTTGGTTTG-1",2
"ACGAGCCTCAGTCCCT-1",2
"ACGAGCCTCGCAAACT-1",0
"ACGAGGACACTACAGT-1",1
"ACGAGGACATGTAGTC-1",10
"ACGAGGAGTACACCGC-1",5
"ACGAGGAGTGCCTGCA-1",2
"ACGAGGAGTTCTGAAC-1",4
"ACGAGGATCTGCGGCA-1",1
"ACGATACAGAGTGACC-1",2
"ACGATACAGCGCCTTG-1",1
"ACGATACAGTGATCGG-1",4
"ACGATACCACGTTGGC-1",1
"ACGATACCATTGGGCC-1",2
"ACGATACGTCGAATCT-1",0
"ACGATACTCTGACCTC-1",11
"ACGATGTAGTGCGATG-1",1
"ACGATGTAGTTGAGAT-1",1
"ACGATGTCAACGCACC-1",0
"ACGATGTCACACGCTG-1",2
"ACGATGTGTATTCTCT-1",9
"ACGATGTGTCAGTGGA-1",2
"ACGATGTGTGACTACT-1",1
"ACGATGTGTGTCGCTG-1",1
"ACGATGTTCGCGTAGC-1",5
"ACGATGTTCTCTTATG-1",1
"ACGCAGCAGCGGCTTC-1",1
"ACGCAGCAGCTGCGAA-1",5
"ACGCAGCAGTGTACGG-1",3
"ACGCAGCCACCTCGTT-1",0
"ACGCAGCCATCGACGC-1",4
"ACGCAGCCATTACCTT-1",5
"ACGCAGCGTCCATGAT-1",3
"ACGCAGCGTCTACCTC-1",0
"ACGCAGCGTCTGGTCG-1",3
"ACGCAGCGTGCGATAG-1",2
"ACGCCAGCAAAGCAAT-1",2
"ACGCCAGCAACGCACC-1",4
"ACGCCAGCACGAGAGT-1",2
"ACGCCAGCAGTGAGTG-1",1
"ACGCCAGGTGCACTTA-1",3
"ACGCCAGGTGTGCGTC-1",1
"ACGCCAGTCACAGGCC-1",8
"ACGCCAGTCAGTGTTG-1",5
"ACGCCGAAGAAACGCC-1",1
"ACGCCGAAGATCTGCT-1",2
"ACGCCGACAGCCTGTG-1",2
"ACGCCGAGTTCCAACA-1",4
"ACGCCGATCCTATGTT-1",1
"ACGCCGATCGCAGGCT-1",10
"ACGCCGATCTTGTATC-1",1
"ACGGAGAAGCCAGTTT-1",2
"ACGGAGAAGGTCATCT-1",2
"ACGGAGACACACATGT-1",13
"ACGGAGACAGCCTGTG-1",0
"ACGGAGACAGCGTAAG-1",4
"ACGGAGACAGTAAGCG-1",2
"ACGGAGAGTGTGACGA-1",10
"ACGGAGATCCACGAAT-1",0
"ACGGCCACACATCCAA-1",1
"ACGGCCACACATTCGA-1",7
"ACGGCCAGTACCGTAT-1",0
"ACGGCCAGTGTATGGG-1",1
"ACGGCCATCACGGTTA-1",3
"ACGGCCATCAGTGTTG-1",4
"ACGGCCATCTACTATC-1",8
"ACGGGCTAGGATCGCA-1",2
"ACGGGCTAGGTTCCTA-1",2
"ACGGGCTAGTGGCACA-1",5
"ACGGGCTCATCTGGTA-1",1
"ACGGGCTGTGAGGCTA-1",1
"ACGGGCTTCCGAACGC-1",3
"ACGGGTCAGATGCCAG-1",4
"ACGGGTCCATGATCCA-1",2
"ACGGGTCCATTAGGCT-1",1
"ACGGGTCCATTTCACT-1",4
"ACGGGTCGTTAGGGTG-1",0
"ACGGGTCTCAACACCA-1",4
"ACGGGTCTCCACGCAG-1",1
"ACGTCAAAGGGCTTCC-1",1
"ACGTCAAAGTGGTAAT-1",3
"ACGTCAACAACTGCGC-1",1
"ACGTCAACACAAGACG-1",0
"ACGTCAAGTAGCTCCG-1",2
"ACGTCAAGTGTCGCTG-1",1
"ACGTCAAGTTATGCGT-1",2
"ACGTCAATCAACCAAC-1",5
"ACGTCAATCATAACCG-1",1
"ACGTCAATCCAGAAGG-1",6
"ACGTCAATCTAACTCT-1",0
"ACTATCTAGAGGTTAT-1",1
"ACTATCTAGATACACA-1",1
"ACTATCTAGGAGTAGA-1",5
"ACTATCTAGGCATGTG-1",1
"ACTATCTCAAATACAG-1",3
"ACTATCTCAAATTGCC-1",3
"ACTATCTGTAGGGACT-1",0
"ACTATCTGTCGCGTGT-1",2
"ACTATCTGTGCACGAA-1",2
"ACTATCTGTGGTTTCA-1",3
"ACTATCTTCGCCGTGA-1",1
"ACTGAACAGAGTGAGA-1",2
"ACTGAACAGATCCCGC-1",3
"ACTGAACAGGTGATAT-1",2
"ACTGAACCAAAGCGGT-1",1
"ACTGAACCAAGCGAGT-1",2
"ACTGAACCAATTCCTT-1",1
"ACTGAACCAGCTGGCT-1",3
"ACTGAACCAGTCTTCC-1",4
"ACTGAACCATTACCTT-1",3
"ACTGAACGTAAGCACG-1",6
"ACTGAACGTAATCGTC-1",3
"ACTGAACGTCCAGTAT-1",0
"ACTGAACGTCTGATCA-1",3
"ACTGAACTCCCACTTG-1",5
"ACTGAGTAGCCGGTAA-1",3
"ACTGAGTCAGTGGGAT-1",8
"ACTGAGTCATTTGCCC-1",12
"ACTGAGTGTAGAGCTG-1",8
"ACTGAGTGTTGTGGCC-1",1
"ACTGAGTTCAGGTTCA-1",2
"ACTGATGAGACAGACC-1",0
"ACTGATGAGCGGATCA-1",6
"ACTGATGAGGTGCTTT-1",2
"ACTGATGCAGCAGTTT-1",1
"ACTGATGCATCACAAC-1",4
"ACTGATGGTCATGCAT-1",12
"ACTGATGTCACAATGC-1",2
"ACTGATGTCACTCCTG-1",2
"ACTGATGTCCCTGACT-1",0
"ACTGATGTCCGCTGTT-1",0
"ACTGATGTCCGGCACA-1",6
"ACTGATGTCCTATTCA-1",2
"ACTGCTCAGAGCTTCT-1",3
"ACTGCTCAGATGCCTT-1",2
"ACTGCTCCACACCGCA-1",3
"ACTGCTCCAGATGGGT-1",4
"ACTGCTCCATGCCTAA-1",2
"ACTGCTCGTAGGCATG-1",3
"ACTGCTCGTATCACCA-1",3
"ACTGCTCGTCCGAAGA-1",3
"ACTGCTCTCCGAGCCA-1",6
"ACTGTCCAGAGGGCTT-1",2
"ACTGTCCAGCAGCGTA-1",3
"ACTGTCCAGGCATGGT-1",2
"ACTGTCCCAAGGTTTC-1",6
"ACTGTCCCAAGTACCT-1",2
"ACTGTCCCAGTATCTG-1",2
"ACTGTCCCATAGAAAC-1",1
"ACTGTCCGTTGAGGTG-1",2
"ACTGTCCTCCACGTGG-1",5
"ACTGTCCTCCTTGGTC-1",1
"ACTGTCCTCTCTGTCG-1",2
"ACTTACTAGCGATAGC-1",1
"ACTTACTAGGGATGGG-1",1
"ACTTACTCACAGACAG-1",0
"ACTTACTCACATTTCT-1",3
"ACTTACTGTACTCAAC-1",2
"ACTTACTGTTCCACAA-1",2
"ACTTACTTCATCGGAT-1",2
"ACTTGTTAGACAAGCC-1",2
"ACTTGTTAGCTAGCCC-1",0
"ACTTGTTAGTTACCCA-1",9
"ACTTGTTCACGACGAA-1",0
"ACTTGTTCACGGCTAC-1",1
"ACTTGTTGTATCGCAT-1",0
"ACTTGTTGTGGTAACG-1",0
"ACTTGTTGTTGTGGAG-1",3
"ACTTGTTTCATCACCC-1",3
"ACTTTCACATGGTCAT-1",6
"ACTTTCAGTGACTACT-1",1
"ACTTTCATCGCCAGCA-1",1
"AGAATAGAGCTGAACG-1",1
"AGAATAGAGCTGTCTA-1",0
"AGAATAGAGGTAGCTG-1",2
"AGAATAGCATGGTCTA-1",2
"AGAATAGGTAATCGTC-1",1
"AGAATAGGTATTCTCT-1",2
"AGAATAGGTGCGGTAA-1",0
"AGAATAGGTTAAGAAC-1",3
"AGAATAGTCAGGCCCA-1",6
"AGACGTTAGAATGTGT-1",3
"AGACGTTAGCTCCTCT-1",6
"AGACGTTAGTGCCAGA-1",3
"AGACGTTCAGGATCGA-1",2
"AGACGTTGTAGCTGCC-1",1
"AGACGTTGTCTGCAAT-1",1
"AGACGTTGTTCTGTTT-1",4
"AGACGTTTCGCATGGC-1",8
"AGACGTTTCGCTTAGA-1",3
"AGAGCGACAACTTGAC-1",2
"AGAGCGACAAGTACCT-1",5
"AGAGCGACACAACGTT-1",6
"AGAGCGACATGAGCGA-1",0
"AGAGCGAGTCAGTGGA-1",4
"AGAGCGAGTCGACTGC-1",3
"AGAGCGAGTTGAGTTC-1",1
"AGAGCGATCGCGTAGC-1",0
"AGAGCGATCTATCCTA-1",0
"AGAGCGATCTCGCTTG-1",0
"AGAGCTTAGCCGTCGT-1",2
"AGAGCTTAGTACACCT-1",0
"AGAGCTTAGTCATGCT-1",2
"AGAGCTTGTAGAGCTG-1",2
"AGAGCTTGTATCACCA-1",2
"AGAGCTTTCACTATTC-1",2
"AGAGCTTTCCTGCAGG-1",2
"AGAGCTTTCGCAAACT-1",3
"AGAGCTTTCGCTTAGA-1",3
"AGAGTGGAGAGCCTAG-1",3
"AGAGTGGAGGCCCTTG-1",2
"AGAGTGGAGGTACTCT-1",2
"AGAGTGGCACAAGACG-1",3
"AGAGTGGCACCTCGTT-1",3
"AGAGTGGCATCCGGGT-1",6
"AGAGTGGCATCTGGTA-1",0
"AGAGTGGGTCAGCTAT-1",4
"AGAGTGGGTCCTCCAT-1",9
"AGAGTGGGTCTAGTCA-1",5
"AGAGTGGGTTACCGAT-1",0
"AGATCTGAGGTGGGTT-1",3
"AGATCTGAGTCAAGGC-1",1
"AGATCTGCAATGTTGC-1",2
"AGATCTGTCGAATCCA-1",4
"AGATCTGTCTGCAGTA-1",0
"AGATTGCAGGCTACGA-1",0
"AGATTGCCACGACGAA-1",2
"AGATTGCCAGATGGGT-1",1
"AGATTGCGTAGAGCTG-1",0
"AGATTGCGTGATGTCT-1",3
"AGATTGCGTGTTCGAT-1",3
"AGATTGCGTTCACGGC-1",2
"AGATTGCTCACTGGGC-1",6
"AGATTGCTCATCTGTT-1",1
"AGCAGCCAGCTGATAA-1",4
"AGCAGCCCACCGAAAG-1",1
"AGCAGCCGTCGACTGC-1",1
"AGCAGCCGTCGCTTTC-1",6
"AGCAGCCGTCTAACGT-1",1
"AGCAGCCGTGTGAAAT-1",4
"AGCAGCCGTTTGTTGG-1",1
"AGCAGCCTCCAAACAC-1",3
"AGCATACAGTGGTAGC-1",6
"AGCATACAGTTGTCGT-1",3
"AGCATACGTCTTCTCG-1",1
"AGCATACGTTAAGTAG-1",5
"AGCATACTCCGTTGCT-1",2
"AGCCTAAAGATATGGT-1",0
"AGCCTAACAAAGCGGT-1",2
"AGCCTAACAGATAATG-1",3
"AGCCTAAGTACGAAAT-1",2
"AGCCTAAGTCACCTAA-1",0
"AGCCTAAGTGTGCCTG-1",1
"AGCCTAATCACCCGAG-1",3
"AGCCTAATCCAATGGT-1",0
"AGCCTAATCCTTGGTC-1",1
"AGCCTAATCTGTGCAA-1",4
"AGCCTAATCTGTTTGT-1",5
"AGCGGTCAGCGAAGGG-1",4
"AGCGGTCAGGTACTCT-1",11
"AGCGGTCAGTGACTCT-1",7
"AGCGGTCCAGCCTTGG-1",1
"AGCGGTCGTCCTAGCG-1",0
"AGCGGTCGTGGTGTAG-1",1
"AGCGGTCGTTAAGGGC-1",7
"AGCGGTCGTTTGCATG-1",2
"AGCGGTCTCCGAAGAG-1",3
"AGCGGTCTCCTCAATT-1",4
"AGCGGTCTCTGGGCCA-1",3
"AGCGTATAGAACTGTA-1",0
"AGCGTATAGCGATGAC-1",1
"AGCGTATAGGTACTCT-1",2
"AGCGTATGTTGAGGTG-1",1
"AGCGTATTCCAGAGGA-1",0
"AGCGTCGAGTTGAGTA-1",0
"AGCGTCGCAGGGATTG-1",3
"AGCGTCGTCTGAAAGA-1",0
"AGCTCCTAGACCTAGG-1",2
"AGCTCCTAGCGTTTAC-1",1
"AGCTCCTGTGTTTGTG-1",1
"AGCTCCTGTTGTCTTT-1",1
"AGCTCCTTCCGAATGT-1",5
"AGCTCCTTCTTGACGA-1",2
"AGCTCTCAGCGGATCA-1",4
"AGCTCTCAGCTGTTCA-1",6
"AGCTCTCAGGTGCTAG-1",1
"AGCTCTCCATACAGCT-1",1
"AGCTCTCGTCAGAGGT-1",1
"AGCTCTCGTGGGTCAA-1",4
"AGCTCTCTCACAACGT-1",0
"AGCTCTCTCTTGACGA-1",6
"AGCTTGAAGCATCATC-1",2
"AGCTTGAAGTAGCGGT-1",5
"AGCTTGAAGTTGTCGT-1",0
"AGCTTGACAATCCAAC-1",0
"AGCTTGACACCGATAT-1",5
"AGCTTGAGTCTACCTC-1",3
"AGCTTGAGTGCGCTTG-1",3
"AGCTTGAGTTACGCGC-1",0
"AGCTTGATCCTGCCAT-1",2
"AGCTTGATCTGCAAGT-1",1
"AGGCCACAGAGTAAGG-1",1
"AGGCCACAGGGTCTCC-1",7
"AGGCCACAGTACTTGC-1",7
"AGGCCACCAGGACCCT-1",1
"AGGCCACCATCAGTCA-1",2
"AGGCCACTCATGCTCC-1",2
"AGGCCACTCATGGTCA-1",1
"AGGCCACTCATTGCGA-1",4
"AGGCCGTAGGATCGCA-1",1
"AGGCCGTCACGTAAGG-1",3
"AGGCCGTCAGCTCGAC-1",0
"AGGCCGTCATCGTCGG-1",4
"AGGCCGTTCACGGTTA-1",0
"AGGCCGTTCGAACTGT-1",31
"AGGCCGTTCTCAAGTG-1",2
"AGGCCGTTCTGCTTGC-1",1
"AGGGAGTAGCCCAACC-1",1
"AGGGAGTAGGAGTACC-1",5
"AGGGAGTAGGCAGGTT-1",4
"AGGGAGTCACGAGAGT-1",2
"AGGGAGTCAGAAGCAC-1",2
"AGGGAGTCAGATCCAT-1",4
"AGGGAGTCATCGACGC-1",3
"AGGGAGTCATGCTAGT-1",5
"AGGGAGTGTCCATGAT-1",2
"AGGGAGTTCATAACCG-1",0
"AGGGATGAGCTCTCGG-1",5
"AGGGATGAGGAGTAGA-1",2
"AGGGATGAGTAGCGGT-1",1
"AGGGATGCAATGAATG-1",3
"AGGGATGCAATGGAGC-1",1
"AGGGATGCACAAGACG-1",0
"AGGGATGCACATTTCT-1",3
"AGGGATGCATGGTCTA-1",1
"AGGGATGGTTAAAGTG-1",1
"AGGGATGGTTATGCGT-1",18
"AGGGATGTCGTGACAT-1",6
"AGGGTGAAGATGGCGT-1",6
"AGGGTGAAGATGGGTC-1",2
"AGGGTGAAGGCTCAGA-1",2
"AGGGTGACACGAGAGT-1",0
"AGGGTGACAGATGGCA-1",1
"AGGGTGACAGATTGCT-1",0
"AGGGTGAGTACTCTCC-1",2
"AGGGTGAGTTATCGGT-1",0
"AGGGTGAGTTCTGAAC-1",14
"AGGGTGATCTCGCTTG-1",1
"AGGTCATAGAGCCCAA-1",4
"AGGTCATAGCCAGAAC-1",6
"AGGTCATAGGCATGGT-1",1
"AGGTCATAGGGAGTAA-1",1
"AGGTCATCACTCAGGC-1",4
"AGGTCATCACTCTGTC-1",0
"AGGTCATGTTCCACTC-1",4
"AGGTCATTCTCGTTTA-1",4
"AGGTCCGAGGATGCGT-1",6
"AGGTCCGCAACACGCC-1",1
"AGGTCCGGTGATGCCC-1",0
"AGGTCCGTCCATGAAC-1",11
"AGGTCCGTCGCCCTTA-1",3
"AGGTCCGTCTGCGTAA-1",1
"AGTAGTCAGACTGTAA-1",2
"AGTAGTCAGTACGACG-1",0
"AGTAGTCAGTTTAGGA-1",0
"AGTAGTCCAACTGGCC-1",4
"AGTAGTCGTGCAGACA-1",14
"AGTAGTCTCACCCGAG-1",1
"AGTCTTTAGGCAGTCA-1",0
"AGTCTTTCAAATCCGT-1",3
"AGTCTTTCATATACCG-1",2
"AGTCTTTGTGCTTCTC-1",13
"AGTCTTTGTGTCCTCT-1",11
"AGTCTTTGTTTGTTTC-1",1
"AGTCTTTTCGCAGGCT-1",1
"AGTCTTTTCGCGTAGC-1",2
"AGTCTTTTCGCTAGCG-1",2
"AGTCTTTTCGCTTGTC-1",3
"AGTCTTTTCTGACCTC-1",4
"AGTGAGGAGATAGCAT-1",5
"AGTGAGGCAGGTGCCT-1",0
"AGTGAGGGTATGAAAC-1",2
"AGTGAGGGTCACTTCC-1",0
"AGTGAGGGTCGCGAAA-1",1
"AGTGAGGGTTATGTGC-1",2
"AGTGAGGTCTACTATC-1",2
"AGTGGGAAGCAGACTG-1",3
"AGTGGGACAAACGCGA-1",4
"AGTGGGACAAGCCGTC-1",1
"AGTGGGACACAGGAGT-1",4
"AGTGGGACACGAGAGT-1",4
"AGTGGGATCATCGATG-1",2
"AGTGGGATCCACGAAT-1",1
"AGTGGGATCCTGCAGG-1",9
"AGTGTCAAGAAGCCCA-1",2
"AGTGTCAAGCTAGTCT-1",10
"AGTGTCAAGTACGACG-1",2
"AGTGTCAAGTGAACAT-1",2
"AGTGTCACACCATCCT-1",2
"AGTGTCACAGTAAGCG-1",0
"AGTGTCACAGTGGAGT-1",3
"AGTGTCAGTAAACCTC-1",3
"AGTGTCAGTACAGCAG-1",0
"AGTGTCAGTCTCCACT-1",2
"AGTGTCAGTTTGACTG-1",6
"AGTGTCATCAAAGTAG-1",2
"AGTGTCATCCGTCAAA-1",2
"AGTGTCATCGTTACAG-1",2
"AGTGTCATCTGTCAAG-1",0
"AGTTGGTAGACTGTAA-1",0
"AGTTGGTAGTACGCGA-1",8
"AGTTGGTCAAATTGCC-1",4
"AGTTGGTCAGGAATGC-1",5
"AGTTGGTCATGCGCAC-1",8
"AGTTGGTGTACCGTAT-1",14
"AGTTGGTGTATGCTTG-1",5
"AGTTGGTGTCAGGACA-1",7
"AGTTGGTGTTCAGACT-1",0
"AGTTGGTTCAGTACGT-1",10
"AGTTGGTTCCTCAACC-1",10
"AGTTGGTTCGTACCGG-1",0
"AGTTGGTTCTGTCCGT-1",1
"ATAACGCAGTTGAGTA-1",10
"ATAACGCCACGTGAGA-1",1
"ATAACGCGTGAACCTT-1",1
"ATAACGCGTGTCCTCT-1",1
"ATAACGCGTGTGAAAT-1",4
"ATAACGCTCTCCGGTT-1",4
"ATAAGAGAGTCCGGTC-1",1
"ATAAGAGCAACTGCGC-1",0
"ATAAGAGCAGTATCTG-1",3
"ATAAGAGGTGACGCCT-1",3
"ATAAGAGGTTAAAGTG-1",0
"ATAAGAGTCAGCACAT-1",1
"ATAAGAGTCAGTGCAT-1",1
"ATAGACCAGAGAGCTC-1",1
"ATAGACCAGCCCAATT-1",10
"ATAGACCCAAGCCATT-1",8
"ATAGACCCATCTGGTA-1",2
"ATAGACCGTATATGGA-1",2
"ATAGACCGTGGACGAT-1",3
"ATAGACCGTGGCGAAT-1",1
"ATAGACCGTTTCGCTC-1",1
"ATCACGAAGAACTCGG-1",3
"ATCACGAAGACACGAC-1",2
"ATCACGAAGTTACCCA-1",4
"ATCACGACAAGACACG-1",7
"ATCACGACAAGCGTAG-1",1
"ATCACGACACACATGT-1",1
"ATCACGACACCACCAG-1",2
"ATCACGACACGGTAAG-1",2
"ATCACGACAGCGAACA-1",4
"ATCACGATCCCGACTT-1",1
"ATCACGATCGGTGTCG-1",1
"ATCATCTAGCCTATGT-1",2
"ATCATCTAGGCCATAG-1",14
"ATCATCTAGTACTTGC-1",2
"ATCATCTCAGACGCCT-1",7
"ATCATCTCATCCGTGG-1",0
"ATCATCTGTATTACCG-1",3
"ATCATCTGTCACTTCC-1",1
"ATCATCTTCAGCGACC-1",2
"ATCATCTTCCTCAACC-1",12
"ATCATGGCAAGCGTAG-1",1
"ATCATGGCAAGGTTCT-1",1
"ATCATGGCACTACAGT-1",4
"ATCATGGGTAAGGGAA-1",3
"ATCATGGGTTGTGGCC-1",6
"ATCATGGTCAATAAGG-1",2
"ATCATGGTCCAATGGT-1",1
"ATCATGGTCGCCATAA-1",3
"ATCATGGTCGGTTAAC-1",2
"ATCCACCAGCTAGTCT-1",4
"ATCCACCAGGCTCTTA-1",2
"ATCCACCCAAACGTGG-1",2
"ATCCACCCAGTTAACC-1",1
"ATCCACCGTCCGAAGA-1",2
"ATCCACCGTTTGTTTC-1",2
"ATCCACCTCCTGCTTG-1",3
"ATCCACCTCCTTAATC-1",2
"ATCCACCTCTGGTATG-1",2
"ATCCGAAAGCGATGAC-1",0
"ATCCGAAAGCTAGGCA-1",6
"ATCCGAACAAACGTGG-1",1
"ATCCGAACAACAACCT-1",2
"ATCCGAACAAGGACTG-1",1
"ATCCGAACACCCATTC-1",0
"ATCCGAACACGGTAGA-1",1
"ATCCGAAGTAGCGCTC-1",3
"ATCCGAAGTCATTAGC-1",5
"ATCCGAAGTCTCTTAT-1",2
"ATCCGAATCCAACCAA-1",2
"ATCCGAATCCTTGACC-1",1
"ATCCGAATCTTGTCAT-1",1
"ATCGAGTAGACTTTCG-1",3
"ATCGAGTCATCCGGGT-1",1
"ATCGAGTGTCCCTTGT-1",2
"ATCGAGTGTCTCCCTA-1",0
"ATCGAGTTCATGCATG-1",2
"ATCGAGTTCCTGCCAT-1",1
"ATCTACTAGGTGTGGT-1",1
"ATCTACTCAGCTGTAT-1",8
"ATCTACTCAGTACACT-1",3
"ATCTACTCATGACATC-1",2
"ATCTACTGTAAGTAGT-1",5
"ATCTACTGTGTCGCTG-1",5
"ATCTACTTCCGCGTTT-1",3
"ATCTACTTCGCAAGCC-1",2
"ATCTACTTCTATCGCC-1",5
"ATCTACTTCTCTAAGG-1",2
"ATCTGCCAGGCTCAGA-1",3
"ATCTGCCGTACAGTTC-1",3
"ATCTGCCGTTGTGGAG-1",0
"ATCTGCCTCAGAGACG-1",2
"ATCTGCCTCAGCTGGC-1",2
"ATCTGCCTCGTACGGC-1",0
"ATCTGCCTCTCGAGTA-1",4
"ATCTGCCTCTGAGTGT-1",2
"ATCTGCCTCTTGTATC-1",1
"ATGAGGGAGGTCGGAT-1",3
"ATGAGGGCATGACGGA-1",3
"ATGAGGGCATTAGGCT-1",3
"ATGAGGGTCACATGCA-1",1
"ATGAGGGTCAGTCCCT-1",2
"ATGCGATAGTCAATAG-1",1
"ATGCGATCATGTTGAC-1",12
"ATGCGATGTGCAGTAG-1",1
"ATGCGATGTGCATCTA-1",3
"ATGCGATTCCCAAGAT-1",4
"ATGCGATTCGCCATAA-1",2
"ATGGGAGAGCAATATG-1",1
"ATGGGAGAGCCACGCT-1",3
"ATGGGAGAGGTGATAT-1",4
"ATGGGAGCACCAGGTC-1",1
"ATGGGAGCACTATCTT-1",4
"ATGGGAGCAGCATACT-1",0
"ATGGGAGCATAGAAAC-1",1
"ATGGGAGCATTACCTT-1",1
"ATGGGAGTCAAGGTAA-1",3
"ATGTGTGAGCGAAGGG-1",0
"ATGTGTGAGGGTTTCT-1",0
"ATGTGTGAGTTGAGTA-1",0
"ATGTGTGCACGGCGTT-1",1
"ATGTGTGCACGGTTTA-1",2
"ATGTGTGCAGTATAAG-1",16
"ATGTGTGTCACGCGGT-1",3
"ATTACTCAGATGTGTA-1",3
"ATTACTCAGCGTAATA-1",2
"ATTACTCAGGTGCACA-1",2
"ATTACTCAGTGAAGTT-1",2
"ATTACTCCAAACTGTC-1",0
"ATTACTCCACCATCCT-1",3
"ATTACTCCAGACTCGC-1",3
"ATTACTCCATATGCTG-1",3
"ATTACTCCATCGGTTA-1",1
"ATTACTCCATTGCGGC-1",0
"ATTACTCGTTAAAGAC-1",7
"ATTACTCTCCGAACGC-1",6
"ATTATCCAGAGTACCG-1",2
"ATTATCCAGCTTATCG-1",1
"ATTATCCCACAAGCCC-1",2
"ATTATCCCATATGAGA-1",1
"ATTATCCCATCTGGTA-1",3
"ATTATCCGTCGTTGTA-1",3
"ATTATCCGTCTCTCTG-1",2
"ATTATCCTCAACGGGA-1",2
"ATTATCCTCCGCGCAA-1",4
"ATTATCCTCTCCGGTT-1",1
"ATTCTACGTCACTTCC-1",2
"ATTCTACGTCTAGTCA-1",0
"ATTCTACGTTGTCGCG-1",1
"ATTGGACAGCAGATCG-1",1
"ATTGGACAGGGCATGT-1",4
"ATTGGACAGTGGACGT-1",0
"ATTGGACCAAGACACG-1",7
"ATTGGACGTAATAGCA-1",26
"ATTGGACTCCTGCTTG-1",2
"ATTGGACTCGGCGCAT-1",2
"ATTGGACTCGTTTGCC-1",1
"ATTGGTGAGAATGTTG-1",2
"ATTGGTGCAAGCTGAG-1",1
"ATTGGTGCAGCAGTTT-1",2
"ATTGGTGGTATGGTTC-1",1
"ATTGGTGGTTGAGTTC-1",3
"ATTGGTGTCAAAGTAG-1",1
"ATTGGTGTCGGAAACG-1",1
"ATTTCTGAGGGATACC-1",2
"ATTTCTGAGGGATCTG-1",2
"ATTTCTGAGGTGTTAA-1",1
"ATTTCTGAGTCGAGTG-1",2
"ATTTCTGAGTTCGCAT-1",1
"ATTTCTGCAAGGTGTG-1",1
"ATTTCTGGTAGCTCCG-1",6
"ATTTCTGGTGCACGAA-1",0
"ATTTCTGGTTGCCTCT-1",1
"ATTTCTGTCAAAGTAG-1",4
"ATTTCTGTCAGCTCGG-1",0
"ATTTCTGTCTTGGGTA-1",0
"CAACCAAAGAAACGCC-1",0
"CAACCAAAGAGGGCTT-1",5
"CAACCAAAGCTGAAAT-1",1
"CAACCAAAGGACAGCT-1",3
"CAACCAAAGGGAGTAA-1",7
"CAACCAACATACGCTA-1",3
"CAACCTCAGTAATCCC-1",2
"CAACCTCCAGACGCAA-1",3
"CAACCTCGTGAGTGAC-1",1
"CAACCTCGTTCCACGG-1",16
"CAACCTCTCATACGGT-1",4
"CAACCTCTCCGATATG-1",0
"CAACCTCTCCTTTACA-1",2
"CAACCTCTCTCTAGGA-1",2
"CAACTAGAGAATAGGG-1",18
"CAACTAGAGGATGCGT-1",1
"CAACTAGCACCATCCT-1",2
"CAACTAGCAGACTCGC-1",1
"CAACTAGCAGTTCATG-1",1
"CAACTAGGTACGCACC-1",4
"CAACTAGTCAGGCCCA-1",3
"CAAGAAAAGAAGGACA-1",2
"CAAGAAAAGACGCACA-1",6
"CAAGAAAAGGCCCTTG-1",3
"CAAGAAAAGGTGATAT-1",2
"CAAGAAAAGTCGATAA-1",0
"CAAGAAAAGTGGAGTC-1",6
"CAAGAAAAGTGTACCT-1",6
"CAAGAAACACGGTGTC-1",1
"CAAGAAATCTGCTTGC-1",3
"CAAGATCAGCTGAAAT-1",1
"CAAGATCGTAAGAGGA-1",3
"CAAGATCGTGCCTTGG-1",1
"CAAGATCTCAACACCA-1",0
"CAAGATCTCTCGATGA-1",0
"CAAGGCCAGGAGTCTG-1",11
"CAAGGCCAGGCTATCT-1",3
"CAAGGCCCACGGTAAG-1",5
"CAAGGCCCATGTTCCC-1",1
"CAAGGCCGTCCGTCAG-1",1
"CAAGGCCTCAACGGGA-1",3
"CAAGGCCTCCTTGACC-1",1
"CAAGGCCTCGTGACAT-1",3
"CAAGTTGAGACAGGCT-1",3
"CAAGTTGAGATGTCGG-1",2
"CAAGTTGAGCGTCAAG-1",3
"CAAGTTGAGCGTTTAC-1",3
"CAAGTTGCACATTAGC-1",0
"CAAGTTGCACGCTTTC-1",4
"CAAGTTGCACGGTGTC-1",2
"CAAGTTGCATTCTTAC-1",11
"CAAGTTGGTACTCAAC-1",1
"CAAGTTGGTCAGGACA-1",0
"CAAGTTGGTCGGCACT-1",1
"CAAGTTGTCAACGAAA-1",4
"CAAGTTGTCACCACCT-1",1
"CAAGTTGTCATTGCCC-1",1
"CAAGTTGTCGAATCCA-1",0
"CAAGTTGTCTACTTAC-1",1
"CACAAACAGGGCTCTC-1",3
"CACAAACAGGGCTTGA-1",1
"CACAAACAGTGACATA-1",1
"CACAAACCAACTGCGC-1",2
"CACAAACCAATAAGCA-1",4
"CACAAACCAATCAGAA-1",1
"CACAAACCACTTAACG-1",3
"CACAAACCATGAACCT-1",2
"CACAAACCATGGTCAT-1",4
"CACAAACGTCAACTGT-1",1
"CACAAACGTCAGAATA-1",0
"CACAAACTCTTCGGTC-1",2
"CACAAACTCTTGGGTA-1",6
"CACACAAAGCGACGTA-1",1
"CACACAAAGGGAGTAA-1",1
"CACACAACAAACGTGG-1",0
"CACACAACACATGACT-1",0
"CACACAACATCGATTG-1",0
"CACACAACATTGGGCC-1",2
"CACACAAGTACGACCC-1",3
"CACACAAGTCAGTGGA-1",3
"CACACAAGTCATCGGC-1",2
"CACACAAGTTTACTCT-1",2
"CACACAATCCACGTGG-1",2
"CACACAATCCACGTTC-1",3
"CACACAATCGGCGCAT-1",1
"CACACCTAGAGACTAT-1",1
"CACACCTAGGACATTA-1",2
"CACACCTAGTCATCCA-1",5
"CACACCTAGTGTGAAT-1",3
"CACACCTCACTGAAGG-1",2
"CACACCTCATAGGATA-1",2
"CACACCTCATAGTAAG-1",5
"CACACCTCATTGGGCC-1",3
"CACACCTGTACAGCAG-1",1
"CACACCTGTACCGCTG-1",1
"CACACCTGTCCAAGTT-1",2
"CACACCTGTGGACGAT-1",0
"CACACCTGTGGTCTCG-1",2
"CACACCTTCATGTCTT-1",4
"CACACCTTCTGGCGAC-1",2
"CACACTCAGGGAAACA-1",5
"CACACTCCAACACCTA-1",3
"CACACTCCAAGGGTCA-1",1
"CACACTCGTGACGCCT-1",2
"CACACTCGTTTGTGTG-1",1
"CACAGGCAGCCATCGC-1",6
"CACAGGCAGGGATGGG-1",0
"CACAGGCCAAGAGTCG-1",2
"CACAGGCCAATGGAGC-1",0
"CACAGGCGTCTAGGTT-1",1
"CACAGGCGTTACGCGC-1",5
"CACAGGCTCGGGAGTA-1",0
"CACAGGCTCTATGTGG-1",4
"CACAGTAAGACGCAAC-1",2
"CACAGTAAGACGCACA-1",0
"CACAGTAAGTGGGCTA-1",3
"CACAGTACAACTGGCC-1",4
"CACAGTACATCGGACC-1",6
"CACAGTAGTTCCATGA-1",18
"CACATAGAGCCCAATT-1",1
"CACATAGAGTGTACTC-1",1
"CACATAGCACTTCTGC-1",2
"CACATAGCAGGGTATG-1",2
"CACATAGTCCTTGCCA-1",0
"CACATAGTCGGCGCAT-1",6
"CACATTTAGCAGATCG-1",2
"CACATTTAGGGCACTA-1",3
"CACATTTCACGGCGTT-1",1
"CACATTTCATTACCTT-1",2
"CACATTTGTCGAACAG-1",4
"CACATTTGTGTTGAGG-1",2
"CACATTTTCCAGAGGA-1",0
"CACATTTTCCGCATCT-1",2
"CACATTTTCTACTATC-1",0
"CACATTTTCTGTGCAA-1",0
"CACCACTAGCCACGTC-1",4
"CACCACTAGTGGTAAT-1",3
"CACCACTAGTTACCCA-1",3
"CACCACTCAAGCCCAC-1",0
"CACCACTCAGTTCATG-1",0
"CACCACTGTTATTCTC-1",4
"CACCACTTCACCGGGT-1",1
"CACCACTTCGAATCCA-1",10
"CACCACTTCGACCAGC-1",7
"CACCACTTCTAACCGA-1",15
"CACCACTTCTTTAGTC-1",2
"CACCAGGCACATTAGC-1",11
"CACCAGGCACTGCCAG-1",1
"CACCAGGCATAAAGGT-1",3
"CACCAGGCATGAACCT-1",3
"CACCAGGGTGAAATCA-1",3
"CACCAGGGTGTTTGGT-1",2
"CACCAGGGTTATCACG-1",1
"CACCAGGTCATGTAGC-1",2
"CACCAGGTCTGCTTGC-1",2
"CACCTTGAGACTTGAA-1",4
"CACCTTGAGTCAATAG-1",2
"CACCTTGCACTAGTAC-1",3
"CACCTTGCAGGCGATA-1",1
"CACCTTGCATTCCTGC-1",2
"CACCTTGGTCATTAGC-1",5
"CACCTTGGTGATGTCT-1",1
"CACCTTGGTGTGAAAT-1",1
"CACCTTGGTTATGTGC-1",11
"CACCTTGTCAACCATG-1",3
"CACCTTGTCATTATCC-1",7
"CACCTTGTCCAAAGTC-1",2
"CACCTTGTCTCACATT-1",0
"CACTCCAAGACAAGCC-1",0
"CACTCCAAGGTACTCT-1",1
"CACTCCACAATGGACG-1",0
"CACTCCAGTACATGTC-1",0
"CACTCCAGTTGTCGCG-1",8
"CACTCCATCAACACAC-1",2
"CACTCCATCCCAGGTG-1",3
"CAGAATCAGAAACCTA-1",1
"CAGAATCAGCCAACAG-1",9
"CAGAATCAGCTGGAAC-1",3
"CAGAATCAGGACTGGT-1",3
"CAGAATCAGTATCGAA-1",6
"CAGAATCCACAGAGGT-1",5
"CAGAATCCAGGGTACA-1",1
"CAGAATCGTAAGTGTA-1",0
"CAGAATCGTAATCACC-1",2
"CAGAATCTCAGTTTGG-1",1
"CAGAATCTCGCAAGCC-1",2
"CAGAATCTCGGTCCGA-1",6
"CAGAATCTCTTGCAAG-1",1
"CAGAATCTCTTGTACT-1",0
"CAGAGAGAGAATTGTG-1",4
"CAGAGAGAGCAATATG-1",2
"CAGAGAGCAAGAAGAG-1",1
"CAGAGAGCACCAGATT-1",3
"CAGAGAGGTAATCACC-1",3
"CAGAGAGGTAGCTGCC-1",1
"CAGAGAGGTAGGACAC-1",2
"CAGAGAGGTATAGGGC-1",1
"CAGAGAGGTCCGAATT-1",3
"CAGAGAGGTTGAGGTG-1",0
"CAGAGAGTCACCCGAG-1",40
"CAGAGAGTCATAACCG-1",3
"CAGAGAGTCCGAACGC-1",20
"CAGAGAGTCTGGTATG-1",3
"CAGATCAAGAGACGAA-1",2
"CAGATCAAGCACCGTC-1",2
"CAGATCAAGCTTCGCG-1",2
"CAGATCAAGGATTCGG-1",45
"CAGATCAAGTGTACCT-1",2
"CAGATCAAGTTTAGGA-1",4
"CAGATCACAATAACGA-1",2
"CAGATCACACACCGAC-1",4
"CAGATCACACGGTAAG-1",0
"CAGATCACACTCTGTC-1",2
"CAGATCACAGCATACT-1",5
"CAGATCACAGTGGGAT-1",1
"CAGATCAGTACCAGTT-1",2
"CAGATCAGTGCGGTAA-1",0
"CAGATCATCTGATACG-1",5
"CAGATCATCTGATTCT-1",5
"CAGCAGCAGATGCCAG-1",4
"CAGCAGCAGGGAACGG-1",5
"CAGCAGCCACCTATCC-1",3
"CAGCAGCCATCACAAC-1",0
"CAGCAGCGTGCTAGCC-1",2
"CAGCAGCTCAACACTG-1",5
"CAGCAGCTCGAACTGT-1",2
"CAGCAGCTCGCCGTGA-1",3
"CAGCATAAGAGACGAA-1",6
"CAGCATAGTCTAGGTT-1",1
"CAGCATAGTTTACTCT-1",3
"CAGCATATCACGAAGG-1",1
"CAGCATATCAGGCAAG-1",5
"CAGCATATCCTTAATC-1",4
"CAGCCGAAGCATCATC-1",2
"CAGCCGAAGTTTCCTT-1",1
"CAGCCGACACGTGAGA-1",4
"CAGCCGACATCAGTCA-1",2
"CAGCCGAGTGATGTCT-1",1
"CAGCCGATCACCAGGC-1",3
"CAGCCGATCCTCAATT-1",0
"CAGCGACAGAAACGCC-1",3
"CAGCGACAGCGTCAAG-1",5
"CAGCGACCAAACGTGG-1",2
"CAGCGACCAAAGCGGT-1",7
"CAGCGACCACGTCAGC-1",4
"CAGCGACCATGGGACA-1",1
"CAGCGACGTCTGATTG-1",0
"CAGCGACGTGGACGAT-1",3
"CAGCGACGTGGTTTCA-1",3
"CAGCGACGTTCGGCAC-1",1
"CAGCGACTCCGCAAGC-1",1
"CAGCGACTCTGGGCCA-1",1
"CAGCTAAAGATGTGTA-1",2
"CAGCTAAAGCAGACTG-1",2
"CAGCTAAAGCTGTTCA-1",1
"CAGCTAAAGGAGCGTT-1",2
"CAGCTAACACAGATTC-1",0
"CAGCTAACATCAGTAC-1",3
"CAGCTAAGTAATCGTC-1",3
"CAGCTAAGTCTCACCT-1",6
"CAGCTAAGTTCGTCTC-1",0
"CAGCTAATCCACGCAG-1",3
"CAGCTAATCCCTAACC-1",1
"CAGCTAATCTGGTTCC-1",5
"CAGCTAATCTTAGCCC-1",5
"CAGCTAATCTTCGGTC-1",4
"CAGCTGGAGACACTAA-1",2
"CAGCTGGAGATCCTGT-1",2
"CAGCTGGCACCAACCG-1",4
"CAGCTGGCAGTGGAGT-1",5
"CAGCTGGCATGCATGT-1",1
"CAGCTGGTCTACCTGC-1",1
"CAGGTGCAGAGACGAA-1",0
"CAGGTGCAGATCCTGT-1",8
"CAGGTGCAGGCATGTG-1",3
"CAGGTGCCAGGAACGT-1",1
"CAGGTGCCATAGTAAG-1",5
"CAGGTGCCATCGGAAG-1",1
"CAGGTGCTCAGTTGAC-1",2
"CAGGTGCTCCAAGTAC-1",0
"CAGGTGCTCTTGTATC-1",0
"CAGTAACAGATATGGT-1",0
"CAGTAACAGATGGCGT-1",3
"CAGTAACCAATCACAC-1",1
"CAGTAACCACTCGACG-1",3
"CAGTAACGTGATAAGT-1",2
"CAGTAACGTGCACCAC-1",9
"CAGTAACTCAGAGGTG-1",4
"CAGTAACTCGTACGGC-1",3
"CAGTAACTCGTGACAT-1",4
"CAGTAACTCTGCCAGG-1",0
"CAGTCCTAGAATCTCC-1",2
"CAGTCCTAGATCTGCT-1",3
"CAGTCCTCAGTATAAG-1",1
"CAGTCCTTCAACACGT-1",6
"CAGTCCTTCCATGAGT-1",4
"CAGTCCTTCCCGACTT-1",1
"CAGTCCTTCCCTTGTG-1",0
"CAGTCCTTCGAACGGA-1",3
"CAGTCCTTCGGTTCGG-1",1
"CAGTCCTTCTACTTAC-1",2
"CATATGGAGAGATGAG-1",0
"CATATGGAGGCATGGT-1",1
"CATATGGAGTATTGGA-1",3
"CATATGGCAAGCGTAG-1",0
"CATATGGGTCGCATAT-1",0
"CATATGGTCATTATCC-1",1
"CATATGGTCATTGCGA-1",1
"CATATTCAGGCGACAT-1",1
"CATATTCCACCACCAG-1",1
"CATATTCGTGACTACT-1",2
"CATATTCGTGGTACAG-1",3
"CATATTCGTGTGACGA-1",2
"CATATTCTCACAGGCC-1",4
"CATATTCTCGCAAACT-1",3
"CATCAAGAGAACTCGG-1",2
"CATCAAGAGATGGCGT-1",2
"CATCAAGAGCCGCCTA-1",3
"CATCAAGCACGAAACG-1",1
"CATCAAGCAGCCTTTC-1",0
"CATCAAGCATGGAATA-1",3
"CATCAAGGTTACTGAC-1",1
"CATCAAGGTTCCATGA-1",2
"CATCAAGTCTAAGCCA-1",1
"CATCAAGTCTGACCTC-1",1
"CATCAGAAGCTAGTCT-1",5
"CATCAGACAAGCCATT-1",1
"CATCAGACAATGACCT-1",2
"CATCAGACACGGCCAT-1",1
"CATCAGACAGACAGGT-1",7
"CATCAGACATAACCTG-1",2
"CATCAGAGTAATTGGA-1",0
"CATCAGAGTACATGTC-1",4
"CATCAGAGTGTTAAGA-1",2
"CATCAGAGTTCAACCA-1",10
"CATCAGATCGTTGACA-1",1
"CATCCACGTAAAGTCA-1",2
"CATCCACGTACCGTAT-1",5
"CATCCACGTGCCTGTG-1",17
"CATCCACGTTTAAGCC-1",3
"CATCGAAAGAGTACAT-1",3
"CATCGAAAGCTGTCTA-1",16
"CATCGAACAAGAGGCT-1",15
"CATCGAACAAGCTGAG-1",1
"CATCGAACACATTTCT-1",3
"CATCGAACATAAAGGT-1",2
"CATCGAAGTAGTACCT-1",0
"CATCGAAGTCCGACGT-1",8
"CATCGAAGTGCACTTA-1",1
"CATCGAATCAAACCAC-1",1
"CATCGAATCCGCGGTA-1",1
"CATCGAATCCGTAGTA-1",1
"CATCGGGAGAAGCCCA-1",3
"CATCGGGAGCGAGAAA-1",0
"CATCGGGAGGGTGTGT-1",2
"CATCGGGAGGTGTTAA-1",2
"CATCGGGAGTGACTCT-1",1
"CATCGGGCACTCAGGC-1",4
"CATCGGGCAGACGCTC-1",4
"CATCGGGCATCACAAC-1",2
"CATCGGGGTCCTCTTG-1",4
"CATCGGGGTGAGGGAG-1",3
"CATCGGGGTTCGAATC-1",1
"CATCGGGTCAGGATCT-1",1
"CATCGGGTCCACGAAT-1",1
"CATCGGGTCGATGAGG-1",7
"CATGACAAGACCACGA-1",1
"CATGACAAGCTCCTCT-1",11
"CATGACAAGTAACCCT-1",5
"CATGACAAGTATCTCG-1",3
"CATGACAGTCGTCTTC-1",2
"CATGACAGTGAACCTT-1",2
"CATGACATCAATAAGG-1",0
"CATGACATCTAACTGG-1",15
"CATGCCTAGACCTAGG-1",3
"CATGCCTAGAGTCTGG-1",0
"CATGCCTCACCACCAG-1",0
"CATGCCTGTCAAAGCG-1",1
"CATGCCTGTCGATTGT-1",0
"CATGCCTTCCACGACG-1",0
"CATGCCTTCCTCATTA-1",2
"CATGCCTTCGCATGAT-1",0
"CATGGCGAGAGCTGGT-1",3
"CATGGCGAGTACGACG-1",1
"CATGGCGTCCAAAGTC-1",8
"CATGGCGTCCCTTGTG-1",3
"CATGGCGTCGGCCGAT-1",5
"CATGGCGTCTCAAACG-1",2
"CATGGCGTCTGCCCTA-1",2
"CATTATCAGACCCACC-1",2
"CATTATCAGTCCCACG-1",0
"CATTATCCAAGTCTGT-1",9
"CATTATCCAGGGCATA-1",4
"CATTATCGTCAATGTC-1",3
"CATTATCTCACAAACC-1",1
"CATTATCTCAGATAAG-1",1
"CATTATCTCGCGTTTC-1",0
"CATTATCTCGTTGCCT-1",8
"CATTATCTCTATCCCG-1",4
"CATTATCTCTTAACCT-1",2
"CATTCGCAGGTGCTAG-1",3
"CATTCGCCAAGGGTCA-1",3
"CATTCGCCAGCCTATA-1",0
"CATTCGCCATACAGCT-1",2
"CATTCGCCATGGATGG-1",2
"CATTCGCCATGTCTCC-1",1
"CATTCGCCATTCACTT-1",11
"CATTCGCGTAGCACGA-1",2
"CATTCGCTCATCACCC-1",4
"CCAATCCAGACCACGA-1",2
"CCAATCCAGATATGGT-1",1
"CCAATCCAGTCGAGTG-1",2
"CCAATCCAGTCGTTTG-1",4
"CCAATCCAGTTTAGGA-1",2
"CCAATCCCAAGCGAGT-1",4
"CCAATCCTCGGACAAG-1",3
"CCAATCCTCTACCTGC-1",0
"CCACCTAAGCAGACTG-1",3
"CCACCTAAGGATGGTC-1",2
"CCACCTAAGTCGAGTG-1",1
"CCACCTAAGTGGGATC-1",1
"CCACCTAAGTGTGGCA-1",1
"CCACCTACAACAACCT-1",3
"CCACCTACAAGCCGCT-1",0
"CCACCTACAATCTACG-1",1
"CCACCTAGTAGTACCT-1",4
"CCACCTAGTCGCGTGT-1",3
"CCACCTAGTGGGTCAA-1",2
"CCACCTATCAGTTGAC-1",2
"CCACCTATCTGATACG-1",2
"CCACGGAAGACACGAC-1",0
"CCACGGAAGGGAACGG-1",3
"CCACGGACATGTCGAT-1",0
"CCACGGAGTAAGGGCT-1",2
"CCACGGAGTCAGATAA-1",1
"CCACGGAGTCCGTGAC-1",4
"CCACGGAGTGTAATGA-1",0
"CCACGGAGTTCTGAAC-1",7
"CCACGGATCACATAGC-1",2
"CCACGGATCCACGTGG-1",4
"CCACGGATCTACTATC-1",0
"CCACGGATCTAGAGTC-1",1
"CCACTACAGAGTACCG-1",4
"CCACTACAGCTTTGGT-1",2
"CCACTACCAGCAGTTT-1",3
"CCACTACCAGTAGAGC-1",2
"CCACTACGTCCGAATT-1",2
"CCACTACGTCTCAACA-1",13
"CCACTACGTGACAAAT-1",10
"CCACTACGTGACCAAG-1",0
"CCACTACGTGCACGAA-1",0
"CCACTACTCACTCTTA-1",2
"CCACTACTCCGCATCT-1",1
"CCACTACTCGGAAATA-1",2
"CCACTACTCTCGTATT-1",5
"CCACTACTCTCGTTTA-1",4
"CCAGCGAAGCCCAACC-1",1
"CCAGCGACATCGGGTC-1",0
"CCAGCGACATGTCCTC-1",1
"CCAGCGAGTAGGCATG-1",0
"CCAGCGAGTCCGTTAA-1",2
"CCAGCGATCAGAAATG-1",3
"CCATGTCAGCGATCCC-1",2
"CCATGTCAGGTCGGAT-1",0
"CCATGTCAGGTTACCT-1",1
"CCATGTCCAAGCTGGA-1",2
"CCATGTCCACATCCGG-1",0
"CCATGTCGTCCAGTAT-1",2
"CCATGTCTCCAAGTAC-1",1
"CCATGTCTCTTGTATC-1",1
"CCATTCGCAGTACACT-1",13
"CCATTCGCAGTTTACG-1",6
"CCATTCGGTAATCGTC-1",4
"CCATTCGGTATTACCG-1",3
"CCATTCGTCGTAGGAG-1",2
"CCCAATCAGTCACGCC-1",2
"CCCAATCCAGGTGGAT-1",1
"CCCAATCGTGAAGGCT-1",0
"CCCAATCGTTGGAGGT-1",2
"CCCAATCTCACATGCA-1",1
"CCCAATCTCCAGTATG-1",2
"CCCAATCTCGGAGCAA-1",4
"CCCAGTTAGAATAGGG-1",0
"CCCAGTTAGATCCCGC-1",3
"CCCAGTTAGCGTGAAC-1",2
"CCCAGTTAGGAATCGC-1",2
"CCCAGTTAGTCCGGTC-1",5
"CCCAGTTAGTTTGCGT-1",2
"CCCAGTTGTACATGTC-1",2
"CCCAGTTGTCTGCAAT-1",5
"CCCAGTTTCTGAAAGA-1",6
"CCCATACAGGGTTCCC-1",0
"CCCATACAGTGTTTGC-1",5
"CCCATACCAAAGGTGC-1",3
"CCCATACCAACACCCG-1",0
"CCCATACCAGCAGTTT-1",1
"CCCATACGTATTACCG-1",6
"CCCATACGTCAATACC-1",1
"CCCATACGTCTAGTCA-1",0
"CCCATACGTTGAGTTC-1",1
"CCCATACTCAATAAGG-1",1
"CCCATACTCAGCGACC-1",2
"CCCATACTCATCACCC-1",3
"CCCATACTCCGTAGGC-1",1
"CCCTCCTAGGAATCGC-1",13
"CCCTCCTCACGTCTCT-1",0
"CCCTCCTCAGCTTAAC-1",5
"CCCTCCTCATATGAGA-1",6
"CCCTCCTCATCACGTA-1",4
"CCCTCCTGTATGGTTC-1",3
"CCCTCCTGTTAGATGA-1",2
"CCCTCCTTCAATCACG-1",0
"CCCTCCTTCCGCAGTG-1",6
"CCGGGATAGCTTCGCG-1",1
"CCGGGATAGGCGACAT-1",0
"CCGGGATAGGCTAGGT-1",4
"CCGGGATCACAGTCGC-1",2
"CCGGGATGTATAGGTA-1",1
"CCGGGATTCAGAGCTT-1",3
"CCGGGATTCGCTAGCG-1",2
"CCGGGATTCGCTTGTC-1",1
"CCGGTAGAGCGTCTAT-1",1
"CCGGTAGAGTACGCCC-1",2
"CCGGTAGCACATAACC-1",6
"CCGGTAGCACGCATCG-1",4
"CCGGTAGGTACTTCTT-1",2
"CCGGTAGGTCAAACTC-1",7
"CCGGTAGTCGTCCGTT-1",1
"CCGTACTAGAGAACAG-1",2
"CCGTACTAGTCCGTAT-1",4
"CCGTACTCAAGCCCAC-1",14
"CCGTACTCAAGCGAGT-1",0
"CCGTACTCATCCCACT-1",0
"CCGTACTGTACAGCAG-1",0
"CCGTACTGTAGCGCTC-1",1
"CCGTACTGTGCGGTAA-1",1
"CCGTACTTCGTTACAG-1",3
"CCGTGGAAGACGCACA-1",3
"CCGTGGAAGAGTTGGC-1",0
"CCGTGGAAGGTGATAT-1",1
"CCGTGGAAGGTTCCTA-1",1
"CCGTGGACAGCCTTGG-1",1
"CCGTGGAGTTCCATGA-1",0
"CCGTGGATCTAACTTC-1",2
"CCGTGGATCTCTGTCG-1",1
"CCGTTCAAGCGTAATA-1",6
"CCGTTCAAGTACGATA-1",1
"CCGTTCAAGTAGATGT-1",1
"CCGTTCACAGGATCGA-1",0
"CCGTTCAGTATAGGGC-1",4
"CCGTTCAGTCGCGAAA-1",2
"CCGTTCATCGTACCGG-1",2
"CCTAAAGAGAGTTGGC-1",3
"CCTAAAGCAAACCTAC-1",1
"CCTAAAGCATGTCTCC-1",1
"CCTAAAGGTACTCAAC-1",5
"CCTAAAGGTCGGCACT-1",5
"CCTAAAGGTGTAATGA-1",3
"CCTAAAGTCACCGTAA-1",1
"CCTAAAGTCAGCGATT-1",2
"CCTAAAGTCGGCGCTA-1",2
"CCTAAAGTCGGTCCGA-1",2
"CCTACACAGGACCACA-1",1
"CCTACACAGGGTGTTG-1",1
"CCTACACCAGTAAGAT-1",2
"CCTACACGTATAGTAG-1",3
"CCTACACGTCCGAACC-1",3
"CCTACACGTGGGTCAA-1",2
"CCTACACGTTTGACTG-1",2
"CCTACACTCGGCGCTA-1",0
"CCTACACTCGTGACAT-1",10
"CCTACCAAGATAGGAG-1",1
"CCTACCAAGCAAATCA-1",0
"CCTACCAAGCGTAGTG-1",1
"CCTACCAAGCTTCGCG-1",2
"CCTACCAAGTGCGATG-1",5
"CCTACCAGTATCAGTC-1",3
"CCTACCAGTCTCTCTG-1",1
"CCTACCAGTCTTTCAT-1",3
"CCTACCATCAGCACAT-1",1
"CCTACCATCGCCAGCA-1",3
"CCTAGCTAGCAAATCA-1",1
"CCTAGCTAGCTCCTCT-1",2
"CCTAGCTAGGTTACCT-1",1
"CCTAGCTAGTACGCGA-1",0
"CCTAGCTCAATGAATG-1",2
"CCTAGCTCAATGGTCT-1",3
"CCTAGCTCACATCCAA-1",0
"CCTAGCTCAGCCAGAA-1",3
"CCTAGCTGTAGAAAGG-1",1
"CCTAGCTGTCACCCAG-1",1
"CCTAGCTGTCTGATTG-1",5
"CCTAGCTTCACGATGT-1",3
"CCTAGCTTCGTAGGAG-1",3
"CCTATTAAGAATTCCC-1",3
"CCTATTAAGCAGGCTA-1",2
"CCTATTAAGCAGGTCA-1",5
"CCTATTAAGGGAGTAA-1",11
"CCTATTAAGGTAGCCA-1",3
"CCTATTACACAACTGT-1",2
"CCTATTACACATCCGG-1",1
"CCTATTAGTCAATACC-1",0
"CCTATTATCATCACCC-1",3
"CCTATTATCTGCGACG-1",6
"CCTCAGTAGCTAACTC-1",1
"CCTCAGTCAGGTGGAT-1",2
"CCTCAGTGTCCATCCT-1",1
"CCTCAGTGTCCGACGT-1",2
"CCTCAGTGTCTTGTCC-1",1
"CCTCAGTGTGGGTATG-1",0
"CCTCTGAAGTATCGAA-1",2
"CCTCTGAAGTGGGTTG-1",2
"CCTCTGACAAGCTGTT-1",1
"CCTCTGACACCGATAT-1",5
"CCTCTGACAGATGAGC-1",4
"CCTCTGAGTCAATACC-1",3
"CCTCTGAGTCCGAACC-1",1
"CCTCTGAGTCGTGGCT-1",2
"CCTCTGAGTCTGATTG-1",1
"CCTCTGATCTGAGGGA-1",2
"CCTTACGCAAGCGTAG-1",4
"CCTTACGCACCAACCG-1",47
"CCTTACGGTCATCCCT-1",0
"CCTTACGGTCCTCTTG-1",6
"CCTTACGTCACAACGT-1",0
"CCTTACGTCATCTGCC-1",5
"CCTTACGTCGGAGGTA-1",2
"CCTTCCCAGAGACTAT-1",3
"CCTTCCCAGCTAGGCA-1",1
"CCTTCCCAGGACGAAA-1",1
"CCTTCCCAGGGCATGT-1",2
"CCTTCCCAGGTACTCT-1",0
"CCTTCCCCATGATCCA-1",3
"CCTTCCCTCAAGGCTT-1",8
"CCTTCCCTCTATCCTA-1",0
"CCTTCCCTCTATCGCC-1",5
"CCTTCGAAGGCGCTCT-1",0
"CCTTCGACAACACCCG-1",0
"CCTTCGACAGCGATCC-1",5
"CCTTCGAGTAAGCACG-1",2
"CCTTCGAGTCCATGAT-1",6
"CCTTCGAGTGTGACCC-1",2
"CCTTCGAGTTGGTGGA-1",1
"CCTTCGATCACAGTAC-1",4
"CCTTCGATCCTATGTT-1",0
"CCTTCGATCGCACTCT-1",3
"CCTTTCTAGACGCTTT-1",6
"CCTTTCTAGGGCACTA-1",3
"CCTTTCTAGTGGAGTC-1",0
"CCTTTCTCAGACAAGC-1",3
"CCTTTCTCATCACGAT-1",0
"CCTTTCTCATGCCCGA-1",3
"CCTTTCTTCCCACTTG-1",3
"CCTTTCTTCTTTACGT-1",1
"CGAACATCACATGACT-1",5
"CGAACATCACTTGGAT-1",2
"CGAACATCAGTCCTTC-1",3
"CGAACATGTCTGATTG-1",1
"CGAACATGTGCTGTAT-1",0
"CGAACATTCTCAAACG-1",3
"CGAATGTAGAGGTTAT-1",2
"CGAATGTAGCGATAGC-1",1
"CGAATGTAGTTCGCAT-1",1
"CGAATGTCAATGCCAT-1",0
"CGAATGTGTCTAGTCA-1",3
"CGAATGTGTCTCACCT-1",2
"CGAATGTTCAACACAC-1",0
"CGAATGTTCATCACCC-1",1
"CGAATGTTCTGTACGA-1",2
"CGACCTTAGCTACCGC-1",2
"CGACCTTAGCTAGTCT-1",2
"CGACCTTCAAAGTGCG-1",2
"CGACCTTCACGAAATA-1",2
"CGACCTTGTAAGTGTA-1",3
"CGACCTTGTCAGAATA-1",4
"CGACCTTGTCTCCCTA-1",1
"CGACCTTGTCTCTTAT-1",0
"CGACCTTTCCGCGTTT-1",1
"CGACCTTTCGTTTATC-1",1
"CGACCTTTCTCCAGGG-1",1
"CGACTTCAGACACGAC-1",0
"CGACTTCAGGTAGCCA-1",2
"CGACTTCAGTCTTGCA-1",0
"CGACTTCCAATGGACG-1",1
"CGACTTCGTGGTGTAG-1",6
"CGACTTCGTTGAGTTC-1",5
"CGACTTCTCACTTACT-1",2
"CGACTTCTCTCGCTTG-1",4
"CGAGAAGAGAAACGCC-1",0
"CGAGAAGAGCCAACAG-1",4
"CGAGAAGAGCGTGTCC-1",6
"CGAGAAGCAAGTTCTG-1",0
"CGAGAAGCACATCCGG-1",3
"CGAGAAGCAGGCTGAA-1",10
"CGAGAAGTCGGATGGA-1",3
"CGAGCACAGCCAGAAC-1",1
"CGAGCACCACATGTGT-1",1
"CGAGCACGTAGCGTCC-1",2
"CGAGCACGTAGCGTGA-1",1
"CGAGCACGTCAGATAA-1",0
"CGAGCACGTGCCTTGG-1",8
"CGAGCACTCCCGGATG-1",0
"CGAGCACTCCGCTGTT-1",1
"CGAGCACTCGGAAATA-1",4
"CGAGCACTCGTGACAT-1",2
"CGAGCCAAGCTAGCCC-1",0
"CGAGCCAGTATATCCG-1",2
"CGAGCCAGTCAAGCGA-1",3
"CGATCGGAGAGCCTAG-1",4
"CGATCGGAGTACGATA-1",2
"CGATCGGCAAACGCGA-1",8
"CGATCGGCAAGCGATG-1",1
"CGATCGGCAATACGCT-1",0
"CGATCGGCAGTTAACC-1",3
"CGATCGGCATACTCTT-1",0
"CGATCGGGTCGACTGC-1",3
"CGATCGGTCAACGGGA-1",0
"CGATCGGTCTAGCACA-1",3
"CGATGGCAGCCGTCGT-1",4
"CGATGGCAGTCCAGGA-1",7
"CGATGGCCACTTAACG-1",1
"CGATGGCCAGCGTAAG-1",2
"CGATGGCCATCATCCC-1",3
"CGATGGCTCCTAGAAC-1",4
"CGATGGCTCGCTAGCG-1",3
"CGATGGCTCTGACCTC-1",1
"CGATGTAAGGCAATTA-1",11
"CGATGTAAGTTTGCGT-1",0
"CGATGTACACAGGCCT-1",2
"CGATGTACAGGTCTCG-1",1
"CGATGTAGTCCAGTGC-1",0
"CGATGTAGTCTAGGTT-1",3
"CGATGTAGTGTGCCTG-1",0
"CGATGTAGTTTGCATG-1",2
"CGATTGAAGATGTGGC-1",3
"CGATTGACAGACGCAA-1",1
"CGATTGAGTATGGTTC-1",3
"CGATTGAGTTCAGACT-1",4
"CGATTGATCATGGTCA-1",1
"CGATTGATCTGCGGCA-1",1
"CGCCAAGAGAATGTTG-1",1
"CGCCAAGAGACCTTTG-1",0
"CGCCAAGAGATCGGGT-1",3
"CGCCAAGAGATCTGAA-1",2
"CGCCAAGAGCGTGTCC-1",2
"CGCCAAGGTCTAGGTT-1",2
"CGCCAAGTCAGGATCT-1",1
"CGCCAAGTCCACTCCA-1",5
"CGCCAAGTCTTGTTTG-1",3
"CGCGGTAAGCTAGCCC-1",2
"CGCGGTAAGGGTTCCC-1",0
"CGCGGTACAAACTGCT-1",1
"CGCGGTACAATGGAAT-1",2
"CGCGGTACAGCTGTTA-1",4
"CGCGGTAGTCAAGCGA-1",2
"CGCGGTAGTGAGGCTA-1",1
"CGCGGTAGTTTGCATG-1",2
"CGCGTTTAGTTATCGC-1",1
"CGCGTTTCAACAACCT-1",2
"CGCGTTTCAAGCGAGT-1",8
"CGCGTTTCAATGGACG-1",2
"CGCGTTTCACGGTGTC-1",2
"CGCGTTTGTGCTGTAT-1",1
"CGCGTTTGTGGACGAT-1",4
"CGCGTTTTCAAACCGT-1",0
"CGCGTTTTCAGCCTAA-1",2
"CGCGTTTTCCTATGTT-1",0
"CGCGTTTTCGTGGTCG-1",7
"CGCTATCAGAAACCGC-1",2
"CGCTATCAGTCATCCA-1",2
"CGCTATCCAAGCGAGT-1",3
"CGCTATCCAGTCGATT-1",1
"CGCTATCCATCGACGC-1",4
"CGCTATCCATTTCAGG-1",3
"CGCTATCGTACCGAGA-1",3
"CGCTATCGTTCGAATC-1",4
"CGCTATCGTTTCGCTC-1",4
"CGCTATCTCGTTACAG-1",2
"CGCTGGAAGGACATTA-1",2
"CGCTGGAAGGGCACTA-1",2
"CGCTGGAAGGTGATAT-1",5
"CGCTGGACAGACTCGC-1",0
"CGCTGGAGTGTAATGA-1",3
"CGCTGGAGTTCTGGTA-1",3
"CGCTGGATCCGAAGAG-1",0
"CGCTGGATCCGTTGCT-1",6
"CGCTGGATCGTAGGAG-1",6
"CGCTGGATCGTTACAG-1",2
"CGCTTCAAGAAGGGTA-1",2
"CGCTTCAAGGTCGGAT-1",1
"CGCTTCACACGGTGTC-1",0
"CGCTTCACAGACAAGC-1",3
"CGCTTCACATCACCCT-1",4
"CGCTTCAGTCGCGGTT-1",2
"CGCTTCATCTTAGAGC-1",7
"CGGACACAGCGATATA-1",2
"CGGACACAGCGATGAC-1",1
"CGGACACAGCTTCGCG-1",1
"CGGACACAGGTAAACT-1",2
"CGGACACAGTAGCCGA-1",0
"CGGACACCACAGGAGT-1",2
"CGGACACCATTCACTT-1",1
"CGGACACGTGAGCGAT-1",1
"CGGACACGTGCTCTTC-1",2
"CGGACACGTGTGACCC-1",2
"CGGACGTAGGTTACCT-1",3
"CGGACGTCATGGGACA-1",1
"CGGACGTGTGAAAGAG-1",1
"CGGACGTGTTGGTAAA-1",3
"CGGACGTTCATGTGGT-1",2
"CGGACGTTCTGTCCGT-1",2
"CGGACTGAGGAGCGAG-1",0
"CGGACTGAGGAGTCTG-1",1
"CGGACTGAGTGGTAGC-1",2
"CGGACTGCAACTTGAC-1",13
"CGGACTGCAATGACCT-1",2
"CGGACTGCACAACGTT-1",5
"CGGACTGCACGCCAGT-1",5
"CGGACTGCAGTATGCT-1",1
"CGGACTGGTAAAGGAG-1",4
"CGGACTGGTATAAACG-1",2
"CGGACTGGTGTAAGTA-1",3
"CGGACTGGTGTGGTTT-1",2
"CGGACTGGTTGACGTT-1",1
"CGGACTGTCATTGCCC-1",3
"CGGACTGTCCATGCTC-1",6
"CGGACTGTCCGTCAAA-1",6
"CGGACTGTCGTTTGCC-1",5
"CGGACTGTCTTCATGT-1",5
"CGGAGCTAGTTTAGGA-1",3
"CGGAGCTCATTGAGCT-1",0
"CGGAGCTGTAGAAAGG-1",5
"CGGAGCTTCACTTATC-1",3
"CGGAGCTTCATGTAGC-1",1
"CGGAGCTTCCACGAAT-1",2
"CGGAGTCAGTGCGATG-1",3
"CGGAGTCAGTGTGAAT-1",0
"CGGAGTCCAGTGGGAT-1",5
"CGGAGTCCATTATCTC-1",6
"CGGAGTCGTAGCTGCC-1",2
"CGGAGTCGTCCAGTGC-1",1
"CGGAGTCGTGTTCGAT-1",3
"CGGAGTCTCCCAGGTG-1",0
"CGGAGTCTCCGTAGTA-1",2
"CGGCTAGAGAAACGCC-1",1
"CGGCTAGAGCACCGTC-1",1
"CGGCTAGAGCTAAACA-1",0
"CGGCTAGCAGACAAAT-1",3
"CGGCTAGGTAACGCGA-1",1
"CGGCTAGGTTCATGGT-1",2
"CGGCTAGTCAAAGACA-1",2
"CGGCTAGTCGTGGGAA-1",2
"CGGCTAGTCTTGTTTG-1",1
"CGGGTCAAGAGTCGGT-1",6
"CGGGTCAAGCACACAG-1",1
"CGGGTCAAGCTAACTC-1",0
"CGGGTCAAGGACACCA-1",1
"CGGGTCAAGTATGACA-1",3
"CGGGTCACAATGACCT-1",3
"CGGGTCACACCGAAAG-1",1
"CGGGTCACAGCCACCA-1",0
"CGGGTCACATACAGCT-1",4
"CGGGTCACATCCTTGC-1",0
"CGGGTCAGTAGCGCTC-1",1
"CGGGTCAGTCGATTGT-1",1
"CGGGTCAGTGCAACTT-1",1
"CGGGTCAGTTGTTTGG-1",4
"CGGGTCATCAACACCA-1",13
"CGGGTCATCACCTTAT-1",6
"CGGGTCATCCACGACG-1",8
"CGGTTAACAGGACCCT-1",5
"CGGTTAACATGTCCTC-1",0
"CGGTTAACATTCCTGC-1",2
"CGGTTAAGTCGACTGC-1",4
"CGGTTAATCCGGCACA-1",2
"CGGTTAATCCTTTCGG-1",4
"CGGTTAATCTTATCTG-1",1
"CGTAGCGAGATGTAAC-1",7
"CGTAGCGAGGCAATTA-1",4
"CGTAGCGAGTAGGTGC-1",7
"CGTAGCGCAAGCGCTC-1",3
"CGTAGCGTCCAACCAA-1",3
"CGTAGCGTCGGCGGTT-1",3
"CGTAGGCAGGGCTCTC-1",2
"CGTAGGCCAAGCGATG-1",1
"CGTAGGCCACTAAGTC-1",3
"CGTAGGCCAGAGTGTG-1",0
"CGTAGGCCATCCCATC-1",4
"CGTAGGCGTATTAGCC-1",0
"CGTAGGCGTCAATACC-1",3
"CGTAGGCGTGGCGAAT-1",2
"CGTAGGCTCCAGAAGG-1",2
"CGTCACTAGTCATGCT-1",2
"CGTCACTCAAAGCGGT-1",2
"CGTCACTCAGGTCCAC-1",1
"CGTCACTCAGTCACTA-1",2
"CGTCACTTCCTTGACC-1",1
"CGTCACTTCGGTGTTA-1",0
"CGTCACTTCTGTGCAA-1",6
"CGTCACTTCTTGAGAC-1",0
"CGTCAGGAGCTGTTCA-1",9
"CGTCAGGCAAAGCAAT-1",3
"CGTCAGGCAAAGCGGT-1",3
"CGTCAGGCAACACGCC-1",1
"CGTCAGGCATCCGCGA-1",3
"CGTCAGGGTCAGCTAT-1",3
"CGTCAGGGTCGTTGTA-1",2
"CGTCAGGGTGTAAGTA-1",3
"CGTCAGGTCCACTGGG-1",0
"CGTCAGGTCGACAGCC-1",5
"CGTCAGGTCGGGAGTA-1",5
"CGTCCATAGACCACGA-1",7
"CGTCCATAGCGATTCT-1",3
"CGTCCATAGGCTATCT-1",6
"CGTCCATAGTCTCAAC-1",1
"CGTCCATCACGACTCG-1",2
"CGTCCATCATTCACTT-1",1
"CGTCCATGTCTAGCGC-1",2
"CGTCCATGTGATAAAC-1",2
"CGTCCATGTTTGGGCC-1",0
"CGTCCATGTTTGTGTG-1",1
"CGTCCATTCAACACCA-1",2
"CGTCCATTCATTCACT-1",10
"CGTCTACAGTGCGTGA-1",1
"CGTCTACGTAGTAGTA-1",1
"CGTCTACTCGAGCCCA-1",2
"CGTCTACTCGCCATAA-1",0
"CGTCTACTCGGCCGAT-1",7
"CGTCTACTCGTCCAGG-1",2
"CGTCTACTCTATCGCC-1",0
"CGTGAGCAGATCTGAA-1",9
"CGTGAGCAGCAATCTC-1",2
"CGTGAGCAGCGGATCA-1",6
"CGTGAGCAGCTAGTGG-1",4
"CGTGAGCAGCTTCGCG-1",2
"CGTGAGCAGGGCACTA-1",0
"CGTGAGCAGGGTGTGT-1",2
"CGTGAGCAGTGGAGAA-1",2
"CGTGAGCCAAGCCGCT-1",5
"CGTGAGCCACGTAAGG-1",1
"CGTGAGCCATACGCCG-1",1
"CGTGAGCGTAGATTAG-1",0
"CGTGAGCGTCTCTTAT-1",1
"CGTGAGCTCACAAACC-1",5
"CGTGAGCTCCAAATGC-1",1
"CGTGAGCTCCGAGCCA-1",8
"CGTGAGCTCGTTGCCT-1",4
"CGTGAGCTCTGGGCCA-1",3
"CGTGTAAAGATAGTCA-1",0
"CGTGTAAAGGTGTTAA-1",1
"CGTGTAAAGTACATGA-1",3
"CGTGTAACATGGGACA-1",0
"CGTGTAAGTCCGCTGA-1",0
"CGTGTAAGTGTCTGAT-1",0
"CGTGTAATCTACTATC-1",1
"CGTGTAATCTCGATGA-1",4
"CGTGTAATCTTTAGTC-1",3
"CGTGTCTAGGCGCTCT-1",1
"CGTGTCTAGGGATGGG-1",6
"CGTGTCTCAGACAAAT-1",2
"CGTGTCTCAGACACTT-1",2
"CGTGTCTGTAAGAGGA-1",3
"CGTGTCTGTATATGAG-1",0
"CGTGTCTGTCAAAGCG-1",2
"CGTGTCTGTTCCGTCT-1",3
"CGTGTCTTCAATCACG-1",5
"CGTGTCTTCAGAGGTG-1",1
"CGTGTCTTCATAGCAC-1",3
"CGTGTCTTCCGAACGC-1",1
"CGTGTCTTCGGCATCG-1",2
"CGTGTCTTCGTGGACC-1",6
"CGTGTCTTCTACTTAC-1",4
"CGTGTCTTCTGAGTGT-1",7
"CGTTAGAAGATCTGAA-1",1
"CGTTAGAAGGCCCTTG-1",2
"CGTTAGACACGAAAGC-1",4
"CGTTAGACAGCTTCGG-1",0
"CGTTAGAGTTTAAGCC-1",2
"CGTTAGATCACTTATC-1",1
"CGTTAGATCAGCCTAA-1",23
"CGTTCTGAGAAGGGTA-1",2
"CGTTCTGAGACTAGGC-1",5
"CGTTCTGAGTGAACAT-1",0
"CGTTCTGCAGCTCGCA-1",7
"CGTTCTGCATTGGCGC-1",2
"CGTTCTGGTGAGGGTT-1",1
"CGTTCTGTCTGATTCT-1",2
"CGTTGGGAGCTAGTTC-1",6
"CGTTGGGAGGATGCGT-1",1
"CGTTGGGCACATTAGC-1",1
"CGTTGGGCAGACAGGT-1",2
"CGTTGGGGTTCCCGAG-1",4
"CGTTGGGTCATGCTCC-1",1
"CGTTGGGTCCATGAAC-1",12
"CGTTGGGTCTACCAGA-1",8
"CTAACTTAGTCCTCCT-1",6
"CTAACTTCAATAGCAA-1",1
"CTAACTTCAATCGGTT-1",3
"CTAACTTGTGAGGCTA-1",2
"CTAACTTTCGTACGGC-1",3
"CTAACTTTCTGGCGTG-1",2
"CTAAGACAGGGAAACA-1",3
"CTAAGACAGTACATGA-1",1
"CTAAGACAGTTCGCGC-1",1
"CTAAGACCAAGTAATG-1",0
"CTAAGACCAGTAAGAT-1",4
"CTAAGACCATGCAATC-1",1
"CTAAGACGTAAGGATT-1",3
"CTAAGACGTATCAGTC-1",0
"CTAAGACGTCACCTAA-1",3
"CTAAGACTCGTTGCCT-1",2
"CTAAGACTCTTACCGC-1",0
"CTAAGACTCTTGAGGT-1",1
"CTAATGGAGCAATCTC-1",2
"CTAATGGAGCGCTCCA-1",2
"CTAATGGAGCTCCCAG-1",4
"CTAATGGAGCTGAAAT-1",10
"CTAATGGAGTTAGGTA-1",0
"CTAATGGCATGGAATA-1",3
"CTAATGGGTACCGCTG-1",4
"CTAATGGGTCTAGCGC-1",4
"CTAATGGGTGAGGGAG-1",0
"CTAATGGGTTGGTGGA-1",0
"CTAATGGTCATGCTCC-1",1
"CTAATGGTCCACTGGG-1",1
"CTAATGGTCCGTTGCT-1",0
"CTAATGGTCCTAGAAC-1",1
"CTACACCAGTGCGATG-1",5
"CTACACCCACGGACAA-1",1
"CTACACCGTAATAGCA-1",7
"CTACACCGTCTGATTG-1",1
"CTACACCGTTCGTCTC-1",2
"CTACACCTCAGAAATG-1",2
"CTACACCTCGGCTTGG-1",1
"CTACACCTCGGTCCGA-1",0
"CTACACCTCTCGCATC-1",19
"CTACACCTCTCTGCTG-1",6
"CTACATTAGATCACGG-1",2
"CTACATTCACTCGACG-1",2
"CTACATTCATTTCACT-1",4
"CTACATTGTGATGATA-1",0
"CTACATTGTTCGAATC-1",1
"CTACATTTCAACGCTA-1",1
"CTACATTTCGCCATAA-1",3
"CTACATTTCTAGCACA-1",4
"CTACCCACACAGAGGT-1",0
"CTACCCACACGACGAA-1",0
"CTACCCACATGGTTGT-1",1
"CTACCCAGTATCTGCA-1",7
"CTACCCAGTATGAATG-1",1
"CTACCCAGTCAGAAGC-1",1
"CTACCCAGTGTGACCC-1",2
"CTACCCAGTTATGTGC-1",3
"CTACCCATCTACGAGT-1",0
"CTACGTCAGGTGCAAC-1",0
"CTACGTCAGTGCGATG-1",5
"CTACGTCAGTTGTCGT-1",1
"CTACGTCCATATACCG-1",3
"CTACGTCGTATATGGA-1",6
"CTACGTCGTGTGGTTT-1",0
"CTACGTCTCAAAGTAG-1",0
"CTACGTCTCACGACTA-1",3
"CTACGTCTCACGGTTA-1",1
"CTACGTCTCCTAGAAC-1",2
"CTAGAGTAGCTGTCTA-1",7
"CTAGAGTAGGATCGCA-1",2
"CTAGAGTAGTCCATAC-1",4
"CTAGAGTCACATTAGC-1",4
"CTAGAGTCAGTATGCT-1",4
"CTAGAGTCATACTCTT-1",2
"CTAGAGTCATGTAAGA-1",0
"CTAGAGTGTGACCAAG-1",2
"CTAGAGTTCAACACCA-1",1
"CTAGAGTTCCGTCAAA-1",0
"CTAGAGTTCCTAAGTG-1",4
"CTAGAGTTCGCCAGCA-1",0
"CTAGAGTTCGCTTAGA-1",5
"CTAGAGTTCGTGACAT-1",0
"CTAGAGTTCTGATTCT-1",3
"CTAGCCTCACCAGATT-1",1
"CTAGCCTGTATATCCG-1",8
"CTAGCCTGTGATGCCC-1",2
"CTAGCCTTCGGGAGTA-1",10
"CTAGTGAAGCTGGAAC-1",1
"CTAGTGAAGTGTACCT-1",0
"CTAGTGACAAGTCTAC-1",3
"CTAGTGACAGGATCGA-1",4
"CTAGTGAGTTATGCGT-1",0
"CTAGTGATCAGTTGAC-1",2
"CTAGTGATCCAGTAGT-1",4
"CTCACACAGCTAAGAT-1",2
"CTCACACAGCTGCCCA-1",4
"CTCACACAGGATGCGT-1",2
"CTCACACCACGTAAGG-1",0
"CTCACACCACTGTTAG-1",2
"CTCACACCATATACGC-1",0
"CTCACACGTGCTGTAT-1",5
"CTCACACGTTCCATGA-1",2
"CTCACACGTTTGGGCC-1",1
"CTCACACTCACCGGGT-1",3
"CTCACACTCATCGGAT-1",5
"CTCACACTCCGCGCAA-1",1
"CTCACACTCTAACCGA-1",2
"CTCAGAAAGAGCTGCA-1",5
"CTCAGAAAGGAGTAGA-1",4
"CTCAGAACAACGCACC-1",5
"CTCAGAACAAGCGATG-1",0
"CTCAGAACAGGGCATA-1",2
"CTCAGAAGTGACGGTA-1",0
"CTCAGAATCTTAACCT-1",1
"CTCATTAAGAACTGTA-1",1
"CTCATTACATGGTCAT-1",4
"CTCATTAGTGTAACGG-1",1
"CTCATTAGTTTACTCT-1",2
"CTCCTAGCAAGTACCT-1",0
"CTCCTAGCAATTCCTT-1",4
"CTCCTAGCACTGTCGG-1",1
"CTCCTAGCAGTCCTTC-1",3
"CTCCTAGCATAACCTG-1",1
"CTCCTAGCATGCGCAC-1",1
"CTCCTAGGTAGAAAGG-1",2
"CTCCTAGGTCCGAGTC-1",7
"CTCCTAGGTCTAGCCG-1",1
"CTCCTAGGTGTTTGTG-1",7
"CTCCTAGGTTCGTGAT-1",2
"CTCCTAGGTTGTTTGG-1",0
"CTCCTAGTCACTTACT-1",3
"CTCCTAGTCTCATTCA-1",1
"CTCGAAAAGCCCAACC-1",1
"CTCGAAAAGCTATGCT-1",9
"CTCGAAAAGGCCCTTG-1",2
"CTCGAAAAGGGCTTCC-1",0
"CTCGAAACAAGCCGTC-1",0
"CTCGAAACACATTAGC-1",5
"CTCGAAACACCGAAAG-1",5
"CTCGAAACACGGCTAC-1",4
"CTCGAAACAGTAAGAT-1",2
"CTCGAAACATACGCCG-1",0
"CTCGAGGAGCCATCGC-1",4
"CTCGAGGAGGGCTTCC-1",4
"CTCGAGGCAGATAATG-1",14
"CTCGAGGGTATTCTCT-1",1
"CTCGAGGGTGCCTGGT-1",1
"CTCGGAGAGTCCCACG-1",2
"CTCGGAGCACTTCTGC-1",0
"CTCGGAGCAGCTGCAC-1",5
"CTCGGAGCAGGATCGA-1",3
"CTCGGAGGTAGCCTAT-1",0
"CTCGGAGGTCATGCCG-1",4
"CTCGGAGTCAAACGGG-1",1
"CTCGGAGTCACATACG-1",6
"CTCGGAGTCAGCTTAG-1",0
"CTCGGGAAGACCTAGG-1",3
"CTCGGGACACAGCCCA-1",2
"CTCGGGACATAAAGGT-1",0
"CTCGGGACATCCCACT-1",4
"CTCGGGACATGTCGAT-1",0
"CTCGGGAGTCGCGTGT-1",1
"CTCGGGAGTGACTACT-1",12
"CTCGGGAGTTACGACT-1",1
"CTCGGGATCCGTACAA-1",2
"CTCGGGATCCTTGACC-1",3
"CTCGGGATCTTAGCCC-1",0
"CTCGGGATCTTGTTTG-1",1
"CTCGTACAGCGATAGC-1",7
"CTCGTACCAGCGTAAG-1",2
"CTCGTACCATAGTAAG-1",2
"CTCGTACGTAGAGTGC-1",4
"CTCGTACGTATCACCA-1",0
"CTCGTACGTGCAGTAG-1",0
"CTCGTACTCAAAGTAG-1",0
"CTCGTACTCAATCTCT-1",4
"CTCGTACTCGTTGCCT-1",2
"CTCGTACTCTGGTTCC-1",0
"CTCGTCAAGATGCCTT-1",4
"CTCGTCAAGTGGAGTC-1",7
"CTCGTCAAGTTTGCGT-1",3
"CTCGTCACAACGATCT-1",3
"CTCGTCACACATCCGG-1",0
"CTCGTCACAGTCGTGC-1",5
"CTCGTCAGTCTCATCC-1",0
"CTCGTCAGTCTCCATC-1",1
"CTCGTCAGTGAGCGAT-1",0
"CTCGTCAGTTGACGTT-1",2
"CTCGTCAGTTGGGACA-1",3
"CTCGTCATCACTTATC-1",1
"CTCGTCATCGACCAGC-1",9
"CTCGTCATCTGCTGTC-1",7
"CTCTAATCACCAGGTC-1",1
"CTCTAATCACGGTGTC-1",1
"CTCTAATCAGGAATCG-1",0
"CTCTAATGTCCAAGTT-1",2
"CTCTACGAGCTAAACA-1",1
"CTCTACGAGCTAGTGG-1",3
"CTCTACGAGTACGCCC-1",1
"CTCTACGAGTAGGCCA-1",2
"CTCTACGCAATAACGA-1",3
"CTCTACGCAGACGCTC-1",4
"CTCTACGCATGACATC-1",2
"CTCTACGTCATGTCTT-1",0
"CTCTACGTCCCTAATT-1",3
"CTCTACGTCGGCATCG-1",5
"CTCTACGTCGGTCTAA-1",1
"CTCTGGTAGCAGCGTA-1",3
"CTCTGGTAGCGTTCCG-1",4
"CTCTGGTAGGCATGGT-1",2
"CTCTGGTAGTGCCAGA-1",1
"CTCTGGTCACAAGCCC-1",2
"CTCTGGTCAGCCTTTC-1",1
"CTCTGGTTCATCTGTT-1",2
"CTCTGGTTCTTGTACT-1",0
"CTGAAACAGATCCCGC-1",2
"CTGAAACAGGTGCTAG-1",1
"CTGAAACAGTCCGTAT-1",4
"CTGAAACAGTGTCTCA-1",2
"CTGAAACGTCATCGGC-1",3
"CTGAAACGTTAAAGAC-1",2
"CTGAAACTCATACGGT-1",1
"CTGAAGTAGTGCGTGA-1",4
"CTGAAGTCAGCTGTAT-1",9
"CTGAAGTGTTAAAGTG-1",1
"CTGAAGTTCAAGCCTA-1",0
"CTGAAGTTCGGATGTT-1",2
"CTGATAGAGGGAGTAA-1",2
"CTGATAGAGTGCAAGC-1",2
"CTGATAGCAGCCTTTC-1",0
"CTGATAGCATCCCATC-1",1
"CTGATAGCATCTCCCA-1",2
"CTGATAGGTCAAAGCG-1",12
"CTGATAGGTCGCTTTC-1",0
"CTGATAGGTTACGACT-1",0
"CTGATAGTCGCGATCG-1",0
"CTGATAGTCTTATCTG-1",4
"CTGATCCAGGCATTGG-1",2
"CTGATCCAGGTGACCA-1",3
"CTGATCCCACAGAGGT-1",6
"CTGATCCCAGGCTGAA-1",0
"CTGATCCGTGCCTGGT-1",1
"CTGATCCGTTATCCGA-1",1
"CTGATCCGTTGTGGCC-1",3
"CTGCCTAAGGGTCTCC-1",4
"CTGCCTAAGGTGATAT-1",3
"CTGCCTAAGTACGCGA-1",3
"CTGCCTAAGTGCGTGA-1",2
"CTGCCTACATCCCACT-1",5
"CTGCCTATCAATAAGG-1",7
"CTGCGGAAGAAGGACA-1",6
"CTGCGGAAGAGCTGGT-1",4
"CTGCGGAAGATGAGAG-1",2
"CTGCGGACAGGTCGTC-1",3
"CTGCGGACATGTCTCC-1",4
"CTGCGGAGTCACTTCC-1",4
"CTGCGGAGTCGTGGCT-1",4
"CTGCGGAGTTCTGTTT-1",4
"CTGCGGAGTTGGACCC-1",3
"CTGCGGATCGCCTGTT-1",3
"CTGCGGATCTTACCGC-1",1
"CTGCTGTAGGGTGTTG-1",0
"CTGCTGTAGTACCGGA-1",2
"CTGCTGTAGTGGAGAA-1",3
"CTGCTGTCACATCTTT-1",2
"CTGCTGTGTTAAAGAC-1",4
"CTGCTGTTCTCCAACC-1",4
"CTGCTGTTCTTACCGC-1",1
"CTGGTCTAGCGTTGCC-1",6
"CTGGTCTAGGACAGCT-1",7
"CTGGTCTAGGGCTTGA-1",1
"CTGGTCTAGTCGAGTG-1",1
"CTGGTCTCAAAGGAAG-1",0
"CTGGTCTCACCAGTTA-1",4
"CTGGTCTGTACCTACA-1",0
"CTGGTCTGTACGCTGC-1",10
"CTGGTCTGTCCGCTGA-1",1
"CTGGTCTGTCCGTTAA-1",2
"CTGGTCTGTTCATGGT-1",6
"CTGGTCTGTTCGTGAT-1",3
"CTGGTCTTCAACGGGA-1",2
"CTGGTCTTCACTTACT-1",0
"CTGGTCTTCTTACCTA-1",0
"CTGTGCTGTATATCCG-1",2
"CTGTGCTGTCATCCCT-1",0
"CTGTGCTGTCCCTACT-1",0
"CTGTGCTGTCGGCACT-1",0
"CTGTGCTTCCATTCTA-1",1
"CTGTGCTTCCGTACAA-1",6
"CTGTTTAAGAAACCGC-1",2
"CTGTTTAAGATCGATA-1",2
"CTGTTTAAGGAGTTGC-1",1
"CTGTTTAGTCAAAGCG-1",3
"CTGTTTATCAGCCTAA-1",2
"CTGTTTATCATTTGGG-1",2
"CTGTTTATCTCCAGGG-1",5
"CTGTTTATCTCTTGAT-1",6
"CTGTTTATCTTCTGGC-1",3
"CTTAACTAGCCAGTAG-1",2
"CTTAACTAGGCTCTTA-1",1
"CTTAACTAGGTGCACA-1",0
"CTTAACTAGTCTCGGC-1",0
"CTTACCGAGCGCTTAT-1",8
"CTTACCGAGGCTACGA-1",3
"CTTACCGCAGATCTGT-1",1
"CTTACCGCAGTCAGAG-1",3
"CTTACCGGTCCTGCTT-1",1
"CTTACCGGTCGCCATG-1",1
"CTTACCGGTCTACCTC-1",5
"CTTACCGTCGGACAAG-1",1
"CTTAGGAAGCCCAACC-1",2
"CTTAGGACACGACGAA-1",0
"CTTAGGAGTTATGTGC-1",1
"CTTAGGATCCCATTTA-1",5
"CTTAGGATCTTTACAC-1",2
"CTTCTCTAGAACTCGG-1",0
"CTTCTCTAGAGTGAGA-1",0
"CTTCTCTAGCAGGCTA-1",1
"CTTCTCTAGTTAACGA-1",1
"CTTCTCTCAAAGGTGC-1",3
"CTTCTCTGTAACGACG-1",3
"CTTCTCTGTGCATCTA-1",2
"CTTCTCTTCGAGCCCA-1",2
"CTTGGCTAGCGATATA-1",4
"CTTGGCTAGTACGTTC-1",5
"CTTGGCTCATTACCTT-1",7
"CTTGGCTGTCTCCATC-1",1
"CTTGGCTTCCCTAATT-1",6
"CTTGGCTTCGCGTAGC-1",2
"CTTGGCTTCTCGTTTA-1",5
"CTTTGCGAGCAAATCA-1",1
"CTTTGCGAGCGTTCCG-1",13
"CTTTGCGAGTATCTCG-1",1
"CTTTGCGCAATTCCTT-1",3
"CTTTGCGCACTTAAGC-1",18
"CTTTGCGCAGACGCAA-1",1
"CTTTGCGGTAGAGGAA-1",1
"CTTTGCGTCCAGGGCT-1",3
"GAAACTCAGAGACGAA-1",1
"GAAACTCAGAGGTTAT-1",5
"GAAACTCAGCAGCCTC-1",2
"GAAACTCAGCCCAGCT-1",2
"GAAACTCAGCTAAACA-1",7
"GAAACTCAGTGCTGCC-1",3
"GAAACTCCAAGCCCAC-1",0
"GAAACTCCACATGACT-1",1
"GAAACTCCAGACACTT-1",1
"GAAACTCCATGGATGG-1",1
"GAAACTCGTACTCGCG-1",0
"GAAACTCGTAGCGATG-1",2
"GAAACTCGTGTGAAAT-1",1
"GAAACTCGTTTGTGTG-1",0
"GAAATGAAGACTAGGC-1",3
"GAAATGAAGCCAGTTT-1",1
"GAAATGAAGCTAGTCT-1",3
"GAAATGAAGTACGTAA-1",3
"GAAATGATCATGCTCC-1",3
"GAAATGATCCTCGCAT-1",1
"GAACATCAGATGGCGT-1",1
"GAACATCCAACAACCT-1",4
"GAACATCCACATCTTT-1",0
"GAACATCCACCTATCC-1",2
"GAACATCCACGGACAA-1",1
"GAACATCCATGCTAGT-1",2
"GAACATCGTACGACCC-1",1
"GAACATCGTGGACGAT-1",11
"GAACATCGTTCCCGAG-1",0
"GAACATCTCCAAGTAC-1",0
"GAACATCTCGATCCCT-1",0
"GAACATCTCTCCAACC-1",2
"GAACCTAAGAACTGTA-1",2
"GAACCTAAGAGCAATT-1",2
"GAACCTAAGCCAGTAG-1",2
"GAACCTACAAGGACAC-1",1
"GAACCTACAGACACTT-1",1
"GAACCTAGTACCAGTT-1",4
"GAACCTAGTGTCAATC-1",5
"GAACCTATCACGATGT-1",0
"GAACGGAAGACGCAAC-1",2
"GAACGGAAGTAATCCC-1",0
"GAACGGAAGTCAATAG-1",0
"GAACGGAAGTGGACGT-1",2
"GAACGGACACAGCGTC-1",0
"GAACGGACACCTCGTT-1",4
"GAACGGACACTTAACG-1",0
"GAACGGAGTAGCGTAG-1",2
"GAACGGAGTCAGAGGT-1",1
"GAACGGAGTGGCGAAT-1",6
"GAACGGATCACTCCTG-1",3
"GAACGGATCCACGAAT-1",4
"GAACGGATCGTAGGAG-1",6
"GAACGGATCTGTCAAG-1",1
"GAAGCAGAGACTAAGT-1",8
"GAAGCAGAGAGACGAA-1",1
"GAAGCAGAGCCACGCT-1",5
"GAAGCAGAGTTCGCGC-1",2
"GAAGCAGCAATCCGAT-1",2
"GAAGCAGCACTCGACG-1",2
"GAAGCAGCAGATCTGT-1",0
"GAAGCAGCAGATGAGC-1",1
"GAAGCAGCATGAACCT-1",6
"GAAGCAGCATGGAATA-1",1
"GAAGCAGGTAACGCGA-1",3
"GAAGCAGGTCATACTG-1",2
"GAAGCAGTCCTAGTGA-1",3
"GAAGCAGTCTTATCTG-1",9
"GAATAAGCAAGGTGTG-1",6
"GAATAAGCAGACAAGC-1",4
"GAATAAGCATGCAACT-1",0
"GAATAAGGTCCGTTAA-1",4
"GAATAAGGTGAGTGAC-1",3
"GAATAAGGTTCCCTTG-1",2
"GAATAAGTCGTTTAGG-1",1
"GAATGAAAGAGTCTGG-1",8
"GAATGAAAGCTTATCG-1",0
"GAATGAAAGGCATGTG-1",1
"GAATGAACAAACGCGA-1",5
"GAATGAACAGTGAGTG-1",3
"GAATGAACATCATCCC-1",1
"GAATGAAGTCAACATC-1",3
"GAATGAAGTCTCACCT-1",6
"GAATGAAGTGGCAAAC-1",1
"GAATGAAGTTGCGTTA-1",1
"GAATGAATCAGTTAGC-1",2
"GAATGAATCCTGCCAT-1",7
"GACACGCAGACGCACA-1",3
"GACACGCAGAGTAATC-1",1
"GACACGCAGCCAACAG-1",3
"GACACGCAGGAGTTTA-1",9
"GACACGCAGGGCATGT-1",1
"GACACGCAGGTGCACA-1",3
"GACACGCAGTCCAGGA-1",3
"GACACGCAGTGGGATC-1",3
"GACACGCAGTGGGTTG-1",2
"GACACGCCAAGCGTAG-1",9
"GACACGCCAAGGACAC-1",2
"GACACGCCAGACGCTC-1",2
"GACACGCCATCCTTGC-1",8
"GACACGCGTTCACGGC-1",4
"GACACGCTCATGTAGC-1",3
"GACAGAGAGTACGATA-1",5
"GACAGAGCAACGATCT-1",5
"GACAGAGCAAGTCTAC-1",0
"GACAGAGCAGCTCCGA-1",21
"GACAGAGCAGCTGGCT-1",4
"GACAGAGGTAGAAAGG-1",6
"GACAGAGTCAAACAAG-1",1
"GACAGAGTCAGAGACG-1",1
"GACAGAGTCCTTCAAT-1",4
"GACAGAGTCCTTGCCA-1",4
"GACAGAGTCTTCATGT-1",2
"GACCAATAGAAGGGTA-1",3
"GACCAATAGCTACCGC-1",3
"GACCAATAGCTACCTA-1",2
"GACCAATCAGGTGCCT-1",1
"GACCAATCATGCGCAC-1",3
"GACCAATGTACAGTTC-1",1
"GACCAATGTCGCTTCT-1",4
"GACCAATTCCGATATG-1",1
"GACCAATTCGAATGGG-1",2
"GACCAATTCGTCACGG-1",0
"GACCTGGCATCACAAC-1",1
"GACCTGGCATGTCTCC-1",2
"GACCTGGCATTGGCGC-1",5
"GACCTGGGTAAAGGAG-1",3
"GACCTGGGTCCAGTTA-1",3
"GACCTGGGTGCAGTAG-1",2
"GACCTGGTCATAGCAC-1",0
"GACCTGGTCCTTGCCA-1",12
"GACCTGGTCGCATGAT-1",1
"GACCTGGTCGTCACGG-1",2
"GACGCGTAGTGGTAAT-1",13
"GACGCGTAGTTGTAGA-1",1
"GACGCGTGTAAAGGAG-1",10
"GACGCGTGTGTGAAAT-1",1
"GACGCGTGTTAAGACA-1",2
"GACGCGTTCAAACCGT-1",1
"GACGCGTTCCAAATGC-1",2
"GACGCGTTCCGCGGTA-1",0
"GACGCGTTCCTACAGA-1",1
"GACGCGTTCGACGGAA-1",2
"GACGCGTTCTCCGGTT-1",52
"GACGGCTAGAAGATTC-1",3
"GACGGCTAGAGCTGGT-1",1
"GACGGCTCAAGGTTTC-1",6
"GACGGCTCACCGCTAG-1",1
"GACGGCTCATGAACCT-1",0
"GACGGCTCATGCAACT-1",0
"GACGGCTGTGTGTGCC-1",6
"GACGGCTGTTATGTGC-1",5
"GACGGCTGTTTGGCGC-1",2
"GACGGCTTCTATCGCC-1",2
"GACGTGCAGGCAAAGA-1",3
"GACGTGCAGGGTGTGT-1",3
"GACGTGCAGGTGTTAA-1",1
"GACGTGCCAGGTCGTC-1",2
"GACGTGCGTAACGTTC-1",1
"GACGTGCTCACCTCGT-1",1
"GACGTTAAGCTACCGC-1",1
"GACGTTAAGGCAAAGA-1",10
"GACGTTAAGTCAAGCG-1",6
"GACGTTACAAGCCATT-1",2
"GACGTTACAAGGTTTC-1",1
"GACGTTACAGACACTT-1",2
"GACGTTAGTATCTGCA-1",1
"GACGTTAGTTTGACAC-1",4
"GACGTTAGTTTGACTG-1",1
"GACGTTATCACAGGCC-1",2
"GACGTTATCATTGCGA-1",1
"GACGTTATCCCGGATG-1",1
"GACGTTATCCGAAGAG-1",2
"GACGTTATCGCGTTTC-1",5
"GACGTTATCTGTCCGT-1",1
"GACTAACAGACAGAGA-1",4
"GACTAACAGTGGAGAA-1",4
"GACTAACCAAATCCGT-1",3
"GACTAACGTCTAGTCA-1",3
"GACTAACGTGCAACTT-1",0
"GACTAACGTTCAGACT-1",10
"GACTAACTCCGCGCAA-1",1
"GACTAACTCCTTTCTC-1",1
"GACTAACTCTTGCCGT-1",1
"GACTAACTCTTTACAC-1",17
"GACTACAAGATATGGT-1",2
"GACTACACAAATCCGT-1",1
"GACTACAGTGCTGTAT-1",3
"GACTACATCAGCCTAA-1",1
"GACTACATCAGGTAAA-1",4
"GACTACATCTGCAGTA-1",2
"GACTGCGAGCGTAGTG-1",4
"GACTGCGAGTTGTAGA-1",3
"GACTGCGCACTTAACG-1",6
"GACTGCGCATGTTCCC-1",2
"GACTGCGGTACGCACC-1",3
"GACTGCGGTTCTCATT-1",3
"GACTGCGTCAACACAC-1",4
"GACTGCGTCACGACTA-1",0
"GACTGCGTCGCCCTTA-1",1
"GACTGCGTCTCAAACG-1",1
"GAGCAGAGTAGGGTAC-1",1
"GAGCAGAGTCAGATAA-1",3
"GAGCAGAGTCATATGC-1",0
"GAGCAGAGTGAGCGAT-1",1
"GAGCAGAGTGTAACGG-1",1
"GAGCAGAGTGTGACCC-1",4
"GAGCAGAGTTCGGGCT-1",0
"GAGCAGAGTTTAAGCC-1",1
"GAGCAGAGTTTGCATG-1",3
"GAGGTGAAGCAACGGT-1",1
"GAGGTGAAGGCTCTTA-1",4
"GAGGTGAAGTGGTAGC-1",3
"GAGGTGAAGTTGTAGA-1",1
"GAGGTGACACTGTCGG-1",2
"GAGGTGACATCCTTGC-1",3
"GAGGTGACATGCATGT-1",3
"GAGGTGAGTACCTACA-1",1
"GAGGTGAGTCATTAGC-1",3
"GAGGTGAGTTCCTCCA-1",13
"GAGGTGATCATCGCTC-1",5
"GAGGTGATCTAGAGTC-1",1
"GAGGTGATCTCTAGGA-1",6
"GAGGTGATCTGCTGTC-1",1
"GAGGTGATCTGGGCCA-1",1
"GAGTCCGAGGACAGAA-1",3
"GAGTCCGAGGCATGTG-1",2
"GAGTCCGAGGCGTACA-1",2
"GAGTCCGCAAACCCAT-1",5
"GAGTCCGGTCAAGCGA-1",2
"GAGTCCGGTGACCAAG-1",1
"GAGTCCGGTGACTCAT-1",2
"GAGTCCGGTGTGACCC-1",1
"GAGTCCGGTTCGGGCT-1",0
"GAGTCCGGTTTGCATG-1",1
"GAGTCCGTCGGCGCAT-1",1
"GAGTCCGTCTGATTCT-1",2
"GATCAGTAGATGTCGG-1",4
"GATCAGTAGTGGTAGC-1",2
"GATCAGTGTATATGAG-1",9
"GATCAGTGTCTGCGGT-1",3
"GATCAGTGTTATGCGT-1",13
"GATCAGTGTTGTACAC-1",18
"GATCAGTTCCCGACTT-1",1
"GATCGATAGAATGTTG-1",4
"GATCGATAGAGCTGCA-1",1
"GATCGATAGCATGGCA-1",2
"GATCGATCAAGCGAGT-1",2
"GATCGATCAAGCGTAG-1",1
"GATCGATGTCAACATC-1",8
"GATCGATGTTGCCTCT-1",1
"GATCGATTCCGCATCT-1",3
"GATCGCGAGATAGTCA-1",8
"GATCGCGAGCCTTGAT-1",1
"GATCGCGAGGAGCGTT-1",2
"GATCGCGCAGGTCGTC-1",2
"GATCGCGGTACAGCAG-1",2
"GATCGCGGTGAGTATA-1",2
"GATCGCGGTTGTCGCG-1",4
"GATCGCGTCACTCCTG-1",2
"GATCGTAAGACATAAC-1",16
"GATCGTAAGCTCAACT-1",2
"GATCGTACATAACCTG-1",1
"GATCGTAGTGGCTCCA-1",3
"GATCGTATCATATCGG-1",1
"GATCGTATCATGTCCC-1",0
"GATCGTATCTTACCGC-1",2
"GATCTAGAGCGTCTAT-1",2
"GATCTAGAGTGGAGAA-1",3
"GATCTAGCAACACCTA-1",1
"GATCTAGCAAGGGTCA-1",5
"GATCTAGGTCTAAAGA-1",3
"GATCTAGGTCTCACCT-1",3
"GATCTAGGTCTCTTTA-1",1
"GATCTAGTCACATAGC-1",5
"GATCTAGTCTAAGCCA-1",1
"GATGAAAAGAGTAATC-1",3
"GATGAAAAGCTCCCAG-1",3
"GATGAAACACGGTAGA-1",0
"GATGAAACAGCTGTAT-1",2
"GATGAAAGTGGGTATG-1",10
"GATGAAATCACCCTCA-1",2
"GATGAAATCACTCCTG-1",1
"GATGAAATCAGCAACT-1",0
"GATGAAATCGAGAGCA-1",2
"GATGAGGAGATCCCGC-1",3
"GATGAGGAGTTCGATC-1",2
"GATGAGGCACCAGTTA-1",1
"GATGAGGGTATCACCA-1",1
"GATGAGGGTATTCGTG-1",0
"GATGAGGGTCGCGTGT-1",2
"GATGAGGGTGATGATA-1",0
"GATGAGGTCACAGGCC-1",2
"GATGAGGTCACATAGC-1",1
"GATGAGGTCCCTTGTG-1",6
"GATGAGGTCTGCTGTC-1",0
"GATGCTAAGACTAAGT-1",4
"GATGCTAAGGATGCGT-1",1
"GATGCTAAGGCTCTTA-1",2
"GATGCTAAGGGAACGG-1",2
"GATGCTAAGTATCTCG-1",2
"GATGCTAAGTCTCGGC-1",6
"GATGCTACATGTTGAC-1",0
"GATGCTACATTGCGGC-1",2
"GATGCTAGTCTCCATC-1",0
"GATGCTAGTGGAAAGA-1",0
"GATGCTAGTTAGGGTG-1",1
"GATGCTATCCTGTACC-1",4
"GATGCTATCGGCGCTA-1",3
"GATTCAGAGAAACCTA-1",5
"GATTCAGAGAGTGACC-1",1
"GATTCAGAGATTACCC-1",5
"GATTCAGAGGGTCGAT-1",0
"GATTCAGAGGTCGGAT-1",3
"GATTCAGAGTCAATAG-1",3
"GATTCAGCAAGTTGTC-1",13
"GATTCAGCAATTCCTT-1",4
"GATTCAGCAGGGTACA-1",0
"GATTCAGCATCGACGC-1",4
"GATTCAGCATTATCTC-1",6
"GATTCAGGTAAATACG-1",2
"GATTCAGTCAACTCTT-1",9
"GCAAACTAGATGTTAG-1",1
"GCAAACTAGTCATGCT-1",2
"GCAAACTAGTCTCAAC-1",0
"GCAAACTCACAGGTTT-1",6
"GCAAACTGTCAGATAA-1",2
"GCAAACTGTCTCCATC-1",2
"GCAAACTTCGTGGTCG-1",4
"GCAATCAAGGGATCTG-1",1
"GCAATCAAGTATCTCG-1",1
"GCAATCAAGTGGGTTG-1",4
"GCAATCACAGCTTAAC-1",2
"GCAATCACATGTCGAT-1",3
"GCAATCACATTCCTCG-1",8
"GCAATCAGTAGGAGTC-1",3
"GCAATCAGTATAATGG-1",3
"GCAATCAGTTCTCATT-1",2
"GCAATCAGTTCTGGTA-1",3
"GCACATAAGAGCTATA-1",12
"GCACATAAGATGTTAG-1",1
"GCACATAAGCCTTGAT-1",2
"GCACATAAGGAGTACC-1",5
"GCACATAAGTGAAGTT-1",1
"GCACATACACCACGTG-1",1
"GCACATACAGCTGTAT-1",3
"GCACATACAGGAACGT-1",0
"GCACATAGTCATCGGC-1",9
"GCACATAGTCCGAATT-1",6
"GCACATAGTCTCTTTA-1",0
"GCACATAGTGCGCTTG-1",4
"GCACATATCACCTCGT-1",1
"GCACATATCTGGTTCC-1",2
"GCACTCTCAAGACACG-1",3
"GCACTCTCAATCACAC-1",7
"GCACTCTCATTTCAGG-1",2
"GCACTCTGTAAACCTC-1",2
"GCACTCTGTACCAGTT-1",0
"GCACTCTGTAGAAAGG-1",3
"GCACTCTGTCGAACAG-1",3
"GCACTCTGTCTAGGTT-1",4
"GCACTCTTCAACTCTT-1",1
"GCACTCTTCCCTAATT-1",2
"GCACTCTTCTGCCCTA-1",1
"GCAGCCAAGCTGATAA-1",2
"GCAGCCACATGAGCGA-1",0
"GCAGCCAGTAATCGTC-1",1
"GCAGCCAGTGTCGCTG-1",5
"GCAGCCATCAGTTGAC-1",5
"GCAGCCATCCCAACGG-1",2
"GCAGCCATCCGTACAA-1",38
"GCAGTTAAGTCCATAC-1",10
"GCAGTTAAGTCCGTAT-1",1
"GCAGTTAAGTTAACGA-1",5
"GCAGTTAGTGGACGAT-1",2
"GCAGTTAGTTATTCTC-1",1
"GCAGTTATCGCGATCG-1",2
"GCATACAAGATCTGCT-1",4
"GCATACAAGCAACGGT-1",5
"GCATACACAACGCACC-1",14
"GCATACACAAGGACTG-1",2
"GCATACACAAGTCTGT-1",2
"GCATACACAGTCAGCC-1",3
"GCATACACATCCTAGA-1",4
"GCATACACATCGGAAG-1",0
"GCATACAGTCCGAACC-1",0
"GCATACAGTTCTGGTA-1",1
"GCATACATCCACGACG-1",1
"GCATGATAGAATGTTG-1",2
"GCATGATAGAGTAATC-1",1
"GCATGATAGCTGATAA-1",2
"GCATGATAGGACCACA-1",5
"GCATGATAGGCTAGCA-1",6
"GCATGATAGTCAAGCG-1",2
"GCATGATAGTGGAGAA-1",11
"GCATGATCACACCGAC-1",1
"GCATGATCACATTTCT-1",2
"GCATGATGTCCCTACT-1",3
"GCATGATGTTGCGCAC-1",15
"GCATGATTCGTGGACC-1",3
"GCATGCGAGCATGGCA-1",2
"GCATGCGAGTCCAGGA-1",0
"GCATGCGCACTGCCAG-1",1
"GCATGCGGTAAGGATT-1",2
"GCATGCGGTCCTCTTG-1",3
"GCATGCGGTGTGAAAT-1",5
"GCATGCGTCCGCGGTA-1",3
"GCATGTAAGAACTGTA-1",1
"GCATGTAAGACAGACC-1",0
"GCATGTAAGTACTTGC-1",6
"GCATGTAAGTGCAAGC-1",1
"GCATGTACAACACGCC-1",4
"GCATGTATCACGAAGG-1",2
"GCCAAATCAAACTGTC-1",6
"GCCAAATCAAGGGTCA-1",1
"GCCAAATCAAGTTCTG-1",2
"GCCAAATCAGCCACCA-1",3
"GCCAAATCATAACCTG-1",1
"GCCAAATGTATAAACG-1",4
"GCCAAATGTGTTTGGT-1",11
"GCCAAATGTTTCGCTC-1",1
"GCCAAATTCAGGTAAA-1",1
"GCCAAATTCCGAGCCA-1",1
"GCCAAATTCCGCGGTA-1",2
"GCCAAATTCGGCTACG-1",1
"GCCTCTAAGAGTACCG-1",0
"GCCTCTAAGCCATCGC-1",3
"GCCTCTAAGCCGCCTA-1",3
"GCCTCTAAGCGATAGC-1",1
"GCCTCTAAGCTGCAAG-1",3
"GCCTCTAAGCTTCGCG-1",5
"GCCTCTAAGTCACGCC-1",0
"GCCTCTACAAGACGTG-1",2
"GCCTCTACAGCTATTG-1",1
"GCCTCTAGTAAGGATT-1",1
"GCCTCTAGTGATGATA-1",4
"GCCTCTAGTTAAGGGC-1",7
"GCCTCTATCAGCGACC-1",3
"GCCTCTATCCGATATG-1",2
"GCCTCTATCGAATCCA-1",4
"GCCTCTATCGAGCCCA-1",1
"GCCTCTATCGCTGATA-1",2
"GCCTCTATCTTTAGGG-1",1
"GCGACCAAGAGGTTAT-1",2
"GCGACCACACTTACGA-1",2
"GCGACCAGTCAGGACA-1",3
"GCGACCAGTCTAGAGG-1",5
"GCGACCATCAACGGGA-1",3
"GCGACCATCCCGGATG-1",4
"GCGACCATCTACTCAT-1",9
"GCGAGAAAGGTTCCTA-1",6
"GCGAGAAAGTACGATA-1",3
"GCGAGAAAGTGTCTCA-1",1
"GCGAGAACAAGCCCAC-1",1
"GCGAGAACACTGAAGG-1",0
"GCGAGAAGTAGCGCTC-1",1
"GCGAGAAGTCCCTACT-1",4
"GCGAGAATCCTTTCGG-1",1
"GCGAGAATCGAGAGCA-1",1
"GCGAGAATCGCACTCT-1",5
"GCGCAACAGTCCTCCT-1",1
"GCGCAACAGTGTACGG-1",2
"GCGCAACCAAGTCTGT-1",3
"GCGCAACCAGCCACCA-1",3
"GCGCAACGTAGCGCTC-1",0
"GCGCAACGTCCCTTGT-1",3
"GCGCAACGTCCTAGCG-1",3
"GCGCAACGTCGACTAT-1",4
"GCGCAACGTCTAGAGG-1",4
"GCGCAACGTGCACGAA-1",6
"GCGCAACTCAATACCG-1",3
"GCGCAGTCACATCCAA-1",3
"GCGCAGTCATTACCTT-1",0
"GCGCAGTGTTAGGGTG-1",3
"GCGCAGTTCGATCCCT-1",1
"GCGCAGTTCGCGGATC-1",3
"GCGCCAAAGACATAAC-1",1
"GCGCCAAAGGACAGCT-1",7
"GCGCCAAAGGCCCTTG-1",1
"GCGCCAAAGGGCTTCC-1",1
"GCGCCAAAGGTACTCT-1",2
"GCGCCAACATAACCTG-1",2
"GCGCCAACATTGGGCC-1",2
"GCGCCAAGTACTTGAC-1",1
"GCGCCAAGTCGGCACT-1",1
"GCGCCAAGTGAAAGAG-1",2
"GCGCCAAGTTGTACAC-1",1
"GCGCCAATCCGTTGCT-1",1
"GCGCGATAGAAGGTTT-1",3
"GCGCGATAGCAGGTCA-1",4
"GCGCGATAGTGAATTG-1",2
"GCGCGATAGTTTGCGT-1",8
"GCGCGATCAGCTCGAC-1",2
"GCGCGATGTAAGTAGT-1",1
"GCGCGATGTATCACCA-1",2
"GCGCGATGTCACTTCC-1",1
"GCGCGATGTTACCAGT-1",7
"GCGCGATTCAGTTAGC-1",1
"GCGCGATTCGTTTAGG-1",0
"GCGGGTTAGAAACGAG-1",2
"GCGGGTTAGCTATGCT-1",1
"GCGGGTTAGTGTGAAT-1",3
"GCGGGTTCACGCGAAA-1",5
"GCGGGTTCAGGCAGTA-1",2
"GCGGGTTCAGTAACGG-1",0
"GCGGGTTGTGAGTATA-1",1
"GCGGGTTGTGGCGAAT-1",2
"GCGGGTTTCCAAAGTC-1",0
"GCGGGTTTCCTTTCTC-1",2
"GCGGGTTTCTCCAACC-1",1
"GCGGGTTTCTTGAGGT-1",1
"GCGGGTTTCTTGTATC-1",2
"GCTCCTACAAACTGTC-1",3
"GCTCCTACACCAGGTC-1",3
"GCTCCTACACCGATAT-1",0
"GCTCCTACAGGGTACA-1",4
"GCTCCTACATTAGCCA-1",2
"GCTCCTAGTCAGGACA-1",0
"GCTCCTAGTCCGTCAG-1",10
"GCTCCTATCAGCCTAA-1",2
"GCTCCTATCCCTAATT-1",3
"GCTCTGTAGAGGTAGA-1",1
"GCTCTGTAGCTGAACG-1",1
"GCTCTGTAGGAGTCTG-1",0
"GCTCTGTAGTGCTGCC-1",1
"GCTCTGTAGTGGACGT-1",2
"GCTCTGTTCACCTCGT-1",4
"GCTGCAGAGCGTGAGT-1",1
"GCTGCAGAGTCAAGCG-1",2
"GCTGCAGAGTCCCACG-1",3
"GCTGCAGCAATTGCTG-1",4
"GCTGCAGCATGCCCGA-1",2
"GCTGCAGCATGCCTAA-1",1
"GCTGCAGGTAAACCTC-1",1
"GCTGCAGGTACGAAAT-1",3
"GCTGCAGGTAGCGCAA-1",2
"GCTGCAGGTCACCCAG-1",0
"GCTGCAGGTCATGCCG-1",2
"GCTGCGAAGGAATGGA-1",3
"GCTGCGAGTCTAACGT-1",2
"GCTGCGAGTGTTTGGT-1",5
"GCTGCGATCTCCTATA-1",7
"GCTGCGATCTTGTTTG-1",0
"GCTGCTTAGAATTGTG-1",3
"GCTGCTTAGGCAATTA-1",2
"GCTGCTTCATCACGTA-1",5
"GCTGCTTCATCCAACA-1",2
"GCTGCTTCATGCCTAA-1",1
"GCTGCTTCATGGTCAT-1",1
"GCTGCTTGTAACGACG-1",3
"GCTGCTTGTAATCGTC-1",4
"GCTGCTTGTAGGGACT-1",2
"GCTGCTTGTGAAAGAG-1",0
"GCTGCTTTCCGGGTGT-1",1
"GCTGGGTAGACCCACC-1",8
"GCTGGGTAGCCACGCT-1",1
"GCTGGGTAGTCGCCGT-1",2
"GCTGGGTAGTCTCAAC-1",1
"GCTGGGTCACGGCTAC-1",0
"GCTGGGTCAGCCAATT-1",0
"GCTGGGTGTACAGTTC-1",0
"GCTGGGTGTACCGTTA-1",2
"GCTGGGTGTCGAGTTT-1",1
"GCTGGGTGTCTCCACT-1",2
"GCTGGGTGTGCCTGTG-1",2
"GCTGGGTTCAGCTTAG-1",2
"GCTGGGTTCCTTAATC-1",1
"GCTTCCAAGAAACCTA-1",2
"GCTTCCACACCACCAG-1",1
"GCTTCCACAGGTCGTC-1",4
"GCTTCCACAGTGAGTG-1",4
"GCTTCCAGTATAGGTA-1",4
"GCTTCCAGTTCAGCGC-1",3
"GCTTCCATCGTCCAGG-1",0
"GCTTGAAAGATGGCGT-1",3
"GCTTGAAAGCCGTCGT-1",0
"GCTTGAACAAACCTAC-1",9
"GCTTGAACACGGTGTC-1",2
"GCTTGAACATCGGAAG-1",2
"GCTTGAAGTGCGGTAA-1",10
"GCTTGAAGTTCTCATT-1",0
"GCTTGAATCAGGATCT-1",4
"GGAAAGCAGGCAGGTT-1",2
"GGAAAGCCAAACGCGA-1",1
"GGAAAGCCAAGTACCT-1",6
"GGAAAGCGTAAGCACG-1",2
"GGAAAGCGTCCTCCAT-1",1
"GGAAAGCGTCGCGTGT-1",0
"GGAAAGCGTGCTTCTC-1",4
"GGAAAGCTCCAGAGGA-1",7
"GGAACTTAGAGTAAGG-1",1
"GGAACTTCAATGTAAG-1",0
"GGAACTTCACAGGAGT-1",4
"GGAACTTCACCTCGTT-1",2
"GGAACTTGTCTCTTTA-1",4
"GGAACTTTCATTGCCC-1",2
"GGAACTTTCATTTGGG-1",0
"GGAACTTTCCGTCATC-1",1
"GGAACTTTCCTCAACC-1",2
"GGAACTTTCGGATGTT-1",0
"GGAATAAAGGTACTCT-1",3
"GGAATAAAGTGTCCAT-1",5
"GGAATAACAGCGTCCA-1",1
"GGAATAAGTCTGGTCG-1",1
"GGAATAAGTGCAGGTA-1",2
"GGAATAATCAGCACAT-1",2
"GGAATAATCTTTACGT-1",1
"GGACAAGAGGTACTCT-1",1
"GGACAAGCAACGATGG-1",5
"GGACAAGCAGTCGTGC-1",1
"GGACAAGCATGGGACA-1",4
"GGACAAGGTATAAACG-1",2
"GGACAAGGTATGAAAC-1",2
"GGACAAGGTCGGCATC-1",1
"GGACAAGGTTATGCGT-1",2
"GGACAAGTCTAACGGT-1",1
"GGACAGAAGCTAGTCT-1",0
"GGACAGAAGTACTTGC-1",3
"GGACAGACAACACGCC-1",2
"GGACAGACACAAGCCC-1",1
"GGACAGAGTAAGTGGC-1",2
"GGACAGAGTCTTTCAT-1",1
"GGACAGAGTGAGGGAG-1",2
"GGACAGAGTTCCACAA-1",0
"GGACAGATCAACGCTA-1",8
"GGACATTAGAGGGCTT-1",1
"GGACATTAGCCACGTC-1",0
"GGACATTCAAACGCGA-1",0
"GGACATTCAATGACCT-1",2
"GGACATTCACCAGCAC-1",0
"GGACATTGTTCTGGTA-1",4
"GGACATTTCCTCTAGC-1",2
"GGACGTCAGTACTTGC-1",1
"GGACGTCAGTGGTAAT-1",0
"GGACGTCCACAGTCGC-1",4
"GGACGTCGTGAGGGAG-1",1
"GGACGTCGTGGCGAAT-1",3
"GGACGTCGTTACGGAG-1",1
"GGACGTCGTTTAAGCC-1",3
"GGACGTCTCCACTCCA-1",2
"GGACGTCTCGCAAACT-1",1
"GGACGTCTCTCCAGGG-1",2
"GGACGTCTCTCGAGTA-1",2
"GGACGTCTCTGGTGTA-1",7
"GGACGTCTCTTCGAGA-1",3
"GGAGCAAAGAACTCGG-1",1
"GGAGCAAAGACTGTAA-1",9
"GGAGCAAAGCCGCCTA-1",2
"GGAGCAAAGCTAAACA-1",5
"GGAGCAAAGTACGCCC-1",2
"GGAGCAACAAGCTGTT-1",0
"GGAGCAACAATGGACG-1",0
"GGAGCAACAATTCCTT-1",4
"GGAGCAACATGCTGGC-1",5
"GGAGCAAGTGAGTATA-1",5
"GGAGCAAGTTACTGAC-1",2
"GGAGCAATCAAGATCC-1",1
"GGAGCAATCCCATTTA-1",2
"GGATGTTCAAACTGTC-1",2
"GGATGTTTCATCACCC-1",1
"GGATGTTTCATGCATG-1",4
"GGATGTTTCCTACAGA-1",1
"GGATGTTTCCTCTAGC-1",2
"GGATTACAGATCCCAT-1",2
"GGATTACAGCTTCGCG-1",3
"GGATTACAGGCTAGCA-1",10
"GGATTACAGTATCTCG-1",1
"GGATTACCAAGCGTAG-1",4
"GGATTACCACATCCGG-1",1
"GGATTACCAGCGTAAG-1",2
"GGATTACGTAATAGCA-1",1
"GGATTACGTACACCGC-1",1
"GGATTACGTCTCTTTA-1",0
"GGATTACGTTGAGGTG-1",2
"GGATTACTCGCGCCAA-1",2
"GGATTACTCGGCGCAT-1",1
"GGATTACTCTGCCCTA-1",4
"GGCAATTCAATCGGTT-1",3
"GGCAATTCACGGCGTT-1",2
"GGCAATTCATCACCCT-1",4
"GGCAATTGTCGATTGT-1",1
"GGCAATTTCACTTACT-1",3
"GGCAATTTCAGCACAT-1",4
"GGCAATTTCTCCGGTT-1",2
"GGCCGATAGTGTCTCA-1",2
"GGCCGATCACGGACAA-1",1
"GGCCGATGTAGGACAC-1",1
"GGCCGATGTCACTGGC-1",8
"GGCCGATGTCCCTACT-1",5
"GGCCGATTCACCGTAA-1",1
"GGCCGATTCCGCGCAA-1",3
"GGCGACTAGAGCTGGT-1",2
"GGCGACTAGGACCACA-1",2
"GGCGACTAGGTTACCT-1",3
"GGCGACTCAAAGCGGT-1",2
"GGCGACTCAAGAGTCG-1",3
"GGCGACTCACCAGGTC-1",0
"GGCGACTCATTGTGCA-1",1
"GGCGACTTCAGAAATG-1",3
"GGCGACTTCAGAGACG-1",2
"GGCGACTTCCAGATCA-1",5
"GGCGACTTCTCTAGGA-1",2
"GGCGTGTAGCTAGCCC-1",1
"GGCGTGTAGGGTATCG-1",4
"GGCGTGTCAGGTCCAC-1",1
"GGCGTGTCAGTATAAG-1",2
"GGCGTGTCATCGTCGG-1",4
"GGCGTGTCATGGAATA-1",2
"GGCGTGTGTCTCCCTA-1",2
"GGCGTGTTCTTGAGGT-1",4
"GGCTCGAAGCCGTCGT-1",4
"GGCTCGAAGGTAAACT-1",0
"GGCTCGACAAGAAGAG-1",5
"GGCTCGACAATAGCAA-1",0
"GGCTCGACATGGTCAT-1",1
"GGCTCGAGTATATCCG-1",4
"GGCTCGAGTTACGTCA-1",1
"GGCTCGAGTTAGGGTG-1",2
"GGCTCGATCTGCAAGT-1",2
"GGCTGGTAGAAGAAGC-1",1
"GGCTGGTAGACCCACC-1",3
"GGCTGGTCAAGGACAC-1",1
"GGCTGGTCACTGCCAG-1",3
"GGCTGGTCATTTCAGG-1",0
"GGCTGGTGTATTCTCT-1",2
"GGCTGGTGTCGCATCG-1",0
"GGCTGGTGTCTAGTGT-1",2
"GGCTGGTGTTATGCGT-1",1
"GGGAATGAGCGTTGCC-1",4
"GGGAATGAGTAGGTGC-1",6
"GGGAATGGTAAGGGAA-1",1
"GGGAATGTCAACGAAA-1",1
"GGGAATGTCCAGTATG-1",0
"GGGAATGTCCGGGTGT-1",1
"GGGACCTAGATGTAAC-1",4
"GGGACCTAGTCTTGCA-1",2
"GGGACCTCAATCAGAA-1",0
"GGGACCTCACTGAAGG-1",12
"GGGAGATAGTACGACG-1",7
"GGGAGATCAAAGTGCG-1",1
"GGGAGATCAAATCCGT-1",6
"GGGAGATCAAGGACTG-1",2
"GGGAGATCACGCGAAA-1",3
"GGGAGATGTAGCGCAA-1",4
"GGGAGATTCAACGGGA-1",1
"GGGAGATTCATCACCC-1",0
"GGGATGAAGTGACATA-1",1
"GGGATGACATCATCCC-1",3
"GGGATGAGTCACCCAG-1",3
"GGGATGAGTGGAAAGA-1",1
"GGGATGAGTTACGACT-1",0
"GGGATGAGTTGGTAAA-1",1
"GGGATGATCAGTTAGC-1",0
"GGGATGATCTATCCTA-1",2
"GGGATGATCTTTAGGG-1",0
"GGGCACTAGTCTCGGC-1",2
"GGGCACTCATCTCCCA-1",4
"GGGCACTTCACCTCGT-1",2
"GGGCACTTCTGAGGGA-1",8
"GGGCATCCAATGTAAG-1",6
"GGGCATCCAGTCTTCC-1",0
"GGGCATCGTGGCGAAT-1",6
"GGGCATCTCACAGTAC-1",3
"GGGCATCTCCCTTGTG-1",1
"GGGCATCTCCGGCACA-1",2
"GGGCATCTCTGTCCGT-1",1
"GGGCATCTCTTATCTG-1",1
"GGGTCTGAGAAGATTC-1",1
"GGGTCTGAGATCCCGC-1",7
"GGGTCTGAGCCAACAG-1",1
"GGGTCTGCACAGGCCT-1",1
"GGGTCTGCACCAGGTC-1",4
"GGGTCTGGTCTGGTCG-1",6
"GGGTCTGGTGATGATA-1",7
"GGGTCTGGTGTGACCC-1",0
"GGGTCTGTCAACTCTT-1",3
"GGGTCTGTCACTCCTG-1",3
"GGGTCTGTCCGTAGTA-1",1
"GGGTTGCAGACAGAGA-1",1
"GGGTTGCAGACCTTTG-1",0
"GGGTTGCAGATCGATA-1",0
"GGGTTGCAGGGTGTTG-1",18
"GGGTTGCAGGTGGGTT-1",0
"GGGTTGCCAATAACGA-1",0
"GGGTTGCCACGCCAGT-1",1
"GGGTTGCCATTAACCG-1",3
"GGGTTGCGTACATCCA-1",2
"GGGTTGCGTAGCGCAA-1",3
"GGGTTGCGTCCTCCAT-1",1
"GGGTTGCGTCGAGTTT-1",5
"GGGTTGCGTGAGTATA-1",2
"GGGTTGCGTGTGACCC-1",1
"GGGTTGCTCGTACCGG-1",6
"GGTATTGAGCACCGTC-1",1
"GGTATTGAGCTATGCT-1",2
"GGTATTGCACATCCAA-1",3
"GGTATTGCAGCTTCGG-1",0
"GGTATTGGTTCCGTCT-1",4
"GGTATTGTCAGAAATG-1",6
"GGTATTGTCCATTCTA-1",3
"GGTATTGTCGCCAGCA-1",5
"GGTGAAGAGACACGAC-1",2
"GGTGAAGAGATCCGAG-1",3
"GGTGAAGCAAGGTGTG-1",3
"GGTGAAGCACTCGACG-1",1
"GGTGAAGCAGTATGCT-1",5
"GGTGAAGGTATGAAAC-1",7
"GGTGAAGGTCAGAATA-1",4
"GGTGAAGGTGGTACAG-1",1
"GGTGAAGGTGTATGGG-1",5
"GGTGAAGGTGTCTGAT-1",3
"GGTGAAGGTGTGGTTT-1",1
"GGTGAAGGTGTGTGCC-1",0
"GGTGAAGTCACGATGT-1",2
"GGTGAAGTCACTCTTA-1",1
"GGTGAAGTCTGGCGTG-1",0
"GGTGCGTAGGTGATTA-1",2
"GGTGCGTAGTACGATA-1",1
"GGTGCGTCACTTAAGC-1",7
"GGTGCGTCAGCTGTAT-1",2
"GGTGCGTGTTCGTTGA-1",3
"GGTGCGTTCCGTACAA-1",9
"GGTGCGTTCTTGACGA-1",1
"GGTGTTAAGGGCTCTC-1",2
"GGTGTTAAGTAGCGGT-1",1
"GGTGTTAAGTGGGATC-1",3
"GGTGTTAAGTTATCGC-1",1
"GGTGTTACAAATCCGT-1",7
"GGTGTTACACGGATAG-1",3
"GGTGTTAGTAATCACC-1",1
"GGTGTTAGTAGCAAAT-1",1
"GGTGTTAGTGTATGGG-1",1
"GGTGTTAGTTGAACTC-1",1
"GGTGTTATCGGACAAG-1",8
"GGTGTTATCGGTGTTA-1",0
"GGTGTTATCTACTTAC-1",1
"GTAACGTAGGTGACCA-1",1
"GTAACGTCACAGGCCT-1",0
"GTAACGTGTACCATCA-1",2
"GTAACGTGTGAGTATA-1",0
"GTAACGTGTTACGGAG-1",11
"GTAACGTGTTAGGGTG-1",2
"GTAACGTTCGGTCCGA-1",1
"GTAACGTTCTCATTCA-1",3
"GTAACTGAGTGGGTTG-1",4
"GTAACTGCAATGGAAT-1",1
"GTAACTGCACAGGCCT-1",3
"GTAACTGCAGGATCGA-1",4
"GTAACTGCATCGGGTC-1",0
"GTAACTGGTATTACCG-1",2
"GTAACTGTCACGGTTA-1",0
"GTAACTGTCTACTATC-1",1
"GTACGTAAGGTGCTTT-1",3
"GTACGTACAGGAATGC-1",1
"GTACGTACATGGATGG-1",2
"GTACGTAGTGAGTGAC-1",10
"GTACGTAGTTGGTAAA-1",4
"GTACGTATCACCTCGT-1",3
"GTACGTATCATCGGAT-1",1
"GTACGTATCCACTGGG-1",5
"GTACTCCAGGCAGTCA-1",0
"GTACTCCCAATAGCGG-1",0
"GTACTCCCACAGGTTT-1",2
"GTACTCCTCACCTTAT-1",3
"GTACTCCTCATTGCCC-1",2
"GTACTCCTCCTTCAAT-1",1
"GTACTTTCAGTTAACC-1",5
"GTACTTTCATGTCGAT-1",5
"GTACTTTTCCGAAGAG-1",2
"GTAGGCCAGCAATCTC-1",0
"GTAGGCCCATTCGACA-1",2
"GTAGGCCGTAACGCGA-1",5
"GTAGGCCGTAAGGGCT-1",8
"GTAGGCCGTACGACCC-1",2
"GTAGGCCGTTCAGGCC-1",3
"GTAGGCCGTTGATTGC-1",2
"GTAGGCCTCAGCACAT-1",2
"GTAGTCAAGAATGTGT-1",3
"GTAGTCAAGATGCCTT-1",4
"GTAGTCAAGGACGAAA-1",4
"GTAGTCAAGTGAAGAG-1",1
"GTAGTCATCGTCACGG-1",9
"GTAGTCATCTGAAAGA-1",2
"GTATCTTAGAAACCAT-1",1
"GTATCTTAGGCTATCT-1",0
"GTATCTTAGTTGTCGT-1",1
"GTATCTTCACACCGCA-1",0
"GTATCTTCACGAAGCA-1",1
"GTATCTTGTTCGCTAA-1",4
"GTATCTTTCATGCTCC-1",1
"GTATCTTTCATGTAGC-1",1
"GTATTCTAGAAACCAT-1",2
"GTATTCTAGACAAAGG-1",6
"GTATTCTCAAAGTCAA-1",3
"GTATTCTCAACAACCT-1",4
"GTATTCTCAACTTGAC-1",4
"GTATTCTCAATAAGCA-1",2
"GTATTCTCAGGGTTAG-1",2
"GTATTCTCATACTACG-1",3
"GTATTCTCATGGTAGG-1",2
"GTATTCTGTAGTGAAT-1",2
"GTATTCTGTCTAGAGG-1",3
"GTCAAGTCATATGCTG-1",0
"GTCAAGTCATGGTTGT-1",0
"GTCAAGTGTCAGCTAT-1",0
"GTCAAGTGTTCCACTC-1",4
"GTCACAAAGCCGATTT-1",0
"GTCACAAAGTGGAGTC-1",10
"GTCACAACAGGTGGAT-1",15
"GTCACAAGTAAACGCG-1",6
"GTCACAATCAGGATCT-1",14
"GTCACAATCAGTTGAC-1",1
"GTCACAATCATGCATG-1",3
"GTCACGGAGATCACGG-1",4
"GTCACGGCATATACCG-1",3
"GTCACGGGTGAGTGAC-1",4
"GTCACGGGTGTGGCTC-1",4
"GTCACGGTCGAGAGCA-1",0
"GTCACGGTCTACCTGC-1",4
"GTCATTTAGAGACTAT-1",1
"GTCATTTCACGTGAGA-1",0
"GTCATTTGTAGAAGGA-1",3
"GTCATTTGTCAGATAA-1",2
"GTCATTTTCCAGAGGA-1",2
"GTCCTCAAGCCCAACC-1",1
"GTCCTCAAGTAGATGT-1",0
"GTCCTCAAGTGGGCTA-1",1
"GTCCTCACAATCACAC-1",1
"GTCCTCAGTGGAAAGA-1",1
"GTCCTCATCAAAGACA-1",0
"GTCCTCATCGTCCGTT-1",3
"GTCGGGTCACTGAAGG-1",0
"GTCGGGTCACTTCGAA-1",3
"GTCGGGTCATGAAGTA-1",0
"GTCGGGTGTCTCACCT-1",7
"GTCGGGTGTGTGACGA-1",0
"GTCGGGTGTGTGTGCC-1",2
"GTCGGGTGTTACGTCA-1",5
"GTCGGGTTCTGCTGTC-1",3
"GTCGGGTTCTGTGCAA-1",0
"GTCGTAAAGAGATGAG-1",2
"GTCGTAAAGCTGCAAG-1",2
"GTCGTAAAGGCGACAT-1",8
"GTCGTAACATCACGAT-1",7
"GTCGTAAGTATCACCA-1",2
"GTCGTAATCCAAGTAC-1",0
"GTCTCGTAGACCACGA-1",2
"GTCTCGTCAGGAACGT-1",3
"GTCTCGTGTGGTAACG-1",3
"GTCTCGTGTTTGGCGC-1",5
"GTCTCGTTCACCGGGT-1",0
"GTCTCGTTCAGTGCAT-1",3
"GTCTTCGAGACAAGCC-1",3
"GTCTTCGAGGAATGGA-1",0
"GTCTTCGAGTCAAGCG-1",2
"GTCTTCGCACATGGGA-1",1
"GTCTTCGCACCAGGTC-1",1
"GTCTTCGCAGACGCAA-1",2
"GTCTTCGCATAACCTG-1",3
"GTCTTCGCATCGATGT-1",3
"GTCTTCGGTCTAGTGT-1",0
"GTCTTCGTCTCGATGA-1",2
"GTGAAGGAGAGCTGGT-1",5
"GTGAAGGAGATCGGGT-1",2
"GTGAAGGAGCCAGTTT-1",10
"GTGAAGGAGTGTTGAA-1",3
"GTGAAGGCAAAGGCGT-1",1
"GTGAAGGCACTTAAGC-1",8
"GTGAAGGCAGATTGCT-1",4
"GTGAAGGGTATATGGA-1",2
"GTGAAGGGTCTCTCTG-1",5
"GTGAAGGTCTCCTATA-1",1
"GTGCAGCAGACATAAC-1",1
"GTGCAGCAGTGGTCCC-1",3
"GTGCAGCCACATCTTT-1",1
"GTGCAGCGTGAGTATA-1",1
"GTGCAGCTCTTAGAGC-1",4
"GTGCATAAGGCATGGT-1",10
"GTGCATAGTTTGTTGG-1",7
"GTGCATATCAGAGCTT-1",2
"GTGCATATCATCATTC-1",3
"GTGCATATCTGCGTAA-1",0
"GTGCGGTAGCAATCTC-1",3
"GTGCGGTAGGACAGAA-1",0
"GTGCGGTCAAAGGTGC-1",7
"GTGCGGTGTTCAGACT-1",4
"GTGCGGTGTTCTGTTT-1",0
"GTGCGGTTCATCTGCC-1",1
"GTGCGGTTCCAGGGCT-1",2
"GTGCGGTTCGGATGGA-1",1
"GTGCGGTTCTCGTTTA-1",3
"GTGCGGTTCTGCTGTC-1",2
"GTGCTTCAGCCAGTTT-1",1
"GTGCTTCAGGATTCGG-1",2
"GTGCTTCAGTACACCT-1",0
"GTGCTTCCACTTAACG-1",2
"GTGCTTCCAGCTATTG-1",2
"GTGCTTCGTAGAGTGC-1",0
"GTGCTTCTCACAATGC-1",1
"GTGCTTCTCACTTCAT-1",2
"GTGGGTCAGACCGGAT-1",3
"GTGGGTCAGACTGTAA-1",2
"GTGGGTCAGCCGTCGT-1",0
"GTGGGTCCACCAACCG-1",2
"GTGGGTCCACCACCAG-1",4
"GTGTGCGAGACCGGAT-1",1
"GTGTGCGAGACTTGAA-1",1
"GTGTGCGCAGGTCGTC-1",0
"GTGTGCGGTGAGCGAT-1",4
"GTGTGCGTCAGTCAGT-1",2
"GTGTGCGTCCCTTGTG-1",2
"GTGTGCGTCTAACTTC-1",0
"GTGTTAGAGCACGCCT-1",4
"GTGTTAGAGGACAGAA-1",0
"GTGTTAGAGGCATGGT-1",2
"GTGTTAGAGTGGAGAA-1",1
"GTGTTAGAGTTTGCGT-1",0
"GTGTTAGCAATGGAAT-1",2
"GTGTTAGCACCACCAG-1",1
"GTGTTAGGTGCCTGGT-1",2
"GTGTTAGGTGGAAAGA-1",2
"GTGTTAGGTTCCATGA-1",3
"GTGTTAGGTTGGGACA-1",4
"GTTAAGCAGAGCTGCA-1",1
"GTTAAGCAGATAGCAT-1",1
"GTTAAGCAGCTAACAA-1",3
"GTTAAGCAGGCTACGA-1",2
"GTTAAGCAGTGTACCT-1",2
"GTTAAGCAGTTTGCGT-1",0
"GTTAAGCCATTCACTT-1",4
"GTTAAGCGTACTCGCG-1",3
"GTTAAGCGTCTAGGTT-1",0
"GTTAAGCGTGGCAAAC-1",1
"GTTAAGCGTTGCTCCT-1",2
"GTTAAGCTCCTTTCGG-1",1
"GTTACAGAGAGCTATA-1",1
"GTTACAGAGTACGATA-1",0
"GTTACAGCAGACGCCT-1",1
"GTTACAGCATCGGTTA-1",6
"GTTACAGGTATGGTTC-1",1
"GTTACAGGTCGACTGC-1",5
"GTTACAGGTCTAGGTT-1",0
"GTTCATTAGCGATGAC-1",5
"GTTCATTCATATACGC-1",4
"GTTCATTCATTGGCGC-1",1
"GTTCATTGTGCACGAA-1",2
"GTTCATTGTGTTAAGA-1",3
"GTTCATTGTTCAGTAC-1",1
"GTTCGGGAGACGACGT-1",3
"GTTCGGGAGCTAAGAT-1",4
"GTTCGGGAGTGTCTCA-1",2
"GTTCGGGGTAGGGTAC-1",0
"GTTCGGGGTGCAGGTA-1",4
"GTTCGGGTCCACGCAG-1",1
"GTTCGGGTCTACTTAC-1",1
"GTTCTCGAGACCACGA-1",3
"GTTCTCGAGCGATGAC-1",4
"GTTCTCGAGGCCATAG-1",5
"GTTCTCGCATCGGACC-1",0
"GTTCTCGGTAAGGGAA-1",0
"GTTCTCGGTAGCGTAG-1",0
"GTTCTCGGTCCGTGAC-1",6
"GTTCTCGGTGTTAAGA-1",12
"GTTCTCGTCAACGCTA-1",1
"GTTCTCGTCCTGTACC-1",3
"GTTTCTACAAACCTAC-1",3
"GTTTCTACAAGAAAGG-1",13
"GTTTCTAGTGTTGGGA-1",1
"GTTTCTATCCCAACGG-1",2
"GTTTCTATCCGTAGTA-1",3
"GTTTCTATCGGCATCG-1",5
"TAAACCGGTACTTAGC-1",1
"TAAACCGTCACTCTTA-1",4
"TAAACCGTCAGGCGAA-1",2
"TAAACCGTCCGTTGTC-1",1
"TAAACCGTCTTCCTTC-1",1
"TAAGAGACAAGTTGTC-1",1
"TAAGAGAGTATATCCG-1",7
"TAAGAGATCAATCACG-1",1
"TAAGAGATCTAACGGT-1",6
"TAAGAGATCTTTCCTC-1",4
"TAAGCGTAGTGGACGT-1",3
"TAAGCGTAGTGTCTCA-1",0
"TAAGCGTCAGCTTCGG-1",7
"TAAGCGTCAGGTGGAT-1",1
"TAAGCGTGTCCTGCTT-1",5
"TAAGCGTGTGCCTGGT-1",0
"TAAGCGTGTTGTTTGG-1",3
"TAAGCGTTCCTCATTA-1",1
"TAAGCGTTCGGCGCAT-1",2
"TAAGCGTTCTCGCATC-1",1
"TAAGTGCAGGCTAGGT-1",0
"TAAGTGCAGTAGCGGT-1",1
"TAAGTGCCAACGCACC-1",1
"TAAGTGCCATACAGCT-1",2
"TAAGTGCGTAAACACA-1",2
"TAAGTGCGTCTCACCT-1",1
"TAAGTGCGTTCAGACT-1",5
"TAAGTGCTCACCCTCA-1",1
"TAAGTGCTCACTGGGC-1",0
"TAAGTGCTCTGGCGTG-1",1
"TACACGACACCCATTC-1",1
"TACACGAGTGATAAAC-1",2
"TACACGATCTGTCTCG-1",2
"TACAGTGAGATGCGAC-1",16
"TACAGTGAGCGTTGCC-1",0
"TACAGTGAGTGTACGG-1",0
"TACAGTGCAGGAATCG-1",1
"TACAGTGCAGGTGCCT-1",7
"TACAGTGGTACTCAAC-1",5
"TACAGTGGTTGGACCC-1",2
"TACCTATAGAGCTGGT-1",2
"TACCTATAGAGTTGGC-1",0
"TACCTATAGGCTCATT-1",2
"TACCTATAGTTAGCGG-1",3
"TACCTATCAAGCTGGA-1",4
"TACCTATGTAAATGAC-1",14
"TACCTATGTAGAGTGC-1",1
"TACCTATGTCACCTAA-1",1
"TACCTATGTGTTGAGG-1",1
"TACCTATGTTAAAGAC-1",0
"TACCTATTCTATGTGG-1",0
"TACCTATTCTTCCTTC-1",1
"TACCTTAAGAGGTTGC-1",5
"TACCTTAAGTCAAGCG-1",13
"TACCTTAAGTGGTCCC-1",1
"TACCTTACAACTGGCC-1",1
"TACCTTACAAGGGTCA-1",4
"TACCTTACACTCAGGC-1",3
"TACCTTACATCTACGA-1",3
"TACCTTAGTAGCGTCC-1",8
"TACCTTAGTCTCCACT-1",3
"TACGGATAGATGGCGT-1",4
"TACGGATAGGTACTCT-1",1
"TACGGATCAGGGATTG-1",0
"TACGGATCATCACCCT-1",2
"TACGGATGTCTAGCCG-1",1
"TACGGATTCGGTGTCG-1",8
"TACGGATTCTACTATC-1",0
"TACGGGCAGGATGCGT-1",0
"TACGGGCAGGGAACGG-1",3
"TACGGGCAGTATTGGA-1",1
"TACGGGCAGTCAAGCG-1",0
"TACGGGCCAAGAAGAG-1",0
"TACGGGCCACCAGATT-1",3
"TACGGGCCATCAGTAC-1",4
"TACGGGCGTAAGGGCT-1",3
"TACGGGCGTCTGATTG-1",5
"TACGGGCGTGATGTGG-1",1
"TACGGGCTCACCTTAT-1",3
"TACGGGCTCAGCTCTC-1",1
"TACGGGCTCCACGAAT-1",0
"TACGGGCTCCTATTCA-1",1
"TACGGGCTCGGTGTTA-1",1
"TACGGTAAGATATGGT-1",5
"TACGGTAAGCCGATTT-1",2
"TACGGTAAGTCATGCT-1",1
"TACGGTAAGTGCCATT-1",2
"TACGGTACACAGGCCT-1",0
"TACGGTACATTTCAGG-1",1
"TACGGTAGTATATCCG-1",5
"TACGGTAGTCACTTCC-1",4
"TACGGTAGTGCAGGTA-1",0
"TACGGTAGTGGGTATG-1",3
"TACGGTATCGCAGGCT-1",2
"TACGGTATCGGACAAG-1",3
"TACGGTATCGTTTATC-1",0
"TACTCATAGTCACGCC-1",2
"TACTCATCAATCTACG-1",0
"TACTCATCACGGTAGA-1",8
"TACTCATCACTTCTGC-1",1
"TACTCATCATCCGTGG-1",0
"TACTCATCATGTCGAT-1",3
"TACTCATGTACAGCAG-1",1
"TACTCATGTCTTCAAG-1",4
"TACTCATTCCTTTCTC-1",1
"TACTCGCAGGCGACAT-1",55
"TACTCGCGTCAGAAGC-1",3
"TACTCGCGTCTGATTG-1",3
"TACTCGCGTGTAACGG-1",0
"TACTCGCGTTGAGTTC-1",3
"TACTCGCTCAACGGGA-1",5
"TACTCGCTCCGAATGT-1",2
"TACTTACAGACTAGGC-1",1
"TACTTACAGCTGAACG-1",2
"TACTTACAGTACACCT-1",0
"TACTTACAGTACGCCC-1",2
"TACTTACAGTGATCGG-1",1
"TACTTACCAAGCCGTC-1",4
"TACTTACCACAGGTTT-1",0
"TACTTACTCGCGTTTC-1",2
"TACTTGTAGCGATATA-1",7
"TACTTGTAGTAATCCC-1",2
"TACTTGTCAAACAACA-1",0
"TACTTGTCATGCAACT-1",0
"TACTTGTGTAGCACGA-1",1
"TACTTGTGTATAAACG-1",1
"TACTTGTGTTCCACAA-1",2
"TACTTGTTCTGCAGTA-1",9
"TAGACCAAGAGACGAA-1",2
"TAGACCAAGCCTCGTG-1",0
"TAGACCAAGTCGATAA-1",2
"TAGACCACAACACCCG-1",1
"TAGACCAGTAGATTAG-1",0
"TAGACCAGTTCATGGT-1",1
"TAGACCATCACTTCAT-1",3
"TAGACCATCGTCACGG-1",8
"TAGACCATCTCCAGGG-1",0
"TAGAGCTAGAATTCCC-1",3
"TAGAGCTAGTATTGGA-1",3
"TAGAGCTCACTGAAGG-1",2
"TAGAGCTGTACTTGAC-1",4
"TAGAGCTGTAGGGACT-1",1
"TAGAGCTGTCTAAAGA-1",2
"TAGCCGGAGACTGGGT-1",0
"TAGCCGGAGTCCCACG-1",1
"TAGCCGGAGTGACATA-1",2
"TAGCCGGCAGCAGTTT-1",0
"TAGCCGGGTACAGTGG-1",4
"TAGCCGGGTACCATCA-1",1
"TAGCCGGGTCGCGAAA-1",10
"TAGCCGGTCACGACTA-1",0
"TAGCCGGTCCAGGGCT-1",0
"TAGGCATAGAACTGTA-1",0
"TAGGCATAGCTAGGCA-1",1
"TAGGCATAGTCGTACT-1",3
"TAGGCATAGTTTAGGA-1",3
"TAGGCATCAAGCCTAT-1",2
"TAGGCATCAGACGCAA-1",1
"TAGGCATGTACGAAAT-1",3
"TAGGCATGTCCAGTTA-1",1
"TAGGCATGTTCCACTC-1",1
"TAGGCATTCCCTAACC-1",0
"TAGGCATTCGCTAGCG-1",3
"TAGGCATTCGTAGATC-1",3
"TAGGCATTCTTCATGT-1",0
"TAGTGGTAGATCACGG-1",7
"TAGTGGTAGCTGTTCA-1",2
"TAGTGGTCAGTATAAG-1",3
"TAGTGGTGTAGCGTAG-1",1
"TAGTGGTTCAGCATGT-1",1
"TAGTGGTTCGGCGCAT-1",1
"TAGTGGTTCTCAAGTG-1",0
"TAGTGGTTCTGGGCCA-1",13
"TAGTGGTTCTTTAGTC-1",2
"TAGTTGGAGATAGGAG-1",5
"TAGTTGGCAGACGCAA-1",2
"TAGTTGGCATGCGCAC-1",6
"TAGTTGGGTATGGTTC-1",1
"TAGTTGGTCCGAATGT-1",3
"TAGTTGGTCTACTCAT-1",2
"TAGTTGGTCTCTAAGG-1",2
"TAGTTGGTCTGATACG-1",3
"TATCAGGAGAGTAAGG-1",2
"TATCAGGAGATCCGAG-1",1
"TATCAGGAGCAGATCG-1",3
"TATCAGGAGGTGCTTT-1",0
"TATCAGGCAACTTGAC-1",1
"TATCAGGCACGTTGGC-1",0
"TATCAGGGTCCGTTAA-1",6
"TATCAGGGTCTGCAAT-1",3
"TATCAGGGTTAAAGAC-1",5
"TATCAGGTCAAGATCC-1",1
"TATCAGGTCCACTCCA-1",6
"TATCAGGTCGTAGGTT-1",0
"TATCTCAAGAGTTGGC-1",0
"TATCTCAAGCCACCTG-1",1
"TATCTCAAGCGTAATA-1",2
"TATCTCAAGGCTAGCA-1",0
"TATCTCAAGTGGGCTA-1",3
"TATCTCACATGTCCTC-1",2
"TATCTCAGTAACGACG-1",3
"TATCTCAGTACCTACA-1",1
"TATCTCAGTACGACCC-1",4
"TATCTCAGTCAATGTC-1",2
"TATCTCATCAAGCCTA-1",2
"TATGCCCAGAAACCGC-1",1
"TATGCCCAGGTAGCTG-1",1
"TATGCCCCAATGGAAT-1",3
"TATGCCCCACTTAACG-1",0
"TATGCCCCATGTTCCC-1",3
"TATGCCCGTAGCCTCG-1",1
"TATGCCCGTATAGGGC-1",1
"TATGCCCGTATGAAAC-1",5
"TATGCCCGTCGCCATG-1",13
"TATGCCCGTGCCTTGG-1",0
"TATGCCCGTTAAGATG-1",3
"TATGCCCGTTGGTGGA-1",4
"TATGCCCGTTTAGGAA-1",1
"TATGCCCTCGTCTGCT-1",2
"TATTACCAGAGAGCTC-1",1
"TATTACCAGCAAATCA-1",3
"TATTACCAGCCCGAAA-1",2
"TATTACCAGTATCTCG-1",2
"TATTACCCAAAGTGCG-1",4
"TATTACCCAGACAAGC-1",1
"TATTACCCAGTCAGCC-1",4
"TATTACCCATAAAGGT-1",0
"TATTACCCATCTACGA-1",3
"TATTACCGTCCAGTAT-1",5
"TCAACGAAGCCGATTT-1",0
"TCAACGAAGCGATGAC-1",1
"TCAACGAAGGCATGTG-1",1
"TCAACGAAGTAGTGCG-1",6
"TCAACGACACCAGGCT-1",1
"TCAACGACATGCCTTC-1",11
"TCAACGAGTTACCAGT-1",2
"TCAACGAGTTCCATGA-1",3
"TCAACGAGTTCTGGTA-1",4
"TCAACGATCAGTCCCT-1",1
"TCAACGATCTGTGCAA-1",5
"TCAATCTAGATCCCGC-1",2
"TCAATCTCACAAGCCC-1",1
"TCAATCTCACAGCCCA-1",3
"TCAATCTCATGACGGA-1",0
"TCAATCTCATTTGCTT-1",3
"TCAATCTGTAGTGAAT-1",0
"TCAATCTGTTAGATGA-1",1
"TCAATCTTCAGATAAG-1",1
"TCAATCTTCATGTCCC-1",1
"TCACAAGAGACTGGGT-1",6
"TCACAAGAGAGAGCTC-1",3
"TCACAAGAGGCCCTCA-1",2
"TCACAAGAGGTGGGTT-1",14
"TCACAAGAGTAGATGT-1",4
"TCACAAGCAGTATGCT-1",5
"TCACAAGCATAACCTG-1",0
"TCACAAGCATGACATC-1",0
"TCACAAGGTCAGATAA-1",3
"TCACAAGGTGTGGTTT-1",5
"TCACAAGTCATCATTC-1",0
"TCACAAGTCATGCATG-1",0
"TCACGAAAGCTCCTTC-1",1
"TCACGAAAGGTGCTTT-1",0
"TCACGAAAGTCTCGGC-1",1
"TCACGAACACAAGACG-1",4
"TCACGAACACTGTCGG-1",4
"TCACGAAGTGGTCCGT-1",1
"TCACGAAGTTGGTGGA-1",3
"TCACGAATCATGCAAC-1",1
"TCACGAATCCCGACTT-1",3
"TCACGAATCCTCGCAT-1",2
"TCACGAATCGTCACGG-1",1
"TCAGATGAGGTGCACA-1",3
"TCAGATGGTCTTGTCC-1",2
"TCAGATGGTGCCTGCA-1",0
"TCAGATGGTGCTGTAT-1",2
"TCAGATGTCAGTTTGG-1",2
"TCAGATGTCGCATGAT-1",1
"TCAGATGTCTCCTATA-1",4
"TCAGCAAAGGAGTCTG-1",5
"TCAGCAAAGGCTCATT-1",2
"TCAGCAAAGTACGACG-1",1
"TCAGCAAAGTGGCACA-1",7
"TCAGCAACACGCATCG-1",0
"TCAGCAAGTACCGGCT-1",3
"TCAGCAATCAGCGATT-1",5
"TCAGCAATCGGAAACG-1",3
"TCAGCAATCTTCAACT-1",0
"TCAGCTCAGGTGTTAA-1",2
"TCAGCTCAGTATGACA-1",7
"TCAGCTCCAATCTGCA-1",9
"TCAGCTCCACGGTTTA-1",0
"TCAGCTCGTAATAGCA-1",0
"TCAGCTCGTCCGTCAG-1",3
"TCAGCTCGTTCACGGC-1",3
"TCAGCTCTCACGATGT-1",10
"TCAGCTCTCATGCATG-1",4
"TCAGCTCTCCTAAGTG-1",3
"TCAGCTCTCTCGTATT-1",2
"TCAGGATAGACAGAGA-1",1
"TCAGGATAGATATGGT-1",4
"TCAGGATCAAACGTGG-1",5
"TCAGGATCAAGTTCTG-1",8
"TCAGGATCACGGTGTC-1",6
"TCAGGATCACTGTGTA-1",8
"TCAGGATCAGCATACT-1",6
"TCAGGATCATCTGGTA-1",1
"TCAGGATGTAAGCACG-1",1
"TCAGGATGTGGCCCTA-1",1
"TCAGGATTCCGATATG-1",1
"TCAGGATTCTCGATGA-1",1
"TCAGGTAAGATGGCGT-1",1
"TCAGGTAAGTGTTTGC-1",1
"TCAGGTACACAAGTAA-1",3
"TCAGGTACACAGAGGT-1",6
"TCAGGTACAGCTGCTG-1",2
"TCAGGTAGTAAACGCG-1",2
"TCATTACAGAAACCAT-1",2
"TCATTACAGGAGTTGC-1",1
"TCATTACAGTTGCAGG-1",1
"TCATTACCACATCCAA-1",0
"TCATTACCAGTCAGCC-1",2
"TCATTACGTACGCACC-1",1
"TCATTACGTCTAGAGG-1",1
"TCATTACGTGAAGGCT-1",0
"TCATTACGTTCTGTTT-1",2
"TCATTACTCATCGATG-1",1
"TCATTTGAGCCAGTTT-1",2
"TCATTTGCACGTCTCT-1",1
"TCATTTGCAGTTAACC-1",0
"TCATTTGTCCAGAGGA-1",0
"TCATTTGTCCCTTGCA-1",4
"TCATTTGTCCGTCAAA-1",2
"TCATTTGTCGCTAGCG-1",2
"TCATTTGTCGTACGGC-1",4
"TCATTTGTCTCTGCTG-1",3
"TCCACACCAAAGAATC-1",2
"TCCACACCACGCCAGT-1",1
"TCCACACGTACAGCAG-1",4
"TCCACACGTAGCCTAT-1",1
"TCCACACGTCATCGGC-1",1
"TCCACACGTGACCAAG-1",1
"TCCACACGTGCGAAAC-1",0
"TCCACACTCAACACCA-1",1
"TCCACACTCCAGTATG-1",2
"TCCACACTCCCATTTA-1",1
"TCCACACTCGAACTGT-1",1
"TCCCGATAGAAGAAGC-1",11
"TCCCGATAGCACAGGT-1",1
"TCCCGATAGCCGGTAA-1",1
"TCCCGATCAAGGTTCT-1",2
"TCCCGATCAGCCAATT-1",1
"TCCCGATCATCCAACA-1",2
"TCCCGATGTAAGGATT-1",2
"TCCCGATGTCAATACC-1",3
"TCCCGATTCAGAAATG-1",1
"TCCCGATTCAGTCCCT-1",1
"TCCCGATTCATCTGTT-1",0
"TCCCGATTCCCTAATT-1",2
"TCCCGATTCTGGAGCC-1",1
"TCGAGGCAGCGATGAC-1",2
"TCGAGGCAGTGTTTGC-1",6
"TCGAGGCCAAAGAATC-1",0
"TCGAGGCCAAGTTCTG-1",0
"TCGAGGCCAGTAACGG-1",1
"TCGAGGCGTATATCCG-1",1
"TCGAGGCTCGCAAGCC-1",1
"TCGAGGCTCTTGAGAC-1",2
"TCGAGGCTCTTTCCTC-1",5
"TCGCGAGAGACAAAGG-1",4
"TCGCGAGAGTGAATTG-1",2
"TCGCGAGCAAGCGTAG-1",3
"TCGCGAGCACCGAATT-1",3
"TCGCGAGCAGTAAGAT-1",1
"TCGCGAGTCCACGAAT-1",4
"TCGCGAGTCTAGCACA-1",12
"TCGCGAGTCTCTAGGA-1",3
"TCGCGAGTCTTCATGT-1",3
"TCGCGTTAGTGGGCTA-1",4
"TCGCGTTCACAGGCCT-1",2
"TCGCGTTCATCACAAC-1",2
"TCGCGTTCATCTCGCT-1",2
"TCGCGTTGTTCACCTC-1",2
"TCGCGTTTCAAGATCC-1",5
"TCGCGTTTCAGGTAAA-1",5
"TCGCGTTTCATTCACT-1",1
"TCGCGTTTCCTGTACC-1",3
"TCGCGTTTCGCCCTTA-1",0
"TCGGGACCACACATGT-1",2
"TCGGGACTCCTTGCCA-1",5
"TCGGGACTCTGCGGCA-1",4
"TCGGGACTCTTGTCAT-1",1
"TCGGTAAAGACAGGCT-1",2
"TCGGTAAAGCTCAACT-1",6
"TCGGTAACAAGCTGAG-1",9
"TCGGTAACAGGAATGC-1",2
"TCGGTAAGTATATGGA-1",13
"TCGGTAAGTCTAGTCA-1",2
"TCGGTAATCCCGGATG-1",5
"TCGTACCAGCAGGCTA-1",4
"TCGTACCAGTTTCCTT-1",2
"TCGTACCGTTTGCATG-1",2
"TCGTACCTCGGGAGTA-1",3
"TCGTAGAAGCTAACTC-1",4
"TCGTAGAAGGCGACAT-1",2
"TCGTAGAAGGGAACGG-1",0
"TCGTAGAAGTCCATAC-1",1
"TCGTAGACAATCCAAC-1",1
"TCGTAGACACTCAGGC-1",2
"TCGTAGAGTATGAATG-1",3
"TCGTAGAGTGAGCGAT-1",0
"TCGTAGAGTGTGTGCC-1",3
"TCGTAGAGTTCAACCA-1",4
"TCGTAGAGTTCCATGA-1",9
"TCGTAGATCCAAGCCG-1",7
"TCGTAGATCTTAGCCC-1",1
"TCTATTGAGCGATTCT-1",1
"TCTATTGAGTGCCATT-1",2
"TCTATTGCACATCTTT-1",2
"TCTATTGGTAAGTGTA-1",3
"TCTATTGGTCCAACTA-1",0
"TCTATTGGTCTGCCAG-1",0
"TCTATTGGTTGCTCCT-1",1
"TCTATTGTCGGCGCTA-1",3
"TCTCATAAGCTAAACA-1",5
"TCTCATAAGCTAGTCT-1",2
"TCTCATAAGTGCCATT-1",1
"TCTCATAGTACCGGCT-1",2
"TCTCATAGTGTAAGTA-1",11
"TCTCATATCAAGCCTA-1",1
"TCTCATATCACCTTAT-1",1
"TCTCATATCCTGTACC-1",3
"TCTCTAAAGACCGGAT-1",2
"TCTCTAAAGGGTGTTG-1",8
"TCTCTAACAGCCTATA-1",3
"TCTCTAAGTCCAGTAT-1",3
"TCTCTAAGTCCATGAT-1",2
"TCTCTAAGTCTCATCC-1",1
"TCTCTAAGTGGAAAGA-1",3
"TCTCTAATCAAACCAC-1",3
"TCTCTAATCAACGCTA-1",1
"TCTCTAATCACAGGCC-1",2
"TCTCTAATCACATACG-1",1
"TCTCTAATCCGTAGGC-1",0
"TCTCTAATCGTATCAG-1",13
"TCTGAGACAAACCTAC-1",10
"TCTGAGACACGGATAG-1",5
"TCTGAGACAGAGTGTG-1",0
"TCTGAGAGTAAGGGAA-1",1
"TCTGAGATCCTTGACC-1",3
"TCTGAGATCTATCCTA-1",0
"TCTGGAAAGCGATGAC-1",3
"TCTGGAAAGCTAGTTC-1",2
"TCTGGAAAGCTCTCGG-1",1
"TCTGGAAAGGAGCGAG-1",2
"TCTGGAACACAAGACG-1",2
"TCTGGAACACACTGCG-1",1
"TCTGGAACACTTCTGC-1",2
"TCTGGAAGTGAGTATA-1",2
"TCTGGAATCTGTCTAT-1",4
"TCTTCGGAGGTTCCTA-1",3
"TCTTCGGAGTTCGATC-1",2
"TCTTCGGCAAAGCAAT-1",1
"TCTTCGGCAAAGGTGC-1",1
"TCTTCGGCAATAGCAA-1",3
"TCTTCGGCAATGTAAG-1",3
"TCTTCGGCACACCGAC-1",3
"TCTTCGGCAGCCAATT-1",3
"TCTTCGGGTCATTAGC-1",2
"TCTTCGGTCGTAGGTT-1",1
"TCTTCGGTCTCTAAGG-1",1
"TCTTTCCAGAGAGCTC-1",4
"TCTTTCCAGTCATCCA-1",3
"TCTTTCCCATCTCCCA-1",3
"TCTTTCCGTAATCACC-1",0
"TCTTTCCGTAGTACCT-1",3
"TCTTTCCTCACAACGT-1",5
"TCTTTCCTCAGCTGGC-1",2
"TCTTTCCTCCAAGTAC-1",2
"TCTTTCCTCCTCGCAT-1",3
"TGAAAGAAGCTAAGAT-1",11
"TGAAAGACAAGCCGTC-1",4
"TGAAAGACACATTCGA-1",3
"TGAAAGACATGAGCGA-1",1
"TGAAAGAGTCTAGCGC-1",9
"TGAAAGAGTCTCATCC-1",5
"TGAAAGATCCCGACTT-1",0
"TGAAAGATCTATGTGG-1",9
"TGACAACCAAGCGAGT-1",1
"TGACAACGTAGGGACT-1",3
"TGACAACGTGCGCTTG-1",3
"TGACAACGTGGTTTCA-1",1
"TGACAACTCACAAACC-1",0
"TGACAACTCCACGTGG-1",0
"TGACAACTCGAATGCT-1",2
"TGACGGCAGCGCCTCA-1",3
"TGACGGCAGGCTCAGA-1",3
"TGACGGCAGTCAAGCG-1",1
"TGACGGCCACAGACTT-1",1
"TGACGGCGTCATCCCT-1",0
"TGACGGCTCAGGCGAA-1",0
"TGACGGCTCCACTGGG-1",4
"TGACTAGAGACCCACC-1",2
"TGACTAGAGGGCATGT-1",1
"TGACTAGAGTCTCAAC-1",2
"TGACTAGAGTTGAGAT-1",0
"TGACTAGCAGCATACT-1",2
"TGACTAGCAGTCAGAG-1",1
"TGACTAGCATTTCACT-1",2
"TGACTAGGTAAATACG-1",7
"TGACTAGGTGAAAGAG-1",1
"TGACTAGGTGCAGTAG-1",5
"TGACTAGTCATGCATG-1",4
"TGACTAGTCCATGCTC-1",1
"TGACTAGTCTGTTGAG-1",5
"TGACTTTAGAACAATC-1",10
"TGACTTTAGTCTCGGC-1",1
"TGACTTTAGTTAGGTA-1",1
"TGACTTTCAGTCCTTC-1",2
"TGACTTTCATTATCTC-1",1
"TGACTTTGTCACACGC-1",12
"TGACTTTTCCTCAATT-1",2
"TGACTTTTCTGCCCTA-1",3
"TGAGAGGAGGCTCATT-1",0
"TGAGAGGCAAAGTCAA-1",0
"TGAGAGGCAAGCCATT-1",1
"TGAGAGGCACCATGTA-1",1
"TGAGAGGGTCACTGGC-1",3
"TGAGAGGGTCTAAACC-1",0
"TGAGAGGTCGAACTGT-1",0
"TGAGAGGTCGCGTTTC-1",0
"TGAGAGGTCTGACCTC-1",3
"TGAGCATAGAAACGAG-1",6
"TGAGCATAGAAGCCCA-1",1
"TGAGCATAGATGTCGG-1",6
"TGAGCATAGGAATGGA-1",0
"TGAGCATCACCAGGCT-1",4
"TGAGCATCAGATGAGC-1",0
"TGAGCATCAGCGTAAG-1",4
"TGAGCATCAGCTGTAT-1",9
"TGAGCATGTGGCCCTA-1",1
"TGAGCATTCCACGTTC-1",6
"TGAGCATTCCGATATG-1",1
"TGAGCATTCGGCCGAT-1",6
"TGAGCCGCATCGGGTC-1",2
"TGAGCCGGTCGAACAG-1",3
"TGAGCCGGTGTAATGA-1",1
"TGAGCCGGTTGATTCG-1",2
"TGAGCCGTCATCTGCC-1",2
"TGAGCCGTCGTCACGG-1",1
"TGAGCCGTCTTGAGGT-1",3
"TGAGGGAAGAGACTAT-1",4
"TGAGGGAAGGAGTACC-1",4
"TGAGGGAAGTCATCCA-1",4
"TGAGGGAAGTCATGCT-1",8
"TGAGGGACACCAGTTA-1",0
"TGAGGGACATAAGACA-1",10
"TGAGGGAGTAAACGCG-1",12
"TGAGGGAGTTAGGGTG-1",3
"TGAGGGATCAACGGGA-1",5
"TGAGGGATCTAGCACA-1",1
"TGAGGGATCTCTTATG-1",1
"TGATTTCCATCCGGGT-1",4
"TGATTTCGTAGGCATG-1",13
"TGATTTCGTTAAGACA-1",3
"TGATTTCTCTGATTCT-1",2
"TGCACCTAGACCTTTG-1",1
"TGCACCTAGGACGAAA-1",3
"TGCACCTCAAGTTGTC-1",21
"TGCACCTCAATAGAGT-1",1
"TGCACCTCATCCGGGT-1",3
"TGCACCTGTAATCACC-1",3
"TGCACCTGTCACACGC-1",2
"TGCACCTTCACGGTTA-1",3
"TGCACCTTCATCGGAT-1",1
"TGCACCTTCCGCGGTA-1",3
"TGCACCTTCGAACTGT-1",2
"TGCACCTTCTCTTGAT-1",1
"TGCCAAACAATGTAAG-1",1
"TGCCAAACAATTCCTT-1",5
"TGCCAAAGTTCGCGAC-1",35
"TGCCAAATCCAAACTG-1",10
"TGCCAAATCCCTGACT-1",0
"TGCCAAATCGGCGGTT-1",2
"TGCCCATAGACTAGGC-1",2
"TGCCCATAGCGTCAAG-1",1
"TGCCCATAGCGTGAAC-1",2
"TGCCCATAGCTGTTCA-1",1
"TGCCCATAGGATGGAA-1",1
"TGCCCATAGTACGCCC-1",9
"TGCCCATAGTTGAGTA-1",0
"TGCCCATCACCAGGTC-1",3
"TGCCCATCACGAAATA-1",5
"TGCCCATCAGGACGTA-1",0
"TGCCCATCATGGAATA-1",1
"TGCCCATCATGGATGG-1",5
"TGCCCATGTAGCCTCG-1",1
"TGCCCATTCAAACCGT-1",2
"TGCCCATTCAGGCCCA-1",2
"TGCCCATTCCTTCAAT-1",0
"TGCCCATTCGGAAATA-1",0
"TGCCCTAAGGTCGGAT-1",2
"TGCCCTAAGGTTCCTA-1",8
"TGCCCTACACCACCAG-1",2
"TGCCCTACAGCCACCA-1",1
"TGCCCTACAGTGAGTG-1",3
"TGCCCTAGTCCGAGTC-1",3
"TGCCCTAGTGGTTTCA-1",2
"TGCCCTAGTTTCGCTC-1",4
"TGCCCTATCGACGGAA-1",1
"TGCCCTATCTTCGGTC-1",0
"TGCGCAGAGACTAGGC-1",8
"TGCGCAGAGCACACAG-1",2
"TGCGCAGAGCGTCTAT-1",1
"TGCGCAGAGGAGCGAG-1",0
"TGCGCAGCAAACGTGG-1",10
"TGCGCAGCAGCTCGCA-1",1
"TGCGCAGCAGTAGAGC-1",1
"TGCGCAGTCCTACAGA-1",4
"TGCGGGTAGAGACTTA-1",14
"TGCGGGTAGATCGATA-1",0
"TGCGGGTAGCTCTCGG-1",0
"TGCGGGTAGGTGTGGT-1",1
"TGCGGGTAGTACTTGC-1",0
"TGCGGGTCAATGGAAT-1",5
"TGCGGGTCACACGCTG-1",4
"TGCGGGTCATTGGGCC-1",1
"TGCGGGTGTAGAAAGG-1",3
"TGCGGGTGTCACCTAA-1",0
"TGCGGGTGTCAGATAA-1",3
"TGCGGGTGTTAGAACA-1",0
"TGCGGGTTCAGTTCGA-1",3
"TGCGGGTTCGTAGATC-1",6
"TGCGGGTTCTCTTGAT-1",1
"TGCGTGGAGACGCAAC-1",1
"TGCGTGGAGACTGGGT-1",2
"TGCGTGGAGTGAACGC-1",3
"TGCGTGGCAATTCCTT-1",1
"TGCGTGGGTGCACCAC-1",1
"TGCGTGGTCCGCGCAA-1",0
"TGCGTGGTCGCCCTTA-1",3
"TGCGTGGTCTGGCGAC-1",1
"TGCTACCAGAAAGTGG-1",4
"TGCTACCAGATGGCGT-1",4
"TGCTACCAGCAAATCA-1",1
"TGCTACCAGTCCGTAT-1",0
"TGCTACCCAAGAGGCT-1",4
"TGCTACCCACTTAACG-1",1
"TGCTACCCATCGTCGG-1",6
"TGCTACCCATGGTTGT-1",1
"TGCTACCGTGTGACGA-1",6
"TGCTACCTCCTCGCAT-1",8
"TGCTACCTCTTCTGGC-1",3
"TGCTGCTAGACTAAGT-1",0
"TGCTGCTAGGTGATAT-1",4
"TGCTGCTCAATAGAGT-1",2
"TGCTGCTCACAGACAG-1",2
"TGCTGCTCATCCCATC-1",0
"TGCTGCTCATGGTTGT-1",7
"TGCTGCTGTCATACTG-1",0
"TGCTGCTGTGAAGGCT-1",2
"TGCTGCTTCATTGCGA-1",3
"TGGACGCAGAGGTACC-1",1
"TGGACGCAGTCAAGGC-1",0
"TGGACGCCACAGAGGT-1",1
"TGGACGCCATGGTAGG-1",3
"TGGACGCGTCCGAACC-1",2
"TGGACGCGTCTCCCTA-1",0
"TGGCCAGAGAAGGTGA-1",3
"TGGCCAGAGAGTACAT-1",0
"TGGCCAGAGGCGATAC-1",16
"TGGCCAGAGGCGTACA-1",2
"TGGCCAGCAACTGCGC-1",1
"TGGCCAGCACGACTCG-1",1
"TGGCCAGGTCAATACC-1",6
"TGGCCAGTCGTAGATC-1",1
"TGGCCAGTCTATCCCG-1",1
"TGGCGCAAGCTACCTA-1",0
"TGGCGCAAGCTATGCT-1",2
"TGGCGCAAGTGTGGCA-1",0
"TGGCGCAAGTTACCCA-1",3
"TGGCGCACACAGGCCT-1",2
"TGGCGCACACGGATAG-1",1
"TGGCGCACAGCGATCC-1",1
"TGGCGCACATAGGATA-1",1
"TGGCGCACATATACGC-1",4
"TGGCGCAGTACTCTCC-1",4
"TGGCGCAGTGGACGAT-1",10
"TGGCGCAGTTATGTGC-1",4
"TGGCGCATCAAGAAGT-1",1
"TGGCGCATCATGCTCC-1",0
"TGGCGCATCATGTGGT-1",0
"TGGCGCATCATTATCC-1",3
"TGGCGCATCGTGGTCG-1",2
"TGGCTGGAGCGGATCA-1",2
"TGGCTGGAGTGCAAGC-1",1
"TGGCTGGCAAGTTAAG-1",0
"TGGCTGGCACGGATAG-1",1
"TGGCTGGCAGGAACGT-1",3
"TGGCTGGGTCGAGTTT-1",1
"TGGCTGGGTCGGCATC-1",2
"TGGCTGGGTCTAGCCG-1",4
"TGGCTGGGTTACGCGC-1",0
"TGGCTGGGTTGGACCC-1",1
"TGGCTGGTCTCGTTTA-1",0
"TGGGAAGAGATATACG-1",2
"TGGGAAGAGCCCAATT-1",2
"TGGGAAGAGCGCTCCA-1",2
"TGGGAAGAGGGCTTCC-1",2
"TGGGAAGAGTAAGTAC-1",13
"TGGGAAGAGTTAACGA-1",1
"TGGGAAGCAAGGTGTG-1",2
"TGGGAAGCAGATCCAT-1",3
"TGGGAAGCAGCGAACA-1",3
"TGGGAAGGTAAGTTCC-1",0
"TGGGAAGGTTAGATGA-1",3
"TGGGAAGGTTATTCTC-1",4
"TGGGAAGTCCCAAGAT-1",0
"TGGGAAGTCCTTCAAT-1",2
"TGGGAAGTCGTGGACC-1",1
"TGGGAAGTCTCCTATA-1",5
"TGGGCGTAGTCTCCTC-1",4
"TGGGCGTCAGACGTAG-1",0
"TGGGCGTCAGGGATTG-1",2
"TGGGCGTGTCCAAGTT-1",2
"TGGGCGTGTCTAGAGG-1",1
"TGGGCGTGTGGCTCCA-1",1
"TGGGCGTGTTTCGCTC-1",3
"TGGGCGTTCAGCTTAG-1",2
"TGGTTAGAGCTACCTA-1",1
"TGGTTAGAGTTAGGTA-1",3
"TGGTTAGGTGATGATA-1",1
"TGGTTAGGTTCACGGC-1",2
"TGGTTAGTCCCGACTT-1",0
"TGGTTAGTCTTGTATC-1",5
"TGGTTCCAGCCGTCGT-1",3
"TGGTTCCAGTAATCCC-1",0
"TGGTTCCCAAGTTGTC-1",1
"TGGTTCCCAGACAAAT-1",2
"TGGTTCCCAGACAGGT-1",5
"TGGTTCCCAGCTCGAC-1",0
"TGGTTCCCATGTCCTC-1",0
"TGGTTCCCATTTCACT-1",0
"TGGTTCCGTCCAAGTT-1",1
"TGGTTCCTCACATACG-1",2
"TGGTTCCTCAGCTTAG-1",2
"TGGTTCCTCTAACTTC-1",1
"TGGTTCCTCTAGAGTC-1",0
"TGGTTCCTCTGGGCCA-1",0
"TGTATTCAGCCCGAAA-1",1
"TGTATTCAGCGATCCC-1",1
"TGTATTCCAGGGCATA-1",2
"TGTATTCGTAAGAGAG-1",1
"TGTATTCGTTTGTTTC-1",1
"TGTATTCTCAGCATGT-1",0
"TGTATTCTCATCTGTT-1",2
"TGTCCCAAGCAGATCG-1",7
"TGTCCCAAGCTAGTTC-1",3
"TGTCCCAAGCTGAACG-1",2
"TGTCCCAAGTTGTCGT-1",3
"TGTCCCACAGTAAGCG-1",1
"TGTCCCACATCACGTA-1",3
"TGTCCCAGTAAGAGGA-1",5
"TGTCCCAGTAAGTGGC-1",2
"TGTCCCAGTCGGATCC-1",1
"TGTCCCAGTCTCTTTA-1",0
"TGTCCCATCATTTGGG-1",1
"TGTCCCATCTGCAAGT-1",2
"TGTCCCATCTGCGTAA-1",6
"TGTGGTAGTCCCGACA-1",5
"TGTGGTAGTGTGAAAT-1",3
"TGTGGTAGTGTGACGA-1",1
"TGTGGTATCCAGGGCT-1",0
"TGTGGTATCTTGCATT-1",2
"TGTGTTTAGAGGTTAT-1",6
"TGTGTTTAGCGTGAGT-1",2
"TGTGTTTAGTGCGTGA-1",2
"TGTGTTTCATGCGCAC-1",0
"TGTGTTTTCTCATTCA-1",2
"TGTGTTTTCTTTCCTC-1",4
"TGTTCCGAGAGCAATT-1",0
"TGTTCCGAGCAACGGT-1",3
"TGTTCCGAGGAATTAC-1",2
"TGTTCCGAGGACTGGT-1",5
"TGTTCCGCAGTGAGTG-1",5
"TGTTCCGGTGAGTATA-1",0
"TGTTCCGTCAAGCCTA-1",2
"TGTTCCGTCAGTTCGA-1",2
"TGTTCCGTCGGCGGTT-1",2
"TGTTCCGTCTGAAAGA-1",0
"TGTTCCGTCTGGTATG-1",0
"TTAACTCAGTGTACGG-1",4
"TTAACTCCAAGCGCTC-1",6
"TTAACTCCAGGCAGTA-1",0
"TTAACTCGTTCCACAA-1",1
"TTAACTCTCATAAAGG-1",5
"TTAACTCTCCCTCAGT-1",2
"TTAGGACAGCAGGCTA-1",4
"TTAGGACAGCTCTCGG-1",1
"TTAGGACCAAGCCATT-1",0
"TTAGGACCAGTCAGAG-1",0
"TTAGGACGTTTGTTTC-1",5
"TTAGGCAAGAAGATTC-1",2
"TTAGGCAAGAGCCCAA-1",3
"TTAGGCAAGAGTGACC-1",1
"TTAGGCAAGGTTCCTA-1",2
"TTAGGCAAGTCGTTTG-1",0
"TTAGGCAAGTGTACCT-1",16
"TTAGGCACAGACGCTC-1",0
"TTAGGCACATGTTCCC-1",4
"TTAGGCAGTAAGGATT-1",2
"TTAGGCAGTAAGTAGT-1",2
"TTAGGCAGTCTTGATG-1",1
"TTAGGCATCACGCATA-1",2
"TTAGGCATCAGTCAGT-1",34
"TTAGGCATCCAGTATG-1",0
"TTAGGCATCGTTACGA-1",2
"TTAGTTCAGGTGCAAC-1",3
"TTAGTTCCAATGTAAG-1",11
"TTAGTTCCATCCTTGC-1",7
"TTAGTTCGTAGCCTAT-1",3
"TTAGTTCGTGCAGACA-1",1
"TTAGTTCGTGTCAATC-1",1
"TTAGTTCGTTGCCTCT-1",5
"TTAGTTCTCAGGCCCA-1",0
"TTAGTTCTCGCAGGCT-1",7
"TTAGTTCTCTACTATC-1",1
"TTATGCTAGAATGTGT-1",1
"TTATGCTAGCACACAG-1",3
"TTATGCTAGCAGCCTC-1",5
"TTATGCTAGTCCCACG-1",3
"TTATGCTAGTGGTAAT-1",1
"TTATGCTCAGCCAGAA-1",3
"TTATGCTCATACCATG-1",2
"TTATGCTCATGTAGTC-1",3
"TTATGCTGTCCGAGTC-1",0
"TTATGCTTCGATAGAA-1",2
"TTCCCAGAGAATTCCC-1",3
"TTCCCAGAGACTAGAT-1",3
"TTCCCAGAGTATCGAA-1",2
"TTCCCAGCAGATGGGT-1",2
"TTCCCAGCATCAGTAC-1",1
"TTCCCAGCATCTCCCA-1",0
"TTCCCAGCATTACCTT-1",2
"TTCCCAGTCAACACTG-1",2
"TTCCCAGTCGAGAGCA-1",13
"TTCGAAGAGTCTCAAC-1",0
"TTCGAAGCAAGCGCTC-1",2
"TTCGAAGCACATTAGC-1",3
"TTCGAAGCACGGTGTC-1",1
"TTCGGTCAGAGGACGG-1",1
"TTCGGTCAGCACACAG-1",2
"TTCGGTCAGGCCCTCA-1",6
"TTCGGTCAGTGAATTG-1",0
"TTCGGTCAGTTGAGAT-1",20
"TTCGGTCCAAGGGTCA-1",4
"TTCGGTCCACGTCAGC-1",3
"TTCGGTCGTAACGTTC-1",1
"TTCGGTCGTAGAGTGC-1",1
"TTCGGTCGTTCATGGT-1",1
"TTCGGTCGTTCTGTTT-1",1
"TTCGGTCTCAAAGACA-1",2
"TTCGGTCTCCAGTATG-1",2
"TTCGGTCTCGCGTTTC-1",4
"TTCGGTCTCGTCTGAA-1",0
"TTCTACAAGACTAAGT-1",14
"TTCTACAAGCAGCCTC-1",1
"TTCTACAAGCCTTGAT-1",0
"TTCTACAAGGCAGGTT-1",2
"TTCTACAAGGTAAACT-1",3
"TTCTACAAGTTAGGTA-1",1
"TTCTACACACGTGAGA-1",1
"TTCTACACAGCTGTTA-1",1
"TTCTACACATCGATTG-1",2
"TTCTACACATTACGAC-1",4
"TTCTACAGTACCGTTA-1",4
"TTCTACAGTATATGAG-1",4
"TTCTACAGTGGCTCCA-1",4
"TTCTACATCAACGGGA-1",2
"TTCTACATCCGCGTTT-1",0
"TTCTCAAAGAAAGTGG-1",2
"TTCTCAAAGAATCTCC-1",8
"TTCTCAAAGAGGTTAT-1",10
"TTCTCAAAGCAGCCTC-1",2
"TTCTCAAAGCCGCCTA-1",0
"TTCTCAAAGTCAATAG-1",4
"TTCTCAAAGTTGAGAT-1",11
"TTCTCAACACCCAGTG-1",3
"TTCTCAACATTGTGCA-1",4
"TTCTCAAGTATAAACG-1",2
"TTCTCAAGTCCCTTGT-1",4
"TTCTCAAGTCGAGATG-1",2
"TTCTCAATCATCGCTC-1",2
"TTCTCAATCCCTAACC-1",5
"TTCTCAATCGTAGGAG-1",0
"TTCTCCTAGAGTAAGG-1",0
"TTCTCCTAGCGACGTA-1",7
"TTCTCCTAGCGTGAGT-1",3
"TTCTCCTAGTCTCGGC-1",2
"TTCTCCTCAACACGCC-1",1
"TTCTCCTCAATAACGA-1",5
"TTCTCCTGTTAAGAAC-1",0
"TTCTCCTTCAGTTCGA-1",3
"TTCTCCTTCCGTAGGC-1",13
"TTCTCCTTCCTTTCTC-1",4
"TTCTCCTTCTGCAAGT-1",3
"TTCTCCTTCTTCAACT-1",0
"TTCTCCTTCTTGTACT-1",3
"TTCTTAGAGGACTGGT-1",2
"TTCTTAGCAAGGTGTG-1",2
"TTCTTAGCATCGGAAG-1",4
"TTCTTAGGTAGAAGGA-1",0
"TTCTTAGGTCATATGC-1",0
"TTCTTAGTCAGTTCGA-1",1
"TTGAACGGTCACTTCC-1",2
"TTGAACGTCATGTCCC-1",4
"TTGACTTAGCCACGTC-1",0
"TTGACTTAGCGACGTA-1",5
"TTGACTTAGTTAACGA-1",0
"TTGACTTCACTTACGA-1",0
"TTGACTTGTCTCTCTG-1",1
"TTGACTTGTGCGATAG-1",4
"TTGACTTTCCAGAGGA-1",2
"TTGACTTTCTGTCCGT-1",1
"TTGCCGTAGGAGCGTT-1",0
"TTGCCGTAGGTGGGTT-1",2
"TTGCCGTCATGGTCAT-1",1
"TTGCCGTGTACAGACG-1",1
"TTGCGTCAGACAGAGA-1",2
"TTGCGTCAGCTCCTTC-1",1
"TTGCGTCAGTCCATAC-1",2
"TTGCGTCAGTGAATTG-1",2
"TTGCGTCCAAATTGCC-1",1
"TTGCGTCCACTGTGTA-1",3
"TTGCGTCCAGTCACTA-1",3
"TTGCGTCGTCTGATTG-1",3
"TTGGAACAGCCCAATT-1",4
"TTGGAACAGCGTCTAT-1",8
"TTGGAACAGGCGTACA-1",2
"TTGGAACGTATTACCG-1",7
"TTGGAACGTGTGTGCC-1",6
"TTGGAACTCCCATTAT-1",0
"TTGGAACTCCGTAGTA-1",2
"TTGGAACTCGTCCAGG-1",0
"TTGGCAAAGTTAGGTA-1",1
"TTGGCAAGTATAGGTA-1",4
"TTGGCAATCACATGCA-1",1
"TTGGCAATCAGAGCTT-1",3
"TTGGCAATCGCATGAT-1",1
"TTGGCAATCTAGAGTC-1",3
"TTGTAGGAGGTGCTAG-1",5
"TTGTAGGCACACGCTG-1",4
"TTGTAGGGTCTCCCTA-1",0
"TTGTAGGGTGGTAACG-1",1
"TTGTAGGTCGGCGCTA-1",1
"TTGTAGGTCTGCCAGG-1",2
"TTTACTGAGATCACGG-1",1
"TTTACTGCAAAGCAAT-1",0
"TTTACTGCACATGGGA-1",1
"TTTACTGCACCACGTG-1",3
"TTTACTGCATGGGACA-1",1
"TTTACTGCATGTCCTC-1",0
"TTTACTGGTAACGTTC-1",1
"TTTACTGGTGGTGTAG-1",0
"TTTACTGGTTCGCTAA-1",2
"TTTACTGTCTGGAGCC-1",6
"TTTATGCAGACTGTAA-1",0
"TTTATGCAGATGCGAC-1",1
"TTTATGCAGGCAAAGA-1",5
"TTTATGCAGGCCCGTT-1",3
"TTTATGCAGTTCCACA-1",2
"TTTATGCCAAACGCGA-1",2
"TTTATGCCAATCTGCA-1",1
"TTTATGCCACAGGTTT-1",9
"TTTATGCCAGCCAATT-1",0
"TTTATGCCAGGTCGTC-1",6
"TTTATGCCATGGTCAT-1",1
"TTTATGCTCACATAGC-1",2
"TTTATGCTCACCTTAT-1",1
"TTTATGCTCGGCGGTT-1",1
"TTTATGCTCTCGCTTG-1",4
"TTTCCTCAGCGTGAAC-1",3
"TTTCCTCAGGACTGGT-1",5
"TTTCCTCCAAAGTGCG-1",1
"TTTCCTCCAGGAATGC-1",3
"TTTCCTCCATTAGCCA-1",1
"TTTCCTCGTCCGAAGA-1",5
"TTTCCTCGTCGCTTTC-1",0
"TTTCCTCTCGGCCGAT-1",1
"TTTCCTCTCGTGTAGT-1",4
"TTTGCGCAGCTAAACA-1",2
"TTTGCGCAGCTAGTCT-1",3
"TTTGCGCAGGCCGAAT-1",2
"TTTGCGCAGTCAAGGC-1",0
"TTTGCGCCAAGTAGTA-1",1
"TTTGCGCCAGGTGCCT-1",4
"TTTGCGCGTCTAAACC-1",1
"TTTGCGCTCAAAGTAG-1",2
"TTTGCGCTCATGTAGC-1",10
"TTTGGTTAGAATGTGT-1",2
"TTTGGTTAGACAATAC-1",4
"TTTGGTTAGCGATTCT-1",6
"TTTGGTTAGGCTCAGA-1",1
"TTTGGTTAGTTACCCA-1",2
"TTTGGTTCAAACTGCT-1",4
"TTTGGTTCAAGCTGTT-1",9
"TTTGGTTCAGATCGGA-1",0
"TTTGGTTCATCACAAC-1",4
"TTTGGTTGTACTTCTT-1",5
"TTTGGTTGTATGCTTG-1",1
"TTTGGTTGTGCTTCTC-1",1
"TTTGGTTTCATGCTCC-1",4
"TTTGGTTTCCCTGACT-1",1
"TTTGTCAAGAGTCGGT-1",2
"TTTGTCACAAGTTCTG-1",2
"TTTGTCACAAGTTGTC-1",0
"TTTGTCACACTCTGTC-1",3
"TTTGTCATCACCTTAT-1",0
"TTTGTCATCCATTCTA-1",4
"TTTGTCATCCTTAATC-1",0
"TTTGTCATCTTATCTG-1",3
