"cell_barcode","expression"
"AAACCTGAGACAGAGA-1",3
"AAACCTGAGACTTTCG-1",2
"AAACCTGAGAGTAAGG-1",1
"AAACCTGAGAGTCGGT-1",2
"AAACCTGAGGATGGAA-1",3
"AAACCTGAGTAGATGT-1",2
"AAACCTGCAATCAGAA-1",0
"AAACCTGCACCGATAT-1",2
"AAACCTGCAGACGTAG-1",2
"AAACCTGCAGTATCTG-1",4
"AAACCTGCATAGTAAG-1",2
"AAACCTGCATGAACCT-1",0
"AAACCTGGTAAGAGGA-1",3
"AAACCTGGTCCAACTA-1",17
"AAACCTGTCCGTAGTA-1",25
"AAACCTGTCGAGAGCA-1",5
"AAACGGGAGTACGACG-1",0
"AAACGGGCAAGGTTTC-1",2
"AAACGGGCACGTCAGC-1",3
"AAACGGGCAGCGTTCG-1",1
"AAACGGGGTAGCCTCG-1",6
"AAACGGGGTCTACCTC-1",13
"AAACGGGGTGCGGTAA-1",1
"AAACGGGGTTGTCGCG-1",2
"AAACGGGTCCATGAGT-1",6
"AAACGGGTCCCAACGG-1",5
"AAACGGGTCCCATTAT-1",3
"AAAGATGCAGTCAGCC-1",0
"AAAGATGCATCTACGA-1",1
"AAAGCAAAGCGTCTAT-1",1
"AAAGCAACATGTCGAT-1",2
"AAAGCAAGTAGCTGCC-1",0
"AAAGCAAGTAGGCATG-1",4
"AAAGCAAGTGCGCTTG-1",0
"AAAGCAAGTTATTCTC-1",1
"AAAGCAATCCGTAGTA-1",2
"AAAGTAGAGATGTGTA-1",1
"AAAGTAGAGTGGGCTA-1",3
"AAAGTAGGTATATGGA-1",8
"AAAGTAGGTGAGCGAT-1",0
"AAAGTAGGTTGAGGTG-1",1
"AAATGCCAGCCCTAAT-1",4
"AAATGCCAGCGTGTCC-1",0
"AAATGCCCAACACCTA-1",1
"AAATGCCGTAGGAGTC-1",4
"AAATGCCGTCTTTCAT-1",0
"AAATGCCGTGGTCCGT-1",0
"AAATGCCGTTCCCGAG-1",3
"AAATGCCTCATAGCAC-1",2
"AAATGCCTCGCTTAGA-1",0
"AACACGTAGAATTCCC-1",13
"AACACGTAGCCCTAAT-1",2
"AACACGTAGGGTGTGT-1",2
"AACACGTCACTGTCGG-1",4
"AACACGTCATCCCATC-1",1
"AACACGTGTGCAACGA-1",3
"AACACGTGTGTCGCTG-1",4
"AACCATGAGCGCTTAT-1",2
"AACCATGGTCCGTTAA-1",1
"AACCATGTCAGTTCGA-1",2
"AACCATGTCATCGATG-1",2
"AACCATGTCCCAAGTA-1",0
"AACCGCGAGAAGCCCA-1",2
"AACCGCGAGACTGGGT-1",1
"AACCGCGAGAGGTACC-1",0
"AACCGCGAGTTAGGTA-1",8
"AACCGCGAGTTGCAGG-1",1
"AACCGCGCACGGTAGA-1",2
"AACCGCGCAGCATGAG-1",1
"AACCGCGCAGCCTGTG-1",0
"AACCGCGCAGCTGTGC-1",1
"AACCGCGCAGTATGCT-1",6
"AACCGCGGTACTTGAC-1",2
"AACCGCGGTCTGCAAT-1",6
"AACCGCGTCACATGCA-1",3
"AACCGCGTCACCGTAA-1",2
"AACCGCGTCCAGAGGA-1",1
"AACCGCGTCCGAAGAG-1",0
"AACCGCGTCGATCCCT-1",1
"AACGTTGAGCGATAGC-1",6
"AACGTTGAGCGATCCC-1",0
"AACGTTGAGCTTATCG-1",2
"AACGTTGCAAGTTGTC-1",2
"AACGTTGCAATAGAGT-1",16
"AACGTTGCAATGGATA-1",3
"AACGTTGCATGGATGG-1",2
"AACGTTGCATTCTCAT-1",2
"AACGTTGTCAACACGT-1",9
"AACGTTGTCGAGGTAG-1",4
"AACGTTGTCGGTCCGA-1",1
"AACTCAGAGAGCTATA-1",3
"AACTCAGAGAGTCGGT-1",3
"AACTCAGAGCCACCTG-1",0
"AACTCAGAGCCCAATT-1",3
"AACTCAGCAAACAACA-1",4
"AACTCAGCACAAGCCC-1",2
"AACTCAGCACGGTTTA-1",4
"AACTCAGCAGGATCGA-1",4
"AACTCAGCATAAAGGT-1",2
"AACTCAGGTTCCACAA-1",6
"AACTCAGTCGTACCGG-1",1
"AACTCCCAGCCCAGCT-1",3
"AACTCCCAGCTAAGAT-1",2
"AACTCCCCAAACGCGA-1",1
"AACTCCCCATGGTCTA-1",3
"AACTCCCGTTGCGCAC-1",2
"AACTCCCTCAAGAAGT-1",5
"AACTCCCTCAAGCCTA-1",1
"AACTCCCTCATCGCTC-1",1
"AACTCCCTCTGCAGTA-1",3
"AACTCCCTCTGGCGTG-1",3
"AACTCTTAGCAGACTG-1",2
"AACTCTTAGTCCGGTC-1",0
"AACTCTTCATGCTAGT-1",1
"AACTCTTGTCGAATCT-1",4
"AACTCTTGTCGGGTCT-1",3
"AACTCTTTCCTCAATT-1",1
"AACTCTTTCTCAAACG-1",1
"AACTCTTTCTCCAGGG-1",3
"AACTCTTTCTCTGCTG-1",2
"AACTGGTAGAAGATTC-1",2
"AACTGGTAGAGACTAT-1",1
"AACTGGTAGCCAACAG-1",1
"AACTGGTAGTGTACTC-1",1
"AACTGGTCACTGAAGG-1",0
"AACTGGTGTCCGAACC-1",4
"AACTGGTTCGGAGCAA-1",5
"AACTGGTTCGTGGGAA-1",1
"AACTGGTTCTGCTTGC-1",1
"AACTTTCAGCGTGAAC-1",2
"AACTTTCAGTATCTCG-1",1
"AACTTTCAGTTTCCTT-1",0
"AACTTTCCATCCTTGC-1",1
"AACTTTCGTCTAGAGG-1",2
"AACTTTCGTCTCTTTA-1",2
"AACTTTCGTTTGTTTC-1",1
"AAGACCTAGGGCTTCC-1",0
"AAGACCTAGTACACCT-1",2
"AAGACCTGTATATGAG-1",4
"AAGACCTGTATCAGTC-1",2
"AAGACCTGTCCGTGAC-1",1
"AAGACCTGTCGAAAGC-1",0
"AAGACCTTCGCCATAA-1",0
"AAGCCGCAGATCTGAA-1",1
"AAGCCGCAGGGTGTTG-1",0
"AAGCCGCAGTGGACGT-1",0
"AAGCCGCAGTGTACTC-1",1
"AAGCCGCCACGCTTTC-1",6
"AAGCCGCCAGGACGTA-1",1
"AAGCCGCGTACAGTTC-1",3
"AAGCCGCGTCATTAGC-1",1
"AAGCCGCTCACGAAGG-1",5
"AAGCCGCTCAGTTAGC-1",0
"AAGCCGCTCGCAAACT-1",0
"AAGCCGCTCGTCGTTC-1",12
"AAGCCGCTCTTACCGC-1",2
"AAGGAGCAGAAACCGC-1",2
"AAGGAGCAGGCATGTG-1",3
"AAGGAGCAGGCGCTCT-1",0
"AAGGAGCAGTTGAGTA-1",3
"AAGGAGCCACGGCGTT-1",2
"AAGGAGCGTAGCGCAA-1",5
"AAGGAGCGTCTGCAAT-1",4
"AAGGAGCTCGTCTGCT-1",3
"AAGGCAGAGAACTGTA-1",7
"AAGGCAGAGAGATGAG-1",1
"AAGGCAGAGGTGATAT-1",1
"AAGGCAGCATAGTAAG-1",1
"AAGGCAGGTACTTCTT-1",21
"AAGGCAGGTGTGCCTG-1",0
"AAGGCAGTCAGATAAG-1",2
"AAGGCAGTCGGAATCT-1",7
"AAGGTTCAGTATCTCG-1",3
"AAGGTTCCATCACGTA-1",12
"AAGGTTCGTATATGGA-1",3
"AAGGTTCGTCCGAATT-1",2
"AAGGTTCGTCGACTAT-1",1
"AAGGTTCGTGTGACCC-1",1
"AAGGTTCTCCGTCATC-1",1
"AAGGTTCTCCTCGCAT-1",2
"AAGGTTCTCTGCGGCA-1",4
"AAGTCTGAGCCATCGC-1",3
"AAGTCTGAGTCAAGCG-1",3
"AAGTCTGCAAAGGAAG-1",9
"AAGTCTGGTCAGCTAT-1",1
"AAGTCTGTCAAACAAG-1",3
"AAGTCTGTCACTGGGC-1",3
"AAGTCTGTCAGCAACT-1",2
"AATCCAGCAAAGTGCG-1",2
"AATCCAGCAGCATACT-1",4
"AATCCAGGTAGGCATG-1",2
"AATCCAGGTCTCCCTA-1",1
"AATCCAGTCCGAATGT-1",12
"AATCGGTAGGCATGGT-1",0
"AATCGGTTCCTGTACC-1",0
"AATCGGTTCGCCGTGA-1",15
"ACACCAAAGATGAGAG-1",1
"ACACCAAAGCCCTAAT-1",0
"ACACCAAAGGATGGTC-1",1
"ACACCAAAGTGTCCAT-1",2
"ACACCAACACTTCGAA-1",1
"ACACCAACAGACGCTC-1",2
"ACACCAACAGCCTATA-1",9
"ACACCAAGTCGCGTGT-1",0
"ACACCAAGTCTAAACC-1",0
"ACACCAAGTTATGTGC-1",2
"ACACCAATCGCGTTTC-1",2
"ACACCCTAGCCAGGAT-1",5
"ACACCCTAGTACTTGC-1",10
"ACACCCTCAAGCGCTC-1",2
"ACACCCTCATCACAAC-1",3
"ACACCCTCATGCCCGA-1",1
"ACACCCTGTCTGGTCG-1",1
"ACACCCTTCCGCAAGC-1",5
"ACACCCTTCCTTGCCA-1",0
"ACACCCTTCTATCCTA-1",1
"ACACCCTTCTGGCGTG-1",1
"ACACCGGAGGCTCAGA-1",2
"ACACCGGAGTGACATA-1",4
"ACACCGGAGTTACCCA-1",2
"ACACCGGCAAGCCGTC-1",0
"ACACCGGCACCAGATT-1",10
"ACACCGGCACCGAAAG-1",1
"ACACCGGCATCACAAC-1",1
"ACACCGGTCCGCATAA-1",2
"ACACCGGTCTCGGACG-1",1
"ACACCGGTCTCTGTCG-1",2
"ACACTGAAGCACGCCT-1",2
"ACACTGAAGGTGATTA-1",0
"ACACTGACAATAGAGT-1",2
"ACACTGACAGACTCGC-1",11
"ACACTGACATCCAACA-1",3
"ACACTGAGTCCGAAGA-1",4
"ACACTGAGTGTTTGTG-1",0
"ACACTGAGTTTGACTG-1",5
"ACAGCCGAGGAATGGA-1",1
"ACAGCCGAGGCCCGTT-1",3
"ACAGCCGAGGTGCTTT-1",6
"ACAGCCGAGTGGTAGC-1",1
"ACAGCCGCATATACGC-1",2
"ACAGCCGCATGCAACT-1",1
"ACAGCCGGTAGGGTAC-1",1
"ACAGCCGGTCGAATCT-1",4
"ACAGCCGGTTCACCTC-1",1
"ACAGCCGGTTCCACTC-1",1
"ACAGCCGTCCAGAAGG-1",3
"ACAGCCGTCTTTACAC-1",2
"ACAGCTAAGCACCGCT-1",0
"ACAGCTAAGTATCTCG-1",2
"ACAGCTAAGTGTTGAA-1",0
"ACAGCTACATCGTCGG-1",3
"ACAGCTAGTCGACTAT-1",1
"ACAGCTAGTGGTACAG-1",0
"ACAGCTATCACCACCT-1",3
"ACAGCTATCTGCTTGC-1",1
"ACATACGAGAGCTTCT-1",1
"ACATACGAGCGTAGTG-1",4
"ACATACGAGCTTCGCG-1",4
"ACATACGAGCTTTGGT-1",0
"ACATACGCAAACGTGG-1",11
"ACATACGCAAGCCTAT-1",1
"ACATACGCATCTCCCA-1",1
"ACATACGCATTCTCAT-1",3
"ACATACGGTAGGAGTC-1",0
"ACATACGGTGCACCAC-1",12
"ACATACGGTGGTTTCA-1",1
"ACATACGTCGTATCAG-1",2
"ACATCAGAGCCACTAT-1",1
"ACATCAGAGCCTTGAT-1",1
"ACATCAGCAACACCCG-1",6
"ACATCAGCAACGATGG-1",12
"ACATCAGCAATTGCTG-1",4
"ACATCAGCACCGGAAA-1",4
"ACATCAGCATAAAGGT-1",2
"ACATCAGCATCCCACT-1",2
"ACATCAGCATTTGCCC-1",8
"ACATCAGGTAAGGATT-1",1
"ACATCAGGTCCGTGAC-1",6
"ACATCAGGTTAAGTAG-1",1
"ACATCAGTCAAACCGT-1",4
"ACATGGTAGCATGGCA-1",1
"ACATGGTAGCTGTTCA-1",2
"ACATGGTCACTTGGAT-1",1
"ACATGGTGTCAGATAA-1",2
"ACATGGTGTCTGCGGT-1",0
"ACATGGTGTGCAACTT-1",1
"ACATGGTTCCGCAAGC-1",1
"ACATGGTTCCTCCTAG-1",4
"ACATGGTTCTGGAGCC-1",1
"ACATGGTTCTTCTGGC-1",1
"ACCAGTAAGATCACGG-1",1
"ACCAGTAAGCTTCGCG-1",0
"ACCAGTACACAGATTC-1",2
"ACCAGTACACAGGCCT-1",2
"ACCAGTACAGTATGCT-1",0
"ACCAGTACAGTCAGAG-1",9
"ACCAGTACAGTTTACG-1",0
"ACCAGTAGTCACCCAG-1",2
"ACCAGTAGTCCATCCT-1",3
"ACCAGTAGTCTTCAAG-1",0
"ACCAGTAGTGGACGAT-1",0
"ACCAGTATCTGCGACG-1",0
"ACCAGTATCTGCTTGC-1",1
"ACCAGTATCTGTTTGT-1",0
"ACCCACTAGAGGTTAT-1",2
"ACCCACTAGATCCCGC-1",13
"ACCCACTAGATGTGTA-1",1
"ACCCACTAGCCCAATT-1",3
"ACCCACTCAAGGGTCA-1",0
"ACCCACTCAAGGTTCT-1",2
"ACCCACTGTAAATGAC-1",2
"ACCCACTGTAGCCTCG-1",4
"ACCCACTGTCAAAGAT-1",2
"ACCCACTGTCAATACC-1",2
"ACCCACTGTGTGGTTT-1",1
"ACCCACTTCGCAAACT-1",2
"ACCCACTTCTGCCAGG-1",3
"ACCGTAACAATCGGTT-1",2
"ACCGTAACAATCTACG-1",1
"ACCGTAACAGGTCCAC-1",5
"ACCGTAAGTACAGCAG-1",0
"ACCGTAAGTCATGCAT-1",0
"ACCGTAAGTGAGTGAC-1",1
"ACCGTAAGTTAAGAAC-1",1
"ACCGTAAGTTCCGTCT-1",1
"ACCGTAATCACATAGC-1",1
"ACCGTAATCATGTGGT-1",1
"ACCGTAATCTGAAAGA-1",1
"ACCTTTACAATCGGTT-1",1
"ACCTTTACACGGACAA-1",0
"ACCTTTACAGCAGTTT-1",1
"ACCTTTACATGCAACT-1",0
"ACCTTTACATTTCAGG-1",4
"ACCTTTAGTGAACCTT-1",3
"ACCTTTAGTTCCACTC-1",3
"ACCTTTATCTCTAGGA-1",3
"ACGAGCCAGGCAGGTT-1",1
"ACGAGCCCACAGGCCT-1",2
"ACGAGCCCATGGAATA-1",1
"ACGAGCCGTGCACGAA-1",0
"ACGAGCCGTGTGACCC-1",0
"ACGAGCCGTTGGTTTG-1",0
"ACGAGCCTCAGTCCCT-1",2
"ACGAGCCTCGCAAACT-1",2
"ACGAGGACACTACAGT-1",4
"ACGAGGACATGTAGTC-1",10
"ACGAGGAGTACACCGC-1",1
"ACGAGGAGTGCCTGCA-1",1
"ACGAGGAGTTCTGAAC-1",2
"ACGAGGATCTGCGGCA-1",1
"ACGATACAGAGTGACC-1",1
"ACGATACAGCGCCTTG-1",1
"ACGATACAGTGATCGG-1",5
"ACGATACCACGTTGGC-1",1
"ACGATACCATTGGGCC-1",1
"ACGATACGTCGAATCT-1",2
"ACGATACTCTGACCTC-1",7
"ACGATGTAGTGCGATG-1",1
"ACGATGTAGTTGAGAT-1",2
"ACGATGTCAACGCACC-1",0
"ACGATGTCACACGCTG-1",3
"ACGATGTGTATTCTCT-1",9
"ACGATGTGTCAGTGGA-1",0
"ACGATGTGTGACTACT-1",0
"ACGATGTGTGTCGCTG-1",1
"ACGATGTTCGCGTAGC-1",2
"ACGATGTTCTCTTATG-1",1
"ACGCAGCAGCGGCTTC-1",0
"ACGCAGCAGCTGCGAA-1",2
"ACGCAGCAGTGTACGG-1",3
"ACGCAGCCACCTCGTT-1",1
"ACGCAGCCATCGACGC-1",5
"ACGCAGCCATTACCTT-1",2
"ACGCAGCGTCCATGAT-1",4
"ACGCAGCGTCTACCTC-1",3
"ACGCAGCGTCTGGTCG-1",4
"ACGCAGCGTGCGATAG-1",0
"ACGCCAGCAAAGCAAT-1",1
"ACGCCAGCAACGCACC-1",0
"ACGCCAGCACGAGAGT-1",2
"ACGCCAGCAGTGAGTG-1",0
"ACGCCAGGTGCACTTA-1",3
"ACGCCAGGTGTGCGTC-1",2
"ACGCCAGTCACAGGCC-1",7
"ACGCCAGTCAGTGTTG-1",1
"ACGCCGAAGAAACGCC-1",0
"ACGCCGAAGATCTGCT-1",0
"ACGCCGACAGCCTGTG-1",0
"ACGCCGAGTTCCAACA-1",2
"ACGCCGATCCTATGTT-1",1
"ACGCCGATCGCAGGCT-1",7
"ACGCCGATCTTGTATC-1",2
"ACGGAGAAGCCAGTTT-1",1
"ACGGAGAAGGTCATCT-1",0
"ACGGAGACACACATGT-1",12
"ACGGAGACAGCCTGTG-1",1
"ACGGAGACAGCGTAAG-1",0
"ACGGAGACAGTAAGCG-1",1
"ACGGAGAGTGTGACGA-1",9
"ACGGAGATCCACGAAT-1",0
"ACGGCCACACATCCAA-1",2
"ACGGCCACACATTCGA-1",10
"ACGGCCAGTACCGTAT-1",0
"ACGGCCAGTGTATGGG-1",4
"ACGGCCATCACGGTTA-1",1
"ACGGCCATCAGTGTTG-1",4
"ACGGCCATCTACTATC-1",6
"ACGGGCTAGGATCGCA-1",0
"ACGGGCTAGGTTCCTA-1",2
"ACGGGCTAGTGGCACA-1",7
"ACGGGCTCATCTGGTA-1",1
"ACGGGCTGTGAGGCTA-1",2
"ACGGGCTTCCGAACGC-1",1
"ACGGGTCAGATGCCAG-1",1
"ACGGGTCCATGATCCA-1",1
"ACGGGTCCATTAGGCT-1",4
"ACGGGTCCATTTCACT-1",3
"ACGGGTCGTTAGGGTG-1",0
"ACGGGTCTCAACACCA-1",4
"ACGGGTCTCCACGCAG-1",0
"ACGTCAAAGGGCTTCC-1",2
"ACGTCAAAGTGGTAAT-1",3
"ACGTCAACAACTGCGC-1",2
"ACGTCAACACAAGACG-1",2
"ACGTCAAGTAGCTCCG-1",4
"ACGTCAAGTGTCGCTG-1",3
"ACGTCAAGTTATGCGT-1",4
"ACGTCAATCAACCAAC-1",3
"ACGTCAATCATAACCG-1",0
"ACGTCAATCCAGAAGG-1",2
"ACGTCAATCTAACTCT-1",1
"ACTATCTAGAGGTTAT-1",0
"ACTATCTAGATACACA-1",0
"ACTATCTAGGAGTAGA-1",1
"ACTATCTAGGCATGTG-1",0
"ACTATCTCAAATACAG-1",0
"ACTATCTCAAATTGCC-1",3
"ACTATCTGTAGGGACT-1",3
"ACTATCTGTCGCGTGT-1",3
"ACTATCTGTGCACGAA-1",0
"ACTATCTGTGGTTTCA-1",3
"ACTATCTTCGCCGTGA-1",0
"ACTGAACAGAGTGAGA-1",1
"ACTGAACAGATCCCGC-1",0
"ACTGAACAGGTGATAT-1",1
"ACTGAACCAAAGCGGT-1",1
"ACTGAACCAAGCGAGT-1",1
"ACTGAACCAATTCCTT-1",3
"ACTGAACCAGCTGGCT-1",2
"ACTGAACCAGTCTTCC-1",3
"ACTGAACCATTACCTT-1",2
"ACTGAACGTAAGCACG-1",2
"ACTGAACGTAATCGTC-1",2
"ACTGAACGTCCAGTAT-1",2
"ACTGAACGTCTGATCA-1",1
"ACTGAACTCCCACTTG-1",4
"ACTGAGTAGCCGGTAA-1",2
"ACTGAGTCAGTGGGAT-1",9
"ACTGAGTCATTTGCCC-1",7
"ACTGAGTGTAGAGCTG-1",6
"ACTGAGTGTTGTGGCC-1",2
"ACTGAGTTCAGGTTCA-1",1
"ACTGATGAGACAGACC-1",0
"ACTGATGAGCGGATCA-1",0
"ACTGATGAGGTGCTTT-1",1
"ACTGATGCAGCAGTTT-1",3
"ACTGATGCATCACAAC-1",5
"ACTGATGGTCATGCAT-1",10
"ACTGATGTCACAATGC-1",1
"ACTGATGTCACTCCTG-1",0
"ACTGATGTCCCTGACT-1",0
"ACTGATGTCCGCTGTT-1",1
"ACTGATGTCCGGCACA-1",3
"ACTGATGTCCTATTCA-1",3
"ACTGCTCAGAGCTTCT-1",1
"ACTGCTCAGATGCCTT-1",1
"ACTGCTCCACACCGCA-1",6
"ACTGCTCCAGATGGGT-1",3
"ACTGCTCCATGCCTAA-1",1
"ACTGCTCGTAGGCATG-1",5
"ACTGCTCGTATCACCA-1",2
"ACTGCTCGTCCGAAGA-1",1
"ACTGCTCTCCGAGCCA-1",2
"ACTGTCCAGAGGGCTT-1",0
"ACTGTCCAGCAGCGTA-1",4
"ACTGTCCAGGCATGGT-1",1
"ACTGTCCCAAGGTTTC-1",4
"ACTGTCCCAAGTACCT-1",1
"ACTGTCCCAGTATCTG-1",1
"ACTGTCCCATAGAAAC-1",3
"ACTGTCCGTTGAGGTG-1",2
"ACTGTCCTCCACGTGG-1",2
"ACTGTCCTCCTTGGTC-1",1
"ACTGTCCTCTCTGTCG-1",1
"ACTTACTAGCGATAGC-1",1
"ACTTACTAGGGATGGG-1",0
"ACTTACTCACAGACAG-1",0
"ACTTACTCACATTTCT-1",3
"ACTTACTGTACTCAAC-1",3
"ACTTACTGTTCCACAA-1",1
"ACTTACTTCATCGGAT-1",3
"ACTTGTTAGACAAGCC-1",2
"ACTTGTTAGCTAGCCC-1",1
"ACTTGTTAGTTACCCA-1",5
"ACTTGTTCACGACGAA-1",0
"ACTTGTTCACGGCTAC-1",2
"ACTTGTTGTATCGCAT-1",1
"ACTTGTTGTGGTAACG-1",1
"ACTTGTTGTTGTGGAG-1",2
"ACTTGTTTCATCACCC-1",2
"ACTTTCACATGGTCAT-1",1
"ACTTTCAGTGACTACT-1",3
"ACTTTCATCGCCAGCA-1",2
"AGAATAGAGCTGAACG-1",1
"AGAATAGAGCTGTCTA-1",0
"AGAATAGAGGTAGCTG-1",0
"AGAATAGCATGGTCTA-1",4
"AGAATAGGTAATCGTC-1",3
"AGAATAGGTATTCTCT-1",1
"AGAATAGGTGCGGTAA-1",0
"AGAATAGGTTAAGAAC-1",1
"AGAATAGTCAGGCCCA-1",4
"AGACGTTAGAATGTGT-1",2
"AGACGTTAGCTCCTCT-1",2
"AGACGTTAGTGCCAGA-1",2
"AGACGTTCAGGATCGA-1",1
"AGACGTTGTAGCTGCC-1",0
"AGACGTTGTCTGCAAT-1",1
"AGACGTTGTTCTGTTT-1",4
"AGACGTTTCGCATGGC-1",7
"AGACGTTTCGCTTAGA-1",0
"AGAGCGACAACTTGAC-1",1
"AGAGCGACAAGTACCT-1",2
"AGAGCGACACAACGTT-1",10
"AGAGCGACATGAGCGA-1",1
"AGAGCGAGTCAGTGGA-1",1
"AGAGCGAGTCGACTGC-1",1
"AGAGCGAGTTGAGTTC-1",0
"AGAGCGATCGCGTAGC-1",2
"AGAGCGATCTATCCTA-1",2
"AGAGCGATCTCGCTTG-1",1
"AGAGCTTAGCCGTCGT-1",0
"AGAGCTTAGTACACCT-1",2
"AGAGCTTAGTCATGCT-1",3
"AGAGCTTGTAGAGCTG-1",1
"AGAGCTTGTATCACCA-1",3
"AGAGCTTTCACTATTC-1",6
"AGAGCTTTCCTGCAGG-1",1
"AGAGCTTTCGCAAACT-1",2
"AGAGCTTTCGCTTAGA-1",1
"AGAGTGGAGAGCCTAG-1",0
"AGAGTGGAGGCCCTTG-1",2
"AGAGTGGAGGTACTCT-1",1
"AGAGTGGCACAAGACG-1",1
"AGAGTGGCACCTCGTT-1",3
"AGAGTGGCATCCGGGT-1",5
"AGAGTGGCATCTGGTA-1",3
"AGAGTGGGTCAGCTAT-1",1
"AGAGTGGGTCCTCCAT-1",9
"AGAGTGGGTCTAGTCA-1",4
"AGAGTGGGTTACCGAT-1",2
"AGATCTGAGGTGGGTT-1",0
"AGATCTGAGTCAAGGC-1",0
"AGATCTGCAATGTTGC-1",1
"AGATCTGTCGAATCCA-1",0
"AGATCTGTCTGCAGTA-1",0
"AGATTGCAGGCTACGA-1",1
"AGATTGCCACGACGAA-1",3
"AGATTGCCAGATGGGT-1",3
"AGATTGCGTAGAGCTG-1",3
"AGATTGCGTGATGTCT-1",3
"AGATTGCGTGTTCGAT-1",2
"AGATTGCGTTCACGGC-1",1
"AGATTGCTCACTGGGC-1",4
"AGATTGCTCATCTGTT-1",0
"AGCAGCCAGCTGATAA-1",1
"AGCAGCCCACCGAAAG-1",1
"AGCAGCCGTCGACTGC-1",1
"AGCAGCCGTCGCTTTC-1",9
"AGCAGCCGTCTAACGT-1",3
"AGCAGCCGTGTGAAAT-1",1
"AGCAGCCGTTTGTTGG-1",1
"AGCAGCCTCCAAACAC-1",1
"AGCATACAGTGGTAGC-1",5
"AGCATACAGTTGTCGT-1",3
"AGCATACGTCTTCTCG-1",1
"AGCATACGTTAAGTAG-1",4
"AGCATACTCCGTTGCT-1",0
"AGCCTAAAGATATGGT-1",1
"AGCCTAACAAAGCGGT-1",3
"AGCCTAACAGATAATG-1",1
"AGCCTAAGTACGAAAT-1",2
"AGCCTAAGTCACCTAA-1",1
"AGCCTAAGTGTGCCTG-1",1
"AGCCTAATCACCCGAG-1",4
"AGCCTAATCCAATGGT-1",1
"AGCCTAATCCTTGGTC-1",3
"AGCCTAATCTGTGCAA-1",5
"AGCCTAATCTGTTTGT-1",5
"AGCGGTCAGCGAAGGG-1",2
"AGCGGTCAGGTACTCT-1",9
"AGCGGTCAGTGACTCT-1",10
"AGCGGTCCAGCCTTGG-1",1
"AGCGGTCGTCCTAGCG-1",2
"AGCGGTCGTGGTGTAG-1",1
"AGCGGTCGTTAAGGGC-1",5
"AGCGGTCGTTTGCATG-1",0
"AGCGGTCTCCGAAGAG-1",2
"AGCGGTCTCCTCAATT-1",6
"AGCGGTCTCTGGGCCA-1",1
"AGCGTATAGAACTGTA-1",1
"AGCGTATAGCGATGAC-1",0
"AGCGTATAGGTACTCT-1",1
"AGCGTATGTTGAGGTG-1",0
"AGCGTATTCCAGAGGA-1",0
"AGCGTCGAGTTGAGTA-1",0
"AGCGTCGCAGGGATTG-1",7
"AGCGTCGTCTGAAAGA-1",1
"AGCTCCTAGACCTAGG-1",0
"AGCTCCTAGCGTTTAC-1",5
"AGCTCCTGTGTTTGTG-1",0
"AGCTCCTGTTGTCTTT-1",1
"AGCTCCTTCCGAATGT-1",2
"AGCTCCTTCTTGACGA-1",3
"AGCTCTCAGCGGATCA-1",5
"AGCTCTCAGCTGTTCA-1",11
"AGCTCTCAGGTGCTAG-1",1
"AGCTCTCCATACAGCT-1",1
"AGCTCTCGTCAGAGGT-1",0
"AGCTCTCGTGGGTCAA-1",0
"AGCTCTCTCACAACGT-1",1
"AGCTCTCTCTTGACGA-1",5
"AGCTTGAAGCATCATC-1",2
"AGCTTGAAGTAGCGGT-1",3
"AGCTTGAAGTTGTCGT-1",1
"AGCTTGACAATCCAAC-1",0
"AGCTTGACACCGATAT-1",2
"AGCTTGAGTCTACCTC-1",1
"AGCTTGAGTGCGCTTG-1",3
"AGCTTGAGTTACGCGC-1",3
"AGCTTGATCCTGCCAT-1",2
"AGCTTGATCTGCAAGT-1",0
"AGGCCACAGAGTAAGG-1",2
"AGGCCACAGGGTCTCC-1",3
"AGGCCACAGTACTTGC-1",7
"AGGCCACCAGGACCCT-1",0
"AGGCCACCATCAGTCA-1",0
"AGGCCACTCATGCTCC-1",3
"AGGCCACTCATGGTCA-1",0
"AGGCCACTCATTGCGA-1",2
"AGGCCGTAGGATCGCA-1",1
"AGGCCGTCACGTAAGG-1",2
"AGGCCGTCAGCTCGAC-1",0
"AGGCCGTCATCGTCGG-1",1
"AGGCCGTTCACGGTTA-1",2
"AGGCCGTTCGAACTGT-1",55
"AGGCCGTTCTCAAGTG-1",0
"AGGCCGTTCTGCTTGC-1",0
"AGGGAGTAGCCCAACC-1",2
"AGGGAGTAGGAGTACC-1",4
"AGGGAGTAGGCAGGTT-1",9
"AGGGAGTCACGAGAGT-1",1
"AGGGAGTCAGAAGCAC-1",4
"AGGGAGTCAGATCCAT-1",3
"AGGGAGTCATCGACGC-1",2
"AGGGAGTCATGCTAGT-1",2
"AGGGAGTGTCCATGAT-1",1
"AGGGAGTTCATAACCG-1",1
"AGGGATGAGCTCTCGG-1",14
"AGGGATGAGGAGTAGA-1",2
"AGGGATGAGTAGCGGT-1",2
"AGGGATGCAATGAATG-1",0
"AGGGATGCAATGGAGC-1",5
"AGGGATGCACAAGACG-1",1
"AGGGATGCACATTTCT-1",4
"AGGGATGCATGGTCTA-1",1
"AGGGATGGTTAAAGTG-1",3
"AGGGATGGTTATGCGT-1",28
"AGGGATGTCGTGACAT-1",5
"AGGGTGAAGATGGCGT-1",6
"AGGGTGAAGATGGGTC-1",3
"AGGGTGAAGGCTCAGA-1",2
"AGGGTGACACGAGAGT-1",0
"AGGGTGACAGATGGCA-1",4
"AGGGTGACAGATTGCT-1",2
"AGGGTGAGTACTCTCC-1",2
"AGGGTGAGTTATCGGT-1",1
"AGGGTGAGTTCTGAAC-1",5
"AGGGTGATCTCGCTTG-1",2
"AGGTCATAGAGCCCAA-1",1
"AGGTCATAGCCAGAAC-1",5
"AGGTCATAGGCATGGT-1",1
"AGGTCATAGGGAGTAA-1",2
"AGGTCATCACTCAGGC-1",1
"AGGTCATCACTCTGTC-1",0
"AGGTCATGTTCCACTC-1",6
"AGGTCATTCTCGTTTA-1",3
"AGGTCCGAGGATGCGT-1",7
"AGGTCCGCAACACGCC-1",2
"AGGTCCGGTGATGCCC-1",1
"AGGTCCGTCCATGAAC-1",18
"AGGTCCGTCGCCCTTA-1",2
"AGGTCCGTCTGCGTAA-1",2
"AGTAGTCAGACTGTAA-1",4
"AGTAGTCAGTACGACG-1",1
"AGTAGTCAGTTTAGGA-1",0
"AGTAGTCCAACTGGCC-1",1
"AGTAGTCGTGCAGACA-1",16
"AGTAGTCTCACCCGAG-1",0
"AGTCTTTAGGCAGTCA-1",1
"AGTCTTTCAAATCCGT-1",0
"AGTCTTTCATATACCG-1",0
"AGTCTTTGTGCTTCTC-1",4
"AGTCTTTGTGTCCTCT-1",7
"AGTCTTTGTTTGTTTC-1",0
"AGTCTTTTCGCAGGCT-1",2
"AGTCTTTTCGCGTAGC-1",0
"AGTCTTTTCGCTAGCG-1",3
"AGTCTTTTCGCTTGTC-1",1
"AGTCTTTTCTGACCTC-1",1
"AGTGAGGAGATAGCAT-1",11
"AGTGAGGCAGGTGCCT-1",0
"AGTGAGGGTATGAAAC-1",4
"AGTGAGGGTCACTTCC-1",0
"AGTGAGGGTCGCGAAA-1",2
"AGTGAGGGTTATGTGC-1",1
"AGTGAGGTCTACTATC-1",6
"AGTGGGAAGCAGACTG-1",2
"AGTGGGACAAACGCGA-1",1
"AGTGGGACAAGCCGTC-1",0
"AGTGGGACACAGGAGT-1",0
"AGTGGGACACGAGAGT-1",2
"AGTGGGATCATCGATG-1",4
"AGTGGGATCCACGAAT-1",1
"AGTGGGATCCTGCAGG-1",8
"AGTGTCAAGAAGCCCA-1",1
"AGTGTCAAGCTAGTCT-1",10
"AGTGTCAAGTACGACG-1",0
"AGTGTCAAGTGAACAT-1",1
"AGTGTCACACCATCCT-1",0
"AGTGTCACAGTAAGCG-1",1
"AGTGTCACAGTGGAGT-1",1
"AGTGTCAGTAAACCTC-1",1
"AGTGTCAGTACAGCAG-1",2
"AGTGTCAGTCTCCACT-1",1
"AGTGTCAGTTTGACTG-1",2
"AGTGTCATCAAAGTAG-1",2
"AGTGTCATCCGTCAAA-1",2
"AGTGTCATCGTTACAG-1",1
"AGTGTCATCTGTCAAG-1",1
"AGTTGGTAGACTGTAA-1",1
"AGTTGGTAGTACGCGA-1",6
"AGTTGGTCAAATTGCC-1",2
"AGTTGGTCAGGAATGC-1",1
"AGTTGGTCATGCGCAC-1",6
"AGTTGGTGTACCGTAT-1",16
"AGTTGGTGTATGCTTG-1",2
"AGTTGGTGTCAGGACA-1",7
"AGTTGGTGTTCAGACT-1",5
"AGTTGGTTCAGTACGT-1",2
"AGTTGGTTCCTCAACC-1",8
"AGTTGGTTCGTACCGG-1",1
"AGTTGGTTCTGTCCGT-1",1
"ATAACGCAGTTGAGTA-1",12
"ATAACGCCACGTGAGA-1",1
"ATAACGCGTGAACCTT-1",0
"ATAACGCGTGTCCTCT-1",3
"ATAACGCGTGTGAAAT-1",2
"ATAACGCTCTCCGGTT-1",3
"ATAAGAGAGTCCGGTC-1",1
"ATAAGAGCAACTGCGC-1",1
"ATAAGAGCAGTATCTG-1",1
"ATAAGAGGTGACGCCT-1",1
"ATAAGAGGTTAAAGTG-1",2
"ATAAGAGTCAGCACAT-1",4
"ATAAGAGTCAGTGCAT-1",0
"ATAGACCAGAGAGCTC-1",4
"ATAGACCAGCCCAATT-1",2
"ATAGACCCAAGCCATT-1",3
"ATAGACCCATCTGGTA-1",3
"ATAGACCGTATATGGA-1",1
"ATAGACCGTGGACGAT-1",0
"ATAGACCGTGGCGAAT-1",0
"ATAGACCGTTTCGCTC-1",4
"ATCACGAAGAACTCGG-1",4
"ATCACGAAGACACGAC-1",3
"ATCACGAAGTTACCCA-1",5
"ATCACGACAAGACACG-1",0
"ATCACGACAAGCGTAG-1",1
"ATCACGACACACATGT-1",2
"ATCACGACACCACCAG-1",0
"ATCACGACACGGTAAG-1",0
"ATCACGACAGCGAACA-1",3
"ATCACGATCCCGACTT-1",0
"ATCACGATCGGTGTCG-1",1
"ATCATCTAGCCTATGT-1",0
"ATCATCTAGGCCATAG-1",10
"ATCATCTAGTACTTGC-1",1
"ATCATCTCAGACGCCT-1",2
"ATCATCTCATCCGTGG-1",0
"ATCATCTGTATTACCG-1",2
"ATCATCTGTCACTTCC-1",2
"ATCATCTTCAGCGACC-1",0
"ATCATCTTCCTCAACC-1",11
"ATCATGGCAAGCGTAG-1",1
"ATCATGGCAAGGTTCT-1",0
"ATCATGGCACTACAGT-1",0
"ATCATGGGTAAGGGAA-1",1
"ATCATGGGTTGTGGCC-1",2
"ATCATGGTCAATAAGG-1",0
"ATCATGGTCCAATGGT-1",0
"ATCATGGTCGCCATAA-1",2
"ATCATGGTCGGTTAAC-1",3
"ATCCACCAGCTAGTCT-1",2
"ATCCACCAGGCTCTTA-1",2
"ATCCACCCAAACGTGG-1",3
"ATCCACCCAGTTAACC-1",1
"ATCCACCGTCCGAAGA-1",1
"ATCCACCGTTTGTTTC-1",2
"ATCCACCTCCTGCTTG-1",1
"ATCCACCTCCTTAATC-1",3
"ATCCACCTCTGGTATG-1",1
"ATCCGAAAGCGATGAC-1",0
"ATCCGAAAGCTAGGCA-1",7
"ATCCGAACAAACGTGG-1",2
"ATCCGAACAACAACCT-1",0
"ATCCGAACAAGGACTG-1",2
"ATCCGAACACCCATTC-1",0
"ATCCGAACACGGTAGA-1",2
"ATCCGAAGTAGCGCTC-1",1
"ATCCGAAGTCATTAGC-1",0
"ATCCGAAGTCTCTTAT-1",0
"ATCCGAATCCAACCAA-1",0
"ATCCGAATCCTTGACC-1",1
"ATCCGAATCTTGTCAT-1",2
"ATCGAGTAGACTTTCG-1",0
"ATCGAGTCATCCGGGT-1",0
"ATCGAGTGTCCCTTGT-1",0
"ATCGAGTGTCTCCCTA-1",1
"ATCGAGTTCATGCATG-1",2
"ATCGAGTTCCTGCCAT-1",1
"ATCTACTAGGTGTGGT-1",4
"ATCTACTCAGCTGTAT-1",12
"ATCTACTCAGTACACT-1",1
"ATCTACTCATGACATC-1",1
"ATCTACTGTAAGTAGT-1",0
"ATCTACTGTGTCGCTG-1",2
"ATCTACTTCCGCGTTT-1",6
"ATCTACTTCGCAAGCC-1",8
"ATCTACTTCTATCGCC-1",0
"ATCTACTTCTCTAAGG-1",0
"ATCTGCCAGGCTCAGA-1",2
"ATCTGCCGTACAGTTC-1",2
"ATCTGCCGTTGTGGAG-1",2
"ATCTGCCTCAGAGACG-1",1
"ATCTGCCTCAGCTGGC-1",6
"ATCTGCCTCGTACGGC-1",0
"ATCTGCCTCTCGAGTA-1",0
"ATCTGCCTCTGAGTGT-1",1
"ATCTGCCTCTTGTATC-1",1
"ATGAGGGAGGTCGGAT-1",4
"ATGAGGGCATGACGGA-1",4
"ATGAGGGCATTAGGCT-1",3
"ATGAGGGTCACATGCA-1",0
"ATGAGGGTCAGTCCCT-1",0
"ATGCGATAGTCAATAG-1",1
"ATGCGATCATGTTGAC-1",7
"ATGCGATGTGCAGTAG-1",5
"ATGCGATGTGCATCTA-1",3
"ATGCGATTCCCAAGAT-1",3
"ATGCGATTCGCCATAA-1",1
"ATGGGAGAGCAATATG-1",1
"ATGGGAGAGCCACGCT-1",0
"ATGGGAGAGGTGATAT-1",2
"ATGGGAGCACCAGGTC-1",3
"ATGGGAGCACTATCTT-1",5
"ATGGGAGCAGCATACT-1",0
"ATGGGAGCATAGAAAC-1",1
"ATGGGAGCATTACCTT-1",2
"ATGGGAGTCAAGGTAA-1",5
"ATGTGTGAGCGAAGGG-1",3
"ATGTGTGAGGGTTTCT-1",1
"ATGTGTGAGTTGAGTA-1",2
"ATGTGTGCACGGCGTT-1",1
"ATGTGTGCACGGTTTA-1",1
"ATGTGTGCAGTATAAG-1",8
"ATGTGTGTCACGCGGT-1",1
"ATTACTCAGATGTGTA-1",0
"ATTACTCAGCGTAATA-1",2
"ATTACTCAGGTGCACA-1",0
"ATTACTCAGTGAAGTT-1",3
"ATTACTCCAAACTGTC-1",2
"ATTACTCCACCATCCT-1",0
"ATTACTCCAGACTCGC-1",1
"ATTACTCCATATGCTG-1",0
"ATTACTCCATCGGTTA-1",3
"ATTACTCCATTGCGGC-1",0
"ATTACTCGTTAAAGAC-1",2
"ATTACTCTCCGAACGC-1",1
"ATTATCCAGAGTACCG-1",1
"ATTATCCAGCTTATCG-1",1
"ATTATCCCACAAGCCC-1",0
"ATTATCCCATATGAGA-1",0
"ATTATCCCATCTGGTA-1",2
"ATTATCCGTCGTTGTA-1",1
"ATTATCCGTCTCTCTG-1",1
"ATTATCCTCAACGGGA-1",2
"ATTATCCTCCGCGCAA-1",6
"ATTATCCTCTCCGGTT-1",3
"ATTCTACGTCACTTCC-1",2
"ATTCTACGTCTAGTCA-1",2
"ATTCTACGTTGTCGCG-1",0
"ATTGGACAGCAGATCG-1",1
"ATTGGACAGGGCATGT-1",0
"ATTGGACAGTGGACGT-1",0
"ATTGGACCAAGACACG-1",13
"ATTGGACGTAATAGCA-1",17
"ATTGGACTCCTGCTTG-1",0
"ATTGGACTCGGCGCAT-1",3
"ATTGGACTCGTTTGCC-1",0
"ATTGGTGAGAATGTTG-1",1
"ATTGGTGCAAGCTGAG-1",1
"ATTGGTGCAGCAGTTT-1",0
"ATTGGTGGTATGGTTC-1",3
"ATTGGTGGTTGAGTTC-1",0
"ATTGGTGTCAAAGTAG-1",0
"ATTGGTGTCGGAAACG-1",1
"ATTTCTGAGGGATACC-1",2
"ATTTCTGAGGGATCTG-1",1
"ATTTCTGAGGTGTTAA-1",2
"ATTTCTGAGTCGAGTG-1",2
"ATTTCTGAGTTCGCAT-1",2
"ATTTCTGCAAGGTGTG-1",0
"ATTTCTGGTAGCTCCG-1",10
"ATTTCTGGTGCACGAA-1",2
"ATTTCTGGTTGCCTCT-1",0
"ATTTCTGTCAAAGTAG-1",1
"ATTTCTGTCAGCTCGG-1",1
"ATTTCTGTCTTGGGTA-1",1
"CAACCAAAGAAACGCC-1",1
"CAACCAAAGAGGGCTT-1",6
"CAACCAAAGCTGAAAT-1",3
"CAACCAAAGGACAGCT-1",2
"CAACCAAAGGGAGTAA-1",1
"CAACCAACATACGCTA-1",3
"CAACCTCAGTAATCCC-1",1
"CAACCTCCAGACGCAA-1",2
"CAACCTCGTGAGTGAC-1",0
"CAACCTCGTTCCACGG-1",21
"CAACCTCTCATACGGT-1",1
"CAACCTCTCCGATATG-1",0
"CAACCTCTCCTTTACA-1",2
"CAACCTCTCTCTAGGA-1",2
"CAACTAGAGAATAGGG-1",11
"CAACTAGAGGATGCGT-1",2
"CAACTAGCACCATCCT-1",2
"CAACTAGCAGACTCGC-1",1
"CAACTAGCAGTTCATG-1",1
"CAACTAGGTACGCACC-1",1
"CAACTAGTCAGGCCCA-1",4
"CAAGAAAAGAAGGACA-1",2
"CAAGAAAAGACGCACA-1",1
"CAAGAAAAGGCCCTTG-1",1
"CAAGAAAAGGTGATAT-1",1
"CAAGAAAAGTCGATAA-1",2
"CAAGAAAAGTGGAGTC-1",2
"CAAGAAAAGTGTACCT-1",3
"CAAGAAACACGGTGTC-1",0
"CAAGAAATCTGCTTGC-1",3
"CAAGATCAGCTGAAAT-1",0
"CAAGATCGTAAGAGGA-1",2
"CAAGATCGTGCCTTGG-1",2
"CAAGATCTCAACACCA-1",1
"CAAGATCTCTCGATGA-1",0
"CAAGGCCAGGAGTCTG-1",9
"CAAGGCCAGGCTATCT-1",3
"CAAGGCCCACGGTAAG-1",2
"CAAGGCCCATGTTCCC-1",3
"CAAGGCCGTCCGTCAG-1",0
"CAAGGCCTCAACGGGA-1",5
"CAAGGCCTCCTTGACC-1",2
"CAAGGCCTCGTGACAT-1",2
"CAAGTTGAGACAGGCT-1",3
"CAAGTTGAGATGTCGG-1",3
"CAAGTTGAGCGTCAAG-1",4
"CAAGTTGAGCGTTTAC-1",1
"CAAGTTGCACATTAGC-1",1
"CAAGTTGCACGCTTTC-1",1
"CAAGTTGCACGGTGTC-1",1
"CAAGTTGCATTCTTAC-1",15
"CAAGTTGGTACTCAAC-1",0
"CAAGTTGGTCAGGACA-1",3
"CAAGTTGGTCGGCACT-1",3
"CAAGTTGTCAACGAAA-1",2
"CAAGTTGTCACCACCT-1",1
"CAAGTTGTCATTGCCC-1",2
"CAAGTTGTCGAATCCA-1",3
"CAAGTTGTCTACTTAC-1",0
"CACAAACAGGGCTCTC-1",2
"CACAAACAGGGCTTGA-1",1
"CACAAACAGTGACATA-1",2
"CACAAACCAACTGCGC-1",5
"CACAAACCAATAAGCA-1",3
"CACAAACCAATCAGAA-1",4
"CACAAACCACTTAACG-1",1
"CACAAACCATGAACCT-1",1
"CACAAACCATGGTCAT-1",1
"CACAAACGTCAACTGT-1",1
"CACAAACGTCAGAATA-1",1
"CACAAACTCTTCGGTC-1",2
"CACAAACTCTTGGGTA-1",6
"CACACAAAGCGACGTA-1",1
"CACACAAAGGGAGTAA-1",1
"CACACAACAAACGTGG-1",1
"CACACAACACATGACT-1",2
"CACACAACATCGATTG-1",4
"CACACAACATTGGGCC-1",0
"CACACAAGTACGACCC-1",3
"CACACAAGTCAGTGGA-1",0
"CACACAAGTCATCGGC-1",2
"CACACAAGTTTACTCT-1",0
"CACACAATCCACGTGG-1",0
"CACACAATCCACGTTC-1",3
"CACACAATCGGCGCAT-1",1
"CACACCTAGAGACTAT-1",4
"CACACCTAGGACATTA-1",1
"CACACCTAGTCATCCA-1",6
"CACACCTAGTGTGAAT-1",0
"CACACCTCACTGAAGG-1",2
"CACACCTCATAGGATA-1",0
"CACACCTCATAGTAAG-1",3
"CACACCTCATTGGGCC-1",3
"CACACCTGTACAGCAG-1",4
"CACACCTGTACCGCTG-1",1
"CACACCTGTCCAAGTT-1",1
"CACACCTGTGGACGAT-1",2
"CACACCTGTGGTCTCG-1",1
"CACACCTTCATGTCTT-1",1
"CACACCTTCTGGCGAC-1",1
"CACACTCAGGGAAACA-1",3
"CACACTCCAACACCTA-1",2
"CACACTCCAAGGGTCA-1",2
"CACACTCGTGACGCCT-1",2
"CACACTCGTTTGTGTG-1",2
"CACAGGCAGCCATCGC-1",2
"CACAGGCAGGGATGGG-1",4
"CACAGGCCAAGAGTCG-1",2
"CACAGGCCAATGGAGC-1",0
"CACAGGCGTCTAGGTT-1",1
"CACAGGCGTTACGCGC-1",5
"CACAGGCTCGGGAGTA-1",0
"CACAGGCTCTATGTGG-1",5
"CACAGTAAGACGCAAC-1",2
"CACAGTAAGACGCACA-1",2
"CACAGTAAGTGGGCTA-1",1
"CACAGTACAACTGGCC-1",2
"CACAGTACATCGGACC-1",0
"CACAGTAGTTCCATGA-1",13
"CACATAGAGCCCAATT-1",1
"CACATAGAGTGTACTC-1",0
"CACATAGCACTTCTGC-1",3
"CACATAGCAGGGTATG-1",1
"CACATAGTCCTTGCCA-1",0
"CACATAGTCGGCGCAT-1",7
"CACATTTAGCAGATCG-1",4
"CACATTTAGGGCACTA-1",1
"CACATTTCACGGCGTT-1",1
"CACATTTCATTACCTT-1",2
"CACATTTGTCGAACAG-1",4
"CACATTTGTGTTGAGG-1",6
"CACATTTTCCAGAGGA-1",2
"CACATTTTCCGCATCT-1",0
"CACATTTTCTACTATC-1",4
"CACATTTTCTGTGCAA-1",0
"CACCACTAGCCACGTC-1",2
"CACCACTAGTGGTAAT-1",1
"CACCACTAGTTACCCA-1",2
"CACCACTCAAGCCCAC-1",0
"CACCACTCAGTTCATG-1",0
"CACCACTGTTATTCTC-1",2
"CACCACTTCACCGGGT-1",0
"CACCACTTCGAATCCA-1",8
"CACCACTTCGACCAGC-1",1
"CACCACTTCTAACCGA-1",7
"CACCACTTCTTTAGTC-1",1
"CACCAGGCACATTAGC-1",13
"CACCAGGCACTGCCAG-1",2
"CACCAGGCATAAAGGT-1",2
"CACCAGGCATGAACCT-1",1
"CACCAGGGTGAAATCA-1",2
"CACCAGGGTGTTTGGT-1",3
"CACCAGGGTTATCACG-1",1
"CACCAGGTCATGTAGC-1",5
"CACCAGGTCTGCTTGC-1",2
"CACCTTGAGACTTGAA-1",4
"CACCTTGAGTCAATAG-1",3
"CACCTTGCACTAGTAC-1",0
"CACCTTGCAGGCGATA-1",0
"CACCTTGCATTCCTGC-1",3
"CACCTTGGTCATTAGC-1",3
"CACCTTGGTGATGTCT-1",2
"CACCTTGGTGTGAAAT-1",0
"CACCTTGGTTATGTGC-1",5
"CACCTTGTCAACCATG-1",1
"CACCTTGTCATTATCC-1",4
"CACCTTGTCCAAAGTC-1",1
"CACCTTGTCTCACATT-1",2
"CACTCCAAGACAAGCC-1",1
"CACTCCAAGGTACTCT-1",0
"CACTCCACAATGGACG-1",0
"CACTCCAGTACATGTC-1",2
"CACTCCAGTTGTCGCG-1",8
"CACTCCATCAACACAC-1",3
"CACTCCATCCCAGGTG-1",5
"CAGAATCAGAAACCTA-1",2
"CAGAATCAGCCAACAG-1",3
"CAGAATCAGCTGGAAC-1",0
"CAGAATCAGGACTGGT-1",1
"CAGAATCAGTATCGAA-1",11
"CAGAATCCACAGAGGT-1",10
"CAGAATCCAGGGTACA-1",2
"CAGAATCGTAAGTGTA-1",1
"CAGAATCGTAATCACC-1",5
"CAGAATCTCAGTTTGG-1",2
"CAGAATCTCGCAAGCC-1",0
"CAGAATCTCGGTCCGA-1",7
"CAGAATCTCTTGCAAG-1",2
"CAGAATCTCTTGTACT-1",1
"CAGAGAGAGAATTGTG-1",6
"CAGAGAGAGCAATATG-1",1
"CAGAGAGCAAGAAGAG-1",1
"CAGAGAGCACCAGATT-1",2
"CAGAGAGGTAATCACC-1",2
"CAGAGAGGTAGCTGCC-1",0
"CAGAGAGGTAGGACAC-1",1
"CAGAGAGGTATAGGGC-1",1
"CAGAGAGGTCCGAATT-1",1
"CAGAGAGGTTGAGGTG-1",1
"CAGAGAGTCACCCGAG-1",21
"CAGAGAGTCATAACCG-1",0
"CAGAGAGTCCGAACGC-1",16
"CAGAGAGTCTGGTATG-1",2
"CAGATCAAGAGACGAA-1",1
"CAGATCAAGCACCGTC-1",1
"CAGATCAAGCTTCGCG-1",2
"CAGATCAAGGATTCGG-1",43
"CAGATCAAGTGTACCT-1",2
"CAGATCAAGTTTAGGA-1",2
"CAGATCACAATAACGA-1",2
"CAGATCACACACCGAC-1",1
"CAGATCACACGGTAAG-1",0
"CAGATCACACTCTGTC-1",1
"CAGATCACAGCATACT-1",0
"CAGATCACAGTGGGAT-1",0
"CAGATCAGTACCAGTT-1",1
"CAGATCAGTGCGGTAA-1",1
"CAGATCATCTGATACG-1",5
"CAGATCATCTGATTCT-1",2
"CAGCAGCAGATGCCAG-1",3
"CAGCAGCAGGGAACGG-1",0
"CAGCAGCCACCTATCC-1",3
"CAGCAGCCATCACAAC-1",1
"CAGCAGCGTGCTAGCC-1",4
"CAGCAGCTCAACACTG-1",2
"CAGCAGCTCGAACTGT-1",0
"CAGCAGCTCGCCGTGA-1",3
"CAGCATAAGAGACGAA-1",1
"CAGCATAGTCTAGGTT-1",1
"CAGCATAGTTTACTCT-1",4
"CAGCATATCACGAAGG-1",1
"CAGCATATCAGGCAAG-1",4
"CAGCATATCCTTAATC-1",2
"CAGCCGAAGCATCATC-1",2
"CAGCCGAAGTTTCCTT-1",0
"CAGCCGACACGTGAGA-1",3
"CAGCCGACATCAGTCA-1",1
"CAGCCGAGTGATGTCT-1",1
"CAGCCGATCACCAGGC-1",1
"CAGCCGATCCTCAATT-1",1
"CAGCGACAGAAACGCC-1",1
"CAGCGACAGCGTCAAG-1",3
"CAGCGACCAAACGTGG-1",2
"CAGCGACCAAAGCGGT-1",2
"CAGCGACCACGTCAGC-1",1
"CAGCGACCATGGGACA-1",2
"CAGCGACGTCTGATTG-1",0
"CAGCGACGTGGACGAT-1",3
"CAGCGACGTGGTTTCA-1",1
"CAGCGACGTTCGGCAC-1",1
"CAGCGACTCCGCAAGC-1",2
"CAGCGACTCTGGGCCA-1",0
"CAGCTAAAGATGTGTA-1",1
"CAGCTAAAGCAGACTG-1",0
"CAGCTAAAGCTGTTCA-1",1
"CAGCTAAAGGAGCGTT-1",3
"CAGCTAACACAGATTC-1",1
"CAGCTAACATCAGTAC-1",4
"CAGCTAAGTAATCGTC-1",2
"CAGCTAAGTCTCACCT-1",2
"CAGCTAAGTTCGTCTC-1",2
"CAGCTAATCCACGCAG-1",2
"CAGCTAATCCCTAACC-1",1
"CAGCTAATCTGGTTCC-1",0
"CAGCTAATCTTAGCCC-1",6
"CAGCTAATCTTCGGTC-1",5
"CAGCTGGAGACACTAA-1",6
"CAGCTGGAGATCCTGT-1",0
"CAGCTGGCACCAACCG-1",1
"CAGCTGGCAGTGGAGT-1",11
"CAGCTGGCATGCATGT-1",4
"CAGCTGGTCTACCTGC-1",1
"CAGGTGCAGAGACGAA-1",0
"CAGGTGCAGATCCTGT-1",6
"CAGGTGCAGGCATGTG-1",2
"CAGGTGCCAGGAACGT-1",1
"CAGGTGCCATAGTAAG-1",3
"CAGGTGCCATCGGAAG-1",2
"CAGGTGCTCAGTTGAC-1",1
"CAGGTGCTCCAAGTAC-1",0
"CAGGTGCTCTTGTATC-1",2
"CAGTAACAGATATGGT-1",0
"CAGTAACAGATGGCGT-1",2
"CAGTAACCAATCACAC-1",1
"CAGTAACCACTCGACG-1",0
"CAGTAACGTGATAAGT-1",1
"CAGTAACGTGCACCAC-1",8
"CAGTAACTCAGAGGTG-1",2
"CAGTAACTCGTACGGC-1",5
"CAGTAACTCGTGACAT-1",3
"CAGTAACTCTGCCAGG-1",2
"CAGTCCTAGAATCTCC-1",1
"CAGTCCTAGATCTGCT-1",2
"CAGTCCTCAGTATAAG-1",0
"CAGTCCTTCAACACGT-1",2
"CAGTCCTTCCATGAGT-1",1
"CAGTCCTTCCCGACTT-1",3
"CAGTCCTTCCCTTGTG-1",2
"CAGTCCTTCGAACGGA-1",1
"CAGTCCTTCGGTTCGG-1",1
"CAGTCCTTCTACTTAC-1",2
"CATATGGAGAGATGAG-1",0
"CATATGGAGGCATGGT-1",0
"CATATGGAGTATTGGA-1",3
"CATATGGCAAGCGTAG-1",3
"CATATGGGTCGCATAT-1",2
"CATATGGTCATTATCC-1",3
"CATATGGTCATTGCGA-1",0
"CATATTCAGGCGACAT-1",2
"CATATTCCACCACCAG-1",2
"CATATTCGTGACTACT-1",0
"CATATTCGTGGTACAG-1",0
"CATATTCGTGTGACGA-1",2
"CATATTCTCACAGGCC-1",5
"CATATTCTCGCAAACT-1",1
"CATCAAGAGAACTCGG-1",1
"CATCAAGAGATGGCGT-1",0
"CATCAAGAGCCGCCTA-1",3
"CATCAAGCACGAAACG-1",7
"CATCAAGCAGCCTTTC-1",1
"CATCAAGCATGGAATA-1",5
"CATCAAGGTTACTGAC-1",2
"CATCAAGGTTCCATGA-1",1
"CATCAAGTCTAAGCCA-1",1
"CATCAAGTCTGACCTC-1",3
"CATCAGAAGCTAGTCT-1",7
"CATCAGACAAGCCATT-1",1
"CATCAGACAATGACCT-1",3
"CATCAGACACGGCCAT-1",2
"CATCAGACAGACAGGT-1",8
"CATCAGACATAACCTG-1",1
"CATCAGAGTAATTGGA-1",1
"CATCAGAGTACATGTC-1",1
"CATCAGAGTGTTAAGA-1",1
"CATCAGAGTTCAACCA-1",3
"CATCAGATCGTTGACA-1",1
"CATCCACGTAAAGTCA-1",2
"CATCCACGTACCGTAT-1",4
"CATCCACGTGCCTGTG-1",5
"CATCCACGTTTAAGCC-1",1
"CATCGAAAGAGTACAT-1",5
"CATCGAAAGCTGTCTA-1",20
"CATCGAACAAGAGGCT-1",6
"CATCGAACAAGCTGAG-1",0
"CATCGAACACATTTCT-1",1
"CATCGAACATAAAGGT-1",2
"CATCGAAGTAGTACCT-1",1
"CATCGAAGTCCGACGT-1",9
"CATCGAAGTGCACTTA-1",3
"CATCGAATCAAACCAC-1",1
"CATCGAATCCGCGGTA-1",1
"CATCGAATCCGTAGTA-1",1
"CATCGGGAGAAGCCCA-1",3
"CATCGGGAGCGAGAAA-1",2
"CATCGGGAGGGTGTGT-1",2
"CATCGGGAGGTGTTAA-1",1
"CATCGGGAGTGACTCT-1",1
"CATCGGGCACTCAGGC-1",4
"CATCGGGCAGACGCTC-1",0
"CATCGGGCATCACAAC-1",0
"CATCGGGGTCCTCTTG-1",5
"CATCGGGGTGAGGGAG-1",0
"CATCGGGGTTCGAATC-1",2
"CATCGGGTCAGGATCT-1",2
"CATCGGGTCCACGAAT-1",0
"CATCGGGTCGATGAGG-1",5
"CATGACAAGACCACGA-1",1
"CATGACAAGCTCCTCT-1",9
"CATGACAAGTAACCCT-1",5
"CATGACAAGTATCTCG-1",5
"CATGACAGTCGTCTTC-1",3
"CATGACAGTGAACCTT-1",2
"CATGACATCAATAAGG-1",1
"CATGACATCTAACTGG-1",8
"CATGCCTAGACCTAGG-1",3
"CATGCCTAGAGTCTGG-1",0
"CATGCCTCACCACCAG-1",1
"CATGCCTGTCAAAGCG-1",0
"CATGCCTGTCGATTGT-1",2
"CATGCCTTCCACGACG-1",0
"CATGCCTTCCTCATTA-1",3
"CATGCCTTCGCATGAT-1",0
"CATGGCGAGAGCTGGT-1",1
"CATGGCGAGTACGACG-1",1
"CATGGCGTCCAAAGTC-1",11
"CATGGCGTCCCTTGTG-1",1
"CATGGCGTCGGCCGAT-1",0
"CATGGCGTCTCAAACG-1",1
"CATGGCGTCTGCCCTA-1",2
"CATTATCAGACCCACC-1",0
"CATTATCAGTCCCACG-1",0
"CATTATCCAAGTCTGT-1",4
"CATTATCCAGGGCATA-1",4
"CATTATCGTCAATGTC-1",0
"CATTATCTCACAAACC-1",1
"CATTATCTCAGATAAG-1",2
"CATTATCTCGCGTTTC-1",0
"CATTATCTCGTTGCCT-1",7
"CATTATCTCTATCCCG-1",2
"CATTATCTCTTAACCT-1",1
"CATTCGCAGGTGCTAG-1",4
"CATTCGCCAAGGGTCA-1",5
"CATTCGCCAGCCTATA-1",2
"CATTCGCCATACAGCT-1",4
"CATTCGCCATGGATGG-1",4
"CATTCGCCATGTCTCC-1",2
"CATTCGCCATTCACTT-1",19
"CATTCGCGTAGCACGA-1",0
"CATTCGCTCATCACCC-1",4
"CCAATCCAGACCACGA-1",0
"CCAATCCAGATATGGT-1",2
"CCAATCCAGTCGAGTG-1",0
"CCAATCCAGTCGTTTG-1",3
"CCAATCCAGTTTAGGA-1",0
"CCAATCCCAAGCGAGT-1",4
"CCAATCCTCGGACAAG-1",2
"CCAATCCTCTACCTGC-1",0
"CCACCTAAGCAGACTG-1",8
"CCACCTAAGGATGGTC-1",1
"CCACCTAAGTCGAGTG-1",1
"CCACCTAAGTGGGATC-1",1
"CCACCTAAGTGTGGCA-1",1
"CCACCTACAACAACCT-1",0
"CCACCTACAAGCCGCT-1",0
"CCACCTACAATCTACG-1",0
"CCACCTAGTAGTACCT-1",2
"CCACCTAGTCGCGTGT-1",1
"CCACCTAGTGGGTCAA-1",0
"CCACCTATCAGTTGAC-1",0
"CCACCTATCTGATACG-1",0
"CCACGGAAGACACGAC-1",2
"CCACGGAAGGGAACGG-1",4
"CCACGGACATGTCGAT-1",1
"CCACGGAGTAAGGGCT-1",1
"CCACGGAGTCAGATAA-1",1
"CCACGGAGTCCGTGAC-1",2
"CCACGGAGTGTAATGA-1",1
"CCACGGAGTTCTGAAC-1",4
"CCACGGATCACATAGC-1",2
"CCACGGATCCACGTGG-1",1
"CCACGGATCTACTATC-1",2
"CCACGGATCTAGAGTC-1",0
"CCACTACAGAGTACCG-1",1
"CCACTACAGCTTTGGT-1",2
"CCACTACCAGCAGTTT-1",3
"CCACTACCAGTAGAGC-1",3
"CCACTACGTCCGAATT-1",1
"CCACTACGTCTCAACA-1",9
"CCACTACGTGACAAAT-1",7
"CCACTACGTGACCAAG-1",0
"CCACTACGTGCACGAA-1",3
"CCACTACTCACTCTTA-1",0
"CCACTACTCCGCATCT-1",3
"CCACTACTCGGAAATA-1",2
"CCACTACTCTCGTATT-1",3
"CCACTACTCTCGTTTA-1",1
"CCAGCGAAGCCCAACC-1",1
"CCAGCGACATCGGGTC-1",3
"CCAGCGACATGTCCTC-1",1
"CCAGCGAGTAGGCATG-1",0
"CCAGCGAGTCCGTTAA-1",3
"CCAGCGATCAGAAATG-1",0
"CCATGTCAGCGATCCC-1",2
"CCATGTCAGGTCGGAT-1",1
"CCATGTCAGGTTACCT-1",5
"CCATGTCCAAGCTGGA-1",0
"CCATGTCCACATCCGG-1",5
"CCATGTCGTCCAGTAT-1",2
"CCATGTCTCCAAGTAC-1",0
"CCATGTCTCTTGTATC-1",1
"CCATTCGCAGTACACT-1",11
"CCATTCGCAGTTTACG-1",3
"CCATTCGGTAATCGTC-1",4
"CCATTCGGTATTACCG-1",0
"CCATTCGTCGTAGGAG-1",1
"CCCAATCAGTCACGCC-1",0
"CCCAATCCAGGTGGAT-1",1
"CCCAATCGTGAAGGCT-1",0
"CCCAATCGTTGGAGGT-1",2
"CCCAATCTCACATGCA-1",2
"CCCAATCTCCAGTATG-1",1
"CCCAATCTCGGAGCAA-1",0
"CCCAGTTAGAATAGGG-1",3
"CCCAGTTAGATCCCGC-1",1
"CCCAGTTAGCGTGAAC-1",0
"CCCAGTTAGGAATCGC-1",3
"CCCAGTTAGTCCGGTC-1",2
"CCCAGTTAGTTTGCGT-1",2
"CCCAGTTGTACATGTC-1",1
"CCCAGTTGTCTGCAAT-1",5
"CCCAGTTTCTGAAAGA-1",1
"CCCATACAGGGTTCCC-1",1
"CCCATACAGTGTTTGC-1",1
"CCCATACCAAAGGTGC-1",0
"CCCATACCAACACCCG-1",1
"CCCATACCAGCAGTTT-1",0
"CCCATACGTATTACCG-1",3
"CCCATACGTCAATACC-1",2
"CCCATACGTCTAGTCA-1",0
"CCCATACGTTGAGTTC-1",0
"CCCATACTCAATAAGG-1",3
"CCCATACTCAGCGACC-1",4
"CCCATACTCATCACCC-1",6
"CCCATACTCCGTAGGC-1",0
"CCCTCCTAGGAATCGC-1",11
"CCCTCCTCACGTCTCT-1",3
"CCCTCCTCAGCTTAAC-1",1
"CCCTCCTCATATGAGA-1",7
"CCCTCCTCATCACGTA-1",2
"CCCTCCTGTATGGTTC-1",8
"CCCTCCTGTTAGATGA-1",0
"CCCTCCTTCAATCACG-1",0
"CCCTCCTTCCGCAGTG-1",3
"CCGGGATAGCTTCGCG-1",1
"CCGGGATAGGCGACAT-1",1
"CCGGGATAGGCTAGGT-1",2
"CCGGGATCACAGTCGC-1",4
"CCGGGATGTATAGGTA-1",3
"CCGGGATTCAGAGCTT-1",3
"CCGGGATTCGCTAGCG-1",2
"CCGGGATTCGCTTGTC-1",1
"CCGGTAGAGCGTCTAT-1",1
"CCGGTAGAGTACGCCC-1",2
"CCGGTAGCACATAACC-1",12
"CCGGTAGCACGCATCG-1",5
"CCGGTAGGTACTTCTT-1",0
"CCGGTAGGTCAAACTC-1",0
"CCGGTAGTCGTCCGTT-1",1
"CCGTACTAGAGAACAG-1",3
"CCGTACTAGTCCGTAT-1",4
"CCGTACTCAAGCCCAC-1",7
"CCGTACTCAAGCGAGT-1",2
"CCGTACTCATCCCACT-1",1
"CCGTACTGTACAGCAG-1",1
"CCGTACTGTAGCGCTC-1",1
"CCGTACTGTGCGGTAA-1",0
"CCGTACTTCGTTACAG-1",0
"CCGTGGAAGACGCACA-1",2
"CCGTGGAAGAGTTGGC-1",0
"CCGTGGAAGGTGATAT-1",2
"CCGTGGAAGGTTCCTA-1",2
"CCGTGGACAGCCTTGG-1",1
"CCGTGGAGTTCCATGA-1",1
"CCGTGGATCTAACTTC-1",2
"CCGTGGATCTCTGTCG-1",2
"CCGTTCAAGCGTAATA-1",5
"CCGTTCAAGTACGATA-1",2
"CCGTTCAAGTAGATGT-1",0
"CCGTTCACAGGATCGA-1",2
"CCGTTCAGTATAGGGC-1",3
"CCGTTCAGTCGCGAAA-1",2
"CCGTTCATCGTACCGG-1",2
"CCTAAAGAGAGTTGGC-1",1
"CCTAAAGCAAACCTAC-1",0
"CCTAAAGCATGTCTCC-1",3
"CCTAAAGGTACTCAAC-1",4
"CCTAAAGGTCGGCACT-1",3
"CCTAAAGGTGTAATGA-1",2
"CCTAAAGTCACCGTAA-1",2
"CCTAAAGTCAGCGATT-1",1
"CCTAAAGTCGGCGCTA-1",1
"CCTAAAGTCGGTCCGA-1",3
"CCTACACAGGACCACA-1",2
"CCTACACAGGGTGTTG-1",3
"CCTACACCAGTAAGAT-1",3
"CCTACACGTATAGTAG-1",1
"CCTACACGTCCGAACC-1",3
"CCTACACGTGGGTCAA-1",1
"CCTACACGTTTGACTG-1",3
"CCTACACTCGGCGCTA-1",0
"CCTACACTCGTGACAT-1",13
"CCTACCAAGATAGGAG-1",1
"CCTACCAAGCAAATCA-1",0
"CCTACCAAGCGTAGTG-1",1
"CCTACCAAGCTTCGCG-1",2
"CCTACCAAGTGCGATG-1",3
"CCTACCAGTATCAGTC-1",2
"CCTACCAGTCTCTCTG-1",0
"CCTACCAGTCTTTCAT-1",0
"CCTACCATCAGCACAT-1",4
"CCTACCATCGCCAGCA-1",4
"CCTAGCTAGCAAATCA-1",0
"CCTAGCTAGCTCCTCT-1",2
"CCTAGCTAGGTTACCT-1",2
"CCTAGCTAGTACGCGA-1",3
"CCTAGCTCAATGAATG-1",0
"CCTAGCTCAATGGTCT-1",4
"CCTAGCTCACATCCAA-1",1
"CCTAGCTCAGCCAGAA-1",1
"CCTAGCTGTAGAAAGG-1",3
"CCTAGCTGTCACCCAG-1",1
"CCTAGCTGTCTGATTG-1",4
"CCTAGCTTCACGATGT-1",2
"CCTAGCTTCGTAGGAG-1",7
"CCTATTAAGAATTCCC-1",2
"CCTATTAAGCAGGCTA-1",2
"CCTATTAAGCAGGTCA-1",4
"CCTATTAAGGGAGTAA-1",6
"CCTATTAAGGTAGCCA-1",2
"CCTATTACACAACTGT-1",3
"CCTATTACACATCCGG-1",0
"CCTATTAGTCAATACC-1",4
"CCTATTATCATCACCC-1",1
"CCTATTATCTGCGACG-1",2
"CCTCAGTAGCTAACTC-1",1
"CCTCAGTCAGGTGGAT-1",2
"CCTCAGTGTCCATCCT-1",1
"CCTCAGTGTCCGACGT-1",2
"CCTCAGTGTCTTGTCC-1",2
"CCTCAGTGTGGGTATG-1",3
"CCTCTGAAGTATCGAA-1",2
"CCTCTGAAGTGGGTTG-1",0
"CCTCTGACAAGCTGTT-1",0
"CCTCTGACACCGATAT-1",2
"CCTCTGACAGATGAGC-1",5
"CCTCTGAGTCAATACC-1",2
"CCTCTGAGTCCGAACC-1",2
"CCTCTGAGTCGTGGCT-1",1
"CCTCTGAGTCTGATTG-1",1
"CCTCTGATCTGAGGGA-1",3
"CCTTACGCAAGCGTAG-1",4
"CCTTACGCACCAACCG-1",53
"CCTTACGGTCATCCCT-1",2
"CCTTACGGTCCTCTTG-1",3
"CCTTACGTCACAACGT-1",1
"CCTTACGTCATCTGCC-1",3
"CCTTACGTCGGAGGTA-1",4
"CCTTCCCAGAGACTAT-1",2
"CCTTCCCAGCTAGGCA-1",1
"CCTTCCCAGGACGAAA-1",2
"CCTTCCCAGGGCATGT-1",1
"CCTTCCCAGGTACTCT-1",0
"CCTTCCCCATGATCCA-1",2
"CCTTCCCTCAAGGCTT-1",1
"CCTTCCCTCTATCCTA-1",2
"CCTTCCCTCTATCGCC-1",2
"CCTTCGAAGGCGCTCT-1",3
"CCTTCGACAACACCCG-1",3
"CCTTCGACAGCGATCC-1",1
"CCTTCGAGTAAGCACG-1",1
"CCTTCGAGTCCATGAT-1",8
"CCTTCGAGTGTGACCC-1",1
"CCTTCGAGTTGGTGGA-1",1
"CCTTCGATCACAGTAC-1",4
"CCTTCGATCCTATGTT-1",4
"CCTTCGATCGCACTCT-1",4
"CCTTTCTAGACGCTTT-1",1
"CCTTTCTAGGGCACTA-1",1
"CCTTTCTAGTGGAGTC-1",0
"CCTTTCTCAGACAAGC-1",2
"CCTTTCTCATCACGAT-1",1
"CCTTTCTCATGCCCGA-1",5
"CCTTTCTTCCCACTTG-1",2
"CCTTTCTTCTTTACGT-1",1
"CGAACATCACATGACT-1",0
"CGAACATCACTTGGAT-1",3
"CGAACATCAGTCCTTC-1",0
"CGAACATGTCTGATTG-1",0
"CGAACATGTGCTGTAT-1",2
"CGAACATTCTCAAACG-1",2
"CGAATGTAGAGGTTAT-1",1
"CGAATGTAGCGATAGC-1",1
"CGAATGTAGTTCGCAT-1",3
"CGAATGTCAATGCCAT-1",0
"CGAATGTGTCTAGTCA-1",1
"CGAATGTGTCTCACCT-1",0
"CGAATGTTCAACACAC-1",1
"CGAATGTTCATCACCC-1",2
"CGAATGTTCTGTACGA-1",3
"CGACCTTAGCTACCGC-1",2
"CGACCTTAGCTAGTCT-1",2
"CGACCTTCAAAGTGCG-1",4
"CGACCTTCACGAAATA-1",3
"CGACCTTGTAAGTGTA-1",2
"CGACCTTGTCAGAATA-1",1
"CGACCTTGTCTCCCTA-1",3
"CGACCTTGTCTCTTAT-1",1
"CGACCTTTCCGCGTTT-1",3
"CGACCTTTCGTTTATC-1",1
"CGACCTTTCTCCAGGG-1",2
"CGACTTCAGACACGAC-1",3
"CGACTTCAGGTAGCCA-1",1
"CGACTTCAGTCTTGCA-1",1
"CGACTTCCAATGGACG-1",1
"CGACTTCGTGGTGTAG-1",5
"CGACTTCGTTGAGTTC-1",6
"CGACTTCTCACTTACT-1",6
"CGACTTCTCTCGCTTG-1",2
"CGAGAAGAGAAACGCC-1",1
"CGAGAAGAGCCAACAG-1",1
"CGAGAAGAGCGTGTCC-1",9
"CGAGAAGCAAGTTCTG-1",2
"CGAGAAGCACATCCGG-1",3
"CGAGAAGCAGGCTGAA-1",6
"CGAGAAGTCGGATGGA-1",2
"CGAGCACAGCCAGAAC-1",4
"CGAGCACCACATGTGT-1",1
"CGAGCACGTAGCGTCC-1",1
"CGAGCACGTAGCGTGA-1",0
"CGAGCACGTCAGATAA-1",2
"CGAGCACGTGCCTTGG-1",0
"CGAGCACTCCCGGATG-1",2
"CGAGCACTCCGCTGTT-1",3
"CGAGCACTCGGAAATA-1",1
"CGAGCACTCGTGACAT-1",0
"CGAGCCAAGCTAGCCC-1",0
"CGAGCCAGTATATCCG-1",4
"CGAGCCAGTCAAGCGA-1",2
"CGATCGGAGAGCCTAG-1",1
"CGATCGGAGTACGATA-1",0
"CGATCGGCAAACGCGA-1",3
"CGATCGGCAAGCGATG-1",3
"CGATCGGCAATACGCT-1",2
"CGATCGGCAGTTAACC-1",9
"CGATCGGCATACTCTT-1",1
"CGATCGGGTCGACTGC-1",4
"CGATCGGTCAACGGGA-1",0
"CGATCGGTCTAGCACA-1",2
"CGATGGCAGCCGTCGT-1",2
"CGATGGCAGTCCAGGA-1",5
"CGATGGCCACTTAACG-1",2
"CGATGGCCAGCGTAAG-1",6
"CGATGGCCATCATCCC-1",4
"CGATGGCTCCTAGAAC-1",3
"CGATGGCTCGCTAGCG-1",1
"CGATGGCTCTGACCTC-1",2
"CGATGTAAGGCAATTA-1",5
"CGATGTAAGTTTGCGT-1",0
"CGATGTACACAGGCCT-1",2
"CGATGTACAGGTCTCG-1",2
"CGATGTAGTCCAGTGC-1",1
"CGATGTAGTCTAGGTT-1",2
"CGATGTAGTGTGCCTG-1",0
"CGATGTAGTTTGCATG-1",1
"CGATTGAAGATGTGGC-1",1
"CGATTGACAGACGCAA-1",0
"CGATTGAGTATGGTTC-1",3
"CGATTGAGTTCAGACT-1",0
"CGATTGATCATGGTCA-1",0
"CGATTGATCTGCGGCA-1",2
"CGCCAAGAGAATGTTG-1",0
"CGCCAAGAGACCTTTG-1",1
"CGCCAAGAGATCGGGT-1",5
"CGCCAAGAGATCTGAA-1",2
"CGCCAAGAGCGTGTCC-1",0
"CGCCAAGGTCTAGGTT-1",2
"CGCCAAGTCAGGATCT-1",1
"CGCCAAGTCCACTCCA-1",4
"CGCCAAGTCTTGTTTG-1",1
"CGCGGTAAGCTAGCCC-1",2
"CGCGGTAAGGGTTCCC-1",0
"CGCGGTACAAACTGCT-1",2
"CGCGGTACAATGGAAT-1",1
"CGCGGTACAGCTGTTA-1",4
"CGCGGTAGTCAAGCGA-1",1
"CGCGGTAGTGAGGCTA-1",0
"CGCGGTAGTTTGCATG-1",2
"CGCGTTTAGTTATCGC-1",3
"CGCGTTTCAACAACCT-1",3
"CGCGTTTCAAGCGAGT-1",6
"CGCGTTTCAATGGACG-1",1
"CGCGTTTCACGGTGTC-1",1
"CGCGTTTGTGCTGTAT-1",3
"CGCGTTTGTGGACGAT-1",2
"CGCGTTTTCAAACCGT-1",1
"CGCGTTTTCAGCCTAA-1",1
"CGCGTTTTCCTATGTT-1",0
"CGCGTTTTCGTGGTCG-1",1
"CGCTATCAGAAACCGC-1",1
"CGCTATCAGTCATCCA-1",2
"CGCTATCCAAGCGAGT-1",1
"CGCTATCCAGTCGATT-1",2
"CGCTATCCATCGACGC-1",1
"CGCTATCCATTTCAGG-1",6
"CGCTATCGTACCGAGA-1",3
"CGCTATCGTTCGAATC-1",2
"CGCTATCGTTTCGCTC-1",5
"CGCTATCTCGTTACAG-1",2
"CGCTGGAAGGACATTA-1",2
"CGCTGGAAGGGCACTA-1",0
"CGCTGGAAGGTGATAT-1",1
"CGCTGGACAGACTCGC-1",2
"CGCTGGAGTGTAATGA-1",2
"CGCTGGAGTTCTGGTA-1",1
"CGCTGGATCCGAAGAG-1",2
"CGCTGGATCCGTTGCT-1",0
"CGCTGGATCGTAGGAG-1",3
"CGCTGGATCGTTACAG-1",2
"CGCTTCAAGAAGGGTA-1",0
"CGCTTCAAGGTCGGAT-1",1
"CGCTTCACACGGTGTC-1",1
"CGCTTCACAGACAAGC-1",2
"CGCTTCACATCACCCT-1",3
"CGCTTCAGTCGCGGTT-1",4
"CGCTTCATCTTAGAGC-1",5
"CGGACACAGCGATATA-1",0
"CGGACACAGCGATGAC-1",0
"CGGACACAGCTTCGCG-1",0
"CGGACACAGGTAAACT-1",2
"CGGACACAGTAGCCGA-1",0
"CGGACACCACAGGAGT-1",3
"CGGACACCATTCACTT-1",1
"CGGACACGTGAGCGAT-1",0
"CGGACACGTGCTCTTC-1",0
"CGGACACGTGTGACCC-1",0
"CGGACGTAGGTTACCT-1",1
"CGGACGTCATGGGACA-1",4
"CGGACGTGTGAAAGAG-1",0
"CGGACGTGTTGGTAAA-1",4
"CGGACGTTCATGTGGT-1",2
"CGGACGTTCTGTCCGT-1",3
"CGGACTGAGGAGCGAG-1",0
"CGGACTGAGGAGTCTG-1",3
"CGGACTGAGTGGTAGC-1",0
"CGGACTGCAACTTGAC-1",4
"CGGACTGCAATGACCT-1",0
"CGGACTGCACAACGTT-1",2
"CGGACTGCACGCCAGT-1",1
"CGGACTGCAGTATGCT-1",0
"CGGACTGGTAAAGGAG-1",0
"CGGACTGGTATAAACG-1",1
"CGGACTGGTGTAAGTA-1",4
"CGGACTGGTGTGGTTT-1",1
"CGGACTGGTTGACGTT-1",1
"CGGACTGTCATTGCCC-1",2
"CGGACTGTCCATGCTC-1",4
"CGGACTGTCCGTCAAA-1",4
"CGGACTGTCGTTTGCC-1",2
"CGGACTGTCTTCATGT-1",2
"CGGAGCTAGTTTAGGA-1",3
"CGGAGCTCATTGAGCT-1",1
"CGGAGCTGTAGAAAGG-1",7
"CGGAGCTTCACTTATC-1",0
"CGGAGCTTCATGTAGC-1",4
"CGGAGCTTCCACGAAT-1",1
"CGGAGTCAGTGCGATG-1",3
"CGGAGTCAGTGTGAAT-1",0
"CGGAGTCCAGTGGGAT-1",3
"CGGAGTCCATTATCTC-1",6
"CGGAGTCGTAGCTGCC-1",2
"CGGAGTCGTCCAGTGC-1",3
"CGGAGTCGTGTTCGAT-1",1
"CGGAGTCTCCCAGGTG-1",5
"CGGAGTCTCCGTAGTA-1",1
"CGGCTAGAGAAACGCC-1",3
"CGGCTAGAGCACCGTC-1",0
"CGGCTAGAGCTAAACA-1",0
"CGGCTAGCAGACAAAT-1",4
"CGGCTAGGTAACGCGA-1",0
"CGGCTAGGTTCATGGT-1",1
"CGGCTAGTCAAAGACA-1",2
"CGGCTAGTCGTGGGAA-1",1
"CGGCTAGTCTTGTTTG-1",2
"CGGGTCAAGAGTCGGT-1",3
"CGGGTCAAGCACACAG-1",3
"CGGGTCAAGCTAACTC-1",3
"CGGGTCAAGGACACCA-1",2
"CGGGTCAAGTATGACA-1",2
"CGGGTCACAATGACCT-1",3
"CGGGTCACACCGAAAG-1",1
"CGGGTCACAGCCACCA-1",0
"CGGGTCACATACAGCT-1",1
"CGGGTCACATCCTTGC-1",1
"CGGGTCAGTAGCGCTC-1",2
"CGGGTCAGTCGATTGT-1",1
"CGGGTCAGTGCAACTT-1",1
"CGGGTCAGTTGTTTGG-1",2
"CGGGTCATCAACACCA-1",10
"CGGGTCATCACCTTAT-1",2
"CGGGTCATCCACGACG-1",5
"CGGTTAACAGGACCCT-1",1
"CGGTTAACATGTCCTC-1",0
"CGGTTAACATTCCTGC-1",2
"CGGTTAAGTCGACTGC-1",7
"CGGTTAATCCGGCACA-1",2
"CGGTTAATCCTTTCGG-1",0
"CGGTTAATCTTATCTG-1",1
"CGTAGCGAGATGTAAC-1",3
"CGTAGCGAGGCAATTA-1",2
"CGTAGCGAGTAGGTGC-1",1
"CGTAGCGCAAGCGCTC-1",0
"CGTAGCGTCCAACCAA-1",2
"CGTAGCGTCGGCGGTT-1",1
"CGTAGGCAGGGCTCTC-1",1
"CGTAGGCCAAGCGATG-1",2
"CGTAGGCCACTAAGTC-1",0
"CGTAGGCCAGAGTGTG-1",1
"CGTAGGCCATCCCATC-1",8
"CGTAGGCGTATTAGCC-1",4
"CGTAGGCGTCAATACC-1",0
"CGTAGGCGTGGCGAAT-1",0
"CGTAGGCTCCAGAAGG-1",3
"CGTCACTAGTCATGCT-1",2
"CGTCACTCAAAGCGGT-1",1
"CGTCACTCAGGTCCAC-1",3
"CGTCACTCAGTCACTA-1",2
"CGTCACTTCCTTGACC-1",1
"CGTCACTTCGGTGTTA-1",0
"CGTCACTTCTGTGCAA-1",9
"CGTCACTTCTTGAGAC-1",1
"CGTCAGGAGCTGTTCA-1",4
"CGTCAGGCAAAGCAAT-1",2
"CGTCAGGCAAAGCGGT-1",6
"CGTCAGGCAACACGCC-1",0
"CGTCAGGCATCCGCGA-1",3
"CGTCAGGGTCAGCTAT-1",3
"CGTCAGGGTCGTTGTA-1",0
"CGTCAGGGTGTAAGTA-1",1
"CGTCAGGTCCACTGGG-1",1
"CGTCAGGTCGACAGCC-1",3
"CGTCAGGTCGGGAGTA-1",3
"CGTCCATAGACCACGA-1",4
"CGTCCATAGCGATTCT-1",0
"CGTCCATAGGCTATCT-1",4
"CGTCCATAGTCTCAAC-1",0
"CGTCCATCACGACTCG-1",0
"CGTCCATCATTCACTT-1",0
"CGTCCATGTCTAGCGC-1",3
"CGTCCATGTGATAAAC-1",2
"CGTCCATGTTTGGGCC-1",3
"CGTCCATGTTTGTGTG-1",0
"CGTCCATTCAACACCA-1",2
"CGTCCATTCATTCACT-1",7
"CGTCTACAGTGCGTGA-1",0
"CGTCTACGTAGTAGTA-1",1
"CGTCTACTCGAGCCCA-1",3
"CGTCTACTCGCCATAA-1",0
"CGTCTACTCGGCCGAT-1",3
"CGTCTACTCGTCCAGG-1",2
"CGTCTACTCTATCGCC-1",1
"CGTGAGCAGATCTGAA-1",18
"CGTGAGCAGCAATCTC-1",2
"CGTGAGCAGCGGATCA-1",2
"CGTGAGCAGCTAGTGG-1",2
"CGTGAGCAGCTTCGCG-1",2
"CGTGAGCAGGGCACTA-1",0
"CGTGAGCAGGGTGTGT-1",1
"CGTGAGCAGTGGAGAA-1",2
"CGTGAGCCAAGCCGCT-1",2
"CGTGAGCCACGTAAGG-1",2
"CGTGAGCCATACGCCG-1",2
"CGTGAGCGTAGATTAG-1",0
"CGTGAGCGTCTCTTAT-1",1
"CGTGAGCTCACAAACC-1",1
"CGTGAGCTCCAAATGC-1",1
"CGTGAGCTCCGAGCCA-1",5
"CGTGAGCTCGTTGCCT-1",2
"CGTGAGCTCTGGGCCA-1",1
"CGTGTAAAGATAGTCA-1",1
"CGTGTAAAGGTGTTAA-1",2
"CGTGTAAAGTACATGA-1",2
"CGTGTAACATGGGACA-1",1
"CGTGTAAGTCCGCTGA-1",1
"CGTGTAAGTGTCTGAT-1",2
"CGTGTAATCTACTATC-1",1
"CGTGTAATCTCGATGA-1",3
"CGTGTAATCTTTAGTC-1",0
"CGTGTCTAGGCGCTCT-1",1
"CGTGTCTAGGGATGGG-1",9
"CGTGTCTCAGACAAAT-1",0
"CGTGTCTCAGACACTT-1",2
"CGTGTCTGTAAGAGGA-1",0
"CGTGTCTGTATATGAG-1",1
"CGTGTCTGTCAAAGCG-1",4
"CGTGTCTGTTCCGTCT-1",1
"CGTGTCTTCAATCACG-1",6
"CGTGTCTTCAGAGGTG-1",1
"CGTGTCTTCATAGCAC-1",1
"CGTGTCTTCCGAACGC-1",2
"CGTGTCTTCGGCATCG-1",2
"CGTGTCTTCGTGGACC-1",5
"CGTGTCTTCTACTTAC-1",2
"CGTGTCTTCTGAGTGT-1",3
"CGTTAGAAGATCTGAA-1",1
"CGTTAGAAGGCCCTTG-1",2
"CGTTAGACACGAAAGC-1",2
"CGTTAGACAGCTTCGG-1",0
"CGTTAGAGTTTAAGCC-1",0
"CGTTAGATCACTTATC-1",1
"CGTTAGATCAGCCTAA-1",35
"CGTTCTGAGAAGGGTA-1",0
"CGTTCTGAGACTAGGC-1",4
"CGTTCTGAGTGAACAT-1",0
"CGTTCTGCAGCTCGCA-1",4
"CGTTCTGCATTGGCGC-1",2
"CGTTCTGGTGAGGGTT-1",2
"CGTTCTGTCTGATTCT-1",4
"CGTTGGGAGCTAGTTC-1",3
"CGTTGGGAGGATGCGT-1",0
"CGTTGGGCACATTAGC-1",1
"CGTTGGGCAGACAGGT-1",0
"CGTTGGGGTTCCCGAG-1",1
"CGTTGGGTCATGCTCC-1",2
"CGTTGGGTCCATGAAC-1",15
"CGTTGGGTCTACCAGA-1",1
"CTAACTTAGTCCTCCT-1",1
"CTAACTTCAATAGCAA-1",1
"CTAACTTCAATCGGTT-1",1
"CTAACTTGTGAGGCTA-1",0
"CTAACTTTCGTACGGC-1",1
"CTAACTTTCTGGCGTG-1",3
"CTAAGACAGGGAAACA-1",2
"CTAAGACAGTACATGA-1",3
"CTAAGACAGTTCGCGC-1",3
"CTAAGACCAAGTAATG-1",0
"CTAAGACCAGTAAGAT-1",0
"CTAAGACCATGCAATC-1",1
"CTAAGACGTAAGGATT-1",2
"CTAAGACGTATCAGTC-1",3
"CTAAGACGTCACCTAA-1",1
"CTAAGACTCGTTGCCT-1",4
"CTAAGACTCTTACCGC-1",1
"CTAAGACTCTTGAGGT-1",2
"CTAATGGAGCAATCTC-1",2
"CTAATGGAGCGCTCCA-1",5
"CTAATGGAGCTCCCAG-1",2
"CTAATGGAGCTGAAAT-1",16
"CTAATGGAGTTAGGTA-1",1
"CTAATGGCATGGAATA-1",1
"CTAATGGGTACCGCTG-1",4
"CTAATGGGTCTAGCGC-1",3
"CTAATGGGTGAGGGAG-1",0
"CTAATGGGTTGGTGGA-1",0
"CTAATGGTCATGCTCC-1",2
"CTAATGGTCCACTGGG-1",2
"CTAATGGTCCGTTGCT-1",2
"CTAATGGTCCTAGAAC-1",2
"CTACACCAGTGCGATG-1",2
"CTACACCCACGGACAA-1",2
"CTACACCGTAATAGCA-1",4
"CTACACCGTCTGATTG-1",0
"CTACACCGTTCGTCTC-1",1
"CTACACCTCAGAAATG-1",2
"CTACACCTCGGCTTGG-1",1
"CTACACCTCGGTCCGA-1",2
"CTACACCTCTCGCATC-1",11
"CTACACCTCTCTGCTG-1",5
"CTACATTAGATCACGG-1",1
"CTACATTCACTCGACG-1",3
"CTACATTCATTTCACT-1",3
"CTACATTGTGATGATA-1",0
"CTACATTGTTCGAATC-1",1
"CTACATTTCAACGCTA-1",0
"CTACATTTCGCCATAA-1",2
"CTACATTTCTAGCACA-1",1
"CTACCCACACAGAGGT-1",0
"CTACCCACACGACGAA-1",1
"CTACCCACATGGTTGT-1",1
"CTACCCAGTATCTGCA-1",6
"CTACCCAGTATGAATG-1",0
"CTACCCAGTCAGAAGC-1",3
"CTACCCAGTGTGACCC-1",3
"CTACCCAGTTATGTGC-1",3
"CTACCCATCTACGAGT-1",0
"CTACGTCAGGTGCAAC-1",5
"CTACGTCAGTGCGATG-1",3
"CTACGTCAGTTGTCGT-1",2
"CTACGTCCATATACCG-1",1
"CTACGTCGTATATGGA-1",4
"CTACGTCGTGTGGTTT-1",0
"CTACGTCTCAAAGTAG-1",1
"CTACGTCTCACGACTA-1",1
"CTACGTCTCACGGTTA-1",2
"CTACGTCTCCTAGAAC-1",5
"CTAGAGTAGCTGTCTA-1",3
"CTAGAGTAGGATCGCA-1",2
"CTAGAGTAGTCCATAC-1",2
"CTAGAGTCACATTAGC-1",7
"CTAGAGTCAGTATGCT-1",4
"CTAGAGTCATACTCTT-1",5
"CTAGAGTCATGTAAGA-1",0
"CTAGAGTGTGACCAAG-1",3
"CTAGAGTTCAACACCA-1",2
"CTAGAGTTCCGTCAAA-1",2
"CTAGAGTTCCTAAGTG-1",1
"CTAGAGTTCGCCAGCA-1",1
"CTAGAGTTCGCTTAGA-1",7
"CTAGAGTTCGTGACAT-1",0
"CTAGAGTTCTGATTCT-1",1
"CTAGCCTCACCAGATT-1",0
"CTAGCCTGTATATCCG-1",1
"CTAGCCTGTGATGCCC-1",4
"CTAGCCTTCGGGAGTA-1",7
"CTAGTGAAGCTGGAAC-1",2
"CTAGTGAAGTGTACCT-1",1
"CTAGTGACAAGTCTAC-1",2
"CTAGTGACAGGATCGA-1",2
"CTAGTGAGTTATGCGT-1",3
"CTAGTGATCAGTTGAC-1",6
"CTAGTGATCCAGTAGT-1",4
"CTCACACAGCTAAGAT-1",3
"CTCACACAGCTGCCCA-1",2
"CTCACACAGGATGCGT-1",1
"CTCACACCACGTAAGG-1",0
"CTCACACCACTGTTAG-1",2
"CTCACACCATATACGC-1",1
"CTCACACGTGCTGTAT-1",2
"CTCACACGTTCCATGA-1",2
"CTCACACGTTTGGGCC-1",2
"CTCACACTCACCGGGT-1",1
"CTCACACTCATCGGAT-1",0
"CTCACACTCCGCGCAA-1",2
"CTCACACTCTAACCGA-1",2
"CTCAGAAAGAGCTGCA-1",1
"CTCAGAAAGGAGTAGA-1",0
"CTCAGAACAACGCACC-1",4
"CTCAGAACAAGCGATG-1",1
"CTCAGAACAGGGCATA-1",3
"CTCAGAAGTGACGGTA-1",1
"CTCAGAATCTTAACCT-1",1
"CTCATTAAGAACTGTA-1",0
"CTCATTACATGGTCAT-1",2
"CTCATTAGTGTAACGG-1",0
"CTCATTAGTTTACTCT-1",2
"CTCCTAGCAAGTACCT-1",2
"CTCCTAGCAATTCCTT-1",6
"CTCCTAGCACTGTCGG-1",5
"CTCCTAGCAGTCCTTC-1",1
"CTCCTAGCATAACCTG-1",1
"CTCCTAGCATGCGCAC-1",1
"CTCCTAGGTAGAAAGG-1",2
"CTCCTAGGTCCGAGTC-1",4
"CTCCTAGGTCTAGCCG-1",0
"CTCCTAGGTGTTTGTG-1",2
"CTCCTAGGTTCGTGAT-1",1
"CTCCTAGGTTGTTTGG-1",0
"CTCCTAGTCACTTACT-1",3
"CTCCTAGTCTCATTCA-1",2
"CTCGAAAAGCCCAACC-1",2
"CTCGAAAAGCTATGCT-1",8
"CTCGAAAAGGCCCTTG-1",5
"CTCGAAAAGGGCTTCC-1",2
"CTCGAAACAAGCCGTC-1",0
"CTCGAAACACATTAGC-1",1
"CTCGAAACACCGAAAG-1",3
"CTCGAAACACGGCTAC-1",2
"CTCGAAACAGTAAGAT-1",1
"CTCGAAACATACGCCG-1",1
"CTCGAGGAGCCATCGC-1",1
"CTCGAGGAGGGCTTCC-1",3
"CTCGAGGCAGATAATG-1",10
"CTCGAGGGTATTCTCT-1",4
"CTCGAGGGTGCCTGGT-1",0
"CTCGGAGAGTCCCACG-1",2
"CTCGGAGCACTTCTGC-1",1
"CTCGGAGCAGCTGCAC-1",2
"CTCGGAGCAGGATCGA-1",3
"CTCGGAGGTAGCCTAT-1",1
"CTCGGAGGTCATGCCG-1",1
"CTCGGAGTCAAACGGG-1",2
"CTCGGAGTCACATACG-1",5
"CTCGGAGTCAGCTTAG-1",0
"CTCGGGAAGACCTAGG-1",5
"CTCGGGACACAGCCCA-1",1
"CTCGGGACATAAAGGT-1",2
"CTCGGGACATCCCACT-1",4
"CTCGGGACATGTCGAT-1",1
"CTCGGGAGTCGCGTGT-1",2
"CTCGGGAGTGACTACT-1",6
"CTCGGGAGTTACGACT-1",2
"CTCGGGATCCGTACAA-1",1
"CTCGGGATCCTTGACC-1",2
"CTCGGGATCTTAGCCC-1",0
"CTCGGGATCTTGTTTG-1",3
"CTCGTACAGCGATAGC-1",3
"CTCGTACCAGCGTAAG-1",2
"CTCGTACCATAGTAAG-1",3
"CTCGTACGTAGAGTGC-1",0
"CTCGTACGTATCACCA-1",1
"CTCGTACGTGCAGTAG-1",0
"CTCGTACTCAAAGTAG-1",1
"CTCGTACTCAATCTCT-1",4
"CTCGTACTCGTTGCCT-1",1
"CTCGTACTCTGGTTCC-1",0
"CTCGTCAAGATGCCTT-1",3
"CTCGTCAAGTGGAGTC-1",7
"CTCGTCAAGTTTGCGT-1",1
"CTCGTCACAACGATCT-1",1
"CTCGTCACACATCCGG-1",0
"CTCGTCACAGTCGTGC-1",1
"CTCGTCAGTCTCATCC-1",2
"CTCGTCAGTCTCCATC-1",1
"CTCGTCAGTGAGCGAT-1",0
"CTCGTCAGTTGACGTT-1",1
"CTCGTCAGTTGGGACA-1",3
"CTCGTCATCACTTATC-1",0
"CTCGTCATCGACCAGC-1",4
"CTCGTCATCTGCTGTC-1",9
"CTCTAATCACCAGGTC-1",0
"CTCTAATCACGGTGTC-1",1
"CTCTAATCAGGAATCG-1",1
"CTCTAATGTCCAAGTT-1",1
"CTCTACGAGCTAAACA-1",1
"CTCTACGAGCTAGTGG-1",1
"CTCTACGAGTACGCCC-1",3
"CTCTACGAGTAGGCCA-1",0
"CTCTACGCAATAACGA-1",2
"CTCTACGCAGACGCTC-1",1
"CTCTACGCATGACATC-1",0
"CTCTACGTCATGTCTT-1",1
"CTCTACGTCCCTAATT-1",1
"CTCTACGTCGGCATCG-1",3
"CTCTACGTCGGTCTAA-1",2
"CTCTGGTAGCAGCGTA-1",3
"CTCTGGTAGCGTTCCG-1",2
"CTCTGGTAGGCATGGT-1",2
"CTCTGGTAGTGCCAGA-1",0
"CTCTGGTCACAAGCCC-1",4
"CTCTGGTCAGCCTTTC-1",3
"CTCTGGTTCATCTGTT-1",3
"CTCTGGTTCTTGTACT-1",2
"CTGAAACAGATCCCGC-1",2
"CTGAAACAGGTGCTAG-1",3
"CTGAAACAGTCCGTAT-1",1
"CTGAAACAGTGTCTCA-1",1
"CTGAAACGTCATCGGC-1",2
"CTGAAACGTTAAAGAC-1",1
"CTGAAACTCATACGGT-1",2
"CTGAAGTAGTGCGTGA-1",3
"CTGAAGTCAGCTGTAT-1",12
"CTGAAGTGTTAAAGTG-1",0
"CTGAAGTTCAAGCCTA-1",0
"CTGAAGTTCGGATGTT-1",1
"CTGATAGAGGGAGTAA-1",4
"CTGATAGAGTGCAAGC-1",2
"CTGATAGCAGCCTTTC-1",2
"CTGATAGCATCCCATC-1",1
"CTGATAGCATCTCCCA-1",1
"CTGATAGGTCAAAGCG-1",9
"CTGATAGGTCGCTTTC-1",0
"CTGATAGGTTACGACT-1",1
"CTGATAGTCGCGATCG-1",1
"CTGATAGTCTTATCTG-1",1
"CTGATCCAGGCATTGG-1",0
"CTGATCCAGGTGACCA-1",2
"CTGATCCCACAGAGGT-1",5
"CTGATCCCAGGCTGAA-1",2
"CTGATCCGTGCCTGGT-1",0
"CTGATCCGTTATCCGA-1",1
"CTGATCCGTTGTGGCC-1",4
"CTGCCTAAGGGTCTCC-1",4
"CTGCCTAAGGTGATAT-1",0
"CTGCCTAAGTACGCGA-1",1
"CTGCCTAAGTGCGTGA-1",0
"CTGCCTACATCCCACT-1",5
"CTGCCTATCAATAAGG-1",5
"CTGCGGAAGAAGGACA-1",0
"CTGCGGAAGAGCTGGT-1",2
"CTGCGGAAGATGAGAG-1",1
"CTGCGGACAGGTCGTC-1",5
"CTGCGGACATGTCTCC-1",2
"CTGCGGAGTCACTTCC-1",2
"CTGCGGAGTCGTGGCT-1",5
"CTGCGGAGTTCTGTTT-1",2
"CTGCGGAGTTGGACCC-1",4
"CTGCGGATCGCCTGTT-1",2
"CTGCGGATCTTACCGC-1",0
"CTGCTGTAGGGTGTTG-1",1
"CTGCTGTAGTACCGGA-1",2
"CTGCTGTAGTGGAGAA-1",1
"CTGCTGTCACATCTTT-1",1
"CTGCTGTGTTAAAGAC-1",0
"CTGCTGTTCTCCAACC-1",2
"CTGCTGTTCTTACCGC-1",1
"CTGGTCTAGCGTTGCC-1",4
"CTGGTCTAGGACAGCT-1",4
"CTGGTCTAGGGCTTGA-1",2
"CTGGTCTAGTCGAGTG-1",1
"CTGGTCTCAAAGGAAG-1",3
"CTGGTCTCACCAGTTA-1",1
"CTGGTCTGTACCTACA-1",4
"CTGGTCTGTACGCTGC-1",8
"CTGGTCTGTCCGCTGA-1",0
"CTGGTCTGTCCGTTAA-1",0
"CTGGTCTGTTCATGGT-1",2
"CTGGTCTGTTCGTGAT-1",0
"CTGGTCTTCAACGGGA-1",1
"CTGGTCTTCACTTACT-1",4
"CTGGTCTTCTTACCTA-1",1
"CTGTGCTGTATATCCG-1",1
"CTGTGCTGTCATCCCT-1",1
"CTGTGCTGTCCCTACT-1",0
"CTGTGCTGTCGGCACT-1",1
"CTGTGCTTCCATTCTA-1",1
"CTGTGCTTCCGTACAA-1",8
"CTGTTTAAGAAACCGC-1",1
"CTGTTTAAGATCGATA-1",1
"CTGTTTAAGGAGTTGC-1",0
"CTGTTTAGTCAAAGCG-1",0
"CTGTTTATCAGCCTAA-1",3
"CTGTTTATCATTTGGG-1",1
"CTGTTTATCTCCAGGG-1",3
"CTGTTTATCTCTTGAT-1",5
"CTGTTTATCTTCTGGC-1",2
"CTTAACTAGCCAGTAG-1",0
"CTTAACTAGGCTCTTA-1",4
"CTTAACTAGGTGCACA-1",1
"CTTAACTAGTCTCGGC-1",1
"CTTACCGAGCGCTTAT-1",4
"CTTACCGAGGCTACGA-1",0
"CTTACCGCAGATCTGT-1",2
"CTTACCGCAGTCAGAG-1",1
"CTTACCGGTCCTGCTT-1",3
"CTTACCGGTCGCCATG-1",0
"CTTACCGGTCTACCTC-1",2
"CTTACCGTCGGACAAG-1",0
"CTTAGGAAGCCCAACC-1",1
"CTTAGGACACGACGAA-1",3
"CTTAGGAGTTATGTGC-1",1
"CTTAGGATCCCATTTA-1",7
"CTTAGGATCTTTACAC-1",2
"CTTCTCTAGAACTCGG-1",1
"CTTCTCTAGAGTGAGA-1",2
"CTTCTCTAGCAGGCTA-1",1
"CTTCTCTAGTTAACGA-1",6
"CTTCTCTCAAAGGTGC-1",2
"CTTCTCTGTAACGACG-1",0
"CTTCTCTGTGCATCTA-1",0
"CTTCTCTTCGAGCCCA-1",3
"CTTGGCTAGCGATATA-1",1
"CTTGGCTAGTACGTTC-1",1
"CTTGGCTCATTACCTT-1",2
"CTTGGCTGTCTCCATC-1",2
"CTTGGCTTCCCTAATT-1",2
"CTTGGCTTCGCGTAGC-1",2
"CTTGGCTTCTCGTTTA-1",7
"CTTTGCGAGCAAATCA-1",1
"CTTTGCGAGCGTTCCG-1",9
"CTTTGCGAGTATCTCG-1",1
"CTTTGCGCAATTCCTT-1",3
"CTTTGCGCACTTAAGC-1",8
"CTTTGCGCAGACGCAA-1",1
"CTTTGCGGTAGAGGAA-1",3
"CTTTGCGTCCAGGGCT-1",3
"GAAACTCAGAGACGAA-1",2
"GAAACTCAGAGGTTAT-1",2
"GAAACTCAGCAGCCTC-1",1
"GAAACTCAGCCCAGCT-1",1
"GAAACTCAGCTAAACA-1",3
"GAAACTCAGTGCTGCC-1",0
"GAAACTCCAAGCCCAC-1",1
"GAAACTCCACATGACT-1",1
"GAAACTCCAGACACTT-1",1
"GAAACTCCATGGATGG-1",0
"GAAACTCGTACTCGCG-1",1
"GAAACTCGTAGCGATG-1",1
"GAAACTCGTGTGAAAT-1",1
"GAAACTCGTTTGTGTG-1",0
"GAAATGAAGACTAGGC-1",2
"GAAATGAAGCCAGTTT-1",0
"GAAATGAAGCTAGTCT-1",3
"GAAATGAAGTACGTAA-1",1
"GAAATGATCATGCTCC-1",1
"GAAATGATCCTCGCAT-1",2
"GAACATCAGATGGCGT-1",0
"GAACATCCAACAACCT-1",1
"GAACATCCACATCTTT-1",0
"GAACATCCACCTATCC-1",3
"GAACATCCACGGACAA-1",0
"GAACATCCATGCTAGT-1",1
"GAACATCGTACGACCC-1",0
"GAACATCGTGGACGAT-1",7
"GAACATCGTTCCCGAG-1",0
"GAACATCTCCAAGTAC-1",1
"GAACATCTCGATCCCT-1",4
"GAACATCTCTCCAACC-1",2
"GAACCTAAGAACTGTA-1",3
"GAACCTAAGAGCAATT-1",1
"GAACCTAAGCCAGTAG-1",5
"GAACCTACAAGGACAC-1",0
"GAACCTACAGACACTT-1",1
"GAACCTAGTACCAGTT-1",1
"GAACCTAGTGTCAATC-1",3
"GAACCTATCACGATGT-1",1
"GAACGGAAGACGCAAC-1",4
"GAACGGAAGTAATCCC-1",2
"GAACGGAAGTCAATAG-1",1
"GAACGGAAGTGGACGT-1",0
"GAACGGACACAGCGTC-1",0
"GAACGGACACCTCGTT-1",2
"GAACGGACACTTAACG-1",1
"GAACGGAGTAGCGTAG-1",2
"GAACGGAGTCAGAGGT-1",3
"GAACGGAGTGGCGAAT-1",8
"GAACGGATCACTCCTG-1",1
"GAACGGATCCACGAAT-1",2
"GAACGGATCGTAGGAG-1",12
"GAACGGATCTGTCAAG-1",1
"GAAGCAGAGACTAAGT-1",3
"GAAGCAGAGAGACGAA-1",2
"GAAGCAGAGCCACGCT-1",4
"GAAGCAGAGTTCGCGC-1",0
"GAAGCAGCAATCCGAT-1",6
"GAAGCAGCACTCGACG-1",0
"GAAGCAGCAGATCTGT-1",3
"GAAGCAGCAGATGAGC-1",1
"GAAGCAGCATGAACCT-1",1
"GAAGCAGCATGGAATA-1",0
"GAAGCAGGTAACGCGA-1",2
"GAAGCAGGTCATACTG-1",2
"GAAGCAGTCCTAGTGA-1",2
"GAAGCAGTCTTATCTG-1",7
"GAATAAGCAAGGTGTG-1",2
"GAATAAGCAGACAAGC-1",1
"GAATAAGCATGCAACT-1",2
"GAATAAGGTCCGTTAA-1",4
"GAATAAGGTGAGTGAC-1",0
"GAATAAGGTTCCCTTG-1",3
"GAATAAGTCGTTTAGG-1",1
"GAATGAAAGAGTCTGG-1",0
"GAATGAAAGCTTATCG-1",2
"GAATGAAAGGCATGTG-1",1
"GAATGAACAAACGCGA-1",1
"GAATGAACAGTGAGTG-1",1
"GAATGAACATCATCCC-1",2
"GAATGAAGTCAACATC-1",2
"GAATGAAGTCTCACCT-1",4
"GAATGAAGTGGCAAAC-1",1
"GAATGAAGTTGCGTTA-1",0
"GAATGAATCAGTTAGC-1",1
"GAATGAATCCTGCCAT-1",8
"GACACGCAGACGCACA-1",4
"GACACGCAGAGTAATC-1",1
"GACACGCAGCCAACAG-1",0
"GACACGCAGGAGTTTA-1",9
"GACACGCAGGGCATGT-1",0
"GACACGCAGGTGCACA-1",1
"GACACGCAGTCCAGGA-1",1
"GACACGCAGTGGGATC-1",2
"GACACGCAGTGGGTTG-1",4
"GACACGCCAAGCGTAG-1",11
"GACACGCCAAGGACAC-1",1
"GACACGCCAGACGCTC-1",4
"GACACGCCATCCTTGC-1",3
"GACACGCGTTCACGGC-1",2
"GACACGCTCATGTAGC-1",2
"GACAGAGAGTACGATA-1",7
"GACAGAGCAACGATCT-1",9
"GACAGAGCAAGTCTAC-1",0
"GACAGAGCAGCTCCGA-1",20
"GACAGAGCAGCTGGCT-1",6
"GACAGAGGTAGAAAGG-1",4
"GACAGAGTCAAACAAG-1",2
"GACAGAGTCAGAGACG-1",0
"GACAGAGTCCTTCAAT-1",2
"GACAGAGTCCTTGCCA-1",3
"GACAGAGTCTTCATGT-1",1
"GACCAATAGAAGGGTA-1",1
"GACCAATAGCTACCGC-1",0
"GACCAATAGCTACCTA-1",2
"GACCAATCAGGTGCCT-1",0
"GACCAATCATGCGCAC-1",0
"GACCAATGTACAGTTC-1",2
"GACCAATGTCGCTTCT-1",2
"GACCAATTCCGATATG-1",5
"GACCAATTCGAATGGG-1",1
"GACCAATTCGTCACGG-1",2
"GACCTGGCATCACAAC-1",0
"GACCTGGCATGTCTCC-1",0
"GACCTGGCATTGGCGC-1",3
"GACCTGGGTAAAGGAG-1",3
"GACCTGGGTCCAGTTA-1",3
"GACCTGGGTGCAGTAG-1",2
"GACCTGGTCATAGCAC-1",0
"GACCTGGTCCTTGCCA-1",9
"GACCTGGTCGCATGAT-1",0
"GACCTGGTCGTCACGG-1",1
"GACGCGTAGTGGTAAT-1",1
"GACGCGTAGTTGTAGA-1",0
"GACGCGTGTAAAGGAG-1",9
"GACGCGTGTGTGAAAT-1",5
"GACGCGTGTTAAGACA-1",1
"GACGCGTTCAAACCGT-1",2
"GACGCGTTCCAAATGC-1",0
"GACGCGTTCCGCGGTA-1",0
"GACGCGTTCCTACAGA-1",1
"GACGCGTTCGACGGAA-1",2
"GACGCGTTCTCCGGTT-1",70
"GACGGCTAGAAGATTC-1",1
"GACGGCTAGAGCTGGT-1",1
"GACGGCTCAAGGTTTC-1",7
"GACGGCTCACCGCTAG-1",0
"GACGGCTCATGAACCT-1",1
"GACGGCTCATGCAACT-1",2
"GACGGCTGTGTGTGCC-1",0
"GACGGCTGTTATGTGC-1",2
"GACGGCTGTTTGGCGC-1",1
"GACGGCTTCTATCGCC-1",2
"GACGTGCAGGCAAAGA-1",0
"GACGTGCAGGGTGTGT-1",1
"GACGTGCAGGTGTTAA-1",3
"GACGTGCCAGGTCGTC-1",2
"GACGTGCGTAACGTTC-1",0
"GACGTGCTCACCTCGT-1",1
"GACGTTAAGCTACCGC-1",2
"GACGTTAAGGCAAAGA-1",10
"GACGTTAAGTCAAGCG-1",3
"GACGTTACAAGCCATT-1",1
"GACGTTACAAGGTTTC-1",0
"GACGTTACAGACACTT-1",3
"GACGTTAGTATCTGCA-1",0
"GACGTTAGTTTGACAC-1",3
"GACGTTAGTTTGACTG-1",0
"GACGTTATCACAGGCC-1",1
"GACGTTATCATTGCGA-1",1
"GACGTTATCCCGGATG-1",1
"GACGTTATCCGAAGAG-1",1
"GACGTTATCGCGTTTC-1",0
"GACGTTATCTGTCCGT-1",2
"GACTAACAGACAGAGA-1",11
"GACTAACAGTGGAGAA-1",0
"GACTAACCAAATCCGT-1",2
"GACTAACGTCTAGTCA-1",8
"GACTAACGTGCAACTT-1",1
"GACTAACGTTCAGACT-1",8
"GACTAACTCCGCGCAA-1",2
"GACTAACTCCTTTCTC-1",1
"GACTAACTCTTGCCGT-1",1
"GACTAACTCTTTACAC-1",8
"GACTACAAGATATGGT-1",1
"GACTACACAAATCCGT-1",1
"GACTACAGTGCTGTAT-1",0
"GACTACATCAGCCTAA-1",2
"GACTACATCAGGTAAA-1",5
"GACTACATCTGCAGTA-1",4
"GACTGCGAGCGTAGTG-1",1
"GACTGCGAGTTGTAGA-1",0
"GACTGCGCACTTAACG-1",1
"GACTGCGCATGTTCCC-1",2
"GACTGCGGTACGCACC-1",1
"GACTGCGGTTCTCATT-1",1
"GACTGCGTCAACACAC-1",7
"GACTGCGTCACGACTA-1",0
"GACTGCGTCGCCCTTA-1",2
"GACTGCGTCTCAAACG-1",0
"GAGCAGAGTAGGGTAC-1",1
"GAGCAGAGTCAGATAA-1",6
"GAGCAGAGTCATATGC-1",0
"GAGCAGAGTGAGCGAT-1",0
"GAGCAGAGTGTAACGG-1",2
"GAGCAGAGTGTGACCC-1",0
"GAGCAGAGTTCGGGCT-1",1
"GAGCAGAGTTTAAGCC-1",0
"GAGCAGAGTTTGCATG-1",8
"GAGGTGAAGCAACGGT-1",2
"GAGGTGAAGGCTCTTA-1",2
"GAGGTGAAGTGGTAGC-1",4
"GAGGTGAAGTTGTAGA-1",1
"GAGGTGACACTGTCGG-1",1
"GAGGTGACATCCTTGC-1",1
"GAGGTGACATGCATGT-1",5
"GAGGTGAGTACCTACA-1",0
"GAGGTGAGTCATTAGC-1",3
"GAGGTGAGTTCCTCCA-1",14
"GAGGTGATCATCGCTC-1",0
"GAGGTGATCTAGAGTC-1",0
"GAGGTGATCTCTAGGA-1",4
"GAGGTGATCTGCTGTC-1",0
"GAGGTGATCTGGGCCA-1",2
"GAGTCCGAGGACAGAA-1",3
"GAGTCCGAGGCATGTG-1",2
"GAGTCCGAGGCGTACA-1",1
"GAGTCCGCAAACCCAT-1",1
"GAGTCCGGTCAAGCGA-1",4
"GAGTCCGGTGACCAAG-1",0
"GAGTCCGGTGACTCAT-1",1
"GAGTCCGGTGTGACCC-1",4
"GAGTCCGGTTCGGGCT-1",3
"GAGTCCGGTTTGCATG-1",2
"GAGTCCGTCGGCGCAT-1",1
"GAGTCCGTCTGATTCT-1",3
"GATCAGTAGATGTCGG-1",1
"GATCAGTAGTGGTAGC-1",1
"GATCAGTGTATATGAG-1",3
"GATCAGTGTCTGCGGT-1",0
"GATCAGTGTTATGCGT-1",13
"GATCAGTGTTGTACAC-1",7
"GATCAGTTCCCGACTT-1",2
"GATCGATAGAATGTTG-1",2
"GATCGATAGAGCTGCA-1",1
"GATCGATAGCATGGCA-1",1
"GATCGATCAAGCGAGT-1",1
"GATCGATCAAGCGTAG-1",1
"GATCGATGTCAACATC-1",10
"GATCGATGTTGCCTCT-1",3
"GATCGATTCCGCATCT-1",1
"GATCGCGAGATAGTCA-1",13
"GATCGCGAGCCTTGAT-1",1
"GATCGCGAGGAGCGTT-1",2
"GATCGCGCAGGTCGTC-1",1
"GATCGCGGTACAGCAG-1",2
"GATCGCGGTGAGTATA-1",1
"GATCGCGGTTGTCGCG-1",0
"GATCGCGTCACTCCTG-1",2
"GATCGTAAGACATAAC-1",11
"GATCGTAAGCTCAACT-1",2
"GATCGTACATAACCTG-1",1
"GATCGTAGTGGCTCCA-1",3
"GATCGTATCATATCGG-1",2
"GATCGTATCATGTCCC-1",1
"GATCGTATCTTACCGC-1",1
"GATCTAGAGCGTCTAT-1",2
"GATCTAGAGTGGAGAA-1",0
"GATCTAGCAACACCTA-1",1
"GATCTAGCAAGGGTCA-1",5
"GATCTAGGTCTAAAGA-1",3
"GATCTAGGTCTCACCT-1",0
"GATCTAGGTCTCTTTA-1",2
"GATCTAGTCACATAGC-1",10
"GATCTAGTCTAAGCCA-1",6
"GATGAAAAGAGTAATC-1",3
"GATGAAAAGCTCCCAG-1",1
"GATGAAACACGGTAGA-1",2
"GATGAAACAGCTGTAT-1",1
"GATGAAAGTGGGTATG-1",10
"GATGAAATCACCCTCA-1",2
"GATGAAATCACTCCTG-1",1
"GATGAAATCAGCAACT-1",1
"GATGAAATCGAGAGCA-1",0
"GATGAGGAGATCCCGC-1",1
"GATGAGGAGTTCGATC-1",5
"GATGAGGCACCAGTTA-1",1
"GATGAGGGTATCACCA-1",4
"GATGAGGGTATTCGTG-1",2
"GATGAGGGTCGCGTGT-1",6
"GATGAGGGTGATGATA-1",1
"GATGAGGTCACAGGCC-1",3
"GATGAGGTCACATAGC-1",4
"GATGAGGTCCCTTGTG-1",2
"GATGAGGTCTGCTGTC-1",0
"GATGCTAAGACTAAGT-1",4
"GATGCTAAGGATGCGT-1",1
"GATGCTAAGGCTCTTA-1",2
"GATGCTAAGGGAACGG-1",2
"GATGCTAAGTATCTCG-1",5
"GATGCTAAGTCTCGGC-1",0
"GATGCTACATGTTGAC-1",0
"GATGCTACATTGCGGC-1",3
"GATGCTAGTCTCCATC-1",1
"GATGCTAGTGGAAAGA-1",1
"GATGCTAGTTAGGGTG-1",0
"GATGCTATCCTGTACC-1",0
"GATGCTATCGGCGCTA-1",2
"GATTCAGAGAAACCTA-1",3
"GATTCAGAGAGTGACC-1",3
"GATTCAGAGATTACCC-1",3
"GATTCAGAGGGTCGAT-1",0
"GATTCAGAGGTCGGAT-1",0
"GATTCAGAGTCAATAG-1",1
"GATTCAGCAAGTTGTC-1",10
"GATTCAGCAATTCCTT-1",2
"GATTCAGCAGGGTACA-1",0
"GATTCAGCATCGACGC-1",2
"GATTCAGCATTATCTC-1",6
"GATTCAGGTAAATACG-1",1
"GATTCAGTCAACTCTT-1",6
"GCAAACTAGATGTTAG-1",5
"GCAAACTAGTCATGCT-1",1
"GCAAACTAGTCTCAAC-1",1
"GCAAACTCACAGGTTT-1",0
"GCAAACTGTCAGATAA-1",1
"GCAAACTGTCTCCATC-1",1
"GCAAACTTCGTGGTCG-1",9
"GCAATCAAGGGATCTG-1",1
"GCAATCAAGTATCTCG-1",0
"GCAATCAAGTGGGTTG-1",4
"GCAATCACAGCTTAAC-1",0
"GCAATCACATGTCGAT-1",0
"GCAATCACATTCCTCG-1",2
"GCAATCAGTAGGAGTC-1",2
"GCAATCAGTATAATGG-1",6
"GCAATCAGTTCTCATT-1",1
"GCAATCAGTTCTGGTA-1",1
"GCACATAAGAGCTATA-1",13
"GCACATAAGATGTTAG-1",1
"GCACATAAGCCTTGAT-1",0
"GCACATAAGGAGTACC-1",3
"GCACATAAGTGAAGTT-1",0
"GCACATACACCACGTG-1",2
"GCACATACAGCTGTAT-1",2
"GCACATACAGGAACGT-1",1
"GCACATAGTCATCGGC-1",10
"GCACATAGTCCGAATT-1",4
"GCACATAGTCTCTTTA-1",0
"GCACATAGTGCGCTTG-1",1
"GCACATATCACCTCGT-1",1
"GCACATATCTGGTTCC-1",1
"GCACTCTCAAGACACG-1",4
"GCACTCTCAATCACAC-1",6
"GCACTCTCATTTCAGG-1",0
"GCACTCTGTAAACCTC-1",4
"GCACTCTGTACCAGTT-1",4
"GCACTCTGTAGAAAGG-1",0
"GCACTCTGTCGAACAG-1",1
"GCACTCTGTCTAGGTT-1",5
"GCACTCTTCAACTCTT-1",1
"GCACTCTTCCCTAATT-1",6
"GCACTCTTCTGCCCTA-1",1
"GCAGCCAAGCTGATAA-1",2
"GCAGCCACATGAGCGA-1",3
"GCAGCCAGTAATCGTC-1",2
"GCAGCCAGTGTCGCTG-1",5
"GCAGCCATCAGTTGAC-1",4
"GCAGCCATCCCAACGG-1",2
"GCAGCCATCCGTACAA-1",50
"GCAGTTAAGTCCATAC-1",4
"GCAGTTAAGTCCGTAT-1",2
"GCAGTTAAGTTAACGA-1",9
"GCAGTTAGTGGACGAT-1",3
"GCAGTTAGTTATTCTC-1",3
"GCAGTTATCGCGATCG-1",1
"GCATACAAGATCTGCT-1",1
"GCATACAAGCAACGGT-1",7
"GCATACACAACGCACC-1",11
"GCATACACAAGGACTG-1",2
"GCATACACAAGTCTGT-1",1
"GCATACACAGTCAGCC-1",1
"GCATACACATCCTAGA-1",1
"GCATACACATCGGAAG-1",1
"GCATACAGTCCGAACC-1",1
"GCATACAGTTCTGGTA-1",0
"GCATACATCCACGACG-1",0
"GCATGATAGAATGTTG-1",2
"GCATGATAGAGTAATC-1",2
"GCATGATAGCTGATAA-1",1
"GCATGATAGGACCACA-1",7
"GCATGATAGGCTAGCA-1",2
"GCATGATAGTCAAGCG-1",0
"GCATGATAGTGGAGAA-1",16
"GCATGATCACACCGAC-1",0
"GCATGATCACATTTCT-1",2
"GCATGATGTCCCTACT-1",2
"GCATGATGTTGCGCAC-1",5
"GCATGATTCGTGGACC-1",1
"GCATGCGAGCATGGCA-1",3
"GCATGCGAGTCCAGGA-1",1
"GCATGCGCACTGCCAG-1",1
"GCATGCGGTAAGGATT-1",2
"GCATGCGGTCCTCTTG-1",2
"GCATGCGGTGTGAAAT-1",3
"GCATGCGTCCGCGGTA-1",5
"GCATGTAAGAACTGTA-1",0
"GCATGTAAGACAGACC-1",0
"GCATGTAAGTACTTGC-1",3
"GCATGTAAGTGCAAGC-1",3
"GCATGTACAACACGCC-1",2
"GCATGTATCACGAAGG-1",1
"GCCAAATCAAACTGTC-1",1
"GCCAAATCAAGGGTCA-1",0
"GCCAAATCAAGTTCTG-1",0
"GCCAAATCAGCCACCA-1",2
"GCCAAATCATAACCTG-1",3
"GCCAAATGTATAAACG-1",4
"GCCAAATGTGTTTGGT-1",13
"GCCAAATGTTTCGCTC-1",1
"GCCAAATTCAGGTAAA-1",0
"GCCAAATTCCGAGCCA-1",3
"GCCAAATTCCGCGGTA-1",1
"GCCAAATTCGGCTACG-1",0
"GCCTCTAAGAGTACCG-1",2
"GCCTCTAAGCCATCGC-1",1
"GCCTCTAAGCCGCCTA-1",0
"GCCTCTAAGCGATAGC-1",0
"GCCTCTAAGCTGCAAG-1",4
"GCCTCTAAGCTTCGCG-1",1
"GCCTCTAAGTCACGCC-1",6
"GCCTCTACAAGACGTG-1",0
"GCCTCTACAGCTATTG-1",0
"GCCTCTAGTAAGGATT-1",2
"GCCTCTAGTGATGATA-1",0
"GCCTCTAGTTAAGGGC-1",11
"GCCTCTATCAGCGACC-1",1
"GCCTCTATCCGATATG-1",0
"GCCTCTATCGAATCCA-1",0
"GCCTCTATCGAGCCCA-1",3
"GCCTCTATCGCTGATA-1",1
"GCCTCTATCTTTAGGG-1",4
"GCGACCAAGAGGTTAT-1",0
"GCGACCACACTTACGA-1",2
"GCGACCAGTCAGGACA-1",0
"GCGACCAGTCTAGAGG-1",3
"GCGACCATCAACGGGA-1",0
"GCGACCATCCCGGATG-1",1
"GCGACCATCTACTCAT-1",5
"GCGAGAAAGGTTCCTA-1",4
"GCGAGAAAGTACGATA-1",1
"GCGAGAAAGTGTCTCA-1",1
"GCGAGAACAAGCCCAC-1",3
"GCGAGAACACTGAAGG-1",2
"GCGAGAAGTAGCGCTC-1",2
"GCGAGAAGTCCCTACT-1",1
"GCGAGAATCCTTTCGG-1",1
"GCGAGAATCGAGAGCA-1",0
"GCGAGAATCGCACTCT-1",4
"GCGCAACAGTCCTCCT-1",4
"GCGCAACAGTGTACGG-1",2
"GCGCAACCAAGTCTGT-1",5
"GCGCAACCAGCCACCA-1",1
"GCGCAACGTAGCGCTC-1",2
"GCGCAACGTCCCTTGT-1",3
"GCGCAACGTCCTAGCG-1",1
"GCGCAACGTCGACTAT-1",0
"GCGCAACGTCTAGAGG-1",0
"GCGCAACGTGCACGAA-1",5
"GCGCAACTCAATACCG-1",1
"GCGCAGTCACATCCAA-1",2
"GCGCAGTCATTACCTT-1",2
"GCGCAGTGTTAGGGTG-1",2
"GCGCAGTTCGATCCCT-1",2
"GCGCAGTTCGCGGATC-1",0
"GCGCCAAAGACATAAC-1",3
"GCGCCAAAGGACAGCT-1",1
"GCGCCAAAGGCCCTTG-1",0
"GCGCCAAAGGGCTTCC-1",2
"GCGCCAAAGGTACTCT-1",1
"GCGCCAACATAACCTG-1",4
"GCGCCAACATTGGGCC-1",2
"GCGCCAAGTACTTGAC-1",0
"GCGCCAAGTCGGCACT-1",1
"GCGCCAAGTGAAAGAG-1",3
"GCGCCAAGTTGTACAC-1",1
"GCGCCAATCCGTTGCT-1",0
"GCGCGATAGAAGGTTT-1",1
"GCGCGATAGCAGGTCA-1",1
"GCGCGATAGTGAATTG-1",1
"GCGCGATAGTTTGCGT-1",11
"GCGCGATCAGCTCGAC-1",2
"GCGCGATGTAAGTAGT-1",1
"GCGCGATGTATCACCA-1",1
"GCGCGATGTCACTTCC-1",1
"GCGCGATGTTACCAGT-1",3
"GCGCGATTCAGTTAGC-1",1
"GCGCGATTCGTTTAGG-1",2
"GCGGGTTAGAAACGAG-1",1
"GCGGGTTAGCTATGCT-1",4
"GCGGGTTAGTGTGAAT-1",6
"GCGGGTTCACGCGAAA-1",3
"GCGGGTTCAGGCAGTA-1",1
"GCGGGTTCAGTAACGG-1",1
"GCGGGTTGTGAGTATA-1",5
"GCGGGTTGTGGCGAAT-1",1
"GCGGGTTTCCAAAGTC-1",2
"GCGGGTTTCCTTTCTC-1",0
"GCGGGTTTCTCCAACC-1",0
"GCGGGTTTCTTGAGGT-1",7
"GCGGGTTTCTTGTATC-1",4
"GCTCCTACAAACTGTC-1",5
"GCTCCTACACCAGGTC-1",1
"GCTCCTACACCGATAT-1",1
"GCTCCTACAGGGTACA-1",1
"GCTCCTACATTAGCCA-1",1
"GCTCCTAGTCAGGACA-1",1
"GCTCCTAGTCCGTCAG-1",4
"GCTCCTATCAGCCTAA-1",3
"GCTCCTATCCCTAATT-1",2
"GCTCTGTAGAGGTAGA-1",1
"GCTCTGTAGCTGAACG-1",1
"GCTCTGTAGGAGTCTG-1",1
"GCTCTGTAGTGCTGCC-1",2
"GCTCTGTAGTGGACGT-1",1
"GCTCTGTTCACCTCGT-1",7
"GCTGCAGAGCGTGAGT-1",2
"GCTGCAGAGTCAAGCG-1",0
"GCTGCAGAGTCCCACG-1",1
"GCTGCAGCAATTGCTG-1",4
"GCTGCAGCATGCCCGA-1",1
"GCTGCAGCATGCCTAA-1",2
"GCTGCAGGTAAACCTC-1",2
"GCTGCAGGTACGAAAT-1",2
"GCTGCAGGTAGCGCAA-1",6
"GCTGCAGGTCACCCAG-1",2
"GCTGCAGGTCATGCCG-1",6
"GCTGCGAAGGAATGGA-1",3
"GCTGCGAGTCTAACGT-1",4
"GCTGCGAGTGTTTGGT-1",3
"GCTGCGATCTCCTATA-1",3
"GCTGCGATCTTGTTTG-1",0
"GCTGCTTAGAATTGTG-1",2
"GCTGCTTAGGCAATTA-1",2
"GCTGCTTCATCACGTA-1",1
"GCTGCTTCATCCAACA-1",3
"GCTGCTTCATGCCTAA-1",0
"GCTGCTTCATGGTCAT-1",1
"GCTGCTTGTAACGACG-1",0
"GCTGCTTGTAATCGTC-1",7
"GCTGCTTGTAGGGACT-1",0
"GCTGCTTGTGAAAGAG-1",0
"GCTGCTTTCCGGGTGT-1",2
"GCTGGGTAGACCCACC-1",6
"GCTGGGTAGCCACGCT-1",3
"GCTGGGTAGTCGCCGT-1",1
"GCTGGGTAGTCTCAAC-1",0
"GCTGGGTCACGGCTAC-1",2
"GCTGGGTCAGCCAATT-1",3
"GCTGGGTGTACAGTTC-1",0
"GCTGGGTGTACCGTTA-1",0
"GCTGGGTGTCGAGTTT-1",1
"GCTGGGTGTCTCCACT-1",0
"GCTGGGTGTGCCTGTG-1",0
"GCTGGGTTCAGCTTAG-1",2
"GCTGGGTTCCTTAATC-1",1
"GCTTCCAAGAAACCTA-1",0
"GCTTCCACACCACCAG-1",3
"GCTTCCACAGGTCGTC-1",0
"GCTTCCACAGTGAGTG-1",2
"GCTTCCAGTATAGGTA-1",6
"GCTTCCAGTTCAGCGC-1",0
"GCTTCCATCGTCCAGG-1",0
"GCTTGAAAGATGGCGT-1",1
"GCTTGAAAGCCGTCGT-1",0
"GCTTGAACAAACCTAC-1",6
"GCTTGAACACGGTGTC-1",1
"GCTTGAACATCGGAAG-1",2
"GCTTGAAGTGCGGTAA-1",14
"GCTTGAAGTTCTCATT-1",0
"GCTTGAATCAGGATCT-1",0
"GGAAAGCAGGCAGGTT-1",1
"GGAAAGCCAAACGCGA-1",2
"GGAAAGCCAAGTACCT-1",9
"GGAAAGCGTAAGCACG-1",3
"GGAAAGCGTCCTCCAT-1",1
"GGAAAGCGTCGCGTGT-1",1
"GGAAAGCGTGCTTCTC-1",4
"GGAAAGCTCCAGAGGA-1",6
"GGAACTTAGAGTAAGG-1",2
"GGAACTTCAATGTAAG-1",0
"GGAACTTCACAGGAGT-1",12
"GGAACTTCACCTCGTT-1",2
"GGAACTTGTCTCTTTA-1",4
"GGAACTTTCATTGCCC-1",0
"GGAACTTTCATTTGGG-1",3
"GGAACTTTCCGTCATC-1",0
"GGAACTTTCCTCAACC-1",0
"GGAACTTTCGGATGTT-1",2
"GGAATAAAGGTACTCT-1",5
"GGAATAAAGTGTCCAT-1",2
"GGAATAACAGCGTCCA-1",1
"GGAATAAGTCTGGTCG-1",2
"GGAATAAGTGCAGGTA-1",0
"GGAATAATCAGCACAT-1",4
"GGAATAATCTTTACGT-1",1
"GGACAAGAGGTACTCT-1",0
"GGACAAGCAACGATGG-1",6
"GGACAAGCAGTCGTGC-1",0
"GGACAAGCATGGGACA-1",4
"GGACAAGGTATAAACG-1",2
"GGACAAGGTATGAAAC-1",1
"GGACAAGGTCGGCATC-1",0
"GGACAAGGTTATGCGT-1",3
"GGACAAGTCTAACGGT-1",1
"GGACAGAAGCTAGTCT-1",2
"GGACAGAAGTACTTGC-1",0
"GGACAGACAACACGCC-1",2
"GGACAGACACAAGCCC-1",2
"GGACAGAGTAAGTGGC-1",1
"GGACAGAGTCTTTCAT-1",0
"GGACAGAGTGAGGGAG-1",3
"GGACAGAGTTCCACAA-1",3
"GGACAGATCAACGCTA-1",10
"GGACATTAGAGGGCTT-1",3
"GGACATTAGCCACGTC-1",0
"GGACATTCAAACGCGA-1",3
"GGACATTCAATGACCT-1",1
"GGACATTCACCAGCAC-1",0
"GGACATTGTTCTGGTA-1",0
"GGACATTTCCTCTAGC-1",1
"GGACGTCAGTACTTGC-1",1
"GGACGTCAGTGGTAAT-1",0
"GGACGTCCACAGTCGC-1",2
"GGACGTCGTGAGGGAG-1",1
"GGACGTCGTGGCGAAT-1",4
"GGACGTCGTTACGGAG-1",3
"GGACGTCGTTTAAGCC-1",1
"GGACGTCTCCACTCCA-1",0
"GGACGTCTCGCAAACT-1",3
"GGACGTCTCTCCAGGG-1",0
"GGACGTCTCTCGAGTA-1",0
"GGACGTCTCTGGTGTA-1",6
"GGACGTCTCTTCGAGA-1",3
"GGAGCAAAGAACTCGG-1",0
"GGAGCAAAGACTGTAA-1",8
"GGAGCAAAGCCGCCTA-1",0
"GGAGCAAAGCTAAACA-1",3
"GGAGCAAAGTACGCCC-1",1
"GGAGCAACAAGCTGTT-1",0
"GGAGCAACAATGGACG-1",1
"GGAGCAACAATTCCTT-1",3
"GGAGCAACATGCTGGC-1",1
"GGAGCAAGTGAGTATA-1",1
"GGAGCAAGTTACTGAC-1",1
"GGAGCAATCAAGATCC-1",1
"GGAGCAATCCCATTTA-1",4
"GGATGTTCAAACTGTC-1",2
"GGATGTTTCATCACCC-1",1
"GGATGTTTCATGCATG-1",0
"GGATGTTTCCTACAGA-1",2
"GGATGTTTCCTCTAGC-1",2
"GGATTACAGATCCCAT-1",0
"GGATTACAGCTTCGCG-1",2
"GGATTACAGGCTAGCA-1",6
"GGATTACAGTATCTCG-1",1
"GGATTACCAAGCGTAG-1",6
"GGATTACCACATCCGG-1",4
"GGATTACCAGCGTAAG-1",2
"GGATTACGTAATAGCA-1",3
"GGATTACGTACACCGC-1",2
"GGATTACGTCTCTTTA-1",2
"GGATTACGTTGAGGTG-1",0
"GGATTACTCGCGCCAA-1",1
"GGATTACTCGGCGCAT-1",0
"GGATTACTCTGCCCTA-1",5
"GGCAATTCAATCGGTT-1",1
"GGCAATTCACGGCGTT-1",3
"GGCAATTCATCACCCT-1",4
"GGCAATTGTCGATTGT-1",1
"GGCAATTTCACTTACT-1",0
"GGCAATTTCAGCACAT-1",3
"GGCAATTTCTCCGGTT-1",2
"GGCCGATAGTGTCTCA-1",1
"GGCCGATCACGGACAA-1",0
"GGCCGATGTAGGACAC-1",5
"GGCCGATGTCACTGGC-1",4
"GGCCGATGTCCCTACT-1",5
"GGCCGATTCACCGTAA-1",2
"GGCCGATTCCGCGCAA-1",0
"GGCGACTAGAGCTGGT-1",4
"GGCGACTAGGACCACA-1",3
"GGCGACTAGGTTACCT-1",0
"GGCGACTCAAAGCGGT-1",2
"GGCGACTCAAGAGTCG-1",3
"GGCGACTCACCAGGTC-1",3
"GGCGACTCATTGTGCA-1",2
"GGCGACTTCAGAAATG-1",2
"GGCGACTTCAGAGACG-1",3
"GGCGACTTCCAGATCA-1",5
"GGCGACTTCTCTAGGA-1",0
"GGCGTGTAGCTAGCCC-1",0
"GGCGTGTAGGGTATCG-1",3
"GGCGTGTCAGGTCCAC-1",0
"GGCGTGTCAGTATAAG-1",1
"GGCGTGTCATCGTCGG-1",8
"GGCGTGTCATGGAATA-1",0
"GGCGTGTGTCTCCCTA-1",0
"GGCGTGTTCTTGAGGT-1",2
"GGCTCGAAGCCGTCGT-1",3
"GGCTCGAAGGTAAACT-1",4
"GGCTCGACAAGAAGAG-1",3
"GGCTCGACAATAGCAA-1",0
"GGCTCGACATGGTCAT-1",5
"GGCTCGAGTATATCCG-1",6
"GGCTCGAGTTACGTCA-1",2
"GGCTCGAGTTAGGGTG-1",2
"GGCTCGATCTGCAAGT-1",2
"GGCTGGTAGAAGAAGC-1",1
"GGCTGGTAGACCCACC-1",3
"GGCTGGTCAAGGACAC-1",4
"GGCTGGTCACTGCCAG-1",1
"GGCTGGTCATTTCAGG-1",3
"GGCTGGTGTATTCTCT-1",2
"GGCTGGTGTCGCATCG-1",1
"GGCTGGTGTCTAGTGT-1",2
"GGCTGGTGTTATGCGT-1",2
"GGGAATGAGCGTTGCC-1",0
"GGGAATGAGTAGGTGC-1",11
"GGGAATGGTAAGGGAA-1",1
"GGGAATGTCAACGAAA-1",0
"GGGAATGTCCAGTATG-1",1
"GGGAATGTCCGGGTGT-1",0
"GGGACCTAGATGTAAC-1",1
"GGGACCTAGTCTTGCA-1",1
"GGGACCTCAATCAGAA-1",1
"GGGACCTCACTGAAGG-1",10
"GGGAGATAGTACGACG-1",4
"GGGAGATCAAAGTGCG-1",2
"GGGAGATCAAATCCGT-1",6
"GGGAGATCAAGGACTG-1",1
"GGGAGATCACGCGAAA-1",0
"GGGAGATGTAGCGCAA-1",4
"GGGAGATTCAACGGGA-1",1
"GGGAGATTCATCACCC-1",0
"GGGATGAAGTGACATA-1",2
"GGGATGACATCATCCC-1",3
"GGGATGAGTCACCCAG-1",2
"GGGATGAGTGGAAAGA-1",4
"GGGATGAGTTACGACT-1",1
"GGGATGAGTTGGTAAA-1",1
"GGGATGATCAGTTAGC-1",2
"GGGATGATCTATCCTA-1",1
"GGGATGATCTTTAGGG-1",0
"GGGCACTAGTCTCGGC-1",1
"GGGCACTCATCTCCCA-1",0
"GGGCACTTCACCTCGT-1",2
"GGGCACTTCTGAGGGA-1",3
"GGGCATCCAATGTAAG-1",1
"GGGCATCCAGTCTTCC-1",2
"GGGCATCGTGGCGAAT-1",4
"GGGCATCTCACAGTAC-1",3
"GGGCATCTCCCTTGTG-1",3
"GGGCATCTCCGGCACA-1",2
"GGGCATCTCTGTCCGT-1",0
"GGGCATCTCTTATCTG-1",2
"GGGTCTGAGAAGATTC-1",0
"GGGTCTGAGATCCCGC-1",9
"GGGTCTGAGCCAACAG-1",0
"GGGTCTGCACAGGCCT-1",2
"GGGTCTGCACCAGGTC-1",1
"GGGTCTGGTCTGGTCG-1",1
"GGGTCTGGTGATGATA-1",4
"GGGTCTGGTGTGACCC-1",1
"GGGTCTGTCAACTCTT-1",3
"GGGTCTGTCACTCCTG-1",6
"GGGTCTGTCCGTAGTA-1",1
"GGGTTGCAGACAGAGA-1",1
"GGGTTGCAGACCTTTG-1",0
"GGGTTGCAGATCGATA-1",3
"GGGTTGCAGGGTGTTG-1",11
"GGGTTGCAGGTGGGTT-1",0
"GGGTTGCCAATAACGA-1",0
"GGGTTGCCACGCCAGT-1",1
"GGGTTGCCATTAACCG-1",3
"GGGTTGCGTACATCCA-1",1
"GGGTTGCGTAGCGCAA-1",6
"GGGTTGCGTCCTCCAT-1",3
"GGGTTGCGTCGAGTTT-1",4
"GGGTTGCGTGAGTATA-1",2
"GGGTTGCGTGTGACCC-1",1
"GGGTTGCTCGTACCGG-1",9
"GGTATTGAGCACCGTC-1",3
"GGTATTGAGCTATGCT-1",3
"GGTATTGCACATCCAA-1",3
"GGTATTGCAGCTTCGG-1",2
"GGTATTGGTTCCGTCT-1",2
"GGTATTGTCAGAAATG-1",2
"GGTATTGTCCATTCTA-1",0
"GGTATTGTCGCCAGCA-1",3
"GGTGAAGAGACACGAC-1",3
"GGTGAAGAGATCCGAG-1",4
"GGTGAAGCAAGGTGTG-1",0
"GGTGAAGCACTCGACG-1",2
"GGTGAAGCAGTATGCT-1",5
"GGTGAAGGTATGAAAC-1",9
"GGTGAAGGTCAGAATA-1",1
"GGTGAAGGTGGTACAG-1",3
"GGTGAAGGTGTATGGG-1",2
"GGTGAAGGTGTCTGAT-1",2
"GGTGAAGGTGTGGTTT-1",1
"GGTGAAGGTGTGTGCC-1",2
"GGTGAAGTCACGATGT-1",3
"GGTGAAGTCACTCTTA-1",1
"GGTGAAGTCTGGCGTG-1",1
"GGTGCGTAGGTGATTA-1",3
"GGTGCGTAGTACGATA-1",0
"GGTGCGTCACTTAAGC-1",7
"GGTGCGTCAGCTGTAT-1",1
"GGTGCGTGTTCGTTGA-1",0
"GGTGCGTTCCGTACAA-1",5
"GGTGCGTTCTTGACGA-1",3
"GGTGTTAAGGGCTCTC-1",0
"GGTGTTAAGTAGCGGT-1",1
"GGTGTTAAGTGGGATC-1",0
"GGTGTTAAGTTATCGC-1",3
"GGTGTTACAAATCCGT-1",5
"GGTGTTACACGGATAG-1",0
"GGTGTTAGTAATCACC-1",1
"GGTGTTAGTAGCAAAT-1",0
"GGTGTTAGTGTATGGG-1",0
"GGTGTTAGTTGAACTC-1",2
"GGTGTTATCGGACAAG-1",12
"GGTGTTATCGGTGTTA-1",1
"GGTGTTATCTACTTAC-1",1
"GTAACGTAGGTGACCA-1",1
"GTAACGTCACAGGCCT-1",0
"GTAACGTGTACCATCA-1",1
"GTAACGTGTGAGTATA-1",1
"GTAACGTGTTACGGAG-1",15
"GTAACGTGTTAGGGTG-1",1
"GTAACGTTCGGTCCGA-1",1
"GTAACGTTCTCATTCA-1",4
"GTAACTGAGTGGGTTG-1",7
"GTAACTGCAATGGAAT-1",1
"GTAACTGCACAGGCCT-1",8
"GTAACTGCAGGATCGA-1",7
"GTAACTGCATCGGGTC-1",0
"GTAACTGGTATTACCG-1",4
"GTAACTGTCACGGTTA-1",0
"GTAACTGTCTACTATC-1",0
"GTACGTAAGGTGCTTT-1",2
"GTACGTACAGGAATGC-1",1
"GTACGTACATGGATGG-1",1
"GTACGTAGTGAGTGAC-1",3
"GTACGTAGTTGGTAAA-1",2
"GTACGTATCACCTCGT-1",3
"GTACGTATCATCGGAT-1",1
"GTACGTATCCACTGGG-1",2
"GTACTCCAGGCAGTCA-1",0
"GTACTCCCAATAGCGG-1",1
"GTACTCCCACAGGTTT-1",2
"GTACTCCTCACCTTAT-1",2
"GTACTCCTCATTGCCC-1",0
"GTACTCCTCCTTCAAT-1",2
"GTACTTTCAGTTAACC-1",0
"GTACTTTCATGTCGAT-1",7
"GTACTTTTCCGAAGAG-1",4
"GTAGGCCAGCAATCTC-1",1
"GTAGGCCCATTCGACA-1",1
"GTAGGCCGTAACGCGA-1",5
"GTAGGCCGTAAGGGCT-1",4
"GTAGGCCGTACGACCC-1",1
"GTAGGCCGTTCAGGCC-1",3
"GTAGGCCGTTGATTGC-1",1
"GTAGGCCTCAGCACAT-1",3
"GTAGTCAAGAATGTGT-1",4
"GTAGTCAAGATGCCTT-1",1
"GTAGTCAAGGACGAAA-1",1
"GTAGTCAAGTGAAGAG-1",0
"GTAGTCATCGTCACGG-1",5
"GTAGTCATCTGAAAGA-1",0
"GTATCTTAGAAACCAT-1",1
"GTATCTTAGGCTATCT-1",1
"GTATCTTAGTTGTCGT-1",1
"GTATCTTCACACCGCA-1",2
"GTATCTTCACGAAGCA-1",0
"GTATCTTGTTCGCTAA-1",0
"GTATCTTTCATGCTCC-1",1
"GTATCTTTCATGTAGC-1",4
"GTATTCTAGAAACCAT-1",3
"GTATTCTAGACAAAGG-1",1
"GTATTCTCAAAGTCAA-1",3
"GTATTCTCAACAACCT-1",2
"GTATTCTCAACTTGAC-1",2
"GTATTCTCAATAAGCA-1",3
"GTATTCTCAGGGTTAG-1",1
"GTATTCTCATACTACG-1",3
"GTATTCTCATGGTAGG-1",0
"GTATTCTGTAGTGAAT-1",0
"GTATTCTGTCTAGAGG-1",2
"GTCAAGTCATATGCTG-1",0
"GTCAAGTCATGGTTGT-1",2
"GTCAAGTGTCAGCTAT-1",4
"GTCAAGTGTTCCACTC-1",1
"GTCACAAAGCCGATTT-1",1
"GTCACAAAGTGGAGTC-1",4
"GTCACAACAGGTGGAT-1",13
"GTCACAAGTAAACGCG-1",3
"GTCACAATCAGGATCT-1",7
"GTCACAATCAGTTGAC-1",2
"GTCACAATCATGCATG-1",1
"GTCACGGAGATCACGG-1",1
"GTCACGGCATATACCG-1",5
"GTCACGGGTGAGTGAC-1",0
"GTCACGGGTGTGGCTC-1",3
"GTCACGGTCGAGAGCA-1",0
"GTCACGGTCTACCTGC-1",6
"GTCATTTAGAGACTAT-1",2
"GTCATTTCACGTGAGA-1",1
"GTCATTTGTAGAAGGA-1",0
"GTCATTTGTCAGATAA-1",2
"GTCATTTTCCAGAGGA-1",1
"GTCCTCAAGCCCAACC-1",3
"GTCCTCAAGTAGATGT-1",0
"GTCCTCAAGTGGGCTA-1",2
"GTCCTCACAATCACAC-1",2
"GTCCTCAGTGGAAAGA-1",0
"GTCCTCATCAAAGACA-1",1
"GTCCTCATCGTCCGTT-1",0
"GTCGGGTCACTGAAGG-1",0
"GTCGGGTCACTTCGAA-1",1
"GTCGGGTCATGAAGTA-1",0
"GTCGGGTGTCTCACCT-1",2
"GTCGGGTGTGTGACGA-1",3
"GTCGGGTGTGTGTGCC-1",2
"GTCGGGTGTTACGTCA-1",3
"GTCGGGTTCTGCTGTC-1",4
"GTCGGGTTCTGTGCAA-1",0
"GTCGTAAAGAGATGAG-1",5
"GTCGTAAAGCTGCAAG-1",0
"GTCGTAAAGGCGACAT-1",10
"GTCGTAACATCACGAT-1",3
"GTCGTAAGTATCACCA-1",2
"GTCGTAATCCAAGTAC-1",1
"GTCTCGTAGACCACGA-1",0
"GTCTCGTCAGGAACGT-1",2
"GTCTCGTGTGGTAACG-1",4
"GTCTCGTGTTTGGCGC-1",9
"GTCTCGTTCACCGGGT-1",1
"GTCTCGTTCAGTGCAT-1",2
"GTCTTCGAGACAAGCC-1",3
"GTCTTCGAGGAATGGA-1",0
"GTCTTCGAGTCAAGCG-1",0
"GTCTTCGCACATGGGA-1",2
"GTCTTCGCACCAGGTC-1",1
"GTCTTCGCAGACGCAA-1",0
"GTCTTCGCATAACCTG-1",1
"GTCTTCGCATCGATGT-1",2
"GTCTTCGGTCTAGTGT-1",1
"GTCTTCGTCTCGATGA-1",0
"GTGAAGGAGAGCTGGT-1",2
"GTGAAGGAGATCGGGT-1",6
"GTGAAGGAGCCAGTTT-1",9
"GTGAAGGAGTGTTGAA-1",1
"GTGAAGGCAAAGGCGT-1",0
"GTGAAGGCACTTAAGC-1",4
"GTGAAGGCAGATTGCT-1",1
"GTGAAGGGTATATGGA-1",2
"GTGAAGGGTCTCTCTG-1",3
"GTGAAGGTCTCCTATA-1",0
"GTGCAGCAGACATAAC-1",1
"GTGCAGCAGTGGTCCC-1",0
"GTGCAGCCACATCTTT-1",2
"GTGCAGCGTGAGTATA-1",1
"GTGCAGCTCTTAGAGC-1",0
"GTGCATAAGGCATGGT-1",4
"GTGCATAGTTTGTTGG-1",4
"GTGCATATCAGAGCTT-1",0
"GTGCATATCATCATTC-1",5
"GTGCATATCTGCGTAA-1",4
"GTGCGGTAGCAATCTC-1",2
"GTGCGGTAGGACAGAA-1",3
"GTGCGGTCAAAGGTGC-1",8
"GTGCGGTGTTCAGACT-1",1
"GTGCGGTGTTCTGTTT-1",1
"GTGCGGTTCATCTGCC-1",3
"GTGCGGTTCCAGGGCT-1",2
"GTGCGGTTCGGATGGA-1",2
"GTGCGGTTCTCGTTTA-1",4
"GTGCGGTTCTGCTGTC-1",4
"GTGCTTCAGCCAGTTT-1",2
"GTGCTTCAGGATTCGG-1",3
"GTGCTTCAGTACACCT-1",0
"GTGCTTCCACTTAACG-1",3
"GTGCTTCCAGCTATTG-1",0
"GTGCTTCGTAGAGTGC-1",1
"GTGCTTCTCACAATGC-1",3
"GTGCTTCTCACTTCAT-1",7
"GTGGGTCAGACCGGAT-1",1
"GTGGGTCAGACTGTAA-1",1
"GTGGGTCAGCCGTCGT-1",2
"GTGGGTCCACCAACCG-1",3
"GTGGGTCCACCACCAG-1",2
"GTGTGCGAGACCGGAT-1",1
"GTGTGCGAGACTTGAA-1",1
"GTGTGCGCAGGTCGTC-1",0
"GTGTGCGGTGAGCGAT-1",0
"GTGTGCGTCAGTCAGT-1",0
"GTGTGCGTCCCTTGTG-1",2
"GTGTGCGTCTAACTTC-1",1
"GTGTTAGAGCACGCCT-1",5
"GTGTTAGAGGACAGAA-1",2
"GTGTTAGAGGCATGGT-1",0
"GTGTTAGAGTGGAGAA-1",4
"GTGTTAGAGTTTGCGT-1",2
"GTGTTAGCAATGGAAT-1",0
"GTGTTAGCACCACCAG-1",1
"GTGTTAGGTGCCTGGT-1",2
"GTGTTAGGTGGAAAGA-1",1
"GTGTTAGGTTCCATGA-1",2
"GTGTTAGGTTGGGACA-1",3
"GTTAAGCAGAGCTGCA-1",0
"GTTAAGCAGATAGCAT-1",1
"GTTAAGCAGCTAACAA-1",6
"GTTAAGCAGGCTACGA-1",2
"GTTAAGCAGTGTACCT-1",0
"GTTAAGCAGTTTGCGT-1",3
"GTTAAGCCATTCACTT-1",3
"GTTAAGCGTACTCGCG-1",2
"GTTAAGCGTCTAGGTT-1",0
"GTTAAGCGTGGCAAAC-1",0
"GTTAAGCGTTGCTCCT-1",1
"GTTAAGCTCCTTTCGG-1",3
"GTTACAGAGAGCTATA-1",0
"GTTACAGAGTACGATA-1",0
"GTTACAGCAGACGCCT-1",5
"GTTACAGCATCGGTTA-1",1
"GTTACAGGTATGGTTC-1",4
"GTTACAGGTCGACTGC-1",3
"GTTACAGGTCTAGGTT-1",0
"GTTCATTAGCGATGAC-1",7
"GTTCATTCATATACGC-1",2
"GTTCATTCATTGGCGC-1",2
"GTTCATTGTGCACGAA-1",1
"GTTCATTGTGTTAAGA-1",1
"GTTCATTGTTCAGTAC-1",2
"GTTCGGGAGACGACGT-1",2
"GTTCGGGAGCTAAGAT-1",4
"GTTCGGGAGTGTCTCA-1",3
"GTTCGGGGTAGGGTAC-1",1
"GTTCGGGGTGCAGGTA-1",2
"GTTCGGGTCCACGCAG-1",3
"GTTCGGGTCTACTTAC-1",3
"GTTCTCGAGACCACGA-1",2
"GTTCTCGAGCGATGAC-1",2
"GTTCTCGAGGCCATAG-1",2
"GTTCTCGCATCGGACC-1",0
"GTTCTCGGTAAGGGAA-1",1
"GTTCTCGGTAGCGTAG-1",1
"GTTCTCGGTCCGTGAC-1",3
"GTTCTCGGTGTTAAGA-1",6
"GTTCTCGTCAACGCTA-1",2
"GTTCTCGTCCTGTACC-1",5
"GTTTCTACAAACCTAC-1",2
"GTTTCTACAAGAAAGG-1",9
"GTTTCTAGTGTTGGGA-1",1
"GTTTCTATCCCAACGG-1",4
"GTTTCTATCCGTAGTA-1",0
"GTTTCTATCGGCATCG-1",6
"TAAACCGGTACTTAGC-1",0
"TAAACCGTCACTCTTA-1",1
"TAAACCGTCAGGCGAA-1",2
"TAAACCGTCCGTTGTC-1",2
"TAAACCGTCTTCCTTC-1",3
"TAAGAGACAAGTTGTC-1",1
"TAAGAGAGTATATCCG-1",2
"TAAGAGATCAATCACG-1",1
"TAAGAGATCTAACGGT-1",1
"TAAGAGATCTTTCCTC-1",2
"TAAGCGTAGTGGACGT-1",2
"TAAGCGTAGTGTCTCA-1",1
"TAAGCGTCAGCTTCGG-1",3
"TAAGCGTCAGGTGGAT-1",1
"TAAGCGTGTCCTGCTT-1",3
"TAAGCGTGTGCCTGGT-1",1
"TAAGCGTGTTGTTTGG-1",1
"TAAGCGTTCCTCATTA-1",3
"TAAGCGTTCGGCGCAT-1",1
"TAAGCGTTCTCGCATC-1",0
"TAAGTGCAGGCTAGGT-1",1
"TAAGTGCAGTAGCGGT-1",1
"TAAGTGCCAACGCACC-1",2
"TAAGTGCCATACAGCT-1",0
"TAAGTGCGTAAACACA-1",1
"TAAGTGCGTCTCACCT-1",0
"TAAGTGCGTTCAGACT-1",3
"TAAGTGCTCACCCTCA-1",1
"TAAGTGCTCACTGGGC-1",0
"TAAGTGCTCTGGCGTG-1",1
"TACACGACACCCATTC-1",1
"TACACGAGTGATAAAC-1",5
"TACACGATCTGTCTCG-1",2
"TACAGTGAGATGCGAC-1",9
"TACAGTGAGCGTTGCC-1",0
"TACAGTGAGTGTACGG-1",1
"TACAGTGCAGGAATCG-1",2
"TACAGTGCAGGTGCCT-1",3
"TACAGTGGTACTCAAC-1",1
"TACAGTGGTTGGACCC-1",5
"TACCTATAGAGCTGGT-1",4
"TACCTATAGAGTTGGC-1",0
"TACCTATAGGCTCATT-1",1
"TACCTATAGTTAGCGG-1",1
"TACCTATCAAGCTGGA-1",1
"TACCTATGTAAATGAC-1",14
"TACCTATGTAGAGTGC-1",3
"TACCTATGTCACCTAA-1",1
"TACCTATGTGTTGAGG-1",1
"TACCTATGTTAAAGAC-1",1
"TACCTATTCTATGTGG-1",1
"TACCTATTCTTCCTTC-1",0
"TACCTTAAGAGGTTGC-1",0
"TACCTTAAGTCAAGCG-1",13
"TACCTTAAGTGGTCCC-1",0
"TACCTTACAACTGGCC-1",0
"TACCTTACAAGGGTCA-1",1
"TACCTTACACTCAGGC-1",1
"TACCTTACATCTACGA-1",0
"TACCTTAGTAGCGTCC-1",6
"TACCTTAGTCTCCACT-1",0
"TACGGATAGATGGCGT-1",2
"TACGGATAGGTACTCT-1",10
"TACGGATCAGGGATTG-1",0
"TACGGATCATCACCCT-1",3
"TACGGATGTCTAGCCG-1",0
"TACGGATTCGGTGTCG-1",7
"TACGGATTCTACTATC-1",1
"TACGGGCAGGATGCGT-1",1
"TACGGGCAGGGAACGG-1",6
"TACGGGCAGTATTGGA-1",3
"TACGGGCAGTCAAGCG-1",1
"TACGGGCCAAGAAGAG-1",0
"TACGGGCCACCAGATT-1",2
"TACGGGCCATCAGTAC-1",0
"TACGGGCGTAAGGGCT-1",2
"TACGGGCGTCTGATTG-1",4
"TACGGGCGTGATGTGG-1",2
"TACGGGCTCACCTTAT-1",0
"TACGGGCTCAGCTCTC-1",1
"TACGGGCTCCACGAAT-1",1
"TACGGGCTCCTATTCA-1",1
"TACGGGCTCGGTGTTA-1",2
"TACGGTAAGATATGGT-1",4
"TACGGTAAGCCGATTT-1",2
"TACGGTAAGTCATGCT-1",0
"TACGGTAAGTGCCATT-1",2
"TACGGTACACAGGCCT-1",1
"TACGGTACATTTCAGG-1",0
"TACGGTAGTATATCCG-1",2
"TACGGTAGTCACTTCC-1",2
"TACGGTAGTGCAGGTA-1",2
"TACGGTAGTGGGTATG-1",1
"TACGGTATCGCAGGCT-1",4
"TACGGTATCGGACAAG-1",0
"TACGGTATCGTTTATC-1",2
"TACTCATAGTCACGCC-1",4
"TACTCATCAATCTACG-1",1
"TACTCATCACGGTAGA-1",6
"TACTCATCACTTCTGC-1",3
"TACTCATCATCCGTGG-1",1
"TACTCATCATGTCGAT-1",0
"TACTCATGTACAGCAG-1",0
"TACTCATGTCTTCAAG-1",3
"TACTCATTCCTTTCTC-1",0
"TACTCGCAGGCGACAT-1",64
"TACTCGCGTCAGAAGC-1",1
"TACTCGCGTCTGATTG-1",3
"TACTCGCGTGTAACGG-1",1
"TACTCGCGTTGAGTTC-1",3
"TACTCGCTCAACGGGA-1",3
"TACTCGCTCCGAATGT-1",3
"TACTTACAGACTAGGC-1",0
"TACTTACAGCTGAACG-1",3
"TACTTACAGTACACCT-1",1
"TACTTACAGTACGCCC-1",3
"TACTTACAGTGATCGG-1",1
"TACTTACCAAGCCGTC-1",1
"TACTTACCACAGGTTT-1",3
"TACTTACTCGCGTTTC-1",0
"TACTTGTAGCGATATA-1",7
"TACTTGTAGTAATCCC-1",0
"TACTTGTCAAACAACA-1",0
"TACTTGTCATGCAACT-1",0
"TACTTGTGTAGCACGA-1",0
"TACTTGTGTATAAACG-1",3
"TACTTGTGTTCCACAA-1",8
"TACTTGTTCTGCAGTA-1",4
"TAGACCAAGAGACGAA-1",1
"TAGACCAAGCCTCGTG-1",0
"TAGACCAAGTCGATAA-1",2
"TAGACCACAACACCCG-1",2
"TAGACCAGTAGATTAG-1",1
"TAGACCAGTTCATGGT-1",0
"TAGACCATCACTTCAT-1",3
"TAGACCATCGTCACGG-1",2
"TAGACCATCTCCAGGG-1",2
"TAGAGCTAGAATTCCC-1",0
"TAGAGCTAGTATTGGA-1",2
"TAGAGCTCACTGAAGG-1",2
"TAGAGCTGTACTTGAC-1",1
"TAGAGCTGTAGGGACT-1",0
"TAGAGCTGTCTAAAGA-1",0
"TAGCCGGAGACTGGGT-1",1
"TAGCCGGAGTCCCACG-1",3
"TAGCCGGAGTGACATA-1",5
"TAGCCGGCAGCAGTTT-1",0
"TAGCCGGGTACAGTGG-1",3
"TAGCCGGGTACCATCA-1",0
"TAGCCGGGTCGCGAAA-1",7
"TAGCCGGTCACGACTA-1",1
"TAGCCGGTCCAGGGCT-1",1
"TAGGCATAGAACTGTA-1",2
"TAGGCATAGCTAGGCA-1",0
"TAGGCATAGTCGTACT-1",0
"TAGGCATAGTTTAGGA-1",3
"TAGGCATCAAGCCTAT-1",1
"TAGGCATCAGACGCAA-1",2
"TAGGCATGTACGAAAT-1",0
"TAGGCATGTCCAGTTA-1",0
"TAGGCATGTTCCACTC-1",2
"TAGGCATTCCCTAACC-1",0
"TAGGCATTCGCTAGCG-1",4
"TAGGCATTCGTAGATC-1",2
"TAGGCATTCTTCATGT-1",0
"TAGTGGTAGATCACGG-1",5
"TAGTGGTAGCTGTTCA-1",1
"TAGTGGTCAGTATAAG-1",1
"TAGTGGTGTAGCGTAG-1",4
"TAGTGGTTCAGCATGT-1",0
"TAGTGGTTCGGCGCAT-1",2
"TAGTGGTTCTCAAGTG-1",2
"TAGTGGTTCTGGGCCA-1",14
"TAGTGGTTCTTTAGTC-1",0
"TAGTTGGAGATAGGAG-1",1
"TAGTTGGCAGACGCAA-1",3
"TAGTTGGCATGCGCAC-1",6
"TAGTTGGGTATGGTTC-1",0
"TAGTTGGTCCGAATGT-1",0
"TAGTTGGTCTACTCAT-1",5
"TAGTTGGTCTCTAAGG-1",2
"TAGTTGGTCTGATACG-1",2
"TATCAGGAGAGTAAGG-1",1
"TATCAGGAGATCCGAG-1",1
"TATCAGGAGCAGATCG-1",0
"TATCAGGAGGTGCTTT-1",1
"TATCAGGCAACTTGAC-1",2
"TATCAGGCACGTTGGC-1",1
"TATCAGGGTCCGTTAA-1",4
"TATCAGGGTCTGCAAT-1",1
"TATCAGGGTTAAAGAC-1",3
"TATCAGGTCAAGATCC-1",2
"TATCAGGTCCACTCCA-1",7
"TATCAGGTCGTAGGTT-1",2
"TATCTCAAGAGTTGGC-1",1
"TATCTCAAGCCACCTG-1",3
"TATCTCAAGCGTAATA-1",2
"TATCTCAAGGCTAGCA-1",0
"TATCTCAAGTGGGCTA-1",0
"TATCTCACATGTCCTC-1",0
"TATCTCAGTAACGACG-1",0
"TATCTCAGTACCTACA-1",0
"TATCTCAGTACGACCC-1",2
"TATCTCAGTCAATGTC-1",4
"TATCTCATCAAGCCTA-1",2
"TATGCCCAGAAACCGC-1",1
"TATGCCCAGGTAGCTG-1",0
"TATGCCCCAATGGAAT-1",1
"TATGCCCCACTTAACG-1",4
"TATGCCCCATGTTCCC-1",3
"TATGCCCGTAGCCTCG-1",3
"TATGCCCGTATAGGGC-1",1
"TATGCCCGTATGAAAC-1",2
"TATGCCCGTCGCCATG-1",8
"TATGCCCGTGCCTTGG-1",2
"TATGCCCGTTAAGATG-1",0
"TATGCCCGTTGGTGGA-1",1
"TATGCCCGTTTAGGAA-1",5
"TATGCCCTCGTCTGCT-1",1
"TATTACCAGAGAGCTC-1",1
"TATTACCAGCAAATCA-1",5
"TATTACCAGCCCGAAA-1",1
"TATTACCAGTATCTCG-1",2
"TATTACCCAAAGTGCG-1",4
"TATTACCCAGACAAGC-1",1
"TATTACCCAGTCAGCC-1",2
"TATTACCCATAAAGGT-1",2
"TATTACCCATCTACGA-1",1
"TATTACCGTCCAGTAT-1",9
"TCAACGAAGCCGATTT-1",0
"TCAACGAAGCGATGAC-1",2
"TCAACGAAGGCATGTG-1",2
"TCAACGAAGTAGTGCG-1",1
"TCAACGACACCAGGCT-1",1
"TCAACGACATGCCTTC-1",9
"TCAACGAGTTACCAGT-1",0
"TCAACGAGTTCCATGA-1",3
"TCAACGAGTTCTGGTA-1",1
"TCAACGATCAGTCCCT-1",0
"TCAACGATCTGTGCAA-1",5
"TCAATCTAGATCCCGC-1",2
"TCAATCTCACAAGCCC-1",0
"TCAATCTCACAGCCCA-1",2
"TCAATCTCATGACGGA-1",6
"TCAATCTCATTTGCTT-1",1
"TCAATCTGTAGTGAAT-1",2
"TCAATCTGTTAGATGA-1",1
"TCAATCTTCAGATAAG-1",1
"TCAATCTTCATGTCCC-1",3
"TCACAAGAGACTGGGT-1",7
"TCACAAGAGAGAGCTC-1",3
"TCACAAGAGGCCCTCA-1",1
"TCACAAGAGGTGGGTT-1",8
"TCACAAGAGTAGATGT-1",2
"TCACAAGCAGTATGCT-1",3
"TCACAAGCATAACCTG-1",0
"TCACAAGCATGACATC-1",4
"TCACAAGGTCAGATAA-1",0
"TCACAAGGTGTGGTTT-1",5
"TCACAAGTCATCATTC-1",0
"TCACAAGTCATGCATG-1",1
"TCACGAAAGCTCCTTC-1",1
"TCACGAAAGGTGCTTT-1",1
"TCACGAAAGTCTCGGC-1",6
"TCACGAACACAAGACG-1",3
"TCACGAACACTGTCGG-1",3
"TCACGAAGTGGTCCGT-1",3
"TCACGAAGTTGGTGGA-1",0
"TCACGAATCATGCAAC-1",3
"TCACGAATCCCGACTT-1",1
"TCACGAATCCTCGCAT-1",4
"TCACGAATCGTCACGG-1",1
"TCAGATGAGGTGCACA-1",2
"TCAGATGGTCTTGTCC-1",1
"TCAGATGGTGCCTGCA-1",0
"TCAGATGGTGCTGTAT-1",4
"TCAGATGTCAGTTTGG-1",0
"TCAGATGTCGCATGAT-1",1
"TCAGATGTCTCCTATA-1",0
"TCAGCAAAGGAGTCTG-1",3
"TCAGCAAAGGCTCATT-1",1
"TCAGCAAAGTACGACG-1",0
"TCAGCAAAGTGGCACA-1",9
"TCAGCAACACGCATCG-1",1
"TCAGCAAGTACCGGCT-1",3
"TCAGCAATCAGCGATT-1",3
"TCAGCAATCGGAAACG-1",0
"TCAGCAATCTTCAACT-1",0
"TCAGCTCAGGTGTTAA-1",4
"TCAGCTCAGTATGACA-1",3
"TCAGCTCCAATCTGCA-1",4
"TCAGCTCCACGGTTTA-1",2
"TCAGCTCGTAATAGCA-1",0
"TCAGCTCGTCCGTCAG-1",4
"TCAGCTCGTTCACGGC-1",2
"TCAGCTCTCACGATGT-1",9
"TCAGCTCTCATGCATG-1",1
"TCAGCTCTCCTAAGTG-1",1
"TCAGCTCTCTCGTATT-1",0
"TCAGGATAGACAGAGA-1",2
"TCAGGATAGATATGGT-1",1
"TCAGGATCAAACGTGG-1",7
"TCAGGATCAAGTTCTG-1",3
"TCAGGATCACGGTGTC-1",7
"TCAGGATCACTGTGTA-1",13
"TCAGGATCAGCATACT-1",2
"TCAGGATCATCTGGTA-1",2
"TCAGGATGTAAGCACG-1",3
"TCAGGATGTGGCCCTA-1",1
"TCAGGATTCCGATATG-1",2
"TCAGGATTCTCGATGA-1",4
"TCAGGTAAGATGGCGT-1",1
"TCAGGTAAGTGTTTGC-1",0
"TCAGGTACACAAGTAA-1",2
"TCAGGTACACAGAGGT-1",11
"TCAGGTACAGCTGCTG-1",1
"TCAGGTAGTAAACGCG-1",3
"TCATTACAGAAACCAT-1",4
"TCATTACAGGAGTTGC-1",0
"TCATTACAGTTGCAGG-1",2
"TCATTACCACATCCAA-1",2
"TCATTACCAGTCAGCC-1",2
"TCATTACGTACGCACC-1",0
"TCATTACGTCTAGAGG-1",2
"TCATTACGTGAAGGCT-1",0
"TCATTACGTTCTGTTT-1",8
"TCATTACTCATCGATG-1",0
"TCATTTGAGCCAGTTT-1",1
"TCATTTGCACGTCTCT-1",2
"TCATTTGCAGTTAACC-1",1
"TCATTTGTCCAGAGGA-1",0
"TCATTTGTCCCTTGCA-1",2
"TCATTTGTCCGTCAAA-1",2
"TCATTTGTCGCTAGCG-1",5
"TCATTTGTCGTACGGC-1",2
"TCATTTGTCTCTGCTG-1",4
"TCCACACCAAAGAATC-1",1
"TCCACACCACGCCAGT-1",1
"TCCACACGTACAGCAG-1",4
"TCCACACGTAGCCTAT-1",2
"TCCACACGTCATCGGC-1",2
"TCCACACGTGACCAAG-1",2
"TCCACACGTGCGAAAC-1",0
"TCCACACTCAACACCA-1",1
"TCCACACTCCAGTATG-1",2
"TCCACACTCCCATTTA-1",0
"TCCACACTCGAACTGT-1",0
"TCCCGATAGAAGAAGC-1",9
"TCCCGATAGCACAGGT-1",0
"TCCCGATAGCCGGTAA-1",2
"TCCCGATCAAGGTTCT-1",0
"TCCCGATCAGCCAATT-1",1
"TCCCGATCATCCAACA-1",6
"TCCCGATGTAAGGATT-1",7
"TCCCGATGTCAATACC-1",2
"TCCCGATTCAGAAATG-1",4
"TCCCGATTCAGTCCCT-1",0
"TCCCGATTCATCTGTT-1",1
"TCCCGATTCCCTAATT-1",4
"TCCCGATTCTGGAGCC-1",0
"TCGAGGCAGCGATGAC-1",0
"TCGAGGCAGTGTTTGC-1",2
"TCGAGGCCAAAGAATC-1",3
"TCGAGGCCAAGTTCTG-1",2
"TCGAGGCCAGTAACGG-1",1
"TCGAGGCGTATATCCG-1",3
"TCGAGGCTCGCAAGCC-1",3
"TCGAGGCTCTTGAGAC-1",3
"TCGAGGCTCTTTCCTC-1",4
"TCGCGAGAGACAAAGG-1",1
"TCGCGAGAGTGAATTG-1",1
"TCGCGAGCAAGCGTAG-1",4
"TCGCGAGCACCGAATT-1",0
"TCGCGAGCAGTAAGAT-1",2
"TCGCGAGTCCACGAAT-1",2
"TCGCGAGTCTAGCACA-1",9
"TCGCGAGTCTCTAGGA-1",1
"TCGCGAGTCTTCATGT-1",0
"TCGCGTTAGTGGGCTA-1",1
"TCGCGTTCACAGGCCT-1",1
"TCGCGTTCATCACAAC-1",0
"TCGCGTTCATCTCGCT-1",3
"TCGCGTTGTTCACCTC-1",2
"TCGCGTTTCAAGATCC-1",2
"TCGCGTTTCAGGTAAA-1",4
"TCGCGTTTCATTCACT-1",0
"TCGCGTTTCCTGTACC-1",0
"TCGCGTTTCGCCCTTA-1",1
"TCGGGACCACACATGT-1",1
"TCGGGACTCCTTGCCA-1",1
"TCGGGACTCTGCGGCA-1",3
"TCGGGACTCTTGTCAT-1",1
"TCGGTAAAGACAGGCT-1",3
"TCGGTAAAGCTCAACT-1",8
"TCGGTAACAAGCTGAG-1",7
"TCGGTAACAGGAATGC-1",5
"TCGGTAAGTATATGGA-1",8
"TCGGTAAGTCTAGTCA-1",0
"TCGGTAATCCCGGATG-1",4
"TCGTACCAGCAGGCTA-1",4
"TCGTACCAGTTTCCTT-1",1
"TCGTACCGTTTGCATG-1",3
"TCGTACCTCGGGAGTA-1",2
"TCGTAGAAGCTAACTC-1",1
"TCGTAGAAGGCGACAT-1",3
"TCGTAGAAGGGAACGG-1",1
"TCGTAGAAGTCCATAC-1",1
"TCGTAGACAATCCAAC-1",0
"TCGTAGACACTCAGGC-1",0
"TCGTAGAGTATGAATG-1",2
"TCGTAGAGTGAGCGAT-1",1
"TCGTAGAGTGTGTGCC-1",2
"TCGTAGAGTTCAACCA-1",0
"TCGTAGAGTTCCATGA-1",10
"TCGTAGATCCAAGCCG-1",7
"TCGTAGATCTTAGCCC-1",2
"TCTATTGAGCGATTCT-1",1
"TCTATTGAGTGCCATT-1",1
"TCTATTGCACATCTTT-1",2
"TCTATTGGTAAGTGTA-1",1
"TCTATTGGTCCAACTA-1",6
"TCTATTGGTCTGCCAG-1",2
"TCTATTGGTTGCTCCT-1",0
"TCTATTGTCGGCGCTA-1",1
"TCTCATAAGCTAAACA-1",6
"TCTCATAAGCTAGTCT-1",3
"TCTCATAAGTGCCATT-1",2
"TCTCATAGTACCGGCT-1",2
"TCTCATAGTGTAAGTA-1",9
"TCTCATATCAAGCCTA-1",0
"TCTCATATCACCTTAT-1",3
"TCTCATATCCTGTACC-1",2
"TCTCTAAAGACCGGAT-1",0
"TCTCTAAAGGGTGTTG-1",6
"TCTCTAACAGCCTATA-1",1
"TCTCTAAGTCCAGTAT-1",4
"TCTCTAAGTCCATGAT-1",0
"TCTCTAAGTCTCATCC-1",1
"TCTCTAAGTGGAAAGA-1",4
"TCTCTAATCAAACCAC-1",1
"TCTCTAATCAACGCTA-1",1
"TCTCTAATCACAGGCC-1",3
"TCTCTAATCACATACG-1",0
"TCTCTAATCCGTAGGC-1",1
"TCTCTAATCGTATCAG-1",15
"TCTGAGACAAACCTAC-1",14
"TCTGAGACACGGATAG-1",4
"TCTGAGACAGAGTGTG-1",1
"TCTGAGAGTAAGGGAA-1",0
"TCTGAGATCCTTGACC-1",2
"TCTGAGATCTATCCTA-1",0
"TCTGGAAAGCGATGAC-1",12
"TCTGGAAAGCTAGTTC-1",3
"TCTGGAAAGCTCTCGG-1",2
"TCTGGAAAGGAGCGAG-1",1
"TCTGGAACACAAGACG-1",0
"TCTGGAACACACTGCG-1",0
"TCTGGAACACTTCTGC-1",1
"TCTGGAAGTGAGTATA-1",0
"TCTGGAATCTGTCTAT-1",2
"TCTTCGGAGGTTCCTA-1",2
"TCTTCGGAGTTCGATC-1",0
"TCTTCGGCAAAGCAAT-1",3
"TCTTCGGCAAAGGTGC-1",2
"TCTTCGGCAATAGCAA-1",3
"TCTTCGGCAATGTAAG-1",5
"TCTTCGGCACACCGAC-1",3
"TCTTCGGCAGCCAATT-1",2
"TCTTCGGGTCATTAGC-1",2
"TCTTCGGTCGTAGGTT-1",0
"TCTTCGGTCTCTAAGG-1",1
"TCTTTCCAGAGAGCTC-1",2
"TCTTTCCAGTCATCCA-1",2
"TCTTTCCCATCTCCCA-1",1
"TCTTTCCGTAATCACC-1",4
"TCTTTCCGTAGTACCT-1",2
"TCTTTCCTCACAACGT-1",9
"TCTTTCCTCAGCTGGC-1",2
"TCTTTCCTCCAAGTAC-1",0
"TCTTTCCTCCTCGCAT-1",4
"TGAAAGAAGCTAAGAT-1",6
"TGAAAGACAAGCCGTC-1",2
"TGAAAGACACATTCGA-1",2
"TGAAAGACATGAGCGA-1",2
"TGAAAGAGTCTAGCGC-1",7
"TGAAAGAGTCTCATCC-1",0
"TGAAAGATCCCGACTT-1",2
"TGAAAGATCTATGTGG-1",0
"TGACAACCAAGCGAGT-1",1
"TGACAACGTAGGGACT-1",5
"TGACAACGTGCGCTTG-1",3
"TGACAACGTGGTTTCA-1",1
"TGACAACTCACAAACC-1",0
"TGACAACTCCACGTGG-1",0
"TGACAACTCGAATGCT-1",2
"TGACGGCAGCGCCTCA-1",4
"TGACGGCAGGCTCAGA-1",3
"TGACGGCAGTCAAGCG-1",2
"TGACGGCCACAGACTT-1",0
"TGACGGCGTCATCCCT-1",3
"TGACGGCTCAGGCGAA-1",4
"TGACGGCTCCACTGGG-1",1
"TGACTAGAGACCCACC-1",2
"TGACTAGAGGGCATGT-1",0
"TGACTAGAGTCTCAAC-1",5
"TGACTAGAGTTGAGAT-1",2
"TGACTAGCAGCATACT-1",1
"TGACTAGCAGTCAGAG-1",1
"TGACTAGCATTTCACT-1",4
"TGACTAGGTAAATACG-1",10
"TGACTAGGTGAAAGAG-1",2
"TGACTAGGTGCAGTAG-1",9
"TGACTAGTCATGCATG-1",3
"TGACTAGTCCATGCTC-1",6
"TGACTAGTCTGTTGAG-1",3
"TGACTTTAGAACAATC-1",4
"TGACTTTAGTCTCGGC-1",2
"TGACTTTAGTTAGGTA-1",1
"TGACTTTCAGTCCTTC-1",1
"TGACTTTCATTATCTC-1",1
"TGACTTTGTCACACGC-1",5
"TGACTTTTCCTCAATT-1",1
"TGACTTTTCTGCCCTA-1",2
"TGAGAGGAGGCTCATT-1",2
"TGAGAGGCAAAGTCAA-1",0
"TGAGAGGCAAGCCATT-1",2
"TGAGAGGCACCATGTA-1",2
"TGAGAGGGTCACTGGC-1",1
"TGAGAGGGTCTAAACC-1",0
"TGAGAGGTCGAACTGT-1",1
"TGAGAGGTCGCGTTTC-1",1
"TGAGAGGTCTGACCTC-1",3
"TGAGCATAGAAACGAG-1",2
"TGAGCATAGAAGCCCA-1",0
"TGAGCATAGATGTCGG-1",4
"TGAGCATAGGAATGGA-1",0
"TGAGCATCACCAGGCT-1",1
"TGAGCATCAGATGAGC-1",0
"TGAGCATCAGCGTAAG-1",2
"TGAGCATCAGCTGTAT-1",5
"TGAGCATGTGGCCCTA-1",0
"TGAGCATTCCACGTTC-1",2
"TGAGCATTCCGATATG-1",2
"TGAGCATTCGGCCGAT-1",1
"TGAGCCGCATCGGGTC-1",1
"TGAGCCGGTCGAACAG-1",3
"TGAGCCGGTGTAATGA-1",3
"TGAGCCGGTTGATTCG-1",2
"TGAGCCGTCATCTGCC-1",6
"TGAGCCGTCGTCACGG-1",1
"TGAGCCGTCTTGAGGT-1",3
"TGAGGGAAGAGACTAT-1",1
"TGAGGGAAGGAGTACC-1",6
"TGAGGGAAGTCATCCA-1",3
"TGAGGGAAGTCATGCT-1",1
"TGAGGGACACCAGTTA-1",1
"TGAGGGACATAAGACA-1",8
"TGAGGGAGTAAACGCG-1",13
"TGAGGGAGTTAGGGTG-1",4
"TGAGGGATCAACGGGA-1",1
"TGAGGGATCTAGCACA-1",1
"TGAGGGATCTCTTATG-1",0
"TGATTTCCATCCGGGT-1",4
"TGATTTCGTAGGCATG-1",11
"TGATTTCGTTAAGACA-1",0
"TGATTTCTCTGATTCT-1",4
"TGCACCTAGACCTTTG-1",2
"TGCACCTAGGACGAAA-1",4
"TGCACCTCAAGTTGTC-1",19
"TGCACCTCAATAGAGT-1",3
"TGCACCTCATCCGGGT-1",1
"TGCACCTGTAATCACC-1",6
"TGCACCTGTCACACGC-1",4
"TGCACCTTCACGGTTA-1",4
"TGCACCTTCATCGGAT-1",0
"TGCACCTTCCGCGGTA-1",3
"TGCACCTTCGAACTGT-1",0
"TGCACCTTCTCTTGAT-1",1
"TGCCAAACAATGTAAG-1",0
"TGCCAAACAATTCCTT-1",5
"TGCCAAAGTTCGCGAC-1",35
"TGCCAAATCCAAACTG-1",6
"TGCCAAATCCCTGACT-1",2
"TGCCAAATCGGCGGTT-1",0
"TGCCCATAGACTAGGC-1",2
"TGCCCATAGCGTCAAG-1",1
"TGCCCATAGCGTGAAC-1",3
"TGCCCATAGCTGTTCA-1",1
"TGCCCATAGGATGGAA-1",0
"TGCCCATAGTACGCCC-1",11
"TGCCCATAGTTGAGTA-1",3
"TGCCCATCACCAGGTC-1",2
"TGCCCATCACGAAATA-1",1
"TGCCCATCAGGACGTA-1",0
"TGCCCATCATGGAATA-1",1
"TGCCCATCATGGATGG-1",4
"TGCCCATGTAGCCTCG-1",2
"TGCCCATTCAAACCGT-1",2
"TGCCCATTCAGGCCCA-1",2
"TGCCCATTCCTTCAAT-1",2
"TGCCCATTCGGAAATA-1",0
"TGCCCTAAGGTCGGAT-1",2
"TGCCCTAAGGTTCCTA-1",5
"TGCCCTACACCACCAG-1",1
"TGCCCTACAGCCACCA-1",1
"TGCCCTACAGTGAGTG-1",0
"TGCCCTAGTCCGAGTC-1",0
"TGCCCTAGTGGTTTCA-1",0
"TGCCCTAGTTTCGCTC-1",3
"TGCCCTATCGACGGAA-1",1
"TGCCCTATCTTCGGTC-1",0
"TGCGCAGAGACTAGGC-1",4
"TGCGCAGAGCACACAG-1",6
"TGCGCAGAGCGTCTAT-1",2
"TGCGCAGAGGAGCGAG-1",1
"TGCGCAGCAAACGTGG-1",6
"TGCGCAGCAGCTCGCA-1",0
"TGCGCAGCAGTAGAGC-1",1
"TGCGCAGTCCTACAGA-1",4
"TGCGGGTAGAGACTTA-1",10
"TGCGGGTAGATCGATA-1",0
"TGCGGGTAGCTCTCGG-1",2
"TGCGGGTAGGTGTGGT-1",4
"TGCGGGTAGTACTTGC-1",2
"TGCGGGTCAATGGAAT-1",5
"TGCGGGTCACACGCTG-1",1
"TGCGGGTCATTGGGCC-1",2
"TGCGGGTGTAGAAAGG-1",4
"TGCGGGTGTCACCTAA-1",1
"TGCGGGTGTCAGATAA-1",0
"TGCGGGTGTTAGAACA-1",1
"TGCGGGTTCAGTTCGA-1",2
"TGCGGGTTCGTAGATC-1",3
"TGCGGGTTCTCTTGAT-1",2
"TGCGTGGAGACGCAAC-1",0
"TGCGTGGAGACTGGGT-1",2
"TGCGTGGAGTGAACGC-1",2
"TGCGTGGCAATTCCTT-1",1
"TGCGTGGGTGCACCAC-1",1
"TGCGTGGTCCGCGCAA-1",1
"TGCGTGGTCGCCCTTA-1",1
"TGCGTGGTCTGGCGAC-1",0
"TGCTACCAGAAAGTGG-1",1
"TGCTACCAGATGGCGT-1",1
"TGCTACCAGCAAATCA-1",1
"TGCTACCAGTCCGTAT-1",0
"TGCTACCCAAGAGGCT-1",0
"TGCTACCCACTTAACG-1",3
"TGCTACCCATCGTCGG-1",2
"TGCTACCCATGGTTGT-1",0
"TGCTACCGTGTGACGA-1",10
"TGCTACCTCCTCGCAT-1",5
"TGCTACCTCTTCTGGC-1",5
"TGCTGCTAGACTAAGT-1",1
"TGCTGCTAGGTGATAT-1",10
"TGCTGCTCAATAGAGT-1",1
"TGCTGCTCACAGACAG-1",6
"TGCTGCTCATCCCATC-1",0
"TGCTGCTCATGGTTGT-1",4
"TGCTGCTGTCATACTG-1",0
"TGCTGCTGTGAAGGCT-1",0
"TGCTGCTTCATTGCGA-1",0
"TGGACGCAGAGGTACC-1",4
"TGGACGCAGTCAAGGC-1",0
"TGGACGCCACAGAGGT-1",3
"TGGACGCCATGGTAGG-1",0
"TGGACGCGTCCGAACC-1",6
"TGGACGCGTCTCCCTA-1",1
"TGGCCAGAGAAGGTGA-1",1
"TGGCCAGAGAGTACAT-1",0
"TGGCCAGAGGCGATAC-1",8
"TGGCCAGAGGCGTACA-1",0
"TGGCCAGCAACTGCGC-1",1
"TGGCCAGCACGACTCG-1",4
"TGGCCAGGTCAATACC-1",7
"TGGCCAGTCGTAGATC-1",6
"TGGCCAGTCTATCCCG-1",1
"TGGCGCAAGCTACCTA-1",0
"TGGCGCAAGCTATGCT-1",0
"TGGCGCAAGTGTGGCA-1",1
"TGGCGCAAGTTACCCA-1",9
"TGGCGCACACAGGCCT-1",1
"TGGCGCACACGGATAG-1",0
"TGGCGCACAGCGATCC-1",3
"TGGCGCACATAGGATA-1",0
"TGGCGCACATATACGC-1",0
"TGGCGCAGTACTCTCC-1",1
"TGGCGCAGTGGACGAT-1",8
"TGGCGCAGTTATGTGC-1",4
"TGGCGCATCAAGAAGT-1",2
"TGGCGCATCATGCTCC-1",2
"TGGCGCATCATGTGGT-1",3
"TGGCGCATCATTATCC-1",4
"TGGCGCATCGTGGTCG-1",1
"TGGCTGGAGCGGATCA-1",0
"TGGCTGGAGTGCAAGC-1",1
"TGGCTGGCAAGTTAAG-1",3
"TGGCTGGCACGGATAG-1",2
"TGGCTGGCAGGAACGT-1",1
"TGGCTGGGTCGAGTTT-1",0
"TGGCTGGGTCGGCATC-1",1
"TGGCTGGGTCTAGCCG-1",6
"TGGCTGGGTTACGCGC-1",2
"TGGCTGGGTTGGACCC-1",2
"TGGCTGGTCTCGTTTA-1",1
"TGGGAAGAGATATACG-1",1
"TGGGAAGAGCCCAATT-1",0
"TGGGAAGAGCGCTCCA-1",3
"TGGGAAGAGGGCTTCC-1",0
"TGGGAAGAGTAAGTAC-1",10
"TGGGAAGAGTTAACGA-1",3
"TGGGAAGCAAGGTGTG-1",1
"TGGGAAGCAGATCCAT-1",1
"TGGGAAGCAGCGAACA-1",1
"TGGGAAGGTAAGTTCC-1",0
"TGGGAAGGTTAGATGA-1",0
"TGGGAAGGTTATTCTC-1",4
"TGGGAAGTCCCAAGAT-1",0
"TGGGAAGTCCTTCAAT-1",0
"TGGGAAGTCGTGGACC-1",1
"TGGGAAGTCTCCTATA-1",5
"TGGGCGTAGTCTCCTC-1",1
"TGGGCGTCAGACGTAG-1",0
"TGGGCGTCAGGGATTG-1",2
"TGGGCGTGTCCAAGTT-1",1
"TGGGCGTGTCTAGAGG-1",4
"TGGGCGTGTGGCTCCA-1",3
"TGGGCGTGTTTCGCTC-1",1
"TGGGCGTTCAGCTTAG-1",1
"TGGTTAGAGCTACCTA-1",0
"TGGTTAGAGTTAGGTA-1",1
"TGGTTAGGTGATGATA-1",2
"TGGTTAGGTTCACGGC-1",1
"TGGTTAGTCCCGACTT-1",1
"TGGTTAGTCTTGTATC-1",2
"TGGTTCCAGCCGTCGT-1",1
"TGGTTCCAGTAATCCC-1",2
"TGGTTCCCAAGTTGTC-1",1
"TGGTTCCCAGACAAAT-1",0
"TGGTTCCCAGACAGGT-1",9
"TGGTTCCCAGCTCGAC-1",2
"TGGTTCCCATGTCCTC-1",0
"TGGTTCCCATTTCACT-1",2
"TGGTTCCGTCCAAGTT-1",0
"TGGTTCCTCACATACG-1",0
"TGGTTCCTCAGCTTAG-1",2
"TGGTTCCTCTAACTTC-1",3
"TGGTTCCTCTAGAGTC-1",0
"TGGTTCCTCTGGGCCA-1",0
"TGTATTCAGCCCGAAA-1",0
"TGTATTCAGCGATCCC-1",3
"TGTATTCCAGGGCATA-1",3
"TGTATTCGTAAGAGAG-1",2
"TGTATTCGTTTGTTTC-1",0
"TGTATTCTCAGCATGT-1",0
"TGTATTCTCATCTGTT-1",2
"TGTCCCAAGCAGATCG-1",5
"TGTCCCAAGCTAGTTC-1",1
"TGTCCCAAGCTGAACG-1",4
"TGTCCCAAGTTGTCGT-1",2
"TGTCCCACAGTAAGCG-1",0
"TGTCCCACATCACGTA-1",1
"TGTCCCAGTAAGAGGA-1",3
"TGTCCCAGTAAGTGGC-1",2
"TGTCCCAGTCGGATCC-1",2
"TGTCCCAGTCTCTTTA-1",0
"TGTCCCATCATTTGGG-1",1
"TGTCCCATCTGCAAGT-1",2
"TGTCCCATCTGCGTAA-1",1
"TGTGGTAGTCCCGACA-1",3
"TGTGGTAGTGTGAAAT-1",2
"TGTGGTAGTGTGACGA-1",4
"TGTGGTATCCAGGGCT-1",0
"TGTGGTATCTTGCATT-1",1
"TGTGTTTAGAGGTTAT-1",5
"TGTGTTTAGCGTGAGT-1",3
"TGTGTTTAGTGCGTGA-1",2
"TGTGTTTCATGCGCAC-1",1
"TGTGTTTTCTCATTCA-1",1
"TGTGTTTTCTTTCCTC-1",2
"TGTTCCGAGAGCAATT-1",2
"TGTTCCGAGCAACGGT-1",1
"TGTTCCGAGGAATTAC-1",3
"TGTTCCGAGGACTGGT-1",1
"TGTTCCGCAGTGAGTG-1",2
"TGTTCCGGTGAGTATA-1",1
"TGTTCCGTCAAGCCTA-1",2
"TGTTCCGTCAGTTCGA-1",1
"TGTTCCGTCGGCGGTT-1",2
"TGTTCCGTCTGAAAGA-1",0
"TGTTCCGTCTGGTATG-1",1
"TTAACTCAGTGTACGG-1",1
"TTAACTCCAAGCGCTC-1",2
"TTAACTCCAGGCAGTA-1",3
"TTAACTCGTTCCACAA-1",2
"TTAACTCTCATAAAGG-1",1
"TTAACTCTCCCTCAGT-1",1
"TTAGGACAGCAGGCTA-1",1
"TTAGGACAGCTCTCGG-1",4
"TTAGGACCAAGCCATT-1",0
"TTAGGACCAGTCAGAG-1",0
"TTAGGACGTTTGTTTC-1",1
"TTAGGCAAGAAGATTC-1",2
"TTAGGCAAGAGCCCAA-1",1
"TTAGGCAAGAGTGACC-1",2
"TTAGGCAAGGTTCCTA-1",1
"TTAGGCAAGTCGTTTG-1",2
"TTAGGCAAGTGTACCT-1",3
"TTAGGCACAGACGCTC-1",1
"TTAGGCACATGTTCCC-1",1
"TTAGGCAGTAAGGATT-1",3
"TTAGGCAGTAAGTAGT-1",2
"TTAGGCAGTCTTGATG-1",2
"TTAGGCATCACGCATA-1",4
"TTAGGCATCAGTCAGT-1",25
"TTAGGCATCCAGTATG-1",1
"TTAGGCATCGTTACGA-1",3
"TTAGTTCAGGTGCAAC-1",6
"TTAGTTCCAATGTAAG-1",14
"TTAGTTCCATCCTTGC-1",2
"TTAGTTCGTAGCCTAT-1",6
"TTAGTTCGTGCAGACA-1",1
"TTAGTTCGTGTCAATC-1",4
"TTAGTTCGTTGCCTCT-1",2
"TTAGTTCTCAGGCCCA-1",0
"TTAGTTCTCGCAGGCT-1",2
"TTAGTTCTCTACTATC-1",1
"TTATGCTAGAATGTGT-1",1
"TTATGCTAGCACACAG-1",4
"TTATGCTAGCAGCCTC-1",3
"TTATGCTAGTCCCACG-1",1
"TTATGCTAGTGGTAAT-1",1
"TTATGCTCAGCCAGAA-1",2
"TTATGCTCATACCATG-1",1
"TTATGCTCATGTAGTC-1",2
"TTATGCTGTCCGAGTC-1",1
"TTATGCTTCGATAGAA-1",3
"TTCCCAGAGAATTCCC-1",4
"TTCCCAGAGACTAGAT-1",3
"TTCCCAGAGTATCGAA-1",3
"TTCCCAGCAGATGGGT-1",2
"TTCCCAGCATCAGTAC-1",0
"TTCCCAGCATCTCCCA-1",1
"TTCCCAGCATTACCTT-1",0
"TTCCCAGTCAACACTG-1",1
"TTCCCAGTCGAGAGCA-1",4
"TTCGAAGAGTCTCAAC-1",2
"TTCGAAGCAAGCGCTC-1",2
"TTCGAAGCACATTAGC-1",4
"TTCGAAGCACGGTGTC-1",2
"TTCGGTCAGAGGACGG-1",5
"TTCGGTCAGCACACAG-1",2
"TTCGGTCAGGCCCTCA-1",3
"TTCGGTCAGTGAATTG-1",2
"TTCGGTCAGTTGAGAT-1",17
"TTCGGTCCAAGGGTCA-1",5
"TTCGGTCCACGTCAGC-1",3
"TTCGGTCGTAACGTTC-1",1
"TTCGGTCGTAGAGTGC-1",3
"TTCGGTCGTTCATGGT-1",0
"TTCGGTCGTTCTGTTT-1",0
"TTCGGTCTCAAAGACA-1",1
"TTCGGTCTCCAGTATG-1",3
"TTCGGTCTCGCGTTTC-1",3
"TTCGGTCTCGTCTGAA-1",1
"TTCTACAAGACTAAGT-1",7
"TTCTACAAGCAGCCTC-1",0
"TTCTACAAGCCTTGAT-1",3
"TTCTACAAGGCAGGTT-1",1
"TTCTACAAGGTAAACT-1",4
"TTCTACAAGTTAGGTA-1",7
"TTCTACACACGTGAGA-1",1
"TTCTACACAGCTGTTA-1",3
"TTCTACACATCGATTG-1",0
"TTCTACACATTACGAC-1",0
"TTCTACAGTACCGTTA-1",3
"TTCTACAGTATATGAG-1",3
"TTCTACAGTGGCTCCA-1",0
"TTCTACATCAACGGGA-1",1
"TTCTACATCCGCGTTT-1",4
"TTCTCAAAGAAAGTGG-1",1
"TTCTCAAAGAATCTCC-1",14
"TTCTCAAAGAGGTTAT-1",3
"TTCTCAAAGCAGCCTC-1",1
"TTCTCAAAGCCGCCTA-1",1
"TTCTCAAAGTCAATAG-1",1
"TTCTCAAAGTTGAGAT-1",11
"TTCTCAACACCCAGTG-1",0
"TTCTCAACATTGTGCA-1",3
"TTCTCAAGTATAAACG-1",5
"TTCTCAAGTCCCTTGT-1",4
"TTCTCAAGTCGAGATG-1",1
"TTCTCAATCATCGCTC-1",0
"TTCTCAATCCCTAACC-1",3
"TTCTCAATCGTAGGAG-1",0
"TTCTCCTAGAGTAAGG-1",2
"TTCTCCTAGCGACGTA-1",9
"TTCTCCTAGCGTGAGT-1",3
"TTCTCCTAGTCTCGGC-1",0
"TTCTCCTCAACACGCC-1",2
"TTCTCCTCAATAACGA-1",1
"TTCTCCTGTTAAGAAC-1",4
"TTCTCCTTCAGTTCGA-1",1
"TTCTCCTTCCGTAGGC-1",16
"TTCTCCTTCCTTTCTC-1",4
"TTCTCCTTCTGCAAGT-1",2
"TTCTCCTTCTTCAACT-1",0
"TTCTCCTTCTTGTACT-1",1
"TTCTTAGAGGACTGGT-1",0
"TTCTTAGCAAGGTGTG-1",2
"TTCTTAGCATCGGAAG-1",0
"TTCTTAGGTAGAAGGA-1",1
"TTCTTAGGTCATATGC-1",2
"TTCTTAGTCAGTTCGA-1",1
"TTGAACGGTCACTTCC-1",1
"TTGAACGTCATGTCCC-1",4
"TTGACTTAGCCACGTC-1",2
"TTGACTTAGCGACGTA-1",4
"TTGACTTAGTTAACGA-1",0
"TTGACTTCACTTACGA-1",2
"TTGACTTGTCTCTCTG-1",0
"TTGACTTGTGCGATAG-1",2
"TTGACTTTCCAGAGGA-1",3
"TTGACTTTCTGTCCGT-1",3
"TTGCCGTAGGAGCGTT-1",0
"TTGCCGTAGGTGGGTT-1",2
"TTGCCGTCATGGTCAT-1",3
"TTGCCGTGTACAGACG-1",4
"TTGCGTCAGACAGAGA-1",0
"TTGCGTCAGCTCCTTC-1",1
"TTGCGTCAGTCCATAC-1",3
"TTGCGTCAGTGAATTG-1",1
"TTGCGTCCAAATTGCC-1",0
"TTGCGTCCACTGTGTA-1",0
"TTGCGTCCAGTCACTA-1",3
"TTGCGTCGTCTGATTG-1",1
"TTGGAACAGCCCAATT-1",4
"TTGGAACAGCGTCTAT-1",11
"TTGGAACAGGCGTACA-1",4
"TTGGAACGTATTACCG-1",6
"TTGGAACGTGTGTGCC-1",3
"TTGGAACTCCCATTAT-1",1
"TTGGAACTCCGTAGTA-1",3
"TTGGAACTCGTCCAGG-1",0
"TTGGCAAAGTTAGGTA-1",2
"TTGGCAAGTATAGGTA-1",2
"TTGGCAATCACATGCA-1",6
"TTGGCAATCAGAGCTT-1",1
"TTGGCAATCGCATGAT-1",7
"TTGGCAATCTAGAGTC-1",4
"TTGTAGGAGGTGCTAG-1",3
"TTGTAGGCACACGCTG-1",1
"TTGTAGGGTCTCCCTA-1",3
"TTGTAGGGTGGTAACG-1",0
"TTGTAGGTCGGCGCTA-1",0
"TTGTAGGTCTGCCAGG-1",0
"TTTACTGAGATCACGG-1",0
"TTTACTGCAAAGCAAT-1",1
"TTTACTGCACATGGGA-1",1
"TTTACTGCACCACGTG-1",3
"TTTACTGCATGGGACA-1",1
"TTTACTGCATGTCCTC-1",1
"TTTACTGGTAACGTTC-1",1
"TTTACTGGTGGTGTAG-1",3
"TTTACTGGTTCGCTAA-1",1
"TTTACTGTCTGGAGCC-1",6
"TTTATGCAGACTGTAA-1",1
"TTTATGCAGATGCGAC-1",2
"TTTATGCAGGCAAAGA-1",2
"TTTATGCAGGCCCGTT-1",1
"TTTATGCAGTTCCACA-1",1
"TTTATGCCAAACGCGA-1",0
"TTTATGCCAATCTGCA-1",0
"TTTATGCCACAGGTTT-1",8
"TTTATGCCAGCCAATT-1",1
"TTTATGCCAGGTCGTC-1",2
"TTTATGCCATGGTCAT-1",1
"TTTATGCTCACATAGC-1",0
"TTTATGCTCACCTTAT-1",2
"TTTATGCTCGGCGGTT-1",1
"TTTATGCTCTCGCTTG-1",3
"TTTCCTCAGCGTGAAC-1",0
"TTTCCTCAGGACTGGT-1",3
"TTTCCTCCAAAGTGCG-1",2
"TTTCCTCCAGGAATGC-1",4
"TTTCCTCCATTAGCCA-1",0
"TTTCCTCGTCCGAAGA-1",3
"TTTCCTCGTCGCTTTC-1",0
"TTTCCTCTCGGCCGAT-1",2
"TTTCCTCTCGTGTAGT-1",1
"TTTGCGCAGCTAAACA-1",1
"TTTGCGCAGCTAGTCT-1",1
"TTTGCGCAGGCCGAAT-1",5
"TTTGCGCAGTCAAGGC-1",0
"TTTGCGCCAAGTAGTA-1",1
"TTTGCGCCAGGTGCCT-1",2
"TTTGCGCGTCTAAACC-1",1
"TTTGCGCTCAAAGTAG-1",2
"TTTGCGCTCATGTAGC-1",12
"TTTGGTTAGAATGTGT-1",1
"TTTGGTTAGACAATAC-1",11
"TTTGGTTAGCGATTCT-1",2
"TTTGGTTAGGCTCAGA-1",1
"TTTGGTTAGTTACCCA-1",3
"TTTGGTTCAAACTGCT-1",4
"TTTGGTTCAAGCTGTT-1",10
"TTTGGTTCAGATCGGA-1",1
"TTTGGTTCATCACAAC-1",2
"TTTGGTTGTACTTCTT-1",2
"TTTGGTTGTATGCTTG-1",2
"TTTGGTTGTGCTTCTC-1",0
"TTTGGTTTCATGCTCC-1",5
"TTTGGTTTCCCTGACT-1",2
"TTTGTCAAGAGTCGGT-1",2
"TTTGTCACAAGTTCTG-1",2
"TTTGTCACAAGTTGTC-1",1
"TTTGTCACACTCTGTC-1",2
"TTTGTCATCACCTTAT-1",0
"TTTGTCATCCATTCTA-1",4
"TTTGTCATCCTTAATC-1",1
"TTTGTCATCTTATCTG-1",4
