"cell_barcode","expression"
"AAACCTGAGACAGAGA-1",1
"AAACCTGAGACTTTCG-1",0
"AAACCTGAGAGTAAGG-1",0
"AAACCTGAGAGTCGGT-1",0
"AAACCTGAGGATGGAA-1",0
"AAACCTGAGTAGATGT-1",0
"AAACCTGCAATCAGAA-1",0
"AAACCTGCACCGATAT-1",0
"AAACCTGCAGACGTAG-1",4
"AAACCTGCAGTATCTG-1",0
"AAACCTGCATAGTAAG-1",2
"AAACCTGCATGAACCT-1",1
"AAACCTGGTAAGAGGA-1",1
"AAACCTGGTCCAACTA-1",8
"AAACCTGTCCGTAGTA-1",13
"AAACCTGTCGAGAGCA-1",12
"AAACGGGAGTACGACG-1",0
"AAACGGGCAAGGTTTC-1",0
"AAACGGGCACGTCAGC-1",1
"AAACGGGCAGCGTTCG-1",3
"AAACGGGGTAGCCTCG-1",1
"AAACGGGGTCTACCTC-1",7
"AAACGGGGTGCGGTAA-1",1
"AAACGGGGTTGTCGCG-1",0
"AAACGGGTCCATGAGT-1",2
"AAACGGGTCCCAACGG-1",2
"AAACGGGTCCCATTAT-1",2
"AAAGATGCAGTCAGCC-1",0
"AAAGATGCATCTACGA-1",1
"AAAGCAAAGCGTCTAT-1",0
"AAAGCAACATGTCGAT-1",1
"AAAGCAAGTAGCTGCC-1",2
"AAAGCAAGTAGGCATG-1",1
"AAAGCAAGTGCGCTTG-1",1
"AAAGCAAGTTATTCTC-1",0
"AAAGCAATCCGTAGTA-1",2
"AAAGTAGAGATGTGTA-1",0
"AAAGTAGAGTGGGCTA-1",2
"AAAGTAGGTATATGGA-1",6
"AAAGTAGGTGAGCGAT-1",2
"AAAGTAGGTTGAGGTG-1",1
"AAATGCCAGCCCTAAT-1",4
"AAATGCCAGCGTGTCC-1",1
"AAATGCCCAACACCTA-1",2
"AAATGCCGTAGGAGTC-1",2
"AAATGCCGTCTTTCAT-1",1
"AAATGCCGTGGTCCGT-1",2
"AAATGCCGTTCCCGAG-1",0
"AAATGCCTCATAGCAC-1",2
"AAATGCCTCGCTTAGA-1",0
"AACACGTAGAATTCCC-1",5
"AACACGTAGCCCTAAT-1",1
"AACACGTAGGGTGTGT-1",0
"AACACGTCACTGTCGG-1",1
"AACACGTCATCCCATC-1",2
"AACACGTGTGCAACGA-1",4
"AACACGTGTGTCGCTG-1",0
"AACCATGAGCGCTTAT-1",2
"AACCATGGTCCGTTAA-1",1
"AACCATGTCAGTTCGA-1",2
"AACCATGTCATCGATG-1",0
"AACCATGTCCCAAGTA-1",1
"AACCGCGAGAAGCCCA-1",1
"AACCGCGAGACTGGGT-1",0
"AACCGCGAGAGGTACC-1",1
"AACCGCGAGTTAGGTA-1",2
"AACCGCGAGTTGCAGG-1",0
"AACCGCGCACGGTAGA-1",0
"AACCGCGCAGCATGAG-1",1
"AACCGCGCAGCCTGTG-1",0
"AACCGCGCAGCTGTGC-1",0
"AACCGCGCAGTATGCT-1",4
"AACCGCGGTACTTGAC-1",3
"AACCGCGGTCTGCAAT-1",0
"AACCGCGTCACATGCA-1",1
"AACCGCGTCACCGTAA-1",1
"AACCGCGTCCAGAGGA-1",1
"AACCGCGTCCGAAGAG-1",1
"AACCGCGTCGATCCCT-1",0
"AACGTTGAGCGATAGC-1",2
"AACGTTGAGCGATCCC-1",0
"AACGTTGAGCTTATCG-1",0
"AACGTTGCAAGTTGTC-1",3
"AACGTTGCAATAGAGT-1",8
"AACGTTGCAATGGATA-1",1
"AACGTTGCATGGATGG-1",2
"AACGTTGCATTCTCAT-1",1
"AACGTTGTCAACACGT-1",8
"AACGTTGTCGAGGTAG-1",5
"AACGTTGTCGGTCCGA-1",4
"AACTCAGAGAGCTATA-1",0
"AACTCAGAGAGTCGGT-1",2
"AACTCAGAGCCACCTG-1",1
"AACTCAGAGCCCAATT-1",4
"AACTCAGCAAACAACA-1",0
"AACTCAGCACAAGCCC-1",1
"AACTCAGCACGGTTTA-1",2
"AACTCAGCAGGATCGA-1",0
"AACTCAGCATAAAGGT-1",2
"AACTCAGGTTCCACAA-1",3
"AACTCAGTCGTACCGG-1",0
"AACTCCCAGCCCAGCT-1",3
"AACTCCCAGCTAAGAT-1",2
"AACTCCCCAAACGCGA-1",1
"AACTCCCCATGGTCTA-1",2
"AACTCCCGTTGCGCAC-1",2
"AACTCCCTCAAGAAGT-1",2
"AACTCCCTCAAGCCTA-1",2
"AACTCCCTCATCGCTC-1",0
"AACTCCCTCTGCAGTA-1",2
"AACTCCCTCTGGCGTG-1",2
"AACTCTTAGCAGACTG-1",0
"AACTCTTAGTCCGGTC-1",0
"AACTCTTCATGCTAGT-1",0
"AACTCTTGTCGAATCT-1",2
"AACTCTTGTCGGGTCT-1",1
"AACTCTTTCCTCAATT-1",1
"AACTCTTTCTCAAACG-1",0
"AACTCTTTCTCCAGGG-1",0
"AACTCTTTCTCTGCTG-1",0
"AACTGGTAGAAGATTC-1",0
"AACTGGTAGAGACTAT-1",1
"AACTGGTAGCCAACAG-1",0
"AACTGGTAGTGTACTC-1",0
"AACTGGTCACTGAAGG-1",1
"AACTGGTGTCCGAACC-1",0
"AACTGGTTCGGAGCAA-1",0
"AACTGGTTCGTGGGAA-1",2
"AACTGGTTCTGCTTGC-1",1
"AACTTTCAGCGTGAAC-1",0
"AACTTTCAGTATCTCG-1",0
"AACTTTCAGTTTCCTT-1",0
"AACTTTCCATCCTTGC-1",1
"AACTTTCGTCTAGAGG-1",2
"AACTTTCGTCTCTTTA-1",1
"AACTTTCGTTTGTTTC-1",1
"AAGACCTAGGGCTTCC-1",1
"AAGACCTAGTACACCT-1",0
"AAGACCTGTATATGAG-1",0
"AAGACCTGTATCAGTC-1",2
"AAGACCTGTCCGTGAC-1",1
"AAGACCTGTCGAAAGC-1",0
"AAGACCTTCGCCATAA-1",0
"AAGCCGCAGATCTGAA-1",2
"AAGCCGCAGGGTGTTG-1",1
"AAGCCGCAGTGGACGT-1",4
"AAGCCGCAGTGTACTC-1",1
"AAGCCGCCACGCTTTC-1",3
"AAGCCGCCAGGACGTA-1",1
"AAGCCGCGTACAGTTC-1",1
"AAGCCGCGTCATTAGC-1",1
"AAGCCGCTCACGAAGG-1",2
"AAGCCGCTCAGTTAGC-1",3
"AAGCCGCTCGCAAACT-1",2
"AAGCCGCTCGTCGTTC-1",9
"AAGCCGCTCTTACCGC-1",1
"AAGGAGCAGAAACCGC-1",2
"AAGGAGCAGGCATGTG-1",1
"AAGGAGCAGGCGCTCT-1",1
"AAGGAGCAGTTGAGTA-1",3
"AAGGAGCCACGGCGTT-1",0
"AAGGAGCGTAGCGCAA-1",1
"AAGGAGCGTCTGCAAT-1",2
"AAGGAGCTCGTCTGCT-1",1
"AAGGCAGAGAACTGTA-1",8
"AAGGCAGAGAGATGAG-1",0
"AAGGCAGAGGTGATAT-1",0
"AAGGCAGCATAGTAAG-1",1
"AAGGCAGGTACTTCTT-1",7
"AAGGCAGGTGTGCCTG-1",3
"AAGGCAGTCAGATAAG-1",1
"AAGGCAGTCGGAATCT-1",2
"AAGGTTCAGTATCTCG-1",3
"AAGGTTCCATCACGTA-1",6
"AAGGTTCGTATATGGA-1",2
"AAGGTTCGTCCGAATT-1",1
"AAGGTTCGTCGACTAT-1",2
"AAGGTTCGTGTGACCC-1",1
"AAGGTTCTCCGTCATC-1",0
"AAGGTTCTCCTCGCAT-1",1
"AAGGTTCTCTGCGGCA-1",4
"AAGTCTGAGCCATCGC-1",0
"AAGTCTGAGTCAAGCG-1",0
"AAGTCTGCAAAGGAAG-1",2
"AAGTCTGGTCAGCTAT-1",3
"AAGTCTGTCAAACAAG-1",2
"AAGTCTGTCACTGGGC-1",3
"AAGTCTGTCAGCAACT-1",3
"AATCCAGCAAAGTGCG-1",1
"AATCCAGCAGCATACT-1",1
"AATCCAGGTAGGCATG-1",0
"AATCCAGGTCTCCCTA-1",1
"AATCCAGTCCGAATGT-1",4
"AATCGGTAGGCATGGT-1",1
"AATCGGTTCCTGTACC-1",0
"AATCGGTTCGCCGTGA-1",9
"ACACCAAAGATGAGAG-1",1
"ACACCAAAGCCCTAAT-1",2
"ACACCAAAGGATGGTC-1",2
"ACACCAAAGTGTCCAT-1",6
"ACACCAACACTTCGAA-1",1
"ACACCAACAGACGCTC-1",2
"ACACCAACAGCCTATA-1",5
"ACACCAAGTCGCGTGT-1",1
"ACACCAAGTCTAAACC-1",2
"ACACCAAGTTATGTGC-1",0
"ACACCAATCGCGTTTC-1",2
"ACACCCTAGCCAGGAT-1",4
"ACACCCTAGTACTTGC-1",10
"ACACCCTCAAGCGCTC-1",2
"ACACCCTCATCACAAC-1",6
"ACACCCTCATGCCCGA-1",1
"ACACCCTGTCTGGTCG-1",1
"ACACCCTTCCGCAAGC-1",5
"ACACCCTTCCTTGCCA-1",1
"ACACCCTTCTATCCTA-1",0
"ACACCCTTCTGGCGTG-1",1
"ACACCGGAGGCTCAGA-1",0
"ACACCGGAGTGACATA-1",1
"ACACCGGAGTTACCCA-1",3
"ACACCGGCAAGCCGTC-1",0
"ACACCGGCACCAGATT-1",10
"ACACCGGCACCGAAAG-1",2
"ACACCGGCATCACAAC-1",1
"ACACCGGTCCGCATAA-1",1
"ACACCGGTCTCGGACG-1",0
"ACACCGGTCTCTGTCG-1",1
"ACACTGAAGCACGCCT-1",0
"ACACTGAAGGTGATTA-1",4
"ACACTGACAATAGAGT-1",0
"ACACTGACAGACTCGC-1",8
"ACACTGACATCCAACA-1",0
"ACACTGAGTCCGAAGA-1",1
"ACACTGAGTGTTTGTG-1",0
"ACACTGAGTTTGACTG-1",7
"ACAGCCGAGGAATGGA-1",0
"ACAGCCGAGGCCCGTT-1",1
"ACAGCCGAGGTGCTTT-1",4
"ACAGCCGAGTGGTAGC-1",0
"ACAGCCGCATATACGC-1",2
"ACAGCCGCATGCAACT-1",1
"ACAGCCGGTAGGGTAC-1",0
"ACAGCCGGTCGAATCT-1",3
"ACAGCCGGTTCACCTC-1",2
"ACAGCCGGTTCCACTC-1",2
"ACAGCCGTCCAGAAGG-1",1
"ACAGCCGTCTTTACAC-1",5
"ACAGCTAAGCACCGCT-1",0
"ACAGCTAAGTATCTCG-1",2
"ACAGCTAAGTGTTGAA-1",1
"ACAGCTACATCGTCGG-1",1
"ACAGCTAGTCGACTAT-1",0
"ACAGCTAGTGGTACAG-1",2
"ACAGCTATCACCACCT-1",0
"ACAGCTATCTGCTTGC-1",0
"ACATACGAGAGCTTCT-1",1
"ACATACGAGCGTAGTG-1",1
"ACATACGAGCTTCGCG-1",3
"ACATACGAGCTTTGGT-1",0
"ACATACGCAAACGTGG-1",6
"ACATACGCAAGCCTAT-1",1
"ACATACGCATCTCCCA-1",0
"ACATACGCATTCTCAT-1",1
"ACATACGGTAGGAGTC-1",1
"ACATACGGTGCACCAC-1",4
"ACATACGGTGGTTTCA-1",5
"ACATACGTCGTATCAG-1",0
"ACATCAGAGCCACTAT-1",1
"ACATCAGAGCCTTGAT-1",0
"ACATCAGCAACACCCG-1",10
"ACATCAGCAACGATGG-1",2
"ACATCAGCAATTGCTG-1",1
"ACATCAGCACCGGAAA-1",1
"ACATCAGCATAAAGGT-1",0
"ACATCAGCATCCCACT-1",2
"ACATCAGCATTTGCCC-1",1
"ACATCAGGTAAGGATT-1",1
"ACATCAGGTCCGTGAC-1",1
"ACATCAGGTTAAGTAG-1",1
"ACATCAGTCAAACCGT-1",0
"ACATGGTAGCATGGCA-1",1
"ACATGGTAGCTGTTCA-1",0
"ACATGGTCACTTGGAT-1",0
"ACATGGTGTCAGATAA-1",0
"ACATGGTGTCTGCGGT-1",1
"ACATGGTGTGCAACTT-1",1
"ACATGGTTCCGCAAGC-1",3
"ACATGGTTCCTCCTAG-1",1
"ACATGGTTCTGGAGCC-1",4
"ACATGGTTCTTCTGGC-1",0
"ACCAGTAAGATCACGG-1",1
"ACCAGTAAGCTTCGCG-1",1
"ACCAGTACACAGATTC-1",1
"ACCAGTACACAGGCCT-1",1
"ACCAGTACAGTATGCT-1",1
"ACCAGTACAGTCAGAG-1",1
"ACCAGTACAGTTTACG-1",4
"ACCAGTAGTCACCCAG-1",0
"ACCAGTAGTCCATCCT-1",0
"ACCAGTAGTCTTCAAG-1",0
"ACCAGTAGTGGACGAT-1",1
"ACCAGTATCTGCGACG-1",1
"ACCAGTATCTGCTTGC-1",0
"ACCAGTATCTGTTTGT-1",0
"ACCCACTAGAGGTTAT-1",3
"ACCCACTAGATCCCGC-1",7
"ACCCACTAGATGTGTA-1",4
"ACCCACTAGCCCAATT-1",1
"ACCCACTCAAGGGTCA-1",0
"ACCCACTCAAGGTTCT-1",1
"ACCCACTGTAAATGAC-1",2
"ACCCACTGTAGCCTCG-1",2
"ACCCACTGTCAAAGAT-1",1
"ACCCACTGTCAATACC-1",1
"ACCCACTGTGTGGTTT-1",1
"ACCCACTTCGCAAACT-1",2
"ACCCACTTCTGCCAGG-1",0
"ACCGTAACAATCGGTT-1",2
"ACCGTAACAATCTACG-1",1
"ACCGTAACAGGTCCAC-1",0
"ACCGTAAGTACAGCAG-1",2
"ACCGTAAGTCATGCAT-1",1
"ACCGTAAGTGAGTGAC-1",0
"ACCGTAAGTTAAGAAC-1",0
"ACCGTAAGTTCCGTCT-1",0
"ACCGTAATCACATAGC-1",3
"ACCGTAATCATGTGGT-1",0
"ACCGTAATCTGAAAGA-1",1
"ACCTTTACAATCGGTT-1",0
"ACCTTTACACGGACAA-1",2
"ACCTTTACAGCAGTTT-1",4
"ACCTTTACATGCAACT-1",0
"ACCTTTACATTTCAGG-1",4
"ACCTTTAGTGAACCTT-1",0
"ACCTTTAGTTCCACTC-1",4
"ACCTTTATCTCTAGGA-1",1
"ACGAGCCAGGCAGGTT-1",0
"ACGAGCCCACAGGCCT-1",3
"ACGAGCCCATGGAATA-1",0
"ACGAGCCGTGCACGAA-1",1
"ACGAGCCGTGTGACCC-1",1
"ACGAGCCGTTGGTTTG-1",0
"ACGAGCCTCAGTCCCT-1",2
"ACGAGCCTCGCAAACT-1",3
"ACGAGGACACTACAGT-1",1
"ACGAGGACATGTAGTC-1",9
"ACGAGGAGTACACCGC-1",0
"ACGAGGAGTGCCTGCA-1",1
"ACGAGGAGTTCTGAAC-1",1
"ACGAGGATCTGCGGCA-1",1
"ACGATACAGAGTGACC-1",0
"ACGATACAGCGCCTTG-1",0
"ACGATACAGTGATCGG-1",1
"ACGATACCACGTTGGC-1",0
"ACGATACCATTGGGCC-1",2
"ACGATACGTCGAATCT-1",0
"ACGATACTCTGACCTC-1",11
"ACGATGTAGTGCGATG-1",1
"ACGATGTAGTTGAGAT-1",0
"ACGATGTCAACGCACC-1",0
"ACGATGTCACACGCTG-1",4
"ACGATGTGTATTCTCT-1",2
"ACGATGTGTCAGTGGA-1",1
"ACGATGTGTGACTACT-1",1
"ACGATGTGTGTCGCTG-1",0
"ACGATGTTCGCGTAGC-1",0
"ACGATGTTCTCTTATG-1",0
"ACGCAGCAGCGGCTTC-1",1
"ACGCAGCAGCTGCGAA-1",4
"ACGCAGCAGTGTACGG-1",1
"ACGCAGCCACCTCGTT-1",0
"ACGCAGCCATCGACGC-1",3
"ACGCAGCCATTACCTT-1",0
"ACGCAGCGTCCATGAT-1",0
"ACGCAGCGTCTACCTC-1",1
"ACGCAGCGTCTGGTCG-1",1
"ACGCAGCGTGCGATAG-1",3
"ACGCCAGCAAAGCAAT-1",2
"ACGCCAGCAACGCACC-1",0
"ACGCCAGCACGAGAGT-1",1
"ACGCCAGCAGTGAGTG-1",0
"ACGCCAGGTGCACTTA-1",4
"ACGCCAGGTGTGCGTC-1",0
"ACGCCAGTCACAGGCC-1",4
"ACGCCAGTCAGTGTTG-1",3
"ACGCCGAAGAAACGCC-1",0
"ACGCCGAAGATCTGCT-1",2
"ACGCCGACAGCCTGTG-1",1
"ACGCCGAGTTCCAACA-1",2
"ACGCCGATCCTATGTT-1",2
"ACGCCGATCGCAGGCT-1",6
"ACGCCGATCTTGTATC-1",2
"ACGGAGAAGCCAGTTT-1",1
"ACGGAGAAGGTCATCT-1",0
"ACGGAGACACACATGT-1",4
"ACGGAGACAGCCTGTG-1",2
"ACGGAGACAGCGTAAG-1",0
"ACGGAGACAGTAAGCG-1",2
"ACGGAGAGTGTGACGA-1",5
"ACGGAGATCCACGAAT-1",1
"ACGGCCACACATCCAA-1",0
"ACGGCCACACATTCGA-1",6
"ACGGCCAGTACCGTAT-1",2
"ACGGCCAGTGTATGGG-1",1
"ACGGCCATCACGGTTA-1",0
"ACGGCCATCAGTGTTG-1",0
"ACGGCCATCTACTATC-1",2
"ACGGGCTAGGATCGCA-1",1
"ACGGGCTAGGTTCCTA-1",1
"ACGGGCTAGTGGCACA-1",3
"ACGGGCTCATCTGGTA-1",1
"ACGGGCTGTGAGGCTA-1",1
"ACGGGCTTCCGAACGC-1",0
"ACGGGTCAGATGCCAG-1",0
"ACGGGTCCATGATCCA-1",1
"ACGGGTCCATTAGGCT-1",3
"ACGGGTCCATTTCACT-1",3
"ACGGGTCGTTAGGGTG-1",0
"ACGGGTCTCAACACCA-1",1
"ACGGGTCTCCACGCAG-1",2
"ACGTCAAAGGGCTTCC-1",4
"ACGTCAAAGTGGTAAT-1",3
"ACGTCAACAACTGCGC-1",1
"ACGTCAACACAAGACG-1",1
"ACGTCAAGTAGCTCCG-1",0
"ACGTCAAGTGTCGCTG-1",3
"ACGTCAAGTTATGCGT-1",1
"ACGTCAATCAACCAAC-1",1
"ACGTCAATCATAACCG-1",0
"ACGTCAATCCAGAAGG-1",1
"ACGTCAATCTAACTCT-1",0
"ACTATCTAGAGGTTAT-1",0
"ACTATCTAGATACACA-1",0
"ACTATCTAGGAGTAGA-1",0
"ACTATCTAGGCATGTG-1",0
"ACTATCTCAAATACAG-1",1
"ACTATCTCAAATTGCC-1",1
"ACTATCTGTAGGGACT-1",1
"ACTATCTGTCGCGTGT-1",1
"ACTATCTGTGCACGAA-1",1
"ACTATCTGTGGTTTCA-1",0
"ACTATCTTCGCCGTGA-1",0
"ACTGAACAGAGTGAGA-1",2
"ACTGAACAGATCCCGC-1",0
"ACTGAACAGGTGATAT-1",2
"ACTGAACCAAAGCGGT-1",0
"ACTGAACCAAGCGAGT-1",3
"ACTGAACCAATTCCTT-1",2
"ACTGAACCAGCTGGCT-1",2
"ACTGAACCAGTCTTCC-1",2
"ACTGAACCATTACCTT-1",2
"ACTGAACGTAAGCACG-1",4
"ACTGAACGTAATCGTC-1",0
"ACTGAACGTCCAGTAT-1",0
"ACTGAACGTCTGATCA-1",0
"ACTGAACTCCCACTTG-1",4
"ACTGAGTAGCCGGTAA-1",1
"ACTGAGTCAGTGGGAT-1",7
"ACTGAGTCATTTGCCC-1",7
"ACTGAGTGTAGAGCTG-1",9
"ACTGAGTGTTGTGGCC-1",2
"ACTGAGTTCAGGTTCA-1",0
"ACTGATGAGACAGACC-1",1
"ACTGATGAGCGGATCA-1",1
"ACTGATGAGGTGCTTT-1",3
"ACTGATGCAGCAGTTT-1",1
"ACTGATGCATCACAAC-1",6
"ACTGATGGTCATGCAT-1",8
"ACTGATGTCACAATGC-1",1
"ACTGATGTCACTCCTG-1",2
"ACTGATGTCCCTGACT-1",0
"ACTGATGTCCGCTGTT-1",0
"ACTGATGTCCGGCACA-1",2
"ACTGATGTCCTATTCA-1",1
"ACTGCTCAGAGCTTCT-1",2
"ACTGCTCAGATGCCTT-1",0
"ACTGCTCCACACCGCA-1",1
"ACTGCTCCAGATGGGT-1",2
"ACTGCTCCATGCCTAA-1",0
"ACTGCTCGTAGGCATG-1",2
"ACTGCTCGTATCACCA-1",3
"ACTGCTCGTCCGAAGA-1",1
"ACTGCTCTCCGAGCCA-1",3
"ACTGTCCAGAGGGCTT-1",0
"ACTGTCCAGCAGCGTA-1",0
"ACTGTCCAGGCATGGT-1",1
"ACTGTCCCAAGGTTTC-1",7
"ACTGTCCCAAGTACCT-1",0
"ACTGTCCCAGTATCTG-1",1
"ACTGTCCCATAGAAAC-1",2
"ACTGTCCGTTGAGGTG-1",1
"ACTGTCCTCCACGTGG-1",3
"ACTGTCCTCCTTGGTC-1",1
"ACTGTCCTCTCTGTCG-1",0
"ACTTACTAGCGATAGC-1",0
"ACTTACTAGGGATGGG-1",0
"ACTTACTCACAGACAG-1",0
"ACTTACTCACATTTCT-1",2
"ACTTACTGTACTCAAC-1",1
"ACTTACTGTTCCACAA-1",4
"ACTTACTTCATCGGAT-1",2
"ACTTGTTAGACAAGCC-1",0
"ACTTGTTAGCTAGCCC-1",0
"ACTTGTTAGTTACCCA-1",7
"ACTTGTTCACGACGAA-1",0
"ACTTGTTCACGGCTAC-1",0
"ACTTGTTGTATCGCAT-1",0
"ACTTGTTGTGGTAACG-1",1
"ACTTGTTGTTGTGGAG-1",0
"ACTTGTTTCATCACCC-1",3
"ACTTTCACATGGTCAT-1",2
"ACTTTCAGTGACTACT-1",0
"ACTTTCATCGCCAGCA-1",2
"AGAATAGAGCTGAACG-1",0
"AGAATAGAGCTGTCTA-1",0
"AGAATAGAGGTAGCTG-1",1
"AGAATAGCATGGTCTA-1",2
"AGAATAGGTAATCGTC-1",2
"AGAATAGGTATTCTCT-1",4
"AGAATAGGTGCGGTAA-1",2
"AGAATAGGTTAAGAAC-1",1
"AGAATAGTCAGGCCCA-1",3
"AGACGTTAGAATGTGT-1",1
"AGACGTTAGCTCCTCT-1",3
"AGACGTTAGTGCCAGA-1",1
"AGACGTTCAGGATCGA-1",0
"AGACGTTGTAGCTGCC-1",1
"AGACGTTGTCTGCAAT-1",2
"AGACGTTGTTCTGTTT-1",4
"AGACGTTTCGCATGGC-1",5
"AGACGTTTCGCTTAGA-1",1
"AGAGCGACAACTTGAC-1",1
"AGAGCGACAAGTACCT-1",3
"AGAGCGACACAACGTT-1",5
"AGAGCGACATGAGCGA-1",1
"AGAGCGAGTCAGTGGA-1",1
"AGAGCGAGTCGACTGC-1",3
"AGAGCGAGTTGAGTTC-1",0
"AGAGCGATCGCGTAGC-1",0
"AGAGCGATCTATCCTA-1",1
"AGAGCGATCTCGCTTG-1",1
"AGAGCTTAGCCGTCGT-1",1
"AGAGCTTAGTACACCT-1",0
"AGAGCTTAGTCATGCT-1",0
"AGAGCTTGTAGAGCTG-1",2
"AGAGCTTGTATCACCA-1",1
"AGAGCTTTCACTATTC-1",2
"AGAGCTTTCCTGCAGG-1",1
"AGAGCTTTCGCAAACT-1",1
"AGAGCTTTCGCTTAGA-1",2
"AGAGTGGAGAGCCTAG-1",2
"AGAGTGGAGGCCCTTG-1",0
"AGAGTGGAGGTACTCT-1",1
"AGAGTGGCACAAGACG-1",3
"AGAGTGGCACCTCGTT-1",0
"AGAGTGGCATCCGGGT-1",2
"AGAGTGGCATCTGGTA-1",0
"AGAGTGGGTCAGCTAT-1",2
"AGAGTGGGTCCTCCAT-1",3
"AGAGTGGGTCTAGTCA-1",1
"AGAGTGGGTTACCGAT-1",0
"AGATCTGAGGTGGGTT-1",0
"AGATCTGAGTCAAGGC-1",0
"AGATCTGCAATGTTGC-1",1
"AGATCTGTCGAATCCA-1",2
"AGATCTGTCTGCAGTA-1",1
"AGATTGCAGGCTACGA-1",1
"AGATTGCCACGACGAA-1",0
"AGATTGCCAGATGGGT-1",1
"AGATTGCGTAGAGCTG-1",5
"AGATTGCGTGATGTCT-1",8
"AGATTGCGTGTTCGAT-1",2
"AGATTGCGTTCACGGC-1",1
"AGATTGCTCACTGGGC-1",1
"AGATTGCTCATCTGTT-1",3
"AGCAGCCAGCTGATAA-1",2
"AGCAGCCCACCGAAAG-1",3
"AGCAGCCGTCGACTGC-1",1
"AGCAGCCGTCGCTTTC-1",3
"AGCAGCCGTCTAACGT-1",0
"AGCAGCCGTGTGAAAT-1",4
"AGCAGCCGTTTGTTGG-1",0
"AGCAGCCTCCAAACAC-1",0
"AGCATACAGTGGTAGC-1",5
"AGCATACAGTTGTCGT-1",2
"AGCATACGTCTTCTCG-1",1
"AGCATACGTTAAGTAG-1",2
"AGCATACTCCGTTGCT-1",1
"AGCCTAAAGATATGGT-1",1
"AGCCTAACAAAGCGGT-1",3
"AGCCTAACAGATAATG-1",0
"AGCCTAAGTACGAAAT-1",1
"AGCCTAAGTCACCTAA-1",0
"AGCCTAAGTGTGCCTG-1",0
"AGCCTAATCACCCGAG-1",0
"AGCCTAATCCAATGGT-1",0
"AGCCTAATCCTTGGTC-1",1
"AGCCTAATCTGTGCAA-1",2
"AGCCTAATCTGTTTGT-1",2
"AGCGGTCAGCGAAGGG-1",0
"AGCGGTCAGGTACTCT-1",9
"AGCGGTCAGTGACTCT-1",1
"AGCGGTCCAGCCTTGG-1",0
"AGCGGTCGTCCTAGCG-1",1
"AGCGGTCGTGGTGTAG-1",1
"AGCGGTCGTTAAGGGC-1",3
"AGCGGTCGTTTGCATG-1",0
"AGCGGTCTCCGAAGAG-1",1
"AGCGGTCTCCTCAATT-1",1
"AGCGGTCTCTGGGCCA-1",2
"AGCGTATAGAACTGTA-1",0
"AGCGTATAGCGATGAC-1",1
"AGCGTATAGGTACTCT-1",1
"AGCGTATGTTGAGGTG-1",1
"AGCGTATTCCAGAGGA-1",0
"AGCGTCGAGTTGAGTA-1",0
"AGCGTCGCAGGGATTG-1",3
"AGCGTCGTCTGAAAGA-1",3
"AGCTCCTAGACCTAGG-1",0
"AGCTCCTAGCGTTTAC-1",2
"AGCTCCTGTGTTTGTG-1",0
"AGCTCCTGTTGTCTTT-1",1
"AGCTCCTTCCGAATGT-1",1
"AGCTCCTTCTTGACGA-1",0
"AGCTCTCAGCGGATCA-1",3
"AGCTCTCAGCTGTTCA-1",9
"AGCTCTCAGGTGCTAG-1",2
"AGCTCTCCATACAGCT-1",2
"AGCTCTCGTCAGAGGT-1",1
"AGCTCTCGTGGGTCAA-1",0
"AGCTCTCTCACAACGT-1",2
"AGCTCTCTCTTGACGA-1",5
"AGCTTGAAGCATCATC-1",1
"AGCTTGAAGTAGCGGT-1",3
"AGCTTGAAGTTGTCGT-1",0
"AGCTTGACAATCCAAC-1",0
"AGCTTGACACCGATAT-1",1
"AGCTTGAGTCTACCTC-1",1
"AGCTTGAGTGCGCTTG-1",3
"AGCTTGAGTTACGCGC-1",3
"AGCTTGATCCTGCCAT-1",0
"AGCTTGATCTGCAAGT-1",0
"AGGCCACAGAGTAAGG-1",0
"AGGCCACAGGGTCTCC-1",1
"AGGCCACAGTACTTGC-1",8
"AGGCCACCAGGACCCT-1",1
"AGGCCACCATCAGTCA-1",0
"AGGCCACTCATGCTCC-1",1
"AGGCCACTCATGGTCA-1",2
"AGGCCACTCATTGCGA-1",3
"AGGCCGTAGGATCGCA-1",0
"AGGCCGTCACGTAAGG-1",3
"AGGCCGTCAGCTCGAC-1",1
"AGGCCGTCATCGTCGG-1",1
"AGGCCGTTCACGGTTA-1",2
"AGGCCGTTCGAACTGT-1",23
"AGGCCGTTCTCAAGTG-1",0
"AGGCCGTTCTGCTTGC-1",0
"AGGGAGTAGCCCAACC-1",1
"AGGGAGTAGGAGTACC-1",1
"AGGGAGTAGGCAGGTT-1",5
"AGGGAGTCACGAGAGT-1",4
"AGGGAGTCAGAAGCAC-1",3
"AGGGAGTCAGATCCAT-1",3
"AGGGAGTCATCGACGC-1",2
"AGGGAGTCATGCTAGT-1",0
"AGGGAGTGTCCATGAT-1",3
"AGGGAGTTCATAACCG-1",0
"AGGGATGAGCTCTCGG-1",7
"AGGGATGAGGAGTAGA-1",2
"AGGGATGAGTAGCGGT-1",0
"AGGGATGCAATGAATG-1",0
"AGGGATGCAATGGAGC-1",0
"AGGGATGCACAAGACG-1",3
"AGGGATGCACATTTCT-1",0
"AGGGATGCATGGTCTA-1",1
"AGGGATGGTTAAAGTG-1",2
"AGGGATGGTTATGCGT-1",9
"AGGGATGTCGTGACAT-1",1
"AGGGTGAAGATGGCGT-1",4
"AGGGTGAAGATGGGTC-1",2
"AGGGTGAAGGCTCAGA-1",2
"AGGGTGACACGAGAGT-1",0
"AGGGTGACAGATGGCA-1",2
"AGGGTGACAGATTGCT-1",0
"AGGGTGAGTACTCTCC-1",1
"AGGGTGAGTTATCGGT-1",2
"AGGGTGAGTTCTGAAC-1",6
"AGGGTGATCTCGCTTG-1",1
"AGGTCATAGAGCCCAA-1",1
"AGGTCATAGCCAGAAC-1",0
"AGGTCATAGGCATGGT-1",2
"AGGTCATAGGGAGTAA-1",1
"AGGTCATCACTCAGGC-1",0
"AGGTCATCACTCTGTC-1",2
"AGGTCATGTTCCACTC-1",6
"AGGTCATTCTCGTTTA-1",5
"AGGTCCGAGGATGCGT-1",3
"AGGTCCGCAACACGCC-1",2
"AGGTCCGGTGATGCCC-1",0
"AGGTCCGTCCATGAAC-1",7
"AGGTCCGTCGCCCTTA-1",1
"AGGTCCGTCTGCGTAA-1",1
"AGTAGTCAGACTGTAA-1",2
"AGTAGTCAGTACGACG-1",0
"AGTAGTCAGTTTAGGA-1",1
"AGTAGTCCAACTGGCC-1",2
"AGTAGTCGTGCAGACA-1",16
"AGTAGTCTCACCCGAG-1",1
"AGTCTTTAGGCAGTCA-1",1
"AGTCTTTCAAATCCGT-1",0
"AGTCTTTCATATACCG-1",1
"AGTCTTTGTGCTTCTC-1",8
"AGTCTTTGTGTCCTCT-1",2
"AGTCTTTGTTTGTTTC-1",1
"AGTCTTTTCGCAGGCT-1",1
"AGTCTTTTCGCGTAGC-1",0
"AGTCTTTTCGCTAGCG-1",1
"AGTCTTTTCGCTTGTC-1",2
"AGTCTTTTCTGACCTC-1",0
"AGTGAGGAGATAGCAT-1",6
"AGTGAGGCAGGTGCCT-1",0
"AGTGAGGGTATGAAAC-1",1
"AGTGAGGGTCACTTCC-1",0
"AGTGAGGGTCGCGAAA-1",1
"AGTGAGGGTTATGTGC-1",0
"AGTGAGGTCTACTATC-1",0
"AGTGGGAAGCAGACTG-1",0
"AGTGGGACAAACGCGA-1",1
"AGTGGGACAAGCCGTC-1",2
"AGTGGGACACAGGAGT-1",0
"AGTGGGACACGAGAGT-1",1
"AGTGGGATCATCGATG-1",1
"AGTGGGATCCACGAAT-1",1
"AGTGGGATCCTGCAGG-1",8
"AGTGTCAAGAAGCCCA-1",0
"AGTGTCAAGCTAGTCT-1",9
"AGTGTCAAGTACGACG-1",0
"AGTGTCAAGTGAACAT-1",1
"AGTGTCACACCATCCT-1",0
"AGTGTCACAGTAAGCG-1",1
"AGTGTCACAGTGGAGT-1",1
"AGTGTCAGTAAACCTC-1",0
"AGTGTCAGTACAGCAG-1",0
"AGTGTCAGTCTCCACT-1",4
"AGTGTCAGTTTGACTG-1",5
"AGTGTCATCAAAGTAG-1",1
"AGTGTCATCCGTCAAA-1",2
"AGTGTCATCGTTACAG-1",1
"AGTGTCATCTGTCAAG-1",0
"AGTTGGTAGACTGTAA-1",1
"AGTTGGTAGTACGCGA-1",6
"AGTTGGTCAAATTGCC-1",1
"AGTTGGTCAGGAATGC-1",0
"AGTTGGTCATGCGCAC-1",3
"AGTTGGTGTACCGTAT-1",8
"AGTTGGTGTATGCTTG-1",4
"AGTTGGTGTCAGGACA-1",4
"AGTTGGTGTTCAGACT-1",3
"AGTTGGTTCAGTACGT-1",3
"AGTTGGTTCCTCAACC-1",6
"AGTTGGTTCGTACCGG-1",1
"AGTTGGTTCTGTCCGT-1",3
"ATAACGCAGTTGAGTA-1",8
"ATAACGCCACGTGAGA-1",1
"ATAACGCGTGAACCTT-1",1
"ATAACGCGTGTCCTCT-1",2
"ATAACGCGTGTGAAAT-1",1
"ATAACGCTCTCCGGTT-1",1
"ATAAGAGAGTCCGGTC-1",1
"ATAAGAGCAACTGCGC-1",2
"ATAAGAGCAGTATCTG-1",4
"ATAAGAGGTGACGCCT-1",2
"ATAAGAGGTTAAAGTG-1",6
"ATAAGAGTCAGCACAT-1",4
"ATAAGAGTCAGTGCAT-1",1
"ATAGACCAGAGAGCTC-1",1
"ATAGACCAGCCCAATT-1",2
"ATAGACCCAAGCCATT-1",2
"ATAGACCCATCTGGTA-1",1
"ATAGACCGTATATGGA-1",0
"ATAGACCGTGGACGAT-1",0
"ATAGACCGTGGCGAAT-1",2
"ATAGACCGTTTCGCTC-1",0
"ATCACGAAGAACTCGG-1",0
"ATCACGAAGACACGAC-1",1
"ATCACGAAGTTACCCA-1",1
"ATCACGACAAGACACG-1",2
"ATCACGACAAGCGTAG-1",2
"ATCACGACACACATGT-1",1
"ATCACGACACCACCAG-1",0
"ATCACGACACGGTAAG-1",0
"ATCACGACAGCGAACA-1",0
"ATCACGATCCCGACTT-1",1
"ATCACGATCGGTGTCG-1",1
"ATCATCTAGCCTATGT-1",0
"ATCATCTAGGCCATAG-1",8
"ATCATCTAGTACTTGC-1",0
"ATCATCTCAGACGCCT-1",1
"ATCATCTCATCCGTGG-1",1
"ATCATCTGTATTACCG-1",0
"ATCATCTGTCACTTCC-1",0
"ATCATCTTCAGCGACC-1",0
"ATCATCTTCCTCAACC-1",8
"ATCATGGCAAGCGTAG-1",1
"ATCATGGCAAGGTTCT-1",1
"ATCATGGCACTACAGT-1",0
"ATCATGGGTAAGGGAA-1",1
"ATCATGGGTTGTGGCC-1",5
"ATCATGGTCAATAAGG-1",0
"ATCATGGTCCAATGGT-1",0
"ATCATGGTCGCCATAA-1",2
"ATCATGGTCGGTTAAC-1",2
"ATCCACCAGCTAGTCT-1",1
"ATCCACCAGGCTCTTA-1",1
"ATCCACCCAAACGTGG-1",4
"ATCCACCCAGTTAACC-1",0
"ATCCACCGTCCGAAGA-1",2
"ATCCACCGTTTGTTTC-1",1
"ATCCACCTCCTGCTTG-1",1
"ATCCACCTCCTTAATC-1",2
"ATCCACCTCTGGTATG-1",3
"ATCCGAAAGCGATGAC-1",0
"ATCCGAAAGCTAGGCA-1",1
"ATCCGAACAAACGTGG-1",1
"ATCCGAACAACAACCT-1",0
"ATCCGAACAAGGACTG-1",1
"ATCCGAACACCCATTC-1",1
"ATCCGAACACGGTAGA-1",1
"ATCCGAAGTAGCGCTC-1",2
"ATCCGAAGTCATTAGC-1",2
"ATCCGAAGTCTCTTAT-1",1
"ATCCGAATCCAACCAA-1",4
"ATCCGAATCCTTGACC-1",3
"ATCCGAATCTTGTCAT-1",1
"ATCGAGTAGACTTTCG-1",0
"ATCGAGTCATCCGGGT-1",0
"ATCGAGTGTCCCTTGT-1",0
"ATCGAGTGTCTCCCTA-1",0
"ATCGAGTTCATGCATG-1",0
"ATCGAGTTCCTGCCAT-1",0
"ATCTACTAGGTGTGGT-1",0
"ATCTACTCAGCTGTAT-1",5
"ATCTACTCAGTACACT-1",1
"ATCTACTCATGACATC-1",1
"ATCTACTGTAAGTAGT-1",1
"ATCTACTGTGTCGCTG-1",2
"ATCTACTTCCGCGTTT-1",3
"ATCTACTTCGCAAGCC-1",1
"ATCTACTTCTATCGCC-1",2
"ATCTACTTCTCTAAGG-1",1
"ATCTGCCAGGCTCAGA-1",1
"ATCTGCCGTACAGTTC-1",1
"ATCTGCCGTTGTGGAG-1",1
"ATCTGCCTCAGAGACG-1",2
"ATCTGCCTCAGCTGGC-1",0
"ATCTGCCTCGTACGGC-1",0
"ATCTGCCTCTCGAGTA-1",2
"ATCTGCCTCTGAGTGT-1",1
"ATCTGCCTCTTGTATC-1",1
"ATGAGGGAGGTCGGAT-1",1
"ATGAGGGCATGACGGA-1",1
"ATGAGGGCATTAGGCT-1",1
"ATGAGGGTCACATGCA-1",1
"ATGAGGGTCAGTCCCT-1",1
"ATGCGATAGTCAATAG-1",1
"ATGCGATCATGTTGAC-1",4
"ATGCGATGTGCAGTAG-1",4
"ATGCGATGTGCATCTA-1",1
"ATGCGATTCCCAAGAT-1",2
"ATGCGATTCGCCATAA-1",0
"ATGGGAGAGCAATATG-1",1
"ATGGGAGAGCCACGCT-1",2
"ATGGGAGAGGTGATAT-1",2
"ATGGGAGCACCAGGTC-1",0
"ATGGGAGCACTATCTT-1",0
"ATGGGAGCAGCATACT-1",0
"ATGGGAGCATAGAAAC-1",1
"ATGGGAGCATTACCTT-1",0
"ATGGGAGTCAAGGTAA-1",2
"ATGTGTGAGCGAAGGG-1",0
"ATGTGTGAGGGTTTCT-1",1
"ATGTGTGAGTTGAGTA-1",1
"ATGTGTGCACGGCGTT-1",1
"ATGTGTGCACGGTTTA-1",1
"ATGTGTGCAGTATAAG-1",13
"ATGTGTGTCACGCGGT-1",1
"ATTACTCAGATGTGTA-1",2
"ATTACTCAGCGTAATA-1",1
"ATTACTCAGGTGCACA-1",1
"ATTACTCAGTGAAGTT-1",1
"ATTACTCCAAACTGTC-1",1
"ATTACTCCACCATCCT-1",0
"ATTACTCCAGACTCGC-1",1
"ATTACTCCATATGCTG-1",1
"ATTACTCCATCGGTTA-1",1
"ATTACTCCATTGCGGC-1",0
"ATTACTCGTTAAAGAC-1",7
"ATTACTCTCCGAACGC-1",0
"ATTATCCAGAGTACCG-1",1
"ATTATCCAGCTTATCG-1",3
"ATTATCCCACAAGCCC-1",0
"ATTATCCCATATGAGA-1",1
"ATTATCCCATCTGGTA-1",3
"ATTATCCGTCGTTGTA-1",3
"ATTATCCGTCTCTCTG-1",3
"ATTATCCTCAACGGGA-1",1
"ATTATCCTCCGCGCAA-1",6
"ATTATCCTCTCCGGTT-1",2
"ATTCTACGTCACTTCC-1",1
"ATTCTACGTCTAGTCA-1",0
"ATTCTACGTTGTCGCG-1",0
"ATTGGACAGCAGATCG-1",3
"ATTGGACAGGGCATGT-1",0
"ATTGGACAGTGGACGT-1",0
"ATTGGACCAAGACACG-1",6
"ATTGGACGTAATAGCA-1",8
"ATTGGACTCCTGCTTG-1",2
"ATTGGACTCGGCGCAT-1",1
"ATTGGACTCGTTTGCC-1",1
"ATTGGTGAGAATGTTG-1",1
"ATTGGTGCAAGCTGAG-1",0
"ATTGGTGCAGCAGTTT-1",0
"ATTGGTGGTATGGTTC-1",1
"ATTGGTGGTTGAGTTC-1",1
"ATTGGTGTCAAAGTAG-1",0
"ATTGGTGTCGGAAACG-1",0
"ATTTCTGAGGGATACC-1",0
"ATTTCTGAGGGATCTG-1",1
"ATTTCTGAGGTGTTAA-1",3
"ATTTCTGAGTCGAGTG-1",1
"ATTTCTGAGTTCGCAT-1",1
"ATTTCTGCAAGGTGTG-1",0
"ATTTCTGGTAGCTCCG-1",7
"ATTTCTGGTGCACGAA-1",3
"ATTTCTGGTTGCCTCT-1",1
"ATTTCTGTCAAAGTAG-1",3
"ATTTCTGTCAGCTCGG-1",1
"ATTTCTGTCTTGGGTA-1",1
"CAACCAAAGAAACGCC-1",0
"CAACCAAAGAGGGCTT-1",4
"CAACCAAAGCTGAAAT-1",1
"CAACCAAAGGACAGCT-1",0
"CAACCAAAGGGAGTAA-1",1
"CAACCAACATACGCTA-1",1
"CAACCTCAGTAATCCC-1",1
"CAACCTCCAGACGCAA-1",0
"CAACCTCGTGAGTGAC-1",0
"CAACCTCGTTCCACGG-1",8
"CAACCTCTCATACGGT-1",2
"CAACCTCTCCGATATG-1",0
"CAACCTCTCCTTTACA-1",2
"CAACCTCTCTCTAGGA-1",1
"CAACTAGAGAATAGGG-1",7
"CAACTAGAGGATGCGT-1",1
"CAACTAGCACCATCCT-1",0
"CAACTAGCAGACTCGC-1",1
"CAACTAGCAGTTCATG-1",3
"CAACTAGGTACGCACC-1",0
"CAACTAGTCAGGCCCA-1",1
"CAAGAAAAGAAGGACA-1",1
"CAAGAAAAGACGCACA-1",1
"CAAGAAAAGGCCCTTG-1",0
"CAAGAAAAGGTGATAT-1",1
"CAAGAAAAGTCGATAA-1",1
"CAAGAAAAGTGGAGTC-1",3
"CAAGAAAAGTGTACCT-1",2
"CAAGAAACACGGTGTC-1",0
"CAAGAAATCTGCTTGC-1",5
"CAAGATCAGCTGAAAT-1",1
"CAAGATCGTAAGAGGA-1",0
"CAAGATCGTGCCTTGG-1",1
"CAAGATCTCAACACCA-1",2
"CAAGATCTCTCGATGA-1",1
"CAAGGCCAGGAGTCTG-1",4
"CAAGGCCAGGCTATCT-1",2
"CAAGGCCCACGGTAAG-1",5
"CAAGGCCCATGTTCCC-1",0
"CAAGGCCGTCCGTCAG-1",0
"CAAGGCCTCAACGGGA-1",4
"CAAGGCCTCCTTGACC-1",1
"CAAGGCCTCGTGACAT-1",0
"CAAGTTGAGACAGGCT-1",0
"CAAGTTGAGATGTCGG-1",1
"CAAGTTGAGCGTCAAG-1",1
"CAAGTTGAGCGTTTAC-1",0
"CAAGTTGCACATTAGC-1",0
"CAAGTTGCACGCTTTC-1",3
"CAAGTTGCACGGTGTC-1",1
"CAAGTTGCATTCTTAC-1",8
"CAAGTTGGTACTCAAC-1",0
"CAAGTTGGTCAGGACA-1",0
"CAAGTTGGTCGGCACT-1",0
"CAAGTTGTCAACGAAA-1",3
"CAAGTTGTCACCACCT-1",3
"CAAGTTGTCATTGCCC-1",1
"CAAGTTGTCGAATCCA-1",0
"CAAGTTGTCTACTTAC-1",1
"CACAAACAGGGCTCTC-1",1
"CACAAACAGGGCTTGA-1",0
"CACAAACAGTGACATA-1",1
"CACAAACCAACTGCGC-1",3
"CACAAACCAATAAGCA-1",1
"CACAAACCAATCAGAA-1",0
"CACAAACCACTTAACG-1",2
"CACAAACCATGAACCT-1",4
"CACAAACCATGGTCAT-1",0
"CACAAACGTCAACTGT-1",0
"CACAAACGTCAGAATA-1",0
"CACAAACTCTTCGGTC-1",1
"CACAAACTCTTGGGTA-1",6
"CACACAAAGCGACGTA-1",2
"CACACAAAGGGAGTAA-1",2
"CACACAACAAACGTGG-1",0
"CACACAACACATGACT-1",0
"CACACAACATCGATTG-1",1
"CACACAACATTGGGCC-1",1
"CACACAAGTACGACCC-1",1
"CACACAAGTCAGTGGA-1",0
"CACACAAGTCATCGGC-1",1
"CACACAAGTTTACTCT-1",0
"CACACAATCCACGTGG-1",1
"CACACAATCCACGTTC-1",0
"CACACAATCGGCGCAT-1",2
"CACACCTAGAGACTAT-1",2
"CACACCTAGGACATTA-1",0
"CACACCTAGTCATCCA-1",2
"CACACCTAGTGTGAAT-1",2
"CACACCTCACTGAAGG-1",0
"CACACCTCATAGGATA-1",0
"CACACCTCATAGTAAG-1",0
"CACACCTCATTGGGCC-1",4
"CACACCTGTACAGCAG-1",0
"CACACCTGTACCGCTG-1",1
"CACACCTGTCCAAGTT-1",0
"CACACCTGTGGACGAT-1",2
"CACACCTGTGGTCTCG-1",0
"CACACCTTCATGTCTT-1",1
"CACACCTTCTGGCGAC-1",2
"CACACTCAGGGAAACA-1",1
"CACACTCCAACACCTA-1",4
"CACACTCCAAGGGTCA-1",0
"CACACTCGTGACGCCT-1",2
"CACACTCGTTTGTGTG-1",1
"CACAGGCAGCCATCGC-1",1
"CACAGGCAGGGATGGG-1",0
"CACAGGCCAAGAGTCG-1",0
"CACAGGCCAATGGAGC-1",0
"CACAGGCGTCTAGGTT-1",0
"CACAGGCGTTACGCGC-1",3
"CACAGGCTCGGGAGTA-1",0
"CACAGGCTCTATGTGG-1",1
"CACAGTAAGACGCAAC-1",1
"CACAGTAAGACGCACA-1",1
"CACAGTAAGTGGGCTA-1",0
"CACAGTACAACTGGCC-1",2
"CACAGTACATCGGACC-1",3
"CACAGTAGTTCCATGA-1",8
"CACATAGAGCCCAATT-1",2
"CACATAGAGTGTACTC-1",0
"CACATAGCACTTCTGC-1",0
"CACATAGCAGGGTATG-1",2
"CACATAGTCCTTGCCA-1",0
"CACATAGTCGGCGCAT-1",3
"CACATTTAGCAGATCG-1",1
"CACATTTAGGGCACTA-1",1
"CACATTTCACGGCGTT-1",1
"CACATTTCATTACCTT-1",1
"CACATTTGTCGAACAG-1",0
"CACATTTGTGTTGAGG-1",2
"CACATTTTCCAGAGGA-1",0
"CACATTTTCCGCATCT-1",2
"CACATTTTCTACTATC-1",1
"CACATTTTCTGTGCAA-1",1
"CACCACTAGCCACGTC-1",3
"CACCACTAGTGGTAAT-1",2
"CACCACTAGTTACCCA-1",1
"CACCACTCAAGCCCAC-1",0
"CACCACTCAGTTCATG-1",0
"CACCACTGTTATTCTC-1",2
"CACCACTTCACCGGGT-1",1
"CACCACTTCGAATCCA-1",3
"CACCACTTCGACCAGC-1",3
"CACCACTTCTAACCGA-1",13
"CACCACTTCTTTAGTC-1",1
"CACCAGGCACATTAGC-1",9
"CACCAGGCACTGCCAG-1",0
"CACCAGGCATAAAGGT-1",3
"CACCAGGCATGAACCT-1",0
"CACCAGGGTGAAATCA-1",0
"CACCAGGGTGTTTGGT-1",1
"CACCAGGGTTATCACG-1",2
"CACCAGGTCATGTAGC-1",2
"CACCAGGTCTGCTTGC-1",1
"CACCTTGAGACTTGAA-1",2
"CACCTTGAGTCAATAG-1",1
"CACCTTGCACTAGTAC-1",1
"CACCTTGCAGGCGATA-1",1
"CACCTTGCATTCCTGC-1",0
"CACCTTGGTCATTAGC-1",1
"CACCTTGGTGATGTCT-1",3
"CACCTTGGTGTGAAAT-1",0
"CACCTTGGTTATGTGC-1",6
"CACCTTGTCAACCATG-1",1
"CACCTTGTCATTATCC-1",2
"CACCTTGTCCAAAGTC-1",1
"CACCTTGTCTCACATT-1",1
"CACTCCAAGACAAGCC-1",0
"CACTCCAAGGTACTCT-1",0
"CACTCCACAATGGACG-1",0
"CACTCCAGTACATGTC-1",1
"CACTCCAGTTGTCGCG-1",6
"CACTCCATCAACACAC-1",0
"CACTCCATCCCAGGTG-1",4
"CAGAATCAGAAACCTA-1",0
"CAGAATCAGCCAACAG-1",2
"CAGAATCAGCTGGAAC-1",1
"CAGAATCAGGACTGGT-1",1
"CAGAATCAGTATCGAA-1",7
"CAGAATCCACAGAGGT-1",5
"CAGAATCCAGGGTACA-1",2
"CAGAATCGTAAGTGTA-1",3
"CAGAATCGTAATCACC-1",2
"CAGAATCTCAGTTTGG-1",0
"CAGAATCTCGCAAGCC-1",1
"CAGAATCTCGGTCCGA-1",5
"CAGAATCTCTTGCAAG-1",2
"CAGAATCTCTTGTACT-1",1
"CAGAGAGAGAATTGTG-1",2
"CAGAGAGAGCAATATG-1",1
"CAGAGAGCAAGAAGAG-1",1
"CAGAGAGCACCAGATT-1",1
"CAGAGAGGTAATCACC-1",2
"CAGAGAGGTAGCTGCC-1",0
"CAGAGAGGTAGGACAC-1",0
"CAGAGAGGTATAGGGC-1",0
"CAGAGAGGTCCGAATT-1",1
"CAGAGAGGTTGAGGTG-1",0
"CAGAGAGTCACCCGAG-1",23
"CAGAGAGTCATAACCG-1",0
"CAGAGAGTCCGAACGC-1",4
"CAGAGAGTCTGGTATG-1",1
"CAGATCAAGAGACGAA-1",2
"CAGATCAAGCACCGTC-1",1
"CAGATCAAGCTTCGCG-1",0
"CAGATCAAGGATTCGG-1",37
"CAGATCAAGTGTACCT-1",2
"CAGATCAAGTTTAGGA-1",5
"CAGATCACAATAACGA-1",0
"CAGATCACACACCGAC-1",0
"CAGATCACACGGTAAG-1",2
"CAGATCACACTCTGTC-1",2
"CAGATCACAGCATACT-1",1
"CAGATCACAGTGGGAT-1",2
"CAGATCAGTACCAGTT-1",1
"CAGATCAGTGCGGTAA-1",0
"CAGATCATCTGATACG-1",1
"CAGATCATCTGATTCT-1",1
"CAGCAGCAGATGCCAG-1",2
"CAGCAGCAGGGAACGG-1",1
"CAGCAGCCACCTATCC-1",1
"CAGCAGCCATCACAAC-1",1
"CAGCAGCGTGCTAGCC-1",3
"CAGCAGCTCAACACTG-1",1
"CAGCAGCTCGAACTGT-1",1
"CAGCAGCTCGCCGTGA-1",3
"CAGCATAAGAGACGAA-1",2
"CAGCATAGTCTAGGTT-1",0
"CAGCATAGTTTACTCT-1",2
"CAGCATATCACGAAGG-1",1
"CAGCATATCAGGCAAG-1",1
"CAGCATATCCTTAATC-1",3
"CAGCCGAAGCATCATC-1",1
"CAGCCGAAGTTTCCTT-1",1
"CAGCCGACACGTGAGA-1",2
"CAGCCGACATCAGTCA-1",0
"CAGCCGAGTGATGTCT-1",0
"CAGCCGATCACCAGGC-1",1
"CAGCCGATCCTCAATT-1",1
"CAGCGACAGAAACGCC-1",0
"CAGCGACAGCGTCAAG-1",0
"CAGCGACCAAACGTGG-1",0
"CAGCGACCAAAGCGGT-1",2
"CAGCGACCACGTCAGC-1",3
"CAGCGACCATGGGACA-1",0
"CAGCGACGTCTGATTG-1",0
"CAGCGACGTGGACGAT-1",0
"CAGCGACGTGGTTTCA-1",2
"CAGCGACGTTCGGCAC-1",1
"CAGCGACTCCGCAAGC-1",1
"CAGCGACTCTGGGCCA-1",1
"CAGCTAAAGATGTGTA-1",0
"CAGCTAAAGCAGACTG-1",0
"CAGCTAAAGCTGTTCA-1",0
"CAGCTAAAGGAGCGTT-1",0
"CAGCTAACACAGATTC-1",1
"CAGCTAACATCAGTAC-1",1
"CAGCTAAGTAATCGTC-1",0
"CAGCTAAGTCTCACCT-1",2
"CAGCTAAGTTCGTCTC-1",3
"CAGCTAATCCACGCAG-1",2
"CAGCTAATCCCTAACC-1",2
"CAGCTAATCTGGTTCC-1",2
"CAGCTAATCTTAGCCC-1",2
"CAGCTAATCTTCGGTC-1",5
"CAGCTGGAGACACTAA-1",3
"CAGCTGGAGATCCTGT-1",3
"CAGCTGGCACCAACCG-1",0
"CAGCTGGCAGTGGAGT-1",4
"CAGCTGGCATGCATGT-1",1
"CAGCTGGTCTACCTGC-1",2
"CAGGTGCAGAGACGAA-1",1
"CAGGTGCAGATCCTGT-1",6
"CAGGTGCAGGCATGTG-1",0
"CAGGTGCCAGGAACGT-1",3
"CAGGTGCCATAGTAAG-1",1
"CAGGTGCCATCGGAAG-1",0
"CAGGTGCTCAGTTGAC-1",0
"CAGGTGCTCCAAGTAC-1",0
"CAGGTGCTCTTGTATC-1",0
"CAGTAACAGATATGGT-1",2
"CAGTAACAGATGGCGT-1",3
"CAGTAACCAATCACAC-1",2
"CAGTAACCACTCGACG-1",1
"CAGTAACGTGATAAGT-1",0
"CAGTAACGTGCACCAC-1",2
"CAGTAACTCAGAGGTG-1",1
"CAGTAACTCGTACGGC-1",1
"CAGTAACTCGTGACAT-1",2
"CAGTAACTCTGCCAGG-1",4
"CAGTCCTAGAATCTCC-1",0
"CAGTCCTAGATCTGCT-1",0
"CAGTCCTCAGTATAAG-1",2
"CAGTCCTTCAACACGT-1",1
"CAGTCCTTCCATGAGT-1",1
"CAGTCCTTCCCGACTT-1",3
"CAGTCCTTCCCTTGTG-1",0
"CAGTCCTTCGAACGGA-1",0
"CAGTCCTTCGGTTCGG-1",1
"CAGTCCTTCTACTTAC-1",1
"CATATGGAGAGATGAG-1",0
"CATATGGAGGCATGGT-1",0
"CATATGGAGTATTGGA-1",2
"CATATGGCAAGCGTAG-1",1
"CATATGGGTCGCATAT-1",0
"CATATGGTCATTATCC-1",1
"CATATGGTCATTGCGA-1",0
"CATATTCAGGCGACAT-1",0
"CATATTCCACCACCAG-1",0
"CATATTCGTGACTACT-1",0
"CATATTCGTGGTACAG-1",1
"CATATTCGTGTGACGA-1",1
"CATATTCTCACAGGCC-1",1
"CATATTCTCGCAAACT-1",0
"CATCAAGAGAACTCGG-1",0
"CATCAAGAGATGGCGT-1",0
"CATCAAGAGCCGCCTA-1",2
"CATCAAGCACGAAACG-1",9
"CATCAAGCAGCCTTTC-1",1
"CATCAAGCATGGAATA-1",1
"CATCAAGGTTACTGAC-1",0
"CATCAAGGTTCCATGA-1",1
"CATCAAGTCTAAGCCA-1",3
"CATCAAGTCTGACCTC-1",2
"CATCAGAAGCTAGTCT-1",3
"CATCAGACAAGCCATT-1",0
"CATCAGACAATGACCT-1",2
"CATCAGACACGGCCAT-1",1
"CATCAGACAGACAGGT-1",2
"CATCAGACATAACCTG-1",1
"CATCAGAGTAATTGGA-1",1
"CATCAGAGTACATGTC-1",2
"CATCAGAGTGTTAAGA-1",1
"CATCAGAGTTCAACCA-1",7
"CATCAGATCGTTGACA-1",0
"CATCCACGTAAAGTCA-1",2
"CATCCACGTACCGTAT-1",1
"CATCCACGTGCCTGTG-1",4
"CATCCACGTTTAAGCC-1",2
"CATCGAAAGAGTACAT-1",1
"CATCGAAAGCTGTCTA-1",10
"CATCGAACAAGAGGCT-1",9
"CATCGAACAAGCTGAG-1",0
"CATCGAACACATTTCT-1",0
"CATCGAACATAAAGGT-1",1
"CATCGAAGTAGTACCT-1",0
"CATCGAAGTCCGACGT-1",7
"CATCGAAGTGCACTTA-1",0
"CATCGAATCAAACCAC-1",0
"CATCGAATCCGCGGTA-1",1
"CATCGAATCCGTAGTA-1",1
"CATCGGGAGAAGCCCA-1",0
"CATCGGGAGCGAGAAA-1",1
"CATCGGGAGGGTGTGT-1",1
"CATCGGGAGGTGTTAA-1",1
"CATCGGGAGTGACTCT-1",0
"CATCGGGCACTCAGGC-1",1
"CATCGGGCAGACGCTC-1",2
"CATCGGGCATCACAAC-1",0
"CATCGGGGTCCTCTTG-1",5
"CATCGGGGTGAGGGAG-1",0
"CATCGGGGTTCGAATC-1",0
"CATCGGGTCAGGATCT-1",1
"CATCGGGTCCACGAAT-1",0
"CATCGGGTCGATGAGG-1",4
"CATGACAAGACCACGA-1",1
"CATGACAAGCTCCTCT-1",10
"CATGACAAGTAACCCT-1",3
"CATGACAAGTATCTCG-1",3
"CATGACAGTCGTCTTC-1",1
"CATGACAGTGAACCTT-1",4
"CATGACATCAATAAGG-1",2
"CATGACATCTAACTGG-1",3
"CATGCCTAGACCTAGG-1",0
"CATGCCTAGAGTCTGG-1",0
"CATGCCTCACCACCAG-1",0
"CATGCCTGTCAAAGCG-1",2
"CATGCCTGTCGATTGT-1",1
"CATGCCTTCCACGACG-1",0
"CATGCCTTCCTCATTA-1",1
"CATGCCTTCGCATGAT-1",0
"CATGGCGAGAGCTGGT-1",3
"CATGGCGAGTACGACG-1",1
"CATGGCGTCCAAAGTC-1",8
"CATGGCGTCCCTTGTG-1",3
"CATGGCGTCGGCCGAT-1",1
"CATGGCGTCTCAAACG-1",0
"CATGGCGTCTGCCCTA-1",2
"CATTATCAGACCCACC-1",0
"CATTATCAGTCCCACG-1",1
"CATTATCCAAGTCTGT-1",2
"CATTATCCAGGGCATA-1",4
"CATTATCGTCAATGTC-1",1
"CATTATCTCACAAACC-1",1
"CATTATCTCAGATAAG-1",2
"CATTATCTCGCGTTTC-1",0
"CATTATCTCGTTGCCT-1",4
"CATTATCTCTATCCCG-1",0
"CATTATCTCTTAACCT-1",2
"CATTCGCAGGTGCTAG-1",0
"CATTCGCCAAGGGTCA-1",0
"CATTCGCCAGCCTATA-1",0
"CATTCGCCATACAGCT-1",0
"CATTCGCCATGGATGG-1",1
"CATTCGCCATGTCTCC-1",1
"CATTCGCCATTCACTT-1",9
"CATTCGCGTAGCACGA-1",1
"CATTCGCTCATCACCC-1",2
"CCAATCCAGACCACGA-1",2
"CCAATCCAGATATGGT-1",1
"CCAATCCAGTCGAGTG-1",0
"CCAATCCAGTCGTTTG-1",2
"CCAATCCAGTTTAGGA-1",2
"CCAATCCCAAGCGAGT-1",2
"CCAATCCTCGGACAAG-1",0
"CCAATCCTCTACCTGC-1",0
"CCACCTAAGCAGACTG-1",1
"CCACCTAAGGATGGTC-1",2
"CCACCTAAGTCGAGTG-1",0
"CCACCTAAGTGGGATC-1",0
"CCACCTAAGTGTGGCA-1",3
"CCACCTACAACAACCT-1",2
"CCACCTACAAGCCGCT-1",0
"CCACCTACAATCTACG-1",0
"CCACCTAGTAGTACCT-1",2
"CCACCTAGTCGCGTGT-1",1
"CCACCTAGTGGGTCAA-1",1
"CCACCTATCAGTTGAC-1",1
"CCACCTATCTGATACG-1",1
"CCACGGAAGACACGAC-1",0
"CCACGGAAGGGAACGG-1",3
"CCACGGACATGTCGAT-1",1
"CCACGGAGTAAGGGCT-1",1
"CCACGGAGTCAGATAA-1",0
"CCACGGAGTCCGTGAC-1",1
"CCACGGAGTGTAATGA-1",0
"CCACGGAGTTCTGAAC-1",4
"CCACGGATCACATAGC-1",0
"CCACGGATCCACGTGG-1",0
"CCACGGATCTACTATC-1",1
"CCACGGATCTAGAGTC-1",0
"CCACTACAGAGTACCG-1",1
"CCACTACAGCTTTGGT-1",1
"CCACTACCAGCAGTTT-1",1
"CCACTACCAGTAGAGC-1",2
"CCACTACGTCCGAATT-1",2
"CCACTACGTCTCAACA-1",8
"CCACTACGTGACAAAT-1",6
"CCACTACGTGACCAAG-1",1
"CCACTACGTGCACGAA-1",2
"CCACTACTCACTCTTA-1",1
"CCACTACTCCGCATCT-1",0
"CCACTACTCGGAAATA-1",2
"CCACTACTCTCGTATT-1",1
"CCACTACTCTCGTTTA-1",1
"CCAGCGAAGCCCAACC-1",0
"CCAGCGACATCGGGTC-1",0
"CCAGCGACATGTCCTC-1",0
"CCAGCGAGTAGGCATG-1",1
"CCAGCGAGTCCGTTAA-1",1
"CCAGCGATCAGAAATG-1",1
"CCATGTCAGCGATCCC-1",0
"CCATGTCAGGTCGGAT-1",0
"CCATGTCAGGTTACCT-1",0
"CCATGTCCAAGCTGGA-1",0
"CCATGTCCACATCCGG-1",2
"CCATGTCGTCCAGTAT-1",0
"CCATGTCTCCAAGTAC-1",1
"CCATGTCTCTTGTATC-1",1
"CCATTCGCAGTACACT-1",8
"CCATTCGCAGTTTACG-1",1
"CCATTCGGTAATCGTC-1",2
"CCATTCGGTATTACCG-1",2
"CCATTCGTCGTAGGAG-1",1
"CCCAATCAGTCACGCC-1",0
"CCCAATCCAGGTGGAT-1",0
"CCCAATCGTGAAGGCT-1",0
"CCCAATCGTTGGAGGT-1",1
"CCCAATCTCACATGCA-1",0
"CCCAATCTCCAGTATG-1",1
"CCCAATCTCGGAGCAA-1",1
"CCCAGTTAGAATAGGG-1",1
"CCCAGTTAGATCCCGC-1",1
"CCCAGTTAGCGTGAAC-1",0
"CCCAGTTAGGAATCGC-1",2
"CCCAGTTAGTCCGGTC-1",2
"CCCAGTTAGTTTGCGT-1",4
"CCCAGTTGTACATGTC-1",2
"CCCAGTTGTCTGCAAT-1",3
"CCCAGTTTCTGAAAGA-1",1
"CCCATACAGGGTTCCC-1",1
"CCCATACAGTGTTTGC-1",1
"CCCATACCAAAGGTGC-1",0
"CCCATACCAACACCCG-1",1
"CCCATACCAGCAGTTT-1",2
"CCCATACGTATTACCG-1",1
"CCCATACGTCAATACC-1",1
"CCCATACGTCTAGTCA-1",0
"CCCATACGTTGAGTTC-1",0
"CCCATACTCAATAAGG-1",1
"CCCATACTCAGCGACC-1",2
"CCCATACTCATCACCC-1",1
"CCCATACTCCGTAGGC-1",0
"CCCTCCTAGGAATCGC-1",6
"CCCTCCTCACGTCTCT-1",1
"CCCTCCTCAGCTTAAC-1",4
"CCCTCCTCATATGAGA-1",8
"CCCTCCTCATCACGTA-1",5
"CCCTCCTGTATGGTTC-1",3
"CCCTCCTGTTAGATGA-1",1
"CCCTCCTTCAATCACG-1",1
"CCCTCCTTCCGCAGTG-1",5
"CCGGGATAGCTTCGCG-1",2
"CCGGGATAGGCGACAT-1",2
"CCGGGATAGGCTAGGT-1",1
"CCGGGATCACAGTCGC-1",1
"CCGGGATGTATAGGTA-1",2
"CCGGGATTCAGAGCTT-1",1
"CCGGGATTCGCTAGCG-1",1
"CCGGGATTCGCTTGTC-1",2
"CCGGTAGAGCGTCTAT-1",0
"CCGGTAGAGTACGCCC-1",0
"CCGGTAGCACATAACC-1",8
"CCGGTAGCACGCATCG-1",3
"CCGGTAGGTACTTCTT-1",1
"CCGGTAGGTCAAACTC-1",4
"CCGGTAGTCGTCCGTT-1",0
"CCGTACTAGAGAACAG-1",3
"CCGTACTAGTCCGTAT-1",1
"CCGTACTCAAGCCCAC-1",1
"CCGTACTCAAGCGAGT-1",1
"CCGTACTCATCCCACT-1",1
"CCGTACTGTACAGCAG-1",0
"CCGTACTGTAGCGCTC-1",1
"CCGTACTGTGCGGTAA-1",1
"CCGTACTTCGTTACAG-1",2
"CCGTGGAAGACGCACA-1",5
"CCGTGGAAGAGTTGGC-1",0
"CCGTGGAAGGTGATAT-1",0
"CCGTGGAAGGTTCCTA-1",3
"CCGTGGACAGCCTTGG-1",2
"CCGTGGAGTTCCATGA-1",2
"CCGTGGATCTAACTTC-1",1
"CCGTGGATCTCTGTCG-1",2
"CCGTTCAAGCGTAATA-1",8
"CCGTTCAAGTACGATA-1",1
"CCGTTCAAGTAGATGT-1",0
"CCGTTCACAGGATCGA-1",1
"CCGTTCAGTATAGGGC-1",3
"CCGTTCAGTCGCGAAA-1",0
"CCGTTCATCGTACCGG-1",1
"CCTAAAGAGAGTTGGC-1",2
"CCTAAAGCAAACCTAC-1",0
"CCTAAAGCATGTCTCC-1",2
"CCTAAAGGTACTCAAC-1",3
"CCTAAAGGTCGGCACT-1",3
"CCTAAAGGTGTAATGA-1",1
"CCTAAAGTCACCGTAA-1",0
"CCTAAAGTCAGCGATT-1",1
"CCTAAAGTCGGCGCTA-1",0
"CCTAAAGTCGGTCCGA-1",1
"CCTACACAGGACCACA-1",1
"CCTACACAGGGTGTTG-1",0
"CCTACACCAGTAAGAT-1",0
"CCTACACGTATAGTAG-1",1
"CCTACACGTCCGAACC-1",2
"CCTACACGTGGGTCAA-1",1
"CCTACACGTTTGACTG-1",1
"CCTACACTCGGCGCTA-1",1
"CCTACACTCGTGACAT-1",5
"CCTACCAAGATAGGAG-1",2
"CCTACCAAGCAAATCA-1",1
"CCTACCAAGCGTAGTG-1",0
"CCTACCAAGCTTCGCG-1",2
"CCTACCAAGTGCGATG-1",2
"CCTACCAGTATCAGTC-1",0
"CCTACCAGTCTCTCTG-1",0
"CCTACCAGTCTTTCAT-1",0
"CCTACCATCAGCACAT-1",3
"CCTACCATCGCCAGCA-1",1
"CCTAGCTAGCAAATCA-1",0
"CCTAGCTAGCTCCTCT-1",0
"CCTAGCTAGGTTACCT-1",1
"CCTAGCTAGTACGCGA-1",0
"CCTAGCTCAATGAATG-1",1
"CCTAGCTCAATGGTCT-1",3
"CCTAGCTCACATCCAA-1",0
"CCTAGCTCAGCCAGAA-1",0
"CCTAGCTGTAGAAAGG-1",4
"CCTAGCTGTCACCCAG-1",2
"CCTAGCTGTCTGATTG-1",1
"CCTAGCTTCACGATGT-1",0
"CCTAGCTTCGTAGGAG-1",2
"CCTATTAAGAATTCCC-1",3
"CCTATTAAGCAGGCTA-1",0
"CCTATTAAGCAGGTCA-1",2
"CCTATTAAGGGAGTAA-1",2
"CCTATTAAGGTAGCCA-1",2
"CCTATTACACAACTGT-1",4
"CCTATTACACATCCGG-1",1
"CCTATTAGTCAATACC-1",1
"CCTATTATCATCACCC-1",3
"CCTATTATCTGCGACG-1",2
"CCTCAGTAGCTAACTC-1",1
"CCTCAGTCAGGTGGAT-1",0
"CCTCAGTGTCCATCCT-1",0
"CCTCAGTGTCCGACGT-1",1
"CCTCAGTGTCTTGTCC-1",2
"CCTCAGTGTGGGTATG-1",1
"CCTCTGAAGTATCGAA-1",1
"CCTCTGAAGTGGGTTG-1",1
"CCTCTGACAAGCTGTT-1",4
"CCTCTGACACCGATAT-1",4
"CCTCTGACAGATGAGC-1",2
"CCTCTGAGTCAATACC-1",1
"CCTCTGAGTCCGAACC-1",3
"CCTCTGAGTCGTGGCT-1",3
"CCTCTGAGTCTGATTG-1",2
"CCTCTGATCTGAGGGA-1",3
"CCTTACGCAAGCGTAG-1",1
"CCTTACGCACCAACCG-1",31
"CCTTACGGTCATCCCT-1",0
"CCTTACGGTCCTCTTG-1",8
"CCTTACGTCACAACGT-1",0
"CCTTACGTCATCTGCC-1",1
"CCTTACGTCGGAGGTA-1",0
"CCTTCCCAGAGACTAT-1",2
"CCTTCCCAGCTAGGCA-1",0
"CCTTCCCAGGACGAAA-1",0
"CCTTCCCAGGGCATGT-1",0
"CCTTCCCAGGTACTCT-1",0
"CCTTCCCCATGATCCA-1",1
"CCTTCCCTCAAGGCTT-1",3
"CCTTCCCTCTATCCTA-1",2
"CCTTCCCTCTATCGCC-1",2
"CCTTCGAAGGCGCTCT-1",2
"CCTTCGACAACACCCG-1",2
"CCTTCGACAGCGATCC-1",0
"CCTTCGAGTAAGCACG-1",3
"CCTTCGAGTCCATGAT-1",6
"CCTTCGAGTGTGACCC-1",3
"CCTTCGAGTTGGTGGA-1",0
"CCTTCGATCACAGTAC-1",3
"CCTTCGATCCTATGTT-1",3
"CCTTCGATCGCACTCT-1",0
"CCTTTCTAGACGCTTT-1",1
"CCTTTCTAGGGCACTA-1",0
"CCTTTCTAGTGGAGTC-1",0
"CCTTTCTCAGACAAGC-1",3
"CCTTTCTCATCACGAT-1",1
"CCTTTCTCATGCCCGA-1",2
"CCTTTCTTCCCACTTG-1",1
"CCTTTCTTCTTTACGT-1",1
"CGAACATCACATGACT-1",1
"CGAACATCACTTGGAT-1",1
"CGAACATCAGTCCTTC-1",0
"CGAACATGTCTGATTG-1",0
"CGAACATGTGCTGTAT-1",1
"CGAACATTCTCAAACG-1",0
"CGAATGTAGAGGTTAT-1",0
"CGAATGTAGCGATAGC-1",2
"CGAATGTAGTTCGCAT-1",2
"CGAATGTCAATGCCAT-1",0
"CGAATGTGTCTAGTCA-1",1
"CGAATGTGTCTCACCT-1",0
"CGAATGTTCAACACAC-1",1
"CGAATGTTCATCACCC-1",2
"CGAATGTTCTGTACGA-1",0
"CGACCTTAGCTACCGC-1",0
"CGACCTTAGCTAGTCT-1",0
"CGACCTTCAAAGTGCG-1",2
"CGACCTTCACGAAATA-1",0
"CGACCTTGTAAGTGTA-1",2
"CGACCTTGTCAGAATA-1",1
"CGACCTTGTCTCCCTA-1",2
"CGACCTTGTCTCTTAT-1",2
"CGACCTTTCCGCGTTT-1",1
"CGACCTTTCGTTTATC-1",2
"CGACCTTTCTCCAGGG-1",0
"CGACTTCAGACACGAC-1",0
"CGACTTCAGGTAGCCA-1",0
"CGACTTCAGTCTTGCA-1",1
"CGACTTCCAATGGACG-1",2
"CGACTTCGTGGTGTAG-1",1
"CGACTTCGTTGAGTTC-1",6
"CGACTTCTCACTTACT-1",2
"CGACTTCTCTCGCTTG-1",2
"CGAGAAGAGAAACGCC-1",0
"CGAGAAGAGCCAACAG-1",0
"CGAGAAGAGCGTGTCC-1",6
"CGAGAAGCAAGTTCTG-1",2
"CGAGAAGCACATCCGG-1",1
"CGAGAAGCAGGCTGAA-1",6
"CGAGAAGTCGGATGGA-1",1
"CGAGCACAGCCAGAAC-1",2
"CGAGCACCACATGTGT-1",2
"CGAGCACGTAGCGTCC-1",0
"CGAGCACGTAGCGTGA-1",0
"CGAGCACGTCAGATAA-1",0
"CGAGCACGTGCCTTGG-1",5
"CGAGCACTCCCGGATG-1",0
"CGAGCACTCCGCTGTT-1",1
"CGAGCACTCGGAAATA-1",1
"CGAGCACTCGTGACAT-1",0
"CGAGCCAAGCTAGCCC-1",0
"CGAGCCAGTATATCCG-1",1
"CGAGCCAGTCAAGCGA-1",1
"CGATCGGAGAGCCTAG-1",1
"CGATCGGAGTACGATA-1",1
"CGATCGGCAAACGCGA-1",6
"CGATCGGCAAGCGATG-1",1
"CGATCGGCAATACGCT-1",0
"CGATCGGCAGTTAACC-1",8
"CGATCGGCATACTCTT-1",0
"CGATCGGGTCGACTGC-1",1
"CGATCGGTCAACGGGA-1",2
"CGATCGGTCTAGCACA-1",4
"CGATGGCAGCCGTCGT-1",2
"CGATGGCAGTCCAGGA-1",0
"CGATGGCCACTTAACG-1",0
"CGATGGCCAGCGTAAG-1",2
"CGATGGCCATCATCCC-1",2
"CGATGGCTCCTAGAAC-1",1
"CGATGGCTCGCTAGCG-1",0
"CGATGGCTCTGACCTC-1",1
"CGATGTAAGGCAATTA-1",4
"CGATGTAAGTTTGCGT-1",0
"CGATGTACACAGGCCT-1",2
"CGATGTACAGGTCTCG-1",1
"CGATGTAGTCCAGTGC-1",1
"CGATGTAGTCTAGGTT-1",0
"CGATGTAGTGTGCCTG-1",0
"CGATGTAGTTTGCATG-1",1
"CGATTGAAGATGTGGC-1",1
"CGATTGACAGACGCAA-1",1
"CGATTGAGTATGGTTC-1",2
"CGATTGAGTTCAGACT-1",1
"CGATTGATCATGGTCA-1",1
"CGATTGATCTGCGGCA-1",1
"CGCCAAGAGAATGTTG-1",2
"CGCCAAGAGACCTTTG-1",1
"CGCCAAGAGATCGGGT-1",1
"CGCCAAGAGATCTGAA-1",1
"CGCCAAGAGCGTGTCC-1",2
"CGCCAAGGTCTAGGTT-1",2
"CGCCAAGTCAGGATCT-1",3
"CGCCAAGTCCACTCCA-1",3
"CGCCAAGTCTTGTTTG-1",0
"CGCGGTAAGCTAGCCC-1",1
"CGCGGTAAGGGTTCCC-1",0
"CGCGGTACAAACTGCT-1",2
"CGCGGTACAATGGAAT-1",1
"CGCGGTACAGCTGTTA-1",1
"CGCGGTAGTCAAGCGA-1",1
"CGCGGTAGTGAGGCTA-1",1
"CGCGGTAGTTTGCATG-1",2
"CGCGTTTAGTTATCGC-1",0
"CGCGTTTCAACAACCT-1",4
"CGCGTTTCAAGCGAGT-1",4
"CGCGTTTCAATGGACG-1",0
"CGCGTTTCACGGTGTC-1",0
"CGCGTTTGTGCTGTAT-1",0
"CGCGTTTGTGGACGAT-1",1
"CGCGTTTTCAAACCGT-1",0
"CGCGTTTTCAGCCTAA-1",2
"CGCGTTTTCCTATGTT-1",0
"CGCGTTTTCGTGGTCG-1",2
"CGCTATCAGAAACCGC-1",2
"CGCTATCAGTCATCCA-1",0
"CGCTATCCAAGCGAGT-1",0
"CGCTATCCAGTCGATT-1",0
"CGCTATCCATCGACGC-1",4
"CGCTATCCATTTCAGG-1",2
"CGCTATCGTACCGAGA-1",3
"CGCTATCGTTCGAATC-1",4
"CGCTATCGTTTCGCTC-1",2
"CGCTATCTCGTTACAG-1",0
"CGCTGGAAGGACATTA-1",0
"CGCTGGAAGGGCACTA-1",0
"CGCTGGAAGGTGATAT-1",2
"CGCTGGACAGACTCGC-1",1
"CGCTGGAGTGTAATGA-1",1
"CGCTGGAGTTCTGGTA-1",2
"CGCTGGATCCGAAGAG-1",1
"CGCTGGATCCGTTGCT-1",0
"CGCTGGATCGTAGGAG-1",6
"CGCTGGATCGTTACAG-1",3
"CGCTTCAAGAAGGGTA-1",1
"CGCTTCAAGGTCGGAT-1",2
"CGCTTCACACGGTGTC-1",0
"CGCTTCACAGACAAGC-1",6
"CGCTTCACATCACCCT-1",3
"CGCTTCAGTCGCGGTT-1",1
"CGCTTCATCTTAGAGC-1",4
"CGGACACAGCGATATA-1",0
"CGGACACAGCGATGAC-1",0
"CGGACACAGCTTCGCG-1",0
"CGGACACAGGTAAACT-1",2
"CGGACACAGTAGCCGA-1",1
"CGGACACCACAGGAGT-1",0
"CGGACACCATTCACTT-1",1
"CGGACACGTGAGCGAT-1",0
"CGGACACGTGCTCTTC-1",0
"CGGACACGTGTGACCC-1",1
"CGGACGTAGGTTACCT-1",1
"CGGACGTCATGGGACA-1",2
"CGGACGTGTGAAAGAG-1",0
"CGGACGTGTTGGTAAA-1",3
"CGGACGTTCATGTGGT-1",0
"CGGACGTTCTGTCCGT-1",1
"CGGACTGAGGAGCGAG-1",1
"CGGACTGAGGAGTCTG-1",1
"CGGACTGAGTGGTAGC-1",2
"CGGACTGCAACTTGAC-1",6
"CGGACTGCAATGACCT-1",0
"CGGACTGCACAACGTT-1",4
"CGGACTGCACGCCAGT-1",1
"CGGACTGCAGTATGCT-1",1
"CGGACTGGTAAAGGAG-1",1
"CGGACTGGTATAAACG-1",2
"CGGACTGGTGTAAGTA-1",0
"CGGACTGGTGTGGTTT-1",2
"CGGACTGGTTGACGTT-1",0
"CGGACTGTCATTGCCC-1",6
"CGGACTGTCCATGCTC-1",4
"CGGACTGTCCGTCAAA-1",2
"CGGACTGTCGTTTGCC-1",2
"CGGACTGTCTTCATGT-1",2
"CGGAGCTAGTTTAGGA-1",2
"CGGAGCTCATTGAGCT-1",0
"CGGAGCTGTAGAAAGG-1",3
"CGGAGCTTCACTTATC-1",2
"CGGAGCTTCATGTAGC-1",0
"CGGAGCTTCCACGAAT-1",0
"CGGAGTCAGTGCGATG-1",4
"CGGAGTCAGTGTGAAT-1",0
"CGGAGTCCAGTGGGAT-1",1
"CGGAGTCCATTATCTC-1",2
"CGGAGTCGTAGCTGCC-1",0
"CGGAGTCGTCCAGTGC-1",2
"CGGAGTCGTGTTCGAT-1",0
"CGGAGTCTCCCAGGTG-1",4
"CGGAGTCTCCGTAGTA-1",0
"CGGCTAGAGAAACGCC-1",2
"CGGCTAGAGCACCGTC-1",0
"CGGCTAGAGCTAAACA-1",1
"CGGCTAGCAGACAAAT-1",1
"CGGCTAGGTAACGCGA-1",1
"CGGCTAGGTTCATGGT-1",0
"CGGCTAGTCAAAGACA-1",2
"CGGCTAGTCGTGGGAA-1",0
"CGGCTAGTCTTGTTTG-1",0
"CGGGTCAAGAGTCGGT-1",2
"CGGGTCAAGCACACAG-1",0
"CGGGTCAAGCTAACTC-1",0
"CGGGTCAAGGACACCA-1",0
"CGGGTCAAGTATGACA-1",2
"CGGGTCACAATGACCT-1",0
"CGGGTCACACCGAAAG-1",1
"CGGGTCACAGCCACCA-1",0
"CGGGTCACATACAGCT-1",2
"CGGGTCACATCCTTGC-1",1
"CGGGTCAGTAGCGCTC-1",0
"CGGGTCAGTCGATTGT-1",2
"CGGGTCAGTGCAACTT-1",0
"CGGGTCAGTTGTTTGG-1",3
"CGGGTCATCAACACCA-1",7
"CGGGTCATCACCTTAT-1",6
"CGGGTCATCCACGACG-1",2
"CGGTTAACAGGACCCT-1",1
"CGGTTAACATGTCCTC-1",0
"CGGTTAACATTCCTGC-1",0
"CGGTTAAGTCGACTGC-1",5
"CGGTTAATCCGGCACA-1",1
"CGGTTAATCCTTTCGG-1",3
"CGGTTAATCTTATCTG-1",1
"CGTAGCGAGATGTAAC-1",3
"CGTAGCGAGGCAATTA-1",1
"CGTAGCGAGTAGGTGC-1",2
"CGTAGCGCAAGCGCTC-1",2
"CGTAGCGTCCAACCAA-1",1
"CGTAGCGTCGGCGGTT-1",0
"CGTAGGCAGGGCTCTC-1",0
"CGTAGGCCAAGCGATG-1",3
"CGTAGGCCACTAAGTC-1",0
"CGTAGGCCAGAGTGTG-1",1
"CGTAGGCCATCCCATC-1",5
"CGTAGGCGTATTAGCC-1",0
"CGTAGGCGTCAATACC-1",1
"CGTAGGCGTGGCGAAT-1",0
"CGTAGGCTCCAGAAGG-1",0
"CGTCACTAGTCATGCT-1",1
"CGTCACTCAAAGCGGT-1",2
"CGTCACTCAGGTCCAC-1",0
"CGTCACTCAGTCACTA-1",1
"CGTCACTTCCTTGACC-1",1
"CGTCACTTCGGTGTTA-1",0
"CGTCACTTCTGTGCAA-1",2
"CGTCACTTCTTGAGAC-1",0
"CGTCAGGAGCTGTTCA-1",6
"CGTCAGGCAAAGCAAT-1",4
"CGTCAGGCAAAGCGGT-1",1
"CGTCAGGCAACACGCC-1",0
"CGTCAGGCATCCGCGA-1",2
"CGTCAGGGTCAGCTAT-1",0
"CGTCAGGGTCGTTGTA-1",1
"CGTCAGGGTGTAAGTA-1",0
"CGTCAGGTCCACTGGG-1",0
"CGTCAGGTCGACAGCC-1",3
"CGTCAGGTCGGGAGTA-1",1
"CGTCCATAGACCACGA-1",7
"CGTCCATAGCGATTCT-1",1
"CGTCCATAGGCTATCT-1",2
"CGTCCATAGTCTCAAC-1",1
"CGTCCATCACGACTCG-1",1
"CGTCCATCATTCACTT-1",0
"CGTCCATGTCTAGCGC-1",0
"CGTCCATGTGATAAAC-1",3
"CGTCCATGTTTGGGCC-1",2
"CGTCCATGTTTGTGTG-1",1
"CGTCCATTCAACACCA-1",3
"CGTCCATTCATTCACT-1",3
"CGTCTACAGTGCGTGA-1",2
"CGTCTACGTAGTAGTA-1",2
"CGTCTACTCGAGCCCA-1",1
"CGTCTACTCGCCATAA-1",2
"CGTCTACTCGGCCGAT-1",1
"CGTCTACTCGTCCAGG-1",1
"CGTCTACTCTATCGCC-1",0
"CGTGAGCAGATCTGAA-1",12
"CGTGAGCAGCAATCTC-1",1
"CGTGAGCAGCGGATCA-1",3
"CGTGAGCAGCTAGTGG-1",0
"CGTGAGCAGCTTCGCG-1",1
"CGTGAGCAGGGCACTA-1",1
"CGTGAGCAGGGTGTGT-1",1
"CGTGAGCAGTGGAGAA-1",0
"CGTGAGCCAAGCCGCT-1",2
"CGTGAGCCACGTAAGG-1",1
"CGTGAGCCATACGCCG-1",1
"CGTGAGCGTAGATTAG-1",1
"CGTGAGCGTCTCTTAT-1",0
"CGTGAGCTCACAAACC-1",0
"CGTGAGCTCCAAATGC-1",1
"CGTGAGCTCCGAGCCA-1",7
"CGTGAGCTCGTTGCCT-1",0
"CGTGAGCTCTGGGCCA-1",3
"CGTGTAAAGATAGTCA-1",0
"CGTGTAAAGGTGTTAA-1",0
"CGTGTAAAGTACATGA-1",0
"CGTGTAACATGGGACA-1",0
"CGTGTAAGTCCGCTGA-1",0
"CGTGTAAGTGTCTGAT-1",0
"CGTGTAATCTACTATC-1",0
"CGTGTAATCTCGATGA-1",2
"CGTGTAATCTTTAGTC-1",2
"CGTGTCTAGGCGCTCT-1",0
"CGTGTCTAGGGATGGG-1",8
"CGTGTCTCAGACAAAT-1",0
"CGTGTCTCAGACACTT-1",0
"CGTGTCTGTAAGAGGA-1",1
"CGTGTCTGTATATGAG-1",1
"CGTGTCTGTCAAAGCG-1",1
"CGTGTCTGTTCCGTCT-1",0
"CGTGTCTTCAATCACG-1",4
"CGTGTCTTCAGAGGTG-1",0
"CGTGTCTTCATAGCAC-1",0
"CGTGTCTTCCGAACGC-1",0
"CGTGTCTTCGGCATCG-1",2
"CGTGTCTTCGTGGACC-1",4
"CGTGTCTTCTACTTAC-1",0
"CGTGTCTTCTGAGTGT-1",1
"CGTTAGAAGATCTGAA-1",1
"CGTTAGAAGGCCCTTG-1",0
"CGTTAGACACGAAAGC-1",0
"CGTTAGACAGCTTCGG-1",1
"CGTTAGAGTTTAAGCC-1",2
"CGTTAGATCACTTATC-1",1
"CGTTAGATCAGCCTAA-1",19
"CGTTCTGAGAAGGGTA-1",2
"CGTTCTGAGACTAGGC-1",3
"CGTTCTGAGTGAACAT-1",1
"CGTTCTGCAGCTCGCA-1",2
"CGTTCTGCATTGGCGC-1",1
"CGTTCTGGTGAGGGTT-1",4
"CGTTCTGTCTGATTCT-1",3
"CGTTGGGAGCTAGTTC-1",2
"CGTTGGGAGGATGCGT-1",1
"CGTTGGGCACATTAGC-1",1
"CGTTGGGCAGACAGGT-1",1
"CGTTGGGGTTCCCGAG-1",1
"CGTTGGGTCATGCTCC-1",0
"CGTTGGGTCCATGAAC-1",8
"CGTTGGGTCTACCAGA-1",3
"CTAACTTAGTCCTCCT-1",1
"CTAACTTCAATAGCAA-1",1
"CTAACTTCAATCGGTT-1",9
"CTAACTTGTGAGGCTA-1",0
"CTAACTTTCGTACGGC-1",2
"CTAACTTTCTGGCGTG-1",0
"CTAAGACAGGGAAACA-1",0
"CTAAGACAGTACATGA-1",4
"CTAAGACAGTTCGCGC-1",1
"CTAAGACCAAGTAATG-1",0
"CTAAGACCAGTAAGAT-1",2
"CTAAGACCATGCAATC-1",0
"CTAAGACGTAAGGATT-1",2
"CTAAGACGTATCAGTC-1",2
"CTAAGACGTCACCTAA-1",1
"CTAAGACTCGTTGCCT-1",1
"CTAAGACTCTTACCGC-1",1
"CTAAGACTCTTGAGGT-1",1
"CTAATGGAGCAATCTC-1",0
"CTAATGGAGCGCTCCA-1",1
"CTAATGGAGCTCCCAG-1",0
"CTAATGGAGCTGAAAT-1",7
"CTAATGGAGTTAGGTA-1",2
"CTAATGGCATGGAATA-1",2
"CTAATGGGTACCGCTG-1",2
"CTAATGGGTCTAGCGC-1",0
"CTAATGGGTGAGGGAG-1",0
"CTAATGGGTTGGTGGA-1",0
"CTAATGGTCATGCTCC-1",0
"CTAATGGTCCACTGGG-1",2
"CTAATGGTCCGTTGCT-1",2
"CTAATGGTCCTAGAAC-1",2
"CTACACCAGTGCGATG-1",2
"CTACACCCACGGACAA-1",1
"CTACACCGTAATAGCA-1",7
"CTACACCGTCTGATTG-1",1
"CTACACCGTTCGTCTC-1",1
"CTACACCTCAGAAATG-1",0
"CTACACCTCGGCTTGG-1",2
"CTACACCTCGGTCCGA-1",1
"CTACACCTCTCGCATC-1",6
"CTACACCTCTCTGCTG-1",4
"CTACATTAGATCACGG-1",0
"CTACATTCACTCGACG-1",0
"CTACATTCATTTCACT-1",4
"CTACATTGTGATGATA-1",0
"CTACATTGTTCGAATC-1",0
"CTACATTTCAACGCTA-1",0
"CTACATTTCGCCATAA-1",2
"CTACATTTCTAGCACA-1",0
"CTACCCACACAGAGGT-1",1
"CTACCCACACGACGAA-1",1
"CTACCCACATGGTTGT-1",0
"CTACCCAGTATCTGCA-1",1
"CTACCCAGTATGAATG-1",0
"CTACCCAGTCAGAAGC-1",3
"CTACCCAGTGTGACCC-1",4
"CTACCCAGTTATGTGC-1",0
"CTACCCATCTACGAGT-1",1
"CTACGTCAGGTGCAAC-1",3
"CTACGTCAGTGCGATG-1",3
"CTACGTCAGTTGTCGT-1",1
"CTACGTCCATATACCG-1",2
"CTACGTCGTATATGGA-1",6
"CTACGTCGTGTGGTTT-1",1
"CTACGTCTCAAAGTAG-1",0
"CTACGTCTCACGACTA-1",3
"CTACGTCTCACGGTTA-1",1
"CTACGTCTCCTAGAAC-1",1
"CTAGAGTAGCTGTCTA-1",2
"CTAGAGTAGGATCGCA-1",1
"CTAGAGTAGTCCATAC-1",2
"CTAGAGTCACATTAGC-1",1
"CTAGAGTCAGTATGCT-1",0
"CTAGAGTCATACTCTT-1",1
"CTAGAGTCATGTAAGA-1",0
"CTAGAGTGTGACCAAG-1",1
"CTAGAGTTCAACACCA-1",2
"CTAGAGTTCCGTCAAA-1",2
"CTAGAGTTCCTAAGTG-1",3
"CTAGAGTTCGCCAGCA-1",1
"CTAGAGTTCGCTTAGA-1",5
"CTAGAGTTCGTGACAT-1",1
"CTAGAGTTCTGATTCT-1",0
"CTAGCCTCACCAGATT-1",2
"CTAGCCTGTATATCCG-1",1
"CTAGCCTGTGATGCCC-1",1
"CTAGCCTTCGGGAGTA-1",5
"CTAGTGAAGCTGGAAC-1",0
"CTAGTGAAGTGTACCT-1",2
"CTAGTGACAAGTCTAC-1",3
"CTAGTGACAGGATCGA-1",4
"CTAGTGAGTTATGCGT-1",0
"CTAGTGATCAGTTGAC-1",0
"CTAGTGATCCAGTAGT-1",2
"CTCACACAGCTAAGAT-1",1
"CTCACACAGCTGCCCA-1",0
"CTCACACAGGATGCGT-1",3
"CTCACACCACGTAAGG-1",1
"CTCACACCACTGTTAG-1",1
"CTCACACCATATACGC-1",1
"CTCACACGTGCTGTAT-1",2
"CTCACACGTTCCATGA-1",0
"CTCACACGTTTGGGCC-1",3
"CTCACACTCACCGGGT-1",1
"CTCACACTCATCGGAT-1",2
"CTCACACTCCGCGCAA-1",2
"CTCACACTCTAACCGA-1",1
"CTCAGAAAGAGCTGCA-1",1
"CTCAGAAAGGAGTAGA-1",2
"CTCAGAACAACGCACC-1",3
"CTCAGAACAAGCGATG-1",0
"CTCAGAACAGGGCATA-1",0
"CTCAGAAGTGACGGTA-1",0
"CTCAGAATCTTAACCT-1",0
"CTCATTAAGAACTGTA-1",2
"CTCATTACATGGTCAT-1",3
"CTCATTAGTGTAACGG-1",1
"CTCATTAGTTTACTCT-1",1
"CTCCTAGCAAGTACCT-1",1
"CTCCTAGCAATTCCTT-1",4
"CTCCTAGCACTGTCGG-1",0
"CTCCTAGCAGTCCTTC-1",2
"CTCCTAGCATAACCTG-1",0
"CTCCTAGCATGCGCAC-1",1
"CTCCTAGGTAGAAAGG-1",2
"CTCCTAGGTCCGAGTC-1",1
"CTCCTAGGTCTAGCCG-1",2
"CTCCTAGGTGTTTGTG-1",0
"CTCCTAGGTTCGTGAT-1",0
"CTCCTAGGTTGTTTGG-1",2
"CTCCTAGTCACTTACT-1",2
"CTCCTAGTCTCATTCA-1",0
"CTCGAAAAGCCCAACC-1",1
"CTCGAAAAGCTATGCT-1",5
"CTCGAAAAGGCCCTTG-1",0
"CTCGAAAAGGGCTTCC-1",2
"CTCGAAACAAGCCGTC-1",0
"CTCGAAACACATTAGC-1",2
"CTCGAAACACCGAAAG-1",3
"CTCGAAACACGGCTAC-1",2
"CTCGAAACAGTAAGAT-1",0
"CTCGAAACATACGCCG-1",0
"CTCGAGGAGCCATCGC-1",0
"CTCGAGGAGGGCTTCC-1",1
"CTCGAGGCAGATAATG-1",9
"CTCGAGGGTATTCTCT-1",1
"CTCGAGGGTGCCTGGT-1",2
"CTCGGAGAGTCCCACG-1",0
"CTCGGAGCACTTCTGC-1",0
"CTCGGAGCAGCTGCAC-1",0
"CTCGGAGCAGGATCGA-1",4
"CTCGGAGGTAGCCTAT-1",0
"CTCGGAGGTCATGCCG-1",1
"CTCGGAGTCAAACGGG-1",0
"CTCGGAGTCACATACG-1",4
"CTCGGAGTCAGCTTAG-1",1
"CTCGGGAAGACCTAGG-1",2
"CTCGGGACACAGCCCA-1",2
"CTCGGGACATAAAGGT-1",0
"CTCGGGACATCCCACT-1",2
"CTCGGGACATGTCGAT-1",1
"CTCGGGAGTCGCGTGT-1",1
"CTCGGGAGTGACTACT-1",4
"CTCGGGAGTTACGACT-1",2
"CTCGGGATCCGTACAA-1",1
"CTCGGGATCCTTGACC-1",0
"CTCGGGATCTTAGCCC-1",0
"CTCGGGATCTTGTTTG-1",1
"CTCGTACAGCGATAGC-1",1
"CTCGTACCAGCGTAAG-1",0
"CTCGTACCATAGTAAG-1",1
"CTCGTACGTAGAGTGC-1",1
"CTCGTACGTATCACCA-1",1
"CTCGTACGTGCAGTAG-1",1
"CTCGTACTCAAAGTAG-1",3
"CTCGTACTCAATCTCT-1",0
"CTCGTACTCGTTGCCT-1",0
"CTCGTACTCTGGTTCC-1",0
"CTCGTCAAGATGCCTT-1",1
"CTCGTCAAGTGGAGTC-1",4
"CTCGTCAAGTTTGCGT-1",0
"CTCGTCACAACGATCT-1",0
"CTCGTCACACATCCGG-1",1
"CTCGTCACAGTCGTGC-1",4
"CTCGTCAGTCTCATCC-1",1
"CTCGTCAGTCTCCATC-1",0
"CTCGTCAGTGAGCGAT-1",0
"CTCGTCAGTTGACGTT-1",1
"CTCGTCAGTTGGGACA-1",1
"CTCGTCATCACTTATC-1",1
"CTCGTCATCGACCAGC-1",1
"CTCGTCATCTGCTGTC-1",1
"CTCTAATCACCAGGTC-1",1
"CTCTAATCACGGTGTC-1",0
"CTCTAATCAGGAATCG-1",0
"CTCTAATGTCCAAGTT-1",0
"CTCTACGAGCTAAACA-1",1
"CTCTACGAGCTAGTGG-1",1
"CTCTACGAGTACGCCC-1",0
"CTCTACGAGTAGGCCA-1",4
"CTCTACGCAATAACGA-1",2
"CTCTACGCAGACGCTC-1",4
"CTCTACGCATGACATC-1",0
"CTCTACGTCATGTCTT-1",1
"CTCTACGTCCCTAATT-1",1
"CTCTACGTCGGCATCG-1",1
"CTCTACGTCGGTCTAA-1",1
"CTCTGGTAGCAGCGTA-1",0
"CTCTGGTAGCGTTCCG-1",1
"CTCTGGTAGGCATGGT-1",2
"CTCTGGTAGTGCCAGA-1",0
"CTCTGGTCACAAGCCC-1",4
"CTCTGGTCAGCCTTTC-1",3
"CTCTGGTTCATCTGTT-1",2
"CTCTGGTTCTTGTACT-1",2
"CTGAAACAGATCCCGC-1",0
"CTGAAACAGGTGCTAG-1",0
"CTGAAACAGTCCGTAT-1",1
"CTGAAACAGTGTCTCA-1",2
"CTGAAACGTCATCGGC-1",2
"CTGAAACGTTAAAGAC-1",3
"CTGAAACTCATACGGT-1",1
"CTGAAGTAGTGCGTGA-1",2
"CTGAAGTCAGCTGTAT-1",6
"CTGAAGTGTTAAAGTG-1",2
"CTGAAGTTCAAGCCTA-1",2
"CTGAAGTTCGGATGTT-1",0
"CTGATAGAGGGAGTAA-1",1
"CTGATAGAGTGCAAGC-1",1
"CTGATAGCAGCCTTTC-1",1
"CTGATAGCATCCCATC-1",0
"CTGATAGCATCTCCCA-1",4
"CTGATAGGTCAAAGCG-1",9
"CTGATAGGTCGCTTTC-1",0
"CTGATAGGTTACGACT-1",1
"CTGATAGTCGCGATCG-1",0
"CTGATAGTCTTATCTG-1",1
"CTGATCCAGGCATTGG-1",2
"CTGATCCAGGTGACCA-1",1
"CTGATCCCACAGAGGT-1",0
"CTGATCCCAGGCTGAA-1",0
"CTGATCCGTGCCTGGT-1",2
"CTGATCCGTTATCCGA-1",1
"CTGATCCGTTGTGGCC-1",3
"CTGCCTAAGGGTCTCC-1",6
"CTGCCTAAGGTGATAT-1",0
"CTGCCTAAGTACGCGA-1",1
"CTGCCTAAGTGCGTGA-1",0
"CTGCCTACATCCCACT-1",2
"CTGCCTATCAATAAGG-1",6
"CTGCGGAAGAAGGACA-1",3
"CTGCGGAAGAGCTGGT-1",2
"CTGCGGAAGATGAGAG-1",0
"CTGCGGACAGGTCGTC-1",0
"CTGCGGACATGTCTCC-1",1
"CTGCGGAGTCACTTCC-1",0
"CTGCGGAGTCGTGGCT-1",2
"CTGCGGAGTTCTGTTT-1",3
"CTGCGGAGTTGGACCC-1",1
"CTGCGGATCGCCTGTT-1",0
"CTGCGGATCTTACCGC-1",1
"CTGCTGTAGGGTGTTG-1",0
"CTGCTGTAGTACCGGA-1",0
"CTGCTGTAGTGGAGAA-1",0
"CTGCTGTCACATCTTT-1",0
"CTGCTGTGTTAAAGAC-1",2
"CTGCTGTTCTCCAACC-1",0
"CTGCTGTTCTTACCGC-1",0
"CTGGTCTAGCGTTGCC-1",2
"CTGGTCTAGGACAGCT-1",3
"CTGGTCTAGGGCTTGA-1",1
"CTGGTCTAGTCGAGTG-1",2
"CTGGTCTCAAAGGAAG-1",1
"CTGGTCTCACCAGTTA-1",1
"CTGGTCTGTACCTACA-1",5
"CTGGTCTGTACGCTGC-1",2
"CTGGTCTGTCCGCTGA-1",0
"CTGGTCTGTCCGTTAA-1",0
"CTGGTCTGTTCATGGT-1",3
"CTGGTCTGTTCGTGAT-1",1
"CTGGTCTTCAACGGGA-1",3
"CTGGTCTTCACTTACT-1",3
"CTGGTCTTCTTACCTA-1",0
"CTGTGCTGTATATCCG-1",2
"CTGTGCTGTCATCCCT-1",1
"CTGTGCTGTCCCTACT-1",1
"CTGTGCTGTCGGCACT-1",0
"CTGTGCTTCCATTCTA-1",1
"CTGTGCTTCCGTACAA-1",1
"CTGTTTAAGAAACCGC-1",1
"CTGTTTAAGATCGATA-1",2
"CTGTTTAAGGAGTTGC-1",1
"CTGTTTAGTCAAAGCG-1",0
"CTGTTTATCAGCCTAA-1",2
"CTGTTTATCATTTGGG-1",1
"CTGTTTATCTCCAGGG-1",1
"CTGTTTATCTCTTGAT-1",4
"CTGTTTATCTTCTGGC-1",2
"CTTAACTAGCCAGTAG-1",0
"CTTAACTAGGCTCTTA-1",1
"CTTAACTAGGTGCACA-1",0
"CTTAACTAGTCTCGGC-1",1
"CTTACCGAGCGCTTAT-1",7
"CTTACCGAGGCTACGA-1",4
"CTTACCGCAGATCTGT-1",2
"CTTACCGCAGTCAGAG-1",2
"CTTACCGGTCCTGCTT-1",0
"CTTACCGGTCGCCATG-1",0
"CTTACCGGTCTACCTC-1",4
"CTTACCGTCGGACAAG-1",1
"CTTAGGAAGCCCAACC-1",1
"CTTAGGACACGACGAA-1",0
"CTTAGGAGTTATGTGC-1",3
"CTTAGGATCCCATTTA-1",3
"CTTAGGATCTTTACAC-1",0
"CTTCTCTAGAACTCGG-1",2
"CTTCTCTAGAGTGAGA-1",0
"CTTCTCTAGCAGGCTA-1",2
"CTTCTCTAGTTAACGA-1",2
"CTTCTCTCAAAGGTGC-1",1
"CTTCTCTGTAACGACG-1",0
"CTTCTCTGTGCATCTA-1",2
"CTTCTCTTCGAGCCCA-1",2
"CTTGGCTAGCGATATA-1",0
"CTTGGCTAGTACGTTC-1",1
"CTTGGCTCATTACCTT-1",1
"CTTGGCTGTCTCCATC-1",1
"CTTGGCTTCCCTAATT-1",0
"CTTGGCTTCGCGTAGC-1",1
"CTTGGCTTCTCGTTTA-1",7
"CTTTGCGAGCAAATCA-1",2
"CTTTGCGAGCGTTCCG-1",9
"CTTTGCGAGTATCTCG-1",1
"CTTTGCGCAATTCCTT-1",1
"CTTTGCGCACTTAAGC-1",15
"CTTTGCGCAGACGCAA-1",1
"CTTTGCGGTAGAGGAA-1",0
"CTTTGCGTCCAGGGCT-1",1
"GAAACTCAGAGACGAA-1",0
"GAAACTCAGAGGTTAT-1",1
"GAAACTCAGCAGCCTC-1",4
"GAAACTCAGCCCAGCT-1",2
"GAAACTCAGCTAAACA-1",2
"GAAACTCAGTGCTGCC-1",0
"GAAACTCCAAGCCCAC-1",2
"GAAACTCCACATGACT-1",2
"GAAACTCCAGACACTT-1",1
"GAAACTCCATGGATGG-1",2
"GAAACTCGTACTCGCG-1",1
"GAAACTCGTAGCGATG-1",0
"GAAACTCGTGTGAAAT-1",0
"GAAACTCGTTTGTGTG-1",0
"GAAATGAAGACTAGGC-1",0
"GAAATGAAGCCAGTTT-1",3
"GAAATGAAGCTAGTCT-1",2
"GAAATGAAGTACGTAA-1",0
"GAAATGATCATGCTCC-1",3
"GAAATGATCCTCGCAT-1",3
"GAACATCAGATGGCGT-1",0
"GAACATCCAACAACCT-1",2
"GAACATCCACATCTTT-1",2
"GAACATCCACCTATCC-1",1
"GAACATCCACGGACAA-1",1
"GAACATCCATGCTAGT-1",1
"GAACATCGTACGACCC-1",1
"GAACATCGTGGACGAT-1",6
"GAACATCGTTCCCGAG-1",0
"GAACATCTCCAAGTAC-1",1
"GAACATCTCGATCCCT-1",4
"GAACATCTCTCCAACC-1",3
"GAACCTAAGAACTGTA-1",2
"GAACCTAAGAGCAATT-1",0
"GAACCTAAGCCAGTAG-1",1
"GAACCTACAAGGACAC-1",1
"GAACCTACAGACACTT-1",1
"GAACCTAGTACCAGTT-1",1
"GAACCTAGTGTCAATC-1",1
"GAACCTATCACGATGT-1",0
"GAACGGAAGACGCAAC-1",0
"GAACGGAAGTAATCCC-1",1
"GAACGGAAGTCAATAG-1",0
"GAACGGAAGTGGACGT-1",2
"GAACGGACACAGCGTC-1",0
"GAACGGACACCTCGTT-1",1
"GAACGGACACTTAACG-1",1
"GAACGGAGTAGCGTAG-1",2
"GAACGGAGTCAGAGGT-1",1
"GAACGGAGTGGCGAAT-1",3
"GAACGGATCACTCCTG-1",1
"GAACGGATCCACGAAT-1",0
"GAACGGATCGTAGGAG-1",6
"GAACGGATCTGTCAAG-1",0
"GAAGCAGAGACTAAGT-1",3
"GAAGCAGAGAGACGAA-1",2
"GAAGCAGAGCCACGCT-1",3
"GAAGCAGAGTTCGCGC-1",3
"GAAGCAGCAATCCGAT-1",4
"GAAGCAGCACTCGACG-1",1
"GAAGCAGCAGATCTGT-1",0
"GAAGCAGCAGATGAGC-1",2
"GAAGCAGCATGAACCT-1",3
"GAAGCAGCATGGAATA-1",0
"GAAGCAGGTAACGCGA-1",3
"GAAGCAGGTCATACTG-1",0
"GAAGCAGTCCTAGTGA-1",1
"GAAGCAGTCTTATCTG-1",3
"GAATAAGCAAGGTGTG-1",1
"GAATAAGCAGACAAGC-1",1
"GAATAAGCATGCAACT-1",1
"GAATAAGGTCCGTTAA-1",2
"GAATAAGGTGAGTGAC-1",2
"GAATAAGGTTCCCTTG-1",1
"GAATAAGTCGTTTAGG-1",1
"GAATGAAAGAGTCTGG-1",1
"GAATGAAAGCTTATCG-1",0
"GAATGAAAGGCATGTG-1",2
"GAATGAACAAACGCGA-1",1
"GAATGAACAGTGAGTG-1",1
"GAATGAACATCATCCC-1",3
"GAATGAAGTCAACATC-1",5
"GAATGAAGTCTCACCT-1",3
"GAATGAAGTGGCAAAC-1",2
"GAATGAAGTTGCGTTA-1",1
"GAATGAATCAGTTAGC-1",1
"GAATGAATCCTGCCAT-1",5
"GACACGCAGACGCACA-1",2
"GACACGCAGAGTAATC-1",0
"GACACGCAGCCAACAG-1",0
"GACACGCAGGAGTTTA-1",7
"GACACGCAGGGCATGT-1",1
"GACACGCAGGTGCACA-1",0
"GACACGCAGTCCAGGA-1",1
"GACACGCAGTGGGATC-1",0
"GACACGCAGTGGGTTG-1",0
"GACACGCCAAGCGTAG-1",3
"GACACGCCAAGGACAC-1",0
"GACACGCCAGACGCTC-1",1
"GACACGCCATCCTTGC-1",5
"GACACGCGTTCACGGC-1",2
"GACACGCTCATGTAGC-1",2
"GACAGAGAGTACGATA-1",3
"GACAGAGCAACGATCT-1",3
"GACAGAGCAAGTCTAC-1",0
"GACAGAGCAGCTCCGA-1",8
"GACAGAGCAGCTGGCT-1",4
"GACAGAGGTAGAAAGG-1",4
"GACAGAGTCAAACAAG-1",1
"GACAGAGTCAGAGACG-1",0
"GACAGAGTCCTTCAAT-1",3
"GACAGAGTCCTTGCCA-1",1
"GACAGAGTCTTCATGT-1",1
"GACCAATAGAAGGGTA-1",0
"GACCAATAGCTACCGC-1",0
"GACCAATAGCTACCTA-1",2
"GACCAATCAGGTGCCT-1",1
"GACCAATCATGCGCAC-1",0
"GACCAATGTACAGTTC-1",0
"GACCAATGTCGCTTCT-1",0
"GACCAATTCCGATATG-1",0
"GACCAATTCGAATGGG-1",0
"GACCAATTCGTCACGG-1",1
"GACCTGGCATCACAAC-1",3
"GACCTGGCATGTCTCC-1",1
"GACCTGGCATTGGCGC-1",7
"GACCTGGGTAAAGGAG-1",1
"GACCTGGGTCCAGTTA-1",2
"GACCTGGGTGCAGTAG-1",1
"GACCTGGTCATAGCAC-1",2
"GACCTGGTCCTTGCCA-1",6
"GACCTGGTCGCATGAT-1",0
"GACCTGGTCGTCACGG-1",2
"GACGCGTAGTGGTAAT-1",2
"GACGCGTAGTTGTAGA-1",0
"GACGCGTGTAAAGGAG-1",6
"GACGCGTGTGTGAAAT-1",4
"GACGCGTGTTAAGACA-1",1
"GACGCGTTCAAACCGT-1",0
"GACGCGTTCCAAATGC-1",0
"GACGCGTTCCGCGGTA-1",0
"GACGCGTTCCTACAGA-1",6
"GACGCGTTCGACGGAA-1",1
"GACGCGTTCTCCGGTT-1",40
"GACGGCTAGAAGATTC-1",4
"GACGGCTAGAGCTGGT-1",0
"GACGGCTCAAGGTTTC-1",2
"GACGGCTCACCGCTAG-1",0
"GACGGCTCATGAACCT-1",0
"GACGGCTCATGCAACT-1",2
"GACGGCTGTGTGTGCC-1",1
"GACGGCTGTTATGTGC-1",0
"GACGGCTGTTTGGCGC-1",1
"GACGGCTTCTATCGCC-1",1
"GACGTGCAGGCAAAGA-1",1
"GACGTGCAGGGTGTGT-1",2
"GACGTGCAGGTGTTAA-1",0
"GACGTGCCAGGTCGTC-1",0
"GACGTGCGTAACGTTC-1",2
"GACGTGCTCACCTCGT-1",0
"GACGTTAAGCTACCGC-1",1
"GACGTTAAGGCAAAGA-1",3
"GACGTTAAGTCAAGCG-1",2
"GACGTTACAAGCCATT-1",2
"GACGTTACAAGGTTTC-1",0
"GACGTTACAGACACTT-1",5
"GACGTTAGTATCTGCA-1",0
"GACGTTAGTTTGACAC-1",1
"GACGTTAGTTTGACTG-1",1
"GACGTTATCACAGGCC-1",2
"GACGTTATCATTGCGA-1",2
"GACGTTATCCCGGATG-1",0
"GACGTTATCCGAAGAG-1",1
"GACGTTATCGCGTTTC-1",0
"GACGTTATCTGTCCGT-1",2
"GACTAACAGACAGAGA-1",5
"GACTAACAGTGGAGAA-1",2
"GACTAACCAAATCCGT-1",1
"GACTAACGTCTAGTCA-1",3
"GACTAACGTGCAACTT-1",1
"GACTAACGTTCAGACT-1",4
"GACTAACTCCGCGCAA-1",0
"GACTAACTCCTTTCTC-1",0
"GACTAACTCTTGCCGT-1",0
"GACTAACTCTTTACAC-1",3
"GACTACAAGATATGGT-1",2
"GACTACACAAATCCGT-1",0
"GACTACAGTGCTGTAT-1",4
"GACTACATCAGCCTAA-1",1
"GACTACATCAGGTAAA-1",1
"GACTACATCTGCAGTA-1",2
"GACTGCGAGCGTAGTG-1",0
"GACTGCGAGTTGTAGA-1",1
"GACTGCGCACTTAACG-1",2
"GACTGCGCATGTTCCC-1",0
"GACTGCGGTACGCACC-1",1
"GACTGCGGTTCTCATT-1",0
"GACTGCGTCAACACAC-1",1
"GACTGCGTCACGACTA-1",1
"GACTGCGTCGCCCTTA-1",0
"GACTGCGTCTCAAACG-1",0
"GAGCAGAGTAGGGTAC-1",2
"GAGCAGAGTCAGATAA-1",4
"GAGCAGAGTCATATGC-1",0
"GAGCAGAGTGAGCGAT-1",0
"GAGCAGAGTGTAACGG-1",1
"GAGCAGAGTGTGACCC-1",2
"GAGCAGAGTTCGGGCT-1",0
"GAGCAGAGTTTAAGCC-1",0
"GAGCAGAGTTTGCATG-1",5
"GAGGTGAAGCAACGGT-1",0
"GAGGTGAAGGCTCTTA-1",1
"GAGGTGAAGTGGTAGC-1",0
"GAGGTGAAGTTGTAGA-1",2
"GAGGTGACACTGTCGG-1",1
"GAGGTGACATCCTTGC-1",0
"GAGGTGACATGCATGT-1",1
"GAGGTGAGTACCTACA-1",0
"GAGGTGAGTCATTAGC-1",4
"GAGGTGAGTTCCTCCA-1",10
"GAGGTGATCATCGCTC-1",2
"GAGGTGATCTAGAGTC-1",2
"GAGGTGATCTCTAGGA-1",4
"GAGGTGATCTGCTGTC-1",2
"GAGGTGATCTGGGCCA-1",1
"GAGTCCGAGGACAGAA-1",4
"GAGTCCGAGGCATGTG-1",0
"GAGTCCGAGGCGTACA-1",0
"GAGTCCGCAAACCCAT-1",2
"GAGTCCGGTCAAGCGA-1",0
"GAGTCCGGTGACCAAG-1",0
"GAGTCCGGTGACTCAT-1",3
"GAGTCCGGTGTGACCC-1",2
"GAGTCCGGTTCGGGCT-1",1
"GAGTCCGGTTTGCATG-1",0
"GAGTCCGTCGGCGCAT-1",0
"GAGTCCGTCTGATTCT-1",0
"GATCAGTAGATGTCGG-1",1
"GATCAGTAGTGGTAGC-1",1
"GATCAGTGTATATGAG-1",5
"GATCAGTGTCTGCGGT-1",1
"GATCAGTGTTATGCGT-1",3
"GATCAGTGTTGTACAC-1",11
"GATCAGTTCCCGACTT-1",0
"GATCGATAGAATGTTG-1",1
"GATCGATAGAGCTGCA-1",2
"GATCGATAGCATGGCA-1",0
"GATCGATCAAGCGAGT-1",1
"GATCGATCAAGCGTAG-1",0
"GATCGATGTCAACATC-1",5
"GATCGATGTTGCCTCT-1",0
"GATCGATTCCGCATCT-1",1
"GATCGCGAGATAGTCA-1",5
"GATCGCGAGCCTTGAT-1",1
"GATCGCGAGGAGCGTT-1",2
"GATCGCGCAGGTCGTC-1",2
"GATCGCGGTACAGCAG-1",1
"GATCGCGGTGAGTATA-1",1
"GATCGCGGTTGTCGCG-1",0
"GATCGCGTCACTCCTG-1",2
"GATCGTAAGACATAAC-1",11
"GATCGTAAGCTCAACT-1",2
"GATCGTACATAACCTG-1",2
"GATCGTAGTGGCTCCA-1",0
"GATCGTATCATATCGG-1",2
"GATCGTATCATGTCCC-1",0
"GATCGTATCTTACCGC-1",0
"GATCTAGAGCGTCTAT-1",0
"GATCTAGAGTGGAGAA-1",2
"GATCTAGCAACACCTA-1",3
"GATCTAGCAAGGGTCA-1",1
"GATCTAGGTCTAAAGA-1",0
"GATCTAGGTCTCACCT-1",0
"GATCTAGGTCTCTTTA-1",0
"GATCTAGTCACATAGC-1",3
"GATCTAGTCTAAGCCA-1",1
"GATGAAAAGAGTAATC-1",1
"GATGAAAAGCTCCCAG-1",0
"GATGAAACACGGTAGA-1",1
"GATGAAACAGCTGTAT-1",1
"GATGAAAGTGGGTATG-1",1
"GATGAAATCACCCTCA-1",0
"GATGAAATCACTCCTG-1",0
"GATGAAATCAGCAACT-1",0
"GATGAAATCGAGAGCA-1",1
"GATGAGGAGATCCCGC-1",1
"GATGAGGAGTTCGATC-1",1
"GATGAGGCACCAGTTA-1",2
"GATGAGGGTATCACCA-1",2
"GATGAGGGTATTCGTG-1",0
"GATGAGGGTCGCGTGT-1",2
"GATGAGGGTGATGATA-1",1
"GATGAGGTCACAGGCC-1",0
"GATGAGGTCACATAGC-1",1
"GATGAGGTCCCTTGTG-1",3
"GATGAGGTCTGCTGTC-1",0
"GATGCTAAGACTAAGT-1",2
"GATGCTAAGGATGCGT-1",0
"GATGCTAAGGCTCTTA-1",1
"GATGCTAAGGGAACGG-1",0
"GATGCTAAGTATCTCG-1",1
"GATGCTAAGTCTCGGC-1",3
"GATGCTACATGTTGAC-1",0
"GATGCTACATTGCGGC-1",2
"GATGCTAGTCTCCATC-1",1
"GATGCTAGTGGAAAGA-1",0
"GATGCTAGTTAGGGTG-1",0
"GATGCTATCCTGTACC-1",1
"GATGCTATCGGCGCTA-1",2
"GATTCAGAGAAACCTA-1",1
"GATTCAGAGAGTGACC-1",1
"GATTCAGAGATTACCC-1",2
"GATTCAGAGGGTCGAT-1",1
"GATTCAGAGGTCGGAT-1",2
"GATTCAGAGTCAATAG-1",2
"GATTCAGCAAGTTGTC-1",4
"GATTCAGCAATTCCTT-1",0
"GATTCAGCAGGGTACA-1",1
"GATTCAGCATCGACGC-1",0
"GATTCAGCATTATCTC-1",3
"GATTCAGGTAAATACG-1",1
"GATTCAGTCAACTCTT-1",1
"GCAAACTAGATGTTAG-1",3
"GCAAACTAGTCATGCT-1",0
"GCAAACTAGTCTCAAC-1",1
"GCAAACTCACAGGTTT-1",1
"GCAAACTGTCAGATAA-1",0
"GCAAACTGTCTCCATC-1",2
"GCAAACTTCGTGGTCG-1",6
"GCAATCAAGGGATCTG-1",0
"GCAATCAAGTATCTCG-1",2
"GCAATCAAGTGGGTTG-1",5
"GCAATCACAGCTTAAC-1",1
"GCAATCACATGTCGAT-1",1
"GCAATCACATTCCTCG-1",1
"GCAATCAGTAGGAGTC-1",1
"GCAATCAGTATAATGG-1",2
"GCAATCAGTTCTCATT-1",0
"GCAATCAGTTCTGGTA-1",2
"GCACATAAGAGCTATA-1",4
"GCACATAAGATGTTAG-1",0
"GCACATAAGCCTTGAT-1",0
"GCACATAAGGAGTACC-1",3
"GCACATAAGTGAAGTT-1",0
"GCACATACACCACGTG-1",2
"GCACATACAGCTGTAT-1",0
"GCACATACAGGAACGT-1",1
"GCACATAGTCATCGGC-1",4
"GCACATAGTCCGAATT-1",0
"GCACATAGTCTCTTTA-1",1
"GCACATAGTGCGCTTG-1",0
"GCACATATCACCTCGT-1",0
"GCACATATCTGGTTCC-1",1
"GCACTCTCAAGACACG-1",3
"GCACTCTCAATCACAC-1",6
"GCACTCTCATTTCAGG-1",1
"GCACTCTGTAAACCTC-1",2
"GCACTCTGTACCAGTT-1",3
"GCACTCTGTAGAAAGG-1",1
"GCACTCTGTCGAACAG-1",1
"GCACTCTGTCTAGGTT-1",3
"GCACTCTTCAACTCTT-1",3
"GCACTCTTCCCTAATT-1",3
"GCACTCTTCTGCCCTA-1",0
"GCAGCCAAGCTGATAA-1",1
"GCAGCCACATGAGCGA-1",1
"GCAGCCAGTAATCGTC-1",3
"GCAGCCAGTGTCGCTG-1",2
"GCAGCCATCAGTTGAC-1",0
"GCAGCCATCCCAACGG-1",2
"GCAGCCATCCGTACAA-1",19
"GCAGTTAAGTCCATAC-1",3
"GCAGTTAAGTCCGTAT-1",0
"GCAGTTAAGTTAACGA-1",7
"GCAGTTAGTGGACGAT-1",2
"GCAGTTAGTTATTCTC-1",5
"GCAGTTATCGCGATCG-1",2
"GCATACAAGATCTGCT-1",0
"GCATACAAGCAACGGT-1",6
"GCATACACAACGCACC-1",9
"GCATACACAAGGACTG-1",3
"GCATACACAAGTCTGT-1",0
"GCATACACAGTCAGCC-1",0
"GCATACACATCCTAGA-1",2
"GCATACACATCGGAAG-1",0
"GCATACAGTCCGAACC-1",1
"GCATACAGTTCTGGTA-1",2
"GCATACATCCACGACG-1",0
"GCATGATAGAATGTTG-1",1
"GCATGATAGAGTAATC-1",2
"GCATGATAGCTGATAA-1",3
"GCATGATAGGACCACA-1",9
"GCATGATAGGCTAGCA-1",1
"GCATGATAGTCAAGCG-1",0
"GCATGATAGTGGAGAA-1",6
"GCATGATCACACCGAC-1",0
"GCATGATCACATTTCT-1",0
"GCATGATGTCCCTACT-1",0
"GCATGATGTTGCGCAC-1",13
"GCATGATTCGTGGACC-1",0
"GCATGCGAGCATGGCA-1",2
"GCATGCGAGTCCAGGA-1",1
"GCATGCGCACTGCCAG-1",1
"GCATGCGGTAAGGATT-1",0
"GCATGCGGTCCTCTTG-1",1
"GCATGCGGTGTGAAAT-1",4
"GCATGCGTCCGCGGTA-1",4
"GCATGTAAGAACTGTA-1",2
"GCATGTAAGACAGACC-1",0
"GCATGTAAGTACTTGC-1",4
"GCATGTAAGTGCAAGC-1",2
"GCATGTACAACACGCC-1",1
"GCATGTATCACGAAGG-1",0
"GCCAAATCAAACTGTC-1",2
"GCCAAATCAAGGGTCA-1",0
"GCCAAATCAAGTTCTG-1",0
"GCCAAATCAGCCACCA-1",0
"GCCAAATCATAACCTG-1",1
"GCCAAATGTATAAACG-1",0
"GCCAAATGTGTTTGGT-1",5
"GCCAAATGTTTCGCTC-1",2
"GCCAAATTCAGGTAAA-1",0
"GCCAAATTCCGAGCCA-1",0
"GCCAAATTCCGCGGTA-1",4
"GCCAAATTCGGCTACG-1",0
"GCCTCTAAGAGTACCG-1",1
"GCCTCTAAGCCATCGC-1",2
"GCCTCTAAGCCGCCTA-1",0
"GCCTCTAAGCGATAGC-1",0
"GCCTCTAAGCTGCAAG-1",4
"GCCTCTAAGCTTCGCG-1",1
"GCCTCTAAGTCACGCC-1",4
"GCCTCTACAAGACGTG-1",1
"GCCTCTACAGCTATTG-1",0
"GCCTCTAGTAAGGATT-1",1
"GCCTCTAGTGATGATA-1",1
"GCCTCTAGTTAAGGGC-1",8
"GCCTCTATCAGCGACC-1",0
"GCCTCTATCCGATATG-1",0
"GCCTCTATCGAATCCA-1",1
"GCCTCTATCGAGCCCA-1",0
"GCCTCTATCGCTGATA-1",1
"GCCTCTATCTTTAGGG-1",1
"GCGACCAAGAGGTTAT-1",2
"GCGACCACACTTACGA-1",2
"GCGACCAGTCAGGACA-1",0
"GCGACCAGTCTAGAGG-1",4
"GCGACCATCAACGGGA-1",2
"GCGACCATCCCGGATG-1",1
"GCGACCATCTACTCAT-1",3
"GCGAGAAAGGTTCCTA-1",2
"GCGAGAAAGTACGATA-1",1
"GCGAGAAAGTGTCTCA-1",2
"GCGAGAACAAGCCCAC-1",0
"GCGAGAACACTGAAGG-1",0
"GCGAGAAGTAGCGCTC-1",2
"GCGAGAAGTCCCTACT-1",3
"GCGAGAATCCTTTCGG-1",3
"GCGAGAATCGAGAGCA-1",1
"GCGAGAATCGCACTCT-1",3
"GCGCAACAGTCCTCCT-1",0
"GCGCAACAGTGTACGG-1",1
"GCGCAACCAAGTCTGT-1",2
"GCGCAACCAGCCACCA-1",2
"GCGCAACGTAGCGCTC-1",0
"GCGCAACGTCCCTTGT-1",3
"GCGCAACGTCCTAGCG-1",2
"GCGCAACGTCGACTAT-1",2
"GCGCAACGTCTAGAGG-1",1
"GCGCAACGTGCACGAA-1",2
"GCGCAACTCAATACCG-1",1
"GCGCAGTCACATCCAA-1",2
"GCGCAGTCATTACCTT-1",0
"GCGCAGTGTTAGGGTG-1",0
"GCGCAGTTCGATCCCT-1",4
"GCGCAGTTCGCGGATC-1",0
"GCGCCAAAGACATAAC-1",0
"GCGCCAAAGGACAGCT-1",3
"GCGCCAAAGGCCCTTG-1",0
"GCGCCAAAGGGCTTCC-1",0
"GCGCCAAAGGTACTCT-1",1
"GCGCCAACATAACCTG-1",2
"GCGCCAACATTGGGCC-1",1
"GCGCCAAGTACTTGAC-1",1
"GCGCCAAGTCGGCACT-1",1
"GCGCCAAGTGAAAGAG-1",0
"GCGCCAAGTTGTACAC-1",0
"GCGCCAATCCGTTGCT-1",0
"GCGCGATAGAAGGTTT-1",0
"GCGCGATAGCAGGTCA-1",3
"GCGCGATAGTGAATTG-1",0
"GCGCGATAGTTTGCGT-1",4
"GCGCGATCAGCTCGAC-1",2
"GCGCGATGTAAGTAGT-1",0
"GCGCGATGTATCACCA-1",0
"GCGCGATGTCACTTCC-1",0
"GCGCGATGTTACCAGT-1",5
"GCGCGATTCAGTTAGC-1",2
"GCGCGATTCGTTTAGG-1",1
"GCGGGTTAGAAACGAG-1",1
"GCGGGTTAGCTATGCT-1",1
"GCGGGTTAGTGTGAAT-1",0
"GCGGGTTCACGCGAAA-1",3
"GCGGGTTCAGGCAGTA-1",2
"GCGGGTTCAGTAACGG-1",0
"GCGGGTTGTGAGTATA-1",3
"GCGGGTTGTGGCGAAT-1",2
"GCGGGTTTCCAAAGTC-1",1
"GCGGGTTTCCTTTCTC-1",2
"GCGGGTTTCTCCAACC-1",0
"GCGGGTTTCTTGAGGT-1",1
"GCGGGTTTCTTGTATC-1",2
"GCTCCTACAAACTGTC-1",3
"GCTCCTACACCAGGTC-1",2
"GCTCCTACACCGATAT-1",0
"GCTCCTACAGGGTACA-1",1
"GCTCCTACATTAGCCA-1",2
"GCTCCTAGTCAGGACA-1",1
"GCTCCTAGTCCGTCAG-1",2
"GCTCCTATCAGCCTAA-1",1
"GCTCCTATCCCTAATT-1",1
"GCTCTGTAGAGGTAGA-1",1
"GCTCTGTAGCTGAACG-1",2
"GCTCTGTAGGAGTCTG-1",2
"GCTCTGTAGTGCTGCC-1",0
"GCTCTGTAGTGGACGT-1",1
"GCTCTGTTCACCTCGT-1",4
"GCTGCAGAGCGTGAGT-1",1
"GCTGCAGAGTCAAGCG-1",1
"GCTGCAGAGTCCCACG-1",2
"GCTGCAGCAATTGCTG-1",1
"GCTGCAGCATGCCCGA-1",0
"GCTGCAGCATGCCTAA-1",0
"GCTGCAGGTAAACCTC-1",1
"GCTGCAGGTACGAAAT-1",0
"GCTGCAGGTAGCGCAA-1",2
"GCTGCAGGTCACCCAG-1",2
"GCTGCAGGTCATGCCG-1",1
"GCTGCGAAGGAATGGA-1",3
"GCTGCGAGTCTAACGT-1",2
"GCTGCGAGTGTTTGGT-1",3
"GCTGCGATCTCCTATA-1",2
"GCTGCGATCTTGTTTG-1",0
"GCTGCTTAGAATTGTG-1",2
"GCTGCTTAGGCAATTA-1",0
"GCTGCTTCATCACGTA-1",0
"GCTGCTTCATCCAACA-1",3
"GCTGCTTCATGCCTAA-1",0
"GCTGCTTCATGGTCAT-1",1
"GCTGCTTGTAACGACG-1",0
"GCTGCTTGTAATCGTC-1",3
"GCTGCTTGTAGGGACT-1",2
"GCTGCTTGTGAAAGAG-1",0
"GCTGCTTTCCGGGTGT-1",2
"GCTGGGTAGACCCACC-1",3
"GCTGGGTAGCCACGCT-1",4
"GCTGGGTAGTCGCCGT-1",2
"GCTGGGTAGTCTCAAC-1",2
"GCTGGGTCACGGCTAC-1",2
"GCTGGGTCAGCCAATT-1",0
"GCTGGGTGTACAGTTC-1",0
"GCTGGGTGTACCGTTA-1",1
"GCTGGGTGTCGAGTTT-1",2
"GCTGGGTGTCTCCACT-1",3
"GCTGGGTGTGCCTGTG-1",0
"GCTGGGTTCAGCTTAG-1",0
"GCTGGGTTCCTTAATC-1",3
"GCTTCCAAGAAACCTA-1",0
"GCTTCCACACCACCAG-1",2
"GCTTCCACAGGTCGTC-1",1
"GCTTCCACAGTGAGTG-1",0
"GCTTCCAGTATAGGTA-1",3
"GCTTCCAGTTCAGCGC-1",0
"GCTTCCATCGTCCAGG-1",0
"GCTTGAAAGATGGCGT-1",1
"GCTTGAAAGCCGTCGT-1",0
"GCTTGAACAAACCTAC-1",5
"GCTTGAACACGGTGTC-1",0
"GCTTGAACATCGGAAG-1",1
"GCTTGAAGTGCGGTAA-1",7
"GCTTGAAGTTCTCATT-1",1
"GCTTGAATCAGGATCT-1",0
"GGAAAGCAGGCAGGTT-1",0
"GGAAAGCCAAACGCGA-1",0
"GGAAAGCCAAGTACCT-1",7
"GGAAAGCGTAAGCACG-1",0
"GGAAAGCGTCCTCCAT-1",1
"GGAAAGCGTCGCGTGT-1",0
"GGAAAGCGTGCTTCTC-1",3
"GGAAAGCTCCAGAGGA-1",5
"GGAACTTAGAGTAAGG-1",0
"GGAACTTCAATGTAAG-1",0
"GGAACTTCACAGGAGT-1",5
"GGAACTTCACCTCGTT-1",1
"GGAACTTGTCTCTTTA-1",3
"GGAACTTTCATTGCCC-1",1
"GGAACTTTCATTTGGG-1",0
"GGAACTTTCCGTCATC-1",1
"GGAACTTTCCTCAACC-1",0
"GGAACTTTCGGATGTT-1",0
"GGAATAAAGGTACTCT-1",0
"GGAATAAAGTGTCCAT-1",0
"GGAATAACAGCGTCCA-1",1
"GGAATAAGTCTGGTCG-1",1
"GGAATAAGTGCAGGTA-1",0
"GGAATAATCAGCACAT-1",2
"GGAATAATCTTTACGT-1",1
"GGACAAGAGGTACTCT-1",0
"GGACAAGCAACGATGG-1",1
"GGACAAGCAGTCGTGC-1",0
"GGACAAGCATGGGACA-1",8
"GGACAAGGTATAAACG-1",2
"GGACAAGGTATGAAAC-1",2
"GGACAAGGTCGGCATC-1",0
"GGACAAGGTTATGCGT-1",4
"GGACAAGTCTAACGGT-1",0
"GGACAGAAGCTAGTCT-1",2
"GGACAGAAGTACTTGC-1",3
"GGACAGACAACACGCC-1",1
"GGACAGACACAAGCCC-1",3
"GGACAGAGTAAGTGGC-1",0
"GGACAGAGTCTTTCAT-1",0
"GGACAGAGTGAGGGAG-1",1
"GGACAGAGTTCCACAA-1",0
"GGACAGATCAACGCTA-1",4
"GGACATTAGAGGGCTT-1",0
"GGACATTAGCCACGTC-1",0
"GGACATTCAAACGCGA-1",1
"GGACATTCAATGACCT-1",1
"GGACATTCACCAGCAC-1",2
"GGACATTGTTCTGGTA-1",3
"GGACATTTCCTCTAGC-1",0
"GGACGTCAGTACTTGC-1",1
"GGACGTCAGTGGTAAT-1",1
"GGACGTCCACAGTCGC-1",1
"GGACGTCGTGAGGGAG-1",0
"GGACGTCGTGGCGAAT-1",2
"GGACGTCGTTACGGAG-1",0
"GGACGTCGTTTAAGCC-1",0
"GGACGTCTCCACTCCA-1",0
"GGACGTCTCGCAAACT-1",0
"GGACGTCTCTCCAGGG-1",1
"GGACGTCTCTCGAGTA-1",0
"GGACGTCTCTGGTGTA-1",3
"GGACGTCTCTTCGAGA-1",1
"GGAGCAAAGAACTCGG-1",0
"GGAGCAAAGACTGTAA-1",6
"GGAGCAAAGCCGCCTA-1",1
"GGAGCAAAGCTAAACA-1",2
"GGAGCAAAGTACGCCC-1",1
"GGAGCAACAAGCTGTT-1",0
"GGAGCAACAATGGACG-1",1
"GGAGCAACAATTCCTT-1",1
"GGAGCAACATGCTGGC-1",0
"GGAGCAAGTGAGTATA-1",2
"GGAGCAAGTTACTGAC-1",0
"GGAGCAATCAAGATCC-1",2
"GGAGCAATCCCATTTA-1",3
"GGATGTTCAAACTGTC-1",2
"GGATGTTTCATCACCC-1",0
"GGATGTTTCATGCATG-1",1
"GGATGTTTCCTACAGA-1",1
"GGATGTTTCCTCTAGC-1",1
"GGATTACAGATCCCAT-1",1
"GGATTACAGCTTCGCG-1",3
"GGATTACAGGCTAGCA-1",1
"GGATTACAGTATCTCG-1",2
"GGATTACCAAGCGTAG-1",0
"GGATTACCACATCCGG-1",3
"GGATTACCAGCGTAAG-1",0
"GGATTACGTAATAGCA-1",1
"GGATTACGTACACCGC-1",0
"GGATTACGTCTCTTTA-1",0
"GGATTACGTTGAGGTG-1",1
"GGATTACTCGCGCCAA-1",2
"GGATTACTCGGCGCAT-1",1
"GGATTACTCTGCCCTA-1",0
"GGCAATTCAATCGGTT-1",1
"GGCAATTCACGGCGTT-1",1
"GGCAATTCATCACCCT-1",0
"GGCAATTGTCGATTGT-1",1
"GGCAATTTCACTTACT-1",0
"GGCAATTTCAGCACAT-1",1
"GGCAATTTCTCCGGTT-1",1
"GGCCGATAGTGTCTCA-1",2
"GGCCGATCACGGACAA-1",0
"GGCCGATGTAGGACAC-1",1
"GGCCGATGTCACTGGC-1",0
"GGCCGATGTCCCTACT-1",2
"GGCCGATTCACCGTAA-1",1
"GGCCGATTCCGCGCAA-1",0
"GGCGACTAGAGCTGGT-1",1
"GGCGACTAGGACCACA-1",2
"GGCGACTAGGTTACCT-1",2
"GGCGACTCAAAGCGGT-1",0
"GGCGACTCAAGAGTCG-1",2
"GGCGACTCACCAGGTC-1",2
"GGCGACTCATTGTGCA-1",0
"GGCGACTTCAGAAATG-1",1
"GGCGACTTCAGAGACG-1",1
"GGCGACTTCCAGATCA-1",4
"GGCGACTTCTCTAGGA-1",0
"GGCGTGTAGCTAGCCC-1",1
"GGCGTGTAGGGTATCG-1",0
"GGCGTGTCAGGTCCAC-1",0
"GGCGTGTCAGTATAAG-1",0
"GGCGTGTCATCGTCGG-1",2
"GGCGTGTCATGGAATA-1",2
"GGCGTGTGTCTCCCTA-1",0
"GGCGTGTTCTTGAGGT-1",0
"GGCTCGAAGCCGTCGT-1",1
"GGCTCGAAGGTAAACT-1",5
"GGCTCGACAAGAAGAG-1",2
"GGCTCGACAATAGCAA-1",2
"GGCTCGACATGGTCAT-1",2
"GGCTCGAGTATATCCG-1",2
"GGCTCGAGTTACGTCA-1",0
"GGCTCGAGTTAGGGTG-1",1
"GGCTCGATCTGCAAGT-1",3
"GGCTGGTAGAAGAAGC-1",1
"GGCTGGTAGACCCACC-1",1
"GGCTGGTCAAGGACAC-1",0
"GGCTGGTCACTGCCAG-1",0
"GGCTGGTCATTTCAGG-1",0
"GGCTGGTGTATTCTCT-1",0
"GGCTGGTGTCGCATCG-1",1
"GGCTGGTGTCTAGTGT-1",3
"GGCTGGTGTTATGCGT-1",1
"GGGAATGAGCGTTGCC-1",1
"GGGAATGAGTAGGTGC-1",2
"GGGAATGGTAAGGGAA-1",0
"GGGAATGTCAACGAAA-1",0
"GGGAATGTCCAGTATG-1",0
"GGGAATGTCCGGGTGT-1",2
"GGGACCTAGATGTAAC-1",0
"GGGACCTAGTCTTGCA-1",3
"GGGACCTCAATCAGAA-1",3
"GGGACCTCACTGAAGG-1",5
"GGGAGATAGTACGACG-1",5
"GGGAGATCAAAGTGCG-1",1
"GGGAGATCAAATCCGT-1",3
"GGGAGATCAAGGACTG-1",3
"GGGAGATCACGCGAAA-1",1
"GGGAGATGTAGCGCAA-1",1
"GGGAGATTCAACGGGA-1",1
"GGGAGATTCATCACCC-1",1
"GGGATGAAGTGACATA-1",0
"GGGATGACATCATCCC-1",4
"GGGATGAGTCACCCAG-1",1
"GGGATGAGTGGAAAGA-1",2
"GGGATGAGTTACGACT-1",1
"GGGATGAGTTGGTAAA-1",1
"GGGATGATCAGTTAGC-1",3
"GGGATGATCTATCCTA-1",1
"GGGATGATCTTTAGGG-1",0
"GGGCACTAGTCTCGGC-1",0
"GGGCACTCATCTCCCA-1",0
"GGGCACTTCACCTCGT-1",1
"GGGCACTTCTGAGGGA-1",10
"GGGCATCCAATGTAAG-1",1
"GGGCATCCAGTCTTCC-1",0
"GGGCATCGTGGCGAAT-1",0
"GGGCATCTCACAGTAC-1",3
"GGGCATCTCCCTTGTG-1",1
"GGGCATCTCCGGCACA-1",2
"GGGCATCTCTGTCCGT-1",1
"GGGCATCTCTTATCTG-1",0
"GGGTCTGAGAAGATTC-1",3
"GGGTCTGAGATCCCGC-1",3
"GGGTCTGAGCCAACAG-1",0
"GGGTCTGCACAGGCCT-1",2
"GGGTCTGCACCAGGTC-1",3
"GGGTCTGGTCTGGTCG-1",2
"GGGTCTGGTGATGATA-1",3
"GGGTCTGGTGTGACCC-1",0
"GGGTCTGTCAACTCTT-1",3
"GGGTCTGTCACTCCTG-1",3
"GGGTCTGTCCGTAGTA-1",1
"GGGTTGCAGACAGAGA-1",1
"GGGTTGCAGACCTTTG-1",4
"GGGTTGCAGATCGATA-1",3
"GGGTTGCAGGGTGTTG-1",6
"GGGTTGCAGGTGGGTT-1",1
"GGGTTGCCAATAACGA-1",0
"GGGTTGCCACGCCAGT-1",1
"GGGTTGCCATTAACCG-1",2
"GGGTTGCGTACATCCA-1",0
"GGGTTGCGTAGCGCAA-1",2
"GGGTTGCGTCCTCCAT-1",0
"GGGTTGCGTCGAGTTT-1",3
"GGGTTGCGTGAGTATA-1",3
"GGGTTGCGTGTGACCC-1",0
"GGGTTGCTCGTACCGG-1",5
"GGTATTGAGCACCGTC-1",0
"GGTATTGAGCTATGCT-1",4
"GGTATTGCACATCCAA-1",1
"GGTATTGCAGCTTCGG-1",0
"GGTATTGGTTCCGTCT-1",1
"GGTATTGTCAGAAATG-1",3
"GGTATTGTCCATTCTA-1",2
"GGTATTGTCGCCAGCA-1",3
"GGTGAAGAGACACGAC-1",2
"GGTGAAGAGATCCGAG-1",2
"GGTGAAGCAAGGTGTG-1",1
"GGTGAAGCACTCGACG-1",0
"GGTGAAGCAGTATGCT-1",7
"GGTGAAGGTATGAAAC-1",4
"GGTGAAGGTCAGAATA-1",2
"GGTGAAGGTGGTACAG-1",2
"GGTGAAGGTGTATGGG-1",2
"GGTGAAGGTGTCTGAT-1",2
"GGTGAAGGTGTGGTTT-1",0
"GGTGAAGGTGTGTGCC-1",0
"GGTGAAGTCACGATGT-1",3
"GGTGAAGTCACTCTTA-1",1
"GGTGAAGTCTGGCGTG-1",0
"GGTGCGTAGGTGATTA-1",1
"GGTGCGTAGTACGATA-1",1
"GGTGCGTCACTTAAGC-1",5
"GGTGCGTCAGCTGTAT-1",2
"GGTGCGTGTTCGTTGA-1",1
"GGTGCGTTCCGTACAA-1",0
"GGTGCGTTCTTGACGA-1",1
"GGTGTTAAGGGCTCTC-1",0
"GGTGTTAAGTAGCGGT-1",1
"GGTGTTAAGTGGGATC-1",1
"GGTGTTAAGTTATCGC-1",1
"GGTGTTACAAATCCGT-1",9
"GGTGTTACACGGATAG-1",1
"GGTGTTAGTAATCACC-1",2
"GGTGTTAGTAGCAAAT-1",0
"GGTGTTAGTGTATGGG-1",0
"GGTGTTAGTTGAACTC-1",1
"GGTGTTATCGGACAAG-1",3
"GGTGTTATCGGTGTTA-1",1
"GGTGTTATCTACTTAC-1",0
"GTAACGTAGGTGACCA-1",4
"GTAACGTCACAGGCCT-1",1
"GTAACGTGTACCATCA-1",2
"GTAACGTGTGAGTATA-1",2
"GTAACGTGTTACGGAG-1",11
"GTAACGTGTTAGGGTG-1",1
"GTAACGTTCGGTCCGA-1",0
"GTAACGTTCTCATTCA-1",1
"GTAACTGAGTGGGTTG-1",7
"GTAACTGCAATGGAAT-1",3
"GTAACTGCACAGGCCT-1",4
"GTAACTGCAGGATCGA-1",6
"GTAACTGCATCGGGTC-1",1
"GTAACTGGTATTACCG-1",0
"GTAACTGTCACGGTTA-1",0
"GTAACTGTCTACTATC-1",1
"GTACGTAAGGTGCTTT-1",1
"GTACGTACAGGAATGC-1",2
"GTACGTACATGGATGG-1",2
"GTACGTAGTGAGTGAC-1",3
"GTACGTAGTTGGTAAA-1",1
"GTACGTATCACCTCGT-1",0
"GTACGTATCATCGGAT-1",2
"GTACGTATCCACTGGG-1",1
"GTACTCCAGGCAGTCA-1",0
"GTACTCCCAATAGCGG-1",1
"GTACTCCCACAGGTTT-1",0
"GTACTCCTCACCTTAT-1",0
"GTACTCCTCATTGCCC-1",0
"GTACTCCTCCTTCAAT-1",1
"GTACTTTCAGTTAACC-1",5
"GTACTTTCATGTCGAT-1",2
"GTACTTTTCCGAAGAG-1",1
"GTAGGCCAGCAATCTC-1",0
"GTAGGCCCATTCGACA-1",0
"GTAGGCCGTAACGCGA-1",0
"GTAGGCCGTAAGGGCT-1",2
"GTAGGCCGTACGACCC-1",0
"GTAGGCCGTTCAGGCC-1",1
"GTAGGCCGTTGATTGC-1",0
"GTAGGCCTCAGCACAT-1",1
"GTAGTCAAGAATGTGT-1",2
"GTAGTCAAGATGCCTT-1",3
"GTAGTCAAGGACGAAA-1",5
"GTAGTCAAGTGAAGAG-1",2
"GTAGTCATCGTCACGG-1",8
"GTAGTCATCTGAAAGA-1",2
"GTATCTTAGAAACCAT-1",2
"GTATCTTAGGCTATCT-1",0
"GTATCTTAGTTGTCGT-1",1
"GTATCTTCACACCGCA-1",0
"GTATCTTCACGAAGCA-1",5
"GTATCTTGTTCGCTAA-1",1
"GTATCTTTCATGCTCC-1",1
"GTATCTTTCATGTAGC-1",2
"GTATTCTAGAAACCAT-1",2
"GTATTCTAGACAAAGG-1",3
"GTATTCTCAAAGTCAA-1",0
"GTATTCTCAACAACCT-1",2
"GTATTCTCAACTTGAC-1",1
"GTATTCTCAATAAGCA-1",0
"GTATTCTCAGGGTTAG-1",1
"GTATTCTCATACTACG-1",0
"GTATTCTCATGGTAGG-1",0
"GTATTCTGTAGTGAAT-1",1
"GTATTCTGTCTAGAGG-1",1
"GTCAAGTCATATGCTG-1",1
"GTCAAGTCATGGTTGT-1",1
"GTCAAGTGTCAGCTAT-1",0
"GTCAAGTGTTCCACTC-1",0
"GTCACAAAGCCGATTT-1",2
"GTCACAAAGTGGAGTC-1",1
"GTCACAACAGGTGGAT-1",11
"GTCACAAGTAAACGCG-1",1
"GTCACAATCAGGATCT-1",6
"GTCACAATCAGTTGAC-1",3
"GTCACAATCATGCATG-1",3
"GTCACGGAGATCACGG-1",2
"GTCACGGCATATACCG-1",2
"GTCACGGGTGAGTGAC-1",1
"GTCACGGGTGTGGCTC-1",1
"GTCACGGTCGAGAGCA-1",1
"GTCACGGTCTACCTGC-1",0
"GTCATTTAGAGACTAT-1",1
"GTCATTTCACGTGAGA-1",2
"GTCATTTGTAGAAGGA-1",0
"GTCATTTGTCAGATAA-1",2
"GTCATTTTCCAGAGGA-1",1
"GTCCTCAAGCCCAACC-1",1
"GTCCTCAAGTAGATGT-1",1
"GTCCTCAAGTGGGCTA-1",0
"GTCCTCACAATCACAC-1",1
"GTCCTCAGTGGAAAGA-1",0
"GTCCTCATCAAAGACA-1",1
"GTCCTCATCGTCCGTT-1",0
"GTCGGGTCACTGAAGG-1",0
"GTCGGGTCACTTCGAA-1",1
"GTCGGGTCATGAAGTA-1",0
"GTCGGGTGTCTCACCT-1",2
"GTCGGGTGTGTGACGA-1",1
"GTCGGGTGTGTGTGCC-1",2
"GTCGGGTGTTACGTCA-1",2
"GTCGGGTTCTGCTGTC-1",0
"GTCGGGTTCTGTGCAA-1",0
"GTCGTAAAGAGATGAG-1",2
"GTCGTAAAGCTGCAAG-1",1
"GTCGTAAAGGCGACAT-1",6
"GTCGTAACATCACGAT-1",3
"GTCGTAAGTATCACCA-1",0
"GTCGTAATCCAAGTAC-1",0
"GTCTCGTAGACCACGA-1",2
"GTCTCGTCAGGAACGT-1",0
"GTCTCGTGTGGTAACG-1",0
"GTCTCGTGTTTGGCGC-1",5
"GTCTCGTTCACCGGGT-1",2
"GTCTCGTTCAGTGCAT-1",1
"GTCTTCGAGACAAGCC-1",2
"GTCTTCGAGGAATGGA-1",0
"GTCTTCGAGTCAAGCG-1",0
"GTCTTCGCACATGGGA-1",1
"GTCTTCGCACCAGGTC-1",0
"GTCTTCGCAGACGCAA-1",1
"GTCTTCGCATAACCTG-1",2
"GTCTTCGCATCGATGT-1",0
"GTCTTCGGTCTAGTGT-1",0
"GTCTTCGTCTCGATGA-1",0
"GTGAAGGAGAGCTGGT-1",3
"GTGAAGGAGATCGGGT-1",0
"GTGAAGGAGCCAGTTT-1",7
"GTGAAGGAGTGTTGAA-1",1
"GTGAAGGCAAAGGCGT-1",1
"GTGAAGGCACTTAAGC-1",6
"GTGAAGGCAGATTGCT-1",4
"GTGAAGGGTATATGGA-1",0
"GTGAAGGGTCTCTCTG-1",7
"GTGAAGGTCTCCTATA-1",2
"GTGCAGCAGACATAAC-1",1
"GTGCAGCAGTGGTCCC-1",3
"GTGCAGCCACATCTTT-1",1
"GTGCAGCGTGAGTATA-1",0
"GTGCAGCTCTTAGAGC-1",0
"GTGCATAAGGCATGGT-1",7
"GTGCATAGTTTGTTGG-1",4
"GTGCATATCAGAGCTT-1",0
"GTGCATATCATCATTC-1",1
"GTGCATATCTGCGTAA-1",2
"GTGCGGTAGCAATCTC-1",0
"GTGCGGTAGGACAGAA-1",0
"GTGCGGTCAAAGGTGC-1",3
"GTGCGGTGTTCAGACT-1",1
"GTGCGGTGTTCTGTTT-1",2
"GTGCGGTTCATCTGCC-1",0
"GTGCGGTTCCAGGGCT-1",0
"GTGCGGTTCGGATGGA-1",4
"GTGCGGTTCTCGTTTA-1",0
"GTGCGGTTCTGCTGTC-1",4
"GTGCTTCAGCCAGTTT-1",0
"GTGCTTCAGGATTCGG-1",1
"GTGCTTCAGTACACCT-1",0
"GTGCTTCCACTTAACG-1",3
"GTGCTTCCAGCTATTG-1",0
"GTGCTTCGTAGAGTGC-1",1
"GTGCTTCTCACAATGC-1",1
"GTGCTTCTCACTTCAT-1",7
"GTGGGTCAGACCGGAT-1",1
"GTGGGTCAGACTGTAA-1",0
"GTGGGTCAGCCGTCGT-1",0
"GTGGGTCCACCAACCG-1",4
"GTGGGTCCACCACCAG-1",0
"GTGTGCGAGACCGGAT-1",1
"GTGTGCGAGACTTGAA-1",1
"GTGTGCGCAGGTCGTC-1",0
"GTGTGCGGTGAGCGAT-1",3
"GTGTGCGTCAGTCAGT-1",1
"GTGTGCGTCCCTTGTG-1",1
"GTGTGCGTCTAACTTC-1",1
"GTGTTAGAGCACGCCT-1",5
"GTGTTAGAGGACAGAA-1",2
"GTGTTAGAGGCATGGT-1",1
"GTGTTAGAGTGGAGAA-1",4
"GTGTTAGAGTTTGCGT-1",2
"GTGTTAGCAATGGAAT-1",0
"GTGTTAGCACCACCAG-1",1
"GTGTTAGGTGCCTGGT-1",0
"GTGTTAGGTGGAAAGA-1",1
"GTGTTAGGTTCCATGA-1",0
"GTGTTAGGTTGGGACA-1",0
"GTTAAGCAGAGCTGCA-1",2
"GTTAAGCAGATAGCAT-1",0
"GTTAAGCAGCTAACAA-1",2
"GTTAAGCAGGCTACGA-1",0
"GTTAAGCAGTGTACCT-1",4
"GTTAAGCAGTTTGCGT-1",2
"GTTAAGCCATTCACTT-1",4
"GTTAAGCGTACTCGCG-1",0
"GTTAAGCGTCTAGGTT-1",1
"GTTAAGCGTGGCAAAC-1",1
"GTTAAGCGTTGCTCCT-1",1
"GTTAAGCTCCTTTCGG-1",0
"GTTACAGAGAGCTATA-1",0
"GTTACAGAGTACGATA-1",0
"GTTACAGCAGACGCCT-1",3
"GTTACAGCATCGGTTA-1",1
"GTTACAGGTATGGTTC-1",0
"GTTACAGGTCGACTGC-1",0
"GTTACAGGTCTAGGTT-1",0
"GTTCATTAGCGATGAC-1",5
"GTTCATTCATATACGC-1",1
"GTTCATTCATTGGCGC-1",2
"GTTCATTGTGCACGAA-1",2
"GTTCATTGTGTTAAGA-1",0
"GTTCATTGTTCAGTAC-1",1
"GTTCGGGAGACGACGT-1",3
"GTTCGGGAGCTAAGAT-1",1
"GTTCGGGAGTGTCTCA-1",1
"GTTCGGGGTAGGGTAC-1",0
"GTTCGGGGTGCAGGTA-1",2
"GTTCGGGTCCACGCAG-1",1
"GTTCGGGTCTACTTAC-1",1
"GTTCTCGAGACCACGA-1",0
"GTTCTCGAGCGATGAC-1",5
"GTTCTCGAGGCCATAG-1",0
"GTTCTCGCATCGGACC-1",0
"GTTCTCGGTAAGGGAA-1",3
"GTTCTCGGTAGCGTAG-1",4
"GTTCTCGGTCCGTGAC-1",2
"GTTCTCGGTGTTAAGA-1",5
"GTTCTCGTCAACGCTA-1",1
"GTTCTCGTCCTGTACC-1",0
"GTTTCTACAAACCTAC-1",0
"GTTTCTACAAGAAAGG-1",4
"GTTTCTAGTGTTGGGA-1",0
"GTTTCTATCCCAACGG-1",2
"GTTTCTATCCGTAGTA-1",2
"GTTTCTATCGGCATCG-1",0
"TAAACCGGTACTTAGC-1",2
"TAAACCGTCACTCTTA-1",2
"TAAACCGTCAGGCGAA-1",4
"TAAACCGTCCGTTGTC-1",1
"TAAACCGTCTTCCTTC-1",1
"TAAGAGACAAGTTGTC-1",1
"TAAGAGAGTATATCCG-1",5
"TAAGAGATCAATCACG-1",0
"TAAGAGATCTAACGGT-1",3
"TAAGAGATCTTTCCTC-1",3
"TAAGCGTAGTGGACGT-1",1
"TAAGCGTAGTGTCTCA-1",0
"TAAGCGTCAGCTTCGG-1",3
"TAAGCGTCAGGTGGAT-1",1
"TAAGCGTGTCCTGCTT-1",1
"TAAGCGTGTGCCTGGT-1",3
"TAAGCGTGTTGTTTGG-1",1
"TAAGCGTTCCTCATTA-1",0
"TAAGCGTTCGGCGCAT-1",0
"TAAGCGTTCTCGCATC-1",2
"TAAGTGCAGGCTAGGT-1",1
"TAAGTGCAGTAGCGGT-1",0
"TAAGTGCCAACGCACC-1",0
"TAAGTGCCATACAGCT-1",1
"TAAGTGCGTAAACACA-1",0
"TAAGTGCGTCTCACCT-1",0
"TAAGTGCGTTCAGACT-1",1
"TAAGTGCTCACCCTCA-1",0
"TAAGTGCTCACTGGGC-1",1
"TAAGTGCTCTGGCGTG-1",0
"TACACGACACCCATTC-1",2
"TACACGAGTGATAAAC-1",1
"TACACGATCTGTCTCG-1",1
"TACAGTGAGATGCGAC-1",8
"TACAGTGAGCGTTGCC-1",0
"TACAGTGAGTGTACGG-1",0
"TACAGTGCAGGAATCG-1",2
"TACAGTGCAGGTGCCT-1",3
"TACAGTGGTACTCAAC-1",0
"TACAGTGGTTGGACCC-1",0
"TACCTATAGAGCTGGT-1",1
"TACCTATAGAGTTGGC-1",1
"TACCTATAGGCTCATT-1",2
"TACCTATAGTTAGCGG-1",1
"TACCTATCAAGCTGGA-1",0
"TACCTATGTAAATGAC-1",4
"TACCTATGTAGAGTGC-1",1
"TACCTATGTCACCTAA-1",0
"TACCTATGTGTTGAGG-1",0
"TACCTATGTTAAAGAC-1",1
"TACCTATTCTATGTGG-1",0
"TACCTATTCTTCCTTC-1",1
"TACCTTAAGAGGTTGC-1",2
"TACCTTAAGTCAAGCG-1",2
"TACCTTAAGTGGTCCC-1",1
"TACCTTACAACTGGCC-1",1
"TACCTTACAAGGGTCA-1",2
"TACCTTACACTCAGGC-1",1
"TACCTTACATCTACGA-1",0
"TACCTTAGTAGCGTCC-1",5
"TACCTTAGTCTCCACT-1",0
"TACGGATAGATGGCGT-1",2
"TACGGATAGGTACTCT-1",2
"TACGGATCAGGGATTG-1",0
"TACGGATCATCACCCT-1",2
"TACGGATGTCTAGCCG-1",0
"TACGGATTCGGTGTCG-1",2
"TACGGATTCTACTATC-1",0
"TACGGGCAGGATGCGT-1",0
"TACGGGCAGGGAACGG-1",3
"TACGGGCAGTATTGGA-1",1
"TACGGGCAGTCAAGCG-1",0
"TACGGGCCAAGAAGAG-1",0
"TACGGGCCACCAGATT-1",1
"TACGGGCCATCAGTAC-1",2
"TACGGGCGTAAGGGCT-1",1
"TACGGGCGTCTGATTG-1",4
"TACGGGCGTGATGTGG-1",0
"TACGGGCTCACCTTAT-1",1
"TACGGGCTCAGCTCTC-1",0
"TACGGGCTCCACGAAT-1",1
"TACGGGCTCCTATTCA-1",0
"TACGGGCTCGGTGTTA-1",1
"TACGGTAAGATATGGT-1",4
"TACGGTAAGCCGATTT-1",2
"TACGGTAAGTCATGCT-1",2
"TACGGTAAGTGCCATT-1",3
"TACGGTACACAGGCCT-1",1
"TACGGTACATTTCAGG-1",0
"TACGGTAGTATATCCG-1",4
"TACGGTAGTCACTTCC-1",1
"TACGGTAGTGCAGGTA-1",2
"TACGGTAGTGGGTATG-1",4
"TACGGTATCGCAGGCT-1",0
"TACGGTATCGGACAAG-1",2
"TACGGTATCGTTTATC-1",0
"TACTCATAGTCACGCC-1",3
"TACTCATCAATCTACG-1",2
"TACTCATCACGGTAGA-1",3
"TACTCATCACTTCTGC-1",1
"TACTCATCATCCGTGG-1",1
"TACTCATCATGTCGAT-1",1
"TACTCATGTACAGCAG-1",0
"TACTCATGTCTTCAAG-1",2
"TACTCATTCCTTTCTC-1",1
"TACTCGCAGGCGACAT-1",39
"TACTCGCGTCAGAAGC-1",1
"TACTCGCGTCTGATTG-1",2
"TACTCGCGTGTAACGG-1",0
"TACTCGCGTTGAGTTC-1",2
"TACTCGCTCAACGGGA-1",2
"TACTCGCTCCGAATGT-1",1
"TACTTACAGACTAGGC-1",0
"TACTTACAGCTGAACG-1",2
"TACTTACAGTACACCT-1",0
"TACTTACAGTACGCCC-1",5
"TACTTACAGTGATCGG-1",2
"TACTTACCAAGCCGTC-1",1
"TACTTACCACAGGTTT-1",1
"TACTTACTCGCGTTTC-1",1
"TACTTGTAGCGATATA-1",2
"TACTTGTAGTAATCCC-1",0
"TACTTGTCAAACAACA-1",1
"TACTTGTCATGCAACT-1",1
"TACTTGTGTAGCACGA-1",0
"TACTTGTGTATAAACG-1",0
"TACTTGTGTTCCACAA-1",1
"TACTTGTTCTGCAGTA-1",1
"TAGACCAAGAGACGAA-1",3
"TAGACCAAGCCTCGTG-1",1
"TAGACCAAGTCGATAA-1",1
"TAGACCACAACACCCG-1",2
"TAGACCAGTAGATTAG-1",1
"TAGACCAGTTCATGGT-1",1
"TAGACCATCACTTCAT-1",3
"TAGACCATCGTCACGG-1",3
"TAGACCATCTCCAGGG-1",1
"TAGAGCTAGAATTCCC-1",1
"TAGAGCTAGTATTGGA-1",1
"TAGAGCTCACTGAAGG-1",1
"TAGAGCTGTACTTGAC-1",4
"TAGAGCTGTAGGGACT-1",0
"TAGAGCTGTCTAAAGA-1",0
"TAGCCGGAGACTGGGT-1",1
"TAGCCGGAGTCCCACG-1",0
"TAGCCGGAGTGACATA-1",1
"TAGCCGGCAGCAGTTT-1",1
"TAGCCGGGTACAGTGG-1",2
"TAGCCGGGTACCATCA-1",0
"TAGCCGGGTCGCGAAA-1",5
"TAGCCGGTCACGACTA-1",1
"TAGCCGGTCCAGGGCT-1",1
"TAGGCATAGAACTGTA-1",1
"TAGGCATAGCTAGGCA-1",1
"TAGGCATAGTCGTACT-1",2
"TAGGCATAGTTTAGGA-1",3
"TAGGCATCAAGCCTAT-1",0
"TAGGCATCAGACGCAA-1",1
"TAGGCATGTACGAAAT-1",4
"TAGGCATGTCCAGTTA-1",1
"TAGGCATGTTCCACTC-1",3
"TAGGCATTCCCTAACC-1",0
"TAGGCATTCGCTAGCG-1",2
"TAGGCATTCGTAGATC-1",0
"TAGGCATTCTTCATGT-1",0
"TAGTGGTAGATCACGG-1",4
"TAGTGGTAGCTGTTCA-1",6
"TAGTGGTCAGTATAAG-1",0
"TAGTGGTGTAGCGTAG-1",0
"TAGTGGTTCAGCATGT-1",0
"TAGTGGTTCGGCGCAT-1",1
"TAGTGGTTCTCAAGTG-1",0
"TAGTGGTTCTGGGCCA-1",9
"TAGTGGTTCTTTAGTC-1",2
"TAGTTGGAGATAGGAG-1",2
"TAGTTGGCAGACGCAA-1",6
"TAGTTGGCATGCGCAC-1",9
"TAGTTGGGTATGGTTC-1",1
"TAGTTGGTCCGAATGT-1",3
"TAGTTGGTCTACTCAT-1",1
"TAGTTGGTCTCTAAGG-1",2
"TAGTTGGTCTGATACG-1",0
"TATCAGGAGAGTAAGG-1",1
"TATCAGGAGATCCGAG-1",1
"TATCAGGAGCAGATCG-1",0
"TATCAGGAGGTGCTTT-1",0
"TATCAGGCAACTTGAC-1",1
"TATCAGGCACGTTGGC-1",1
"TATCAGGGTCCGTTAA-1",3
"TATCAGGGTCTGCAAT-1",2
"TATCAGGGTTAAAGAC-1",2
"TATCAGGTCAAGATCC-1",0
"TATCAGGTCCACTCCA-1",3
"TATCAGGTCGTAGGTT-1",0
"TATCTCAAGAGTTGGC-1",2
"TATCTCAAGCCACCTG-1",1
"TATCTCAAGCGTAATA-1",3
"TATCTCAAGGCTAGCA-1",0
"TATCTCAAGTGGGCTA-1",3
"TATCTCACATGTCCTC-1",2
"TATCTCAGTAACGACG-1",1
"TATCTCAGTACCTACA-1",1
"TATCTCAGTACGACCC-1",2
"TATCTCAGTCAATGTC-1",3
"TATCTCATCAAGCCTA-1",2
"TATGCCCAGAAACCGC-1",2
"TATGCCCAGGTAGCTG-1",1
"TATGCCCCAATGGAAT-1",2
"TATGCCCCACTTAACG-1",2
"TATGCCCCATGTTCCC-1",0
"TATGCCCGTAGCCTCG-1",2
"TATGCCCGTATAGGGC-1",0
"TATGCCCGTATGAAAC-1",0
"TATGCCCGTCGCCATG-1",9
"TATGCCCGTGCCTTGG-1",1
"TATGCCCGTTAAGATG-1",1
"TATGCCCGTTGGTGGA-1",1
"TATGCCCGTTTAGGAA-1",2
"TATGCCCTCGTCTGCT-1",0
"TATTACCAGAGAGCTC-1",0
"TATTACCAGCAAATCA-1",5
"TATTACCAGCCCGAAA-1",2
"TATTACCAGTATCTCG-1",0
"TATTACCCAAAGTGCG-1",0
"TATTACCCAGACAAGC-1",1
"TATTACCCAGTCAGCC-1",2
"TATTACCCATAAAGGT-1",2
"TATTACCCATCTACGA-1",1
"TATTACCGTCCAGTAT-1",5
"TCAACGAAGCCGATTT-1",0
"TCAACGAAGCGATGAC-1",2
"TCAACGAAGGCATGTG-1",0
"TCAACGAAGTAGTGCG-1",4
"TCAACGACACCAGGCT-1",1
"TCAACGACATGCCTTC-1",2
"TCAACGAGTTACCAGT-1",4
"TCAACGAGTTCCATGA-1",0
"TCAACGAGTTCTGGTA-1",0
"TCAACGATCAGTCCCT-1",0
"TCAACGATCTGTGCAA-1",1
"TCAATCTAGATCCCGC-1",3
"TCAATCTCACAAGCCC-1",0
"TCAATCTCACAGCCCA-1",1
"TCAATCTCATGACGGA-1",0
"TCAATCTCATTTGCTT-1",0
"TCAATCTGTAGTGAAT-1",0
"TCAATCTGTTAGATGA-1",1
"TCAATCTTCAGATAAG-1",1
"TCAATCTTCATGTCCC-1",5
"TCACAAGAGACTGGGT-1",2
"TCACAAGAGAGAGCTC-1",0
"TCACAAGAGGCCCTCA-1",0
"TCACAAGAGGTGGGTT-1",9
"TCACAAGAGTAGATGT-1",3
"TCACAAGCAGTATGCT-1",2
"TCACAAGCATAACCTG-1",1
"TCACAAGCATGACATC-1",1
"TCACAAGGTCAGATAA-1",0
"TCACAAGGTGTGGTTT-1",4
"TCACAAGTCATCATTC-1",0
"TCACAAGTCATGCATG-1",0
"TCACGAAAGCTCCTTC-1",1
"TCACGAAAGGTGCTTT-1",0
"TCACGAAAGTCTCGGC-1",4
"TCACGAACACAAGACG-1",2
"TCACGAACACTGTCGG-1",1
"TCACGAAGTGGTCCGT-1",2
"TCACGAAGTTGGTGGA-1",3
"TCACGAATCATGCAAC-1",0
"TCACGAATCCCGACTT-1",4
"TCACGAATCCTCGCAT-1",3
"TCACGAATCGTCACGG-1",0
"TCAGATGAGGTGCACA-1",0
"TCAGATGGTCTTGTCC-1",1
"TCAGATGGTGCCTGCA-1",0
"TCAGATGGTGCTGTAT-1",0
"TCAGATGTCAGTTTGG-1",1
"TCAGATGTCGCATGAT-1",0
"TCAGATGTCTCCTATA-1",0
"TCAGCAAAGGAGTCTG-1",2
"TCAGCAAAGGCTCATT-1",1
"TCAGCAAAGTACGACG-1",0
"TCAGCAAAGTGGCACA-1",3
"TCAGCAACACGCATCG-1",0
"TCAGCAAGTACCGGCT-1",2
"TCAGCAATCAGCGATT-1",1
"TCAGCAATCGGAAACG-1",0
"TCAGCAATCTTCAACT-1",3
"TCAGCTCAGGTGTTAA-1",0
"TCAGCTCAGTATGACA-1",2
"TCAGCTCCAATCTGCA-1",7
"TCAGCTCCACGGTTTA-1",1
"TCAGCTCGTAATAGCA-1",0
"TCAGCTCGTCCGTCAG-1",1
"TCAGCTCGTTCACGGC-1",0
"TCAGCTCTCACGATGT-1",7
"TCAGCTCTCATGCATG-1",1
"TCAGCTCTCCTAAGTG-1",2
"TCAGCTCTCTCGTATT-1",0
"TCAGGATAGACAGAGA-1",1
"TCAGGATAGATATGGT-1",1
"TCAGGATCAAACGTGG-1",0
"TCAGGATCAAGTTCTG-1",3
"TCAGGATCACGGTGTC-1",4
"TCAGGATCACTGTGTA-1",5
"TCAGGATCAGCATACT-1",0
"TCAGGATCATCTGGTA-1",2
"TCAGGATGTAAGCACG-1",3
"TCAGGATGTGGCCCTA-1",0
"TCAGGATTCCGATATG-1",2
"TCAGGATTCTCGATGA-1",0
"TCAGGTAAGATGGCGT-1",0
"TCAGGTAAGTGTTTGC-1",1
"TCAGGTACACAAGTAA-1",2
"TCAGGTACACAGAGGT-1",3
"TCAGGTACAGCTGCTG-1",2
"TCAGGTAGTAAACGCG-1",1
"TCATTACAGAAACCAT-1",0
"TCATTACAGGAGTTGC-1",0
"TCATTACAGTTGCAGG-1",1
"TCATTACCACATCCAA-1",2
"TCATTACCAGTCAGCC-1",2
"TCATTACGTACGCACC-1",0
"TCATTACGTCTAGAGG-1",3
"TCATTACGTGAAGGCT-1",2
"TCATTACGTTCTGTTT-1",3
"TCATTACTCATCGATG-1",0
"TCATTTGAGCCAGTTT-1",0
"TCATTTGCACGTCTCT-1",2
"TCATTTGCAGTTAACC-1",0
"TCATTTGTCCAGAGGA-1",1
"TCATTTGTCCCTTGCA-1",4
"TCATTTGTCCGTCAAA-1",0
"TCATTTGTCGCTAGCG-1",2
"TCATTTGTCGTACGGC-1",1
"TCATTTGTCTCTGCTG-1",1
"TCCACACCAAAGAATC-1",3
"TCCACACCACGCCAGT-1",0
"TCCACACGTACAGCAG-1",1
"TCCACACGTAGCCTAT-1",1
"TCCACACGTCATCGGC-1",2
"TCCACACGTGACCAAG-1",1
"TCCACACGTGCGAAAC-1",0
"TCCACACTCAACACCA-1",2
"TCCACACTCCAGTATG-1",2
"TCCACACTCCCATTTA-1",0
"TCCACACTCGAACTGT-1",1
"TCCCGATAGAAGAAGC-1",7
"TCCCGATAGCACAGGT-1",0
"TCCCGATAGCCGGTAA-1",2
"TCCCGATCAAGGTTCT-1",0
"TCCCGATCAGCCAATT-1",1
"TCCCGATCATCCAACA-1",1
"TCCCGATGTAAGGATT-1",2
"TCCCGATGTCAATACC-1",1
"TCCCGATTCAGAAATG-1",1
"TCCCGATTCAGTCCCT-1",0
"TCCCGATTCATCTGTT-1",2
"TCCCGATTCCCTAATT-1",1
"TCCCGATTCTGGAGCC-1",1
"TCGAGGCAGCGATGAC-1",5
"TCGAGGCAGTGTTTGC-1",3
"TCGAGGCCAAAGAATC-1",2
"TCGAGGCCAAGTTCTG-1",1
"TCGAGGCCAGTAACGG-1",0
"TCGAGGCGTATATCCG-1",1
"TCGAGGCTCGCAAGCC-1",0
"TCGAGGCTCTTGAGAC-1",0
"TCGAGGCTCTTTCCTC-1",0
"TCGCGAGAGACAAAGG-1",0
"TCGCGAGAGTGAATTG-1",0
"TCGCGAGCAAGCGTAG-1",0
"TCGCGAGCACCGAATT-1",3
"TCGCGAGCAGTAAGAT-1",1
"TCGCGAGTCCACGAAT-1",0
"TCGCGAGTCTAGCACA-1",6
"TCGCGAGTCTCTAGGA-1",1
"TCGCGAGTCTTCATGT-1",2
"TCGCGTTAGTGGGCTA-1",2
"TCGCGTTCACAGGCCT-1",0
"TCGCGTTCATCACAAC-1",0
"TCGCGTTCATCTCGCT-1",2
"TCGCGTTGTTCACCTC-1",3
"TCGCGTTTCAAGATCC-1",1
"TCGCGTTTCAGGTAAA-1",1
"TCGCGTTTCATTCACT-1",1
"TCGCGTTTCCTGTACC-1",0
"TCGCGTTTCGCCCTTA-1",2
"TCGGGACCACACATGT-1",0
"TCGGGACTCCTTGCCA-1",2
"TCGGGACTCTGCGGCA-1",2
"TCGGGACTCTTGTCAT-1",1
"TCGGTAAAGACAGGCT-1",0
"TCGGTAAAGCTCAACT-1",5
"TCGGTAACAAGCTGAG-1",7
"TCGGTAACAGGAATGC-1",1
"TCGGTAAGTATATGGA-1",10
"TCGGTAAGTCTAGTCA-1",0
"TCGGTAATCCCGGATG-1",4
"TCGTACCAGCAGGCTA-1",3
"TCGTACCAGTTTCCTT-1",1
"TCGTACCGTTTGCATG-1",2
"TCGTACCTCGGGAGTA-1",1
"TCGTAGAAGCTAACTC-1",1
"TCGTAGAAGGCGACAT-1",2
"TCGTAGAAGGGAACGG-1",1
"TCGTAGAAGTCCATAC-1",1
"TCGTAGACAATCCAAC-1",1
"TCGTAGACACTCAGGC-1",1
"TCGTAGAGTATGAATG-1",2
"TCGTAGAGTGAGCGAT-1",1
"TCGTAGAGTGTGTGCC-1",2
"TCGTAGAGTTCAACCA-1",6
"TCGTAGAGTTCCATGA-1",5
"TCGTAGATCCAAGCCG-1",7
"TCGTAGATCTTAGCCC-1",1
"TCTATTGAGCGATTCT-1",1
"TCTATTGAGTGCCATT-1",1
"TCTATTGCACATCTTT-1",2
"TCTATTGGTAAGTGTA-1",2
"TCTATTGGTCCAACTA-1",2
"TCTATTGGTCTGCCAG-1",0
"TCTATTGGTTGCTCCT-1",0
"TCTATTGTCGGCGCTA-1",1
"TCTCATAAGCTAAACA-1",4
"TCTCATAAGCTAGTCT-1",0
"TCTCATAAGTGCCATT-1",1
"TCTCATAGTACCGGCT-1",1
"TCTCATAGTGTAAGTA-1",8
"TCTCATATCAAGCCTA-1",1
"TCTCATATCACCTTAT-1",2
"TCTCATATCCTGTACC-1",0
"TCTCTAAAGACCGGAT-1",1
"TCTCTAAAGGGTGTTG-1",8
"TCTCTAACAGCCTATA-1",0
"TCTCTAAGTCCAGTAT-1",2
"TCTCTAAGTCCATGAT-1",2
"TCTCTAAGTCTCATCC-1",4
"TCTCTAAGTGGAAAGA-1",2
"TCTCTAATCAAACCAC-1",0
"TCTCTAATCAACGCTA-1",1
"TCTCTAATCACAGGCC-1",1
"TCTCTAATCACATACG-1",0
"TCTCTAATCCGTAGGC-1",0
"TCTCTAATCGTATCAG-1",11
"TCTGAGACAAACCTAC-1",7
"TCTGAGACACGGATAG-1",2
"TCTGAGACAGAGTGTG-1",0
"TCTGAGAGTAAGGGAA-1",3
"TCTGAGATCCTTGACC-1",0
"TCTGAGATCTATCCTA-1",0
"TCTGGAAAGCGATGAC-1",6
"TCTGGAAAGCTAGTTC-1",2
"TCTGGAAAGCTCTCGG-1",2
"TCTGGAAAGGAGCGAG-1",1
"TCTGGAACACAAGACG-1",0
"TCTGGAACACACTGCG-1",1
"TCTGGAACACTTCTGC-1",3
"TCTGGAAGTGAGTATA-1",0
"TCTGGAATCTGTCTAT-1",4
"TCTTCGGAGGTTCCTA-1",2
"TCTTCGGAGTTCGATC-1",1
"TCTTCGGCAAAGCAAT-1",2
"TCTTCGGCAAAGGTGC-1",1
"TCTTCGGCAATAGCAA-1",1
"TCTTCGGCAATGTAAG-1",0
"TCTTCGGCACACCGAC-1",0
"TCTTCGGCAGCCAATT-1",2
"TCTTCGGGTCATTAGC-1",0
"TCTTCGGTCGTAGGTT-1",0
"TCTTCGGTCTCTAAGG-1",0
"TCTTTCCAGAGAGCTC-1",2
"TCTTTCCAGTCATCCA-1",0
"TCTTTCCCATCTCCCA-1",2
"TCTTTCCGTAATCACC-1",0
"TCTTTCCGTAGTACCT-1",1
"TCTTTCCTCACAACGT-1",7
"TCTTTCCTCAGCTGGC-1",2
"TCTTTCCTCCAAGTAC-1",0
"TCTTTCCTCCTCGCAT-1",3
"TGAAAGAAGCTAAGAT-1",9
"TGAAAGACAAGCCGTC-1",1
"TGAAAGACACATTCGA-1",3
"TGAAAGACATGAGCGA-1",1
"TGAAAGAGTCTAGCGC-1",2
"TGAAAGAGTCTCATCC-1",5
"TGAAAGATCCCGACTT-1",1
"TGAAAGATCTATGTGG-1",2
"TGACAACCAAGCGAGT-1",0
"TGACAACGTAGGGACT-1",6
"TGACAACGTGCGCTTG-1",0
"TGACAACGTGGTTTCA-1",0
"TGACAACTCACAAACC-1",0
"TGACAACTCCACGTGG-1",0
"TGACAACTCGAATGCT-1",0
"TGACGGCAGCGCCTCA-1",1
"TGACGGCAGGCTCAGA-1",1
"TGACGGCAGTCAAGCG-1",0
"TGACGGCCACAGACTT-1",1
"TGACGGCGTCATCCCT-1",0
"TGACGGCTCAGGCGAA-1",2
"TGACGGCTCCACTGGG-1",0
"TGACTAGAGACCCACC-1",0
"TGACTAGAGGGCATGT-1",2
"TGACTAGAGTCTCAAC-1",1
"TGACTAGAGTTGAGAT-1",0
"TGACTAGCAGCATACT-1",3
"TGACTAGCAGTCAGAG-1",0
"TGACTAGCATTTCACT-1",1
"TGACTAGGTAAATACG-1",7
"TGACTAGGTGAAAGAG-1",1
"TGACTAGGTGCAGTAG-1",1
"TGACTAGTCATGCATG-1",0
"TGACTAGTCCATGCTC-1",1
"TGACTAGTCTGTTGAG-1",1
"TGACTTTAGAACAATC-1",1
"TGACTTTAGTCTCGGC-1",1
"TGACTTTAGTTAGGTA-1",2
"TGACTTTCAGTCCTTC-1",1
"TGACTTTCATTATCTC-1",2
"TGACTTTGTCACACGC-1",4
"TGACTTTTCCTCAATT-1",1
"TGACTTTTCTGCCCTA-1",1
"TGAGAGGAGGCTCATT-1",0
"TGAGAGGCAAAGTCAA-1",0
"TGAGAGGCAAGCCATT-1",0
"TGAGAGGCACCATGTA-1",0
"TGAGAGGGTCACTGGC-1",4
"TGAGAGGGTCTAAACC-1",2
"TGAGAGGTCGAACTGT-1",0
"TGAGAGGTCGCGTTTC-1",0
"TGAGAGGTCTGACCTC-1",3
"TGAGCATAGAAACGAG-1",1
"TGAGCATAGAAGCCCA-1",2
"TGAGCATAGATGTCGG-1",6
"TGAGCATAGGAATGGA-1",1
"TGAGCATCACCAGGCT-1",3
"TGAGCATCAGATGAGC-1",1
"TGAGCATCAGCGTAAG-1",1
"TGAGCATCAGCTGTAT-1",2
"TGAGCATGTGGCCCTA-1",1
"TGAGCATTCCACGTTC-1",0
"TGAGCATTCCGATATG-1",2
"TGAGCATTCGGCCGAT-1",2
"TGAGCCGCATCGGGTC-1",2
"TGAGCCGGTCGAACAG-1",2
"TGAGCCGGTGTAATGA-1",4
"TGAGCCGGTTGATTCG-1",4
"TGAGCCGTCATCTGCC-1",1
"TGAGCCGTCGTCACGG-1",1
"TGAGCCGTCTTGAGGT-1",1
"TGAGGGAAGAGACTAT-1",0
"TGAGGGAAGGAGTACC-1",1
"TGAGGGAAGTCATCCA-1",1
"TGAGGGAAGTCATGCT-1",3
"TGAGGGACACCAGTTA-1",1
"TGAGGGACATAAGACA-1",5
"TGAGGGAGTAAACGCG-1",7
"TGAGGGAGTTAGGGTG-1",2
"TGAGGGATCAACGGGA-1",3
"TGAGGGATCTAGCACA-1",0
"TGAGGGATCTCTTATG-1",0
"TGATTTCCATCCGGGT-1",0
"TGATTTCGTAGGCATG-1",3
"TGATTTCGTTAAGACA-1",3
"TGATTTCTCTGATTCT-1",3
"TGCACCTAGACCTTTG-1",0
"TGCACCTAGGACGAAA-1",2
"TGCACCTCAAGTTGTC-1",14
"TGCACCTCAATAGAGT-1",1
"TGCACCTCATCCGGGT-1",0
"TGCACCTGTAATCACC-1",0
"TGCACCTGTCACACGC-1",1
"TGCACCTTCACGGTTA-1",2
"TGCACCTTCATCGGAT-1",0
"TGCACCTTCCGCGGTA-1",1
"TGCACCTTCGAACTGT-1",3
"TGCACCTTCTCTTGAT-1",0
"TGCCAAACAATGTAAG-1",2
"TGCCAAACAATTCCTT-1",5
"TGCCAAAGTTCGCGAC-1",19
"TGCCAAATCCAAACTG-1",9
"TGCCAAATCCCTGACT-1",1
"TGCCAAATCGGCGGTT-1",1
"TGCCCATAGACTAGGC-1",2
"TGCCCATAGCGTCAAG-1",1
"TGCCCATAGCGTGAAC-1",3
"TGCCCATAGCTGTTCA-1",1
"TGCCCATAGGATGGAA-1",0
"TGCCCATAGTACGCCC-1",7
"TGCCCATAGTTGAGTA-1",2
"TGCCCATCACCAGGTC-1",0
"TGCCCATCACGAAATA-1",2
"TGCCCATCAGGACGTA-1",1
"TGCCCATCATGGAATA-1",1
"TGCCCATCATGGATGG-1",4
"TGCCCATGTAGCCTCG-1",3
"TGCCCATTCAAACCGT-1",0
"TGCCCATTCAGGCCCA-1",1
"TGCCCATTCCTTCAAT-1",4
"TGCCCATTCGGAAATA-1",2
"TGCCCTAAGGTCGGAT-1",2
"TGCCCTAAGGTTCCTA-1",5
"TGCCCTACACCACCAG-1",2
"TGCCCTACAGCCACCA-1",0
"TGCCCTACAGTGAGTG-1",1
"TGCCCTAGTCCGAGTC-1",1
"TGCCCTAGTGGTTTCA-1",2
"TGCCCTAGTTTCGCTC-1",0
"TGCCCTATCGACGGAA-1",0
"TGCCCTATCTTCGGTC-1",0
"TGCGCAGAGACTAGGC-1",5
"TGCGCAGAGCACACAG-1",2
"TGCGCAGAGCGTCTAT-1",2
"TGCGCAGAGGAGCGAG-1",0
"TGCGCAGCAAACGTGG-1",4
"TGCGCAGCAGCTCGCA-1",0
"TGCGCAGCAGTAGAGC-1",0
"TGCGCAGTCCTACAGA-1",0
"TGCGGGTAGAGACTTA-1",11
"TGCGGGTAGATCGATA-1",0
"TGCGGGTAGCTCTCGG-1",2
"TGCGGGTAGGTGTGGT-1",1
"TGCGGGTAGTACTTGC-1",2
"TGCGGGTCAATGGAAT-1",2
"TGCGGGTCACACGCTG-1",1
"TGCGGGTCATTGGGCC-1",2
"TGCGGGTGTAGAAAGG-1",2
"TGCGGGTGTCACCTAA-1",2
"TGCGGGTGTCAGATAA-1",0
"TGCGGGTGTTAGAACA-1",2
"TGCGGGTTCAGTTCGA-1",2
"TGCGGGTTCGTAGATC-1",4
"TGCGGGTTCTCTTGAT-1",3
"TGCGTGGAGACGCAAC-1",1
"TGCGTGGAGACTGGGT-1",2
"TGCGTGGAGTGAACGC-1",4
"TGCGTGGCAATTCCTT-1",1
"TGCGTGGGTGCACCAC-1",2
"TGCGTGGTCCGCGCAA-1",1
"TGCGTGGTCGCCCTTA-1",0
"TGCGTGGTCTGGCGAC-1",1
"TGCTACCAGAAAGTGG-1",0
"TGCTACCAGATGGCGT-1",1
"TGCTACCAGCAAATCA-1",2
"TGCTACCAGTCCGTAT-1",1
"TGCTACCCAAGAGGCT-1",1
"TGCTACCCACTTAACG-1",2
"TGCTACCCATCGTCGG-1",1
"TGCTACCCATGGTTGT-1",0
"TGCTACCGTGTGACGA-1",3
"TGCTACCTCCTCGCAT-1",4
"TGCTACCTCTTCTGGC-1",1
"TGCTGCTAGACTAAGT-1",1
"TGCTGCTAGGTGATAT-1",3
"TGCTGCTCAATAGAGT-1",1
"TGCTGCTCACAGACAG-1",2
"TGCTGCTCATCCCATC-1",2
"TGCTGCTCATGGTTGT-1",5
"TGCTGCTGTCATACTG-1",0
"TGCTGCTGTGAAGGCT-1",3
"TGCTGCTTCATTGCGA-1",0
"TGGACGCAGAGGTACC-1",2
"TGGACGCAGTCAAGGC-1",0
"TGGACGCCACAGAGGT-1",0
"TGGACGCCATGGTAGG-1",2
"TGGACGCGTCCGAACC-1",1
"TGGACGCGTCTCCCTA-1",0
"TGGCCAGAGAAGGTGA-1",4
"TGGCCAGAGAGTACAT-1",3
"TGGCCAGAGGCGATAC-1",13
"TGGCCAGAGGCGTACA-1",0
"TGGCCAGCAACTGCGC-1",1
"TGGCCAGCACGACTCG-1",3
"TGGCCAGGTCAATACC-1",4
"TGGCCAGTCGTAGATC-1",4
"TGGCCAGTCTATCCCG-1",4
"TGGCGCAAGCTACCTA-1",0
"TGGCGCAAGCTATGCT-1",1
"TGGCGCAAGTGTGGCA-1",0
"TGGCGCAAGTTACCCA-1",9
"TGGCGCACACAGGCCT-1",0
"TGGCGCACACGGATAG-1",2
"TGGCGCACAGCGATCC-1",2
"TGGCGCACATAGGATA-1",0
"TGGCGCACATATACGC-1",5
"TGGCGCAGTACTCTCC-1",3
"TGGCGCAGTGGACGAT-1",1
"TGGCGCAGTTATGTGC-1",1
"TGGCGCATCAAGAAGT-1",0
"TGGCGCATCATGCTCC-1",3
"TGGCGCATCATGTGGT-1",5
"TGGCGCATCATTATCC-1",2
"TGGCGCATCGTGGTCG-1",1
"TGGCTGGAGCGGATCA-1",1
"TGGCTGGAGTGCAAGC-1",1
"TGGCTGGCAAGTTAAG-1",2
"TGGCTGGCACGGATAG-1",0
"TGGCTGGCAGGAACGT-1",1
"TGGCTGGGTCGAGTTT-1",0
"TGGCTGGGTCGGCATC-1",0
"TGGCTGGGTCTAGCCG-1",0
"TGGCTGGGTTACGCGC-1",2
"TGGCTGGGTTGGACCC-1",1
"TGGCTGGTCTCGTTTA-1",1
"TGGGAAGAGATATACG-1",2
"TGGGAAGAGCCCAATT-1",1
"TGGGAAGAGCGCTCCA-1",1
"TGGGAAGAGGGCTTCC-1",1
"TGGGAAGAGTAAGTAC-1",5
"TGGGAAGAGTTAACGA-1",0
"TGGGAAGCAAGGTGTG-1",1
"TGGGAAGCAGATCCAT-1",4
"TGGGAAGCAGCGAACA-1",1
"TGGGAAGGTAAGTTCC-1",0
"TGGGAAGGTTAGATGA-1",2
"TGGGAAGGTTATTCTC-1",0
"TGGGAAGTCCCAAGAT-1",0
"TGGGAAGTCCTTCAAT-1",2
"TGGGAAGTCGTGGACC-1",0
"TGGGAAGTCTCCTATA-1",1
"TGGGCGTAGTCTCCTC-1",0
"TGGGCGTCAGACGTAG-1",0
"TGGGCGTCAGGGATTG-1",2
"TGGGCGTGTCCAAGTT-1",0
"TGGGCGTGTCTAGAGG-1",1
"TGGGCGTGTGGCTCCA-1",1
"TGGGCGTGTTTCGCTC-1",3
"TGGGCGTTCAGCTTAG-1",0
"TGGTTAGAGCTACCTA-1",0
"TGGTTAGAGTTAGGTA-1",1
"TGGTTAGGTGATGATA-1",0
"TGGTTAGGTTCACGGC-1",1
"TGGTTAGTCCCGACTT-1",0
"TGGTTAGTCTTGTATC-1",3
"TGGTTCCAGCCGTCGT-1",3
"TGGTTCCAGTAATCCC-1",0
"TGGTTCCCAAGTTGTC-1",2
"TGGTTCCCAGACAAAT-1",0
"TGGTTCCCAGACAGGT-1",2
"TGGTTCCCAGCTCGAC-1",1
"TGGTTCCCATGTCCTC-1",2
"TGGTTCCCATTTCACT-1",2
"TGGTTCCGTCCAAGTT-1",2
"TGGTTCCTCACATACG-1",2
"TGGTTCCTCAGCTTAG-1",1
"TGGTTCCTCTAACTTC-1",2
"TGGTTCCTCTAGAGTC-1",1
"TGGTTCCTCTGGGCCA-1",1
"TGTATTCAGCCCGAAA-1",1
"TGTATTCAGCGATCCC-1",0
"TGTATTCCAGGGCATA-1",1
"TGTATTCGTAAGAGAG-1",1
"TGTATTCGTTTGTTTC-1",1
"TGTATTCTCAGCATGT-1",0
"TGTATTCTCATCTGTT-1",3
"TGTCCCAAGCAGATCG-1",4
"TGTCCCAAGCTAGTTC-1",0
"TGTCCCAAGCTGAACG-1",5
"TGTCCCAAGTTGTCGT-1",3
"TGTCCCACAGTAAGCG-1",1
"TGTCCCACATCACGTA-1",1
"TGTCCCAGTAAGAGGA-1",3
"TGTCCCAGTAAGTGGC-1",1
"TGTCCCAGTCGGATCC-1",3
"TGTCCCAGTCTCTTTA-1",0
"TGTCCCATCATTTGGG-1",1
"TGTCCCATCTGCAAGT-1",2
"TGTCCCATCTGCGTAA-1",3
"TGTGGTAGTCCCGACA-1",3
"TGTGGTAGTGTGAAAT-1",2
"TGTGGTAGTGTGACGA-1",1
"TGTGGTATCCAGGGCT-1",1
"TGTGGTATCTTGCATT-1",1
"TGTGTTTAGAGGTTAT-1",1
"TGTGTTTAGCGTGAGT-1",1
"TGTGTTTAGTGCGTGA-1",3
"TGTGTTTCATGCGCAC-1",1
"TGTGTTTTCTCATTCA-1",0
"TGTGTTTTCTTTCCTC-1",1
"TGTTCCGAGAGCAATT-1",0
"TGTTCCGAGCAACGGT-1",2
"TGTTCCGAGGAATTAC-1",3
"TGTTCCGAGGACTGGT-1",0
"TGTTCCGCAGTGAGTG-1",0
"TGTTCCGGTGAGTATA-1",1
"TGTTCCGTCAAGCCTA-1",2
"TGTTCCGTCAGTTCGA-1",1
"TGTTCCGTCGGCGGTT-1",2
"TGTTCCGTCTGAAAGA-1",1
"TGTTCCGTCTGGTATG-1",2
"TTAACTCAGTGTACGG-1",1
"TTAACTCCAAGCGCTC-1",5
"TTAACTCCAGGCAGTA-1",0
"TTAACTCGTTCCACAA-1",1
"TTAACTCTCATAAAGG-1",0
"TTAACTCTCCCTCAGT-1",1
"TTAGGACAGCAGGCTA-1",4
"TTAGGACAGCTCTCGG-1",2
"TTAGGACCAAGCCATT-1",1
"TTAGGACCAGTCAGAG-1",0
"TTAGGACGTTTGTTTC-1",0
"TTAGGCAAGAAGATTC-1",0
"TTAGGCAAGAGCCCAA-1",0
"TTAGGCAAGAGTGACC-1",0
"TTAGGCAAGGTTCCTA-1",2
"TTAGGCAAGTCGTTTG-1",1
"TTAGGCAAGTGTACCT-1",6
"TTAGGCACAGACGCTC-1",2
"TTAGGCACATGTTCCC-1",2
"TTAGGCAGTAAGGATT-1",1
"TTAGGCAGTAAGTAGT-1",1
"TTAGGCAGTCTTGATG-1",0
"TTAGGCATCACGCATA-1",1
"TTAGGCATCAGTCAGT-1",27
"TTAGGCATCCAGTATG-1",0
"TTAGGCATCGTTACGA-1",2
"TTAGTTCAGGTGCAAC-1",2
"TTAGTTCCAATGTAAG-1",6
"TTAGTTCCATCCTTGC-1",1
"TTAGTTCGTAGCCTAT-1",1
"TTAGTTCGTGCAGACA-1",2
"TTAGTTCGTGTCAATC-1",2
"TTAGTTCGTTGCCTCT-1",1
"TTAGTTCTCAGGCCCA-1",2
"TTAGTTCTCGCAGGCT-1",2
"TTAGTTCTCTACTATC-1",2
"TTATGCTAGAATGTGT-1",1
"TTATGCTAGCACACAG-1",3
"TTATGCTAGCAGCCTC-1",1
"TTATGCTAGTCCCACG-1",0
"TTATGCTAGTGGTAAT-1",0
"TTATGCTCAGCCAGAA-1",1
"TTATGCTCATACCATG-1",0
"TTATGCTCATGTAGTC-1",1
"TTATGCTGTCCGAGTC-1",2
"TTATGCTTCGATAGAA-1",2
"TTCCCAGAGAATTCCC-1",1
"TTCCCAGAGACTAGAT-1",1
"TTCCCAGAGTATCGAA-1",0
"TTCCCAGCAGATGGGT-1",0
"TTCCCAGCATCAGTAC-1",0
"TTCCCAGCATCTCCCA-1",2
"TTCCCAGCATTACCTT-1",1
"TTCCCAGTCAACACTG-1",2
"TTCCCAGTCGAGAGCA-1",5
"TTCGAAGAGTCTCAAC-1",2
"TTCGAAGCAAGCGCTC-1",0
"TTCGAAGCACATTAGC-1",1
"TTCGAAGCACGGTGTC-1",0
"TTCGGTCAGAGGACGG-1",2
"TTCGGTCAGCACACAG-1",1
"TTCGGTCAGGCCCTCA-1",5
"TTCGGTCAGTGAATTG-1",1
"TTCGGTCAGTTGAGAT-1",4
"TTCGGTCCAAGGGTCA-1",2
"TTCGGTCCACGTCAGC-1",2
"TTCGGTCGTAACGTTC-1",1
"TTCGGTCGTAGAGTGC-1",3
"TTCGGTCGTTCATGGT-1",0
"TTCGGTCGTTCTGTTT-1",0
"TTCGGTCTCAAAGACA-1",0
"TTCGGTCTCCAGTATG-1",2
"TTCGGTCTCGCGTTTC-1",2
"TTCGGTCTCGTCTGAA-1",2
"TTCTACAAGACTAAGT-1",10
"TTCTACAAGCAGCCTC-1",1
"TTCTACAAGCCTTGAT-1",1
"TTCTACAAGGCAGGTT-1",0
"TTCTACAAGGTAAACT-1",0
"TTCTACAAGTTAGGTA-1",2
"TTCTACACACGTGAGA-1",3
"TTCTACACAGCTGTTA-1",0
"TTCTACACATCGATTG-1",0
"TTCTACACATTACGAC-1",0
"TTCTACAGTACCGTTA-1",2
"TTCTACAGTATATGAG-1",1
"TTCTACAGTGGCTCCA-1",2
"TTCTACATCAACGGGA-1",2
"TTCTACATCCGCGTTT-1",0
"TTCTCAAAGAAAGTGG-1",0
"TTCTCAAAGAATCTCC-1",9
"TTCTCAAAGAGGTTAT-1",4
"TTCTCAAAGCAGCCTC-1",3
"TTCTCAAAGCCGCCTA-1",0
"TTCTCAAAGTCAATAG-1",2
"TTCTCAAAGTTGAGAT-1",2
"TTCTCAACACCCAGTG-1",0
"TTCTCAACATTGTGCA-1",4
"TTCTCAAGTATAAACG-1",1
"TTCTCAAGTCCCTTGT-1",1
"TTCTCAAGTCGAGATG-1",1
"TTCTCAATCATCGCTC-1",0
"TTCTCAATCCCTAACC-1",1
"TTCTCAATCGTAGGAG-1",1
"TTCTCCTAGAGTAAGG-1",4
"TTCTCCTAGCGACGTA-1",11
"TTCTCCTAGCGTGAGT-1",2
"TTCTCCTAGTCTCGGC-1",0
"TTCTCCTCAACACGCC-1",1
"TTCTCCTCAATAACGA-1",3
"TTCTCCTGTTAAGAAC-1",3
"TTCTCCTTCAGTTCGA-1",0
"TTCTCCTTCCGTAGGC-1",2
"TTCTCCTTCCTTTCTC-1",4
"TTCTCCTTCTGCAAGT-1",3
"TTCTCCTTCTTCAACT-1",1
"TTCTCCTTCTTGTACT-1",0
"TTCTTAGAGGACTGGT-1",1
"TTCTTAGCAAGGTGTG-1",1
"TTCTTAGCATCGGAAG-1",1
"TTCTTAGGTAGAAGGA-1",1
"TTCTTAGGTCATATGC-1",0
"TTCTTAGTCAGTTCGA-1",1
"TTGAACGGTCACTTCC-1",3
"TTGAACGTCATGTCCC-1",3
"TTGACTTAGCCACGTC-1",1
"TTGACTTAGCGACGTA-1",2
"TTGACTTAGTTAACGA-1",2
"TTGACTTCACTTACGA-1",0
"TTGACTTGTCTCTCTG-1",1
"TTGACTTGTGCGATAG-1",0
"TTGACTTTCCAGAGGA-1",7
"TTGACTTTCTGTCCGT-1",1
"TTGCCGTAGGAGCGTT-1",0
"TTGCCGTAGGTGGGTT-1",0
"TTGCCGTCATGGTCAT-1",3
"TTGCCGTGTACAGACG-1",1
"TTGCGTCAGACAGAGA-1",3
"TTGCGTCAGCTCCTTC-1",1
"TTGCGTCAGTCCATAC-1",0
"TTGCGTCAGTGAATTG-1",0
"TTGCGTCCAAATTGCC-1",1
"TTGCGTCCACTGTGTA-1",1
"TTGCGTCCAGTCACTA-1",3
"TTGCGTCGTCTGATTG-1",0
"TTGGAACAGCCCAATT-1",1
"TTGGAACAGCGTCTAT-1",7
"TTGGAACAGGCGTACA-1",2
"TTGGAACGTATTACCG-1",5
"TTGGAACGTGTGTGCC-1",0
"TTGGAACTCCCATTAT-1",1
"TTGGAACTCCGTAGTA-1",2
"TTGGAACTCGTCCAGG-1",0
"TTGGCAAAGTTAGGTA-1",3
"TTGGCAAGTATAGGTA-1",0
"TTGGCAATCACATGCA-1",3
"TTGGCAATCAGAGCTT-1",0
"TTGGCAATCGCATGAT-1",4
"TTGGCAATCTAGAGTC-1",2
"TTGTAGGAGGTGCTAG-1",2
"TTGTAGGCACACGCTG-1",1
"TTGTAGGGTCTCCCTA-1",0
"TTGTAGGGTGGTAACG-1",1
"TTGTAGGTCGGCGCTA-1",2
"TTGTAGGTCTGCCAGG-1",0
"TTTACTGAGATCACGG-1",0
"TTTACTGCAAAGCAAT-1",0
"TTTACTGCACATGGGA-1",1
"TTTACTGCACCACGTG-1",2
"TTTACTGCATGGGACA-1",0
"TTTACTGCATGTCCTC-1",0
"TTTACTGGTAACGTTC-1",0
"TTTACTGGTGGTGTAG-1",2
"TTTACTGGTTCGCTAA-1",2
"TTTACTGTCTGGAGCC-1",3
"TTTATGCAGACTGTAA-1",1
"TTTATGCAGATGCGAC-1",0
"TTTATGCAGGCAAAGA-1",5
"TTTATGCAGGCCCGTT-1",3
"TTTATGCAGTTCCACA-1",2
"TTTATGCCAAACGCGA-1",1
"TTTATGCCAATCTGCA-1",1
"TTTATGCCACAGGTTT-1",7
"TTTATGCCAGCCAATT-1",1
"TTTATGCCAGGTCGTC-1",7
"TTTATGCCATGGTCAT-1",1
"TTTATGCTCACATAGC-1",2
"TTTATGCTCACCTTAT-1",1
"TTTATGCTCGGCGGTT-1",2
"TTTATGCTCTCGCTTG-1",5
"TTTCCTCAGCGTGAAC-1",2
"TTTCCTCAGGACTGGT-1",0
"TTTCCTCCAAAGTGCG-1",1
"TTTCCTCCAGGAATGC-1",0
"TTTCCTCCATTAGCCA-1",2
"TTTCCTCGTCCGAAGA-1",1
"TTTCCTCGTCGCTTTC-1",0
"TTTCCTCTCGGCCGAT-1",1
"TTTCCTCTCGTGTAGT-1",1
"TTTGCGCAGCTAAACA-1",1
"TTTGCGCAGCTAGTCT-1",0
"TTTGCGCAGGCCGAAT-1",2
"TTTGCGCAGTCAAGGC-1",2
"TTTGCGCCAAGTAGTA-1",1
"TTTGCGCCAGGTGCCT-1",1
"TTTGCGCGTCTAAACC-1",1
"TTTGCGCTCAAAGTAG-1",0
"TTTGCGCTCATGTAGC-1",3
"TTTGGTTAGAATGTGT-1",0
"TTTGGTTAGACAATAC-1",3
"TTTGGTTAGCGATTCT-1",4
"TTTGGTTAGGCTCAGA-1",1
"TTTGGTTAGTTACCCA-1",1
"TTTGGTTCAAACTGCT-1",4
"TTTGGTTCAAGCTGTT-1",7
"TTTGGTTCAGATCGGA-1",1
"TTTGGTTCATCACAAC-1",1
"TTTGGTTGTACTTCTT-1",4
"TTTGGTTGTATGCTTG-1",2
"TTTGGTTGTGCTTCTC-1",1
"TTTGGTTTCATGCTCC-1",1
"TTTGGTTTCCCTGACT-1",1
"TTTGTCAAGAGTCGGT-1",1
"TTTGTCACAAGTTCTG-1",2
"TTTGTCACAAGTTGTC-1",1
"TTTGTCACACTCTGTC-1",1
"TTTGTCATCACCTTAT-1",0
"TTTGTCATCCATTCTA-1",3
"TTTGTCATCCTTAATC-1",1
"TTTGTCATCTTATCTG-1",1
