"cell_barcode","expression"
"AAACCTGAGACAGAGA-1",0
"AAACCTGAGACTTTCG-1",1
"AAACCTGAGAGTAAGG-1",1
"AAACCTGAGAGTCGGT-1",0
"AAACCTGAGGATGGAA-1",0
"AAACCTGAGTAGATGT-1",0
"AAACCTGCAATCAGAA-1",1
"AAACCTGCACCGATAT-1",3
"AAACCTGCAGACGTAG-1",2
"AAACCTGCAGTATCTG-1",3
"AAACCTGCATAGTAAG-1",2
"AAACCTGCATGAACCT-1",2
"AAACCTGGTAAGAGGA-1",1
"AAACCTGGTCCAACTA-1",10
"AAACCTGTCCGTAGTA-1",16
"AAACCTGTCGAGAGCA-1",10
"AAACGGGAGTACGACG-1",2
"AAACGGGCAAGGTTTC-1",1
"AAACGGGCACGTCAGC-1",2
"AAACGGGCAGCGTTCG-1",3
"AAACGGGGTAGCCTCG-1",5
"AAACGGGGTCTACCTC-1",13
"AAACGGGGTGCGGTAA-1",4
"AAACGGGGTTGTCGCG-1",1
"AAACGGGTCCATGAGT-1",4
"AAACGGGTCCCAACGG-1",4
"AAACGGGTCCCATTAT-1",2
"AAAGATGCAGTCAGCC-1",0
"AAAGATGCATCTACGA-1",1
"AAAGCAAAGCGTCTAT-1",0
"AAAGCAACATGTCGAT-1",1
"AAAGCAAGTAGCTGCC-1",2
"AAAGCAAGTAGGCATG-1",0
"AAAGCAAGTGCGCTTG-1",1
"AAAGCAAGTTATTCTC-1",4
"AAAGCAATCCGTAGTA-1",5
"AAAGTAGAGATGTGTA-1",3
"AAAGTAGAGTGGGCTA-1",3
"AAAGTAGGTATATGGA-1",8
"AAAGTAGGTGAGCGAT-1",3
"AAAGTAGGTTGAGGTG-1",1
"AAATGCCAGCCCTAAT-1",4
"AAATGCCAGCGTGTCC-1",2
"AAATGCCCAACACCTA-1",4
"AAATGCCGTAGGAGTC-1",0
"AAATGCCGTCTTTCAT-1",0
"AAATGCCGTGGTCCGT-1",3
"AAATGCCGTTCCCGAG-1",1
"AAATGCCTCATAGCAC-1",4
"AAATGCCTCGCTTAGA-1",2
"AACACGTAGAATTCCC-1",12
"AACACGTAGCCCTAAT-1",3
"AACACGTAGGGTGTGT-1",1
"AACACGTCACTGTCGG-1",0
"AACACGTCATCCCATC-1",2
"AACACGTGTGCAACGA-1",1
"AACACGTGTGTCGCTG-1",4
"AACCATGAGCGCTTAT-1",1
"AACCATGGTCCGTTAA-1",0
"AACCATGTCAGTTCGA-1",3
"AACCATGTCATCGATG-1",0
"AACCATGTCCCAAGTA-1",2
"AACCGCGAGAAGCCCA-1",9
"AACCGCGAGACTGGGT-1",7
"AACCGCGAGAGGTACC-1",0
"AACCGCGAGTTAGGTA-1",0
"AACCGCGAGTTGCAGG-1",1
"AACCGCGCACGGTAGA-1",0
"AACCGCGCAGCATGAG-1",4
"AACCGCGCAGCCTGTG-1",0
"AACCGCGCAGCTGTGC-1",0
"AACCGCGCAGTATGCT-1",2
"AACCGCGGTACTTGAC-1",5
"AACCGCGGTCTGCAAT-1",3
"AACCGCGTCACATGCA-1",1
"AACCGCGTCACCGTAA-1",1
"AACCGCGTCCAGAGGA-1",4
"AACCGCGTCCGAAGAG-1",0
"AACCGCGTCGATCCCT-1",0
"AACGTTGAGCGATAGC-1",4
"AACGTTGAGCGATCCC-1",3
"AACGTTGAGCTTATCG-1",0
"AACGTTGCAAGTTGTC-1",5
"AACGTTGCAATAGAGT-1",16
"AACGTTGCAATGGATA-1",1
"AACGTTGCATGGATGG-1",2
"AACGTTGCATTCTCAT-1",1
"AACGTTGTCAACACGT-1",19
"AACGTTGTCGAGGTAG-1",2
"AACGTTGTCGGTCCGA-1",5
"AACTCAGAGAGCTATA-1",1
"AACTCAGAGAGTCGGT-1",2
"AACTCAGAGCCACCTG-1",1
"AACTCAGAGCCCAATT-1",4
"AACTCAGCAAACAACA-1",2
"AACTCAGCACAAGCCC-1",4
"AACTCAGCACGGTTTA-1",3
"AACTCAGCAGGATCGA-1",3
"AACTCAGCATAAAGGT-1",1
"AACTCAGGTTCCACAA-1",4
"AACTCAGTCGTACCGG-1",2
"AACTCCCAGCCCAGCT-1",5
"AACTCCCAGCTAAGAT-1",5
"AACTCCCCAAACGCGA-1",0
"AACTCCCCATGGTCTA-1",3
"AACTCCCGTTGCGCAC-1",3
"AACTCCCTCAAGAAGT-1",8
"AACTCCCTCAAGCCTA-1",1
"AACTCCCTCATCGCTC-1",1
"AACTCCCTCTGCAGTA-1",4
"AACTCCCTCTGGCGTG-1",1
"AACTCTTAGCAGACTG-1",1
"AACTCTTAGTCCGGTC-1",1
"AACTCTTCATGCTAGT-1",1
"AACTCTTGTCGAATCT-1",1
"AACTCTTGTCGGGTCT-1",3
"AACTCTTTCCTCAATT-1",3
"AACTCTTTCTCAAACG-1",2
"AACTCTTTCTCCAGGG-1",7
"AACTCTTTCTCTGCTG-1",0
"AACTGGTAGAAGATTC-1",5
"AACTGGTAGAGACTAT-1",4
"AACTGGTAGCCAACAG-1",3
"AACTGGTAGTGTACTC-1",1
"AACTGGTCACTGAAGG-1",2
"AACTGGTGTCCGAACC-1",0
"AACTGGTTCGGAGCAA-1",3
"AACTGGTTCGTGGGAA-1",1
"AACTGGTTCTGCTTGC-1",0
"AACTTTCAGCGTGAAC-1",1
"AACTTTCAGTATCTCG-1",1
"AACTTTCAGTTTCCTT-1",0
"AACTTTCCATCCTTGC-1",2
"AACTTTCGTCTAGAGG-1",2
"AACTTTCGTCTCTTTA-1",0
"AACTTTCGTTTGTTTC-1",1
"AAGACCTAGGGCTTCC-1",1
"AAGACCTAGTACACCT-1",1
"AAGACCTGTATATGAG-1",2
"AAGACCTGTATCAGTC-1",0
"AAGACCTGTCCGTGAC-1",3
"AAGACCTGTCGAAAGC-1",1
"AAGACCTTCGCCATAA-1",0
"AAGCCGCAGATCTGAA-1",1
"AAGCCGCAGGGTGTTG-1",3
"AAGCCGCAGTGGACGT-1",2
"AAGCCGCAGTGTACTC-1",2
"AAGCCGCCACGCTTTC-1",5
"AAGCCGCCAGGACGTA-1",1
"AAGCCGCGTACAGTTC-1",6
"AAGCCGCGTCATTAGC-1",0
"AAGCCGCTCACGAAGG-1",4
"AAGCCGCTCAGTTAGC-1",3
"AAGCCGCTCGCAAACT-1",0
"AAGCCGCTCGTCGTTC-1",7
"AAGCCGCTCTTACCGC-1",3
"AAGGAGCAGAAACCGC-1",2
"AAGGAGCAGGCATGTG-1",4
"AAGGAGCAGGCGCTCT-1",2
"AAGGAGCAGTTGAGTA-1",1
"AAGGAGCCACGGCGTT-1",0
"AAGGAGCGTAGCGCAA-1",1
"AAGGAGCGTCTGCAAT-1",2
"AAGGAGCTCGTCTGCT-1",4
"AAGGCAGAGAACTGTA-1",6
"AAGGCAGAGAGATGAG-1",1
"AAGGCAGAGGTGATAT-1",1
"AAGGCAGCATAGTAAG-1",0
"AAGGCAGGTACTTCTT-1",18
"AAGGCAGGTGTGCCTG-1",2
"AAGGCAGTCAGATAAG-1",4
"AAGGCAGTCGGAATCT-1",4
"AAGGTTCAGTATCTCG-1",3
"AAGGTTCCATCACGTA-1",14
"AAGGTTCGTATATGGA-1",2
"AAGGTTCGTCCGAATT-1",5
"AAGGTTCGTCGACTAT-1",5
"AAGGTTCGTGTGACCC-1",1
"AAGGTTCTCCGTCATC-1",0
"AAGGTTCTCCTCGCAT-1",3
"AAGGTTCTCTGCGGCA-1",2
"AAGTCTGAGCCATCGC-1",2
"AAGTCTGAGTCAAGCG-1",1
"AAGTCTGCAAAGGAAG-1",13
"AAGTCTGGTCAGCTAT-1",3
"AAGTCTGTCAAACAAG-1",2
"AAGTCTGTCACTGGGC-1",4
"AAGTCTGTCAGCAACT-1",1
"AATCCAGCAAAGTGCG-1",1
"AATCCAGCAGCATACT-1",1
"AATCCAGGTAGGCATG-1",1
"AATCCAGGTCTCCCTA-1",2
"AATCCAGTCCGAATGT-1",17
"AATCGGTAGGCATGGT-1",1
"AATCGGTTCCTGTACC-1",2
"AATCGGTTCGCCGTGA-1",12
"ACACCAAAGATGAGAG-1",2
"ACACCAAAGCCCTAAT-1",2
"ACACCAAAGGATGGTC-1",0
"ACACCAAAGTGTCCAT-1",5
"ACACCAACACTTCGAA-1",1
"ACACCAACAGACGCTC-1",1
"ACACCAACAGCCTATA-1",14
"ACACCAAGTCGCGTGT-1",3
"ACACCAAGTCTAAACC-1",0
"ACACCAAGTTATGTGC-1",1
"ACACCAATCGCGTTTC-1",1
"ACACCCTAGCCAGGAT-1",10
"ACACCCTAGTACTTGC-1",11
"ACACCCTCAAGCGCTC-1",2
"ACACCCTCATCACAAC-1",1
"ACACCCTCATGCCCGA-1",3
"ACACCCTGTCTGGTCG-1",1
"ACACCCTTCCGCAAGC-1",3
"ACACCCTTCCTTGCCA-1",2
"ACACCCTTCTATCCTA-1",3
"ACACCCTTCTGGCGTG-1",1
"ACACCGGAGGCTCAGA-1",1
"ACACCGGAGTGACATA-1",0
"ACACCGGAGTTACCCA-1",6
"ACACCGGCAAGCCGTC-1",0
"ACACCGGCACCAGATT-1",13
"ACACCGGCACCGAAAG-1",0
"ACACCGGCATCACAAC-1",2
"ACACCGGTCCGCATAA-1",1
"ACACCGGTCTCGGACG-1",1
"ACACCGGTCTCTGTCG-1",2
"ACACTGAAGCACGCCT-1",0
"ACACTGAAGGTGATTA-1",1
"ACACTGACAATAGAGT-1",3
"ACACTGACAGACTCGC-1",16
"ACACTGACATCCAACA-1",2
"ACACTGAGTCCGAAGA-1",2
"ACACTGAGTGTTTGTG-1",1
"ACACTGAGTTTGACTG-1",6
"ACAGCCGAGGAATGGA-1",0
"ACAGCCGAGGCCCGTT-1",2
"ACAGCCGAGGTGCTTT-1",5
"ACAGCCGAGTGGTAGC-1",0
"ACAGCCGCATATACGC-1",0
"ACAGCCGCATGCAACT-1",2
"ACAGCCGGTAGGGTAC-1",0
"ACAGCCGGTCGAATCT-1",4
"ACAGCCGGTTCACCTC-1",2
"ACAGCCGGTTCCACTC-1",0
"ACAGCCGTCCAGAAGG-1",5
"ACAGCCGTCTTTACAC-1",5
"ACAGCTAAGCACCGCT-1",0
"ACAGCTAAGTATCTCG-1",0
"ACAGCTAAGTGTTGAA-1",2
"ACAGCTACATCGTCGG-1",0
"ACAGCTAGTCGACTAT-1",2
"ACAGCTAGTGGTACAG-1",2
"ACAGCTATCACCACCT-1",2
"ACAGCTATCTGCTTGC-1",3
"ACATACGAGAGCTTCT-1",2
"ACATACGAGCGTAGTG-1",2
"ACATACGAGCTTCGCG-1",4
"ACATACGAGCTTTGGT-1",0
"ACATACGCAAACGTGG-1",12
"ACATACGCAAGCCTAT-1",2
"ACATACGCATCTCCCA-1",3
"ACATACGCATTCTCAT-1",2
"ACATACGGTAGGAGTC-1",1
"ACATACGGTGCACCAC-1",4
"ACATACGGTGGTTTCA-1",3
"ACATACGTCGTATCAG-1",5
"ACATCAGAGCCACTAT-1",2
"ACATCAGAGCCTTGAT-1",4
"ACATCAGCAACACCCG-1",10
"ACATCAGCAACGATGG-1",9
"ACATCAGCAATTGCTG-1",3
"ACATCAGCACCGGAAA-1",2
"ACATCAGCATAAAGGT-1",0
"ACATCAGCATCCCACT-1",3
"ACATCAGCATTTGCCC-1",7
"ACATCAGGTAAGGATT-1",3
"ACATCAGGTCCGTGAC-1",4
"ACATCAGGTTAAGTAG-1",0
"ACATCAGTCAAACCGT-1",1
"ACATGGTAGCATGGCA-1",3
"ACATGGTAGCTGTTCA-1",0
"ACATGGTCACTTGGAT-1",1
"ACATGGTGTCAGATAA-1",1
"ACATGGTGTCTGCGGT-1",0
"ACATGGTGTGCAACTT-1",2
"ACATGGTTCCGCAAGC-1",0
"ACATGGTTCCTCCTAG-1",2
"ACATGGTTCTGGAGCC-1",2
"ACATGGTTCTTCTGGC-1",3
"ACCAGTAAGATCACGG-1",3
"ACCAGTAAGCTTCGCG-1",4
"ACCAGTACACAGATTC-1",2
"ACCAGTACACAGGCCT-1",1
"ACCAGTACAGTATGCT-1",0
"ACCAGTACAGTCAGAG-1",5
"ACCAGTACAGTTTACG-1",2
"ACCAGTAGTCACCCAG-1",2
"ACCAGTAGTCCATCCT-1",1
"ACCAGTAGTCTTCAAG-1",0
"ACCAGTAGTGGACGAT-1",0
"ACCAGTATCTGCGACG-1",1
"ACCAGTATCTGCTTGC-1",1
"ACCAGTATCTGTTTGT-1",1
"ACCCACTAGAGGTTAT-1",5
"ACCCACTAGATCCCGC-1",21
"ACCCACTAGATGTGTA-1",5
"ACCCACTAGCCCAATT-1",3
"ACCCACTCAAGGGTCA-1",0
"ACCCACTCAAGGTTCT-1",3
"ACCCACTGTAAATGAC-1",1
"ACCCACTGTAGCCTCG-1",1
"ACCCACTGTCAAAGAT-1",2
"ACCCACTGTCAATACC-1",1
"ACCCACTGTGTGGTTT-1",1
"ACCCACTTCGCAAACT-1",2
"ACCCACTTCTGCCAGG-1",3
"ACCGTAACAATCGGTT-1",1
"ACCGTAACAATCTACG-1",4
"ACCGTAACAGGTCCAC-1",2
"ACCGTAAGTACAGCAG-1",1
"ACCGTAAGTCATGCAT-1",2
"ACCGTAAGTGAGTGAC-1",2
"ACCGTAAGTTAAGAAC-1",3
"ACCGTAAGTTCCGTCT-1",0
"ACCGTAATCACATAGC-1",2
"ACCGTAATCATGTGGT-1",1
"ACCGTAATCTGAAAGA-1",3
"ACCTTTACAATCGGTT-1",1
"ACCTTTACACGGACAA-1",2
"ACCTTTACAGCAGTTT-1",4
"ACCTTTACATGCAACT-1",0
"ACCTTTACATTTCAGG-1",5
"ACCTTTAGTGAACCTT-1",0
"ACCTTTAGTTCCACTC-1",7
"ACCTTTATCTCTAGGA-1",5
"ACGAGCCAGGCAGGTT-1",3
"ACGAGCCCACAGGCCT-1",4
"ACGAGCCCATGGAATA-1",2
"ACGAGCCGTGCACGAA-1",3
"ACGAGCCGTGTGACCC-1",2
"ACGAGCCGTTGGTTTG-1",5
"ACGAGCCTCAGTCCCT-1",0
"ACGAGCCTCGCAAACT-1",0
"ACGAGGACACTACAGT-1",2
"ACGAGGACATGTAGTC-1",13
"ACGAGGAGTACACCGC-1",2
"ACGAGGAGTGCCTGCA-1",1
"ACGAGGAGTTCTGAAC-1",4
"ACGAGGATCTGCGGCA-1",1
"ACGATACAGAGTGACC-1",0
"ACGATACAGCGCCTTG-1",0
"ACGATACAGTGATCGG-1",1
"ACGATACCACGTTGGC-1",2
"ACGATACCATTGGGCC-1",0
"ACGATACGTCGAATCT-1",1
"ACGATACTCTGACCTC-1",9
"ACGATGTAGTGCGATG-1",3
"ACGATGTAGTTGAGAT-1",4
"ACGATGTCAACGCACC-1",0
"ACGATGTCACACGCTG-1",1
"ACGATGTGTATTCTCT-1",5
"ACGATGTGTCAGTGGA-1",0
"ACGATGTGTGACTACT-1",0
"ACGATGTGTGTCGCTG-1",1
"ACGATGTTCGCGTAGC-1",5
"ACGATGTTCTCTTATG-1",1
"ACGCAGCAGCGGCTTC-1",0
"ACGCAGCAGCTGCGAA-1",3
"ACGCAGCAGTGTACGG-1",2
"ACGCAGCCACCTCGTT-1",1
"ACGCAGCCATCGACGC-1",1
"ACGCAGCCATTACCTT-1",0
"ACGCAGCGTCCATGAT-1",1
"ACGCAGCGTCTACCTC-1",0
"ACGCAGCGTCTGGTCG-1",2
"ACGCAGCGTGCGATAG-1",1
"ACGCCAGCAAAGCAAT-1",3
"ACGCCAGCAACGCACC-1",2
"ACGCCAGCACGAGAGT-1",1
"ACGCCAGCAGTGAGTG-1",1
"ACGCCAGGTGCACTTA-1",5
"ACGCCAGGTGTGCGTC-1",2
"ACGCCAGTCACAGGCC-1",8
"ACGCCAGTCAGTGTTG-1",6
"ACGCCGAAGAAACGCC-1",1
"ACGCCGAAGATCTGCT-1",3
"ACGCCGACAGCCTGTG-1",1
"ACGCCGAGTTCCAACA-1",2
"ACGCCGATCCTATGTT-1",1
"ACGCCGATCGCAGGCT-1",10
"ACGCCGATCTTGTATC-1",2
"ACGGAGAAGCCAGTTT-1",2
"ACGGAGAAGGTCATCT-1",4
"ACGGAGACACACATGT-1",8
"ACGGAGACAGCCTGTG-1",1
"ACGGAGACAGCGTAAG-1",1
"ACGGAGACAGTAAGCG-1",3
"ACGGAGAGTGTGACGA-1",7
"ACGGAGATCCACGAAT-1",1
"ACGGCCACACATCCAA-1",0
"ACGGCCACACATTCGA-1",10
"ACGGCCAGTACCGTAT-1",1
"ACGGCCAGTGTATGGG-1",2
"ACGGCCATCACGGTTA-1",1
"ACGGCCATCAGTGTTG-1",1
"ACGGCCATCTACTATC-1",8
"ACGGGCTAGGATCGCA-1",1
"ACGGGCTAGGTTCCTA-1",3
"ACGGGCTAGTGGCACA-1",3
"ACGGGCTCATCTGGTA-1",2
"ACGGGCTGTGAGGCTA-1",1
"ACGGGCTTCCGAACGC-1",0
"ACGGGTCAGATGCCAG-1",1
"ACGGGTCCATGATCCA-1",1
"ACGGGTCCATTAGGCT-1",3
"ACGGGTCCATTTCACT-1",0
"ACGGGTCGTTAGGGTG-1",1
"ACGGGTCTCAACACCA-1",4
"ACGGGTCTCCACGCAG-1",1
"ACGTCAAAGGGCTTCC-1",1
"ACGTCAAAGTGGTAAT-1",1
"ACGTCAACAACTGCGC-1",0
"ACGTCAACACAAGACG-1",3
"ACGTCAAGTAGCTCCG-1",1
"ACGTCAAGTGTCGCTG-1",0
"ACGTCAAGTTATGCGT-1",1
"ACGTCAATCAACCAAC-1",1
"ACGTCAATCATAACCG-1",4
"ACGTCAATCCAGAAGG-1",4
"ACGTCAATCTAACTCT-1",0
"ACTATCTAGAGGTTAT-1",2
"ACTATCTAGATACACA-1",0
"ACTATCTAGGAGTAGA-1",1
"ACTATCTAGGCATGTG-1",0
"ACTATCTCAAATACAG-1",1
"ACTATCTCAAATTGCC-1",2
"ACTATCTGTAGGGACT-1",3
"ACTATCTGTCGCGTGT-1",3
"ACTATCTGTGCACGAA-1",3
"ACTATCTGTGGTTTCA-1",2
"ACTATCTTCGCCGTGA-1",0
"ACTGAACAGAGTGAGA-1",0
"ACTGAACAGATCCCGC-1",1
"ACTGAACAGGTGATAT-1",2
"ACTGAACCAAAGCGGT-1",0
"ACTGAACCAAGCGAGT-1",4
"ACTGAACCAATTCCTT-1",4
"ACTGAACCAGCTGGCT-1",3
"ACTGAACCAGTCTTCC-1",2
"ACTGAACCATTACCTT-1",1
"ACTGAACGTAAGCACG-1",3
"ACTGAACGTAATCGTC-1",0
"ACTGAACGTCCAGTAT-1",0
"ACTGAACGTCTGATCA-1",0
"ACTGAACTCCCACTTG-1",0
"ACTGAGTAGCCGGTAA-1",0
"ACTGAGTCAGTGGGAT-1",12
"ACTGAGTCATTTGCCC-1",7
"ACTGAGTGTAGAGCTG-1",11
"ACTGAGTGTTGTGGCC-1",2
"ACTGAGTTCAGGTTCA-1",0
"ACTGATGAGACAGACC-1",5
"ACTGATGAGCGGATCA-1",2
"ACTGATGAGGTGCTTT-1",3
"ACTGATGCAGCAGTTT-1",0
"ACTGATGCATCACAAC-1",1
"ACTGATGGTCATGCAT-1",8
"ACTGATGTCACAATGC-1",5
"ACTGATGTCACTCCTG-1",1
"ACTGATGTCCCTGACT-1",2
"ACTGATGTCCGCTGTT-1",0
"ACTGATGTCCGGCACA-1",3
"ACTGATGTCCTATTCA-1",1
"ACTGCTCAGAGCTTCT-1",1
"ACTGCTCAGATGCCTT-1",0
"ACTGCTCCACACCGCA-1",2
"ACTGCTCCAGATGGGT-1",1
"ACTGCTCCATGCCTAA-1",3
"ACTGCTCGTAGGCATG-1",2
"ACTGCTCGTATCACCA-1",1
"ACTGCTCGTCCGAAGA-1",0
"ACTGCTCTCCGAGCCA-1",5
"ACTGTCCAGAGGGCTT-1",1
"ACTGTCCAGCAGCGTA-1",3
"ACTGTCCAGGCATGGT-1",2
"ACTGTCCCAAGGTTTC-1",7
"ACTGTCCCAAGTACCT-1",4
"ACTGTCCCAGTATCTG-1",0
"ACTGTCCCATAGAAAC-1",2
"ACTGTCCGTTGAGGTG-1",1
"ACTGTCCTCCACGTGG-1",0
"ACTGTCCTCCTTGGTC-1",0
"ACTGTCCTCTCTGTCG-1",0
"ACTTACTAGCGATAGC-1",1
"ACTTACTAGGGATGGG-1",0
"ACTTACTCACAGACAG-1",1
"ACTTACTCACATTTCT-1",0
"ACTTACTGTACTCAAC-1",1
"ACTTACTGTTCCACAA-1",0
"ACTTACTTCATCGGAT-1",1
"ACTTGTTAGACAAGCC-1",1
"ACTTGTTAGCTAGCCC-1",3
"ACTTGTTAGTTACCCA-1",8
"ACTTGTTCACGACGAA-1",2
"ACTTGTTCACGGCTAC-1",2
"ACTTGTTGTATCGCAT-1",0
"ACTTGTTGTGGTAACG-1",3
"ACTTGTTGTTGTGGAG-1",2
"ACTTGTTTCATCACCC-1",0
"ACTTTCACATGGTCAT-1",2
"ACTTTCAGTGACTACT-1",1
"ACTTTCATCGCCAGCA-1",0
"AGAATAGAGCTGAACG-1",0
"AGAATAGAGCTGTCTA-1",2
"AGAATAGAGGTAGCTG-1",0
"AGAATAGCATGGTCTA-1",4
"AGAATAGGTAATCGTC-1",5
"AGAATAGGTATTCTCT-1",6
"AGAATAGGTGCGGTAA-1",1
"AGAATAGGTTAAGAAC-1",0
"AGAATAGTCAGGCCCA-1",5
"AGACGTTAGAATGTGT-1",0
"AGACGTTAGCTCCTCT-1",4
"AGACGTTAGTGCCAGA-1",3
"AGACGTTCAGGATCGA-1",3
"AGACGTTGTAGCTGCC-1",1
"AGACGTTGTCTGCAAT-1",2
"AGACGTTGTTCTGTTT-1",4
"AGACGTTTCGCATGGC-1",2
"AGACGTTTCGCTTAGA-1",3
"AGAGCGACAACTTGAC-1",0
"AGAGCGACAAGTACCT-1",3
"AGAGCGACACAACGTT-1",17
"AGAGCGACATGAGCGA-1",1
"AGAGCGAGTCAGTGGA-1",2
"AGAGCGAGTCGACTGC-1",3
"AGAGCGAGTTGAGTTC-1",1
"AGAGCGATCGCGTAGC-1",1
"AGAGCGATCTATCCTA-1",4
"AGAGCGATCTCGCTTG-1",1
"AGAGCTTAGCCGTCGT-1",1
"AGAGCTTAGTACACCT-1",0
"AGAGCTTAGTCATGCT-1",1
"AGAGCTTGTAGAGCTG-1",1
"AGAGCTTGTATCACCA-1",2
"AGAGCTTTCACTATTC-1",6
"AGAGCTTTCCTGCAGG-1",5
"AGAGCTTTCGCAAACT-1",2
"AGAGCTTTCGCTTAGA-1",3
"AGAGTGGAGAGCCTAG-1",2
"AGAGTGGAGGCCCTTG-1",1
"AGAGTGGAGGTACTCT-1",2
"AGAGTGGCACAAGACG-1",4
"AGAGTGGCACCTCGTT-1",3
"AGAGTGGCATCCGGGT-1",4
"AGAGTGGCATCTGGTA-1",1
"AGAGTGGGTCAGCTAT-1",2
"AGAGTGGGTCCTCCAT-1",9
"AGAGTGGGTCTAGTCA-1",4
"AGAGTGGGTTACCGAT-1",2
"AGATCTGAGGTGGGTT-1",0
"AGATCTGAGTCAAGGC-1",2
"AGATCTGCAATGTTGC-1",0
"AGATCTGTCGAATCCA-1",2
"AGATCTGTCTGCAGTA-1",2
"AGATTGCAGGCTACGA-1",1
"AGATTGCCACGACGAA-1",1
"AGATTGCCAGATGGGT-1",2
"AGATTGCGTAGAGCTG-1",4
"AGATTGCGTGATGTCT-1",2
"AGATTGCGTGTTCGAT-1",2
"AGATTGCGTTCACGGC-1",3
"AGATTGCTCACTGGGC-1",1
"AGATTGCTCATCTGTT-1",0
"AGCAGCCAGCTGATAA-1",1
"AGCAGCCCACCGAAAG-1",0
"AGCAGCCGTCGACTGC-1",0
"AGCAGCCGTCGCTTTC-1",2
"AGCAGCCGTCTAACGT-1",1
"AGCAGCCGTGTGAAAT-1",7
"AGCAGCCGTTTGTTGG-1",1
"AGCAGCCTCCAAACAC-1",2
"AGCATACAGTGGTAGC-1",10
"AGCATACAGTTGTCGT-1",3
"AGCATACGTCTTCTCG-1",1
"AGCATACGTTAAGTAG-1",3
"AGCATACTCCGTTGCT-1",4
"AGCCTAAAGATATGGT-1",1
"AGCCTAACAAAGCGGT-1",0
"AGCCTAACAGATAATG-1",5
"AGCCTAAGTACGAAAT-1",3
"AGCCTAAGTCACCTAA-1",2
"AGCCTAAGTGTGCCTG-1",1
"AGCCTAATCACCCGAG-1",2
"AGCCTAATCCAATGGT-1",1
"AGCCTAATCCTTGGTC-1",1
"AGCCTAATCTGTGCAA-1",4
"AGCCTAATCTGTTTGT-1",2
"AGCGGTCAGCGAAGGG-1",1
"AGCGGTCAGGTACTCT-1",14
"AGCGGTCAGTGACTCT-1",5
"AGCGGTCCAGCCTTGG-1",0
"AGCGGTCGTCCTAGCG-1",0
"AGCGGTCGTGGTGTAG-1",2
"AGCGGTCGTTAAGGGC-1",2
"AGCGGTCGTTTGCATG-1",3
"AGCGGTCTCCGAAGAG-1",3
"AGCGGTCTCCTCAATT-1",4
"AGCGGTCTCTGGGCCA-1",2
"AGCGTATAGAACTGTA-1",2
"AGCGTATAGCGATGAC-1",1
"AGCGTATAGGTACTCT-1",2
"AGCGTATGTTGAGGTG-1",1
"AGCGTATTCCAGAGGA-1",2
"AGCGTCGAGTTGAGTA-1",0
"AGCGTCGCAGGGATTG-1",3
"AGCGTCGTCTGAAAGA-1",2
"AGCTCCTAGACCTAGG-1",0
"AGCTCCTAGCGTTTAC-1",5
"AGCTCCTGTGTTTGTG-1",1
"AGCTCCTGTTGTCTTT-1",0
"AGCTCCTTCCGAATGT-1",4
"AGCTCCTTCTTGACGA-1",1
"AGCTCTCAGCGGATCA-1",4
"AGCTCTCAGCTGTTCA-1",13
"AGCTCTCAGGTGCTAG-1",2
"AGCTCTCCATACAGCT-1",1
"AGCTCTCGTCAGAGGT-1",4
"AGCTCTCGTGGGTCAA-1",2
"AGCTCTCTCACAACGT-1",1
"AGCTCTCTCTTGACGA-1",8
"AGCTTGAAGCATCATC-1",2
"AGCTTGAAGTAGCGGT-1",3
"AGCTTGAAGTTGTCGT-1",2
"AGCTTGACAATCCAAC-1",0
"AGCTTGACACCGATAT-1",2
"AGCTTGAGTCTACCTC-1",1
"AGCTTGAGTGCGCTTG-1",2
"AGCTTGAGTTACGCGC-1",2
"AGCTTGATCCTGCCAT-1",1
"AGCTTGATCTGCAAGT-1",0
"AGGCCACAGAGTAAGG-1",2
"AGGCCACAGGGTCTCC-1",1
"AGGCCACAGTACTTGC-1",14
"AGGCCACCAGGACCCT-1",1
"AGGCCACCATCAGTCA-1",2
"AGGCCACTCATGCTCC-1",0
"AGGCCACTCATGGTCA-1",0
"AGGCCACTCATTGCGA-1",0
"AGGCCGTAGGATCGCA-1",1
"AGGCCGTCACGTAAGG-1",4
"AGGCCGTCAGCTCGAC-1",2
"AGGCCGTCATCGTCGG-1",5
"AGGCCGTTCACGGTTA-1",3
"AGGCCGTTCGAACTGT-1",47
"AGGCCGTTCTCAAGTG-1",0
"AGGCCGTTCTGCTTGC-1",0
"AGGGAGTAGCCCAACC-1",4
"AGGGAGTAGGAGTACC-1",3
"AGGGAGTAGGCAGGTT-1",4
"AGGGAGTCACGAGAGT-1",2
"AGGGAGTCAGAAGCAC-1",0
"AGGGAGTCAGATCCAT-1",2
"AGGGAGTCATCGACGC-1",3
"AGGGAGTCATGCTAGT-1",1
"AGGGAGTGTCCATGAT-1",4
"AGGGAGTTCATAACCG-1",0
"AGGGATGAGCTCTCGG-1",5
"AGGGATGAGGAGTAGA-1",1
"AGGGATGAGTAGCGGT-1",1
"AGGGATGCAATGAATG-1",3
"AGGGATGCAATGGAGC-1",2
"AGGGATGCACAAGACG-1",3
"AGGGATGCACATTTCT-1",3
"AGGGATGCATGGTCTA-1",0
"AGGGATGGTTAAAGTG-1",2
"AGGGATGGTTATGCGT-1",17
"AGGGATGTCGTGACAT-1",8
"AGGGTGAAGATGGCGT-1",5
"AGGGTGAAGATGGGTC-1",3
"AGGGTGAAGGCTCAGA-1",8
"AGGGTGACACGAGAGT-1",1
"AGGGTGACAGATGGCA-1",2
"AGGGTGACAGATTGCT-1",2
"AGGGTGAGTACTCTCC-1",1
"AGGGTGAGTTATCGGT-1",0
"AGGGTGAGTTCTGAAC-1",8
"AGGGTGATCTCGCTTG-1",1
"AGGTCATAGAGCCCAA-1",2
"AGGTCATAGCCAGAAC-1",5
"AGGTCATAGGCATGGT-1",1
"AGGTCATAGGGAGTAA-1",2
"AGGTCATCACTCAGGC-1",3
"AGGTCATCACTCTGTC-1",1
"AGGTCATGTTCCACTC-1",10
"AGGTCATTCTCGTTTA-1",2
"AGGTCCGAGGATGCGT-1",10
"AGGTCCGCAACACGCC-1",4
"AGGTCCGGTGATGCCC-1",2
"AGGTCCGTCCATGAAC-1",17
"AGGTCCGTCGCCCTTA-1",1
"AGGTCCGTCTGCGTAA-1",3
"AGTAGTCAGACTGTAA-1",1
"AGTAGTCAGTACGACG-1",2
"AGTAGTCAGTTTAGGA-1",0
"AGTAGTCCAACTGGCC-1",0
"AGTAGTCGTGCAGACA-1",16
"AGTAGTCTCACCCGAG-1",3
"AGTCTTTAGGCAGTCA-1",0
"AGTCTTTCAAATCCGT-1",2
"AGTCTTTCATATACCG-1",0
"AGTCTTTGTGCTTCTC-1",7
"AGTCTTTGTGTCCTCT-1",10
"AGTCTTTGTTTGTTTC-1",2
"AGTCTTTTCGCAGGCT-1",3
"AGTCTTTTCGCGTAGC-1",1
"AGTCTTTTCGCTAGCG-1",3
"AGTCTTTTCGCTTGTC-1",3
"AGTCTTTTCTGACCTC-1",2
"AGTGAGGAGATAGCAT-1",11
"AGTGAGGCAGGTGCCT-1",2
"AGTGAGGGTATGAAAC-1",1
"AGTGAGGGTCACTTCC-1",2
"AGTGAGGGTCGCGAAA-1",0
"AGTGAGGGTTATGTGC-1",1
"AGTGAGGTCTACTATC-1",2
"AGTGGGAAGCAGACTG-1",1
"AGTGGGACAAACGCGA-1",0
"AGTGGGACAAGCCGTC-1",3
"AGTGGGACACAGGAGT-1",0
"AGTGGGACACGAGAGT-1",2
"AGTGGGATCATCGATG-1",5
"AGTGGGATCCACGAAT-1",1
"AGTGGGATCCTGCAGG-1",7
"AGTGTCAAGAAGCCCA-1",2
"AGTGTCAAGCTAGTCT-1",6
"AGTGTCAAGTACGACG-1",0
"AGTGTCAAGTGAACAT-1",0
"AGTGTCACACCATCCT-1",0
"AGTGTCACAGTAAGCG-1",1
"AGTGTCACAGTGGAGT-1",1
"AGTGTCAGTAAACCTC-1",1
"AGTGTCAGTACAGCAG-1",1
"AGTGTCAGTCTCCACT-1",1
"AGTGTCAGTTTGACTG-1",11
"AGTGTCATCAAAGTAG-1",2
"AGTGTCATCCGTCAAA-1",0
"AGTGTCATCGTTACAG-1",1
"AGTGTCATCTGTCAAG-1",1
"AGTTGGTAGACTGTAA-1",2
"AGTTGGTAGTACGCGA-1",9
"AGTTGGTCAAATTGCC-1",4
"AGTTGGTCAGGAATGC-1",2
"AGTTGGTCATGCGCAC-1",9
"AGTTGGTGTACCGTAT-1",10
"AGTTGGTGTATGCTTG-1",4
"AGTTGGTGTCAGGACA-1",6
"AGTTGGTGTTCAGACT-1",2
"AGTTGGTTCAGTACGT-1",10
"AGTTGGTTCCTCAACC-1",6
"AGTTGGTTCGTACCGG-1",1
"AGTTGGTTCTGTCCGT-1",6
"ATAACGCAGTTGAGTA-1",6
"ATAACGCCACGTGAGA-1",1
"ATAACGCGTGAACCTT-1",4
"ATAACGCGTGTCCTCT-1",1
"ATAACGCGTGTGAAAT-1",1
"ATAACGCTCTCCGGTT-1",1
"ATAAGAGAGTCCGGTC-1",1
"ATAAGAGCAACTGCGC-1",0
"ATAAGAGCAGTATCTG-1",2
"ATAAGAGGTGACGCCT-1",1
"ATAAGAGGTTAAAGTG-1",3
"ATAAGAGTCAGCACAT-1",0
"ATAAGAGTCAGTGCAT-1",4
"ATAGACCAGAGAGCTC-1",1
"ATAGACCAGCCCAATT-1",4
"ATAGACCCAAGCCATT-1",6
"ATAGACCCATCTGGTA-1",2
"ATAGACCGTATATGGA-1",0
"ATAGACCGTGGACGAT-1",0
"ATAGACCGTGGCGAAT-1",2
"ATAGACCGTTTCGCTC-1",2
"ATCACGAAGAACTCGG-1",3
"ATCACGAAGACACGAC-1",2
"ATCACGAAGTTACCCA-1",1
"ATCACGACAAGACACG-1",2
"ATCACGACAAGCGTAG-1",1
"ATCACGACACACATGT-1",1
"ATCACGACACCACCAG-1",1
"ATCACGACACGGTAAG-1",0
"ATCACGACAGCGAACA-1",4
"ATCACGATCCCGACTT-1",2
"ATCACGATCGGTGTCG-1",0
"ATCATCTAGCCTATGT-1",1
"ATCATCTAGGCCATAG-1",14
"ATCATCTAGTACTTGC-1",1
"ATCATCTCAGACGCCT-1",3
"ATCATCTCATCCGTGG-1",0
"ATCATCTGTATTACCG-1",1
"ATCATCTGTCACTTCC-1",0
"ATCATCTTCAGCGACC-1",1
"ATCATCTTCCTCAACC-1",9
"ATCATGGCAAGCGTAG-1",0
"ATCATGGCAAGGTTCT-1",3
"ATCATGGCACTACAGT-1",3
"ATCATGGGTAAGGGAA-1",4
"ATCATGGGTTGTGGCC-1",1
"ATCATGGTCAATAAGG-1",0
"ATCATGGTCCAATGGT-1",0
"ATCATGGTCGCCATAA-1",3
"ATCATGGTCGGTTAAC-1",2
"ATCCACCAGCTAGTCT-1",8
"ATCCACCAGGCTCTTA-1",1
"ATCCACCCAAACGTGG-1",2
"ATCCACCCAGTTAACC-1",1
"ATCCACCGTCCGAAGA-1",1
"ATCCACCGTTTGTTTC-1",0
"ATCCACCTCCTGCTTG-1",2
"ATCCACCTCCTTAATC-1",4
"ATCCACCTCTGGTATG-1",2
"ATCCGAAAGCGATGAC-1",1
"ATCCGAAAGCTAGGCA-1",7
"ATCCGAACAAACGTGG-1",0
"ATCCGAACAACAACCT-1",1
"ATCCGAACAAGGACTG-1",1
"ATCCGAACACCCATTC-1",3
"ATCCGAACACGGTAGA-1",1
"ATCCGAAGTAGCGCTC-1",5
"ATCCGAAGTCATTAGC-1",1
"ATCCGAAGTCTCTTAT-1",0
"ATCCGAATCCAACCAA-1",3
"ATCCGAATCCTTGACC-1",1
"ATCCGAATCTTGTCAT-1",1
"ATCGAGTAGACTTTCG-1",1
"ATCGAGTCATCCGGGT-1",2
"ATCGAGTGTCCCTTGT-1",0
"ATCGAGTGTCTCCCTA-1",0
"ATCGAGTTCATGCATG-1",0
"ATCGAGTTCCTGCCAT-1",1
"ATCTACTAGGTGTGGT-1",0
"ATCTACTCAGCTGTAT-1",10
"ATCTACTCAGTACACT-1",2
"ATCTACTCATGACATC-1",4
"ATCTACTGTAAGTAGT-1",3
"ATCTACTGTGTCGCTG-1",2
"ATCTACTTCCGCGTTT-1",5
"ATCTACTTCGCAAGCC-1",3
"ATCTACTTCTATCGCC-1",2
"ATCTACTTCTCTAAGG-1",2
"ATCTGCCAGGCTCAGA-1",0
"ATCTGCCGTACAGTTC-1",3
"ATCTGCCGTTGTGGAG-1",3
"ATCTGCCTCAGAGACG-1",5
"ATCTGCCTCAGCTGGC-1",1
"ATCTGCCTCGTACGGC-1",0
"ATCTGCCTCTCGAGTA-1",1
"ATCTGCCTCTGAGTGT-1",0
"ATCTGCCTCTTGTATC-1",1
"ATGAGGGAGGTCGGAT-1",0
"ATGAGGGCATGACGGA-1",1
"ATGAGGGCATTAGGCT-1",1
"ATGAGGGTCACATGCA-1",1
"ATGAGGGTCAGTCCCT-1",1
"ATGCGATAGTCAATAG-1",0
"ATGCGATCATGTTGAC-1",11
"ATGCGATGTGCAGTAG-1",5
"ATGCGATGTGCATCTA-1",2
"ATGCGATTCCCAAGAT-1",1
"ATGCGATTCGCCATAA-1",2
"ATGGGAGAGCAATATG-1",1
"ATGGGAGAGCCACGCT-1",1
"ATGGGAGAGGTGATAT-1",2
"ATGGGAGCACCAGGTC-1",1
"ATGGGAGCACTATCTT-1",2
"ATGGGAGCAGCATACT-1",0
"ATGGGAGCATAGAAAC-1",4
"ATGGGAGCATTACCTT-1",1
"ATGGGAGTCAAGGTAA-1",2
"ATGTGTGAGCGAAGGG-1",1
"ATGTGTGAGGGTTTCT-1",2
"ATGTGTGAGTTGAGTA-1",1
"ATGTGTGCACGGCGTT-1",1
"ATGTGTGCACGGTTTA-1",1
"ATGTGTGCAGTATAAG-1",14
"ATGTGTGTCACGCGGT-1",0
"ATTACTCAGATGTGTA-1",3
"ATTACTCAGCGTAATA-1",1
"ATTACTCAGGTGCACA-1",0
"ATTACTCAGTGAAGTT-1",0
"ATTACTCCAAACTGTC-1",1
"ATTACTCCACCATCCT-1",0
"ATTACTCCAGACTCGC-1",1
"ATTACTCCATATGCTG-1",2
"ATTACTCCATCGGTTA-1",3
"ATTACTCCATTGCGGC-1",0
"ATTACTCGTTAAAGAC-1",11
"ATTACTCTCCGAACGC-1",5
"ATTATCCAGAGTACCG-1",1
"ATTATCCAGCTTATCG-1",1
"ATTATCCCACAAGCCC-1",0
"ATTATCCCATATGAGA-1",0
"ATTATCCCATCTGGTA-1",6
"ATTATCCGTCGTTGTA-1",2
"ATTATCCGTCTCTCTG-1",1
"ATTATCCTCAACGGGA-1",2
"ATTATCCTCCGCGCAA-1",2
"ATTATCCTCTCCGGTT-1",1
"ATTCTACGTCACTTCC-1",3
"ATTCTACGTCTAGTCA-1",4
"ATTCTACGTTGTCGCG-1",0
"ATTGGACAGCAGATCG-1",1
"ATTGGACAGGGCATGT-1",4
"ATTGGACAGTGGACGT-1",0
"ATTGGACCAAGACACG-1",9
"ATTGGACGTAATAGCA-1",14
"ATTGGACTCCTGCTTG-1",2
"ATTGGACTCGGCGCAT-1",4
"ATTGGACTCGTTTGCC-1",1
"ATTGGTGAGAATGTTG-1",0
"ATTGGTGCAAGCTGAG-1",3
"ATTGGTGCAGCAGTTT-1",3
"ATTGGTGGTATGGTTC-1",0
"ATTGGTGGTTGAGTTC-1",2
"ATTGGTGTCAAAGTAG-1",1
"ATTGGTGTCGGAAACG-1",0
"ATTTCTGAGGGATACC-1",1
"ATTTCTGAGGGATCTG-1",0
"ATTTCTGAGGTGTTAA-1",0
"ATTTCTGAGTCGAGTG-1",2
"ATTTCTGAGTTCGCAT-1",3
"ATTTCTGCAAGGTGTG-1",0
"ATTTCTGGTAGCTCCG-1",6
"ATTTCTGGTGCACGAA-1",5
"ATTTCTGGTTGCCTCT-1",0
"ATTTCTGTCAAAGTAG-1",2
"ATTTCTGTCAGCTCGG-1",0
"ATTTCTGTCTTGGGTA-1",0
"CAACCAAAGAAACGCC-1",0
"CAACCAAAGAGGGCTT-1",6
"CAACCAAAGCTGAAAT-1",3
"CAACCAAAGGACAGCT-1",1
"CAACCAAAGGGAGTAA-1",6
"CAACCAACATACGCTA-1",1
"CAACCTCAGTAATCCC-1",2
"CAACCTCCAGACGCAA-1",3
"CAACCTCGTGAGTGAC-1",1
"CAACCTCGTTCCACGG-1",21
"CAACCTCTCATACGGT-1",4
"CAACCTCTCCGATATG-1",3
"CAACCTCTCCTTTACA-1",6
"CAACCTCTCTCTAGGA-1",4
"CAACTAGAGAATAGGG-1",11
"CAACTAGAGGATGCGT-1",2
"CAACTAGCACCATCCT-1",2
"CAACTAGCAGACTCGC-1",2
"CAACTAGCAGTTCATG-1",0
"CAACTAGGTACGCACC-1",1
"CAACTAGTCAGGCCCA-1",3
"CAAGAAAAGAAGGACA-1",0
"CAAGAAAAGACGCACA-1",3
"CAAGAAAAGGCCCTTG-1",0
"CAAGAAAAGGTGATAT-1",4
"CAAGAAAAGTCGATAA-1",1
"CAAGAAAAGTGGAGTC-1",1
"CAAGAAAAGTGTACCT-1",3
"CAAGAAACACGGTGTC-1",1
"CAAGAAATCTGCTTGC-1",0
"CAAGATCAGCTGAAAT-1",1
"CAAGATCGTAAGAGGA-1",2
"CAAGATCGTGCCTTGG-1",0
"CAAGATCTCAACACCA-1",1
"CAAGATCTCTCGATGA-1",1
"CAAGGCCAGGAGTCTG-1",11
"CAAGGCCAGGCTATCT-1",3
"CAAGGCCCACGGTAAG-1",4
"CAAGGCCCATGTTCCC-1",2
"CAAGGCCGTCCGTCAG-1",0
"CAAGGCCTCAACGGGA-1",3
"CAAGGCCTCCTTGACC-1",2
"CAAGGCCTCGTGACAT-1",1
"CAAGTTGAGACAGGCT-1",3
"CAAGTTGAGATGTCGG-1",3
"CAAGTTGAGCGTCAAG-1",2
"CAAGTTGAGCGTTTAC-1",0
"CAAGTTGCACATTAGC-1",2
"CAAGTTGCACGCTTTC-1",1
"CAAGTTGCACGGTGTC-1",0
"CAAGTTGCATTCTTAC-1",10
"CAAGTTGGTACTCAAC-1",0
"CAAGTTGGTCAGGACA-1",1
"CAAGTTGGTCGGCACT-1",1
"CAAGTTGTCAACGAAA-1",1
"CAAGTTGTCACCACCT-1",2
"CAAGTTGTCATTGCCC-1",3
"CAAGTTGTCGAATCCA-1",3
"CAAGTTGTCTACTTAC-1",0
"CACAAACAGGGCTCTC-1",2
"CACAAACAGGGCTTGA-1",2
"CACAAACAGTGACATA-1",1
"CACAAACCAACTGCGC-1",4
"CACAAACCAATAAGCA-1",4
"CACAAACCAATCAGAA-1",1
"CACAAACCACTTAACG-1",3
"CACAAACCATGAACCT-1",1
"CACAAACCATGGTCAT-1",2
"CACAAACGTCAACTGT-1",0
"CACAAACGTCAGAATA-1",1
"CACAAACTCTTCGGTC-1",3
"CACAAACTCTTGGGTA-1",4
"CACACAAAGCGACGTA-1",1
"CACACAAAGGGAGTAA-1",2
"CACACAACAAACGTGG-1",1
"CACACAACACATGACT-1",3
"CACACAACATCGATTG-1",4
"CACACAACATTGGGCC-1",4
"CACACAAGTACGACCC-1",4
"CACACAAGTCAGTGGA-1",0
"CACACAAGTCATCGGC-1",0
"CACACAAGTTTACTCT-1",2
"CACACAATCCACGTGG-1",0
"CACACAATCCACGTTC-1",2
"CACACAATCGGCGCAT-1",1
"CACACCTAGAGACTAT-1",2
"CACACCTAGGACATTA-1",1
"CACACCTAGTCATCCA-1",1
"CACACCTAGTGTGAAT-1",2
"CACACCTCACTGAAGG-1",2
"CACACCTCATAGGATA-1",0
"CACACCTCATAGTAAG-1",0
"CACACCTCATTGGGCC-1",7
"CACACCTGTACAGCAG-1",2
"CACACCTGTACCGCTG-1",0
"CACACCTGTCCAAGTT-1",1
"CACACCTGTGGACGAT-1",2
"CACACCTGTGGTCTCG-1",4
"CACACCTTCATGTCTT-1",7
"CACACCTTCTGGCGAC-1",0
"CACACTCAGGGAAACA-1",8
"CACACTCCAACACCTA-1",3
"CACACTCCAAGGGTCA-1",1
"CACACTCGTGACGCCT-1",0
"CACACTCGTTTGTGTG-1",0
"CACAGGCAGCCATCGC-1",1
"CACAGGCAGGGATGGG-1",0
"CACAGGCCAAGAGTCG-1",4
"CACAGGCCAATGGAGC-1",1
"CACAGGCGTCTAGGTT-1",2
"CACAGGCGTTACGCGC-1",2
"CACAGGCTCGGGAGTA-1",1
"CACAGGCTCTATGTGG-1",1
"CACAGTAAGACGCAAC-1",0
"CACAGTAAGACGCACA-1",2
"CACAGTAAGTGGGCTA-1",1
"CACAGTACAACTGGCC-1",1
"CACAGTACATCGGACC-1",3
"CACAGTAGTTCCATGA-1",13
"CACATAGAGCCCAATT-1",1
"CACATAGAGTGTACTC-1",0
"CACATAGCACTTCTGC-1",6
"CACATAGCAGGGTATG-1",1
"CACATAGTCCTTGCCA-1",0
"CACATAGTCGGCGCAT-1",4
"CACATTTAGCAGATCG-1",3
"CACATTTAGGGCACTA-1",1
"CACATTTCACGGCGTT-1",0
"CACATTTCATTACCTT-1",2
"CACATTTGTCGAACAG-1",1
"CACATTTGTGTTGAGG-1",5
"CACATTTTCCAGAGGA-1",1
"CACATTTTCCGCATCT-1",2
"CACATTTTCTACTATC-1",0
"CACATTTTCTGTGCAA-1",0
"CACCACTAGCCACGTC-1",2
"CACCACTAGTGGTAAT-1",0
"CACCACTAGTTACCCA-1",1
"CACCACTCAAGCCCAC-1",1
"CACCACTCAGTTCATG-1",1
"CACCACTGTTATTCTC-1",0
"CACCACTTCACCGGGT-1",0
"CACCACTTCGAATCCA-1",4
"CACCACTTCGACCAGC-1",5
"CACCACTTCTAACCGA-1",14
"CACCACTTCTTTAGTC-1",1
"CACCAGGCACATTAGC-1",12
"CACCAGGCACTGCCAG-1",0
"CACCAGGCATAAAGGT-1",2
"CACCAGGCATGAACCT-1",0
"CACCAGGGTGAAATCA-1",1
"CACCAGGGTGTTTGGT-1",1
"CACCAGGGTTATCACG-1",2
"CACCAGGTCATGTAGC-1",9
"CACCAGGTCTGCTTGC-1",1
"CACCTTGAGACTTGAA-1",6
"CACCTTGAGTCAATAG-1",4
"CACCTTGCACTAGTAC-1",0
"CACCTTGCAGGCGATA-1",0
"CACCTTGCATTCCTGC-1",1
"CACCTTGGTCATTAGC-1",0
"CACCTTGGTGATGTCT-1",4
"CACCTTGGTGTGAAAT-1",4
"CACCTTGGTTATGTGC-1",9
"CACCTTGTCAACCATG-1",4
"CACCTTGTCATTATCC-1",4
"CACCTTGTCCAAAGTC-1",0
"CACCTTGTCTCACATT-1",1
"CACTCCAAGACAAGCC-1",0
"CACTCCAAGGTACTCT-1",3
"CACTCCACAATGGACG-1",1
"CACTCCAGTACATGTC-1",1
"CACTCCAGTTGTCGCG-1",7
"CACTCCATCAACACAC-1",0
"CACTCCATCCCAGGTG-1",9
"CAGAATCAGAAACCTA-1",1
"CAGAATCAGCCAACAG-1",5
"CAGAATCAGCTGGAAC-1",1
"CAGAATCAGGACTGGT-1",4
"CAGAATCAGTATCGAA-1",9
"CAGAATCCACAGAGGT-1",1
"CAGAATCCAGGGTACA-1",1
"CAGAATCGTAAGTGTA-1",3
"CAGAATCGTAATCACC-1",0
"CAGAATCTCAGTTTGG-1",0
"CAGAATCTCGCAAGCC-1",0
"CAGAATCTCGGTCCGA-1",6
"CAGAATCTCTTGCAAG-1",1
"CAGAATCTCTTGTACT-1",4
"CAGAGAGAGAATTGTG-1",3
"CAGAGAGAGCAATATG-1",3
"CAGAGAGCAAGAAGAG-1",2
"CAGAGAGCACCAGATT-1",2
"CAGAGAGGTAATCACC-1",1
"CAGAGAGGTAGCTGCC-1",3
"CAGAGAGGTAGGACAC-1",2
"CAGAGAGGTATAGGGC-1",2
"CAGAGAGGTCCGAATT-1",4
"CAGAGAGGTTGAGGTG-1",0
"CAGAGAGTCACCCGAG-1",39
"CAGAGAGTCATAACCG-1",2
"CAGAGAGTCCGAACGC-1",16
"CAGAGAGTCTGGTATG-1",1
"CAGATCAAGAGACGAA-1",2
"CAGATCAAGCACCGTC-1",0
"CAGATCAAGCTTCGCG-1",3
"CAGATCAAGGATTCGG-1",41
"CAGATCAAGTGTACCT-1",1
"CAGATCAAGTTTAGGA-1",2
"CAGATCACAATAACGA-1",1
"CAGATCACACACCGAC-1",2
"CAGATCACACGGTAAG-1",1
"CAGATCACACTCTGTC-1",1
"CAGATCACAGCATACT-1",4
"CAGATCACAGTGGGAT-1",5
"CAGATCAGTACCAGTT-1",0
"CAGATCAGTGCGGTAA-1",0
"CAGATCATCTGATACG-1",4
"CAGATCATCTGATTCT-1",4
"CAGCAGCAGATGCCAG-1",5
"CAGCAGCAGGGAACGG-1",0
"CAGCAGCCACCTATCC-1",3
"CAGCAGCCATCACAAC-1",1
"CAGCAGCGTGCTAGCC-1",4
"CAGCAGCTCAACACTG-1",3
"CAGCAGCTCGAACTGT-1",2
"CAGCAGCTCGCCGTGA-1",2
"CAGCATAAGAGACGAA-1",2
"CAGCATAGTCTAGGTT-1",1
"CAGCATAGTTTACTCT-1",0
"CAGCATATCACGAAGG-1",4
"CAGCATATCAGGCAAG-1",1
"CAGCATATCCTTAATC-1",1
"CAGCCGAAGCATCATC-1",3
"CAGCCGAAGTTTCCTT-1",1
"CAGCCGACACGTGAGA-1",4
"CAGCCGACATCAGTCA-1",0
"CAGCCGAGTGATGTCT-1",1
"CAGCCGATCACCAGGC-1",0
"CAGCCGATCCTCAATT-1",2
"CAGCGACAGAAACGCC-1",0
"CAGCGACAGCGTCAAG-1",0
"CAGCGACCAAACGTGG-1",2
"CAGCGACCAAAGCGGT-1",4
"CAGCGACCACGTCAGC-1",2
"CAGCGACCATGGGACA-1",0
"CAGCGACGTCTGATTG-1",0
"CAGCGACGTGGACGAT-1",3
"CAGCGACGTGGTTTCA-1",2
"CAGCGACGTTCGGCAC-1",1
"CAGCGACTCCGCAAGC-1",0
"CAGCGACTCTGGGCCA-1",0
"CAGCTAAAGATGTGTA-1",1
"CAGCTAAAGCAGACTG-1",1
"CAGCTAAAGCTGTTCA-1",2
"CAGCTAAAGGAGCGTT-1",2
"CAGCTAACACAGATTC-1",2
"CAGCTAACATCAGTAC-1",0
"CAGCTAAGTAATCGTC-1",2
"CAGCTAAGTCTCACCT-1",0
"CAGCTAAGTTCGTCTC-1",2
"CAGCTAATCCACGCAG-1",3
"CAGCTAATCCCTAACC-1",1
"CAGCTAATCTGGTTCC-1",1
"CAGCTAATCTTAGCCC-1",4
"CAGCTAATCTTCGGTC-1",5
"CAGCTGGAGACACTAA-1",7
"CAGCTGGAGATCCTGT-1",3
"CAGCTGGCACCAACCG-1",4
"CAGCTGGCAGTGGAGT-1",5
"CAGCTGGCATGCATGT-1",1
"CAGCTGGTCTACCTGC-1",0
"CAGGTGCAGAGACGAA-1",0
"CAGGTGCAGATCCTGT-1",5
"CAGGTGCAGGCATGTG-1",0
"CAGGTGCCAGGAACGT-1",1
"CAGGTGCCATAGTAAG-1",0
"CAGGTGCCATCGGAAG-1",1
"CAGGTGCTCAGTTGAC-1",2
"CAGGTGCTCCAAGTAC-1",1
"CAGGTGCTCTTGTATC-1",0
"CAGTAACAGATATGGT-1",1
"CAGTAACAGATGGCGT-1",2
"CAGTAACCAATCACAC-1",0
"CAGTAACCACTCGACG-1",3
"CAGTAACGTGATAAGT-1",4
"CAGTAACGTGCACCAC-1",4
"CAGTAACTCAGAGGTG-1",1
"CAGTAACTCGTACGGC-1",0
"CAGTAACTCGTGACAT-1",2
"CAGTAACTCTGCCAGG-1",2
"CAGTCCTAGAATCTCC-1",0
"CAGTCCTAGATCTGCT-1",1
"CAGTCCTCAGTATAAG-1",0
"CAGTCCTTCAACACGT-1",1
"CAGTCCTTCCATGAGT-1",1
"CAGTCCTTCCCGACTT-1",3
"CAGTCCTTCCCTTGTG-1",1
"CAGTCCTTCGAACGGA-1",4
"CAGTCCTTCGGTTCGG-1",1
"CAGTCCTTCTACTTAC-1",1
"CATATGGAGAGATGAG-1",0
"CATATGGAGGCATGGT-1",1
"CATATGGAGTATTGGA-1",2
"CATATGGCAAGCGTAG-1",2
"CATATGGGTCGCATAT-1",1
"CATATGGTCATTATCC-1",0
"CATATGGTCATTGCGA-1",2
"CATATTCAGGCGACAT-1",1
"CATATTCCACCACCAG-1",3
"CATATTCGTGACTACT-1",3
"CATATTCGTGGTACAG-1",1
"CATATTCGTGTGACGA-1",1
"CATATTCTCACAGGCC-1",4
"CATATTCTCGCAAACT-1",1
"CATCAAGAGAACTCGG-1",3
"CATCAAGAGATGGCGT-1",0
"CATCAAGAGCCGCCTA-1",1
"CATCAAGCACGAAACG-1",6
"CATCAAGCAGCCTTTC-1",1
"CATCAAGCATGGAATA-1",1
"CATCAAGGTTACTGAC-1",2
"CATCAAGGTTCCATGA-1",4
"CATCAAGTCTAAGCCA-1",0
"CATCAAGTCTGACCTC-1",1
"CATCAGAAGCTAGTCT-1",6
"CATCAGACAAGCCATT-1",0
"CATCAGACAATGACCT-1",5
"CATCAGACACGGCCAT-1",1
"CATCAGACAGACAGGT-1",4
"CATCAGACATAACCTG-1",0
"CATCAGAGTAATTGGA-1",1
"CATCAGAGTACATGTC-1",0
"CATCAGAGTGTTAAGA-1",0
"CATCAGAGTTCAACCA-1",6
"CATCAGATCGTTGACA-1",1
"CATCCACGTAAAGTCA-1",2
"CATCCACGTACCGTAT-1",2
"CATCCACGTGCCTGTG-1",13
"CATCCACGTTTAAGCC-1",0
"CATCGAAAGAGTACAT-1",1
"CATCGAAAGCTGTCTA-1",11
"CATCGAACAAGAGGCT-1",15
"CATCGAACAAGCTGAG-1",0
"CATCGAACACATTTCT-1",0
"CATCGAACATAAAGGT-1",0
"CATCGAAGTAGTACCT-1",0
"CATCGAAGTCCGACGT-1",15
"CATCGAAGTGCACTTA-1",2
"CATCGAATCAAACCAC-1",2
"CATCGAATCCGCGGTA-1",0
"CATCGAATCCGTAGTA-1",3
"CATCGGGAGAAGCCCA-1",1
"CATCGGGAGCGAGAAA-1",1
"CATCGGGAGGGTGTGT-1",2
"CATCGGGAGGTGTTAA-1",2
"CATCGGGAGTGACTCT-1",0
"CATCGGGCACTCAGGC-1",7
"CATCGGGCAGACGCTC-1",2
"CATCGGGCATCACAAC-1",0
"CATCGGGGTCCTCTTG-1",5
"CATCGGGGTGAGGGAG-1",1
"CATCGGGGTTCGAATC-1",2
"CATCGGGTCAGGATCT-1",2
"CATCGGGTCCACGAAT-1",0
"CATCGGGTCGATGAGG-1",6
"CATGACAAGACCACGA-1",1
"CATGACAAGCTCCTCT-1",14
"CATGACAAGTAACCCT-1",5
"CATGACAAGTATCTCG-1",3
"CATGACAGTCGTCTTC-1",9
"CATGACAGTGAACCTT-1",4
"CATGACATCAATAAGG-1",0
"CATGACATCTAACTGG-1",4
"CATGCCTAGACCTAGG-1",2
"CATGCCTAGAGTCTGG-1",0
"CATGCCTCACCACCAG-1",4
"CATGCCTGTCAAAGCG-1",3
"CATGCCTGTCGATTGT-1",0
"CATGCCTTCCACGACG-1",3
"CATGCCTTCCTCATTA-1",1
"CATGCCTTCGCATGAT-1",1
"CATGGCGAGAGCTGGT-1",2
"CATGGCGAGTACGACG-1",2
"CATGGCGTCCAAAGTC-1",8
"CATGGCGTCCCTTGTG-1",3
"CATGGCGTCGGCCGAT-1",1
"CATGGCGTCTCAAACG-1",1
"CATGGCGTCTGCCCTA-1",2
"CATTATCAGACCCACC-1",2
"CATTATCAGTCCCACG-1",0
"CATTATCCAAGTCTGT-1",4
"CATTATCCAGGGCATA-1",2
"CATTATCGTCAATGTC-1",5
"CATTATCTCACAAACC-1",1
"CATTATCTCAGATAAG-1",3
"CATTATCTCGCGTTTC-1",1
"CATTATCTCGTTGCCT-1",8
"CATTATCTCTATCCCG-1",3
"CATTATCTCTTAACCT-1",1
"CATTCGCAGGTGCTAG-1",2
"CATTCGCCAAGGGTCA-1",3
"CATTCGCCAGCCTATA-1",2
"CATTCGCCATACAGCT-1",1
"CATTCGCCATGGATGG-1",3
"CATTCGCCATGTCTCC-1",2
"CATTCGCCATTCACTT-1",8
"CATTCGCGTAGCACGA-1",0
"CATTCGCTCATCACCC-1",2
"CCAATCCAGACCACGA-1",0
"CCAATCCAGATATGGT-1",4
"CCAATCCAGTCGAGTG-1",0
"CCAATCCAGTCGTTTG-1",1
"CCAATCCAGTTTAGGA-1",2
"CCAATCCCAAGCGAGT-1",5
"CCAATCCTCGGACAAG-1",3
"CCAATCCTCTACCTGC-1",0
"CCACCTAAGCAGACTG-1",5
"CCACCTAAGGATGGTC-1",4
"CCACCTAAGTCGAGTG-1",0
"CCACCTAAGTGGGATC-1",0
"CCACCTAAGTGTGGCA-1",1
"CCACCTACAACAACCT-1",1
"CCACCTACAAGCCGCT-1",2
"CCACCTACAATCTACG-1",2
"CCACCTAGTAGTACCT-1",2
"CCACCTAGTCGCGTGT-1",1
"CCACCTAGTGGGTCAA-1",2
"CCACCTATCAGTTGAC-1",5
"CCACCTATCTGATACG-1",1
"CCACGGAAGACACGAC-1",1
"CCACGGAAGGGAACGG-1",5
"CCACGGACATGTCGAT-1",2
"CCACGGAGTAAGGGCT-1",1
"CCACGGAGTCAGATAA-1",1
"CCACGGAGTCCGTGAC-1",2
"CCACGGAGTGTAATGA-1",0
"CCACGGAGTTCTGAAC-1",9
"CCACGGATCACATAGC-1",0
"CCACGGATCCACGTGG-1",3
"CCACGGATCTACTATC-1",1
"CCACGGATCTAGAGTC-1",2
"CCACTACAGAGTACCG-1",1
"CCACTACAGCTTTGGT-1",0
"CCACTACCAGCAGTTT-1",0
"CCACTACCAGTAGAGC-1",2
"CCACTACGTCCGAATT-1",1
"CCACTACGTCTCAACA-1",10
"CCACTACGTGACAAAT-1",4
"CCACTACGTGACCAAG-1",0
"CCACTACGTGCACGAA-1",1
"CCACTACTCACTCTTA-1",4
"CCACTACTCCGCATCT-1",0
"CCACTACTCGGAAATA-1",1
"CCACTACTCTCGTATT-1",1
"CCACTACTCTCGTTTA-1",2
"CCAGCGAAGCCCAACC-1",2
"CCAGCGACATCGGGTC-1",0
"CCAGCGACATGTCCTC-1",2
"CCAGCGAGTAGGCATG-1",0
"CCAGCGAGTCCGTTAA-1",1
"CCAGCGATCAGAAATG-1",0
"CCATGTCAGCGATCCC-1",0
"CCATGTCAGGTCGGAT-1",1
"CCATGTCAGGTTACCT-1",1
"CCATGTCCAAGCTGGA-1",2
"CCATGTCCACATCCGG-1",2
"CCATGTCGTCCAGTAT-1",2
"CCATGTCTCCAAGTAC-1",4
"CCATGTCTCTTGTATC-1",2
"CCATTCGCAGTACACT-1",8
"CCATTCGCAGTTTACG-1",3
"CCATTCGGTAATCGTC-1",1
"CCATTCGGTATTACCG-1",3
"CCATTCGTCGTAGGAG-1",4
"CCCAATCAGTCACGCC-1",0
"CCCAATCCAGGTGGAT-1",1
"CCCAATCGTGAAGGCT-1",4
"CCCAATCGTTGGAGGT-1",3
"CCCAATCTCACATGCA-1",2
"CCCAATCTCCAGTATG-1",1
"CCCAATCTCGGAGCAA-1",1
"CCCAGTTAGAATAGGG-1",0
"CCCAGTTAGATCCCGC-1",4
"CCCAGTTAGCGTGAAC-1",0
"CCCAGTTAGGAATCGC-1",1
"CCCAGTTAGTCCGGTC-1",2
"CCCAGTTAGTTTGCGT-1",1
"CCCAGTTGTACATGTC-1",1
"CCCAGTTGTCTGCAAT-1",4
"CCCAGTTTCTGAAAGA-1",1
"CCCATACAGGGTTCCC-1",3
"CCCATACAGTGTTTGC-1",1
"CCCATACCAAAGGTGC-1",1
"CCCATACCAACACCCG-1",0
"CCCATACCAGCAGTTT-1",3
"CCCATACGTATTACCG-1",2
"CCCATACGTCAATACC-1",1
"CCCATACGTCTAGTCA-1",3
"CCCATACGTTGAGTTC-1",0
"CCCATACTCAATAAGG-1",3
"CCCATACTCAGCGACC-1",2
"CCCATACTCATCACCC-1",4
"CCCATACTCCGTAGGC-1",2
"CCCTCCTAGGAATCGC-1",6
"CCCTCCTCACGTCTCT-1",3
"CCCTCCTCAGCTTAAC-1",1
"CCCTCCTCATATGAGA-1",6
"CCCTCCTCATCACGTA-1",2
"CCCTCCTGTATGGTTC-1",3
"CCCTCCTGTTAGATGA-1",5
"CCCTCCTTCAATCACG-1",2
"CCCTCCTTCCGCAGTG-1",2
"CCGGGATAGCTTCGCG-1",2
"CCGGGATAGGCGACAT-1",1
"CCGGGATAGGCTAGGT-1",2
"CCGGGATCACAGTCGC-1",4
"CCGGGATGTATAGGTA-1",5
"CCGGGATTCAGAGCTT-1",1
"CCGGGATTCGCTAGCG-1",1
"CCGGGATTCGCTTGTC-1",1
"CCGGTAGAGCGTCTAT-1",1
"CCGGTAGAGTACGCCC-1",0
"CCGGTAGCACATAACC-1",10
"CCGGTAGCACGCATCG-1",6
"CCGGTAGGTACTTCTT-1",1
"CCGGTAGGTCAAACTC-1",2
"CCGGTAGTCGTCCGTT-1",1
"CCGTACTAGAGAACAG-1",4
"CCGTACTAGTCCGTAT-1",5
"CCGTACTCAAGCCCAC-1",12
"CCGTACTCAAGCGAGT-1",1
"CCGTACTCATCCCACT-1",0
"CCGTACTGTACAGCAG-1",2
"CCGTACTGTAGCGCTC-1",0
"CCGTACTGTGCGGTAA-1",0
"CCGTACTTCGTTACAG-1",1
"CCGTGGAAGACGCACA-1",3
"CCGTGGAAGAGTTGGC-1",2
"CCGTGGAAGGTGATAT-1",2
"CCGTGGAAGGTTCCTA-1",3
"CCGTGGACAGCCTTGG-1",0
"CCGTGGAGTTCCATGA-1",2
"CCGTGGATCTAACTTC-1",1
"CCGTGGATCTCTGTCG-1",0
"CCGTTCAAGCGTAATA-1",9
"CCGTTCAAGTACGATA-1",0
"CCGTTCAAGTAGATGT-1",1
"CCGTTCACAGGATCGA-1",0
"CCGTTCAGTATAGGGC-1",9
"CCGTTCAGTCGCGAAA-1",1
"CCGTTCATCGTACCGG-1",1
"CCTAAAGAGAGTTGGC-1",4
"CCTAAAGCAAACCTAC-1",2
"CCTAAAGCATGTCTCC-1",0
"CCTAAAGGTACTCAAC-1",5
"CCTAAAGGTCGGCACT-1",6
"CCTAAAGGTGTAATGA-1",3
"CCTAAAGTCACCGTAA-1",1
"CCTAAAGTCAGCGATT-1",2
"CCTAAAGTCGGCGCTA-1",3
"CCTAAAGTCGGTCCGA-1",2
"CCTACACAGGACCACA-1",3
"CCTACACAGGGTGTTG-1",3
"CCTACACCAGTAAGAT-1",2
"CCTACACGTATAGTAG-1",1
"CCTACACGTCCGAACC-1",1
"CCTACACGTGGGTCAA-1",1
"CCTACACGTTTGACTG-1",1
"CCTACACTCGGCGCTA-1",2
"CCTACACTCGTGACAT-1",9
"CCTACCAAGATAGGAG-1",1
"CCTACCAAGCAAATCA-1",3
"CCTACCAAGCGTAGTG-1",0
"CCTACCAAGCTTCGCG-1",0
"CCTACCAAGTGCGATG-1",3
"CCTACCAGTATCAGTC-1",1
"CCTACCAGTCTCTCTG-1",1
"CCTACCAGTCTTTCAT-1",0
"CCTACCATCAGCACAT-1",1
"CCTACCATCGCCAGCA-1",1
"CCTAGCTAGCAAATCA-1",0
"CCTAGCTAGCTCCTCT-1",1
"CCTAGCTAGGTTACCT-1",2
"CCTAGCTAGTACGCGA-1",0
"CCTAGCTCAATGAATG-1",1
"CCTAGCTCAATGGTCT-1",1
"CCTAGCTCACATCCAA-1",2
"CCTAGCTCAGCCAGAA-1",1
"CCTAGCTGTAGAAAGG-1",3
"CCTAGCTGTCACCCAG-1",1
"CCTAGCTGTCTGATTG-1",0
"CCTAGCTTCACGATGT-1",1
"CCTAGCTTCGTAGGAG-1",2
"CCTATTAAGAATTCCC-1",2
"CCTATTAAGCAGGCTA-1",2
"CCTATTAAGCAGGTCA-1",3
"CCTATTAAGGGAGTAA-1",14
"CCTATTAAGGTAGCCA-1",2
"CCTATTACACAACTGT-1",5
"CCTATTACACATCCGG-1",2
"CCTATTAGTCAATACC-1",1
"CCTATTATCATCACCC-1",0
"CCTATTATCTGCGACG-1",7
"CCTCAGTAGCTAACTC-1",2
"CCTCAGTCAGGTGGAT-1",1
"CCTCAGTGTCCATCCT-1",0
"CCTCAGTGTCCGACGT-1",2
"CCTCAGTGTCTTGTCC-1",2
"CCTCAGTGTGGGTATG-1",4
"CCTCTGAAGTATCGAA-1",4
"CCTCTGAAGTGGGTTG-1",0
"CCTCTGACAAGCTGTT-1",0
"CCTCTGACACCGATAT-1",8
"CCTCTGACAGATGAGC-1",3
"CCTCTGAGTCAATACC-1",2
"CCTCTGAGTCCGAACC-1",1
"CCTCTGAGTCGTGGCT-1",3
"CCTCTGAGTCTGATTG-1",2
"CCTCTGATCTGAGGGA-1",1
"CCTTACGCAAGCGTAG-1",2
"CCTTACGCACCAACCG-1",44
"CCTTACGGTCATCCCT-1",0
"CCTTACGGTCCTCTTG-1",3
"CCTTACGTCACAACGT-1",2
"CCTTACGTCATCTGCC-1",3
"CCTTACGTCGGAGGTA-1",0
"CCTTCCCAGAGACTAT-1",3
"CCTTCCCAGCTAGGCA-1",0
"CCTTCCCAGGACGAAA-1",1
"CCTTCCCAGGGCATGT-1",1
"CCTTCCCAGGTACTCT-1",2
"CCTTCCCCATGATCCA-1",2
"CCTTCCCTCAAGGCTT-1",0
"CCTTCCCTCTATCCTA-1",1
"CCTTCCCTCTATCGCC-1",0
"CCTTCGAAGGCGCTCT-1",2
"CCTTCGACAACACCCG-1",1
"CCTTCGACAGCGATCC-1",1
"CCTTCGAGTAAGCACG-1",0
"CCTTCGAGTCCATGAT-1",5
"CCTTCGAGTGTGACCC-1",3
"CCTTCGAGTTGGTGGA-1",1
"CCTTCGATCACAGTAC-1",6
"CCTTCGATCCTATGTT-1",5
"CCTTCGATCGCACTCT-1",7
"CCTTTCTAGACGCTTT-1",5
"CCTTTCTAGGGCACTA-1",3
"CCTTTCTAGTGGAGTC-1",1
"CCTTTCTCAGACAAGC-1",0
"CCTTTCTCATCACGAT-1",0
"CCTTTCTCATGCCCGA-1",3
"CCTTTCTTCCCACTTG-1",0
"CCTTTCTTCTTTACGT-1",0
"CGAACATCACATGACT-1",5
"CGAACATCACTTGGAT-1",2
"CGAACATCAGTCCTTC-1",2
"CGAACATGTCTGATTG-1",1
"CGAACATGTGCTGTAT-1",1
"CGAACATTCTCAAACG-1",2
"CGAATGTAGAGGTTAT-1",0
"CGAATGTAGCGATAGC-1",3
"CGAATGTAGTTCGCAT-1",1
"CGAATGTCAATGCCAT-1",1
"CGAATGTGTCTAGTCA-1",0
"CGAATGTGTCTCACCT-1",0
"CGAATGTTCAACACAC-1",1
"CGAATGTTCATCACCC-1",4
"CGAATGTTCTGTACGA-1",0
"CGACCTTAGCTACCGC-1",2
"CGACCTTAGCTAGTCT-1",2
"CGACCTTCAAAGTGCG-1",4
"CGACCTTCACGAAATA-1",0
"CGACCTTGTAAGTGTA-1",1
"CGACCTTGTCAGAATA-1",3
"CGACCTTGTCTCCCTA-1",1
"CGACCTTGTCTCTTAT-1",0
"CGACCTTTCCGCGTTT-1",0
"CGACCTTTCGTTTATC-1",1
"CGACCTTTCTCCAGGG-1",5
"CGACTTCAGACACGAC-1",2
"CGACTTCAGGTAGCCA-1",3
"CGACTTCAGTCTTGCA-1",0
"CGACTTCCAATGGACG-1",0
"CGACTTCGTGGTGTAG-1",4
"CGACTTCGTTGAGTTC-1",5
"CGACTTCTCACTTACT-1",3
"CGACTTCTCTCGCTTG-1",6
"CGAGAAGAGAAACGCC-1",0
"CGAGAAGAGCCAACAG-1",0
"CGAGAAGAGCGTGTCC-1",8
"CGAGAAGCAAGTTCTG-1",2
"CGAGAAGCACATCCGG-1",0
"CGAGAAGCAGGCTGAA-1",5
"CGAGAAGTCGGATGGA-1",4
"CGAGCACAGCCAGAAC-1",4
"CGAGCACCACATGTGT-1",3
"CGAGCACGTAGCGTCC-1",2
"CGAGCACGTAGCGTGA-1",0
"CGAGCACGTCAGATAA-1",1
"CGAGCACGTGCCTTGG-1",5
"CGAGCACTCCCGGATG-1",1
"CGAGCACTCCGCTGTT-1",1
"CGAGCACTCGGAAATA-1",0
"CGAGCACTCGTGACAT-1",1
"CGAGCCAAGCTAGCCC-1",1
"CGAGCCAGTATATCCG-1",1
"CGAGCCAGTCAAGCGA-1",2
"CGATCGGAGAGCCTAG-1",5
"CGATCGGAGTACGATA-1",0
"CGATCGGCAAACGCGA-1",2
"CGATCGGCAAGCGATG-1",2
"CGATCGGCAATACGCT-1",1
"CGATCGGCAGTTAACC-1",7
"CGATCGGCATACTCTT-1",0
"CGATCGGGTCGACTGC-1",1
"CGATCGGTCAACGGGA-1",1
"CGATCGGTCTAGCACA-1",3
"CGATGGCAGCCGTCGT-1",2
"CGATGGCAGTCCAGGA-1",5
"CGATGGCCACTTAACG-1",2
"CGATGGCCAGCGTAAG-1",4
"CGATGGCCATCATCCC-1",1
"CGATGGCTCCTAGAAC-1",0
"CGATGGCTCGCTAGCG-1",0
"CGATGGCTCTGACCTC-1",2
"CGATGTAAGGCAATTA-1",3
"CGATGTAAGTTTGCGT-1",0
"CGATGTACACAGGCCT-1",1
"CGATGTACAGGTCTCG-1",1
"CGATGTAGTCCAGTGC-1",1
"CGATGTAGTCTAGGTT-1",1
"CGATGTAGTGTGCCTG-1",1
"CGATGTAGTTTGCATG-1",1
"CGATTGAAGATGTGGC-1",4
"CGATTGACAGACGCAA-1",1
"CGATTGAGTATGGTTC-1",1
"CGATTGAGTTCAGACT-1",0
"CGATTGATCATGGTCA-1",0
"CGATTGATCTGCGGCA-1",0
"CGCCAAGAGAATGTTG-1",3
"CGCCAAGAGACCTTTG-1",1
"CGCCAAGAGATCGGGT-1",5
"CGCCAAGAGATCTGAA-1",2
"CGCCAAGAGCGTGTCC-1",3
"CGCCAAGGTCTAGGTT-1",0
"CGCCAAGTCAGGATCT-1",1
"CGCCAAGTCCACTCCA-1",3
"CGCCAAGTCTTGTTTG-1",0
"CGCGGTAAGCTAGCCC-1",2
"CGCGGTAAGGGTTCCC-1",1
"CGCGGTACAAACTGCT-1",1
"CGCGGTACAATGGAAT-1",4
"CGCGGTACAGCTGTTA-1",2
"CGCGGTAGTCAAGCGA-1",1
"CGCGGTAGTGAGGCTA-1",0
"CGCGGTAGTTTGCATG-1",2
"CGCGTTTAGTTATCGC-1",3
"CGCGTTTCAACAACCT-1",2
"CGCGTTTCAAGCGAGT-1",8
"CGCGTTTCAATGGACG-1",3
"CGCGTTTCACGGTGTC-1",1
"CGCGTTTGTGCTGTAT-1",0
"CGCGTTTGTGGACGAT-1",5
"CGCGTTTTCAAACCGT-1",0
"CGCGTTTTCAGCCTAA-1",3
"CGCGTTTTCCTATGTT-1",0
"CGCGTTTTCGTGGTCG-1",4
"CGCTATCAGAAACCGC-1",0
"CGCTATCAGTCATCCA-1",6
"CGCTATCCAAGCGAGT-1",6
"CGCTATCCAGTCGATT-1",0
"CGCTATCCATCGACGC-1",2
"CGCTATCCATTTCAGG-1",1
"CGCTATCGTACCGAGA-1",2
"CGCTATCGTTCGAATC-1",1
"CGCTATCGTTTCGCTC-1",5
"CGCTATCTCGTTACAG-1",0
"CGCTGGAAGGACATTA-1",0
"CGCTGGAAGGGCACTA-1",1
"CGCTGGAAGGTGATAT-1",1
"CGCTGGACAGACTCGC-1",1
"CGCTGGAGTGTAATGA-1",2
"CGCTGGAGTTCTGGTA-1",3
"CGCTGGATCCGAAGAG-1",1
"CGCTGGATCCGTTGCT-1",3
"CGCTGGATCGTAGGAG-1",2
"CGCTGGATCGTTACAG-1",3
"CGCTTCAAGAAGGGTA-1",4
"CGCTTCAAGGTCGGAT-1",2
"CGCTTCACACGGTGTC-1",1
"CGCTTCACAGACAAGC-1",1
"CGCTTCACATCACCCT-1",3
"CGCTTCAGTCGCGGTT-1",6
"CGCTTCATCTTAGAGC-1",6
"CGGACACAGCGATATA-1",2
"CGGACACAGCGATGAC-1",3
"CGGACACAGCTTCGCG-1",0
"CGGACACAGGTAAACT-1",1
"CGGACACAGTAGCCGA-1",1
"CGGACACCACAGGAGT-1",2
"CGGACACCATTCACTT-1",0
"CGGACACGTGAGCGAT-1",2
"CGGACACGTGCTCTTC-1",3
"CGGACACGTGTGACCC-1",2
"CGGACGTAGGTTACCT-1",4
"CGGACGTCATGGGACA-1",3
"CGGACGTGTGAAAGAG-1",1
"CGGACGTGTTGGTAAA-1",1
"CGGACGTTCATGTGGT-1",1
"CGGACGTTCTGTCCGT-1",1
"CGGACTGAGGAGCGAG-1",3
"CGGACTGAGGAGTCTG-1",2
"CGGACTGAGTGGTAGC-1",1
"CGGACTGCAACTTGAC-1",7
"CGGACTGCAATGACCT-1",0
"CGGACTGCACAACGTT-1",4
"CGGACTGCACGCCAGT-1",1
"CGGACTGCAGTATGCT-1",1
"CGGACTGGTAAAGGAG-1",3
"CGGACTGGTATAAACG-1",2
"CGGACTGGTGTAAGTA-1",2
"CGGACTGGTGTGGTTT-1",1
"CGGACTGGTTGACGTT-1",0
"CGGACTGTCATTGCCC-1",5
"CGGACTGTCCATGCTC-1",4
"CGGACTGTCCGTCAAA-1",1
"CGGACTGTCGTTTGCC-1",4
"CGGACTGTCTTCATGT-1",3
"CGGAGCTAGTTTAGGA-1",2
"CGGAGCTCATTGAGCT-1",0
"CGGAGCTGTAGAAAGG-1",7
"CGGAGCTTCACTTATC-1",3
"CGGAGCTTCATGTAGC-1",2
"CGGAGCTTCCACGAAT-1",0
"CGGAGTCAGTGCGATG-1",2
"CGGAGTCAGTGTGAAT-1",0
"CGGAGTCCAGTGGGAT-1",1
"CGGAGTCCATTATCTC-1",7
"CGGAGTCGTAGCTGCC-1",1
"CGGAGTCGTCCAGTGC-1",2
"CGGAGTCGTGTTCGAT-1",1
"CGGAGTCTCCCAGGTG-1",1
"CGGAGTCTCCGTAGTA-1",1
"CGGCTAGAGAAACGCC-1",2
"CGGCTAGAGCACCGTC-1",0
"CGGCTAGAGCTAAACA-1",2
"CGGCTAGCAGACAAAT-1",1
"CGGCTAGGTAACGCGA-1",0
"CGGCTAGGTTCATGGT-1",1
"CGGCTAGTCAAAGACA-1",1
"CGGCTAGTCGTGGGAA-1",1
"CGGCTAGTCTTGTTTG-1",0
"CGGGTCAAGAGTCGGT-1",4
"CGGGTCAAGCACACAG-1",2
"CGGGTCAAGCTAACTC-1",2
"CGGGTCAAGGACACCA-1",1
"CGGGTCAAGTATGACA-1",1
"CGGGTCACAATGACCT-1",1
"CGGGTCACACCGAAAG-1",4
"CGGGTCACAGCCACCA-1",0
"CGGGTCACATACAGCT-1",0
"CGGGTCACATCCTTGC-1",1
"CGGGTCAGTAGCGCTC-1",0
"CGGGTCAGTCGATTGT-1",1
"CGGGTCAGTGCAACTT-1",1
"CGGGTCAGTTGTTTGG-1",3
"CGGGTCATCAACACCA-1",9
"CGGGTCATCACCTTAT-1",4
"CGGGTCATCCACGACG-1",5
"CGGTTAACAGGACCCT-1",0
"CGGTTAACATGTCCTC-1",1
"CGGTTAACATTCCTGC-1",3
"CGGTTAAGTCGACTGC-1",3
"CGGTTAATCCGGCACA-1",2
"CGGTTAATCCTTTCGG-1",4
"CGGTTAATCTTATCTG-1",3
"CGTAGCGAGATGTAAC-1",6
"CGTAGCGAGGCAATTA-1",0
"CGTAGCGAGTAGGTGC-1",0
"CGTAGCGCAAGCGCTC-1",1
"CGTAGCGTCCAACCAA-1",0
"CGTAGCGTCGGCGGTT-1",2
"CGTAGGCAGGGCTCTC-1",1
"CGTAGGCCAAGCGATG-1",3
"CGTAGGCCACTAAGTC-1",0
"CGTAGGCCAGAGTGTG-1",1
"CGTAGGCCATCCCATC-1",7
"CGTAGGCGTATTAGCC-1",2
"CGTAGGCGTCAATACC-1",3
"CGTAGGCGTGGCGAAT-1",1
"CGTAGGCTCCAGAAGG-1",1
"CGTCACTAGTCATGCT-1",1
"CGTCACTCAAAGCGGT-1",3
"CGTCACTCAGGTCCAC-1",1
"CGTCACTCAGTCACTA-1",3
"CGTCACTTCCTTGACC-1",1
"CGTCACTTCGGTGTTA-1",0
"CGTCACTTCTGTGCAA-1",7
"CGTCACTTCTTGAGAC-1",1
"CGTCAGGAGCTGTTCA-1",5
"CGTCAGGCAAAGCAAT-1",1
"CGTCAGGCAAAGCGGT-1",5
"CGTCAGGCAACACGCC-1",1
"CGTCAGGCATCCGCGA-1",3
"CGTCAGGGTCAGCTAT-1",3
"CGTCAGGGTCGTTGTA-1",2
"CGTCAGGGTGTAAGTA-1",1
"CGTCAGGTCCACTGGG-1",1
"CGTCAGGTCGACAGCC-1",0
"CGTCAGGTCGGGAGTA-1",5
"CGTCCATAGACCACGA-1",5
"CGTCCATAGCGATTCT-1",2
"CGTCCATAGGCTATCT-1",3
"CGTCCATAGTCTCAAC-1",0
"CGTCCATCACGACTCG-1",2
"CGTCCATCATTCACTT-1",1
"CGTCCATGTCTAGCGC-1",1
"CGTCCATGTGATAAAC-1",5
"CGTCCATGTTTGGGCC-1",3
"CGTCCATGTTTGTGTG-1",0
"CGTCCATTCAACACCA-1",3
"CGTCCATTCATTCACT-1",11
"CGTCTACAGTGCGTGA-1",2
"CGTCTACGTAGTAGTA-1",1
"CGTCTACTCGAGCCCA-1",1
"CGTCTACTCGCCATAA-1",2
"CGTCTACTCGGCCGAT-1",9
"CGTCTACTCGTCCAGG-1",3
"CGTCTACTCTATCGCC-1",0
"CGTGAGCAGATCTGAA-1",11
"CGTGAGCAGCAATCTC-1",2
"CGTGAGCAGCGGATCA-1",5
"CGTGAGCAGCTAGTGG-1",2
"CGTGAGCAGCTTCGCG-1",2
"CGTGAGCAGGGCACTA-1",0
"CGTGAGCAGGGTGTGT-1",0
"CGTGAGCAGTGGAGAA-1",2
"CGTGAGCCAAGCCGCT-1",7
"CGTGAGCCACGTAAGG-1",1
"CGTGAGCCATACGCCG-1",2
"CGTGAGCGTAGATTAG-1",2
"CGTGAGCGTCTCTTAT-1",1
"CGTGAGCTCACAAACC-1",4
"CGTGAGCTCCAAATGC-1",0
"CGTGAGCTCCGAGCCA-1",6
"CGTGAGCTCGTTGCCT-1",0
"CGTGAGCTCTGGGCCA-1",3
"CGTGTAAAGATAGTCA-1",1
"CGTGTAAAGGTGTTAA-1",2
"CGTGTAAAGTACATGA-1",1
"CGTGTAACATGGGACA-1",1
"CGTGTAAGTCCGCTGA-1",2
"CGTGTAAGTGTCTGAT-1",2
"CGTGTAATCTACTATC-1",2
"CGTGTAATCTCGATGA-1",3
"CGTGTAATCTTTAGTC-1",1
"CGTGTCTAGGCGCTCT-1",2
"CGTGTCTAGGGATGGG-1",7
"CGTGTCTCAGACAAAT-1",0
"CGTGTCTCAGACACTT-1",1
"CGTGTCTGTAAGAGGA-1",1
"CGTGTCTGTATATGAG-1",1
"CGTGTCTGTCAAAGCG-1",0
"CGTGTCTGTTCCGTCT-1",3
"CGTGTCTTCAATCACG-1",6
"CGTGTCTTCAGAGGTG-1",1
"CGTGTCTTCATAGCAC-1",1
"CGTGTCTTCCGAACGC-1",2
"CGTGTCTTCGGCATCG-1",0
"CGTGTCTTCGTGGACC-1",7
"CGTGTCTTCTACTTAC-1",0
"CGTGTCTTCTGAGTGT-1",2
"CGTTAGAAGATCTGAA-1",1
"CGTTAGAAGGCCCTTG-1",1
"CGTTAGACACGAAAGC-1",1
"CGTTAGACAGCTTCGG-1",2
"CGTTAGAGTTTAAGCC-1",3
"CGTTAGATCACTTATC-1",1
"CGTTAGATCAGCCTAA-1",19
"CGTTCTGAGAAGGGTA-1",0
"CGTTCTGAGACTAGGC-1",5
"CGTTCTGAGTGAACAT-1",2
"CGTTCTGCAGCTCGCA-1",4
"CGTTCTGCATTGGCGC-1",0
"CGTTCTGGTGAGGGTT-1",1
"CGTTCTGTCTGATTCT-1",3
"CGTTGGGAGCTAGTTC-1",4
"CGTTGGGAGGATGCGT-1",2
"CGTTGGGCACATTAGC-1",1
"CGTTGGGCAGACAGGT-1",1
"CGTTGGGGTTCCCGAG-1",1
"CGTTGGGTCATGCTCC-1",5
"CGTTGGGTCCATGAAC-1",7
"CGTTGGGTCTACCAGA-1",4
"CTAACTTAGTCCTCCT-1",3
"CTAACTTCAATAGCAA-1",2
"CTAACTTCAATCGGTT-1",3
"CTAACTTGTGAGGCTA-1",1
"CTAACTTTCGTACGGC-1",1
"CTAACTTTCTGGCGTG-1",1
"CTAAGACAGGGAAACA-1",4
"CTAAGACAGTACATGA-1",2
"CTAAGACAGTTCGCGC-1",4
"CTAAGACCAAGTAATG-1",1
"CTAAGACCAGTAAGAT-1",1
"CTAAGACCATGCAATC-1",1
"CTAAGACGTAAGGATT-1",4
"CTAAGACGTATCAGTC-1",1
"CTAAGACGTCACCTAA-1",3
"CTAAGACTCGTTGCCT-1",2
"CTAAGACTCTTACCGC-1",0
"CTAAGACTCTTGAGGT-1",2
"CTAATGGAGCAATCTC-1",0
"CTAATGGAGCGCTCCA-1",5
"CTAATGGAGCTCCCAG-1",4
"CTAATGGAGCTGAAAT-1",9
"CTAATGGAGTTAGGTA-1",0
"CTAATGGCATGGAATA-1",6
"CTAATGGGTACCGCTG-1",4
"CTAATGGGTCTAGCGC-1",1
"CTAATGGGTGAGGGAG-1",2
"CTAATGGGTTGGTGGA-1",0
"CTAATGGTCATGCTCC-1",0
"CTAATGGTCCACTGGG-1",0
"CTAATGGTCCGTTGCT-1",1
"CTAATGGTCCTAGAAC-1",2
"CTACACCAGTGCGATG-1",4
"CTACACCCACGGACAA-1",2
"CTACACCGTAATAGCA-1",11
"CTACACCGTCTGATTG-1",2
"CTACACCGTTCGTCTC-1",2
"CTACACCTCAGAAATG-1",2
"CTACACCTCGGCTTGG-1",0
"CTACACCTCGGTCCGA-1",2
"CTACACCTCTCGCATC-1",14
"CTACACCTCTCTGCTG-1",3
"CTACATTAGATCACGG-1",1
"CTACATTCACTCGACG-1",3
"CTACATTCATTTCACT-1",3
"CTACATTGTGATGATA-1",1
"CTACATTGTTCGAATC-1",1
"CTACATTTCAACGCTA-1",1
"CTACATTTCGCCATAA-1",1
"CTACATTTCTAGCACA-1",1
"CTACCCACACAGAGGT-1",0
"CTACCCACACGACGAA-1",1
"CTACCCACATGGTTGT-1",1
"CTACCCAGTATCTGCA-1",3
"CTACCCAGTATGAATG-1",1
"CTACCCAGTCAGAAGC-1",2
"CTACCCAGTGTGACCC-1",0
"CTACCCAGTTATGTGC-1",2
"CTACCCATCTACGAGT-1",1
"CTACGTCAGGTGCAAC-1",4
"CTACGTCAGTGCGATG-1",0
"CTACGTCAGTTGTCGT-1",4
"CTACGTCCATATACCG-1",4
"CTACGTCGTATATGGA-1",6
"CTACGTCGTGTGGTTT-1",1
"CTACGTCTCAAAGTAG-1",2
"CTACGTCTCACGACTA-1",6
"CTACGTCTCACGGTTA-1",1
"CTACGTCTCCTAGAAC-1",1
"CTAGAGTAGCTGTCTA-1",7
"CTAGAGTAGGATCGCA-1",2
"CTAGAGTAGTCCATAC-1",1
"CTAGAGTCACATTAGC-1",3
"CTAGAGTCAGTATGCT-1",5
"CTAGAGTCATACTCTT-1",5
"CTAGAGTCATGTAAGA-1",1
"CTAGAGTGTGACCAAG-1",1
"CTAGAGTTCAACACCA-1",2
"CTAGAGTTCCGTCAAA-1",3
"CTAGAGTTCCTAAGTG-1",2
"CTAGAGTTCGCCAGCA-1",1
"CTAGAGTTCGCTTAGA-1",9
"CTAGAGTTCGTGACAT-1",1
"CTAGAGTTCTGATTCT-1",4
"CTAGCCTCACCAGATT-1",1
"CTAGCCTGTATATCCG-1",3
"CTAGCCTGTGATGCCC-1",2
"CTAGCCTTCGGGAGTA-1",5
"CTAGTGAAGCTGGAAC-1",2
"CTAGTGAAGTGTACCT-1",1
"CTAGTGACAAGTCTAC-1",0
"CTAGTGACAGGATCGA-1",5
"CTAGTGAGTTATGCGT-1",1
"CTAGTGATCAGTTGAC-1",2
"CTAGTGATCCAGTAGT-1",3
"CTCACACAGCTAAGAT-1",1
"CTCACACAGCTGCCCA-1",3
"CTCACACAGGATGCGT-1",2
"CTCACACCACGTAAGG-1",2
"CTCACACCACTGTTAG-1",2
"CTCACACCATATACGC-1",0
"CTCACACGTGCTGTAT-1",1
"CTCACACGTTCCATGA-1",2
"CTCACACGTTTGGGCC-1",2
"CTCACACTCACCGGGT-1",2
"CTCACACTCATCGGAT-1",1
"CTCACACTCCGCGCAA-1",0
"CTCACACTCTAACCGA-1",1
"CTCAGAAAGAGCTGCA-1",5
"CTCAGAAAGGAGTAGA-1",3
"CTCAGAACAACGCACC-1",6
"CTCAGAACAAGCGATG-1",1
"CTCAGAACAGGGCATA-1",4
"CTCAGAAGTGACGGTA-1",1
"CTCAGAATCTTAACCT-1",1
"CTCATTAAGAACTGTA-1",0
"CTCATTACATGGTCAT-1",1
"CTCATTAGTGTAACGG-1",2
"CTCATTAGTTTACTCT-1",2
"CTCCTAGCAAGTACCT-1",1
"CTCCTAGCAATTCCTT-1",1
"CTCCTAGCACTGTCGG-1",0
"CTCCTAGCAGTCCTTC-1",4
"CTCCTAGCATAACCTG-1",0
"CTCCTAGCATGCGCAC-1",1
"CTCCTAGGTAGAAAGG-1",4
"CTCCTAGGTCCGAGTC-1",0
"CTCCTAGGTCTAGCCG-1",2
"CTCCTAGGTGTTTGTG-1",2
"CTCCTAGGTTCGTGAT-1",2
"CTCCTAGGTTGTTTGG-1",2
"CTCCTAGTCACTTACT-1",3
"CTCCTAGTCTCATTCA-1",1
"CTCGAAAAGCCCAACC-1",0
"CTCGAAAAGCTATGCT-1",3
"CTCGAAAAGGCCCTTG-1",1
"CTCGAAAAGGGCTTCC-1",1
"CTCGAAACAAGCCGTC-1",0
"CTCGAAACACATTAGC-1",6
"CTCGAAACACCGAAAG-1",2
"CTCGAAACACGGCTAC-1",1
"CTCGAAACAGTAAGAT-1",3
"CTCGAAACATACGCCG-1",0
"CTCGAGGAGCCATCGC-1",1
"CTCGAGGAGGGCTTCC-1",2
"CTCGAGGCAGATAATG-1",14
"CTCGAGGGTATTCTCT-1",5
"CTCGAGGGTGCCTGGT-1",0
"CTCGGAGAGTCCCACG-1",0
"CTCGGAGCACTTCTGC-1",1
"CTCGGAGCAGCTGCAC-1",2
"CTCGGAGCAGGATCGA-1",3
"CTCGGAGGTAGCCTAT-1",0
"CTCGGAGGTCATGCCG-1",0
"CTCGGAGTCAAACGGG-1",1
"CTCGGAGTCACATACG-1",5
"CTCGGAGTCAGCTTAG-1",2
"CTCGGGAAGACCTAGG-1",3
"CTCGGGACACAGCCCA-1",2
"CTCGGGACATAAAGGT-1",1
"CTCGGGACATCCCACT-1",5
"CTCGGGACATGTCGAT-1",0
"CTCGGGAGTCGCGTGT-1",3
"CTCGGGAGTGACTACT-1",6
"CTCGGGAGTTACGACT-1",0
"CTCGGGATCCGTACAA-1",2
"CTCGGGATCCTTGACC-1",0
"CTCGGGATCTTAGCCC-1",0
"CTCGGGATCTTGTTTG-1",1
"CTCGTACAGCGATAGC-1",1
"CTCGTACCAGCGTAAG-1",1
"CTCGTACCATAGTAAG-1",2
"CTCGTACGTAGAGTGC-1",2
"CTCGTACGTATCACCA-1",3
"CTCGTACGTGCAGTAG-1",1
"CTCGTACTCAAAGTAG-1",1
"CTCGTACTCAATCTCT-1",0
"CTCGTACTCGTTGCCT-1",0
"CTCGTACTCTGGTTCC-1",1
"CTCGTCAAGATGCCTT-1",3
"CTCGTCAAGTGGAGTC-1",12
"CTCGTCAAGTTTGCGT-1",2
"CTCGTCACAACGATCT-1",1
"CTCGTCACACATCCGG-1",2
"CTCGTCACAGTCGTGC-1",2
"CTCGTCAGTCTCATCC-1",1
"CTCGTCAGTCTCCATC-1",1
"CTCGTCAGTGAGCGAT-1",0
"CTCGTCAGTTGACGTT-1",0
"CTCGTCAGTTGGGACA-1",1
"CTCGTCATCACTTATC-1",2
"CTCGTCATCGACCAGC-1",3
"CTCGTCATCTGCTGTC-1",9
"CTCTAATCACCAGGTC-1",0
"CTCTAATCACGGTGTC-1",1
"CTCTAATCAGGAATCG-1",0
"CTCTAATGTCCAAGTT-1",2
"CTCTACGAGCTAAACA-1",1
"CTCTACGAGCTAGTGG-1",2
"CTCTACGAGTACGCCC-1",2
"CTCTACGAGTAGGCCA-1",0
"CTCTACGCAATAACGA-1",3
"CTCTACGCAGACGCTC-1",7
"CTCTACGCATGACATC-1",1
"CTCTACGTCATGTCTT-1",0
"CTCTACGTCCCTAATT-1",0
"CTCTACGTCGGCATCG-1",3
"CTCTACGTCGGTCTAA-1",2
"CTCTGGTAGCAGCGTA-1",4
"CTCTGGTAGCGTTCCG-1",3
"CTCTGGTAGGCATGGT-1",2
"CTCTGGTAGTGCCAGA-1",1
"CTCTGGTCACAAGCCC-1",3
"CTCTGGTCAGCCTTTC-1",2
"CTCTGGTTCATCTGTT-1",1
"CTCTGGTTCTTGTACT-1",0
"CTGAAACAGATCCCGC-1",2
"CTGAAACAGGTGCTAG-1",1
"CTGAAACAGTCCGTAT-1",3
"CTGAAACAGTGTCTCA-1",1
"CTGAAACGTCATCGGC-1",6
"CTGAAACGTTAAAGAC-1",4
"CTGAAACTCATACGGT-1",5
"CTGAAGTAGTGCGTGA-1",3
"CTGAAGTCAGCTGTAT-1",5
"CTGAAGTGTTAAAGTG-1",0
"CTGAAGTTCAAGCCTA-1",2
"CTGAAGTTCGGATGTT-1",0
"CTGATAGAGGGAGTAA-1",2
"CTGATAGAGTGCAAGC-1",4
"CTGATAGCAGCCTTTC-1",4
"CTGATAGCATCCCATC-1",0
"CTGATAGCATCTCCCA-1",0
"CTGATAGGTCAAAGCG-1",12
"CTGATAGGTCGCTTTC-1",0
"CTGATAGGTTACGACT-1",1
"CTGATAGTCGCGATCG-1",0
"CTGATAGTCTTATCTG-1",1
"CTGATCCAGGCATTGG-1",2
"CTGATCCAGGTGACCA-1",0
"CTGATCCCACAGAGGT-1",3
"CTGATCCCAGGCTGAA-1",1
"CTGATCCGTGCCTGGT-1",4
"CTGATCCGTTATCCGA-1",0
"CTGATCCGTTGTGGCC-1",1
"CTGCCTAAGGGTCTCC-1",3
"CTGCCTAAGGTGATAT-1",2
"CTGCCTAAGTACGCGA-1",0
"CTGCCTAAGTGCGTGA-1",2
"CTGCCTACATCCCACT-1",3
"CTGCCTATCAATAAGG-1",7
"CTGCGGAAGAAGGACA-1",3
"CTGCGGAAGAGCTGGT-1",3
"CTGCGGAAGATGAGAG-1",3
"CTGCGGACAGGTCGTC-1",5
"CTGCGGACATGTCTCC-1",1
"CTGCGGAGTCACTTCC-1",5
"CTGCGGAGTCGTGGCT-1",4
"CTGCGGAGTTCTGTTT-1",1
"CTGCGGAGTTGGACCC-1",2
"CTGCGGATCGCCTGTT-1",0
"CTGCGGATCTTACCGC-1",2
"CTGCTGTAGGGTGTTG-1",0
"CTGCTGTAGTACCGGA-1",4
"CTGCTGTAGTGGAGAA-1",1
"CTGCTGTCACATCTTT-1",5
"CTGCTGTGTTAAAGAC-1",1
"CTGCTGTTCTCCAACC-1",0
"CTGCTGTTCTTACCGC-1",2
"CTGGTCTAGCGTTGCC-1",7
"CTGGTCTAGGACAGCT-1",5
"CTGGTCTAGGGCTTGA-1",2
"CTGGTCTAGTCGAGTG-1",0
"CTGGTCTCAAAGGAAG-1",0
"CTGGTCTCACCAGTTA-1",1
"CTGGTCTGTACCTACA-1",3
"CTGGTCTGTACGCTGC-1",13
"CTGGTCTGTCCGCTGA-1",0
"CTGGTCTGTCCGTTAA-1",2
"CTGGTCTGTTCATGGT-1",2
"CTGGTCTGTTCGTGAT-1",1
"CTGGTCTTCAACGGGA-1",4
"CTGGTCTTCACTTACT-1",4
"CTGGTCTTCTTACCTA-1",0
"CTGTGCTGTATATCCG-1",0
"CTGTGCTGTCATCCCT-1",1
"CTGTGCTGTCCCTACT-1",0
"CTGTGCTGTCGGCACT-1",1
"CTGTGCTTCCATTCTA-1",1
"CTGTGCTTCCGTACAA-1",1
"CTGTTTAAGAAACCGC-1",0
"CTGTTTAAGATCGATA-1",2
"CTGTTTAAGGAGTTGC-1",0
"CTGTTTAGTCAAAGCG-1",2
"CTGTTTATCAGCCTAA-1",2
"CTGTTTATCATTTGGG-1",1
"CTGTTTATCTCCAGGG-1",0
"CTGTTTATCTCTTGAT-1",5
"CTGTTTATCTTCTGGC-1",2
"CTTAACTAGCCAGTAG-1",3
"CTTAACTAGGCTCTTA-1",0
"CTTAACTAGGTGCACA-1",0
"CTTAACTAGTCTCGGC-1",1
"CTTACCGAGCGCTTAT-1",11
"CTTACCGAGGCTACGA-1",3
"CTTACCGCAGATCTGT-1",4
"CTTACCGCAGTCAGAG-1",6
"CTTACCGGTCCTGCTT-1",0
"CTTACCGGTCGCCATG-1",1
"CTTACCGGTCTACCTC-1",2
"CTTACCGTCGGACAAG-1",0
"CTTAGGAAGCCCAACC-1",4
"CTTAGGACACGACGAA-1",0
"CTTAGGAGTTATGTGC-1",0
"CTTAGGATCCCATTTA-1",8
"CTTAGGATCTTTACAC-1",1
"CTTCTCTAGAACTCGG-1",1
"CTTCTCTAGAGTGAGA-1",0
"CTTCTCTAGCAGGCTA-1",2
"CTTCTCTAGTTAACGA-1",5
"CTTCTCTCAAAGGTGC-1",1
"CTTCTCTGTAACGACG-1",3
"CTTCTCTGTGCATCTA-1",0
"CTTCTCTTCGAGCCCA-1",0
"CTTGGCTAGCGATATA-1",1
"CTTGGCTAGTACGTTC-1",4
"CTTGGCTCATTACCTT-1",1
"CTTGGCTGTCTCCATC-1",2
"CTTGGCTTCCCTAATT-1",0
"CTTGGCTTCGCGTAGC-1",1
"CTTGGCTTCTCGTTTA-1",11
"CTTTGCGAGCAAATCA-1",0
"CTTTGCGAGCGTTCCG-1",12
"CTTTGCGAGTATCTCG-1",0
"CTTTGCGCAATTCCTT-1",1
"CTTTGCGCACTTAAGC-1",9
"CTTTGCGCAGACGCAA-1",1
"CTTTGCGGTAGAGGAA-1",1
"CTTTGCGTCCAGGGCT-1",0
"GAAACTCAGAGACGAA-1",0
"GAAACTCAGAGGTTAT-1",3
"GAAACTCAGCAGCCTC-1",1
"GAAACTCAGCCCAGCT-1",1
"GAAACTCAGCTAAACA-1",4
"GAAACTCAGTGCTGCC-1",3
"GAAACTCCAAGCCCAC-1",2
"GAAACTCCACATGACT-1",0
"GAAACTCCAGACACTT-1",0
"GAAACTCCATGGATGG-1",1
"GAAACTCGTACTCGCG-1",0
"GAAACTCGTAGCGATG-1",1
"GAAACTCGTGTGAAAT-1",1
"GAAACTCGTTTGTGTG-1",0
"GAAATGAAGACTAGGC-1",2
"GAAATGAAGCCAGTTT-1",3
"GAAATGAAGCTAGTCT-1",2
"GAAATGAAGTACGTAA-1",3
"GAAATGATCATGCTCC-1",0
"GAAATGATCCTCGCAT-1",2
"GAACATCAGATGGCGT-1",0
"GAACATCCAACAACCT-1",0
"GAACATCCACATCTTT-1",1
"GAACATCCACCTATCC-1",1
"GAACATCCACGGACAA-1",1
"GAACATCCATGCTAGT-1",0
"GAACATCGTACGACCC-1",2
"GAACATCGTGGACGAT-1",4
"GAACATCGTTCCCGAG-1",0
"GAACATCTCCAAGTAC-1",0
"GAACATCTCGATCCCT-1",4
"GAACATCTCTCCAACC-1",3
"GAACCTAAGAACTGTA-1",3
"GAACCTAAGAGCAATT-1",2
"GAACCTAAGCCAGTAG-1",2
"GAACCTACAAGGACAC-1",1
"GAACCTACAGACACTT-1",1
"GAACCTAGTACCAGTT-1",2
"GAACCTAGTGTCAATC-1",6
"GAACCTATCACGATGT-1",2
"GAACGGAAGACGCAAC-1",0
"GAACGGAAGTAATCCC-1",2
"GAACGGAAGTCAATAG-1",2
"GAACGGAAGTGGACGT-1",0
"GAACGGACACAGCGTC-1",0
"GAACGGACACCTCGTT-1",1
"GAACGGACACTTAACG-1",0
"GAACGGAGTAGCGTAG-1",4
"GAACGGAGTCAGAGGT-1",2
"GAACGGAGTGGCGAAT-1",9
"GAACGGATCACTCCTG-1",3
"GAACGGATCCACGAAT-1",5
"GAACGGATCGTAGGAG-1",7
"GAACGGATCTGTCAAG-1",0
"GAAGCAGAGACTAAGT-1",6
"GAAGCAGAGAGACGAA-1",2
"GAAGCAGAGCCACGCT-1",5
"GAAGCAGAGTTCGCGC-1",4
"GAAGCAGCAATCCGAT-1",2
"GAAGCAGCACTCGACG-1",2
"GAAGCAGCAGATCTGT-1",1
"GAAGCAGCAGATGAGC-1",2
"GAAGCAGCATGAACCT-1",3
"GAAGCAGCATGGAATA-1",1
"GAAGCAGGTAACGCGA-1",2
"GAAGCAGGTCATACTG-1",5
"GAAGCAGTCCTAGTGA-1",2
"GAAGCAGTCTTATCTG-1",3
"GAATAAGCAAGGTGTG-1",2
"GAATAAGCAGACAAGC-1",0
"GAATAAGCATGCAACT-1",1
"GAATAAGGTCCGTTAA-1",1
"GAATAAGGTGAGTGAC-1",2
"GAATAAGGTTCCCTTG-1",1
"GAATAAGTCGTTTAGG-1",1
"GAATGAAAGAGTCTGG-1",2
"GAATGAAAGCTTATCG-1",1
"GAATGAAAGGCATGTG-1",1
"GAATGAACAAACGCGA-1",1
"GAATGAACAGTGAGTG-1",0
"GAATGAACATCATCCC-1",0
"GAATGAAGTCAACATC-1",2
"GAATGAAGTCTCACCT-1",1
"GAATGAAGTGGCAAAC-1",3
"GAATGAAGTTGCGTTA-1",3
"GAATGAATCAGTTAGC-1",0
"GAATGAATCCTGCCAT-1",4
"GACACGCAGACGCACA-1",3
"GACACGCAGAGTAATC-1",1
"GACACGCAGCCAACAG-1",2
"GACACGCAGGAGTTTA-1",3
"GACACGCAGGGCATGT-1",1
"GACACGCAGGTGCACA-1",0
"GACACGCAGTCCAGGA-1",1
"GACACGCAGTGGGATC-1",0
"GACACGCAGTGGGTTG-1",0
"GACACGCCAAGCGTAG-1",7
"GACACGCCAAGGACAC-1",1
"GACACGCCAGACGCTC-1",4
"GACACGCCATCCTTGC-1",9
"GACACGCGTTCACGGC-1",0
"GACACGCTCATGTAGC-1",4
"GACAGAGAGTACGATA-1",9
"GACAGAGCAACGATCT-1",11
"GACAGAGCAAGTCTAC-1",0
"GACAGAGCAGCTCCGA-1",15
"GACAGAGCAGCTGGCT-1",4
"GACAGAGGTAGAAAGG-1",3
"GACAGAGTCAAACAAG-1",2
"GACAGAGTCAGAGACG-1",2
"GACAGAGTCCTTCAAT-1",5
"GACAGAGTCCTTGCCA-1",2
"GACAGAGTCTTCATGT-1",0
"GACCAATAGAAGGGTA-1",2
"GACCAATAGCTACCGC-1",0
"GACCAATAGCTACCTA-1",0
"GACCAATCAGGTGCCT-1",4
"GACCAATCATGCGCAC-1",3
"GACCAATGTACAGTTC-1",1
"GACCAATGTCGCTTCT-1",1
"GACCAATTCCGATATG-1",4
"GACCAATTCGAATGGG-1",0
"GACCAATTCGTCACGG-1",0
"GACCTGGCATCACAAC-1",3
"GACCTGGCATGTCTCC-1",1
"GACCTGGCATTGGCGC-1",5
"GACCTGGGTAAAGGAG-1",2
"GACCTGGGTCCAGTTA-1",3
"GACCTGGGTGCAGTAG-1",2
"GACCTGGTCATAGCAC-1",1
"GACCTGGTCCTTGCCA-1",10
"GACCTGGTCGCATGAT-1",0
"GACCTGGTCGTCACGG-1",1
"GACGCGTAGTGGTAAT-1",6
"GACGCGTAGTTGTAGA-1",1
"GACGCGTGTAAAGGAG-1",5
"GACGCGTGTGTGAAAT-1",4
"GACGCGTGTTAAGACA-1",1
"GACGCGTTCAAACCGT-1",3
"GACGCGTTCCAAATGC-1",2
"GACGCGTTCCGCGGTA-1",0
"GACGCGTTCCTACAGA-1",1
"GACGCGTTCGACGGAA-1",1
"GACGCGTTCTCCGGTT-1",45
"GACGGCTAGAAGATTC-1",0
"GACGGCTAGAGCTGGT-1",2
"GACGGCTCAAGGTTTC-1",3
"GACGGCTCACCGCTAG-1",0
"GACGGCTCATGAACCT-1",0
"GACGGCTCATGCAACT-1",0
"GACGGCTGTGTGTGCC-1",1
"GACGGCTGTTATGTGC-1",0
"GACGGCTGTTTGGCGC-1",2
"GACGGCTTCTATCGCC-1",2
"GACGTGCAGGCAAAGA-1",0
"GACGTGCAGGGTGTGT-1",4
"GACGTGCAGGTGTTAA-1",0
"GACGTGCCAGGTCGTC-1",2
"GACGTGCGTAACGTTC-1",0
"GACGTGCTCACCTCGT-1",0
"GACGTTAAGCTACCGC-1",3
"GACGTTAAGGCAAAGA-1",6
"GACGTTAAGTCAAGCG-1",7
"GACGTTACAAGCCATT-1",4
"GACGTTACAAGGTTTC-1",1
"GACGTTACAGACACTT-1",2
"GACGTTAGTATCTGCA-1",1
"GACGTTAGTTTGACAC-1",3
"GACGTTAGTTTGACTG-1",5
"GACGTTATCACAGGCC-1",1
"GACGTTATCATTGCGA-1",1
"GACGTTATCCCGGATG-1",1
"GACGTTATCCGAAGAG-1",0
"GACGTTATCGCGTTTC-1",1
"GACGTTATCTGTCCGT-1",1
"GACTAACAGACAGAGA-1",13
"GACTAACAGTGGAGAA-1",2
"GACTAACCAAATCCGT-1",1
"GACTAACGTCTAGTCA-1",6
"GACTAACGTGCAACTT-1",0
"GACTAACGTTCAGACT-1",4
"GACTAACTCCGCGCAA-1",2
"GACTAACTCCTTTCTC-1",3
"GACTAACTCTTGCCGT-1",0
"GACTAACTCTTTACAC-1",9
"GACTACAAGATATGGT-1",0
"GACTACACAAATCCGT-1",0
"GACTACAGTGCTGTAT-1",0
"GACTACATCAGCCTAA-1",0
"GACTACATCAGGTAAA-1",4
"GACTACATCTGCAGTA-1",1
"GACTGCGAGCGTAGTG-1",0
"GACTGCGAGTTGTAGA-1",1
"GACTGCGCACTTAACG-1",1
"GACTGCGCATGTTCCC-1",1
"GACTGCGGTACGCACC-1",3
"GACTGCGGTTCTCATT-1",1
"GACTGCGTCAACACAC-1",4
"GACTGCGTCACGACTA-1",1
"GACTGCGTCGCCCTTA-1",0
"GACTGCGTCTCAAACG-1",0
"GAGCAGAGTAGGGTAC-1",1
"GAGCAGAGTCAGATAA-1",2
"GAGCAGAGTCATATGC-1",1
"GAGCAGAGTGAGCGAT-1",1
"GAGCAGAGTGTAACGG-1",1
"GAGCAGAGTGTGACCC-1",1
"GAGCAGAGTTCGGGCT-1",1
"GAGCAGAGTTTAAGCC-1",0
"GAGCAGAGTTTGCATG-1",5
"GAGGTGAAGCAACGGT-1",0
"GAGGTGAAGGCTCTTA-1",0
"GAGGTGAAGTGGTAGC-1",5
"GAGGTGAAGTTGTAGA-1",1
"GAGGTGACACTGTCGG-1",1
"GAGGTGACATCCTTGC-1",1
"GAGGTGACATGCATGT-1",2
"GAGGTGAGTACCTACA-1",0
"GAGGTGAGTCATTAGC-1",1
"GAGGTGAGTTCCTCCA-1",14
"GAGGTGATCATCGCTC-1",1
"GAGGTGATCTAGAGTC-1",1
"GAGGTGATCTCTAGGA-1",4
"GAGGTGATCTGCTGTC-1",4
"GAGGTGATCTGGGCCA-1",0
"GAGTCCGAGGACAGAA-1",2
"GAGTCCGAGGCATGTG-1",0
"GAGTCCGAGGCGTACA-1",0
"GAGTCCGCAAACCCAT-1",3
"GAGTCCGGTCAAGCGA-1",0
"GAGTCCGGTGACCAAG-1",2
"GAGTCCGGTGACTCAT-1",3
"GAGTCCGGTGTGACCC-1",1
"GAGTCCGGTTCGGGCT-1",1
"GAGTCCGGTTTGCATG-1",2
"GAGTCCGTCGGCGCAT-1",1
"GAGTCCGTCTGATTCT-1",2
"GATCAGTAGATGTCGG-1",4
"GATCAGTAGTGGTAGC-1",1
"GATCAGTGTATATGAG-1",8
"GATCAGTGTCTGCGGT-1",0
"GATCAGTGTTATGCGT-1",5
"GATCAGTGTTGTACAC-1",13
"GATCAGTTCCCGACTT-1",1
"GATCGATAGAATGTTG-1",3
"GATCGATAGAGCTGCA-1",0
"GATCGATAGCATGGCA-1",0
"GATCGATCAAGCGAGT-1",1
"GATCGATCAAGCGTAG-1",0
"GATCGATGTCAACATC-1",9
"GATCGATGTTGCCTCT-1",1
"GATCGATTCCGCATCT-1",5
"GATCGCGAGATAGTCA-1",6
"GATCGCGAGCCTTGAT-1",1
"GATCGCGAGGAGCGTT-1",5
"GATCGCGCAGGTCGTC-1",2
"GATCGCGGTACAGCAG-1",2
"GATCGCGGTGAGTATA-1",1
"GATCGCGGTTGTCGCG-1",0
"GATCGCGTCACTCCTG-1",1
"GATCGTAAGACATAAC-1",10
"GATCGTAAGCTCAACT-1",1
"GATCGTACATAACCTG-1",1
"GATCGTAGTGGCTCCA-1",0
"GATCGTATCATATCGG-1",1
"GATCGTATCATGTCCC-1",1
"GATCGTATCTTACCGC-1",2
"GATCTAGAGCGTCTAT-1",0
"GATCTAGAGTGGAGAA-1",2
"GATCTAGCAACACCTA-1",1
"GATCTAGCAAGGGTCA-1",5
"GATCTAGGTCTAAAGA-1",3
"GATCTAGGTCTCACCT-1",0
"GATCTAGGTCTCTTTA-1",4
"GATCTAGTCACATAGC-1",4
"GATCTAGTCTAAGCCA-1",1
"GATGAAAAGAGTAATC-1",6
"GATGAAAAGCTCCCAG-1",0
"GATGAAACACGGTAGA-1",2
"GATGAAACAGCTGTAT-1",0
"GATGAAAGTGGGTATG-1",8
"GATGAAATCACCCTCA-1",3
"GATGAAATCACTCCTG-1",3
"GATGAAATCAGCAACT-1",1
"GATGAAATCGAGAGCA-1",1
"GATGAGGAGATCCCGC-1",1
"GATGAGGAGTTCGATC-1",3
"GATGAGGCACCAGTTA-1",1
"GATGAGGGTATCACCA-1",0
"GATGAGGGTATTCGTG-1",2
"GATGAGGGTCGCGTGT-1",3
"GATGAGGGTGATGATA-1",2
"GATGAGGTCACAGGCC-1",2
"GATGAGGTCACATAGC-1",2
"GATGAGGTCCCTTGTG-1",4
"GATGAGGTCTGCTGTC-1",1
"GATGCTAAGACTAAGT-1",6
"GATGCTAAGGATGCGT-1",2
"GATGCTAAGGCTCTTA-1",1
"GATGCTAAGGGAACGG-1",3
"GATGCTAAGTATCTCG-1",2
"GATGCTAAGTCTCGGC-1",4
"GATGCTACATGTTGAC-1",1
"GATGCTACATTGCGGC-1",6
"GATGCTAGTCTCCATC-1",0
"GATGCTAGTGGAAAGA-1",0
"GATGCTAGTTAGGGTG-1",2
"GATGCTATCCTGTACC-1",4
"GATGCTATCGGCGCTA-1",3
"GATTCAGAGAAACCTA-1",2
"GATTCAGAGAGTGACC-1",1
"GATTCAGAGATTACCC-1",3
"GATTCAGAGGGTCGAT-1",2
"GATTCAGAGGTCGGAT-1",1
"GATTCAGAGTCAATAG-1",1
"GATTCAGCAAGTTGTC-1",10
"GATTCAGCAATTCCTT-1",7
"GATTCAGCAGGGTACA-1",1
"GATTCAGCATCGACGC-1",5
"GATTCAGCATTATCTC-1",4
"GATTCAGGTAAATACG-1",0
"GATTCAGTCAACTCTT-1",6
"GCAAACTAGATGTTAG-1",1
"GCAAACTAGTCATGCT-1",0
"GCAAACTAGTCTCAAC-1",1
"GCAAACTCACAGGTTT-1",1
"GCAAACTGTCAGATAA-1",5
"GCAAACTGTCTCCATC-1",0
"GCAAACTTCGTGGTCG-1",10
"GCAATCAAGGGATCTG-1",0
"GCAATCAAGTATCTCG-1",1
"GCAATCAAGTGGGTTG-1",4
"GCAATCACAGCTTAAC-1",1
"GCAATCACATGTCGAT-1",2
"GCAATCACATTCCTCG-1",3
"GCAATCAGTAGGAGTC-1",1
"GCAATCAGTATAATGG-1",5
"GCAATCAGTTCTCATT-1",3
"GCAATCAGTTCTGGTA-1",2
"GCACATAAGAGCTATA-1",11
"GCACATAAGATGTTAG-1",1
"GCACATAAGCCTTGAT-1",0
"GCACATAAGGAGTACC-1",5
"GCACATAAGTGAAGTT-1",0
"GCACATACACCACGTG-1",1
"GCACATACAGCTGTAT-1",4
"GCACATACAGGAACGT-1",1
"GCACATAGTCATCGGC-1",7
"GCACATAGTCCGAATT-1",2
"GCACATAGTCTCTTTA-1",1
"GCACATAGTGCGCTTG-1",1
"GCACATATCACCTCGT-1",1
"GCACATATCTGGTTCC-1",1
"GCACTCTCAAGACACG-1",5
"GCACTCTCAATCACAC-1",4
"GCACTCTCATTTCAGG-1",1
"GCACTCTGTAAACCTC-1",2
"GCACTCTGTACCAGTT-1",4
"GCACTCTGTAGAAAGG-1",1
"GCACTCTGTCGAACAG-1",0
"GCACTCTGTCTAGGTT-1",4
"GCACTCTTCAACTCTT-1",0
"GCACTCTTCCCTAATT-1",3
"GCACTCTTCTGCCCTA-1",1
"GCAGCCAAGCTGATAA-1",4
"GCAGCCACATGAGCGA-1",1
"GCAGCCAGTAATCGTC-1",1
"GCAGCCAGTGTCGCTG-1",1
"GCAGCCATCAGTTGAC-1",2
"GCAGCCATCCCAACGG-1",1
"GCAGCCATCCGTACAA-1",24
"GCAGTTAAGTCCATAC-1",7
"GCAGTTAAGTCCGTAT-1",1
"GCAGTTAAGTTAACGA-1",14
"GCAGTTAGTGGACGAT-1",1
"GCAGTTAGTTATTCTC-1",1
"GCAGTTATCGCGATCG-1",1
"GCATACAAGATCTGCT-1",3
"GCATACAAGCAACGGT-1",8
"GCATACACAACGCACC-1",8
"GCATACACAAGGACTG-1",5
"GCATACACAAGTCTGT-1",2
"GCATACACAGTCAGCC-1",3
"GCATACACATCCTAGA-1",0
"GCATACACATCGGAAG-1",0
"GCATACAGTCCGAACC-1",0
"GCATACAGTTCTGGTA-1",0
"GCATACATCCACGACG-1",1
"GCATGATAGAATGTTG-1",1
"GCATGATAGAGTAATC-1",3
"GCATGATAGCTGATAA-1",2
"GCATGATAGGACCACA-1",6
"GCATGATAGGCTAGCA-1",2
"GCATGATAGTCAAGCG-1",1
"GCATGATAGTGGAGAA-1",13
"GCATGATCACACCGAC-1",1
"GCATGATCACATTTCT-1",0
"GCATGATGTCCCTACT-1",2
"GCATGATGTTGCGCAC-1",12
"GCATGATTCGTGGACC-1",1
"GCATGCGAGCATGGCA-1",1
"GCATGCGAGTCCAGGA-1",2
"GCATGCGCACTGCCAG-1",3
"GCATGCGGTAAGGATT-1",2
"GCATGCGGTCCTCTTG-1",1
"GCATGCGGTGTGAAAT-1",5
"GCATGCGTCCGCGGTA-1",5
"GCATGTAAGAACTGTA-1",0
"GCATGTAAGACAGACC-1",2
"GCATGTAAGTACTTGC-1",1
"GCATGTAAGTGCAAGC-1",2
"GCATGTACAACACGCC-1",2
"GCATGTATCACGAAGG-1",1
"GCCAAATCAAACTGTC-1",1
"GCCAAATCAAGGGTCA-1",1
"GCCAAATCAAGTTCTG-1",1
"GCCAAATCAGCCACCA-1",2
"GCCAAATCATAACCTG-1",3
"GCCAAATGTATAAACG-1",4
"GCCAAATGTGTTTGGT-1",2
"GCCAAATGTTTCGCTC-1",1
"GCCAAATTCAGGTAAA-1",0
"GCCAAATTCCGAGCCA-1",1
"GCCAAATTCCGCGGTA-1",1
"GCCAAATTCGGCTACG-1",0
"GCCTCTAAGAGTACCG-1",3
"GCCTCTAAGCCATCGC-1",2
"GCCTCTAAGCCGCCTA-1",0
"GCCTCTAAGCGATAGC-1",2
"GCCTCTAAGCTGCAAG-1",2
"GCCTCTAAGCTTCGCG-1",2
"GCCTCTAAGTCACGCC-1",3
"GCCTCTACAAGACGTG-1",2
"GCCTCTACAGCTATTG-1",3
"GCCTCTAGTAAGGATT-1",0
"GCCTCTAGTGATGATA-1",3
"GCCTCTAGTTAAGGGC-1",9
"GCCTCTATCAGCGACC-1",4
"GCCTCTATCCGATATG-1",0
"GCCTCTATCGAATCCA-1",2
"GCCTCTATCGAGCCCA-1",2
"GCCTCTATCGCTGATA-1",1
"GCCTCTATCTTTAGGG-1",2
"GCGACCAAGAGGTTAT-1",2
"GCGACCACACTTACGA-1",2
"GCGACCAGTCAGGACA-1",2
"GCGACCAGTCTAGAGG-1",5
"GCGACCATCAACGGGA-1",6
"GCGACCATCCCGGATG-1",0
"GCGACCATCTACTCAT-1",6
"GCGAGAAAGGTTCCTA-1",4
"GCGAGAAAGTACGATA-1",7
"GCGAGAAAGTGTCTCA-1",2
"GCGAGAACAAGCCCAC-1",0
"GCGAGAACACTGAAGG-1",2
"GCGAGAAGTAGCGCTC-1",1
"GCGAGAAGTCCCTACT-1",4
"GCGAGAATCCTTTCGG-1",2
"GCGAGAATCGAGAGCA-1",0
"GCGAGAATCGCACTCT-1",3
"GCGCAACAGTCCTCCT-1",1
"GCGCAACAGTGTACGG-1",3
"GCGCAACCAAGTCTGT-1",6
"GCGCAACCAGCCACCA-1",3
"GCGCAACGTAGCGCTC-1",3
"GCGCAACGTCCCTTGT-1",3
"GCGCAACGTCCTAGCG-1",2
"GCGCAACGTCGACTAT-1",0
"GCGCAACGTCTAGAGG-1",0
"GCGCAACGTGCACGAA-1",7
"GCGCAACTCAATACCG-1",1
"GCGCAGTCACATCCAA-1",2
"GCGCAGTCATTACCTT-1",2
"GCGCAGTGTTAGGGTG-1",4
"GCGCAGTTCGATCCCT-1",3
"GCGCAGTTCGCGGATC-1",1
"GCGCCAAAGACATAAC-1",1
"GCGCCAAAGGACAGCT-1",4
"GCGCCAAAGGCCCTTG-1",2
"GCGCCAAAGGGCTTCC-1",1
"GCGCCAAAGGTACTCT-1",1
"GCGCCAACATAACCTG-1",2
"GCGCCAACATTGGGCC-1",1
"GCGCCAAGTACTTGAC-1",0
"GCGCCAAGTCGGCACT-1",1
"GCGCCAAGTGAAAGAG-1",1
"GCGCCAAGTTGTACAC-1",2
"GCGCCAATCCGTTGCT-1",2
"GCGCGATAGAAGGTTT-1",0
"GCGCGATAGCAGGTCA-1",2
"GCGCGATAGTGAATTG-1",4
"GCGCGATAGTTTGCGT-1",13
"GCGCGATCAGCTCGAC-1",3
"GCGCGATGTAAGTAGT-1",2
"GCGCGATGTATCACCA-1",1
"GCGCGATGTCACTTCC-1",2
"GCGCGATGTTACCAGT-1",4
"GCGCGATTCAGTTAGC-1",1
"GCGCGATTCGTTTAGG-1",0
"GCGGGTTAGAAACGAG-1",5
"GCGGGTTAGCTATGCT-1",1
"GCGGGTTAGTGTGAAT-1",5
"GCGGGTTCACGCGAAA-1",2
"GCGGGTTCAGGCAGTA-1",2
"GCGGGTTCAGTAACGG-1",4
"GCGGGTTGTGAGTATA-1",3
"GCGGGTTGTGGCGAAT-1",1
"GCGGGTTTCCAAAGTC-1",2
"GCGGGTTTCCTTTCTC-1",2
"GCGGGTTTCTCCAACC-1",3
"GCGGGTTTCTTGAGGT-1",1
"GCGGGTTTCTTGTATC-1",6
"GCTCCTACAAACTGTC-1",4
"GCTCCTACACCAGGTC-1",2
"GCTCCTACACCGATAT-1",1
"GCTCCTACAGGGTACA-1",1
"GCTCCTACATTAGCCA-1",1
"GCTCCTAGTCAGGACA-1",1
"GCTCCTAGTCCGTCAG-1",4
"GCTCCTATCAGCCTAA-1",1
"GCTCCTATCCCTAATT-1",0
"GCTCTGTAGAGGTAGA-1",4
"GCTCTGTAGCTGAACG-1",1
"GCTCTGTAGGAGTCTG-1",0
"GCTCTGTAGTGCTGCC-1",0
"GCTCTGTAGTGGACGT-1",1
"GCTCTGTTCACCTCGT-1",5
"GCTGCAGAGCGTGAGT-1",1
"GCTGCAGAGTCAAGCG-1",2
"GCTGCAGAGTCCCACG-1",2
"GCTGCAGCAATTGCTG-1",3
"GCTGCAGCATGCCCGA-1",1
"GCTGCAGCATGCCTAA-1",1
"GCTGCAGGTAAACCTC-1",1
"GCTGCAGGTACGAAAT-1",2
"GCTGCAGGTAGCGCAA-1",1
"GCTGCAGGTCACCCAG-1",2
"GCTGCAGGTCATGCCG-1",4
"GCTGCGAAGGAATGGA-1",1
"GCTGCGAGTCTAACGT-1",5
"GCTGCGAGTGTTTGGT-1",1
"GCTGCGATCTCCTATA-1",3
"GCTGCGATCTTGTTTG-1",0
"GCTGCTTAGAATTGTG-1",2
"GCTGCTTAGGCAATTA-1",3
"GCTGCTTCATCACGTA-1",0
"GCTGCTTCATCCAACA-1",2
"GCTGCTTCATGCCTAA-1",1
"GCTGCTTCATGGTCAT-1",0
"GCTGCTTGTAACGACG-1",1
"GCTGCTTGTAATCGTC-1",2
"GCTGCTTGTAGGGACT-1",3
"GCTGCTTGTGAAAGAG-1",0
"GCTGCTTTCCGGGTGT-1",3
"GCTGGGTAGACCCACC-1",3
"GCTGGGTAGCCACGCT-1",2
"GCTGGGTAGTCGCCGT-1",1
"GCTGGGTAGTCTCAAC-1",1
"GCTGGGTCACGGCTAC-1",1
"GCTGGGTCAGCCAATT-1",0
"GCTGGGTGTACAGTTC-1",0
"GCTGGGTGTACCGTTA-1",1
"GCTGGGTGTCGAGTTT-1",0
"GCTGGGTGTCTCCACT-1",2
"GCTGGGTGTGCCTGTG-1",2
"GCTGGGTTCAGCTTAG-1",1
"GCTGGGTTCCTTAATC-1",0
"GCTTCCAAGAAACCTA-1",2
"GCTTCCACACCACCAG-1",1
"GCTTCCACAGGTCGTC-1",1
"GCTTCCACAGTGAGTG-1",1
"GCTTCCAGTATAGGTA-1",7
"GCTTCCAGTTCAGCGC-1",2
"GCTTCCATCGTCCAGG-1",1
"GCTTGAAAGATGGCGT-1",0
"GCTTGAAAGCCGTCGT-1",0
"GCTTGAACAAACCTAC-1",10
"GCTTGAACACGGTGTC-1",0
"GCTTGAACATCGGAAG-1",2
"GCTTGAAGTGCGGTAA-1",6
"GCTTGAAGTTCTCATT-1",1
"GCTTGAATCAGGATCT-1",0
"GGAAAGCAGGCAGGTT-1",1
"GGAAAGCCAAACGCGA-1",3
"GGAAAGCCAAGTACCT-1",8
"GGAAAGCGTAAGCACG-1",0
"GGAAAGCGTCCTCCAT-1",0
"GGAAAGCGTCGCGTGT-1",3
"GGAAAGCGTGCTTCTC-1",0
"GGAAAGCTCCAGAGGA-1",2
"GGAACTTAGAGTAAGG-1",0
"GGAACTTCAATGTAAG-1",0
"GGAACTTCACAGGAGT-1",5
"GGAACTTCACCTCGTT-1",1
"GGAACTTGTCTCTTTA-1",4
"GGAACTTTCATTGCCC-1",0
"GGAACTTTCATTTGGG-1",1
"GGAACTTTCCGTCATC-1",1
"GGAACTTTCCTCAACC-1",0
"GGAACTTTCGGATGTT-1",3
"GGAATAAAGGTACTCT-1",2
"GGAATAAAGTGTCCAT-1",1
"GGAATAACAGCGTCCA-1",2
"GGAATAAGTCTGGTCG-1",2
"GGAATAAGTGCAGGTA-1",1
"GGAATAATCAGCACAT-1",0
"GGAATAATCTTTACGT-1",2
"GGACAAGAGGTACTCT-1",0
"GGACAAGCAACGATGG-1",1
"GGACAAGCAGTCGTGC-1",2
"GGACAAGCATGGGACA-1",3
"GGACAAGGTATAAACG-1",3
"GGACAAGGTATGAAAC-1",2
"GGACAAGGTCGGCATC-1",0
"GGACAAGGTTATGCGT-1",4
"GGACAAGTCTAACGGT-1",4
"GGACAGAAGCTAGTCT-1",0
"GGACAGAAGTACTTGC-1",3
"GGACAGACAACACGCC-1",1
"GGACAGACACAAGCCC-1",2
"GGACAGAGTAAGTGGC-1",1
"GGACAGAGTCTTTCAT-1",1
"GGACAGAGTGAGGGAG-1",4
"GGACAGAGTTCCACAA-1",0
"GGACAGATCAACGCTA-1",8
"GGACATTAGAGGGCTT-1",1
"GGACATTAGCCACGTC-1",0
"GGACATTCAAACGCGA-1",4
"GGACATTCAATGACCT-1",0
"GGACATTCACCAGCAC-1",1
"GGACATTGTTCTGGTA-1",2
"GGACATTTCCTCTAGC-1",0
"GGACGTCAGTACTTGC-1",2
"GGACGTCAGTGGTAAT-1",1
"GGACGTCCACAGTCGC-1",2
"GGACGTCGTGAGGGAG-1",0
"GGACGTCGTGGCGAAT-1",6
"GGACGTCGTTACGGAG-1",1
"GGACGTCGTTTAAGCC-1",1
"GGACGTCTCCACTCCA-1",3
"GGACGTCTCGCAAACT-1",5
"GGACGTCTCTCCAGGG-1",0
"GGACGTCTCTCGAGTA-1",1
"GGACGTCTCTGGTGTA-1",8
"GGACGTCTCTTCGAGA-1",3
"GGAGCAAAGAACTCGG-1",0
"GGAGCAAAGACTGTAA-1",14
"GGAGCAAAGCCGCCTA-1",1
"GGAGCAAAGCTAAACA-1",5
"GGAGCAAAGTACGCCC-1",2
"GGAGCAACAAGCTGTT-1",0
"GGAGCAACAATGGACG-1",0
"GGAGCAACAATTCCTT-1",4
"GGAGCAACATGCTGGC-1",1
"GGAGCAAGTGAGTATA-1",3
"GGAGCAAGTTACTGAC-1",1
"GGAGCAATCAAGATCC-1",1
"GGAGCAATCCCATTTA-1",5
"GGATGTTCAAACTGTC-1",2
"GGATGTTTCATCACCC-1",1
"GGATGTTTCATGCATG-1",1
"GGATGTTTCCTACAGA-1",1
"GGATGTTTCCTCTAGC-1",2
"GGATTACAGATCCCAT-1",3
"GGATTACAGCTTCGCG-1",2
"GGATTACAGGCTAGCA-1",6
"GGATTACAGTATCTCG-1",1
"GGATTACCAAGCGTAG-1",3
"GGATTACCACATCCGG-1",3
"GGATTACCAGCGTAAG-1",1
"GGATTACGTAATAGCA-1",1
"GGATTACGTACACCGC-1",2
"GGATTACGTCTCTTTA-1",2
"GGATTACGTTGAGGTG-1",0
"GGATTACTCGCGCCAA-1",0
"GGATTACTCGGCGCAT-1",4
"GGATTACTCTGCCCTA-1",2
"GGCAATTCAATCGGTT-1",3
"GGCAATTCACGGCGTT-1",0
"GGCAATTCATCACCCT-1",0
"GGCAATTGTCGATTGT-1",0
"GGCAATTTCACTTACT-1",2
"GGCAATTTCAGCACAT-1",1
"GGCAATTTCTCCGGTT-1",2
"GGCCGATAGTGTCTCA-1",2
"GGCCGATCACGGACAA-1",1
"GGCCGATGTAGGACAC-1",3
"GGCCGATGTCACTGGC-1",5
"GGCCGATGTCCCTACT-1",1
"GGCCGATTCACCGTAA-1",2
"GGCCGATTCCGCGCAA-1",1
"GGCGACTAGAGCTGGT-1",4
"GGCGACTAGGACCACA-1",2
"GGCGACTAGGTTACCT-1",3
"GGCGACTCAAAGCGGT-1",4
"GGCGACTCAAGAGTCG-1",5
"GGCGACTCACCAGGTC-1",1
"GGCGACTCATTGTGCA-1",1
"GGCGACTTCAGAAATG-1",1
"GGCGACTTCAGAGACG-1",4
"GGCGACTTCCAGATCA-1",1
"GGCGACTTCTCTAGGA-1",0
"GGCGTGTAGCTAGCCC-1",3
"GGCGTGTAGGGTATCG-1",2
"GGCGTGTCAGGTCCAC-1",5
"GGCGTGTCAGTATAAG-1",0
"GGCGTGTCATCGTCGG-1",5
"GGCGTGTCATGGAATA-1",0
"GGCGTGTGTCTCCCTA-1",1
"GGCGTGTTCTTGAGGT-1",3
"GGCTCGAAGCCGTCGT-1",2
"GGCTCGAAGGTAAACT-1",4
"GGCTCGACAAGAAGAG-1",5
"GGCTCGACAATAGCAA-1",1
"GGCTCGACATGGTCAT-1",5
"GGCTCGAGTATATCCG-1",4
"GGCTCGAGTTACGTCA-1",1
"GGCTCGAGTTAGGGTG-1",5
"GGCTCGATCTGCAAGT-1",2
"GGCTGGTAGAAGAAGC-1",1
"GGCTGGTAGACCCACC-1",4
"GGCTGGTCAAGGACAC-1",4
"GGCTGGTCACTGCCAG-1",5
"GGCTGGTCATTTCAGG-1",1
"GGCTGGTGTATTCTCT-1",3
"GGCTGGTGTCGCATCG-1",1
"GGCTGGTGTCTAGTGT-1",2
"GGCTGGTGTTATGCGT-1",2
"GGGAATGAGCGTTGCC-1",2
"GGGAATGAGTAGGTGC-1",3
"GGGAATGGTAAGGGAA-1",0
"GGGAATGTCAACGAAA-1",0
"GGGAATGTCCAGTATG-1",0
"GGGAATGTCCGGGTGT-1",1
"GGGACCTAGATGTAAC-1",2
"GGGACCTAGTCTTGCA-1",2
"GGGACCTCAATCAGAA-1",3
"GGGACCTCACTGAAGG-1",5
"GGGAGATAGTACGACG-1",6
"GGGAGATCAAAGTGCG-1",1
"GGGAGATCAAATCCGT-1",0
"GGGAGATCAAGGACTG-1",2
"GGGAGATCACGCGAAA-1",0
"GGGAGATGTAGCGCAA-1",5
"GGGAGATTCAACGGGA-1",1
"GGGAGATTCATCACCC-1",1
"GGGATGAAGTGACATA-1",2
"GGGATGACATCATCCC-1",2
"GGGATGAGTCACCCAG-1",1
"GGGATGAGTGGAAAGA-1",1
"GGGATGAGTTACGACT-1",0
"GGGATGAGTTGGTAAA-1",3
"GGGATGATCAGTTAGC-1",1
"GGGATGATCTATCCTA-1",3
"GGGATGATCTTTAGGG-1",0
"GGGCACTAGTCTCGGC-1",0
"GGGCACTCATCTCCCA-1",3
"GGGCACTTCACCTCGT-1",1
"GGGCACTTCTGAGGGA-1",7
"GGGCATCCAATGTAAG-1",4
"GGGCATCCAGTCTTCC-1",2
"GGGCATCGTGGCGAAT-1",2
"GGGCATCTCACAGTAC-1",1
"GGGCATCTCCCTTGTG-1",1
"GGGCATCTCCGGCACA-1",4
"GGGCATCTCTGTCCGT-1",1
"GGGCATCTCTTATCTG-1",1
"GGGTCTGAGAAGATTC-1",0
"GGGTCTGAGATCCCGC-1",11
"GGGTCTGAGCCAACAG-1",1
"GGGTCTGCACAGGCCT-1",3
"GGGTCTGCACCAGGTC-1",2
"GGGTCTGGTCTGGTCG-1",2
"GGGTCTGGTGATGATA-1",4
"GGGTCTGGTGTGACCC-1",1
"GGGTCTGTCAACTCTT-1",8
"GGGTCTGTCACTCCTG-1",9
"GGGTCTGTCCGTAGTA-1",2
"GGGTTGCAGACAGAGA-1",1
"GGGTTGCAGACCTTTG-1",2
"GGGTTGCAGATCGATA-1",2
"GGGTTGCAGGGTGTTG-1",17
"GGGTTGCAGGTGGGTT-1",0
"GGGTTGCCAATAACGA-1",1
"GGGTTGCCACGCCAGT-1",1
"GGGTTGCCATTAACCG-1",6
"GGGTTGCGTACATCCA-1",1
"GGGTTGCGTAGCGCAA-1",4
"GGGTTGCGTCCTCCAT-1",1
"GGGTTGCGTCGAGTTT-1",5
"GGGTTGCGTGAGTATA-1",3
"GGGTTGCGTGTGACCC-1",0
"GGGTTGCTCGTACCGG-1",7
"GGTATTGAGCACCGTC-1",0
"GGTATTGAGCTATGCT-1",5
"GGTATTGCACATCCAA-1",2
"GGTATTGCAGCTTCGG-1",0
"GGTATTGGTTCCGTCT-1",1
"GGTATTGTCAGAAATG-1",2
"GGTATTGTCCATTCTA-1",2
"GGTATTGTCGCCAGCA-1",3
"GGTGAAGAGACACGAC-1",0
"GGTGAAGAGATCCGAG-1",0
"GGTGAAGCAAGGTGTG-1",1
"GGTGAAGCACTCGACG-1",2
"GGTGAAGCAGTATGCT-1",3
"GGTGAAGGTATGAAAC-1",7
"GGTGAAGGTCAGAATA-1",1
"GGTGAAGGTGGTACAG-1",1
"GGTGAAGGTGTATGGG-1",4
"GGTGAAGGTGTCTGAT-1",3
"GGTGAAGGTGTGGTTT-1",0
"GGTGAAGGTGTGTGCC-1",5
"GGTGAAGTCACGATGT-1",1
"GGTGAAGTCACTCTTA-1",1
"GGTGAAGTCTGGCGTG-1",0
"GGTGCGTAGGTGATTA-1",1
"GGTGCGTAGTACGATA-1",2
"GGTGCGTCACTTAAGC-1",3
"GGTGCGTCAGCTGTAT-1",4
"GGTGCGTGTTCGTTGA-1",2
"GGTGCGTTCCGTACAA-1",10
"GGTGCGTTCTTGACGA-1",4
"GGTGTTAAGGGCTCTC-1",0
"GGTGTTAAGTAGCGGT-1",3
"GGTGTTAAGTGGGATC-1",1
"GGTGTTAAGTTATCGC-1",4
"GGTGTTACAAATCCGT-1",4
"GGTGTTACACGGATAG-1",1
"GGTGTTAGTAATCACC-1",3
"GGTGTTAGTAGCAAAT-1",2
"GGTGTTAGTGTATGGG-1",1
"GGTGTTAGTTGAACTC-1",0
"GGTGTTATCGGACAAG-1",7
"GGTGTTATCGGTGTTA-1",4
"GGTGTTATCTACTTAC-1",1
"GTAACGTAGGTGACCA-1",1
"GTAACGTCACAGGCCT-1",0
"GTAACGTGTACCATCA-1",3
"GTAACGTGTGAGTATA-1",1
"GTAACGTGTTACGGAG-1",13
"GTAACGTGTTAGGGTG-1",2
"GTAACGTTCGGTCCGA-1",0
"GTAACGTTCTCATTCA-1",5
"GTAACTGAGTGGGTTG-1",7
"GTAACTGCAATGGAAT-1",2
"GTAACTGCACAGGCCT-1",1
"GTAACTGCAGGATCGA-1",7
"GTAACTGCATCGGGTC-1",0
"GTAACTGGTATTACCG-1",0
"GTAACTGTCACGGTTA-1",0
"GTAACTGTCTACTATC-1",0
"GTACGTAAGGTGCTTT-1",0
"GTACGTACAGGAATGC-1",3
"GTACGTACATGGATGG-1",1
"GTACGTAGTGAGTGAC-1",1
"GTACGTAGTTGGTAAA-1",2
"GTACGTATCACCTCGT-1",4
"GTACGTATCATCGGAT-1",1
"GTACGTATCCACTGGG-1",1
"GTACTCCAGGCAGTCA-1",4
"GTACTCCCAATAGCGG-1",2
"GTACTCCCACAGGTTT-1",2
"GTACTCCTCACCTTAT-1",2
"GTACTCCTCATTGCCC-1",0
"GTACTCCTCCTTCAAT-1",2
"GTACTTTCAGTTAACC-1",7
"GTACTTTCATGTCGAT-1",7
"GTACTTTTCCGAAGAG-1",0
"GTAGGCCAGCAATCTC-1",4
"GTAGGCCCATTCGACA-1",4
"GTAGGCCGTAACGCGA-1",5
"GTAGGCCGTAAGGGCT-1",6
"GTAGGCCGTACGACCC-1",5
"GTAGGCCGTTCAGGCC-1",3
"GTAGGCCGTTGATTGC-1",3
"GTAGGCCTCAGCACAT-1",3
"GTAGTCAAGAATGTGT-1",4
"GTAGTCAAGATGCCTT-1",3
"GTAGTCAAGGACGAAA-1",5
"GTAGTCAAGTGAAGAG-1",2
"GTAGTCATCGTCACGG-1",6
"GTAGTCATCTGAAAGA-1",2
"GTATCTTAGAAACCAT-1",2
"GTATCTTAGGCTATCT-1",2
"GTATCTTAGTTGTCGT-1",1
"GTATCTTCACACCGCA-1",2
"GTATCTTCACGAAGCA-1",1
"GTATCTTGTTCGCTAA-1",3
"GTATCTTTCATGCTCC-1",1
"GTATCTTTCATGTAGC-1",5
"GTATTCTAGAAACCAT-1",3
"GTATTCTAGACAAAGG-1",4
"GTATTCTCAAAGTCAA-1",4
"GTATTCTCAACAACCT-1",4
"GTATTCTCAACTTGAC-1",2
"GTATTCTCAATAAGCA-1",2
"GTATTCTCAGGGTTAG-1",0
"GTATTCTCATACTACG-1",1
"GTATTCTCATGGTAGG-1",3
"GTATTCTGTAGTGAAT-1",0
"GTATTCTGTCTAGAGG-1",0
"GTCAAGTCATATGCTG-1",2
"GTCAAGTCATGGTTGT-1",1
"GTCAAGTGTCAGCTAT-1",0
"GTCAAGTGTTCCACTC-1",1
"GTCACAAAGCCGATTT-1",0
"GTCACAAAGTGGAGTC-1",7
"GTCACAACAGGTGGAT-1",15
"GTCACAAGTAAACGCG-1",6
"GTCACAATCAGGATCT-1",5
"GTCACAATCAGTTGAC-1",0
"GTCACAATCATGCATG-1",6
"GTCACGGAGATCACGG-1",3
"GTCACGGCATATACCG-1",1
"GTCACGGGTGAGTGAC-1",3
"GTCACGGGTGTGGCTC-1",1
"GTCACGGTCGAGAGCA-1",3
"GTCACGGTCTACCTGC-1",3
"GTCATTTAGAGACTAT-1",1
"GTCATTTCACGTGAGA-1",1
"GTCATTTGTAGAAGGA-1",1
"GTCATTTGTCAGATAA-1",0
"GTCATTTTCCAGAGGA-1",0
"GTCCTCAAGCCCAACC-1",1
"GTCCTCAAGTAGATGT-1",2
"GTCCTCAAGTGGGCTA-1",4
"GTCCTCACAATCACAC-1",1
"GTCCTCAGTGGAAAGA-1",0
"GTCCTCATCAAAGACA-1",0
"GTCCTCATCGTCCGTT-1",0
"GTCGGGTCACTGAAGG-1",0
"GTCGGGTCACTTCGAA-1",3
"GTCGGGTCATGAAGTA-1",1
"GTCGGGTGTCTCACCT-1",4
"GTCGGGTGTGTGACGA-1",1
"GTCGGGTGTGTGTGCC-1",4
"GTCGGGTGTTACGTCA-1",3
"GTCGGGTTCTGCTGTC-1",1
"GTCGGGTTCTGTGCAA-1",1
"GTCGTAAAGAGATGAG-1",2
"GTCGTAAAGCTGCAAG-1",0
"GTCGTAAAGGCGACAT-1",3
"GTCGTAACATCACGAT-1",3
"GTCGTAAGTATCACCA-1",1
"GTCGTAATCCAAGTAC-1",2
"GTCTCGTAGACCACGA-1",3
"GTCTCGTCAGGAACGT-1",5
"GTCTCGTGTGGTAACG-1",2
"GTCTCGTGTTTGGCGC-1",4
"GTCTCGTTCACCGGGT-1",1
"GTCTCGTTCAGTGCAT-1",0
"GTCTTCGAGACAAGCC-1",2
"GTCTTCGAGGAATGGA-1",2
"GTCTTCGAGTCAAGCG-1",2
"GTCTTCGCACATGGGA-1",2
"GTCTTCGCACCAGGTC-1",1
"GTCTTCGCAGACGCAA-1",0
"GTCTTCGCATAACCTG-1",0
"GTCTTCGCATCGATGT-1",1
"GTCTTCGGTCTAGTGT-1",1
"GTCTTCGTCTCGATGA-1",0
"GTGAAGGAGAGCTGGT-1",1
"GTGAAGGAGATCGGGT-1",2
"GTGAAGGAGCCAGTTT-1",8
"GTGAAGGAGTGTTGAA-1",3
"GTGAAGGCAAAGGCGT-1",1
"GTGAAGGCACTTAAGC-1",7
"GTGAAGGCAGATTGCT-1",4
"GTGAAGGGTATATGGA-1",3
"GTGAAGGGTCTCTCTG-1",9
"GTGAAGGTCTCCTATA-1",1
"GTGCAGCAGACATAAC-1",5
"GTGCAGCAGTGGTCCC-1",1
"GTGCAGCCACATCTTT-1",2
"GTGCAGCGTGAGTATA-1",2
"GTGCAGCTCTTAGAGC-1",0
"GTGCATAAGGCATGGT-1",13
"GTGCATAGTTTGTTGG-1",4
"GTGCATATCAGAGCTT-1",1
"GTGCATATCATCATTC-1",5
"GTGCATATCTGCGTAA-1",3
"GTGCGGTAGCAATCTC-1",1
"GTGCGGTAGGACAGAA-1",2
"GTGCGGTCAAAGGTGC-1",8
"GTGCGGTGTTCAGACT-1",0
"GTGCGGTGTTCTGTTT-1",2
"GTGCGGTTCATCTGCC-1",1
"GTGCGGTTCCAGGGCT-1",0
"GTGCGGTTCGGATGGA-1",3
"GTGCGGTTCTCGTTTA-1",2
"GTGCGGTTCTGCTGTC-1",1
"GTGCTTCAGCCAGTTT-1",1
"GTGCTTCAGGATTCGG-1",1
"GTGCTTCAGTACACCT-1",1
"GTGCTTCCACTTAACG-1",3
"GTGCTTCCAGCTATTG-1",1
"GTGCTTCGTAGAGTGC-1",5
"GTGCTTCTCACAATGC-1",0
"GTGCTTCTCACTTCAT-1",4
"GTGGGTCAGACCGGAT-1",2
"GTGGGTCAGACTGTAA-1",0
"GTGGGTCAGCCGTCGT-1",1
"GTGGGTCCACCAACCG-1",3
"GTGGGTCCACCACCAG-1",2
"GTGTGCGAGACCGGAT-1",1
"GTGTGCGAGACTTGAA-1",2
"GTGTGCGCAGGTCGTC-1",1
"GTGTGCGGTGAGCGAT-1",2
"GTGTGCGTCAGTCAGT-1",0
"GTGTGCGTCCCTTGTG-1",4
"GTGTGCGTCTAACTTC-1",1
"GTGTTAGAGCACGCCT-1",3
"GTGTTAGAGGACAGAA-1",2
"GTGTTAGAGGCATGGT-1",4
"GTGTTAGAGTGGAGAA-1",4
"GTGTTAGAGTTTGCGT-1",0
"GTGTTAGCAATGGAAT-1",0
"GTGTTAGCACCACCAG-1",4
"GTGTTAGGTGCCTGGT-1",1
"GTGTTAGGTGGAAAGA-1",1
"GTGTTAGGTTCCATGA-1",0
"GTGTTAGGTTGGGACA-1",0
"GTTAAGCAGAGCTGCA-1",2
"GTTAAGCAGATAGCAT-1",3
"GTTAAGCAGCTAACAA-1",4
"GTTAAGCAGGCTACGA-1",0
"GTTAAGCAGTGTACCT-1",1
"GTTAAGCAGTTTGCGT-1",1
"GTTAAGCCATTCACTT-1",3
"GTTAAGCGTACTCGCG-1",2
"GTTAAGCGTCTAGGTT-1",1
"GTTAAGCGTGGCAAAC-1",1
"GTTAAGCGTTGCTCCT-1",1
"GTTAAGCTCCTTTCGG-1",1
"GTTACAGAGAGCTATA-1",0
"GTTACAGAGTACGATA-1",0
"GTTACAGCAGACGCCT-1",2
"GTTACAGCATCGGTTA-1",4
"GTTACAGGTATGGTTC-1",1
"GTTACAGGTCGACTGC-1",1
"GTTACAGGTCTAGGTT-1",0
"GTTCATTAGCGATGAC-1",3
"GTTCATTCATATACGC-1",2
"GTTCATTCATTGGCGC-1",2
"GTTCATTGTGCACGAA-1",2
"GTTCATTGTGTTAAGA-1",2
"GTTCATTGTTCAGTAC-1",0
"GTTCGGGAGACGACGT-1",4
"GTTCGGGAGCTAAGAT-1",1
"GTTCGGGAGTGTCTCA-1",2
"GTTCGGGGTAGGGTAC-1",1
"GTTCGGGGTGCAGGTA-1",0
"GTTCGGGTCCACGCAG-1",2
"GTTCGGGTCTACTTAC-1",2
"GTTCTCGAGACCACGA-1",4
"GTTCTCGAGCGATGAC-1",5
"GTTCTCGAGGCCATAG-1",1
"GTTCTCGCATCGGACC-1",3
"GTTCTCGGTAAGGGAA-1",1
"GTTCTCGGTAGCGTAG-1",3
"GTTCTCGGTCCGTGAC-1",6
"GTTCTCGGTGTTAAGA-1",6
"GTTCTCGTCAACGCTA-1",0
"GTTCTCGTCCTGTACC-1",2
"GTTTCTACAAACCTAC-1",1
"GTTTCTACAAGAAAGG-1",8
"GTTTCTAGTGTTGGGA-1",3
"GTTTCTATCCCAACGG-1",1
"GTTTCTATCCGTAGTA-1",1
"GTTTCTATCGGCATCG-1",5
"TAAACCGGTACTTAGC-1",0
"TAAACCGTCACTCTTA-1",5
"TAAACCGTCAGGCGAA-1",0
"TAAACCGTCCGTTGTC-1",2
"TAAACCGTCTTCCTTC-1",2
"TAAGAGACAAGTTGTC-1",2
"TAAGAGAGTATATCCG-1",3
"TAAGAGATCAATCACG-1",1
"TAAGAGATCTAACGGT-1",6
"TAAGAGATCTTTCCTC-1",3
"TAAGCGTAGTGGACGT-1",0
"TAAGCGTAGTGTCTCA-1",0
"TAAGCGTCAGCTTCGG-1",3
"TAAGCGTCAGGTGGAT-1",2
"TAAGCGTGTCCTGCTT-1",1
"TAAGCGTGTGCCTGGT-1",1
"TAAGCGTGTTGTTTGG-1",3
"TAAGCGTTCCTCATTA-1",0
"TAAGCGTTCGGCGCAT-1",0
"TAAGCGTTCTCGCATC-1",1
"TAAGTGCAGGCTAGGT-1",1
"TAAGTGCAGTAGCGGT-1",1
"TAAGTGCCAACGCACC-1",1
"TAAGTGCCATACAGCT-1",0
"TAAGTGCGTAAACACA-1",0
"TAAGTGCGTCTCACCT-1",0
"TAAGTGCGTTCAGACT-1",2
"TAAGTGCTCACCCTCA-1",1
"TAAGTGCTCACTGGGC-1",1
"TAAGTGCTCTGGCGTG-1",0
"TACACGACACCCATTC-1",1
"TACACGAGTGATAAAC-1",0
"TACACGATCTGTCTCG-1",3
"TACAGTGAGATGCGAC-1",8
"TACAGTGAGCGTTGCC-1",2
"TACAGTGAGTGTACGG-1",1
"TACAGTGCAGGAATCG-1",1
"TACAGTGCAGGTGCCT-1",3
"TACAGTGGTACTCAAC-1",1
"TACAGTGGTTGGACCC-1",2
"TACCTATAGAGCTGGT-1",3
"TACCTATAGAGTTGGC-1",1
"TACCTATAGGCTCATT-1",1
"TACCTATAGTTAGCGG-1",1
"TACCTATCAAGCTGGA-1",2
"TACCTATGTAAATGAC-1",10
"TACCTATGTAGAGTGC-1",0
"TACCTATGTCACCTAA-1",1
"TACCTATGTGTTGAGG-1",0
"TACCTATGTTAAAGAC-1",2
"TACCTATTCTATGTGG-1",1
"TACCTATTCTTCCTTC-1",1
"TACCTTAAGAGGTTGC-1",1
"TACCTTAAGTCAAGCG-1",10
"TACCTTAAGTGGTCCC-1",2
"TACCTTACAACTGGCC-1",0
"TACCTTACAAGGGTCA-1",2
"TACCTTACACTCAGGC-1",1
"TACCTTACATCTACGA-1",1
"TACCTTAGTAGCGTCC-1",7
"TACCTTAGTCTCCACT-1",1
"TACGGATAGATGGCGT-1",1
"TACGGATAGGTACTCT-1",5
"TACGGATCAGGGATTG-1",0
"TACGGATCATCACCCT-1",2
"TACGGATGTCTAGCCG-1",2
"TACGGATTCGGTGTCG-1",4
"TACGGATTCTACTATC-1",0
"TACGGGCAGGATGCGT-1",2
"TACGGGCAGGGAACGG-1",9
"TACGGGCAGTATTGGA-1",0
"TACGGGCAGTCAAGCG-1",1
"TACGGGCCAAGAAGAG-1",0
"TACGGGCCACCAGATT-1",2
"TACGGGCCATCAGTAC-1",2
"TACGGGCGTAAGGGCT-1",0
"TACGGGCGTCTGATTG-1",2
"TACGGGCGTGATGTGG-1",2
"TACGGGCTCACCTTAT-1",2
"TACGGGCTCAGCTCTC-1",0
"TACGGGCTCCACGAAT-1",2
"TACGGGCTCCTATTCA-1",1
"TACGGGCTCGGTGTTA-1",0
"TACGGTAAGATATGGT-1",1
"TACGGTAAGCCGATTT-1",2
"TACGGTAAGTCATGCT-1",0
"TACGGTAAGTGCCATT-1",3
"TACGGTACACAGGCCT-1",0
"TACGGTACATTTCAGG-1",3
"TACGGTAGTATATCCG-1",2
"TACGGTAGTCACTTCC-1",3
"TACGGTAGTGCAGGTA-1",3
"TACGGTAGTGGGTATG-1",0
"TACGGTATCGCAGGCT-1",1
"TACGGTATCGGACAAG-1",3
"TACGGTATCGTTTATC-1",1
"TACTCATAGTCACGCC-1",2
"TACTCATCAATCTACG-1",1
"TACTCATCACGGTAGA-1",3
"TACTCATCACTTCTGC-1",1
"TACTCATCATCCGTGG-1",3
"TACTCATCATGTCGAT-1",0
"TACTCATGTACAGCAG-1",3
"TACTCATGTCTTCAAG-1",3
"TACTCATTCCTTTCTC-1",0
"TACTCGCAGGCGACAT-1",41
"TACTCGCGTCAGAAGC-1",1
"TACTCGCGTCTGATTG-1",3
"TACTCGCGTGTAACGG-1",0
"TACTCGCGTTGAGTTC-1",3
"TACTCGCTCAACGGGA-1",4
"TACTCGCTCCGAATGT-1",4
"TACTTACAGACTAGGC-1",4
"TACTTACAGCTGAACG-1",4
"TACTTACAGTACACCT-1",3
"TACTTACAGTACGCCC-1",5
"TACTTACAGTGATCGG-1",0
"TACTTACCAAGCCGTC-1",2
"TACTTACCACAGGTTT-1",1
"TACTTACTCGCGTTTC-1",1
"TACTTGTAGCGATATA-1",6
"TACTTGTAGTAATCCC-1",1
"TACTTGTCAAACAACA-1",0
"TACTTGTCATGCAACT-1",0
"TACTTGTGTAGCACGA-1",1
"TACTTGTGTATAAACG-1",0
"TACTTGTGTTCCACAA-1",3
"TACTTGTTCTGCAGTA-1",2
"TAGACCAAGAGACGAA-1",1
"TAGACCAAGCCTCGTG-1",1
"TAGACCAAGTCGATAA-1",7
"TAGACCACAACACCCG-1",1
"TAGACCAGTAGATTAG-1",1
"TAGACCAGTTCATGGT-1",0
"TAGACCATCACTTCAT-1",1
"TAGACCATCGTCACGG-1",12
"TAGACCATCTCCAGGG-1",2
"TAGAGCTAGAATTCCC-1",1
"TAGAGCTAGTATTGGA-1",3
"TAGAGCTCACTGAAGG-1",0
"TAGAGCTGTACTTGAC-1",2
"TAGAGCTGTAGGGACT-1",0
"TAGAGCTGTCTAAAGA-1",2
"TAGCCGGAGACTGGGT-1",1
"TAGCCGGAGTCCCACG-1",1
"TAGCCGGAGTGACATA-1",2
"TAGCCGGCAGCAGTTT-1",0
"TAGCCGGGTACAGTGG-1",6
"TAGCCGGGTACCATCA-1",0
"TAGCCGGGTCGCGAAA-1",10
"TAGCCGGTCACGACTA-1",0
"TAGCCGGTCCAGGGCT-1",1
"TAGGCATAGAACTGTA-1",3
"TAGGCATAGCTAGGCA-1",3
"TAGGCATAGTCGTACT-1",0
"TAGGCATAGTTTAGGA-1",1
"TAGGCATCAAGCCTAT-1",1
"TAGGCATCAGACGCAA-1",0
"TAGGCATGTACGAAAT-1",0
"TAGGCATGTCCAGTTA-1",0
"TAGGCATGTTCCACTC-1",2
"TAGGCATTCCCTAACC-1",0
"TAGGCATTCGCTAGCG-1",3
"TAGGCATTCGTAGATC-1",2
"TAGGCATTCTTCATGT-1",3
"TAGTGGTAGATCACGG-1",6
"TAGTGGTAGCTGTTCA-1",2
"TAGTGGTCAGTATAAG-1",2
"TAGTGGTGTAGCGTAG-1",2
"TAGTGGTTCAGCATGT-1",1
"TAGTGGTTCGGCGCAT-1",1
"TAGTGGTTCTCAAGTG-1",3
"TAGTGGTTCTGGGCCA-1",7
"TAGTGGTTCTTTAGTC-1",3
"TAGTTGGAGATAGGAG-1",2
"TAGTTGGCAGACGCAA-1",1
"TAGTTGGCATGCGCAC-1",11
"TAGTTGGGTATGGTTC-1",0
"TAGTTGGTCCGAATGT-1",1
"TAGTTGGTCTACTCAT-1",3
"TAGTTGGTCTCTAAGG-1",0
"TAGTTGGTCTGATACG-1",0
"TATCAGGAGAGTAAGG-1",5
"TATCAGGAGATCCGAG-1",3
"TATCAGGAGCAGATCG-1",0
"TATCAGGAGGTGCTTT-1",0
"TATCAGGCAACTTGAC-1",3
"TATCAGGCACGTTGGC-1",1
"TATCAGGGTCCGTTAA-1",2
"TATCAGGGTCTGCAAT-1",2
"TATCAGGGTTAAAGAC-1",6
"TATCAGGTCAAGATCC-1",1
"TATCAGGTCCACTCCA-1",4
"TATCAGGTCGTAGGTT-1",0
"TATCTCAAGAGTTGGC-1",0
"TATCTCAAGCCACCTG-1",2
"TATCTCAAGCGTAATA-1",2
"TATCTCAAGGCTAGCA-1",0
"TATCTCAAGTGGGCTA-1",3
"TATCTCACATGTCCTC-1",1
"TATCTCAGTAACGACG-1",2
"TATCTCAGTACCTACA-1",0
"TATCTCAGTACGACCC-1",0
"TATCTCAGTCAATGTC-1",1
"TATCTCATCAAGCCTA-1",4
"TATGCCCAGAAACCGC-1",1
"TATGCCCAGGTAGCTG-1",1
"TATGCCCCAATGGAAT-1",1
"TATGCCCCACTTAACG-1",2
"TATGCCCCATGTTCCC-1",0
"TATGCCCGTAGCCTCG-1",3
"TATGCCCGTATAGGGC-1",0
"TATGCCCGTATGAAAC-1",1
"TATGCCCGTCGCCATG-1",11
"TATGCCCGTGCCTTGG-1",0
"TATGCCCGTTAAGATG-1",3
"TATGCCCGTTGGTGGA-1",3
"TATGCCCGTTTAGGAA-1",0
"TATGCCCTCGTCTGCT-1",2
"TATTACCAGAGAGCTC-1",1
"TATTACCAGCAAATCA-1",3
"TATTACCAGCCCGAAA-1",3
"TATTACCAGTATCTCG-1",4
"TATTACCCAAAGTGCG-1",0
"TATTACCCAGACAAGC-1",1
"TATTACCCAGTCAGCC-1",3
"TATTACCCATAAAGGT-1",0
"TATTACCCATCTACGA-1",2
"TATTACCGTCCAGTAT-1",3
"TCAACGAAGCCGATTT-1",0
"TCAACGAAGCGATGAC-1",2
"TCAACGAAGGCATGTG-1",1
"TCAACGAAGTAGTGCG-1",2
"TCAACGACACCAGGCT-1",0
"TCAACGACATGCCTTC-1",8
"TCAACGAGTTACCAGT-1",2
"TCAACGAGTTCCATGA-1",2
"TCAACGAGTTCTGGTA-1",1
"TCAACGATCAGTCCCT-1",2
"TCAACGATCTGTGCAA-1",4
"TCAATCTAGATCCCGC-1",2
"TCAATCTCACAAGCCC-1",1
"TCAATCTCACAGCCCA-1",2
"TCAATCTCATGACGGA-1",0
"TCAATCTCATTTGCTT-1",3
"TCAATCTGTAGTGAAT-1",1
"TCAATCTGTTAGATGA-1",1
"TCAATCTTCAGATAAG-1",0
"TCAATCTTCATGTCCC-1",2
"TCACAAGAGACTGGGT-1",6
"TCACAAGAGAGAGCTC-1",1
"TCACAAGAGGCCCTCA-1",2
"TCACAAGAGGTGGGTT-1",13
"TCACAAGAGTAGATGT-1",0
"TCACAAGCAGTATGCT-1",2
"TCACAAGCATAACCTG-1",1
"TCACAAGCATGACATC-1",1
"TCACAAGGTCAGATAA-1",1
"TCACAAGGTGTGGTTT-1",5
"TCACAAGTCATCATTC-1",0
"TCACAAGTCATGCATG-1",0
"TCACGAAAGCTCCTTC-1",2
"TCACGAAAGGTGCTTT-1",2
"TCACGAAAGTCTCGGC-1",5
"TCACGAACACAAGACG-1",4
"TCACGAACACTGTCGG-1",0
"TCACGAAGTGGTCCGT-1",1
"TCACGAAGTTGGTGGA-1",1
"TCACGAATCATGCAAC-1",2
"TCACGAATCCCGACTT-1",3
"TCACGAATCCTCGCAT-1",2
"TCACGAATCGTCACGG-1",1
"TCAGATGAGGTGCACA-1",4
"TCAGATGGTCTTGTCC-1",2
"TCAGATGGTGCCTGCA-1",0
"TCAGATGGTGCTGTAT-1",4
"TCAGATGTCAGTTTGG-1",2
"TCAGATGTCGCATGAT-1",0
"TCAGATGTCTCCTATA-1",6
"TCAGCAAAGGAGTCTG-1",4
"TCAGCAAAGGCTCATT-1",1
"TCAGCAAAGTACGACG-1",2
"TCAGCAAAGTGGCACA-1",7
"TCAGCAACACGCATCG-1",1
"TCAGCAAGTACCGGCT-1",5
"TCAGCAATCAGCGATT-1",1
"TCAGCAATCGGAAACG-1",0
"TCAGCAATCTTCAACT-1",1
"TCAGCTCAGGTGTTAA-1",0
"TCAGCTCAGTATGACA-1",2
"TCAGCTCCAATCTGCA-1",10
"TCAGCTCCACGGTTTA-1",0
"TCAGCTCGTAATAGCA-1",0
"TCAGCTCGTCCGTCAG-1",2
"TCAGCTCGTTCACGGC-1",1
"TCAGCTCTCACGATGT-1",4
"TCAGCTCTCATGCATG-1",1
"TCAGCTCTCCTAAGTG-1",0
"TCAGCTCTCTCGTATT-1",3
"TCAGGATAGACAGAGA-1",1
"TCAGGATAGATATGGT-1",2
"TCAGGATCAAACGTGG-1",5
"TCAGGATCAAGTTCTG-1",5
"TCAGGATCACGGTGTC-1",11
"TCAGGATCACTGTGTA-1",13
"TCAGGATCAGCATACT-1",1
"TCAGGATCATCTGGTA-1",4
"TCAGGATGTAAGCACG-1",2
"TCAGGATGTGGCCCTA-1",2
"TCAGGATTCCGATATG-1",1
"TCAGGATTCTCGATGA-1",2
"TCAGGTAAGATGGCGT-1",1
"TCAGGTAAGTGTTTGC-1",2
"TCAGGTACACAAGTAA-1",4
"TCAGGTACACAGAGGT-1",6
"TCAGGTACAGCTGCTG-1",1
"TCAGGTAGTAAACGCG-1",2
"TCATTACAGAAACCAT-1",0
"TCATTACAGGAGTTGC-1",2
"TCATTACAGTTGCAGG-1",1
"TCATTACCACATCCAA-1",1
"TCATTACCAGTCAGCC-1",0
"TCATTACGTACGCACC-1",1
"TCATTACGTCTAGAGG-1",1
"TCATTACGTGAAGGCT-1",0
"TCATTACGTTCTGTTT-1",2
"TCATTACTCATCGATG-1",0
"TCATTTGAGCCAGTTT-1",2
"TCATTTGCACGTCTCT-1",4
"TCATTTGCAGTTAACC-1",0
"TCATTTGTCCAGAGGA-1",1
"TCATTTGTCCCTTGCA-1",1
"TCATTTGTCCGTCAAA-1",1
"TCATTTGTCGCTAGCG-1",6
"TCATTTGTCGTACGGC-1",5
"TCATTTGTCTCTGCTG-1",1
"TCCACACCAAAGAATC-1",1
"TCCACACCACGCCAGT-1",1
"TCCACACGTACAGCAG-1",5
"TCCACACGTAGCCTAT-1",1
"TCCACACGTCATCGGC-1",1
"TCCACACGTGACCAAG-1",3
"TCCACACGTGCGAAAC-1",2
"TCCACACTCAACACCA-1",1
"TCCACACTCCAGTATG-1",3
"TCCACACTCCCATTTA-1",1
"TCCACACTCGAACTGT-1",3
"TCCCGATAGAAGAAGC-1",8
"TCCCGATAGCACAGGT-1",0
"TCCCGATAGCCGGTAA-1",3
"TCCCGATCAAGGTTCT-1",1
"TCCCGATCAGCCAATT-1",2
"TCCCGATCATCCAACA-1",4
"TCCCGATGTAAGGATT-1",4
"TCCCGATGTCAATACC-1",1
"TCCCGATTCAGAAATG-1",1
"TCCCGATTCAGTCCCT-1",2
"TCCCGATTCATCTGTT-1",0
"TCCCGATTCCCTAATT-1",5
"TCCCGATTCTGGAGCC-1",1
"TCGAGGCAGCGATGAC-1",2
"TCGAGGCAGTGTTTGC-1",0
"TCGAGGCCAAAGAATC-1",1
"TCGAGGCCAAGTTCTG-1",1
"TCGAGGCCAGTAACGG-1",1
"TCGAGGCGTATATCCG-1",2
"TCGAGGCTCGCAAGCC-1",2
"TCGAGGCTCTTGAGAC-1",0
"TCGAGGCTCTTTCCTC-1",3
"TCGCGAGAGACAAAGG-1",0
"TCGCGAGAGTGAATTG-1",2
"TCGCGAGCAAGCGTAG-1",5
"TCGCGAGCACCGAATT-1",2
"TCGCGAGCAGTAAGAT-1",4
"TCGCGAGTCCACGAAT-1",1
"TCGCGAGTCTAGCACA-1",8
"TCGCGAGTCTCTAGGA-1",0
"TCGCGAGTCTTCATGT-1",2
"TCGCGTTAGTGGGCTA-1",2
"TCGCGTTCACAGGCCT-1",1
"TCGCGTTCATCACAAC-1",0
"TCGCGTTCATCTCGCT-1",1
"TCGCGTTGTTCACCTC-1",3
"TCGCGTTTCAAGATCC-1",1
"TCGCGTTTCAGGTAAA-1",1
"TCGCGTTTCATTCACT-1",2
"TCGCGTTTCCTGTACC-1",2
"TCGCGTTTCGCCCTTA-1",2
"TCGGGACCACACATGT-1",3
"TCGGGACTCCTTGCCA-1",2
"TCGGGACTCTGCGGCA-1",3
"TCGGGACTCTTGTCAT-1",0
"TCGGTAAAGACAGGCT-1",0
"TCGGTAAAGCTCAACT-1",5
"TCGGTAACAAGCTGAG-1",3
"TCGGTAACAGGAATGC-1",3
"TCGGTAAGTATATGGA-1",8
"TCGGTAAGTCTAGTCA-1",1
"TCGGTAATCCCGGATG-1",6
"TCGTACCAGCAGGCTA-1",1
"TCGTACCAGTTTCCTT-1",2
"TCGTACCGTTTGCATG-1",1
"TCGTACCTCGGGAGTA-1",0
"TCGTAGAAGCTAACTC-1",5
"TCGTAGAAGGCGACAT-1",4
"TCGTAGAAGGGAACGG-1",1
"TCGTAGAAGTCCATAC-1",1
"TCGTAGACAATCCAAC-1",1
"TCGTAGACACTCAGGC-1",0
"TCGTAGAGTATGAATG-1",1
"TCGTAGAGTGAGCGAT-1",1
"TCGTAGAGTGTGTGCC-1",4
"TCGTAGAGTTCAACCA-1",0
"TCGTAGAGTTCCATGA-1",12
"TCGTAGATCCAAGCCG-1",10
"TCGTAGATCTTAGCCC-1",2
"TCTATTGAGCGATTCT-1",2
"TCTATTGAGTGCCATT-1",1
"TCTATTGCACATCTTT-1",4
"TCTATTGGTAAGTGTA-1",0
"TCTATTGGTCCAACTA-1",3
"TCTATTGGTCTGCCAG-1",0
"TCTATTGGTTGCTCCT-1",2
"TCTATTGTCGGCGCTA-1",1
"TCTCATAAGCTAAACA-1",1
"TCTCATAAGCTAGTCT-1",2
"TCTCATAAGTGCCATT-1",1
"TCTCATAGTACCGGCT-1",2
"TCTCATAGTGTAAGTA-1",13
"TCTCATATCAAGCCTA-1",0
"TCTCATATCACCTTAT-1",1
"TCTCATATCCTGTACC-1",3
"TCTCTAAAGACCGGAT-1",2
"TCTCTAAAGGGTGTTG-1",4
"TCTCTAACAGCCTATA-1",3
"TCTCTAAGTCCAGTAT-1",5
"TCTCTAAGTCCATGAT-1",2
"TCTCTAAGTCTCATCC-1",1
"TCTCTAAGTGGAAAGA-1",4
"TCTCTAATCAAACCAC-1",4
"TCTCTAATCAACGCTA-1",0
"TCTCTAATCACAGGCC-1",0
"TCTCTAATCACATACG-1",0
"TCTCTAATCCGTAGGC-1",1
"TCTCTAATCGTATCAG-1",12
"TCTGAGACAAACCTAC-1",12
"TCTGAGACACGGATAG-1",2
"TCTGAGACAGAGTGTG-1",0
"TCTGAGAGTAAGGGAA-1",0
"TCTGAGATCCTTGACC-1",2
"TCTGAGATCTATCCTA-1",0
"TCTGGAAAGCGATGAC-1",5
"TCTGGAAAGCTAGTTC-1",4
"TCTGGAAAGCTCTCGG-1",6
"TCTGGAAAGGAGCGAG-1",1
"TCTGGAACACAAGACG-1",1
"TCTGGAACACACTGCG-1",1
"TCTGGAACACTTCTGC-1",6
"TCTGGAAGTGAGTATA-1",1
"TCTGGAATCTGTCTAT-1",1
"TCTTCGGAGGTTCCTA-1",3
"TCTTCGGAGTTCGATC-1",1
"TCTTCGGCAAAGCAAT-1",2
"TCTTCGGCAAAGGTGC-1",5
"TCTTCGGCAATAGCAA-1",4
"TCTTCGGCAATGTAAG-1",3
"TCTTCGGCACACCGAC-1",2
"TCTTCGGCAGCCAATT-1",0
"TCTTCGGGTCATTAGC-1",2
"TCTTCGGTCGTAGGTT-1",1
"TCTTCGGTCTCTAAGG-1",1
"TCTTTCCAGAGAGCTC-1",0
"TCTTTCCAGTCATCCA-1",2
"TCTTTCCCATCTCCCA-1",1
"TCTTTCCGTAATCACC-1",0
"TCTTTCCGTAGTACCT-1",2
"TCTTTCCTCACAACGT-1",6
"TCTTTCCTCAGCTGGC-1",2
"TCTTTCCTCCAAGTAC-1",1
"TCTTTCCTCCTCGCAT-1",3
"TGAAAGAAGCTAAGAT-1",14
"TGAAAGACAAGCCGTC-1",0
"TGAAAGACACATTCGA-1",2
"TGAAAGACATGAGCGA-1",2
"TGAAAGAGTCTAGCGC-1",4
"TGAAAGAGTCTCATCC-1",4
"TGAAAGATCCCGACTT-1",4
"TGAAAGATCTATGTGG-1",4
"TGACAACCAAGCGAGT-1",0
"TGACAACGTAGGGACT-1",11
"TGACAACGTGCGCTTG-1",3
"TGACAACGTGGTTTCA-1",0
"TGACAACTCACAAACC-1",2
"TGACAACTCCACGTGG-1",1
"TGACAACTCGAATGCT-1",1
"TGACGGCAGCGCCTCA-1",2
"TGACGGCAGGCTCAGA-1",0
"TGACGGCAGTCAAGCG-1",2
"TGACGGCCACAGACTT-1",4
"TGACGGCGTCATCCCT-1",2
"TGACGGCTCAGGCGAA-1",2
"TGACGGCTCCACTGGG-1",1
"TGACTAGAGACCCACC-1",0
"TGACTAGAGGGCATGT-1",1
"TGACTAGAGTCTCAAC-1",0
"TGACTAGAGTTGAGAT-1",0
"TGACTAGCAGCATACT-1",3
"TGACTAGCAGTCAGAG-1",1
"TGACTAGCATTTCACT-1",2
"TGACTAGGTAAATACG-1",5
"TGACTAGGTGAAAGAG-1",1
"TGACTAGGTGCAGTAG-1",10
"TGACTAGTCATGCATG-1",1
"TGACTAGTCCATGCTC-1",4
"TGACTAGTCTGTTGAG-1",0
"TGACTTTAGAACAATC-1",5
"TGACTTTAGTCTCGGC-1",2
"TGACTTTAGTTAGGTA-1",1
"TGACTTTCAGTCCTTC-1",1
"TGACTTTCATTATCTC-1",1
"TGACTTTGTCACACGC-1",5
"TGACTTTTCCTCAATT-1",2
"TGACTTTTCTGCCCTA-1",4
"TGAGAGGAGGCTCATT-1",0
"TGAGAGGCAAAGTCAA-1",2
"TGAGAGGCAAGCCATT-1",0
"TGAGAGGCACCATGTA-1",2
"TGAGAGGGTCACTGGC-1",2
"TGAGAGGGTCTAAACC-1",0
"TGAGAGGTCGAACTGT-1",0
"TGAGAGGTCGCGTTTC-1",2
"TGAGAGGTCTGACCTC-1",3
"TGAGCATAGAAACGAG-1",3
"TGAGCATAGAAGCCCA-1",1
"TGAGCATAGATGTCGG-1",6
"TGAGCATAGGAATGGA-1",0
"TGAGCATCACCAGGCT-1",3
"TGAGCATCAGATGAGC-1",2
"TGAGCATCAGCGTAAG-1",1
"TGAGCATCAGCTGTAT-1",2
"TGAGCATGTGGCCCTA-1",0
"TGAGCATTCCACGTTC-1",7
"TGAGCATTCCGATATG-1",2
"TGAGCATTCGGCCGAT-1",3
"TGAGCCGCATCGGGTC-1",4
"TGAGCCGGTCGAACAG-1",2
"TGAGCCGGTGTAATGA-1",1
"TGAGCCGGTTGATTCG-1",1
"TGAGCCGTCATCTGCC-1",0
"TGAGCCGTCGTCACGG-1",0
"TGAGCCGTCTTGAGGT-1",1
"TGAGGGAAGAGACTAT-1",1
"TGAGGGAAGGAGTACC-1",4
"TGAGGGAAGTCATCCA-1",0
"TGAGGGAAGTCATGCT-1",3
"TGAGGGACACCAGTTA-1",0
"TGAGGGACATAAGACA-1",7
"TGAGGGAGTAAACGCG-1",9
"TGAGGGAGTTAGGGTG-1",1
"TGAGGGATCAACGGGA-1",2
"TGAGGGATCTAGCACA-1",1
"TGAGGGATCTCTTATG-1",1
"TGATTTCCATCCGGGT-1",1
"TGATTTCGTAGGCATG-1",7
"TGATTTCGTTAAGACA-1",2
"TGATTTCTCTGATTCT-1",1
"TGCACCTAGACCTTTG-1",3
"TGCACCTAGGACGAAA-1",3
"TGCACCTCAAGTTGTC-1",29
"TGCACCTCAATAGAGT-1",0
"TGCACCTCATCCGGGT-1",3
"TGCACCTGTAATCACC-1",2
"TGCACCTGTCACACGC-1",2
"TGCACCTTCACGGTTA-1",0
"TGCACCTTCATCGGAT-1",0
"TGCACCTTCCGCGGTA-1",2
"TGCACCTTCGAACTGT-1",0
"TGCACCTTCTCTTGAT-1",2
"TGCCAAACAATGTAAG-1",1
"TGCCAAACAATTCCTT-1",2
"TGCCAAAGTTCGCGAC-1",29
"TGCCAAATCCAAACTG-1",10
"TGCCAAATCCCTGACT-1",3
"TGCCAAATCGGCGGTT-1",3
"TGCCCATAGACTAGGC-1",5
"TGCCCATAGCGTCAAG-1",0
"TGCCCATAGCGTGAAC-1",3
"TGCCCATAGCTGTTCA-1",0
"TGCCCATAGGATGGAA-1",0
"TGCCCATAGTACGCCC-1",9
"TGCCCATAGTTGAGTA-1",1
"TGCCCATCACCAGGTC-1",3
"TGCCCATCACGAAATA-1",1
"TGCCCATCAGGACGTA-1",2
"TGCCCATCATGGAATA-1",3
"TGCCCATCATGGATGG-1",3
"TGCCCATGTAGCCTCG-1",4
"TGCCCATTCAAACCGT-1",2
"TGCCCATTCAGGCCCA-1",1
"TGCCCATTCCTTCAAT-1",1
"TGCCCATTCGGAAATA-1",0
"TGCCCTAAGGTCGGAT-1",0
"TGCCCTAAGGTTCCTA-1",4
"TGCCCTACACCACCAG-1",2
"TGCCCTACAGCCACCA-1",1
"TGCCCTACAGTGAGTG-1",1
"TGCCCTAGTCCGAGTC-1",2
"TGCCCTAGTGGTTTCA-1",1
"TGCCCTAGTTTCGCTC-1",1
"TGCCCTATCGACGGAA-1",5
"TGCCCTATCTTCGGTC-1",0
"TGCGCAGAGACTAGGC-1",7
"TGCGCAGAGCACACAG-1",5
"TGCGCAGAGCGTCTAT-1",0
"TGCGCAGAGGAGCGAG-1",3
"TGCGCAGCAAACGTGG-1",3
"TGCGCAGCAGCTCGCA-1",1
"TGCGCAGCAGTAGAGC-1",1
"TGCGCAGTCCTACAGA-1",1
"TGCGGGTAGAGACTTA-1",7
"TGCGGGTAGATCGATA-1",4
"TGCGGGTAGCTCTCGG-1",1
"TGCGGGTAGGTGTGGT-1",4
"TGCGGGTAGTACTTGC-1",1
"TGCGGGTCAATGGAAT-1",4
"TGCGGGTCACACGCTG-1",0
"TGCGGGTCATTGGGCC-1",1
"TGCGGGTGTAGAAAGG-1",6
"TGCGGGTGTCACCTAA-1",2
"TGCGGGTGTCAGATAA-1",2
"TGCGGGTGTTAGAACA-1",1
"TGCGGGTTCAGTTCGA-1",1
"TGCGGGTTCGTAGATC-1",4
"TGCGGGTTCTCTTGAT-1",4
"TGCGTGGAGACGCAAC-1",0
"TGCGTGGAGACTGGGT-1",2
"TGCGTGGAGTGAACGC-1",1
"TGCGTGGCAATTCCTT-1",8
"TGCGTGGGTGCACCAC-1",1
"TGCGTGGTCCGCGCAA-1",3
"TGCGTGGTCGCCCTTA-1",3
"TGCGTGGTCTGGCGAC-1",0
"TGCTACCAGAAAGTGG-1",0
"TGCTACCAGATGGCGT-1",2
"TGCTACCAGCAAATCA-1",1
"TGCTACCAGTCCGTAT-1",0
"TGCTACCCAAGAGGCT-1",2
"TGCTACCCACTTAACG-1",3
"TGCTACCCATCGTCGG-1",6
"TGCTACCCATGGTTGT-1",2
"TGCTACCGTGTGACGA-1",11
"TGCTACCTCCTCGCAT-1",6
"TGCTACCTCTTCTGGC-1",1
"TGCTGCTAGACTAAGT-1",1
"TGCTGCTAGGTGATAT-1",8
"TGCTGCTCAATAGAGT-1",1
"TGCTGCTCACAGACAG-1",6
"TGCTGCTCATCCCATC-1",1
"TGCTGCTCATGGTTGT-1",3
"TGCTGCTGTCATACTG-1",0
"TGCTGCTGTGAAGGCT-1",1
"TGCTGCTTCATTGCGA-1",0
"TGGACGCAGAGGTACC-1",2
"TGGACGCAGTCAAGGC-1",1
"TGGACGCCACAGAGGT-1",1
"TGGACGCCATGGTAGG-1",3
"TGGACGCGTCCGAACC-1",2
"TGGACGCGTCTCCCTA-1",0
"TGGCCAGAGAAGGTGA-1",1
"TGGCCAGAGAGTACAT-1",0
"TGGCCAGAGGCGATAC-1",21
"TGGCCAGAGGCGTACA-1",4
"TGGCCAGCAACTGCGC-1",2
"TGGCCAGCACGACTCG-1",0
"TGGCCAGGTCAATACC-1",8
"TGGCCAGTCGTAGATC-1",7
"TGGCCAGTCTATCCCG-1",1
"TGGCGCAAGCTACCTA-1",1
"TGGCGCAAGCTATGCT-1",0
"TGGCGCAAGTGTGGCA-1",0
"TGGCGCAAGTTACCCA-1",19
"TGGCGCACACAGGCCT-1",1
"TGGCGCACACGGATAG-1",0
"TGGCGCACAGCGATCC-1",3
"TGGCGCACATAGGATA-1",0
"TGGCGCACATATACGC-1",4
"TGGCGCAGTACTCTCC-1",2
"TGGCGCAGTGGACGAT-1",14
"TGGCGCAGTTATGTGC-1",4
"TGGCGCATCAAGAAGT-1",0
"TGGCGCATCATGCTCC-1",4
"TGGCGCATCATGTGGT-1",4
"TGGCGCATCATTATCC-1",2
"TGGCGCATCGTGGTCG-1",1
"TGGCTGGAGCGGATCA-1",0
"TGGCTGGAGTGCAAGC-1",1
"TGGCTGGCAAGTTAAG-1",1
"TGGCTGGCACGGATAG-1",2
"TGGCTGGCAGGAACGT-1",1
"TGGCTGGGTCGAGTTT-1",0
"TGGCTGGGTCGGCATC-1",2
"TGGCTGGGTCTAGCCG-1",0
"TGGCTGGGTTACGCGC-1",2
"TGGCTGGGTTGGACCC-1",2
"TGGCTGGTCTCGTTTA-1",1
"TGGGAAGAGATATACG-1",2
"TGGGAAGAGCCCAATT-1",1
"TGGGAAGAGCGCTCCA-1",3
"TGGGAAGAGGGCTTCC-1",1
"TGGGAAGAGTAAGTAC-1",15
"TGGGAAGAGTTAACGA-1",0
"TGGGAAGCAAGGTGTG-1",3
"TGGGAAGCAGATCCAT-1",0
"TGGGAAGCAGCGAACA-1",0
"TGGGAAGGTAAGTTCC-1",1
"TGGGAAGGTTAGATGA-1",1
"TGGGAAGGTTATTCTC-1",5
"TGGGAAGTCCCAAGAT-1",0
"TGGGAAGTCCTTCAAT-1",2
"TGGGAAGTCGTGGACC-1",2
"TGGGAAGTCTCCTATA-1",6
"TGGGCGTAGTCTCCTC-1",1
"TGGGCGTCAGACGTAG-1",0
"TGGGCGTCAGGGATTG-1",0
"TGGGCGTGTCCAAGTT-1",4
"TGGGCGTGTCTAGAGG-1",4
"TGGGCGTGTGGCTCCA-1",3
"TGGGCGTGTTTCGCTC-1",3
"TGGGCGTTCAGCTTAG-1",0
"TGGTTAGAGCTACCTA-1",1
"TGGTTAGAGTTAGGTA-1",3
"TGGTTAGGTGATGATA-1",0
"TGGTTAGGTTCACGGC-1",1
"TGGTTAGTCCCGACTT-1",0
"TGGTTAGTCTTGTATC-1",4
"TGGTTCCAGCCGTCGT-1",2
"TGGTTCCAGTAATCCC-1",0
"TGGTTCCCAAGTTGTC-1",1
"TGGTTCCCAGACAAAT-1",1
"TGGTTCCCAGACAGGT-1",9
"TGGTTCCCAGCTCGAC-1",0
"TGGTTCCCATGTCCTC-1",2
"TGGTTCCCATTTCACT-1",1
"TGGTTCCGTCCAAGTT-1",3
"TGGTTCCTCACATACG-1",0
"TGGTTCCTCAGCTTAG-1",1
"TGGTTCCTCTAACTTC-1",1
"TGGTTCCTCTAGAGTC-1",1
"TGGTTCCTCTGGGCCA-1",0
"TGTATTCAGCCCGAAA-1",1
"TGTATTCAGCGATCCC-1",3
"TGTATTCCAGGGCATA-1",0
"TGTATTCGTAAGAGAG-1",0
"TGTATTCGTTTGTTTC-1",1
"TGTATTCTCAGCATGT-1",2
"TGTATTCTCATCTGTT-1",3
"TGTCCCAAGCAGATCG-1",10
"TGTCCCAAGCTAGTTC-1",1
"TGTCCCAAGCTGAACG-1",3
"TGTCCCAAGTTGTCGT-1",1
"TGTCCCACAGTAAGCG-1",2
"TGTCCCACATCACGTA-1",2
"TGTCCCAGTAAGAGGA-1",4
"TGTCCCAGTAAGTGGC-1",0
"TGTCCCAGTCGGATCC-1",1
"TGTCCCAGTCTCTTTA-1",0
"TGTCCCATCATTTGGG-1",0
"TGTCCCATCTGCAAGT-1",1
"TGTCCCATCTGCGTAA-1",4
"TGTGGTAGTCCCGACA-1",2
"TGTGGTAGTGTGAAAT-1",1
"TGTGGTAGTGTGACGA-1",1
"TGTGGTATCCAGGGCT-1",0
"TGTGGTATCTTGCATT-1",0
"TGTGTTTAGAGGTTAT-1",4
"TGTGTTTAGCGTGAGT-1",2
"TGTGTTTAGTGCGTGA-1",0
"TGTGTTTCATGCGCAC-1",1
"TGTGTTTTCTCATTCA-1",1
"TGTGTTTTCTTTCCTC-1",3
"TGTTCCGAGAGCAATT-1",0
"TGTTCCGAGCAACGGT-1",0
"TGTTCCGAGGAATTAC-1",3
"TGTTCCGAGGACTGGT-1",2
"TGTTCCGCAGTGAGTG-1",1
"TGTTCCGGTGAGTATA-1",2
"TGTTCCGTCAAGCCTA-1",3
"TGTTCCGTCAGTTCGA-1",3
"TGTTCCGTCGGCGGTT-1",2
"TGTTCCGTCTGAAAGA-1",0
"TGTTCCGTCTGGTATG-1",1
"TTAACTCAGTGTACGG-1",0
"TTAACTCCAAGCGCTC-1",1
"TTAACTCCAGGCAGTA-1",2
"TTAACTCGTTCCACAA-1",0
"TTAACTCTCATAAAGG-1",2
"TTAACTCTCCCTCAGT-1",0
"TTAGGACAGCAGGCTA-1",4
"TTAGGACAGCTCTCGG-1",5
"TTAGGACCAAGCCATT-1",1
"TTAGGACCAGTCAGAG-1",0
"TTAGGACGTTTGTTTC-1",4
"TTAGGCAAGAAGATTC-1",4
"TTAGGCAAGAGCCCAA-1",0
"TTAGGCAAGAGTGACC-1",3
"TTAGGCAAGGTTCCTA-1",3
"TTAGGCAAGTCGTTTG-1",1
"TTAGGCAAGTGTACCT-1",9
"TTAGGCACAGACGCTC-1",0
"TTAGGCACATGTTCCC-1",2
"TTAGGCAGTAAGGATT-1",0
"TTAGGCAGTAAGTAGT-1",2
"TTAGGCAGTCTTGATG-1",0
"TTAGGCATCACGCATA-1",6
"TTAGGCATCAGTCAGT-1",29
"TTAGGCATCCAGTATG-1",0
"TTAGGCATCGTTACGA-1",0
"TTAGTTCAGGTGCAAC-1",3
"TTAGTTCCAATGTAAG-1",8
"TTAGTTCCATCCTTGC-1",3
"TTAGTTCGTAGCCTAT-1",5
"TTAGTTCGTGCAGACA-1",2
"TTAGTTCGTGTCAATC-1",2
"TTAGTTCGTTGCCTCT-1",6
"TTAGTTCTCAGGCCCA-1",1
"TTAGTTCTCGCAGGCT-1",3
"TTAGTTCTCTACTATC-1",0
"TTATGCTAGAATGTGT-1",1
"TTATGCTAGCACACAG-1",3
"TTATGCTAGCAGCCTC-1",1
"TTATGCTAGTCCCACG-1",1
"TTATGCTAGTGGTAAT-1",3
"TTATGCTCAGCCAGAA-1",2
"TTATGCTCATACCATG-1",1
"TTATGCTCATGTAGTC-1",0
"TTATGCTGTCCGAGTC-1",2
"TTATGCTTCGATAGAA-1",0
"TTCCCAGAGAATTCCC-1",2
"TTCCCAGAGACTAGAT-1",2
"TTCCCAGAGTATCGAA-1",0
"TTCCCAGCAGATGGGT-1",2
"TTCCCAGCATCAGTAC-1",0
"TTCCCAGCATCTCCCA-1",1
"TTCCCAGCATTACCTT-1",1
"TTCCCAGTCAACACTG-1",0
"TTCCCAGTCGAGAGCA-1",6
"TTCGAAGAGTCTCAAC-1",0
"TTCGAAGCAAGCGCTC-1",2
"TTCGAAGCACATTAGC-1",1
"TTCGAAGCACGGTGTC-1",1
"TTCGGTCAGAGGACGG-1",0
"TTCGGTCAGCACACAG-1",3
"TTCGGTCAGGCCCTCA-1",7
"TTCGGTCAGTGAATTG-1",1
"TTCGGTCAGTTGAGAT-1",11
"TTCGGTCCAAGGGTCA-1",6
"TTCGGTCCACGTCAGC-1",1
"TTCGGTCGTAACGTTC-1",1
"TTCGGTCGTAGAGTGC-1",2
"TTCGGTCGTTCATGGT-1",1
"TTCGGTCGTTCTGTTT-1",3
"TTCGGTCTCAAAGACA-1",3
"TTCGGTCTCCAGTATG-1",2
"TTCGGTCTCGCGTTTC-1",3
"TTCGGTCTCGTCTGAA-1",1
"TTCTACAAGACTAAGT-1",9
"TTCTACAAGCAGCCTC-1",1
"TTCTACAAGCCTTGAT-1",3
"TTCTACAAGGCAGGTT-1",0
"TTCTACAAGGTAAACT-1",3
"TTCTACAAGTTAGGTA-1",2
"TTCTACACACGTGAGA-1",4
"TTCTACACAGCTGTTA-1",0
"TTCTACACATCGATTG-1",1
"TTCTACACATTACGAC-1",4
"TTCTACAGTACCGTTA-1",6
"TTCTACAGTATATGAG-1",4
"TTCTACAGTGGCTCCA-1",0
"TTCTACATCAACGGGA-1",1
"TTCTACATCCGCGTTT-1",1
"TTCTCAAAGAAAGTGG-1",1
"TTCTCAAAGAATCTCC-1",16
"TTCTCAAAGAGGTTAT-1",6
"TTCTCAAAGCAGCCTC-1",1
"TTCTCAAAGCCGCCTA-1",3
"TTCTCAAAGTCAATAG-1",2
"TTCTCAAAGTTGAGAT-1",6
"TTCTCAACACCCAGTG-1",2
"TTCTCAACATTGTGCA-1",3
"TTCTCAAGTATAAACG-1",1
"TTCTCAAGTCCCTTGT-1",1
"TTCTCAAGTCGAGATG-1",0
"TTCTCAATCATCGCTC-1",4
"TTCTCAATCCCTAACC-1",1
"TTCTCAATCGTAGGAG-1",2
"TTCTCCTAGAGTAAGG-1",1
"TTCTCCTAGCGACGTA-1",9
"TTCTCCTAGCGTGAGT-1",5
"TTCTCCTAGTCTCGGC-1",0
"TTCTCCTCAACACGCC-1",2
"TTCTCCTCAATAACGA-1",4
"TTCTCCTGTTAAGAAC-1",4
"TTCTCCTTCAGTTCGA-1",0
"TTCTCCTTCCGTAGGC-1",12
"TTCTCCTTCCTTTCTC-1",4
"TTCTCCTTCTGCAAGT-1",2
"TTCTCCTTCTTCAACT-1",1
"TTCTCCTTCTTGTACT-1",2
"TTCTTAGAGGACTGGT-1",0
"TTCTTAGCAAGGTGTG-1",1
"TTCTTAGCATCGGAAG-1",3
"TTCTTAGGTAGAAGGA-1",0
"TTCTTAGGTCATATGC-1",1
"TTCTTAGTCAGTTCGA-1",0
"TTGAACGGTCACTTCC-1",2
"TTGAACGTCATGTCCC-1",1
"TTGACTTAGCCACGTC-1",0
"TTGACTTAGCGACGTA-1",5
"TTGACTTAGTTAACGA-1",2
"TTGACTTCACTTACGA-1",0
"TTGACTTGTCTCTCTG-1",4
"TTGACTTGTGCGATAG-1",3
"TTGACTTTCCAGAGGA-1",6
"TTGACTTTCTGTCCGT-1",1
"TTGCCGTAGGAGCGTT-1",3
"TTGCCGTAGGTGGGTT-1",3
"TTGCCGTCATGGTCAT-1",0
"TTGCCGTGTACAGACG-1",2
"TTGCGTCAGACAGAGA-1",2
"TTGCGTCAGCTCCTTC-1",1
"TTGCGTCAGTCCATAC-1",3
"TTGCGTCAGTGAATTG-1",2
"TTGCGTCCAAATTGCC-1",3
"TTGCGTCCACTGTGTA-1",3
"TTGCGTCCAGTCACTA-1",5
"TTGCGTCGTCTGATTG-1",3
"TTGGAACAGCCCAATT-1",6
"TTGGAACAGCGTCTAT-1",12
"TTGGAACAGGCGTACA-1",1
"TTGGAACGTATTACCG-1",5
"TTGGAACGTGTGTGCC-1",5
"TTGGAACTCCCATTAT-1",2
"TTGGAACTCCGTAGTA-1",3
"TTGGAACTCGTCCAGG-1",1
"TTGGCAAAGTTAGGTA-1",4
"TTGGCAAGTATAGGTA-1",2
"TTGGCAATCACATGCA-1",3
"TTGGCAATCAGAGCTT-1",0
"TTGGCAATCGCATGAT-1",2
"TTGGCAATCTAGAGTC-1",2
"TTGTAGGAGGTGCTAG-1",1
"TTGTAGGCACACGCTG-1",2
"TTGTAGGGTCTCCCTA-1",0
"TTGTAGGGTGGTAACG-1",1
"TTGTAGGTCGGCGCTA-1",2
"TTGTAGGTCTGCCAGG-1",1
"TTTACTGAGATCACGG-1",2
"TTTACTGCAAAGCAAT-1",0
"TTTACTGCACATGGGA-1",2
"TTTACTGCACCACGTG-1",1
"TTTACTGCATGGGACA-1",2
"TTTACTGCATGTCCTC-1",0
"TTTACTGGTAACGTTC-1",2
"TTTACTGGTGGTGTAG-1",0
"TTTACTGGTTCGCTAA-1",3
"TTTACTGTCTGGAGCC-1",4
"TTTATGCAGACTGTAA-1",0
"TTTATGCAGATGCGAC-1",1
"TTTATGCAGGCAAAGA-1",3
"TTTATGCAGGCCCGTT-1",1
"TTTATGCAGTTCCACA-1",4
"TTTATGCCAAACGCGA-1",2
"TTTATGCCAATCTGCA-1",0
"TTTATGCCACAGGTTT-1",7
"TTTATGCCAGCCAATT-1",0
"TTTATGCCAGGTCGTC-1",5
"TTTATGCCATGGTCAT-1",1
"TTTATGCTCACATAGC-1",1
"TTTATGCTCACCTTAT-1",5
"TTTATGCTCGGCGGTT-1",1
"TTTATGCTCTCGCTTG-1",2
"TTTCCTCAGCGTGAAC-1",1
"TTTCCTCAGGACTGGT-1",1
"TTTCCTCCAAAGTGCG-1",0
"TTTCCTCCAGGAATGC-1",3
"TTTCCTCCATTAGCCA-1",2
"TTTCCTCGTCCGAAGA-1",4
"TTTCCTCGTCGCTTTC-1",1
"TTTCCTCTCGGCCGAT-1",3
"TTTCCTCTCGTGTAGT-1",4
"TTTGCGCAGCTAAACA-1",0
"TTTGCGCAGCTAGTCT-1",1
"TTTGCGCAGGCCGAAT-1",5
"TTTGCGCAGTCAAGGC-1",2
"TTTGCGCCAAGTAGTA-1",2
"TTTGCGCCAGGTGCCT-1",5
"TTTGCGCGTCTAAACC-1",1
"TTTGCGCTCAAAGTAG-1",1
"TTTGCGCTCATGTAGC-1",4
"TTTGGTTAGAATGTGT-1",0
"TTTGGTTAGACAATAC-1",5
"TTTGGTTAGCGATTCT-1",6
"TTTGGTTAGGCTCAGA-1",0
"TTTGGTTAGTTACCCA-1",4
"TTTGGTTCAAACTGCT-1",3
"TTTGGTTCAAGCTGTT-1",4
"TTTGGTTCAGATCGGA-1",1
"TTTGGTTCATCACAAC-1",4
"TTTGGTTGTACTTCTT-1",3
"TTTGGTTGTATGCTTG-1",0
"TTTGGTTGTGCTTCTC-1",3
"TTTGGTTTCATGCTCC-1",3
"TTTGGTTTCCCTGACT-1",1
"TTTGTCAAGAGTCGGT-1",0
"TTTGTCACAAGTTCTG-1",1
"TTTGTCACAAGTTGTC-1",3
"TTTGTCACACTCTGTC-1",1
"TTTGTCATCACCTTAT-1",1
"TTTGTCATCCATTCTA-1",8
"TTTGTCATCCTTAATC-1",4
"TTTGTCATCTTATCTG-1",2
