"cell_barcode","expression"
"AAACCTGAGACAGAGA-1",4
"AAACCTGAGACTTTCG-1",0
"AAACCTGAGAGTAAGG-1",0
"AAACCTGAGAGTCGGT-1",0
"AAACCTGAGGATGGAA-1",2
"AAACCTGAGTAGATGT-1",1
"AAACCTGCAATCAGAA-1",1
"AAACCTGCACCGATAT-1",1
"AAACCTGCAGACGTAG-1",2
"AAACCTGCAGTATCTG-1",1
"AAACCTGCATAGTAAG-1",0
"AAACCTGCATGAACCT-1",0
"AAACCTGGTAAGAGGA-1",2
"AAACCTGGTCCAACTA-1",5
"AAACCTGTCCGTAGTA-1",2
"AAACCTGTCGAGAGCA-1",0
"AAACGGGAGTACGACG-1",1
"AAACGGGCAAGGTTTC-1",0
"AAACGGGCACGTCAGC-1",1
"AAACGGGCAGCGTTCG-1",1
"AAACGGGGTAGCCTCG-1",3
"AAACGGGGTCTACCTC-1",0
"AAACGGGGTGCGGTAA-1",1
"AAACGGGGTTGTCGCG-1",3
"AAACGGGTCCATGAGT-1",0
"AAACGGGTCCCAACGG-1",1
"AAACGGGTCCCATTAT-1",3
"AAAGATGCAGTCAGCC-1",1
"AAAGATGCATCTACGA-1",2
"AAAGCAAAGCGTCTAT-1",1
"AAAGCAACATGTCGAT-1",2
"AAAGCAAGTAGCTGCC-1",0
"AAAGCAAGTAGGCATG-1",0
"AAAGCAAGTGCGCTTG-1",0
"AAAGCAAGTTATTCTC-1",1
"AAAGCAATCCGTAGTA-1",2
"AAAGTAGAGATGTGTA-1",0
"AAAGTAGAGTGGGCTA-1",0
"AAAGTAGGTATATGGA-1",0
"AAAGTAGGTGAGCGAT-1",2
"AAAGTAGGTTGAGGTG-1",1
"AAATGCCAGCCCTAAT-1",0
"AAATGCCAGCGTGTCC-1",0
"AAATGCCCAACACCTA-1",3
"AAATGCCGTAGGAGTC-1",0
"AAATGCCGTCTTTCAT-1",0
"AAATGCCGTGGTCCGT-1",2
"AAATGCCGTTCCCGAG-1",0
"AAATGCCTCATAGCAC-1",1
"AAATGCCTCGCTTAGA-1",0
"AACACGTAGAATTCCC-1",2
"AACACGTAGCCCTAAT-1",2
"AACACGTAGGGTGTGT-1",0
"AACACGTCACTGTCGG-1",3
"AACACGTCATCCCATC-1",2
"AACACGTGTGCAACGA-1",1
"AACACGTGTGTCGCTG-1",0
"AACCATGAGCGCTTAT-1",0
"AACCATGGTCCGTTAA-1",0
"AACCATGTCAGTTCGA-1",4
"AACCATGTCATCGATG-1",0
"AACCATGTCCCAAGTA-1",0
"AACCGCGAGAAGCCCA-1",1
"AACCGCGAGACTGGGT-1",0
"AACCGCGAGAGGTACC-1",0
"AACCGCGAGTTAGGTA-1",3
"AACCGCGAGTTGCAGG-1",2
"AACCGCGCACGGTAGA-1",4
"AACCGCGCAGCATGAG-1",0
"AACCGCGCAGCCTGTG-1",1
"AACCGCGCAGCTGTGC-1",1
"AACCGCGCAGTATGCT-1",2
"AACCGCGGTACTTGAC-1",1
"AACCGCGGTCTGCAAT-1",3
"AACCGCGTCACATGCA-1",2
"AACCGCGTCACCGTAA-1",0
"AACCGCGTCCAGAGGA-1",0
"AACCGCGTCCGAAGAG-1",0
"AACCGCGTCGATCCCT-1",1
"AACGTTGAGCGATAGC-1",0
"AACGTTGAGCGATCCC-1",2
"AACGTTGAGCTTATCG-1",0
"AACGTTGCAAGTTGTC-1",1
"AACGTTGCAATAGAGT-1",4
"AACGTTGCAATGGATA-1",0
"AACGTTGCATGGATGG-1",1
"AACGTTGCATTCTCAT-1",3
"AACGTTGTCAACACGT-1",1
"AACGTTGTCGAGGTAG-1",1
"AACGTTGTCGGTCCGA-1",0
"AACTCAGAGAGCTATA-1",0
"AACTCAGAGAGTCGGT-1",2
"AACTCAGAGCCACCTG-1",1
"AACTCAGAGCCCAATT-1",3
"AACTCAGCAAACAACA-1",0
"AACTCAGCACAAGCCC-1",1
"AACTCAGCACGGTTTA-1",0
"AACTCAGCAGGATCGA-1",2
"AACTCAGCATAAAGGT-1",2
"AACTCAGGTTCCACAA-1",3
"AACTCAGTCGTACCGG-1",2
"AACTCCCAGCCCAGCT-1",0
"AACTCCCAGCTAAGAT-1",2
"AACTCCCCAAACGCGA-1",0
"AACTCCCCATGGTCTA-1",0
"AACTCCCGTTGCGCAC-1",4
"AACTCCCTCAAGAAGT-1",1
"AACTCCCTCAAGCCTA-1",0
"AACTCCCTCATCGCTC-1",2
"AACTCCCTCTGCAGTA-1",1
"AACTCCCTCTGGCGTG-1",1
"AACTCTTAGCAGACTG-1",2
"AACTCTTAGTCCGGTC-1",1
"AACTCTTCATGCTAGT-1",0
"AACTCTTGTCGAATCT-1",1
"AACTCTTGTCGGGTCT-1",3
"AACTCTTTCCTCAATT-1",0
"AACTCTTTCTCAAACG-1",2
"AACTCTTTCTCCAGGG-1",1
"AACTCTTTCTCTGCTG-1",1
"AACTGGTAGAAGATTC-1",1
"AACTGGTAGAGACTAT-1",1
"AACTGGTAGCCAACAG-1",0
"AACTGGTAGTGTACTC-1",0
"AACTGGTCACTGAAGG-1",1
"AACTGGTGTCCGAACC-1",1
"AACTGGTTCGGAGCAA-1",3
"AACTGGTTCGTGGGAA-1",0
"AACTGGTTCTGCTTGC-1",1
"AACTTTCAGCGTGAAC-1",0
"AACTTTCAGTATCTCG-1",0
"AACTTTCAGTTTCCTT-1",0
"AACTTTCCATCCTTGC-1",3
"AACTTTCGTCTAGAGG-1",2
"AACTTTCGTCTCTTTA-1",1
"AACTTTCGTTTGTTTC-1",0
"AAGACCTAGGGCTTCC-1",0
"AAGACCTAGTACACCT-1",0
"AAGACCTGTATATGAG-1",0
"AAGACCTGTATCAGTC-1",1
"AAGACCTGTCCGTGAC-1",2
"AAGACCTGTCGAAAGC-1",1
"AAGACCTTCGCCATAA-1",2
"AAGCCGCAGATCTGAA-1",3
"AAGCCGCAGGGTGTTG-1",0
"AAGCCGCAGTGGACGT-1",0
"AAGCCGCAGTGTACTC-1",0
"AAGCCGCCACGCTTTC-1",0
"AAGCCGCCAGGACGTA-1",1
"AAGCCGCGTACAGTTC-1",2
"AAGCCGCGTCATTAGC-1",1
"AAGCCGCTCACGAAGG-1",1
"AAGCCGCTCAGTTAGC-1",2
"AAGCCGCTCGCAAACT-1",1
"AAGCCGCTCGTCGTTC-1",2
"AAGCCGCTCTTACCGC-1",1
"AAGGAGCAGAAACCGC-1",3
"AAGGAGCAGGCATGTG-1",1
"AAGGAGCAGGCGCTCT-1",0
"AAGGAGCAGTTGAGTA-1",1
"AAGGAGCCACGGCGTT-1",3
"AAGGAGCGTAGCGCAA-1",0
"AAGGAGCGTCTGCAAT-1",2
"AAGGAGCTCGTCTGCT-1",0
"AAGGCAGAGAACTGTA-1",1
"AAGGCAGAGAGATGAG-1",1
"AAGGCAGAGGTGATAT-1",0
"AAGGCAGCATAGTAAG-1",1
"AAGGCAGGTACTTCTT-1",0
"AAGGCAGGTGTGCCTG-1",1
"AAGGCAGTCAGATAAG-1",1
"AAGGCAGTCGGAATCT-1",0
"AAGGTTCAGTATCTCG-1",1
"AAGGTTCCATCACGTA-1",2
"AAGGTTCGTATATGGA-1",0
"AAGGTTCGTCCGAATT-1",1
"AAGGTTCGTCGACTAT-1",1
"AAGGTTCGTGTGACCC-1",3
"AAGGTTCTCCGTCATC-1",2
"AAGGTTCTCCTCGCAT-1",2
"AAGGTTCTCTGCGGCA-1",2
"AAGTCTGAGCCATCGC-1",0
"AAGTCTGAGTCAAGCG-1",1
"AAGTCTGCAAAGGAAG-1",1
"AAGTCTGGTCAGCTAT-1",3
"AAGTCTGTCAAACAAG-1",0
"AAGTCTGTCACTGGGC-1",0
"AAGTCTGTCAGCAACT-1",0
"AATCCAGCAAAGTGCG-1",2
"AATCCAGCAGCATACT-1",1
"AATCCAGGTAGGCATG-1",1
"AATCCAGGTCTCCCTA-1",1
"AATCCAGTCCGAATGT-1",5
"AATCGGTAGGCATGGT-1",0
"AATCGGTTCCTGTACC-1",0
"AATCGGTTCGCCGTGA-1",1
"ACACCAAAGATGAGAG-1",4
"ACACCAAAGCCCTAAT-1",0
"ACACCAAAGGATGGTC-1",2
"ACACCAAAGTGTCCAT-1",0
"ACACCAACACTTCGAA-1",0
"ACACCAACAGACGCTC-1",1
"ACACCAACAGCCTATA-1",0
"ACACCAAGTCGCGTGT-1",0
"ACACCAAGTCTAAACC-1",0
"ACACCAAGTTATGTGC-1",2
"ACACCAATCGCGTTTC-1",1
"ACACCCTAGCCAGGAT-1",1
"ACACCCTAGTACTTGC-1",2
"ACACCCTCAAGCGCTC-1",1
"ACACCCTCATCACAAC-1",3
"ACACCCTCATGCCCGA-1",0
"ACACCCTGTCTGGTCG-1",1
"ACACCCTTCCGCAAGC-1",0
"ACACCCTTCCTTGCCA-1",1
"ACACCCTTCTATCCTA-1",1
"ACACCCTTCTGGCGTG-1",0
"ACACCGGAGGCTCAGA-1",1
"ACACCGGAGTGACATA-1",1
"ACACCGGAGTTACCCA-1",1
"ACACCGGCAAGCCGTC-1",0
"ACACCGGCACCAGATT-1",2
"ACACCGGCACCGAAAG-1",3
"ACACCGGCATCACAAC-1",0
"ACACCGGTCCGCATAA-1",0
"ACACCGGTCTCGGACG-1",0
"ACACCGGTCTCTGTCG-1",1
"ACACTGAAGCACGCCT-1",1
"ACACTGAAGGTGATTA-1",2
"ACACTGACAATAGAGT-1",2
"ACACTGACAGACTCGC-1",5
"ACACTGACATCCAACA-1",0
"ACACTGAGTCCGAAGA-1",1
"ACACTGAGTGTTTGTG-1",0
"ACACTGAGTTTGACTG-1",0
"ACAGCCGAGGAATGGA-1",0
"ACAGCCGAGGCCCGTT-1",0
"ACAGCCGAGGTGCTTT-1",1
"ACAGCCGAGTGGTAGC-1",2
"ACAGCCGCATATACGC-1",2
"ACAGCCGCATGCAACT-1",1
"ACAGCCGGTAGGGTAC-1",0
"ACAGCCGGTCGAATCT-1",4
"ACAGCCGGTTCACCTC-1",2
"ACAGCCGGTTCCACTC-1",2
"ACAGCCGTCCAGAAGG-1",3
"ACAGCCGTCTTTACAC-1",2
"ACAGCTAAGCACCGCT-1",0
"ACAGCTAAGTATCTCG-1",0
"ACAGCTAAGTGTTGAA-1",0
"ACAGCTACATCGTCGG-1",1
"ACAGCTAGTCGACTAT-1",1
"ACAGCTAGTGGTACAG-1",2
"ACAGCTATCACCACCT-1",2
"ACAGCTATCTGCTTGC-1",2
"ACATACGAGAGCTTCT-1",1
"ACATACGAGCGTAGTG-1",1
"ACATACGAGCTTCGCG-1",1
"ACATACGAGCTTTGGT-1",2
"ACATACGCAAACGTGG-1",3
"ACATACGCAAGCCTAT-1",0
"ACATACGCATCTCCCA-1",2
"ACATACGCATTCTCAT-1",0
"ACATACGGTAGGAGTC-1",2
"ACATACGGTGCACCAC-1",0
"ACATACGGTGGTTTCA-1",3
"ACATACGTCGTATCAG-1",1
"ACATCAGAGCCACTAT-1",0
"ACATCAGAGCCTTGAT-1",1
"ACATCAGCAACACCCG-1",2
"ACATCAGCAACGATGG-1",1
"ACATCAGCAATTGCTG-1",0
"ACATCAGCACCGGAAA-1",1
"ACATCAGCATAAAGGT-1",1
"ACATCAGCATCCCACT-1",1
"ACATCAGCATTTGCCC-1",0
"ACATCAGGTAAGGATT-1",2
"ACATCAGGTCCGTGAC-1",0
"ACATCAGGTTAAGTAG-1",0
"ACATCAGTCAAACCGT-1",0
"ACATGGTAGCATGGCA-1",1
"ACATGGTAGCTGTTCA-1",1
"ACATGGTCACTTGGAT-1",2
"ACATGGTGTCAGATAA-1",0
"ACATGGTGTCTGCGGT-1",1
"ACATGGTGTGCAACTT-1",0
"ACATGGTTCCGCAAGC-1",2
"ACATGGTTCCTCCTAG-1",2
"ACATGGTTCTGGAGCC-1",0
"ACATGGTTCTTCTGGC-1",2
"ACCAGTAAGATCACGG-1",0
"ACCAGTAAGCTTCGCG-1",0
"ACCAGTACACAGATTC-1",0
"ACCAGTACACAGGCCT-1",0
"ACCAGTACAGTATGCT-1",0
"ACCAGTACAGTCAGAG-1",0
"ACCAGTACAGTTTACG-1",2
"ACCAGTAGTCACCCAG-1",0
"ACCAGTAGTCCATCCT-1",1
"ACCAGTAGTCTTCAAG-1",0
"ACCAGTAGTGGACGAT-1",1
"ACCAGTATCTGCGACG-1",2
"ACCAGTATCTGCTTGC-1",3
"ACCAGTATCTGTTTGT-1",2
"ACCCACTAGAGGTTAT-1",3
"ACCCACTAGATCCCGC-1",6
"ACCCACTAGATGTGTA-1",0
"ACCCACTAGCCCAATT-1",1
"ACCCACTCAAGGGTCA-1",1
"ACCCACTCAAGGTTCT-1",0
"ACCCACTGTAAATGAC-1",0
"ACCCACTGTAGCCTCG-1",0
"ACCCACTGTCAAAGAT-1",3
"ACCCACTGTCAATACC-1",0
"ACCCACTGTGTGGTTT-1",0
"ACCCACTTCGCAAACT-1",3
"ACCCACTTCTGCCAGG-1",1
"ACCGTAACAATCGGTT-1",1
"ACCGTAACAATCTACG-1",1
"ACCGTAACAGGTCCAC-1",1
"ACCGTAAGTACAGCAG-1",0
"ACCGTAAGTCATGCAT-1",2
"ACCGTAAGTGAGTGAC-1",2
"ACCGTAAGTTAAGAAC-1",0
"ACCGTAAGTTCCGTCT-1",2
"ACCGTAATCACATAGC-1",3
"ACCGTAATCATGTGGT-1",1
"ACCGTAATCTGAAAGA-1",3
"ACCTTTACAATCGGTT-1",0
"ACCTTTACACGGACAA-1",0
"ACCTTTACAGCAGTTT-1",4
"ACCTTTACATGCAACT-1",1
"ACCTTTACATTTCAGG-1",2
"ACCTTTAGTGAACCTT-1",0
"ACCTTTAGTTCCACTC-1",2
"ACCTTTATCTCTAGGA-1",1
"ACGAGCCAGGCAGGTT-1",0
"ACGAGCCCACAGGCCT-1",3
"ACGAGCCCATGGAATA-1",1
"ACGAGCCGTGCACGAA-1",2
"ACGAGCCGTGTGACCC-1",0
"ACGAGCCGTTGGTTTG-1",1
"ACGAGCCTCAGTCCCT-1",0
"ACGAGCCTCGCAAACT-1",1
"ACGAGGACACTACAGT-1",0
"ACGAGGACATGTAGTC-1",1
"ACGAGGAGTACACCGC-1",3
"ACGAGGAGTGCCTGCA-1",0
"ACGAGGAGTTCTGAAC-1",1
"ACGAGGATCTGCGGCA-1",3
"ACGATACAGAGTGACC-1",0
"ACGATACAGCGCCTTG-1",0
"ACGATACAGTGATCGG-1",1
"ACGATACCACGTTGGC-1",1
"ACGATACCATTGGGCC-1",1
"ACGATACGTCGAATCT-1",2
"ACGATACTCTGACCTC-1",0
"ACGATGTAGTGCGATG-1",0
"ACGATGTAGTTGAGAT-1",2
"ACGATGTCAACGCACC-1",2
"ACGATGTCACACGCTG-1",0
"ACGATGTGTATTCTCT-1",4
"ACGATGTGTCAGTGGA-1",1
"ACGATGTGTGACTACT-1",1
"ACGATGTGTGTCGCTG-1",0
"ACGATGTTCGCGTAGC-1",3
"ACGATGTTCTCTTATG-1",0
"ACGCAGCAGCGGCTTC-1",1
"ACGCAGCAGCTGCGAA-1",3
"ACGCAGCAGTGTACGG-1",1
"ACGCAGCCACCTCGTT-1",2
"ACGCAGCCATCGACGC-1",0
"ACGCAGCCATTACCTT-1",0
"ACGCAGCGTCCATGAT-1",1
"ACGCAGCGTCTACCTC-1",2
"ACGCAGCGTCTGGTCG-1",2
"ACGCAGCGTGCGATAG-1",0
"ACGCCAGCAAAGCAAT-1",0
"ACGCCAGCAACGCACC-1",3
"ACGCCAGCACGAGAGT-1",3
"ACGCCAGCAGTGAGTG-1",1
"ACGCCAGGTGCACTTA-1",1
"ACGCCAGGTGTGCGTC-1",3
"ACGCCAGTCACAGGCC-1",1
"ACGCCAGTCAGTGTTG-1",0
"ACGCCGAAGAAACGCC-1",0
"ACGCCGAAGATCTGCT-1",0
"ACGCCGACAGCCTGTG-1",1
"ACGCCGAGTTCCAACA-1",1
"ACGCCGATCCTATGTT-1",0
"ACGCCGATCGCAGGCT-1",2
"ACGCCGATCTTGTATC-1",1
"ACGGAGAAGCCAGTTT-1",0
"ACGGAGAAGGTCATCT-1",2
"ACGGAGACACACATGT-1",6
"ACGGAGACAGCCTGTG-1",2
"ACGGAGACAGCGTAAG-1",0
"ACGGAGACAGTAAGCG-1",0
"ACGGAGAGTGTGACGA-1",5
"ACGGAGATCCACGAAT-1",2
"ACGGCCACACATCCAA-1",2
"ACGGCCACACATTCGA-1",0
"ACGGCCAGTACCGTAT-1",1
"ACGGCCAGTGTATGGG-1",0
"ACGGCCATCACGGTTA-1",2
"ACGGCCATCAGTGTTG-1",1
"ACGGCCATCTACTATC-1",3
"ACGGGCTAGGATCGCA-1",3
"ACGGGCTAGGTTCCTA-1",0
"ACGGGCTAGTGGCACA-1",2
"ACGGGCTCATCTGGTA-1",1
"ACGGGCTGTGAGGCTA-1",2
"ACGGGCTTCCGAACGC-1",0
"ACGGGTCAGATGCCAG-1",0
"ACGGGTCCATGATCCA-1",0
"ACGGGTCCATTAGGCT-1",1
"ACGGGTCCATTTCACT-1",0
"ACGGGTCGTTAGGGTG-1",3
"ACGGGTCTCAACACCA-1",1
"ACGGGTCTCCACGCAG-1",1
"ACGTCAAAGGGCTTCC-1",1
"ACGTCAAAGTGGTAAT-1",1
"ACGTCAACAACTGCGC-1",0
"ACGTCAACACAAGACG-1",1
"ACGTCAAGTAGCTCCG-1",2
"ACGTCAAGTGTCGCTG-1",6
"ACGTCAAGTTATGCGT-1",3
"ACGTCAATCAACCAAC-1",2
"ACGTCAATCATAACCG-1",0
"ACGTCAATCCAGAAGG-1",3
"ACGTCAATCTAACTCT-1",0
"ACTATCTAGAGGTTAT-1",1
"ACTATCTAGATACACA-1",3
"ACTATCTAGGAGTAGA-1",0
"ACTATCTAGGCATGTG-1",2
"ACTATCTCAAATACAG-1",0
"ACTATCTCAAATTGCC-1",1
"ACTATCTGTAGGGACT-1",2
"ACTATCTGTCGCGTGT-1",0
"ACTATCTGTGCACGAA-1",0
"ACTATCTGTGGTTTCA-1",1
"ACTATCTTCGCCGTGA-1",3
"ACTGAACAGAGTGAGA-1",0
"ACTGAACAGATCCCGC-1",2
"ACTGAACAGGTGATAT-1",2
"ACTGAACCAAAGCGGT-1",0
"ACTGAACCAAGCGAGT-1",1
"ACTGAACCAATTCCTT-1",2
"ACTGAACCAGCTGGCT-1",3
"ACTGAACCAGTCTTCC-1",1
"ACTGAACCATTACCTT-1",1
"ACTGAACGTAAGCACG-1",1
"ACTGAACGTAATCGTC-1",2
"ACTGAACGTCCAGTAT-1",0
"ACTGAACGTCTGATCA-1",1
"ACTGAACTCCCACTTG-1",2
"ACTGAGTAGCCGGTAA-1",2
"ACTGAGTCAGTGGGAT-1",6
"ACTGAGTCATTTGCCC-1",0
"ACTGAGTGTAGAGCTG-1",1
"ACTGAGTGTTGTGGCC-1",1
"ACTGAGTTCAGGTTCA-1",0
"ACTGATGAGACAGACC-1",1
"ACTGATGAGCGGATCA-1",4
"ACTGATGAGGTGCTTT-1",2
"ACTGATGCAGCAGTTT-1",0
"ACTGATGCATCACAAC-1",1
"ACTGATGGTCATGCAT-1",0
"ACTGATGTCACAATGC-1",0
"ACTGATGTCACTCCTG-1",0
"ACTGATGTCCCTGACT-1",2
"ACTGATGTCCGCTGTT-1",0
"ACTGATGTCCGGCACA-1",4
"ACTGATGTCCTATTCA-1",0
"ACTGCTCAGAGCTTCT-1",1
"ACTGCTCAGATGCCTT-1",1
"ACTGCTCCACACCGCA-1",1
"ACTGCTCCAGATGGGT-1",1
"ACTGCTCCATGCCTAA-1",5
"ACTGCTCGTAGGCATG-1",1
"ACTGCTCGTATCACCA-1",0
"ACTGCTCGTCCGAAGA-1",0
"ACTGCTCTCCGAGCCA-1",4
"ACTGTCCAGAGGGCTT-1",0
"ACTGTCCAGCAGCGTA-1",2
"ACTGTCCAGGCATGGT-1",0
"ACTGTCCCAAGGTTTC-1",5
"ACTGTCCCAAGTACCT-1",3
"ACTGTCCCAGTATCTG-1",1
"ACTGTCCCATAGAAAC-1",2
"ACTGTCCGTTGAGGTG-1",0
"ACTGTCCTCCACGTGG-1",0
"ACTGTCCTCCTTGGTC-1",0
"ACTGTCCTCTCTGTCG-1",1
"ACTTACTAGCGATAGC-1",0
"ACTTACTAGGGATGGG-1",2
"ACTTACTCACAGACAG-1",0
"ACTTACTCACATTTCT-1",1
"ACTTACTGTACTCAAC-1",2
"ACTTACTGTTCCACAA-1",2
"ACTTACTTCATCGGAT-1",1
"ACTTGTTAGACAAGCC-1",1
"ACTTGTTAGCTAGCCC-1",1
"ACTTGTTAGTTACCCA-1",4
"ACTTGTTCACGACGAA-1",1
"ACTTGTTCACGGCTAC-1",0
"ACTTGTTGTATCGCAT-1",1
"ACTTGTTGTGGTAACG-1",0
"ACTTGTTGTTGTGGAG-1",2
"ACTTGTTTCATCACCC-1",1
"ACTTTCACATGGTCAT-1",1
"ACTTTCAGTGACTACT-1",1
"ACTTTCATCGCCAGCA-1",1
"AGAATAGAGCTGAACG-1",0
"AGAATAGAGCTGTCTA-1",0
"AGAATAGAGGTAGCTG-1",0
"AGAATAGCATGGTCTA-1",1
"AGAATAGGTAATCGTC-1",2
"AGAATAGGTATTCTCT-1",0
"AGAATAGGTGCGGTAA-1",0
"AGAATAGGTTAAGAAC-1",0
"AGAATAGTCAGGCCCA-1",2
"AGACGTTAGAATGTGT-1",0
"AGACGTTAGCTCCTCT-1",0
"AGACGTTAGTGCCAGA-1",1
"AGACGTTCAGGATCGA-1",3
"AGACGTTGTAGCTGCC-1",0
"AGACGTTGTCTGCAAT-1",2
"AGACGTTGTTCTGTTT-1",1
"AGACGTTTCGCATGGC-1",2
"AGACGTTTCGCTTAGA-1",1
"AGAGCGACAACTTGAC-1",1
"AGAGCGACAAGTACCT-1",1
"AGAGCGACACAACGTT-1",6
"AGAGCGACATGAGCGA-1",3
"AGAGCGAGTCAGTGGA-1",0
"AGAGCGAGTCGACTGC-1",2
"AGAGCGAGTTGAGTTC-1",0
"AGAGCGATCGCGTAGC-1",0
"AGAGCGATCTATCCTA-1",1
"AGAGCGATCTCGCTTG-1",1
"AGAGCTTAGCCGTCGT-1",2
"AGAGCTTAGTACACCT-1",0
"AGAGCTTAGTCATGCT-1",0
"AGAGCTTGTAGAGCTG-1",2
"AGAGCTTGTATCACCA-1",0
"AGAGCTTTCACTATTC-1",0
"AGAGCTTTCCTGCAGG-1",3
"AGAGCTTTCGCAAACT-1",0
"AGAGCTTTCGCTTAGA-1",2
"AGAGTGGAGAGCCTAG-1",1
"AGAGTGGAGGCCCTTG-1",0
"AGAGTGGAGGTACTCT-1",0
"AGAGTGGCACAAGACG-1",0
"AGAGTGGCACCTCGTT-1",4
"AGAGTGGCATCCGGGT-1",0
"AGAGTGGCATCTGGTA-1",0
"AGAGTGGGTCAGCTAT-1",1
"AGAGTGGGTCCTCCAT-1",3
"AGAGTGGGTCTAGTCA-1",2
"AGAGTGGGTTACCGAT-1",0
"AGATCTGAGGTGGGTT-1",1
"AGATCTGAGTCAAGGC-1",1
"AGATCTGCAATGTTGC-1",2
"AGATCTGTCGAATCCA-1",3
"AGATCTGTCTGCAGTA-1",1
"AGATTGCAGGCTACGA-1",2
"AGATTGCCACGACGAA-1",2
"AGATTGCCAGATGGGT-1",0
"AGATTGCGTAGAGCTG-1",1
"AGATTGCGTGATGTCT-1",0
"AGATTGCGTGTTCGAT-1",0
"AGATTGCGTTCACGGC-1",0
"AGATTGCTCACTGGGC-1",2
"AGATTGCTCATCTGTT-1",2
"AGCAGCCAGCTGATAA-1",1
"AGCAGCCCACCGAAAG-1",1
"AGCAGCCGTCGACTGC-1",1
"AGCAGCCGTCGCTTTC-1",1
"AGCAGCCGTCTAACGT-1",0
"AGCAGCCGTGTGAAAT-1",1
"AGCAGCCGTTTGTTGG-1",2
"AGCAGCCTCCAAACAC-1",1
"AGCATACAGTGGTAGC-1",2
"AGCATACAGTTGTCGT-1",0
"AGCATACGTCTTCTCG-1",3
"AGCATACGTTAAGTAG-1",2
"AGCATACTCCGTTGCT-1",3
"AGCCTAAAGATATGGT-1",0
"AGCCTAACAAAGCGGT-1",1
"AGCCTAACAGATAATG-1",1
"AGCCTAAGTACGAAAT-1",0
"AGCCTAAGTCACCTAA-1",0
"AGCCTAAGTGTGCCTG-1",1
"AGCCTAATCACCCGAG-1",0
"AGCCTAATCCAATGGT-1",0
"AGCCTAATCCTTGGTC-1",0
"AGCCTAATCTGTGCAA-1",1
"AGCCTAATCTGTTTGT-1",0
"AGCGGTCAGCGAAGGG-1",0
"AGCGGTCAGGTACTCT-1",3
"AGCGGTCAGTGACTCT-1",2
"AGCGGTCCAGCCTTGG-1",2
"AGCGGTCGTCCTAGCG-1",1
"AGCGGTCGTGGTGTAG-1",0
"AGCGGTCGTTAAGGGC-1",0
"AGCGGTCGTTTGCATG-1",2
"AGCGGTCTCCGAAGAG-1",0
"AGCGGTCTCCTCAATT-1",5
"AGCGGTCTCTGGGCCA-1",4
"AGCGTATAGAACTGTA-1",1
"AGCGTATAGCGATGAC-1",2
"AGCGTATAGGTACTCT-1",0
"AGCGTATGTTGAGGTG-1",0
"AGCGTATTCCAGAGGA-1",4
"AGCGTCGAGTTGAGTA-1",0
"AGCGTCGCAGGGATTG-1",2
"AGCGTCGTCTGAAAGA-1",1
"AGCTCCTAGACCTAGG-1",1
"AGCTCCTAGCGTTTAC-1",0
"AGCTCCTGTGTTTGTG-1",0
"AGCTCCTGTTGTCTTT-1",0
"AGCTCCTTCCGAATGT-1",3
"AGCTCCTTCTTGACGA-1",0
"AGCTCTCAGCGGATCA-1",4
"AGCTCTCAGCTGTTCA-1",1
"AGCTCTCAGGTGCTAG-1",1
"AGCTCTCCATACAGCT-1",1
"AGCTCTCGTCAGAGGT-1",2
"AGCTCTCGTGGGTCAA-1",1
"AGCTCTCTCACAACGT-1",0
"AGCTCTCTCTTGACGA-1",3
"AGCTTGAAGCATCATC-1",2
"AGCTTGAAGTAGCGGT-1",1
"AGCTTGAAGTTGTCGT-1",0
"AGCTTGACAATCCAAC-1",0
"AGCTTGACACCGATAT-1",2
"AGCTTGAGTCTACCTC-1",2
"AGCTTGAGTGCGCTTG-1",0
"AGCTTGAGTTACGCGC-1",1
"AGCTTGATCCTGCCAT-1",1
"AGCTTGATCTGCAAGT-1",1
"AGGCCACAGAGTAAGG-1",1
"AGGCCACAGGGTCTCC-1",3
"AGGCCACAGTACTTGC-1",0
"AGGCCACCAGGACCCT-1",1
"AGGCCACCATCAGTCA-1",1
"AGGCCACTCATGCTCC-1",1
"AGGCCACTCATGGTCA-1",0
"AGGCCACTCATTGCGA-1",0
"AGGCCGTAGGATCGCA-1",1
"AGGCCGTCACGTAAGG-1",2
"AGGCCGTCAGCTCGAC-1",1
"AGGCCGTCATCGTCGG-1",1
"AGGCCGTTCACGGTTA-1",3
"AGGCCGTTCGAACTGT-1",2
"AGGCCGTTCTCAAGTG-1",0
"AGGCCGTTCTGCTTGC-1",0
"AGGGAGTAGCCCAACC-1",1
"AGGGAGTAGGAGTACC-1",1
"AGGGAGTAGGCAGGTT-1",1
"AGGGAGTCACGAGAGT-1",2
"AGGGAGTCAGAAGCAC-1",0
"AGGGAGTCAGATCCAT-1",4
"AGGGAGTCATCGACGC-1",0
"AGGGAGTCATGCTAGT-1",2
"AGGGAGTGTCCATGAT-1",2
"AGGGAGTTCATAACCG-1",1
"AGGGATGAGCTCTCGG-1",2
"AGGGATGAGGAGTAGA-1",0
"AGGGATGAGTAGCGGT-1",0
"AGGGATGCAATGAATG-1",2
"AGGGATGCAATGGAGC-1",0
"AGGGATGCACAAGACG-1",2
"AGGGATGCACATTTCT-1",2
"AGGGATGCATGGTCTA-1",1
"AGGGATGGTTAAAGTG-1",0
"AGGGATGGTTATGCGT-1",0
"AGGGATGTCGTGACAT-1",3
"AGGGTGAAGATGGCGT-1",2
"AGGGTGAAGATGGGTC-1",0
"AGGGTGAAGGCTCAGA-1",2
"AGGGTGACACGAGAGT-1",0
"AGGGTGACAGATGGCA-1",1
"AGGGTGACAGATTGCT-1",0
"AGGGTGAGTACTCTCC-1",5
"AGGGTGAGTTATCGGT-1",1
"AGGGTGAGTTCTGAAC-1",7
"AGGGTGATCTCGCTTG-1",0
"AGGTCATAGAGCCCAA-1",0
"AGGTCATAGCCAGAAC-1",2
"AGGTCATAGGCATGGT-1",2
"AGGTCATAGGGAGTAA-1",0
"AGGTCATCACTCAGGC-1",1
"AGGTCATCACTCTGTC-1",1
"AGGTCATGTTCCACTC-1",1
"AGGTCATTCTCGTTTA-1",0
"AGGTCCGAGGATGCGT-1",1
"AGGTCCGCAACACGCC-1",2
"AGGTCCGGTGATGCCC-1",0
"AGGTCCGTCCATGAAC-1",2
"AGGTCCGTCGCCCTTA-1",1
"AGGTCCGTCTGCGTAA-1",0
"AGTAGTCAGACTGTAA-1",1
"AGTAGTCAGTACGACG-1",1
"AGTAGTCAGTTTAGGA-1",1
"AGTAGTCCAACTGGCC-1",1
"AGTAGTCGTGCAGACA-1",0
"AGTAGTCTCACCCGAG-1",1
"AGTCTTTAGGCAGTCA-1",2
"AGTCTTTCAAATCCGT-1",1
"AGTCTTTCATATACCG-1",2
"AGTCTTTGTGCTTCTC-1",1
"AGTCTTTGTGTCCTCT-1",2
"AGTCTTTGTTTGTTTC-1",1
"AGTCTTTTCGCAGGCT-1",0
"AGTCTTTTCGCGTAGC-1",2
"AGTCTTTTCGCTAGCG-1",0
"AGTCTTTTCGCTTGTC-1",2
"AGTCTTTTCTGACCTC-1",0
"AGTGAGGAGATAGCAT-1",2
"AGTGAGGCAGGTGCCT-1",0
"AGTGAGGGTATGAAAC-1",1
"AGTGAGGGTCACTTCC-1",1
"AGTGAGGGTCGCGAAA-1",2
"AGTGAGGGTTATGTGC-1",2
"AGTGAGGTCTACTATC-1",1
"AGTGGGAAGCAGACTG-1",0
"AGTGGGACAAACGCGA-1",1
"AGTGGGACAAGCCGTC-1",1
"AGTGGGACACAGGAGT-1",1
"AGTGGGACACGAGAGT-1",2
"AGTGGGATCATCGATG-1",2
"AGTGGGATCCACGAAT-1",1
"AGTGGGATCCTGCAGG-1",3
"AGTGTCAAGAAGCCCA-1",0
"AGTGTCAAGCTAGTCT-1",1
"AGTGTCAAGTACGACG-1",1
"AGTGTCAAGTGAACAT-1",2
"AGTGTCACACCATCCT-1",2
"AGTGTCACAGTAAGCG-1",1
"AGTGTCACAGTGGAGT-1",0
"AGTGTCAGTAAACCTC-1",1
"AGTGTCAGTACAGCAG-1",2
"AGTGTCAGTCTCCACT-1",0
"AGTGTCAGTTTGACTG-1",0
"AGTGTCATCAAAGTAG-1",0
"AGTGTCATCCGTCAAA-1",1
"AGTGTCATCGTTACAG-1",3
"AGTGTCATCTGTCAAG-1",0
"AGTTGGTAGACTGTAA-1",0
"AGTTGGTAGTACGCGA-1",5
"AGTTGGTCAAATTGCC-1",1
"AGTTGGTCAGGAATGC-1",2
"AGTTGGTCATGCGCAC-1",0
"AGTTGGTGTACCGTAT-1",6
"AGTTGGTGTATGCTTG-1",2
"AGTTGGTGTCAGGACA-1",2
"AGTTGGTGTTCAGACT-1",1
"AGTTGGTTCAGTACGT-1",3
"AGTTGGTTCCTCAACC-1",0
"AGTTGGTTCGTACCGG-1",1
"AGTTGGTTCTGTCCGT-1",5
"ATAACGCAGTTGAGTA-1",0
"ATAACGCCACGTGAGA-1",0
"ATAACGCGTGAACCTT-1",1
"ATAACGCGTGTCCTCT-1",0
"ATAACGCGTGTGAAAT-1",0
"ATAACGCTCTCCGGTT-1",4
"ATAAGAGAGTCCGGTC-1",3
"ATAAGAGCAACTGCGC-1",0
"ATAAGAGCAGTATCTG-1",3
"ATAAGAGGTGACGCCT-1",0
"ATAAGAGGTTAAAGTG-1",4
"ATAAGAGTCAGCACAT-1",0
"ATAAGAGTCAGTGCAT-1",1
"ATAGACCAGAGAGCTC-1",0
"ATAGACCAGCCCAATT-1",0
"ATAGACCCAAGCCATT-1",3
"ATAGACCCATCTGGTA-1",0
"ATAGACCGTATATGGA-1",1
"ATAGACCGTGGACGAT-1",0
"ATAGACCGTGGCGAAT-1",2
"ATAGACCGTTTCGCTC-1",0
"ATCACGAAGAACTCGG-1",0
"ATCACGAAGACACGAC-1",0
"ATCACGAAGTTACCCA-1",2
"ATCACGACAAGACACG-1",5
"ATCACGACAAGCGTAG-1",1
"ATCACGACACACATGT-1",0
"ATCACGACACCACCAG-1",0
"ATCACGACACGGTAAG-1",1
"ATCACGACAGCGAACA-1",1
"ATCACGATCCCGACTT-1",1
"ATCACGATCGGTGTCG-1",0
"ATCATCTAGCCTATGT-1",1
"ATCATCTAGGCCATAG-1",5
"ATCATCTAGTACTTGC-1",2
"ATCATCTCAGACGCCT-1",1
"ATCATCTCATCCGTGG-1",0
"ATCATCTGTATTACCG-1",1
"ATCATCTGTCACTTCC-1",1
"ATCATCTTCAGCGACC-1",1
"ATCATCTTCCTCAACC-1",4
"ATCATGGCAAGCGTAG-1",0
"ATCATGGCAAGGTTCT-1",0
"ATCATGGCACTACAGT-1",0
"ATCATGGGTAAGGGAA-1",1
"ATCATGGGTTGTGGCC-1",1
"ATCATGGTCAATAAGG-1",0
"ATCATGGTCCAATGGT-1",0
"ATCATGGTCGCCATAA-1",3
"ATCATGGTCGGTTAAC-1",0
"ATCCACCAGCTAGTCT-1",3
"ATCCACCAGGCTCTTA-1",1
"ATCCACCCAAACGTGG-1",1
"ATCCACCCAGTTAACC-1",0
"ATCCACCGTCCGAAGA-1",2
"ATCCACCGTTTGTTTC-1",1
"ATCCACCTCCTGCTTG-1",0
"ATCCACCTCCTTAATC-1",1
"ATCCACCTCTGGTATG-1",1
"ATCCGAAAGCGATGAC-1",1
"ATCCGAAAGCTAGGCA-1",2
"ATCCGAACAAACGTGG-1",1
"ATCCGAACAACAACCT-1",1
"ATCCGAACAAGGACTG-1",0
"ATCCGAACACCCATTC-1",0
"ATCCGAACACGGTAGA-1",0
"ATCCGAAGTAGCGCTC-1",0
"ATCCGAAGTCATTAGC-1",1
"ATCCGAAGTCTCTTAT-1",0
"ATCCGAATCCAACCAA-1",0
"ATCCGAATCCTTGACC-1",1
"ATCCGAATCTTGTCAT-1",1
"ATCGAGTAGACTTTCG-1",0
"ATCGAGTCATCCGGGT-1",2
"ATCGAGTGTCCCTTGT-1",0
"ATCGAGTGTCTCCCTA-1",1
"ATCGAGTTCATGCATG-1",4
"ATCGAGTTCCTGCCAT-1",0
"ATCTACTAGGTGTGGT-1",0
"ATCTACTCAGCTGTAT-1",2
"ATCTACTCAGTACACT-1",2
"ATCTACTCATGACATC-1",3
"ATCTACTGTAAGTAGT-1",0
"ATCTACTGTGTCGCTG-1",1
"ATCTACTTCCGCGTTT-1",0
"ATCTACTTCGCAAGCC-1",0
"ATCTACTTCTATCGCC-1",2
"ATCTACTTCTCTAAGG-1",0
"ATCTGCCAGGCTCAGA-1",2
"ATCTGCCGTACAGTTC-1",2
"ATCTGCCGTTGTGGAG-1",0
"ATCTGCCTCAGAGACG-1",2
"ATCTGCCTCAGCTGGC-1",2
"ATCTGCCTCGTACGGC-1",0
"ATCTGCCTCTCGAGTA-1",0
"ATCTGCCTCTGAGTGT-1",2
"ATCTGCCTCTTGTATC-1",0
"ATGAGGGAGGTCGGAT-1",1
"ATGAGGGCATGACGGA-1",1
"ATGAGGGCATTAGGCT-1",1
"ATGAGGGTCACATGCA-1",1
"ATGAGGGTCAGTCCCT-1",0
"ATGCGATAGTCAATAG-1",1
"ATGCGATCATGTTGAC-1",6
"ATGCGATGTGCAGTAG-1",3
"ATGCGATGTGCATCTA-1",0
"ATGCGATTCCCAAGAT-1",0
"ATGCGATTCGCCATAA-1",1
"ATGGGAGAGCAATATG-1",0
"ATGGGAGAGCCACGCT-1",1
"ATGGGAGAGGTGATAT-1",0
"ATGGGAGCACCAGGTC-1",0
"ATGGGAGCACTATCTT-1",0
"ATGGGAGCAGCATACT-1",0
"ATGGGAGCATAGAAAC-1",1
"ATGGGAGCATTACCTT-1",0
"ATGGGAGTCAAGGTAA-1",0
"ATGTGTGAGCGAAGGG-1",0
"ATGTGTGAGGGTTTCT-1",1
"ATGTGTGAGTTGAGTA-1",1
"ATGTGTGCACGGCGTT-1",1
"ATGTGTGCACGGTTTA-1",2
"ATGTGTGCAGTATAAG-1",1
"ATGTGTGTCACGCGGT-1",1
"ATTACTCAGATGTGTA-1",1
"ATTACTCAGCGTAATA-1",1
"ATTACTCAGGTGCACA-1",1
"ATTACTCAGTGAAGTT-1",0
"ATTACTCCAAACTGTC-1",1
"ATTACTCCACCATCCT-1",1
"ATTACTCCAGACTCGC-1",2
"ATTACTCCATATGCTG-1",0
"ATTACTCCATCGGTTA-1",2
"ATTACTCCATTGCGGC-1",0
"ATTACTCGTTAAAGAC-1",4
"ATTACTCTCCGAACGC-1",0
"ATTATCCAGAGTACCG-1",1
"ATTATCCAGCTTATCG-1",1
"ATTATCCCACAAGCCC-1",1
"ATTATCCCATATGAGA-1",0
"ATTATCCCATCTGGTA-1",0
"ATTATCCGTCGTTGTA-1",1
"ATTATCCGTCTCTCTG-1",3
"ATTATCCTCAACGGGA-1",1
"ATTATCCTCCGCGCAA-1",1
"ATTATCCTCTCCGGTT-1",1
"ATTCTACGTCACTTCC-1",1
"ATTCTACGTCTAGTCA-1",3
"ATTCTACGTTGTCGCG-1",0
"ATTGGACAGCAGATCG-1",3
"ATTGGACAGGGCATGT-1",1
"ATTGGACAGTGGACGT-1",0
"ATTGGACCAAGACACG-1",1
"ATTGGACGTAATAGCA-1",1
"ATTGGACTCCTGCTTG-1",1
"ATTGGACTCGGCGCAT-1",0
"ATTGGACTCGTTTGCC-1",1
"ATTGGTGAGAATGTTG-1",0
"ATTGGTGCAAGCTGAG-1",1
"ATTGGTGCAGCAGTTT-1",2
"ATTGGTGGTATGGTTC-1",3
"ATTGGTGGTTGAGTTC-1",0
"ATTGGTGTCAAAGTAG-1",3
"ATTGGTGTCGGAAACG-1",1
"ATTTCTGAGGGATACC-1",2
"ATTTCTGAGGGATCTG-1",1
"ATTTCTGAGGTGTTAA-1",0
"ATTTCTGAGTCGAGTG-1",3
"ATTTCTGAGTTCGCAT-1",1
"ATTTCTGCAAGGTGTG-1",2
"ATTTCTGGTAGCTCCG-1",0
"ATTTCTGGTGCACGAA-1",0
"ATTTCTGGTTGCCTCT-1",2
"ATTTCTGTCAAAGTAG-1",0
"ATTTCTGTCAGCTCGG-1",0
"ATTTCTGTCTTGGGTA-1",1
"CAACCAAAGAAACGCC-1",0
"CAACCAAAGAGGGCTT-1",4
"CAACCAAAGCTGAAAT-1",1
"CAACCAAAGGACAGCT-1",0
"CAACCAAAGGGAGTAA-1",3
"CAACCAACATACGCTA-1",1
"CAACCTCAGTAATCCC-1",3
"CAACCTCCAGACGCAA-1",1
"CAACCTCGTGAGTGAC-1",0
"CAACCTCGTTCCACGG-1",1
"CAACCTCTCATACGGT-1",0
"CAACCTCTCCGATATG-1",0
"CAACCTCTCCTTTACA-1",0
"CAACCTCTCTCTAGGA-1",1
"CAACTAGAGAATAGGG-1",0
"CAACTAGAGGATGCGT-1",1
"CAACTAGCACCATCCT-1",2
"CAACTAGCAGACTCGC-1",0
"CAACTAGCAGTTCATG-1",3
"CAACTAGGTACGCACC-1",1
"CAACTAGTCAGGCCCA-1",1
"CAAGAAAAGAAGGACA-1",0
"CAAGAAAAGACGCACA-1",0
"CAAGAAAAGGCCCTTG-1",1
"CAAGAAAAGGTGATAT-1",2
"CAAGAAAAGTCGATAA-1",0
"CAAGAAAAGTGGAGTC-1",1
"CAAGAAAAGTGTACCT-1",2
"CAAGAAACACGGTGTC-1",1
"CAAGAAATCTGCTTGC-1",3
"CAAGATCAGCTGAAAT-1",1
"CAAGATCGTAAGAGGA-1",1
"CAAGATCGTGCCTTGG-1",0
"CAAGATCTCAACACCA-1",0
"CAAGATCTCTCGATGA-1",1
"CAAGGCCAGGAGTCTG-1",1
"CAAGGCCAGGCTATCT-1",0
"CAAGGCCCACGGTAAG-1",2
"CAAGGCCCATGTTCCC-1",0
"CAAGGCCGTCCGTCAG-1",2
"CAAGGCCTCAACGGGA-1",1
"CAAGGCCTCCTTGACC-1",1
"CAAGGCCTCGTGACAT-1",3
"CAAGTTGAGACAGGCT-1",1
"CAAGTTGAGATGTCGG-1",0
"CAAGTTGAGCGTCAAG-1",2
"CAAGTTGAGCGTTTAC-1",0
"CAAGTTGCACATTAGC-1",1
"CAAGTTGCACGCTTTC-1",1
"CAAGTTGCACGGTGTC-1",2
"CAAGTTGCATTCTTAC-1",2
"CAAGTTGGTACTCAAC-1",0
"CAAGTTGGTCAGGACA-1",0
"CAAGTTGGTCGGCACT-1",0
"CAAGTTGTCAACGAAA-1",1
"CAAGTTGTCACCACCT-1",2
"CAAGTTGTCATTGCCC-1",0
"CAAGTTGTCGAATCCA-1",2
"CAAGTTGTCTACTTAC-1",0
"CACAAACAGGGCTCTC-1",1
"CACAAACAGGGCTTGA-1",3
"CACAAACAGTGACATA-1",4
"CACAAACCAACTGCGC-1",0
"CACAAACCAATAAGCA-1",4
"CACAAACCAATCAGAA-1",2
"CACAAACCACTTAACG-1",0
"CACAAACCATGAACCT-1",1
"CACAAACCATGGTCAT-1",0
"CACAAACGTCAACTGT-1",1
"CACAAACGTCAGAATA-1",1
"CACAAACTCTTCGGTC-1",3
"CACAAACTCTTGGGTA-1",0
"CACACAAAGCGACGTA-1",1
"CACACAAAGGGAGTAA-1",2
"CACACAACAAACGTGG-1",0
"CACACAACACATGACT-1",0
"CACACAACATCGATTG-1",0
"CACACAACATTGGGCC-1",0
"CACACAAGTACGACCC-1",1
"CACACAAGTCAGTGGA-1",0
"CACACAAGTCATCGGC-1",1
"CACACAAGTTTACTCT-1",2
"CACACAATCCACGTGG-1",1
"CACACAATCCACGTTC-1",2
"CACACAATCGGCGCAT-1",1
"CACACCTAGAGACTAT-1",2
"CACACCTAGGACATTA-1",0
"CACACCTAGTCATCCA-1",3
"CACACCTAGTGTGAAT-1",0
"CACACCTCACTGAAGG-1",1
"CACACCTCATAGGATA-1",1
"CACACCTCATAGTAAG-1",0
"CACACCTCATTGGGCC-1",5
"CACACCTGTACAGCAG-1",1
"CACACCTGTACCGCTG-1",0
"CACACCTGTCCAAGTT-1",0
"CACACCTGTGGACGAT-1",1
"CACACCTGTGGTCTCG-1",0
"CACACCTTCATGTCTT-1",2
"CACACCTTCTGGCGAC-1",1
"CACACTCAGGGAAACA-1",0
"CACACTCCAACACCTA-1",0
"CACACTCCAAGGGTCA-1",0
"CACACTCGTGACGCCT-1",3
"CACACTCGTTTGTGTG-1",2
"CACAGGCAGCCATCGC-1",0
"CACAGGCAGGGATGGG-1",0
"CACAGGCCAAGAGTCG-1",4
"CACAGGCCAATGGAGC-1",2
"CACAGGCGTCTAGGTT-1",1
"CACAGGCGTTACGCGC-1",3
"CACAGGCTCGGGAGTA-1",0
"CACAGGCTCTATGTGG-1",2
"CACAGTAAGACGCAAC-1",0
"CACAGTAAGACGCACA-1",1
"CACAGTAAGTGGGCTA-1",1
"CACAGTACAACTGGCC-1",1
"CACAGTACATCGGACC-1",1
"CACAGTAGTTCCATGA-1",2
"CACATAGAGCCCAATT-1",1
"CACATAGAGTGTACTC-1",1
"CACATAGCACTTCTGC-1",1
"CACATAGCAGGGTATG-1",1
"CACATAGTCCTTGCCA-1",1
"CACATAGTCGGCGCAT-1",0
"CACATTTAGCAGATCG-1",2
"CACATTTAGGGCACTA-1",1
"CACATTTCACGGCGTT-1",2
"CACATTTCATTACCTT-1",0
"CACATTTGTCGAACAG-1",0
"CACATTTGTGTTGAGG-1",4
"CACATTTTCCAGAGGA-1",0
"CACATTTTCCGCATCT-1",0
"CACATTTTCTACTATC-1",2
"CACATTTTCTGTGCAA-1",4
"CACCACTAGCCACGTC-1",0
"CACCACTAGTGGTAAT-1",0
"CACCACTAGTTACCCA-1",0
"CACCACTCAAGCCCAC-1",1
"CACCACTCAGTTCATG-1",0
"CACCACTGTTATTCTC-1",2
"CACCACTTCACCGGGT-1",0
"CACCACTTCGAATCCA-1",4
"CACCACTTCGACCAGC-1",0
"CACCACTTCTAACCGA-1",0
"CACCACTTCTTTAGTC-1",0
"CACCAGGCACATTAGC-1",5
"CACCAGGCACTGCCAG-1",0
"CACCAGGCATAAAGGT-1",0
"CACCAGGCATGAACCT-1",0
"CACCAGGGTGAAATCA-1",3
"CACCAGGGTGTTTGGT-1",3
"CACCAGGGTTATCACG-1",3
"CACCAGGTCATGTAGC-1",2
"CACCAGGTCTGCTTGC-1",2
"CACCTTGAGACTTGAA-1",1
"CACCTTGAGTCAATAG-1",1
"CACCTTGCACTAGTAC-1",4
"CACCTTGCAGGCGATA-1",0
"CACCTTGCATTCCTGC-1",0
"CACCTTGGTCATTAGC-1",3
"CACCTTGGTGATGTCT-1",0
"CACCTTGGTGTGAAAT-1",0
"CACCTTGGTTATGTGC-1",0
"CACCTTGTCAACCATG-1",0
"CACCTTGTCATTATCC-1",2
"CACCTTGTCCAAAGTC-1",4
"CACCTTGTCTCACATT-1",0
"CACTCCAAGACAAGCC-1",2
"CACTCCAAGGTACTCT-1",0
"CACTCCACAATGGACG-1",1
"CACTCCAGTACATGTC-1",1
"CACTCCAGTTGTCGCG-1",5
"CACTCCATCAACACAC-1",0
"CACTCCATCCCAGGTG-1",1
"CAGAATCAGAAACCTA-1",0
"CAGAATCAGCCAACAG-1",1
"CAGAATCAGCTGGAAC-1",0
"CAGAATCAGGACTGGT-1",0
"CAGAATCAGTATCGAA-1",1
"CAGAATCCACAGAGGT-1",4
"CAGAATCCAGGGTACA-1",0
"CAGAATCGTAAGTGTA-1",0
"CAGAATCGTAATCACC-1",2
"CAGAATCTCAGTTTGG-1",1
"CAGAATCTCGCAAGCC-1",0
"CAGAATCTCGGTCCGA-1",0
"CAGAATCTCTTGCAAG-1",0
"CAGAATCTCTTGTACT-1",0
"CAGAGAGAGAATTGTG-1",3
"CAGAGAGAGCAATATG-1",0
"CAGAGAGCAAGAAGAG-1",0
"CAGAGAGCACCAGATT-1",1
"CAGAGAGGTAATCACC-1",1
"CAGAGAGGTAGCTGCC-1",0
"CAGAGAGGTAGGACAC-1",1
"CAGAGAGGTATAGGGC-1",1
"CAGAGAGGTCCGAATT-1",2
"CAGAGAGGTTGAGGTG-1",2
"CAGAGAGTCACCCGAG-1",2
"CAGAGAGTCATAACCG-1",0
"CAGAGAGTCCGAACGC-1",3
"CAGAGAGTCTGGTATG-1",1
"CAGATCAAGAGACGAA-1",1
"CAGATCAAGCACCGTC-1",0
"CAGATCAAGCTTCGCG-1",2
"CAGATCAAGGATTCGG-1",3
"CAGATCAAGTGTACCT-1",2
"CAGATCAAGTTTAGGA-1",2
"CAGATCACAATAACGA-1",1
"CAGATCACACACCGAC-1",0
"CAGATCACACGGTAAG-1",2
"CAGATCACACTCTGTC-1",3
"CAGATCACAGCATACT-1",0
"CAGATCACAGTGGGAT-1",2
"CAGATCAGTACCAGTT-1",0
"CAGATCAGTGCGGTAA-1",1
"CAGATCATCTGATACG-1",1
"CAGATCATCTGATTCT-1",4
"CAGCAGCAGATGCCAG-1",0
"CAGCAGCAGGGAACGG-1",0
"CAGCAGCCACCTATCC-1",1
"CAGCAGCCATCACAAC-1",2
"CAGCAGCGTGCTAGCC-1",1
"CAGCAGCTCAACACTG-1",1
"CAGCAGCTCGAACTGT-1",1
"CAGCAGCTCGCCGTGA-1",2
"CAGCATAAGAGACGAA-1",3
"CAGCATAGTCTAGGTT-1",1
"CAGCATAGTTTACTCT-1",1
"CAGCATATCACGAAGG-1",1
"CAGCATATCAGGCAAG-1",0
"CAGCATATCCTTAATC-1",1
"CAGCCGAAGCATCATC-1",4
"CAGCCGAAGTTTCCTT-1",0
"CAGCCGACACGTGAGA-1",0
"CAGCCGACATCAGTCA-1",1
"CAGCCGAGTGATGTCT-1",0
"CAGCCGATCACCAGGC-1",1
"CAGCCGATCCTCAATT-1",0
"CAGCGACAGAAACGCC-1",0
"CAGCGACAGCGTCAAG-1",2
"CAGCGACCAAACGTGG-1",0
"CAGCGACCAAAGCGGT-1",1
"CAGCGACCACGTCAGC-1",1
"CAGCGACCATGGGACA-1",1
"CAGCGACGTCTGATTG-1",1
"CAGCGACGTGGACGAT-1",7
"CAGCGACGTGGTTTCA-1",2
"CAGCGACGTTCGGCAC-1",1
"CAGCGACTCCGCAAGC-1",0
"CAGCGACTCTGGGCCA-1",2
"CAGCTAAAGATGTGTA-1",0
"CAGCTAAAGCAGACTG-1",0
"CAGCTAAAGCTGTTCA-1",5
"CAGCTAAAGGAGCGTT-1",1
"CAGCTAACACAGATTC-1",0
"CAGCTAACATCAGTAC-1",0
"CAGCTAAGTAATCGTC-1",2
"CAGCTAAGTCTCACCT-1",0
"CAGCTAAGTTCGTCTC-1",0
"CAGCTAATCCACGCAG-1",2
"CAGCTAATCCCTAACC-1",1
"CAGCTAATCTGGTTCC-1",0
"CAGCTAATCTTAGCCC-1",0
"CAGCTAATCTTCGGTC-1",1
"CAGCTGGAGACACTAA-1",2
"CAGCTGGAGATCCTGT-1",2
"CAGCTGGCACCAACCG-1",0
"CAGCTGGCAGTGGAGT-1",3
"CAGCTGGCATGCATGT-1",0
"CAGCTGGTCTACCTGC-1",2
"CAGGTGCAGAGACGAA-1",3
"CAGGTGCAGATCCTGT-1",4
"CAGGTGCAGGCATGTG-1",3
"CAGGTGCCAGGAACGT-1",2
"CAGGTGCCATAGTAAG-1",2
"CAGGTGCCATCGGAAG-1",2
"CAGGTGCTCAGTTGAC-1",0
"CAGGTGCTCCAAGTAC-1",1
"CAGGTGCTCTTGTATC-1",1
"CAGTAACAGATATGGT-1",0
"CAGTAACAGATGGCGT-1",1
"CAGTAACCAATCACAC-1",1
"CAGTAACCACTCGACG-1",0
"CAGTAACGTGATAAGT-1",0
"CAGTAACGTGCACCAC-1",0
"CAGTAACTCAGAGGTG-1",1
"CAGTAACTCGTACGGC-1",0
"CAGTAACTCGTGACAT-1",2
"CAGTAACTCTGCCAGG-1",0
"CAGTCCTAGAATCTCC-1",0
"CAGTCCTAGATCTGCT-1",0
"CAGTCCTCAGTATAAG-1",2
"CAGTCCTTCAACACGT-1",2
"CAGTCCTTCCATGAGT-1",0
"CAGTCCTTCCCGACTT-1",1
"CAGTCCTTCCCTTGTG-1",1
"CAGTCCTTCGAACGGA-1",1
"CAGTCCTTCGGTTCGG-1",0
"CAGTCCTTCTACTTAC-1",0
"CATATGGAGAGATGAG-1",0
"CATATGGAGGCATGGT-1",0
"CATATGGAGTATTGGA-1",0
"CATATGGCAAGCGTAG-1",1
"CATATGGGTCGCATAT-1",1
"CATATGGTCATTATCC-1",3
"CATATGGTCATTGCGA-1",0
"CATATTCAGGCGACAT-1",0
"CATATTCCACCACCAG-1",1
"CATATTCGTGACTACT-1",1
"CATATTCGTGGTACAG-1",1
"CATATTCGTGTGACGA-1",0
"CATATTCTCACAGGCC-1",0
"CATATTCTCGCAAACT-1",0
"CATCAAGAGAACTCGG-1",0
"CATCAAGAGATGGCGT-1",0
"CATCAAGAGCCGCCTA-1",0
"CATCAAGCACGAAACG-1",1
"CATCAAGCAGCCTTTC-1",0
"CATCAAGCATGGAATA-1",2
"CATCAAGGTTACTGAC-1",0
"CATCAAGGTTCCATGA-1",1
"CATCAAGTCTAAGCCA-1",0
"CATCAAGTCTGACCTC-1",0
"CATCAGAAGCTAGTCT-1",1
"CATCAGACAAGCCATT-1",1
"CATCAGACAATGACCT-1",3
"CATCAGACACGGCCAT-1",2
"CATCAGACAGACAGGT-1",1
"CATCAGACATAACCTG-1",2
"CATCAGAGTAATTGGA-1",1
"CATCAGAGTACATGTC-1",1
"CATCAGAGTGTTAAGA-1",3
"CATCAGAGTTCAACCA-1",1
"CATCAGATCGTTGACA-1",0
"CATCCACGTAAAGTCA-1",1
"CATCCACGTACCGTAT-1",2
"CATCCACGTGCCTGTG-1",7
"CATCCACGTTTAAGCC-1",4
"CATCGAAAGAGTACAT-1",3
"CATCGAAAGCTGTCTA-1",1
"CATCGAACAAGAGGCT-1",3
"CATCGAACAAGCTGAG-1",0
"CATCGAACACATTTCT-1",2
"CATCGAACATAAAGGT-1",1
"CATCGAAGTAGTACCT-1",1
"CATCGAAGTCCGACGT-1",5
"CATCGAAGTGCACTTA-1",2
"CATCGAATCAAACCAC-1",0
"CATCGAATCCGCGGTA-1",1
"CATCGAATCCGTAGTA-1",0
"CATCGGGAGAAGCCCA-1",2
"CATCGGGAGCGAGAAA-1",0
"CATCGGGAGGGTGTGT-1",0
"CATCGGGAGGTGTTAA-1",0
"CATCGGGAGTGACTCT-1",0
"CATCGGGCACTCAGGC-1",1
"CATCGGGCAGACGCTC-1",0
"CATCGGGCATCACAAC-1",0
"CATCGGGGTCCTCTTG-1",1
"CATCGGGGTGAGGGAG-1",0
"CATCGGGGTTCGAATC-1",0
"CATCGGGTCAGGATCT-1",1
"CATCGGGTCCACGAAT-1",0
"CATCGGGTCGATGAGG-1",3
"CATGACAAGACCACGA-1",1
"CATGACAAGCTCCTCT-1",1
"CATGACAAGTAACCCT-1",1
"CATGACAAGTATCTCG-1",2
"CATGACAGTCGTCTTC-1",1
"CATGACAGTGAACCTT-1",1
"CATGACATCAATAAGG-1",0
"CATGACATCTAACTGG-1",0
"CATGCCTAGACCTAGG-1",0
"CATGCCTAGAGTCTGG-1",0
"CATGCCTCACCACCAG-1",0
"CATGCCTGTCAAAGCG-1",1
"CATGCCTGTCGATTGT-1",0
"CATGCCTTCCACGACG-1",0
"CATGCCTTCCTCATTA-1",0
"CATGCCTTCGCATGAT-1",0
"CATGGCGAGAGCTGGT-1",3
"CATGGCGAGTACGACG-1",3
"CATGGCGTCCAAAGTC-1",0
"CATGGCGTCCCTTGTG-1",0
"CATGGCGTCGGCCGAT-1",2
"CATGGCGTCTCAAACG-1",1
"CATGGCGTCTGCCCTA-1",3
"CATTATCAGACCCACC-1",1
"CATTATCAGTCCCACG-1",0
"CATTATCCAAGTCTGT-1",0
"CATTATCCAGGGCATA-1",0
"CATTATCGTCAATGTC-1",2
"CATTATCTCACAAACC-1",2
"CATTATCTCAGATAAG-1",2
"CATTATCTCGCGTTTC-1",0
"CATTATCTCGTTGCCT-1",2
"CATTATCTCTATCCCG-1",1
"CATTATCTCTTAACCT-1",2
"CATTCGCAGGTGCTAG-1",0
"CATTCGCCAAGGGTCA-1",1
"CATTCGCCAGCCTATA-1",1
"CATTCGCCATACAGCT-1",2
"CATTCGCCATGGATGG-1",0
"CATTCGCCATGTCTCC-1",3
"CATTCGCCATTCACTT-1",1
"CATTCGCGTAGCACGA-1",0
"CATTCGCTCATCACCC-1",0
"CCAATCCAGACCACGA-1",0
"CCAATCCAGATATGGT-1",1
"CCAATCCAGTCGAGTG-1",0
"CCAATCCAGTCGTTTG-1",1
"CCAATCCAGTTTAGGA-1",1
"CCAATCCCAAGCGAGT-1",1
"CCAATCCTCGGACAAG-1",0
"CCAATCCTCTACCTGC-1",0
"CCACCTAAGCAGACTG-1",3
"CCACCTAAGGATGGTC-1",1
"CCACCTAAGTCGAGTG-1",1
"CCACCTAAGTGGGATC-1",0
"CCACCTAAGTGTGGCA-1",0
"CCACCTACAACAACCT-1",1
"CCACCTACAAGCCGCT-1",0
"CCACCTACAATCTACG-1",1
"CCACCTAGTAGTACCT-1",2
"CCACCTAGTCGCGTGT-1",1
"CCACCTAGTGGGTCAA-1",1
"CCACCTATCAGTTGAC-1",2
"CCACCTATCTGATACG-1",0
"CCACGGAAGACACGAC-1",0
"CCACGGAAGGGAACGG-1",3
"CCACGGACATGTCGAT-1",2
"CCACGGAGTAAGGGCT-1",1
"CCACGGAGTCAGATAA-1",3
"CCACGGAGTCCGTGAC-1",3
"CCACGGAGTGTAATGA-1",1
"CCACGGAGTTCTGAAC-1",4
"CCACGGATCACATAGC-1",1
"CCACGGATCCACGTGG-1",1
"CCACGGATCTACTATC-1",1
"CCACGGATCTAGAGTC-1",2
"CCACTACAGAGTACCG-1",2
"CCACTACAGCTTTGGT-1",1
"CCACTACCAGCAGTTT-1",0
"CCACTACCAGTAGAGC-1",0
"CCACTACGTCCGAATT-1",0
"CCACTACGTCTCAACA-1",6
"CCACTACGTGACAAAT-1",1
"CCACTACGTGACCAAG-1",0
"CCACTACGTGCACGAA-1",3
"CCACTACTCACTCTTA-1",2
"CCACTACTCCGCATCT-1",6
"CCACTACTCGGAAATA-1",1
"CCACTACTCTCGTATT-1",1
"CCACTACTCTCGTTTA-1",0
"CCAGCGAAGCCCAACC-1",0
"CCAGCGACATCGGGTC-1",2
"CCAGCGACATGTCCTC-1",0
"CCAGCGAGTAGGCATG-1",2
"CCAGCGAGTCCGTTAA-1",0
"CCAGCGATCAGAAATG-1",0
"CCATGTCAGCGATCCC-1",0
"CCATGTCAGGTCGGAT-1",1
"CCATGTCAGGTTACCT-1",0
"CCATGTCCAAGCTGGA-1",3
"CCATGTCCACATCCGG-1",3
"CCATGTCGTCCAGTAT-1",0
"CCATGTCTCCAAGTAC-1",0
"CCATGTCTCTTGTATC-1",1
"CCATTCGCAGTACACT-1",5
"CCATTCGCAGTTTACG-1",1
"CCATTCGGTAATCGTC-1",1
"CCATTCGGTATTACCG-1",0
"CCATTCGTCGTAGGAG-1",2
"CCCAATCAGTCACGCC-1",1
"CCCAATCCAGGTGGAT-1",1
"CCCAATCGTGAAGGCT-1",0
"CCCAATCGTTGGAGGT-1",0
"CCCAATCTCACATGCA-1",0
"CCCAATCTCCAGTATG-1",2
"CCCAATCTCGGAGCAA-1",0
"CCCAGTTAGAATAGGG-1",0
"CCCAGTTAGATCCCGC-1",0
"CCCAGTTAGCGTGAAC-1",1
"CCCAGTTAGGAATCGC-1",1
"CCCAGTTAGTCCGGTC-1",1
"CCCAGTTAGTTTGCGT-1",0
"CCCAGTTGTACATGTC-1",1
"CCCAGTTGTCTGCAAT-1",1
"CCCAGTTTCTGAAAGA-1",2
"CCCATACAGGGTTCCC-1",3
"CCCATACAGTGTTTGC-1",2
"CCCATACCAAAGGTGC-1",1
"CCCATACCAACACCCG-1",0
"CCCATACCAGCAGTTT-1",0
"CCCATACGTATTACCG-1",1
"CCCATACGTCAATACC-1",1
"CCCATACGTCTAGTCA-1",2
"CCCATACGTTGAGTTC-1",0
"CCCATACTCAATAAGG-1",3
"CCCATACTCAGCGACC-1",0
"CCCATACTCATCACCC-1",0
"CCCATACTCCGTAGGC-1",1
"CCCTCCTAGGAATCGC-1",6
"CCCTCCTCACGTCTCT-1",3
"CCCTCCTCAGCTTAAC-1",1
"CCCTCCTCATATGAGA-1",2
"CCCTCCTCATCACGTA-1",4
"CCCTCCTGTATGGTTC-1",3
"CCCTCCTGTTAGATGA-1",1
"CCCTCCTTCAATCACG-1",2
"CCCTCCTTCCGCAGTG-1",1
"CCGGGATAGCTTCGCG-1",0
"CCGGGATAGGCGACAT-1",1
"CCGGGATAGGCTAGGT-1",1
"CCGGGATCACAGTCGC-1",0
"CCGGGATGTATAGGTA-1",0
"CCGGGATTCAGAGCTT-1",1
"CCGGGATTCGCTAGCG-1",0
"CCGGGATTCGCTTGTC-1",3
"CCGGTAGAGCGTCTAT-1",1
"CCGGTAGAGTACGCCC-1",0
"CCGGTAGCACATAACC-1",4
"CCGGTAGCACGCATCG-1",3
"CCGGTAGGTACTTCTT-1",0
"CCGGTAGGTCAAACTC-1",1
"CCGGTAGTCGTCCGTT-1",0
"CCGTACTAGAGAACAG-1",1
"CCGTACTAGTCCGTAT-1",1
"CCGTACTCAAGCCCAC-1",5
"CCGTACTCAAGCGAGT-1",0
"CCGTACTCATCCCACT-1",0
"CCGTACTGTACAGCAG-1",0
"CCGTACTGTAGCGCTC-1",3
"CCGTACTGTGCGGTAA-1",0
"CCGTACTTCGTTACAG-1",1
"CCGTGGAAGACGCACA-1",2
"CCGTGGAAGAGTTGGC-1",1
"CCGTGGAAGGTGATAT-1",0
"CCGTGGAAGGTTCCTA-1",1
"CCGTGGACAGCCTTGG-1",0
"CCGTGGAGTTCCATGA-1",1
"CCGTGGATCTAACTTC-1",0
"CCGTGGATCTCTGTCG-1",0
"CCGTTCAAGCGTAATA-1",0
"CCGTTCAAGTACGATA-1",0
"CCGTTCAAGTAGATGT-1",2
"CCGTTCACAGGATCGA-1",2
"CCGTTCAGTATAGGGC-1",1
"CCGTTCAGTCGCGAAA-1",0
"CCGTTCATCGTACCGG-1",2
"CCTAAAGAGAGTTGGC-1",0
"CCTAAAGCAAACCTAC-1",2
"CCTAAAGCATGTCTCC-1",2
"CCTAAAGGTACTCAAC-1",0
"CCTAAAGGTCGGCACT-1",3
"CCTAAAGGTGTAATGA-1",3
"CCTAAAGTCACCGTAA-1",0
"CCTAAAGTCAGCGATT-1",0
"CCTAAAGTCGGCGCTA-1",0
"CCTAAAGTCGGTCCGA-1",0
"CCTACACAGGACCACA-1",3
"CCTACACAGGGTGTTG-1",1
"CCTACACCAGTAAGAT-1",3
"CCTACACGTATAGTAG-1",2
"CCTACACGTCCGAACC-1",0
"CCTACACGTGGGTCAA-1",0
"CCTACACGTTTGACTG-1",1
"CCTACACTCGGCGCTA-1",0
"CCTACACTCGTGACAT-1",2
"CCTACCAAGATAGGAG-1",0
"CCTACCAAGCAAATCA-1",1
"CCTACCAAGCGTAGTG-1",0
"CCTACCAAGCTTCGCG-1",0
"CCTACCAAGTGCGATG-1",0
"CCTACCAGTATCAGTC-1",1
"CCTACCAGTCTCTCTG-1",0
"CCTACCAGTCTTTCAT-1",0
"CCTACCATCAGCACAT-1",1
"CCTACCATCGCCAGCA-1",0
"CCTAGCTAGCAAATCA-1",0
"CCTAGCTAGCTCCTCT-1",0
"CCTAGCTAGGTTACCT-1",0
"CCTAGCTAGTACGCGA-1",0
"CCTAGCTCAATGAATG-1",0
"CCTAGCTCAATGGTCT-1",2
"CCTAGCTCACATCCAA-1",1
"CCTAGCTCAGCCAGAA-1",0
"CCTAGCTGTAGAAAGG-1",1
"CCTAGCTGTCACCCAG-1",0
"CCTAGCTGTCTGATTG-1",1
"CCTAGCTTCACGATGT-1",1
"CCTAGCTTCGTAGGAG-1",2
"CCTATTAAGAATTCCC-1",1
"CCTATTAAGCAGGCTA-1",3
"CCTATTAAGCAGGTCA-1",1
"CCTATTAAGGGAGTAA-1",6
"CCTATTAAGGTAGCCA-1",2
"CCTATTACACAACTGT-1",2
"CCTATTACACATCCGG-1",1
"CCTATTAGTCAATACC-1",0
"CCTATTATCATCACCC-1",0
"CCTATTATCTGCGACG-1",4
"CCTCAGTAGCTAACTC-1",0
"CCTCAGTCAGGTGGAT-1",0
"CCTCAGTGTCCATCCT-1",1
"CCTCAGTGTCCGACGT-1",2
"CCTCAGTGTCTTGTCC-1",0
"CCTCAGTGTGGGTATG-1",0
"CCTCTGAAGTATCGAA-1",3
"CCTCTGAAGTGGGTTG-1",0
"CCTCTGACAAGCTGTT-1",3
"CCTCTGACACCGATAT-1",1
"CCTCTGACAGATGAGC-1",2
"CCTCTGAGTCAATACC-1",0
"CCTCTGAGTCCGAACC-1",0
"CCTCTGAGTCGTGGCT-1",2
"CCTCTGAGTCTGATTG-1",1
"CCTCTGATCTGAGGGA-1",0
"CCTTACGCAAGCGTAG-1",0
"CCTTACGCACCAACCG-1",0
"CCTTACGGTCATCCCT-1",1
"CCTTACGGTCCTCTTG-1",1
"CCTTACGTCACAACGT-1",1
"CCTTACGTCATCTGCC-1",0
"CCTTACGTCGGAGGTA-1",1
"CCTTCCCAGAGACTAT-1",1
"CCTTCCCAGCTAGGCA-1",0
"CCTTCCCAGGACGAAA-1",2
"CCTTCCCAGGGCATGT-1",0
"CCTTCCCAGGTACTCT-1",1
"CCTTCCCCATGATCCA-1",2
"CCTTCCCTCAAGGCTT-1",2
"CCTTCCCTCTATCCTA-1",0
"CCTTCCCTCTATCGCC-1",2
"CCTTCGAAGGCGCTCT-1",1
"CCTTCGACAACACCCG-1",1
"CCTTCGACAGCGATCC-1",3
"CCTTCGAGTAAGCACG-1",2
"CCTTCGAGTCCATGAT-1",0
"CCTTCGAGTGTGACCC-1",1
"CCTTCGAGTTGGTGGA-1",2
"CCTTCGATCACAGTAC-1",0
"CCTTCGATCCTATGTT-1",2
"CCTTCGATCGCACTCT-1",3
"CCTTTCTAGACGCTTT-1",1
"CCTTTCTAGGGCACTA-1",1
"CCTTTCTAGTGGAGTC-1",0
"CCTTTCTCAGACAAGC-1",0
"CCTTTCTCATCACGAT-1",0
"CCTTTCTCATGCCCGA-1",0
"CCTTTCTTCCCACTTG-1",0
"CCTTTCTTCTTTACGT-1",1
"CGAACATCACATGACT-1",0
"CGAACATCACTTGGAT-1",0
"CGAACATCAGTCCTTC-1",0
"CGAACATGTCTGATTG-1",1
"CGAACATGTGCTGTAT-1",0
"CGAACATTCTCAAACG-1",1
"CGAATGTAGAGGTTAT-1",0
"CGAATGTAGCGATAGC-1",3
"CGAATGTAGTTCGCAT-1",3
"CGAATGTCAATGCCAT-1",1
"CGAATGTGTCTAGTCA-1",2
"CGAATGTGTCTCACCT-1",2
"CGAATGTTCAACACAC-1",0
"CGAATGTTCATCACCC-1",0
"CGAATGTTCTGTACGA-1",1
"CGACCTTAGCTACCGC-1",0
"CGACCTTAGCTAGTCT-1",1
"CGACCTTCAAAGTGCG-1",0
"CGACCTTCACGAAATA-1",3
"CGACCTTGTAAGTGTA-1",2
"CGACCTTGTCAGAATA-1",1
"CGACCTTGTCTCCCTA-1",1
"CGACCTTGTCTCTTAT-1",1
"CGACCTTTCCGCGTTT-1",1
"CGACCTTTCGTTTATC-1",1
"CGACCTTTCTCCAGGG-1",1
"CGACTTCAGACACGAC-1",1
"CGACTTCAGGTAGCCA-1",2
"CGACTTCAGTCTTGCA-1",1
"CGACTTCCAATGGACG-1",1
"CGACTTCGTGGTGTAG-1",1
"CGACTTCGTTGAGTTC-1",1
"CGACTTCTCACTTACT-1",3
"CGACTTCTCTCGCTTG-1",1
"CGAGAAGAGAAACGCC-1",1
"CGAGAAGAGCCAACAG-1",2
"CGAGAAGAGCGTGTCC-1",4
"CGAGAAGCAAGTTCTG-1",3
"CGAGAAGCACATCCGG-1",2
"CGAGAAGCAGGCTGAA-1",5
"CGAGAAGTCGGATGGA-1",2
"CGAGCACAGCCAGAAC-1",1
"CGAGCACCACATGTGT-1",1
"CGAGCACGTAGCGTCC-1",1
"CGAGCACGTAGCGTGA-1",1
"CGAGCACGTCAGATAA-1",0
"CGAGCACGTGCCTTGG-1",2
"CGAGCACTCCCGGATG-1",0
"CGAGCACTCCGCTGTT-1",2
"CGAGCACTCGGAAATA-1",0
"CGAGCACTCGTGACAT-1",0
"CGAGCCAAGCTAGCCC-1",0
"CGAGCCAGTATATCCG-1",1
"CGAGCCAGTCAAGCGA-1",2
"CGATCGGAGAGCCTAG-1",0
"CGATCGGAGTACGATA-1",1
"CGATCGGCAAACGCGA-1",2
"CGATCGGCAAGCGATG-1",2
"CGATCGGCAATACGCT-1",0
"CGATCGGCAGTTAACC-1",5
"CGATCGGCATACTCTT-1",1
"CGATCGGGTCGACTGC-1",3
"CGATCGGTCAACGGGA-1",1
"CGATCGGTCTAGCACA-1",0
"CGATGGCAGCCGTCGT-1",1
"CGATGGCAGTCCAGGA-1",0
"CGATGGCCACTTAACG-1",1
"CGATGGCCAGCGTAAG-1",1
"CGATGGCCATCATCCC-1",2
"CGATGGCTCCTAGAAC-1",0
"CGATGGCTCGCTAGCG-1",2
"CGATGGCTCTGACCTC-1",0
"CGATGTAAGGCAATTA-1",6
"CGATGTAAGTTTGCGT-1",0
"CGATGTACACAGGCCT-1",0
"CGATGTACAGGTCTCG-1",1
"CGATGTAGTCCAGTGC-1",0
"CGATGTAGTCTAGGTT-1",0
"CGATGTAGTGTGCCTG-1",0
"CGATGTAGTTTGCATG-1",0
"CGATTGAAGATGTGGC-1",1
"CGATTGACAGACGCAA-1",0
"CGATTGAGTATGGTTC-1",0
"CGATTGAGTTCAGACT-1",1
"CGATTGATCATGGTCA-1",0
"CGATTGATCTGCGGCA-1",0
"CGCCAAGAGAATGTTG-1",0
"CGCCAAGAGACCTTTG-1",2
"CGCCAAGAGATCGGGT-1",1
"CGCCAAGAGATCTGAA-1",1
"CGCCAAGAGCGTGTCC-1",0
"CGCCAAGGTCTAGGTT-1",0
"CGCCAAGTCAGGATCT-1",0
"CGCCAAGTCCACTCCA-1",1
"CGCCAAGTCTTGTTTG-1",1
"CGCGGTAAGCTAGCCC-1",2
"CGCGGTAAGGGTTCCC-1",1
"CGCGGTACAAACTGCT-1",0
"CGCGGTACAATGGAAT-1",1
"CGCGGTACAGCTGTTA-1",0
"CGCGGTAGTCAAGCGA-1",0
"CGCGGTAGTGAGGCTA-1",0
"CGCGGTAGTTTGCATG-1",0
"CGCGTTTAGTTATCGC-1",2
"CGCGTTTCAACAACCT-1",0
"CGCGTTTCAAGCGAGT-1",1
"CGCGTTTCAATGGACG-1",4
"CGCGTTTCACGGTGTC-1",0
"CGCGTTTGTGCTGTAT-1",0
"CGCGTTTGTGGACGAT-1",2
"CGCGTTTTCAAACCGT-1",0
"CGCGTTTTCAGCCTAA-1",0
"CGCGTTTTCCTATGTT-1",1
"CGCGTTTTCGTGGTCG-1",0
"CGCTATCAGAAACCGC-1",0
"CGCTATCAGTCATCCA-1",0
"CGCTATCCAAGCGAGT-1",0
"CGCTATCCAGTCGATT-1",0
"CGCTATCCATCGACGC-1",1
"CGCTATCCATTTCAGG-1",1
"CGCTATCGTACCGAGA-1",1
"CGCTATCGTTCGAATC-1",2
"CGCTATCGTTTCGCTC-1",2
"CGCTATCTCGTTACAG-1",1
"CGCTGGAAGGACATTA-1",2
"CGCTGGAAGGGCACTA-1",2
"CGCTGGAAGGTGATAT-1",1
"CGCTGGACAGACTCGC-1",1
"CGCTGGAGTGTAATGA-1",0
"CGCTGGAGTTCTGGTA-1",1
"CGCTGGATCCGAAGAG-1",0
"CGCTGGATCCGTTGCT-1",2
"CGCTGGATCGTAGGAG-1",3
"CGCTGGATCGTTACAG-1",0
"CGCTTCAAGAAGGGTA-1",1
"CGCTTCAAGGTCGGAT-1",0
"CGCTTCACACGGTGTC-1",1
"CGCTTCACAGACAAGC-1",3
"CGCTTCACATCACCCT-1",4
"CGCTTCAGTCGCGGTT-1",0
"CGCTTCATCTTAGAGC-1",4
"CGGACACAGCGATATA-1",1
"CGGACACAGCGATGAC-1",1
"CGGACACAGCTTCGCG-1",2
"CGGACACAGGTAAACT-1",0
"CGGACACAGTAGCCGA-1",1
"CGGACACCACAGGAGT-1",2
"CGGACACCATTCACTT-1",0
"CGGACACGTGAGCGAT-1",1
"CGGACACGTGCTCTTC-1",2
"CGGACACGTGTGACCC-1",0
"CGGACGTAGGTTACCT-1",0
"CGGACGTCATGGGACA-1",2
"CGGACGTGTGAAAGAG-1",0
"CGGACGTGTTGGTAAA-1",3
"CGGACGTTCATGTGGT-1",1
"CGGACGTTCTGTCCGT-1",2
"CGGACTGAGGAGCGAG-1",0
"CGGACTGAGGAGTCTG-1",0
"CGGACTGAGTGGTAGC-1",0
"CGGACTGCAACTTGAC-1",6
"CGGACTGCAATGACCT-1",0
"CGGACTGCACAACGTT-1",1
"CGGACTGCACGCCAGT-1",0
"CGGACTGCAGTATGCT-1",2
"CGGACTGGTAAAGGAG-1",2
"CGGACTGGTATAAACG-1",0
"CGGACTGGTGTAAGTA-1",1
"CGGACTGGTGTGGTTT-1",0
"CGGACTGGTTGACGTT-1",0
"CGGACTGTCATTGCCC-1",1
"CGGACTGTCCATGCTC-1",1
"CGGACTGTCCGTCAAA-1",0
"CGGACTGTCGTTTGCC-1",2
"CGGACTGTCTTCATGT-1",1
"CGGAGCTAGTTTAGGA-1",1
"CGGAGCTCATTGAGCT-1",0
"CGGAGCTGTAGAAAGG-1",0
"CGGAGCTTCACTTATC-1",1
"CGGAGCTTCATGTAGC-1",1
"CGGAGCTTCCACGAAT-1",1
"CGGAGTCAGTGCGATG-1",4
"CGGAGTCAGTGTGAAT-1",1
"CGGAGTCCAGTGGGAT-1",4
"CGGAGTCCATTATCTC-1",0
"CGGAGTCGTAGCTGCC-1",1
"CGGAGTCGTCCAGTGC-1",2
"CGGAGTCGTGTTCGAT-1",2
"CGGAGTCTCCCAGGTG-1",1
"CGGAGTCTCCGTAGTA-1",0
"CGGCTAGAGAAACGCC-1",0
"CGGCTAGAGCACCGTC-1",0
"CGGCTAGAGCTAAACA-1",0
"CGGCTAGCAGACAAAT-1",0
"CGGCTAGGTAACGCGA-1",1
"CGGCTAGGTTCATGGT-1",1
"CGGCTAGTCAAAGACA-1",1
"CGGCTAGTCGTGGGAA-1",0
"CGGCTAGTCTTGTTTG-1",1
"CGGGTCAAGAGTCGGT-1",2
"CGGGTCAAGCACACAG-1",2
"CGGGTCAAGCTAACTC-1",0
"CGGGTCAAGGACACCA-1",0
"CGGGTCAAGTATGACA-1",0
"CGGGTCACAATGACCT-1",0
"CGGGTCACACCGAAAG-1",0
"CGGGTCACAGCCACCA-1",1
"CGGGTCACATACAGCT-1",0
"CGGGTCACATCCTTGC-1",1
"CGGGTCAGTAGCGCTC-1",1
"CGGGTCAGTCGATTGT-1",1
"CGGGTCAGTGCAACTT-1",0
"CGGGTCAGTTGTTTGG-1",1
"CGGGTCATCAACACCA-1",4
"CGGGTCATCACCTTAT-1",0
"CGGGTCATCCACGACG-1",3
"CGGTTAACAGGACCCT-1",3
"CGGTTAACATGTCCTC-1",0
"CGGTTAACATTCCTGC-1",0
"CGGTTAAGTCGACTGC-1",1
"CGGTTAATCCGGCACA-1",1
"CGGTTAATCCTTTCGG-1",2
"CGGTTAATCTTATCTG-1",1
"CGTAGCGAGATGTAAC-1",4
"CGTAGCGAGGCAATTA-1",1
"CGTAGCGAGTAGGTGC-1",3
"CGTAGCGCAAGCGCTC-1",0
"CGTAGCGTCCAACCAA-1",2
"CGTAGCGTCGGCGGTT-1",1
"CGTAGGCAGGGCTCTC-1",1
"CGTAGGCCAAGCGATG-1",4
"CGTAGGCCACTAAGTC-1",0
"CGTAGGCCAGAGTGTG-1",2
"CGTAGGCCATCCCATC-1",3
"CGTAGGCGTATTAGCC-1",0
"CGTAGGCGTCAATACC-1",0
"CGTAGGCGTGGCGAAT-1",0
"CGTAGGCTCCAGAAGG-1",0
"CGTCACTAGTCATGCT-1",1
"CGTCACTCAAAGCGGT-1",0
"CGTCACTCAGGTCCAC-1",2
"CGTCACTCAGTCACTA-1",2
"CGTCACTTCCTTGACC-1",2
"CGTCACTTCGGTGTTA-1",0
"CGTCACTTCTGTGCAA-1",3
"CGTCACTTCTTGAGAC-1",0
"CGTCAGGAGCTGTTCA-1",2
"CGTCAGGCAAAGCAAT-1",1
"CGTCAGGCAAAGCGGT-1",3
"CGTCAGGCAACACGCC-1",1
"CGTCAGGCATCCGCGA-1",1
"CGTCAGGGTCAGCTAT-1",0
"CGTCAGGGTCGTTGTA-1",0
"CGTCAGGGTGTAAGTA-1",1
"CGTCAGGTCCACTGGG-1",2
"CGTCAGGTCGACAGCC-1",1
"CGTCAGGTCGGGAGTA-1",1
"CGTCCATAGACCACGA-1",2
"CGTCCATAGCGATTCT-1",1
"CGTCCATAGGCTATCT-1",1
"CGTCCATAGTCTCAAC-1",0
"CGTCCATCACGACTCG-1",1
"CGTCCATCATTCACTT-1",1
"CGTCCATGTCTAGCGC-1",0
"CGTCCATGTGATAAAC-1",2
"CGTCCATGTTTGGGCC-1",1
"CGTCCATGTTTGTGTG-1",1
"CGTCCATTCAACACCA-1",1
"CGTCCATTCATTCACT-1",1
"CGTCTACAGTGCGTGA-1",1
"CGTCTACGTAGTAGTA-1",0
"CGTCTACTCGAGCCCA-1",0
"CGTCTACTCGCCATAA-1",1
"CGTCTACTCGGCCGAT-1",4
"CGTCTACTCGTCCAGG-1",0
"CGTCTACTCTATCGCC-1",0
"CGTGAGCAGATCTGAA-1",3
"CGTGAGCAGCAATCTC-1",0
"CGTGAGCAGCGGATCA-1",0
"CGTGAGCAGCTAGTGG-1",2
"CGTGAGCAGCTTCGCG-1",1
"CGTGAGCAGGGCACTA-1",1
"CGTGAGCAGGGTGTGT-1",1
"CGTGAGCAGTGGAGAA-1",2
"CGTGAGCCAAGCCGCT-1",0
"CGTGAGCCACGTAAGG-1",0
"CGTGAGCCATACGCCG-1",3
"CGTGAGCGTAGATTAG-1",0
"CGTGAGCGTCTCTTAT-1",2
"CGTGAGCTCACAAACC-1",0
"CGTGAGCTCCAAATGC-1",1
"CGTGAGCTCCGAGCCA-1",1
"CGTGAGCTCGTTGCCT-1",2
"CGTGAGCTCTGGGCCA-1",0
"CGTGTAAAGATAGTCA-1",1
"CGTGTAAAGGTGTTAA-1",0
"CGTGTAAAGTACATGA-1",0
"CGTGTAACATGGGACA-1",1
"CGTGTAAGTCCGCTGA-1",0
"CGTGTAAGTGTCTGAT-1",0
"CGTGTAATCTACTATC-1",0
"CGTGTAATCTCGATGA-1",3
"CGTGTAATCTTTAGTC-1",1
"CGTGTCTAGGCGCTCT-1",1
"CGTGTCTAGGGATGGG-1",5
"CGTGTCTCAGACAAAT-1",1
"CGTGTCTCAGACACTT-1",0
"CGTGTCTGTAAGAGGA-1",0
"CGTGTCTGTATATGAG-1",0
"CGTGTCTGTCAAAGCG-1",2
"CGTGTCTGTTCCGTCT-1",1
"CGTGTCTTCAATCACG-1",2
"CGTGTCTTCAGAGGTG-1",0
"CGTGTCTTCATAGCAC-1",0
"CGTGTCTTCCGAACGC-1",0
"CGTGTCTTCGGCATCG-1",1
"CGTGTCTTCGTGGACC-1",2
"CGTGTCTTCTACTTAC-1",0
"CGTGTCTTCTGAGTGT-1",1
"CGTTAGAAGATCTGAA-1",2
"CGTTAGAAGGCCCTTG-1",1
"CGTTAGACACGAAAGC-1",3
"CGTTAGACAGCTTCGG-1",1
"CGTTAGAGTTTAAGCC-1",3
"CGTTAGATCACTTATC-1",1
"CGTTAGATCAGCCTAA-1",0
"CGTTCTGAGAAGGGTA-1",0
"CGTTCTGAGACTAGGC-1",0
"CGTTCTGAGTGAACAT-1",1
"CGTTCTGCAGCTCGCA-1",2
"CGTTCTGCATTGGCGC-1",1
"CGTTCTGGTGAGGGTT-1",1
"CGTTCTGTCTGATTCT-1",2
"CGTTGGGAGCTAGTTC-1",2
"CGTTGGGAGGATGCGT-1",1
"CGTTGGGCACATTAGC-1",0
"CGTTGGGCAGACAGGT-1",1
"CGTTGGGGTTCCCGAG-1",2
"CGTTGGGTCATGCTCC-1",2
"CGTTGGGTCCATGAAC-1",0
"CGTTGGGTCTACCAGA-1",0
"CTAACTTAGTCCTCCT-1",3
"CTAACTTCAATAGCAA-1",0
"CTAACTTCAATCGGTT-1",4
"CTAACTTGTGAGGCTA-1",1
"CTAACTTTCGTACGGC-1",1
"CTAACTTTCTGGCGTG-1",0
"CTAAGACAGGGAAACA-1",2
"CTAAGACAGTACATGA-1",0
"CTAAGACAGTTCGCGC-1",0
"CTAAGACCAAGTAATG-1",1
"CTAAGACCAGTAAGAT-1",0
"CTAAGACCATGCAATC-1",1
"CTAAGACGTAAGGATT-1",0
"CTAAGACGTATCAGTC-1",1
"CTAAGACGTCACCTAA-1",1
"CTAAGACTCGTTGCCT-1",2
"CTAAGACTCTTACCGC-1",0
"CTAAGACTCTTGAGGT-1",0
"CTAATGGAGCAATCTC-1",2
"CTAATGGAGCGCTCCA-1",2
"CTAATGGAGCTCCCAG-1",3
"CTAATGGAGCTGAAAT-1",5
"CTAATGGAGTTAGGTA-1",0
"CTAATGGCATGGAATA-1",2
"CTAATGGGTACCGCTG-1",0
"CTAATGGGTCTAGCGC-1",0
"CTAATGGGTGAGGGAG-1",2
"CTAATGGGTTGGTGGA-1",0
"CTAATGGTCATGCTCC-1",3
"CTAATGGTCCACTGGG-1",1
"CTAATGGTCCGTTGCT-1",2
"CTAATGGTCCTAGAAC-1",1
"CTACACCAGTGCGATG-1",2
"CTACACCCACGGACAA-1",1
"CTACACCGTAATAGCA-1",0
"CTACACCGTCTGATTG-1",0
"CTACACCGTTCGTCTC-1",3
"CTACACCTCAGAAATG-1",4
"CTACACCTCGGCTTGG-1",0
"CTACACCTCGGTCCGA-1",4
"CTACACCTCTCGCATC-1",3
"CTACACCTCTCTGCTG-1",3
"CTACATTAGATCACGG-1",1
"CTACATTCACTCGACG-1",0
"CTACATTCATTTCACT-1",0
"CTACATTGTGATGATA-1",0
"CTACATTGTTCGAATC-1",1
"CTACATTTCAACGCTA-1",0
"CTACATTTCGCCATAA-1",1
"CTACATTTCTAGCACA-1",2
"CTACCCACACAGAGGT-1",1
"CTACCCACACGACGAA-1",0
"CTACCCACATGGTTGT-1",2
"CTACCCAGTATCTGCA-1",5
"CTACCCAGTATGAATG-1",0
"CTACCCAGTCAGAAGC-1",1
"CTACCCAGTGTGACCC-1",0
"CTACCCAGTTATGTGC-1",1
"CTACCCATCTACGAGT-1",1
"CTACGTCAGGTGCAAC-1",3
"CTACGTCAGTGCGATG-1",0
"CTACGTCAGTTGTCGT-1",2
"CTACGTCCATATACCG-1",0
"CTACGTCGTATATGGA-1",1
"CTACGTCGTGTGGTTT-1",2
"CTACGTCTCAAAGTAG-1",1
"CTACGTCTCACGACTA-1",0
"CTACGTCTCACGGTTA-1",1
"CTACGTCTCCTAGAAC-1",0
"CTAGAGTAGCTGTCTA-1",5
"CTAGAGTAGGATCGCA-1",0
"CTAGAGTAGTCCATAC-1",0
"CTAGAGTCACATTAGC-1",2
"CTAGAGTCAGTATGCT-1",2
"CTAGAGTCATACTCTT-1",1
"CTAGAGTCATGTAAGA-1",1
"CTAGAGTGTGACCAAG-1",1
"CTAGAGTTCAACACCA-1",1
"CTAGAGTTCCGTCAAA-1",2
"CTAGAGTTCCTAAGTG-1",0
"CTAGAGTTCGCCAGCA-1",1
"CTAGAGTTCGCTTAGA-1",3
"CTAGAGTTCGTGACAT-1",2
"CTAGAGTTCTGATTCT-1",3
"CTAGCCTCACCAGATT-1",0
"CTAGCCTGTATATCCG-1",0
"CTAGCCTGTGATGCCC-1",2
"CTAGCCTTCGGGAGTA-1",1
"CTAGTGAAGCTGGAAC-1",1
"CTAGTGAAGTGTACCT-1",1
"CTAGTGACAAGTCTAC-1",0
"CTAGTGACAGGATCGA-1",0
"CTAGTGAGTTATGCGT-1",1
"CTAGTGATCAGTTGAC-1",3
"CTAGTGATCCAGTAGT-1",2
"CTCACACAGCTAAGAT-1",3
"CTCACACAGCTGCCCA-1",1
"CTCACACAGGATGCGT-1",0
"CTCACACCACGTAAGG-1",0
"CTCACACCACTGTTAG-1",2
"CTCACACCATATACGC-1",2
"CTCACACGTGCTGTAT-1",0
"CTCACACGTTCCATGA-1",1
"CTCACACGTTTGGGCC-1",0
"CTCACACTCACCGGGT-1",1
"CTCACACTCATCGGAT-1",6
"CTCACACTCCGCGCAA-1",1
"CTCACACTCTAACCGA-1",1
"CTCAGAAAGAGCTGCA-1",1
"CTCAGAAAGGAGTAGA-1",1
"CTCAGAACAACGCACC-1",2
"CTCAGAACAAGCGATG-1",1
"CTCAGAACAGGGCATA-1",0
"CTCAGAAGTGACGGTA-1",0
"CTCAGAATCTTAACCT-1",2
"CTCATTAAGAACTGTA-1",0
"CTCATTACATGGTCAT-1",0
"CTCATTAGTGTAACGG-1",0
"CTCATTAGTTTACTCT-1",0
"CTCCTAGCAAGTACCT-1",1
"CTCCTAGCAATTCCTT-1",0
"CTCCTAGCACTGTCGG-1",1
"CTCCTAGCAGTCCTTC-1",2
"CTCCTAGCATAACCTG-1",0
"CTCCTAGCATGCGCAC-1",0
"CTCCTAGGTAGAAAGG-1",2
"CTCCTAGGTCCGAGTC-1",1
"CTCCTAGGTCTAGCCG-1",1
"CTCCTAGGTGTTTGTG-1",0
"CTCCTAGGTTCGTGAT-1",0
"CTCCTAGGTTGTTTGG-1",1
"CTCCTAGTCACTTACT-1",1
"CTCCTAGTCTCATTCA-1",1
"CTCGAAAAGCCCAACC-1",2
"CTCGAAAAGCTATGCT-1",3
"CTCGAAAAGGCCCTTG-1",4
"CTCGAAAAGGGCTTCC-1",1
"CTCGAAACAAGCCGTC-1",2
"CTCGAAACACATTAGC-1",0
"CTCGAAACACCGAAAG-1",0
"CTCGAAACACGGCTAC-1",0
"CTCGAAACAGTAAGAT-1",0
"CTCGAAACATACGCCG-1",0
"CTCGAGGAGCCATCGC-1",1
"CTCGAGGAGGGCTTCC-1",2
"CTCGAGGCAGATAATG-1",4
"CTCGAGGGTATTCTCT-1",1
"CTCGAGGGTGCCTGGT-1",0
"CTCGGAGAGTCCCACG-1",2
"CTCGGAGCACTTCTGC-1",0
"CTCGGAGCAGCTGCAC-1",0
"CTCGGAGCAGGATCGA-1",1
"CTCGGAGGTAGCCTAT-1",0
"CTCGGAGGTCATGCCG-1",1
"CTCGGAGTCAAACGGG-1",1
"CTCGGAGTCACATACG-1",0
"CTCGGAGTCAGCTTAG-1",4
"CTCGGGAAGACCTAGG-1",2
"CTCGGGACACAGCCCA-1",4
"CTCGGGACATAAAGGT-1",2
"CTCGGGACATCCCACT-1",2
"CTCGGGACATGTCGAT-1",1
"CTCGGGAGTCGCGTGT-1",0
"CTCGGGAGTGACTACT-1",4
"CTCGGGAGTTACGACT-1",1
"CTCGGGATCCGTACAA-1",1
"CTCGGGATCCTTGACC-1",1
"CTCGGGATCTTAGCCC-1",0
"CTCGGGATCTTGTTTG-1",1
"CTCGTACAGCGATAGC-1",1
"CTCGTACCAGCGTAAG-1",0
"CTCGTACCATAGTAAG-1",0
"CTCGTACGTAGAGTGC-1",0
"CTCGTACGTATCACCA-1",4
"CTCGTACGTGCAGTAG-1",1
"CTCGTACTCAAAGTAG-1",0
"CTCGTACTCAATCTCT-1",1
"CTCGTACTCGTTGCCT-1",1
"CTCGTACTCTGGTTCC-1",0
"CTCGTCAAGATGCCTT-1",0
"CTCGTCAAGTGGAGTC-1",3
"CTCGTCAAGTTTGCGT-1",0
"CTCGTCACAACGATCT-1",2
"CTCGTCACACATCCGG-1",0
"CTCGTCACAGTCGTGC-1",1
"CTCGTCAGTCTCATCC-1",0
"CTCGTCAGTCTCCATC-1",2
"CTCGTCAGTGAGCGAT-1",1
"CTCGTCAGTTGACGTT-1",1
"CTCGTCAGTTGGGACA-1",1
"CTCGTCATCACTTATC-1",0
"CTCGTCATCGACCAGC-1",0
"CTCGTCATCTGCTGTC-1",0
"CTCTAATCACCAGGTC-1",2
"CTCTAATCACGGTGTC-1",2
"CTCTAATCAGGAATCG-1",1
"CTCTAATGTCCAAGTT-1",0
"CTCTACGAGCTAAACA-1",0
"CTCTACGAGCTAGTGG-1",1
"CTCTACGAGTACGCCC-1",2
"CTCTACGAGTAGGCCA-1",3
"CTCTACGCAATAACGA-1",1
"CTCTACGCAGACGCTC-1",3
"CTCTACGCATGACATC-1",0
"CTCTACGTCATGTCTT-1",2
"CTCTACGTCCCTAATT-1",3
"CTCTACGTCGGCATCG-1",3
"CTCTACGTCGGTCTAA-1",5
"CTCTGGTAGCAGCGTA-1",0
"CTCTGGTAGCGTTCCG-1",1
"CTCTGGTAGGCATGGT-1",2
"CTCTGGTAGTGCCAGA-1",0
"CTCTGGTCACAAGCCC-1",5
"CTCTGGTCAGCCTTTC-1",0
"CTCTGGTTCATCTGTT-1",1
"CTCTGGTTCTTGTACT-1",1
"CTGAAACAGATCCCGC-1",0
"CTGAAACAGGTGCTAG-1",1
"CTGAAACAGTCCGTAT-1",1
"CTGAAACAGTGTCTCA-1",0
"CTGAAACGTCATCGGC-1",0
"CTGAAACGTTAAAGAC-1",2
"CTGAAACTCATACGGT-1",0
"CTGAAGTAGTGCGTGA-1",3
"CTGAAGTCAGCTGTAT-1",9
"CTGAAGTGTTAAAGTG-1",0
"CTGAAGTTCAAGCCTA-1",1
"CTGAAGTTCGGATGTT-1",1
"CTGATAGAGGGAGTAA-1",0
"CTGATAGAGTGCAAGC-1",1
"CTGATAGCAGCCTTTC-1",2
"CTGATAGCATCCCATC-1",0
"CTGATAGCATCTCCCA-1",0
"CTGATAGGTCAAAGCG-1",3
"CTGATAGGTCGCTTTC-1",1
"CTGATAGGTTACGACT-1",0
"CTGATAGTCGCGATCG-1",1
"CTGATAGTCTTATCTG-1",2
"CTGATCCAGGCATTGG-1",0
"CTGATCCAGGTGACCA-1",1
"CTGATCCCACAGAGGT-1",2
"CTGATCCCAGGCTGAA-1",2
"CTGATCCGTGCCTGGT-1",3
"CTGATCCGTTATCCGA-1",1
"CTGATCCGTTGTGGCC-1",1
"CTGCCTAAGGGTCTCC-1",2
"CTGCCTAAGGTGATAT-1",0
"CTGCCTAAGTACGCGA-1",0
"CTGCCTAAGTGCGTGA-1",2
"CTGCCTACATCCCACT-1",0
"CTGCCTATCAATAAGG-1",3
"CTGCGGAAGAAGGACA-1",2
"CTGCGGAAGAGCTGGT-1",0
"CTGCGGAAGATGAGAG-1",1
"CTGCGGACAGGTCGTC-1",1
"CTGCGGACATGTCTCC-1",1
"CTGCGGAGTCACTTCC-1",0
"CTGCGGAGTCGTGGCT-1",3
"CTGCGGAGTTCTGTTT-1",2
"CTGCGGAGTTGGACCC-1",1
"CTGCGGATCGCCTGTT-1",2
"CTGCGGATCTTACCGC-1",0
"CTGCTGTAGGGTGTTG-1",1
"CTGCTGTAGTACCGGA-1",0
"CTGCTGTAGTGGAGAA-1",1
"CTGCTGTCACATCTTT-1",0
"CTGCTGTGTTAAAGAC-1",1
"CTGCTGTTCTCCAACC-1",0
"CTGCTGTTCTTACCGC-1",0
"CTGGTCTAGCGTTGCC-1",1
"CTGGTCTAGGACAGCT-1",0
"CTGGTCTAGGGCTTGA-1",0
"CTGGTCTAGTCGAGTG-1",2
"CTGGTCTCAAAGGAAG-1",2
"CTGGTCTCACCAGTTA-1",0
"CTGGTCTGTACCTACA-1",1
"CTGGTCTGTACGCTGC-1",2
"CTGGTCTGTCCGCTGA-1",0
"CTGGTCTGTCCGTTAA-1",0
"CTGGTCTGTTCATGGT-1",2
"CTGGTCTGTTCGTGAT-1",0
"CTGGTCTTCAACGGGA-1",0
"CTGGTCTTCACTTACT-1",1
"CTGGTCTTCTTACCTA-1",0
"CTGTGCTGTATATCCG-1",2
"CTGTGCTGTCATCCCT-1",1
"CTGTGCTGTCCCTACT-1",0
"CTGTGCTGTCGGCACT-1",2
"CTGTGCTTCCATTCTA-1",0
"CTGTGCTTCCGTACAA-1",3
"CTGTTTAAGAAACCGC-1",0
"CTGTTTAAGATCGATA-1",2
"CTGTTTAAGGAGTTGC-1",1
"CTGTTTAGTCAAAGCG-1",0
"CTGTTTATCAGCCTAA-1",0
"CTGTTTATCATTTGGG-1",3
"CTGTTTATCTCCAGGG-1",1
"CTGTTTATCTCTTGAT-1",0
"CTGTTTATCTTCTGGC-1",1
"CTTAACTAGCCAGTAG-1",2
"CTTAACTAGGCTCTTA-1",0
"CTTAACTAGGTGCACA-1",0
"CTTAACTAGTCTCGGC-1",0
"CTTACCGAGCGCTTAT-1",7
"CTTACCGAGGCTACGA-1",1
"CTTACCGCAGATCTGT-1",1
"CTTACCGCAGTCAGAG-1",2
"CTTACCGGTCCTGCTT-1",1
"CTTACCGGTCGCCATG-1",0
"CTTACCGGTCTACCTC-1",4
"CTTACCGTCGGACAAG-1",1
"CTTAGGAAGCCCAACC-1",1
"CTTAGGACACGACGAA-1",0
"CTTAGGAGTTATGTGC-1",1
"CTTAGGATCCCATTTA-1",7
"CTTAGGATCTTTACAC-1",0
"CTTCTCTAGAACTCGG-1",0
"CTTCTCTAGAGTGAGA-1",0
"CTTCTCTAGCAGGCTA-1",2
"CTTCTCTAGTTAACGA-1",0
"CTTCTCTCAAAGGTGC-1",0
"CTTCTCTGTAACGACG-1",0
"CTTCTCTGTGCATCTA-1",1
"CTTCTCTTCGAGCCCA-1",1
"CTTGGCTAGCGATATA-1",0
"CTTGGCTAGTACGTTC-1",0
"CTTGGCTCATTACCTT-1",3
"CTTGGCTGTCTCCATC-1",1
"CTTGGCTTCCCTAATT-1",2
"CTTGGCTTCGCGTAGC-1",0
"CTTGGCTTCTCGTTTA-1",2
"CTTTGCGAGCAAATCA-1",1
"CTTTGCGAGCGTTCCG-1",0
"CTTTGCGAGTATCTCG-1",2
"CTTTGCGCAATTCCTT-1",2
"CTTTGCGCACTTAAGC-1",1
"CTTTGCGCAGACGCAA-1",1
"CTTTGCGGTAGAGGAA-1",4
"CTTTGCGTCCAGGGCT-1",4
"GAAACTCAGAGACGAA-1",0
"GAAACTCAGAGGTTAT-1",1
"GAAACTCAGCAGCCTC-1",0
"GAAACTCAGCCCAGCT-1",0
"GAAACTCAGCTAAACA-1",1
"GAAACTCAGTGCTGCC-1",4
"GAAACTCCAAGCCCAC-1",0
"GAAACTCCACATGACT-1",0
"GAAACTCCAGACACTT-1",0
"GAAACTCCATGGATGG-1",1
"GAAACTCGTACTCGCG-1",0
"GAAACTCGTAGCGATG-1",2
"GAAACTCGTGTGAAAT-1",1
"GAAACTCGTTTGTGTG-1",2
"GAAATGAAGACTAGGC-1",2
"GAAATGAAGCCAGTTT-1",3
"GAAATGAAGCTAGTCT-1",1
"GAAATGAAGTACGTAA-1",1
"GAAATGATCATGCTCC-1",1
"GAAATGATCCTCGCAT-1",0
"GAACATCAGATGGCGT-1",0
"GAACATCCAACAACCT-1",0
"GAACATCCACATCTTT-1",3
"GAACATCCACCTATCC-1",1
"GAACATCCACGGACAA-1",2
"GAACATCCATGCTAGT-1",1
"GAACATCGTACGACCC-1",0
"GAACATCGTGGACGAT-1",1
"GAACATCGTTCCCGAG-1",0
"GAACATCTCCAAGTAC-1",0
"GAACATCTCGATCCCT-1",1
"GAACATCTCTCCAACC-1",2
"GAACCTAAGAACTGTA-1",0
"GAACCTAAGAGCAATT-1",1
"GAACCTAAGCCAGTAG-1",2
"GAACCTACAAGGACAC-1",0
"GAACCTACAGACACTT-1",1
"GAACCTAGTACCAGTT-1",1
"GAACCTAGTGTCAATC-1",0
"GAACCTATCACGATGT-1",1
"GAACGGAAGACGCAAC-1",2
"GAACGGAAGTAATCCC-1",3
"GAACGGAAGTCAATAG-1",1
"GAACGGAAGTGGACGT-1",0
"GAACGGACACAGCGTC-1",0
"GAACGGACACCTCGTT-1",2
"GAACGGACACTTAACG-1",1
"GAACGGAGTAGCGTAG-1",1
"GAACGGAGTCAGAGGT-1",1
"GAACGGAGTGGCGAAT-1",1
"GAACGGATCACTCCTG-1",4
"GAACGGATCCACGAAT-1",1
"GAACGGATCGTAGGAG-1",3
"GAACGGATCTGTCAAG-1",0
"GAAGCAGAGACTAAGT-1",3
"GAAGCAGAGAGACGAA-1",4
"GAAGCAGAGCCACGCT-1",2
"GAAGCAGAGTTCGCGC-1",1
"GAAGCAGCAATCCGAT-1",2
"GAAGCAGCACTCGACG-1",0
"GAAGCAGCAGATCTGT-1",0
"GAAGCAGCAGATGAGC-1",2
"GAAGCAGCATGAACCT-1",0
"GAAGCAGCATGGAATA-1",0
"GAAGCAGGTAACGCGA-1",3
"GAAGCAGGTCATACTG-1",2
"GAAGCAGTCCTAGTGA-1",2
"GAAGCAGTCTTATCTG-1",2
"GAATAAGCAAGGTGTG-1",2
"GAATAAGCAGACAAGC-1",0
"GAATAAGCATGCAACT-1",0
"GAATAAGGTCCGTTAA-1",5
"GAATAAGGTGAGTGAC-1",0
"GAATAAGGTTCCCTTG-1",4
"GAATAAGTCGTTTAGG-1",1
"GAATGAAAGAGTCTGG-1",0
"GAATGAAAGCTTATCG-1",1
"GAATGAAAGGCATGTG-1",0
"GAATGAACAAACGCGA-1",1
"GAATGAACAGTGAGTG-1",0
"GAATGAACATCATCCC-1",1
"GAATGAAGTCAACATC-1",0
"GAATGAAGTCTCACCT-1",0
"GAATGAAGTGGCAAAC-1",1
"GAATGAAGTTGCGTTA-1",1
"GAATGAATCAGTTAGC-1",0
"GAATGAATCCTGCCAT-1",7
"GACACGCAGACGCACA-1",1
"GACACGCAGAGTAATC-1",1
"GACACGCAGCCAACAG-1",3
"GACACGCAGGAGTTTA-1",6
"GACACGCAGGGCATGT-1",2
"GACACGCAGGTGCACA-1",0
"GACACGCAGTCCAGGA-1",0
"GACACGCAGTGGGATC-1",1
"GACACGCAGTGGGTTG-1",1
"GACACGCCAAGCGTAG-1",2
"GACACGCCAAGGACAC-1",0
"GACACGCCAGACGCTC-1",0
"GACACGCCATCCTTGC-1",4
"GACACGCGTTCACGGC-1",0
"GACACGCTCATGTAGC-1",1
"GACAGAGAGTACGATA-1",0
"GACAGAGCAACGATCT-1",1
"GACAGAGCAAGTCTAC-1",0
"GACAGAGCAGCTCCGA-1",0
"GACAGAGCAGCTGGCT-1",1
"GACAGAGGTAGAAAGG-1",5
"GACAGAGTCAAACAAG-1",1
"GACAGAGTCAGAGACG-1",0
"GACAGAGTCCTTCAAT-1",1
"GACAGAGTCCTTGCCA-1",0
"GACAGAGTCTTCATGT-1",2
"GACCAATAGAAGGGTA-1",0
"GACCAATAGCTACCGC-1",0
"GACCAATAGCTACCTA-1",0
"GACCAATCAGGTGCCT-1",1
"GACCAATCATGCGCAC-1",1
"GACCAATGTACAGTTC-1",0
"GACCAATGTCGCTTCT-1",2
"GACCAATTCCGATATG-1",3
"GACCAATTCGAATGGG-1",0
"GACCAATTCGTCACGG-1",1
"GACCTGGCATCACAAC-1",3
"GACCTGGCATGTCTCC-1",1
"GACCTGGCATTGGCGC-1",2
"GACCTGGGTAAAGGAG-1",0
"GACCTGGGTCCAGTTA-1",0
"GACCTGGGTGCAGTAG-1",1
"GACCTGGTCATAGCAC-1",0
"GACCTGGTCCTTGCCA-1",3
"GACCTGGTCGCATGAT-1",1
"GACCTGGTCGTCACGG-1",0
"GACGCGTAGTGGTAAT-1",1
"GACGCGTAGTTGTAGA-1",0
"GACGCGTGTAAAGGAG-1",1
"GACGCGTGTGTGAAAT-1",3
"GACGCGTGTTAAGACA-1",3
"GACGCGTTCAAACCGT-1",2
"GACGCGTTCCAAATGC-1",2
"GACGCGTTCCGCGGTA-1",2
"GACGCGTTCCTACAGA-1",2
"GACGCGTTCGACGGAA-1",1
"GACGCGTTCTCCGGTT-1",3
"GACGGCTAGAAGATTC-1",1
"GACGGCTAGAGCTGGT-1",1
"GACGGCTCAAGGTTTC-1",3
"GACGGCTCACCGCTAG-1",1
"GACGGCTCATGAACCT-1",0
"GACGGCTCATGCAACT-1",2
"GACGGCTGTGTGTGCC-1",0
"GACGGCTGTTATGTGC-1",0
"GACGGCTGTTTGGCGC-1",1
"GACGGCTTCTATCGCC-1",0
"GACGTGCAGGCAAAGA-1",1
"GACGTGCAGGGTGTGT-1",2
"GACGTGCAGGTGTTAA-1",0
"GACGTGCCAGGTCGTC-1",0
"GACGTGCGTAACGTTC-1",0
"GACGTGCTCACCTCGT-1",0
"GACGTTAAGCTACCGC-1",1
"GACGTTAAGGCAAAGA-1",3
"GACGTTAAGTCAAGCG-1",0
"GACGTTACAAGCCATT-1",2
"GACGTTACAAGGTTTC-1",0
"GACGTTACAGACACTT-1",1
"GACGTTAGTATCTGCA-1",2
"GACGTTAGTTTGACAC-1",1
"GACGTTAGTTTGACTG-1",1
"GACGTTATCACAGGCC-1",1
"GACGTTATCATTGCGA-1",1
"GACGTTATCCCGGATG-1",1
"GACGTTATCCGAAGAG-1",1
"GACGTTATCGCGTTTC-1",3
"GACGTTATCTGTCCGT-1",1
"GACTAACAGACAGAGA-1",3
"GACTAACAGTGGAGAA-1",0
"GACTAACCAAATCCGT-1",0
"GACTAACGTCTAGTCA-1",3
"GACTAACGTGCAACTT-1",0
"GACTAACGTTCAGACT-1",5
"GACTAACTCCGCGCAA-1",0
"GACTAACTCCTTTCTC-1",0
"GACTAACTCTTGCCGT-1",0
"GACTAACTCTTTACAC-1",3
"GACTACAAGATATGGT-1",1
"GACTACACAAATCCGT-1",0
"GACTACAGTGCTGTAT-1",1
"GACTACATCAGCCTAA-1",0
"GACTACATCAGGTAAA-1",2
"GACTACATCTGCAGTA-1",0
"GACTGCGAGCGTAGTG-1",0
"GACTGCGAGTTGTAGA-1",1
"GACTGCGCACTTAACG-1",3
"GACTGCGCATGTTCCC-1",0
"GACTGCGGTACGCACC-1",2
"GACTGCGGTTCTCATT-1",2
"GACTGCGTCAACACAC-1",1
"GACTGCGTCACGACTA-1",1
"GACTGCGTCGCCCTTA-1",1
"GACTGCGTCTCAAACG-1",3
"GAGCAGAGTAGGGTAC-1",2
"GAGCAGAGTCAGATAA-1",2
"GAGCAGAGTCATATGC-1",1
"GAGCAGAGTGAGCGAT-1",1
"GAGCAGAGTGTAACGG-1",2
"GAGCAGAGTGTGACCC-1",0
"GAGCAGAGTTCGGGCT-1",0
"GAGCAGAGTTTAAGCC-1",1
"GAGCAGAGTTTGCATG-1",1
"GAGGTGAAGCAACGGT-1",0
"GAGGTGAAGGCTCTTA-1",0
"GAGGTGAAGTGGTAGC-1",1
"GAGGTGAAGTTGTAGA-1",0
"GAGGTGACACTGTCGG-1",0
"GAGGTGACATCCTTGC-1",0
"GAGGTGACATGCATGT-1",2
"GAGGTGAGTACCTACA-1",0
"GAGGTGAGTCATTAGC-1",1
"GAGGTGAGTTCCTCCA-1",0
"GAGGTGATCATCGCTC-1",5
"GAGGTGATCTAGAGTC-1",0
"GAGGTGATCTCTAGGA-1",3
"GAGGTGATCTGCTGTC-1",1
"GAGGTGATCTGGGCCA-1",0
"GAGTCCGAGGACAGAA-1",2
"GAGTCCGAGGCATGTG-1",0
"GAGTCCGAGGCGTACA-1",1
"GAGTCCGCAAACCCAT-1",1
"GAGTCCGGTCAAGCGA-1",0
"GAGTCCGGTGACCAAG-1",0
"GAGTCCGGTGACTCAT-1",1
"GAGTCCGGTGTGACCC-1",0
"GAGTCCGGTTCGGGCT-1",0
"GAGTCCGGTTTGCATG-1",0
"GAGTCCGTCGGCGCAT-1",2
"GAGTCCGTCTGATTCT-1",0
"GATCAGTAGATGTCGG-1",1
"GATCAGTAGTGGTAGC-1",1
"GATCAGTGTATATGAG-1",1
"GATCAGTGTCTGCGGT-1",1
"GATCAGTGTTATGCGT-1",5
"GATCAGTGTTGTACAC-1",4
"GATCAGTTCCCGACTT-1",0
"GATCGATAGAATGTTG-1",2
"GATCGATAGAGCTGCA-1",1
"GATCGATAGCATGGCA-1",0
"GATCGATCAAGCGAGT-1",1
"GATCGATCAAGCGTAG-1",1
"GATCGATGTCAACATC-1",0
"GATCGATGTTGCCTCT-1",1
"GATCGATTCCGCATCT-1",5
"GATCGCGAGATAGTCA-1",1
"GATCGCGAGCCTTGAT-1",0
"GATCGCGAGGAGCGTT-1",3
"GATCGCGCAGGTCGTC-1",0
"GATCGCGGTACAGCAG-1",1
"GATCGCGGTGAGTATA-1",0
"GATCGCGGTTGTCGCG-1",1
"GATCGCGTCACTCCTG-1",1
"GATCGTAAGACATAAC-1",4
"GATCGTAAGCTCAACT-1",1
"GATCGTACATAACCTG-1",3
"GATCGTAGTGGCTCCA-1",1
"GATCGTATCATATCGG-1",0
"GATCGTATCATGTCCC-1",0
"GATCGTATCTTACCGC-1",2
"GATCTAGAGCGTCTAT-1",2
"GATCTAGAGTGGAGAA-1",0
"GATCTAGCAACACCTA-1",1
"GATCTAGCAAGGGTCA-1",0
"GATCTAGGTCTAAAGA-1",2
"GATCTAGGTCTCACCT-1",2
"GATCTAGGTCTCTTTA-1",1
"GATCTAGTCACATAGC-1",0
"GATCTAGTCTAAGCCA-1",0
"GATGAAAAGAGTAATC-1",2
"GATGAAAAGCTCCCAG-1",2
"GATGAAACACGGTAGA-1",0
"GATGAAACAGCTGTAT-1",2
"GATGAAAGTGGGTATG-1",2
"GATGAAATCACCCTCA-1",1
"GATGAAATCACTCCTG-1",0
"GATGAAATCAGCAACT-1",0
"GATGAAATCGAGAGCA-1",0
"GATGAGGAGATCCCGC-1",4
"GATGAGGAGTTCGATC-1",2
"GATGAGGCACCAGTTA-1",0
"GATGAGGGTATCACCA-1",0
"GATGAGGGTATTCGTG-1",3
"GATGAGGGTCGCGTGT-1",2
"GATGAGGGTGATGATA-1",0
"GATGAGGTCACAGGCC-1",0
"GATGAGGTCACATAGC-1",2
"GATGAGGTCCCTTGTG-1",2
"GATGAGGTCTGCTGTC-1",0
"GATGCTAAGACTAAGT-1",1
"GATGCTAAGGATGCGT-1",1
"GATGCTAAGGCTCTTA-1",0
"GATGCTAAGGGAACGG-1",0
"GATGCTAAGTATCTCG-1",1
"GATGCTAAGTCTCGGC-1",2
"GATGCTACATGTTGAC-1",0
"GATGCTACATTGCGGC-1",3
"GATGCTAGTCTCCATC-1",2
"GATGCTAGTGGAAAGA-1",0
"GATGCTAGTTAGGGTG-1",0
"GATGCTATCCTGTACC-1",2
"GATGCTATCGGCGCTA-1",1
"GATTCAGAGAAACCTA-1",3
"GATTCAGAGAGTGACC-1",1
"GATTCAGAGATTACCC-1",2
"GATTCAGAGGGTCGAT-1",3
"GATTCAGAGGTCGGAT-1",1
"GATTCAGAGTCAATAG-1",1
"GATTCAGCAAGTTGTC-1",4
"GATTCAGCAATTCCTT-1",1
"GATTCAGCAGGGTACA-1",0
"GATTCAGCATCGACGC-1",2
"GATTCAGCATTATCTC-1",0
"GATTCAGGTAAATACG-1",0
"GATTCAGTCAACTCTT-1",3
"GCAAACTAGATGTTAG-1",0
"GCAAACTAGTCATGCT-1",1
"GCAAACTAGTCTCAAC-1",1
"GCAAACTCACAGGTTT-1",1
"GCAAACTGTCAGATAA-1",1
"GCAAACTGTCTCCATC-1",0
"GCAAACTTCGTGGTCG-1",2
"GCAATCAAGGGATCTG-1",0
"GCAATCAAGTATCTCG-1",1
"GCAATCAAGTGGGTTG-1",2
"GCAATCACAGCTTAAC-1",0
"GCAATCACATGTCGAT-1",2
"GCAATCACATTCCTCG-1",1
"GCAATCAGTAGGAGTC-1",1
"GCAATCAGTATAATGG-1",1
"GCAATCAGTTCTCATT-1",0
"GCAATCAGTTCTGGTA-1",2
"GCACATAAGAGCTATA-1",4
"GCACATAAGATGTTAG-1",0
"GCACATAAGCCTTGAT-1",2
"GCACATAAGGAGTACC-1",0
"GCACATAAGTGAAGTT-1",0
"GCACATACACCACGTG-1",3
"GCACATACAGCTGTAT-1",1
"GCACATACAGGAACGT-1",0
"GCACATAGTCATCGGC-1",1
"GCACATAGTCCGAATT-1",1
"GCACATAGTCTCTTTA-1",0
"GCACATAGTGCGCTTG-1",3
"GCACATATCACCTCGT-1",0
"GCACATATCTGGTTCC-1",1
"GCACTCTCAAGACACG-1",1
"GCACTCTCAATCACAC-1",1
"GCACTCTCATTTCAGG-1",0
"GCACTCTGTAAACCTC-1",0
"GCACTCTGTACCAGTT-1",0
"GCACTCTGTAGAAAGG-1",1
"GCACTCTGTCGAACAG-1",3
"GCACTCTGTCTAGGTT-1",0
"GCACTCTTCAACTCTT-1",1
"GCACTCTTCCCTAATT-1",6
"GCACTCTTCTGCCCTA-1",1
"GCAGCCAAGCTGATAA-1",1
"GCAGCCACATGAGCGA-1",2
"GCAGCCAGTAATCGTC-1",0
"GCAGCCAGTGTCGCTG-1",1
"GCAGCCATCAGTTGAC-1",1
"GCAGCCATCCCAACGG-1",0
"GCAGCCATCCGTACAA-1",0
"GCAGTTAAGTCCATAC-1",1
"GCAGTTAAGTCCGTAT-1",1
"GCAGTTAAGTTAACGA-1",6
"GCAGTTAGTGGACGAT-1",1
"GCAGTTAGTTATTCTC-1",2
"GCAGTTATCGCGATCG-1",0
"GCATACAAGATCTGCT-1",2
"GCATACAAGCAACGGT-1",2
"GCATACACAACGCACC-1",0
"GCATACACAAGGACTG-1",1
"GCATACACAAGTCTGT-1",0
"GCATACACAGTCAGCC-1",0
"GCATACACATCCTAGA-1",1
"GCATACACATCGGAAG-1",0
"GCATACAGTCCGAACC-1",0
"GCATACAGTTCTGGTA-1",1
"GCATACATCCACGACG-1",0
"GCATGATAGAATGTTG-1",0
"GCATGATAGAGTAATC-1",0
"GCATGATAGCTGATAA-1",0
"GCATGATAGGACCACA-1",0
"GCATGATAGGCTAGCA-1",0
"GCATGATAGTCAAGCG-1",0
"GCATGATAGTGGAGAA-1",0
"GCATGATCACACCGAC-1",1
"GCATGATCACATTTCT-1",1
"GCATGATGTCCCTACT-1",1
"GCATGATGTTGCGCAC-1",3
"GCATGATTCGTGGACC-1",0
"GCATGCGAGCATGGCA-1",1
"GCATGCGAGTCCAGGA-1",0
"GCATGCGCACTGCCAG-1",2
"GCATGCGGTAAGGATT-1",1
"GCATGCGGTCCTCTTG-1",2
"GCATGCGGTGTGAAAT-1",3
"GCATGCGTCCGCGGTA-1",1
"GCATGTAAGAACTGTA-1",0
"GCATGTAAGACAGACC-1",2
"GCATGTAAGTACTTGC-1",1
"GCATGTAAGTGCAAGC-1",1
"GCATGTACAACACGCC-1",2
"GCATGTATCACGAAGG-1",0
"GCCAAATCAAACTGTC-1",1
"GCCAAATCAAGGGTCA-1",0
"GCCAAATCAAGTTCTG-1",2
"GCCAAATCAGCCACCA-1",1
"GCCAAATCATAACCTG-1",2
"GCCAAATGTATAAACG-1",2
"GCCAAATGTGTTTGGT-1",2
"GCCAAATGTTTCGCTC-1",1
"GCCAAATTCAGGTAAA-1",0
"GCCAAATTCCGAGCCA-1",0
"GCCAAATTCCGCGGTA-1",0
"GCCAAATTCGGCTACG-1",1
"GCCTCTAAGAGTACCG-1",0
"GCCTCTAAGCCATCGC-1",0
"GCCTCTAAGCCGCCTA-1",1
"GCCTCTAAGCGATAGC-1",1
"GCCTCTAAGCTGCAAG-1",1
"GCCTCTAAGCTTCGCG-1",1
"GCCTCTAAGTCACGCC-1",2
"GCCTCTACAAGACGTG-1",1
"GCCTCTACAGCTATTG-1",1
"GCCTCTAGTAAGGATT-1",1
"GCCTCTAGTGATGATA-1",2
"GCCTCTAGTTAAGGGC-1",0
"GCCTCTATCAGCGACC-1",1
"GCCTCTATCCGATATG-1",1
"GCCTCTATCGAATCCA-1",3
"GCCTCTATCGAGCCCA-1",0
"GCCTCTATCGCTGATA-1",0
"GCCTCTATCTTTAGGG-1",0
"GCGACCAAGAGGTTAT-1",0
"GCGACCACACTTACGA-1",0
"GCGACCAGTCAGGACA-1",1
"GCGACCAGTCTAGAGG-1",3
"GCGACCATCAACGGGA-1",2
"GCGACCATCCCGGATG-1",1
"GCGACCATCTACTCAT-1",1
"GCGAGAAAGGTTCCTA-1",0
"GCGAGAAAGTACGATA-1",3
"GCGAGAAAGTGTCTCA-1",2
"GCGAGAACAAGCCCAC-1",0
"GCGAGAACACTGAAGG-1",1
"GCGAGAAGTAGCGCTC-1",0
"GCGAGAAGTCCCTACT-1",0
"GCGAGAATCCTTTCGG-1",0
"GCGAGAATCGAGAGCA-1",0
"GCGAGAATCGCACTCT-1",1
"GCGCAACAGTCCTCCT-1",1
"GCGCAACAGTGTACGG-1",1
"GCGCAACCAAGTCTGT-1",1
"GCGCAACCAGCCACCA-1",0
"GCGCAACGTAGCGCTC-1",0
"GCGCAACGTCCCTTGT-1",0
"GCGCAACGTCCTAGCG-1",2
"GCGCAACGTCGACTAT-1",0
"GCGCAACGTCTAGAGG-1",0
"GCGCAACGTGCACGAA-1",5
"GCGCAACTCAATACCG-1",2
"GCGCAGTCACATCCAA-1",2
"GCGCAGTCATTACCTT-1",2
"GCGCAGTGTTAGGGTG-1",1
"GCGCAGTTCGATCCCT-1",2
"GCGCAGTTCGCGGATC-1",2
"GCGCCAAAGACATAAC-1",0
"GCGCCAAAGGACAGCT-1",1
"GCGCCAAAGGCCCTTG-1",0
"GCGCCAAAGGGCTTCC-1",2
"GCGCCAAAGGTACTCT-1",1
"GCGCCAACATAACCTG-1",2
"GCGCCAACATTGGGCC-1",1
"GCGCCAAGTACTTGAC-1",1
"GCGCCAAGTCGGCACT-1",0
"GCGCCAAGTGAAAGAG-1",2
"GCGCCAAGTTGTACAC-1",1
"GCGCCAATCCGTTGCT-1",2
"GCGCGATAGAAGGTTT-1",0
"GCGCGATAGCAGGTCA-1",1
"GCGCGATAGTGAATTG-1",1
"GCGCGATAGTTTGCGT-1",7
"GCGCGATCAGCTCGAC-1",0
"GCGCGATGTAAGTAGT-1",1
"GCGCGATGTATCACCA-1",0
"GCGCGATGTCACTTCC-1",0
"GCGCGATGTTACCAGT-1",2
"GCGCGATTCAGTTAGC-1",1
"GCGCGATTCGTTTAGG-1",1
"GCGGGTTAGAAACGAG-1",0
"GCGGGTTAGCTATGCT-1",1
"GCGGGTTAGTGTGAAT-1",2
"GCGGGTTCACGCGAAA-1",1
"GCGGGTTCAGGCAGTA-1",0
"GCGGGTTCAGTAACGG-1",3
"GCGGGTTGTGAGTATA-1",0
"GCGGGTTGTGGCGAAT-1",1
"GCGGGTTTCCAAAGTC-1",0
"GCGGGTTTCCTTTCTC-1",0
"GCGGGTTTCTCCAACC-1",1
"GCGGGTTTCTTGAGGT-1",0
"GCGGGTTTCTTGTATC-1",0
"GCTCCTACAAACTGTC-1",3
"GCTCCTACACCAGGTC-1",1
"GCTCCTACACCGATAT-1",1
"GCTCCTACAGGGTACA-1",2
"GCTCCTACATTAGCCA-1",0
"GCTCCTAGTCAGGACA-1",0
"GCTCCTAGTCCGTCAG-1",3
"GCTCCTATCAGCCTAA-1",2
"GCTCCTATCCCTAATT-1",1
"GCTCTGTAGAGGTAGA-1",0
"GCTCTGTAGCTGAACG-1",2
"GCTCTGTAGGAGTCTG-1",0
"GCTCTGTAGTGCTGCC-1",0
"GCTCTGTAGTGGACGT-1",0
"GCTCTGTTCACCTCGT-1",3
"GCTGCAGAGCGTGAGT-1",0
"GCTGCAGAGTCAAGCG-1",2
"GCTGCAGAGTCCCACG-1",1
"GCTGCAGCAATTGCTG-1",1
"GCTGCAGCATGCCCGA-1",1
"GCTGCAGCATGCCTAA-1",0
"GCTGCAGGTAAACCTC-1",0
"GCTGCAGGTACGAAAT-1",0
"GCTGCAGGTAGCGCAA-1",0
"GCTGCAGGTCACCCAG-1",0
"GCTGCAGGTCATGCCG-1",1
"GCTGCGAAGGAATGGA-1",3
"GCTGCGAGTCTAACGT-1",1
"GCTGCGAGTGTTTGGT-1",1
"GCTGCGATCTCCTATA-1",4
"GCTGCGATCTTGTTTG-1",0
"GCTGCTTAGAATTGTG-1",1
"GCTGCTTAGGCAATTA-1",0
"GCTGCTTCATCACGTA-1",2
"GCTGCTTCATCCAACA-1",0
"GCTGCTTCATGCCTAA-1",1
"GCTGCTTCATGGTCAT-1",2
"GCTGCTTGTAACGACG-1",0
"GCTGCTTGTAATCGTC-1",0
"GCTGCTTGTAGGGACT-1",0
"GCTGCTTGTGAAAGAG-1",1
"GCTGCTTTCCGGGTGT-1",0
"GCTGGGTAGACCCACC-1",0
"GCTGGGTAGCCACGCT-1",0
"GCTGGGTAGTCGCCGT-1",1
"GCTGGGTAGTCTCAAC-1",0
"GCTGGGTCACGGCTAC-1",0
"GCTGGGTCAGCCAATT-1",1
"GCTGGGTGTACAGTTC-1",0
"GCTGGGTGTACCGTTA-1",0
"GCTGGGTGTCGAGTTT-1",4
"GCTGGGTGTCTCCACT-1",1
"GCTGGGTGTGCCTGTG-1",0
"GCTGGGTTCAGCTTAG-1",1
"GCTGGGTTCCTTAATC-1",0
"GCTTCCAAGAAACCTA-1",2
"GCTTCCACACCACCAG-1",1
"GCTTCCACAGGTCGTC-1",1
"GCTTCCACAGTGAGTG-1",4
"GCTTCCAGTATAGGTA-1",1
"GCTTCCAGTTCAGCGC-1",3
"GCTTCCATCGTCCAGG-1",1
"GCTTGAAAGATGGCGT-1",1
"GCTTGAAAGCCGTCGT-1",2
"GCTTGAACAAACCTAC-1",0
"GCTTGAACACGGTGTC-1",1
"GCTTGAACATCGGAAG-1",2
"GCTTGAAGTGCGGTAA-1",2
"GCTTGAAGTTCTCATT-1",1
"GCTTGAATCAGGATCT-1",0
"GGAAAGCAGGCAGGTT-1",1
"GGAAAGCCAAACGCGA-1",1
"GGAAAGCCAAGTACCT-1",3
"GGAAAGCGTAAGCACG-1",0
"GGAAAGCGTCCTCCAT-1",0
"GGAAAGCGTCGCGTGT-1",0
"GGAAAGCGTGCTTCTC-1",1
"GGAAAGCTCCAGAGGA-1",0
"GGAACTTAGAGTAAGG-1",2
"GGAACTTCAATGTAAG-1",0
"GGAACTTCACAGGAGT-1",0
"GGAACTTCACCTCGTT-1",0
"GGAACTTGTCTCTTTA-1",6
"GGAACTTTCATTGCCC-1",1
"GGAACTTTCATTTGGG-1",0
"GGAACTTTCCGTCATC-1",1
"GGAACTTTCCTCAACC-1",1
"GGAACTTTCGGATGTT-1",1
"GGAATAAAGGTACTCT-1",0
"GGAATAAAGTGTCCAT-1",1
"GGAATAACAGCGTCCA-1",0
"GGAATAAGTCTGGTCG-1",3
"GGAATAAGTGCAGGTA-1",1
"GGAATAATCAGCACAT-1",0
"GGAATAATCTTTACGT-1",1
"GGACAAGAGGTACTCT-1",0
"GGACAAGCAACGATGG-1",1
"GGACAAGCAGTCGTGC-1",0
"GGACAAGCATGGGACA-1",0
"GGACAAGGTATAAACG-1",0
"GGACAAGGTATGAAAC-1",1
"GGACAAGGTCGGCATC-1",1
"GGACAAGGTTATGCGT-1",3
"GGACAAGTCTAACGGT-1",2
"GGACAGAAGCTAGTCT-1",2
"GGACAGAAGTACTTGC-1",0
"GGACAGACAACACGCC-1",0
"GGACAGACACAAGCCC-1",0
"GGACAGAGTAAGTGGC-1",2
"GGACAGAGTCTTTCAT-1",0
"GGACAGAGTGAGGGAG-1",1
"GGACAGAGTTCCACAA-1",1
"GGACAGATCAACGCTA-1",1
"GGACATTAGAGGGCTT-1",1
"GGACATTAGCCACGTC-1",0
"GGACATTCAAACGCGA-1",0
"GGACATTCAATGACCT-1",2
"GGACATTCACCAGCAC-1",1
"GGACATTGTTCTGGTA-1",2
"GGACATTTCCTCTAGC-1",1
"GGACGTCAGTACTTGC-1",1
"GGACGTCAGTGGTAAT-1",0
"GGACGTCCACAGTCGC-1",0
"GGACGTCGTGAGGGAG-1",0
"GGACGTCGTGGCGAAT-1",1
"GGACGTCGTTACGGAG-1",1
"GGACGTCGTTTAAGCC-1",1
"GGACGTCTCCACTCCA-1",3
"GGACGTCTCGCAAACT-1",1
"GGACGTCTCTCCAGGG-1",0
"GGACGTCTCTCGAGTA-1",0
"GGACGTCTCTGGTGTA-1",5
"GGACGTCTCTTCGAGA-1",1
"GGAGCAAAGAACTCGG-1",0
"GGAGCAAAGACTGTAA-1",0
"GGAGCAAAGCCGCCTA-1",0
"GGAGCAAAGCTAAACA-1",0
"GGAGCAAAGTACGCCC-1",1
"GGAGCAACAAGCTGTT-1",1
"GGAGCAACAATGGACG-1",3
"GGAGCAACAATTCCTT-1",1
"GGAGCAACATGCTGGC-1",3
"GGAGCAAGTGAGTATA-1",1
"GGAGCAAGTTACTGAC-1",0
"GGAGCAATCAAGATCC-1",0
"GGAGCAATCCCATTTA-1",3
"GGATGTTCAAACTGTC-1",0
"GGATGTTTCATCACCC-1",4
"GGATGTTTCATGCATG-1",0
"GGATGTTTCCTACAGA-1",0
"GGATGTTTCCTCTAGC-1",1
"GGATTACAGATCCCAT-1",0
"GGATTACAGCTTCGCG-1",0
"GGATTACAGGCTAGCA-1",1
"GGATTACAGTATCTCG-1",0
"GGATTACCAAGCGTAG-1",3
"GGATTACCACATCCGG-1",1
"GGATTACCAGCGTAAG-1",0
"GGATTACGTAATAGCA-1",1
"GGATTACGTACACCGC-1",1
"GGATTACGTCTCTTTA-1",0
"GGATTACGTTGAGGTG-1",0
"GGATTACTCGCGCCAA-1",2
"GGATTACTCGGCGCAT-1",0
"GGATTACTCTGCCCTA-1",3
"GGCAATTCAATCGGTT-1",1
"GGCAATTCACGGCGTT-1",4
"GGCAATTCATCACCCT-1",1
"GGCAATTGTCGATTGT-1",2
"GGCAATTTCACTTACT-1",2
"GGCAATTTCAGCACAT-1",3
"GGCAATTTCTCCGGTT-1",2
"GGCCGATAGTGTCTCA-1",0
"GGCCGATCACGGACAA-1",0
"GGCCGATGTAGGACAC-1",2
"GGCCGATGTCACTGGC-1",1
"GGCCGATGTCCCTACT-1",1
"GGCCGATTCACCGTAA-1",0
"GGCCGATTCCGCGCAA-1",0
"GGCGACTAGAGCTGGT-1",1
"GGCGACTAGGACCACA-1",1
"GGCGACTAGGTTACCT-1",2
"GGCGACTCAAAGCGGT-1",1
"GGCGACTCAAGAGTCG-1",2
"GGCGACTCACCAGGTC-1",0
"GGCGACTCATTGTGCA-1",1
"GGCGACTTCAGAAATG-1",2
"GGCGACTTCAGAGACG-1",1
"GGCGACTTCCAGATCA-1",3
"GGCGACTTCTCTAGGA-1",1
"GGCGTGTAGCTAGCCC-1",1
"GGCGTGTAGGGTATCG-1",1
"GGCGTGTCAGGTCCAC-1",1
"GGCGTGTCAGTATAAG-1",0
"GGCGTGTCATCGTCGG-1",0
"GGCGTGTCATGGAATA-1",0
"GGCGTGTGTCTCCCTA-1",1
"GGCGTGTTCTTGAGGT-1",1
"GGCTCGAAGCCGTCGT-1",4
"GGCTCGAAGGTAAACT-1",0
"GGCTCGACAAGAAGAG-1",3
"GGCTCGACAATAGCAA-1",4
"GGCTCGACATGGTCAT-1",2
"GGCTCGAGTATATCCG-1",0
"GGCTCGAGTTACGTCA-1",0
"GGCTCGAGTTAGGGTG-1",2
"GGCTCGATCTGCAAGT-1",0
"GGCTGGTAGAAGAAGC-1",0
"GGCTGGTAGACCCACC-1",2
"GGCTGGTCAAGGACAC-1",2
"GGCTGGTCACTGCCAG-1",0
"GGCTGGTCATTTCAGG-1",1
"GGCTGGTGTATTCTCT-1",1
"GGCTGGTGTCGCATCG-1",1
"GGCTGGTGTCTAGTGT-1",2
"GGCTGGTGTTATGCGT-1",0
"GGGAATGAGCGTTGCC-1",0
"GGGAATGAGTAGGTGC-1",2
"GGGAATGGTAAGGGAA-1",0
"GGGAATGTCAACGAAA-1",0
"GGGAATGTCCAGTATG-1",0
"GGGAATGTCCGGGTGT-1",0
"GGGACCTAGATGTAAC-1",0
"GGGACCTAGTCTTGCA-1",3
"GGGACCTCAATCAGAA-1",2
"GGGACCTCACTGAAGG-1",1
"GGGAGATAGTACGACG-1",4
"GGGAGATCAAAGTGCG-1",1
"GGGAGATCAAATCCGT-1",1
"GGGAGATCAAGGACTG-1",0
"GGGAGATCACGCGAAA-1",0
"GGGAGATGTAGCGCAA-1",2
"GGGAGATTCAACGGGA-1",1
"GGGAGATTCATCACCC-1",1
"GGGATGAAGTGACATA-1",0
"GGGATGACATCATCCC-1",2
"GGGATGAGTCACCCAG-1",1
"GGGATGAGTGGAAAGA-1",0
"GGGATGAGTTACGACT-1",0
"GGGATGAGTTGGTAAA-1",4
"GGGATGATCAGTTAGC-1",1
"GGGATGATCTATCCTA-1",1
"GGGATGATCTTTAGGG-1",2
"GGGCACTAGTCTCGGC-1",0
"GGGCACTCATCTCCCA-1",0
"GGGCACTTCACCTCGT-1",1
"GGGCACTTCTGAGGGA-1",3
"GGGCATCCAATGTAAG-1",0
"GGGCATCCAGTCTTCC-1",2
"GGGCATCGTGGCGAAT-1",1
"GGGCATCTCACAGTAC-1",1
"GGGCATCTCCCTTGTG-1",0
"GGGCATCTCCGGCACA-1",1
"GGGCATCTCTGTCCGT-1",3
"GGGCATCTCTTATCTG-1",0
"GGGTCTGAGAAGATTC-1",0
"GGGTCTGAGATCCCGC-1",2
"GGGTCTGAGCCAACAG-1",0
"GGGTCTGCACAGGCCT-1",1
"GGGTCTGCACCAGGTC-1",0
"GGGTCTGGTCTGGTCG-1",2
"GGGTCTGGTGATGATA-1",1
"GGGTCTGGTGTGACCC-1",0
"GGGTCTGTCAACTCTT-1",4
"GGGTCTGTCACTCCTG-1",3
"GGGTCTGTCCGTAGTA-1",0
"GGGTTGCAGACAGAGA-1",0
"GGGTTGCAGACCTTTG-1",1
"GGGTTGCAGATCGATA-1",0
"GGGTTGCAGGGTGTTG-1",2
"GGGTTGCAGGTGGGTT-1",1
"GGGTTGCCAATAACGA-1",1
"GGGTTGCCACGCCAGT-1",0
"GGGTTGCCATTAACCG-1",1
"GGGTTGCGTACATCCA-1",0
"GGGTTGCGTAGCGCAA-1",0
"GGGTTGCGTCCTCCAT-1",0
"GGGTTGCGTCGAGTTT-1",1
"GGGTTGCGTGAGTATA-1",1
"GGGTTGCGTGTGACCC-1",1
"GGGTTGCTCGTACCGG-1",1
"GGTATTGAGCACCGTC-1",2
"GGTATTGAGCTATGCT-1",1
"GGTATTGCACATCCAA-1",0
"GGTATTGCAGCTTCGG-1",0
"GGTATTGGTTCCGTCT-1",1
"GGTATTGTCAGAAATG-1",3
"GGTATTGTCCATTCTA-1",0
"GGTATTGTCGCCAGCA-1",2
"GGTGAAGAGACACGAC-1",1
"GGTGAAGAGATCCGAG-1",1
"GGTGAAGCAAGGTGTG-1",1
"GGTGAAGCACTCGACG-1",4
"GGTGAAGCAGTATGCT-1",0
"GGTGAAGGTATGAAAC-1",1
"GGTGAAGGTCAGAATA-1",0
"GGTGAAGGTGGTACAG-1",0
"GGTGAAGGTGTATGGG-1",0
"GGTGAAGGTGTCTGAT-1",0
"GGTGAAGGTGTGGTTT-1",0
"GGTGAAGGTGTGTGCC-1",0
"GGTGAAGTCACGATGT-1",0
"GGTGAAGTCACTCTTA-1",2
"GGTGAAGTCTGGCGTG-1",0
"GGTGCGTAGGTGATTA-1",1
"GGTGCGTAGTACGATA-1",0
"GGTGCGTCACTTAAGC-1",6
"GGTGCGTCAGCTGTAT-1",0
"GGTGCGTGTTCGTTGA-1",1
"GGTGCGTTCCGTACAA-1",0
"GGTGCGTTCTTGACGA-1",1
"GGTGTTAAGGGCTCTC-1",0
"GGTGTTAAGTAGCGGT-1",0
"GGTGTTAAGTGGGATC-1",2
"GGTGTTAAGTTATCGC-1",2
"GGTGTTACAAATCCGT-1",3
"GGTGTTACACGGATAG-1",1
"GGTGTTAGTAATCACC-1",0
"GGTGTTAGTAGCAAAT-1",1
"GGTGTTAGTGTATGGG-1",1
"GGTGTTAGTTGAACTC-1",1
"GGTGTTATCGGACAAG-1",2
"GGTGTTATCGGTGTTA-1",0
"GGTGTTATCTACTTAC-1",2
"GTAACGTAGGTGACCA-1",1
"GTAACGTCACAGGCCT-1",1
"GTAACGTGTACCATCA-1",0
"GTAACGTGTGAGTATA-1",0
"GTAACGTGTTACGGAG-1",0
"GTAACGTGTTAGGGTG-1",2
"GTAACGTTCGGTCCGA-1",3
"GTAACGTTCTCATTCA-1",1
"GTAACTGAGTGGGTTG-1",2
"GTAACTGCAATGGAAT-1",0
"GTAACTGCACAGGCCT-1",1
"GTAACTGCAGGATCGA-1",3
"GTAACTGCATCGGGTC-1",3
"GTAACTGGTATTACCG-1",0
"GTAACTGTCACGGTTA-1",1
"GTAACTGTCTACTATC-1",0
"GTACGTAAGGTGCTTT-1",1
"GTACGTACAGGAATGC-1",1
"GTACGTACATGGATGG-1",0
"GTACGTAGTGAGTGAC-1",0
"GTACGTAGTTGGTAAA-1",1
"GTACGTATCACCTCGT-1",0
"GTACGTATCATCGGAT-1",0
"GTACGTATCCACTGGG-1",1
"GTACTCCAGGCAGTCA-1",1
"GTACTCCCAATAGCGG-1",1
"GTACTCCCACAGGTTT-1",1
"GTACTCCTCACCTTAT-1",2
"GTACTCCTCATTGCCC-1",0
"GTACTCCTCCTTCAAT-1",1
"GTACTTTCAGTTAACC-1",1
"GTACTTTCATGTCGAT-1",0
"GTACTTTTCCGAAGAG-1",1
"GTAGGCCAGCAATCTC-1",1
"GTAGGCCCATTCGACA-1",0
"GTAGGCCGTAACGCGA-1",1
"GTAGGCCGTAAGGGCT-1",3
"GTAGGCCGTACGACCC-1",2
"GTAGGCCGTTCAGGCC-1",2
"GTAGGCCGTTGATTGC-1",1
"GTAGGCCTCAGCACAT-1",3
"GTAGTCAAGAATGTGT-1",0
"GTAGTCAAGATGCCTT-1",2
"GTAGTCAAGGACGAAA-1",2
"GTAGTCAAGTGAAGAG-1",1
"GTAGTCATCGTCACGG-1",0
"GTAGTCATCTGAAAGA-1",2
"GTATCTTAGAAACCAT-1",4
"GTATCTTAGGCTATCT-1",1
"GTATCTTAGTTGTCGT-1",2
"GTATCTTCACACCGCA-1",0
"GTATCTTCACGAAGCA-1",0
"GTATCTTGTTCGCTAA-1",1
"GTATCTTTCATGCTCC-1",0
"GTATCTTTCATGTAGC-1",2
"GTATTCTAGAAACCAT-1",1
"GTATTCTAGACAAAGG-1",0
"GTATTCTCAAAGTCAA-1",0
"GTATTCTCAACAACCT-1",1
"GTATTCTCAACTTGAC-1",1
"GTATTCTCAATAAGCA-1",4
"GTATTCTCAGGGTTAG-1",0
"GTATTCTCATACTACG-1",1
"GTATTCTCATGGTAGG-1",0
"GTATTCTGTAGTGAAT-1",0
"GTATTCTGTCTAGAGG-1",0
"GTCAAGTCATATGCTG-1",0
"GTCAAGTCATGGTTGT-1",2
"GTCAAGTGTCAGCTAT-1",0
"GTCAAGTGTTCCACTC-1",3
"GTCACAAAGCCGATTT-1",0
"GTCACAAAGTGGAGTC-1",0
"GTCACAACAGGTGGAT-1",1
"GTCACAAGTAAACGCG-1",3
"GTCACAATCAGGATCT-1",4
"GTCACAATCAGTTGAC-1",2
"GTCACAATCATGCATG-1",2
"GTCACGGAGATCACGG-1",1
"GTCACGGCATATACCG-1",0
"GTCACGGGTGAGTGAC-1",0
"GTCACGGGTGTGGCTC-1",1
"GTCACGGTCGAGAGCA-1",1
"GTCACGGTCTACCTGC-1",1
"GTCATTTAGAGACTAT-1",1
"GTCATTTCACGTGAGA-1",0
"GTCATTTGTAGAAGGA-1",1
"GTCATTTGTCAGATAA-1",0
"GTCATTTTCCAGAGGA-1",1
"GTCCTCAAGCCCAACC-1",1
"GTCCTCAAGTAGATGT-1",3
"GTCCTCAAGTGGGCTA-1",1
"GTCCTCACAATCACAC-1",0
"GTCCTCAGTGGAAAGA-1",0
"GTCCTCATCAAAGACA-1",1
"GTCCTCATCGTCCGTT-1",1
"GTCGGGTCACTGAAGG-1",3
"GTCGGGTCACTTCGAA-1",1
"GTCGGGTCATGAAGTA-1",2
"GTCGGGTGTCTCACCT-1",0
"GTCGGGTGTGTGACGA-1",0
"GTCGGGTGTGTGTGCC-1",2
"GTCGGGTGTTACGTCA-1",3
"GTCGGGTTCTGCTGTC-1",0
"GTCGGGTTCTGTGCAA-1",0
"GTCGTAAAGAGATGAG-1",3
"GTCGTAAAGCTGCAAG-1",3
"GTCGTAAAGGCGACAT-1",0
"GTCGTAACATCACGAT-1",1
"GTCGTAAGTATCACCA-1",4
"GTCGTAATCCAAGTAC-1",2
"GTCTCGTAGACCACGA-1",0
"GTCTCGTCAGGAACGT-1",0
"GTCTCGTGTGGTAACG-1",2
"GTCTCGTGTTTGGCGC-1",2
"GTCTCGTTCACCGGGT-1",1
"GTCTCGTTCAGTGCAT-1",0
"GTCTTCGAGACAAGCC-1",2
"GTCTTCGAGGAATGGA-1",1
"GTCTTCGAGTCAAGCG-1",0
"GTCTTCGCACATGGGA-1",2
"GTCTTCGCACCAGGTC-1",1
"GTCTTCGCAGACGCAA-1",2
"GTCTTCGCATAACCTG-1",0
"GTCTTCGCATCGATGT-1",0
"GTCTTCGGTCTAGTGT-1",0
"GTCTTCGTCTCGATGA-1",2
"GTGAAGGAGAGCTGGT-1",1
"GTGAAGGAGATCGGGT-1",3
"GTGAAGGAGCCAGTTT-1",0
"GTGAAGGAGTGTTGAA-1",0
"GTGAAGGCAAAGGCGT-1",2
"GTGAAGGCACTTAAGC-1",0
"GTGAAGGCAGATTGCT-1",0
"GTGAAGGGTATATGGA-1",1
"GTGAAGGGTCTCTCTG-1",4
"GTGAAGGTCTCCTATA-1",0
"GTGCAGCAGACATAAC-1",0
"GTGCAGCAGTGGTCCC-1",0
"GTGCAGCCACATCTTT-1",4
"GTGCAGCGTGAGTATA-1",0
"GTGCAGCTCTTAGAGC-1",1
"GTGCATAAGGCATGGT-1",1
"GTGCATAGTTTGTTGG-1",0
"GTGCATATCAGAGCTT-1",2
"GTGCATATCATCATTC-1",2
"GTGCATATCTGCGTAA-1",0
"GTGCGGTAGCAATCTC-1",0
"GTGCGGTAGGACAGAA-1",1
"GTGCGGTCAAAGGTGC-1",4
"GTGCGGTGTTCAGACT-1",0
"GTGCGGTGTTCTGTTT-1",1
"GTGCGGTTCATCTGCC-1",1
"GTGCGGTTCCAGGGCT-1",1
"GTGCGGTTCGGATGGA-1",2
"GTGCGGTTCTCGTTTA-1",3
"GTGCGGTTCTGCTGTC-1",1
"GTGCTTCAGCCAGTTT-1",0
"GTGCTTCAGGATTCGG-1",2
"GTGCTTCAGTACACCT-1",0
"GTGCTTCCACTTAACG-1",0
"GTGCTTCCAGCTATTG-1",1
"GTGCTTCGTAGAGTGC-1",2
"GTGCTTCTCACAATGC-1",1
"GTGCTTCTCACTTCAT-1",2
"GTGGGTCAGACCGGAT-1",2
"GTGGGTCAGACTGTAA-1",1
"GTGGGTCAGCCGTCGT-1",1
"GTGGGTCCACCAACCG-1",0
"GTGGGTCCACCACCAG-1",1
"GTGTGCGAGACCGGAT-1",2
"GTGTGCGAGACTTGAA-1",0
"GTGTGCGCAGGTCGTC-1",0
"GTGTGCGGTGAGCGAT-1",1
"GTGTGCGTCAGTCAGT-1",0
"GTGTGCGTCCCTTGTG-1",1
"GTGTGCGTCTAACTTC-1",1
"GTGTTAGAGCACGCCT-1",5
"GTGTTAGAGGACAGAA-1",2
"GTGTTAGAGGCATGGT-1",1
"GTGTTAGAGTGGAGAA-1",0
"GTGTTAGAGTTTGCGT-1",0
"GTGTTAGCAATGGAAT-1",0
"GTGTTAGCACCACCAG-1",3
"GTGTTAGGTGCCTGGT-1",1
"GTGTTAGGTGGAAAGA-1",0
"GTGTTAGGTTCCATGA-1",0
"GTGTTAGGTTGGGACA-1",1
"GTTAAGCAGAGCTGCA-1",2
"GTTAAGCAGATAGCAT-1",1
"GTTAAGCAGCTAACAA-1",1
"GTTAAGCAGGCTACGA-1",0
"GTTAAGCAGTGTACCT-1",2
"GTTAAGCAGTTTGCGT-1",0
"GTTAAGCCATTCACTT-1",0
"GTTAAGCGTACTCGCG-1",1
"GTTAAGCGTCTAGGTT-1",0
"GTTAAGCGTGGCAAAC-1",1
"GTTAAGCGTTGCTCCT-1",0
"GTTAAGCTCCTTTCGG-1",2
"GTTACAGAGAGCTATA-1",1
"GTTACAGAGTACGATA-1",1
"GTTACAGCAGACGCCT-1",1
"GTTACAGCATCGGTTA-1",1
"GTTACAGGTATGGTTC-1",0
"GTTACAGGTCGACTGC-1",1
"GTTACAGGTCTAGGTT-1",1
"GTTCATTAGCGATGAC-1",2
"GTTCATTCATATACGC-1",1
"GTTCATTCATTGGCGC-1",0
"GTTCATTGTGCACGAA-1",1
"GTTCATTGTGTTAAGA-1",0
"GTTCATTGTTCAGTAC-1",2
"GTTCGGGAGACGACGT-1",4
"GTTCGGGAGCTAAGAT-1",0
"GTTCGGGAGTGTCTCA-1",1
"GTTCGGGGTAGGGTAC-1",0
"GTTCGGGGTGCAGGTA-1",1
"GTTCGGGTCCACGCAG-1",1
"GTTCGGGTCTACTTAC-1",1
"GTTCTCGAGACCACGA-1",0
"GTTCTCGAGCGATGAC-1",2
"GTTCTCGAGGCCATAG-1",2
"GTTCTCGCATCGGACC-1",2
"GTTCTCGGTAAGGGAA-1",0
"GTTCTCGGTAGCGTAG-1",1
"GTTCTCGGTCCGTGAC-1",1
"GTTCTCGGTGTTAAGA-1",4
"GTTCTCGTCAACGCTA-1",0
"GTTCTCGTCCTGTACC-1",1
"GTTTCTACAAACCTAC-1",0
"GTTTCTACAAGAAAGG-1",3
"GTTTCTAGTGTTGGGA-1",0
"GTTTCTATCCCAACGG-1",1
"GTTTCTATCCGTAGTA-1",1
"GTTTCTATCGGCATCG-1",2
"TAAACCGGTACTTAGC-1",1
"TAAACCGTCACTCTTA-1",0
"TAAACCGTCAGGCGAA-1",1
"TAAACCGTCCGTTGTC-1",2
"TAAACCGTCTTCCTTC-1",0
"TAAGAGACAAGTTGTC-1",2
"TAAGAGAGTATATCCG-1",4
"TAAGAGATCAATCACG-1",1
"TAAGAGATCTAACGGT-1",2
"TAAGAGATCTTTCCTC-1",1
"TAAGCGTAGTGGACGT-1",1
"TAAGCGTAGTGTCTCA-1",0
"TAAGCGTCAGCTTCGG-1",0
"TAAGCGTCAGGTGGAT-1",2
"TAAGCGTGTCCTGCTT-1",1
"TAAGCGTGTGCCTGGT-1",1
"TAAGCGTGTTGTTTGG-1",0
"TAAGCGTTCCTCATTA-1",0
"TAAGCGTTCGGCGCAT-1",1
"TAAGCGTTCTCGCATC-1",2
"TAAGTGCAGGCTAGGT-1",1
"TAAGTGCAGTAGCGGT-1",1
"TAAGTGCCAACGCACC-1",1
"TAAGTGCCATACAGCT-1",0
"TAAGTGCGTAAACACA-1",0
"TAAGTGCGTCTCACCT-1",2
"TAAGTGCGTTCAGACT-1",2
"TAAGTGCTCACCCTCA-1",1
"TAAGTGCTCACTGGGC-1",0
"TAAGTGCTCTGGCGTG-1",1
"TACACGACACCCATTC-1",1
"TACACGAGTGATAAAC-1",1
"TACACGATCTGTCTCG-1",0
"TACAGTGAGATGCGAC-1",5
"TACAGTGAGCGTTGCC-1",1
"TACAGTGAGTGTACGG-1",0
"TACAGTGCAGGAATCG-1",0
"TACAGTGCAGGTGCCT-1",1
"TACAGTGGTACTCAAC-1",0
"TACAGTGGTTGGACCC-1",1
"TACCTATAGAGCTGGT-1",1
"TACCTATAGAGTTGGC-1",1
"TACCTATAGGCTCATT-1",1
"TACCTATAGTTAGCGG-1",1
"TACCTATCAAGCTGGA-1",2
"TACCTATGTAAATGAC-1",4
"TACCTATGTAGAGTGC-1",0
"TACCTATGTCACCTAA-1",1
"TACCTATGTGTTGAGG-1",2
"TACCTATGTTAAAGAC-1",1
"TACCTATTCTATGTGG-1",0
"TACCTATTCTTCCTTC-1",2
"TACCTTAAGAGGTTGC-1",0
"TACCTTAAGTCAAGCG-1",3
"TACCTTAAGTGGTCCC-1",0
"TACCTTACAACTGGCC-1",1
"TACCTTACAAGGGTCA-1",1
"TACCTTACACTCAGGC-1",1
"TACCTTACATCTACGA-1",2
"TACCTTAGTAGCGTCC-1",1
"TACCTTAGTCTCCACT-1",0
"TACGGATAGATGGCGT-1",0
"TACGGATAGGTACTCT-1",4
"TACGGATCAGGGATTG-1",1
"TACGGATCATCACCCT-1",2
"TACGGATGTCTAGCCG-1",0
"TACGGATTCGGTGTCG-1",1
"TACGGATTCTACTATC-1",0
"TACGGGCAGGATGCGT-1",1
"TACGGGCAGGGAACGG-1",2
"TACGGGCAGTATTGGA-1",2
"TACGGGCAGTCAAGCG-1",1
"TACGGGCCAAGAAGAG-1",0
"TACGGGCCACCAGATT-1",0
"TACGGGCCATCAGTAC-1",5
"TACGGGCGTAAGGGCT-1",3
"TACGGGCGTCTGATTG-1",0
"TACGGGCGTGATGTGG-1",2
"TACGGGCTCACCTTAT-1",0
"TACGGGCTCAGCTCTC-1",1
"TACGGGCTCCACGAAT-1",0
"TACGGGCTCCTATTCA-1",0
"TACGGGCTCGGTGTTA-1",1
"TACGGTAAGATATGGT-1",3
"TACGGTAAGCCGATTT-1",2
"TACGGTAAGTCATGCT-1",4
"TACGGTAAGTGCCATT-1",3
"TACGGTACACAGGCCT-1",2
"TACGGTACATTTCAGG-1",1
"TACGGTAGTATATCCG-1",0
"TACGGTAGTCACTTCC-1",1
"TACGGTAGTGCAGGTA-1",0
"TACGGTAGTGGGTATG-1",0
"TACGGTATCGCAGGCT-1",1
"TACGGTATCGGACAAG-1",0
"TACGGTATCGTTTATC-1",1
"TACTCATAGTCACGCC-1",1
"TACTCATCAATCTACG-1",2
"TACTCATCACGGTAGA-1",4
"TACTCATCACTTCTGC-1",0
"TACTCATCATCCGTGG-1",0
"TACTCATCATGTCGAT-1",0
"TACTCATGTACAGCAG-1",0
"TACTCATGTCTTCAAG-1",1
"TACTCATTCCTTTCTC-1",0
"TACTCGCAGGCGACAT-1",4
"TACTCGCGTCAGAAGC-1",0
"TACTCGCGTCTGATTG-1",2
"TACTCGCGTGTAACGG-1",0
"TACTCGCGTTGAGTTC-1",2
"TACTCGCTCAACGGGA-1",0
"TACTCGCTCCGAATGT-1",2
"TACTTACAGACTAGGC-1",0
"TACTTACAGCTGAACG-1",2
"TACTTACAGTACACCT-1",2
"TACTTACAGTACGCCC-1",1
"TACTTACAGTGATCGG-1",0
"TACTTACCAAGCCGTC-1",1
"TACTTACCACAGGTTT-1",1
"TACTTACTCGCGTTTC-1",2
"TACTTGTAGCGATATA-1",0
"TACTTGTAGTAATCCC-1",1
"TACTTGTCAAACAACA-1",1
"TACTTGTCATGCAACT-1",0
"TACTTGTGTAGCACGA-1",0
"TACTTGTGTATAAACG-1",2
"TACTTGTGTTCCACAA-1",0
"TACTTGTTCTGCAGTA-1",0
"TAGACCAAGAGACGAA-1",3
"TAGACCAAGCCTCGTG-1",2
"TAGACCAAGTCGATAA-1",2
"TAGACCACAACACCCG-1",0
"TAGACCAGTAGATTAG-1",1
"TAGACCAGTTCATGGT-1",0
"TAGACCATCACTTCAT-1",1
"TAGACCATCGTCACGG-1",1
"TAGACCATCTCCAGGG-1",2
"TAGAGCTAGAATTCCC-1",2
"TAGAGCTAGTATTGGA-1",1
"TAGAGCTCACTGAAGG-1",2
"TAGAGCTGTACTTGAC-1",0
"TAGAGCTGTAGGGACT-1",0
"TAGAGCTGTCTAAAGA-1",1
"TAGCCGGAGACTGGGT-1",0
"TAGCCGGAGTCCCACG-1",0
"TAGCCGGAGTGACATA-1",0
"TAGCCGGCAGCAGTTT-1",0
"TAGCCGGGTACAGTGG-1",4
"TAGCCGGGTACCATCA-1",2
"TAGCCGGGTCGCGAAA-1",7
"TAGCCGGTCACGACTA-1",1
"TAGCCGGTCCAGGGCT-1",0
"TAGGCATAGAACTGTA-1",0
"TAGGCATAGCTAGGCA-1",1
"TAGGCATAGTCGTACT-1",1
"TAGGCATAGTTTAGGA-1",1
"TAGGCATCAAGCCTAT-1",1
"TAGGCATCAGACGCAA-1",1
"TAGGCATGTACGAAAT-1",0
"TAGGCATGTCCAGTTA-1",0
"TAGGCATGTTCCACTC-1",0
"TAGGCATTCCCTAACC-1",3
"TAGGCATTCGCTAGCG-1",1
"TAGGCATTCGTAGATC-1",2
"TAGGCATTCTTCATGT-1",0
"TAGTGGTAGATCACGG-1",0
"TAGTGGTAGCTGTTCA-1",1
"TAGTGGTCAGTATAAG-1",2
"TAGTGGTGTAGCGTAG-1",0
"TAGTGGTTCAGCATGT-1",0
"TAGTGGTTCGGCGCAT-1",2
"TAGTGGTTCTCAAGTG-1",0
"TAGTGGTTCTGGGCCA-1",3
"TAGTGGTTCTTTAGTC-1",0
"TAGTTGGAGATAGGAG-1",0
"TAGTTGGCAGACGCAA-1",0
"TAGTTGGCATGCGCAC-1",6
"TAGTTGGGTATGGTTC-1",1
"TAGTTGGTCCGAATGT-1",0
"TAGTTGGTCTACTCAT-1",1
"TAGTTGGTCTCTAAGG-1",0
"TAGTTGGTCTGATACG-1",1
"TATCAGGAGAGTAAGG-1",1
"TATCAGGAGATCCGAG-1",2
"TATCAGGAGCAGATCG-1",1
"TATCAGGAGGTGCTTT-1",3
"TATCAGGCAACTTGAC-1",0
"TATCAGGCACGTTGGC-1",1
"TATCAGGGTCCGTTAA-1",2
"TATCAGGGTCTGCAAT-1",0
"TATCAGGGTTAAAGAC-1",1
"TATCAGGTCAAGATCC-1",3
"TATCAGGTCCACTCCA-1",0
"TATCAGGTCGTAGGTT-1",1
"TATCTCAAGAGTTGGC-1",0
"TATCTCAAGCCACCTG-1",2
"TATCTCAAGCGTAATA-1",1
"TATCTCAAGGCTAGCA-1",2
"TATCTCAAGTGGGCTA-1",1
"TATCTCACATGTCCTC-1",1
"TATCTCAGTAACGACG-1",3
"TATCTCAGTACCTACA-1",2
"TATCTCAGTACGACCC-1",4
"TATCTCAGTCAATGTC-1",1
"TATCTCATCAAGCCTA-1",0
"TATGCCCAGAAACCGC-1",2
"TATGCCCAGGTAGCTG-1",1
"TATGCCCCAATGGAAT-1",0
"TATGCCCCACTTAACG-1",1
"TATGCCCCATGTTCCC-1",1
"TATGCCCGTAGCCTCG-1",2
"TATGCCCGTATAGGGC-1",0
"TATGCCCGTATGAAAC-1",1
"TATGCCCGTCGCCATG-1",5
"TATGCCCGTGCCTTGG-1",0
"TATGCCCGTTAAGATG-1",0
"TATGCCCGTTGGTGGA-1",0
"TATGCCCGTTTAGGAA-1",0
"TATGCCCTCGTCTGCT-1",0
"TATTACCAGAGAGCTC-1",1
"TATTACCAGCAAATCA-1",1
"TATTACCAGCCCGAAA-1",0
"TATTACCAGTATCTCG-1",2
"TATTACCCAAAGTGCG-1",0
"TATTACCCAGACAAGC-1",1
"TATTACCCAGTCAGCC-1",1
"TATTACCCATAAAGGT-1",0
"TATTACCCATCTACGA-1",0
"TATTACCGTCCAGTAT-1",1
"TCAACGAAGCCGATTT-1",1
"TCAACGAAGCGATGAC-1",2
"TCAACGAAGGCATGTG-1",2
"TCAACGAAGTAGTGCG-1",3
"TCAACGACACCAGGCT-1",0
"TCAACGACATGCCTTC-1",3
"TCAACGAGTTACCAGT-1",0
"TCAACGAGTTCCATGA-1",0
"TCAACGAGTTCTGGTA-1",1
"TCAACGATCAGTCCCT-1",1
"TCAACGATCTGTGCAA-1",2
"TCAATCTAGATCCCGC-1",1
"TCAATCTCACAAGCCC-1",0
"TCAATCTCACAGCCCA-1",1
"TCAATCTCATGACGGA-1",0
"TCAATCTCATTTGCTT-1",1
"TCAATCTGTAGTGAAT-1",0
"TCAATCTGTTAGATGA-1",1
"TCAATCTTCAGATAAG-1",0
"TCAATCTTCATGTCCC-1",1
"TCACAAGAGACTGGGT-1",0
"TCACAAGAGAGAGCTC-1",2
"TCACAAGAGGCCCTCA-1",0
"TCACAAGAGGTGGGTT-1",0
"TCACAAGAGTAGATGT-1",0
"TCACAAGCAGTATGCT-1",3
"TCACAAGCATAACCTG-1",0
"TCACAAGCATGACATC-1",1
"TCACAAGGTCAGATAA-1",0
"TCACAAGGTGTGGTTT-1",2
"TCACAAGTCATCATTC-1",0
"TCACAAGTCATGCATG-1",1
"TCACGAAAGCTCCTTC-1",0
"TCACGAAAGGTGCTTT-1",1
"TCACGAAAGTCTCGGC-1",1
"TCACGAACACAAGACG-1",2
"TCACGAACACTGTCGG-1",1
"TCACGAAGTGGTCCGT-1",0
"TCACGAAGTTGGTGGA-1",0
"TCACGAATCATGCAAC-1",0
"TCACGAATCCCGACTT-1",0
"TCACGAATCCTCGCAT-1",0
"TCACGAATCGTCACGG-1",1
"TCAGATGAGGTGCACA-1",0
"TCAGATGGTCTTGTCC-1",1
"TCAGATGGTGCCTGCA-1",0
"TCAGATGGTGCTGTAT-1",0
"TCAGATGTCAGTTTGG-1",0
"TCAGATGTCGCATGAT-1",0
"TCAGATGTCTCCTATA-1",0
"TCAGCAAAGGAGTCTG-1",0
"TCAGCAAAGGCTCATT-1",1
"TCAGCAAAGTACGACG-1",0
"TCAGCAAAGTGGCACA-1",2
"TCAGCAACACGCATCG-1",2
"TCAGCAAGTACCGGCT-1",2
"TCAGCAATCAGCGATT-1",2
"TCAGCAATCGGAAACG-1",2
"TCAGCAATCTTCAACT-1",0
"TCAGCTCAGGTGTTAA-1",2
"TCAGCTCAGTATGACA-1",4
"TCAGCTCCAATCTGCA-1",0
"TCAGCTCCACGGTTTA-1",0
"TCAGCTCGTAATAGCA-1",0
"TCAGCTCGTCCGTCAG-1",1
"TCAGCTCGTTCACGGC-1",3
"TCAGCTCTCACGATGT-1",0
"TCAGCTCTCATGCATG-1",0
"TCAGCTCTCCTAAGTG-1",3
"TCAGCTCTCTCGTATT-1",1
"TCAGGATAGACAGAGA-1",1
"TCAGGATAGATATGGT-1",1
"TCAGGATCAAACGTGG-1",2
"TCAGGATCAAGTTCTG-1",4
"TCAGGATCACGGTGTC-1",1
"TCAGGATCACTGTGTA-1",1
"TCAGGATCAGCATACT-1",2
"TCAGGATCATCTGGTA-1",3
"TCAGGATGTAAGCACG-1",0
"TCAGGATGTGGCCCTA-1",1
"TCAGGATTCCGATATG-1",1
"TCAGGATTCTCGATGA-1",0
"TCAGGTAAGATGGCGT-1",0
"TCAGGTAAGTGTTTGC-1",3
"TCAGGTACACAAGTAA-1",1
"TCAGGTACACAGAGGT-1",4
"TCAGGTACAGCTGCTG-1",1
"TCAGGTAGTAAACGCG-1",1
"TCATTACAGAAACCAT-1",3
"TCATTACAGGAGTTGC-1",0
"TCATTACAGTTGCAGG-1",4
"TCATTACCACATCCAA-1",1
"TCATTACCAGTCAGCC-1",2
"TCATTACGTACGCACC-1",2
"TCATTACGTCTAGAGG-1",1
"TCATTACGTGAAGGCT-1",1
"TCATTACGTTCTGTTT-1",0
"TCATTACTCATCGATG-1",1
"TCATTTGAGCCAGTTT-1",0
"TCATTTGCACGTCTCT-1",2
"TCATTTGCAGTTAACC-1",0
"TCATTTGTCCAGAGGA-1",0
"TCATTTGTCCCTTGCA-1",0
"TCATTTGTCCGTCAAA-1",1
"TCATTTGTCGCTAGCG-1",2
"TCATTTGTCGTACGGC-1",0
"TCATTTGTCTCTGCTG-1",0
"TCCACACCAAAGAATC-1",2
"TCCACACCACGCCAGT-1",1
"TCCACACGTACAGCAG-1",2
"TCCACACGTAGCCTAT-1",1
"TCCACACGTCATCGGC-1",0
"TCCACACGTGACCAAG-1",0
"TCCACACGTGCGAAAC-1",1
"TCCACACTCAACACCA-1",0
"TCCACACTCCAGTATG-1",2
"TCCACACTCCCATTTA-1",1
"TCCACACTCGAACTGT-1",0
"TCCCGATAGAAGAAGC-1",0
"TCCCGATAGCACAGGT-1",1
"TCCCGATAGCCGGTAA-1",0
"TCCCGATCAAGGTTCT-1",0
"TCCCGATCAGCCAATT-1",2
"TCCCGATCATCCAACA-1",3
"TCCCGATGTAAGGATT-1",1
"TCCCGATGTCAATACC-1",0
"TCCCGATTCAGAAATG-1",0
"TCCCGATTCAGTCCCT-1",0
"TCCCGATTCATCTGTT-1",0
"TCCCGATTCCCTAATT-1",0
"TCCCGATTCTGGAGCC-1",1
"TCGAGGCAGCGATGAC-1",0
"TCGAGGCAGTGTTTGC-1",1
"TCGAGGCCAAAGAATC-1",5
"TCGAGGCCAAGTTCTG-1",1
"TCGAGGCCAGTAACGG-1",4
"TCGAGGCGTATATCCG-1",0
"TCGAGGCTCGCAAGCC-1",0
"TCGAGGCTCTTGAGAC-1",2
"TCGAGGCTCTTTCCTC-1",0
"TCGCGAGAGACAAAGG-1",1
"TCGCGAGAGTGAATTG-1",0
"TCGCGAGCAAGCGTAG-1",1
"TCGCGAGCACCGAATT-1",3
"TCGCGAGCAGTAAGAT-1",2
"TCGCGAGTCCACGAAT-1",1
"TCGCGAGTCTAGCACA-1",1
"TCGCGAGTCTCTAGGA-1",2
"TCGCGAGTCTTCATGT-1",3
"TCGCGTTAGTGGGCTA-1",2
"TCGCGTTCACAGGCCT-1",1
"TCGCGTTCATCACAAC-1",0
"TCGCGTTCATCTCGCT-1",2
"TCGCGTTGTTCACCTC-1",0
"TCGCGTTTCAAGATCC-1",1
"TCGCGTTTCAGGTAAA-1",0
"TCGCGTTTCATTCACT-1",2
"TCGCGTTTCCTGTACC-1",0
"TCGCGTTTCGCCCTTA-1",0
"TCGGGACCACACATGT-1",2
"TCGGGACTCCTTGCCA-1",0
"TCGGGACTCTGCGGCA-1",0
"TCGGGACTCTTGTCAT-1",1
"TCGGTAAAGACAGGCT-1",0
"TCGGTAAAGCTCAACT-1",3
"TCGGTAACAAGCTGAG-1",1
"TCGGTAACAGGAATGC-1",0
"TCGGTAAGTATATGGA-1",0
"TCGGTAAGTCTAGTCA-1",0
"TCGGTAATCCCGGATG-1",1
"TCGTACCAGCAGGCTA-1",2
"TCGTACCAGTTTCCTT-1",1
"TCGTACCGTTTGCATG-1",0
"TCGTACCTCGGGAGTA-1",0
"TCGTAGAAGCTAACTC-1",0
"TCGTAGAAGGCGACAT-1",2
"TCGTAGAAGGGAACGG-1",0
"TCGTAGAAGTCCATAC-1",0
"TCGTAGACAATCCAAC-1",1
"TCGTAGACACTCAGGC-1",1
"TCGTAGAGTATGAATG-1",0
"TCGTAGAGTGAGCGAT-1",0
"TCGTAGAGTGTGTGCC-1",0
"TCGTAGAGTTCAACCA-1",0
"TCGTAGAGTTCCATGA-1",3
"TCGTAGATCCAAGCCG-1",0
"TCGTAGATCTTAGCCC-1",0
"TCTATTGAGCGATTCT-1",1
"TCTATTGAGTGCCATT-1",0
"TCTATTGCACATCTTT-1",0
"TCTATTGGTAAGTGTA-1",0
"TCTATTGGTCCAACTA-1",1
"TCTATTGGTCTGCCAG-1",0
"TCTATTGGTTGCTCCT-1",0
"TCTATTGTCGGCGCTA-1",2
"TCTCATAAGCTAAACA-1",4
"TCTCATAAGCTAGTCT-1",0
"TCTCATAAGTGCCATT-1",1
"TCTCATAGTACCGGCT-1",2
"TCTCATAGTGTAAGTA-1",0
"TCTCATATCAAGCCTA-1",1
"TCTCATATCACCTTAT-1",1
"TCTCATATCCTGTACC-1",0
"TCTCTAAAGACCGGAT-1",0
"TCTCTAAAGGGTGTTG-1",0
"TCTCTAACAGCCTATA-1",0
"TCTCTAAGTCCAGTAT-1",2
"TCTCTAAGTCCATGAT-1",1
"TCTCTAAGTCTCATCC-1",1
"TCTCTAAGTGGAAAGA-1",1
"TCTCTAATCAAACCAC-1",0
"TCTCTAATCAACGCTA-1",0
"TCTCTAATCACAGGCC-1",0
"TCTCTAATCACATACG-1",1
"TCTCTAATCCGTAGGC-1",2
"TCTCTAATCGTATCAG-1",3
"TCTGAGACAAACCTAC-1",7
"TCTGAGACACGGATAG-1",3
"TCTGAGACAGAGTGTG-1",1
"TCTGAGAGTAAGGGAA-1",0
"TCTGAGATCCTTGACC-1",1
"TCTGAGATCTATCCTA-1",1
"TCTGGAAAGCGATGAC-1",0
"TCTGGAAAGCTAGTTC-1",1
"TCTGGAAAGCTCTCGG-1",3
"TCTGGAAAGGAGCGAG-1",0
"TCTGGAACACAAGACG-1",1
"TCTGGAACACACTGCG-1",2
"TCTGGAACACTTCTGC-1",3
"TCTGGAAGTGAGTATA-1",0
"TCTGGAATCTGTCTAT-1",2
"TCTTCGGAGGTTCCTA-1",1
"TCTTCGGAGTTCGATC-1",1
"TCTTCGGCAAAGCAAT-1",2
"TCTTCGGCAAAGGTGC-1",1
"TCTTCGGCAATAGCAA-1",2
"TCTTCGGCAATGTAAG-1",4
"TCTTCGGCACACCGAC-1",2
"TCTTCGGCAGCCAATT-1",4
"TCTTCGGGTCATTAGC-1",1
"TCTTCGGTCGTAGGTT-1",1
"TCTTCGGTCTCTAAGG-1",0
"TCTTTCCAGAGAGCTC-1",0
"TCTTTCCAGTCATCCA-1",2
"TCTTTCCCATCTCCCA-1",2
"TCTTTCCGTAATCACC-1",1
"TCTTTCCGTAGTACCT-1",1
"TCTTTCCTCACAACGT-1",0
"TCTTTCCTCAGCTGGC-1",1
"TCTTTCCTCCAAGTAC-1",0
"TCTTTCCTCCTCGCAT-1",3
"TGAAAGAAGCTAAGAT-1",2
"TGAAAGACAAGCCGTC-1",0
"TGAAAGACACATTCGA-1",1
"TGAAAGACATGAGCGA-1",7
"TGAAAGAGTCTAGCGC-1",0
"TGAAAGAGTCTCATCC-1",2
"TGAAAGATCCCGACTT-1",1
"TGAAAGATCTATGTGG-1",4
"TGACAACCAAGCGAGT-1",1
"TGACAACGTAGGGACT-1",2
"TGACAACGTGCGCTTG-1",2
"TGACAACGTGGTTTCA-1",0
"TGACAACTCACAAACC-1",1
"TGACAACTCCACGTGG-1",0
"TGACAACTCGAATGCT-1",2
"TGACGGCAGCGCCTCA-1",3
"TGACGGCAGGCTCAGA-1",2
"TGACGGCAGTCAAGCG-1",0
"TGACGGCCACAGACTT-1",0
"TGACGGCGTCATCCCT-1",1
"TGACGGCTCAGGCGAA-1",1
"TGACGGCTCCACTGGG-1",0
"TGACTAGAGACCCACC-1",1
"TGACTAGAGGGCATGT-1",1
"TGACTAGAGTCTCAAC-1",0
"TGACTAGAGTTGAGAT-1",0
"TGACTAGCAGCATACT-1",2
"TGACTAGCAGTCAGAG-1",0
"TGACTAGCATTTCACT-1",0
"TGACTAGGTAAATACG-1",2
"TGACTAGGTGAAAGAG-1",2
"TGACTAGGTGCAGTAG-1",3
"TGACTAGTCATGCATG-1",1
"TGACTAGTCCATGCTC-1",1
"TGACTAGTCTGTTGAG-1",0
"TGACTTTAGAACAATC-1",0
"TGACTTTAGTCTCGGC-1",0
"TGACTTTAGTTAGGTA-1",0
"TGACTTTCAGTCCTTC-1",1
"TGACTTTCATTATCTC-1",0
"TGACTTTGTCACACGC-1",3
"TGACTTTTCCTCAATT-1",0
"TGACTTTTCTGCCCTA-1",1
"TGAGAGGAGGCTCATT-1",0
"TGAGAGGCAAAGTCAA-1",2
"TGAGAGGCAAGCCATT-1",0
"TGAGAGGCACCATGTA-1",1
"TGAGAGGGTCACTGGC-1",0
"TGAGAGGGTCTAAACC-1",0
"TGAGAGGTCGAACTGT-1",1
"TGAGAGGTCGCGTTTC-1",1
"TGAGAGGTCTGACCTC-1",0
"TGAGCATAGAAACGAG-1",1
"TGAGCATAGAAGCCCA-1",0
"TGAGCATAGATGTCGG-1",1
"TGAGCATAGGAATGGA-1",2
"TGAGCATCACCAGGCT-1",0
"TGAGCATCAGATGAGC-1",0
"TGAGCATCAGCGTAAG-1",2
"TGAGCATCAGCTGTAT-1",2
"TGAGCATGTGGCCCTA-1",4
"TGAGCATTCCACGTTC-1",3
"TGAGCATTCCGATATG-1",1
"TGAGCATTCGGCCGAT-1",1
"TGAGCCGCATCGGGTC-1",1
"TGAGCCGGTCGAACAG-1",0
"TGAGCCGGTGTAATGA-1",1
"TGAGCCGGTTGATTCG-1",0
"TGAGCCGTCATCTGCC-1",1
"TGAGCCGTCGTCACGG-1",1
"TGAGCCGTCTTGAGGT-1",2
"TGAGGGAAGAGACTAT-1",1
"TGAGGGAAGGAGTACC-1",2
"TGAGGGAAGTCATCCA-1",1
"TGAGGGAAGTCATGCT-1",2
"TGAGGGACACCAGTTA-1",1
"TGAGGGACATAAGACA-1",4
"TGAGGGAGTAAACGCG-1",3
"TGAGGGAGTTAGGGTG-1",1
"TGAGGGATCAACGGGA-1",1
"TGAGGGATCTAGCACA-1",0
"TGAGGGATCTCTTATG-1",1
"TGATTTCCATCCGGGT-1",0
"TGATTTCGTAGGCATG-1",1
"TGATTTCGTTAAGACA-1",0
"TGATTTCTCTGATTCT-1",0
"TGCACCTAGACCTTTG-1",2
"TGCACCTAGGACGAAA-1",1
"TGCACCTCAAGTTGTC-1",2
"TGCACCTCAATAGAGT-1",4
"TGCACCTCATCCGGGT-1",1
"TGCACCTGTAATCACC-1",0
"TGCACCTGTCACACGC-1",0
"TGCACCTTCACGGTTA-1",1
"TGCACCTTCATCGGAT-1",2
"TGCACCTTCCGCGGTA-1",1
"TGCACCTTCGAACTGT-1",0
"TGCACCTTCTCTTGAT-1",0
"TGCCAAACAATGTAAG-1",1
"TGCCAAACAATTCCTT-1",1
"TGCCAAAGTTCGCGAC-1",0
"TGCCAAATCCAAACTG-1",8
"TGCCAAATCCCTGACT-1",0
"TGCCAAATCGGCGGTT-1",2
"TGCCCATAGACTAGGC-1",1
"TGCCCATAGCGTCAAG-1",1
"TGCCCATAGCGTGAAC-1",2
"TGCCCATAGCTGTTCA-1",0
"TGCCCATAGGATGGAA-1",1
"TGCCCATAGTACGCCC-1",2
"TGCCCATAGTTGAGTA-1",0
"TGCCCATCACCAGGTC-1",1
"TGCCCATCACGAAATA-1",0
"TGCCCATCAGGACGTA-1",0
"TGCCCATCATGGAATA-1",1
"TGCCCATCATGGATGG-1",1
"TGCCCATGTAGCCTCG-1",1
"TGCCCATTCAAACCGT-1",0
"TGCCCATTCAGGCCCA-1",0
"TGCCCATTCCTTCAAT-1",2
"TGCCCATTCGGAAATA-1",0
"TGCCCTAAGGTCGGAT-1",0
"TGCCCTAAGGTTCCTA-1",0
"TGCCCTACACCACCAG-1",1
"TGCCCTACAGCCACCA-1",2
"TGCCCTACAGTGAGTG-1",1
"TGCCCTAGTCCGAGTC-1",1
"TGCCCTAGTGGTTTCA-1",0
"TGCCCTAGTTTCGCTC-1",1
"TGCCCTATCGACGGAA-1",0
"TGCCCTATCTTCGGTC-1",0
"TGCGCAGAGACTAGGC-1",0
"TGCGCAGAGCACACAG-1",3
"TGCGCAGAGCGTCTAT-1",2
"TGCGCAGAGGAGCGAG-1",2
"TGCGCAGCAAACGTGG-1",2
"TGCGCAGCAGCTCGCA-1",1
"TGCGCAGCAGTAGAGC-1",2
"TGCGCAGTCCTACAGA-1",1
"TGCGGGTAGAGACTTA-1",0
"TGCGGGTAGATCGATA-1",3
"TGCGGGTAGCTCTCGG-1",1
"TGCGGGTAGGTGTGGT-1",3
"TGCGGGTAGTACTTGC-1",0
"TGCGGGTCAATGGAAT-1",1
"TGCGGGTCACACGCTG-1",0
"TGCGGGTCATTGGGCC-1",0
"TGCGGGTGTAGAAAGG-1",2
"TGCGGGTGTCACCTAA-1",1
"TGCGGGTGTCAGATAA-1",0
"TGCGGGTGTTAGAACA-1",2
"TGCGGGTTCAGTTCGA-1",1
"TGCGGGTTCGTAGATC-1",1
"TGCGGGTTCTCTTGAT-1",2
"TGCGTGGAGACGCAAC-1",0
"TGCGTGGAGACTGGGT-1",0
"TGCGTGGAGTGAACGC-1",0
"TGCGTGGCAATTCCTT-1",0
"TGCGTGGGTGCACCAC-1",1
"TGCGTGGTCCGCGCAA-1",1
"TGCGTGGTCGCCCTTA-1",0
"TGCGTGGTCTGGCGAC-1",2
"TGCTACCAGAAAGTGG-1",1
"TGCTACCAGATGGCGT-1",2
"TGCTACCAGCAAATCA-1",1
"TGCTACCAGTCCGTAT-1",0
"TGCTACCCAAGAGGCT-1",1
"TGCTACCCACTTAACG-1",2
"TGCTACCCATCGTCGG-1",0
"TGCTACCCATGGTTGT-1",3
"TGCTACCGTGTGACGA-1",1
"TGCTACCTCCTCGCAT-1",0
"TGCTACCTCTTCTGGC-1",0
"TGCTGCTAGACTAAGT-1",0
"TGCTGCTAGGTGATAT-1",1
"TGCTGCTCAATAGAGT-1",0
"TGCTGCTCACAGACAG-1",3
"TGCTGCTCATCCCATC-1",1
"TGCTGCTCATGGTTGT-1",1
"TGCTGCTGTCATACTG-1",0
"TGCTGCTGTGAAGGCT-1",0
"TGCTGCTTCATTGCGA-1",0
"TGGACGCAGAGGTACC-1",0
"TGGACGCAGTCAAGGC-1",0
"TGGACGCCACAGAGGT-1",3
"TGGACGCCATGGTAGG-1",1
"TGGACGCGTCCGAACC-1",1
"TGGACGCGTCTCCCTA-1",1
"TGGCCAGAGAAGGTGA-1",0
"TGGCCAGAGAGTACAT-1",1
"TGGCCAGAGGCGATAC-1",0
"TGGCCAGAGGCGTACA-1",0
"TGGCCAGCAACTGCGC-1",2
"TGGCCAGCACGACTCG-1",0
"TGGCCAGGTCAATACC-1",0
"TGGCCAGTCGTAGATC-1",1
"TGGCCAGTCTATCCCG-1",1
"TGGCGCAAGCTACCTA-1",0
"TGGCGCAAGCTATGCT-1",0
"TGGCGCAAGTGTGGCA-1",1
"TGGCGCAAGTTACCCA-1",2
"TGGCGCACACAGGCCT-1",1
"TGGCGCACACGGATAG-1",1
"TGGCGCACAGCGATCC-1",1
"TGGCGCACATAGGATA-1",1
"TGGCGCACATATACGC-1",2
"TGGCGCAGTACTCTCC-1",0
"TGGCGCAGTGGACGAT-1",3
"TGGCGCAGTTATGTGC-1",1
"TGGCGCATCAAGAAGT-1",1
"TGGCGCATCATGCTCC-1",1
"TGGCGCATCATGTGGT-1",0
"TGGCGCATCATTATCC-1",1
"TGGCGCATCGTGGTCG-1",0
"TGGCTGGAGCGGATCA-1",0
"TGGCTGGAGTGCAAGC-1",0
"TGGCTGGCAAGTTAAG-1",0
"TGGCTGGCACGGATAG-1",0
"TGGCTGGCAGGAACGT-1",0
"TGGCTGGGTCGAGTTT-1",1
"TGGCTGGGTCGGCATC-1",0
"TGGCTGGGTCTAGCCG-1",3
"TGGCTGGGTTACGCGC-1",1
"TGGCTGGGTTGGACCC-1",0
"TGGCTGGTCTCGTTTA-1",0
"TGGGAAGAGATATACG-1",2
"TGGGAAGAGCCCAATT-1",0
"TGGGAAGAGCGCTCCA-1",0
"TGGGAAGAGGGCTTCC-1",0
"TGGGAAGAGTAAGTAC-1",12
"TGGGAAGAGTTAACGA-1",2
"TGGGAAGCAAGGTGTG-1",0
"TGGGAAGCAGATCCAT-1",1
"TGGGAAGCAGCGAACA-1",0
"TGGGAAGGTAAGTTCC-1",0
"TGGGAAGGTTAGATGA-1",1
"TGGGAAGGTTATTCTC-1",0
"TGGGAAGTCCCAAGAT-1",0
"TGGGAAGTCCTTCAAT-1",1
"TGGGAAGTCGTGGACC-1",0
"TGGGAAGTCTCCTATA-1",1
"TGGGCGTAGTCTCCTC-1",1
"TGGGCGTCAGACGTAG-1",0
"TGGGCGTCAGGGATTG-1",1
"TGGGCGTGTCCAAGTT-1",1
"TGGGCGTGTCTAGAGG-1",1
"TGGGCGTGTGGCTCCA-1",0
"TGGGCGTGTTTCGCTC-1",0
"TGGGCGTTCAGCTTAG-1",1
"TGGTTAGAGCTACCTA-1",0
"TGGTTAGAGTTAGGTA-1",0
"TGGTTAGGTGATGATA-1",0
"TGGTTAGGTTCACGGC-1",2
"TGGTTAGTCCCGACTT-1",2
"TGGTTAGTCTTGTATC-1",2
"TGGTTCCAGCCGTCGT-1",0
"TGGTTCCAGTAATCCC-1",1
"TGGTTCCCAAGTTGTC-1",0
"TGGTTCCCAGACAAAT-1",1
"TGGTTCCCAGACAGGT-1",0
"TGGTTCCCAGCTCGAC-1",2
"TGGTTCCCATGTCCTC-1",1
"TGGTTCCCATTTCACT-1",1
"TGGTTCCGTCCAAGTT-1",1
"TGGTTCCTCACATACG-1",0
"TGGTTCCTCAGCTTAG-1",2
"TGGTTCCTCTAACTTC-1",0
"TGGTTCCTCTAGAGTC-1",0
"TGGTTCCTCTGGGCCA-1",0
"TGTATTCAGCCCGAAA-1",1
"TGTATTCAGCGATCCC-1",3
"TGTATTCCAGGGCATA-1",1
"TGTATTCGTAAGAGAG-1",2
"TGTATTCGTTTGTTTC-1",1
"TGTATTCTCAGCATGT-1",1
"TGTATTCTCATCTGTT-1",1
"TGTCCCAAGCAGATCG-1",1
"TGTCCCAAGCTAGTTC-1",1
"TGTCCCAAGCTGAACG-1",2
"TGTCCCAAGTTGTCGT-1",1
"TGTCCCACAGTAAGCG-1",0
"TGTCCCACATCACGTA-1",0
"TGTCCCAGTAAGAGGA-1",3
"TGTCCCAGTAAGTGGC-1",1
"TGTCCCAGTCGGATCC-1",2
"TGTCCCAGTCTCTTTA-1",1
"TGTCCCATCATTTGGG-1",1
"TGTCCCATCTGCAAGT-1",3
"TGTCCCATCTGCGTAA-1",2
"TGTGGTAGTCCCGACA-1",0
"TGTGGTAGTGTGAAAT-1",3
"TGTGGTAGTGTGACGA-1",2
"TGTGGTATCCAGGGCT-1",0
"TGTGGTATCTTGCATT-1",1
"TGTGTTTAGAGGTTAT-1",1
"TGTGTTTAGCGTGAGT-1",2
"TGTGTTTAGTGCGTGA-1",1
"TGTGTTTCATGCGCAC-1",0
"TGTGTTTTCTCATTCA-1",0
"TGTGTTTTCTTTCCTC-1",2
"TGTTCCGAGAGCAATT-1",0
"TGTTCCGAGCAACGGT-1",0
"TGTTCCGAGGAATTAC-1",0
"TGTTCCGAGGACTGGT-1",0
"TGTTCCGCAGTGAGTG-1",0
"TGTTCCGGTGAGTATA-1",1
"TGTTCCGTCAAGCCTA-1",2
"TGTTCCGTCAGTTCGA-1",3
"TGTTCCGTCGGCGGTT-1",3
"TGTTCCGTCTGAAAGA-1",0
"TGTTCCGTCTGGTATG-1",0
"TTAACTCAGTGTACGG-1",1
"TTAACTCCAAGCGCTC-1",0
"TTAACTCCAGGCAGTA-1",0
"TTAACTCGTTCCACAA-1",0
"TTAACTCTCATAAAGG-1",1
"TTAACTCTCCCTCAGT-1",1
"TTAGGACAGCAGGCTA-1",0
"TTAGGACAGCTCTCGG-1",3
"TTAGGACCAAGCCATT-1",1
"TTAGGACCAGTCAGAG-1",0
"TTAGGACGTTTGTTTC-1",1
"TTAGGCAAGAAGATTC-1",2
"TTAGGCAAGAGCCCAA-1",2
"TTAGGCAAGAGTGACC-1",0
"TTAGGCAAGGTTCCTA-1",2
"TTAGGCAAGTCGTTTG-1",1
"TTAGGCAAGTGTACCT-1",0
"TTAGGCACAGACGCTC-1",0
"TTAGGCACATGTTCCC-1",0
"TTAGGCAGTAAGGATT-1",0
"TTAGGCAGTAAGTAGT-1",2
"TTAGGCAGTCTTGATG-1",1
"TTAGGCATCACGCATA-1",1
"TTAGGCATCAGTCAGT-1",0
"TTAGGCATCCAGTATG-1",0
"TTAGGCATCGTTACGA-1",1
"TTAGTTCAGGTGCAAC-1",1
"TTAGTTCCAATGTAAG-1",0
"TTAGTTCCATCCTTGC-1",1
"TTAGTTCGTAGCCTAT-1",5
"TTAGTTCGTGCAGACA-1",1
"TTAGTTCGTGTCAATC-1",2
"TTAGTTCGTTGCCTCT-1",1
"TTAGTTCTCAGGCCCA-1",2
"TTAGTTCTCGCAGGCT-1",2
"TTAGTTCTCTACTATC-1",0
"TTATGCTAGAATGTGT-1",0
"TTATGCTAGCACACAG-1",2
"TTATGCTAGCAGCCTC-1",3
"TTATGCTAGTCCCACG-1",0
"TTATGCTAGTGGTAAT-1",0
"TTATGCTCAGCCAGAA-1",0
"TTATGCTCATACCATG-1",1
"TTATGCTCATGTAGTC-1",0
"TTATGCTGTCCGAGTC-1",1
"TTATGCTTCGATAGAA-1",0
"TTCCCAGAGAATTCCC-1",2
"TTCCCAGAGACTAGAT-1",0
"TTCCCAGAGTATCGAA-1",3
"TTCCCAGCAGATGGGT-1",1
"TTCCCAGCATCAGTAC-1",1
"TTCCCAGCATCTCCCA-1",0
"TTCCCAGCATTACCTT-1",0
"TTCCCAGTCAACACTG-1",0
"TTCCCAGTCGAGAGCA-1",1
"TTCGAAGAGTCTCAAC-1",1
"TTCGAAGCAAGCGCTC-1",2
"TTCGAAGCACATTAGC-1",1
"TTCGAAGCACGGTGTC-1",0
"TTCGGTCAGAGGACGG-1",1
"TTCGGTCAGCACACAG-1",1
"TTCGGTCAGGCCCTCA-1",1
"TTCGGTCAGTGAATTG-1",0
"TTCGGTCAGTTGAGAT-1",4
"TTCGGTCCAAGGGTCA-1",4
"TTCGGTCCACGTCAGC-1",2
"TTCGGTCGTAACGTTC-1",0
"TTCGGTCGTAGAGTGC-1",3
"TTCGGTCGTTCATGGT-1",0
"TTCGGTCGTTCTGTTT-1",1
"TTCGGTCTCAAAGACA-1",1
"TTCGGTCTCCAGTATG-1",2
"TTCGGTCTCGCGTTTC-1",1
"TTCGGTCTCGTCTGAA-1",0
"TTCTACAAGACTAAGT-1",4
"TTCTACAAGCAGCCTC-1",1
"TTCTACAAGCCTTGAT-1",0
"TTCTACAAGGCAGGTT-1",1
"TTCTACAAGGTAAACT-1",0
"TTCTACAAGTTAGGTA-1",1
"TTCTACACACGTGAGA-1",1
"TTCTACACAGCTGTTA-1",2
"TTCTACACATCGATTG-1",1
"TTCTACACATTACGAC-1",1
"TTCTACAGTACCGTTA-1",1
"TTCTACAGTATATGAG-1",1
"TTCTACAGTGGCTCCA-1",0
"TTCTACATCAACGGGA-1",0
"TTCTACATCCGCGTTT-1",1
"TTCTCAAAGAAAGTGG-1",2
"TTCTCAAAGAATCTCC-1",3
"TTCTCAAAGAGGTTAT-1",1
"TTCTCAAAGCAGCCTC-1",2
"TTCTCAAAGCCGCCTA-1",1
"TTCTCAAAGTCAATAG-1",0
"TTCTCAAAGTTGAGAT-1",1
"TTCTCAACACCCAGTG-1",1
"TTCTCAACATTGTGCA-1",2
"TTCTCAAGTATAAACG-1",0
"TTCTCAAGTCCCTTGT-1",1
"TTCTCAAGTCGAGATG-1",2
"TTCTCAATCATCGCTC-1",2
"TTCTCAATCCCTAACC-1",3
"TTCTCAATCGTAGGAG-1",0
"TTCTCCTAGAGTAAGG-1",0
"TTCTCCTAGCGACGTA-1",0
"TTCTCCTAGCGTGAGT-1",4
"TTCTCCTAGTCTCGGC-1",0
"TTCTCCTCAACACGCC-1",1
"TTCTCCTCAATAACGA-1",1
"TTCTCCTGTTAAGAAC-1",1
"TTCTCCTTCAGTTCGA-1",2
"TTCTCCTTCCGTAGGC-1",3
"TTCTCCTTCCTTTCTC-1",2
"TTCTCCTTCTGCAAGT-1",0
"TTCTCCTTCTTCAACT-1",0
"TTCTCCTTCTTGTACT-1",1
"TTCTTAGAGGACTGGT-1",0
"TTCTTAGCAAGGTGTG-1",0
"TTCTTAGCATCGGAAG-1",2
"TTCTTAGGTAGAAGGA-1",0
"TTCTTAGGTCATATGC-1",0
"TTCTTAGTCAGTTCGA-1",0
"TTGAACGGTCACTTCC-1",1
"TTGAACGTCATGTCCC-1",0
"TTGACTTAGCCACGTC-1",1
"TTGACTTAGCGACGTA-1",2
"TTGACTTAGTTAACGA-1",0
"TTGACTTCACTTACGA-1",3
"TTGACTTGTCTCTCTG-1",1
"TTGACTTGTGCGATAG-1",3
"TTGACTTTCCAGAGGA-1",1
"TTGACTTTCTGTCCGT-1",1
"TTGCCGTAGGAGCGTT-1",1
"TTGCCGTAGGTGGGTT-1",2
"TTGCCGTCATGGTCAT-1",1
"TTGCCGTGTACAGACG-1",1
"TTGCGTCAGACAGAGA-1",0
"TTGCGTCAGCTCCTTC-1",0
"TTGCGTCAGTCCATAC-1",1
"TTGCGTCAGTGAATTG-1",0
"TTGCGTCCAAATTGCC-1",0
"TTGCGTCCACTGTGTA-1",1
"TTGCGTCCAGTCACTA-1",1
"TTGCGTCGTCTGATTG-1",1
"TTGGAACAGCCCAATT-1",3
"TTGGAACAGCGTCTAT-1",4
"TTGGAACAGGCGTACA-1",0
"TTGGAACGTATTACCG-1",1
"TTGGAACGTGTGTGCC-1",1
"TTGGAACTCCCATTAT-1",0
"TTGGAACTCCGTAGTA-1",0
"TTGGAACTCGTCCAGG-1",0
"TTGGCAAAGTTAGGTA-1",0
"TTGGCAAGTATAGGTA-1",2
"TTGGCAATCACATGCA-1",2
"TTGGCAATCAGAGCTT-1",1
"TTGGCAATCGCATGAT-1",0
"TTGGCAATCTAGAGTC-1",1
"TTGTAGGAGGTGCTAG-1",0
"TTGTAGGCACACGCTG-1",2
"TTGTAGGGTCTCCCTA-1",1
"TTGTAGGGTGGTAACG-1",1
"TTGTAGGTCGGCGCTA-1",0
"TTGTAGGTCTGCCAGG-1",0
"TTTACTGAGATCACGG-1",1
"TTTACTGCAAAGCAAT-1",2
"TTTACTGCACATGGGA-1",0
"TTTACTGCACCACGTG-1",0
"TTTACTGCATGGGACA-1",0
"TTTACTGCATGTCCTC-1",1
"TTTACTGGTAACGTTC-1",1
"TTTACTGGTGGTGTAG-1",1
"TTTACTGGTTCGCTAA-1",0
"TTTACTGTCTGGAGCC-1",1
"TTTATGCAGACTGTAA-1",0
"TTTATGCAGATGCGAC-1",1
"TTTATGCAGGCAAAGA-1",0
"TTTATGCAGGCCCGTT-1",3
"TTTATGCAGTTCCACA-1",1
"TTTATGCCAAACGCGA-1",1
"TTTATGCCAATCTGCA-1",2
"TTTATGCCACAGGTTT-1",0
"TTTATGCCAGCCAATT-1",1
"TTTATGCCAGGTCGTC-1",0
"TTTATGCCATGGTCAT-1",2
"TTTATGCTCACATAGC-1",1
"TTTATGCTCACCTTAT-1",2
"TTTATGCTCGGCGGTT-1",4
"TTTATGCTCTCGCTTG-1",1
"TTTCCTCAGCGTGAAC-1",0
"TTTCCTCAGGACTGGT-1",0
"TTTCCTCCAAAGTGCG-1",2
"TTTCCTCCAGGAATGC-1",0
"TTTCCTCCATTAGCCA-1",0
"TTTCCTCGTCCGAAGA-1",0
"TTTCCTCGTCGCTTTC-1",2
"TTTCCTCTCGGCCGAT-1",1
"TTTCCTCTCGTGTAGT-1",0
"TTTGCGCAGCTAAACA-1",1
"TTTGCGCAGCTAGTCT-1",0
"TTTGCGCAGGCCGAAT-1",1
"TTTGCGCAGTCAAGGC-1",1
"TTTGCGCCAAGTAGTA-1",0
"TTTGCGCCAGGTGCCT-1",1
"TTTGCGCGTCTAAACC-1",0
"TTTGCGCTCAAAGTAG-1",1
"TTTGCGCTCATGTAGC-1",0
"TTTGGTTAGAATGTGT-1",1
"TTTGGTTAGACAATAC-1",7
"TTTGGTTAGCGATTCT-1",1
"TTTGGTTAGGCTCAGA-1",0
"TTTGGTTAGTTACCCA-1",1
"TTTGGTTCAAACTGCT-1",0
"TTTGGTTCAAGCTGTT-1",2
"TTTGGTTCAGATCGGA-1",0
"TTTGGTTCATCACAAC-1",1
"TTTGGTTGTACTTCTT-1",3
"TTTGGTTGTATGCTTG-1",0
"TTTGGTTGTGCTTCTC-1",2
"TTTGGTTTCATGCTCC-1",1
"TTTGGTTTCCCTGACT-1",1
"TTTGTCAAGAGTCGGT-1",0
"TTTGTCACAAGTTCTG-1",0
"TTTGTCACAAGTTGTC-1",0
"TTTGTCACACTCTGTC-1",1
"TTTGTCATCACCTTAT-1",2
"TTTGTCATCCATTCTA-1",1
"TTTGTCATCCTTAATC-1",0
"TTTGTCATCTTATCTG-1",0
