"cell_barcode","expression"
"AAACCTGAGACAGAGA-1",3
"AAACCTGAGACTTTCG-1",1
"AAACCTGAGAGTAAGG-1",0
"AAACCTGAGAGTCGGT-1",1
"AAACCTGAGGATGGAA-1",0
"AAACCTGAGTAGATGT-1",2
"AAACCTGCAATCAGAA-1",0
"AAACCTGCACCGATAT-1",2
"AAACCTGCAGACGTAG-1",1
"AAACCTGCAGTATCTG-1",3
"AAACCTGCATAGTAAG-1",2
"AAACCTGCATGAACCT-1",2
"AAACCTGGTAAGAGGA-1",3
"AAACCTGGTCCAACTA-1",7
"AAACCTGTCCGTAGTA-1",2
"AAACCTGTCGAGAGCA-1",2
"AAACGGGAGTACGACG-1",1
"AAACGGGCAAGGTTTC-1",3
"AAACGGGCACGTCAGC-1",2
"AAACGGGCAGCGTTCG-1",5
"AAACGGGGTAGCCTCG-1",1
"AAACGGGGTCTACCTC-1",2
"AAACGGGGTGCGGTAA-1",4
"AAACGGGGTTGTCGCG-1",1
"AAACGGGTCCATGAGT-1",1
"AAACGGGTCCCAACGG-1",2
"AAACGGGTCCCATTAT-1",2
"AAAGATGCAGTCAGCC-1",1
"AAAGATGCATCTACGA-1",0
"AAAGCAAAGCGTCTAT-1",0
"AAAGCAACATGTCGAT-1",0
"AAAGCAAGTAGCTGCC-1",0
"AAAGCAAGTAGGCATG-1",0
"AAAGCAAGTGCGCTTG-1",0
"AAAGCAAGTTATTCTC-1",1
"AAAGCAATCCGTAGTA-1",3
"AAAGTAGAGATGTGTA-1",3
"AAAGTAGAGTGGGCTA-1",1
"AAAGTAGGTATATGGA-1",3
"AAAGTAGGTGAGCGAT-1",1
"AAAGTAGGTTGAGGTG-1",0
"AAATGCCAGCCCTAAT-1",4
"AAATGCCAGCGTGTCC-1",1
"AAATGCCCAACACCTA-1",2
"AAATGCCGTAGGAGTC-1",1
"AAATGCCGTCTTTCAT-1",2
"AAATGCCGTGGTCCGT-1",0
"AAATGCCGTTCCCGAG-1",3
"AAATGCCTCATAGCAC-1",3
"AAATGCCTCGCTTAGA-1",0
"AACACGTAGAATTCCC-1",1
"AACACGTAGCCCTAAT-1",0
"AACACGTAGGGTGTGT-1",1
"AACACGTCACTGTCGG-1",0
"AACACGTCATCCCATC-1",0
"AACACGTGTGCAACGA-1",1
"AACACGTGTGTCGCTG-1",0
"AACCATGAGCGCTTAT-1",0
"AACCATGGTCCGTTAA-1",1
"AACCATGTCAGTTCGA-1",2
"AACCATGTCATCGATG-1",2
"AACCATGTCCCAAGTA-1",1
"AACCGCGAGAAGCCCA-1",2
"AACCGCGAGACTGGGT-1",1
"AACCGCGAGAGGTACC-1",2
"AACCGCGAGTTAGGTA-1",1
"AACCGCGAGTTGCAGG-1",0
"AACCGCGCACGGTAGA-1",1
"AACCGCGCAGCATGAG-1",1
"AACCGCGCAGCCTGTG-1",2
"AACCGCGCAGCTGTGC-1",1
"AACCGCGCAGTATGCT-1",2
"AACCGCGGTACTTGAC-1",2
"AACCGCGGTCTGCAAT-1",1
"AACCGCGTCACATGCA-1",2
"AACCGCGTCACCGTAA-1",3
"AACCGCGTCCAGAGGA-1",2
"AACCGCGTCCGAAGAG-1",2
"AACCGCGTCGATCCCT-1",1
"AACGTTGAGCGATAGC-1",0
"AACGTTGAGCGATCCC-1",3
"AACGTTGAGCTTATCG-1",4
"AACGTTGCAAGTTGTC-1",0
"AACGTTGCAATAGAGT-1",5
"AACGTTGCAATGGATA-1",2
"AACGTTGCATGGATGG-1",2
"AACGTTGCATTCTCAT-1",3
"AACGTTGTCAACACGT-1",5
"AACGTTGTCGAGGTAG-1",4
"AACGTTGTCGGTCCGA-1",6
"AACTCAGAGAGCTATA-1",2
"AACTCAGAGAGTCGGT-1",2
"AACTCAGAGCCACCTG-1",1
"AACTCAGAGCCCAATT-1",3
"AACTCAGCAAACAACA-1",2
"AACTCAGCACAAGCCC-1",1
"AACTCAGCACGGTTTA-1",0
"AACTCAGCAGGATCGA-1",0
"AACTCAGCATAAAGGT-1",1
"AACTCAGGTTCCACAA-1",5
"AACTCAGTCGTACCGG-1",1
"AACTCCCAGCCCAGCT-1",3
"AACTCCCAGCTAAGAT-1",2
"AACTCCCCAAACGCGA-1",0
"AACTCCCCATGGTCTA-1",3
"AACTCCCGTTGCGCAC-1",2
"AACTCCCTCAAGAAGT-1",8
"AACTCCCTCAAGCCTA-1",2
"AACTCCCTCATCGCTC-1",0
"AACTCCCTCTGCAGTA-1",2
"AACTCCCTCTGGCGTG-1",2
"AACTCTTAGCAGACTG-1",2
"AACTCTTAGTCCGGTC-1",2
"AACTCTTCATGCTAGT-1",0
"AACTCTTGTCGAATCT-1",2
"AACTCTTGTCGGGTCT-1",1
"AACTCTTTCCTCAATT-1",1
"AACTCTTTCTCAAACG-1",2
"AACTCTTTCTCCAGGG-1",2
"AACTCTTTCTCTGCTG-1",1
"AACTGGTAGAAGATTC-1",2
"AACTGGTAGAGACTAT-1",0
"AACTGGTAGCCAACAG-1",0
"AACTGGTAGTGTACTC-1",0
"AACTGGTCACTGAAGG-1",1
"AACTGGTGTCCGAACC-1",0
"AACTGGTTCGGAGCAA-1",2
"AACTGGTTCGTGGGAA-1",1
"AACTGGTTCTGCTTGC-1",0
"AACTTTCAGCGTGAAC-1",1
"AACTTTCAGTATCTCG-1",1
"AACTTTCAGTTTCCTT-1",1
"AACTTTCCATCCTTGC-1",2
"AACTTTCGTCTAGAGG-1",0
"AACTTTCGTCTCTTTA-1",2
"AACTTTCGTTTGTTTC-1",0
"AAGACCTAGGGCTTCC-1",2
"AAGACCTAGTACACCT-1",1
"AAGACCTGTATATGAG-1",2
"AAGACCTGTATCAGTC-1",0
"AAGACCTGTCCGTGAC-1",3
"AAGACCTGTCGAAAGC-1",3
"AAGACCTTCGCCATAA-1",1
"AAGCCGCAGATCTGAA-1",1
"AAGCCGCAGGGTGTTG-1",1
"AAGCCGCAGTGGACGT-1",2
"AAGCCGCAGTGTACTC-1",1
"AAGCCGCCACGCTTTC-1",0
"AAGCCGCCAGGACGTA-1",4
"AAGCCGCGTACAGTTC-1",2
"AAGCCGCGTCATTAGC-1",2
"AAGCCGCTCACGAAGG-1",1
"AAGCCGCTCAGTTAGC-1",1
"AAGCCGCTCGCAAACT-1",1
"AAGCCGCTCGTCGTTC-1",2
"AAGCCGCTCTTACCGC-1",3
"AAGGAGCAGAAACCGC-1",0
"AAGGAGCAGGCATGTG-1",0
"AAGGAGCAGGCGCTCT-1",0
"AAGGAGCAGTTGAGTA-1",1
"AAGGAGCCACGGCGTT-1",1
"AAGGAGCGTAGCGCAA-1",2
"AAGGAGCGTCTGCAAT-1",2
"AAGGAGCTCGTCTGCT-1",2
"AAGGCAGAGAACTGTA-1",3
"AAGGCAGAGAGATGAG-1",0
"AAGGCAGAGGTGATAT-1",2
"AAGGCAGCATAGTAAG-1",0
"AAGGCAGGTACTTCTT-1",0
"AAGGCAGGTGTGCCTG-1",2
"AAGGCAGTCAGATAAG-1",1
"AAGGCAGTCGGAATCT-1",2
"AAGGTTCAGTATCTCG-1",1
"AAGGTTCCATCACGTA-1",1
"AAGGTTCGTATATGGA-1",3
"AAGGTTCGTCCGAATT-1",6
"AAGGTTCGTCGACTAT-1",2
"AAGGTTCGTGTGACCC-1",3
"AAGGTTCTCCGTCATC-1",4
"AAGGTTCTCCTCGCAT-1",0
"AAGGTTCTCTGCGGCA-1",0
"AAGTCTGAGCCATCGC-1",2
"AAGTCTGAGTCAAGCG-1",1
"AAGTCTGCAAAGGAAG-1",2
"AAGTCTGGTCAGCTAT-1",2
"AAGTCTGTCAAACAAG-1",2
"AAGTCTGTCACTGGGC-1",1
"AAGTCTGTCAGCAACT-1",1
"AATCCAGCAAAGTGCG-1",0
"AATCCAGCAGCATACT-1",2
"AATCCAGGTAGGCATG-1",1
"AATCCAGGTCTCCCTA-1",0
"AATCCAGTCCGAATGT-1",3
"AATCGGTAGGCATGGT-1",2
"AATCGGTTCCTGTACC-1",6
"AATCGGTTCGCCGTGA-1",2
"ACACCAAAGATGAGAG-1",2
"ACACCAAAGCCCTAAT-1",1
"ACACCAAAGGATGGTC-1",0
"ACACCAAAGTGTCCAT-1",2
"ACACCAACACTTCGAA-1",1
"ACACCAACAGACGCTC-1",0
"ACACCAACAGCCTATA-1",2
"ACACCAAGTCGCGTGT-1",1
"ACACCAAGTCTAAACC-1",1
"ACACCAAGTTATGTGC-1",2
"ACACCAATCGCGTTTC-1",1
"ACACCCTAGCCAGGAT-1",4
"ACACCCTAGTACTTGC-1",8
"ACACCCTCAAGCGCTC-1",1
"ACACCCTCATCACAAC-1",1
"ACACCCTCATGCCCGA-1",3
"ACACCCTGTCTGGTCG-1",1
"ACACCCTTCCGCAAGC-1",2
"ACACCCTTCCTTGCCA-1",1
"ACACCCTTCTATCCTA-1",3
"ACACCCTTCTGGCGTG-1",2
"ACACCGGAGGCTCAGA-1",4
"ACACCGGAGTGACATA-1",1
"ACACCGGAGTTACCCA-1",0
"ACACCGGCAAGCCGTC-1",1
"ACACCGGCACCAGATT-1",1
"ACACCGGCACCGAAAG-1",3
"ACACCGGCATCACAAC-1",0
"ACACCGGTCCGCATAA-1",2
"ACACCGGTCTCGGACG-1",2
"ACACCGGTCTCTGTCG-1",1
"ACACTGAAGCACGCCT-1",2
"ACACTGAAGGTGATTA-1",2
"ACACTGACAATAGAGT-1",1
"ACACTGACAGACTCGC-1",3
"ACACTGACATCCAACA-1",0
"ACACTGAGTCCGAAGA-1",1
"ACACTGAGTGTTTGTG-1",3
"ACACTGAGTTTGACTG-1",1
"ACAGCCGAGGAATGGA-1",2
"ACAGCCGAGGCCCGTT-1",1
"ACAGCCGAGGTGCTTT-1",2
"ACAGCCGAGTGGTAGC-1",1
"ACAGCCGCATATACGC-1",1
"ACAGCCGCATGCAACT-1",0
"ACAGCCGGTAGGGTAC-1",0
"ACAGCCGGTCGAATCT-1",2
"ACAGCCGGTTCACCTC-1",0
"ACAGCCGGTTCCACTC-1",1
"ACAGCCGTCCAGAAGG-1",1
"ACAGCCGTCTTTACAC-1",1
"ACAGCTAAGCACCGCT-1",1
"ACAGCTAAGTATCTCG-1",1
"ACAGCTAAGTGTTGAA-1",2
"ACAGCTACATCGTCGG-1",1
"ACAGCTAGTCGACTAT-1",0
"ACAGCTAGTGGTACAG-1",0
"ACAGCTATCACCACCT-1",3
"ACAGCTATCTGCTTGC-1",2
"ACATACGAGAGCTTCT-1",3
"ACATACGAGCGTAGTG-1",2
"ACATACGAGCTTCGCG-1",1
"ACATACGAGCTTTGGT-1",1
"ACATACGCAAACGTGG-1",4
"ACATACGCAAGCCTAT-1",0
"ACATACGCATCTCCCA-1",2
"ACATACGCATTCTCAT-1",0
"ACATACGGTAGGAGTC-1",2
"ACATACGGTGCACCAC-1",1
"ACATACGGTGGTTTCA-1",4
"ACATACGTCGTATCAG-1",2
"ACATCAGAGCCACTAT-1",0
"ACATCAGAGCCTTGAT-1",2
"ACATCAGCAACACCCG-1",3
"ACATCAGCAACGATGG-1",3
"ACATCAGCAATTGCTG-1",1
"ACATCAGCACCGGAAA-1",2
"ACATCAGCATAAAGGT-1",1
"ACATCAGCATCCCACT-1",2
"ACATCAGCATTTGCCC-1",9
"ACATCAGGTAAGGATT-1",1
"ACATCAGGTCCGTGAC-1",3
"ACATCAGGTTAAGTAG-1",1
"ACATCAGTCAAACCGT-1",2
"ACATGGTAGCATGGCA-1",0
"ACATGGTAGCTGTTCA-1",3
"ACATGGTCACTTGGAT-1",2
"ACATGGTGTCAGATAA-1",1
"ACATGGTGTCTGCGGT-1",0
"ACATGGTGTGCAACTT-1",2
"ACATGGTTCCGCAAGC-1",1
"ACATGGTTCCTCCTAG-1",1
"ACATGGTTCTGGAGCC-1",2
"ACATGGTTCTTCTGGC-1",3
"ACCAGTAAGATCACGG-1",1
"ACCAGTAAGCTTCGCG-1",1
"ACCAGTACACAGATTC-1",0
"ACCAGTACACAGGCCT-1",0
"ACCAGTACAGTATGCT-1",0
"ACCAGTACAGTCAGAG-1",1
"ACCAGTACAGTTTACG-1",3
"ACCAGTAGTCACCCAG-1",0
"ACCAGTAGTCCATCCT-1",0
"ACCAGTAGTCTTCAAG-1",0
"ACCAGTAGTGGACGAT-1",3
"ACCAGTATCTGCGACG-1",2
"ACCAGTATCTGCTTGC-1",2
"ACCAGTATCTGTTTGT-1",2
"ACCCACTAGAGGTTAT-1",3
"ACCCACTAGATCCCGC-1",4
"ACCCACTAGATGTGTA-1",2
"ACCCACTAGCCCAATT-1",1
"ACCCACTCAAGGGTCA-1",1
"ACCCACTCAAGGTTCT-1",3
"ACCCACTGTAAATGAC-1",2
"ACCCACTGTAGCCTCG-1",1
"ACCCACTGTCAAAGAT-1",2
"ACCCACTGTCAATACC-1",2
"ACCCACTGTGTGGTTT-1",1
"ACCCACTTCGCAAACT-1",1
"ACCCACTTCTGCCAGG-1",3
"ACCGTAACAATCGGTT-1",1
"ACCGTAACAATCTACG-1",3
"ACCGTAACAGGTCCAC-1",0
"ACCGTAAGTACAGCAG-1",2
"ACCGTAAGTCATGCAT-1",3
"ACCGTAAGTGAGTGAC-1",1
"ACCGTAAGTTAAGAAC-1",1
"ACCGTAAGTTCCGTCT-1",0
"ACCGTAATCACATAGC-1",1
"ACCGTAATCATGTGGT-1",0
"ACCGTAATCTGAAAGA-1",2
"ACCTTTACAATCGGTT-1",0
"ACCTTTACACGGACAA-1",0
"ACCTTTACAGCAGTTT-1",1
"ACCTTTACATGCAACT-1",1
"ACCTTTACATTTCAGG-1",6
"ACCTTTAGTGAACCTT-1",0
"ACCTTTAGTTCCACTC-1",1
"ACCTTTATCTCTAGGA-1",3
"ACGAGCCAGGCAGGTT-1",2
"ACGAGCCCACAGGCCT-1",1
"ACGAGCCCATGGAATA-1",2
"ACGAGCCGTGCACGAA-1",0
"ACGAGCCGTGTGACCC-1",1
"ACGAGCCGTTGGTTTG-1",0
"ACGAGCCTCAGTCCCT-1",0
"ACGAGCCTCGCAAACT-1",2
"ACGAGGACACTACAGT-1",0
"ACGAGGACATGTAGTC-1",1
"ACGAGGAGTACACCGC-1",0
"ACGAGGAGTGCCTGCA-1",0
"ACGAGGAGTTCTGAAC-1",1
"ACGAGGATCTGCGGCA-1",1
"ACGATACAGAGTGACC-1",0
"ACGATACAGCGCCTTG-1",0
"ACGATACAGTGATCGG-1",2
"ACGATACCACGTTGGC-1",2
"ACGATACCATTGGGCC-1",0
"ACGATACGTCGAATCT-1",1
"ACGATACTCTGACCTC-1",3
"ACGATGTAGTGCGATG-1",4
"ACGATGTAGTTGAGAT-1",2
"ACGATGTCAACGCACC-1",2
"ACGATGTCACACGCTG-1",0
"ACGATGTGTATTCTCT-1",1
"ACGATGTGTCAGTGGA-1",2
"ACGATGTGTGACTACT-1",1
"ACGATGTGTGTCGCTG-1",2
"ACGATGTTCGCGTAGC-1",0
"ACGATGTTCTCTTATG-1",2
"ACGCAGCAGCGGCTTC-1",2
"ACGCAGCAGCTGCGAA-1",0
"ACGCAGCAGTGTACGG-1",1
"ACGCAGCCACCTCGTT-1",0
"ACGCAGCCATCGACGC-1",4
"ACGCAGCCATTACCTT-1",0
"ACGCAGCGTCCATGAT-1",4
"ACGCAGCGTCTACCTC-1",0
"ACGCAGCGTCTGGTCG-1",0
"ACGCAGCGTGCGATAG-1",2
"ACGCCAGCAAAGCAAT-1",0
"ACGCCAGCAACGCACC-1",2
"ACGCCAGCACGAGAGT-1",3
"ACGCCAGCAGTGAGTG-1",0
"ACGCCAGGTGCACTTA-1",1
"ACGCCAGGTGTGCGTC-1",4
"ACGCCAGTCACAGGCC-1",1
"ACGCCAGTCAGTGTTG-1",1
"ACGCCGAAGAAACGCC-1",2
"ACGCCGAAGATCTGCT-1",2
"ACGCCGACAGCCTGTG-1",1
"ACGCCGAGTTCCAACA-1",1
"ACGCCGATCCTATGTT-1",1
"ACGCCGATCGCAGGCT-1",2
"ACGCCGATCTTGTATC-1",1
"ACGGAGAAGCCAGTTT-1",2
"ACGGAGAAGGTCATCT-1",2
"ACGGAGACACACATGT-1",6
"ACGGAGACAGCCTGTG-1",2
"ACGGAGACAGCGTAAG-1",0
"ACGGAGACAGTAAGCG-1",2
"ACGGAGAGTGTGACGA-1",4
"ACGGAGATCCACGAAT-1",0
"ACGGCCACACATCCAA-1",4
"ACGGCCACACATTCGA-1",2
"ACGGCCAGTACCGTAT-1",0
"ACGGCCAGTGTATGGG-1",0
"ACGGCCATCACGGTTA-1",1
"ACGGCCATCAGTGTTG-1",2
"ACGGCCATCTACTATC-1",5
"ACGGGCTAGGATCGCA-1",3
"ACGGGCTAGGTTCCTA-1",1
"ACGGGCTAGTGGCACA-1",1
"ACGGGCTCATCTGGTA-1",0
"ACGGGCTGTGAGGCTA-1",1
"ACGGGCTTCCGAACGC-1",2
"ACGGGTCAGATGCCAG-1",0
"ACGGGTCCATGATCCA-1",0
"ACGGGTCCATTAGGCT-1",2
"ACGGGTCCATTTCACT-1",3
"ACGGGTCGTTAGGGTG-1",0
"ACGGGTCTCAACACCA-1",4
"ACGGGTCTCCACGCAG-1",0
"ACGTCAAAGGGCTTCC-1",0
"ACGTCAAAGTGGTAAT-1",2
"ACGTCAACAACTGCGC-1",0
"ACGTCAACACAAGACG-1",1
"ACGTCAAGTAGCTCCG-1",1
"ACGTCAAGTGTCGCTG-1",2
"ACGTCAAGTTATGCGT-1",3
"ACGTCAATCAACCAAC-1",3
"ACGTCAATCATAACCG-1",1
"ACGTCAATCCAGAAGG-1",2
"ACGTCAATCTAACTCT-1",0
"ACTATCTAGAGGTTAT-1",2
"ACTATCTAGATACACA-1",0
"ACTATCTAGGAGTAGA-1",3
"ACTATCTAGGCATGTG-1",0
"ACTATCTCAAATACAG-1",3
"ACTATCTCAAATTGCC-1",0
"ACTATCTGTAGGGACT-1",0
"ACTATCTGTCGCGTGT-1",4
"ACTATCTGTGCACGAA-1",0
"ACTATCTGTGGTTTCA-1",2
"ACTATCTTCGCCGTGA-1",0
"ACTGAACAGAGTGAGA-1",2
"ACTGAACAGATCCCGC-1",0
"ACTGAACAGGTGATAT-1",3
"ACTGAACCAAAGCGGT-1",1
"ACTGAACCAAGCGAGT-1",2
"ACTGAACCAATTCCTT-1",1
"ACTGAACCAGCTGGCT-1",1
"ACTGAACCAGTCTTCC-1",0
"ACTGAACCATTACCTT-1",0
"ACTGAACGTAAGCACG-1",1
"ACTGAACGTAATCGTC-1",0
"ACTGAACGTCCAGTAT-1",0
"ACTGAACGTCTGATCA-1",0
"ACTGAACTCCCACTTG-1",1
"ACTGAGTAGCCGGTAA-1",4
"ACTGAGTCAGTGGGAT-1",1
"ACTGAGTCATTTGCCC-1",4
"ACTGAGTGTAGAGCTG-1",8
"ACTGAGTGTTGTGGCC-1",3
"ACTGAGTTCAGGTTCA-1",1
"ACTGATGAGACAGACC-1",3
"ACTGATGAGCGGATCA-1",1
"ACTGATGAGGTGCTTT-1",1
"ACTGATGCAGCAGTTT-1",3
"ACTGATGCATCACAAC-1",2
"ACTGATGGTCATGCAT-1",5
"ACTGATGTCACAATGC-1",4
"ACTGATGTCACTCCTG-1",0
"ACTGATGTCCCTGACT-1",0
"ACTGATGTCCGCTGTT-1",0
"ACTGATGTCCGGCACA-1",1
"ACTGATGTCCTATTCA-1",2
"ACTGCTCAGAGCTTCT-1",3
"ACTGCTCAGATGCCTT-1",2
"ACTGCTCCACACCGCA-1",1
"ACTGCTCCAGATGGGT-1",2
"ACTGCTCCATGCCTAA-1",4
"ACTGCTCGTAGGCATG-1",2
"ACTGCTCGTATCACCA-1",0
"ACTGCTCGTCCGAAGA-1",2
"ACTGCTCTCCGAGCCA-1",3
"ACTGTCCAGAGGGCTT-1",2
"ACTGTCCAGCAGCGTA-1",0
"ACTGTCCAGGCATGGT-1",1
"ACTGTCCCAAGGTTTC-1",4
"ACTGTCCCAAGTACCT-1",3
"ACTGTCCCAGTATCTG-1",1
"ACTGTCCCATAGAAAC-1",5
"ACTGTCCGTTGAGGTG-1",2
"ACTGTCCTCCACGTGG-1",1
"ACTGTCCTCCTTGGTC-1",0
"ACTGTCCTCTCTGTCG-1",1
"ACTTACTAGCGATAGC-1",1
"ACTTACTAGGGATGGG-1",0
"ACTTACTCACAGACAG-1",1
"ACTTACTCACATTTCT-1",1
"ACTTACTGTACTCAAC-1",3
"ACTTACTGTTCCACAA-1",2
"ACTTACTTCATCGGAT-1",0
"ACTTGTTAGACAAGCC-1",3
"ACTTGTTAGCTAGCCC-1",0
"ACTTGTTAGTTACCCA-1",0
"ACTTGTTCACGACGAA-1",3
"ACTTGTTCACGGCTAC-1",1
"ACTTGTTGTATCGCAT-1",1
"ACTTGTTGTGGTAACG-1",3
"ACTTGTTGTTGTGGAG-1",3
"ACTTGTTTCATCACCC-1",2
"ACTTTCACATGGTCAT-1",1
"ACTTTCAGTGACTACT-1",2
"ACTTTCATCGCCAGCA-1",3
"AGAATAGAGCTGAACG-1",2
"AGAATAGAGCTGTCTA-1",1
"AGAATAGAGGTAGCTG-1",0
"AGAATAGCATGGTCTA-1",2
"AGAATAGGTAATCGTC-1",1
"AGAATAGGTATTCTCT-1",2
"AGAATAGGTGCGGTAA-1",0
"AGAATAGGTTAAGAAC-1",0
"AGAATAGTCAGGCCCA-1",3
"AGACGTTAGAATGTGT-1",2
"AGACGTTAGCTCCTCT-1",2
"AGACGTTAGTGCCAGA-1",0
"AGACGTTCAGGATCGA-1",0
"AGACGTTGTAGCTGCC-1",1
"AGACGTTGTCTGCAAT-1",1
"AGACGTTGTTCTGTTT-1",2
"AGACGTTTCGCATGGC-1",3
"AGACGTTTCGCTTAGA-1",2
"AGAGCGACAACTTGAC-1",2
"AGAGCGACAAGTACCT-1",0
"AGAGCGACACAACGTT-1",3
"AGAGCGACATGAGCGA-1",2
"AGAGCGAGTCAGTGGA-1",0
"AGAGCGAGTCGACTGC-1",1
"AGAGCGAGTTGAGTTC-1",0
"AGAGCGATCGCGTAGC-1",1
"AGAGCGATCTATCCTA-1",1
"AGAGCGATCTCGCTTG-1",1
"AGAGCTTAGCCGTCGT-1",0
"AGAGCTTAGTACACCT-1",0
"AGAGCTTAGTCATGCT-1",2
"AGAGCTTGTAGAGCTG-1",1
"AGAGCTTGTATCACCA-1",1
"AGAGCTTTCACTATTC-1",4
"AGAGCTTTCCTGCAGG-1",1
"AGAGCTTTCGCAAACT-1",0
"AGAGCTTTCGCTTAGA-1",0
"AGAGTGGAGAGCCTAG-1",3
"AGAGTGGAGGCCCTTG-1",0
"AGAGTGGAGGTACTCT-1",4
"AGAGTGGCACAAGACG-1",1
"AGAGTGGCACCTCGTT-1",3
"AGAGTGGCATCCGGGT-1",1
"AGAGTGGCATCTGGTA-1",1
"AGAGTGGGTCAGCTAT-1",3
"AGAGTGGGTCCTCCAT-1",1
"AGAGTGGGTCTAGTCA-1",4
"AGAGTGGGTTACCGAT-1",2
"AGATCTGAGGTGGGTT-1",0
"AGATCTGAGTCAAGGC-1",2
"AGATCTGCAATGTTGC-1",2
"AGATCTGTCGAATCCA-1",0
"AGATCTGTCTGCAGTA-1",1
"AGATTGCAGGCTACGA-1",2
"AGATTGCCACGACGAA-1",1
"AGATTGCCAGATGGGT-1",3
"AGATTGCGTAGAGCTG-1",2
"AGATTGCGTGATGTCT-1",0
"AGATTGCGTGTTCGAT-1",1
"AGATTGCGTTCACGGC-1",3
"AGATTGCTCACTGGGC-1",3
"AGATTGCTCATCTGTT-1",1
"AGCAGCCAGCTGATAA-1",1
"AGCAGCCCACCGAAAG-1",1
"AGCAGCCGTCGACTGC-1",1
"AGCAGCCGTCGCTTTC-1",1
"AGCAGCCGTCTAACGT-1",0
"AGCAGCCGTGTGAAAT-1",1
"AGCAGCCGTTTGTTGG-1",1
"AGCAGCCTCCAAACAC-1",0
"AGCATACAGTGGTAGC-1",4
"AGCATACAGTTGTCGT-1",1
"AGCATACGTCTTCTCG-1",1
"AGCATACGTTAAGTAG-1",1
"AGCATACTCCGTTGCT-1",0
"AGCCTAAAGATATGGT-1",0
"AGCCTAACAAAGCGGT-1",0
"AGCCTAACAGATAATG-1",1
"AGCCTAAGTACGAAAT-1",0
"AGCCTAAGTCACCTAA-1",1
"AGCCTAAGTGTGCCTG-1",0
"AGCCTAATCACCCGAG-1",3
"AGCCTAATCCAATGGT-1",0
"AGCCTAATCCTTGGTC-1",0
"AGCCTAATCTGTGCAA-1",1
"AGCCTAATCTGTTTGT-1",2
"AGCGGTCAGCGAAGGG-1",1
"AGCGGTCAGGTACTCT-1",5
"AGCGGTCAGTGACTCT-1",4
"AGCGGTCCAGCCTTGG-1",0
"AGCGGTCGTCCTAGCG-1",2
"AGCGGTCGTGGTGTAG-1",2
"AGCGGTCGTTAAGGGC-1",3
"AGCGGTCGTTTGCATG-1",1
"AGCGGTCTCCGAAGAG-1",1
"AGCGGTCTCCTCAATT-1",2
"AGCGGTCTCTGGGCCA-1",2
"AGCGTATAGAACTGTA-1",2
"AGCGTATAGCGATGAC-1",0
"AGCGTATAGGTACTCT-1",3
"AGCGTATGTTGAGGTG-1",1
"AGCGTATTCCAGAGGA-1",3
"AGCGTCGAGTTGAGTA-1",0
"AGCGTCGCAGGGATTG-1",1
"AGCGTCGTCTGAAAGA-1",1
"AGCTCCTAGACCTAGG-1",2
"AGCTCCTAGCGTTTAC-1",0
"AGCTCCTGTGTTTGTG-1",1
"AGCTCCTGTTGTCTTT-1",2
"AGCTCCTTCCGAATGT-1",2
"AGCTCCTTCTTGACGA-1",1
"AGCTCTCAGCGGATCA-1",3
"AGCTCTCAGCTGTTCA-1",2
"AGCTCTCAGGTGCTAG-1",1
"AGCTCTCCATACAGCT-1",2
"AGCTCTCGTCAGAGGT-1",1
"AGCTCTCGTGGGTCAA-1",2
"AGCTCTCTCACAACGT-1",0
"AGCTCTCTCTTGACGA-1",3
"AGCTTGAAGCATCATC-1",3
"AGCTTGAAGTAGCGGT-1",0
"AGCTTGAAGTTGTCGT-1",2
"AGCTTGACAATCCAAC-1",0
"AGCTTGACACCGATAT-1",3
"AGCTTGAGTCTACCTC-1",0
"AGCTTGAGTGCGCTTG-1",2
"AGCTTGAGTTACGCGC-1",1
"AGCTTGATCCTGCCAT-1",2
"AGCTTGATCTGCAAGT-1",0
"AGGCCACAGAGTAAGG-1",2
"AGGCCACAGGGTCTCC-1",4
"AGGCCACAGTACTTGC-1",1
"AGGCCACCAGGACCCT-1",6
"AGGCCACCATCAGTCA-1",2
"AGGCCACTCATGCTCC-1",0
"AGGCCACTCATGGTCA-1",2
"AGGCCACTCATTGCGA-1",2
"AGGCCGTAGGATCGCA-1",0
"AGGCCGTCACGTAAGG-1",1
"AGGCCGTCAGCTCGAC-1",0
"AGGCCGTCATCGTCGG-1",2
"AGGCCGTTCACGGTTA-1",2
"AGGCCGTTCGAACTGT-1",4
"AGGCCGTTCTCAAGTG-1",1
"AGGCCGTTCTGCTTGC-1",3
"AGGGAGTAGCCCAACC-1",1
"AGGGAGTAGGAGTACC-1",1
"AGGGAGTAGGCAGGTT-1",1
"AGGGAGTCACGAGAGT-1",2
"AGGGAGTCAGAAGCAC-1",1
"AGGGAGTCAGATCCAT-1",2
"AGGGAGTCATCGACGC-1",1
"AGGGAGTCATGCTAGT-1",3
"AGGGAGTGTCCATGAT-1",3
"AGGGAGTTCATAACCG-1",0
"AGGGATGAGCTCTCGG-1",3
"AGGGATGAGGAGTAGA-1",2
"AGGGATGAGTAGCGGT-1",0
"AGGGATGCAATGAATG-1",4
"AGGGATGCAATGGAGC-1",1
"AGGGATGCACAAGACG-1",1
"AGGGATGCACATTTCT-1",0
"AGGGATGCATGGTCTA-1",3
"AGGGATGGTTAAAGTG-1",3
"AGGGATGGTTATGCGT-1",0
"AGGGATGTCGTGACAT-1",1
"AGGGTGAAGATGGCGT-1",8
"AGGGTGAAGATGGGTC-1",3
"AGGGTGAAGGCTCAGA-1",2
"AGGGTGACACGAGAGT-1",0
"AGGGTGACAGATGGCA-1",1
"AGGGTGACAGATTGCT-1",3
"AGGGTGAGTACTCTCC-1",1
"AGGGTGAGTTATCGGT-1",0
"AGGGTGAGTTCTGAAC-1",5
"AGGGTGATCTCGCTTG-1",1
"AGGTCATAGAGCCCAA-1",1
"AGGTCATAGCCAGAAC-1",6
"AGGTCATAGGCATGGT-1",1
"AGGTCATAGGGAGTAA-1",1
"AGGTCATCACTCAGGC-1",1
"AGGTCATCACTCTGTC-1",2
"AGGTCATGTTCCACTC-1",0
"AGGTCATTCTCGTTTA-1",2
"AGGTCCGAGGATGCGT-1",3
"AGGTCCGCAACACGCC-1",3
"AGGTCCGGTGATGCCC-1",0
"AGGTCCGTCCATGAAC-1",3
"AGGTCCGTCGCCCTTA-1",2
"AGGTCCGTCTGCGTAA-1",1
"AGTAGTCAGACTGTAA-1",2
"AGTAGTCAGTACGACG-1",1
"AGTAGTCAGTTTAGGA-1",3
"AGTAGTCCAACTGGCC-1",1
"AGTAGTCGTGCAGACA-1",1
"AGTAGTCTCACCCGAG-1",0
"AGTCTTTAGGCAGTCA-1",2
"AGTCTTTCAAATCCGT-1",1
"AGTCTTTCATATACCG-1",2
"AGTCTTTGTGCTTCTC-1",8
"AGTCTTTGTGTCCTCT-1",2
"AGTCTTTGTTTGTTTC-1",1
"AGTCTTTTCGCAGGCT-1",3
"AGTCTTTTCGCGTAGC-1",1
"AGTCTTTTCGCTAGCG-1",0
"AGTCTTTTCGCTTGTC-1",2
"AGTCTTTTCTGACCTC-1",0
"AGTGAGGAGATAGCAT-1",5
"AGTGAGGCAGGTGCCT-1",2
"AGTGAGGGTATGAAAC-1",2
"AGTGAGGGTCACTTCC-1",2
"AGTGAGGGTCGCGAAA-1",1
"AGTGAGGGTTATGTGC-1",0
"AGTGAGGTCTACTATC-1",3
"AGTGGGAAGCAGACTG-1",2
"AGTGGGACAAACGCGA-1",2
"AGTGGGACAAGCCGTC-1",2
"AGTGGGACACAGGAGT-1",1
"AGTGGGACACGAGAGT-1",3
"AGTGGGATCATCGATG-1",3
"AGTGGGATCCACGAAT-1",1
"AGTGGGATCCTGCAGG-1",9
"AGTGTCAAGAAGCCCA-1",0
"AGTGTCAAGCTAGTCT-1",4
"AGTGTCAAGTACGACG-1",2
"AGTGTCAAGTGAACAT-1",3
"AGTGTCACACCATCCT-1",0
"AGTGTCACAGTAAGCG-1",0
"AGTGTCACAGTGGAGT-1",2
"AGTGTCAGTAAACCTC-1",1
"AGTGTCAGTACAGCAG-1",3
"AGTGTCAGTCTCCACT-1",1
"AGTGTCAGTTTGACTG-1",1
"AGTGTCATCAAAGTAG-1",2
"AGTGTCATCCGTCAAA-1",3
"AGTGTCATCGTTACAG-1",3
"AGTGTCATCTGTCAAG-1",0
"AGTTGGTAGACTGTAA-1",0
"AGTTGGTAGTACGCGA-1",1
"AGTTGGTCAAATTGCC-1",0
"AGTTGGTCAGGAATGC-1",1
"AGTTGGTCATGCGCAC-1",0
"AGTTGGTGTACCGTAT-1",6
"AGTTGGTGTATGCTTG-1",6
"AGTTGGTGTCAGGACA-1",0
"AGTTGGTGTTCAGACT-1",3
"AGTTGGTTCAGTACGT-1",3
"AGTTGGTTCCTCAACC-1",2
"AGTTGGTTCGTACCGG-1",0
"AGTTGGTTCTGTCCGT-1",2
"ATAACGCAGTTGAGTA-1",2
"ATAACGCCACGTGAGA-1",2
"ATAACGCGTGAACCTT-1",5
"ATAACGCGTGTCCTCT-1",2
"ATAACGCGTGTGAAAT-1",0
"ATAACGCTCTCCGGTT-1",2
"ATAAGAGAGTCCGGTC-1",2
"ATAAGAGCAACTGCGC-1",1
"ATAAGAGCAGTATCTG-1",3
"ATAAGAGGTGACGCCT-1",0
"ATAAGAGGTTAAAGTG-1",2
"ATAAGAGTCAGCACAT-1",2
"ATAAGAGTCAGTGCAT-1",0
"ATAGACCAGAGAGCTC-1",2
"ATAGACCAGCCCAATT-1",0
"ATAGACCCAAGCCATT-1",2
"ATAGACCCATCTGGTA-1",0
"ATAGACCGTATATGGA-1",0
"ATAGACCGTGGACGAT-1",1
"ATAGACCGTGGCGAAT-1",1
"ATAGACCGTTTCGCTC-1",0
"ATCACGAAGAACTCGG-1",6
"ATCACGAAGACACGAC-1",2
"ATCACGAAGTTACCCA-1",6
"ATCACGACAAGACACG-1",2
"ATCACGACAAGCGTAG-1",0
"ATCACGACACACATGT-1",0
"ATCACGACACCACCAG-1",0
"ATCACGACACGGTAAG-1",1
"ATCACGACAGCGAACA-1",3
"ATCACGATCCCGACTT-1",0
"ATCACGATCGGTGTCG-1",1
"ATCATCTAGCCTATGT-1",0
"ATCATCTAGGCCATAG-1",10
"ATCATCTAGTACTTGC-1",3
"ATCATCTCAGACGCCT-1",5
"ATCATCTCATCCGTGG-1",1
"ATCATCTGTATTACCG-1",0
"ATCATCTGTCACTTCC-1",1
"ATCATCTTCAGCGACC-1",1
"ATCATCTTCCTCAACC-1",5
"ATCATGGCAAGCGTAG-1",2
"ATCATGGCAAGGTTCT-1",3
"ATCATGGCACTACAGT-1",0
"ATCATGGGTAAGGGAA-1",2
"ATCATGGGTTGTGGCC-1",2
"ATCATGGTCAATAAGG-1",0
"ATCATGGTCCAATGGT-1",0
"ATCATGGTCGCCATAA-1",2
"ATCATGGTCGGTTAAC-1",4
"ATCCACCAGCTAGTCT-1",2
"ATCCACCAGGCTCTTA-1",2
"ATCCACCCAAACGTGG-1",0
"ATCCACCCAGTTAACC-1",0
"ATCCACCGTCCGAAGA-1",1
"ATCCACCGTTTGTTTC-1",0
"ATCCACCTCCTGCTTG-1",1
"ATCCACCTCCTTAATC-1",1
"ATCCACCTCTGGTATG-1",0
"ATCCGAAAGCGATGAC-1",0
"ATCCGAAAGCTAGGCA-1",1
"ATCCGAACAAACGTGG-1",3
"ATCCGAACAACAACCT-1",0
"ATCCGAACAAGGACTG-1",0
"ATCCGAACACCCATTC-1",1
"ATCCGAACACGGTAGA-1",1
"ATCCGAAGTAGCGCTC-1",0
"ATCCGAAGTCATTAGC-1",2
"ATCCGAAGTCTCTTAT-1",0
"ATCCGAATCCAACCAA-1",1
"ATCCGAATCCTTGACC-1",1
"ATCCGAATCTTGTCAT-1",1
"ATCGAGTAGACTTTCG-1",2
"ATCGAGTCATCCGGGT-1",3
"ATCGAGTGTCCCTTGT-1",0
"ATCGAGTGTCTCCCTA-1",4
"ATCGAGTTCATGCATG-1",0
"ATCGAGTTCCTGCCAT-1",1
"ATCTACTAGGTGTGGT-1",1
"ATCTACTCAGCTGTAT-1",4
"ATCTACTCAGTACACT-1",0
"ATCTACTCATGACATC-1",1
"ATCTACTGTAAGTAGT-1",0
"ATCTACTGTGTCGCTG-1",2
"ATCTACTTCCGCGTTT-1",2
"ATCTACTTCGCAAGCC-1",1
"ATCTACTTCTATCGCC-1",4
"ATCTACTTCTCTAAGG-1",0
"ATCTGCCAGGCTCAGA-1",3
"ATCTGCCGTACAGTTC-1",3
"ATCTGCCGTTGTGGAG-1",0
"ATCTGCCTCAGAGACG-1",2
"ATCTGCCTCAGCTGGC-1",3
"ATCTGCCTCGTACGGC-1",1
"ATCTGCCTCTCGAGTA-1",2
"ATCTGCCTCTGAGTGT-1",0
"ATCTGCCTCTTGTATC-1",4
"ATGAGGGAGGTCGGAT-1",2
"ATGAGGGCATGACGGA-1",3
"ATGAGGGCATTAGGCT-1",1
"ATGAGGGTCACATGCA-1",0
"ATGAGGGTCAGTCCCT-1",1
"ATGCGATAGTCAATAG-1",1
"ATGCGATCATGTTGAC-1",3
"ATGCGATGTGCAGTAG-1",5
"ATGCGATGTGCATCTA-1",0
"ATGCGATTCCCAAGAT-1",2
"ATGCGATTCGCCATAA-1",0
"ATGGGAGAGCAATATG-1",0
"ATGGGAGAGCCACGCT-1",1
"ATGGGAGAGGTGATAT-1",3
"ATGGGAGCACCAGGTC-1",3
"ATGGGAGCACTATCTT-1",0
"ATGGGAGCAGCATACT-1",1
"ATGGGAGCATAGAAAC-1",4
"ATGGGAGCATTACCTT-1",0
"ATGGGAGTCAAGGTAA-1",2
"ATGTGTGAGCGAAGGG-1",0
"ATGTGTGAGGGTTTCT-1",1
"ATGTGTGAGTTGAGTA-1",0
"ATGTGTGCACGGCGTT-1",0
"ATGTGTGCACGGTTTA-1",1
"ATGTGTGCAGTATAAG-1",2
"ATGTGTGTCACGCGGT-1",1
"ATTACTCAGATGTGTA-1",1
"ATTACTCAGCGTAATA-1",1
"ATTACTCAGGTGCACA-1",5
"ATTACTCAGTGAAGTT-1",0
"ATTACTCCAAACTGTC-1",1
"ATTACTCCACCATCCT-1",1
"ATTACTCCAGACTCGC-1",1
"ATTACTCCATATGCTG-1",1
"ATTACTCCATCGGTTA-1",1
"ATTACTCCATTGCGGC-1",0
"ATTACTCGTTAAAGAC-1",4
"ATTACTCTCCGAACGC-1",5
"ATTATCCAGAGTACCG-1",1
"ATTATCCAGCTTATCG-1",1
"ATTATCCCACAAGCCC-1",1
"ATTATCCCATATGAGA-1",0
"ATTATCCCATCTGGTA-1",1
"ATTATCCGTCGTTGTA-1",3
"ATTATCCGTCTCTCTG-1",2
"ATTATCCTCAACGGGA-1",4
"ATTATCCTCCGCGCAA-1",2
"ATTATCCTCTCCGGTT-1",1
"ATTCTACGTCACTTCC-1",2
"ATTCTACGTCTAGTCA-1",0
"ATTCTACGTTGTCGCG-1",1
"ATTGGACAGCAGATCG-1",4
"ATTGGACAGGGCATGT-1",0
"ATTGGACAGTGGACGT-1",1
"ATTGGACCAAGACACG-1",1
"ATTGGACGTAATAGCA-1",8
"ATTGGACTCCTGCTTG-1",2
"ATTGGACTCGGCGCAT-1",3
"ATTGGACTCGTTTGCC-1",1
"ATTGGTGAGAATGTTG-1",0
"ATTGGTGCAAGCTGAG-1",1
"ATTGGTGCAGCAGTTT-1",3
"ATTGGTGGTATGGTTC-1",2
"ATTGGTGGTTGAGTTC-1",1
"ATTGGTGTCAAAGTAG-1",2
"ATTGGTGTCGGAAACG-1",1
"ATTTCTGAGGGATACC-1",1
"ATTTCTGAGGGATCTG-1",2
"ATTTCTGAGGTGTTAA-1",0
"ATTTCTGAGTCGAGTG-1",2
"ATTTCTGAGTTCGCAT-1",0
"ATTTCTGCAAGGTGTG-1",0
"ATTTCTGGTAGCTCCG-1",1
"ATTTCTGGTGCACGAA-1",0
"ATTTCTGGTTGCCTCT-1",1
"ATTTCTGTCAAAGTAG-1",3
"ATTTCTGTCAGCTCGG-1",1
"ATTTCTGTCTTGGGTA-1",4
"CAACCAAAGAAACGCC-1",2
"CAACCAAAGAGGGCTT-1",1
"CAACCAAAGCTGAAAT-1",2
"CAACCAAAGGACAGCT-1",0
"CAACCAAAGGGAGTAA-1",2
"CAACCAACATACGCTA-1",3
"CAACCTCAGTAATCCC-1",1
"CAACCTCCAGACGCAA-1",2
"CAACCTCGTGAGTGAC-1",3
"CAACCTCGTTCCACGG-1",2
"CAACCTCTCATACGGT-1",2
"CAACCTCTCCGATATG-1",2
"CAACCTCTCCTTTACA-1",2
"CAACCTCTCTCTAGGA-1",1
"CAACTAGAGAATAGGG-1",4
"CAACTAGAGGATGCGT-1",0
"CAACTAGCACCATCCT-1",1
"CAACTAGCAGACTCGC-1",3
"CAACTAGCAGTTCATG-1",0
"CAACTAGGTACGCACC-1",1
"CAACTAGTCAGGCCCA-1",6
"CAAGAAAAGAAGGACA-1",3
"CAAGAAAAGACGCACA-1",3
"CAAGAAAAGGCCCTTG-1",1
"CAAGAAAAGGTGATAT-1",3
"CAAGAAAAGTCGATAA-1",3
"CAAGAAAAGTGGAGTC-1",2
"CAAGAAAAGTGTACCT-1",5
"CAAGAAACACGGTGTC-1",4
"CAAGAAATCTGCTTGC-1",0
"CAAGATCAGCTGAAAT-1",3
"CAAGATCGTAAGAGGA-1",1
"CAAGATCGTGCCTTGG-1",2
"CAAGATCTCAACACCA-1",4
"CAAGATCTCTCGATGA-1",1
"CAAGGCCAGGAGTCTG-1",2
"CAAGGCCAGGCTATCT-1",0
"CAAGGCCCACGGTAAG-1",2
"CAAGGCCCATGTTCCC-1",3
"CAAGGCCGTCCGTCAG-1",1
"CAAGGCCTCAACGGGA-1",2
"CAAGGCCTCCTTGACC-1",0
"CAAGGCCTCGTGACAT-1",1
"CAAGTTGAGACAGGCT-1",2
"CAAGTTGAGATGTCGG-1",2
"CAAGTTGAGCGTCAAG-1",1
"CAAGTTGAGCGTTTAC-1",1
"CAAGTTGCACATTAGC-1",1
"CAAGTTGCACGCTTTC-1",2
"CAAGTTGCACGGTGTC-1",0
"CAAGTTGCATTCTTAC-1",6
"CAAGTTGGTACTCAAC-1",1
"CAAGTTGGTCAGGACA-1",2
"CAAGTTGGTCGGCACT-1",0
"CAAGTTGTCAACGAAA-1",2
"CAAGTTGTCACCACCT-1",2
"CAAGTTGTCATTGCCC-1",2
"CAAGTTGTCGAATCCA-1",3
"CAAGTTGTCTACTTAC-1",1
"CACAAACAGGGCTCTC-1",2
"CACAAACAGGGCTTGA-1",2
"CACAAACAGTGACATA-1",3
"CACAAACCAACTGCGC-1",1
"CACAAACCAATAAGCA-1",1
"CACAAACCAATCAGAA-1",2
"CACAAACCACTTAACG-1",1
"CACAAACCATGAACCT-1",0
"CACAAACCATGGTCAT-1",2
"CACAAACGTCAACTGT-1",3
"CACAAACGTCAGAATA-1",0
"CACAAACTCTTCGGTC-1",0
"CACAAACTCTTGGGTA-1",3
"CACACAAAGCGACGTA-1",1
"CACACAAAGGGAGTAA-1",1
"CACACAACAAACGTGG-1",3
"CACACAACACATGACT-1",1
"CACACAACATCGATTG-1",2
"CACACAACATTGGGCC-1",4
"CACACAAGTACGACCC-1",3
"CACACAAGTCAGTGGA-1",2
"CACACAAGTCATCGGC-1",1
"CACACAAGTTTACTCT-1",1
"CACACAATCCACGTGG-1",2
"CACACAATCCACGTTC-1",3
"CACACAATCGGCGCAT-1",3
"CACACCTAGAGACTAT-1",3
"CACACCTAGGACATTA-1",0
"CACACCTAGTCATCCA-1",2
"CACACCTAGTGTGAAT-1",0
"CACACCTCACTGAAGG-1",3
"CACACCTCATAGGATA-1",1
"CACACCTCATAGTAAG-1",2
"CACACCTCATTGGGCC-1",2
"CACACCTGTACAGCAG-1",3
"CACACCTGTACCGCTG-1",2
"CACACCTGTCCAAGTT-1",1
"CACACCTGTGGACGAT-1",0
"CACACCTGTGGTCTCG-1",1
"CACACCTTCATGTCTT-1",2
"CACACCTTCTGGCGAC-1",0
"CACACTCAGGGAAACA-1",0
"CACACTCCAACACCTA-1",1
"CACACTCCAAGGGTCA-1",3
"CACACTCGTGACGCCT-1",0
"CACACTCGTTTGTGTG-1",0
"CACAGGCAGCCATCGC-1",2
"CACAGGCAGGGATGGG-1",2
"CACAGGCCAAGAGTCG-1",1
"CACAGGCCAATGGAGC-1",0
"CACAGGCGTCTAGGTT-1",0
"CACAGGCGTTACGCGC-1",2
"CACAGGCTCGGGAGTA-1",1
"CACAGGCTCTATGTGG-1",4
"CACAGTAAGACGCAAC-1",2
"CACAGTAAGACGCACA-1",2
"CACAGTAAGTGGGCTA-1",1
"CACAGTACAACTGGCC-1",0
"CACAGTACATCGGACC-1",2
"CACAGTAGTTCCATGA-1",8
"CACATAGAGCCCAATT-1",3
"CACATAGAGTGTACTC-1",0
"CACATAGCACTTCTGC-1",1
"CACATAGCAGGGTATG-1",1
"CACATAGTCCTTGCCA-1",0
"CACATAGTCGGCGCAT-1",1
"CACATTTAGCAGATCG-1",2
"CACATTTAGGGCACTA-1",1
"CACATTTCACGGCGTT-1",0
"CACATTTCATTACCTT-1",1
"CACATTTGTCGAACAG-1",1
"CACATTTGTGTTGAGG-1",1
"CACATTTTCCAGAGGA-1",1
"CACATTTTCCGCATCT-1",0
"CACATTTTCTACTATC-1",1
"CACATTTTCTGTGCAA-1",1
"CACCACTAGCCACGTC-1",2
"CACCACTAGTGGTAAT-1",0
"CACCACTAGTTACCCA-1",1
"CACCACTCAAGCCCAC-1",2
"CACCACTCAGTTCATG-1",2
"CACCACTGTTATTCTC-1",2
"CACCACTTCACCGGGT-1",3
"CACCACTTCGAATCCA-1",3
"CACCACTTCGACCAGC-1",0
"CACCACTTCTAACCGA-1",1
"CACCACTTCTTTAGTC-1",0
"CACCAGGCACATTAGC-1",8
"CACCAGGCACTGCCAG-1",1
"CACCAGGCATAAAGGT-1",3
"CACCAGGCATGAACCT-1",1
"CACCAGGGTGAAATCA-1",1
"CACCAGGGTGTTTGGT-1",2
"CACCAGGGTTATCACG-1",0
"CACCAGGTCATGTAGC-1",4
"CACCAGGTCTGCTTGC-1",1
"CACCTTGAGACTTGAA-1",3
"CACCTTGAGTCAATAG-1",0
"CACCTTGCACTAGTAC-1",1
"CACCTTGCAGGCGATA-1",0
"CACCTTGCATTCCTGC-1",2
"CACCTTGGTCATTAGC-1",0
"CACCTTGGTGATGTCT-1",1
"CACCTTGGTGTGAAAT-1",1
"CACCTTGGTTATGTGC-1",0
"CACCTTGTCAACCATG-1",1
"CACCTTGTCATTATCC-1",5
"CACCTTGTCCAAAGTC-1",1
"CACCTTGTCTCACATT-1",4
"CACTCCAAGACAAGCC-1",1
"CACTCCAAGGTACTCT-1",5
"CACTCCACAATGGACG-1",0
"CACTCCAGTACATGTC-1",3
"CACTCCAGTTGTCGCG-1",5
"CACTCCATCAACACAC-1",3
"CACTCCATCCCAGGTG-1",0
"CAGAATCAGAAACCTA-1",1
"CAGAATCAGCCAACAG-1",4
"CAGAATCAGCTGGAAC-1",0
"CAGAATCAGGACTGGT-1",1
"CAGAATCAGTATCGAA-1",5
"CAGAATCCACAGAGGT-1",2
"CAGAATCCAGGGTACA-1",0
"CAGAATCGTAAGTGTA-1",2
"CAGAATCGTAATCACC-1",2
"CAGAATCTCAGTTTGG-1",1
"CAGAATCTCGCAAGCC-1",1
"CAGAATCTCGGTCCGA-1",2
"CAGAATCTCTTGCAAG-1",1
"CAGAATCTCTTGTACT-1",1
"CAGAGAGAGAATTGTG-1",4
"CAGAGAGAGCAATATG-1",2
"CAGAGAGCAAGAAGAG-1",2
"CAGAGAGCACCAGATT-1",2
"CAGAGAGGTAATCACC-1",1
"CAGAGAGGTAGCTGCC-1",0
"CAGAGAGGTAGGACAC-1",3
"CAGAGAGGTATAGGGC-1",1
"CAGAGAGGTCCGAATT-1",0
"CAGAGAGGTTGAGGTG-1",2
"CAGAGAGTCACCCGAG-1",1
"CAGAGAGTCATAACCG-1",2
"CAGAGAGTCCGAACGC-1",6
"CAGAGAGTCTGGTATG-1",1
"CAGATCAAGAGACGAA-1",2
"CAGATCAAGCACCGTC-1",2
"CAGATCAAGCTTCGCG-1",1
"CAGATCAAGGATTCGG-1",2
"CAGATCAAGTGTACCT-1",0
"CAGATCAAGTTTAGGA-1",1
"CAGATCACAATAACGA-1",1
"CAGATCACACACCGAC-1",0
"CAGATCACACGGTAAG-1",0
"CAGATCACACTCTGTC-1",0
"CAGATCACAGCATACT-1",2
"CAGATCACAGTGGGAT-1",1
"CAGATCAGTACCAGTT-1",1
"CAGATCAGTGCGGTAA-1",1
"CAGATCATCTGATACG-1",2
"CAGATCATCTGATTCT-1",3
"CAGCAGCAGATGCCAG-1",3
"CAGCAGCAGGGAACGG-1",0
"CAGCAGCCACCTATCC-1",3
"CAGCAGCCATCACAAC-1",0
"CAGCAGCGTGCTAGCC-1",2
"CAGCAGCTCAACACTG-1",1
"CAGCAGCTCGAACTGT-1",1
"CAGCAGCTCGCCGTGA-1",3
"CAGCATAAGAGACGAA-1",2
"CAGCATAGTCTAGGTT-1",1
"CAGCATAGTTTACTCT-1",3
"CAGCATATCACGAAGG-1",0
"CAGCATATCAGGCAAG-1",2
"CAGCATATCCTTAATC-1",4
"CAGCCGAAGCATCATC-1",1
"CAGCCGAAGTTTCCTT-1",2
"CAGCCGACACGTGAGA-1",4
"CAGCCGACATCAGTCA-1",1
"CAGCCGAGTGATGTCT-1",1
"CAGCCGATCACCAGGC-1",1
"CAGCCGATCCTCAATT-1",1
"CAGCGACAGAAACGCC-1",0
"CAGCGACAGCGTCAAG-1",1
"CAGCGACCAAACGTGG-1",2
"CAGCGACCAAAGCGGT-1",0
"CAGCGACCACGTCAGC-1",1
"CAGCGACCATGGGACA-1",2
"CAGCGACGTCTGATTG-1",0
"CAGCGACGTGGACGAT-1",1
"CAGCGACGTGGTTTCA-1",1
"CAGCGACGTTCGGCAC-1",1
"CAGCGACTCCGCAAGC-1",0
"CAGCGACTCTGGGCCA-1",1
"CAGCTAAAGATGTGTA-1",2
"CAGCTAAAGCAGACTG-1",1
"CAGCTAAAGCTGTTCA-1",0
"CAGCTAAAGGAGCGTT-1",1
"CAGCTAACACAGATTC-1",2
"CAGCTAACATCAGTAC-1",4
"CAGCTAAGTAATCGTC-1",0
"CAGCTAAGTCTCACCT-1",3
"CAGCTAAGTTCGTCTC-1",4
"CAGCTAATCCACGCAG-1",0
"CAGCTAATCCCTAACC-1",0
"CAGCTAATCTGGTTCC-1",0
"CAGCTAATCTTAGCCC-1",1
"CAGCTAATCTTCGGTC-1",3
"CAGCTGGAGACACTAA-1",2
"CAGCTGGAGATCCTGT-1",2
"CAGCTGGCACCAACCG-1",0
"CAGCTGGCAGTGGAGT-1",3
"CAGCTGGCATGCATGT-1",2
"CAGCTGGTCTACCTGC-1",3
"CAGGTGCAGAGACGAA-1",0
"CAGGTGCAGATCCTGT-1",1
"CAGGTGCAGGCATGTG-1",0
"CAGGTGCCAGGAACGT-1",0
"CAGGTGCCATAGTAAG-1",3
"CAGGTGCCATCGGAAG-1",1
"CAGGTGCTCAGTTGAC-1",3
"CAGGTGCTCCAAGTAC-1",2
"CAGGTGCTCTTGTATC-1",0
"CAGTAACAGATATGGT-1",1
"CAGTAACAGATGGCGT-1",2
"CAGTAACCAATCACAC-1",1
"CAGTAACCACTCGACG-1",0
"CAGTAACGTGATAAGT-1",0
"CAGTAACGTGCACCAC-1",0
"CAGTAACTCAGAGGTG-1",0
"CAGTAACTCGTACGGC-1",1
"CAGTAACTCGTGACAT-1",2
"CAGTAACTCTGCCAGG-1",2
"CAGTCCTAGAATCTCC-1",3
"CAGTCCTAGATCTGCT-1",3
"CAGTCCTCAGTATAAG-1",1
"CAGTCCTTCAACACGT-1",3
"CAGTCCTTCCATGAGT-1",2
"CAGTCCTTCCCGACTT-1",1
"CAGTCCTTCCCTTGTG-1",1
"CAGTCCTTCGAACGGA-1",7
"CAGTCCTTCGGTTCGG-1",0
"CAGTCCTTCTACTTAC-1",1
"CATATGGAGAGATGAG-1",0
"CATATGGAGGCATGGT-1",0
"CATATGGAGTATTGGA-1",1
"CATATGGCAAGCGTAG-1",1
"CATATGGGTCGCATAT-1",0
"CATATGGTCATTATCC-1",1
"CATATGGTCATTGCGA-1",0
"CATATTCAGGCGACAT-1",2
"CATATTCCACCACCAG-1",2
"CATATTCGTGACTACT-1",1
"CATATTCGTGGTACAG-1",1
"CATATTCGTGTGACGA-1",3
"CATATTCTCACAGGCC-1",1
"CATATTCTCGCAAACT-1",1
"CATCAAGAGAACTCGG-1",1
"CATCAAGAGATGGCGT-1",0
"CATCAAGAGCCGCCTA-1",4
"CATCAAGCACGAAACG-1",3
"CATCAAGCAGCCTTTC-1",3
"CATCAAGCATGGAATA-1",3
"CATCAAGGTTACTGAC-1",1
"CATCAAGGTTCCATGA-1",0
"CATCAAGTCTAAGCCA-1",1
"CATCAAGTCTGACCTC-1",0
"CATCAGAAGCTAGTCT-1",1
"CATCAGACAAGCCATT-1",1
"CATCAGACAATGACCT-1",3
"CATCAGACACGGCCAT-1",1
"CATCAGACAGACAGGT-1",0
"CATCAGACATAACCTG-1",1
"CATCAGAGTAATTGGA-1",3
"CATCAGAGTACATGTC-1",3
"CATCAGAGTGTTAAGA-1",3
"CATCAGAGTTCAACCA-1",1
"CATCAGATCGTTGACA-1",0
"CATCCACGTAAAGTCA-1",3
"CATCCACGTACCGTAT-1",2
"CATCCACGTGCCTGTG-1",10
"CATCCACGTTTAAGCC-1",2
"CATCGAAAGAGTACAT-1",2
"CATCGAAAGCTGTCTA-1",2
"CATCGAACAAGAGGCT-1",5
"CATCGAACAAGCTGAG-1",1
"CATCGAACACATTTCT-1",2
"CATCGAACATAAAGGT-1",1
"CATCGAAGTAGTACCT-1",1
"CATCGAAGTCCGACGT-1",2
"CATCGAAGTGCACTTA-1",1
"CATCGAATCAAACCAC-1",1
"CATCGAATCCGCGGTA-1",1
"CATCGAATCCGTAGTA-1",0
"CATCGGGAGAAGCCCA-1",2
"CATCGGGAGCGAGAAA-1",1
"CATCGGGAGGGTGTGT-1",1
"CATCGGGAGGTGTTAA-1",1
"CATCGGGAGTGACTCT-1",2
"CATCGGGCACTCAGGC-1",2
"CATCGGGCAGACGCTC-1",3
"CATCGGGCATCACAAC-1",0
"CATCGGGGTCCTCTTG-1",3
"CATCGGGGTGAGGGAG-1",2
"CATCGGGGTTCGAATC-1",2
"CATCGGGTCAGGATCT-1",3
"CATCGGGTCCACGAAT-1",2
"CATCGGGTCGATGAGG-1",1
"CATGACAAGACCACGA-1",0
"CATGACAAGCTCCTCT-1",0
"CATGACAAGTAACCCT-1",6
"CATGACAAGTATCTCG-1",1
"CATGACAGTCGTCTTC-1",0
"CATGACAGTGAACCTT-1",3
"CATGACATCAATAAGG-1",0
"CATGACATCTAACTGG-1",2
"CATGCCTAGACCTAGG-1",1
"CATGCCTAGAGTCTGG-1",1
"CATGCCTCACCACCAG-1",1
"CATGCCTGTCAAAGCG-1",1
"CATGCCTGTCGATTGT-1",2
"CATGCCTTCCACGACG-1",0
"CATGCCTTCCTCATTA-1",2
"CATGCCTTCGCATGAT-1",2
"CATGGCGAGAGCTGGT-1",3
"CATGGCGAGTACGACG-1",1
"CATGGCGTCCAAAGTC-1",0
"CATGGCGTCCCTTGTG-1",0
"CATGGCGTCGGCCGAT-1",1
"CATGGCGTCTCAAACG-1",1
"CATGGCGTCTGCCCTA-1",1
"CATTATCAGACCCACC-1",2
"CATTATCAGTCCCACG-1",0
"CATTATCCAAGTCTGT-1",1
"CATTATCCAGGGCATA-1",1
"CATTATCGTCAATGTC-1",1
"CATTATCTCACAAACC-1",1
"CATTATCTCAGATAAG-1",0
"CATTATCTCGCGTTTC-1",0
"CATTATCTCGTTGCCT-1",3
"CATTATCTCTATCCCG-1",0
"CATTATCTCTTAACCT-1",2
"CATTCGCAGGTGCTAG-1",2
"CATTCGCCAAGGGTCA-1",0
"CATTCGCCAGCCTATA-1",0
"CATTCGCCATACAGCT-1",2
"CATTCGCCATGGATGG-1",2
"CATTCGCCATGTCTCC-1",2
"CATTCGCCATTCACTT-1",1
"CATTCGCGTAGCACGA-1",3
"CATTCGCTCATCACCC-1",1
"CCAATCCAGACCACGA-1",1
"CCAATCCAGATATGGT-1",1
"CCAATCCAGTCGAGTG-1",1
"CCAATCCAGTCGTTTG-1",3
"CCAATCCAGTTTAGGA-1",0
"CCAATCCCAAGCGAGT-1",2
"CCAATCCTCGGACAAG-1",3
"CCAATCCTCTACCTGC-1",1
"CCACCTAAGCAGACTG-1",3
"CCACCTAAGGATGGTC-1",4
"CCACCTAAGTCGAGTG-1",0
"CCACCTAAGTGGGATC-1",0
"CCACCTAAGTGTGGCA-1",2
"CCACCTACAACAACCT-1",2
"CCACCTACAAGCCGCT-1",0
"CCACCTACAATCTACG-1",1
"CCACCTAGTAGTACCT-1",1
"CCACCTAGTCGCGTGT-1",1
"CCACCTAGTGGGTCAA-1",0
"CCACCTATCAGTTGAC-1",0
"CCACCTATCTGATACG-1",1
"CCACGGAAGACACGAC-1",2
"CCACGGAAGGGAACGG-1",2
"CCACGGACATGTCGAT-1",3
"CCACGGAGTAAGGGCT-1",1
"CCACGGAGTCAGATAA-1",1
"CCACGGAGTCCGTGAC-1",4
"CCACGGAGTGTAATGA-1",3
"CCACGGAGTTCTGAAC-1",3
"CCACGGATCACATAGC-1",0
"CCACGGATCCACGTGG-1",1
"CCACGGATCTACTATC-1",0
"CCACGGATCTAGAGTC-1",4
"CCACTACAGAGTACCG-1",0
"CCACTACAGCTTTGGT-1",1
"CCACTACCAGCAGTTT-1",1
"CCACTACCAGTAGAGC-1",0
"CCACTACGTCCGAATT-1",4
"CCACTACGTCTCAACA-1",3
"CCACTACGTGACAAAT-1",3
"CCACTACGTGACCAAG-1",0
"CCACTACGTGCACGAA-1",1
"CCACTACTCACTCTTA-1",2
"CCACTACTCCGCATCT-1",1
"CCACTACTCGGAAATA-1",1
"CCACTACTCTCGTATT-1",2
"CCACTACTCTCGTTTA-1",2
"CCAGCGAAGCCCAACC-1",1
"CCAGCGACATCGGGTC-1",0
"CCAGCGACATGTCCTC-1",0
"CCAGCGAGTAGGCATG-1",1
"CCAGCGAGTCCGTTAA-1",3
"CCAGCGATCAGAAATG-1",0
"CCATGTCAGCGATCCC-1",2
"CCATGTCAGGTCGGAT-1",0
"CCATGTCAGGTTACCT-1",0
"CCATGTCCAAGCTGGA-1",5
"CCATGTCCACATCCGG-1",1
"CCATGTCGTCCAGTAT-1",2
"CCATGTCTCCAAGTAC-1",0
"CCATGTCTCTTGTATC-1",4
"CCATTCGCAGTACACT-1",8
"CCATTCGCAGTTTACG-1",1
"CCATTCGGTAATCGTC-1",2
"CCATTCGGTATTACCG-1",0
"CCATTCGTCGTAGGAG-1",1
"CCCAATCAGTCACGCC-1",1
"CCCAATCCAGGTGGAT-1",6
"CCCAATCGTGAAGGCT-1",1
"CCCAATCGTTGGAGGT-1",2
"CCCAATCTCACATGCA-1",1
"CCCAATCTCCAGTATG-1",0
"CCCAATCTCGGAGCAA-1",0
"CCCAGTTAGAATAGGG-1",1
"CCCAGTTAGATCCCGC-1",1
"CCCAGTTAGCGTGAAC-1",0
"CCCAGTTAGGAATCGC-1",1
"CCCAGTTAGTCCGGTC-1",2
"CCCAGTTAGTTTGCGT-1",1
"CCCAGTTGTACATGTC-1",0
"CCCAGTTGTCTGCAAT-1",3
"CCCAGTTTCTGAAAGA-1",1
"CCCATACAGGGTTCCC-1",0
"CCCATACAGTGTTTGC-1",2
"CCCATACCAAAGGTGC-1",2
"CCCATACCAACACCCG-1",0
"CCCATACCAGCAGTTT-1",1
"CCCATACGTATTACCG-1",0
"CCCATACGTCAATACC-1",0
"CCCATACGTCTAGTCA-1",2
"CCCATACGTTGAGTTC-1",1
"CCCATACTCAATAAGG-1",4
"CCCATACTCAGCGACC-1",3
"CCCATACTCATCACCC-1",2
"CCCATACTCCGTAGGC-1",0
"CCCTCCTAGGAATCGC-1",7
"CCCTCCTCACGTCTCT-1",4
"CCCTCCTCAGCTTAAC-1",0
"CCCTCCTCATATGAGA-1",0
"CCCTCCTCATCACGTA-1",2
"CCCTCCTGTATGGTTC-1",4
"CCCTCCTGTTAGATGA-1",1
"CCCTCCTTCAATCACG-1",0
"CCCTCCTTCCGCAGTG-1",3
"CCGGGATAGCTTCGCG-1",2
"CCGGGATAGGCGACAT-1",2
"CCGGGATAGGCTAGGT-1",3
"CCGGGATCACAGTCGC-1",3
"CCGGGATGTATAGGTA-1",1
"CCGGGATTCAGAGCTT-1",3
"CCGGGATTCGCTAGCG-1",1
"CCGGGATTCGCTTGTC-1",0
"CCGGTAGAGCGTCTAT-1",2
"CCGGTAGAGTACGCCC-1",1
"CCGGTAGCACATAACC-1",5
"CCGGTAGCACGCATCG-1",1
"CCGGTAGGTACTTCTT-1",3
"CCGGTAGGTCAAACTC-1",2
"CCGGTAGTCGTCCGTT-1",2
"CCGTACTAGAGAACAG-1",0
"CCGTACTAGTCCGTAT-1",3
"CCGTACTCAAGCCCAC-1",8
"CCGTACTCAAGCGAGT-1",0
"CCGTACTCATCCCACT-1",0
"CCGTACTGTACAGCAG-1",3
"CCGTACTGTAGCGCTC-1",1
"CCGTACTGTGCGGTAA-1",1
"CCGTACTTCGTTACAG-1",2
"CCGTGGAAGACGCACA-1",0
"CCGTGGAAGAGTTGGC-1",2
"CCGTGGAAGGTGATAT-1",2
"CCGTGGAAGGTTCCTA-1",2
"CCGTGGACAGCCTTGG-1",0
"CCGTGGAGTTCCATGA-1",4
"CCGTGGATCTAACTTC-1",3
"CCGTGGATCTCTGTCG-1",3
"CCGTTCAAGCGTAATA-1",2
"CCGTTCAAGTACGATA-1",2
"CCGTTCAAGTAGATGT-1",1
"CCGTTCACAGGATCGA-1",2
"CCGTTCAGTATAGGGC-1",1
"CCGTTCAGTCGCGAAA-1",0
"CCGTTCATCGTACCGG-1",0
"CCTAAAGAGAGTTGGC-1",1
"CCTAAAGCAAACCTAC-1",0
"CCTAAAGCATGTCTCC-1",0
"CCTAAAGGTACTCAAC-1",4
"CCTAAAGGTCGGCACT-1",4
"CCTAAAGGTGTAATGA-1",1
"CCTAAAGTCACCGTAA-1",1
"CCTAAAGTCAGCGATT-1",3
"CCTAAAGTCGGCGCTA-1",0
"CCTAAAGTCGGTCCGA-1",1
"CCTACACAGGACCACA-1",3
"CCTACACAGGGTGTTG-1",1
"CCTACACCAGTAAGAT-1",0
"CCTACACGTATAGTAG-1",0
"CCTACACGTCCGAACC-1",1
"CCTACACGTGGGTCAA-1",1
"CCTACACGTTTGACTG-1",0
"CCTACACTCGGCGCTA-1",2
"CCTACACTCGTGACAT-1",2
"CCTACCAAGATAGGAG-1",1
"CCTACCAAGCAAATCA-1",1
"CCTACCAAGCGTAGTG-1",3
"CCTACCAAGCTTCGCG-1",1
"CCTACCAAGTGCGATG-1",2
"CCTACCAGTATCAGTC-1",2
"CCTACCAGTCTCTCTG-1",3
"CCTACCAGTCTTTCAT-1",0
"CCTACCATCAGCACAT-1",0
"CCTACCATCGCCAGCA-1",1
"CCTAGCTAGCAAATCA-1",0
"CCTAGCTAGCTCCTCT-1",2
"CCTAGCTAGGTTACCT-1",0
"CCTAGCTAGTACGCGA-1",1
"CCTAGCTCAATGAATG-1",1
"CCTAGCTCAATGGTCT-1",1
"CCTAGCTCACATCCAA-1",1
"CCTAGCTCAGCCAGAA-1",2
"CCTAGCTGTAGAAAGG-1",2
"CCTAGCTGTCACCCAG-1",0
"CCTAGCTGTCTGATTG-1",2
"CCTAGCTTCACGATGT-1",0
"CCTAGCTTCGTAGGAG-1",1
"CCTATTAAGAATTCCC-1",1
"CCTATTAAGCAGGCTA-1",0
"CCTATTAAGCAGGTCA-1",1
"CCTATTAAGGGAGTAA-1",3
"CCTATTAAGGTAGCCA-1",2
"CCTATTACACAACTGT-1",1
"CCTATTACACATCCGG-1",0
"CCTATTAGTCAATACC-1",1
"CCTATTATCATCACCC-1",1
"CCTATTATCTGCGACG-1",0
"CCTCAGTAGCTAACTC-1",1
"CCTCAGTCAGGTGGAT-1",1
"CCTCAGTGTCCATCCT-1",1
"CCTCAGTGTCCGACGT-1",4
"CCTCAGTGTCTTGTCC-1",2
"CCTCAGTGTGGGTATG-1",2
"CCTCTGAAGTATCGAA-1",3
"CCTCTGAAGTGGGTTG-1",1
"CCTCTGACAAGCTGTT-1",2
"CCTCTGACACCGATAT-1",3
"CCTCTGACAGATGAGC-1",3
"CCTCTGAGTCAATACC-1",1
"CCTCTGAGTCCGAACC-1",0
"CCTCTGAGTCGTGGCT-1",0
"CCTCTGAGTCTGATTG-1",5
"CCTCTGATCTGAGGGA-1",0
"CCTTACGCAAGCGTAG-1",1
"CCTTACGCACCAACCG-1",5
"CCTTACGGTCATCCCT-1",3
"CCTTACGGTCCTCTTG-1",4
"CCTTACGTCACAACGT-1",0
"CCTTACGTCATCTGCC-1",1
"CCTTACGTCGGAGGTA-1",1
"CCTTCCCAGAGACTAT-1",1
"CCTTCCCAGCTAGGCA-1",0
"CCTTCCCAGGACGAAA-1",0
"CCTTCCCAGGGCATGT-1",2
"CCTTCCCAGGTACTCT-1",0
"CCTTCCCCATGATCCA-1",4
"CCTTCCCTCAAGGCTT-1",4
"CCTTCCCTCTATCCTA-1",3
"CCTTCCCTCTATCGCC-1",1
"CCTTCGAAGGCGCTCT-1",1
"CCTTCGACAACACCCG-1",3
"CCTTCGACAGCGATCC-1",2
"CCTTCGAGTAAGCACG-1",1
"CCTTCGAGTCCATGAT-1",0
"CCTTCGAGTGTGACCC-1",3
"CCTTCGAGTTGGTGGA-1",3
"CCTTCGATCACAGTAC-1",2
"CCTTCGATCCTATGTT-1",1
"CCTTCGATCGCACTCT-1",1
"CCTTTCTAGACGCTTT-1",1
"CCTTTCTAGGGCACTA-1",1
"CCTTTCTAGTGGAGTC-1",1
"CCTTTCTCAGACAAGC-1",2
"CCTTTCTCATCACGAT-1",0
"CCTTTCTCATGCCCGA-1",1
"CCTTTCTTCCCACTTG-1",3
"CCTTTCTTCTTTACGT-1",1
"CGAACATCACATGACT-1",2
"CGAACATCACTTGGAT-1",0
"CGAACATCAGTCCTTC-1",1
"CGAACATGTCTGATTG-1",1
"CGAACATGTGCTGTAT-1",2
"CGAACATTCTCAAACG-1",0
"CGAATGTAGAGGTTAT-1",0
"CGAATGTAGCGATAGC-1",2
"CGAATGTAGTTCGCAT-1",0
"CGAATGTCAATGCCAT-1",0
"CGAATGTGTCTAGTCA-1",1
"CGAATGTGTCTCACCT-1",0
"CGAATGTTCAACACAC-1",2
"CGAATGTTCATCACCC-1",2
"CGAATGTTCTGTACGA-1",1
"CGACCTTAGCTACCGC-1",0
"CGACCTTAGCTAGTCT-1",2
"CGACCTTCAAAGTGCG-1",3
"CGACCTTCACGAAATA-1",0
"CGACCTTGTAAGTGTA-1",2
"CGACCTTGTCAGAATA-1",0
"CGACCTTGTCTCCCTA-1",0
"CGACCTTGTCTCTTAT-1",1
"CGACCTTTCCGCGTTT-1",0
"CGACCTTTCGTTTATC-1",3
"CGACCTTTCTCCAGGG-1",2
"CGACTTCAGACACGAC-1",0
"CGACTTCAGGTAGCCA-1",2
"CGACTTCAGTCTTGCA-1",1
"CGACTTCCAATGGACG-1",1
"CGACTTCGTGGTGTAG-1",3
"CGACTTCGTTGAGTTC-1",0
"CGACTTCTCACTTACT-1",3
"CGACTTCTCTCGCTTG-1",1
"CGAGAAGAGAAACGCC-1",1
"CGAGAAGAGCCAACAG-1",0
"CGAGAAGAGCGTGTCC-1",3
"CGAGAAGCAAGTTCTG-1",2
"CGAGAAGCACATCCGG-1",1
"CGAGAAGCAGGCTGAA-1",7
"CGAGAAGTCGGATGGA-1",0
"CGAGCACAGCCAGAAC-1",1
"CGAGCACCACATGTGT-1",1
"CGAGCACGTAGCGTCC-1",0
"CGAGCACGTAGCGTGA-1",2
"CGAGCACGTCAGATAA-1",1
"CGAGCACGTGCCTTGG-1",2
"CGAGCACTCCCGGATG-1",3
"CGAGCACTCCGCTGTT-1",0
"CGAGCACTCGGAAATA-1",0
"CGAGCACTCGTGACAT-1",2
"CGAGCCAAGCTAGCCC-1",2
"CGAGCCAGTATATCCG-1",0
"CGAGCCAGTCAAGCGA-1",1
"CGATCGGAGAGCCTAG-1",2
"CGATCGGAGTACGATA-1",1
"CGATCGGCAAACGCGA-1",0
"CGATCGGCAAGCGATG-1",1
"CGATCGGCAATACGCT-1",1
"CGATCGGCAGTTAACC-1",1
"CGATCGGCATACTCTT-1",0
"CGATCGGGTCGACTGC-1",0
"CGATCGGTCAACGGGA-1",3
"CGATCGGTCTAGCACA-1",2
"CGATGGCAGCCGTCGT-1",2
"CGATGGCAGTCCAGGA-1",0
"CGATGGCCACTTAACG-1",1
"CGATGGCCAGCGTAAG-1",1
"CGATGGCCATCATCCC-1",2
"CGATGGCTCCTAGAAC-1",1
"CGATGGCTCGCTAGCG-1",2
"CGATGGCTCTGACCTC-1",1
"CGATGTAAGGCAATTA-1",1
"CGATGTAAGTTTGCGT-1",1
"CGATGTACACAGGCCT-1",1
"CGATGTACAGGTCTCG-1",2
"CGATGTAGTCCAGTGC-1",1
"CGATGTAGTCTAGGTT-1",0
"CGATGTAGTGTGCCTG-1",0
"CGATGTAGTTTGCATG-1",1
"CGATTGAAGATGTGGC-1",1
"CGATTGACAGACGCAA-1",2
"CGATTGAGTATGGTTC-1",1
"CGATTGAGTTCAGACT-1",1
"CGATTGATCATGGTCA-1",1
"CGATTGATCTGCGGCA-1",0
"CGCCAAGAGAATGTTG-1",1
"CGCCAAGAGACCTTTG-1",1
"CGCCAAGAGATCGGGT-1",2
"CGCCAAGAGATCTGAA-1",1
"CGCCAAGAGCGTGTCC-1",3
"CGCCAAGGTCTAGGTT-1",2
"CGCCAAGTCAGGATCT-1",1
"CGCCAAGTCCACTCCA-1",2
"CGCCAAGTCTTGTTTG-1",1
"CGCGGTAAGCTAGCCC-1",4
"CGCGGTAAGGGTTCCC-1",2
"CGCGGTACAAACTGCT-1",2
"CGCGGTACAATGGAAT-1",0
"CGCGGTACAGCTGTTA-1",1
"CGCGGTAGTCAAGCGA-1",1
"CGCGGTAGTGAGGCTA-1",1
"CGCGGTAGTTTGCATG-1",2
"CGCGTTTAGTTATCGC-1",0
"CGCGTTTCAACAACCT-1",4
"CGCGTTTCAAGCGAGT-1",1
"CGCGTTTCAATGGACG-1",4
"CGCGTTTCACGGTGTC-1",4
"CGCGTTTGTGCTGTAT-1",1
"CGCGTTTGTGGACGAT-1",4
"CGCGTTTTCAAACCGT-1",3
"CGCGTTTTCAGCCTAA-1",1
"CGCGTTTTCCTATGTT-1",0
"CGCGTTTTCGTGGTCG-1",4
"CGCTATCAGAAACCGC-1",2
"CGCTATCAGTCATCCA-1",1
"CGCTATCCAAGCGAGT-1",0
"CGCTATCCAGTCGATT-1",0
"CGCTATCCATCGACGC-1",3
"CGCTATCCATTTCAGG-1",3
"CGCTATCGTACCGAGA-1",2
"CGCTATCGTTCGAATC-1",2
"CGCTATCGTTTCGCTC-1",2
"CGCTATCTCGTTACAG-1",1
"CGCTGGAAGGACATTA-1",2
"CGCTGGAAGGGCACTA-1",1
"CGCTGGAAGGTGATAT-1",3
"CGCTGGACAGACTCGC-1",2
"CGCTGGAGTGTAATGA-1",2
"CGCTGGAGTTCTGGTA-1",0
"CGCTGGATCCGAAGAG-1",2
"CGCTGGATCCGTTGCT-1",1
"CGCTGGATCGTAGGAG-1",3
"CGCTGGATCGTTACAG-1",0
"CGCTTCAAGAAGGGTA-1",3
"CGCTTCAAGGTCGGAT-1",0
"CGCTTCACACGGTGTC-1",0
"CGCTTCACAGACAAGC-1",0
"CGCTTCACATCACCCT-1",4
"CGCTTCAGTCGCGGTT-1",1
"CGCTTCATCTTAGAGC-1",2
"CGGACACAGCGATATA-1",1
"CGGACACAGCGATGAC-1",1
"CGGACACAGCTTCGCG-1",3
"CGGACACAGGTAAACT-1",1
"CGGACACAGTAGCCGA-1",0
"CGGACACCACAGGAGT-1",0
"CGGACACCATTCACTT-1",3
"CGGACACGTGAGCGAT-1",2
"CGGACACGTGCTCTTC-1",1
"CGGACACGTGTGACCC-1",3
"CGGACGTAGGTTACCT-1",3
"CGGACGTCATGGGACA-1",1
"CGGACGTGTGAAAGAG-1",0
"CGGACGTGTTGGTAAA-1",3
"CGGACGTTCATGTGGT-1",0
"CGGACGTTCTGTCCGT-1",2
"CGGACTGAGGAGCGAG-1",2
"CGGACTGAGGAGTCTG-1",0
"CGGACTGAGTGGTAGC-1",4
"CGGACTGCAACTTGAC-1",5
"CGGACTGCAATGACCT-1",0
"CGGACTGCACAACGTT-1",0
"CGGACTGCACGCCAGT-1",2
"CGGACTGCAGTATGCT-1",2
"CGGACTGGTAAAGGAG-1",1
"CGGACTGGTATAAACG-1",2
"CGGACTGGTGTAAGTA-1",3
"CGGACTGGTGTGGTTT-1",0
"CGGACTGGTTGACGTT-1",0
"CGGACTGTCATTGCCC-1",0
"CGGACTGTCCATGCTC-1",1
"CGGACTGTCCGTCAAA-1",3
"CGGACTGTCGTTTGCC-1",1
"CGGACTGTCTTCATGT-1",4
"CGGAGCTAGTTTAGGA-1",2
"CGGAGCTCATTGAGCT-1",1
"CGGAGCTGTAGAAAGG-1",4
"CGGAGCTTCACTTATC-1",2
"CGGAGCTTCATGTAGC-1",2
"CGGAGCTTCCACGAAT-1",5
"CGGAGTCAGTGCGATG-1",2
"CGGAGTCAGTGTGAAT-1",1
"CGGAGTCCAGTGGGAT-1",2
"CGGAGTCCATTATCTC-1",2
"CGGAGTCGTAGCTGCC-1",1
"CGGAGTCGTCCAGTGC-1",1
"CGGAGTCGTGTTCGAT-1",0
"CGGAGTCTCCCAGGTG-1",1
"CGGAGTCTCCGTAGTA-1",1
"CGGCTAGAGAAACGCC-1",1
"CGGCTAGAGCACCGTC-1",0
"CGGCTAGAGCTAAACA-1",0
"CGGCTAGCAGACAAAT-1",2
"CGGCTAGGTAACGCGA-1",1
"CGGCTAGGTTCATGGT-1",6
"CGGCTAGTCAAAGACA-1",2
"CGGCTAGTCGTGGGAA-1",1
"CGGCTAGTCTTGTTTG-1",3
"CGGGTCAAGAGTCGGT-1",3
"CGGGTCAAGCACACAG-1",0
"CGGGTCAAGCTAACTC-1",0
"CGGGTCAAGGACACCA-1",1
"CGGGTCAAGTATGACA-1",0
"CGGGTCACAATGACCT-1",3
"CGGGTCACACCGAAAG-1",3
"CGGGTCACAGCCACCA-1",1
"CGGGTCACATACAGCT-1",1
"CGGGTCACATCCTTGC-1",1
"CGGGTCAGTAGCGCTC-1",2
"CGGGTCAGTCGATTGT-1",0
"CGGGTCAGTGCAACTT-1",3
"CGGGTCAGTTGTTTGG-1",0
"CGGGTCATCAACACCA-1",4
"CGGGTCATCACCTTAT-1",2
"CGGGTCATCCACGACG-1",2
"CGGTTAACAGGACCCT-1",1
"CGGTTAACATGTCCTC-1",0
"CGGTTAACATTCCTGC-1",0
"CGGTTAAGTCGACTGC-1",5
"CGGTTAATCCGGCACA-1",1
"CGGTTAATCCTTTCGG-1",2
"CGGTTAATCTTATCTG-1",3
"CGTAGCGAGATGTAAC-1",7
"CGTAGCGAGGCAATTA-1",2
"CGTAGCGAGTAGGTGC-1",2
"CGTAGCGCAAGCGCTC-1",1
"CGTAGCGTCCAACCAA-1",2
"CGTAGCGTCGGCGGTT-1",2
"CGTAGGCAGGGCTCTC-1",1
"CGTAGGCCAAGCGATG-1",1
"CGTAGGCCACTAAGTC-1",1
"CGTAGGCCAGAGTGTG-1",1
"CGTAGGCCATCCCATC-1",3
"CGTAGGCGTATTAGCC-1",0
"CGTAGGCGTCAATACC-1",0
"CGTAGGCGTGGCGAAT-1",2
"CGTAGGCTCCAGAAGG-1",1
"CGTCACTAGTCATGCT-1",2
"CGTCACTCAAAGCGGT-1",3
"CGTCACTCAGGTCCAC-1",1
"CGTCACTCAGTCACTA-1",2
"CGTCACTTCCTTGACC-1",1
"CGTCACTTCGGTGTTA-1",2
"CGTCACTTCTGTGCAA-1",1
"CGTCACTTCTTGAGAC-1",1
"CGTCAGGAGCTGTTCA-1",0
"CGTCAGGCAAAGCAAT-1",1
"CGTCAGGCAAAGCGGT-1",3
"CGTCAGGCAACACGCC-1",0
"CGTCAGGCATCCGCGA-1",4
"CGTCAGGGTCAGCTAT-1",3
"CGTCAGGGTCGTTGTA-1",4
"CGTCAGGGTGTAAGTA-1",3
"CGTCAGGTCCACTGGG-1",1
"CGTCAGGTCGACAGCC-1",0
"CGTCAGGTCGGGAGTA-1",5
"CGTCCATAGACCACGA-1",3
"CGTCCATAGCGATTCT-1",2
"CGTCCATAGGCTATCT-1",2
"CGTCCATAGTCTCAAC-1",2
"CGTCCATCACGACTCG-1",0
"CGTCCATCATTCACTT-1",1
"CGTCCATGTCTAGCGC-1",1
"CGTCCATGTGATAAAC-1",1
"CGTCCATGTTTGGGCC-1",1
"CGTCCATGTTTGTGTG-1",0
"CGTCCATTCAACACCA-1",0
"CGTCCATTCATTCACT-1",1
"CGTCTACAGTGCGTGA-1",1
"CGTCTACGTAGTAGTA-1",0
"CGTCTACTCGAGCCCA-1",1
"CGTCTACTCGCCATAA-1",0
"CGTCTACTCGGCCGAT-1",1
"CGTCTACTCGTCCAGG-1",2
"CGTCTACTCTATCGCC-1",0
"CGTGAGCAGATCTGAA-1",5
"CGTGAGCAGCAATCTC-1",1
"CGTGAGCAGCGGATCA-1",3
"CGTGAGCAGCTAGTGG-1",3
"CGTGAGCAGCTTCGCG-1",1
"CGTGAGCAGGGCACTA-1",3
"CGTGAGCAGGGTGTGT-1",1
"CGTGAGCAGTGGAGAA-1",0
"CGTGAGCCAAGCCGCT-1",3
"CGTGAGCCACGTAAGG-1",1
"CGTGAGCCATACGCCG-1",0
"CGTGAGCGTAGATTAG-1",0
"CGTGAGCGTCTCTTAT-1",1
"CGTGAGCTCACAAACC-1",1
"CGTGAGCTCCAAATGC-1",1
"CGTGAGCTCCGAGCCA-1",1
"CGTGAGCTCGTTGCCT-1",2
"CGTGAGCTCTGGGCCA-1",1
"CGTGTAAAGATAGTCA-1",2
"CGTGTAAAGGTGTTAA-1",3
"CGTGTAAAGTACATGA-1",4
"CGTGTAACATGGGACA-1",1
"CGTGTAAGTCCGCTGA-1",0
"CGTGTAAGTGTCTGAT-1",4
"CGTGTAATCTACTATC-1",0
"CGTGTAATCTCGATGA-1",3
"CGTGTAATCTTTAGTC-1",3
"CGTGTCTAGGCGCTCT-1",3
"CGTGTCTAGGGATGGG-1",4
"CGTGTCTCAGACAAAT-1",1
"CGTGTCTCAGACACTT-1",3
"CGTGTCTGTAAGAGGA-1",2
"CGTGTCTGTATATGAG-1",0
"CGTGTCTGTCAAAGCG-1",1
"CGTGTCTGTTCCGTCT-1",2
"CGTGTCTTCAATCACG-1",3
"CGTGTCTTCAGAGGTG-1",1
"CGTGTCTTCATAGCAC-1",0
"CGTGTCTTCCGAACGC-1",2
"CGTGTCTTCGGCATCG-1",0
"CGTGTCTTCGTGGACC-1",2
"CGTGTCTTCTACTTAC-1",0
"CGTGTCTTCTGAGTGT-1",0
"CGTTAGAAGATCTGAA-1",1
"CGTTAGAAGGCCCTTG-1",4
"CGTTAGACACGAAAGC-1",5
"CGTTAGACAGCTTCGG-1",0
"CGTTAGAGTTTAAGCC-1",4
"CGTTAGATCACTTATC-1",0
"CGTTAGATCAGCCTAA-1",12
"CGTTCTGAGAAGGGTA-1",0
"CGTTCTGAGACTAGGC-1",2
"CGTTCTGAGTGAACAT-1",2
"CGTTCTGCAGCTCGCA-1",1
"CGTTCTGCATTGGCGC-1",1
"CGTTCTGGTGAGGGTT-1",1
"CGTTCTGTCTGATTCT-1",2
"CGTTGGGAGCTAGTTC-1",7
"CGTTGGGAGGATGCGT-1",0
"CGTTGGGCACATTAGC-1",0
"CGTTGGGCAGACAGGT-1",0
"CGTTGGGGTTCCCGAG-1",1
"CGTTGGGTCATGCTCC-1",0
"CGTTGGGTCCATGAAC-1",1
"CGTTGGGTCTACCAGA-1",2
"CTAACTTAGTCCTCCT-1",1
"CTAACTTCAATAGCAA-1",1
"CTAACTTCAATCGGTT-1",2
"CTAACTTGTGAGGCTA-1",0
"CTAACTTTCGTACGGC-1",0
"CTAACTTTCTGGCGTG-1",1
"CTAAGACAGGGAAACA-1",2
"CTAAGACAGTACATGA-1",2
"CTAAGACAGTTCGCGC-1",3
"CTAAGACCAAGTAATG-1",0
"CTAAGACCAGTAAGAT-1",0
"CTAAGACCATGCAATC-1",3
"CTAAGACGTAAGGATT-1",0
"CTAAGACGTATCAGTC-1",0
"CTAAGACGTCACCTAA-1",0
"CTAAGACTCGTTGCCT-1",1
"CTAAGACTCTTACCGC-1",1
"CTAAGACTCTTGAGGT-1",0
"CTAATGGAGCAATCTC-1",0
"CTAATGGAGCGCTCCA-1",1
"CTAATGGAGCTCCCAG-1",2
"CTAATGGAGCTGAAAT-1",4
"CTAATGGAGTTAGGTA-1",1
"CTAATGGCATGGAATA-1",2
"CTAATGGGTACCGCTG-1",1
"CTAATGGGTCTAGCGC-1",0
"CTAATGGGTGAGGGAG-1",1
"CTAATGGGTTGGTGGA-1",1
"CTAATGGTCATGCTCC-1",1
"CTAATGGTCCACTGGG-1",1
"CTAATGGTCCGTTGCT-1",1
"CTAATGGTCCTAGAAC-1",1
"CTACACCAGTGCGATG-1",1
"CTACACCCACGGACAA-1",2
"CTACACCGTAATAGCA-1",4
"CTACACCGTCTGATTG-1",1
"CTACACCGTTCGTCTC-1",1
"CTACACCTCAGAAATG-1",1
"CTACACCTCGGCTTGG-1",0
"CTACACCTCGGTCCGA-1",1
"CTACACCTCTCGCATC-1",1
"CTACACCTCTCTGCTG-1",2
"CTACATTAGATCACGG-1",1
"CTACATTCACTCGACG-1",3
"CTACATTCATTTCACT-1",1
"CTACATTGTGATGATA-1",0
"CTACATTGTTCGAATC-1",1
"CTACATTTCAACGCTA-1",0
"CTACATTTCGCCATAA-1",0
"CTACATTTCTAGCACA-1",0
"CTACCCACACAGAGGT-1",0
"CTACCCACACGACGAA-1",0
"CTACCCACATGGTTGT-1",0
"CTACCCAGTATCTGCA-1",3
"CTACCCAGTATGAATG-1",3
"CTACCCAGTCAGAAGC-1",1
"CTACCCAGTGTGACCC-1",1
"CTACCCAGTTATGTGC-1",4
"CTACCCATCTACGAGT-1",0
"CTACGTCAGGTGCAAC-1",0
"CTACGTCAGTGCGATG-1",1
"CTACGTCAGTTGTCGT-1",4
"CTACGTCCATATACCG-1",1
"CTACGTCGTATATGGA-1",6
"CTACGTCGTGTGGTTT-1",0
"CTACGTCTCAAAGTAG-1",1
"CTACGTCTCACGACTA-1",1
"CTACGTCTCACGGTTA-1",0
"CTACGTCTCCTAGAAC-1",3
"CTAGAGTAGCTGTCTA-1",1
"CTAGAGTAGGATCGCA-1",1
"CTAGAGTAGTCCATAC-1",0
"CTAGAGTCACATTAGC-1",1
"CTAGAGTCAGTATGCT-1",5
"CTAGAGTCATACTCTT-1",4
"CTAGAGTCATGTAAGA-1",0
"CTAGAGTGTGACCAAG-1",1
"CTAGAGTTCAACACCA-1",1
"CTAGAGTTCCGTCAAA-1",2
"CTAGAGTTCCTAAGTG-1",1
"CTAGAGTTCGCCAGCA-1",0
"CTAGAGTTCGCTTAGA-1",2
"CTAGAGTTCGTGACAT-1",0
"CTAGAGTTCTGATTCT-1",0
"CTAGCCTCACCAGATT-1",1
"CTAGCCTGTATATCCG-1",2
"CTAGCCTGTGATGCCC-1",2
"CTAGCCTTCGGGAGTA-1",3
"CTAGTGAAGCTGGAAC-1",3
"CTAGTGAAGTGTACCT-1",1
"CTAGTGACAAGTCTAC-1",2
"CTAGTGACAGGATCGA-1",1
"CTAGTGAGTTATGCGT-1",1
"CTAGTGATCAGTTGAC-1",4
"CTAGTGATCCAGTAGT-1",1
"CTCACACAGCTAAGAT-1",2
"CTCACACAGCTGCCCA-1",0
"CTCACACAGGATGCGT-1",0
"CTCACACCACGTAAGG-1",2
"CTCACACCACTGTTAG-1",2
"CTCACACCATATACGC-1",1
"CTCACACGTGCTGTAT-1",2
"CTCACACGTTCCATGA-1",0
"CTCACACGTTTGGGCC-1",2
"CTCACACTCACCGGGT-1",0
"CTCACACTCATCGGAT-1",0
"CTCACACTCCGCGCAA-1",0
"CTCACACTCTAACCGA-1",2
"CTCAGAAAGAGCTGCA-1",2
"CTCAGAAAGGAGTAGA-1",1
"CTCAGAACAACGCACC-1",2
"CTCAGAACAAGCGATG-1",1
"CTCAGAACAGGGCATA-1",0
"CTCAGAAGTGACGGTA-1",1
"CTCAGAATCTTAACCT-1",2
"CTCATTAAGAACTGTA-1",0
"CTCATTACATGGTCAT-1",0
"CTCATTAGTGTAACGG-1",0
"CTCATTAGTTTACTCT-1",1
"CTCCTAGCAAGTACCT-1",0
"CTCCTAGCAATTCCTT-1",0
"CTCCTAGCACTGTCGG-1",3
"CTCCTAGCAGTCCTTC-1",2
"CTCCTAGCATAACCTG-1",1
"CTCCTAGCATGCGCAC-1",0
"CTCCTAGGTAGAAAGG-1",1
"CTCCTAGGTCCGAGTC-1",3
"CTCCTAGGTCTAGCCG-1",3
"CTCCTAGGTGTTTGTG-1",1
"CTCCTAGGTTCGTGAT-1",0
"CTCCTAGGTTGTTTGG-1",1
"CTCCTAGTCACTTACT-1",2
"CTCCTAGTCTCATTCA-1",2
"CTCGAAAAGCCCAACC-1",3
"CTCGAAAAGCTATGCT-1",3
"CTCGAAAAGGCCCTTG-1",2
"CTCGAAAAGGGCTTCC-1",2
"CTCGAAACAAGCCGTC-1",0
"CTCGAAACACATTAGC-1",3
"CTCGAAACACCGAAAG-1",4
"CTCGAAACACGGCTAC-1",0
"CTCGAAACAGTAAGAT-1",2
"CTCGAAACATACGCCG-1",2
"CTCGAGGAGCCATCGC-1",2
"CTCGAGGAGGGCTTCC-1",0
"CTCGAGGCAGATAATG-1",4
"CTCGAGGGTATTCTCT-1",3
"CTCGAGGGTGCCTGGT-1",2
"CTCGGAGAGTCCCACG-1",2
"CTCGGAGCACTTCTGC-1",1
"CTCGGAGCAGCTGCAC-1",5
"CTCGGAGCAGGATCGA-1",1
"CTCGGAGGTAGCCTAT-1",0
"CTCGGAGGTCATGCCG-1",2
"CTCGGAGTCAAACGGG-1",2
"CTCGGAGTCACATACG-1",4
"CTCGGAGTCAGCTTAG-1",1
"CTCGGGAAGACCTAGG-1",1
"CTCGGGACACAGCCCA-1",3
"CTCGGGACATAAAGGT-1",2
"CTCGGGACATCCCACT-1",0
"CTCGGGACATGTCGAT-1",2
"CTCGGGAGTCGCGTGT-1",1
"CTCGGGAGTGACTACT-1",5
"CTCGGGAGTTACGACT-1",0
"CTCGGGATCCGTACAA-1",3
"CTCGGGATCCTTGACC-1",0
"CTCGGGATCTTAGCCC-1",1
"CTCGGGATCTTGTTTG-1",1
"CTCGTACAGCGATAGC-1",3
"CTCGTACCAGCGTAAG-1",1
"CTCGTACCATAGTAAG-1",2
"CTCGTACGTAGAGTGC-1",1
"CTCGTACGTATCACCA-1",2
"CTCGTACGTGCAGTAG-1",0
"CTCGTACTCAAAGTAG-1",4
"CTCGTACTCAATCTCT-1",0
"CTCGTACTCGTTGCCT-1",0
"CTCGTACTCTGGTTCC-1",2
"CTCGTCAAGATGCCTT-1",1
"CTCGTCAAGTGGAGTC-1",5
"CTCGTCAAGTTTGCGT-1",1
"CTCGTCACAACGATCT-1",1
"CTCGTCACACATCCGG-1",1
"CTCGTCACAGTCGTGC-1",4
"CTCGTCAGTCTCATCC-1",0
"CTCGTCAGTCTCCATC-1",1
"CTCGTCAGTGAGCGAT-1",1
"CTCGTCAGTTGACGTT-1",3
"CTCGTCAGTTGGGACA-1",1
"CTCGTCATCACTTATC-1",0
"CTCGTCATCGACCAGC-1",2
"CTCGTCATCTGCTGTC-1",0
"CTCTAATCACCAGGTC-1",1
"CTCTAATCACGGTGTC-1",2
"CTCTAATCAGGAATCG-1",0
"CTCTAATGTCCAAGTT-1",0
"CTCTACGAGCTAAACA-1",3
"CTCTACGAGCTAGTGG-1",1
"CTCTACGAGTACGCCC-1",0
"CTCTACGAGTAGGCCA-1",1
"CTCTACGCAATAACGA-1",1
"CTCTACGCAGACGCTC-1",3
"CTCTACGCATGACATC-1",2
"CTCTACGTCATGTCTT-1",1
"CTCTACGTCCCTAATT-1",2
"CTCTACGTCGGCATCG-1",0
"CTCTACGTCGGTCTAA-1",1
"CTCTGGTAGCAGCGTA-1",1
"CTCTGGTAGCGTTCCG-1",1
"CTCTGGTAGGCATGGT-1",1
"CTCTGGTAGTGCCAGA-1",0
"CTCTGGTCACAAGCCC-1",0
"CTCTGGTCAGCCTTTC-1",3
"CTCTGGTTCATCTGTT-1",1
"CTCTGGTTCTTGTACT-1",1
"CTGAAACAGATCCCGC-1",3
"CTGAAACAGGTGCTAG-1",0
"CTGAAACAGTCCGTAT-1",1
"CTGAAACAGTGTCTCA-1",0
"CTGAAACGTCATCGGC-1",0
"CTGAAACGTTAAAGAC-1",2
"CTGAAACTCATACGGT-1",1
"CTGAAGTAGTGCGTGA-1",3
"CTGAAGTCAGCTGTAT-1",6
"CTGAAGTGTTAAAGTG-1",0
"CTGAAGTTCAAGCCTA-1",2
"CTGAAGTTCGGATGTT-1",3
"CTGATAGAGGGAGTAA-1",0
"CTGATAGAGTGCAAGC-1",0
"CTGATAGCAGCCTTTC-1",1
"CTGATAGCATCCCATC-1",2
"CTGATAGCATCTCCCA-1",3
"CTGATAGGTCAAAGCG-1",5
"CTGATAGGTCGCTTTC-1",2
"CTGATAGGTTACGACT-1",3
"CTGATAGTCGCGATCG-1",0
"CTGATAGTCTTATCTG-1",1
"CTGATCCAGGCATTGG-1",0
"CTGATCCAGGTGACCA-1",1
"CTGATCCCACAGAGGT-1",2
"CTGATCCCAGGCTGAA-1",1
"CTGATCCGTGCCTGGT-1",1
"CTGATCCGTTATCCGA-1",1
"CTGATCCGTTGTGGCC-1",0
"CTGCCTAAGGGTCTCC-1",1
"CTGCCTAAGGTGATAT-1",2
"CTGCCTAAGTACGCGA-1",1
"CTGCCTAAGTGCGTGA-1",4
"CTGCCTACATCCCACT-1",1
"CTGCCTATCAATAAGG-1",8
"CTGCGGAAGAAGGACA-1",0
"CTGCGGAAGAGCTGGT-1",3
"CTGCGGAAGATGAGAG-1",0
"CTGCGGACAGGTCGTC-1",1
"CTGCGGACATGTCTCC-1",1
"CTGCGGAGTCACTTCC-1",0
"CTGCGGAGTCGTGGCT-1",2
"CTGCGGAGTTCTGTTT-1",2
"CTGCGGAGTTGGACCC-1",0
"CTGCGGATCGCCTGTT-1",0
"CTGCGGATCTTACCGC-1",1
"CTGCTGTAGGGTGTTG-1",0
"CTGCTGTAGTACCGGA-1",1
"CTGCTGTAGTGGAGAA-1",1
"CTGCTGTCACATCTTT-1",0
"CTGCTGTGTTAAAGAC-1",1
"CTGCTGTTCTCCAACC-1",2
"CTGCTGTTCTTACCGC-1",2
"CTGGTCTAGCGTTGCC-1",4
"CTGGTCTAGGACAGCT-1",1
"CTGGTCTAGGGCTTGA-1",3
"CTGGTCTAGTCGAGTG-1",1
"CTGGTCTCAAAGGAAG-1",1
"CTGGTCTCACCAGTTA-1",2
"CTGGTCTGTACCTACA-1",1
"CTGGTCTGTACGCTGC-1",1
"CTGGTCTGTCCGCTGA-1",1
"CTGGTCTGTCCGTTAA-1",2
"CTGGTCTGTTCATGGT-1",3
"CTGGTCTGTTCGTGAT-1",0
"CTGGTCTTCAACGGGA-1",2
"CTGGTCTTCACTTACT-1",2
"CTGGTCTTCTTACCTA-1",1
"CTGTGCTGTATATCCG-1",0
"CTGTGCTGTCATCCCT-1",0
"CTGTGCTGTCCCTACT-1",1
"CTGTGCTGTCGGCACT-1",2
"CTGTGCTTCCATTCTA-1",0
"CTGTGCTTCCGTACAA-1",5
"CTGTTTAAGAAACCGC-1",2
"CTGTTTAAGATCGATA-1",1
"CTGTTTAAGGAGTTGC-1",1
"CTGTTTAGTCAAAGCG-1",1
"CTGTTTATCAGCCTAA-1",0
"CTGTTTATCATTTGGG-1",1
"CTGTTTATCTCCAGGG-1",3
"CTGTTTATCTCTTGAT-1",3
"CTGTTTATCTTCTGGC-1",2
"CTTAACTAGCCAGTAG-1",1
"CTTAACTAGGCTCTTA-1",2
"CTTAACTAGGTGCACA-1",3
"CTTAACTAGTCTCGGC-1",1
"CTTACCGAGCGCTTAT-1",4
"CTTACCGAGGCTACGA-1",2
"CTTACCGCAGATCTGT-1",0
"CTTACCGCAGTCAGAG-1",1
"CTTACCGGTCCTGCTT-1",2
"CTTACCGGTCGCCATG-1",2
"CTTACCGGTCTACCTC-1",1
"CTTACCGTCGGACAAG-1",0
"CTTAGGAAGCCCAACC-1",1
"CTTAGGACACGACGAA-1",0
"CTTAGGAGTTATGTGC-1",2
"CTTAGGATCCCATTTA-1",3
"CTTAGGATCTTTACAC-1",1
"CTTCTCTAGAACTCGG-1",1
"CTTCTCTAGAGTGAGA-1",1
"CTTCTCTAGCAGGCTA-1",2
"CTTCTCTAGTTAACGA-1",3
"CTTCTCTCAAAGGTGC-1",0
"CTTCTCTGTAACGACG-1",3
"CTTCTCTGTGCATCTA-1",0
"CTTCTCTTCGAGCCCA-1",3
"CTTGGCTAGCGATATA-1",1
"CTTGGCTAGTACGTTC-1",1
"CTTGGCTCATTACCTT-1",2
"CTTGGCTGTCTCCATC-1",1
"CTTGGCTTCCCTAATT-1",1
"CTTGGCTTCGCGTAGC-1",2
"CTTGGCTTCTCGTTTA-1",1
"CTTTGCGAGCAAATCA-1",0
"CTTTGCGAGCGTTCCG-1",2
"CTTTGCGAGTATCTCG-1",2
"CTTTGCGCAATTCCTT-1",2
"CTTTGCGCACTTAAGC-1",3
"CTTTGCGCAGACGCAA-1",1
"CTTTGCGGTAGAGGAA-1",2
"CTTTGCGTCCAGGGCT-1",4
"GAAACTCAGAGACGAA-1",1
"GAAACTCAGAGGTTAT-1",3
"GAAACTCAGCAGCCTC-1",0
"GAAACTCAGCCCAGCT-1",2
"GAAACTCAGCTAAACA-1",0
"GAAACTCAGTGCTGCC-1",2
"GAAACTCCAAGCCCAC-1",1
"GAAACTCCACATGACT-1",2
"GAAACTCCAGACACTT-1",0
"GAAACTCCATGGATGG-1",1
"GAAACTCGTACTCGCG-1",1
"GAAACTCGTAGCGATG-1",1
"GAAACTCGTGTGAAAT-1",3
"GAAACTCGTTTGTGTG-1",2
"GAAATGAAGACTAGGC-1",1
"GAAATGAAGCCAGTTT-1",0
"GAAATGAAGCTAGTCT-1",3
"GAAATGAAGTACGTAA-1",0
"GAAATGATCATGCTCC-1",3
"GAAATGATCCTCGCAT-1",1
"GAACATCAGATGGCGT-1",2
"GAACATCCAACAACCT-1",1
"GAACATCCACATCTTT-1",1
"GAACATCCACCTATCC-1",3
"GAACATCCACGGACAA-1",0
"GAACATCCATGCTAGT-1",1
"GAACATCGTACGACCC-1",4
"GAACATCGTGGACGAT-1",2
"GAACATCGTTCCCGAG-1",0
"GAACATCTCCAAGTAC-1",4
"GAACATCTCGATCCCT-1",3
"GAACATCTCTCCAACC-1",1
"GAACCTAAGAACTGTA-1",2
"GAACCTAAGAGCAATT-1",3
"GAACCTAAGCCAGTAG-1",2
"GAACCTACAAGGACAC-1",0
"GAACCTACAGACACTT-1",1
"GAACCTAGTACCAGTT-1",0
"GAACCTAGTGTCAATC-1",0
"GAACCTATCACGATGT-1",1
"GAACGGAAGACGCAAC-1",3
"GAACGGAAGTAATCCC-1",1
"GAACGGAAGTCAATAG-1",1
"GAACGGAAGTGGACGT-1",2
"GAACGGACACAGCGTC-1",4
"GAACGGACACCTCGTT-1",2
"GAACGGACACTTAACG-1",1
"GAACGGAGTAGCGTAG-1",1
"GAACGGAGTCAGAGGT-1",1
"GAACGGAGTGGCGAAT-1",1
"GAACGGATCACTCCTG-1",1
"GAACGGATCCACGAAT-1",3
"GAACGGATCGTAGGAG-1",3
"GAACGGATCTGTCAAG-1",0
"GAAGCAGAGACTAAGT-1",4
"GAAGCAGAGAGACGAA-1",1
"GAAGCAGAGCCACGCT-1",5
"GAAGCAGAGTTCGCGC-1",2
"GAAGCAGCAATCCGAT-1",2
"GAAGCAGCACTCGACG-1",1
"GAAGCAGCAGATCTGT-1",1
"GAAGCAGCAGATGAGC-1",1
"GAAGCAGCATGAACCT-1",1
"GAAGCAGCATGGAATA-1",1
"GAAGCAGGTAACGCGA-1",3
"GAAGCAGGTCATACTG-1",2
"GAAGCAGTCCTAGTGA-1",2
"GAAGCAGTCTTATCTG-1",4
"GAATAAGCAAGGTGTG-1",2
"GAATAAGCAGACAAGC-1",0
"GAATAAGCATGCAACT-1",1
"GAATAAGGTCCGTTAA-1",1
"GAATAAGGTGAGTGAC-1",3
"GAATAAGGTTCCCTTG-1",1
"GAATAAGTCGTTTAGG-1",5
"GAATGAAAGAGTCTGG-1",2
"GAATGAAAGCTTATCG-1",1
"GAATGAAAGGCATGTG-1",0
"GAATGAACAAACGCGA-1",1
"GAATGAACAGTGAGTG-1",1
"GAATGAACATCATCCC-1",1
"GAATGAAGTCAACATC-1",1
"GAATGAAGTCTCACCT-1",1
"GAATGAAGTGGCAAAC-1",2
"GAATGAAGTTGCGTTA-1",2
"GAATGAATCAGTTAGC-1",2
"GAATGAATCCTGCCAT-1",7
"GACACGCAGACGCACA-1",4
"GACACGCAGAGTAATC-1",0
"GACACGCAGCCAACAG-1",2
"GACACGCAGGAGTTTA-1",3
"GACACGCAGGGCATGT-1",1
"GACACGCAGGTGCACA-1",0
"GACACGCAGTCCAGGA-1",3
"GACACGCAGTGGGATC-1",2
"GACACGCAGTGGGTTG-1",0
"GACACGCCAAGCGTAG-1",9
"GACACGCCAAGGACAC-1",0
"GACACGCCAGACGCTC-1",0
"GACACGCCATCCTTGC-1",1
"GACACGCGTTCACGGC-1",1
"GACACGCTCATGTAGC-1",1
"GACAGAGAGTACGATA-1",2
"GACAGAGCAACGATCT-1",0
"GACAGAGCAAGTCTAC-1",2
"GACAGAGCAGCTCCGA-1",5
"GACAGAGCAGCTGGCT-1",0
"GACAGAGGTAGAAAGG-1",1
"GACAGAGTCAAACAAG-1",1
"GACAGAGTCAGAGACG-1",1
"GACAGAGTCCTTCAAT-1",2
"GACAGAGTCCTTGCCA-1",2
"GACAGAGTCTTCATGT-1",1
"GACCAATAGAAGGGTA-1",0
"GACCAATAGCTACCGC-1",0
"GACCAATAGCTACCTA-1",1
"GACCAATCAGGTGCCT-1",2
"GACCAATCATGCGCAC-1",0
"GACCAATGTACAGTTC-1",1
"GACCAATGTCGCTTCT-1",1
"GACCAATTCCGATATG-1",0
"GACCAATTCGAATGGG-1",3
"GACCAATTCGTCACGG-1",3
"GACCTGGCATCACAAC-1",1
"GACCTGGCATGTCTCC-1",2
"GACCTGGCATTGGCGC-1",3
"GACCTGGGTAAAGGAG-1",0
"GACCTGGGTCCAGTTA-1",5
"GACCTGGGTGCAGTAG-1",5
"GACCTGGTCATAGCAC-1",2
"GACCTGGTCCTTGCCA-1",6
"GACCTGGTCGCATGAT-1",2
"GACCTGGTCGTCACGG-1",1
"GACGCGTAGTGGTAAT-1",3
"GACGCGTAGTTGTAGA-1",1
"GACGCGTGTAAAGGAG-1",2
"GACGCGTGTGTGAAAT-1",1
"GACGCGTGTTAAGACA-1",3
"GACGCGTTCAAACCGT-1",2
"GACGCGTTCCAAATGC-1",3
"GACGCGTTCCGCGGTA-1",0
"GACGCGTTCCTACAGA-1",0
"GACGCGTTCGACGGAA-1",2
"GACGCGTTCTCCGGTT-1",7
"GACGGCTAGAAGATTC-1",2
"GACGGCTAGAGCTGGT-1",2
"GACGGCTCAAGGTTTC-1",1
"GACGGCTCACCGCTAG-1",1
"GACGGCTCATGAACCT-1",1
"GACGGCTCATGCAACT-1",0
"GACGGCTGTGTGTGCC-1",0
"GACGGCTGTTATGTGC-1",2
"GACGGCTGTTTGGCGC-1",1
"GACGGCTTCTATCGCC-1",2
"GACGTGCAGGCAAAGA-1",0
"GACGTGCAGGGTGTGT-1",3
"GACGTGCAGGTGTTAA-1",1
"GACGTGCCAGGTCGTC-1",1
"GACGTGCGTAACGTTC-1",1
"GACGTGCTCACCTCGT-1",1
"GACGTTAAGCTACCGC-1",2
"GACGTTAAGGCAAAGA-1",1
"GACGTTAAGTCAAGCG-1",2
"GACGTTACAAGCCATT-1",1
"GACGTTACAAGGTTTC-1",0
"GACGTTACAGACACTT-1",1
"GACGTTAGTATCTGCA-1",2
"GACGTTAGTTTGACAC-1",1
"GACGTTAGTTTGACTG-1",0
"GACGTTATCACAGGCC-1",1
"GACGTTATCATTGCGA-1",1
"GACGTTATCCCGGATG-1",1
"GACGTTATCCGAAGAG-1",0
"GACGTTATCGCGTTTC-1",3
"GACGTTATCTGTCCGT-1",0
"GACTAACAGACAGAGA-1",2
"GACTAACAGTGGAGAA-1",1
"GACTAACCAAATCCGT-1",0
"GACTAACGTCTAGTCA-1",2
"GACTAACGTGCAACTT-1",0
"GACTAACGTTCAGACT-1",5
"GACTAACTCCGCGCAA-1",0
"GACTAACTCCTTTCTC-1",2
"GACTAACTCTTGCCGT-1",1
"GACTAACTCTTTACAC-1",4
"GACTACAAGATATGGT-1",1
"GACTACACAAATCCGT-1",1
"GACTACAGTGCTGTAT-1",1
"GACTACATCAGCCTAA-1",0
"GACTACATCAGGTAAA-1",1
"GACTACATCTGCAGTA-1",0
"GACTGCGAGCGTAGTG-1",2
"GACTGCGAGTTGTAGA-1",0
"GACTGCGCACTTAACG-1",0
"GACTGCGCATGTTCCC-1",3
"GACTGCGGTACGCACC-1",2
"GACTGCGGTTCTCATT-1",0
"GACTGCGTCAACACAC-1",3
"GACTGCGTCACGACTA-1",0
"GACTGCGTCGCCCTTA-1",0
"GACTGCGTCTCAAACG-1",2
"GAGCAGAGTAGGGTAC-1",1
"GAGCAGAGTCAGATAA-1",1
"GAGCAGAGTCATATGC-1",0
"GAGCAGAGTGAGCGAT-1",0
"GAGCAGAGTGTAACGG-1",0
"GAGCAGAGTGTGACCC-1",2
"GAGCAGAGTTCGGGCT-1",2
"GAGCAGAGTTTAAGCC-1",1
"GAGCAGAGTTTGCATG-1",0
"GAGGTGAAGCAACGGT-1",1
"GAGGTGAAGGCTCTTA-1",3
"GAGGTGAAGTGGTAGC-1",4
"GAGGTGAAGTTGTAGA-1",2
"GAGGTGACACTGTCGG-1",1
"GAGGTGACATCCTTGC-1",2
"GAGGTGACATGCATGT-1",2
"GAGGTGAGTACCTACA-1",0
"GAGGTGAGTCATTAGC-1",2
"GAGGTGAGTTCCTCCA-1",1
"GAGGTGATCATCGCTC-1",0
"GAGGTGATCTAGAGTC-1",1
"GAGGTGATCTCTAGGA-1",4
"GAGGTGATCTGCTGTC-1",1
"GAGGTGATCTGGGCCA-1",2
"GAGTCCGAGGACAGAA-1",4
"GAGTCCGAGGCATGTG-1",0
"GAGTCCGAGGCGTACA-1",1
"GAGTCCGCAAACCCAT-1",1
"GAGTCCGGTCAAGCGA-1",2
"GAGTCCGGTGACCAAG-1",0
"GAGTCCGGTGACTCAT-1",0
"GAGTCCGGTGTGACCC-1",3
"GAGTCCGGTTCGGGCT-1",1
"GAGTCCGGTTTGCATG-1",2
"GAGTCCGTCGGCGCAT-1",3
"GAGTCCGTCTGATTCT-1",0
"GATCAGTAGATGTCGG-1",0
"GATCAGTAGTGGTAGC-1",0
"GATCAGTGTATATGAG-1",3
"GATCAGTGTCTGCGGT-1",0
"GATCAGTGTTATGCGT-1",3
"GATCAGTGTTGTACAC-1",1
"GATCAGTTCCCGACTT-1",0
"GATCGATAGAATGTTG-1",1
"GATCGATAGAGCTGCA-1",2
"GATCGATAGCATGGCA-1",1
"GATCGATCAAGCGAGT-1",2
"GATCGATCAAGCGTAG-1",0
"GATCGATGTCAACATC-1",1
"GATCGATGTTGCCTCT-1",2
"GATCGATTCCGCATCT-1",2
"GATCGCGAGATAGTCA-1",3
"GATCGCGAGCCTTGAT-1",3
"GATCGCGAGGAGCGTT-1",5
"GATCGCGCAGGTCGTC-1",1
"GATCGCGGTACAGCAG-1",2
"GATCGCGGTGAGTATA-1",1
"GATCGCGGTTGTCGCG-1",1
"GATCGCGTCACTCCTG-1",0
"GATCGTAAGACATAAC-1",3
"GATCGTAAGCTCAACT-1",0
"GATCGTACATAACCTG-1",0
"GATCGTAGTGGCTCCA-1",0
"GATCGTATCATATCGG-1",2
"GATCGTATCATGTCCC-1",1
"GATCGTATCTTACCGC-1",1
"GATCTAGAGCGTCTAT-1",0
"GATCTAGAGTGGAGAA-1",1
"GATCTAGCAACACCTA-1",0
"GATCTAGCAAGGGTCA-1",0
"GATCTAGGTCTAAAGA-1",4
"GATCTAGGTCTCACCT-1",2
"GATCTAGGTCTCTTTA-1",0
"GATCTAGTCACATAGC-1",0
"GATCTAGTCTAAGCCA-1",2
"GATGAAAAGAGTAATC-1",2
"GATGAAAAGCTCCCAG-1",1
"GATGAAACACGGTAGA-1",1
"GATGAAACAGCTGTAT-1",1
"GATGAAAGTGGGTATG-1",1
"GATGAAATCACCCTCA-1",1
"GATGAAATCACTCCTG-1",0
"GATGAAATCAGCAACT-1",1
"GATGAAATCGAGAGCA-1",6
"GATGAGGAGATCCCGC-1",0
"GATGAGGAGTTCGATC-1",3
"GATGAGGCACCAGTTA-1",1
"GATGAGGGTATCACCA-1",1
"GATGAGGGTATTCGTG-1",0
"GATGAGGGTCGCGTGT-1",2
"GATGAGGGTGATGATA-1",1
"GATGAGGTCACAGGCC-1",2
"GATGAGGTCACATAGC-1",1
"GATGAGGTCCCTTGTG-1",0
"GATGAGGTCTGCTGTC-1",1
"GATGCTAAGACTAAGT-1",1
"GATGCTAAGGATGCGT-1",0
"GATGCTAAGGCTCTTA-1",1
"GATGCTAAGGGAACGG-1",1
"GATGCTAAGTATCTCG-1",4
"GATGCTAAGTCTCGGC-1",2
"GATGCTACATGTTGAC-1",1
"GATGCTACATTGCGGC-1",1
"GATGCTAGTCTCCATC-1",1
"GATGCTAGTGGAAAGA-1",0
"GATGCTAGTTAGGGTG-1",0
"GATGCTATCCTGTACC-1",3
"GATGCTATCGGCGCTA-1",2
"GATTCAGAGAAACCTA-1",0
"GATTCAGAGAGTGACC-1",0
"GATTCAGAGATTACCC-1",1
"GATTCAGAGGGTCGAT-1",0
"GATTCAGAGGTCGGAT-1",1
"GATTCAGAGTCAATAG-1",2
"GATTCAGCAAGTTGTC-1",2
"GATTCAGCAATTCCTT-1",2
"GATTCAGCAGGGTACA-1",0
"GATTCAGCATCGACGC-1",3
"GATTCAGCATTATCTC-1",2
"GATTCAGGTAAATACG-1",0
"GATTCAGTCAACTCTT-1",1
"GCAAACTAGATGTTAG-1",0
"GCAAACTAGTCATGCT-1",0
"GCAAACTAGTCTCAAC-1",1
"GCAAACTCACAGGTTT-1",1
"GCAAACTGTCAGATAA-1",3
"GCAAACTGTCTCCATC-1",1
"GCAAACTTCGTGGTCG-1",1
"GCAATCAAGGGATCTG-1",0
"GCAATCAAGTATCTCG-1",1
"GCAATCAAGTGGGTTG-1",1
"GCAATCACAGCTTAAC-1",0
"GCAATCACATGTCGAT-1",3
"GCAATCACATTCCTCG-1",4
"GCAATCAGTAGGAGTC-1",0
"GCAATCAGTATAATGG-1",1
"GCAATCAGTTCTCATT-1",0
"GCAATCAGTTCTGGTA-1",1
"GCACATAAGAGCTATA-1",5
"GCACATAAGATGTTAG-1",3
"GCACATAAGCCTTGAT-1",1
"GCACATAAGGAGTACC-1",0
"GCACATAAGTGAAGTT-1",2
"GCACATACACCACGTG-1",0
"GCACATACAGCTGTAT-1",1
"GCACATACAGGAACGT-1",1
"GCACATAGTCATCGGC-1",4
"GCACATAGTCCGAATT-1",0
"GCACATAGTCTCTTTA-1",0
"GCACATAGTGCGCTTG-1",1
"GCACATATCACCTCGT-1",4
"GCACATATCTGGTTCC-1",3
"GCACTCTCAAGACACG-1",0
"GCACTCTCAATCACAC-1",4
"GCACTCTCATTTCAGG-1",1
"GCACTCTGTAAACCTC-1",1
"GCACTCTGTACCAGTT-1",3
"GCACTCTGTAGAAAGG-1",1
"GCACTCTGTCGAACAG-1",1
"GCACTCTGTCTAGGTT-1",3
"GCACTCTTCAACTCTT-1",3
"GCACTCTTCCCTAATT-1",2
"GCACTCTTCTGCCCTA-1",0
"GCAGCCAAGCTGATAA-1",0
"GCAGCCACATGAGCGA-1",1
"GCAGCCAGTAATCGTC-1",2
"GCAGCCAGTGTCGCTG-1",2
"GCAGCCATCAGTTGAC-1",2
"GCAGCCATCCCAACGG-1",0
"GCAGCCATCCGTACAA-1",4
"GCAGTTAAGTCCATAC-1",0
"GCAGTTAAGTCCGTAT-1",1
"GCAGTTAAGTTAACGA-1",8
"GCAGTTAGTGGACGAT-1",0
"GCAGTTAGTTATTCTC-1",3
"GCAGTTATCGCGATCG-1",0
"GCATACAAGATCTGCT-1",1
"GCATACAAGCAACGGT-1",3
"GCATACACAACGCACC-1",2
"GCATACACAAGGACTG-1",1
"GCATACACAAGTCTGT-1",0
"GCATACACAGTCAGCC-1",1
"GCATACACATCCTAGA-1",0
"GCATACACATCGGAAG-1",1
"GCATACAGTCCGAACC-1",3
"GCATACAGTTCTGGTA-1",0
"GCATACATCCACGACG-1",0
"GCATGATAGAATGTTG-1",2
"GCATGATAGAGTAATC-1",1
"GCATGATAGCTGATAA-1",1
"GCATGATAGGACCACA-1",1
"GCATGATAGGCTAGCA-1",2
"GCATGATAGTCAAGCG-1",0
"GCATGATAGTGGAGAA-1",4
"GCATGATCACACCGAC-1",2
"GCATGATCACATTTCT-1",0
"GCATGATGTCCCTACT-1",2
"GCATGATGTTGCGCAC-1",6
"GCATGATTCGTGGACC-1",0
"GCATGCGAGCATGGCA-1",4
"GCATGCGAGTCCAGGA-1",0
"GCATGCGCACTGCCAG-1",1
"GCATGCGGTAAGGATT-1",0
"GCATGCGGTCCTCTTG-1",1
"GCATGCGGTGTGAAAT-1",3
"GCATGCGTCCGCGGTA-1",1
"GCATGTAAGAACTGTA-1",2
"GCATGTAAGACAGACC-1",0
"GCATGTAAGTACTTGC-1",0
"GCATGTAAGTGCAAGC-1",1
"GCATGTACAACACGCC-1",3
"GCATGTATCACGAAGG-1",0
"GCCAAATCAAACTGTC-1",1
"GCCAAATCAAGGGTCA-1",0
"GCCAAATCAAGTTCTG-1",0
"GCCAAATCAGCCACCA-1",1
"GCCAAATCATAACCTG-1",5
"GCCAAATGTATAAACG-1",0
"GCCAAATGTGTTTGGT-1",5
"GCCAAATGTTTCGCTC-1",1
"GCCAAATTCAGGTAAA-1",2
"GCCAAATTCCGAGCCA-1",2
"GCCAAATTCCGCGGTA-1",0
"GCCAAATTCGGCTACG-1",0
"GCCTCTAAGAGTACCG-1",2
"GCCTCTAAGCCATCGC-1",2
"GCCTCTAAGCCGCCTA-1",1
"GCCTCTAAGCGATAGC-1",2
"GCCTCTAAGCTGCAAG-1",2
"GCCTCTAAGCTTCGCG-1",2
"GCCTCTAAGTCACGCC-1",3
"GCCTCTACAAGACGTG-1",2
"GCCTCTACAGCTATTG-1",1
"GCCTCTAGTAAGGATT-1",1
"GCCTCTAGTGATGATA-1",0
"GCCTCTAGTTAAGGGC-1",1
"GCCTCTATCAGCGACC-1",0
"GCCTCTATCCGATATG-1",1
"GCCTCTATCGAATCCA-1",1
"GCCTCTATCGAGCCCA-1",2
"GCCTCTATCGCTGATA-1",1
"GCCTCTATCTTTAGGG-1",2
"GCGACCAAGAGGTTAT-1",1
"GCGACCACACTTACGA-1",1
"GCGACCAGTCAGGACA-1",0
"GCGACCAGTCTAGAGG-1",2
"GCGACCATCAACGGGA-1",2
"GCGACCATCCCGGATG-1",1
"GCGACCATCTACTCAT-1",0
"GCGAGAAAGGTTCCTA-1",2
"GCGAGAAAGTACGATA-1",3
"GCGAGAAAGTGTCTCA-1",1
"GCGAGAACAAGCCCAC-1",2
"GCGAGAACACTGAAGG-1",1
"GCGAGAAGTAGCGCTC-1",2
"GCGAGAAGTCCCTACT-1",1
"GCGAGAATCCTTTCGG-1",0
"GCGAGAATCGAGAGCA-1",1
"GCGAGAATCGCACTCT-1",2
"GCGCAACAGTCCTCCT-1",0
"GCGCAACAGTGTACGG-1",3
"GCGCAACCAAGTCTGT-1",1
"GCGCAACCAGCCACCA-1",0
"GCGCAACGTAGCGCTC-1",0
"GCGCAACGTCCCTTGT-1",3
"GCGCAACGTCCTAGCG-1",3
"GCGCAACGTCGACTAT-1",0
"GCGCAACGTCTAGAGG-1",2
"GCGCAACGTGCACGAA-1",3
"GCGCAACTCAATACCG-1",1
"GCGCAGTCACATCCAA-1",4
"GCGCAGTCATTACCTT-1",3
"GCGCAGTGTTAGGGTG-1",2
"GCGCAGTTCGATCCCT-1",0
"GCGCAGTTCGCGGATC-1",0
"GCGCCAAAGACATAAC-1",1
"GCGCCAAAGGACAGCT-1",1
"GCGCCAAAGGCCCTTG-1",0
"GCGCCAAAGGGCTTCC-1",1
"GCGCCAAAGGTACTCT-1",3
"GCGCCAACATAACCTG-1",3
"GCGCCAACATTGGGCC-1",2
"GCGCCAAGTACTTGAC-1",0
"GCGCCAAGTCGGCACT-1",3
"GCGCCAAGTGAAAGAG-1",1
"GCGCCAAGTTGTACAC-1",4
"GCGCCAATCCGTTGCT-1",0
"GCGCGATAGAAGGTTT-1",2
"GCGCGATAGCAGGTCA-1",1
"GCGCGATAGTGAATTG-1",2
"GCGCGATAGTTTGCGT-1",5
"GCGCGATCAGCTCGAC-1",0
"GCGCGATGTAAGTAGT-1",2
"GCGCGATGTATCACCA-1",0
"GCGCGATGTCACTTCC-1",0
"GCGCGATGTTACCAGT-1",4
"GCGCGATTCAGTTAGC-1",1
"GCGCGATTCGTTTAGG-1",0
"GCGGGTTAGAAACGAG-1",1
"GCGGGTTAGCTATGCT-1",1
"GCGGGTTAGTGTGAAT-1",2
"GCGGGTTCACGCGAAA-1",1
"GCGGGTTCAGGCAGTA-1",3
"GCGGGTTCAGTAACGG-1",1
"GCGGGTTGTGAGTATA-1",2
"GCGGGTTGTGGCGAAT-1",1
"GCGGGTTTCCAAAGTC-1",0
"GCGGGTTTCCTTTCTC-1",3
"GCGGGTTTCTCCAACC-1",1
"GCGGGTTTCTTGAGGT-1",0
"GCGGGTTTCTTGTATC-1",2
"GCTCCTACAAACTGTC-1",8
"GCTCCTACACCAGGTC-1",1
"GCTCCTACACCGATAT-1",0
"GCTCCTACAGGGTACA-1",1
"GCTCCTACATTAGCCA-1",2
"GCTCCTAGTCAGGACA-1",1
"GCTCCTAGTCCGTCAG-1",3
"GCTCCTATCAGCCTAA-1",1
"GCTCCTATCCCTAATT-1",1
"GCTCTGTAGAGGTAGA-1",1
"GCTCTGTAGCTGAACG-1",1
"GCTCTGTAGGAGTCTG-1",1
"GCTCTGTAGTGCTGCC-1",2
"GCTCTGTAGTGGACGT-1",0
"GCTCTGTTCACCTCGT-1",5
"GCTGCAGAGCGTGAGT-1",2
"GCTGCAGAGTCAAGCG-1",0
"GCTGCAGAGTCCCACG-1",1
"GCTGCAGCAATTGCTG-1",0
"GCTGCAGCATGCCCGA-1",2
"GCTGCAGCATGCCTAA-1",2
"GCTGCAGGTAAACCTC-1",2
"GCTGCAGGTACGAAAT-1",2
"GCTGCAGGTAGCGCAA-1",0
"GCTGCAGGTCACCCAG-1",1
"GCTGCAGGTCATGCCG-1",2
"GCTGCGAAGGAATGGA-1",1
"GCTGCGAGTCTAACGT-1",0
"GCTGCGAGTGTTTGGT-1",1
"GCTGCGATCTCCTATA-1",1
"GCTGCGATCTTGTTTG-1",1
"GCTGCTTAGAATTGTG-1",1
"GCTGCTTAGGCAATTA-1",0
"GCTGCTTCATCACGTA-1",2
"GCTGCTTCATCCAACA-1",0
"GCTGCTTCATGCCTAA-1",0
"GCTGCTTCATGGTCAT-1",1
"GCTGCTTGTAACGACG-1",1
"GCTGCTTGTAATCGTC-1",0
"GCTGCTTGTAGGGACT-1",4
"GCTGCTTGTGAAAGAG-1",4
"GCTGCTTTCCGGGTGT-1",1
"GCTGGGTAGACCCACC-1",2
"GCTGGGTAGCCACGCT-1",4
"GCTGGGTAGTCGCCGT-1",2
"GCTGGGTAGTCTCAAC-1",0
"GCTGGGTCACGGCTAC-1",1
"GCTGGGTCAGCCAATT-1",0
"GCTGGGTGTACAGTTC-1",1
"GCTGGGTGTACCGTTA-1",0
"GCTGGGTGTCGAGTTT-1",2
"GCTGGGTGTCTCCACT-1",0
"GCTGGGTGTGCCTGTG-1",1
"GCTGGGTTCAGCTTAG-1",0
"GCTGGGTTCCTTAATC-1",0
"GCTTCCAAGAAACCTA-1",0
"GCTTCCACACCACCAG-1",1
"GCTTCCACAGGTCGTC-1",1
"GCTTCCACAGTGAGTG-1",3
"GCTTCCAGTATAGGTA-1",2
"GCTTCCAGTTCAGCGC-1",1
"GCTTCCATCGTCCAGG-1",4
"GCTTGAAAGATGGCGT-1",3
"GCTTGAAAGCCGTCGT-1",4
"GCTTGAACAAACCTAC-1",4
"GCTTGAACACGGTGTC-1",2
"GCTTGAACATCGGAAG-1",1
"GCTTGAAGTGCGGTAA-1",2
"GCTTGAAGTTCTCATT-1",0
"GCTTGAATCAGGATCT-1",1
"GGAAAGCAGGCAGGTT-1",3
"GGAAAGCCAAACGCGA-1",2
"GGAAAGCCAAGTACCT-1",3
"GGAAAGCGTAAGCACG-1",2
"GGAAAGCGTCCTCCAT-1",1
"GGAAAGCGTCGCGTGT-1",2
"GGAAAGCGTGCTTCTC-1",3
"GGAAAGCTCCAGAGGA-1",3
"GGAACTTAGAGTAAGG-1",2
"GGAACTTCAATGTAAG-1",3
"GGAACTTCACAGGAGT-1",0
"GGAACTTCACCTCGTT-1",2
"GGAACTTGTCTCTTTA-1",5
"GGAACTTTCATTGCCC-1",0
"GGAACTTTCATTTGGG-1",0
"GGAACTTTCCGTCATC-1",1
"GGAACTTTCCTCAACC-1",0
"GGAACTTTCGGATGTT-1",0
"GGAATAAAGGTACTCT-1",3
"GGAATAAAGTGTCCAT-1",1
"GGAATAACAGCGTCCA-1",1
"GGAATAAGTCTGGTCG-1",2
"GGAATAAGTGCAGGTA-1",0
"GGAATAATCAGCACAT-1",2
"GGAATAATCTTTACGT-1",4
"GGACAAGAGGTACTCT-1",1
"GGACAAGCAACGATGG-1",1
"GGACAAGCAGTCGTGC-1",1
"GGACAAGCATGGGACA-1",1
"GGACAAGGTATAAACG-1",2
"GGACAAGGTATGAAAC-1",4
"GGACAAGGTCGGCATC-1",0
"GGACAAGGTTATGCGT-1",1
"GGACAAGTCTAACGGT-1",0
"GGACAGAAGCTAGTCT-1",2
"GGACAGAAGTACTTGC-1",0
"GGACAGACAACACGCC-1",0
"GGACAGACACAAGCCC-1",3
"GGACAGAGTAAGTGGC-1",2
"GGACAGAGTCTTTCAT-1",0
"GGACAGAGTGAGGGAG-1",1
"GGACAGAGTTCCACAA-1",0
"GGACAGATCAACGCTA-1",1
"GGACATTAGAGGGCTT-1",5
"GGACATTAGCCACGTC-1",0
"GGACATTCAAACGCGA-1",2
"GGACATTCAATGACCT-1",1
"GGACATTCACCAGCAC-1",0
"GGACATTGTTCTGGTA-1",5
"GGACATTTCCTCTAGC-1",0
"GGACGTCAGTACTTGC-1",1
"GGACGTCAGTGGTAAT-1",0
"GGACGTCCACAGTCGC-1",2
"GGACGTCGTGAGGGAG-1",1
"GGACGTCGTGGCGAAT-1",5
"GGACGTCGTTACGGAG-1",0
"GGACGTCGTTTAAGCC-1",0
"GGACGTCTCCACTCCA-1",3
"GGACGTCTCGCAAACT-1",2
"GGACGTCTCTCCAGGG-1",2
"GGACGTCTCTCGAGTA-1",1
"GGACGTCTCTGGTGTA-1",2
"GGACGTCTCTTCGAGA-1",1
"GGAGCAAAGAACTCGG-1",0
"GGAGCAAAGACTGTAA-1",0
"GGAGCAAAGCCGCCTA-1",2
"GGAGCAAAGCTAAACA-1",2
"GGAGCAAAGTACGCCC-1",0
"GGAGCAACAAGCTGTT-1",1
"GGAGCAACAATGGACG-1",0
"GGAGCAACAATTCCTT-1",1
"GGAGCAACATGCTGGC-1",1
"GGAGCAAGTGAGTATA-1",1
"GGAGCAAGTTACTGAC-1",0
"GGAGCAATCAAGATCC-1",0
"GGAGCAATCCCATTTA-1",3
"GGATGTTCAAACTGTC-1",0
"GGATGTTTCATCACCC-1",2
"GGATGTTTCATGCATG-1",0
"GGATGTTTCCTACAGA-1",1
"GGATGTTTCCTCTAGC-1",1
"GGATTACAGATCCCAT-1",3
"GGATTACAGCTTCGCG-1",2
"GGATTACAGGCTAGCA-1",2
"GGATTACAGTATCTCG-1",3
"GGATTACCAAGCGTAG-1",2
"GGATTACCACATCCGG-1",1
"GGATTACCAGCGTAAG-1",2
"GGATTACGTAATAGCA-1",2
"GGATTACGTACACCGC-1",0
"GGATTACGTCTCTTTA-1",0
"GGATTACGTTGAGGTG-1",2
"GGATTACTCGCGCCAA-1",2
"GGATTACTCGGCGCAT-1",2
"GGATTACTCTGCCCTA-1",2
"GGCAATTCAATCGGTT-1",2
"GGCAATTCACGGCGTT-1",3
"GGCAATTCATCACCCT-1",0
"GGCAATTGTCGATTGT-1",0
"GGCAATTTCACTTACT-1",4
"GGCAATTTCAGCACAT-1",1
"GGCAATTTCTCCGGTT-1",0
"GGCCGATAGTGTCTCA-1",0
"GGCCGATCACGGACAA-1",0
"GGCCGATGTAGGACAC-1",2
"GGCCGATGTCACTGGC-1",3
"GGCCGATGTCCCTACT-1",3
"GGCCGATTCACCGTAA-1",1
"GGCCGATTCCGCGCAA-1",2
"GGCGACTAGAGCTGGT-1",3
"GGCGACTAGGACCACA-1",3
"GGCGACTAGGTTACCT-1",4
"GGCGACTCAAAGCGGT-1",1
"GGCGACTCAAGAGTCG-1",1
"GGCGACTCACCAGGTC-1",2
"GGCGACTCATTGTGCA-1",0
"GGCGACTTCAGAAATG-1",2
"GGCGACTTCAGAGACG-1",5
"GGCGACTTCCAGATCA-1",0
"GGCGACTTCTCTAGGA-1",1
"GGCGTGTAGCTAGCCC-1",1
"GGCGTGTAGGGTATCG-1",1
"GGCGTGTCAGGTCCAC-1",0
"GGCGTGTCAGTATAAG-1",1
"GGCGTGTCATCGTCGG-1",2
"GGCGTGTCATGGAATA-1",2
"GGCGTGTGTCTCCCTA-1",0
"GGCGTGTTCTTGAGGT-1",3
"GGCTCGAAGCCGTCGT-1",1
"GGCTCGAAGGTAAACT-1",2
"GGCTCGACAAGAAGAG-1",1
"GGCTCGACAATAGCAA-1",2
"GGCTCGACATGGTCAT-1",0
"GGCTCGAGTATATCCG-1",4
"GGCTCGAGTTACGTCA-1",1
"GGCTCGAGTTAGGGTG-1",2
"GGCTCGATCTGCAAGT-1",1
"GGCTGGTAGAAGAAGC-1",1
"GGCTGGTAGACCCACC-1",3
"GGCTGGTCAAGGACAC-1",1
"GGCTGGTCACTGCCAG-1",2
"GGCTGGTCATTTCAGG-1",2
"GGCTGGTGTATTCTCT-1",3
"GGCTGGTGTCGCATCG-1",2
"GGCTGGTGTCTAGTGT-1",1
"GGCTGGTGTTATGCGT-1",2
"GGGAATGAGCGTTGCC-1",0
"GGGAATGAGTAGGTGC-1",1
"GGGAATGGTAAGGGAA-1",1
"GGGAATGTCAACGAAA-1",0
"GGGAATGTCCAGTATG-1",2
"GGGAATGTCCGGGTGT-1",0
"GGGACCTAGATGTAAC-1",1
"GGGACCTAGTCTTGCA-1",0
"GGGACCTCAATCAGAA-1",0
"GGGACCTCACTGAAGG-1",5
"GGGAGATAGTACGACG-1",1
"GGGAGATCAAAGTGCG-1",0
"GGGAGATCAAATCCGT-1",3
"GGGAGATCAAGGACTG-1",1
"GGGAGATCACGCGAAA-1",2
"GGGAGATGTAGCGCAA-1",2
"GGGAGATTCAACGGGA-1",0
"GGGAGATTCATCACCC-1",2
"GGGATGAAGTGACATA-1",0
"GGGATGACATCATCCC-1",1
"GGGATGAGTCACCCAG-1",1
"GGGATGAGTGGAAAGA-1",3
"GGGATGAGTTACGACT-1",3
"GGGATGAGTTGGTAAA-1",1
"GGGATGATCAGTTAGC-1",1
"GGGATGATCTATCCTA-1",1
"GGGATGATCTTTAGGG-1",0
"GGGCACTAGTCTCGGC-1",0
"GGGCACTCATCTCCCA-1",1
"GGGCACTTCACCTCGT-1",1
"GGGCACTTCTGAGGGA-1",6
"GGGCATCCAATGTAAG-1",0
"GGGCATCCAGTCTTCC-1",1
"GGGCATCGTGGCGAAT-1",3
"GGGCATCTCACAGTAC-1",0
"GGGCATCTCCCTTGTG-1",2
"GGGCATCTCCGGCACA-1",1
"GGGCATCTCTGTCCGT-1",2
"GGGCATCTCTTATCTG-1",2
"GGGTCTGAGAAGATTC-1",0
"GGGTCTGAGATCCCGC-1",4
"GGGTCTGAGCCAACAG-1",0
"GGGTCTGCACAGGCCT-1",0
"GGGTCTGCACCAGGTC-1",2
"GGGTCTGGTCTGGTCG-1",3
"GGGTCTGGTGATGATA-1",0
"GGGTCTGGTGTGACCC-1",4
"GGGTCTGTCAACTCTT-1",1
"GGGTCTGTCACTCCTG-1",6
"GGGTCTGTCCGTAGTA-1",2
"GGGTTGCAGACAGAGA-1",0
"GGGTTGCAGACCTTTG-1",0
"GGGTTGCAGATCGATA-1",0
"GGGTTGCAGGGTGTTG-1",9
"GGGTTGCAGGTGGGTT-1",2
"GGGTTGCCAATAACGA-1",0
"GGGTTGCCACGCCAGT-1",4
"GGGTTGCCATTAACCG-1",2
"GGGTTGCGTACATCCA-1",1
"GGGTTGCGTAGCGCAA-1",2
"GGGTTGCGTCCTCCAT-1",1
"GGGTTGCGTCGAGTTT-1",2
"GGGTTGCGTGAGTATA-1",1
"GGGTTGCGTGTGACCC-1",1
"GGGTTGCTCGTACCGG-1",1
"GGTATTGAGCACCGTC-1",1
"GGTATTGAGCTATGCT-1",1
"GGTATTGCACATCCAA-1",1
"GGTATTGCAGCTTCGG-1",0
"GGTATTGGTTCCGTCT-1",2
"GGTATTGTCAGAAATG-1",4
"GGTATTGTCCATTCTA-1",1
"GGTATTGTCGCCAGCA-1",2
"GGTGAAGAGACACGAC-1",0
"GGTGAAGAGATCCGAG-1",5
"GGTGAAGCAAGGTGTG-1",0
"GGTGAAGCACTCGACG-1",1
"GGTGAAGCAGTATGCT-1",3
"GGTGAAGGTATGAAAC-1",2
"GGTGAAGGTCAGAATA-1",2
"GGTGAAGGTGGTACAG-1",3
"GGTGAAGGTGTATGGG-1",6
"GGTGAAGGTGTCTGAT-1",3
"GGTGAAGGTGTGGTTT-1",1
"GGTGAAGGTGTGTGCC-1",1
"GGTGAAGTCACGATGT-1",4
"GGTGAAGTCACTCTTA-1",0
"GGTGAAGTCTGGCGTG-1",0
"GGTGCGTAGGTGATTA-1",1
"GGTGCGTAGTACGATA-1",0
"GGTGCGTCACTTAAGC-1",4
"GGTGCGTCAGCTGTAT-1",0
"GGTGCGTGTTCGTTGA-1",2
"GGTGCGTTCCGTACAA-1",2
"GGTGCGTTCTTGACGA-1",0
"GGTGTTAAGGGCTCTC-1",4
"GGTGTTAAGTAGCGGT-1",1
"GGTGTTAAGTGGGATC-1",5
"GGTGTTAAGTTATCGC-1",3
"GGTGTTACAAATCCGT-1",3
"GGTGTTACACGGATAG-1",1
"GGTGTTAGTAATCACC-1",2
"GGTGTTAGTAGCAAAT-1",1
"GGTGTTAGTGTATGGG-1",1
"GGTGTTAGTTGAACTC-1",2
"GGTGTTATCGGACAAG-1",4
"GGTGTTATCGGTGTTA-1",1
"GGTGTTATCTACTTAC-1",1
"GTAACGTAGGTGACCA-1",0
"GTAACGTCACAGGCCT-1",1
"GTAACGTGTACCATCA-1",2
"GTAACGTGTGAGTATA-1",1
"GTAACGTGTTACGGAG-1",2
"GTAACGTGTTAGGGTG-1",2
"GTAACGTTCGGTCCGA-1",3
"GTAACGTTCTCATTCA-1",1
"GTAACTGAGTGGGTTG-1",1
"GTAACTGCAATGGAAT-1",2
"GTAACTGCACAGGCCT-1",0
"GTAACTGCAGGATCGA-1",3
"GTAACTGCATCGGGTC-1",0
"GTAACTGGTATTACCG-1",0
"GTAACTGTCACGGTTA-1",1
"GTAACTGTCTACTATC-1",0
"GTACGTAAGGTGCTTT-1",2
"GTACGTACAGGAATGC-1",1
"GTACGTACATGGATGG-1",0
"GTACGTAGTGAGTGAC-1",1
"GTACGTAGTTGGTAAA-1",2
"GTACGTATCACCTCGT-1",3
"GTACGTATCATCGGAT-1",0
"GTACGTATCCACTGGG-1",4
"GTACTCCAGGCAGTCA-1",1
"GTACTCCCAATAGCGG-1",0
"GTACTCCCACAGGTTT-1",0
"GTACTCCTCACCTTAT-1",3
"GTACTCCTCATTGCCC-1",0
"GTACTCCTCCTTCAAT-1",1
"GTACTTTCAGTTAACC-1",2
"GTACTTTCATGTCGAT-1",4
"GTACTTTTCCGAAGAG-1",2
"GTAGGCCAGCAATCTC-1",1
"GTAGGCCCATTCGACA-1",2
"GTAGGCCGTAACGCGA-1",1
"GTAGGCCGTAAGGGCT-1",1
"GTAGGCCGTACGACCC-1",2
"GTAGGCCGTTCAGGCC-1",4
"GTAGGCCGTTGATTGC-1",2
"GTAGGCCTCAGCACAT-1",3
"GTAGTCAAGAATGTGT-1",3
"GTAGTCAAGATGCCTT-1",3
"GTAGTCAAGGACGAAA-1",0
"GTAGTCAAGTGAAGAG-1",1
"GTAGTCATCGTCACGG-1",1
"GTAGTCATCTGAAAGA-1",1
"GTATCTTAGAAACCAT-1",2
"GTATCTTAGGCTATCT-1",1
"GTATCTTAGTTGTCGT-1",2
"GTATCTTCACACCGCA-1",1
"GTATCTTCACGAAGCA-1",1
"GTATCTTGTTCGCTAA-1",2
"GTATCTTTCATGCTCC-1",2
"GTATCTTTCATGTAGC-1",2
"GTATTCTAGAAACCAT-1",0
"GTATTCTAGACAAAGG-1",2
"GTATTCTCAAAGTCAA-1",1
"GTATTCTCAACAACCT-1",0
"GTATTCTCAACTTGAC-1",2
"GTATTCTCAATAAGCA-1",2
"GTATTCTCAGGGTTAG-1",2
"GTATTCTCATACTACG-1",5
"GTATTCTCATGGTAGG-1",0
"GTATTCTGTAGTGAAT-1",0
"GTATTCTGTCTAGAGG-1",1
"GTCAAGTCATATGCTG-1",1
"GTCAAGTCATGGTTGT-1",2
"GTCAAGTGTCAGCTAT-1",0
"GTCAAGTGTTCCACTC-1",1
"GTCACAAAGCCGATTT-1",3
"GTCACAAAGTGGAGTC-1",2
"GTCACAACAGGTGGAT-1",5
"GTCACAAGTAAACGCG-1",1
"GTCACAATCAGGATCT-1",6
"GTCACAATCAGTTGAC-1",0
"GTCACAATCATGCATG-1",4
"GTCACGGAGATCACGG-1",1
"GTCACGGCATATACCG-1",6
"GTCACGGGTGAGTGAC-1",2
"GTCACGGGTGTGGCTC-1",3
"GTCACGGTCGAGAGCA-1",2
"GTCACGGTCTACCTGC-1",1
"GTCATTTAGAGACTAT-1",2
"GTCATTTCACGTGAGA-1",1
"GTCATTTGTAGAAGGA-1",4
"GTCATTTGTCAGATAA-1",2
"GTCATTTTCCAGAGGA-1",2
"GTCCTCAAGCCCAACC-1",0
"GTCCTCAAGTAGATGT-1",2
"GTCCTCAAGTGGGCTA-1",2
"GTCCTCACAATCACAC-1",2
"GTCCTCAGTGGAAAGA-1",1
"GTCCTCATCAAAGACA-1",1
"GTCCTCATCGTCCGTT-1",2
"GTCGGGTCACTGAAGG-1",1
"GTCGGGTCACTTCGAA-1",2
"GTCGGGTCATGAAGTA-1",2
"GTCGGGTGTCTCACCT-1",2
"GTCGGGTGTGTGACGA-1",1
"GTCGGGTGTGTGTGCC-1",3
"GTCGGGTGTTACGTCA-1",0
"GTCGGGTTCTGCTGTC-1",0
"GTCGGGTTCTGTGCAA-1",0
"GTCGTAAAGAGATGAG-1",0
"GTCGTAAAGCTGCAAG-1",1
"GTCGTAAAGGCGACAT-1",0
"GTCGTAACATCACGAT-1",3
"GTCGTAAGTATCACCA-1",1
"GTCGTAATCCAAGTAC-1",2
"GTCTCGTAGACCACGA-1",0
"GTCTCGTCAGGAACGT-1",0
"GTCTCGTGTGGTAACG-1",1
"GTCTCGTGTTTGGCGC-1",1
"GTCTCGTTCACCGGGT-1",0
"GTCTCGTTCAGTGCAT-1",2
"GTCTTCGAGACAAGCC-1",1
"GTCTTCGAGGAATGGA-1",0
"GTCTTCGAGTCAAGCG-1",0
"GTCTTCGCACATGGGA-1",0
"GTCTTCGCACCAGGTC-1",3
"GTCTTCGCAGACGCAA-1",0
"GTCTTCGCATAACCTG-1",2
"GTCTTCGCATCGATGT-1",1
"GTCTTCGGTCTAGTGT-1",2
"GTCTTCGTCTCGATGA-1",0
"GTGAAGGAGAGCTGGT-1",1
"GTGAAGGAGATCGGGT-1",2
"GTGAAGGAGCCAGTTT-1",2
"GTGAAGGAGTGTTGAA-1",3
"GTGAAGGCAAAGGCGT-1",0
"GTGAAGGCACTTAAGC-1",0
"GTGAAGGCAGATTGCT-1",1
"GTGAAGGGTATATGGA-1",2
"GTGAAGGGTCTCTCTG-1",0
"GTGAAGGTCTCCTATA-1",2
"GTGCAGCAGACATAAC-1",1
"GTGCAGCAGTGGTCCC-1",1
"GTGCAGCCACATCTTT-1",4
"GTGCAGCGTGAGTATA-1",0
"GTGCAGCTCTTAGAGC-1",1
"GTGCATAAGGCATGGT-1",2
"GTGCATAGTTTGTTGG-1",1
"GTGCATATCAGAGCTT-1",1
"GTGCATATCATCATTC-1",2
"GTGCATATCTGCGTAA-1",3
"GTGCGGTAGCAATCTC-1",1
"GTGCGGTAGGACAGAA-1",0
"GTGCGGTCAAAGGTGC-1",3
"GTGCGGTGTTCAGACT-1",0
"GTGCGGTGTTCTGTTT-1",4
"GTGCGGTTCATCTGCC-1",1
"GTGCGGTTCCAGGGCT-1",2
"GTGCGGTTCGGATGGA-1",1
"GTGCGGTTCTCGTTTA-1",1
"GTGCGGTTCTGCTGTC-1",4
"GTGCTTCAGCCAGTTT-1",1
"GTGCTTCAGGATTCGG-1",3
"GTGCTTCAGTACACCT-1",2
"GTGCTTCCACTTAACG-1",1
"GTGCTTCCAGCTATTG-1",2
"GTGCTTCGTAGAGTGC-1",3
"GTGCTTCTCACAATGC-1",1
"GTGCTTCTCACTTCAT-1",2
"GTGGGTCAGACCGGAT-1",1
"GTGGGTCAGACTGTAA-1",1
"GTGGGTCAGCCGTCGT-1",1
"GTGGGTCCACCAACCG-1",1
"GTGGGTCCACCACCAG-1",1
"GTGTGCGAGACCGGAT-1",3
"GTGTGCGAGACTTGAA-1",1
"GTGTGCGCAGGTCGTC-1",0
"GTGTGCGGTGAGCGAT-1",2
"GTGTGCGTCAGTCAGT-1",3
"GTGTGCGTCCCTTGTG-1",0
"GTGTGCGTCTAACTTC-1",0
"GTGTTAGAGCACGCCT-1",2
"GTGTTAGAGGACAGAA-1",0
"GTGTTAGAGGCATGGT-1",1
"GTGTTAGAGTGGAGAA-1",2
"GTGTTAGAGTTTGCGT-1",1
"GTGTTAGCAATGGAAT-1",0
"GTGTTAGCACCACCAG-1",1
"GTGTTAGGTGCCTGGT-1",0
"GTGTTAGGTGGAAAGA-1",1
"GTGTTAGGTTCCATGA-1",2
"GTGTTAGGTTGGGACA-1",0
"GTTAAGCAGAGCTGCA-1",3
"GTTAAGCAGATAGCAT-1",1
"GTTAAGCAGCTAACAA-1",2
"GTTAAGCAGGCTACGA-1",0
"GTTAAGCAGTGTACCT-1",1
"GTTAAGCAGTTTGCGT-1",3
"GTTAAGCCATTCACTT-1",0
"GTTAAGCGTACTCGCG-1",5
"GTTAAGCGTCTAGGTT-1",0
"GTTAAGCGTGGCAAAC-1",1
"GTTAAGCGTTGCTCCT-1",1
"GTTAAGCTCCTTTCGG-1",2
"GTTACAGAGAGCTATA-1",2
"GTTACAGAGTACGATA-1",2
"GTTACAGCAGACGCCT-1",2
"GTTACAGCATCGGTTA-1",3
"GTTACAGGTATGGTTC-1",3
"GTTACAGGTCGACTGC-1",1
"GTTACAGGTCTAGGTT-1",1
"GTTCATTAGCGATGAC-1",1
"GTTCATTCATATACGC-1",0
"GTTCATTCATTGGCGC-1",5
"GTTCATTGTGCACGAA-1",2
"GTTCATTGTGTTAAGA-1",0
"GTTCATTGTTCAGTAC-1",0
"GTTCGGGAGACGACGT-1",1
"GTTCGGGAGCTAAGAT-1",1
"GTTCGGGAGTGTCTCA-1",2
"GTTCGGGGTAGGGTAC-1",2
"GTTCGGGGTGCAGGTA-1",3
"GTTCGGGTCCACGCAG-1",3
"GTTCGGGTCTACTTAC-1",1
"GTTCTCGAGACCACGA-1",2
"GTTCTCGAGCGATGAC-1",3
"GTTCTCGAGGCCATAG-1",1
"GTTCTCGCATCGGACC-1",4
"GTTCTCGGTAAGGGAA-1",2
"GTTCTCGGTAGCGTAG-1",1
"GTTCTCGGTCCGTGAC-1",0
"GTTCTCGGTGTTAAGA-1",5
"GTTCTCGTCAACGCTA-1",3
"GTTCTCGTCCTGTACC-1",3
"GTTTCTACAAACCTAC-1",1
"GTTTCTACAAGAAAGG-1",3
"GTTTCTAGTGTTGGGA-1",1
"GTTTCTATCCCAACGG-1",2
"GTTTCTATCCGTAGTA-1",1
"GTTTCTATCGGCATCG-1",0
"TAAACCGGTACTTAGC-1",1
"TAAACCGTCACTCTTA-1",1
"TAAACCGTCAGGCGAA-1",1
"TAAACCGTCCGTTGTC-1",3
"TAAACCGTCTTCCTTC-1",1
"TAAGAGACAAGTTGTC-1",2
"TAAGAGAGTATATCCG-1",4
"TAAGAGATCAATCACG-1",3
"TAAGAGATCTAACGGT-1",3
"TAAGAGATCTTTCCTC-1",1
"TAAGCGTAGTGGACGT-1",0
"TAAGCGTAGTGTCTCA-1",0
"TAAGCGTCAGCTTCGG-1",1
"TAAGCGTCAGGTGGAT-1",0
"TAAGCGTGTCCTGCTT-1",2
"TAAGCGTGTGCCTGGT-1",0
"TAAGCGTGTTGTTTGG-1",1
"TAAGCGTTCCTCATTA-1",0
"TAAGCGTTCGGCGCAT-1",2
"TAAGCGTTCTCGCATC-1",1
"TAAGTGCAGGCTAGGT-1",0
"TAAGTGCAGTAGCGGT-1",0
"TAAGTGCCAACGCACC-1",0
"TAAGTGCCATACAGCT-1",2
"TAAGTGCGTAAACACA-1",0
"TAAGTGCGTCTCACCT-1",1
"TAAGTGCGTTCAGACT-1",2
"TAAGTGCTCACCCTCA-1",2
"TAAGTGCTCACTGGGC-1",2
"TAAGTGCTCTGGCGTG-1",1
"TACACGACACCCATTC-1",0
"TACACGAGTGATAAAC-1",2
"TACACGATCTGTCTCG-1",1
"TACAGTGAGATGCGAC-1",4
"TACAGTGAGCGTTGCC-1",0
"TACAGTGAGTGTACGG-1",0
"TACAGTGCAGGAATCG-1",1
"TACAGTGCAGGTGCCT-1",4
"TACAGTGGTACTCAAC-1",0
"TACAGTGGTTGGACCC-1",1
"TACCTATAGAGCTGGT-1",1
"TACCTATAGAGTTGGC-1",0
"TACCTATAGGCTCATT-1",2
"TACCTATAGTTAGCGG-1",2
"TACCTATCAAGCTGGA-1",3
"TACCTATGTAAATGAC-1",9
"TACCTATGTAGAGTGC-1",2
"TACCTATGTCACCTAA-1",0
"TACCTATGTGTTGAGG-1",1
"TACCTATGTTAAAGAC-1",1
"TACCTATTCTATGTGG-1",2
"TACCTATTCTTCCTTC-1",2
"TACCTTAAGAGGTTGC-1",4
"TACCTTAAGTCAAGCG-1",3
"TACCTTAAGTGGTCCC-1",2
"TACCTTACAACTGGCC-1",2
"TACCTTACAAGGGTCA-1",1
"TACCTTACACTCAGGC-1",5
"TACCTTACATCTACGA-1",7
"TACCTTAGTAGCGTCC-1",2
"TACCTTAGTCTCCACT-1",2
"TACGGATAGATGGCGT-1",0
"TACGGATAGGTACTCT-1",3
"TACGGATCAGGGATTG-1",2
"TACGGATCATCACCCT-1",3
"TACGGATGTCTAGCCG-1",2
"TACGGATTCGGTGTCG-1",5
"TACGGATTCTACTATC-1",2
"TACGGGCAGGATGCGT-1",1
"TACGGGCAGGGAACGG-1",1
"TACGGGCAGTATTGGA-1",1
"TACGGGCAGTCAAGCG-1",1
"TACGGGCCAAGAAGAG-1",1
"TACGGGCCACCAGATT-1",2
"TACGGGCCATCAGTAC-1",1
"TACGGGCGTAAGGGCT-1",0
"TACGGGCGTCTGATTG-1",1
"TACGGGCGTGATGTGG-1",3
"TACGGGCTCACCTTAT-1",5
"TACGGGCTCAGCTCTC-1",3
"TACGGGCTCCACGAAT-1",3
"TACGGGCTCCTATTCA-1",2
"TACGGGCTCGGTGTTA-1",1
"TACGGTAAGATATGGT-1",2
"TACGGTAAGCCGATTT-1",2
"TACGGTAAGTCATGCT-1",0
"TACGGTAAGTGCCATT-1",2
"TACGGTACACAGGCCT-1",0
"TACGGTACATTTCAGG-1",2
"TACGGTAGTATATCCG-1",0
"TACGGTAGTCACTTCC-1",3
"TACGGTAGTGCAGGTA-1",1
"TACGGTAGTGGGTATG-1",0
"TACGGTATCGCAGGCT-1",4
"TACGGTATCGGACAAG-1",3
"TACGGTATCGTTTATC-1",2
"TACTCATAGTCACGCC-1",3
"TACTCATCAATCTACG-1",1
"TACTCATCACGGTAGA-1",3
"TACTCATCACTTCTGC-1",4
"TACTCATCATCCGTGG-1",0
"TACTCATCATGTCGAT-1",2
"TACTCATGTACAGCAG-1",1
"TACTCATGTCTTCAAG-1",5
"TACTCATTCCTTTCTC-1",2
"TACTCGCAGGCGACAT-1",5
"TACTCGCGTCAGAAGC-1",3
"TACTCGCGTCTGATTG-1",3
"TACTCGCGTGTAACGG-1",1
"TACTCGCGTTGAGTTC-1",2
"TACTCGCTCAACGGGA-1",0
"TACTCGCTCCGAATGT-1",0
"TACTTACAGACTAGGC-1",4
"TACTTACAGCTGAACG-1",6
"TACTTACAGTACACCT-1",0
"TACTTACAGTACGCCC-1",2
"TACTTACAGTGATCGG-1",0
"TACTTACCAAGCCGTC-1",3
"TACTTACCACAGGTTT-1",1
"TACTTACTCGCGTTTC-1",4
"TACTTGTAGCGATATA-1",2
"TACTTGTAGTAATCCC-1",2
"TACTTGTCAAACAACA-1",1
"TACTTGTCATGCAACT-1",2
"TACTTGTGTAGCACGA-1",0
"TACTTGTGTATAAACG-1",0
"TACTTGTGTTCCACAA-1",1
"TACTTGTTCTGCAGTA-1",4
"TAGACCAAGAGACGAA-1",0
"TAGACCAAGCCTCGTG-1",1
"TAGACCAAGTCGATAA-1",3
"TAGACCACAACACCCG-1",1
"TAGACCAGTAGATTAG-1",2
"TAGACCAGTTCATGGT-1",0
"TAGACCATCACTTCAT-1",1
"TAGACCATCGTCACGG-1",1
"TAGACCATCTCCAGGG-1",2
"TAGAGCTAGAATTCCC-1",1
"TAGAGCTAGTATTGGA-1",3
"TAGAGCTCACTGAAGG-1",1
"TAGAGCTGTACTTGAC-1",1
"TAGAGCTGTAGGGACT-1",0
"TAGAGCTGTCTAAAGA-1",0
"TAGCCGGAGACTGGGT-1",0
"TAGCCGGAGTCCCACG-1",0
"TAGCCGGAGTGACATA-1",1
"TAGCCGGCAGCAGTTT-1",0
"TAGCCGGGTACAGTGG-1",0
"TAGCCGGGTACCATCA-1",1
"TAGCCGGGTCGCGAAA-1",5
"TAGCCGGTCACGACTA-1",2
"TAGCCGGTCCAGGGCT-1",1
"TAGGCATAGAACTGTA-1",1
"TAGGCATAGCTAGGCA-1",2
"TAGGCATAGTCGTACT-1",4
"TAGGCATAGTTTAGGA-1",1
"TAGGCATCAAGCCTAT-1",1
"TAGGCATCAGACGCAA-1",0
"TAGGCATGTACGAAAT-1",1
"TAGGCATGTCCAGTTA-1",1
"TAGGCATGTTCCACTC-1",3
"TAGGCATTCCCTAACC-1",3
"TAGGCATTCGCTAGCG-1",3
"TAGGCATTCGTAGATC-1",1
"TAGGCATTCTTCATGT-1",3
"TAGTGGTAGATCACGG-1",4
"TAGTGGTAGCTGTTCA-1",3
"TAGTGGTCAGTATAAG-1",2
"TAGTGGTGTAGCGTAG-1",0
"TAGTGGTTCAGCATGT-1",3
"TAGTGGTTCGGCGCAT-1",0
"TAGTGGTTCTCAAGTG-1",2
"TAGTGGTTCTGGGCCA-1",7
"TAGTGGTTCTTTAGTC-1",3
"TAGTTGGAGATAGGAG-1",3
"TAGTTGGCAGACGCAA-1",0
"TAGTTGGCATGCGCAC-1",3
"TAGTTGGGTATGGTTC-1",1
"TAGTTGGTCCGAATGT-1",0
"TAGTTGGTCTACTCAT-1",1
"TAGTTGGTCTCTAAGG-1",2
"TAGTTGGTCTGATACG-1",0
"TATCAGGAGAGTAAGG-1",1
"TATCAGGAGATCCGAG-1",0
"TATCAGGAGCAGATCG-1",0
"TATCAGGAGGTGCTTT-1",2
"TATCAGGCAACTTGAC-1",2
"TATCAGGCACGTTGGC-1",0
"TATCAGGGTCCGTTAA-1",1
"TATCAGGGTCTGCAAT-1",1
"TATCAGGGTTAAAGAC-1",2
"TATCAGGTCAAGATCC-1",6
"TATCAGGTCCACTCCA-1",4
"TATCAGGTCGTAGGTT-1",1
"TATCTCAAGAGTTGGC-1",1
"TATCTCAAGCCACCTG-1",3
"TATCTCAAGCGTAATA-1",0
"TATCTCAAGGCTAGCA-1",0
"TATCTCAAGTGGGCTA-1",0
"TATCTCACATGTCCTC-1",3
"TATCTCAGTAACGACG-1",5
"TATCTCAGTACCTACA-1",0
"TATCTCAGTACGACCC-1",0
"TATCTCAGTCAATGTC-1",3
"TATCTCATCAAGCCTA-1",3
"TATGCCCAGAAACCGC-1",3
"TATGCCCAGGTAGCTG-1",2
"TATGCCCCAATGGAAT-1",1
"TATGCCCCACTTAACG-1",3
"TATGCCCCATGTTCCC-1",0
"TATGCCCGTAGCCTCG-1",3
"TATGCCCGTATAGGGC-1",1
"TATGCCCGTATGAAAC-1",0
"TATGCCCGTCGCCATG-1",5
"TATGCCCGTGCCTTGG-1",0
"TATGCCCGTTAAGATG-1",0
"TATGCCCGTTGGTGGA-1",1
"TATGCCCGTTTAGGAA-1",0
"TATGCCCTCGTCTGCT-1",2
"TATTACCAGAGAGCTC-1",0
"TATTACCAGCAAATCA-1",4
"TATTACCAGCCCGAAA-1",3
"TATTACCAGTATCTCG-1",2
"TATTACCCAAAGTGCG-1",1
"TATTACCCAGACAAGC-1",4
"TATTACCCAGTCAGCC-1",2
"TATTACCCATAAAGGT-1",1
"TATTACCCATCTACGA-1",3
"TATTACCGTCCAGTAT-1",2
"TCAACGAAGCCGATTT-1",3
"TCAACGAAGCGATGAC-1",2
"TCAACGAAGGCATGTG-1",1
"TCAACGAAGTAGTGCG-1",2
"TCAACGACACCAGGCT-1",0
"TCAACGACATGCCTTC-1",7
"TCAACGAGTTACCAGT-1",0
"TCAACGAGTTCCATGA-1",1
"TCAACGAGTTCTGGTA-1",3
"TCAACGATCAGTCCCT-1",3
"TCAACGATCTGTGCAA-1",2
"TCAATCTAGATCCCGC-1",0
"TCAATCTCACAAGCCC-1",2
"TCAATCTCACAGCCCA-1",1
"TCAATCTCATGACGGA-1",1
"TCAATCTCATTTGCTT-1",2
"TCAATCTGTAGTGAAT-1",2
"TCAATCTGTTAGATGA-1",0
"TCAATCTTCAGATAAG-1",0
"TCAATCTTCATGTCCC-1",0
"TCACAAGAGACTGGGT-1",4
"TCACAAGAGAGAGCTC-1",1
"TCACAAGAGGCCCTCA-1",1
"TCACAAGAGGTGGGTT-1",3
"TCACAAGAGTAGATGT-1",0
"TCACAAGCAGTATGCT-1",1
"TCACAAGCATAACCTG-1",0
"TCACAAGCATGACATC-1",1
"TCACAAGGTCAGATAA-1",1
"TCACAAGGTGTGGTTT-1",3
"TCACAAGTCATCATTC-1",0
"TCACAAGTCATGCATG-1",5
"TCACGAAAGCTCCTTC-1",1
"TCACGAAAGGTGCTTT-1",0
"TCACGAAAGTCTCGGC-1",1
"TCACGAACACAAGACG-1",3
"TCACGAACACTGTCGG-1",4
"TCACGAAGTGGTCCGT-1",1
"TCACGAAGTTGGTGGA-1",2
"TCACGAATCATGCAAC-1",2
"TCACGAATCCCGACTT-1",1
"TCACGAATCCTCGCAT-1",2
"TCACGAATCGTCACGG-1",0
"TCAGATGAGGTGCACA-1",1
"TCAGATGGTCTTGTCC-1",3
"TCAGATGGTGCCTGCA-1",1
"TCAGATGGTGCTGTAT-1",2
"TCAGATGTCAGTTTGG-1",2
"TCAGATGTCGCATGAT-1",1
"TCAGATGTCTCCTATA-1",1
"TCAGCAAAGGAGTCTG-1",2
"TCAGCAAAGGCTCATT-1",1
"TCAGCAAAGTACGACG-1",1
"TCAGCAAAGTGGCACA-1",6
"TCAGCAACACGCATCG-1",1
"TCAGCAAGTACCGGCT-1",5
"TCAGCAATCAGCGATT-1",1
"TCAGCAATCGGAAACG-1",3
"TCAGCAATCTTCAACT-1",0
"TCAGCTCAGGTGTTAA-1",0
"TCAGCTCAGTATGACA-1",0
"TCAGCTCCAATCTGCA-1",3
"TCAGCTCCACGGTTTA-1",1
"TCAGCTCGTAATAGCA-1",3
"TCAGCTCGTCCGTCAG-1",1
"TCAGCTCGTTCACGGC-1",2
"TCAGCTCTCACGATGT-1",1
"TCAGCTCTCATGCATG-1",2
"TCAGCTCTCCTAAGTG-1",2
"TCAGCTCTCTCGTATT-1",2
"TCAGGATAGACAGAGA-1",2
"TCAGGATAGATATGGT-1",4
"TCAGGATCAAACGTGG-1",0
"TCAGGATCAAGTTCTG-1",2
"TCAGGATCACGGTGTC-1",1
"TCAGGATCACTGTGTA-1",5
"TCAGGATCAGCATACT-1",0
"TCAGGATCATCTGGTA-1",2
"TCAGGATGTAAGCACG-1",3
"TCAGGATGTGGCCCTA-1",0
"TCAGGATTCCGATATG-1",0
"TCAGGATTCTCGATGA-1",2
"TCAGGTAAGATGGCGT-1",2
"TCAGGTAAGTGTTTGC-1",1
"TCAGGTACACAAGTAA-1",2
"TCAGGTACACAGAGGT-1",2
"TCAGGTACAGCTGCTG-1",2
"TCAGGTAGTAAACGCG-1",3
"TCATTACAGAAACCAT-1",3
"TCATTACAGGAGTTGC-1",1
"TCATTACAGTTGCAGG-1",0
"TCATTACCACATCCAA-1",1
"TCATTACCAGTCAGCC-1",1
"TCATTACGTACGCACC-1",3
"TCATTACGTCTAGAGG-1",6
"TCATTACGTGAAGGCT-1",0
"TCATTACGTTCTGTTT-1",4
"TCATTACTCATCGATG-1",0
"TCATTTGAGCCAGTTT-1",3
"TCATTTGCACGTCTCT-1",0
"TCATTTGCAGTTAACC-1",1
"TCATTTGTCCAGAGGA-1",0
"TCATTTGTCCCTTGCA-1",2
"TCATTTGTCCGTCAAA-1",1
"TCATTTGTCGCTAGCG-1",0
"TCATTTGTCGTACGGC-1",2
"TCATTTGTCTCTGCTG-1",0
"TCCACACCAAAGAATC-1",1
"TCCACACCACGCCAGT-1",3
"TCCACACGTACAGCAG-1",1
"TCCACACGTAGCCTAT-1",3
"TCCACACGTCATCGGC-1",3
"TCCACACGTGACCAAG-1",2
"TCCACACGTGCGAAAC-1",1
"TCCACACTCAACACCA-1",0
"TCCACACTCCAGTATG-1",1
"TCCACACTCCCATTTA-1",0
"TCCACACTCGAACTGT-1",1
"TCCCGATAGAAGAAGC-1",2
"TCCCGATAGCACAGGT-1",1
"TCCCGATAGCCGGTAA-1",3
"TCCCGATCAAGGTTCT-1",1
"TCCCGATCAGCCAATT-1",4
"TCCCGATCATCCAACA-1",5
"TCCCGATGTAAGGATT-1",1
"TCCCGATGTCAATACC-1",3
"TCCCGATTCAGAAATG-1",3
"TCCCGATTCAGTCCCT-1",1
"TCCCGATTCATCTGTT-1",0
"TCCCGATTCCCTAATT-1",5
"TCCCGATTCTGGAGCC-1",0
"TCGAGGCAGCGATGAC-1",0
"TCGAGGCAGTGTTTGC-1",2
"TCGAGGCCAAAGAATC-1",2
"TCGAGGCCAAGTTCTG-1",1
"TCGAGGCCAGTAACGG-1",1
"TCGAGGCGTATATCCG-1",1
"TCGAGGCTCGCAAGCC-1",2
"TCGAGGCTCTTGAGAC-1",1
"TCGAGGCTCTTTCCTC-1",0
"TCGCGAGAGACAAAGG-1",2
"TCGCGAGAGTGAATTG-1",0
"TCGCGAGCAAGCGTAG-1",1
"TCGCGAGCACCGAATT-1",1
"TCGCGAGCAGTAAGAT-1",0
"TCGCGAGTCCACGAAT-1",1
"TCGCGAGTCTAGCACA-1",5
"TCGCGAGTCTCTAGGA-1",0
"TCGCGAGTCTTCATGT-1",4
"TCGCGTTAGTGGGCTA-1",1
"TCGCGTTCACAGGCCT-1",0
"TCGCGTTCATCACAAC-1",0
"TCGCGTTCATCTCGCT-1",3
"TCGCGTTGTTCACCTC-1",3
"TCGCGTTTCAAGATCC-1",2
"TCGCGTTTCAGGTAAA-1",1
"TCGCGTTTCATTCACT-1",0
"TCGCGTTTCCTGTACC-1",2
"TCGCGTTTCGCCCTTA-1",2
"TCGGGACCACACATGT-1",2
"TCGGGACTCCTTGCCA-1",0
"TCGGGACTCTGCGGCA-1",3
"TCGGGACTCTTGTCAT-1",0
"TCGGTAAAGACAGGCT-1",1
"TCGGTAAAGCTCAACT-1",4
"TCGGTAACAAGCTGAG-1",2
"TCGGTAACAGGAATGC-1",0
"TCGGTAAGTATATGGA-1",5
"TCGGTAAGTCTAGTCA-1",1
"TCGGTAATCCCGGATG-1",2
"TCGTACCAGCAGGCTA-1",0
"TCGTACCAGTTTCCTT-1",3
"TCGTACCGTTTGCATG-1",1
"TCGTACCTCGGGAGTA-1",2
"TCGTAGAAGCTAACTC-1",3
"TCGTAGAAGGCGACAT-1",5
"TCGTAGAAGGGAACGG-1",0
"TCGTAGAAGTCCATAC-1",0
"TCGTAGACAATCCAAC-1",1
"TCGTAGACACTCAGGC-1",1
"TCGTAGAGTATGAATG-1",0
"TCGTAGAGTGAGCGAT-1",2
"TCGTAGAGTGTGTGCC-1",2
"TCGTAGAGTTCAACCA-1",2
"TCGTAGAGTTCCATGA-1",1
"TCGTAGATCCAAGCCG-1",2
"TCGTAGATCTTAGCCC-1",1
"TCTATTGAGCGATTCT-1",0
"TCTATTGAGTGCCATT-1",3
"TCTATTGCACATCTTT-1",4
"TCTATTGGTAAGTGTA-1",1
"TCTATTGGTCCAACTA-1",2
"TCTATTGGTCTGCCAG-1",1
"TCTATTGGTTGCTCCT-1",2
"TCTATTGTCGGCGCTA-1",2
"TCTCATAAGCTAAACA-1",2
"TCTCATAAGCTAGTCT-1",1
"TCTCATAAGTGCCATT-1",1
"TCTCATAGTACCGGCT-1",4
"TCTCATAGTGTAAGTA-1",5
"TCTCATATCAAGCCTA-1",2
"TCTCATATCACCTTAT-1",2
"TCTCATATCCTGTACC-1",1
"TCTCTAAAGACCGGAT-1",1
"TCTCTAAAGGGTGTTG-1",3
"TCTCTAACAGCCTATA-1",0
"TCTCTAAGTCCAGTAT-1",1
"TCTCTAAGTCCATGAT-1",0
"TCTCTAAGTCTCATCC-1",2
"TCTCTAAGTGGAAAGA-1",6
"TCTCTAATCAAACCAC-1",1
"TCTCTAATCAACGCTA-1",1
"TCTCTAATCACAGGCC-1",0
"TCTCTAATCACATACG-1",4
"TCTCTAATCCGTAGGC-1",0
"TCTCTAATCGTATCAG-1",9
"TCTGAGACAAACCTAC-1",6
"TCTGAGACACGGATAG-1",1
"TCTGAGACAGAGTGTG-1",0
"TCTGAGAGTAAGGGAA-1",1
"TCTGAGATCCTTGACC-1",2
"TCTGAGATCTATCCTA-1",0
"TCTGGAAAGCGATGAC-1",3
"TCTGGAAAGCTAGTTC-1",2
"TCTGGAAAGCTCTCGG-1",1
"TCTGGAAAGGAGCGAG-1",7
"TCTGGAACACAAGACG-1",2
"TCTGGAACACACTGCG-1",2
"TCTGGAACACTTCTGC-1",4
"TCTGGAAGTGAGTATA-1",1
"TCTGGAATCTGTCTAT-1",0
"TCTTCGGAGGTTCCTA-1",1
"TCTTCGGAGTTCGATC-1",1
"TCTTCGGCAAAGCAAT-1",1
"TCTTCGGCAAAGGTGC-1",3
"TCTTCGGCAATAGCAA-1",1
"TCTTCGGCAATGTAAG-1",2
"TCTTCGGCACACCGAC-1",0
"TCTTCGGCAGCCAATT-1",0
"TCTTCGGGTCATTAGC-1",0
"TCTTCGGTCGTAGGTT-1",2
"TCTTCGGTCTCTAAGG-1",3
"TCTTTCCAGAGAGCTC-1",2
"TCTTTCCAGTCATCCA-1",1
"TCTTTCCCATCTCCCA-1",1
"TCTTTCCGTAATCACC-1",3
"TCTTTCCGTAGTACCT-1",0
"TCTTTCCTCACAACGT-1",1
"TCTTTCCTCAGCTGGC-1",0
"TCTTTCCTCCAAGTAC-1",2
"TCTTTCCTCCTCGCAT-1",2
"TGAAAGAAGCTAAGAT-1",3
"TGAAAGACAAGCCGTC-1",0
"TGAAAGACACATTCGA-1",1
"TGAAAGACATGAGCGA-1",1
"TGAAAGAGTCTAGCGC-1",4
"TGAAAGAGTCTCATCC-1",2
"TGAAAGATCCCGACTT-1",0
"TGAAAGATCTATGTGG-1",0
"TGACAACCAAGCGAGT-1",1
"TGACAACGTAGGGACT-1",2
"TGACAACGTGCGCTTG-1",1
"TGACAACGTGGTTTCA-1",0
"TGACAACTCACAAACC-1",2
"TGACAACTCCACGTGG-1",0
"TGACAACTCGAATGCT-1",0
"TGACGGCAGCGCCTCA-1",3
"TGACGGCAGGCTCAGA-1",1
"TGACGGCAGTCAAGCG-1",0
"TGACGGCCACAGACTT-1",1
"TGACGGCGTCATCCCT-1",3
"TGACGGCTCAGGCGAA-1",2
"TGACGGCTCCACTGGG-1",0
"TGACTAGAGACCCACC-1",1
"TGACTAGAGGGCATGT-1",0
"TGACTAGAGTCTCAAC-1",0
"TGACTAGAGTTGAGAT-1",0
"TGACTAGCAGCATACT-1",4
"TGACTAGCAGTCAGAG-1",1
"TGACTAGCATTTCACT-1",3
"TGACTAGGTAAATACG-1",5
"TGACTAGGTGAAAGAG-1",3
"TGACTAGGTGCAGTAG-1",4
"TGACTAGTCATGCATG-1",1
"TGACTAGTCCATGCTC-1",1
"TGACTAGTCTGTTGAG-1",0
"TGACTTTAGAACAATC-1",1
"TGACTTTAGTCTCGGC-1",0
"TGACTTTAGTTAGGTA-1",2
"TGACTTTCAGTCCTTC-1",3
"TGACTTTCATTATCTC-1",1
"TGACTTTGTCACACGC-1",2
"TGACTTTTCCTCAATT-1",1
"TGACTTTTCTGCCCTA-1",1
"TGAGAGGAGGCTCATT-1",1
"TGAGAGGCAAAGTCAA-1",2
"TGAGAGGCAAGCCATT-1",1
"TGAGAGGCACCATGTA-1",0
"TGAGAGGGTCACTGGC-1",2
"TGAGAGGGTCTAAACC-1",0
"TGAGAGGTCGAACTGT-1",2
"TGAGAGGTCGCGTTTC-1",0
"TGAGAGGTCTGACCTC-1",1
"TGAGCATAGAAACGAG-1",5
"TGAGCATAGAAGCCCA-1",0
"TGAGCATAGATGTCGG-1",1
"TGAGCATAGGAATGGA-1",2
"TGAGCATCACCAGGCT-1",1
"TGAGCATCAGATGAGC-1",2
"TGAGCATCAGCGTAAG-1",0
"TGAGCATCAGCTGTAT-1",1
"TGAGCATGTGGCCCTA-1",3
"TGAGCATTCCACGTTC-1",1
"TGAGCATTCCGATATG-1",1
"TGAGCATTCGGCCGAT-1",1
"TGAGCCGCATCGGGTC-1",1
"TGAGCCGGTCGAACAG-1",0
"TGAGCCGGTGTAATGA-1",1
"TGAGCCGGTTGATTCG-1",1
"TGAGCCGTCATCTGCC-1",1
"TGAGCCGTCGTCACGG-1",1
"TGAGCCGTCTTGAGGT-1",2
"TGAGGGAAGAGACTAT-1",0
"TGAGGGAAGGAGTACC-1",1
"TGAGGGAAGTCATCCA-1",0
"TGAGGGAAGTCATGCT-1",1
"TGAGGGACACCAGTTA-1",0
"TGAGGGACATAAGACA-1",1
"TGAGGGAGTAAACGCG-1",5
"TGAGGGAGTTAGGGTG-1",2
"TGAGGGATCAACGGGA-1",0
"TGAGGGATCTAGCACA-1",0
"TGAGGGATCTCTTATG-1",2
"TGATTTCCATCCGGGT-1",1
"TGATTTCGTAGGCATG-1",2
"TGATTTCGTTAAGACA-1",2
"TGATTTCTCTGATTCT-1",2
"TGCACCTAGACCTTTG-1",2
"TGCACCTAGGACGAAA-1",0
"TGCACCTCAAGTTGTC-1",1
"TGCACCTCAATAGAGT-1",2
"TGCACCTCATCCGGGT-1",1
"TGCACCTGTAATCACC-1",1
"TGCACCTGTCACACGC-1",0
"TGCACCTTCACGGTTA-1",2
"TGCACCTTCATCGGAT-1",2
"TGCACCTTCCGCGGTA-1",2
"TGCACCTTCGAACTGT-1",2
"TGCACCTTCTCTTGAT-1",2
"TGCCAAACAATGTAAG-1",0
"TGCCAAACAATTCCTT-1",3
"TGCCAAAGTTCGCGAC-1",0
"TGCCAAATCCAAACTG-1",4
"TGCCAAATCCCTGACT-1",0
"TGCCAAATCGGCGGTT-1",1
"TGCCCATAGACTAGGC-1",3
"TGCCCATAGCGTCAAG-1",2
"TGCCCATAGCGTGAAC-1",2
"TGCCCATAGCTGTTCA-1",2
"TGCCCATAGGATGGAA-1",1
"TGCCCATAGTACGCCC-1",4
"TGCCCATAGTTGAGTA-1",2
"TGCCCATCACCAGGTC-1",1
"TGCCCATCACGAAATA-1",3
"TGCCCATCAGGACGTA-1",1
"TGCCCATCATGGAATA-1",2
"TGCCCATCATGGATGG-1",0
"TGCCCATGTAGCCTCG-1",1
"TGCCCATTCAAACCGT-1",2
"TGCCCATTCAGGCCCA-1",2
"TGCCCATTCCTTCAAT-1",0
"TGCCCATTCGGAAATA-1",4
"TGCCCTAAGGTCGGAT-1",0
"TGCCCTAAGGTTCCTA-1",1
"TGCCCTACACCACCAG-1",1
"TGCCCTACAGCCACCA-1",2
"TGCCCTACAGTGAGTG-1",2
"TGCCCTAGTCCGAGTC-1",7
"TGCCCTAGTGGTTTCA-1",0
"TGCCCTAGTTTCGCTC-1",3
"TGCCCTATCGACGGAA-1",1
"TGCCCTATCTTCGGTC-1",1
"TGCGCAGAGACTAGGC-1",1
"TGCGCAGAGCACACAG-1",1
"TGCGCAGAGCGTCTAT-1",1
"TGCGCAGAGGAGCGAG-1",3
"TGCGCAGCAAACGTGG-1",4
"TGCGCAGCAGCTCGCA-1",1
"TGCGCAGCAGTAGAGC-1",1
"TGCGCAGTCCTACAGA-1",1
"TGCGGGTAGAGACTTA-1",0
"TGCGGGTAGATCGATA-1",3
"TGCGGGTAGCTCTCGG-1",1
"TGCGGGTAGGTGTGGT-1",1
"TGCGGGTAGTACTTGC-1",1
"TGCGGGTCAATGGAAT-1",3
"TGCGGGTCACACGCTG-1",1
"TGCGGGTCATTGGGCC-1",0
"TGCGGGTGTAGAAAGG-1",1
"TGCGGGTGTCACCTAA-1",0
"TGCGGGTGTCAGATAA-1",2
"TGCGGGTGTTAGAACA-1",0
"TGCGGGTTCAGTTCGA-1",0
"TGCGGGTTCGTAGATC-1",0
"TGCGGGTTCTCTTGAT-1",0
"TGCGTGGAGACGCAAC-1",0
"TGCGTGGAGACTGGGT-1",0
"TGCGTGGAGTGAACGC-1",0
"TGCGTGGCAATTCCTT-1",5
"TGCGTGGGTGCACCAC-1",1
"TGCGTGGTCCGCGCAA-1",0
"TGCGTGGTCGCCCTTA-1",1
"TGCGTGGTCTGGCGAC-1",2
"TGCTACCAGAAAGTGG-1",2
"TGCTACCAGATGGCGT-1",1
"TGCTACCAGCAAATCA-1",1
"TGCTACCAGTCCGTAT-1",0
"TGCTACCCAAGAGGCT-1",1
"TGCTACCCACTTAACG-1",1
"TGCTACCCATCGTCGG-1",1
"TGCTACCCATGGTTGT-1",2
"TGCTACCGTGTGACGA-1",3
"TGCTACCTCCTCGCAT-1",2
"TGCTACCTCTTCTGGC-1",2
"TGCTGCTAGACTAAGT-1",0
"TGCTGCTAGGTGATAT-1",1
"TGCTGCTCAATAGAGT-1",1
"TGCTGCTCACAGACAG-1",1
"TGCTGCTCATCCCATC-1",0
"TGCTGCTCATGGTTGT-1",4
"TGCTGCTGTCATACTG-1",0
"TGCTGCTGTGAAGGCT-1",3
"TGCTGCTTCATTGCGA-1",0
"TGGACGCAGAGGTACC-1",1
"TGGACGCAGTCAAGGC-1",0
"TGGACGCCACAGAGGT-1",1
"TGGACGCCATGGTAGG-1",1
"TGGACGCGTCCGAACC-1",1
"TGGACGCGTCTCCCTA-1",1
"TGGCCAGAGAAGGTGA-1",2
"TGGCCAGAGAGTACAT-1",1
"TGGCCAGAGGCGATAC-1",1
"TGGCCAGAGGCGTACA-1",2
"TGGCCAGCAACTGCGC-1",1
"TGGCCAGCACGACTCG-1",1
"TGGCCAGGTCAATACC-1",3
"TGGCCAGTCGTAGATC-1",3
"TGGCCAGTCTATCCCG-1",2
"TGGCGCAAGCTACCTA-1",0
"TGGCGCAAGCTATGCT-1",0
"TGGCGCAAGTGTGGCA-1",2
"TGGCGCAAGTTACCCA-1",3
"TGGCGCACACAGGCCT-1",1
"TGGCGCACACGGATAG-1",2
"TGGCGCACAGCGATCC-1",1
"TGGCGCACATAGGATA-1",0
"TGGCGCACATATACGC-1",3
"TGGCGCAGTACTCTCC-1",2
"TGGCGCAGTGGACGAT-1",2
"TGGCGCAGTTATGTGC-1",3
"TGGCGCATCAAGAAGT-1",0
"TGGCGCATCATGCTCC-1",1
"TGGCGCATCATGTGGT-1",1
"TGGCGCATCATTATCC-1",3
"TGGCGCATCGTGGTCG-1",1
"TGGCTGGAGCGGATCA-1",3
"TGGCTGGAGTGCAAGC-1",1
"TGGCTGGCAAGTTAAG-1",2
"TGGCTGGCACGGATAG-1",0
"TGGCTGGCAGGAACGT-1",0
"TGGCTGGGTCGAGTTT-1",2
"TGGCTGGGTCGGCATC-1",2
"TGGCTGGGTCTAGCCG-1",3
"TGGCTGGGTTACGCGC-1",0
"TGGCTGGGTTGGACCC-1",1
"TGGCTGGTCTCGTTTA-1",0
"TGGGAAGAGATATACG-1",3
"TGGGAAGAGCCCAATT-1",2
"TGGGAAGAGCGCTCCA-1",2
"TGGGAAGAGGGCTTCC-1",4
"TGGGAAGAGTAAGTAC-1",13
"TGGGAAGAGTTAACGA-1",3
"TGGGAAGCAAGGTGTG-1",1
"TGGGAAGCAGATCCAT-1",3
"TGGGAAGCAGCGAACA-1",1
"TGGGAAGGTAAGTTCC-1",1
"TGGGAAGGTTAGATGA-1",1
"TGGGAAGGTTATTCTC-1",0
"TGGGAAGTCCCAAGAT-1",1
"TGGGAAGTCCTTCAAT-1",1
"TGGGAAGTCGTGGACC-1",3
"TGGGAAGTCTCCTATA-1",0
"TGGGCGTAGTCTCCTC-1",0
"TGGGCGTCAGACGTAG-1",3
"TGGGCGTCAGGGATTG-1",1
"TGGGCGTGTCCAAGTT-1",0
"TGGGCGTGTCTAGAGG-1",1
"TGGGCGTGTGGCTCCA-1",4
"TGGGCGTGTTTCGCTC-1",3
"TGGGCGTTCAGCTTAG-1",0
"TGGTTAGAGCTACCTA-1",6
"TGGTTAGAGTTAGGTA-1",1
"TGGTTAGGTGATGATA-1",1
"TGGTTAGGTTCACGGC-1",2
"TGGTTAGTCCCGACTT-1",2
"TGGTTAGTCTTGTATC-1",2
"TGGTTCCAGCCGTCGT-1",0
"TGGTTCCAGTAATCCC-1",2
"TGGTTCCCAAGTTGTC-1",1
"TGGTTCCCAGACAAAT-1",3
"TGGTTCCCAGACAGGT-1",2
"TGGTTCCCAGCTCGAC-1",1
"TGGTTCCCATGTCCTC-1",2
"TGGTTCCCATTTCACT-1",4
"TGGTTCCGTCCAAGTT-1",3
"TGGTTCCTCACATACG-1",1
"TGGTTCCTCAGCTTAG-1",3
"TGGTTCCTCTAACTTC-1",1
"TGGTTCCTCTAGAGTC-1",0
"TGGTTCCTCTGGGCCA-1",1
"TGTATTCAGCCCGAAA-1",2
"TGTATTCAGCGATCCC-1",2
"TGTATTCCAGGGCATA-1",2
"TGTATTCGTAAGAGAG-1",0
"TGTATTCGTTTGTTTC-1",3
"TGTATTCTCAGCATGT-1",0
"TGTATTCTCATCTGTT-1",1
"TGTCCCAAGCAGATCG-1",4
"TGTCCCAAGCTAGTTC-1",3
"TGTCCCAAGCTGAACG-1",1
"TGTCCCAAGTTGTCGT-1",1
"TGTCCCACAGTAAGCG-1",0
"TGTCCCACATCACGTA-1",0
"TGTCCCAGTAAGAGGA-1",1
"TGTCCCAGTAAGTGGC-1",2
"TGTCCCAGTCGGATCC-1",1
"TGTCCCAGTCTCTTTA-1",0
"TGTCCCATCATTTGGG-1",1
"TGTCCCATCTGCAAGT-1",1
"TGTCCCATCTGCGTAA-1",3
"TGTGGTAGTCCCGACA-1",1
"TGTGGTAGTGTGAAAT-1",1
"TGTGGTAGTGTGACGA-1",0
"TGTGGTATCCAGGGCT-1",0
"TGTGGTATCTTGCATT-1",1
"TGTGTTTAGAGGTTAT-1",1
"TGTGTTTAGCGTGAGT-1",1
"TGTGTTTAGTGCGTGA-1",1
"TGTGTTTCATGCGCAC-1",1
"TGTGTTTTCTCATTCA-1",2
"TGTGTTTTCTTTCCTC-1",0
"TGTTCCGAGAGCAATT-1",0
"TGTTCCGAGCAACGGT-1",0
"TGTTCCGAGGAATTAC-1",4
"TGTTCCGAGGACTGGT-1",1
"TGTTCCGCAGTGAGTG-1",1
"TGTTCCGGTGAGTATA-1",2
"TGTTCCGTCAAGCCTA-1",3
"TGTTCCGTCAGTTCGA-1",1
"TGTTCCGTCGGCGGTT-1",2
"TGTTCCGTCTGAAAGA-1",6
"TGTTCCGTCTGGTATG-1",0
"TTAACTCAGTGTACGG-1",1
"TTAACTCCAAGCGCTC-1",0
"TTAACTCCAGGCAGTA-1",2
"TTAACTCGTTCCACAA-1",0
"TTAACTCTCATAAAGG-1",4
"TTAACTCTCCCTCAGT-1",3
"TTAGGACAGCAGGCTA-1",1
"TTAGGACAGCTCTCGG-1",4
"TTAGGACCAAGCCATT-1",0
"TTAGGACCAGTCAGAG-1",1
"TTAGGACGTTTGTTTC-1",5
"TTAGGCAAGAAGATTC-1",1
"TTAGGCAAGAGCCCAA-1",2
"TTAGGCAAGAGTGACC-1",0
"TTAGGCAAGGTTCCTA-1",3
"TTAGGCAAGTCGTTTG-1",2
"TTAGGCAAGTGTACCT-1",0
"TTAGGCACAGACGCTC-1",0
"TTAGGCACATGTTCCC-1",1
"TTAGGCAGTAAGGATT-1",2
"TTAGGCAGTAAGTAGT-1",2
"TTAGGCAGTCTTGATG-1",1
"TTAGGCATCACGCATA-1",4
"TTAGGCATCAGTCAGT-1",0
"TTAGGCATCCAGTATG-1",0
"TTAGGCATCGTTACGA-1",0
"TTAGTTCAGGTGCAAC-1",3
"TTAGTTCCAATGTAAG-1",4
"TTAGTTCCATCCTTGC-1",3
"TTAGTTCGTAGCCTAT-1",2
"TTAGTTCGTGCAGACA-1",1
"TTAGTTCGTGTCAATC-1",3
"TTAGTTCGTTGCCTCT-1",1
"TTAGTTCTCAGGCCCA-1",1
"TTAGTTCTCGCAGGCT-1",3
"TTAGTTCTCTACTATC-1",2
"TTATGCTAGAATGTGT-1",1
"TTATGCTAGCACACAG-1",4
"TTATGCTAGCAGCCTC-1",3
"TTATGCTAGTCCCACG-1",2
"TTATGCTAGTGGTAAT-1",2
"TTATGCTCAGCCAGAA-1",2
"TTATGCTCATACCATG-1",0
"TTATGCTCATGTAGTC-1",2
"TTATGCTGTCCGAGTC-1",3
"TTATGCTTCGATAGAA-1",3
"TTCCCAGAGAATTCCC-1",1
"TTCCCAGAGACTAGAT-1",1
"TTCCCAGAGTATCGAA-1",1
"TTCCCAGCAGATGGGT-1",1
"TTCCCAGCATCAGTAC-1",3
"TTCCCAGCATCTCCCA-1",3
"TTCCCAGCATTACCTT-1",0
"TTCCCAGTCAACACTG-1",2
"TTCCCAGTCGAGAGCA-1",1
"TTCGAAGAGTCTCAAC-1",0
"TTCGAAGCAAGCGCTC-1",5
"TTCGAAGCACATTAGC-1",2
"TTCGAAGCACGGTGTC-1",0
"TTCGGTCAGAGGACGG-1",0
"TTCGGTCAGCACACAG-1",1
"TTCGGTCAGGCCCTCA-1",2
"TTCGGTCAGTGAATTG-1",1
"TTCGGTCAGTTGAGAT-1",3
"TTCGGTCCAAGGGTCA-1",4
"TTCGGTCCACGTCAGC-1",1
"TTCGGTCGTAACGTTC-1",1
"TTCGGTCGTAGAGTGC-1",1
"TTCGGTCGTTCATGGT-1",0
"TTCGGTCGTTCTGTTT-1",2
"TTCGGTCTCAAAGACA-1",1
"TTCGGTCTCCAGTATG-1",1
"TTCGGTCTCGCGTTTC-1",1
"TTCGGTCTCGTCTGAA-1",0
"TTCTACAAGACTAAGT-1",7
"TTCTACAAGCAGCCTC-1",0
"TTCTACAAGCCTTGAT-1",4
"TTCTACAAGGCAGGTT-1",3
"TTCTACAAGGTAAACT-1",0
"TTCTACAAGTTAGGTA-1",3
"TTCTACACACGTGAGA-1",0
"TTCTACACAGCTGTTA-1",0
"TTCTACACATCGATTG-1",2
"TTCTACACATTACGAC-1",0
"TTCTACAGTACCGTTA-1",1
"TTCTACAGTATATGAG-1",1
"TTCTACAGTGGCTCCA-1",1
"TTCTACATCAACGGGA-1",3
"TTCTACATCCGCGTTT-1",2
"TTCTCAAAGAAAGTGG-1",1
"TTCTCAAAGAATCTCC-1",5
"TTCTCAAAGAGGTTAT-1",2
"TTCTCAAAGCAGCCTC-1",2
"TTCTCAAAGCCGCCTA-1",1
"TTCTCAAAGTCAATAG-1",2
"TTCTCAAAGTTGAGAT-1",8
"TTCTCAACACCCAGTG-1",0
"TTCTCAACATTGTGCA-1",2
"TTCTCAAGTATAAACG-1",2
"TTCTCAAGTCCCTTGT-1",4
"TTCTCAAGTCGAGATG-1",1
"TTCTCAATCATCGCTC-1",4
"TTCTCAATCCCTAACC-1",1
"TTCTCAATCGTAGGAG-1",1
"TTCTCCTAGAGTAAGG-1",1
"TTCTCCTAGCGACGTA-1",1
"TTCTCCTAGCGTGAGT-1",2
"TTCTCCTAGTCTCGGC-1",0
"TTCTCCTCAACACGCC-1",2
"TTCTCCTCAATAACGA-1",3
"TTCTCCTGTTAAGAAC-1",0
"TTCTCCTTCAGTTCGA-1",1
"TTCTCCTTCCGTAGGC-1",5
"TTCTCCTTCCTTTCTC-1",4
"TTCTCCTTCTGCAAGT-1",1
"TTCTCCTTCTTCAACT-1",3
"TTCTCCTTCTTGTACT-1",1
"TTCTTAGAGGACTGGT-1",2
"TTCTTAGCAAGGTGTG-1",3
"TTCTTAGCATCGGAAG-1",1
"TTCTTAGGTAGAAGGA-1",2
"TTCTTAGGTCATATGC-1",0
"TTCTTAGTCAGTTCGA-1",3
"TTGAACGGTCACTTCC-1",4
"TTGAACGTCATGTCCC-1",2
"TTGACTTAGCCACGTC-1",3
"TTGACTTAGCGACGTA-1",2
"TTGACTTAGTTAACGA-1",0
"TTGACTTCACTTACGA-1",1
"TTGACTTGTCTCTCTG-1",0
"TTGACTTGTGCGATAG-1",3
"TTGACTTTCCAGAGGA-1",1
"TTGACTTTCTGTCCGT-1",2
"TTGCCGTAGGAGCGTT-1",2
"TTGCCGTAGGTGGGTT-1",0
"TTGCCGTCATGGTCAT-1",2
"TTGCCGTGTACAGACG-1",1
"TTGCGTCAGACAGAGA-1",1
"TTGCGTCAGCTCCTTC-1",3
"TTGCGTCAGTCCATAC-1",3
"TTGCGTCAGTGAATTG-1",0
"TTGCGTCCAAATTGCC-1",0
"TTGCGTCCACTGTGTA-1",2
"TTGCGTCCAGTCACTA-1",2
"TTGCGTCGTCTGATTG-1",5
"TTGGAACAGCCCAATT-1",2
"TTGGAACAGCGTCTAT-1",5
"TTGGAACAGGCGTACA-1",1
"TTGGAACGTATTACCG-1",3
"TTGGAACGTGTGTGCC-1",1
"TTGGAACTCCCATTAT-1",3
"TTGGAACTCCGTAGTA-1",1
"TTGGAACTCGTCCAGG-1",0
"TTGGCAAAGTTAGGTA-1",2
"TTGGCAAGTATAGGTA-1",1
"TTGGCAATCACATGCA-1",2
"TTGGCAATCAGAGCTT-1",1
"TTGGCAATCGCATGAT-1",3
"TTGGCAATCTAGAGTC-1",2
"TTGTAGGAGGTGCTAG-1",2
"TTGTAGGCACACGCTG-1",0
"TTGTAGGGTCTCCCTA-1",3
"TTGTAGGGTGGTAACG-1",2
"TTGTAGGTCGGCGCTA-1",1
"TTGTAGGTCTGCCAGG-1",1
"TTTACTGAGATCACGG-1",2
"TTTACTGCAAAGCAAT-1",1
"TTTACTGCACATGGGA-1",1
"TTTACTGCACCACGTG-1",0
"TTTACTGCATGGGACA-1",0
"TTTACTGCATGTCCTC-1",1
"TTTACTGGTAACGTTC-1",0
"TTTACTGGTGGTGTAG-1",0
"TTTACTGGTTCGCTAA-1",1
"TTTACTGTCTGGAGCC-1",0
"TTTATGCAGACTGTAA-1",2
"TTTATGCAGATGCGAC-1",3
"TTTATGCAGGCAAAGA-1",1
"TTTATGCAGGCCCGTT-1",3
"TTTATGCAGTTCCACA-1",2
"TTTATGCCAAACGCGA-1",2
"TTTATGCCAATCTGCA-1",3
"TTTATGCCACAGGTTT-1",1
"TTTATGCCAGCCAATT-1",0
"TTTATGCCAGGTCGTC-1",7
"TTTATGCCATGGTCAT-1",0
"TTTATGCTCACATAGC-1",3
"TTTATGCTCACCTTAT-1",2
"TTTATGCTCGGCGGTT-1",3
"TTTATGCTCTCGCTTG-1",1
"TTTCCTCAGCGTGAAC-1",3
"TTTCCTCAGGACTGGT-1",1
"TTTCCTCCAAAGTGCG-1",0
"TTTCCTCCAGGAATGC-1",0
"TTTCCTCCATTAGCCA-1",0
"TTTCCTCGTCCGAAGA-1",1
"TTTCCTCGTCGCTTTC-1",2
"TTTCCTCTCGGCCGAT-1",2
"TTTCCTCTCGTGTAGT-1",1
"TTTGCGCAGCTAAACA-1",2
"TTTGCGCAGCTAGTCT-1",1
"TTTGCGCAGGCCGAAT-1",1
"TTTGCGCAGTCAAGGC-1",2
"TTTGCGCCAAGTAGTA-1",0
"TTTGCGCCAGGTGCCT-1",1
"TTTGCGCGTCTAAACC-1",1
"TTTGCGCTCAAAGTAG-1",2
"TTTGCGCTCATGTAGC-1",1
"TTTGGTTAGAATGTGT-1",1
"TTTGGTTAGACAATAC-1",3
"TTTGGTTAGCGATTCT-1",1
"TTTGGTTAGGCTCAGA-1",0
"TTTGGTTAGTTACCCA-1",1
"TTTGGTTCAAACTGCT-1",2
"TTTGGTTCAAGCTGTT-1",0
"TTTGGTTCAGATCGGA-1",2
"TTTGGTTCATCACAAC-1",1
"TTTGGTTGTACTTCTT-1",3
"TTTGGTTGTATGCTTG-1",1
"TTTGGTTGTGCTTCTC-1",1
"TTTGGTTTCATGCTCC-1",3
"TTTGGTTTCCCTGACT-1",1
"TTTGTCAAGAGTCGGT-1",0
"TTTGTCACAAGTTCTG-1",0
"TTTGTCACAAGTTGTC-1",0
"TTTGTCACACTCTGTC-1",1
"TTTGTCATCACCTTAT-1",2
"TTTGTCATCCATTCTA-1",1
"TTTGTCATCCTTAATC-1",0
"TTTGTCATCTTATCTG-1",0
