"cell_barcode","expression"
"AAACCTGAGACAGAGA-1",3
"AAACCTGAGACTTTCG-1",1
"AAACCTGAGAGTAAGG-1",0
"AAACCTGAGAGTCGGT-1",1
"AAACCTGAGGATGGAA-1",0
"AAACCTGAGTAGATGT-1",1
"AAACCTGCAATCAGAA-1",0
"AAACCTGCACCGATAT-1",5
"AAACCTGCAGACGTAG-1",1
"AAACCTGCAGTATCTG-1",0
"AAACCTGCATAGTAAG-1",0
"AAACCTGCATGAACCT-1",1
"AAACCTGGTAAGAGGA-1",2
"AAACCTGGTCCAACTA-1",0
"AAACCTGTCCGTAGTA-1",0
"AAACCTGTCGAGAGCA-1",0
"AAACGGGAGTACGACG-1",1
"AAACGGGCAAGGTTTC-1",1
"AAACGGGCACGTCAGC-1",0
"AAACGGGCAGCGTTCG-1",0
"AAACGGGGTAGCCTCG-1",0
"AAACGGGGTCTACCTC-1",0
"AAACGGGGTGCGGTAA-1",1
"AAACGGGGTTGTCGCG-1",0
"AAACGGGTCCATGAGT-1",0
"AAACGGGTCCCAACGG-1",0
"AAACGGGTCCCATTAT-1",2
"AAAGATGCAGTCAGCC-1",0
"AAAGATGCATCTACGA-1",0
"AAAGCAAAGCGTCTAT-1",2
"AAAGCAACATGTCGAT-1",1
"AAAGCAAGTAGCTGCC-1",1
"AAAGCAAGTAGGCATG-1",0
"AAAGCAAGTGCGCTTG-1",0
"AAAGCAAGTTATTCTC-1",0
"AAAGCAATCCGTAGTA-1",2
"AAAGTAGAGATGTGTA-1",0
"AAAGTAGAGTGGGCTA-1",0
"AAAGTAGGTATATGGA-1",0
"AAAGTAGGTGAGCGAT-1",1
"AAAGTAGGTTGAGGTG-1",0
"AAATGCCAGCCCTAAT-1",0
"AAATGCCAGCGTGTCC-1",1
"AAATGCCCAACACCTA-1",1
"AAATGCCGTAGGAGTC-1",1
"AAATGCCGTCTTTCAT-1",0
"AAATGCCGTGGTCCGT-1",0
"AAATGCCGTTCCCGAG-1",4
"AAATGCCTCATAGCAC-1",1
"AAATGCCTCGCTTAGA-1",1
"AACACGTAGAATTCCC-1",2
"AACACGTAGCCCTAAT-1",2
"AACACGTAGGGTGTGT-1",4
"AACACGTCACTGTCGG-1",0
"AACACGTCATCCCATC-1",0
"AACACGTGTGCAACGA-1",2
"AACACGTGTGTCGCTG-1",1
"AACCATGAGCGCTTAT-1",3
"AACCATGGTCCGTTAA-1",3
"AACCATGTCAGTTCGA-1",1
"AACCATGTCATCGATG-1",0
"AACCATGTCCCAAGTA-1",0
"AACCGCGAGAAGCCCA-1",0
"AACCGCGAGACTGGGT-1",0
"AACCGCGAGAGGTACC-1",2
"AACCGCGAGTTAGGTA-1",1
"AACCGCGAGTTGCAGG-1",1
"AACCGCGCACGGTAGA-1",1
"AACCGCGCAGCATGAG-1",0
"AACCGCGCAGCCTGTG-1",2
"AACCGCGCAGCTGTGC-1",1
"AACCGCGCAGTATGCT-1",1
"AACCGCGGTACTTGAC-1",2
"AACCGCGGTCTGCAAT-1",0
"AACCGCGTCACATGCA-1",1
"AACCGCGTCACCGTAA-1",0
"AACCGCGTCCAGAGGA-1",0
"AACCGCGTCCGAAGAG-1",3
"AACCGCGTCGATCCCT-1",0
"AACGTTGAGCGATAGC-1",0
"AACGTTGAGCGATCCC-1",3
"AACGTTGAGCTTATCG-1",1
"AACGTTGCAAGTTGTC-1",1
"AACGTTGCAATAGAGT-1",0
"AACGTTGCAATGGATA-1",2
"AACGTTGCATGGATGG-1",0
"AACGTTGCATTCTCAT-1",0
"AACGTTGTCAACACGT-1",3
"AACGTTGTCGAGGTAG-1",4
"AACGTTGTCGGTCCGA-1",1
"AACTCAGAGAGCTATA-1",0
"AACTCAGAGAGTCGGT-1",2
"AACTCAGAGCCACCTG-1",0
"AACTCAGAGCCCAATT-1",0
"AACTCAGCAAACAACA-1",0
"AACTCAGCACAAGCCC-1",0
"AACTCAGCACGGTTTA-1",3
"AACTCAGCAGGATCGA-1",2
"AACTCAGCATAAAGGT-1",2
"AACTCAGGTTCCACAA-1",4
"AACTCAGTCGTACCGG-1",2
"AACTCCCAGCCCAGCT-1",2
"AACTCCCAGCTAAGAT-1",2
"AACTCCCCAAACGCGA-1",1
"AACTCCCCATGGTCTA-1",0
"AACTCCCGTTGCGCAC-1",0
"AACTCCCTCAAGAAGT-1",0
"AACTCCCTCAAGCCTA-1",3
"AACTCCCTCATCGCTC-1",3
"AACTCCCTCTGCAGTA-1",1
"AACTCCCTCTGGCGTG-1",0
"AACTCTTAGCAGACTG-1",2
"AACTCTTAGTCCGGTC-1",3
"AACTCTTCATGCTAGT-1",1
"AACTCTTGTCGAATCT-1",1
"AACTCTTGTCGGGTCT-1",0
"AACTCTTTCCTCAATT-1",0
"AACTCTTTCTCAAACG-1",0
"AACTCTTTCTCCAGGG-1",0
"AACTCTTTCTCTGCTG-1",2
"AACTGGTAGAAGATTC-1",1
"AACTGGTAGAGACTAT-1",0
"AACTGGTAGCCAACAG-1",0
"AACTGGTAGTGTACTC-1",0
"AACTGGTCACTGAAGG-1",3
"AACTGGTGTCCGAACC-1",2
"AACTGGTTCGGAGCAA-1",2
"AACTGGTTCGTGGGAA-1",2
"AACTGGTTCTGCTTGC-1",3
"AACTTTCAGCGTGAAC-1",3
"AACTTTCAGTATCTCG-1",3
"AACTTTCAGTTTCCTT-1",1
"AACTTTCCATCCTTGC-1",3
"AACTTTCGTCTAGAGG-1",1
"AACTTTCGTCTCTTTA-1",1
"AACTTTCGTTTGTTTC-1",0
"AAGACCTAGGGCTTCC-1",0
"AAGACCTAGTACACCT-1",1
"AAGACCTGTATATGAG-1",1
"AAGACCTGTATCAGTC-1",2
"AAGACCTGTCCGTGAC-1",0
"AAGACCTGTCGAAAGC-1",4
"AAGACCTTCGCCATAA-1",0
"AAGCCGCAGATCTGAA-1",0
"AAGCCGCAGGGTGTTG-1",1
"AAGCCGCAGTGGACGT-1",3
"AAGCCGCAGTGTACTC-1",2
"AAGCCGCCACGCTTTC-1",0
"AAGCCGCCAGGACGTA-1",2
"AAGCCGCGTACAGTTC-1",2
"AAGCCGCGTCATTAGC-1",2
"AAGCCGCTCACGAAGG-1",3
"AAGCCGCTCAGTTAGC-1",1
"AAGCCGCTCGCAAACT-1",1
"AAGCCGCTCGTCGTTC-1",4
"AAGCCGCTCTTACCGC-1",3
"AAGGAGCAGAAACCGC-1",1
"AAGGAGCAGGCATGTG-1",2
"AAGGAGCAGGCGCTCT-1",0
"AAGGAGCAGTTGAGTA-1",1
"AAGGAGCCACGGCGTT-1",2
"AAGGAGCGTAGCGCAA-1",0
"AAGGAGCGTCTGCAAT-1",0
"AAGGAGCTCGTCTGCT-1",0
"AAGGCAGAGAACTGTA-1",0
"AAGGCAGAGAGATGAG-1",2
"AAGGCAGAGGTGATAT-1",1
"AAGGCAGCATAGTAAG-1",6
"AAGGCAGGTACTTCTT-1",0
"AAGGCAGGTGTGCCTG-1",1
"AAGGCAGTCAGATAAG-1",0
"AAGGCAGTCGGAATCT-1",1
"AAGGTTCAGTATCTCG-1",1
"AAGGTTCCATCACGTA-1",1
"AAGGTTCGTATATGGA-1",0
"AAGGTTCGTCCGAATT-1",2
"AAGGTTCGTCGACTAT-1",2
"AAGGTTCGTGTGACCC-1",1
"AAGGTTCTCCGTCATC-1",1
"AAGGTTCTCCTCGCAT-1",1
"AAGGTTCTCTGCGGCA-1",1
"AAGTCTGAGCCATCGC-1",0
"AAGTCTGAGTCAAGCG-1",0
"AAGTCTGCAAAGGAAG-1",0
"AAGTCTGGTCAGCTAT-1",1
"AAGTCTGTCAAACAAG-1",2
"AAGTCTGTCACTGGGC-1",8
"AAGTCTGTCAGCAACT-1",2
"AATCCAGCAAAGTGCG-1",1
"AATCCAGCAGCATACT-1",1
"AATCCAGGTAGGCATG-1",0
"AATCCAGGTCTCCCTA-1",0
"AATCCAGTCCGAATGT-1",0
"AATCGGTAGGCATGGT-1",1
"AATCGGTTCCTGTACC-1",1
"AATCGGTTCGCCGTGA-1",1
"ACACCAAAGATGAGAG-1",0
"ACACCAAAGCCCTAAT-1",1
"ACACCAAAGGATGGTC-1",0
"ACACCAAAGTGTCCAT-1",1
"ACACCAACACTTCGAA-1",0
"ACACCAACAGACGCTC-1",5
"ACACCAACAGCCTATA-1",0
"ACACCAAGTCGCGTGT-1",2
"ACACCAAGTCTAAACC-1",1
"ACACCAAGTTATGTGC-1",0
"ACACCAATCGCGTTTC-1",0
"ACACCCTAGCCAGGAT-1",0
"ACACCCTAGTACTTGC-1",1
"ACACCCTCAAGCGCTC-1",1
"ACACCCTCATCACAAC-1",1
"ACACCCTCATGCCCGA-1",0
"ACACCCTGTCTGGTCG-1",1
"ACACCCTTCCGCAAGC-1",1
"ACACCCTTCCTTGCCA-1",1
"ACACCCTTCTATCCTA-1",2
"ACACCCTTCTGGCGTG-1",1
"ACACCGGAGGCTCAGA-1",0
"ACACCGGAGTGACATA-1",1
"ACACCGGAGTTACCCA-1",1
"ACACCGGCAAGCCGTC-1",0
"ACACCGGCACCAGATT-1",3
"ACACCGGCACCGAAAG-1",3
"ACACCGGCATCACAAC-1",2
"ACACCGGTCCGCATAA-1",1
"ACACCGGTCTCGGACG-1",2
"ACACCGGTCTCTGTCG-1",2
"ACACTGAAGCACGCCT-1",2
"ACACTGAAGGTGATTA-1",2
"ACACTGACAATAGAGT-1",0
"ACACTGACAGACTCGC-1",0
"ACACTGACATCCAACA-1",2
"ACACTGAGTCCGAAGA-1",2
"ACACTGAGTGTTTGTG-1",0
"ACACTGAGTTTGACTG-1",0
"ACAGCCGAGGAATGGA-1",4
"ACAGCCGAGGCCCGTT-1",1
"ACAGCCGAGGTGCTTT-1",1
"ACAGCCGAGTGGTAGC-1",1
"ACAGCCGCATATACGC-1",2
"ACAGCCGCATGCAACT-1",0
"ACAGCCGGTAGGGTAC-1",1
"ACAGCCGGTCGAATCT-1",4
"ACAGCCGGTTCACCTC-1",0
"ACAGCCGGTTCCACTC-1",1
"ACAGCCGTCCAGAAGG-1",0
"ACAGCCGTCTTTACAC-1",2
"ACAGCTAAGCACCGCT-1",1
"ACAGCTAAGTATCTCG-1",0
"ACAGCTAAGTGTTGAA-1",1
"ACAGCTACATCGTCGG-1",2
"ACAGCTAGTCGACTAT-1",3
"ACAGCTAGTGGTACAG-1",0
"ACAGCTATCACCACCT-1",3
"ACAGCTATCTGCTTGC-1",2
"ACATACGAGAGCTTCT-1",1
"ACATACGAGCGTAGTG-1",4
"ACATACGAGCTTCGCG-1",0
"ACATACGAGCTTTGGT-1",0
"ACATACGCAAACGTGG-1",1
"ACATACGCAAGCCTAT-1",3
"ACATACGCATCTCCCA-1",0
"ACATACGCATTCTCAT-1",0
"ACATACGGTAGGAGTC-1",2
"ACATACGGTGCACCAC-1",0
"ACATACGGTGGTTTCA-1",0
"ACATACGTCGTATCAG-1",5
"ACATCAGAGCCACTAT-1",0
"ACATCAGAGCCTTGAT-1",0
"ACATCAGCAACACCCG-1",0
"ACATCAGCAACGATGG-1",0
"ACATCAGCAATTGCTG-1",0
"ACATCAGCACCGGAAA-1",0
"ACATCAGCATAAAGGT-1",0
"ACATCAGCATCCCACT-1",0
"ACATCAGCATTTGCCC-1",1
"ACATCAGGTAAGGATT-1",0
"ACATCAGGTCCGTGAC-1",0
"ACATCAGGTTAAGTAG-1",0
"ACATCAGTCAAACCGT-1",3
"ACATGGTAGCATGGCA-1",3
"ACATGGTAGCTGTTCA-1",1
"ACATGGTCACTTGGAT-1",0
"ACATGGTGTCAGATAA-1",2
"ACATGGTGTCTGCGGT-1",0
"ACATGGTGTGCAACTT-1",0
"ACATGGTTCCGCAAGC-1",3
"ACATGGTTCCTCCTAG-1",2
"ACATGGTTCTGGAGCC-1",0
"ACATGGTTCTTCTGGC-1",5
"ACCAGTAAGATCACGG-1",2
"ACCAGTAAGCTTCGCG-1",3
"ACCAGTACACAGATTC-1",2
"ACCAGTACACAGGCCT-1",2
"ACCAGTACAGTATGCT-1",0
"ACCAGTACAGTCAGAG-1",2
"ACCAGTACAGTTTACG-1",1
"ACCAGTAGTCACCCAG-1",1
"ACCAGTAGTCCATCCT-1",0
"ACCAGTAGTCTTCAAG-1",0
"ACCAGTAGTGGACGAT-1",0
"ACCAGTATCTGCGACG-1",1
"ACCAGTATCTGCTTGC-1",1
"ACCAGTATCTGTTTGT-1",1
"ACCCACTAGAGGTTAT-1",0
"ACCCACTAGATCCCGC-1",2
"ACCCACTAGATGTGTA-1",3
"ACCCACTAGCCCAATT-1",1
"ACCCACTCAAGGGTCA-1",1
"ACCCACTCAAGGTTCT-1",2
"ACCCACTGTAAATGAC-1",0
"ACCCACTGTAGCCTCG-1",0
"ACCCACTGTCAAAGAT-1",0
"ACCCACTGTCAATACC-1",0
"ACCCACTGTGTGGTTT-1",1
"ACCCACTTCGCAAACT-1",0
"ACCCACTTCTGCCAGG-1",3
"ACCGTAACAATCGGTT-1",0
"ACCGTAACAATCTACG-1",1
"ACCGTAACAGGTCCAC-1",1
"ACCGTAAGTACAGCAG-1",1
"ACCGTAAGTCATGCAT-1",1
"ACCGTAAGTGAGTGAC-1",0
"ACCGTAAGTTAAGAAC-1",2
"ACCGTAAGTTCCGTCT-1",2
"ACCGTAATCACATAGC-1",4
"ACCGTAATCATGTGGT-1",0
"ACCGTAATCTGAAAGA-1",3
"ACCTTTACAATCGGTT-1",0
"ACCTTTACACGGACAA-1",3
"ACCTTTACAGCAGTTT-1",1
"ACCTTTACATGCAACT-1",2
"ACCTTTACATTTCAGG-1",3
"ACCTTTAGTGAACCTT-1",1
"ACCTTTAGTTCCACTC-1",4
"ACCTTTATCTCTAGGA-1",2
"ACGAGCCAGGCAGGTT-1",0
"ACGAGCCCACAGGCCT-1",4
"ACGAGCCCATGGAATA-1",3
"ACGAGCCGTGCACGAA-1",0
"ACGAGCCGTGTGACCC-1",1
"ACGAGCCGTTGGTTTG-1",0
"ACGAGCCTCAGTCCCT-1",2
"ACGAGCCTCGCAAACT-1",3
"ACGAGGACACTACAGT-1",0
"ACGAGGACATGTAGTC-1",4
"ACGAGGAGTACACCGC-1",1
"ACGAGGAGTGCCTGCA-1",2
"ACGAGGAGTTCTGAAC-1",2
"ACGAGGATCTGCGGCA-1",3
"ACGATACAGAGTGACC-1",1
"ACGATACAGCGCCTTG-1",3
"ACGATACAGTGATCGG-1",0
"ACGATACCACGTTGGC-1",2
"ACGATACCATTGGGCC-1",0
"ACGATACGTCGAATCT-1",0
"ACGATACTCTGACCTC-1",0
"ACGATGTAGTGCGATG-1",0
"ACGATGTAGTTGAGAT-1",0
"ACGATGTCAACGCACC-1",1
"ACGATGTCACACGCTG-1",0
"ACGATGTGTATTCTCT-1",0
"ACGATGTGTCAGTGGA-1",1
"ACGATGTGTGACTACT-1",1
"ACGATGTGTGTCGCTG-1",1
"ACGATGTTCGCGTAGC-1",0
"ACGATGTTCTCTTATG-1",2
"ACGCAGCAGCGGCTTC-1",1
"ACGCAGCAGCTGCGAA-1",0
"ACGCAGCAGTGTACGG-1",1
"ACGCAGCCACCTCGTT-1",0
"ACGCAGCCATCGACGC-1",0
"ACGCAGCCATTACCTT-1",3
"ACGCAGCGTCCATGAT-1",1
"ACGCAGCGTCTACCTC-1",2
"ACGCAGCGTCTGGTCG-1",0
"ACGCAGCGTGCGATAG-1",2
"ACGCCAGCAAAGCAAT-1",1
"ACGCCAGCAACGCACC-1",1
"ACGCCAGCACGAGAGT-1",0
"ACGCCAGCAGTGAGTG-1",0
"ACGCCAGGTGCACTTA-1",5
"ACGCCAGGTGTGCGTC-1",2
"ACGCCAGTCACAGGCC-1",2
"ACGCCAGTCAGTGTTG-1",0
"ACGCCGAAGAAACGCC-1",1
"ACGCCGAAGATCTGCT-1",3
"ACGCCGACAGCCTGTG-1",2
"ACGCCGAGTTCCAACA-1",2
"ACGCCGATCCTATGTT-1",0
"ACGCCGATCGCAGGCT-1",2
"ACGCCGATCTTGTATC-1",2
"ACGGAGAAGCCAGTTT-1",0
"ACGGAGAAGGTCATCT-1",1
"ACGGAGACACACATGT-1",1
"ACGGAGACAGCCTGTG-1",1
"ACGGAGACAGCGTAAG-1",1
"ACGGAGACAGTAAGCG-1",2
"ACGGAGAGTGTGACGA-1",0
"ACGGAGATCCACGAAT-1",3
"ACGGCCACACATCCAA-1",0
"ACGGCCACACATTCGA-1",1
"ACGGCCAGTACCGTAT-1",0
"ACGGCCAGTGTATGGG-1",2
"ACGGCCATCACGGTTA-1",1
"ACGGCCATCAGTGTTG-1",0
"ACGGCCATCTACTATC-1",1
"ACGGGCTAGGATCGCA-1",1
"ACGGGCTAGGTTCCTA-1",0
"ACGGGCTAGTGGCACA-1",3
"ACGGGCTCATCTGGTA-1",0
"ACGGGCTGTGAGGCTA-1",2
"ACGGGCTTCCGAACGC-1",1
"ACGGGTCAGATGCCAG-1",1
"ACGGGTCCATGATCCA-1",0
"ACGGGTCCATTAGGCT-1",0
"ACGGGTCCATTTCACT-1",0
"ACGGGTCGTTAGGGTG-1",1
"ACGGGTCTCAACACCA-1",0
"ACGGGTCTCCACGCAG-1",0
"ACGTCAAAGGGCTTCC-1",0
"ACGTCAAAGTGGTAAT-1",1
"ACGTCAACAACTGCGC-1",1
"ACGTCAACACAAGACG-1",0
"ACGTCAAGTAGCTCCG-1",0
"ACGTCAAGTGTCGCTG-1",7
"ACGTCAAGTTATGCGT-1",0
"ACGTCAATCAACCAAC-1",1
"ACGTCAATCATAACCG-1",0
"ACGTCAATCCAGAAGG-1",3
"ACGTCAATCTAACTCT-1",0
"ACTATCTAGAGGTTAT-1",1
"ACTATCTAGATACACA-1",5
"ACTATCTAGGAGTAGA-1",0
"ACTATCTAGGCATGTG-1",2
"ACTATCTCAAATACAG-1",3
"ACTATCTCAAATTGCC-1",0
"ACTATCTGTAGGGACT-1",1
"ACTATCTGTCGCGTGT-1",1
"ACTATCTGTGCACGAA-1",0
"ACTATCTGTGGTTTCA-1",1
"ACTATCTTCGCCGTGA-1",4
"ACTGAACAGAGTGAGA-1",1
"ACTGAACAGATCCCGC-1",0
"ACTGAACAGGTGATAT-1",1
"ACTGAACCAAAGCGGT-1",1
"ACTGAACCAAGCGAGT-1",0
"ACTGAACCAATTCCTT-1",4
"ACTGAACCAGCTGGCT-1",2
"ACTGAACCAGTCTTCC-1",0
"ACTGAACCATTACCTT-1",1
"ACTGAACGTAAGCACG-1",2
"ACTGAACGTAATCGTC-1",2
"ACTGAACGTCCAGTAT-1",0
"ACTGAACGTCTGATCA-1",1
"ACTGAACTCCCACTTG-1",3
"ACTGAGTAGCCGGTAA-1",2
"ACTGAGTCAGTGGGAT-1",1
"ACTGAGTCATTTGCCC-1",0
"ACTGAGTGTAGAGCTG-1",1
"ACTGAGTGTTGTGGCC-1",0
"ACTGAGTTCAGGTTCA-1",2
"ACTGATGAGACAGACC-1",3
"ACTGATGAGCGGATCA-1",4
"ACTGATGAGGTGCTTT-1",1
"ACTGATGCAGCAGTTT-1",1
"ACTGATGCATCACAAC-1",2
"ACTGATGGTCATGCAT-1",0
"ACTGATGTCACAATGC-1",3
"ACTGATGTCACTCCTG-1",1
"ACTGATGTCCCTGACT-1",0
"ACTGATGTCCGCTGTT-1",0
"ACTGATGTCCGGCACA-1",1
"ACTGATGTCCTATTCA-1",1
"ACTGCTCAGAGCTTCT-1",1
"ACTGCTCAGATGCCTT-1",0
"ACTGCTCCACACCGCA-1",0
"ACTGCTCCAGATGGGT-1",2
"ACTGCTCCATGCCTAA-1",2
"ACTGCTCGTAGGCATG-1",0
"ACTGCTCGTATCACCA-1",0
"ACTGCTCGTCCGAAGA-1",5
"ACTGCTCTCCGAGCCA-1",0
"ACTGTCCAGAGGGCTT-1",0
"ACTGTCCAGCAGCGTA-1",0
"ACTGTCCAGGCATGGT-1",1
"ACTGTCCCAAGGTTTC-1",0
"ACTGTCCCAAGTACCT-1",7
"ACTGTCCCAGTATCTG-1",0
"ACTGTCCCATAGAAAC-1",0
"ACTGTCCGTTGAGGTG-1",3
"ACTGTCCTCCACGTGG-1",1
"ACTGTCCTCCTTGGTC-1",0
"ACTGTCCTCTCTGTCG-1",0
"ACTTACTAGCGATAGC-1",0
"ACTTACTAGGGATGGG-1",0
"ACTTACTCACAGACAG-1",0
"ACTTACTCACATTTCT-1",0
"ACTTACTGTACTCAAC-1",1
"ACTTACTGTTCCACAA-1",0
"ACTTACTTCATCGGAT-1",2
"ACTTGTTAGACAAGCC-1",0
"ACTTGTTAGCTAGCCC-1",0
"ACTTGTTAGTTACCCA-1",0
"ACTTGTTCACGACGAA-1",1
"ACTTGTTCACGGCTAC-1",1
"ACTTGTTGTATCGCAT-1",0
"ACTTGTTGTGGTAACG-1",3
"ACTTGTTGTTGTGGAG-1",3
"ACTTGTTTCATCACCC-1",5
"ACTTTCACATGGTCAT-1",3
"ACTTTCAGTGACTACT-1",0
"ACTTTCATCGCCAGCA-1",2
"AGAATAGAGCTGAACG-1",3
"AGAATAGAGCTGTCTA-1",1
"AGAATAGAGGTAGCTG-1",0
"AGAATAGCATGGTCTA-1",0
"AGAATAGGTAATCGTC-1",0
"AGAATAGGTATTCTCT-1",0
"AGAATAGGTGCGGTAA-1",1
"AGAATAGGTTAAGAAC-1",0
"AGAATAGTCAGGCCCA-1",0
"AGACGTTAGAATGTGT-1",2
"AGACGTTAGCTCCTCT-1",0
"AGACGTTAGTGCCAGA-1",3
"AGACGTTCAGGATCGA-1",0
"AGACGTTGTAGCTGCC-1",0
"AGACGTTGTCTGCAAT-1",0
"AGACGTTGTTCTGTTT-1",1
"AGACGTTTCGCATGGC-1",2
"AGACGTTTCGCTTAGA-1",1
"AGAGCGACAACTTGAC-1",3
"AGAGCGACAAGTACCT-1",0
"AGAGCGACACAACGTT-1",0
"AGAGCGACATGAGCGA-1",1
"AGAGCGAGTCAGTGGA-1",1
"AGAGCGAGTCGACTGC-1",0
"AGAGCGAGTTGAGTTC-1",4
"AGAGCGATCGCGTAGC-1",2
"AGAGCGATCTATCCTA-1",0
"AGAGCGATCTCGCTTG-1",0
"AGAGCTTAGCCGTCGT-1",0
"AGAGCTTAGTACACCT-1",2
"AGAGCTTAGTCATGCT-1",1
"AGAGCTTGTAGAGCTG-1",0
"AGAGCTTGTATCACCA-1",1
"AGAGCTTTCACTATTC-1",6
"AGAGCTTTCCTGCAGG-1",1
"AGAGCTTTCGCAAACT-1",0
"AGAGCTTTCGCTTAGA-1",1
"AGAGTGGAGAGCCTAG-1",1
"AGAGTGGAGGCCCTTG-1",1
"AGAGTGGAGGTACTCT-1",4
"AGAGTGGCACAAGACG-1",3
"AGAGTGGCACCTCGTT-1",2
"AGAGTGGCATCCGGGT-1",0
"AGAGTGGCATCTGGTA-1",2
"AGAGTGGGTCAGCTAT-1",1
"AGAGTGGGTCCTCCAT-1",0
"AGAGTGGGTCTAGTCA-1",3
"AGAGTGGGTTACCGAT-1",0
"AGATCTGAGGTGGGTT-1",1
"AGATCTGAGTCAAGGC-1",0
"AGATCTGCAATGTTGC-1",0
"AGATCTGTCGAATCCA-1",0
"AGATCTGTCTGCAGTA-1",0
"AGATTGCAGGCTACGA-1",0
"AGATTGCCACGACGAA-1",0
"AGATTGCCAGATGGGT-1",0
"AGATTGCGTAGAGCTG-1",3
"AGATTGCGTGATGTCT-1",0
"AGATTGCGTGTTCGAT-1",0
"AGATTGCGTTCACGGC-1",1
"AGATTGCTCACTGGGC-1",1
"AGATTGCTCATCTGTT-1",0
"AGCAGCCAGCTGATAA-1",1
"AGCAGCCCACCGAAAG-1",1
"AGCAGCCGTCGACTGC-1",0
"AGCAGCCGTCGCTTTC-1",0
"AGCAGCCGTCTAACGT-1",3
"AGCAGCCGTGTGAAAT-1",0
"AGCAGCCGTTTGTTGG-1",1
"AGCAGCCTCCAAACAC-1",0
"AGCATACAGTGGTAGC-1",2
"AGCATACAGTTGTCGT-1",0
"AGCATACGTCTTCTCG-1",0
"AGCATACGTTAAGTAG-1",1
"AGCATACTCCGTTGCT-1",0
"AGCCTAAAGATATGGT-1",0
"AGCCTAACAAAGCGGT-1",1
"AGCCTAACAGATAATG-1",1
"AGCCTAAGTACGAAAT-1",0
"AGCCTAAGTCACCTAA-1",0
"AGCCTAAGTGTGCCTG-1",0
"AGCCTAATCACCCGAG-1",3
"AGCCTAATCCAATGGT-1",0
"AGCCTAATCCTTGGTC-1",2
"AGCCTAATCTGTGCAA-1",2
"AGCCTAATCTGTTTGT-1",2
"AGCGGTCAGCGAAGGG-1",1
"AGCGGTCAGGTACTCT-1",0
"AGCGGTCAGTGACTCT-1",0
"AGCGGTCCAGCCTTGG-1",0
"AGCGGTCGTCCTAGCG-1",0
"AGCGGTCGTGGTGTAG-1",0
"AGCGGTCGTTAAGGGC-1",1
"AGCGGTCGTTTGCATG-1",0
"AGCGGTCTCCGAAGAG-1",0
"AGCGGTCTCCTCAATT-1",0
"AGCGGTCTCTGGGCCA-1",0
"AGCGTATAGAACTGTA-1",1
"AGCGTATAGCGATGAC-1",0
"AGCGTATAGGTACTCT-1",0
"AGCGTATGTTGAGGTG-1",0
"AGCGTATTCCAGAGGA-1",1
"AGCGTCGAGTTGAGTA-1",2
"AGCGTCGCAGGGATTG-1",2
"AGCGTCGTCTGAAAGA-1",3
"AGCTCCTAGACCTAGG-1",2
"AGCTCCTAGCGTTTAC-1",0
"AGCTCCTGTGTTTGTG-1",0
"AGCTCCTGTTGTCTTT-1",2
"AGCTCCTTCCGAATGT-1",0
"AGCTCCTTCTTGACGA-1",3
"AGCTCTCAGCGGATCA-1",0
"AGCTCTCAGCTGTTCA-1",1
"AGCTCTCAGGTGCTAG-1",0
"AGCTCTCCATACAGCT-1",1
"AGCTCTCGTCAGAGGT-1",3
"AGCTCTCGTGGGTCAA-1",2
"AGCTCTCTCACAACGT-1",0
"AGCTCTCTCTTGACGA-1",0
"AGCTTGAAGCATCATC-1",2
"AGCTTGAAGTAGCGGT-1",0
"AGCTTGAAGTTGTCGT-1",0
"AGCTTGACAATCCAAC-1",0
"AGCTTGACACCGATAT-1",2
"AGCTTGAGTCTACCTC-1",0
"AGCTTGAGTGCGCTTG-1",1
"AGCTTGAGTTACGCGC-1",0
"AGCTTGATCCTGCCAT-1",0
"AGCTTGATCTGCAAGT-1",1
"AGGCCACAGAGTAAGG-1",1
"AGGCCACAGGGTCTCC-1",0
"AGGCCACAGTACTTGC-1",1
"AGGCCACCAGGACCCT-1",1
"AGGCCACCATCAGTCA-1",2
"AGGCCACTCATGCTCC-1",0
"AGGCCACTCATGGTCA-1",1
"AGGCCACTCATTGCGA-1",3
"AGGCCGTAGGATCGCA-1",2
"AGGCCGTCACGTAAGG-1",4
"AGGCCGTCAGCTCGAC-1",1
"AGGCCGTCATCGTCGG-1",2
"AGGCCGTTCACGGTTA-1",0
"AGGCCGTTCGAACTGT-1",0
"AGGCCGTTCTCAAGTG-1",1
"AGGCCGTTCTGCTTGC-1",1
"AGGGAGTAGCCCAACC-1",0
"AGGGAGTAGGAGTACC-1",4
"AGGGAGTAGGCAGGTT-1",2
"AGGGAGTCACGAGAGT-1",0
"AGGGAGTCAGAAGCAC-1",2
"AGGGAGTCAGATCCAT-1",1
"AGGGAGTCATCGACGC-1",0
"AGGGAGTCATGCTAGT-1",0
"AGGGAGTGTCCATGAT-1",0
"AGGGAGTTCATAACCG-1",0
"AGGGATGAGCTCTCGG-1",0
"AGGGATGAGGAGTAGA-1",0
"AGGGATGAGTAGCGGT-1",6
"AGGGATGCAATGAATG-1",1
"AGGGATGCAATGGAGC-1",1
"AGGGATGCACAAGACG-1",0
"AGGGATGCACATTTCT-1",3
"AGGGATGCATGGTCTA-1",0
"AGGGATGGTTAAAGTG-1",1
"AGGGATGGTTATGCGT-1",0
"AGGGATGTCGTGACAT-1",0
"AGGGTGAAGATGGCGT-1",0
"AGGGTGAAGATGGGTC-1",1
"AGGGTGAAGGCTCAGA-1",0
"AGGGTGACACGAGAGT-1",0
"AGGGTGACAGATGGCA-1",2
"AGGGTGACAGATTGCT-1",1
"AGGGTGAGTACTCTCC-1",2
"AGGGTGAGTTATCGGT-1",1
"AGGGTGAGTTCTGAAC-1",0
"AGGGTGATCTCGCTTG-1",4
"AGGTCATAGAGCCCAA-1",0
"AGGTCATAGCCAGAAC-1",0
"AGGTCATAGGCATGGT-1",3
"AGGTCATAGGGAGTAA-1",1
"AGGTCATCACTCAGGC-1",2
"AGGTCATCACTCTGTC-1",0
"AGGTCATGTTCCACTC-1",1
"AGGTCATTCTCGTTTA-1",0
"AGGTCCGAGGATGCGT-1",0
"AGGTCCGCAACACGCC-1",1
"AGGTCCGGTGATGCCC-1",0
"AGGTCCGTCCATGAAC-1",0
"AGGTCCGTCGCCCTTA-1",2
"AGGTCCGTCTGCGTAA-1",1
"AGTAGTCAGACTGTAA-1",1
"AGTAGTCAGTACGACG-1",2
"AGTAGTCAGTTTAGGA-1",2
"AGTAGTCCAACTGGCC-1",1
"AGTAGTCGTGCAGACA-1",0
"AGTAGTCTCACCCGAG-1",3
"AGTCTTTAGGCAGTCA-1",0
"AGTCTTTCAAATCCGT-1",0
"AGTCTTTCATATACCG-1",1
"AGTCTTTGTGCTTCTC-1",0
"AGTCTTTGTGTCCTCT-1",1
"AGTCTTTGTTTGTTTC-1",0
"AGTCTTTTCGCAGGCT-1",4
"AGTCTTTTCGCGTAGC-1",3
"AGTCTTTTCGCTAGCG-1",0
"AGTCTTTTCGCTTGTC-1",0
"AGTCTTTTCTGACCTC-1",0
"AGTGAGGAGATAGCAT-1",0
"AGTGAGGCAGGTGCCT-1",1
"AGTGAGGGTATGAAAC-1",3
"AGTGAGGGTCACTTCC-1",1
"AGTGAGGGTCGCGAAA-1",1
"AGTGAGGGTTATGTGC-1",0
"AGTGAGGTCTACTATC-1",2
"AGTGGGAAGCAGACTG-1",1
"AGTGGGACAAACGCGA-1",1
"AGTGGGACAAGCCGTC-1",2
"AGTGGGACACAGGAGT-1",2
"AGTGGGACACGAGAGT-1",1
"AGTGGGATCATCGATG-1",0
"AGTGGGATCCACGAAT-1",1
"AGTGGGATCCTGCAGG-1",0
"AGTGTCAAGAAGCCCA-1",0
"AGTGTCAAGCTAGTCT-1",0
"AGTGTCAAGTACGACG-1",0
"AGTGTCAAGTGAACAT-1",0
"AGTGTCACACCATCCT-1",0
"AGTGTCACAGTAAGCG-1",1
"AGTGTCACAGTGGAGT-1",0
"AGTGTCAGTAAACCTC-1",0
"AGTGTCAGTACAGCAG-1",0
"AGTGTCAGTCTCCACT-1",0
"AGTGTCAGTTTGACTG-1",0
"AGTGTCATCAAAGTAG-1",0
"AGTGTCATCCGTCAAA-1",1
"AGTGTCATCGTTACAG-1",2
"AGTGTCATCTGTCAAG-1",2
"AGTTGGTAGACTGTAA-1",0
"AGTTGGTAGTACGCGA-1",2
"AGTTGGTCAAATTGCC-1",1
"AGTTGGTCAGGAATGC-1",0
"AGTTGGTCATGCGCAC-1",0
"AGTTGGTGTACCGTAT-1",0
"AGTTGGTGTATGCTTG-1",3
"AGTTGGTGTCAGGACA-1",1
"AGTTGGTGTTCAGACT-1",1
"AGTTGGTTCAGTACGT-1",0
"AGTTGGTTCCTCAACC-1",2
"AGTTGGTTCGTACCGG-1",0
"AGTTGGTTCTGTCCGT-1",2
"ATAACGCAGTTGAGTA-1",0
"ATAACGCCACGTGAGA-1",0
"ATAACGCGTGAACCTT-1",6
"ATAACGCGTGTCCTCT-1",0
"ATAACGCGTGTGAAAT-1",1
"ATAACGCTCTCCGGTT-1",3
"ATAAGAGAGTCCGGTC-1",1
"ATAAGAGCAACTGCGC-1",2
"ATAAGAGCAGTATCTG-1",0
"ATAAGAGGTGACGCCT-1",2
"ATAAGAGGTTAAAGTG-1",0
"ATAAGAGTCAGCACAT-1",2
"ATAAGAGTCAGTGCAT-1",0
"ATAGACCAGAGAGCTC-1",2
"ATAGACCAGCCCAATT-1",0
"ATAGACCCAAGCCATT-1",0
"ATAGACCCATCTGGTA-1",3
"ATAGACCGTATATGGA-1",3
"ATAGACCGTGGACGAT-1",0
"ATAGACCGTGGCGAAT-1",1
"ATAGACCGTTTCGCTC-1",0
"ATCACGAAGAACTCGG-1",3
"ATCACGAAGACACGAC-1",1
"ATCACGAAGTTACCCA-1",4
"ATCACGACAAGACACG-1",2
"ATCACGACAAGCGTAG-1",2
"ATCACGACACACATGT-1",0
"ATCACGACACCACCAG-1",1
"ATCACGACACGGTAAG-1",3
"ATCACGACAGCGAACA-1",3
"ATCACGATCCCGACTT-1",1
"ATCACGATCGGTGTCG-1",3
"ATCATCTAGCCTATGT-1",2
"ATCATCTAGGCCATAG-1",0
"ATCATCTAGTACTTGC-1",1
"ATCATCTCAGACGCCT-1",1
"ATCATCTCATCCGTGG-1",1
"ATCATCTGTATTACCG-1",1
"ATCATCTGTCACTTCC-1",1
"ATCATCTTCAGCGACC-1",4
"ATCATCTTCCTCAACC-1",1
"ATCATGGCAAGCGTAG-1",1
"ATCATGGCAAGGTTCT-1",1
"ATCATGGCACTACAGT-1",0
"ATCATGGGTAAGGGAA-1",2
"ATCATGGGTTGTGGCC-1",1
"ATCATGGTCAATAAGG-1",2
"ATCATGGTCCAATGGT-1",1
"ATCATGGTCGCCATAA-1",4
"ATCATGGTCGGTTAAC-1",0
"ATCCACCAGCTAGTCT-1",1
"ATCCACCAGGCTCTTA-1",1
"ATCCACCCAAACGTGG-1",0
"ATCCACCCAGTTAACC-1",2
"ATCCACCGTCCGAAGA-1",1
"ATCCACCGTTTGTTTC-1",1
"ATCCACCTCCTGCTTG-1",0
"ATCCACCTCCTTAATC-1",1
"ATCCACCTCTGGTATG-1",1
"ATCCGAAAGCGATGAC-1",0
"ATCCGAAAGCTAGGCA-1",0
"ATCCGAACAAACGTGG-1",0
"ATCCGAACAACAACCT-1",1
"ATCCGAACAAGGACTG-1",4
"ATCCGAACACCCATTC-1",3
"ATCCGAACACGGTAGA-1",3
"ATCCGAAGTAGCGCTC-1",0
"ATCCGAAGTCATTAGC-1",1
"ATCCGAAGTCTCTTAT-1",1
"ATCCGAATCCAACCAA-1",3
"ATCCGAATCCTTGACC-1",2
"ATCCGAATCTTGTCAT-1",1
"ATCGAGTAGACTTTCG-1",1
"ATCGAGTCATCCGGGT-1",1
"ATCGAGTGTCCCTTGT-1",0
"ATCGAGTGTCTCCCTA-1",4
"ATCGAGTTCATGCATG-1",0
"ATCGAGTTCCTGCCAT-1",2
"ATCTACTAGGTGTGGT-1",2
"ATCTACTCAGCTGTAT-1",2
"ATCTACTCAGTACACT-1",1
"ATCTACTCATGACATC-1",2
"ATCTACTGTAAGTAGT-1",3
"ATCTACTGTGTCGCTG-1",2
"ATCTACTTCCGCGTTT-1",1
"ATCTACTTCGCAAGCC-1",1
"ATCTACTTCTATCGCC-1",1
"ATCTACTTCTCTAAGG-1",0
"ATCTGCCAGGCTCAGA-1",0
"ATCTGCCGTACAGTTC-1",1
"ATCTGCCGTTGTGGAG-1",1
"ATCTGCCTCAGAGACG-1",0
"ATCTGCCTCAGCTGGC-1",2
"ATCTGCCTCGTACGGC-1",0
"ATCTGCCTCTCGAGTA-1",2
"ATCTGCCTCTGAGTGT-1",1
"ATCTGCCTCTTGTATC-1",3
"ATGAGGGAGGTCGGAT-1",2
"ATGAGGGCATGACGGA-1",1
"ATGAGGGCATTAGGCT-1",3
"ATGAGGGTCACATGCA-1",2
"ATGAGGGTCAGTCCCT-1",2
"ATGCGATAGTCAATAG-1",0
"ATGCGATCATGTTGAC-1",1
"ATGCGATGTGCAGTAG-1",2
"ATGCGATGTGCATCTA-1",0
"ATGCGATTCCCAAGAT-1",1
"ATGCGATTCGCCATAA-1",2
"ATGGGAGAGCAATATG-1",1
"ATGGGAGAGCCACGCT-1",4
"ATGGGAGAGGTGATAT-1",0
"ATGGGAGCACCAGGTC-1",2
"ATGGGAGCACTATCTT-1",0
"ATGGGAGCAGCATACT-1",2
"ATGGGAGCATAGAAAC-1",2
"ATGGGAGCATTACCTT-1",2
"ATGGGAGTCAAGGTAA-1",0
"ATGTGTGAGCGAAGGG-1",1
"ATGTGTGAGGGTTTCT-1",0
"ATGTGTGAGTTGAGTA-1",1
"ATGTGTGCACGGCGTT-1",3
"ATGTGTGCACGGTTTA-1",1
"ATGTGTGCAGTATAAG-1",0
"ATGTGTGTCACGCGGT-1",0
"ATTACTCAGATGTGTA-1",1
"ATTACTCAGCGTAATA-1",0
"ATTACTCAGGTGCACA-1",1
"ATTACTCAGTGAAGTT-1",1
"ATTACTCCAAACTGTC-1",1
"ATTACTCCACCATCCT-1",3
"ATTACTCCAGACTCGC-1",1
"ATTACTCCATATGCTG-1",0
"ATTACTCCATCGGTTA-1",0
"ATTACTCCATTGCGGC-1",0
"ATTACTCGTTAAAGAC-1",0
"ATTACTCTCCGAACGC-1",3
"ATTATCCAGAGTACCG-1",6
"ATTATCCAGCTTATCG-1",0
"ATTATCCCACAAGCCC-1",0
"ATTATCCCATATGAGA-1",2
"ATTATCCCATCTGGTA-1",4
"ATTATCCGTCGTTGTA-1",2
"ATTATCCGTCTCTCTG-1",0
"ATTATCCTCAACGGGA-1",1
"ATTATCCTCCGCGCAA-1",2
"ATTATCCTCTCCGGTT-1",3
"ATTCTACGTCACTTCC-1",0
"ATTCTACGTCTAGTCA-1",3
"ATTCTACGTTGTCGCG-1",2
"ATTGGACAGCAGATCG-1",3
"ATTGGACAGGGCATGT-1",0
"ATTGGACAGTGGACGT-1",0
"ATTGGACCAAGACACG-1",1
"ATTGGACGTAATAGCA-1",6
"ATTGGACTCCTGCTTG-1",1
"ATTGGACTCGGCGCAT-1",2
"ATTGGACTCGTTTGCC-1",4
"ATTGGTGAGAATGTTG-1",1
"ATTGGTGCAAGCTGAG-1",4
"ATTGGTGCAGCAGTTT-1",2
"ATTGGTGGTATGGTTC-1",0
"ATTGGTGGTTGAGTTC-1",0
"ATTGGTGTCAAAGTAG-1",0
"ATTGGTGTCGGAAACG-1",2
"ATTTCTGAGGGATACC-1",2
"ATTTCTGAGGGATCTG-1",1
"ATTTCTGAGGTGTTAA-1",1
"ATTTCTGAGTCGAGTG-1",2
"ATTTCTGAGTTCGCAT-1",2
"ATTTCTGCAAGGTGTG-1",4
"ATTTCTGGTAGCTCCG-1",3
"ATTTCTGGTGCACGAA-1",0
"ATTTCTGGTTGCCTCT-1",1
"ATTTCTGTCAAAGTAG-1",0
"ATTTCTGTCAGCTCGG-1",1
"ATTTCTGTCTTGGGTA-1",1
"CAACCAAAGAAACGCC-1",1
"CAACCAAAGAGGGCTT-1",1
"CAACCAAAGCTGAAAT-1",1
"CAACCAAAGGACAGCT-1",1
"CAACCAAAGGGAGTAA-1",2
"CAACCAACATACGCTA-1",1
"CAACCTCAGTAATCCC-1",1
"CAACCTCCAGACGCAA-1",0
"CAACCTCGTGAGTGAC-1",1
"CAACCTCGTTCCACGG-1",1
"CAACCTCTCATACGGT-1",0
"CAACCTCTCCGATATG-1",0
"CAACCTCTCCTTTACA-1",1
"CAACCTCTCTCTAGGA-1",0
"CAACTAGAGAATAGGG-1",1
"CAACTAGAGGATGCGT-1",1
"CAACTAGCACCATCCT-1",0
"CAACTAGCAGACTCGC-1",2
"CAACTAGCAGTTCATG-1",1
"CAACTAGGTACGCACC-1",2
"CAACTAGTCAGGCCCA-1",5
"CAAGAAAAGAAGGACA-1",1
"CAAGAAAAGACGCACA-1",0
"CAAGAAAAGGCCCTTG-1",4
"CAAGAAAAGGTGATAT-1",1
"CAAGAAAAGTCGATAA-1",0
"CAAGAAAAGTGGAGTC-1",2
"CAAGAAAAGTGTACCT-1",3
"CAAGAAACACGGTGTC-1",0
"CAAGAAATCTGCTTGC-1",2
"CAAGATCAGCTGAAAT-1",0
"CAAGATCGTAAGAGGA-1",1
"CAAGATCGTGCCTTGG-1",1
"CAAGATCTCAACACCA-1",1
"CAAGATCTCTCGATGA-1",3
"CAAGGCCAGGAGTCTG-1",1
"CAAGGCCAGGCTATCT-1",1
"CAAGGCCCACGGTAAG-1",1
"CAAGGCCCATGTTCCC-1",2
"CAAGGCCGTCCGTCAG-1",0
"CAAGGCCTCAACGGGA-1",0
"CAAGGCCTCCTTGACC-1",0
"CAAGGCCTCGTGACAT-1",1
"CAAGTTGAGACAGGCT-1",2
"CAAGTTGAGATGTCGG-1",1
"CAAGTTGAGCGTCAAG-1",0
"CAAGTTGAGCGTTTAC-1",0
"CAAGTTGCACATTAGC-1",0
"CAAGTTGCACGCTTTC-1",1
"CAAGTTGCACGGTGTC-1",1
"CAAGTTGCATTCTTAC-1",1
"CAAGTTGGTACTCAAC-1",0
"CAAGTTGGTCAGGACA-1",0
"CAAGTTGGTCGGCACT-1",0
"CAAGTTGTCAACGAAA-1",3
"CAAGTTGTCACCACCT-1",0
"CAAGTTGTCATTGCCC-1",1
"CAAGTTGTCGAATCCA-1",3
"CAAGTTGTCTACTTAC-1",1
"CACAAACAGGGCTCTC-1",0
"CACAAACAGGGCTTGA-1",2
"CACAAACAGTGACATA-1",4
"CACAAACCAACTGCGC-1",0
"CACAAACCAATAAGCA-1",0
"CACAAACCAATCAGAA-1",3
"CACAAACCACTTAACG-1",2
"CACAAACCATGAACCT-1",2
"CACAAACCATGGTCAT-1",1
"CACAAACGTCAACTGT-1",3
"CACAAACGTCAGAATA-1",1
"CACAAACTCTTCGGTC-1",3
"CACAAACTCTTGGGTA-1",3
"CACACAAAGCGACGTA-1",0
"CACACAAAGGGAGTAA-1",2
"CACACAACAAACGTGG-1",0
"CACACAACACATGACT-1",2
"CACACAACATCGATTG-1",0
"CACACAACATTGGGCC-1",1
"CACACAAGTACGACCC-1",0
"CACACAAGTCAGTGGA-1",2
"CACACAAGTCATCGGC-1",1
"CACACAAGTTTACTCT-1",0
"CACACAATCCACGTGG-1",1
"CACACAATCCACGTTC-1",2
"CACACAATCGGCGCAT-1",4
"CACACCTAGAGACTAT-1",1
"CACACCTAGGACATTA-1",1
"CACACCTAGTCATCCA-1",0
"CACACCTAGTGTGAAT-1",1
"CACACCTCACTGAAGG-1",1
"CACACCTCATAGGATA-1",0
"CACACCTCATAGTAAG-1",1
"CACACCTCATTGGGCC-1",1
"CACACCTGTACAGCAG-1",6
"CACACCTGTACCGCTG-1",2
"CACACCTGTCCAAGTT-1",0
"CACACCTGTGGACGAT-1",3
"CACACCTGTGGTCTCG-1",1
"CACACCTTCATGTCTT-1",1
"CACACCTTCTGGCGAC-1",0
"CACACTCAGGGAAACA-1",1
"CACACTCCAACACCTA-1",0
"CACACTCCAAGGGTCA-1",6
"CACACTCGTGACGCCT-1",0
"CACACTCGTTTGTGTG-1",1
"CACAGGCAGCCATCGC-1",0
"CACAGGCAGGGATGGG-1",3
"CACAGGCCAAGAGTCG-1",0
"CACAGGCCAATGGAGC-1",0
"CACAGGCGTCTAGGTT-1",1
"CACAGGCGTTACGCGC-1",1
"CACAGGCTCGGGAGTA-1",2
"CACAGGCTCTATGTGG-1",4
"CACAGTAAGACGCAAC-1",0
"CACAGTAAGACGCACA-1",2
"CACAGTAAGTGGGCTA-1",0
"CACAGTACAACTGGCC-1",0
"CACAGTACATCGGACC-1",2
"CACAGTAGTTCCATGA-1",0
"CACATAGAGCCCAATT-1",4
"CACATAGAGTGTACTC-1",0
"CACATAGCACTTCTGC-1",2
"CACATAGCAGGGTATG-1",1
"CACATAGTCCTTGCCA-1",2
"CACATAGTCGGCGCAT-1",0
"CACATTTAGCAGATCG-1",1
"CACATTTAGGGCACTA-1",0
"CACATTTCACGGCGTT-1",1
"CACATTTCATTACCTT-1",1
"CACATTTGTCGAACAG-1",2
"CACATTTGTGTTGAGG-1",1
"CACATTTTCCAGAGGA-1",0
"CACATTTTCCGCATCT-1",3
"CACATTTTCTACTATC-1",2
"CACATTTTCTGTGCAA-1",0
"CACCACTAGCCACGTC-1",2
"CACCACTAGTGGTAAT-1",2
"CACCACTAGTTACCCA-1",0
"CACCACTCAAGCCCAC-1",0
"CACCACTCAGTTCATG-1",2
"CACCACTGTTATTCTC-1",0
"CACCACTTCACCGGGT-1",2
"CACCACTTCGAATCCA-1",2
"CACCACTTCGACCAGC-1",0
"CACCACTTCTAACCGA-1",1
"CACCACTTCTTTAGTC-1",1
"CACCAGGCACATTAGC-1",0
"CACCAGGCACTGCCAG-1",2
"CACCAGGCATAAAGGT-1",1
"CACCAGGCATGAACCT-1",2
"CACCAGGGTGAAATCA-1",0
"CACCAGGGTGTTTGGT-1",4
"CACCAGGGTTATCACG-1",1
"CACCAGGTCATGTAGC-1",4
"CACCAGGTCTGCTTGC-1",0
"CACCTTGAGACTTGAA-1",0
"CACCTTGAGTCAATAG-1",0
"CACCTTGCACTAGTAC-1",0
"CACCTTGCAGGCGATA-1",0
"CACCTTGCATTCCTGC-1",4
"CACCTTGGTCATTAGC-1",1
"CACCTTGGTGATGTCT-1",2
"CACCTTGGTGTGAAAT-1",0
"CACCTTGGTTATGTGC-1",0
"CACCTTGTCAACCATG-1",5
"CACCTTGTCATTATCC-1",2
"CACCTTGTCCAAAGTC-1",0
"CACCTTGTCTCACATT-1",3
"CACTCCAAGACAAGCC-1",1
"CACTCCAAGGTACTCT-1",3
"CACTCCACAATGGACG-1",1
"CACTCCAGTACATGTC-1",1
"CACTCCAGTTGTCGCG-1",0
"CACTCCATCAACACAC-1",1
"CACTCCATCCCAGGTG-1",0
"CAGAATCAGAAACCTA-1",2
"CAGAATCAGCCAACAG-1",0
"CAGAATCAGCTGGAAC-1",0
"CAGAATCAGGACTGGT-1",1
"CAGAATCAGTATCGAA-1",0
"CAGAATCCACAGAGGT-1",6
"CAGAATCCAGGGTACA-1",3
"CAGAATCGTAAGTGTA-1",1
"CAGAATCGTAATCACC-1",3
"CAGAATCTCAGTTTGG-1",0
"CAGAATCTCGCAAGCC-1",0
"CAGAATCTCGGTCCGA-1",1
"CAGAATCTCTTGCAAG-1",0
"CAGAATCTCTTGTACT-1",1
"CAGAGAGAGAATTGTG-1",0
"CAGAGAGAGCAATATG-1",1
"CAGAGAGCAAGAAGAG-1",1
"CAGAGAGCACCAGATT-1",0
"CAGAGAGGTAATCACC-1",2
"CAGAGAGGTAGCTGCC-1",0
"CAGAGAGGTAGGACAC-1",0
"CAGAGAGGTATAGGGC-1",1
"CAGAGAGGTCCGAATT-1",0
"CAGAGAGGTTGAGGTG-1",0
"CAGAGAGTCACCCGAG-1",1
"CAGAGAGTCATAACCG-1",0
"CAGAGAGTCCGAACGC-1",1
"CAGAGAGTCTGGTATG-1",0
"CAGATCAAGAGACGAA-1",0
"CAGATCAAGCACCGTC-1",1
"CAGATCAAGCTTCGCG-1",1
"CAGATCAAGGATTCGG-1",0
"CAGATCAAGTGTACCT-1",0
"CAGATCAAGTTTAGGA-1",0
"CAGATCACAATAACGA-1",0
"CAGATCACACACCGAC-1",1
"CAGATCACACGGTAAG-1",0
"CAGATCACACTCTGTC-1",1
"CAGATCACAGCATACT-1",2
"CAGATCACAGTGGGAT-1",2
"CAGATCAGTACCAGTT-1",1
"CAGATCAGTGCGGTAA-1",0
"CAGATCATCTGATACG-1",1
"CAGATCATCTGATTCT-1",0
"CAGCAGCAGATGCCAG-1",2
"CAGCAGCAGGGAACGG-1",0
"CAGCAGCCACCTATCC-1",1
"CAGCAGCCATCACAAC-1",1
"CAGCAGCGTGCTAGCC-1",0
"CAGCAGCTCAACACTG-1",2
"CAGCAGCTCGAACTGT-1",0
"CAGCAGCTCGCCGTGA-1",0
"CAGCATAAGAGACGAA-1",0
"CAGCATAGTCTAGGTT-1",0
"CAGCATAGTTTACTCT-1",4
"CAGCATATCACGAAGG-1",0
"CAGCATATCAGGCAAG-1",0
"CAGCATATCCTTAATC-1",2
"CAGCCGAAGCATCATC-1",1
"CAGCCGAAGTTTCCTT-1",3
"CAGCCGACACGTGAGA-1",0
"CAGCCGACATCAGTCA-1",5
"CAGCCGAGTGATGTCT-1",0
"CAGCCGATCACCAGGC-1",0
"CAGCCGATCCTCAATT-1",3
"CAGCGACAGAAACGCC-1",0
"CAGCGACAGCGTCAAG-1",2
"CAGCGACCAAACGTGG-1",2
"CAGCGACCAAAGCGGT-1",5
"CAGCGACCACGTCAGC-1",6
"CAGCGACCATGGGACA-1",3
"CAGCGACGTCTGATTG-1",1
"CAGCGACGTGGACGAT-1",4
"CAGCGACGTGGTTTCA-1",1
"CAGCGACGTTCGGCAC-1",0
"CAGCGACTCCGCAAGC-1",0
"CAGCGACTCTGGGCCA-1",0
"CAGCTAAAGATGTGTA-1",1
"CAGCTAAAGCAGACTG-1",0
"CAGCTAAAGCTGTTCA-1",1
"CAGCTAAAGGAGCGTT-1",3
"CAGCTAACACAGATTC-1",5
"CAGCTAACATCAGTAC-1",5
"CAGCTAAGTAATCGTC-1",1
"CAGCTAAGTCTCACCT-1",0
"CAGCTAAGTTCGTCTC-1",0
"CAGCTAATCCACGCAG-1",6
"CAGCTAATCCCTAACC-1",0
"CAGCTAATCTGGTTCC-1",0
"CAGCTAATCTTAGCCC-1",0
"CAGCTAATCTTCGGTC-1",3
"CAGCTGGAGACACTAA-1",0
"CAGCTGGAGATCCTGT-1",4
"CAGCTGGCACCAACCG-1",1
"CAGCTGGCAGTGGAGT-1",0
"CAGCTGGCATGCATGT-1",2
"CAGCTGGTCTACCTGC-1",0
"CAGGTGCAGAGACGAA-1",2
"CAGGTGCAGATCCTGT-1",3
"CAGGTGCAGGCATGTG-1",2
"CAGGTGCCAGGAACGT-1",0
"CAGGTGCCATAGTAAG-1",4
"CAGGTGCCATCGGAAG-1",2
"CAGGTGCTCAGTTGAC-1",1
"CAGGTGCTCCAAGTAC-1",0
"CAGGTGCTCTTGTATC-1",0
"CAGTAACAGATATGGT-1",0
"CAGTAACAGATGGCGT-1",0
"CAGTAACCAATCACAC-1",0
"CAGTAACCACTCGACG-1",1
"CAGTAACGTGATAAGT-1",2
"CAGTAACGTGCACCAC-1",0
"CAGTAACTCAGAGGTG-1",3
"CAGTAACTCGTACGGC-1",3
"CAGTAACTCGTGACAT-1",1
"CAGTAACTCTGCCAGG-1",0
"CAGTCCTAGAATCTCC-1",1
"CAGTCCTAGATCTGCT-1",0
"CAGTCCTCAGTATAAG-1",0
"CAGTCCTTCAACACGT-1",0
"CAGTCCTTCCATGAGT-1",0
"CAGTCCTTCCCGACTT-1",1
"CAGTCCTTCCCTTGTG-1",2
"CAGTCCTTCGAACGGA-1",0
"CAGTCCTTCGGTTCGG-1",0
"CAGTCCTTCTACTTAC-1",1
"CATATGGAGAGATGAG-1",1
"CATATGGAGGCATGGT-1",1
"CATATGGAGTATTGGA-1",2
"CATATGGCAAGCGTAG-1",6
"CATATGGGTCGCATAT-1",0
"CATATGGTCATTATCC-1",1
"CATATGGTCATTGCGA-1",2
"CATATTCAGGCGACAT-1",0
"CATATTCCACCACCAG-1",0
"CATATTCGTGACTACT-1",0
"CATATTCGTGGTACAG-1",0
"CATATTCGTGTGACGA-1",2
"CATATTCTCACAGGCC-1",1
"CATATTCTCGCAAACT-1",0
"CATCAAGAGAACTCGG-1",1
"CATCAAGAGATGGCGT-1",0
"CATCAAGAGCCGCCTA-1",3
"CATCAAGCACGAAACG-1",5
"CATCAAGCAGCCTTTC-1",2
"CATCAAGCATGGAATA-1",3
"CATCAAGGTTACTGAC-1",1
"CATCAAGGTTCCATGA-1",0
"CATCAAGTCTAAGCCA-1",0
"CATCAAGTCTGACCTC-1",0
"CATCAGAAGCTAGTCT-1",1
"CATCAGACAAGCCATT-1",1
"CATCAGACAATGACCT-1",0
"CATCAGACACGGCCAT-1",1
"CATCAGACAGACAGGT-1",0
"CATCAGACATAACCTG-1",1
"CATCAGAGTAATTGGA-1",0
"CATCAGAGTACATGTC-1",0
"CATCAGAGTGTTAAGA-1",0
"CATCAGAGTTCAACCA-1",0
"CATCAGATCGTTGACA-1",3
"CATCCACGTAAAGTCA-1",5
"CATCCACGTACCGTAT-1",1
"CATCCACGTGCCTGTG-1",1
"CATCCACGTTTAAGCC-1",0
"CATCGAAAGAGTACAT-1",0
"CATCGAAAGCTGTCTA-1",0
"CATCGAACAAGAGGCT-1",0
"CATCGAACAAGCTGAG-1",0
"CATCGAACACATTTCT-1",4
"CATCGAACATAAAGGT-1",1
"CATCGAAGTAGTACCT-1",1
"CATCGAAGTCCGACGT-1",2
"CATCGAAGTGCACTTA-1",1
"CATCGAATCAAACCAC-1",1
"CATCGAATCCGCGGTA-1",3
"CATCGAATCCGTAGTA-1",2
"CATCGGGAGAAGCCCA-1",2
"CATCGGGAGCGAGAAA-1",0
"CATCGGGAGGGTGTGT-1",2
"CATCGGGAGGTGTTAA-1",1
"CATCGGGAGTGACTCT-1",2
"CATCGGGCACTCAGGC-1",0
"CATCGGGCAGACGCTC-1",2
"CATCGGGCATCACAAC-1",3
"CATCGGGGTCCTCTTG-1",0
"CATCGGGGTGAGGGAG-1",0
"CATCGGGGTTCGAATC-1",1
"CATCGGGTCAGGATCT-1",1
"CATCGGGTCCACGAAT-1",1
"CATCGGGTCGATGAGG-1",3
"CATGACAAGACCACGA-1",4
"CATGACAAGCTCCTCT-1",0
"CATGACAAGTAACCCT-1",1
"CATGACAAGTATCTCG-1",0
"CATGACAGTCGTCTTC-1",0
"CATGACAGTGAACCTT-1",2
"CATGACATCAATAAGG-1",0
"CATGACATCTAACTGG-1",0
"CATGCCTAGACCTAGG-1",1
"CATGCCTAGAGTCTGG-1",0
"CATGCCTCACCACCAG-1",1
"CATGCCTGTCAAAGCG-1",1
"CATGCCTGTCGATTGT-1",3
"CATGCCTTCCACGACG-1",6
"CATGCCTTCCTCATTA-1",0
"CATGCCTTCGCATGAT-1",0
"CATGGCGAGAGCTGGT-1",0
"CATGGCGAGTACGACG-1",0
"CATGGCGTCCAAAGTC-1",0
"CATGGCGTCCCTTGTG-1",6
"CATGGCGTCGGCCGAT-1",1
"CATGGCGTCTCAAACG-1",2
"CATGGCGTCTGCCCTA-1",0
"CATTATCAGACCCACC-1",1
"CATTATCAGTCCCACG-1",2
"CATTATCCAAGTCTGT-1",1
"CATTATCCAGGGCATA-1",0
"CATTATCGTCAATGTC-1",0
"CATTATCTCACAAACC-1",0
"CATTATCTCAGATAAG-1",1
"CATTATCTCGCGTTTC-1",0
"CATTATCTCGTTGCCT-1",0
"CATTATCTCTATCCCG-1",0
"CATTATCTCTTAACCT-1",6
"CATTCGCAGGTGCTAG-1",0
"CATTCGCCAAGGGTCA-1",0
"CATTCGCCAGCCTATA-1",3
"CATTCGCCATACAGCT-1",1
"CATTCGCCATGGATGG-1",0
"CATTCGCCATGTCTCC-1",4
"CATTCGCCATTCACTT-1",0
"CATTCGCGTAGCACGA-1",3
"CATTCGCTCATCACCC-1",0
"CCAATCCAGACCACGA-1",0
"CCAATCCAGATATGGT-1",0
"CCAATCCAGTCGAGTG-1",3
"CCAATCCAGTCGTTTG-1",0
"CCAATCCAGTTTAGGA-1",0
"CCAATCCCAAGCGAGT-1",5
"CCAATCCTCGGACAAG-1",0
"CCAATCCTCTACCTGC-1",0
"CCACCTAAGCAGACTG-1",0
"CCACCTAAGGATGGTC-1",0
"CCACCTAAGTCGAGTG-1",2
"CCACCTAAGTGGGATC-1",1
"CCACCTAAGTGTGGCA-1",3
"CCACCTACAACAACCT-1",3
"CCACCTACAAGCCGCT-1",0
"CCACCTACAATCTACG-1",0
"CCACCTAGTAGTACCT-1",3
"CCACCTAGTCGCGTGT-1",1
"CCACCTAGTGGGTCAA-1",0
"CCACCTATCAGTTGAC-1",5
"CCACCTATCTGATACG-1",0
"CCACGGAAGACACGAC-1",1
"CCACGGAAGGGAACGG-1",1
"CCACGGACATGTCGAT-1",3
"CCACGGAGTAAGGGCT-1",0
"CCACGGAGTCAGATAA-1",2
"CCACGGAGTCCGTGAC-1",4
"CCACGGAGTGTAATGA-1",3
"CCACGGAGTTCTGAAC-1",2
"CCACGGATCACATAGC-1",1
"CCACGGATCCACGTGG-1",1
"CCACGGATCTACTATC-1",1
"CCACGGATCTAGAGTC-1",1
"CCACTACAGAGTACCG-1",2
"CCACTACAGCTTTGGT-1",1
"CCACTACCAGCAGTTT-1",0
"CCACTACCAGTAGAGC-1",0
"CCACTACGTCCGAATT-1",1
"CCACTACGTCTCAACA-1",0
"CCACTACGTGACAAAT-1",2
"CCACTACGTGACCAAG-1",1
"CCACTACGTGCACGAA-1",0
"CCACTACTCACTCTTA-1",1
"CCACTACTCCGCATCT-1",2
"CCACTACTCGGAAATA-1",1
"CCACTACTCTCGTATT-1",1
"CCACTACTCTCGTTTA-1",2
"CCAGCGAAGCCCAACC-1",3
"CCAGCGACATCGGGTC-1",0
"CCAGCGACATGTCCTC-1",1
"CCAGCGAGTAGGCATG-1",0
"CCAGCGAGTCCGTTAA-1",2
"CCAGCGATCAGAAATG-1",3
"CCATGTCAGCGATCCC-1",2
"CCATGTCAGGTCGGAT-1",3
"CCATGTCAGGTTACCT-1",2
"CCATGTCCAAGCTGGA-1",1
"CCATGTCCACATCCGG-1",2
"CCATGTCGTCCAGTAT-1",4
"CCATGTCTCCAAGTAC-1",1
"CCATGTCTCTTGTATC-1",2
"CCATTCGCAGTACACT-1",0
"CCATTCGCAGTTTACG-1",1
"CCATTCGGTAATCGTC-1",2
"CCATTCGGTATTACCG-1",1
"CCATTCGTCGTAGGAG-1",0
"CCCAATCAGTCACGCC-1",0
"CCCAATCCAGGTGGAT-1",0
"CCCAATCGTGAAGGCT-1",1
"CCCAATCGTTGGAGGT-1",1
"CCCAATCTCACATGCA-1",0
"CCCAATCTCCAGTATG-1",1
"CCCAATCTCGGAGCAA-1",0
"CCCAGTTAGAATAGGG-1",0
"CCCAGTTAGATCCCGC-1",6
"CCCAGTTAGCGTGAAC-1",3
"CCCAGTTAGGAATCGC-1",7
"CCCAGTTAGTCCGGTC-1",0
"CCCAGTTAGTTTGCGT-1",1
"CCCAGTTGTACATGTC-1",3
"CCCAGTTGTCTGCAAT-1",1
"CCCAGTTTCTGAAAGA-1",0
"CCCATACAGGGTTCCC-1",1
"CCCATACAGTGTTTGC-1",0
"CCCATACCAAAGGTGC-1",2
"CCCATACCAACACCCG-1",2
"CCCATACCAGCAGTTT-1",1
"CCCATACGTATTACCG-1",1
"CCCATACGTCAATACC-1",0
"CCCATACGTCTAGTCA-1",5
"CCCATACGTTGAGTTC-1",0
"CCCATACTCAATAAGG-1",2
"CCCATACTCAGCGACC-1",1
"CCCATACTCATCACCC-1",1
"CCCATACTCCGTAGGC-1",2
"CCCTCCTAGGAATCGC-1",0
"CCCTCCTCACGTCTCT-1",0
"CCCTCCTCAGCTTAAC-1",3
"CCCTCCTCATATGAGA-1",0
"CCCTCCTCATCACGTA-1",1
"CCCTCCTGTATGGTTC-1",0
"CCCTCCTGTTAGATGA-1",1
"CCCTCCTTCAATCACG-1",1
"CCCTCCTTCCGCAGTG-1",3
"CCGGGATAGCTTCGCG-1",1
"CCGGGATAGGCGACAT-1",2
"CCGGGATAGGCTAGGT-1",0
"CCGGGATCACAGTCGC-1",0
"CCGGGATGTATAGGTA-1",1
"CCGGGATTCAGAGCTT-1",0
"CCGGGATTCGCTAGCG-1",3
"CCGGGATTCGCTTGTC-1",0
"CCGGTAGAGCGTCTAT-1",0
"CCGGTAGAGTACGCCC-1",0
"CCGGTAGCACATAACC-1",0
"CCGGTAGCACGCATCG-1",0
"CCGGTAGGTACTTCTT-1",1
"CCGGTAGGTCAAACTC-1",4
"CCGGTAGTCGTCCGTT-1",0
"CCGTACTAGAGAACAG-1",1
"CCGTACTAGTCCGTAT-1",2
"CCGTACTCAAGCCCAC-1",0
"CCGTACTCAAGCGAGT-1",0
"CCGTACTCATCCCACT-1",0
"CCGTACTGTACAGCAG-1",2
"CCGTACTGTAGCGCTC-1",0
"CCGTACTGTGCGGTAA-1",6
"CCGTACTTCGTTACAG-1",2
"CCGTGGAAGACGCACA-1",1
"CCGTGGAAGAGTTGGC-1",1
"CCGTGGAAGGTGATAT-1",1
"CCGTGGAAGGTTCCTA-1",5
"CCGTGGACAGCCTTGG-1",0
"CCGTGGAGTTCCATGA-1",1
"CCGTGGATCTAACTTC-1",1
"CCGTGGATCTCTGTCG-1",0
"CCGTTCAAGCGTAATA-1",2
"CCGTTCAAGTACGATA-1",0
"CCGTTCAAGTAGATGT-1",0
"CCGTTCACAGGATCGA-1",1
"CCGTTCAGTATAGGGC-1",0
"CCGTTCAGTCGCGAAA-1",0
"CCGTTCATCGTACCGG-1",0
"CCTAAAGAGAGTTGGC-1",1
"CCTAAAGCAAACCTAC-1",0
"CCTAAAGCATGTCTCC-1",2
"CCTAAAGGTACTCAAC-1",0
"CCTAAAGGTCGGCACT-1",0
"CCTAAAGGTGTAATGA-1",0
"CCTAAAGTCACCGTAA-1",3
"CCTAAAGTCAGCGATT-1",1
"CCTAAAGTCGGCGCTA-1",1
"CCTAAAGTCGGTCCGA-1",1
"CCTACACAGGACCACA-1",5
"CCTACACAGGGTGTTG-1",1
"CCTACACCAGTAAGAT-1",2
"CCTACACGTATAGTAG-1",3
"CCTACACGTCCGAACC-1",0
"CCTACACGTGGGTCAA-1",1
"CCTACACGTTTGACTG-1",0
"CCTACACTCGGCGCTA-1",2
"CCTACACTCGTGACAT-1",2
"CCTACCAAGATAGGAG-1",0
"CCTACCAAGCAAATCA-1",0
"CCTACCAAGCGTAGTG-1",1
"CCTACCAAGCTTCGCG-1",1
"CCTACCAAGTGCGATG-1",1
"CCTACCAGTATCAGTC-1",3
"CCTACCAGTCTCTCTG-1",0
"CCTACCAGTCTTTCAT-1",3
"CCTACCATCAGCACAT-1",0
"CCTACCATCGCCAGCA-1",0
"CCTAGCTAGCAAATCA-1",1
"CCTAGCTAGCTCCTCT-1",3
"CCTAGCTAGGTTACCT-1",1
"CCTAGCTAGTACGCGA-1",0
"CCTAGCTCAATGAATG-1",3
"CCTAGCTCAATGGTCT-1",3
"CCTAGCTCACATCCAA-1",2
"CCTAGCTCAGCCAGAA-1",0
"CCTAGCTGTAGAAAGG-1",0
"CCTAGCTGTCACCCAG-1",2
"CCTAGCTGTCTGATTG-1",0
"CCTAGCTTCACGATGT-1",2
"CCTAGCTTCGTAGGAG-1",1
"CCTATTAAGAATTCCC-1",1
"CCTATTAAGCAGGCTA-1",1
"CCTATTAAGCAGGTCA-1",4
"CCTATTAAGGGAGTAA-1",0
"CCTATTAAGGTAGCCA-1",3
"CCTATTACACAACTGT-1",1
"CCTATTACACATCCGG-1",1
"CCTATTAGTCAATACC-1",0
"CCTATTATCATCACCC-1",1
"CCTATTATCTGCGACG-1",1
"CCTCAGTAGCTAACTC-1",1
"CCTCAGTCAGGTGGAT-1",1
"CCTCAGTGTCCATCCT-1",2
"CCTCAGTGTCCGACGT-1",0
"CCTCAGTGTCTTGTCC-1",3
"CCTCAGTGTGGGTATG-1",0
"CCTCTGAAGTATCGAA-1",3
"CCTCTGAAGTGGGTTG-1",0
"CCTCTGACAAGCTGTT-1",2
"CCTCTGACACCGATAT-1",2
"CCTCTGACAGATGAGC-1",5
"CCTCTGAGTCAATACC-1",3
"CCTCTGAGTCCGAACC-1",0
"CCTCTGAGTCGTGGCT-1",1
"CCTCTGAGTCTGATTG-1",1
"CCTCTGATCTGAGGGA-1",0
"CCTTACGCAAGCGTAG-1",0
"CCTTACGCACCAACCG-1",0
"CCTTACGGTCATCCCT-1",0
"CCTTACGGTCCTCTTG-1",6
"CCTTACGTCACAACGT-1",3
"CCTTACGTCATCTGCC-1",0
"CCTTACGTCGGAGGTA-1",3
"CCTTCCCAGAGACTAT-1",2
"CCTTCCCAGCTAGGCA-1",0
"CCTTCCCAGGACGAAA-1",1
"CCTTCCCAGGGCATGT-1",1
"CCTTCCCAGGTACTCT-1",1
"CCTTCCCCATGATCCA-1",0
"CCTTCCCTCAAGGCTT-1",2
"CCTTCCCTCTATCCTA-1",0
"CCTTCCCTCTATCGCC-1",1
"CCTTCGAAGGCGCTCT-1",1
"CCTTCGACAACACCCG-1",1
"CCTTCGACAGCGATCC-1",5
"CCTTCGAGTAAGCACG-1",1
"CCTTCGAGTCCATGAT-1",0
"CCTTCGAGTGTGACCC-1",0
"CCTTCGAGTTGGTGGA-1",0
"CCTTCGATCACAGTAC-1",4
"CCTTCGATCCTATGTT-1",0
"CCTTCGATCGCACTCT-1",0
"CCTTTCTAGACGCTTT-1",1
"CCTTTCTAGGGCACTA-1",0
"CCTTTCTAGTGGAGTC-1",4
"CCTTTCTCAGACAAGC-1",3
"CCTTTCTCATCACGAT-1",2
"CCTTTCTCATGCCCGA-1",3
"CCTTTCTTCCCACTTG-1",0
"CCTTTCTTCTTTACGT-1",1
"CGAACATCACATGACT-1",1
"CGAACATCACTTGGAT-1",2
"CGAACATCAGTCCTTC-1",1
"CGAACATGTCTGATTG-1",0
"CGAACATGTGCTGTAT-1",3
"CGAACATTCTCAAACG-1",2
"CGAATGTAGAGGTTAT-1",2
"CGAATGTAGCGATAGC-1",1
"CGAATGTAGTTCGCAT-1",0
"CGAATGTCAATGCCAT-1",1
"CGAATGTGTCTAGTCA-1",4
"CGAATGTGTCTCACCT-1",0
"CGAATGTTCAACACAC-1",2
"CGAATGTTCATCACCC-1",0
"CGAATGTTCTGTACGA-1",1
"CGACCTTAGCTACCGC-1",1
"CGACCTTAGCTAGTCT-1",2
"CGACCTTCAAAGTGCG-1",3
"CGACCTTCACGAAATA-1",1
"CGACCTTGTAAGTGTA-1",1
"CGACCTTGTCAGAATA-1",1
"CGACCTTGTCTCCCTA-1",0
"CGACCTTGTCTCTTAT-1",1
"CGACCTTTCCGCGTTT-1",2
"CGACCTTTCGTTTATC-1",2
"CGACCTTTCTCCAGGG-1",0
"CGACTTCAGACACGAC-1",1
"CGACTTCAGGTAGCCA-1",1
"CGACTTCAGTCTTGCA-1",2
"CGACTTCCAATGGACG-1",1
"CGACTTCGTGGTGTAG-1",2
"CGACTTCGTTGAGTTC-1",1
"CGACTTCTCACTTACT-1",0
"CGACTTCTCTCGCTTG-1",0
"CGAGAAGAGAAACGCC-1",1
"CGAGAAGAGCCAACAG-1",0
"CGAGAAGAGCGTGTCC-1",0
"CGAGAAGCAAGTTCTG-1",0
"CGAGAAGCACATCCGG-1",0
"CGAGAAGCAGGCTGAA-1",0
"CGAGAAGTCGGATGGA-1",6
"CGAGCACAGCCAGAAC-1",0
"CGAGCACCACATGTGT-1",2
"CGAGCACGTAGCGTCC-1",6
"CGAGCACGTAGCGTGA-1",1
"CGAGCACGTCAGATAA-1",2
"CGAGCACGTGCCTTGG-1",3
"CGAGCACTCCCGGATG-1",0
"CGAGCACTCCGCTGTT-1",1
"CGAGCACTCGGAAATA-1",0
"CGAGCACTCGTGACAT-1",0
"CGAGCCAAGCTAGCCC-1",1
"CGAGCCAGTATATCCG-1",0
"CGAGCCAGTCAAGCGA-1",2
"CGATCGGAGAGCCTAG-1",0
"CGATCGGAGTACGATA-1",3
"CGATCGGCAAACGCGA-1",1
"CGATCGGCAAGCGATG-1",1
"CGATCGGCAATACGCT-1",0
"CGATCGGCAGTTAACC-1",1
"CGATCGGCATACTCTT-1",0
"CGATCGGGTCGACTGC-1",1
"CGATCGGTCAACGGGA-1",0
"CGATCGGTCTAGCACA-1",1
"CGATGGCAGCCGTCGT-1",2
"CGATGGCAGTCCAGGA-1",0
"CGATGGCCACTTAACG-1",1
"CGATGGCCAGCGTAAG-1",2
"CGATGGCCATCATCCC-1",1
"CGATGGCTCCTAGAAC-1",1
"CGATGGCTCGCTAGCG-1",0
"CGATGGCTCTGACCTC-1",3
"CGATGTAAGGCAATTA-1",0
"CGATGTAAGTTTGCGT-1",0
"CGATGTACACAGGCCT-1",0
"CGATGTACAGGTCTCG-1",1
"CGATGTAGTCCAGTGC-1",1
"CGATGTAGTCTAGGTT-1",1
"CGATGTAGTGTGCCTG-1",2
"CGATGTAGTTTGCATG-1",3
"CGATTGAAGATGTGGC-1",0
"CGATTGACAGACGCAA-1",5
"CGATTGAGTATGGTTC-1",3
"CGATTGAGTTCAGACT-1",3
"CGATTGATCATGGTCA-1",1
"CGATTGATCTGCGGCA-1",2
"CGCCAAGAGAATGTTG-1",1
"CGCCAAGAGACCTTTG-1",6
"CGCCAAGAGATCGGGT-1",0
"CGCCAAGAGATCTGAA-1",3
"CGCCAAGAGCGTGTCC-1",0
"CGCCAAGGTCTAGGTT-1",1
"CGCCAAGTCAGGATCT-1",0
"CGCCAAGTCCACTCCA-1",0
"CGCCAAGTCTTGTTTG-1",0
"CGCGGTAAGCTAGCCC-1",0
"CGCGGTAAGGGTTCCC-1",1
"CGCGGTACAAACTGCT-1",1
"CGCGGTACAATGGAAT-1",1
"CGCGGTACAGCTGTTA-1",0
"CGCGGTAGTCAAGCGA-1",1
"CGCGGTAGTGAGGCTA-1",0
"CGCGGTAGTTTGCATG-1",1
"CGCGTTTAGTTATCGC-1",2
"CGCGTTTCAACAACCT-1",1
"CGCGTTTCAAGCGAGT-1",0
"CGCGTTTCAATGGACG-1",4
"CGCGTTTCACGGTGTC-1",3
"CGCGTTTGTGCTGTAT-1",1
"CGCGTTTGTGGACGAT-1",1
"CGCGTTTTCAAACCGT-1",2
"CGCGTTTTCAGCCTAA-1",0
"CGCGTTTTCCTATGTT-1",0
"CGCGTTTTCGTGGTCG-1",2
"CGCTATCAGAAACCGC-1",2
"CGCTATCAGTCATCCA-1",0
"CGCTATCCAAGCGAGT-1",5
"CGCTATCCAGTCGATT-1",2
"CGCTATCCATCGACGC-1",4
"CGCTATCCATTTCAGG-1",0
"CGCTATCGTACCGAGA-1",0
"CGCTATCGTTCGAATC-1",2
"CGCTATCGTTTCGCTC-1",1
"CGCTATCTCGTTACAG-1",2
"CGCTGGAAGGACATTA-1",1
"CGCTGGAAGGGCACTA-1",1
"CGCTGGAAGGTGATAT-1",2
"CGCTGGACAGACTCGC-1",1
"CGCTGGAGTGTAATGA-1",0
"CGCTGGAGTTCTGGTA-1",2
"CGCTGGATCCGAAGAG-1",1
"CGCTGGATCCGTTGCT-1",2
"CGCTGGATCGTAGGAG-1",1
"CGCTGGATCGTTACAG-1",0
"CGCTTCAAGAAGGGTA-1",2
"CGCTTCAAGGTCGGAT-1",2
"CGCTTCACACGGTGTC-1",1
"CGCTTCACAGACAAGC-1",0
"CGCTTCACATCACCCT-1",0
"CGCTTCAGTCGCGGTT-1",3
"CGCTTCATCTTAGAGC-1",2
"CGGACACAGCGATATA-1",4
"CGGACACAGCGATGAC-1",0
"CGGACACAGCTTCGCG-1",3
"CGGACACAGGTAAACT-1",2
"CGGACACAGTAGCCGA-1",1
"CGGACACCACAGGAGT-1",2
"CGGACACCATTCACTT-1",2
"CGGACACGTGAGCGAT-1",0
"CGGACACGTGCTCTTC-1",0
"CGGACACGTGTGACCC-1",2
"CGGACGTAGGTTACCT-1",8
"CGGACGTCATGGGACA-1",1
"CGGACGTGTGAAAGAG-1",2
"CGGACGTGTTGGTAAA-1",1
"CGGACGTTCATGTGGT-1",3
"CGGACGTTCTGTCCGT-1",5
"CGGACTGAGGAGCGAG-1",0
"CGGACTGAGGAGTCTG-1",0
"CGGACTGAGTGGTAGC-1",1
"CGGACTGCAACTTGAC-1",1
"CGGACTGCAATGACCT-1",1
"CGGACTGCACAACGTT-1",1
"CGGACTGCACGCCAGT-1",3
"CGGACTGCAGTATGCT-1",1
"CGGACTGGTAAAGGAG-1",0
"CGGACTGGTATAAACG-1",1
"CGGACTGGTGTAAGTA-1",0
"CGGACTGGTGTGGTTT-1",1
"CGGACTGGTTGACGTT-1",1
"CGGACTGTCATTGCCC-1",1
"CGGACTGTCCATGCTC-1",4
"CGGACTGTCCGTCAAA-1",1
"CGGACTGTCGTTTGCC-1",1
"CGGACTGTCTTCATGT-1",1
"CGGAGCTAGTTTAGGA-1",0
"CGGAGCTCATTGAGCT-1",0
"CGGAGCTGTAGAAAGG-1",1
"CGGAGCTTCACTTATC-1",1
"CGGAGCTTCATGTAGC-1",1
"CGGAGCTTCCACGAAT-1",2
"CGGAGTCAGTGCGATG-1",1
"CGGAGTCAGTGTGAAT-1",0
"CGGAGTCCAGTGGGAT-1",2
"CGGAGTCCATTATCTC-1",0
"CGGAGTCGTAGCTGCC-1",2
"CGGAGTCGTCCAGTGC-1",0
"CGGAGTCGTGTTCGAT-1",2
"CGGAGTCTCCCAGGTG-1",0
"CGGAGTCTCCGTAGTA-1",0
"CGGCTAGAGAAACGCC-1",1
"CGGCTAGAGCACCGTC-1",0
"CGGCTAGAGCTAAACA-1",2
"CGGCTAGCAGACAAAT-1",0
"CGGCTAGGTAACGCGA-1",0
"CGGCTAGGTTCATGGT-1",1
"CGGCTAGTCAAAGACA-1",1
"CGGCTAGTCGTGGGAA-1",1
"CGGCTAGTCTTGTTTG-1",1
"CGGGTCAAGAGTCGGT-1",0
"CGGGTCAAGCACACAG-1",2
"CGGGTCAAGCTAACTC-1",0
"CGGGTCAAGGACACCA-1",2
"CGGGTCAAGTATGACA-1",0
"CGGGTCACAATGACCT-1",2
"CGGGTCACACCGAAAG-1",1
"CGGGTCACAGCCACCA-1",0
"CGGGTCACATACAGCT-1",1
"CGGGTCACATCCTTGC-1",0
"CGGGTCAGTAGCGCTC-1",1
"CGGGTCAGTCGATTGT-1",0
"CGGGTCAGTGCAACTT-1",3
"CGGGTCAGTTGTTTGG-1",0
"CGGGTCATCAACACCA-1",0
"CGGGTCATCACCTTAT-1",0
"CGGGTCATCCACGACG-1",0
"CGGTTAACAGGACCCT-1",2
"CGGTTAACATGTCCTC-1",2
"CGGTTAACATTCCTGC-1",3
"CGGTTAAGTCGACTGC-1",6
"CGGTTAATCCGGCACA-1",0
"CGGTTAATCCTTTCGG-1",1
"CGGTTAATCTTATCTG-1",1
"CGTAGCGAGATGTAAC-1",1
"CGTAGCGAGGCAATTA-1",2
"CGTAGCGAGTAGGTGC-1",0
"CGTAGCGCAAGCGCTC-1",0
"CGTAGCGTCCAACCAA-1",1
"CGTAGCGTCGGCGGTT-1",0
"CGTAGGCAGGGCTCTC-1",1
"CGTAGGCCAAGCGATG-1",1
"CGTAGGCCACTAAGTC-1",4
"CGTAGGCCAGAGTGTG-1",0
"CGTAGGCCATCCCATC-1",1
"CGTAGGCGTATTAGCC-1",0
"CGTAGGCGTCAATACC-1",0
"CGTAGGCGTGGCGAAT-1",2
"CGTAGGCTCCAGAAGG-1",5
"CGTCACTAGTCATGCT-1",0
"CGTCACTCAAAGCGGT-1",1
"CGTCACTCAGGTCCAC-1",2
"CGTCACTCAGTCACTA-1",1
"CGTCACTTCCTTGACC-1",0
"CGTCACTTCGGTGTTA-1",0
"CGTCACTTCTGTGCAA-1",0
"CGTCACTTCTTGAGAC-1",2
"CGTCAGGAGCTGTTCA-1",1
"CGTCAGGCAAAGCAAT-1",0
"CGTCAGGCAAAGCGGT-1",0
"CGTCAGGCAACACGCC-1",0
"CGTCAGGCATCCGCGA-1",1
"CGTCAGGGTCAGCTAT-1",1
"CGTCAGGGTCGTTGTA-1",1
"CGTCAGGGTGTAAGTA-1",3
"CGTCAGGTCCACTGGG-1",2
"CGTCAGGTCGACAGCC-1",0
"CGTCAGGTCGGGAGTA-1",2
"CGTCCATAGACCACGA-1",0
"CGTCCATAGCGATTCT-1",0
"CGTCCATAGGCTATCT-1",1
"CGTCCATAGTCTCAAC-1",3
"CGTCCATCACGACTCG-1",3
"CGTCCATCATTCACTT-1",2
"CGTCCATGTCTAGCGC-1",0
"CGTCCATGTGATAAAC-1",0
"CGTCCATGTTTGGGCC-1",1
"CGTCCATGTTTGTGTG-1",0
"CGTCCATTCAACACCA-1",1
"CGTCCATTCATTCACT-1",0
"CGTCTACAGTGCGTGA-1",1
"CGTCTACGTAGTAGTA-1",0
"CGTCTACTCGAGCCCA-1",0
"CGTCTACTCGCCATAA-1",0
"CGTCTACTCGGCCGAT-1",1
"CGTCTACTCGTCCAGG-1",0
"CGTCTACTCTATCGCC-1",0
"CGTGAGCAGATCTGAA-1",0
"CGTGAGCAGCAATCTC-1",1
"CGTGAGCAGCGGATCA-1",4
"CGTGAGCAGCTAGTGG-1",1
"CGTGAGCAGCTTCGCG-1",0
"CGTGAGCAGGGCACTA-1",3
"CGTGAGCAGGGTGTGT-1",2
"CGTGAGCAGTGGAGAA-1",0
"CGTGAGCCAAGCCGCT-1",2
"CGTGAGCCACGTAAGG-1",1
"CGTGAGCCATACGCCG-1",1
"CGTGAGCGTAGATTAG-1",0
"CGTGAGCGTCTCTTAT-1",0
"CGTGAGCTCACAAACC-1",0
"CGTGAGCTCCAAATGC-1",0
"CGTGAGCTCCGAGCCA-1",1
"CGTGAGCTCGTTGCCT-1",3
"CGTGAGCTCTGGGCCA-1",2
"CGTGTAAAGATAGTCA-1",2
"CGTGTAAAGGTGTTAA-1",0
"CGTGTAAAGTACATGA-1",0
"CGTGTAACATGGGACA-1",2
"CGTGTAAGTCCGCTGA-1",0
"CGTGTAAGTGTCTGAT-1",0
"CGTGTAATCTACTATC-1",0
"CGTGTAATCTCGATGA-1",1
"CGTGTAATCTTTAGTC-1",2
"CGTGTCTAGGCGCTCT-1",0
"CGTGTCTAGGGATGGG-1",0
"CGTGTCTCAGACAAAT-1",1
"CGTGTCTCAGACACTT-1",1
"CGTGTCTGTAAGAGGA-1",1
"CGTGTCTGTATATGAG-1",1
"CGTGTCTGTCAAAGCG-1",2
"CGTGTCTGTTCCGTCT-1",3
"CGTGTCTTCAATCACG-1",3
"CGTGTCTTCAGAGGTG-1",2
"CGTGTCTTCATAGCAC-1",0
"CGTGTCTTCCGAACGC-1",1
"CGTGTCTTCGGCATCG-1",0
"CGTGTCTTCGTGGACC-1",0
"CGTGTCTTCTACTTAC-1",2
"CGTGTCTTCTGAGTGT-1",2
"CGTTAGAAGATCTGAA-1",0
"CGTTAGAAGGCCCTTG-1",3
"CGTTAGACACGAAAGC-1",0
"CGTTAGACAGCTTCGG-1",1
"CGTTAGAGTTTAAGCC-1",1
"CGTTAGATCACTTATC-1",0
"CGTTAGATCAGCCTAA-1",2
"CGTTCTGAGAAGGGTA-1",2
"CGTTCTGAGACTAGGC-1",0
"CGTTCTGAGTGAACAT-1",0
"CGTTCTGCAGCTCGCA-1",0
"CGTTCTGCATTGGCGC-1",0
"CGTTCTGGTGAGGGTT-1",0
"CGTTCTGTCTGATTCT-1",1
"CGTTGGGAGCTAGTTC-1",3
"CGTTGGGAGGATGCGT-1",1
"CGTTGGGCACATTAGC-1",0
"CGTTGGGCAGACAGGT-1",3
"CGTTGGGGTTCCCGAG-1",1
"CGTTGGGTCATGCTCC-1",5
"CGTTGGGTCCATGAAC-1",3
"CGTTGGGTCTACCAGA-1",4
"CTAACTTAGTCCTCCT-1",2
"CTAACTTCAATAGCAA-1",3
"CTAACTTCAATCGGTT-1",0
"CTAACTTGTGAGGCTA-1",0
"CTAACTTTCGTACGGC-1",1
"CTAACTTTCTGGCGTG-1",0
"CTAAGACAGGGAAACA-1",0
"CTAAGACAGTACATGA-1",1
"CTAAGACAGTTCGCGC-1",0
"CTAAGACCAAGTAATG-1",1
"CTAAGACCAGTAAGAT-1",1
"CTAAGACCATGCAATC-1",0
"CTAAGACGTAAGGATT-1",2
"CTAAGACGTATCAGTC-1",1
"CTAAGACGTCACCTAA-1",2
"CTAAGACTCGTTGCCT-1",4
"CTAAGACTCTTACCGC-1",3
"CTAAGACTCTTGAGGT-1",1
"CTAATGGAGCAATCTC-1",0
"CTAATGGAGCGCTCCA-1",2
"CTAATGGAGCTCCCAG-1",1
"CTAATGGAGCTGAAAT-1",1
"CTAATGGAGTTAGGTA-1",0
"CTAATGGCATGGAATA-1",1
"CTAATGGGTACCGCTG-1",2
"CTAATGGGTCTAGCGC-1",1
"CTAATGGGTGAGGGAG-1",1
"CTAATGGGTTGGTGGA-1",0
"CTAATGGTCATGCTCC-1",0
"CTAATGGTCCACTGGG-1",3
"CTAATGGTCCGTTGCT-1",3
"CTAATGGTCCTAGAAC-1",0
"CTACACCAGTGCGATG-1",3
"CTACACCCACGGACAA-1",0
"CTACACCGTAATAGCA-1",0
"CTACACCGTCTGATTG-1",3
"CTACACCGTTCGTCTC-1",0
"CTACACCTCAGAAATG-1",0
"CTACACCTCGGCTTGG-1",0
"CTACACCTCGGTCCGA-1",0
"CTACACCTCTCGCATC-1",0
"CTACACCTCTCTGCTG-1",1
"CTACATTAGATCACGG-1",0
"CTACATTCACTCGACG-1",2
"CTACATTCATTTCACT-1",4
"CTACATTGTGATGATA-1",2
"CTACATTGTTCGAATC-1",1
"CTACATTTCAACGCTA-1",0
"CTACATTTCGCCATAA-1",0
"CTACATTTCTAGCACA-1",6
"CTACCCACACAGAGGT-1",1
"CTACCCACACGACGAA-1",2
"CTACCCACATGGTTGT-1",1
"CTACCCAGTATCTGCA-1",1
"CTACCCAGTATGAATG-1",0
"CTACCCAGTCAGAAGC-1",1
"CTACCCAGTGTGACCC-1",0
"CTACCCAGTTATGTGC-1",1
"CTACCCATCTACGAGT-1",1
"CTACGTCAGGTGCAAC-1",3
"CTACGTCAGTGCGATG-1",0
"CTACGTCAGTTGTCGT-1",2
"CTACGTCCATATACCG-1",0
"CTACGTCGTATATGGA-1",7
"CTACGTCGTGTGGTTT-1",1
"CTACGTCTCAAAGTAG-1",1
"CTACGTCTCACGACTA-1",3
"CTACGTCTCACGGTTA-1",2
"CTACGTCTCCTAGAAC-1",0
"CTAGAGTAGCTGTCTA-1",5
"CTAGAGTAGGATCGCA-1",2
"CTAGAGTAGTCCATAC-1",1
"CTAGAGTCACATTAGC-1",3
"CTAGAGTCAGTATGCT-1",6
"CTAGAGTCATACTCTT-1",0
"CTAGAGTCATGTAAGA-1",0
"CTAGAGTGTGACCAAG-1",0
"CTAGAGTTCAACACCA-1",2
"CTAGAGTTCCGTCAAA-1",0
"CTAGAGTTCCTAAGTG-1",2
"CTAGAGTTCGCCAGCA-1",2
"CTAGAGTTCGCTTAGA-1",2
"CTAGAGTTCGTGACAT-1",2
"CTAGAGTTCTGATTCT-1",3
"CTAGCCTCACCAGATT-1",5
"CTAGCCTGTATATCCG-1",0
"CTAGCCTGTGATGCCC-1",0
"CTAGCCTTCGGGAGTA-1",1
"CTAGTGAAGCTGGAAC-1",1
"CTAGTGAAGTGTACCT-1",2
"CTAGTGACAAGTCTAC-1",0
"CTAGTGACAGGATCGA-1",0
"CTAGTGAGTTATGCGT-1",2
"CTAGTGATCAGTTGAC-1",1
"CTAGTGATCCAGTAGT-1",5
"CTCACACAGCTAAGAT-1",3
"CTCACACAGCTGCCCA-1",0
"CTCACACAGGATGCGT-1",0
"CTCACACCACGTAAGG-1",1
"CTCACACCACTGTTAG-1",2
"CTCACACCATATACGC-1",2
"CTCACACGTGCTGTAT-1",1
"CTCACACGTTCCATGA-1",1
"CTCACACGTTTGGGCC-1",0
"CTCACACTCACCGGGT-1",0
"CTCACACTCATCGGAT-1",1
"CTCACACTCCGCGCAA-1",1
"CTCACACTCTAACCGA-1",1
"CTCAGAAAGAGCTGCA-1",1
"CTCAGAAAGGAGTAGA-1",2
"CTCAGAACAACGCACC-1",0
"CTCAGAACAAGCGATG-1",1
"CTCAGAACAGGGCATA-1",0
"CTCAGAAGTGACGGTA-1",1
"CTCAGAATCTTAACCT-1",1
"CTCATTAAGAACTGTA-1",1
"CTCATTACATGGTCAT-1",1
"CTCATTAGTGTAACGG-1",0
"CTCATTAGTTTACTCT-1",1
"CTCCTAGCAAGTACCT-1",0
"CTCCTAGCAATTCCTT-1",3
"CTCCTAGCACTGTCGG-1",5
"CTCCTAGCAGTCCTTC-1",0
"CTCCTAGCATAACCTG-1",0
"CTCCTAGCATGCGCAC-1",0
"CTCCTAGGTAGAAAGG-1",0
"CTCCTAGGTCCGAGTC-1",2
"CTCCTAGGTCTAGCCG-1",0
"CTCCTAGGTGTTTGTG-1",3
"CTCCTAGGTTCGTGAT-1",1
"CTCCTAGGTTGTTTGG-1",2
"CTCCTAGTCACTTACT-1",1
"CTCCTAGTCTCATTCA-1",3
"CTCGAAAAGCCCAACC-1",1
"CTCGAAAAGCTATGCT-1",3
"CTCGAAAAGGCCCTTG-1",1
"CTCGAAAAGGGCTTCC-1",4
"CTCGAAACAAGCCGTC-1",1
"CTCGAAACACATTAGC-1",1
"CTCGAAACACCGAAAG-1",3
"CTCGAAACACGGCTAC-1",1
"CTCGAAACAGTAAGAT-1",2
"CTCGAAACATACGCCG-1",0
"CTCGAGGAGCCATCGC-1",1
"CTCGAGGAGGGCTTCC-1",0
"CTCGAGGCAGATAATG-1",0
"CTCGAGGGTATTCTCT-1",2
"CTCGAGGGTGCCTGGT-1",2
"CTCGGAGAGTCCCACG-1",0
"CTCGGAGCACTTCTGC-1",6
"CTCGGAGCAGCTGCAC-1",3
"CTCGGAGCAGGATCGA-1",0
"CTCGGAGGTAGCCTAT-1",2
"CTCGGAGGTCATGCCG-1",1
"CTCGGAGTCAAACGGG-1",0
"CTCGGAGTCACATACG-1",1
"CTCGGAGTCAGCTTAG-1",3
"CTCGGGAAGACCTAGG-1",1
"CTCGGGACACAGCCCA-1",0
"CTCGGGACATAAAGGT-1",3
"CTCGGGACATCCCACT-1",1
"CTCGGGACATGTCGAT-1",0
"CTCGGGAGTCGCGTGT-1",1
"CTCGGGAGTGACTACT-1",0
"CTCGGGAGTTACGACT-1",1
"CTCGGGATCCGTACAA-1",4
"CTCGGGATCCTTGACC-1",0
"CTCGGGATCTTAGCCC-1",0
"CTCGGGATCTTGTTTG-1",0
"CTCGTACAGCGATAGC-1",3
"CTCGTACCAGCGTAAG-1",1
"CTCGTACCATAGTAAG-1",1
"CTCGTACGTAGAGTGC-1",2
"CTCGTACGTATCACCA-1",4
"CTCGTACGTGCAGTAG-1",0
"CTCGTACTCAAAGTAG-1",0
"CTCGTACTCAATCTCT-1",0
"CTCGTACTCGTTGCCT-1",0
"CTCGTACTCTGGTTCC-1",1
"CTCGTCAAGATGCCTT-1",0
"CTCGTCAAGTGGAGTC-1",2
"CTCGTCAAGTTTGCGT-1",0
"CTCGTCACAACGATCT-1",1
"CTCGTCACACATCCGG-1",1
"CTCGTCACAGTCGTGC-1",0
"CTCGTCAGTCTCATCC-1",0
"CTCGTCAGTCTCCATC-1",2
"CTCGTCAGTGAGCGAT-1",0
"CTCGTCAGTTGACGTT-1",2
"CTCGTCAGTTGGGACA-1",0
"CTCGTCATCACTTATC-1",0
"CTCGTCATCGACCAGC-1",1
"CTCGTCATCTGCTGTC-1",0
"CTCTAATCACCAGGTC-1",4
"CTCTAATCACGGTGTC-1",0
"CTCTAATCAGGAATCG-1",4
"CTCTAATGTCCAAGTT-1",1
"CTCTACGAGCTAAACA-1",2
"CTCTACGAGCTAGTGG-1",2
"CTCTACGAGTACGCCC-1",0
"CTCTACGAGTAGGCCA-1",3
"CTCTACGCAATAACGA-1",0
"CTCTACGCAGACGCTC-1",2
"CTCTACGCATGACATC-1",1
"CTCTACGTCATGTCTT-1",2
"CTCTACGTCCCTAATT-1",3
"CTCTACGTCGGCATCG-1",3
"CTCTACGTCGGTCTAA-1",0
"CTCTGGTAGCAGCGTA-1",0
"CTCTGGTAGCGTTCCG-1",0
"CTCTGGTAGGCATGGT-1",0
"CTCTGGTAGTGCCAGA-1",0
"CTCTGGTCACAAGCCC-1",3
"CTCTGGTCAGCCTTTC-1",2
"CTCTGGTTCATCTGTT-1",0
"CTCTGGTTCTTGTACT-1",0
"CTGAAACAGATCCCGC-1",1
"CTGAAACAGGTGCTAG-1",0
"CTGAAACAGTCCGTAT-1",0
"CTGAAACAGTGTCTCA-1",1
"CTGAAACGTCATCGGC-1",6
"CTGAAACGTTAAAGAC-1",0
"CTGAAACTCATACGGT-1",0
"CTGAAGTAGTGCGTGA-1",2
"CTGAAGTCAGCTGTAT-1",1
"CTGAAGTGTTAAAGTG-1",0
"CTGAAGTTCAAGCCTA-1",0
"CTGAAGTTCGGATGTT-1",3
"CTGATAGAGGGAGTAA-1",0
"CTGATAGAGTGCAAGC-1",1
"CTGATAGCAGCCTTTC-1",2
"CTGATAGCATCCCATC-1",0
"CTGATAGCATCTCCCA-1",1
"CTGATAGGTCAAAGCG-1",0
"CTGATAGGTCGCTTTC-1",2
"CTGATAGGTTACGACT-1",2
"CTGATAGTCGCGATCG-1",0
"CTGATAGTCTTATCTG-1",0
"CTGATCCAGGCATTGG-1",1
"CTGATCCAGGTGACCA-1",0
"CTGATCCCACAGAGGT-1",6
"CTGATCCCAGGCTGAA-1",2
"CTGATCCGTGCCTGGT-1",0
"CTGATCCGTTATCCGA-1",1
"CTGATCCGTTGTGGCC-1",0
"CTGCCTAAGGGTCTCC-1",1
"CTGCCTAAGGTGATAT-1",1
"CTGCCTAAGTACGCGA-1",0
"CTGCCTAAGTGCGTGA-1",1
"CTGCCTACATCCCACT-1",2
"CTGCCTATCAATAAGG-1",0
"CTGCGGAAGAAGGACA-1",2
"CTGCGGAAGAGCTGGT-1",1
"CTGCGGAAGATGAGAG-1",3
"CTGCGGACAGGTCGTC-1",0
"CTGCGGACATGTCTCC-1",0
"CTGCGGAGTCACTTCC-1",1
"CTGCGGAGTCGTGGCT-1",1
"CTGCGGAGTTCTGTTT-1",1
"CTGCGGAGTTGGACCC-1",1
"CTGCGGATCGCCTGTT-1",0
"CTGCGGATCTTACCGC-1",0
"CTGCTGTAGGGTGTTG-1",0
"CTGCTGTAGTACCGGA-1",2
"CTGCTGTAGTGGAGAA-1",3
"CTGCTGTCACATCTTT-1",2
"CTGCTGTGTTAAAGAC-1",2
"CTGCTGTTCTCCAACC-1",1
"CTGCTGTTCTTACCGC-1",2
"CTGGTCTAGCGTTGCC-1",4
"CTGGTCTAGGACAGCT-1",0
"CTGGTCTAGGGCTTGA-1",1
"CTGGTCTAGTCGAGTG-1",1
"CTGGTCTCAAAGGAAG-1",0
"CTGGTCTCACCAGTTA-1",3
"CTGGTCTGTACCTACA-1",0
"CTGGTCTGTACGCTGC-1",1
"CTGGTCTGTCCGCTGA-1",1
"CTGGTCTGTCCGTTAA-1",0
"CTGGTCTGTTCATGGT-1",2
"CTGGTCTGTTCGTGAT-1",1
"CTGGTCTTCAACGGGA-1",0
"CTGGTCTTCACTTACT-1",2
"CTGGTCTTCTTACCTA-1",0
"CTGTGCTGTATATCCG-1",0
"CTGTGCTGTCATCCCT-1",2
"CTGTGCTGTCCCTACT-1",1
"CTGTGCTGTCGGCACT-1",1
"CTGTGCTTCCATTCTA-1",0
"CTGTGCTTCCGTACAA-1",3
"CTGTTTAAGAAACCGC-1",2
"CTGTTTAAGATCGATA-1",2
"CTGTTTAAGGAGTTGC-1",1
"CTGTTTAGTCAAAGCG-1",1
"CTGTTTATCAGCCTAA-1",0
"CTGTTTATCATTTGGG-1",0
"CTGTTTATCTCCAGGG-1",2
"CTGTTTATCTCTTGAT-1",2
"CTGTTTATCTTCTGGC-1",1
"CTTAACTAGCCAGTAG-1",0
"CTTAACTAGGCTCTTA-1",1
"CTTAACTAGGTGCACA-1",2
"CTTAACTAGTCTCGGC-1",0
"CTTACCGAGCGCTTAT-1",0
"CTTACCGAGGCTACGA-1",1
"CTTACCGCAGATCTGT-1",0
"CTTACCGCAGTCAGAG-1",1
"CTTACCGGTCCTGCTT-1",0
"CTTACCGGTCGCCATG-1",1
"CTTACCGGTCTACCTC-1",1
"CTTACCGTCGGACAAG-1",1
"CTTAGGAAGCCCAACC-1",3
"CTTAGGACACGACGAA-1",0
"CTTAGGAGTTATGTGC-1",1
"CTTAGGATCCCATTTA-1",0
"CTTAGGATCTTTACAC-1",2
"CTTCTCTAGAACTCGG-1",2
"CTTCTCTAGAGTGAGA-1",1
"CTTCTCTAGCAGGCTA-1",0
"CTTCTCTAGTTAACGA-1",0
"CTTCTCTCAAAGGTGC-1",0
"CTTCTCTGTAACGACG-1",6
"CTTCTCTGTGCATCTA-1",0
"CTTCTCTTCGAGCCCA-1",4
"CTTGGCTAGCGATATA-1",2
"CTTGGCTAGTACGTTC-1",2
"CTTGGCTCATTACCTT-1",2
"CTTGGCTGTCTCCATC-1",5
"CTTGGCTTCCCTAATT-1",0
"CTTGGCTTCGCGTAGC-1",0
"CTTGGCTTCTCGTTTA-1",1
"CTTTGCGAGCAAATCA-1",3
"CTTTGCGAGCGTTCCG-1",3
"CTTTGCGAGTATCTCG-1",1
"CTTTGCGCAATTCCTT-1",2
"CTTTGCGCACTTAAGC-1",0
"CTTTGCGCAGACGCAA-1",1
"CTTTGCGGTAGAGGAA-1",1
"CTTTGCGTCCAGGGCT-1",1
"GAAACTCAGAGACGAA-1",5
"GAAACTCAGAGGTTAT-1",1
"GAAACTCAGCAGCCTC-1",2
"GAAACTCAGCCCAGCT-1",3
"GAAACTCAGCTAAACA-1",0
"GAAACTCAGTGCTGCC-1",1
"GAAACTCCAAGCCCAC-1",2
"GAAACTCCACATGACT-1",2
"GAAACTCCAGACACTT-1",0
"GAAACTCCATGGATGG-1",1
"GAAACTCGTACTCGCG-1",1
"GAAACTCGTAGCGATG-1",5
"GAAACTCGTGTGAAAT-1",1
"GAAACTCGTTTGTGTG-1",3
"GAAATGAAGACTAGGC-1",0
"GAAATGAAGCCAGTTT-1",2
"GAAATGAAGCTAGTCT-1",2
"GAAATGAAGTACGTAA-1",1
"GAAATGATCATGCTCC-1",1
"GAAATGATCCTCGCAT-1",3
"GAACATCAGATGGCGT-1",3
"GAACATCCAACAACCT-1",0
"GAACATCCACATCTTT-1",0
"GAACATCCACCTATCC-1",2
"GAACATCCACGGACAA-1",0
"GAACATCCATGCTAGT-1",1
"GAACATCGTACGACCC-1",1
"GAACATCGTGGACGAT-1",2
"GAACATCGTTCCCGAG-1",0
"GAACATCTCCAAGTAC-1",1
"GAACATCTCGATCCCT-1",0
"GAACATCTCTCCAACC-1",4
"GAACCTAAGAACTGTA-1",2
"GAACCTAAGAGCAATT-1",2
"GAACCTAAGCCAGTAG-1",0
"GAACCTACAAGGACAC-1",0
"GAACCTACAGACACTT-1",1
"GAACCTAGTACCAGTT-1",3
"GAACCTAGTGTCAATC-1",1
"GAACCTATCACGATGT-1",0
"GAACGGAAGACGCAAC-1",0
"GAACGGAAGTAATCCC-1",0
"GAACGGAAGTCAATAG-1",1
"GAACGGAAGTGGACGT-1",3
"GAACGGACACAGCGTC-1",0
"GAACGGACACCTCGTT-1",2
"GAACGGACACTTAACG-1",2
"GAACGGAGTAGCGTAG-1",0
"GAACGGAGTCAGAGGT-1",0
"GAACGGAGTGGCGAAT-1",2
"GAACGGATCACTCCTG-1",0
"GAACGGATCCACGAAT-1",1
"GAACGGATCGTAGGAG-1",0
"GAACGGATCTGTCAAG-1",0
"GAAGCAGAGACTAAGT-1",2
"GAAGCAGAGAGACGAA-1",3
"GAAGCAGAGCCACGCT-1",1
"GAAGCAGAGTTCGCGC-1",2
"GAAGCAGCAATCCGAT-1",2
"GAAGCAGCACTCGACG-1",0
"GAAGCAGCAGATCTGT-1",0
"GAAGCAGCAGATGAGC-1",1
"GAAGCAGCATGAACCT-1",1
"GAAGCAGCATGGAATA-1",0
"GAAGCAGGTAACGCGA-1",0
"GAAGCAGGTCATACTG-1",4
"GAAGCAGTCCTAGTGA-1",1
"GAAGCAGTCTTATCTG-1",0
"GAATAAGCAAGGTGTG-1",0
"GAATAAGCAGACAAGC-1",4
"GAATAAGCATGCAACT-1",0
"GAATAAGGTCCGTTAA-1",2
"GAATAAGGTGAGTGAC-1",1
"GAATAAGGTTCCCTTG-1",3
"GAATAAGTCGTTTAGG-1",0
"GAATGAAAGAGTCTGG-1",1
"GAATGAAAGCTTATCG-1",0
"GAATGAAAGGCATGTG-1",3
"GAATGAACAAACGCGA-1",1
"GAATGAACAGTGAGTG-1",0
"GAATGAACATCATCCC-1",0
"GAATGAAGTCAACATC-1",2
"GAATGAAGTCTCACCT-1",7
"GAATGAAGTGGCAAAC-1",0
"GAATGAAGTTGCGTTA-1",0
"GAATGAATCAGTTAGC-1",1
"GAATGAATCCTGCCAT-1",0
"GACACGCAGACGCACA-1",0
"GACACGCAGAGTAATC-1",0
"GACACGCAGCCAACAG-1",0
"GACACGCAGGAGTTTA-1",0
"GACACGCAGGGCATGT-1",2
"GACACGCAGGTGCACA-1",0
"GACACGCAGTCCAGGA-1",2
"GACACGCAGTGGGATC-1",0
"GACACGCAGTGGGTTG-1",0
"GACACGCCAAGCGTAG-1",0
"GACACGCCAAGGACAC-1",1
"GACACGCCAGACGCTC-1",1
"GACACGCCATCCTTGC-1",4
"GACACGCGTTCACGGC-1",0
"GACACGCTCATGTAGC-1",4
"GACAGAGAGTACGATA-1",4
"GACAGAGCAACGATCT-1",2
"GACAGAGCAAGTCTAC-1",0
"GACAGAGCAGCTCCGA-1",0
"GACAGAGCAGCTGGCT-1",1
"GACAGAGGTAGAAAGG-1",0
"GACAGAGTCAAACAAG-1",0
"GACAGAGTCAGAGACG-1",2
"GACAGAGTCCTTCAAT-1",0
"GACAGAGTCCTTGCCA-1",1
"GACAGAGTCTTCATGT-1",2
"GACCAATAGAAGGGTA-1",3
"GACCAATAGCTACCGC-1",2
"GACCAATAGCTACCTA-1",2
"GACCAATCAGGTGCCT-1",1
"GACCAATCATGCGCAC-1",1
"GACCAATGTACAGTTC-1",2
"GACCAATGTCGCTTCT-1",2
"GACCAATTCCGATATG-1",2
"GACCAATTCGAATGGG-1",1
"GACCAATTCGTCACGG-1",0
"GACCTGGCATCACAAC-1",2
"GACCTGGCATGTCTCC-1",5
"GACCTGGCATTGGCGC-1",0
"GACCTGGGTAAAGGAG-1",1
"GACCTGGGTCCAGTTA-1",5
"GACCTGGGTGCAGTAG-1",0
"GACCTGGTCATAGCAC-1",2
"GACCTGGTCCTTGCCA-1",1
"GACCTGGTCGCATGAT-1",0
"GACCTGGTCGTCACGG-1",2
"GACGCGTAGTGGTAAT-1",2
"GACGCGTAGTTGTAGA-1",1
"GACGCGTGTAAAGGAG-1",4
"GACGCGTGTGTGAAAT-1",1
"GACGCGTGTTAAGACA-1",0
"GACGCGTTCAAACCGT-1",1
"GACGCGTTCCAAATGC-1",2
"GACGCGTTCCGCGGTA-1",1
"GACGCGTTCCTACAGA-1",0
"GACGCGTTCGACGGAA-1",0
"GACGCGTTCTCCGGTT-1",0
"GACGGCTAGAAGATTC-1",1
"GACGGCTAGAGCTGGT-1",1
"GACGGCTCAAGGTTTC-1",0
"GACGGCTCACCGCTAG-1",0
"GACGGCTCATGAACCT-1",4
"GACGGCTCATGCAACT-1",0
"GACGGCTGTGTGTGCC-1",1
"GACGGCTGTTATGTGC-1",0
"GACGGCTGTTTGGCGC-1",1
"GACGGCTTCTATCGCC-1",0
"GACGTGCAGGCAAAGA-1",3
"GACGTGCAGGGTGTGT-1",1
"GACGTGCAGGTGTTAA-1",0
"GACGTGCCAGGTCGTC-1",1
"GACGTGCGTAACGTTC-1",1
"GACGTGCTCACCTCGT-1",2
"GACGTTAAGCTACCGC-1",0
"GACGTTAAGGCAAAGA-1",0
"GACGTTAAGTCAAGCG-1",0
"GACGTTACAAGCCATT-1",1
"GACGTTACAAGGTTTC-1",2
"GACGTTACAGACACTT-1",0
"GACGTTAGTATCTGCA-1",0
"GACGTTAGTTTGACAC-1",2
"GACGTTAGTTTGACTG-1",0
"GACGTTATCACAGGCC-1",2
"GACGTTATCATTGCGA-1",1
"GACGTTATCCCGGATG-1",1
"GACGTTATCCGAAGAG-1",0
"GACGTTATCGCGTTTC-1",1
"GACGTTATCTGTCCGT-1",2
"GACTAACAGACAGAGA-1",1
"GACTAACAGTGGAGAA-1",0
"GACTAACCAAATCCGT-1",0
"GACTAACGTCTAGTCA-1",2
"GACTAACGTGCAACTT-1",3
"GACTAACGTTCAGACT-1",1
"GACTAACTCCGCGCAA-1",0
"GACTAACTCCTTTCTC-1",3
"GACTAACTCTTGCCGT-1",0
"GACTAACTCTTTACAC-1",0
"GACTACAAGATATGGT-1",0
"GACTACACAAATCCGT-1",1
"GACTACAGTGCTGTAT-1",1
"GACTACATCAGCCTAA-1",0
"GACTACATCAGGTAAA-1",8
"GACTACATCTGCAGTA-1",1
"GACTGCGAGCGTAGTG-1",1
"GACTGCGAGTTGTAGA-1",0
"GACTGCGCACTTAACG-1",0
"GACTGCGCATGTTCCC-1",1
"GACTGCGGTACGCACC-1",0
"GACTGCGGTTCTCATT-1",3
"GACTGCGTCAACACAC-1",1
"GACTGCGTCACGACTA-1",1
"GACTGCGTCGCCCTTA-1",0
"GACTGCGTCTCAAACG-1",1
"GAGCAGAGTAGGGTAC-1",3
"GAGCAGAGTCAGATAA-1",1
"GAGCAGAGTCATATGC-1",1
"GAGCAGAGTGAGCGAT-1",0
"GAGCAGAGTGTAACGG-1",0
"GAGCAGAGTGTGACCC-1",5
"GAGCAGAGTTCGGGCT-1",1
"GAGCAGAGTTTAAGCC-1",0
"GAGCAGAGTTTGCATG-1",0
"GAGGTGAAGCAACGGT-1",0
"GAGGTGAAGGCTCTTA-1",0
"GAGGTGAAGTGGTAGC-1",3
"GAGGTGAAGTTGTAGA-1",2
"GAGGTGACACTGTCGG-1",2
"GAGGTGACATCCTTGC-1",1
"GAGGTGACATGCATGT-1",0
"GAGGTGAGTACCTACA-1",0
"GAGGTGAGTCATTAGC-1",1
"GAGGTGAGTTCCTCCA-1",0
"GAGGTGATCATCGCTC-1",2
"GAGGTGATCTAGAGTC-1",2
"GAGGTGATCTCTAGGA-1",2
"GAGGTGATCTGCTGTC-1",0
"GAGGTGATCTGGGCCA-1",2
"GAGTCCGAGGACAGAA-1",1
"GAGTCCGAGGCATGTG-1",2
"GAGTCCGAGGCGTACA-1",2
"GAGTCCGCAAACCCAT-1",1
"GAGTCCGGTCAAGCGA-1",0
"GAGTCCGGTGACCAAG-1",2
"GAGTCCGGTGACTCAT-1",0
"GAGTCCGGTGTGACCC-1",0
"GAGTCCGGTTCGGGCT-1",0
"GAGTCCGGTTTGCATG-1",3
"GAGTCCGTCGGCGCAT-1",0
"GAGTCCGTCTGATTCT-1",1
"GATCAGTAGATGTCGG-1",0
"GATCAGTAGTGGTAGC-1",0
"GATCAGTGTATATGAG-1",1
"GATCAGTGTCTGCGGT-1",0
"GATCAGTGTTATGCGT-1",0
"GATCAGTGTTGTACAC-1",0
"GATCAGTTCCCGACTT-1",0
"GATCGATAGAATGTTG-1",2
"GATCGATAGAGCTGCA-1",5
"GATCGATAGCATGGCA-1",0
"GATCGATCAAGCGAGT-1",0
"GATCGATCAAGCGTAG-1",1
"GATCGATGTCAACATC-1",2
"GATCGATGTTGCCTCT-1",3
"GATCGATTCCGCATCT-1",3
"GATCGCGAGATAGTCA-1",0
"GATCGCGAGCCTTGAT-1",1
"GATCGCGAGGAGCGTT-1",0
"GATCGCGCAGGTCGTC-1",0
"GATCGCGGTACAGCAG-1",1
"GATCGCGGTGAGTATA-1",1
"GATCGCGGTTGTCGCG-1",4
"GATCGCGTCACTCCTG-1",3
"GATCGTAAGACATAAC-1",0
"GATCGTAAGCTCAACT-1",2
"GATCGTACATAACCTG-1",1
"GATCGTAGTGGCTCCA-1",0
"GATCGTATCATATCGG-1",0
"GATCGTATCATGTCCC-1",2
"GATCGTATCTTACCGC-1",6
"GATCTAGAGCGTCTAT-1",0
"GATCTAGAGTGGAGAA-1",0
"GATCTAGCAACACCTA-1",0
"GATCTAGCAAGGGTCA-1",2
"GATCTAGGTCTAAAGA-1",0
"GATCTAGGTCTCACCT-1",0
"GATCTAGGTCTCTTTA-1",1
"GATCTAGTCACATAGC-1",1
"GATCTAGTCTAAGCCA-1",0
"GATGAAAAGAGTAATC-1",0
"GATGAAAAGCTCCCAG-1",0
"GATGAAACACGGTAGA-1",0
"GATGAAACAGCTGTAT-1",2
"GATGAAAGTGGGTATG-1",1
"GATGAAATCACCCTCA-1",2
"GATGAAATCACTCCTG-1",2
"GATGAAATCAGCAACT-1",2
"GATGAAATCGAGAGCA-1",2
"GATGAGGAGATCCCGC-1",0
"GATGAGGAGTTCGATC-1",0
"GATGAGGCACCAGTTA-1",1
"GATGAGGGTATCACCA-1",1
"GATGAGGGTATTCGTG-1",4
"GATGAGGGTCGCGTGT-1",0
"GATGAGGGTGATGATA-1",0
"GATGAGGTCACAGGCC-1",1
"GATGAGGTCACATAGC-1",0
"GATGAGGTCCCTTGTG-1",0
"GATGAGGTCTGCTGTC-1",1
"GATGCTAAGACTAAGT-1",0
"GATGCTAAGGATGCGT-1",0
"GATGCTAAGGCTCTTA-1",1
"GATGCTAAGGGAACGG-1",2
"GATGCTAAGTATCTCG-1",2
"GATGCTAAGTCTCGGC-1",0
"GATGCTACATGTTGAC-1",2
"GATGCTACATTGCGGC-1",0
"GATGCTAGTCTCCATC-1",0
"GATGCTAGTGGAAAGA-1",1
"GATGCTAGTTAGGGTG-1",3
"GATGCTATCCTGTACC-1",2
"GATGCTATCGGCGCTA-1",0
"GATTCAGAGAAACCTA-1",1
"GATTCAGAGAGTGACC-1",2
"GATTCAGAGATTACCC-1",2
"GATTCAGAGGGTCGAT-1",3
"GATTCAGAGGTCGGAT-1",1
"GATTCAGAGTCAATAG-1",4
"GATTCAGCAAGTTGTC-1",0
"GATTCAGCAATTCCTT-1",3
"GATTCAGCAGGGTACA-1",0
"GATTCAGCATCGACGC-1",0
"GATTCAGCATTATCTC-1",1
"GATTCAGGTAAATACG-1",0
"GATTCAGTCAACTCTT-1",1
"GCAAACTAGATGTTAG-1",0
"GCAAACTAGTCATGCT-1",3
"GCAAACTAGTCTCAAC-1",2
"GCAAACTCACAGGTTT-1",0
"GCAAACTGTCAGATAA-1",0
"GCAAACTGTCTCCATC-1",1
"GCAAACTTCGTGGTCG-1",1
"GCAATCAAGGGATCTG-1",3
"GCAATCAAGTATCTCG-1",0
"GCAATCAAGTGGGTTG-1",2
"GCAATCACAGCTTAAC-1",0
"GCAATCACATGTCGAT-1",0
"GCAATCACATTCCTCG-1",4
"GCAATCAGTAGGAGTC-1",0
"GCAATCAGTATAATGG-1",1
"GCAATCAGTTCTCATT-1",1
"GCAATCAGTTCTGGTA-1",0
"GCACATAAGAGCTATA-1",0
"GCACATAAGATGTTAG-1",1
"GCACATAAGCCTTGAT-1",1
"GCACATAAGGAGTACC-1",2
"GCACATAAGTGAAGTT-1",1
"GCACATACACCACGTG-1",2
"GCACATACAGCTGTAT-1",0
"GCACATACAGGAACGT-1",0
"GCACATAGTCATCGGC-1",0
"GCACATAGTCCGAATT-1",1
"GCACATAGTCTCTTTA-1",1
"GCACATAGTGCGCTTG-1",1
"GCACATATCACCTCGT-1",0
"GCACATATCTGGTTCC-1",1
"GCACTCTCAAGACACG-1",1
"GCACTCTCAATCACAC-1",1
"GCACTCTCATTTCAGG-1",1
"GCACTCTGTAAACCTC-1",2
"GCACTCTGTACCAGTT-1",1
"GCACTCTGTAGAAAGG-1",1
"GCACTCTGTCGAACAG-1",0
"GCACTCTGTCTAGGTT-1",2
"GCACTCTTCAACTCTT-1",0
"GCACTCTTCCCTAATT-1",1
"GCACTCTTCTGCCCTA-1",1
"GCAGCCAAGCTGATAA-1",3
"GCAGCCACATGAGCGA-1",1
"GCAGCCAGTAATCGTC-1",2
"GCAGCCAGTGTCGCTG-1",4
"GCAGCCATCAGTTGAC-1",0
"GCAGCCATCCCAACGG-1",3
"GCAGCCATCCGTACAA-1",0
"GCAGTTAAGTCCATAC-1",1
"GCAGTTAAGTCCGTAT-1",0
"GCAGTTAAGTTAACGA-1",0
"GCAGTTAGTGGACGAT-1",0
"GCAGTTAGTTATTCTC-1",2
"GCAGTTATCGCGATCG-1",2
"GCATACAAGATCTGCT-1",2
"GCATACAAGCAACGGT-1",1
"GCATACACAACGCACC-1",1
"GCATACACAAGGACTG-1",0
"GCATACACAAGTCTGT-1",1
"GCATACACAGTCAGCC-1",1
"GCATACACATCCTAGA-1",1
"GCATACACATCGGAAG-1",0
"GCATACAGTCCGAACC-1",4
"GCATACAGTTCTGGTA-1",3
"GCATACATCCACGACG-1",0
"GCATGATAGAATGTTG-1",2
"GCATGATAGAGTAATC-1",4
"GCATGATAGCTGATAA-1",0
"GCATGATAGGACCACA-1",4
"GCATGATAGGCTAGCA-1",2
"GCATGATAGTCAAGCG-1",1
"GCATGATAGTGGAGAA-1",0
"GCATGATCACACCGAC-1",0
"GCATGATCACATTTCT-1",1
"GCATGATGTCCCTACT-1",0
"GCATGATGTTGCGCAC-1",1
"GCATGATTCGTGGACC-1",1
"GCATGCGAGCATGGCA-1",1
"GCATGCGAGTCCAGGA-1",3
"GCATGCGCACTGCCAG-1",0
"GCATGCGGTAAGGATT-1",0
"GCATGCGGTCCTCTTG-1",0
"GCATGCGGTGTGAAAT-1",0
"GCATGCGTCCGCGGTA-1",2
"GCATGTAAGAACTGTA-1",0
"GCATGTAAGACAGACC-1",1
"GCATGTAAGTACTTGC-1",0
"GCATGTAAGTGCAAGC-1",0
"GCATGTACAACACGCC-1",2
"GCATGTATCACGAAGG-1",0
"GCCAAATCAAACTGTC-1",0
"GCCAAATCAAGGGTCA-1",0
"GCCAAATCAAGTTCTG-1",1
"GCCAAATCAGCCACCA-1",0
"GCCAAATCATAACCTG-1",1
"GCCAAATGTATAAACG-1",0
"GCCAAATGTGTTTGGT-1",1
"GCCAAATGTTTCGCTC-1",0
"GCCAAATTCAGGTAAA-1",0
"GCCAAATTCCGAGCCA-1",1
"GCCAAATTCCGCGGTA-1",1
"GCCAAATTCGGCTACG-1",0
"GCCTCTAAGAGTACCG-1",0
"GCCTCTAAGCCATCGC-1",0
"GCCTCTAAGCCGCCTA-1",2
"GCCTCTAAGCGATAGC-1",0
"GCCTCTAAGCTGCAAG-1",2
"GCCTCTAAGCTTCGCG-1",0
"GCCTCTAAGTCACGCC-1",1
"GCCTCTACAAGACGTG-1",2
"GCCTCTACAGCTATTG-1",3
"GCCTCTAGTAAGGATT-1",1
"GCCTCTAGTGATGATA-1",0
"GCCTCTAGTTAAGGGC-1",1
"GCCTCTATCAGCGACC-1",2
"GCCTCTATCCGATATG-1",0
"GCCTCTATCGAATCCA-1",0
"GCCTCTATCGAGCCCA-1",5
"GCCTCTATCGCTGATA-1",0
"GCCTCTATCTTTAGGG-1",0
"GCGACCAAGAGGTTAT-1",4
"GCGACCACACTTACGA-1",2
"GCGACCAGTCAGGACA-1",0
"GCGACCAGTCTAGAGG-1",2
"GCGACCATCAACGGGA-1",3
"GCGACCATCCCGGATG-1",2
"GCGACCATCTACTCAT-1",0
"GCGAGAAAGGTTCCTA-1",0
"GCGAGAAAGTACGATA-1",2
"GCGAGAAAGTGTCTCA-1",1
"GCGAGAACAAGCCCAC-1",0
"GCGAGAACACTGAAGG-1",1
"GCGAGAAGTAGCGCTC-1",3
"GCGAGAAGTCCCTACT-1",3
"GCGAGAATCCTTTCGG-1",2
"GCGAGAATCGAGAGCA-1",4
"GCGAGAATCGCACTCT-1",1
"GCGCAACAGTCCTCCT-1",0
"GCGCAACAGTGTACGG-1",0
"GCGCAACCAAGTCTGT-1",1
"GCGCAACCAGCCACCA-1",3
"GCGCAACGTAGCGCTC-1",1
"GCGCAACGTCCCTTGT-1",0
"GCGCAACGTCCTAGCG-1",1
"GCGCAACGTCGACTAT-1",1
"GCGCAACGTCTAGAGG-1",0
"GCGCAACGTGCACGAA-1",0
"GCGCAACTCAATACCG-1",3
"GCGCAGTCACATCCAA-1",2
"GCGCAGTCATTACCTT-1",0
"GCGCAGTGTTAGGGTG-1",2
"GCGCAGTTCGATCCCT-1",0
"GCGCAGTTCGCGGATC-1",0
"GCGCCAAAGACATAAC-1",0
"GCGCCAAAGGACAGCT-1",0
"GCGCCAAAGGCCCTTG-1",0
"GCGCCAAAGGGCTTCC-1",0
"GCGCCAAAGGTACTCT-1",0
"GCGCCAACATAACCTG-1",0
"GCGCCAACATTGGGCC-1",3
"GCGCCAAGTACTTGAC-1",0
"GCGCCAAGTCGGCACT-1",0
"GCGCCAAGTGAAAGAG-1",0
"GCGCCAAGTTGTACAC-1",1
"GCGCCAATCCGTTGCT-1",1
"GCGCGATAGAAGGTTT-1",2
"GCGCGATAGCAGGTCA-1",0
"GCGCGATAGTGAATTG-1",1
"GCGCGATAGTTTGCGT-1",0
"GCGCGATCAGCTCGAC-1",2
"GCGCGATGTAAGTAGT-1",1
"GCGCGATGTATCACCA-1",0
"GCGCGATGTCACTTCC-1",2
"GCGCGATGTTACCAGT-1",0
"GCGCGATTCAGTTAGC-1",0
"GCGCGATTCGTTTAGG-1",2
"GCGGGTTAGAAACGAG-1",0
"GCGGGTTAGCTATGCT-1",0
"GCGGGTTAGTGTGAAT-1",3
"GCGGGTTCACGCGAAA-1",0
"GCGGGTTCAGGCAGTA-1",2
"GCGGGTTCAGTAACGG-1",0
"GCGGGTTGTGAGTATA-1",0
"GCGGGTTGTGGCGAAT-1",2
"GCGGGTTTCCAAAGTC-1",2
"GCGGGTTTCCTTTCTC-1",0
"GCGGGTTTCTCCAACC-1",2
"GCGGGTTTCTTGAGGT-1",1
"GCGGGTTTCTTGTATC-1",3
"GCTCCTACAAACTGTC-1",0
"GCTCCTACACCAGGTC-1",0
"GCTCCTACACCGATAT-1",1
"GCTCCTACAGGGTACA-1",0
"GCTCCTACATTAGCCA-1",3
"GCTCCTAGTCAGGACA-1",0
"GCTCCTAGTCCGTCAG-1",3
"GCTCCTATCAGCCTAA-1",0
"GCTCCTATCCCTAATT-1",1
"GCTCTGTAGAGGTAGA-1",0
"GCTCTGTAGCTGAACG-1",2
"GCTCTGTAGGAGTCTG-1",2
"GCTCTGTAGTGCTGCC-1",1
"GCTCTGTAGTGGACGT-1",2
"GCTCTGTTCACCTCGT-1",4
"GCTGCAGAGCGTGAGT-1",0
"GCTGCAGAGTCAAGCG-1",0
"GCTGCAGAGTCCCACG-1",1
"GCTGCAGCAATTGCTG-1",1
"GCTGCAGCATGCCCGA-1",0
"GCTGCAGCATGCCTAA-1",1
"GCTGCAGGTAAACCTC-1",1
"GCTGCAGGTACGAAAT-1",0
"GCTGCAGGTAGCGCAA-1",2
"GCTGCAGGTCACCCAG-1",1
"GCTGCAGGTCATGCCG-1",2
"GCTGCGAAGGAATGGA-1",4
"GCTGCGAGTCTAACGT-1",0
"GCTGCGAGTGTTTGGT-1",1
"GCTGCGATCTCCTATA-1",1
"GCTGCGATCTTGTTTG-1",1
"GCTGCTTAGAATTGTG-1",2
"GCTGCTTAGGCAATTA-1",1
"GCTGCTTCATCACGTA-1",2
"GCTGCTTCATCCAACA-1",1
"GCTGCTTCATGCCTAA-1",4
"GCTGCTTCATGGTCAT-1",0
"GCTGCTTGTAACGACG-1",0
"GCTGCTTGTAATCGTC-1",1
"GCTGCTTGTAGGGACT-1",0
"GCTGCTTGTGAAAGAG-1",1
"GCTGCTTTCCGGGTGT-1",4
"GCTGGGTAGACCCACC-1",0
"GCTGGGTAGCCACGCT-1",0
"GCTGGGTAGTCGCCGT-1",1
"GCTGGGTAGTCTCAAC-1",2
"GCTGGGTCACGGCTAC-1",0
"GCTGGGTCAGCCAATT-1",1
"GCTGGGTGTACAGTTC-1",2
"GCTGGGTGTACCGTTA-1",0
"GCTGGGTGTCGAGTTT-1",1
"GCTGGGTGTCTCCACT-1",2
"GCTGGGTGTGCCTGTG-1",2
"GCTGGGTTCAGCTTAG-1",2
"GCTGGGTTCCTTAATC-1",0
"GCTTCCAAGAAACCTA-1",0
"GCTTCCACACCACCAG-1",2
"GCTTCCACAGGTCGTC-1",2
"GCTTCCACAGTGAGTG-1",0
"GCTTCCAGTATAGGTA-1",1
"GCTTCCAGTTCAGCGC-1",1
"GCTTCCATCGTCCAGG-1",0
"GCTTGAAAGATGGCGT-1",1
"GCTTGAAAGCCGTCGT-1",5
"GCTTGAACAAACCTAC-1",0
"GCTTGAACACGGTGTC-1",1
"GCTTGAACATCGGAAG-1",1
"GCTTGAAGTGCGGTAA-1",1
"GCTTGAAGTTCTCATT-1",1
"GCTTGAATCAGGATCT-1",0
"GGAAAGCAGGCAGGTT-1",0
"GGAAAGCCAAACGCGA-1",3
"GGAAAGCCAAGTACCT-1",0
"GGAAAGCGTAAGCACG-1",2
"GGAAAGCGTCCTCCAT-1",0
"GGAAAGCGTCGCGTGT-1",3
"GGAAAGCGTGCTTCTC-1",2
"GGAAAGCTCCAGAGGA-1",3
"GGAACTTAGAGTAAGG-1",0
"GGAACTTCAATGTAAG-1",1
"GGAACTTCACAGGAGT-1",0
"GGAACTTCACCTCGTT-1",1
"GGAACTTGTCTCTTTA-1",3
"GGAACTTTCATTGCCC-1",4
"GGAACTTTCATTTGGG-1",3
"GGAACTTTCCGTCATC-1",3
"GGAACTTTCCTCAACC-1",0
"GGAACTTTCGGATGTT-1",1
"GGAATAAAGGTACTCT-1",1
"GGAATAAAGTGTCCAT-1",0
"GGAATAACAGCGTCCA-1",3
"GGAATAAGTCTGGTCG-1",0
"GGAATAAGTGCAGGTA-1",0
"GGAATAATCAGCACAT-1",2
"GGAATAATCTTTACGT-1",0
"GGACAAGAGGTACTCT-1",0
"GGACAAGCAACGATGG-1",1
"GGACAAGCAGTCGTGC-1",0
"GGACAAGCATGGGACA-1",2
"GGACAAGGTATAAACG-1",1
"GGACAAGGTATGAAAC-1",0
"GGACAAGGTCGGCATC-1",1
"GGACAAGGTTATGCGT-1",3
"GGACAAGTCTAACGGT-1",1
"GGACAGAAGCTAGTCT-1",2
"GGACAGAAGTACTTGC-1",2
"GGACAGACAACACGCC-1",0
"GGACAGACACAAGCCC-1",1
"GGACAGAGTAAGTGGC-1",0
"GGACAGAGTCTTTCAT-1",1
"GGACAGAGTGAGGGAG-1",0
"GGACAGAGTTCCACAA-1",2
"GGACAGATCAACGCTA-1",1
"GGACATTAGAGGGCTT-1",1
"GGACATTAGCCACGTC-1",2
"GGACATTCAAACGCGA-1",0
"GGACATTCAATGACCT-1",2
"GGACATTCACCAGCAC-1",0
"GGACATTGTTCTGGTA-1",2
"GGACATTTCCTCTAGC-1",0
"GGACGTCAGTACTTGC-1",0
"GGACGTCAGTGGTAAT-1",1
"GGACGTCCACAGTCGC-1",0
"GGACGTCGTGAGGGAG-1",4
"GGACGTCGTGGCGAAT-1",1
"GGACGTCGTTACGGAG-1",0
"GGACGTCGTTTAAGCC-1",1
"GGACGTCTCCACTCCA-1",3
"GGACGTCTCGCAAACT-1",0
"GGACGTCTCTCCAGGG-1",0
"GGACGTCTCTCGAGTA-1",0
"GGACGTCTCTGGTGTA-1",0
"GGACGTCTCTTCGAGA-1",2
"GGAGCAAAGAACTCGG-1",0
"GGAGCAAAGACTGTAA-1",1
"GGAGCAAAGCCGCCTA-1",2
"GGAGCAAAGCTAAACA-1",0
"GGAGCAAAGTACGCCC-1",2
"GGAGCAACAAGCTGTT-1",3
"GGAGCAACAATGGACG-1",0
"GGAGCAACAATTCCTT-1",2
"GGAGCAACATGCTGGC-1",3
"GGAGCAAGTGAGTATA-1",2
"GGAGCAAGTTACTGAC-1",3
"GGAGCAATCAAGATCC-1",0
"GGAGCAATCCCATTTA-1",1
"GGATGTTCAAACTGTC-1",0
"GGATGTTTCATCACCC-1",4
"GGATGTTTCATGCATG-1",2
"GGATGTTTCCTACAGA-1",2
"GGATGTTTCCTCTAGC-1",0
"GGATTACAGATCCCAT-1",2
"GGATTACAGCTTCGCG-1",0
"GGATTACAGGCTAGCA-1",1
"GGATTACAGTATCTCG-1",1
"GGATTACCAAGCGTAG-1",2
"GGATTACCACATCCGG-1",3
"GGATTACCAGCGTAAG-1",1
"GGATTACGTAATAGCA-1",1
"GGATTACGTACACCGC-1",4
"GGATTACGTCTCTTTA-1",0
"GGATTACGTTGAGGTG-1",1
"GGATTACTCGCGCCAA-1",0
"GGATTACTCGGCGCAT-1",1
"GGATTACTCTGCCCTA-1",1
"GGCAATTCAATCGGTT-1",4
"GGCAATTCACGGCGTT-1",3
"GGCAATTCATCACCCT-1",2
"GGCAATTGTCGATTGT-1",1
"GGCAATTTCACTTACT-1",2
"GGCAATTTCAGCACAT-1",2
"GGCAATTTCTCCGGTT-1",1
"GGCCGATAGTGTCTCA-1",2
"GGCCGATCACGGACAA-1",1
"GGCCGATGTAGGACAC-1",5
"GGCCGATGTCACTGGC-1",6
"GGCCGATGTCCCTACT-1",3
"GGCCGATTCACCGTAA-1",0
"GGCCGATTCCGCGCAA-1",6
"GGCGACTAGAGCTGGT-1",0
"GGCGACTAGGACCACA-1",2
"GGCGACTAGGTTACCT-1",1
"GGCGACTCAAAGCGGT-1",0
"GGCGACTCAAGAGTCG-1",1
"GGCGACTCACCAGGTC-1",1
"GGCGACTCATTGTGCA-1",0
"GGCGACTTCAGAAATG-1",0
"GGCGACTTCAGAGACG-1",0
"GGCGACTTCCAGATCA-1",1
"GGCGACTTCTCTAGGA-1",0
"GGCGTGTAGCTAGCCC-1",1
"GGCGTGTAGGGTATCG-1",0
"GGCGTGTCAGGTCCAC-1",1
"GGCGTGTCAGTATAAG-1",1
"GGCGTGTCATCGTCGG-1",0
"GGCGTGTCATGGAATA-1",2
"GGCGTGTGTCTCCCTA-1",2
"GGCGTGTTCTTGAGGT-1",0
"GGCTCGAAGCCGTCGT-1",0
"GGCTCGAAGGTAAACT-1",0
"GGCTCGACAAGAAGAG-1",2
"GGCTCGACAATAGCAA-1",0
"GGCTCGACATGGTCAT-1",1
"GGCTCGAGTATATCCG-1",0
"GGCTCGAGTTACGTCA-1",0
"GGCTCGAGTTAGGGTG-1",0
"GGCTCGATCTGCAAGT-1",0
"GGCTGGTAGAAGAAGC-1",0
"GGCTGGTAGACCCACC-1",2
"GGCTGGTCAAGGACAC-1",4
"GGCTGGTCACTGCCAG-1",0
"GGCTGGTCATTTCAGG-1",0
"GGCTGGTGTATTCTCT-1",1
"GGCTGGTGTCGCATCG-1",0
"GGCTGGTGTCTAGTGT-1",6
"GGCTGGTGTTATGCGT-1",2
"GGGAATGAGCGTTGCC-1",3
"GGGAATGAGTAGGTGC-1",2
"GGGAATGGTAAGGGAA-1",2
"GGGAATGTCAACGAAA-1",1
"GGGAATGTCCAGTATG-1",2
"GGGAATGTCCGGGTGT-1",2
"GGGACCTAGATGTAAC-1",1
"GGGACCTAGTCTTGCA-1",4
"GGGACCTCAATCAGAA-1",0
"GGGACCTCACTGAAGG-1",1
"GGGAGATAGTACGACG-1",1
"GGGAGATCAAAGTGCG-1",0
"GGGAGATCAAATCCGT-1",3
"GGGAGATCAAGGACTG-1",3
"GGGAGATCACGCGAAA-1",3
"GGGAGATGTAGCGCAA-1",1
"GGGAGATTCAACGGGA-1",0
"GGGAGATTCATCACCC-1",1
"GGGATGAAGTGACATA-1",2
"GGGATGACATCATCCC-1",2
"GGGATGAGTCACCCAG-1",0
"GGGATGAGTGGAAAGA-1",3
"GGGATGAGTTACGACT-1",1
"GGGATGAGTTGGTAAA-1",1
"GGGATGATCAGTTAGC-1",0
"GGGATGATCTATCCTA-1",1
"GGGATGATCTTTAGGG-1",2
"GGGCACTAGTCTCGGC-1",0
"GGGCACTCATCTCCCA-1",1
"GGGCACTTCACCTCGT-1",0
"GGGCACTTCTGAGGGA-1",0
"GGGCATCCAATGTAAG-1",3
"GGGCATCCAGTCTTCC-1",2
"GGGCATCGTGGCGAAT-1",0
"GGGCATCTCACAGTAC-1",2
"GGGCATCTCCCTTGTG-1",0
"GGGCATCTCCGGCACA-1",4
"GGGCATCTCTGTCCGT-1",1
"GGGCATCTCTTATCTG-1",3
"GGGTCTGAGAAGATTC-1",1
"GGGTCTGAGATCCCGC-1",2
"GGGTCTGAGCCAACAG-1",0
"GGGTCTGCACAGGCCT-1",0
"GGGTCTGCACCAGGTC-1",1
"GGGTCTGGTCTGGTCG-1",0
"GGGTCTGGTGATGATA-1",0
"GGGTCTGGTGTGACCC-1",2
"GGGTCTGTCAACTCTT-1",2
"GGGTCTGTCACTCCTG-1",0
"GGGTCTGTCCGTAGTA-1",0
"GGGTTGCAGACAGAGA-1",0
"GGGTTGCAGACCTTTG-1",2
"GGGTTGCAGATCGATA-1",2
"GGGTTGCAGGGTGTTG-1",0
"GGGTTGCAGGTGGGTT-1",1
"GGGTTGCCAATAACGA-1",0
"GGGTTGCCACGCCAGT-1",1
"GGGTTGCCATTAACCG-1",1
"GGGTTGCGTACATCCA-1",1
"GGGTTGCGTAGCGCAA-1",1
"GGGTTGCGTCCTCCAT-1",0
"GGGTTGCGTCGAGTTT-1",3
"GGGTTGCGTGAGTATA-1",0
"GGGTTGCGTGTGACCC-1",0
"GGGTTGCTCGTACCGG-1",3
"GGTATTGAGCACCGTC-1",1
"GGTATTGAGCTATGCT-1",1
"GGTATTGCACATCCAA-1",3
"GGTATTGCAGCTTCGG-1",0
"GGTATTGGTTCCGTCT-1",1
"GGTATTGTCAGAAATG-1",2
"GGTATTGTCCATTCTA-1",0
"GGTATTGTCGCCAGCA-1",0
"GGTGAAGAGACACGAC-1",0
"GGTGAAGAGATCCGAG-1",1
"GGTGAAGCAAGGTGTG-1",1
"GGTGAAGCACTCGACG-1",1
"GGTGAAGCAGTATGCT-1",0
"GGTGAAGGTATGAAAC-1",0
"GGTGAAGGTCAGAATA-1",5
"GGTGAAGGTGGTACAG-1",3
"GGTGAAGGTGTATGGG-1",6
"GGTGAAGGTGTCTGAT-1",1
"GGTGAAGGTGTGGTTT-1",1
"GGTGAAGGTGTGTGCC-1",1
"GGTGAAGTCACGATGT-1",3
"GGTGAAGTCACTCTTA-1",1
"GGTGAAGTCTGGCGTG-1",2
"GGTGCGTAGGTGATTA-1",0
"GGTGCGTAGTACGATA-1",1
"GGTGCGTCACTTAAGC-1",2
"GGTGCGTCAGCTGTAT-1",1
"GGTGCGTGTTCGTTGA-1",0
"GGTGCGTTCCGTACAA-1",4
"GGTGCGTTCTTGACGA-1",3
"GGTGTTAAGGGCTCTC-1",4
"GGTGTTAAGTAGCGGT-1",0
"GGTGTTAAGTGGGATC-1",0
"GGTGTTAAGTTATCGC-1",0
"GGTGTTACAAATCCGT-1",1
"GGTGTTACACGGATAG-1",0
"GGTGTTAGTAATCACC-1",3
"GGTGTTAGTAGCAAAT-1",2
"GGTGTTAGTGTATGGG-1",0
"GGTGTTAGTTGAACTC-1",1
"GGTGTTATCGGACAAG-1",0
"GGTGTTATCGGTGTTA-1",2
"GGTGTTATCTACTTAC-1",2
"GTAACGTAGGTGACCA-1",0
"GTAACGTCACAGGCCT-1",0
"GTAACGTGTACCATCA-1",2
"GTAACGTGTGAGTATA-1",2
"GTAACGTGTTACGGAG-1",0
"GTAACGTGTTAGGGTG-1",1
"GTAACGTTCGGTCCGA-1",1
"GTAACGTTCTCATTCA-1",11
"GTAACTGAGTGGGTTG-1",2
"GTAACTGCAATGGAAT-1",0
"GTAACTGCACAGGCCT-1",3
"GTAACTGCAGGATCGA-1",0
"GTAACTGCATCGGGTC-1",0
"GTAACTGGTATTACCG-1",0
"GTAACTGTCACGGTTA-1",0
"GTAACTGTCTACTATC-1",1
"GTACGTAAGGTGCTTT-1",3
"GTACGTACAGGAATGC-1",0
"GTACGTACATGGATGG-1",0
"GTACGTAGTGAGTGAC-1",3
"GTACGTAGTTGGTAAA-1",0
"GTACGTATCACCTCGT-1",1
"GTACGTATCATCGGAT-1",0
"GTACGTATCCACTGGG-1",1
"GTACTCCAGGCAGTCA-1",4
"GTACTCCCAATAGCGG-1",3
"GTACTCCCACAGGTTT-1",2
"GTACTCCTCACCTTAT-1",2
"GTACTCCTCATTGCCC-1",0
"GTACTCCTCCTTCAAT-1",0
"GTACTTTCAGTTAACC-1",5
"GTACTTTCATGTCGAT-1",2
"GTACTTTTCCGAAGAG-1",0
"GTAGGCCAGCAATCTC-1",0
"GTAGGCCCATTCGACA-1",0
"GTAGGCCGTAACGCGA-1",0
"GTAGGCCGTAAGGGCT-1",1
"GTAGGCCGTACGACCC-1",1
"GTAGGCCGTTCAGGCC-1",5
"GTAGGCCGTTGATTGC-1",1
"GTAGGCCTCAGCACAT-1",1
"GTAGTCAAGAATGTGT-1",0
"GTAGTCAAGATGCCTT-1",3
"GTAGTCAAGGACGAAA-1",0
"GTAGTCAAGTGAAGAG-1",1
"GTAGTCATCGTCACGG-1",0
"GTAGTCATCTGAAAGA-1",1
"GTATCTTAGAAACCAT-1",4
"GTATCTTAGGCTATCT-1",3
"GTATCTTAGTTGTCGT-1",1
"GTATCTTCACACCGCA-1",0
"GTATCTTCACGAAGCA-1",3
"GTATCTTGTTCGCTAA-1",2
"GTATCTTTCATGCTCC-1",1
"GTATCTTTCATGTAGC-1",0
"GTATTCTAGAAACCAT-1",0
"GTATTCTAGACAAAGG-1",0
"GTATTCTCAAAGTCAA-1",0
"GTATTCTCAACAACCT-1",1
"GTATTCTCAACTTGAC-1",0
"GTATTCTCAATAAGCA-1",2
"GTATTCTCAGGGTTAG-1",2
"GTATTCTCATACTACG-1",3
"GTATTCTCATGGTAGG-1",0
"GTATTCTGTAGTGAAT-1",0
"GTATTCTGTCTAGAGG-1",3
"GTCAAGTCATATGCTG-1",0
"GTCAAGTCATGGTTGT-1",1
"GTCAAGTGTCAGCTAT-1",0
"GTCAAGTGTTCCACTC-1",1
"GTCACAAAGCCGATTT-1",1
"GTCACAAAGTGGAGTC-1",3
"GTCACAACAGGTGGAT-1",0
"GTCACAAGTAAACGCG-1",1
"GTCACAATCAGGATCT-1",0
"GTCACAATCAGTTGAC-1",0
"GTCACAATCATGCATG-1",2
"GTCACGGAGATCACGG-1",0
"GTCACGGCATATACCG-1",3
"GTCACGGGTGAGTGAC-1",1
"GTCACGGGTGTGGCTC-1",0
"GTCACGGTCGAGAGCA-1",2
"GTCACGGTCTACCTGC-1",0
"GTCATTTAGAGACTAT-1",4
"GTCATTTCACGTGAGA-1",0
"GTCATTTGTAGAAGGA-1",0
"GTCATTTGTCAGATAA-1",1
"GTCATTTTCCAGAGGA-1",1
"GTCCTCAAGCCCAACC-1",1
"GTCCTCAAGTAGATGT-1",0
"GTCCTCAAGTGGGCTA-1",1
"GTCCTCACAATCACAC-1",5
"GTCCTCAGTGGAAAGA-1",0
"GTCCTCATCAAAGACA-1",0
"GTCCTCATCGTCCGTT-1",4
"GTCGGGTCACTGAAGG-1",0
"GTCGGGTCACTTCGAA-1",1
"GTCGGGTCATGAAGTA-1",0
"GTCGGGTGTCTCACCT-1",2
"GTCGGGTGTGTGACGA-1",0
"GTCGGGTGTGTGTGCC-1",2
"GTCGGGTGTTACGTCA-1",0
"GTCGGGTTCTGCTGTC-1",1
"GTCGGGTTCTGTGCAA-1",0
"GTCGTAAAGAGATGAG-1",4
"GTCGTAAAGCTGCAAG-1",1
"GTCGTAAAGGCGACAT-1",0
"GTCGTAACATCACGAT-1",0
"GTCGTAAGTATCACCA-1",3
"GTCGTAATCCAAGTAC-1",1
"GTCTCGTAGACCACGA-1",1
"GTCTCGTCAGGAACGT-1",1
"GTCTCGTGTGGTAACG-1",0
"GTCTCGTGTTTGGCGC-1",0
"GTCTCGTTCACCGGGT-1",3
"GTCTCGTTCAGTGCAT-1",0
"GTCTTCGAGACAAGCC-1",0
"GTCTTCGAGGAATGGA-1",0
"GTCTTCGAGTCAAGCG-1",0
"GTCTTCGCACATGGGA-1",1
"GTCTTCGCACCAGGTC-1",2
"GTCTTCGCAGACGCAA-1",1
"GTCTTCGCATAACCTG-1",0
"GTCTTCGCATCGATGT-1",1
"GTCTTCGGTCTAGTGT-1",2
"GTCTTCGTCTCGATGA-1",1
"GTGAAGGAGAGCTGGT-1",0
"GTGAAGGAGATCGGGT-1",0
"GTGAAGGAGCCAGTTT-1",3
"GTGAAGGAGTGTTGAA-1",0
"GTGAAGGCAAAGGCGT-1",0
"GTGAAGGCACTTAAGC-1",0
"GTGAAGGCAGATTGCT-1",0
"GTGAAGGGTATATGGA-1",0
"GTGAAGGGTCTCTCTG-1",2
"GTGAAGGTCTCCTATA-1",0
"GTGCAGCAGACATAAC-1",1
"GTGCAGCAGTGGTCCC-1",2
"GTGCAGCCACATCTTT-1",1
"GTGCAGCGTGAGTATA-1",2
"GTGCAGCTCTTAGAGC-1",1
"GTGCATAAGGCATGGT-1",3
"GTGCATAGTTTGTTGG-1",0
"GTGCATATCAGAGCTT-1",1
"GTGCATATCATCATTC-1",1
"GTGCATATCTGCGTAA-1",3
"GTGCGGTAGCAATCTC-1",0
"GTGCGGTAGGACAGAA-1",0
"GTGCGGTCAAAGGTGC-1",1
"GTGCGGTGTTCAGACT-1",3
"GTGCGGTGTTCTGTTT-1",3
"GTGCGGTTCATCTGCC-1",0
"GTGCGGTTCCAGGGCT-1",3
"GTGCGGTTCGGATGGA-1",0
"GTGCGGTTCTCGTTTA-1",1
"GTGCGGTTCTGCTGTC-1",1
"GTGCTTCAGCCAGTTT-1",2
"GTGCTTCAGGATTCGG-1",3
"GTGCTTCAGTACACCT-1",0
"GTGCTTCCACTTAACG-1",2
"GTGCTTCCAGCTATTG-1",6
"GTGCTTCGTAGAGTGC-1",0
"GTGCTTCTCACAATGC-1",1
"GTGCTTCTCACTTCAT-1",2
"GTGGGTCAGACCGGAT-1",0
"GTGGGTCAGACTGTAA-1",2
"GTGGGTCAGCCGTCGT-1",1
"GTGGGTCCACCAACCG-1",0
"GTGGGTCCACCACCAG-1",0
"GTGTGCGAGACCGGAT-1",0
"GTGTGCGAGACTTGAA-1",2
"GTGTGCGCAGGTCGTC-1",0
"GTGTGCGGTGAGCGAT-1",1
"GTGTGCGTCAGTCAGT-1",1
"GTGTGCGTCCCTTGTG-1",2
"GTGTGCGTCTAACTTC-1",1
"GTGTTAGAGCACGCCT-1",0
"GTGTTAGAGGACAGAA-1",0
"GTGTTAGAGGCATGGT-1",0
"GTGTTAGAGTGGAGAA-1",0
"GTGTTAGAGTTTGCGT-1",3
"GTGTTAGCAATGGAAT-1",0
"GTGTTAGCACCACCAG-1",0
"GTGTTAGGTGCCTGGT-1",2
"GTGTTAGGTGGAAAGA-1",1
"GTGTTAGGTTCCATGA-1",0
"GTGTTAGGTTGGGACA-1",3
"GTTAAGCAGAGCTGCA-1",1
"GTTAAGCAGATAGCAT-1",1
"GTTAAGCAGCTAACAA-1",0
"GTTAAGCAGGCTACGA-1",1
"GTTAAGCAGTGTACCT-1",2
"GTTAAGCAGTTTGCGT-1",2
"GTTAAGCCATTCACTT-1",0
"GTTAAGCGTACTCGCG-1",3
"GTTAAGCGTCTAGGTT-1",0
"GTTAAGCGTGGCAAAC-1",4
"GTTAAGCGTTGCTCCT-1",0
"GTTAAGCTCCTTTCGG-1",1
"GTTACAGAGAGCTATA-1",5
"GTTACAGAGTACGATA-1",2
"GTTACAGCAGACGCCT-1",1
"GTTACAGCATCGGTTA-1",2
"GTTACAGGTATGGTTC-1",0
"GTTACAGGTCGACTGC-1",3
"GTTACAGGTCTAGGTT-1",0
"GTTCATTAGCGATGAC-1",3
"GTTCATTCATATACGC-1",1
"GTTCATTCATTGGCGC-1",1
"GTTCATTGTGCACGAA-1",1
"GTTCATTGTGTTAAGA-1",0
"GTTCATTGTTCAGTAC-1",2
"GTTCGGGAGACGACGT-1",0
"GTTCGGGAGCTAAGAT-1",1
"GTTCGGGAGTGTCTCA-1",3
"GTTCGGGGTAGGGTAC-1",1
"GTTCGGGGTGCAGGTA-1",5
"GTTCGGGTCCACGCAG-1",2
"GTTCGGGTCTACTTAC-1",0
"GTTCTCGAGACCACGA-1",3
"GTTCTCGAGCGATGAC-1",0
"GTTCTCGAGGCCATAG-1",2
"GTTCTCGCATCGGACC-1",1
"GTTCTCGGTAAGGGAA-1",3
"GTTCTCGGTAGCGTAG-1",0
"GTTCTCGGTCCGTGAC-1",1
"GTTCTCGGTGTTAAGA-1",0
"GTTCTCGTCAACGCTA-1",4
"GTTCTCGTCCTGTACC-1",0
"GTTTCTACAAACCTAC-1",0
"GTTTCTACAAGAAAGG-1",2
"GTTTCTAGTGTTGGGA-1",2
"GTTTCTATCCCAACGG-1",0
"GTTTCTATCCGTAGTA-1",1
"GTTTCTATCGGCATCG-1",1
"TAAACCGGTACTTAGC-1",1
"TAAACCGTCACTCTTA-1",0
"TAAACCGTCAGGCGAA-1",0
"TAAACCGTCCGTTGTC-1",1
"TAAACCGTCTTCCTTC-1",0
"TAAGAGACAAGTTGTC-1",2
"TAAGAGAGTATATCCG-1",2
"TAAGAGATCAATCACG-1",0
"TAAGAGATCTAACGGT-1",2
"TAAGAGATCTTTCCTC-1",2
"TAAGCGTAGTGGACGT-1",0
"TAAGCGTAGTGTCTCA-1",2
"TAAGCGTCAGCTTCGG-1",3
"TAAGCGTCAGGTGGAT-1",2
"TAAGCGTGTCCTGCTT-1",0
"TAAGCGTGTGCCTGGT-1",2
"TAAGCGTGTTGTTTGG-1",3
"TAAGCGTTCCTCATTA-1",3
"TAAGCGTTCGGCGCAT-1",5
"TAAGCGTTCTCGCATC-1",1
"TAAGTGCAGGCTAGGT-1",0
"TAAGTGCAGTAGCGGT-1",0
"TAAGTGCCAACGCACC-1",1
"TAAGTGCCATACAGCT-1",0
"TAAGTGCGTAAACACA-1",0
"TAAGTGCGTCTCACCT-1",0
"TAAGTGCGTTCAGACT-1",2
"TAAGTGCTCACCCTCA-1",2
"TAAGTGCTCACTGGGC-1",0
"TAAGTGCTCTGGCGTG-1",2
"TACACGACACCCATTC-1",0
"TACACGAGTGATAAAC-1",0
"TACACGATCTGTCTCG-1",1
"TACAGTGAGATGCGAC-1",1
"TACAGTGAGCGTTGCC-1",0
"TACAGTGAGTGTACGG-1",0
"TACAGTGCAGGAATCG-1",3
"TACAGTGCAGGTGCCT-1",1
"TACAGTGGTACTCAAC-1",4
"TACAGTGGTTGGACCC-1",1
"TACCTATAGAGCTGGT-1",0
"TACCTATAGAGTTGGC-1",1
"TACCTATAGGCTCATT-1",1
"TACCTATAGTTAGCGG-1",2
"TACCTATCAAGCTGGA-1",2
"TACCTATGTAAATGAC-1",1
"TACCTATGTAGAGTGC-1",0
"TACCTATGTCACCTAA-1",0
"TACCTATGTGTTGAGG-1",1
"TACCTATGTTAAAGAC-1",0
"TACCTATTCTATGTGG-1",0
"TACCTATTCTTCCTTC-1",1
"TACCTTAAGAGGTTGC-1",0
"TACCTTAAGTCAAGCG-1",0
"TACCTTAAGTGGTCCC-1",0
"TACCTTACAACTGGCC-1",2
"TACCTTACAAGGGTCA-1",2
"TACCTTACACTCAGGC-1",0
"TACCTTACATCTACGA-1",1
"TACCTTAGTAGCGTCC-1",0
"TACCTTAGTCTCCACT-1",0
"TACGGATAGATGGCGT-1",4
"TACGGATAGGTACTCT-1",0
"TACGGATCAGGGATTG-1",1
"TACGGATCATCACCCT-1",3
"TACGGATGTCTAGCCG-1",0
"TACGGATTCGGTGTCG-1",1
"TACGGATTCTACTATC-1",4
"TACGGGCAGGATGCGT-1",0
"TACGGGCAGGGAACGG-1",0
"TACGGGCAGTATTGGA-1",1
"TACGGGCAGTCAAGCG-1",0
"TACGGGCCAAGAAGAG-1",0
"TACGGGCCACCAGATT-1",0
"TACGGGCCATCAGTAC-1",0
"TACGGGCGTAAGGGCT-1",1
"TACGGGCGTCTGATTG-1",2
"TACGGGCGTGATGTGG-1",0
"TACGGGCTCACCTTAT-1",0
"TACGGGCTCAGCTCTC-1",0
"TACGGGCTCCACGAAT-1",1
"TACGGGCTCCTATTCA-1",2
"TACGGGCTCGGTGTTA-1",4
"TACGGTAAGATATGGT-1",1
"TACGGTAAGCCGATTT-1",0
"TACGGTAAGTCATGCT-1",0
"TACGGTAAGTGCCATT-1",0
"TACGGTACACAGGCCT-1",1
"TACGGTACATTTCAGG-1",0
"TACGGTAGTATATCCG-1",3
"TACGGTAGTCACTTCC-1",1
"TACGGTAGTGCAGGTA-1",0
"TACGGTAGTGGGTATG-1",0
"TACGGTATCGCAGGCT-1",4
"TACGGTATCGGACAAG-1",1
"TACGGTATCGTTTATC-1",0
"TACTCATAGTCACGCC-1",0
"TACTCATCAATCTACG-1",1
"TACTCATCACGGTAGA-1",1
"TACTCATCACTTCTGC-1",0
"TACTCATCATCCGTGG-1",0
"TACTCATCATGTCGAT-1",0
"TACTCATGTACAGCAG-1",2
"TACTCATGTCTTCAAG-1",0
"TACTCATTCCTTTCTC-1",0
"TACTCGCAGGCGACAT-1",3
"TACTCGCGTCAGAAGC-1",2
"TACTCGCGTCTGATTG-1",0
"TACTCGCGTGTAACGG-1",1
"TACTCGCGTTGAGTTC-1",0
"TACTCGCTCAACGGGA-1",1
"TACTCGCTCCGAATGT-1",1
"TACTTACAGACTAGGC-1",2
"TACTTACAGCTGAACG-1",1
"TACTTACAGTACACCT-1",2
"TACTTACAGTACGCCC-1",1
"TACTTACAGTGATCGG-1",2
"TACTTACCAAGCCGTC-1",4
"TACTTACCACAGGTTT-1",0
"TACTTACTCGCGTTTC-1",0
"TACTTGTAGCGATATA-1",1
"TACTTGTAGTAATCCC-1",2
"TACTTGTCAAACAACA-1",0
"TACTTGTCATGCAACT-1",1
"TACTTGTGTAGCACGA-1",1
"TACTTGTGTATAAACG-1",1
"TACTTGTGTTCCACAA-1",0
"TACTTGTTCTGCAGTA-1",1
"TAGACCAAGAGACGAA-1",0
"TAGACCAAGCCTCGTG-1",0
"TAGACCAAGTCGATAA-1",1
"TAGACCACAACACCCG-1",0
"TAGACCAGTAGATTAG-1",2
"TAGACCAGTTCATGGT-1",1
"TAGACCATCACTTCAT-1",0
"TAGACCATCGTCACGG-1",1
"TAGACCATCTCCAGGG-1",2
"TAGAGCTAGAATTCCC-1",1
"TAGAGCTAGTATTGGA-1",0
"TAGAGCTCACTGAAGG-1",2
"TAGAGCTGTACTTGAC-1",1
"TAGAGCTGTAGGGACT-1",0
"TAGAGCTGTCTAAAGA-1",5
"TAGCCGGAGACTGGGT-1",1
"TAGCCGGAGTCCCACG-1",0
"TAGCCGGAGTGACATA-1",2
"TAGCCGGCAGCAGTTT-1",0
"TAGCCGGGTACAGTGG-1",2
"TAGCCGGGTACCATCA-1",0
"TAGCCGGGTCGCGAAA-1",1
"TAGCCGGTCACGACTA-1",3
"TAGCCGGTCCAGGGCT-1",0
"TAGGCATAGAACTGTA-1",1
"TAGGCATAGCTAGGCA-1",2
"TAGGCATAGTCGTACT-1",2
"TAGGCATAGTTTAGGA-1",1
"TAGGCATCAAGCCTAT-1",0
"TAGGCATCAGACGCAA-1",0
"TAGGCATGTACGAAAT-1",0
"TAGGCATGTCCAGTTA-1",1
"TAGGCATGTTCCACTC-1",0
"TAGGCATTCCCTAACC-1",0
"TAGGCATTCGCTAGCG-1",0
"TAGGCATTCGTAGATC-1",3
"TAGGCATTCTTCATGT-1",0
"TAGTGGTAGATCACGG-1",0
"TAGTGGTAGCTGTTCA-1",1
"TAGTGGTCAGTATAAG-1",0
"TAGTGGTGTAGCGTAG-1",1
"TAGTGGTTCAGCATGT-1",0
"TAGTGGTTCGGCGCAT-1",0
"TAGTGGTTCTCAAGTG-1",2
"TAGTGGTTCTGGGCCA-1",0
"TAGTGGTTCTTTAGTC-1",0
"TAGTTGGAGATAGGAG-1",1
"TAGTTGGCAGACGCAA-1",1
"TAGTTGGCATGCGCAC-1",1
"TAGTTGGGTATGGTTC-1",1
"TAGTTGGTCCGAATGT-1",0
"TAGTTGGTCTACTCAT-1",0
"TAGTTGGTCTCTAAGG-1",1
"TAGTTGGTCTGATACG-1",0
"TATCAGGAGAGTAAGG-1",1
"TATCAGGAGATCCGAG-1",3
"TATCAGGAGCAGATCG-1",1
"TATCAGGAGGTGCTTT-1",1
"TATCAGGCAACTTGAC-1",5
"TATCAGGCACGTTGGC-1",4
"TATCAGGGTCCGTTAA-1",1
"TATCAGGGTCTGCAAT-1",2
"TATCAGGGTTAAAGAC-1",1
"TATCAGGTCAAGATCC-1",0
"TATCAGGTCCACTCCA-1",2
"TATCAGGTCGTAGGTT-1",0
"TATCTCAAGAGTTGGC-1",4
"TATCTCAAGCCACCTG-1",1
"TATCTCAAGCGTAATA-1",0
"TATCTCAAGGCTAGCA-1",0
"TATCTCAAGTGGGCTA-1",2
"TATCTCACATGTCCTC-1",0
"TATCTCAGTAACGACG-1",3
"TATCTCAGTACCTACA-1",0
"TATCTCAGTACGACCC-1",3
"TATCTCAGTCAATGTC-1",1
"TATCTCATCAAGCCTA-1",2
"TATGCCCAGAAACCGC-1",1
"TATGCCCAGGTAGCTG-1",3
"TATGCCCCAATGGAAT-1",0
"TATGCCCCACTTAACG-1",0
"TATGCCCCATGTTCCC-1",2
"TATGCCCGTAGCCTCG-1",0
"TATGCCCGTATAGGGC-1",3
"TATGCCCGTATGAAAC-1",1
"TATGCCCGTCGCCATG-1",2
"TATGCCCGTGCCTTGG-1",0
"TATGCCCGTTAAGATG-1",2
"TATGCCCGTTGGTGGA-1",2
"TATGCCCGTTTAGGAA-1",1
"TATGCCCTCGTCTGCT-1",0
"TATTACCAGAGAGCTC-1",0
"TATTACCAGCAAATCA-1",3
"TATTACCAGCCCGAAA-1",0
"TATTACCAGTATCTCG-1",0
"TATTACCCAAAGTGCG-1",3
"TATTACCCAGACAAGC-1",2
"TATTACCCAGTCAGCC-1",0
"TATTACCCATAAAGGT-1",0
"TATTACCCATCTACGA-1",1
"TATTACCGTCCAGTAT-1",0
"TCAACGAAGCCGATTT-1",4
"TCAACGAAGCGATGAC-1",2
"TCAACGAAGGCATGTG-1",1
"TCAACGAAGTAGTGCG-1",2
"TCAACGACACCAGGCT-1",0
"TCAACGACATGCCTTC-1",0
"TCAACGAGTTACCAGT-1",1
"TCAACGAGTTCCATGA-1",1
"TCAACGAGTTCTGGTA-1",2
"TCAACGATCAGTCCCT-1",1
"TCAACGATCTGTGCAA-1",1
"TCAATCTAGATCCCGC-1",3
"TCAATCTCACAAGCCC-1",2
"TCAATCTCACAGCCCA-1",1
"TCAATCTCATGACGGA-1",2
"TCAATCTCATTTGCTT-1",2
"TCAATCTGTAGTGAAT-1",1
"TCAATCTGTTAGATGA-1",6
"TCAATCTTCAGATAAG-1",2
"TCAATCTTCATGTCCC-1",0
"TCACAAGAGACTGGGT-1",2
"TCACAAGAGAGAGCTC-1",1
"TCACAAGAGGCCCTCA-1",0
"TCACAAGAGGTGGGTT-1",3
"TCACAAGAGTAGATGT-1",4
"TCACAAGCAGTATGCT-1",0
"TCACAAGCATAACCTG-1",1
"TCACAAGCATGACATC-1",1
"TCACAAGGTCAGATAA-1",1
"TCACAAGGTGTGGTTT-1",2
"TCACAAGTCATCATTC-1",0
"TCACAAGTCATGCATG-1",0
"TCACGAAAGCTCCTTC-1",3
"TCACGAAAGGTGCTTT-1",0
"TCACGAAAGTCTCGGC-1",1
"TCACGAACACAAGACG-1",2
"TCACGAACACTGTCGG-1",2
"TCACGAAGTGGTCCGT-1",2
"TCACGAAGTTGGTGGA-1",0
"TCACGAATCATGCAAC-1",4
"TCACGAATCCCGACTT-1",4
"TCACGAATCCTCGCAT-1",2
"TCACGAATCGTCACGG-1",2
"TCAGATGAGGTGCACA-1",1
"TCAGATGGTCTTGTCC-1",0
"TCAGATGGTGCCTGCA-1",3
"TCAGATGGTGCTGTAT-1",0
"TCAGATGTCAGTTTGG-1",1
"TCAGATGTCGCATGAT-1",2
"TCAGATGTCTCCTATA-1",0
"TCAGCAAAGGAGTCTG-1",0
"TCAGCAAAGGCTCATT-1",4
"TCAGCAAAGTACGACG-1",1
"TCAGCAAAGTGGCACA-1",0
"TCAGCAACACGCATCG-1",2
"TCAGCAAGTACCGGCT-1",0
"TCAGCAATCAGCGATT-1",4
"TCAGCAATCGGAAACG-1",1
"TCAGCAATCTTCAACT-1",0
"TCAGCTCAGGTGTTAA-1",1
"TCAGCTCAGTATGACA-1",3
"TCAGCTCCAATCTGCA-1",1
"TCAGCTCCACGGTTTA-1",1
"TCAGCTCGTAATAGCA-1",2
"TCAGCTCGTCCGTCAG-1",0
"TCAGCTCGTTCACGGC-1",4
"TCAGCTCTCACGATGT-1",1
"TCAGCTCTCATGCATG-1",0
"TCAGCTCTCCTAAGTG-1",4
"TCAGCTCTCTCGTATT-1",0
"TCAGGATAGACAGAGA-1",1
"TCAGGATAGATATGGT-1",0
"TCAGGATCAAACGTGG-1",0
"TCAGGATCAAGTTCTG-1",0
"TCAGGATCACGGTGTC-1",0
"TCAGGATCACTGTGTA-1",0
"TCAGGATCAGCATACT-1",0
"TCAGGATCATCTGGTA-1",0
"TCAGGATGTAAGCACG-1",0
"TCAGGATGTGGCCCTA-1",3
"TCAGGATTCCGATATG-1",0
"TCAGGATTCTCGATGA-1",1
"TCAGGTAAGATGGCGT-1",2
"TCAGGTAAGTGTTTGC-1",3
"TCAGGTACACAAGTAA-1",2
"TCAGGTACACAGAGGT-1",0
"TCAGGTACAGCTGCTG-1",0
"TCAGGTAGTAAACGCG-1",2
"TCATTACAGAAACCAT-1",0
"TCATTACAGGAGTTGC-1",3
"TCATTACAGTTGCAGG-1",3
"TCATTACCACATCCAA-1",0
"TCATTACCAGTCAGCC-1",2
"TCATTACGTACGCACC-1",0
"TCATTACGTCTAGAGG-1",2
"TCATTACGTGAAGGCT-1",1
"TCATTACGTTCTGTTT-1",0
"TCATTACTCATCGATG-1",6
"TCATTTGAGCCAGTTT-1",1
"TCATTTGCACGTCTCT-1",0
"TCATTTGCAGTTAACC-1",0
"TCATTTGTCCAGAGGA-1",2
"TCATTTGTCCCTTGCA-1",1
"TCATTTGTCCGTCAAA-1",1
"TCATTTGTCGCTAGCG-1",1
"TCATTTGTCGTACGGC-1",0
"TCATTTGTCTCTGCTG-1",0
"TCCACACCAAAGAATC-1",3
"TCCACACCACGCCAGT-1",2
"TCCACACGTACAGCAG-1",4
"TCCACACGTAGCCTAT-1",0
"TCCACACGTCATCGGC-1",2
"TCCACACGTGACCAAG-1",0
"TCCACACGTGCGAAAC-1",3
"TCCACACTCAACACCA-1",1
"TCCACACTCCAGTATG-1",1
"TCCACACTCCCATTTA-1",0
"TCCACACTCGAACTGT-1",2
"TCCCGATAGAAGAAGC-1",0
"TCCCGATAGCACAGGT-1",1
"TCCCGATAGCCGGTAA-1",6
"TCCCGATCAAGGTTCT-1",2
"TCCCGATCAGCCAATT-1",3
"TCCCGATCATCCAACA-1",0
"TCCCGATGTAAGGATT-1",1
"TCCCGATGTCAATACC-1",3
"TCCCGATTCAGAAATG-1",0
"TCCCGATTCAGTCCCT-1",2
"TCCCGATTCATCTGTT-1",0
"TCCCGATTCCCTAATT-1",0
"TCCCGATTCTGGAGCC-1",0
"TCGAGGCAGCGATGAC-1",9
"TCGAGGCAGTGTTTGC-1",3
"TCGAGGCCAAAGAATC-1",4
"TCGAGGCCAAGTTCTG-1",3
"TCGAGGCCAGTAACGG-1",2
"TCGAGGCGTATATCCG-1",1
"TCGAGGCTCGCAAGCC-1",2
"TCGAGGCTCTTGAGAC-1",1
"TCGAGGCTCTTTCCTC-1",0
"TCGCGAGAGACAAAGG-1",1
"TCGCGAGAGTGAATTG-1",2
"TCGCGAGCAAGCGTAG-1",0
"TCGCGAGCACCGAATT-1",6
"TCGCGAGCAGTAAGAT-1",0
"TCGCGAGTCCACGAAT-1",0
"TCGCGAGTCTAGCACA-1",1
"TCGCGAGTCTCTAGGA-1",3
"TCGCGAGTCTTCATGT-1",1
"TCGCGTTAGTGGGCTA-1",1
"TCGCGTTCACAGGCCT-1",1
"TCGCGTTCATCACAAC-1",1
"TCGCGTTCATCTCGCT-1",0
"TCGCGTTGTTCACCTC-1",2
"TCGCGTTTCAAGATCC-1",0
"TCGCGTTTCAGGTAAA-1",3
"TCGCGTTTCATTCACT-1",2
"TCGCGTTTCCTGTACC-1",1
"TCGCGTTTCGCCCTTA-1",1
"TCGGGACCACACATGT-1",0
"TCGGGACTCCTTGCCA-1",0
"TCGGGACTCTGCGGCA-1",2
"TCGGGACTCTTGTCAT-1",0
"TCGGTAAAGACAGGCT-1",0
"TCGGTAAAGCTCAACT-1",1
"TCGGTAACAAGCTGAG-1",0
"TCGGTAACAGGAATGC-1",5
"TCGGTAAGTATATGGA-1",0
"TCGGTAAGTCTAGTCA-1",0
"TCGGTAATCCCGGATG-1",2
"TCGTACCAGCAGGCTA-1",1
"TCGTACCAGTTTCCTT-1",1
"TCGTACCGTTTGCATG-1",2
"TCGTACCTCGGGAGTA-1",1
"TCGTAGAAGCTAACTC-1",1
"TCGTAGAAGGCGACAT-1",1
"TCGTAGAAGGGAACGG-1",0
"TCGTAGAAGTCCATAC-1",2
"TCGTAGACAATCCAAC-1",0
"TCGTAGACACTCAGGC-1",2
"TCGTAGAGTATGAATG-1",1
"TCGTAGAGTGAGCGAT-1",1
"TCGTAGAGTGTGTGCC-1",2
"TCGTAGAGTTCAACCA-1",2
"TCGTAGAGTTCCATGA-1",0
"TCGTAGATCCAAGCCG-1",1
"TCGTAGATCTTAGCCC-1",1
"TCTATTGAGCGATTCT-1",1
"TCTATTGAGTGCCATT-1",1
"TCTATTGCACATCTTT-1",1
"TCTATTGGTAAGTGTA-1",0
"TCTATTGGTCCAACTA-1",2
"TCTATTGGTCTGCCAG-1",0
"TCTATTGGTTGCTCCT-1",0
"TCTATTGTCGGCGCTA-1",0
"TCTCATAAGCTAAACA-1",0
"TCTCATAAGCTAGTCT-1",1
"TCTCATAAGTGCCATT-1",2
"TCTCATAGTACCGGCT-1",0
"TCTCATAGTGTAAGTA-1",1
"TCTCATATCAAGCCTA-1",2
"TCTCATATCACCTTAT-1",0
"TCTCATATCCTGTACC-1",2
"TCTCTAAAGACCGGAT-1",2
"TCTCTAAAGGGTGTTG-1",0
"TCTCTAACAGCCTATA-1",2
"TCTCTAAGTCCAGTAT-1",0
"TCTCTAAGTCCATGAT-1",0
"TCTCTAAGTCTCATCC-1",0
"TCTCTAAGTGGAAAGA-1",6
"TCTCTAATCAAACCAC-1",1
"TCTCTAATCAACGCTA-1",0
"TCTCTAATCACAGGCC-1",2
"TCTCTAATCACATACG-1",0
"TCTCTAATCCGTAGGC-1",2
"TCTCTAATCGTATCAG-1",1
"TCTGAGACAAACCTAC-1",1
"TCTGAGACACGGATAG-1",1
"TCTGAGACAGAGTGTG-1",1
"TCTGAGAGTAAGGGAA-1",0
"TCTGAGATCCTTGACC-1",3
"TCTGAGATCTATCCTA-1",1
"TCTGGAAAGCGATGAC-1",1
"TCTGGAAAGCTAGTTC-1",0
"TCTGGAAAGCTCTCGG-1",2
"TCTGGAAAGGAGCGAG-1",3
"TCTGGAACACAAGACG-1",1
"TCTGGAACACACTGCG-1",1
"TCTGGAACACTTCTGC-1",2
"TCTGGAAGTGAGTATA-1",2
"TCTGGAATCTGTCTAT-1",1
"TCTTCGGAGGTTCCTA-1",1
"TCTTCGGAGTTCGATC-1",1
"TCTTCGGCAAAGCAAT-1",1
"TCTTCGGCAAAGGTGC-1",1
"TCTTCGGCAATAGCAA-1",2
"TCTTCGGCAATGTAAG-1",1
"TCTTCGGCACACCGAC-1",0
"TCTTCGGCAGCCAATT-1",4
"TCTTCGGGTCATTAGC-1",0
"TCTTCGGTCGTAGGTT-1",0
"TCTTCGGTCTCTAAGG-1",0
"TCTTTCCAGAGAGCTC-1",1
"TCTTTCCAGTCATCCA-1",0
"TCTTTCCCATCTCCCA-1",1
"TCTTTCCGTAATCACC-1",2
"TCTTTCCGTAGTACCT-1",3
"TCTTTCCTCACAACGT-1",0
"TCTTTCCTCAGCTGGC-1",0
"TCTTTCCTCCAAGTAC-1",1
"TCTTTCCTCCTCGCAT-1",3
"TGAAAGAAGCTAAGAT-1",0
"TGAAAGACAAGCCGTC-1",0
"TGAAAGACACATTCGA-1",0
"TGAAAGACATGAGCGA-1",1
"TGAAAGAGTCTAGCGC-1",3
"TGAAAGAGTCTCATCC-1",3
"TGAAAGATCCCGACTT-1",3
"TGAAAGATCTATGTGG-1",2
"TGACAACCAAGCGAGT-1",0
"TGACAACGTAGGGACT-1",1
"TGACAACGTGCGCTTG-1",4
"TGACAACGTGGTTTCA-1",1
"TGACAACTCACAAACC-1",0
"TGACAACTCCACGTGG-1",0
"TGACAACTCGAATGCT-1",0
"TGACGGCAGCGCCTCA-1",2
"TGACGGCAGGCTCAGA-1",2
"TGACGGCAGTCAAGCG-1",5
"TGACGGCCACAGACTT-1",2
"TGACGGCGTCATCCCT-1",2
"TGACGGCTCAGGCGAA-1",3
"TGACGGCTCCACTGGG-1",0
"TGACTAGAGACCCACC-1",1
"TGACTAGAGGGCATGT-1",1
"TGACTAGAGTCTCAAC-1",0
"TGACTAGAGTTGAGAT-1",0
"TGACTAGCAGCATACT-1",0
"TGACTAGCAGTCAGAG-1",0
"TGACTAGCATTTCACT-1",2
"TGACTAGGTAAATACG-1",0
"TGACTAGGTGAAAGAG-1",1
"TGACTAGGTGCAGTAG-1",0
"TGACTAGTCATGCATG-1",1
"TGACTAGTCCATGCTC-1",0
"TGACTAGTCTGTTGAG-1",2
"TGACTTTAGAACAATC-1",1
"TGACTTTAGTCTCGGC-1",3
"TGACTTTAGTTAGGTA-1",0
"TGACTTTCAGTCCTTC-1",1
"TGACTTTCATTATCTC-1",3
"TGACTTTGTCACACGC-1",3
"TGACTTTTCCTCAATT-1",0
"TGACTTTTCTGCCCTA-1",0
"TGAGAGGAGGCTCATT-1",0
"TGAGAGGCAAAGTCAA-1",1
"TGAGAGGCAAGCCATT-1",3
"TGAGAGGCACCATGTA-1",0
"TGAGAGGGTCACTGGC-1",1
"TGAGAGGGTCTAAACC-1",2
"TGAGAGGTCGAACTGT-1",2
"TGAGAGGTCGCGTTTC-1",3
"TGAGAGGTCTGACCTC-1",1
"TGAGCATAGAAACGAG-1",0
"TGAGCATAGAAGCCCA-1",0
"TGAGCATAGATGTCGG-1",0
"TGAGCATAGGAATGGA-1",0
"TGAGCATCACCAGGCT-1",2
"TGAGCATCAGATGAGC-1",0
"TGAGCATCAGCGTAAG-1",2
"TGAGCATCAGCTGTAT-1",0
"TGAGCATGTGGCCCTA-1",0
"TGAGCATTCCACGTTC-1",0
"TGAGCATTCCGATATG-1",1
"TGAGCATTCGGCCGAT-1",3
"TGAGCCGCATCGGGTC-1",5
"TGAGCCGGTCGAACAG-1",2
"TGAGCCGGTGTAATGA-1",1
"TGAGCCGGTTGATTCG-1",1
"TGAGCCGTCATCTGCC-1",0
"TGAGCCGTCGTCACGG-1",2
"TGAGCCGTCTTGAGGT-1",2
"TGAGGGAAGAGACTAT-1",4
"TGAGGGAAGGAGTACC-1",0
"TGAGGGAAGTCATCCA-1",0
"TGAGGGAAGTCATGCT-1",1
"TGAGGGACACCAGTTA-1",0
"TGAGGGACATAAGACA-1",0
"TGAGGGAGTAAACGCG-1",1
"TGAGGGAGTTAGGGTG-1",0
"TGAGGGATCAACGGGA-1",0
"TGAGGGATCTAGCACA-1",0
"TGAGGGATCTCTTATG-1",3
"TGATTTCCATCCGGGT-1",1
"TGATTTCGTAGGCATG-1",0
"TGATTTCGTTAAGACA-1",2
"TGATTTCTCTGATTCT-1",0
"TGCACCTAGACCTTTG-1",0
"TGCACCTAGGACGAAA-1",0
"TGCACCTCAAGTTGTC-1",0
"TGCACCTCAATAGAGT-1",0
"TGCACCTCATCCGGGT-1",0
"TGCACCTGTAATCACC-1",0
"TGCACCTGTCACACGC-1",3
"TGCACCTTCACGGTTA-1",1
"TGCACCTTCATCGGAT-1",1
"TGCACCTTCCGCGGTA-1",2
"TGCACCTTCGAACTGT-1",0
"TGCACCTTCTCTTGAT-1",0
"TGCCAAACAATGTAAG-1",1
"TGCCAAACAATTCCTT-1",1
"TGCCAAAGTTCGCGAC-1",0
"TGCCAAATCCAAACTG-1",1
"TGCCAAATCCCTGACT-1",3
"TGCCAAATCGGCGGTT-1",4
"TGCCCATAGACTAGGC-1",3
"TGCCCATAGCGTCAAG-1",0
"TGCCCATAGCGTGAAC-1",3
"TGCCCATAGCTGTTCA-1",1
"TGCCCATAGGATGGAA-1",2
"TGCCCATAGTACGCCC-1",0
"TGCCCATAGTTGAGTA-1",0
"TGCCCATCACCAGGTC-1",1
"TGCCCATCACGAAATA-1",2
"TGCCCATCAGGACGTA-1",1
"TGCCCATCATGGAATA-1",0
"TGCCCATCATGGATGG-1",3
"TGCCCATGTAGCCTCG-1",0
"TGCCCATTCAAACCGT-1",2
"TGCCCATTCAGGCCCA-1",0
"TGCCCATTCCTTCAAT-1",0
"TGCCCATTCGGAAATA-1",0
"TGCCCTAAGGTCGGAT-1",1
"TGCCCTAAGGTTCCTA-1",1
"TGCCCTACACCACCAG-1",0
"TGCCCTACAGCCACCA-1",4
"TGCCCTACAGTGAGTG-1",0
"TGCCCTAGTCCGAGTC-1",0
"TGCCCTAGTGGTTTCA-1",1
"TGCCCTAGTTTCGCTC-1",0
"TGCCCTATCGACGGAA-1",2
"TGCCCTATCTTCGGTC-1",0
"TGCGCAGAGACTAGGC-1",0
"TGCGCAGAGCACACAG-1",4
"TGCGCAGAGCGTCTAT-1",2
"TGCGCAGAGGAGCGAG-1",1
"TGCGCAGCAAACGTGG-1",1
"TGCGCAGCAGCTCGCA-1",3
"TGCGCAGCAGTAGAGC-1",0
"TGCGCAGTCCTACAGA-1",1
"TGCGGGTAGAGACTTA-1",2
"TGCGGGTAGATCGATA-1",0
"TGCGGGTAGCTCTCGG-1",0
"TGCGGGTAGGTGTGGT-1",0
"TGCGGGTAGTACTTGC-1",0
"TGCGGGTCAATGGAAT-1",0
"TGCGGGTCACACGCTG-1",1
"TGCGGGTCATTGGGCC-1",1
"TGCGGGTGTAGAAAGG-1",0
"TGCGGGTGTCACCTAA-1",1
"TGCGGGTGTCAGATAA-1",0
"TGCGGGTGTTAGAACA-1",0
"TGCGGGTTCAGTTCGA-1",1
"TGCGGGTTCGTAGATC-1",2
"TGCGGGTTCTCTTGAT-1",0
"TGCGTGGAGACGCAAC-1",0
"TGCGTGGAGACTGGGT-1",2
"TGCGTGGAGTGAACGC-1",0
"TGCGTGGCAATTCCTT-1",1
"TGCGTGGGTGCACCAC-1",0
"TGCGTGGTCCGCGCAA-1",1
"TGCGTGGTCGCCCTTA-1",0
"TGCGTGGTCTGGCGAC-1",1
"TGCTACCAGAAAGTGG-1",2
"TGCTACCAGATGGCGT-1",1
"TGCTACCAGCAAATCA-1",0
"TGCTACCAGTCCGTAT-1",2
"TGCTACCCAAGAGGCT-1",0
"TGCTACCCACTTAACG-1",0
"TGCTACCCATCGTCGG-1",0
"TGCTACCCATGGTTGT-1",3
"TGCTACCGTGTGACGA-1",1
"TGCTACCTCCTCGCAT-1",5
"TGCTACCTCTTCTGGC-1",2
"TGCTGCTAGACTAAGT-1",4
"TGCTGCTAGGTGATAT-1",0
"TGCTGCTCAATAGAGT-1",0
"TGCTGCTCACAGACAG-1",1
"TGCTGCTCATCCCATC-1",0
"TGCTGCTCATGGTTGT-1",0
"TGCTGCTGTCATACTG-1",1
"TGCTGCTGTGAAGGCT-1",2
"TGCTGCTTCATTGCGA-1",0
"TGGACGCAGAGGTACC-1",0
"TGGACGCAGTCAAGGC-1",0
"TGGACGCCACAGAGGT-1",0
"TGGACGCCATGGTAGG-1",2
"TGGACGCGTCCGAACC-1",2
"TGGACGCGTCTCCCTA-1",1
"TGGCCAGAGAAGGTGA-1",2
"TGGCCAGAGAGTACAT-1",1
"TGGCCAGAGGCGATAC-1",2
"TGGCCAGAGGCGTACA-1",0
"TGGCCAGCAACTGCGC-1",1
"TGGCCAGCACGACTCG-1",3
"TGGCCAGGTCAATACC-1",2
"TGGCCAGTCGTAGATC-1",0
"TGGCCAGTCTATCCCG-1",1
"TGGCGCAAGCTACCTA-1",0
"TGGCGCAAGCTATGCT-1",0
"TGGCGCAAGTGTGGCA-1",2
"TGGCGCAAGTTACCCA-1",0
"TGGCGCACACAGGCCT-1",0
"TGGCGCACACGGATAG-1",2
"TGGCGCACAGCGATCC-1",0
"TGGCGCACATAGGATA-1",0
"TGGCGCACATATACGC-1",0
"TGGCGCAGTACTCTCC-1",1
"TGGCGCAGTGGACGAT-1",0
"TGGCGCAGTTATGTGC-1",8
"TGGCGCATCAAGAAGT-1",1
"TGGCGCATCATGCTCC-1",0
"TGGCGCATCATGTGGT-1",1
"TGGCGCATCATTATCC-1",0
"TGGCGCATCGTGGTCG-1",0
"TGGCTGGAGCGGATCA-1",0
"TGGCTGGAGTGCAAGC-1",0
"TGGCTGGCAAGTTAAG-1",0
"TGGCTGGCACGGATAG-1",0
"TGGCTGGCAGGAACGT-1",1
"TGGCTGGGTCGAGTTT-1",1
"TGGCTGGGTCGGCATC-1",1
"TGGCTGGGTCTAGCCG-1",1
"TGGCTGGGTTACGCGC-1",0
"TGGCTGGGTTGGACCC-1",0
"TGGCTGGTCTCGTTTA-1",0
"TGGGAAGAGATATACG-1",1
"TGGGAAGAGCCCAATT-1",2
"TGGGAAGAGCGCTCCA-1",1
"TGGGAAGAGGGCTTCC-1",0
"TGGGAAGAGTAAGTAC-1",1
"TGGGAAGAGTTAACGA-1",0
"TGGGAAGCAAGGTGTG-1",0
"TGGGAAGCAGATCCAT-1",0
"TGGGAAGCAGCGAACA-1",1
"TGGGAAGGTAAGTTCC-1",0
"TGGGAAGGTTAGATGA-1",1
"TGGGAAGGTTATTCTC-1",0
"TGGGAAGTCCCAAGAT-1",1
"TGGGAAGTCCTTCAAT-1",1
"TGGGAAGTCGTGGACC-1",2
"TGGGAAGTCTCCTATA-1",0
"TGGGCGTAGTCTCCTC-1",0
"TGGGCGTCAGACGTAG-1",0
"TGGGCGTCAGGGATTG-1",0
"TGGGCGTGTCCAAGTT-1",1
"TGGGCGTGTCTAGAGG-1",1
"TGGGCGTGTGGCTCCA-1",2
"TGGGCGTGTTTCGCTC-1",0
"TGGGCGTTCAGCTTAG-1",0
"TGGTTAGAGCTACCTA-1",1
"TGGTTAGAGTTAGGTA-1",0
"TGGTTAGGTGATGATA-1",0
"TGGTTAGGTTCACGGC-1",3
"TGGTTAGTCCCGACTT-1",2
"TGGTTAGTCTTGTATC-1",3
"TGGTTCCAGCCGTCGT-1",2
"TGGTTCCAGTAATCCC-1",0
"TGGTTCCCAAGTTGTC-1",3
"TGGTTCCCAGACAAAT-1",1
"TGGTTCCCAGACAGGT-1",0
"TGGTTCCCAGCTCGAC-1",1
"TGGTTCCCATGTCCTC-1",1
"TGGTTCCCATTTCACT-1",0
"TGGTTCCGTCCAAGTT-1",2
"TGGTTCCTCACATACG-1",0
"TGGTTCCTCAGCTTAG-1",1
"TGGTTCCTCTAACTTC-1",2
"TGGTTCCTCTAGAGTC-1",0
"TGGTTCCTCTGGGCCA-1",1
"TGTATTCAGCCCGAAA-1",0
"TGTATTCAGCGATCCC-1",0
"TGTATTCCAGGGCATA-1",2
"TGTATTCGTAAGAGAG-1",1
"TGTATTCGTTTGTTTC-1",1
"TGTATTCTCAGCATGT-1",1
"TGTATTCTCATCTGTT-1",0
"TGTCCCAAGCAGATCG-1",0
"TGTCCCAAGCTAGTTC-1",3
"TGTCCCAAGCTGAACG-1",0
"TGTCCCAAGTTGTCGT-1",4
"TGTCCCACAGTAAGCG-1",1
"TGTCCCACATCACGTA-1",1
"TGTCCCAGTAAGAGGA-1",0
"TGTCCCAGTAAGTGGC-1",0
"TGTCCCAGTCGGATCC-1",0
"TGTCCCAGTCTCTTTA-1",0
"TGTCCCATCATTTGGG-1",3
"TGTCCCATCTGCAAGT-1",1
"TGTCCCATCTGCGTAA-1",0
"TGTGGTAGTCCCGACA-1",0
"TGTGGTAGTGTGAAAT-1",1
"TGTGGTAGTGTGACGA-1",0
"TGTGGTATCCAGGGCT-1",4
"TGTGGTATCTTGCATT-1",1
"TGTGTTTAGAGGTTAT-1",1
"TGTGTTTAGCGTGAGT-1",0
"TGTGTTTAGTGCGTGA-1",3
"TGTGTTTCATGCGCAC-1",0
"TGTGTTTTCTCATTCA-1",0
"TGTGTTTTCTTTCCTC-1",0
"TGTTCCGAGAGCAATT-1",0
"TGTTCCGAGCAACGGT-1",2
"TGTTCCGAGGAATTAC-1",1
"TGTTCCGAGGACTGGT-1",1
"TGTTCCGCAGTGAGTG-1",1
"TGTTCCGGTGAGTATA-1",2
"TGTTCCGTCAAGCCTA-1",2
"TGTTCCGTCAGTTCGA-1",6
"TGTTCCGTCGGCGGTT-1",1
"TGTTCCGTCTGAAAGA-1",1
"TGTTCCGTCTGGTATG-1",0
"TTAACTCAGTGTACGG-1",4
"TTAACTCCAAGCGCTC-1",0
"TTAACTCCAGGCAGTA-1",2
"TTAACTCGTTCCACAA-1",1
"TTAACTCTCATAAAGG-1",1
"TTAACTCTCCCTCAGT-1",0
"TTAGGACAGCAGGCTA-1",4
"TTAGGACAGCTCTCGG-1",1
"TTAGGACCAAGCCATT-1",0
"TTAGGACCAGTCAGAG-1",2
"TTAGGACGTTTGTTTC-1",1
"TTAGGCAAGAAGATTC-1",0
"TTAGGCAAGAGCCCAA-1",1
"TTAGGCAAGAGTGACC-1",1
"TTAGGCAAGGTTCCTA-1",1
"TTAGGCAAGTCGTTTG-1",1
"TTAGGCAAGTGTACCT-1",0
"TTAGGCACAGACGCTC-1",1
"TTAGGCACATGTTCCC-1",0
"TTAGGCAGTAAGGATT-1",2
"TTAGGCAGTAAGTAGT-1",0
"TTAGGCAGTCTTGATG-1",0
"TTAGGCATCACGCATA-1",4
"TTAGGCATCAGTCAGT-1",2
"TTAGGCATCCAGTATG-1",0
"TTAGGCATCGTTACGA-1",0
"TTAGTTCAGGTGCAAC-1",0
"TTAGTTCCAATGTAAG-1",0
"TTAGTTCCATCCTTGC-1",3
"TTAGTTCGTAGCCTAT-1",0
"TTAGTTCGTGCAGACA-1",1
"TTAGTTCGTGTCAATC-1",3
"TTAGTTCGTTGCCTCT-1",1
"TTAGTTCTCAGGCCCA-1",1
"TTAGTTCTCGCAGGCT-1",1
"TTAGTTCTCTACTATC-1",0
"TTATGCTAGAATGTGT-1",0
"TTATGCTAGCACACAG-1",1
"TTATGCTAGCAGCCTC-1",0
"TTATGCTAGTCCCACG-1",3
"TTATGCTAGTGGTAAT-1",0
"TTATGCTCAGCCAGAA-1",0
"TTATGCTCATACCATG-1",1
"TTATGCTCATGTAGTC-1",1
"TTATGCTGTCCGAGTC-1",5
"TTATGCTTCGATAGAA-1",1
"TTCCCAGAGAATTCCC-1",2
"TTCCCAGAGACTAGAT-1",0
"TTCCCAGAGTATCGAA-1",0
"TTCCCAGCAGATGGGT-1",2
"TTCCCAGCATCAGTAC-1",1
"TTCCCAGCATCTCCCA-1",0
"TTCCCAGCATTACCTT-1",0
"TTCCCAGTCAACACTG-1",2
"TTCCCAGTCGAGAGCA-1",1
"TTCGAAGAGTCTCAAC-1",2
"TTCGAAGCAAGCGCTC-1",0
"TTCGAAGCACATTAGC-1",5
"TTCGAAGCACGGTGTC-1",0
"TTCGGTCAGAGGACGG-1",2
"TTCGGTCAGCACACAG-1",7
"TTCGGTCAGGCCCTCA-1",0
"TTCGGTCAGTGAATTG-1",2
"TTCGGTCAGTTGAGAT-1",0
"TTCGGTCCAAGGGTCA-1",1
"TTCGGTCCACGTCAGC-1",0
"TTCGGTCGTAACGTTC-1",0
"TTCGGTCGTAGAGTGC-1",2
"TTCGGTCGTTCATGGT-1",0
"TTCGGTCGTTCTGTTT-1",2
"TTCGGTCTCAAAGACA-1",0
"TTCGGTCTCCAGTATG-1",2
"TTCGGTCTCGCGTTTC-1",2
"TTCGGTCTCGTCTGAA-1",5
"TTCTACAAGACTAAGT-1",1
"TTCTACAAGCAGCCTC-1",0
"TTCTACAAGCCTTGAT-1",0
"TTCTACAAGGCAGGTT-1",2
"TTCTACAAGGTAAACT-1",2
"TTCTACAAGTTAGGTA-1",1
"TTCTACACACGTGAGA-1",5
"TTCTACACAGCTGTTA-1",2
"TTCTACACATCGATTG-1",0
"TTCTACACATTACGAC-1",2
"TTCTACAGTACCGTTA-1",2
"TTCTACAGTATATGAG-1",1
"TTCTACAGTGGCTCCA-1",0
"TTCTACATCAACGGGA-1",2
"TTCTACATCCGCGTTT-1",2
"TTCTCAAAGAAAGTGG-1",2
"TTCTCAAAGAATCTCC-1",1
"TTCTCAAAGAGGTTAT-1",0
"TTCTCAAAGCAGCCTC-1",1
"TTCTCAAAGCCGCCTA-1",0
"TTCTCAAAGTCAATAG-1",1
"TTCTCAAAGTTGAGAT-1",0
"TTCTCAACACCCAGTG-1",0
"TTCTCAACATTGTGCA-1",0
"TTCTCAAGTATAAACG-1",3
"TTCTCAAGTCCCTTGT-1",0
"TTCTCAAGTCGAGATG-1",2
"TTCTCAATCATCGCTC-1",0
"TTCTCAATCCCTAACC-1",0
"TTCTCAATCGTAGGAG-1",0
"TTCTCCTAGAGTAAGG-1",1
"TTCTCCTAGCGACGTA-1",2
"TTCTCCTAGCGTGAGT-1",4
"TTCTCCTAGTCTCGGC-1",1
"TTCTCCTCAACACGCC-1",4
"TTCTCCTCAATAACGA-1",1
"TTCTCCTGTTAAGAAC-1",0
"TTCTCCTTCAGTTCGA-1",1
"TTCTCCTTCCGTAGGC-1",0
"TTCTCCTTCCTTTCTC-1",2
"TTCTCCTTCTGCAAGT-1",2
"TTCTCCTTCTTCAACT-1",2
"TTCTCCTTCTTGTACT-1",2
"TTCTTAGAGGACTGGT-1",2
"TTCTTAGCAAGGTGTG-1",0
"TTCTTAGCATCGGAAG-1",0
"TTCTTAGGTAGAAGGA-1",1
"TTCTTAGGTCATATGC-1",0
"TTCTTAGTCAGTTCGA-1",0
"TTGAACGGTCACTTCC-1",1
"TTGAACGTCATGTCCC-1",2
"TTGACTTAGCCACGTC-1",2
"TTGACTTAGCGACGTA-1",2
"TTGACTTAGTTAACGA-1",0
"TTGACTTCACTTACGA-1",2
"TTGACTTGTCTCTCTG-1",2
"TTGACTTGTGCGATAG-1",0
"TTGACTTTCCAGAGGA-1",2
"TTGACTTTCTGTCCGT-1",1
"TTGCCGTAGGAGCGTT-1",2
"TTGCCGTAGGTGGGTT-1",0
"TTGCCGTCATGGTCAT-1",1
"TTGCCGTGTACAGACG-1",0
"TTGCGTCAGACAGAGA-1",1
"TTGCGTCAGCTCCTTC-1",1
"TTGCGTCAGTCCATAC-1",0
"TTGCGTCAGTGAATTG-1",0
"TTGCGTCCAAATTGCC-1",1
"TTGCGTCCACTGTGTA-1",1
"TTGCGTCCAGTCACTA-1",0
"TTGCGTCGTCTGATTG-1",0
"TTGGAACAGCCCAATT-1",3
"TTGGAACAGCGTCTAT-1",0
"TTGGAACAGGCGTACA-1",0
"TTGGAACGTATTACCG-1",3
"TTGGAACGTGTGTGCC-1",0
"TTGGAACTCCCATTAT-1",0
"TTGGAACTCCGTAGTA-1",2
"TTGGAACTCGTCCAGG-1",2
"TTGGCAAAGTTAGGTA-1",7
"TTGGCAAGTATAGGTA-1",0
"TTGGCAATCACATGCA-1",0
"TTGGCAATCAGAGCTT-1",1
"TTGGCAATCGCATGAT-1",0
"TTGGCAATCTAGAGTC-1",4
"TTGTAGGAGGTGCTAG-1",0
"TTGTAGGCACACGCTG-1",1
"TTGTAGGGTCTCCCTA-1",0
"TTGTAGGGTGGTAACG-1",4
"TTGTAGGTCGGCGCTA-1",1
"TTGTAGGTCTGCCAGG-1",1
"TTTACTGAGATCACGG-1",1
"TTTACTGCAAAGCAAT-1",1
"TTTACTGCACATGGGA-1",1
"TTTACTGCACCACGTG-1",0
"TTTACTGCATGGGACA-1",2
"TTTACTGCATGTCCTC-1",0
"TTTACTGGTAACGTTC-1",1
"TTTACTGGTGGTGTAG-1",0
"TTTACTGGTTCGCTAA-1",1
"TTTACTGTCTGGAGCC-1",0
"TTTATGCAGACTGTAA-1",0
"TTTATGCAGATGCGAC-1",3
"TTTATGCAGGCAAAGA-1",2
"TTTATGCAGGCCCGTT-1",0
"TTTATGCAGTTCCACA-1",2
"TTTATGCCAAACGCGA-1",2
"TTTATGCCAATCTGCA-1",3
"TTTATGCCACAGGTTT-1",1
"TTTATGCCAGCCAATT-1",1
"TTTATGCCAGGTCGTC-1",1
"TTTATGCCATGGTCAT-1",0
"TTTATGCTCACATAGC-1",1
"TTTATGCTCACCTTAT-1",0
"TTTATGCTCGGCGGTT-1",3
"TTTATGCTCTCGCTTG-1",0
"TTTCCTCAGCGTGAAC-1",0
"TTTCCTCAGGACTGGT-1",2
"TTTCCTCCAAAGTGCG-1",2
"TTTCCTCCAGGAATGC-1",0
"TTTCCTCCATTAGCCA-1",2
"TTTCCTCGTCCGAAGA-1",1
"TTTCCTCGTCGCTTTC-1",0
"TTTCCTCTCGGCCGAT-1",6
"TTTCCTCTCGTGTAGT-1",0
"TTTGCGCAGCTAAACA-1",0
"TTTGCGCAGCTAGTCT-1",0
"TTTGCGCAGGCCGAAT-1",0
"TTTGCGCAGTCAAGGC-1",0
"TTTGCGCCAAGTAGTA-1",0
"TTTGCGCCAGGTGCCT-1",2
"TTTGCGCGTCTAAACC-1",1
"TTTGCGCTCAAAGTAG-1",2
"TTTGCGCTCATGTAGC-1",1
"TTTGGTTAGAATGTGT-1",0
"TTTGGTTAGACAATAC-1",2
"TTTGGTTAGCGATTCT-1",1
"TTTGGTTAGGCTCAGA-1",0
"TTTGGTTAGTTACCCA-1",1
"TTTGGTTCAAACTGCT-1",2
"TTTGGTTCAAGCTGTT-1",3
"TTTGGTTCAGATCGGA-1",0
"TTTGGTTCATCACAAC-1",2
"TTTGGTTGTACTTCTT-1",3
"TTTGGTTGTATGCTTG-1",1
"TTTGGTTGTGCTTCTC-1",0
"TTTGGTTTCATGCTCC-1",3
"TTTGGTTTCCCTGACT-1",0
"TTTGTCAAGAGTCGGT-1",2
"TTTGTCACAAGTTCTG-1",0
"TTTGTCACAAGTTGTC-1",2
"TTTGTCACACTCTGTC-1",1
"TTTGTCATCACCTTAT-1",2
"TTTGTCATCCATTCTA-1",1
"TTTGTCATCCTTAATC-1",0
"TTTGTCATCTTATCTG-1",1
