"cell_barcode","expression"
"AAACCTGAGACAGAGA-1",8
"AAACCTGAGACTTTCG-1",6
"AAACCTGAGAGTAAGG-1",3
"AAACCTGAGAGTCGGT-1",1
"AAACCTGAGGATGGAA-1",0
"AAACCTGAGTAGATGT-1",3
"AAACCTGCAATCAGAA-1",3
"AAACCTGCACCGATAT-1",7
"AAACCTGCAGACGTAG-1",2
"AAACCTGCAGTATCTG-1",1
"AAACCTGCATAGTAAG-1",0
"AAACCTGCATGAACCT-1",7
"AAACCTGGTAAGAGGA-1",2
"AAACCTGGTCCAACTA-1",0
"AAACCTGTCCGTAGTA-1",0
"AAACCTGTCGAGAGCA-1",0
"AAACGGGAGTACGACG-1",2
"AAACGGGCAAGGTTTC-1",2
"AAACGGGCACGTCAGC-1",2
"AAACGGGCAGCGTTCG-1",11
"AAACGGGGTAGCCTCG-1",0
"AAACGGGGTCTACCTC-1",0
"AAACGGGGTGCGGTAA-1",4
"AAACGGGGTTGTCGCG-1",7
"AAACGGGTCCATGAGT-1",0
"AAACGGGTCCCAACGG-1",2
"AAACGGGTCCCATTAT-1",4
"AAAGATGCAGTCAGCC-1",4
"AAAGATGCATCTACGA-1",0
"AAAGCAAAGCGTCTAT-1",0
"AAAGCAACATGTCGAT-1",2
"AAAGCAAGTAGCTGCC-1",0
"AAAGCAAGTAGGCATG-1",2
"AAAGCAAGTGCGCTTG-1",1
"AAAGCAAGTTATTCTC-1",1
"AAAGCAATCCGTAGTA-1",3
"AAAGTAGAGATGTGTA-1",7
"AAAGTAGAGTGGGCTA-1",1
"AAAGTAGGTATATGGA-1",0
"AAAGTAGGTGAGCGAT-1",1
"AAAGTAGGTTGAGGTG-1",5
"AAATGCCAGCCCTAAT-1",11
"AAATGCCAGCGTGTCC-1",3
"AAATGCCCAACACCTA-1",5
"AAATGCCGTAGGAGTC-1",8
"AAATGCCGTCTTTCAT-1",0
"AAATGCCGTGGTCCGT-1",2
"AAATGCCGTTCCCGAG-1",4
"AAATGCCTCATAGCAC-1",6
"AAATGCCTCGCTTAGA-1",8
"AACACGTAGAATTCCC-1",5
"AACACGTAGCCCTAAT-1",7
"AACACGTAGGGTGTGT-1",4
"AACACGTCACTGTCGG-1",0
"AACACGTCATCCCATC-1",9
"AACACGTGTGCAACGA-1",3
"AACACGTGTGTCGCTG-1",6
"AACCATGAGCGCTTAT-1",1
"AACCATGGTCCGTTAA-1",2
"AACCATGTCAGTTCGA-1",3
"AACCATGTCATCGATG-1",3
"AACCATGTCCCAAGTA-1",1
"AACCGCGAGAAGCCCA-1",7
"AACCGCGAGACTGGGT-1",0
"AACCGCGAGAGGTACC-1",1
"AACCGCGAGTTAGGTA-1",3
"AACCGCGAGTTGCAGG-1",2
"AACCGCGCACGGTAGA-1",3
"AACCGCGCAGCATGAG-1",0
"AACCGCGCAGCCTGTG-1",0
"AACCGCGCAGCTGTGC-1",4
"AACCGCGCAGTATGCT-1",0
"AACCGCGGTACTTGAC-1",2
"AACCGCGGTCTGCAAT-1",5
"AACCGCGTCACATGCA-1",2
"AACCGCGTCACCGTAA-1",1
"AACCGCGTCCAGAGGA-1",1
"AACCGCGTCCGAAGAG-1",2
"AACCGCGTCGATCCCT-1",0
"AACGTTGAGCGATAGC-1",0
"AACGTTGAGCGATCCC-1",1
"AACGTTGAGCTTATCG-1",5
"AACGTTGCAAGTTGTC-1",5
"AACGTTGCAATAGAGT-1",4
"AACGTTGCAATGGATA-1",1
"AACGTTGCATGGATGG-1",5
"AACGTTGCATTCTCAT-1",3
"AACGTTGTCAACACGT-1",9
"AACGTTGTCGAGGTAG-1",3
"AACGTTGTCGGTCCGA-1",6
"AACTCAGAGAGCTATA-1",0
"AACTCAGAGAGTCGGT-1",5
"AACTCAGAGCCACCTG-1",0
"AACTCAGAGCCCAATT-1",0
"AACTCAGCAAACAACA-1",0
"AACTCAGCACAAGCCC-1",0
"AACTCAGCACGGTTTA-1",6
"AACTCAGCAGGATCGA-1",1
"AACTCAGCATAAAGGT-1",0
"AACTCAGGTTCCACAA-1",9
"AACTCAGTCGTACCGG-1",0
"AACTCCCAGCCCAGCT-1",4
"AACTCCCAGCTAAGAT-1",5
"AACTCCCCAAACGCGA-1",0
"AACTCCCCATGGTCTA-1",3
"AACTCCCGTTGCGCAC-1",1
"AACTCCCTCAAGAAGT-1",13
"AACTCCCTCAAGCCTA-1",5
"AACTCCCTCATCGCTC-1",4
"AACTCCCTCTGCAGTA-1",3
"AACTCCCTCTGGCGTG-1",4
"AACTCTTAGCAGACTG-1",4
"AACTCTTAGTCCGGTC-1",1
"AACTCTTCATGCTAGT-1",2
"AACTCTTGTCGAATCT-1",0
"AACTCTTGTCGGGTCT-1",7
"AACTCTTTCCTCAATT-1",0
"AACTCTTTCTCAAACG-1",5
"AACTCTTTCTCCAGGG-1",4
"AACTCTTTCTCTGCTG-1",3
"AACTGGTAGAAGATTC-1",0
"AACTGGTAGAGACTAT-1",0
"AACTGGTAGCCAACAG-1",2
"AACTGGTAGTGTACTC-1",1
"AACTGGTCACTGAAGG-1",1
"AACTGGTGTCCGAACC-1",3
"AACTGGTTCGGAGCAA-1",6
"AACTGGTTCGTGGGAA-1",1
"AACTGGTTCTGCTTGC-1",2
"AACTTTCAGCGTGAAC-1",1
"AACTTTCAGTATCTCG-1",2
"AACTTTCAGTTTCCTT-1",3
"AACTTTCCATCCTTGC-1",0
"AACTTTCGTCTAGAGG-1",1
"AACTTTCGTCTCTTTA-1",3
"AACTTTCGTTTGTTTC-1",0
"AAGACCTAGGGCTTCC-1",3
"AAGACCTAGTACACCT-1",1
"AAGACCTGTATATGAG-1",3
"AAGACCTGTATCAGTC-1",4
"AAGACCTGTCCGTGAC-1",6
"AAGACCTGTCGAAAGC-1",4
"AAGACCTTCGCCATAA-1",2
"AAGCCGCAGATCTGAA-1",9
"AAGCCGCAGGGTGTTG-1",6
"AAGCCGCAGTGGACGT-1",4
"AAGCCGCAGTGTACTC-1",4
"AAGCCGCCACGCTTTC-1",0
"AAGCCGCCAGGACGTA-1",5
"AAGCCGCGTACAGTTC-1",5
"AAGCCGCGTCATTAGC-1",12
"AAGCCGCTCACGAAGG-1",15
"AAGCCGCTCAGTTAGC-1",0
"AAGCCGCTCGCAAACT-1",3
"AAGCCGCTCGTCGTTC-1",4
"AAGCCGCTCTTACCGC-1",7
"AAGGAGCAGAAACCGC-1",2
"AAGGAGCAGGCATGTG-1",5
"AAGGAGCAGGCGCTCT-1",2
"AAGGAGCAGTTGAGTA-1",11
"AAGGAGCCACGGCGTT-1",3
"AAGGAGCGTAGCGCAA-1",0
"AAGGAGCGTCTGCAAT-1",2
"AAGGAGCTCGTCTGCT-1",3
"AAGGCAGAGAACTGTA-1",8
"AAGGCAGAGAGATGAG-1",3
"AAGGCAGAGGTGATAT-1",3
"AAGGCAGCATAGTAAG-1",4
"AAGGCAGGTACTTCTT-1",0
"AAGGCAGGTGTGCCTG-1",1
"AAGGCAGTCAGATAAG-1",0
"AAGGCAGTCGGAATCT-1",0
"AAGGTTCAGTATCTCG-1",0
"AAGGTTCCATCACGTA-1",1
"AAGGTTCGTATATGGA-1",4
"AAGGTTCGTCCGAATT-1",6
"AAGGTTCGTCGACTAT-1",3
"AAGGTTCGTGTGACCC-1",2
"AAGGTTCTCCGTCATC-1",2
"AAGGTTCTCCTCGCAT-1",7
"AAGGTTCTCTGCGGCA-1",2
"AAGTCTGAGCCATCGC-1",0
"AAGTCTGAGTCAAGCG-1",1
"AAGTCTGCAAAGGAAG-1",0
"AAGTCTGGTCAGCTAT-1",4
"AAGTCTGTCAAACAAG-1",3
"AAGTCTGTCACTGGGC-1",3
"AAGTCTGTCAGCAACT-1",1
"AATCCAGCAAAGTGCG-1",3
"AATCCAGCAGCATACT-1",6
"AATCCAGGTAGGCATG-1",0
"AATCCAGGTCTCCCTA-1",1
"AATCCAGTCCGAATGT-1",1
"AATCGGTAGGCATGGT-1",10
"AATCGGTTCCTGTACC-1",6
"AATCGGTTCGCCGTGA-1",5
"ACACCAAAGATGAGAG-1",3
"ACACCAAAGCCCTAAT-1",2
"ACACCAAAGGATGGTC-1",0
"ACACCAAAGTGTCCAT-1",0
"ACACCAACACTTCGAA-1",3
"ACACCAACAGACGCTC-1",1
"ACACCAACAGCCTATA-1",0
"ACACCAAGTCGCGTGT-1",3
"ACACCAAGTCTAAACC-1",0
"ACACCAAGTTATGTGC-1",2
"ACACCAATCGCGTTTC-1",2
"ACACCCTAGCCAGGAT-1",1
"ACACCCTAGTACTTGC-1",1
"ACACCCTCAAGCGCTC-1",0
"ACACCCTCATCACAAC-1",1
"ACACCCTCATGCCCGA-1",1
"ACACCCTGTCTGGTCG-1",2
"ACACCCTTCCGCAAGC-1",11
"ACACCCTTCCTTGCCA-1",8
"ACACCCTTCTATCCTA-1",8
"ACACCCTTCTGGCGTG-1",0
"ACACCGGAGGCTCAGA-1",4
"ACACCGGAGTGACATA-1",0
"ACACCGGAGTTACCCA-1",0
"ACACCGGCAAGCCGTC-1",0
"ACACCGGCACCAGATT-1",7
"ACACCGGCACCGAAAG-1",5
"ACACCGGCATCACAAC-1",1
"ACACCGGTCCGCATAA-1",1
"ACACCGGTCTCGGACG-1",0
"ACACCGGTCTCTGTCG-1",1
"ACACTGAAGCACGCCT-1",2
"ACACTGAAGGTGATTA-1",7
"ACACTGACAATAGAGT-1",4
"ACACTGACAGACTCGC-1",3
"ACACTGACATCCAACA-1",3
"ACACTGAGTCCGAAGA-1",8
"ACACTGAGTGTTTGTG-1",5
"ACACTGAGTTTGACTG-1",0
"ACAGCCGAGGAATGGA-1",7
"ACAGCCGAGGCCCGTT-1",1
"ACAGCCGAGGTGCTTT-1",1
"ACAGCCGAGTGGTAGC-1",1
"ACAGCCGCATATACGC-1",2
"ACAGCCGCATGCAACT-1",0
"ACAGCCGGTAGGGTAC-1",2
"ACAGCCGGTCGAATCT-1",5
"ACAGCCGGTTCACCTC-1",0
"ACAGCCGGTTCCACTC-1",1
"ACAGCCGTCCAGAAGG-1",2
"ACAGCCGTCTTTACAC-1",6
"ACAGCTAAGCACCGCT-1",0
"ACAGCTAAGTATCTCG-1",0
"ACAGCTAAGTGTTGAA-1",3
"ACAGCTACATCGTCGG-1",8
"ACAGCTAGTCGACTAT-1",3
"ACAGCTAGTGGTACAG-1",0
"ACAGCTATCACCACCT-1",3
"ACAGCTATCTGCTTGC-1",4
"ACATACGAGAGCTTCT-1",1
"ACATACGAGCGTAGTG-1",1
"ACATACGAGCTTCGCG-1",1
"ACATACGAGCTTTGGT-1",0
"ACATACGCAAACGTGG-1",1
"ACATACGCAAGCCTAT-1",4
"ACATACGCATCTCCCA-1",1
"ACATACGCATTCTCAT-1",0
"ACATACGGTAGGAGTC-1",0
"ACATACGGTGCACCAC-1",0
"ACATACGGTGGTTTCA-1",2
"ACATACGTCGTATCAG-1",1
"ACATCAGAGCCACTAT-1",0
"ACATCAGAGCCTTGAT-1",1
"ACATCAGCAACACCCG-1",2
"ACATCAGCAACGATGG-1",1
"ACATCAGCAATTGCTG-1",0
"ACATCAGCACCGGAAA-1",0
"ACATCAGCATAAAGGT-1",3
"ACATCAGCATCCCACT-1",3
"ACATCAGCATTTGCCC-1",6
"ACATCAGGTAAGGATT-1",1
"ACATCAGGTCCGTGAC-1",8
"ACATCAGGTTAAGTAG-1",1
"ACATCAGTCAAACCGT-1",4
"ACATGGTAGCATGGCA-1",6
"ACATGGTAGCTGTTCA-1",0
"ACATGGTCACTTGGAT-1",0
"ACATGGTGTCAGATAA-1",2
"ACATGGTGTCTGCGGT-1",0
"ACATGGTGTGCAACTT-1",3
"ACATGGTTCCGCAAGC-1",3
"ACATGGTTCCTCCTAG-1",4
"ACATGGTTCTGGAGCC-1",7
"ACATGGTTCTTCTGGC-1",1
"ACCAGTAAGATCACGG-1",3
"ACCAGTAAGCTTCGCG-1",4
"ACCAGTACACAGATTC-1",3
"ACCAGTACACAGGCCT-1",2
"ACCAGTACAGTATGCT-1",0
"ACCAGTACAGTCAGAG-1",3
"ACCAGTACAGTTTACG-1",6
"ACCAGTAGTCACCCAG-1",6
"ACCAGTAGTCCATCCT-1",3
"ACCAGTAGTCTTCAAG-1",0
"ACCAGTAGTGGACGAT-1",3
"ACCAGTATCTGCGACG-1",3
"ACCAGTATCTGCTTGC-1",3
"ACCAGTATCTGTTTGT-1",2
"ACCCACTAGAGGTTAT-1",11
"ACCCACTAGATCCCGC-1",2
"ACCCACTAGATGTGTA-1",2
"ACCCACTAGCCCAATT-1",15
"ACCCACTCAAGGGTCA-1",0
"ACCCACTCAAGGTTCT-1",7
"ACCCACTGTAAATGAC-1",3
"ACCCACTGTAGCCTCG-1",1
"ACCCACTGTCAAAGAT-1",0
"ACCCACTGTCAATACC-1",0
"ACCCACTGTGTGGTTT-1",2
"ACCCACTTCGCAAACT-1",4
"ACCCACTTCTGCCAGG-1",9
"ACCGTAACAATCGGTT-1",0
"ACCGTAACAATCTACG-1",6
"ACCGTAACAGGTCCAC-1",9
"ACCGTAAGTACAGCAG-1",2
"ACCGTAAGTCATGCAT-1",3
"ACCGTAAGTGAGTGAC-1",2
"ACCGTAAGTTAAGAAC-1",7
"ACCGTAAGTTCCGTCT-1",5
"ACCGTAATCACATAGC-1",4
"ACCGTAATCATGTGGT-1",3
"ACCGTAATCTGAAAGA-1",0
"ACCTTTACAATCGGTT-1",0
"ACCTTTACACGGACAA-1",0
"ACCTTTACAGCAGTTT-1",2
"ACCTTTACATGCAACT-1",1
"ACCTTTACATTTCAGG-1",7
"ACCTTTAGTGAACCTT-1",3
"ACCTTTAGTTCCACTC-1",5
"ACCTTTATCTCTAGGA-1",2
"ACGAGCCAGGCAGGTT-1",0
"ACGAGCCCACAGGCCT-1",7
"ACGAGCCCATGGAATA-1",4
"ACGAGCCGTGCACGAA-1",12
"ACGAGCCGTGTGACCC-1",0
"ACGAGCCGTTGGTTTG-1",0
"ACGAGCCTCAGTCCCT-1",2
"ACGAGCCTCGCAAACT-1",3
"ACGAGGACACTACAGT-1",0
"ACGAGGACATGTAGTC-1",0
"ACGAGGAGTACACCGC-1",4
"ACGAGGAGTGCCTGCA-1",2
"ACGAGGAGTTCTGAAC-1",7
"ACGAGGATCTGCGGCA-1",2
"ACGATACAGAGTGACC-1",0
"ACGATACAGCGCCTTG-1",3
"ACGATACAGTGATCGG-1",0
"ACGATACCACGTTGGC-1",7
"ACGATACCATTGGGCC-1",0
"ACGATACGTCGAATCT-1",0
"ACGATACTCTGACCTC-1",3
"ACGATGTAGTGCGATG-1",0
"ACGATGTAGTTGAGAT-1",0
"ACGATGTCAACGCACC-1",5
"ACGATGTCACACGCTG-1",0
"ACGATGTGTATTCTCT-1",5
"ACGATGTGTCAGTGGA-1",4
"ACGATGTGTGACTACT-1",0
"ACGATGTGTGTCGCTG-1",1
"ACGATGTTCGCGTAGC-1",0
"ACGATGTTCTCTTATG-1",3
"ACGCAGCAGCGGCTTC-1",2
"ACGCAGCAGCTGCGAA-1",4
"ACGCAGCAGTGTACGG-1",1
"ACGCAGCCACCTCGTT-1",2
"ACGCAGCCATCGACGC-1",0
"ACGCAGCCATTACCTT-1",2
"ACGCAGCGTCCATGAT-1",1
"ACGCAGCGTCTACCTC-1",0
"ACGCAGCGTCTGGTCG-1",8
"ACGCAGCGTGCGATAG-1",3
"ACGCCAGCAAAGCAAT-1",1
"ACGCCAGCAACGCACC-1",2
"ACGCCAGCACGAGAGT-1",2
"ACGCCAGCAGTGAGTG-1",1
"ACGCCAGGTGCACTTA-1",3
"ACGCCAGGTGTGCGTC-1",3
"ACGCCAGTCACAGGCC-1",4
"ACGCCAGTCAGTGTTG-1",1
"ACGCCGAAGAAACGCC-1",2
"ACGCCGAAGATCTGCT-1",5
"ACGCCGACAGCCTGTG-1",6
"ACGCCGAGTTCCAACA-1",2
"ACGCCGATCCTATGTT-1",2
"ACGCCGATCGCAGGCT-1",0
"ACGCCGATCTTGTATC-1",3
"ACGGAGAAGCCAGTTT-1",0
"ACGGAGAAGGTCATCT-1",0
"ACGGAGACACACATGT-1",9
"ACGGAGACAGCCTGTG-1",2
"ACGGAGACAGCGTAAG-1",2
"ACGGAGACAGTAAGCG-1",6
"ACGGAGAGTGTGACGA-1",2
"ACGGAGATCCACGAAT-1",3
"ACGGCCACACATCCAA-1",9
"ACGGCCACACATTCGA-1",0
"ACGGCCAGTACCGTAT-1",0
"ACGGCCAGTGTATGGG-1",6
"ACGGCCATCACGGTTA-1",4
"ACGGCCATCAGTGTTG-1",3
"ACGGCCATCTACTATC-1",2
"ACGGGCTAGGATCGCA-1",7
"ACGGGCTAGGTTCCTA-1",0
"ACGGGCTAGTGGCACA-1",1
"ACGGGCTCATCTGGTA-1",3
"ACGGGCTGTGAGGCTA-1",2
"ACGGGCTTCCGAACGC-1",1
"ACGGGTCAGATGCCAG-1",2
"ACGGGTCCATGATCCA-1",0
"ACGGGTCCATTAGGCT-1",3
"ACGGGTCCATTTCACT-1",4
"ACGGGTCGTTAGGGTG-1",0
"ACGGGTCTCAACACCA-1",6
"ACGGGTCTCCACGCAG-1",0
"ACGTCAAAGGGCTTCC-1",0
"ACGTCAAAGTGGTAAT-1",1
"ACGTCAACAACTGCGC-1",1
"ACGTCAACACAAGACG-1",3
"ACGTCAAGTAGCTCCG-1",4
"ACGTCAAGTGTCGCTG-1",13
"ACGTCAAGTTATGCGT-1",0
"ACGTCAATCAACCAAC-1",0
"ACGTCAATCATAACCG-1",1
"ACGTCAATCCAGAAGG-1",5
"ACGTCAATCTAACTCT-1",2
"ACTATCTAGAGGTTAT-1",2
"ACTATCTAGATACACA-1",3
"ACTATCTAGGAGTAGA-1",3
"ACTATCTAGGCATGTG-1",2
"ACTATCTCAAATACAG-1",2
"ACTATCTCAAATTGCC-1",1
"ACTATCTGTAGGGACT-1",2
"ACTATCTGTCGCGTGT-1",10
"ACTATCTGTGCACGAA-1",0
"ACTATCTGTGGTTTCA-1",6
"ACTATCTTCGCCGTGA-1",1
"ACTGAACAGAGTGAGA-1",5
"ACTGAACAGATCCCGC-1",2
"ACTGAACAGGTGATAT-1",5
"ACTGAACCAAAGCGGT-1",4
"ACTGAACCAAGCGAGT-1",0
"ACTGAACCAATTCCTT-1",1
"ACTGAACCAGCTGGCT-1",1
"ACTGAACCAGTCTTCC-1",0
"ACTGAACCATTACCTT-1",4
"ACTGAACGTAAGCACG-1",3
"ACTGAACGTAATCGTC-1",1
"ACTGAACGTCCAGTAT-1",0
"ACTGAACGTCTGATCA-1",1
"ACTGAACTCCCACTTG-1",2
"ACTGAGTAGCCGGTAA-1",3
"ACTGAGTCAGTGGGAT-1",3
"ACTGAGTCATTTGCCC-1",2
"ACTGAGTGTAGAGCTG-1",1
"ACTGAGTGTTGTGGCC-1",4
"ACTGAGTTCAGGTTCA-1",2
"ACTGATGAGACAGACC-1",2
"ACTGATGAGCGGATCA-1",7
"ACTGATGAGGTGCTTT-1",4
"ACTGATGCAGCAGTTT-1",2
"ACTGATGCATCACAAC-1",0
"ACTGATGGTCATGCAT-1",0
"ACTGATGTCACAATGC-1",11
"ACTGATGTCACTCCTG-1",4
"ACTGATGTCCCTGACT-1",1
"ACTGATGTCCGCTGTT-1",1
"ACTGATGTCCGGCACA-1",8
"ACTGATGTCCTATTCA-1",6
"ACTGCTCAGAGCTTCT-1",2
"ACTGCTCAGATGCCTT-1",1
"ACTGCTCCACACCGCA-1",5
"ACTGCTCCAGATGGGT-1",3
"ACTGCTCCATGCCTAA-1",9
"ACTGCTCGTAGGCATG-1",0
"ACTGCTCGTATCACCA-1",0
"ACTGCTCGTCCGAAGA-1",2
"ACTGCTCTCCGAGCCA-1",9
"ACTGTCCAGAGGGCTT-1",2
"ACTGTCCAGCAGCGTA-1",2
"ACTGTCCAGGCATGGT-1",4
"ACTGTCCCAAGGTTTC-1",5
"ACTGTCCCAAGTACCT-1",2
"ACTGTCCCAGTATCTG-1",2
"ACTGTCCCATAGAAAC-1",4
"ACTGTCCGTTGAGGTG-1",6
"ACTGTCCTCCACGTGG-1",5
"ACTGTCCTCCTTGGTC-1",4
"ACTGTCCTCTCTGTCG-1",2
"ACTTACTAGCGATAGC-1",5
"ACTTACTAGGGATGGG-1",0
"ACTTACTCACAGACAG-1",1
"ACTTACTCACATTTCT-1",0
"ACTTACTGTACTCAAC-1",5
"ACTTACTGTTCCACAA-1",2
"ACTTACTTCATCGGAT-1",4
"ACTTGTTAGACAAGCC-1",4
"ACTTGTTAGCTAGCCC-1",0
"ACTTGTTAGTTACCCA-1",1
"ACTTGTTCACGACGAA-1",3
"ACTTGTTCACGGCTAC-1",7
"ACTTGTTGTATCGCAT-1",0
"ACTTGTTGTGGTAACG-1",4
"ACTTGTTGTTGTGGAG-1",2
"ACTTGTTTCATCACCC-1",2
"ACTTTCACATGGTCAT-1",3
"ACTTTCAGTGACTACT-1",2
"ACTTTCATCGCCAGCA-1",9
"AGAATAGAGCTGAACG-1",1
"AGAATAGAGCTGTCTA-1",0
"AGAATAGAGGTAGCTG-1",4
"AGAATAGCATGGTCTA-1",1
"AGAATAGGTAATCGTC-1",0
"AGAATAGGTATTCTCT-1",4
"AGAATAGGTGCGGTAA-1",1
"AGAATAGGTTAAGAAC-1",1
"AGAATAGTCAGGCCCA-1",4
"AGACGTTAGAATGTGT-1",0
"AGACGTTAGCTCCTCT-1",4
"AGACGTTAGTGCCAGA-1",3
"AGACGTTCAGGATCGA-1",2
"AGACGTTGTAGCTGCC-1",2
"AGACGTTGTCTGCAAT-1",0
"AGACGTTGTTCTGTTT-1",6
"AGACGTTTCGCATGGC-1",6
"AGACGTTTCGCTTAGA-1",3
"AGAGCGACAACTTGAC-1",4
"AGAGCGACAAGTACCT-1",0
"AGAGCGACACAACGTT-1",4
"AGAGCGACATGAGCGA-1",0
"AGAGCGAGTCAGTGGA-1",0
"AGAGCGAGTCGACTGC-1",3
"AGAGCGAGTTGAGTTC-1",4
"AGAGCGATCGCGTAGC-1",0
"AGAGCGATCTATCCTA-1",1
"AGAGCGATCTCGCTTG-1",2
"AGAGCTTAGCCGTCGT-1",0
"AGAGCTTAGTACACCT-1",2
"AGAGCTTAGTCATGCT-1",0
"AGAGCTTGTAGAGCTG-1",3
"AGAGCTTGTATCACCA-1",4
"AGAGCTTTCACTATTC-1",5
"AGAGCTTTCCTGCAGG-1",0
"AGAGCTTTCGCAAACT-1",2
"AGAGCTTTCGCTTAGA-1",1
"AGAGTGGAGAGCCTAG-1",4
"AGAGTGGAGGCCCTTG-1",3
"AGAGTGGAGGTACTCT-1",2
"AGAGTGGCACAAGACG-1",2
"AGAGTGGCACCTCGTT-1",3
"AGAGTGGCATCCGGGT-1",0
"AGAGTGGCATCTGGTA-1",1
"AGAGTGGGTCAGCTAT-1",9
"AGAGTGGGTCCTCCAT-1",5
"AGAGTGGGTCTAGTCA-1",4
"AGAGTGGGTTACCGAT-1",6
"AGATCTGAGGTGGGTT-1",3
"AGATCTGAGTCAAGGC-1",0
"AGATCTGCAATGTTGC-1",4
"AGATCTGTCGAATCCA-1",0
"AGATCTGTCTGCAGTA-1",2
"AGATTGCAGGCTACGA-1",0
"AGATTGCCACGACGAA-1",4
"AGATTGCCAGATGGGT-1",0
"AGATTGCGTAGAGCTG-1",12
"AGATTGCGTGATGTCT-1",0
"AGATTGCGTGTTCGAT-1",1
"AGATTGCGTTCACGGC-1",2
"AGATTGCTCACTGGGC-1",0
"AGATTGCTCATCTGTT-1",2
"AGCAGCCAGCTGATAA-1",3
"AGCAGCCCACCGAAAG-1",2
"AGCAGCCGTCGACTGC-1",2
"AGCAGCCGTCGCTTTC-1",0
"AGCAGCCGTCTAACGT-1",2
"AGCAGCCGTGTGAAAT-1",2
"AGCAGCCGTTTGTTGG-1",1
"AGCAGCCTCCAAACAC-1",1
"AGCATACAGTGGTAGC-1",2
"AGCATACAGTTGTCGT-1",6
"AGCATACGTCTTCTCG-1",5
"AGCATACGTTAAGTAG-1",4
"AGCATACTCCGTTGCT-1",2
"AGCCTAAAGATATGGT-1",6
"AGCCTAACAAAGCGGT-1",4
"AGCCTAACAGATAATG-1",0
"AGCCTAAGTACGAAAT-1",1
"AGCCTAAGTCACCTAA-1",4
"AGCCTAAGTGTGCCTG-1",2
"AGCCTAATCACCCGAG-1",3
"AGCCTAATCCAATGGT-1",0
"AGCCTAATCCTTGGTC-1",6
"AGCCTAATCTGTGCAA-1",8
"AGCCTAATCTGTTTGT-1",0
"AGCGGTCAGCGAAGGG-1",1
"AGCGGTCAGGTACTCT-1",0
"AGCGGTCAGTGACTCT-1",2
"AGCGGTCCAGCCTTGG-1",4
"AGCGGTCGTCCTAGCG-1",5
"AGCGGTCGTGGTGTAG-1",0
"AGCGGTCGTTAAGGGC-1",4
"AGCGGTCGTTTGCATG-1",0
"AGCGGTCTCCGAAGAG-1",2
"AGCGGTCTCCTCAATT-1",12
"AGCGGTCTCTGGGCCA-1",1
"AGCGTATAGAACTGTA-1",0
"AGCGTATAGCGATGAC-1",8
"AGCGTATAGGTACTCT-1",3
"AGCGTATGTTGAGGTG-1",3
"AGCGTATTCCAGAGGA-1",1
"AGCGTCGAGTTGAGTA-1",1
"AGCGTCGCAGGGATTG-1",8
"AGCGTCGTCTGAAAGA-1",0
"AGCTCCTAGACCTAGG-1",4
"AGCTCCTAGCGTTTAC-1",7
"AGCTCCTGTGTTTGTG-1",1
"AGCTCCTGTTGTCTTT-1",3
"AGCTCCTTCCGAATGT-1",0
"AGCTCCTTCTTGACGA-1",3
"AGCTCTCAGCGGATCA-1",0
"AGCTCTCAGCTGTTCA-1",1
"AGCTCTCAGGTGCTAG-1",7
"AGCTCTCCATACAGCT-1",2
"AGCTCTCGTCAGAGGT-1",3
"AGCTCTCGTGGGTCAA-1",3
"AGCTCTCTCACAACGT-1",0
"AGCTCTCTCTTGACGA-1",3
"AGCTTGAAGCATCATC-1",3
"AGCTTGAAGTAGCGGT-1",5
"AGCTTGAAGTTGTCGT-1",0
"AGCTTGACAATCCAAC-1",3
"AGCTTGACACCGATAT-1",3
"AGCTTGAGTCTACCTC-1",0
"AGCTTGAGTGCGCTTG-1",4
"AGCTTGAGTTACGCGC-1",0
"AGCTTGATCCTGCCAT-1",8
"AGCTTGATCTGCAAGT-1",2
"AGGCCACAGAGTAAGG-1",2
"AGGCCACAGGGTCTCC-1",8
"AGGCCACAGTACTTGC-1",4
"AGGCCACCAGGACCCT-1",1
"AGGCCACCATCAGTCA-1",3
"AGGCCACTCATGCTCC-1",0
"AGGCCACTCATGGTCA-1",0
"AGGCCACTCATTGCGA-1",1
"AGGCCGTAGGATCGCA-1",0
"AGGCCGTCACGTAAGG-1",4
"AGGCCGTCAGCTCGAC-1",0
"AGGCCGTCATCGTCGG-1",5
"AGGCCGTTCACGGTTA-1",0
"AGGCCGTTCGAACTGT-1",0
"AGGCCGTTCTCAAGTG-1",1
"AGGCCGTTCTGCTTGC-1",0
"AGGGAGTAGCCCAACC-1",1
"AGGGAGTAGGAGTACC-1",3
"AGGGAGTAGGCAGGTT-1",2
"AGGGAGTCACGAGAGT-1",0
"AGGGAGTCAGAAGCAC-1",0
"AGGGAGTCAGATCCAT-1",4
"AGGGAGTCATCGACGC-1",0
"AGGGAGTCATGCTAGT-1",4
"AGGGAGTGTCCATGAT-1",0
"AGGGAGTTCATAACCG-1",0
"AGGGATGAGCTCTCGG-1",1
"AGGGATGAGGAGTAGA-1",3
"AGGGATGAGTAGCGGT-1",6
"AGGGATGCAATGAATG-1",7
"AGGGATGCAATGGAGC-1",0
"AGGGATGCACAAGACG-1",0
"AGGGATGCACATTTCT-1",0
"AGGGATGCATGGTCTA-1",4
"AGGGATGGTTAAAGTG-1",1
"AGGGATGGTTATGCGT-1",0
"AGGGATGTCGTGACAT-1",2
"AGGGTGAAGATGGCGT-1",0
"AGGGTGAAGATGGGTC-1",4
"AGGGTGAAGGCTCAGA-1",6
"AGGGTGACACGAGAGT-1",2
"AGGGTGACAGATGGCA-1",2
"AGGGTGACAGATTGCT-1",2
"AGGGTGAGTACTCTCC-1",8
"AGGGTGAGTTATCGGT-1",4
"AGGGTGAGTTCTGAAC-1",2
"AGGGTGATCTCGCTTG-1",8
"AGGTCATAGAGCCCAA-1",0
"AGGTCATAGCCAGAAC-1",10
"AGGTCATAGGCATGGT-1",2
"AGGTCATAGGGAGTAA-1",1
"AGGTCATCACTCAGGC-1",1
"AGGTCATCACTCTGTC-1",2
"AGGTCATGTTCCACTC-1",2
"AGGTCATTCTCGTTTA-1",0
"AGGTCCGAGGATGCGT-1",0
"AGGTCCGCAACACGCC-1",0
"AGGTCCGGTGATGCCC-1",2
"AGGTCCGTCCATGAAC-1",0
"AGGTCCGTCGCCCTTA-1",0
"AGGTCCGTCTGCGTAA-1",1
"AGTAGTCAGACTGTAA-1",1
"AGTAGTCAGTACGACG-1",0
"AGTAGTCAGTTTAGGA-1",3
"AGTAGTCCAACTGGCC-1",3
"AGTAGTCGTGCAGACA-1",1
"AGTAGTCTCACCCGAG-1",6
"AGTCTTTAGGCAGTCA-1",6
"AGTCTTTCAAATCCGT-1",0
"AGTCTTTCATATACCG-1",9
"AGTCTTTGTGCTTCTC-1",3
"AGTCTTTGTGTCCTCT-1",2
"AGTCTTTGTTTGTTTC-1",0
"AGTCTTTTCGCAGGCT-1",8
"AGTCTTTTCGCGTAGC-1",3
"AGTCTTTTCGCTAGCG-1",0
"AGTCTTTTCGCTTGTC-1",8
"AGTCTTTTCTGACCTC-1",0
"AGTGAGGAGATAGCAT-1",1
"AGTGAGGCAGGTGCCT-1",2
"AGTGAGGGTATGAAAC-1",5
"AGTGAGGGTCACTTCC-1",4
"AGTGAGGGTCGCGAAA-1",1
"AGTGAGGGTTATGTGC-1",3
"AGTGAGGTCTACTATC-1",6
"AGTGGGAAGCAGACTG-1",2
"AGTGGGACAAACGCGA-1",2
"AGTGGGACAAGCCGTC-1",2
"AGTGGGACACAGGAGT-1",1
"AGTGGGACACGAGAGT-1",7
"AGTGGGATCATCGATG-1",7
"AGTGGGATCCACGAAT-1",0
"AGTGGGATCCTGCAGG-1",2
"AGTGTCAAGAAGCCCA-1",1
"AGTGTCAAGCTAGTCT-1",3
"AGTGTCAAGTACGACG-1",2
"AGTGTCAAGTGAACAT-1",4
"AGTGTCACACCATCCT-1",3
"AGTGTCACAGTAAGCG-1",4
"AGTGTCACAGTGGAGT-1",6
"AGTGTCAGTAAACCTC-1",0
"AGTGTCAGTACAGCAG-1",1
"AGTGTCAGTCTCCACT-1",1
"AGTGTCAGTTTGACTG-1",0
"AGTGTCATCAAAGTAG-1",3
"AGTGTCATCCGTCAAA-1",5
"AGTGTCATCGTTACAG-1",6
"AGTGTCATCTGTCAAG-1",4
"AGTTGGTAGACTGTAA-1",2
"AGTTGGTAGTACGCGA-1",0
"AGTTGGTCAAATTGCC-1",1
"AGTTGGTCAGGAATGC-1",3
"AGTTGGTCATGCGCAC-1",0
"AGTTGGTGTACCGTAT-1",4
"AGTTGGTGTATGCTTG-1",6
"AGTTGGTGTCAGGACA-1",0
"AGTTGGTGTTCAGACT-1",1
"AGTTGGTTCAGTACGT-1",2
"AGTTGGTTCCTCAACC-1",0
"AGTTGGTTCGTACCGG-1",2
"AGTTGGTTCTGTCCGT-1",0
"ATAACGCAGTTGAGTA-1",0
"ATAACGCCACGTGAGA-1",0
"ATAACGCGTGAACCTT-1",5
"ATAACGCGTGTCCTCT-1",0
"ATAACGCGTGTGAAAT-1",1
"ATAACGCTCTCCGGTT-1",5
"ATAAGAGAGTCCGGTC-1",1
"ATAAGAGCAACTGCGC-1",2
"ATAAGAGCAGTATCTG-1",2
"ATAAGAGGTGACGCCT-1",0
"ATAAGAGGTTAAAGTG-1",14
"ATAAGAGTCAGCACAT-1",3
"ATAAGAGTCAGTGCAT-1",2
"ATAGACCAGAGAGCTC-1",4
"ATAGACCAGCCCAATT-1",0
"ATAGACCCAAGCCATT-1",3
"ATAGACCCATCTGGTA-1",7
"ATAGACCGTATATGGA-1",1
"ATAGACCGTGGACGAT-1",10
"ATAGACCGTGGCGAAT-1",2
"ATAGACCGTTTCGCTC-1",2
"ATCACGAAGAACTCGG-1",7
"ATCACGAAGACACGAC-1",8
"ATCACGAAGTTACCCA-1",3
"ATCACGACAAGACACG-1",3
"ATCACGACAAGCGTAG-1",6
"ATCACGACACACATGT-1",3
"ATCACGACACCACCAG-1",2
"ATCACGACACGGTAAG-1",5
"ATCACGACAGCGAACA-1",4
"ATCACGATCCCGACTT-1",2
"ATCACGATCGGTGTCG-1",5
"ATCATCTAGCCTATGT-1",3
"ATCATCTAGGCCATAG-1",1
"ATCATCTAGTACTTGC-1",0
"ATCATCTCAGACGCCT-1",2
"ATCATCTCATCCGTGG-1",4
"ATCATCTGTATTACCG-1",4
"ATCATCTGTCACTTCC-1",2
"ATCATCTTCAGCGACC-1",0
"ATCATCTTCCTCAACC-1",2
"ATCATGGCAAGCGTAG-1",2
"ATCATGGCAAGGTTCT-1",3
"ATCATGGCACTACAGT-1",0
"ATCATGGGTAAGGGAA-1",6
"ATCATGGGTTGTGGCC-1",3
"ATCATGGTCAATAAGG-1",1
"ATCATGGTCCAATGGT-1",1
"ATCATGGTCGCCATAA-1",8
"ATCATGGTCGGTTAAC-1",4
"ATCCACCAGCTAGTCT-1",10
"ATCCACCAGGCTCTTA-1",5
"ATCCACCCAAACGTGG-1",0
"ATCCACCCAGTTAACC-1",2
"ATCCACCGTCCGAAGA-1",0
"ATCCACCGTTTGTTTC-1",6
"ATCCACCTCCTGCTTG-1",3
"ATCCACCTCCTTAATC-1",3
"ATCCACCTCTGGTATG-1",6
"ATCCGAAAGCGATGAC-1",0
"ATCCGAAAGCTAGGCA-1",9
"ATCCGAACAAACGTGG-1",1
"ATCCGAACAACAACCT-1",2
"ATCCGAACAAGGACTG-1",3
"ATCCGAACACCCATTC-1",3
"ATCCGAACACGGTAGA-1",1
"ATCCGAAGTAGCGCTC-1",0
"ATCCGAAGTCATTAGC-1",6
"ATCCGAAGTCTCTTAT-1",3
"ATCCGAATCCAACCAA-1",2
"ATCCGAATCCTTGACC-1",6
"ATCCGAATCTTGTCAT-1",2
"ATCGAGTAGACTTTCG-1",3
"ATCGAGTCATCCGGGT-1",2
"ATCGAGTGTCCCTTGT-1",1
"ATCGAGTGTCTCCCTA-1",4
"ATCGAGTTCATGCATG-1",5
"ATCGAGTTCCTGCCAT-1",0
"ATCTACTAGGTGTGGT-1",5
"ATCTACTCAGCTGTAT-1",8
"ATCTACTCAGTACACT-1",0
"ATCTACTCATGACATC-1",1
"ATCTACTGTAAGTAGT-1",5
"ATCTACTGTGTCGCTG-1",2
"ATCTACTTCCGCGTTT-1",1
"ATCTACTTCGCAAGCC-1",9
"ATCTACTTCTATCGCC-1",4
"ATCTACTTCTCTAAGG-1",1
"ATCTGCCAGGCTCAGA-1",2
"ATCTGCCGTACAGTTC-1",1
"ATCTGCCGTTGTGGAG-1",0
"ATCTGCCTCAGAGACG-1",1
"ATCTGCCTCAGCTGGC-1",6
"ATCTGCCTCGTACGGC-1",0
"ATCTGCCTCTCGAGTA-1",10
"ATCTGCCTCTGAGTGT-1",1
"ATCTGCCTCTTGTATC-1",2
"ATGAGGGAGGTCGGAT-1",7
"ATGAGGGCATGACGGA-1",0
"ATGAGGGCATTAGGCT-1",0
"ATGAGGGTCACATGCA-1",1
"ATGAGGGTCAGTCCCT-1",3
"ATGCGATAGTCAATAG-1",0
"ATGCGATCATGTTGAC-1",2
"ATGCGATGTGCAGTAG-1",3
"ATGCGATGTGCATCTA-1",0
"ATGCGATTCCCAAGAT-1",0
"ATGCGATTCGCCATAA-1",0
"ATGGGAGAGCAATATG-1",2
"ATGGGAGAGCCACGCT-1",0
"ATGGGAGAGGTGATAT-1",6
"ATGGGAGCACCAGGTC-1",1
"ATGGGAGCACTATCTT-1",6
"ATGGGAGCAGCATACT-1",0
"ATGGGAGCATAGAAAC-1",2
"ATGGGAGCATTACCTT-1",1
"ATGGGAGTCAAGGTAA-1",0
"ATGTGTGAGCGAAGGG-1",0
"ATGTGTGAGGGTTTCT-1",4
"ATGTGTGAGTTGAGTA-1",3
"ATGTGTGCACGGCGTT-1",6
"ATGTGTGCACGGTTTA-1",1
"ATGTGTGCAGTATAAG-1",0
"ATGTGTGTCACGCGGT-1",3
"ATTACTCAGATGTGTA-1",5
"ATTACTCAGCGTAATA-1",0
"ATTACTCAGGTGCACA-1",4
"ATTACTCAGTGAAGTT-1",4
"ATTACTCCAAACTGTC-1",4
"ATTACTCCACCATCCT-1",5
"ATTACTCCAGACTCGC-1",7
"ATTACTCCATATGCTG-1",0
"ATTACTCCATCGGTTA-1",2
"ATTACTCCATTGCGGC-1",1
"ATTACTCGTTAAAGAC-1",3
"ATTACTCTCCGAACGC-1",5
"ATTATCCAGAGTACCG-1",1
"ATTATCCAGCTTATCG-1",1
"ATTATCCCACAAGCCC-1",3
"ATTATCCCATATGAGA-1",1
"ATTATCCCATCTGGTA-1",3
"ATTATCCGTCGTTGTA-1",10
"ATTATCCGTCTCTCTG-1",2
"ATTATCCTCAACGGGA-1",2
"ATTATCCTCCGCGCAA-1",0
"ATTATCCTCTCCGGTT-1",6
"ATTCTACGTCACTTCC-1",0
"ATTCTACGTCTAGTCA-1",2
"ATTCTACGTTGTCGCG-1",2
"ATTGGACAGCAGATCG-1",3
"ATTGGACAGGGCATGT-1",0
"ATTGGACAGTGGACGT-1",0
"ATTGGACCAAGACACG-1",4
"ATTGGACGTAATAGCA-1",5
"ATTGGACTCCTGCTTG-1",3
"ATTGGACTCGGCGCAT-1",7
"ATTGGACTCGTTTGCC-1",5
"ATTGGTGAGAATGTTG-1",3
"ATTGGTGCAAGCTGAG-1",2
"ATTGGTGCAGCAGTTT-1",1
"ATTGGTGGTATGGTTC-1",0
"ATTGGTGGTTGAGTTC-1",3
"ATTGGTGTCAAAGTAG-1",2
"ATTGGTGTCGGAAACG-1",2
"ATTTCTGAGGGATACC-1",0
"ATTTCTGAGGGATCTG-1",3
"ATTTCTGAGGTGTTAA-1",3
"ATTTCTGAGTCGAGTG-1",2
"ATTTCTGAGTTCGCAT-1",2
"ATTTCTGCAAGGTGTG-1",4
"ATTTCTGGTAGCTCCG-1",0
"ATTTCTGGTGCACGAA-1",1
"ATTTCTGGTTGCCTCT-1",3
"ATTTCTGTCAAAGTAG-1",1
"ATTTCTGTCAGCTCGG-1",2
"ATTTCTGTCTTGGGTA-1",0
"CAACCAAAGAAACGCC-1",1
"CAACCAAAGAGGGCTT-1",2
"CAACCAAAGCTGAAAT-1",2
"CAACCAAAGGACAGCT-1",0
"CAACCAAAGGGAGTAA-1",0
"CAACCAACATACGCTA-1",6
"CAACCTCAGTAATCCC-1",6
"CAACCTCCAGACGCAA-1",2
"CAACCTCGTGAGTGAC-1",6
"CAACCTCGTTCCACGG-1",0
"CAACCTCTCATACGGT-1",2
"CAACCTCTCCGATATG-1",1
"CAACCTCTCCTTTACA-1",4
"CAACCTCTCTCTAGGA-1",1
"CAACTAGAGAATAGGG-1",3
"CAACTAGAGGATGCGT-1",0
"CAACTAGCACCATCCT-1",2
"CAACTAGCAGACTCGC-1",3
"CAACTAGCAGTTCATG-1",2
"CAACTAGGTACGCACC-1",3
"CAACTAGTCAGGCCCA-1",0
"CAAGAAAAGAAGGACA-1",4
"CAAGAAAAGACGCACA-1",1
"CAAGAAAAGGCCCTTG-1",8
"CAAGAAAAGGTGATAT-1",6
"CAAGAAAAGTCGATAA-1",3
"CAAGAAAAGTGGAGTC-1",3
"CAAGAAAAGTGTACCT-1",8
"CAAGAAACACGGTGTC-1",5
"CAAGAAATCTGCTTGC-1",3
"CAAGATCAGCTGAAAT-1",3
"CAAGATCGTAAGAGGA-1",5
"CAAGATCGTGCCTTGG-1",1
"CAAGATCTCAACACCA-1",1
"CAAGATCTCTCGATGA-1",1
"CAAGGCCAGGAGTCTG-1",2
"CAAGGCCAGGCTATCT-1",6
"CAAGGCCCACGGTAAG-1",9
"CAAGGCCCATGTTCCC-1",1
"CAAGGCCGTCCGTCAG-1",0
"CAAGGCCTCAACGGGA-1",0
"CAAGGCCTCCTTGACC-1",5
"CAAGGCCTCGTGACAT-1",0
"CAAGTTGAGACAGGCT-1",0
"CAAGTTGAGATGTCGG-1",3
"CAAGTTGAGCGTCAAG-1",2
"CAAGTTGAGCGTTTAC-1",0
"CAAGTTGCACATTAGC-1",1
"CAAGTTGCACGCTTTC-1",5
"CAAGTTGCACGGTGTC-1",7
"CAAGTTGCATTCTTAC-1",9
"CAAGTTGGTACTCAAC-1",0
"CAAGTTGGTCAGGACA-1",4
"CAAGTTGGTCGGCACT-1",3
"CAAGTTGTCAACGAAA-1",5
"CAAGTTGTCACCACCT-1",0
"CAAGTTGTCATTGCCC-1",1
"CAAGTTGTCGAATCCA-1",4
"CAAGTTGTCTACTTAC-1",1
"CACAAACAGGGCTCTC-1",3
"CACAAACAGGGCTTGA-1",1
"CACAAACAGTGACATA-1",2
"CACAAACCAACTGCGC-1",6
"CACAAACCAATAAGCA-1",10
"CACAAACCAATCAGAA-1",2
"CACAAACCACTTAACG-1",1
"CACAAACCATGAACCT-1",4
"CACAAACCATGGTCAT-1",2
"CACAAACGTCAACTGT-1",2
"CACAAACGTCAGAATA-1",2
"CACAAACTCTTCGGTC-1",0
"CACAAACTCTTGGGTA-1",8
"CACACAAAGCGACGTA-1",3
"CACACAAAGGGAGTAA-1",5
"CACACAACAAACGTGG-1",1
"CACACAACACATGACT-1",8
"CACACAACATCGATTG-1",2
"CACACAACATTGGGCC-1",3
"CACACAAGTACGACCC-1",7
"CACACAAGTCAGTGGA-1",1
"CACACAAGTCATCGGC-1",5
"CACACAAGTTTACTCT-1",1
"CACACAATCCACGTGG-1",4
"CACACAATCCACGTTC-1",1
"CACACAATCGGCGCAT-1",1
"CACACCTAGAGACTAT-1",11
"CACACCTAGGACATTA-1",2
"CACACCTAGTCATCCA-1",0
"CACACCTAGTGTGAAT-1",0
"CACACCTCACTGAAGG-1",12
"CACACCTCATAGGATA-1",0
"CACACCTCATAGTAAG-1",3
"CACACCTCATTGGGCC-1",8
"CACACCTGTACAGCAG-1",5
"CACACCTGTACCGCTG-1",4
"CACACCTGTCCAAGTT-1",0
"CACACCTGTGGACGAT-1",2
"CACACCTGTGGTCTCG-1",2
"CACACCTTCATGTCTT-1",3
"CACACCTTCTGGCGAC-1",4
"CACACTCAGGGAAACA-1",2
"CACACTCCAACACCTA-1",2
"CACACTCCAAGGGTCA-1",3
"CACACTCGTGACGCCT-1",6
"CACACTCGTTTGTGTG-1",0
"CACAGGCAGCCATCGC-1",4
"CACAGGCAGGGATGGG-1",3
"CACAGGCCAAGAGTCG-1",4
"CACAGGCCAATGGAGC-1",2
"CACAGGCGTCTAGGTT-1",1
"CACAGGCGTTACGCGC-1",1
"CACAGGCTCGGGAGTA-1",3
"CACAGGCTCTATGTGG-1",6
"CACAGTAAGACGCAAC-1",0
"CACAGTAAGACGCACA-1",6
"CACAGTAAGTGGGCTA-1",5
"CACAGTACAACTGGCC-1",1
"CACAGTACATCGGACC-1",2
"CACAGTAGTTCCATGA-1",2
"CACATAGAGCCCAATT-1",1
"CACATAGAGTGTACTC-1",5
"CACATAGCACTTCTGC-1",1
"CACATAGCAGGGTATG-1",4
"CACATAGTCCTTGCCA-1",2
"CACATAGTCGGCGCAT-1",0
"CACATTTAGCAGATCG-1",2
"CACATTTAGGGCACTA-1",0
"CACATTTCACGGCGTT-1",3
"CACATTTCATTACCTT-1",6
"CACATTTGTCGAACAG-1",3
"CACATTTGTGTTGAGG-1",8
"CACATTTTCCAGAGGA-1",0
"CACATTTTCCGCATCT-1",1
"CACATTTTCTACTATC-1",2
"CACATTTTCTGTGCAA-1",0
"CACCACTAGCCACGTC-1",0
"CACCACTAGTGGTAAT-1",3
"CACCACTAGTTACCCA-1",2
"CACCACTCAAGCCCAC-1",1
"CACCACTCAGTTCATG-1",0
"CACCACTGTTATTCTC-1",6
"CACCACTTCACCGGGT-1",7
"CACCACTTCGAATCCA-1",4
"CACCACTTCGACCAGC-1",0
"CACCACTTCTAACCGA-1",2
"CACCACTTCTTTAGTC-1",4
"CACCAGGCACATTAGC-1",1
"CACCAGGCACTGCCAG-1",0
"CACCAGGCATAAAGGT-1",9
"CACCAGGCATGAACCT-1",5
"CACCAGGGTGAAATCA-1",0
"CACCAGGGTGTTTGGT-1",2
"CACCAGGGTTATCACG-1",1
"CACCAGGTCATGTAGC-1",1
"CACCAGGTCTGCTTGC-1",0
"CACCTTGAGACTTGAA-1",11
"CACCTTGAGTCAATAG-1",0
"CACCTTGCACTAGTAC-1",0
"CACCTTGCAGGCGATA-1",4
"CACCTTGCATTCCTGC-1",0
"CACCTTGGTCATTAGC-1",10
"CACCTTGGTGATGTCT-1",1
"CACCTTGGTGTGAAAT-1",1
"CACCTTGGTTATGTGC-1",0
"CACCTTGTCAACCATG-1",1
"CACCTTGTCATTATCC-1",4
"CACCTTGTCCAAAGTC-1",0
"CACCTTGTCTCACATT-1",5
"CACTCCAAGACAAGCC-1",2
"CACTCCAAGGTACTCT-1",3
"CACTCCACAATGGACG-1",2
"CACTCCAGTACATGTC-1",3
"CACTCCAGTTGTCGCG-1",2
"CACTCCATCAACACAC-1",2
"CACTCCATCCCAGGTG-1",0
"CAGAATCAGAAACCTA-1",1
"CAGAATCAGCCAACAG-1",10
"CAGAATCAGCTGGAAC-1",1
"CAGAATCAGGACTGGT-1",1
"CAGAATCAGTATCGAA-1",2
"CAGAATCCACAGAGGT-1",4
"CAGAATCCAGGGTACA-1",2
"CAGAATCGTAAGTGTA-1",3
"CAGAATCGTAATCACC-1",10
"CAGAATCTCAGTTTGG-1",1
"CAGAATCTCGCAAGCC-1",0
"CAGAATCTCGGTCCGA-1",0
"CAGAATCTCTTGCAAG-1",2
"CAGAATCTCTTGTACT-1",1
"CAGAGAGAGAATTGTG-1",6
"CAGAGAGAGCAATATG-1",1
"CAGAGAGCAAGAAGAG-1",2
"CAGAGAGCACCAGATT-1",0
"CAGAGAGGTAATCACC-1",3
"CAGAGAGGTAGCTGCC-1",4
"CAGAGAGGTAGGACAC-1",2
"CAGAGAGGTATAGGGC-1",1
"CAGAGAGGTCCGAATT-1",0
"CAGAGAGGTTGAGGTG-1",2
"CAGAGAGTCACCCGAG-1",0
"CAGAGAGTCATAACCG-1",4
"CAGAGAGTCCGAACGC-1",4
"CAGAGAGTCTGGTATG-1",2
"CAGATCAAGAGACGAA-1",0
"CAGATCAAGCACCGTC-1",3
"CAGATCAAGCTTCGCG-1",2
"CAGATCAAGGATTCGG-1",1
"CAGATCAAGTGTACCT-1",2
"CAGATCAAGTTTAGGA-1",3
"CAGATCACAATAACGA-1",3
"CAGATCACACACCGAC-1",2
"CAGATCACACGGTAAG-1",3
"CAGATCACACTCTGTC-1",1
"CAGATCACAGCATACT-1",0
"CAGATCACAGTGGGAT-1",4
"CAGATCAGTACCAGTT-1",2
"CAGATCAGTGCGGTAA-1",1
"CAGATCATCTGATACG-1",0
"CAGATCATCTGATTCT-1",5
"CAGCAGCAGATGCCAG-1",11
"CAGCAGCAGGGAACGG-1",1
"CAGCAGCCACCTATCC-1",3
"CAGCAGCCATCACAAC-1",0
"CAGCAGCGTGCTAGCC-1",1
"CAGCAGCTCAACACTG-1",12
"CAGCAGCTCGAACTGT-1",3
"CAGCAGCTCGCCGTGA-1",1
"CAGCATAAGAGACGAA-1",3
"CAGCATAGTCTAGGTT-1",0
"CAGCATAGTTTACTCT-1",4
"CAGCATATCACGAAGG-1",3
"CAGCATATCAGGCAAG-1",0
"CAGCATATCCTTAATC-1",1
"CAGCCGAAGCATCATC-1",4
"CAGCCGAAGTTTCCTT-1",1
"CAGCCGACACGTGAGA-1",0
"CAGCCGACATCAGTCA-1",1
"CAGCCGAGTGATGTCT-1",2
"CAGCCGATCACCAGGC-1",7
"CAGCCGATCCTCAATT-1",1
"CAGCGACAGAAACGCC-1",3
"CAGCGACAGCGTCAAG-1",2
"CAGCGACCAAACGTGG-1",7
"CAGCGACCAAAGCGGT-1",2
"CAGCGACCACGTCAGC-1",2
"CAGCGACCATGGGACA-1",3
"CAGCGACGTCTGATTG-1",1
"CAGCGACGTGGACGAT-1",7
"CAGCGACGTGGTTTCA-1",2
"CAGCGACGTTCGGCAC-1",2
"CAGCGACTCCGCAAGC-1",0
"CAGCGACTCTGGGCCA-1",3
"CAGCTAAAGATGTGTA-1",8
"CAGCTAAAGCAGACTG-1",1
"CAGCTAAAGCTGTTCA-1",1
"CAGCTAAAGGAGCGTT-1",1
"CAGCTAACACAGATTC-1",3
"CAGCTAACATCAGTAC-1",2
"CAGCTAAGTAATCGTC-1",6
"CAGCTAAGTCTCACCT-1",0
"CAGCTAAGTTCGTCTC-1",7
"CAGCTAATCCACGCAG-1",0
"CAGCTAATCCCTAACC-1",0
"CAGCTAATCTGGTTCC-1",0
"CAGCTAATCTTAGCCC-1",1
"CAGCTAATCTTCGGTC-1",6
"CAGCTGGAGACACTAA-1",5
"CAGCTGGAGATCCTGT-1",3
"CAGCTGGCACCAACCG-1",3
"CAGCTGGCAGTGGAGT-1",0
"CAGCTGGCATGCATGT-1",5
"CAGCTGGTCTACCTGC-1",2
"CAGGTGCAGAGACGAA-1",6
"CAGGTGCAGATCCTGT-1",9
"CAGGTGCAGGCATGTG-1",2
"CAGGTGCCAGGAACGT-1",0
"CAGGTGCCATAGTAAG-1",3
"CAGGTGCCATCGGAAG-1",1
"CAGGTGCTCAGTTGAC-1",3
"CAGGTGCTCCAAGTAC-1",0
"CAGGTGCTCTTGTATC-1",0
"CAGTAACAGATATGGT-1",1
"CAGTAACAGATGGCGT-1",2
"CAGTAACCAATCACAC-1",0
"CAGTAACCACTCGACG-1",1
"CAGTAACGTGATAAGT-1",1
"CAGTAACGTGCACCAC-1",0
"CAGTAACTCAGAGGTG-1",5
"CAGTAACTCGTACGGC-1",6
"CAGTAACTCGTGACAT-1",3
"CAGTAACTCTGCCAGG-1",4
"CAGTCCTAGAATCTCC-1",4
"CAGTCCTAGATCTGCT-1",3
"CAGTCCTCAGTATAAG-1",1
"CAGTCCTTCAACACGT-1",4
"CAGTCCTTCCATGAGT-1",0
"CAGTCCTTCCCGACTT-1",5
"CAGTCCTTCCCTTGTG-1",3
"CAGTCCTTCGAACGGA-1",8
"CAGTCCTTCGGTTCGG-1",1
"CAGTCCTTCTACTTAC-1",5
"CATATGGAGAGATGAG-1",0
"CATATGGAGGCATGGT-1",3
"CATATGGAGTATTGGA-1",4
"CATATGGCAAGCGTAG-1",0
"CATATGGGTCGCATAT-1",0
"CATATGGTCATTATCC-1",3
"CATATGGTCATTGCGA-1",0
"CATATTCAGGCGACAT-1",1
"CATATTCCACCACCAG-1",1
"CATATTCGTGACTACT-1",9
"CATATTCGTGGTACAG-1",0
"CATATTCGTGTGACGA-1",4
"CATATTCTCACAGGCC-1",1
"CATATTCTCGCAAACT-1",0
"CATCAAGAGAACTCGG-1",0
"CATCAAGAGATGGCGT-1",0
"CATCAAGAGCCGCCTA-1",11
"CATCAAGCACGAAACG-1",0
"CATCAAGCAGCCTTTC-1",2
"CATCAAGCATGGAATA-1",5
"CATCAAGGTTACTGAC-1",1
"CATCAAGGTTCCATGA-1",0
"CATCAAGTCTAAGCCA-1",2
"CATCAAGTCTGACCTC-1",0
"CATCAGAAGCTAGTCT-1",3
"CATCAGACAAGCCATT-1",5
"CATCAGACAATGACCT-1",8
"CATCAGACACGGCCAT-1",0
"CATCAGACAGACAGGT-1",3
"CATCAGACATAACCTG-1",1
"CATCAGAGTAATTGGA-1",2
"CATCAGAGTACATGTC-1",0
"CATCAGAGTGTTAAGA-1",1
"CATCAGAGTTCAACCA-1",0
"CATCAGATCGTTGACA-1",4
"CATCCACGTAAAGTCA-1",5
"CATCCACGTACCGTAT-1",3
"CATCCACGTGCCTGTG-1",1
"CATCCACGTTTAAGCC-1",9
"CATCGAAAGAGTACAT-1",3
"CATCGAAAGCTGTCTA-1",0
"CATCGAACAAGAGGCT-1",2
"CATCGAACAAGCTGAG-1",0
"CATCGAACACATTTCT-1",3
"CATCGAACATAAAGGT-1",1
"CATCGAAGTAGTACCT-1",9
"CATCGAAGTCCGACGT-1",1
"CATCGAAGTGCACTTA-1",5
"CATCGAATCAAACCAC-1",1
"CATCGAATCCGCGGTA-1",3
"CATCGAATCCGTAGTA-1",1
"CATCGGGAGAAGCCCA-1",3
"CATCGGGAGCGAGAAA-1",2
"CATCGGGAGGGTGTGT-1",3
"CATCGGGAGGTGTTAA-1",0
"CATCGGGAGTGACTCT-1",3
"CATCGGGCACTCAGGC-1",11
"CATCGGGCAGACGCTC-1",1
"CATCGGGCATCACAAC-1",1
"CATCGGGGTCCTCTTG-1",0
"CATCGGGGTGAGGGAG-1",1
"CATCGGGGTTCGAATC-1",1
"CATCGGGTCAGGATCT-1",0
"CATCGGGTCCACGAAT-1",2
"CATCGGGTCGATGAGG-1",7
"CATGACAAGACCACGA-1",3
"CATGACAAGCTCCTCT-1",0
"CATGACAAGTAACCCT-1",6
"CATGACAAGTATCTCG-1",5
"CATGACAGTCGTCTTC-1",10
"CATGACAGTGAACCTT-1",6
"CATGACATCAATAAGG-1",0
"CATGACATCTAACTGG-1",0
"CATGCCTAGACCTAGG-1",3
"CATGCCTAGAGTCTGG-1",0
"CATGCCTCACCACCAG-1",3
"CATGCCTGTCAAAGCG-1",4
"CATGCCTGTCGATTGT-1",0
"CATGCCTTCCACGACG-1",1
"CATGCCTTCCTCATTA-1",5
"CATGCCTTCGCATGAT-1",1
"CATGGCGAGAGCTGGT-1",4
"CATGGCGAGTACGACG-1",3
"CATGGCGTCCAAAGTC-1",1
"CATGGCGTCCCTTGTG-1",4
"CATGGCGTCGGCCGAT-1",1
"CATGGCGTCTCAAACG-1",5
"CATGGCGTCTGCCCTA-1",6
"CATTATCAGACCCACC-1",1
"CATTATCAGTCCCACG-1",0
"CATTATCCAAGTCTGT-1",1
"CATTATCCAGGGCATA-1",0
"CATTATCGTCAATGTC-1",3
"CATTATCTCACAAACC-1",4
"CATTATCTCAGATAAG-1",2
"CATTATCTCGCGTTTC-1",0
"CATTATCTCGTTGCCT-1",1
"CATTATCTCTATCCCG-1",0
"CATTATCTCTTAACCT-1",5
"CATTCGCAGGTGCTAG-1",0
"CATTCGCCAAGGGTCA-1",5
"CATTCGCCAGCCTATA-1",4
"CATTCGCCATACAGCT-1",7
"CATTCGCCATGGATGG-1",1
"CATTCGCCATGTCTCC-1",3
"CATTCGCCATTCACTT-1",0
"CATTCGCGTAGCACGA-1",3
"CATTCGCTCATCACCC-1",0
"CCAATCCAGACCACGA-1",1
"CCAATCCAGATATGGT-1",10
"CCAATCCAGTCGAGTG-1",2
"CCAATCCAGTCGTTTG-1",3
"CCAATCCAGTTTAGGA-1",1
"CCAATCCCAAGCGAGT-1",2
"CCAATCCTCGGACAAG-1",0
"CCAATCCTCTACCTGC-1",2
"CCACCTAAGCAGACTG-1",0
"CCACCTAAGGATGGTC-1",6
"CCACCTAAGTCGAGTG-1",0
"CCACCTAAGTGGGATC-1",0
"CCACCTAAGTGTGGCA-1",1
"CCACCTACAACAACCT-1",2
"CCACCTACAAGCCGCT-1",0
"CCACCTACAATCTACG-1",3
"CCACCTAGTAGTACCT-1",1
"CCACCTAGTCGCGTGT-1",3
"CCACCTAGTGGGTCAA-1",2
"CCACCTATCAGTTGAC-1",0
"CCACCTATCTGATACG-1",0
"CCACGGAAGACACGAC-1",0
"CCACGGAAGGGAACGG-1",8
"CCACGGACATGTCGAT-1",4
"CCACGGAGTAAGGGCT-1",1
"CCACGGAGTCAGATAA-1",4
"CCACGGAGTCCGTGAC-1",5
"CCACGGAGTGTAATGA-1",4
"CCACGGAGTTCTGAAC-1",2
"CCACGGATCACATAGC-1",0
"CCACGGATCCACGTGG-1",3
"CCACGGATCTACTATC-1",3
"CCACGGATCTAGAGTC-1",2
"CCACTACAGAGTACCG-1",1
"CCACTACAGCTTTGGT-1",2
"CCACTACCAGCAGTTT-1",0
"CCACTACCAGTAGAGC-1",3
"CCACTACGTCCGAATT-1",6
"CCACTACGTCTCAACA-1",1
"CCACTACGTGACAAAT-1",6
"CCACTACGTGACCAAG-1",2
"CCACTACGTGCACGAA-1",2
"CCACTACTCACTCTTA-1",5
"CCACTACTCCGCATCT-1",2
"CCACTACTCGGAAATA-1",5
"CCACTACTCTCGTATT-1",3
"CCACTACTCTCGTTTA-1",5
"CCAGCGAAGCCCAACC-1",3
"CCAGCGACATCGGGTC-1",0
"CCAGCGACATGTCCTC-1",0
"CCAGCGAGTAGGCATG-1",0
"CCAGCGAGTCCGTTAA-1",1
"CCAGCGATCAGAAATG-1",1
"CCATGTCAGCGATCCC-1",7
"CCATGTCAGGTCGGAT-1",3
"CCATGTCAGGTTACCT-1",4
"CCATGTCCAAGCTGGA-1",4
"CCATGTCCACATCCGG-1",5
"CCATGTCGTCCAGTAT-1",0
"CCATGTCTCCAAGTAC-1",3
"CCATGTCTCTTGTATC-1",5
"CCATTCGCAGTACACT-1",7
"CCATTCGCAGTTTACG-1",1
"CCATTCGGTAATCGTC-1",0
"CCATTCGGTATTACCG-1",4
"CCATTCGTCGTAGGAG-1",0
"CCCAATCAGTCACGCC-1",2
"CCCAATCCAGGTGGAT-1",5
"CCCAATCGTGAAGGCT-1",3
"CCCAATCGTTGGAGGT-1",2
"CCCAATCTCACATGCA-1",0
"CCCAATCTCCAGTATG-1",3
"CCCAATCTCGGAGCAA-1",0
"CCCAGTTAGAATAGGG-1",0
"CCCAGTTAGATCCCGC-1",9
"CCCAGTTAGCGTGAAC-1",0
"CCCAGTTAGGAATCGC-1",1
"CCCAGTTAGTCCGGTC-1",0
"CCCAGTTAGTTTGCGT-1",2
"CCCAGTTGTACATGTC-1",6
"CCCAGTTGTCTGCAAT-1",8
"CCCAGTTTCTGAAAGA-1",4
"CCCATACAGGGTTCCC-1",5
"CCCATACAGTGTTTGC-1",3
"CCCATACCAAAGGTGC-1",4
"CCCATACCAACACCCG-1",6
"CCCATACCAGCAGTTT-1",2
"CCCATACGTATTACCG-1",3
"CCCATACGTCAATACC-1",2
"CCCATACGTCTAGTCA-1",3
"CCCATACGTTGAGTTC-1",4
"CCCATACTCAATAAGG-1",3
"CCCATACTCAGCGACC-1",4
"CCCATACTCATCACCC-1",4
"CCCATACTCCGTAGGC-1",0
"CCCTCCTAGGAATCGC-1",2
"CCCTCCTCACGTCTCT-1",0
"CCCTCCTCAGCTTAAC-1",3
"CCCTCCTCATATGAGA-1",1
"CCCTCCTCATCACGTA-1",10
"CCCTCCTGTATGGTTC-1",4
"CCCTCCTGTTAGATGA-1",3
"CCCTCCTTCAATCACG-1",3
"CCCTCCTTCCGCAGTG-1",1
"CCGGGATAGCTTCGCG-1",2
"CCGGGATAGGCGACAT-1",5
"CCGGGATAGGCTAGGT-1",4
"CCGGGATCACAGTCGC-1",0
"CCGGGATGTATAGGTA-1",3
"CCGGGATTCAGAGCTT-1",0
"CCGGGATTCGCTAGCG-1",2
"CCGGGATTCGCTTGTC-1",0
"CCGGTAGAGCGTCTAT-1",1
"CCGGTAGAGTACGCCC-1",1
"CCGGTAGCACATAACC-1",5
"CCGGTAGCACGCATCG-1",5
"CCGGTAGGTACTTCTT-1",3
"CCGGTAGGTCAAACTC-1",1
"CCGGTAGTCGTCCGTT-1",1
"CCGTACTAGAGAACAG-1",1
"CCGTACTAGTCCGTAT-1",10
"CCGTACTCAAGCCCAC-1",3
"CCGTACTCAAGCGAGT-1",0
"CCGTACTCATCCCACT-1",3
"CCGTACTGTACAGCAG-1",3
"CCGTACTGTAGCGCTC-1",0
"CCGTACTGTGCGGTAA-1",1
"CCGTACTTCGTTACAG-1",5
"CCGTGGAAGACGCACA-1",0
"CCGTGGAAGAGTTGGC-1",2
"CCGTGGAAGGTGATAT-1",3
"CCGTGGAAGGTTCCTA-1",1
"CCGTGGACAGCCTTGG-1",1
"CCGTGGAGTTCCATGA-1",4
"CCGTGGATCTAACTTC-1",2
"CCGTGGATCTCTGTCG-1",0
"CCGTTCAAGCGTAATA-1",2
"CCGTTCAAGTACGATA-1",0
"CCGTTCAAGTAGATGT-1",2
"CCGTTCACAGGATCGA-1",1
"CCGTTCAGTATAGGGC-1",3
"CCGTTCAGTCGCGAAA-1",3
"CCGTTCATCGTACCGG-1",4
"CCTAAAGAGAGTTGGC-1",3
"CCTAAAGCAAACCTAC-1",1
"CCTAAAGCATGTCTCC-1",2
"CCTAAAGGTACTCAAC-1",8
"CCTAAAGGTCGGCACT-1",6
"CCTAAAGGTGTAATGA-1",0
"CCTAAAGTCACCGTAA-1",2
"CCTAAAGTCAGCGATT-1",1
"CCTAAAGTCGGCGCTA-1",5
"CCTAAAGTCGGTCCGA-1",0
"CCTACACAGGACCACA-1",0
"CCTACACAGGGTGTTG-1",3
"CCTACACCAGTAAGAT-1",4
"CCTACACGTATAGTAG-1",2
"CCTACACGTCCGAACC-1",10
"CCTACACGTGGGTCAA-1",4
"CCTACACGTTTGACTG-1",3
"CCTACACTCGGCGCTA-1",2
"CCTACACTCGTGACAT-1",14
"CCTACCAAGATAGGAG-1",2
"CCTACCAAGCAAATCA-1",4
"CCTACCAAGCGTAGTG-1",3
"CCTACCAAGCTTCGCG-1",0
"CCTACCAAGTGCGATG-1",1
"CCTACCAGTATCAGTC-1",3
"CCTACCAGTCTCTCTG-1",1
"CCTACCAGTCTTTCAT-1",3
"CCTACCATCAGCACAT-1",6
"CCTACCATCGCCAGCA-1",2
"CCTAGCTAGCAAATCA-1",1
"CCTAGCTAGCTCCTCT-1",4
"CCTAGCTAGGTTACCT-1",1
"CCTAGCTAGTACGCGA-1",4
"CCTAGCTCAATGAATG-1",3
"CCTAGCTCAATGGTCT-1",2
"CCTAGCTCACATCCAA-1",5
"CCTAGCTCAGCCAGAA-1",0
"CCTAGCTGTAGAAAGG-1",0
"CCTAGCTGTCACCCAG-1",1
"CCTAGCTGTCTGATTG-1",4
"CCTAGCTTCACGATGT-1",0
"CCTAGCTTCGTAGGAG-1",5
"CCTATTAAGAATTCCC-1",10
"CCTATTAAGCAGGCTA-1",4
"CCTATTAAGCAGGTCA-1",8
"CCTATTAAGGGAGTAA-1",0
"CCTATTAAGGTAGCCA-1",2
"CCTATTACACAACTGT-1",1
"CCTATTACACATCCGG-1",0
"CCTATTAGTCAATACC-1",0
"CCTATTATCATCACCC-1",7
"CCTATTATCTGCGACG-1",0
"CCTCAGTAGCTAACTC-1",3
"CCTCAGTCAGGTGGAT-1",1
"CCTCAGTGTCCATCCT-1",5
"CCTCAGTGTCCGACGT-1",0
"CCTCAGTGTCTTGTCC-1",0
"CCTCAGTGTGGGTATG-1",3
"CCTCTGAAGTATCGAA-1",0
"CCTCTGAAGTGGGTTG-1",3
"CCTCTGACAAGCTGTT-1",7
"CCTCTGACACCGATAT-1",5
"CCTCTGACAGATGAGC-1",1
"CCTCTGAGTCAATACC-1",6
"CCTCTGAGTCCGAACC-1",0
"CCTCTGAGTCGTGGCT-1",1
"CCTCTGAGTCTGATTG-1",2
"CCTCTGATCTGAGGGA-1",0
"CCTTACGCAAGCGTAG-1",7
"CCTTACGCACCAACCG-1",0
"CCTTACGGTCATCCCT-1",3
"CCTTACGGTCCTCTTG-1",3
"CCTTACGTCACAACGT-1",3
"CCTTACGTCATCTGCC-1",4
"CCTTACGTCGGAGGTA-1",0
"CCTTCCCAGAGACTAT-1",4
"CCTTCCCAGCTAGGCA-1",0
"CCTTCCCAGGACGAAA-1",2
"CCTTCCCAGGGCATGT-1",2
"CCTTCCCAGGTACTCT-1",0
"CCTTCCCCATGATCCA-1",3
"CCTTCCCTCAAGGCTT-1",3
"CCTTCCCTCTATCCTA-1",3
"CCTTCCCTCTATCGCC-1",4
"CCTTCGAAGGCGCTCT-1",0
"CCTTCGACAACACCCG-1",1
"CCTTCGACAGCGATCC-1",6
"CCTTCGAGTAAGCACG-1",4
"CCTTCGAGTCCATGAT-1",1
"CCTTCGAGTGTGACCC-1",9
"CCTTCGAGTTGGTGGA-1",0
"CCTTCGATCACAGTAC-1",7
"CCTTCGATCCTATGTT-1",0
"CCTTCGATCGCACTCT-1",3
"CCTTTCTAGACGCTTT-1",6
"CCTTTCTAGGGCACTA-1",0
"CCTTTCTAGTGGAGTC-1",1
"CCTTTCTCAGACAAGC-1",6
"CCTTTCTCATCACGAT-1",1
"CCTTTCTCATGCCCGA-1",1
"CCTTTCTTCCCACTTG-1",1
"CCTTTCTTCTTTACGT-1",2
"CGAACATCACATGACT-1",2
"CGAACATCACTTGGAT-1",0
"CGAACATCAGTCCTTC-1",0
"CGAACATGTCTGATTG-1",2
"CGAACATGTGCTGTAT-1",1
"CGAACATTCTCAAACG-1",7
"CGAATGTAGAGGTTAT-1",4
"CGAATGTAGCGATAGC-1",0
"CGAATGTAGTTCGCAT-1",1
"CGAATGTCAATGCCAT-1",1
"CGAATGTGTCTAGTCA-1",0
"CGAATGTGTCTCACCT-1",2
"CGAATGTTCAACACAC-1",2
"CGAATGTTCATCACCC-1",0
"CGAATGTTCTGTACGA-1",2
"CGACCTTAGCTACCGC-1",1
"CGACCTTAGCTAGTCT-1",0
"CGACCTTCAAAGTGCG-1",11
"CGACCTTCACGAAATA-1",1
"CGACCTTGTAAGTGTA-1",5
"CGACCTTGTCAGAATA-1",2
"CGACCTTGTCTCCCTA-1",0
"CGACCTTGTCTCTTAT-1",1
"CGACCTTTCCGCGTTT-1",0
"CGACCTTTCGTTTATC-1",1
"CGACCTTTCTCCAGGG-1",1
"CGACTTCAGACACGAC-1",3
"CGACTTCAGGTAGCCA-1",0
"CGACTTCAGTCTTGCA-1",1
"CGACTTCCAATGGACG-1",3
"CGACTTCGTGGTGTAG-1",6
"CGACTTCGTTGAGTTC-1",0
"CGACTTCTCACTTACT-1",14
"CGACTTCTCTCGCTTG-1",1
"CGAGAAGAGAAACGCC-1",4
"CGAGAAGAGCCAACAG-1",2
"CGAGAAGAGCGTGTCC-1",1
"CGAGAAGCAAGTTCTG-1",3
"CGAGAAGCACATCCGG-1",1
"CGAGAAGCAGGCTGAA-1",2
"CGAGAAGTCGGATGGA-1",3
"CGAGCACAGCCAGAAC-1",1
"CGAGCACCACATGTGT-1",3
"CGAGCACGTAGCGTCC-1",3
"CGAGCACGTAGCGTGA-1",1
"CGAGCACGTCAGATAA-1",2
"CGAGCACGTGCCTTGG-1",1
"CGAGCACTCCCGGATG-1",3
"CGAGCACTCCGCTGTT-1",1
"CGAGCACTCGGAAATA-1",0
"CGAGCACTCGTGACAT-1",3
"CGAGCCAAGCTAGCCC-1",0
"CGAGCCAGTATATCCG-1",0
"CGAGCCAGTCAAGCGA-1",1
"CGATCGGAGAGCCTAG-1",4
"CGATCGGAGTACGATA-1",4
"CGATCGGCAAACGCGA-1",2
"CGATCGGCAAGCGATG-1",0
"CGATCGGCAATACGCT-1",4
"CGATCGGCAGTTAACC-1",7
"CGATCGGCATACTCTT-1",0
"CGATCGGGTCGACTGC-1",4
"CGATCGGTCAACGGGA-1",4
"CGATCGGTCTAGCACA-1",5
"CGATGGCAGCCGTCGT-1",6
"CGATGGCAGTCCAGGA-1",0
"CGATGGCCACTTAACG-1",7
"CGATGGCCAGCGTAAG-1",6
"CGATGGCCATCATCCC-1",1
"CGATGGCTCCTAGAAC-1",1
"CGATGGCTCGCTAGCG-1",0
"CGATGGCTCTGACCTC-1",4
"CGATGTAAGGCAATTA-1",2
"CGATGTAAGTTTGCGT-1",0
"CGATGTACACAGGCCT-1",0
"CGATGTACAGGTCTCG-1",3
"CGATGTAGTCCAGTGC-1",2
"CGATGTAGTCTAGGTT-1",2
"CGATGTAGTGTGCCTG-1",1
"CGATGTAGTTTGCATG-1",3
"CGATTGAAGATGTGGC-1",2
"CGATTGACAGACGCAA-1",0
"CGATTGAGTATGGTTC-1",3
"CGATTGAGTTCAGACT-1",2
"CGATTGATCATGGTCA-1",0
"CGATTGATCTGCGGCA-1",1
"CGCCAAGAGAATGTTG-1",0
"CGCCAAGAGACCTTTG-1",2
"CGCCAAGAGATCGGGT-1",11
"CGCCAAGAGATCTGAA-1",1
"CGCCAAGAGCGTGTCC-1",4
"CGCCAAGGTCTAGGTT-1",2
"CGCCAAGTCAGGATCT-1",1
"CGCCAAGTCCACTCCA-1",9
"CGCCAAGTCTTGTTTG-1",3
"CGCGGTAAGCTAGCCC-1",0
"CGCGGTAAGGGTTCCC-1",3
"CGCGGTACAAACTGCT-1",1
"CGCGGTACAATGGAAT-1",3
"CGCGGTACAGCTGTTA-1",1
"CGCGGTAGTCAAGCGA-1",3
"CGCGGTAGTGAGGCTA-1",1
"CGCGGTAGTTTGCATG-1",0
"CGCGTTTAGTTATCGC-1",0
"CGCGTTTCAACAACCT-1",4
"CGCGTTTCAAGCGAGT-1",2
"CGCGTTTCAATGGACG-1",5
"CGCGTTTCACGGTGTC-1",1
"CGCGTTTGTGCTGTAT-1",8
"CGCGTTTGTGGACGAT-1",4
"CGCGTTTTCAAACCGT-1",2
"CGCGTTTTCAGCCTAA-1",2
"CGCGTTTTCCTATGTT-1",1
"CGCGTTTTCGTGGTCG-1",2
"CGCTATCAGAAACCGC-1",2
"CGCTATCAGTCATCCA-1",0
"CGCTATCCAAGCGAGT-1",8
"CGCTATCCAGTCGATT-1",4
"CGCTATCCATCGACGC-1",12
"CGCTATCCATTTCAGG-1",1
"CGCTATCGTACCGAGA-1",8
"CGCTATCGTTCGAATC-1",3
"CGCTATCGTTTCGCTC-1",8
"CGCTATCTCGTTACAG-1",9
"CGCTGGAAGGACATTA-1",4
"CGCTGGAAGGGCACTA-1",3
"CGCTGGAAGGTGATAT-1",0
"CGCTGGACAGACTCGC-1",0
"CGCTGGAGTGTAATGA-1",2
"CGCTGGAGTTCTGGTA-1",6
"CGCTGGATCCGAAGAG-1",5
"CGCTGGATCCGTTGCT-1",4
"CGCTGGATCGTAGGAG-1",1
"CGCTGGATCGTTACAG-1",0
"CGCTTCAAGAAGGGTA-1",6
"CGCTTCAAGGTCGGAT-1",0
"CGCTTCACACGGTGTC-1",0
"CGCTTCACAGACAAGC-1",2
"CGCTTCACATCACCCT-1",5
"CGCTTCAGTCGCGGTT-1",10
"CGCTTCATCTTAGAGC-1",8
"CGGACACAGCGATATA-1",4
"CGGACACAGCGATGAC-1",0
"CGGACACAGCTTCGCG-1",7
"CGGACACAGGTAAACT-1",3
"CGGACACAGTAGCCGA-1",1
"CGGACACCACAGGAGT-1",2
"CGGACACCATTCACTT-1",1
"CGGACACGTGAGCGAT-1",3
"CGGACACGTGCTCTTC-1",1
"CGGACACGTGTGACCC-1",0
"CGGACGTAGGTTACCT-1",2
"CGGACGTCATGGGACA-1",3
"CGGACGTGTGAAAGAG-1",1
"CGGACGTGTTGGTAAA-1",9
"CGGACGTTCATGTGGT-1",1
"CGGACGTTCTGTCCGT-1",2
"CGGACTGAGGAGCGAG-1",2
"CGGACTGAGGAGTCTG-1",0
"CGGACTGAGTGGTAGC-1",1
"CGGACTGCAACTTGAC-1",4
"CGGACTGCAATGACCT-1",7
"CGGACTGCACAACGTT-1",2
"CGGACTGCACGCCAGT-1",5
"CGGACTGCAGTATGCT-1",4
"CGGACTGGTAAAGGAG-1",1
"CGGACTGGTATAAACG-1",5
"CGGACTGGTGTAAGTA-1",4
"CGGACTGGTGTGGTTT-1",4
"CGGACTGGTTGACGTT-1",5
"CGGACTGTCATTGCCC-1",1
"CGGACTGTCCATGCTC-1",1
"CGGACTGTCCGTCAAA-1",2
"CGGACTGTCGTTTGCC-1",4
"CGGACTGTCTTCATGT-1",6
"CGGAGCTAGTTTAGGA-1",6
"CGGAGCTCATTGAGCT-1",0
"CGGAGCTGTAGAAAGG-1",3
"CGGAGCTTCACTTATC-1",2
"CGGAGCTTCATGTAGC-1",1
"CGGAGCTTCCACGAAT-1",2
"CGGAGTCAGTGCGATG-1",7
"CGGAGTCAGTGTGAAT-1",1
"CGGAGTCCAGTGGGAT-1",3
"CGGAGTCCATTATCTC-1",9
"CGGAGTCGTAGCTGCC-1",2
"CGGAGTCGTCCAGTGC-1",0
"CGGAGTCGTGTTCGAT-1",1
"CGGAGTCTCCCAGGTG-1",4
"CGGAGTCTCCGTAGTA-1",3
"CGGCTAGAGAAACGCC-1",5
"CGGCTAGAGCACCGTC-1",1
"CGGCTAGAGCTAAACA-1",0
"CGGCTAGCAGACAAAT-1",2
"CGGCTAGGTAACGCGA-1",0
"CGGCTAGGTTCATGGT-1",3
"CGGCTAGTCAAAGACA-1",2
"CGGCTAGTCGTGGGAA-1",3
"CGGCTAGTCTTGTTTG-1",4
"CGGGTCAAGAGTCGGT-1",11
"CGGGTCAAGCACACAG-1",1
"CGGGTCAAGCTAACTC-1",1
"CGGGTCAAGGACACCA-1",0
"CGGGTCAAGTATGACA-1",5
"CGGGTCACAATGACCT-1",6
"CGGGTCACACCGAAAG-1",2
"CGGGTCACAGCCACCA-1",2
"CGGGTCACATACAGCT-1",3
"CGGGTCACATCCTTGC-1",5
"CGGGTCAGTAGCGCTC-1",6
"CGGGTCAGTCGATTGT-1",1
"CGGGTCAGTGCAACTT-1",4
"CGGGTCAGTTGTTTGG-1",0
"CGGGTCATCAACACCA-1",8
"CGGGTCATCACCTTAT-1",1
"CGGGTCATCCACGACG-1",8
"CGGTTAACAGGACCCT-1",6
"CGGTTAACATGTCCTC-1",0
"CGGTTAACATTCCTGC-1",5
"CGGTTAAGTCGACTGC-1",8
"CGGTTAATCCGGCACA-1",0
"CGGTTAATCCTTTCGG-1",1
"CGGTTAATCTTATCTG-1",1
"CGTAGCGAGATGTAAC-1",4
"CGTAGCGAGGCAATTA-1",3
"CGTAGCGAGTAGGTGC-1",0
"CGTAGCGCAAGCGCTC-1",1
"CGTAGCGTCCAACCAA-1",7
"CGTAGCGTCGGCGGTT-1",4
"CGTAGGCAGGGCTCTC-1",2
"CGTAGGCCAAGCGATG-1",5
"CGTAGGCCACTAAGTC-1",2
"CGTAGGCCAGAGTGTG-1",0
"CGTAGGCCATCCCATC-1",6
"CGTAGGCGTATTAGCC-1",1
"CGTAGGCGTCAATACC-1",4
"CGTAGGCGTGGCGAAT-1",5
"CGTAGGCTCCAGAAGG-1",0
"CGTCACTAGTCATGCT-1",2
"CGTCACTCAAAGCGGT-1",4
"CGTCACTCAGGTCCAC-1",3
"CGTCACTCAGTCACTA-1",6
"CGTCACTTCCTTGACC-1",0
"CGTCACTTCGGTGTTA-1",3
"CGTCACTTCTGTGCAA-1",5
"CGTCACTTCTTGAGAC-1",0
"CGTCAGGAGCTGTTCA-1",3
"CGTCAGGCAAAGCAAT-1",4
"CGTCAGGCAAAGCGGT-1",3
"CGTCAGGCAACACGCC-1",1
"CGTCAGGCATCCGCGA-1",1
"CGTCAGGGTCAGCTAT-1",2
"CGTCAGGGTCGTTGTA-1",1
"CGTCAGGGTGTAAGTA-1",1
"CGTCAGGTCCACTGGG-1",5
"CGTCAGGTCGACAGCC-1",7
"CGTCAGGTCGGGAGTA-1",7
"CGTCCATAGACCACGA-1",0
"CGTCCATAGCGATTCT-1",4
"CGTCCATAGGCTATCT-1",2
"CGTCCATAGTCTCAAC-1",1
"CGTCCATCACGACTCG-1",6
"CGTCCATCATTCACTT-1",1
"CGTCCATGTCTAGCGC-1",0
"CGTCCATGTGATAAAC-1",8
"CGTCCATGTTTGGGCC-1",3
"CGTCCATGTTTGTGTG-1",3
"CGTCCATTCAACACCA-1",7
"CGTCCATTCATTCACT-1",0
"CGTCTACAGTGCGTGA-1",2
"CGTCTACGTAGTAGTA-1",2
"CGTCTACTCGAGCCCA-1",0
"CGTCTACTCGCCATAA-1",1
"CGTCTACTCGGCCGAT-1",7
"CGTCTACTCGTCCAGG-1",3
"CGTCTACTCTATCGCC-1",0
"CGTGAGCAGATCTGAA-1",5
"CGTGAGCAGCAATCTC-1",4
"CGTGAGCAGCGGATCA-1",1
"CGTGAGCAGCTAGTGG-1",8
"CGTGAGCAGCTTCGCG-1",4
"CGTGAGCAGGGCACTA-1",2
"CGTGAGCAGGGTGTGT-1",1
"CGTGAGCAGTGGAGAA-1",1
"CGTGAGCCAAGCCGCT-1",4
"CGTGAGCCACGTAAGG-1",3
"CGTGAGCCATACGCCG-1",3
"CGTGAGCGTAGATTAG-1",0
"CGTGAGCGTCTCTTAT-1",5
"CGTGAGCTCACAAACC-1",11
"CGTGAGCTCCAAATGC-1",1
"CGTGAGCTCCGAGCCA-1",3
"CGTGAGCTCGTTGCCT-1",1
"CGTGAGCTCTGGGCCA-1",3
"CGTGTAAAGATAGTCA-1",4
"CGTGTAAAGGTGTTAA-1",8
"CGTGTAAAGTACATGA-1",4
"CGTGTAACATGGGACA-1",2
"CGTGTAAGTCCGCTGA-1",0
"CGTGTAAGTGTCTGAT-1",3
"CGTGTAATCTACTATC-1",1
"CGTGTAATCTCGATGA-1",4
"CGTGTAATCTTTAGTC-1",0
"CGTGTCTAGGCGCTCT-1",0
"CGTGTCTAGGGATGGG-1",1
"CGTGTCTCAGACAAAT-1",2
"CGTGTCTCAGACACTT-1",6
"CGTGTCTGTAAGAGGA-1",3
"CGTGTCTGTATATGAG-1",0
"CGTGTCTGTCAAAGCG-1",3
"CGTGTCTGTTCCGTCT-1",4
"CGTGTCTTCAATCACG-1",7
"CGTGTCTTCAGAGGTG-1",4
"CGTGTCTTCATAGCAC-1",3
"CGTGTCTTCCGAACGC-1",1
"CGTGTCTTCGGCATCG-1",0
"CGTGTCTTCGTGGACC-1",0
"CGTGTCTTCTACTTAC-1",3
"CGTGTCTTCTGAGTGT-1",9
"CGTTAGAAGATCTGAA-1",0
"CGTTAGAAGGCCCTTG-1",6
"CGTTAGACACGAAAGC-1",2
"CGTTAGACAGCTTCGG-1",2
"CGTTAGAGTTTAAGCC-1",5
"CGTTAGATCACTTATC-1",7
"CGTTAGATCAGCCTAA-1",0
"CGTTCTGAGAAGGGTA-1",2
"CGTTCTGAGACTAGGC-1",0
"CGTTCTGAGTGAACAT-1",3
"CGTTCTGCAGCTCGCA-1",6
"CGTTCTGCATTGGCGC-1",1
"CGTTCTGGTGAGGGTT-1",1
"CGTTCTGTCTGATTCT-1",6
"CGTTGGGAGCTAGTTC-1",7
"CGTTGGGAGGATGCGT-1",0
"CGTTGGGCACATTAGC-1",5
"CGTTGGGCAGACAGGT-1",2
"CGTTGGGGTTCCCGAG-1",2
"CGTTGGGTCATGCTCC-1",2
"CGTTGGGTCCATGAAC-1",1
"CGTTGGGTCTACCAGA-1",2
"CTAACTTAGTCCTCCT-1",0
"CTAACTTCAATAGCAA-1",4
"CTAACTTCAATCGGTT-1",0
"CTAACTTGTGAGGCTA-1",0
"CTAACTTTCGTACGGC-1",4
"CTAACTTTCTGGCGTG-1",5
"CTAAGACAGGGAAACA-1",5
"CTAAGACAGTACATGA-1",4
"CTAAGACAGTTCGCGC-1",0
"CTAAGACCAAGTAATG-1",0
"CTAAGACCAGTAAGAT-1",1
"CTAAGACCATGCAATC-1",0
"CTAAGACGTAAGGATT-1",3
"CTAAGACGTATCAGTC-1",5
"CTAAGACGTCACCTAA-1",7
"CTAAGACTCGTTGCCT-1",3
"CTAAGACTCTTACCGC-1",5
"CTAAGACTCTTGAGGT-1",6
"CTAATGGAGCAATCTC-1",1
"CTAATGGAGCGCTCCA-1",4
"CTAATGGAGCTCCCAG-1",8
"CTAATGGAGCTGAAAT-1",3
"CTAATGGAGTTAGGTA-1",0
"CTAATGGCATGGAATA-1",0
"CTAATGGGTACCGCTG-1",0
"CTAATGGGTCTAGCGC-1",1
"CTAATGGGTGAGGGAG-1",3
"CTAATGGGTTGGTGGA-1",3
"CTAATGGTCATGCTCC-1",5
"CTAATGGTCCACTGGG-1",0
"CTAATGGTCCGTTGCT-1",8
"CTAATGGTCCTAGAAC-1",2
"CTACACCAGTGCGATG-1",2
"CTACACCCACGGACAA-1",1
"CTACACCGTAATAGCA-1",0
"CTACACCGTCTGATTG-1",1
"CTACACCGTTCGTCTC-1",0
"CTACACCTCAGAAATG-1",5
"CTACACCTCGGCTTGG-1",3
"CTACACCTCGGTCCGA-1",4
"CTACACCTCTCGCATC-1",2
"CTACACCTCTCTGCTG-1",4
"CTACATTAGATCACGG-1",1
"CTACATTCACTCGACG-1",1
"CTACATTCATTTCACT-1",4
"CTACATTGTGATGATA-1",3
"CTACATTGTTCGAATC-1",1
"CTACATTTCAACGCTA-1",1
"CTACATTTCGCCATAA-1",2
"CTACATTTCTAGCACA-1",5
"CTACCCACACAGAGGT-1",0
"CTACCCACACGACGAA-1",3
"CTACCCACATGGTTGT-1",5
"CTACCCAGTATCTGCA-1",3
"CTACCCAGTATGAATG-1",4
"CTACCCAGTCAGAAGC-1",4
"CTACCCAGTGTGACCC-1",2
"CTACCCAGTTATGTGC-1",3
"CTACCCATCTACGAGT-1",3
"CTACGTCAGGTGCAAC-1",6
"CTACGTCAGTGCGATG-1",1
"CTACGTCAGTTGTCGT-1",10
"CTACGTCCATATACCG-1",0
"CTACGTCGTATATGGA-1",4
"CTACGTCGTGTGGTTT-1",3
"CTACGTCTCAAAGTAG-1",4
"CTACGTCTCACGACTA-1",5
"CTACGTCTCACGGTTA-1",6
"CTACGTCTCCTAGAAC-1",1
"CTAGAGTAGCTGTCTA-1",3
"CTAGAGTAGGATCGCA-1",0
"CTAGAGTAGTCCATAC-1",2
"CTAGAGTCACATTAGC-1",3
"CTAGAGTCAGTATGCT-1",8
"CTAGAGTCATACTCTT-1",1
"CTAGAGTCATGTAAGA-1",1
"CTAGAGTGTGACCAAG-1",3
"CTAGAGTTCAACACCA-1",4
"CTAGAGTTCCGTCAAA-1",6
"CTAGAGTTCCTAAGTG-1",12
"CTAGAGTTCGCCAGCA-1",6
"CTAGAGTTCGCTTAGA-1",6
"CTAGAGTTCGTGACAT-1",2
"CTAGAGTTCTGATTCT-1",2
"CTAGCCTCACCAGATT-1",6
"CTAGCCTGTATATCCG-1",0
"CTAGCCTGTGATGCCC-1",12
"CTAGCCTTCGGGAGTA-1",1
"CTAGTGAAGCTGGAAC-1",2
"CTAGTGAAGTGTACCT-1",0
"CTAGTGACAAGTCTAC-1",0
"CTAGTGACAGGATCGA-1",8
"CTAGTGAGTTATGCGT-1",6
"CTAGTGATCAGTTGAC-1",6
"CTAGTGATCCAGTAGT-1",2
"CTCACACAGCTAAGAT-1",4
"CTCACACAGCTGCCCA-1",3
"CTCACACAGGATGCGT-1",0
"CTCACACCACGTAAGG-1",1
"CTCACACCACTGTTAG-1",4
"CTCACACCATATACGC-1",3
"CTCACACGTGCTGTAT-1",4
"CTCACACGTTCCATGA-1",1
"CTCACACGTTTGGGCC-1",3
"CTCACACTCACCGGGT-1",0
"CTCACACTCATCGGAT-1",2
"CTCACACTCCGCGCAA-1",1
"CTCACACTCTAACCGA-1",1
"CTCAGAAAGAGCTGCA-1",0
"CTCAGAAAGGAGTAGA-1",6
"CTCAGAACAACGCACC-1",1
"CTCAGAACAAGCGATG-1",0
"CTCAGAACAGGGCATA-1",7
"CTCAGAAGTGACGGTA-1",4
"CTCAGAATCTTAACCT-1",4
"CTCATTAAGAACTGTA-1",0
"CTCATTACATGGTCAT-1",2
"CTCATTAGTGTAACGG-1",0
"CTCATTAGTTTACTCT-1",6
"CTCCTAGCAAGTACCT-1",4
"CTCCTAGCAATTCCTT-1",6
"CTCCTAGCACTGTCGG-1",2
"CTCCTAGCAGTCCTTC-1",7
"CTCCTAGCATAACCTG-1",6
"CTCCTAGCATGCGCAC-1",1
"CTCCTAGGTAGAAAGG-1",3
"CTCCTAGGTCCGAGTC-1",8
"CTCCTAGGTCTAGCCG-1",3
"CTCCTAGGTGTTTGTG-1",5
"CTCCTAGGTTCGTGAT-1",1
"CTCCTAGGTTGTTTGG-1",6
"CTCCTAGTCACTTACT-1",1
"CTCCTAGTCTCATTCA-1",3
"CTCGAAAAGCCCAACC-1",7
"CTCGAAAAGCTATGCT-1",3
"CTCGAAAAGGCCCTTG-1",5
"CTCGAAAAGGGCTTCC-1",5
"CTCGAAACAAGCCGTC-1",5
"CTCGAAACACATTAGC-1",6
"CTCGAAACACCGAAAG-1",2
"CTCGAAACACGGCTAC-1",0
"CTCGAAACAGTAAGAT-1",3
"CTCGAAACATACGCCG-1",0
"CTCGAGGAGCCATCGC-1",5
"CTCGAGGAGGGCTTCC-1",9
"CTCGAGGCAGATAATG-1",2
"CTCGAGGGTATTCTCT-1",0
"CTCGAGGGTGCCTGGT-1",3
"CTCGGAGAGTCCCACG-1",5
"CTCGGAGCACTTCTGC-1",0
"CTCGGAGCAGCTGCAC-1",7
"CTCGGAGCAGGATCGA-1",5
"CTCGGAGGTAGCCTAT-1",2
"CTCGGAGGTCATGCCG-1",0
"CTCGGAGTCAAACGGG-1",1
"CTCGGAGTCACATACG-1",7
"CTCGGAGTCAGCTTAG-1",2
"CTCGGGAAGACCTAGG-1",10
"CTCGGGACACAGCCCA-1",8
"CTCGGGACATAAAGGT-1",0
"CTCGGGACATCCCACT-1",6
"CTCGGGACATGTCGAT-1",4
"CTCGGGAGTCGCGTGT-1",0
"CTCGGGAGTGACTACT-1",0
"CTCGGGAGTTACGACT-1",0
"CTCGGGATCCGTACAA-1",6
"CTCGGGATCCTTGACC-1",1
"CTCGGGATCTTAGCCC-1",1
"CTCGGGATCTTGTTTG-1",2
"CTCGTACAGCGATAGC-1",7
"CTCGTACCAGCGTAAG-1",3
"CTCGTACCATAGTAAG-1",3
"CTCGTACGTAGAGTGC-1",2
"CTCGTACGTATCACCA-1",10
"CTCGTACGTGCAGTAG-1",3
"CTCGTACTCAAAGTAG-1",0
"CTCGTACTCAATCTCT-1",3
"CTCGTACTCGTTGCCT-1",0
"CTCGTACTCTGGTTCC-1",2
"CTCGTCAAGATGCCTT-1",3
"CTCGTCAAGTGGAGTC-1",3
"CTCGTCAAGTTTGCGT-1",0
"CTCGTCACAACGATCT-1",2
"CTCGTCACACATCCGG-1",0
"CTCGTCACAGTCGTGC-1",4
"CTCGTCAGTCTCATCC-1",2
"CTCGTCAGTCTCCATC-1",0
"CTCGTCAGTGAGCGAT-1",0
"CTCGTCAGTTGACGTT-1",3
"CTCGTCAGTTGGGACA-1",1
"CTCGTCATCACTTATC-1",1
"CTCGTCATCGACCAGC-1",1
"CTCGTCATCTGCTGTC-1",0
"CTCTAATCACCAGGTC-1",6
"CTCTAATCACGGTGTC-1",6
"CTCTAATCAGGAATCG-1",5
"CTCTAATGTCCAAGTT-1",5
"CTCTACGAGCTAAACA-1",4
"CTCTACGAGCTAGTGG-1",7
"CTCTACGAGTACGCCC-1",0
"CTCTACGAGTAGGCCA-1",1
"CTCTACGCAATAACGA-1",5
"CTCTACGCAGACGCTC-1",5
"CTCTACGCATGACATC-1",7
"CTCTACGTCATGTCTT-1",8
"CTCTACGTCCCTAATT-1",1
"CTCTACGTCGGCATCG-1",7
"CTCTACGTCGGTCTAA-1",5
"CTCTGGTAGCAGCGTA-1",0
"CTCTGGTAGCGTTCCG-1",6
"CTCTGGTAGGCATGGT-1",1
"CTCTGGTAGTGCCAGA-1",0
"CTCTGGTCACAAGCCC-1",6
"CTCTGGTCAGCCTTTC-1",1
"CTCTGGTTCATCTGTT-1",5
"CTCTGGTTCTTGTACT-1",6
"CTGAAACAGATCCCGC-1",6
"CTGAAACAGGTGCTAG-1",1
"CTGAAACAGTCCGTAT-1",2
"CTGAAACAGTGTCTCA-1",0
"CTGAAACGTCATCGGC-1",12
"CTGAAACGTTAAAGAC-1",5
"CTGAAACTCATACGGT-1",1
"CTGAAGTAGTGCGTGA-1",7
"CTGAAGTCAGCTGTAT-1",3
"CTGAAGTGTTAAAGTG-1",5
"CTGAAGTTCAAGCCTA-1",6
"CTGAAGTTCGGATGTT-1",4
"CTGATAGAGGGAGTAA-1",0
"CTGATAGAGTGCAAGC-1",12
"CTGATAGCAGCCTTTC-1",4
"CTGATAGCATCCCATC-1",1
"CTGATAGCATCTCCCA-1",4
"CTGATAGGTCAAAGCG-1",0
"CTGATAGGTCGCTTTC-1",3
"CTGATAGGTTACGACT-1",2
"CTGATAGTCGCGATCG-1",0
"CTGATAGTCTTATCTG-1",0
"CTGATCCAGGCATTGG-1",6
"CTGATCCAGGTGACCA-1",1
"CTGATCCCACAGAGGT-1",7
"CTGATCCCAGGCTGAA-1",1
"CTGATCCGTGCCTGGT-1",0
"CTGATCCGTTATCCGA-1",4
"CTGATCCGTTGTGGCC-1",0
"CTGCCTAAGGGTCTCC-1",5
"CTGCCTAAGGTGATAT-1",2
"CTGCCTAAGTACGCGA-1",3
"CTGCCTAAGTGCGTGA-1",4
"CTGCCTACATCCCACT-1",10
"CTGCCTATCAATAAGG-1",1
"CTGCGGAAGAAGGACA-1",4
"CTGCGGAAGAGCTGGT-1",0
"CTGCGGAAGATGAGAG-1",2
"CTGCGGACAGGTCGTC-1",0
"CTGCGGACATGTCTCC-1",2
"CTGCGGAGTCACTTCC-1",1
"CTGCGGAGTCGTGGCT-1",11
"CTGCGGAGTTCTGTTT-1",0
"CTGCGGAGTTGGACCC-1",4
"CTGCGGATCGCCTGTT-1",0
"CTGCGGATCTTACCGC-1",0
"CTGCTGTAGGGTGTTG-1",5
"CTGCTGTAGTACCGGA-1",5
"CTGCTGTAGTGGAGAA-1",2
"CTGCTGTCACATCTTT-1",5
"CTGCTGTGTTAAAGAC-1",4
"CTGCTGTTCTCCAACC-1",5
"CTGCTGTTCTTACCGC-1",3
"CTGGTCTAGCGTTGCC-1",2
"CTGGTCTAGGACAGCT-1",0
"CTGGTCTAGGGCTTGA-1",9
"CTGGTCTAGTCGAGTG-1",1
"CTGGTCTCAAAGGAAG-1",5
"CTGGTCTCACCAGTTA-1",2
"CTGGTCTGTACCTACA-1",0
"CTGGTCTGTACGCTGC-1",6
"CTGGTCTGTCCGCTGA-1",3
"CTGGTCTGTCCGTTAA-1",8
"CTGGTCTGTTCATGGT-1",3
"CTGGTCTGTTCGTGAT-1",1
"CTGGTCTTCAACGGGA-1",4
"CTGGTCTTCACTTACT-1",3
"CTGGTCTTCTTACCTA-1",2
"CTGTGCTGTATATCCG-1",7
"CTGTGCTGTCATCCCT-1",1
"CTGTGCTGTCCCTACT-1",3
"CTGTGCTGTCGGCACT-1",2
"CTGTGCTTCCATTCTA-1",2
"CTGTGCTTCCGTACAA-1",4
"CTGTTTAAGAAACCGC-1",1
"CTGTTTAAGATCGATA-1",2
"CTGTTTAAGGAGTTGC-1",4
"CTGTTTAGTCAAAGCG-1",2
"CTGTTTATCAGCCTAA-1",0
"CTGTTTATCATTTGGG-1",2
"CTGTTTATCTCCAGGG-1",0
"CTGTTTATCTCTTGAT-1",1
"CTGTTTATCTTCTGGC-1",9
"CTTAACTAGCCAGTAG-1",4
"CTTAACTAGGCTCTTA-1",3
"CTTAACTAGGTGCACA-1",5
"CTTAACTAGTCTCGGC-1",1
"CTTACCGAGCGCTTAT-1",1
"CTTACCGAGGCTACGA-1",0
"CTTACCGCAGATCTGT-1",0
"CTTACCGCAGTCAGAG-1",8
"CTTACCGGTCCTGCTT-1",2
"CTTACCGGTCGCCATG-1",3
"CTTACCGGTCTACCTC-1",4
"CTTACCGTCGGACAAG-1",2
"CTTAGGAAGCCCAACC-1",2
"CTTAGGACACGACGAA-1",0
"CTTAGGAGTTATGTGC-1",3
"CTTAGGATCCCATTTA-1",19
"CTTAGGATCTTTACAC-1",2
"CTTCTCTAGAACTCGG-1",7
"CTTCTCTAGAGTGAGA-1",4
"CTTCTCTAGCAGGCTA-1",0
"CTTCTCTAGTTAACGA-1",6
"CTTCTCTCAAAGGTGC-1",6
"CTTCTCTGTAACGACG-1",3
"CTTCTCTGTGCATCTA-1",2
"CTTCTCTTCGAGCCCA-1",9
"CTTGGCTAGCGATATA-1",0
"CTTGGCTAGTACGTTC-1",7
"CTTGGCTCATTACCTT-1",1
"CTTGGCTGTCTCCATC-1",2
"CTTGGCTTCCCTAATT-1",12
"CTTGGCTTCGCGTAGC-1",2
"CTTGGCTTCTCGTTTA-1",10
"CTTTGCGAGCAAATCA-1",4
"CTTTGCGAGCGTTCCG-1",4
"CTTTGCGAGTATCTCG-1",7
"CTTTGCGCAATTCCTT-1",4
"CTTTGCGCACTTAAGC-1",0
"CTTTGCGCAGACGCAA-1",2
"CTTTGCGGTAGAGGAA-1",4
"CTTTGCGTCCAGGGCT-1",2
"GAAACTCAGAGACGAA-1",2
"GAAACTCAGAGGTTAT-1",3
"GAAACTCAGCAGCCTC-1",1
"GAAACTCAGCCCAGCT-1",6
"GAAACTCAGCTAAACA-1",6
"GAAACTCAGTGCTGCC-1",1
"GAAACTCCAAGCCCAC-1",6
"GAAACTCCACATGACT-1",7
"GAAACTCCAGACACTT-1",0
"GAAACTCCATGGATGG-1",1
"GAAACTCGTACTCGCG-1",2
"GAAACTCGTAGCGATG-1",5
"GAAACTCGTGTGAAAT-1",2
"GAAACTCGTTTGTGTG-1",0
"GAAATGAAGACTAGGC-1",0
"GAAATGAAGCCAGTTT-1",5
"GAAATGAAGCTAGTCT-1",1
"GAAATGAAGTACGTAA-1",3
"GAAATGATCATGCTCC-1",3
"GAAATGATCCTCGCAT-1",11
"GAACATCAGATGGCGT-1",4
"GAACATCCAACAACCT-1",3
"GAACATCCACATCTTT-1",6
"GAACATCCACCTATCC-1",0
"GAACATCCACGGACAA-1",0
"GAACATCCATGCTAGT-1",2
"GAACATCGTACGACCC-1",0
"GAACATCGTGGACGAT-1",5
"GAACATCGTTCCCGAG-1",0
"GAACATCTCCAAGTAC-1",1
"GAACATCTCGATCCCT-1",4
"GAACATCTCTCCAACC-1",10
"GAACCTAAGAACTGTA-1",4
"GAACCTAAGAGCAATT-1",3
"GAACCTAAGCCAGTAG-1",2
"GAACCTACAAGGACAC-1",1
"GAACCTACAGACACTT-1",3
"GAACCTAGTACCAGTT-1",6
"GAACCTAGTGTCAATC-1",1
"GAACCTATCACGATGT-1",1
"GAACGGAAGACGCAAC-1",1
"GAACGGAAGTAATCCC-1",2
"GAACGGAAGTCAATAG-1",1
"GAACGGAAGTGGACGT-1",6
"GAACGGACACAGCGTC-1",3
"GAACGGACACCTCGTT-1",5
"GAACGGACACTTAACG-1",2
"GAACGGAGTAGCGTAG-1",2
"GAACGGAGTCAGAGGT-1",4
"GAACGGAGTGGCGAAT-1",1
"GAACGGATCACTCCTG-1",4
"GAACGGATCCACGAAT-1",3
"GAACGGATCGTAGGAG-1",6
"GAACGGATCTGTCAAG-1",1
"GAAGCAGAGACTAAGT-1",7
"GAAGCAGAGAGACGAA-1",4
"GAAGCAGAGCCACGCT-1",4
"GAAGCAGAGTTCGCGC-1",5
"GAAGCAGCAATCCGAT-1",12
"GAAGCAGCACTCGACG-1",0
"GAAGCAGCAGATCTGT-1",0
"GAAGCAGCAGATGAGC-1",3
"GAAGCAGCATGAACCT-1",6
"GAAGCAGCATGGAATA-1",2
"GAAGCAGGTAACGCGA-1",5
"GAAGCAGGTCATACTG-1",2
"GAAGCAGTCCTAGTGA-1",3
"GAAGCAGTCTTATCTG-1",2
"GAATAAGCAAGGTGTG-1",2
"GAATAAGCAGACAAGC-1",1
"GAATAAGCATGCAACT-1",1
"GAATAAGGTCCGTTAA-1",6
"GAATAAGGTGAGTGAC-1",3
"GAATAAGGTTCCCTTG-1",4
"GAATAAGTCGTTTAGG-1",5
"GAATGAAAGAGTCTGG-1",8
"GAATGAAAGCTTATCG-1",0
"GAATGAAAGGCATGTG-1",2
"GAATGAACAAACGCGA-1",1
"GAATGAACAGTGAGTG-1",3
"GAATGAACATCATCCC-1",1
"GAATGAAGTCAACATC-1",7
"GAATGAAGTCTCACCT-1",0
"GAATGAAGTGGCAAAC-1",0
"GAATGAAGTTGCGTTA-1",0
"GAATGAATCAGTTAGC-1",5
"GAATGAATCCTGCCAT-1",7
"GACACGCAGACGCACA-1",6
"GACACGCAGAGTAATC-1",3
"GACACGCAGCCAACAG-1",2
"GACACGCAGGAGTTTA-1",3
"GACACGCAGGGCATGT-1",1
"GACACGCAGGTGCACA-1",0
"GACACGCAGTCCAGGA-1",5
"GACACGCAGTGGGATC-1",3
"GACACGCAGTGGGTTG-1",4
"GACACGCCAAGCGTAG-1",5
"GACACGCCAAGGACAC-1",4
"GACACGCCAGACGCTC-1",0
"GACACGCCATCCTTGC-1",4
"GACACGCGTTCACGGC-1",9
"GACACGCTCATGTAGC-1",5
"GACAGAGAGTACGATA-1",1
"GACAGAGCAACGATCT-1",1
"GACAGAGCAAGTCTAC-1",0
"GACAGAGCAGCTCCGA-1",0
"GACAGAGCAGCTGGCT-1",7
"GACAGAGGTAGAAAGG-1",1
"GACAGAGTCAAACAAG-1",5
"GACAGAGTCAGAGACG-1",2
"GACAGAGTCCTTCAAT-1",4
"GACAGAGTCCTTGCCA-1",3
"GACAGAGTCTTCATGT-1",0
"GACCAATAGAAGGGTA-1",0
"GACCAATAGCTACCGC-1",5
"GACCAATAGCTACCTA-1",2
"GACCAATCAGGTGCCT-1",3
"GACCAATCATGCGCAC-1",6
"GACCAATGTACAGTTC-1",4
"GACCAATGTCGCTTCT-1",2
"GACCAATTCCGATATG-1",2
"GACCAATTCGAATGGG-1",2
"GACCAATTCGTCACGG-1",2
"GACCTGGCATCACAAC-1",3
"GACCTGGCATGTCTCC-1",5
"GACCTGGCATTGGCGC-1",2
"GACCTGGGTAAAGGAG-1",2
"GACCTGGGTCCAGTTA-1",6
"GACCTGGGTGCAGTAG-1",8
"GACCTGGTCATAGCAC-1",3
"GACCTGGTCCTTGCCA-1",1
"GACCTGGTCGCATGAT-1",1
"GACCTGGTCGTCACGG-1",4
"GACGCGTAGTGGTAAT-1",3
"GACGCGTAGTTGTAGA-1",0
"GACGCGTGTAAAGGAG-1",2
"GACGCGTGTGTGAAAT-1",5
"GACGCGTGTTAAGACA-1",8
"GACGCGTTCAAACCGT-1",0
"GACGCGTTCCAAATGC-1",7
"GACGCGTTCCGCGGTA-1",0
"GACGCGTTCCTACAGA-1",1
"GACGCGTTCGACGGAA-1",0
"GACGCGTTCTCCGGTT-1",1
"GACGGCTAGAAGATTC-1",3
"GACGGCTAGAGCTGGT-1",1
"GACGGCTCAAGGTTTC-1",3
"GACGGCTCACCGCTAG-1",1
"GACGGCTCATGAACCT-1",2
"GACGGCTCATGCAACT-1",1
"GACGGCTGTGTGTGCC-1",2
"GACGGCTGTTATGTGC-1",2
"GACGGCTGTTTGGCGC-1",9
"GACGGCTTCTATCGCC-1",3
"GACGTGCAGGCAAAGA-1",2
"GACGTGCAGGGTGTGT-1",4
"GACGTGCAGGTGTTAA-1",0
"GACGTGCCAGGTCGTC-1",3
"GACGTGCGTAACGTTC-1",4
"GACGTGCTCACCTCGT-1",1
"GACGTTAAGCTACCGC-1",9
"GACGTTAAGGCAAAGA-1",0
"GACGTTAAGTCAAGCG-1",0
"GACGTTACAAGCCATT-1",1
"GACGTTACAAGGTTTC-1",0
"GACGTTACAGACACTT-1",13
"GACGTTAGTATCTGCA-1",3
"GACGTTAGTTTGACAC-1",6
"GACGTTAGTTTGACTG-1",6
"GACGTTATCACAGGCC-1",4
"GACGTTATCATTGCGA-1",0
"GACGTTATCCCGGATG-1",1
"GACGTTATCCGAAGAG-1",1
"GACGTTATCGCGTTTC-1",4
"GACGTTATCTGTCCGT-1",4
"GACTAACAGACAGAGA-1",0
"GACTAACAGTGGAGAA-1",2
"GACTAACCAAATCCGT-1",0
"GACTAACGTCTAGTCA-1",7
"GACTAACGTGCAACTT-1",0
"GACTAACGTTCAGACT-1",5
"GACTAACTCCGCGCAA-1",1
"GACTAACTCCTTTCTC-1",6
"GACTAACTCTTGCCGT-1",5
"GACTAACTCTTTACAC-1",6
"GACTACAAGATATGGT-1",1
"GACTACACAAATCCGT-1",5
"GACTACAGTGCTGTAT-1",2
"GACTACATCAGCCTAA-1",1
"GACTACATCAGGTAAA-1",5
"GACTACATCTGCAGTA-1",6
"GACTGCGAGCGTAGTG-1",3
"GACTGCGAGTTGTAGA-1",2
"GACTGCGCACTTAACG-1",4
"GACTGCGCATGTTCCC-1",0
"GACTGCGGTACGCACC-1",2
"GACTGCGGTTCTCATT-1",5
"GACTGCGTCAACACAC-1",8
"GACTGCGTCACGACTA-1",0
"GACTGCGTCGCCCTTA-1",0
"GACTGCGTCTCAAACG-1",2
"GAGCAGAGTAGGGTAC-1",1
"GAGCAGAGTCAGATAA-1",5
"GAGCAGAGTCATATGC-1",0
"GAGCAGAGTGAGCGAT-1",2
"GAGCAGAGTGTAACGG-1",2
"GAGCAGAGTGTGACCC-1",8
"GAGCAGAGTTCGGGCT-1",18
"GAGCAGAGTTTAAGCC-1",0
"GAGCAGAGTTTGCATG-1",6
"GAGGTGAAGCAACGGT-1",3
"GAGGTGAAGGCTCTTA-1",1
"GAGGTGAAGTGGTAGC-1",1
"GAGGTGAAGTTGTAGA-1",2
"GAGGTGACACTGTCGG-1",2
"GAGGTGACATCCTTGC-1",3
"GAGGTGACATGCATGT-1",2
"GAGGTGAGTACCTACA-1",0
"GAGGTGAGTCATTAGC-1",5
"GAGGTGAGTTCCTCCA-1",0
"GAGGTGATCATCGCTC-1",1
"GAGGTGATCTAGAGTC-1",2
"GAGGTGATCTCTAGGA-1",3
"GAGGTGATCTGCTGTC-1",0
"GAGGTGATCTGGGCCA-1",2
"GAGTCCGAGGACAGAA-1",6
"GAGTCCGAGGCATGTG-1",1
"GAGTCCGAGGCGTACA-1",0
"GAGTCCGCAAACCCAT-1",1
"GAGTCCGGTCAAGCGA-1",1
"GAGTCCGGTGACCAAG-1",4
"GAGTCCGGTGACTCAT-1",6
"GAGTCCGGTGTGACCC-1",1
"GAGTCCGGTTCGGGCT-1",5
"GAGTCCGGTTTGCATG-1",2
"GAGTCCGTCGGCGCAT-1",3
"GAGTCCGTCTGATTCT-1",0
"GATCAGTAGATGTCGG-1",0
"GATCAGTAGTGGTAGC-1",0
"GATCAGTGTATATGAG-1",4
"GATCAGTGTCTGCGGT-1",5
"GATCAGTGTTATGCGT-1",3
"GATCAGTGTTGTACAC-1",4
"GATCAGTTCCCGACTT-1",0
"GATCGATAGAATGTTG-1",2
"GATCGATAGAGCTGCA-1",1
"GATCGATAGCATGGCA-1",0
"GATCGATCAAGCGAGT-1",1
"GATCGATCAAGCGTAG-1",1
"GATCGATGTCAACATC-1",1
"GATCGATGTTGCCTCT-1",0
"GATCGATTCCGCATCT-1",5
"GATCGCGAGATAGTCA-1",2
"GATCGCGAGCCTTGAT-1",8
"GATCGCGAGGAGCGTT-1",2
"GATCGCGCAGGTCGTC-1",1
"GATCGCGGTACAGCAG-1",5
"GATCGCGGTGAGTATA-1",3
"GATCGCGGTTGTCGCG-1",2
"GATCGCGTCACTCCTG-1",2
"GATCGTAAGACATAAC-1",0
"GATCGTAAGCTCAACT-1",1
"GATCGTACATAACCTG-1",2
"GATCGTAGTGGCTCCA-1",4
"GATCGTATCATATCGG-1",1
"GATCGTATCATGTCCC-1",2
"GATCGTATCTTACCGC-1",2
"GATCTAGAGCGTCTAT-1",1
"GATCTAGAGTGGAGAA-1",0
"GATCTAGCAACACCTA-1",1
"GATCTAGCAAGGGTCA-1",3
"GATCTAGGTCTAAAGA-1",0
"GATCTAGGTCTCACCT-1",6
"GATCTAGGTCTCTTTA-1",3
"GATCTAGTCACATAGC-1",4
"GATCTAGTCTAAGCCA-1",0
"GATGAAAAGAGTAATC-1",4
"GATGAAAAGCTCCCAG-1",0
"GATGAAACACGGTAGA-1",2
"GATGAAACAGCTGTAT-1",8
"GATGAAAGTGGGTATG-1",3
"GATGAAATCACCCTCA-1",2
"GATGAAATCACTCCTG-1",2
"GATGAAATCAGCAACT-1",7
"GATGAAATCGAGAGCA-1",4
"GATGAGGAGATCCCGC-1",0
"GATGAGGAGTTCGATC-1",4
"GATGAGGCACCAGTTA-1",4
"GATGAGGGTATCACCA-1",2
"GATGAGGGTATTCGTG-1",2
"GATGAGGGTCGCGTGT-1",0
"GATGAGGGTGATGATA-1",0
"GATGAGGTCACAGGCC-1",0
"GATGAGGTCACATAGC-1",0
"GATGAGGTCCCTTGTG-1",9
"GATGAGGTCTGCTGTC-1",0
"GATGCTAAGACTAAGT-1",0
"GATGCTAAGGATGCGT-1",1
"GATGCTAAGGCTCTTA-1",6
"GATGCTAAGGGAACGG-1",1
"GATGCTAAGTATCTCG-1",6
"GATGCTAAGTCTCGGC-1",7
"GATGCTACATGTTGAC-1",0
"GATGCTACATTGCGGC-1",7
"GATGCTAGTCTCCATC-1",2
"GATGCTAGTGGAAAGA-1",3
"GATGCTAGTTAGGGTG-1",2
"GATGCTATCCTGTACC-1",3
"GATGCTATCGGCGCTA-1",6
"GATTCAGAGAAACCTA-1",4
"GATTCAGAGAGTGACC-1",5
"GATTCAGAGATTACCC-1",8
"GATTCAGAGGGTCGAT-1",4
"GATTCAGAGGTCGGAT-1",7
"GATTCAGAGTCAATAG-1",6
"GATTCAGCAAGTTGTC-1",2
"GATTCAGCAATTCCTT-1",8
"GATTCAGCAGGGTACA-1",0
"GATTCAGCATCGACGC-1",0
"GATTCAGCATTATCTC-1",9
"GATTCAGGTAAATACG-1",0
"GATTCAGTCAACTCTT-1",2
"GCAAACTAGATGTTAG-1",0
"GCAAACTAGTCATGCT-1",2
"GCAAACTAGTCTCAAC-1",8
"GCAAACTCACAGGTTT-1",0
"GCAAACTGTCAGATAA-1",3
"GCAAACTGTCTCCATC-1",2
"GCAAACTTCGTGGTCG-1",4
"GCAATCAAGGGATCTG-1",2
"GCAATCAAGTATCTCG-1",1
"GCAATCAAGTGGGTTG-1",3
"GCAATCACAGCTTAAC-1",2
"GCAATCACATGTCGAT-1",0
"GCAATCACATTCCTCG-1",2
"GCAATCAGTAGGAGTC-1",0
"GCAATCAGTATAATGG-1",4
"GCAATCAGTTCTCATT-1",5
"GCAATCAGTTCTGGTA-1",5
"GCACATAAGAGCTATA-1",5
"GCACATAAGATGTTAG-1",3
"GCACATAAGCCTTGAT-1",0
"GCACATAAGGAGTACC-1",0
"GCACATAAGTGAAGTT-1",5
"GCACATACACCACGTG-1",0
"GCACATACAGCTGTAT-1",3
"GCACATACAGGAACGT-1",0
"GCACATAGTCATCGGC-1",1
"GCACATAGTCCGAATT-1",5
"GCACATAGTCTCTTTA-1",3
"GCACATAGTGCGCTTG-1",9
"GCACATATCACCTCGT-1",4
"GCACATATCTGGTTCC-1",5
"GCACTCTCAAGACACG-1",9
"GCACTCTCAATCACAC-1",1
"GCACTCTCATTTCAGG-1",3
"GCACTCTGTAAACCTC-1",2
"GCACTCTGTACCAGTT-1",2
"GCACTCTGTAGAAAGG-1",1
"GCACTCTGTCGAACAG-1",0
"GCACTCTGTCTAGGTT-1",8
"GCACTCTTCAACTCTT-1",5
"GCACTCTTCCCTAATT-1",2
"GCACTCTTCTGCCCTA-1",3
"GCAGCCAAGCTGATAA-1",2
"GCAGCCACATGAGCGA-1",5
"GCAGCCAGTAATCGTC-1",6
"GCAGCCAGTGTCGCTG-1",3
"GCAGCCATCAGTTGAC-1",1
"GCAGCCATCCCAACGG-1",2
"GCAGCCATCCGTACAA-1",0
"GCAGTTAAGTCCATAC-1",0
"GCAGTTAAGTCCGTAT-1",3
"GCAGTTAAGTTAACGA-1",5
"GCAGTTAGTGGACGAT-1",1
"GCAGTTAGTTATTCTC-1",4
"GCAGTTATCGCGATCG-1",3
"GCATACAAGATCTGCT-1",10
"GCATACAAGCAACGGT-1",0
"GCATACACAACGCACC-1",0
"GCATACACAAGGACTG-1",0
"GCATACACAAGTCTGT-1",0
"GCATACACAGTCAGCC-1",8
"GCATACACATCCTAGA-1",2
"GCATACACATCGGAAG-1",4
"GCATACAGTCCGAACC-1",5
"GCATACAGTTCTGGTA-1",4
"GCATACATCCACGACG-1",0
"GCATGATAGAATGTTG-1",10
"GCATGATAGAGTAATC-1",5
"GCATGATAGCTGATAA-1",2
"GCATGATAGGACCACA-1",8
"GCATGATAGGCTAGCA-1",0
"GCATGATAGTCAAGCG-1",4
"GCATGATAGTGGAGAA-1",2
"GCATGATCACACCGAC-1",0
"GCATGATCACATTTCT-1",2
"GCATGATGTCCCTACT-1",2
"GCATGATGTTGCGCAC-1",6
"GCATGATTCGTGGACC-1",3
"GCATGCGAGCATGGCA-1",2
"GCATGCGAGTCCAGGA-1",4
"GCATGCGCACTGCCAG-1",0
"GCATGCGGTAAGGATT-1",3
"GCATGCGGTCCTCTTG-1",2
"GCATGCGGTGTGAAAT-1",5
"GCATGCGTCCGCGGTA-1",11
"GCATGTAAGAACTGTA-1",2
"GCATGTAAGACAGACC-1",3
"GCATGTAAGTACTTGC-1",10
"GCATGTAAGTGCAAGC-1",4
"GCATGTACAACACGCC-1",3
"GCATGTATCACGAAGG-1",0
"GCCAAATCAAACTGTC-1",7
"GCCAAATCAAGGGTCA-1",1
"GCCAAATCAAGTTCTG-1",2
"GCCAAATCAGCCACCA-1",0
"GCCAAATCATAACCTG-1",4
"GCCAAATGTATAAACG-1",5
"GCCAAATGTGTTTGGT-1",8
"GCCAAATGTTTCGCTC-1",0
"GCCAAATTCAGGTAAA-1",1
"GCCAAATTCCGAGCCA-1",1
"GCCAAATTCCGCGGTA-1",1
"GCCAAATTCGGCTACG-1",2
"GCCTCTAAGAGTACCG-1",0
"GCCTCTAAGCCATCGC-1",3
"GCCTCTAAGCCGCCTA-1",3
"GCCTCTAAGCGATAGC-1",2
"GCCTCTAAGCTGCAAG-1",5
"GCCTCTAAGCTTCGCG-1",9
"GCCTCTAAGTCACGCC-1",0
"GCCTCTACAAGACGTG-1",6
"GCCTCTACAGCTATTG-1",2
"GCCTCTAGTAAGGATT-1",5
"GCCTCTAGTGATGATA-1",2
"GCCTCTAGTTAAGGGC-1",1
"GCCTCTATCAGCGACC-1",1
"GCCTCTATCCGATATG-1",1
"GCCTCTATCGAATCCA-1",3
"GCCTCTATCGAGCCCA-1",7
"GCCTCTATCGCTGATA-1",0
"GCCTCTATCTTTAGGG-1",2
"GCGACCAAGAGGTTAT-1",3
"GCGACCACACTTACGA-1",6
"GCGACCAGTCAGGACA-1",2
"GCGACCAGTCTAGAGG-1",6
"GCGACCATCAACGGGA-1",7
"GCGACCATCCCGGATG-1",4
"GCGACCATCTACTCAT-1",9
"GCGAGAAAGGTTCCTA-1",5
"GCGAGAAAGTACGATA-1",5
"GCGAGAAAGTGTCTCA-1",0
"GCGAGAACAAGCCCAC-1",0
"GCGAGAACACTGAAGG-1",1
"GCGAGAAGTAGCGCTC-1",8
"GCGAGAAGTCCCTACT-1",4
"GCGAGAATCCTTTCGG-1",0
"GCGAGAATCGAGAGCA-1",5
"GCGAGAATCGCACTCT-1",2
"GCGCAACAGTCCTCCT-1",4
"GCGCAACAGTGTACGG-1",0
"GCGCAACCAAGTCTGT-1",0
"GCGCAACCAGCCACCA-1",1
"GCGCAACGTAGCGCTC-1",2
"GCGCAACGTCCCTTGT-1",3
"GCGCAACGTCCTAGCG-1",6
"GCGCAACGTCGACTAT-1",3
"GCGCAACGTCTAGAGG-1",4
"GCGCAACGTGCACGAA-1",0
"GCGCAACTCAATACCG-1",2
"GCGCAGTCACATCCAA-1",10
"GCGCAGTCATTACCTT-1",2
"GCGCAGTGTTAGGGTG-1",4
"GCGCAGTTCGATCCCT-1",2
"GCGCAGTTCGCGGATC-1",0
"GCGCCAAAGACATAAC-1",0
"GCGCCAAAGGACAGCT-1",5
"GCGCCAAAGGCCCTTG-1",0
"GCGCCAAAGGGCTTCC-1",2
"GCGCCAAAGGTACTCT-1",1
"GCGCCAACATAACCTG-1",2
"GCGCCAACATTGGGCC-1",1
"GCGCCAAGTACTTGAC-1",0
"GCGCCAAGTCGGCACT-1",3
"GCGCCAAGTGAAAGAG-1",8
"GCGCCAAGTTGTACAC-1",2
"GCGCCAATCCGTTGCT-1",2
"GCGCGATAGAAGGTTT-1",1
"GCGCGATAGCAGGTCA-1",2
"GCGCGATAGTGAATTG-1",2
"GCGCGATAGTTTGCGT-1",2
"GCGCGATCAGCTCGAC-1",8
"GCGCGATGTAAGTAGT-1",3
"GCGCGATGTATCACCA-1",0
"GCGCGATGTCACTTCC-1",6
"GCGCGATGTTACCAGT-1",11
"GCGCGATTCAGTTAGC-1",1
"GCGCGATTCGTTTAGG-1",3
"GCGGGTTAGAAACGAG-1",0
"GCGGGTTAGCTATGCT-1",2
"GCGGGTTAGTGTGAAT-1",6
"GCGGGTTCACGCGAAA-1",11
"GCGGGTTCAGGCAGTA-1",8
"GCGGGTTCAGTAACGG-1",1
"GCGGGTTGTGAGTATA-1",4
"GCGGGTTGTGGCGAAT-1",2
"GCGGGTTTCCAAAGTC-1",6
"GCGGGTTTCCTTTCTC-1",4
"GCGGGTTTCTCCAACC-1",2
"GCGGGTTTCTTGAGGT-1",4
"GCGGGTTTCTTGTATC-1",0
"GCTCCTACAAACTGTC-1",7
"GCTCCTACACCAGGTC-1",6
"GCTCCTACACCGATAT-1",1
"GCTCCTACAGGGTACA-1",8
"GCTCCTACATTAGCCA-1",5
"GCTCCTAGTCAGGACA-1",0
"GCTCCTAGTCCGTCAG-1",3
"GCTCCTATCAGCCTAA-1",1
"GCTCCTATCCCTAATT-1",4
"GCTCTGTAGAGGTAGA-1",0
"GCTCTGTAGCTGAACG-1",2
"GCTCTGTAGGAGTCTG-1",0
"GCTCTGTAGTGCTGCC-1",3
"GCTCTGTAGTGGACGT-1",5
"GCTCTGTTCACCTCGT-1",15
"GCTGCAGAGCGTGAGT-1",2
"GCTGCAGAGTCAAGCG-1",2
"GCTGCAGAGTCCCACG-1",1
"GCTGCAGCAATTGCTG-1",2
"GCTGCAGCATGCCCGA-1",7
"GCTGCAGCATGCCTAA-1",0
"GCTGCAGGTAAACCTC-1",5
"GCTGCAGGTACGAAAT-1",3
"GCTGCAGGTAGCGCAA-1",2
"GCTGCAGGTCACCCAG-1",2
"GCTGCAGGTCATGCCG-1",14
"GCTGCGAAGGAATGGA-1",7
"GCTGCGAGTCTAACGT-1",1
"GCTGCGAGTGTTTGGT-1",9
"GCTGCGATCTCCTATA-1",4
"GCTGCGATCTTGTTTG-1",2
"GCTGCTTAGAATTGTG-1",3
"GCTGCTTAGGCAATTA-1",3
"GCTGCTTCATCACGTA-1",2
"GCTGCTTCATCCAACA-1",0
"GCTGCTTCATGCCTAA-1",1
"GCTGCTTCATGGTCAT-1",5
"GCTGCTTGTAACGACG-1",0
"GCTGCTTGTAATCGTC-1",0
"GCTGCTTGTAGGGACT-1",0
"GCTGCTTGTGAAAGAG-1",1
"GCTGCTTTCCGGGTGT-1",6
"GCTGGGTAGACCCACC-1",0
"GCTGGGTAGCCACGCT-1",1
"GCTGGGTAGTCGCCGT-1",3
"GCTGGGTAGTCTCAAC-1",2
"GCTGGGTCACGGCTAC-1",0
"GCTGGGTCAGCCAATT-1",1
"GCTGGGTGTACAGTTC-1",2
"GCTGGGTGTACCGTTA-1",5
"GCTGGGTGTCGAGTTT-1",5
"GCTGGGTGTCTCCACT-1",2
"GCTGGGTGTGCCTGTG-1",2
"GCTGGGTTCAGCTTAG-1",1
"GCTGGGTTCCTTAATC-1",0
"GCTTCCAAGAAACCTA-1",1
"GCTTCCACACCACCAG-1",3
"GCTTCCACAGGTCGTC-1",1
"GCTTCCACAGTGAGTG-1",2
"GCTTCCAGTATAGGTA-1",5
"GCTTCCAGTTCAGCGC-1",5
"GCTTCCATCGTCCAGG-1",0
"GCTTGAAAGATGGCGT-1",4
"GCTTGAAAGCCGTCGT-1",6
"GCTTGAACAAACCTAC-1",1
"GCTTGAACACGGTGTC-1",2
"GCTTGAACATCGGAAG-1",3
"GCTTGAAGTGCGGTAA-1",5
"GCTTGAAGTTCTCATT-1",4
"GCTTGAATCAGGATCT-1",5
"GGAAAGCAGGCAGGTT-1",6
"GGAAAGCCAAACGCGA-1",0
"GGAAAGCCAAGTACCT-1",8
"GGAAAGCGTAAGCACG-1",6
"GGAAAGCGTCCTCCAT-1",0
"GGAAAGCGTCGCGTGT-1",2
"GGAAAGCGTGCTTCTC-1",8
"GGAAAGCTCCAGAGGA-1",2
"GGAACTTAGAGTAAGG-1",0
"GGAACTTCAATGTAAG-1",4
"GGAACTTCACAGGAGT-1",0
"GGAACTTCACCTCGTT-1",2
"GGAACTTGTCTCTTTA-1",6
"GGAACTTTCATTGCCC-1",5
"GGAACTTTCATTTGGG-1",3
"GGAACTTTCCGTCATC-1",1
"GGAACTTTCCTCAACC-1",2
"GGAACTTTCGGATGTT-1",0
"GGAATAAAGGTACTCT-1",3
"GGAATAAAGTGTCCAT-1",3
"GGAATAACAGCGTCCA-1",4
"GGAATAAGTCTGGTCG-1",1
"GGAATAAGTGCAGGTA-1",6
"GGAATAATCAGCACAT-1",2
"GGAATAATCTTTACGT-1",12
"GGACAAGAGGTACTCT-1",1
"GGACAAGCAACGATGG-1",3
"GGACAAGCAGTCGTGC-1",0
"GGACAAGCATGGGACA-1",1
"GGACAAGGTATAAACG-1",1
"GGACAAGGTATGAAAC-1",0
"GGACAAGGTCGGCATC-1",0
"GGACAAGGTTATGCGT-1",3
"GGACAAGTCTAACGGT-1",0
"GGACAGAAGCTAGTCT-1",5
"GGACAGAAGTACTTGC-1",4
"GGACAGACAACACGCC-1",0
"GGACAGACACAAGCCC-1",4
"GGACAGAGTAAGTGGC-1",1
"GGACAGAGTCTTTCAT-1",0
"GGACAGAGTGAGGGAG-1",8
"GGACAGAGTTCCACAA-1",3
"GGACAGATCAACGCTA-1",0
"GGACATTAGAGGGCTT-1",3
"GGACATTAGCCACGTC-1",3
"GGACATTCAAACGCGA-1",0
"GGACATTCAATGACCT-1",4
"GGACATTCACCAGCAC-1",3
"GGACATTGTTCTGGTA-1",4
"GGACATTTCCTCTAGC-1",1
"GGACGTCAGTACTTGC-1",2
"GGACGTCAGTGGTAAT-1",2
"GGACGTCCACAGTCGC-1",1
"GGACGTCGTGAGGGAG-1",0
"GGACGTCGTGGCGAAT-1",4
"GGACGTCGTTACGGAG-1",2
"GGACGTCGTTTAAGCC-1",3
"GGACGTCTCCACTCCA-1",1
"GGACGTCTCGCAAACT-1",8
"GGACGTCTCTCCAGGG-1",4
"GGACGTCTCTCGAGTA-1",0
"GGACGTCTCTGGTGTA-1",1
"GGACGTCTCTTCGAGA-1",1
"GGAGCAAAGAACTCGG-1",0
"GGAGCAAAGACTGTAA-1",2
"GGAGCAAAGCCGCCTA-1",1
"GGAGCAAAGCTAAACA-1",0
"GGAGCAAAGTACGCCC-1",2
"GGAGCAACAAGCTGTT-1",5
"GGAGCAACAATGGACG-1",1
"GGAGCAACAATTCCTT-1",0
"GGAGCAACATGCTGGC-1",1
"GGAGCAAGTGAGTATA-1",3
"GGAGCAAGTTACTGAC-1",1
"GGAGCAATCAAGATCC-1",3
"GGAGCAATCCCATTTA-1",8
"GGATGTTCAAACTGTC-1",0
"GGATGTTTCATCACCC-1",1
"GGATGTTTCATGCATG-1",0
"GGATGTTTCCTACAGA-1",7
"GGATGTTTCCTCTAGC-1",0
"GGATTACAGATCCCAT-1",3
"GGATTACAGCTTCGCG-1",0
"GGATTACAGGCTAGCA-1",7
"GGATTACAGTATCTCG-1",6
"GGATTACCAAGCGTAG-1",7
"GGATTACCACATCCGG-1",0
"GGATTACCAGCGTAAG-1",2
"GGATTACGTAATAGCA-1",4
"GGATTACGTACACCGC-1",4
"GGATTACGTCTCTTTA-1",0
"GGATTACGTTGAGGTG-1",2
"GGATTACTCGCGCCAA-1",6
"GGATTACTCGGCGCAT-1",0
"GGATTACTCTGCCCTA-1",3
"GGCAATTCAATCGGTT-1",6
"GGCAATTCACGGCGTT-1",6
"GGCAATTCATCACCCT-1",5
"GGCAATTGTCGATTGT-1",0
"GGCAATTTCACTTACT-1",2
"GGCAATTTCAGCACAT-1",5
"GGCAATTTCTCCGGTT-1",7
"GGCCGATAGTGTCTCA-1",4
"GGCCGATCACGGACAA-1",1
"GGCCGATGTAGGACAC-1",1
"GGCCGATGTCACTGGC-1",5
"GGCCGATGTCCCTACT-1",5
"GGCCGATTCACCGTAA-1",2
"GGCCGATTCCGCGCAA-1",0
"GGCGACTAGAGCTGGT-1",0
"GGCGACTAGGACCACA-1",8
"GGCGACTAGGTTACCT-1",3
"GGCGACTCAAAGCGGT-1",4
"GGCGACTCAAGAGTCG-1",4
"GGCGACTCACCAGGTC-1",3
"GGCGACTCATTGTGCA-1",0
"GGCGACTTCAGAAATG-1",0
"GGCGACTTCAGAGACG-1",5
"GGCGACTTCCAGATCA-1",9
"GGCGACTTCTCTAGGA-1",1
"GGCGTGTAGCTAGCCC-1",1
"GGCGTGTAGGGTATCG-1",1
"GGCGTGTCAGGTCCAC-1",9
"GGCGTGTCAGTATAAG-1",4
"GGCGTGTCATCGTCGG-1",0
"GGCGTGTCATGGAATA-1",1
"GGCGTGTGTCTCCCTA-1",1
"GGCGTGTTCTTGAGGT-1",0
"GGCTCGAAGCCGTCGT-1",5
"GGCTCGAAGGTAAACT-1",0
"GGCTCGACAAGAAGAG-1",8
"GGCTCGACAATAGCAA-1",0
"GGCTCGACATGGTCAT-1",13
"GGCTCGAGTATATCCG-1",5
"GGCTCGAGTTACGTCA-1",4
"GGCTCGAGTTAGGGTG-1",0
"GGCTCGATCTGCAAGT-1",0
"GGCTGGTAGAAGAAGC-1",1
"GGCTGGTAGACCCACC-1",2
"GGCTGGTCAAGGACAC-1",6
"GGCTGGTCACTGCCAG-1",0
"GGCTGGTCATTTCAGG-1",3
"GGCTGGTGTATTCTCT-1",2
"GGCTGGTGTCGCATCG-1",1
"GGCTGGTGTCTAGTGT-1",2
"GGCTGGTGTTATGCGT-1",3
"GGGAATGAGCGTTGCC-1",0
"GGGAATGAGTAGGTGC-1",0
"GGGAATGGTAAGGGAA-1",4
"GGGAATGTCAACGAAA-1",0
"GGGAATGTCCAGTATG-1",1
"GGGAATGTCCGGGTGT-1",2
"GGGACCTAGATGTAAC-1",1
"GGGACCTAGTCTTGCA-1",3
"GGGACCTCAATCAGAA-1",0
"GGGACCTCACTGAAGG-1",5
"GGGAGATAGTACGACG-1",6
"GGGAGATCAAAGTGCG-1",0
"GGGAGATCAAATCCGT-1",5
"GGGAGATCAAGGACTG-1",3
"GGGAGATCACGCGAAA-1",1
"GGGAGATGTAGCGCAA-1",8
"GGGAGATTCAACGGGA-1",4
"GGGAGATTCATCACCC-1",1
"GGGATGAAGTGACATA-1",5
"GGGATGACATCATCCC-1",3
"GGGATGAGTCACCCAG-1",0
"GGGATGAGTGGAAAGA-1",1
"GGGATGAGTTACGACT-1",3
"GGGATGAGTTGGTAAA-1",10
"GGGATGATCAGTTAGC-1",5
"GGGATGATCTATCCTA-1",5
"GGGATGATCTTTAGGG-1",0
"GGGCACTAGTCTCGGC-1",0
"GGGCACTCATCTCCCA-1",2
"GGGCACTTCACCTCGT-1",1
"GGGCACTTCTGAGGGA-1",0
"GGGCATCCAATGTAAG-1",3
"GGGCATCCAGTCTTCC-1",2
"GGGCATCGTGGCGAAT-1",0
"GGGCATCTCACAGTAC-1",6
"GGGCATCTCCCTTGTG-1",0
"GGGCATCTCCGGCACA-1",5
"GGGCATCTCTGTCCGT-1",3
"GGGCATCTCTTATCTG-1",2
"GGGTCTGAGAAGATTC-1",2
"GGGTCTGAGATCCCGC-1",2
"GGGTCTGAGCCAACAG-1",0
"GGGTCTGCACAGGCCT-1",1
"GGGTCTGCACCAGGTC-1",1
"GGGTCTGGTCTGGTCG-1",0
"GGGTCTGGTGATGATA-1",7
"GGGTCTGGTGTGACCC-1",0
"GGGTCTGTCAACTCTT-1",2
"GGGTCTGTCACTCCTG-1",8
"GGGTCTGTCCGTAGTA-1",0
"GGGTTGCAGACAGAGA-1",0
"GGGTTGCAGACCTTTG-1",2
"GGGTTGCAGATCGATA-1",2
"GGGTTGCAGGGTGTTG-1",1
"GGGTTGCAGGTGGGTT-1",9
"GGGTTGCCAATAACGA-1",0
"GGGTTGCCACGCCAGT-1",1
"GGGTTGCCATTAACCG-1",7
"GGGTTGCGTACATCCA-1",5
"GGGTTGCGTAGCGCAA-1",7
"GGGTTGCGTCCTCCAT-1",1
"GGGTTGCGTCGAGTTT-1",4
"GGGTTGCGTGAGTATA-1",7
"GGGTTGCGTGTGACCC-1",3
"GGGTTGCTCGTACCGG-1",0
"GGTATTGAGCACCGTC-1",2
"GGTATTGAGCTATGCT-1",9
"GGTATTGCACATCCAA-1",3
"GGTATTGCAGCTTCGG-1",1
"GGTATTGGTTCCGTCT-1",1
"GGTATTGTCAGAAATG-1",8
"GGTATTGTCCATTCTA-1",1
"GGTATTGTCGCCAGCA-1",8
"GGTGAAGAGACACGAC-1",3
"GGTGAAGAGATCCGAG-1",1
"GGTGAAGCAAGGTGTG-1",1
"GGTGAAGCACTCGACG-1",0
"GGTGAAGCAGTATGCT-1",13
"GGTGAAGGTATGAAAC-1",3
"GGTGAAGGTCAGAATA-1",1
"GGTGAAGGTGGTACAG-1",0
"GGTGAAGGTGTATGGG-1",4
"GGTGAAGGTGTCTGAT-1",10
"GGTGAAGGTGTGGTTT-1",9
"GGTGAAGGTGTGTGCC-1",4
"GGTGAAGTCACGATGT-1",1
"GGTGAAGTCACTCTTA-1",10
"GGTGAAGTCTGGCGTG-1",0
"GGTGCGTAGGTGATTA-1",2
"GGTGCGTAGTACGATA-1",1
"GGTGCGTCACTTAAGC-1",6
"GGTGCGTCAGCTGTAT-1",3
"GGTGCGTGTTCGTTGA-1",1
"GGTGCGTTCCGTACAA-1",1
"GGTGCGTTCTTGACGA-1",2
"GGTGTTAAGGGCTCTC-1",2
"GGTGTTAAGTAGCGGT-1",1
"GGTGTTAAGTGGGATC-1",3
"GGTGTTAAGTTATCGC-1",0
"GGTGTTACAAATCCGT-1",3
"GGTGTTACACGGATAG-1",1
"GGTGTTAGTAATCACC-1",0
"GGTGTTAGTAGCAAAT-1",1
"GGTGTTAGTGTATGGG-1",1
"GGTGTTAGTTGAACTC-1",0
"GGTGTTATCGGACAAG-1",2
"GGTGTTATCGGTGTTA-1",2
"GGTGTTATCTACTTAC-1",0
"GTAACGTAGGTGACCA-1",5
"GTAACGTCACAGGCCT-1",1
"GTAACGTGTACCATCA-1",1
"GTAACGTGTGAGTATA-1",6
"GTAACGTGTTACGGAG-1",0
"GTAACGTGTTAGGGTG-1",11
"GTAACGTTCGGTCCGA-1",1
"GTAACGTTCTCATTCA-1",12
"GTAACTGAGTGGGTTG-1",2
"GTAACTGCAATGGAAT-1",1
"GTAACTGCACAGGCCT-1",1
"GTAACTGCAGGATCGA-1",3
"GTAACTGCATCGGGTC-1",0
"GTAACTGGTATTACCG-1",4
"GTAACTGTCACGGTTA-1",0
"GTAACTGTCTACTATC-1",3
"GTACGTAAGGTGCTTT-1",4
"GTACGTACAGGAATGC-1",0
"GTACGTACATGGATGG-1",1
"GTACGTAGTGAGTGAC-1",0
"GTACGTAGTTGGTAAA-1",5
"GTACGTATCACCTCGT-1",3
"GTACGTATCATCGGAT-1",1
"GTACGTATCCACTGGG-1",2
"GTACTCCAGGCAGTCA-1",1
"GTACTCCCAATAGCGG-1",3
"GTACTCCCACAGGTTT-1",1
"GTACTCCTCACCTTAT-1",6
"GTACTCCTCATTGCCC-1",1
"GTACTCCTCCTTCAAT-1",0
"GTACTTTCAGTTAACC-1",1
"GTACTTTCATGTCGAT-1",0
"GTACTTTTCCGAAGAG-1",8
"GTAGGCCAGCAATCTC-1",0
"GTAGGCCCATTCGACA-1",0
"GTAGGCCGTAACGCGA-1",0
"GTAGGCCGTAAGGGCT-1",4
"GTAGGCCGTACGACCC-1",5
"GTAGGCCGTTCAGGCC-1",3
"GTAGGCCGTTGATTGC-1",10
"GTAGGCCTCAGCACAT-1",10
"GTAGTCAAGAATGTGT-1",0
"GTAGTCAAGATGCCTT-1",6
"GTAGTCAAGGACGAAA-1",8
"GTAGTCAAGTGAAGAG-1",0
"GTAGTCATCGTCACGG-1",0
"GTAGTCATCTGAAAGA-1",4
"GTATCTTAGAAACCAT-1",8
"GTATCTTAGGCTATCT-1",1
"GTATCTTAGTTGTCGT-1",6
"GTATCTTCACACCGCA-1",2
"GTATCTTCACGAAGCA-1",1
"GTATCTTGTTCGCTAA-1",4
"GTATCTTTCATGCTCC-1",3
"GTATCTTTCATGTAGC-1",4
"GTATTCTAGAAACCAT-1",0
"GTATTCTAGACAAAGG-1",3
"GTATTCTCAAAGTCAA-1",1
"GTATTCTCAACAACCT-1",8
"GTATTCTCAACTTGAC-1",6
"GTATTCTCAATAAGCA-1",9
"GTATTCTCAGGGTTAG-1",9
"GTATTCTCATACTACG-1",4
"GTATTCTCATGGTAGG-1",1
"GTATTCTGTAGTGAAT-1",1
"GTATTCTGTCTAGAGG-1",2
"GTCAAGTCATATGCTG-1",1
"GTCAAGTCATGGTTGT-1",1
"GTCAAGTGTCAGCTAT-1",0
"GTCAAGTGTTCCACTC-1",9
"GTCACAAAGCCGATTT-1",0
"GTCACAAAGTGGAGTC-1",0
"GTCACAACAGGTGGAT-1",0
"GTCACAAGTAAACGCG-1",10
"GTCACAATCAGGATCT-1",1
"GTCACAATCAGTTGAC-1",6
"GTCACAATCATGCATG-1",8
"GTCACGGAGATCACGG-1",5
"GTCACGGCATATACCG-1",5
"GTCACGGGTGAGTGAC-1",1
"GTCACGGGTGTGGCTC-1",3
"GTCACGGTCGAGAGCA-1",2
"GTCACGGTCTACCTGC-1",12
"GTCATTTAGAGACTAT-1",5
"GTCATTTCACGTGAGA-1",6
"GTCATTTGTAGAAGGA-1",1
"GTCATTTGTCAGATAA-1",4
"GTCATTTTCCAGAGGA-1",0
"GTCCTCAAGCCCAACC-1",2
"GTCCTCAAGTAGATGT-1",2
"GTCCTCAAGTGGGCTA-1",1
"GTCCTCACAATCACAC-1",0
"GTCCTCAGTGGAAAGA-1",2
"GTCCTCATCAAAGACA-1",1
"GTCCTCATCGTCCGTT-1",2
"GTCGGGTCACTGAAGG-1",0
"GTCGGGTCACTTCGAA-1",1
"GTCGGGTCATGAAGTA-1",0
"GTCGGGTGTCTCACCT-1",1
"GTCGGGTGTGTGACGA-1",1
"GTCGGGTGTGTGTGCC-1",5
"GTCGGGTGTTACGTCA-1",1
"GTCGGGTTCTGCTGTC-1",0
"GTCGGGTTCTGTGCAA-1",0
"GTCGTAAAGAGATGAG-1",6
"GTCGTAAAGCTGCAAG-1",0
"GTCGTAAAGGCGACAT-1",0
"GTCGTAACATCACGAT-1",3
"GTCGTAAGTATCACCA-1",5
"GTCGTAATCCAAGTAC-1",2
"GTCTCGTAGACCACGA-1",0
"GTCTCGTCAGGAACGT-1",2
"GTCTCGTGTGGTAACG-1",0
"GTCTCGTGTTTGGCGC-1",3
"GTCTCGTTCACCGGGT-1",1
"GTCTCGTTCAGTGCAT-1",1
"GTCTTCGAGACAAGCC-1",3
"GTCTTCGAGGAATGGA-1",1
"GTCTTCGAGTCAAGCG-1",1
"GTCTTCGCACATGGGA-1",0
"GTCTTCGCACCAGGTC-1",1
"GTCTTCGCAGACGCAA-1",2
"GTCTTCGCATAACCTG-1",2
"GTCTTCGCATCGATGT-1",0
"GTCTTCGGTCTAGTGT-1",2
"GTCTTCGTCTCGATGA-1",1
"GTGAAGGAGAGCTGGT-1",3
"GTGAAGGAGATCGGGT-1",1
"GTGAAGGAGCCAGTTT-1",1
"GTGAAGGAGTGTTGAA-1",0
"GTGAAGGCAAAGGCGT-1",4
"GTGAAGGCACTTAAGC-1",1
"GTGAAGGCAGATTGCT-1",0
"GTGAAGGGTATATGGA-1",0
"GTGAAGGGTCTCTCTG-1",2
"GTGAAGGTCTCCTATA-1",0
"GTGCAGCAGACATAAC-1",3
"GTGCAGCAGTGGTCCC-1",0
"GTGCAGCCACATCTTT-1",5
"GTGCAGCGTGAGTATA-1",1
"GTGCAGCTCTTAGAGC-1",0
"GTGCATAAGGCATGGT-1",1
"GTGCATAGTTTGTTGG-1",9
"GTGCATATCAGAGCTT-1",1
"GTGCATATCATCATTC-1",0
"GTGCATATCTGCGTAA-1",1
"GTGCGGTAGCAATCTC-1",0
"GTGCGGTAGGACAGAA-1",3
"GTGCGGTCAAAGGTGC-1",7
"GTGCGGTGTTCAGACT-1",3
"GTGCGGTGTTCTGTTT-1",2
"GTGCGGTTCATCTGCC-1",0
"GTGCGGTTCCAGGGCT-1",0
"GTGCGGTTCGGATGGA-1",1
"GTGCGGTTCTCGTTTA-1",1
"GTGCGGTTCTGCTGTC-1",5
"GTGCTTCAGCCAGTTT-1",1
"GTGCTTCAGGATTCGG-1",3
"GTGCTTCAGTACACCT-1",0
"GTGCTTCCACTTAACG-1",5
"GTGCTTCCAGCTATTG-1",4
"GTGCTTCGTAGAGTGC-1",1
"GTGCTTCTCACAATGC-1",5
"GTGCTTCTCACTTCAT-1",7
"GTGGGTCAGACCGGAT-1",6
"GTGGGTCAGACTGTAA-1",1
"GTGGGTCAGCCGTCGT-1",3
"GTGGGTCCACCAACCG-1",7
"GTGGGTCCACCACCAG-1",0
"GTGTGCGAGACCGGAT-1",5
"GTGTGCGAGACTTGAA-1",6
"GTGTGCGCAGGTCGTC-1",0
"GTGTGCGGTGAGCGAT-1",1
"GTGTGCGTCAGTCAGT-1",3
"GTGTGCGTCCCTTGTG-1",3
"GTGTGCGTCTAACTTC-1",4
"GTGTTAGAGCACGCCT-1",0
"GTGTTAGAGGACAGAA-1",2
"GTGTTAGAGGCATGGT-1",3
"GTGTTAGAGTGGAGAA-1",1
"GTGTTAGAGTTTGCGT-1",0
"GTGTTAGCAATGGAAT-1",1
"GTGTTAGCACCACCAG-1",0
"GTGTTAGGTGCCTGGT-1",3
"GTGTTAGGTGGAAAGA-1",5
"GTGTTAGGTTCCATGA-1",1
"GTGTTAGGTTGGGACA-1",0
"GTTAAGCAGAGCTGCA-1",1
"GTTAAGCAGATAGCAT-1",3
"GTTAAGCAGCTAACAA-1",0
"GTTAAGCAGGCTACGA-1",2
"GTTAAGCAGTGTACCT-1",3
"GTTAAGCAGTTTGCGT-1",3
"GTTAAGCCATTCACTT-1",0
"GTTAAGCGTACTCGCG-1",5
"GTTAAGCGTCTAGGTT-1",0
"GTTAAGCGTGGCAAAC-1",6
"GTTAAGCGTTGCTCCT-1",0
"GTTAAGCTCCTTTCGG-1",6
"GTTACAGAGAGCTATA-1",2
"GTTACAGAGTACGATA-1",1
"GTTACAGCAGACGCCT-1",2
"GTTACAGCATCGGTTA-1",4
"GTTACAGGTATGGTTC-1",1
"GTTACAGGTCGACTGC-1",7
"GTTACAGGTCTAGGTT-1",4
"GTTCATTAGCGATGAC-1",10
"GTTCATTCATATACGC-1",2
"GTTCATTCATTGGCGC-1",1
"GTTCATTGTGCACGAA-1",2
"GTTCATTGTGTTAAGA-1",1
"GTTCATTGTTCAGTAC-1",2
"GTTCGGGAGACGACGT-1",7
"GTTCGGGAGCTAAGAT-1",2
"GTTCGGGAGTGTCTCA-1",2
"GTTCGGGGTAGGGTAC-1",2
"GTTCGGGGTGCAGGTA-1",2
"GTTCGGGTCCACGCAG-1",2
"GTTCGGGTCTACTTAC-1",1
"GTTCTCGAGACCACGA-1",2
"GTTCTCGAGCGATGAC-1",3
"GTTCTCGAGGCCATAG-1",1
"GTTCTCGCATCGGACC-1",2
"GTTCTCGGTAAGGGAA-1",4
"GTTCTCGGTAGCGTAG-1",0
"GTTCTCGGTCCGTGAC-1",6
"GTTCTCGGTGTTAAGA-1",11
"GTTCTCGTCAACGCTA-1",0
"GTTCTCGTCCTGTACC-1",4
"GTTTCTACAAACCTAC-1",2
"GTTTCTACAAGAAAGG-1",2
"GTTTCTAGTGTTGGGA-1",4
"GTTTCTATCCCAACGG-1",0
"GTTTCTATCCGTAGTA-1",3
"GTTTCTATCGGCATCG-1",9
"TAAACCGGTACTTAGC-1",5
"TAAACCGTCACTCTTA-1",6
"TAAACCGTCAGGCGAA-1",1
"TAAACCGTCCGTTGTC-1",5
"TAAACCGTCTTCCTTC-1",1
"TAAGAGACAAGTTGTC-1",6
"TAAGAGAGTATATCCG-1",8
"TAAGAGATCAATCACG-1",1
"TAAGAGATCTAACGGT-1",4
"TAAGAGATCTTTCCTC-1",7
"TAAGCGTAGTGGACGT-1",7
"TAAGCGTAGTGTCTCA-1",0
"TAAGCGTCAGCTTCGG-1",4
"TAAGCGTCAGGTGGAT-1",3
"TAAGCGTGTCCTGCTT-1",0
"TAAGCGTGTGCCTGGT-1",2
"TAAGCGTGTTGTTTGG-1",2
"TAAGCGTTCCTCATTA-1",2
"TAAGCGTTCGGCGCAT-1",4
"TAAGCGTTCTCGCATC-1",6
"TAAGTGCAGGCTAGGT-1",2
"TAAGTGCAGTAGCGGT-1",2
"TAAGTGCCAACGCACC-1",3
"TAAGTGCCATACAGCT-1",3
"TAAGTGCGTAAACACA-1",2
"TAAGTGCGTCTCACCT-1",6
"TAAGTGCGTTCAGACT-1",7
"TAAGTGCTCACCCTCA-1",3
"TAAGTGCTCACTGGGC-1",2
"TAAGTGCTCTGGCGTG-1",3
"TACACGACACCCATTC-1",0
"TACACGAGTGATAAAC-1",1
"TACACGATCTGTCTCG-1",4
"TACAGTGAGATGCGAC-1",2
"TACAGTGAGCGTTGCC-1",0
"TACAGTGAGTGTACGG-1",2
"TACAGTGCAGGAATCG-1",1
"TACAGTGCAGGTGCCT-1",3
"TACAGTGGTACTCAAC-1",2
"TACAGTGGTTGGACCC-1",0
"TACCTATAGAGCTGGT-1",0
"TACCTATAGAGTTGGC-1",5
"TACCTATAGGCTCATT-1",1
"TACCTATAGTTAGCGG-1",1
"TACCTATCAAGCTGGA-1",2
"TACCTATGTAAATGAC-1",3
"TACCTATGTAGAGTGC-1",0
"TACCTATGTCACCTAA-1",0
"TACCTATGTGTTGAGG-1",3
"TACCTATGTTAAAGAC-1",1
"TACCTATTCTATGTGG-1",1
"TACCTATTCTTCCTTC-1",2
"TACCTTAAGAGGTTGC-1",4
"TACCTTAAGTCAAGCG-1",2
"TACCTTAAGTGGTCCC-1",3
"TACCTTACAACTGGCC-1",1
"TACCTTACAAGGGTCA-1",3
"TACCTTACACTCAGGC-1",0
"TACCTTACATCTACGA-1",3
"TACCTTAGTAGCGTCC-1",0
"TACCTTAGTCTCCACT-1",6
"TACGGATAGATGGCGT-1",3
"TACGGATAGGTACTCT-1",7
"TACGGATCAGGGATTG-1",2
"TACGGATCATCACCCT-1",3
"TACGGATGTCTAGCCG-1",0
"TACGGATTCGGTGTCG-1",4
"TACGGATTCTACTATC-1",3
"TACGGGCAGGATGCGT-1",1
"TACGGGCAGGGAACGG-1",4
"TACGGGCAGTATTGGA-1",1
"TACGGGCAGTCAAGCG-1",0
"TACGGGCCAAGAAGAG-1",0
"TACGGGCCACCAGATT-1",0
"TACGGGCCATCAGTAC-1",9
"TACGGGCGTAAGGGCT-1",5
"TACGGGCGTCTGATTG-1",3
"TACGGGCGTGATGTGG-1",1
"TACGGGCTCACCTTAT-1",10
"TACGGGCTCAGCTCTC-1",4
"TACGGGCTCCACGAAT-1",3
"TACGGGCTCCTATTCA-1",3
"TACGGGCTCGGTGTTA-1",3
"TACGGTAAGATATGGT-1",3
"TACGGTAAGCCGATTT-1",2
"TACGGTAAGTCATGCT-1",0
"TACGGTAAGTGCCATT-1",0
"TACGGTACACAGGCCT-1",5
"TACGGTACATTTCAGG-1",6
"TACGGTAGTATATCCG-1",4
"TACGGTAGTCACTTCC-1",6
"TACGGTAGTGCAGGTA-1",0
"TACGGTAGTGGGTATG-1",0
"TACGGTATCGCAGGCT-1",5
"TACGGTATCGGACAAG-1",9
"TACGGTATCGTTTATC-1",1
"TACTCATAGTCACGCC-1",3
"TACTCATCAATCTACG-1",1
"TACTCATCACGGTAGA-1",0
"TACTCATCACTTCTGC-1",7
"TACTCATCATCCGTGG-1",1
"TACTCATCATGTCGAT-1",3
"TACTCATGTACAGCAG-1",4
"TACTCATGTCTTCAAG-1",7
"TACTCATTCCTTTCTC-1",0
"TACTCGCAGGCGACAT-1",0
"TACTCGCGTCAGAAGC-1",5
"TACTCGCGTCTGATTG-1",4
"TACTCGCGTGTAACGG-1",1
"TACTCGCGTTGAGTTC-1",1
"TACTCGCTCAACGGGA-1",1
"TACTCGCTCCGAATGT-1",2
"TACTTACAGACTAGGC-1",1
"TACTTACAGCTGAACG-1",1
"TACTTACAGTACACCT-1",3
"TACTTACAGTACGCCC-1",5
"TACTTACAGTGATCGG-1",1
"TACTTACCAAGCCGTC-1",7
"TACTTACCACAGGTTT-1",2
"TACTTACTCGCGTTTC-1",6
"TACTTGTAGCGATATA-1",2
"TACTTGTAGTAATCCC-1",3
"TACTTGTCAAACAACA-1",1
"TACTTGTCATGCAACT-1",1
"TACTTGTGTAGCACGA-1",1
"TACTTGTGTATAAACG-1",0
"TACTTGTGTTCCACAA-1",1
"TACTTGTTCTGCAGTA-1",1
"TAGACCAAGAGACGAA-1",0
"TAGACCAAGCCTCGTG-1",1
"TAGACCAAGTCGATAA-1",7
"TAGACCACAACACCCG-1",8
"TAGACCAGTAGATTAG-1",3
"TAGACCAGTTCATGGT-1",2
"TAGACCATCACTTCAT-1",1
"TAGACCATCGTCACGG-1",2
"TAGACCATCTCCAGGG-1",7
"TAGAGCTAGAATTCCC-1",2
"TAGAGCTAGTATTGGA-1",0
"TAGAGCTCACTGAAGG-1",4
"TAGAGCTGTACTTGAC-1",3
"TAGAGCTGTAGGGACT-1",0
"TAGAGCTGTCTAAAGA-1",1
"TAGCCGGAGACTGGGT-1",3
"TAGCCGGAGTCCCACG-1",0
"TAGCCGGAGTGACATA-1",2
"TAGCCGGCAGCAGTTT-1",1
"TAGCCGGGTACAGTGG-1",7
"TAGCCGGGTACCATCA-1",1
"TAGCCGGGTCGCGAAA-1",2
"TAGCCGGTCACGACTA-1",3
"TAGCCGGTCCAGGGCT-1",1
"TAGGCATAGAACTGTA-1",2
"TAGGCATAGCTAGGCA-1",2
"TAGGCATAGTCGTACT-1",5
"TAGGCATAGTTTAGGA-1",2
"TAGGCATCAAGCCTAT-1",2
"TAGGCATCAGACGCAA-1",0
"TAGGCATGTACGAAAT-1",6
"TAGGCATGTCCAGTTA-1",0
"TAGGCATGTTCCACTC-1",5
"TAGGCATTCCCTAACC-1",6
"TAGGCATTCGCTAGCG-1",2
"TAGGCATTCGTAGATC-1",3
"TAGGCATTCTTCATGT-1",1
"TAGTGGTAGATCACGG-1",0
"TAGTGGTAGCTGTTCA-1",10
"TAGTGGTCAGTATAAG-1",1
"TAGTGGTGTAGCGTAG-1",3
"TAGTGGTTCAGCATGT-1",1
"TAGTGGTTCGGCGCAT-1",2
"TAGTGGTTCTCAAGTG-1",2
"TAGTGGTTCTGGGCCA-1",3
"TAGTGGTTCTTTAGTC-1",0
"TAGTTGGAGATAGGAG-1",0
"TAGTTGGCAGACGCAA-1",5
"TAGTTGGCATGCGCAC-1",6
"TAGTTGGGTATGGTTC-1",9
"TAGTTGGTCCGAATGT-1",0
"TAGTTGGTCTACTCAT-1",0
"TAGTTGGTCTCTAAGG-1",3
"TAGTTGGTCTGATACG-1",3
"TATCAGGAGAGTAAGG-1",0
"TATCAGGAGATCCGAG-1",0
"TATCAGGAGCAGATCG-1",1
"TATCAGGAGGTGCTTT-1",3
"TATCAGGCAACTTGAC-1",3
"TATCAGGCACGTTGGC-1",5
"TATCAGGGTCCGTTAA-1",6
"TATCAGGGTCTGCAAT-1",12
"TATCAGGGTTAAAGAC-1",2
"TATCAGGTCAAGATCC-1",10
"TATCAGGTCCACTCCA-1",11
"TATCAGGTCGTAGGTT-1",2
"TATCTCAAGAGTTGGC-1",0
"TATCTCAAGCCACCTG-1",4
"TATCTCAAGCGTAATA-1",1
"TATCTCAAGGCTAGCA-1",1
"TATCTCAAGTGGGCTA-1",6
"TATCTCACATGTCCTC-1",0
"TATCTCAGTAACGACG-1",6
"TATCTCAGTACCTACA-1",1
"TATCTCAGTACGACCC-1",7
"TATCTCAGTCAATGTC-1",1
"TATCTCATCAAGCCTA-1",7
"TATGCCCAGAAACCGC-1",3
"TATGCCCAGGTAGCTG-1",5
"TATGCCCCAATGGAAT-1",1
"TATGCCCCACTTAACG-1",0
"TATGCCCCATGTTCCC-1",2
"TATGCCCGTAGCCTCG-1",0
"TATGCCCGTATAGGGC-1",2
"TATGCCCGTATGAAAC-1",3
"TATGCCCGTCGCCATG-1",9
"TATGCCCGTGCCTTGG-1",5
"TATGCCCGTTAAGATG-1",5
"TATGCCCGTTGGTGGA-1",5
"TATGCCCGTTTAGGAA-1",6
"TATGCCCTCGTCTGCT-1",2
"TATTACCAGAGAGCTC-1",1
"TATTACCAGCAAATCA-1",2
"TATTACCAGCCCGAAA-1",1
"TATTACCAGTATCTCG-1",2
"TATTACCCAAAGTGCG-1",0
"TATTACCCAGACAAGC-1",1
"TATTACCCAGTCAGCC-1",0
"TATTACCCATAAAGGT-1",0
"TATTACCCATCTACGA-1",1
"TATTACCGTCCAGTAT-1",1
"TCAACGAAGCCGATTT-1",2
"TCAACGAAGCGATGAC-1",3
"TCAACGAAGGCATGTG-1",2
"TCAACGAAGTAGTGCG-1",6
"TCAACGACACCAGGCT-1",2
"TCAACGACATGCCTTC-1",4
"TCAACGAGTTACCAGT-1",2
"TCAACGAGTTCCATGA-1",3
"TCAACGAGTTCTGGTA-1",0
"TCAACGATCAGTCCCT-1",1
"TCAACGATCTGTGCAA-1",2
"TCAATCTAGATCCCGC-1",4
"TCAATCTCACAAGCCC-1",1
"TCAATCTCACAGCCCA-1",7
"TCAATCTCATGACGGA-1",1
"TCAATCTCATTTGCTT-1",3
"TCAATCTGTAGTGAAT-1",0
"TCAATCTGTTAGATGA-1",5
"TCAATCTTCAGATAAG-1",1
"TCAATCTTCATGTCCC-1",1
"TCACAAGAGACTGGGT-1",0
"TCACAAGAGAGAGCTC-1",8
"TCACAAGAGGCCCTCA-1",3
"TCACAAGAGGTGGGTT-1",0
"TCACAAGAGTAGATGT-1",1
"TCACAAGCAGTATGCT-1",4
"TCACAAGCATAACCTG-1",2
"TCACAAGCATGACATC-1",2
"TCACAAGGTCAGATAA-1",8
"TCACAAGGTGTGGTTT-1",0
"TCACAAGTCATCATTC-1",0
"TCACAAGTCATGCATG-1",4
"TCACGAAAGCTCCTTC-1",2
"TCACGAAAGGTGCTTT-1",1
"TCACGAAAGTCTCGGC-1",6
"TCACGAACACAAGACG-1",4
"TCACGAACACTGTCGG-1",4
"TCACGAAGTGGTCCGT-1",0
"TCACGAAGTTGGTGGA-1",0
"TCACGAATCATGCAAC-1",2
"TCACGAATCCCGACTT-1",2
"TCACGAATCCTCGCAT-1",10
"TCACGAATCGTCACGG-1",3
"TCAGATGAGGTGCACA-1",0
"TCAGATGGTCTTGTCC-1",3
"TCAGATGGTGCCTGCA-1",0
"TCAGATGGTGCTGTAT-1",0
"TCAGATGTCAGTTTGG-1",3
"TCAGATGTCGCATGAT-1",0
"TCAGATGTCTCCTATA-1",0
"TCAGCAAAGGAGTCTG-1",7
"TCAGCAAAGGCTCATT-1",4
"TCAGCAAAGTACGACG-1",2
"TCAGCAAAGTGGCACA-1",3
"TCAGCAACACGCATCG-1",5
"TCAGCAAGTACCGGCT-1",3
"TCAGCAATCAGCGATT-1",1
"TCAGCAATCGGAAACG-1",4
"TCAGCAATCTTCAACT-1",2
"TCAGCTCAGGTGTTAA-1",3
"TCAGCTCAGTATGACA-1",7
"TCAGCTCCAATCTGCA-1",0
"TCAGCTCCACGGTTTA-1",2
"TCAGCTCGTAATAGCA-1",3
"TCAGCTCGTCCGTCAG-1",3
"TCAGCTCGTTCACGGC-1",3
"TCAGCTCTCACGATGT-1",1
"TCAGCTCTCATGCATG-1",1
"TCAGCTCTCCTAAGTG-1",3
"TCAGCTCTCTCGTATT-1",0
"TCAGGATAGACAGAGA-1",1
"TCAGGATAGATATGGT-1",2
"TCAGGATCAAACGTGG-1",8
"TCAGGATCAAGTTCTG-1",9
"TCAGGATCACGGTGTC-1",4
"TCAGGATCACTGTGTA-1",1
"TCAGGATCAGCATACT-1",2
"TCAGGATCATCTGGTA-1",4
"TCAGGATGTAAGCACG-1",1
"TCAGGATGTGGCCCTA-1",3
"TCAGGATTCCGATATG-1",3
"TCAGGATTCTCGATGA-1",0
"TCAGGTAAGATGGCGT-1",3
"TCAGGTAAGTGTTTGC-1",0
"TCAGGTACACAAGTAA-1",4
"TCAGGTACACAGAGGT-1",5
"TCAGGTACAGCTGCTG-1",0
"TCAGGTAGTAAACGCG-1",2
"TCATTACAGAAACCAT-1",2
"TCATTACAGGAGTTGC-1",1
"TCATTACAGTTGCAGG-1",2
"TCATTACCACATCCAA-1",3
"TCATTACCAGTCAGCC-1",3
"TCATTACGTACGCACC-1",1
"TCATTACGTCTAGAGG-1",3
"TCATTACGTGAAGGCT-1",4
"TCATTACGTTCTGTTT-1",0
"TCATTACTCATCGATG-1",1
"TCATTTGAGCCAGTTT-1",7
"TCATTTGCACGTCTCT-1",0
"TCATTTGCAGTTAACC-1",2
"TCATTTGTCCAGAGGA-1",4
"TCATTTGTCCCTTGCA-1",6
"TCATTTGTCCGTCAAA-1",1
"TCATTTGTCGCTAGCG-1",2
"TCATTTGTCGTACGGC-1",0
"TCATTTGTCTCTGCTG-1",2
"TCCACACCAAAGAATC-1",3
"TCCACACCACGCCAGT-1",11
"TCCACACGTACAGCAG-1",8
"TCCACACGTAGCCTAT-1",9
"TCCACACGTCATCGGC-1",7
"TCCACACGTGACCAAG-1",2
"TCCACACGTGCGAAAC-1",3
"TCCACACTCAACACCA-1",2
"TCCACACTCCAGTATG-1",2
"TCCACACTCCCATTTA-1",0
"TCCACACTCGAACTGT-1",2
"TCCCGATAGAAGAAGC-1",0
"TCCCGATAGCACAGGT-1",4
"TCCCGATAGCCGGTAA-1",0
"TCCCGATCAAGGTTCT-1",8
"TCCCGATCAGCCAATT-1",7
"TCCCGATCATCCAACA-1",2
"TCCCGATGTAAGGATT-1",3
"TCCCGATGTCAATACC-1",2
"TCCCGATTCAGAAATG-1",0
"TCCCGATTCAGTCCCT-1",2
"TCCCGATTCATCTGTT-1",0
"TCCCGATTCCCTAATT-1",6
"TCCCGATTCTGGAGCC-1",0
"TCGAGGCAGCGATGAC-1",6
"TCGAGGCAGTGTTTGC-1",2
"TCGAGGCCAAAGAATC-1",11
"TCGAGGCCAAGTTCTG-1",2
"TCGAGGCCAGTAACGG-1",4
"TCGAGGCGTATATCCG-1",0
"TCGAGGCTCGCAAGCC-1",2
"TCGAGGCTCTTGAGAC-1",2
"TCGAGGCTCTTTCCTC-1",2
"TCGCGAGAGACAAAGG-1",2
"TCGCGAGAGTGAATTG-1",2
"TCGCGAGCAAGCGTAG-1",7
"TCGCGAGCACCGAATT-1",6
"TCGCGAGCAGTAAGAT-1",0
"TCGCGAGTCCACGAAT-1",3
"TCGCGAGTCTAGCACA-1",2
"TCGCGAGTCTCTAGGA-1",4
"TCGCGAGTCTTCATGT-1",2
"TCGCGTTAGTGGGCTA-1",5
"TCGCGTTCACAGGCCT-1",0
"TCGCGTTCATCACAAC-1",0
"TCGCGTTCATCTCGCT-1",4
"TCGCGTTGTTCACCTC-1",3
"TCGCGTTTCAAGATCC-1",3
"TCGCGTTTCAGGTAAA-1",2
"TCGCGTTTCATTCACT-1",4
"TCGCGTTTCCTGTACC-1",5
"TCGCGTTTCGCCCTTA-1",3
"TCGGGACCACACATGT-1",1
"TCGGGACTCCTTGCCA-1",1
"TCGGGACTCTGCGGCA-1",5
"TCGGGACTCTTGTCAT-1",3
"TCGGTAAAGACAGGCT-1",1
"TCGGTAAAGCTCAACT-1",0
"TCGGTAACAAGCTGAG-1",0
"TCGGTAACAGGAATGC-1",9
"TCGGTAAGTATATGGA-1",0
"TCGGTAAGTCTAGTCA-1",6
"TCGGTAATCCCGGATG-1",1
"TCGTACCAGCAGGCTA-1",0
"TCGTACCAGTTTCCTT-1",4
"TCGTACCGTTTGCATG-1",4
"TCGTACCTCGGGAGTA-1",3
"TCGTAGAAGCTAACTC-1",4
"TCGTAGAAGGCGACAT-1",11
"TCGTAGAAGGGAACGG-1",0
"TCGTAGAAGTCCATAC-1",0
"TCGTAGACAATCCAAC-1",0
"TCGTAGACACTCAGGC-1",3
"TCGTAGAGTATGAATG-1",1
"TCGTAGAGTGAGCGAT-1",2
"TCGTAGAGTGTGTGCC-1",8
"TCGTAGAGTTCAACCA-1",2
"TCGTAGAGTTCCATGA-1",3
"TCGTAGATCCAAGCCG-1",1
"TCGTAGATCTTAGCCC-1",1
"TCTATTGAGCGATTCT-1",3
"TCTATTGAGTGCCATT-1",2
"TCTATTGCACATCTTT-1",12
"TCTATTGGTAAGTGTA-1",1
"TCTATTGGTCCAACTA-1",3
"TCTATTGGTCTGCCAG-1",0
"TCTATTGGTTGCTCCT-1",1
"TCTATTGTCGGCGCTA-1",1
"TCTCATAAGCTAAACA-1",9
"TCTCATAAGCTAGTCT-1",0
"TCTCATAAGTGCCATT-1",5
"TCTCATAGTACCGGCT-1",1
"TCTCATAGTGTAAGTA-1",1
"TCTCATATCAAGCCTA-1",1
"TCTCATATCACCTTAT-1",0
"TCTCATATCCTGTACC-1",5
"TCTCTAAAGACCGGAT-1",1
"TCTCTAAAGGGTGTTG-1",0
"TCTCTAACAGCCTATA-1",2
"TCTCTAAGTCCAGTAT-1",5
"TCTCTAAGTCCATGAT-1",6
"TCTCTAAGTCTCATCC-1",0
"TCTCTAAGTGGAAAGA-1",8
"TCTCTAATCAAACCAC-1",1
"TCTCTAATCAACGCTA-1",0
"TCTCTAATCACAGGCC-1",2
"TCTCTAATCACATACG-1",1
"TCTCTAATCCGTAGGC-1",3
"TCTCTAATCGTATCAG-1",5
"TCTGAGACAAACCTAC-1",1
"TCTGAGACACGGATAG-1",0
"TCTGAGACAGAGTGTG-1",1
"TCTGAGAGTAAGGGAA-1",2
"TCTGAGATCCTTGACC-1",3
"TCTGAGATCTATCCTA-1",1
"TCTGGAAAGCGATGAC-1",1
"TCTGGAAAGCTAGTTC-1",0
"TCTGGAAAGCTCTCGG-1",4
"TCTGGAAAGGAGCGAG-1",1
"TCTGGAACACAAGACG-1",3
"TCTGGAACACACTGCG-1",4
"TCTGGAACACTTCTGC-1",7
"TCTGGAAGTGAGTATA-1",5
"TCTGGAATCTGTCTAT-1",1
"TCTTCGGAGGTTCCTA-1",8
"TCTTCGGAGTTCGATC-1",1
"TCTTCGGCAAAGCAAT-1",3
"TCTTCGGCAAAGGTGC-1",4
"TCTTCGGCAATAGCAA-1",8
"TCTTCGGCAATGTAAG-1",2
"TCTTCGGCACACCGAC-1",3
"TCTTCGGCAGCCAATT-1",0
"TCTTCGGGTCATTAGC-1",0
"TCTTCGGTCGTAGGTT-1",3
"TCTTCGGTCTCTAAGG-1",3
"TCTTTCCAGAGAGCTC-1",1
"TCTTTCCAGTCATCCA-1",7
"TCTTTCCCATCTCCCA-1",8
"TCTTTCCGTAATCACC-1",6
"TCTTTCCGTAGTACCT-1",3
"TCTTTCCTCACAACGT-1",0
"TCTTTCCTCAGCTGGC-1",2
"TCTTTCCTCCAAGTAC-1",0
"TCTTTCCTCCTCGCAT-1",1
"TGAAAGAAGCTAAGAT-1",2
"TGAAAGACAAGCCGTC-1",4
"TGAAAGACACATTCGA-1",0
"TGAAAGACATGAGCGA-1",1
"TGAAAGAGTCTAGCGC-1",1
"TGAAAGAGTCTCATCC-1",5
"TGAAAGATCCCGACTT-1",1
"TGAAAGATCTATGTGG-1",2
"TGACAACCAAGCGAGT-1",1
"TGACAACGTAGGGACT-1",7
"TGACAACGTGCGCTTG-1",2
"TGACAACGTGGTTTCA-1",6
"TGACAACTCACAAACC-1",0
"TGACAACTCCACGTGG-1",0
"TGACAACTCGAATGCT-1",6
"TGACGGCAGCGCCTCA-1",3
"TGACGGCAGGCTCAGA-1",1
"TGACGGCAGTCAAGCG-1",3
"TGACGGCCACAGACTT-1",1
"TGACGGCGTCATCCCT-1",6
"TGACGGCTCAGGCGAA-1",5
"TGACGGCTCCACTGGG-1",1
"TGACTAGAGACCCACC-1",2
"TGACTAGAGGGCATGT-1",8
"TGACTAGAGTCTCAAC-1",8
"TGACTAGAGTTGAGAT-1",0
"TGACTAGCAGCATACT-1",9
"TGACTAGCAGTCAGAG-1",1
"TGACTAGCATTTCACT-1",6
"TGACTAGGTAAATACG-1",1
"TGACTAGGTGAAAGAG-1",7
"TGACTAGGTGCAGTAG-1",0
"TGACTAGTCATGCATG-1",0
"TGACTAGTCCATGCTC-1",5
"TGACTAGTCTGTTGAG-1",4
"TGACTTTAGAACAATC-1",12
"TGACTTTAGTCTCGGC-1",5
"TGACTTTAGTTAGGTA-1",0
"TGACTTTCAGTCCTTC-1",0
"TGACTTTCATTATCTC-1",6
"TGACTTTGTCACACGC-1",4
"TGACTTTTCCTCAATT-1",0
"TGACTTTTCTGCCCTA-1",0
"TGAGAGGAGGCTCATT-1",8
"TGAGAGGCAAAGTCAA-1",1
"TGAGAGGCAAGCCATT-1",6
"TGAGAGGCACCATGTA-1",0
"TGAGAGGGTCACTGGC-1",0
"TGAGAGGGTCTAAACC-1",3
"TGAGAGGTCGAACTGT-1",2
"TGAGAGGTCGCGTTTC-1",2
"TGAGAGGTCTGACCTC-1",8
"TGAGCATAGAAACGAG-1",6
"TGAGCATAGAAGCCCA-1",0
"TGAGCATAGATGTCGG-1",0
"TGAGCATAGGAATGGA-1",0
"TGAGCATCACCAGGCT-1",9
"TGAGCATCAGATGAGC-1",5
"TGAGCATCAGCGTAAG-1",2
"TGAGCATCAGCTGTAT-1",1
"TGAGCATGTGGCCCTA-1",5
"TGAGCATTCCACGTTC-1",0
"TGAGCATTCCGATATG-1",2
"TGAGCATTCGGCCGAT-1",3
"TGAGCCGCATCGGGTC-1",2
"TGAGCCGGTCGAACAG-1",3
"TGAGCCGGTGTAATGA-1",3
"TGAGCCGGTTGATTCG-1",3
"TGAGCCGTCATCTGCC-1",0
"TGAGCCGTCGTCACGG-1",2
"TGAGCCGTCTTGAGGT-1",6
"TGAGGGAAGAGACTAT-1",2
"TGAGGGAAGGAGTACC-1",4
"TGAGGGAAGTCATCCA-1",4
"TGAGGGAAGTCATGCT-1",7
"TGAGGGACACCAGTTA-1",1
"TGAGGGACATAAGACA-1",9
"TGAGGGAGTAAACGCG-1",0
"TGAGGGAGTTAGGGTG-1",0
"TGAGGGATCAACGGGA-1",1
"TGAGGGATCTAGCACA-1",0
"TGAGGGATCTCTTATG-1",2
"TGATTTCCATCCGGGT-1",10
"TGATTTCGTAGGCATG-1",1
"TGATTTCGTTAAGACA-1",5
"TGATTTCTCTGATTCT-1",1
"TGCACCTAGACCTTTG-1",2
"TGCACCTAGGACGAAA-1",4
"TGCACCTCAAGTTGTC-1",0
"TGCACCTCAATAGAGT-1",2
"TGCACCTCATCCGGGT-1",1
"TGCACCTGTAATCACC-1",2
"TGCACCTGTCACACGC-1",5
"TGCACCTTCACGGTTA-1",6
"TGCACCTTCATCGGAT-1",5
"TGCACCTTCCGCGGTA-1",2
"TGCACCTTCGAACTGT-1",4
"TGCACCTTCTCTTGAT-1",1
"TGCCAAACAATGTAAG-1",0
"TGCCAAACAATTCCTT-1",12
"TGCCAAAGTTCGCGAC-1",0
"TGCCAAATCCAAACTG-1",8
"TGCCAAATCCCTGACT-1",1
"TGCCAAATCGGCGGTT-1",5
"TGCCCATAGACTAGGC-1",7
"TGCCCATAGCGTCAAG-1",0
"TGCCCATAGCGTGAAC-1",1
"TGCCCATAGCTGTTCA-1",3
"TGCCCATAGGATGGAA-1",8
"TGCCCATAGTACGCCC-1",1
"TGCCCATAGTTGAGTA-1",2
"TGCCCATCACCAGGTC-1",0
"TGCCCATCACGAAATA-1",1
"TGCCCATCAGGACGTA-1",1
"TGCCCATCATGGAATA-1",0
"TGCCCATCATGGATGG-1",5
"TGCCCATGTAGCCTCG-1",0
"TGCCCATTCAAACCGT-1",4
"TGCCCATTCAGGCCCA-1",0
"TGCCCATTCCTTCAAT-1",0
"TGCCCATTCGGAAATA-1",3
"TGCCCTAAGGTCGGAT-1",3
"TGCCCTAAGGTTCCTA-1",0
"TGCCCTACACCACCAG-1",7
"TGCCCTACAGCCACCA-1",6
"TGCCCTACAGTGAGTG-1",3
"TGCCCTAGTCCGAGTC-1",0
"TGCCCTAGTGGTTTCA-1",0
"TGCCCTAGTTTCGCTC-1",0
"TGCCCTATCGACGGAA-1",3
"TGCCCTATCTTCGGTC-1",0
"TGCGCAGAGACTAGGC-1",1
"TGCGCAGAGCACACAG-1",5
"TGCGCAGAGCGTCTAT-1",1
"TGCGCAGAGGAGCGAG-1",2
"TGCGCAGCAAACGTGG-1",1
"TGCGCAGCAGCTCGCA-1",5
"TGCGCAGCAGTAGAGC-1",1
"TGCGCAGTCCTACAGA-1",4
"TGCGGGTAGAGACTTA-1",2
"TGCGGGTAGATCGATA-1",4
"TGCGGGTAGCTCTCGG-1",2
"TGCGGGTAGGTGTGGT-1",1
"TGCGGGTAGTACTTGC-1",0
"TGCGGGTCAATGGAAT-1",10
"TGCGGGTCACACGCTG-1",6
"TGCGGGTCATTGGGCC-1",1
"TGCGGGTGTAGAAAGG-1",0
"TGCGGGTGTCACCTAA-1",1
"TGCGGGTGTCAGATAA-1",3
"TGCGGGTGTTAGAACA-1",7
"TGCGGGTTCAGTTCGA-1",1
"TGCGGGTTCGTAGATC-1",4
"TGCGGGTTCTCTTGAT-1",0
"TGCGTGGAGACGCAAC-1",0
"TGCGTGGAGACTGGGT-1",0
"TGCGTGGAGTGAACGC-1",0
"TGCGTGGCAATTCCTT-1",11
"TGCGTGGGTGCACCAC-1",3
"TGCGTGGTCCGCGCAA-1",2
"TGCGTGGTCGCCCTTA-1",3
"TGCGTGGTCTGGCGAC-1",8
"TGCTACCAGAAAGTGG-1",3
"TGCTACCAGATGGCGT-1",4
"TGCTACCAGCAAATCA-1",1
"TGCTACCAGTCCGTAT-1",1
"TGCTACCCAAGAGGCT-1",4
"TGCTACCCACTTAACG-1",0
"TGCTACCCATCGTCGG-1",10
"TGCTACCCATGGTTGT-1",0
"TGCTACCGTGTGACGA-1",0
"TGCTACCTCCTCGCAT-1",0
"TGCTACCTCTTCTGGC-1",0
"TGCTGCTAGACTAAGT-1",1
"TGCTGCTAGGTGATAT-1",0
"TGCTGCTCAATAGAGT-1",0
"TGCTGCTCACAGACAG-1",6
"TGCTGCTCATCCCATC-1",3
"TGCTGCTCATGGTTGT-1",0
"TGCTGCTGTCATACTG-1",1
"TGCTGCTGTGAAGGCT-1",1
"TGCTGCTTCATTGCGA-1",2
"TGGACGCAGAGGTACC-1",1
"TGGACGCAGTCAAGGC-1",0
"TGGACGCCACAGAGGT-1",3
"TGGACGCCATGGTAGG-1",0
"TGGACGCGTCCGAACC-1",7
"TGGACGCGTCTCCCTA-1",3
"TGGCCAGAGAAGGTGA-1",0
"TGGCCAGAGAGTACAT-1",2
"TGGCCAGAGGCGATAC-1",0
"TGGCCAGAGGCGTACA-1",3
"TGGCCAGCAACTGCGC-1",3
"TGGCCAGCACGACTCG-1",7
"TGGCCAGGTCAATACC-1",6
"TGGCCAGTCGTAGATC-1",3
"TGGCCAGTCTATCCCG-1",5
"TGGCGCAAGCTACCTA-1",1
"TGGCGCAAGCTATGCT-1",0
"TGGCGCAAGTGTGGCA-1",2
"TGGCGCAAGTTACCCA-1",2
"TGGCGCACACAGGCCT-1",3
"TGGCGCACACGGATAG-1",3
"TGGCGCACAGCGATCC-1",0
"TGGCGCACATAGGATA-1",0
"TGGCGCACATATACGC-1",0
"TGGCGCAGTACTCTCC-1",4
"TGGCGCAGTGGACGAT-1",0
"TGGCGCAGTTATGTGC-1",4
"TGGCGCATCAAGAAGT-1",1
"TGGCGCATCATGCTCC-1",0
"TGGCGCATCATGTGGT-1",11
"TGGCGCATCATTATCC-1",0
"TGGCGCATCGTGGTCG-1",3
"TGGCTGGAGCGGATCA-1",6
"TGGCTGGAGTGCAAGC-1",1
"TGGCTGGCAAGTTAAG-1",0
"TGGCTGGCACGGATAG-1",0
"TGGCTGGCAGGAACGT-1",7
"TGGCTGGGTCGAGTTT-1",2
"TGGCTGGGTCGGCATC-1",2
"TGGCTGGGTCTAGCCG-1",4
"TGGCTGGGTTACGCGC-1",6
"TGGCTGGGTTGGACCC-1",1
"TGGCTGGTCTCGTTTA-1",0
"TGGGAAGAGATATACG-1",0
"TGGGAAGAGCCCAATT-1",0
"TGGGAAGAGCGCTCCA-1",2
"TGGGAAGAGGGCTTCC-1",0
"TGGGAAGAGTAAGTAC-1",10
"TGGGAAGAGTTAACGA-1",1
"TGGGAAGCAAGGTGTG-1",0
"TGGGAAGCAGATCCAT-1",4
"TGGGAAGCAGCGAACA-1",3
"TGGGAAGGTAAGTTCC-1",1
"TGGGAAGGTTAGATGA-1",2
"TGGGAAGGTTATTCTC-1",3
"TGGGAAGTCCCAAGAT-1",4
"TGGGAAGTCCTTCAAT-1",2
"TGGGAAGTCGTGGACC-1",2
"TGGGAAGTCTCCTATA-1",6
"TGGGCGTAGTCTCCTC-1",0
"TGGGCGTCAGACGTAG-1",0
"TGGGCGTCAGGGATTG-1",3
"TGGGCGTGTCCAAGTT-1",0
"TGGGCGTGTCTAGAGG-1",8
"TGGGCGTGTGGCTCCA-1",6
"TGGGCGTGTTTCGCTC-1",2
"TGGGCGTTCAGCTTAG-1",0
"TGGTTAGAGCTACCTA-1",3
"TGGTTAGAGTTAGGTA-1",5
"TGGTTAGGTGATGATA-1",0
"TGGTTAGGTTCACGGC-1",1
"TGGTTAGTCCCGACTT-1",0
"TGGTTAGTCTTGTATC-1",2
"TGGTTCCAGCCGTCGT-1",1
"TGGTTCCAGTAATCCC-1",0
"TGGTTCCCAAGTTGTC-1",5
"TGGTTCCCAGACAAAT-1",0
"TGGTTCCCAGACAGGT-1",0
"TGGTTCCCAGCTCGAC-1",2
"TGGTTCCCATGTCCTC-1",4
"TGGTTCCCATTTCACT-1",2
"TGGTTCCGTCCAAGTT-1",4
"TGGTTCCTCACATACG-1",2
"TGGTTCCTCAGCTTAG-1",4
"TGGTTCCTCTAACTTC-1",1
"TGGTTCCTCTAGAGTC-1",2
"TGGTTCCTCTGGGCCA-1",1
"TGTATTCAGCCCGAAA-1",2
"TGTATTCAGCGATCCC-1",1
"TGTATTCCAGGGCATA-1",3
"TGTATTCGTAAGAGAG-1",0
"TGTATTCGTTTGTTTC-1",2
"TGTATTCTCAGCATGT-1",1
"TGTATTCTCATCTGTT-1",9
"TGTCCCAAGCAGATCG-1",1
"TGTCCCAAGCTAGTTC-1",0
"TGTCCCAAGCTGAACG-1",2
"TGTCCCAAGTTGTCGT-1",0
"TGTCCCACAGTAAGCG-1",2
"TGTCCCACATCACGTA-1",4
"TGTCCCAGTAAGAGGA-1",6
"TGTCCCAGTAAGTGGC-1",2
"TGTCCCAGTCGGATCC-1",1
"TGTCCCAGTCTCTTTA-1",0
"TGTCCCATCATTTGGG-1",0
"TGTCCCATCTGCAAGT-1",6
"TGTCCCATCTGCGTAA-1",2
"TGTGGTAGTCCCGACA-1",10
"TGTGGTAGTGTGAAAT-1",2
"TGTGGTAGTGTGACGA-1",2
"TGTGGTATCCAGGGCT-1",2
"TGTGGTATCTTGCATT-1",6
"TGTGTTTAGAGGTTAT-1",3
"TGTGTTTAGCGTGAGT-1",2
"TGTGTTTAGTGCGTGA-1",3
"TGTGTTTCATGCGCAC-1",2
"TGTGTTTTCTCATTCA-1",3
"TGTGTTTTCTTTCCTC-1",1
"TGTTCCGAGAGCAATT-1",0
"TGTTCCGAGCAACGGT-1",6
"TGTTCCGAGGAATTAC-1",10
"TGTTCCGAGGACTGGT-1",6
"TGTTCCGCAGTGAGTG-1",0
"TGTTCCGGTGAGTATA-1",2
"TGTTCCGTCAAGCCTA-1",5
"TGTTCCGTCAGTTCGA-1",5
"TGTTCCGTCGGCGGTT-1",4
"TGTTCCGTCTGAAAGA-1",6
"TGTTCCGTCTGGTATG-1",0
"TTAACTCAGTGTACGG-1",8
"TTAACTCCAAGCGCTC-1",0
"TTAACTCCAGGCAGTA-1",1
"TTAACTCGTTCCACAA-1",2
"TTAACTCTCATAAAGG-1",2
"TTAACTCTCCCTCAGT-1",8
"TTAGGACAGCAGGCTA-1",0
"TTAGGACAGCTCTCGG-1",2
"TTAGGACCAAGCCATT-1",1
"TTAGGACCAGTCAGAG-1",1
"TTAGGACGTTTGTTTC-1",3
"TTAGGCAAGAAGATTC-1",4
"TTAGGCAAGAGCCCAA-1",4
"TTAGGCAAGAGTGACC-1",4
"TTAGGCAAGGTTCCTA-1",3
"TTAGGCAAGTCGTTTG-1",0
"TTAGGCAAGTGTACCT-1",0
"TTAGGCACAGACGCTC-1",0
"TTAGGCACATGTTCCC-1",0
"TTAGGCAGTAAGGATT-1",6
"TTAGGCAGTAAGTAGT-1",0
"TTAGGCAGTCTTGATG-1",2
"TTAGGCATCACGCATA-1",5
"TTAGGCATCAGTCAGT-1",0
"TTAGGCATCCAGTATG-1",0
"TTAGGCATCGTTACGA-1",2
"TTAGTTCAGGTGCAAC-1",5
"TTAGTTCCAATGTAAG-1",0
"TTAGTTCCATCCTTGC-1",9
"TTAGTTCGTAGCCTAT-1",3
"TTAGTTCGTGCAGACA-1",5
"TTAGTTCGTGTCAATC-1",7
"TTAGTTCGTTGCCTCT-1",7
"TTAGTTCTCAGGCCCA-1",7
"TTAGTTCTCGCAGGCT-1",5
"TTAGTTCTCTACTATC-1",0
"TTATGCTAGAATGTGT-1",0
"TTATGCTAGCACACAG-1",0
"TTATGCTAGCAGCCTC-1",1
"TTATGCTAGTCCCACG-1",8
"TTATGCTAGTGGTAAT-1",0
"TTATGCTCAGCCAGAA-1",7
"TTATGCTCATACCATG-1",1
"TTATGCTCATGTAGTC-1",4
"TTATGCTGTCCGAGTC-1",3
"TTATGCTTCGATAGAA-1",0
"TTCCCAGAGAATTCCC-1",2
"TTCCCAGAGACTAGAT-1",9
"TTCCCAGAGTATCGAA-1",1
"TTCCCAGCAGATGGGT-1",7
"TTCCCAGCATCAGTAC-1",3
"TTCCCAGCATCTCCCA-1",1
"TTCCCAGCATTACCTT-1",1
"TTCCCAGTCAACACTG-1",0
"TTCCCAGTCGAGAGCA-1",0
"TTCGAAGAGTCTCAAC-1",5
"TTCGAAGCAAGCGCTC-1",1
"TTCGAAGCACATTAGC-1",2
"TTCGAAGCACGGTGTC-1",0
"TTCGGTCAGAGGACGG-1",2
"TTCGGTCAGCACACAG-1",4
"TTCGGTCAGGCCCTCA-1",5
"TTCGGTCAGTGAATTG-1",1
"TTCGGTCAGTTGAGAT-1",1
"TTCGGTCCAAGGGTCA-1",7
"TTCGGTCCACGTCAGC-1",10
"TTCGGTCGTAACGTTC-1",4
"TTCGGTCGTAGAGTGC-1",1
"TTCGGTCGTTCATGGT-1",0
"TTCGGTCGTTCTGTTT-1",0
"TTCGGTCTCAAAGACA-1",1
"TTCGGTCTCCAGTATG-1",1
"TTCGGTCTCGCGTTTC-1",4
"TTCGGTCTCGTCTGAA-1",4
"TTCTACAAGACTAAGT-1",2
"TTCTACAAGCAGCCTC-1",2
"TTCTACAAGCCTTGAT-1",4
"TTCTACAAGGCAGGTT-1",6
"TTCTACAAGGTAAACT-1",1
"TTCTACAAGTTAGGTA-1",8
"TTCTACACACGTGAGA-1",5
"TTCTACACAGCTGTTA-1",2
"TTCTACACATCGATTG-1",3
"TTCTACACATTACGAC-1",0
"TTCTACAGTACCGTTA-1",7
"TTCTACAGTATATGAG-1",6
"TTCTACAGTGGCTCCA-1",0
"TTCTACATCAACGGGA-1",2
"TTCTACATCCGCGTTT-1",2
"TTCTCAAAGAAAGTGG-1",5
"TTCTCAAAGAATCTCC-1",0
"TTCTCAAAGAGGTTAT-1",0
"TTCTCAAAGCAGCCTC-1",3
"TTCTCAAAGCCGCCTA-1",0
"TTCTCAAAGTCAATAG-1",0
"TTCTCAAAGTTGAGAT-1",1
"TTCTCAACACCCAGTG-1",2
"TTCTCAACATTGTGCA-1",4
"TTCTCAAGTATAAACG-1",1
"TTCTCAAGTCCCTTGT-1",1
"TTCTCAAGTCGAGATG-1",5
"TTCTCAATCATCGCTC-1",2
"TTCTCAATCCCTAACC-1",9
"TTCTCAATCGTAGGAG-1",2
"TTCTCCTAGAGTAAGG-1",2
"TTCTCCTAGCGACGTA-1",6
"TTCTCCTAGCGTGAGT-1",4
"TTCTCCTAGTCTCGGC-1",2
"TTCTCCTCAACACGCC-1",3
"TTCTCCTCAATAACGA-1",4
"TTCTCCTGTTAAGAAC-1",0
"TTCTCCTTCAGTTCGA-1",8
"TTCTCCTTCCGTAGGC-1",3
"TTCTCCTTCCTTTCTC-1",7
"TTCTCCTTCTGCAAGT-1",0
"TTCTCCTTCTTCAACT-1",1
"TTCTCCTTCTTGTACT-1",6
"TTCTTAGAGGACTGGT-1",0
"TTCTTAGCAAGGTGTG-1",3
"TTCTTAGCATCGGAAG-1",7
"TTCTTAGGTAGAAGGA-1",3
"TTCTTAGGTCATATGC-1",1
"TTCTTAGTCAGTTCGA-1",7
"TTGAACGGTCACTTCC-1",6
"TTGAACGTCATGTCCC-1",1
"TTGACTTAGCCACGTC-1",1
"TTGACTTAGCGACGTA-1",3
"TTGACTTAGTTAACGA-1",6
"TTGACTTCACTTACGA-1",0
"TTGACTTGTCTCTCTG-1",1
"TTGACTTGTGCGATAG-1",1
"TTGACTTTCCAGAGGA-1",1
"TTGACTTTCTGTCCGT-1",1
"TTGCCGTAGGAGCGTT-1",0
"TTGCCGTAGGTGGGTT-1",0
"TTGCCGTCATGGTCAT-1",3
"TTGCCGTGTACAGACG-1",0
"TTGCGTCAGACAGAGA-1",1
"TTGCGTCAGCTCCTTC-1",8
"TTGCGTCAGTCCATAC-1",0
"TTGCGTCAGTGAATTG-1",1
"TTGCGTCCAAATTGCC-1",4
"TTGCGTCCACTGTGTA-1",1
"TTGCGTCCAGTCACTA-1",1
"TTGCGTCGTCTGATTG-1",4
"TTGGAACAGCCCAATT-1",5
"TTGGAACAGCGTCTAT-1",3
"TTGGAACAGGCGTACA-1",0
"TTGGAACGTATTACCG-1",4
"TTGGAACGTGTGTGCC-1",0
"TTGGAACTCCCATTAT-1",0
"TTGGAACTCCGTAGTA-1",2
"TTGGAACTCGTCCAGG-1",0
"TTGGCAAAGTTAGGTA-1",5
"TTGGCAAGTATAGGTA-1",7
"TTGGCAATCACATGCA-1",10
"TTGGCAATCAGAGCTT-1",5
"TTGGCAATCGCATGAT-1",9
"TTGGCAATCTAGAGTC-1",5
"TTGTAGGAGGTGCTAG-1",0
"TTGTAGGCACACGCTG-1",4
"TTGTAGGGTCTCCCTA-1",0
"TTGTAGGGTGGTAACG-1",7
"TTGTAGGTCGGCGCTA-1",1
"TTGTAGGTCTGCCAGG-1",2
"TTTACTGAGATCACGG-1",2
"TTTACTGCAAAGCAAT-1",2
"TTTACTGCACATGGGA-1",4
"TTTACTGCACCACGTG-1",0
"TTTACTGCATGGGACA-1",1
"TTTACTGCATGTCCTC-1",3
"TTTACTGGTAACGTTC-1",2
"TTTACTGGTGGTGTAG-1",2
"TTTACTGGTTCGCTAA-1",3
"TTTACTGTCTGGAGCC-1",5
"TTTATGCAGACTGTAA-1",0
"TTTATGCAGATGCGAC-1",3
"TTTATGCAGGCAAAGA-1",1
"TTTATGCAGGCCCGTT-1",7
"TTTATGCAGTTCCACA-1",2
"TTTATGCCAAACGCGA-1",12
"TTTATGCCAATCTGCA-1",3
"TTTATGCCACAGGTTT-1",0
"TTTATGCCAGCCAATT-1",0
"TTTATGCCAGGTCGTC-1",8
"TTTATGCCATGGTCAT-1",0
"TTTATGCTCACATAGC-1",2
"TTTATGCTCACCTTAT-1",5
"TTTATGCTCGGCGGTT-1",2
"TTTATGCTCTCGCTTG-1",9
"TTTCCTCAGCGTGAAC-1",1
"TTTCCTCAGGACTGGT-1",0
"TTTCCTCCAAAGTGCG-1",1
"TTTCCTCCAGGAATGC-1",2
"TTTCCTCCATTAGCCA-1",4
"TTTCCTCGTCCGAAGA-1",1
"TTTCCTCGTCGCTTTC-1",2
"TTTCCTCTCGGCCGAT-1",10
"TTTCCTCTCGTGTAGT-1",0
"TTTGCGCAGCTAAACA-1",2
"TTTGCGCAGCTAGTCT-1",0
"TTTGCGCAGGCCGAAT-1",4
"TTTGCGCAGTCAAGGC-1",0
"TTTGCGCCAAGTAGTA-1",1
"TTTGCGCCAGGTGCCT-1",6
"TTTGCGCGTCTAAACC-1",0
"TTTGCGCTCAAAGTAG-1",7
"TTTGCGCTCATGTAGC-1",0
"TTTGGTTAGAATGTGT-1",0
"TTTGGTTAGACAATAC-1",4
"TTTGGTTAGCGATTCT-1",4
"TTTGGTTAGGCTCAGA-1",0
"TTTGGTTAGTTACCCA-1",3
"TTTGGTTCAAACTGCT-1",7
"TTTGGTTCAAGCTGTT-1",11
"TTTGGTTCAGATCGGA-1",2
"TTTGGTTCATCACAAC-1",4
"TTTGGTTGTACTTCTT-1",14
"TTTGGTTGTATGCTTG-1",3
"TTTGGTTGTGCTTCTC-1",0
"TTTGGTTTCATGCTCC-1",10
"TTTGGTTTCCCTGACT-1",6
"TTTGTCAAGAGTCGGT-1",4
"TTTGTCACAAGTTCTG-1",1
"TTTGTCACAAGTTGTC-1",2
"TTTGTCACACTCTGTC-1",1
"TTTGTCATCACCTTAT-1",1
"TTTGTCATCCATTCTA-1",3
"TTTGTCATCCTTAATC-1",0
"TTTGTCATCTTATCTG-1",0
