"cell_barcode","expression"
"AAACCTGAGACAGAGA-1",0
"AAACCTGAGACTTTCG-1",1
"AAACCTGAGAGTAAGG-1",1
"AAACCTGAGAGTCGGT-1",2
"AAACCTGAGGATGGAA-1",2
"AAACCTGAGTAGATGT-1",4
"AAACCTGCAATCAGAA-1",0
"AAACCTGCACCGATAT-1",0
"AAACCTGCAGACGTAG-1",4
"AAACCTGCAGTATCTG-1",1
"AAACCTGCATAGTAAG-1",0
"AAACCTGCATGAACCT-1",2
"AAACCTGGTAAGAGGA-1",0
"AAACCTGGTCCAACTA-1",1
"AAACCTGTCCGTAGTA-1",3
"AAACCTGTCGAGAGCA-1",3
"AAACGGGAGTACGACG-1",1
"AAACGGGCAAGGTTTC-1",1
"AAACGGGCACGTCAGC-1",2
"AAACGGGCAGCGTTCG-1",3
"AAACGGGGTAGCCTCG-1",2
"AAACGGGGTCTACCTC-1",3
"AAACGGGGTGCGGTAA-1",2
"AAACGGGGTTGTCGCG-1",0
"AAACGGGTCCATGAGT-1",0
"AAACGGGTCCCAACGG-1",0
"AAACGGGTCCCATTAT-1",3
"AAAGATGCAGTCAGCC-1",2
"AAAGATGCATCTACGA-1",1
"AAAGCAAAGCGTCTAT-1",0
"AAAGCAACATGTCGAT-1",0
"AAAGCAAGTAGCTGCC-1",0
"AAAGCAAGTAGGCATG-1",1
"AAAGCAAGTGCGCTTG-1",1
"AAAGCAAGTTATTCTC-1",3
"AAAGCAATCCGTAGTA-1",2
"AAAGTAGAGATGTGTA-1",0
"AAAGTAGAGTGGGCTA-1",1
"AAAGTAGGTATATGGA-1",3
"AAAGTAGGTGAGCGAT-1",1
"AAAGTAGGTTGAGGTG-1",1
"AAATGCCAGCCCTAAT-1",1
"AAATGCCAGCGTGTCC-1",3
"AAATGCCCAACACCTA-1",2
"AAATGCCGTAGGAGTC-1",1
"AAATGCCGTCTTTCAT-1",1
"AAATGCCGTGGTCCGT-1",0
"AAATGCCGTTCCCGAG-1",0
"AAATGCCTCATAGCAC-1",4
"AAATGCCTCGCTTAGA-1",3
"AACACGTAGAATTCCC-1",2
"AACACGTAGCCCTAAT-1",0
"AACACGTAGGGTGTGT-1",2
"AACACGTCACTGTCGG-1",0
"AACACGTCATCCCATC-1",4
"AACACGTGTGCAACGA-1",1
"AACACGTGTGTCGCTG-1",3
"AACCATGAGCGCTTAT-1",3
"AACCATGGTCCGTTAA-1",1
"AACCATGTCAGTTCGA-1",1
"AACCATGTCATCGATG-1",0
"AACCATGTCCCAAGTA-1",2
"AACCGCGAGAAGCCCA-1",2
"AACCGCGAGACTGGGT-1",0
"AACCGCGAGAGGTACC-1",1
"AACCGCGAGTTAGGTA-1",1
"AACCGCGAGTTGCAGG-1",0
"AACCGCGCACGGTAGA-1",0
"AACCGCGCAGCATGAG-1",0
"AACCGCGCAGCCTGTG-1",0
"AACCGCGCAGCTGTGC-1",0
"AACCGCGCAGTATGCT-1",1
"AACCGCGGTACTTGAC-1",1
"AACCGCGGTCTGCAAT-1",3
"AACCGCGTCACATGCA-1",1
"AACCGCGTCACCGTAA-1",0
"AACCGCGTCCAGAGGA-1",0
"AACCGCGTCCGAAGAG-1",0
"AACCGCGTCGATCCCT-1",1
"AACGTTGAGCGATAGC-1",2
"AACGTTGAGCGATCCC-1",0
"AACGTTGAGCTTATCG-1",2
"AACGTTGCAAGTTGTC-1",2
"AACGTTGCAATAGAGT-1",5
"AACGTTGCAATGGATA-1",2
"AACGTTGCATGGATGG-1",0
"AACGTTGCATTCTCAT-1",0
"AACGTTGTCAACACGT-1",4
"AACGTTGTCGAGGTAG-1",4
"AACGTTGTCGGTCCGA-1",2
"AACTCAGAGAGCTATA-1",0
"AACTCAGAGAGTCGGT-1",0
"AACTCAGAGCCACCTG-1",1
"AACTCAGAGCCCAATT-1",0
"AACTCAGCAAACAACA-1",1
"AACTCAGCACAAGCCC-1",0
"AACTCAGCACGGTTTA-1",3
"AACTCAGCAGGATCGA-1",1
"AACTCAGCATAAAGGT-1",0
"AACTCAGGTTCCACAA-1",3
"AACTCAGTCGTACCGG-1",0
"AACTCCCAGCCCAGCT-1",1
"AACTCCCAGCTAAGAT-1",3
"AACTCCCCAAACGCGA-1",1
"AACTCCCCATGGTCTA-1",2
"AACTCCCGTTGCGCAC-1",3
"AACTCCCTCAAGAAGT-1",8
"AACTCCCTCAAGCCTA-1",2
"AACTCCCTCATCGCTC-1",0
"AACTCCCTCTGCAGTA-1",2
"AACTCCCTCTGGCGTG-1",2
"AACTCTTAGCAGACTG-1",0
"AACTCTTAGTCCGGTC-1",0
"AACTCTTCATGCTAGT-1",0
"AACTCTTGTCGAATCT-1",2
"AACTCTTGTCGGGTCT-1",2
"AACTCTTTCCTCAATT-1",1
"AACTCTTTCTCAAACG-1",1
"AACTCTTTCTCCAGGG-1",1
"AACTCTTTCTCTGCTG-1",0
"AACTGGTAGAAGATTC-1",2
"AACTGGTAGAGACTAT-1",0
"AACTGGTAGCCAACAG-1",2
"AACTGGTAGTGTACTC-1",1
"AACTGGTCACTGAAGG-1",3
"AACTGGTGTCCGAACC-1",0
"AACTGGTTCGGAGCAA-1",0
"AACTGGTTCGTGGGAA-1",3
"AACTGGTTCTGCTTGC-1",1
"AACTTTCAGCGTGAAC-1",0
"AACTTTCAGTATCTCG-1",1
"AACTTTCAGTTTCCTT-1",2
"AACTTTCCATCCTTGC-1",2
"AACTTTCGTCTAGAGG-1",1
"AACTTTCGTCTCTTTA-1",0
"AACTTTCGTTTGTTTC-1",0
"AAGACCTAGGGCTTCC-1",0
"AAGACCTAGTACACCT-1",0
"AAGACCTGTATATGAG-1",0
"AAGACCTGTATCAGTC-1",1
"AAGACCTGTCCGTGAC-1",4
"AAGACCTGTCGAAAGC-1",2
"AAGACCTTCGCCATAA-1",0
"AAGCCGCAGATCTGAA-1",1
"AAGCCGCAGGGTGTTG-1",1
"AAGCCGCAGTGGACGT-1",2
"AAGCCGCAGTGTACTC-1",1
"AAGCCGCCACGCTTTC-1",1
"AAGCCGCCAGGACGTA-1",2
"AAGCCGCGTACAGTTC-1",2
"AAGCCGCGTCATTAGC-1",4
"AAGCCGCTCACGAAGG-1",1
"AAGCCGCTCAGTTAGC-1",0
"AAGCCGCTCGCAAACT-1",1
"AAGCCGCTCGTCGTTC-1",2
"AAGCCGCTCTTACCGC-1",1
"AAGGAGCAGAAACCGC-1",1
"AAGGAGCAGGCATGTG-1",0
"AAGGAGCAGGCGCTCT-1",1
"AAGGAGCAGTTGAGTA-1",3
"AAGGAGCCACGGCGTT-1",0
"AAGGAGCGTAGCGCAA-1",0
"AAGGAGCGTCTGCAAT-1",1
"AAGGAGCTCGTCTGCT-1",1
"AAGGCAGAGAACTGTA-1",0
"AAGGCAGAGAGATGAG-1",0
"AAGGCAGAGGTGATAT-1",0
"AAGGCAGCATAGTAAG-1",3
"AAGGCAGGTACTTCTT-1",2
"AAGGCAGGTGTGCCTG-1",1
"AAGGCAGTCAGATAAG-1",2
"AAGGCAGTCGGAATCT-1",1
"AAGGTTCAGTATCTCG-1",0
"AAGGTTCCATCACGTA-1",6
"AAGGTTCGTATATGGA-1",1
"AAGGTTCGTCCGAATT-1",3
"AAGGTTCGTCGACTAT-1",2
"AAGGTTCGTGTGACCC-1",1
"AAGGTTCTCCGTCATC-1",0
"AAGGTTCTCCTCGCAT-1",0
"AAGGTTCTCTGCGGCA-1",4
"AAGTCTGAGCCATCGC-1",1
"AAGTCTGAGTCAAGCG-1",0
"AAGTCTGCAAAGGAAG-1",3
"AAGTCTGGTCAGCTAT-1",4
"AAGTCTGTCAAACAAG-1",2
"AAGTCTGTCACTGGGC-1",5
"AAGTCTGTCAGCAACT-1",1
"AATCCAGCAAAGTGCG-1",0
"AATCCAGCAGCATACT-1",1
"AATCCAGGTAGGCATG-1",1
"AATCCAGGTCTCCCTA-1",0
"AATCCAGTCCGAATGT-1",2
"AATCGGTAGGCATGGT-1",0
"AATCGGTTCCTGTACC-1",2
"AATCGGTTCGCCGTGA-1",4
"ACACCAAAGATGAGAG-1",2
"ACACCAAAGCCCTAAT-1",0
"ACACCAAAGGATGGTC-1",0
"ACACCAAAGTGTCCAT-1",1
"ACACCAACACTTCGAA-1",0
"ACACCAACAGACGCTC-1",2
"ACACCAACAGCCTATA-1",3
"ACACCAAGTCGCGTGT-1",2
"ACACCAAGTCTAAACC-1",0
"ACACCAAGTTATGTGC-1",1
"ACACCAATCGCGTTTC-1",0
"ACACCCTAGCCAGGAT-1",2
"ACACCCTAGTACTTGC-1",2
"ACACCCTCAAGCGCTC-1",2
"ACACCCTCATCACAAC-1",1
"ACACCCTCATGCCCGA-1",3
"ACACCCTGTCTGGTCG-1",0
"ACACCCTTCCGCAAGC-1",0
"ACACCCTTCCTTGCCA-1",0
"ACACCCTTCTATCCTA-1",2
"ACACCCTTCTGGCGTG-1",3
"ACACCGGAGGCTCAGA-1",1
"ACACCGGAGTGACATA-1",1
"ACACCGGAGTTACCCA-1",2
"ACACCGGCAAGCCGTC-1",0
"ACACCGGCACCAGATT-1",4
"ACACCGGCACCGAAAG-1",2
"ACACCGGCATCACAAC-1",1
"ACACCGGTCCGCATAA-1",0
"ACACCGGTCTCGGACG-1",1
"ACACCGGTCTCTGTCG-1",0
"ACACTGAAGCACGCCT-1",1
"ACACTGAAGGTGATTA-1",0
"ACACTGACAATAGAGT-1",0
"ACACTGACAGACTCGC-1",4
"ACACTGACATCCAACA-1",2
"ACACTGAGTCCGAAGA-1",1
"ACACTGAGTGTTTGTG-1",3
"ACACTGAGTTTGACTG-1",1
"ACAGCCGAGGAATGGA-1",1
"ACAGCCGAGGCCCGTT-1",1
"ACAGCCGAGGTGCTTT-1",2
"ACAGCCGAGTGGTAGC-1",1
"ACAGCCGCATATACGC-1",1
"ACAGCCGCATGCAACT-1",0
"ACAGCCGGTAGGGTAC-1",0
"ACAGCCGGTCGAATCT-1",1
"ACAGCCGGTTCACCTC-1",1
"ACAGCCGGTTCCACTC-1",0
"ACAGCCGTCCAGAAGG-1",0
"ACAGCCGTCTTTACAC-1",1
"ACAGCTAAGCACCGCT-1",0
"ACAGCTAAGTATCTCG-1",2
"ACAGCTAAGTGTTGAA-1",1
"ACAGCTACATCGTCGG-1",2
"ACAGCTAGTCGACTAT-1",0
"ACAGCTAGTGGTACAG-1",3
"ACAGCTATCACCACCT-1",0
"ACAGCTATCTGCTTGC-1",1
"ACATACGAGAGCTTCT-1",0
"ACATACGAGCGTAGTG-1",2
"ACATACGAGCTTCGCG-1",0
"ACATACGAGCTTTGGT-1",0
"ACATACGCAAACGTGG-1",5
"ACATACGCAAGCCTAT-1",2
"ACATACGCATCTCCCA-1",2
"ACATACGCATTCTCAT-1",0
"ACATACGGTAGGAGTC-1",2
"ACATACGGTGCACCAC-1",1
"ACATACGGTGGTTTCA-1",3
"ACATACGTCGTATCAG-1",3
"ACATCAGAGCCACTAT-1",0
"ACATCAGAGCCTTGAT-1",1
"ACATCAGCAACACCCG-1",3
"ACATCAGCAACGATGG-1",2
"ACATCAGCAATTGCTG-1",0
"ACATCAGCACCGGAAA-1",1
"ACATCAGCATAAAGGT-1",0
"ACATCAGCATCCCACT-1",0
"ACATCAGCATTTGCCC-1",2
"ACATCAGGTAAGGATT-1",0
"ACATCAGGTCCGTGAC-1",1
"ACATCAGGTTAAGTAG-1",0
"ACATCAGTCAAACCGT-1",1
"ACATGGTAGCATGGCA-1",1
"ACATGGTAGCTGTTCA-1",1
"ACATGGTCACTTGGAT-1",1
"ACATGGTGTCAGATAA-1",1
"ACATGGTGTCTGCGGT-1",0
"ACATGGTGTGCAACTT-1",1
"ACATGGTTCCGCAAGC-1",0
"ACATGGTTCCTCCTAG-1",2
"ACATGGTTCTGGAGCC-1",0
"ACATGGTTCTTCTGGC-1",1
"ACCAGTAAGATCACGG-1",0
"ACCAGTAAGCTTCGCG-1",2
"ACCAGTACACAGATTC-1",1
"ACCAGTACACAGGCCT-1",2
"ACCAGTACAGTATGCT-1",0
"ACCAGTACAGTCAGAG-1",4
"ACCAGTACAGTTTACG-1",1
"ACCAGTAGTCACCCAG-1",3
"ACCAGTAGTCCATCCT-1",0
"ACCAGTAGTCTTCAAG-1",2
"ACCAGTAGTGGACGAT-1",2
"ACCAGTATCTGCGACG-1",0
"ACCAGTATCTGCTTGC-1",0
"ACCAGTATCTGTTTGT-1",1
"ACCCACTAGAGGTTAT-1",3
"ACCCACTAGATCCCGC-1",7
"ACCCACTAGATGTGTA-1",0
"ACCCACTAGCCCAATT-1",3
"ACCCACTCAAGGGTCA-1",0
"ACCCACTCAAGGTTCT-1",0
"ACCCACTGTAAATGAC-1",0
"ACCCACTGTAGCCTCG-1",0
"ACCCACTGTCAAAGAT-1",0
"ACCCACTGTCAATACC-1",0
"ACCCACTGTGTGGTTT-1",2
"ACCCACTTCGCAAACT-1",2
"ACCCACTTCTGCCAGG-1",2
"ACCGTAACAATCGGTT-1",2
"ACCGTAACAATCTACG-1",3
"ACCGTAACAGGTCCAC-1",0
"ACCGTAAGTACAGCAG-1",1
"ACCGTAAGTCATGCAT-1",0
"ACCGTAAGTGAGTGAC-1",1
"ACCGTAAGTTAAGAAC-1",2
"ACCGTAAGTTCCGTCT-1",1
"ACCGTAATCACATAGC-1",1
"ACCGTAATCATGTGGT-1",1
"ACCGTAATCTGAAAGA-1",0
"ACCTTTACAATCGGTT-1",1
"ACCTTTACACGGACAA-1",0
"ACCTTTACAGCAGTTT-1",0
"ACCTTTACATGCAACT-1",0
"ACCTTTACATTTCAGG-1",1
"ACCTTTAGTGAACCTT-1",2
"ACCTTTAGTTCCACTC-1",1
"ACCTTTATCTCTAGGA-1",3
"ACGAGCCAGGCAGGTT-1",2
"ACGAGCCCACAGGCCT-1",5
"ACGAGCCCATGGAATA-1",1
"ACGAGCCGTGCACGAA-1",2
"ACGAGCCGTGTGACCC-1",1
"ACGAGCCGTTGGTTTG-1",1
"ACGAGCCTCAGTCCCT-1",0
"ACGAGCCTCGCAAACT-1",1
"ACGAGGACACTACAGT-1",4
"ACGAGGACATGTAGTC-1",2
"ACGAGGAGTACACCGC-1",1
"ACGAGGAGTGCCTGCA-1",0
"ACGAGGAGTTCTGAAC-1",0
"ACGAGGATCTGCGGCA-1",0
"ACGATACAGAGTGACC-1",0
"ACGATACAGCGCCTTG-1",1
"ACGATACAGTGATCGG-1",1
"ACGATACCACGTTGGC-1",0
"ACGATACCATTGGGCC-1",1
"ACGATACGTCGAATCT-1",0
"ACGATACTCTGACCTC-1",2
"ACGATGTAGTGCGATG-1",1
"ACGATGTAGTTGAGAT-1",1
"ACGATGTCAACGCACC-1",1
"ACGATGTCACACGCTG-1",1
"ACGATGTGTATTCTCT-1",1
"ACGATGTGTCAGTGGA-1",0
"ACGATGTGTGACTACT-1",2
"ACGATGTGTGTCGCTG-1",0
"ACGATGTTCGCGTAGC-1",3
"ACGATGTTCTCTTATG-1",1
"ACGCAGCAGCGGCTTC-1",4
"ACGCAGCAGCTGCGAA-1",1
"ACGCAGCAGTGTACGG-1",3
"ACGCAGCCACCTCGTT-1",1
"ACGCAGCCATCGACGC-1",3
"ACGCAGCCATTACCTT-1",2
"ACGCAGCGTCCATGAT-1",1
"ACGCAGCGTCTACCTC-1",2
"ACGCAGCGTCTGGTCG-1",4
"ACGCAGCGTGCGATAG-1",0
"ACGCCAGCAAAGCAAT-1",1
"ACGCCAGCAACGCACC-1",1
"ACGCCAGCACGAGAGT-1",1
"ACGCCAGCAGTGAGTG-1",0
"ACGCCAGGTGCACTTA-1",1
"ACGCCAGGTGTGCGTC-1",0
"ACGCCAGTCACAGGCC-1",2
"ACGCCAGTCAGTGTTG-1",4
"ACGCCGAAGAAACGCC-1",0
"ACGCCGAAGATCTGCT-1",1
"ACGCCGACAGCCTGTG-1",1
"ACGCCGAGTTCCAACA-1",1
"ACGCCGATCCTATGTT-1",0
"ACGCCGATCGCAGGCT-1",0
"ACGCCGATCTTGTATC-1",1
"ACGGAGAAGCCAGTTT-1",1
"ACGGAGAAGGTCATCT-1",0
"ACGGAGACACACATGT-1",1
"ACGGAGACAGCCTGTG-1",1
"ACGGAGACAGCGTAAG-1",1
"ACGGAGACAGTAAGCG-1",0
"ACGGAGAGTGTGACGA-1",1
"ACGGAGATCCACGAAT-1",0
"ACGGCCACACATCCAA-1",2
"ACGGCCACACATTCGA-1",4
"ACGGCCAGTACCGTAT-1",1
"ACGGCCAGTGTATGGG-1",2
"ACGGCCATCACGGTTA-1",0
"ACGGCCATCAGTGTTG-1",1
"ACGGCCATCTACTATC-1",6
"ACGGGCTAGGATCGCA-1",2
"ACGGGCTAGGTTCCTA-1",2
"ACGGGCTAGTGGCACA-1",5
"ACGGGCTCATCTGGTA-1",1
"ACGGGCTGTGAGGCTA-1",0
"ACGGGCTTCCGAACGC-1",1
"ACGGGTCAGATGCCAG-1",2
"ACGGGTCCATGATCCA-1",1
"ACGGGTCCATTAGGCT-1",1
"ACGGGTCCATTTCACT-1",1
"ACGGGTCGTTAGGGTG-1",1
"ACGGGTCTCAACACCA-1",3
"ACGGGTCTCCACGCAG-1",1
"ACGTCAAAGGGCTTCC-1",1
"ACGTCAAAGTGGTAAT-1",2
"ACGTCAACAACTGCGC-1",1
"ACGTCAACACAAGACG-1",0
"ACGTCAAGTAGCTCCG-1",2
"ACGTCAAGTGTCGCTG-1",2
"ACGTCAAGTTATGCGT-1",0
"ACGTCAATCAACCAAC-1",3
"ACGTCAATCATAACCG-1",0
"ACGTCAATCCAGAAGG-1",3
"ACGTCAATCTAACTCT-1",1
"ACTATCTAGAGGTTAT-1",1
"ACTATCTAGATACACA-1",0
"ACTATCTAGGAGTAGA-1",1
"ACTATCTAGGCATGTG-1",2
"ACTATCTCAAATACAG-1",0
"ACTATCTCAAATTGCC-1",1
"ACTATCTGTAGGGACT-1",0
"ACTATCTGTCGCGTGT-1",1
"ACTATCTGTGCACGAA-1",1
"ACTATCTGTGGTTTCA-1",0
"ACTATCTTCGCCGTGA-1",2
"ACTGAACAGAGTGAGA-1",2
"ACTGAACAGATCCCGC-1",1
"ACTGAACAGGTGATAT-1",0
"ACTGAACCAAAGCGGT-1",0
"ACTGAACCAAGCGAGT-1",1
"ACTGAACCAATTCCTT-1",2
"ACTGAACCAGCTGGCT-1",0
"ACTGAACCAGTCTTCC-1",7
"ACTGAACCATTACCTT-1",0
"ACTGAACGTAAGCACG-1",2
"ACTGAACGTAATCGTC-1",2
"ACTGAACGTCCAGTAT-1",2
"ACTGAACGTCTGATCA-1",1
"ACTGAACTCCCACTTG-1",1
"ACTGAGTAGCCGGTAA-1",0
"ACTGAGTCAGTGGGAT-1",7
"ACTGAGTCATTTGCCC-1",1
"ACTGAGTGTAGAGCTG-1",3
"ACTGAGTGTTGTGGCC-1",1
"ACTGAGTTCAGGTTCA-1",1
"ACTGATGAGACAGACC-1",0
"ACTGATGAGCGGATCA-1",2
"ACTGATGAGGTGCTTT-1",1
"ACTGATGCAGCAGTTT-1",0
"ACTGATGCATCACAAC-1",0
"ACTGATGGTCATGCAT-1",4
"ACTGATGTCACAATGC-1",0
"ACTGATGTCACTCCTG-1",1
"ACTGATGTCCCTGACT-1",2
"ACTGATGTCCGCTGTT-1",0
"ACTGATGTCCGGCACA-1",3
"ACTGATGTCCTATTCA-1",1
"ACTGCTCAGAGCTTCT-1",1
"ACTGCTCAGATGCCTT-1",2
"ACTGCTCCACACCGCA-1",1
"ACTGCTCCAGATGGGT-1",1
"ACTGCTCCATGCCTAA-1",0
"ACTGCTCGTAGGCATG-1",1
"ACTGCTCGTATCACCA-1",0
"ACTGCTCGTCCGAAGA-1",1
"ACTGCTCTCCGAGCCA-1",2
"ACTGTCCAGAGGGCTT-1",1
"ACTGTCCAGCAGCGTA-1",2
"ACTGTCCAGGCATGGT-1",3
"ACTGTCCCAAGGTTTC-1",4
"ACTGTCCCAAGTACCT-1",4
"ACTGTCCCAGTATCTG-1",0
"ACTGTCCCATAGAAAC-1",0
"ACTGTCCGTTGAGGTG-1",1
"ACTGTCCTCCACGTGG-1",0
"ACTGTCCTCCTTGGTC-1",0
"ACTGTCCTCTCTGTCG-1",1
"ACTTACTAGCGATAGC-1",1
"ACTTACTAGGGATGGG-1",0
"ACTTACTCACAGACAG-1",2
"ACTTACTCACATTTCT-1",0
"ACTTACTGTACTCAAC-1",0
"ACTTACTGTTCCACAA-1",1
"ACTTACTTCATCGGAT-1",2
"ACTTGTTAGACAAGCC-1",0
"ACTTGTTAGCTAGCCC-1",0
"ACTTGTTAGTTACCCA-1",0
"ACTTGTTCACGACGAA-1",0
"ACTTGTTCACGGCTAC-1",3
"ACTTGTTGTATCGCAT-1",0
"ACTTGTTGTGGTAACG-1",1
"ACTTGTTGTTGTGGAG-1",2
"ACTTGTTTCATCACCC-1",2
"ACTTTCACATGGTCAT-1",2
"ACTTTCAGTGACTACT-1",1
"ACTTTCATCGCCAGCA-1",2
"AGAATAGAGCTGAACG-1",1
"AGAATAGAGCTGTCTA-1",0
"AGAATAGAGGTAGCTG-1",1
"AGAATAGCATGGTCTA-1",1
"AGAATAGGTAATCGTC-1",0
"AGAATAGGTATTCTCT-1",1
"AGAATAGGTGCGGTAA-1",0
"AGAATAGGTTAAGAAC-1",0
"AGAATAGTCAGGCCCA-1",0
"AGACGTTAGAATGTGT-1",2
"AGACGTTAGCTCCTCT-1",4
"AGACGTTAGTGCCAGA-1",0
"AGACGTTCAGGATCGA-1",1
"AGACGTTGTAGCTGCC-1",1
"AGACGTTGTCTGCAAT-1",2
"AGACGTTGTTCTGTTT-1",1
"AGACGTTTCGCATGGC-1",3
"AGACGTTTCGCTTAGA-1",1
"AGAGCGACAACTTGAC-1",0
"AGAGCGACAAGTACCT-1",1
"AGAGCGACACAACGTT-1",2
"AGAGCGACATGAGCGA-1",2
"AGAGCGAGTCAGTGGA-1",1
"AGAGCGAGTCGACTGC-1",2
"AGAGCGAGTTGAGTTC-1",0
"AGAGCGATCGCGTAGC-1",0
"AGAGCGATCTATCCTA-1",1
"AGAGCGATCTCGCTTG-1",0
"AGAGCTTAGCCGTCGT-1",1
"AGAGCTTAGTACACCT-1",2
"AGAGCTTAGTCATGCT-1",1
"AGAGCTTGTAGAGCTG-1",1
"AGAGCTTGTATCACCA-1",2
"AGAGCTTTCACTATTC-1",1
"AGAGCTTTCCTGCAGG-1",4
"AGAGCTTTCGCAAACT-1",0
"AGAGCTTTCGCTTAGA-1",2
"AGAGTGGAGAGCCTAG-1",3
"AGAGTGGAGGCCCTTG-1",0
"AGAGTGGAGGTACTCT-1",0
"AGAGTGGCACAAGACG-1",1
"AGAGTGGCACCTCGTT-1",1
"AGAGTGGCATCCGGGT-1",1
"AGAGTGGCATCTGGTA-1",1
"AGAGTGGGTCAGCTAT-1",3
"AGAGTGGGTCCTCCAT-1",3
"AGAGTGGGTCTAGTCA-1",4
"AGAGTGGGTTACCGAT-1",1
"AGATCTGAGGTGGGTT-1",0
"AGATCTGAGTCAAGGC-1",1
"AGATCTGCAATGTTGC-1",1
"AGATCTGTCGAATCCA-1",1
"AGATCTGTCTGCAGTA-1",0
"AGATTGCAGGCTACGA-1",0
"AGATTGCCACGACGAA-1",1
"AGATTGCCAGATGGGT-1",1
"AGATTGCGTAGAGCTG-1",1
"AGATTGCGTGATGTCT-1",0
"AGATTGCGTGTTCGAT-1",0
"AGATTGCGTTCACGGC-1",0
"AGATTGCTCACTGGGC-1",2
"AGATTGCTCATCTGTT-1",1
"AGCAGCCAGCTGATAA-1",0
"AGCAGCCCACCGAAAG-1",2
"AGCAGCCGTCGACTGC-1",0
"AGCAGCCGTCGCTTTC-1",0
"AGCAGCCGTCTAACGT-1",1
"AGCAGCCGTGTGAAAT-1",2
"AGCAGCCGTTTGTTGG-1",1
"AGCAGCCTCCAAACAC-1",1
"AGCATACAGTGGTAGC-1",1
"AGCATACAGTTGTCGT-1",2
"AGCATACGTCTTCTCG-1",2
"AGCATACGTTAAGTAG-1",2
"AGCATACTCCGTTGCT-1",0
"AGCCTAAAGATATGGT-1",1
"AGCCTAACAAAGCGGT-1",0
"AGCCTAACAGATAATG-1",0
"AGCCTAAGTACGAAAT-1",1
"AGCCTAAGTCACCTAA-1",1
"AGCCTAAGTGTGCCTG-1",0
"AGCCTAATCACCCGAG-1",1
"AGCCTAATCCAATGGT-1",0
"AGCCTAATCCTTGGTC-1",2
"AGCCTAATCTGTGCAA-1",3
"AGCCTAATCTGTTTGT-1",1
"AGCGGTCAGCGAAGGG-1",1
"AGCGGTCAGGTACTCT-1",1
"AGCGGTCAGTGACTCT-1",2
"AGCGGTCCAGCCTTGG-1",0
"AGCGGTCGTCCTAGCG-1",2
"AGCGGTCGTGGTGTAG-1",1
"AGCGGTCGTTAAGGGC-1",0
"AGCGGTCGTTTGCATG-1",0
"AGCGGTCTCCGAAGAG-1",2
"AGCGGTCTCCTCAATT-1",2
"AGCGGTCTCTGGGCCA-1",2
"AGCGTATAGAACTGTA-1",0
"AGCGTATAGCGATGAC-1",0
"AGCGTATAGGTACTCT-1",3
"AGCGTATGTTGAGGTG-1",0
"AGCGTATTCCAGAGGA-1",0
"AGCGTCGAGTTGAGTA-1",2
"AGCGTCGCAGGGATTG-1",1
"AGCGTCGTCTGAAAGA-1",0
"AGCTCCTAGACCTAGG-1",0
"AGCTCCTAGCGTTTAC-1",2
"AGCTCCTGTGTTTGTG-1",0
"AGCTCCTGTTGTCTTT-1",0
"AGCTCCTTCCGAATGT-1",2
"AGCTCCTTCTTGACGA-1",0
"AGCTCTCAGCGGATCA-1",1
"AGCTCTCAGCTGTTCA-1",2
"AGCTCTCAGGTGCTAG-1",1
"AGCTCTCCATACAGCT-1",1
"AGCTCTCGTCAGAGGT-1",2
"AGCTCTCGTGGGTCAA-1",1
"AGCTCTCTCACAACGT-1",0
"AGCTCTCTCTTGACGA-1",3
"AGCTTGAAGCATCATC-1",2
"AGCTTGAAGTAGCGGT-1",3
"AGCTTGAAGTTGTCGT-1",2
"AGCTTGACAATCCAAC-1",2
"AGCTTGACACCGATAT-1",0
"AGCTTGAGTCTACCTC-1",0
"AGCTTGAGTGCGCTTG-1",0
"AGCTTGAGTTACGCGC-1",0
"AGCTTGATCCTGCCAT-1",0
"AGCTTGATCTGCAAGT-1",0
"AGGCCACAGAGTAAGG-1",1
"AGGCCACAGGGTCTCC-1",2
"AGGCCACAGTACTTGC-1",5
"AGGCCACCAGGACCCT-1",1
"AGGCCACCATCAGTCA-1",3
"AGGCCACTCATGCTCC-1",0
"AGGCCACTCATGGTCA-1",1
"AGGCCACTCATTGCGA-1",1
"AGGCCGTAGGATCGCA-1",1
"AGGCCGTCACGTAAGG-1",1
"AGGCCGTCAGCTCGAC-1",0
"AGGCCGTCATCGTCGG-1",0
"AGGCCGTTCACGGTTA-1",0
"AGGCCGTTCGAACTGT-1",1
"AGGCCGTTCTCAAGTG-1",1
"AGGCCGTTCTGCTTGC-1",0
"AGGGAGTAGCCCAACC-1",0
"AGGGAGTAGGAGTACC-1",3
"AGGGAGTAGGCAGGTT-1",1
"AGGGAGTCACGAGAGT-1",2
"AGGGAGTCAGAAGCAC-1",2
"AGGGAGTCAGATCCAT-1",2
"AGGGAGTCATCGACGC-1",0
"AGGGAGTCATGCTAGT-1",0
"AGGGAGTGTCCATGAT-1",1
"AGGGAGTTCATAACCG-1",0
"AGGGATGAGCTCTCGG-1",4
"AGGGATGAGGAGTAGA-1",2
"AGGGATGAGTAGCGGT-1",0
"AGGGATGCAATGAATG-1",6
"AGGGATGCAATGGAGC-1",3
"AGGGATGCACAAGACG-1",0
"AGGGATGCACATTTCT-1",0
"AGGGATGCATGGTCTA-1",0
"AGGGATGGTTAAAGTG-1",0
"AGGGATGGTTATGCGT-1",0
"AGGGATGTCGTGACAT-1",2
"AGGGTGAAGATGGCGT-1",3
"AGGGTGAAGATGGGTC-1",0
"AGGGTGAAGGCTCAGA-1",2
"AGGGTGACACGAGAGT-1",1
"AGGGTGACAGATGGCA-1",4
"AGGGTGACAGATTGCT-1",2
"AGGGTGAGTACTCTCC-1",2
"AGGGTGAGTTATCGGT-1",0
"AGGGTGAGTTCTGAAC-1",4
"AGGGTGATCTCGCTTG-1",4
"AGGTCATAGAGCCCAA-1",1
"AGGTCATAGCCAGAAC-1",3
"AGGTCATAGGCATGGT-1",0
"AGGTCATAGGGAGTAA-1",0
"AGGTCATCACTCAGGC-1",0
"AGGTCATCACTCTGTC-1",2
"AGGTCATGTTCCACTC-1",3
"AGGTCATTCTCGTTTA-1",2
"AGGTCCGAGGATGCGT-1",1
"AGGTCCGCAACACGCC-1",1
"AGGTCCGGTGATGCCC-1",0
"AGGTCCGTCCATGAAC-1",3
"AGGTCCGTCGCCCTTA-1",1
"AGGTCCGTCTGCGTAA-1",0
"AGTAGTCAGACTGTAA-1",2
"AGTAGTCAGTACGACG-1",0
"AGTAGTCAGTTTAGGA-1",2
"AGTAGTCCAACTGGCC-1",1
"AGTAGTCGTGCAGACA-1",1
"AGTAGTCTCACCCGAG-1",0
"AGTCTTTAGGCAGTCA-1",2
"AGTCTTTCAAATCCGT-1",3
"AGTCTTTCATATACCG-1",1
"AGTCTTTGTGCTTCTC-1",4
"AGTCTTTGTGTCCTCT-1",1
"AGTCTTTGTTTGTTTC-1",1
"AGTCTTTTCGCAGGCT-1",1
"AGTCTTTTCGCGTAGC-1",0
"AGTCTTTTCGCTAGCG-1",2
"AGTCTTTTCGCTTGTC-1",1
"AGTCTTTTCTGACCTC-1",0
"AGTGAGGAGATAGCAT-1",3
"AGTGAGGCAGGTGCCT-1",2
"AGTGAGGGTATGAAAC-1",1
"AGTGAGGGTCACTTCC-1",1
"AGTGAGGGTCGCGAAA-1",2
"AGTGAGGGTTATGTGC-1",1
"AGTGAGGTCTACTATC-1",1
"AGTGGGAAGCAGACTG-1",0
"AGTGGGACAAACGCGA-1",2
"AGTGGGACAAGCCGTC-1",0
"AGTGGGACACAGGAGT-1",2
"AGTGGGACACGAGAGT-1",0
"AGTGGGATCATCGATG-1",1
"AGTGGGATCCACGAAT-1",0
"AGTGGGATCCTGCAGG-1",3
"AGTGTCAAGAAGCCCA-1",1
"AGTGTCAAGCTAGTCT-1",1
"AGTGTCAAGTACGACG-1",1
"AGTGTCAAGTGAACAT-1",3
"AGTGTCACACCATCCT-1",0
"AGTGTCACAGTAAGCG-1",1
"AGTGTCACAGTGGAGT-1",4
"AGTGTCAGTAAACCTC-1",1
"AGTGTCAGTACAGCAG-1",0
"AGTGTCAGTCTCCACT-1",3
"AGTGTCAGTTTGACTG-1",0
"AGTGTCATCAAAGTAG-1",1
"AGTGTCATCCGTCAAA-1",2
"AGTGTCATCGTTACAG-1",4
"AGTGTCATCTGTCAAG-1",0
"AGTTGGTAGACTGTAA-1",0
"AGTTGGTAGTACGCGA-1",3
"AGTTGGTCAAATTGCC-1",0
"AGTTGGTCAGGAATGC-1",0
"AGTTGGTCATGCGCAC-1",0
"AGTTGGTGTACCGTAT-1",6
"AGTTGGTGTATGCTTG-1",5
"AGTTGGTGTCAGGACA-1",3
"AGTTGGTGTTCAGACT-1",2
"AGTTGGTTCAGTACGT-1",1
"AGTTGGTTCCTCAACC-1",3
"AGTTGGTTCGTACCGG-1",0
"AGTTGGTTCTGTCCGT-1",0
"ATAACGCAGTTGAGTA-1",5
"ATAACGCCACGTGAGA-1",2
"ATAACGCGTGAACCTT-1",1
"ATAACGCGTGTCCTCT-1",2
"ATAACGCGTGTGAAAT-1",2
"ATAACGCTCTCCGGTT-1",2
"ATAAGAGAGTCCGGTC-1",1
"ATAAGAGCAACTGCGC-1",1
"ATAAGAGCAGTATCTG-1",4
"ATAAGAGGTGACGCCT-1",4
"ATAAGAGGTTAAAGTG-1",2
"ATAAGAGTCAGCACAT-1",2
"ATAAGAGTCAGTGCAT-1",0
"ATAGACCAGAGAGCTC-1",0
"ATAGACCAGCCCAATT-1",0
"ATAGACCCAAGCCATT-1",1
"ATAGACCCATCTGGTA-1",1
"ATAGACCGTATATGGA-1",0
"ATAGACCGTGGACGAT-1",1
"ATAGACCGTGGCGAAT-1",0
"ATAGACCGTTTCGCTC-1",3
"ATCACGAAGAACTCGG-1",2
"ATCACGAAGACACGAC-1",1
"ATCACGAAGTTACCCA-1",1
"ATCACGACAAGACACG-1",2
"ATCACGACAAGCGTAG-1",0
"ATCACGACACACATGT-1",1
"ATCACGACACCACCAG-1",0
"ATCACGACACGGTAAG-1",1
"ATCACGACAGCGAACA-1",1
"ATCACGATCCCGACTT-1",1
"ATCACGATCGGTGTCG-1",3
"ATCATCTAGCCTATGT-1",0
"ATCATCTAGGCCATAG-1",3
"ATCATCTAGTACTTGC-1",0
"ATCATCTCAGACGCCT-1",2
"ATCATCTCATCCGTGG-1",1
"ATCATCTGTATTACCG-1",0
"ATCATCTGTCACTTCC-1",0
"ATCATCTTCAGCGACC-1",3
"ATCATCTTCCTCAACC-1",2
"ATCATGGCAAGCGTAG-1",1
"ATCATGGCAAGGTTCT-1",1
"ATCATGGCACTACAGT-1",2
"ATCATGGGTAAGGGAA-1",1
"ATCATGGGTTGTGGCC-1",2
"ATCATGGTCAATAAGG-1",1
"ATCATGGTCCAATGGT-1",0
"ATCATGGTCGCCATAA-1",1
"ATCATGGTCGGTTAAC-1",2
"ATCCACCAGCTAGTCT-1",3
"ATCCACCAGGCTCTTA-1",2
"ATCCACCCAAACGTGG-1",1
"ATCCACCCAGTTAACC-1",0
"ATCCACCGTCCGAAGA-1",0
"ATCCACCGTTTGTTTC-1",1
"ATCCACCTCCTGCTTG-1",1
"ATCCACCTCCTTAATC-1",1
"ATCCACCTCTGGTATG-1",0
"ATCCGAAAGCGATGAC-1",0
"ATCCGAAAGCTAGGCA-1",1
"ATCCGAACAAACGTGG-1",1
"ATCCGAACAACAACCT-1",1
"ATCCGAACAAGGACTG-1",2
"ATCCGAACACCCATTC-1",1
"ATCCGAACACGGTAGA-1",0
"ATCCGAAGTAGCGCTC-1",1
"ATCCGAAGTCATTAGC-1",1
"ATCCGAAGTCTCTTAT-1",0
"ATCCGAATCCAACCAA-1",0
"ATCCGAATCCTTGACC-1",1
"ATCCGAATCTTGTCAT-1",1
"ATCGAGTAGACTTTCG-1",0
"ATCGAGTCATCCGGGT-1",0
"ATCGAGTGTCCCTTGT-1",0
"ATCGAGTGTCTCCCTA-1",0
"ATCGAGTTCATGCATG-1",0
"ATCGAGTTCCTGCCAT-1",2
"ATCTACTAGGTGTGGT-1",0
"ATCTACTCAGCTGTAT-1",2
"ATCTACTCAGTACACT-1",1
"ATCTACTCATGACATC-1",2
"ATCTACTGTAAGTAGT-1",0
"ATCTACTGTGTCGCTG-1",0
"ATCTACTTCCGCGTTT-1",2
"ATCTACTTCGCAAGCC-1",1
"ATCTACTTCTATCGCC-1",1
"ATCTACTTCTCTAAGG-1",0
"ATCTGCCAGGCTCAGA-1",1
"ATCTGCCGTACAGTTC-1",0
"ATCTGCCGTTGTGGAG-1",2
"ATCTGCCTCAGAGACG-1",2
"ATCTGCCTCAGCTGGC-1",4
"ATCTGCCTCGTACGGC-1",0
"ATCTGCCTCTCGAGTA-1",0
"ATCTGCCTCTGAGTGT-1",1
"ATCTGCCTCTTGTATC-1",3
"ATGAGGGAGGTCGGAT-1",1
"ATGAGGGCATGACGGA-1",0
"ATGAGGGCATTAGGCT-1",0
"ATGAGGGTCACATGCA-1",0
"ATGAGGGTCAGTCCCT-1",1
"ATGCGATAGTCAATAG-1",0
"ATGCGATCATGTTGAC-1",4
"ATGCGATGTGCAGTAG-1",0
"ATGCGATGTGCATCTA-1",1
"ATGCGATTCCCAAGAT-1",1
"ATGCGATTCGCCATAA-1",0
"ATGGGAGAGCAATATG-1",1
"ATGGGAGAGCCACGCT-1",3
"ATGGGAGAGGTGATAT-1",2
"ATGGGAGCACCAGGTC-1",0
"ATGGGAGCACTATCTT-1",2
"ATGGGAGCAGCATACT-1",0
"ATGGGAGCATAGAAAC-1",3
"ATGGGAGCATTACCTT-1",0
"ATGGGAGTCAAGGTAA-1",1
"ATGTGTGAGCGAAGGG-1",1
"ATGTGTGAGGGTTTCT-1",1
"ATGTGTGAGTTGAGTA-1",2
"ATGTGTGCACGGCGTT-1",4
"ATGTGTGCACGGTTTA-1",0
"ATGTGTGCAGTATAAG-1",1
"ATGTGTGTCACGCGGT-1",0
"ATTACTCAGATGTGTA-1",4
"ATTACTCAGCGTAATA-1",0
"ATTACTCAGGTGCACA-1",1
"ATTACTCAGTGAAGTT-1",2
"ATTACTCCAAACTGTC-1",0
"ATTACTCCACCATCCT-1",1
"ATTACTCCAGACTCGC-1",2
"ATTACTCCATATGCTG-1",2
"ATTACTCCATCGGTTA-1",0
"ATTACTCCATTGCGGC-1",0
"ATTACTCGTTAAAGAC-1",2
"ATTACTCTCCGAACGC-1",2
"ATTATCCAGAGTACCG-1",2
"ATTATCCAGCTTATCG-1",1
"ATTATCCCACAAGCCC-1",0
"ATTATCCCATATGAGA-1",0
"ATTATCCCATCTGGTA-1",2
"ATTATCCGTCGTTGTA-1",4
"ATTATCCGTCTCTCTG-1",2
"ATTATCCTCAACGGGA-1",2
"ATTATCCTCCGCGCAA-1",2
"ATTATCCTCTCCGGTT-1",2
"ATTCTACGTCACTTCC-1",2
"ATTCTACGTCTAGTCA-1",0
"ATTCTACGTTGTCGCG-1",0
"ATTGGACAGCAGATCG-1",1
"ATTGGACAGGGCATGT-1",2
"ATTGGACAGTGGACGT-1",1
"ATTGGACCAAGACACG-1",4
"ATTGGACGTAATAGCA-1",4
"ATTGGACTCCTGCTTG-1",0
"ATTGGACTCGGCGCAT-1",1
"ATTGGACTCGTTTGCC-1",2
"ATTGGTGAGAATGTTG-1",0
"ATTGGTGCAAGCTGAG-1",1
"ATTGGTGCAGCAGTTT-1",0
"ATTGGTGGTATGGTTC-1",0
"ATTGGTGGTTGAGTTC-1",1
"ATTGGTGTCAAAGTAG-1",1
"ATTGGTGTCGGAAACG-1",1
"ATTTCTGAGGGATACC-1",0
"ATTTCTGAGGGATCTG-1",1
"ATTTCTGAGGTGTTAA-1",1
"ATTTCTGAGTCGAGTG-1",0
"ATTTCTGAGTTCGCAT-1",2
"ATTTCTGCAAGGTGTG-1",0
"ATTTCTGGTAGCTCCG-1",5
"ATTTCTGGTGCACGAA-1",1
"ATTTCTGGTTGCCTCT-1",0
"ATTTCTGTCAAAGTAG-1",4
"ATTTCTGTCAGCTCGG-1",1
"ATTTCTGTCTTGGGTA-1",0
"CAACCAAAGAAACGCC-1",2
"CAACCAAAGAGGGCTT-1",1
"CAACCAAAGCTGAAAT-1",3
"CAACCAAAGGACAGCT-1",1
"CAACCAAAGGGAGTAA-1",1
"CAACCAACATACGCTA-1",1
"CAACCTCAGTAATCCC-1",2
"CAACCTCCAGACGCAA-1",1
"CAACCTCGTGAGTGAC-1",2
"CAACCTCGTTCCACGG-1",5
"CAACCTCTCATACGGT-1",1
"CAACCTCTCCGATATG-1",0
"CAACCTCTCCTTTACA-1",1
"CAACCTCTCTCTAGGA-1",1
"CAACTAGAGAATAGGG-1",4
"CAACTAGAGGATGCGT-1",2
"CAACTAGCACCATCCT-1",0
"CAACTAGCAGACTCGC-1",0
"CAACTAGCAGTTCATG-1",2
"CAACTAGGTACGCACC-1",0
"CAACTAGTCAGGCCCA-1",2
"CAAGAAAAGAAGGACA-1",1
"CAAGAAAAGACGCACA-1",1
"CAAGAAAAGGCCCTTG-1",1
"CAAGAAAAGGTGATAT-1",1
"CAAGAAAAGTCGATAA-1",0
"CAAGAAAAGTGGAGTC-1",3
"CAAGAAAAGTGTACCT-1",1
"CAAGAAACACGGTGTC-1",0
"CAAGAAATCTGCTTGC-1",1
"CAAGATCAGCTGAAAT-1",2
"CAAGATCGTAAGAGGA-1",1
"CAAGATCGTGCCTTGG-1",1
"CAAGATCTCAACACCA-1",0
"CAAGATCTCTCGATGA-1",0
"CAAGGCCAGGAGTCTG-1",2
"CAAGGCCAGGCTATCT-1",2
"CAAGGCCCACGGTAAG-1",0
"CAAGGCCCATGTTCCC-1",0
"CAAGGCCGTCCGTCAG-1",1
"CAAGGCCTCAACGGGA-1",0
"CAAGGCCTCCTTGACC-1",0
"CAAGGCCTCGTGACAT-1",2
"CAAGTTGAGACAGGCT-1",1
"CAAGTTGAGATGTCGG-1",1
"CAAGTTGAGCGTCAAG-1",1
"CAAGTTGAGCGTTTAC-1",1
"CAAGTTGCACATTAGC-1",1
"CAAGTTGCACGCTTTC-1",1
"CAAGTTGCACGGTGTC-1",3
"CAAGTTGCATTCTTAC-1",5
"CAAGTTGGTACTCAAC-1",0
"CAAGTTGGTCAGGACA-1",0
"CAAGTTGGTCGGCACT-1",3
"CAAGTTGTCAACGAAA-1",1
"CAAGTTGTCACCACCT-1",0
"CAAGTTGTCATTGCCC-1",0
"CAAGTTGTCGAATCCA-1",1
"CAAGTTGTCTACTTAC-1",1
"CACAAACAGGGCTCTC-1",0
"CACAAACAGGGCTTGA-1",0
"CACAAACAGTGACATA-1",2
"CACAAACCAACTGCGC-1",1
"CACAAACCAATAAGCA-1",1
"CACAAACCAATCAGAA-1",0
"CACAAACCACTTAACG-1",3
"CACAAACCATGAACCT-1",1
"CACAAACCATGGTCAT-1",4
"CACAAACGTCAACTGT-1",2
"CACAAACGTCAGAATA-1",0
"CACAAACTCTTCGGTC-1",2
"CACAAACTCTTGGGTA-1",1
"CACACAAAGCGACGTA-1",1
"CACACAAAGGGAGTAA-1",1
"CACACAACAAACGTGG-1",0
"CACACAACACATGACT-1",0
"CACACAACATCGATTG-1",1
"CACACAACATTGGGCC-1",0
"CACACAAGTACGACCC-1",0
"CACACAAGTCAGTGGA-1",1
"CACACAAGTCATCGGC-1",2
"CACACAAGTTTACTCT-1",1
"CACACAATCCACGTGG-1",0
"CACACAATCCACGTTC-1",1
"CACACAATCGGCGCAT-1",2
"CACACCTAGAGACTAT-1",0
"CACACCTAGGACATTA-1",1
"CACACCTAGTCATCCA-1",3
"CACACCTAGTGTGAAT-1",1
"CACACCTCACTGAAGG-1",2
"CACACCTCATAGGATA-1",1
"CACACCTCATAGTAAG-1",2
"CACACCTCATTGGGCC-1",2
"CACACCTGTACAGCAG-1",2
"CACACCTGTACCGCTG-1",0
"CACACCTGTCCAAGTT-1",0
"CACACCTGTGGACGAT-1",2
"CACACCTGTGGTCTCG-1",0
"CACACCTTCATGTCTT-1",0
"CACACCTTCTGGCGAC-1",3
"CACACTCAGGGAAACA-1",1
"CACACTCCAACACCTA-1",1
"CACACTCCAAGGGTCA-1",1
"CACACTCGTGACGCCT-1",1
"CACACTCGTTTGTGTG-1",0
"CACAGGCAGCCATCGC-1",2
"CACAGGCAGGGATGGG-1",0
"CACAGGCCAAGAGTCG-1",0
"CACAGGCCAATGGAGC-1",0
"CACAGGCGTCTAGGTT-1",3
"CACAGGCGTTACGCGC-1",0
"CACAGGCTCGGGAGTA-1",0
"CACAGGCTCTATGTGG-1",0
"CACAGTAAGACGCAAC-1",2
"CACAGTAAGACGCACA-1",1
"CACAGTAAGTGGGCTA-1",0
"CACAGTACAACTGGCC-1",0
"CACAGTACATCGGACC-1",1
"CACAGTAGTTCCATGA-1",3
"CACATAGAGCCCAATT-1",1
"CACATAGAGTGTACTC-1",0
"CACATAGCACTTCTGC-1",1
"CACATAGCAGGGTATG-1",0
"CACATAGTCCTTGCCA-1",0
"CACATAGTCGGCGCAT-1",2
"CACATTTAGCAGATCG-1",1
"CACATTTAGGGCACTA-1",1
"CACATTTCACGGCGTT-1",1
"CACATTTCATTACCTT-1",1
"CACATTTGTCGAACAG-1",2
"CACATTTGTGTTGAGG-1",3
"CACATTTTCCAGAGGA-1",0
"CACATTTTCCGCATCT-1",2
"CACATTTTCTACTATC-1",1
"CACATTTTCTGTGCAA-1",0
"CACCACTAGCCACGTC-1",2
"CACCACTAGTGGTAAT-1",2
"CACCACTAGTTACCCA-1",1
"CACCACTCAAGCCCAC-1",0
"CACCACTCAGTTCATG-1",1
"CACCACTGTTATTCTC-1",1
"CACCACTTCACCGGGT-1",2
"CACCACTTCGAATCCA-1",6
"CACCACTTCGACCAGC-1",3
"CACCACTTCTAACCGA-1",3
"CACCACTTCTTTAGTC-1",2
"CACCAGGCACATTAGC-1",5
"CACCAGGCACTGCCAG-1",1
"CACCAGGCATAAAGGT-1",2
"CACCAGGCATGAACCT-1",0
"CACCAGGGTGAAATCA-1",1
"CACCAGGGTGTTTGGT-1",0
"CACCAGGGTTATCACG-1",0
"CACCAGGTCATGTAGC-1",2
"CACCAGGTCTGCTTGC-1",0
"CACCTTGAGACTTGAA-1",1
"CACCTTGAGTCAATAG-1",2
"CACCTTGCACTAGTAC-1",1
"CACCTTGCAGGCGATA-1",0
"CACCTTGCATTCCTGC-1",4
"CACCTTGGTCATTAGC-1",1
"CACCTTGGTGATGTCT-1",0
"CACCTTGGTGTGAAAT-1",0
"CACCTTGGTTATGTGC-1",1
"CACCTTGTCAACCATG-1",1
"CACCTTGTCATTATCC-1",2
"CACCTTGTCCAAAGTC-1",0
"CACCTTGTCTCACATT-1",1
"CACTCCAAGACAAGCC-1",0
"CACTCCAAGGTACTCT-1",3
"CACTCCACAATGGACG-1",0
"CACTCCAGTACATGTC-1",0
"CACTCCAGTTGTCGCG-1",4
"CACTCCATCAACACAC-1",1
"CACTCCATCCCAGGTG-1",1
"CAGAATCAGAAACCTA-1",1
"CAGAATCAGCCAACAG-1",6
"CAGAATCAGCTGGAAC-1",0
"CAGAATCAGGACTGGT-1",1
"CAGAATCAGTATCGAA-1",3
"CAGAATCCACAGAGGT-1",2
"CAGAATCCAGGGTACA-1",0
"CAGAATCGTAAGTGTA-1",2
"CAGAATCGTAATCACC-1",3
"CAGAATCTCAGTTTGG-1",0
"CAGAATCTCGCAAGCC-1",2
"CAGAATCTCGGTCCGA-1",1
"CAGAATCTCTTGCAAG-1",1
"CAGAATCTCTTGTACT-1",0
"CAGAGAGAGAATTGTG-1",1
"CAGAGAGAGCAATATG-1",2
"CAGAGAGCAAGAAGAG-1",0
"CAGAGAGCACCAGATT-1",0
"CAGAGAGGTAATCACC-1",1
"CAGAGAGGTAGCTGCC-1",0
"CAGAGAGGTAGGACAC-1",2
"CAGAGAGGTATAGGGC-1",2
"CAGAGAGGTCCGAATT-1",1
"CAGAGAGGTTGAGGTG-1",0
"CAGAGAGTCACCCGAG-1",4
"CAGAGAGTCATAACCG-1",0
"CAGAGAGTCCGAACGC-1",2
"CAGAGAGTCTGGTATG-1",0
"CAGATCAAGAGACGAA-1",2
"CAGATCAAGCACCGTC-1",1
"CAGATCAAGCTTCGCG-1",0
"CAGATCAAGGATTCGG-1",4
"CAGATCAAGTGTACCT-1",2
"CAGATCAAGTTTAGGA-1",0
"CAGATCACAATAACGA-1",1
"CAGATCACACACCGAC-1",4
"CAGATCACACGGTAAG-1",0
"CAGATCACACTCTGTC-1",0
"CAGATCACAGCATACT-1",4
"CAGATCACAGTGGGAT-1",1
"CAGATCAGTACCAGTT-1",0
"CAGATCAGTGCGGTAA-1",0
"CAGATCATCTGATACG-1",2
"CAGATCATCTGATTCT-1",2
"CAGCAGCAGATGCCAG-1",2
"CAGCAGCAGGGAACGG-1",0
"CAGCAGCCACCTATCC-1",0
"CAGCAGCCATCACAAC-1",3
"CAGCAGCGTGCTAGCC-1",2
"CAGCAGCTCAACACTG-1",0
"CAGCAGCTCGAACTGT-1",0
"CAGCAGCTCGCCGTGA-1",2
"CAGCATAAGAGACGAA-1",3
"CAGCATAGTCTAGGTT-1",1
"CAGCATAGTTTACTCT-1",2
"CAGCATATCACGAAGG-1",1
"CAGCATATCAGGCAAG-1",1
"CAGCATATCCTTAATC-1",1
"CAGCCGAAGCATCATC-1",1
"CAGCCGAAGTTTCCTT-1",1
"CAGCCGACACGTGAGA-1",3
"CAGCCGACATCAGTCA-1",1
"CAGCCGAGTGATGTCT-1",0
"CAGCCGATCACCAGGC-1",1
"CAGCCGATCCTCAATT-1",1
"CAGCGACAGAAACGCC-1",3
"CAGCGACAGCGTCAAG-1",2
"CAGCGACCAAACGTGG-1",0
"CAGCGACCAAAGCGGT-1",1
"CAGCGACCACGTCAGC-1",1
"CAGCGACCATGGGACA-1",0
"CAGCGACGTCTGATTG-1",0
"CAGCGACGTGGACGAT-1",2
"CAGCGACGTGGTTTCA-1",1
"CAGCGACGTTCGGCAC-1",0
"CAGCGACTCCGCAAGC-1",0
"CAGCGACTCTGGGCCA-1",0
"CAGCTAAAGATGTGTA-1",3
"CAGCTAAAGCAGACTG-1",0
"CAGCTAAAGCTGTTCA-1",0
"CAGCTAAAGGAGCGTT-1",1
"CAGCTAACACAGATTC-1",2
"CAGCTAACATCAGTAC-1",1
"CAGCTAAGTAATCGTC-1",1
"CAGCTAAGTCTCACCT-1",1
"CAGCTAAGTTCGTCTC-1",4
"CAGCTAATCCACGCAG-1",2
"CAGCTAATCCCTAACC-1",0
"CAGCTAATCTGGTTCC-1",0
"CAGCTAATCTTAGCCC-1",1
"CAGCTAATCTTCGGTC-1",2
"CAGCTGGAGACACTAA-1",1
"CAGCTGGAGATCCTGT-1",0
"CAGCTGGCACCAACCG-1",1
"CAGCTGGCAGTGGAGT-1",1
"CAGCTGGCATGCATGT-1",0
"CAGCTGGTCTACCTGC-1",1
"CAGGTGCAGAGACGAA-1",0
"CAGGTGCAGATCCTGT-1",1
"CAGGTGCAGGCATGTG-1",0
"CAGGTGCCAGGAACGT-1",1
"CAGGTGCCATAGTAAG-1",1
"CAGGTGCCATCGGAAG-1",1
"CAGGTGCTCAGTTGAC-1",0
"CAGGTGCTCCAAGTAC-1",1
"CAGGTGCTCTTGTATC-1",0
"CAGTAACAGATATGGT-1",2
"CAGTAACAGATGGCGT-1",0
"CAGTAACCAATCACAC-1",2
"CAGTAACCACTCGACG-1",2
"CAGTAACGTGATAAGT-1",0
"CAGTAACGTGCACCAC-1",2
"CAGTAACTCAGAGGTG-1",2
"CAGTAACTCGTACGGC-1",3
"CAGTAACTCGTGACAT-1",1
"CAGTAACTCTGCCAGG-1",1
"CAGTCCTAGAATCTCC-1",1
"CAGTCCTAGATCTGCT-1",0
"CAGTCCTCAGTATAAG-1",1
"CAGTCCTTCAACACGT-1",1
"CAGTCCTTCCATGAGT-1",0
"CAGTCCTTCCCGACTT-1",2
"CAGTCCTTCCCTTGTG-1",0
"CAGTCCTTCGAACGGA-1",1
"CAGTCCTTCGGTTCGG-1",0
"CAGTCCTTCTACTTAC-1",1
"CATATGGAGAGATGAG-1",0
"CATATGGAGGCATGGT-1",1
"CATATGGAGTATTGGA-1",0
"CATATGGCAAGCGTAG-1",1
"CATATGGGTCGCATAT-1",0
"CATATGGTCATTATCC-1",3
"CATATGGTCATTGCGA-1",0
"CATATTCAGGCGACAT-1",1
"CATATTCCACCACCAG-1",1
"CATATTCGTGACTACT-1",1
"CATATTCGTGGTACAG-1",2
"CATATTCGTGTGACGA-1",1
"CATATTCTCACAGGCC-1",2
"CATATTCTCGCAAACT-1",2
"CATCAAGAGAACTCGG-1",1
"CATCAAGAGATGGCGT-1",0
"CATCAAGAGCCGCCTA-1",1
"CATCAAGCACGAAACG-1",2
"CATCAAGCAGCCTTTC-1",0
"CATCAAGCATGGAATA-1",2
"CATCAAGGTTACTGAC-1",0
"CATCAAGGTTCCATGA-1",0
"CATCAAGTCTAAGCCA-1",0
"CATCAAGTCTGACCTC-1",0
"CATCAGAAGCTAGTCT-1",5
"CATCAGACAAGCCATT-1",0
"CATCAGACAATGACCT-1",3
"CATCAGACACGGCCAT-1",0
"CATCAGACAGACAGGT-1",0
"CATCAGACATAACCTG-1",2
"CATCAGAGTAATTGGA-1",0
"CATCAGAGTACATGTC-1",1
"CATCAGAGTGTTAAGA-1",1
"CATCAGAGTTCAACCA-1",1
"CATCAGATCGTTGACA-1",1
"CATCCACGTAAAGTCA-1",2
"CATCCACGTACCGTAT-1",0
"CATCCACGTGCCTGTG-1",4
"CATCCACGTTTAAGCC-1",2
"CATCGAAAGAGTACAT-1",1
"CATCGAAAGCTGTCTA-1",6
"CATCGAACAAGAGGCT-1",6
"CATCGAACAAGCTGAG-1",0
"CATCGAACACATTTCT-1",3
"CATCGAACATAAAGGT-1",0
"CATCGAAGTAGTACCT-1",2
"CATCGAAGTCCGACGT-1",4
"CATCGAAGTGCACTTA-1",0
"CATCGAATCAAACCAC-1",0
"CATCGAATCCGCGGTA-1",1
"CATCGAATCCGTAGTA-1",0
"CATCGGGAGAAGCCCA-1",2
"CATCGGGAGCGAGAAA-1",0
"CATCGGGAGGGTGTGT-1",1
"CATCGGGAGGTGTTAA-1",3
"CATCGGGAGTGACTCT-1",0
"CATCGGGCACTCAGGC-1",1
"CATCGGGCAGACGCTC-1",1
"CATCGGGCATCACAAC-1",1
"CATCGGGGTCCTCTTG-1",5
"CATCGGGGTGAGGGAG-1",1
"CATCGGGGTTCGAATC-1",1
"CATCGGGTCAGGATCT-1",0
"CATCGGGTCCACGAAT-1",1
"CATCGGGTCGATGAGG-1",1
"CATGACAAGACCACGA-1",1
"CATGACAAGCTCCTCT-1",2
"CATGACAAGTAACCCT-1",0
"CATGACAAGTATCTCG-1",1
"CATGACAGTCGTCTTC-1",0
"CATGACAGTGAACCTT-1",3
"CATGACATCAATAAGG-1",1
"CATGACATCTAACTGG-1",2
"CATGCCTAGACCTAGG-1",1
"CATGCCTAGAGTCTGG-1",1
"CATGCCTCACCACCAG-1",0
"CATGCCTGTCAAAGCG-1",2
"CATGCCTGTCGATTGT-1",3
"CATGCCTTCCACGACG-1",0
"CATGCCTTCCTCATTA-1",0
"CATGCCTTCGCATGAT-1",1
"CATGGCGAGAGCTGGT-1",2
"CATGGCGAGTACGACG-1",2
"CATGGCGTCCAAAGTC-1",1
"CATGGCGTCCCTTGTG-1",2
"CATGGCGTCGGCCGAT-1",1
"CATGGCGTCTCAAACG-1",0
"CATGGCGTCTGCCCTA-1",0
"CATTATCAGACCCACC-1",1
"CATTATCAGTCCCACG-1",0
"CATTATCCAAGTCTGT-1",1
"CATTATCCAGGGCATA-1",1
"CATTATCGTCAATGTC-1",0
"CATTATCTCACAAACC-1",0
"CATTATCTCAGATAAG-1",2
"CATTATCTCGCGTTTC-1",0
"CATTATCTCGTTGCCT-1",3
"CATTATCTCTATCCCG-1",2
"CATTATCTCTTAACCT-1",1
"CATTCGCAGGTGCTAG-1",0
"CATTCGCCAAGGGTCA-1",0
"CATTCGCCAGCCTATA-1",1
"CATTCGCCATACAGCT-1",0
"CATTCGCCATGGATGG-1",2
"CATTCGCCATGTCTCC-1",2
"CATTCGCCATTCACTT-1",1
"CATTCGCGTAGCACGA-1",0
"CATTCGCTCATCACCC-1",0
"CCAATCCAGACCACGA-1",0
"CCAATCCAGATATGGT-1",3
"CCAATCCAGTCGAGTG-1",0
"CCAATCCAGTCGTTTG-1",1
"CCAATCCAGTTTAGGA-1",1
"CCAATCCCAAGCGAGT-1",4
"CCAATCCTCGGACAAG-1",1
"CCAATCCTCTACCTGC-1",0
"CCACCTAAGCAGACTG-1",2
"CCACCTAAGGATGGTC-1",1
"CCACCTAAGTCGAGTG-1",0
"CCACCTAAGTGGGATC-1",3
"CCACCTAAGTGTGGCA-1",1
"CCACCTACAACAACCT-1",1
"CCACCTACAAGCCGCT-1",0
"CCACCTACAATCTACG-1",1
"CCACCTAGTAGTACCT-1",1
"CCACCTAGTCGCGTGT-1",1
"CCACCTAGTGGGTCAA-1",3
"CCACCTATCAGTTGAC-1",0
"CCACCTATCTGATACG-1",1
"CCACGGAAGACACGAC-1",1
"CCACGGAAGGGAACGG-1",0
"CCACGGACATGTCGAT-1",3
"CCACGGAGTAAGGGCT-1",1
"CCACGGAGTCAGATAA-1",0
"CCACGGAGTCCGTGAC-1",1
"CCACGGAGTGTAATGA-1",2
"CCACGGAGTTCTGAAC-1",1
"CCACGGATCACATAGC-1",1
"CCACGGATCCACGTGG-1",1
"CCACGGATCTACTATC-1",1
"CCACGGATCTAGAGTC-1",1
"CCACTACAGAGTACCG-1",3
"CCACTACAGCTTTGGT-1",0
"CCACTACCAGCAGTTT-1",1
"CCACTACCAGTAGAGC-1",1
"CCACTACGTCCGAATT-1",2
"CCACTACGTCTCAACA-1",5
"CCACTACGTGACAAAT-1",2
"CCACTACGTGACCAAG-1",1
"CCACTACGTGCACGAA-1",1
"CCACTACTCACTCTTA-1",3
"CCACTACTCCGCATCT-1",0
"CCACTACTCGGAAATA-1",0
"CCACTACTCTCGTATT-1",1
"CCACTACTCTCGTTTA-1",1
"CCAGCGAAGCCCAACC-1",2
"CCAGCGACATCGGGTC-1",1
"CCAGCGACATGTCCTC-1",2
"CCAGCGAGTAGGCATG-1",0
"CCAGCGAGTCCGTTAA-1",1
"CCAGCGATCAGAAATG-1",2
"CCATGTCAGCGATCCC-1",2
"CCATGTCAGGTCGGAT-1",1
"CCATGTCAGGTTACCT-1",1
"CCATGTCCAAGCTGGA-1",1
"CCATGTCCACATCCGG-1",3
"CCATGTCGTCCAGTAT-1",0
"CCATGTCTCCAAGTAC-1",1
"CCATGTCTCTTGTATC-1",1
"CCATTCGCAGTACACT-1",2
"CCATTCGCAGTTTACG-1",2
"CCATTCGGTAATCGTC-1",3
"CCATTCGGTATTACCG-1",0
"CCATTCGTCGTAGGAG-1",2
"CCCAATCAGTCACGCC-1",0
"CCCAATCCAGGTGGAT-1",2
"CCCAATCGTGAAGGCT-1",0
"CCCAATCGTTGGAGGT-1",1
"CCCAATCTCACATGCA-1",1
"CCCAATCTCCAGTATG-1",2
"CCCAATCTCGGAGCAA-1",0
"CCCAGTTAGAATAGGG-1",2
"CCCAGTTAGATCCCGC-1",1
"CCCAGTTAGCGTGAAC-1",1
"CCCAGTTAGGAATCGC-1",1
"CCCAGTTAGTCCGGTC-1",0
"CCCAGTTAGTTTGCGT-1",0
"CCCAGTTGTACATGTC-1",1
"CCCAGTTGTCTGCAAT-1",2
"CCCAGTTTCTGAAAGA-1",1
"CCCATACAGGGTTCCC-1",0
"CCCATACAGTGTTTGC-1",0
"CCCATACCAAAGGTGC-1",2
"CCCATACCAACACCCG-1",0
"CCCATACCAGCAGTTT-1",0
"CCCATACGTATTACCG-1",1
"CCCATACGTCAATACC-1",0
"CCCATACGTCTAGTCA-1",1
"CCCATACGTTGAGTTC-1",0
"CCCATACTCAATAAGG-1",2
"CCCATACTCAGCGACC-1",0
"CCCATACTCATCACCC-1",2
"CCCATACTCCGTAGGC-1",1
"CCCTCCTAGGAATCGC-1",6
"CCCTCCTCACGTCTCT-1",2
"CCCTCCTCAGCTTAAC-1",1
"CCCTCCTCATATGAGA-1",1
"CCCTCCTCATCACGTA-1",2
"CCCTCCTGTATGGTTC-1",3
"CCCTCCTGTTAGATGA-1",2
"CCCTCCTTCAATCACG-1",1
"CCCTCCTTCCGCAGTG-1",0
"CCGGGATAGCTTCGCG-1",0
"CCGGGATAGGCGACAT-1",1
"CCGGGATAGGCTAGGT-1",1
"CCGGGATCACAGTCGC-1",2
"CCGGGATGTATAGGTA-1",1
"CCGGGATTCAGAGCTT-1",3
"CCGGGATTCGCTAGCG-1",1
"CCGGGATTCGCTTGTC-1",0
"CCGGTAGAGCGTCTAT-1",3
"CCGGTAGAGTACGCCC-1",0
"CCGGTAGCACATAACC-1",4
"CCGGTAGCACGCATCG-1",0
"CCGGTAGGTACTTCTT-1",2
"CCGGTAGGTCAAACTC-1",2
"CCGGTAGTCGTCCGTT-1",3
"CCGTACTAGAGAACAG-1",1
"CCGTACTAGTCCGTAT-1",1
"CCGTACTCAAGCCCAC-1",7
"CCGTACTCAAGCGAGT-1",0
"CCGTACTCATCCCACT-1",0
"CCGTACTGTACAGCAG-1",1
"CCGTACTGTAGCGCTC-1",0
"CCGTACTGTGCGGTAA-1",1
"CCGTACTTCGTTACAG-1",1
"CCGTGGAAGACGCACA-1",0
"CCGTGGAAGAGTTGGC-1",0
"CCGTGGAAGGTGATAT-1",4
"CCGTGGAAGGTTCCTA-1",0
"CCGTGGACAGCCTTGG-1",0
"CCGTGGAGTTCCATGA-1",0
"CCGTGGATCTAACTTC-1",0
"CCGTGGATCTCTGTCG-1",2
"CCGTTCAAGCGTAATA-1",1
"CCGTTCAAGTACGATA-1",0
"CCGTTCAAGTAGATGT-1",0
"CCGTTCACAGGATCGA-1",1
"CCGTTCAGTATAGGGC-1",1
"CCGTTCAGTCGCGAAA-1",1
"CCGTTCATCGTACCGG-1",0
"CCTAAAGAGAGTTGGC-1",2
"CCTAAAGCAAACCTAC-1",0
"CCTAAAGCATGTCTCC-1",2
"CCTAAAGGTACTCAAC-1",3
"CCTAAAGGTCGGCACT-1",4
"CCTAAAGGTGTAATGA-1",1
"CCTAAAGTCACCGTAA-1",3
"CCTAAAGTCAGCGATT-1",3
"CCTAAAGTCGGCGCTA-1",1
"CCTAAAGTCGGTCCGA-1",0
"CCTACACAGGACCACA-1",1
"CCTACACAGGGTGTTG-1",1
"CCTACACCAGTAAGAT-1",3
"CCTACACGTATAGTAG-1",2
"CCTACACGTCCGAACC-1",0
"CCTACACGTGGGTCAA-1",0
"CCTACACGTTTGACTG-1",0
"CCTACACTCGGCGCTA-1",2
"CCTACACTCGTGACAT-1",2
"CCTACCAAGATAGGAG-1",0
"CCTACCAAGCAAATCA-1",2
"CCTACCAAGCGTAGTG-1",1
"CCTACCAAGCTTCGCG-1",0
"CCTACCAAGTGCGATG-1",1
"CCTACCAGTATCAGTC-1",2
"CCTACCAGTCTCTCTG-1",0
"CCTACCAGTCTTTCAT-1",1
"CCTACCATCAGCACAT-1",3
"CCTACCATCGCCAGCA-1",0
"CCTAGCTAGCAAATCA-1",0
"CCTAGCTAGCTCCTCT-1",0
"CCTAGCTAGGTTACCT-1",0
"CCTAGCTAGTACGCGA-1",1
"CCTAGCTCAATGAATG-1",0
"CCTAGCTCAATGGTCT-1",0
"CCTAGCTCACATCCAA-1",0
"CCTAGCTCAGCCAGAA-1",1
"CCTAGCTGTAGAAAGG-1",2
"CCTAGCTGTCACCCAG-1",0
"CCTAGCTGTCTGATTG-1",1
"CCTAGCTTCACGATGT-1",1
"CCTAGCTTCGTAGGAG-1",2
"CCTATTAAGAATTCCC-1",2
"CCTATTAAGCAGGCTA-1",2
"CCTATTAAGCAGGTCA-1",2
"CCTATTAAGGGAGTAA-1",3
"CCTATTAAGGTAGCCA-1",3
"CCTATTACACAACTGT-1",1
"CCTATTACACATCCGG-1",0
"CCTATTAGTCAATACC-1",0
"CCTATTATCATCACCC-1",1
"CCTATTATCTGCGACG-1",3
"CCTCAGTAGCTAACTC-1",1
"CCTCAGTCAGGTGGAT-1",0
"CCTCAGTGTCCATCCT-1",2
"CCTCAGTGTCCGACGT-1",0
"CCTCAGTGTCTTGTCC-1",1
"CCTCAGTGTGGGTATG-1",3
"CCTCTGAAGTATCGAA-1",0
"CCTCTGAAGTGGGTTG-1",0
"CCTCTGACAAGCTGTT-1",0
"CCTCTGACACCGATAT-1",0
"CCTCTGACAGATGAGC-1",0
"CCTCTGAGTCAATACC-1",1
"CCTCTGAGTCCGAACC-1",0
"CCTCTGAGTCGTGGCT-1",1
"CCTCTGAGTCTGATTG-1",2
"CCTCTGATCTGAGGGA-1",1
"CCTTACGCAAGCGTAG-1",1
"CCTTACGCACCAACCG-1",3
"CCTTACGGTCATCCCT-1",1
"CCTTACGGTCCTCTTG-1",3
"CCTTACGTCACAACGT-1",1
"CCTTACGTCATCTGCC-1",2
"CCTTACGTCGGAGGTA-1",0
"CCTTCCCAGAGACTAT-1",1
"CCTTCCCAGCTAGGCA-1",0
"CCTTCCCAGGACGAAA-1",0
"CCTTCCCAGGGCATGT-1",0
"CCTTCCCAGGTACTCT-1",0
"CCTTCCCCATGATCCA-1",2
"CCTTCCCTCAAGGCTT-1",1
"CCTTCCCTCTATCCTA-1",3
"CCTTCCCTCTATCGCC-1",0
"CCTTCGAAGGCGCTCT-1",1
"CCTTCGACAACACCCG-1",1
"CCTTCGACAGCGATCC-1",3
"CCTTCGAGTAAGCACG-1",2
"CCTTCGAGTCCATGAT-1",4
"CCTTCGAGTGTGACCC-1",3
"CCTTCGAGTTGGTGGA-1",0
"CCTTCGATCACAGTAC-1",0
"CCTTCGATCCTATGTT-1",2
"CCTTCGATCGCACTCT-1",2
"CCTTTCTAGACGCTTT-1",1
"CCTTTCTAGGGCACTA-1",2
"CCTTTCTAGTGGAGTC-1",0
"CCTTTCTCAGACAAGC-1",1
"CCTTTCTCATCACGAT-1",1
"CCTTTCTCATGCCCGA-1",1
"CCTTTCTTCCCACTTG-1",0
"CCTTTCTTCTTTACGT-1",1
"CGAACATCACATGACT-1",0
"CGAACATCACTTGGAT-1",0
"CGAACATCAGTCCTTC-1",0
"CGAACATGTCTGATTG-1",0
"CGAACATGTGCTGTAT-1",0
"CGAACATTCTCAAACG-1",2
"CGAATGTAGAGGTTAT-1",2
"CGAATGTAGCGATAGC-1",0
"CGAATGTAGTTCGCAT-1",2
"CGAATGTCAATGCCAT-1",0
"CGAATGTGTCTAGTCA-1",0
"CGAATGTGTCTCACCT-1",1
"CGAATGTTCAACACAC-1",1
"CGAATGTTCATCACCC-1",1
"CGAATGTTCTGTACGA-1",0
"CGACCTTAGCTACCGC-1",0
"CGACCTTAGCTAGTCT-1",1
"CGACCTTCAAAGTGCG-1",1
"CGACCTTCACGAAATA-1",1
"CGACCTTGTAAGTGTA-1",2
"CGACCTTGTCAGAATA-1",0
"CGACCTTGTCTCCCTA-1",0
"CGACCTTGTCTCTTAT-1",1
"CGACCTTTCCGCGTTT-1",3
"CGACCTTTCGTTTATC-1",0
"CGACCTTTCTCCAGGG-1",1
"CGACTTCAGACACGAC-1",0
"CGACTTCAGGTAGCCA-1",2
"CGACTTCAGTCTTGCA-1",1
"CGACTTCCAATGGACG-1",1
"CGACTTCGTGGTGTAG-1",1
"CGACTTCGTTGAGTTC-1",0
"CGACTTCTCACTTACT-1",1
"CGACTTCTCTCGCTTG-1",1
"CGAGAAGAGAAACGCC-1",1
"CGAGAAGAGCCAACAG-1",2
"CGAGAAGAGCGTGTCC-1",5
"CGAGAAGCAAGTTCTG-1",1
"CGAGAAGCACATCCGG-1",0
"CGAGAAGCAGGCTGAA-1",2
"CGAGAAGTCGGATGGA-1",1
"CGAGCACAGCCAGAAC-1",0
"CGAGCACCACATGTGT-1",3
"CGAGCACGTAGCGTCC-1",1
"CGAGCACGTAGCGTGA-1",0
"CGAGCACGTCAGATAA-1",0
"CGAGCACGTGCCTTGG-1",7
"CGAGCACTCCCGGATG-1",0
"CGAGCACTCCGCTGTT-1",2
"CGAGCACTCGGAAATA-1",0
"CGAGCACTCGTGACAT-1",0
"CGAGCCAAGCTAGCCC-1",1
"CGAGCCAGTATATCCG-1",2
"CGAGCCAGTCAAGCGA-1",1
"CGATCGGAGAGCCTAG-1",1
"CGATCGGAGTACGATA-1",1
"CGATCGGCAAACGCGA-1",0
"CGATCGGCAAGCGATG-1",3
"CGATCGGCAATACGCT-1",0
"CGATCGGCAGTTAACC-1",2
"CGATCGGCATACTCTT-1",1
"CGATCGGGTCGACTGC-1",2
"CGATCGGTCAACGGGA-1",1
"CGATCGGTCTAGCACA-1",1
"CGATGGCAGCCGTCGT-1",4
"CGATGGCAGTCCAGGA-1",0
"CGATGGCCACTTAACG-1",2
"CGATGGCCAGCGTAAG-1",1
"CGATGGCCATCATCCC-1",0
"CGATGGCTCCTAGAAC-1",0
"CGATGGCTCGCTAGCG-1",0
"CGATGGCTCTGACCTC-1",0
"CGATGTAAGGCAATTA-1",1
"CGATGTAAGTTTGCGT-1",0
"CGATGTACACAGGCCT-1",1
"CGATGTACAGGTCTCG-1",0
"CGATGTAGTCCAGTGC-1",2
"CGATGTAGTCTAGGTT-1",0
"CGATGTAGTGTGCCTG-1",1
"CGATGTAGTTTGCATG-1",2
"CGATTGAAGATGTGGC-1",1
"CGATTGACAGACGCAA-1",0
"CGATTGAGTATGGTTC-1",0
"CGATTGAGTTCAGACT-1",2
"CGATTGATCATGGTCA-1",0
"CGATTGATCTGCGGCA-1",1
"CGCCAAGAGAATGTTG-1",1
"CGCCAAGAGACCTTTG-1",0
"CGCCAAGAGATCGGGT-1",1
"CGCCAAGAGATCTGAA-1",1
"CGCCAAGAGCGTGTCC-1",0
"CGCCAAGGTCTAGGTT-1",1
"CGCCAAGTCAGGATCT-1",2
"CGCCAAGTCCACTCCA-1",1
"CGCCAAGTCTTGTTTG-1",2
"CGCGGTAAGCTAGCCC-1",1
"CGCGGTAAGGGTTCCC-1",1
"CGCGGTACAAACTGCT-1",1
"CGCGGTACAATGGAAT-1",1
"CGCGGTACAGCTGTTA-1",2
"CGCGGTAGTCAAGCGA-1",2
"CGCGGTAGTGAGGCTA-1",0
"CGCGGTAGTTTGCATG-1",2
"CGCGTTTAGTTATCGC-1",2
"CGCGTTTCAACAACCT-1",1
"CGCGTTTCAAGCGAGT-1",3
"CGCGTTTCAATGGACG-1",4
"CGCGTTTCACGGTGTC-1",1
"CGCGTTTGTGCTGTAT-1",1
"CGCGTTTGTGGACGAT-1",1
"CGCGTTTTCAAACCGT-1",2
"CGCGTTTTCAGCCTAA-1",0
"CGCGTTTTCCTATGTT-1",0
"CGCGTTTTCGTGGTCG-1",2
"CGCTATCAGAAACCGC-1",0
"CGCTATCAGTCATCCA-1",0
"CGCTATCCAAGCGAGT-1",3
"CGCTATCCAGTCGATT-1",0
"CGCTATCCATCGACGC-1",1
"CGCTATCCATTTCAGG-1",0
"CGCTATCGTACCGAGA-1",1
"CGCTATCGTTCGAATC-1",1
"CGCTATCGTTTCGCTC-1",3
"CGCTATCTCGTTACAG-1",1
"CGCTGGAAGGACATTA-1",0
"CGCTGGAAGGGCACTA-1",0
"CGCTGGAAGGTGATAT-1",0
"CGCTGGACAGACTCGC-1",1
"CGCTGGAGTGTAATGA-1",1
"CGCTGGAGTTCTGGTA-1",0
"CGCTGGATCCGAAGAG-1",0
"CGCTGGATCCGTTGCT-1",2
"CGCTGGATCGTAGGAG-1",1
"CGCTGGATCGTTACAG-1",2
"CGCTTCAAGAAGGGTA-1",0
"CGCTTCAAGGTCGGAT-1",0
"CGCTTCACACGGTGTC-1",4
"CGCTTCACAGACAAGC-1",1
"CGCTTCACATCACCCT-1",5
"CGCTTCAGTCGCGGTT-1",2
"CGCTTCATCTTAGAGC-1",1
"CGGACACAGCGATATA-1",3
"CGGACACAGCGATGAC-1",2
"CGGACACAGCTTCGCG-1",0
"CGGACACAGGTAAACT-1",0
"CGGACACAGTAGCCGA-1",1
"CGGACACCACAGGAGT-1",2
"CGGACACCATTCACTT-1",3
"CGGACACGTGAGCGAT-1",1
"CGGACACGTGCTCTTC-1",0
"CGGACACGTGTGACCC-1",0
"CGGACGTAGGTTACCT-1",0
"CGGACGTCATGGGACA-1",2
"CGGACGTGTGAAAGAG-1",0
"CGGACGTGTTGGTAAA-1",3
"CGGACGTTCATGTGGT-1",1
"CGGACGTTCTGTCCGT-1",0
"CGGACTGAGGAGCGAG-1",2
"CGGACTGAGGAGTCTG-1",0
"CGGACTGAGTGGTAGC-1",2
"CGGACTGCAACTTGAC-1",4
"CGGACTGCAATGACCT-1",0
"CGGACTGCACAACGTT-1",0
"CGGACTGCACGCCAGT-1",2
"CGGACTGCAGTATGCT-1",1
"CGGACTGGTAAAGGAG-1",3
"CGGACTGGTATAAACG-1",1
"CGGACTGGTGTAAGTA-1",1
"CGGACTGGTGTGGTTT-1",1
"CGGACTGGTTGACGTT-1",1
"CGGACTGTCATTGCCC-1",4
"CGGACTGTCCATGCTC-1",1
"CGGACTGTCCGTCAAA-1",1
"CGGACTGTCGTTTGCC-1",1
"CGGACTGTCTTCATGT-1",2
"CGGAGCTAGTTTAGGA-1",1
"CGGAGCTCATTGAGCT-1",1
"CGGAGCTGTAGAAAGG-1",7
"CGGAGCTTCACTTATC-1",3
"CGGAGCTTCATGTAGC-1",1
"CGGAGCTTCCACGAAT-1",0
"CGGAGTCAGTGCGATG-1",5
"CGGAGTCAGTGTGAAT-1",0
"CGGAGTCCAGTGGGAT-1",0
"CGGAGTCCATTATCTC-1",0
"CGGAGTCGTAGCTGCC-1",0
"CGGAGTCGTCCAGTGC-1",0
"CGGAGTCGTGTTCGAT-1",0
"CGGAGTCTCCCAGGTG-1",1
"CGGAGTCTCCGTAGTA-1",0
"CGGCTAGAGAAACGCC-1",1
"CGGCTAGAGCACCGTC-1",0
"CGGCTAGAGCTAAACA-1",0
"CGGCTAGCAGACAAAT-1",2
"CGGCTAGGTAACGCGA-1",2
"CGGCTAGGTTCATGGT-1",3
"CGGCTAGTCAAAGACA-1",2
"CGGCTAGTCGTGGGAA-1",0
"CGGCTAGTCTTGTTTG-1",1
"CGGGTCAAGAGTCGGT-1",1
"CGGGTCAAGCACACAG-1",2
"CGGGTCAAGCTAACTC-1",0
"CGGGTCAAGGACACCA-1",1
"CGGGTCAAGTATGACA-1",3
"CGGGTCACAATGACCT-1",0
"CGGGTCACACCGAAAG-1",1
"CGGGTCACAGCCACCA-1",0
"CGGGTCACATACAGCT-1",1
"CGGGTCACATCCTTGC-1",0
"CGGGTCAGTAGCGCTC-1",1
"CGGGTCAGTCGATTGT-1",1
"CGGGTCAGTGCAACTT-1",0
"CGGGTCAGTTGTTTGG-1",1
"CGGGTCATCAACACCA-1",4
"CGGGTCATCACCTTAT-1",0
"CGGGTCATCCACGACG-1",0
"CGGTTAACAGGACCCT-1",1
"CGGTTAACATGTCCTC-1",1
"CGGTTAACATTCCTGC-1",1
"CGGTTAAGTCGACTGC-1",4
"CGGTTAATCCGGCACA-1",1
"CGGTTAATCCTTTCGG-1",0
"CGGTTAATCTTATCTG-1",0
"CGTAGCGAGATGTAAC-1",2
"CGTAGCGAGGCAATTA-1",2
"CGTAGCGAGTAGGTGC-1",1
"CGTAGCGCAAGCGCTC-1",2
"CGTAGCGTCCAACCAA-1",1
"CGTAGCGTCGGCGGTT-1",0
"CGTAGGCAGGGCTCTC-1",3
"CGTAGGCCAAGCGATG-1",0
"CGTAGGCCACTAAGTC-1",0
"CGTAGGCCAGAGTGTG-1",0
"CGTAGGCCATCCCATC-1",2
"CGTAGGCGTATTAGCC-1",0
"CGTAGGCGTCAATACC-1",1
"CGTAGGCGTGGCGAAT-1",3
"CGTAGGCTCCAGAAGG-1",1
"CGTCACTAGTCATGCT-1",1
"CGTCACTCAAAGCGGT-1",1
"CGTCACTCAGGTCCAC-1",0
"CGTCACTCAGTCACTA-1",4
"CGTCACTTCCTTGACC-1",0
"CGTCACTTCGGTGTTA-1",1
"CGTCACTTCTGTGCAA-1",2
"CGTCACTTCTTGAGAC-1",0
"CGTCAGGAGCTGTTCA-1",1
"CGTCAGGCAAAGCAAT-1",0
"CGTCAGGCAAAGCGGT-1",0
"CGTCAGGCAACACGCC-1",2
"CGTCAGGCATCCGCGA-1",1
"CGTCAGGGTCAGCTAT-1",1
"CGTCAGGGTCGTTGTA-1",1
"CGTCAGGGTGTAAGTA-1",2
"CGTCAGGTCCACTGGG-1",1
"CGTCAGGTCGACAGCC-1",2
"CGTCAGGTCGGGAGTA-1",2
"CGTCCATAGACCACGA-1",2
"CGTCCATAGCGATTCT-1",1
"CGTCCATAGGCTATCT-1",2
"CGTCCATAGTCTCAAC-1",0
"CGTCCATCACGACTCG-1",0
"CGTCCATCATTCACTT-1",1
"CGTCCATGTCTAGCGC-1",1
"CGTCCATGTGATAAAC-1",5
"CGTCCATGTTTGGGCC-1",0
"CGTCCATGTTTGTGTG-1",0
"CGTCCATTCAACACCA-1",2
"CGTCCATTCATTCACT-1",0
"CGTCTACAGTGCGTGA-1",2
"CGTCTACGTAGTAGTA-1",0
"CGTCTACTCGAGCCCA-1",0
"CGTCTACTCGCCATAA-1",1
"CGTCTACTCGGCCGAT-1",3
"CGTCTACTCGTCCAGG-1",2
"CGTCTACTCTATCGCC-1",0
"CGTGAGCAGATCTGAA-1",2
"CGTGAGCAGCAATCTC-1",0
"CGTGAGCAGCGGATCA-1",1
"CGTGAGCAGCTAGTGG-1",3
"CGTGAGCAGCTTCGCG-1",1
"CGTGAGCAGGGCACTA-1",1
"CGTGAGCAGGGTGTGT-1",2
"CGTGAGCAGTGGAGAA-1",0
"CGTGAGCCAAGCCGCT-1",0
"CGTGAGCCACGTAAGG-1",1
"CGTGAGCCATACGCCG-1",1
"CGTGAGCGTAGATTAG-1",1
"CGTGAGCGTCTCTTAT-1",1
"CGTGAGCTCACAAACC-1",1
"CGTGAGCTCCAAATGC-1",0
"CGTGAGCTCCGAGCCA-1",2
"CGTGAGCTCGTTGCCT-1",0
"CGTGAGCTCTGGGCCA-1",0
"CGTGTAAAGATAGTCA-1",0
"CGTGTAAAGGTGTTAA-1",2
"CGTGTAAAGTACATGA-1",0
"CGTGTAACATGGGACA-1",0
"CGTGTAAGTCCGCTGA-1",1
"CGTGTAAGTGTCTGAT-1",1
"CGTGTAATCTACTATC-1",1
"CGTGTAATCTCGATGA-1",2
"CGTGTAATCTTTAGTC-1",0
"CGTGTCTAGGCGCTCT-1",1
"CGTGTCTAGGGATGGG-1",2
"CGTGTCTCAGACAAAT-1",0
"CGTGTCTCAGACACTT-1",1
"CGTGTCTGTAAGAGGA-1",1
"CGTGTCTGTATATGAG-1",0
"CGTGTCTGTCAAAGCG-1",0
"CGTGTCTGTTCCGTCT-1",1
"CGTGTCTTCAATCACG-1",5
"CGTGTCTTCAGAGGTG-1",1
"CGTGTCTTCATAGCAC-1",1
"CGTGTCTTCCGAACGC-1",0
"CGTGTCTTCGGCATCG-1",1
"CGTGTCTTCGTGGACC-1",1
"CGTGTCTTCTACTTAC-1",2
"CGTGTCTTCTGAGTGT-1",0
"CGTTAGAAGATCTGAA-1",0
"CGTTAGAAGGCCCTTG-1",0
"CGTTAGACACGAAAGC-1",2
"CGTTAGACAGCTTCGG-1",1
"CGTTAGAGTTTAAGCC-1",0
"CGTTAGATCACTTATC-1",0
"CGTTAGATCAGCCTAA-1",6
"CGTTCTGAGAAGGGTA-1",2
"CGTTCTGAGACTAGGC-1",3
"CGTTCTGAGTGAACAT-1",0
"CGTTCTGCAGCTCGCA-1",3
"CGTTCTGCATTGGCGC-1",1
"CGTTCTGGTGAGGGTT-1",1
"CGTTCTGTCTGATTCT-1",1
"CGTTGGGAGCTAGTTC-1",4
"CGTTGGGAGGATGCGT-1",1
"CGTTGGGCACATTAGC-1",0
"CGTTGGGCAGACAGGT-1",3
"CGTTGGGGTTCCCGAG-1",0
"CGTTGGGTCATGCTCC-1",1
"CGTTGGGTCCATGAAC-1",0
"CGTTGGGTCTACCAGA-1",3
"CTAACTTAGTCCTCCT-1",0
"CTAACTTCAATAGCAA-1",0
"CTAACTTCAATCGGTT-1",2
"CTAACTTGTGAGGCTA-1",1
"CTAACTTTCGTACGGC-1",1
"CTAACTTTCTGGCGTG-1",3
"CTAAGACAGGGAAACA-1",3
"CTAAGACAGTACATGA-1",1
"CTAAGACAGTTCGCGC-1",0
"CTAAGACCAAGTAATG-1",0
"CTAAGACCAGTAAGAT-1",0
"CTAAGACCATGCAATC-1",1
"CTAAGACGTAAGGATT-1",1
"CTAAGACGTATCAGTC-1",0
"CTAAGACGTCACCTAA-1",0
"CTAAGACTCGTTGCCT-1",1
"CTAAGACTCTTACCGC-1",1
"CTAAGACTCTTGAGGT-1",1
"CTAATGGAGCAATCTC-1",1
"CTAATGGAGCGCTCCA-1",1
"CTAATGGAGCTCCCAG-1",1
"CTAATGGAGCTGAAAT-1",2
"CTAATGGAGTTAGGTA-1",1
"CTAATGGCATGGAATA-1",1
"CTAATGGGTACCGCTG-1",0
"CTAATGGGTCTAGCGC-1",1
"CTAATGGGTGAGGGAG-1",0
"CTAATGGGTTGGTGGA-1",0
"CTAATGGTCATGCTCC-1",1
"CTAATGGTCCACTGGG-1",1
"CTAATGGTCCGTTGCT-1",1
"CTAATGGTCCTAGAAC-1",2
"CTACACCAGTGCGATG-1",0
"CTACACCCACGGACAA-1",1
"CTACACCGTAATAGCA-1",4
"CTACACCGTCTGATTG-1",0
"CTACACCGTTCGTCTC-1",2
"CTACACCTCAGAAATG-1",1
"CTACACCTCGGCTTGG-1",1
"CTACACCTCGGTCCGA-1",1
"CTACACCTCTCGCATC-1",2
"CTACACCTCTCTGCTG-1",1
"CTACATTAGATCACGG-1",2
"CTACATTCACTCGACG-1",3
"CTACATTCATTTCACT-1",5
"CTACATTGTGATGATA-1",1
"CTACATTGTTCGAATC-1",0
"CTACATTTCAACGCTA-1",0
"CTACATTTCGCCATAA-1",3
"CTACATTTCTAGCACA-1",1
"CTACCCACACAGAGGT-1",1
"CTACCCACACGACGAA-1",2
"CTACCCACATGGTTGT-1",0
"CTACCCAGTATCTGCA-1",0
"CTACCCAGTATGAATG-1",0
"CTACCCAGTCAGAAGC-1",1
"CTACCCAGTGTGACCC-1",2
"CTACCCAGTTATGTGC-1",0
"CTACCCATCTACGAGT-1",2
"CTACGTCAGGTGCAAC-1",0
"CTACGTCAGTGCGATG-1",2
"CTACGTCAGTTGTCGT-1",2
"CTACGTCCATATACCG-1",1
"CTACGTCGTATATGGA-1",2
"CTACGTCGTGTGGTTT-1",1
"CTACGTCTCAAAGTAG-1",0
"CTACGTCTCACGACTA-1",1
"CTACGTCTCACGGTTA-1",0
"CTACGTCTCCTAGAAC-1",1
"CTAGAGTAGCTGTCTA-1",3
"CTAGAGTAGGATCGCA-1",2
"CTAGAGTAGTCCATAC-1",0
"CTAGAGTCACATTAGC-1",0
"CTAGAGTCAGTATGCT-1",3
"CTAGAGTCATACTCTT-1",1
"CTAGAGTCATGTAAGA-1",0
"CTAGAGTGTGACCAAG-1",2
"CTAGAGTTCAACACCA-1",2
"CTAGAGTTCCGTCAAA-1",1
"CTAGAGTTCCTAAGTG-1",1
"CTAGAGTTCGCCAGCA-1",0
"CTAGAGTTCGCTTAGA-1",2
"CTAGAGTTCGTGACAT-1",1
"CTAGAGTTCTGATTCT-1",3
"CTAGCCTCACCAGATT-1",1
"CTAGCCTGTATATCCG-1",2
"CTAGCCTGTGATGCCC-1",3
"CTAGCCTTCGGGAGTA-1",6
"CTAGTGAAGCTGGAAC-1",2
"CTAGTGAAGTGTACCT-1",0
"CTAGTGACAAGTCTAC-1",0
"CTAGTGACAGGATCGA-1",1
"CTAGTGAGTTATGCGT-1",0
"CTAGTGATCAGTTGAC-1",1
"CTAGTGATCCAGTAGT-1",1
"CTCACACAGCTAAGAT-1",1
"CTCACACAGCTGCCCA-1",1
"CTCACACAGGATGCGT-1",1
"CTCACACCACGTAAGG-1",0
"CTCACACCACTGTTAG-1",2
"CTCACACCATATACGC-1",0
"CTCACACGTGCTGTAT-1",0
"CTCACACGTTCCATGA-1",0
"CTCACACGTTTGGGCC-1",0
"CTCACACTCACCGGGT-1",2
"CTCACACTCATCGGAT-1",3
"CTCACACTCCGCGCAA-1",4
"CTCACACTCTAACCGA-1",1
"CTCAGAAAGAGCTGCA-1",0
"CTCAGAAAGGAGTAGA-1",0
"CTCAGAACAACGCACC-1",2
"CTCAGAACAAGCGATG-1",2
"CTCAGAACAGGGCATA-1",1
"CTCAGAAGTGACGGTA-1",0
"CTCAGAATCTTAACCT-1",2
"CTCATTAAGAACTGTA-1",0
"CTCATTACATGGTCAT-1",1
"CTCATTAGTGTAACGG-1",1
"CTCATTAGTTTACTCT-1",2
"CTCCTAGCAAGTACCT-1",0
"CTCCTAGCAATTCCTT-1",3
"CTCCTAGCACTGTCGG-1",0
"CTCCTAGCAGTCCTTC-1",1
"CTCCTAGCATAACCTG-1",0
"CTCCTAGCATGCGCAC-1",1
"CTCCTAGGTAGAAAGG-1",2
"CTCCTAGGTCCGAGTC-1",0
"CTCCTAGGTCTAGCCG-1",2
"CTCCTAGGTGTTTGTG-1",1
"CTCCTAGGTTCGTGAT-1",0
"CTCCTAGGTTGTTTGG-1",0
"CTCCTAGTCACTTACT-1",2
"CTCCTAGTCTCATTCA-1",3
"CTCGAAAAGCCCAACC-1",0
"CTCGAAAAGCTATGCT-1",3
"CTCGAAAAGGCCCTTG-1",2
"CTCGAAAAGGGCTTCC-1",1
"CTCGAAACAAGCCGTC-1",1
"CTCGAAACACATTAGC-1",4
"CTCGAAACACCGAAAG-1",2
"CTCGAAACACGGCTAC-1",0
"CTCGAAACAGTAAGAT-1",1
"CTCGAAACATACGCCG-1",0
"CTCGAGGAGCCATCGC-1",1
"CTCGAGGAGGGCTTCC-1",3
"CTCGAGGCAGATAATG-1",2
"CTCGAGGGTATTCTCT-1",1
"CTCGAGGGTGCCTGGT-1",2
"CTCGGAGAGTCCCACG-1",2
"CTCGGAGCACTTCTGC-1",1
"CTCGGAGCAGCTGCAC-1",3
"CTCGGAGCAGGATCGA-1",2
"CTCGGAGGTAGCCTAT-1",1
"CTCGGAGGTCATGCCG-1",3
"CTCGGAGTCAAACGGG-1",2
"CTCGGAGTCACATACG-1",2
"CTCGGAGTCAGCTTAG-1",0
"CTCGGGAAGACCTAGG-1",3
"CTCGGGACACAGCCCA-1",1
"CTCGGGACATAAAGGT-1",0
"CTCGGGACATCCCACT-1",4
"CTCGGGACATGTCGAT-1",4
"CTCGGGAGTCGCGTGT-1",1
"CTCGGGAGTGACTACT-1",8
"CTCGGGAGTTACGACT-1",1
"CTCGGGATCCGTACAA-1",3
"CTCGGGATCCTTGACC-1",1
"CTCGGGATCTTAGCCC-1",0
"CTCGGGATCTTGTTTG-1",0
"CTCGTACAGCGATAGC-1",2
"CTCGTACCAGCGTAAG-1",1
"CTCGTACCATAGTAAG-1",0
"CTCGTACGTAGAGTGC-1",2
"CTCGTACGTATCACCA-1",1
"CTCGTACGTGCAGTAG-1",0
"CTCGTACTCAAAGTAG-1",0
"CTCGTACTCAATCTCT-1",3
"CTCGTACTCGTTGCCT-1",1
"CTCGTACTCTGGTTCC-1",0
"CTCGTCAAGATGCCTT-1",1
"CTCGTCAAGTGGAGTC-1",3
"CTCGTCAAGTTTGCGT-1",0
"CTCGTCACAACGATCT-1",1
"CTCGTCACACATCCGG-1",1
"CTCGTCACAGTCGTGC-1",0
"CTCGTCAGTCTCATCC-1",1
"CTCGTCAGTCTCCATC-1",0
"CTCGTCAGTGAGCGAT-1",1
"CTCGTCAGTTGACGTT-1",0
"CTCGTCAGTTGGGACA-1",2
"CTCGTCATCACTTATC-1",4
"CTCGTCATCGACCAGC-1",1
"CTCGTCATCTGCTGTC-1",1
"CTCTAATCACCAGGTC-1",3
"CTCTAATCACGGTGTC-1",0
"CTCTAATCAGGAATCG-1",0
"CTCTAATGTCCAAGTT-1",1
"CTCTACGAGCTAAACA-1",1
"CTCTACGAGCTAGTGG-1",0
"CTCTACGAGTACGCCC-1",0
"CTCTACGAGTAGGCCA-1",0
"CTCTACGCAATAACGA-1",1
"CTCTACGCAGACGCTC-1",2
"CTCTACGCATGACATC-1",0
"CTCTACGTCATGTCTT-1",2
"CTCTACGTCCCTAATT-1",2
"CTCTACGTCGGCATCG-1",3
"CTCTACGTCGGTCTAA-1",0
"CTCTGGTAGCAGCGTA-1",0
"CTCTGGTAGCGTTCCG-1",1
"CTCTGGTAGGCATGGT-1",5
"CTCTGGTAGTGCCAGA-1",1
"CTCTGGTCACAAGCCC-1",1
"CTCTGGTCAGCCTTTC-1",3
"CTCTGGTTCATCTGTT-1",0
"CTCTGGTTCTTGTACT-1",2
"CTGAAACAGATCCCGC-1",2
"CTGAAACAGGTGCTAG-1",0
"CTGAAACAGTCCGTAT-1",1
"CTGAAACAGTGTCTCA-1",1
"CTGAAACGTCATCGGC-1",1
"CTGAAACGTTAAAGAC-1",2
"CTGAAACTCATACGGT-1",1
"CTGAAGTAGTGCGTGA-1",3
"CTGAAGTCAGCTGTAT-1",5
"CTGAAGTGTTAAAGTG-1",0
"CTGAAGTTCAAGCCTA-1",0
"CTGAAGTTCGGATGTT-1",3
"CTGATAGAGGGAGTAA-1",1
"CTGATAGAGTGCAAGC-1",1
"CTGATAGCAGCCTTTC-1",1
"CTGATAGCATCCCATC-1",0
"CTGATAGCATCTCCCA-1",1
"CTGATAGGTCAAAGCG-1",2
"CTGATAGGTCGCTTTC-1",1
"CTGATAGGTTACGACT-1",2
"CTGATAGTCGCGATCG-1",0
"CTGATAGTCTTATCTG-1",3
"CTGATCCAGGCATTGG-1",2
"CTGATCCAGGTGACCA-1",2
"CTGATCCCACAGAGGT-1",3
"CTGATCCCAGGCTGAA-1",0
"CTGATCCGTGCCTGGT-1",0
"CTGATCCGTTATCCGA-1",0
"CTGATCCGTTGTGGCC-1",1
"CTGCCTAAGGGTCTCC-1",1
"CTGCCTAAGGTGATAT-1",0
"CTGCCTAAGTACGCGA-1",1
"CTGCCTAAGTGCGTGA-1",2
"CTGCCTACATCCCACT-1",2
"CTGCCTATCAATAAGG-1",3
"CTGCGGAAGAAGGACA-1",2
"CTGCGGAAGAGCTGGT-1",0
"CTGCGGAAGATGAGAG-1",1
"CTGCGGACAGGTCGTC-1",3
"CTGCGGACATGTCTCC-1",0
"CTGCGGAGTCACTTCC-1",0
"CTGCGGAGTCGTGGCT-1",0
"CTGCGGAGTTCTGTTT-1",2
"CTGCGGAGTTGGACCC-1",1
"CTGCGGATCGCCTGTT-1",1
"CTGCGGATCTTACCGC-1",3
"CTGCTGTAGGGTGTTG-1",1
"CTGCTGTAGTACCGGA-1",0
"CTGCTGTAGTGGAGAA-1",0
"CTGCTGTCACATCTTT-1",0
"CTGCTGTGTTAAAGAC-1",0
"CTGCTGTTCTCCAACC-1",0
"CTGCTGTTCTTACCGC-1",0
"CTGGTCTAGCGTTGCC-1",0
"CTGGTCTAGGACAGCT-1",3
"CTGGTCTAGGGCTTGA-1",2
"CTGGTCTAGTCGAGTG-1",0
"CTGGTCTCAAAGGAAG-1",1
"CTGGTCTCACCAGTTA-1",2
"CTGGTCTGTACCTACA-1",1
"CTGGTCTGTACGCTGC-1",0
"CTGGTCTGTCCGCTGA-1",1
"CTGGTCTGTCCGTTAA-1",2
"CTGGTCTGTTCATGGT-1",1
"CTGGTCTGTTCGTGAT-1",1
"CTGGTCTTCAACGGGA-1",0
"CTGGTCTTCACTTACT-1",3
"CTGGTCTTCTTACCTA-1",1
"CTGTGCTGTATATCCG-1",0
"CTGTGCTGTCATCCCT-1",0
"CTGTGCTGTCCCTACT-1",1
"CTGTGCTGTCGGCACT-1",0
"CTGTGCTTCCATTCTA-1",0
"CTGTGCTTCCGTACAA-1",2
"CTGTTTAAGAAACCGC-1",1
"CTGTTTAAGATCGATA-1",2
"CTGTTTAAGGAGTTGC-1",1
"CTGTTTAGTCAAAGCG-1",0
"CTGTTTATCAGCCTAA-1",0
"CTGTTTATCATTTGGG-1",1
"CTGTTTATCTCCAGGG-1",2
"CTGTTTATCTCTTGAT-1",2
"CTGTTTATCTTCTGGC-1",0
"CTTAACTAGCCAGTAG-1",2
"CTTAACTAGGCTCTTA-1",3
"CTTAACTAGGTGCACA-1",1
"CTTAACTAGTCTCGGC-1",0
"CTTACCGAGCGCTTAT-1",2
"CTTACCGAGGCTACGA-1",1
"CTTACCGCAGATCTGT-1",1
"CTTACCGCAGTCAGAG-1",0
"CTTACCGGTCCTGCTT-1",0
"CTTACCGGTCGCCATG-1",1
"CTTACCGGTCTACCTC-1",3
"CTTACCGTCGGACAAG-1",1
"CTTAGGAAGCCCAACC-1",0
"CTTAGGACACGACGAA-1",0
"CTTAGGAGTTATGTGC-1",2
"CTTAGGATCCCATTTA-1",6
"CTTAGGATCTTTACAC-1",1
"CTTCTCTAGAACTCGG-1",1
"CTTCTCTAGAGTGAGA-1",0
"CTTCTCTAGCAGGCTA-1",1
"CTTCTCTAGTTAACGA-1",1
"CTTCTCTCAAAGGTGC-1",2
"CTTCTCTGTAACGACG-1",1
"CTTCTCTGTGCATCTA-1",1
"CTTCTCTTCGAGCCCA-1",4
"CTTGGCTAGCGATATA-1",0
"CTTGGCTAGTACGTTC-1",2
"CTTGGCTCATTACCTT-1",0
"CTTGGCTGTCTCCATC-1",0
"CTTGGCTTCCCTAATT-1",0
"CTTGGCTTCGCGTAGC-1",3
"CTTGGCTTCTCGTTTA-1",4
"CTTTGCGAGCAAATCA-1",1
"CTTTGCGAGCGTTCCG-1",8
"CTTTGCGAGTATCTCG-1",0
"CTTTGCGCAATTCCTT-1",2
"CTTTGCGCACTTAAGC-1",3
"CTTTGCGCAGACGCAA-1",0
"CTTTGCGGTAGAGGAA-1",1
"CTTTGCGTCCAGGGCT-1",0
"GAAACTCAGAGACGAA-1",1
"GAAACTCAGAGGTTAT-1",1
"GAAACTCAGCAGCCTC-1",1
"GAAACTCAGCCCAGCT-1",2
"GAAACTCAGCTAAACA-1",5
"GAAACTCAGTGCTGCC-1",0
"GAAACTCCAAGCCCAC-1",1
"GAAACTCCACATGACT-1",1
"GAAACTCCAGACACTT-1",0
"GAAACTCCATGGATGG-1",2
"GAAACTCGTACTCGCG-1",0
"GAAACTCGTAGCGATG-1",2
"GAAACTCGTGTGAAAT-1",0
"GAAACTCGTTTGTGTG-1",1
"GAAATGAAGACTAGGC-1",1
"GAAATGAAGCCAGTTT-1",1
"GAAATGAAGCTAGTCT-1",2
"GAAATGAAGTACGTAA-1",1
"GAAATGATCATGCTCC-1",0
"GAAATGATCCTCGCAT-1",4
"GAACATCAGATGGCGT-1",2
"GAACATCCAACAACCT-1",3
"GAACATCCACATCTTT-1",1
"GAACATCCACCTATCC-1",0
"GAACATCCACGGACAA-1",1
"GAACATCCATGCTAGT-1",0
"GAACATCGTACGACCC-1",1
"GAACATCGTGGACGAT-1",3
"GAACATCGTTCCCGAG-1",0
"GAACATCTCCAAGTAC-1",0
"GAACATCTCGATCCCT-1",1
"GAACATCTCTCCAACC-1",2
"GAACCTAAGAACTGTA-1",1
"GAACCTAAGAGCAATT-1",1
"GAACCTAAGCCAGTAG-1",1
"GAACCTACAAGGACAC-1",0
"GAACCTACAGACACTT-1",0
"GAACCTAGTACCAGTT-1",1
"GAACCTAGTGTCAATC-1",0
"GAACCTATCACGATGT-1",2
"GAACGGAAGACGCAAC-1",0
"GAACGGAAGTAATCCC-1",2
"GAACGGAAGTCAATAG-1",0
"GAACGGAAGTGGACGT-1",0
"GAACGGACACAGCGTC-1",2
"GAACGGACACCTCGTT-1",3
"GAACGGACACTTAACG-1",2
"GAACGGAGTAGCGTAG-1",1
"GAACGGAGTCAGAGGT-1",2
"GAACGGAGTGGCGAAT-1",9
"GAACGGATCACTCCTG-1",1
"GAACGGATCCACGAAT-1",2
"GAACGGATCGTAGGAG-1",2
"GAACGGATCTGTCAAG-1",1
"GAAGCAGAGACTAAGT-1",3
"GAAGCAGAGAGACGAA-1",2
"GAAGCAGAGCCACGCT-1",3
"GAAGCAGAGTTCGCGC-1",2
"GAAGCAGCAATCCGAT-1",2
"GAAGCAGCACTCGACG-1",2
"GAAGCAGCAGATCTGT-1",0
"GAAGCAGCAGATGAGC-1",1
"GAAGCAGCATGAACCT-1",1
"GAAGCAGCATGGAATA-1",0
"GAAGCAGGTAACGCGA-1",0
"GAAGCAGGTCATACTG-1",1
"GAAGCAGTCCTAGTGA-1",2
"GAAGCAGTCTTATCTG-1",1
"GAATAAGCAAGGTGTG-1",0
"GAATAAGCAGACAAGC-1",4
"GAATAAGCATGCAACT-1",0
"GAATAAGGTCCGTTAA-1",1
"GAATAAGGTGAGTGAC-1",2
"GAATAAGGTTCCCTTG-1",0
"GAATAAGTCGTTTAGG-1",0
"GAATGAAAGAGTCTGG-1",3
"GAATGAAAGCTTATCG-1",0
"GAATGAAAGGCATGTG-1",1
"GAATGAACAAACGCGA-1",2
"GAATGAACAGTGAGTG-1",0
"GAATGAACATCATCCC-1",0
"GAATGAAGTCAACATC-1",3
"GAATGAAGTCTCACCT-1",4
"GAATGAAGTGGCAAAC-1",4
"GAATGAAGTTGCGTTA-1",2
"GAATGAATCAGTTAGC-1",2
"GAATGAATCCTGCCAT-1",2
"GACACGCAGACGCACA-1",2
"GACACGCAGAGTAATC-1",0
"GACACGCAGCCAACAG-1",0
"GACACGCAGGAGTTTA-1",3
"GACACGCAGGGCATGT-1",0
"GACACGCAGGTGCACA-1",0
"GACACGCAGTCCAGGA-1",1
"GACACGCAGTGGGATC-1",0
"GACACGCAGTGGGTTG-1",2
"GACACGCCAAGCGTAG-1",4
"GACACGCCAAGGACAC-1",3
"GACACGCCAGACGCTC-1",0
"GACACGCCATCCTTGC-1",1
"GACACGCGTTCACGGC-1",1
"GACACGCTCATGTAGC-1",1
"GACAGAGAGTACGATA-1",5
"GACAGAGCAACGATCT-1",0
"GACAGAGCAAGTCTAC-1",0
"GACAGAGCAGCTCCGA-1",2
"GACAGAGCAGCTGGCT-1",4
"GACAGAGGTAGAAAGG-1",1
"GACAGAGTCAAACAAG-1",0
"GACAGAGTCAGAGACG-1",0
"GACAGAGTCCTTCAAT-1",2
"GACAGAGTCCTTGCCA-1",1
"GACAGAGTCTTCATGT-1",0
"GACCAATAGAAGGGTA-1",0
"GACCAATAGCTACCGC-1",2
"GACCAATAGCTACCTA-1",0
"GACCAATCAGGTGCCT-1",1
"GACCAATCATGCGCAC-1",1
"GACCAATGTACAGTTC-1",2
"GACCAATGTCGCTTCT-1",0
"GACCAATTCCGATATG-1",3
"GACCAATTCGAATGGG-1",1
"GACCAATTCGTCACGG-1",0
"GACCTGGCATCACAAC-1",0
"GACCTGGCATGTCTCC-1",1
"GACCTGGCATTGGCGC-1",4
"GACCTGGGTAAAGGAG-1",1
"GACCTGGGTCCAGTTA-1",2
"GACCTGGGTGCAGTAG-1",3
"GACCTGGTCATAGCAC-1",5
"GACCTGGTCCTTGCCA-1",2
"GACCTGGTCGCATGAT-1",1
"GACCTGGTCGTCACGG-1",2
"GACGCGTAGTGGTAAT-1",4
"GACGCGTAGTTGTAGA-1",0
"GACGCGTGTAAAGGAG-1",2
"GACGCGTGTGTGAAAT-1",3
"GACGCGTGTTAAGACA-1",0
"GACGCGTTCAAACCGT-1",0
"GACGCGTTCCAAATGC-1",0
"GACGCGTTCCGCGGTA-1",1
"GACGCGTTCCTACAGA-1",1
"GACGCGTTCGACGGAA-1",1
"GACGCGTTCTCCGGTT-1",1
"GACGGCTAGAAGATTC-1",0
"GACGGCTAGAGCTGGT-1",2
"GACGGCTCAAGGTTTC-1",0
"GACGGCTCACCGCTAG-1",1
"GACGGCTCATGAACCT-1",0
"GACGGCTCATGCAACT-1",1
"GACGGCTGTGTGTGCC-1",0
"GACGGCTGTTATGTGC-1",1
"GACGGCTGTTTGGCGC-1",2
"GACGGCTTCTATCGCC-1",0
"GACGTGCAGGCAAAGA-1",2
"GACGTGCAGGGTGTGT-1",2
"GACGTGCAGGTGTTAA-1",2
"GACGTGCCAGGTCGTC-1",1
"GACGTGCGTAACGTTC-1",2
"GACGTGCTCACCTCGT-1",0
"GACGTTAAGCTACCGC-1",2
"GACGTTAAGGCAAAGA-1",1
"GACGTTAAGTCAAGCG-1",3
"GACGTTACAAGCCATT-1",3
"GACGTTACAAGGTTTC-1",1
"GACGTTACAGACACTT-1",2
"GACGTTAGTATCTGCA-1",0
"GACGTTAGTTTGACAC-1",0
"GACGTTAGTTTGACTG-1",1
"GACGTTATCACAGGCC-1",0
"GACGTTATCATTGCGA-1",0
"GACGTTATCCCGGATG-1",2
"GACGTTATCCGAAGAG-1",1
"GACGTTATCGCGTTTC-1",0
"GACGTTATCTGTCCGT-1",4
"GACTAACAGACAGAGA-1",1
"GACTAACAGTGGAGAA-1",1
"GACTAACCAAATCCGT-1",1
"GACTAACGTCTAGTCA-1",1
"GACTAACGTGCAACTT-1",0
"GACTAACGTTCAGACT-1",1
"GACTAACTCCGCGCAA-1",0
"GACTAACTCCTTTCTC-1",1
"GACTAACTCTTGCCGT-1",1
"GACTAACTCTTTACAC-1",2
"GACTACAAGATATGGT-1",1
"GACTACACAAATCCGT-1",2
"GACTACAGTGCTGTAT-1",2
"GACTACATCAGCCTAA-1",0
"GACTACATCAGGTAAA-1",1
"GACTACATCTGCAGTA-1",1
"GACTGCGAGCGTAGTG-1",2
"GACTGCGAGTTGTAGA-1",1
"GACTGCGCACTTAACG-1",2
"GACTGCGCATGTTCCC-1",1
"GACTGCGGTACGCACC-1",1
"GACTGCGGTTCTCATT-1",1
"GACTGCGTCAACACAC-1",2
"GACTGCGTCACGACTA-1",0
"GACTGCGTCGCCCTTA-1",0
"GACTGCGTCTCAAACG-1",0
"GAGCAGAGTAGGGTAC-1",0
"GAGCAGAGTCAGATAA-1",4
"GAGCAGAGTCATATGC-1",0
"GAGCAGAGTGAGCGAT-1",0
"GAGCAGAGTGTAACGG-1",1
"GAGCAGAGTGTGACCC-1",2
"GAGCAGAGTTCGGGCT-1",1
"GAGCAGAGTTTAAGCC-1",0
"GAGCAGAGTTTGCATG-1",3
"GAGGTGAAGCAACGGT-1",1
"GAGGTGAAGGCTCTTA-1",0
"GAGGTGAAGTGGTAGC-1",1
"GAGGTGAAGTTGTAGA-1",0
"GAGGTGACACTGTCGG-1",1
"GAGGTGACATCCTTGC-1",2
"GAGGTGACATGCATGT-1",1
"GAGGTGAGTACCTACA-1",0
"GAGGTGAGTCATTAGC-1",2
"GAGGTGAGTTCCTCCA-1",3
"GAGGTGATCATCGCTC-1",1
"GAGGTGATCTAGAGTC-1",0
"GAGGTGATCTCTAGGA-1",1
"GAGGTGATCTGCTGTC-1",3
"GAGGTGATCTGGGCCA-1",2
"GAGTCCGAGGACAGAA-1",0
"GAGTCCGAGGCATGTG-1",0
"GAGTCCGAGGCGTACA-1",0
"GAGTCCGCAAACCCAT-1",2
"GAGTCCGGTCAAGCGA-1",1
"GAGTCCGGTGACCAAG-1",0
"GAGTCCGGTGACTCAT-1",3
"GAGTCCGGTGTGACCC-1",1
"GAGTCCGGTTCGGGCT-1",1
"GAGTCCGGTTTGCATG-1",3
"GAGTCCGTCGGCGCAT-1",0
"GAGTCCGTCTGATTCT-1",1
"GATCAGTAGATGTCGG-1",1
"GATCAGTAGTGGTAGC-1",0
"GATCAGTGTATATGAG-1",3
"GATCAGTGTCTGCGGT-1",1
"GATCAGTGTTATGCGT-1",3
"GATCAGTGTTGTACAC-1",2
"GATCAGTTCCCGACTT-1",1
"GATCGATAGAATGTTG-1",1
"GATCGATAGAGCTGCA-1",0
"GATCGATAGCATGGCA-1",0
"GATCGATCAAGCGAGT-1",3
"GATCGATCAAGCGTAG-1",1
"GATCGATGTCAACATC-1",2
"GATCGATGTTGCCTCT-1",1
"GATCGATTCCGCATCT-1",2
"GATCGCGAGATAGTCA-1",1
"GATCGCGAGCCTTGAT-1",1
"GATCGCGAGGAGCGTT-1",2
"GATCGCGCAGGTCGTC-1",0
"GATCGCGGTACAGCAG-1",0
"GATCGCGGTGAGTATA-1",0
"GATCGCGGTTGTCGCG-1",0
"GATCGCGTCACTCCTG-1",3
"GATCGTAAGACATAAC-1",5
"GATCGTAAGCTCAACT-1",1
"GATCGTACATAACCTG-1",0
"GATCGTAGTGGCTCCA-1",2
"GATCGTATCATATCGG-1",1
"GATCGTATCATGTCCC-1",2
"GATCGTATCTTACCGC-1",0
"GATCTAGAGCGTCTAT-1",1
"GATCTAGAGTGGAGAA-1",0
"GATCTAGCAACACCTA-1",0
"GATCTAGCAAGGGTCA-1",1
"GATCTAGGTCTAAAGA-1",2
"GATCTAGGTCTCACCT-1",3
"GATCTAGGTCTCTTTA-1",2
"GATCTAGTCACATAGC-1",3
"GATCTAGTCTAAGCCA-1",0
"GATGAAAAGAGTAATC-1",0
"GATGAAAAGCTCCCAG-1",0
"GATGAAACACGGTAGA-1",2
"GATGAAACAGCTGTAT-1",1
"GATGAAAGTGGGTATG-1",6
"GATGAAATCACCCTCA-1",2
"GATGAAATCACTCCTG-1",4
"GATGAAATCAGCAACT-1",1
"GATGAAATCGAGAGCA-1",0
"GATGAGGAGATCCCGC-1",0
"GATGAGGAGTTCGATC-1",1
"GATGAGGCACCAGTTA-1",3
"GATGAGGGTATCACCA-1",0
"GATGAGGGTATTCGTG-1",1
"GATGAGGGTCGCGTGT-1",0
"GATGAGGGTGATGATA-1",0
"GATGAGGTCACAGGCC-1",1
"GATGAGGTCACATAGC-1",1
"GATGAGGTCCCTTGTG-1",0
"GATGAGGTCTGCTGTC-1",0
"GATGCTAAGACTAAGT-1",0
"GATGCTAAGGATGCGT-1",0
"GATGCTAAGGCTCTTA-1",0
"GATGCTAAGGGAACGG-1",0
"GATGCTAAGTATCTCG-1",1
"GATGCTAAGTCTCGGC-1",2
"GATGCTACATGTTGAC-1",0
"GATGCTACATTGCGGC-1",1
"GATGCTAGTCTCCATC-1",1
"GATGCTAGTGGAAAGA-1",1
"GATGCTAGTTAGGGTG-1",0
"GATGCTATCCTGTACC-1",2
"GATGCTATCGGCGCTA-1",0
"GATTCAGAGAAACCTA-1",2
"GATTCAGAGAGTGACC-1",1
"GATTCAGAGATTACCC-1",0
"GATTCAGAGGGTCGAT-1",1
"GATTCAGAGGTCGGAT-1",3
"GATTCAGAGTCAATAG-1",2
"GATTCAGCAAGTTGTC-1",4
"GATTCAGCAATTCCTT-1",2
"GATTCAGCAGGGTACA-1",0
"GATTCAGCATCGACGC-1",0
"GATTCAGCATTATCTC-1",3
"GATTCAGGTAAATACG-1",0
"GATTCAGTCAACTCTT-1",1
"GCAAACTAGATGTTAG-1",0
"GCAAACTAGTCATGCT-1",0
"GCAAACTAGTCTCAAC-1",1
"GCAAACTCACAGGTTT-1",1
"GCAAACTGTCAGATAA-1",2
"GCAAACTGTCTCCATC-1",0
"GCAAACTTCGTGGTCG-1",1
"GCAATCAAGGGATCTG-1",1
"GCAATCAAGTATCTCG-1",0
"GCAATCAAGTGGGTTG-1",2
"GCAATCACAGCTTAAC-1",0
"GCAATCACATGTCGAT-1",0
"GCAATCACATTCCTCG-1",0
"GCAATCAGTAGGAGTC-1",3
"GCAATCAGTATAATGG-1",2
"GCAATCAGTTCTCATT-1",1
"GCAATCAGTTCTGGTA-1",0
"GCACATAAGAGCTATA-1",3
"GCACATAAGATGTTAG-1",1
"GCACATAAGCCTTGAT-1",1
"GCACATAAGGAGTACC-1",4
"GCACATAAGTGAAGTT-1",0
"GCACATACACCACGTG-1",1
"GCACATACAGCTGTAT-1",1
"GCACATACAGGAACGT-1",2
"GCACATAGTCATCGGC-1",1
"GCACATAGTCCGAATT-1",2
"GCACATAGTCTCTTTA-1",1
"GCACATAGTGCGCTTG-1",2
"GCACATATCACCTCGT-1",2
"GCACATATCTGGTTCC-1",0
"GCACTCTCAAGACACG-1",0
"GCACTCTCAATCACAC-1",4
"GCACTCTCATTTCAGG-1",0
"GCACTCTGTAAACCTC-1",1
"GCACTCTGTACCAGTT-1",3
"GCACTCTGTAGAAAGG-1",0
"GCACTCTGTCGAACAG-1",3
"GCACTCTGTCTAGGTT-1",1
"GCACTCTTCAACTCTT-1",2
"GCACTCTTCCCTAATT-1",1
"GCACTCTTCTGCCCTA-1",0
"GCAGCCAAGCTGATAA-1",0
"GCAGCCACATGAGCGA-1",0
"GCAGCCAGTAATCGTC-1",0
"GCAGCCAGTGTCGCTG-1",2
"GCAGCCATCAGTTGAC-1",1
"GCAGCCATCCCAACGG-1",1
"GCAGCCATCCGTACAA-1",3
"GCAGTTAAGTCCATAC-1",1
"GCAGTTAAGTCCGTAT-1",2
"GCAGTTAAGTTAACGA-1",1
"GCAGTTAGTGGACGAT-1",0
"GCAGTTAGTTATTCTC-1",2
"GCAGTTATCGCGATCG-1",2
"GCATACAAGATCTGCT-1",2
"GCATACAAGCAACGGT-1",4
"GCATACACAACGCACC-1",5
"GCATACACAAGGACTG-1",2
"GCATACACAAGTCTGT-1",1
"GCATACACAGTCAGCC-1",2
"GCATACACATCCTAGA-1",1
"GCATACACATCGGAAG-1",2
"GCATACAGTCCGAACC-1",0
"GCATACAGTTCTGGTA-1",2
"GCATACATCCACGACG-1",0
"GCATGATAGAATGTTG-1",2
"GCATGATAGAGTAATC-1",2
"GCATGATAGCTGATAA-1",1
"GCATGATAGGACCACA-1",0
"GCATGATAGGCTAGCA-1",1
"GCATGATAGTCAAGCG-1",1
"GCATGATAGTGGAGAA-1",6
"GCATGATCACACCGAC-1",0
"GCATGATCACATTTCT-1",0
"GCATGATGTCCCTACT-1",1
"GCATGATGTTGCGCAC-1",5
"GCATGATTCGTGGACC-1",2
"GCATGCGAGCATGGCA-1",2
"GCATGCGAGTCCAGGA-1",2
"GCATGCGCACTGCCAG-1",0
"GCATGCGGTAAGGATT-1",1
"GCATGCGGTCCTCTTG-1",0
"GCATGCGGTGTGAAAT-1",0
"GCATGCGTCCGCGGTA-1",1
"GCATGTAAGAACTGTA-1",1
"GCATGTAAGACAGACC-1",1
"GCATGTAAGTACTTGC-1",2
"GCATGTAAGTGCAAGC-1",1
"GCATGTACAACACGCC-1",1
"GCATGTATCACGAAGG-1",1
"GCCAAATCAAACTGTC-1",4
"GCCAAATCAAGGGTCA-1",0
"GCCAAATCAAGTTCTG-1",1
"GCCAAATCAGCCACCA-1",0
"GCCAAATCATAACCTG-1",0
"GCCAAATGTATAAACG-1",1
"GCCAAATGTGTTTGGT-1",4
"GCCAAATGTTTCGCTC-1",2
"GCCAAATTCAGGTAAA-1",0
"GCCAAATTCCGAGCCA-1",1
"GCCAAATTCCGCGGTA-1",3
"GCCAAATTCGGCTACG-1",1
"GCCTCTAAGAGTACCG-1",0
"GCCTCTAAGCCATCGC-1",2
"GCCTCTAAGCCGCCTA-1",1
"GCCTCTAAGCGATAGC-1",2
"GCCTCTAAGCTGCAAG-1",3
"GCCTCTAAGCTTCGCG-1",1
"GCCTCTAAGTCACGCC-1",0
"GCCTCTACAAGACGTG-1",1
"GCCTCTACAGCTATTG-1",1
"GCCTCTAGTAAGGATT-1",1
"GCCTCTAGTGATGATA-1",2
"GCCTCTAGTTAAGGGC-1",4
"GCCTCTATCAGCGACC-1",0
"GCCTCTATCCGATATG-1",1
"GCCTCTATCGAATCCA-1",0
"GCCTCTATCGAGCCCA-1",2
"GCCTCTATCGCTGATA-1",0
"GCCTCTATCTTTAGGG-1",0
"GCGACCAAGAGGTTAT-1",0
"GCGACCACACTTACGA-1",1
"GCGACCAGTCAGGACA-1",1
"GCGACCAGTCTAGAGG-1",3
"GCGACCATCAACGGGA-1",2
"GCGACCATCCCGGATG-1",2
"GCGACCATCTACTCAT-1",1
"GCGAGAAAGGTTCCTA-1",1
"GCGAGAAAGTACGATA-1",2
"GCGAGAAAGTGTCTCA-1",0
"GCGAGAACAAGCCCAC-1",0
"GCGAGAACACTGAAGG-1",1
"GCGAGAAGTAGCGCTC-1",1
"GCGAGAAGTCCCTACT-1",0
"GCGAGAATCCTTTCGG-1",1
"GCGAGAATCGAGAGCA-1",1
"GCGAGAATCGCACTCT-1",1
"GCGCAACAGTCCTCCT-1",3
"GCGCAACAGTGTACGG-1",1
"GCGCAACCAAGTCTGT-1",2
"GCGCAACCAGCCACCA-1",1
"GCGCAACGTAGCGCTC-1",1
"GCGCAACGTCCCTTGT-1",2
"GCGCAACGTCCTAGCG-1",7
"GCGCAACGTCGACTAT-1",0
"GCGCAACGTCTAGAGG-1",2
"GCGCAACGTGCACGAA-1",1
"GCGCAACTCAATACCG-1",0
"GCGCAGTCACATCCAA-1",1
"GCGCAGTCATTACCTT-1",1
"GCGCAGTGTTAGGGTG-1",2
"GCGCAGTTCGATCCCT-1",0
"GCGCAGTTCGCGGATC-1",1
"GCGCCAAAGACATAAC-1",0
"GCGCCAAAGGACAGCT-1",1
"GCGCCAAAGGCCCTTG-1",1
"GCGCCAAAGGGCTTCC-1",1
"GCGCCAAAGGTACTCT-1",2
"GCGCCAACATAACCTG-1",2
"GCGCCAACATTGGGCC-1",2
"GCGCCAAGTACTTGAC-1",0
"GCGCCAAGTCGGCACT-1",0
"GCGCCAAGTGAAAGAG-1",0
"GCGCCAAGTTGTACAC-1",2
"GCGCCAATCCGTTGCT-1",0
"GCGCGATAGAAGGTTT-1",1
"GCGCGATAGCAGGTCA-1",1
"GCGCGATAGTGAATTG-1",3
"GCGCGATAGTTTGCGT-1",2
"GCGCGATCAGCTCGAC-1",2
"GCGCGATGTAAGTAGT-1",0
"GCGCGATGTATCACCA-1",2
"GCGCGATGTCACTTCC-1",0
"GCGCGATGTTACCAGT-1",3
"GCGCGATTCAGTTAGC-1",0
"GCGCGATTCGTTTAGG-1",1
"GCGGGTTAGAAACGAG-1",2
"GCGGGTTAGCTATGCT-1",3
"GCGGGTTAGTGTGAAT-1",0
"GCGGGTTCACGCGAAA-1",1
"GCGGGTTCAGGCAGTA-1",3
"GCGGGTTCAGTAACGG-1",0
"GCGGGTTGTGAGTATA-1",2
"GCGGGTTGTGGCGAAT-1",0
"GCGGGTTTCCAAAGTC-1",2
"GCGGGTTTCCTTTCTC-1",1
"GCGGGTTTCTCCAACC-1",2
"GCGGGTTTCTTGAGGT-1",0
"GCGGGTTTCTTGTATC-1",2
"GCTCCTACAAACTGTC-1",2
"GCTCCTACACCAGGTC-1",2
"GCTCCTACACCGATAT-1",2
"GCTCCTACAGGGTACA-1",1
"GCTCCTACATTAGCCA-1",2
"GCTCCTAGTCAGGACA-1",1
"GCTCCTAGTCCGTCAG-1",2
"GCTCCTATCAGCCTAA-1",1
"GCTCCTATCCCTAATT-1",3
"GCTCTGTAGAGGTAGA-1",0
"GCTCTGTAGCTGAACG-1",0
"GCTCTGTAGGAGTCTG-1",1
"GCTCTGTAGTGCTGCC-1",1
"GCTCTGTAGTGGACGT-1",1
"GCTCTGTTCACCTCGT-1",2
"GCTGCAGAGCGTGAGT-1",1
"GCTGCAGAGTCAAGCG-1",4
"GCTGCAGAGTCCCACG-1",1
"GCTGCAGCAATTGCTG-1",0
"GCTGCAGCATGCCCGA-1",0
"GCTGCAGCATGCCTAA-1",0
"GCTGCAGGTAAACCTC-1",1
"GCTGCAGGTACGAAAT-1",1
"GCTGCAGGTAGCGCAA-1",1
"GCTGCAGGTCACCCAG-1",1
"GCTGCAGGTCATGCCG-1",3
"GCTGCGAAGGAATGGA-1",3
"GCTGCGAGTCTAACGT-1",1
"GCTGCGAGTGTTTGGT-1",1
"GCTGCGATCTCCTATA-1",1
"GCTGCGATCTTGTTTG-1",0
"GCTGCTTAGAATTGTG-1",3
"GCTGCTTAGGCAATTA-1",2
"GCTGCTTCATCACGTA-1",0
"GCTGCTTCATCCAACA-1",2
"GCTGCTTCATGCCTAA-1",0
"GCTGCTTCATGGTCAT-1",1
"GCTGCTTGTAACGACG-1",0
"GCTGCTTGTAATCGTC-1",4
"GCTGCTTGTAGGGACT-1",3
"GCTGCTTGTGAAAGAG-1",0
"GCTGCTTTCCGGGTGT-1",3
"GCTGGGTAGACCCACC-1",1
"GCTGGGTAGCCACGCT-1",3
"GCTGGGTAGTCGCCGT-1",0
"GCTGGGTAGTCTCAAC-1",0
"GCTGGGTCACGGCTAC-1",0
"GCTGGGTCAGCCAATT-1",0
"GCTGGGTGTACAGTTC-1",1
"GCTGGGTGTACCGTTA-1",2
"GCTGGGTGTCGAGTTT-1",2
"GCTGGGTGTCTCCACT-1",0
"GCTGGGTGTGCCTGTG-1",1
"GCTGGGTTCAGCTTAG-1",0
"GCTGGGTTCCTTAATC-1",0
"GCTTCCAAGAAACCTA-1",2
"GCTTCCACACCACCAG-1",1
"GCTTCCACAGGTCGTC-1",0
"GCTTCCACAGTGAGTG-1",2
"GCTTCCAGTATAGGTA-1",1
"GCTTCCAGTTCAGCGC-1",1
"GCTTCCATCGTCCAGG-1",1
"GCTTGAAAGATGGCGT-1",0
"GCTTGAAAGCCGTCGT-1",0
"GCTTGAACAAACCTAC-1",2
"GCTTGAACACGGTGTC-1",0
"GCTTGAACATCGGAAG-1",2
"GCTTGAAGTGCGGTAA-1",1
"GCTTGAAGTTCTCATT-1",1
"GCTTGAATCAGGATCT-1",1
"GGAAAGCAGGCAGGTT-1",0
"GGAAAGCCAAACGCGA-1",0
"GGAAAGCCAAGTACCT-1",0
"GGAAAGCGTAAGCACG-1",1
"GGAAAGCGTCCTCCAT-1",2
"GGAAAGCGTCGCGTGT-1",0
"GGAAAGCGTGCTTCTC-1",0
"GGAAAGCTCCAGAGGA-1",5
"GGAACTTAGAGTAAGG-1",0
"GGAACTTCAATGTAAG-1",0
"GGAACTTCACAGGAGT-1",1
"GGAACTTCACCTCGTT-1",0
"GGAACTTGTCTCTTTA-1",4
"GGAACTTTCATTGCCC-1",0
"GGAACTTTCATTTGGG-1",0
"GGAACTTTCCGTCATC-1",2
"GGAACTTTCCTCAACC-1",0
"GGAACTTTCGGATGTT-1",0
"GGAATAAAGGTACTCT-1",1
"GGAATAAAGTGTCCAT-1",3
"GGAATAACAGCGTCCA-1",1
"GGAATAAGTCTGGTCG-1",0
"GGAATAAGTGCAGGTA-1",2
"GGAATAATCAGCACAT-1",3
"GGAATAATCTTTACGT-1",0
"GGACAAGAGGTACTCT-1",2
"GGACAAGCAACGATGG-1",2
"GGACAAGCAGTCGTGC-1",1
"GGACAAGCATGGGACA-1",1
"GGACAAGGTATAAACG-1",0
"GGACAAGGTATGAAAC-1",1
"GGACAAGGTCGGCATC-1",2
"GGACAAGGTTATGCGT-1",0
"GGACAAGTCTAACGGT-1",0
"GGACAGAAGCTAGTCT-1",2
"GGACAGAAGTACTTGC-1",2
"GGACAGACAACACGCC-1",1
"GGACAGACACAAGCCC-1",0
"GGACAGAGTAAGTGGC-1",2
"GGACAGAGTCTTTCAT-1",0
"GGACAGAGTGAGGGAG-1",1
"GGACAGAGTTCCACAA-1",1
"GGACAGATCAACGCTA-1",5
"GGACATTAGAGGGCTT-1",0
"GGACATTAGCCACGTC-1",2
"GGACATTCAAACGCGA-1",0
"GGACATTCAATGACCT-1",2
"GGACATTCACCAGCAC-1",2
"GGACATTGTTCTGGTA-1",3
"GGACATTTCCTCTAGC-1",2
"GGACGTCAGTACTTGC-1",3
"GGACGTCAGTGGTAAT-1",0
"GGACGTCCACAGTCGC-1",3
"GGACGTCGTGAGGGAG-1",1
"GGACGTCGTGGCGAAT-1",5
"GGACGTCGTTACGGAG-1",0
"GGACGTCGTTTAAGCC-1",0
"GGACGTCTCCACTCCA-1",1
"GGACGTCTCGCAAACT-1",1
"GGACGTCTCTCCAGGG-1",1
"GGACGTCTCTCGAGTA-1",2
"GGACGTCTCTGGTGTA-1",4
"GGACGTCTCTTCGAGA-1",0
"GGAGCAAAGAACTCGG-1",0
"GGAGCAAAGACTGTAA-1",3
"GGAGCAAAGCCGCCTA-1",0
"GGAGCAAAGCTAAACA-1",3
"GGAGCAAAGTACGCCC-1",1
"GGAGCAACAAGCTGTT-1",1
"GGAGCAACAATGGACG-1",0
"GGAGCAACAATTCCTT-1",1
"GGAGCAACATGCTGGC-1",2
"GGAGCAAGTGAGTATA-1",1
"GGAGCAAGTTACTGAC-1",1
"GGAGCAATCAAGATCC-1",3
"GGAGCAATCCCATTTA-1",3
"GGATGTTCAAACTGTC-1",1
"GGATGTTTCATCACCC-1",1
"GGATGTTTCATGCATG-1",0
"GGATGTTTCCTACAGA-1",1
"GGATGTTTCCTCTAGC-1",0
"GGATTACAGATCCCAT-1",3
"GGATTACAGCTTCGCG-1",2
"GGATTACAGGCTAGCA-1",2
"GGATTACAGTATCTCG-1",0
"GGATTACCAAGCGTAG-1",1
"GGATTACCACATCCGG-1",2
"GGATTACCAGCGTAAG-1",2
"GGATTACGTAATAGCA-1",1
"GGATTACGTACACCGC-1",0
"GGATTACGTCTCTTTA-1",1
"GGATTACGTTGAGGTG-1",1
"GGATTACTCGCGCCAA-1",3
"GGATTACTCGGCGCAT-1",3
"GGATTACTCTGCCCTA-1",1
"GGCAATTCAATCGGTT-1",1
"GGCAATTCACGGCGTT-1",0
"GGCAATTCATCACCCT-1",1
"GGCAATTGTCGATTGT-1",2
"GGCAATTTCACTTACT-1",0
"GGCAATTTCAGCACAT-1",0
"GGCAATTTCTCCGGTT-1",2
"GGCCGATAGTGTCTCA-1",0
"GGCCGATCACGGACAA-1",0
"GGCCGATGTAGGACAC-1",0
"GGCCGATGTCACTGGC-1",4
"GGCCGATGTCCCTACT-1",2
"GGCCGATTCACCGTAA-1",2
"GGCCGATTCCGCGCAA-1",0
"GGCGACTAGAGCTGGT-1",0
"GGCGACTAGGACCACA-1",0
"GGCGACTAGGTTACCT-1",2
"GGCGACTCAAAGCGGT-1",0
"GGCGACTCAAGAGTCG-1",3
"GGCGACTCACCAGGTC-1",1
"GGCGACTCATTGTGCA-1",0
"GGCGACTTCAGAAATG-1",1
"GGCGACTTCAGAGACG-1",0
"GGCGACTTCCAGATCA-1",4
"GGCGACTTCTCTAGGA-1",1
"GGCGTGTAGCTAGCCC-1",2
"GGCGTGTAGGGTATCG-1",2
"GGCGTGTCAGGTCCAC-1",2
"GGCGTGTCAGTATAAG-1",1
"GGCGTGTCATCGTCGG-1",5
"GGCGTGTCATGGAATA-1",0
"GGCGTGTGTCTCCCTA-1",1
"GGCGTGTTCTTGAGGT-1",1
"GGCTCGAAGCCGTCGT-1",1
"GGCTCGAAGGTAAACT-1",0
"GGCTCGACAAGAAGAG-1",1
"GGCTCGACAATAGCAA-1",1
"GGCTCGACATGGTCAT-1",1
"GGCTCGAGTATATCCG-1",0
"GGCTCGAGTTACGTCA-1",0
"GGCTCGAGTTAGGGTG-1",3
"GGCTCGATCTGCAAGT-1",0
"GGCTGGTAGAAGAAGC-1",1
"GGCTGGTAGACCCACC-1",3
"GGCTGGTCAAGGACAC-1",1
"GGCTGGTCACTGCCAG-1",2
"GGCTGGTCATTTCAGG-1",0
"GGCTGGTGTATTCTCT-1",0
"GGCTGGTGTCGCATCG-1",1
"GGCTGGTGTCTAGTGT-1",1
"GGCTGGTGTTATGCGT-1",1
"GGGAATGAGCGTTGCC-1",1
"GGGAATGAGTAGGTGC-1",0
"GGGAATGGTAAGGGAA-1",0
"GGGAATGTCAACGAAA-1",1
"GGGAATGTCCAGTATG-1",1
"GGGAATGTCCGGGTGT-1",1
"GGGACCTAGATGTAAC-1",1
"GGGACCTAGTCTTGCA-1",0
"GGGACCTCAATCAGAA-1",1
"GGGACCTCACTGAAGG-1",6
"GGGAGATAGTACGACG-1",0
"GGGAGATCAAAGTGCG-1",1
"GGGAGATCAAATCCGT-1",0
"GGGAGATCAAGGACTG-1",2
"GGGAGATCACGCGAAA-1",1
"GGGAGATGTAGCGCAA-1",3
"GGGAGATTCAACGGGA-1",1
"GGGAGATTCATCACCC-1",2
"GGGATGAAGTGACATA-1",0
"GGGATGACATCATCCC-1",0
"GGGATGAGTCACCCAG-1",3
"GGGATGAGTGGAAAGA-1",0
"GGGATGAGTTACGACT-1",2
"GGGATGAGTTGGTAAA-1",2
"GGGATGATCAGTTAGC-1",0
"GGGATGATCTATCCTA-1",2
"GGGATGATCTTTAGGG-1",0
"GGGCACTAGTCTCGGC-1",0
"GGGCACTCATCTCCCA-1",1
"GGGCACTTCACCTCGT-1",0
"GGGCACTTCTGAGGGA-1",2
"GGGCATCCAATGTAAG-1",0
"GGGCATCCAGTCTTCC-1",1
"GGGCATCGTGGCGAAT-1",3
"GGGCATCTCACAGTAC-1",1
"GGGCATCTCCCTTGTG-1",1
"GGGCATCTCCGGCACA-1",4
"GGGCATCTCTGTCCGT-1",0
"GGGCATCTCTTATCTG-1",2
"GGGTCTGAGAAGATTC-1",1
"GGGTCTGAGATCCCGC-1",6
"GGGTCTGAGCCAACAG-1",0
"GGGTCTGCACAGGCCT-1",1
"GGGTCTGCACCAGGTC-1",1
"GGGTCTGGTCTGGTCG-1",1
"GGGTCTGGTGATGATA-1",0
"GGGTCTGGTGTGACCC-1",1
"GGGTCTGTCAACTCTT-1",3
"GGGTCTGTCACTCCTG-1",1
"GGGTCTGTCCGTAGTA-1",3
"GGGTTGCAGACAGAGA-1",0
"GGGTTGCAGACCTTTG-1",1
"GGGTTGCAGATCGATA-1",1
"GGGTTGCAGGGTGTTG-1",6
"GGGTTGCAGGTGGGTT-1",1
"GGGTTGCCAATAACGA-1",0
"GGGTTGCCACGCCAGT-1",1
"GGGTTGCCATTAACCG-1",2
"GGGTTGCGTACATCCA-1",2
"GGGTTGCGTAGCGCAA-1",3
"GGGTTGCGTCCTCCAT-1",1
"GGGTTGCGTCGAGTTT-1",1
"GGGTTGCGTGAGTATA-1",2
"GGGTTGCGTGTGACCC-1",3
"GGGTTGCTCGTACCGG-1",3
"GGTATTGAGCACCGTC-1",0
"GGTATTGAGCTATGCT-1",0
"GGTATTGCACATCCAA-1",0
"GGTATTGCAGCTTCGG-1",0
"GGTATTGGTTCCGTCT-1",2
"GGTATTGTCAGAAATG-1",1
"GGTATTGTCCATTCTA-1",1
"GGTATTGTCGCCAGCA-1",2
"GGTGAAGAGACACGAC-1",1
"GGTGAAGAGATCCGAG-1",2
"GGTGAAGCAAGGTGTG-1",1
"GGTGAAGCACTCGACG-1",0
"GGTGAAGCAGTATGCT-1",3
"GGTGAAGGTATGAAAC-1",5
"GGTGAAGGTCAGAATA-1",2
"GGTGAAGGTGGTACAG-1",1
"GGTGAAGGTGTATGGG-1",0
"GGTGAAGGTGTCTGAT-1",2
"GGTGAAGGTGTGGTTT-1",1
"GGTGAAGGTGTGTGCC-1",2
"GGTGAAGTCACGATGT-1",2
"GGTGAAGTCACTCTTA-1",1
"GGTGAAGTCTGGCGTG-1",1
"GGTGCGTAGGTGATTA-1",0
"GGTGCGTAGTACGATA-1",1
"GGTGCGTCACTTAAGC-1",1
"GGTGCGTCAGCTGTAT-1",0
"GGTGCGTGTTCGTTGA-1",0
"GGTGCGTTCCGTACAA-1",3
"GGTGCGTTCTTGACGA-1",0
"GGTGTTAAGGGCTCTC-1",0
"GGTGTTAAGTAGCGGT-1",1
"GGTGTTAAGTGGGATC-1",1
"GGTGTTAAGTTATCGC-1",2
"GGTGTTACAAATCCGT-1",1
"GGTGTTACACGGATAG-1",0
"GGTGTTAGTAATCACC-1",2
"GGTGTTAGTAGCAAAT-1",0
"GGTGTTAGTGTATGGG-1",1
"GGTGTTAGTTGAACTC-1",1
"GGTGTTATCGGACAAG-1",2
"GGTGTTATCGGTGTTA-1",3
"GGTGTTATCTACTTAC-1",1
"GTAACGTAGGTGACCA-1",0
"GTAACGTCACAGGCCT-1",0
"GTAACGTGTACCATCA-1",1
"GTAACGTGTGAGTATA-1",1
"GTAACGTGTTACGGAG-1",2
"GTAACGTGTTAGGGTG-1",2
"GTAACGTTCGGTCCGA-1",0
"GTAACGTTCTCATTCA-1",4
"GTAACTGAGTGGGTTG-1",1
"GTAACTGCAATGGAAT-1",5
"GTAACTGCACAGGCCT-1",1
"GTAACTGCAGGATCGA-1",0
"GTAACTGCATCGGGTC-1",3
"GTAACTGGTATTACCG-1",0
"GTAACTGTCACGGTTA-1",0
"GTAACTGTCTACTATC-1",0
"GTACGTAAGGTGCTTT-1",2
"GTACGTACAGGAATGC-1",2
"GTACGTACATGGATGG-1",1
"GTACGTAGTGAGTGAC-1",3
"GTACGTAGTTGGTAAA-1",3
"GTACGTATCACCTCGT-1",0
"GTACGTATCATCGGAT-1",0
"GTACGTATCCACTGGG-1",3
"GTACTCCAGGCAGTCA-1",1
"GTACTCCCAATAGCGG-1",1
"GTACTCCCACAGGTTT-1",0
"GTACTCCTCACCTTAT-1",2
"GTACTCCTCATTGCCC-1",0
"GTACTCCTCCTTCAAT-1",2
"GTACTTTCAGTTAACC-1",0
"GTACTTTCATGTCGAT-1",2
"GTACTTTTCCGAAGAG-1",3
"GTAGGCCAGCAATCTC-1",0
"GTAGGCCCATTCGACA-1",1
"GTAGGCCGTAACGCGA-1",1
"GTAGGCCGTAAGGGCT-1",0
"GTAGGCCGTACGACCC-1",1
"GTAGGCCGTTCAGGCC-1",2
"GTAGGCCGTTGATTGC-1",4
"GTAGGCCTCAGCACAT-1",1
"GTAGTCAAGAATGTGT-1",0
"GTAGTCAAGATGCCTT-1",0
"GTAGTCAAGGACGAAA-1",3
"GTAGTCAAGTGAAGAG-1",0
"GTAGTCATCGTCACGG-1",3
"GTAGTCATCTGAAAGA-1",2
"GTATCTTAGAAACCAT-1",2
"GTATCTTAGGCTATCT-1",0
"GTATCTTAGTTGTCGT-1",1
"GTATCTTCACACCGCA-1",2
"GTATCTTCACGAAGCA-1",0
"GTATCTTGTTCGCTAA-1",1
"GTATCTTTCATGCTCC-1",0
"GTATCTTTCATGTAGC-1",1
"GTATTCTAGAAACCAT-1",1
"GTATTCTAGACAAAGG-1",1
"GTATTCTCAAAGTCAA-1",1
"GTATTCTCAACAACCT-1",1
"GTATTCTCAACTTGAC-1",1
"GTATTCTCAATAAGCA-1",4
"GTATTCTCAGGGTTAG-1",3
"GTATTCTCATACTACG-1",4
"GTATTCTCATGGTAGG-1",0
"GTATTCTGTAGTGAAT-1",0
"GTATTCTGTCTAGAGG-1",2
"GTCAAGTCATATGCTG-1",2
"GTCAAGTCATGGTTGT-1",0
"GTCAAGTGTCAGCTAT-1",0
"GTCAAGTGTTCCACTC-1",1
"GTCACAAAGCCGATTT-1",1
"GTCACAAAGTGGAGTC-1",1
"GTCACAACAGGTGGAT-1",3
"GTCACAAGTAAACGCG-1",2
"GTCACAATCAGGATCT-1",2
"GTCACAATCAGTTGAC-1",1
"GTCACAATCATGCATG-1",2
"GTCACGGAGATCACGG-1",2
"GTCACGGCATATACCG-1",0
"GTCACGGGTGAGTGAC-1",0
"GTCACGGGTGTGGCTC-1",0
"GTCACGGTCGAGAGCA-1",1
"GTCACGGTCTACCTGC-1",0
"GTCATTTAGAGACTAT-1",1
"GTCATTTCACGTGAGA-1",3
"GTCATTTGTAGAAGGA-1",1
"GTCATTTGTCAGATAA-1",0
"GTCATTTTCCAGAGGA-1",0
"GTCCTCAAGCCCAACC-1",0
"GTCCTCAAGTAGATGT-1",4
"GTCCTCAAGTGGGCTA-1",1
"GTCCTCACAATCACAC-1",1
"GTCCTCAGTGGAAAGA-1",0
"GTCCTCATCAAAGACA-1",0
"GTCCTCATCGTCCGTT-1",0
"GTCGGGTCACTGAAGG-1",0
"GTCGGGTCACTTCGAA-1",0
"GTCGGGTCATGAAGTA-1",0
"GTCGGGTGTCTCACCT-1",0
"GTCGGGTGTGTGACGA-1",0
"GTCGGGTGTGTGTGCC-1",0
"GTCGGGTGTTACGTCA-1",1
"GTCGGGTTCTGCTGTC-1",2
"GTCGGGTTCTGTGCAA-1",0
"GTCGTAAAGAGATGAG-1",4
"GTCGTAAAGCTGCAAG-1",3
"GTCGTAAAGGCGACAT-1",1
"GTCGTAACATCACGAT-1",1
"GTCGTAAGTATCACCA-1",0
"GTCGTAATCCAAGTAC-1",1
"GTCTCGTAGACCACGA-1",0
"GTCTCGTCAGGAACGT-1",0
"GTCTCGTGTGGTAACG-1",0
"GTCTCGTGTTTGGCGC-1",2
"GTCTCGTTCACCGGGT-1",0
"GTCTCGTTCAGTGCAT-1",2
"GTCTTCGAGACAAGCC-1",3
"GTCTTCGAGGAATGGA-1",1
"GTCTTCGAGTCAAGCG-1",0
"GTCTTCGCACATGGGA-1",1
"GTCTTCGCACCAGGTC-1",0
"GTCTTCGCAGACGCAA-1",1
"GTCTTCGCATAACCTG-1",0
"GTCTTCGCATCGATGT-1",0
"GTCTTCGGTCTAGTGT-1",0
"GTCTTCGTCTCGATGA-1",1
"GTGAAGGAGAGCTGGT-1",1
"GTGAAGGAGATCGGGT-1",1
"GTGAAGGAGCCAGTTT-1",0
"GTGAAGGAGTGTTGAA-1",0
"GTGAAGGCAAAGGCGT-1",0
"GTGAAGGCACTTAAGC-1",4
"GTGAAGGCAGATTGCT-1",6
"GTGAAGGGTATATGGA-1",0
"GTGAAGGGTCTCTCTG-1",4
"GTGAAGGTCTCCTATA-1",1
"GTGCAGCAGACATAAC-1",1
"GTGCAGCAGTGGTCCC-1",2
"GTGCAGCCACATCTTT-1",1
"GTGCAGCGTGAGTATA-1",2
"GTGCAGCTCTTAGAGC-1",0
"GTGCATAAGGCATGGT-1",3
"GTGCATAGTTTGTTGG-1",3
"GTGCATATCAGAGCTT-1",3
"GTGCATATCATCATTC-1",0
"GTGCATATCTGCGTAA-1",1
"GTGCGGTAGCAATCTC-1",0
"GTGCGGTAGGACAGAA-1",1
"GTGCGGTCAAAGGTGC-1",4
"GTGCGGTGTTCAGACT-1",1
"GTGCGGTGTTCTGTTT-1",1
"GTGCGGTTCATCTGCC-1",0
"GTGCGGTTCCAGGGCT-1",0
"GTGCGGTTCGGATGGA-1",0
"GTGCGGTTCTCGTTTA-1",0
"GTGCGGTTCTGCTGTC-1",1
"GTGCTTCAGCCAGTTT-1",0
"GTGCTTCAGGATTCGG-1",2
"GTGCTTCAGTACACCT-1",0
"GTGCTTCCACTTAACG-1",1
"GTGCTTCCAGCTATTG-1",1
"GTGCTTCGTAGAGTGC-1",2
"GTGCTTCTCACAATGC-1",0
"GTGCTTCTCACTTCAT-1",1
"GTGGGTCAGACCGGAT-1",2
"GTGGGTCAGACTGTAA-1",2
"GTGGGTCAGCCGTCGT-1",0
"GTGGGTCCACCAACCG-1",2
"GTGGGTCCACCACCAG-1",0
"GTGTGCGAGACCGGAT-1",0
"GTGTGCGAGACTTGAA-1",1
"GTGTGCGCAGGTCGTC-1",0
"GTGTGCGGTGAGCGAT-1",0
"GTGTGCGTCAGTCAGT-1",2
"GTGTGCGTCCCTTGTG-1",0
"GTGTGCGTCTAACTTC-1",0
"GTGTTAGAGCACGCCT-1",2
"GTGTTAGAGGACAGAA-1",0
"GTGTTAGAGGCATGGT-1",2
"GTGTTAGAGTGGAGAA-1",2
"GTGTTAGAGTTTGCGT-1",1
"GTGTTAGCAATGGAAT-1",1
"GTGTTAGCACCACCAG-1",3
"GTGTTAGGTGCCTGGT-1",1
"GTGTTAGGTGGAAAGA-1",1
"GTGTTAGGTTCCATGA-1",0
"GTGTTAGGTTGGGACA-1",0
"GTTAAGCAGAGCTGCA-1",3
"GTTAAGCAGATAGCAT-1",1
"GTTAAGCAGCTAACAA-1",4
"GTTAAGCAGGCTACGA-1",2
"GTTAAGCAGTGTACCT-1",0
"GTTAAGCAGTTTGCGT-1",0
"GTTAAGCCATTCACTT-1",1
"GTTAAGCGTACTCGCG-1",1
"GTTAAGCGTCTAGGTT-1",1
"GTTAAGCGTGGCAAAC-1",0
"GTTAAGCGTTGCTCCT-1",1
"GTTAAGCTCCTTTCGG-1",2
"GTTACAGAGAGCTATA-1",1
"GTTACAGAGTACGATA-1",2
"GTTACAGCAGACGCCT-1",2
"GTTACAGCATCGGTTA-1",3
"GTTACAGGTATGGTTC-1",4
"GTTACAGGTCGACTGC-1",0
"GTTACAGGTCTAGGTT-1",3
"GTTCATTAGCGATGAC-1",2
"GTTCATTCATATACGC-1",1
"GTTCATTCATTGGCGC-1",0
"GTTCATTGTGCACGAA-1",2
"GTTCATTGTGTTAAGA-1",1
"GTTCATTGTTCAGTAC-1",0
"GTTCGGGAGACGACGT-1",1
"GTTCGGGAGCTAAGAT-1",1
"GTTCGGGAGTGTCTCA-1",1
"GTTCGGGGTAGGGTAC-1",2
"GTTCGGGGTGCAGGTA-1",2
"GTTCGGGTCCACGCAG-1",2
"GTTCGGGTCTACTTAC-1",0
"GTTCTCGAGACCACGA-1",1
"GTTCTCGAGCGATGAC-1",2
"GTTCTCGAGGCCATAG-1",3
"GTTCTCGCATCGGACC-1",0
"GTTCTCGGTAAGGGAA-1",2
"GTTCTCGGTAGCGTAG-1",0
"GTTCTCGGTCCGTGAC-1",2
"GTTCTCGGTGTTAAGA-1",3
"GTTCTCGTCAACGCTA-1",1
"GTTCTCGTCCTGTACC-1",2
"GTTTCTACAAACCTAC-1",3
"GTTTCTACAAGAAAGG-1",2
"GTTTCTAGTGTTGGGA-1",1
"GTTTCTATCCCAACGG-1",2
"GTTTCTATCCGTAGTA-1",0
"GTTTCTATCGGCATCG-1",1
"TAAACCGGTACTTAGC-1",0
"TAAACCGTCACTCTTA-1",2
"TAAACCGTCAGGCGAA-1",1
"TAAACCGTCCGTTGTC-1",1
"TAAACCGTCTTCCTTC-1",0
"TAAGAGACAAGTTGTC-1",0
"TAAGAGAGTATATCCG-1",5
"TAAGAGATCAATCACG-1",1
"TAAGAGATCTAACGGT-1",6
"TAAGAGATCTTTCCTC-1",0
"TAAGCGTAGTGGACGT-1",0
"TAAGCGTAGTGTCTCA-1",1
"TAAGCGTCAGCTTCGG-1",0
"TAAGCGTCAGGTGGAT-1",0
"TAAGCGTGTCCTGCTT-1",1
"TAAGCGTGTGCCTGGT-1",0
"TAAGCGTGTTGTTTGG-1",1
"TAAGCGTTCCTCATTA-1",1
"TAAGCGTTCGGCGCAT-1",0
"TAAGCGTTCTCGCATC-1",2
"TAAGTGCAGGCTAGGT-1",1
"TAAGTGCAGTAGCGGT-1",2
"TAAGTGCCAACGCACC-1",0
"TAAGTGCCATACAGCT-1",1
"TAAGTGCGTAAACACA-1",0
"TAAGTGCGTCTCACCT-1",3
"TAAGTGCGTTCAGACT-1",3
"TAAGTGCTCACCCTCA-1",1
"TAAGTGCTCACTGGGC-1",0
"TAAGTGCTCTGGCGTG-1",0
"TACACGACACCCATTC-1",0
"TACACGAGTGATAAAC-1",0
"TACACGATCTGTCTCG-1",0
"TACAGTGAGATGCGAC-1",3
"TACAGTGAGCGTTGCC-1",0
"TACAGTGAGTGTACGG-1",0
"TACAGTGCAGGAATCG-1",1
"TACAGTGCAGGTGCCT-1",2
"TACAGTGGTACTCAAC-1",2
"TACAGTGGTTGGACCC-1",1
"TACCTATAGAGCTGGT-1",1
"TACCTATAGAGTTGGC-1",0
"TACCTATAGGCTCATT-1",0
"TACCTATAGTTAGCGG-1",1
"TACCTATCAAGCTGGA-1",0
"TACCTATGTAAATGAC-1",8
"TACCTATGTAGAGTGC-1",0
"TACCTATGTCACCTAA-1",0
"TACCTATGTGTTGAGG-1",1
"TACCTATGTTAAAGAC-1",0
"TACCTATTCTATGTGG-1",0
"TACCTATTCTTCCTTC-1",1
"TACCTTAAGAGGTTGC-1",2
"TACCTTAAGTCAAGCG-1",3
"TACCTTAAGTGGTCCC-1",1
"TACCTTACAACTGGCC-1",0
"TACCTTACAAGGGTCA-1",0
"TACCTTACACTCAGGC-1",0
"TACCTTACATCTACGA-1",0
"TACCTTAGTAGCGTCC-1",2
"TACCTTAGTCTCCACT-1",1
"TACGGATAGATGGCGT-1",0
"TACGGATAGGTACTCT-1",3
"TACGGATCAGGGATTG-1",2
"TACGGATCATCACCCT-1",1
"TACGGATGTCTAGCCG-1",1
"TACGGATTCGGTGTCG-1",1
"TACGGATTCTACTATC-1",0
"TACGGGCAGGATGCGT-1",0
"TACGGGCAGGGAACGG-1",4
"TACGGGCAGTATTGGA-1",1
"TACGGGCAGTCAAGCG-1",0
"TACGGGCCAAGAAGAG-1",0
"TACGGGCCACCAGATT-1",0
"TACGGGCCATCAGTAC-1",1
"TACGGGCGTAAGGGCT-1",0
"TACGGGCGTCTGATTG-1",1
"TACGGGCGTGATGTGG-1",0
"TACGGGCTCACCTTAT-1",3
"TACGGGCTCAGCTCTC-1",1
"TACGGGCTCCACGAAT-1",2
"TACGGGCTCCTATTCA-1",0
"TACGGGCTCGGTGTTA-1",2
"TACGGTAAGATATGGT-1",1
"TACGGTAAGCCGATTT-1",2
"TACGGTAAGTCATGCT-1",0
"TACGGTAAGTGCCATT-1",0
"TACGGTACACAGGCCT-1",2
"TACGGTACATTTCAGG-1",2
"TACGGTAGTATATCCG-1",2
"TACGGTAGTCACTTCC-1",3
"TACGGTAGTGCAGGTA-1",2
"TACGGTAGTGGGTATG-1",0
"TACGGTATCGCAGGCT-1",2
"TACGGTATCGGACAAG-1",4
"TACGGTATCGTTTATC-1",2
"TACTCATAGTCACGCC-1",0
"TACTCATCAATCTACG-1",2
"TACTCATCACGGTAGA-1",2
"TACTCATCACTTCTGC-1",1
"TACTCATCATCCGTGG-1",1
"TACTCATCATGTCGAT-1",1
"TACTCATGTACAGCAG-1",1
"TACTCATGTCTTCAAG-1",3
"TACTCATTCCTTTCTC-1",2
"TACTCGCAGGCGACAT-1",1
"TACTCGCGTCAGAAGC-1",2
"TACTCGCGTCTGATTG-1",1
"TACTCGCGTGTAACGG-1",0
"TACTCGCGTTGAGTTC-1",1
"TACTCGCTCAACGGGA-1",0
"TACTCGCTCCGAATGT-1",1
"TACTTACAGACTAGGC-1",1
"TACTTACAGCTGAACG-1",0
"TACTTACAGTACACCT-1",0
"TACTTACAGTACGCCC-1",4
"TACTTACAGTGATCGG-1",1
"TACTTACCAAGCCGTC-1",2
"TACTTACCACAGGTTT-1",0
"TACTTACTCGCGTTTC-1",4
"TACTTGTAGCGATATA-1",1
"TACTTGTAGTAATCCC-1",1
"TACTTGTCAAACAACA-1",2
"TACTTGTCATGCAACT-1",0
"TACTTGTGTAGCACGA-1",1
"TACTTGTGTATAAACG-1",0
"TACTTGTGTTCCACAA-1",0
"TACTTGTTCTGCAGTA-1",3
"TAGACCAAGAGACGAA-1",1
"TAGACCAAGCCTCGTG-1",1
"TAGACCAAGTCGATAA-1",2
"TAGACCACAACACCCG-1",1
"TAGACCAGTAGATTAG-1",1
"TAGACCAGTTCATGGT-1",1
"TAGACCATCACTTCAT-1",1
"TAGACCATCGTCACGG-1",0
"TAGACCATCTCCAGGG-1",0
"TAGAGCTAGAATTCCC-1",1
"TAGAGCTAGTATTGGA-1",1
"TAGAGCTCACTGAAGG-1",0
"TAGAGCTGTACTTGAC-1",1
"TAGAGCTGTAGGGACT-1",0
"TAGAGCTGTCTAAAGA-1",1
"TAGCCGGAGACTGGGT-1",1
"TAGCCGGAGTCCCACG-1",1
"TAGCCGGAGTGACATA-1",0
"TAGCCGGCAGCAGTTT-1",1
"TAGCCGGGTACAGTGG-1",1
"TAGCCGGGTACCATCA-1",2
"TAGCCGGGTCGCGAAA-1",4
"TAGCCGGTCACGACTA-1",0
"TAGCCGGTCCAGGGCT-1",0
"TAGGCATAGAACTGTA-1",1
"TAGGCATAGCTAGGCA-1",1
"TAGGCATAGTCGTACT-1",1
"TAGGCATAGTTTAGGA-1",1
"TAGGCATCAAGCCTAT-1",2
"TAGGCATCAGACGCAA-1",0
"TAGGCATGTACGAAAT-1",2
"TAGGCATGTCCAGTTA-1",0
"TAGGCATGTTCCACTC-1",3
"TAGGCATTCCCTAACC-1",0
"TAGGCATTCGCTAGCG-1",3
"TAGGCATTCGTAGATC-1",1
"TAGGCATTCTTCATGT-1",0
"TAGTGGTAGATCACGG-1",0
"TAGTGGTAGCTGTTCA-1",0
"TAGTGGTCAGTATAAG-1",1
"TAGTGGTGTAGCGTAG-1",2
"TAGTGGTTCAGCATGT-1",0
"TAGTGGTTCGGCGCAT-1",0
"TAGTGGTTCTCAAGTG-1",0
"TAGTGGTTCTGGGCCA-1",3
"TAGTGGTTCTTTAGTC-1",1
"TAGTTGGAGATAGGAG-1",3
"TAGTTGGCAGACGCAA-1",1
"TAGTTGGCATGCGCAC-1",2
"TAGTTGGGTATGGTTC-1",0
"TAGTTGGTCCGAATGT-1",2
"TAGTTGGTCTACTCAT-1",2
"TAGTTGGTCTCTAAGG-1",1
"TAGTTGGTCTGATACG-1",0
"TATCAGGAGAGTAAGG-1",1
"TATCAGGAGATCCGAG-1",1
"TATCAGGAGCAGATCG-1",0
"TATCAGGAGGTGCTTT-1",1
"TATCAGGCAACTTGAC-1",1
"TATCAGGCACGTTGGC-1",0
"TATCAGGGTCCGTTAA-1",0
"TATCAGGGTCTGCAAT-1",2
"TATCAGGGTTAAAGAC-1",1
"TATCAGGTCAAGATCC-1",1
"TATCAGGTCCACTCCA-1",1
"TATCAGGTCGTAGGTT-1",1
"TATCTCAAGAGTTGGC-1",2
"TATCTCAAGCCACCTG-1",2
"TATCTCAAGCGTAATA-1",1
"TATCTCAAGGCTAGCA-1",0
"TATCTCAAGTGGGCTA-1",1
"TATCTCACATGTCCTC-1",1
"TATCTCAGTAACGACG-1",1
"TATCTCAGTACCTACA-1",1
"TATCTCAGTACGACCC-1",2
"TATCTCAGTCAATGTC-1",2
"TATCTCATCAAGCCTA-1",0
"TATGCCCAGAAACCGC-1",1
"TATGCCCAGGTAGCTG-1",2
"TATGCCCCAATGGAAT-1",1
"TATGCCCCACTTAACG-1",1
"TATGCCCCATGTTCCC-1",1
"TATGCCCGTAGCCTCG-1",1
"TATGCCCGTATAGGGC-1",1
"TATGCCCGTATGAAAC-1",0
"TATGCCCGTCGCCATG-1",3
"TATGCCCGTGCCTTGG-1",0
"TATGCCCGTTAAGATG-1",1
"TATGCCCGTTGGTGGA-1",2
"TATGCCCGTTTAGGAA-1",2
"TATGCCCTCGTCTGCT-1",0
"TATTACCAGAGAGCTC-1",0
"TATTACCAGCAAATCA-1",1
"TATTACCAGCCCGAAA-1",1
"TATTACCAGTATCTCG-1",0
"TATTACCCAAAGTGCG-1",2
"TATTACCCAGACAAGC-1",2
"TATTACCCAGTCAGCC-1",0
"TATTACCCATAAAGGT-1",2
"TATTACCCATCTACGA-1",0
"TATTACCGTCCAGTAT-1",1
"TCAACGAAGCCGATTT-1",0
"TCAACGAAGCGATGAC-1",3
"TCAACGAAGGCATGTG-1",1
"TCAACGAAGTAGTGCG-1",2
"TCAACGACACCAGGCT-1",0
"TCAACGACATGCCTTC-1",4
"TCAACGAGTTACCAGT-1",1
"TCAACGAGTTCCATGA-1",1
"TCAACGAGTTCTGGTA-1",1
"TCAACGATCAGTCCCT-1",1
"TCAACGATCTGTGCAA-1",0
"TCAATCTAGATCCCGC-1",1
"TCAATCTCACAAGCCC-1",0
"TCAATCTCACAGCCCA-1",0
"TCAATCTCATGACGGA-1",1
"TCAATCTCATTTGCTT-1",1
"TCAATCTGTAGTGAAT-1",2
"TCAATCTGTTAGATGA-1",0
"TCAATCTTCAGATAAG-1",0
"TCAATCTTCATGTCCC-1",0
"TCACAAGAGACTGGGT-1",4
"TCACAAGAGAGAGCTC-1",3
"TCACAAGAGGCCCTCA-1",1
"TCACAAGAGGTGGGTT-1",1
"TCACAAGAGTAGATGT-1",1
"TCACAAGCAGTATGCT-1",0
"TCACAAGCATAACCTG-1",0
"TCACAAGCATGACATC-1",3
"TCACAAGGTCAGATAA-1",1
"TCACAAGGTGTGGTTT-1",2
"TCACAAGTCATCATTC-1",0
"TCACAAGTCATGCATG-1",0
"TCACGAAAGCTCCTTC-1",0
"TCACGAAAGGTGCTTT-1",1
"TCACGAAAGTCTCGGC-1",2
"TCACGAACACAAGACG-1",4
"TCACGAACACTGTCGG-1",3
"TCACGAAGTGGTCCGT-1",1
"TCACGAAGTTGGTGGA-1",0
"TCACGAATCATGCAAC-1",0
"TCACGAATCCCGACTT-1",0
"TCACGAATCCTCGCAT-1",1
"TCACGAATCGTCACGG-1",0
"TCAGATGAGGTGCACA-1",1
"TCAGATGGTCTTGTCC-1",0
"TCAGATGGTGCCTGCA-1",0
"TCAGATGGTGCTGTAT-1",1
"TCAGATGTCAGTTTGG-1",2
"TCAGATGTCGCATGAT-1",0
"TCAGATGTCTCCTATA-1",0
"TCAGCAAAGGAGTCTG-1",1
"TCAGCAAAGGCTCATT-1",0
"TCAGCAAAGTACGACG-1",0
"TCAGCAAAGTGGCACA-1",4
"TCAGCAACACGCATCG-1",0
"TCAGCAAGTACCGGCT-1",2
"TCAGCAATCAGCGATT-1",0
"TCAGCAATCGGAAACG-1",1
"TCAGCAATCTTCAACT-1",2
"TCAGCTCAGGTGTTAA-1",0
"TCAGCTCAGTATGACA-1",0
"TCAGCTCCAATCTGCA-1",2
"TCAGCTCCACGGTTTA-1",2
"TCAGCTCGTAATAGCA-1",0
"TCAGCTCGTCCGTCAG-1",1
"TCAGCTCGTTCACGGC-1",1
"TCAGCTCTCACGATGT-1",3
"TCAGCTCTCATGCATG-1",0
"TCAGCTCTCCTAAGTG-1",2
"TCAGCTCTCTCGTATT-1",1
"TCAGGATAGACAGAGA-1",1
"TCAGGATAGATATGGT-1",3
"TCAGGATCAAACGTGG-1",0
"TCAGGATCAAGTTCTG-1",0
"TCAGGATCACGGTGTC-1",2
"TCAGGATCACTGTGTA-1",3
"TCAGGATCAGCATACT-1",1
"TCAGGATCATCTGGTA-1",0
"TCAGGATGTAAGCACG-1",1
"TCAGGATGTGGCCCTA-1",0
"TCAGGATTCCGATATG-1",2
"TCAGGATTCTCGATGA-1",0
"TCAGGTAAGATGGCGT-1",2
"TCAGGTAAGTGTTTGC-1",2
"TCAGGTACACAAGTAA-1",4
"TCAGGTACACAGAGGT-1",2
"TCAGGTACAGCTGCTG-1",1
"TCAGGTAGTAAACGCG-1",1
"TCATTACAGAAACCAT-1",1
"TCATTACAGGAGTTGC-1",2
"TCATTACAGTTGCAGG-1",1
"TCATTACCACATCCAA-1",1
"TCATTACCAGTCAGCC-1",2
"TCATTACGTACGCACC-1",2
"TCATTACGTCTAGAGG-1",1
"TCATTACGTGAAGGCT-1",0
"TCATTACGTTCTGTTT-1",1
"TCATTACTCATCGATG-1",1
"TCATTTGAGCCAGTTT-1",0
"TCATTTGCACGTCTCT-1",1
"TCATTTGCAGTTAACC-1",1
"TCATTTGTCCAGAGGA-1",1
"TCATTTGTCCCTTGCA-1",0
"TCATTTGTCCGTCAAA-1",3
"TCATTTGTCGCTAGCG-1",1
"TCATTTGTCGTACGGC-1",1
"TCATTTGTCTCTGCTG-1",0
"TCCACACCAAAGAATC-1",2
"TCCACACCACGCCAGT-1",3
"TCCACACGTACAGCAG-1",1
"TCCACACGTAGCCTAT-1",4
"TCCACACGTCATCGGC-1",1
"TCCACACGTGACCAAG-1",4
"TCCACACGTGCGAAAC-1",0
"TCCACACTCAACACCA-1",0
"TCCACACTCCAGTATG-1",1
"TCCACACTCCCATTTA-1",0
"TCCACACTCGAACTGT-1",3
"TCCCGATAGAAGAAGC-1",2
"TCCCGATAGCACAGGT-1",1
"TCCCGATAGCCGGTAA-1",0
"TCCCGATCAAGGTTCT-1",0
"TCCCGATCAGCCAATT-1",3
"TCCCGATCATCCAACA-1",1
"TCCCGATGTAAGGATT-1",0
"TCCCGATGTCAATACC-1",3
"TCCCGATTCAGAAATG-1",2
"TCCCGATTCAGTCCCT-1",0
"TCCCGATTCATCTGTT-1",1
"TCCCGATTCCCTAATT-1",1
"TCCCGATTCTGGAGCC-1",0
"TCGAGGCAGCGATGAC-1",1
"TCGAGGCAGTGTTTGC-1",4
"TCGAGGCCAAAGAATC-1",2
"TCGAGGCCAAGTTCTG-1",1
"TCGAGGCCAGTAACGG-1",1
"TCGAGGCGTATATCCG-1",0
"TCGAGGCTCGCAAGCC-1",0
"TCGAGGCTCTTGAGAC-1",1
"TCGAGGCTCTTTCCTC-1",0
"TCGCGAGAGACAAAGG-1",0
"TCGCGAGAGTGAATTG-1",1
"TCGCGAGCAAGCGTAG-1",1
"TCGCGAGCACCGAATT-1",1
"TCGCGAGCAGTAAGAT-1",2
"TCGCGAGTCCACGAAT-1",2
"TCGCGAGTCTAGCACA-1",3
"TCGCGAGTCTCTAGGA-1",1
"TCGCGAGTCTTCATGT-1",4
"TCGCGTTAGTGGGCTA-1",2
"TCGCGTTCACAGGCCT-1",0
"TCGCGTTCATCACAAC-1",2
"TCGCGTTCATCTCGCT-1",3
"TCGCGTTGTTCACCTC-1",0
"TCGCGTTTCAAGATCC-1",1
"TCGCGTTTCAGGTAAA-1",1
"TCGCGTTTCATTCACT-1",1
"TCGCGTTTCCTGTACC-1",0
"TCGCGTTTCGCCCTTA-1",1
"TCGGGACCACACATGT-1",1
"TCGGGACTCCTTGCCA-1",0
"TCGGGACTCTGCGGCA-1",3
"TCGGGACTCTTGTCAT-1",0
"TCGGTAAAGACAGGCT-1",1
"TCGGTAAAGCTCAACT-1",1
"TCGGTAACAAGCTGAG-1",2
"TCGGTAACAGGAATGC-1",3
"TCGGTAAGTATATGGA-1",4
"TCGGTAAGTCTAGTCA-1",0
"TCGGTAATCCCGGATG-1",5
"TCGTACCAGCAGGCTA-1",2
"TCGTACCAGTTTCCTT-1",1
"TCGTACCGTTTGCATG-1",0
"TCGTACCTCGGGAGTA-1",1
"TCGTAGAAGCTAACTC-1",0
"TCGTAGAAGGCGACAT-1",2
"TCGTAGAAGGGAACGG-1",0
"TCGTAGAAGTCCATAC-1",3
"TCGTAGACAATCCAAC-1",0
"TCGTAGACACTCAGGC-1",1
"TCGTAGAGTATGAATG-1",1
"TCGTAGAGTGAGCGAT-1",0
"TCGTAGAGTGTGTGCC-1",1
"TCGTAGAGTTCAACCA-1",1
"TCGTAGAGTTCCATGA-1",2
"TCGTAGATCCAAGCCG-1",2
"TCGTAGATCTTAGCCC-1",1
"TCTATTGAGCGATTCT-1",1
"TCTATTGAGTGCCATT-1",0
"TCTATTGCACATCTTT-1",3
"TCTATTGGTAAGTGTA-1",2
"TCTATTGGTCCAACTA-1",3
"TCTATTGGTCTGCCAG-1",0
"TCTATTGGTTGCTCCT-1",0
"TCTATTGTCGGCGCTA-1",1
"TCTCATAAGCTAAACA-1",4
"TCTCATAAGCTAGTCT-1",1
"TCTCATAAGTGCCATT-1",1
"TCTCATAGTACCGGCT-1",1
"TCTCATAGTGTAAGTA-1",2
"TCTCATATCAAGCCTA-1",1
"TCTCATATCACCTTAT-1",0
"TCTCATATCCTGTACC-1",1
"TCTCTAAAGACCGGAT-1",1
"TCTCTAAAGGGTGTTG-1",2
"TCTCTAACAGCCTATA-1",3
"TCTCTAAGTCCAGTAT-1",2
"TCTCTAAGTCCATGAT-1",1
"TCTCTAAGTCTCATCC-1",1
"TCTCTAAGTGGAAAGA-1",3
"TCTCTAATCAAACCAC-1",1
"TCTCTAATCAACGCTA-1",1
"TCTCTAATCACAGGCC-1",0
"TCTCTAATCACATACG-1",0
"TCTCTAATCCGTAGGC-1",2
"TCTCTAATCGTATCAG-1",1
"TCTGAGACAAACCTAC-1",4
"TCTGAGACACGGATAG-1",4
"TCTGAGACAGAGTGTG-1",0
"TCTGAGAGTAAGGGAA-1",1
"TCTGAGATCCTTGACC-1",1
"TCTGAGATCTATCCTA-1",0
"TCTGGAAAGCGATGAC-1",1
"TCTGGAAAGCTAGTTC-1",0
"TCTGGAAAGCTCTCGG-1",1
"TCTGGAAAGGAGCGAG-1",0
"TCTGGAACACAAGACG-1",2
"TCTGGAACACACTGCG-1",0
"TCTGGAACACTTCTGC-1",3
"TCTGGAAGTGAGTATA-1",2
"TCTGGAATCTGTCTAT-1",3
"TCTTCGGAGGTTCCTA-1",0
"TCTTCGGAGTTCGATC-1",0
"TCTTCGGCAAAGCAAT-1",2
"TCTTCGGCAAAGGTGC-1",1
"TCTTCGGCAATAGCAA-1",2
"TCTTCGGCAATGTAAG-1",2
"TCTTCGGCACACCGAC-1",2
"TCTTCGGCAGCCAATT-1",4
"TCTTCGGGTCATTAGC-1",0
"TCTTCGGTCGTAGGTT-1",1
"TCTTCGGTCTCTAAGG-1",2
"TCTTTCCAGAGAGCTC-1",0
"TCTTTCCAGTCATCCA-1",2
"TCTTTCCCATCTCCCA-1",0
"TCTTTCCGTAATCACC-1",3
"TCTTTCCGTAGTACCT-1",0
"TCTTTCCTCACAACGT-1",3
"TCTTTCCTCAGCTGGC-1",2
"TCTTTCCTCCAAGTAC-1",1
"TCTTTCCTCCTCGCAT-1",3
"TGAAAGAAGCTAAGAT-1",3
"TGAAAGACAAGCCGTC-1",1
"TGAAAGACACATTCGA-1",1
"TGAAAGACATGAGCGA-1",1
"TGAAAGAGTCTAGCGC-1",3
"TGAAAGAGTCTCATCC-1",2
"TGAAAGATCCCGACTT-1",0
"TGAAAGATCTATGTGG-1",1
"TGACAACCAAGCGAGT-1",0
"TGACAACGTAGGGACT-1",4
"TGACAACGTGCGCTTG-1",0
"TGACAACGTGGTTTCA-1",1
"TGACAACTCACAAACC-1",0
"TGACAACTCCACGTGG-1",0
"TGACAACTCGAATGCT-1",1
"TGACGGCAGCGCCTCA-1",4
"TGACGGCAGGCTCAGA-1",2
"TGACGGCAGTCAAGCG-1",0
"TGACGGCCACAGACTT-1",2
"TGACGGCGTCATCCCT-1",0
"TGACGGCTCAGGCGAA-1",1
"TGACGGCTCCACTGGG-1",0
"TGACTAGAGACCCACC-1",0
"TGACTAGAGGGCATGT-1",2
"TGACTAGAGTCTCAAC-1",1
"TGACTAGAGTTGAGAT-1",0
"TGACTAGCAGCATACT-1",2
"TGACTAGCAGTCAGAG-1",1
"TGACTAGCATTTCACT-1",2
"TGACTAGGTAAATACG-1",3
"TGACTAGGTGAAAGAG-1",2
"TGACTAGGTGCAGTAG-1",3
"TGACTAGTCATGCATG-1",0
"TGACTAGTCCATGCTC-1",1
"TGACTAGTCTGTTGAG-1",2
"TGACTTTAGAACAATC-1",1
"TGACTTTAGTCTCGGC-1",0
"TGACTTTAGTTAGGTA-1",3
"TGACTTTCAGTCCTTC-1",0
"TGACTTTCATTATCTC-1",1
"TGACTTTGTCACACGC-1",2
"TGACTTTTCCTCAATT-1",0
"TGACTTTTCTGCCCTA-1",0
"TGAGAGGAGGCTCATT-1",3
"TGAGAGGCAAAGTCAA-1",2
"TGAGAGGCAAGCCATT-1",0
"TGAGAGGCACCATGTA-1",2
"TGAGAGGGTCACTGGC-1",0
"TGAGAGGGTCTAAACC-1",1
"TGAGAGGTCGAACTGT-1",0
"TGAGAGGTCGCGTTTC-1",0
"TGAGAGGTCTGACCTC-1",0
"TGAGCATAGAAACGAG-1",2
"TGAGCATAGAAGCCCA-1",0
"TGAGCATAGATGTCGG-1",1
"TGAGCATAGGAATGGA-1",0
"TGAGCATCACCAGGCT-1",4
"TGAGCATCAGATGAGC-1",1
"TGAGCATCAGCGTAAG-1",0
"TGAGCATCAGCTGTAT-1",3
"TGAGCATGTGGCCCTA-1",1
"TGAGCATTCCACGTTC-1",2
"TGAGCATTCCGATATG-1",0
"TGAGCATTCGGCCGAT-1",1
"TGAGCCGCATCGGGTC-1",0
"TGAGCCGGTCGAACAG-1",1
"TGAGCCGGTGTAATGA-1",1
"TGAGCCGGTTGATTCG-1",0
"TGAGCCGTCATCTGCC-1",1
"TGAGCCGTCGTCACGG-1",2
"TGAGCCGTCTTGAGGT-1",0
"TGAGGGAAGAGACTAT-1",1
"TGAGGGAAGGAGTACC-1",1
"TGAGGGAAGTCATCCA-1",1
"TGAGGGAAGTCATGCT-1",0
"TGAGGGACACCAGTTA-1",1
"TGAGGGACATAAGACA-1",3
"TGAGGGAGTAAACGCG-1",2
"TGAGGGAGTTAGGGTG-1",0
"TGAGGGATCAACGGGA-1",0
"TGAGGGATCTAGCACA-1",0
"TGAGGGATCTCTTATG-1",1
"TGATTTCCATCCGGGT-1",1
"TGATTTCGTAGGCATG-1",4
"TGATTTCGTTAAGACA-1",1
"TGATTTCTCTGATTCT-1",2
"TGCACCTAGACCTTTG-1",1
"TGCACCTAGGACGAAA-1",2
"TGCACCTCAAGTTGTC-1",3
"TGCACCTCAATAGAGT-1",1
"TGCACCTCATCCGGGT-1",1
"TGCACCTGTAATCACC-1",2
"TGCACCTGTCACACGC-1",1
"TGCACCTTCACGGTTA-1",1
"TGCACCTTCATCGGAT-1",0
"TGCACCTTCCGCGGTA-1",2
"TGCACCTTCGAACTGT-1",0
"TGCACCTTCTCTTGAT-1",2
"TGCCAAACAATGTAAG-1",1
"TGCCAAACAATTCCTT-1",2
"TGCCAAAGTTCGCGAC-1",2
"TGCCAAATCCAAACTG-1",0
"TGCCAAATCCCTGACT-1",0
"TGCCAAATCGGCGGTT-1",1
"TGCCCATAGACTAGGC-1",1
"TGCCCATAGCGTCAAG-1",0
"TGCCCATAGCGTGAAC-1",1
"TGCCCATAGCTGTTCA-1",1
"TGCCCATAGGATGGAA-1",2
"TGCCCATAGTACGCCC-1",3
"TGCCCATAGTTGAGTA-1",1
"TGCCCATCACCAGGTC-1",2
"TGCCCATCACGAAATA-1",3
"TGCCCATCAGGACGTA-1",1
"TGCCCATCATGGAATA-1",0
"TGCCCATCATGGATGG-1",0
"TGCCCATGTAGCCTCG-1",2
"TGCCCATTCAAACCGT-1",1
"TGCCCATTCAGGCCCA-1",0
"TGCCCATTCCTTCAAT-1",1
"TGCCCATTCGGAAATA-1",0
"TGCCCTAAGGTCGGAT-1",0
"TGCCCTAAGGTTCCTA-1",0
"TGCCCTACACCACCAG-1",0
"TGCCCTACAGCCACCA-1",2
"TGCCCTACAGTGAGTG-1",0
"TGCCCTAGTCCGAGTC-1",3
"TGCCCTAGTGGTTTCA-1",0
"TGCCCTAGTTTCGCTC-1",1
"TGCCCTATCGACGGAA-1",2
"TGCCCTATCTTCGGTC-1",0
"TGCGCAGAGACTAGGC-1",2
"TGCGCAGAGCACACAG-1",0
"TGCGCAGAGCGTCTAT-1",2
"TGCGCAGAGGAGCGAG-1",2
"TGCGCAGCAAACGTGG-1",1
"TGCGCAGCAGCTCGCA-1",1
"TGCGCAGCAGTAGAGC-1",2
"TGCGCAGTCCTACAGA-1",0
"TGCGGGTAGAGACTTA-1",3
"TGCGGGTAGATCGATA-1",2
"TGCGGGTAGCTCTCGG-1",2
"TGCGGGTAGGTGTGGT-1",0
"TGCGGGTAGTACTTGC-1",1
"TGCGGGTCAATGGAAT-1",2
"TGCGGGTCACACGCTG-1",1
"TGCGGGTCATTGGGCC-1",1
"TGCGGGTGTAGAAAGG-1",1
"TGCGGGTGTCACCTAA-1",0
"TGCGGGTGTCAGATAA-1",0
"TGCGGGTGTTAGAACA-1",0
"TGCGGGTTCAGTTCGA-1",0
"TGCGGGTTCGTAGATC-1",0
"TGCGGGTTCTCTTGAT-1",3
"TGCGTGGAGACGCAAC-1",0
"TGCGTGGAGACTGGGT-1",1
"TGCGTGGAGTGAACGC-1",0
"TGCGTGGCAATTCCTT-1",1
"TGCGTGGGTGCACCAC-1",2
"TGCGTGGTCCGCGCAA-1",2
"TGCGTGGTCGCCCTTA-1",4
"TGCGTGGTCTGGCGAC-1",1
"TGCTACCAGAAAGTGG-1",0
"TGCTACCAGATGGCGT-1",2
"TGCTACCAGCAAATCA-1",0
"TGCTACCAGTCCGTAT-1",0
"TGCTACCCAAGAGGCT-1",0
"TGCTACCCACTTAACG-1",2
"TGCTACCCATCGTCGG-1",1
"TGCTACCCATGGTTGT-1",1
"TGCTACCGTGTGACGA-1",5
"TGCTACCTCCTCGCAT-1",3
"TGCTACCTCTTCTGGC-1",2
"TGCTGCTAGACTAAGT-1",2
"TGCTGCTAGGTGATAT-1",3
"TGCTGCTCAATAGAGT-1",0
"TGCTGCTCACAGACAG-1",3
"TGCTGCTCATCCCATC-1",1
"TGCTGCTCATGGTTGT-1",3
"TGCTGCTGTCATACTG-1",0
"TGCTGCTGTGAAGGCT-1",1
"TGCTGCTTCATTGCGA-1",2
"TGGACGCAGAGGTACC-1",1
"TGGACGCAGTCAAGGC-1",0
"TGGACGCCACAGAGGT-1",0
"TGGACGCCATGGTAGG-1",4
"TGGACGCGTCCGAACC-1",2
"TGGACGCGTCTCCCTA-1",1
"TGGCCAGAGAAGGTGA-1",0
"TGGCCAGAGAGTACAT-1",1
"TGGCCAGAGGCGATAC-1",3
"TGGCCAGAGGCGTACA-1",2
"TGGCCAGCAACTGCGC-1",0
"TGGCCAGCACGACTCG-1",1
"TGGCCAGGTCAATACC-1",2
"TGGCCAGTCGTAGATC-1",1
"TGGCCAGTCTATCCCG-1",1
"TGGCGCAAGCTACCTA-1",0
"TGGCGCAAGCTATGCT-1",0
"TGGCGCAAGTGTGGCA-1",3
"TGGCGCAAGTTACCCA-1",5
"TGGCGCACACAGGCCT-1",2
"TGGCGCACACGGATAG-1",2
"TGGCGCACAGCGATCC-1",0
"TGGCGCACATAGGATA-1",0
"TGGCGCACATATACGC-1",0
"TGGCGCAGTACTCTCC-1",2
"TGGCGCAGTGGACGAT-1",2
"TGGCGCAGTTATGTGC-1",1
"TGGCGCATCAAGAAGT-1",1
"TGGCGCATCATGCTCC-1",1
"TGGCGCATCATGTGGT-1",3
"TGGCGCATCATTATCC-1",1
"TGGCGCATCGTGGTCG-1",0
"TGGCTGGAGCGGATCA-1",1
"TGGCTGGAGTGCAAGC-1",1
"TGGCTGGCAAGTTAAG-1",0
"TGGCTGGCACGGATAG-1",0
"TGGCTGGCAGGAACGT-1",2
"TGGCTGGGTCGAGTTT-1",0
"TGGCTGGGTCGGCATC-1",0
"TGGCTGGGTCTAGCCG-1",1
"TGGCTGGGTTACGCGC-1",2
"TGGCTGGGTTGGACCC-1",1
"TGGCTGGTCTCGTTTA-1",0
"TGGGAAGAGATATACG-1",3
"TGGGAAGAGCCCAATT-1",0
"TGGGAAGAGCGCTCCA-1",1
"TGGGAAGAGGGCTTCC-1",0
"TGGGAAGAGTAAGTAC-1",4
"TGGGAAGAGTTAACGA-1",0
"TGGGAAGCAAGGTGTG-1",0
"TGGGAAGCAGATCCAT-1",2
"TGGGAAGCAGCGAACA-1",0
"TGGGAAGGTAAGTTCC-1",0
"TGGGAAGGTTAGATGA-1",2
"TGGGAAGGTTATTCTC-1",2
"TGGGAAGTCCCAAGAT-1",1
"TGGGAAGTCCTTCAAT-1",0
"TGGGAAGTCGTGGACC-1",1
"TGGGAAGTCTCCTATA-1",1
"TGGGCGTAGTCTCCTC-1",0
"TGGGCGTCAGACGTAG-1",0
"TGGGCGTCAGGGATTG-1",1
"TGGGCGTGTCCAAGTT-1",1
"TGGGCGTGTCTAGAGG-1",0
"TGGGCGTGTGGCTCCA-1",0
"TGGGCGTGTTTCGCTC-1",0
"TGGGCGTTCAGCTTAG-1",0
"TGGTTAGAGCTACCTA-1",1
"TGGTTAGAGTTAGGTA-1",2
"TGGTTAGGTGATGATA-1",0
"TGGTTAGGTTCACGGC-1",1
"TGGTTAGTCCCGACTT-1",1
"TGGTTAGTCTTGTATC-1",1
"TGGTTCCAGCCGTCGT-1",0
"TGGTTCCAGTAATCCC-1",1
"TGGTTCCCAAGTTGTC-1",1
"TGGTTCCCAGACAAAT-1",1
"TGGTTCCCAGACAGGT-1",1
"TGGTTCCCAGCTCGAC-1",3
"TGGTTCCCATGTCCTC-1",2
"TGGTTCCCATTTCACT-1",2
"TGGTTCCGTCCAAGTT-1",1
"TGGTTCCTCACATACG-1",2
"TGGTTCCTCAGCTTAG-1",1
"TGGTTCCTCTAACTTC-1",2
"TGGTTCCTCTAGAGTC-1",2
"TGGTTCCTCTGGGCCA-1",2
"TGTATTCAGCCCGAAA-1",0
"TGTATTCAGCGATCCC-1",0
"TGTATTCCAGGGCATA-1",1
"TGTATTCGTAAGAGAG-1",0
"TGTATTCGTTTGTTTC-1",0
"TGTATTCTCAGCATGT-1",2
"TGTATTCTCATCTGTT-1",0
"TGTCCCAAGCAGATCG-1",4
"TGTCCCAAGCTAGTTC-1",3
"TGTCCCAAGCTGAACG-1",2
"TGTCCCAAGTTGTCGT-1",1
"TGTCCCACAGTAAGCG-1",2
"TGTCCCACATCACGTA-1",5
"TGTCCCAGTAAGAGGA-1",1
"TGTCCCAGTAAGTGGC-1",1
"TGTCCCAGTCGGATCC-1",2
"TGTCCCAGTCTCTTTA-1",0
"TGTCCCATCATTTGGG-1",0
"TGTCCCATCTGCAAGT-1",2
"TGTCCCATCTGCGTAA-1",1
"TGTGGTAGTCCCGACA-1",0
"TGTGGTAGTGTGAAAT-1",1
"TGTGGTAGTGTGACGA-1",1
"TGTGGTATCCAGGGCT-1",0
"TGTGGTATCTTGCATT-1",1
"TGTGTTTAGAGGTTAT-1",2
"TGTGTTTAGCGTGAGT-1",3
"TGTGTTTAGTGCGTGA-1",0
"TGTGTTTCATGCGCAC-1",1
"TGTGTTTTCTCATTCA-1",2
"TGTGTTTTCTTTCCTC-1",0
"TGTTCCGAGAGCAATT-1",0
"TGTTCCGAGCAACGGT-1",1
"TGTTCCGAGGAATTAC-1",1
"TGTTCCGAGGACTGGT-1",0
"TGTTCCGCAGTGAGTG-1",1
"TGTTCCGGTGAGTATA-1",3
"TGTTCCGTCAAGCCTA-1",3
"TGTTCCGTCAGTTCGA-1",0
"TGTTCCGTCGGCGGTT-1",1
"TGTTCCGTCTGAAAGA-1",1
"TGTTCCGTCTGGTATG-1",0
"TTAACTCAGTGTACGG-1",1
"TTAACTCCAAGCGCTC-1",5
"TTAACTCCAGGCAGTA-1",0
"TTAACTCGTTCCACAA-1",1
"TTAACTCTCATAAAGG-1",1
"TTAACTCTCCCTCAGT-1",1
"TTAGGACAGCAGGCTA-1",1
"TTAGGACAGCTCTCGG-1",1
"TTAGGACCAAGCCATT-1",0
"TTAGGACCAGTCAGAG-1",0
"TTAGGACGTTTGTTTC-1",2
"TTAGGCAAGAAGATTC-1",3
"TTAGGCAAGAGCCCAA-1",1
"TTAGGCAAGAGTGACC-1",0
"TTAGGCAAGGTTCCTA-1",0
"TTAGGCAAGTCGTTTG-1",1
"TTAGGCAAGTGTACCT-1",0
"TTAGGCACAGACGCTC-1",1
"TTAGGCACATGTTCCC-1",1
"TTAGGCAGTAAGGATT-1",1
"TTAGGCAGTAAGTAGT-1",1
"TTAGGCAGTCTTGATG-1",0
"TTAGGCATCACGCATA-1",0
"TTAGGCATCAGTCAGT-1",1
"TTAGGCATCCAGTATG-1",1
"TTAGGCATCGTTACGA-1",0
"TTAGTTCAGGTGCAAC-1",0
"TTAGTTCCAATGTAAG-1",3
"TTAGTTCCATCCTTGC-1",0
"TTAGTTCGTAGCCTAT-1",0
"TTAGTTCGTGCAGACA-1",0
"TTAGTTCGTGTCAATC-1",3
"TTAGTTCGTTGCCTCT-1",2
"TTAGTTCTCAGGCCCA-1",1
"TTAGTTCTCGCAGGCT-1",2
"TTAGTTCTCTACTATC-1",0
"TTATGCTAGAATGTGT-1",1
"TTATGCTAGCACACAG-1",0
"TTATGCTAGCAGCCTC-1",0
"TTATGCTAGTCCCACG-1",2
"TTATGCTAGTGGTAAT-1",0
"TTATGCTCAGCCAGAA-1",2
"TTATGCTCATACCATG-1",2
"TTATGCTCATGTAGTC-1",0
"TTATGCTGTCCGAGTC-1",0
"TTATGCTTCGATAGAA-1",1
"TTCCCAGAGAATTCCC-1",1
"TTCCCAGAGACTAGAT-1",2
"TTCCCAGAGTATCGAA-1",1
"TTCCCAGCAGATGGGT-1",1
"TTCCCAGCATCAGTAC-1",2
"TTCCCAGCATCTCCCA-1",0
"TTCCCAGCATTACCTT-1",0
"TTCCCAGTCAACACTG-1",1
"TTCCCAGTCGAGAGCA-1",0
"TTCGAAGAGTCTCAAC-1",1
"TTCGAAGCAAGCGCTC-1",1
"TTCGAAGCACATTAGC-1",1
"TTCGAAGCACGGTGTC-1",0
"TTCGGTCAGAGGACGG-1",0
"TTCGGTCAGCACACAG-1",2
"TTCGGTCAGGCCCTCA-1",1
"TTCGGTCAGTGAATTG-1",0
"TTCGGTCAGTTGAGAT-1",5
"TTCGGTCCAAGGGTCA-1",3
"TTCGGTCCACGTCAGC-1",2
"TTCGGTCGTAACGTTC-1",3
"TTCGGTCGTAGAGTGC-1",3
"TTCGGTCGTTCATGGT-1",0
"TTCGGTCGTTCTGTTT-1",0
"TTCGGTCTCAAAGACA-1",1
"TTCGGTCTCCAGTATG-1",1
"TTCGGTCTCGCGTTTC-1",2
"TTCGGTCTCGTCTGAA-1",2
"TTCTACAAGACTAAGT-1",2
"TTCTACAAGCAGCCTC-1",0
"TTCTACAAGCCTTGAT-1",1
"TTCTACAAGGCAGGTT-1",0
"TTCTACAAGGTAAACT-1",0
"TTCTACAAGTTAGGTA-1",1
"TTCTACACACGTGAGA-1",0
"TTCTACACAGCTGTTA-1",1
"TTCTACACATCGATTG-1",1
"TTCTACACATTACGAC-1",0
"TTCTACAGTACCGTTA-1",0
"TTCTACAGTATATGAG-1",1
"TTCTACAGTGGCTCCA-1",0
"TTCTACATCAACGGGA-1",2
"TTCTACATCCGCGTTT-1",0
"TTCTCAAAGAAAGTGG-1",4
"TTCTCAAAGAATCTCC-1",5
"TTCTCAAAGAGGTTAT-1",2
"TTCTCAAAGCAGCCTC-1",0
"TTCTCAAAGCCGCCTA-1",2
"TTCTCAAAGTCAATAG-1",1
"TTCTCAAAGTTGAGAT-1",2
"TTCTCAACACCCAGTG-1",0
"TTCTCAACATTGTGCA-1",4
"TTCTCAAGTATAAACG-1",2
"TTCTCAAGTCCCTTGT-1",1
"TTCTCAAGTCGAGATG-1",2
"TTCTCAATCATCGCTC-1",1
"TTCTCAATCCCTAACC-1",3
"TTCTCAATCGTAGGAG-1",2
"TTCTCCTAGAGTAAGG-1",1
"TTCTCCTAGCGACGTA-1",7
"TTCTCCTAGCGTGAGT-1",2
"TTCTCCTAGTCTCGGC-1",1
"TTCTCCTCAACACGCC-1",1
"TTCTCCTCAATAACGA-1",2
"TTCTCCTGTTAAGAAC-1",1
"TTCTCCTTCAGTTCGA-1",3
"TTCTCCTTCCGTAGGC-1",2
"TTCTCCTTCCTTTCTC-1",2
"TTCTCCTTCTGCAAGT-1",1
"TTCTCCTTCTTCAACT-1",0
"TTCTCCTTCTTGTACT-1",1
"TTCTTAGAGGACTGGT-1",2
"TTCTTAGCAAGGTGTG-1",0
"TTCTTAGCATCGGAAG-1",3
"TTCTTAGGTAGAAGGA-1",0
"TTCTTAGGTCATATGC-1",2
"TTCTTAGTCAGTTCGA-1",2
"TTGAACGGTCACTTCC-1",1
"TTGAACGTCATGTCCC-1",2
"TTGACTTAGCCACGTC-1",0
"TTGACTTAGCGACGTA-1",1
"TTGACTTAGTTAACGA-1",1
"TTGACTTCACTTACGA-1",1
"TTGACTTGTCTCTCTG-1",1
"TTGACTTGTGCGATAG-1",2
"TTGACTTTCCAGAGGA-1",1
"TTGACTTTCTGTCCGT-1",2
"TTGCCGTAGGAGCGTT-1",1
"TTGCCGTAGGTGGGTT-1",0
"TTGCCGTCATGGTCAT-1",0
"TTGCCGTGTACAGACG-1",2
"TTGCGTCAGACAGAGA-1",1
"TTGCGTCAGCTCCTTC-1",2
"TTGCGTCAGTCCATAC-1",3
"TTGCGTCAGTGAATTG-1",1
"TTGCGTCCAAATTGCC-1",1
"TTGCGTCCACTGTGTA-1",2
"TTGCGTCCAGTCACTA-1",1
"TTGCGTCGTCTGATTG-1",0
"TTGGAACAGCCCAATT-1",3
"TTGGAACAGCGTCTAT-1",2
"TTGGAACAGGCGTACA-1",1
"TTGGAACGTATTACCG-1",5
"TTGGAACGTGTGTGCC-1",0
"TTGGAACTCCCATTAT-1",3
"TTGGAACTCCGTAGTA-1",1
"TTGGAACTCGTCCAGG-1",0
"TTGGCAAAGTTAGGTA-1",0
"TTGGCAAGTATAGGTA-1",4
"TTGGCAATCACATGCA-1",0
"TTGGCAATCAGAGCTT-1",2
"TTGGCAATCGCATGAT-1",1
"TTGGCAATCTAGAGTC-1",1
"TTGTAGGAGGTGCTAG-1",0
"TTGTAGGCACACGCTG-1",1
"TTGTAGGGTCTCCCTA-1",2
"TTGTAGGGTGGTAACG-1",3
"TTGTAGGTCGGCGCTA-1",0
"TTGTAGGTCTGCCAGG-1",0
"TTTACTGAGATCACGG-1",0
"TTTACTGCAAAGCAAT-1",0
"TTTACTGCACATGGGA-1",1
"TTTACTGCACCACGTG-1",1
"TTTACTGCATGGGACA-1",0
"TTTACTGCATGTCCTC-1",0
"TTTACTGGTAACGTTC-1",0
"TTTACTGGTGGTGTAG-1",0
"TTTACTGGTTCGCTAA-1",3
"TTTACTGTCTGGAGCC-1",7
"TTTATGCAGACTGTAA-1",1
"TTTATGCAGATGCGAC-1",2
"TTTATGCAGGCAAAGA-1",0
"TTTATGCAGGCCCGTT-1",1
"TTTATGCAGTTCCACA-1",1
"TTTATGCCAAACGCGA-1",2
"TTTATGCCAATCTGCA-1",1
"TTTATGCCACAGGTTT-1",2
"TTTATGCCAGCCAATT-1",1
"TTTATGCCAGGTCGTC-1",1
"TTTATGCCATGGTCAT-1",2
"TTTATGCTCACATAGC-1",1
"TTTATGCTCACCTTAT-1",2
"TTTATGCTCGGCGGTT-1",0
"TTTATGCTCTCGCTTG-1",2
"TTTCCTCAGCGTGAAC-1",0
"TTTCCTCAGGACTGGT-1",0
"TTTCCTCCAAAGTGCG-1",1
"TTTCCTCCAGGAATGC-1",0
"TTTCCTCCATTAGCCA-1",0
"TTTCCTCGTCCGAAGA-1",4
"TTTCCTCGTCGCTTTC-1",3
"TTTCCTCTCGGCCGAT-1",2
"TTTCCTCTCGTGTAGT-1",0
"TTTGCGCAGCTAAACA-1",1
"TTTGCGCAGCTAGTCT-1",1
"TTTGCGCAGGCCGAAT-1",3
"TTTGCGCAGTCAAGGC-1",0
"TTTGCGCCAAGTAGTA-1",1
"TTTGCGCCAGGTGCCT-1",1
"TTTGCGCGTCTAAACC-1",0
"TTTGCGCTCAAAGTAG-1",1
"TTTGCGCTCATGTAGC-1",1
"TTTGGTTAGAATGTGT-1",0
"TTTGGTTAGACAATAC-1",5
"TTTGGTTAGCGATTCT-1",1
"TTTGGTTAGGCTCAGA-1",0
"TTTGGTTAGTTACCCA-1",0
"TTTGGTTCAAACTGCT-1",2
"TTTGGTTCAAGCTGTT-1",5
"TTTGGTTCAGATCGGA-1",1
"TTTGGTTCATCACAAC-1",1
"TTTGGTTGTACTTCTT-1",2
"TTTGGTTGTATGCTTG-1",0
"TTTGGTTGTGCTTCTC-1",2
"TTTGGTTTCATGCTCC-1",4
"TTTGGTTTCCCTGACT-1",2
"TTTGTCAAGAGTCGGT-1",1
"TTTGTCACAAGTTCTG-1",1
"TTTGTCACAAGTTGTC-1",1
"TTTGTCACACTCTGTC-1",3
"TTTGTCATCACCTTAT-1",0
"TTTGTCATCCATTCTA-1",1
"TTTGTCATCCTTAATC-1",1
"TTTGTCATCTTATCTG-1",1
