"cell_barcode","expression"
"AAACCTGAGACAGAGA-1",12
"AAACCTGAGACTTTCG-1",1
"AAACCTGAGAGTAAGG-1",1
"AAACCTGAGAGTCGGT-1",0
"AAACCTGAGGATGGAA-1",0
"AAACCTGAGTAGATGT-1",4
"AAACCTGCAATCAGAA-1",0
"AAACCTGCACCGATAT-1",7
"AAACCTGCAGACGTAG-1",0
"AAACCTGCAGTATCTG-1",0
"AAACCTGCATAGTAAG-1",0
"AAACCTGCATGAACCT-1",1
"AAACCTGGTAAGAGGA-1",1
"AAACCTGGTCCAACTA-1",1
"AAACCTGTCCGTAGTA-1",0
"AAACCTGTCGAGAGCA-1",0
"AAACGGGAGTACGACG-1",2
"AAACGGGCAAGGTTTC-1",0
"AAACGGGCACGTCAGC-1",1
"AAACGGGCAGCGTTCG-1",0
"AAACGGGGTAGCCTCG-1",2
"AAACGGGGTCTACCTC-1",0
"AAACGGGGTGCGGTAA-1",2
"AAACGGGGTTGTCGCG-1",0
"AAACGGGTCCATGAGT-1",0
"AAACGGGTCCCAACGG-1",0
"AAACGGGTCCCATTAT-1",4
"AAAGATGCAGTCAGCC-1",0
"AAAGATGCATCTACGA-1",0
"AAAGCAAAGCGTCTAT-1",0
"AAAGCAACATGTCGAT-1",0
"AAAGCAAGTAGCTGCC-1",0
"AAAGCAAGTAGGCATG-1",1
"AAAGCAAGTGCGCTTG-1",1
"AAAGCAAGTTATTCTC-1",0
"AAAGCAATCCGTAGTA-1",3
"AAAGTAGAGATGTGTA-1",2
"AAAGTAGAGTGGGCTA-1",0
"AAAGTAGGTATATGGA-1",0
"AAAGTAGGTGAGCGAT-1",2
"AAAGTAGGTTGAGGTG-1",4
"AAATGCCAGCCCTAAT-1",0
"AAATGCCAGCGTGTCC-1",0
"AAATGCCCAACACCTA-1",0
"AAATGCCGTAGGAGTC-1",6
"AAATGCCGTCTTTCAT-1",0
"AAATGCCGTGGTCCGT-1",0
"AAATGCCGTTCCCGAG-1",1
"AAATGCCTCATAGCAC-1",6
"AAATGCCTCGCTTAGA-1",2
"AACACGTAGAATTCCC-1",3
"AACACGTAGCCCTAAT-1",0
"AACACGTAGGGTGTGT-1",2
"AACACGTCACTGTCGG-1",1
"AACACGTCATCCCATC-1",0
"AACACGTGTGCAACGA-1",0
"AACACGTGTGTCGCTG-1",0
"AACCATGAGCGCTTAT-1",0
"AACCATGGTCCGTTAA-1",2
"AACCATGTCAGTTCGA-1",6
"AACCATGTCATCGATG-1",2
"AACCATGTCCCAAGTA-1",1
"AACCGCGAGAAGCCCA-1",1
"AACCGCGAGACTGGGT-1",1
"AACCGCGAGAGGTACC-1",2
"AACCGCGAGTTAGGTA-1",1
"AACCGCGAGTTGCAGG-1",1
"AACCGCGCACGGTAGA-1",4
"AACCGCGCAGCATGAG-1",0
"AACCGCGCAGCCTGTG-1",0
"AACCGCGCAGCTGTGC-1",1
"AACCGCGCAGTATGCT-1",0
"AACCGCGGTACTTGAC-1",1
"AACCGCGGTCTGCAAT-1",0
"AACCGCGTCACATGCA-1",1
"AACCGCGTCACCGTAA-1",6
"AACCGCGTCCAGAGGA-1",1
"AACCGCGTCCGAAGAG-1",3
"AACCGCGTCGATCCCT-1",0
"AACGTTGAGCGATAGC-1",0
"AACGTTGAGCGATCCC-1",0
"AACGTTGAGCTTATCG-1",0
"AACGTTGCAAGTTGTC-1",5
"AACGTTGCAATAGAGT-1",1
"AACGTTGCAATGGATA-1",4
"AACGTTGCATGGATGG-1",0
"AACGTTGCATTCTCAT-1",6
"AACGTTGTCAACACGT-1",1
"AACGTTGTCGAGGTAG-1",6
"AACGTTGTCGGTCCGA-1",5
"AACTCAGAGAGCTATA-1",0
"AACTCAGAGAGTCGGT-1",0
"AACTCAGAGCCACCTG-1",0
"AACTCAGAGCCCAATT-1",0
"AACTCAGCAAACAACA-1",0
"AACTCAGCACAAGCCC-1",1
"AACTCAGCACGGTTTA-1",4
"AACTCAGCAGGATCGA-1",0
"AACTCAGCATAAAGGT-1",0
"AACTCAGGTTCCACAA-1",2
"AACTCAGTCGTACCGG-1",0
"AACTCCCAGCCCAGCT-1",0
"AACTCCCAGCTAAGAT-1",6
"AACTCCCCAAACGCGA-1",0
"AACTCCCCATGGTCTA-1",0
"AACTCCCGTTGCGCAC-1",0
"AACTCCCTCAAGAAGT-1",6
"AACTCCCTCAAGCCTA-1",1
"AACTCCCTCATCGCTC-1",0
"AACTCCCTCTGCAGTA-1",0
"AACTCCCTCTGGCGTG-1",0
"AACTCTTAGCAGACTG-1",2
"AACTCTTAGTCCGGTC-1",2
"AACTCTTCATGCTAGT-1",2
"AACTCTTGTCGAATCT-1",2
"AACTCTTGTCGGGTCT-1",1
"AACTCTTTCCTCAATT-1",4
"AACTCTTTCTCAAACG-1",1
"AACTCTTTCTCCAGGG-1",0
"AACTCTTTCTCTGCTG-1",1
"AACTGGTAGAAGATTC-1",0
"AACTGGTAGAGACTAT-1",0
"AACTGGTAGCCAACAG-1",2
"AACTGGTAGTGTACTC-1",1
"AACTGGTCACTGAAGG-1",1
"AACTGGTGTCCGAACC-1",3
"AACTGGTTCGGAGCAA-1",12
"AACTGGTTCGTGGGAA-1",2
"AACTGGTTCTGCTTGC-1",1
"AACTTTCAGCGTGAAC-1",3
"AACTTTCAGTATCTCG-1",3
"AACTTTCAGTTTCCTT-1",1
"AACTTTCCATCCTTGC-1",0
"AACTTTCGTCTAGAGG-1",0
"AACTTTCGTCTCTTTA-1",1
"AACTTTCGTTTGTTTC-1",0
"AAGACCTAGGGCTTCC-1",2
"AAGACCTAGTACACCT-1",1
"AAGACCTGTATATGAG-1",2
"AAGACCTGTATCAGTC-1",0
"AAGACCTGTCCGTGAC-1",3
"AAGACCTGTCGAAAGC-1",0
"AAGACCTTCGCCATAA-1",0
"AAGCCGCAGATCTGAA-1",3
"AAGCCGCAGGGTGTTG-1",1
"AAGCCGCAGTGGACGT-1",0
"AAGCCGCAGTGTACTC-1",0
"AAGCCGCCACGCTTTC-1",0
"AAGCCGCCAGGACGTA-1",2
"AAGCCGCGTACAGTTC-1",4
"AAGCCGCGTCATTAGC-1",1
"AAGCCGCTCACGAAGG-1",2
"AAGCCGCTCAGTTAGC-1",0
"AAGCCGCTCGCAAACT-1",1
"AAGCCGCTCGTCGTTC-1",0
"AAGCCGCTCTTACCGC-1",4
"AAGGAGCAGAAACCGC-1",3
"AAGGAGCAGGCATGTG-1",0
"AAGGAGCAGGCGCTCT-1",0
"AAGGAGCAGTTGAGTA-1",3
"AAGGAGCCACGGCGTT-1",1
"AAGGAGCGTAGCGCAA-1",0
"AAGGAGCGTCTGCAAT-1",3
"AAGGAGCTCGTCTGCT-1",3
"AAGGCAGAGAACTGTA-1",0
"AAGGCAGAGAGATGAG-1",1
"AAGGCAGAGGTGATAT-1",0
"AAGGCAGCATAGTAAG-1",2
"AAGGCAGGTACTTCTT-1",0
"AAGGCAGGTGTGCCTG-1",5
"AAGGCAGTCAGATAAG-1",0
"AAGGCAGTCGGAATCT-1",0
"AAGGTTCAGTATCTCG-1",0
"AAGGTTCCATCACGTA-1",0
"AAGGTTCGTATATGGA-1",0
"AAGGTTCGTCCGAATT-1",5
"AAGGTTCGTCGACTAT-1",7
"AAGGTTCGTGTGACCC-1",4
"AAGGTTCTCCGTCATC-1",3
"AAGGTTCTCCTCGCAT-1",0
"AAGGTTCTCTGCGGCA-1",0
"AAGTCTGAGCCATCGC-1",0
"AAGTCTGAGTCAAGCG-1",1
"AAGTCTGCAAAGGAAG-1",2
"AAGTCTGGTCAGCTAT-1",0
"AAGTCTGTCAAACAAG-1",1
"AAGTCTGTCACTGGGC-1",1
"AAGTCTGTCAGCAACT-1",1
"AATCCAGCAAAGTGCG-1",0
"AATCCAGCAGCATACT-1",4
"AATCCAGGTAGGCATG-1",1
"AATCCAGGTCTCCCTA-1",0
"AATCCAGTCCGAATGT-1",4
"AATCGGTAGGCATGGT-1",2
"AATCGGTTCCTGTACC-1",4
"AATCGGTTCGCCGTGA-1",0
"ACACCAAAGATGAGAG-1",0
"ACACCAAAGCCCTAAT-1",0
"ACACCAAAGGATGGTC-1",0
"ACACCAAAGTGTCCAT-1",0
"ACACCAACACTTCGAA-1",1
"ACACCAACAGACGCTC-1",2
"ACACCAACAGCCTATA-1",1
"ACACCAAGTCGCGTGT-1",0
"ACACCAAGTCTAAACC-1",0
"ACACCAAGTTATGTGC-1",3
"ACACCAATCGCGTTTC-1",0
"ACACCCTAGCCAGGAT-1",4
"ACACCCTAGTACTTGC-1",0
"ACACCCTCAAGCGCTC-1",2
"ACACCCTCATCACAAC-1",2
"ACACCCTCATGCCCGA-1",1
"ACACCCTGTCTGGTCG-1",3
"ACACCCTTCCGCAAGC-1",4
"ACACCCTTCCTTGCCA-1",0
"ACACCCTTCTATCCTA-1",4
"ACACCCTTCTGGCGTG-1",1
"ACACCGGAGGCTCAGA-1",2
"ACACCGGAGTGACATA-1",2
"ACACCGGAGTTACCCA-1",5
"ACACCGGCAAGCCGTC-1",0
"ACACCGGCACCAGATT-1",1
"ACACCGGCACCGAAAG-1",0
"ACACCGGCATCACAAC-1",0
"ACACCGGTCCGCATAA-1",1
"ACACCGGTCTCGGACG-1",1
"ACACCGGTCTCTGTCG-1",4
"ACACTGAAGCACGCCT-1",4
"ACACTGAAGGTGATTA-1",5
"ACACTGACAATAGAGT-1",1
"ACACTGACAGACTCGC-1",1
"ACACTGACATCCAACA-1",1
"ACACTGAGTCCGAAGA-1",0
"ACACTGAGTGTTTGTG-1",0
"ACACTGAGTTTGACTG-1",0
"ACAGCCGAGGAATGGA-1",1
"ACAGCCGAGGCCCGTT-1",4
"ACAGCCGAGGTGCTTT-1",0
"ACAGCCGAGTGGTAGC-1",0
"ACAGCCGCATATACGC-1",0
"ACAGCCGCATGCAACT-1",0
"ACAGCCGGTAGGGTAC-1",0
"ACAGCCGGTCGAATCT-1",5
"ACAGCCGGTTCACCTC-1",0
"ACAGCCGGTTCCACTC-1",3
"ACAGCCGTCCAGAAGG-1",0
"ACAGCCGTCTTTACAC-1",0
"ACAGCTAAGCACCGCT-1",1
"ACAGCTAAGTATCTCG-1",2
"ACAGCTAAGTGTTGAA-1",0
"ACAGCTACATCGTCGG-1",0
"ACAGCTAGTCGACTAT-1",0
"ACAGCTAGTGGTACAG-1",0
"ACAGCTATCACCACCT-1",0
"ACAGCTATCTGCTTGC-1",2
"ACATACGAGAGCTTCT-1",0
"ACATACGAGCGTAGTG-1",5
"ACATACGAGCTTCGCG-1",0
"ACATACGAGCTTTGGT-1",0
"ACATACGCAAACGTGG-1",4
"ACATACGCAAGCCTAT-1",0
"ACATACGCATCTCCCA-1",2
"ACATACGCATTCTCAT-1",0
"ACATACGGTAGGAGTC-1",4
"ACATACGGTGCACCAC-1",0
"ACATACGGTGGTTTCA-1",7
"ACATACGTCGTATCAG-1",9
"ACATCAGAGCCACTAT-1",0
"ACATCAGAGCCTTGAT-1",0
"ACATCAGCAACACCCG-1",0
"ACATCAGCAACGATGG-1",0
"ACATCAGCAATTGCTG-1",2
"ACATCAGCACCGGAAA-1",0
"ACATCAGCATAAAGGT-1",3
"ACATCAGCATCCCACT-1",4
"ACATCAGCATTTGCCC-1",2
"ACATCAGGTAAGGATT-1",0
"ACATCAGGTCCGTGAC-1",0
"ACATCAGGTTAAGTAG-1",1
"ACATCAGTCAAACCGT-1",3
"ACATGGTAGCATGGCA-1",0
"ACATGGTAGCTGTTCA-1",2
"ACATGGTCACTTGGAT-1",1
"ACATGGTGTCAGATAA-1",0
"ACATGGTGTCTGCGGT-1",1
"ACATGGTGTGCAACTT-1",2
"ACATGGTTCCGCAAGC-1",0
"ACATGGTTCCTCCTAG-1",10
"ACATGGTTCTGGAGCC-1",9
"ACATGGTTCTTCTGGC-1",0
"ACCAGTAAGATCACGG-1",3
"ACCAGTAAGCTTCGCG-1",1
"ACCAGTACACAGATTC-1",0
"ACCAGTACACAGGCCT-1",1
"ACCAGTACAGTATGCT-1",0
"ACCAGTACAGTCAGAG-1",0
"ACCAGTACAGTTTACG-1",0
"ACCAGTAGTCACCCAG-1",1
"ACCAGTAGTCCATCCT-1",0
"ACCAGTAGTCTTCAAG-1",0
"ACCAGTAGTGGACGAT-1",3
"ACCAGTATCTGCGACG-1",2
"ACCAGTATCTGCTTGC-1",3
"ACCAGTATCTGTTTGT-1",4
"ACCCACTAGAGGTTAT-1",2
"ACCCACTAGATCCCGC-1",7
"ACCCACTAGATGTGTA-1",0
"ACCCACTAGCCCAATT-1",8
"ACCCACTCAAGGGTCA-1",0
"ACCCACTCAAGGTTCT-1",1
"ACCCACTGTAAATGAC-1",8
"ACCCACTGTAGCCTCG-1",1
"ACCCACTGTCAAAGAT-1",0
"ACCCACTGTCAATACC-1",1
"ACCCACTGTGTGGTTT-1",2
"ACCCACTTCGCAAACT-1",2
"ACCCACTTCTGCCAGG-1",6
"ACCGTAACAATCGGTT-1",2
"ACCGTAACAATCTACG-1",0
"ACCGTAACAGGTCCAC-1",0
"ACCGTAAGTACAGCAG-1",1
"ACCGTAAGTCATGCAT-1",0
"ACCGTAAGTGAGTGAC-1",1
"ACCGTAAGTTAAGAAC-1",0
"ACCGTAAGTTCCGTCT-1",0
"ACCGTAATCACATAGC-1",9
"ACCGTAATCATGTGGT-1",4
"ACCGTAATCTGAAAGA-1",0
"ACCTTTACAATCGGTT-1",0
"ACCTTTACACGGACAA-1",2
"ACCTTTACAGCAGTTT-1",7
"ACCTTTACATGCAACT-1",7
"ACCTTTACATTTCAGG-1",11
"ACCTTTAGTGAACCTT-1",2
"ACCTTTAGTTCCACTC-1",4
"ACCTTTATCTCTAGGA-1",6
"ACGAGCCAGGCAGGTT-1",0
"ACGAGCCCACAGGCCT-1",6
"ACGAGCCCATGGAATA-1",2
"ACGAGCCGTGCACGAA-1",2
"ACGAGCCGTGTGACCC-1",0
"ACGAGCCGTTGGTTTG-1",0
"ACGAGCCTCAGTCCCT-1",1
"ACGAGCCTCGCAAACT-1",1
"ACGAGGACACTACAGT-1",0
"ACGAGGACATGTAGTC-1",0
"ACGAGGAGTACACCGC-1",1
"ACGAGGAGTGCCTGCA-1",2
"ACGAGGAGTTCTGAAC-1",3
"ACGAGGATCTGCGGCA-1",0
"ACGATACAGAGTGACC-1",0
"ACGATACAGCGCCTTG-1",3
"ACGATACAGTGATCGG-1",1
"ACGATACCACGTTGGC-1",2
"ACGATACCATTGGGCC-1",0
"ACGATACGTCGAATCT-1",0
"ACGATACTCTGACCTC-1",0
"ACGATGTAGTGCGATG-1",0
"ACGATGTAGTTGAGAT-1",1
"ACGATGTCAACGCACC-1",0
"ACGATGTCACACGCTG-1",0
"ACGATGTGTATTCTCT-1",1
"ACGATGTGTCAGTGGA-1",2
"ACGATGTGTGACTACT-1",0
"ACGATGTGTGTCGCTG-1",0
"ACGATGTTCGCGTAGC-1",1
"ACGATGTTCTCTTATG-1",0
"ACGCAGCAGCGGCTTC-1",0
"ACGCAGCAGCTGCGAA-1",0
"ACGCAGCAGTGTACGG-1",0
"ACGCAGCCACCTCGTT-1",1
"ACGCAGCCATCGACGC-1",0
"ACGCAGCCATTACCTT-1",6
"ACGCAGCGTCCATGAT-1",1
"ACGCAGCGTCTACCTC-1",1
"ACGCAGCGTCTGGTCG-1",1
"ACGCAGCGTGCGATAG-1",0
"ACGCCAGCAAAGCAAT-1",0
"ACGCCAGCAACGCACC-1",2
"ACGCCAGCACGAGAGT-1",2
"ACGCCAGCAGTGAGTG-1",1
"ACGCCAGGTGCACTTA-1",0
"ACGCCAGGTGTGCGTC-1",5
"ACGCCAGTCACAGGCC-1",0
"ACGCCAGTCAGTGTTG-1",0
"ACGCCGAAGAAACGCC-1",1
"ACGCCGAAGATCTGCT-1",12
"ACGCCGACAGCCTGTG-1",4
"ACGCCGAGTTCCAACA-1",1
"ACGCCGATCCTATGTT-1",0
"ACGCCGATCGCAGGCT-1",0
"ACGCCGATCTTGTATC-1",2
"ACGGAGAAGCCAGTTT-1",0
"ACGGAGAAGGTCATCT-1",0
"ACGGAGACACACATGT-1",4
"ACGGAGACAGCCTGTG-1",1
"ACGGAGACAGCGTAAG-1",1
"ACGGAGACAGTAAGCG-1",9
"ACGGAGAGTGTGACGA-1",1
"ACGGAGATCCACGAAT-1",1
"ACGGCCACACATCCAA-1",12
"ACGGCCACACATTCGA-1",0
"ACGGCCAGTACCGTAT-1",0
"ACGGCCAGTGTATGGG-1",0
"ACGGCCATCACGGTTA-1",2
"ACGGCCATCAGTGTTG-1",0
"ACGGCCATCTACTATC-1",1
"ACGGGCTAGGATCGCA-1",0
"ACGGGCTAGGTTCCTA-1",0
"ACGGGCTAGTGGCACA-1",0
"ACGGGCTCATCTGGTA-1",1
"ACGGGCTGTGAGGCTA-1",0
"ACGGGCTTCCGAACGC-1",4
"ACGGGTCAGATGCCAG-1",0
"ACGGGTCCATGATCCA-1",1
"ACGGGTCCATTAGGCT-1",4
"ACGGGTCCATTTCACT-1",2
"ACGGGTCGTTAGGGTG-1",1
"ACGGGTCTCAACACCA-1",5
"ACGGGTCTCCACGCAG-1",0
"ACGTCAAAGGGCTTCC-1",0
"ACGTCAAAGTGGTAAT-1",1
"ACGTCAACAACTGCGC-1",3
"ACGTCAACACAAGACG-1",1
"ACGTCAAGTAGCTCCG-1",0
"ACGTCAAGTGTCGCTG-1",0
"ACGTCAAGTTATGCGT-1",0
"ACGTCAATCAACCAAC-1",0
"ACGTCAATCATAACCG-1",2
"ACGTCAATCCAGAAGG-1",6
"ACGTCAATCTAACTCT-1",0
"ACTATCTAGAGGTTAT-1",0
"ACTATCTAGATACACA-1",1
"ACTATCTAGGAGTAGA-1",1
"ACTATCTAGGCATGTG-1",3
"ACTATCTCAAATACAG-1",2
"ACTATCTCAAATTGCC-1",0
"ACTATCTGTAGGGACT-1",0
"ACTATCTGTCGCGTGT-1",3
"ACTATCTGTGCACGAA-1",0
"ACTATCTGTGGTTTCA-1",2
"ACTATCTTCGCCGTGA-1",2
"ACTGAACAGAGTGAGA-1",0
"ACTGAACAGATCCCGC-1",2
"ACTGAACAGGTGATAT-1",2
"ACTGAACCAAAGCGGT-1",2
"ACTGAACCAAGCGAGT-1",0
"ACTGAACCAATTCCTT-1",4
"ACTGAACCAGCTGGCT-1",0
"ACTGAACCAGTCTTCC-1",0
"ACTGAACCATTACCTT-1",1
"ACTGAACGTAAGCACG-1",2
"ACTGAACGTAATCGTC-1",2
"ACTGAACGTCCAGTAT-1",0
"ACTGAACGTCTGATCA-1",4
"ACTGAACTCCCACTTG-1",0
"ACTGAGTAGCCGGTAA-1",14
"ACTGAGTCAGTGGGAT-1",2
"ACTGAGTCATTTGCCC-1",2
"ACTGAGTGTAGAGCTG-1",1
"ACTGAGTGTTGTGGCC-1",0
"ACTGAGTTCAGGTTCA-1",0
"ACTGATGAGACAGACC-1",1
"ACTGATGAGCGGATCA-1",4
"ACTGATGAGGTGCTTT-1",4
"ACTGATGCAGCAGTTT-1",0
"ACTGATGCATCACAAC-1",3
"ACTGATGGTCATGCAT-1",0
"ACTGATGTCACAATGC-1",0
"ACTGATGTCACTCCTG-1",0
"ACTGATGTCCCTGACT-1",0
"ACTGATGTCCGCTGTT-1",0
"ACTGATGTCCGGCACA-1",2
"ACTGATGTCCTATTCA-1",1
"ACTGCTCAGAGCTTCT-1",0
"ACTGCTCAGATGCCTT-1",2
"ACTGCTCCACACCGCA-1",0
"ACTGCTCCAGATGGGT-1",1
"ACTGCTCCATGCCTAA-1",10
"ACTGCTCGTAGGCATG-1",0
"ACTGCTCGTATCACCA-1",1
"ACTGCTCGTCCGAAGA-1",2
"ACTGCTCTCCGAGCCA-1",4
"ACTGTCCAGAGGGCTT-1",0
"ACTGTCCAGCAGCGTA-1",0
"ACTGTCCAGGCATGGT-1",1
"ACTGTCCCAAGGTTTC-1",3
"ACTGTCCCAAGTACCT-1",2
"ACTGTCCCAGTATCTG-1",3
"ACTGTCCCATAGAAAC-1",0
"ACTGTCCGTTGAGGTG-1",0
"ACTGTCCTCCACGTGG-1",1
"ACTGTCCTCCTTGGTC-1",2
"ACTGTCCTCTCTGTCG-1",1
"ACTTACTAGCGATAGC-1",0
"ACTTACTAGGGATGGG-1",0
"ACTTACTCACAGACAG-1",1
"ACTTACTCACATTTCT-1",0
"ACTTACTGTACTCAAC-1",2
"ACTTACTGTTCCACAA-1",1
"ACTTACTTCATCGGAT-1",1
"ACTTGTTAGACAAGCC-1",0
"ACTTGTTAGCTAGCCC-1",0
"ACTTGTTAGTTACCCA-1",0
"ACTTGTTCACGACGAA-1",3
"ACTTGTTCACGGCTAC-1",1
"ACTTGTTGTATCGCAT-1",1
"ACTTGTTGTGGTAACG-1",7
"ACTTGTTGTTGTGGAG-1",1
"ACTTGTTTCATCACCC-1",2
"ACTTTCACATGGTCAT-1",0
"ACTTTCAGTGACTACT-1",0
"ACTTTCATCGCCAGCA-1",0
"AGAATAGAGCTGAACG-1",0
"AGAATAGAGCTGTCTA-1",0
"AGAATAGAGGTAGCTG-1",1
"AGAATAGCATGGTCTA-1",1
"AGAATAGGTAATCGTC-1",0
"AGAATAGGTATTCTCT-1",4
"AGAATAGGTGCGGTAA-1",1
"AGAATAGGTTAAGAAC-1",3
"AGAATAGTCAGGCCCA-1",1
"AGACGTTAGAATGTGT-1",0
"AGACGTTAGCTCCTCT-1",1
"AGACGTTAGTGCCAGA-1",0
"AGACGTTCAGGATCGA-1",5
"AGACGTTGTAGCTGCC-1",0
"AGACGTTGTCTGCAAT-1",1
"AGACGTTGTTCTGTTT-1",7
"AGACGTTTCGCATGGC-1",4
"AGACGTTTCGCTTAGA-1",0
"AGAGCGACAACTTGAC-1",1
"AGAGCGACAAGTACCT-1",1
"AGAGCGACACAACGTT-1",2
"AGAGCGACATGAGCGA-1",3
"AGAGCGAGTCAGTGGA-1",0
"AGAGCGAGTCGACTGC-1",0
"AGAGCGAGTTGAGTTC-1",2
"AGAGCGATCGCGTAGC-1",0
"AGAGCGATCTATCCTA-1",2
"AGAGCGATCTCGCTTG-1",2
"AGAGCTTAGCCGTCGT-1",0
"AGAGCTTAGTACACCT-1",1
"AGAGCTTAGTCATGCT-1",0
"AGAGCTTGTAGAGCTG-1",0
"AGAGCTTGTATCACCA-1",2
"AGAGCTTTCACTATTC-1",1
"AGAGCTTTCCTGCAGG-1",0
"AGAGCTTTCGCAAACT-1",0
"AGAGCTTTCGCTTAGA-1",1
"AGAGTGGAGAGCCTAG-1",3
"AGAGTGGAGGCCCTTG-1",0
"AGAGTGGAGGTACTCT-1",0
"AGAGTGGCACAAGACG-1",2
"AGAGTGGCACCTCGTT-1",1
"AGAGTGGCATCCGGGT-1",0
"AGAGTGGCATCTGGTA-1",1
"AGAGTGGGTCAGCTAT-1",2
"AGAGTGGGTCCTCCAT-1",10
"AGAGTGGGTCTAGTCA-1",6
"AGAGTGGGTTACCGAT-1",1
"AGATCTGAGGTGGGTT-1",1
"AGATCTGAGTCAAGGC-1",1
"AGATCTGCAATGTTGC-1",1
"AGATCTGTCGAATCCA-1",1
"AGATCTGTCTGCAGTA-1",5
"AGATTGCAGGCTACGA-1",0
"AGATTGCCACGACGAA-1",0
"AGATTGCCAGATGGGT-1",3
"AGATTGCGTAGAGCTG-1",8
"AGATTGCGTGATGTCT-1",0
"AGATTGCGTGTTCGAT-1",2
"AGATTGCGTTCACGGC-1",1
"AGATTGCTCACTGGGC-1",1
"AGATTGCTCATCTGTT-1",0
"AGCAGCCAGCTGATAA-1",1
"AGCAGCCCACCGAAAG-1",2
"AGCAGCCGTCGACTGC-1",1
"AGCAGCCGTCGCTTTC-1",0
"AGCAGCCGTCTAACGT-1",1
"AGCAGCCGTGTGAAAT-1",0
"AGCAGCCGTTTGTTGG-1",1
"AGCAGCCTCCAAACAC-1",1
"AGCATACAGTGGTAGC-1",5
"AGCATACAGTTGTCGT-1",3
"AGCATACGTCTTCTCG-1",1
"AGCATACGTTAAGTAG-1",0
"AGCATACTCCGTTGCT-1",8
"AGCCTAAAGATATGGT-1",0
"AGCCTAACAAAGCGGT-1",1
"AGCCTAACAGATAATG-1",1
"AGCCTAAGTACGAAAT-1",0
"AGCCTAAGTCACCTAA-1",4
"AGCCTAAGTGTGCCTG-1",0
"AGCCTAATCACCCGAG-1",0
"AGCCTAATCCAATGGT-1",1
"AGCCTAATCCTTGGTC-1",0
"AGCCTAATCTGTGCAA-1",3
"AGCCTAATCTGTTTGT-1",0
"AGCGGTCAGCGAAGGG-1",1
"AGCGGTCAGGTACTCT-1",3
"AGCGGTCAGTGACTCT-1",1
"AGCGGTCCAGCCTTGG-1",1
"AGCGGTCGTCCTAGCG-1",0
"AGCGGTCGTGGTGTAG-1",0
"AGCGGTCGTTAAGGGC-1",3
"AGCGGTCGTTTGCATG-1",1
"AGCGGTCTCCGAAGAG-1",0
"AGCGGTCTCCTCAATT-1",6
"AGCGGTCTCTGGGCCA-1",6
"AGCGTATAGAACTGTA-1",2
"AGCGTATAGCGATGAC-1",0
"AGCGTATAGGTACTCT-1",0
"AGCGTATGTTGAGGTG-1",1
"AGCGTATTCCAGAGGA-1",0
"AGCGTCGAGTTGAGTA-1",2
"AGCGTCGCAGGGATTG-1",2
"AGCGTCGTCTGAAAGA-1",0
"AGCTCCTAGACCTAGG-1",0
"AGCTCCTAGCGTTTAC-1",0
"AGCTCCTGTGTTTGTG-1",0
"AGCTCCTGTTGTCTTT-1",1
"AGCTCCTTCCGAATGT-1",0
"AGCTCCTTCTTGACGA-1",0
"AGCTCTCAGCGGATCA-1",0
"AGCTCTCAGCTGTTCA-1",1
"AGCTCTCAGGTGCTAG-1",0
"AGCTCTCCATACAGCT-1",0
"AGCTCTCGTCAGAGGT-1",1
"AGCTCTCGTGGGTCAA-1",3
"AGCTCTCTCACAACGT-1",0
"AGCTCTCTCTTGACGA-1",6
"AGCTTGAAGCATCATC-1",10
"AGCTTGAAGTAGCGGT-1",0
"AGCTTGAAGTTGTCGT-1",0
"AGCTTGACAATCCAAC-1",0
"AGCTTGACACCGATAT-1",2
"AGCTTGAGTCTACCTC-1",0
"AGCTTGAGTGCGCTTG-1",0
"AGCTTGAGTTACGCGC-1",0
"AGCTTGATCCTGCCAT-1",0
"AGCTTGATCTGCAAGT-1",1
"AGGCCACAGAGTAAGG-1",1
"AGGCCACAGGGTCTCC-1",1
"AGGCCACAGTACTTGC-1",1
"AGGCCACCAGGACCCT-1",3
"AGGCCACCATCAGTCA-1",7
"AGGCCACTCATGCTCC-1",1
"AGGCCACTCATGGTCA-1",0
"AGGCCACTCATTGCGA-1",0
"AGGCCGTAGGATCGCA-1",2
"AGGCCGTCACGTAAGG-1",1
"AGGCCGTCAGCTCGAC-1",1
"AGGCCGTCATCGTCGG-1",0
"AGGCCGTTCACGGTTA-1",0
"AGGCCGTTCGAACTGT-1",1
"AGGCCGTTCTCAAGTG-1",3
"AGGCCGTTCTGCTTGC-1",0
"AGGGAGTAGCCCAACC-1",3
"AGGGAGTAGGAGTACC-1",3
"AGGGAGTAGGCAGGTT-1",0
"AGGGAGTCACGAGAGT-1",0
"AGGGAGTCAGAAGCAC-1",1
"AGGGAGTCAGATCCAT-1",3
"AGGGAGTCATCGACGC-1",0
"AGGGAGTCATGCTAGT-1",6
"AGGGAGTGTCCATGAT-1",0
"AGGGAGTTCATAACCG-1",0
"AGGGATGAGCTCTCGG-1",0
"AGGGATGAGGAGTAGA-1",1
"AGGGATGAGTAGCGGT-1",0
"AGGGATGCAATGAATG-1",0
"AGGGATGCAATGGAGC-1",0
"AGGGATGCACAAGACG-1",2
"AGGGATGCACATTTCT-1",2
"AGGGATGCATGGTCTA-1",3
"AGGGATGGTTAAAGTG-1",1
"AGGGATGGTTATGCGT-1",0
"AGGGATGTCGTGACAT-1",0
"AGGGTGAAGATGGCGT-1",0
"AGGGTGAAGATGGGTC-1",3
"AGGGTGAAGGCTCAGA-1",0
"AGGGTGACACGAGAGT-1",5
"AGGGTGACAGATGGCA-1",0
"AGGGTGACAGATTGCT-1",1
"AGGGTGAGTACTCTCC-1",0
"AGGGTGAGTTATCGGT-1",0
"AGGGTGAGTTCTGAAC-1",1
"AGGGTGATCTCGCTTG-1",0
"AGGTCATAGAGCCCAA-1",0
"AGGTCATAGCCAGAAC-1",6
"AGGTCATAGGCATGGT-1",1
"AGGTCATAGGGAGTAA-1",1
"AGGTCATCACTCAGGC-1",1
"AGGTCATCACTCTGTC-1",0
"AGGTCATGTTCCACTC-1",6
"AGGTCATTCTCGTTTA-1",0
"AGGTCCGAGGATGCGT-1",0
"AGGTCCGCAACACGCC-1",0
"AGGTCCGGTGATGCCC-1",4
"AGGTCCGTCCATGAAC-1",0
"AGGTCCGTCGCCCTTA-1",4
"AGGTCCGTCTGCGTAA-1",2
"AGTAGTCAGACTGTAA-1",0
"AGTAGTCAGTACGACG-1",2
"AGTAGTCAGTTTAGGA-1",4
"AGTAGTCCAACTGGCC-1",0
"AGTAGTCGTGCAGACA-1",0
"AGTAGTCTCACCCGAG-1",0
"AGTCTTTAGGCAGTCA-1",1
"AGTCTTTCAAATCCGT-1",0
"AGTCTTTCATATACCG-1",13
"AGTCTTTGTGCTTCTC-1",0
"AGTCTTTGTGTCCTCT-1",4
"AGTCTTTGTTTGTTTC-1",0
"AGTCTTTTCGCAGGCT-1",0
"AGTCTTTTCGCGTAGC-1",0
"AGTCTTTTCGCTAGCG-1",0
"AGTCTTTTCGCTTGTC-1",0
"AGTCTTTTCTGACCTC-1",1
"AGTGAGGAGATAGCAT-1",0
"AGTGAGGCAGGTGCCT-1",2
"AGTGAGGGTATGAAAC-1",0
"AGTGAGGGTCACTTCC-1",2
"AGTGAGGGTCGCGAAA-1",7
"AGTGAGGGTTATGTGC-1",7
"AGTGAGGTCTACTATC-1",9
"AGTGGGAAGCAGACTG-1",0
"AGTGGGACAAACGCGA-1",2
"AGTGGGACAAGCCGTC-1",0
"AGTGGGACACAGGAGT-1",1
"AGTGGGACACGAGAGT-1",4
"AGTGGGATCATCGATG-1",1
"AGTGGGATCCACGAAT-1",0
"AGTGGGATCCTGCAGG-1",0
"AGTGTCAAGAAGCCCA-1",0
"AGTGTCAAGCTAGTCT-1",0
"AGTGTCAAGTACGACG-1",1
"AGTGTCAAGTGAACAT-1",0
"AGTGTCACACCATCCT-1",0
"AGTGTCACAGTAAGCG-1",1
"AGTGTCACAGTGGAGT-1",0
"AGTGTCAGTAAACCTC-1",0
"AGTGTCAGTACAGCAG-1",0
"AGTGTCAGTCTCCACT-1",1
"AGTGTCAGTTTGACTG-1",0
"AGTGTCATCAAAGTAG-1",5
"AGTGTCATCCGTCAAA-1",0
"AGTGTCATCGTTACAG-1",0
"AGTGTCATCTGTCAAG-1",1
"AGTTGGTAGACTGTAA-1",0
"AGTTGGTAGTACGCGA-1",6
"AGTTGGTCAAATTGCC-1",0
"AGTTGGTCAGGAATGC-1",1
"AGTTGGTCATGCGCAC-1",0
"AGTTGGTGTACCGTAT-1",1
"AGTTGGTGTATGCTTG-1",0
"AGTTGGTGTCAGGACA-1",1
"AGTTGGTGTTCAGACT-1",3
"AGTTGGTTCAGTACGT-1",5
"AGTTGGTTCCTCAACC-1",0
"AGTTGGTTCGTACCGG-1",0
"AGTTGGTTCTGTCCGT-1",1
"ATAACGCAGTTGAGTA-1",0
"ATAACGCCACGTGAGA-1",0
"ATAACGCGTGAACCTT-1",4
"ATAACGCGTGTCCTCT-1",0
"ATAACGCGTGTGAAAT-1",0
"ATAACGCTCTCCGGTT-1",7
"ATAAGAGAGTCCGGTC-1",2
"ATAAGAGCAACTGCGC-1",1
"ATAAGAGCAGTATCTG-1",4
"ATAAGAGGTGACGCCT-1",0
"ATAAGAGGTTAAAGTG-1",1
"ATAAGAGTCAGCACAT-1",2
"ATAAGAGTCAGTGCAT-1",6
"ATAGACCAGAGAGCTC-1",0
"ATAGACCAGCCCAATT-1",0
"ATAGACCCAAGCCATT-1",1
"ATAGACCCATCTGGTA-1",1
"ATAGACCGTATATGGA-1",1
"ATAGACCGTGGACGAT-1",0
"ATAGACCGTGGCGAAT-1",1
"ATAGACCGTTTCGCTC-1",7
"ATCACGAAGAACTCGG-1",3
"ATCACGAAGACACGAC-1",1
"ATCACGAAGTTACCCA-1",5
"ATCACGACAAGACACG-1",0
"ATCACGACAAGCGTAG-1",0
"ATCACGACACACATGT-1",0
"ATCACGACACCACCAG-1",0
"ATCACGACACGGTAAG-1",1
"ATCACGACAGCGAACA-1",8
"ATCACGATCCCGACTT-1",3
"ATCACGATCGGTGTCG-1",0
"ATCATCTAGCCTATGT-1",3
"ATCATCTAGGCCATAG-1",3
"ATCATCTAGTACTTGC-1",0
"ATCATCTCAGACGCCT-1",0
"ATCATCTCATCCGTGG-1",0
"ATCATCTGTATTACCG-1",2
"ATCATCTGTCACTTCC-1",0
"ATCATCTTCAGCGACC-1",3
"ATCATCTTCCTCAACC-1",5
"ATCATGGCAAGCGTAG-1",1
"ATCATGGCAAGGTTCT-1",1
"ATCATGGCACTACAGT-1",0
"ATCATGGGTAAGGGAA-1",7
"ATCATGGGTTGTGGCC-1",1
"ATCATGGTCAATAAGG-1",2
"ATCATGGTCCAATGGT-1",0
"ATCATGGTCGCCATAA-1",8
"ATCATGGTCGGTTAAC-1",1
"ATCCACCAGCTAGTCT-1",15
"ATCCACCAGGCTCTTA-1",0
"ATCCACCCAAACGTGG-1",0
"ATCCACCCAGTTAACC-1",6
"ATCCACCGTCCGAAGA-1",0
"ATCCACCGTTTGTTTC-1",0
"ATCCACCTCCTGCTTG-1",6
"ATCCACCTCCTTAATC-1",0
"ATCCACCTCTGGTATG-1",4
"ATCCGAAAGCGATGAC-1",2
"ATCCGAAAGCTAGGCA-1",1
"ATCCGAACAAACGTGG-1",1
"ATCCGAACAACAACCT-1",4
"ATCCGAACAAGGACTG-1",1
"ATCCGAACACCCATTC-1",3
"ATCCGAACACGGTAGA-1",0
"ATCCGAAGTAGCGCTC-1",0
"ATCCGAAGTCATTAGC-1",3
"ATCCGAAGTCTCTTAT-1",3
"ATCCGAATCCAACCAA-1",1
"ATCCGAATCCTTGACC-1",5
"ATCCGAATCTTGTCAT-1",2
"ATCGAGTAGACTTTCG-1",2
"ATCGAGTCATCCGGGT-1",1
"ATCGAGTGTCCCTTGT-1",0
"ATCGAGTGTCTCCCTA-1",2
"ATCGAGTTCATGCATG-1",0
"ATCGAGTTCCTGCCAT-1",0
"ATCTACTAGGTGTGGT-1",0
"ATCTACTCAGCTGTAT-1",9
"ATCTACTCAGTACACT-1",1
"ATCTACTCATGACATC-1",0
"ATCTACTGTAAGTAGT-1",0
"ATCTACTGTGTCGCTG-1",3
"ATCTACTTCCGCGTTT-1",0
"ATCTACTTCGCAAGCC-1",6
"ATCTACTTCTATCGCC-1",9
"ATCTACTTCTCTAAGG-1",2
"ATCTGCCAGGCTCAGA-1",3
"ATCTGCCGTACAGTTC-1",4
"ATCTGCCGTTGTGGAG-1",1
"ATCTGCCTCAGAGACG-1",0
"ATCTGCCTCAGCTGGC-1",6
"ATCTGCCTCGTACGGC-1",0
"ATCTGCCTCTCGAGTA-1",0
"ATCTGCCTCTGAGTGT-1",3
"ATCTGCCTCTTGTATC-1",1
"ATGAGGGAGGTCGGAT-1",5
"ATGAGGGCATGACGGA-1",1
"ATGAGGGCATTAGGCT-1",4
"ATGAGGGTCACATGCA-1",2
"ATGAGGGTCAGTCCCT-1",3
"ATGCGATAGTCAATAG-1",0
"ATGCGATCATGTTGAC-1",3
"ATGCGATGTGCAGTAG-1",3
"ATGCGATGTGCATCTA-1",0
"ATGCGATTCCCAAGAT-1",0
"ATGCGATTCGCCATAA-1",4
"ATGGGAGAGCAATATG-1",2
"ATGGGAGAGCCACGCT-1",0
"ATGGGAGAGGTGATAT-1",0
"ATGGGAGCACCAGGTC-1",3
"ATGGGAGCACTATCTT-1",0
"ATGGGAGCAGCATACT-1",2
"ATGGGAGCATAGAAAC-1",2
"ATGGGAGCATTACCTT-1",0
"ATGGGAGTCAAGGTAA-1",1
"ATGTGTGAGCGAAGGG-1",0
"ATGTGTGAGGGTTTCT-1",2
"ATGTGTGAGTTGAGTA-1",11
"ATGTGTGCACGGCGTT-1",1
"ATGTGTGCACGGTTTA-1",1
"ATGTGTGCAGTATAAG-1",0
"ATGTGTGTCACGCGGT-1",4
"ATTACTCAGATGTGTA-1",3
"ATTACTCAGCGTAATA-1",1
"ATTACTCAGGTGCACA-1",2
"ATTACTCAGTGAAGTT-1",2
"ATTACTCCAAACTGTC-1",3
"ATTACTCCACCATCCT-1",0
"ATTACTCCAGACTCGC-1",0
"ATTACTCCATATGCTG-1",0
"ATTACTCCATCGGTTA-1",0
"ATTACTCCATTGCGGC-1",1
"ATTACTCGTTAAAGAC-1",0
"ATTACTCTCCGAACGC-1",8
"ATTATCCAGAGTACCG-1",5
"ATTATCCAGCTTATCG-1",0
"ATTATCCCACAAGCCC-1",0
"ATTATCCCATATGAGA-1",2
"ATTATCCCATCTGGTA-1",0
"ATTATCCGTCGTTGTA-1",1
"ATTATCCGTCTCTCTG-1",1
"ATTATCCTCAACGGGA-1",2
"ATTATCCTCCGCGCAA-1",1
"ATTATCCTCTCCGGTT-1",0
"ATTCTACGTCACTTCC-1",2
"ATTCTACGTCTAGTCA-1",0
"ATTCTACGTTGTCGCG-1",0
"ATTGGACAGCAGATCG-1",1
"ATTGGACAGGGCATGT-1",0
"ATTGGACAGTGGACGT-1",0
"ATTGGACCAAGACACG-1",1
"ATTGGACGTAATAGCA-1",8
"ATTGGACTCCTGCTTG-1",1
"ATTGGACTCGGCGCAT-1",3
"ATTGGACTCGTTTGCC-1",1
"ATTGGTGAGAATGTTG-1",0
"ATTGGTGCAAGCTGAG-1",2
"ATTGGTGCAGCAGTTT-1",1
"ATTGGTGGTATGGTTC-1",0
"ATTGGTGGTTGAGTTC-1",0
"ATTGGTGTCAAAGTAG-1",0
"ATTGGTGTCGGAAACG-1",2
"ATTTCTGAGGGATACC-1",1
"ATTTCTGAGGGATCTG-1",0
"ATTTCTGAGGTGTTAA-1",6
"ATTTCTGAGTCGAGTG-1",6
"ATTTCTGAGTTCGCAT-1",0
"ATTTCTGCAAGGTGTG-1",1
"ATTTCTGGTAGCTCCG-1",0
"ATTTCTGGTGCACGAA-1",2
"ATTTCTGGTTGCCTCT-1",0
"ATTTCTGTCAAAGTAG-1",0
"ATTTCTGTCAGCTCGG-1",2
"ATTTCTGTCTTGGGTA-1",1
"CAACCAAAGAAACGCC-1",0
"CAACCAAAGAGGGCTT-1",0
"CAACCAAAGCTGAAAT-1",10
"CAACCAAAGGACAGCT-1",0
"CAACCAAAGGGAGTAA-1",7
"CAACCAACATACGCTA-1",0
"CAACCTCAGTAATCCC-1",3
"CAACCTCCAGACGCAA-1",3
"CAACCTCGTGAGTGAC-1",4
"CAACCTCGTTCCACGG-1",1
"CAACCTCTCATACGGT-1",2
"CAACCTCTCCGATATG-1",0
"CAACCTCTCCTTTACA-1",0
"CAACCTCTCTCTAGGA-1",0
"CAACTAGAGAATAGGG-1",1
"CAACTAGAGGATGCGT-1",1
"CAACTAGCACCATCCT-1",0
"CAACTAGCAGACTCGC-1",5
"CAACTAGCAGTTCATG-1",0
"CAACTAGGTACGCACC-1",4
"CAACTAGTCAGGCCCA-1",13
"CAAGAAAAGAAGGACA-1",0
"CAAGAAAAGACGCACA-1",1
"CAAGAAAAGGCCCTTG-1",1
"CAAGAAAAGGTGATAT-1",3
"CAAGAAAAGTCGATAA-1",2
"CAAGAAAAGTGGAGTC-1",1
"CAAGAAAAGTGTACCT-1",5
"CAAGAAACACGGTGTC-1",2
"CAAGAAATCTGCTTGC-1",5
"CAAGATCAGCTGAAAT-1",3
"CAAGATCGTAAGAGGA-1",2
"CAAGATCGTGCCTTGG-1",1
"CAAGATCTCAACACCA-1",2
"CAAGATCTCTCGATGA-1",0
"CAAGGCCAGGAGTCTG-1",1
"CAAGGCCAGGCTATCT-1",2
"CAAGGCCCACGGTAAG-1",5
"CAAGGCCCATGTTCCC-1",1
"CAAGGCCGTCCGTCAG-1",0
"CAAGGCCTCAACGGGA-1",0
"CAAGGCCTCCTTGACC-1",0
"CAAGGCCTCGTGACAT-1",3
"CAAGTTGAGACAGGCT-1",2
"CAAGTTGAGATGTCGG-1",0
"CAAGTTGAGCGTCAAG-1",3
"CAAGTTGAGCGTTTAC-1",0
"CAAGTTGCACATTAGC-1",0
"CAAGTTGCACGCTTTC-1",5
"CAAGTTGCACGGTGTC-1",0
"CAAGTTGCATTCTTAC-1",3
"CAAGTTGGTACTCAAC-1",0
"CAAGTTGGTCAGGACA-1",3
"CAAGTTGGTCGGCACT-1",3
"CAAGTTGTCAACGAAA-1",7
"CAAGTTGTCACCACCT-1",0
"CAAGTTGTCATTGCCC-1",7
"CAAGTTGTCGAATCCA-1",0
"CAAGTTGTCTACTTAC-1",1
"CACAAACAGGGCTCTC-1",1
"CACAAACAGGGCTTGA-1",2
"CACAAACAGTGACATA-1",12
"CACAAACCAACTGCGC-1",5
"CACAAACCAATAAGCA-1",0
"CACAAACCAATCAGAA-1",0
"CACAAACCACTTAACG-1",0
"CACAAACCATGAACCT-1",0
"CACAAACCATGGTCAT-1",0
"CACAAACGTCAACTGT-1",0
"CACAAACGTCAGAATA-1",1
"CACAAACTCTTCGGTC-1",0
"CACAAACTCTTGGGTA-1",9
"CACACAAAGCGACGTA-1",0
"CACACAAAGGGAGTAA-1",0
"CACACAACAAACGTGG-1",1
"CACACAACACATGACT-1",0
"CACACAACATCGATTG-1",0
"CACACAACATTGGGCC-1",1
"CACACAAGTACGACCC-1",0
"CACACAAGTCAGTGGA-1",0
"CACACAAGTCATCGGC-1",0
"CACACAAGTTTACTCT-1",0
"CACACAATCCACGTGG-1",0
"CACACAATCCACGTTC-1",0
"CACACAATCGGCGCAT-1",1
"CACACCTAGAGACTAT-1",1
"CACACCTAGGACATTA-1",1
"CACACCTAGTCATCCA-1",0
"CACACCTAGTGTGAAT-1",1
"CACACCTCACTGAAGG-1",8
"CACACCTCATAGGATA-1",0
"CACACCTCATAGTAAG-1",6
"CACACCTCATTGGGCC-1",1
"CACACCTGTACAGCAG-1",0
"CACACCTGTACCGCTG-1",1
"CACACCTGTCCAAGTT-1",0
"CACACCTGTGGACGAT-1",0
"CACACCTGTGGTCTCG-1",0
"CACACCTTCATGTCTT-1",0
"CACACCTTCTGGCGAC-1",2
"CACACTCAGGGAAACA-1",6
"CACACTCCAACACCTA-1",0
"CACACTCCAAGGGTCA-1",0
"CACACTCGTGACGCCT-1",1
"CACACTCGTTTGTGTG-1",2
"CACAGGCAGCCATCGC-1",2
"CACAGGCAGGGATGGG-1",2
"CACAGGCCAAGAGTCG-1",1
"CACAGGCCAATGGAGC-1",1
"CACAGGCGTCTAGGTT-1",3
"CACAGGCGTTACGCGC-1",1
"CACAGGCTCGGGAGTA-1",5
"CACAGGCTCTATGTGG-1",12
"CACAGTAAGACGCAAC-1",1
"CACAGTAAGACGCACA-1",3
"CACAGTAAGTGGGCTA-1",11
"CACAGTACAACTGGCC-1",5
"CACAGTACATCGGACC-1",8
"CACAGTAGTTCCATGA-1",2
"CACATAGAGCCCAATT-1",2
"CACATAGAGTGTACTC-1",0
"CACATAGCACTTCTGC-1",1
"CACATAGCAGGGTATG-1",2
"CACATAGTCCTTGCCA-1",1
"CACATAGTCGGCGCAT-1",0
"CACATTTAGCAGATCG-1",1
"CACATTTAGGGCACTA-1",0
"CACATTTCACGGCGTT-1",0
"CACATTTCATTACCTT-1",2
"CACATTTGTCGAACAG-1",2
"CACATTTGTGTTGAGG-1",1
"CACATTTTCCAGAGGA-1",0
"CACATTTTCCGCATCT-1",0
"CACATTTTCTACTATC-1",1
"CACATTTTCTGTGCAA-1",2
"CACCACTAGCCACGTC-1",4
"CACCACTAGTGGTAAT-1",0
"CACCACTAGTTACCCA-1",3
"CACCACTCAAGCCCAC-1",1
"CACCACTCAGTTCATG-1",2
"CACCACTGTTATTCTC-1",0
"CACCACTTCACCGGGT-1",2
"CACCACTTCGAATCCA-1",5
"CACCACTTCGACCAGC-1",0
"CACCACTTCTAACCGA-1",0
"CACCACTTCTTTAGTC-1",0
"CACCAGGCACATTAGC-1",3
"CACCAGGCACTGCCAG-1",1
"CACCAGGCATAAAGGT-1",3
"CACCAGGCATGAACCT-1",0
"CACCAGGGTGAAATCA-1",4
"CACCAGGGTGTTTGGT-1",1
"CACCAGGGTTATCACG-1",1
"CACCAGGTCATGTAGC-1",4
"CACCAGGTCTGCTTGC-1",6
"CACCTTGAGACTTGAA-1",3
"CACCTTGAGTCAATAG-1",1
"CACCTTGCACTAGTAC-1",0
"CACCTTGCAGGCGATA-1",0
"CACCTTGCATTCCTGC-1",0
"CACCTTGGTCATTAGC-1",6
"CACCTTGGTGATGTCT-1",0
"CACCTTGGTGTGAAAT-1",1
"CACCTTGGTTATGTGC-1",0
"CACCTTGTCAACCATG-1",1
"CACCTTGTCATTATCC-1",0
"CACCTTGTCCAAAGTC-1",1
"CACCTTGTCTCACATT-1",0
"CACTCCAAGACAAGCC-1",4
"CACTCCAAGGTACTCT-1",0
"CACTCCACAATGGACG-1",0
"CACTCCAGTACATGTC-1",2
"CACTCCAGTTGTCGCG-1",0
"CACTCCATCAACACAC-1",1
"CACTCCATCCCAGGTG-1",0
"CAGAATCAGAAACCTA-1",1
"CAGAATCAGCCAACAG-1",12
"CAGAATCAGCTGGAAC-1",0
"CAGAATCAGGACTGGT-1",2
"CAGAATCAGTATCGAA-1",2
"CAGAATCCACAGAGGT-1",8
"CAGAATCCAGGGTACA-1",2
"CAGAATCGTAAGTGTA-1",1
"CAGAATCGTAATCACC-1",10
"CAGAATCTCAGTTTGG-1",2
"CAGAATCTCGCAAGCC-1",0
"CAGAATCTCGGTCCGA-1",0
"CAGAATCTCTTGCAAG-1",1
"CAGAATCTCTTGTACT-1",2
"CAGAGAGAGAATTGTG-1",0
"CAGAGAGAGCAATATG-1",1
"CAGAGAGCAAGAAGAG-1",1
"CAGAGAGCACCAGATT-1",0
"CAGAGAGGTAATCACC-1",1
"CAGAGAGGTAGCTGCC-1",1
"CAGAGAGGTAGGACAC-1",2
"CAGAGAGGTATAGGGC-1",1
"CAGAGAGGTCCGAATT-1",0
"CAGAGAGGTTGAGGTG-1",0
"CAGAGAGTCACCCGAG-1",0
"CAGAGAGTCATAACCG-1",0
"CAGAGAGTCCGAACGC-1",0
"CAGAGAGTCTGGTATG-1",8
"CAGATCAAGAGACGAA-1",1
"CAGATCAAGCACCGTC-1",1
"CAGATCAAGCTTCGCG-1",0
"CAGATCAAGGATTCGG-1",0
"CAGATCAAGTGTACCT-1",0
"CAGATCAAGTTTAGGA-1",6
"CAGATCACAATAACGA-1",0
"CAGATCACACACCGAC-1",0
"CAGATCACACGGTAAG-1",0
"CAGATCACACTCTGTC-1",0
"CAGATCACAGCATACT-1",2
"CAGATCACAGTGGGAT-1",8
"CAGATCAGTACCAGTT-1",1
"CAGATCAGTGCGGTAA-1",1
"CAGATCATCTGATACG-1",0
"CAGATCATCTGATTCT-1",1
"CAGCAGCAGATGCCAG-1",6
"CAGCAGCAGGGAACGG-1",0
"CAGCAGCCACCTATCC-1",1
"CAGCAGCCATCACAAC-1",0
"CAGCAGCGTGCTAGCC-1",5
"CAGCAGCTCAACACTG-1",7
"CAGCAGCTCGAACTGT-1",0
"CAGCAGCTCGCCGTGA-1",0
"CAGCATAAGAGACGAA-1",1
"CAGCATAGTCTAGGTT-1",0
"CAGCATAGTTTACTCT-1",1
"CAGCATATCACGAAGG-1",3
"CAGCATATCAGGCAAG-1",0
"CAGCATATCCTTAATC-1",1
"CAGCCGAAGCATCATC-1",0
"CAGCCGAAGTTTCCTT-1",5
"CAGCCGACACGTGAGA-1",0
"CAGCCGACATCAGTCA-1",3
"CAGCCGAGTGATGTCT-1",3
"CAGCCGATCACCAGGC-1",1
"CAGCCGATCCTCAATT-1",0
"CAGCGACAGAAACGCC-1",2
"CAGCGACAGCGTCAAG-1",3
"CAGCGACCAAACGTGG-1",0
"CAGCGACCAAAGCGGT-1",2
"CAGCGACCACGTCAGC-1",12
"CAGCGACCATGGGACA-1",1
"CAGCGACGTCTGATTG-1",1
"CAGCGACGTGGACGAT-1",9
"CAGCGACGTGGTTTCA-1",3
"CAGCGACGTTCGGCAC-1",2
"CAGCGACTCCGCAAGC-1",1
"CAGCGACTCTGGGCCA-1",1
"CAGCTAAAGATGTGTA-1",0
"CAGCTAAAGCAGACTG-1",2
"CAGCTAAAGCTGTTCA-1",15
"CAGCTAAAGGAGCGTT-1",3
"CAGCTAACACAGATTC-1",2
"CAGCTAACATCAGTAC-1",4
"CAGCTAAGTAATCGTC-1",2
"CAGCTAAGTCTCACCT-1",2
"CAGCTAAGTTCGTCTC-1",9
"CAGCTAATCCACGCAG-1",0
"CAGCTAATCCCTAACC-1",0
"CAGCTAATCTGGTTCC-1",1
"CAGCTAATCTTAGCCC-1",4
"CAGCTAATCTTCGGTC-1",0
"CAGCTGGAGACACTAA-1",7
"CAGCTGGAGATCCTGT-1",1
"CAGCTGGCACCAACCG-1",0
"CAGCTGGCAGTGGAGT-1",0
"CAGCTGGCATGCATGT-1",3
"CAGCTGGTCTACCTGC-1",0
"CAGGTGCAGAGACGAA-1",1
"CAGGTGCAGATCCTGT-1",0
"CAGGTGCAGGCATGTG-1",0
"CAGGTGCCAGGAACGT-1",1
"CAGGTGCCATAGTAAG-1",2
"CAGGTGCCATCGGAAG-1",1
"CAGGTGCTCAGTTGAC-1",2
"CAGGTGCTCCAAGTAC-1",0
"CAGGTGCTCTTGTATC-1",0
"CAGTAACAGATATGGT-1",0
"CAGTAACAGATGGCGT-1",6
"CAGTAACCAATCACAC-1",0
"CAGTAACCACTCGACG-1",1
"CAGTAACGTGATAAGT-1",2
"CAGTAACGTGCACCAC-1",0
"CAGTAACTCAGAGGTG-1",3
"CAGTAACTCGTACGGC-1",0
"CAGTAACTCGTGACAT-1",0
"CAGTAACTCTGCCAGG-1",2
"CAGTCCTAGAATCTCC-1",2
"CAGTCCTAGATCTGCT-1",3
"CAGTCCTCAGTATAAG-1",1
"CAGTCCTTCAACACGT-1",1
"CAGTCCTTCCATGAGT-1",0
"CAGTCCTTCCCGACTT-1",4
"CAGTCCTTCCCTTGTG-1",1
"CAGTCCTTCGAACGGA-1",1
"CAGTCCTTCGGTTCGG-1",0
"CAGTCCTTCTACTTAC-1",1
"CATATGGAGAGATGAG-1",1
"CATATGGAGGCATGGT-1",2
"CATATGGAGTATTGGA-1",0
"CATATGGCAAGCGTAG-1",0
"CATATGGGTCGCATAT-1",0
"CATATGGTCATTATCC-1",1
"CATATGGTCATTGCGA-1",3
"CATATTCAGGCGACAT-1",0
"CATATTCCACCACCAG-1",0
"CATATTCGTGACTACT-1",0
"CATATTCGTGGTACAG-1",0
"CATATTCGTGTGACGA-1",1
"CATATTCTCACAGGCC-1",1
"CATATTCTCGCAAACT-1",0
"CATCAAGAGAACTCGG-1",0
"CATCAAGAGATGGCGT-1",0
"CATCAAGAGCCGCCTA-1",0
"CATCAAGCACGAAACG-1",0
"CATCAAGCAGCCTTTC-1",2
"CATCAAGCATGGAATA-1",1
"CATCAAGGTTACTGAC-1",0
"CATCAAGGTTCCATGA-1",1
"CATCAAGTCTAAGCCA-1",0
"CATCAAGTCTGACCTC-1",0
"CATCAGAAGCTAGTCT-1",5
"CATCAGACAAGCCATT-1",0
"CATCAGACAATGACCT-1",0
"CATCAGACACGGCCAT-1",0
"CATCAGACAGACAGGT-1",0
"CATCAGACATAACCTG-1",1
"CATCAGAGTAATTGGA-1",1
"CATCAGAGTACATGTC-1",0
"CATCAGAGTGTTAAGA-1",1
"CATCAGAGTTCAACCA-1",0
"CATCAGATCGTTGACA-1",1
"CATCCACGTAAAGTCA-1",4
"CATCCACGTACCGTAT-1",3
"CATCCACGTGCCTGTG-1",0
"CATCCACGTTTAAGCC-1",2
"CATCGAAAGAGTACAT-1",7
"CATCGAAAGCTGTCTA-1",0
"CATCGAACAAGAGGCT-1",0
"CATCGAACAAGCTGAG-1",1
"CATCGAACACATTTCT-1",1
"CATCGAACATAAAGGT-1",0
"CATCGAAGTAGTACCT-1",0
"CATCGAAGTCCGACGT-1",1
"CATCGAAGTGCACTTA-1",0
"CATCGAATCAAACCAC-1",1
"CATCGAATCCGCGGTA-1",0
"CATCGAATCCGTAGTA-1",2
"CATCGGGAGAAGCCCA-1",2
"CATCGGGAGCGAGAAA-1",3
"CATCGGGAGGGTGTGT-1",2
"CATCGGGAGGTGTTAA-1",1
"CATCGGGAGTGACTCT-1",2
"CATCGGGCACTCAGGC-1",1
"CATCGGGCAGACGCTC-1",2
"CATCGGGCATCACAAC-1",4
"CATCGGGGTCCTCTTG-1",0
"CATCGGGGTGAGGGAG-1",0
"CATCGGGGTTCGAATC-1",4
"CATCGGGTCAGGATCT-1",0
"CATCGGGTCCACGAAT-1",1
"CATCGGGTCGATGAGG-1",0
"CATGACAAGACCACGA-1",2
"CATGACAAGCTCCTCT-1",0
"CATGACAAGTAACCCT-1",5
"CATGACAAGTATCTCG-1",1
"CATGACAGTCGTCTTC-1",0
"CATGACAGTGAACCTT-1",14
"CATGACATCAATAAGG-1",2
"CATGACATCTAACTGG-1",1
"CATGCCTAGACCTAGG-1",1
"CATGCCTAGAGTCTGG-1",0
"CATGCCTCACCACCAG-1",2
"CATGCCTGTCAAAGCG-1",0
"CATGCCTGTCGATTGT-1",1
"CATGCCTTCCACGACG-1",1
"CATGCCTTCCTCATTA-1",1
"CATGCCTTCGCATGAT-1",1
"CATGGCGAGAGCTGGT-1",2
"CATGGCGAGTACGACG-1",2
"CATGGCGTCCAAAGTC-1",1
"CATGGCGTCCCTTGTG-1",1
"CATGGCGTCGGCCGAT-1",0
"CATGGCGTCTCAAACG-1",5
"CATGGCGTCTGCCCTA-1",1
"CATTATCAGACCCACC-1",0
"CATTATCAGTCCCACG-1",1
"CATTATCCAAGTCTGT-1",0
"CATTATCCAGGGCATA-1",0
"CATTATCGTCAATGTC-1",0
"CATTATCTCACAAACC-1",3
"CATTATCTCAGATAAG-1",1
"CATTATCTCGCGTTTC-1",2
"CATTATCTCGTTGCCT-1",1
"CATTATCTCTATCCCG-1",5
"CATTATCTCTTAACCT-1",3
"CATTCGCAGGTGCTAG-1",0
"CATTCGCCAAGGGTCA-1",1
"CATTCGCCAGCCTATA-1",0
"CATTCGCCATACAGCT-1",4
"CATTCGCCATGGATGG-1",2
"CATTCGCCATGTCTCC-1",2
"CATTCGCCATTCACTT-1",0
"CATTCGCGTAGCACGA-1",2
"CATTCGCTCATCACCC-1",2
"CCAATCCAGACCACGA-1",0
"CCAATCCAGATATGGT-1",2
"CCAATCCAGTCGAGTG-1",1
"CCAATCCAGTCGTTTG-1",4
"CCAATCCAGTTTAGGA-1",1
"CCAATCCCAAGCGAGT-1",3
"CCAATCCTCGGACAAG-1",0
"CCAATCCTCTACCTGC-1",1
"CCACCTAAGCAGACTG-1",0
"CCACCTAAGGATGGTC-1",6
"CCACCTAAGTCGAGTG-1",2
"CCACCTAAGTGGGATC-1",3
"CCACCTAAGTGTGGCA-1",0
"CCACCTACAACAACCT-1",0
"CCACCTACAAGCCGCT-1",0
"CCACCTACAATCTACG-1",0
"CCACCTAGTAGTACCT-1",4
"CCACCTAGTCGCGTGT-1",0
"CCACCTAGTGGGTCAA-1",0
"CCACCTATCAGTTGAC-1",1
"CCACCTATCTGATACG-1",0
"CCACGGAAGACACGAC-1",0
"CCACGGAAGGGAACGG-1",5
"CCACGGACATGTCGAT-1",6
"CCACGGAGTAAGGGCT-1",0
"CCACGGAGTCAGATAA-1",0
"CCACGGAGTCCGTGAC-1",8
"CCACGGAGTGTAATGA-1",0
"CCACGGAGTTCTGAAC-1",0
"CCACGGATCACATAGC-1",0
"CCACGGATCCACGTGG-1",0
"CCACGGATCTACTATC-1",1
"CCACGGATCTAGAGTC-1",4
"CCACTACAGAGTACCG-1",0
"CCACTACAGCTTTGGT-1",1
"CCACTACCAGCAGTTT-1",0
"CCACTACCAGTAGAGC-1",4
"CCACTACGTCCGAATT-1",4
"CCACTACGTCTCAACA-1",2
"CCACTACGTGACAAAT-1",6
"CCACTACGTGACCAAG-1",3
"CCACTACGTGCACGAA-1",1
"CCACTACTCACTCTTA-1",2
"CCACTACTCCGCATCT-1",1
"CCACTACTCGGAAATA-1",0
"CCACTACTCTCGTATT-1",1
"CCACTACTCTCGTTTA-1",0
"CCAGCGAAGCCCAACC-1",3
"CCAGCGACATCGGGTC-1",0
"CCAGCGACATGTCCTC-1",4
"CCAGCGAGTAGGCATG-1",1
"CCAGCGAGTCCGTTAA-1",2
"CCAGCGATCAGAAATG-1",0
"CCATGTCAGCGATCCC-1",0
"CCATGTCAGGTCGGAT-1",2
"CCATGTCAGGTTACCT-1",1
"CCATGTCCAAGCTGGA-1",0
"CCATGTCCACATCCGG-1",0
"CCATGTCGTCCAGTAT-1",0
"CCATGTCTCCAAGTAC-1",1
"CCATGTCTCTTGTATC-1",0
"CCATTCGCAGTACACT-1",1
"CCATTCGCAGTTTACG-1",2
"CCATTCGGTAATCGTC-1",2
"CCATTCGGTATTACCG-1",0
"CCATTCGTCGTAGGAG-1",0
"CCCAATCAGTCACGCC-1",0
"CCCAATCCAGGTGGAT-1",0
"CCCAATCGTGAAGGCT-1",2
"CCCAATCGTTGGAGGT-1",1
"CCCAATCTCACATGCA-1",2
"CCCAATCTCCAGTATG-1",1
"CCCAATCTCGGAGCAA-1",0
"CCCAGTTAGAATAGGG-1",1
"CCCAGTTAGATCCCGC-1",0
"CCCAGTTAGCGTGAAC-1",2
"CCCAGTTAGGAATCGC-1",2
"CCCAGTTAGTCCGGTC-1",0
"CCCAGTTAGTTTGCGT-1",1
"CCCAGTTGTACATGTC-1",2
"CCCAGTTGTCTGCAAT-1",0
"CCCAGTTTCTGAAAGA-1",7
"CCCATACAGGGTTCCC-1",0
"CCCATACAGTGTTTGC-1",4
"CCCATACCAAAGGTGC-1",3
"CCCATACCAACACCCG-1",0
"CCCATACCAGCAGTTT-1",4
"CCCATACGTATTACCG-1",3
"CCCATACGTCAATACC-1",2
"CCCATACGTCTAGTCA-1",2
"CCCATACGTTGAGTTC-1",1
"CCCATACTCAATAAGG-1",4
"CCCATACTCAGCGACC-1",0
"CCCATACTCATCACCC-1",1
"CCCATACTCCGTAGGC-1",1
"CCCTCCTAGGAATCGC-1",0
"CCCTCCTCACGTCTCT-1",0
"CCCTCCTCAGCTTAAC-1",0
"CCCTCCTCATATGAGA-1",0
"CCCTCCTCATCACGTA-1",1
"CCCTCCTGTATGGTTC-1",0
"CCCTCCTGTTAGATGA-1",5
"CCCTCCTTCAATCACG-1",0
"CCCTCCTTCCGCAGTG-1",6
"CCGGGATAGCTTCGCG-1",1
"CCGGGATAGGCGACAT-1",3
"CCGGGATAGGCTAGGT-1",1
"CCGGGATCACAGTCGC-1",0
"CCGGGATGTATAGGTA-1",5
"CCGGGATTCAGAGCTT-1",0
"CCGGGATTCGCTAGCG-1",1
"CCGGGATTCGCTTGTC-1",0
"CCGGTAGAGCGTCTAT-1",1
"CCGGTAGAGTACGCCC-1",3
"CCGGTAGCACATAACC-1",2
"CCGGTAGCACGCATCG-1",1
"CCGGTAGGTACTTCTT-1",0
"CCGGTAGGTCAAACTC-1",1
"CCGGTAGTCGTCCGTT-1",7
"CCGTACTAGAGAACAG-1",1
"CCGTACTAGTCCGTAT-1",3
"CCGTACTCAAGCCCAC-1",4
"CCGTACTCAAGCGAGT-1",0
"CCGTACTCATCCCACT-1",0
"CCGTACTGTACAGCAG-1",3
"CCGTACTGTAGCGCTC-1",0
"CCGTACTGTGCGGTAA-1",1
"CCGTACTTCGTTACAG-1",5
"CCGTGGAAGACGCACA-1",0
"CCGTGGAAGAGTTGGC-1",2
"CCGTGGAAGGTGATAT-1",0
"CCGTGGAAGGTTCCTA-1",1
"CCGTGGACAGCCTTGG-1",2
"CCGTGGAGTTCCATGA-1",0
"CCGTGGATCTAACTTC-1",4
"CCGTGGATCTCTGTCG-1",1
"CCGTTCAAGCGTAATA-1",0
"CCGTTCAAGTACGATA-1",0
"CCGTTCAAGTAGATGT-1",5
"CCGTTCACAGGATCGA-1",1
"CCGTTCAGTATAGGGC-1",0
"CCGTTCAGTCGCGAAA-1",1
"CCGTTCATCGTACCGG-1",2
"CCTAAAGAGAGTTGGC-1",2
"CCTAAAGCAAACCTAC-1",5
"CCTAAAGCATGTCTCC-1",2
"CCTAAAGGTACTCAAC-1",0
"CCTAAAGGTCGGCACT-1",8
"CCTAAAGGTGTAATGA-1",0
"CCTAAAGTCACCGTAA-1",2
"CCTAAAGTCAGCGATT-1",4
"CCTAAAGTCGGCGCTA-1",11
"CCTAAAGTCGGTCCGA-1",0
"CCTACACAGGACCACA-1",0
"CCTACACAGGGTGTTG-1",0
"CCTACACCAGTAAGAT-1",0
"CCTACACGTATAGTAG-1",1
"CCTACACGTCCGAACC-1",5
"CCTACACGTGGGTCAA-1",0
"CCTACACGTTTGACTG-1",1
"CCTACACTCGGCGCTA-1",2
"CCTACACTCGTGACAT-1",0
"CCTACCAAGATAGGAG-1",0
"CCTACCAAGCAAATCA-1",1
"CCTACCAAGCGTAGTG-1",2
"CCTACCAAGCTTCGCG-1",1
"CCTACCAAGTGCGATG-1",1
"CCTACCAGTATCAGTC-1",2
"CCTACCAGTCTCTCTG-1",1
"CCTACCAGTCTTTCAT-1",0
"CCTACCATCAGCACAT-1",2
"CCTACCATCGCCAGCA-1",1
"CCTAGCTAGCAAATCA-1",0
"CCTAGCTAGCTCCTCT-1",1
"CCTAGCTAGGTTACCT-1",0
"CCTAGCTAGTACGCGA-1",0
"CCTAGCTCAATGAATG-1",0
"CCTAGCTCAATGGTCT-1",1
"CCTAGCTCACATCCAA-1",0
"CCTAGCTCAGCCAGAA-1",0
"CCTAGCTGTAGAAAGG-1",0
"CCTAGCTGTCACCCAG-1",1
"CCTAGCTGTCTGATTG-1",2
"CCTAGCTTCACGATGT-1",3
"CCTAGCTTCGTAGGAG-1",0
"CCTATTAAGAATTCCC-1",1
"CCTATTAAGCAGGCTA-1",5
"CCTATTAAGCAGGTCA-1",1
"CCTATTAAGGGAGTAA-1",1
"CCTATTAAGGTAGCCA-1",13
"CCTATTACACAACTGT-1",1
"CCTATTACACATCCGG-1",1
"CCTATTAGTCAATACC-1",0
"CCTATTATCATCACCC-1",11
"CCTATTATCTGCGACG-1",0
"CCTCAGTAGCTAACTC-1",0
"CCTCAGTCAGGTGGAT-1",1
"CCTCAGTGTCCATCCT-1",0
"CCTCAGTGTCCGACGT-1",0
"CCTCAGTGTCTTGTCC-1",0
"CCTCAGTGTGGGTATG-1",1
"CCTCTGAAGTATCGAA-1",1
"CCTCTGAAGTGGGTTG-1",2
"CCTCTGACAAGCTGTT-1",1
"CCTCTGACACCGATAT-1",10
"CCTCTGACAGATGAGC-1",1
"CCTCTGAGTCAATACC-1",0
"CCTCTGAGTCCGAACC-1",0
"CCTCTGAGTCGTGGCT-1",1
"CCTCTGAGTCTGATTG-1",3
"CCTCTGATCTGAGGGA-1",0
"CCTTACGCAAGCGTAG-1",0
"CCTTACGCACCAACCG-1",0
"CCTTACGGTCATCCCT-1",0
"CCTTACGGTCCTCTTG-1",2
"CCTTACGTCACAACGT-1",5
"CCTTACGTCATCTGCC-1",0
"CCTTACGTCGGAGGTA-1",3
"CCTTCCCAGAGACTAT-1",3
"CCTTCCCAGCTAGGCA-1",0
"CCTTCCCAGGACGAAA-1",5
"CCTTCCCAGGGCATGT-1",0
"CCTTCCCAGGTACTCT-1",0
"CCTTCCCCATGATCCA-1",0
"CCTTCCCTCAAGGCTT-1",0
"CCTTCCCTCTATCCTA-1",7
"CCTTCCCTCTATCGCC-1",2
"CCTTCGAAGGCGCTCT-1",0
"CCTTCGACAACACCCG-1",0
"CCTTCGACAGCGATCC-1",3
"CCTTCGAGTAAGCACG-1",2
"CCTTCGAGTCCATGAT-1",0
"CCTTCGAGTGTGACCC-1",1
"CCTTCGAGTTGGTGGA-1",1
"CCTTCGATCACAGTAC-1",8
"CCTTCGATCCTATGTT-1",0
"CCTTCGATCGCACTCT-1",0
"CCTTTCTAGACGCTTT-1",0
"CCTTTCTAGGGCACTA-1",3
"CCTTTCTAGTGGAGTC-1",2
"CCTTTCTCAGACAAGC-1",1
"CCTTTCTCATCACGAT-1",1
"CCTTTCTCATGCCCGA-1",0
"CCTTTCTTCCCACTTG-1",1
"CCTTTCTTCTTTACGT-1",2
"CGAACATCACATGACT-1",7
"CGAACATCACTTGGAT-1",0
"CGAACATCAGTCCTTC-1",0
"CGAACATGTCTGATTG-1",0
"CGAACATGTGCTGTAT-1",1
"CGAACATTCTCAAACG-1",1
"CGAATGTAGAGGTTAT-1",1
"CGAATGTAGCGATAGC-1",5
"CGAATGTAGTTCGCAT-1",0
"CGAATGTCAATGCCAT-1",0
"CGAATGTGTCTAGTCA-1",0
"CGAATGTGTCTCACCT-1",2
"CGAATGTTCAACACAC-1",3
"CGAATGTTCATCACCC-1",2
"CGAATGTTCTGTACGA-1",2
"CGACCTTAGCTACCGC-1",1
"CGACCTTAGCTAGTCT-1",5
"CGACCTTCAAAGTGCG-1",5
"CGACCTTCACGAAATA-1",0
"CGACCTTGTAAGTGTA-1",5
"CGACCTTGTCAGAATA-1",1
"CGACCTTGTCTCCCTA-1",0
"CGACCTTGTCTCTTAT-1",2
"CGACCTTTCCGCGTTT-1",0
"CGACCTTTCGTTTATC-1",1
"CGACCTTTCTCCAGGG-1",0
"CGACTTCAGACACGAC-1",1
"CGACTTCAGGTAGCCA-1",3
"CGACTTCAGTCTTGCA-1",1
"CGACTTCCAATGGACG-1",0
"CGACTTCGTGGTGTAG-1",8
"CGACTTCGTTGAGTTC-1",0
"CGACTTCTCACTTACT-1",6
"CGACTTCTCTCGCTTG-1",5
"CGAGAAGAGAAACGCC-1",2
"CGAGAAGAGCCAACAG-1",4
"CGAGAAGAGCGTGTCC-1",2
"CGAGAAGCAAGTTCTG-1",2
"CGAGAAGCACATCCGG-1",1
"CGAGAAGCAGGCTGAA-1",2
"CGAGAAGTCGGATGGA-1",2
"CGAGCACAGCCAGAAC-1",3
"CGAGCACCACATGTGT-1",2
"CGAGCACGTAGCGTCC-1",2
"CGAGCACGTAGCGTGA-1",3
"CGAGCACGTCAGATAA-1",2
"CGAGCACGTGCCTTGG-1",5
"CGAGCACTCCCGGATG-1",1
"CGAGCACTCCGCTGTT-1",1
"CGAGCACTCGGAAATA-1",1
"CGAGCACTCGTGACAT-1",0
"CGAGCCAAGCTAGCCC-1",3
"CGAGCCAGTATATCCG-1",2
"CGAGCCAGTCAAGCGA-1",1
"CGATCGGAGAGCCTAG-1",5
"CGATCGGAGTACGATA-1",1
"CGATCGGCAAACGCGA-1",0
"CGATCGGCAAGCGATG-1",0
"CGATCGGCAATACGCT-1",1
"CGATCGGCAGTTAACC-1",0
"CGATCGGCATACTCTT-1",3
"CGATCGGGTCGACTGC-1",0
"CGATCGGTCAACGGGA-1",2
"CGATCGGTCTAGCACA-1",1
"CGATGGCAGCCGTCGT-1",0
"CGATGGCAGTCCAGGA-1",0
"CGATGGCCACTTAACG-1",0
"CGATGGCCAGCGTAAG-1",6
"CGATGGCCATCATCCC-1",0
"CGATGGCTCCTAGAAC-1",4
"CGATGGCTCGCTAGCG-1",0
"CGATGGCTCTGACCTC-1",1
"CGATGTAAGGCAATTA-1",1
"CGATGTAAGTTTGCGT-1",1
"CGATGTACACAGGCCT-1",0
"CGATGTACAGGTCTCG-1",2
"CGATGTAGTCCAGTGC-1",1
"CGATGTAGTCTAGGTT-1",3
"CGATGTAGTGTGCCTG-1",0
"CGATGTAGTTTGCATG-1",2
"CGATTGAAGATGTGGC-1",0
"CGATTGACAGACGCAA-1",0
"CGATTGAGTATGGTTC-1",1
"CGATTGAGTTCAGACT-1",2
"CGATTGATCATGGTCA-1",0
"CGATTGATCTGCGGCA-1",2
"CGCCAAGAGAATGTTG-1",1
"CGCCAAGAGACCTTTG-1",4
"CGCCAAGAGATCGGGT-1",6
"CGCCAAGAGATCTGAA-1",0
"CGCCAAGAGCGTGTCC-1",0
"CGCCAAGGTCTAGGTT-1",1
"CGCCAAGTCAGGATCT-1",0
"CGCCAAGTCCACTCCA-1",0
"CGCCAAGTCTTGTTTG-1",0
"CGCGGTAAGCTAGCCC-1",1
"CGCGGTAAGGGTTCCC-1",5
"CGCGGTACAAACTGCT-1",2
"CGCGGTACAATGGAAT-1",1
"CGCGGTACAGCTGTTA-1",0
"CGCGGTAGTCAAGCGA-1",1
"CGCGGTAGTGAGGCTA-1",0
"CGCGGTAGTTTGCATG-1",1
"CGCGTTTAGTTATCGC-1",4
"CGCGTTTCAACAACCT-1",2
"CGCGTTTCAAGCGAGT-1",0
"CGCGTTTCAATGGACG-1",2
"CGCGTTTCACGGTGTC-1",3
"CGCGTTTGTGCTGTAT-1",0
"CGCGTTTGTGGACGAT-1",6
"CGCGTTTTCAAACCGT-1",2
"CGCGTTTTCAGCCTAA-1",1
"CGCGTTTTCCTATGTT-1",1
"CGCGTTTTCGTGGTCG-1",15
"CGCTATCAGAAACCGC-1",0
"CGCTATCAGTCATCCA-1",0
"CGCTATCCAAGCGAGT-1",5
"CGCTATCCAGTCGATT-1",2
"CGCTATCCATCGACGC-1",6
"CGCTATCCATTTCAGG-1",0
"CGCTATCGTACCGAGA-1",2
"CGCTATCGTTCGAATC-1",5
"CGCTATCGTTTCGCTC-1",4
"CGCTATCTCGTTACAG-1",0
"CGCTGGAAGGACATTA-1",0
"CGCTGGAAGGGCACTA-1",2
"CGCTGGAAGGTGATAT-1",3
"CGCTGGACAGACTCGC-1",0
"CGCTGGAGTGTAATGA-1",0
"CGCTGGAGTTCTGGTA-1",0
"CGCTGGATCCGAAGAG-1",1
"CGCTGGATCCGTTGCT-1",0
"CGCTGGATCGTAGGAG-1",4
"CGCTGGATCGTTACAG-1",1
"CGCTTCAAGAAGGGTA-1",2
"CGCTTCAAGGTCGGAT-1",4
"CGCTTCACACGGTGTC-1",0
"CGCTTCACAGACAAGC-1",0
"CGCTTCACATCACCCT-1",1
"CGCTTCAGTCGCGGTT-1",8
"CGCTTCATCTTAGAGC-1",8
"CGGACACAGCGATATA-1",2
"CGGACACAGCGATGAC-1",0
"CGGACACAGCTTCGCG-1",3
"CGGACACAGGTAAACT-1",1
"CGGACACAGTAGCCGA-1",0
"CGGACACCACAGGAGT-1",0
"CGGACACCATTCACTT-1",1
"CGGACACGTGAGCGAT-1",5
"CGGACACGTGCTCTTC-1",1
"CGGACACGTGTGACCC-1",1
"CGGACGTAGGTTACCT-1",3
"CGGACGTCATGGGACA-1",4
"CGGACGTGTGAAAGAG-1",1
"CGGACGTGTTGGTAAA-1",0
"CGGACGTTCATGTGGT-1",2
"CGGACGTTCTGTCCGT-1",2
"CGGACTGAGGAGCGAG-1",0
"CGGACTGAGGAGTCTG-1",0
"CGGACTGAGTGGTAGC-1",3
"CGGACTGCAACTTGAC-1",0
"CGGACTGCAATGACCT-1",0
"CGGACTGCACAACGTT-1",2
"CGGACTGCACGCCAGT-1",3
"CGGACTGCAGTATGCT-1",0
"CGGACTGGTAAAGGAG-1",1
"CGGACTGGTATAAACG-1",1
"CGGACTGGTGTAAGTA-1",0
"CGGACTGGTGTGGTTT-1",0
"CGGACTGGTTGACGTT-1",2
"CGGACTGTCATTGCCC-1",2
"CGGACTGTCCATGCTC-1",2
"CGGACTGTCCGTCAAA-1",0
"CGGACTGTCGTTTGCC-1",2
"CGGACTGTCTTCATGT-1",1
"CGGAGCTAGTTTAGGA-1",0
"CGGAGCTCATTGAGCT-1",1
"CGGAGCTGTAGAAAGG-1",0
"CGGAGCTTCACTTATC-1",4
"CGGAGCTTCATGTAGC-1",0
"CGGAGCTTCCACGAAT-1",0
"CGGAGTCAGTGCGATG-1",5
"CGGAGTCAGTGTGAAT-1",4
"CGGAGTCCAGTGGGAT-1",0
"CGGAGTCCATTATCTC-1",3
"CGGAGTCGTAGCTGCC-1",1
"CGGAGTCGTCCAGTGC-1",2
"CGGAGTCGTGTTCGAT-1",1
"CGGAGTCTCCCAGGTG-1",1
"CGGAGTCTCCGTAGTA-1",1
"CGGCTAGAGAAACGCC-1",0
"CGGCTAGAGCACCGTC-1",3
"CGGCTAGAGCTAAACA-1",0
"CGGCTAGCAGACAAAT-1",1
"CGGCTAGGTAACGCGA-1",0
"CGGCTAGGTTCATGGT-1",0
"CGGCTAGTCAAAGACA-1",1
"CGGCTAGTCGTGGGAA-1",0
"CGGCTAGTCTTGTTTG-1",1
"CGGGTCAAGAGTCGGT-1",3
"CGGGTCAAGCACACAG-1",1
"CGGGTCAAGCTAACTC-1",0
"CGGGTCAAGGACACCA-1",0
"CGGGTCAAGTATGACA-1",2
"CGGGTCACAATGACCT-1",0
"CGGGTCACACCGAAAG-1",1
"CGGGTCACAGCCACCA-1",0
"CGGGTCACATACAGCT-1",2
"CGGGTCACATCCTTGC-1",0
"CGGGTCAGTAGCGCTC-1",1
"CGGGTCAGTCGATTGT-1",0
"CGGGTCAGTGCAACTT-1",0
"CGGGTCAGTTGTTTGG-1",0
"CGGGTCATCAACACCA-1",8
"CGGGTCATCACCTTAT-1",2
"CGGGTCATCCACGACG-1",0
"CGGTTAACAGGACCCT-1",2
"CGGTTAACATGTCCTC-1",3
"CGGTTAACATTCCTGC-1",0
"CGGTTAAGTCGACTGC-1",2
"CGGTTAATCCGGCACA-1",0
"CGGTTAATCCTTTCGG-1",4
"CGGTTAATCTTATCTG-1",0
"CGTAGCGAGATGTAAC-1",3
"CGTAGCGAGGCAATTA-1",0
"CGTAGCGAGTAGGTGC-1",2
"CGTAGCGCAAGCGCTC-1",1
"CGTAGCGTCCAACCAA-1",3
"CGTAGCGTCGGCGGTT-1",1
"CGTAGGCAGGGCTCTC-1",1
"CGTAGGCCAAGCGATG-1",0
"CGTAGGCCACTAAGTC-1",0
"CGTAGGCCAGAGTGTG-1",1
"CGTAGGCCATCCCATC-1",5
"CGTAGGCGTATTAGCC-1",3
"CGTAGGCGTCAATACC-1",2
"CGTAGGCGTGGCGAAT-1",0
"CGTAGGCTCCAGAAGG-1",2
"CGTCACTAGTCATGCT-1",2
"CGTCACTCAAAGCGGT-1",1
"CGTCACTCAGGTCCAC-1",0
"CGTCACTCAGTCACTA-1",0
"CGTCACTTCCTTGACC-1",1
"CGTCACTTCGGTGTTA-1",0
"CGTCACTTCTGTGCAA-1",3
"CGTCACTTCTTGAGAC-1",0
"CGTCAGGAGCTGTTCA-1",0
"CGTCAGGCAAAGCAAT-1",0
"CGTCAGGCAAAGCGGT-1",4
"CGTCAGGCAACACGCC-1",0
"CGTCAGGCATCCGCGA-1",4
"CGTCAGGGTCAGCTAT-1",1
"CGTCAGGGTCGTTGTA-1",2
"CGTCAGGGTGTAAGTA-1",3
"CGTCAGGTCCACTGGG-1",0
"CGTCAGGTCGACAGCC-1",2
"CGTCAGGTCGGGAGTA-1",0
"CGTCCATAGACCACGA-1",0
"CGTCCATAGCGATTCT-1",0
"CGTCCATAGGCTATCT-1",0
"CGTCCATAGTCTCAAC-1",2
"CGTCCATCACGACTCG-1",0
"CGTCCATCATTCACTT-1",0
"CGTCCATGTCTAGCGC-1",0
"CGTCCATGTGATAAAC-1",0
"CGTCCATGTTTGGGCC-1",2
"CGTCCATGTTTGTGTG-1",1
"CGTCCATTCAACACCA-1",3
"CGTCCATTCATTCACT-1",0
"CGTCTACAGTGCGTGA-1",0
"CGTCTACGTAGTAGTA-1",1
"CGTCTACTCGAGCCCA-1",0
"CGTCTACTCGCCATAA-1",2
"CGTCTACTCGGCCGAT-1",0
"CGTCTACTCGTCCAGG-1",0
"CGTCTACTCTATCGCC-1",0
"CGTGAGCAGATCTGAA-1",10
"CGTGAGCAGCAATCTC-1",3
"CGTGAGCAGCGGATCA-1",0
"CGTGAGCAGCTAGTGG-1",6
"CGTGAGCAGCTTCGCG-1",2
"CGTGAGCAGGGCACTA-1",2
"CGTGAGCAGGGTGTGT-1",2
"CGTGAGCAGTGGAGAA-1",2
"CGTGAGCCAAGCCGCT-1",4
"CGTGAGCCACGTAAGG-1",1
"CGTGAGCCATACGCCG-1",1
"CGTGAGCGTAGATTAG-1",0
"CGTGAGCGTCTCTTAT-1",1
"CGTGAGCTCACAAACC-1",2
"CGTGAGCTCCAAATGC-1",2
"CGTGAGCTCCGAGCCA-1",1
"CGTGAGCTCGTTGCCT-1",8
"CGTGAGCTCTGGGCCA-1",1
"CGTGTAAAGATAGTCA-1",2
"CGTGTAAAGGTGTTAA-1",2
"CGTGTAAAGTACATGA-1",1
"CGTGTAACATGGGACA-1",1
"CGTGTAAGTCCGCTGA-1",1
"CGTGTAAGTGTCTGAT-1",4
"CGTGTAATCTACTATC-1",2
"CGTGTAATCTCGATGA-1",7
"CGTGTAATCTTTAGTC-1",9
"CGTGTCTAGGCGCTCT-1",0
"CGTGTCTAGGGATGGG-1",5
"CGTGTCTCAGACAAAT-1",0
"CGTGTCTCAGACACTT-1",0
"CGTGTCTGTAAGAGGA-1",6
"CGTGTCTGTATATGAG-1",0
"CGTGTCTGTCAAAGCG-1",3
"CGTGTCTGTTCCGTCT-1",4
"CGTGTCTTCAATCACG-1",5
"CGTGTCTTCAGAGGTG-1",0
"CGTGTCTTCATAGCAC-1",0
"CGTGTCTTCCGAACGC-1",2
"CGTGTCTTCGGCATCG-1",0
"CGTGTCTTCGTGGACC-1",0
"CGTGTCTTCTACTTAC-1",1
"CGTGTCTTCTGAGTGT-1",6
"CGTTAGAAGATCTGAA-1",3
"CGTTAGAAGGCCCTTG-1",0
"CGTTAGACACGAAAGC-1",1
"CGTTAGACAGCTTCGG-1",2
"CGTTAGAGTTTAAGCC-1",3
"CGTTAGATCACTTATC-1",0
"CGTTAGATCAGCCTAA-1",0
"CGTTCTGAGAAGGGTA-1",2
"CGTTCTGAGACTAGGC-1",1
"CGTTCTGAGTGAACAT-1",2
"CGTTCTGCAGCTCGCA-1",0
"CGTTCTGCATTGGCGC-1",0
"CGTTCTGGTGAGGGTT-1",1
"CGTTCTGTCTGATTCT-1",4
"CGTTGGGAGCTAGTTC-1",1
"CGTTGGGAGGATGCGT-1",0
"CGTTGGGCACATTAGC-1",0
"CGTTGGGCAGACAGGT-1",3
"CGTTGGGGTTCCCGAG-1",0
"CGTTGGGTCATGCTCC-1",5
"CGTTGGGTCCATGAAC-1",1
"CGTTGGGTCTACCAGA-1",2
"CTAACTTAGTCCTCCT-1",0
"CTAACTTCAATAGCAA-1",1
"CTAACTTCAATCGGTT-1",1
"CTAACTTGTGAGGCTA-1",1
"CTAACTTTCGTACGGC-1",6
"CTAACTTTCTGGCGTG-1",2
"CTAAGACAGGGAAACA-1",2
"CTAAGACAGTACATGA-1",12
"CTAAGACAGTTCGCGC-1",1
"CTAAGACCAAGTAATG-1",1
"CTAAGACCAGTAAGAT-1",0
"CTAAGACCATGCAATC-1",0
"CTAAGACGTAAGGATT-1",2
"CTAAGACGTATCAGTC-1",0
"CTAAGACGTCACCTAA-1",8
"CTAAGACTCGTTGCCT-1",6
"CTAAGACTCTTACCGC-1",0
"CTAAGACTCTTGAGGT-1",0
"CTAATGGAGCAATCTC-1",0
"CTAATGGAGCGCTCCA-1",2
"CTAATGGAGCTCCCAG-1",1
"CTAATGGAGCTGAAAT-1",1
"CTAATGGAGTTAGGTA-1",0
"CTAATGGCATGGAATA-1",7
"CTAATGGGTACCGCTG-1",0
"CTAATGGGTCTAGCGC-1",1
"CTAATGGGTGAGGGAG-1",1
"CTAATGGGTTGGTGGA-1",1
"CTAATGGTCATGCTCC-1",1
"CTAATGGTCCACTGGG-1",2
"CTAATGGTCCGTTGCT-1",0
"CTAATGGTCCTAGAAC-1",2
"CTACACCAGTGCGATG-1",1
"CTACACCCACGGACAA-1",1
"CTACACCGTAATAGCA-1",0
"CTACACCGTCTGATTG-1",4
"CTACACCGTTCGTCTC-1",0
"CTACACCTCAGAAATG-1",0
"CTACACCTCGGCTTGG-1",1
"CTACACCTCGGTCCGA-1",5
"CTACACCTCTCGCATC-1",5
"CTACACCTCTCTGCTG-1",2
"CTACATTAGATCACGG-1",0
"CTACATTCACTCGACG-1",0
"CTACATTCATTTCACT-1",1
"CTACATTGTGATGATA-1",0
"CTACATTGTTCGAATC-1",0
"CTACATTTCAACGCTA-1",0
"CTACATTTCGCCATAA-1",2
"CTACATTTCTAGCACA-1",9
"CTACCCACACAGAGGT-1",0
"CTACCCACACGACGAA-1",0
"CTACCCACATGGTTGT-1",1
"CTACCCAGTATCTGCA-1",0
"CTACCCAGTATGAATG-1",2
"CTACCCAGTCAGAAGC-1",2
"CTACCCAGTGTGACCC-1",0
"CTACCCAGTTATGTGC-1",3
"CTACCCATCTACGAGT-1",2
"CTACGTCAGGTGCAAC-1",3
"CTACGTCAGTGCGATG-1",0
"CTACGTCAGTTGTCGT-1",9
"CTACGTCCATATACCG-1",0
"CTACGTCGTATATGGA-1",9
"CTACGTCGTGTGGTTT-1",3
"CTACGTCTCAAAGTAG-1",0
"CTACGTCTCACGACTA-1",5
"CTACGTCTCACGGTTA-1",3
"CTACGTCTCCTAGAAC-1",4
"CTAGAGTAGCTGTCTA-1",8
"CTAGAGTAGGATCGCA-1",0
"CTAGAGTAGTCCATAC-1",1
"CTAGAGTCACATTAGC-1",5
"CTAGAGTCAGTATGCT-1",11
"CTAGAGTCATACTCTT-1",4
"CTAGAGTCATGTAAGA-1",0
"CTAGAGTGTGACCAAG-1",2
"CTAGAGTTCAACACCA-1",0
"CTAGAGTTCCGTCAAA-1",8
"CTAGAGTTCCTAAGTG-1",0
"CTAGAGTTCGCCAGCA-1",2
"CTAGAGTTCGCTTAGA-1",3
"CTAGAGTTCGTGACAT-1",0
"CTAGAGTTCTGATTCT-1",6
"CTAGCCTCACCAGATT-1",1
"CTAGCCTGTATATCCG-1",0
"CTAGCCTGTGATGCCC-1",2
"CTAGCCTTCGGGAGTA-1",3
"CTAGTGAAGCTGGAAC-1",0
"CTAGTGAAGTGTACCT-1",0
"CTAGTGACAAGTCTAC-1",2
"CTAGTGACAGGATCGA-1",3
"CTAGTGAGTTATGCGT-1",0
"CTAGTGATCAGTTGAC-1",5
"CTAGTGATCCAGTAGT-1",4
"CTCACACAGCTAAGAT-1",3
"CTCACACAGCTGCCCA-1",6
"CTCACACAGGATGCGT-1",0
"CTCACACCACGTAAGG-1",0
"CTCACACCACTGTTAG-1",2
"CTCACACCATATACGC-1",1
"CTCACACGTGCTGTAT-1",0
"CTCACACGTTCCATGA-1",3
"CTCACACGTTTGGGCC-1",0
"CTCACACTCACCGGGT-1",0
"CTCACACTCATCGGAT-1",4
"CTCACACTCCGCGCAA-1",0
"CTCACACTCTAACCGA-1",6
"CTCAGAAAGAGCTGCA-1",0
"CTCAGAAAGGAGTAGA-1",0
"CTCAGAACAACGCACC-1",0
"CTCAGAACAAGCGATG-1",1
"CTCAGAACAGGGCATA-1",0
"CTCAGAAGTGACGGTA-1",4
"CTCAGAATCTTAACCT-1",1
"CTCATTAAGAACTGTA-1",2
"CTCATTACATGGTCAT-1",3
"CTCATTAGTGTAACGG-1",0
"CTCATTAGTTTACTCT-1",4
"CTCCTAGCAAGTACCT-1",0
"CTCCTAGCAATTCCTT-1",0
"CTCCTAGCACTGTCGG-1",0
"CTCCTAGCAGTCCTTC-1",3
"CTCCTAGCATAACCTG-1",0
"CTCCTAGCATGCGCAC-1",0
"CTCCTAGGTAGAAAGG-1",0
"CTCCTAGGTCCGAGTC-1",2
"CTCCTAGGTCTAGCCG-1",0
"CTCCTAGGTGTTTGTG-1",1
"CTCCTAGGTTCGTGAT-1",1
"CTCCTAGGTTGTTTGG-1",0
"CTCCTAGTCACTTACT-1",3
"CTCCTAGTCTCATTCA-1",0
"CTCGAAAAGCCCAACC-1",0
"CTCGAAAAGCTATGCT-1",1
"CTCGAAAAGGCCCTTG-1",0
"CTCGAAAAGGGCTTCC-1",1
"CTCGAAACAAGCCGTC-1",3
"CTCGAAACACATTAGC-1",0
"CTCGAAACACCGAAAG-1",0
"CTCGAAACACGGCTAC-1",4
"CTCGAAACAGTAAGAT-1",1
"CTCGAAACATACGCCG-1",0
"CTCGAGGAGCCATCGC-1",7
"CTCGAGGAGGGCTTCC-1",2
"CTCGAGGCAGATAATG-1",4
"CTCGAGGGTATTCTCT-1",0
"CTCGAGGGTGCCTGGT-1",0
"CTCGGAGAGTCCCACG-1",2
"CTCGGAGCACTTCTGC-1",4
"CTCGGAGCAGCTGCAC-1",10
"CTCGGAGCAGGATCGA-1",3
"CTCGGAGGTAGCCTAT-1",6
"CTCGGAGGTCATGCCG-1",0
"CTCGGAGTCAAACGGG-1",1
"CTCGGAGTCACATACG-1",4
"CTCGGAGTCAGCTTAG-1",1
"CTCGGGAAGACCTAGG-1",0
"CTCGGGACACAGCCCA-1",7
"CTCGGGACATAAAGGT-1",1
"CTCGGGACATCCCACT-1",0
"CTCGGGACATGTCGAT-1",2
"CTCGGGAGTCGCGTGT-1",0
"CTCGGGAGTGACTACT-1",5
"CTCGGGAGTTACGACT-1",2
"CTCGGGATCCGTACAA-1",1
"CTCGGGATCCTTGACC-1",1
"CTCGGGATCTTAGCCC-1",0
"CTCGGGATCTTGTTTG-1",0
"CTCGTACAGCGATAGC-1",4
"CTCGTACCAGCGTAAG-1",0
"CTCGTACCATAGTAAG-1",2
"CTCGTACGTAGAGTGC-1",0
"CTCGTACGTATCACCA-1",10
"CTCGTACGTGCAGTAG-1",0
"CTCGTACTCAAAGTAG-1",2
"CTCGTACTCAATCTCT-1",1
"CTCGTACTCGTTGCCT-1",0
"CTCGTACTCTGGTTCC-1",3
"CTCGTCAAGATGCCTT-1",2
"CTCGTCAAGTGGAGTC-1",7
"CTCGTCAAGTTTGCGT-1",2
"CTCGTCACAACGATCT-1",1
"CTCGTCACACATCCGG-1",0
"CTCGTCACAGTCGTGC-1",0
"CTCGTCAGTCTCATCC-1",1
"CTCGTCAGTCTCCATC-1",1
"CTCGTCAGTGAGCGAT-1",0
"CTCGTCAGTTGACGTT-1",0
"CTCGTCAGTTGGGACA-1",3
"CTCGTCATCACTTATC-1",3
"CTCGTCATCGACCAGC-1",1
"CTCGTCATCTGCTGTC-1",0
"CTCTAATCACCAGGTC-1",0
"CTCTAATCACGGTGTC-1",0
"CTCTAATCAGGAATCG-1",2
"CTCTAATGTCCAAGTT-1",0
"CTCTACGAGCTAAACA-1",3
"CTCTACGAGCTAGTGG-1",0
"CTCTACGAGTACGCCC-1",3
"CTCTACGAGTAGGCCA-1",6
"CTCTACGCAATAACGA-1",0
"CTCTACGCAGACGCTC-1",0
"CTCTACGCATGACATC-1",1
"CTCTACGTCATGTCTT-1",1
"CTCTACGTCCCTAATT-1",0
"CTCTACGTCGGCATCG-1",5
"CTCTACGTCGGTCTAA-1",1
"CTCTGGTAGCAGCGTA-1",0
"CTCTGGTAGCGTTCCG-1",3
"CTCTGGTAGGCATGGT-1",6
"CTCTGGTAGTGCCAGA-1",0
"CTCTGGTCACAAGCCC-1",5
"CTCTGGTCAGCCTTTC-1",0
"CTCTGGTTCATCTGTT-1",0
"CTCTGGTTCTTGTACT-1",1
"CTGAAACAGATCCCGC-1",0
"CTGAAACAGGTGCTAG-1",0
"CTGAAACAGTCCGTAT-1",0
"CTGAAACAGTGTCTCA-1",1
"CTGAAACGTCATCGGC-1",13
"CTGAAACGTTAAAGAC-1",4
"CTGAAACTCATACGGT-1",0
"CTGAAGTAGTGCGTGA-1",1
"CTGAAGTCAGCTGTAT-1",1
"CTGAAGTGTTAAAGTG-1",0
"CTGAAGTTCAAGCCTA-1",2
"CTGAAGTTCGGATGTT-1",1
"CTGATAGAGGGAGTAA-1",0
"CTGATAGAGTGCAAGC-1",0
"CTGATAGCAGCCTTTC-1",1
"CTGATAGCATCCCATC-1",0
"CTGATAGCATCTCCCA-1",0
"CTGATAGGTCAAAGCG-1",6
"CTGATAGGTCGCTTTC-1",0
"CTGATAGGTTACGACT-1",2
"CTGATAGTCGCGATCG-1",1
"CTGATAGTCTTATCTG-1",0
"CTGATCCAGGCATTGG-1",0
"CTGATCCAGGTGACCA-1",3
"CTGATCCCACAGAGGT-1",14
"CTGATCCCAGGCTGAA-1",0
"CTGATCCGTGCCTGGT-1",3
"CTGATCCGTTATCCGA-1",2
"CTGATCCGTTGTGGCC-1",0
"CTGCCTAAGGGTCTCC-1",0
"CTGCCTAAGGTGATAT-1",0
"CTGCCTAAGTACGCGA-1",0
"CTGCCTAAGTGCGTGA-1",9
"CTGCCTACATCCCACT-1",3
"CTGCCTATCAATAAGG-1",2
"CTGCGGAAGAAGGACA-1",1
"CTGCGGAAGAGCTGGT-1",3
"CTGCGGAAGATGAGAG-1",1
"CTGCGGACAGGTCGTC-1",0
"CTGCGGACATGTCTCC-1",0
"CTGCGGAGTCACTTCC-1",2
"CTGCGGAGTCGTGGCT-1",0
"CTGCGGAGTTCTGTTT-1",9
"CTGCGGAGTTGGACCC-1",0
"CTGCGGATCGCCTGTT-1",0
"CTGCGGATCTTACCGC-1",0
"CTGCTGTAGGGTGTTG-1",0
"CTGCTGTAGTACCGGA-1",0
"CTGCTGTAGTGGAGAA-1",2
"CTGCTGTCACATCTTT-1",0
"CTGCTGTGTTAAAGAC-1",5
"CTGCTGTTCTCCAACC-1",2
"CTGCTGTTCTTACCGC-1",1
"CTGGTCTAGCGTTGCC-1",0
"CTGGTCTAGGACAGCT-1",0
"CTGGTCTAGGGCTTGA-1",12
"CTGGTCTAGTCGAGTG-1",0
"CTGGTCTCAAAGGAAG-1",5
"CTGGTCTCACCAGTTA-1",0
"CTGGTCTGTACCTACA-1",1
"CTGGTCTGTACGCTGC-1",0
"CTGGTCTGTCCGCTGA-1",3
"CTGGTCTGTCCGTTAA-1",0
"CTGGTCTGTTCATGGT-1",12
"CTGGTCTGTTCGTGAT-1",0
"CTGGTCTTCAACGGGA-1",0
"CTGGTCTTCACTTACT-1",0
"CTGGTCTTCTTACCTA-1",0
"CTGTGCTGTATATCCG-1",9
"CTGTGCTGTCATCCCT-1",0
"CTGTGCTGTCCCTACT-1",1
"CTGTGCTGTCGGCACT-1",0
"CTGTGCTTCCATTCTA-1",0
"CTGTGCTTCCGTACAA-1",3
"CTGTTTAAGAAACCGC-1",1
"CTGTTTAAGATCGATA-1",1
"CTGTTTAAGGAGTTGC-1",3
"CTGTTTAGTCAAAGCG-1",0
"CTGTTTATCAGCCTAA-1",1
"CTGTTTATCATTTGGG-1",0
"CTGTTTATCTCCAGGG-1",6
"CTGTTTATCTCTTGAT-1",2
"CTGTTTATCTTCTGGC-1",0
"CTTAACTAGCCAGTAG-1",0
"CTTAACTAGGCTCTTA-1",1
"CTTAACTAGGTGCACA-1",0
"CTTAACTAGTCTCGGC-1",0
"CTTACCGAGCGCTTAT-1",2
"CTTACCGAGGCTACGA-1",0
"CTTACCGCAGATCTGT-1",0
"CTTACCGCAGTCAGAG-1",8
"CTTACCGGTCCTGCTT-1",3
"CTTACCGGTCGCCATG-1",0
"CTTACCGGTCTACCTC-1",5
"CTTACCGTCGGACAAG-1",1
"CTTAGGAAGCCCAACC-1",2
"CTTAGGACACGACGAA-1",2
"CTTAGGAGTTATGTGC-1",0
"CTTAGGATCCCATTTA-1",3
"CTTAGGATCTTTACAC-1",1
"CTTCTCTAGAACTCGG-1",1
"CTTCTCTAGAGTGAGA-1",4
"CTTCTCTAGCAGGCTA-1",0
"CTTCTCTAGTTAACGA-1",1
"CTTCTCTCAAAGGTGC-1",1
"CTTCTCTGTAACGACG-1",7
"CTTCTCTGTGCATCTA-1",3
"CTTCTCTTCGAGCCCA-1",0
"CTTGGCTAGCGATATA-1",0
"CTTGGCTAGTACGTTC-1",1
"CTTGGCTCATTACCTT-1",2
"CTTGGCTGTCTCCATC-1",2
"CTTGGCTTCCCTAATT-1",0
"CTTGGCTTCGCGTAGC-1",0
"CTTGGCTTCTCGTTTA-1",0
"CTTTGCGAGCAAATCA-1",0
"CTTTGCGAGCGTTCCG-1",1
"CTTTGCGAGTATCTCG-1",0
"CTTTGCGCAATTCCTT-1",5
"CTTTGCGCACTTAAGC-1",0
"CTTTGCGCAGACGCAA-1",2
"CTTTGCGGTAGAGGAA-1",6
"CTTTGCGTCCAGGGCT-1",3
"GAAACTCAGAGACGAA-1",2
"GAAACTCAGAGGTTAT-1",2
"GAAACTCAGCAGCCTC-1",5
"GAAACTCAGCCCAGCT-1",11
"GAAACTCAGCTAAACA-1",2
"GAAACTCAGTGCTGCC-1",1
"GAAACTCCAAGCCCAC-1",2
"GAAACTCCACATGACT-1",0
"GAAACTCCAGACACTT-1",0
"GAAACTCCATGGATGG-1",0
"GAAACTCGTACTCGCG-1",0
"GAAACTCGTAGCGATG-1",0
"GAAACTCGTGTGAAAT-1",0
"GAAACTCGTTTGTGTG-1",2
"GAAATGAAGACTAGGC-1",0
"GAAATGAAGCCAGTTT-1",2
"GAAATGAAGCTAGTCT-1",5
"GAAATGAAGTACGTAA-1",3
"GAAATGATCATGCTCC-1",3
"GAAATGATCCTCGCAT-1",7
"GAACATCAGATGGCGT-1",1
"GAACATCCAACAACCT-1",1
"GAACATCCACATCTTT-1",1
"GAACATCCACCTATCC-1",2
"GAACATCCACGGACAA-1",2
"GAACATCCATGCTAGT-1",2
"GAACATCGTACGACCC-1",1
"GAACATCGTGGACGAT-1",1
"GAACATCGTTCCCGAG-1",0
"GAACATCTCCAAGTAC-1",1
"GAACATCTCGATCCCT-1",3
"GAACATCTCTCCAACC-1",8
"GAACCTAAGAACTGTA-1",7
"GAACCTAAGAGCAATT-1",9
"GAACCTAAGCCAGTAG-1",1
"GAACCTACAAGGACAC-1",3
"GAACCTACAGACACTT-1",2
"GAACCTAGTACCAGTT-1",1
"GAACCTAGTGTCAATC-1",0
"GAACCTATCACGATGT-1",2
"GAACGGAAGACGCAAC-1",5
"GAACGGAAGTAATCCC-1",5
"GAACGGAAGTCAATAG-1",1
"GAACGGAAGTGGACGT-1",0
"GAACGGACACAGCGTC-1",0
"GAACGGACACCTCGTT-1",0
"GAACGGACACTTAACG-1",0
"GAACGGAGTAGCGTAG-1",2
"GAACGGAGTCAGAGGT-1",2
"GAACGGAGTGGCGAAT-1",1
"GAACGGATCACTCCTG-1",2
"GAACGGATCCACGAAT-1",7
"GAACGGATCGTAGGAG-1",0
"GAACGGATCTGTCAAG-1",1
"GAAGCAGAGACTAAGT-1",0
"GAAGCAGAGAGACGAA-1",0
"GAAGCAGAGCCACGCT-1",3
"GAAGCAGAGTTCGCGC-1",0
"GAAGCAGCAATCCGAT-1",0
"GAAGCAGCACTCGACG-1",1
"GAAGCAGCAGATCTGT-1",0
"GAAGCAGCAGATGAGC-1",3
"GAAGCAGCATGAACCT-1",1
"GAAGCAGCATGGAATA-1",0
"GAAGCAGGTAACGCGA-1",0
"GAAGCAGGTCATACTG-1",1
"GAAGCAGTCCTAGTGA-1",4
"GAAGCAGTCTTATCTG-1",6
"GAATAAGCAAGGTGTG-1",3
"GAATAAGCAGACAAGC-1",0
"GAATAAGCATGCAACT-1",0
"GAATAAGGTCCGTTAA-1",5
"GAATAAGGTGAGTGAC-1",2
"GAATAAGGTTCCCTTG-1",2
"GAATAAGTCGTTTAGG-1",1
"GAATGAAAGAGTCTGG-1",8
"GAATGAAAGCTTATCG-1",0
"GAATGAAAGGCATGTG-1",0
"GAATGAACAAACGCGA-1",3
"GAATGAACAGTGAGTG-1",3
"GAATGAACATCATCCC-1",4
"GAATGAAGTCAACATC-1",2
"GAATGAAGTCTCACCT-1",1
"GAATGAAGTGGCAAAC-1",1
"GAATGAAGTTGCGTTA-1",0
"GAATGAATCAGTTAGC-1",0
"GAATGAATCCTGCCAT-1",5
"GACACGCAGACGCACA-1",3
"GACACGCAGAGTAATC-1",5
"GACACGCAGCCAACAG-1",1
"GACACGCAGGAGTTTA-1",3
"GACACGCAGGGCATGT-1",0
"GACACGCAGGTGCACA-1",0
"GACACGCAGTCCAGGA-1",10
"GACACGCAGTGGGATC-1",5
"GACACGCAGTGGGTTG-1",0
"GACACGCCAAGCGTAG-1",3
"GACACGCCAAGGACAC-1",1
"GACACGCCAGACGCTC-1",0
"GACACGCCATCCTTGC-1",0
"GACACGCGTTCACGGC-1",0
"GACACGCTCATGTAGC-1",0
"GACAGAGAGTACGATA-1",1
"GACAGAGCAACGATCT-1",2
"GACAGAGCAAGTCTAC-1",0
"GACAGAGCAGCTCCGA-1",0
"GACAGAGCAGCTGGCT-1",2
"GACAGAGGTAGAAAGG-1",4
"GACAGAGTCAAACAAG-1",2
"GACAGAGTCAGAGACG-1",1
"GACAGAGTCCTTCAAT-1",3
"GACAGAGTCCTTGCCA-1",4
"GACAGAGTCTTCATGT-1",0
"GACCAATAGAAGGGTA-1",1
"GACCAATAGCTACCGC-1",1
"GACCAATAGCTACCTA-1",1
"GACCAATCAGGTGCCT-1",5
"GACCAATCATGCGCAC-1",0
"GACCAATGTACAGTTC-1",0
"GACCAATGTCGCTTCT-1",0
"GACCAATTCCGATATG-1",4
"GACCAATTCGAATGGG-1",1
"GACCAATTCGTCACGG-1",2
"GACCTGGCATCACAAC-1",2
"GACCTGGCATGTCTCC-1",3
"GACCTGGCATTGGCGC-1",1
"GACCTGGGTAAAGGAG-1",1
"GACCTGGGTCCAGTTA-1",10
"GACCTGGGTGCAGTAG-1",3
"GACCTGGTCATAGCAC-1",3
"GACCTGGTCCTTGCCA-1",0
"GACCTGGTCGCATGAT-1",1
"GACCTGGTCGTCACGG-1",8
"GACGCGTAGTGGTAAT-1",4
"GACGCGTAGTTGTAGA-1",4
"GACGCGTGTAAAGGAG-1",1
"GACGCGTGTGTGAAAT-1",0
"GACGCGTGTTAAGACA-1",0
"GACGCGTTCAAACCGT-1",2
"GACGCGTTCCAAATGC-1",5
"GACGCGTTCCGCGGTA-1",1
"GACGCGTTCCTACAGA-1",0
"GACGCGTTCGACGGAA-1",1
"GACGCGTTCTCCGGTT-1",1
"GACGGCTAGAAGATTC-1",1
"GACGGCTAGAGCTGGT-1",3
"GACGGCTCAAGGTTTC-1",0
"GACGGCTCACCGCTAG-1",0
"GACGGCTCATGAACCT-1",0
"GACGGCTCATGCAACT-1",5
"GACGGCTGTGTGTGCC-1",6
"GACGGCTGTTATGTGC-1",0
"GACGGCTGTTTGGCGC-1",0
"GACGGCTTCTATCGCC-1",5
"GACGTGCAGGCAAAGA-1",3
"GACGTGCAGGGTGTGT-1",5
"GACGTGCAGGTGTTAA-1",4
"GACGTGCCAGGTCGTC-1",2
"GACGTGCGTAACGTTC-1",5
"GACGTGCTCACCTCGT-1",0
"GACGTTAAGCTACCGC-1",0
"GACGTTAAGGCAAAGA-1",0
"GACGTTAAGTCAAGCG-1",5
"GACGTTACAAGCCATT-1",0
"GACGTTACAAGGTTTC-1",1
"GACGTTACAGACACTT-1",2
"GACGTTAGTATCTGCA-1",0
"GACGTTAGTTTGACAC-1",0
"GACGTTAGTTTGACTG-1",0
"GACGTTATCACAGGCC-1",1
"GACGTTATCATTGCGA-1",2
"GACGTTATCCCGGATG-1",1
"GACGTTATCCGAAGAG-1",0
"GACGTTATCGCGTTTC-1",5
"GACGTTATCTGTCCGT-1",4
"GACTAACAGACAGAGA-1",0
"GACTAACAGTGGAGAA-1",0
"GACTAACCAAATCCGT-1",1
"GACTAACGTCTAGTCA-1",3
"GACTAACGTGCAACTT-1",0
"GACTAACGTTCAGACT-1",6
"GACTAACTCCGCGCAA-1",0
"GACTAACTCCTTTCTC-1",2
"GACTAACTCTTGCCGT-1",2
"GACTAACTCTTTACAC-1",2
"GACTACAAGATATGGT-1",0
"GACTACACAAATCCGT-1",1
"GACTACAGTGCTGTAT-1",0
"GACTACATCAGCCTAA-1",0
"GACTACATCAGGTAAA-1",16
"GACTACATCTGCAGTA-1",0
"GACTGCGAGCGTAGTG-1",1
"GACTGCGAGTTGTAGA-1",1
"GACTGCGCACTTAACG-1",0
"GACTGCGCATGTTCCC-1",3
"GACTGCGGTACGCACC-1",5
"GACTGCGGTTCTCATT-1",0
"GACTGCGTCAACACAC-1",0
"GACTGCGTCACGACTA-1",0
"GACTGCGTCGCCCTTA-1",0
"GACTGCGTCTCAAACG-1",0
"GAGCAGAGTAGGGTAC-1",1
"GAGCAGAGTCAGATAA-1",2
"GAGCAGAGTCATATGC-1",0
"GAGCAGAGTGAGCGAT-1",4
"GAGCAGAGTGTAACGG-1",3
"GAGCAGAGTGTGACCC-1",0
"GAGCAGAGTTCGGGCT-1",1
"GAGCAGAGTTTAAGCC-1",0
"GAGCAGAGTTTGCATG-1",0
"GAGGTGAAGCAACGGT-1",1
"GAGGTGAAGGCTCTTA-1",4
"GAGGTGAAGTGGTAGC-1",6
"GAGGTGAAGTTGTAGA-1",1
"GAGGTGACACTGTCGG-1",0
"GAGGTGACATCCTTGC-1",2
"GAGGTGACATGCATGT-1",2
"GAGGTGAGTACCTACA-1",3
"GAGGTGAGTCATTAGC-1",1
"GAGGTGAGTTCCTCCA-1",0
"GAGGTGATCATCGCTC-1",1
"GAGGTGATCTAGAGTC-1",2
"GAGGTGATCTCTAGGA-1",1
"GAGGTGATCTGCTGTC-1",0
"GAGGTGATCTGGGCCA-1",0
"GAGTCCGAGGACAGAA-1",2
"GAGTCCGAGGCATGTG-1",2
"GAGTCCGAGGCGTACA-1",0
"GAGTCCGCAAACCCAT-1",4
"GAGTCCGGTCAAGCGA-1",0
"GAGTCCGGTGACCAAG-1",1
"GAGTCCGGTGACTCAT-1",4
"GAGTCCGGTGTGACCC-1",3
"GAGTCCGGTTCGGGCT-1",0
"GAGTCCGGTTTGCATG-1",0
"GAGTCCGTCGGCGCAT-1",0
"GAGTCCGTCTGATTCT-1",2
"GATCAGTAGATGTCGG-1",0
"GATCAGTAGTGGTAGC-1",0
"GATCAGTGTATATGAG-1",0
"GATCAGTGTCTGCGGT-1",2
"GATCAGTGTTATGCGT-1",2
"GATCAGTGTTGTACAC-1",0
"GATCAGTTCCCGACTT-1",0
"GATCGATAGAATGTTG-1",5
"GATCGATAGAGCTGCA-1",2
"GATCGATAGCATGGCA-1",2
"GATCGATCAAGCGAGT-1",2
"GATCGATCAAGCGTAG-1",0
"GATCGATGTCAACATC-1",1
"GATCGATGTTGCCTCT-1",1
"GATCGATTCCGCATCT-1",9
"GATCGCGAGATAGTCA-1",1
"GATCGCGAGCCTTGAT-1",1
"GATCGCGAGGAGCGTT-1",0
"GATCGCGCAGGTCGTC-1",0
"GATCGCGGTACAGCAG-1",0
"GATCGCGGTGAGTATA-1",3
"GATCGCGGTTGTCGCG-1",2
"GATCGCGTCACTCCTG-1",0
"GATCGTAAGACATAAC-1",1
"GATCGTAAGCTCAACT-1",1
"GATCGTACATAACCTG-1",3
"GATCGTAGTGGCTCCA-1",5
"GATCGTATCATATCGG-1",3
"GATCGTATCATGTCCC-1",2
"GATCGTATCTTACCGC-1",2
"GATCTAGAGCGTCTAT-1",0
"GATCTAGAGTGGAGAA-1",2
"GATCTAGCAACACCTA-1",4
"GATCTAGCAAGGGTCA-1",15
"GATCTAGGTCTAAAGA-1",0
"GATCTAGGTCTCACCT-1",0
"GATCTAGGTCTCTTTA-1",0
"GATCTAGTCACATAGC-1",0
"GATCTAGTCTAAGCCA-1",0
"GATGAAAAGAGTAATC-1",1
"GATGAAAAGCTCCCAG-1",0
"GATGAAACACGGTAGA-1",5
"GATGAAACAGCTGTAT-1",0
"GATGAAAGTGGGTATG-1",4
"GATGAAATCACCCTCA-1",1
"GATGAAATCACTCCTG-1",0
"GATGAAATCAGCAACT-1",2
"GATGAAATCGAGAGCA-1",1
"GATGAGGAGATCCCGC-1",1
"GATGAGGAGTTCGATC-1",0
"GATGAGGCACCAGTTA-1",1
"GATGAGGGTATCACCA-1",0
"GATGAGGGTATTCGTG-1",2
"GATGAGGGTCGCGTGT-1",0
"GATGAGGGTGATGATA-1",0
"GATGAGGTCACAGGCC-1",0
"GATGAGGTCACATAGC-1",0
"GATGAGGTCCCTTGTG-1",1
"GATGAGGTCTGCTGTC-1",1
"GATGCTAAGACTAAGT-1",0
"GATGCTAAGGATGCGT-1",6
"GATGCTAAGGCTCTTA-1",5
"GATGCTAAGGGAACGG-1",3
"GATGCTAAGTATCTCG-1",0
"GATGCTAAGTCTCGGC-1",0
"GATGCTACATGTTGAC-1",2
"GATGCTACATTGCGGC-1",0
"GATGCTAGTCTCCATC-1",4
"GATGCTAGTGGAAAGA-1",2
"GATGCTAGTTAGGGTG-1",2
"GATGCTATCCTGTACC-1",4
"GATGCTATCGGCGCTA-1",4
"GATTCAGAGAAACCTA-1",3
"GATTCAGAGAGTGACC-1",0
"GATTCAGAGATTACCC-1",3
"GATTCAGAGGGTCGAT-1",1
"GATTCAGAGGTCGGAT-1",0
"GATTCAGAGTCAATAG-1",1
"GATTCAGCAAGTTGTC-1",2
"GATTCAGCAATTCCTT-1",11
"GATTCAGCAGGGTACA-1",0
"GATTCAGCATCGACGC-1",4
"GATTCAGCATTATCTC-1",6
"GATTCAGGTAAATACG-1",0
"GATTCAGTCAACTCTT-1",0
"GCAAACTAGATGTTAG-1",0
"GCAAACTAGTCATGCT-1",2
"GCAAACTAGTCTCAAC-1",1
"GCAAACTCACAGGTTT-1",0
"GCAAACTGTCAGATAA-1",5
"GCAAACTGTCTCCATC-1",2
"GCAAACTTCGTGGTCG-1",5
"GCAATCAAGGGATCTG-1",0
"GCAATCAAGTATCTCG-1",0
"GCAATCAAGTGGGTTG-1",0
"GCAATCACAGCTTAAC-1",1
"GCAATCACATGTCGAT-1",2
"GCAATCACATTCCTCG-1",1
"GCAATCAGTAGGAGTC-1",0
"GCAATCAGTATAATGG-1",0
"GCAATCAGTTCTCATT-1",0
"GCAATCAGTTCTGGTA-1",2
"GCACATAAGAGCTATA-1",3
"GCACATAAGATGTTAG-1",2
"GCACATAAGCCTTGAT-1",1
"GCACATAAGGAGTACC-1",0
"GCACATAAGTGAAGTT-1",0
"GCACATACACCACGTG-1",1
"GCACATACAGCTGTAT-1",0
"GCACATACAGGAACGT-1",3
"GCACATAGTCATCGGC-1",1
"GCACATAGTCCGAATT-1",0
"GCACATAGTCTCTTTA-1",3
"GCACATAGTGCGCTTG-1",0
"GCACATATCACCTCGT-1",0
"GCACATATCTGGTTCC-1",0
"GCACTCTCAAGACACG-1",1
"GCACTCTCAATCACAC-1",2
"GCACTCTCATTTCAGG-1",0
"GCACTCTGTAAACCTC-1",2
"GCACTCTGTACCAGTT-1",11
"GCACTCTGTAGAAAGG-1",4
"GCACTCTGTCGAACAG-1",1
"GCACTCTGTCTAGGTT-1",7
"GCACTCTTCAACTCTT-1",1
"GCACTCTTCCCTAATT-1",2
"GCACTCTTCTGCCCTA-1",0
"GCAGCCAAGCTGATAA-1",3
"GCAGCCACATGAGCGA-1",1
"GCAGCCAGTAATCGTC-1",1
"GCAGCCAGTGTCGCTG-1",3
"GCAGCCATCAGTTGAC-1",0
"GCAGCCATCCCAACGG-1",1
"GCAGCCATCCGTACAA-1",0
"GCAGTTAAGTCCATAC-1",1
"GCAGTTAAGTCCGTAT-1",1
"GCAGTTAAGTTAACGA-1",0
"GCAGTTAGTGGACGAT-1",0
"GCAGTTAGTTATTCTC-1",3
"GCAGTTATCGCGATCG-1",1
"GCATACAAGATCTGCT-1",7
"GCATACAAGCAACGGT-1",0
"GCATACACAACGCACC-1",0
"GCATACACAAGGACTG-1",0
"GCATACACAAGTCTGT-1",0
"GCATACACAGTCAGCC-1",5
"GCATACACATCCTAGA-1",6
"GCATACACATCGGAAG-1",1
"GCATACAGTCCGAACC-1",4
"GCATACAGTTCTGGTA-1",0
"GCATACATCCACGACG-1",1
"GCATGATAGAATGTTG-1",0
"GCATGATAGAGTAATC-1",1
"GCATGATAGCTGATAA-1",1
"GCATGATAGGACCACA-1",0
"GCATGATAGGCTAGCA-1",2
"GCATGATAGTCAAGCG-1",2
"GCATGATAGTGGAGAA-1",7
"GCATGATCACACCGAC-1",0
"GCATGATCACATTTCT-1",2
"GCATGATGTCCCTACT-1",2
"GCATGATGTTGCGCAC-1",2
"GCATGATTCGTGGACC-1",0
"GCATGCGAGCATGGCA-1",0
"GCATGCGAGTCCAGGA-1",1
"GCATGCGCACTGCCAG-1",0
"GCATGCGGTAAGGATT-1",0
"GCATGCGGTCCTCTTG-1",0
"GCATGCGGTGTGAAAT-1",0
"GCATGCGTCCGCGGTA-1",3
"GCATGTAAGAACTGTA-1",0
"GCATGTAAGACAGACC-1",0
"GCATGTAAGTACTTGC-1",3
"GCATGTAAGTGCAAGC-1",3
"GCATGTACAACACGCC-1",9
"GCATGTATCACGAAGG-1",0
"GCCAAATCAAACTGTC-1",1
"GCCAAATCAAGGGTCA-1",0
"GCCAAATCAAGTTCTG-1",0
"GCCAAATCAGCCACCA-1",0
"GCCAAATCATAACCTG-1",0
"GCCAAATGTATAAACG-1",1
"GCCAAATGTGTTTGGT-1",2
"GCCAAATGTTTCGCTC-1",0
"GCCAAATTCAGGTAAA-1",0
"GCCAAATTCCGAGCCA-1",2
"GCCAAATTCCGCGGTA-1",0
"GCCAAATTCGGCTACG-1",2
"GCCTCTAAGAGTACCG-1",0
"GCCTCTAAGCCATCGC-1",0
"GCCTCTAAGCCGCCTA-1",0
"GCCTCTAAGCGATAGC-1",0
"GCCTCTAAGCTGCAAG-1",1
"GCCTCTAAGCTTCGCG-1",9
"GCCTCTAAGTCACGCC-1",1
"GCCTCTACAAGACGTG-1",1
"GCCTCTACAGCTATTG-1",3
"GCCTCTAGTAAGGATT-1",2
"GCCTCTAGTGATGATA-1",4
"GCCTCTAGTTAAGGGC-1",0
"GCCTCTATCAGCGACC-1",1
"GCCTCTATCCGATATG-1",0
"GCCTCTATCGAATCCA-1",2
"GCCTCTATCGAGCCCA-1",1
"GCCTCTATCGCTGATA-1",0
"GCCTCTATCTTTAGGG-1",1
"GCGACCAAGAGGTTAT-1",3
"GCGACCACACTTACGA-1",1
"GCGACCAGTCAGGACA-1",4
"GCGACCAGTCTAGAGG-1",5
"GCGACCATCAACGGGA-1",11
"GCGACCATCCCGGATG-1",2
"GCGACCATCTACTCAT-1",1
"GCGAGAAAGGTTCCTA-1",5
"GCGAGAAAGTACGATA-1",2
"GCGAGAAAGTGTCTCA-1",0
"GCGAGAACAAGCCCAC-1",0
"GCGAGAACACTGAAGG-1",4
"GCGAGAAGTAGCGCTC-1",0
"GCGAGAAGTCCCTACT-1",4
"GCGAGAATCCTTTCGG-1",1
"GCGAGAATCGAGAGCA-1",3
"GCGAGAATCGCACTCT-1",3
"GCGCAACAGTCCTCCT-1",0
"GCGCAACAGTGTACGG-1",0
"GCGCAACCAAGTCTGT-1",0
"GCGCAACCAGCCACCA-1",0
"GCGCAACGTAGCGCTC-1",1
"GCGCAACGTCCCTTGT-1",5
"GCGCAACGTCCTAGCG-1",0
"GCGCAACGTCGACTAT-1",1
"GCGCAACGTCTAGAGG-1",5
"GCGCAACGTGCACGAA-1",1
"GCGCAACTCAATACCG-1",3
"GCGCAGTCACATCCAA-1",1
"GCGCAGTCATTACCTT-1",3
"GCGCAGTGTTAGGGTG-1",0
"GCGCAGTTCGATCCCT-1",3
"GCGCAGTTCGCGGATC-1",0
"GCGCCAAAGACATAAC-1",1
"GCGCCAAAGGACAGCT-1",3
"GCGCCAAAGGCCCTTG-1",1
"GCGCCAAAGGGCTTCC-1",0
"GCGCCAAAGGTACTCT-1",4
"GCGCCAACATAACCTG-1",1
"GCGCCAACATTGGGCC-1",0
"GCGCCAAGTACTTGAC-1",0
"GCGCCAAGTCGGCACT-1",0
"GCGCCAAGTGAAAGAG-1",0
"GCGCCAAGTTGTACAC-1",2
"GCGCCAATCCGTTGCT-1",1
"GCGCGATAGAAGGTTT-1",5
"GCGCGATAGCAGGTCA-1",0
"GCGCGATAGTGAATTG-1",3
"GCGCGATAGTTTGCGT-1",0
"GCGCGATCAGCTCGAC-1",1
"GCGCGATGTAAGTAGT-1",1
"GCGCGATGTATCACCA-1",2
"GCGCGATGTCACTTCC-1",0
"GCGCGATGTTACCAGT-1",3
"GCGCGATTCAGTTAGC-1",1
"GCGCGATTCGTTTAGG-1",0
"GCGGGTTAGAAACGAG-1",0
"GCGGGTTAGCTATGCT-1",0
"GCGGGTTAGTGTGAAT-1",0
"GCGGGTTCACGCGAAA-1",2
"GCGGGTTCAGGCAGTA-1",0
"GCGGGTTCAGTAACGG-1",0
"GCGGGTTGTGAGTATA-1",4
"GCGGGTTGTGGCGAAT-1",1
"GCGGGTTTCCAAAGTC-1",12
"GCGGGTTTCCTTTCTC-1",3
"GCGGGTTTCTCCAACC-1",1
"GCGGGTTTCTTGAGGT-1",2
"GCGGGTTTCTTGTATC-1",1
"GCTCCTACAAACTGTC-1",2
"GCTCCTACACCAGGTC-1",0
"GCTCCTACACCGATAT-1",0
"GCTCCTACAGGGTACA-1",5
"GCTCCTACATTAGCCA-1",1
"GCTCCTAGTCAGGACA-1",0
"GCTCCTAGTCCGTCAG-1",9
"GCTCCTATCAGCCTAA-1",0
"GCTCCTATCCCTAATT-1",0
"GCTCTGTAGAGGTAGA-1",0
"GCTCTGTAGCTGAACG-1",3
"GCTCTGTAGGAGTCTG-1",0
"GCTCTGTAGTGCTGCC-1",3
"GCTCTGTAGTGGACGT-1",2
"GCTCTGTTCACCTCGT-1",2
"GCTGCAGAGCGTGAGT-1",0
"GCTGCAGAGTCAAGCG-1",0
"GCTGCAGAGTCCCACG-1",0
"GCTGCAGCAATTGCTG-1",3
"GCTGCAGCATGCCCGA-1",0
"GCTGCAGCATGCCTAA-1",1
"GCTGCAGGTAAACCTC-1",4
"GCTGCAGGTACGAAAT-1",2
"GCTGCAGGTAGCGCAA-1",1
"GCTGCAGGTCACCCAG-1",0
"GCTGCAGGTCATGCCG-1",9
"GCTGCGAAGGAATGGA-1",5
"GCTGCGAGTCTAACGT-1",1
"GCTGCGAGTGTTTGGT-1",2
"GCTGCGATCTCCTATA-1",0
"GCTGCGATCTTGTTTG-1",0
"GCTGCTTAGAATTGTG-1",0
"GCTGCTTAGGCAATTA-1",2
"GCTGCTTCATCACGTA-1",3
"GCTGCTTCATCCAACA-1",1
"GCTGCTTCATGCCTAA-1",0
"GCTGCTTCATGGTCAT-1",0
"GCTGCTTGTAACGACG-1",1
"GCTGCTTGTAATCGTC-1",2
"GCTGCTTGTAGGGACT-1",1
"GCTGCTTGTGAAAGAG-1",1
"GCTGCTTTCCGGGTGT-1",1
"GCTGGGTAGACCCACC-1",0
"GCTGGGTAGCCACGCT-1",1
"GCTGGGTAGTCGCCGT-1",2
"GCTGGGTAGTCTCAAC-1",2
"GCTGGGTCACGGCTAC-1",0
"GCTGGGTCAGCCAATT-1",1
"GCTGGGTGTACAGTTC-1",1
"GCTGGGTGTACCGTTA-1",2
"GCTGGGTGTCGAGTTT-1",0
"GCTGGGTGTCTCCACT-1",1
"GCTGGGTGTGCCTGTG-1",0
"GCTGGGTTCAGCTTAG-1",0
"GCTGGGTTCCTTAATC-1",0
"GCTTCCAAGAAACCTA-1",0
"GCTTCCACACCACCAG-1",1
"GCTTCCACAGGTCGTC-1",1
"GCTTCCACAGTGAGTG-1",0
"GCTTCCAGTATAGGTA-1",1
"GCTTCCAGTTCAGCGC-1",0
"GCTTCCATCGTCCAGG-1",1
"GCTTGAAAGATGGCGT-1",1
"GCTTGAAAGCCGTCGT-1",0
"GCTTGAACAAACCTAC-1",2
"GCTTGAACACGGTGTC-1",0
"GCTTGAACATCGGAAG-1",7
"GCTTGAAGTGCGGTAA-1",1
"GCTTGAAGTTCTCATT-1",1
"GCTTGAATCAGGATCT-1",1
"GGAAAGCAGGCAGGTT-1",2
"GGAAAGCCAAACGCGA-1",1
"GGAAAGCCAAGTACCT-1",0
"GGAAAGCGTAAGCACG-1",3
"GGAAAGCGTCCTCCAT-1",1
"GGAAAGCGTCGCGTGT-1",1
"GGAAAGCGTGCTTCTC-1",9
"GGAAAGCTCCAGAGGA-1",1
"GGAACTTAGAGTAAGG-1",1
"GGAACTTCAATGTAAG-1",3
"GGAACTTCACAGGAGT-1",0
"GGAACTTCACCTCGTT-1",0
"GGAACTTGTCTCTTTA-1",5
"GGAACTTTCATTGCCC-1",0
"GGAACTTTCATTTGGG-1",0
"GGAACTTTCCGTCATC-1",3
"GGAACTTTCCTCAACC-1",3
"GGAACTTTCGGATGTT-1",0
"GGAATAAAGGTACTCT-1",1
"GGAATAAAGTGTCCAT-1",5
"GGAATAACAGCGTCCA-1",1
"GGAATAAGTCTGGTCG-1",2
"GGAATAAGTGCAGGTA-1",0
"GGAATAATCAGCACAT-1",5
"GGAATAATCTTTACGT-1",3
"GGACAAGAGGTACTCT-1",1
"GGACAAGCAACGATGG-1",1
"GGACAAGCAGTCGTGC-1",0
"GGACAAGCATGGGACA-1",0
"GGACAAGGTATAAACG-1",3
"GGACAAGGTATGAAAC-1",0
"GGACAAGGTCGGCATC-1",1
"GGACAAGGTTATGCGT-1",3
"GGACAAGTCTAACGGT-1",5
"GGACAGAAGCTAGTCT-1",0
"GGACAGAAGTACTTGC-1",1
"GGACAGACAACACGCC-1",0
"GGACAGACACAAGCCC-1",1
"GGACAGAGTAAGTGGC-1",0
"GGACAGAGTCTTTCAT-1",0
"GGACAGAGTGAGGGAG-1",0
"GGACAGAGTTCCACAA-1",1
"GGACAGATCAACGCTA-1",0
"GGACATTAGAGGGCTT-1",4
"GGACATTAGCCACGTC-1",1
"GGACATTCAAACGCGA-1",0
"GGACATTCAATGACCT-1",4
"GGACATTCACCAGCAC-1",2
"GGACATTGTTCTGGTA-1",3
"GGACATTTCCTCTAGC-1",1
"GGACGTCAGTACTTGC-1",0
"GGACGTCAGTGGTAAT-1",1
"GGACGTCCACAGTCGC-1",1
"GGACGTCGTGAGGGAG-1",2
"GGACGTCGTGGCGAAT-1",4
"GGACGTCGTTACGGAG-1",1
"GGACGTCGTTTAAGCC-1",5
"GGACGTCTCCACTCCA-1",1
"GGACGTCTCGCAAACT-1",0
"GGACGTCTCTCCAGGG-1",2
"GGACGTCTCTCGAGTA-1",0
"GGACGTCTCTGGTGTA-1",2
"GGACGTCTCTTCGAGA-1",3
"GGAGCAAAGAACTCGG-1",0
"GGAGCAAAGACTGTAA-1",0
"GGAGCAAAGCCGCCTA-1",5
"GGAGCAAAGCTAAACA-1",0
"GGAGCAAAGTACGCCC-1",1
"GGAGCAACAAGCTGTT-1",1
"GGAGCAACAATGGACG-1",2
"GGAGCAACAATTCCTT-1",0
"GGAGCAACATGCTGGC-1",4
"GGAGCAAGTGAGTATA-1",7
"GGAGCAAGTTACTGAC-1",4
"GGAGCAATCAAGATCC-1",2
"GGAGCAATCCCATTTA-1",1
"GGATGTTCAAACTGTC-1",0
"GGATGTTTCATCACCC-1",3
"GGATGTTTCATGCATG-1",1
"GGATGTTTCCTACAGA-1",1
"GGATGTTTCCTCTAGC-1",5
"GGATTACAGATCCCAT-1",1
"GGATTACAGCTTCGCG-1",0
"GGATTACAGGCTAGCA-1",1
"GGATTACAGTATCTCG-1",0
"GGATTACCAAGCGTAG-1",3
"GGATTACCACATCCGG-1",2
"GGATTACCAGCGTAAG-1",1
"GGATTACGTAATAGCA-1",0
"GGATTACGTACACCGC-1",0
"GGATTACGTCTCTTTA-1",0
"GGATTACGTTGAGGTG-1",0
"GGATTACTCGCGCCAA-1",2
"GGATTACTCGGCGCAT-1",0
"GGATTACTCTGCCCTA-1",3
"GGCAATTCAATCGGTT-1",4
"GGCAATTCACGGCGTT-1",3
"GGCAATTCATCACCCT-1",0
"GGCAATTGTCGATTGT-1",1
"GGCAATTTCACTTACT-1",7
"GGCAATTTCAGCACAT-1",5
"GGCAATTTCTCCGGTT-1",0
"GGCCGATAGTGTCTCA-1",2
"GGCCGATCACGGACAA-1",3
"GGCCGATGTAGGACAC-1",1
"GGCCGATGTCACTGGC-1",3
"GGCCGATGTCCCTACT-1",9
"GGCCGATTCACCGTAA-1",4
"GGCCGATTCCGCGCAA-1",0
"GGCGACTAGAGCTGGT-1",0
"GGCGACTAGGACCACA-1",2
"GGCGACTAGGTTACCT-1",6
"GGCGACTCAAAGCGGT-1",7
"GGCGACTCAAGAGTCG-1",2
"GGCGACTCACCAGGTC-1",0
"GGCGACTCATTGTGCA-1",0
"GGCGACTTCAGAAATG-1",0
"GGCGACTTCAGAGACG-1",0
"GGCGACTTCCAGATCA-1",4
"GGCGACTTCTCTAGGA-1",2
"GGCGTGTAGCTAGCCC-1",3
"GGCGTGTAGGGTATCG-1",0
"GGCGTGTCAGGTCCAC-1",0
"GGCGTGTCAGTATAAG-1",2
"GGCGTGTCATCGTCGG-1",0
"GGCGTGTCATGGAATA-1",1
"GGCGTGTGTCTCCCTA-1",2
"GGCGTGTTCTTGAGGT-1",1
"GGCTCGAAGCCGTCGT-1",0
"GGCTCGAAGGTAAACT-1",0
"GGCTCGACAAGAAGAG-1",9
"GGCTCGACAATAGCAA-1",0
"GGCTCGACATGGTCAT-1",3
"GGCTCGAGTATATCCG-1",6
"GGCTCGAGTTACGTCA-1",2
"GGCTCGAGTTAGGGTG-1",0
"GGCTCGATCTGCAAGT-1",0
"GGCTGGTAGAAGAAGC-1",3
"GGCTGGTAGACCCACC-1",2
"GGCTGGTCAAGGACAC-1",1
"GGCTGGTCACTGCCAG-1",0
"GGCTGGTCATTTCAGG-1",2
"GGCTGGTGTATTCTCT-1",0
"GGCTGGTGTCGCATCG-1",0
"GGCTGGTGTCTAGTGT-1",6
"GGCTGGTGTTATGCGT-1",5
"GGGAATGAGCGTTGCC-1",0
"GGGAATGAGTAGGTGC-1",0
"GGGAATGGTAAGGGAA-1",4
"GGGAATGTCAACGAAA-1",0
"GGGAATGTCCAGTATG-1",1
"GGGAATGTCCGGGTGT-1",0
"GGGACCTAGATGTAAC-1",0
"GGGACCTAGTCTTGCA-1",7
"GGGACCTCAATCAGAA-1",5
"GGGACCTCACTGAAGG-1",5
"GGGAGATAGTACGACG-1",0
"GGGAGATCAAAGTGCG-1",1
"GGGAGATCAAATCCGT-1",2
"GGGAGATCAAGGACTG-1",1
"GGGAGATCACGCGAAA-1",1
"GGGAGATGTAGCGCAA-1",0
"GGGAGATTCAACGGGA-1",0
"GGGAGATTCATCACCC-1",3
"GGGATGAAGTGACATA-1",0
"GGGATGACATCATCCC-1",3
"GGGATGAGTCACCCAG-1",0
"GGGATGAGTGGAAAGA-1",2
"GGGATGAGTTACGACT-1",1
"GGGATGAGTTGGTAAA-1",0
"GGGATGATCAGTTAGC-1",1
"GGGATGATCTATCCTA-1",4
"GGGATGATCTTTAGGG-1",3
"GGGCACTAGTCTCGGC-1",2
"GGGCACTCATCTCCCA-1",2
"GGGCACTTCACCTCGT-1",1
"GGGCACTTCTGAGGGA-1",2
"GGGCATCCAATGTAAG-1",1
"GGGCATCCAGTCTTCC-1",0
"GGGCATCGTGGCGAAT-1",0
"GGGCATCTCACAGTAC-1",7
"GGGCATCTCCCTTGTG-1",1
"GGGCATCTCCGGCACA-1",0
"GGGCATCTCTGTCCGT-1",2
"GGGCATCTCTTATCTG-1",0
"GGGTCTGAGAAGATTC-1",0
"GGGTCTGAGATCCCGC-1",7
"GGGTCTGAGCCAACAG-1",0
"GGGTCTGCACAGGCCT-1",4
"GGGTCTGCACCAGGTC-1",0
"GGGTCTGGTCTGGTCG-1",3
"GGGTCTGGTGATGATA-1",0
"GGGTCTGGTGTGACCC-1",3
"GGGTCTGTCAACTCTT-1",4
"GGGTCTGTCACTCCTG-1",12
"GGGTCTGTCCGTAGTA-1",1
"GGGTTGCAGACAGAGA-1",0
"GGGTTGCAGACCTTTG-1",2
"GGGTTGCAGATCGATA-1",1
"GGGTTGCAGGGTGTTG-1",2
"GGGTTGCAGGTGGGTT-1",0
"GGGTTGCCAATAACGA-1",0
"GGGTTGCCACGCCAGT-1",3
"GGGTTGCCATTAACCG-1",4
"GGGTTGCGTACATCCA-1",4
"GGGTTGCGTAGCGCAA-1",1
"GGGTTGCGTCCTCCAT-1",2
"GGGTTGCGTCGAGTTT-1",0
"GGGTTGCGTGAGTATA-1",7
"GGGTTGCGTGTGACCC-1",0
"GGGTTGCTCGTACCGG-1",0
"GGTATTGAGCACCGTC-1",0
"GGTATTGAGCTATGCT-1",0
"GGTATTGCACATCCAA-1",3
"GGTATTGCAGCTTCGG-1",3
"GGTATTGGTTCCGTCT-1",0
"GGTATTGTCAGAAATG-1",4
"GGTATTGTCCATTCTA-1",0
"GGTATTGTCGCCAGCA-1",1
"GGTGAAGAGACACGAC-1",1
"GGTGAAGAGATCCGAG-1",0
"GGTGAAGCAAGGTGTG-1",0
"GGTGAAGCACTCGACG-1",1
"GGTGAAGCAGTATGCT-1",1
"GGTGAAGGTATGAAAC-1",1
"GGTGAAGGTCAGAATA-1",0
"GGTGAAGGTGGTACAG-1",0
"GGTGAAGGTGTATGGG-1",11
"GGTGAAGGTGTCTGAT-1",7
"GGTGAAGGTGTGGTTT-1",4
"GGTGAAGGTGTGTGCC-1",3
"GGTGAAGTCACGATGT-1",3
"GGTGAAGTCACTCTTA-1",1
"GGTGAAGTCTGGCGTG-1",0
"GGTGCGTAGGTGATTA-1",2
"GGTGCGTAGTACGATA-1",3
"GGTGCGTCACTTAAGC-1",2
"GGTGCGTCAGCTGTAT-1",0
"GGTGCGTGTTCGTTGA-1",3
"GGTGCGTTCCGTACAA-1",0
"GGTGCGTTCTTGACGA-1",2
"GGTGTTAAGGGCTCTC-1",3
"GGTGTTAAGTAGCGGT-1",0
"GGTGTTAAGTGGGATC-1",3
"GGTGTTAAGTTATCGC-1",0
"GGTGTTACAAATCCGT-1",0
"GGTGTTACACGGATAG-1",2
"GGTGTTAGTAATCACC-1",0
"GGTGTTAGTAGCAAAT-1",1
"GGTGTTAGTGTATGGG-1",2
"GGTGTTAGTTGAACTC-1",1
"GGTGTTATCGGACAAG-1",3
"GGTGTTATCGGTGTTA-1",3
"GGTGTTATCTACTTAC-1",2
"GTAACGTAGGTGACCA-1",2
"GTAACGTCACAGGCCT-1",2
"GTAACGTGTACCATCA-1",1
"GTAACGTGTGAGTATA-1",0
"GTAACGTGTTACGGAG-1",0
"GTAACGTGTTAGGGTG-1",2
"GTAACGTTCGGTCCGA-1",2
"GTAACGTTCTCATTCA-1",0
"GTAACTGAGTGGGTTG-1",1
"GTAACTGCAATGGAAT-1",6
"GTAACTGCACAGGCCT-1",0
"GTAACTGCAGGATCGA-1",0
"GTAACTGCATCGGGTC-1",1
"GTAACTGGTATTACCG-1",1
"GTAACTGTCACGGTTA-1",2
"GTAACTGTCTACTATC-1",3
"GTACGTAAGGTGCTTT-1",1
"GTACGTACAGGAATGC-1",0
"GTACGTACATGGATGG-1",1
"GTACGTAGTGAGTGAC-1",0
"GTACGTAGTTGGTAAA-1",1
"GTACGTATCACCTCGT-1",3
"GTACGTATCATCGGAT-1",3
"GTACGTATCCACTGGG-1",3
"GTACTCCAGGCAGTCA-1",4
"GTACTCCCAATAGCGG-1",4
"GTACTCCCACAGGTTT-1",5
"GTACTCCTCACCTTAT-1",0
"GTACTCCTCATTGCCC-1",0
"GTACTCCTCCTTCAAT-1",0
"GTACTTTCAGTTAACC-1",3
"GTACTTTCATGTCGAT-1",0
"GTACTTTTCCGAAGAG-1",1
"GTAGGCCAGCAATCTC-1",0
"GTAGGCCCATTCGACA-1",3
"GTAGGCCGTAACGCGA-1",0
"GTAGGCCGTAAGGGCT-1",0
"GTAGGCCGTACGACCC-1",3
"GTAGGCCGTTCAGGCC-1",5
"GTAGGCCGTTGATTGC-1",5
"GTAGGCCTCAGCACAT-1",0
"GTAGTCAAGAATGTGT-1",0
"GTAGTCAAGATGCCTT-1",0
"GTAGTCAAGGACGAAA-1",0
"GTAGTCAAGTGAAGAG-1",0
"GTAGTCATCGTCACGG-1",0
"GTAGTCATCTGAAAGA-1",0
"GTATCTTAGAAACCAT-1",9
"GTATCTTAGGCTATCT-1",0
"GTATCTTAGTTGTCGT-1",0
"GTATCTTCACACCGCA-1",2
"GTATCTTCACGAAGCA-1",0
"GTATCTTGTTCGCTAA-1",1
"GTATCTTTCATGCTCC-1",0
"GTATCTTTCATGTAGC-1",4
"GTATTCTAGAAACCAT-1",4
"GTATTCTAGACAAAGG-1",3
"GTATTCTCAAAGTCAA-1",1
"GTATTCTCAACAACCT-1",0
"GTATTCTCAACTTGAC-1",2
"GTATTCTCAATAAGCA-1",0
"GTATTCTCAGGGTTAG-1",1
"GTATTCTCATACTACG-1",0
"GTATTCTCATGGTAGG-1",3
"GTATTCTGTAGTGAAT-1",1
"GTATTCTGTCTAGAGG-1",0
"GTCAAGTCATATGCTG-1",0
"GTCAAGTCATGGTTGT-1",1
"GTCAAGTGTCAGCTAT-1",0
"GTCAAGTGTTCCACTC-1",1
"GTCACAAAGCCGATTT-1",2
"GTCACAAAGTGGAGTC-1",0
"GTCACAACAGGTGGAT-1",0
"GTCACAAGTAAACGCG-1",2
"GTCACAATCAGGATCT-1",1
"GTCACAATCAGTTGAC-1",0
"GTCACAATCATGCATG-1",6
"GTCACGGAGATCACGG-1",0
"GTCACGGCATATACCG-1",9
"GTCACGGGTGAGTGAC-1",4
"GTCACGGGTGTGGCTC-1",0
"GTCACGGTCGAGAGCA-1",0
"GTCACGGTCTACCTGC-1",3
"GTCATTTAGAGACTAT-1",0
"GTCATTTCACGTGAGA-1",4
"GTCATTTGTAGAAGGA-1",4
"GTCATTTGTCAGATAA-1",0
"GTCATTTTCCAGAGGA-1",0
"GTCCTCAAGCCCAACC-1",1
"GTCCTCAAGTAGATGT-1",0
"GTCCTCAAGTGGGCTA-1",1
"GTCCTCACAATCACAC-1",2
"GTCCTCAGTGGAAAGA-1",1
"GTCCTCATCAAAGACA-1",0
"GTCCTCATCGTCCGTT-1",0
"GTCGGGTCACTGAAGG-1",0
"GTCGGGTCACTTCGAA-1",1
"GTCGGGTCATGAAGTA-1",0
"GTCGGGTGTCTCACCT-1",0
"GTCGGGTGTGTGACGA-1",1
"GTCGGGTGTGTGTGCC-1",3
"GTCGGGTGTTACGTCA-1",8
"GTCGGGTTCTGCTGTC-1",1
"GTCGGGTTCTGTGCAA-1",1
"GTCGTAAAGAGATGAG-1",2
"GTCGTAAAGCTGCAAG-1",8
"GTCGTAAAGGCGACAT-1",0
"GTCGTAACATCACGAT-1",5
"GTCGTAAGTATCACCA-1",0
"GTCGTAATCCAAGTAC-1",1
"GTCTCGTAGACCACGA-1",0
"GTCTCGTCAGGAACGT-1",0
"GTCTCGTGTGGTAACG-1",0
"GTCTCGTGTTTGGCGC-1",0
"GTCTCGTTCACCGGGT-1",1
"GTCTCGTTCAGTGCAT-1",1
"GTCTTCGAGACAAGCC-1",5
"GTCTTCGAGGAATGGA-1",0
"GTCTTCGAGTCAAGCG-1",1
"GTCTTCGCACATGGGA-1",4
"GTCTTCGCACCAGGTC-1",0
"GTCTTCGCAGACGCAA-1",2
"GTCTTCGCATAACCTG-1",0
"GTCTTCGCATCGATGT-1",6
"GTCTTCGGTCTAGTGT-1",1
"GTCTTCGTCTCGATGA-1",1
"GTGAAGGAGAGCTGGT-1",3
"GTGAAGGAGATCGGGT-1",2
"GTGAAGGAGCCAGTTT-1",0
"GTGAAGGAGTGTTGAA-1",4
"GTGAAGGCAAAGGCGT-1",0
"GTGAAGGCACTTAAGC-1",0
"GTGAAGGCAGATTGCT-1",0
"GTGAAGGGTATATGGA-1",0
"GTGAAGGGTCTCTCTG-1",0
"GTGAAGGTCTCCTATA-1",0
"GTGCAGCAGACATAAC-1",0
"GTGCAGCAGTGGTCCC-1",6
"GTGCAGCCACATCTTT-1",4
"GTGCAGCGTGAGTATA-1",0
"GTGCAGCTCTTAGAGC-1",0
"GTGCATAAGGCATGGT-1",0
"GTGCATAGTTTGTTGG-1",1
"GTGCATATCAGAGCTT-1",0
"GTGCATATCATCATTC-1",1
"GTGCATATCTGCGTAA-1",12
"GTGCGGTAGCAATCTC-1",2
"GTGCGGTAGGACAGAA-1",0
"GTGCGGTCAAAGGTGC-1",2
"GTGCGGTGTTCAGACT-1",0
"GTGCGGTGTTCTGTTT-1",0
"GTGCGGTTCATCTGCC-1",0
"GTGCGGTTCCAGGGCT-1",1
"GTGCGGTTCGGATGGA-1",3
"GTGCGGTTCTCGTTTA-1",6
"GTGCGGTTCTGCTGTC-1",1
"GTGCTTCAGCCAGTTT-1",1
"GTGCTTCAGGATTCGG-1",1
"GTGCTTCAGTACACCT-1",1
"GTGCTTCCACTTAACG-1",2
"GTGCTTCCAGCTATTG-1",2
"GTGCTTCGTAGAGTGC-1",10
"GTGCTTCTCACAATGC-1",0
"GTGCTTCTCACTTCAT-1",5
"GTGGGTCAGACCGGAT-1",3
"GTGGGTCAGACTGTAA-1",1
"GTGGGTCAGCCGTCGT-1",0
"GTGGGTCCACCAACCG-1",1
"GTGGGTCCACCACCAG-1",1
"GTGTGCGAGACCGGAT-1",0
"GTGTGCGAGACTTGAA-1",0
"GTGTGCGCAGGTCGTC-1",0
"GTGTGCGGTGAGCGAT-1",3
"GTGTGCGTCAGTCAGT-1",0
"GTGTGCGTCCCTTGTG-1",0
"GTGTGCGTCTAACTTC-1",1
"GTGTTAGAGCACGCCT-1",0
"GTGTTAGAGGACAGAA-1",4
"GTGTTAGAGGCATGGT-1",4
"GTGTTAGAGTGGAGAA-1",1
"GTGTTAGAGTTTGCGT-1",0
"GTGTTAGCAATGGAAT-1",3
"GTGTTAGCACCACCAG-1",0
"GTGTTAGGTGCCTGGT-1",1
"GTGTTAGGTGGAAAGA-1",0
"GTGTTAGGTTCCATGA-1",2
"GTGTTAGGTTGGGACA-1",3
"GTTAAGCAGAGCTGCA-1",4
"GTTAAGCAGATAGCAT-1",2
"GTTAAGCAGCTAACAA-1",1
"GTTAAGCAGGCTACGA-1",5
"GTTAAGCAGTGTACCT-1",0
"GTTAAGCAGTTTGCGT-1",1
"GTTAAGCCATTCACTT-1",2
"GTTAAGCGTACTCGCG-1",1
"GTTAAGCGTCTAGGTT-1",0
"GTTAAGCGTGGCAAAC-1",1
"GTTAAGCGTTGCTCCT-1",0
"GTTAAGCTCCTTTCGG-1",2
"GTTACAGAGAGCTATA-1",0
"GTTACAGAGTACGATA-1",3
"GTTACAGCAGACGCCT-1",1
"GTTACAGCATCGGTTA-1",3
"GTTACAGGTATGGTTC-1",1
"GTTACAGGTCGACTGC-1",9
"GTTACAGGTCTAGGTT-1",0
"GTTCATTAGCGATGAC-1",6
"GTTCATTCATATACGC-1",0
"GTTCATTCATTGGCGC-1",3
"GTTCATTGTGCACGAA-1",2
"GTTCATTGTGTTAAGA-1",0
"GTTCATTGTTCAGTAC-1",1
"GTTCGGGAGACGACGT-1",0
"GTTCGGGAGCTAAGAT-1",2
"GTTCGGGAGTGTCTCA-1",0
"GTTCGGGGTAGGGTAC-1",0
"GTTCGGGGTGCAGGTA-1",2
"GTTCGGGTCCACGCAG-1",2
"GTTCGGGTCTACTTAC-1",0
"GTTCTCGAGACCACGA-1",0
"GTTCTCGAGCGATGAC-1",0
"GTTCTCGAGGCCATAG-1",1
"GTTCTCGCATCGGACC-1",3
"GTTCTCGGTAAGGGAA-1",0
"GTTCTCGGTAGCGTAG-1",0
"GTTCTCGGTCCGTGAC-1",1
"GTTCTCGGTGTTAAGA-1",4
"GTTCTCGTCAACGCTA-1",5
"GTTCTCGTCCTGTACC-1",2
"GTTTCTACAAACCTAC-1",3
"GTTTCTACAAGAAAGG-1",0
"GTTTCTAGTGTTGGGA-1",10
"GTTTCTATCCCAACGG-1",0
"GTTTCTATCCGTAGTA-1",5
"GTTTCTATCGGCATCG-1",0
"TAAACCGGTACTTAGC-1",6
"TAAACCGTCACTCTTA-1",3
"TAAACCGTCAGGCGAA-1",2
"TAAACCGTCCGTTGTC-1",3
"TAAACCGTCTTCCTTC-1",0
"TAAGAGACAAGTTGTC-1",8
"TAAGAGAGTATATCCG-1",4
"TAAGAGATCAATCACG-1",2
"TAAGAGATCTAACGGT-1",0
"TAAGAGATCTTTCCTC-1",7
"TAAGCGTAGTGGACGT-1",1
"TAAGCGTAGTGTCTCA-1",2
"TAAGCGTCAGCTTCGG-1",0
"TAAGCGTCAGGTGGAT-1",6
"TAAGCGTGTCCTGCTT-1",0
"TAAGCGTGTGCCTGGT-1",1
"TAAGCGTGTTGTTTGG-1",5
"TAAGCGTTCCTCATTA-1",2
"TAAGCGTTCGGCGCAT-1",0
"TAAGCGTTCTCGCATC-1",1
"TAAGTGCAGGCTAGGT-1",2
"TAAGTGCAGTAGCGGT-1",0
"TAAGTGCCAACGCACC-1",2
"TAAGTGCCATACAGCT-1",2
"TAAGTGCGTAAACACA-1",0
"TAAGTGCGTCTCACCT-1",0
"TAAGTGCGTTCAGACT-1",0
"TAAGTGCTCACCCTCA-1",0
"TAAGTGCTCACTGGGC-1",0
"TAAGTGCTCTGGCGTG-1",2
"TACACGACACCCATTC-1",0
"TACACGAGTGATAAAC-1",0
"TACACGATCTGTCTCG-1",2
"TACAGTGAGATGCGAC-1",0
"TACAGTGAGCGTTGCC-1",0
"TACAGTGAGTGTACGG-1",0
"TACAGTGCAGGAATCG-1",1
"TACAGTGCAGGTGCCT-1",0
"TACAGTGGTACTCAAC-1",5
"TACAGTGGTTGGACCC-1",4
"TACCTATAGAGCTGGT-1",0
"TACCTATAGAGTTGGC-1",3
"TACCTATAGGCTCATT-1",4
"TACCTATAGTTAGCGG-1",0
"TACCTATCAAGCTGGA-1",2
"TACCTATGTAAATGAC-1",3
"TACCTATGTAGAGTGC-1",0
"TACCTATGTCACCTAA-1",1
"TACCTATGTGTTGAGG-1",0
"TACCTATGTTAAAGAC-1",3
"TACCTATTCTATGTGG-1",0
"TACCTATTCTTCCTTC-1",2
"TACCTTAAGAGGTTGC-1",3
"TACCTTAAGTCAAGCG-1",3
"TACCTTAAGTGGTCCC-1",0
"TACCTTACAACTGGCC-1",3
"TACCTTACAAGGGTCA-1",0
"TACCTTACACTCAGGC-1",2
"TACCTTACATCTACGA-1",0
"TACCTTAGTAGCGTCC-1",0
"TACCTTAGTCTCCACT-1",1
"TACGGATAGATGGCGT-1",5
"TACGGATAGGTACTCT-1",0
"TACGGATCAGGGATTG-1",1
"TACGGATCATCACCCT-1",1
"TACGGATGTCTAGCCG-1",0
"TACGGATTCGGTGTCG-1",6
"TACGGATTCTACTATC-1",1
"TACGGGCAGGATGCGT-1",1
"TACGGGCAGGGAACGG-1",0
"TACGGGCAGTATTGGA-1",1
"TACGGGCAGTCAAGCG-1",0
"TACGGGCCAAGAAGAG-1",0
"TACGGGCCACCAGATT-1",0
"TACGGGCCATCAGTAC-1",1
"TACGGGCGTAAGGGCT-1",0
"TACGGGCGTCTGATTG-1",3
"TACGGGCGTGATGTGG-1",2
"TACGGGCTCACCTTAT-1",1
"TACGGGCTCAGCTCTC-1",1
"TACGGGCTCCACGAAT-1",2
"TACGGGCTCCTATTCA-1",0
"TACGGGCTCGGTGTTA-1",6
"TACGGTAAGATATGGT-1",11
"TACGGTAAGCCGATTT-1",0
"TACGGTAAGTCATGCT-1",7
"TACGGTAAGTGCCATT-1",0
"TACGGTACACAGGCCT-1",0
"TACGGTACATTTCAGG-1",0
"TACGGTAGTATATCCG-1",0
"TACGGTAGTCACTTCC-1",5
"TACGGTAGTGCAGGTA-1",0
"TACGGTAGTGGGTATG-1",0
"TACGGTATCGCAGGCT-1",1
"TACGGTATCGGACAAG-1",9
"TACGGTATCGTTTATC-1",3
"TACTCATAGTCACGCC-1",1
"TACTCATCAATCTACG-1",2
"TACTCATCACGGTAGA-1",0
"TACTCATCACTTCTGC-1",0
"TACTCATCATCCGTGG-1",2
"TACTCATCATGTCGAT-1",1
"TACTCATGTACAGCAG-1",1
"TACTCATGTCTTCAAG-1",0
"TACTCATTCCTTTCTC-1",0
"TACTCGCAGGCGACAT-1",0
"TACTCGCGTCAGAAGC-1",1
"TACTCGCGTCTGATTG-1",5
"TACTCGCGTGTAACGG-1",1
"TACTCGCGTTGAGTTC-1",0
"TACTCGCTCAACGGGA-1",1
"TACTCGCTCCGAATGT-1",2
"TACTTACAGACTAGGC-1",0
"TACTTACAGCTGAACG-1",0
"TACTTACAGTACACCT-1",2
"TACTTACAGTACGCCC-1",0
"TACTTACAGTGATCGG-1",1
"TACTTACCAAGCCGTC-1",9
"TACTTACCACAGGTTT-1",3
"TACTTACTCGCGTTTC-1",5
"TACTTGTAGCGATATA-1",1
"TACTTGTAGTAATCCC-1",1
"TACTTGTCAAACAACA-1",2
"TACTTGTCATGCAACT-1",1
"TACTTGTGTAGCACGA-1",0
"TACTTGTGTATAAACG-1",0
"TACTTGTGTTCCACAA-1",1
"TACTTGTTCTGCAGTA-1",10
"TAGACCAAGAGACGAA-1",0
"TAGACCAAGCCTCGTG-1",2
"TAGACCAAGTCGATAA-1",11
"TAGACCACAACACCCG-1",1
"TAGACCAGTAGATTAG-1",1
"TAGACCAGTTCATGGT-1",1
"TAGACCATCACTTCAT-1",0
"TAGACCATCGTCACGG-1",1
"TAGACCATCTCCAGGG-1",0
"TAGAGCTAGAATTCCC-1",3
"TAGAGCTAGTATTGGA-1",2
"TAGAGCTCACTGAAGG-1",1
"TAGAGCTGTACTTGAC-1",0
"TAGAGCTGTAGGGACT-1",0
"TAGAGCTGTCTAAAGA-1",0
"TAGCCGGAGACTGGGT-1",0
"TAGCCGGAGTCCCACG-1",0
"TAGCCGGAGTGACATA-1",2
"TAGCCGGCAGCAGTTT-1",0
"TAGCCGGGTACAGTGG-1",14
"TAGCCGGGTACCATCA-1",0
"TAGCCGGGTCGCGAAA-1",2
"TAGCCGGTCACGACTA-1",3
"TAGCCGGTCCAGGGCT-1",1
"TAGGCATAGAACTGTA-1",0
"TAGGCATAGCTAGGCA-1",3
"TAGGCATAGTCGTACT-1",8
"TAGGCATAGTTTAGGA-1",2
"TAGGCATCAAGCCTAT-1",1
"TAGGCATCAGACGCAA-1",0
"TAGGCATGTACGAAAT-1",0
"TAGGCATGTCCAGTTA-1",1
"TAGGCATGTTCCACTC-1",7
"TAGGCATTCCCTAACC-1",0
"TAGGCATTCGCTAGCG-1",2
"TAGGCATTCGTAGATC-1",2
"TAGGCATTCTTCATGT-1",2
"TAGTGGTAGATCACGG-1",0
"TAGTGGTAGCTGTTCA-1",0
"TAGTGGTCAGTATAAG-1",0
"TAGTGGTGTAGCGTAG-1",3
"TAGTGGTTCAGCATGT-1",0
"TAGTGGTTCGGCGCAT-1",0
"TAGTGGTTCTCAAGTG-1",0
"TAGTGGTTCTGGGCCA-1",9
"TAGTGGTTCTTTAGTC-1",0
"TAGTTGGAGATAGGAG-1",0
"TAGTTGGCAGACGCAA-1",0
"TAGTTGGCATGCGCAC-1",0
"TAGTTGGGTATGGTTC-1",4
"TAGTTGGTCCGAATGT-1",0
"TAGTTGGTCTACTCAT-1",0
"TAGTTGGTCTCTAAGG-1",0
"TAGTTGGTCTGATACG-1",0
"TATCAGGAGAGTAAGG-1",0
"TATCAGGAGATCCGAG-1",5
"TATCAGGAGCAGATCG-1",0
"TATCAGGAGGTGCTTT-1",2
"TATCAGGCAACTTGAC-1",0
"TATCAGGCACGTTGGC-1",1
"TATCAGGGTCCGTTAA-1",0
"TATCAGGGTCTGCAAT-1",3
"TATCAGGGTTAAAGAC-1",3
"TATCAGGTCAAGATCC-1",0
"TATCAGGTCCACTCCA-1",2
"TATCAGGTCGTAGGTT-1",4
"TATCTCAAGAGTTGGC-1",1
"TATCTCAAGCCACCTG-1",1
"TATCTCAAGCGTAATA-1",1
"TATCTCAAGGCTAGCA-1",7
"TATCTCAAGTGGGCTA-1",2
"TATCTCACATGTCCTC-1",1
"TATCTCAGTAACGACG-1",11
"TATCTCAGTACCTACA-1",0
"TATCTCAGTACGACCC-1",3
"TATCTCAGTCAATGTC-1",3
"TATCTCATCAAGCCTA-1",0
"TATGCCCAGAAACCGC-1",8
"TATGCCCAGGTAGCTG-1",2
"TATGCCCCAATGGAAT-1",2
"TATGCCCCACTTAACG-1",0
"TATGCCCCATGTTCCC-1",0
"TATGCCCGTAGCCTCG-1",0
"TATGCCCGTATAGGGC-1",0
"TATGCCCGTATGAAAC-1",3
"TATGCCCGTCGCCATG-1",16
"TATGCCCGTGCCTTGG-1",1
"TATGCCCGTTAAGATG-1",1
"TATGCCCGTTGGTGGA-1",0
"TATGCCCGTTTAGGAA-1",0
"TATGCCCTCGTCTGCT-1",1
"TATTACCAGAGAGCTC-1",0
"TATTACCAGCAAATCA-1",0
"TATTACCAGCCCGAAA-1",0
"TATTACCAGTATCTCG-1",0
"TATTACCCAAAGTGCG-1",3
"TATTACCCAGACAAGC-1",3
"TATTACCCAGTCAGCC-1",0
"TATTACCCATAAAGGT-1",0
"TATTACCCATCTACGA-1",3
"TATTACCGTCCAGTAT-1",1
"TCAACGAAGCCGATTT-1",1
"TCAACGAAGCGATGAC-1",1
"TCAACGAAGGCATGTG-1",2
"TCAACGAAGTAGTGCG-1",2
"TCAACGACACCAGGCT-1",0
"TCAACGACATGCCTTC-1",0
"TCAACGAGTTACCAGT-1",2
"TCAACGAGTTCCATGA-1",2
"TCAACGAGTTCTGGTA-1",2
"TCAACGATCAGTCCCT-1",3
"TCAACGATCTGTGCAA-1",3
"TCAATCTAGATCCCGC-1",4
"TCAATCTCACAAGCCC-1",2
"TCAATCTCACAGCCCA-1",1
"TCAATCTCATGACGGA-1",1
"TCAATCTCATTTGCTT-1",0
"TCAATCTGTAGTGAAT-1",1
"TCAATCTGTTAGATGA-1",1
"TCAATCTTCAGATAAG-1",1
"TCAATCTTCATGTCCC-1",0
"TCACAAGAGACTGGGT-1",1
"TCACAAGAGAGAGCTC-1",2
"TCACAAGAGGCCCTCA-1",0
"TCACAAGAGGTGGGTT-1",0
"TCACAAGAGTAGATGT-1",0
"TCACAAGCAGTATGCT-1",6
"TCACAAGCATAACCTG-1",0
"TCACAAGCATGACATC-1",7
"TCACAAGGTCAGATAA-1",0
"TCACAAGGTGTGGTTT-1",4
"TCACAAGTCATCATTC-1",0
"TCACAAGTCATGCATG-1",1
"TCACGAAAGCTCCTTC-1",0
"TCACGAAAGGTGCTTT-1",3
"TCACGAAAGTCTCGGC-1",0
"TCACGAACACAAGACG-1",7
"TCACGAACACTGTCGG-1",2
"TCACGAAGTGGTCCGT-1",0
"TCACGAAGTTGGTGGA-1",2
"TCACGAATCATGCAAC-1",0
"TCACGAATCCCGACTT-1",0
"TCACGAATCCTCGCAT-1",2
"TCACGAATCGTCACGG-1",3
"TCAGATGAGGTGCACA-1",3
"TCAGATGGTCTTGTCC-1",5
"TCAGATGGTGCCTGCA-1",2
"TCAGATGGTGCTGTAT-1",0
"TCAGATGTCAGTTTGG-1",0
"TCAGATGTCGCATGAT-1",1
"TCAGATGTCTCCTATA-1",0
"TCAGCAAAGGAGTCTG-1",3
"TCAGCAAAGGCTCATT-1",7
"TCAGCAAAGTACGACG-1",3
"TCAGCAAAGTGGCACA-1",2
"TCAGCAACACGCATCG-1",2
"TCAGCAAGTACCGGCT-1",2
"TCAGCAATCAGCGATT-1",12
"TCAGCAATCGGAAACG-1",1
"TCAGCAATCTTCAACT-1",2
"TCAGCTCAGGTGTTAA-1",0
"TCAGCTCAGTATGACA-1",10
"TCAGCTCCAATCTGCA-1",0
"TCAGCTCCACGGTTTA-1",0
"TCAGCTCGTAATAGCA-1",0
"TCAGCTCGTCCGTCAG-1",0
"TCAGCTCGTTCACGGC-1",0
"TCAGCTCTCACGATGT-1",1
"TCAGCTCTCATGCATG-1",0
"TCAGCTCTCCTAAGTG-1",1
"TCAGCTCTCTCGTATT-1",0
"TCAGGATAGACAGAGA-1",0
"TCAGGATAGATATGGT-1",0
"TCAGGATCAAACGTGG-1",1
"TCAGGATCAAGTTCTG-1",0
"TCAGGATCACGGTGTC-1",0
"TCAGGATCACTGTGTA-1",0
"TCAGGATCAGCATACT-1",2
"TCAGGATCATCTGGTA-1",2
"TCAGGATGTAAGCACG-1",3
"TCAGGATGTGGCCCTA-1",1
"TCAGGATTCCGATATG-1",3
"TCAGGATTCTCGATGA-1",1
"TCAGGTAAGATGGCGT-1",0
"TCAGGTAAGTGTTTGC-1",2
"TCAGGTACACAAGTAA-1",4
"TCAGGTACACAGAGGT-1",4
"TCAGGTACAGCTGCTG-1",0
"TCAGGTAGTAAACGCG-1",3
"TCATTACAGAAACCAT-1",0
"TCATTACAGGAGTTGC-1",3
"TCATTACAGTTGCAGG-1",1
"TCATTACCACATCCAA-1",1
"TCATTACCAGTCAGCC-1",0
"TCATTACGTACGCACC-1",1
"TCATTACGTCTAGAGG-1",0
"TCATTACGTGAAGGCT-1",0
"TCATTACGTTCTGTTT-1",1
"TCATTACTCATCGATG-1",0
"TCATTTGAGCCAGTTT-1",1
"TCATTTGCACGTCTCT-1",0
"TCATTTGCAGTTAACC-1",1
"TCATTTGTCCAGAGGA-1",0
"TCATTTGTCCCTTGCA-1",0
"TCATTTGTCCGTCAAA-1",6
"TCATTTGTCGCTAGCG-1",2
"TCATTTGTCGTACGGC-1",0
"TCATTTGTCTCTGCTG-1",1
"TCCACACCAAAGAATC-1",0
"TCCACACCACGCCAGT-1",4
"TCCACACGTACAGCAG-1",7
"TCCACACGTAGCCTAT-1",5
"TCCACACGTCATCGGC-1",2
"TCCACACGTGACCAAG-1",0
"TCCACACGTGCGAAAC-1",0
"TCCACACTCAACACCA-1",2
"TCCACACTCCAGTATG-1",2
"TCCACACTCCCATTTA-1",0
"TCCACACTCGAACTGT-1",1
"TCCCGATAGAAGAAGC-1",0
"TCCCGATAGCACAGGT-1",0
"TCCCGATAGCCGGTAA-1",3
"TCCCGATCAAGGTTCT-1",6
"TCCCGATCAGCCAATT-1",0
"TCCCGATCATCCAACA-1",13
"TCCCGATGTAAGGATT-1",0
"TCCCGATGTCAATACC-1",0
"TCCCGATTCAGAAATG-1",0
"TCCCGATTCAGTCCCT-1",2
"TCCCGATTCATCTGTT-1",0
"TCCCGATTCCCTAATT-1",1
"TCCCGATTCTGGAGCC-1",0
"TCGAGGCAGCGATGAC-1",3
"TCGAGGCAGTGTTTGC-1",0
"TCGAGGCCAAAGAATC-1",1
"TCGAGGCCAAGTTCTG-1",2
"TCGAGGCCAGTAACGG-1",0
"TCGAGGCGTATATCCG-1",1
"TCGAGGCTCGCAAGCC-1",2
"TCGAGGCTCTTGAGAC-1",1
"TCGAGGCTCTTTCCTC-1",0
"TCGCGAGAGACAAAGG-1",0
"TCGCGAGAGTGAATTG-1",2
"TCGCGAGCAAGCGTAG-1",4
"TCGCGAGCACCGAATT-1",10
"TCGCGAGCAGTAAGAT-1",0
"TCGCGAGTCCACGAAT-1",1
"TCGCGAGTCTAGCACA-1",1
"TCGCGAGTCTCTAGGA-1",0
"TCGCGAGTCTTCATGT-1",3
"TCGCGTTAGTGGGCTA-1",1
"TCGCGTTCACAGGCCT-1",0
"TCGCGTTCATCACAAC-1",1
"TCGCGTTCATCTCGCT-1",1
"TCGCGTTGTTCACCTC-1",0
"TCGCGTTTCAAGATCC-1",2
"TCGCGTTTCAGGTAAA-1",0
"TCGCGTTTCATTCACT-1",1
"TCGCGTTTCCTGTACC-1",2
"TCGCGTTTCGCCCTTA-1",1
"TCGGGACCACACATGT-1",1
"TCGGGACTCCTTGCCA-1",5
"TCGGGACTCTGCGGCA-1",2
"TCGGGACTCTTGTCAT-1",0
"TCGGTAAAGACAGGCT-1",2
"TCGGTAAAGCTCAACT-1",0
"TCGGTAACAAGCTGAG-1",0
"TCGGTAACAGGAATGC-1",0
"TCGGTAAGTATATGGA-1",0
"TCGGTAAGTCTAGTCA-1",0
"TCGGTAATCCCGGATG-1",2
"TCGTACCAGCAGGCTA-1",2
"TCGTACCAGTTTCCTT-1",0
"TCGTACCGTTTGCATG-1",0
"TCGTACCTCGGGAGTA-1",1
"TCGTAGAAGCTAACTC-1",3
"TCGTAGAAGGCGACAT-1",7
"TCGTAGAAGGGAACGG-1",3
"TCGTAGAAGTCCATAC-1",0
"TCGTAGACAATCCAAC-1",0
"TCGTAGACACTCAGGC-1",0
"TCGTAGAGTATGAATG-1",0
"TCGTAGAGTGAGCGAT-1",2
"TCGTAGAGTGTGTGCC-1",6
"TCGTAGAGTTCAACCA-1",0
"TCGTAGAGTTCCATGA-1",4
"TCGTAGATCCAAGCCG-1",2
"TCGTAGATCTTAGCCC-1",3
"TCTATTGAGCGATTCT-1",1
"TCTATTGAGTGCCATT-1",2
"TCTATTGCACATCTTT-1",0
"TCTATTGGTAAGTGTA-1",1
"TCTATTGGTCCAACTA-1",0
"TCTATTGGTCTGCCAG-1",2
"TCTATTGGTTGCTCCT-1",0
"TCTATTGTCGGCGCTA-1",0
"TCTCATAAGCTAAACA-1",0
"TCTCATAAGCTAGTCT-1",1
"TCTCATAAGTGCCATT-1",0
"TCTCATAGTACCGGCT-1",1
"TCTCATAGTGTAAGTA-1",1
"TCTCATATCAAGCCTA-1",3
"TCTCATATCACCTTAT-1",2
"TCTCATATCCTGTACC-1",9
"TCTCTAAAGACCGGAT-1",0
"TCTCTAAAGGGTGTTG-1",0
"TCTCTAACAGCCTATA-1",2
"TCTCTAAGTCCAGTAT-1",0
"TCTCTAAGTCCATGAT-1",4
"TCTCTAAGTCTCATCC-1",0
"TCTCTAAGTGGAAAGA-1",9
"TCTCTAATCAAACCAC-1",0
"TCTCTAATCAACGCTA-1",0
"TCTCTAATCACAGGCC-1",0
"TCTCTAATCACATACG-1",0
"TCTCTAATCCGTAGGC-1",1
"TCTCTAATCGTATCAG-1",1
"TCTGAGACAAACCTAC-1",1
"TCTGAGACACGGATAG-1",1
"TCTGAGACAGAGTGTG-1",7
"TCTGAGAGTAAGGGAA-1",2
"TCTGAGATCCTTGACC-1",0
"TCTGAGATCTATCCTA-1",0
"TCTGGAAAGCGATGAC-1",0
"TCTGGAAAGCTAGTTC-1",0
"TCTGGAAAGCTCTCGG-1",0
"TCTGGAAAGGAGCGAG-1",0
"TCTGGAACACAAGACG-1",2
"TCTGGAACACACTGCG-1",3
"TCTGGAACACTTCTGC-1",10
"TCTGGAAGTGAGTATA-1",0
"TCTGGAATCTGTCTAT-1",0
"TCTTCGGAGGTTCCTA-1",1
"TCTTCGGAGTTCGATC-1",3
"TCTTCGGCAAAGCAAT-1",3
"TCTTCGGCAAAGGTGC-1",9
"TCTTCGGCAATAGCAA-1",0
"TCTTCGGCAATGTAAG-1",0
"TCTTCGGCACACCGAC-1",1
"TCTTCGGCAGCCAATT-1",3
"TCTTCGGGTCATTAGC-1",0
"TCTTCGGTCGTAGGTT-1",0
"TCTTCGGTCTCTAAGG-1",0
"TCTTTCCAGAGAGCTC-1",1
"TCTTTCCAGTCATCCA-1",2
"TCTTTCCCATCTCCCA-1",4
"TCTTTCCGTAATCACC-1",1
"TCTTTCCGTAGTACCT-1",2
"TCTTTCCTCACAACGT-1",0
"TCTTTCCTCAGCTGGC-1",0
"TCTTTCCTCCAAGTAC-1",1
"TCTTTCCTCCTCGCAT-1",8
"TGAAAGAAGCTAAGAT-1",3
"TGAAAGACAAGCCGTC-1",0
"TGAAAGACACATTCGA-1",0
"TGAAAGACATGAGCGA-1",0
"TGAAAGAGTCTAGCGC-1",0
"TGAAAGAGTCTCATCC-1",7
"TGAAAGATCCCGACTT-1",4
"TGAAAGATCTATGTGG-1",0
"TGACAACCAAGCGAGT-1",2
"TGACAACGTAGGGACT-1",4
"TGACAACGTGCGCTTG-1",3
"TGACAACGTGGTTTCA-1",0
"TGACAACTCACAAACC-1",3
"TGACAACTCCACGTGG-1",0
"TGACAACTCGAATGCT-1",0
"TGACGGCAGCGCCTCA-1",0
"TGACGGCAGGCTCAGA-1",2
"TGACGGCAGTCAAGCG-1",3
"TGACGGCCACAGACTT-1",2
"TGACGGCGTCATCCCT-1",1
"TGACGGCTCAGGCGAA-1",0
"TGACGGCTCCACTGGG-1",2
"TGACTAGAGACCCACC-1",0
"TGACTAGAGGGCATGT-1",0
"TGACTAGAGTCTCAAC-1",0
"TGACTAGAGTTGAGAT-1",0
"TGACTAGCAGCATACT-1",2
"TGACTAGCAGTCAGAG-1",3
"TGACTAGCATTTCACT-1",0
"TGACTAGGTAAATACG-1",1
"TGACTAGGTGAAAGAG-1",0
"TGACTAGGTGCAGTAG-1",2
"TGACTAGTCATGCATG-1",0
"TGACTAGTCCATGCTC-1",0
"TGACTAGTCTGTTGAG-1",2
"TGACTTTAGAACAATC-1",2
"TGACTTTAGTCTCGGC-1",1
"TGACTTTAGTTAGGTA-1",0
"TGACTTTCAGTCCTTC-1",2
"TGACTTTCATTATCTC-1",3
"TGACTTTGTCACACGC-1",0
"TGACTTTTCCTCAATT-1",0
"TGACTTTTCTGCCCTA-1",0
"TGAGAGGAGGCTCATT-1",0
"TGAGAGGCAAAGTCAA-1",1
"TGAGAGGCAAGCCATT-1",0
"TGAGAGGCACCATGTA-1",0
"TGAGAGGGTCACTGGC-1",2
"TGAGAGGGTCTAAACC-1",2
"TGAGAGGTCGAACTGT-1",1
"TGAGAGGTCGCGTTTC-1",6
"TGAGAGGTCTGACCTC-1",2
"TGAGCATAGAAACGAG-1",0
"TGAGCATAGAAGCCCA-1",0
"TGAGCATAGATGTCGG-1",0
"TGAGCATAGGAATGGA-1",2
"TGAGCATCACCAGGCT-1",4
"TGAGCATCAGATGAGC-1",0
"TGAGCATCAGCGTAAG-1",4
"TGAGCATCAGCTGTAT-1",5
"TGAGCATGTGGCCCTA-1",0
"TGAGCATTCCACGTTC-1",0
"TGAGCATTCCGATATG-1",2
"TGAGCATTCGGCCGAT-1",3
"TGAGCCGCATCGGGTC-1",0
"TGAGCCGGTCGAACAG-1",2
"TGAGCCGGTGTAATGA-1",0
"TGAGCCGGTTGATTCG-1",0
"TGAGCCGTCATCTGCC-1",1
"TGAGCCGTCGTCACGG-1",5
"TGAGCCGTCTTGAGGT-1",8
"TGAGGGAAGAGACTAT-1",0
"TGAGGGAAGGAGTACC-1",2
"TGAGGGAAGTCATCCA-1",0
"TGAGGGAAGTCATGCT-1",0
"TGAGGGACACCAGTTA-1",0
"TGAGGGACATAAGACA-1",0
"TGAGGGAGTAAACGCG-1",0
"TGAGGGAGTTAGGGTG-1",3
"TGAGGGATCAACGGGA-1",0
"TGAGGGATCTAGCACA-1",0
"TGAGGGATCTCTTATG-1",3
"TGATTTCCATCCGGGT-1",2
"TGATTTCGTAGGCATG-1",0
"TGATTTCGTTAAGACA-1",4
"TGATTTCTCTGATTCT-1",2
"TGCACCTAGACCTTTG-1",0
"TGCACCTAGGACGAAA-1",0
"TGCACCTCAAGTTGTC-1",2
"TGCACCTCAATAGAGT-1",1
"TGCACCTCATCCGGGT-1",0
"TGCACCTGTAATCACC-1",0
"TGCACCTGTCACACGC-1",0
"TGCACCTTCACGGTTA-1",4
"TGCACCTTCATCGGAT-1",1
"TGCACCTTCCGCGGTA-1",1
"TGCACCTTCGAACTGT-1",2
"TGCACCTTCTCTTGAT-1",0
"TGCCAAACAATGTAAG-1",0
"TGCCAAACAATTCCTT-1",10
"TGCCAAAGTTCGCGAC-1",0
"TGCCAAATCCAAACTG-1",2
"TGCCAAATCCCTGACT-1",0
"TGCCAAATCGGCGGTT-1",3
"TGCCCATAGACTAGGC-1",3
"TGCCCATAGCGTCAAG-1",0
"TGCCCATAGCGTGAAC-1",5
"TGCCCATAGCTGTTCA-1",0
"TGCCCATAGGATGGAA-1",2
"TGCCCATAGTACGCCC-1",0
"TGCCCATAGTTGAGTA-1",1
"TGCCCATCACCAGGTC-1",0
"TGCCCATCACGAAATA-1",1
"TGCCCATCAGGACGTA-1",3
"TGCCCATCATGGAATA-1",0
"TGCCCATCATGGATGG-1",0
"TGCCCATGTAGCCTCG-1",0
"TGCCCATTCAAACCGT-1",0
"TGCCCATTCAGGCCCA-1",1
"TGCCCATTCCTTCAAT-1",0
"TGCCCATTCGGAAATA-1",2
"TGCCCTAAGGTCGGAT-1",0
"TGCCCTAAGGTTCCTA-1",0
"TGCCCTACACCACCAG-1",6
"TGCCCTACAGCCACCA-1",2
"TGCCCTACAGTGAGTG-1",3
"TGCCCTAGTCCGAGTC-1",2
"TGCCCTAGTGGTTTCA-1",0
"TGCCCTAGTTTCGCTC-1",0
"TGCCCTATCGACGGAA-1",8
"TGCCCTATCTTCGGTC-1",3
"TGCGCAGAGACTAGGC-1",2
"TGCGCAGAGCACACAG-1",0
"TGCGCAGAGCGTCTAT-1",1
"TGCGCAGAGGAGCGAG-1",1
"TGCGCAGCAAACGTGG-1",2
"TGCGCAGCAGCTCGCA-1",1
"TGCGCAGCAGTAGAGC-1",0
"TGCGCAGTCCTACAGA-1",1
"TGCGGGTAGAGACTTA-1",0
"TGCGGGTAGATCGATA-1",4
"TGCGGGTAGCTCTCGG-1",3
"TGCGGGTAGGTGTGGT-1",1
"TGCGGGTAGTACTTGC-1",0
"TGCGGGTCAATGGAAT-1",2
"TGCGGGTCACACGCTG-1",2
"TGCGGGTCATTGGGCC-1",0
"TGCGGGTGTAGAAAGG-1",4
"TGCGGGTGTCACCTAA-1",3
"TGCGGGTGTCAGATAA-1",3
"TGCGGGTGTTAGAACA-1",0
"TGCGGGTTCAGTTCGA-1",0
"TGCGGGTTCGTAGATC-1",0
"TGCGGGTTCTCTTGAT-1",0
"TGCGTGGAGACGCAAC-1",1
"TGCGTGGAGACTGGGT-1",1
"TGCGTGGAGTGAACGC-1",4
"TGCGTGGCAATTCCTT-1",5
"TGCGTGGGTGCACCAC-1",0
"TGCGTGGTCCGCGCAA-1",2
"TGCGTGGTCGCCCTTA-1",3
"TGCGTGGTCTGGCGAC-1",0
"TGCTACCAGAAAGTGG-1",6
"TGCTACCAGATGGCGT-1",2
"TGCTACCAGCAAATCA-1",0
"TGCTACCAGTCCGTAT-1",2
"TGCTACCCAAGAGGCT-1",4
"TGCTACCCACTTAACG-1",0
"TGCTACCCATCGTCGG-1",0
"TGCTACCCATGGTTGT-1",0
"TGCTACCGTGTGACGA-1",2
"TGCTACCTCCTCGCAT-1",1
"TGCTACCTCTTCTGGC-1",2
"TGCTGCTAGACTAAGT-1",1
"TGCTGCTAGGTGATAT-1",0
"TGCTGCTCAATAGAGT-1",0
"TGCTGCTCACAGACAG-1",0
"TGCTGCTCATCCCATC-1",0
"TGCTGCTCATGGTTGT-1",0
"TGCTGCTGTCATACTG-1",2
"TGCTGCTGTGAAGGCT-1",2
"TGCTGCTTCATTGCGA-1",0
"TGGACGCAGAGGTACC-1",0
"TGGACGCAGTCAAGGC-1",0
"TGGACGCCACAGAGGT-1",2
"TGGACGCCATGGTAGG-1",3
"TGGACGCGTCCGAACC-1",0
"TGGACGCGTCTCCCTA-1",2
"TGGCCAGAGAAGGTGA-1",0
"TGGCCAGAGAGTACAT-1",0
"TGGCCAGAGGCGATAC-1",0
"TGGCCAGAGGCGTACA-1",1
"TGGCCAGCAACTGCGC-1",1
"TGGCCAGCACGACTCG-1",0
"TGGCCAGGTCAATACC-1",3
"TGGCCAGTCGTAGATC-1",1
"TGGCCAGTCTATCCCG-1",7
"TGGCGCAAGCTACCTA-1",0
"TGGCGCAAGCTATGCT-1",1
"TGGCGCAAGTGTGGCA-1",0
"TGGCGCAAGTTACCCA-1",1
"TGGCGCACACAGGCCT-1",0
"TGGCGCACACGGATAG-1",1
"TGGCGCACAGCGATCC-1",0
"TGGCGCACATAGGATA-1",0
"TGGCGCACATATACGC-1",0
"TGGCGCAGTACTCTCC-1",10
"TGGCGCAGTGGACGAT-1",4
"TGGCGCAGTTATGTGC-1",2
"TGGCGCATCAAGAAGT-1",1
"TGGCGCATCATGCTCC-1",2
"TGGCGCATCATGTGGT-1",6
"TGGCGCATCATTATCC-1",0
"TGGCGCATCGTGGTCG-1",3
"TGGCTGGAGCGGATCA-1",0
"TGGCTGGAGTGCAAGC-1",0
"TGGCTGGCAAGTTAAG-1",0
"TGGCTGGCACGGATAG-1",3
"TGGCTGGCAGGAACGT-1",0
"TGGCTGGGTCGAGTTT-1",1
"TGGCTGGGTCGGCATC-1",4
"TGGCTGGGTCTAGCCG-1",2
"TGGCTGGGTTACGCGC-1",2
"TGGCTGGGTTGGACCC-1",3
"TGGCTGGTCTCGTTTA-1",3
"TGGGAAGAGATATACG-1",0
"TGGGAAGAGCCCAATT-1",0
"TGGGAAGAGCGCTCCA-1",0
"TGGGAAGAGGGCTTCC-1",2
"TGGGAAGAGTAAGTAC-1",6
"TGGGAAGAGTTAACGA-1",1
"TGGGAAGCAAGGTGTG-1",0
"TGGGAAGCAGATCCAT-1",9
"TGGGAAGCAGCGAACA-1",0
"TGGGAAGGTAAGTTCC-1",2
"TGGGAAGGTTAGATGA-1",0
"TGGGAAGGTTATTCTC-1",4
"TGGGAAGTCCCAAGAT-1",0
"TGGGAAGTCCTTCAAT-1",4
"TGGGAAGTCGTGGACC-1",2
"TGGGAAGTCTCCTATA-1",0
"TGGGCGTAGTCTCCTC-1",1
"TGGGCGTCAGACGTAG-1",3
"TGGGCGTCAGGGATTG-1",3
"TGGGCGTGTCCAAGTT-1",0
"TGGGCGTGTCTAGAGG-1",0
"TGGGCGTGTGGCTCCA-1",0
"TGGGCGTGTTTCGCTC-1",0
"TGGGCGTTCAGCTTAG-1",0
"TGGTTAGAGCTACCTA-1",3
"TGGTTAGAGTTAGGTA-1",1
"TGGTTAGGTGATGATA-1",0
"TGGTTAGGTTCACGGC-1",3
"TGGTTAGTCCCGACTT-1",1
"TGGTTAGTCTTGTATC-1",2
"TGGTTCCAGCCGTCGT-1",2
"TGGTTCCAGTAATCCC-1",0
"TGGTTCCCAAGTTGTC-1",6
"TGGTTCCCAGACAAAT-1",2
"TGGTTCCCAGACAGGT-1",0
"TGGTTCCCAGCTCGAC-1",0
"TGGTTCCCATGTCCTC-1",0
"TGGTTCCCATTTCACT-1",0
"TGGTTCCGTCCAAGTT-1",0
"TGGTTCCTCACATACG-1",2
"TGGTTCCTCAGCTTAG-1",1
"TGGTTCCTCTAACTTC-1",1
"TGGTTCCTCTAGAGTC-1",0
"TGGTTCCTCTGGGCCA-1",1
"TGTATTCAGCCCGAAA-1",1
"TGTATTCAGCGATCCC-1",0
"TGTATTCCAGGGCATA-1",0
"TGTATTCGTAAGAGAG-1",0
"TGTATTCGTTTGTTTC-1",1
"TGTATTCTCAGCATGT-1",0
"TGTATTCTCATCTGTT-1",0
"TGTCCCAAGCAGATCG-1",5
"TGTCCCAAGCTAGTTC-1",0
"TGTCCCAAGCTGAACG-1",0
"TGTCCCAAGTTGTCGT-1",5
"TGTCCCACAGTAAGCG-1",0
"TGTCCCACATCACGTA-1",1
"TGTCCCAGTAAGAGGA-1",0
"TGTCCCAGTAAGTGGC-1",2
"TGTCCCAGTCGGATCC-1",0
"TGTCCCAGTCTCTTTA-1",1
"TGTCCCATCATTTGGG-1",2
"TGTCCCATCTGCAAGT-1",0
"TGTCCCATCTGCGTAA-1",0
"TGTGGTAGTCCCGACA-1",5
"TGTGGTAGTGTGAAAT-1",5
"TGTGGTAGTGTGACGA-1",0
"TGTGGTATCCAGGGCT-1",0
"TGTGGTATCTTGCATT-1",0
"TGTGTTTAGAGGTTAT-1",5
"TGTGTTTAGCGTGAGT-1",2
"TGTGTTTAGTGCGTGA-1",4
"TGTGTTTCATGCGCAC-1",3
"TGTGTTTTCTCATTCA-1",0
"TGTGTTTTCTTTCCTC-1",0
"TGTTCCGAGAGCAATT-1",0
"TGTTCCGAGCAACGGT-1",0
"TGTTCCGAGGAATTAC-1",0
"TGTTCCGAGGACTGGT-1",0
"TGTTCCGCAGTGAGTG-1",2
"TGTTCCGGTGAGTATA-1",0
"TGTTCCGTCAAGCCTA-1",2
"TGTTCCGTCAGTTCGA-1",9
"TGTTCCGTCGGCGGTT-1",1
"TGTTCCGTCTGAAAGA-1",2
"TGTTCCGTCTGGTATG-1",0
"TTAACTCAGTGTACGG-1",6
"TTAACTCCAAGCGCTC-1",0
"TTAACTCCAGGCAGTA-1",6
"TTAACTCGTTCCACAA-1",1
"TTAACTCTCATAAAGG-1",0
"TTAACTCTCCCTCAGT-1",2
"TTAGGACAGCAGGCTA-1",0
"TTAGGACAGCTCTCGG-1",4
"TTAGGACCAAGCCATT-1",1
"TTAGGACCAGTCAGAG-1",5
"TTAGGACGTTTGTTTC-1",1
"TTAGGCAAGAAGATTC-1",4
"TTAGGCAAGAGCCCAA-1",2
"TTAGGCAAGAGTGACC-1",4
"TTAGGCAAGGTTCCTA-1",7
"TTAGGCAAGTCGTTTG-1",0
"TTAGGCAAGTGTACCT-1",0
"TTAGGCACAGACGCTC-1",0
"TTAGGCACATGTTCCC-1",0
"TTAGGCAGTAAGGATT-1",1
"TTAGGCAGTAAGTAGT-1",0
"TTAGGCAGTCTTGATG-1",2
"TTAGGCATCACGCATA-1",6
"TTAGGCATCAGTCAGT-1",0
"TTAGGCATCCAGTATG-1",0
"TTAGGCATCGTTACGA-1",0
"TTAGTTCAGGTGCAAC-1",0
"TTAGTTCCAATGTAAG-1",0
"TTAGTTCCATCCTTGC-1",2
"TTAGTTCGTAGCCTAT-1",0
"TTAGTTCGTGCAGACA-1",1
"TTAGTTCGTGTCAATC-1",5
"TTAGTTCGTTGCCTCT-1",9
"TTAGTTCTCAGGCCCA-1",1
"TTAGTTCTCGCAGGCT-1",4
"TTAGTTCTCTACTATC-1",0
"TTATGCTAGAATGTGT-1",0
"TTATGCTAGCACACAG-1",0
"TTATGCTAGCAGCCTC-1",1
"TTATGCTAGTCCCACG-1",0
"TTATGCTAGTGGTAAT-1",0
"TTATGCTCAGCCAGAA-1",0
"TTATGCTCATACCATG-1",4
"TTATGCTCATGTAGTC-1",1
"TTATGCTGTCCGAGTC-1",2
"TTATGCTTCGATAGAA-1",5
"TTCCCAGAGAATTCCC-1",6
"TTCCCAGAGACTAGAT-1",3
"TTCCCAGAGTATCGAA-1",1
"TTCCCAGCAGATGGGT-1",5
"TTCCCAGCATCAGTAC-1",4
"TTCCCAGCATCTCCCA-1",3
"TTCCCAGCATTACCTT-1",0
"TTCCCAGTCAACACTG-1",0
"TTCCCAGTCGAGAGCA-1",0
"TTCGAAGAGTCTCAAC-1",2
"TTCGAAGCAAGCGCTC-1",2
"TTCGAAGCACATTAGC-1",0
"TTCGAAGCACGGTGTC-1",0
"TTCGGTCAGAGGACGG-1",7
"TTCGGTCAGCACACAG-1",1
"TTCGGTCAGGCCCTCA-1",0
"TTCGGTCAGTGAATTG-1",1
"TTCGGTCAGTTGAGAT-1",0
"TTCGGTCCAAGGGTCA-1",0
"TTCGGTCCACGTCAGC-1",2
"TTCGGTCGTAACGTTC-1",3
"TTCGGTCGTAGAGTGC-1",1
"TTCGGTCGTTCATGGT-1",0
"TTCGGTCGTTCTGTTT-1",2
"TTCGGTCTCAAAGACA-1",0
"TTCGGTCTCCAGTATG-1",0
"TTCGGTCTCGCGTTTC-1",3
"TTCGGTCTCGTCTGAA-1",3
"TTCTACAAGACTAAGT-1",1
"TTCTACAAGCAGCCTC-1",0
"TTCTACAAGCCTTGAT-1",1
"TTCTACAAGGCAGGTT-1",0
"TTCTACAAGGTAAACT-1",1
"TTCTACAAGTTAGGTA-1",4
"TTCTACACACGTGAGA-1",6
"TTCTACACAGCTGTTA-1",3
"TTCTACACATCGATTG-1",4
"TTCTACACATTACGAC-1",1
"TTCTACAGTACCGTTA-1",6
"TTCTACAGTATATGAG-1",0
"TTCTACAGTGGCTCCA-1",1
"TTCTACATCAACGGGA-1",1
"TTCTACATCCGCGTTT-1",1
"TTCTCAAAGAAAGTGG-1",6
"TTCTCAAAGAATCTCC-1",1
"TTCTCAAAGAGGTTAT-1",0
"TTCTCAAAGCAGCCTC-1",2
"TTCTCAAAGCCGCCTA-1",0
"TTCTCAAAGTCAATAG-1",0
"TTCTCAAAGTTGAGAT-1",0
"TTCTCAACACCCAGTG-1",0
"TTCTCAACATTGTGCA-1",4
"TTCTCAAGTATAAACG-1",3
"TTCTCAAGTCCCTTGT-1",3
"TTCTCAAGTCGAGATG-1",3
"TTCTCAATCATCGCTC-1",2
"TTCTCAATCCCTAACC-1",4
"TTCTCAATCGTAGGAG-1",3
"TTCTCCTAGAGTAAGG-1",0
"TTCTCCTAGCGACGTA-1",0
"TTCTCCTAGCGTGAGT-1",1
"TTCTCCTAGTCTCGGC-1",1
"TTCTCCTCAACACGCC-1",0
"TTCTCCTCAATAACGA-1",2
"TTCTCCTGTTAAGAAC-1",0
"TTCTCCTTCAGTTCGA-1",1
"TTCTCCTTCCGTAGGC-1",4
"TTCTCCTTCCTTTCTC-1",9
"TTCTCCTTCTGCAAGT-1",1
"TTCTCCTTCTTCAACT-1",1
"TTCTCCTTCTTGTACT-1",0
"TTCTTAGAGGACTGGT-1",4
"TTCTTAGCAAGGTGTG-1",0
"TTCTTAGCATCGGAAG-1",0
"TTCTTAGGTAGAAGGA-1",0
"TTCTTAGGTCATATGC-1",0
"TTCTTAGTCAGTTCGA-1",0
"TTGAACGGTCACTTCC-1",4
"TTGAACGTCATGTCCC-1",0
"TTGACTTAGCCACGTC-1",2
"TTGACTTAGCGACGTA-1",9
"TTGACTTAGTTAACGA-1",2
"TTGACTTCACTTACGA-1",0
"TTGACTTGTCTCTCTG-1",0
"TTGACTTGTGCGATAG-1",0
"TTGACTTTCCAGAGGA-1",0
"TTGACTTTCTGTCCGT-1",1
"TTGCCGTAGGAGCGTT-1",6
"TTGCCGTAGGTGGGTT-1",0
"TTGCCGTCATGGTCAT-1",0
"TTGCCGTGTACAGACG-1",0
"TTGCGTCAGACAGAGA-1",2
"TTGCGTCAGCTCCTTC-1",0
"TTGCGTCAGTCCATAC-1",0
"TTGCGTCAGTGAATTG-1",4
"TTGCGTCCAAATTGCC-1",3
"TTGCGTCCACTGTGTA-1",2
"TTGCGTCCAGTCACTA-1",0
"TTGCGTCGTCTGATTG-1",0
"TTGGAACAGCCCAATT-1",1
"TTGGAACAGCGTCTAT-1",3
"TTGGAACAGGCGTACA-1",0
"TTGGAACGTATTACCG-1",0
"TTGGAACGTGTGTGCC-1",0
"TTGGAACTCCCATTAT-1",0
"TTGGAACTCCGTAGTA-1",3
"TTGGAACTCGTCCAGG-1",0
"TTGGCAAAGTTAGGTA-1",7
"TTGGCAAGTATAGGTA-1",1
"TTGGCAATCACATGCA-1",2
"TTGGCAATCAGAGCTT-1",1
"TTGGCAATCGCATGAT-1",0
"TTGGCAATCTAGAGTC-1",3
"TTGTAGGAGGTGCTAG-1",1
"TTGTAGGCACACGCTG-1",2
"TTGTAGGGTCTCCCTA-1",1
"TTGTAGGGTGGTAACG-1",0
"TTGTAGGTCGGCGCTA-1",4
"TTGTAGGTCTGCCAGG-1",0
"TTTACTGAGATCACGG-1",0
"TTTACTGCAAAGCAAT-1",2
"TTTACTGCACATGGGA-1",2
"TTTACTGCACCACGTG-1",1
"TTTACTGCATGGGACA-1",0
"TTTACTGCATGTCCTC-1",0
"TTTACTGGTAACGTTC-1",1
"TTTACTGGTGGTGTAG-1",4
"TTTACTGGTTCGCTAA-1",1
"TTTACTGTCTGGAGCC-1",3
"TTTATGCAGACTGTAA-1",0
"TTTATGCAGATGCGAC-1",3
"TTTATGCAGGCAAAGA-1",1
"TTTATGCAGGCCCGTT-1",1
"TTTATGCAGTTCCACA-1",3
"TTTATGCCAAACGCGA-1",0
"TTTATGCCAATCTGCA-1",4
"TTTATGCCACAGGTTT-1",0
"TTTATGCCAGCCAATT-1",0
"TTTATGCCAGGTCGTC-1",3
"TTTATGCCATGGTCAT-1",0
"TTTATGCTCACATAGC-1",0
"TTTATGCTCACCTTAT-1",9
"TTTATGCTCGGCGGTT-1",1
"TTTATGCTCTCGCTTG-1",0
"TTTCCTCAGCGTGAAC-1",2
"TTTCCTCAGGACTGGT-1",1
"TTTCCTCCAAAGTGCG-1",5
"TTTCCTCCAGGAATGC-1",0
"TTTCCTCCATTAGCCA-1",0
"TTTCCTCGTCCGAAGA-1",0
"TTTCCTCGTCGCTTTC-1",2
"TTTCCTCTCGGCCGAT-1",1
"TTTCCTCTCGTGTAGT-1",0
"TTTGCGCAGCTAAACA-1",3
"TTTGCGCAGCTAGTCT-1",1
"TTTGCGCAGGCCGAAT-1",0
"TTTGCGCAGTCAAGGC-1",0
"TTTGCGCCAAGTAGTA-1",0
"TTTGCGCCAGGTGCCT-1",3
"TTTGCGCGTCTAAACC-1",0
"TTTGCGCTCAAAGTAG-1",0
"TTTGCGCTCATGTAGC-1",0
"TTTGGTTAGAATGTGT-1",0
"TTTGGTTAGACAATAC-1",1
"TTTGGTTAGCGATTCT-1",2
"TTTGGTTAGGCTCAGA-1",0
"TTTGGTTAGTTACCCA-1",1
"TTTGGTTCAAACTGCT-1",5
"TTTGGTTCAAGCTGTT-1",0
"TTTGGTTCAGATCGGA-1",2
"TTTGGTTCATCACAAC-1",0
"TTTGGTTGTACTTCTT-1",4
"TTTGGTTGTATGCTTG-1",1
"TTTGGTTGTGCTTCTC-1",0
"TTTGGTTTCATGCTCC-1",6
"TTTGGTTTCCCTGACT-1",1
"TTTGTCAAGAGTCGGT-1",1
"TTTGTCACAAGTTCTG-1",3
"TTTGTCACAAGTTGTC-1",1
"TTTGTCACACTCTGTC-1",1
"TTTGTCATCACCTTAT-1",0
"TTTGTCATCCATTCTA-1",7
"TTTGTCATCCTTAATC-1",0
"TTTGTCATCTTATCTG-1",3
