"cell_barcode","expression"
"AAACCTGAGACAGAGA-1",11
"AAACCTGAGACTTTCG-1",3
"AAACCTGAGAGTAAGG-1",0
"AAACCTGAGAGTCGGT-1",0
"AAACCTGAGGATGGAA-1",0
"AAACCTGAGTAGATGT-1",4
"AAACCTGCAATCAGAA-1",1
"AAACCTGCACCGATAT-1",4
"AAACCTGCAGACGTAG-1",0
"AAACCTGCAGTATCTG-1",0
"AAACCTGCATAGTAAG-1",0
"AAACCTGCATGAACCT-1",1
"AAACCTGGTAAGAGGA-1",0
"AAACCTGGTCCAACTA-1",8
"AAACCTGTCCGTAGTA-1",1
"AAACCTGTCGAGAGCA-1",4
"AAACGGGAGTACGACG-1",1
"AAACGGGCAAGGTTTC-1",2
"AAACGGGCACGTCAGC-1",1
"AAACGGGCAGCGTTCG-1",4
"AAACGGGGTAGCCTCG-1",7
"AAACGGGGTCTACCTC-1",0
"AAACGGGGTGCGGTAA-1",5
"AAACGGGGTTGTCGCG-1",3
"AAACGGGTCCATGAGT-1",0
"AAACGGGTCCCAACGG-1",0
"AAACGGGTCCCATTAT-1",5
"AAAGATGCAGTCAGCC-1",2
"AAAGATGCATCTACGA-1",0
"AAAGCAAAGCGTCTAT-1",1
"AAAGCAACATGTCGAT-1",2
"AAAGCAAGTAGCTGCC-1",4
"AAAGCAAGTAGGCATG-1",2
"AAAGCAAGTGCGCTTG-1",0
"AAAGCAAGTTATTCTC-1",0
"AAAGCAATCCGTAGTA-1",5
"AAAGTAGAGATGTGTA-1",1
"AAAGTAGAGTGGGCTA-1",3
"AAAGTAGGTATATGGA-1",1
"AAAGTAGGTGAGCGAT-1",1
"AAAGTAGGTTGAGGTG-1",0
"AAATGCCAGCCCTAAT-1",4
"AAATGCCAGCGTGTCC-1",1
"AAATGCCCAACACCTA-1",5
"AAATGCCGTAGGAGTC-1",8
"AAATGCCGTCTTTCAT-1",0
"AAATGCCGTGGTCCGT-1",1
"AAATGCCGTTCCCGAG-1",1
"AAATGCCTCATAGCAC-1",12
"AAATGCCTCGCTTAGA-1",5
"AACACGTAGAATTCCC-1",3
"AACACGTAGCCCTAAT-1",2
"AACACGTAGGGTGTGT-1",1
"AACACGTCACTGTCGG-1",0
"AACACGTCATCCCATC-1",3
"AACACGTGTGCAACGA-1",3
"AACACGTGTGTCGCTG-1",3
"AACCATGAGCGCTTAT-1",2
"AACCATGGTCCGTTAA-1",0
"AACCATGTCAGTTCGA-1",3
"AACCATGTCATCGATG-1",2
"AACCATGTCCCAAGTA-1",0
"AACCGCGAGAAGCCCA-1",5
"AACCGCGAGACTGGGT-1",0
"AACCGCGAGAGGTACC-1",1
"AACCGCGAGTTAGGTA-1",1
"AACCGCGAGTTGCAGG-1",0
"AACCGCGCACGGTAGA-1",0
"AACCGCGCAGCATGAG-1",0
"AACCGCGCAGCCTGTG-1",2
"AACCGCGCAGCTGTGC-1",1
"AACCGCGCAGTATGCT-1",1
"AACCGCGGTACTTGAC-1",2
"AACCGCGGTCTGCAAT-1",1
"AACCGCGTCACATGCA-1",1
"AACCGCGTCACCGTAA-1",1
"AACCGCGTCCAGAGGA-1",0
"AACCGCGTCCGAAGAG-1",3
"AACCGCGTCGATCCCT-1",0
"AACGTTGAGCGATAGC-1",1
"AACGTTGAGCGATCCC-1",2
"AACGTTGAGCTTATCG-1",1
"AACGTTGCAAGTTGTC-1",4
"AACGTTGCAATAGAGT-1",8
"AACGTTGCAATGGATA-1",3
"AACGTTGCATGGATGG-1",6
"AACGTTGCATTCTCAT-1",13
"AACGTTGTCAACACGT-1",3
"AACGTTGTCGAGGTAG-1",3
"AACGTTGTCGGTCCGA-1",2
"AACTCAGAGAGCTATA-1",1
"AACTCAGAGAGTCGGT-1",2
"AACTCAGAGCCACCTG-1",0
"AACTCAGAGCCCAATT-1",0
"AACTCAGCAAACAACA-1",1
"AACTCAGCACAAGCCC-1",0
"AACTCAGCACGGTTTA-1",2
"AACTCAGCAGGATCGA-1",1
"AACTCAGCATAAAGGT-1",2
"AACTCAGGTTCCACAA-1",7
"AACTCAGTCGTACCGG-1",1
"AACTCCCAGCCCAGCT-1",4
"AACTCCCAGCTAAGAT-1",5
"AACTCCCCAAACGCGA-1",0
"AACTCCCCATGGTCTA-1",5
"AACTCCCGTTGCGCAC-1",0
"AACTCCCTCAAGAAGT-1",9
"AACTCCCTCAAGCCTA-1",1
"AACTCCCTCATCGCTC-1",1
"AACTCCCTCTGCAGTA-1",2
"AACTCCCTCTGGCGTG-1",1
"AACTCTTAGCAGACTG-1",0
"AACTCTTAGTCCGGTC-1",0
"AACTCTTCATGCTAGT-1",3
"AACTCTTGTCGAATCT-1",2
"AACTCTTGTCGGGTCT-1",4
"AACTCTTTCCTCAATT-1",0
"AACTCTTTCTCAAACG-1",0
"AACTCTTTCTCCAGGG-1",3
"AACTCTTTCTCTGCTG-1",2
"AACTGGTAGAAGATTC-1",1
"AACTGGTAGAGACTAT-1",0
"AACTGGTAGCCAACAG-1",0
"AACTGGTAGTGTACTC-1",2
"AACTGGTCACTGAAGG-1",1
"AACTGGTGTCCGAACC-1",0
"AACTGGTTCGGAGCAA-1",3
"AACTGGTTCGTGGGAA-1",0
"AACTGGTTCTGCTTGC-1",4
"AACTTTCAGCGTGAAC-1",1
"AACTTTCAGTATCTCG-1",5
"AACTTTCAGTTTCCTT-1",1
"AACTTTCCATCCTTGC-1",2
"AACTTTCGTCTAGAGG-1",0
"AACTTTCGTCTCTTTA-1",2
"AACTTTCGTTTGTTTC-1",0
"AAGACCTAGGGCTTCC-1",1
"AAGACCTAGTACACCT-1",2
"AAGACCTGTATATGAG-1",0
"AAGACCTGTATCAGTC-1",4
"AAGACCTGTCCGTGAC-1",10
"AAGACCTGTCGAAAGC-1",1
"AAGACCTTCGCCATAA-1",0
"AAGCCGCAGATCTGAA-1",2
"AAGCCGCAGGGTGTTG-1",4
"AAGCCGCAGTGGACGT-1",3
"AAGCCGCAGTGTACTC-1",0
"AAGCCGCCACGCTTTC-1",0
"AAGCCGCCAGGACGTA-1",3
"AAGCCGCGTACAGTTC-1",3
"AAGCCGCGTCATTAGC-1",6
"AAGCCGCTCACGAAGG-1",2
"AAGCCGCTCAGTTAGC-1",0
"AAGCCGCTCGCAAACT-1",2
"AAGCCGCTCGTCGTTC-1",2
"AAGCCGCTCTTACCGC-1",1
"AAGGAGCAGAAACCGC-1",4
"AAGGAGCAGGCATGTG-1",1
"AAGGAGCAGGCGCTCT-1",0
"AAGGAGCAGTTGAGTA-1",6
"AAGGAGCCACGGCGTT-1",2
"AAGGAGCGTAGCGCAA-1",0
"AAGGAGCGTCTGCAAT-1",1
"AAGGAGCTCGTCTGCT-1",1
"AAGGCAGAGAACTGTA-1",1
"AAGGCAGAGAGATGAG-1",1
"AAGGCAGAGGTGATAT-1",1
"AAGGCAGCATAGTAAG-1",2
"AAGGCAGGTACTTCTT-1",0
"AAGGCAGGTGTGCCTG-1",3
"AAGGCAGTCAGATAAG-1",0
"AAGGCAGTCGGAATCT-1",0
"AAGGTTCAGTATCTCG-1",0
"AAGGTTCCATCACGTA-1",2
"AAGGTTCGTATATGGA-1",1
"AAGGTTCGTCCGAATT-1",7
"AAGGTTCGTCGACTAT-1",12
"AAGGTTCGTGTGACCC-1",2
"AAGGTTCTCCGTCATC-1",1
"AAGGTTCTCCTCGCAT-1",3
"AAGGTTCTCTGCGGCA-1",1
"AAGTCTGAGCCATCGC-1",0
"AAGTCTGAGTCAAGCG-1",3
"AAGTCTGCAAAGGAAG-1",0
"AAGTCTGGTCAGCTAT-1",1
"AAGTCTGTCAAACAAG-1",4
"AAGTCTGTCACTGGGC-1",2
"AAGTCTGTCAGCAACT-1",1
"AATCCAGCAAAGTGCG-1",0
"AATCCAGCAGCATACT-1",5
"AATCCAGGTAGGCATG-1",0
"AATCCAGGTCTCCCTA-1",1
"AATCCAGTCCGAATGT-1",6
"AATCGGTAGGCATGGT-1",6
"AATCGGTTCCTGTACC-1",2
"AATCGGTTCGCCGTGA-1",0
"ACACCAAAGATGAGAG-1",2
"ACACCAAAGCCCTAAT-1",5
"ACACCAAAGGATGGTC-1",1
"ACACCAAAGTGTCCAT-1",0
"ACACCAACACTTCGAA-1",0
"ACACCAACAGACGCTC-1",2
"ACACCAACAGCCTATA-1",2
"ACACCAAGTCGCGTGT-1",1
"ACACCAAGTCTAAACC-1",0
"ACACCAAGTTATGTGC-1",4
"ACACCAATCGCGTTTC-1",0
"ACACCCTAGCCAGGAT-1",11
"ACACCCTAGTACTTGC-1",6
"ACACCCTCAAGCGCTC-1",1
"ACACCCTCATCACAAC-1",5
"ACACCCTCATGCCCGA-1",0
"ACACCCTGTCTGGTCG-1",0
"ACACCCTTCCGCAAGC-1",3
"ACACCCTTCCTTGCCA-1",0
"ACACCCTTCTATCCTA-1",0
"ACACCCTTCTGGCGTG-1",1
"ACACCGGAGGCTCAGA-1",4
"ACACCGGAGTGACATA-1",2
"ACACCGGAGTTACCCA-1",1
"ACACCGGCAAGCCGTC-1",0
"ACACCGGCACCAGATT-1",2
"ACACCGGCACCGAAAG-1",3
"ACACCGGCATCACAAC-1",2
"ACACCGGTCCGCATAA-1",0
"ACACCGGTCTCGGACG-1",0
"ACACCGGTCTCTGTCG-1",5
"ACACTGAAGCACGCCT-1",0
"ACACTGAAGGTGATTA-1",6
"ACACTGACAATAGAGT-1",1
"ACACTGACAGACTCGC-1",4
"ACACTGACATCCAACA-1",3
"ACACTGAGTCCGAAGA-1",4
"ACACTGAGTGTTTGTG-1",2
"ACACTGAGTTTGACTG-1",0
"ACAGCCGAGGAATGGA-1",3
"ACAGCCGAGGCCCGTT-1",2
"ACAGCCGAGGTGCTTT-1",0
"ACAGCCGAGTGGTAGC-1",2
"ACAGCCGCATATACGC-1",1
"ACAGCCGCATGCAACT-1",0
"ACAGCCGGTAGGGTAC-1",1
"ACAGCCGGTCGAATCT-1",5
"ACAGCCGGTTCACCTC-1",0
"ACAGCCGGTTCCACTC-1",8
"ACAGCCGTCCAGAAGG-1",1
"ACAGCCGTCTTTACAC-1",0
"ACAGCTAAGCACCGCT-1",1
"ACAGCTAAGTATCTCG-1",1
"ACAGCTAAGTGTTGAA-1",1
"ACAGCTACATCGTCGG-1",3
"ACAGCTAGTCGACTAT-1",3
"ACAGCTAGTGGTACAG-1",0
"ACAGCTATCACCACCT-1",4
"ACAGCTATCTGCTTGC-1",3
"ACATACGAGAGCTTCT-1",1
"ACATACGAGCGTAGTG-1",8
"ACATACGAGCTTCGCG-1",0
"ACATACGAGCTTTGGT-1",1
"ACATACGCAAACGTGG-1",2
"ACATACGCAAGCCTAT-1",4
"ACATACGCATCTCCCA-1",2
"ACATACGCATTCTCAT-1",0
"ACATACGGTAGGAGTC-1",1
"ACATACGGTGCACCAC-1",0
"ACATACGGTGGTTTCA-1",4
"ACATACGTCGTATCAG-1",6
"ACATCAGAGCCACTAT-1",0
"ACATCAGAGCCTTGAT-1",0
"ACATCAGCAACACCCG-1",1
"ACATCAGCAACGATGG-1",2
"ACATCAGCAATTGCTG-1",0
"ACATCAGCACCGGAAA-1",0
"ACATCAGCATAAAGGT-1",1
"ACATCAGCATCCCACT-1",3
"ACATCAGCATTTGCCC-1",2
"ACATCAGGTAAGGATT-1",2
"ACATCAGGTCCGTGAC-1",5
"ACATCAGGTTAAGTAG-1",1
"ACATCAGTCAAACCGT-1",4
"ACATGGTAGCATGGCA-1",1
"ACATGGTAGCTGTTCA-1",0
"ACATGGTCACTTGGAT-1",4
"ACATGGTGTCAGATAA-1",1
"ACATGGTGTCTGCGGT-1",0
"ACATGGTGTGCAACTT-1",3
"ACATGGTTCCGCAAGC-1",6
"ACATGGTTCCTCCTAG-1",9
"ACATGGTTCTGGAGCC-1",7
"ACATGGTTCTTCTGGC-1",3
"ACCAGTAAGATCACGG-1",1
"ACCAGTAAGCTTCGCG-1",7
"ACCAGTACACAGATTC-1",1
"ACCAGTACACAGGCCT-1",0
"ACCAGTACAGTATGCT-1",1
"ACCAGTACAGTCAGAG-1",2
"ACCAGTACAGTTTACG-1",1
"ACCAGTAGTCACCCAG-1",2
"ACCAGTAGTCCATCCT-1",1
"ACCAGTAGTCTTCAAG-1",0
"ACCAGTAGTGGACGAT-1",1
"ACCAGTATCTGCGACG-1",3
"ACCAGTATCTGCTTGC-1",3
"ACCAGTATCTGTTTGT-1",2
"ACCCACTAGAGGTTAT-1",2
"ACCCACTAGATCCCGC-1",3
"ACCCACTAGATGTGTA-1",1
"ACCCACTAGCCCAATT-1",7
"ACCCACTCAAGGGTCA-1",4
"ACCCACTCAAGGTTCT-1",1
"ACCCACTGTAAATGAC-1",1
"ACCCACTGTAGCCTCG-1",1
"ACCCACTGTCAAAGAT-1",0
"ACCCACTGTCAATACC-1",1
"ACCCACTGTGTGGTTT-1",1
"ACCCACTTCGCAAACT-1",1
"ACCCACTTCTGCCAGG-1",9
"ACCGTAACAATCGGTT-1",0
"ACCGTAACAATCTACG-1",5
"ACCGTAACAGGTCCAC-1",2
"ACCGTAAGTACAGCAG-1",7
"ACCGTAAGTCATGCAT-1",0
"ACCGTAAGTGAGTGAC-1",2
"ACCGTAAGTTAAGAAC-1",0
"ACCGTAAGTTCCGTCT-1",3
"ACCGTAATCACATAGC-1",2
"ACCGTAATCATGTGGT-1",3
"ACCGTAATCTGAAAGA-1",1
"ACCTTTACAATCGGTT-1",0
"ACCTTTACACGGACAA-1",3
"ACCTTTACAGCAGTTT-1",0
"ACCTTTACATGCAACT-1",8
"ACCTTTACATTTCAGG-1",3
"ACCTTTAGTGAACCTT-1",3
"ACCTTTAGTTCCACTC-1",2
"ACCTTTATCTCTAGGA-1",5
"ACGAGCCAGGCAGGTT-1",0
"ACGAGCCCACAGGCCT-1",12
"ACGAGCCCATGGAATA-1",1
"ACGAGCCGTGCACGAA-1",2
"ACGAGCCGTGTGACCC-1",3
"ACGAGCCGTTGGTTTG-1",0
"ACGAGCCTCAGTCCCT-1",0
"ACGAGCCTCGCAAACT-1",1
"ACGAGGACACTACAGT-1",0
"ACGAGGACATGTAGTC-1",3
"ACGAGGAGTACACCGC-1",3
"ACGAGGAGTGCCTGCA-1",0
"ACGAGGAGTTCTGAAC-1",4
"ACGAGGATCTGCGGCA-1",2
"ACGATACAGAGTGACC-1",0
"ACGATACAGCGCCTTG-1",1
"ACGATACAGTGATCGG-1",0
"ACGATACCACGTTGGC-1",2
"ACGATACCATTGGGCC-1",0
"ACGATACGTCGAATCT-1",4
"ACGATACTCTGACCTC-1",3
"ACGATGTAGTGCGATG-1",0
"ACGATGTAGTTGAGAT-1",0
"ACGATGTCAACGCACC-1",2
"ACGATGTCACACGCTG-1",0
"ACGATGTGTATTCTCT-1",2
"ACGATGTGTCAGTGGA-1",2
"ACGATGTGTGACTACT-1",2
"ACGATGTGTGTCGCTG-1",4
"ACGATGTTCGCGTAGC-1",0
"ACGATGTTCTCTTATG-1",3
"ACGCAGCAGCGGCTTC-1",0
"ACGCAGCAGCTGCGAA-1",4
"ACGCAGCAGTGTACGG-1",1
"ACGCAGCCACCTCGTT-1",1
"ACGCAGCCATCGACGC-1",0
"ACGCAGCCATTACCTT-1",3
"ACGCAGCGTCCATGAT-1",3
"ACGCAGCGTCTACCTC-1",0
"ACGCAGCGTCTGGTCG-1",4
"ACGCAGCGTGCGATAG-1",1
"ACGCCAGCAAAGCAAT-1",0
"ACGCCAGCAACGCACC-1",2
"ACGCCAGCACGAGAGT-1",0
"ACGCCAGCAGTGAGTG-1",0
"ACGCCAGGTGCACTTA-1",1
"ACGCCAGGTGTGCGTC-1",2
"ACGCCAGTCACAGGCC-1",5
"ACGCCAGTCAGTGTTG-1",0
"ACGCCGAAGAAACGCC-1",3
"ACGCCGAAGATCTGCT-1",6
"ACGCCGACAGCCTGTG-1",8
"ACGCCGAGTTCCAACA-1",0
"ACGCCGATCCTATGTT-1",2
"ACGCCGATCGCAGGCT-1",1
"ACGCCGATCTTGTATC-1",1
"ACGGAGAAGCCAGTTT-1",0
"ACGGAGAAGGTCATCT-1",0
"ACGGAGACACACATGT-1",3
"ACGGAGACAGCCTGTG-1",2
"ACGGAGACAGCGTAAG-1",1
"ACGGAGACAGTAAGCG-1",1
"ACGGAGAGTGTGACGA-1",0
"ACGGAGATCCACGAAT-1",2
"ACGGCCACACATCCAA-1",6
"ACGGCCACACATTCGA-1",4
"ACGGCCAGTACCGTAT-1",0
"ACGGCCAGTGTATGGG-1",3
"ACGGCCATCACGGTTA-1",3
"ACGGCCATCAGTGTTG-1",0
"ACGGCCATCTACTATC-1",3
"ACGGGCTAGGATCGCA-1",2
"ACGGGCTAGGTTCCTA-1",0
"ACGGGCTAGTGGCACA-1",2
"ACGGGCTCATCTGGTA-1",4
"ACGGGCTGTGAGGCTA-1",2
"ACGGGCTTCCGAACGC-1",0
"ACGGGTCAGATGCCAG-1",0
"ACGGGTCCATGATCCA-1",1
"ACGGGTCCATTAGGCT-1",1
"ACGGGTCCATTTCACT-1",1
"ACGGGTCGTTAGGGTG-1",1
"ACGGGTCTCAACACCA-1",6
"ACGGGTCTCCACGCAG-1",0
"ACGTCAAAGGGCTTCC-1",0
"ACGTCAAAGTGGTAAT-1",0
"ACGTCAACAACTGCGC-1",1
"ACGTCAACACAAGACG-1",2
"ACGTCAAGTAGCTCCG-1",1
"ACGTCAAGTGTCGCTG-1",4
"ACGTCAAGTTATGCGT-1",0
"ACGTCAATCAACCAAC-1",0
"ACGTCAATCATAACCG-1",0
"ACGTCAATCCAGAAGG-1",6
"ACGTCAATCTAACTCT-1",0
"ACTATCTAGAGGTTAT-1",4
"ACTATCTAGATACACA-1",4
"ACTATCTAGGAGTAGA-1",0
"ACTATCTAGGCATGTG-1",2
"ACTATCTCAAATACAG-1",4
"ACTATCTCAAATTGCC-1",0
"ACTATCTGTAGGGACT-1",4
"ACTATCTGTCGCGTGT-1",1
"ACTATCTGTGCACGAA-1",0
"ACTATCTGTGGTTTCA-1",1
"ACTATCTTCGCCGTGA-1",0
"ACTGAACAGAGTGAGA-1",2
"ACTGAACAGATCCCGC-1",0
"ACTGAACAGGTGATAT-1",0
"ACTGAACCAAAGCGGT-1",2
"ACTGAACCAAGCGAGT-1",0
"ACTGAACCAATTCCTT-1",4
"ACTGAACCAGCTGGCT-1",0
"ACTGAACCAGTCTTCC-1",1
"ACTGAACCATTACCTT-1",2
"ACTGAACGTAAGCACG-1",2
"ACTGAACGTAATCGTC-1",5
"ACTGAACGTCCAGTAT-1",1
"ACTGAACGTCTGATCA-1",0
"ACTGAACTCCCACTTG-1",6
"ACTGAGTAGCCGGTAA-1",3
"ACTGAGTCAGTGGGAT-1",3
"ACTGAGTCATTTGCCC-1",1
"ACTGAGTGTAGAGCTG-1",1
"ACTGAGTGTTGTGGCC-1",1
"ACTGAGTTCAGGTTCA-1",3
"ACTGATGAGACAGACC-1",5
"ACTGATGAGCGGATCA-1",4
"ACTGATGAGGTGCTTT-1",4
"ACTGATGCAGCAGTTT-1",1
"ACTGATGCATCACAAC-1",2
"ACTGATGGTCATGCAT-1",2
"ACTGATGTCACAATGC-1",4
"ACTGATGTCACTCCTG-1",2
"ACTGATGTCCCTGACT-1",0
"ACTGATGTCCGCTGTT-1",2
"ACTGATGTCCGGCACA-1",6
"ACTGATGTCCTATTCA-1",2
"ACTGCTCAGAGCTTCT-1",1
"ACTGCTCAGATGCCTT-1",3
"ACTGCTCCACACCGCA-1",5
"ACTGCTCCAGATGGGT-1",3
"ACTGCTCCATGCCTAA-1",7
"ACTGCTCGTAGGCATG-1",0
"ACTGCTCGTATCACCA-1",0
"ACTGCTCGTCCGAAGA-1",1
"ACTGCTCTCCGAGCCA-1",5
"ACTGTCCAGAGGGCTT-1",2
"ACTGTCCAGCAGCGTA-1",0
"ACTGTCCAGGCATGGT-1",2
"ACTGTCCCAAGGTTTC-1",8
"ACTGTCCCAAGTACCT-1",8
"ACTGTCCCAGTATCTG-1",2
"ACTGTCCCATAGAAAC-1",0
"ACTGTCCGTTGAGGTG-1",6
"ACTGTCCTCCACGTGG-1",2
"ACTGTCCTCCTTGGTC-1",1
"ACTGTCCTCTCTGTCG-1",0
"ACTTACTAGCGATAGC-1",1
"ACTTACTAGGGATGGG-1",0
"ACTTACTCACAGACAG-1",1
"ACTTACTCACATTTCT-1",0
"ACTTACTGTACTCAAC-1",0
"ACTTACTGTTCCACAA-1",0
"ACTTACTTCATCGGAT-1",2
"ACTTGTTAGACAAGCC-1",1
"ACTTGTTAGCTAGCCC-1",0
"ACTTGTTAGTTACCCA-1",1
"ACTTGTTCACGACGAA-1",2
"ACTTGTTCACGGCTAC-1",1
"ACTTGTTGTATCGCAT-1",3
"ACTTGTTGTGGTAACG-1",7
"ACTTGTTGTTGTGGAG-1",2
"ACTTGTTTCATCACCC-1",1
"ACTTTCACATGGTCAT-1",1
"ACTTTCAGTGACTACT-1",1
"ACTTTCATCGCCAGCA-1",3
"AGAATAGAGCTGAACG-1",7
"AGAATAGAGCTGTCTA-1",1
"AGAATAGAGGTAGCTG-1",4
"AGAATAGCATGGTCTA-1",1
"AGAATAGGTAATCGTC-1",0
"AGAATAGGTATTCTCT-1",2
"AGAATAGGTGCGGTAA-1",1
"AGAATAGGTTAAGAAC-1",1
"AGAATAGTCAGGCCCA-1",1
"AGACGTTAGAATGTGT-1",7
"AGACGTTAGCTCCTCT-1",3
"AGACGTTAGTGCCAGA-1",0
"AGACGTTCAGGATCGA-1",2
"AGACGTTGTAGCTGCC-1",2
"AGACGTTGTCTGCAAT-1",0
"AGACGTTGTTCTGTTT-1",5
"AGACGTTTCGCATGGC-1",7
"AGACGTTTCGCTTAGA-1",3
"AGAGCGACAACTTGAC-1",2
"AGAGCGACAAGTACCT-1",0
"AGAGCGACACAACGTT-1",2
"AGAGCGACATGAGCGA-1",6
"AGAGCGAGTCAGTGGA-1",0
"AGAGCGAGTCGACTGC-1",1
"AGAGCGAGTTGAGTTC-1",1
"AGAGCGATCGCGTAGC-1",0
"AGAGCGATCTATCCTA-1",0
"AGAGCGATCTCGCTTG-1",0
"AGAGCTTAGCCGTCGT-1",1
"AGAGCTTAGTACACCT-1",1
"AGAGCTTAGTCATGCT-1",1
"AGAGCTTGTAGAGCTG-1",2
"AGAGCTTGTATCACCA-1",0
"AGAGCTTTCACTATTC-1",5
"AGAGCTTTCCTGCAGG-1",0
"AGAGCTTTCGCAAACT-1",0
"AGAGCTTTCGCTTAGA-1",0
"AGAGTGGAGAGCCTAG-1",0
"AGAGTGGAGGCCCTTG-1",0
"AGAGTGGAGGTACTCT-1",3
"AGAGTGGCACAAGACG-1",0
"AGAGTGGCACCTCGTT-1",4
"AGAGTGGCATCCGGGT-1",0
"AGAGTGGCATCTGGTA-1",0
"AGAGTGGGTCAGCTAT-1",3
"AGAGTGGGTCCTCCAT-1",9
"AGAGTGGGTCTAGTCA-1",7
"AGAGTGGGTTACCGAT-1",1
"AGATCTGAGGTGGGTT-1",4
"AGATCTGAGTCAAGGC-1",0
"AGATCTGCAATGTTGC-1",3
"AGATCTGTCGAATCCA-1",0
"AGATCTGTCTGCAGTA-1",3
"AGATTGCAGGCTACGA-1",1
"AGATTGCCACGACGAA-1",0
"AGATTGCCAGATGGGT-1",0
"AGATTGCGTAGAGCTG-1",12
"AGATTGCGTGATGTCT-1",0
"AGATTGCGTGTTCGAT-1",0
"AGATTGCGTTCACGGC-1",0
"AGATTGCTCACTGGGC-1",1
"AGATTGCTCATCTGTT-1",3
"AGCAGCCAGCTGATAA-1",1
"AGCAGCCCACCGAAAG-1",4
"AGCAGCCGTCGACTGC-1",0
"AGCAGCCGTCGCTTTC-1",1
"AGCAGCCGTCTAACGT-1",2
"AGCAGCCGTGTGAAAT-1",2
"AGCAGCCGTTTGTTGG-1",2
"AGCAGCCTCCAAACAC-1",5
"AGCATACAGTGGTAGC-1",14
"AGCATACAGTTGTCGT-1",4
"AGCATACGTCTTCTCG-1",2
"AGCATACGTTAAGTAG-1",1
"AGCATACTCCGTTGCT-1",3
"AGCCTAAAGATATGGT-1",2
"AGCCTAACAAAGCGGT-1",0
"AGCCTAACAGATAATG-1",0
"AGCCTAAGTACGAAAT-1",0
"AGCCTAAGTCACCTAA-1",2
"AGCCTAAGTGTGCCTG-1",0
"AGCCTAATCACCCGAG-1",0
"AGCCTAATCCAATGGT-1",0
"AGCCTAATCCTTGGTC-1",0
"AGCCTAATCTGTGCAA-1",6
"AGCCTAATCTGTTTGT-1",0
"AGCGGTCAGCGAAGGG-1",4
"AGCGGTCAGGTACTCT-1",9
"AGCGGTCAGTGACTCT-1",2
"AGCGGTCCAGCCTTGG-1",0
"AGCGGTCGTCCTAGCG-1",2
"AGCGGTCGTGGTGTAG-1",0
"AGCGGTCGTTAAGGGC-1",4
"AGCGGTCGTTTGCATG-1",3
"AGCGGTCTCCGAAGAG-1",1
"AGCGGTCTCCTCAATT-1",1
"AGCGGTCTCTGGGCCA-1",11
"AGCGTATAGAACTGTA-1",1
"AGCGTATAGCGATGAC-1",1
"AGCGTATAGGTACTCT-1",1
"AGCGTATGTTGAGGTG-1",2
"AGCGTATTCCAGAGGA-1",0
"AGCGTCGAGTTGAGTA-1",3
"AGCGTCGCAGGGATTG-1",1
"AGCGTCGTCTGAAAGA-1",1
"AGCTCCTAGACCTAGG-1",3
"AGCTCCTAGCGTTTAC-1",1
"AGCTCCTGTGTTTGTG-1",1
"AGCTCCTGTTGTCTTT-1",5
"AGCTCCTTCCGAATGT-1",1
"AGCTCCTTCTTGACGA-1",0
"AGCTCTCAGCGGATCA-1",1
"AGCTCTCAGCTGTTCA-1",0
"AGCTCTCAGGTGCTAG-1",2
"AGCTCTCCATACAGCT-1",5
"AGCTCTCGTCAGAGGT-1",0
"AGCTCTCGTGGGTCAA-1",1
"AGCTCTCTCACAACGT-1",0
"AGCTCTCTCTTGACGA-1",1
"AGCTTGAAGCATCATC-1",6
"AGCTTGAAGTAGCGGT-1",0
"AGCTTGAAGTTGTCGT-1",0
"AGCTTGACAATCCAAC-1",0
"AGCTTGACACCGATAT-1",1
"AGCTTGAGTCTACCTC-1",3
"AGCTTGAGTGCGCTTG-1",1
"AGCTTGAGTTACGCGC-1",0
"AGCTTGATCCTGCCAT-1",4
"AGCTTGATCTGCAAGT-1",3
"AGGCCACAGAGTAAGG-1",2
"AGGCCACAGGGTCTCC-1",3
"AGGCCACAGTACTTGC-1",1
"AGGCCACCAGGACCCT-1",0
"AGGCCACCATCAGTCA-1",1
"AGGCCACTCATGCTCC-1",0
"AGGCCACTCATGGTCA-1",0
"AGGCCACTCATTGCGA-1",0
"AGGCCGTAGGATCGCA-1",1
"AGGCCGTCACGTAAGG-1",2
"AGGCCGTCAGCTCGAC-1",2
"AGGCCGTCATCGTCGG-1",4
"AGGCCGTTCACGGTTA-1",0
"AGGCCGTTCGAACTGT-1",0
"AGGCCGTTCTCAAGTG-1",0
"AGGCCGTTCTGCTTGC-1",0
"AGGGAGTAGCCCAACC-1",0
"AGGGAGTAGGAGTACC-1",4
"AGGGAGTAGGCAGGTT-1",1
"AGGGAGTCACGAGAGT-1",0
"AGGGAGTCAGAAGCAC-1",5
"AGGGAGTCAGATCCAT-1",3
"AGGGAGTCATCGACGC-1",0
"AGGGAGTCATGCTAGT-1",1
"AGGGAGTGTCCATGAT-1",1
"AGGGAGTTCATAACCG-1",0
"AGGGATGAGCTCTCGG-1",2
"AGGGATGAGGAGTAGA-1",1
"AGGGATGAGTAGCGGT-1",3
"AGGGATGCAATGAATG-1",1
"AGGGATGCAATGGAGC-1",0
"AGGGATGCACAAGACG-1",0
"AGGGATGCACATTTCT-1",3
"AGGGATGCATGGTCTA-1",3
"AGGGATGGTTAAAGTG-1",2
"AGGGATGGTTATGCGT-1",0
"AGGGATGTCGTGACAT-1",1
"AGGGTGAAGATGGCGT-1",0
"AGGGTGAAGATGGGTC-1",1
"AGGGTGAAGGCTCAGA-1",5
"AGGGTGACACGAGAGT-1",0
"AGGGTGACAGATGGCA-1",2
"AGGGTGACAGATTGCT-1",2
"AGGGTGAGTACTCTCC-1",0
"AGGGTGAGTTATCGGT-1",1
"AGGGTGAGTTCTGAAC-1",8
"AGGGTGATCTCGCTTG-1",2
"AGGTCATAGAGCCCAA-1",0
"AGGTCATAGCCAGAAC-1",3
"AGGTCATAGGCATGGT-1",2
"AGGTCATAGGGAGTAA-1",0
"AGGTCATCACTCAGGC-1",0
"AGGTCATCACTCTGTC-1",0
"AGGTCATGTTCCACTC-1",13
"AGGTCATTCTCGTTTA-1",0
"AGGTCCGAGGATGCGT-1",0
"AGGTCCGCAACACGCC-1",1
"AGGTCCGGTGATGCCC-1",3
"AGGTCCGTCCATGAAC-1",0
"AGGTCCGTCGCCCTTA-1",5
"AGGTCCGTCTGCGTAA-1",1
"AGTAGTCAGACTGTAA-1",1
"AGTAGTCAGTACGACG-1",3
"AGTAGTCAGTTTAGGA-1",1
"AGTAGTCCAACTGGCC-1",3
"AGTAGTCGTGCAGACA-1",0
"AGTAGTCTCACCCGAG-1",3
"AGTCTTTAGGCAGTCA-1",6
"AGTCTTTCAAATCCGT-1",1
"AGTCTTTCATATACCG-1",5
"AGTCTTTGTGCTTCTC-1",1
"AGTCTTTGTGTCCTCT-1",10
"AGTCTTTGTTTGTTTC-1",0
"AGTCTTTTCGCAGGCT-1",1
"AGTCTTTTCGCGTAGC-1",3
"AGTCTTTTCGCTAGCG-1",0
"AGTCTTTTCGCTTGTC-1",3
"AGTCTTTTCTGACCTC-1",1
"AGTGAGGAGATAGCAT-1",2
"AGTGAGGCAGGTGCCT-1",1
"AGTGAGGGTATGAAAC-1",4
"AGTGAGGGTCACTTCC-1",1
"AGTGAGGGTCGCGAAA-1",0
"AGTGAGGGTTATGTGC-1",4
"AGTGAGGTCTACTATC-1",5
"AGTGGGAAGCAGACTG-1",1
"AGTGGGACAAACGCGA-1",2
"AGTGGGACAAGCCGTC-1",1
"AGTGGGACACAGGAGT-1",3
"AGTGGGACACGAGAGT-1",1
"AGTGGGATCATCGATG-1",3
"AGTGGGATCCACGAAT-1",1
"AGTGGGATCCTGCAGG-1",3
"AGTGTCAAGAAGCCCA-1",5
"AGTGTCAAGCTAGTCT-1",1
"AGTGTCAAGTACGACG-1",2
"AGTGTCAAGTGAACAT-1",0
"AGTGTCACACCATCCT-1",2
"AGTGTCACAGTAAGCG-1",4
"AGTGTCACAGTGGAGT-1",3
"AGTGTCAGTAAACCTC-1",0
"AGTGTCAGTACAGCAG-1",1
"AGTGTCAGTCTCCACT-1",0
"AGTGTCAGTTTGACTG-1",1
"AGTGTCATCAAAGTAG-1",1
"AGTGTCATCCGTCAAA-1",4
"AGTGTCATCGTTACAG-1",2
"AGTGTCATCTGTCAAG-1",0
"AGTTGGTAGACTGTAA-1",0
"AGTTGGTAGTACGCGA-1",3
"AGTTGGTCAAATTGCC-1",0
"AGTTGGTCAGGAATGC-1",0
"AGTTGGTCATGCGCAC-1",0
"AGTTGGTGTACCGTAT-1",4
"AGTTGGTGTATGCTTG-1",9
"AGTTGGTGTCAGGACA-1",0
"AGTTGGTGTTCAGACT-1",1
"AGTTGGTTCAGTACGT-1",0
"AGTTGGTTCCTCAACC-1",1
"AGTTGGTTCGTACCGG-1",0
"AGTTGGTTCTGTCCGT-1",2
"ATAACGCAGTTGAGTA-1",2
"ATAACGCCACGTGAGA-1",0
"ATAACGCGTGAACCTT-1",7
"ATAACGCGTGTCCTCT-1",5
"ATAACGCGTGTGAAAT-1",7
"ATAACGCTCTCCGGTT-1",11
"ATAAGAGAGTCCGGTC-1",1
"ATAAGAGCAACTGCGC-1",0
"ATAAGAGCAGTATCTG-1",0
"ATAAGAGGTGACGCCT-1",1
"ATAAGAGGTTAAAGTG-1",2
"ATAAGAGTCAGCACAT-1",7
"ATAAGAGTCAGTGCAT-1",3
"ATAGACCAGAGAGCTC-1",2
"ATAGACCAGCCCAATT-1",0
"ATAGACCCAAGCCATT-1",3
"ATAGACCCATCTGGTA-1",3
"ATAGACCGTATATGGA-1",3
"ATAGACCGTGGACGAT-1",2
"ATAGACCGTGGCGAAT-1",4
"ATAGACCGTTTCGCTC-1",4
"ATCACGAAGAACTCGG-1",4
"ATCACGAAGACACGAC-1",4
"ATCACGAAGTTACCCA-1",3
"ATCACGACAAGACACG-1",1
"ATCACGACAAGCGTAG-1",1
"ATCACGACACACATGT-1",1
"ATCACGACACCACCAG-1",1
"ATCACGACACGGTAAG-1",0
"ATCACGACAGCGAACA-1",5
"ATCACGATCCCGACTT-1",0
"ATCACGATCGGTGTCG-1",4
"ATCATCTAGCCTATGT-1",2
"ATCATCTAGGCCATAG-1",3
"ATCATCTAGTACTTGC-1",2
"ATCATCTCAGACGCCT-1",2
"ATCATCTCATCCGTGG-1",0
"ATCATCTGTATTACCG-1",1
"ATCATCTGTCACTTCC-1",0
"ATCATCTTCAGCGACC-1",2
"ATCATCTTCCTCAACC-1",3
"ATCATGGCAAGCGTAG-1",4
"ATCATGGCAAGGTTCT-1",2
"ATCATGGCACTACAGT-1",0
"ATCATGGGTAAGGGAA-1",9
"ATCATGGGTTGTGGCC-1",0
"ATCATGGTCAATAAGG-1",1
"ATCATGGTCCAATGGT-1",1
"ATCATGGTCGCCATAA-1",9
"ATCATGGTCGGTTAAC-1",5
"ATCCACCAGCTAGTCT-1",4
"ATCCACCAGGCTCTTA-1",0
"ATCCACCCAAACGTGG-1",2
"ATCCACCCAGTTAACC-1",3
"ATCCACCGTCCGAAGA-1",0
"ATCCACCGTTTGTTTC-1",1
"ATCCACCTCCTGCTTG-1",1
"ATCCACCTCCTTAATC-1",0
"ATCCACCTCTGGTATG-1",3
"ATCCGAAAGCGATGAC-1",4
"ATCCGAAAGCTAGGCA-1",5
"ATCCGAACAAACGTGG-1",0
"ATCCGAACAACAACCT-1",5
"ATCCGAACAAGGACTG-1",1
"ATCCGAACACCCATTC-1",1
"ATCCGAACACGGTAGA-1",0
"ATCCGAAGTAGCGCTC-1",0
"ATCCGAAGTCATTAGC-1",0
"ATCCGAAGTCTCTTAT-1",2
"ATCCGAATCCAACCAA-1",1
"ATCCGAATCCTTGACC-1",5
"ATCCGAATCTTGTCAT-1",3
"ATCGAGTAGACTTTCG-1",3
"ATCGAGTCATCCGGGT-1",1
"ATCGAGTGTCCCTTGT-1",0
"ATCGAGTGTCTCCCTA-1",5
"ATCGAGTTCATGCATG-1",1
"ATCGAGTTCCTGCCAT-1",2
"ATCTACTAGGTGTGGT-1",2
"ATCTACTCAGCTGTAT-1",9
"ATCTACTCAGTACACT-1",1
"ATCTACTCATGACATC-1",2
"ATCTACTGTAAGTAGT-1",1
"ATCTACTGTGTCGCTG-1",1
"ATCTACTTCCGCGTTT-1",1
"ATCTACTTCGCAAGCC-1",6
"ATCTACTTCTATCGCC-1",12
"ATCTACTTCTCTAAGG-1",3
"ATCTGCCAGGCTCAGA-1",6
"ATCTGCCGTACAGTTC-1",0
"ATCTGCCGTTGTGGAG-1",0
"ATCTGCCTCAGAGACG-1",1
"ATCTGCCTCAGCTGGC-1",0
"ATCTGCCTCGTACGGC-1",0
"ATCTGCCTCTCGAGTA-1",5
"ATCTGCCTCTGAGTGT-1",2
"ATCTGCCTCTTGTATC-1",4
"ATGAGGGAGGTCGGAT-1",3
"ATGAGGGCATGACGGA-1",0
"ATGAGGGCATTAGGCT-1",1
"ATGAGGGTCACATGCA-1",0
"ATGAGGGTCAGTCCCT-1",1
"ATGCGATAGTCAATAG-1",0
"ATGCGATCATGTTGAC-1",1
"ATGCGATGTGCAGTAG-1",11
"ATGCGATGTGCATCTA-1",0
"ATGCGATTCCCAAGAT-1",0
"ATGCGATTCGCCATAA-1",1
"ATGGGAGAGCAATATG-1",1
"ATGGGAGAGCCACGCT-1",2
"ATGGGAGAGGTGATAT-1",10
"ATGGGAGCACCAGGTC-1",1
"ATGGGAGCACTATCTT-1",4
"ATGGGAGCAGCATACT-1",2
"ATGGGAGCATAGAAAC-1",0
"ATGGGAGCATTACCTT-1",0
"ATGGGAGTCAAGGTAA-1",0
"ATGTGTGAGCGAAGGG-1",0
"ATGTGTGAGGGTTTCT-1",2
"ATGTGTGAGTTGAGTA-1",8
"ATGTGTGCACGGCGTT-1",3
"ATGTGTGCACGGTTTA-1",3
"ATGTGTGCAGTATAAG-1",2
"ATGTGTGTCACGCGGT-1",2
"ATTACTCAGATGTGTA-1",2
"ATTACTCAGCGTAATA-1",1
"ATTACTCAGGTGCACA-1",3
"ATTACTCAGTGAAGTT-1",2
"ATTACTCCAAACTGTC-1",2
"ATTACTCCACCATCCT-1",1
"ATTACTCCAGACTCGC-1",4
"ATTACTCCATATGCTG-1",0
"ATTACTCCATCGGTTA-1",1
"ATTACTCCATTGCGGC-1",1
"ATTACTCGTTAAAGAC-1",1
"ATTACTCTCCGAACGC-1",6
"ATTATCCAGAGTACCG-1",0
"ATTATCCAGCTTATCG-1",0
"ATTATCCCACAAGCCC-1",1
"ATTATCCCATATGAGA-1",0
"ATTATCCCATCTGGTA-1",0
"ATTATCCGTCGTTGTA-1",4
"ATTATCCGTCTCTCTG-1",6
"ATTATCCTCAACGGGA-1",4
"ATTATCCTCCGCGCAA-1",0
"ATTATCCTCTCCGGTT-1",0
"ATTCTACGTCACTTCC-1",1
"ATTCTACGTCTAGTCA-1",0
"ATTCTACGTTGTCGCG-1",2
"ATTGGACAGCAGATCG-1",3
"ATTGGACAGGGCATGT-1",0
"ATTGGACAGTGGACGT-1",0
"ATTGGACCAAGACACG-1",4
"ATTGGACGTAATAGCA-1",7
"ATTGGACTCCTGCTTG-1",2
"ATTGGACTCGGCGCAT-1",2
"ATTGGACTCGTTTGCC-1",4
"ATTGGTGAGAATGTTG-1",1
"ATTGGTGCAAGCTGAG-1",2
"ATTGGTGCAGCAGTTT-1",1
"ATTGGTGGTATGGTTC-1",0
"ATTGGTGGTTGAGTTC-1",1
"ATTGGTGTCAAAGTAG-1",0
"ATTGGTGTCGGAAACG-1",4
"ATTTCTGAGGGATACC-1",0
"ATTTCTGAGGGATCTG-1",2
"ATTTCTGAGGTGTTAA-1",3
"ATTTCTGAGTCGAGTG-1",10
"ATTTCTGAGTTCGCAT-1",4
"ATTTCTGCAAGGTGTG-1",3
"ATTTCTGGTAGCTCCG-1",1
"ATTTCTGGTGCACGAA-1",1
"ATTTCTGGTTGCCTCT-1",3
"ATTTCTGTCAAAGTAG-1",2
"ATTTCTGTCAGCTCGG-1",0
"ATTTCTGTCTTGGGTA-1",2
"CAACCAAAGAAACGCC-1",4
"CAACCAAAGAGGGCTT-1",1
"CAACCAAAGCTGAAAT-1",7
"CAACCAAAGGACAGCT-1",1
"CAACCAAAGGGAGTAA-1",6
"CAACCAACATACGCTA-1",3
"CAACCTCAGTAATCCC-1",0
"CAACCTCCAGACGCAA-1",1
"CAACCTCGTGAGTGAC-1",2
"CAACCTCGTTCCACGG-1",0
"CAACCTCTCATACGGT-1",1
"CAACCTCTCCGATATG-1",0
"CAACCTCTCCTTTACA-1",1
"CAACCTCTCTCTAGGA-1",0
"CAACTAGAGAATAGGG-1",5
"CAACTAGAGGATGCGT-1",3
"CAACTAGCACCATCCT-1",1
"CAACTAGCAGACTCGC-1",0
"CAACTAGCAGTTCATG-1",1
"CAACTAGGTACGCACC-1",0
"CAACTAGTCAGGCCCA-1",8
"CAAGAAAAGAAGGACA-1",3
"CAAGAAAAGACGCACA-1",0
"CAAGAAAAGGCCCTTG-1",1
"CAAGAAAAGGTGATAT-1",3
"CAAGAAAAGTCGATAA-1",1
"CAAGAAAAGTGGAGTC-1",0
"CAAGAAAAGTGTACCT-1",8
"CAAGAAACACGGTGTC-1",1
"CAAGAAATCTGCTTGC-1",9
"CAAGATCAGCTGAAAT-1",2
"CAAGATCGTAAGAGGA-1",1
"CAAGATCGTGCCTTGG-1",2
"CAAGATCTCAACACCA-1",0
"CAAGATCTCTCGATGA-1",1
"CAAGGCCAGGAGTCTG-1",1
"CAAGGCCAGGCTATCT-1",1
"CAAGGCCCACGGTAAG-1",6
"CAAGGCCCATGTTCCC-1",2
"CAAGGCCGTCCGTCAG-1",0
"CAAGGCCTCAACGGGA-1",0
"CAAGGCCTCCTTGACC-1",1
"CAAGGCCTCGTGACAT-1",1
"CAAGTTGAGACAGGCT-1",0
"CAAGTTGAGATGTCGG-1",2
"CAAGTTGAGCGTCAAG-1",0
"CAAGTTGAGCGTTTAC-1",0
"CAAGTTGCACATTAGC-1",3
"CAAGTTGCACGCTTTC-1",3
"CAAGTTGCACGGTGTC-1",3
"CAAGTTGCATTCTTAC-1",13
"CAAGTTGGTACTCAAC-1",0
"CAAGTTGGTCAGGACA-1",2
"CAAGTTGGTCGGCACT-1",0
"CAAGTTGTCAACGAAA-1",2
"CAAGTTGTCACCACCT-1",0
"CAAGTTGTCATTGCCC-1",4
"CAAGTTGTCGAATCCA-1",4
"CAAGTTGTCTACTTAC-1",7
"CACAAACAGGGCTCTC-1",3
"CACAAACAGGGCTTGA-1",1
"CACAAACAGTGACATA-1",10
"CACAAACCAACTGCGC-1",6
"CACAAACCAATAAGCA-1",0
"CACAAACCAATCAGAA-1",0
"CACAAACCACTTAACG-1",1
"CACAAACCATGAACCT-1",0
"CACAAACCATGGTCAT-1",2
"CACAAACGTCAACTGT-1",1
"CACAAACGTCAGAATA-1",0
"CACAAACTCTTCGGTC-1",3
"CACAAACTCTTGGGTA-1",10
"CACACAAAGCGACGTA-1",3
"CACACAAAGGGAGTAA-1",1
"CACACAACAAACGTGG-1",5
"CACACAACACATGACT-1",2
"CACACAACATCGATTG-1",0
"CACACAACATTGGGCC-1",0
"CACACAAGTACGACCC-1",6
"CACACAAGTCAGTGGA-1",1
"CACACAAGTCATCGGC-1",3
"CACACAAGTTTACTCT-1",0
"CACACAATCCACGTGG-1",1
"CACACAATCCACGTTC-1",0
"CACACAATCGGCGCAT-1",2
"CACACCTAGAGACTAT-1",1
"CACACCTAGGACATTA-1",2
"CACACCTAGTCATCCA-1",0
"CACACCTAGTGTGAAT-1",1
"CACACCTCACTGAAGG-1",5
"CACACCTCATAGGATA-1",0
"CACACCTCATAGTAAG-1",7
"CACACCTCATTGGGCC-1",4
"CACACCTGTACAGCAG-1",0
"CACACCTGTACCGCTG-1",3
"CACACCTGTCCAAGTT-1",1
"CACACCTGTGGACGAT-1",2
"CACACCTGTGGTCTCG-1",1
"CACACCTTCATGTCTT-1",3
"CACACCTTCTGGCGAC-1",2
"CACACTCAGGGAAACA-1",8
"CACACTCCAACACCTA-1",5
"CACACTCCAAGGGTCA-1",2
"CACACTCGTGACGCCT-1",0
"CACACTCGTTTGTGTG-1",0
"CACAGGCAGCCATCGC-1",1
"CACAGGCAGGGATGGG-1",8
"CACAGGCCAAGAGTCG-1",0
"CACAGGCCAATGGAGC-1",1
"CACAGGCGTCTAGGTT-1",2
"CACAGGCGTTACGCGC-1",4
"CACAGGCTCGGGAGTA-1",3
"CACAGGCTCTATGTGG-1",8
"CACAGTAAGACGCAAC-1",2
"CACAGTAAGACGCACA-1",0
"CACAGTAAGTGGGCTA-1",5
"CACAGTACAACTGGCC-1",0
"CACAGTACATCGGACC-1",4
"CACAGTAGTTCCATGA-1",6
"CACATAGAGCCCAATT-1",5
"CACATAGAGTGTACTC-1",2
"CACATAGCACTTCTGC-1",0
"CACATAGCAGGGTATG-1",2
"CACATAGTCCTTGCCA-1",4
"CACATAGTCGGCGCAT-1",0
"CACATTTAGCAGATCG-1",0
"CACATTTAGGGCACTA-1",0
"CACATTTCACGGCGTT-1",1
"CACATTTCATTACCTT-1",0
"CACATTTGTCGAACAG-1",2
"CACATTTGTGTTGAGG-1",0
"CACATTTTCCAGAGGA-1",0
"CACATTTTCCGCATCT-1",3
"CACATTTTCTACTATC-1",4
"CACATTTTCTGTGCAA-1",1
"CACCACTAGCCACGTC-1",2
"CACCACTAGTGGTAAT-1",4
"CACCACTAGTTACCCA-1",0
"CACCACTCAAGCCCAC-1",2
"CACCACTCAGTTCATG-1",3
"CACCACTGTTATTCTC-1",2
"CACCACTTCACCGGGT-1",5
"CACCACTTCGAATCCA-1",6
"CACCACTTCGACCAGC-1",0
"CACCACTTCTAACCGA-1",0
"CACCACTTCTTTAGTC-1",3
"CACCAGGCACATTAGC-1",3
"CACCAGGCACTGCCAG-1",2
"CACCAGGCATAAAGGT-1",2
"CACCAGGCATGAACCT-1",3
"CACCAGGGTGAAATCA-1",0
"CACCAGGGTGTTTGGT-1",0
"CACCAGGGTTATCACG-1",0
"CACCAGGTCATGTAGC-1",4
"CACCAGGTCTGCTTGC-1",0
"CACCTTGAGACTTGAA-1",1
"CACCTTGAGTCAATAG-1",1
"CACCTTGCACTAGTAC-1",0
"CACCTTGCAGGCGATA-1",2
"CACCTTGCATTCCTGC-1",2
"CACCTTGGTCATTAGC-1",10
"CACCTTGGTGATGTCT-1",2
"CACCTTGGTGTGAAAT-1",0
"CACCTTGGTTATGTGC-1",0
"CACCTTGTCAACCATG-1",0
"CACCTTGTCATTATCC-1",0
"CACCTTGTCCAAAGTC-1",0
"CACCTTGTCTCACATT-1",3
"CACTCCAAGACAAGCC-1",0
"CACTCCAAGGTACTCT-1",3
"CACTCCACAATGGACG-1",0
"CACTCCAGTACATGTC-1",2
"CACTCCAGTTGTCGCG-1",3
"CACTCCATCAACACAC-1",1
"CACTCCATCCCAGGTG-1",0
"CAGAATCAGAAACCTA-1",1
"CAGAATCAGCCAACAG-1",5
"CAGAATCAGCTGGAAC-1",3
"CAGAATCAGGACTGGT-1",0
"CAGAATCAGTATCGAA-1",2
"CAGAATCCACAGAGGT-1",13
"CAGAATCCAGGGTACA-1",2
"CAGAATCGTAAGTGTA-1",2
"CAGAATCGTAATCACC-1",8
"CAGAATCTCAGTTTGG-1",1
"CAGAATCTCGCAAGCC-1",1
"CAGAATCTCGGTCCGA-1",1
"CAGAATCTCTTGCAAG-1",1
"CAGAATCTCTTGTACT-1",2
"CAGAGAGAGAATTGTG-1",3
"CAGAGAGAGCAATATG-1",0
"CAGAGAGCAAGAAGAG-1",0
"CAGAGAGCACCAGATT-1",0
"CAGAGAGGTAATCACC-1",0
"CAGAGAGGTAGCTGCC-1",3
"CAGAGAGGTAGGACAC-1",3
"CAGAGAGGTATAGGGC-1",1
"CAGAGAGGTCCGAATT-1",0
"CAGAGAGGTTGAGGTG-1",1
"CAGAGAGTCACCCGAG-1",0
"CAGAGAGTCATAACCG-1",2
"CAGAGAGTCCGAACGC-1",2
"CAGAGAGTCTGGTATG-1",4
"CAGATCAAGAGACGAA-1",0
"CAGATCAAGCACCGTC-1",1
"CAGATCAAGCTTCGCG-1",2
"CAGATCAAGGATTCGG-1",0
"CAGATCAAGTGTACCT-1",0
"CAGATCAAGTTTAGGA-1",8
"CAGATCACAATAACGA-1",0
"CAGATCACACACCGAC-1",1
"CAGATCACACGGTAAG-1",1
"CAGATCACACTCTGTC-1",0
"CAGATCACAGCATACT-1",5
"CAGATCACAGTGGGAT-1",6
"CAGATCAGTACCAGTT-1",0
"CAGATCAGTGCGGTAA-1",1
"CAGATCATCTGATACG-1",0
"CAGATCATCTGATTCT-1",6
"CAGCAGCAGATGCCAG-1",4
"CAGCAGCAGGGAACGG-1",1
"CAGCAGCCACCTATCC-1",1
"CAGCAGCCATCACAAC-1",2
"CAGCAGCGTGCTAGCC-1",2
"CAGCAGCTCAACACTG-1",5
"CAGCAGCTCGAACTGT-1",1
"CAGCAGCTCGCCGTGA-1",0
"CAGCATAAGAGACGAA-1",1
"CAGCATAGTCTAGGTT-1",0
"CAGCATAGTTTACTCT-1",3
"CAGCATATCACGAAGG-1",2
"CAGCATATCAGGCAAG-1",0
"CAGCATATCCTTAATC-1",3
"CAGCCGAAGCATCATC-1",4
"CAGCCGAAGTTTCCTT-1",2
"CAGCCGACACGTGAGA-1",0
"CAGCCGACATCAGTCA-1",1
"CAGCCGAGTGATGTCT-1",0
"CAGCCGATCACCAGGC-1",0
"CAGCCGATCCTCAATT-1",5
"CAGCGACAGAAACGCC-1",3
"CAGCGACAGCGTCAAG-1",8
"CAGCGACCAAACGTGG-1",3
"CAGCGACCAAAGCGGT-1",2
"CAGCGACCACGTCAGC-1",6
"CAGCGACCATGGGACA-1",8
"CAGCGACGTCTGATTG-1",1
"CAGCGACGTGGACGAT-1",7
"CAGCGACGTGGTTTCA-1",1
"CAGCGACGTTCGGCAC-1",2
"CAGCGACTCCGCAAGC-1",0
"CAGCGACTCTGGGCCA-1",7
"CAGCTAAAGATGTGTA-1",7
"CAGCTAAAGCAGACTG-1",0
"CAGCTAAAGCTGTTCA-1",4
"CAGCTAAAGGAGCGTT-1",1
"CAGCTAACACAGATTC-1",2
"CAGCTAACATCAGTAC-1",4
"CAGCTAAGTAATCGTC-1",0
"CAGCTAAGTCTCACCT-1",1
"CAGCTAAGTTCGTCTC-1",5
"CAGCTAATCCACGCAG-1",3
"CAGCTAATCCCTAACC-1",0
"CAGCTAATCTGGTTCC-1",0
"CAGCTAATCTTAGCCC-1",3
"CAGCTAATCTTCGGTC-1",5
"CAGCTGGAGACACTAA-1",3
"CAGCTGGAGATCCTGT-1",2
"CAGCTGGCACCAACCG-1",5
"CAGCTGGCAGTGGAGT-1",3
"CAGCTGGCATGCATGT-1",4
"CAGCTGGTCTACCTGC-1",1
"CAGGTGCAGAGACGAA-1",1
"CAGGTGCAGATCCTGT-1",0
"CAGGTGCAGGCATGTG-1",0
"CAGGTGCCAGGAACGT-1",0
"CAGGTGCCATAGTAAG-1",3
"CAGGTGCCATCGGAAG-1",0
"CAGGTGCTCAGTTGAC-1",3
"CAGGTGCTCCAAGTAC-1",0
"CAGGTGCTCTTGTATC-1",4
"CAGTAACAGATATGGT-1",3
"CAGTAACAGATGGCGT-1",3
"CAGTAACCAATCACAC-1",0
"CAGTAACCACTCGACG-1",5
"CAGTAACGTGATAAGT-1",4
"CAGTAACGTGCACCAC-1",0
"CAGTAACTCAGAGGTG-1",2
"CAGTAACTCGTACGGC-1",1
"CAGTAACTCGTGACAT-1",1
"CAGTAACTCTGCCAGG-1",1
"CAGTCCTAGAATCTCC-1",2
"CAGTCCTAGATCTGCT-1",1
"CAGTCCTCAGTATAAG-1",4
"CAGTCCTTCAACACGT-1",2
"CAGTCCTTCCATGAGT-1",0
"CAGTCCTTCCCGACTT-1",1
"CAGTCCTTCCCTTGTG-1",1
"CAGTCCTTCGAACGGA-1",6
"CAGTCCTTCGGTTCGG-1",0
"CAGTCCTTCTACTTAC-1",2
"CATATGGAGAGATGAG-1",0
"CATATGGAGGCATGGT-1",4
"CATATGGAGTATTGGA-1",0
"CATATGGCAAGCGTAG-1",3
"CATATGGGTCGCATAT-1",0
"CATATGGTCATTATCC-1",1
"CATATGGTCATTGCGA-1",1
"CATATTCAGGCGACAT-1",0
"CATATTCCACCACCAG-1",3
"CATATTCGTGACTACT-1",4
"CATATTCGTGGTACAG-1",0
"CATATTCGTGTGACGA-1",4
"CATATTCTCACAGGCC-1",1
"CATATTCTCGCAAACT-1",0
"CATCAAGAGAACTCGG-1",1
"CATCAAGAGATGGCGT-1",0
"CATCAAGAGCCGCCTA-1",2
"CATCAAGCACGAAACG-1",4
"CATCAAGCAGCCTTTC-1",2
"CATCAAGCATGGAATA-1",4
"CATCAAGGTTACTGAC-1",3
"CATCAAGGTTCCATGA-1",3
"CATCAAGTCTAAGCCA-1",0
"CATCAAGTCTGACCTC-1",0
"CATCAGAAGCTAGTCT-1",5
"CATCAGACAAGCCATT-1",3
"CATCAGACAATGACCT-1",0
"CATCAGACACGGCCAT-1",0
"CATCAGACAGACAGGT-1",3
"CATCAGACATAACCTG-1",0
"CATCAGAGTAATTGGA-1",4
"CATCAGAGTACATGTC-1",1
"CATCAGAGTGTTAAGA-1",3
"CATCAGAGTTCAACCA-1",1
"CATCAGATCGTTGACA-1",2
"CATCCACGTAAAGTCA-1",4
"CATCCACGTACCGTAT-1",2
"CATCCACGTGCCTGTG-1",3
"CATCCACGTTTAAGCC-1",2
"CATCGAAAGAGTACAT-1",13
"CATCGAAAGCTGTCTA-1",1
"CATCGAACAAGAGGCT-1",4
"CATCGAACAAGCTGAG-1",0
"CATCGAACACATTTCT-1",3
"CATCGAACATAAAGGT-1",3
"CATCGAAGTAGTACCT-1",0
"CATCGAAGTCCGACGT-1",6
"CATCGAAGTGCACTTA-1",2
"CATCGAATCAAACCAC-1",4
"CATCGAATCCGCGGTA-1",1
"CATCGAATCCGTAGTA-1",3
"CATCGGGAGAAGCCCA-1",4
"CATCGGGAGCGAGAAA-1",3
"CATCGGGAGGGTGTGT-1",4
"CATCGGGAGGTGTTAA-1",0
"CATCGGGAGTGACTCT-1",0
"CATCGGGCACTCAGGC-1",7
"CATCGGGCAGACGCTC-1",3
"CATCGGGCATCACAAC-1",1
"CATCGGGGTCCTCTTG-1",0
"CATCGGGGTGAGGGAG-1",1
"CATCGGGGTTCGAATC-1",2
"CATCGGGTCAGGATCT-1",0
"CATCGGGTCCACGAAT-1",0
"CATCGGGTCGATGAGG-1",1
"CATGACAAGACCACGA-1",3
"CATGACAAGCTCCTCT-1",1
"CATGACAAGTAACCCT-1",5
"CATGACAAGTATCTCG-1",3
"CATGACAGTCGTCTTC-1",3
"CATGACAGTGAACCTT-1",6
"CATGACATCAATAAGG-1",0
"CATGACATCTAACTGG-1",0
"CATGCCTAGACCTAGG-1",2
"CATGCCTAGAGTCTGG-1",0
"CATGCCTCACCACCAG-1",0
"CATGCCTGTCAAAGCG-1",0
"CATGCCTGTCGATTGT-1",1
"CATGCCTTCCACGACG-1",6
"CATGCCTTCCTCATTA-1",5
"CATGCCTTCGCATGAT-1",1
"CATGGCGAGAGCTGGT-1",3
"CATGGCGAGTACGACG-1",0
"CATGGCGTCCAAAGTC-1",3
"CATGGCGTCCCTTGTG-1",2
"CATGGCGTCGGCCGAT-1",0
"CATGGCGTCTCAAACG-1",0
"CATGGCGTCTGCCCTA-1",3
"CATTATCAGACCCACC-1",3
"CATTATCAGTCCCACG-1",0
"CATTATCCAAGTCTGT-1",1
"CATTATCCAGGGCATA-1",0
"CATTATCGTCAATGTC-1",0
"CATTATCTCACAAACC-1",3
"CATTATCTCAGATAAG-1",0
"CATTATCTCGCGTTTC-1",0
"CATTATCTCGTTGCCT-1",1
"CATTATCTCTATCCCG-1",0
"CATTATCTCTTAACCT-1",3
"CATTCGCAGGTGCTAG-1",0
"CATTCGCCAAGGGTCA-1",2
"CATTCGCCAGCCTATA-1",2
"CATTCGCCATACAGCT-1",7
"CATTCGCCATGGATGG-1",0
"CATTCGCCATGTCTCC-1",0
"CATTCGCCATTCACTT-1",0
"CATTCGCGTAGCACGA-1",0
"CATTCGCTCATCACCC-1",1
"CCAATCCAGACCACGA-1",0
"CCAATCCAGATATGGT-1",3
"CCAATCCAGTCGAGTG-1",5
"CCAATCCAGTCGTTTG-1",0
"CCAATCCAGTTTAGGA-1",1
"CCAATCCCAAGCGAGT-1",5
"CCAATCCTCGGACAAG-1",0
"CCAATCCTCTACCTGC-1",0
"CCACCTAAGCAGACTG-1",0
"CCACCTAAGGATGGTC-1",6
"CCACCTAAGTCGAGTG-1",2
"CCACCTAAGTGGGATC-1",1
"CCACCTAAGTGTGGCA-1",2
"CCACCTACAACAACCT-1",1
"CCACCTACAAGCCGCT-1",0
"CCACCTACAATCTACG-1",2
"CCACCTAGTAGTACCT-1",1
"CCACCTAGTCGCGTGT-1",1
"CCACCTAGTGGGTCAA-1",0
"CCACCTATCAGTTGAC-1",2
"CCACCTATCTGATACG-1",0
"CCACGGAAGACACGAC-1",0
"CCACGGAAGGGAACGG-1",2
"CCACGGACATGTCGAT-1",8
"CCACGGAGTAAGGGCT-1",0
"CCACGGAGTCAGATAA-1",0
"CCACGGAGTCCGTGAC-1",9
"CCACGGAGTGTAATGA-1",1
"CCACGGAGTTCTGAAC-1",2
"CCACGGATCACATAGC-1",3
"CCACGGATCCACGTGG-1",3
"CCACGGATCTACTATC-1",2
"CCACGGATCTAGAGTC-1",1
"CCACTACAGAGTACCG-1",0
"CCACTACAGCTTTGGT-1",2
"CCACTACCAGCAGTTT-1",0
"CCACTACCAGTAGAGC-1",4
"CCACTACGTCCGAATT-1",1
"CCACTACGTCTCAACA-1",3
"CCACTACGTGACAAAT-1",16
"CCACTACGTGACCAAG-1",4
"CCACTACGTGCACGAA-1",2
"CCACTACTCACTCTTA-1",1
"CCACTACTCCGCATCT-1",0
"CCACTACTCGGAAATA-1",6
"CCACTACTCTCGTATT-1",0
"CCACTACTCTCGTTTA-1",3
"CCAGCGAAGCCCAACC-1",2
"CCAGCGACATCGGGTC-1",0
"CCAGCGACATGTCCTC-1",1
"CCAGCGAGTAGGCATG-1",1
"CCAGCGAGTCCGTTAA-1",0
"CCAGCGATCAGAAATG-1",1
"CCATGTCAGCGATCCC-1",2
"CCATGTCAGGTCGGAT-1",2
"CCATGTCAGGTTACCT-1",2
"CCATGTCCAAGCTGGA-1",0
"CCATGTCCACATCCGG-1",0
"CCATGTCGTCCAGTAT-1",2
"CCATGTCTCCAAGTAC-1",3
"CCATGTCTCTTGTATC-1",3
"CCATTCGCAGTACACT-1",2
"CCATTCGCAGTTTACG-1",0
"CCATTCGGTAATCGTC-1",2
"CCATTCGGTATTACCG-1",5
"CCATTCGTCGTAGGAG-1",0
"CCCAATCAGTCACGCC-1",1
"CCCAATCCAGGTGGAT-1",3
"CCCAATCGTGAAGGCT-1",4
"CCCAATCGTTGGAGGT-1",4
"CCCAATCTCACATGCA-1",0
"CCCAATCTCCAGTATG-1",1
"CCCAATCTCGGAGCAA-1",0
"CCCAGTTAGAATAGGG-1",0
"CCCAGTTAGATCCCGC-1",8
"CCCAGTTAGCGTGAAC-1",2
"CCCAGTTAGGAATCGC-1",2
"CCCAGTTAGTCCGGTC-1",0
"CCCAGTTAGTTTGCGT-1",0
"CCCAGTTGTACATGTC-1",4
"CCCAGTTGTCTGCAAT-1",3
"CCCAGTTTCTGAAAGA-1",9
"CCCATACAGGGTTCCC-1",1
"CCCATACAGTGTTTGC-1",1
"CCCATACCAAAGGTGC-1",3
"CCCATACCAACACCCG-1",2
"CCCATACCAGCAGTTT-1",2
"CCCATACGTATTACCG-1",0
"CCCATACGTCAATACC-1",2
"CCCATACGTCTAGTCA-1",1
"CCCATACGTTGAGTTC-1",2
"CCCATACTCAATAAGG-1",3
"CCCATACTCAGCGACC-1",0
"CCCATACTCATCACCC-1",9
"CCCATACTCCGTAGGC-1",2
"CCCTCCTAGGAATCGC-1",3
"CCCTCCTCACGTCTCT-1",0
"CCCTCCTCAGCTTAAC-1",0
"CCCTCCTCATATGAGA-1",0
"CCCTCCTCATCACGTA-1",3
"CCCTCCTGTATGGTTC-1",3
"CCCTCCTGTTAGATGA-1",2
"CCCTCCTTCAATCACG-1",0
"CCCTCCTTCCGCAGTG-1",1
"CCGGGATAGCTTCGCG-1",1
"CCGGGATAGGCGACAT-1",2
"CCGGGATAGGCTAGGT-1",1
"CCGGGATCACAGTCGC-1",0
"CCGGGATGTATAGGTA-1",3
"CCGGGATTCAGAGCTT-1",1
"CCGGGATTCGCTAGCG-1",0
"CCGGGATTCGCTTGTC-1",0
"CCGGTAGAGCGTCTAT-1",4
"CCGGTAGAGTACGCCC-1",1
"CCGGTAGCACATAACC-1",3
"CCGGTAGCACGCATCG-1",3
"CCGGTAGGTACTTCTT-1",3
"CCGGTAGGTCAAACTC-1",3
"CCGGTAGTCGTCCGTT-1",0
"CCGTACTAGAGAACAG-1",0
"CCGTACTAGTCCGTAT-1",5
"CCGTACTCAAGCCCAC-1",2
"CCGTACTCAAGCGAGT-1",0
"CCGTACTCATCCCACT-1",0
"CCGTACTGTACAGCAG-1",2
"CCGTACTGTAGCGCTC-1",0
"CCGTACTGTGCGGTAA-1",0
"CCGTACTTCGTTACAG-1",5
"CCGTGGAAGACGCACA-1",0
"CCGTGGAAGAGTTGGC-1",5
"CCGTGGAAGGTGATAT-1",4
"CCGTGGAAGGTTCCTA-1",9
"CCGTGGACAGCCTTGG-1",2
"CCGTGGAGTTCCATGA-1",2
"CCGTGGATCTAACTTC-1",2
"CCGTGGATCTCTGTCG-1",0
"CCGTTCAAGCGTAATA-1",0
"CCGTTCAAGTACGATA-1",0
"CCGTTCAAGTAGATGT-1",2
"CCGTTCACAGGATCGA-1",3
"CCGTTCAGTATAGGGC-1",1
"CCGTTCAGTCGCGAAA-1",2
"CCGTTCATCGTACCGG-1",1
"CCTAAAGAGAGTTGGC-1",3
"CCTAAAGCAAACCTAC-1",0
"CCTAAAGCATGTCTCC-1",3
"CCTAAAGGTACTCAAC-1",1
"CCTAAAGGTCGGCACT-1",0
"CCTAAAGGTGTAATGA-1",1
"CCTAAAGTCACCGTAA-1",2
"CCTAAAGTCAGCGATT-1",4
"CCTAAAGTCGGCGCTA-1",11
"CCTAAAGTCGGTCCGA-1",1
"CCTACACAGGACCACA-1",2
"CCTACACAGGGTGTTG-1",1
"CCTACACCAGTAAGAT-1",3
"CCTACACGTATAGTAG-1",3
"CCTACACGTCCGAACC-1",2
"CCTACACGTGGGTCAA-1",0
"CCTACACGTTTGACTG-1",1
"CCTACACTCGGCGCTA-1",2
"CCTACACTCGTGACAT-1",2
"CCTACCAAGATAGGAG-1",3
"CCTACCAAGCAAATCA-1",0
"CCTACCAAGCGTAGTG-1",1
"CCTACCAAGCTTCGCG-1",0
"CCTACCAAGTGCGATG-1",3
"CCTACCAGTATCAGTC-1",0
"CCTACCAGTCTCTCTG-1",3
"CCTACCAGTCTTTCAT-1",1
"CCTACCATCAGCACAT-1",3
"CCTACCATCGCCAGCA-1",0
"CCTAGCTAGCAAATCA-1",1
"CCTAGCTAGCTCCTCT-1",2
"CCTAGCTAGGTTACCT-1",3
"CCTAGCTAGTACGCGA-1",2
"CCTAGCTCAATGAATG-1",4
"CCTAGCTCAATGGTCT-1",1
"CCTAGCTCACATCCAA-1",1
"CCTAGCTCAGCCAGAA-1",0
"CCTAGCTGTAGAAAGG-1",3
"CCTAGCTGTCACCCAG-1",2
"CCTAGCTGTCTGATTG-1",2
"CCTAGCTTCACGATGT-1",2
"CCTAGCTTCGTAGGAG-1",1
"CCTATTAAGAATTCCC-1",6
"CCTATTAAGCAGGCTA-1",8
"CCTATTAAGCAGGTCA-1",4
"CCTATTAAGGGAGTAA-1",0
"CCTATTAAGGTAGCCA-1",6
"CCTATTACACAACTGT-1",0
"CCTATTACACATCCGG-1",1
"CCTATTAGTCAATACC-1",0
"CCTATTATCATCACCC-1",5
"CCTATTATCTGCGACG-1",0
"CCTCAGTAGCTAACTC-1",2
"CCTCAGTCAGGTGGAT-1",1
"CCTCAGTGTCCATCCT-1",2
"CCTCAGTGTCCGACGT-1",0
"CCTCAGTGTCTTGTCC-1",4
"CCTCAGTGTGGGTATG-1",2
"CCTCTGAAGTATCGAA-1",1
"CCTCTGAAGTGGGTTG-1",0
"CCTCTGACAAGCTGTT-1",3
"CCTCTGACACCGATAT-1",10
"CCTCTGACAGATGAGC-1",2
"CCTCTGAGTCAATACC-1",2
"CCTCTGAGTCCGAACC-1",1
"CCTCTGAGTCGTGGCT-1",2
"CCTCTGAGTCTGATTG-1",3
"CCTCTGATCTGAGGGA-1",0
"CCTTACGCAAGCGTAG-1",1
"CCTTACGCACCAACCG-1",0
"CCTTACGGTCATCCCT-1",1
"CCTTACGGTCCTCTTG-1",2
"CCTTACGTCACAACGT-1",1
"CCTTACGTCATCTGCC-1",1
"CCTTACGTCGGAGGTA-1",3
"CCTTCCCAGAGACTAT-1",3
"CCTTCCCAGCTAGGCA-1",0
"CCTTCCCAGGACGAAA-1",1
"CCTTCCCAGGGCATGT-1",0
"CCTTCCCAGGTACTCT-1",0
"CCTTCCCCATGATCCA-1",3
"CCTTCCCTCAAGGCTT-1",1
"CCTTCCCTCTATCCTA-1",4
"CCTTCCCTCTATCGCC-1",2
"CCTTCGAAGGCGCTCT-1",0
"CCTTCGACAACACCCG-1",1
"CCTTCGACAGCGATCC-1",2
"CCTTCGAGTAAGCACG-1",3
"CCTTCGAGTCCATGAT-1",0
"CCTTCGAGTGTGACCC-1",3
"CCTTCGAGTTGGTGGA-1",1
"CCTTCGATCACAGTAC-1",7
"CCTTCGATCCTATGTT-1",0
"CCTTCGATCGCACTCT-1",2
"CCTTTCTAGACGCTTT-1",1
"CCTTTCTAGGGCACTA-1",2
"CCTTTCTAGTGGAGTC-1",3
"CCTTTCTCAGACAAGC-1",7
"CCTTTCTCATCACGAT-1",2
"CCTTTCTCATGCCCGA-1",0
"CCTTTCTTCCCACTTG-1",2
"CCTTTCTTCTTTACGT-1",1
"CGAACATCACATGACT-1",6
"CGAACATCACTTGGAT-1",1
"CGAACATCAGTCCTTC-1",0
"CGAACATGTCTGATTG-1",0
"CGAACATGTGCTGTAT-1",3
"CGAACATTCTCAAACG-1",4
"CGAATGTAGAGGTTAT-1",1
"CGAATGTAGCGATAGC-1",0
"CGAATGTAGTTCGCAT-1",0
"CGAATGTCAATGCCAT-1",0
"CGAATGTGTCTAGTCA-1",2
"CGAATGTGTCTCACCT-1",0
"CGAATGTTCAACACAC-1",3
"CGAATGTTCATCACCC-1",5
"CGAATGTTCTGTACGA-1",0
"CGACCTTAGCTACCGC-1",2
"CGACCTTAGCTAGTCT-1",0
"CGACCTTCAAAGTGCG-1",5
"CGACCTTCACGAAATA-1",6
"CGACCTTGTAAGTGTA-1",4
"CGACCTTGTCAGAATA-1",1
"CGACCTTGTCTCCCTA-1",0
"CGACCTTGTCTCTTAT-1",2
"CGACCTTTCCGCGTTT-1",4
"CGACCTTTCGTTTATC-1",2
"CGACCTTTCTCCAGGG-1",0
"CGACTTCAGACACGAC-1",2
"CGACTTCAGGTAGCCA-1",3
"CGACTTCAGTCTTGCA-1",0
"CGACTTCCAATGGACG-1",2
"CGACTTCGTGGTGTAG-1",8
"CGACTTCGTTGAGTTC-1",2
"CGACTTCTCACTTACT-1",0
"CGACTTCTCTCGCTTG-1",10
"CGAGAAGAGAAACGCC-1",2
"CGAGAAGAGCCAACAG-1",1
"CGAGAAGAGCGTGTCC-1",8
"CGAGAAGCAAGTTCTG-1",2
"CGAGAAGCACATCCGG-1",0
"CGAGAAGCAGGCTGAA-1",0
"CGAGAAGTCGGATGGA-1",0
"CGAGCACAGCCAGAAC-1",0
"CGAGCACCACATGTGT-1",2
"CGAGCACGTAGCGTCC-1",0
"CGAGCACGTAGCGTGA-1",2
"CGAGCACGTCAGATAA-1",7
"CGAGCACGTGCCTTGG-1",4
"CGAGCACTCCCGGATG-1",5
"CGAGCACTCCGCTGTT-1",1
"CGAGCACTCGGAAATA-1",0
"CGAGCACTCGTGACAT-1",0
"CGAGCCAAGCTAGCCC-1",1
"CGAGCCAGTATATCCG-1",0
"CGAGCCAGTCAAGCGA-1",0
"CGATCGGAGAGCCTAG-1",9
"CGATCGGAGTACGATA-1",0
"CGATCGGCAAACGCGA-1",2
"CGATCGGCAAGCGATG-1",0
"CGATCGGCAATACGCT-1",1
"CGATCGGCAGTTAACC-1",1
"CGATCGGCATACTCTT-1",2
"CGATCGGGTCGACTGC-1",3
"CGATCGGTCAACGGGA-1",0
"CGATCGGTCTAGCACA-1",3
"CGATGGCAGCCGTCGT-1",0
"CGATGGCAGTCCAGGA-1",0
"CGATGGCCACTTAACG-1",2
"CGATGGCCAGCGTAAG-1",8
"CGATGGCCATCATCCC-1",1
"CGATGGCTCCTAGAAC-1",1
"CGATGGCTCGCTAGCG-1",0
"CGATGGCTCTGACCTC-1",0
"CGATGTAAGGCAATTA-1",2
"CGATGTAAGTTTGCGT-1",0
"CGATGTACACAGGCCT-1",1
"CGATGTACAGGTCTCG-1",4
"CGATGTAGTCCAGTGC-1",1
"CGATGTAGTCTAGGTT-1",2
"CGATGTAGTGTGCCTG-1",0
"CGATGTAGTTTGCATG-1",0
"CGATTGAAGATGTGGC-1",1
"CGATTGACAGACGCAA-1",1
"CGATTGAGTATGGTTC-1",1
"CGATTGAGTTCAGACT-1",3
"CGATTGATCATGGTCA-1",3
"CGATTGATCTGCGGCA-1",3
"CGCCAAGAGAATGTTG-1",5
"CGCCAAGAGACCTTTG-1",4
"CGCCAAGAGATCGGGT-1",8
"CGCCAAGAGATCTGAA-1",0
"CGCCAAGAGCGTGTCC-1",0
"CGCCAAGGTCTAGGTT-1",1
"CGCCAAGTCAGGATCT-1",2
"CGCCAAGTCCACTCCA-1",1
"CGCCAAGTCTTGTTTG-1",1
"CGCGGTAAGCTAGCCC-1",0
"CGCGGTAAGGGTTCCC-1",2
"CGCGGTACAAACTGCT-1",2
"CGCGGTACAATGGAAT-1",2
"CGCGGTACAGCTGTTA-1",0
"CGCGGTAGTCAAGCGA-1",5
"CGCGGTAGTGAGGCTA-1",1
"CGCGGTAGTTTGCATG-1",0
"CGCGTTTAGTTATCGC-1",1
"CGCGTTTCAACAACCT-1",2
"CGCGTTTCAAGCGAGT-1",1
"CGCGTTTCAATGGACG-1",1
"CGCGTTTCACGGTGTC-1",3
"CGCGTTTGTGCTGTAT-1",3
"CGCGTTTGTGGACGAT-1",4
"CGCGTTTTCAAACCGT-1",3
"CGCGTTTTCAGCCTAA-1",1
"CGCGTTTTCCTATGTT-1",0
"CGCGTTTTCGTGGTCG-1",9
"CGCTATCAGAAACCGC-1",1
"CGCTATCAGTCATCCA-1",0
"CGCTATCCAAGCGAGT-1",5
"CGCTATCCAGTCGATT-1",3
"CGCTATCCATCGACGC-1",6
"CGCTATCCATTTCAGG-1",2
"CGCTATCGTACCGAGA-1",3
"CGCTATCGTTCGAATC-1",13
"CGCTATCGTTTCGCTC-1",5
"CGCTATCTCGTTACAG-1",0
"CGCTGGAAGGACATTA-1",1
"CGCTGGAAGGGCACTA-1",2
"CGCTGGAAGGTGATAT-1",3
"CGCTGGACAGACTCGC-1",0
"CGCTGGAGTGTAATGA-1",0
"CGCTGGAGTTCTGGTA-1",1
"CGCTGGATCCGAAGAG-1",2
"CGCTGGATCCGTTGCT-1",1
"CGCTGGATCGTAGGAG-1",5
"CGCTGGATCGTTACAG-1",0
"CGCTTCAAGAAGGGTA-1",4
"CGCTTCAAGGTCGGAT-1",2
"CGCTTCACACGGTGTC-1",1
"CGCTTCACAGACAAGC-1",1
"CGCTTCACATCACCCT-1",4
"CGCTTCAGTCGCGGTT-1",3
"CGCTTCATCTTAGAGC-1",2
"CGGACACAGCGATATA-1",1
"CGGACACAGCGATGAC-1",0
"CGGACACAGCTTCGCG-1",2
"CGGACACAGGTAAACT-1",1
"CGGACACAGTAGCCGA-1",0
"CGGACACCACAGGAGT-1",1
"CGGACACCATTCACTT-1",0
"CGGACACGTGAGCGAT-1",2
"CGGACACGTGCTCTTC-1",0
"CGGACACGTGTGACCC-1",3
"CGGACGTAGGTTACCT-1",7
"CGGACGTCATGGGACA-1",2
"CGGACGTGTGAAAGAG-1",1
"CGGACGTGTTGGTAAA-1",0
"CGGACGTTCATGTGGT-1",2
"CGGACGTTCTGTCCGT-1",4
"CGGACTGAGGAGCGAG-1",2
"CGGACTGAGGAGTCTG-1",0
"CGGACTGAGTGGTAGC-1",2
"CGGACTGCAACTTGAC-1",6
"CGGACTGCAATGACCT-1",1
"CGGACTGCACAACGTT-1",3
"CGGACTGCACGCCAGT-1",1
"CGGACTGCAGTATGCT-1",0
"CGGACTGGTAAAGGAG-1",1
"CGGACTGGTATAAACG-1",2
"CGGACTGGTGTAAGTA-1",5
"CGGACTGGTGTGGTTT-1",0
"CGGACTGGTTGACGTT-1",4
"CGGACTGTCATTGCCC-1",0
"CGGACTGTCCATGCTC-1",1
"CGGACTGTCCGTCAAA-1",1
"CGGACTGTCGTTTGCC-1",0
"CGGACTGTCTTCATGT-1",2
"CGGAGCTAGTTTAGGA-1",2
"CGGAGCTCATTGAGCT-1",0
"CGGAGCTGTAGAAAGG-1",2
"CGGAGCTTCACTTATC-1",8
"CGGAGCTTCATGTAGC-1",1
"CGGAGCTTCCACGAAT-1",5
"CGGAGTCAGTGCGATG-1",6
"CGGAGTCAGTGTGAAT-1",0
"CGGAGTCCAGTGGGAT-1",1
"CGGAGTCCATTATCTC-1",3
"CGGAGTCGTAGCTGCC-1",0
"CGGAGTCGTCCAGTGC-1",0
"CGGAGTCGTGTTCGAT-1",0
"CGGAGTCTCCCAGGTG-1",2
"CGGAGTCTCCGTAGTA-1",0
"CGGCTAGAGAAACGCC-1",1
"CGGCTAGAGCACCGTC-1",2
"CGGCTAGAGCTAAACA-1",3
"CGGCTAGCAGACAAAT-1",6
"CGGCTAGGTAACGCGA-1",2
"CGGCTAGGTTCATGGT-1",3
"CGGCTAGTCAAAGACA-1",1
"CGGCTAGTCGTGGGAA-1",2
"CGGCTAGTCTTGTTTG-1",1
"CGGGTCAAGAGTCGGT-1",1
"CGGGTCAAGCACACAG-1",2
"CGGGTCAAGCTAACTC-1",0
"CGGGTCAAGGACACCA-1",1
"CGGGTCAAGTATGACA-1",1
"CGGGTCACAATGACCT-1",6
"CGGGTCACACCGAAAG-1",0
"CGGGTCACAGCCACCA-1",2
"CGGGTCACATACAGCT-1",3
"CGGGTCACATCCTTGC-1",0
"CGGGTCAGTAGCGCTC-1",1
"CGGGTCAGTCGATTGT-1",0
"CGGGTCAGTGCAACTT-1",1
"CGGGTCAGTTGTTTGG-1",0
"CGGGTCATCAACACCA-1",6
"CGGGTCATCACCTTAT-1",1
"CGGGTCATCCACGACG-1",5
"CGGTTAACAGGACCCT-1",4
"CGGTTAACATGTCCTC-1",0
"CGGTTAACATTCCTGC-1",4
"CGGTTAAGTCGACTGC-1",5
"CGGTTAATCCGGCACA-1",0
"CGGTTAATCCTTTCGG-1",0
"CGGTTAATCTTATCTG-1",2
"CGTAGCGAGATGTAAC-1",5
"CGTAGCGAGGCAATTA-1",2
"CGTAGCGAGTAGGTGC-1",0
"CGTAGCGCAAGCGCTC-1",2
"CGTAGCGTCCAACCAA-1",0
"CGTAGCGTCGGCGGTT-1",0
"CGTAGGCAGGGCTCTC-1",7
"CGTAGGCCAAGCGATG-1",2
"CGTAGGCCACTAAGTC-1",0
"CGTAGGCCAGAGTGTG-1",0
"CGTAGGCCATCCCATC-1",6
"CGTAGGCGTATTAGCC-1",0
"CGTAGGCGTCAATACC-1",0
"CGTAGGCGTGGCGAAT-1",3
"CGTAGGCTCCAGAAGG-1",1
"CGTCACTAGTCATGCT-1",3
"CGTCACTCAAAGCGGT-1",0
"CGTCACTCAGGTCCAC-1",4
"CGTCACTCAGTCACTA-1",2
"CGTCACTTCCTTGACC-1",0
"CGTCACTTCGGTGTTA-1",0
"CGTCACTTCTGTGCAA-1",5
"CGTCACTTCTTGAGAC-1",0
"CGTCAGGAGCTGTTCA-1",1
"CGTCAGGCAAAGCAAT-1",0
"CGTCAGGCAAAGCGGT-1",8
"CGTCAGGCAACACGCC-1",1
"CGTCAGGCATCCGCGA-1",1
"CGTCAGGGTCAGCTAT-1",3
"CGTCAGGGTCGTTGTA-1",1
"CGTCAGGGTGTAAGTA-1",1
"CGTCAGGTCCACTGGG-1",5
"CGTCAGGTCGACAGCC-1",3
"CGTCAGGTCGGGAGTA-1",1
"CGTCCATAGACCACGA-1",0
"CGTCCATAGCGATTCT-1",4
"CGTCCATAGGCTATCT-1",3
"CGTCCATAGTCTCAAC-1",0
"CGTCCATCACGACTCG-1",2
"CGTCCATCATTCACTT-1",0
"CGTCCATGTCTAGCGC-1",0
"CGTCCATGTGATAAAC-1",1
"CGTCCATGTTTGGGCC-1",0
"CGTCCATGTTTGTGTG-1",0
"CGTCCATTCAACACCA-1",2
"CGTCCATTCATTCACT-1",0
"CGTCTACAGTGCGTGA-1",5
"CGTCTACGTAGTAGTA-1",0
"CGTCTACTCGAGCCCA-1",0
"CGTCTACTCGCCATAA-1",2
"CGTCTACTCGGCCGAT-1",3
"CGTCTACTCGTCCAGG-1",2
"CGTCTACTCTATCGCC-1",0
"CGTGAGCAGATCTGAA-1",9
"CGTGAGCAGCAATCTC-1",2
"CGTGAGCAGCGGATCA-1",1
"CGTGAGCAGCTAGTGG-1",3
"CGTGAGCAGCTTCGCG-1",3
"CGTGAGCAGGGCACTA-1",2
"CGTGAGCAGGGTGTGT-1",1
"CGTGAGCAGTGGAGAA-1",8
"CGTGAGCCAAGCCGCT-1",1
"CGTGAGCCACGTAAGG-1",3
"CGTGAGCCATACGCCG-1",8
"CGTGAGCGTAGATTAG-1",0
"CGTGAGCGTCTCTTAT-1",3
"CGTGAGCTCACAAACC-1",1
"CGTGAGCTCCAAATGC-1",3
"CGTGAGCTCCGAGCCA-1",5
"CGTGAGCTCGTTGCCT-1",5
"CGTGAGCTCTGGGCCA-1",3
"CGTGTAAAGATAGTCA-1",4
"CGTGTAAAGGTGTTAA-1",2
"CGTGTAAAGTACATGA-1",2
"CGTGTAACATGGGACA-1",4
"CGTGTAAGTCCGCTGA-1",0
"CGTGTAAGTGTCTGAT-1",2
"CGTGTAATCTACTATC-1",3
"CGTGTAATCTCGATGA-1",8
"CGTGTAATCTTTAGTC-1",6
"CGTGTCTAGGCGCTCT-1",0
"CGTGTCTAGGGATGGG-1",2
"CGTGTCTCAGACAAAT-1",2
"CGTGTCTCAGACACTT-1",3
"CGTGTCTGTAAGAGGA-1",8
"CGTGTCTGTATATGAG-1",0
"CGTGTCTGTCAAAGCG-1",1
"CGTGTCTGTTCCGTCT-1",4
"CGTGTCTTCAATCACG-1",8
"CGTGTCTTCAGAGGTG-1",3
"CGTGTCTTCATAGCAC-1",0
"CGTGTCTTCCGAACGC-1",5
"CGTGTCTTCGGCATCG-1",0
"CGTGTCTTCGTGGACC-1",0
"CGTGTCTTCTACTTAC-1",3
"CGTGTCTTCTGAGTGT-1",2
"CGTTAGAAGATCTGAA-1",1
"CGTTAGAAGGCCCTTG-1",1
"CGTTAGACACGAAAGC-1",1
"CGTTAGACAGCTTCGG-1",1
"CGTTAGAGTTTAAGCC-1",4
"CGTTAGATCACTTATC-1",6
"CGTTAGATCAGCCTAA-1",1
"CGTTCTGAGAAGGGTA-1",1
"CGTTCTGAGACTAGGC-1",1
"CGTTCTGAGTGAACAT-1",1
"CGTTCTGCAGCTCGCA-1",1
"CGTTCTGCATTGGCGC-1",2
"CGTTCTGGTGAGGGTT-1",0
"CGTTCTGTCTGATTCT-1",2
"CGTTGGGAGCTAGTTC-1",4
"CGTTGGGAGGATGCGT-1",0
"CGTTGGGCACATTAGC-1",1
"CGTTGGGCAGACAGGT-1",1
"CGTTGGGGTTCCCGAG-1",3
"CGTTGGGTCATGCTCC-1",6
"CGTTGGGTCCATGAAC-1",1
"CGTTGGGTCTACCAGA-1",2
"CTAACTTAGTCCTCCT-1",0
"CTAACTTCAATAGCAA-1",2
"CTAACTTCAATCGGTT-1",0
"CTAACTTGTGAGGCTA-1",0
"CTAACTTTCGTACGGC-1",3
"CTAACTTTCTGGCGTG-1",3
"CTAAGACAGGGAAACA-1",0
"CTAAGACAGTACATGA-1",7
"CTAAGACAGTTCGCGC-1",0
"CTAAGACCAAGTAATG-1",1
"CTAAGACCAGTAAGAT-1",1
"CTAAGACCATGCAATC-1",0
"CTAAGACGTAAGGATT-1",0
"CTAAGACGTATCAGTC-1",4
"CTAAGACGTCACCTAA-1",3
"CTAAGACTCGTTGCCT-1",9
"CTAAGACTCTTACCGC-1",4
"CTAAGACTCTTGAGGT-1",3
"CTAATGGAGCAATCTC-1",0
"CTAATGGAGCGCTCCA-1",3
"CTAATGGAGCTCCCAG-1",4
"CTAATGGAGCTGAAAT-1",2
"CTAATGGAGTTAGGTA-1",0
"CTAATGGCATGGAATA-1",7
"CTAATGGGTACCGCTG-1",0
"CTAATGGGTCTAGCGC-1",3
"CTAATGGGTGAGGGAG-1",2
"CTAATGGGTTGGTGGA-1",2
"CTAATGGTCATGCTCC-1",4
"CTAATGGTCCACTGGG-1",5
"CTAATGGTCCGTTGCT-1",1
"CTAATGGTCCTAGAAC-1",1
"CTACACCAGTGCGATG-1",2
"CTACACCCACGGACAA-1",0
"CTACACCGTAATAGCA-1",0
"CTACACCGTCTGATTG-1",1
"CTACACCGTTCGTCTC-1",0
"CTACACCTCAGAAATG-1",0
"CTACACCTCGGCTTGG-1",1
"CTACACCTCGGTCCGA-1",1
"CTACACCTCTCGCATC-1",4
"CTACACCTCTCTGCTG-1",6
"CTACATTAGATCACGG-1",0
"CTACATTCACTCGACG-1",4
"CTACATTCATTTCACT-1",5
"CTACATTGTGATGATA-1",1
"CTACATTGTTCGAATC-1",2
"CTACATTTCAACGCTA-1",2
"CTACATTTCGCCATAA-1",2
"CTACATTTCTAGCACA-1",11
"CTACCCACACAGAGGT-1",0
"CTACCCACACGACGAA-1",3
"CTACCCACATGGTTGT-1",4
"CTACCCAGTATCTGCA-1",3
"CTACCCAGTATGAATG-1",1
"CTACCCAGTCAGAAGC-1",4
"CTACCCAGTGTGACCC-1",2
"CTACCCAGTTATGTGC-1",2
"CTACCCATCTACGAGT-1",3
"CTACGTCAGGTGCAAC-1",4
"CTACGTCAGTGCGATG-1",2
"CTACGTCAGTTGTCGT-1",8
"CTACGTCCATATACCG-1",0
"CTACGTCGTATATGGA-1",9
"CTACGTCGTGTGGTTT-1",0
"CTACGTCTCAAAGTAG-1",3
"CTACGTCTCACGACTA-1",5
"CTACGTCTCACGGTTA-1",2
"CTACGTCTCCTAGAAC-1",0
"CTAGAGTAGCTGTCTA-1",10
"CTAGAGTAGGATCGCA-1",1
"CTAGAGTAGTCCATAC-1",3
"CTAGAGTCACATTAGC-1",9
"CTAGAGTCAGTATGCT-1",6
"CTAGAGTCATACTCTT-1",4
"CTAGAGTCATGTAAGA-1",2
"CTAGAGTGTGACCAAG-1",2
"CTAGAGTTCAACACCA-1",3
"CTAGAGTTCCGTCAAA-1",3
"CTAGAGTTCCTAAGTG-1",4
"CTAGAGTTCGCCAGCA-1",0
"CTAGAGTTCGCTTAGA-1",4
"CTAGAGTTCGTGACAT-1",2
"CTAGAGTTCTGATTCT-1",5
"CTAGCCTCACCAGATT-1",1
"CTAGCCTGTATATCCG-1",0
"CTAGCCTGTGATGCCC-1",1
"CTAGCCTTCGGGAGTA-1",11
"CTAGTGAAGCTGGAAC-1",2
"CTAGTGAAGTGTACCT-1",2
"CTAGTGACAAGTCTAC-1",1
"CTAGTGACAGGATCGA-1",3
"CTAGTGAGTTATGCGT-1",2
"CTAGTGATCAGTTGAC-1",4
"CTAGTGATCCAGTAGT-1",3
"CTCACACAGCTAAGAT-1",2
"CTCACACAGCTGCCCA-1",3
"CTCACACAGGATGCGT-1",0
"CTCACACCACGTAAGG-1",2
"CTCACACCACTGTTAG-1",4
"CTCACACCATATACGC-1",0
"CTCACACGTGCTGTAT-1",1
"CTCACACGTTCCATGA-1",0
"CTCACACGTTTGGGCC-1",4
"CTCACACTCACCGGGT-1",2
"CTCACACTCATCGGAT-1",8
"CTCACACTCCGCGCAA-1",0
"CTCACACTCTAACCGA-1",11
"CTCAGAAAGAGCTGCA-1",0
"CTCAGAAAGGAGTAGA-1",2
"CTCAGAACAACGCACC-1",0
"CTCAGAACAAGCGATG-1",4
"CTCAGAACAGGGCATA-1",0
"CTCAGAAGTGACGGTA-1",2
"CTCAGAATCTTAACCT-1",2
"CTCATTAAGAACTGTA-1",2
"CTCATTACATGGTCAT-1",0
"CTCATTAGTGTAACGG-1",1
"CTCATTAGTTTACTCT-1",1
"CTCCTAGCAAGTACCT-1",1
"CTCCTAGCAATTCCTT-1",3
"CTCCTAGCACTGTCGG-1",3
"CTCCTAGCAGTCCTTC-1",1
"CTCCTAGCATAACCTG-1",2
"CTCCTAGCATGCGCAC-1",4
"CTCCTAGGTAGAAAGG-1",2
"CTCCTAGGTCCGAGTC-1",0
"CTCCTAGGTCTAGCCG-1",0
"CTCCTAGGTGTTTGTG-1",6
"CTCCTAGGTTCGTGAT-1",3
"CTCCTAGGTTGTTTGG-1",3
"CTCCTAGTCACTTACT-1",1
"CTCCTAGTCTCATTCA-1",2
"CTCGAAAAGCCCAACC-1",1
"CTCGAAAAGCTATGCT-1",3
"CTCGAAAAGGCCCTTG-1",4
"CTCGAAAAGGGCTTCC-1",5
"CTCGAAACAAGCCGTC-1",0
"CTCGAAACACATTAGC-1",5
"CTCGAAACACCGAAAG-1",4
"CTCGAAACACGGCTAC-1",4
"CTCGAAACAGTAAGAT-1",1
"CTCGAAACATACGCCG-1",0
"CTCGAGGAGCCATCGC-1",0
"CTCGAGGAGGGCTTCC-1",5
"CTCGAGGCAGATAATG-1",2
"CTCGAGGGTATTCTCT-1",0
"CTCGAGGGTGCCTGGT-1",0
"CTCGGAGAGTCCCACG-1",0
"CTCGGAGCACTTCTGC-1",2
"CTCGGAGCAGCTGCAC-1",2
"CTCGGAGCAGGATCGA-1",2
"CTCGGAGGTAGCCTAT-1",1
"CTCGGAGGTCATGCCG-1",0
"CTCGGAGTCAAACGGG-1",0
"CTCGGAGTCACATACG-1",3
"CTCGGAGTCAGCTTAG-1",2
"CTCGGGAAGACCTAGG-1",4
"CTCGGGACACAGCCCA-1",5
"CTCGGGACATAAAGGT-1",2
"CTCGGGACATCCCACT-1",3
"CTCGGGACATGTCGAT-1",4
"CTCGGGAGTCGCGTGT-1",1
"CTCGGGAGTGACTACT-1",1
"CTCGGGAGTTACGACT-1",1
"CTCGGGATCCGTACAA-1",4
"CTCGGGATCCTTGACC-1",3
"CTCGGGATCTTAGCCC-1",0
"CTCGGGATCTTGTTTG-1",0
"CTCGTACAGCGATAGC-1",1
"CTCGTACCAGCGTAAG-1",1
"CTCGTACCATAGTAAG-1",1
"CTCGTACGTAGAGTGC-1",3
"CTCGTACGTATCACCA-1",5
"CTCGTACGTGCAGTAG-1",0
"CTCGTACTCAAAGTAG-1",1
"CTCGTACTCAATCTCT-1",1
"CTCGTACTCGTTGCCT-1",0
"CTCGTACTCTGGTTCC-1",2
"CTCGTCAAGATGCCTT-1",1
"CTCGTCAAGTGGAGTC-1",2
"CTCGTCAAGTTTGCGT-1",0
"CTCGTCACAACGATCT-1",0
"CTCGTCACACATCCGG-1",0
"CTCGTCACAGTCGTGC-1",3
"CTCGTCAGTCTCATCC-1",1
"CTCGTCAGTCTCCATC-1",3
"CTCGTCAGTGAGCGAT-1",1
"CTCGTCAGTTGACGTT-1",1
"CTCGTCAGTTGGGACA-1",0
"CTCGTCATCACTTATC-1",0
"CTCGTCATCGACCAGC-1",2
"CTCGTCATCTGCTGTC-1",0
"CTCTAATCACCAGGTC-1",3
"CTCTAATCACGGTGTC-1",1
"CTCTAATCAGGAATCG-1",3
"CTCTAATGTCCAAGTT-1",2
"CTCTACGAGCTAAACA-1",5
"CTCTACGAGCTAGTGG-1",2
"CTCTACGAGTACGCCC-1",2
"CTCTACGAGTAGGCCA-1",0
"CTCTACGCAATAACGA-1",2
"CTCTACGCAGACGCTC-1",3
"CTCTACGCATGACATC-1",1
"CTCTACGTCATGTCTT-1",0
"CTCTACGTCCCTAATT-1",4
"CTCTACGTCGGCATCG-1",7
"CTCTACGTCGGTCTAA-1",1
"CTCTGGTAGCAGCGTA-1",0
"CTCTGGTAGCGTTCCG-1",3
"CTCTGGTAGGCATGGT-1",9
"CTCTGGTAGTGCCAGA-1",1
"CTCTGGTCACAAGCCC-1",7
"CTCTGGTCAGCCTTTC-1",0
"CTCTGGTTCATCTGTT-1",4
"CTCTGGTTCTTGTACT-1",2
"CTGAAACAGATCCCGC-1",1
"CTGAAACAGGTGCTAG-1",1
"CTGAAACAGTCCGTAT-1",3
"CTGAAACAGTGTCTCA-1",2
"CTGAAACGTCATCGGC-1",8
"CTGAAACGTTAAAGAC-1",3
"CTGAAACTCATACGGT-1",0
"CTGAAGTAGTGCGTGA-1",4
"CTGAAGTCAGCTGTAT-1",3
"CTGAAGTGTTAAAGTG-1",4
"CTGAAGTTCAAGCCTA-1",2
"CTGAAGTTCGGATGTT-1",1
"CTGATAGAGGGAGTAA-1",0
"CTGATAGAGTGCAAGC-1",2
"CTGATAGCAGCCTTTC-1",3
"CTGATAGCATCCCATC-1",3
"CTGATAGCATCTCCCA-1",1
"CTGATAGGTCAAAGCG-1",6
"CTGATAGGTCGCTTTC-1",3
"CTGATAGGTTACGACT-1",1
"CTGATAGTCGCGATCG-1",1
"CTGATAGTCTTATCTG-1",0
"CTGATCCAGGCATTGG-1",1
"CTGATCCAGGTGACCA-1",2
"CTGATCCCACAGAGGT-1",9
"CTGATCCCAGGCTGAA-1",1
"CTGATCCGTGCCTGGT-1",3
"CTGATCCGTTATCCGA-1",0
"CTGATCCGTTGTGGCC-1",0
"CTGCCTAAGGGTCTCC-1",0
"CTGCCTAAGGTGATAT-1",1
"CTGCCTAAGTACGCGA-1",2
"CTGCCTAAGTGCGTGA-1",5
"CTGCCTACATCCCACT-1",11
"CTGCCTATCAATAAGG-1",2
"CTGCGGAAGAAGGACA-1",5
"CTGCGGAAGAGCTGGT-1",4
"CTGCGGAAGATGAGAG-1",1
"CTGCGGACAGGTCGTC-1",1
"CTGCGGACATGTCTCC-1",1
"CTGCGGAGTCACTTCC-1",1
"CTGCGGAGTCGTGGCT-1",1
"CTGCGGAGTTCTGTTT-1",5
"CTGCGGAGTTGGACCC-1",2
"CTGCGGATCGCCTGTT-1",0
"CTGCGGATCTTACCGC-1",0
"CTGCTGTAGGGTGTTG-1",6
"CTGCTGTAGTACCGGA-1",6
"CTGCTGTAGTGGAGAA-1",2
"CTGCTGTCACATCTTT-1",1
"CTGCTGTGTTAAAGAC-1",12
"CTGCTGTTCTCCAACC-1",0
"CTGCTGTTCTTACCGC-1",2
"CTGGTCTAGCGTTGCC-1",3
"CTGGTCTAGGACAGCT-1",0
"CTGGTCTAGGGCTTGA-1",6
"CTGGTCTAGTCGAGTG-1",4
"CTGGTCTCAAAGGAAG-1",0
"CTGGTCTCACCAGTTA-1",1
"CTGGTCTGTACCTACA-1",0
"CTGGTCTGTACGCTGC-1",1
"CTGGTCTGTCCGCTGA-1",3
"CTGGTCTGTCCGTTAA-1",0
"CTGGTCTGTTCATGGT-1",9
"CTGGTCTGTTCGTGAT-1",4
"CTGGTCTTCAACGGGA-1",2
"CTGGTCTTCACTTACT-1",2
"CTGGTCTTCTTACCTA-1",0
"CTGTGCTGTATATCCG-1",6
"CTGTGCTGTCATCCCT-1",3
"CTGTGCTGTCCCTACT-1",2
"CTGTGCTGTCGGCACT-1",1
"CTGTGCTTCCATTCTA-1",2
"CTGTGCTTCCGTACAA-1",1
"CTGTTTAAGAAACCGC-1",2
"CTGTTTAAGATCGATA-1",1
"CTGTTTAAGGAGTTGC-1",1
"CTGTTTAGTCAAAGCG-1",0
"CTGTTTATCAGCCTAA-1",0
"CTGTTTATCATTTGGG-1",4
"CTGTTTATCTCCAGGG-1",5
"CTGTTTATCTCTTGAT-1",1
"CTGTTTATCTTCTGGC-1",2
"CTTAACTAGCCAGTAG-1",2
"CTTAACTAGGCTCTTA-1",4
"CTTAACTAGGTGCACA-1",0
"CTTAACTAGTCTCGGC-1",2
"CTTACCGAGCGCTTAT-1",5
"CTTACCGAGGCTACGA-1",0
"CTTACCGCAGATCTGT-1",0
"CTTACCGCAGTCAGAG-1",3
"CTTACCGGTCCTGCTT-1",0
"CTTACCGGTCGCCATG-1",1
"CTTACCGGTCTACCTC-1",4
"CTTACCGTCGGACAAG-1",0
"CTTAGGAAGCCCAACC-1",2
"CTTAGGACACGACGAA-1",5
"CTTAGGAGTTATGTGC-1",0
"CTTAGGATCCCATTTA-1",6
"CTTAGGATCTTTACAC-1",3
"CTTCTCTAGAACTCGG-1",3
"CTTCTCTAGAGTGAGA-1",2
"CTTCTCTAGCAGGCTA-1",1
"CTTCTCTAGTTAACGA-1",5
"CTTCTCTCAAAGGTGC-1",3
"CTTCTCTGTAACGACG-1",9
"CTTCTCTGTGCATCTA-1",1
"CTTCTCTTCGAGCCCA-1",2
"CTTGGCTAGCGATATA-1",1
"CTTGGCTAGTACGTTC-1",1
"CTTGGCTCATTACCTT-1",4
"CTTGGCTGTCTCCATC-1",1
"CTTGGCTTCCCTAATT-1",2
"CTTGGCTTCGCGTAGC-1",0
"CTTGGCTTCTCGTTTA-1",3
"CTTTGCGAGCAAATCA-1",0
"CTTTGCGAGCGTTCCG-1",3
"CTTTGCGAGTATCTCG-1",0
"CTTTGCGCAATTCCTT-1",2
"CTTTGCGCACTTAAGC-1",2
"CTTTGCGCAGACGCAA-1",0
"CTTTGCGGTAGAGGAA-1",6
"CTTTGCGTCCAGGGCT-1",0
"GAAACTCAGAGACGAA-1",1
"GAAACTCAGAGGTTAT-1",0
"GAAACTCAGCAGCCTC-1",1
"GAAACTCAGCCCAGCT-1",10
"GAAACTCAGCTAAACA-1",4
"GAAACTCAGTGCTGCC-1",3
"GAAACTCCAAGCCCAC-1",4
"GAAACTCCACATGACT-1",1
"GAAACTCCAGACACTT-1",0
"GAAACTCCATGGATGG-1",0
"GAAACTCGTACTCGCG-1",3
"GAAACTCGTAGCGATG-1",1
"GAAACTCGTGTGAAAT-1",2
"GAAACTCGTTTGTGTG-1",2
"GAAATGAAGACTAGGC-1",1
"GAAATGAAGCCAGTTT-1",2
"GAAATGAAGCTAGTCT-1",1
"GAAATGAAGTACGTAA-1",1
"GAAATGATCATGCTCC-1",5
"GAAATGATCCTCGCAT-1",7
"GAACATCAGATGGCGT-1",8
"GAACATCCAACAACCT-1",2
"GAACATCCACATCTTT-1",0
"GAACATCCACCTATCC-1",4
"GAACATCCACGGACAA-1",0
"GAACATCCATGCTAGT-1",1
"GAACATCGTACGACCC-1",6
"GAACATCGTGGACGAT-1",5
"GAACATCGTTCCCGAG-1",1
"GAACATCTCCAAGTAC-1",6
"GAACATCTCGATCCCT-1",1
"GAACATCTCTCCAACC-1",6
"GAACCTAAGAACTGTA-1",4
"GAACCTAAGAGCAATT-1",16
"GAACCTAAGCCAGTAG-1",0
"GAACCTACAAGGACAC-1",2
"GAACCTACAGACACTT-1",2
"GAACCTAGTACCAGTT-1",11
"GAACCTAGTGTCAATC-1",1
"GAACCTATCACGATGT-1",1
"GAACGGAAGACGCAAC-1",2
"GAACGGAAGTAATCCC-1",2
"GAACGGAAGTCAATAG-1",2
"GAACGGAAGTGGACGT-1",1
"GAACGGACACAGCGTC-1",1
"GAACGGACACCTCGTT-1",2
"GAACGGACACTTAACG-1",1
"GAACGGAGTAGCGTAG-1",2
"GAACGGAGTCAGAGGT-1",0
"GAACGGAGTGGCGAAT-1",0
"GAACGGATCACTCCTG-1",6
"GAACGGATCCACGAAT-1",0
"GAACGGATCGTAGGAG-1",1
"GAACGGATCTGTCAAG-1",0
"GAAGCAGAGACTAAGT-1",3
"GAAGCAGAGAGACGAA-1",3
"GAAGCAGAGCCACGCT-1",3
"GAAGCAGAGTTCGCGC-1",0
"GAAGCAGCAATCCGAT-1",6
"GAAGCAGCACTCGACG-1",0
"GAAGCAGCAGATCTGT-1",1
"GAAGCAGCAGATGAGC-1",0
"GAAGCAGCATGAACCT-1",1
"GAAGCAGCATGGAATA-1",0
"GAAGCAGGTAACGCGA-1",4
"GAAGCAGGTCATACTG-1",0
"GAAGCAGTCCTAGTGA-1",5
"GAAGCAGTCTTATCTG-1",1
"GAATAAGCAAGGTGTG-1",3
"GAATAAGCAGACAAGC-1",1
"GAATAAGCATGCAACT-1",2
"GAATAAGGTCCGTTAA-1",11
"GAATAAGGTGAGTGAC-1",3
"GAATAAGGTTCCCTTG-1",1
"GAATAAGTCGTTTAGG-1",6
"GAATGAAAGAGTCTGG-1",4
"GAATGAAAGCTTATCG-1",0
"GAATGAAAGGCATGTG-1",2
"GAATGAACAAACGCGA-1",2
"GAATGAACAGTGAGTG-1",3
"GAATGAACATCATCCC-1",2
"GAATGAAGTCAACATC-1",3
"GAATGAAGTCTCACCT-1",2
"GAATGAAGTGGCAAAC-1",0
"GAATGAAGTTGCGTTA-1",0
"GAATGAATCAGTTAGC-1",1
"GAATGAATCCTGCCAT-1",9
"GACACGCAGACGCACA-1",1
"GACACGCAGAGTAATC-1",2
"GACACGCAGCCAACAG-1",2
"GACACGCAGGAGTTTA-1",0
"GACACGCAGGGCATGT-1",2
"GACACGCAGGTGCACA-1",2
"GACACGCAGTCCAGGA-1",7
"GACACGCAGTGGGATC-1",6
"GACACGCAGTGGGTTG-1",2
"GACACGCCAAGCGTAG-1",4
"GACACGCCAAGGACAC-1",3
"GACACGCCAGACGCTC-1",1
"GACACGCCATCCTTGC-1",5
"GACACGCGTTCACGGC-1",3
"GACACGCTCATGTAGC-1",1
"GACAGAGAGTACGATA-1",1
"GACAGAGCAACGATCT-1",0
"GACAGAGCAAGTCTAC-1",0
"GACAGAGCAGCTCCGA-1",0
"GACAGAGCAGCTGGCT-1",4
"GACAGAGGTAGAAAGG-1",3
"GACAGAGTCAAACAAG-1",4
"GACAGAGTCAGAGACG-1",0
"GACAGAGTCCTTCAAT-1",5
"GACAGAGTCCTTGCCA-1",3
"GACAGAGTCTTCATGT-1",3
"GACCAATAGAAGGGTA-1",5
"GACCAATAGCTACCGC-1",2
"GACCAATAGCTACCTA-1",0
"GACCAATCAGGTGCCT-1",5
"GACCAATCATGCGCAC-1",1
"GACCAATGTACAGTTC-1",2
"GACCAATGTCGCTTCT-1",3
"GACCAATTCCGATATG-1",0
"GACCAATTCGAATGGG-1",1
"GACCAATTCGTCACGG-1",2
"GACCTGGCATCACAAC-1",0
"GACCTGGCATGTCTCC-1",3
"GACCTGGCATTGGCGC-1",0
"GACCTGGGTAAAGGAG-1",1
"GACCTGGGTCCAGTTA-1",3
"GACCTGGGTGCAGTAG-1",3
"GACCTGGTCATAGCAC-1",7
"GACCTGGTCCTTGCCA-1",1
"GACCTGGTCGCATGAT-1",7
"GACCTGGTCGTCACGG-1",5
"GACGCGTAGTGGTAAT-1",3
"GACGCGTAGTTGTAGA-1",3
"GACGCGTGTAAAGGAG-1",3
"GACGCGTGTGTGAAAT-1",1
"GACGCGTGTTAAGACA-1",3
"GACGCGTTCAAACCGT-1",1
"GACGCGTTCCAAATGC-1",5
"GACGCGTTCCGCGGTA-1",7
"GACGCGTTCCTACAGA-1",0
"GACGCGTTCGACGGAA-1",0
"GACGCGTTCTCCGGTT-1",1
"GACGGCTAGAAGATTC-1",2
"GACGGCTAGAGCTGGT-1",3
"GACGGCTCAAGGTTTC-1",3
"GACGGCTCACCGCTAG-1",1
"GACGGCTCATGAACCT-1",3
"GACGGCTCATGCAACT-1",0
"GACGGCTGTGTGTGCC-1",4
"GACGGCTGTTATGTGC-1",0
"GACGGCTGTTTGGCGC-1",2
"GACGGCTTCTATCGCC-1",7
"GACGTGCAGGCAAAGA-1",0
"GACGTGCAGGGTGTGT-1",4
"GACGTGCAGGTGTTAA-1",2
"GACGTGCCAGGTCGTC-1",1
"GACGTGCGTAACGTTC-1",2
"GACGTGCTCACCTCGT-1",2
"GACGTTAAGCTACCGC-1",2
"GACGTTAAGGCAAAGA-1",2
"GACGTTAAGTCAAGCG-1",0
"GACGTTACAAGCCATT-1",0
"GACGTTACAAGGTTTC-1",2
"GACGTTACAGACACTT-1",1
"GACGTTAGTATCTGCA-1",0
"GACGTTAGTTTGACAC-1",1
"GACGTTAGTTTGACTG-1",4
"GACGTTATCACAGGCC-1",1
"GACGTTATCATTGCGA-1",0
"GACGTTATCCCGGATG-1",1
"GACGTTATCCGAAGAG-1",4
"GACGTTATCGCGTTTC-1",5
"GACGTTATCTGTCCGT-1",0
"GACTAACAGACAGAGA-1",1
"GACTAACAGTGGAGAA-1",1
"GACTAACCAAATCCGT-1",2
"GACTAACGTCTAGTCA-1",5
"GACTAACGTGCAACTT-1",1
"GACTAACGTTCAGACT-1",4
"GACTAACTCCGCGCAA-1",0
"GACTAACTCCTTTCTC-1",2
"GACTAACTCTTGCCGT-1",2
"GACTAACTCTTTACAC-1",1
"GACTACAAGATATGGT-1",2
"GACTACACAAATCCGT-1",3
"GACTACAGTGCTGTAT-1",4
"GACTACATCAGCCTAA-1",2
"GACTACATCAGGTAAA-1",7
"GACTACATCTGCAGTA-1",3
"GACTGCGAGCGTAGTG-1",4
"GACTGCGAGTTGTAGA-1",1
"GACTGCGCACTTAACG-1",0
"GACTGCGCATGTTCCC-1",2
"GACTGCGGTACGCACC-1",6
"GACTGCGGTTCTCATT-1",6
"GACTGCGTCAACACAC-1",1
"GACTGCGTCACGACTA-1",5
"GACTGCGTCGCCCTTA-1",1
"GACTGCGTCTCAAACG-1",5
"GAGCAGAGTAGGGTAC-1",1
"GAGCAGAGTCAGATAA-1",2
"GAGCAGAGTCATATGC-1",1
"GAGCAGAGTGAGCGAT-1",0
"GAGCAGAGTGTAACGG-1",0
"GAGCAGAGTGTGACCC-1",5
"GAGCAGAGTTCGGGCT-1",2
"GAGCAGAGTTTAAGCC-1",0
"GAGCAGAGTTTGCATG-1",2
"GAGGTGAAGCAACGGT-1",3
"GAGGTGAAGGCTCTTA-1",0
"GAGGTGAAGTGGTAGC-1",17
"GAGGTGAAGTTGTAGA-1",2
"GAGGTGACACTGTCGG-1",1
"GAGGTGACATCCTTGC-1",3
"GAGGTGACATGCATGT-1",1
"GAGGTGAGTACCTACA-1",1
"GAGGTGAGTCATTAGC-1",1
"GAGGTGAGTTCCTCCA-1",0
"GAGGTGATCATCGCTC-1",1
"GAGGTGATCTAGAGTC-1",4
"GAGGTGATCTCTAGGA-1",1
"GAGGTGATCTGCTGTC-1",0
"GAGGTGATCTGGGCCA-1",1
"GAGTCCGAGGACAGAA-1",3
"GAGTCCGAGGCATGTG-1",0
"GAGTCCGAGGCGTACA-1",1
"GAGTCCGCAAACCCAT-1",0
"GAGTCCGGTCAAGCGA-1",0
"GAGTCCGGTGACCAAG-1",0
"GAGTCCGGTGACTCAT-1",7
"GAGTCCGGTGTGACCC-1",1
"GAGTCCGGTTCGGGCT-1",1
"GAGTCCGGTTTGCATG-1",2
"GAGTCCGTCGGCGCAT-1",0
"GAGTCCGTCTGATTCT-1",1
"GATCAGTAGATGTCGG-1",0
"GATCAGTAGTGGTAGC-1",0
"GATCAGTGTATATGAG-1",3
"GATCAGTGTCTGCGGT-1",2
"GATCAGTGTTATGCGT-1",2
"GATCAGTGTTGTACAC-1",4
"GATCAGTTCCCGACTT-1",0
"GATCGATAGAATGTTG-1",1
"GATCGATAGAGCTGCA-1",0
"GATCGATAGCATGGCA-1",1
"GATCGATCAAGCGAGT-1",1
"GATCGATCAAGCGTAG-1",1
"GATCGATGTCAACATC-1",1
"GATCGATGTTGCCTCT-1",6
"GATCGATTCCGCATCT-1",5
"GATCGCGAGATAGTCA-1",2
"GATCGCGAGCCTTGAT-1",5
"GATCGCGAGGAGCGTT-1",1
"GATCGCGCAGGTCGTC-1",0
"GATCGCGGTACAGCAG-1",2
"GATCGCGGTGAGTATA-1",2
"GATCGCGGTTGTCGCG-1",1
"GATCGCGTCACTCCTG-1",1
"GATCGTAAGACATAAC-1",3
"GATCGTAAGCTCAACT-1",3
"GATCGTACATAACCTG-1",0
"GATCGTAGTGGCTCCA-1",3
"GATCGTATCATATCGG-1",1
"GATCGTATCATGTCCC-1",0
"GATCGTATCTTACCGC-1",0
"GATCTAGAGCGTCTAT-1",0
"GATCTAGAGTGGAGAA-1",0
"GATCTAGCAACACCTA-1",0
"GATCTAGCAAGGGTCA-1",5
"GATCTAGGTCTAAAGA-1",0
"GATCTAGGTCTCACCT-1",5
"GATCTAGGTCTCTTTA-1",2
"GATCTAGTCACATAGC-1",2
"GATCTAGTCTAAGCCA-1",0
"GATGAAAAGAGTAATC-1",0
"GATGAAAAGCTCCCAG-1",0
"GATGAAACACGGTAGA-1",3
"GATGAAACAGCTGTAT-1",1
"GATGAAAGTGGGTATG-1",2
"GATGAAATCACCCTCA-1",1
"GATGAAATCACTCCTG-1",3
"GATGAAATCAGCAACT-1",1
"GATGAAATCGAGAGCA-1",3
"GATGAGGAGATCCCGC-1",0
"GATGAGGAGTTCGATC-1",1
"GATGAGGCACCAGTTA-1",2
"GATGAGGGTATCACCA-1",5
"GATGAGGGTATTCGTG-1",3
"GATGAGGGTCGCGTGT-1",0
"GATGAGGGTGATGATA-1",1
"GATGAGGTCACAGGCC-1",8
"GATGAGGTCACATAGC-1",0
"GATGAGGTCCCTTGTG-1",1
"GATGAGGTCTGCTGTC-1",5
"GATGCTAAGACTAAGT-1",0
"GATGCTAAGGATGCGT-1",2
"GATGCTAAGGCTCTTA-1",6
"GATGCTAAGGGAACGG-1",1
"GATGCTAAGTATCTCG-1",5
"GATGCTAAGTCTCGGC-1",5
"GATGCTACATGTTGAC-1",1
"GATGCTACATTGCGGC-1",5
"GATGCTAGTCTCCATC-1",2
"GATGCTAGTGGAAAGA-1",1
"GATGCTAGTTAGGGTG-1",2
"GATGCTATCCTGTACC-1",6
"GATGCTATCGGCGCTA-1",0
"GATTCAGAGAAACCTA-1",1
"GATTCAGAGAGTGACC-1",4
"GATTCAGAGATTACCC-1",2
"GATTCAGAGGGTCGAT-1",4
"GATTCAGAGGTCGGAT-1",3
"GATTCAGAGTCAATAG-1",0
"GATTCAGCAAGTTGTC-1",13
"GATTCAGCAATTCCTT-1",10
"GATTCAGCAGGGTACA-1",0
"GATTCAGCATCGACGC-1",0
"GATTCAGCATTATCTC-1",5
"GATTCAGGTAAATACG-1",1
"GATTCAGTCAACTCTT-1",0
"GCAAACTAGATGTTAG-1",0
"GCAAACTAGTCATGCT-1",1
"GCAAACTAGTCTCAAC-1",4
"GCAAACTCACAGGTTT-1",0
"GCAAACTGTCAGATAA-1",2
"GCAAACTGTCTCCATC-1",1
"GCAAACTTCGTGGTCG-1",5
"GCAATCAAGGGATCTG-1",1
"GCAATCAAGTATCTCG-1",3
"GCAATCAAGTGGGTTG-1",1
"GCAATCACAGCTTAAC-1",0
"GCAATCACATGTCGAT-1",0
"GCAATCACATTCCTCG-1",6
"GCAATCAGTAGGAGTC-1",0
"GCAATCAGTATAATGG-1",0
"GCAATCAGTTCTCATT-1",2
"GCAATCAGTTCTGGTA-1",1
"GCACATAAGAGCTATA-1",5
"GCACATAAGATGTTAG-1",2
"GCACATAAGCCTTGAT-1",4
"GCACATAAGGAGTACC-1",1
"GCACATAAGTGAAGTT-1",4
"GCACATACACCACGTG-1",2
"GCACATACAGCTGTAT-1",2
"GCACATACAGGAACGT-1",3
"GCACATAGTCATCGGC-1",0
"GCACATAGTCCGAATT-1",3
"GCACATAGTCTCTTTA-1",4
"GCACATAGTGCGCTTG-1",3
"GCACATATCACCTCGT-1",0
"GCACATATCTGGTTCC-1",3
"GCACTCTCAAGACACG-1",10
"GCACTCTCAATCACAC-1",9
"GCACTCTCATTTCAGG-1",1
"GCACTCTGTAAACCTC-1",0
"GCACTCTGTACCAGTT-1",7
"GCACTCTGTAGAAAGG-1",1
"GCACTCTGTCGAACAG-1",0
"GCACTCTGTCTAGGTT-1",8
"GCACTCTTCAACTCTT-1",4
"GCACTCTTCCCTAATT-1",2
"GCACTCTTCTGCCCTA-1",2
"GCAGCCAAGCTGATAA-1",7
"GCAGCCACATGAGCGA-1",0
"GCAGCCAGTAATCGTC-1",0
"GCAGCCAGTGTCGCTG-1",8
"GCAGCCATCAGTTGAC-1",3
"GCAGCCATCCCAACGG-1",1
"GCAGCCATCCGTACAA-1",1
"GCAGTTAAGTCCATAC-1",0
"GCAGTTAAGTCCGTAT-1",0
"GCAGTTAAGTTAACGA-1",6
"GCAGTTAGTGGACGAT-1",0
"GCAGTTAGTTATTCTC-1",5
"GCAGTTATCGCGATCG-1",2
"GCATACAAGATCTGCT-1",3
"GCATACAAGCAACGGT-1",4
"GCATACACAACGCACC-1",4
"GCATACACAAGGACTG-1",0
"GCATACACAAGTCTGT-1",0
"GCATACACAGTCAGCC-1",5
"GCATACACATCCTAGA-1",0
"GCATACACATCGGAAG-1",3
"GCATACAGTCCGAACC-1",3
"GCATACAGTTCTGGTA-1",1
"GCATACATCCACGACG-1",1
"GCATGATAGAATGTTG-1",4
"GCATGATAGAGTAATC-1",3
"GCATGATAGCTGATAA-1",0
"GCATGATAGGACCACA-1",0
"GCATGATAGGCTAGCA-1",0
"GCATGATAGTCAAGCG-1",0
"GCATGATAGTGGAGAA-1",8
"GCATGATCACACCGAC-1",2
"GCATGATCACATTTCT-1",4
"GCATGATGTCCCTACT-1",1
"GCATGATGTTGCGCAC-1",2
"GCATGATTCGTGGACC-1",5
"GCATGCGAGCATGGCA-1",2
"GCATGCGAGTCCAGGA-1",5
"GCATGCGCACTGCCAG-1",0
"GCATGCGGTAAGGATT-1",0
"GCATGCGGTCCTCTTG-1",5
"GCATGCGGTGTGAAAT-1",1
"GCATGCGTCCGCGGTA-1",7
"GCATGTAAGAACTGTA-1",7
"GCATGTAAGACAGACC-1",2
"GCATGTAAGTACTTGC-1",0
"GCATGTAAGTGCAAGC-1",1
"GCATGTACAACACGCC-1",3
"GCATGTATCACGAAGG-1",0
"GCCAAATCAAACTGTC-1",7
"GCCAAATCAAGGGTCA-1",0
"GCCAAATCAAGTTCTG-1",2
"GCCAAATCAGCCACCA-1",0
"GCCAAATCATAACCTG-1",6
"GCCAAATGTATAAACG-1",0
"GCCAAATGTGTTTGGT-1",12
"GCCAAATGTTTCGCTC-1",0
"GCCAAATTCAGGTAAA-1",0
"GCCAAATTCCGAGCCA-1",0
"GCCAAATTCCGCGGTA-1",1
"GCCAAATTCGGCTACG-1",1
"GCCTCTAAGAGTACCG-1",0
"GCCTCTAAGCCATCGC-1",1
"GCCTCTAAGCCGCCTA-1",6
"GCCTCTAAGCGATAGC-1",1
"GCCTCTAAGCTGCAAG-1",4
"GCCTCTAAGCTTCGCG-1",5
"GCCTCTAAGTCACGCC-1",0
"GCCTCTACAAGACGTG-1",6
"GCCTCTACAGCTATTG-1",7
"GCCTCTAGTAAGGATT-1",3
"GCCTCTAGTGATGATA-1",2
"GCCTCTAGTTAAGGGC-1",1
"GCCTCTATCAGCGACC-1",0
"GCCTCTATCCGATATG-1",1
"GCCTCTATCGAATCCA-1",5
"GCCTCTATCGAGCCCA-1",4
"GCCTCTATCGCTGATA-1",1
"GCCTCTATCTTTAGGG-1",0
"GCGACCAAGAGGTTAT-1",0
"GCGACCACACTTACGA-1",0
"GCGACCAGTCAGGACA-1",0
"GCGACCAGTCTAGAGG-1",10
"GCGACCATCAACGGGA-1",9
"GCGACCATCCCGGATG-1",2
"GCGACCATCTACTCAT-1",1
"GCGAGAAAGGTTCCTA-1",7
"GCGAGAAAGTACGATA-1",1
"GCGAGAAAGTGTCTCA-1",0
"GCGAGAACAAGCCCAC-1",0
"GCGAGAACACTGAAGG-1",1
"GCGAGAAGTAGCGCTC-1",2
"GCGAGAAGTCCCTACT-1",1
"GCGAGAATCCTTTCGG-1",0
"GCGAGAATCGAGAGCA-1",0
"GCGAGAATCGCACTCT-1",7
"GCGCAACAGTCCTCCT-1",1
"GCGCAACAGTGTACGG-1",0
"GCGCAACCAAGTCTGT-1",1
"GCGCAACCAGCCACCA-1",1
"GCGCAACGTAGCGCTC-1",1
"GCGCAACGTCCCTTGT-1",0
"GCGCAACGTCCTAGCG-1",2
"GCGCAACGTCGACTAT-1",4
"GCGCAACGTCTAGAGG-1",4
"GCGCAACGTGCACGAA-1",0
"GCGCAACTCAATACCG-1",4
"GCGCAGTCACATCCAA-1",3
"GCGCAGTCATTACCTT-1",4
"GCGCAGTGTTAGGGTG-1",1
"GCGCAGTTCGATCCCT-1",4
"GCGCAGTTCGCGGATC-1",0
"GCGCCAAAGACATAAC-1",0
"GCGCCAAAGGACAGCT-1",1
"GCGCCAAAGGCCCTTG-1",2
"GCGCCAAAGGGCTTCC-1",1
"GCGCCAAAGGTACTCT-1",2
"GCGCCAACATAACCTG-1",1
"GCGCCAACATTGGGCC-1",1
"GCGCCAAGTACTTGAC-1",1
"GCGCCAAGTCGGCACT-1",3
"GCGCCAAGTGAAAGAG-1",4
"GCGCCAAGTTGTACAC-1",2
"GCGCCAATCCGTTGCT-1",2
"GCGCGATAGAAGGTTT-1",0
"GCGCGATAGCAGGTCA-1",2
"GCGCGATAGTGAATTG-1",6
"GCGCGATAGTTTGCGT-1",1
"GCGCGATCAGCTCGAC-1",1
"GCGCGATGTAAGTAGT-1",3
"GCGCGATGTATCACCA-1",0
"GCGCGATGTCACTTCC-1",3
"GCGCGATGTTACCAGT-1",1
"GCGCGATTCAGTTAGC-1",1
"GCGCGATTCGTTTAGG-1",1
"GCGGGTTAGAAACGAG-1",1
"GCGGGTTAGCTATGCT-1",2
"GCGGGTTAGTGTGAAT-1",6
"GCGGGTTCACGCGAAA-1",2
"GCGGGTTCAGGCAGTA-1",3
"GCGGGTTCAGTAACGG-1",0
"GCGGGTTGTGAGTATA-1",1
"GCGGGTTGTGGCGAAT-1",2
"GCGGGTTTCCAAAGTC-1",3
"GCGGGTTTCCTTTCTC-1",2
"GCGGGTTTCTCCAACC-1",0
"GCGGGTTTCTTGAGGT-1",3
"GCGGGTTTCTTGTATC-1",1
"GCTCCTACAAACTGTC-1",2
"GCTCCTACACCAGGTC-1",1
"GCTCCTACACCGATAT-1",0
"GCTCCTACAGGGTACA-1",2
"GCTCCTACATTAGCCA-1",3
"GCTCCTAGTCAGGACA-1",0
"GCTCCTAGTCCGTCAG-1",7
"GCTCCTATCAGCCTAA-1",1
"GCTCCTATCCCTAATT-1",0
"GCTCTGTAGAGGTAGA-1",1
"GCTCTGTAGCTGAACG-1",1
"GCTCTGTAGGAGTCTG-1",4
"GCTCTGTAGTGCTGCC-1",4
"GCTCTGTAGTGGACGT-1",1
"GCTCTGTTCACCTCGT-1",7
"GCTGCAGAGCGTGAGT-1",1
"GCTGCAGAGTCAAGCG-1",3
"GCTGCAGAGTCCCACG-1",0
"GCTGCAGCAATTGCTG-1",0
"GCTGCAGCATGCCCGA-1",2
"GCTGCAGCATGCCTAA-1",0
"GCTGCAGGTAAACCTC-1",1
"GCTGCAGGTACGAAAT-1",0
"GCTGCAGGTAGCGCAA-1",3
"GCTGCAGGTCACCCAG-1",0
"GCTGCAGGTCATGCCG-1",6
"GCTGCGAAGGAATGGA-1",6
"GCTGCGAGTCTAACGT-1",1
"GCTGCGAGTGTTTGGT-1",3
"GCTGCGATCTCCTATA-1",0
"GCTGCGATCTTGTTTG-1",0
"GCTGCTTAGAATTGTG-1",2
"GCTGCTTAGGCAATTA-1",2
"GCTGCTTCATCACGTA-1",10
"GCTGCTTCATCCAACA-1",0
"GCTGCTTCATGCCTAA-1",1
"GCTGCTTCATGGTCAT-1",2
"GCTGCTTGTAACGACG-1",0
"GCTGCTTGTAATCGTC-1",2
"GCTGCTTGTAGGGACT-1",0
"GCTGCTTGTGAAAGAG-1",1
"GCTGCTTTCCGGGTGT-1",1
"GCTGGGTAGACCCACC-1",1
"GCTGGGTAGCCACGCT-1",1
"GCTGGGTAGTCGCCGT-1",1
"GCTGGGTAGTCTCAAC-1",1
"GCTGGGTCACGGCTAC-1",0
"GCTGGGTCAGCCAATT-1",0
"GCTGGGTGTACAGTTC-1",1
"GCTGGGTGTACCGTTA-1",2
"GCTGGGTGTCGAGTTT-1",0
"GCTGGGTGTCTCCACT-1",1
"GCTGGGTGTGCCTGTG-1",0
"GCTGGGTTCAGCTTAG-1",2
"GCTGGGTTCCTTAATC-1",0
"GCTTCCAAGAAACCTA-1",2
"GCTTCCACACCACCAG-1",1
"GCTTCCACAGGTCGTC-1",1
"GCTTCCACAGTGAGTG-1",1
"GCTTCCAGTATAGGTA-1",3
"GCTTCCAGTTCAGCGC-1",1
"GCTTCCATCGTCCAGG-1",1
"GCTTGAAAGATGGCGT-1",5
"GCTTGAAAGCCGTCGT-1",0
"GCTTGAACAAACCTAC-1",2
"GCTTGAACACGGTGTC-1",2
"GCTTGAACATCGGAAG-1",7
"GCTTGAAGTGCGGTAA-1",0
"GCTTGAAGTTCTCATT-1",1
"GCTTGAATCAGGATCT-1",2
"GGAAAGCAGGCAGGTT-1",2
"GGAAAGCCAAACGCGA-1",0
"GGAAAGCCAAGTACCT-1",2
"GGAAAGCGTAAGCACG-1",1
"GGAAAGCGTCCTCCAT-1",1
"GGAAAGCGTCGCGTGT-1",1
"GGAAAGCGTGCTTCTC-1",4
"GGAAAGCTCCAGAGGA-1",1
"GGAACTTAGAGTAAGG-1",0
"GGAACTTCAATGTAAG-1",4
"GGAACTTCACAGGAGT-1",0
"GGAACTTCACCTCGTT-1",0
"GGAACTTGTCTCTTTA-1",5
"GGAACTTTCATTGCCC-1",7
"GGAACTTTCATTTGGG-1",2
"GGAACTTTCCGTCATC-1",2
"GGAACTTTCCTCAACC-1",5
"GGAACTTTCGGATGTT-1",3
"GGAATAAAGGTACTCT-1",4
"GGAATAAAGTGTCCAT-1",4
"GGAATAACAGCGTCCA-1",3
"GGAATAAGTCTGGTCG-1",3
"GGAATAAGTGCAGGTA-1",2
"GGAATAATCAGCACAT-1",3
"GGAATAATCTTTACGT-1",3
"GGACAAGAGGTACTCT-1",3
"GGACAAGCAACGATGG-1",0
"GGACAAGCAGTCGTGC-1",0
"GGACAAGCATGGGACA-1",1
"GGACAAGGTATAAACG-1",1
"GGACAAGGTATGAAAC-1",0
"GGACAAGGTCGGCATC-1",0
"GGACAAGGTTATGCGT-1",4
"GGACAAGTCTAACGGT-1",0
"GGACAGAAGCTAGTCT-1",3
"GGACAGAAGTACTTGC-1",2
"GGACAGACAACACGCC-1",1
"GGACAGACACAAGCCC-1",2
"GGACAGAGTAAGTGGC-1",1
"GGACAGAGTCTTTCAT-1",0
"GGACAGAGTGAGGGAG-1",0
"GGACAGAGTTCCACAA-1",2
"GGACAGATCAACGCTA-1",1
"GGACATTAGAGGGCTT-1",8
"GGACATTAGCCACGTC-1",1
"GGACATTCAAACGCGA-1",0
"GGACATTCAATGACCT-1",1
"GGACATTCACCAGCAC-1",2
"GGACATTGTTCTGGTA-1",7
"GGACATTTCCTCTAGC-1",1
"GGACGTCAGTACTTGC-1",1
"GGACGTCAGTGGTAAT-1",2
"GGACGTCCACAGTCGC-1",0
"GGACGTCGTGAGGGAG-1",3
"GGACGTCGTGGCGAAT-1",8
"GGACGTCGTTACGGAG-1",1
"GGACGTCGTTTAAGCC-1",4
"GGACGTCTCCACTCCA-1",1
"GGACGTCTCGCAAACT-1",1
"GGACGTCTCTCCAGGG-1",3
"GGACGTCTCTCGAGTA-1",0
"GGACGTCTCTGGTGTA-1",1
"GGACGTCTCTTCGAGA-1",1
"GGAGCAAAGAACTCGG-1",0
"GGAGCAAAGACTGTAA-1",0
"GGAGCAAAGCCGCCTA-1",5
"GGAGCAAAGCTAAACA-1",0
"GGAGCAAAGTACGCCC-1",0
"GGAGCAACAAGCTGTT-1",1
"GGAGCAACAATGGACG-1",0
"GGAGCAACAATTCCTT-1",1
"GGAGCAACATGCTGGC-1",5
"GGAGCAAGTGAGTATA-1",7
"GGAGCAAGTTACTGAC-1",1
"GGAGCAATCAAGATCC-1",1
"GGAGCAATCCCATTTA-1",2
"GGATGTTCAAACTGTC-1",0
"GGATGTTTCATCACCC-1",1
"GGATGTTTCATGCATG-1",2
"GGATGTTTCCTACAGA-1",1
"GGATGTTTCCTCTAGC-1",0
"GGATTACAGATCCCAT-1",2
"GGATTACAGCTTCGCG-1",0
"GGATTACAGGCTAGCA-1",1
"GGATTACAGTATCTCG-1",1
"GGATTACCAAGCGTAG-1",8
"GGATTACCACATCCGG-1",1
"GGATTACCAGCGTAAG-1",2
"GGATTACGTAATAGCA-1",2
"GGATTACGTACACCGC-1",0
"GGATTACGTCTCTTTA-1",0
"GGATTACGTTGAGGTG-1",2
"GGATTACTCGCGCCAA-1",4
"GGATTACTCGGCGCAT-1",0
"GGATTACTCTGCCCTA-1",4
"GGCAATTCAATCGGTT-1",15
"GGCAATTCACGGCGTT-1",1
"GGCAATTCATCACCCT-1",0
"GGCAATTGTCGATTGT-1",2
"GGCAATTTCACTTACT-1",6
"GGCAATTTCAGCACAT-1",6
"GGCAATTTCTCCGGTT-1",2
"GGCCGATAGTGTCTCA-1",2
"GGCCGATCACGGACAA-1",4
"GGCCGATGTAGGACAC-1",1
"GGCCGATGTCACTGGC-1",2
"GGCCGATGTCCCTACT-1",13
"GGCCGATTCACCGTAA-1",7
"GGCCGATTCCGCGCAA-1",2
"GGCGACTAGAGCTGGT-1",0
"GGCGACTAGGACCACA-1",4
"GGCGACTAGGTTACCT-1",6
"GGCGACTCAAAGCGGT-1",1
"GGCGACTCAAGAGTCG-1",1
"GGCGACTCACCAGGTC-1",1
"GGCGACTCATTGTGCA-1",0
"GGCGACTTCAGAAATG-1",0
"GGCGACTTCAGAGACG-1",3
"GGCGACTTCCAGATCA-1",2
"GGCGACTTCTCTAGGA-1",4
"GGCGTGTAGCTAGCCC-1",3
"GGCGTGTAGGGTATCG-1",1
"GGCGTGTCAGGTCCAC-1",2
"GGCGTGTCAGTATAAG-1",3
"GGCGTGTCATCGTCGG-1",0
"GGCGTGTCATGGAATA-1",3
"GGCGTGTGTCTCCCTA-1",3
"GGCGTGTTCTTGAGGT-1",1
"GGCTCGAAGCCGTCGT-1",2
"GGCTCGAAGGTAAACT-1",0
"GGCTCGACAAGAAGAG-1",4
"GGCTCGACAATAGCAA-1",0
"GGCTCGACATGGTCAT-1",7
"GGCTCGAGTATATCCG-1",1
"GGCTCGAGTTACGTCA-1",5
"GGCTCGAGTTAGGGTG-1",0
"GGCTCGATCTGCAAGT-1",0
"GGCTGGTAGAAGAAGC-1",2
"GGCTGGTAGACCCACC-1",7
"GGCTGGTCAAGGACAC-1",1
"GGCTGGTCACTGCCAG-1",0
"GGCTGGTCATTTCAGG-1",0
"GGCTGGTGTATTCTCT-1",2
"GGCTGGTGTCGCATCG-1",0
"GGCTGGTGTCTAGTGT-1",1
"GGCTGGTGTTATGCGT-1",0
"GGGAATGAGCGTTGCC-1",4
"GGGAATGAGTAGGTGC-1",0
"GGGAATGGTAAGGGAA-1",2
"GGGAATGTCAACGAAA-1",0
"GGGAATGTCCAGTATG-1",3
"GGGAATGTCCGGGTGT-1",3
"GGGACCTAGATGTAAC-1",4
"GGGACCTAGTCTTGCA-1",15
"GGGACCTCAATCAGAA-1",2
"GGGACCTCACTGAAGG-1",11
"GGGAGATAGTACGACG-1",8
"GGGAGATCAAAGTGCG-1",1
"GGGAGATCAAATCCGT-1",4
"GGGAGATCAAGGACTG-1",2
"GGGAGATCACGCGAAA-1",1
"GGGAGATGTAGCGCAA-1",2
"GGGAGATTCAACGGGA-1",0
"GGGAGATTCATCACCC-1",3
"GGGATGAAGTGACATA-1",2
"GGGATGACATCATCCC-1",7
"GGGATGAGTCACCCAG-1",0
"GGGATGAGTGGAAAGA-1",1
"GGGATGAGTTACGACT-1",1
"GGGATGAGTTGGTAAA-1",1
"GGGATGATCAGTTAGC-1",2
"GGGATGATCTATCCTA-1",6
"GGGATGATCTTTAGGG-1",0
"GGGCACTAGTCTCGGC-1",2
"GGGCACTCATCTCCCA-1",0
"GGGCACTTCACCTCGT-1",0
"GGGCACTTCTGAGGGA-1",3
"GGGCATCCAATGTAAG-1",1
"GGGCATCCAGTCTTCC-1",2
"GGGCATCGTGGCGAAT-1",0
"GGGCATCTCACAGTAC-1",3
"GGGCATCTCCCTTGTG-1",1
"GGGCATCTCCGGCACA-1",1
"GGGCATCTCTGTCCGT-1",1
"GGGCATCTCTTATCTG-1",0
"GGGTCTGAGAAGATTC-1",2
"GGGTCTGAGATCCCGC-1",4
"GGGTCTGAGCCAACAG-1",0
"GGGTCTGCACAGGCCT-1",0
"GGGTCTGCACCAGGTC-1",1
"GGGTCTGGTCTGGTCG-1",2
"GGGTCTGGTGATGATA-1",1
"GGGTCTGGTGTGACCC-1",1
"GGGTCTGTCAACTCTT-1",5
"GGGTCTGTCACTCCTG-1",6
"GGGTCTGTCCGTAGTA-1",0
"GGGTTGCAGACAGAGA-1",0
"GGGTTGCAGACCTTTG-1",2
"GGGTTGCAGATCGATA-1",3
"GGGTTGCAGGGTGTTG-1",4
"GGGTTGCAGGTGGGTT-1",1
"GGGTTGCCAATAACGA-1",0
"GGGTTGCCACGCCAGT-1",0
"GGGTTGCCATTAACCG-1",8
"GGGTTGCGTACATCCA-1",2
"GGGTTGCGTAGCGCAA-1",3
"GGGTTGCGTCCTCCAT-1",0
"GGGTTGCGTCGAGTTT-1",2
"GGGTTGCGTGAGTATA-1",7
"GGGTTGCGTGTGACCC-1",1
"GGGTTGCTCGTACCGG-1",0
"GGTATTGAGCACCGTC-1",0
"GGTATTGAGCTATGCT-1",6
"GGTATTGCACATCCAA-1",1
"GGTATTGCAGCTTCGG-1",1
"GGTATTGGTTCCGTCT-1",0
"GGTATTGTCAGAAATG-1",4
"GGTATTGTCCATTCTA-1",0
"GGTATTGTCGCCAGCA-1",2
"GGTGAAGAGACACGAC-1",1
"GGTGAAGAGATCCGAG-1",0
"GGTGAAGCAAGGTGTG-1",1
"GGTGAAGCACTCGACG-1",1
"GGTGAAGCAGTATGCT-1",2
"GGTGAAGGTATGAAAC-1",2
"GGTGAAGGTCAGAATA-1",1
"GGTGAAGGTGGTACAG-1",2
"GGTGAAGGTGTATGGG-1",6
"GGTGAAGGTGTCTGAT-1",2
"GGTGAAGGTGTGGTTT-1",5
"GGTGAAGGTGTGTGCC-1",3
"GGTGAAGTCACGATGT-1",0
"GGTGAAGTCACTCTTA-1",4
"GGTGAAGTCTGGCGTG-1",0
"GGTGCGTAGGTGATTA-1",0
"GGTGCGTAGTACGATA-1",4
"GGTGCGTCACTTAAGC-1",4
"GGTGCGTCAGCTGTAT-1",5
"GGTGCGTGTTCGTTGA-1",2
"GGTGCGTTCCGTACAA-1",1
"GGTGCGTTCTTGACGA-1",1
"GGTGTTAAGGGCTCTC-1",2
"GGTGTTAAGTAGCGGT-1",0
"GGTGTTAAGTGGGATC-1",1
"GGTGTTAAGTTATCGC-1",0
"GGTGTTACAAATCCGT-1",2
"GGTGTTACACGGATAG-1",0
"GGTGTTAGTAATCACC-1",2
"GGTGTTAGTAGCAAAT-1",2
"GGTGTTAGTGTATGGG-1",2
"GGTGTTAGTTGAACTC-1",3
"GGTGTTATCGGACAAG-1",6
"GGTGTTATCGGTGTTA-1",3
"GGTGTTATCTACTTAC-1",1
"GTAACGTAGGTGACCA-1",3
"GTAACGTCACAGGCCT-1",1
"GTAACGTGTACCATCA-1",2
"GTAACGTGTGAGTATA-1",0
"GTAACGTGTTACGGAG-1",0
"GTAACGTGTTAGGGTG-1",2
"GTAACGTTCGGTCCGA-1",2
"GTAACGTTCTCATTCA-1",5
"GTAACTGAGTGGGTTG-1",3
"GTAACTGCAATGGAAT-1",2
"GTAACTGCACAGGCCT-1",1
"GTAACTGCAGGATCGA-1",1
"GTAACTGCATCGGGTC-1",3
"GTAACTGGTATTACCG-1",3
"GTAACTGTCACGGTTA-1",1
"GTAACTGTCTACTATC-1",6
"GTACGTAAGGTGCTTT-1",5
"GTACGTACAGGAATGC-1",0
"GTACGTACATGGATGG-1",0
"GTACGTAGTGAGTGAC-1",0
"GTACGTAGTTGGTAAA-1",3
"GTACGTATCACCTCGT-1",1
"GTACGTATCATCGGAT-1",2
"GTACGTATCCACTGGG-1",7
"GTACTCCAGGCAGTCA-1",1
"GTACTCCCAATAGCGG-1",9
"GTACTCCCACAGGTTT-1",0
"GTACTCCTCACCTTAT-1",1
"GTACTCCTCATTGCCC-1",2
"GTACTCCTCCTTCAAT-1",0
"GTACTTTCAGTTAACC-1",1
"GTACTTTCATGTCGAT-1",0
"GTACTTTTCCGAAGAG-1",4
"GTAGGCCAGCAATCTC-1",0
"GTAGGCCCATTCGACA-1",0
"GTAGGCCGTAACGCGA-1",0
"GTAGGCCGTAAGGGCT-1",0
"GTAGGCCGTACGACCC-1",3
"GTAGGCCGTTCAGGCC-1",8
"GTAGGCCGTTGATTGC-1",6
"GTAGGCCTCAGCACAT-1",1
"GTAGTCAAGAATGTGT-1",0
"GTAGTCAAGATGCCTT-1",0
"GTAGTCAAGGACGAAA-1",2
"GTAGTCAAGTGAAGAG-1",0
"GTAGTCATCGTCACGG-1",0
"GTAGTCATCTGAAAGA-1",2
"GTATCTTAGAAACCAT-1",4
"GTATCTTAGGCTATCT-1",2
"GTATCTTAGTTGTCGT-1",5
"GTATCTTCACACCGCA-1",4
"GTATCTTCACGAAGCA-1",3
"GTATCTTGTTCGCTAA-1",4
"GTATCTTTCATGCTCC-1",4
"GTATCTTTCATGTAGC-1",5
"GTATTCTAGAAACCAT-1",0
"GTATTCTAGACAAAGG-1",2
"GTATTCTCAAAGTCAA-1",1
"GTATTCTCAACAACCT-1",1
"GTATTCTCAACTTGAC-1",1
"GTATTCTCAATAAGCA-1",8
"GTATTCTCAGGGTTAG-1",2
"GTATTCTCATACTACG-1",2
"GTATTCTCATGGTAGG-1",3
"GTATTCTGTAGTGAAT-1",1
"GTATTCTGTCTAGAGG-1",1
"GTCAAGTCATATGCTG-1",0
"GTCAAGTCATGGTTGT-1",1
"GTCAAGTGTCAGCTAT-1",0
"GTCAAGTGTTCCACTC-1",2
"GTCACAAAGCCGATTT-1",0
"GTCACAAAGTGGAGTC-1",1
"GTCACAACAGGTGGAT-1",1
"GTCACAAGTAAACGCG-1",7
"GTCACAATCAGGATCT-1",1
"GTCACAATCAGTTGAC-1",2
"GTCACAATCATGCATG-1",2
"GTCACGGAGATCACGG-1",2
"GTCACGGCATATACCG-1",11
"GTCACGGGTGAGTGAC-1",0
"GTCACGGGTGTGGCTC-1",3
"GTCACGGTCGAGAGCA-1",2
"GTCACGGTCTACCTGC-1",6
"GTCATTTAGAGACTAT-1",1
"GTCATTTCACGTGAGA-1",0
"GTCATTTGTAGAAGGA-1",1
"GTCATTTGTCAGATAA-1",0
"GTCATTTTCCAGAGGA-1",1
"GTCCTCAAGCCCAACC-1",0
"GTCCTCAAGTAGATGT-1",1
"GTCCTCAAGTGGGCTA-1",0
"GTCCTCACAATCACAC-1",3
"GTCCTCAGTGGAAAGA-1",2
"GTCCTCATCAAAGACA-1",1
"GTCCTCATCGTCCGTT-1",1
"GTCGGGTCACTGAAGG-1",0
"GTCGGGTCACTTCGAA-1",4
"GTCGGGTCATGAAGTA-1",0
"GTCGGGTGTCTCACCT-1",0
"GTCGGGTGTGTGACGA-1",0
"GTCGGGTGTGTGTGCC-1",4
"GTCGGGTGTTACGTCA-1",5
"GTCGGGTTCTGCTGTC-1",0
"GTCGGGTTCTGTGCAA-1",0
"GTCGTAAAGAGATGAG-1",2
"GTCGTAAAGCTGCAAG-1",0
"GTCGTAAAGGCGACAT-1",0
"GTCGTAACATCACGAT-1",3
"GTCGTAAGTATCACCA-1",0
"GTCGTAATCCAAGTAC-1",0
"GTCTCGTAGACCACGA-1",0
"GTCTCGTCAGGAACGT-1",1
"GTCTCGTGTGGTAACG-1",0
"GTCTCGTGTTTGGCGC-1",1
"GTCTCGTTCACCGGGT-1",5
"GTCTCGTTCAGTGCAT-1",0
"GTCTTCGAGACAAGCC-1",2
"GTCTTCGAGGAATGGA-1",1
"GTCTTCGAGTCAAGCG-1",1
"GTCTTCGCACATGGGA-1",2
"GTCTTCGCACCAGGTC-1",0
"GTCTTCGCAGACGCAA-1",2
"GTCTTCGCATAACCTG-1",2
"GTCTTCGCATCGATGT-1",0
"GTCTTCGGTCTAGTGT-1",0
"GTCTTCGTCTCGATGA-1",4
"GTGAAGGAGAGCTGGT-1",12
"GTGAAGGAGATCGGGT-1",2
"GTGAAGGAGCCAGTTT-1",4
"GTGAAGGAGTGTTGAA-1",2
"GTGAAGGCAAAGGCGT-1",4
"GTGAAGGCACTTAAGC-1",2
"GTGAAGGCAGATTGCT-1",0
"GTGAAGGGTATATGGA-1",0
"GTGAAGGGTCTCTCTG-1",0
"GTGAAGGTCTCCTATA-1",0
"GTGCAGCAGACATAAC-1",0
"GTGCAGCAGTGGTCCC-1",10
"GTGCAGCCACATCTTT-1",11
"GTGCAGCGTGAGTATA-1",0
"GTGCAGCTCTTAGAGC-1",2
"GTGCATAAGGCATGGT-1",2
"GTGCATAGTTTGTTGG-1",1
"GTGCATATCAGAGCTT-1",0
"GTGCATATCATCATTC-1",0
"GTGCATATCTGCGTAA-1",3
"GTGCGGTAGCAATCTC-1",3
"GTGCGGTAGGACAGAA-1",4
"GTGCGGTCAAAGGTGC-1",6
"GTGCGGTGTTCAGACT-1",1
"GTGCGGTGTTCTGTTT-1",4
"GTGCGGTTCATCTGCC-1",0
"GTGCGGTTCCAGGGCT-1",1
"GTGCGGTTCGGATGGA-1",0
"GTGCGGTTCTCGTTTA-1",6
"GTGCGGTTCTGCTGTC-1",3
"GTGCTTCAGCCAGTTT-1",1
"GTGCTTCAGGATTCGG-1",6
"GTGCTTCAGTACACCT-1",0
"GTGCTTCCACTTAACG-1",2
"GTGCTTCCAGCTATTG-1",1
"GTGCTTCGTAGAGTGC-1",2
"GTGCTTCTCACAATGC-1",2
"GTGCTTCTCACTTCAT-1",8
"GTGGGTCAGACCGGAT-1",6
"GTGGGTCAGACTGTAA-1",1
"GTGGGTCAGCCGTCGT-1",2
"GTGGGTCCACCAACCG-1",3
"GTGGGTCCACCACCAG-1",0
"GTGTGCGAGACCGGAT-1",2
"GTGTGCGAGACTTGAA-1",1
"GTGTGCGCAGGTCGTC-1",0
"GTGTGCGGTGAGCGAT-1",0
"GTGTGCGTCAGTCAGT-1",4
"GTGTGCGTCCCTTGTG-1",1
"GTGTGCGTCTAACTTC-1",2
"GTGTTAGAGCACGCCT-1",1
"GTGTTAGAGGACAGAA-1",2
"GTGTTAGAGGCATGGT-1",2
"GTGTTAGAGTGGAGAA-1",0
"GTGTTAGAGTTTGCGT-1",2
"GTGTTAGCAATGGAAT-1",5
"GTGTTAGCACCACCAG-1",0
"GTGTTAGGTGCCTGGT-1",4
"GTGTTAGGTGGAAAGA-1",5
"GTGTTAGGTTCCATGA-1",1
"GTGTTAGGTTGGGACA-1",6
"GTTAAGCAGAGCTGCA-1",1
"GTTAAGCAGATAGCAT-1",6
"GTTAAGCAGCTAACAA-1",0
"GTTAAGCAGGCTACGA-1",2
"GTTAAGCAGTGTACCT-1",1
"GTTAAGCAGTTTGCGT-1",6
"GTTAAGCCATTCACTT-1",0
"GTTAAGCGTACTCGCG-1",0
"GTTAAGCGTCTAGGTT-1",0
"GTTAAGCGTGGCAAAC-1",1
"GTTAAGCGTTGCTCCT-1",0
"GTTAAGCTCCTTTCGG-1",7
"GTTACAGAGAGCTATA-1",6
"GTTACAGAGTACGATA-1",2
"GTTACAGCAGACGCCT-1",7
"GTTACAGCATCGGTTA-1",7
"GTTACAGGTATGGTTC-1",0
"GTTACAGGTCGACTGC-1",10
"GTTACAGGTCTAGGTT-1",0
"GTTCATTAGCGATGAC-1",3
"GTTCATTCATATACGC-1",3
"GTTCATTCATTGGCGC-1",1
"GTTCATTGTGCACGAA-1",1
"GTTCATTGTGTTAAGA-1",2
"GTTCATTGTTCAGTAC-1",1
"GTTCGGGAGACGACGT-1",4
"GTTCGGGAGCTAAGAT-1",1
"GTTCGGGAGTGTCTCA-1",0
"GTTCGGGGTAGGGTAC-1",3
"GTTCGGGGTGCAGGTA-1",2
"GTTCGGGTCCACGCAG-1",3
"GTTCGGGTCTACTTAC-1",2
"GTTCTCGAGACCACGA-1",1
"GTTCTCGAGCGATGAC-1",3
"GTTCTCGAGGCCATAG-1",3
"GTTCTCGCATCGGACC-1",0
"GTTCTCGGTAAGGGAA-1",5
"GTTCTCGGTAGCGTAG-1",0
"GTTCTCGGTCCGTGAC-1",1
"GTTCTCGGTGTTAAGA-1",3
"GTTCTCGTCAACGCTA-1",10
"GTTCTCGTCCTGTACC-1",0
"GTTTCTACAAACCTAC-1",0
"GTTTCTACAAGAAAGG-1",1
"GTTTCTAGTGTTGGGA-1",6
"GTTTCTATCCCAACGG-1",0
"GTTTCTATCCGTAGTA-1",3
"GTTTCTATCGGCATCG-1",1
"TAAACCGGTACTTAGC-1",4
"TAAACCGTCACTCTTA-1",2
"TAAACCGTCAGGCGAA-1",4
"TAAACCGTCCGTTGTC-1",4
"TAAACCGTCTTCCTTC-1",0
"TAAGAGACAAGTTGTC-1",7
"TAAGAGAGTATATCCG-1",5
"TAAGAGATCAATCACG-1",1
"TAAGAGATCTAACGGT-1",4
"TAAGAGATCTTTCCTC-1",15
"TAAGCGTAGTGGACGT-1",2
"TAAGCGTAGTGTCTCA-1",2
"TAAGCGTCAGCTTCGG-1",6
"TAAGCGTCAGGTGGAT-1",5
"TAAGCGTGTCCTGCTT-1",0
"TAAGCGTGTGCCTGGT-1",3
"TAAGCGTGTTGTTTGG-1",2
"TAAGCGTTCCTCATTA-1",4
"TAAGCGTTCGGCGCAT-1",5
"TAAGCGTTCTCGCATC-1",2
"TAAGTGCAGGCTAGGT-1",0
"TAAGTGCAGTAGCGGT-1",1
"TAAGTGCCAACGCACC-1",4
"TAAGTGCCATACAGCT-1",0
"TAAGTGCGTAAACACA-1",1
"TAAGTGCGTCTCACCT-1",0
"TAAGTGCGTTCAGACT-1",1
"TAAGTGCTCACCCTCA-1",1
"TAAGTGCTCACTGGGC-1",2
"TAAGTGCTCTGGCGTG-1",0
"TACACGACACCCATTC-1",0
"TACACGAGTGATAAAC-1",0
"TACACGATCTGTCTCG-1",0
"TACAGTGAGATGCGAC-1",2
"TACAGTGAGCGTTGCC-1",0
"TACAGTGAGTGTACGG-1",0
"TACAGTGCAGGAATCG-1",6
"TACAGTGCAGGTGCCT-1",3
"TACAGTGGTACTCAAC-1",3
"TACAGTGGTTGGACCC-1",3
"TACCTATAGAGCTGGT-1",0
"TACCTATAGAGTTGGC-1",2
"TACCTATAGGCTCATT-1",1
"TACCTATAGTTAGCGG-1",4
"TACCTATCAAGCTGGA-1",3
"TACCTATGTAAATGAC-1",1
"TACCTATGTAGAGTGC-1",0
"TACCTATGTCACCTAA-1",0
"TACCTATGTGTTGAGG-1",0
"TACCTATGTTAAAGAC-1",3
"TACCTATTCTATGTGG-1",2
"TACCTATTCTTCCTTC-1",4
"TACCTTAAGAGGTTGC-1",3
"TACCTTAAGTCAAGCG-1",5
"TACCTTAAGTGGTCCC-1",2
"TACCTTACAACTGGCC-1",3
"TACCTTACAAGGGTCA-1",4
"TACCTTACACTCAGGC-1",1
"TACCTTACATCTACGA-1",0
"TACCTTAGTAGCGTCC-1",2
"TACCTTAGTCTCCACT-1",0
"TACGGATAGATGGCGT-1",8
"TACGGATAGGTACTCT-1",1
"TACGGATCAGGGATTG-1",1
"TACGGATCATCACCCT-1",4
"TACGGATGTCTAGCCG-1",0
"TACGGATTCGGTGTCG-1",2
"TACGGATTCTACTATC-1",2
"TACGGGCAGGATGCGT-1",3
"TACGGGCAGGGAACGG-1",1
"TACGGGCAGTATTGGA-1",0
"TACGGGCAGTCAAGCG-1",1
"TACGGGCCAAGAAGAG-1",0
"TACGGGCCACCAGATT-1",0
"TACGGGCCATCAGTAC-1",0
"TACGGGCGTAAGGGCT-1",0
"TACGGGCGTCTGATTG-1",0
"TACGGGCGTGATGTGG-1",0
"TACGGGCTCACCTTAT-1",5
"TACGGGCTCAGCTCTC-1",1
"TACGGGCTCCACGAAT-1",1
"TACGGGCTCCTATTCA-1",3
"TACGGGCTCGGTGTTA-1",2
"TACGGTAAGATATGGT-1",7
"TACGGTAAGCCGATTT-1",2
"TACGGTAAGTCATGCT-1",0
"TACGGTAAGTGCCATT-1",1
"TACGGTACACAGGCCT-1",2
"TACGGTACATTTCAGG-1",1
"TACGGTAGTATATCCG-1",1
"TACGGTAGTCACTTCC-1",2
"TACGGTAGTGCAGGTA-1",0
"TACGGTAGTGGGTATG-1",0
"TACGGTATCGCAGGCT-1",1
"TACGGTATCGGACAAG-1",6
"TACGGTATCGTTTATC-1",0
"TACTCATAGTCACGCC-1",0
"TACTCATCAATCTACG-1",4
"TACTCATCACGGTAGA-1",2
"TACTCATCACTTCTGC-1",2
"TACTCATCATCCGTGG-1",0
"TACTCATCATGTCGAT-1",0
"TACTCATGTACAGCAG-1",1
"TACTCATGTCTTCAAG-1",1
"TACTCATTCCTTTCTC-1",1
"TACTCGCAGGCGACAT-1",2
"TACTCGCGTCAGAAGC-1",1
"TACTCGCGTCTGATTG-1",2
"TACTCGCGTGTAACGG-1",2
"TACTCGCGTTGAGTTC-1",1
"TACTCGCTCAACGGGA-1",1
"TACTCGCTCCGAATGT-1",4
"TACTTACAGACTAGGC-1",3
"TACTTACAGCTGAACG-1",2
"TACTTACAGTACACCT-1",2
"TACTTACAGTACGCCC-1",1
"TACTTACAGTGATCGG-1",5
"TACTTACCAAGCCGTC-1",3
"TACTTACCACAGGTTT-1",1
"TACTTACTCGCGTTTC-1",4
"TACTTGTAGCGATATA-1",1
"TACTTGTAGTAATCCC-1",2
"TACTTGTCAAACAACA-1",4
"TACTTGTCATGCAACT-1",2
"TACTTGTGTAGCACGA-1",0
"TACTTGTGTATAAACG-1",0
"TACTTGTGTTCCACAA-1",1
"TACTTGTTCTGCAGTA-1",10
"TAGACCAAGAGACGAA-1",0
"TAGACCAAGCCTCGTG-1",1
"TAGACCAAGTCGATAA-1",14
"TAGACCACAACACCCG-1",2
"TAGACCAGTAGATTAG-1",4
"TAGACCAGTTCATGGT-1",3
"TAGACCATCACTTCAT-1",0
"TAGACCATCGTCACGG-1",0
"TAGACCATCTCCAGGG-1",2
"TAGAGCTAGAATTCCC-1",2
"TAGAGCTAGTATTGGA-1",0
"TAGAGCTCACTGAAGG-1",4
"TAGAGCTGTACTTGAC-1",2
"TAGAGCTGTAGGGACT-1",0
"TAGAGCTGTCTAAAGA-1",1
"TAGCCGGAGACTGGGT-1",3
"TAGCCGGAGTCCCACG-1",0
"TAGCCGGAGTGACATA-1",2
"TAGCCGGCAGCAGTTT-1",1
"TAGCCGGGTACAGTGG-1",9
"TAGCCGGGTACCATCA-1",0
"TAGCCGGGTCGCGAAA-1",2
"TAGCCGGTCACGACTA-1",2
"TAGCCGGTCCAGGGCT-1",0
"TAGGCATAGAACTGTA-1",5
"TAGGCATAGCTAGGCA-1",4
"TAGGCATAGTCGTACT-1",11
"TAGGCATAGTTTAGGA-1",1
"TAGGCATCAAGCCTAT-1",0
"TAGGCATCAGACGCAA-1",0
"TAGGCATGTACGAAAT-1",2
"TAGGCATGTCCAGTTA-1",2
"TAGGCATGTTCCACTC-1",7
"TAGGCATTCCCTAACC-1",2
"TAGGCATTCGCTAGCG-1",6
"TAGGCATTCGTAGATC-1",8
"TAGGCATTCTTCATGT-1",3
"TAGTGGTAGATCACGG-1",1
"TAGTGGTAGCTGTTCA-1",2
"TAGTGGTCAGTATAAG-1",0
"TAGTGGTGTAGCGTAG-1",2
"TAGTGGTTCAGCATGT-1",1
"TAGTGGTTCGGCGCAT-1",0
"TAGTGGTTCTCAAGTG-1",1
"TAGTGGTTCTGGGCCA-1",8
"TAGTGGTTCTTTAGTC-1",0
"TAGTTGGAGATAGGAG-1",0
"TAGTTGGCAGACGCAA-1",2
"TAGTTGGCATGCGCAC-1",1
"TAGTTGGGTATGGTTC-1",0
"TAGTTGGTCCGAATGT-1",1
"TAGTTGGTCTACTCAT-1",0
"TAGTTGGTCTCTAAGG-1",4
"TAGTTGGTCTGATACG-1",3
"TATCAGGAGAGTAAGG-1",0
"TATCAGGAGATCCGAG-1",4
"TATCAGGAGCAGATCG-1",2
"TATCAGGAGGTGCTTT-1",5
"TATCAGGCAACTTGAC-1",3
"TATCAGGCACGTTGGC-1",0
"TATCAGGGTCCGTTAA-1",0
"TATCAGGGTCTGCAAT-1",5
"TATCAGGGTTAAAGAC-1",0
"TATCAGGTCAAGATCC-1",2
"TATCAGGTCCACTCCA-1",6
"TATCAGGTCGTAGGTT-1",3
"TATCTCAAGAGTTGGC-1",2
"TATCTCAAGCCACCTG-1",4
"TATCTCAAGCGTAATA-1",0
"TATCTCAAGGCTAGCA-1",1
"TATCTCAAGTGGGCTA-1",1
"TATCTCACATGTCCTC-1",1
"TATCTCAGTAACGACG-1",10
"TATCTCAGTACCTACA-1",0
"TATCTCAGTACGACCC-1",3
"TATCTCAGTCAATGTC-1",2
"TATCTCATCAAGCCTA-1",3
"TATGCCCAGAAACCGC-1",9
"TATGCCCAGGTAGCTG-1",5
"TATGCCCCAATGGAAT-1",1
"TATGCCCCACTTAACG-1",0
"TATGCCCCATGTTCCC-1",2
"TATGCCCGTAGCCTCG-1",0
"TATGCCCGTATAGGGC-1",3
"TATGCCCGTATGAAAC-1",10
"TATGCCCGTCGCCATG-1",10
"TATGCCCGTGCCTTGG-1",0
"TATGCCCGTTAAGATG-1",0
"TATGCCCGTTGGTGGA-1",0
"TATGCCCGTTTAGGAA-1",0
"TATGCCCTCGTCTGCT-1",1
"TATTACCAGAGAGCTC-1",2
"TATTACCAGCAAATCA-1",0
"TATTACCAGCCCGAAA-1",0
"TATTACCAGTATCTCG-1",1
"TATTACCCAAAGTGCG-1",2
"TATTACCCAGACAAGC-1",0
"TATTACCCAGTCAGCC-1",0
"TATTACCCATAAAGGT-1",0
"TATTACCCATCTACGA-1",2
"TATTACCGTCCAGTAT-1",0
"TCAACGAAGCCGATTT-1",3
"TCAACGAAGCGATGAC-1",1
"TCAACGAAGGCATGTG-1",2
"TCAACGAAGTAGTGCG-1",4
"TCAACGACACCAGGCT-1",1
"TCAACGACATGCCTTC-1",4
"TCAACGAGTTACCAGT-1",1
"TCAACGAGTTCCATGA-1",0
"TCAACGAGTTCTGGTA-1",1
"TCAACGATCAGTCCCT-1",0
"TCAACGATCTGTGCAA-1",0
"TCAATCTAGATCCCGC-1",5
"TCAATCTCACAAGCCC-1",4
"TCAATCTCACAGCCCA-1",2
"TCAATCTCATGACGGA-1",1
"TCAATCTCATTTGCTT-1",1
"TCAATCTGTAGTGAAT-1",3
"TCAATCTGTTAGATGA-1",4
"TCAATCTTCAGATAAG-1",0
"TCAATCTTCATGTCCC-1",0
"TCACAAGAGACTGGGT-1",0
"TCACAAGAGAGAGCTC-1",2
"TCACAAGAGGCCCTCA-1",0
"TCACAAGAGGTGGGTT-1",0
"TCACAAGAGTAGATGT-1",2
"TCACAAGCAGTATGCT-1",8
"TCACAAGCATAACCTG-1",0
"TCACAAGCATGACATC-1",5
"TCACAAGGTCAGATAA-1",2
"TCACAAGGTGTGGTTT-1",1
"TCACAAGTCATCATTC-1",0
"TCACAAGTCATGCATG-1",1
"TCACGAAAGCTCCTTC-1",1
"TCACGAAAGGTGCTTT-1",0
"TCACGAAAGTCTCGGC-1",3
"TCACGAACACAAGACG-1",9
"TCACGAACACTGTCGG-1",2
"TCACGAAGTGGTCCGT-1",1
"TCACGAAGTTGGTGGA-1",1
"TCACGAATCATGCAAC-1",3
"TCACGAATCCCGACTT-1",1
"TCACGAATCCTCGCAT-1",3
"TCACGAATCGTCACGG-1",1
"TCAGATGAGGTGCACA-1",3
"TCAGATGGTCTTGTCC-1",14
"TCAGATGGTGCCTGCA-1",1
"TCAGATGGTGCTGTAT-1",1
"TCAGATGTCAGTTTGG-1",2
"TCAGATGTCGCATGAT-1",1
"TCAGATGTCTCCTATA-1",0
"TCAGCAAAGGAGTCTG-1",2
"TCAGCAAAGGCTCATT-1",10
"TCAGCAAAGTACGACG-1",2
"TCAGCAAAGTGGCACA-1",2
"TCAGCAACACGCATCG-1",3
"TCAGCAAGTACCGGCT-1",0
"TCAGCAATCAGCGATT-1",4
"TCAGCAATCGGAAACG-1",1
"TCAGCAATCTTCAACT-1",1
"TCAGCTCAGGTGTTAA-1",2
"TCAGCTCAGTATGACA-1",8
"TCAGCTCCAATCTGCA-1",1
"TCAGCTCCACGGTTTA-1",3
"TCAGCTCGTAATAGCA-1",2
"TCAGCTCGTCCGTCAG-1",2
"TCAGCTCGTTCACGGC-1",2
"TCAGCTCTCACGATGT-1",2
"TCAGCTCTCATGCATG-1",1
"TCAGCTCTCCTAAGTG-1",0
"TCAGCTCTCTCGTATT-1",0
"TCAGGATAGACAGAGA-1",4
"TCAGGATAGATATGGT-1",2
"TCAGGATCAAACGTGG-1",1
"TCAGGATCAAGTTCTG-1",0
"TCAGGATCACGGTGTC-1",0
"TCAGGATCACTGTGTA-1",7
"TCAGGATCAGCATACT-1",3
"TCAGGATCATCTGGTA-1",3
"TCAGGATGTAAGCACG-1",1
"TCAGGATGTGGCCCTA-1",3
"TCAGGATTCCGATATG-1",4
"TCAGGATTCTCGATGA-1",0
"TCAGGTAAGATGGCGT-1",2
"TCAGGTAAGTGTTTGC-1",1
"TCAGGTACACAAGTAA-1",3
"TCAGGTACACAGAGGT-1",3
"TCAGGTACAGCTGCTG-1",1
"TCAGGTAGTAAACGCG-1",3
"TCATTACAGAAACCAT-1",4
"TCATTACAGGAGTTGC-1",5
"TCATTACAGTTGCAGG-1",2
"TCATTACCACATCCAA-1",0
"TCATTACCAGTCAGCC-1",2
"TCATTACGTACGCACC-1",2
"TCATTACGTCTAGAGG-1",2
"TCATTACGTGAAGGCT-1",1
"TCATTACGTTCTGTTT-1",0
"TCATTACTCATCGATG-1",1
"TCATTTGAGCCAGTTT-1",3
"TCATTTGCACGTCTCT-1",0
"TCATTTGCAGTTAACC-1",0
"TCATTTGTCCAGAGGA-1",6
"TCATTTGTCCCTTGCA-1",0
"TCATTTGTCCGTCAAA-1",7
"TCATTTGTCGCTAGCG-1",0
"TCATTTGTCGTACGGC-1",0
"TCATTTGTCTCTGCTG-1",2
"TCCACACCAAAGAATC-1",2
"TCCACACCACGCCAGT-1",4
"TCCACACGTACAGCAG-1",7
"TCCACACGTAGCCTAT-1",1
"TCCACACGTCATCGGC-1",1
"TCCACACGTGACCAAG-1",1
"TCCACACGTGCGAAAC-1",1
"TCCACACTCAACACCA-1",5
"TCCACACTCCAGTATG-1",0
"TCCACACTCCCATTTA-1",0
"TCCACACTCGAACTGT-1",3
"TCCCGATAGAAGAAGC-1",0
"TCCCGATAGCACAGGT-1",1
"TCCCGATAGCCGGTAA-1",1
"TCCCGATCAAGGTTCT-1",1
"TCCCGATCAGCCAATT-1",0
"TCCCGATCATCCAACA-1",5
"TCCCGATGTAAGGATT-1",3
"TCCCGATGTCAATACC-1",3
"TCCCGATTCAGAAATG-1",0
"TCCCGATTCAGTCCCT-1",0
"TCCCGATTCATCTGTT-1",1
"TCCCGATTCCCTAATT-1",4
"TCCCGATTCTGGAGCC-1",0
"TCGAGGCAGCGATGAC-1",4
"TCGAGGCAGTGTTTGC-1",2
"TCGAGGCCAAAGAATC-1",3
"TCGAGGCCAAGTTCTG-1",2
"TCGAGGCCAGTAACGG-1",6
"TCGAGGCGTATATCCG-1",0
"TCGAGGCTCGCAAGCC-1",4
"TCGAGGCTCTTGAGAC-1",0
"TCGAGGCTCTTTCCTC-1",1
"TCGCGAGAGACAAAGG-1",3
"TCGCGAGAGTGAATTG-1",1
"TCGCGAGCAAGCGTAG-1",0
"TCGCGAGCACCGAATT-1",1
"TCGCGAGCAGTAAGAT-1",0
"TCGCGAGTCCACGAAT-1",4
"TCGCGAGTCTAGCACA-1",2
"TCGCGAGTCTCTAGGA-1",3
"TCGCGAGTCTTCATGT-1",3
"TCGCGTTAGTGGGCTA-1",4
"TCGCGTTCACAGGCCT-1",1
"TCGCGTTCATCACAAC-1",0
"TCGCGTTCATCTCGCT-1",0
"TCGCGTTGTTCACCTC-1",3
"TCGCGTTTCAAGATCC-1",2
"TCGCGTTTCAGGTAAA-1",1
"TCGCGTTTCATTCACT-1",0
"TCGCGTTTCCTGTACC-1",1
"TCGCGTTTCGCCCTTA-1",3
"TCGGGACCACACATGT-1",1
"TCGGGACTCCTTGCCA-1",4
"TCGGGACTCTGCGGCA-1",4
"TCGGGACTCTTGTCAT-1",1
"TCGGTAAAGACAGGCT-1",1
"TCGGTAAAGCTCAACT-1",0
"TCGGTAACAAGCTGAG-1",1
"TCGGTAACAGGAATGC-1",2
"TCGGTAAGTATATGGA-1",0
"TCGGTAAGTCTAGTCA-1",2
"TCGGTAATCCCGGATG-1",0
"TCGTACCAGCAGGCTA-1",5
"TCGTACCAGTTTCCTT-1",0
"TCGTACCGTTTGCATG-1",2
"TCGTACCTCGGGAGTA-1",0
"TCGTAGAAGCTAACTC-1",3
"TCGTAGAAGGCGACAT-1",6
"TCGTAGAAGGGAACGG-1",2
"TCGTAGAAGTCCATAC-1",2
"TCGTAGACAATCCAAC-1",0
"TCGTAGACACTCAGGC-1",4
"TCGTAGAGTATGAATG-1",1
"TCGTAGAGTGAGCGAT-1",4
"TCGTAGAGTGTGTGCC-1",6
"TCGTAGAGTTCAACCA-1",2
"TCGTAGAGTTCCATGA-1",8
"TCGTAGATCCAAGCCG-1",0
"TCGTAGATCTTAGCCC-1",3
"TCTATTGAGCGATTCT-1",2
"TCTATTGAGTGCCATT-1",0
"TCTATTGCACATCTTT-1",1
"TCTATTGGTAAGTGTA-1",2
"TCTATTGGTCCAACTA-1",1
"TCTATTGGTCTGCCAG-1",2
"TCTATTGGTTGCTCCT-1",1
"TCTATTGTCGGCGCTA-1",0
"TCTCATAAGCTAAACA-1",2
"TCTCATAAGCTAGTCT-1",2
"TCTCATAAGTGCCATT-1",4
"TCTCATAGTACCGGCT-1",0
"TCTCATAGTGTAAGTA-1",0
"TCTCATATCAAGCCTA-1",3
"TCTCATATCACCTTAT-1",1
"TCTCATATCCTGTACC-1",4
"TCTCTAAAGACCGGAT-1",2
"TCTCTAAAGGGTGTTG-1",6
"TCTCTAACAGCCTATA-1",2
"TCTCTAAGTCCAGTAT-1",2
"TCTCTAAGTCCATGAT-1",3
"TCTCTAAGTCTCATCC-1",0
"TCTCTAAGTGGAAAGA-1",10
"TCTCTAATCAAACCAC-1",0
"TCTCTAATCAACGCTA-1",0
"TCTCTAATCACAGGCC-1",3
"TCTCTAATCACATACG-1",2
"TCTCTAATCCGTAGGC-1",3
"TCTCTAATCGTATCAG-1",4
"TCTGAGACAAACCTAC-1",7
"TCTGAGACACGGATAG-1",0
"TCTGAGACAGAGTGTG-1",1
"TCTGAGAGTAAGGGAA-1",4
"TCTGAGATCCTTGACC-1",3
"TCTGAGATCTATCCTA-1",1
"TCTGGAAAGCGATGAC-1",0
"TCTGGAAAGCTAGTTC-1",0
"TCTGGAAAGCTCTCGG-1",2
"TCTGGAAAGGAGCGAG-1",2
"TCTGGAACACAAGACG-1",5
"TCTGGAACACACTGCG-1",3
"TCTGGAACACTTCTGC-1",8
"TCTGGAAGTGAGTATA-1",3
"TCTGGAATCTGTCTAT-1",1
"TCTTCGGAGGTTCCTA-1",3
"TCTTCGGAGTTCGATC-1",1
"TCTTCGGCAAAGCAAT-1",0
"TCTTCGGCAAAGGTGC-1",6
"TCTTCGGCAATAGCAA-1",2
"TCTTCGGCAATGTAAG-1",3
"TCTTCGGCACACCGAC-1",1
"TCTTCGGCAGCCAATT-1",3
"TCTTCGGGTCATTAGC-1",0
"TCTTCGGTCGTAGGTT-1",1
"TCTTCGGTCTCTAAGG-1",3
"TCTTTCCAGAGAGCTC-1",0
"TCTTTCCAGTCATCCA-1",2
"TCTTTCCCATCTCCCA-1",4
"TCTTTCCGTAATCACC-1",4
"TCTTTCCGTAGTACCT-1",0
"TCTTTCCTCACAACGT-1",1
"TCTTTCCTCAGCTGGC-1",1
"TCTTTCCTCCAAGTAC-1",0
"TCTTTCCTCCTCGCAT-1",5
"TGAAAGAAGCTAAGAT-1",1
"TGAAAGACAAGCCGTC-1",4
"TGAAAGACACATTCGA-1",0
"TGAAAGACATGAGCGA-1",1
"TGAAAGAGTCTAGCGC-1",1
"TGAAAGAGTCTCATCC-1",9
"TGAAAGATCCCGACTT-1",2
"TGAAAGATCTATGTGG-1",2
"TGACAACCAAGCGAGT-1",0
"TGACAACGTAGGGACT-1",6
"TGACAACGTGCGCTTG-1",4
"TGACAACGTGGTTTCA-1",2
"TGACAACTCACAAACC-1",0
"TGACAACTCCACGTGG-1",0
"TGACAACTCGAATGCT-1",3
"TGACGGCAGCGCCTCA-1",3
"TGACGGCAGGCTCAGA-1",3
"TGACGGCAGTCAAGCG-1",4
"TGACGGCCACAGACTT-1",3
"TGACGGCGTCATCCCT-1",1
"TGACGGCTCAGGCGAA-1",1
"TGACGGCTCCACTGGG-1",0
"TGACTAGAGACCCACC-1",1
"TGACTAGAGGGCATGT-1",3
"TGACTAGAGTCTCAAC-1",2
"TGACTAGAGTTGAGAT-1",0
"TGACTAGCAGCATACT-1",0
"TGACTAGCAGTCAGAG-1",0
"TGACTAGCATTTCACT-1",3
"TGACTAGGTAAATACG-1",7
"TGACTAGGTGAAAGAG-1",1
"TGACTAGGTGCAGTAG-1",1
"TGACTAGTCATGCATG-1",0
"TGACTAGTCCATGCTC-1",1
"TGACTAGTCTGTTGAG-1",1
"TGACTTTAGAACAATC-1",3
"TGACTTTAGTCTCGGC-1",3
"TGACTTTAGTTAGGTA-1",0
"TGACTTTCAGTCCTTC-1",0
"TGACTTTCATTATCTC-1",1
"TGACTTTGTCACACGC-1",2
"TGACTTTTCCTCAATT-1",0
"TGACTTTTCTGCCCTA-1",1
"TGAGAGGAGGCTCATT-1",2
"TGAGAGGCAAAGTCAA-1",2
"TGAGAGGCAAGCCATT-1",2
"TGAGAGGCACCATGTA-1",0
"TGAGAGGGTCACTGGC-1",0
"TGAGAGGGTCTAAACC-1",5
"TGAGAGGTCGAACTGT-1",3
"TGAGAGGTCGCGTTTC-1",3
"TGAGAGGTCTGACCTC-1",6
"TGAGCATAGAAACGAG-1",3
"TGAGCATAGAAGCCCA-1",0
"TGAGCATAGATGTCGG-1",3
"TGAGCATAGGAATGGA-1",0
"TGAGCATCACCAGGCT-1",10
"TGAGCATCAGATGAGC-1",5
"TGAGCATCAGCGTAAG-1",0
"TGAGCATCAGCTGTAT-1",5
"TGAGCATGTGGCCCTA-1",4
"TGAGCATTCCACGTTC-1",0
"TGAGCATTCCGATATG-1",6
"TGAGCATTCGGCCGAT-1",2
"TGAGCCGCATCGGGTC-1",3
"TGAGCCGGTCGAACAG-1",2
"TGAGCCGGTGTAATGA-1",2
"TGAGCCGGTTGATTCG-1",2
"TGAGCCGTCATCTGCC-1",1
"TGAGCCGTCGTCACGG-1",1
"TGAGCCGTCTTGAGGT-1",10
"TGAGGGAAGAGACTAT-1",3
"TGAGGGAAGGAGTACC-1",3
"TGAGGGAAGTCATCCA-1",0
"TGAGGGAAGTCATGCT-1",5
"TGAGGGACACCAGTTA-1",1
"TGAGGGACATAAGACA-1",2
"TGAGGGAGTAAACGCG-1",1
"TGAGGGAGTTAGGGTG-1",0
"TGAGGGATCAACGGGA-1",1
"TGAGGGATCTAGCACA-1",0
"TGAGGGATCTCTTATG-1",2
"TGATTTCCATCCGGGT-1",4
"TGATTTCGTAGGCATG-1",2
"TGATTTCGTTAAGACA-1",3
"TGATTTCTCTGATTCT-1",0
"TGCACCTAGACCTTTG-1",1
"TGCACCTAGGACGAAA-1",0
"TGCACCTCAAGTTGTC-1",3
"TGCACCTCAATAGAGT-1",1
"TGCACCTCATCCGGGT-1",3
"TGCACCTGTAATCACC-1",2
"TGCACCTGTCACACGC-1",3
"TGCACCTTCACGGTTA-1",0
"TGCACCTTCATCGGAT-1",1
"TGCACCTTCCGCGGTA-1",2
"TGCACCTTCGAACTGT-1",2
"TGCACCTTCTCTTGAT-1",2
"TGCCAAACAATGTAAG-1",1
"TGCCAAACAATTCCTT-1",5
"TGCCAAAGTTCGCGAC-1",2
"TGCCAAATCCAAACTG-1",3
"TGCCAAATCCCTGACT-1",3
"TGCCAAATCGGCGGTT-1",4
"TGCCCATAGACTAGGC-1",5
"TGCCCATAGCGTCAAG-1",0
"TGCCCATAGCGTGAAC-1",3
"TGCCCATAGCTGTTCA-1",3
"TGCCCATAGGATGGAA-1",1
"TGCCCATAGTACGCCC-1",3
"TGCCCATAGTTGAGTA-1",1
"TGCCCATCACCAGGTC-1",0
"TGCCCATCACGAAATA-1",3
"TGCCCATCAGGACGTA-1",2
"TGCCCATCATGGAATA-1",0
"TGCCCATCATGGATGG-1",6
"TGCCCATGTAGCCTCG-1",0
"TGCCCATTCAAACCGT-1",1
"TGCCCATTCAGGCCCA-1",0
"TGCCCATTCCTTCAAT-1",0
"TGCCCATTCGGAAATA-1",3
"TGCCCTAAGGTCGGAT-1",0
"TGCCCTAAGGTTCCTA-1",0
"TGCCCTACACCACCAG-1",2
"TGCCCTACAGCCACCA-1",0
"TGCCCTACAGTGAGTG-1",1
"TGCCCTAGTCCGAGTC-1",0
"TGCCCTAGTGGTTTCA-1",0
"TGCCCTAGTTTCGCTC-1",0
"TGCCCTATCGACGGAA-1",4
"TGCCCTATCTTCGGTC-1",0
"TGCGCAGAGACTAGGC-1",0
"TGCGCAGAGCACACAG-1",2
"TGCGCAGAGCGTCTAT-1",0
"TGCGCAGAGGAGCGAG-1",3
"TGCGCAGCAAACGTGG-1",3
"TGCGCAGCAGCTCGCA-1",5
"TGCGCAGCAGTAGAGC-1",2
"TGCGCAGTCCTACAGA-1",7
"TGCGGGTAGAGACTTA-1",3
"TGCGGGTAGATCGATA-1",2
"TGCGGGTAGCTCTCGG-1",2
"TGCGGGTAGGTGTGGT-1",0
"TGCGGGTAGTACTTGC-1",0
"TGCGGGTCAATGGAAT-1",2
"TGCGGGTCACACGCTG-1",2
"TGCGGGTCATTGGGCC-1",1
"TGCGGGTGTAGAAAGG-1",0
"TGCGGGTGTCACCTAA-1",1
"TGCGGGTGTCAGATAA-1",2
"TGCGGGTGTTAGAACA-1",1
"TGCGGGTTCAGTTCGA-1",1
"TGCGGGTTCGTAGATC-1",3
"TGCGGGTTCTCTTGAT-1",0
"TGCGTGGAGACGCAAC-1",0
"TGCGTGGAGACTGGGT-1",3
"TGCGTGGAGTGAACGC-1",0
"TGCGTGGCAATTCCTT-1",4
"TGCGTGGGTGCACCAC-1",3
"TGCGTGGTCCGCGCAA-1",7
"TGCGTGGTCGCCCTTA-1",0
"TGCGTGGTCTGGCGAC-1",0
"TGCTACCAGAAAGTGG-1",9
"TGCTACCAGATGGCGT-1",1
"TGCTACCAGCAAATCA-1",0
"TGCTACCAGTCCGTAT-1",0
"TGCTACCCAAGAGGCT-1",1
"TGCTACCCACTTAACG-1",0
"TGCTACCCATCGTCGG-1",3
"TGCTACCCATGGTTGT-1",4
"TGCTACCGTGTGACGA-1",3
"TGCTACCTCCTCGCAT-1",1
"TGCTACCTCTTCTGGC-1",0
"TGCTGCTAGACTAAGT-1",3
"TGCTGCTAGGTGATAT-1",0
"TGCTGCTCAATAGAGT-1",0
"TGCTGCTCACAGACAG-1",1
"TGCTGCTCATCCCATC-1",6
"TGCTGCTCATGGTTGT-1",5
"TGCTGCTGTCATACTG-1",0
"TGCTGCTGTGAAGGCT-1",4
"TGCTGCTTCATTGCGA-1",3
"TGGACGCAGAGGTACC-1",0
"TGGACGCAGTCAAGGC-1",1
"TGGACGCCACAGAGGT-1",1
"TGGACGCCATGGTAGG-1",0
"TGGACGCGTCCGAACC-1",3
"TGGACGCGTCTCCCTA-1",3
"TGGCCAGAGAAGGTGA-1",0
"TGGCCAGAGAGTACAT-1",2
"TGGCCAGAGGCGATAC-1",0
"TGGCCAGAGGCGTACA-1",4
"TGGCCAGCAACTGCGC-1",2
"TGGCCAGCACGACTCG-1",2
"TGGCCAGGTCAATACC-1",0
"TGGCCAGTCGTAGATC-1",3
"TGGCCAGTCTATCCCG-1",4
"TGGCGCAAGCTACCTA-1",0
"TGGCGCAAGCTATGCT-1",0
"TGGCGCAAGTGTGGCA-1",2
"TGGCGCAAGTTACCCA-1",8
"TGGCGCACACAGGCCT-1",2
"TGGCGCACACGGATAG-1",2
"TGGCGCACAGCGATCC-1",0
"TGGCGCACATAGGATA-1",0
"TGGCGCACATATACGC-1",0
"TGGCGCAGTACTCTCC-1",7
"TGGCGCAGTGGACGAT-1",6
"TGGCGCAGTTATGTGC-1",8
"TGGCGCATCAAGAAGT-1",1
"TGGCGCATCATGCTCC-1",1
"TGGCGCATCATGTGGT-1",5
"TGGCGCATCATTATCC-1",0
"TGGCGCATCGTGGTCG-1",4
"TGGCTGGAGCGGATCA-1",3
"TGGCTGGAGTGCAAGC-1",1
"TGGCTGGCAAGTTAAG-1",0
"TGGCTGGCACGGATAG-1",0
"TGGCTGGCAGGAACGT-1",3
"TGGCTGGGTCGAGTTT-1",3
"TGGCTGGGTCGGCATC-1",5
"TGGCTGGGTCTAGCCG-1",5
"TGGCTGGGTTACGCGC-1",3
"TGGCTGGGTTGGACCC-1",0
"TGGCTGGTCTCGTTTA-1",1
"TGGGAAGAGATATACG-1",0
"TGGGAAGAGCCCAATT-1",0
"TGGGAAGAGCGCTCCA-1",1
"TGGGAAGAGGGCTTCC-1",1
"TGGGAAGAGTAAGTAC-1",5
"TGGGAAGAGTTAACGA-1",3
"TGGGAAGCAAGGTGTG-1",1
"TGGGAAGCAGATCCAT-1",11
"TGGGAAGCAGCGAACA-1",0
"TGGGAAGGTAAGTTCC-1",1
"TGGGAAGGTTAGATGA-1",1
"TGGGAAGGTTATTCTC-1",9
"TGGGAAGTCCCAAGAT-1",4
"TGGGAAGTCCTTCAAT-1",1
"TGGGAAGTCGTGGACC-1",2
"TGGGAAGTCTCCTATA-1",2
"TGGGCGTAGTCTCCTC-1",1
"TGGGCGTCAGACGTAG-1",0
"TGGGCGTCAGGGATTG-1",9
"TGGGCGTGTCCAAGTT-1",0
"TGGGCGTGTCTAGAGG-1",2
"TGGGCGTGTGGCTCCA-1",4
"TGGGCGTGTTTCGCTC-1",0
"TGGGCGTTCAGCTTAG-1",0
"TGGTTAGAGCTACCTA-1",2
"TGGTTAGAGTTAGGTA-1",0
"TGGTTAGGTGATGATA-1",0
"TGGTTAGGTTCACGGC-1",6
"TGGTTAGTCCCGACTT-1",1
"TGGTTAGTCTTGTATC-1",2
"TGGTTCCAGCCGTCGT-1",1
"TGGTTCCAGTAATCCC-1",3
"TGGTTCCCAAGTTGTC-1",10
"TGGTTCCCAGACAAAT-1",2
"TGGTTCCCAGACAGGT-1",0
"TGGTTCCCAGCTCGAC-1",2
"TGGTTCCCATGTCCTC-1",3
"TGGTTCCCATTTCACT-1",1
"TGGTTCCGTCCAAGTT-1",2
"TGGTTCCTCACATACG-1",1
"TGGTTCCTCAGCTTAG-1",2
"TGGTTCCTCTAACTTC-1",4
"TGGTTCCTCTAGAGTC-1",1
"TGGTTCCTCTGGGCCA-1",0
"TGTATTCAGCCCGAAA-1",1
"TGTATTCAGCGATCCC-1",1
"TGTATTCCAGGGCATA-1",1
"TGTATTCGTAAGAGAG-1",0
"TGTATTCGTTTGTTTC-1",2
"TGTATTCTCAGCATGT-1",1
"TGTATTCTCATCTGTT-1",1
"TGTCCCAAGCAGATCG-1",5
"TGTCCCAAGCTAGTTC-1",0
"TGTCCCAAGCTGAACG-1",3
"TGTCCCAAGTTGTCGT-1",5
"TGTCCCACAGTAAGCG-1",3
"TGTCCCACATCACGTA-1",0
"TGTCCCAGTAAGAGGA-1",5
"TGTCCCAGTAAGTGGC-1",0
"TGTCCCAGTCGGATCC-1",2
"TGTCCCAGTCTCTTTA-1",1
"TGTCCCATCATTTGGG-1",3
"TGTCCCATCTGCAAGT-1",2
"TGTCCCATCTGCGTAA-1",0
"TGTGGTAGTCCCGACA-1",2
"TGTGGTAGTGTGAAAT-1",3
"TGTGGTAGTGTGACGA-1",1
"TGTGGTATCCAGGGCT-1",0
"TGTGGTATCTTGCATT-1",2
"TGTGTTTAGAGGTTAT-1",2
"TGTGTTTAGCGTGAGT-1",0
"TGTGTTTAGTGCGTGA-1",5
"TGTGTTTCATGCGCAC-1",2
"TGTGTTTTCTCATTCA-1",2
"TGTGTTTTCTTTCCTC-1",0
"TGTTCCGAGAGCAATT-1",0
"TGTTCCGAGCAACGGT-1",2
"TGTTCCGAGGAATTAC-1",3
"TGTTCCGAGGACTGGT-1",3
"TGTTCCGCAGTGAGTG-1",0
"TGTTCCGGTGAGTATA-1",3
"TGTTCCGTCAAGCCTA-1",3
"TGTTCCGTCAGTTCGA-1",10
"TGTTCCGTCGGCGGTT-1",6
"TGTTCCGTCTGAAAGA-1",0
"TGTTCCGTCTGGTATG-1",0
"TTAACTCAGTGTACGG-1",8
"TTAACTCCAAGCGCTC-1",0
"TTAACTCCAGGCAGTA-1",1
"TTAACTCGTTCCACAA-1",3
"TTAACTCTCATAAAGG-1",1
"TTAACTCTCCCTCAGT-1",6
"TTAGGACAGCAGGCTA-1",2
"TTAGGACAGCTCTCGG-1",7
"TTAGGACCAAGCCATT-1",0
"TTAGGACCAGTCAGAG-1",0
"TTAGGACGTTTGTTTC-1",5
"TTAGGCAAGAAGATTC-1",8
"TTAGGCAAGAGCCCAA-1",4
"TTAGGCAAGAGTGACC-1",0
"TTAGGCAAGGTTCCTA-1",6
"TTAGGCAAGTCGTTTG-1",1
"TTAGGCAAGTGTACCT-1",0
"TTAGGCACAGACGCTC-1",0
"TTAGGCACATGTTCCC-1",1
"TTAGGCAGTAAGGATT-1",2
"TTAGGCAGTAAGTAGT-1",0
"TTAGGCAGTCTTGATG-1",2
"TTAGGCATCACGCATA-1",5
"TTAGGCATCAGTCAGT-1",1
"TTAGGCATCCAGTATG-1",0
"TTAGGCATCGTTACGA-1",1
"TTAGTTCAGGTGCAAC-1",0
"TTAGTTCCAATGTAAG-1",0
"TTAGTTCCATCCTTGC-1",4
"TTAGTTCGTAGCCTAT-1",7
"TTAGTTCGTGCAGACA-1",1
"TTAGTTCGTGTCAATC-1",2
"TTAGTTCGTTGCCTCT-1",5
"TTAGTTCTCAGGCCCA-1",7
"TTAGTTCTCGCAGGCT-1",7
"TTAGTTCTCTACTATC-1",0
"TTATGCTAGAATGTGT-1",0
"TTATGCTAGCACACAG-1",0
"TTATGCTAGCAGCCTC-1",0
"TTATGCTAGTCCCACG-1",0
"TTATGCTAGTGGTAAT-1",0
"TTATGCTCAGCCAGAA-1",1
"TTATGCTCATACCATG-1",0
"TTATGCTCATGTAGTC-1",2
"TTATGCTGTCCGAGTC-1",4
"TTATGCTTCGATAGAA-1",3
"TTCCCAGAGAATTCCC-1",0
"TTCCCAGAGACTAGAT-1",6
"TTCCCAGAGTATCGAA-1",0
"TTCCCAGCAGATGGGT-1",4
"TTCCCAGCATCAGTAC-1",1
"TTCCCAGCATCTCCCA-1",2
"TTCCCAGCATTACCTT-1",0
"TTCCCAGTCAACACTG-1",3
"TTCCCAGTCGAGAGCA-1",0
"TTCGAAGAGTCTCAAC-1",2
"TTCGAAGCAAGCGCTC-1",1
"TTCGAAGCACATTAGC-1",4
"TTCGAAGCACGGTGTC-1",0
"TTCGGTCAGAGGACGG-1",2
"TTCGGTCAGCACACAG-1",5
"TTCGGTCAGGCCCTCA-1",3
"TTCGGTCAGTGAATTG-1",3
"TTCGGTCAGTTGAGAT-1",4
"TTCGGTCCAAGGGTCA-1",3
"TTCGGTCCACGTCAGC-1",1
"TTCGGTCGTAACGTTC-1",2
"TTCGGTCGTAGAGTGC-1",1
"TTCGGTCGTTCATGGT-1",2
"TTCGGTCGTTCTGTTT-1",2
"TTCGGTCTCAAAGACA-1",4
"TTCGGTCTCCAGTATG-1",2
"TTCGGTCTCGCGTTTC-1",2
"TTCGGTCTCGTCTGAA-1",1
"TTCTACAAGACTAAGT-1",6
"TTCTACAAGCAGCCTC-1",0
"TTCTACAAGCCTTGAT-1",2
"TTCTACAAGGCAGGTT-1",7
"TTCTACAAGGTAAACT-1",1
"TTCTACAAGTTAGGTA-1",6
"TTCTACACACGTGAGA-1",5
"TTCTACACAGCTGTTA-1",0
"TTCTACACATCGATTG-1",2
"TTCTACACATTACGAC-1",0
"TTCTACAGTACCGTTA-1",4
"TTCTACAGTATATGAG-1",1
"TTCTACAGTGGCTCCA-1",2
"TTCTACATCAACGGGA-1",6
"TTCTACATCCGCGTTT-1",2
"TTCTCAAAGAAAGTGG-1",6
"TTCTCAAAGAATCTCC-1",5
"TTCTCAAAGAGGTTAT-1",0
"TTCTCAAAGCAGCCTC-1",2
"TTCTCAAAGCCGCCTA-1",0
"TTCTCAAAGTCAATAG-1",3
"TTCTCAAAGTTGAGAT-1",7
"TTCTCAACACCCAGTG-1",2
"TTCTCAACATTGTGCA-1",7
"TTCTCAAGTATAAACG-1",1
"TTCTCAAGTCCCTTGT-1",0
"TTCTCAAGTCGAGATG-1",3
"TTCTCAATCATCGCTC-1",2
"TTCTCAATCCCTAACC-1",3
"TTCTCAATCGTAGGAG-1",3
"TTCTCCTAGAGTAAGG-1",2
"TTCTCCTAGCGACGTA-1",1
"TTCTCCTAGCGTGAGT-1",10
"TTCTCCTAGTCTCGGC-1",3
"TTCTCCTCAACACGCC-1",3
"TTCTCCTCAATAACGA-1",11
"TTCTCCTGTTAAGAAC-1",2
"TTCTCCTTCAGTTCGA-1",1
"TTCTCCTTCCGTAGGC-1",0
"TTCTCCTTCCTTTCTC-1",7
"TTCTCCTTCTGCAAGT-1",3
"TTCTCCTTCTTCAACT-1",4
"TTCTCCTTCTTGTACT-1",1
"TTCTTAGAGGACTGGT-1",3
"TTCTTAGCAAGGTGTG-1",2
"TTCTTAGCATCGGAAG-1",4
"TTCTTAGGTAGAAGGA-1",2
"TTCTTAGGTCATATGC-1",1
"TTCTTAGTCAGTTCGA-1",1
"TTGAACGGTCACTTCC-1",6
"TTGAACGTCATGTCCC-1",3
"TTGACTTAGCCACGTC-1",11
"TTGACTTAGCGACGTA-1",10
"TTGACTTAGTTAACGA-1",6
"TTGACTTCACTTACGA-1",0
"TTGACTTGTCTCTCTG-1",0
"TTGACTTGTGCGATAG-1",0
"TTGACTTTCCAGAGGA-1",0
"TTGACTTTCTGTCCGT-1",0
"TTGCCGTAGGAGCGTT-1",2
"TTGCCGTAGGTGGGTT-1",0
"TTGCCGTCATGGTCAT-1",1
"TTGCCGTGTACAGACG-1",0
"TTGCGTCAGACAGAGA-1",2
"TTGCGTCAGCTCCTTC-1",2
"TTGCGTCAGTCCATAC-1",0
"TTGCGTCAGTGAATTG-1",0
"TTGCGTCCAAATTGCC-1",1
"TTGCGTCCACTGTGTA-1",2
"TTGCGTCCAGTCACTA-1",1
"TTGCGTCGTCTGATTG-1",4
"TTGGAACAGCCCAATT-1",4
"TTGGAACAGCGTCTAT-1",2
"TTGGAACAGGCGTACA-1",1
"TTGGAACGTATTACCG-1",3
"TTGGAACGTGTGTGCC-1",0
"TTGGAACTCCCATTAT-1",0
"TTGGAACTCCGTAGTA-1",4
"TTGGAACTCGTCCAGG-1",2
"TTGGCAAAGTTAGGTA-1",9
"TTGGCAAGTATAGGTA-1",1
"TTGGCAATCACATGCA-1",0
"TTGGCAATCAGAGCTT-1",2
"TTGGCAATCGCATGAT-1",5
"TTGGCAATCTAGAGTC-1",1
"TTGTAGGAGGTGCTAG-1",1
"TTGTAGGCACACGCTG-1",0
"TTGTAGGGTCTCCCTA-1",0
"TTGTAGGGTGGTAACG-1",4
"TTGTAGGTCGGCGCTA-1",0
"TTGTAGGTCTGCCAGG-1",1
"TTTACTGAGATCACGG-1",1
"TTTACTGCAAAGCAAT-1",0
"TTTACTGCACATGGGA-1",0
"TTTACTGCACCACGTG-1",0
"TTTACTGCATGGGACA-1",1
"TTTACTGCATGTCCTC-1",2
"TTTACTGGTAACGTTC-1",1
"TTTACTGGTGGTGTAG-1",4
"TTTACTGGTTCGCTAA-1",9
"TTTACTGTCTGGAGCC-1",3
"TTTATGCAGACTGTAA-1",0
"TTTATGCAGATGCGAC-1",0
"TTTATGCAGGCAAAGA-1",5
"TTTATGCAGGCCCGTT-1",1
"TTTATGCAGTTCCACA-1",0
"TTTATGCCAAACGCGA-1",3
"TTTATGCCAATCTGCA-1",6
"TTTATGCCACAGGTTT-1",0
"TTTATGCCAGCCAATT-1",2
"TTTATGCCAGGTCGTC-1",11
"TTTATGCCATGGTCAT-1",1
"TTTATGCTCACATAGC-1",2
"TTTATGCTCACCTTAT-1",7
"TTTATGCTCGGCGGTT-1",0
"TTTATGCTCTCGCTTG-1",4
"TTTCCTCAGCGTGAAC-1",0
"TTTCCTCAGGACTGGT-1",4
"TTTCCTCCAAAGTGCG-1",4
"TTTCCTCCAGGAATGC-1",1
"TTTCCTCCATTAGCCA-1",0
"TTTCCTCGTCCGAAGA-1",0
"TTTCCTCGTCGCTTTC-1",0
"TTTCCTCTCGGCCGAT-1",3
"TTTCCTCTCGTGTAGT-1",0
"TTTGCGCAGCTAAACA-1",0
"TTTGCGCAGCTAGTCT-1",2
"TTTGCGCAGGCCGAAT-1",1
"TTTGCGCAGTCAAGGC-1",0
"TTTGCGCCAAGTAGTA-1",2
"TTTGCGCCAGGTGCCT-1",6
"TTTGCGCGTCTAAACC-1",5
"TTTGCGCTCAAAGTAG-1",0
"TTTGCGCTCATGTAGC-1",3
"TTTGGTTAGAATGTGT-1",2
"TTTGGTTAGACAATAC-1",5
"TTTGGTTAGCGATTCT-1",11
"TTTGGTTAGGCTCAGA-1",0
"TTTGGTTAGTTACCCA-1",2
"TTTGGTTCAAACTGCT-1",3
"TTTGGTTCAAGCTGTT-1",2
"TTTGGTTCAGATCGGA-1",0
"TTTGGTTCATCACAAC-1",6
"TTTGGTTGTACTTCTT-1",6
"TTTGGTTGTATGCTTG-1",1
"TTTGGTTGTGCTTCTC-1",0
"TTTGGTTTCATGCTCC-1",10
"TTTGGTTTCCCTGACT-1",7
"TTTGTCAAGAGTCGGT-1",3
"TTTGTCACAAGTTCTG-1",2
"TTTGTCACAAGTTGTC-1",1
"TTTGTCACACTCTGTC-1",1
"TTTGTCATCACCTTAT-1",2
"TTTGTCATCCATTCTA-1",9
"TTTGTCATCCTTAATC-1",0
"TTTGTCATCTTATCTG-1",0
